elapsed_s,robot,selected_event,uncontrollable_events,raw_zone
0.144,robot_2,EV_move_forward,EV_path_clear,CLEAR
0.444,robot_2,EV_move_forward,EV_path_clear,CLEAR
0.744,robot_2,EV_search_object,EV_path_clear,CLEAR
0.944,robot_2,EV_move_forward,EV_path_clear,CLEAR
1.244,robot_2,EV_approach_object,EV_path_clear,CLEAR
1.544,robot_2,EV_approach_object,EV_path_clear,CLEAR
1.844,robot_2,EV_search_object,EV_path_clear,CLEAR
2.044,robot_2,EV_move_forward,EV_path_clear,CLEAR
2.344,robot_2,EV_approach_object,EV_path_clear,CLEAR
2.644,robot_2,EV_move_forward,EV_path_clear,CLEAR
2.846,robot_2,EV_move_forward,EV_path_clear,CLEAR
3.053,robot_2,EV_search_object,EV_path_clear|EV_object_not_visible,CLEAR
3.164,robot_2,EV_move_forward,EV_path_clear,CLEAR
3.450,robot_2,EV_move_forward,EV_path_clear,CLEAR
3.667,robot_2,EV_move_forward,EV_path_clear,CLEAR
3.949,robot_2,EV_move_forward,EV_path_clear,CLEAR
4.157,robot_2,EV_move_forward,EV_object_reached|EV_path_clear,CLEAR
4.463,robot_2,EV_approach_object,EV_path_clear,CLEAR
4.668,robot_2,EV_pick_up_object,EV_path_clear,CLEAR
4.962,robot_2,EV_drop_zone_red,EV_blue_visible|EV_path_clear|EV_red_not_visible,CLEAR
5.058,robot_2,EV_search_color,EV_path_clear,CLEAR
5.168,robot_2,EV_move_forward,EV_path_clear,CLEAR
5.465,robot_2,EV_search_color,EV_path_clear,CLEAR
5.567,robot_2,EV_approach_color,EV_path_clear,CLEAR
5.865,robot_2,EV_approach_color,EV_path_clear,CLEAR
6.090,robot_2,EV_move_forward,EV_blue_visible|EV_path_clear|EV_red_not_visible,CLEAR
6.366,robot_2,EV_search_color,EV_path_clear,CLEAR
6.551,robot_2,EV_move_forward,EV_path_clear,CLEAR
6.782,robot_2,EV_search_color,EV_path_clear|EV_red_not_visible,CLEAR
6.957,robot_2,EV_approach_color,EV_blue_visible|EV_path_clear,CLEAR
7.160,robot_2,EV_search_color,EV_path_clear,CLEAR
7.357,robot_2,EV_move_forward,EV_path_clear,CLEAR
7.653,robot_2,EV_move_forward,EV_blue_visible|EV_path_clear|EV_red_not_visible,CLEAR
7.884,robot_2,EV_search_color,EV_path_clear,CLEAR
8.068,robot_2,EV_search_color,EV_path_clear,CLEAR
8.260,robot_2,EV_approach_color,EV_path_clear,CLEAR
8.477,robot_2,EV_move_forward,EV_path_clear,CLEAR
8.766,robot_2,EV_rotate_counterclockwise,EV_obstacle_right|EV_blue_visible|EV_red_not_visible,RIGHT
8.971,robot_2,EV_u_turn,EV_obstacle_right,RIGHT
12.774,robot_2,EV_move_forward,EV_blue_visible|EV_path_clear|EV_red_not_visible,CLEAR
13.065,robot_2,EV_approach_color,EV_blue_not_visible|EV_path_clear|EV_red_not_visible,CLEAR
13.354,robot_2,EV_approach_color,EV_path_clear,CLEAR
13.661,robot_2,EV_approach_color,EV_path_clear,CLEAR
13.876,robot_2,EV_approach_color,EV_blue_not_visible|EV_path_clear|EV_red_not_visible,CLEAR
14.165,robot_2,EV_approach_color,EV_path_clear,CLEAR
14.486,robot_2,EV_move_forward,EV_path_clear,CLEAR
14.757,robot_2,EV_approach_color,EV_blue_not_visible|EV_path_clear|EV_red_not_visible,CLEAR
15.058,robot_2,EV_approach_color,EV_path_clear,CLEAR
15.353,robot_2,EV_approach_color,EV_path_clear,CLEAR
15.556,robot_2,EV_approach_color,EV_path_clear,CLEAR
15.861,robot_2,EV_move_forward,EV_blue_not_visible|EV_path_clear|EV_red_not_visible,CLEAR
16.155,robot_2,EV_approach_color,EV_path_clear,CLEAR
16.365,robot_2,EV_search_color,EV_path_clear,CLEAR
16.559,robot_2,EV_approach_color,EV_path_clear|EV_red_not_visible,CLEAR
16.863,robot_2,EV_approach_color,EV_blue_not_visible|EV_path_clear,CLEAR
17.166,robot_2,EV_move_forward,EV_path_clear,CLEAR
17.488,robot_2,EV_search_color,EV_path_clear|EV_red_not_visible,CLEAR
17.645,robot_2,EV_move_forward,EV_blue_not_visible|EV_path_clear,CLEAR
17.953,robot_2,EV_move_forward,EV_path_clear,CLEAR
18.164,robot_2,EV_search_color,EV_path_clear,CLEAR
18.350,robot_2,EV_approach_color,EV_blue_not_visible|EV_path_clear|EV_red_not_visible,CLEAR
18.584,robot_2,EV_search_color,EV_path_clear,CLEAR
18.773,robot_2,EV_approach_color,EV_path_clear,CLEAR
19.055,robot_2,EV_search_color,EV_path_clear,CLEAR
19.171,robot_2,EV_search_color,EV_path_clear|EV_red_not_visible,CLEAR
19.348,robot_2,EV_move_forward,EV_blue_not_visible|EV_path_clear,CLEAR
19.674,robot_2,EV_move_forward,EV_path_clear,CLEAR
19.986,robot_2,EV_move_forward,EV_path_clear,CLEAR
20.274,robot_2,EV_approach_color,EV_blue_not_visible|EV_path_clear|EV_red_not_visible,CLEAR
20.569,robot_2,EV_approach_color,EV_path_clear,CLEAR
20.853,robot_2,EV_approach_color,EV_path_clear,CLEAR
21.177,robot_2,EV_move_forward,EV_blue_not_visible|EV_path_clear|EV_red_not_visible,CLEAR
21.454,robot_2,EV_move_forward,EV_path_clear,CLEAR
21.787,robot_2,EV_search_color,EV_path_clear,CLEAR
21.979,robot_2,EV_search_color,EV_path_clear,CLEAR
22.174,robot_2,EV_approach_color,EV_blue_not_visible|EV_path_clear|EV_red_not_visible,CLEAR
22.447,robot_2,EV_move_forward,EV_path_clear,CLEAR
22.777,robot_2,EV_search_color,EV_path_clear,CLEAR
22.955,robot_2,EV_search_color,EV_blue_not_visible|EV_path_clear|EV_red_not_visible,CLEAR
23.150,robot_2,EV_approach_color,EV_path_clear,CLEAR
23.362,robot_2,EV_approach_color,EV_path_clear,CLEAR
23.676,robot_2,EV_move_forward,EV_path_clear,CLEAR
23.971,robot_2,EV_approach_color,EV_blue_not_visible|EV_path_clear|EV_red_not_visible,CLEAR
24.260,robot_2,EV_search_color,EV_path_clear,CLEAR
24.475,robot_2,EV_move_forward,EV_path_clear,CLEAR
24.762,robot_2,EV_approach_color,EV_blue_not_visible|EV_path_clear|EV_red_not_visible,CLEAR
25.053,robot_2,EV_approach_color,EV_path_clear,CLEAR
25.281,robot_2,EV_approach_color,EV_path_clear,CLEAR
25.572,robot_2,EV_approach_color,EV_path_clear|EV_red_not_visible,CLEAR
25.873,robot_2,EV_move_forward,EV_blue_not_visible|EV_path_clear,CLEAR
26.177,robot_2,EV_move_forward,EV_path_clear,CLEAR
26.483,robot_2,EV_rotate_clockwise,EV_blue_not_visible|EV_obstacle_left|EV_red_not_visible,LEFT
26.655,robot_2,EV_u_turn,EV_obstacle_left,LEFT
30.595,robot_2,EV_rotate_counterclockwise,EV_obstacle_right|EV_blue_not_visible|EV_red_not_visible,RIGHT
33.346,robot_2,EV_search_color,EV_recieve_drop_zone_red|EV_blue_not_visible|EV_path_clear|EV_red_visible,CLEAR
33.558,robot_2,EV_search_color,EV_path_clear,CLEAR
33.756,robot_2,EV_approach_color,EV_blue_visible|EV_path_clear|EV_red_visible,CLEAR
34.055,robot_2,EV_move_forward,EV_path_clear,CLEAR
34.377,robot_2,EV_move_forward,EV_path_clear,CLEAR
34.656,robot_2,EV_approach_color,EV_blue_visible|EV_path_clear|EV_red_visible,CLEAR
34.965,robot_2,EV_approach_color,EV_path_clear,CLEAR
35.185,robot_2,EV_approach_color,EV_path_clear,CLEAR
35.476,robot_2,EV_move_forward,EV_blue_visible|EV_path_clear|EV_red_visible,CLEAR
35.747,robot_2,EV_move_forward,EV_path_clear,CLEAR
36.047,robot_2,EV_search_color,EV_path_clear,CLEAR
36.174,robot_2,EV_move_forward,EV_path_clear,CLEAR
36.462,robot_2,EV_approach_color,EV_blue_visible|EV_path_clear|EV_red_visible,CLEAR
36.764,robot_2,EV_move_forward,EV_path_clear,CLEAR
37.086,robot_2,EV_move_forward,EV_path_clear,CLEAR
37.366,robot_2,EV_approach_color,EV_blue_visible|EV_path_clear|EV_red_not_visible,CLEAR
37.693,robot_2,EV_move_forward,EV_path_clear,CLEAR
37.969,robot_2,EV_approach_color,EV_path_clear|EV_red_not_visible,CLEAR
38.256,robot_2,EV_search_color,EV_blue_visible|EV_path_clear,CLEAR
38.458,robot_2,EV_search_color,EV_path_clear,CLEAR
38.658,robot_2,EV_move_forward,EV_path_clear,CLEAR
38.863,robot_2,EV_search_color,EV_blue_visible|EV_path_clear|EV_red_not_visible,CLEAR
39.067,robot_2,EV_approach_color,EV_path_clear,CLEAR
39.348,robot_2,EV_approach_color,EV_path_clear,CLEAR
39.669,robot_2,EV_search_color,EV_blue_visible|EV_path_clear|EV_red_not_visible,CLEAR
39.783,robot_2,EV_approach_color,EV_path_clear,CLEAR
40.055,robot_2,EV_move_forward,EV_path_clear,CLEAR
40.371,robot_2,EV_search_color,EV_path_clear,CLEAR
40.563,robot_2,EV_approach_color,EV_path_clear,CLEAR
40.854,robot_2,EV_search_color,EV_blue_visible|EV_path_clear|EV_red_not_visible,CLEAR
40.973,robot_2,EV_search_color,EV_path_clear,CLEAR
41.164,robot_2,EV_move_forward,EV_path_clear,CLEAR
41.455,robot_2,EV_search_color,EV_path_clear|EV_red_not_visible,CLEAR
41.663,robot_2,EV_search_color,EV_blue_visible|EV_path_clear,CLEAR
41.850,robot_2,EV_approach_color,EV_path_clear,CLEAR
42.151,robot_2,EV_move_forward,EV_path_clear,CLEAR
42.352,robot_2,EV_search_color,EV_path_clear,CLEAR
42.475,robot_2,EV_search_color,EV_path_clear,CLEAR
42.667,robot_2,EV_search_color,EV_blue_visible|EV_path_clear|EV_red_not_visible,CLEAR
42.874,robot_2,EV_search_color,EV_path_clear,CLEAR
43.045,robot_2,EV_search_color,EV_path_clear,CLEAR
43.181,robot_2,EV_move_forward,EV_path_clear,CLEAR
43.467,robot_2,EV_approach_color,EV_blue_visible|EV_path_clear|EV_red_not_visible,CLEAR
43.757,robot_2,EV_approach_color,EV_path_clear,CLEAR
44.065,robot_2,EV_search_color,EV_path_clear,CLEAR
44.263,robot_2,EV_approach_color,EV_path_clear|EV_red_not_visible,CLEAR
44.488,robot_2,EV_move_forward,EV_blue_visible|EV_path_clear,CLEAR
44.760,robot_2,EV_move_forward,EV_path_clear,CLEAR
45.070,robot_2,EV_move_forward,EV_path_clear,CLEAR
45.358,robot_2,EV_search_color,EV_blue_visible|EV_path_clear|EV_red_not_visible,CLEAR
45.565,robot_2,EV_move_forward,EV_path_clear,CLEAR
45.856,robot_2,EV_search_color,EV_path_clear,CLEAR
46.076,robot_2,EV_move_backward,EV_obstacle_front,CORNER
46.283,robot_2,EV_rotate_clockwise,EV_blue_visible|EV_obstacle_front|EV_red_not_visible,CORNER
46.482,robot_2,EV_rotate_clockwise,EV_obstacle_front,CORNER
46.656,robot_2,EV_move_backward,EV_obstacle_front,CORNER
46.956,robot_2,EV_move_forward,EV_path_clear|EV_red_not_visible,CLEAR
47.165,robot_2,EV_search_color,EV_blue_visible|EV_path_clear,CLEAR
47.367,robot_2,EV_search_color,EV_path_clear,CLEAR
47.557,robot_2,EV_move_forward,EV_path_clear,CLEAR
47.855,robot_2,EV_search_color,EV_path_clear|EV_red_not_visible,CLEAR
48.058,robot_2,EV_move_forward,EV_blue_visible|EV_path_clear,CLEAR
48.350,robot_2,EV_approach_color,EV_path_clear,CLEAR
48.574,robot_2,EV_approach_color,EV_path_clear,CLEAR
48.875,robot_2,EV_u_turn,EV_obstacle_right|EV_blue_visible|EV_red_not_visible,RIGHT
52.657,robot_2,EV_move_forward,EV_blue_visible|EV_path_clear|EV_red_not_visible,CLEAR
52.871,robot_2,EV_search_color,EV_path_clear,CLEAR
53.082,robot_2,EV_move_forward,EV_path_clear,CLEAR
53.359,robot_2,EV_move_forward,EV_path_clear,CLEAR
53.586,robot_2,EV_approach_color,EV_blue_visible|EV_path_clear|EV_red_not_visible,CLEAR
53.860,robot_2,EV_search_color,EV_path_clear,CLEAR
53.981,robot_2,EV_move_forward,EV_path_clear,CLEAR
54.270,robot_2,EV_move_forward,EV_path_clear,CLEAR
54.558,robot_2,EV_search_color,EV_path_clear,CLEAR
54.752,robot_2,EV_approach_color,EV_blue_not_visible|EV_path_clear|EV_red_not_visible,CLEAR
54.970,robot_2,EV_approach_color,EV_path_clear,CLEAR
55.277,robot_2,EV_move_forward,EV_path_clear,CLEAR
55.564,robot_2,EV_search_color,EV_path_clear|EV_red_not_visible,CLEAR
55.753,robot_2,EV_search_color,EV_blue_not_visible|EV_path_clear,CLEAR
55.967,robot_2,EV_move_forward,EV_path_clear,CLEAR
56.182,robot_2,EV_move_forward,EV_path_clear,CLEAR
56.458,robot_2,EV_move_forward,EV_path_clear,CLEAR
56.773,robot_2,EV_approach_color,EV_blue_not_visible|EV_path_clear|EV_red_not_visible,CLEAR
57.062,robot_2,EV_move_forward,EV_path_clear,CLEAR
57.367,robot_2,EV_search_color,EV_path_clear,CLEAR
57.565,robot_2,EV_search_color,EV_path_clear|EV_red_not_visible,CLEAR
57.749,robot_2,EV_search_color,EV_blue_not_visible|EV_path_clear,CLEAR
57.959,robot_2,EV_approach_color,EV_path_clear,CLEAR
58.172,robot_2,EV_move_forward,EV_path_clear,CLEAR
58.464,robot_2,EV_move_forward,EV_blue_not_visible|EV_path_clear|EV_red_not_visible,CLEAR
58.748,robot_2,EV_move_forward,EV_path_clear,CLEAR
58.952,robot_2,EV_move_forward,EV_recieve_drop_zone_blue|EV_path_clear,CLEAR
59.274,robot_2,EV_approach_color,EV_path_clear,CLEAR
59.579,robot_2,EV_search_color,EV_blue_not_visible|EV_path_clear|EV_red_not_visible,CLEAR
59.751,robot_2,EV_approach_color,EV_path_clear,CLEAR
60.074,robot_2,EV_move_forward,EV_path_clear,CLEAR
60.351,robot_2,EV_move_forward,EV_blue_not_visible|EV_path_clear|EV_red_not_visible,CLEAR
60.675,robot_2,EV_move_forward,EV_path_clear,CLEAR
60.978,robot_2,EV_approach_color,EV_path_clear,CLEAR
61.249,robot_2,EV_approach_color,EV_blue_not_visible|EV_path_clear|EV_red_not_visible,CLEAR
61.559,robot_2,EV_approach_color,EV_path_clear,CLEAR
61.860,robot_2,EV_approach_color,EV_path_clear,CLEAR
62.072,robot_2,EV_approach_color,EV_path_clear,CLEAR
62.366,robot_2,EV_search_color,EV_blue_not_visible|EV_path_clear|EV_red_not_visible,CLEAR
62.572,robot_2,EV_search_color,EV_path_clear,CLEAR
62.760,robot_2,EV_approach_color,EV_path_clear,CLEAR
63.053,robot_2,EV_move_forward,EV_path_clear,CLEAR
63.367,robot_2,EV_search_color,EV_blue_not_visible|EV_path_clear|EV_red_not_visible,CLEAR
63.559,robot_2,EV_move_forward,EV_path_clear,CLEAR
63.779,robot_2,EV_search_color,EV_path_clear,CLEAR
63.957,robot_2,EV_approach_color,EV_path_clear,CLEAR
64.257,robot_2,EV_move_forward,EV_blue_not_visible|EV_path_clear|EV_red_not_visible,CLEAR
64.551,robot_2,EV_search_color,EV_path_clear,CLEAR
64.656,robot_2,EV_approach_color,EV_path_clear,CLEAR
64.864,robot_2,EV_search_color,EV_path_clear,CLEAR
64.971,robot_2,EV_approach_color,EV_path_clear,CLEAR
65.179,robot_2,EV_move_forward,EV_path_clear|EV_red_not_visible,CLEAR
65.463,robot_2,EV_move_forward,EV_blue_not_visible|EV_path_clear,CLEAR
65.776,robot_2,EV_approach_color,EV_path_clear,CLEAR
66.065,robot_2,EV_search_color,EV_blue_not_visible|EV_path_clear|EV_red_not_visible,CLEAR
66.256,robot_2,EV_approach_color,EV_path_clear,CLEAR
66.466,robot_2,EV_move_forward,EV_path_clear,CLEAR
66.693,robot_2,EV_approach_color,EV_path_clear,CLEAR
66.955,robot_2,EV_search_color,EV_blue_not_visible|EV_path_clear|EV_red_not_visible,CLEAR
67.155,robot_2,EV_move_forward,EV_path_clear,CLEAR
67.365,robot_2,EV_move_forward,EV_path_clear,CLEAR
67.673,robot_2,EV_search_color,EV_path_clear,CLEAR
67.860,robot_2,EV_approach_color,EV_blue_not_visible|EV_path_clear|EV_red_not_visible,CLEAR
68.160,robot_2,EV_search_color,EV_path_clear,CLEAR
68.372,robot_2,EV_search_color,EV_path_clear,CLEAR
68.564,robot_2,EV_search_color,EV_path_clear,CLEAR
68.680,robot_2,EV_approach_color,EV_path_clear|EV_red_not_visible,CLEAR
68.964,robot_2,EV_search_color,EV_blue_not_visible|EV_path_clear,CLEAR
69.070,robot_2,EV_move_forward,EV_path_clear,CLEAR
69.383,robot_2,EV_approach_color,EV_path_clear,CLEAR
69.655,robot_2,EV_approach_color,EV_blue_not_visible|EV_path_clear|EV_red_not_visible,CLEAR
69.883,robot_2,EV_approach_color,EV_path_clear,CLEAR
70.165,robot_2,EV_move_forward,EV_path_clear,CLEAR
70.472,robot_2,EV_approach_color,EV_path_clear,CLEAR
70.763,robot_2,EV_search_color,EV_blue_not_visible|EV_path_clear|EV_red_not_visible,CLEAR
70.958,robot_2,EV_move_forward,EV_path_clear,CLEAR
71.257,robot_2,EV_approach_color,EV_path_clear,CLEAR
71.569,robot_2,EV_search_color,EV_blue_not_visible|EV_path_clear|EV_red_not_visible,CLEAR
71.751,robot_2,EV_approach_color,EV_path_clear,CLEAR
72.066,robot_2,EV_move_forward,EV_path_clear,CLEAR
72.385,robot_2,EV_move_forward,EV_path_clear|EV_red_not_visible,CLEAR
72.663,robot_2,EV_move_forward,EV_blue_not_visible|EV_path_clear,CLEAR
72.969,robot_2,EV_approach_color,EV_path_clear,CLEAR
73.179,robot_2,EV_search_color,EV_path_clear,CLEAR
73.388,robot_2,EV_approach_color,EV_path_clear|EV_red_not_visible,CLEAR
73.658,robot_2,EV_approach_color,EV_blue_not_visible|EV_path_clear,CLEAR
73.964,robot_2,EV_approach_color,EV_path_clear,CLEAR
74.269,robot_2,EV_move_forward,EV_path_clear|EV_red_not_visible,CLEAR
74.573,robot_2,EV_approach_color,EV_blue_not_visible|EV_path_clear,CLEAR
74.856,robot_2,EV_search_color,EV_path_clear,CLEAR
75.063,robot_2,EV_approach_color,EV_path_clear,CLEAR
75.372,robot_2,EV_rotate_clockwise,EV_blue_not_visible|EV_obstacle_left|EV_red_not_visible,LEFT
75.568,robot_2,EV_rotate_clockwise,EV_obstacle_left,LEFT
75.775,robot_2,EV_rotate_clockwise,EV_obstacle_left,LEFT
75.971,robot_2,EV_u_turn,EV_obstacle_left,LEFT
79.752,robot_2,EV_rotate_counterclockwise,EV_recieve_drop_zone_blue|EV_obstacle_right|EV_blue_not_visible|EV_red_not_visible,RIGHT
82.572,robot_2,EV_search_color,EV_blue_not_visible|EV_path_clear|EV_red_visible,CLEAR
82.766,robot_2,EV_approach_color,EV_path_clear,CLEAR
83.054,robot_2,EV_approach_color,EV_path_clear,CLEAR
83.352,robot_2,EV_move_forward,EV_blue_not_visible|EV_path_clear|EV_red_visible,CLEAR
83.662,robot_2,EV_approach_color,EV_path_clear,CLEAR
83.957,robot_2,EV_approach_color,EV_path_clear|EV_red_visible,CLEAR
84.250,robot_2,EV_search_color,EV_blue_visible|EV_path_clear,CLEAR
84.459,robot_2,EV_move_forward,EV_path_clear,CLEAR
84.754,robot_2,EV_search_color,EV_blue_visible|EV_path_clear|EV_red_visible,CLEAR
84.976,robot_2,EV_approach_color,EV_path_clear,CLEAR
85.268,robot_2,EV_approach_color,EV_path_clear,CLEAR
85.560,robot_2,EV_search_color,EV_blue_visible|EV_path_clear|EV_red_visible,CLEAR
85.676,robot_2,EV_approach_color,EV_path_clear,CLEAR
85.968,robot_2,EV_move_forward,EV_path_clear,CLEAR
86.263,robot_2,EV_search_color,EV_path_clear,CLEAR
86.470,robot_2,EV_approach_color,EV_path_clear|EV_red_visible,CLEAR
86.774,robot_2,EV_search_color,EV_blue_visible|EV_path_clear,CLEAR
86.969,robot_2,EV_approach_color,EV_path_clear,CLEAR
87.182,robot_2,EV_search_color,EV_path_clear,CLEAR
87.364,robot_2,EV_search_color,EV_path_clear|EV_red_visible,CLEAR
87.549,robot_2,EV_search_color,EV_blue_visible|EV_path_clear,CLEAR
87.673,robot_2,EV_approach_color,EV_path_clear,CLEAR
87.960,robot_2,EV_move_forward,EV_path_clear,CLEAR
88.274,robot_2,EV_search_color,EV_blue_visible|EV_path_clear|EV_red_visible,CLEAR
88.450,robot_2,EV_approach_color,EV_path_clear,CLEAR
88.675,robot_2,EV_move_forward,EV_path_clear,CLEAR
88.982,robot_2,EV_move_forward,EV_path_clear|EV_red_visible,CLEAR
89.250,robot_2,EV_search_color,EV_blue_visible|EV_path_clear,CLEAR
89.366,robot_2,EV_search_color,EV_path_clear,CLEAR
89.467,robot_2,EV_approach_color,EV_path_clear,CLEAR
89.764,robot_2,EV_approach_color,EV_path_clear,CLEAR
90.049,robot_2,EV_move_forward,EV_blue_visible|EV_path_clear|EV_red_visible,CLEAR
90.363,robot_2,EV_search_color,EV_path_clear,CLEAR
90.469,robot_2,EV_approach_color,EV_path_clear,CLEAR
90.693,robot_2,EV_search_color,EV_path_clear,CLEAR
90.876,robot_2,EV_approach_color,EV_blue_visible|EV_path_clear|EV_red_not_visible,CLEAR
91.169,robot_2,EV_search_color,EV_path_clear,CLEAR
91.351,robot_2,EV_move_forward,EV_path_clear,CLEAR
91.578,robot_2,EV_search_color,EV_path_clear|EV_red_not_visible,CLEAR
91.755,robot_2,EV_approach_color,EV_blue_visible|EV_path_clear,CLEAR
92.047,robot_2,EV_move_forward,EV_path_clear,CLEAR
92.262,robot_2,EV_approach_color,EV_path_clear,CLEAR
92.473,robot_2,EV_move_forward,EV_blue_visible|EV_path_clear|EV_red_not_visible,CLEAR
92.771,robot_2,EV_move_forward,EV_path_clear,CLEAR
93.049,robot_2,EV_approach_color,EV_path_clear,CLEAR
93.261,robot_2,EV_search_color,EV_path_clear,CLEAR
93.363,robot_2,EV_search_color,EV_path_clear,CLEAR
93.568,robot_2,EV_search_color,EV_blue_visible|EV_path_clear|EV_red_not_visible,CLEAR
93.771,robot_2,EV_approach_color,EV_path_clear,CLEAR
94.059,robot_2,EV_move_forward,EV_path_clear,CLEAR
94.291,robot_2,EV_approach_color,EV_path_clear|EV_red_not_visible,CLEAR
94.559,robot_2,EV_approach_color,EV_blue_visible|EV_path_clear,CLEAR
94.767,robot_2,EV_approach_color,EV_path_clear,CLEAR
95.071,robot_2,EV_approach_color,EV_path_clear,CLEAR
95.274,robot_2,EV_move_forward,EV_blue_visible|EV_path_clear|EV_red_not_visible,CLEAR
95.557,robot_2,EV_search_color,EV_path_clear,CLEAR
95.746,robot_2,EV_approach_color,EV_path_clear,CLEAR
96.089,robot_2,EV_search_color,EV_path_clear,CLEAR
96.275,robot_2,EV_search_color,EV_blue_visible|EV_path_clear|EV_red_not_visible,CLEAR
96.461,robot_2,EV_search_color,EV_path_clear,CLEAR
96.649,robot_2,EV_move_forward,EV_path_clear,CLEAR
96.862,robot_2,EV_approach_color,EV_path_clear,CLEAR
97.166,robot_2,EV_approach_color,EV_blue_visible|EV_path_clear|EV_red_not_visible,CLEAR
97.472,robot_2,EV_move_forward,EV_path_clear,CLEAR
97.759,robot_2,EV_approach_color,EV_path_clear,CLEAR
98.076,robot_2,EV_move_forward,EV_blue_visible|EV_path_clear|EV_red_not_visible,CLEAR
98.374,robot_2,EV_move_forward,EV_path_clear,CLEAR
98.659,robot_2,EV_search_color,EV_path_clear,CLEAR
98.853,robot_2,EV_move_forward,EV_blue_visible|EV_path_clear|EV_red_not_visible,CLEAR
99.160,robot_2,EV_approach_color,EV_path_clear,CLEAR
99.453,robot_2,EV_move_forward,EV_path_clear,CLEAR
99.678,robot_2,EV_move_forward,EV_path_clear,CLEAR
99.982,robot_2,EV_approach_color,EV_blue_visible|EV_path_clear|EV_red_not_visible,CLEAR
100.246,robot_2,EV_search_color,EV_path_clear,CLEAR
100.470,robot_2,EV_approach_color,EV_path_clear,CLEAR
100.766,robot_2,EV_approach_color,EV_blue_visible|EV_path_clear|EV_red_not_visible,CLEAR
101.069,robot_2,EV_move_forward,EV_path_clear,CLEAR
101.352,robot_2,EV_move_forward,EV_path_clear,CLEAR
101.654,robot_2,EV_approach_color,EV_blue_visible|EV_path_clear|EV_red_not_visible,CLEAR
101.957,robot_2,EV_approach_color,EV_path_clear,CLEAR
102.248,robot_2,EV_search_color,EV_path_clear,CLEAR
102.351,robot_2,EV_move_forward,EV_path_clear,CLEAR
102.653,robot_2,EV_search_color,EV_blue_visible|EV_path_clear|EV_red_not_visible,CLEAR
102.775,robot_2,EV_approach_color,EV_path_clear,CLEAR
103.067,robot_2,EV_approach_color,EV_path_clear,CLEAR
103.349,robot_2,EV_move_forward,EV_blue_visible|EV_path_clear|EV_red_not_visible,CLEAR
103.655,robot_2,EV_search_color,EV_path_clear,CLEAR
103.864,robot_2,EV_approach_color,EV_path_clear,CLEAR
104.076,robot_2,EV_approach_color,EV_path_clear,CLEAR
104.361,robot_2,EV_search_color,EV_blue_visible|EV_path_clear|EV_red_not_visible,CLEAR
104.482,robot_2,EV_approach_color,EV_path_clear,CLEAR
104.753,robot_2,EV_move_forward,EV_path_clear,CLEAR
105.068,robot_2,EV_approach_color,EV_path_clear|EV_red_not_visible,CLEAR
105.352,robot_2,EV_move_forward,EV_blue_visible|EV_path_clear,CLEAR
105.577,robot_2,EV_approach_color,EV_path_clear,CLEAR
105.872,robot_2,EV_search_color,EV_path_clear,CLEAR
106.056,robot_2,EV_move_forward,EV_blue_visible|EV_path_clear|EV_red_not_visible,CLEAR
106.278,robot_2,EV_approach_color,EV_path_clear,CLEAR
106.564,robot_2,EV_move_forward,EV_path_clear,CLEAR
106.865,robot_2,EV_move_forward,EV_path_clear|EV_red_not_visible,CLEAR
107.178,robot_2,EV_move_forward,EV_blue_visible|EV_path_clear,CLEAR
107.465,robot_2,EV_search_color,EV_path_clear,CLEAR
107.663,robot_2,EV_search_color,EV_path_clear|EV_red_not_visible,CLEAR
107.863,robot_2,EV_approach_color,EV_blue_visible|EV_path_clear,CLEAR
108.181,robot_2,EV_approach_color,EV_path_clear,CLEAR
108.450,robot_2,EV_move_forward,EV_path_clear,CLEAR
108.668,robot_2,EV_approach_color,EV_blue_visible|EV_path_clear|EV_red_not_visible,CLEAR
108.949,robot_2,EV_search_color,EV_path_clear,CLEAR
109.087,robot_2,EV_approach_color,EV_path_clear,CLEAR
109.384,robot_2,EV_move_forward,EV_blue_visible|EV_path_clear|EV_red_not_visible,CLEAR
109.677,robot_2,EV_move_forward,EV_path_clear,CLEAR
109.883,robot_2,EV_approach_color,EV_path_clear,CLEAR
110.147,robot_2,EV_search_color,EV_path_clear,CLEAR
110.277,robot_2,EV_search_color,EV_path_clear|EV_red_not_visible,CLEAR
110.452,robot_2,EV_search_color,EV_blue_visible|EV_path_clear,CLEAR
110.651,robot_2,EV_move_forward,EV_path_clear,CLEAR
110.889,robot_2,EV_approach_color,EV_path_clear,CLEAR
111.154,robot_2,EV_move_forward,EV_blue_visible|EV_path_clear|EV_red_not_visible,CLEAR
111.470,robot_2,EV_approach_color,EV_path_clear,CLEAR
111.772,robot_2,EV_move_forward,EV_path_clear,CLEAR
112.051,robot_2,EV_u_turn,EV_blue_visible|EV_obstacle_left|EV_red_not_visible,LEFT
115.867,robot_2,EV_move_forward,EV_blue_visible|EV_path_clear|EV_red_not_visible,CLEAR
116.169,robot_2,EV_search_color,EV_path_clear,CLEAR
116.375,robot_2,EV_approach_color,EV_blue_visible|EV_path_clear|EV_red_not_visible,CLEAR
116.667,robot_2,EV_search_color,EV_path_clear,CLEAR
116.851,robot_2,EV_move_forward,EV_path_clear,CLEAR
117.054,robot_2,EV_move_forward,EV_path_clear,CLEAR
117.277,robot_2,EV_approach_color,EV_blue_visible|EV_path_clear|EV_red_not_visible,CLEAR
117.585,robot_2,EV_approach_color,EV_path_clear,CLEAR
117.867,robot_2,EV_approach_color,EV_path_clear,CLEAR
118.159,robot_2,EV_search_color,EV_blue_not_visible|EV_path_clear|EV_red_not_visible,CLEAR
118.369,robot_2,EV_approach_color,EV_path_clear,CLEAR
118.667,robot_2,EV_move_forward,EV_path_clear,CLEAR
118.872,robot_2,EV_search_color,EV_blue_not_visible|EV_path_clear|EV_red_not_visible,CLEAR
119.075,robot_2,EV_move_forward,EV_path_clear,CLEAR
119.360,robot_2,EV_move_forward,EV_path_clear,CLEAR
119.570,robot_2,EV_approach_color,EV_path_clear,CLEAR
119.850,robot_2,EV_search_color,EV_blue_not_visible|EV_path_clear|EV_red_not_visible,CLEAR
120.058,robot_2,EV_approach_color,EV_path_clear,CLEAR
120.264,robot_2,EV_approach_color,EV_path_clear,CLEAR
120.571,robot_2,EV_move_forward,EV_path_clear,CLEAR
120.848,robot_2,EV_search_color,EV_blue_not_visible|EV_path_clear|EV_red_not_visible,CLEAR
121.062,robot_2,EV_approach_color,EV_path_clear,CLEAR
121.367,robot_2,EV_search_color,EV_path_clear,CLEAR
121.479,robot_2,EV_approach_color,EV_path_clear,CLEAR
121.752,robot_2,EV_search_color,EV_blue_not_visible|EV_path_clear|EV_red_not_visible,CLEAR
121.969,robot_2,EV_approach_color,EV_path_clear,CLEAR
122.263,robot_2,EV_move_forward,EV_path_clear,CLEAR
122.478,robot_2,EV_search_color,EV_path_clear|EV_red_not_visible,CLEAR
122.668,robot_2,EV_approach_color,EV_blue_not_visible|EV_path_clear,CLEAR
122.947,robot_2,EV_search_color,EV_path_clear,CLEAR
123.059,robot_2,EV_approach_color,EV_path_clear,CLEAR
123.363,robot_2,EV_move_forward,EV_blue_not_visible|EV_path_clear|EV_red_not_visible,CLEAR
123.666,robot_2,EV_approach_color,EV_path_clear,CLEAR
123.944,robot_2,EV_approach_color,EV_path_clear,CLEAR
124.175,robot_2,EV_search_color,EV_blue_not_visible|EV_path_clear|EV_red_not_visible,CLEAR
124.365,robot_2,EV_search_color,EV_path_clear,CLEAR
124.559,robot_2,EV_approach_color,EV_path_clear,CLEAR
124.873,robot_2,EV_move_forward,EV_path_clear,CLEAR
125.158,robot_2,EV_move_forward,EV_blue_not_visible|EV_path_clear|EV_red_not_visible,CLEAR
125.447,robot_2,EV_approach_color,EV_path_clear,CLEAR
125.674,robot_2,EV_move_forward,EV_path_clear,CLEAR
125.956,robot_2,EV_search_color,EV_blue_not_visible|EV_path_clear|EV_red_not_visible,CLEAR
126.172,robot_2,EV_search_color,EV_path_clear,CLEAR
126.355,robot_2,EV_approach_color,EV_path_clear,CLEAR
126.669,robot_2,EV_move_forward,EV_path_clear,CLEAR
126.962,robot_2,EV_approach_color,EV_blue_not_visible|EV_path_clear|EV_red_not_visible,CLEAR
127.181,robot_2,EV_search_color,EV_path_clear,CLEAR
127.354,robot_2,EV_search_color,EV_path_clear,CLEAR
127.559,robot_2,EV_approach_color,EV_path_clear,CLEAR
127.771,robot_2,EV_move_forward,EV_blue_not_visible|EV_path_clear|EV_red_not_visible,CLEAR
128.071,robot_2,EV_search_color,EV_path_clear,CLEAR
128.280,robot_2,EV_search_color,EV_path_clear,CLEAR
128.467,robot_2,EV_rotate_clockwise,EV_blue_not_visible|EV_obstacle_left|EV_red_not_visible,LEFT
128.668,robot_2,EV_u_turn,EV_obstacle_left,LEFT
132.468,robot_2,EV_approach_color,EV_blue_not_visible|EV_path_clear|EV_red_not_visible,CLEAR
132.694,robot_2,EV_approach_color,EV_path_clear,CLEAR
132.965,robot_2,EV_search_color,EV_blue_not_visible|EV_path_clear|EV_red_not_visible,CLEAR
133.175,robot_2,EV_approach_color,EV_path_clear,CLEAR
133.453,robot_2,EV_approach_color,EV_path_clear,CLEAR
133.673,robot_2,EV_move_forward,EV_path_clear,CLEAR
133.966,robot_2,EV_approach_color,EV_blue_not_visible|EV_path_clear|EV_red_visible,CLEAR
134.287,robot_2,EV_move_forward,EV_path_clear,CLEAR
134.570,robot_2,EV_approach_color,EV_path_clear,CLEAR
134.859,robot_2,EV_approach_color,EV_blue_not_visible|EV_path_clear|EV_red_visible,CLEAR
135.083,robot_2,EV_approach_color,EV_path_clear,CLEAR
135.380,robot_2,EV_approach_color,EV_path_clear,CLEAR
135.670,robot_2,EV_move_forward,EV_path_clear,CLEAR
135.963,robot_2,EV_approach_color,EV_blue_not_visible|EV_path_clear|EV_red_visible,CLEAR
136.276,robot_2,EV_search_color,EV_path_clear,CLEAR
136.457,robot_2,EV_approach_color,EV_path_clear,CLEAR
136.760,robot_2,EV_search_color,EV_blue_not_visible|EV_path_clear|EV_red_visible,CLEAR
136.961,robot_2,EV_approach_color,EV_path_clear,CLEAR
137.167,robot_2,EV_move_forward,EV_path_clear,CLEAR
137.464,robot_2,EV_move_forward,EV_path_clear,CLEAR
137.752,robot_2,EV_move_forward,EV_blue_not_visible|EV_path_clear|EV_red_visible,CLEAR
137.977,robot_2,EV_move_forward,EV_path_clear,CLEAR
138.250,robot_2,EV_approach_color,EV_path_clear,CLEAR
138.477,robot_2,EV_move_forward,EV_path_clear,CLEAR
138.760,robot_2,EV_approach_color,EV_blue_not_visible|EV_path_clear|EV_red_visible,CLEAR
139.076,robot_2,EV_search_color,EV_path_clear,CLEAR
139.258,robot_2,EV_approach_color,EV_path_clear,CLEAR
139.574,robot_2,EV_approach_color,EV_path_clear|EV_red_visible,CLEAR
139.872,robot_2,EV_search_color,EV_blue_not_visible|EV_path_clear,CLEAR
140.069,robot_2,EV_move_forward,EV_path_clear,CLEAR
140.372,robot_2,EV_search_color,EV_path_clear|EV_red_visible,CLEAR
140.579,robot_2,EV_search_color,EV_blue_not_visible|EV_path_clear,CLEAR
140.773,robot_2,EV_move_forward,EV_path_clear,CLEAR
141.050,robot_2,EV_search_color,EV_path_clear,CLEAR
141.154,robot_2,EV_move_forward,EV_path_clear,CLEAR
141.477,robot_2,EV_approach_color,EV_blue_not_visible|EV_path_clear|EV_red_visible,CLEAR
141.772,robot_2,EV_move_forward,EV_path_clear,CLEAR
142.049,robot_2,EV_approach_color,EV_path_clear,CLEAR
142.263,robot_2,EV_approach_color,EV_blue_not_visible|EV_path_clear|EV_red_visible,CLEAR
142.548,robot_2,EV_approach_color,EV_path_clear,CLEAR
142.852,robot_2,EV_search_color,EV_path_clear,CLEAR
143.084,robot_2,EV_move_forward,EV_path_clear|EV_red_visible,CLEAR
143.361,robot_2,EV_search_color,EV_blue_not_visible|EV_path_clear,CLEAR
143.475,robot_2,EV_approach_color,EV_path_clear,CLEAR
143.747,robot_2,EV_approach_color,EV_path_clear,CLEAR
143.967,robot_2,EV_search_color,EV_path_clear,CLEAR
144.163,robot_2,EV_move_forward,EV_blue_not_visible|EV_path_clear|EV_red_visible,CLEAR
144.475,robot_2,EV_approach_color,EV_path_clear,CLEAR
144.774,robot_2,EV_move_forward,EV_path_clear|EV_red_visible,CLEAR
145.078,robot_2,EV_approach_color,EV_blue_not_visible|EV_path_clear,CLEAR
145.368,robot_2,EV_search_color,EV_path_clear,CLEAR
145.567,robot_2,EV_move_forward,EV_path_clear,CLEAR
145.877,robot_2,EV_search_color,EV_blue_not_visible|EV_path_clear|EV_red_visible,CLEAR
146.062,robot_2,EV_search_color,EV_path_clear,CLEAR
146.163,robot_2,EV_approach_color,EV_path_clear,CLEAR
146.392,robot_2,EV_search_color,EV_path_clear,CLEAR
146.591,robot_2,EV_search_color,EV_path_clear|EV_red_visible,CLEAR
146.766,robot_2,EV_approach_color,EV_blue_not_visible|EV_path_clear,CLEAR
147.052,robot_2,EV_move_forward,EV_path_clear,CLEAR
147.372,robot_2,EV_approach_color,EV_path_clear,CLEAR
147.680,robot_2,EV_search_color,EV_blue_not_visible|EV_path_clear|EV_red_visible,CLEAR
147.859,robot_2,EV_approach_color,EV_path_clear,CLEAR
148.162,robot_2,EV_search_color,EV_path_clear,CLEAR
148.373,robot_2,EV_search_color,EV_blue_not_visible|EV_path_clear|EV_red_visible,CLEAR
148.578,robot_2,EV_move_forward,EV_path_clear,CLEAR
148.875,robot_2,EV_approach_color,EV_path_clear,CLEAR
149.154,robot_2,EV_move_forward,EV_path_clear,CLEAR
149.374,robot_2,EV_search_color,EV_path_clear,CLEAR
149.564,robot_2,EV_search_color,EV_blue_not_visible|EV_path_clear|EV_red_visible,CLEAR
149.765,robot_2,EV_search_color,EV_path_clear,CLEAR
149.878,robot_2,EV_approach_color,EV_path_clear,CLEAR
150.162,robot_2,EV_approach_color,EV_path_clear,CLEAR
150.401,robot_2,EV_approach_color,EV_path_clear|EV_red_visible,CLEAR
150.654,robot_2,EV_move_forward,EV_blue_not_visible|EV_path_clear,CLEAR
150.952,robot_2,EV_move_forward,EV_path_clear,CLEAR
151.274,robot_2,EV_approach_color,EV_path_clear,CLEAR
151.566,robot_2,EV_move_forward,EV_blue_not_visible|EV_path_clear|EV_red_visible,CLEAR
151.871,robot_2,EV_approach_color,EV_path_clear,CLEAR
152.177,robot_2,EV_search_color,EV_path_clear,CLEAR
152.350,robot_2,EV_search_color,EV_path_clear|EV_red_visible,CLEAR
152.569,robot_2,EV_approach_color,EV_blue_not_visible|EV_path_clear,CLEAR
152.868,robot_2,EV_approach_color,EV_path_clear,CLEAR
153.080,robot_2,EV_search_color,EV_path_clear,CLEAR
153.266,robot_2,EV_move_forward,EV_blue_not_visible|EV_path_clear|EV_red_visible,CLEAR
153.570,robot_2,EV_move_forward,EV_path_clear,CLEAR
153.857,robot_2,EV_move_forward,EV_path_clear,CLEAR
154.159,robot_2,EV_approach_color,EV_blue_not_visible|EV_path_clear|EV_red_visible,CLEAR
154.463,robot_2,EV_search_color,EV_path_clear,CLEAR
154.570,robot_2,EV_search_color,EV_path_clear,CLEAR
154.753,robot_2,EV_approach_color,EV_path_clear,CLEAR
154.977,robot_2,EV_search_color,EV_path_clear,CLEAR
155.080,robot_2,EV_approach_color,EV_blue_not_visible|EV_path_clear|EV_red_visible,CLEAR
155.369,robot_2,EV_search_color,EV_path_clear,CLEAR
155.558,robot_2,EV_search_color,EV_path_clear,CLEAR
155.673,robot_2,EV_approach_color,EV_path_clear,CLEAR
155.878,robot_2,EV_search_color,EV_path_clear|EV_red_visible,CLEAR
156.078,robot_2,EV_move_forward,EV_blue_not_visible|EV_path_clear,CLEAR
156.369,robot_2,EV_approach_color,EV_path_clear,CLEAR
156.651,robot_2,EV_move_forward,EV_path_clear,CLEAR
156.856,robot_2,EV_search_color,EV_blue_not_visible|EV_path_clear|EV_red_visible,CLEAR
157.065,robot_2,EV_search_color,EV_path_clear,CLEAR
157.265,robot_2,EV_search_color,EV_path_clear,CLEAR
157.488,robot_2,EV_approach_color,EV_path_clear,CLEAR
157.760,robot_2,EV_search_color,EV_blue_not_visible|EV_path_clear|EV_red_visible,CLEAR
157.965,robot_2,EV_approach_color,EV_path_clear,CLEAR
158.266,robot_2,EV_move_forward,EV_path_clear,CLEAR
158.474,robot_2,EV_move_forward,EV_path_clear,CLEAR
158.753,robot_2,EV_search_color,EV_blue_not_visible|EV_path_clear|EV_red_visible,CLEAR
158.972,robot_2,EV_move_forward,EV_path_clear,CLEAR
159.257,robot_2,EV_search_color,EV_path_clear,CLEAR
159.374,robot_2,EV_move_forward,EV_path_clear,CLEAR
159.652,robot_2,EV_search_color,EV_blue_not_visible|EV_path_clear|EV_red_visible,CLEAR
159.868,robot_2,EV_search_color,EV_path_clear,CLEAR
160.061,robot_2,EV_approach_color,EV_path_clear,CLEAR
160.265,robot_2,EV_move_forward,EV_path_clear|EV_red_visible,CLEAR
160.568,robot_2,EV_search_color,EV_blue_not_visible|EV_path_clear,CLEAR
160.761,robot_2,EV_move_forward,EV_path_clear,CLEAR
161.077,robot_2,EV_move_forward,EV_path_clear,CLEAR
161.374,robot_2,EV_approach_color,EV_blue_not_visible|EV_path_clear|EV_red_visible,CLEAR
161.682,robot_2,EV_move_forward,EV_path_clear,CLEAR
161.962,robot_2,EV_approach_color,EV_blue_not_visible|EV_path_clear|EV_red_visible,CLEAR
162.250,robot_2,EV_move_forward,EV_path_clear,CLEAR
162.459,robot_2,EV_search_color,EV_path_clear,CLEAR
162.582,robot_2,EV_approach_color,EV_path_clear,CLEAR
162.857,robot_2,EV_search_color,EV_blue_not_visible|EV_path_clear|EV_red_visible,CLEAR
163.084,robot_2,EV_search_color,EV_path_clear,CLEAR
163.261,robot_2,EV_move_forward,EV_path_clear,CLEAR
163.574,robot_2,EV_search_color,EV_path_clear,CLEAR
163.762,robot_2,EV_move_forward,EV_blue_not_visible|EV_path_clear|EV_red_not_visible,CLEAR
164.063,robot_2,EV_approach_color,EV_path_clear,CLEAR
164.274,robot_2,EV_move_forward,EV_path_clear,CLEAR
164.579,robot_2,EV_move_forward,EV_path_clear|EV_red_not_visible,CLEAR
164.860,robot_2,EV_search_color,EV_blue_not_visible|EV_path_clear,CLEAR
165.069,robot_2,EV_move_forward,EV_path_clear,CLEAR
165.361,robot_2,EV_approach_color,EV_path_clear|EV_red_not_visible,CLEAR
165.676,robot_2,EV_search_color,EV_blue_not_visible|EV_path_clear,CLEAR
165.859,robot_2,EV_move_forward,EV_path_clear,CLEAR
166.171,robot_2,EV_search_color,EV_path_clear,CLEAR
166.365,robot_2,EV_rotate_clockwise,EV_blue_not_visible|EV_obstacle_left|EV_red_not_visible,LEFT
166.566,robot_2,EV_rotate_clockwise,EV_obstacle_left,LEFT
166.757,robot_2,EV_u_turn,EV_obstacle_left,LEFT
170.572,robot_2,EV_rotate_counterclockwise,EV_obstacle_right|EV_blue_not_visible|EV_red_not_visible,RIGHT
173.261,robot_2,EV_search_color,EV_blue_visible|EV_path_clear|EV_red_not_visible,CLEAR
173.456,robot_2,EV_move_forward,EV_path_clear,CLEAR
173.745,robot_2,EV_move_forward,EV_blue_visible|EV_path_clear|EV_red_not_visible,CLEAR
174.063,robot_2,EV_search_color,EV_path_clear,CLEAR
174.274,robot_2,EV_approach_color,EV_path_clear,CLEAR
174.576,robot_2,EV_approach_color,EV_blue_visible|EV_path_clear|EV_red_not_visible,CLEAR
174.873,robot_2,EV_approach_color,EV_path_clear,CLEAR
175.155,robot_2,EV_approach_color,EV_path_clear,CLEAR
175.372,robot_2,EV_approach_color,EV_path_clear|EV_red_not_visible,CLEAR
175.653,robot_2,EV_approach_color,EV_blue_visible|EV_path_clear,CLEAR
175.866,robot_2,EV_approach_color,EV_path_clear,CLEAR
176.068,robot_2,EV_search_color,EV_path_clear,CLEAR
176.185,robot_2,EV_search_color,EV_path_clear,CLEAR
176.373,robot_2,EV_search_color,EV_blue_visible|EV_path_clear|EV_red_not_visible,CLEAR
176.576,robot_2,EV_search_color,EV_path_clear,CLEAR
176.751,robot_2,EV_search_color,EV_path_clear,CLEAR
176.859,robot_2,EV_move_forward,EV_path_clear,CLEAR
177.172,robot_2,EV_move_forward,EV_path_clear,CLEAR
177.449,robot_2,EV_search_color,EV_blue_not_visible|EV_path_clear|EV_red_not_visible,CLEAR
177.674,robot_2,EV_search_color,EV_path_clear,CLEAR
177.864,robot_2,EV_approach_color,EV_path_clear,CLEAR
178.159,robot_2,EV_search_color,EV_path_clear,CLEAR
178.370,robot_2,EV_search_color,EV_blue_not_visible|EV_path_clear|EV_red_not_visible,CLEAR
178.554,robot_2,EV_move_forward,EV_path_clear,CLEAR
178.759,robot_2,EV_search_color,EV_path_clear,CLEAR
178.950,robot_2,EV_move_forward,EV_path_clear,CLEAR
179.180,robot_2,EV_search_color,EV_blue_not_visible|EV_path_clear|EV_red_not_visible,CLEAR
179.375,robot_2,EV_move_forward,EV_path_clear,CLEAR
179.654,robot_2,EV_move_forward,EV_path_clear,CLEAR
179.972,robot_2,EV_move_forward,EV_path_clear,CLEAR
180.174,robot_2,EV_move_forward,EV_blue_not_visible|EV_path_clear|EV_red_not_visible,CLEAR
180.471,robot_2,EV_approach_color,EV_path_clear,CLEAR
180.793,robot_2,EV_search_color,EV_path_clear,CLEAR
180.978,robot_2,EV_search_color,EV_blue_not_visible|EV_path_clear|EV_red_not_visible,CLEAR
181.177,robot_2,EV_move_forward,EV_path_clear,CLEAR
181.474,robot_2,EV_move_forward,EV_path_clear,CLEAR
181.757,robot_2,EV_approach_color,EV_path_clear,CLEAR
182.058,robot_2,EV_search_color,EV_blue_not_visible|EV_path_clear|EV_red_not_visible,CLEAR
182.179,robot_2,EV_approach_color,EV_path_clear,CLEAR
182.450,robot_2,EV_approach_color,EV_path_clear,CLEAR
182.678,robot_2,EV_approach_color,EV_path_clear,CLEAR
182.960,robot_2,EV_move_forward,EV_blue_not_visible|EV_path_clear|EV_red_not_visible,CLEAR
183.265,robot_2,EV_search_color,EV_path_clear,CLEAR
183.475,robot_2,EV_approach_color,EV_path_clear,CLEAR
183.768,robot_2,EV_move_forward,EV_blue_not_visible|EV_path_clear|EV_red_not_visible,CLEAR
183.975,robot_2,EV_approach_color,EV_path_clear,CLEAR
184.268,robot_2,EV_search_color,EV_path_clear,CLEAR
184.448,robot_2,EV_approach_color,EV_path_clear,CLEAR
184.659,robot_2,EV_approach_color,EV_blue_not_visible|EV_path_clear|EV_red_not_visible,CLEAR
184.979,robot_2,EV_search_color,EV_path_clear,CLEAR
185.177,robot_2,EV_approach_color,EV_path_clear,CLEAR
185.483,robot_2,EV_search_color,EV_path_clear|EV_red_not_visible,CLEAR
185.670,robot_2,EV_approach_color,EV_blue_not_visible|EV_path_clear,CLEAR
185.959,robot_2,EV_move_forward,EV_path_clear,CLEAR
186.279,robot_2,EV_search_color,EV_path_clear,CLEAR
186.445,robot_2,EV_u_turn,EV_obstacle_right|EV_red_not_visible,RIGHT
190.354,robot_2,EV_move_forward,EV_blue_not_visible|EV_path_clear|EV_red_not_visible,CLEAR
190.575,robot_2,EV_approach_color,EV_path_clear,CLEAR
190.863,robot_2,EV_approach_color,EV_path_clear|EV_red_visible,CLEAR
191.069,robot_2,EV_search_color,EV_blue_not_visible|EV_path_clear,CLEAR
191.181,robot_2,EV_move_forward,EV_path_clear,CLEAR
191.459,robot_2,EV_search_color,EV_path_clear,CLEAR
191.672,robot_2,EV_approach_color,EV_path_clear,CLEAR
191.955,robot_2,EV_approach_color,EV_blue_not_visible|EV_path_clear|EV_red_visible,CLEAR
192.266,robot_2,EV_move_forward,EV_path_clear,CLEAR
192.578,robot_2,EV_approach_color,EV_path_clear,CLEAR
192.867,robot_2,EV_search_color,EV_blue_not_visible|EV_path_clear|EV_red_visible,CLEAR
193.067,robot_2,EV_approach_color,EV_path_clear,CLEAR
193.294,robot_2,EV_search_color,EV_path_clear,CLEAR
193.444,robot_2,EV_move_forward,EV_blue_not_visible|EV_path_clear|EV_red_visible,CLEAR
193.771,robot_2,EV_search_color,EV_path_clear,CLEAR
193.957,robot_2,EV_approach_color,EV_path_clear,CLEAR
194.172,robot_2,EV_search_color,EV_path_clear,CLEAR
194.359,robot_2,EV_move_forward,EV_path_clear|EV_red_visible,CLEAR
194.650,robot_2,EV_approach_color,EV_blue_not_visible|EV_path_clear,CLEAR
194.954,robot_2,EV_search_color,EV_path_clear,CLEAR
195.074,robot_2,EV_approach_color,EV_path_clear,CLEAR
195.350,robot_2,EV_approach_color,EV_blue_not_visible|EV_path_clear|EV_red_visible,CLEAR
195.650,robot_2,EV_search_color,EV_path_clear,CLEAR
195.767,robot_2,EV_move_forward,EV_path_clear,CLEAR
195.972,robot_2,EV_search_color,EV_path_clear,CLEAR
196.082,robot_2,EV_search_color,EV_path_clear,CLEAR
196.270,robot_2,EV_search_color,EV_blue_not_visible|EV_path_clear|EV_red_visible,CLEAR
196.453,robot_2,EV_search_color,EV_path_clear,CLEAR
196.578,robot_2,EV_search_color,EV_path_clear,CLEAR
196.769,robot_2,EV_move_forward,EV_path_clear,CLEAR
197.046,robot_2,EV_search_color,EV_path_clear,CLEAR
197.253,robot_2,EV_search_color,EV_blue_not_visible|EV_path_clear|EV_red_visible,CLEAR
197.472,robot_2,EV_move_forward,EV_path_clear,CLEAR
197.772,robot_2,EV_approach_color,EV_path_clear,CLEAR
198.059,robot_2,EV_approach_color,EV_blue_not_visible|EV_path_clear|EV_red_visible,CLEAR
198.363,robot_2,EV_move_forward,EV_path_clear,CLEAR
198.649,robot_2,EV_move_forward,EV_path_clear,CLEAR
198.981,robot_2,EV_move_forward,EV_path_clear,CLEAR
199.249,robot_2,EV_approach_color,EV_blue_not_visible|EV_path_clear|EV_red_visible,CLEAR
199.555,robot_2,EV_approach_color,EV_path_clear,CLEAR
199.784,robot_2,EV_move_forward,EV_path_clear,CLEAR
200.060,robot_2,EV_move_forward,EV_blue_not_visible|EV_path_clear|EV_red_visible,CLEAR
200.378,robot_2,EV_approach_color,EV_path_clear,CLEAR
200.678,robot_2,EV_search_color,EV_path_clear|EV_red_visible,CLEAR
200.856,robot_2,EV_search_color,EV_blue_not_visible|EV_path_clear,CLEAR
200.976,robot_2,EV_move_forward,EV_path_clear,CLEAR
201.276,robot_2,EV_move_forward,EV_path_clear,CLEAR
201.567,robot_2,EV_move_forward,EV_path_clear|EV_red_visible,CLEAR
201.865,robot_2,EV_search_color,EV_blue_not_visible|EV_path_clear,CLEAR
202.062,robot_2,EV_approach_color,EV_path_clear,CLEAR
202.399,robot_2,EV_approach_color,EV_path_clear,CLEAR
202.675,robot_2,EV_search_color,EV_blue_not_visible|EV_path_clear|EV_red_visible,CLEAR
202.863,robot_2,EV_move_forward,EV_path_clear,CLEAR
203.168,robot_2,EV_move_forward,EV_path_clear,CLEAR
203.471,robot_2,EV_move_forward,EV_blue_not_visible|EV_path_clear|EV_red_visible,CLEAR
203.780,robot_2,EV_move_forward,EV_path_clear,CLEAR
204.058,robot_2,EV_approach_color,EV_path_clear,CLEAR
204.289,robot_2,EV_search_color,EV_path_clear,CLEAR
204.450,robot_2,EV_search_color,EV_blue_not_visible|EV_path_clear|EV_red_visible,CLEAR
204.579,robot_2,EV_approach_color,EV_path_clear,CLEAR
204.870,robot_2,EV_approach_color,EV_path_clear,CLEAR
205.182,robot_2,EV_approach_color,EV_path_clear,CLEAR
205.461,robot_2,EV_move_forward,EV_blue_not_visible|EV_path_clear|EV_red_visible,CLEAR
205.754,robot_2,EV_search_color,EV_path_clear,CLEAR
205.875,robot_2,EV_move_forward,EV_path_clear,CLEAR
206.160,robot_2,EV_move_forward,EV_path_clear|EV_red_visible,CLEAR
206.365,robot_2,EV_approach_color,EV_blue_not_visible|EV_path_clear,CLEAR
206.672,robot_2,EV_move_forward,EV_path_clear,CLEAR
206.964,robot_2,EV_move_forward,EV_path_clear,CLEAR
207.254,robot_2,EV_approach_color,EV_blue_not_visible|EV_path_clear|EV_red_visible,CLEAR
207.568,robot_2,EV_approach_color,EV_path_clear,CLEAR
207.779,robot_2,EV_search_color,EV_path_clear,CLEAR
207.968,robot_2,EV_u_turn,EV_obstacle_right|EV_blue_not_visible|EV_red_reached,RIGHT
211.857,robot_2,EV_rotate_clockwise,EV_blue_not_visible|EV_obstacle_left|EV_red_reached,LEFT
214.773,robot_2,EV_rotate_clockwise,EV_blue_not_visible|EV_obstacle_left|EV_red_reached,LEFT
214.967,robot_2,EV_drop_object,EV_red_reached|EV_path_clear,CLEAR
215.251,robot_2,EV_move_forward,EV_path_clear,CLEAR
215.574,robot_2,EV_move_forward,EV_path_clear,CLEAR
215.845,robot_2,EV_move_forward,EV_path_clear|EV_object_not_visible,CLEAR
216.150,robot_2,EV_move_forward,EV_path_clear,CLEAR
216.458,robot_2,EV_approach_object,EV_path_clear,CLEAR
216.777,robot_2,EV_move_forward,EV_path_clear|EV_object_not_visible,CLEAR
217.056,robot_2,EV_approach_object,EV_path_clear,CLEAR
217.353,robot_2,EV_approach_object,EV_path_clear,CLEAR
217.567,robot_2,EV_move_forward,EV_path_clear|EV_object_not_visible,CLEAR
217.853,robot_2,EV_search_object,EV_path_clear,CLEAR
217.960,robot_2,EV_approach_object,EV_path_clear,CLEAR
218.297,robot_2,EV_search_object,EV_path_clear,CLEAR
218.476,robot_2,EV_approach_object,EV_path_clear|EV_object_not_visible,CLEAR
218.761,robot_2,EV_approach_object,EV_path_clear,CLEAR
219.071,robot_2,EV_move_forward,EV_path_clear,CLEAR
219.353,robot_2,EV_search_object,EV_path_clear|EV_object_not_visible,CLEAR
219.560,robot_2,EV_approach_object,EV_path_clear,CLEAR
219.780,robot_2,EV_approach_object,EV_path_clear,CLEAR
220.064,robot_2,EV_search_object,EV_path_clear|EV_object_not_visible,CLEAR
220.261,robot_2,EV_approach_object,EV_path_clear,CLEAR
220.469,robot_2,EV_approach_object,EV_path_clear,CLEAR
220.761,robot_2,EV_approach_object,EV_path_clear,CLEAR
220.967,robot_2,EV_search_object,EV_path_clear|EV_object_not_visible,CLEAR
221.160,robot_2,EV_search_object,EV_path_clear,CLEAR
221.280,robot_2,EV_move_forward,EV_path_clear,CLEAR
221.583,robot_2,EV_approach_object,EV_path_clear,CLEAR
221.859,robot_2,EV_approach_object,EV_path_clear|EV_object_not_visible,CLEAR
222.156,robot_2,EV_move_forward,EV_path_clear,CLEAR
222.469,robot_2,EV_search_object,EV_path_clear,CLEAR
222.648,robot_2,EV_move_forward,EV_path_clear|EV_object_not_visible,CLEAR
222.973,robot_2,EV_move_forward,EV_path_clear,CLEAR
223.253,robot_2,EV_move_forward,EV_path_clear,CLEAR
223.466,robot_2,EV_move_forward,EV_object_reached|EV_path_clear,CLEAR
223.765,robot_2,EV_approach_object,EV_path_clear,CLEAR
224.058,robot_2,EV_pick_up_object,EV_path_clear,CLEAR
224.359,robot_2,EV_move_forward,EV_blue_not_visible|EV_red_reached|EV_path_clear,CLEAR
224.661,robot_2,EV_drop_zone_red,EV_path_clear,CLEAR
224.751,robot_2,EV_approach_color,EV_path_clear,CLEAR
225.066,robot_2,EV_search_color,EV_blue_not_visible|EV_red_reached|EV_path_clear,CLEAR
225.245,robot_2,EV_approach_color,EV_path_clear,CLEAR
225.463,robot_2,EV_move_forward,EV_path_clear,CLEAR
225.666,robot_2,EV_search_color,EV_path_clear,CLEAR
225.774,robot_2,EV_search_color,EV_path_clear,CLEAR
225.988,robot_2,EV_move_forward,EV_red_reached|EV_path_clear,CLEAR
226.254,robot_2,EV_search_color,EV_blue_not_visible|EV_path_clear,CLEAR
226.472,robot_2,EV_approach_color,EV_path_clear,CLEAR
226.763,robot_2,EV_move_forward,EV_path_clear,CLEAR
227.054,robot_2,EV_search_color,EV_blue_not_visible|EV_path_clear|EV_red_not_visible,CLEAR
227.175,robot_2,EV_search_color,EV_path_clear,CLEAR
227.366,robot_2,EV_approach_color,EV_path_clear,CLEAR
227.580,robot_2,EV_move_forward,EV_path_clear,CLEAR
227.853,robot_2,EV_move_forward,EV_blue_not_visible|EV_path_clear|EV_red_not_visible,CLEAR
228.159,robot_2,EV_move_forward,EV_path_clear,CLEAR
228.485,robot_2,EV_approach_color,EV_path_clear,CLEAR
228.776,robot_2,EV_search_color,EV_blue_not_visible|EV_path_clear|EV_red_not_visible,CLEAR
228.974,robot_2,EV_search_color,EV_path_clear,CLEAR
229.168,robot_2,EV_approach_color,EV_path_clear,CLEAR
229.465,robot_2,EV_search_color,EV_blue_not_visible|EV_path_clear|EV_red_not_visible,CLEAR
229.675,robot_2,EV_search_color,EV_path_clear,CLEAR
229.868,robot_2,EV_move_forward,EV_path_clear,CLEAR
230.156,robot_2,EV_search_color,EV_path_clear,CLEAR
230.366,robot_2,EV_approach_color,EV_path_clear|EV_red_not_visible,CLEAR
230.656,robot_2,EV_move_forward,EV_blue_not_visible|EV_path_clear,CLEAR
230.958,robot_2,EV_move_forward,EV_path_clear,CLEAR
231.161,robot_2,EV_u_turn,EV_obstacle_right|EV_red_not_visible,RIGHT
234.975,robot_2,EV_search_color,EV_blue_visible|EV_path_clear|EV_red_not_visible,CLEAR
235.155,robot_2,EV_move_forward,EV_path_clear,CLEAR
235.360,robot_2,EV_approach_color,EV_path_clear,CLEAR
235.563,robot_2,EV_approach_color,EV_path_clear|EV_red_not_visible,CLEAR
235.769,robot_2,EV_search_color,EV_blue_visible|EV_path_clear,CLEAR
235.958,robot_2,EV_approach_color,EV_path_clear,CLEAR
236.182,robot_2,EV_move_forward,EV_path_clear,CLEAR
236.466,robot_2,EV_approach_color,EV_blue_visible|EV_path_clear|EV_red_not_visible,CLEAR
236.757,robot_2,EV_search_color,EV_path_clear,CLEAR
236.965,robot_2,EV_move_forward,EV_path_clear,CLEAR
237.263,robot_2,EV_search_color,EV_path_clear|EV_red_not_visible,CLEAR
237.461,robot_2,EV_move_forward,EV_blue_visible|EV_path_clear,CLEAR
237.683,robot_2,EV_search_color,EV_path_clear,CLEAR
237.871,robot_2,EV_search_color,EV_path_clear,CLEAR
238.046,robot_2,EV_move_forward,EV_path_clear,CLEAR
238.349,robot_2,EV_search_color,EV_blue_visible|EV_path_clear|EV_red_not_visible,CLEAR
238.569,robot_2,EV_approach_color,EV_path_clear,CLEAR
238.876,robot_2,EV_move_forward,EV_path_clear,CLEAR
239.169,robot_2,EV_search_color,EV_blue_visible|EV_path_clear|EV_red_not_visible,CLEAR
239.356,robot_2,EV_search_color,EV_path_clear,CLEAR
239.470,robot_2,EV_search_color,EV_path_clear,CLEAR
239.644,robot_2,EV_approach_color,EV_path_clear,CLEAR
239.889,robot_2,EV_move_forward,EV_path_clear,CLEAR
240.186,robot_2,EV_u_turn,EV_obstacle_right|EV_blue_visible|EV_red_not_visible,RIGHT
244.081,robot_2,EV_search_color,EV_blue_visible|EV_path_clear|EV_red_visible,CLEAR
244.250,robot_2,EV_move_forward,EV_path_clear,CLEAR
244.460,robot_2,EV_approach_color,EV_blue_not_visible|EV_path_clear|EV_red_visible,CLEAR
244.760,robot_2,EV_search_color,EV_path_clear,CLEAR
244.885,robot_2,EV_search_color,EV_path_clear,CLEAR
245.047,robot_2,EV_search_color,EV_path_clear,CLEAR
245.151,robot_2,EV_search_color,EV_blue_not_visible|EV_path_clear|EV_red_visible,CLEAR
245.364,robot_2,EV_search_color,EV_path_clear,CLEAR
245.568,robot_2,EV_move_forward,EV_path_clear,CLEAR
245.879,robot_2,EV_move_forward,EV_path_clear,CLEAR
246.161,robot_2,EV_search_color,EV_blue_not_visible|EV_path_clear|EV_red_visible,CLEAR
246.378,robot_2,EV_approach_color,EV_path_clear,CLEAR
246.686,robot_2,EV_search_color,EV_path_clear,CLEAR
246.850,robot_2,EV_approach_color,EV_blue_not_visible|EV_path_clear|EV_red_visible,CLEAR
247.164,robot_2,EV_search_color,EV_path_clear,CLEAR
247.357,robot_2,EV_search_color,EV_path_clear,CLEAR
247.554,robot_2,EV_approach_color,EV_path_clear,CLEAR
247.765,robot_2,EV_approach_color,EV_blue_not_visible|EV_path_clear|EV_red_not_visible,CLEAR
247.972,robot_2,EV_move_forward,EV_path_clear,CLEAR
248.263,robot_2,EV_approach_color,EV_path_clear,CLEAR
248.473,robot_2,EV_search_color,EV_path_clear,CLEAR
248.654,robot_2,EV_search_color,EV_blue_not_visible|EV_path_clear|EV_red_not_visible,CLEAR
248.863,robot_2,EV_move_forward,EV_path_clear,CLEAR
249.166,robot_2,EV_move_forward,EV_path_clear,CLEAR
249.474,robot_2,EV_search_color,EV_path_clear,CLEAR
249.661,robot_2,EV_search_color,EV_blue_not_visible|EV_path_clear|EV_red_not_visible,CLEAR
249.860,robot_2,EV_move_forward,EV_path_clear,CLEAR
250.088,robot_2,EV_approach_color,EV_path_clear,CLEAR
250.373,robot_2,EV_rotate_clockwise,EV_blue_not_visible|EV_obstacle_left|EV_red_not_visible,LEFT
250.555,robot_2,EV_rotate_clockwise,EV_obstacle_left,LEFT
250.671,robot_2,EV_rotate_clockwise,EV_obstacle_left,LEFT
250.871,robot_2,EV_u_turn,EV_obstacle_left,LEFT
254.672,robot_2,EV_rotate_counterclockwise,EV_obstacle_right|EV_blue_not_visible|EV_red_not_visible,RIGHT
257.449,robot_2,EV_search_color,EV_blue_not_visible|EV_path_clear|EV_red_not_visible,CLEAR
257.582,robot_2,EV_search_color,EV_path_clear,CLEAR
257.761,robot_2,EV_approach_color,EV_blue_visible|EV_path_clear|EV_red_not_visible,CLEAR
258.068,robot_2,EV_search_color,EV_path_clear,CLEAR
258.257,robot_2,EV_move_forward,EV_path_clear,CLEAR
258.471,robot_2,EV_move_forward,EV_path_clear,CLEAR
258.751,robot_2,EV_search_color,EV_blue_visible|EV_path_clear|EV_red_not_visible,CLEAR
258.973,robot_2,EV_search_color,EV_path_clear,CLEAR
259.153,robot_2,EV_approach_color,EV_path_clear,CLEAR
259.466,robot_2,EV_approach_color,EV_path_clear|EV_red_not_visible,CLEAR
259.755,robot_2,EV_move_forward,EV_blue_visible|EV_path_clear,CLEAR
260.057,robot_2,EV_approach_color,EV_path_clear,CLEAR
260.362,robot_2,EV_move_forward,EV_blue_visible|EV_path_clear|EV_red_not_visible,CLEAR
260.672,robot_2,EV_approach_color,EV_path_clear,CLEAR
260.992,robot_2,EV_search_color,EV_path_clear,CLEAR
261.180,robot_2,EV_approach_color,EV_blue_visible|EV_path_clear|EV_red_not_visible,CLEAR
261.470,robot_2,EV_search_color,EV_path_clear,CLEAR
261.575,robot_2,EV_search_color,EV_path_clear,CLEAR
261.746,robot_2,EV_move_forward,EV_path_clear,CLEAR
261.957,robot_2,EV_approach_color,EV_path_clear|EV_red_not_visible,CLEAR
262.185,robot_2,EV_move_forward,EV_blue_visible|EV_path_clear,CLEAR
262.444,robot_2,EV_approach_color,EV_path_clear,CLEAR
262.650,robot_2,EV_search_color,EV_path_clear,CLEAR
262.856,robot_2,EV_search_color,EV_blue_visible|EV_path_clear|EV_red_not_visible,CLEAR
263.062,robot_2,EV_search_color,EV_path_clear,CLEAR
263.174,robot_2,EV_move_forward,EV_path_clear,CLEAR
263.468,robot_2,EV_search_color,EV_path_clear,CLEAR
263.685,robot_2,EV_approach_color,EV_blue_visible|EV_path_clear|EV_red_not_visible,CLEAR
263.962,robot_2,EV_move_forward,EV_path_clear,CLEAR
264.251,robot_2,EV_search_color,EV_path_clear,CLEAR
264.369,robot_2,EV_search_color,EV_path_clear,CLEAR
264.563,robot_2,EV_approach_color,EV_blue_visible|EV_path_clear|EV_red_not_visible,CLEAR
264.886,robot_2,EV_search_color,EV_path_clear,CLEAR
265.077,robot_2,EV_approach_color,EV_path_clear,CLEAR
265.359,robot_2,EV_search_color,EV_blue_visible|EV_red_reached|EV_path_clear,CLEAR
265.546,robot_2,EV_move_forward,EV_path_clear,CLEAR
265.756,robot_2,EV_search_color,EV_path_clear,CLEAR
265.884,robot_2,EV_search_color,EV_path_clear,CLEAR
266.055,robot_2,EV_approach_color,EV_blue_visible|EV_red_reached|EV_path_clear,CLEAR
266.352,robot_2,EV_approach_color,EV_path_clear,CLEAR
266.565,robot_2,EV_move_forward,EV_path_clear,CLEAR
266.860,robot_2,EV_approach_color,EV_blue_visible|EV_red_reached|EV_path_clear,CLEAR
267.071,robot_2,EV_search_color,EV_path_clear,CLEAR
267.261,robot_2,EV_approach_color,EV_path_clear,CLEAR
267.470,robot_2,EV_move_forward,EV_path_clear,CLEAR
267.772,robot_2,EV_approach_color,EV_blue_visible|EV_red_reached|EV_path_clear,CLEAR
268.072,robot_2,EV_approach_color,EV_path_clear,CLEAR
268.345,robot_2,EV_search_color,EV_red_reached|EV_path_clear,CLEAR
268.455,robot_2,EV_search_color,EV_blue_visible|EV_path_clear,CLEAR
268.656,robot_2,EV_move_forward,EV_path_clear,CLEAR
268.866,robot_2,EV_search_color,EV_path_clear,CLEAR
269.062,robot_2,EV_search_color,EV_path_clear,CLEAR
269.168,robot_2,EV_move_forward,EV_red_reached|EV_path_clear,CLEAR
269.469,robot_2,EV_move_forward,EV_blue_visible|EV_path_clear,CLEAR
269.759,robot_2,EV_search_color,EV_path_clear,CLEAR
269.873,robot_2,EV_search_color,EV_path_clear,CLEAR
270.076,robot_2,EV_approach_color,EV_blue_visible|EV_red_reached|EV_path_clear,CLEAR
270.360,robot_2,EV_search_color,EV_path_clear,CLEAR
270.556,robot_2,EV_approach_color,EV_path_clear,CLEAR
270.850,robot_2,EV_approach_color,EV_red_reached|EV_path_clear,CLEAR
271.091,robot_2,EV_approach_color,EV_blue_visible|EV_path_clear,CLEAR
271.372,robot_2,EV_move_forward,EV_path_clear,CLEAR
271.649,robot_2,EV_search_color,EV_path_clear,CLEAR
271.776,robot_2,EV_search_color,EV_path_clear,CLEAR
271.957,robot_2,EV_move_forward,EV_blue_visible|EV_path_clear|EV_red_not_visible,CLEAR
272.267,robot_2,EV_approach_color,EV_path_clear,CLEAR
272.560,robot_2,EV_approach_color,EV_path_clear,CLEAR
272.847,robot_2,EV_move_forward,EV_blue_visible|EV_path_clear|EV_red_not_visible,CLEAR
273.073,robot_2,EV_approach_color,EV_path_clear,CLEAR
273.360,robot_2,EV_approach_color,EV_path_clear,CLEAR
273.585,robot_2,EV_approach_color,EV_path_clear|EV_red_not_visible,CLEAR
273.852,robot_2,EV_search_color,EV_blue_visible|EV_path_clear,CLEAR
273.962,robot_2,EV_approach_color,EV_path_clear,CLEAR
274.275,robot_2,EV_approach_color,EV_path_clear,CLEAR
274.563,robot_2,EV_approach_color,EV_path_clear|EV_red_not_visible,CLEAR
274.846,robot_2,EV_move_forward,EV_blue_visible|EV_path_clear,CLEAR
275.050,robot_2,EV_search_color,EV_path_clear,CLEAR
275.173,robot_2,EV_approach_color,EV_path_clear,CLEAR
275.464,robot_2,EV_move_forward,EV_path_clear|EV_red_not_visible,CLEAR
275.770,robot_2,EV_approach_color,EV_blue_visible|EV_path_clear,CLEAR
276.052,robot_2,EV_search_color,EV_path_clear,CLEAR
276.249,robot_2,EV_search_color,EV_path_clear|EV_red_not_visible,CLEAR
276.461,robot_2,EV_move_forward,EV_blue_visible|EV_path_clear,CLEAR
276.762,robot_2,EV_search_color,EV_path_clear,CLEAR
276.955,robot_2,EV_approach_color,EV_blue_visible|EV_path_clear|EV_red_not_visible,CLEAR
277.262,robot_2,EV_move_forward,EV_path_clear,CLEAR
277.561,robot_2,EV_move_forward,EV_blue_visible|EV_path_clear|EV_red_not_visible,CLEAR
277.850,robot_2,EV_move_forward,EV_path_clear,CLEAR
278.147,robot_2,EV_approach_color,EV_path_clear,CLEAR
278.354,robot_2,EV_move_forward,EV_blue_visible|EV_path_clear|EV_red_not_visible,CLEAR
278.651,robot_2,EV_approach_color,EV_path_clear,CLEAR
278.956,robot_2,EV_approach_color,EV_blue_visible|EV_path_clear|EV_red_not_visible,CLEAR
279.245,robot_2,EV_move_forward,EV_path_clear,CLEAR
279.472,robot_2,EV_approach_color,EV_path_clear,CLEAR
279.684,robot_2,EV_approach_color,EV_path_clear|EV_red_not_visible,CLEAR
279.960,robot_2,EV_move_forward,EV_blue_visible|EV_path_clear,CLEAR
280.266,robot_2,EV_approach_color,EV_path_clear,CLEAR
280.553,robot_2,EV_search_color,EV_blue_visible|EV_path_clear|EV_red_not_visible,CLEAR
280.675,robot_2,EV_search_color,EV_path_clear,CLEAR
280.851,robot_2,EV_move_forward,EV_path_clear,CLEAR
281.144,robot_2,EV_move_forward,EV_blue_visible|EV_path_clear|EV_red_not_visible,CLEAR
281.467,robot_2,EV_search_color,EV_path_clear,CLEAR
281.644,robot_2,EV_approach_color,EV_blue_visible|EV_path_clear|EV_red_not_visible,CLEAR
281.856,robot_2,EV_move_forward,EV_path_clear,CLEAR
282.151,robot_2,EV_search_color,EV_path_clear,CLEAR
282.347,robot_2,EV_move_forward,EV_path_clear,CLEAR
282.558,robot_2,EV_approach_color,EV_blue_visible|EV_path_clear|EV_red_not_visible,CLEAR
282.861,robot_2,EV_approach_color,EV_path_clear,CLEAR
283.165,robot_2,EV_search_color,EV_blue_visible|EV_path_clear|EV_red_not_visible,CLEAR
283.358,robot_2,EV_approach_color,EV_path_clear,CLEAR
283.662,robot_2,EV_move_forward,EV_path_clear,CLEAR
283.963,robot_2,EV_search_color,EV_blue_visible|EV_path_clear|EV_red_not_visible,CLEAR
284.164,robot_2,EV_approach_color,EV_path_clear,CLEAR
284.456,robot_2,EV_search_color,EV_path_clear|EV_red_not_visible,CLEAR
284.562,robot_2,EV_move_forward,EV_blue_visible|EV_path_clear,CLEAR
284.845,robot_2,EV_move_forward,EV_path_clear,CLEAR
285.049,robot_2,EV_approach_color,EV_path_clear,CLEAR
285.254,robot_2,EV_search_color,EV_blue_reached|EV_path_clear|EV_red_not_visible,CLEAR
285.453,robot_2,EV_search_color,EV_path_clear,CLEAR
285.681,robot_2,EV_move_forward,EV_path_clear,CLEAR
285.972,robot_2,EV_search_color,EV_blue_reached|EV_path_clear|EV_red_not_visible,CLEAR
286.153,robot_2,EV_search_color,EV_path_clear,CLEAR
286.379,robot_2,EV_move_forward,EV_path_clear,CLEAR
286.652,robot_2,EV_rotate_counterclockwise,EV_obstacle_right|EV_blue_reached|EV_red_not_visible,RIGHT
286.854,robot_2,EV_rotate_counterclockwise,EV_obstacle_right,RIGHT
286.959,robot_2,EV_rotate_counterclockwise,EV_obstacle_right,RIGHT
287.155,robot_2,EV_rotate_counterclockwise,EV_obstacle_right,RIGHT
287.358,robot_2,EV_u_turn,EV_obstacle_right|EV_blue_reached|EV_red_not_visible,RIGHT
291.159,robot_2,EV_approach_color,EV_blue_reached|EV_path_clear|EV_red_visible,CLEAR
291.449,robot_2,EV_move_forward,EV_path_clear,CLEAR
291.664,robot_2,EV_move_forward,EV_blue_reached|EV_path_clear|EV_red_visible,CLEAR
291.957,robot_2,EV_search_color,EV_path_clear,CLEAR
292.160,robot_2,EV_search_color,EV_path_clear|EV_red_visible,CLEAR
292.349,robot_2,EV_search_color,EV_blue_reached|EV_path_clear,CLEAR
292.568,robot_2,EV_approach_color,EV_path_clear,CLEAR
292.781,robot_2,EV_approach_color,EV_path_clear,CLEAR
293.064,robot_2,EV_approach_color,EV_blue_reached|EV_path_clear|EV_red_visible,CLEAR
293.351,robot_2,EV_approach_color,EV_path_clear,CLEAR
293.554,robot_2,EV_search_color,EV_blue_not_visible|EV_path_clear|EV_red_visible,CLEAR
293.661,robot_2,EV_move_forward,EV_path_clear,CLEAR
293.956,robot_2,EV_approach_color,EV_path_clear,CLEAR
294.253,robot_2,EV_move_forward,EV_blue_not_visible|EV_path_clear|EV_red_visible,CLEAR
294.549,robot_2,EV_approach_color,EV_path_clear,CLEAR
294.765,robot_2,EV_search_color,EV_blue_not_visible|EV_path_clear|EV_red_visible,CLEAR
294.951,robot_2,EV_search_color,EV_path_clear,CLEAR
295.146,robot_2,EV_search_color,EV_path_clear,CLEAR
295.351,robot_2,EV_search_color,EV_path_clear,CLEAR
295.550,robot_2,EV_approach_color,EV_blue_not_visible|EV_path_clear|EV_red_visible,CLEAR
295.756,robot_2,EV_approach_color,EV_path_clear,CLEAR
296.065,robot_2,EV_approach_color,EV_path_clear,CLEAR
296.354,robot_2,EV_move_forward,EV_blue_not_visible|EV_path_clear|EV_red_visible,CLEAR
296.659,robot_2,EV_approach_color,EV_path_clear,CLEAR
296.957,robot_2,EV_move_forward,EV_blue_not_visible|EV_path_clear|EV_red_visible,CLEAR
297.167,robot_2,EV_move_forward,EV_path_clear,CLEAR
297.384,robot_2,EV_move_forward,EV_path_clear,CLEAR
297.654,robot_2,EV_move_forward,EV_blue_not_visible|EV_path_clear|EV_red_visible,CLEAR
297.954,robot_2,EV_approach_color,EV_path_clear,CLEAR
298.246,robot_2,EV_search_color,EV_blue_not_visible|EV_path_clear|EV_red_visible,CLEAR
298.459,robot_2,EV_move_forward,EV_path_clear,CLEAR
298.788,robot_2,EV_search_color,EV_path_clear,CLEAR
298.958,robot_2,EV_search_color,EV_blue_not_visible|EV_path_clear|EV_red_visible,CLEAR
299.145,robot_2,EV_approach_color,EV_path_clear,CLEAR
299.355,robot_2,EV_move_forward,EV_path_clear,CLEAR
299.569,robot_2,EV_move_forward,EV_path_clear,CLEAR
299.863,robot_2,EV_approach_color,EV_blue_not_visible|EV_path_clear|EV_red_visible,CLEAR
300.169,robot_2,EV_move_forward,EV_path_clear,CLEAR
300.458,robot_2,EV_move_forward,EV_blue_not_visible|EV_path_clear|EV_red_visible,CLEAR
300.753,robot_2,EV_approach_color,EV_path_clear,CLEAR
301.065,robot_2,EV_search_color,EV_blue_not_visible|EV_path_clear|EV_red_visible,CLEAR
301.254,robot_2,EV_move_forward,EV_path_clear,CLEAR
301.460,robot_2,EV_search_color,EV_path_clear,CLEAR
301.568,robot_2,EV_move_forward,EV_path_clear,CLEAR
301.866,robot_2,EV_move_forward,EV_blue_not_visible|EV_path_clear|EV_red_visible,CLEAR
302.150,robot_2,EV_search_color,EV_path_clear,CLEAR
302.289,robot_2,EV_approach_color,EV_path_clear,CLEAR
302.561,robot_2,EV_approach_color,EV_blue_not_visible|EV_path_clear|EV_red_visible,CLEAR
302.848,robot_2,EV_search_color,EV_path_clear,CLEAR
303.062,robot_2,EV_search_color,EV_path_clear,CLEAR
303.256,robot_2,EV_move_forward,EV_blue_not_visible|EV_path_clear|EV_red_visible,CLEAR
303.565,robot_2,EV_move_forward,EV_path_clear,CLEAR
303.856,robot_2,EV_move_forward,EV_blue_not_visible|EV_path_clear|EV_red_visible,CLEAR
304.156,robot_2,EV_move_forward,EV_path_clear,CLEAR
304.478,robot_2,EV_search_color,EV_recieve_drop_zone_red|EV_path_clear|EV_red_visible,CLEAR
304.652,robot_2,EV_approach_color,EV_blue_not_visible|EV_path_clear,CLEAR
304.953,robot_2,EV_search_color,EV_path_clear,CLEAR
305.152,robot_2,EV_approach_color,EV_blue_not_visible|EV_path_clear|EV_red_visible,CLEAR
305.467,robot_2,EV_approach_color,EV_path_clear,CLEAR
305.761,robot_2,EV_search_color,EV_path_clear,CLEAR
305.879,robot_2,EV_approach_color,EV_path_clear|EV_red_visible,CLEAR
306.149,robot_2,EV_approach_color,EV_blue_not_visible|EV_path_clear,CLEAR
306.356,robot_2,EV_move_forward,EV_path_clear,CLEAR
306.567,robot_2,EV_move_forward,EV_blue_not_visible|EV_red_reached|EV_path_clear,CLEAR
306.861,robot_2,EV_approach_color,EV_path_clear,CLEAR
307.149,robot_2,EV_drop_object,EV_path_clear,CLEAR
307.362,robot_2,EV_search_object,EV_blue_not_visible|EV_red_reached|EV_path_clear,CLEAR
307.558,robot_2,EV_move_forward,EV_path_clear,CLEAR
307.885,robot_2,EV_rotate_clockwise,EV_blue_not_visible|EV_obstacle_front|EV_red_reached,CORNER
308.047,robot_2,EV_rotate_counterclockwise,EV_obstacle_front,CORNER
308.161,robot_2,EV_rotate_counterclockwise,EV_obstacle_front,CORNER
308.375,robot_2,EV_rotate_clockwise,EV_obstacle_front,CORNER
308.486,robot_2,EV_rotate_clockwise,EV_obstacle_front,CORNER
308.673,robot_2,EV_rotate_clockwise,EV_blue_not_visible|EV_obstacle_front|EV_red_reached,CORNER
308.860,robot_2,EV_rotate_counterclockwise,EV_obstacle_front,CORNER
309.048,robot_2,EV_move_backward,EV_obstacle_front,CORNER
309.354,robot_2,EV_move_backward,EV_blue_not_visible|EV_obstacle_front|EV_red_reached,CORNER
309.662,robot_2,EV_move_backward,EV_obstacle_front,CORNER
309.975,robot_2,EV_move_forward,EV_path_clear,CLEAR
310.262,robot_2,EV_approach_object,EV_blue_not_visible|EV_red_reached|EV_path_clear,CLEAR
310.566,robot_2,EV_search_object,EV_path_clear,CLEAR
310.679,robot_2,EV_move_backward,EV_blue_not_visible|EV_obstacle_front|EV_red_reached,CORNER
310.949,robot_2,EV_rotate_counterclockwise,EV_obstacle_front,CORNER
311.168,robot_2,EV_u_turn,EV_obstacle_front,CORNER
314.952,robot_2,EV_approach_object,EV_blue_not_visible|EV_red_reached|EV_path_clear,CLEAR
315.249,robot_2,EV_move_forward,EV_red_reached|EV_path_clear,CLEAR
315.549,robot_2,EV_move_forward,EV_blue_not_visible|EV_path_clear,CLEAR
315.847,robot_2,EV_search_object,EV_path_clear,CLEAR
315.969,robot_2,EV_search_object,EV_red_reached|EV_path_clear,CLEAR
316.156,robot_2,EV_search_object,EV_blue_not_visible|EV_path_clear,CLEAR
316.264,robot_2,EV_move_forward,EV_path_clear,CLEAR
316.564,robot_2,EV_approach_object,EV_path_clear,CLEAR
316.854,robot_2,EV_approach_object,EV_blue_not_visible|EV_red_reached|EV_path_clear,CLEAR
317.159,robot_2,EV_approach_object,EV_path_clear,CLEAR
317.466,robot_2,EV_move_forward,EV_path_clear,CLEAR
317.676,robot_2,EV_search_object,EV_blue_not_visible|EV_path_clear|EV_red_not_visible,CLEAR
317.847,robot_2,EV_move_forward,EV_path_clear,CLEAR
318.056,robot_2,EV_approach_object,EV_path_clear,CLEAR
318.358,robot_2,EV_move_forward,EV_blue_not_visible|EV_path_clear|EV_red_not_visible,CLEAR
318.646,robot_2,EV_approach_object,EV_path_clear,CLEAR
318.853,robot_2,EV_approach_object,EV_path_clear,CLEAR
319.065,robot_2,EV_move_forward,EV_blue_not_visible|EV_path_clear|EV_red_not_visible,CLEAR
319.376,robot_2,EV_search_object,EV_path_clear,CLEAR
319.560,robot_2,EV_approach_object,EV_path_clear,CLEAR
319.766,robot_2,EV_approach_object,EV_path_clear|EV_red_not_visible,CLEAR
320.062,robot_2,EV_search_object,EV_blue_not_visible|EV_path_clear,CLEAR
320.249,robot_2,EV_search_object,EV_path_clear,CLEAR
320.473,robot_2,EV_approach_object,EV_path_clear|EV_red_not_visible,CLEAR
320.747,robot_2,EV_move_forward,EV_blue_not_visible|EV_path_clear,CLEAR
320.967,robot_2,EV_search_object,EV_path_clear,CLEAR
321.151,robot_2,EV_search_object,EV_path_clear,CLEAR
321.268,robot_2,EV_search_object,EV_blue_not_visible|EV_path_clear|EV_red_not_visible,CLEAR
321.450,robot_2,EV_approach_object,EV_path_clear,CLEAR
321.678,robot_2,EV_move_forward,EV_path_clear,CLEAR
321.964,robot_2,EV_approach_object,EV_path_clear,CLEAR
322.170,robot_2,EV_search_object,EV_blue_not_visible|EV_path_clear|EV_red_not_visible,CLEAR
322.352,robot_2,EV_move_forward,EV_path_clear,CLEAR
322.565,robot_2,EV_move_forward,EV_path_clear,CLEAR
322.868,robot_2,EV_approach_object,EV_blue_not_visible|EV_path_clear|EV_red_not_visible,CLEAR
323.154,robot_2,EV_search_object,EV_path_clear,CLEAR
323.256,robot_2,EV_move_forward,EV_path_clear,CLEAR
323.554,robot_2,EV_move_forward,EV_blue_not_visible|EV_path_clear|EV_red_not_visible,CLEAR
323.857,robot_2,EV_approach_object,EV_path_clear,CLEAR
324.066,robot_2,EV_approach_object,EV_path_clear,CLEAR
324.376,robot_2,EV_move_forward,EV_blue_not_visible|EV_path_clear|EV_red_not_visible,CLEAR
324.660,robot_2,EV_approach_object,EV_path_clear,CLEAR
324.949,robot_2,EV_approach_object,EV_blue_not_visible|EV_path_clear|EV_red_not_visible,CLEAR
325.265,robot_2,EV_approach_object,EV_path_clear,CLEAR
325.572,robot_2,EV_search_object,EV_blue_not_visible|EV_path_clear|EV_red_not_visible,CLEAR
325.750,robot_2,EV_approach_object,EV_path_clear,CLEAR
325.969,robot_2,EV_search_object,EV_path_clear,CLEAR
326.169,robot_2,EV_move_forward,EV_path_clear,CLEAR
326.455,robot_2,EV_approach_object,EV_blue_not_visible|EV_path_clear|EV_red_not_visible,CLEAR
326.750,robot_2,EV_approach_object,EV_path_clear,CLEAR
326.964,robot_2,EV_move_forward,EV_path_clear,CLEAR
327.167,robot_2,EV_search_object,EV_blue_not_visible|EV_path_clear|EV_red_not_visible,CLEAR
327.345,robot_2,EV_search_object,EV_path_clear,CLEAR
327.451,robot_2,EV_approach_object,EV_path_clear,CLEAR
327.662,robot_2,EV_search_object,EV_path_clear,CLEAR
327.766,robot_2,EV_search_object,EV_path_clear|EV_red_not_visible,CLEAR
327.971,robot_2,EV_move_forward,EV_blue_not_visible|EV_path_clear,CLEAR
328.245,robot_2,EV_approach_object,EV_path_clear,CLEAR
328.561,robot_2,EV_approach_object,EV_path_clear|EV_red_not_visible,CLEAR
328.859,robot_2,EV_approach_object,EV_blue_not_visible|EV_path_clear,CLEAR
329.156,robot_2,EV_approach_object,EV_path_clear,CLEAR
329.447,robot_2,EV_approach_object,EV_blue_visible|EV_path_clear|EV_red_not_visible,CLEAR
329.750,robot_2,EV_search_object,EV_path_clear,CLEAR
329.957,robot_2,EV_approach_object,EV_path_clear|EV_red_not_visible,CLEAR
330.176,robot_2,EV_move_forward,EV_blue_visible|EV_path_clear,CLEAR
330.471,robot_2,EV_search_object,EV_path_clear,CLEAR
330.665,robot_2,EV_search_object,EV_blue_visible|EV_path_clear|EV_red_not_visible,CLEAR
330.866,robot_2,EV_move_forward,EV_path_clear,CLEAR
331.176,robot_2,EV_move_forward,EV_path_clear,CLEAR
331.464,robot_2,EV_approach_object,EV_blue_visible|EV_path_clear|EV_red_not_visible,CLEAR
331.768,robot_2,EV_approach_object,EV_path_clear,CLEAR
332.067,robot_2,EV_approach_object,EV_blue_visible|EV_path_clear|EV_red_not_visible,CLEAR
332.363,robot_2,EV_approach_object,EV_path_clear,CLEAR
332.644,robot_2,EV_search_object,EV_blue_visible|EV_path_clear|EV_red_not_visible,CLEAR
332.860,robot_2,EV_search_object,EV_path_clear,CLEAR
333.044,robot_2,EV_approach_object,EV_path_clear,CLEAR
333.280,robot_2,EV_move_forward,EV_path_clear,CLEAR
333.567,robot_2,EV_approach_object,EV_blue_visible|EV_path_clear|EV_red_not_visible,CLEAR
333.871,robot_2,EV_move_forward,EV_path_clear,CLEAR
334.151,robot_2,EV_approach_object,EV_path_clear|EV_red_not_visible,CLEAR
334.453,robot_2,EV_move_forward,EV_blue_visible|EV_path_clear,CLEAR
334.662,robot_2,EV_approach_object,EV_path_clear,CLEAR
334.882,robot_2,EV_approach_object,EV_path_clear|EV_red_not_visible,CLEAR
335.156,robot_2,EV_search_object,EV_blue_visible|EV_path_clear,CLEAR
335.272,robot_2,EV_move_forward,EV_path_clear,CLEAR
335.570,robot_2,EV_search_object,EV_blue_visible|EV_path_clear|EV_red_not_visible,CLEAR
335.689,robot_2,EV_move_forward,EV_path_clear,CLEAR
335.954,robot_2,EV_search_object,EV_path_clear,CLEAR
336.150,robot_2,EV_move_forward,EV_path_clear,CLEAR
336.446,robot_2,EV_approach_object,EV_blue_visible|EV_path_clear|EV_red_not_visible,CLEAR
336.663,robot_2,EV_approach_object,EV_path_clear,CLEAR
336.954,robot_2,EV_search_object,EV_blue_visible|EV_path_clear|EV_red_not_visible,CLEAR
337.156,robot_2,EV_search_object,EV_path_clear,CLEAR
337.367,robot_2,EV_move_forward,EV_path_clear,CLEAR
337.680,robot_2,EV_move_forward,EV_path_clear,CLEAR
337.948,robot_2,EV_search_object,EV_blue_visible|EV_path_clear|EV_red_not_visible,CLEAR
338.151,robot_2,EV_approach_object,EV_path_clear,CLEAR
338.361,robot_2,EV_move_forward,EV_path_clear|EV_red_not_visible,CLEAR
338.661,robot_2,EV_search_object,EV_blue_visible|EV_path_clear,CLEAR
338.859,robot_2,EV_approach_object,EV_path_clear,CLEAR
339.173,robot_2,EV_approach_object,EV_blue_visible|EV_path_clear|EV_red_not_visible,CLEAR
339.454,robot_2,EV_move_forward,EV_path_clear,CLEAR
339.663,robot_2,EV_approach_object,EV_path_clear,CLEAR
339.951,robot_2,EV_search_object,EV_blue_reached|EV_path_clear|EV_red_not_visible,CLEAR
340.163,robot_2,EV_search_object,EV_path_clear,CLEAR
340.345,robot_2,EV_search_object,EV_path_clear,CLEAR
340.473,robot_2,EV_move_forward,EV_path_clear|EV_red_not_visible,CLEAR
340.755,robot_2,EV_move_forward,EV_blue_reached|EV_path_clear,CLEAR
341.059,robot_2,EV_move_forward,EV_path_clear,CLEAR
341.349,robot_2,EV_u_turn,EV_obstacle_right|EV_blue_reached|EV_red_not_visible,RIGHT
345.153,robot_2,EV_search_object,EV_blue_reached|EV_path_clear|EV_red_visible,CLEAR
345.355,robot_2,EV_approach_object,EV_blue_reached|EV_path_clear|EV_red_visible,CLEAR
345.645,robot_2,EV_search_object,EV_path_clear,CLEAR
345.761,robot_2,EV_approach_object,EV_path_clear,CLEAR
345.977,robot_2,EV_search_object,EV_path_clear,CLEAR
346.151,robot_2,EV_move_forward,EV_blue_reached|EV_path_clear|EV_red_visible,CLEAR
346.465,robot_2,EV_move_forward,EV_path_clear,CLEAR
346.770,robot_2,EV_search_object,EV_path_clear|EV_red_visible,CLEAR
346.959,robot_2,EV_search_object,EV_blue_reached|EV_path_clear,CLEAR
347.150,robot_2,EV_search_object,EV_path_clear,CLEAR
347.360,robot_2,EV_approach_object,EV_path_clear,CLEAR
347.654,robot_2,EV_approach_object,EV_blue_reached|EV_path_clear|EV_red_visible,CLEAR
347.947,robot_2,EV_search_object,EV_path_clear,CLEAR
348.169,robot_2,EV_search_object,EV_path_clear,CLEAR
348.348,robot_2,EV_approach_object,EV_blue_reached|EV_path_clear|EV_red_visible,CLEAR
348.653,robot_2,EV_approach_object,EV_path_clear,CLEAR
348.951,robot_2,EV_approach_object,EV_blue_reached|EV_path_clear|EV_red_not_visible,CLEAR
349.255,robot_2,EV_approach_object,EV_path_clear,CLEAR
349.571,robot_2,EV_search_object,EV_path_clear,CLEAR
349.748,robot_2,EV_approach_object,EV_blue_not_visible|EV_path_clear|EV_red_not_visible,CLEAR
350.066,robot_2,EV_move_forward,EV_path_clear,CLEAR
350.355,robot_2,EV_move_forward,EV_path_clear,CLEAR
350.652,robot_2,EV_move_forward,EV_blue_not_visible|EV_path_clear|EV_red_not_visible,CLEAR
350.960,robot_2,EV_search_object,EV_path_clear,CLEAR
351.180,robot_2,EV_search_object,EV_path_clear|EV_red_not_visible,CLEAR
351.357,robot_2,EV_search_object,EV_blue_not_visible|EV_path_clear,CLEAR
351.476,robot_2,EV_search_object,EV_path_clear,CLEAR
351.666,robot_2,EV_search_object,EV_path_clear,CLEAR
351.868,robot_2,EV_search_object,EV_blue_not_visible|EV_path_clear|EV_red_not_visible,CLEAR
352.056,robot_2,EV_search_object,EV_path_clear,CLEAR
352.165,robot_2,EV_search_object,EV_path_clear,CLEAR
352.357,robot_2,EV_move_forward,EV_path_clear,CLEAR
352.563,robot_2,EV_search_object,EV_blue_not_visible|EV_path_clear|EV_red_not_visible,CLEAR
352.749,robot_2,EV_search_object,EV_path_clear,CLEAR
352.880,robot_2,EV_search_object,EV_path_clear,CLEAR
353.052,robot_2,EV_approach_object,EV_path_clear,CLEAR
353.256,robot_2,EV_search_object,EV_blue_not_visible|EV_path_clear|EV_red_not_visible,CLEAR
353.464,robot_2,EV_approach_object,EV_path_clear,CLEAR
353.752,robot_2,EV_approach_object,EV_path_clear,CLEAR
353.957,robot_2,EV_approach_object,EV_blue_not_visible|EV_path_clear|EV_red_not_visible,CLEAR
354.261,robot_2,EV_search_object,EV_path_clear,CLEAR
354.445,robot_2,EV_move_forward,EV_blue_not_visible|EV_path_clear|EV_red_not_visible,CLEAR
354.756,robot_2,EV_move_forward,EV_path_clear,CLEAR
355.049,robot_2,EV_search_object,EV_blue_not_visible|EV_path_clear|EV_red_not_visible,CLEAR
355.247,robot_2,EV_search_object,EV_path_clear,CLEAR
355.454,robot_2,EV_approach_object,EV_path_clear,CLEAR
355.756,robot_2,EV_search_object,EV_path_clear|EV_red_not_visible,CLEAR
355.944,robot_2,EV_move_forward,EV_blue_not_visible|EV_path_clear,CLEAR
356.263,robot_2,EV_move_forward,EV_path_clear,CLEAR
356.546,robot_2,EV_search_object,EV_blue_not_visible|EV_path_clear|EV_red_not_visible,CLEAR
356.753,robot_2,EV_approach_object,EV_path_clear,CLEAR
357.056,robot_2,EV_search_object,EV_path_clear,CLEAR
357.253,robot_2,EV_move_forward,EV_blue_not_visible|EV_path_clear|EV_red_not_visible,CLEAR
357.564,robot_2,EV_move_forward,EV_path_clear,CLEAR
357.859,robot_2,EV_move_forward,EV_blue_not_visible|EV_path_clear|EV_red_not_visible,CLEAR
358.170,robot_2,EV_approach_object,EV_path_clear,CLEAR
358.459,robot_2,EV_move_forward,EV_path_clear,CLEAR
358.752,robot_2,EV_u_turn,EV_obstacle_right|EV_blue_reached|EV_red_not_visible,RIGHT
362.548,robot_2,EV_move_forward,EV_blue_reached|EV_path_clear|EV_red_visible,CLEAR
362.854,robot_2,EV_approach_object,EV_blue_reached|EV_path_clear,CLEAR
363.148,robot_2,EV_move_forward,EV_path_clear,CLEAR
363.459,robot_2,EV_approach_object,EV_blue_reached|EV_path_clear|EV_red_visible,CLEAR
363.756,robot_2,EV_approach_object,EV_path_clear,CLEAR
363.960,robot_2,EV_move_forward,EV_path_clear,CLEAR
364.250,robot_2,EV_move_forward,EV_blue_reached|EV_path_clear|EV_red_visible,CLEAR
364.569,robot_2,EV_approach_object,EV_path_clear,CLEAR
364.854,robot_2,EV_approach_object,EV_blue_reached|EV_path_clear|EV_red_visible,CLEAR
365.153,robot_2,EV_search_object,EV_path_clear,CLEAR
365.262,robot_2,EV_approach_object,EV_path_clear|EV_red_visible,CLEAR
365.552,robot_2,EV_search_object,EV_blue_reached|EV_path_clear,CLEAR
365.671,robot_2,EV_move_forward,EV_path_clear,CLEAR
365.959,robot_2,EV_approach_object,EV_blue_reached|EV_path_clear|EV_red_visible,CLEAR
366.176,robot_2,EV_move_forward,EV_path_clear,CLEAR
366.451,robot_2,EV_move_forward,EV_path_clear,CLEAR
366.676,robot_2,EV_search_object,EV_blue_reached|EV_path_clear|EV_red_visible,CLEAR
366.862,robot_2,EV_approach_object,EV_path_clear,CLEAR
367.159,robot_2,EV_move_forward,EV_blue_reached|EV_path_clear|EV_red_visible,CLEAR
367.457,robot_2,EV_search_object,EV_path_clear,CLEAR
367.651,robot_2,EV_approach_object,EV_path_clear,CLEAR
367.857,robot_2,EV_approach_object,EV_blue_not_visible|EV_path_clear|EV_red_visible,CLEAR
368.150,robot_2,EV_search_object,EV_path_clear,CLEAR
368.268,robot_2,EV_search_object,EV_path_clear,CLEAR
368.451,robot_2,EV_rotate_clockwise,EV_obstacle_left|EV_red_visible,LEFT
368.655,robot_2,EV_u_turn,EV_blue_not_visible|EV_obstacle_left,LEFT
372.557,robot_2,EV_approach_object,EV_blue_not_visible|EV_path_clear|EV_red_visible,CLEAR
372.851,robot_2,EV_search_object,EV_blue_not_visible|EV_path_clear|EV_red_not_visible,CLEAR
373.063,robot_2,EV_move_forward,EV_path_clear,CLEAR
373.358,robot_2,EV_move_forward,EV_blue_not_visible|EV_path_clear|EV_red_not_visible,CLEAR
373.657,robot_2,EV_search_object,EV_path_clear,CLEAR
373.768,robot_2,EV_search_object,EV_path_clear,CLEAR
373.956,robot_2,EV_approach_object,EV_path_clear|EV_red_not_visible,CLEAR
374.246,robot_2,EV_search_object,EV_blue_not_visible|EV_path_clear,CLEAR
374.358,robot_2,EV_approach_object,EV_path_clear,CLEAR
374.647,robot_2,EV_search_object,EV_blue_not_visible|EV_path_clear|EV_red_not_visible,CLEAR
374.854,robot_2,EV_move_forward,EV_path_clear,CLEAR
375.148,robot_2,EV_move_forward,EV_path_clear,CLEAR
375.361,robot_2,EV_approach_object,EV_path_clear,CLEAR
375.660,robot_2,EV_approach_object,EV_blue_not_visible|EV_path_clear|EV_red_not_visible,CLEAR
375.946,robot_2,EV_move_forward,EV_path_clear,CLEAR
376.164,robot_2,EV_approach_object,EV_blue_not_visible|EV_path_clear|EV_red_not_visible,CLEAR
376.456,robot_2,EV_move_forward,EV_path_clear,CLEAR
376.750,robot_2,EV_search_object,EV_blue_not_visible|EV_path_clear|EV_red_not_visible,CLEAR
376.960,robot_2,EV_approach_object,EV_path_clear,CLEAR
377.261,robot_2,EV_search_object,EV_path_clear,CLEAR
377.460,robot_2,EV_approach_object,EV_blue_not_visible|EV_path_clear|EV_red_not_visible,CLEAR
377.762,robot_2,EV_approach_object,EV_path_clear,CLEAR
378.046,robot_2,EV_search_object,EV_path_clear,CLEAR
378.164,robot_2,EV_search_object,EV_blue_not_visible|EV_path_clear|EV_red_not_visible,CLEAR
378.349,robot_2,EV_search_object,EV_path_clear,CLEAR
378.577,robot_2,EV_approach_object,EV_path_clear,CLEAR
378.854,robot_2,EV_approach_object,EV_path_clear,CLEAR
379.071,robot_2,EV_search_object,EV_blue_not_visible|EV_path_clear|EV_red_not_visible,CLEAR
379.257,robot_2,EV_move_forward,EV_path_clear,CLEAR
379.474,robot_2,EV_approach_object,EV_path_clear,CLEAR
379.752,robot_2,EV_approach_object,EV_blue_not_visible|EV_path_clear|EV_red_not_visible,CLEAR
379.966,robot_2,EV_move_forward,EV_path_clear,CLEAR
380.257,robot_2,EV_approach_object,EV_path_clear,CLEAR
380.476,robot_2,EV_rotate_counterclockwise,EV_obstacle_right|EV_blue_not_visible|EV_red_not_visible,RIGHT
380.657,robot_2,EV_rotate_counterclockwise,EV_obstacle_right,RIGHT
380.776,robot_2,EV_rotate_counterclockwise,EV_obstacle_right,RIGHT
380.959,robot_2,EV_u_turn,EV_obstacle_right,RIGHT
384.765,robot_2,EV_search_object,EV_blue_visible|EV_path_clear|EV_red_not_visible,CLEAR
384.950,robot_2,EV_move_forward,EV_blue_visible|EV_path_clear|EV_red_not_visible,CLEAR
385.247,robot_2,EV_approach_object,EV_path_clear,CLEAR
385.466,robot_2,EV_approach_object,EV_blue_visible|EV_path_clear|EV_red_visible,CLEAR
385.758,robot_2,EV_move_forward,EV_path_clear,CLEAR
386.051,robot_2,EV_search_object,EV_path_clear,CLEAR
386.154,robot_2,EV_approach_object,EV_path_clear|EV_red_visible,CLEAR
386.449,robot_2,EV_approach_object,EV_blue_visible|EV_path_clear,CLEAR
386.751,robot_2,EV_move_forward,EV_path_clear,CLEAR
386.962,robot_2,EV_approach_object,EV_blue_reached|EV_path_clear|EV_red_visible,CLEAR
387.166,robot_2,EV_move_forward,EV_path_clear,CLEAR
387.452,robot_2,EV_search_object,EV_blue_reached|EV_path_clear|EV_red_visible,CLEAR
387.564,robot_2,EV_move_forward,EV_path_clear,CLEAR
387.865,robot_2,EV_move_forward,EV_path_clear,CLEAR
388.146,robot_2,EV_approach_object,EV_blue_reached|EV_path_clear|EV_red_visible,CLEAR
388.466,robot_2,EV_move_forward,EV_path_clear,CLEAR
388.746,robot_2,EV_search_object,EV_blue_reached|EV_path_clear|EV_red_visible,CLEAR
388.948,robot_2,EV_approach_object,EV_path_clear,CLEAR
389.167,robot_2,EV_move_forward,EV_path_clear,CLEAR
389.468,robot_2,EV_search_object,EV_blue_reached|EV_path_clear|EV_red_visible,CLEAR
389.653,robot_2,EV_move_forward,EV_path_clear,CLEAR
389.972,robot_2,EV_move_forward,EV_path_clear,CLEAR
390.253,robot_2,EV_search_object,EV_blue_not_visible|EV_path_clear|EV_red_visible,CLEAR
390.459,robot_2,EV_approach_object,EV_path_clear,CLEAR
390.753,robot_2,EV_search_object,EV_path_clear,CLEAR
390.947,robot_2,EV_search_object,EV_blue_not_visible|EV_path_clear|EV_red_visible,CLEAR
391.157,robot_2,EV_move_forward,EV_path_clear,CLEAR
391.447,robot_2,EV_approach_object,EV_blue_not_visible|EV_path_clear|EV_red_visible,CLEAR
391.664,robot_2,EV_approach_object,EV_path_clear,CLEAR
391.974,robot_2,EV_approach_object,EV_path_clear,CLEAR
392.257,robot_2,EV_search_object,EV_blue_not_visible|EV_path_clear|EV_red_visible,CLEAR
392.459,robot_2,EV_search_object,EV_path_clear,CLEAR
392.574,robot_2,EV_search_object,EV_path_clear,CLEAR
392.780,robot_2,EV_search_object,EV_path_clear,CLEAR
392.950,robot_2,EV_move_forward,EV_blue_not_visible|EV_path_clear|EV_red_visible,CLEAR
393.247,robot_2,EV_move_forward,EV_path_clear,CLEAR
393.465,robot_2,EV_approach_object,EV_path_clear,CLEAR
393.752,robot_2,EV_move_forward,EV_blue_not_visible|EV_path_clear|EV_red_visible,CLEAR
394.047,robot_2,EV_approach_object,EV_path_clear,CLEAR
394.276,robot_2,EV_approach_object,EV_path_clear,CLEAR
394.562,robot_2,EV_approach_object,EV_blue_not_visible|EV_path_clear|EV_red_visible,CLEAR
394.851,robot_2,EV_move_forward,EV_path_clear,CLEAR
395.058,robot_2,EV_move_forward,EV_blue_not_visible|EV_path_clear|EV_red_visible,CLEAR
395.350,robot_2,EV_move_forward,EV_path_clear,CLEAR
395.554,robot_2,EV_search_object,EV_path_clear,CLEAR
395.665,robot_2,EV_approach_object,EV_path_clear,CLEAR
395.867,robot_2,EV_search_object,EV_blue_not_visible|EV_path_clear|EV_red_visible,CLEAR
396.061,robot_2,EV_search_object,EV_path_clear,CLEAR
396.246,robot_2,EV_approach_object,EV_path_clear,CLEAR
396.549,robot_2,EV_move_forward,EV_blue_not_visible|EV_path_clear|EV_red_not_visible,CLEAR
396.861,robot_2,EV_move_forward,EV_path_clear,CLEAR
397.162,robot_2,EV_move_forward,EV_path_clear|EV_red_not_visible,CLEAR
397.451,robot_2,EV_move_forward,EV_blue_not_visible|EV_path_clear,CLEAR
397.753,robot_2,EV_move_forward,EV_path_clear,CLEAR
397.958,robot_2,EV_search_object,EV_path_clear,CLEAR
398.154,robot_2,EV_move_forward,EV_blue_not_visible|EV_path_clear|EV_red_not_visible,CLEAR
398.452,robot_2,EV_move_forward,EV_path_clear|EV_red_not_visible,CLEAR
398.661,robot_2,EV_search_object,EV_blue_not_visible|EV_path_clear,CLEAR
398.860,robot_2,EV_move_forward,EV_path_clear,CLEAR
399.160,robot_2,EV_move_forward,EV_blue_not_visible|EV_path_clear|EV_red_not_visible,CLEAR
399.471,robot_2,EV_search_object,EV_path_clear,CLEAR
399.645,robot_2,EV_approach_object,EV_path_clear,CLEAR
399.867,robot_2,EV_approach_object,EV_blue_not_visible|EV_path_clear|EV_red_not_visible,CLEAR
400.073,robot_2,EV_move_forward,EV_path_clear,CLEAR
400.377,robot_2,EV_search_object,EV_path_clear,CLEAR
400.549,robot_2,EV_move_forward,EV_blue_not_visible|EV_path_clear|EV_red_not_visible,CLEAR
400.849,robot_2,EV_move_forward,EV_path_clear,CLEAR
401.063,robot_2,EV_move_forward,EV_path_clear,CLEAR
401.349,robot_2,EV_move_forward,EV_blue_not_visible|EV_path_clear|EV_red_not_visible,CLEAR
401.651,robot_2,EV_approach_object,EV_path_clear,CLEAR
401.855,robot_2,EV_rotate_clockwise,EV_blue_not_visible|EV_obstacle_left|EV_red_not_visible,LEFT
402.051,robot_2,EV_u_turn,EV_obstacle_left,LEFT
405.862,robot_2,EV_rotate_counterclockwise,EV_obstacle_right|EV_blue_not_visible|EV_red_not_visible,RIGHT
406.044,robot_2,EV_move_forward,EV_blue_not_visible|EV_path_clear|EV_red_not_visible,CLEAR
406.352,robot_2,EV_search_object,EV_path_clear,CLEAR
406.568,robot_2,EV_move_forward,EV_path_clear,CLEAR
406.855,robot_2,EV_move_forward,EV_blue_not_visible|EV_path_clear|EV_red_not_visible,CLEAR
407.162,robot_2,EV_approach_object,EV_path_clear,CLEAR
407.461,robot_2,EV_search_object,EV_blue_visible|EV_path_clear|EV_red_not_visible,CLEAR
407.650,robot_2,EV_approach_object,EV_path_clear,CLEAR
407.973,robot_2,EV_move_forward,EV_path_clear,CLEAR
408.245,robot_2,EV_move_forward,EV_blue_visible|EV_path_clear|EV_red_not_visible,CLEAR
408.565,robot_2,EV_move_forward,EV_path_clear,CLEAR
408.850,robot_2,EV_search_object,EV_blue_visible|EV_path_clear|EV_red_not_visible,CLEAR
409.047,robot_2,EV_move_forward,EV_path_clear,CLEAR
409.260,robot_2,EV_search_object,EV_path_clear,CLEAR
409.375,robot_2,EV_search_object,EV_path_clear,CLEAR
409.559,robot_2,EV_approach_object,EV_path_clear|EV_red_not_visible,CLEAR
409.854,robot_2,EV_move_forward,EV_blue_visible|EV_path_clear,CLEAR
410.180,robot_2,EV_move_forward,EV_path_clear,CLEAR
410.458,robot_2,EV_search_object,EV_blue_visible|EV_path_clear|EV_red_not_visible,CLEAR
410.656,robot_2,EV_search_object,EV_path_clear,CLEAR
410.861,robot_2,EV_approach_object,EV_path_clear,CLEAR
411.169,robot_2,EV_search_object,EV_blue_visible|EV_path_clear|EV_red_not_visible,CLEAR
411.345,robot_2,EV_approach_object,EV_path_clear,CLEAR
411.564,robot_2,EV_approach_object,EV_path_clear,CLEAR
411.870,robot_2,EV_approach_object,EV_blue_visible|EV_path_clear|EV_red_not_visible,CLEAR
412.144,robot_2,EV_move_forward,EV_path_clear,CLEAR
412.366,robot_2,EV_search_object,EV_path_clear|EV_red_not_visible,CLEAR
412.554,robot_2,EV_approach_object,EV_blue_visible|EV_path_clear,CLEAR
412.762,robot_2,EV_search_object,EV_path_clear,CLEAR
412.964,robot_2,EV_search_object,EV_path_clear,CLEAR
413.066,robot_2,EV_approach_object,EV_blue_visible|EV_path_clear|EV_red_not_visible,CLEAR
413.368,robot_2,EV_move_forward,EV_path_clear,CLEAR
413.673,robot_2,EV_move_forward,EV_path_clear,CLEAR
413.953,robot_2,EV_search_object,EV_blue_visible|EV_path_clear|EV_red_not_visible,CLEAR
414.067,robot_2,EV_search_object,EV_path_clear,CLEAR
414.255,robot_2,EV_search_object,EV_path_clear,CLEAR
414.477,robot_2,EV_search_object,EV_path_clear,CLEAR
414.662,robot_2,EV_search_object,EV_path_clear|EV_red_not_visible,CLEAR
414.849,robot_2,EV_move_forward,EV_blue_visible|EV_path_clear,CLEAR
415.065,robot_2,EV_move_forward,EV_path_clear,CLEAR
415.372,robot_2,EV_move_forward,EV_blue_visible|EV_path_clear|EV_red_not_visible,CLEAR
415.651,robot_2,EV_search_object,EV_path_clear,CLEAR
415.859,robot_2,EV_approach_object,EV_path_clear,CLEAR
416.069,robot_2,EV_search_object,EV_blue_visible|EV_path_clear|EV_red_not_visible,CLEAR
416.251,robot_2,EV_move_forward,EV_path_clear,CLEAR
416.554,robot_2,EV_search_object,EV_path_clear,CLEAR
416.746,robot_2,EV_move_forward,EV_blue_visible|EV_path_clear|EV_red_not_visible,CLEAR
417.061,robot_2,EV_search_object,EV_path_clear,CLEAR
417.266,robot_2,EV_approach_object,EV_blue_visible|EV_path_clear|EV_red_not_visible,CLEAR
417.554,robot_2,EV_search_object,EV_path_clear,CLEAR
417.758,robot_2,EV_move_forward,EV_path_clear,CLEAR
417.969,robot_2,EV_search_object,EV_path_clear,CLEAR
418.163,robot_2,EV_approach_object,EV_blue_visible|EV_path_clear|EV_red_not_visible,CLEAR
418.450,robot_2,EV_search_object,EV_path_clear,CLEAR
418.674,robot_2,EV_search_object,EV_path_clear,CLEAR
418.852,robot_2,EV_approach_object,EV_blue_not_visible|EV_path_clear|EV_red_not_visible,CLEAR
419.071,robot_2,EV_move_forward,EV_path_clear,CLEAR
419.360,robot_2,EV_search_object,EV_path_clear|EV_red_visible,CLEAR
419.554,robot_2,EV_search_object,EV_blue_not_visible|EV_path_clear,CLEAR
419.760,robot_2,EV_move_forward,EV_path_clear,CLEAR
419.968,robot_2,EV_search_object,EV_path_clear,CLEAR
420.169,robot_2,EV_move_forward,EV_path_clear,CLEAR
420.452,robot_2,EV_search_object,EV_blue_not_visible|EV_path_clear|EV_red_visible,CLEAR
420.652,robot_2,EV_move_forward,EV_path_clear,CLEAR
420.963,robot_2,EV_move_forward,EV_path_clear,CLEAR
421.249,robot_2,EV_search_object,EV_blue_not_visible|EV_path_clear|EV_red_visible,CLEAR
421.458,robot_2,EV_search_object,EV_path_clear,CLEAR
421.682,robot_2,EV_search_object,EV_blue_not_visible|EV_path_clear|EV_red_visible,CLEAR
421.851,robot_2,EV_approach_object,EV_path_clear,CLEAR
422.166,robot_2,EV_move_forward,EV_path_clear,CLEAR
422.446,robot_2,EV_move_forward,EV_blue_not_visible|EV_path_clear|EV_red_visible,CLEAR
422.754,robot_2,EV_approach_object,EV_path_clear,CLEAR
422.958,robot_2,EV_search_object,EV_path_clear,CLEAR
423.063,robot_2,EV_approach_object,EV_path_clear,CLEAR
423.346,robot_2,EV_approach_object,EV_blue_not_visible|EV_path_clear|EV_red_visible,CLEAR
423.649,robot_2,EV_approach_object,EV_path_clear,CLEAR
423.858,robot_2,EV_move_forward,EV_path_clear,CLEAR
424.066,robot_2,EV_search_object,EV_blue_not_visible|EV_path_clear|EV_red_visible,CLEAR
424.261,robot_2,EV_search_object,EV_path_clear,CLEAR
424.461,robot_2,EV_approach_object,EV_path_clear,CLEAR
424.765,robot_2,EV_approach_object,EV_blue_not_visible|EV_path_clear|EV_red_visible,CLEAR
425.052,robot_2,EV_approach_object,EV_path_clear,CLEAR
425.361,robot_2,EV_move_forward,EV_path_clear|EV_red_visible,CLEAR
425.652,robot_2,EV_search_object,EV_blue_not_visible|EV_path_clear,CLEAR
425.852,robot_2,EV_move_forward,EV_path_clear,CLEAR
426.060,robot_2,EV_move_forward,EV_blue_not_visible|EV_path_clear|EV_red_visible,CLEAR
426.348,robot_2,EV_approach_object,EV_path_clear,CLEAR
426.556,robot_2,EV_approach_object,EV_path_clear,CLEAR
426.846,robot_2,EV_approach_object,EV_blue_not_visible|EV_path_clear|EV_red_visible,CLEAR
427.059,robot_2,EV_move_forward,EV_path_clear,CLEAR
427.357,robot_2,EV_search_object,EV_path_clear,CLEAR
427.558,robot_2,EV_move_forward,EV_path_clear,CLEAR
427.865,robot_2,EV_search_object,EV_blue_not_visible|EV_path_clear|EV_red_visible,CLEAR
428.054,robot_2,EV_approach_object,EV_path_clear|EV_red_visible,CLEAR
428.355,robot_2,EV_move_forward,EV_blue_not_visible|EV_path_clear,CLEAR
428.646,robot_2,EV_move_forward,EV_path_clear,CLEAR
428.853,robot_2,EV_approach_object,EV_blue_not_visible|EV_path_clear|EV_red_visible,CLEAR
429.157,robot_2,EV_search_object,EV_path_clear,CLEAR
429.345,robot_2,EV_move_forward,EV_path_clear,CLEAR
429.553,robot_2,EV_approach_object,EV_blue_not_visible|EV_path_clear|EV_red_visible,CLEAR
429.847,robot_2,EV_approach_object,EV_path_clear,CLEAR
430.059,robot_2,EV_search_object,EV_path_clear,CLEAR
430.263,robot_2,EV_search_object,EV_blue_not_visible|EV_path_clear|EV_red_visible,CLEAR
430.457,robot_2,EV_approach_object,EV_path_clear,CLEAR
430.765,robot_2,EV_approach_object,EV_path_clear,CLEAR
430.973,robot_2,EV_move_forward,EV_path_clear,CLEAR
431.260,robot_2,EV_search_object,EV_blue_not_visible|EV_path_clear|EV_red_visible,CLEAR
431.456,robot_2,EV_move_forward,EV_path_clear,CLEAR
431.670,robot_2,EV_move_forward,EV_path_clear|EV_red_visible,CLEAR
431.964,robot_2,EV_search_object,EV_blue_not_visible|EV_path_clear,CLEAR
432.148,robot_2,EV_move_forward,EV_path_clear,CLEAR
432.360,robot_2,EV_search_object,EV_path_clear|EV_red_visible,CLEAR
432.566,robot_2,EV_approach_object,EV_blue_not_visible|EV_path_clear,CLEAR
432.860,robot_2,EV_move_forward,EV_path_clear,CLEAR
433.172,robot_2,EV_approach_object,EV_blue_not_visible|EV_red_reached|EV_path_clear,CLEAR
433.451,robot_2,EV_approach_object,EV_path_clear,CLEAR
433.749,robot_2,EV_search_object,EV_path_clear,CLEAR
433.858,robot_2,EV_search_object,EV_blue_not_visible|EV_red_reached|EV_path_clear,CLEAR
434.055,robot_2,EV_move_forward,EV_path_clear,CLEAR
434.354,robot_2,EV_move_forward,EV_path_clear,CLEAR
434.665,robot_2,EV_approach_object,EV_blue_not_visible|EV_red_reached|EV_path_clear,CLEAR
434.971,robot_2,EV_move_forward,EV_path_clear,CLEAR
435.257,robot_2,EV_approach_object,EV_blue_not_visible|EV_red_reached|EV_path_clear,CLEAR
435.561,robot_2,EV_move_forward,EV_path_clear,CLEAR
435.854,robot_2,EV_search_object,EV_blue_not_visible|EV_path_clear|EV_red_not_visible,CLEAR
436.051,robot_2,EV_search_object,EV_path_clear,CLEAR
436.250,robot_2,EV_move_forward,EV_path_clear,CLEAR
436.452,robot_2,EV_approach_object,EV_blue_not_visible|EV_path_clear|EV_red_not_visible,CLEAR
436.664,robot_2,EV_approach_object,EV_path_clear,CLEAR
436.948,robot_2,EV_approach_object,EV_path_clear,CLEAR
437.258,robot_2,EV_approach_object,EV_path_clear|EV_red_not_visible,CLEAR
437.552,robot_2,EV_move_forward,EV_blue_not_visible|EV_path_clear,CLEAR
437.761,robot_2,EV_move_forward,EV_path_clear,CLEAR
438.053,robot_2,EV_move_forward,EV_blue_not_visible|EV_path_clear|EV_red_not_visible,CLEAR
438.352,robot_2,EV_approach_object,EV_path_clear,CLEAR
438.665,robot_2,EV_move_forward,EV_blue_not_visible|EV_path_clear|EV_red_not_visible,CLEAR
438.957,robot_2,EV_search_object,EV_path_clear,CLEAR
439.154,robot_2,EV_rotate_clockwise,EV_obstacle_left,LEFT
439.256,robot_2,EV_rotate_clockwise,EV_obstacle_left|EV_red_not_visible,LEFT
439.447,robot_2,EV_u_turn,EV_blue_not_visible|EV_obstacle_left,LEFT
443.168,robot_2,EV_search_object,EV_blue_not_visible|EV_path_clear|EV_red_not_visible,CLEAR
443.353,robot_2,EV_approach_object,EV_blue_not_visible|EV_path_clear|EV_red_not_visible,CLEAR
443.650,robot_2,EV_search_object,EV_path_clear,CLEAR
443.753,robot_2,EV_approach_object,EV_path_clear,CLEAR
443.959,robot_2,EV_move_forward,EV_path_clear,CLEAR
444.263,robot_2,EV_search_object,EV_blue_visible|EV_path_clear|EV_red_not_visible,CLEAR
444.454,robot_2,EV_approach_object,EV_path_clear,CLEAR
444.663,robot_2,EV_search_object,EV_path_clear,CLEAR
444.853,robot_2,EV_move_forward,EV_blue_visible|EV_path_clear|EV_red_not_visible,CLEAR
445.153,robot_2,EV_move_forward,EV_path_clear,CLEAR
445.362,robot_2,EV_move_forward,EV_path_clear,CLEAR
445.666,robot_2,EV_approach_object,EV_blue_visible|EV_path_clear|EV_red_not_visible,CLEAR
445.946,robot_2,EV_approach_object,EV_path_clear,CLEAR
446.165,robot_2,EV_approach_object,EV_blue_visible|EV_path_clear|EV_red_not_visible,CLEAR
446.454,robot_2,EV_approach_object,EV_path_clear,CLEAR
446.779,robot_2,EV_move_forward,EV_path_clear,CLEAR
447.056,robot_2,EV_move_forward,EV_blue_visible|EV_path_clear|EV_red_not_visible,CLEAR
447.347,robot_2,EV_move_forward,EV_path_clear,CLEAR
447.553,robot_2,EV_move_forward,EV_blue_visible|EV_path_clear|EV_red_not_visible,CLEAR
447.854,robot_2,EV_search_object,EV_path_clear,CLEAR
448.047,robot_2,EV_search_object,EV_path_clear,CLEAR
448.168,robot_2,EV_move_forward,EV_path_clear,CLEAR
448.452,robot_2,EV_move_forward,EV_blue_visible|EV_path_clear|EV_red_not_visible,CLEAR
448.768,robot_2,EV_approach_object,EV_path_clear,CLEAR
449.068,robot_2,EV_approach_object,EV_blue_visible|EV_path_clear|EV_red_not_visible,CLEAR
449.348,robot_2,EV_search_object,EV_path_clear,CLEAR
449.562,robot_2,EV_move_forward,EV_path_clear|EV_red_not_visible,CLEAR
449.852,robot_2,EV_search_object,EV_blue_visible|EV_path_clear,CLEAR
450.054,robot_2,EV_move_forward,EV_path_clear,CLEAR
450.360,robot_2,EV_search_object,EV_path_clear|EV_red_not_visible,CLEAR
450.559,robot_2,EV_move_forward,EV_blue_visible|EV_path_clear,CLEAR
450.773,robot_2,EV_approach_object,EV_path_clear,CLEAR
451.056,robot_2,EV_approach_object,EV_blue_visible|EV_path_clear|EV_red_not_visible,CLEAR
451.351,robot_2,EV_move_forward,EV_path_clear,CLEAR
451.656,robot_2,EV_search_object,EV_path_clear,CLEAR
451.761,robot_2,EV_search_object,EV_blue_visible|EV_path_clear|EV_red_not_visible,CLEAR
451.958,robot_2,EV_move_forward,EV_path_clear,CLEAR
452.259,robot_2,EV_move_forward,EV_path_clear,CLEAR
452.559,robot_2,EV_search_object,EV_blue_visible|EV_path_clear|EV_red_not_visible,CLEAR
452.746,robot_2,EV_move_forward,EV_path_clear,CLEAR
452.966,robot_2,EV_search_object,EV_path_clear,CLEAR
453.157,robot_2,EV_move_forward,EV_blue_visible|EV_path_clear|EV_red_not_visible,CLEAR
453.449,robot_2,EV_move_forward,EV_path_clear,CLEAR
453.747,robot_2,EV_approach_object,EV_blue_visible|EV_path_clear|EV_red_not_visible,CLEAR
453.969,robot_2,EV_approach_object,EV_path_clear,CLEAR
454.276,robot_2,EV_approach_object,EV_path_clear,CLEAR
454.563,robot_2,EV_move_forward,EV_blue_visible|EV_path_clear|EV_red_not_visible,CLEAR
454.860,robot_2,EV_search_object,EV_path_clear,CLEAR
454.969,robot_2,EV_move_forward,EV_path_clear,CLEAR
455.270,robot_2,EV_move_forward,EV_path_clear,CLEAR
455.552,robot_2,EV_rotate_clockwise,EV_blue_visible|EV_obstacle_front|EV_red_not_visible,CORNER
455.752,robot_2,EV_rotate_clockwise,EV_obstacle_front,CORNER
455.876,robot_2,EV_move_backward,EV_obstacle_front,CORNER
456.170,robot_2,EV_u_turn,EV_obstacle_front|EV_red_not_visible,CORNER
460.054,robot_2,EV_search_object,EV_blue_visible|EV_path_clear|EV_red_not_visible|EV_red_visible,CLEAR
460.272,robot_2,EV_search_object,EV_path_clear,CLEAR
460.453,robot_2,EV_search_object,EV_path_clear,CLEAR
460.569,robot_2,EV_move_forward,EV_path_clear,CLEAR
460.775,robot_2,EV_search_object,EV_path_clear|EV_red_visible,CLEAR
460.963,robot_2,EV_approach_object,EV_blue_not_visible|EV_path_clear,CLEAR
461.272,robot_2,EV_approach_object,EV_path_clear,CLEAR
461.570,robot_2,EV_search_object,EV_path_clear|EV_red_visible,CLEAR
461.767,robot_2,EV_move_forward,EV_blue_not_visible|EV_path_clear,CLEAR
462.060,robot_2,EV_move_forward,EV_path_clear,CLEAR
462.371,robot_2,EV_approach_object,EV_path_clear,CLEAR
462.661,robot_2,EV_move_forward,EV_blue_not_visible|EV_path_clear|EV_red_visible,CLEAR
462.892,robot_2,EV_move_forward,EV_path_clear,CLEAR
463.166,robot_2,EV_approach_object,EV_path_clear,CLEAR
463.460,robot_2,EV_approach_object,EV_blue_not_visible|EV_path_clear|EV_red_visible,CLEAR
463.761,robot_2,EV_approach_object,EV_path_clear,CLEAR
463.964,robot_2,EV_approach_object,EV_path_clear,CLEAR
464.252,robot_2,EV_search_object,EV_blue_not_visible|EV_path_clear|EV_red_visible,CLEAR
464.452,robot_2,EV_approach_object,EV_path_clear,CLEAR
464.655,robot_2,EV_search_object,EV_path_clear,CLEAR
464.759,robot_2,EV_search_object,EV_path_clear,CLEAR
464.867,robot_2,EV_approach_object,EV_blue_not_visible|EV_path_clear|EV_red_visible,CLEAR
465.168,robot_2,EV_move_forward,EV_path_clear,CLEAR
465.459,robot_2,EV_move_forward,EV_path_clear,CLEAR
465.747,robot_2,EV_search_object,EV_blue_not_visible|EV_path_clear|EV_red_visible,CLEAR
465.970,robot_2,EV_search_object,EV_path_clear,CLEAR
466.145,robot_2,EV_move_forward,EV_path_clear,CLEAR
466.350,robot_2,EV_approach_object,EV_path_clear,CLEAR
466.650,robot_2,EV_search_object,EV_blue_not_visible|EV_path_clear|EV_red_visible,CLEAR
466.757,robot_2,EV_move_forward,EV_path_clear,CLEAR
466.965,robot_2,EV_search_object,EV_path_clear,CLEAR
467.158,robot_2,EV_move_forward,EV_path_clear|EV_red_not_visible,CLEAR
467.463,robot_2,EV_approach_object,EV_blue_not_visible|EV_path_clear,CLEAR
467.776,robot_2,EV_approach_object,EV_path_clear,CLEAR
468.075,robot_2,EV_move_forward,EV_blue_not_visible|EV_path_clear|EV_red_not_visible,CLEAR
468.363,robot_2,EV_search_object,EV_path_clear,CLEAR
468.549,robot_2,EV_move_forward,EV_path_clear,CLEAR
468.874,robot_2,EV_move_forward,EV_blue_not_visible|EV_path_clear|EV_red_not_visible,CLEAR
469.152,robot_2,EV_search_object,EV_path_clear,CLEAR
469.257,robot_2,EV_approach_object,EV_path_clear,CLEAR
469.559,robot_2,EV_move_forward,EV_path_clear,CLEAR
469.870,robot_2,EV_search_object,EV_blue_not_visible|EV_path_clear|EV_red_not_visible,CLEAR
470.045,robot_2,EV_move_forward,EV_path_clear,CLEAR
470.279,robot_2,EV_move_forward,EV_path_clear,CLEAR
470.546,robot_2,EV_approach_object,EV_blue_not_visible|EV_path_clear|EV_red_not_visible,CLEAR
470.856,robot_2,EV_move_forward,EV_path_clear,CLEAR
471.172,robot_2,EV_search_object,EV_path_clear,CLEAR
471.358,robot_2,EV_move_forward,EV_blue_not_visible|EV_path_clear|EV_red_not_visible,CLEAR
471.668,robot_2,EV_search_object,EV_path_clear,CLEAR
471.850,robot_2,EV_approach_object,EV_path_clear,CLEAR
472.065,robot_2,EV_search_object,EV_blue_not_visible|EV_path_clear|EV_red_not_visible,CLEAR
472.256,robot_2,EV_search_object,EV_path_clear,CLEAR
472.368,robot_2,EV_search_object,EV_path_clear,CLEAR
472.568,robot_2,EV_search_object,EV_path_clear,CLEAR
472.765,robot_2,EV_move_forward,EV_blue_not_visible|EV_path_clear|EV_red_not_visible,CLEAR
473.047,robot_2,EV_search_object,EV_path_clear,CLEAR
473.162,robot_2,EV_approach_object,EV_path_clear,CLEAR
473.462,robot_2,EV_approach_object,EV_blue_not_visible|EV_path_clear|EV_red_not_visible,CLEAR
473.765,robot_2,EV_move_forward,EV_path_clear,CLEAR
474.054,robot_2,EV_rotate_clockwise,EV_blue_not_visible|EV_obstacle_left|EV_red_not_visible,LEFT
474.259,robot_2,EV_rotate_clockwise,EV_obstacle_left,LEFT
474.450,robot_2,EV_rotate_clockwise,EV_obstacle_left,LEFT
474.586,robot_2,EV_u_turn,EV_obstacle_left,LEFT
478.352,robot_2,EV_rotate_counterclockwise,EV_obstacle_right|EV_blue_not_visible|EV_red_not_visible,RIGHT
481.075,robot_2,EV_search_object,EV_blue_visible|EV_path_clear|EV_red_not_visible,CLEAR
481.257,robot_2,EV_approach_object,EV_path_clear,CLEAR
481.465,robot_2,EV_move_forward,EV_blue_visible|EV_path_clear|EV_red_not_visible,CLEAR
481.760,robot_2,EV_search_object,EV_path_clear,CLEAR
481.955,robot_2,EV_approach_object,EV_path_clear,CLEAR
482.259,robot_2,EV_search_object,EV_blue_visible|EV_path_clear|EV_red_visible,CLEAR
482.448,robot_2,EV_move_forward,EV_path_clear,CLEAR
482.691,robot_2,EV_move_forward,EV_path_clear|EV_red_visible,CLEAR
482.948,robot_2,EV_search_object,EV_blue_visible|EV_path_clear,CLEAR
483.071,robot_2,EV_move_forward,EV_path_clear,CLEAR
483.358,robot_2,EV_approach_object,EV_blue_visible|EV_path_clear|EV_red_visible,CLEAR
483.657,robot_2,EV_move_forward,EV_path_clear,CLEAR
483.950,robot_2,EV_move_forward,EV_path_clear|EV_red_visible,CLEAR
484.244,robot_2,EV_move_forward,EV_blue_visible|EV_path_clear,CLEAR
484.554,robot_2,EV_move_forward,EV_path_clear|EV_red_visible,CLEAR
484.855,robot_2,EV_move_forward,EV_blue_not_visible|EV_path_clear,CLEAR
485.155,robot_2,EV_approach_object,EV_path_clear,CLEAR
485.360,robot_2,EV_search_object,EV_blue_not_visible|EV_red_reached|EV_path_clear,CLEAR
485.562,robot_2,EV_approach_object,EV_path_clear,CLEAR
485.861,robot_2,EV_approach_object,EV_path_clear,CLEAR
486.167,robot_2,EV_u_turn,EV_blue_not_visible|EV_obstacle_left|EV_red_reached,LEFT
489.987,robot_2,EV_approach_object,EV_blue_not_visible|EV_red_reached|EV_path_clear,CLEAR
490.265,robot_2,EV_move_forward,EV_blue_not_visible|EV_red_reached|EV_path_clear,CLEAR
490.570,robot_2,EV_approach_object,EV_path_clear,CLEAR
490.848,robot_2,EV_approach_object,EV_blue_not_visible|EV_red_reached|EV_path_clear,CLEAR
491.161,robot_2,EV_move_forward,EV_path_clear,CLEAR
491.451,robot_2,EV_approach_object,EV_path_clear,CLEAR
491.749,robot_2,EV_move_forward,EV_blue_not_visible|EV_red_reached|EV_path_clear,CLEAR
492.048,robot_2,EV_approach_object,EV_path_clear,CLEAR
492.250,robot_2,EV_approach_object,EV_path_clear,CLEAR
492.480,robot_2,EV_search_object,EV_blue_not_visible|EV_red_reached|EV_path_clear,CLEAR
492.662,robot_2,EV_search_object,EV_path_clear,CLEAR
492.770,robot_2,EV_approach_object,EV_path_clear,CLEAR
493.079,robot_2,EV_move_forward,EV_red_reached|EV_path_clear,CLEAR
493.351,robot_2,EV_approach_object,EV_blue_not_visible|EV_path_clear,CLEAR
493.563,robot_2,EV_approach_object,EV_path_clear,CLEAR
493.852,robot_2,EV_search_object,EV_path_clear,CLEAR
494.062,robot_2,EV_move_forward,EV_blue_not_visible|EV_path_clear|EV_red_not_visible,CLEAR
494.363,robot_2,EV_search_object,EV_path_clear,CLEAR
494.477,robot_2,EV_approach_object,EV_path_clear,CLEAR
494.752,robot_2,EV_approach_object,EV_blue_not_visible|EV_path_clear|EV_red_not_visible,CLEAR
495.061,robot_2,EV_approach_object,EV_path_clear,CLEAR
495.367,robot_2,EV_approach_object,EV_path_clear,CLEAR
495.652,robot_2,EV_search_object,EV_blue_not_visible|EV_path_clear|EV_red_not_visible,CLEAR
495.768,robot_2,EV_approach_object,EV_path_clear,CLEAR
496.058,robot_2,EV_search_object,EV_path_clear,CLEAR
496.250,robot_2,EV_approach_object,EV_path_clear,CLEAR
496.551,robot_2,EV_move_forward,EV_blue_not_visible|EV_path_clear|EV_red_not_visible,CLEAR
496.858,robot_2,EV_rotate_clockwise,EV_obstacle_left|EV_red_not_visible,LEFT
496.960,robot_2,EV_u_turn,EV_blue_not_visible|EV_obstacle_left,LEFT
500.865,robot_2,EV_search_object,EV_blue_not_visible|EV_path_clear|EV_red_not_visible,CLEAR
501.085,robot_2,EV_approach_object,EV_path_clear,CLEAR
501.365,robot_2,EV_search_object,EV_blue_visible|EV_path_clear|EV_red_not_visible,CLEAR
501.549,robot_2,EV_approach_object,EV_path_clear,CLEAR
501.757,robot_2,EV_move_forward,EV_path_clear,CLEAR
502.058,robot_2,EV_move_forward,EV_blue_visible|EV_path_clear|EV_red_not_visible,CLEAR
502.369,robot_2,EV_move_forward,EV_path_clear,CLEAR
502.646,robot_2,EV_move_forward,EV_blue_visible|EV_path_clear|EV_red_not_visible,CLEAR
502.866,robot_2,EV_move_forward,EV_path_clear,CLEAR
503.161,robot_2,EV_approach_object,EV_blue_visible|EV_path_clear|EV_red_not_visible,CLEAR
503.458,robot_2,EV_move_forward,EV_path_clear,CLEAR
503.747,robot_2,EV_approach_object,EV_path_clear,CLEAR
503.949,robot_2,EV_move_forward,EV_blue_visible|EV_path_clear|EV_red_not_visible,CLEAR
504.278,robot_2,EV_search_object,EV_path_clear,CLEAR
504.467,robot_2,EV_approach_object,EV_path_clear,CLEAR
504.751,robot_2,EV_approach_object,EV_blue_visible|EV_path_clear|EV_red_not_visible,CLEAR
505.049,robot_2,EV_approach_object,EV_path_clear,CLEAR
505.360,robot_2,EV_approach_object,EV_blue_visible|EV_path_clear|EV_red_not_visible,CLEAR
505.649,robot_2,EV_move_forward,EV_path_clear,CLEAR
505.855,robot_2,EV_move_forward,EV_path_clear,CLEAR
506.151,robot_2,EV_search_object,EV_blue_visible|EV_path_clear|EV_red_not_visible,CLEAR
506.373,robot_2,EV_search_object,EV_path_clear,CLEAR
506.562,robot_2,EV_approach_object,EV_blue_visible|EV_path_clear|EV_red_not_visible,CLEAR
506.855,robot_2,EV_approach_object,EV_path_clear,CLEAR
507.167,robot_2,EV_move_forward,EV_path_clear,CLEAR
507.445,robot_2,EV_move_forward,EV_blue_visible|EV_path_clear|EV_red_not_visible,CLEAR
507.663,robot_2,EV_move_forward,EV_path_clear,CLEAR
507.950,robot_2,EV_approach_object,EV_path_clear,CLEAR
508.245,robot_2,EV_approach_object,EV_blue_visible|EV_path_clear|EV_red_not_visible,CLEAR
508.556,robot_2,EV_search_object,EV_path_clear,CLEAR
508.666,robot_2,EV_approach_object,EV_path_clear,CLEAR
508.967,robot_2,EV_move_forward,EV_blue_visible|EV_path_clear|EV_red_not_visible,CLEAR
509.271,robot_2,EV_approach_object,EV_path_clear,CLEAR
509.553,robot_2,EV_approach_object,EV_blue_visible|EV_path_clear|EV_red_not_visible,CLEAR
509.852,robot_2,EV_approach_object,EV_path_clear,CLEAR
510.169,robot_2,EV_move_forward,EV_blue_visible|EV_path_clear|EV_red_not_visible,CLEAR
510.464,robot_2,EV_move_forward,EV_path_clear,CLEAR
510.751,robot_2,EV_search_object,EV_path_clear,CLEAR
510.861,robot_2,EV_search_object,EV_path_clear|EV_red_not_visible,CLEAR
511.061,robot_2,EV_approach_object,EV_blue_visible|EV_path_clear,CLEAR
511.353,robot_2,EV_search_object,EV_path_clear,CLEAR
511.460,robot_2,EV_move_forward,EV_path_clear,CLEAR
511.767,robot_2,EV_approach_object,EV_blue_visible|EV_path_clear|EV_red_not_visible,CLEAR
512.058,robot_2,EV_approach_object,EV_path_clear,CLEAR
512.359,robot_2,EV_search_object,EV_blue_visible|EV_path_clear|EV_red_not_visible,CLEAR
512.559,robot_2,EV_search_object,EV_path_clear,CLEAR
512.759,robot_2,EV_approach_object,EV_path_clear,CLEAR
513.062,robot_2,EV_search_object,EV_blue_visible|EV_path_clear|EV_red_not_visible,CLEAR
513.244,robot_2,EV_approach_object,EV_path_clear,CLEAR
513.457,robot_2,EV_move_forward,EV_path_clear,CLEAR
513.751,robot_2,EV_approach_object,EV_blue_visible|EV_path_clear|EV_red_not_visible,CLEAR
514.060,robot_2,EV_move_forward,EV_path_clear,CLEAR
514.353,robot_2,EV_move_forward,EV_blue_visible|EV_path_clear|EV_red_not_visible,CLEAR
514.653,robot_2,EV_move_forward,EV_path_clear,CLEAR
514.962,robot_2,EV_search_object,EV_path_clear,CLEAR
515.186,robot_2,EV_search_object,EV_blue_visible|EV_path_clear|EV_red_not_visible,CLEAR
515.344,robot_2,EV_search_object,EV_path_clear,CLEAR
515.462,robot_2,EV_move_forward,EV_path_clear,CLEAR
515.764,robot_2,EV_search_object,EV_blue_visible|EV_path_clear|EV_red_not_visible,CLEAR
515.956,robot_2,EV_search_object,EV_path_clear,CLEAR
516.167,robot_2,EV_approach_object,EV_path_clear,CLEAR
516.461,robot_2,EV_approach_object,EV_path_clear|EV_red_not_visible,CLEAR
516.760,robot_2,EV_approach_object,EV_blue_not_visible|EV_path_clear,CLEAR
517.050,robot_2,EV_approach_object,EV_blue_not_visible|EV_path_clear|EV_red_not_visible,CLEAR
517.353,robot_2,EV_search_object,EV_path_clear,CLEAR
517.464,robot_2,EV_search_object,EV_path_clear,CLEAR
517.656,robot_2,EV_move_forward,EV_path_clear,CLEAR
517.866,robot_2,EV_search_object,EV_blue_not_visible|EV_path_clear|EV_red_not_visible,CLEAR
518.068,robot_2,EV_move_forward,EV_path_clear,CLEAR
518.375,robot_2,EV_approach_object,EV_path_clear,CLEAR
518.647,robot_2,EV_move_forward,EV_blue_not_visible|EV_path_clear|EV_red_not_visible,CLEAR
518.856,robot_2,EV_move_forward,EV_path_clear,CLEAR
519.071,robot_2,EV_approach_object,EV_path_clear,CLEAR
519.356,robot_2,EV_approach_object,EV_blue_not_visible|EV_path_clear|EV_red_not_visible,CLEAR
519.571,robot_2,EV_approach_object,EV_path_clear,CLEAR
519.849,robot_2,EV_approach_object,EV_path_clear,CLEAR
520.061,robot_2,EV_search_object,EV_blue_not_visible|EV_path_clear|EV_red_not_visible,CLEAR
520.262,robot_2,EV_approach_object,EV_path_clear,CLEAR
520.551,robot_2,EV_search_object,EV_path_clear,CLEAR
520.755,robot_2,EV_approach_object,EV_blue_not_visible|EV_path_clear|EV_red_not_visible,CLEAR
521.048,robot_2,EV_approach_object,EV_path_clear,CLEAR
521.267,robot_2,EV_search_object,EV_path_clear,CLEAR
521.455,robot_2,EV_search_object,EV_blue_not_visible|EV_path_clear|EV_red_not_visible,CLEAR
521.656,robot_2,EV_search_object,EV_path_clear,CLEAR
521.876,robot_2,EV_search_object,EV_path_clear,CLEAR
522.047,robot_2,EV_search_object,EV_path_clear,CLEAR
522.153,robot_2,EV_move_forward,EV_blue_not_visible|EV_path_clear|EV_red_not_visible,CLEAR
522.450,robot_2,EV_move_forward,EV_path_clear,CLEAR
522.658,robot_2,EV_move_forward,EV_path_clear,CLEAR
522.957,robot_2,EV_approach_object,EV_blue_not_visible|EV_path_clear|EV_red_not_visible,CLEAR
523.247,robot_2,EV_approach_object,EV_path_clear,CLEAR
523.487,robot_2,EV_move_forward,EV_path_clear,CLEAR
523.760,robot_2,EV_approach_object,EV_blue_not_visible|EV_path_clear|EV_red_not_visible,CLEAR
524.060,robot_2,EV_approach_object,EV_path_clear,CLEAR
524.395,robot_2,EV_approach_object,EV_path_clear,CLEAR
524.654,robot_2,EV_approach_object,EV_blue_not_visible|EV_path_clear|EV_red_not_visible,CLEAR
524.871,robot_2,EV_move_forward,EV_path_clear,CLEAR
525.151,robot_2,EV_search_object,EV_path_clear,CLEAR
525.276,robot_2,EV_search_object,EV_path_clear|EV_red_not_visible,CLEAR
525.466,robot_2,EV_search_object,EV_blue_not_visible|EV_path_clear,CLEAR
525.656,robot_2,EV_move_forward,EV_path_clear,CLEAR
525.961,robot_2,EV_search_object,EV_path_clear,CLEAR
526.148,robot_2,EV_move_forward,EV_blue_not_visible|EV_path_clear|EV_red_not_visible,CLEAR
526.447,robot_2,EV_search_object,EV_path_clear,CLEAR
526.650,robot_2,EV_move_forward,EV_path_clear,CLEAR
526.860,robot_2,EV_search_object,EV_blue_not_visible|EV_red_reached|EV_path_clear,CLEAR
527.068,robot_2,EV_search_object,EV_path_clear,CLEAR
527.262,robot_2,EV_search_object,EV_path_clear,CLEAR
527.470,robot_2,EV_rotate_clockwise,EV_blue_not_visible|EV_obstacle_left|EV_red_reached,LEFT
527.668,robot_2,EV_u_turn,EV_obstacle_left,LEFT
531.550,robot_2,EV_search_object,EV_blue_not_visible|EV_red_reached|EV_path_clear,CLEAR
531.756,robot_2,EV_approach_object,EV_path_clear,CLEAR
532.078,robot_2,EV_approach_object,EV_blue_visible|EV_red_reached|EV_path_clear,CLEAR
532.349,robot_2,EV_approach_object,EV_path_clear,CLEAR
532.578,robot_2,EV_approach_object,EV_red_reached|EV_path_clear,CLEAR
532.847,robot_2,EV_approach_object,EV_blue_visible|EV_path_clear,CLEAR
533.065,robot_2,EV_move_forward,EV_path_clear,CLEAR
533.357,robot_2,EV_move_forward,EV_blue_visible|EV_path_clear|EV_red_not_visible,CLEAR
533.648,robot_2,EV_move_forward,EV_path_clear,CLEAR
533.873,robot_2,EV_approach_object,EV_path_clear,CLEAR
534.159,robot_2,EV_search_object,EV_blue_visible|EV_path_clear|EV_red_not_visible,CLEAR
534.355,robot_2,EV_search_object,EV_path_clear,CLEAR
534.546,robot_2,EV_move_forward,EV_path_clear,CLEAR
534.755,robot_2,EV_search_object,EV_blue_visible|EV_path_clear|EV_red_not_visible,CLEAR
534.949,robot_2,EV_search_object,EV_path_clear,CLEAR
535.062,robot_2,EV_approach_object,EV_path_clear,CLEAR
535.360,robot_2,EV_move_forward,EV_path_clear,CLEAR
535.658,robot_2,EV_search_object,EV_blue_visible|EV_path_clear|EV_red_not_visible,CLEAR
535.855,robot_2,EV_approach_object,EV_path_clear,CLEAR
536.058,robot_2,EV_move_forward,EV_path_clear|EV_red_not_visible,CLEAR
536.354,robot_2,EV_approach_object,EV_blue_visible|EV_path_clear,CLEAR
536.569,robot_2,EV_move_forward,EV_path_clear,CLEAR
536.854,robot_2,EV_move_forward,EV_path_clear|EV_red_not_visible,CLEAR
537.167,robot_2,EV_move_forward,EV_blue_visible|EV_path_clear,CLEAR
537.376,robot_2,EV_move_forward,EV_path_clear,CLEAR
537.579,robot_2,EV_search_object,EV_path_clear|EV_red_not_visible,CLEAR
537.759,robot_2,EV_move_forward,EV_blue_visible|EV_path_clear,CLEAR
538.060,robot_2,EV_move_forward,EV_path_clear,CLEAR
538.397,robot_2,EV_approach_object,EV_path_clear,CLEAR
538.668,robot_2,EV_approach_object,EV_blue_visible|EV_path_clear|EV_red_not_visible,CLEAR
538.954,robot_2,EV_approach_object,EV_path_clear,CLEAR
539.261,robot_2,EV_move_forward,EV_blue_visible|EV_path_clear|EV_red_not_visible,CLEAR
539.548,robot_2,EV_search_object,EV_path_clear,CLEAR
539.676,robot_2,EV_move_forward,EV_path_clear,CLEAR
539.980,robot_2,EV_approach_object,EV_blue_visible|EV_path_clear|EV_red_not_visible,CLEAR
540.252,robot_2,EV_move_forward,EV_path_clear,CLEAR
540.471,robot_2,EV_search_object,EV_path_clear,CLEAR
540.650,robot_2,EV_move_forward,EV_blue_visible|EV_path_clear|EV_red_not_visible,CLEAR
540.962,robot_2,EV_approach_object,EV_path_clear,CLEAR
541.253,robot_2,EV_approach_object,EV_path_clear,CLEAR
541.552,robot_2,EV_approach_object,EV_blue_visible|EV_path_clear|EV_red_not_visible,CLEAR
541.865,robot_2,EV_search_object,EV_path_clear,CLEAR
542.061,robot_2,EV_approach_object,EV_path_clear,CLEAR
542.364,robot_2,EV_search_object,EV_blue_visible|EV_path_clear|EV_red_not_visible,CLEAR
542.560,robot_2,EV_move_forward,EV_path_clear,CLEAR
542.857,robot_2,EV_move_forward,EV_blue_visible|EV_path_clear|EV_red_not_visible,CLEAR
543.165,robot_2,EV_search_object,EV_path_clear,CLEAR
543.350,robot_2,EV_search_object,EV_path_clear,CLEAR
543.461,robot_2,EV_approach_object,EV_path_clear|EV_red_not_visible,CLEAR
543.765,robot_2,EV_move_forward,EV_blue_visible|EV_path_clear,CLEAR
544.047,robot_2,EV_move_forward,EV_path_clear,CLEAR
544.357,robot_2,EV_approach_object,EV_blue_visible|EV_path_clear|EV_red_not_visible,CLEAR
544.667,robot_2,EV_move_forward,EV_path_clear,CLEAR
544.956,robot_2,EV_move_forward,EV_blue_visible|EV_path_clear|EV_red_not_visible,CLEAR
545.248,robot_2,EV_approach_object,EV_path_clear,CLEAR
545.458,robot_2,EV_approach_object,EV_path_clear,CLEAR
545.665,robot_2,EV_approach_object,EV_blue_visible|EV_path_clear|EV_red_not_visible,CLEAR
545.963,robot_2,EV_move_forward,EV_path_clear,CLEAR
546.245,robot_2,EV_approach_object,EV_path_clear,CLEAR
546.462,robot_2,EV_search_object,EV_blue_reached|EV_path_clear|EV_red_not_visible,CLEAR
546.661,robot_2,EV_move_forward,EV_path_clear,CLEAR
546.972,robot_2,EV_search_object,EV_path_clear,CLEAR
547.162,robot_2,EV_move_forward,EV_blue_reached|EV_path_clear|EV_red_not_visible,CLEAR
547.446,robot_2,EV_search_object,EV_path_clear,CLEAR
547.664,robot_2,EV_search_object,EV_path_clear,CLEAR
547.858,robot_2,EV_search_object,EV_blue_reached|EV_path_clear|EV_red_not_visible,CLEAR
547.970,robot_2,EV_move_forward,EV_path_clear,CLEAR
548.271,robot_2,EV_search_object,EV_path_clear,CLEAR
548.456,robot_2,EV_approach_object,EV_path_clear|EV_red_not_visible,CLEAR
548.771,robot_2,EV_move_forward,EV_blue_reached|EV_path_clear,CLEAR
549.070,robot_2,EV_approach_object,EV_path_clear,CLEAR
549.364,robot_2,EV_move_forward,EV_blue_reached|EV_path_clear|EV_red_not_visible,CLEAR
549.652,robot_2,EV_approach_object,EV_path_clear,CLEAR
549.872,robot_2,EV_move_forward,EV_path_clear,CLEAR
550.151,robot_2,EV_move_forward,EV_blue_reached|EV_path_clear|EV_red_not_visible,CLEAR
550.456,robot_2,EV_search_object,EV_path_clear,CLEAR
550.560,robot_2,EV_move_forward,EV_path_clear,CLEAR
550.854,robot_2,EV_move_forward,EV_blue_not_visible|EV_path_clear|EV_red_not_visible,CLEAR
551.150,robot_2,EV_move_forward,EV_path_clear,CLEAR
551.455,robot_2,EV_approach_object,EV_blue_not_visible|EV_path_clear|EV_red_not_visible,CLEAR
551.749,robot_2,EV_search_object,EV_path_clear,CLEAR
551.955,robot_2,EV_search_object,EV_path_clear,CLEAR
552.152,robot_2,EV_move_forward,EV_blue_not_visible|EV_path_clear|EV_red_not_visible,CLEAR
552.465,robot_2,EV_move_forward,EV_path_clear,CLEAR
552.755,robot_2,EV_move_forward,EV_path_clear,CLEAR
552.975,robot_2,EV_approach_object,EV_path_clear|EV_red_not_visible,CLEAR
553.257,robot_2,EV_search_object,EV_blue_not_visible|EV_path_clear,CLEAR
553.364,robot_2,EV_approach_object,EV_path_clear,CLEAR
553.582,robot_2,EV_approach_object,EV_path_clear,CLEAR
553.867,robot_2,EV_move_forward,EV_blue_not_visible|EV_path_clear|EV_red_not_visible,CLEAR
554.157,robot_2,EV_approach_object,EV_path_clear,CLEAR
554.447,robot_2,EV_search_object,EV_path_clear,CLEAR
554.570,robot_2,EV_move_forward,EV_path_clear|EV_red_not_visible,CLEAR
554.848,robot_2,EV_approach_object,EV_blue_not_visible|EV_path_clear,CLEAR
555.165,robot_2,EV_move_forward,EV_path_clear,CLEAR
555.465,robot_2,EV_move_forward,EV_blue_not_visible|EV_path_clear|EV_red_not_visible,CLEAR
555.754,robot_2,EV_search_object,EV_path_clear,CLEAR
555.952,robot_2,EV_search_object,EV_path_clear,CLEAR
556.153,robot_2,EV_approach_object,EV_path_clear,CLEAR
556.359,robot_2,EV_approach_object,EV_blue_not_visible|EV_path_clear|EV_red_not_visible,CLEAR
556.672,robot_2,EV_move_forward,EV_path_clear,CLEAR
556.968,robot_2,EV_move_forward,EV_path_clear,CLEAR
557.259,robot_2,EV_move_forward,EV_blue_not_visible|EV_path_clear|EV_red_not_visible,CLEAR
557.546,robot_2,EV_approach_object,EV_path_clear,CLEAR
557.754,robot_2,EV_move_forward,EV_blue_not_visible|EV_path_clear|EV_red_not_visible,CLEAR
558.053,robot_2,EV_search_object,EV_path_clear,CLEAR
558.155,robot_2,EV_move_forward,EV_path_clear,CLEAR
558.462,robot_2,EV_move_forward,EV_blue_not_visible|EV_path_clear|EV_red_not_visible,CLEAR
558.759,robot_2,EV_move_forward,EV_path_clear,CLEAR
559.053,robot_2,EV_approach_object,EV_path_clear,CLEAR
559.265,robot_2,EV_approach_object,EV_path_clear|EV_red_not_visible,CLEAR
559.562,robot_2,EV_move_forward,EV_blue_not_visible|EV_path_clear,CLEAR
559.849,robot_2,EV_move_forward,EV_path_clear,CLEAR
560.055,robot_2,EV_approach_object,EV_blue_not_visible|EV_path_clear|EV_red_not_visible,CLEAR
560.366,robot_2,EV_approach_object,EV_path_clear,CLEAR
560.669,robot_2,EV_approach_object,EV_blue_not_visible|EV_path_clear|EV_red_not_visible,CLEAR
560.954,robot_2,EV_approach_object,EV_path_clear,CLEAR
561.254,robot_2,EV_approach_object,EV_path_clear,CLEAR
561.479,robot_2,EV_search_object,EV_blue_not_visible|EV_path_clear|EV_red_not_visible,CLEAR
561.659,robot_2,EV_approach_object,EV_path_clear,CLEAR
561.949,robot_2,EV_search_object,EV_path_clear,CLEAR
562.065,robot_2,EV_approach_object,EV_path_clear,CLEAR
562.270,robot_2,EV_move_forward,EV_blue_not_visible|EV_path_clear|EV_red_not_visible,CLEAR
562.559,robot_2,EV_search_object,EV_path_clear,CLEAR
562.754,robot_2,EV_approach_object,EV_path_clear,CLEAR
562.958,robot_2,EV_search_object,EV_blue_not_visible|EV_path_clear|EV_red_not_visible,CLEAR
563.163,robot_2,EV_search_object,EV_path_clear,CLEAR
563.358,robot_2,EV_approach_object,EV_path_clear,CLEAR
563.655,robot_2,EV_search_object,EV_blue_not_visible|EV_path_clear|EV_red_not_visible,CLEAR
563.763,robot_2,EV_move_forward,EV_path_clear,CLEAR
564.047,robot_2,EV_approach_object,EV_path_clear,CLEAR
564.251,robot_2,EV_search_object,EV_blue_not_visible|EV_path_clear|EV_red_not_visible,CLEAR
564.354,robot_2,EV_move_forward,EV_path_clear,CLEAR
564.650,robot_2,EV_approach_object,EV_path_clear,CLEAR
564.868,robot_2,EV_move_forward,EV_path_clear,CLEAR
565.147,robot_2,EV_approach_object,EV_blue_not_visible|EV_path_clear|EV_red_not_visible,CLEAR
565.452,robot_2,EV_search_object,EV_path_clear,CLEAR
565.561,robot_2,EV_approach_object,EV_path_clear,CLEAR
565.863,robot_2,EV_approach_object,EV_blue_not_visible|EV_path_clear|EV_red_not_visible,CLEAR
566.157,robot_2,EV_move_forward,EV_path_clear,CLEAR
566.461,robot_2,EV_approach_object,EV_blue_not_visible|EV_path_clear|EV_red_not_visible,CLEAR
566.767,robot_2,EV_search_object,EV_path_clear,CLEAR
566.955,robot_2,EV_approach_object,EV_path_clear|EV_red_not_visible,CLEAR
567.251,robot_2,EV_search_object,EV_blue_not_visible|EV_path_clear,CLEAR
567.469,robot_2,EV_approach_object,EV_path_clear,CLEAR
567.750,robot_2,EV_search_object,EV_blue_not_visible|EV_path_clear|EV_red_not_visible,CLEAR
567.965,robot_2,EV_approach_object,EV_path_clear,CLEAR
568.245,robot_2,EV_approach_object,EV_path_clear,CLEAR
568.460,robot_2,EV_move_forward,EV_blue_not_visible|EV_path_clear|EV_red_not_visible,CLEAR
568.767,robot_2,EV_move_forward,EV_path_clear,CLEAR
569.060,robot_2,EV_search_object,EV_blue_not_visible|EV_path_clear|EV_red_not_visible,CLEAR
569.256,robot_2,EV_move_forward,EV_path_clear,CLEAR
569.465,robot_2,EV_approach_object,EV_path_clear,CLEAR
569.755,robot_2,EV_search_object,EV_path_clear|EV_red_not_visible,CLEAR
569.870,robot_2,EV_search_object,EV_blue_not_visible|EV_path_clear,CLEAR
570.065,robot_2,EV_search_object,EV_path_clear,CLEAR
570.246,robot_2,EV_search_object,EV_path_clear,CLEAR
570.365,robot_2,EV_approach_object,EV_path_clear,CLEAR
570.658,robot_2,EV_move_forward,EV_blue_not_visible|EV_path_clear|EV_red_not_visible,CLEAR
570.872,robot_2,EV_move_forward,EV_path_clear,CLEAR
571.155,robot_2,EV_approach_object,EV_path_clear,CLEAR
571.451,robot_2,EV_u_turn,EV_blue_not_visible|EV_obstacle_left|EV_red_not_visible,LEFT
575.261,robot_2,EV_search_object,EV_blue_not_visible|EV_path_clear|EV_red_visible,CLEAR
575.459,robot_2,EV_search_object,EV_path_clear,CLEAR
575.563,robot_2,EV_search_object,EV_path_clear,CLEAR
575.758,robot_2,EV_approach_object,EV_blue_visible|EV_path_clear|EV_red_visible,CLEAR
576.053,robot_2,EV_move_forward,EV_path_clear,CLEAR
576.279,robot_2,EV_search_object,EV_path_clear,CLEAR
576.445,robot_2,EV_move_forward,EV_blue_visible|EV_path_clear|EV_red_visible,CLEAR
576.759,robot_2,EV_move_forward,EV_path_clear,CLEAR
577.058,robot_2,EV_approach_object,EV_path_clear|EV_red_visible,CLEAR
577.364,robot_2,EV_search_object,EV_blue_visible|EV_path_clear,CLEAR
577.565,robot_2,EV_search_object,EV_path_clear,CLEAR
577.771,robot_2,EV_search_object,EV_blue_visible|EV_path_clear|EV_red_visible,CLEAR
577.963,robot_2,EV_search_object,EV_path_clear,CLEAR
578.172,robot_2,EV_move_forward,EV_path_clear,CLEAR
578.465,robot_2,EV_search_object,EV_blue_visible|EV_path_clear|EV_red_not_visible,CLEAR
578.662,robot_2,EV_move_forward,EV_path_clear,CLEAR
578.963,robot_2,EV_approach_object,EV_path_clear,CLEAR
579.172,robot_2,EV_move_forward,EV_blue_visible|EV_path_clear|EV_red_not_visible,CLEAR
579.466,robot_2,EV_move_forward,EV_path_clear,CLEAR
579.762,robot_2,EV_approach_object,EV_path_clear,CLEAR
580.067,robot_2,EV_move_forward,EV_blue_visible|EV_path_clear|EV_red_not_visible,CLEAR
580.359,robot_2,EV_approach_object,EV_path_clear,CLEAR
580.570,robot_2,EV_approach_object,EV_path_clear,CLEAR
580.858,robot_2,EV_approach_object,EV_blue_visible|EV_path_clear|EV_red_not_visible,CLEAR
581.073,robot_2,EV_search_object,EV_path_clear,CLEAR
581.246,robot_2,EV_approach_object,EV_path_clear|EV_red_not_visible,CLEAR
581.555,robot_2,EV_move_forward,EV_blue_visible|EV_path_clear,CLEAR
581.853,robot_2,EV_move_forward,EV_path_clear,CLEAR
582.064,robot_2,EV_move_forward,EV_path_clear|EV_red_not_visible,CLEAR
582.353,robot_2,EV_search_object,EV_blue_not_visible|EV_path_clear,CLEAR
582.474,robot_2,EV_move_forward,EV_path_clear,CLEAR
582.754,robot_2,EV_approach_object,EV_blue_not_visible|EV_path_clear|EV_red_not_visible,CLEAR
583.060,robot_2,EV_approach_object,EV_path_clear,CLEAR
583.363,robot_2,EV_move_forward,EV_path_clear,CLEAR
583.651,robot_2,EV_move_forward,EV_blue_not_visible|EV_path_clear|EV_red_not_visible,CLEAR
583.963,robot_2,EV_approach_object,EV_path_clear,CLEAR
584.256,robot_2,EV_approach_object,EV_blue_not_visible|EV_path_clear|EV_red_not_visible,CLEAR
584.552,robot_2,EV_search_object,EV_path_clear,CLEAR
584.744,robot_2,EV_move_forward,EV_path_clear,CLEAR
584.951,robot_2,EV_search_object,EV_blue_not_visible|EV_path_clear|EV_red_not_visible,CLEAR
585.152,robot_2,EV_move_forward,EV_path_clear,CLEAR
585.365,robot_2,EV_move_forward,EV_path_clear,CLEAR
585.676,robot_2,EV_move_forward,EV_blue_not_visible|EV_path_clear|EV_red_not_visible,CLEAR
585.962,robot_2,EV_approach_object,EV_path_clear,CLEAR
586.256,robot_2,EV_approach_object,EV_path_clear,CLEAR
586.463,robot_2,EV_approach_object,EV_blue_not_visible|EV_path_clear|EV_red_not_visible,CLEAR
586.762,robot_2,EV_approach_object,EV_path_clear,CLEAR
586.999,robot_2,EV_approach_object,EV_path_clear|EV_red_not_visible,CLEAR
587.247,robot_2,EV_move_forward,EV_blue_not_visible|EV_path_clear,CLEAR
587.463,robot_2,EV_approach_object,EV_path_clear,CLEAR
587.766,robot_2,EV_rotate_clockwise,EV_obstacle_left|EV_red_not_visible,LEFT
587.947,robot_2,EV_rotate_clockwise,EV_blue_not_visible|EV_obstacle_left,LEFT
588.065,robot_2,EV_rotate_clockwise,EV_obstacle_left,LEFT
588.262,robot_2,EV_rotate_clockwise,EV_obstacle_left,LEFT
588.450,robot_2,EV_u_turn,EV_blue_not_visible|EV_obstacle_left|EV_red_not_visible,LEFT
