elapsed_s,robot,selected_event,uncontrollable_events,raw_zone
0.145,robot_0,EV_search_object,EV_path_clear,CLEAR
0.255,robot_0,EV_search_object,EV_path_clear,CLEAR
0.445,robot_0,EV_search_object,EV_path_clear,CLEAR
0.649,robot_0,EV_search_object,EV_path_clear,CLEAR
0.854,robot_0,EV_search_object,EV_path_clear,CLEAR
1.051,robot_0,EV_move_forward,EV_path_clear,CLEAR
1.254,robot_0,EV_search_object,EV_path_clear,CLEAR
1.452,robot_0,EV_move_forward,EV_path_clear,CLEAR
1.745,robot_0,EV_search_object,EV_path_clear,CLEAR
1.945,robot_0,EV_search_object,EV_path_clear,CLEAR
2.145,robot_0,EV_move_forward,EV_path_clear,CLEAR
2.445,robot_0,EV_move_forward,EV_path_clear,CLEAR
2.745,robot_0,EV_move_forward,EV_path_clear,CLEAR
3.045,robot_0,EV_search_object,EV_path_clear,CLEAR
3.245,robot_0,EV_move_forward,EV_path_clear,CLEAR
3.545,robot_0,EV_search_object,EV_path_clear,CLEAR
3.745,robot_0,EV_search_object,EV_path_clear,CLEAR
3.846,robot_0,EV_move_forward,EV_path_clear,CLEAR
4.145,robot_0,EV_search_object,EV_path_clear,CLEAR
4.351,robot_0,EV_move_forward,EV_object_reached|EV_path_clear,CLEAR
4.651,robot_0,EV_move_forward,EV_path_clear,CLEAR
4.858,robot_0,EV_pick_up_object,EV_path_clear,CLEAR
5.148,robot_0,EV_drop_zone_blue,EV_blue_not_visible|EV_red_not_visible|EV_obstacle_right,RIGHT
5.261,robot_0,EV_u_turn,EV_obstacle_right,RIGHT
8.550,robot_0,EV_move_forward,EV_object_reached|EV_path_clear,CLEAR
8.845,robot_0,EV_search_color,EV_path_clear,CLEAR
8.957,robot_0,EV_search_color,EV_path_clear,CLEAR
9.145,robot_0,EV_move_forward,EV_object_reached|EV_path_clear,CLEAR
9.449,robot_0,EV_search_color,EV_object_reached|EV_path_clear,CLEAR
9.655,robot_0,EV_search_color,EV_path_clear,CLEAR
9.848,robot_0,EV_search_color,EV_object_visible|EV_path_clear,CLEAR
10.049,robot_0,EV_search_color,EV_path_clear,CLEAR
10.251,robot_0,EV_search_color,EV_object_visible|EV_path_clear,CLEAR
10.450,robot_0,EV_search_color,EV_path_clear,CLEAR
10.648,robot_0,EV_search_color,EV_object_visible|EV_path_clear,CLEAR
10.852,robot_0,EV_search_color,EV_path_clear,CLEAR
11.056,robot_0,EV_search_color,EV_path_clear,CLEAR
11.251,robot_0,EV_move_forward,EV_object_visible|EV_path_clear,CLEAR
11.464,robot_0,EV_move_forward,EV_path_clear,CLEAR
11.754,robot_0,EV_u_turn,EV_object_reached|EV_obstacle_left,LEFT
14.858,robot_0,EV_search_color,EV_object_reached|EV_path_clear,CLEAR
15.046,robot_0,EV_search_color,EV_object_reached|EV_path_clear,CLEAR
15.260,robot_0,EV_search_color,EV_path_clear,CLEAR
15.452,robot_0,EV_move_forward,EV_object_reached|EV_path_clear,CLEAR
15.754,robot_0,EV_search_color,EV_path_clear,CLEAR
15.946,robot_0,EV_rotate_counterclockwise,EV_object_reached|EV_obstacle_right,RIGHT
16.051,robot_0,EV_rotate_counterclockwise,EV_obstacle_right,RIGHT
16.246,robot_0,EV_move_forward,EV_object_reached|EV_path_clear,CLEAR
16.453,robot_0,EV_search_color,EV_path_clear,CLEAR
16.645,robot_0,EV_move_forward,EV_path_clear,CLEAR
16.954,robot_0,EV_rotate_clockwise,EV_object_visible|EV_obstacle_left,LEFT
17.062,robot_0,EV_rotate_clockwise,EV_obstacle_left,LEFT
17.248,robot_0,EV_rotate_clockwise,EV_object_visible|EV_obstacle_left,LEFT
17.455,robot_0,EV_u_turn,EV_obstacle_left|EV_recieve_drop_zone_red,LEFT
20.545,robot_0,EV_rotate_counterclockwise,EV_object_not_visible|EV_recieve_drop_zone_blue|EV_obstacle_right,RIGHT
20.748,robot_0,EV_move_forward,EV_object_not_visible|EV_path_clear,CLEAR
21.051,robot_0,EV_search_color,EV_path_clear,CLEAR
21.245,robot_0,EV_search_color,EV_object_not_visible|EV_path_clear,CLEAR
21.460,robot_0,EV_move_forward,EV_path_clear,CLEAR
21.750,robot_0,EV_search_color,EV_object_not_visible|EV_path_clear,CLEAR
21.858,robot_0,EV_move_forward,EV_path_clear,CLEAR
22.149,robot_0,EV_move_forward,EV_object_reached|EV_path_clear,CLEAR
22.447,robot_0,EV_move_forward,EV_object_reached|EV_path_clear,CLEAR
22.758,robot_0,EV_search_color,EV_path_clear,CLEAR
22.945,robot_0,EV_search_color,EV_object_reached|EV_path_clear,CLEAR
23.050,robot_0,EV_search_color,EV_path_clear,CLEAR
23.251,robot_0,EV_search_color,EV_path_clear,CLEAR
23.446,robot_0,EV_search_color,EV_object_reached|EV_path_clear,CLEAR
23.549,robot_0,EV_move_forward,EV_path_clear,CLEAR
23.855,robot_0,EV_search_color,EV_object_reached|EV_path_clear,CLEAR
24.048,robot_0,EV_search_color,EV_path_clear,CLEAR
24.259,robot_0,EV_move_forward,EV_object_reached|EV_path_clear,CLEAR
24.547,robot_0,EV_move_forward,EV_object_reached|EV_path_clear,CLEAR
24.848,robot_0,EV_search_color,EV_object_reached|EV_path_clear,CLEAR
25.047,robot_0,EV_search_color,EV_path_clear,CLEAR
25.252,robot_0,EV_search_color,EV_object_reached|EV_path_clear,CLEAR
25.446,robot_0,EV_move_forward,EV_path_clear,CLEAR
25.755,robot_0,EV_move_forward,EV_path_clear,CLEAR
26.051,robot_0,EV_search_color,EV_object_reached|EV_path_clear,CLEAR
26.245,robot_0,EV_move_forward,EV_object_visible|EV_path_clear,CLEAR
26.456,robot_0,EV_search_color,EV_path_clear,CLEAR
26.648,robot_0,EV_move_forward,EV_object_visible|EV_path_clear,CLEAR
26.945,robot_0,EV_search_color,EV_object_visible|EV_path_clear,CLEAR
27.054,robot_0,EV_move_forward,EV_path_clear,CLEAR
27.353,robot_0,EV_search_color,EV_path_clear,CLEAR
27.545,robot_0,EV_search_color,EV_object_visible|EV_path_clear,CLEAR
27.748,robot_0,EV_move_forward,EV_path_clear,CLEAR
28.055,robot_0,EV_search_color,EV_object_visible|EV_path_clear,CLEAR
28.245,robot_0,EV_move_forward,EV_path_clear,CLEAR
28.558,robot_0,EV_move_forward,EV_object_reached|EV_path_clear,CLEAR
28.848,robot_0,EV_move_backward,EV_obstacle_front|EV_object_reached,CORNER
29.150,robot_0,EV_rotate_counterclockwise,EV_object_reached|EV_obstacle_right,RIGHT
29.347,robot_0,EV_u_turn,EV_obstacle_right,RIGHT
32.346,robot_0,EV_search_color,EV_object_reached|EV_path_clear,CLEAR
32.464,robot_0,EV_move_forward,EV_path_clear,CLEAR
32.755,robot_0,EV_move_forward,EV_object_reached|EV_path_clear,CLEAR
33.055,robot_0,EV_search_color,EV_object_reached|EV_path_clear,CLEAR
33.245,robot_0,EV_search_color,EV_path_clear,CLEAR
33.354,robot_0,EV_search_color,EV_object_visible|EV_path_clear,CLEAR
33.555,robot_0,EV_search_color,EV_path_clear,CLEAR
33.746,robot_0,EV_search_color,EV_path_clear,CLEAR
33.951,robot_0,EV_move_forward,EV_object_visible|EV_path_clear,CLEAR
34.251,robot_0,EV_search_color,EV_object_visible|EV_path_clear,CLEAR
34.445,robot_0,EV_move_forward,EV_path_clear,CLEAR
34.652,robot_0,EV_move_forward,EV_object_visible|EV_path_clear,CLEAR
34.856,robot_0,EV_move_forward,EV_path_clear,CLEAR
35.146,robot_0,EV_move_forward,EV_object_visible|EV_path_clear,CLEAR
35.355,robot_0,EV_move_forward,EV_path_clear,CLEAR
35.649,robot_0,EV_u_turn,EV_object_visible|EV_obstacle_left,LEFT
38.856,robot_0,EV_search_color,EV_object_visible|EV_path_clear,CLEAR
39.052,robot_0,EV_move_forward,EV_object_visible|EV_path_clear,CLEAR
39.345,robot_0,EV_move_forward,EV_path_clear,CLEAR
39.645,robot_0,EV_search_color,EV_object_visible|EV_path_clear,CLEAR
39.849,robot_0,EV_search_color,EV_path_clear,CLEAR
39.953,robot_0,EV_move_forward,EV_path_clear,CLEAR
40.251,robot_0,EV_move_forward,EV_object_visible|EV_path_clear,CLEAR
40.550,robot_0,EV_move_forward,EV_object_visible|EV_path_clear,CLEAR
40.756,robot_0,EV_search_color,EV_path_clear,CLEAR
40.857,robot_0,EV_search_color,EV_object_not_visible|EV_path_clear,CLEAR
41.046,robot_0,EV_search_color,EV_path_clear,CLEAR
41.254,robot_0,EV_search_color,EV_path_clear,CLEAR
41.460,robot_0,EV_search_color,EV_object_not_visible|EV_path_clear,CLEAR
41.647,robot_0,EV_move_forward,EV_object_not_visible|EV_path_clear,CLEAR
41.946,robot_0,EV_search_color,EV_path_clear,CLEAR
42.152,robot_0,EV_search_color,EV_object_not_visible|EV_path_clear,CLEAR
42.348,robot_0,EV_search_color,EV_path_clear,CLEAR
42.453,robot_0,EV_move_forward,EV_path_clear,CLEAR
42.751,robot_0,EV_move_forward,EV_path_clear,CLEAR
43.049,robot_0,EV_move_forward,EV_object_not_visible|EV_path_clear,CLEAR
43.352,robot_0,EV_search_color,EV_path_clear,CLEAR
43.470,robot_0,EV_search_color,EV_path_clear,CLEAR
43.665,robot_0,EV_move_forward,EV_object_not_visible|EV_path_clear,CLEAR
43.973,robot_0,EV_move_forward,EV_path_clear,CLEAR
44.252,robot_0,EV_search_color,EV_path_clear,CLEAR
44.448,robot_0,EV_move_forward,EV_object_not_visible|EV_path_clear,CLEAR
44.748,robot_0,EV_search_color,EV_path_clear,CLEAR
44.964,robot_0,EV_move_forward,EV_path_clear,CLEAR
45.246,robot_0,EV_search_color,EV_object_reached|EV_path_clear,CLEAR
45.459,robot_0,EV_search_color,EV_path_clear,CLEAR
45.657,robot_0,EV_search_color,EV_path_clear,CLEAR
45.764,robot_0,EV_search_color,EV_path_clear,CLEAR
45.968,robot_0,EV_search_color,EV_object_reached|EV_path_clear,CLEAR
46.154,robot_0,EV_search_color,EV_path_clear,CLEAR
46.357,robot_0,EV_move_forward,EV_path_clear,CLEAR
46.671,robot_0,EV_search_color,EV_object_reached|EV_path_clear,CLEAR
46.853,robot_0,EV_move_forward,EV_path_clear,CLEAR
47.147,robot_0,EV_move_forward,EV_path_clear,CLEAR
47.351,robot_0,EV_search_color,EV_object_visible|EV_path_clear,CLEAR
47.561,robot_0,EV_move_forward,EV_path_clear,CLEAR
47.845,robot_0,EV_search_color,EV_path_clear,CLEAR
47.965,robot_0,EV_search_color,EV_path_clear,CLEAR
48.155,robot_0,EV_move_forward,EV_object_visible|EV_path_clear,CLEAR
48.445,robot_0,EV_search_color,EV_path_clear,CLEAR
48.675,robot_0,EV_search_color,EV_path_clear,CLEAR
48.868,robot_0,EV_search_color,EV_object_visible|EV_path_clear,CLEAR
49.046,robot_0,EV_move_forward,EV_path_clear,CLEAR
49.363,robot_0,EV_move_forward,EV_path_clear,CLEAR
49.648,robot_0,EV_search_color,EV_object_visible|EV_path_clear,CLEAR
49.867,robot_0,EV_move_forward,EV_path_clear,CLEAR
50.151,robot_0,EV_search_color,EV_path_clear,CLEAR
50.356,robot_0,EV_search_color,EV_path_clear,CLEAR
50.549,robot_0,EV_search_color,EV_object_visible|EV_path_clear,CLEAR
50.664,robot_0,EV_search_color,EV_path_clear,CLEAR
50.855,robot_0,EV_move_forward,EV_path_clear,CLEAR
51.075,robot_0,EV_move_forward,EV_path_clear,CLEAR
51.350,robot_0,EV_search_color,EV_object_visible|EV_path_clear,CLEAR
51.468,robot_0,EV_search_color,EV_path_clear,CLEAR
51.646,robot_0,EV_search_color,EV_path_clear,CLEAR
51.768,robot_0,EV_move_forward,EV_path_clear,CLEAR
52.054,robot_0,EV_move_forward,EV_object_visible|EV_path_clear,CLEAR
52.356,robot_0,EV_search_color,EV_path_clear,CLEAR
52.464,robot_0,EV_move_forward,EV_path_clear,CLEAR
52.754,robot_0,EV_search_color,EV_object_visible|EV_path_clear,CLEAR
52.949,robot_0,EV_search_color,EV_path_clear,CLEAR
53.149,robot_0,EV_search_color,EV_path_clear,CLEAR
53.258,robot_0,EV_move_forward,EV_path_clear,CLEAR
53.547,robot_0,EV_move_forward,EV_object_visible|EV_path_clear,CLEAR
53.852,robot_0,EV_move_forward,EV_path_clear,CLEAR
54.056,robot_0,EV_move_forward,EV_path_clear,CLEAR
54.349,robot_0,EV_move_forward,EV_object_visible|EV_path_clear,CLEAR
54.657,robot_0,EV_search_color,EV_object_visible|EV_path_clear,CLEAR
54.848,robot_0,EV_search_color,EV_path_clear,CLEAR
54.953,robot_0,EV_search_color,EV_path_clear,CLEAR
55.165,robot_0,EV_search_color,EV_path_clear,CLEAR
55.345,robot_0,EV_rotate_counterclockwise,EV_object_visible|EV_obstacle_front,CORNER
55.551,robot_0,EV_rotate_clockwise,EV_obstacle_front,CORNER
55.749,robot_0,EV_move_backward,EV_obstacle_front,CORNER
56.057,robot_0,EV_u_turn,EV_object_visible|EV_obstacle_right,RIGHT
59.849,robot_0,EV_move_forward,EV_object_visible|EV_path_clear,CLEAR
60.148,robot_0,EV_search_color,EV_path_clear,CLEAR
60.258,robot_0,EV_search_color,EV_object_visible|EV_path_clear,CLEAR
60.456,robot_0,EV_move_forward,EV_path_clear,CLEAR
60.745,robot_0,EV_move_forward,EV_path_clear,CLEAR
60.961,robot_0,EV_move_forward,EV_object_visible|EV_path_clear,CLEAR
61.260,robot_0,EV_move_forward,EV_path_clear,CLEAR
61.465,robot_0,EV_move_forward,EV_path_clear,CLEAR
61.752,robot_0,EV_move_forward,EV_object_not_visible|EV_path_clear,CLEAR
61.962,robot_0,EV_move_forward,EV_path_clear,CLEAR
62.245,robot_0,EV_move_forward,EV_object_not_visible|EV_path_clear,CLEAR
62.557,robot_0,EV_move_forward,EV_path_clear,CLEAR
62.868,robot_0,EV_search_color,EV_path_clear,CLEAR
63.051,robot_0,EV_search_color,EV_path_clear,CLEAR
63.154,robot_0,EV_search_color,EV_object_not_visible|EV_path_clear,CLEAR
63.355,robot_0,EV_move_forward,EV_path_clear,CLEAR
63.650,robot_0,EV_search_color,EV_path_clear,CLEAR
63.851,robot_0,EV_search_color,EV_object_not_visible|EV_path_clear,CLEAR
64.046,robot_0,EV_move_forward,EV_path_clear,CLEAR
64.358,robot_0,EV_move_forward,EV_object_not_visible|EV_path_clear,CLEAR
64.655,robot_0,EV_move_forward,EV_path_clear,CLEAR
64.950,robot_0,EV_move_forward,EV_object_not_visible|EV_path_clear,CLEAR
65.250,robot_0,EV_move_forward,EV_path_clear,CLEAR
65.562,robot_0,EV_move_forward,EV_path_clear,CLEAR
65.856,robot_0,EV_search_color,EV_object_not_visible|EV_path_clear,CLEAR
66.067,robot_0,EV_move_forward,EV_path_clear,CLEAR
66.352,robot_0,EV_move_forward,EV_object_not_visible|EV_path_clear,CLEAR
66.655,robot_0,EV_move_forward,EV_path_clear,CLEAR
66.951,robot_0,EV_move_forward,EV_object_not_visible|EV_path_clear,CLEAR
67.154,robot_0,EV_search_color,EV_path_clear,CLEAR
67.346,robot_0,EV_search_color,EV_path_clear,CLEAR
67.447,robot_0,EV_move_forward,EV_path_clear,CLEAR
67.749,robot_0,EV_move_forward,EV_object_not_visible|EV_path_clear,CLEAR
68.048,robot_0,EV_move_forward,EV_path_clear,CLEAR
68.265,robot_0,EV_search_color,EV_path_clear,CLEAR
68.450,robot_0,EV_search_color,EV_object_not_visible|EV_path_clear,CLEAR
68.660,robot_0,EV_search_color,EV_path_clear,CLEAR
68.845,robot_0,EV_u_turn,EV_object_not_visible|EV_obstacle_right,RIGHT
72.568,robot_0,EV_search_color,EV_object_visible|EV_path_clear,CLEAR
72.749,robot_0,EV_search_color,EV_object_visible|EV_path_clear,CLEAR
72.856,robot_0,EV_search_color,EV_path_clear,CLEAR
73.048,robot_0,EV_move_forward,EV_path_clear,CLEAR
73.355,robot_0,EV_rotate_counterclockwise,EV_object_visible|EV_obstacle_right,RIGHT
76.069,robot_0,EV_search_color,EV_object_visible|EV_path_clear,CLEAR
76.247,robot_0,EV_search_color,EV_object_visible|EV_path_clear,CLEAR
76.358,robot_0,EV_move_forward,EV_path_clear,CLEAR
76.653,robot_0,EV_search_color,EV_path_clear,CLEAR
76.850,robot_0,EV_rotate_clockwise,EV_object_visible|EV_obstacle_left,LEFT
77.058,robot_0,EV_u_turn,EV_obstacle_left,LEFT
80.858,robot_0,EV_move_forward,EV_object_visible|EV_path_clear,CLEAR
81.146,robot_0,EV_search_color,EV_path_clear,CLEAR
81.261,robot_0,EV_search_color,EV_path_clear,CLEAR
81.451,robot_0,EV_search_color,EV_path_clear,CLEAR
81.555,robot_0,EV_search_color,EV_object_visible|EV_path_clear,CLEAR
81.745,robot_0,EV_search_color,EV_path_clear,CLEAR
81.852,robot_0,EV_move_forward,EV_path_clear,CLEAR
82.068,robot_0,EV_search_color,EV_path_clear,CLEAR
82.248,robot_0,EV_rotate_clockwise,EV_object_visible|EV_obstacle_left,LEFT
82.362,robot_0,EV_rotate_clockwise,EV_obstacle_left,LEFT
82.547,robot_0,EV_u_turn,EV_obstacle_left,LEFT
82.658,robot_0,EV_u_turn,EV_obstacle_left,LEFT
82.745,robot_0,EV_u_turn,EV_obstacle_left,LEFT
82.845,robot_0,EV_u_turn,EV_object_visible|EV_obstacle_left,LEFT
82.945,robot_0,EV_u_turn,EV_obstacle_left,LEFT
83.059,robot_0,EV_u_turn,EV_obstacle_left,LEFT
86.858,robot_0,EV_move_forward,EV_object_visible|EV_path_clear,CLEAR
87.154,robot_0,EV_search_color,EV_path_clear,CLEAR
87.356,robot_0,EV_search_color,EV_path_clear,CLEAR
87.552,robot_0,EV_search_color,EV_object_visible|EV_path_clear,CLEAR
87.750,robot_0,EV_move_forward,EV_path_clear,CLEAR
87.960,robot_0,EV_move_forward,EV_path_clear,CLEAR
88.247,robot_0,EV_rotate_clockwise,EV_object_visible|EV_obstacle_left,LEFT
91.065,robot_0,EV_move_forward,EV_object_not_visible|EV_object_visible|EV_path_clear,CLEAR
91.347,robot_0,EV_search_color,EV_path_clear,CLEAR
91.449,robot_0,EV_search_color,EV_path_clear,CLEAR
91.656,robot_0,EV_move_forward,EV_object_visible|EV_path_clear,CLEAR
91.950,robot_0,EV_search_color,EV_path_clear,CLEAR
92.158,robot_0,EV_move_forward,EV_object_visible|EV_path_clear,CLEAR
92.361,robot_0,EV_move_forward,EV_path_clear,CLEAR
92.649,robot_0,EV_move_forward,EV_path_clear,CLEAR
92.946,robot_0,EV_move_forward,EV_object_visible|EV_path_clear,CLEAR
93.159,robot_0,EV_move_forward,EV_path_clear,CLEAR
93.452,robot_0,EV_search_color,EV_path_clear,CLEAR
93.647,robot_0,EV_search_color,EV_object_visible|EV_path_clear,CLEAR
93.769,robot_0,EV_search_color,EV_path_clear,CLEAR
93.957,robot_0,EV_move_forward,EV_path_clear,CLEAR
94.248,robot_0,EV_search_color,EV_object_visible|EV_path_clear,CLEAR
94.455,robot_0,EV_search_color,EV_path_clear,CLEAR
94.655,robot_0,EV_move_forward,EV_object_visible|EV_path_clear,CLEAR
94.947,robot_0,EV_search_color,EV_path_clear,CLEAR
95.053,robot_0,EV_move_forward,EV_path_clear,CLEAR
95.348,robot_0,EV_move_forward,EV_object_reached|EV_path_clear,CLEAR
95.655,robot_0,EV_search_color,EV_path_clear,CLEAR
95.756,robot_0,EV_move_forward,EV_object_reached|EV_path_clear,CLEAR
96.048,robot_0,EV_move_forward,EV_path_clear,CLEAR
96.251,robot_0,EV_move_forward,EV_path_clear,CLEAR
96.545,robot_0,EV_move_forward,EV_object_reached|EV_path_clear,CLEAR
96.853,robot_0,EV_move_forward,EV_path_clear,CLEAR
97.058,robot_0,EV_move_forward,EV_object_reached|EV_path_clear,CLEAR
97.347,robot_0,EV_search_color,EV_path_clear,CLEAR
97.458,robot_0,EV_search_color,EV_path_clear,CLEAR
97.559,robot_0,EV_search_color,EV_object_reached|EV_path_clear,CLEAR
97.753,robot_0,EV_move_forward,EV_path_clear,CLEAR
97.957,robot_0,EV_move_forward,EV_path_clear,CLEAR
98.161,robot_0,EV_move_forward,EV_object_reached|EV_path_clear,CLEAR
98.370,robot_0,EV_search_color,EV_path_clear,CLEAR
98.545,robot_0,EV_move_forward,EV_path_clear,CLEAR
98.747,robot_0,EV_u_turn,EV_object_reached|EV_obstacle_left,LEFT
102.650,robot_0,EV_search_color,EV_object_reached|EV_path_clear,CLEAR
102.850,robot_0,EV_move_forward,EV_path_clear,CLEAR
103.156,robot_0,EV_search_color,EV_path_clear,CLEAR
103.353,robot_0,EV_search_color,EV_object_reached|EV_path_clear,CLEAR
103.545,robot_0,EV_search_color,EV_path_clear,CLEAR
103.647,robot_0,EV_move_forward,EV_path_clear,CLEAR
103.946,robot_0,EV_move_forward,EV_object_reached|EV_path_clear,CLEAR
104.265,robot_0,EV_move_forward,EV_path_clear,CLEAR
104.545,robot_0,EV_move_forward,EV_object_reached|EV_path_clear,CLEAR
104.750,robot_0,EV_search_color,EV_path_clear,CLEAR
104.964,robot_0,EV_move_forward,EV_path_clear,CLEAR
105.251,robot_0,EV_search_color,EV_object_reached|EV_path_clear,CLEAR
105.446,robot_0,EV_search_color,EV_path_clear,CLEAR
105.559,robot_0,EV_move_forward,EV_path_clear,CLEAR
105.846,robot_0,EV_move_forward,EV_object_reached|EV_path_clear,CLEAR
106.072,robot_0,EV_move_forward,EV_path_clear,CLEAR
106.353,robot_0,EV_search_color,EV_object_reached|EV_path_clear,CLEAR
106.546,robot_0,EV_search_color,EV_path_clear,CLEAR
106.747,robot_0,EV_move_forward,EV_path_clear,CLEAR
107.049,robot_0,EV_search_color,EV_object_reached|EV_path_clear,CLEAR
107.246,robot_0,EV_search_color,EV_path_clear,CLEAR
107.472,robot_0,EV_move_forward,EV_path_clear,CLEAR
107.745,robot_0,EV_search_color,EV_object_reached|EV_path_clear,CLEAR
107.865,robot_0,EV_search_color,EV_path_clear,CLEAR
108.049,robot_0,EV_search_color,EV_path_clear,CLEAR
108.259,robot_0,EV_search_color,EV_object_reached|EV_path_clear,CLEAR
108.464,robot_0,EV_search_color,EV_path_clear,CLEAR
108.647,robot_0,EV_search_color,EV_object_reached|EV_path_clear,CLEAR
108.853,robot_0,EV_search_color,EV_path_clear,CLEAR
109.060,robot_0,EV_search_color,EV_path_clear,CLEAR
109.252,robot_0,EV_move_forward,EV_object_reached|EV_path_clear,CLEAR
109.556,robot_0,EV_move_forward,EV_path_clear,CLEAR
109.845,robot_0,EV_search_color,EV_object_reached|EV_path_clear,CLEAR
110.045,robot_0,EV_move_forward,EV_path_clear,CLEAR
110.257,robot_0,EV_move_forward,EV_path_clear,CLEAR
110.557,robot_0,EV_move_forward,EV_object_reached|EV_path_clear,CLEAR
110.858,robot_0,EV_move_forward,EV_path_clear,CLEAR
111.160,robot_0,EV_search_color,EV_object_reached|EV_path_clear,CLEAR
111.352,robot_0,EV_search_color,EV_path_clear,CLEAR
111.464,robot_0,EV_move_forward,EV_path_clear,CLEAR
111.749,robot_0,EV_move_forward,EV_object_reached|EV_path_clear,CLEAR
112.056,robot_0,EV_search_color,EV_path_clear,CLEAR
112.245,robot_0,EV_search_color,EV_path_clear,CLEAR
112.350,robot_0,EV_move_forward,EV_object_reached|EV_path_clear,CLEAR
112.647,robot_0,EV_search_color,EV_path_clear,CLEAR
112.752,robot_0,EV_move_forward,EV_object_reached|EV_path_clear,CLEAR
113.049,robot_0,EV_search_color,EV_path_clear,CLEAR
113.245,robot_0,EV_move_forward,EV_path_clear,CLEAR
113.545,robot_0,EV_rotate_counterclockwise,EV_object_reached|EV_obstacle_right,RIGHT
113.647,robot_0,EV_rotate_counterclockwise,EV_obstacle_right,RIGHT
113.759,robot_0,EV_rotate_counterclockwise,EV_obstacle_right,RIGHT
113.956,robot_0,EV_u_turn,EV_object_reached|EV_obstacle_right,RIGHT
117.759,robot_0,EV_search_color,EV_object_reached|EV_path_clear,CLEAR
117.960,robot_0,EV_move_forward,EV_path_clear,CLEAR
118.248,robot_0,EV_search_color,EV_object_reached|EV_path_clear,CLEAR
118.460,robot_0,EV_move_forward,EV_path_clear,CLEAR
118.756,robot_0,EV_search_color,EV_object_reached|EV_path_clear,CLEAR
118.946,robot_0,EV_move_forward,EV_path_clear,CLEAR
119.149,robot_0,EV_search_color,EV_object_reached|EV_path_clear,CLEAR
119.268,robot_0,EV_search_color,EV_path_clear,CLEAR
119.445,robot_0,EV_search_color,EV_path_clear,CLEAR
119.561,robot_0,EV_move_forward,EV_path_clear,CLEAR
119.851,robot_0,EV_search_color,EV_path_clear,CLEAR
120.059,robot_0,EV_search_color,EV_object_reached|EV_path_clear,CLEAR
120.254,robot_0,EV_search_color,EV_path_clear,CLEAR
120.448,robot_0,EV_move_forward,EV_object_reached|EV_path_clear,CLEAR
120.752,robot_0,EV_move_forward,EV_path_clear,CLEAR
120.964,robot_0,EV_move_forward,EV_object_reached|EV_path_clear,CLEAR
121.254,robot_0,EV_move_forward,EV_path_clear,CLEAR
121.550,robot_0,EV_move_forward,EV_object_reached|EV_path_clear,CLEAR
121.848,robot_0,EV_search_color,EV_path_clear,CLEAR
121.957,robot_0,EV_search_color,EV_path_clear,CLEAR
122.146,robot_0,EV_search_color,EV_object_reached|EV_path_clear,CLEAR
122.250,robot_0,EV_search_color,EV_path_clear,CLEAR
122.354,robot_0,EV_move_forward,EV_path_clear,CLEAR
122.646,robot_0,EV_move_forward,EV_object_reached|EV_path_clear,CLEAR
122.958,robot_0,EV_search_color,EV_path_clear,CLEAR
123.146,robot_0,EV_rotate_clockwise,EV_obstacle_left,LEFT
123.352,robot_0,EV_rotate_clockwise,EV_object_visible|EV_obstacle_left,LEFT
123.552,robot_0,EV_u_turn,EV_obstacle_left,LEFT
127.348,robot_0,EV_search_color,EV_object_not_visible|EV_path_clear,CLEAR
127.458,robot_0,EV_move_forward,EV_path_clear,CLEAR
127.759,robot_0,EV_move_forward,EV_object_not_visible|EV_path_clear,CLEAR
128.045,robot_0,EV_search_color,EV_path_clear,CLEAR
128.162,robot_0,EV_move_forward,EV_path_clear,CLEAR
128.449,robot_0,EV_search_color,EV_object_reached|EV_path_clear,CLEAR
128.648,robot_0,EV_move_forward,EV_path_clear,CLEAR
128.856,robot_0,EV_move_forward,EV_path_clear,CLEAR
129.168,robot_0,EV_move_forward,EV_object_reached|EV_path_clear,CLEAR
129.462,robot_0,EV_move_forward,EV_object_reached|EV_path_clear,CLEAR
129.752,robot_0,EV_search_color,EV_path_clear,CLEAR
129.855,robot_0,EV_move_forward,EV_object_reached|EV_path_clear,CLEAR
130.156,robot_0,EV_search_color,EV_path_clear,CLEAR
130.352,robot_0,EV_move_forward,EV_path_clear,CLEAR
130.562,robot_0,EV_search_color,EV_object_reached|EV_path_clear,CLEAR
130.754,robot_0,EV_move_forward,EV_path_clear,CLEAR
131.054,robot_0,EV_search_color,EV_object_reached|EV_path_clear,CLEAR
131.247,robot_0,EV_move_forward,EV_path_clear,CLEAR
131.560,robot_0,EV_search_color,EV_path_clear,CLEAR
131.749,robot_0,EV_search_color,EV_object_reached|EV_path_clear,CLEAR
131.951,robot_0,EV_search_color,EV_path_clear,CLEAR
132.055,robot_0,EV_search_color,EV_path_clear,CLEAR
132.257,robot_0,EV_search_color,EV_path_clear,CLEAR
132.446,robot_0,EV_search_color,EV_object_reached|EV_path_clear,CLEAR
132.654,robot_0,EV_move_forward,EV_path_clear,CLEAR
132.949,robot_0,EV_move_forward,EV_path_clear,CLEAR
133.248,robot_0,EV_search_color,EV_object_reached|EV_path_clear,CLEAR
133.464,robot_0,EV_move_forward,EV_path_clear,CLEAR
133.750,robot_0,EV_move_forward,EV_object_reached|EV_path_clear,CLEAR
134.052,robot_0,EV_search_color,EV_path_clear,CLEAR
134.156,robot_0,EV_search_color,EV_path_clear,CLEAR
134.355,robot_0,EV_search_color,EV_object_reached|EV_path_clear,CLEAR
134.463,robot_0,EV_move_forward,EV_path_clear,CLEAR
134.756,robot_0,EV_search_color,EV_path_clear,CLEAR
134.959,robot_0,EV_move_forward,EV_object_reached|EV_path_clear,CLEAR
135.252,robot_0,EV_search_color,EV_path_clear,CLEAR
135.459,robot_0,EV_move_forward,EV_object_reached|EV_path_clear,CLEAR
135.757,robot_0,EV_search_color,EV_path_clear,CLEAR
135.948,robot_0,EV_search_color,EV_object_reached|EV_path_clear,CLEAR
136.145,robot_0,EV_search_color,EV_path_clear,CLEAR
136.259,robot_0,EV_move_forward,EV_path_clear,CLEAR
136.551,robot_0,EV_move_forward,EV_object_reached|EV_path_clear,CLEAR
136.851,robot_0,EV_move_forward,EV_path_clear,CLEAR
137.161,robot_0,EV_move_forward,EV_object_reached|EV_path_clear,CLEAR
137.453,robot_0,EV_search_color,EV_path_clear,CLEAR
137.655,robot_0,EV_search_color,EV_object_reached|EV_path_clear,CLEAR
137.856,robot_0,EV_move_forward,EV_path_clear,CLEAR
138.147,robot_0,EV_move_forward,EV_path_clear,CLEAR
138.355,robot_0,EV_search_color,EV_object_reached|EV_path_clear,CLEAR
138.545,robot_0,EV_search_color,EV_path_clear,CLEAR
138.662,robot_0,EV_search_color,EV_path_clear,CLEAR
138.845,robot_0,EV_search_color,EV_path_clear,CLEAR
138.956,robot_0,EV_search_color,EV_object_reached|EV_path_clear,CLEAR
139.145,robot_0,EV_search_color,EV_path_clear,CLEAR
139.247,robot_0,EV_move_forward,EV_path_clear,CLEAR
139.549,robot_0,EV_search_color,EV_object_reached|EV_path_clear,CLEAR
139.746,robot_0,EV_move_forward,EV_path_clear,CLEAR
140.045,robot_0,EV_search_color,EV_path_clear,CLEAR
140.248,robot_0,EV_move_forward,EV_object_reached|EV_path_clear,CLEAR
140.451,robot_0,EV_move_forward,EV_path_clear,CLEAR
140.748,robot_0,EV_move_forward,EV_object_reached|EV_path_clear,CLEAR
141.046,robot_0,EV_move_forward,EV_path_clear,CLEAR
141.257,robot_0,EV_search_color,EV_path_clear,CLEAR
141.451,robot_0,EV_search_color,EV_object_reached|EV_path_clear,CLEAR
141.656,robot_0,EV_move_forward,EV_path_clear,CLEAR
141.860,robot_0,EV_search_color,EV_object_reached|EV_path_clear,CLEAR
142.049,robot_0,EV_move_forward,EV_path_clear,CLEAR
142.346,robot_0,EV_move_forward,EV_object_reached|EV_path_clear,CLEAR
142.558,robot_0,EV_search_color,EV_path_clear,CLEAR
142.745,robot_0,EV_search_color,EV_path_clear,CLEAR
142.946,robot_0,EV_search_color,EV_object_reached|EV_path_clear,CLEAR
143.167,robot_0,EV_move_forward,EV_path_clear,CLEAR
143.445,robot_0,EV_search_color,EV_path_clear,CLEAR
143.559,robot_0,EV_move_forward,EV_object_reached|EV_path_clear,CLEAR
143.860,robot_0,EV_search_color,EV_path_clear,CLEAR
144.050,robot_0,EV_move_forward,EV_object_reached|EV_path_clear,CLEAR
144.352,robot_0,EV_search_color,EV_path_clear,CLEAR
144.549,robot_0,EV_search_color,EV_object_reached|EV_path_clear,CLEAR
144.751,robot_0,EV_move_forward,EV_path_clear,CLEAR
145.070,robot_0,EV_search_color,EV_path_clear,CLEAR
145.248,robot_0,EV_move_forward,EV_object_reached|EV_path_clear,CLEAR
145.450,robot_0,EV_search_color,EV_path_clear,CLEAR
145.552,robot_0,EV_search_color,EV_path_clear,CLEAR
145.746,robot_0,EV_move_forward,EV_object_reached|EV_path_clear,CLEAR
145.963,robot_0,EV_search_color,EV_path_clear,CLEAR
146.152,robot_0,EV_move_forward,EV_path_clear,CLEAR
146.450,robot_0,EV_move_forward,EV_object_reached|EV_path_clear,CLEAR
146.659,robot_0,EV_move_forward,EV_path_clear,CLEAR
146.945,robot_0,EV_search_color,EV_object_reached|EV_path_clear,CLEAR
147.059,robot_0,EV_search_color,EV_path_clear,CLEAR
147.282,robot_0,EV_move_forward,EV_path_clear,CLEAR
147.561,robot_0,EV_move_forward,EV_path_clear,CLEAR
147.882,robot_0,EV_move_forward,EV_object_reached|EV_path_clear,CLEAR
148.149,robot_0,EV_move_forward,EV_path_clear,CLEAR
148.449,robot_0,EV_move_forward,EV_path_clear,CLEAR
148.686,robot_0,EV_search_color,EV_path_clear,CLEAR
148.872,robot_0,EV_move_forward,EV_object_reached|EV_path_clear,CLEAR
149.182,robot_0,EV_move_forward,EV_path_clear,CLEAR
149.452,robot_0,EV_search_color,EV_path_clear,CLEAR
149.646,robot_0,EV_search_color,EV_object_reached|EV_path_clear,CLEAR
149.849,robot_0,EV_move_forward,EV_path_clear,CLEAR
150.146,robot_0,EV_move_forward,EV_object_reached|EV_path_clear,CLEAR
150.450,robot_0,EV_move_forward,EV_path_clear,CLEAR
150.658,robot_0,EV_search_color,EV_object_reached|EV_path_clear,CLEAR
150.852,robot_0,EV_move_forward,EV_path_clear,CLEAR
151.147,robot_0,EV_move_forward,EV_path_clear,CLEAR
151.359,robot_0,EV_move_forward,EV_path_clear,CLEAR
151.648,robot_0,EV_move_forward,EV_object_reached|EV_path_clear,CLEAR
151.851,robot_0,EV_search_color,EV_path_clear,CLEAR
151.956,robot_0,EV_move_forward,EV_object_reached|EV_path_clear,CLEAR
152.250,robot_0,EV_move_forward,EV_path_clear,CLEAR
152.545,robot_0,EV_rotate_counterclockwise,EV_object_reached|EV_obstacle_right,RIGHT
152.756,robot_0,EV_rotate_counterclockwise,EV_obstacle_right,RIGHT
152.950,robot_0,EV_rotate_counterclockwise,EV_obstacle_right,RIGHT
153.055,robot_0,EV_u_turn,EV_obstacle_right,RIGHT
156.951,robot_0,EV_search_color,EV_object_reached|EV_path_clear,CLEAR
157.058,robot_0,EV_move_forward,EV_path_clear,CLEAR
157.360,robot_0,EV_move_forward,EV_object_reached|EV_path_clear,CLEAR
157.564,robot_0,EV_search_color,EV_path_clear,CLEAR
157.748,robot_0,EV_search_color,EV_path_clear,CLEAR
157.949,robot_0,EV_move_forward,EV_object_reached|EV_path_clear,CLEAR
158.252,robot_0,EV_search_color,EV_path_clear,CLEAR
158.447,robot_0,EV_search_color,EV_path_clear,CLEAR
158.646,robot_0,EV_rotate_clockwise,EV_object_reached|EV_obstacle_left,LEFT
158.849,robot_0,EV_rotate_clockwise,EV_obstacle_left,LEFT
159.050,robot_0,EV_u_turn,EV_obstacle_left,LEFT
159.150,robot_0,EV_rotate_clockwise,EV_object_reached|EV_obstacle_left,LEFT
159.359,robot_0,EV_u_turn,EV_obstacle_left,LEFT
163.154,robot_0,EV_search_color,EV_object_reached|EV_path_clear,CLEAR
163.348,robot_0,EV_search_color,EV_object_reached|EV_path_clear,CLEAR
163.548,robot_0,EV_search_color,EV_path_clear,CLEAR
163.750,robot_0,EV_move_forward,EV_path_clear,CLEAR
164.048,robot_0,EV_rotate_counterclockwise,EV_object_reached|EV_obstacle_right,RIGHT
166.953,robot_0,EV_search_color,EV_object_reached|EV_path_clear,CLEAR
167.152,robot_0,EV_search_color,EV_object_reached|EV_path_clear,CLEAR
167.346,robot_0,EV_move_forward,EV_path_clear,CLEAR
167.646,robot_0,EV_search_color,EV_path_clear,CLEAR
167.853,robot_0,EV_search_color,EV_object_reached|EV_path_clear,CLEAR
168.060,robot_0,EV_search_color,EV_path_clear,CLEAR
168.263,robot_0,EV_search_color,EV_path_clear,CLEAR
168.448,robot_0,EV_u_turn,EV_object_reached|EV_obstacle_right,RIGHT
172.245,robot_0,EV_move_forward,EV_object_reached|EV_path_clear,CLEAR
172.459,robot_0,EV_search_color,EV_path_clear,CLEAR
172.660,robot_0,EV_move_forward,EV_object_reached|EV_path_clear,CLEAR
172.957,robot_0,EV_move_forward,EV_path_clear,CLEAR
173.250,robot_0,EV_search_color,EV_object_reached|EV_path_clear,CLEAR
173.449,robot_0,EV_search_color,EV_path_clear,CLEAR
173.646,robot_0,EV_u_turn,EV_object_reached|EV_obstacle_right,RIGHT
173.746,robot_0,EV_u_turn,EV_obstacle_right,RIGHT
173.856,robot_0,EV_u_turn,EV_obstacle_right,RIGHT
173.946,robot_0,EV_u_turn,EV_obstacle_right,RIGHT
174.045,robot_0,EV_u_turn,EV_obstacle_right,RIGHT
174.154,robot_0,EV_rotate_counterclockwise,EV_obstacle_right,RIGHT
174.363,robot_0,EV_u_turn,EV_object_reached|EV_obstacle_right,RIGHT
178.153,robot_0,EV_move_forward,EV_object_reached|EV_path_clear,CLEAR
178.452,robot_0,EV_move_forward,EV_object_reached|EV_path_clear,CLEAR
178.750,robot_0,EV_move_forward,EV_path_clear,CLEAR
179.051,robot_0,EV_search_color,EV_object_reached|EV_path_clear,CLEAR
179.155,robot_0,EV_move_forward,EV_path_clear,CLEAR
179.457,robot_0,EV_move_forward,EV_path_clear,CLEAR
179.769,robot_0,EV_search_color,EV_object_reached|EV_path_clear,CLEAR
179.946,robot_0,EV_move_forward,EV_path_clear,CLEAR
180.158,robot_0,EV_move_forward,EV_path_clear,CLEAR
180.445,robot_0,EV_u_turn,EV_object_reached|EV_obstacle_left,LEFT
184.346,robot_0,EV_search_color,EV_object_reached|EV_path_clear,CLEAR
184.549,robot_0,EV_move_forward,EV_path_clear,CLEAR
184.762,robot_0,EV_move_forward,EV_path_clear,CLEAR
185.047,robot_0,EV_search_color,EV_object_reached|EV_path_clear,CLEAR
185.156,robot_0,EV_search_color,EV_path_clear,CLEAR
185.269,robot_0,EV_search_color,EV_path_clear,CLEAR
185.449,robot_0,EV_search_color,EV_path_clear,CLEAR
185.661,robot_0,EV_move_forward,EV_object_reached|EV_path_clear,CLEAR
185.954,robot_0,EV_search_color,EV_path_clear,CLEAR
186.155,robot_0,EV_move_forward,EV_object_reached|EV_path_clear,CLEAR
186.447,robot_0,EV_move_forward,EV_path_clear,CLEAR
186.665,robot_0,EV_move_forward,EV_object_reached|EV_path_clear,CLEAR
186.947,robot_0,EV_move_forward,EV_path_clear,CLEAR
187.152,robot_0,EV_search_color,EV_path_clear,CLEAR
187.351,robot_0,EV_search_color,EV_object_reached|EV_path_clear,CLEAR
187.546,robot_0,EV_move_forward,EV_path_clear,CLEAR
187.853,robot_0,EV_search_color,EV_path_clear,CLEAR
188.057,robot_0,EV_search_color,EV_object_reached|EV_path_clear,CLEAR
188.248,robot_0,EV_move_forward,EV_path_clear,CLEAR
188.450,robot_0,EV_search_color,EV_path_clear,CLEAR
188.571,robot_0,EV_u_turn,EV_object_reached|EV_obstacle_left,LEFT
192.356,robot_0,EV_move_forward,EV_object_reached|EV_path_clear,CLEAR
192.653,robot_0,EV_move_forward,EV_path_clear,CLEAR
192.948,robot_0,EV_search_color,EV_object_reached|EV_path_clear,CLEAR
193.060,robot_0,EV_search_color,EV_path_clear,CLEAR
193.259,robot_0,EV_move_forward,EV_path_clear,CLEAR
193.551,robot_0,EV_move_forward,EV_object_reached|EV_path_clear,CLEAR
193.846,robot_0,EV_move_forward,EV_path_clear,CLEAR
194.049,robot_0,EV_u_turn,EV_object_reached|EV_obstacle_left,LEFT
194.146,robot_0,EV_rotate_clockwise,EV_obstacle_left,LEFT
194.349,robot_0,EV_rotate_clockwise,EV_obstacle_left,LEFT
194.457,robot_0,EV_u_turn,EV_obstacle_left,LEFT
194.551,robot_0,EV_rotate_clockwise,EV_object_reached|EV_obstacle_left,LEFT
194.661,robot_0,EV_rotate_clockwise,EV_obstacle_left,LEFT
194.848,robot_0,EV_rotate_clockwise,EV_obstacle_left,LEFT
195.049,robot_0,EV_rotate_clockwise,EV_obstacle_left,LEFT
195.245,robot_0,EV_rotate_clockwise,EV_object_reached|EV_obstacle_left,LEFT
195.457,robot_0,EV_u_turn,EV_obstacle_left,LEFT
199.349,robot_0,EV_rotate_counterclockwise,EV_object_reached|EV_obstacle_right,RIGHT
202.152,robot_0,EV_move_forward,EV_object_reached|EV_path_clear,CLEAR
202.450,robot_0,EV_search_color,EV_path_clear,CLEAR
202.666,robot_0,EV_move_forward,EV_path_clear,CLEAR
202.949,robot_0,EV_move_forward,EV_object_reached|EV_path_clear,CLEAR
203.248,robot_0,EV_search_color,EV_path_clear,CLEAR
203.354,robot_0,EV_search_color,EV_path_clear,CLEAR
203.561,robot_0,EV_search_color,EV_object_reached|EV_path_clear,CLEAR
203.755,robot_0,EV_search_color,EV_path_clear,CLEAR
203.953,robot_0,EV_move_forward,EV_object_reached|EV_path_clear,CLEAR
204.248,robot_0,EV_move_forward,EV_path_clear,CLEAR
204.547,robot_0,EV_move_forward,EV_object_reached|EV_path_clear,CLEAR
204.845,robot_0,EV_move_forward,EV_path_clear,CLEAR
205.058,robot_0,EV_move_forward,EV_path_clear,CLEAR
205.347,robot_0,EV_move_forward,EV_object_reached|EV_path_clear,CLEAR
205.645,robot_0,EV_search_color,EV_object_reached|EV_path_clear,CLEAR
205.860,robot_0,EV_search_color,EV_path_clear,CLEAR
206.070,robot_0,EV_search_color,EV_path_clear,CLEAR
206.250,robot_0,EV_search_color,EV_object_reached|EV_path_clear,CLEAR
206.448,robot_0,EV_move_forward,EV_path_clear,CLEAR
206.662,robot_0,EV_search_color,EV_path_clear,CLEAR
206.848,robot_0,EV_search_color,EV_object_reached|EV_path_clear,CLEAR
207.056,robot_0,EV_move_forward,EV_path_clear,CLEAR
207.347,robot_0,EV_search_color,EV_path_clear,CLEAR
207.452,robot_0,EV_move_forward,EV_object_reached|EV_path_clear,CLEAR
207.760,robot_0,EV_move_forward,EV_path_clear,CLEAR
208.046,robot_0,EV_search_color,EV_object_reached|EV_path_clear,CLEAR
208.150,robot_0,EV_search_color,EV_path_clear,CLEAR
208.255,robot_0,EV_move_forward,EV_path_clear,CLEAR
208.551,robot_0,EV_search_color,EV_object_reached|EV_path_clear,CLEAR
208.752,robot_0,EV_search_color,EV_path_clear,CLEAR
208.947,robot_0,EV_move_forward,EV_path_clear,CLEAR
209.161,robot_0,EV_move_forward,EV_object_reached|EV_path_clear,CLEAR
209.453,robot_0,EV_move_forward,EV_path_clear,CLEAR
209.749,robot_0,EV_move_forward,EV_object_reached|EV_path_clear,CLEAR
210.045,robot_0,EV_move_forward,EV_path_clear,CLEAR
210.251,robot_0,EV_move_forward,EV_path_clear,CLEAR
210.464,robot_0,EV_move_forward,EV_object_reached|EV_path_clear,CLEAR
210.745,robot_0,EV_search_color,EV_path_clear,CLEAR
210.859,robot_0,EV_move_forward,EV_path_clear,CLEAR
211.152,robot_0,EV_move_forward,EV_object_reached|EV_path_clear,CLEAR
211.452,robot_0,EV_search_color,EV_path_clear,CLEAR
211.647,robot_0,EV_move_forward,EV_object_visible|EV_path_clear,CLEAR
211.951,robot_0,EV_search_color,EV_path_clear,CLEAR
212.057,robot_0,EV_search_color,EV_path_clear,CLEAR
212.255,robot_0,EV_move_forward,EV_object_visible|EV_path_clear,CLEAR
212.551,robot_0,EV_move_forward,EV_path_clear,CLEAR
212.849,robot_0,EV_search_color,EV_object_visible|EV_path_clear,CLEAR
212.962,robot_0,EV_search_color,EV_path_clear,CLEAR
213.165,robot_0,EV_move_forward,EV_path_clear,CLEAR
213.450,robot_0,EV_u_turn,EV_object_visible|EV_obstacle_right,RIGHT
217.252,robot_0,EV_search_color,EV_object_reached|EV_path_clear,CLEAR
217.455,robot_0,EV_move_forward,EV_object_reached|EV_path_clear,CLEAR
217.752,robot_0,EV_search_color,EV_path_clear,CLEAR
217.946,robot_0,EV_search_color,EV_path_clear,CLEAR
218.157,robot_0,EV_search_color,EV_object_not_visible|EV_path_clear,CLEAR
218.348,robot_0,EV_search_color,EV_path_clear,CLEAR
218.451,robot_0,EV_move_forward,EV_path_clear,CLEAR
218.756,robot_0,EV_search_color,EV_object_visible|EV_path_clear,CLEAR
218.957,robot_0,EV_search_color,EV_path_clear,CLEAR
219.158,robot_0,EV_move_forward,EV_path_clear,CLEAR
219.454,robot_0,EV_search_color,EV_object_visible|EV_path_clear,CLEAR
219.648,robot_0,EV_move_forward,EV_path_clear,CLEAR
219.861,robot_0,EV_search_color,EV_path_clear,CLEAR
220.058,robot_0,EV_search_color,EV_object_visible|EV_path_clear,CLEAR
220.247,robot_0,EV_search_color,EV_path_clear,CLEAR
220.465,robot_0,EV_move_forward,EV_object_visible|EV_path_clear,CLEAR
220.759,robot_0,EV_move_forward,EV_path_clear,CLEAR
221.059,robot_0,EV_move_forward,EV_object_visible|EV_path_clear,CLEAR
221.365,robot_0,EV_move_forward,EV_path_clear,CLEAR
221.645,robot_0,EV_search_color,EV_object_reached|EV_path_clear,CLEAR
221.754,robot_0,EV_search_color,EV_path_clear,CLEAR
221.958,robot_0,EV_search_color,EV_path_clear,CLEAR
222.147,robot_0,EV_search_color,EV_object_reached|EV_path_clear,CLEAR
222.368,robot_0,EV_move_forward,EV_path_clear,CLEAR
222.656,robot_0,EV_search_color,EV_path_clear,CLEAR
222.766,robot_0,EV_search_color,EV_object_reached|EV_path_clear,CLEAR
222.945,robot_0,EV_move_forward,EV_path_clear,CLEAR
223.148,robot_0,EV_rotate_clockwise,EV_obstacle_left,LEFT
223.348,robot_0,EV_u_turn,EV_object_reached|EV_obstacle_left,LEFT
227.253,robot_0,EV_search_color,EV_object_reached|EV_path_clear,CLEAR
227.461,robot_0,EV_search_color,EV_object_reached|EV_path_clear,CLEAR
227.650,robot_0,EV_move_forward,EV_path_clear,CLEAR
227.868,robot_0,EV_move_forward,EV_path_clear,CLEAR
228.146,robot_0,EV_move_forward,EV_object_reached|EV_path_clear,CLEAR
228.458,robot_0,EV_search_color,EV_path_clear,CLEAR
228.653,robot_0,EV_search_color,EV_object_not_visible|EV_path_clear,CLEAR
228.848,robot_0,EV_move_forward,EV_path_clear,CLEAR
229.146,robot_0,EV_move_forward,EV_path_clear,CLEAR
229.445,robot_0,EV_search_color,EV_object_not_visible|EV_path_clear,CLEAR
229.649,robot_0,EV_move_forward,EV_path_clear,CLEAR
229.871,robot_0,EV_move_forward,EV_object_visible|EV_path_clear,CLEAR
230.156,robot_0,EV_move_forward,EV_path_clear,CLEAR
230.447,robot_0,EV_search_color,EV_object_visible|EV_path_clear,CLEAR
230.647,robot_0,EV_move_forward,EV_path_clear,CLEAR
230.861,robot_0,EV_search_color,EV_path_clear,CLEAR
231.046,robot_0,EV_move_forward,EV_object_visible|EV_path_clear,CLEAR
231.255,robot_0,EV_move_forward,EV_path_clear,CLEAR
231.547,robot_0,EV_search_color,EV_object_visible|EV_path_clear,CLEAR
231.749,robot_0,EV_move_forward,EV_path_clear,CLEAR
232.045,robot_0,EV_search_color,EV_object_visible|EV_path_clear,CLEAR
232.158,robot_0,EV_search_color,EV_path_clear,CLEAR
232.345,robot_0,EV_search_color,EV_path_clear,CLEAR
232.463,robot_0,EV_move_forward,EV_path_clear,CLEAR
232.745,robot_0,EV_move_forward,EV_object_visible|EV_path_clear,CLEAR
232.953,robot_0,EV_move_forward,EV_path_clear,CLEAR
233.252,robot_0,EV_search_color,EV_object_visible|EV_path_clear,CLEAR
233.453,robot_0,EV_move_forward,EV_path_clear,CLEAR
233.754,robot_0,EV_search_color,EV_path_clear,CLEAR
233.861,robot_0,EV_move_forward,EV_object_visible|EV_path_clear,CLEAR
234.155,robot_0,EV_move_forward,EV_path_clear,CLEAR
234.458,robot_0,EV_search_color,EV_object_visible|EV_path_clear,CLEAR
234.652,robot_0,EV_search_color,EV_path_clear,CLEAR
234.767,robot_0,EV_search_color,EV_path_clear,CLEAR
234.951,robot_0,EV_move_forward,EV_object_visible|EV_path_clear,CLEAR
235.248,robot_0,EV_move_forward,EV_path_clear,CLEAR
235.545,robot_0,EV_search_color,EV_object_visible|EV_path_clear,CLEAR
235.649,robot_0,EV_move_forward,EV_path_clear,CLEAR
235.861,robot_0,EV_search_color,EV_path_clear,CLEAR
236.050,robot_0,EV_move_forward,EV_path_clear,CLEAR
236.347,robot_0,EV_search_color,EV_object_visible|EV_path_clear,CLEAR
236.469,robot_0,EV_move_forward,EV_path_clear,CLEAR
236.751,robot_0,EV_search_color,EV_object_visible|EV_path_clear,CLEAR
236.946,robot_0,EV_search_color,EV_path_clear,CLEAR
237.056,robot_0,EV_move_forward,EV_path_clear,CLEAR
237.358,robot_0,EV_move_forward,EV_object_visible|EV_path_clear,CLEAR
237.659,robot_0,EV_search_color,EV_path_clear,CLEAR
237.855,robot_0,EV_search_color,EV_object_visible|EV_path_clear,CLEAR
238.069,robot_0,EV_move_forward,EV_path_clear,CLEAR
238.352,robot_0,EV_search_color,EV_object_not_visible|EV_path_clear,CLEAR
238.562,robot_0,EV_move_forward,EV_path_clear,CLEAR
238.854,robot_0,EV_move_forward,EV_object_not_visible|EV_path_clear,CLEAR
239.157,robot_0,EV_move_forward,EV_path_clear,CLEAR
239.447,robot_0,EV_search_color,EV_path_clear,CLEAR
239.561,robot_0,EV_move_forward,EV_path_clear,CLEAR
239.846,robot_0,EV_search_color,EV_object_not_visible|EV_path_clear,CLEAR
240.046,robot_0,EV_move_forward,EV_path_clear,CLEAR
240.351,robot_0,EV_move_forward,EV_object_not_visible|EV_path_clear,CLEAR
240.558,robot_0,EV_move_forward,EV_path_clear,CLEAR
240.760,robot_0,EV_search_color,EV_path_clear,CLEAR
240.948,robot_0,EV_move_forward,EV_object_reached|EV_path_clear,CLEAR
241.166,robot_0,EV_search_color,EV_path_clear,CLEAR
241.360,robot_0,EV_move_forward,EV_path_clear,CLEAR
241.650,robot_0,EV_move_forward,EV_object_reached|EV_path_clear,CLEAR
241.953,robot_0,EV_search_color,EV_path_clear,CLEAR
242.145,robot_0,EV_move_forward,EV_object_reached|EV_path_clear,CLEAR
242.449,robot_0,EV_search_color,EV_path_clear,CLEAR
242.652,robot_0,EV_search_color,EV_object_reached|EV_path_clear,CLEAR
242.849,robot_0,EV_move_forward,EV_path_clear,CLEAR
243.064,robot_0,EV_search_color,EV_path_clear,CLEAR
243.249,robot_0,EV_search_color,EV_path_clear,CLEAR
243.445,robot_0,EV_move_forward,EV_object_reached|EV_path_clear,CLEAR
243.656,robot_0,EV_search_color,EV_path_clear,CLEAR
243.762,robot_0,EV_search_color,EV_path_clear,CLEAR
243.948,robot_0,EV_rotate_clockwise,EV_object_reached|EV_obstacle_left,LEFT
244.062,robot_0,EV_rotate_clockwise,EV_obstacle_left,LEFT
244.246,robot_0,EV_rotate_clockwise,EV_obstacle_left,LEFT
244.354,robot_0,EV_rotate_clockwise,EV_obstacle_left,LEFT
244.556,robot_0,EV_u_turn,EV_obstacle_left,LEFT
248.352,robot_0,EV_search_color,EV_object_reached|EV_path_clear,CLEAR
248.557,robot_0,EV_search_color,EV_object_reached|EV_path_clear,CLEAR
248.756,robot_0,EV_search_color,EV_path_clear,CLEAR
248.945,robot_0,EV_search_color,EV_path_clear,CLEAR
249.052,robot_0,EV_move_forward,EV_path_clear,CLEAR
249.355,robot_0,EV_search_color,EV_object_reached|EV_path_clear,CLEAR
249.564,robot_0,EV_search_color,EV_path_clear,CLEAR
249.747,robot_0,EV_move_forward,EV_object_reached|EV_path_clear,CLEAR
249.955,robot_0,EV_search_color,EV_path_clear,CLEAR
250.145,robot_0,EV_search_color,EV_path_clear,CLEAR
250.361,robot_0,EV_move_forward,EV_object_reached|EV_path_clear,CLEAR
250.650,robot_0,EV_move_forward,EV_path_clear,CLEAR
250.856,robot_0,EV_move_forward,EV_path_clear,CLEAR
251.163,robot_0,EV_search_color,EV_object_reached|EV_path_clear,CLEAR
251.362,robot_0,EV_search_color,EV_path_clear,CLEAR
251.554,robot_0,EV_move_forward,EV_path_clear,CLEAR
251.860,robot_0,EV_move_forward,EV_object_reached|EV_path_clear,CLEAR
252.158,robot_0,EV_move_forward,EV_path_clear,CLEAR
252.452,robot_0,EV_search_color,EV_object_reached|EV_path_clear,CLEAR
252.650,robot_0,EV_search_color,EV_path_clear,CLEAR
252.845,robot_0,EV_move_forward,EV_object_reached|EV_path_clear,CLEAR
253.057,robot_0,EV_move_forward,EV_path_clear,CLEAR
253.358,robot_0,EV_search_color,EV_object_reached|EV_path_clear,CLEAR
253.551,robot_0,EV_search_color,EV_path_clear,CLEAR
253.755,robot_0,EV_move_forward,EV_path_clear,CLEAR
254.046,robot_0,EV_move_forward,EV_object_reached|EV_path_clear,CLEAR
254.353,robot_0,EV_search_color,EV_path_clear,CLEAR
254.559,robot_0,EV_search_color,EV_path_clear,CLEAR
254.745,robot_0,EV_search_color,EV_object_reached|EV_path_clear,CLEAR
254.847,robot_0,EV_search_color,EV_path_clear,CLEAR
254.951,robot_0,EV_move_forward,EV_path_clear,CLEAR
255.159,robot_0,EV_move_forward,EV_path_clear,CLEAR
255.448,robot_0,EV_search_color,EV_object_reached|EV_path_clear,CLEAR
255.651,robot_0,EV_search_color,EV_path_clear,CLEAR
255.852,robot_0,EV_move_forward,EV_object_reached|EV_path_clear,CLEAR
256.060,robot_0,EV_move_forward,EV_path_clear,CLEAR
256.359,robot_0,EV_move_forward,EV_path_clear,CLEAR
256.650,robot_0,EV_move_forward,EV_object_reached|EV_path_clear,CLEAR
256.864,robot_0,EV_move_forward,EV_path_clear,CLEAR
257.151,robot_0,EV_move_forward,EV_object_reached|EV_path_clear,CLEAR
257.354,robot_0,EV_move_forward,EV_path_clear,CLEAR
257.655,robot_0,EV_search_color,EV_path_clear,CLEAR
257.848,robot_0,EV_move_forward,EV_object_reached|EV_path_clear,CLEAR
258.151,robot_0,EV_move_forward,EV_path_clear,CLEAR
258.455,robot_0,EV_move_forward,EV_object_reached|EV_path_clear,CLEAR
258.755,robot_0,EV_search_color,EV_path_clear,CLEAR
258.857,robot_0,EV_search_color,EV_object_reached|EV_path_clear,CLEAR
259.052,robot_0,EV_move_forward,EV_path_clear,CLEAR
259.345,robot_0,EV_search_color,EV_path_clear,CLEAR
259.450,robot_0,EV_move_forward,EV_object_reached|EV_path_clear,CLEAR
259.659,robot_0,EV_search_color,EV_path_clear,CLEAR
259.862,robot_0,EV_move_forward,EV_path_clear,CLEAR
260.157,robot_0,EV_move_forward,EV_object_reached|EV_path_clear,CLEAR
260.457,robot_0,EV_search_color,EV_path_clear,CLEAR
260.654,robot_0,EV_move_forward,EV_object_reached|EV_path_clear,CLEAR
260.945,robot_0,EV_move_forward,EV_path_clear,CLEAR
261.260,robot_0,EV_move_forward,EV_object_not_visible|EV_path_clear,CLEAR
261.562,robot_0,EV_search_color,EV_path_clear,CLEAR
261.745,robot_0,EV_move_forward,EV_object_not_visible|EV_path_clear,CLEAR
262.059,robot_0,EV_search_color,EV_path_clear,CLEAR
262.251,robot_0,EV_search_color,EV_path_clear,CLEAR
262.361,robot_0,EV_search_color,EV_object_not_visible|EV_path_clear,CLEAR
262.545,robot_0,EV_search_color,EV_path_clear,CLEAR
262.652,robot_0,EV_move_forward,EV_path_clear,CLEAR
262.856,robot_0,EV_move_forward,EV_path_clear,CLEAR
263.060,robot_0,EV_search_color,EV_object_not_visible|EV_path_clear,CLEAR
263.258,robot_0,EV_search_color,EV_path_clear,CLEAR
263.445,robot_0,EV_move_forward,EV_path_clear,CLEAR
263.646,robot_0,EV_move_forward,EV_object_visible|EV_path_clear,CLEAR
263.859,robot_0,EV_move_forward,EV_path_clear,CLEAR
264.068,robot_0,EV_move_forward,EV_path_clear,CLEAR
264.349,robot_0,EV_move_forward,EV_object_visible|EV_path_clear,CLEAR
264.651,robot_0,EV_move_forward,EV_path_clear,CLEAR
264.951,robot_0,EV_move_forward,EV_object_visible|EV_path_clear,CLEAR
265.245,robot_0,EV_move_forward,EV_path_clear,CLEAR
265.463,robot_0,EV_search_color,EV_path_clear,CLEAR
265.647,robot_0,EV_move_forward,EV_object_visible|EV_path_clear,CLEAR
265.961,robot_0,EV_search_color,EV_path_clear,CLEAR
266.156,robot_0,EV_search_color,EV_object_visible|EV_path_clear,CLEAR
266.364,robot_0,EV_search_color,EV_path_clear,CLEAR
266.547,robot_0,EV_move_forward,EV_object_visible|EV_path_clear,CLEAR
266.761,robot_0,EV_move_forward,EV_path_clear,CLEAR
267.063,robot_0,EV_search_color,EV_path_clear,CLEAR
267.254,robot_0,EV_search_color,EV_object_visible|EV_path_clear,CLEAR
267.453,robot_0,EV_search_color,EV_path_clear,CLEAR
267.650,robot_0,EV_search_color,EV_path_clear,CLEAR
267.757,robot_0,EV_move_forward,EV_object_visible|EV_path_clear,CLEAR
268.058,robot_0,EV_search_color,EV_path_clear,CLEAR
268.257,robot_0,EV_move_forward,EV_path_clear,CLEAR
268.554,robot_0,EV_search_color,EV_object_visible|EV_path_clear,CLEAR
268.745,robot_0,EV_move_forward,EV_path_clear,CLEAR
269.060,robot_0,EV_move_forward,EV_path_clear,CLEAR
269.348,robot_0,EV_move_forward,EV_object_visible|EV_path_clear,CLEAR
269.553,robot_0,EV_move_forward,EV_path_clear,CLEAR
269.847,robot_0,EV_move_forward,EV_object_visible|EV_path_clear,CLEAR
270.053,robot_0,EV_search_color,EV_path_clear,CLEAR
270.157,robot_0,EV_move_forward,EV_path_clear,CLEAR
270.451,robot_0,EV_move_forward,EV_object_visible|EV_path_clear,CLEAR
270.746,robot_0,EV_move_forward,EV_path_clear,CLEAR
270.957,robot_0,EV_rotate_clockwise,EV_object_visible|EV_obstacle_left,LEFT
271.147,robot_0,EV_rotate_clockwise,EV_obstacle_left,LEFT
271.363,robot_0,EV_rotate_clockwise,EV_obstacle_left,LEFT
271.555,robot_0,EV_rotate_clockwise,EV_object_visible|EV_obstacle_left,LEFT
271.745,robot_0,EV_rotate_clockwise,EV_obstacle_left,LEFT
271.951,robot_0,EV_move_forward,EV_path_clear,CLEAR
272.246,robot_0,EV_move_forward,EV_object_visible|EV_path_clear,CLEAR
272.560,robot_0,EV_search_color,EV_path_clear,CLEAR
272.750,robot_0,EV_move_forward,EV_object_visible|EV_path_clear,CLEAR
272.963,robot_0,EV_search_color,EV_path_clear,CLEAR
273.158,robot_0,EV_move_forward,EV_path_clear,CLEAR
273.445,robot_0,EV_move_forward,EV_object_visible|EV_path_clear,CLEAR
273.660,robot_0,EV_move_forward,EV_path_clear,CLEAR
273.952,robot_0,EV_search_color,EV_object_visible|EV_path_clear,CLEAR
274.152,robot_0,EV_move_forward,EV_path_clear,CLEAR
274.445,robot_0,EV_move_forward,EV_object_visible|EV_path_clear,CLEAR
274.753,robot_0,EV_search_color,EV_path_clear,CLEAR
274.947,robot_0,EV_move_forward,EV_object_visible|EV_path_clear,CLEAR
275.153,robot_0,EV_search_color,EV_path_clear,CLEAR
275.346,robot_0,EV_search_color,EV_path_clear,CLEAR
275.553,robot_0,EV_move_forward,EV_object_visible|EV_path_clear,CLEAR
275.849,robot_0,EV_search_color,EV_path_clear,CLEAR
276.047,robot_0,EV_move_forward,EV_path_clear,CLEAR
276.346,robot_0,EV_search_color,EV_object_visible|EV_path_clear,CLEAR
276.553,robot_0,EV_move_forward,EV_path_clear,CLEAR
276.857,robot_0,EV_rotate_counterclockwise,EV_object_visible|EV_obstacle_right,RIGHT
277.051,robot_0,EV_rotate_counterclockwise,EV_obstacle_right,RIGHT
277.153,robot_0,EV_u_turn,EV_obstacle_right,RIGHT
281.052,robot_0,EV_move_forward,EV_object_visible|EV_path_clear,CLEAR
281.345,robot_0,EV_search_color,EV_path_clear,CLEAR
281.454,robot_0,EV_move_forward,EV_path_clear,CLEAR
281.745,robot_0,EV_search_color,EV_object_visible|EV_path_clear,CLEAR
281.857,robot_0,EV_search_color,EV_path_clear,CLEAR
281.960,robot_0,EV_search_color,EV_path_clear,CLEAR
282.153,robot_0,EV_move_forward,EV_object_visible|EV_path_clear,CLEAR
282.456,robot_0,EV_move_forward,EV_path_clear,CLEAR
282.754,robot_0,EV_search_color,EV_object_visible|EV_path_clear,CLEAR
282.954,robot_0,EV_move_forward,EV_path_clear,CLEAR
283.157,robot_0,EV_search_color,EV_path_clear,CLEAR
283.364,robot_0,EV_search_color,EV_object_visible|EV_path_clear,CLEAR
283.545,robot_0,EV_search_color,EV_path_clear,CLEAR
283.658,robot_0,EV_search_color,EV_path_clear,CLEAR
283.846,robot_0,EV_move_forward,EV_object_visible|EV_path_clear,CLEAR
284.149,robot_0,EV_search_color,EV_path_clear,CLEAR
284.348,robot_0,EV_move_forward,EV_path_clear,CLEAR
284.646,robot_0,EV_move_forward,EV_object_visible|EV_path_clear,CLEAR
284.851,robot_0,EV_move_forward,EV_path_clear,CLEAR
285.164,robot_0,EV_search_color,EV_object_reached|EV_path_clear,CLEAR
285.360,robot_0,EV_move_forward,EV_path_clear,CLEAR
285.650,robot_0,EV_rotate_clockwise,EV_obstacle_front|EV_object_reached,CORNER
285.858,robot_0,EV_u_turn,EV_obstacle_front,CORNER
289.658,robot_0,EV_move_forward,EV_object_reached|EV_path_clear,CLEAR
289.964,robot_0,EV_move_forward,EV_object_reached|EV_path_clear,CLEAR
290.260,robot_0,EV_move_forward,EV_path_clear,CLEAR
290.558,robot_0,EV_u_turn,EV_object_reached|EV_obstacle_left,LEFT
290.646,robot_0,EV_u_turn,EV_obstacle_left,LEFT
290.745,robot_0,EV_rotate_clockwise,EV_obstacle_left,LEFT
290.855,robot_0,EV_u_turn,EV_obstacle_left,LEFT
290.958,robot_0,EV_rotate_clockwise,EV_obstacle_left,LEFT
291.151,robot_0,EV_search_color,EV_object_reached|EV_path_clear,CLEAR
291.353,robot_0,EV_move_forward,EV_path_clear,CLEAR
291.656,robot_0,EV_search_color,EV_object_reached|EV_path_clear,CLEAR
291.857,robot_0,EV_search_color,EV_path_clear,CLEAR
292.066,robot_0,EV_move_forward,EV_path_clear,CLEAR
292.356,robot_0,EV_search_color,EV_object_visible|EV_path_clear,CLEAR
292.555,robot_0,EV_search_color,EV_path_clear,CLEAR
292.754,robot_0,EV_rotate_clockwise,EV_object_reached|EV_obstacle_left,LEFT
292.950,robot_0,EV_rotate_clockwise,EV_obstacle_left,LEFT
293.151,robot_0,EV_u_turn,EV_obstacle_left,LEFT
297.052,robot_0,EV_rotate_clockwise,EV_object_reached|EV_obstacle_left,LEFT
299.860,robot_0,EV_search_color,EV_object_reached|EV_path_clear,CLEAR
300.045,robot_0,EV_rotate_counterclockwise,EV_object_reached|EV_obstacle_right,RIGHT
300.245,robot_0,EV_u_turn,EV_obstacle_right,RIGHT
304.172,robot_0,EV_move_forward,EV_object_reached|EV_path_clear,CLEAR
304.450,robot_0,EV_move_forward,EV_object_reached|EV_path_clear,CLEAR
304.746,robot_0,EV_search_color,EV_path_clear,CLEAR
304.855,robot_0,EV_search_color,EV_path_clear,CLEAR
304.962,robot_0,EV_search_color,EV_path_clear,CLEAR
305.147,robot_0,EV_search_color,EV_object_reached|EV_path_clear,CLEAR
305.354,robot_0,EV_move_forward,EV_path_clear,CLEAR
305.647,robot_0,EV_rotate_counterclockwise,EV_object_reached|EV_obstacle_right,RIGHT
305.854,robot_0,EV_u_turn,EV_obstacle_right,RIGHT
305.952,robot_0,EV_rotate_counterclockwise,EV_obstacle_right,RIGHT
306.147,robot_0,EV_u_turn,EV_obstacle_right,RIGHT
306.252,robot_0,EV_u_turn,EV_obstacle_right,RIGHT
310.048,robot_0,EV_move_forward,EV_object_reached|EV_path_clear,CLEAR
310.349,robot_0,EV_search_color,EV_path_clear,CLEAR
310.559,robot_0,EV_move_forward,EV_object_reached|EV_path_clear,CLEAR
310.845,robot_0,EV_search_color,EV_path_clear,CLEAR
311.052,robot_0,EV_rotate_counterclockwise,EV_object_reached|EV_obstacle_right,RIGHT
313.751,robot_0,EV_move_forward,EV_object_reached|EV_path_clear,CLEAR
314.050,robot_0,EV_move_forward,EV_object_reached|EV_path_clear,CLEAR
314.356,robot_0,EV_search_color,EV_path_clear,CLEAR
314.548,robot_0,EV_move_forward,EV_object_reached|EV_path_clear,CLEAR
314.765,robot_0,EV_search_color,EV_path_clear,CLEAR
314.953,robot_0,EV_rotate_clockwise,EV_obstacle_front|EV_object_reached,CORNER
315.145,robot_0,EV_u_turn,EV_obstacle_front,CORNER
319.062,robot_0,EV_u_turn,EV_object_reached|EV_obstacle_right,RIGHT
319.155,robot_0,EV_u_turn,EV_obstacle_right,RIGHT
319.249,robot_0,EV_u_turn,EV_obstacle_right,RIGHT
319.360,robot_0,EV_u_turn,EV_obstacle_right,RIGHT
319.458,robot_0,EV_u_turn,EV_obstacle_right,RIGHT
319.545,robot_0,EV_u_turn,EV_obstacle_right,RIGHT
319.649,robot_0,EV_u_turn,EV_object_reached|EV_obstacle_right,RIGHT
319.755,robot_0,EV_rotate_counterclockwise,EV_obstacle_right,RIGHT
319.946,robot_0,EV_u_turn,EV_obstacle_right,RIGHT
320.059,robot_0,EV_rotate_counterclockwise,EV_obstacle_right,RIGHT
320.248,robot_0,EV_rotate_counterclockwise,EV_object_reached|EV_obstacle_right,RIGHT
320.448,robot_0,EV_rotate_counterclockwise,EV_obstacle_right,RIGHT
320.556,robot_0,EV_u_turn,EV_obstacle_right,RIGHT
320.658,robot_0,EV_u_turn,EV_object_reached|EV_obstacle_left,LEFT
320.753,robot_0,EV_rotate_clockwise,EV_obstacle_left,LEFT
320.950,robot_0,EV_rotate_clockwise,EV_obstacle_left,LEFT
321.168,robot_0,EV_u_turn,EV_obstacle_left,LEFT
324.952,robot_0,EV_rotate_clockwise,EV_object_reached|EV_obstacle_left,LEFT
327.664,robot_0,EV_search_color,EV_object_reached|EV_path_clear,CLEAR
327.857,robot_0,EV_move_forward,EV_object_reached|EV_path_clear,CLEAR
328.160,robot_0,EV_move_forward,EV_path_clear,CLEAR
328.447,robot_0,EV_search_color,EV_object_reached|EV_path_clear,CLEAR
328.559,robot_0,EV_search_color,EV_path_clear,CLEAR
328.752,robot_0,EV_move_forward,EV_path_clear,CLEAR
329.048,robot_0,EV_u_turn,EV_object_reached|EV_obstacle_right,RIGHT
332.854,robot_0,EV_u_turn,EV_object_visible|EV_obstacle_right,RIGHT
332.945,robot_0,EV_u_turn,EV_obstacle_right,RIGHT
333.062,robot_0,EV_rotate_counterclockwise,EV_obstacle_right,RIGHT
333.246,robot_0,EV_u_turn,EV_obstacle_right,RIGHT
333.347,robot_0,EV_rotate_counterclockwise,EV_obstacle_right,RIGHT
333.460,robot_0,EV_u_turn,EV_obstacle_right,RIGHT
333.548,robot_0,EV_rotate_counterclockwise,EV_object_visible|EV_obstacle_right,RIGHT
333.745,robot_0,EV_u_turn,EV_obstacle_right,RIGHT
333.861,robot_0,EV_u_turn,EV_obstacle_right,RIGHT
333.951,robot_0,EV_u_turn,EV_obstacle_right,RIGHT
334.051,robot_0,EV_rotate_counterclockwise,EV_obstacle_right,RIGHT
334.247,robot_0,EV_rotate_clockwise,EV_object_visible|EV_obstacle_left,LEFT
334.446,robot_0,EV_rotate_clockwise,EV_obstacle_left,LEFT
334.648,robot_0,EV_rotate_clockwise,EV_obstacle_left,LEFT
334.865,robot_0,EV_search_color,EV_object_visible|EV_path_clear,CLEAR
335.047,robot_0,EV_search_color,EV_path_clear,CLEAR
335.248,robot_0,EV_rotate_clockwise,EV_object_visible|EV_obstacle_left,LEFT
335.363,robot_0,EV_u_turn,EV_obstacle_left,LEFT
339.152,robot_0,EV_u_turn,EV_object_visible|EV_obstacle_left,LEFT
339.258,robot_0,EV_u_turn,EV_obstacle_left,LEFT
339.346,robot_0,EV_rotate_clockwise,EV_obstacle_left,LEFT
342.157,robot_0,EV_rotate_counterclockwise,EV_object_reached|EV_obstacle_right,RIGHT
342.356,robot_0,EV_rotate_counterclockwise,EV_obstacle_right,RIGHT
342.549,robot_0,EV_move_forward,EV_object_reached|EV_path_clear,CLEAR
342.754,robot_0,EV_search_color,EV_path_clear,CLEAR
342.949,robot_0,EV_search_color,EV_path_clear,CLEAR
343.059,robot_0,EV_u_turn,EV_obstacle_right,RIGHT
346.846,robot_0,EV_move_backward,EV_obstacle_front|EV_object_reached,CORNER
347.149,robot_0,EV_rotate_clockwise,EV_obstacle_front,CORNER
347.252,robot_0,EV_u_turn,EV_obstacle_front,CORNER
347.349,robot_0,EV_move_backward,EV_obstacle_front|EV_object_reached,CORNER
347.654,robot_0,EV_rotate_counterclockwise,EV_obstacle_front,CORNER
347.847,robot_0,EV_u_turn,EV_obstacle_front,CORNER
347.972,robot_0,EV_rotate_clockwise,EV_obstacle_front,CORNER
348.155,robot_0,EV_rotate_clockwise,EV_obstacle_front|EV_object_reached,CORNER
348.349,robot_0,EV_u_turn,EV_obstacle_front,CORNER
348.459,robot_0,EV_u_turn,EV_obstacle_front,CORNER
348.553,robot_0,EV_u_turn,EV_obstacle_front,CORNER
348.645,robot_0,EV_move_forward,EV_object_reached|EV_path_clear,CLEAR
348.861,robot_0,EV_move_forward,EV_path_clear,CLEAR
349.147,robot_0,EV_search_color,EV_path_clear,CLEAR
349.346,robot_0,EV_search_color,EV_object_reached|EV_path_clear,CLEAR
349.455,robot_0,EV_move_forward,EV_path_clear,CLEAR
349.750,robot_0,EV_move_forward,EV_path_clear,CLEAR
350.045,robot_0,EV_move_forward,EV_object_reached|EV_path_clear,CLEAR
350.350,robot_0,EV_move_backward,EV_obstacle_front,CORNER
350.654,robot_0,EV_u_turn,EV_obstacle_front|EV_object_reached,CORNER
354.452,robot_0,EV_search_color,EV_object_reached|EV_path_clear,CLEAR
354.658,robot_0,EV_search_color,EV_path_clear,CLEAR
354.856,robot_0,EV_search_color,EV_path_clear,CLEAR
354.960,robot_0,EV_move_forward,EV_path_clear,CLEAR
355.256,robot_0,EV_move_forward,EV_object_reached|EV_path_clear,CLEAR
355.545,robot_0,EV_search_color,EV_path_clear,CLEAR
355.655,robot_0,EV_search_color,EV_path_clear,CLEAR
355.759,robot_0,EV_move_forward,EV_object_reached|EV_path_clear,CLEAR
356.054,robot_0,EV_move_forward,EV_path_clear,CLEAR
356.264,robot_0,EV_search_color,EV_path_clear,CLEAR
356.455,robot_0,EV_rotate_counterclockwise,EV_object_reached|EV_obstacle_right,RIGHT
356.659,robot_0,EV_rotate_counterclockwise,EV_obstacle_right,RIGHT
356.846,robot_0,EV_rotate_counterclockwise,EV_obstacle_right,RIGHT
357.066,robot_0,EV_u_turn,EV_object_reached|EV_obstacle_right,RIGHT
360.948,robot_0,EV_move_forward,EV_object_reached|EV_path_clear,CLEAR
361.260,robot_0,EV_search_color,EV_path_clear,CLEAR
361.450,robot_0,EV_move_forward,EV_object_reached|EV_path_clear,CLEAR
361.654,robot_0,EV_move_forward,EV_path_clear,CLEAR
361.951,robot_0,EV_move_forward,EV_path_clear,CLEAR
362.259,robot_0,EV_move_forward,EV_object_reached|EV_path_clear,CLEAR
362.462,robot_0,EV_search_color,EV_path_clear,CLEAR
362.650,robot_0,EV_search_color,EV_object_reached|EV_path_clear,CLEAR
362.845,robot_0,EV_move_forward,EV_path_clear,CLEAR
363.061,robot_0,EV_move_forward,EV_path_clear,CLEAR
363.362,robot_0,EV_u_turn,EV_object_reached|EV_obstacle_left,LEFT
367.156,robot_0,EV_move_forward,EV_object_reached|EV_path_clear,CLEAR
367.449,robot_0,EV_move_forward,EV_path_clear,CLEAR
367.760,robot_0,EV_move_forward,EV_object_reached|EV_path_clear,CLEAR
368.058,robot_0,EV_search_color,EV_object_reached|EV_path_clear,CLEAR
368.254,robot_0,EV_move_forward,EV_path_clear,CLEAR
368.549,robot_0,EV_move_forward,EV_object_reached|EV_path_clear,CLEAR
368.846,robot_0,EV_search_color,EV_path_clear,CLEAR
369.050,robot_0,EV_search_color,EV_path_clear,CLEAR
369.152,robot_0,EV_move_forward,EV_path_clear,CLEAR
369.357,robot_0,EV_u_turn,EV_object_reached|EV_obstacle_right,RIGHT
373.245,robot_0,EV_search_color,EV_object_reached|EV_path_clear,CLEAR
373.446,robot_0,EV_move_forward,EV_object_reached|EV_path_clear,CLEAR
373.753,robot_0,EV_search_color,EV_path_clear,CLEAR
373.860,robot_0,EV_move_forward,EV_path_clear,CLEAR
374.146,robot_0,EV_rotate_clockwise,EV_object_reached|EV_obstacle_left,LEFT
377.055,robot_0,EV_search_color,EV_object_reached|EV_path_clear,CLEAR
377.245,robot_0,EV_search_color,EV_path_clear,CLEAR
377.350,robot_0,EV_move_forward,EV_object_reached|EV_path_clear,CLEAR
377.651,robot_0,EV_move_forward,EV_path_clear,CLEAR
377.959,robot_0,EV_move_forward,EV_object_reached|EV_path_clear,CLEAR
378.257,robot_0,EV_search_color,EV_path_clear,CLEAR
378.480,robot_0,EV_move_backward,EV_obstacle_front,CORNER
378.750,robot_0,EV_move_backward,EV_object_visible|EV_obstacle_front,CORNER
378.963,robot_0,EV_rotate_counterclockwise,EV_obstacle_front,CORNER
379.160,robot_0,EV_move_backward,EV_obstacle_front|EV_object_reached,CORNER
379.458,robot_0,EV_move_backward,EV_obstacle_front,CORNER
379.753,robot_0,EV_u_turn,EV_object_reached|EV_obstacle_right,RIGHT
383.655,robot_0,EV_move_forward,EV_object_reached|EV_path_clear,CLEAR
383.960,robot_0,EV_u_turn,EV_object_reached|EV_obstacle_right,RIGHT
384.047,robot_0,EV_u_turn,EV_obstacle_right,RIGHT
384.152,robot_0,EV_u_turn,EV_obstacle_right,RIGHT
384.245,robot_0,EV_u_turn,EV_obstacle_right,RIGHT
384.359,robot_0,EV_u_turn,EV_object_reached|EV_obstacle_right,RIGHT
384.449,robot_0,EV_u_turn,EV_obstacle_right,RIGHT
384.555,robot_0,EV_u_turn,EV_obstacle_right,RIGHT
384.647,robot_0,EV_rotate_counterclockwise,EV_obstacle_right,RIGHT
384.761,robot_0,EV_u_turn,EV_obstacle_right,RIGHT
384.861,robot_0,EV_rotate_counterclockwise,EV_obstacle_right,RIGHT
384.963,robot_0,EV_u_turn,EV_object_reached|EV_obstacle_right,RIGHT
385.045,robot_0,EV_rotate_counterclockwise,EV_obstacle_right,RIGHT
385.255,robot_0,EV_rotate_counterclockwise,EV_obstacle_right,RIGHT
385.451,robot_0,EV_u_turn,EV_object_reached|EV_obstacle_right,RIGHT
385.548,robot_0,EV_u_turn,EV_obstacle_right,RIGHT
385.649,robot_0,EV_u_turn,EV_obstacle_right,RIGHT
385.748,robot_0,EV_u_turn,EV_obstacle_right,RIGHT
385.845,robot_0,EV_rotate_counterclockwise,EV_obstacle_right,RIGHT
385.955,robot_0,EV_move_forward,EV_path_clear,CLEAR
386.249,robot_0,EV_search_color,EV_object_reached|EV_path_clear,CLEAR
386.451,robot_0,EV_search_color,EV_path_clear,CLEAR
386.660,robot_0,EV_move_forward,EV_object_reached|EV_path_clear,CLEAR
386.946,robot_0,EV_search_color,EV_path_clear,CLEAR
387.058,robot_0,EV_search_color,EV_path_clear,CLEAR
387.161,robot_0,EV_move_forward,EV_path_clear,CLEAR
387.464,robot_0,EV_u_turn,EV_object_reached|EV_obstacle_left,LEFT
391.355,robot_0,EV_move_forward,EV_object_reached|EV_path_clear,CLEAR
391.645,robot_0,EV_search_color,EV_path_clear,CLEAR
391.849,robot_0,EV_search_color,EV_path_clear,CLEAR
391.956,robot_0,EV_search_color,EV_object_reached|EV_path_clear,CLEAR
392.146,robot_0,EV_search_color,EV_path_clear,CLEAR
392.359,robot_0,EV_search_color,EV_path_clear,CLEAR
392.557,robot_0,EV_search_color,EV_object_reached|EV_path_clear,CLEAR
392.749,robot_0,EV_search_color,EV_path_clear,CLEAR
392.955,robot_0,EV_move_forward,EV_path_clear,CLEAR
393.256,robot_0,EV_search_color,EV_path_clear,CLEAR
393.457,robot_0,EV_search_color,EV_object_reached|EV_path_clear,CLEAR
393.660,robot_0,EV_search_color,EV_path_clear,CLEAR
393.764,robot_0,EV_move_forward,EV_path_clear,CLEAR
394.059,robot_0,EV_move_forward,EV_object_reached|EV_path_clear,CLEAR
394.351,robot_0,EV_u_turn,EV_obstacle_left,LEFT
398.245,robot_0,EV_move_forward,EV_object_reached|EV_path_clear,CLEAR
398.552,robot_0,EV_move_forward,EV_object_reached|EV_path_clear,CLEAR
398.851,robot_0,EV_search_color,EV_path_clear,CLEAR
399.056,robot_0,EV_u_turn,EV_obstacle_front,CORNER
399.151,robot_0,EV_rotate_counterclockwise,EV_obstacle_front|EV_object_reached,CORNER
399.357,robot_0,EV_rotate_clockwise,EV_obstacle_front,CORNER
399.554,robot_0,EV_move_backward,EV_obstacle_front,CORNER
399.845,robot_0,EV_rotate_clockwise,EV_obstacle_front|EV_object_reached,CORNER
400.063,robot_0,EV_move_backward,EV_obstacle_front,CORNER
400.348,robot_0,EV_move_backward,EV_obstacle_front|EV_object_reached,CORNER
400.557,robot_0,EV_rotate_counterclockwise,EV_obstacle_front,CORNER
400.665,robot_0,EV_rotate_clockwise,EV_obstacle_front,CORNER
400.861,robot_0,EV_move_forward,EV_object_reached|EV_path_clear,CLEAR
401.154,robot_0,EV_search_color,EV_path_clear,CLEAR
401.345,robot_0,EV_search_color,EV_path_clear,CLEAR
401.449,robot_0,EV_move_forward,EV_object_reached|EV_path_clear,CLEAR
401.764,robot_0,EV_search_color,EV_path_clear,CLEAR
401.945,robot_0,EV_search_color,EV_path_clear,CLEAR
402.062,robot_0,EV_rotate_counterclockwise,EV_object_reached|EV_obstacle_right,RIGHT
402.255,robot_0,EV_u_turn,EV_obstacle_right,RIGHT
406.053,robot_0,EV_move_forward,EV_object_reached|EV_path_clear,CLEAR
406.346,robot_0,EV_u_turn,EV_object_reached|EV_obstacle_left,LEFT
406.448,robot_0,EV_rotate_clockwise,EV_obstacle_left,LEFT
409.151,robot_0,EV_move_forward,EV_object_reached|EV_path_clear,CLEAR
409.445,robot_0,EV_move_forward,EV_path_clear,CLEAR
409.747,robot_0,EV_move_forward,EV_object_reached|EV_path_clear,CLEAR
410.059,robot_0,EV_move_forward,EV_path_clear,CLEAR
410.346,robot_0,EV_move_forward,EV_object_reached|EV_path_clear,CLEAR
410.646,robot_0,EV_search_color,EV_path_clear,CLEAR
410.850,robot_0,EV_move_forward,EV_path_clear,CLEAR
411.168,robot_0,EV_u_turn,EV_object_reached|EV_obstacle_left,LEFT
414.957,robot_0,EV_move_forward,EV_object_reached|EV_path_clear,CLEAR
415.246,robot_0,EV_search_color,EV_object_reached|EV_path_clear,CLEAR
415.367,robot_0,EV_move_forward,EV_path_clear,CLEAR
415.652,robot_0,EV_move_forward,EV_object_reached|EV_path_clear,CLEAR
415.947,robot_0,EV_search_color,EV_path_clear,CLEAR
416.161,robot_0,EV_move_forward,EV_path_clear,CLEAR
416.457,robot_0,EV_search_color,EV_object_reached|EV_path_clear,CLEAR
416.661,robot_0,EV_move_forward,EV_path_clear,CLEAR
416.954,robot_0,EV_move_forward,EV_object_reached|EV_path_clear,CLEAR
417.252,robot_0,EV_move_forward,EV_path_clear,CLEAR
417.550,robot_0,EV_u_turn,EV_object_reached|EV_obstacle_right,RIGHT
421.359,robot_0,EV_rotate_counterclockwise,EV_object_reached|EV_obstacle_right,RIGHT
421.547,robot_0,EV_rotate_counterclockwise,EV_object_reached|EV_obstacle_right,RIGHT
421.759,robot_0,EV_rotate_counterclockwise,EV_obstacle_right,RIGHT
421.968,robot_0,EV_u_turn,EV_obstacle_right,RIGHT
422.058,robot_0,EV_rotate_counterclockwise,EV_obstacle_right,RIGHT
422.246,robot_0,EV_move_forward,EV_object_reached|EV_path_clear,CLEAR
422.545,robot_0,EV_move_forward,EV_path_clear,CLEAR
422.750,robot_0,EV_move_forward,EV_path_clear,CLEAR
423.055,robot_0,EV_move_forward,EV_object_reached|EV_path_clear,CLEAR
423.378,robot_0,EV_move_forward,EV_path_clear,CLEAR
423.648,robot_0,EV_move_forward,EV_object_reached|EV_path_clear,CLEAR
423.855,robot_0,EV_u_turn,EV_obstacle_front,CORNER
427.649,robot_0,EV_search_color,EV_object_reached|EV_path_clear,CLEAR
427.847,robot_0,EV_search_color,EV_path_clear,CLEAR
428.047,robot_0,EV_move_forward,EV_object_reached|EV_path_clear,CLEAR
428.257,robot_0,EV_move_forward,EV_path_clear,CLEAR
428.560,robot_0,EV_move_forward,EV_path_clear,CLEAR
428.845,robot_0,EV_move_forward,EV_object_reached|EV_path_clear,CLEAR
429.065,robot_0,EV_rotate_counterclockwise,EV_obstacle_right,RIGHT
429.247,robot_0,EV_rotate_counterclockwise,EV_object_reached|EV_obstacle_right,RIGHT
429.466,robot_0,EV_u_turn,EV_obstacle_right,RIGHT
429.561,robot_0,EV_u_turn,EV_obstacle_right,RIGHT
429.655,robot_0,EV_u_turn,EV_object_reached|EV_obstacle_right,RIGHT
429.757,robot_0,EV_u_turn,EV_obstacle_right,RIGHT
429.852,robot_0,EV_u_turn,EV_obstacle_right,RIGHT
433.663,robot_0,EV_move_forward,EV_object_reached|EV_path_clear,CLEAR
433.946,robot_0,EV_move_forward,EV_object_reached|EV_path_clear,CLEAR
434.248,robot_0,EV_move_forward,EV_path_clear,CLEAR
434.546,robot_0,EV_u_turn,EV_object_reached|EV_obstacle_left,LEFT
434.645,robot_0,EV_rotate_clockwise,EV_obstacle_left,LEFT
434.845,robot_0,EV_rotate_clockwise,EV_obstacle_left,LEFT
434.952,robot_0,EV_u_turn,EV_object_reached|EV_obstacle_left,LEFT
435.046,robot_0,EV_rotate_clockwise,EV_obstacle_left,LEFT
435.259,robot_0,EV_u_turn,EV_obstacle_left,LEFT
435.357,robot_0,EV_u_turn,EV_obstacle_left,LEFT
435.456,robot_0,EV_u_turn,EV_obstacle_left,LEFT
435.545,robot_0,EV_rotate_clockwise,EV_object_reached|EV_obstacle_left,LEFT
435.656,robot_0,EV_u_turn,EV_obstacle_left,LEFT
435.753,robot_0,EV_u_turn,EV_obstacle_left,LEFT
435.856,robot_0,EV_u_turn,EV_obstacle_left,LEFT
439.748,robot_0,EV_u_turn,EV_object_reached|EV_obstacle_right,RIGHT
439.852,robot_0,EV_rotate_counterclockwise,EV_obstacle_right,RIGHT
442.749,robot_0,EV_rotate_clockwise,EV_object_reached|EV_obstacle_left,LEFT
442.855,robot_0,EV_u_turn,EV_obstacle_left,LEFT
446.768,robot_0,EV_rotate_counterclockwise,EV_obstacle_front|EV_object_reached,CORNER
446.956,robot_0,EV_u_turn,EV_object_reached|EV_obstacle_right,RIGHT
447.049,robot_0,EV_rotate_counterclockwise,EV_obstacle_right,RIGHT
447.251,robot_0,EV_u_turn,EV_obstacle_right,RIGHT
447.348,robot_0,EV_rotate_counterclockwise,EV_object_reached|EV_obstacle_right,RIGHT
447.548,robot_0,EV_u_turn,EV_obstacle_right,RIGHT
447.650,robot_0,EV_rotate_counterclockwise,EV_obstacle_right,RIGHT
447.856,robot_0,EV_rotate_counterclockwise,EV_obstacle_right,RIGHT
448.050,robot_0,EV_u_turn,EV_object_reached|EV_obstacle_left,LEFT
448.159,robot_0,EV_rotate_clockwise,EV_obstacle_left,LEFT
448.352,robot_0,EV_u_turn,EV_obstacle_left,LEFT
448.447,robot_0,EV_search_color,EV_object_reached|EV_path_clear,CLEAR
448.645,robot_0,EV_search_color,EV_path_clear,CLEAR
448.846,robot_0,EV_search_color,EV_path_clear,CLEAR
448.959,robot_0,EV_search_color,EV_path_clear,CLEAR
449.155,robot_0,EV_search_color,EV_object_reached|EV_path_clear,CLEAR
449.258,robot_0,EV_move_forward,EV_path_clear,CLEAR
449.552,robot_0,EV_search_color,EV_path_clear,CLEAR
449.755,robot_0,EV_search_color,EV_object_reached|EV_path_clear,CLEAR
449.955,robot_0,EV_search_color,EV_path_clear,CLEAR
450.157,robot_0,EV_move_forward,EV_path_clear,CLEAR
450.448,robot_0,EV_move_forward,EV_object_reached|EV_path_clear,CLEAR
450.659,robot_0,EV_move_forward,EV_path_clear,CLEAR
450.960,robot_0,EV_search_color,EV_object_reached|EV_path_clear,CLEAR
451.145,robot_0,EV_search_color,EV_path_clear,CLEAR
451.247,robot_0,EV_search_color,EV_path_clear,CLEAR
451.354,robot_0,EV_move_forward,EV_path_clear,CLEAR
451.565,robot_0,EV_search_color,EV_object_reached|EV_path_clear,CLEAR
451.745,robot_0,EV_move_forward,EV_path_clear,CLEAR
451.954,robot_0,EV_move_forward,EV_path_clear,CLEAR
452.156,robot_0,EV_rotate_counterclockwise,EV_object_reached|EV_obstacle_right,RIGHT
452.345,robot_0,EV_u_turn,EV_obstacle_right,RIGHT
456.146,robot_0,EV_rotate_clockwise,EV_object_reached|EV_obstacle_left,LEFT
458.956,robot_0,EV_move_forward,EV_object_reached|EV_path_clear,CLEAR
459.257,robot_0,EV_move_forward,EV_path_clear,CLEAR
459.548,robot_0,EV_rotate_clockwise,EV_object_reached|EV_obstacle_left,LEFT
459.749,robot_0,EV_u_turn,EV_obstacle_left,LEFT
463.552,robot_0,EV_move_forward,EV_object_reached|EV_path_clear,CLEAR
463.755,robot_0,EV_search_color,EV_path_clear,CLEAR
463.858,robot_0,EV_search_color,EV_object_reached|EV_path_clear,CLEAR
464.054,robot_0,EV_search_color,EV_path_clear,CLEAR
464.158,robot_0,EV_move_forward,EV_path_clear,CLEAR
464.456,robot_0,EV_search_color,EV_object_reached|EV_path_clear,CLEAR
464.646,robot_0,EV_move_forward,EV_path_clear,CLEAR
464.947,robot_0,EV_search_color,EV_object_reached|EV_path_clear,CLEAR
465.150,robot_0,EV_move_forward,EV_path_clear,CLEAR
465.448,robot_0,EV_search_color,EV_object_reached|EV_path_clear,CLEAR
465.650,robot_0,EV_move_forward,EV_path_clear,CLEAR
465.951,robot_0,EV_search_color,EV_object_reached|EV_path_clear,CLEAR
466.152,robot_0,EV_move_forward,EV_path_clear,CLEAR
466.449,robot_0,EV_search_color,EV_path_clear,CLEAR
466.655,robot_0,EV_move_forward,EV_object_reached|EV_path_clear,CLEAR
466.950,robot_0,EV_search_color,EV_path_clear,CLEAR
467.163,robot_0,EV_move_forward,EV_object_reached|EV_path_clear,CLEAR
467.464,robot_0,EV_search_color,EV_path_clear,CLEAR
467.653,robot_0,EV_move_forward,EV_object_reached|EV_path_clear,CLEAR
467.865,robot_0,EV_move_forward,EV_path_clear,CLEAR
468.145,robot_0,EV_search_color,EV_path_clear,CLEAR
468.348,robot_0,EV_search_color,EV_object_reached|EV_path_clear,CLEAR
468.550,robot_0,EV_move_forward,EV_path_clear,CLEAR
468.758,robot_0,EV_move_forward,EV_path_clear,CLEAR
469.058,robot_0,EV_search_color,EV_object_reached|EV_path_clear,CLEAR
469.255,robot_0,EV_search_color,EV_path_clear,CLEAR
469.457,robot_0,EV_move_forward,EV_object_reached|EV_path_clear,CLEAR
469.748,robot_0,EV_move_forward,EV_path_clear,CLEAR
469.955,robot_0,EV_move_forward,EV_path_clear,CLEAR
470.249,robot_0,EV_search_color,EV_object_reached|EV_path_clear,CLEAR
470.445,robot_0,EV_search_color,EV_path_clear,CLEAR
470.647,robot_0,EV_move_forward,EV_object_reached|EV_path_clear,CLEAR
470.863,robot_0,EV_move_forward,EV_path_clear,CLEAR
471.173,robot_0,EV_move_forward,EV_path_clear,CLEAR
471.449,robot_0,EV_move_forward,EV_object_reached|EV_path_clear,CLEAR
471.753,robot_0,EV_move_forward,EV_path_clear,CLEAR
472.045,robot_0,EV_move_forward,EV_object_reached|EV_path_clear,CLEAR
472.250,robot_0,EV_move_forward,EV_path_clear,CLEAR
472.463,robot_0,EV_search_color,EV_path_clear,CLEAR
472.656,robot_0,EV_rotate_counterclockwise,EV_object_reached|EV_obstacle_right,RIGHT
472.848,robot_0,EV_rotate_counterclockwise,EV_obstacle_right,RIGHT
473.064,robot_0,EV_u_turn,EV_obstacle_right,RIGHT
476.958,robot_0,EV_move_forward,EV_object_reached|EV_path_clear,CLEAR
477.175,robot_0,EV_move_forward,EV_path_clear,CLEAR
477.450,robot_0,EV_move_forward,EV_object_reached|EV_path_clear,CLEAR
477.745,robot_0,EV_search_color,EV_path_clear,CLEAR
477.858,robot_0,EV_move_forward,EV_object_reached|EV_path_clear,CLEAR
478.148,robot_0,EV_search_color,EV_path_clear,CLEAR
478.257,robot_0,EV_search_color,EV_path_clear,CLEAR
478.462,robot_0,EV_move_forward,EV_path_clear,CLEAR
478.753,robot_0,EV_search_color,EV_object_reached|EV_path_clear,CLEAR
478.964,robot_0,EV_move_forward,EV_path_clear,CLEAR
479.256,robot_0,EV_move_forward,EV_object_reached|EV_path_clear,CLEAR
479.460,robot_0,EV_move_forward,EV_path_clear,CLEAR
479.751,robot_0,EV_search_color,EV_object_reached|EV_path_clear,CLEAR
479.959,robot_0,EV_search_color,EV_path_clear,CLEAR
480.062,robot_0,EV_search_color,EV_path_clear,CLEAR
480.251,robot_0,EV_move_forward,EV_object_reached|EV_path_clear,CLEAR
480.560,robot_0,EV_search_color,EV_path_clear,CLEAR
480.665,robot_0,EV_move_forward,EV_path_clear,CLEAR
480.955,robot_0,EV_search_color,EV_object_reached|EV_path_clear,CLEAR
481.151,robot_0,EV_move_forward,EV_path_clear,CLEAR
481.353,robot_0,EV_move_forward,EV_path_clear,CLEAR
481.648,robot_0,EV_move_forward,EV_object_reached|EV_path_clear,CLEAR
481.859,robot_0,EV_search_color,EV_path_clear,CLEAR
482.046,robot_0,EV_move_forward,EV_object_visible|EV_path_clear,CLEAR
482.348,robot_0,EV_move_forward,EV_path_clear,CLEAR
482.646,robot_0,EV_search_color,EV_object_visible|EV_path_clear,CLEAR
482.753,robot_0,EV_move_forward,EV_path_clear,CLEAR
483.061,robot_0,EV_move_forward,EV_path_clear,CLEAR
483.346,robot_0,EV_search_color,EV_object_visible|EV_path_clear,CLEAR
483.547,robot_0,EV_search_color,EV_path_clear,CLEAR
483.758,robot_0,EV_move_forward,EV_path_clear,CLEAR
484.055,robot_0,EV_move_forward,EV_object_visible|EV_path_clear,CLEAR
484.360,robot_0,EV_move_forward,EV_path_clear,CLEAR
484.653,robot_0,EV_search_color,EV_object_visible|EV_path_clear,CLEAR
484.849,robot_0,EV_search_color,EV_path_clear,CLEAR
484.954,robot_0,EV_search_color,EV_object_visible|EV_path_clear,CLEAR
485.145,robot_0,EV_search_color,EV_path_clear,CLEAR
485.262,robot_0,EV_search_color,EV_path_clear,CLEAR
485.448,robot_0,EV_move_forward,EV_path_clear,CLEAR
485.657,robot_0,EV_move_forward,EV_object_visible|EV_path_clear,CLEAR
485.947,robot_0,EV_move_forward,EV_path_clear,CLEAR
486.248,robot_0,EV_move_forward,EV_object_visible|EV_path_clear,CLEAR
486.470,robot_0,EV_move_forward,EV_path_clear,CLEAR
486.763,robot_0,EV_move_forward,EV_object_not_visible|EV_path_clear,CLEAR
487.055,robot_0,EV_move_forward,EV_path_clear,CLEAR
487.347,robot_0,EV_move_forward,EV_object_not_visible|EV_path_clear,CLEAR
487.651,robot_0,EV_search_color,EV_path_clear,CLEAR
487.860,robot_0,EV_search_color,EV_object_not_visible|EV_path_clear,CLEAR
488.051,robot_0,EV_search_color,EV_path_clear,CLEAR
488.164,robot_0,EV_move_forward,EV_path_clear,CLEAR
488.449,robot_0,EV_search_color,EV_object_not_visible|EV_path_clear,CLEAR
488.647,robot_0,EV_search_color,EV_path_clear,CLEAR
488.753,robot_0,EV_move_forward,EV_path_clear,CLEAR
489.047,robot_0,EV_move_forward,EV_object_not_visible|EV_path_clear,CLEAR
489.353,robot_0,EV_search_color,EV_path_clear,CLEAR
489.460,robot_0,EV_search_color,EV_path_clear,CLEAR
489.672,robot_0,EV_search_color,EV_object_not_visible|EV_path_clear,CLEAR
489.848,robot_0,EV_move_forward,EV_path_clear,CLEAR
490.054,robot_0,EV_search_color,EV_path_clear,CLEAR
490.163,robot_0,EV_search_color,EV_object_not_visible|EV_path_clear,CLEAR
490.362,robot_0,EV_search_color,EV_path_clear,CLEAR
490.563,robot_0,EV_search_color,EV_path_clear,CLEAR
490.750,robot_0,EV_move_forward,EV_object_not_visible|EV_path_clear,CLEAR
491.046,robot_0,EV_search_color,EV_path_clear,CLEAR
491.259,robot_0,EV_move_forward,EV_path_clear,CLEAR
491.545,robot_0,EV_move_forward,EV_object_not_visible|EV_path_clear,CLEAR
491.769,robot_0,EV_search_color,EV_path_clear,CLEAR
491.956,robot_0,EV_search_color,EV_object_not_visible|EV_path_clear,CLEAR
492.146,robot_0,EV_search_color,EV_path_clear,CLEAR
492.251,robot_0,EV_search_color,EV_path_clear,CLEAR
492.361,robot_0,EV_search_color,EV_path_clear,CLEAR
492.566,robot_0,EV_move_forward,EV_object_not_visible|EV_path_clear,CLEAR
492.850,robot_0,EV_move_forward,EV_path_clear,CLEAR
493.153,robot_0,EV_search_color,EV_object_visible|EV_path_clear,CLEAR
493.348,robot_0,EV_search_color,EV_path_clear,CLEAR
493.459,robot_0,EV_search_color,EV_path_clear,CLEAR
493.564,robot_0,EV_search_color,EV_path_clear,CLEAR
493.761,robot_0,EV_move_forward,EV_object_visible|EV_path_clear,CLEAR
494.045,robot_0,EV_move_forward,EV_path_clear,CLEAR
494.249,robot_0,EV_move_forward,EV_path_clear,CLEAR
494.457,robot_0,EV_search_color,EV_object_visible|EV_path_clear,CLEAR
494.647,robot_0,EV_search_color,EV_path_clear,CLEAR
494.850,robot_0,EV_move_forward,EV_path_clear,CLEAR
495.170,robot_0,EV_move_forward,EV_object_visible|EV_path_clear,CLEAR
495.455,robot_0,EV_search_color,EV_path_clear,CLEAR
495.654,robot_0,EV_search_color,EV_object_visible|EV_path_clear,CLEAR
495.758,robot_0,EV_search_color,EV_path_clear,CLEAR
495.948,robot_0,EV_move_forward,EV_path_clear,CLEAR
496.150,robot_0,EV_move_forward,EV_path_clear,CLEAR
496.445,robot_0,EV_search_color,EV_object_visible|EV_path_clear,CLEAR
496.556,robot_0,EV_search_color,EV_path_clear,CLEAR
496.747,robot_0,EV_search_color,EV_path_clear,CLEAR
496.946,robot_0,EV_move_forward,EV_object_visible|EV_path_clear,CLEAR
497.163,robot_0,EV_move_forward,EV_path_clear,CLEAR
497.379,robot_0,EV_move_forward,EV_path_clear,CLEAR
497.653,robot_0,EV_search_color,EV_object_visible|EV_path_clear,CLEAR
497.765,robot_0,EV_search_color,EV_path_clear,CLEAR
497.950,robot_0,EV_search_color,EV_object_visible|EV_path_clear,CLEAR
498.152,robot_0,EV_search_color,EV_path_clear,CLEAR
498.351,robot_0,EV_move_forward,EV_path_clear,CLEAR
498.657,robot_0,EV_move_forward,EV_object_visible|EV_path_clear,CLEAR
498.949,robot_0,EV_search_color,EV_path_clear,CLEAR
499.151,robot_0,EV_search_color,EV_object_visible|EV_path_clear,CLEAR
499.348,robot_0,EV_search_color,EV_path_clear,CLEAR
499.456,robot_0,EV_move_forward,EV_path_clear,CLEAR
499.747,robot_0,EV_move_forward,EV_object_visible|EV_path_clear,CLEAR
500.050,robot_0,EV_search_color,EV_path_clear,CLEAR
500.253,robot_0,EV_search_color,EV_path_clear,CLEAR
500.445,robot_0,EV_move_forward,EV_object_visible|EV_path_clear,CLEAR
500.758,robot_0,EV_search_color,EV_path_clear,CLEAR
500.861,robot_0,EV_search_color,EV_path_clear,CLEAR
501.046,robot_0,EV_search_color,EV_object_visible|EV_path_clear,CLEAR
501.261,robot_0,EV_move_forward,EV_path_clear,CLEAR
501.545,robot_0,EV_search_color,EV_path_clear,CLEAR
501.746,robot_0,EV_search_color,EV_object_visible|EV_path_clear,CLEAR
501.947,robot_0,EV_search_color,EV_path_clear,CLEAR
502.151,robot_0,EV_move_forward,EV_path_clear,CLEAR
502.357,robot_0,EV_search_color,EV_object_visible|EV_path_clear,CLEAR
502.545,robot_0,EV_move_forward,EV_path_clear,CLEAR
502.852,robot_0,EV_search_color,EV_path_clear,CLEAR
503.051,robot_0,EV_move_forward,EV_object_visible|EV_path_clear,CLEAR
503.349,robot_0,EV_move_forward,EV_path_clear,CLEAR
503.666,robot_0,EV_search_color,EV_object_visible|EV_path_clear,CLEAR
503.856,robot_0,EV_search_color,EV_path_clear,CLEAR
504.062,robot_0,EV_move_forward,EV_object_not_visible|EV_path_clear,CLEAR
504.359,robot_0,EV_move_forward,EV_path_clear,CLEAR
504.646,robot_0,EV_search_color,EV_object_not_visible|EV_path_clear,CLEAR
504.848,robot_0,EV_move_forward,EV_path_clear,CLEAR
505.155,robot_0,EV_search_color,EV_object_not_visible|EV_path_clear,CLEAR
505.352,robot_0,EV_search_color,EV_path_clear,CLEAR
505.567,robot_0,EV_search_color,EV_path_clear,CLEAR
505.745,robot_0,EV_search_color,EV_object_not_visible|EV_path_clear,CLEAR
505.953,robot_0,EV_move_forward,EV_path_clear,CLEAR
506.256,robot_0,EV_move_forward,EV_object_not_visible|EV_path_clear,CLEAR
506.546,robot_0,EV_search_color,EV_path_clear,CLEAR
506.648,robot_0,EV_search_color,EV_path_clear,CLEAR
506.753,robot_0,EV_search_color,EV_object_not_visible|EV_path_clear,CLEAR
506.953,robot_0,EV_search_color,EV_path_clear,CLEAR
507.152,robot_0,EV_search_color,EV_path_clear,CLEAR
507.351,robot_0,EV_search_color,EV_object_not_visible|EV_path_clear,CLEAR
507.560,robot_0,EV_move_forward,EV_path_clear,CLEAR
507.852,robot_0,EV_move_forward,EV_path_clear,CLEAR
508.166,robot_0,EV_move_forward,EV_object_not_visible|EV_path_clear,CLEAR
508.455,robot_0,EV_search_color,EV_path_clear,CLEAR
508.560,robot_0,EV_search_color,EV_path_clear,CLEAR
508.756,robot_0,EV_move_forward,EV_object_visible|EV_path_clear,CLEAR
508.959,robot_0,EV_search_color,EV_path_clear,CLEAR
509.155,robot_0,EV_search_color,EV_path_clear,CLEAR
509.364,robot_0,EV_move_forward,EV_object_visible|EV_path_clear,CLEAR
509.653,robot_0,EV_move_forward,EV_path_clear,CLEAR
509.865,robot_0,EV_search_color,EV_object_visible|EV_path_clear,CLEAR
510.052,robot_0,EV_move_forward,EV_path_clear,CLEAR
510.354,robot_0,EV_move_forward,EV_path_clear,CLEAR
510.653,robot_0,EV_move_forward,EV_object_visible|EV_path_clear,CLEAR
510.955,robot_0,EV_move_forward,EV_path_clear,CLEAR
511.245,robot_0,EV_move_forward,EV_object_visible|EV_path_clear,CLEAR
511.548,robot_0,EV_move_forward,EV_path_clear,CLEAR
511.753,robot_0,EV_move_forward,EV_object_visible|EV_path_clear,CLEAR
511.955,robot_0,EV_search_color,EV_path_clear,CLEAR
512.148,robot_0,EV_move_forward,EV_path_clear,CLEAR
512.353,robot_0,EV_move_forward,EV_object_visible|EV_path_clear,CLEAR
512.652,robot_0,EV_move_forward,EV_path_clear,CLEAR
512.950,robot_0,EV_move_forward,EV_object_visible|EV_path_clear,CLEAR
513.247,robot_0,EV_move_forward,EV_path_clear,CLEAR
513.464,robot_0,EV_u_turn,EV_obstacle_right,RIGHT
517.267,robot_0,EV_move_forward,EV_object_reached|EV_path_clear,CLEAR
517.553,robot_0,EV_move_forward,EV_path_clear,CLEAR
517.847,robot_0,EV_move_forward,EV_object_reached|EV_path_clear,CLEAR
518.165,robot_0,EV_move_forward,EV_path_clear,CLEAR
518.446,robot_0,EV_move_forward,EV_object_visible|EV_path_clear,CLEAR
518.659,robot_0,EV_move_forward,EV_path_clear,CLEAR
518.961,robot_0,EV_search_color,EV_path_clear,CLEAR
519.157,robot_0,EV_search_color,EV_object_visible|EV_path_clear,CLEAR
519.357,robot_0,EV_move_forward,EV_path_clear,CLEAR
519.658,robot_0,EV_search_color,EV_object_visible|EV_path_clear,CLEAR
519.850,robot_0,EV_search_color,EV_path_clear,CLEAR
520.055,robot_0,EV_move_forward,EV_path_clear,CLEAR
520.345,robot_0,EV_move_forward,EV_object_visible|EV_path_clear,CLEAR
520.652,robot_0,EV_search_color,EV_path_clear,CLEAR
520.846,robot_0,EV_move_forward,EV_object_visible|EV_path_clear,CLEAR
521.166,robot_0,EV_search_color,EV_path_clear,CLEAR
521.347,robot_0,EV_move_forward,EV_object_not_visible|EV_path_clear,CLEAR
521.657,robot_0,EV_search_color,EV_path_clear,CLEAR
521.847,robot_0,EV_move_forward,EV_path_clear,CLEAR
522.161,robot_0,EV_move_forward,EV_object_not_visible|EV_path_clear,CLEAR
522.447,robot_0,EV_move_forward,EV_path_clear,CLEAR
522.659,robot_0,EV_move_forward,EV_object_not_visible|EV_path_clear,CLEAR
522.862,robot_0,EV_search_color,EV_path_clear,CLEAR
523.052,robot_0,EV_search_color,EV_path_clear,CLEAR
523.245,robot_0,EV_move_forward,EV_object_not_visible|EV_path_clear,CLEAR
523.453,robot_0,EV_search_color,EV_path_clear,CLEAR
523.663,robot_0,EV_search_color,EV_path_clear,CLEAR
523.850,robot_0,EV_u_turn,EV_object_not_visible|EV_obstacle_left,LEFT
527.558,robot_0,EV_search_color,EV_object_visible|EV_path_clear,CLEAR
527.752,robot_0,EV_search_color,EV_path_clear,CLEAR
527.952,robot_0,EV_move_forward,EV_path_clear,CLEAR
528.156,robot_0,EV_move_forward,EV_object_visible|EV_path_clear,CLEAR
528.453,robot_0,EV_search_color,EV_path_clear,CLEAR
528.645,robot_0,EV_search_color,EV_object_visible|EV_path_clear,CLEAR
528.853,robot_0,EV_search_color,EV_path_clear,CLEAR
529.063,robot_0,EV_search_color,EV_path_clear,CLEAR
529.247,robot_0,EV_search_color,EV_object_visible|EV_path_clear,CLEAR
529.453,robot_0,EV_search_color,EV_path_clear,CLEAR
529.653,robot_0,EV_search_color,EV_path_clear,CLEAR
529.846,robot_0,EV_move_forward,EV_object_visible|EV_path_clear,CLEAR
530.056,robot_0,EV_search_color,EV_path_clear,CLEAR
530.164,robot_0,EV_search_color,EV_path_clear,CLEAR
530.346,robot_0,EV_move_forward,EV_path_clear,CLEAR
530.559,robot_0,EV_move_forward,EV_object_visible|EV_path_clear,CLEAR
530.859,robot_0,EV_search_color,EV_path_clear,CLEAR
531.048,robot_0,EV_move_forward,EV_object_visible|EV_path_clear,CLEAR
531.251,robot_0,EV_move_forward,EV_path_clear,CLEAR
531.559,robot_0,EV_move_forward,EV_object_visible|EV_path_clear,CLEAR
531.851,robot_0,EV_search_color,EV_path_clear,CLEAR
531.953,robot_0,EV_move_forward,EV_path_clear,CLEAR
532.163,robot_0,EV_move_forward,EV_path_clear,CLEAR
532.446,robot_0,EV_search_color,EV_object_visible|EV_path_clear,CLEAR
532.665,robot_0,EV_move_forward,EV_path_clear,CLEAR
532.947,robot_0,EV_move_forward,EV_object_visible|EV_path_clear,CLEAR
533.157,robot_0,EV_search_color,EV_path_clear,CLEAR
533.356,robot_0,EV_move_forward,EV_path_clear,CLEAR
533.647,robot_0,EV_move_forward,EV_object_visible|EV_path_clear,CLEAR
533.949,robot_0,EV_search_color,EV_path_clear,CLEAR
534.056,robot_0,EV_search_color,EV_path_clear,CLEAR
534.248,robot_0,EV_move_forward,EV_object_visible|EV_path_clear,CLEAR
534.452,robot_0,EV_search_color,EV_path_clear,CLEAR
534.564,robot_0,EV_move_forward,EV_path_clear,CLEAR
534.848,robot_0,EV_move_forward,EV_object_visible|EV_path_clear,CLEAR
535.149,robot_0,EV_move_forward,EV_path_clear,CLEAR
535.446,robot_0,EV_move_forward,EV_object_reached|EV_path_clear,CLEAR
535.749,robot_0,EV_search_color,EV_path_clear,CLEAR
535.851,robot_0,EV_move_forward,EV_path_clear,CLEAR
536.146,robot_0,EV_search_color,EV_object_reached|EV_path_clear,CLEAR
536.249,robot_0,EV_search_color,EV_path_clear,CLEAR
536.352,robot_0,EV_search_color,EV_path_clear,CLEAR
536.548,robot_0,EV_search_color,EV_object_reached|EV_path_clear,CLEAR
536.750,robot_0,EV_search_color,EV_path_clear,CLEAR
536.866,robot_0,EV_move_forward,EV_path_clear,CLEAR
537.149,robot_0,EV_move_forward,EV_object_reached|EV_path_clear,CLEAR
537.447,robot_0,EV_search_color,EV_path_clear,CLEAR
537.646,robot_0,EV_u_turn,EV_object_reached|EV_obstacle_left,LEFT
541.350,robot_0,EV_search_color,EV_object_reached|EV_path_clear,CLEAR
541.555,robot_0,EV_search_color,EV_path_clear,CLEAR
541.745,robot_0,EV_search_color,EV_object_reached|EV_path_clear,CLEAR
541.872,robot_0,EV_search_color,EV_path_clear,CLEAR
541.973,robot_0,EV_search_color,EV_path_clear,CLEAR
542.148,robot_0,EV_search_color,EV_path_clear,CLEAR
542.256,robot_0,EV_search_color,EV_object_reached|EV_path_clear,CLEAR
542.453,robot_0,EV_search_color,EV_path_clear,CLEAR
542.572,robot_0,EV_move_forward,EV_path_clear,CLEAR
542.845,robot_0,EV_search_color,EV_object_reached|EV_path_clear,CLEAR
542.955,robot_0,EV_search_color,EV_path_clear,CLEAR
543.148,robot_0,EV_search_color,EV_path_clear,CLEAR
543.263,robot_0,EV_search_color,EV_path_clear,CLEAR
543.460,robot_0,EV_move_forward,EV_object_reached|EV_path_clear,CLEAR
543.750,robot_0,EV_move_forward,EV_path_clear,CLEAR
544.045,robot_0,EV_move_forward,EV_object_reached|EV_path_clear,CLEAR
544.261,robot_0,EV_search_color,EV_path_clear,CLEAR
544.458,robot_0,EV_move_forward,EV_path_clear,CLEAR
544.760,robot_0,EV_move_forward,EV_object_reached|EV_path_clear,CLEAR
545.046,robot_0,EV_move_forward,EV_path_clear,CLEAR
545.358,robot_0,EV_move_forward,EV_object_reached|EV_path_clear,CLEAR
545.656,robot_0,EV_search_color,EV_path_clear,CLEAR
545.759,robot_0,EV_move_forward,EV_path_clear,CLEAR
546.047,robot_0,EV_search_color,EV_object_reached|EV_path_clear,CLEAR
546.158,robot_0,EV_move_forward,EV_path_clear,CLEAR
546.459,robot_0,EV_move_forward,EV_path_clear,CLEAR
546.746,robot_0,EV_move_forward,EV_object_reached|EV_path_clear,CLEAR
546.950,robot_0,EV_move_forward,EV_path_clear,CLEAR
547.257,robot_0,EV_search_color,EV_object_reached|EV_path_clear,CLEAR
547.450,robot_0,EV_search_color,EV_path_clear,CLEAR
547.656,robot_0,EV_move_forward,EV_path_clear,CLEAR
547.961,robot_0,EV_move_forward,EV_object_reached|EV_path_clear,CLEAR
548.246,robot_0,EV_search_color,EV_object_reached|EV_path_clear,CLEAR
548.452,robot_0,EV_move_forward,EV_path_clear,CLEAR
548.747,robot_0,EV_search_color,EV_object_reached|EV_path_clear,CLEAR
548.949,robot_0,EV_search_color,EV_path_clear,CLEAR
549.154,robot_0,EV_search_color,EV_path_clear,CLEAR
549.264,robot_0,EV_search_color,EV_path_clear,CLEAR
549.449,robot_0,EV_move_forward,EV_object_reached|EV_path_clear,CLEAR
549.746,robot_0,EV_search_color,EV_path_clear,CLEAR
549.847,robot_0,EV_move_forward,EV_path_clear,CLEAR
550.053,robot_0,EV_search_color,EV_object_reached|EV_path_clear,CLEAR
550.247,robot_0,EV_search_color,EV_path_clear,CLEAR
550.351,robot_0,EV_move_forward,EV_path_clear,CLEAR
550.556,robot_0,EV_move_forward,EV_path_clear,CLEAR
550.849,robot_0,EV_search_color,EV_object_reached|EV_path_clear,CLEAR
550.976,robot_0,EV_search_color,EV_path_clear,CLEAR
551.155,robot_0,EV_search_color,EV_object_reached|EV_path_clear,CLEAR
551.257,robot_0,EV_move_forward,EV_path_clear,CLEAR
551.549,robot_0,EV_move_forward,EV_path_clear,CLEAR
551.862,robot_0,EV_search_color,EV_object_reached|EV_path_clear,CLEAR
552.059,robot_0,EV_move_forward,EV_path_clear,CLEAR
552.260,robot_0,EV_search_color,EV_path_clear,CLEAR
552.449,robot_0,EV_search_color,EV_object_reached|EV_path_clear,CLEAR
552.658,robot_0,EV_search_color,EV_path_clear,CLEAR
552.852,robot_0,EV_search_color,EV_path_clear,CLEAR
552.953,robot_0,EV_search_color,EV_path_clear,CLEAR
553.065,robot_0,EV_move_forward,EV_object_reached|EV_path_clear,CLEAR
553.357,robot_0,EV_move_forward,EV_path_clear,CLEAR
553.653,robot_0,EV_search_color,EV_object_reached|EV_path_clear,CLEAR
553.858,robot_0,EV_move_forward,EV_path_clear,CLEAR
554.147,robot_0,EV_search_color,EV_object_reached|EV_path_clear,CLEAR
554.346,robot_0,EV_move_forward,EV_path_clear,CLEAR
554.652,robot_0,EV_search_color,EV_path_clear,CLEAR
554.846,robot_0,EV_move_forward,EV_object_not_visible|EV_path_clear,CLEAR
555.154,robot_0,EV_search_color,EV_path_clear,CLEAR
555.351,robot_0,EV_move_forward,EV_path_clear,CLEAR
555.650,robot_0,EV_move_forward,EV_object_not_visible|EV_path_clear,CLEAR
555.949,robot_0,EV_search_color,EV_object_not_visible|EV_path_clear,CLEAR
556.149,robot_0,EV_move_forward,EV_path_clear,CLEAR
556.464,robot_0,EV_search_color,EV_path_clear,CLEAR
556.652,robot_0,EV_move_forward,EV_object_not_visible|EV_path_clear,CLEAR
556.867,robot_0,EV_move_forward,EV_path_clear,CLEAR
557.152,robot_0,EV_move_forward,EV_path_clear,CLEAR
557.450,robot_0,EV_move_forward,EV_object_not_visible|EV_path_clear,CLEAR
557.748,robot_0,EV_move_forward,EV_path_clear,CLEAR
557.955,robot_0,EV_move_forward,EV_object_not_visible|EV_path_clear,CLEAR
558.245,robot_0,EV_search_color,EV_path_clear,CLEAR
558.451,robot_0,EV_search_color,EV_object_not_visible|EV_path_clear,CLEAR
558.656,robot_0,EV_move_forward,EV_path_clear,CLEAR
558.946,robot_0,EV_search_color,EV_path_clear,CLEAR
559.165,robot_0,EV_move_forward,EV_object_not_visible|EV_path_clear,CLEAR
559.472,robot_0,EV_move_forward,EV_object_not_visible|EV_path_clear,CLEAR
559.746,robot_0,EV_search_color,EV_path_clear,CLEAR
559.945,robot_0,EV_move_forward,EV_path_clear,CLEAR
560.150,robot_0,EV_move_forward,EV_object_not_visible|EV_path_clear,CLEAR
560.447,robot_0,EV_move_forward,EV_path_clear,CLEAR
560.651,robot_0,EV_move_forward,EV_object_not_visible|EV_path_clear,CLEAR
560.949,robot_0,EV_move_forward,EV_path_clear,CLEAR
561.162,robot_0,EV_search_color,EV_path_clear,CLEAR
561.346,robot_0,EV_rotate_counterclockwise,EV_object_not_visible|EV_obstacle_front,CORNER
561.556,robot_0,EV_rotate_counterclockwise,EV_obstacle_front,CORNER
561.748,robot_0,EV_rotate_counterclockwise,EV_obstacle_front,CORNER
561.858,robot_0,EV_rotate_counterclockwise,EV_object_not_visible|EV_obstacle_front,CORNER
562.056,robot_0,EV_move_backward,EV_obstacle_front,CORNER
562.357,robot_0,EV_rotate_clockwise,EV_obstacle_front,CORNER
562.551,robot_0,EV_rotate_counterclockwise,EV_object_not_visible|EV_obstacle_right,RIGHT
562.755,robot_0,EV_rotate_counterclockwise,EV_obstacle_right,RIGHT
562.945,robot_0,EV_rotate_counterclockwise,EV_object_visible|EV_obstacle_right,RIGHT
563.158,robot_0,EV_rotate_counterclockwise,EV_obstacle_right,RIGHT
563.347,robot_0,EV_rotate_counterclockwise,EV_obstacle_right,RIGHT
563.454,robot_0,EV_rotate_counterclockwise,EV_obstacle_right,RIGHT
563.560,robot_0,EV_rotate_counterclockwise,EV_obstacle_right,RIGHT
563.753,robot_0,EV_move_forward,EV_object_visible|EV_path_clear,CLEAR
564.047,robot_0,EV_search_color,EV_path_clear,CLEAR
564.247,robot_0,EV_move_forward,EV_path_clear,CLEAR
564.454,robot_0,EV_move_forward,EV_object_visible|EV_path_clear,CLEAR
564.767,robot_0,EV_search_color,EV_path_clear,CLEAR
564.951,robot_0,EV_move_forward,EV_path_clear,CLEAR
565.248,robot_0,EV_move_forward,EV_object_visible|EV_path_clear,CLEAR
565.463,robot_0,EV_search_color,EV_path_clear,CLEAR
565.646,robot_0,EV_search_color,EV_object_visible|EV_path_clear,CLEAR
565.852,robot_0,EV_move_forward,EV_path_clear,CLEAR
566.167,robot_0,EV_move_forward,EV_path_clear,CLEAR
566.450,robot_0,EV_move_forward,EV_object_visible|EV_path_clear,CLEAR
566.746,robot_0,EV_move_forward,EV_object_visible|EV_path_clear,CLEAR
567.051,robot_0,EV_search_color,EV_path_clear,CLEAR
567.248,robot_0,EV_search_color,EV_path_clear,CLEAR
567.446,robot_0,EV_search_color,EV_object_visible|EV_path_clear,CLEAR
567.651,robot_0,EV_search_color,EV_path_clear,CLEAR
567.759,robot_0,EV_search_color,EV_path_clear,CLEAR
567.966,robot_0,EV_search_color,EV_object_visible|EV_path_clear,CLEAR
568.149,robot_0,EV_search_color,EV_path_clear,CLEAR
568.356,robot_0,EV_move_forward,EV_path_clear,CLEAR
568.648,robot_0,EV_search_color,EV_object_visible|EV_path_clear,CLEAR
568.850,robot_0,EV_search_color,EV_path_clear,CLEAR
568.957,robot_0,EV_move_forward,EV_path_clear,CLEAR
569.251,robot_0,EV_u_turn,EV_object_reached|EV_obstacle_left,LEFT
573.058,robot_0,EV_search_color,EV_object_reached|EV_path_clear,CLEAR
573.265,robot_0,EV_move_forward,EV_path_clear,CLEAR
573.469,robot_0,EV_move_forward,EV_object_reached|EV_path_clear,CLEAR
573.766,robot_0,EV_move_forward,EV_path_clear,CLEAR
574.045,robot_0,EV_move_forward,EV_object_reached|EV_path_clear,CLEAR
574.249,robot_0,EV_search_color,EV_path_clear,CLEAR
574.448,robot_0,EV_move_forward,EV_path_clear,CLEAR
574.750,robot_0,EV_u_turn,EV_object_not_visible|EV_obstacle_right,RIGHT
574.847,robot_0,EV_u_turn,EV_obstacle_right,RIGHT
574.950,robot_0,EV_rotate_counterclockwise,EV_obstacle_right,RIGHT
575.067,robot_0,EV_u_turn,EV_obstacle_right,RIGHT
575.169,robot_0,EV_rotate_counterclockwise,EV_object_not_visible|EV_obstacle_right,RIGHT
575.349,robot_0,EV_rotate_counterclockwise,EV_obstacle_right,RIGHT
575.558,robot_0,EV_rotate_counterclockwise,EV_obstacle_right,RIGHT
575.754,robot_0,EV_move_forward,EV_object_not_visible|EV_path_clear,CLEAR
575.967,robot_0,EV_search_color,EV_path_clear,CLEAR
576.153,robot_0,EV_search_color,EV_path_clear,CLEAR
576.259,robot_0,EV_search_color,EV_path_clear,CLEAR
576.447,robot_0,EV_move_forward,EV_object_not_visible|EV_path_clear,CLEAR
576.654,robot_0,EV_move_forward,EV_path_clear,CLEAR
576.947,robot_0,EV_search_color,EV_object_visible|EV_path_clear,CLEAR
577.056,robot_0,EV_search_color,EV_path_clear,CLEAR
577.246,robot_0,EV_search_color,EV_path_clear,CLEAR
577.455,robot_0,EV_search_color,EV_path_clear,CLEAR
577.645,robot_0,EV_move_forward,EV_object_visible|EV_path_clear,CLEAR
577.945,robot_0,EV_move_forward,EV_path_clear,CLEAR
578.247,robot_0,EV_search_color,EV_object_visible|EV_path_clear,CLEAR
578.361,robot_0,EV_move_forward,EV_path_clear,CLEAR
578.652,robot_0,EV_move_forward,EV_object_reached|EV_path_clear,CLEAR
578.952,robot_0,EV_search_color,EV_path_clear,CLEAR
579.155,robot_0,EV_move_forward,EV_object_reached|EV_path_clear,CLEAR
579.447,robot_0,EV_search_color,EV_path_clear,CLEAR
579.554,robot_0,EV_search_color,EV_path_clear,CLEAR
579.748,robot_0,EV_search_color,EV_path_clear,CLEAR
579.951,robot_0,EV_search_color,EV_object_reached|EV_path_clear,CLEAR
580.147,robot_0,EV_move_forward,EV_path_clear,CLEAR
580.353,robot_0,EV_move_forward,EV_path_clear,CLEAR
580.653,robot_0,EV_move_forward,EV_object_reached|EV_path_clear,CLEAR
580.862,robot_0,EV_move_forward,EV_path_clear,CLEAR
581.150,robot_0,EV_search_color,EV_object_reached|EV_path_clear,CLEAR
581.366,robot_0,EV_search_color,EV_path_clear,CLEAR
581.549,robot_0,EV_search_color,EV_path_clear,CLEAR
581.761,robot_0,EV_search_color,EV_object_reached|EV_path_clear,CLEAR
581.960,robot_0,EV_move_forward,EV_path_clear,CLEAR
582.249,robot_0,EV_move_forward,EV_object_reached|EV_path_clear,CLEAR
582.454,robot_0,EV_move_forward,EV_path_clear,CLEAR
582.750,robot_0,EV_rotate_clockwise,EV_obstacle_left,LEFT
582.948,robot_0,EV_rotate_clockwise,EV_object_reached|EV_obstacle_left,LEFT
583.159,robot_0,EV_u_turn,EV_obstacle_left,LEFT
586.957,robot_0,EV_move_forward,EV_object_reached|EV_path_clear,CLEAR
587.247,robot_0,EV_search_color,EV_path_clear,CLEAR
587.354,robot_0,EV_move_forward,EV_path_clear,CLEAR
587.660,robot_0,EV_search_color,EV_object_reached|EV_path_clear,CLEAR
587.865,robot_0,EV_move_forward,EV_path_clear,CLEAR
588.147,robot_0,EV_move_forward,EV_object_reached|EV_path_clear,CLEAR
588.368,robot_0,EV_move_forward,EV_path_clear,CLEAR
588.656,robot_0,EV_move_forward,EV_path_clear,CLEAR
588.947,robot_0,EV_search_color,EV_object_reached|EV_path_clear,CLEAR
589.054,robot_0,EV_search_color,EV_path_clear,CLEAR
589.254,robot_0,EV_search_color,EV_path_clear,CLEAR
589.461,robot_0,EV_move_forward,EV_object_reached|EV_path_clear,CLEAR
589.767,robot_0,EV_search_color,EV_path_clear,CLEAR
589.946,robot_0,EV_move_forward,EV_object_reached|EV_path_clear,CLEAR
590.248,robot_0,EV_move_forward,EV_path_clear,CLEAR
590.454,robot_0,EV_move_forward,EV_path_clear,CLEAR
590.762,robot_0,EV_search_color,EV_object_reached|EV_path_clear,CLEAR
590.945,robot_0,EV_move_forward,EV_path_clear,CLEAR
591.161,robot_0,EV_search_color,EV_path_clear,CLEAR
591.357,robot_0,EV_search_color,EV_object_reached|EV_path_clear,CLEAR
591.549,robot_0,EV_move_forward,EV_path_clear,CLEAR
591.855,robot_0,EV_u_turn,EV_object_not_visible|EV_obstacle_right,RIGHT
595.662,robot_0,EV_search_color,EV_object_visible|EV_path_clear,CLEAR
595.861,robot_0,EV_search_color,EV_path_clear,CLEAR
596.051,robot_0,EV_search_color,EV_path_clear,CLEAR
596.156,robot_0,EV_search_color,EV_path_clear,CLEAR
596.354,robot_0,EV_search_color,EV_object_visible|EV_path_clear,CLEAR
596.563,robot_0,EV_move_forward,EV_path_clear,CLEAR
596.845,robot_0,EV_search_color,EV_object_visible|EV_path_clear,CLEAR
597.047,robot_0,EV_search_color,EV_path_clear,CLEAR
597.257,robot_0,EV_move_forward,EV_path_clear,CLEAR
597.516,robot_0,EV_move_forward,EV_object_visible|EV_path_clear,CLEAR
597.745,robot_0,EV_move_forward,EV_path_clear,CLEAR
