stamp_sec,stamp_nsec,elapsed_s,robot,x,y
1789248722,243505020,3.600,robot_0,-1.790,1.463
1789248722,243635960,3.600,robot_1,0.143,2.261
1789248722,243756452,3.601,robot_2,2.315,-0.516
1789248725,231253605,6.588,robot_0,-1.790,1.463
1789248725,231332230,6.588,robot_1,0.143,2.261
1789248725,231375035,6.588,robot_2,2.315,-0.516
1789248729,304467037,10.661,robot_0,-1.790,1.463
1789248729,304547233,10.661,robot_1,0.143,2.261
1789248729,304595571,10.661,robot_2,2.315,-0.516
1789248729,525916002,10.883,robot_0,-1.801,1.471
1789248729,526030663,10.883,robot_1,0.144,2.266
1789248729,526079422,10.883,robot_2,2.315,-0.515
1789248729,734719766,11.092,robot_0,-1.855,1.508
1789248729,734800761,11.092,robot_1,0.147,2.328
1789248729,734849446,11.092,robot_2,2.316,-0.516
1789248729,948252548,11.305,robot_0,-1.907,1.543
1789248729,948327095,11.305,robot_1,0.150,2.360
1789248729,948368522,11.305,robot_2,2.316,-0.516
1789248730,149144647,11.506,robot_0,-1.939,1.565
1789248730,149228776,11.506,robot_1,0.149,2.360
1789248730,149270464,11.506,robot_2,2.317,-0.516
1789248730,377490359,11.734,robot_0,-1.938,1.565
1789248730,377574152,11.734,robot_1,0.149,2.360
1789248730,377611993,11.734,robot_2,2.317,-0.516
1789248730,602747724,11.960,robot_0,-1.946,1.568
1789248730,602849695,11.960,robot_1,0.137,2.335
1789248730,602898092,11.960,robot_2,2.317,-0.516
1789248730,841128921,12.198,robot_0,-2.010,1.587
1789248730,841259057,12.198,robot_1,0.120,2.306
1789248730,841311859,12.198,robot_2,2.319,-0.519
1789248731,43280341,12.405,robot_0,-2.030,1.593
1789248731,48515590,12.405,robot_1,0.125,2.314
1789248731,48596366,12.405,robot_2,2.320,-0.524
1789248731,249135686,12.606,robot_0,-2.030,1.593
1789248731,249215391,12.606,robot_1,0.150,2.358
1789248731,249260085,12.606,robot_2,2.305,-0.466
1789248731,471731323,12.829,robot_0,-2.027,1.593
1789248731,477716204,12.835,robot_1,0.154,2.366
1789248731,477804932,12.839,robot_2,2.302,-0.456
1789248731,682696789,13.039,robot_0,-2.026,1.594
1789248731,682777395,13.040,robot_1,0.182,2.405
1789248731,682818217,13.040,robot_2,2.281,-0.398
1789248731,890662410,13.247,robot_0,-2.026,1.594
1789248731,890739658,13.248,robot_1,0.165,2.382
1789248731,890779964,13.248,robot_2,2.269,-0.362
1789248732,103470328,13.460,robot_0,-2.027,1.595
1789248732,103550116,13.460,robot_1,0.137,2.342
1789248732,103593863,13.460,robot_2,2.262,-0.347
1789248732,332036704,13.689,robot_0,-2.027,1.595
1789248732,332118098,13.693,robot_1,0.112,2.308
1789248732,336069990,13.693,robot_2,2.233,-0.281
1789248732,549226647,13.906,robot_0,-2.028,1.595
1789248732,549301545,13.906,robot_1,0.112,2.307
1789248732,549350306,13.906,robot_2,2.229,-0.271
1789248732,769128596,14.126,robot_0,-2.028,1.595
1789248732,769214464,14.126,robot_1,0.112,2.307
1789248732,769268779,14.126,robot_2,2.216,-0.242
1789248732,972561597,14.329,robot_0,-2.028,1.595
1789248732,972630471,14.329,robot_1,0.113,2.307
1789248732,972666757,14.329,robot_2,2.194,-0.195
1789248733,177070767,14.534,robot_0,-2.029,1.595
1789248733,177155596,14.534,robot_1,0.113,2.307
1789248733,177208759,14.534,robot_2,2.192,-0.192
1789248733,405869640,14.763,robot_0,-2.029,1.595
1789248733,405936728,14.763,robot_1,0.114,2.307
1789248733,405974947,14.763,robot_2,2.193,-0.191
1789248733,616030854,14.973,robot_0,-2.030,1.595
1789248733,616114509,14.973,robot_1,0.114,2.307
1789248733,616167046,14.973,robot_2,2.193,-0.191
1789248733,817169543,15.174,robot_0,-2.030,1.595
1789248733,817247303,15.174,robot_1,0.114,2.308
1789248733,817290988,15.174,robot_2,2.193,-0.191
1789248734,41366369,15.398,robot_0,-2.030,1.595
1789248734,41438824,15.398,robot_1,0.115,2.308
1789248734,41477644,15.398,robot_2,2.193,-0.190
1789248734,245077020,15.602,robot_0,-2.030,1.595
1789248734,245152312,15.602,robot_1,0.115,2.308
1789248734,245194112,15.602,robot_2,2.193,-0.190
1789248734,459049285,15.816,robot_0,-2.031,1.594
1789248734,459134430,15.816,robot_1,0.121,2.306
1789248734,459177914,15.816,robot_2,2.194,-0.190
1789248734,690664720,16.047,robot_0,-2.031,1.594
1789248734,690739658,16.048,robot_1,0.161,2.287
1789248734,690785390,16.048,robot_2,2.194,-0.189
1789248734,911851890,16.269,robot_0,-2.031,1.593
1789248734,911931965,16.269,robot_1,0.202,2.268
1789248734,911981141,16.269,robot_2,2.193,-0.189
1789248735,150655748,16.507,robot_0,-2.031,1.593
1789248735,150726535,16.508,robot_1,0.159,2.288
1789248735,150770291,16.508,robot_2,2.193,-0.188
1789248735,354936853,16.712,robot_0,-2.031,1.593
1789248735,355012773,16.712,robot_1,0.115,2.309
1789248735,355059583,16.712,robot_2,2.193,-0.188
1789248735,560678914,16.917,robot_0,-2.011,1.591
1789248735,560756678,16.918,robot_1,0.114,2.309
1789248735,560804531,16.918,robot_2,2.193,-0.188
1789248735,764737139,17.122,robot_0,-1.981,1.590
1789248735,764809059,17.122,robot_1,0.114,2.308
1789248735,764848210,17.122,robot_2,2.192,-0.187
1789248735,978827047,17.337,robot_0,-1.941,1.588
1789248735,980014372,17.337,robot_1,0.114,2.308
1789248735,980087851,17.337,robot_2,2.192,-0.187
1789248736,194497560,17.551,robot_0,-1.886,1.581
1789248736,194580991,17.551,robot_1,0.113,2.308
1789248736,194628403,17.551,robot_2,2.191,-0.187
1789248736,401219574,17.758,robot_0,-1.847,1.574
1789248736,401297343,17.758,robot_1,0.113,2.308
1789248736,401342421,17.758,robot_2,2.191,-0.187
1789248736,608636454,17.965,robot_0,-1.813,1.568
1789248736,608724124,17.966,robot_1,0.113,2.308
1789248736,612429065,17.969,robot_2,2.191,-0.187
1789248736,818994801,18.176,robot_0,-1.787,1.562
1789248736,819075307,18.176,robot_1,0.113,2.308
1789248736,819121159,18.176,robot_2,2.191,-0.190
1789248737,21694583,18.378,robot_0,-1.821,1.574
1789248737,21784935,18.379,robot_1,0.113,2.308
1789248737,21842060,18.379,robot_2,2.203,-0.244
1789248737,247568369,18.604,robot_0,-1.813,1.571
1789248737,247642498,18.604,robot_1,0.113,2.308
1789248737,247684630,18.604,robot_2,2.209,-0.276
1789248737,449642351,18.806,robot_0,-1.765,1.553
1789248737,449721599,18.807,robot_1,0.114,2.308
1789248737,449766182,18.807,robot_2,2.211,-0.284
1789248737,681739508,19.039,robot_0,-1.733,1.541
1789248737,681818424,19.039,robot_1,0.114,2.309
1789248737,681865290,19.039,robot_2,2.231,-0.361
1789248737,905181752,19.262,robot_0,-1.764,1.553
1789248737,905266823,19.262,robot_1,0.114,2.309
1789248737,905318819,19.262,robot_2,2.235,-0.375
1789248738,113276151,19.470,robot_0,-1.751,1.548
1789248738,113350652,19.470,robot_1,0.114,2.310
1789248738,113395103,19.470,robot_2,2.235,-0.375
1789248738,314960647,19.672,robot_0,-1.711,1.536
1789248738,315041640,19.672,robot_1,0.114,2.310
1789248738,315091604,19.672,robot_2,2.235,-0.375
1789248738,520309839,19.877,robot_0,-1.676,1.526
1789248738,520395781,19.877,robot_1,0.114,2.311
1789248738,520450423,19.877,robot_2,2.226,-0.348
1789248738,725704806,20.083,robot_0,-1.630,1.512
1789248738,725777441,20.083,robot_1,0.114,2.311
1789248738,725822229,20.083,robot_2,2.220,-0.327
1789248738,959669505,20.316,robot_0,-1.572,1.495
1789248738,959752720,20.317,robot_1,0.113,2.311
1789248738,959810284,20.317,robot_2,2.217,-0.311
1789248739,174046390,20.531,robot_0,-1.536,1.484
1789248739,174117096,20.531,robot_1,0.113,2.312
1789248739,174166603,20.531,robot_2,2.213,-0.291
1789248739,379879040,20.737,robot_0,-1.511,1.475
1789248739,393431188,20.750,robot_1,0.113,2.312
1789248739,393537786,20.750,robot_2,2.213,-0.291
1789248739,600845904,20.958,robot_0,-1.488,1.465
1789248739,600940305,20.958,robot_1,0.112,2.312
1789248739,601001333,20.958,robot_2,2.213,-0.291
1789248739,804707725,21.162,robot_0,-1.515,1.477
1789248739,804783403,21.162,robot_1,0.112,2.312
1789248739,804839115,21.162,robot_2,2.202,-0.274
1789248740,5380802,21.362,robot_0,-1.501,1.470
1789248740,5475803,21.362,robot_1,0.111,2.312
1789248740,5537039,21.362,robot_2,2.187,-0.250
1789248740,211905932,21.569,robot_0,-1.480,1.461
1789248740,211988328,21.569,robot_1,0.111,2.303
1789248740,212041348,21.569,robot_2,2.164,-0.215
1789248740,427274260,21.784,robot_0,-1.480,1.461
1789248740,427352597,21.784,robot_1,0.107,2.262
1789248740,427409610,21.784,robot_2,2.155,-0.200
1789248740,640889684,21.998,robot_0,-1.449,1.453
1789248740,647918901,22.005,robot_1,0.103,2.222
1789248740,648013812,22.005,robot_2,2.155,-0.200
1789248740,854858539,22.212,robot_0,-1.413,1.443
1789248740,854935849,22.212,robot_1,0.100,2.193
1789248740,854984175,22.212,robot_2,2.154,-0.201
1789248741,71684600,22.428,robot_0,-1.376,1.437
1789248741,71765268,22.429,robot_1,0.101,2.209
1789248741,71813864,22.429,robot_2,2.154,-0.201
1789248741,284018828,22.641,robot_0,-1.326,1.428
1789248741,284098423,22.641,robot_1,0.102,2.231
1789248741,284145271,22.641,robot_2,2.154,-0.202
1789248741,493980520,22.851,robot_0,-1.324,1.428
1789248741,494060602,22.851,robot_1,0.099,2.177
1789248741,494104634,22.851,robot_2,2.154,-0.202
1789248741,709724327,23.067,robot_0,-1.333,1.428
1789248741,709812381,23.067,robot_1,0.096,2.140
1789248741,709865674,23.067,robot_2,2.154,-0.202
1789248741,912811997,23.270,robot_0,-1.382,1.428
1789248741,912901096,23.270,robot_1,0.092,2.087
1789248741,912975163,23.270,robot_2,2.154,-0.203
1789248742,125338124,23.482,robot_0,-1.357,1.428
1789248742,125425191,23.482,robot_1,0.089,2.062
1789248742,125469404,23.482,robot_2,2.155,-0.203
1789248742,333486232,23.690,robot_0,-1.350,1.428
1789248742,333565868,23.690,robot_1,0.089,2.062
1789248742,333615196,23.690,robot_2,2.155,-0.204
1789248742,549043282,23.906,robot_0,-1.350,1.428
1789248742,549122560,23.906,robot_1,0.089,2.062
1789248742,549168069,23.906,robot_2,2.155,-0.204
1789248742,764141444,24.121,robot_0,-1.350,1.427
1789248742,764232178,24.121,robot_1,0.088,2.062
1789248742,764277747,24.121,robot_2,2.155,-0.204
1789248742,991722467,24.349,robot_0,-1.350,1.427
1789248742,991803146,24.349,robot_1,0.088,2.061
1789248742,991851283,24.349,robot_2,2.149,-0.215
1789248743,207126531,24.564,robot_0,-1.349,1.427
1789248743,207210935,24.564,robot_1,0.087,2.061
1789248743,207263678,24.564,robot_2,2.128,-0.249
1789248743,411704565,24.769,robot_0,-1.349,1.426
1789248743,411781486,24.769,robot_1,0.087,2.061
1789248743,411824800,24.769,robot_2,2.125,-0.254
1789248743,613741018,24.971,robot_0,-1.349,1.426
1789248743,613815477,24.971,robot_1,0.087,2.061
1789248743,613858976,24.971,robot_2,2.146,-0.219
1789248743,830407897,25.187,robot_0,-1.348,1.426
1789248743,830479180,25.187,robot_1,0.087,2.060
1789248743,830519288,25.187,robot_2,2.146,-0.218
1789248744,60584346,25.417,robot_0,-1.348,1.426
1789248744,60660302,25.417,robot_1,0.087,2.060
1789248744,60704867,25.417,robot_2,2.147,-0.219
1789248744,271744247,25.629,robot_0,-1.347,1.426
1789248744,271828780,25.629,robot_1,0.086,2.059
1789248744,271878482,25.629,robot_2,2.147,-0.219
1789248744,480118697,25.837,robot_0,-1.347,1.426
1789248744,480199672,25.837,robot_1,0.087,2.059
1789248744,480252962,25.837,robot_2,2.148,-0.219
1789248744,689299101,26.046,robot_0,-1.346,1.426
1789248744,689390408,26.046,robot_1,0.087,2.058
1789248744,689436582,26.046,robot_2,2.148,-0.218
1789248744,903796072,26.261,robot_0,-1.346,1.426
1789248744,903880073,26.261,robot_1,0.087,2.058
1789248744,903932417,26.261,robot_2,2.149,-0.218
1789248745,117088828,26.474,robot_0,-1.346,1.427
1789248745,117170897,26.474,robot_1,0.087,2.057
1789248745,117218151,26.474,robot_2,2.149,-0.218
1789248745,318017282,26.675,robot_0,-1.346,1.427
1789248745,318094561,26.675,robot_1,0.087,2.057
1789248745,318145391,26.675,robot_2,2.149,-0.218
1789248745,522740325,26.880,robot_0,-1.345,1.427
1789248745,522819216,26.880,robot_1,0.088,2.057
1789248745,522885714,26.880,robot_2,2.150,-0.217
1789248745,724913784,27.082,robot_0,-1.345,1.428
1789248745,725005810,27.082,robot_1,0.088,2.057
1789248745,725052266,27.082,robot_2,2.150,-0.217
1789248745,942601956,27.299,robot_0,-1.345,1.428
1789248745,942679003,27.299,robot_1,0.089,2.057
1789248745,942727471,27.300,robot_2,2.150,-0.217
1789248746,153134480,27.510,robot_0,-1.379,1.431
1789248746,153212776,27.510,robot_1,0.087,2.040
1789248746,153270390,27.510,robot_2,2.150,-0.216
1789248746,390474312,27.747,robot_0,-1.408,1.433
1789248746,390543331,27.747,robot_1,0.083,2.008
1789248746,390585313,27.747,robot_2,2.150,-0.216
1789248746,607475518,27.964,robot_0,-1.408,1.433
1789248746,607552218,27.964,robot_1,0.084,2.021
1789248746,607599364,27.964,robot_2,2.150,-0.215
1789248746,817196065,28.174,robot_0,-1.408,1.433
1789248746,817270281,28.174,robot_1,0.086,2.040
1789248746,817327952,28.174,robot_2,2.149,-0.215
1789248747,19997558,28.377,robot_0,-1.408,1.433
1789248747,20074577,28.377,robot_1,0.089,2.078
1789248747,20128279,28.377,robot_2,2.149,-0.215
1789248747,226312549,28.583,robot_0,-1.460,1.432
1789248747,226385908,28.583,robot_1,0.089,2.084
1789248747,226436728,28.583,robot_2,2.149,-0.214
1789248747,432849237,28.790,robot_0,-1.511,1.432
1789248747,432930342,28.790,robot_1,0.087,2.075
1789248747,432972387,28.790,robot_2,2.149,-0.214
1789248747,643019309,29.000,robot_0,-1.552,1.431
1789248747,643098136,29.000,robot_1,0.080,2.043
1789248747,643145711,29.000,robot_2,2.148,-0.214
1789248747,845840096,29.203,robot_0,-1.552,1.431
1789248747,845910475,29.203,robot_1,0.080,2.043
1789248747,845970031,29.203,robot_2,2.138,-0.242
1789248748,55612783,29.412,robot_0,-1.552,1.431
1789248748,55681940,29.412,robot_1,0.071,2.011
1789248748,55723394,29.413,robot_2,2.137,-0.240
1789248748,288394511,29.645,robot_0,-1.552,1.432
1789248748,288467404,29.645,robot_1,0.068,2.004
1789248748,288517321,29.645,robot_2,2.150,-0.196
1789248748,489725027,29.847,robot_0,-1.552,1.432
1789248748,489805024,29.847,robot_1,0.068,2.005
1789248748,489857526,29.847,robot_2,2.154,-0.179
1789248748,698295863,30.055,robot_0,-1.545,1.437
1789248748,698370915,30.055,robot_1,0.068,2.005
1789248748,698424288,30.055,robot_2,2.154,-0.179
1789248748,936490642,30.293,robot_0,-1.514,1.459
1789248748,936559281,30.293,robot_1,0.068,2.005
1789248748,936606823,30.293,robot_2,2.143,-0.218
1789248749,163301507,30.520,robot_0,-1.476,1.485
1789248749,163372294,30.520,robot_1,0.068,2.005
1789248749,163418216,30.520,robot_2,2.132,-0.254
1789248749,396279400,30.753,robot_0,-1.453,1.502
1789248749,396356043,30.753,robot_1,0.068,2.005
1789248749,396401010,30.753,robot_2,2.116,-0.307
1789248749,601011174,30.958,robot_0,-1.453,1.502
1789248749,601081422,30.958,robot_1,0.069,2.005
1789248749,601127599,30.958,robot_2,2.109,-0.329
1789248749,813467103,31.170,robot_0,-1.453,1.503
1789248749,813531153,31.170,robot_1,0.069,2.005
1789248749,813572344,31.170,robot_2,2.109,-0.329
1789248750,25076177,31.382,robot_0,-1.453,1.503
1789248750,25171856,31.382,robot_1,0.069,2.005
1789248750,25229059,31.382,robot_2,2.101,-0.342
1789248750,239089330,31.596,robot_0,-1.454,1.503
1789248750,241131105,31.598,robot_1,0.070,2.005
1789248750,241210625,31.598,robot_2,2.062,-0.394
1789248750,447752987,31.805,robot_0,-1.454,1.503
1789248750,447819005,31.805,robot_1,0.070,2.005
1789248750,447862604,31.805,robot_2,2.049,-0.409
1789248750,668374140,32.025,robot_0,-1.455,1.503
1789248750,668445252,32.025,robot_1,0.071,2.005
1789248750,668490485,32.025,robot_2,2.049,-0.409
1789248750,883113833,32.240,robot_0,-1.455,1.503
1789248750,883178232,32.240,robot_1,0.071,2.006
1789248750,883218521,32.240,robot_2,2.050,-0.410
1789248751,85504926,32.442,robot_0,-1.456,1.502
1789248751,85571638,32.442,robot_1,0.071,2.006
1789248751,85617088,32.442,robot_2,2.050,-0.410
1789248751,287831816,32.645,robot_0,-1.456,1.502
1789248751,287895863,32.645,robot_1,0.071,2.006
1789248751,287943238,32.645,robot_2,2.049,-0.409
1789248751,495319886,32.852,robot_0,-1.456,1.502
1789248751,495398072,32.852,robot_1,0.071,2.007
1789248751,495441743,32.852,robot_2,2.049,-0.409
1789248751,702607948,33.059,robot_0,-1.477,1.519
1789248751,702675883,33.059,robot_1,0.071,2.007
1789248751,702724217,33.060,robot_2,2.049,-0.409
1789248751,909548721,33.266,robot_0,-1.501,1.539
1789248751,909612891,33.266,robot_1,0.071,2.008
1789248751,909663753,33.266,robot_2,2.048,-0.409
1789248752,111169873,33.468,robot_0,-1.501,1.539
1789248752,111246615,33.468,robot_1,0.071,2.008
1789248752,111304089,33.468,robot_2,2.048,-0.409
1789248752,315618314,33.672,robot_0,-1.501,1.539
1789248752,315693898,33.672,robot_1,0.071,2.008
1789248752,315747967,33.673,robot_2,2.047,-0.409
1789248752,522128798,33.879,robot_0,-1.502,1.538
1789248752,522224647,33.879,robot_1,0.093,2.020
1789248752,522274206,33.879,robot_2,2.047,-0.409
1789248752,722783807,34.080,robot_0,-1.502,1.538
1789248752,722855827,34.080,robot_1,0.117,2.033
1789248752,722907221,34.080,robot_2,2.047,-0.409
1789248752,932266603,34.289,robot_0,-1.502,1.537
1789248752,932390056,34.289,robot_1,0.119,2.034
1789248752,932450291,34.289,robot_2,2.046,-0.409
1789248753,131997152,34.489,robot_0,-1.502,1.537
1789248753,132067773,34.489,robot_1,0.119,2.034
1789248753,132112216,34.489,robot_2,2.046,-0.410
1789248753,340893256,34.698,robot_0,-1.501,1.537
1789248753,340968811,34.698,robot_1,0.111,2.031
1789248753,341015371,34.698,robot_2,2.046,-0.410
1789248753,541776277,34.899,robot_0,-1.501,1.536
1789248753,541844611,34.899,robot_1,0.047,2.007
1789248753,541883502,34.899,robot_2,2.046,-0.410
1789248753,746449209,35.103,robot_0,-1.501,1.536
1789248753,746524510,35.103,robot_1,0.026,1.999
1789248753,746568257,35.103,robot_2,2.046,-0.411
1789248753,953686134,35.310,robot_0,-1.501,1.536
1789248753,953758297,35.311,robot_1,-0.006,1.989
1789248753,959232187,35.316,robot_2,2.046,-0.411
1789248754,174318069,35.531,robot_0,-1.500,1.535
1789248754,174382646,35.531,robot_1,-0.060,1.975
1789248754,174430567,35.531,robot_2,2.046,-0.412
1789248754,380291647,35.737,robot_0,-1.500,1.535
1789248754,380365332,35.737,robot_1,-0.040,1.980
1789248754,380413151,35.737,robot_2,2.046,-0.412
1789248754,585138568,35.942,robot_0,-1.500,1.535
1789248754,585210641,35.942,robot_1,-0.037,1.981
1789248754,585260656,35.942,robot_2,2.046,-0.412
1789248754,786813636,36.144,robot_0,-1.499,1.535
1789248754,786890779,36.144,robot_1,-0.037,1.981
1789248754,786952534,36.144,robot_2,2.046,-0.412
1789248754,998572003,36.355,robot_0,-1.499,1.535
1789248754,998653335,36.355,robot_1,-0.037,1.982
1789248754,998696857,36.355,robot_2,2.046,-0.412
1789248755,205129377,36.562,robot_0,-1.498,1.535
1789248755,205200227,36.562,robot_1,-0.037,1.982
1789248755,205253245,36.562,robot_2,2.015,-0.417
1789248755,423334854,36.780,robot_0,-1.498,1.536
1789248755,423407456,36.780,robot_1,-0.038,1.982
1789248755,423452429,36.780,robot_2,1.978,-0.423
1789248755,638636258,36.995,robot_0,-1.498,1.536
1789248755,638707720,36.995,robot_1,-0.038,1.982
1789248755,638749355,36.996,robot_2,1.934,-0.430
1789248755,869194930,37.226,robot_0,-1.497,1.536
1789248755,869259917,37.226,robot_1,-0.039,1.982
1789248755,869303367,37.226,robot_2,1.902,-0.436
1789248756,90055706,37.447,robot_0,-1.497,1.536
1789248756,90126650,37.447,robot_1,-0.039,1.982
1789248756,90176733,37.447,robot_2,1.902,-0.436
1789248756,300233861,37.657,robot_0,-1.503,1.539
1789248756,300308003,37.657,robot_1,-0.040,1.982
1789248756,300348100,37.657,robot_2,1.902,-0.436
1789248756,503662652,37.860,robot_0,-1.542,1.559
1789248756,503728707,37.861,robot_1,-0.040,1.982
1789248756,503774176,37.861,robot_2,1.902,-0.436
1789248756,723255773,38.080,robot_0,-1.545,1.561
1789248756,723321961,38.080,robot_1,-0.040,1.982
1789248756,723368295,38.080,robot_2,1.903,-0.437
1789248756,931082331,38.288,robot_0,-1.545,1.561
1789248756,931155305,38.288,robot_1,-0.041,1.982
1789248756,931207733,38.288,robot_2,1.903,-0.437
1789248757,151850107,38.509,robot_0,-1.545,1.561
1789248757,151927830,38.509,robot_1,-0.041,1.981
1789248757,151973960,38.509,robot_2,1.904,-0.437
1789248757,357394686,38.714,robot_0,-1.542,1.562
1789248757,357450541,38.714,robot_1,-0.041,1.981
1789248757,357486279,38.714,robot_2,1.904,-0.437
1789248757,569237430,38.926,robot_0,-1.515,1.568
1789248757,569316113,38.926,robot_1,-0.041,1.981
1789248757,569371621,38.926,robot_2,1.905,-0.437
1789248757,773487549,39.130,robot_0,-1.500,1.572
1789248757,773559646,39.130,robot_1,-0.041,1.980
1789248757,773605179,39.130,robot_2,1.905,-0.437
1789248757,980284503,39.337,robot_0,-1.500,1.572
1789248757,980357958,39.337,robot_1,-0.041,1.980
1789248757,980403595,39.337,robot_2,1.905,-0.437
1789248758,187847144,39.545,robot_0,-1.500,1.572
1789248758,187938599,39.545,robot_1,-0.041,1.979
1789248758,187983840,39.545,robot_2,1.905,-0.437
1789248758,409193734,39.766,robot_0,-1.500,1.572
1789248758,409283766,39.766,robot_1,-0.041,1.979
1789248758,411704423,39.769,robot_2,1.906,-0.437
1789248758,615524904,39.972,robot_0,-1.500,1.573
1789248758,615591651,39.972,robot_1,-0.038,1.980
1789248758,615631365,39.972,robot_2,1.906,-0.436
1789248758,816816755,40.174,robot_0,-1.501,1.573
1789248758,824966781,40.182,robot_1,0.014,2.005
1789248758,825059874,40.182,robot_2,1.906,-0.436
1789248759,36332802,40.393,robot_0,-1.501,1.573
1789248759,36418498,40.393,robot_1,0.039,2.018
1789248759,36471318,40.393,robot_2,1.906,-0.436
1789248759,256591353,40.613,robot_0,-1.502,1.573
1789248759,256670452,40.613,robot_1,0.034,2.015
1789248759,256719103,40.614,robot_2,1.906,-0.435
1789248759,464799425,40.822,robot_0,-1.502,1.573
1789248759,464863563,40.822,robot_1,0.057,2.024
1789248759,464903394,40.822,robot_2,1.906,-0.435
1789248759,676935284,41.034,robot_0,-1.502,1.573
1789248759,677017554,41.034,robot_1,0.092,2.036
1789248759,677071883,41.034,robot_2,1.906,-0.434
1789248759,894523072,41.251,robot_0,-1.503,1.573
1789248759,894597934,41.251,robot_1,0.058,2.025
1789248759,894643238,41.251,robot_2,1.906,-0.434
1789248760,104510702,41.461,robot_0,-1.503,1.573
1789248760,104578060,41.461,robot_1,0.070,2.029
1789248760,104624257,41.461,robot_2,1.906,-0.434
1789248760,323056413,41.680,robot_0,-1.503,1.573
1789248760,323123295,41.680,robot_1,0.110,2.042
1789248760,323169839,41.680,robot_2,1.906,-0.433
1789248760,531776379,41.889,robot_0,-1.504,1.573
1789248760,531848752,41.889,robot_1,0.144,2.053
1789248760,531900978,41.889,robot_2,1.905,-0.433
1789248760,741877525,42.099,robot_0,-1.504,1.572
1789248760,741967275,42.099,robot_1,0.157,2.058
1789248760,742015247,42.099,robot_2,1.905,-0.433
1789248760,950386119,42.307,robot_0,-1.504,1.572
1789248760,950450397,42.307,robot_1,0.157,2.058
1789248760,950489320,42.307,robot_2,1.905,-0.433
1789248761,150881021,42.508,robot_0,-1.504,1.572
1789248761,150952185,42.508,robot_1,0.157,2.058
1789248761,150995026,42.508,robot_2,1.904,-0.432
1789248761,376631823,42.733,robot_0,-1.505,1.571
1789248761,376705916,42.733,robot_1,0.157,2.059
1789248761,376747297,42.734,robot_2,1.904,-0.432
1789248761,615695609,42.972,robot_0,-1.505,1.571
1789248761,615766665,42.973,robot_1,0.157,2.059
1789248761,615816226,42.973,robot_2,1.903,-0.433
1789248761,821180678,43.178,robot_0,-1.504,1.570
1789248761,821255459,43.178,robot_1,0.157,2.058
1789248761,821305802,43.178,robot_2,1.903,-0.433
1789248762,23572860,43.380,robot_0,-1.523,1.566
1789248762,23645839,43.380,robot_1,0.157,2.058
1789248762,23686219,43.380,robot_2,1.903,-0.433
1789248762,233957866,43.591,robot_0,-1.561,1.556
1789248762,234026977,43.591,robot_1,0.157,2.058
1789248762,234069044,43.591,robot_2,1.905,-0.437
1789248762,449432950,43.806,robot_0,-1.566,1.555
1789248762,449501504,43.806,robot_1,0.157,2.057
1789248762,449553814,43.806,robot_2,1.923,-0.472
1789248762,659695320,44.016,robot_0,-1.546,1.558
1789248762,659776482,44.017,robot_1,0.158,2.057
1789248762,659831830,44.017,robot_2,1.915,-0.449
1789248762,868097355,44.225,robot_0,-1.513,1.562
1789248762,868166337,44.225,robot_1,0.158,2.057
1789248762,868219745,44.225,robot_2,1.905,-0.424
1789248763,68142780,44.425,robot_0,-1.509,1.562
1789248763,68221853,44.425,robot_1,0.158,2.056
1789248763,68267417,44.425,robot_2,1.916,-0.457
1789248763,269571388,44.626,robot_0,-1.479,1.559
1789248763,269644478,44.626,robot_1,0.159,2.056
1789248763,269690355,44.626,robot_2,1.919,-0.466
1789248763,490651587,44.847,robot_0,-1.477,1.560
1789248763,490715751,44.848,robot_1,0.159,2.056
1789248763,490757556,44.848,robot_2,1.922,-0.503
1789248763,702129689,45.059,robot_0,-1.477,1.560
1789248763,702193083,45.059,robot_1,0.160,2.056
1789248763,702240373,45.059,robot_2,1.923,-0.519
1789248763,912192951,45.269,robot_0,-1.497,1.565
1789248763,912264276,45.269,robot_1,0.160,2.056
1789248763,912306842,45.269,robot_2,1.927,-0.498
1789248764,115020775,45.472,robot_0,-1.470,1.558
1789248764,115088040,45.472,robot_1,0.160,2.057
1789248764,115128919,45.472,robot_2,1.927,-0.498
1789248764,316551537,45.673,robot_0,-1.432,1.548
1789248764,316638726,45.673,robot_1,0.161,2.057
1789248764,316685292,45.673,robot_2,1.927,-0.498
1789248764,535548338,45.892,robot_0,-1.355,1.527
1789248764,535627878,45.892,robot_1,0.161,2.058
1789248764,535672348,45.892,robot_2,1.926,-0.498
1789248764,749593465,46.106,robot_0,-1.348,1.525
1789248764,749670924,46.106,robot_1,0.161,2.058
1789248764,749718697,46.107,robot_2,1.926,-0.498
1789248764,959532963,46.316,robot_0,-1.366,1.530
1789248764,959611904,46.318,robot_1,0.161,2.058
1789248764,960812196,46.318,robot_2,1.926,-0.498
1789248765,162343683,46.519,robot_0,-1.359,1.528
1789248765,162429596,46.519,robot_1,0.161,2.058
1789248765,162471476,46.519,robot_2,1.925,-0.498
1789248765,375166806,46.732,robot_0,-1.331,1.517
1789248765,375242891,46.732,robot_1,0.162,2.059
1789248765,375288399,46.732,robot_2,1.925,-0.499
1789248765,581479733,46.938,robot_0,-1.318,1.512
1789248765,581561657,46.938,robot_1,0.160,2.059
1789248765,581614216,46.938,robot_2,1.925,-0.499
1789248765,792825162,47.150,robot_0,-1.347,1.525
1789248765,792904539,47.150,robot_1,0.119,2.067
1789248765,792947966,47.150,robot_2,1.925,-0.499
1789248766,2497729,47.359,robot_0,-1.373,1.536
1789248766,2569677,47.359,robot_1,0.085,2.074
1789248766,2620054,47.359,robot_2,1.925,-0.500
1789248766,207877488,47.565,robot_0,-1.317,1.511
1789248766,207958583,47.565,robot_1,0.129,2.065
1789248766,208005260,47.565,robot_2,1.925,-0.500
1789248766,423912705,47.781,robot_0,-1.273,1.492
1789248766,424003055,47.781,robot_1,0.111,2.068
1789248766,424052778,47.781,robot_2,1.925,-0.501
1789248766,626948112,47.984,robot_0,-1.233,1.475
1789248766,627020541,47.984,robot_1,0.083,2.074
1789248766,627062740,47.984,robot_2,1.925,-0.501
1789248766,856725538,48.214,robot_0,-1.233,1.474
1789248766,856807278,48.214,robot_1,0.083,2.074
1789248766,856850457,48.214,robot_2,1.925,-0.501
1789248767,63169115,48.420,robot_0,-1.270,1.481
1789248767,63245552,48.420,robot_1,0.083,2.074
1789248767,63287423,48.420,robot_2,1.925,-0.502
1789248767,292494885,48.649,robot_0,-1.247,1.479
1789248767,292573010,48.649,robot_1,0.083,2.074
1789248767,292613276,48.649,robot_2,1.926,-0.502
1789248767,502579393,48.859,robot_0,-1.234,1.477
1789248767,502658785,48.859,robot_1,0.084,2.073
1789248767,502701163,48.859,robot_2,1.926,-0.502
1789248767,716656345,49.073,robot_0,-1.234,1.477
1789248767,716724250,49.074,robot_1,0.124,2.052
1789248767,716761007,49.074,robot_2,1.926,-0.503
1789248767,925852614,49.283,robot_0,-1.234,1.477
1789248767,927909887,49.285,robot_1,0.137,2.045
1789248767,928019750,49.285,robot_2,1.918,-0.532
1789248768,155632522,49.512,robot_0,-1.234,1.477
1789248768,155716725,49.513,robot_1,0.137,2.044
1789248768,155762151,49.513,robot_2,1.913,-0.553
1789248768,394821753,49.752,robot_0,-1.234,1.476
1789248768,394914708,49.752,robot_1,0.126,2.056
1789248768,394967717,49.752,robot_2,1.913,-0.553
1789248768,592668909,49.949,robot_0,-1.234,1.476
1789248768,592745200,49.950,robot_1,0.096,2.095
1789248768,592788136,49.950,robot_2,1.913,-0.553
1789248768,797537052,50.154,robot_0,-1.233,1.476
1789248768,797621100,50.154,robot_1,0.070,2.132
1789248768,797669645,50.154,robot_2,1.909,-0.561
1789248769,7037265,50.364,robot_0,-1.233,1.476
1789248769,7134082,50.364,robot_1,0.052,2.159
1789248769,7184527,50.364,robot_2,1.896,-0.594
1789248769,218562388,50.575,robot_0,-1.233,1.475
1789248769,218641909,50.575,robot_1,0.052,2.159
1789248769,218689387,50.575,robot_2,1.885,-0.622
1789248769,447564887,50.804,robot_0,-1.233,1.475
1789248769,447662534,50.804,robot_1,0.053,2.159
1789248769,447707915,50.804,robot_2,1.878,-0.640
1789248769,643323569,51.000,robot_0,-1.232,1.475
1789248769,643396457,51.000,robot_1,0.053,2.159
1789248769,643441230,51.000,robot_2,1.878,-0.640
1789248769,856811957,51.214,robot_0,-1.232,1.475
1789248769,856889645,51.214,robot_1,0.053,2.159
1789248769,856942085,51.214,robot_2,1.878,-0.640
1789248770,63585946,51.420,robot_0,-1.231,1.475
1789248770,63658051,51.420,robot_1,0.053,2.160
1789248770,63702580,51.420,robot_2,1.877,-0.639
1789248770,273111022,51.630,robot_0,-1.231,1.475
1789248770,273184255,51.630,robot_1,0.053,2.160
1789248770,273226921,51.630,robot_2,1.877,-0.639
1789248770,488490593,51.845,robot_0,-1.231,1.475
1789248770,488566555,51.845,robot_1,0.053,2.161
1789248770,488618099,51.845,robot_2,1.877,-0.639
1789248770,689540274,52.046,robot_0,-1.230,1.475
1789248770,689616295,52.046,robot_1,0.053,2.161
1789248770,689655724,52.046,robot_2,1.877,-0.638
1789248770,893657306,52.250,robot_0,-1.230,1.475
1789248770,893737008,52.251,robot_1,0.053,2.161
1789248770,893782012,52.251,robot_2,1.877,-0.638
1789248771,108036578,52.465,robot_0,-1.230,1.476
1789248771,108140632,52.465,robot_1,0.053,2.162
1789248771,108182878,52.465,robot_2,1.877,-0.637
1789248771,306506926,52.663,robot_0,-1.229,1.476
1789248771,306601959,52.663,robot_1,0.052,2.162
1789248771,306656057,52.663,robot_2,1.877,-0.636
1789248771,528973801,52.886,robot_0,-1.230,1.477
1789248771,529053583,52.886,robot_1,0.052,2.162
1789248771,529095025,52.886,robot_2,1.877,-0.636
1789248771,753484709,53.110,robot_0,-1.281,1.501
1789248771,753554431,53.110,robot_1,0.052,2.163
1789248771,753599004,53.110,robot_2,1.878,-0.636
1789248771,973099939,53.330,robot_0,-1.286,1.503
1789248771,973176435,53.330,robot_1,0.051,2.163
1789248771,973217170,53.330,robot_2,1.878,-0.635
1789248772,179597646,53.536,robot_0,-1.286,1.504
1789248772,179673686,53.536,robot_1,0.051,2.163
1789248772,179713721,53.536,robot_2,1.878,-0.635
1789248772,385449620,53.742,robot_0,-1.293,1.504
1789248772,385515823,53.742,robot_1,0.050,2.163
1789248772,385550788,53.742,robot_2,1.878,-0.636
1789248772,600491170,53.957,robot_0,-1.339,1.503
1789248772,600563767,53.957,robot_1,0.050,2.163
1789248772,600606193,53.957,robot_2,1.878,-0.636
1789248772,803907697,54.166,robot_0,-1.360,1.501
1789248772,809748266,54.167,robot_1,0.054,2.149
1789248772,809813337,54.167,robot_2,1.877,-0.636
1789248773,20478524,54.377,robot_0,-1.332,1.504
1789248773,20559246,54.377,robot_1,0.065,2.112
1789248773,20606332,54.377,robot_2,1.877,-0.636
1789248773,232361440,54.589,robot_0,-1.332,1.504
1789248773,232435090,54.589,robot_1,0.068,2.102
1789248773,232475544,54.589,robot_2,1.877,-0.637
1789248773,480631695,54.837,robot_0,-1.364,1.495
1789248773,480710190,54.837,robot_1,0.085,2.034
1789248773,480761256,54.838,robot_2,1.877,-0.637
1789248773,710147989,55.067,robot_0,-1.420,1.478
1789248773,710282376,55.067,robot_1,0.101,1.974
1789248773,710328233,55.067,robot_2,1.877,-0.638
1789248773,930854859,55.288,robot_0,-1.410,1.480
1789248773,930917077,55.288,robot_1,0.111,1.930
1789248773,930968791,55.288,robot_2,1.878,-0.638
1789248774,138874489,55.496,robot_0,-1.375,1.488
1789248774,138946167,55.496,robot_1,0.114,1.915
1789248774,138984403,55.496,robot_2,1.878,-0.639
1789248774,342746718,55.700,robot_0,-1.351,1.494
1789248774,342817269,55.703,robot_1,0.115,1.915
1789248774,346319729,55.703,robot_2,1.878,-0.639
1789248774,547635455,55.904,robot_0,-1.331,1.499
1789248774,547720394,55.905,robot_1,0.114,1.938
1789248774,547767058,55.905,robot_2,1.878,-0.639
1789248774,758999721,56.116,robot_0,-1.331,1.499
1789248774,759071698,56.116,robot_1,0.112,1.973
1789248774,759115545,56.116,robot_2,1.879,-0.639
1789248775,11631955,56.368,robot_0,-1.306,1.513
1789248775,11711437,56.369,robot_1,0.114,1.924
1789248775,11761894,56.369,robot_2,1.879,-0.639
1789248775,216169141,56.573,robot_0,-1.285,1.527
1789248775,216246069,56.573,robot_1,0.115,1.913
1789248775,216290921,56.573,robot_2,1.880,-0.639
1789248775,430403283,56.787,robot_0,-1.285,1.527
1789248775,430487735,56.787,robot_1,0.114,1.913
1789248775,430534409,56.787,robot_2,1.880,-0.639
1789248775,639574801,56.996,robot_0,-1.285,1.527
1789248775,639653470,56.996,robot_1,0.114,1.913
1789248775,639704223,56.996,robot_2,1.881,-0.639
1789248775,849122356,57.206,robot_0,-1.285,1.527
1789248775,849201808,57.206,robot_1,0.114,1.912
1789248775,849254032,57.206,robot_2,1.881,-0.639
1789248776,63789703,57.421,robot_0,-1.285,1.527
1789248776,63865612,57.421,robot_1,0.113,1.912
1789248776,63917003,57.421,robot_2,1.881,-0.639
1789248776,275003135,57.632,robot_0,-1.285,1.527
1789248776,275083087,57.632,robot_1,0.113,1.912
1789248776,275133884,57.632,robot_2,1.881,-0.639
1789248776,477294350,57.834,robot_0,-1.286,1.527
1789248776,477377254,57.834,robot_1,0.113,1.911
1789248776,477416110,57.834,robot_2,1.855,-0.608
1789248776,693477985,58.050,robot_0,-1.286,1.528
1789248776,693558374,58.050,robot_1,0.113,1.911
1789248776,693608840,58.050,robot_2,1.827,-0.574
1789248776,919155258,58.276,robot_0,-1.287,1.528
1789248776,919231165,58.276,robot_1,0.113,1.911
1789248776,919273017,58.276,robot_2,1.823,-0.570
1789248777,131491143,58.488,robot_0,-1.287,1.527
1789248777,131563195,58.488,robot_1,0.113,1.910
1789248777,131608477,58.488,robot_2,1.823,-0.569
1789248777,346773647,58.704,robot_0,-1.287,1.527
1789248777,346857582,58.704,robot_1,0.113,1.910
1789248777,346898470,58.704,robot_2,1.823,-0.569
1789248777,557628500,58.914,robot_0,-1.288,1.527
1789248777,557715648,58.915,robot_1,0.113,1.909
1789248777,557766416,58.915,robot_2,1.836,-0.586
1789248777,760048658,59.117,robot_0,-1.288,1.527
1789248777,760109527,59.117,robot_1,0.113,1.909
1789248777,760143978,59.117,robot_2,1.861,-0.617
1789248777,976440749,59.333,robot_0,-1.288,1.527
1789248777,976508961,59.333,robot_1,0.113,1.909
1789248777,976551873,59.333,robot_2,1.882,-0.644
1789248778,185600234,59.542,robot_0,-1.289,1.526
1789248778,188662708,59.545,robot_1,0.113,1.908
1789248778,188751013,59.546,robot_2,1.907,-0.675
1789248778,394184978,59.751,robot_0,-1.289,1.526
1789248778,394261751,59.751,robot_1,0.114,1.908
1789248778,394314126,59.751,robot_2,1.928,-0.702
1789248778,606195165,59.963,robot_0,-1.289,1.526
1789248778,606273351,59.963,robot_1,0.114,1.908
1789248778,606324655,59.963,robot_2,1.931,-0.706
1789248778,806449941,60.163,robot_0,-1.289,1.525
1789248778,806525863,60.163,robot_1,0.115,1.908
1789248778,806571138,60.163,robot_2,1.931,-0.706
1789248779,14447133,60.371,robot_0,-1.289,1.525
1789248779,14527097,60.371,robot_1,0.115,1.908
1789248779,14573589,60.371,robot_2,1.931,-0.705
1789248779,215555849,60.572,robot_0,-1.289,1.525
1789248779,215627624,60.572,robot_1,0.116,1.911
1789248779,215670067,60.572,robot_2,1.932,-0.705
1789248779,437090511,60.794,robot_0,-1.286,1.525
1789248779,437159580,60.794,robot_1,0.125,1.944
1789248779,437200744,60.794,robot_2,1.932,-0.705
1789248779,637779253,60.995,robot_0,-1.250,1.537
1789248779,637856637,60.995,robot_1,0.126,1.947
1789248779,652636332,61.009,robot_2,1.932,-0.704
1789248779,838848303,61.196,robot_0,-1.215,1.549
1789248779,839459929,61.196,robot_1,0.142,1.990
1789248779,839542821,61.196,robot_2,1.932,-0.704
1789248780,48725380,61.406,robot_0,-1.246,1.539
1789248780,48803008,61.406,robot_1,0.145,1.996
1789248780,48863001,61.406,robot_2,1.931,-0.703
1789248780,255166294,61.612,robot_0,-1.262,1.533
1789248780,255248027,61.612,robot_1,0.161,2.027
1789248780,255299215,61.612,robot_2,1.931,-0.703
1789248780,462517063,61.819,robot_0,-1.262,1.533
1789248780,462596787,61.819,robot_1,0.191,2.082
1789248780,462643870,61.819,robot_2,1.931,-0.703
1789248780,698320586,62.055,robot_0,-1.233,1.546
1789248780,698399500,62.055,robot_1,0.221,2.138
1789248780,698446270,62.055,robot_2,1.931,-0.702
1789248780,904468411,62.261,robot_0,-1.213,1.555
1789248780,904546116,62.261,robot_1,0.235,2.163
1789248780,904596034,62.261,robot_2,1.930,-0.702
1789248781,115748839,62.473,robot_0,-1.233,1.546
1789248781,115830967,62.473,robot_1,0.235,2.163
1789248781,115876081,62.473,robot_2,1.930,-0.702
1789248781,316461867,62.673,robot_0,-1.227,1.549
1789248781,316528836,62.673,robot_1,0.242,2.174
1789248781,316564156,62.673,robot_2,1.930,-0.702
1789248781,524202150,62.881,robot_0,-1.177,1.576
1789248781,524277937,62.881,robot_1,0.270,2.218
1789248781,524325749,62.881,robot_2,1.929,-0.702
1789248781,726727631,63.084,robot_0,-1.127,1.604
1789248781,726813131,63.084,robot_1,0.268,2.216
1789248781,726865388,63.084,robot_2,1.929,-0.702
1789248781,940287336,63.297,robot_0,-1.093,1.623
1789248781,940563867,63.297,robot_1,0.253,2.196
1789248781,940615650,63.297,robot_2,1.929,-0.702
1789248782,146738168,63.504,robot_0,-1.056,1.644
1789248782,146841425,63.504,robot_1,0.251,2.194
1789248782,146875057,63.504,robot_2,1.928,-0.702
1789248782,351682447,63.708,robot_0,-1.085,1.628
1789248782,351760687,63.709,robot_1,0.250,2.195
1789248782,351805385,63.709,robot_2,1.928,-0.702
1789248782,568957997,63.926,robot_0,-1.077,1.632
1789248782,569042994,63.926,robot_1,0.250,2.195
1789248782,574578121,63.931,robot_2,1.927,-0.703
1789248782,799911755,64.157,robot_0,-1.100,1.619
1789248782,800006661,64.157,robot_1,0.250,2.196
1789248782,800050299,64.157,robot_2,1.927,-0.703
1789248783,6757410,64.364,robot_0,-1.097,1.621
1789248783,6827881,64.364,robot_1,0.250,2.196
1789248783,6867885,64.364,robot_2,1.927,-0.703
1789248783,207300670,64.564,robot_0,-1.032,1.652
1789248783,207382440,64.564,robot_1,0.250,2.196
1789248783,207424205,64.564,robot_2,1.927,-0.704
1789248783,420298893,64.777,robot_0,-1.016,1.659
1789248783,420376903,64.777,robot_1,0.250,2.195
1789248783,420418422,64.786,robot_2,1.927,-0.704
1789248783,627994659,64.985,robot_0,-0.982,1.672
1789248783,628074382,64.985,robot_1,0.251,2.195
1789248783,628115093,64.985,robot_2,1.927,-0.705
1789248783,831504121,65.188,robot_0,-0.962,1.679
1789248783,831579177,65.188,robot_1,0.251,2.195
1789248783,831617874,65.188,robot_2,1.927,-0.705
1789248784,39447720,65.396,robot_0,-0.954,1.682
1789248784,39534600,65.396,robot_1,0.251,2.194
1789248784,39582644,65.396,robot_2,1.927,-0.705
1789248784,239978492,65.597,robot_0,-0.907,1.701
1789248784,240061923,65.597,robot_1,0.252,2.194
1789248784,240107245,65.597,robot_2,1.927,-0.706
1789248784,447160241,65.804,robot_0,-0.917,1.697
1789248784,447240012,65.804,robot_1,0.252,2.194
1789248784,447279957,65.804,robot_2,1.928,-0.706
1789248784,648177015,66.005,robot_0,-0.953,1.682
1789248784,648258709,66.005,robot_1,0.252,2.194
1789248784,648311023,66.005,robot_2,1.928,-0.706
1789248784,850292700,66.207,robot_0,-0.983,1.669
1789248784,850631820,66.207,robot_1,0.253,2.194
1789248784,850691982,66.207,robot_2,1.914,-0.718
1789248785,52462678,66.409,robot_0,-0.986,1.668
1789248785,52552371,66.409,robot_1,0.253,2.194
1789248785,52599833,66.409,robot_2,1.888,-0.741
1789248785,269127057,66.626,robot_0,-0.986,1.668
1789248785,269210208,66.626,robot_1,0.254,2.195
1789248785,269261338,66.626,robot_2,1.908,-0.725
1789248785,469321073,66.826,robot_0,-0.985,1.667
1789248785,469399438,66.826,robot_1,0.254,2.195
1789248785,469437217,66.826,robot_2,1.951,-0.688
1789248785,677612591,67.034,robot_0,-0.985,1.667
1789248785,677695826,67.034,robot_1,0.254,2.195
1789248785,677746774,67.035,robot_2,1.960,-0.681
1789248785,895681266,67.252,robot_0,-0.985,1.667
1789248785,895758833,67.253,robot_1,0.254,2.196
1789248785,895797170,67.253,robot_2,1.960,-0.681
1789248786,122480809,67.479,robot_0,-0.984,1.667
1789248786,122569200,67.479,robot_1,0.255,2.196
1789248786,122614819,67.479,robot_2,1.942,-0.705
1789248786,323125642,67.680,robot_0,-0.984,1.667
1789248786,323211889,67.680,robot_1,0.255,2.196
1789248786,323265059,67.680,robot_2,1.924,-0.729
1789248786,547532734,67.904,robot_0,-0.983,1.667
1789248786,547873605,67.905,robot_1,0.264,2.196
1789248786,547944416,67.905,robot_2,1.924,-0.729
1789248786,781269573,68.138,robot_0,-0.983,1.667
1789248786,781347452,68.138,robot_1,0.303,2.191
1789248786,781387141,68.138,robot_2,1.925,-0.729
1789248787,13221843,68.370,robot_0,-0.983,1.667
1789248787,13303902,68.370,robot_1,0.291,2.192
1789248787,13347301,68.370,robot_2,1.925,-0.729
1789248787,221088373,68.578,robot_0,-0.982,1.667
1789248787,221169482,68.578,robot_1,0.261,2.195
1789248787,221208540,68.578,robot_2,1.933,-0.687
1789248787,449870603,68.807,robot_0,-0.982,1.667
1789248787,449996647,68.807,robot_1,0.272,2.194
1789248787,450044730,68.807,robot_2,1.940,-0.641
1789248787,664785325,69.022,robot_0,-0.982,1.668
1789248787,664870670,69.022,robot_1,0.218,2.200
1789248787,664926698,69.022,robot_2,1.934,-0.668
1789248787,913657665,69.270,robot_0,-0.981,1.668
1789248787,913740356,69.271,robot_1,0.244,2.197
1789248787,913784376,69.271,robot_2,1.926,-0.701
1789248788,118547953,69.475,robot_0,-0.981,1.668
1789248788,118632811,69.475,robot_1,0.246,2.197
1789248788,118680873,69.475,robot_2,1.924,-0.713
1789248788,340990804,69.698,robot_0,-0.981,1.669
1789248788,341056690,69.698,robot_1,0.274,2.198
1789248788,341088716,69.698,robot_2,1.917,-0.754
1789248788,554880075,69.912,robot_0,-0.981,1.669
1789248788,563598550,69.920,robot_1,0.286,2.199
1789248788,563679910,69.920,robot_2,1.911,-0.792
1789248788,780300427,70.137,robot_0,-0.981,1.670
1789248788,780388534,70.137,robot_1,0.286,2.199
1789248788,780439832,70.137,robot_2,1.908,-0.809
1789248788,992549386,70.349,robot_0,-0.980,1.670
1789248788,992662589,70.349,robot_1,0.285,2.199
1789248788,992708411,70.349,robot_2,1.908,-0.809
1789248789,210271263,70.567,robot_0,-0.944,1.679
1789248789,210349615,70.567,robot_1,0.248,2.182
1789248789,210396301,70.567,robot_2,1.908,-0.809
1789248789,412263547,70.769,robot_0,-0.953,1.676
1789248789,412340359,70.769,robot_1,0.220,2.166
1789248789,412382897,70.769,robot_2,1.907,-0.808
1789248789,626416632,70.983,robot_0,-0.981,1.670
1789248789,627544469,70.984,robot_1,0.219,2.167
1789248789,627622692,70.984,robot_2,1.907,-0.808
1789248789,837768093,71.195,robot_0,-1.003,1.664
1789248789,837887350,71.195,robot_1,0.219,2.167
1789248789,837958508,71.195,robot_2,1.907,-0.808
1789248790,65365837,71.422,robot_0,-1.059,1.650
1789248790,65469349,71.422,robot_1,0.219,2.167
1789248790,65521471,71.422,robot_2,1.907,-0.807
1789248790,288019140,71.645,robot_0,-1.065,1.649
1789248790,288096278,71.645,robot_1,0.218,2.167
1789248790,288140375,71.645,robot_2,1.906,-0.806
1789248790,495658324,71.852,robot_0,-1.033,1.660
1789248790,495735210,71.853,robot_1,0.218,2.167
1789248790,495776296,71.853,robot_2,1.907,-0.806
1789248790,716647737,72.073,robot_0,-1.023,1.663
1789248790,716730003,72.074,robot_1,0.218,2.167
1789248790,716779711,72.074,robot_2,1.907,-0.805
1789248790,944190758,72.301,robot_0,-0.987,1.673
1789248790,944272890,72.301,robot_1,0.217,2.167
1789248790,944319217,72.301,robot_2,1.907,-0.805
1789248791,157613963,72.514,robot_0,-0.945,1.684
1789248791,157695658,72.514,robot_1,0.217,2.167
1789248791,157743449,72.515,robot_2,1.907,-0.805
1789248791,372511057,72.729,robot_0,-0.911,1.694
1789248791,372588618,72.729,robot_1,0.216,2.167
1789248791,372628496,72.729,robot_2,1.907,-0.806
1789248791,582692244,72.939,robot_0,-0.911,1.694
1789248791,582775072,72.940,robot_1,0.216,2.167
1789248791,582816665,72.940,robot_2,1.907,-0.806
1789248791,798425779,73.155,robot_0,-0.911,1.694
1789248791,798508324,73.155,robot_1,0.216,2.166
1789248791,798555997,73.155,robot_2,1.907,-0.807
1789248792,4450592,73.361,robot_0,-0.911,1.694
1789248792,4526962,73.361,robot_1,0.215,2.166
1789248792,4568293,73.361,robot_2,1.907,-0.807
1789248792,228106966,73.585,robot_0,-0.912,1.695
1789248792,228192294,73.585,robot_1,0.215,2.166
1789248792,228239754,73.585,robot_2,1.907,-0.807
1789248792,438897684,73.796,robot_0,-0.912,1.695
1789248792,439006385,73.796,robot_1,0.215,2.165
1789248792,439056602,73.796,robot_2,1.908,-0.808
1789248792,637397215,73.994,robot_0,-0.912,1.695
1789248792,637483734,73.994,robot_1,0.215,2.165
1789248792,637536658,73.994,robot_2,1.908,-0.808
1789248792,850437084,74.207,robot_0,-0.913,1.695
1789248792,850524743,74.207,robot_1,0.215,2.164
1789248792,850574127,74.207,robot_2,1.908,-0.808
1789248793,61607249,74.418,robot_0,-0.913,1.695
1789248793,61686184,74.418,robot_1,0.215,2.164
1789248793,61724059,74.419,robot_2,1.909,-0.808
1789248793,269989293,74.627,robot_0,-0.914,1.695
1789248793,270069086,74.627,robot_1,0.216,2.164
1789248793,270117678,74.627,robot_2,1.909,-0.808
1789248793,496087306,74.853,robot_0,-0.914,1.695
1789248793,496170943,74.853,robot_1,0.244,2.173
1789248793,496222299,74.853,robot_2,1.909,-0.808
1789248793,698169737,75.055,robot_0,-0.914,1.695
1789248793,698244707,75.055,robot_1,0.265,2.179
1789248793,698286571,75.055,robot_2,1.910,-0.808
1789248793,909949676,75.267,robot_0,-0.915,1.695
1789248793,910036012,75.267,robot_1,0.249,2.178
1789248793,910085202,75.267,robot_2,1.910,-0.808
1789248794,114586645,75.471,robot_0,-0.915,1.694
1789248794,114673349,75.471,robot_1,0.217,2.175
1789248794,114719154,75.472,robot_2,1.911,-0.808
1789248794,329563906,75.686,robot_0,-0.915,1.694
1789248794,329649383,75.686,robot_1,0.238,2.177
1789248794,329699603,75.686,robot_2,1.911,-0.807
1789248794,545343184,75.902,robot_0,-0.915,1.694
1789248794,545424341,75.902,robot_1,0.238,2.177
1789248794,545468623,75.902,robot_2,1.911,-0.807
1789248794,747809540,76.105,robot_0,-0.915,1.693
1789248794,747881133,76.105,robot_1,0.206,2.170
1789248794,747919359,76.115,robot_2,1.939,-0.828
1789248794,965154794,76.322,robot_0,-0.915,1.693
1789248794,965242524,76.322,robot_1,0.168,2.163
1789248794,965288335,76.322,robot_2,1.951,-0.838
1789248795,212970817,76.570,robot_0,-0.915,1.692
1789248795,213051028,76.570,robot_1,0.131,2.156
1789248795,213088735,76.570,robot_2,1.951,-0.838
1789248795,418995721,76.776,robot_0,-0.904,1.694
1789248795,419075682,76.776,robot_1,0.090,2.148
1789248795,419123310,76.776,robot_2,1.986,-0.853
1789248795,620762143,76.978,robot_0,-0.867,1.703
1789248795,620849136,76.978,robot_1,0.089,2.148
1789248795,620898708,76.978,robot_2,1.973,-0.848
1789248795,844332316,77.201,robot_0,-0.802,1.722
1789248795,844405988,77.201,robot_1,0.089,2.147
1789248795,844442031,77.201,robot_2,1.980,-0.851
1789248796,56325148,77.413,robot_0,-0.768,1.732
1789248796,56413469,77.413,robot_1,0.089,2.147
1789248796,56464507,77.413,robot_2,2.010,-0.862
1789248796,268371537,77.625,robot_0,-0.763,1.733
1789248796,268455333,77.625,robot_1,0.066,2.138
1789248796,268507389,77.625,robot_2,1.990,-0.855
1789248796,472474353,77.829,robot_0,-0.706,1.747
1789248796,472556277,77.829,robot_1,0.039,2.128
1789248796,472604133,77.829,robot_2,1.968,-0.847
1789248796,679624161,78.036,robot_0,-0.691,1.750
1789248796,679708212,78.036,robot_1,0.071,2.140
1789248796,682579211,78.039,robot_2,1.968,-0.847
1789248796,904540059,78.261,robot_0,-0.723,1.743
1789248796,904618207,78.261,robot_1,0.066,2.138
1789248796,904660644,78.261,robot_2,1.983,-0.847
1789248797,127117413,78.484,robot_0,-0.723,1.743
1789248797,127203359,78.484,robot_1,0.048,2.131
1789248797,127253404,78.484,robot_2,2.006,-0.848
1789248797,327862103,78.685,robot_0,-0.723,1.743
1789248797,327942310,78.685,robot_1,0.048,2.131
1789248797,327982458,78.685,robot_2,1.994,-0.849
1789248797,540715819,78.898,robot_0,-0.723,1.743
1789248797,540796830,78.898,robot_1,0.048,2.131
1789248797,540840378,78.898,robot_2,1.957,-0.856
1789248797,780652672,79.137,robot_0,-0.723,1.742
1789248797,780737384,79.138,robot_1,0.048,2.131
1789248797,780781308,79.138,robot_2,1.954,-0.857
1789248797,986435977,79.343,robot_0,-0.722,1.742
1789248797,986526172,79.343,robot_1,0.049,2.130
1789248797,986585275,79.343,robot_2,1.909,-0.882
1789248798,205290518,79.562,robot_0,-0.722,1.742
1789248798,205361301,79.562,robot_1,0.049,2.130
1789248798,205400173,79.562,robot_2,1.892,-0.892
1789248798,407783461,79.765,robot_0,-0.722,1.741
1789248798,407874764,79.765,robot_1,0.049,2.130
1789248798,418270326,79.775,robot_2,1.892,-0.892
1789248798,627056067,79.984,robot_0,-0.721,1.741
1789248798,627139477,79.984,robot_1,0.050,2.130
1789248798,627182172,79.984,robot_2,1.891,-0.892
1789248798,835426456,80.192,robot_0,-0.721,1.741
1789248798,835509574,80.192,robot_1,0.051,2.130
1789248798,835552296,80.192,robot_2,1.852,-0.938
1789248799,57834315,80.415,robot_0,-0.720,1.741
1789248799,57928685,80.415,robot_1,0.051,2.130
1789248799,57972673,80.415,robot_2,1.840,-0.954
1789248799,281085656,80.638,robot_0,-0.720,1.741
1789248799,281171796,80.638,robot_1,0.051,2.130
1789248799,281214308,80.638,robot_2,1.840,-0.954
1789248799,500229816,80.857,robot_0,-0.720,1.741
1789248799,500303543,80.857,robot_1,0.052,2.131
1789248799,500343893,80.857,robot_2,1.839,-0.954
1789248799,711284594,81.068,robot_0,-0.719,1.742
1789248799,711357871,81.068,robot_1,0.052,2.131
1789248799,711396839,81.068,robot_2,1.839,-0.954
1789248799,934097736,81.291,robot_0,-0.719,1.742
1789248799,934169702,81.291,robot_1,0.052,2.131
1789248799,934212100,81.291,robot_2,1.838,-0.954
1789248800,149585228,81.506,robot_0,-0.719,1.742
1789248800,149663482,81.506,robot_1,0.052,2.132
1789248800,149706917,81.506,robot_2,1.838,-0.954
1789248800,357382893,81.714,robot_0,-0.718,1.742
1789248800,357468248,81.714,robot_1,0.052,2.132
1789248800,357518434,81.714,robot_2,1.838,-0.954
1789248800,586370379,81.943,robot_0,-0.718,1.743
1789248800,586448886,81.943,robot_1,0.052,2.132
1789248800,589011773,81.947,robot_2,1.837,-0.954
1789248800,795007289,82.152,robot_0,-0.718,1.743
1789248800,795086501,82.152,robot_1,0.052,2.133
1789248800,795128989,82.152,robot_2,1.837,-0.954
1789248801,2899326,82.360,robot_0,-0.718,1.744
1789248801,2989077,82.360,robot_1,0.073,2.136
1789248801,3029745,82.360,robot_2,1.837,-0.954
1789248801,209628171,82.566,robot_0,-0.718,1.744
1789248801,209715364,82.567,robot_1,0.107,2.140
1789248801,209769938,82.567,robot_2,1.836,-0.955
1789248801,414386663,82.771,robot_0,-0.718,1.744
1789248801,414444064,82.771,robot_1,0.147,2.145
1789248801,414474462,82.771,robot_2,1.836,-0.955
1789248801,638665239,82.995,robot_0,-0.708,1.750
1789248801,638732064,82.996,robot_1,0.179,2.149
1789248801,638765125,82.996,robot_2,1.836,-0.955
1789248801,868976438,83.226,robot_0,-0.685,1.762
1789248801,869070598,83.226,robot_1,0.180,2.149
1789248801,869112335,83.226,robot_2,1.836,-0.956
1789248802,77672532,83.434,robot_0,-0.688,1.760
1789248802,77756528,83.435,robot_1,0.180,2.149
1789248802,77803332,83.435,robot_2,1.836,-0.956
1789248802,310206667,83.667,robot_0,-0.722,1.743
1789248802,310295354,83.667,robot_1,0.179,2.148
1789248802,313623170,83.670,robot_2,1.836,-0.957
1789248802,537540556,83.894,robot_0,-0.704,1.752
1789248802,537616036,83.894,robot_1,0.179,2.148
1789248802,537656931,83.894,robot_2,1.837,-0.957
1789248802,746593263,84.103,robot_0,-0.703,1.753
1789248802,746690387,84.103,robot_1,0.179,2.147
1789248802,746730751,84.104,robot_2,1.871,-0.937
1789248802,956403010,84.313,robot_0,-0.718,1.747
1789248802,956488069,84.313,robot_1,0.178,2.147
1789248802,956532274,84.313,robot_2,1.901,-0.919
1789248803,167945061,84.525,robot_0,-0.771,1.728
1789248803,168031089,84.525,robot_1,0.178,2.147
1789248803,168080547,84.525,robot_2,1.872,-0.938
1789248803,376958909,84.734,robot_0,-0.776,1.726
1789248803,377046026,84.734,robot_1,0.177,2.147
1789248803,377087754,84.734,robot_2,1.862,-0.944
1789248803,594474570,84.951,robot_0,-0.776,1.726
1789248803,594560036,84.951,robot_1,0.177,2.146
1789248803,594601156,84.951,robot_2,1.905,-0.917
1789248803,814839642,85.172,robot_0,-0.768,1.727
1789248803,814917615,85.172,robot_1,0.176,2.147
1789248803,814965721,85.172,robot_2,1.956,-0.885
1789248804,74201524,85.431,robot_0,-0.743,1.733
1789248804,74275086,85.431,robot_1,0.176,2.147
1789248804,74316764,85.431,robot_2,2.000,-0.857
1789248804,296410805,85.653,robot_0,-0.807,1.715
1789248804,296487706,85.653,robot_1,0.177,2.147
1789248804,296534354,85.653,robot_2,2.001,-0.857
1789248804,498146751,85.855,robot_0,-0.827,1.709
1789248804,498227549,85.855,robot_1,0.177,2.147
1789248804,498275132,85.855,robot_2,2.001,-0.857
1789248804,712214474,86.069,robot_0,-0.800,1.717
1789248804,712294567,86.069,robot_1,0.177,2.147
1789248804,712343941,86.069,robot_2,2.001,-0.858
1789248804,944919139,86.318,robot_0,-0.800,1.717
1789248804,961395049,86.318,robot_1,0.178,2.147
1789248804,961446444,86.318,robot_2,2.001,-0.858
1789248805,152298303,86.509,robot_0,-0.800,1.717
1789248805,152368980,86.509,robot_1,0.178,2.147
1789248805,152407022,86.509,robot_2,2.018,-0.807
1789248805,371312631,86.728,robot_0,-0.800,1.718
1789248805,371396458,86.728,robot_1,0.178,2.148
1789248805,371446027,86.728,robot_2,2.025,-0.779
1789248805,592742215,86.950,robot_0,-0.801,1.718
1789248805,592821040,86.950,robot_1,0.179,2.148
1789248805,592866223,86.950,robot_2,2.022,-0.801
1789248805,805537010,87.162,robot_0,-0.801,1.718
1789248805,805619445,87.162,robot_1,0.179,2.149
1789248805,805669110,87.162,robot_2,2.023,-0.799
1789248806,12530079,87.369,robot_0,-0.801,1.718
1789248806,12609644,87.369,robot_1,0.179,2.149
1789248806,12656399,87.369,robot_2,2.028,-0.749
1789248806,237496276,87.594,robot_0,-0.802,1.718
1789248806,237564424,87.594,robot_1,0.179,2.149
1789248806,237605338,87.594,robot_2,2.027,-0.758
1789248806,468344882,87.825,robot_0,-0.802,1.718
1789248806,468446503,87.825,robot_1,0.179,2.150
1789248806,468491822,87.825,robot_2,2.029,-0.735
1789248806,674852044,88.032,robot_0,-0.803,1.718
1789248806,681717289,88.039,robot_1,0.178,2.150
1789248806,681815958,88.039,robot_2,2.030,-0.724
1789248806,882835713,88.240,robot_0,-0.803,1.718
1789248806,882898906,88.240,robot_1,0.178,2.151
1789248806,904890448,88.262,robot_2,2.030,-0.724
1789248807,91687159,88.448,robot_0,-0.803,1.718
1789248807,91754638,88.449,robot_1,0.178,2.151
1789248807,91792343,88.449,robot_2,2.030,-0.724
1789248807,315404351,88.672,robot_0,-0.804,1.718
1789248807,315480696,88.672,robot_1,0.177,2.151
1789248807,315517771,88.672,robot_2,2.030,-0.724
1789248807,546908148,88.904,robot_0,-0.804,1.717
1789248807,546990419,88.904,robot_1,0.177,2.151
1789248807,547035812,88.904,robot_2,2.031,-0.724
1789248807,756816380,89.114,robot_0,-0.804,1.717
1789248807,756887344,89.114,robot_1,0.177,2.151
1789248807,756931666,89.114,robot_2,2.031,-0.723
1789248807,965115586,89.322,robot_0,-0.804,1.717
1789248807,965189774,89.322,robot_1,0.177,2.152
1789248807,965229173,89.322,robot_2,2.032,-0.723
1789248808,165241307,89.522,robot_0,-0.804,1.716
1789248808,165333669,89.522,robot_1,0.184,2.175
1789248808,165383762,89.522,robot_2,2.032,-0.723
1789248808,373980873,89.731,robot_0,-0.804,1.716
1789248808,374062611,89.731,robot_1,0.185,2.180
1789248808,374110622,89.731,robot_2,2.032,-0.723
1789248808,589060456,89.946,robot_0,-0.770,1.717
1789248808,589144139,89.946,robot_1,0.185,2.180
1789248808,589183074,89.946,robot_2,2.032,-0.722
1789248808,814040624,90.171,robot_0,-0.736,1.719
1789248808,814127278,90.171,robot_1,0.185,2.181
1789248808,814175236,90.171,robot_2,2.032,-0.722
1789248809,21486075,90.378,robot_0,-0.736,1.719
1789248809,21561541,90.378,robot_1,0.190,2.217
1789248809,21601516,90.383,robot_2,2.032,-0.722
1789248809,252511452,90.609,robot_0,-0.736,1.719
1789248809,252591483,90.609,robot_1,0.195,2.261
1789248809,252635853,90.609,robot_2,2.032,-0.721
1789248809,457022919,90.814,robot_0,-0.762,1.718
1789248809,457107719,90.814,robot_1,0.200,2.292
1789248809,457159434,90.814,robot_2,2.032,-0.721
1789248809,672911131,91.030,robot_0,-0.764,1.718
1789248809,672992552,91.030,robot_1,0.201,2.300
1789248809,673035709,91.030,robot_2,2.032,-0.720
1789248809,896172061,91.253,robot_0,-0.764,1.718
1789248809,896255265,91.253,robot_1,0.200,2.300
1789248809,896301871,91.253,robot_2,2.032,-0.720
1789248810,110862918,91.468,robot_0,-0.763,1.719
1789248810,110953589,91.468,robot_1,0.200,2.300
1789248810,111007315,91.468,robot_2,2.032,-0.720
1789248810,325478305,91.682,robot_0,-0.763,1.719
1789248810,325551902,91.682,robot_1,0.199,2.299
1789248810,325597137,91.682,robot_2,2.031,-0.719
1789248810,525500896,91.882,robot_0,-0.763,1.719
1789248810,525588201,91.882,robot_1,0.199,2.299
1789248810,525640216,91.882,robot_2,2.031,-0.719
1789248810,745914890,92.108,robot_0,-0.774,1.728
1789248810,750992672,92.108,robot_1,0.199,2.299
1789248810,751057668,92.108,robot_2,2.043,-0.700
1789248810,949815462,92.307,robot_0,-0.805,1.754
1789248810,949878360,92.307,robot_1,0.198,2.298
1789248810,949912252,92.312,robot_2,2.053,-0.683
1789248811,158417622,92.515,robot_0,-0.828,1.773
1789248811,158497624,92.515,robot_1,0.198,2.298
1789248811,158542857,92.515,robot_2,2.046,-0.694
1789248811,378672858,92.735,robot_0,-0.842,1.784
1789248811,378751729,92.736,robot_1,0.198,2.298
1789248811,378796433,92.736,robot_2,2.030,-0.715
1789248811,611371088,92.968,robot_0,-0.841,1.784
1789248811,611460349,92.968,robot_1,0.198,2.297
1789248811,611511238,92.968,robot_2,2.050,-0.688
1789248811,815034695,93.172,robot_0,-0.841,1.784
1789248811,815116475,93.172,robot_1,0.198,2.297
1789248811,815163401,93.172,robot_2,2.072,-0.659
1789248812,20824472,93.378,robot_0,-0.840,1.784
1789248812,20893835,93.378,robot_1,0.226,2.300
1789248812,20935637,93.378,robot_2,2.087,-0.639
1789248812,221356506,93.578,robot_0,-0.840,1.784
1789248812,221435958,93.578,robot_1,0.254,2.303
1789248812,221485035,93.578,robot_2,2.077,-0.653
1789248812,451939623,93.809,robot_0,-0.839,1.784
1789248812,452010577,93.809,robot_1,0.225,2.301
1789248812,452049288,93.809,robot_2,2.100,-0.626
1789248812,658305397,94.015,robot_0,-0.839,1.784
1789248812,658392954,94.015,robot_1,0.189,2.298
1789248812,658444682,94.015,robot_2,2.084,-0.644
1789248812,878014928,94.235,robot_0,-0.838,1.784
1789248812,878085626,94.235,robot_1,0.182,2.298
1789248812,878130179,94.235,robot_2,2.069,-0.659
1789248813,78319733,94.435,robot_0,-0.838,1.784
1789248813,78391552,94.435,robot_1,0.182,2.298
1789248813,78430844,94.435,robot_2,2.069,-0.659
1789248813,281197139,94.638,robot_0,-0.838,1.783
1789248813,281277044,94.638,robot_1,0.182,2.297
1789248813,281314589,94.638,robot_2,2.069,-0.659
1789248813,507348981,94.864,robot_0,-0.837,1.783
1789248813,507430102,94.864,robot_1,0.182,2.297
1789248813,507477274,94.864,robot_2,2.068,-0.659
1789248813,719097555,95.076,robot_0,-0.837,1.783
1789248813,719179998,95.076,robot_1,0.182,2.296
1789248813,719227850,95.076,robot_2,2.068,-0.659
1789248813,922223345,95.279,robot_0,-0.837,1.782
1789248813,922298061,95.279,robot_1,0.183,2.296
1789248813,922337270,95.279,robot_2,2.068,-0.659
1789248814,127466150,95.484,robot_0,-0.837,1.782
1789248814,127546301,95.484,robot_1,0.183,2.296
1789248814,127590763,95.484,robot_2,2.067,-0.659
1789248814,341461821,95.698,robot_0,-0.837,1.783
1789248814,341539127,95.698,robot_1,0.183,2.296
1789248814,341585080,95.698,robot_2,2.067,-0.659
1789248814,544983911,95.902,robot_0,-0.838,1.783
1789248814,545062509,95.902,robot_1,0.184,2.296
1789248814,545105031,95.902,robot_2,2.066,-0.659
1789248814,751390145,96.108,robot_0,-0.838,1.783
1789248814,751475332,96.108,robot_1,0.184,2.296
1789248814,751519665,96.108,robot_2,2.066,-0.659
1789248814,959372428,96.316,robot_0,-0.838,1.784
1789248814,959457403,96.316,robot_1,0.185,2.296
1789248814,959504307,96.316,robot_2,2.066,-0.659
1789248815,160113086,96.517,robot_0,-0.839,1.784
1789248815,160197110,96.517,robot_1,0.185,2.296
1789248815,160235697,96.517,robot_2,2.065,-0.660
1789248815,385338877,96.742,robot_0,-0.839,1.784
1789248815,385412166,96.742,robot_1,0.186,2.296
1789248815,385455106,96.742,robot_2,2.065,-0.660
1789248815,591713012,96.949,robot_0,-0.840,1.784
1789248815,591790169,96.949,robot_1,0.186,2.297
1789248815,591832635,96.949,robot_2,2.065,-0.661
1789248815,817017719,97.174,robot_0,-0.840,1.784
1789248815,817089603,97.174,robot_1,0.186,2.297
1789248815,817126310,97.174,robot_2,2.065,-0.661
1789248816,27039954,97.384,robot_0,-0.840,1.783
1789248816,27125852,97.384,robot_1,0.186,2.297
1789248816,27177227,97.384,robot_2,2.065,-0.661
1789248816,244163346,97.601,robot_0,-0.841,1.783
1789248816,244246341,97.601,robot_1,0.186,2.298
1789248816,244295277,97.601,robot_2,2.065,-0.662
1789248816,484454464,97.841,robot_0,-0.841,1.783
1789248816,484544249,97.841,robot_1,0.187,2.298
1789248816,484599885,97.841,robot_2,2.065,-0.662
1789248816,711300288,98.068,robot_0,-0.841,1.782
1789248816,711391877,98.068,robot_1,0.207,2.298
1789248816,711439798,98.068,robot_2,2.087,-0.650
1789248816,903959138,98.261,robot_0,-0.841,1.782
1789248816,904032360,98.261,robot_1,0.241,2.298
1789248816,904080191,98.261,robot_2,2.122,-0.629
1789248817,113976287,98.471,robot_0,-0.842,1.782
1789248817,114054875,98.471,robot_1,0.242,2.298
1789248817,114102720,98.471,robot_2,2.122,-0.629
1789248817,318816704,98.676,robot_0,-0.842,1.781
1789248817,318895702,98.676,robot_1,0.242,2.298
1789248817,318958171,98.676,robot_2,2.112,-0.639
1789248817,538500693,98.895,robot_0,-0.842,1.781
1789248817,538581220,98.895,robot_1,0.242,2.298
1789248817,538626208,98.895,robot_2,2.095,-0.655
1789248817,750076253,99.107,robot_0,-0.842,1.781
1789248817,750153352,99.107,robot_1,0.261,2.297
1789248817,750193897,99.107,robot_2,2.084,-0.668
1789248817,960134798,99.317,robot_0,-0.800,1.776
1789248817,960213374,99.317,robot_1,0.289,2.295
1789248817,960252799,99.317,robot_2,2.062,-0.695
1789248818,176954921,99.534,robot_0,-0.786,1.774
1789248818,177046740,99.534,robot_1,0.289,2.295
1789248818,177092445,99.534,robot_2,2.062,-0.695
1789248818,400294499,99.757,robot_0,-0.742,1.772
1789248818,400373437,99.757,robot_1,0.289,2.295
1789248818,400415922,99.757,robot_2,2.073,-0.683
1789248818,620008580,99.977,robot_0,-0.752,1.772
1789248818,620085867,99.977,robot_1,0.291,2.294
1789248818,620127316,99.977,robot_2,2.118,-0.639
1789248818,829751103,100.187,robot_0,-0.719,1.769
1789248818,829836207,100.187,robot_1,0.319,2.284
1789248818,829890225,100.187,robot_2,2.128,-0.629
1789248819,35642912,100.392,robot_0,-0.732,1.772
1789248819,35728911,100.393,robot_1,0.319,2.284
1789248819,35780896,100.393,robot_2,2.128,-0.630
1789248819,249802780,100.607,robot_0,-0.752,1.776
1789248819,249882717,100.607,robot_1,0.319,2.284
1789248819,249933503,100.607,robot_2,2.128,-0.630
1789248819,461364010,100.818,robot_0,-0.718,1.770
1789248819,461442077,100.818,robot_1,0.319,2.285
1789248819,461484792,100.818,robot_2,2.128,-0.630
1789248819,679706468,101.037,robot_0,-0.711,1.769
1789248819,679813274,101.037,robot_1,0.319,2.285
1789248819,679860478,101.037,robot_2,2.129,-0.630
1789248819,880723365,101.238,robot_0,-0.710,1.769
1789248819,880799613,101.238,robot_1,0.319,2.285
1789248819,880838008,101.238,robot_2,2.129,-0.630
1789248820,106342352,101.463,robot_0,-0.710,1.769
1789248820,106413645,101.463,robot_1,0.319,2.286
1789248820,106454439,101.463,robot_2,2.130,-0.630
1789248820,334641711,101.691,robot_0,-0.710,1.769
1789248820,334719148,101.692,robot_1,0.318,2.286
1789248820,334767453,101.692,robot_2,2.130,-0.630
1789248820,549883497,101.907,robot_0,-0.710,1.769
1789248820,552017457,101.909,robot_1,0.318,2.286
1789248820,552101405,101.909,robot_2,2.130,-0.630
1789248820,760764850,102.118,robot_0,-0.710,1.769
1789248820,760845880,102.118,robot_1,0.318,2.287
1789248820,760886207,102.118,robot_2,2.131,-0.629
1789248820,986716350,102.354,robot_0,-0.710,1.768
1789248820,996861658,102.354,robot_1,0.317,2.287
1789248820,996944366,102.354,robot_2,2.131,-0.629
1789248821,199510996,102.556,robot_0,-0.710,1.768
1789248821,199587227,102.556,robot_1,0.317,2.287
1789248821,199625304,102.556,robot_2,2.131,-0.629
1789248821,420194107,102.777,robot_0,-0.710,1.768
1789248821,420256989,102.777,robot_1,0.317,2.287
1789248821,420289207,102.777,robot_2,2.131,-0.628
1789248821,629884778,102.987,robot_0,-0.710,1.767
1789248821,629967029,102.987,robot_1,0.316,2.287
1789248821,630009718,102.987,robot_2,2.132,-0.628
1789248821,864300645,103.221,robot_0,-0.710,1.767
1789248821,864374354,103.221,robot_1,0.316,2.287
1789248821,864413753,103.221,robot_2,2.132,-0.628
1789248822,82055309,103.439,robot_0,-0.710,1.767
1789248822,82132226,103.439,robot_1,0.315,2.287
1789248822,82173291,103.439,robot_2,2.132,-0.627
1789248822,293958959,103.651,robot_0,-0.709,1.766
1789248822,294040258,103.651,robot_1,0.315,2.286
1789248822,294088318,103.651,robot_2,2.131,-0.627
1789248822,513446272,103.870,robot_0,-0.709,1.766
1789248822,513522731,103.870,robot_1,0.315,2.286
1789248822,513565017,103.870,robot_2,2.131,-0.626
1789248822,737208820,104.094,robot_0,-0.708,1.766
1789248822,737284564,104.094,robot_1,0.314,2.286
1789248822,737324031,104.094,robot_2,2.127,-0.629
1789248822,938816517,104.296,robot_0,-0.708,1.766
1789248822,938892920,104.296,robot_1,0.314,2.285
1789248822,938940601,104.296,robot_2,2.086,-0.657
1789248823,161690349,104.518,robot_0,-0.708,1.766
1789248823,161763930,104.519,robot_1,0.314,2.285
1789248823,161805343,104.519,robot_2,2.058,-0.677
1789248823,362976147,104.720,robot_0,-0.707,1.766
1789248823,363054281,104.720,robot_1,0.290,2.296
1789248823,363097768,104.720,robot_2,2.055,-0.680
1789248823,580098469,104.937,robot_0,-0.707,1.766
1789248823,580235193,104.937,robot_1,0.271,2.305
1789248823,580281845,104.937,robot_2,2.081,-0.659
1789248823,789977004,105.147,robot_0,-0.707,1.766
1789248823,790053911,105.147,robot_1,0.303,2.289
1789248823,790092338,105.147,robot_2,2.076,-0.663
1789248824,19171342,105.376,robot_0,-0.706,1.767
1789248824,19250973,105.376,robot_1,0.308,2.287
1789248824,19296645,105.376,robot_2,2.020,-0.699
1789248824,248299830,105.605,robot_0,-0.720,1.779
1789248824,248383746,105.605,robot_1,0.308,2.287
1789248824,248434046,105.605,robot_2,1.967,-0.733
1789248824,454556276,105.811,robot_0,-0.746,1.798
1789248824,454629909,105.811,robot_1,0.321,2.274
1789248824,454676533,105.811,robot_2,1.930,-0.756
1789248824,656851492,106.014,robot_0,-0.748,1.800
1789248824,656928884,106.014,robot_1,0.327,2.269
1789248824,656965955,106.014,robot_2,1.897,-0.778
1789248824,856860504,106.214,robot_0,-0.746,1.798
1789248824,856947235,106.214,robot_1,0.327,2.269
1789248824,856992576,106.214,robot_2,1.891,-0.781
1789248825,70976241,106.428,robot_0,-0.722,1.770
1789248825,71072310,106.428,robot_1,0.300,2.292
1789248825,71908940,106.429,robot_2,1.891,-0.781
1789248825,287226250,106.644,robot_0,-0.722,1.770
1789248825,287307167,106.644,robot_1,0.271,2.319
1789248825,287351814,106.644,robot_2,1.890,-0.781
1789248825,502060861,106.859,robot_0,-0.722,1.770
1789248825,502143707,106.859,robot_1,0.245,2.341
1789248825,502185030,106.859,robot_2,1.890,-0.781
1789248825,704601652,107.061,robot_0,-0.717,1.758
1789248825,704675137,107.061,robot_1,0.215,2.368
1789248825,704708939,107.061,robot_2,1.890,-0.781
1789248825,935320369,107.292,robot_0,-0.696,1.714
1789248825,935407211,107.292,robot_1,0.195,2.386
1789248825,935450524,107.292,robot_2,1.889,-0.781
1789248826,136647065,107.493,robot_0,-0.679,1.678
1789248826,136719471,107.494,robot_1,0.195,2.386
1789248826,140709542,107.498,robot_2,1.889,-0.781
1789248826,336860647,107.694,robot_0,-0.662,1.643
1789248826,336941278,107.694,robot_1,0.195,2.386
1789248826,336978689,107.694,robot_2,1.888,-0.781
1789248826,542109261,107.899,robot_0,-0.662,1.641
1789248826,542193174,107.899,robot_1,0.195,2.385
1789248826,542237159,107.899,robot_2,1.888,-0.781
1789248826,755507369,108.112,robot_0,-0.661,1.641
1789248826,755593221,108.112,robot_1,0.195,2.385
1789248826,755638875,108.112,robot_2,1.888,-0.781
1789248826,979104704,108.336,robot_0,-0.661,1.642
1789248826,979192577,108.336,robot_1,0.195,2.384
1789248826,979232223,108.336,robot_2,1.887,-0.781
1789248827,179412536,108.536,robot_0,-0.661,1.642
1789248827,179485694,108.536,robot_1,0.195,2.384
1789248827,179523509,108.536,robot_2,1.887,-0.781
1789248827,409190717,108.766,robot_0,-0.661,1.642
1789248827,409269554,108.766,robot_1,0.195,2.383
1789248827,409303467,108.766,robot_2,1.887,-0.782
1789248827,626583226,108.983,robot_0,-0.661,1.643
1789248827,626653485,108.983,robot_1,0.196,2.383
1789248827,626685990,108.983,robot_2,1.887,-0.782
1789248827,831986409,109.189,robot_0,-0.661,1.643
1789248827,832063488,109.189,robot_1,0.196,2.383
1789248827,832100978,109.189,robot_2,1.886,-0.783
1789248828,45777990,109.403,robot_0,-0.661,1.644
1789248828,45857957,109.403,robot_1,0.196,2.383
1789248828,45901676,109.403,robot_2,1.886,-0.783
1789248828,267443300,109.624,robot_0,-0.661,1.644
1789248828,267525689,109.624,robot_1,0.197,2.383
1789248828,267570591,109.624,robot_2,1.886,-0.783
1789248828,500058250,109.857,robot_0,-0.661,1.645
1789248828,500138162,109.857,robot_1,0.197,2.382
1789248828,500182707,109.857,robot_2,1.887,-0.784
1789248828,712667001,110.069,robot_0,-0.661,1.645
1789248828,712754944,110.070,robot_1,0.197,2.382
1789248828,712798651,110.070,robot_2,1.887,-0.784
1789248828,931479130,110.288,robot_0,-0.634,1.674
1789248828,931550129,110.288,robot_1,0.198,2.382
1789248828,931586677,110.288,robot_2,1.937,-0.762
1789248829,138497612,110.495,robot_0,-0.600,1.711
1789248829,138566996,110.495,robot_1,0.198,2.383
1789248829,138601672,110.495,robot_2,1.978,-0.743
1789248829,344063164,110.701,robot_0,-0.588,1.723
1789248829,344133846,110.701,robot_1,0.199,2.383
1789248829,344175512,110.701,robot_2,1.957,-0.752
1789248829,564339828,110.921,robot_0,-0.619,1.689
1789248829,564416761,110.921,robot_1,0.199,2.383
1789248829,564458272,110.921,robot_2,1.987,-0.739
1789248829,769027755,111.126,robot_0,-0.617,1.692
1789248829,769100143,111.126,robot_1,0.199,2.383
1789248829,769133322,111.126,robot_2,2.013,-0.727
1789248829,985000898,111.342,robot_0,-0.614,1.695
1789248829,985082667,111.342,robot_1,0.199,2.384
1789248829,985126865,111.342,robot_2,1.983,-0.741
1789248830,198232822,111.555,robot_0,-0.651,1.653
1789248830,198304217,111.555,robot_1,0.200,2.384
1789248830,198339283,111.555,robot_2,1.943,-0.759
1789248830,398974088,111.756,robot_0,-0.662,1.641
1789248830,399053737,111.756,robot_1,0.200,2.384
1789248830,399098789,111.756,robot_2,1.936,-0.762
1789248830,612277799,111.969,robot_0,-0.682,1.612
1789248830,612348661,111.969,robot_1,0.200,2.385
1789248830,612385405,111.969,robot_2,1.936,-0.762
1789248830,816483381,112.173,robot_0,-0.700,1.578
1789248830,816545912,112.173,robot_1,0.200,2.385
1789248830,816577391,112.173,robot_2,1.936,-0.761
1789248831,40676573,112.397,robot_0,-0.713,1.532
1789248831,40742960,112.398,robot_1,0.200,2.386
1789248831,40797127,112.398,robot_2,1.936,-0.761
1789248831,249997294,112.607,robot_0,-0.721,1.488
1789248831,250083354,112.607,robot_1,0.199,2.386
1789248831,250139471,112.607,robot_2,1.936,-0.760
1789248831,457545913,112.814,robot_0,-0.723,1.468
1789248831,457617896,112.814,robot_1,0.199,2.386
1789248831,457656635,112.814,robot_2,1.937,-0.760
1789248831,674834393,113.032,robot_0,-0.722,1.499
1789248831,674910029,113.032,robot_1,0.199,2.387
1789248831,674966805,113.032,robot_2,1.937,-0.759
1789248831,887043118,113.244,robot_0,-0.721,1.532
1789248831,887122138,113.244,robot_1,0.198,2.387
1789248831,887165378,113.244,robot_2,1.938,-0.759
1789248832,93639808,113.450,robot_0,-0.721,1.501
1789248832,93699153,113.450,robot_1,0.198,2.387
1789248832,93733120,113.451,robot_2,1.938,-0.758
1789248832,307251901,113.664,robot_0,-0.722,1.453
1789248832,308217769,113.665,robot_1,0.198,2.387
1789248832,308307379,113.665,robot_2,1.938,-0.758
1789248832,518062211,113.875,robot_0,-0.722,1.466
1789248832,518133751,113.875,robot_1,0.198,2.387
1789248832,518168490,113.875,robot_2,1.939,-0.758
1789248832,721048685,114.078,robot_0,-0.724,1.512
1789248832,721119223,114.078,robot_1,0.171,2.336
1789248832,721155515,114.078,robot_2,1.939,-0.758
1789248832,929422402,114.286,robot_0,-0.725,1.541
1789248832,929497418,114.286,robot_1,0.153,2.303
1789248832,929547642,114.286,robot_2,1.938,-0.759
1789248833,173539168,114.530,robot_0,-0.725,1.541
1789248833,173616797,114.530,robot_1,0.130,2.259
1789248833,173670139,114.530,robot_2,1.938,-0.759
1789248833,391477915,114.748,robot_0,-0.725,1.541
1789248833,391546980,114.748,robot_1,0.127,2.253
1789248833,391585239,114.748,robot_2,1.938,-0.759
1789248833,609774957,114.967,robot_0,-0.725,1.541
1789248833,609849204,114.967,robot_1,0.136,2.270
1789248833,609895631,114.967,robot_2,1.937,-0.759
1789248833,840500121,115.197,robot_0,-0.725,1.541
1789248833,840567010,115.197,robot_1,0.136,2.270
1789248833,840604570,115.197,robot_2,1.937,-0.760
1789248834,50213548,115.407,robot_0,-0.725,1.541
1789248834,50278571,115.407,robot_1,0.113,2.243
1789248834,50319795,115.407,robot_2,1.937,-0.760
1789248834,257962161,115.615,robot_0,-0.725,1.541
1789248834,258033573,115.615,robot_1,0.080,2.211
1789248834,258071081,115.615,robot_2,1.937,-0.761
1789248834,463157019,115.820,robot_0,-0.726,1.540
1789248834,463235277,115.820,robot_1,0.101,2.230
1789248834,463284348,115.820,robot_2,1.937,-0.761
1789248834,684063949,116.041,robot_0,-0.726,1.540
1789248834,684143621,116.041,robot_1,0.106,2.235
1789248834,684181572,116.041,robot_2,1.937,-0.762
1789248834,888606949,116.245,robot_0,-0.726,1.540
1789248834,888679135,116.245,robot_1,0.106,2.235
1789248834,888723619,116.246,robot_2,1.937,-0.762
1789248835,107251112,116.464,robot_0,-0.727,1.539
1789248835,107328756,116.464,robot_1,0.106,2.235
1789248835,107375274,116.464,robot_2,1.938,-0.762
1789248835,322628422,116.679,robot_0,-0.727,1.539
1789248835,322706796,116.679,robot_1,0.105,2.236
1789248835,322751084,116.680,robot_2,1.938,-0.762
1789248835,546737587,116.904,robot_0,-0.727,1.539
1789248835,546840088,116.904,robot_1,0.105,2.236
1789248835,546885851,116.904,robot_2,1.938,-0.763
1789248835,781473601,117.138,robot_0,-0.727,1.538
1789248835,781545462,117.138,robot_1,0.105,2.236
1789248835,781585526,117.138,robot_2,1.939,-0.763
1789248835,994543120,117.351,robot_0,-0.727,1.538
1789248835,994612759,117.351,robot_1,0.104,2.236
1789248835,994658123,117.351,robot_2,1.939,-0.763
1789248836,195551098,117.552,robot_0,-0.726,1.537
1789248836,195621829,117.552,robot_1,0.104,2.235
1789248836,195663181,117.552,robot_2,1.940,-0.763
1789248836,397291977,117.754,robot_0,-0.726,1.537
1789248836,397367483,117.754,robot_1,0.103,2.235
1789248836,397405431,117.754,robot_2,1.938,-0.735
1789248836,597837953,117.955,robot_0,-0.726,1.537
1789248836,597915741,117.956,robot_1,0.103,2.235
1789248836,599550125,117.956,robot_2,1.935,-0.700
1789248836,817933803,118.175,robot_0,-0.726,1.537
1789248836,818009504,118.175,robot_1,0.103,2.235
1789248836,818049600,118.175,robot_2,1.935,-0.700
1789248837,29623154,118.386,robot_0,-0.725,1.536
1789248837,29691205,118.386,robot_1,0.103,2.234
1789248837,29733485,118.387,robot_2,1.934,-0.660
1789248837,238846356,118.596,robot_0,-0.725,1.536
1789248837,252351164,118.609,robot_1,0.102,2.234
1789248837,252723449,118.610,robot_2,1.931,-0.594
1789248837,445637880,118.802,robot_0,-0.721,1.549
1789248837,445704355,118.802,robot_1,0.102,2.234
1789248837,445748621,118.803,robot_2,1.928,-0.537
1789248837,654420148,119.011,robot_0,-0.707,1.597
1789248837,654495187,119.011,robot_1,0.102,2.233
1789248837,654544312,119.011,robot_2,1.926,-0.486
1789248837,862200982,119.219,robot_0,-0.708,1.595
1789248837,862267793,119.219,robot_1,0.102,2.233
1789248837,862307585,119.219,robot_2,1.926,-0.480
1789248838,63477509,119.420,robot_0,-0.718,1.558
1789248838,63555359,119.420,robot_1,0.102,2.232
1789248838,63594677,119.420,robot_2,1.927,-0.517
1789248838,288623413,119.645,robot_0,-0.729,1.520
1789248838,288698929,119.645,robot_1,0.103,2.232
1789248838,288746892,119.646,robot_2,1.929,-0.550
1789248838,514132519,119.871,robot_0,-0.731,1.515
1789248838,514202931,119.871,robot_1,0.106,2.234
1789248838,514242581,119.871,robot_2,1.927,-0.514
1789248838,724745001,120.082,robot_0,-0.731,1.515
1789248838,724813978,120.082,robot_1,0.135,2.249
1789248838,724853457,120.082,robot_2,1.927,-0.502
1789248838,936466165,120.293,robot_0,-0.732,1.515
1789248838,936534862,120.293,robot_1,0.172,2.265
1789248838,936576240,120.293,robot_2,1.927,-0.501
1789248839,148002686,120.505,robot_0,-0.732,1.516
1789248839,148069753,120.505,robot_1,0.205,2.275
1789248839,148105262,120.506,robot_2,1.916,-0.465
1789248839,353871040,120.711,robot_0,-0.732,1.516
1789248839,353949278,120.711,robot_1,0.252,2.282
1789248839,353993980,120.711,robot_2,1.907,-0.438
1789248839,575469401,120.932,robot_0,-0.732,1.517
1789248839,575538991,120.932,robot_1,0.268,2.284
1789248839,575581779,120.932,robot_2,1.919,-0.468
1789248839,788410069,121.145,robot_0,-0.733,1.517
1789248839,788489102,121.145,robot_1,0.269,2.284
1789248839,788536012,121.145,robot_2,1.919,-0.468
1789248840,4639000,121.361,robot_0,-0.732,1.518
1789248840,4733829,121.362,robot_1,0.319,2.292
1789248840,4785329,121.362,robot_2,1.919,-0.468
1789248840,209668542,121.566,robot_0,-0.732,1.518
1789248840,209741764,121.567,robot_1,0.326,2.294
1789248840,209787169,121.567,robot_2,1.919,-0.468
1789248840,423660607,121.780,robot_0,-0.721,1.514
1789248840,423731023,121.781,robot_1,0.355,2.296
1789248840,423775547,121.781,robot_2,1.919,-0.468
1789248840,634188821,121.991,robot_0,-0.683,1.500
1789248840,634265128,121.991,robot_1,0.356,2.297
1789248840,634308252,121.991,robot_2,1.920,-0.467
1789248840,850166031,122.207,robot_0,-0.680,1.499
1789248840,850237219,122.207,robot_1,0.356,2.297
1789248840,850287834,122.207,robot_2,1.920,-0.467
1789248841,64157754,122.421,robot_0,-0.680,1.498
1789248841,64228520,122.421,robot_1,0.356,2.297
1789248841,64268640,122.421,robot_2,1.920,-0.467
1789248841,269641143,122.626,robot_0,-0.680,1.498
1789248841,269710169,122.626,robot_1,0.356,2.298
1789248841,269748219,122.627,robot_2,1.920,-0.466
1789248841,477028634,122.834,robot_0,-0.680,1.498
1789248841,477100387,122.834,robot_1,0.356,2.298
1789248841,477147507,122.834,robot_2,1.920,-0.466
1789248841,687256054,123.044,robot_0,-0.680,1.497
1789248841,687324121,123.044,robot_1,0.356,2.297
1789248841,687363066,123.044,robot_2,1.920,-0.465
1789248841,907211634,123.264,robot_0,-0.680,1.497
1789248841,907279108,123.264,robot_1,0.356,2.297
1789248841,907321653,123.264,robot_2,1.920,-0.465
1789248842,111451254,123.468,robot_0,-0.680,1.496
1789248842,111526552,123.468,robot_1,0.356,2.297
1789248842,111576164,123.468,robot_2,1.920,-0.465
1789248842,315057427,123.672,robot_0,-0.680,1.496
1789248842,315125273,123.672,robot_1,0.356,2.296
1789248842,315165504,123.672,robot_2,1.920,-0.464
1789248842,530227022,123.887,robot_0,-0.679,1.496
1789248842,530307338,123.887,robot_1,0.357,2.296
1789248842,530357665,123.887,robot_2,1.919,-0.464
1789248842,745051450,124.102,robot_0,-0.679,1.496
1789248842,745117946,124.102,robot_1,0.357,2.295
1789248842,745157061,124.102,robot_2,1.919,-0.464
1789248842,960171500,124.317,robot_0,-0.678,1.496
1789248842,960243067,124.317,robot_1,0.357,2.295
1789248842,960286357,124.317,robot_2,1.918,-0.464
1789248843,182854717,124.540,robot_0,-0.678,1.496
1789248843,186528729,124.543,robot_1,0.358,2.295
1789248843,186630170,124.543,robot_2,1.918,-0.464
1789248843,399197007,124.756,robot_0,-0.678,1.496
1789248843,399267198,124.756,robot_1,0.358,2.295
1789248843,399308622,124.756,robot_2,1.918,-0.464
1789248843,605675228,124.962,robot_0,-0.677,1.496
1789248843,605753070,124.963,robot_1,0.358,2.295
1789248843,605801273,124.963,robot_2,1.919,-0.482
1789248843,824036168,125.181,robot_0,-0.677,1.496
1789248843,824125026,125.181,robot_1,0.359,2.295
1789248843,824176534,125.181,robot_2,1.926,-0.529
1789248844,41326342,125.398,robot_0,-0.676,1.496
1789248844,41408733,125.398,robot_1,0.359,2.295
1789248844,41460675,125.398,robot_2,1.934,-0.598
1789248844,269062072,125.626,robot_0,-0.676,1.497
1789248844,269244402,125.626,robot_1,0.360,2.295
1789248844,269290923,125.626,robot_2,1.934,-0.605
1789248844,479343246,125.836,robot_0,-0.678,1.498
1789248844,479422585,125.836,robot_1,0.360,2.295
1789248844,479465114,125.836,robot_2,1.936,-0.627
1789248844,686681696,126.043,robot_0,-0.705,1.516
1789248844,687968501,126.045,robot_1,0.360,2.295
1789248844,688033407,126.045,robot_2,1.940,-0.676
1789248844,893093021,126.250,robot_0,-0.706,1.517
1789248844,893163160,126.250,robot_1,0.373,2.285
1789248844,893197185,126.250,robot_2,1.941,-0.680
1789248845,108605751,126.465,robot_0,-0.722,1.528
1789248845,108673997,126.465,robot_1,0.392,2.270
1789248845,108711518,126.465,robot_2,1.941,-0.680
1789248845,318083845,126.675,robot_0,-0.761,1.556
1789248845,318150534,126.675,robot_1,0.417,2.250
1789248845,318183967,126.675,robot_2,1.937,-0.703
1789248845,521037383,126.878,robot_0,-0.805,1.587
1789248845,521111310,126.878,robot_1,0.435,2.235
1789248845,521146824,126.878,robot_2,1.932,-0.720
1789248845,733714974,127.091,robot_0,-0.831,1.605
1789248845,733788517,127.091,robot_1,0.462,2.213
1789248845,733820268,127.091,robot_2,1.917,-0.754
1789248845,941298001,127.298,robot_0,-0.813,1.592
1789248845,941370562,127.298,robot_1,0.462,2.213
1789248845,941412906,127.298,robot_2,1.915,-0.758
1789248846,154050359,127.511,robot_0,-0.837,1.611
1789248846,154127552,127.511,robot_1,0.462,2.213
1789248846,154171526,127.511,robot_2,1.918,-0.754
1789248846,363304824,127.720,robot_0,-0.869,1.637
1789248846,363380326,127.720,robot_1,0.462,2.213
1789248846,363419419,127.720,robot_2,1.934,-0.727
1789248846,574237206,127.931,robot_0,-0.855,1.625
1789248846,584269188,127.941,robot_1,0.462,2.213
1789248846,584358050,127.941,robot_2,1.954,-0.694
1789248846,803556210,128.160,robot_0,-0.831,1.606
1789248846,803629677,128.160,robot_1,0.462,2.213
1789248846,803664729,128.160,robot_2,1.970,-0.668
1789248847,18142590,128.375,robot_0,-0.831,1.606
1789248847,18216156,128.375,robot_1,0.429,2.233
1789248847,18255086,128.375,robot_2,1.953,-0.697
1789248847,240617022,128.597,robot_0,-0.831,1.606
1789248847,240687048,128.597,robot_1,0.449,2.222
1789248847,240724339,128.598,robot_2,1.929,-0.741
1789248847,463952344,128.821,robot_0,-0.839,1.612
1789248847,464020765,128.821,robot_1,0.472,2.208
1789248847,464055548,128.821,robot_2,1.912,-0.769
1789248847,665287336,129.022,robot_0,-0.866,1.628
1789248847,665357244,129.022,robot_1,0.472,2.208
1789248847,665392597,129.022,robot_2,1.911,-0.771
1789248847,883882812,129.241,robot_0,-0.866,1.628
1789248847,883964489,129.241,robot_1,0.472,2.208
1789248847,884000029,129.241,robot_2,1.911,-0.771
1789248848,97589826,129.454,robot_0,-0.866,1.629
1789248848,97661975,129.454,robot_1,0.472,2.208
1789248848,97695438,129.454,robot_2,1.910,-0.771
1789248848,328690284,129.685,robot_0,-0.866,1.629
1789248848,328763650,129.686,robot_1,0.472,2.208
1789248848,328801480,129.686,robot_2,1.910,-0.771
1789248848,531569121,129.888,robot_0,-0.866,1.630
1789248848,531636007,129.888,robot_1,0.472,2.208
1789248848,531673209,129.888,robot_2,1.909,-0.771
1789248848,766549559,130.123,robot_0,-0.866,1.630
1789248848,774872172,130.132,robot_1,0.472,2.208
1789248848,774981515,130.132,robot_2,1.909,-0.771
1789248848,982253068,130.339,robot_0,-0.866,1.630
1789248848,982327230,130.339,robot_1,0.472,2.209
1789248848,982367095,130.339,robot_2,1.908,-0.771
1789248849,210047376,130.567,robot_0,-0.867,1.631
1789248849,210114593,130.567,robot_1,0.472,2.209
1789248849,210145533,130.567,robot_2,1.908,-0.771
1789248849,425318002,130.782,robot_0,-0.867,1.631
1789248849,425394601,130.782,robot_1,0.472,2.210
1789248849,425430895,130.782,robot_2,1.908,-0.772
1789248849,654232723,131.011,robot_0,-0.867,1.631
1789248849,654314109,131.011,robot_1,0.472,2.210
1789248849,654356729,131.011,robot_2,1.908,-0.772
1789248849,869252934,131.226,robot_0,-0.868,1.631
1789248849,869340436,131.226,robot_1,0.472,2.210
1789248849,869385007,131.226,robot_2,1.907,-0.772
1789248850,68566319,131.425,robot_0,-0.868,1.631
1789248850,68642090,131.425,robot_1,0.472,2.211
1789248850,68681889,131.425,robot_2,1.907,-0.773
1789248850,284617377,131.641,robot_0,-0.868,1.631
1789248850,284687234,131.641,robot_1,0.472,2.211
1789248850,284722327,131.642,robot_2,1.907,-0.773
1789248850,513772429,131.871,robot_0,-0.869,1.631
1789248850,513845219,131.871,robot_1,0.471,2.212
1789248850,513883729,131.871,robot_2,1.907,-0.774
1789248850,730850437,132.088,robot_0,-0.869,1.631
1789248850,730929721,132.088,robot_1,0.471,2.212
1789248850,730963806,132.088,robot_2,1.907,-0.774
1789248850,957939028,132.315,robot_0,-0.870,1.631
1789248850,958014774,132.315,robot_1,0.470,2.212
1789248850,958051607,132.315,robot_2,1.907,-0.774
1789248851,179246574,132.536,robot_0,-0.870,1.631
1789248851,179314322,132.536,robot_1,0.470,2.212
1789248851,179350776,132.536,robot_2,1.907,-0.775
1789248851,384034470,132.741,robot_0,-0.870,1.630
1789248851,384116155,132.741,robot_1,0.470,2.212
1789248851,384160049,132.741,robot_2,1.908,-0.775
1789248851,600561785,132.957,robot_0,-0.870,1.630
1789248851,600642065,132.957,robot_1,0.469,2.212
1789248851,600677113,132.957,robot_2,1.908,-0.775
1789248851,828564967,133.185,robot_0,-0.876,1.632
1789248851,828636607,133.185,robot_1,0.480,2.163
1789248851,828677062,133.185,robot_2,1.899,-0.782
1789248852,38892442,133.396,robot_0,-0.915,1.642
1789248852,38979775,133.396,robot_1,0.489,2.120
1789248852,39017109,133.396,robot_2,1.870,-0.805
1789248852,240392473,133.597,robot_0,-0.952,1.650
1789248852,240467340,133.597,robot_1,0.491,2.115
1789248852,240505942,133.597,robot_2,1.868,-0.806
1789248852,462438940,133.819,robot_0,-0.973,1.655
1789248852,462513403,133.819,robot_1,0.488,2.144
1789248852,462554292,133.819,robot_2,1.869,-0.806
1789248852,668381135,134.025,robot_0,-0.948,1.651
1789248852,668456654,134.025,robot_1,0.490,2.116
1789248852,668493135,134.025,robot_2,1.869,-0.807
1789248852,898721000,134.256,robot_0,-0.898,1.644
1789248852,898820285,134.256,robot_1,0.491,2.120
1789248852,898869296,134.256,robot_2,1.869,-0.807
1789248853,101659532,134.458,robot_0,-0.865,1.639
1789248853,107146888,134.464,robot_1,0.493,2.154
1789248853,107245237,134.464,robot_2,1.862,-0.824
1789248853,319410092,134.676,robot_0,-0.825,1.629
1789248853,319479798,134.676,robot_1,0.496,2.194
1789248853,319514415,134.676,robot_2,1.845,-0.862
1789248853,521782322,134.879,robot_0,-0.818,1.627
1789248853,521855459,134.879,robot_1,0.495,2.182
1789248853,521889598,134.879,robot_2,1.833,-0.889
1789248853,728610932,135.085,robot_0,-0.796,1.614
1789248853,728689345,135.085,robot_1,0.496,2.197
1789248853,728734592,135.086,robot_2,1.825,-0.907
1789248853,940301426,135.297,robot_0,-0.760,1.583
1789248853,940379802,135.297,robot_1,0.498,2.208
1789248853,940424454,135.297,robot_2,1.825,-0.907
1789248854,164103395,135.521,robot_0,-0.733,1.555
1789248854,164173695,135.521,robot_1,0.498,2.208
1789248854,164216580,135.521,robot_2,1.824,-0.907
1789248854,375489011,135.732,robot_0,-0.733,1.554
1789248854,375553963,135.732,robot_1,0.512,2.243
1789248854,375588115,135.732,robot_2,1.824,-0.906
1789248854,594500690,135.951,robot_0,-0.733,1.554
1789248854,594564360,135.951,robot_1,0.519,2.260
1789248854,594599071,135.951,robot_2,1.824,-0.906
1789248854,804375052,136.161,robot_0,-0.733,1.554
1789248854,804443292,136.161,robot_1,0.499,2.218
1789248854,804477940,136.161,robot_2,1.824,-0.905
1789248855,8287077,136.365,robot_0,-0.733,1.554
1789248855,8349537,136.365,robot_1,0.473,2.161
1789248855,8382376,136.365,robot_2,1.823,-0.905
1789248855,217126654,136.574,robot_0,-0.733,1.553
1789248855,217196626,136.574,robot_1,0.457,2.127
1789248855,217235999,136.574,robot_2,1.824,-0.904
1789248855,423879988,136.781,robot_0,-0.733,1.553
1789248855,423964991,136.781,robot_1,0.439,2.086
1789248855,424004672,136.781,robot_2,1.824,-0.904
1789248855,650602726,137.007,robot_0,-0.733,1.552
1789248855,650668673,137.007,robot_1,0.434,2.074
1789248855,650700667,137.007,robot_2,1.824,-0.903
1789248855,856503939,137.213,robot_0,-0.733,1.552
1789248855,856570269,137.213,robot_1,0.441,2.091
1789248855,856605151,137.213,robot_2,1.836,-0.913
1789248856,67205666,137.424,robot_0,-0.733,1.552
1789248856,67271405,137.424,robot_1,0.451,2.115
1789248856,67302890,137.424,robot_2,1.881,-0.952
1789248856,276770156,137.634,robot_0,-0.733,1.551
1789248856,276844599,137.634,robot_1,0.448,2.107
1789248856,276883475,137.634,robot_2,1.917,-0.984
1789248856,491413912,137.848,robot_0,-0.733,1.551
1789248856,491493823,137.848,robot_1,0.435,2.063
1789248856,491536497,137.848,robot_2,1.929,-0.996
1789248856,696647468,138.053,robot_0,-0.732,1.551
1789248856,696721486,138.054,robot_1,0.420,2.008
1789248856,696773861,138.054,robot_2,1.929,-0.996
1789248856,908639265,138.265,robot_0,-0.732,1.551
1789248856,908732622,138.266,robot_1,0.409,1.968
1789248856,908773134,138.266,robot_2,1.929,-0.997
1789248857,103159621,138.460,robot_0,-0.732,1.551
1789248857,103230917,138.460,robot_1,0.405,1.953
1789248857,103267652,138.460,robot_2,1.929,-0.997
1789248857,303532286,138.660,robot_0,-0.731,1.550
1789248857,303607731,138.660,robot_1,0.408,1.971
1789248857,303647309,138.660,robot_2,1.929,-0.997
1789248857,507165596,138.864,robot_0,-0.731,1.550
1789248857,507237025,138.864,robot_1,0.412,2.003
1789248857,507268332,138.864,robot_2,1.929,-0.998
1789248857,713378665,139.070,robot_0,-0.731,1.550
1789248857,713449334,139.070,robot_1,0.416,2.036
1789248857,713483884,139.070,robot_2,1.929,-0.998
1789248857,920838891,139.278,robot_0,-0.730,1.551
1789248857,920899917,139.278,robot_1,0.416,2.034
1789248857,940153799,139.297,robot_2,1.929,-0.998
1789248858,133186338,139.490,robot_0,-0.739,1.578
1789248858,133260390,139.490,robot_1,0.403,1.987
1789248858,133299650,139.490,robot_2,1.929,-0.999
1789248858,335619124,139.692,robot_0,-0.745,1.596
1789248858,335684728,139.692,robot_1,0.396,1.965
1789248858,335716567,139.695,robot_2,1.929,-0.999
1789248858,539779879,139.900,robot_0,-0.735,1.568
1789248858,543107668,139.900,robot_1,0.396,1.965
1789248858,543158400,139.900,robot_2,1.930,-0.999
1789248858,746002123,140.103,robot_0,-0.735,1.567
1789248858,746070275,140.103,robot_1,0.397,1.964
1789248858,746106942,140.103,robot_2,1.930,-1.000
1789248858,946541392,140.303,robot_0,-0.746,1.616
1789248858,946607592,140.303,robot_1,0.397,1.964
1789248858,946643939,140.303,robot_2,1.930,-1.000
1789248859,170467503,140.527,robot_0,-0.752,1.644
1789248859,170545750,140.527,robot_1,0.386,1.953
1789248859,170576761,140.527,robot_2,1.931,-1.000
1789248859,385549921,140.742,robot_0,-0.765,1.691
1789248859,385618751,140.742,robot_1,0.341,1.912
1789248859,385656307,140.742,robot_2,1.931,-1.000
1789248859,603184325,140.960,robot_0,-0.770,1.711
1789248859,603265622,140.960,robot_1,0.341,1.912
1789248859,603306427,140.960,robot_2,1.932,-1.000
1789248859,809049941,141.166,robot_0,-0.770,1.711
1789248859,809135076,141.166,robot_1,0.374,1.941
1789248859,809172296,141.166,robot_2,1.932,-0.999
1789248860,21758307,141.379,robot_0,-0.768,1.710
1789248860,21829478,141.379,robot_1,0.409,1.971
1789248860,21862457,141.379,robot_2,1.932,-0.999
1789248860,255406960,141.612,robot_0,-0.747,1.685
1789248860,255479592,141.612,robot_1,0.419,1.980
1789248860,255515374,141.612,robot_2,1.933,-0.999
1789248860,460712400,141.818,robot_0,-0.740,1.679
1789248860,460791015,141.818,robot_1,0.419,1.980
1789248860,460831154,141.818,robot_2,1.933,-0.999
1789248860,675871050,142.033,robot_0,-0.715,1.654
1789248860,675960780,142.033,robot_1,0.418,1.980
1789248860,676004361,142.033,robot_2,1.933,-0.999
1789248860,887128689,142.244,robot_0,-0.704,1.644
1789248860,887203199,142.244,robot_1,0.418,1.980
1789248860,887236108,142.244,robot_2,1.933,-0.999
1789248861,91034197,142.448,robot_0,-0.704,1.644
1789248861,91115964,142.448,robot_1,0.417,1.980
1789248861,91158755,142.448,robot_2,1.966,-1.023
1789248861,297329277,142.654,robot_0,-0.704,1.644
1789248861,297413208,142.654,robot_1,0.417,1.980
1789248861,297453396,142.654,robot_2,2.000,-1.047
1789248861,502565530,142.859,robot_0,-0.704,1.645
1789248861,502639138,142.859,robot_1,0.416,1.980
1789248861,502673939,142.859,robot_2,2.029,-1.068
1789248861,715527367,143.072,robot_0,-0.704,1.645
1789248861,715599241,143.072,robot_1,0.416,1.980
1789248861,715632448,143.072,robot_2,2.035,-1.073
1789248861,935734879,143.293,robot_0,-0.704,1.645
1789248861,935816621,143.293,robot_1,0.415,1.979
1789248861,935854932,143.293,robot_2,2.035,-1.072
1789248862,150681321,143.507,robot_0,-0.704,1.646
1789248862,150763911,143.508,robot_1,0.415,1.979
1789248862,150801697,143.508,robot_2,2.036,-1.072
1789248862,359914825,143.717,robot_0,-0.704,1.646
1789248862,360005785,143.717,robot_1,0.438,1.962
1789248862,360044806,143.717,robot_2,2.036,-1.072
1789248862,578522024,143.935,robot_0,-0.704,1.646
1789248862,578617721,143.935,robot_1,0.461,1.946
1789248862,578851077,143.936,robot_2,2.036,-1.071
1789248862,796111019,144.153,robot_0,-0.704,1.647
1789248862,796187436,144.153,robot_1,0.461,1.947
1789248862,796223762,144.153,robot_2,2.035,-1.071
1789248863,21606004,144.378,robot_0,-0.705,1.647
1789248863,21672994,144.378,robot_1,0.461,1.947
1789248863,21705247,144.378,robot_2,2.035,-1.070
1789248863,231862724,144.589,robot_0,-0.705,1.647
1789248863,231947424,144.589,robot_1,0.473,1.923
1789248863,231989760,144.589,robot_2,2.035,-1.070
1789248863,463501418,144.820,robot_0,-0.706,1.647
1789248863,463577410,144.820,robot_1,0.489,1.882
1789248863,463609825,144.820,robot_2,2.034,-1.069
1789248863,666654103,145.023,robot_0,-0.706,1.647
1789248863,666728927,145.024,robot_1,0.489,1.882
1789248863,666761952,145.024,robot_2,2.034,-1.069
1789248863,874498526,145.231,robot_0,-0.706,1.647
1789248863,874572889,145.231,robot_1,0.489,1.892
1789248863,874608166,145.231,robot_2,2.034,-1.069
1789248864,83663567,145.440,robot_0,-0.707,1.647
1789248864,83745847,145.441,robot_1,0.488,1.912
1789248864,83790269,145.441,robot_2,2.033,-1.069
1789248864,291315637,145.648,robot_0,-0.707,1.647
1789248864,291395427,145.648,robot_1,0.487,1.892
1789248864,291430093,145.648,robot_2,2.033,-1.069
1789248864,502295765,145.859,robot_0,-0.707,1.647
1789248864,502357414,145.859,robot_1,0.484,1.878
1789248864,502385460,145.859,robot_2,2.033,-1.069
1789248864,718592581,146.075,robot_0,-0.701,1.639
1789248864,718672528,146.075,robot_1,0.479,1.863
1789248864,718716449,146.076,robot_2,2.032,-1.069
1789248864,921365691,146.278,robot_0,-0.663,1.594
1789248864,921435962,146.278,robot_1,0.479,1.863
1789248864,921470720,146.278,robot_2,2.032,-1.069
1789248865,127899055,146.485,robot_0,-0.655,1.585
1789248865,127974038,146.485,robot_1,0.479,1.863
1789248865,128009597,146.485,robot_2,2.032,-1.070
1789248865,348201470,146.705,robot_0,-0.620,1.551
1789248865,348560916,146.705,robot_1,0.479,1.863
1789248865,353931920,146.711,robot_2,2.031,-1.070
1789248865,566119967,146.923,robot_0,-0.615,1.546
1789248865,566184071,146.923,robot_1,0.479,1.863
1789248865,566221816,146.923,robot_2,2.031,-1.070
1789248865,780184021,147.137,robot_0,-0.615,1.546
1789248865,780269292,147.137,robot_1,0.478,1.863
1789248865,780313147,147.137,robot_2,2.031,-1.071
1789248865,977928279,147.335,robot_0,-0.615,1.546
1789248865,980770426,147.338,robot_1,0.478,1.863
1789248865,980860319,147.338,robot_2,2.031,-1.071
1789248866,208055558,147.565,robot_0,-0.615,1.546
1789248866,208126625,147.565,robot_1,0.477,1.863
1789248866,208171311,147.565,robot_2,2.031,-1.071
1789248866,433024569,147.790,robot_0,-0.615,1.546
1789248866,433112038,147.790,robot_1,0.477,1.863
1789248866,433160348,147.790,robot_2,2.031,-1.072
1789248866,659659008,148.016,robot_0,-0.647,1.561
1789248866,659736090,148.017,robot_1,0.477,1.862
1789248866,659779353,148.017,robot_2,2.031,-1.072
1789248866,862300287,148.219,robot_0,-0.662,1.569
1789248866,862381036,148.219,robot_1,0.477,1.862
1789248866,862424909,148.219,robot_2,2.031,-1.072
1789248867,75277598,148.432,robot_0,-0.620,1.548
1789248867,75344299,148.432,robot_1,0.476,1.862
1789248867,75382867,148.432,robot_2,2.031,-1.073
1789248867,280889236,148.638,robot_0,-0.566,1.521
1789248867,280971100,148.638,robot_1,0.476,1.861
1789248867,281006636,148.638,robot_2,2.031,-1.073
1789248867,513071368,148.870,robot_0,-0.562,1.519
1789248867,513133672,148.870,robot_1,0.476,1.861
1789248867,513169063,148.870,robot_2,2.032,-1.074
1789248867,731319693,149.088,robot_0,-0.563,1.518
1789248867,731379680,149.088,robot_1,0.477,1.860
1789248867,731412953,149.088,robot_2,2.022,-1.088
1789248867,946690863,149.303,robot_0,-0.563,1.518
1789248867,946766160,149.304,robot_1,0.477,1.860
1789248867,946809511,149.304,robot_2,2.008,-1.108
1789248868,168097495,149.525,robot_0,-0.563,1.517
1789248868,168168379,149.525,robot_1,0.477,1.859
1789248868,168203021,149.525,robot_2,1.983,-1.145
1789248868,388495348,149.745,robot_0,-0.562,1.517
1789248868,388563067,149.745,robot_1,0.478,1.860
1789248868,388636178,149.745,robot_2,1.958,-1.181
1789248868,600615302,149.957,robot_0,-0.562,1.517
1789248868,600685165,149.957,robot_1,0.508,1.886
1789248868,600718987,149.957,robot_2,1.945,-1.200
1789248868,807037599,150.164,robot_0,-0.562,1.516
1789248868,807110052,150.164,robot_1,0.532,1.907
1789248868,807157687,150.164,robot_2,1.945,-1.200
1789248869,11693871,150.369,robot_0,-0.562,1.516
1789248869,12200414,150.369,robot_1,0.532,1.907
1789248869,12535836,150.369,robot_2,1.934,-1.219
1789248869,218544810,150.575,robot_0,-0.561,1.516
1789248869,218654489,150.575,robot_1,0.563,1.929
1789248869,218705031,150.575,robot_2,1.916,-1.252
1789248869,418889907,150.776,robot_0,-0.561,1.516
1789248869,418949557,150.776,robot_1,0.578,1.939
1789248869,418983604,150.776,robot_2,1.916,-1.252
1789248869,645435378,151.002,robot_0,-0.561,1.515
1789248869,645500713,151.002,robot_1,0.592,1.947
1789248869,645543446,151.002,robot_2,1.916,-1.252
1789248869,850912359,151.208,robot_0,-0.560,1.515
1789248869,850988115,151.208,robot_1,0.635,1.971
1789248869,851029863,151.208,robot_2,1.917,-1.252
1789248870,72808219,151.430,robot_0,-0.560,1.515
1789248870,72865292,151.430,robot_1,0.687,2.001
1789248870,72944329,151.430,robot_2,1.917,-1.252
1789248870,278418576,151.635,robot_0,-0.559,1.516
1789248870,278481397,151.635,robot_1,0.702,2.009
1789248870,278528202,151.635,robot_2,1.917,-1.252
1789248870,494190887,151.851,robot_0,-0.559,1.516
1789248870,494256062,151.851,robot_1,0.688,2.003
1789248870,494306359,151.851,robot_2,1.918,-1.252
1789248870,708217112,152.065,robot_0,-0.559,1.516
1789248870,708278606,152.065,robot_1,0.671,1.995
1789248870,708318587,152.065,robot_2,1.918,-1.252
1789248870,926223176,152.283,robot_0,-0.558,1.516
1789248870,926290901,152.283,robot_1,0.641,1.982
1789248870,926333543,152.283,robot_2,1.918,-1.252
1789248871,163710814,152.521,robot_0,-0.558,1.516
1789248871,163798410,152.521,robot_1,0.628,1.977
1789248871,163835681,152.521,robot_2,1.919,-1.251
1789248871,377258975,152.734,robot_0,-0.575,1.532
1789248871,377341243,152.734,robot_1,0.629,1.977
1789248871,377377906,152.734,robot_2,1.919,-1.251
1789248871,578913701,152.936,robot_0,-0.595,1.553
1789248871,578984997,152.936,robot_1,0.629,1.977
1789248871,579019960,152.936,robot_2,1.919,-1.251
1789248871,807849883,153.165,robot_0,-0.622,1.579
1789248871,807925739,153.165,robot_1,0.629,1.977
1789248871,807964000,153.165,robot_2,1.919,-1.250
1789248872,16845684,153.374,robot_0,-0.651,1.605
1789248872,16918702,153.374,robot_1,0.629,1.976
1789248872,16957367,153.374,robot_2,1.919,-1.250
1789248872,218095546,153.575,robot_0,-0.652,1.606
1789248872,218163209,153.575,robot_1,0.630,1.976
1789248872,218199215,153.575,robot_2,1.919,-1.250
1789248872,430914705,153.791,robot_0,-0.652,1.607
1789248872,434769224,153.792,robot_1,0.630,1.976
1789248872,434820827,153.792,robot_2,1.919,-1.249
1789248872,641775831,153.999,robot_0,-0.652,1.607
1789248872,641853943,153.999,robot_1,0.631,1.976
1789248872,641896735,153.999,robot_2,1.919,-1.249
1789248872,855639361,154.212,robot_0,-0.636,1.603
1789248872,855704312,154.212,robot_1,0.631,1.976
1789248872,855741373,154.213,robot_2,1.919,-1.248
1789248873,67294326,154.424,robot_0,-0.619,1.600
1789248873,67359905,154.424,robot_1,0.632,1.976
1789248873,67395440,154.424,robot_2,1.918,-1.248
1789248873,271390941,154.628,robot_0,-0.619,1.600
1789248873,271458646,154.628,robot_1,0.632,1.976
1789248873,271490616,154.628,robot_2,1.918,-1.248
1789248873,472483198,154.829,robot_0,-0.630,1.599
1789248873,472546940,154.829,robot_1,0.632,1.977
1789248873,472584168,154.829,robot_2,1.918,-1.248
1789248873,683952033,155.041,robot_0,-0.683,1.594
1789248873,684024734,155.041,robot_1,0.633,1.977
1789248873,684063479,155.041,robot_2,1.917,-1.248
1789248873,906077163,155.263,robot_0,-0.742,1.588
1789248873,906149278,155.263,robot_1,0.633,1.977
1789248873,906182832,155.263,robot_2,1.917,-1.247
1789248874,108120312,155.465,robot_0,-0.781,1.584
1789248874,108193156,155.465,robot_1,0.633,1.978
1789248874,108235369,155.465,robot_2,1.916,-1.256
1789248874,328811723,155.690,robot_0,-0.783,1.584
1789248874,333213386,155.690,robot_1,0.633,1.978
1789248874,333260457,155.690,robot_2,1.913,-1.315
1789248874,528841086,155.886,robot_0,-0.788,1.584
1789248874,528914120,155.886,robot_1,0.633,1.978
1789248874,528962978,155.886,robot_2,1.911,-1.369
1789248874,738724308,156.096,robot_0,-0.846,1.585
1789248874,738791454,156.096,robot_1,0.647,1.980
1789248874,738833297,156.096,robot_2,1.909,-1.405
1789248874,945562660,156.302,robot_0,-0.906,1.587
1789248874,945631942,156.302,robot_1,0.687,1.983
1789248874,945674865,156.302,robot_2,1.907,-1.442
1789248875,147111134,156.504,robot_0,-0.951,1.589
1789248875,147178800,156.504,robot_1,0.687,1.983
1789248875,147217683,156.504,robot_2,1.906,-1.456
1789248875,358298141,156.715,robot_0,-1.017,1.592
1789248875,358407465,156.715,robot_1,0.669,1.981
1789248875,358457889,156.715,robot_2,1.908,-1.416
1789248875,574649284,156.931,robot_0,-1.055,1.593
1789248875,574718918,156.932,robot_1,0.707,1.980
1789248875,574770563,156.932,robot_2,1.909,-1.395
1789248875,777148234,157.134,robot_0,-1.028,1.592
1789248875,777223268,157.134,robot_1,0.731,1.979
1789248875,777278902,157.134,robot_2,1.907,-1.413
1789248875,978427717,157.335,robot_0,-0.995,1.591
1789248875,978502723,157.335,robot_1,0.731,1.979
1789248875,978546118,157.335,robot_2,1.901,-1.455
1789248876,187429470,157.544,robot_0,-0.959,1.590
1789248876,187502982,157.544,robot_1,0.730,1.979
1789248876,187550164,157.544,robot_2,1.896,-1.485
1789248876,401369176,157.758,robot_0,-0.921,1.589
1789248876,401430861,157.758,robot_1,0.730,1.978
1789248876,401470298,157.758,robot_2,1.896,-1.486
1789248876,630186871,157.987,robot_0,-0.939,1.590
1789248876,630262986,157.987,robot_1,0.748,1.968
1789248876,630305735,157.987,robot_2,1.895,-1.486
1789248876,842037685,158.199,robot_0,-0.950,1.590
1789248876,842109324,158.199,robot_1,0.752,1.966
1789248876,842155255,158.199,robot_2,1.895,-1.486
1789248877,58370181,158.415,robot_0,-0.950,1.590
1789248877,58432643,158.415,robot_1,0.701,1.995
1789248877,58481247,158.415,robot_2,1.895,-1.486
1789248877,276823566,158.634,robot_0,-0.950,1.590
1789248877,276902627,158.634,robot_1,0.696,1.998
1789248877,276964946,158.634,robot_2,1.894,-1.486
1789248877,489803047,158.847,robot_0,-0.950,1.590
1789248877,489871729,158.847,robot_1,0.666,2.019
1789248877,489911410,158.847,robot_2,1.894,-1.486
1789248877,717794477,159.075,robot_0,-0.950,1.591
1789248877,717862233,159.075,robot_1,0.666,2.019
1789248877,717905097,159.075,robot_2,1.894,-1.487
1789248877,918667296,159.275,robot_0,-0.951,1.591
1789248877,918744242,159.276,robot_1,0.650,2.027
1789248877,918794754,159.276,robot_2,1.893,-1.487
1789248878,120566922,159.477,robot_0,-0.951,1.591
1789248878,120635277,159.477,robot_1,0.622,2.039
1789248878,120672956,159.477,robot_2,1.893,-1.487
1789248878,326628305,159.683,robot_0,-0.951,1.592
1789248878,326697673,159.683,robot_1,0.658,2.026
1789248878,326742593,159.684,robot_2,1.893,-1.488
1789248878,550616609,159.907,robot_0,-0.951,1.592
1789248878,550690318,159.907,robot_1,0.691,2.014
1789248878,550733641,159.908,robot_2,1.893,-1.488
1789248878,763591652,160.120,robot_0,-0.952,1.592
1789248878,763661465,160.120,robot_1,0.717,2.005
1789248878,763700716,160.120,robot_2,1.893,-1.489
1789248878,988450448,160.345,robot_0,-0.952,1.592
1789248878,988528581,160.345,robot_1,0.717,2.005
1789248878,988575019,160.345,robot_2,1.893,-1.489
1789248879,199246802,160.556,robot_0,-0.953,1.592
1789248879,199319630,160.556,robot_1,0.717,2.004
1789248879,199365107,160.556,robot_2,1.894,-1.489
1789248879,410723244,160.768,robot_0,-0.953,1.592
1789248879,410792469,160.768,robot_1,0.716,2.004
1789248879,410839133,160.768,robot_2,1.894,-1.490
1789248879,617327370,160.975,robot_0,-0.953,1.592
1789248879,618095017,160.975,robot_1,0.716,2.004
1789248879,618165928,160.975,robot_2,1.894,-1.490
1789248879,831220059,161.188,robot_0,-0.954,1.592
1789248879,831296377,161.188,robot_1,0.715,2.003
1789248879,831349503,161.188,robot_2,1.895,-1.490
1789248880,53386135,161.410,robot_0,-0.954,1.592
1789248880,53632384,161.410,robot_1,0.715,2.003
1789248880,53686737,161.410,robot_2,1.895,-1.490
1789248880,268799332,161.626,robot_0,-0.954,1.591
1789248880,268879140,161.626,robot_1,0.714,2.003
1789248880,270400371,161.627,robot_2,1.883,-1.525
1789248880,506781973,161.864,robot_0,-0.955,1.591
1789248880,506851826,161.864,robot_1,0.713,2.004
1789248880,506894188,161.864,robot_2,1.878,-1.538
1789248880,721162076,162.078,robot_0,-0.947,1.587
1789248880,721228094,162.078,robot_1,0.713,2.004
1789248880,721267850,162.078,robot_2,1.867,-1.561
1789248880,926080349,162.283,robot_0,-0.916,1.573
1789248880,926161395,162.283,robot_1,0.713,2.004
1789248880,926209006,162.283,robot_2,1.859,-1.579
1789248881,128391788,162.485,robot_0,-0.872,1.552
1789248881,128458073,162.485,robot_1,0.713,2.004
1789248881,128502917,162.485,robot_2,1.855,-1.588
1789248881,332987651,162.690,robot_0,-0.840,1.537
1789248881,333057279,162.690,robot_1,0.713,2.004
1789248881,333101067,162.690,robot_2,1.847,-1.612
1789248881,543019084,162.900,robot_0,-0.806,1.522
1789248881,543106274,162.900,robot_1,0.713,2.004
1789248881,543153724,162.900,robot_2,1.847,-1.610
1789248881,751166484,163.108,robot_0,-0.756,1.502
1789248881,751245989,163.108,robot_1,0.714,2.004
1789248881,751298267,163.108,robot_2,1.859,-1.564
1789248881,954203642,163.311,robot_0,-0.749,1.499
1789248881,954265069,163.311,robot_1,0.714,2.004
1789248881,954307159,163.311,robot_2,1.859,-1.564
1789248882,188210511,163.545,robot_0,-0.749,1.499
1789248882,188282067,163.545,robot_1,0.715,2.004
1789248882,188324424,163.545,robot_2,1.850,-1.609
1789248882,406998592,163.764,robot_0,-0.749,1.499
1789248882,407071695,163.764,robot_1,0.715,2.004
1789248882,407117205,163.764,robot_2,1.850,-1.609
1789248882,608200708,163.965,robot_0,-0.783,1.498
1789248882,608269246,163.965,robot_1,0.715,2.004
1789248882,608309478,163.965,robot_2,1.863,-1.548
1789248882,813131892,164.170,robot_0,-0.806,1.497
1789248882,813202866,164.170,robot_1,0.716,2.004
1789248882,813244839,164.170,robot_2,1.871,-1.507
1789248883,17016062,164.374,robot_0,-0.776,1.498
1789248883,17098867,164.374,robot_1,0.716,2.005
1789248883,17148417,164.374,robot_2,1.875,-1.487
1789248883,224625039,164.581,robot_0,-0.769,1.499
1789248883,224700476,164.581,robot_1,0.716,2.005
1789248883,224746312,164.582,robot_2,1.876,-1.487
1789248883,428894024,164.786,robot_0,-0.748,1.498
1789248883,429001467,164.786,robot_1,0.716,2.005
1789248883,429053236,164.786,robot_2,1.876,-1.487
1789248883,652729341,165.010,robot_0,-0.770,1.499
1789248883,652797542,165.010,robot_1,0.716,2.006
1789248883,652840702,165.010,robot_2,1.876,-1.487
1789248883,862713903,165.220,robot_0,-0.784,1.500
1789248883,862779961,165.220,robot_1,0.716,2.006
1789248883,862814818,165.220,robot_2,1.877,-1.487
1789248884,77398897,165.434,robot_0,-0.744,1.498
1789248884,77469419,165.434,robot_1,0.716,2.007
1789248884,77512889,165.434,robot_2,1.877,-1.487
1789248884,289299758,165.646,robot_0,-0.707,1.497
1789248884,289377053,165.646,robot_1,0.716,2.007
1789248884,289430712,165.646,robot_2,1.877,-1.487
1789248884,494616774,165.864,robot_0,-0.734,1.498
1789248884,507022933,165.864,robot_1,0.731,2.014
1789248884,507102059,165.864,robot_2,1.878,-1.486
1789248884,703515789,166.060,robot_0,-0.745,1.498
1789248884,703578414,166.060,robot_1,0.768,2.030
1789248884,703621728,166.060,robot_2,1.878,-1.486
1789248884,915570787,166.272,robot_0,-0.745,1.498
1789248884,915641924,166.272,robot_1,0.806,2.047
1789248884,915692047,166.272,robot_2,1.878,-1.485
1789248885,134453393,166.491,robot_0,-0.745,1.498
1789248885,134519822,166.491,robot_1,0.831,2.058
1789248885,134561912,166.491,robot_2,1.878,-1.485
1789248885,352058440,166.709,robot_0,-0.745,1.498
1789248885,352132308,166.709,robot_1,0.821,2.053
1789248885,352171736,166.709,robot_2,1.878,-1.484
1789248885,554595769,166.911,robot_0,-0.745,1.497
1789248885,554666511,166.911,robot_1,0.781,2.034
1789248885,554715339,166.911,robot_2,1.878,-1.484
1789248885,756019373,167.113,robot_0,-0.745,1.497
1789248885,756092076,167.113,robot_1,0.757,2.023
1789248885,756131131,167.113,robot_2,1.878,-1.484
1789248885,959746625,167.317,robot_0,-0.744,1.497
1789248885,959816576,167.317,robot_1,0.748,2.020
1789248885,959862638,167.317,robot_2,1.878,-1.483
1789248886,163148158,167.520,robot_0,-0.744,1.497
1789248886,167751021,167.525,robot_1,0.703,2.008
1789248886,167845149,167.525,robot_2,1.877,-1.483
1789248886,371900112,167.729,robot_0,-0.744,1.496
1789248886,371971695,167.736,robot_1,0.689,2.005
1789248886,379724385,167.737,robot_2,1.877,-1.483
1789248886,576153163,167.933,robot_0,-0.743,1.496
1789248886,576227194,167.933,robot_1,0.689,2.004
1789248886,576272571,167.933,robot_2,1.877,-1.483
1789248886,777722144,168.135,robot_0,-0.743,1.496
1789248886,777789056,168.135,robot_1,0.689,2.004
1789248886,777830585,168.135,robot_2,1.869,-1.500
1789248886,977992235,168.335,robot_0,-0.742,1.496
1789248886,978064704,168.335,robot_1,0.689,2.004
1789248886,978103703,168.335,robot_2,1.856,-1.534
1789248887,181844357,168.539,robot_0,-0.742,1.496
1789248887,181914850,168.539,robot_1,0.688,2.003
1789248887,181961786,168.539,robot_2,1.833,-1.586
1789248887,388420404,168.745,robot_0,-0.742,1.496
1789248887,388499814,168.745,robot_1,0.689,2.002
1789248887,388549653,168.745,robot_2,1.808,-1.643
1789248887,636906152,168.994,robot_0,-0.741,1.497
1789248887,636990158,168.994,robot_1,0.724,1.981
1789248887,637041005,168.994,robot_2,1.787,-1.689
1789248887,850219468,169.207,robot_0,-0.741,1.497
1789248887,850287546,169.207,robot_1,0.738,1.971
1789248887,850331571,169.207,robot_2,1.781,-1.704
1789248888,75244242,169.432,robot_0,-0.741,1.497
1789248888,75313457,169.432,robot_1,0.738,1.971
1789248888,75350997,169.432,robot_2,1.768,-1.744
1789248888,284436898,169.641,robot_0,-0.740,1.498
1789248888,284516031,169.641,robot_1,0.738,1.972
1789248888,284564622,169.641,robot_2,1.755,-1.776
1789248888,496001008,169.853,robot_0,-0.761,1.505
1789248888,496083869,169.853,robot_1,0.738,1.972
1789248888,496135693,169.853,robot_2,1.751,-1.786
1789248888,700582486,170.057,robot_0,-0.794,1.516
1789248888,700671433,170.057,robot_1,0.739,1.973
1789248888,700717446,170.058,robot_2,1.748,-1.790
1789248888,928010254,170.285,robot_0,-0.785,1.513
1789248888,928078873,170.285,robot_1,0.738,1.973
1789248888,928120329,170.285,robot_2,1.722,-1.814
1789248889,136147440,170.493,robot_0,-0.755,1.504
1789248889,136209832,170.493,robot_1,0.738,1.973
1789248889,136246722,170.493,robot_2,1.676,-1.846
1789248889,352724503,170.710,robot_0,-0.755,1.504
1789248889,352791830,170.710,robot_1,0.738,1.974
1789248889,352839584,170.710,robot_2,1.659,-1.857
1789248889,575528104,170.932,robot_0,-0.755,1.504
1789248889,575592962,170.932,robot_1,0.738,1.974
1789248889,575632442,170.932,robot_2,1.670,-1.850
1789248889,794999077,171.152,robot_0,-0.755,1.504
1789248889,795069422,171.152,robot_1,0.738,1.974
1789248889,795113157,171.152,robot_2,1.671,-1.850
1789248889,999965095,171.357,robot_0,-0.732,1.505
1789248890,37981,171.357,robot_1,0.737,1.975
1789248890,77235,171.357,robot_2,1.671,-1.850
1789248890,203442919,171.560,robot_0,-0.705,1.506
1789248890,203520943,171.560,robot_1,0.737,1.975
1789248890,203572656,171.560,robot_2,1.671,-1.850
1789248890,415413544,171.772,robot_0,-0.743,1.505
1789248890,415486287,171.772,robot_1,0.737,1.975
1789248890,415530545,171.772,robot_2,1.670,-1.850
1789248890,642832969,172.000,robot_0,-0.794,1.503
1789248890,642907518,172.000,robot_1,0.736,1.975
1789248890,642961060,172.000,robot_2,1.670,-1.850
1789248890,858786350,172.216,robot_0,-0.863,1.501
1789248890,858858256,172.216,robot_1,0.736,1.975
1789248890,858897347,172.216,robot_2,1.670,-1.849
1789248891,97692615,172.454,robot_0,-0.892,1.500
1789248891,97761773,172.455,robot_1,0.735,1.975
1789248891,97810079,172.455,robot_2,1.669,-1.849
1789248891,313859885,172.671,robot_0,-0.892,1.500
1789248891,313949311,172.671,robot_1,0.735,1.975
1789248891,313997114,172.671,robot_2,1.669,-1.849
1789248891,528042254,172.885,robot_0,-0.892,1.500
1789248891,528107836,172.885,robot_1,0.736,1.973
1789248891,528145335,172.885,robot_2,1.669,-1.849
1789248891,746272796,173.103,robot_0,-0.892,1.501
1789248891,746350569,173.103,robot_1,0.755,1.944
1789248891,746398091,173.103,robot_2,1.668,-1.849
1789248891,967436590,173.324,robot_0,-0.892,1.501
1789248891,967517280,173.324,robot_1,0.782,1.897
1789248891,967558763,173.324,robot_2,1.668,-1.849
1789248892,177755605,173.535,robot_0,-0.893,1.501
1789248892,177826118,173.535,robot_1,0.813,1.842
1789248892,177864303,173.535,robot_2,1.667,-1.849
1789248892,394774456,173.752,robot_0,-0.893,1.501
1789248892,394852698,173.752,robot_1,0.837,1.798
1789248892,394902835,173.752,robot_2,1.667,-1.850
1789248892,606210566,173.963,robot_0,-0.893,1.502
1789248892,606276009,173.963,robot_1,0.836,1.801
1789248892,606313920,173.963,robot_2,1.667,-1.850
1789248892,812263011,174.169,robot_0,-0.894,1.502
1789248892,812330415,174.169,robot_1,0.819,1.831
1789248892,812371162,174.169,robot_2,1.667,-1.850
1789248893,21216486,174.378,robot_0,-0.894,1.502
1789248893,21288737,174.378,robot_1,0.801,1.863
1789248893,21331341,174.378,robot_2,1.666,-1.851
1789248893,227786707,174.585,robot_0,-0.895,1.502
1789248893,227891738,174.585,robot_1,0.799,1.868
1789248893,227948487,174.585,robot_2,1.666,-1.851
1789248893,427029872,174.784,robot_0,-0.895,1.502
1789248893,427103906,174.784,robot_1,0.787,1.895
1789248893,427146350,174.784,robot_2,1.666,-1.851
1789248893,640904112,174.998,robot_0,-0.895,1.501
1789248893,640983477,174.998,robot_1,0.781,1.909
1789248893,641020323,174.998,robot_2,1.697,-1.854
1789248893,854711028,175.212,robot_0,-0.896,1.501
1789248893,854775114,175.212,robot_1,0.771,1.929
1789248893,854817278,175.212,robot_2,1.724,-1.856
1789248894,70433373,175.427,robot_0,-0.896,1.501
1789248894,70502566,175.427,robot_1,0.759,1.949
1789248894,70545901,175.427,robot_2,1.724,-1.855
1789248894,278368276,175.635,robot_0,-0.896,1.500
1789248894,278435922,175.635,robot_1,0.774,1.920
1789248894,278497534,175.635,robot_2,1.724,-1.855
1789248894,480466001,175.837,robot_0,-0.896,1.500
1789248894,480534575,175.837,robot_1,0.790,1.890
1789248894,493047977,175.850,robot_2,1.724,-1.855
1789248894,699473262,176.056,robot_0,-0.896,1.500
1789248894,699542011,176.056,robot_1,0.812,1.846
1789248894,699584964,176.056,robot_2,1.724,-1.855
1789248894,915209858,176.272,robot_0,-0.896,1.499
1789248894,915281774,176.272,robot_1,0.813,1.846
1789248894,915326757,176.272,robot_2,1.724,-1.856
1789248895,121134400,176.478,robot_0,-0.859,1.495
1789248895,121202873,176.478,robot_1,0.827,1.808
1789248895,121245971,176.478,robot_2,1.724,-1.856
1789248895,322431767,176.679,robot_0,-0.833,1.492
1789248895,322501177,176.679,robot_1,0.836,1.784
1789248895,322538310,176.679,robot_2,1.724,-1.856
1789248895,543628840,176.900,robot_0,-0.803,1.492
1789248895,543696929,176.900,robot_1,0.826,1.811
1789248895,543741456,176.901,robot_2,1.740,-1.851
1789248895,757795310,177.115,robot_0,-0.774,1.492
1789248895,757865946,177.115,robot_1,0.829,1.803
1789248895,757904442,177.115,robot_2,1.767,-1.842
1789248895,974473358,177.331,robot_0,-0.807,1.491
1789248895,974546115,177.331,robot_1,0.833,1.794
1789248895,974588350,177.331,robot_2,1.739,-1.851
1789248896,180195615,177.537,robot_0,-0.847,1.491
1789248896,180268226,177.537,robot_1,0.851,1.758
1789248896,180312487,177.537,robot_2,1.738,-1.852
1789248896,410735088,177.768,robot_0,-0.861,1.491
1789248896,410807540,177.768,robot_1,0.847,1.767
1789248896,410855888,177.768,robot_2,1.738,-1.852
1789248896,652101441,178.009,robot_0,-0.860,1.491
1789248896,652173323,178.009,robot_1,0.838,1.786
1789248896,652221230,178.009,robot_2,1.739,-1.852
1789248896,878149663,178.235,robot_0,-0.825,1.499
1789248896,878225365,178.235,robot_1,0.837,1.786
1789248896,878274169,178.235,robot_2,1.739,-1.852
1789248897,84639229,178.441,robot_0,-0.787,1.512
1789248897,84707830,178.441,robot_1,0.837,1.785
1789248897,84747153,178.442,robot_2,1.739,-1.853
1789248897,304610801,178.661,robot_0,-0.762,1.520
1789248897,304681003,178.661,robot_1,0.837,1.785
1789248897,304728029,178.662,robot_2,1.740,-1.853
1789248897,523683471,178.880,robot_0,-0.783,1.513
1789248897,523752400,178.881,robot_1,0.837,1.785
1789248897,523793221,178.881,robot_2,1.740,-1.853
1789248897,746307773,179.103,robot_0,-0.783,1.513
1789248897,746376443,179.103,robot_1,0.836,1.784
1789248897,746417711,179.103,robot_2,1.741,-1.853
1789248897,949739043,179.307,robot_0,-0.783,1.513
1789248897,949811261,179.307,robot_1,0.836,1.784
1789248897,949857960,179.307,robot_2,1.741,-1.853
1789248898,153652403,179.510,robot_0,-0.782,1.512
1789248898,153724808,179.511,robot_1,0.836,1.784
1789248898,153771818,179.511,robot_2,1.741,-1.853
1789248898,372814769,179.730,robot_0,-0.782,1.512
1789248898,372908604,179.730,robot_1,0.836,1.783
1789248898,372972439,179.730,robot_2,1.742,-1.853
1789248898,570306984,179.927,robot_0,-0.782,1.512
1789248898,570369410,179.927,robot_1,0.837,1.783
1789248898,570410084,179.927,robot_2,1.742,-1.852
1789248898,774783541,180.132,robot_0,-0.781,1.512
1789248898,774853464,180.132,robot_1,0.837,1.782
1789248898,774913040,180.132,robot_2,1.742,-1.852
1789248898,985910400,180.343,robot_0,-0.781,1.512
1789248898,985987791,180.343,robot_1,0.837,1.782
1789248898,986037784,180.343,robot_2,1.743,-1.852
1789248899,189918726,180.547,robot_0,-0.781,1.512
1789248899,190646233,180.547,robot_1,0.837,1.782
1789248899,190690887,180.547,robot_2,1.743,-1.851
1789248899,418467282,180.775,robot_0,-0.780,1.512
1789248899,418540460,180.775,robot_1,0.838,1.781
1789248899,418589246,180.775,robot_2,1.743,-1.851
1789248899,633304653,180.990,robot_0,-0.780,1.512
1789248899,633380316,180.990,robot_1,0.838,1.781
1789248899,633420021,180.990,robot_2,1.743,-1.850
1789248899,841796695,181.199,robot_0,-0.779,1.512
1789248899,841867403,181.199,robot_1,0.839,1.781
1789248899,841910889,181.199,robot_2,1.743,-1.850
1789248900,47588778,181.404,robot_0,-0.779,1.512
1789248900,47650796,181.404,robot_1,0.839,1.781
1789248900,47694673,181.404,robot_2,1.743,-1.850
1789248900,259402004,181.616,robot_0,-0.779,1.513
1789248900,259469549,181.616,robot_1,0.839,1.781
1789248900,259512778,181.616,robot_2,1.771,-1.842
1789248900,464675696,181.821,robot_0,-0.779,1.513
1789248900,464743531,181.822,robot_1,0.845,1.751
1789248900,464788448,181.822,robot_2,1.811,-1.832
1789248900,667771036,182.025,robot_0,-0.778,1.513
1789248900,667848648,182.025,robot_1,0.849,1.731
1789248900,667893970,182.025,robot_2,1.840,-1.824
1789248900,881845300,182.239,robot_0,-0.778,1.514
1789248900,881910334,182.241,robot_1,0.846,1.749
1789248900,884542159,182.241,robot_2,1.851,-1.821
1789248901,109380833,182.466,robot_0,-0.778,1.514
1789248901,109443692,182.466,robot_1,0.845,1.749
1789248901,109479260,182.466,robot_2,1.851,-1.821
1789248901,322561262,182.679,robot_0,-0.778,1.515
1789248901,322621869,182.679,robot_1,0.844,1.716
1789248901,322662968,182.679,robot_2,1.851,-1.821
1789248901,534763132,182.892,robot_0,-0.760,1.518
1789248901,534834497,182.892,robot_1,0.841,1.683
1789248901,534887621,182.892,robot_2,1.851,-1.820
1789248901,751507954,183.108,robot_0,-0.729,1.523
1789248901,751595165,183.108,robot_1,0.841,1.683
1789248901,751645118,183.108,robot_2,1.850,-1.820
1789248901,956677971,183.313,robot_0,-0.694,1.529
1789248901,956757129,183.314,robot_1,0.841,1.683
1789248901,956795535,183.314,robot_2,1.850,-1.820
1789248902,157577932,183.514,robot_0,-0.677,1.532
1789248902,157647914,183.514,robot_1,0.840,1.674
1789248902,157689152,183.514,robot_2,1.849,-1.820
1789248902,369490760,183.726,robot_0,-0.645,1.539
1789248902,369561942,183.726,robot_1,0.838,1.650
1789248902,369608864,183.726,robot_2,1.849,-1.820
1789248902,595603019,183.952,robot_0,-0.629,1.542
1789248902,595674654,183.952,robot_1,0.838,1.650
1789248902,595723286,183.953,robot_2,1.848,-1.820
1789248902,809037984,184.166,robot_0,-0.629,1.542
1789248902,809294315,184.166,robot_1,0.838,1.649
1789248902,809358657,184.166,robot_2,1.848,-1.820
1789248903,21278110,184.378,robot_0,-0.597,1.544
1789248903,21348851,184.378,robot_1,0.842,1.614
1789248903,21394084,184.378,robot_2,1.847,-1.820
1789248903,257863879,184.615,robot_0,-0.576,1.544
1789248903,257930606,184.615,robot_1,0.849,1.572
1789248903,257970294,184.615,robot_2,1.847,-1.821
1789248903,472414332,184.829,robot_0,-0.576,1.544
1789248903,479235865,184.836,robot_1,0.854,1.541
1789248903,481875758,184.839,robot_2,1.847,-1.821
1789248903,678773370,185.036,robot_0,-0.576,1.544
1789248903,678834970,185.036,robot_1,0.856,1.524
1789248903,678873654,185.036,robot_2,1.847,-1.821
1789248903,890151783,185.247,robot_0,-0.576,1.544
1789248903,890215276,185.247,robot_1,0.849,1.569
1789248903,890252661,185.247,robot_2,1.847,-1.822
1789248904,100677066,185.457,robot_0,-0.576,1.545
1789248904,100744130,185.458,robot_1,0.847,1.582
1789248904,100789019,185.458,robot_2,1.847,-1.822
1789248904,303587854,185.660,robot_0,-0.576,1.545
1789248904,303653328,185.660,robot_1,0.847,1.582
1789248904,303697870,185.660,robot_2,1.847,-1.823
1789248904,520896760,185.878,robot_0,-0.576,1.545
1789248904,520993249,185.878,robot_1,0.847,1.583
1789248904,521043081,185.878,robot_2,1.847,-1.823
1789248904,719059091,186.076,robot_0,-0.576,1.546
1789248904,719133358,186.076,robot_1,0.848,1.583
1789248904,719172841,186.076,robot_2,1.847,-1.823
1789248904,919191067,186.276,robot_0,-0.576,1.546
1789248904,919256030,186.276,robot_1,0.848,1.583
1789248904,919292629,186.303,robot_2,1.847,-1.824
1789248905,162102423,186.519,robot_0,-0.577,1.546
1789248905,162176414,186.519,robot_1,0.848,1.583
1789248905,162213403,186.519,robot_2,1.847,-1.824
1789248905,363335923,186.720,robot_0,-0.577,1.546
1789248905,363402470,186.720,robot_1,0.848,1.584
1789248905,363442859,186.720,robot_2,1.848,-1.824
1789248905,563523893,186.920,robot_0,-0.578,1.546
1789248905,563584466,186.920,robot_1,0.849,1.584
1789248905,563629270,186.920,robot_2,1.848,-1.824
1789248905,774829672,187.132,robot_0,-0.578,1.546
1789248905,774911395,187.132,robot_1,0.849,1.584
1789248905,774957453,187.132,robot_2,1.849,-1.825
1789248905,975159720,187.332,robot_0,-0.578,1.546
1789248905,975221948,187.332,robot_1,0.849,1.585
1789248905,975259364,187.332,robot_2,1.849,-1.825
1789248906,184434188,187.541,robot_0,-0.579,1.546
1789248906,184507187,187.541,robot_1,0.849,1.585
1789248906,184552958,187.541,robot_2,1.849,-1.825
1789248906,407703774,187.764,robot_0,-0.579,1.546
1789248906,407766309,187.765,robot_1,0.849,1.586
1789248906,407803525,187.765,robot_2,1.850,-1.825
1789248906,634289671,187.991,robot_0,-0.580,1.546
1789248906,634356483,187.991,robot_1,0.848,1.586
1789248906,634399360,187.991,robot_2,1.850,-1.824
1789248906,850392446,188.207,robot_0,-0.580,1.545
1789248906,850462889,188.207,robot_1,0.848,1.587
1789248906,850508456,188.210,robot_2,1.851,-1.826
1789248907,78247396,188.435,robot_0,-0.580,1.545
1789248907,78305755,188.435,robot_1,0.848,1.587
1789248907,78339135,188.435,robot_2,1.867,-1.861
1789248907,292691874,188.650,robot_0,-0.580,1.545
1789248907,292770718,188.650,robot_1,0.847,1.587
1789248907,292816776,188.652,robot_2,1.879,-1.886
1789248907,506006597,188.863,robot_0,-0.572,1.542
1789248907,506067290,188.863,robot_1,0.847,1.587
1789248907,506103440,188.863,robot_2,1.862,-1.846
1789248907,709750311,189.067,robot_0,-0.544,1.533
1789248907,709814727,189.067,robot_1,0.847,1.587
1789248907,709854718,189.067,robot_2,1.845,-1.805
1789248907,924206349,189.281,robot_0,-0.549,1.537
1789248907,924279080,189.281,robot_1,0.846,1.587
1789248907,924320191,189.281,robot_2,1.824,-1.755
1789248908,133639834,189.490,robot_0,-0.580,1.553
1789248908,133707291,189.490,robot_1,0.847,1.591
1789248908,133745722,189.491,robot_2,1.815,-1.733
1789248908,341424365,189.698,robot_0,-0.567,1.546
1789248908,341489133,189.698,robot_1,0.850,1.621
1789248908,341520484,189.698,robot_2,1.822,-1.750
1789248908,544309173,189.901,robot_0,-0.568,1.546
1789248908,544375301,189.901,robot_1,0.847,1.594
1789248908,544413859,189.901,robot_2,1.822,-1.750
1789248908,769319902,190.126,robot_0,-0.583,1.555
1789248908,769383058,190.126,robot_1,0.842,1.565
1789248908,769423689,190.126,robot_2,1.838,-1.781
1789248908,989444962,190.346,robot_0,-0.583,1.555
1789248908,989518114,190.346,robot_1,0.836,1.541
1789248908,989563745,190.346,robot_2,1.844,-1.793
1789248909,206962165,190.564,robot_0,-0.552,1.542
1789248909,207026223,190.564,robot_1,0.825,1.503
1789248909,207061763,190.564,robot_2,1.844,-1.793
1789248909,422687549,190.779,robot_0,-0.507,1.525
1789248909,422751752,190.780,robot_1,0.812,1.467
1789248909,422791332,190.780,robot_2,1.844,-1.792
1789248909,625218745,190.982,robot_0,-0.523,1.531
1789248909,625278536,190.982,robot_1,0.799,1.436
1789248909,625318473,190.982,robot_2,1.845,-1.792
1789248909,843844432,191.201,robot_0,-0.541,1.538
1789248909,843906011,191.207,robot_1,0.782,1.397
1789248909,849856533,191.207,robot_2,1.845,-1.792
1789248910,62520690,191.419,robot_0,-0.512,1.527
1789248910,66734275,191.424,robot_1,0.771,1.371
1789248910,66854493,191.424,robot_2,1.845,-1.791
1789248910,271268487,191.628,robot_0,-0.509,1.526
1789248910,271332296,191.628,robot_1,0.755,1.334
1789248910,271403026,191.628,robot_2,1.845,-1.791
1789248910,521049964,191.878,robot_0,-0.509,1.525
1789248910,521120838,191.878,robot_1,0.745,1.313
1789248910,521177620,191.878,robot_2,1.845,-1.790
1789248910,733458849,192.090,robot_0,-0.509,1.525
1789248910,733524708,192.090,robot_1,0.732,1.288
1789248910,733574899,192.090,robot_2,1.845,-1.790
1789248910,935601629,192.292,robot_0,-0.509,1.525
1789248910,935668619,192.292,robot_1,0.715,1.257
1789248910,935714417,192.292,robot_2,1.845,-1.790
1789248911,162556009,192.519,robot_0,-0.509,1.524
1789248911,162632726,192.519,robot_1,0.699,1.230
1789248911,162678461,192.519,robot_2,1.845,-1.789
1789248911,381216168,192.738,robot_0,-0.509,1.524
1789248911,381291555,192.738,robot_1,0.677,1.192
1789248911,381344248,192.738,robot_2,1.844,-1.789
1789248911,585820713,192.943,robot_0,-0.508,1.524
1789248911,585879582,192.943,robot_1,0.675,1.188
1789248911,585931249,192.943,robot_2,1.844,-1.789
1789248911,817367286,193.174,robot_0,-0.508,1.523
1789248911,817429989,193.174,robot_1,0.660,1.153
1789248911,817473317,193.174,robot_2,1.844,-1.788
1789248912,36324698,193.393,robot_0,-0.508,1.523
1789248912,36391888,193.393,robot_1,0.660,1.154
1789248912,36432590,193.393,robot_2,1.843,-1.788
1789248912,237305246,193.603,robot_0,-0.507,1.523
1789248912,246588361,193.603,robot_1,0.660,1.154
1789248912,246664775,193.603,robot_2,1.843,-1.788
1789248912,464082925,193.821,robot_0,-0.507,1.523
1789248912,464163870,193.821,robot_1,0.659,1.154
1789248912,464217681,193.821,robot_2,1.842,-1.788
1789248912,693806538,194.051,robot_0,-0.506,1.523
1789248912,693869850,194.051,robot_1,0.659,1.153
1789248912,693909798,194.051,robot_2,1.842,-1.788
1789248912,901403228,194.258,robot_0,-0.506,1.523
1789248912,901481728,194.258,robot_1,0.658,1.153
1789248912,901863642,194.259,robot_2,1.842,-1.789
1789248913,111623131,194.468,robot_0,-0.506,1.523
1789248913,111692044,194.468,robot_1,0.658,1.153
1789248913,111742972,194.469,robot_2,1.852,-1.817
1789248913,314552076,194.671,robot_0,-0.505,1.524
1789248913,314613583,194.671,robot_1,0.658,1.153
1789248913,314661525,194.671,robot_2,1.862,-1.856
1789248913,535982860,194.893,robot_0,-0.505,1.524
1789248913,536040940,194.893,robot_1,0.657,1.152
1789248913,536079607,194.893,robot_2,1.869,-1.896
1789248913,763181309,195.120,robot_0,-0.505,1.524
1789248913,763251213,195.120,robot_1,0.657,1.152
1789248913,763291798,195.120,robot_2,1.869,-1.899
1789248913,973439187,195.330,robot_0,-0.524,1.534
1789248913,973504987,195.330,robot_1,0.657,1.151
1789248913,973552664,195.330,robot_2,1.873,-1.931
1789248914,180055039,195.537,robot_0,-0.577,1.560
1789248914,180127125,195.537,robot_1,0.657,1.151
1789248914,180180562,195.537,robot_2,1.874,-1.957
1789248914,409689598,195.766,robot_0,-0.581,1.561
1789248914,409755900,195.767,robot_1,0.657,1.150
1789248914,409805017,195.767,robot_2,1.872,-1.982
1789248914,610363018,195.967,robot_0,-0.637,1.588
1789248914,610425704,195.967,robot_1,0.658,1.150
1789248914,610469588,195.967,robot_2,1.873,-1.983
1789248914,821906410,196.179,robot_0,-0.691,1.614
1789248914,821978751,196.179,robot_1,0.658,1.150
1789248914,822021772,196.179,robot_2,1.853,-2.023
1789248915,34440847,196.391,robot_0,-0.706,1.621
1789248915,34507260,196.391,robot_1,0.658,1.149
1789248915,34545640,196.391,robot_2,1.836,-2.054
1789248915,240724170,196.598,robot_0,-0.729,1.630
1789248915,240799748,196.598,robot_1,0.658,1.149
1789248915,240840737,196.598,robot_2,1.836,-2.054
1789248915,446516027,196.803,robot_0,-0.777,1.647
1789248915,446597493,196.803,robot_1,0.663,1.158
1789248915,446648544,196.803,robot_2,1.836,-2.054
1789248915,648604486,197.005,robot_0,-0.830,1.666
1789248915,651953136,197.009,robot_1,0.681,1.194
1789248915,652036375,197.009,robot_2,1.835,-2.054
1789248915,855333681,197.212,robot_0,-0.836,1.668
1789248915,855392677,197.212,robot_1,0.684,1.201
1789248915,855424683,197.212,robot_2,1.835,-2.055
1789248916,62662970,197.419,robot_0,-0.836,1.667
1789248916,62735247,197.420,robot_1,0.684,1.201
1789248916,62776721,197.420,robot_2,1.847,-2.124
1789248916,278602207,197.635,robot_0,-0.836,1.667
1789248916,278679342,197.635,robot_1,0.687,1.206
1789248916,278727750,197.636,robot_2,1.859,-2.177
1789248916,481214531,197.838,robot_0,-0.835,1.668
1789248916,481281910,197.838,robot_1,0.710,1.240
1789248916,481317914,197.838,robot_2,1.865,-2.202
1789248916,684358166,198.041,robot_0,-0.835,1.668
1789248916,684432474,198.041,robot_1,0.733,1.272
1789248916,684469605,198.041,robot_2,1.865,-2.202
1789248916,905507379,198.262,robot_0,-0.836,1.669
1789248916,905592507,198.262,robot_1,0.724,1.259
1789248916,905642389,198.262,robot_2,1.865,-2.202
1789248917,136409395,198.493,robot_0,-0.836,1.669
1789248917,136484436,198.493,robot_1,0.717,1.250
1789248917,136530529,198.493,robot_2,1.865,-2.202
1789248917,340526082,198.697,robot_0,-0.836,1.669
1789248917,340602371,198.697,robot_1,0.749,1.292
1789248917,340646933,198.697,robot_2,1.865,-2.202
1789248917,544693013,198.901,robot_0,-0.836,1.670
1789248917,544773242,198.902,robot_1,0.781,1.335
1789248917,544817678,198.902,robot_2,1.865,-2.202
1789248917,749429007,199.106,robot_0,-0.836,1.670
1789248917,749501860,199.106,robot_1,0.811,1.374
1789248917,749540637,199.106,robot_2,1.864,-2.202
1789248917,950485810,199.307,robot_0,-0.837,1.670
1789248917,950557866,199.307,robot_1,0.811,1.375
1789248917,950595595,199.307,robot_2,1.864,-2.203
1789248918,167124938,199.524,robot_0,-0.837,1.670
1789248918,167204776,199.524,robot_1,0.811,1.375
1789248918,167240842,199.524,robot_2,1.864,-2.203
1789248918,372984691,199.730,robot_0,-0.838,1.670
1789248918,373060184,199.730,robot_1,0.811,1.376
1789248918,373097873,199.730,robot_2,1.863,-2.203
1789248918,586165896,199.943,robot_0,-0.838,1.670
1789248918,586234713,199.943,robot_1,0.811,1.376
1789248918,586268103,199.943,robot_2,1.863,-2.204
1789248918,806328840,200.163,robot_0,-0.838,1.670
1789248918,806401687,200.163,robot_1,0.811,1.376
1789248918,806438693,200.163,robot_2,1.863,-2.204
1789248919,16937260,200.374,robot_0,-0.839,1.670
1789248919,16999594,200.374,robot_1,0.811,1.376
1789248919,17027281,200.374,robot_2,1.863,-2.204
1789248919,255278817,200.612,robot_0,-0.839,1.670
1789248919,255354428,200.612,robot_1,0.811,1.376
1789248919,255391711,200.612,robot_2,1.863,-2.205
1789248919,465073807,200.822,robot_0,-0.840,1.670
1789248919,465154246,200.822,robot_1,0.812,1.375
1789248919,465187250,200.822,robot_2,1.863,-2.205
1789248919,678512748,201.035,robot_0,-0.840,1.669
1789248919,678581205,201.035,robot_1,0.812,1.375
1789248919,678615714,201.035,robot_2,1.864,-2.206
1789248919,888813406,201.246,robot_0,-0.839,1.668
1789248919,892228682,201.249,robot_1,0.812,1.375
1789248919,892314176,201.249,robot_2,1.864,-2.206
1789248920,99742331,201.457,robot_0,-0.813,1.654
1789248920,99813064,201.457,robot_1,0.813,1.375
1789248920,99847921,201.457,robot_2,1.864,-2.206
1789248920,309197476,201.666,robot_0,-0.803,1.648
1789248920,309275190,201.666,robot_1,0.813,1.375
1789248920,309315935,201.666,robot_2,1.864,-2.207
1789248920,517984568,201.875,robot_0,-0.827,1.665
1789248920,518068920,201.875,robot_1,0.814,1.375
1789248920,518116534,201.875,robot_2,1.878,-2.182
1789248920,723468075,202.080,robot_0,-0.847,1.679
1789248920,723552579,202.080,robot_1,0.814,1.375
1789248920,723598163,202.080,robot_2,1.897,-2.146
1789248920,927242067,202.284,robot_0,-0.825,1.662
1789248920,927321821,202.284,robot_1,0.814,1.375
1789248920,927364545,202.284,robot_2,1.898,-2.143
1789248921,147566136,202.504,robot_0,-0.834,1.673
1789248921,147664800,202.504,robot_1,0.815,1.376
1789248921,147706757,202.504,robot_2,1.898,-2.143
1789248921,358629259,202.715,robot_0,-0.847,1.685
1789248921,358708243,202.715,robot_1,0.815,1.376
1789248921,358747154,202.716,robot_2,1.897,-2.146
1789248921,582592297,202.939,robot_0,-0.824,1.663
1789248921,582670422,202.939,robot_1,0.815,1.376
1789248921,582713960,202.939,robot_2,1.877,-2.179
1789248921,794353400,203.151,robot_0,-0.784,1.625
1789248921,794424321,203.151,robot_1,0.815,1.377
1789248921,794459632,203.151,robot_2,1.871,-2.188
1789248921,994705573,203.352,robot_0,-0.784,1.624
1789248921,994780074,203.352,robot_1,0.815,1.377
1789248921,994814459,203.352,robot_2,1.862,-2.206
1789248922,206468005,203.563,robot_0,-0.784,1.624
1789248922,206537346,203.563,robot_1,0.815,1.377
1789248922,206575384,203.563,robot_2,1.859,-2.214
1789248922,406854616,203.764,robot_0,-0.784,1.624
1789248922,406933973,203.764,robot_1,0.813,1.378
1789248922,406977800,203.764,robot_2,1.882,-2.164
1789248922,612522714,203.969,robot_0,-0.784,1.624
1789248922,612600616,203.969,robot_1,0.778,1.381
1789248922,612635910,203.969,robot_2,1.897,-2.132
1789248922,813578983,204.170,robot_0,-0.784,1.624
1789248922,813643914,204.170,robot_1,0.775,1.381
1789248922,813686133,204.170,robot_2,1.886,-2.157
1789248923,16136734,204.373,robot_0,-0.784,1.623
1789248923,16206833,204.373,robot_1,0.807,1.382
1789248923,16245537,204.373,robot_2,1.872,-2.186
1789248923,238509969,204.595,robot_0,-0.784,1.623
1789248923,238581673,204.595,robot_1,0.857,1.383
1789248923,238617757,204.595,robot_2,1.867,-2.196
1789248923,448874458,204.806,robot_0,-0.784,1.622
1789248923,448962344,204.806,robot_1,0.892,1.384
1789248923,449008587,204.806,robot_2,1.868,-2.196
1789248923,653727743,205.011,robot_0,-0.784,1.622
1789248923,653802390,205.011,robot_1,0.892,1.384
1789248923,653834735,205.011,robot_2,1.866,-2.216
1789248923,865798862,205.223,robot_0,-0.784,1.621
1789248923,865869636,205.223,robot_1,0.878,1.383
1789248923,865903694,205.223,robot_2,1.864,-2.262
1789248924,83222507,205.440,robot_0,-0.784,1.621
1789248924,83320253,205.440,robot_1,0.833,1.378
1789248924,83375383,205.440,robot_2,1.864,-2.298
1789248924,288384651,205.645,robot_0,-0.784,1.621
1789248924,290642999,205.647,robot_1,0.832,1.378
1789248924,290720767,205.648,robot_2,1.864,-2.309
1789248924,505946694,205.863,robot_0,-0.783,1.621
1789248924,506018262,205.863,robot_1,0.847,1.380
1789248924,506058934,205.863,robot_2,1.864,-2.309
1789248924,714182553,206.071,robot_0,-0.783,1.620
1789248924,714255232,206.071,robot_1,0.882,1.385
1789248924,714296791,206.071,robot_2,1.863,-2.309
1789248924,937424479,206.294,robot_0,-0.782,1.620
1789248924,937488904,206.294,robot_1,0.924,1.391
1789248924,937525192,206.294,robot_2,1.863,-2.309
1789248925,141771680,206.499,robot_0,-0.782,1.620
1789248925,141838293,206.499,robot_1,0.958,1.395
1789248925,141879719,206.499,robot_2,1.862,-2.308
1789248925,363437699,206.720,robot_0,-0.782,1.620
1789248925,363538252,206.720,robot_1,0.986,1.399
1789248925,363587017,206.720,robot_2,1.862,-2.308
1789248925,561242505,206.918,robot_0,-0.781,1.620
1789248925,561316252,206.918,robot_1,0.986,1.399
1789248925,561361774,206.918,robot_2,1.862,-2.307
1789248925,764236195,207.121,robot_0,-0.781,1.621
1789248925,764306194,207.121,robot_1,0.986,1.399
1789248925,764342228,207.121,robot_2,1.862,-2.307
1789248925,985240067,207.342,robot_0,-0.781,1.621
1789248925,985313419,207.342,robot_1,0.986,1.400
1789248925,985348944,207.342,robot_2,1.861,-2.306
1789248926,209713701,207.567,robot_0,-0.785,1.626
1789248926,209785154,207.567,robot_1,0.986,1.400
1789248926,209843102,207.567,robot_2,1.862,-2.306
1789248926,413011572,207.770,robot_0,-0.800,1.642
1789248926,415263683,207.772,robot_1,0.985,1.400
1789248926,415349928,207.772,robot_2,1.862,-2.306
1789248926,620915802,207.978,robot_0,-0.775,1.615
1789248926,620996567,207.978,robot_1,0.985,1.401
1789248926,621038254,207.978,robot_2,1.898,-2.312
1789248926,833082324,208.190,robot_0,-0.773,1.613
1789248926,833158260,208.190,robot_1,0.985,1.401
1789248926,833198213,208.190,robot_2,1.948,-2.322
1789248927,34658567,208.391,robot_0,-0.773,1.613
1789248927,34725836,208.392,robot_1,0.984,1.401
1789248927,34763049,208.392,robot_2,1.999,-2.331
1789248927,250916602,208.610,robot_0,-0.773,1.613
1789248927,253704076,208.610,robot_1,0.984,1.401
1789248927,253748848,208.611,robot_2,2.027,-2.336
1789248927,473363568,208.830,robot_0,-0.763,1.601
1789248927,473438263,208.830,robot_1,0.986,1.393
1789248927,473481195,208.830,robot_2,2.027,-2.336
1789248927,675515106,209.032,robot_0,-0.754,1.588
1789248927,675581574,209.032,robot_1,1.000,1.356
1789248927,675621582,209.032,robot_2,2.027,-2.336
1789248927,891023821,209.248,robot_0,-0.754,1.588
1789248927,891096434,209.248,robot_1,0.999,1.359
1789248927,891144513,209.248,robot_2,2.027,-2.336
1789248928,99673905,209.456,robot_0,-0.754,1.588
1789248928,99742302,209.457,robot_1,0.992,1.375
1789248928,99774081,209.457,robot_2,2.027,-2.337
1789248928,312381951,209.669,robot_0,-0.732,1.554
1789248928,312455350,209.669,robot_1,1.019,1.314
1789248928,312503615,209.669,robot_2,2.027,-2.337
1789248928,534648898,209.891,robot_0,-0.713,1.526
1789248928,534728212,209.892,robot_1,1.036,1.277
1789248928,534767664,209.892,robot_2,2.027,-2.337
1789248928,748778554,210.106,robot_0,-0.695,1.498
1789248928,748851093,210.106,robot_1,1.041,1.264
1789248928,748894444,210.106,robot_2,2.028,-2.338
1789248928,949754271,210.307,robot_0,-0.695,1.498
1789248928,949826939,210.307,robot_1,1.037,1.288
1789248928,949876727,210.307,robot_2,2.028,-2.338
1789248929,161856476,210.519,robot_0,-0.694,1.498
1789248929,161931585,210.519,robot_1,1.033,1.326
1789248929,161970880,210.519,robot_2,2.028,-2.338
1789248929,370254230,210.727,robot_0,-0.694,1.499
1789248929,370319101,210.727,robot_1,1.030,1.365
1789248929,370359596,210.727,robot_2,2.029,-2.338
1789248929,576339018,210.933,robot_0,-0.694,1.499
1789248929,576417450,210.933,robot_1,1.029,1.371
1789248929,576463483,210.933,robot_2,2.029,-2.339
1789248929,787317205,211.144,robot_0,-0.694,1.499
1789248929,787388769,211.144,robot_1,1.034,1.340
1789248929,787433986,211.144,robot_2,2.029,-2.339
1789248930,4856476,211.362,robot_0,-0.694,1.500
1789248930,4935578,211.362,robot_1,1.034,1.337
1789248930,4979555,211.362,robot_2,2.030,-2.339
1789248930,207292295,211.564,robot_0,-0.694,1.500
1789248930,207361960,211.564,robot_1,1.034,1.337
1789248930,207403064,211.564,robot_2,2.030,-2.338
1789248930,417086796,211.774,robot_0,-0.694,1.501
1789248930,417185834,211.774,robot_1,1.038,1.318
1789248930,417229170,211.774,robot_2,2.031,-2.338
1789248930,616553887,211.973,robot_0,-0.694,1.501
1789248930,616620470,211.973,robot_1,1.043,1.280
1789248930,616659218,211.973,robot_2,2.031,-2.338
1789248930,824283822,212.181,robot_0,-0.700,1.495
1789248930,824349988,212.181,robot_1,1.043,1.267
1789248930,824388290,212.181,robot_2,2.031,-2.338
1789248931,35740126,212.393,robot_0,-0.742,1.447
1789248931,35805640,212.393,robot_1,1.035,1.224
1789248931,51701707,212.409,robot_2,2.032,-2.337
1789248931,279160839,212.636,robot_0,-0.778,1.404
1789248931,279234408,212.636,robot_1,1.022,1.184
1789248931,279280425,212.636,robot_2,2.032,-2.337
1789248931,484208111,212.841,robot_0,-0.780,1.401
1789248931,484270872,212.841,robot_1,1.012,1.162
1789248931,484311910,212.841,robot_2,2.005,-2.321
1789248931,694589106,213.051,robot_0,-0.780,1.402
1789248931,694663045,213.051,robot_1,0.993,1.135
1789248931,694708374,213.051,robot_2,1.988,-2.311
1789248931,904475166,213.261,robot_0,-0.781,1.402
1789248931,904540655,213.261,robot_1,0.983,1.121
1789248931,904580493,213.261,robot_2,1.988,-2.311
1789248932,112194206,213.469,robot_0,-0.781,1.402
1789248932,112263456,213.469,robot_1,1.009,1.153
1789248932,112305781,213.469,robot_2,1.989,-2.310
1789248932,316919090,213.674,robot_0,-0.781,1.402
1789248932,317009524,213.674,robot_1,1.018,1.164
1789248932,319000677,213.676,robot_2,1.989,-2.310
1789248932,531234888,213.888,robot_0,-0.782,1.402
1789248932,531312779,213.888,robot_1,0.986,1.124
1789248932,531356314,213.888,robot_2,2.032,-2.320
1789248932,737810575,214.095,robot_0,-0.782,1.402
1789248932,737871862,214.095,robot_1,0.986,1.125
1789248932,737911670,214.095,robot_2,2.053,-2.325
1789248932,951679698,214.308,robot_0,-0.783,1.401
1789248932,951747646,214.309,robot_1,0.973,1.106
1789248932,951786907,214.309,robot_2,2.012,-2.316
1789248933,159811057,214.517,robot_0,-0.783,1.401
1789248933,159878459,214.517,robot_1,0.967,1.098
1789248933,159917014,214.517,robot_2,1.983,-2.309
1789248933,384178491,214.741,robot_0,-0.783,1.401
1789248933,384262468,214.741,robot_1,0.967,1.098
1789248933,384314054,214.741,robot_2,2.015,-2.317
1789248933,591205437,214.948,robot_0,-0.783,1.401
1789248933,591277062,214.948,robot_1,0.966,1.098
1789248933,591326091,214.948,robot_2,2.017,-2.318
1789248933,791367424,215.148,robot_0,-0.784,1.400
1789248933,791438381,215.148,robot_1,0.966,1.098
1789248933,791485930,215.148,robot_2,1.969,-2.306
1789248933,993743337,215.351,robot_0,-0.784,1.400
1789248933,993819239,215.351,robot_1,0.966,1.098
1789248933,993867016,215.351,robot_2,1.950,-2.301
1789248934,210673408,215.567,robot_0,-0.784,1.399
1789248934,210763693,215.568,robot_1,0.965,1.098
1789248934,210807744,215.568,robot_2,1.950,-2.301
1789248934,439645879,215.796,robot_0,-0.784,1.399
1789248934,439725132,215.797,robot_1,0.965,1.098
1789248934,439774909,215.797,robot_2,1.950,-2.301
1789248934,656188162,216.013,robot_0,-0.784,1.399
1789248934,656262404,216.013,robot_1,0.965,1.098
1789248934,656308132,216.013,robot_2,1.950,-2.300
1789248934,875971914,216.233,robot_0,-0.783,1.398
1789248934,876036379,216.233,robot_1,0.964,1.097
1789248934,876074347,216.233,robot_2,1.949,-2.300
1789248935,87588043,216.444,robot_0,-0.783,1.398
1789248935,87661283,216.444,robot_1,0.964,1.097
1789248935,87714112,216.445,robot_2,1.949,-2.300
1789248935,290127703,216.647,robot_0,-0.803,1.381
1789248935,290204946,216.647,robot_1,0.964,1.097
1789248935,290250481,216.647,robot_2,1.949,-2.299
1789248935,497687406,216.854,robot_0,-0.823,1.362
1789248935,497761071,216.855,robot_1,0.964,1.096
1789248935,497805192,216.855,robot_2,1.949,-2.299
1789248935,704418523,217.061,robot_0,-0.815,1.369
1789248935,704492559,217.061,robot_1,0.964,1.096
1789248935,704543106,217.061,robot_2,1.948,-2.299
1789248935,907351562,217.264,robot_0,-0.770,1.402
1789248935,907427295,217.264,robot_1,0.964,1.095
1789248935,907466884,217.264,robot_2,1.948,-2.299
1789248936,118165621,217.475,robot_0,-0.728,1.433
1789248936,118231457,217.475,robot_1,0.964,1.095
1789248936,118273922,217.475,robot_2,1.947,-2.299
1789248936,334236463,217.691,robot_0,-0.709,1.447
1789248936,334308529,217.691,robot_1,0.964,1.094
1789248936,334349401,217.691,robot_2,1.947,-2.299
1789248936,544944081,217.902,robot_0,-0.659,1.484
1789248936,545018661,217.902,robot_1,0.964,1.094
1789248936,545059613,217.902,robot_2,1.947,-2.299
1789248936,751854129,218.109,robot_0,-0.612,1.518
1789248936,751931936,218.109,robot_1,0.964,1.094
1789248936,751985272,218.109,robot_2,1.946,-2.299
1789248936,953020670,218.310,robot_0,-0.571,1.548
1789248936,953093164,218.310,robot_1,0.947,1.074
1789248936,953136054,218.310,robot_2,1.946,-2.299
1789248937,173310077,218.530,robot_0,-0.555,1.560
1789248937,173373888,218.530,robot_1,0.921,1.046
1789248937,173410459,218.530,robot_2,1.946,-2.299
1789248937,390332701,218.747,robot_0,-0.555,1.560
1789248937,390406728,218.747,robot_1,0.901,1.024
1789248937,390451082,218.747,robot_2,1.945,-2.300
1789248937,600937163,218.958,robot_0,-0.555,1.560
1789248937,600996605,218.958,robot_1,0.883,1.005
1789248937,601035862,218.958,robot_2,1.945,-2.300
1789248937,818705826,219.176,robot_0,-0.522,1.590
1789248937,818775693,219.176,robot_1,0.870,0.990
1789248937,818821828,219.176,robot_2,1.945,-2.300
1789248938,25553322,219.382,robot_0,-0.486,1.626
1789248938,25618008,219.382,robot_1,0.899,1.020
1789248938,25666103,219.382,robot_2,1.945,-2.301
1789248938,225834705,219.583,robot_0,-0.454,1.658
1789248938,225911630,219.583,robot_1,0.918,1.038
1789248938,225965635,219.583,robot_2,1.945,-2.301
1789248938,446057767,219.803,robot_0,-0.446,1.666
1789248938,446129407,219.803,robot_1,0.918,1.038
1789248938,446172616,219.803,robot_2,1.945,-2.301
1789248938,668963208,220.026,robot_0,-0.478,1.630
1789248938,669031973,220.026,robot_1,0.910,1.028
1789248938,669071848,220.026,robot_2,1.945,-2.301
1789248938,901158970,220.258,robot_0,-0.444,1.669
1789248938,901229194,220.258,robot_1,0.876,0.986
1789248938,901270928,220.258,robot_2,1.946,-2.301
1789248939,106038716,220.463,robot_0,-0.442,1.671
1789248939,106108559,220.463,robot_1,0.853,0.958
1789248939,106149643,220.463,robot_2,1.989,-2.311
1789248939,314918733,220.672,robot_0,-0.441,1.671
1789248939,314994694,220.672,robot_1,0.844,0.946
1789248939,315043004,220.672,robot_2,2.054,-2.325
1789248939,534403491,220.891,robot_0,-0.441,1.670
1789248939,534478488,220.891,robot_1,0.844,0.946
1789248939,534528631,220.891,robot_2,2.091,-2.333
1789248939,759730222,221.117,robot_0,-0.441,1.670
1789248939,759808967,221.117,robot_1,0.844,0.946
1789248939,759848592,221.117,robot_2,2.091,-2.333
1789248939,962584215,221.319,robot_0,-0.440,1.670
1789248939,962653136,221.319,robot_1,0.844,0.946
1789248939,962694713,221.319,robot_2,2.091,-2.333
1789248940,171606918,221.547,robot_0,-0.440,1.670
1789248940,189899923,221.547,robot_1,0.845,0.946
1789248940,189974243,221.547,robot_2,2.083,-2.333
1789248940,380523060,221.737,robot_0,-0.439,1.671
1789248940,380590529,221.737,robot_1,0.845,0.946
1789248940,380629792,221.737,robot_2,2.043,-2.332
1789248940,589156250,221.946,robot_0,-0.439,1.671
1789248940,589230205,221.946,robot_1,0.845,0.946
1789248940,589279907,221.946,robot_2,2.005,-2.333
1789248940,797869298,222.155,robot_0,-0.439,1.671
1789248940,797940432,222.155,robot_1,0.846,0.946
1789248940,797982381,222.155,robot_2,1.971,-2.333
1789248941,14679760,222.371,robot_0,-0.438,1.671
1789248941,14757025,222.372,robot_1,0.846,0.946
1789248941,14808388,222.372,robot_2,1.971,-2.333
1789248941,235264893,222.592,robot_0,-0.438,1.672
1789248941,235342264,222.592,robot_1,0.847,0.946
1789248941,235391326,222.592,robot_2,1.972,-2.332
1789248941,467078865,222.824,robot_0,-0.438,1.672
1789248941,467146644,222.824,robot_1,0.847,0.946
1789248941,467181883,222.824,robot_2,1.972,-2.332
1789248941,674018742,223.031,robot_0,-0.438,1.673
1789248941,674082503,223.031,robot_1,0.847,0.947
1789248941,674125031,223.031,robot_2,1.972,-2.331
1789248941,888743174,223.246,robot_0,-0.438,1.673
1789248941,888811937,223.246,robot_1,0.847,0.947
1789248941,888853518,223.246,robot_2,1.973,-2.331
1789248942,128347283,223.485,robot_0,-0.438,1.674
1789248942,128429549,223.485,robot_1,0.848,0.948
1789248942,128472822,223.485,robot_2,1.973,-2.331
1789248942,343544845,223.700,robot_0,-0.438,1.674
1789248942,343620139,223.700,robot_1,0.848,0.948
1789248942,343669829,223.700,robot_2,1.974,-2.331
1789248942,555769930,223.913,robot_0,-0.439,1.674
1789248942,555842770,223.913,robot_1,0.848,0.949
1789248942,555888348,223.913,robot_2,1.974,-2.331
1789248942,762624141,224.119,robot_0,-0.439,1.675
1789248942,762691121,224.119,robot_1,0.847,0.949
1789248942,762735103,224.120,robot_2,1.975,-2.331
1789248942,987422178,224.344,robot_0,-0.439,1.675
1789248942,987490662,224.344,robot_1,0.847,0.949
1789248942,987532917,224.344,robot_2,1.975,-2.331
1789248943,191857461,224.549,robot_0,-0.426,1.696
1789248943,191945196,224.549,robot_1,0.847,0.950
1789248943,191992742,224.549,robot_2,1.975,-2.331
1789248943,406735252,224.764,robot_0,-0.414,1.715
1789248943,406801455,224.764,robot_1,0.865,0.964
1789248943,406837790,224.764,robot_2,1.975,-2.331
1789248943,648430049,225.005,robot_0,-0.414,1.715
1789248943,648504154,225.005,robot_1,0.888,0.983
1789248943,648545515,225.005,robot_2,1.975,-2.331
1789248943,872172269,225.229,robot_0,-0.416,1.711
1789248943,872238020,225.229,robot_1,0.889,0.984
1789248943,872277779,225.229,robot_2,1.974,-2.331
1789248944,106367908,225.463,robot_0,-0.435,1.644
1789248944,106452041,225.463,robot_1,0.888,0.984
1789248944,106496502,225.463,robot_2,1.974,-2.331
1789248944,314861257,225.672,robot_0,-0.439,1.625
1789248944,314934821,225.672,robot_1,0.887,0.981
1789248944,314986687,225.672,robot_2,1.973,-2.331
1789248944,526812173,225.884,robot_0,-0.440,1.625
1789248944,526877498,225.884,robot_1,0.872,0.948
1789248944,526918851,225.884,robot_2,1.973,-2.331
1789248944,728006575,226.085,robot_0,-0.440,1.625
1789248944,728078686,226.085,robot_1,0.860,0.918
1789248944,728124927,226.085,robot_2,1.973,-2.332
1789248944,941348295,226.298,robot_0,-0.442,1.584
1789248944,941415872,226.298,robot_1,0.845,0.872
1789248944,941463476,226.298,robot_2,1.973,-2.332
1789248945,157531805,226.514,robot_0,-0.443,1.548
1789248945,157595684,226.514,robot_1,0.835,0.838
1789248945,157634141,226.514,robot_2,1.972,-2.333
1789248945,373563436,226.730,robot_0,-0.443,1.512
1789248945,373634705,226.730,robot_1,0.820,0.789
1789248945,373679766,226.730,robot_2,1.972,-2.333
1789248945,586780647,226.944,robot_0,-0.443,1.460
1789248945,586849558,226.944,robot_1,0.817,0.778
1789248945,586900629,226.944,robot_2,1.972,-2.333
1789248945,801778381,227.159,robot_0,-0.443,1.426
1789248945,801846272,227.159,robot_1,0.816,0.778
1789248945,801894107,227.159,robot_2,1.973,-2.334
1789248946,24293589,227.381,robot_0,-0.444,1.384
1789248946,24363751,227.381,robot_1,0.816,0.778
1789248946,24413362,227.381,robot_2,1.973,-2.334
1789248946,224491003,227.581,robot_0,-0.445,1.361
1789248946,224564871,227.581,robot_1,0.815,0.778
1789248946,224607494,227.581,robot_2,1.973,-2.335
1789248946,429429294,227.786,robot_0,-0.444,1.388
1789248946,429497750,227.786,robot_1,0.815,0.778
1789248946,429538227,227.786,robot_2,1.973,-2.335
1789248946,642394929,227.999,robot_0,-0.443,1.398
1789248946,642462820,227.999,robot_1,0.815,0.777
1789248946,642515171,227.999,robot_2,1.973,-2.335
1789248946,871117702,228.228,robot_0,-0.440,1.434
1789248946,871187013,228.228,robot_1,0.814,0.777
1789248946,871237982,228.228,robot_2,1.974,-2.335
1789248947,83588292,228.440,robot_0,-0.435,1.478
1789248947,83662112,228.440,robot_1,0.814,0.777
1789248947,83710199,228.440,robot_2,1.964,-2.357
1789248947,293835664,228.651,robot_0,-0.432,1.518
1789248947,293945690,228.651,robot_1,0.814,0.776
1789248947,293989134,228.651,robot_2,1.950,-2.395
1789248947,512797886,228.870,robot_0,-0.428,1.555
1789248947,512865471,228.870,robot_1,0.814,0.776
1789248947,512905864,228.870,robot_2,1.948,-2.402
1789248947,719490895,229.076,robot_0,-0.425,1.590
1789248947,719556533,229.076,robot_1,0.814,0.776
1789248947,719599812,229.076,robot_2,1.948,-2.401
1789248947,933041798,229.290,robot_0,-0.427,1.561
1789248947,933102631,229.290,robot_1,0.814,0.775
1789248947,933139975,229.290,robot_2,1.972,-2.365
1789248948,150210593,229.507,robot_0,-0.432,1.508
1789248948,150272396,229.507,robot_1,0.814,0.775
1789248948,150316150,229.507,robot_2,1.984,-2.348
1789248948,354009937,229.711,robot_0,-0.436,1.473
1789248948,354076536,229.711,robot_1,0.814,0.774
1789248948,354118948,229.711,robot_2,1.978,-2.356
1789248948,574469834,229.931,robot_0,-0.436,1.473
1789248948,574554157,229.931,robot_1,0.814,0.774
1789248948,574597731,229.931,robot_2,2.009,-2.318
1789248948,771558162,230.128,robot_0,-0.436,1.473
1789248948,771621812,230.128,robot_1,0.815,0.774
1789248948,771662512,230.128,robot_2,2.012,-2.314
1789248948,992419205,230.349,robot_0,-0.437,1.473
1789248948,992486636,230.349,robot_1,0.815,0.773
1789248948,992537438,230.349,robot_2,2.012,-2.314
1789248949,194451473,230.551,robot_0,-0.437,1.473
1789248949,196649573,230.553,robot_1,0.815,0.773
1789248949,196753566,230.554,robot_2,2.012,-2.313
1789248949,404320369,230.761,robot_0,-0.437,1.473
1789248949,404391317,230.761,robot_1,0.815,0.773
1789248949,404441756,230.761,robot_2,2.012,-2.313
1789248949,627708721,230.985,robot_0,-0.438,1.472
1789248949,627774878,230.985,robot_1,0.815,0.773
1789248949,627814355,230.985,robot_2,2.012,-2.313
1789248949,846420723,231.203,robot_0,-0.438,1.472
1789248949,846486062,231.203,robot_1,0.816,0.773
1789248949,846534632,231.203,robot_2,2.012,-2.313
1789248950,53254298,231.410,robot_0,-0.438,1.471
1789248950,53325670,231.410,robot_1,0.816,0.773
1789248950,53380288,231.410,robot_2,2.012,-2.314
1789248950,271366840,231.628,robot_0,-0.438,1.471
1789248950,271427518,231.628,robot_1,0.816,0.786
1789248950,271469041,231.628,robot_2,2.013,-2.314
1789248950,477447726,231.834,robot_0,-0.438,1.471
1789248950,477512909,231.834,robot_1,0.811,0.853
1789248950,477553587,231.834,robot_2,2.013,-2.314
1789248950,679478792,232.036,robot_0,-0.438,1.470
1789248950,679556600,232.036,robot_1,0.810,0.864
1789248950,679597726,232.036,robot_2,2.014,-2.314
1789248950,897648560,232.254,robot_0,-0.438,1.470
1789248950,897717085,232.255,robot_1,0.819,0.824
1789248950,897761412,232.255,robot_2,2.014,-2.314
1789248951,140182419,232.497,robot_0,-0.437,1.469
1789248951,140243573,232.497,robot_1,0.823,0.806
1789248951,140282519,232.497,robot_2,2.015,-2.314
1789248951,350925648,232.708,robot_0,-0.437,1.469
1789248951,350985943,232.708,robot_1,0.819,0.821
1789248951,351030081,232.708,robot_2,2.015,-2.313
1789248951,558124997,232.915,robot_0,-0.437,1.469
1789248951,558193805,232.915,robot_1,0.819,0.821
1789248951,558233896,232.915,robot_2,2.015,-2.313
1789248951,773097552,233.130,robot_0,-0.436,1.469
1789248951,773171617,233.130,robot_1,0.820,0.821
1789248951,773228610,233.130,robot_2,2.015,-2.313
1789248951,975467291,233.332,robot_0,-0.436,1.469
1789248951,975544073,233.332,robot_1,0.820,0.821
1789248951,975596898,233.332,robot_2,2.016,-2.313
1789248952,205814675,233.563,robot_0,-0.440,1.446
1789248952,205882578,233.563,robot_1,0.820,0.822
1789248952,205932853,233.563,robot_2,2.016,-2.312
1789248952,407126131,233.764,robot_0,-0.445,1.418
1789248952,407199366,233.764,robot_1,0.821,0.822
1789248952,407240512,233.764,robot_2,2.016,-2.312
1789248952,625450022,233.982,robot_0,-0.451,1.385
1789248952,625514038,233.982,robot_1,0.821,0.822
1789248952,625554857,233.982,robot_2,2.016,-2.311
1789248952,839998692,234.197,robot_0,-0.452,1.381
1789248952,842250946,234.199,robot_1,0.821,0.823
1789248952,842338990,234.199,robot_2,2.016,-2.311
1789248953,44263707,234.401,robot_0,-0.447,1.424
1789248953,44336824,234.401,robot_1,0.821,0.823
1789248953,44377965,234.401,robot_2,2.016,-2.311
1789248953,255567333,234.612,robot_0,-0.443,1.454
1789248953,255628260,234.612,robot_1,0.821,0.824
1789248953,255670973,234.612,robot_2,2.016,-2.311
1789248953,462191111,234.819,robot_0,-0.436,1.511
1789248953,462268871,234.819,robot_1,0.821,0.824
1789248953,462314250,234.819,robot_2,2.016,-2.311
1789248953,663118846,235.020,robot_0,-0.432,1.543
1789248953,663187876,235.020,robot_1,0.821,0.824
1789248953,663236811,235.020,robot_2,2.016,-2.311
1789248953,880214679,235.237,robot_0,-0.433,1.542
1789248953,880282040,235.237,robot_1,0.820,0.825
1789248953,880319396,235.237,robot_2,2.016,-2.312
1789248954,83227871,235.440,robot_0,-0.445,1.507
1789248954,83294418,235.440,robot_1,0.820,0.825
1789248954,83345245,235.440,robot_2,2.015,-2.312
1789248954,289592072,235.646,robot_0,-0.445,1.507
1789248954,289653839,235.646,robot_1,0.820,0.825
1789248954,289694190,235.646,robot_2,1.987,-2.301
1789248954,507483205,235.864,robot_0,-0.435,1.531
1789248954,507542074,235.864,robot_1,0.819,0.825
1789248954,507584174,235.864,robot_2,1.957,-2.289
1789248954,722157088,236.079,robot_0,-0.447,1.503
1789248954,722219204,236.079,robot_1,0.819,0.826
1789248954,722258921,236.079,robot_2,1.956,-2.289
1789248954,943476739,236.300,robot_0,-0.447,1.503
1789248954,943541837,236.300,robot_1,0.818,0.826
1789248954,943585895,236.300,robot_2,1.931,-2.270
1789248955,152467624,236.509,robot_0,-0.447,1.503
1789248955,152527141,236.509,robot_1,0.818,0.826
1789248955,152567879,236.509,robot_2,1.886,-2.230
1789248955,381848426,236.739,robot_0,-0.446,1.503
1789248955,381919299,236.739,robot_1,0.818,0.826
1789248955,381974994,236.739,robot_2,1.860,-2.207
1789248955,589436327,236.946,robot_0,-0.446,1.503
1789248955,589503221,236.946,robot_1,0.818,0.826
1789248955,589555615,236.946,robot_2,1.838,-2.185
1789248955,801080739,237.158,robot_0,-0.445,1.503
1789248955,801145831,237.158,robot_1,0.810,0.863
1789248955,801191392,237.158,robot_2,1.811,-2.158
1789248956,18284706,237.375,robot_0,-0.445,1.503
1789248956,18348960,237.375,robot_1,0.802,0.899
1789248956,18388134,237.375,robot_2,1.811,-2.158
1789248956,230321789,237.587,robot_0,-0.445,1.504
1789248956,230375649,237.587,robot_1,0.799,0.912
1789248956,230412624,237.587,robot_2,1.812,-2.157
1789248956,437414618,237.794,robot_0,-0.444,1.504
1789248956,437488190,237.794,robot_1,0.810,0.860
1789248956,437528813,237.794,robot_2,1.812,-2.157
1789248956,642779935,238.000,robot_0,-0.444,1.504
1789248956,642840101,238.000,robot_1,0.816,0.832
1789248956,642883228,238.000,robot_2,1.812,-2.156
1789248956,850885078,238.208,robot_0,-0.444,1.505
1789248956,850963448,238.208,robot_1,0.817,0.827
1789248956,851013848,238.208,robot_2,1.812,-2.156
1789248957,78144900,238.435,robot_0,-0.444,1.505
1789248957,78210387,238.435,robot_1,0.823,0.783
1789248957,78258982,238.435,robot_2,1.812,-2.156
1789248957,285955807,238.643,robot_0,-0.444,1.505
1789248957,286018410,238.643,robot_1,0.828,0.744
1789248957,286061422,238.643,robot_2,1.812,-2.155
1789248957,500506766,238.857,robot_0,-0.444,1.506
1789248957,500576027,238.857,robot_1,0.831,0.704
1789248957,500624054,238.857,robot_2,1.811,-2.155
1789248957,710438147,239.067,robot_0,-0.444,1.506
1789248957,710500293,239.067,robot_1,0.832,0.688
1789248957,710539121,239.067,robot_2,1.811,-2.155
1789248957,941260425,239.300,robot_0,-0.444,1.507
1789248957,943443599,239.300,robot_1,0.827,0.654
1789248957,943517514,239.300,robot_2,1.811,-2.154
1789248958,143392729,239.500,robot_0,-0.445,1.507
1789248958,143456555,239.500,robot_1,0.820,0.605
1789248958,143496260,239.500,robot_2,1.810,-2.154
1789248958,356575071,239.713,robot_0,-0.445,1.507
1789248958,356646092,239.713,robot_1,0.823,0.623
1789248958,356691615,239.713,robot_2,1.810,-2.154
1789248958,559571781,239.916,robot_0,-0.445,1.507
1789248958,559636603,239.916,robot_1,0.824,0.630
1789248958,559671493,239.916,robot_2,1.810,-2.154
1789248958,775044682,240.132,robot_0,-0.445,1.507
1789248958,775117642,240.132,robot_1,0.818,0.604
1789248958,775161348,240.132,robot_2,1.809,-2.154
1789248958,986732178,240.344,robot_0,-0.446,1.507
1789248958,986816558,240.344,robot_1,0.811,0.578
1789248958,986861245,240.344,robot_2,1.809,-2.154
1789248959,193460571,240.550,robot_0,-0.446,1.507
1789248959,193521994,240.550,robot_1,0.811,0.578
1789248959,193563917,240.550,robot_2,1.808,-2.154
1789248959,403198589,240.760,robot_0,-0.447,1.501
1789248959,403271280,240.760,robot_1,0.811,0.578
1789248959,403318385,240.760,robot_2,1.808,-2.154
1789248959,609358613,240.966,robot_0,-0.456,1.448
1789248959,609433237,240.966,robot_1,0.811,0.578
1789248959,609478034,240.966,robot_2,1.809,-2.156
1789248959,823130676,241.180,robot_0,-0.459,1.427
1789248959,823190397,241.180,robot_1,0.810,0.578
1789248959,823228384,241.180,robot_2,1.835,-2.196
1789248960,44681013,241.401,robot_0,-0.465,1.364
1789248960,44749087,241.402,robot_1,0.810,0.578
1789248960,44795944,241.402,robot_2,1.859,-2.234
1789248960,260649337,241.617,robot_0,-0.465,1.366
1789248960,260714552,241.618,robot_1,0.809,0.577
1789248960,260755751,241.618,robot_2,1.873,-2.260
1789248960,471464122,241.828,robot_0,-0.463,1.386
1789248960,471525257,241.828,robot_1,0.809,0.577
1789248960,471565201,241.828,robot_2,1.867,-2.241
1789248960,688634241,242.045,robot_0,-0.459,1.421
1789248960,688702294,242.045,robot_1,0.809,0.577
1789248960,688743174,242.046,robot_2,1.869,-2.251
1789248960,901404903,242.258,robot_0,-0.461,1.390
1789248960,901471176,242.258,robot_1,0.809,0.577
1789248960,901508196,242.258,robot_2,1.871,-2.303
1789248961,108129103,242.465,robot_0,-0.467,1.318
1789248961,108229042,242.465,robot_1,0.808,0.576
1789248961,108265492,242.465,robot_2,1.872,-2.275
1789248961,334031798,242.691,robot_0,-0.472,1.258
1789248961,334097382,242.691,robot_1,0.808,0.576
1789248961,334135225,242.691,robot_2,1.872,-2.271
1789248961,544131533,242.901,robot_0,-0.475,1.221
1789248961,544198900,242.901,robot_1,0.808,0.575
1789248961,544262085,242.901,robot_2,1.872,-2.271
1789248961,750966337,243.108,robot_0,-0.478,1.177
1789248961,751054667,243.108,robot_1,0.808,0.575
1789248961,751095723,243.108,robot_2,1.871,-2.271
1789248961,953625784,243.310,robot_0,-0.480,1.161
1789248961,953693902,243.310,robot_1,0.808,0.574
1789248961,953737766,243.311,robot_2,1.881,-2.289
1789248962,164410476,243.521,robot_0,-0.478,1.186
1789248962,164480973,243.521,robot_1,0.809,0.574
1789248962,164526240,243.521,robot_2,1.897,-2.317
1789248962,370362980,243.727,robot_0,-0.477,1.186
1789248962,370438776,243.727,robot_1,0.809,0.574
1789248962,370482134,243.727,robot_2,1.897,-2.317
1789248962,586346544,243.943,robot_0,-0.477,1.186
1789248962,586405967,243.943,robot_1,0.809,0.573
1789248962,586438055,243.943,robot_2,1.897,-2.317
1789248962,798469572,244.155,robot_0,-0.477,1.186
1789248962,798531740,244.155,robot_1,0.810,0.573
1789248962,798569631,244.155,robot_2,1.897,-2.317
1789248963,17181753,244.374,robot_0,-0.483,1.162
1789248963,17249639,244.374,robot_1,0.810,0.573
1789248963,17287668,244.374,robot_2,1.896,-2.317
1789248963,243071397,244.600,robot_0,-0.496,1.111
1789248963,243144384,244.600,robot_1,0.810,0.573
1789248963,243182478,244.600,robot_2,1.896,-2.318
1789248963,467745057,244.825,robot_0,-0.509,1.055
1789248963,467821367,244.825,robot_1,0.820,0.599
1789248963,467867225,244.825,robot_2,1.896,-2.318
1789248963,684330171,245.041,robot_0,-0.507,1.065
1789248963,684407288,245.041,robot_1,0.816,0.586
1789248963,684453033,245.041,robot_2,1.896,-2.318
1789248963,914287717,245.271,robot_0,-0.498,1.104
1789248963,914352409,245.271,robot_1,0.805,0.548
1789248963,914390827,245.271,robot_2,1.896,-2.319
1789248964,114431380,245.471,robot_0,-0.495,1.116
1789248964,114500677,245.471,robot_1,0.794,0.514
1789248964,114539632,245.471,robot_2,1.896,-2.319
1789248964,315605711,245.672,robot_0,-0.499,1.095
1789248964,315670690,245.672,robot_1,0.793,0.507
1789248964,315707156,245.672,robot_2,1.896,-2.320
1789248964,531258516,245.888,robot_0,-0.493,1.129
1789248964,531376934,245.888,robot_1,0.784,0.465
1789248964,531440235,245.888,robot_2,1.897,-2.320
1789248964,737732224,246.095,robot_0,-0.493,1.129
1789248964,737790004,246.095,robot_1,0.781,0.454
1789248964,737822688,246.095,robot_2,1.897,-2.320
1789248964,940462775,246.297,robot_0,-0.493,1.128
1789248964,940528725,246.297,robot_1,0.775,0.430
1789248964,940572237,246.297,robot_2,1.897,-2.320
1789248965,169391939,246.526,robot_0,-0.513,1.086
1789248965,169485340,246.526,robot_1,0.766,0.400
1789248965,169525330,246.526,robot_2,1.897,-2.321
1789248965,390678346,246.747,robot_0,-0.542,1.034
1789248965,390750573,246.748,robot_1,0.766,0.400
1789248965,390795786,246.748,robot_2,1.898,-2.321
1789248965,598400821,246.955,robot_0,-0.552,1.018
1789248965,598474310,246.955,robot_1,0.767,0.400
1789248965,598520400,246.955,robot_2,1.898,-2.321
1789248965,820428772,247.177,robot_0,-0.540,1.037
1789248965,820492466,247.177,robot_1,0.767,0.400
1789248965,820529017,247.177,robot_2,1.899,-2.321
1789248966,38872786,247.396,robot_0,-0.553,1.015
1789248966,38943965,247.396,robot_1,0.768,0.400
1789248966,38982459,247.396,robot_2,1.899,-2.321
1789248966,248641361,247.605,robot_0,-0.563,1.002
1789248966,248715164,247.605,robot_1,0.768,0.400
1789248966,248748674,247.606,robot_2,1.899,-2.321
1789248966,477481947,247.834,robot_0,-0.583,0.977
1789248966,477556702,247.834,robot_1,0.768,0.401
1789248966,477601016,247.834,robot_2,1.902,-2.339
1789248966,679581330,248.036,robot_0,-0.566,0.997
1789248966,679650478,248.036,robot_1,0.769,0.401
1789248966,679686551,248.036,robot_2,1.907,-2.379
1789248966,889792704,248.247,robot_0,-0.555,1.010
1789248966,889856890,248.247,robot_1,0.769,0.401
1789248966,889892781,248.247,robot_2,1.911,-2.409
1789248967,92599215,248.449,robot_0,-0.533,1.036
1789248967,92663914,248.449,robot_1,0.769,0.402
1789248967,92699942,248.449,robot_2,1.911,-2.410
1789248967,322581499,248.679,robot_0,-0.556,1.006
1789248967,322648004,248.679,robot_1,0.769,0.402
1789248967,322687146,248.679,robot_2,1.911,-2.410
1789248967,526766120,248.884,robot_0,-0.573,0.979
1789248967,526840785,248.884,robot_1,0.769,0.403
1789248967,526886803,248.884,robot_2,1.911,-2.410
1789248967,748395700,249.105,robot_0,-0.580,0.967
1789248967,748465859,249.105,robot_1,0.769,0.403
1789248967,748503786,249.105,robot_2,1.911,-2.410
1789248967,957807095,249.315,robot_0,-0.580,0.967
1789248967,957872716,249.315,robot_1,0.769,0.404
1789248967,957910337,249.315,robot_2,1.912,-2.410
1789248968,163729502,249.521,robot_0,-0.581,0.967
1789248968,163797669,249.521,robot_1,0.769,0.404
1789248968,163832744,249.521,robot_2,1.912,-2.410
1789248968,376258971,249.733,robot_0,-0.581,0.967
1789248968,376337534,249.733,robot_1,0.768,0.404
1789248968,376372861,249.733,robot_2,1.921,-2.435
1789248968,594220393,249.951,robot_0,-0.582,0.967
1789248968,594296292,249.951,robot_1,0.768,0.405
1789248968,594339582,249.951,robot_2,1.932,-2.467
1789248968,818693341,250.175,robot_0,-0.582,0.967
1789248968,818767136,250.176,robot_1,0.768,0.405
1789248968,818806910,250.176,robot_2,1.946,-2.507
1789248969,25456658,250.382,robot_0,-0.582,0.966
1789248969,25514769,250.382,robot_1,0.778,0.427
1789248969,25542806,250.382,robot_2,1.958,-2.542
1789248969,237297609,250.594,robot_0,-0.583,0.966
1789248969,237370763,250.594,robot_1,0.790,0.452
1789248969,237413800,250.594,robot_2,1.958,-2.542
1789248969,445099175,250.802,robot_0,-0.583,0.966
1789248969,445172321,250.802,robot_1,0.789,0.452
1789248969,445217341,250.802,robot_2,1.958,-2.542
1789248969,645848976,251.003,robot_0,-0.583,0.965
1789248969,645918485,251.003,robot_1,0.782,0.429
1789248969,645975434,251.003,robot_2,1.959,-2.542
1789248969,854019588,251.211,robot_0,-0.583,0.965
1789248969,856344072,251.213,robot_1,0.770,0.394
1789248969,856427162,251.213,robot_2,1.959,-2.541
1789248970,56339969,251.413,robot_0,-0.583,0.965
1789248970,56417913,251.413,robot_1,0.758,0.356
1789248970,56495802,251.413,robot_2,1.959,-2.541
1789248970,272494240,251.629,robot_0,-0.583,0.964
1789248970,272564579,251.629,robot_1,0.763,0.371
1789248970,272599948,251.629,robot_2,1.959,-2.540
1789248970,486016634,251.843,robot_0,-0.583,0.964
1789248970,486079653,251.843,robot_1,0.761,0.364
1789248970,486112838,251.843,robot_2,1.959,-2.540
1789248970,695187174,252.052,robot_0,-0.582,0.963
1789248970,695252241,252.052,robot_1,0.746,0.325
1789248970,695294887,252.052,robot_2,1.959,-2.539
1789248970,922361931,252.279,robot_0,-0.582,0.963
1789248970,922434242,252.279,robot_1,0.721,0.262
1789248970,922482203,252.279,robot_2,1.959,-2.539
1789248971,145265993,252.502,robot_0,-0.582,0.963
1789248971,145353704,252.502,robot_1,0.725,0.272
1789248971,145395081,252.502,robot_2,1.953,-2.542
1789248971,350363254,252.707,robot_0,-0.582,0.963
1789248971,350431168,252.707,robot_1,0.731,0.285
1789248971,350471855,252.707,robot_2,1.903,-2.580
1789248971,572941774,252.930,robot_0,-0.582,0.963
1789248971,573003175,252.930,robot_1,0.744,0.311
1789248971,573036269,252.930,robot_2,1.855,-2.616
1789248971,801904943,253.165,robot_0,-0.582,0.963
1789248971,808598724,253.165,robot_1,0.743,0.312
1789248971,808667172,253.165,robot_2,1.834,-2.632
1789248972,6048935,253.363,robot_0,-0.582,0.963
1789248972,6117671,253.363,robot_1,0.743,0.312
1789248972,6157384,253.363,robot_2,1.834,-2.632
1789248972,208022102,253.565,robot_0,-0.578,0.966
1789248972,208098706,253.565,robot_1,0.743,0.312
1789248972,208140975,253.565,robot_2,1.834,-2.632
1789248972,424207667,253.781,robot_0,-0.534,0.996
1789248972,424286323,253.781,robot_1,0.742,0.312
1789248972,424336787,253.781,robot_2,1.834,-2.632
1789248972,644124427,254.001,robot_0,-0.484,1.029
1789248972,644191779,254.001,robot_1,0.742,0.311
1789248972,644230452,254.001,robot_2,1.834,-2.631
1789248972,864618537,254.221,robot_0,-0.457,1.047
1789248972,864689946,254.221,robot_1,0.742,0.311
1789248972,864732014,254.222,robot_2,1.833,-2.631
1789248973,67771079,254.425,robot_0,-0.420,1.072
1789248973,67851015,254.425,robot_1,0.741,0.311
1789248973,67901140,254.425,robot_2,1.833,-2.631
1789248973,285593885,254.642,robot_0,-0.392,1.090
1789248973,285658330,254.642,robot_1,0.741,0.311
1789248973,285704679,254.642,robot_2,1.832,-2.631
1789248973,518305243,254.875,robot_0,-0.371,1.105
1789248973,520755377,254.878,robot_1,0.741,0.310
1789248973,520835308,254.878,robot_2,1.832,-2.631
1789248973,728738604,255.086,robot_0,-0.402,1.084
1789248973,728806327,255.086,robot_1,0.740,0.310
1789248973,728845275,255.086,robot_2,1.832,-2.632
1789248973,949055555,255.306,robot_0,-0.394,1.089
1789248973,949131632,255.306,robot_1,0.740,0.310
1789248973,949179810,255.306,robot_2,1.831,-2.632
1789248974,158404287,255.515,robot_0,-0.419,1.073
1789248974,158470094,255.515,robot_1,0.740,0.309
1789248974,158508156,255.515,robot_2,1.831,-2.632
1789248974,384625502,255.741,robot_0,-0.432,1.063
1789248974,384695898,255.741,robot_1,0.740,0.309
1789248974,384735076,255.742,robot_2,1.831,-2.632
1789248974,586138248,255.943,robot_0,-0.401,1.083
1789248974,586222754,255.943,robot_1,0.740,0.308
1789248974,586274187,255.943,robot_2,1.830,-2.633
1789248974,793616651,256.150,robot_0,-0.382,1.094
1789248974,793696091,256.150,robot_1,0.741,0.308
1789248974,793735002,256.151,robot_2,1.830,-2.633
1789248975,1357248,256.358,robot_0,-0.382,1.094
1789248975,1422830,256.358,robot_1,0.741,0.308
1789248975,1463423,256.358,robot_2,1.830,-2.633
1789248975,210464366,256.567,robot_0,-0.381,1.094
1789248975,210528589,256.567,robot_1,0.741,0.307
1789248975,210570607,256.567,robot_2,1.830,-2.634
1789248975,417793008,256.775,robot_0,-0.381,1.094
1789248975,417867670,256.775,robot_1,0.741,0.307
1789248975,417915584,256.775,robot_2,1.830,-2.634
1789248975,621190952,256.978,robot_0,-0.381,1.094
1789248975,621262223,256.978,robot_1,0.751,0.316
1789248975,621303519,256.978,robot_2,1.831,-2.634
1789248975,859015102,257.216,robot_0,-0.380,1.094
1789248975,859084100,257.216,robot_1,0.804,0.365
1789248975,859119315,257.216,robot_2,1.885,-2.610
1789248976,63835180,257.421,robot_0,-0.380,1.094
1789248976,63913820,257.421,robot_1,0.837,0.395
1789248976,63973043,257.421,robot_2,1.914,-2.596
1789248976,278762065,257.636,robot_0,-0.380,1.094
1789248976,278832141,257.636,robot_1,0.836,0.395
1789248976,278871114,257.636,robot_2,1.884,-2.610
1789248976,483276895,257.840,robot_0,-0.379,1.094
1789248976,483349959,257.840,robot_1,0.836,0.395
1789248976,483391063,257.840,robot_2,1.874,-2.615
1789248976,697836430,258.055,robot_0,-0.379,1.094
1789248976,697915489,258.055,robot_1,0.836,0.395
1789248976,697968253,258.055,robot_2,1.874,-2.615
1789248976,901515315,258.258,robot_0,-0.378,1.094
1789248976,901593141,258.258,robot_1,0.853,0.409
1789248976,901628841,258.258,robot_2,1.848,-2.621
1789248977,107888022,258.465,robot_0,-0.378,1.094
1789248977,117017887,258.474,robot_1,0.894,0.443
1789248977,117094380,258.474,robot_2,1.822,-2.626
1789248977,325052782,258.682,robot_0,-0.378,1.095
1789248977,325114255,258.682,robot_1,0.919,0.464
1789248977,325149929,258.682,robot_2,1.856,-2.620
1789248977,548314257,258.905,robot_0,-0.378,1.095
1789248977,548379551,258.905,robot_1,0.928,0.471
1789248977,548415690,258.905,robot_2,1.869,-2.617
1789248977,776970993,259.134,robot_0,-0.378,1.095
1789248977,777039942,259.134,robot_1,0.958,0.494
1789248977,777075513,259.134,robot_2,1.869,-2.617
1789248977,989006809,259.346,robot_0,-0.378,1.096
1789248977,989082599,259.350,robot_1,0.964,0.498
1789248977,992968158,259.350,robot_2,1.870,-2.617
1789248978,213355009,259.570,robot_0,-0.378,1.096
1789248978,213422925,259.570,robot_1,0.978,0.512
1789248978,213459155,259.570,robot_2,1.881,-2.611
1789248978,420820588,259.778,robot_0,-0.378,1.097
1789248978,420885895,259.778,robot_1,1.010,0.547
1789248978,420929890,259.778,robot_2,1.912,-2.593
1789248978,649289233,260.006,robot_0,-0.378,1.097
1789248978,649365250,260.006,robot_1,1.059,0.603
1789248978,649408764,260.006,robot_2,1.915,-2.590
1789248978,861743198,260.219,robot_0,-0.368,1.100
1789248978,861806589,260.219,robot_1,1.072,0.618
1789248978,861844403,260.219,robot_2,1.945,-2.551
1789248979,63327248,260.420,robot_0,-0.338,1.112
1789248979,63401107,260.420,robot_1,1.048,0.592
1789248979,63438375,260.420,robot_2,1.975,-2.506
1789248979,317800821,260.675,robot_0,-0.298,1.128
1789248979,317892627,260.675,robot_1,1.044,0.588
1789248979,317941654,260.675,robot_2,1.991,-2.482
1789248979,520261330,260.877,robot_0,-0.291,1.131
1789248979,520345742,260.877,robot_1,1.044,0.588
1789248979,520389358,260.877,robot_2,1.981,-2.495
1789248979,720406558,261.077,robot_0,-0.291,1.131
1789248979,720477647,261.077,robot_1,1.045,0.588
1789248979,720515869,261.077,robot_2,1.953,-2.534
1789248979,931617314,261.288,robot_0,-0.291,1.131
1789248979,931687860,261.288,robot_1,1.045,0.588
1789248979,931721256,261.289,robot_2,1.964,-2.519
1789248980,144314456,261.501,robot_0,-0.271,1.143
1789248980,144393856,261.501,robot_1,1.046,0.588
1789248980,144434452,261.501,robot_2,1.967,-2.515
1789248980,358404394,261.715,robot_0,-0.248,1.157
1789248980,358485437,261.715,robot_1,1.046,0.588
1789248980,358526384,261.715,robot_2,1.967,-2.515
1789248980,564764172,261.922,robot_0,-0.270,1.145
1789248980,564838536,261.922,robot_1,1.046,0.588
1789248980,564873164,261.922,robot_2,1.968,-2.515
1789248980,766672697,262.123,robot_0,-0.326,1.114
1789248980,766748954,262.124,robot_1,1.047,0.588
1789248980,766794324,262.124,robot_2,1.968,-2.515
1789248980,967804697,262.325,robot_0,-0.321,1.118
1789248980,967885643,262.325,robot_1,1.047,0.588
1789248980,967935329,262.325,robot_2,1.968,-2.515
1789248981,193266260,262.550,robot_0,-0.315,1.122
1789248981,193353821,262.550,robot_1,1.047,0.589
1789248981,193393527,262.550,robot_2,1.969,-2.515
1789248981,394259177,262.751,robot_0,-0.341,1.110
1789248981,394346725,262.751,robot_1,1.048,0.589
1789248981,394387139,262.751,robot_2,1.969,-2.515
1789248981,597569239,262.954,robot_0,-0.345,1.108
1789248981,597648631,262.954,robot_1,1.048,0.589
1789248981,597685803,262.954,robot_2,1.970,-2.515
1789248981,806223607,263.163,robot_0,-0.305,1.123
1789248981,806306851,263.163,robot_1,1.048,0.590
1789248981,806343378,263.163,robot_2,1.970,-2.514
1789248982,6542315,263.363,robot_0,-0.288,1.129
1789248982,6631625,263.363,robot_1,1.048,0.590
1789248982,6668211,263.363,robot_2,1.970,-2.514
1789248982,207728475,263.565,robot_0,-0.331,1.113
1789248982,207809229,263.565,robot_1,1.048,0.591
1789248982,207850502,263.565,robot_2,1.970,-2.514
1789248982,423831745,263.781,robot_0,-0.395,1.088
1789248982,423954852,263.781,robot_1,1.048,0.591
1789248982,424004302,263.781,robot_2,1.970,-2.513
1789248982,649591170,264.006,robot_0,-0.406,1.084
1789248982,649648786,264.006,robot_1,1.048,0.591
1789248982,649677170,264.006,robot_2,1.971,-2.513
1789248982,858568326,264.215,robot_0,-0.387,1.091
1789248982,858647129,264.215,robot_1,1.047,0.592
1789248982,858695424,264.215,robot_2,1.971,-2.512
1789248983,64634076,264.421,robot_0,-0.388,1.091
1789248983,64721750,264.422,robot_1,1.047,0.592
1789248983,64761957,264.422,robot_2,1.970,-2.512
1789248983,265493475,264.622,robot_0,-0.388,1.092
1789248983,265565180,264.622,robot_1,1.050,0.595
1789248983,265599764,264.622,robot_2,1.970,-2.512
1789248983,488331508,264.845,robot_0,-0.388,1.092
1789248983,488408604,264.845,robot_1,1.077,0.624
1789248983,488449496,264.845,robot_2,1.970,-2.511
1789248983,698943561,265.056,robot_0,-0.388,1.092
1789248983,699013567,265.056,robot_1,1.074,0.620
1789248983,699050731,265.056,robot_2,1.970,-2.511
1789248983,900636029,265.261,robot_0,-0.389,1.092
1789248983,903962068,265.261,robot_1,1.069,0.615
1789248983,904024452,265.261,robot_2,1.961,-2.518
1789248984,101807407,265.459,robot_0,-0.389,1.093
1789248984,101883252,265.459,robot_1,1.024,0.569
1789248984,117162770,265.474,robot_2,1.907,-2.565
1789248984,306578746,265.663,robot_0,-0.389,1.093
1789248984,306646664,265.663,robot_1,1.025,0.570
1789248984,306684166,265.663,robot_2,1.875,-2.592
1789248984,515518325,265.872,robot_0,-0.390,1.093
1789248984,515583474,265.872,robot_1,1.024,0.569
1789248984,515616190,265.872,robot_2,1.858,-2.606
1789248984,734789581,266.092,robot_0,-0.390,1.092
1789248984,734860061,266.092,robot_1,0.979,0.532
1789248984,734901773,266.092,robot_2,1.823,-2.632
1789248984,950958991,266.308,robot_0,-0.391,1.092
1789248984,951029703,266.308,robot_1,0.944,0.504
1789248984,951073093,266.308,robot_2,1.832,-2.628
1789248985,157175392,266.517,robot_0,-0.391,1.092
1789248985,160013446,266.517,robot_1,0.904,0.472
1789248985,160064000,266.517,robot_2,1.853,-2.618
1789248985,367743340,266.725,robot_0,-0.391,1.092
1789248985,367801861,266.725,robot_1,0.874,0.446
1789248985,367831268,266.725,robot_2,1.852,-2.619
1789248985,570580735,266.927,robot_0,-0.392,1.092
1789248985,570644127,266.927,robot_1,0.879,0.452
1789248985,570679208,266.927,robot_2,1.824,-2.628
1789248985,785259941,267.142,robot_0,-0.392,1.091
1789248985,785335145,267.142,robot_1,0.897,0.472
1789248985,785379342,267.142,robot_2,1.817,-2.631
1789248985,993307353,267.350,robot_0,-0.392,1.091
1789248985,993379773,267.350,robot_1,0.897,0.472
1789248985,993418846,267.350,robot_2,1.847,-2.628
1789248986,212767517,267.570,robot_0,-0.392,1.090
1789248986,212833456,267.570,robot_1,0.897,0.472
1789248986,212870840,267.570,robot_2,1.876,-2.625
1789248986,428838656,267.786,robot_0,-0.392,1.090
1789248986,428906341,267.786,robot_1,0.896,0.472
1789248986,428951257,267.786,robot_2,1.876,-2.624
1789248986,640743748,267.998,robot_0,-0.366,1.093
1789248986,640818293,267.998,robot_1,0.896,0.472
1789248986,640861592,267.998,robot_2,1.876,-2.624
1789248986,854647787,268.211,robot_0,-0.329,1.099
1789248986,854715128,268.211,robot_1,0.895,0.472
1789248986,854747522,268.212,robot_2,1.875,-2.624
1789248987,56637800,268.413,robot_0,-0.336,1.098
1789248987,56714189,268.414,robot_1,0.895,0.472
1789248987,56756042,268.414,robot_2,1.875,-2.624
1789248987,302145138,268.659,robot_0,-0.296,1.102
1789248987,302241774,268.659,robot_1,0.894,0.472
1789248987,302280599,268.659,robot_2,1.875,-2.623
1789248987,502118599,268.859,robot_0,-0.242,1.107
1789248987,502206437,268.859,robot_1,0.894,0.472
1789248987,502248587,268.859,robot_2,1.875,-2.623
1789248987,713142582,269.070,robot_0,-0.258,1.106
1789248987,713222746,269.070,robot_1,0.894,0.471
1789248987,713265763,269.070,robot_2,1.874,-2.623
1789248987,917509133,269.274,robot_0,-0.243,1.107
1789248987,917584738,269.274,robot_1,0.893,0.471
1789248987,917621595,269.274,robot_2,1.874,-2.623
1789248988,140481713,269.497,robot_0,-0.208,1.110
1789248988,140558703,269.497,robot_1,0.893,0.471
1789248988,140600971,269.497,robot_2,1.873,-2.623
1789248988,350940654,269.708,robot_0,-0.208,1.110
1789248988,351021481,269.708,robot_1,0.893,0.470
1789248988,351064578,269.708,robot_2,1.873,-2.623
1789248988,562420734,269.919,robot_0,-0.206,1.110
1789248988,562494251,269.919,robot_1,0.893,0.470
1789248988,562534004,269.919,robot_2,1.872,-2.623
1789248988,778321580,270.135,robot_0,-0.160,1.123
1789248988,778405532,270.135,robot_1,0.893,0.469
1789248988,778442575,270.135,robot_2,1.872,-2.623
1789248988,979073643,270.336,robot_0,-0.132,1.131
1789248988,981333270,270.338,robot_1,0.893,0.469
1789248988,981401466,270.338,robot_2,1.872,-2.623
1789248989,181641880,270.538,robot_0,-0.132,1.131
1789248989,181719375,270.539,robot_1,0.893,0.469
1789248989,181753313,270.539,robot_2,1.872,-2.624
1789248989,384885405,270.742,robot_0,-0.132,1.131
1789248989,384967505,270.742,robot_1,0.895,0.469
1789248989,385000889,270.742,robot_2,1.871,-2.624
1789248989,591096031,270.948,robot_0,-0.132,1.130
1789248989,591178954,270.948,robot_1,0.932,0.493
1789248989,591211706,270.948,robot_2,1.871,-2.624
1789248989,811391783,271.168,robot_0,-0.131,1.130
1789248989,811459396,271.168,robot_1,0.964,0.513
1789248989,811490201,271.168,robot_2,1.871,-2.625
1789248990,26092332,271.383,robot_0,-0.131,1.130
1789248990,26167827,271.383,robot_1,0.961,0.511
1789248990,26214501,271.383,robot_2,1.871,-2.625
1789248990,239636919,271.596,robot_0,-0.131,1.130
1789248990,239725243,271.597,robot_1,0.961,0.510
1789248990,239770796,271.597,robot_2,1.871,-2.625
1789248990,446727718,271.804,robot_0,-0.130,1.130
1789248990,446798310,271.804,robot_1,0.950,0.503
1789248990,446835417,271.804,robot_2,1.852,-2.631
1789248990,662644062,272.019,robot_0,-0.130,1.130
1789248990,662718959,272.020,robot_1,0.917,0.477
1789248990,662757509,272.020,robot_2,1.817,-2.643
1789248990,872341276,272.229,robot_0,-0.129,1.130
1789248990,872424556,272.229,robot_1,0.920,0.480
1789248990,872462874,272.229,robot_2,1.816,-2.643
1789248991,83025681,272.440,robot_0,-0.129,1.130
1789248991,83103067,272.440,robot_1,0.970,0.517
1789248991,83137940,272.440,robot_2,1.816,-2.643
1789248991,312986032,272.670,robot_0,-0.129,1.130
1789248991,313057900,272.670,robot_1,1.000,0.540
1789248991,313093075,272.670,robot_2,1.823,-2.638
1789248991,521645091,272.878,robot_0,-0.128,1.130
1789248991,521718405,272.879,robot_1,0.975,0.521
1789248991,521754544,272.879,robot_2,1.859,-2.602
1789248991,721698650,273.078,robot_0,-0.128,1.130
1789248991,721775383,273.079,robot_1,0.943,0.497
1789248991,721815026,273.079,robot_2,1.861,-2.600
1789248991,928789593,273.286,robot_0,-0.128,1.131
1789248991,928864086,273.286,robot_1,0.934,0.490
1789248991,928901019,273.286,robot_2,1.881,-2.580
1789248992,152997263,273.510,robot_0,-0.128,1.131
1789248992,153067510,273.510,robot_1,0.942,0.497
1789248992,153101386,273.510,robot_2,1.921,-2.539
1789248992,360179965,273.717,robot_0,-0.128,1.131
1789248992,360257683,273.717,robot_1,0.971,0.525
1789248992,360294398,273.717,robot_2,1.963,-2.497
1789248992,586192071,273.943,robot_0,-0.128,1.132
1789248992,586273412,273.943,robot_1,0.976,0.530
1789248992,586312333,273.943,robot_2,2.004,-2.456
1789248992,803469128,274.160,robot_0,-0.128,1.132
1789248992,803546761,274.160,robot_1,0.976,0.530
1789248992,803580269,274.160,robot_2,2.054,-2.405
1789248993,6065838,274.363,robot_0,-0.128,1.133
1789248993,6136743,274.363,robot_1,0.977,0.529
1789248993,6175312,274.363,robot_2,2.066,-2.393
1789248993,216747736,274.574,robot_0,-0.141,1.128
1789248993,216821038,274.574,robot_1,0.977,0.529
1789248993,216857072,274.574,robot_2,2.067,-2.393
1789248993,438244992,274.795,robot_0,-0.184,1.114
1789248993,438322141,274.795,robot_1,0.977,0.529
1789248993,438357727,274.795,robot_2,2.067,-2.394
1789248993,653517167,275.013,robot_0,-0.159,1.122
1789248993,656195764,275.013,robot_1,0.978,0.529
1789248993,656256679,275.013,robot_2,2.067,-2.394
1789248993,871739573,275.229,robot_0,-0.114,1.138
1789248993,871814580,275.229,robot_1,0.978,0.529
1789248993,871854352,275.229,robot_2,2.068,-2.394
1789248994,79788125,275.437,robot_0,-0.083,1.148
1789248994,79863746,275.437,robot_1,0.979,0.530
1789248994,79906509,275.440,robot_2,2.068,-2.394
1789248994,312675894,275.669,robot_0,-0.044,1.162
1789248994,312768000,275.670,robot_1,0.979,0.530
1789248994,312810737,275.670,robot_2,2.069,-2.394
1789248994,519282752,275.876,robot_0,-0.042,1.162
1789248994,519347947,275.876,robot_1,0.979,0.530
1789248994,519406626,275.876,robot_2,2.069,-2.394
1789248994,731624177,276.088,robot_0,-0.043,1.162
1789248994,731700074,276.088,robot_1,0.980,0.530
1789248994,731738453,276.089,robot_2,2.069,-2.394
1789248994,947703099,276.304,robot_0,-0.043,1.162
1789248994,947778564,276.305,robot_1,0.980,0.531
1789248994,947818156,276.305,robot_2,2.069,-2.393
1789248995,163372795,276.520,robot_0,-0.043,1.163
1789248995,163454415,276.520,robot_1,0.980,0.531
1789248995,163493205,276.520,robot_2,2.070,-2.393
1789248995,364658266,276.721,robot_0,-0.061,1.148
1789248995,364735450,276.722,robot_1,0.980,0.531
1789248995,364776733,276.722,robot_2,2.070,-2.393
1789248995,585593726,276.942,robot_0,-0.107,1.105
1789248995,585668304,276.942,robot_1,0.980,0.532
1789248995,585702892,276.942,robot_2,2.070,-2.392
1789248995,805538876,277.162,robot_0,-0.133,1.078
1789248995,805605006,277.162,robot_1,0.980,0.532
1789248995,805639461,277.162,robot_2,2.070,-2.392
1789248996,6618477,277.363,robot_0,-0.127,1.086
1789248996,6688381,277.363,robot_1,0.980,0.533
1789248996,6724343,277.364,robot_2,2.070,-2.392
1789248996,218447897,277.575,robot_0,-0.100,1.118
1789248996,218526312,277.575,robot_1,0.980,0.533
1789248996,218567509,277.575,robot_2,2.070,-2.391
1789248996,449032647,277.806,robot_0,-0.097,1.123
1789248996,449109078,277.806,robot_1,0.983,0.535
1789248996,449151531,277.806,robot_2,2.070,-2.391
1789248996,681151129,278.038,robot_0,-0.097,1.123
1789248996,681233248,278.038,robot_1,1.025,0.560
1789248996,681269327,278.038,robot_2,2.070,-2.390
1789248996,896159721,278.253,robot_0,-0.098,1.123
1789248996,896232360,278.253,robot_1,1.063,0.583
1789248996,896270188,278.253,robot_2,2.030,-2.413
1789248997,102724905,278.460,robot_0,-0.098,1.123
1789248997,102800731,278.460,robot_1,1.081,0.594
1789248997,102839723,278.460,robot_2,1.981,-2.442
1789248997,322371483,278.679,robot_0,-0.099,1.123
1789248997,322448677,278.679,robot_1,1.081,0.594
1789248997,322491837,278.679,robot_2,1.932,-2.471
1789248997,528821958,278.886,robot_0,-0.099,1.123
1789248997,528896648,278.886,robot_1,1.081,0.593
1789248997,528937231,278.886,robot_2,1.885,-2.499
1789248997,752038407,279.109,robot_0,-0.099,1.123
1789248997,752122815,279.109,robot_1,1.081,0.593
1789248997,752165667,279.109,robot_2,1.851,-2.519
1789248997,961590173,279.318,robot_0,-0.100,1.122
1789248997,971053012,279.328,robot_1,1.081,0.592
1789248997,971130813,279.328,robot_2,1.879,-2.503
1789248998,179816743,279.537,robot_0,-0.100,1.122
1789248998,179890402,279.537,robot_1,1.081,0.592
1789248998,179934616,279.537,robot_2,1.880,-2.502
1789248998,412676007,279.769,robot_0,-0.100,1.122
1789248998,412743498,279.770,robot_1,1.081,0.591
1789248998,412773115,279.770,robot_2,1.880,-2.502
1789248998,615952684,279.973,robot_0,-0.100,1.121
1789248998,616044440,279.973,robot_1,1.080,0.591
1789248998,616083625,279.973,robot_2,1.880,-2.502
1789248998,821130607,280.178,robot_0,-0.101,1.121
1789248998,821204415,280.178,robot_1,1.080,0.590
1789248998,821239602,280.178,robot_2,1.865,-2.516
1789248999,49379273,280.406,robot_0,-0.101,1.121
1789248999,49452410,280.406,robot_1,1.079,0.590
1789248999,49486538,280.406,robot_2,1.825,-2.558
1789248999,264987021,280.622,robot_0,-0.101,1.120
1789248999,265068617,280.622,robot_1,1.079,0.590
1789248999,265107949,280.622,robot_2,1.829,-2.553
1789248999,473610778,280.830,robot_0,-0.100,1.120
1789248999,473686037,280.830,robot_1,1.079,0.590
1789248999,473724018,280.831,robot_2,1.829,-2.553
1789248999,722623579,281.079,robot_0,-0.100,1.119
1789248999,722717489,281.080,robot_1,1.079,0.590
1789248999,722758008,281.080,robot_2,1.805,-2.576
1789248999,939212668,281.296,robot_0,-0.100,1.119
1789248999,939290272,281.296,robot_1,1.079,0.590
1789248999,939325578,281.296,robot_2,1.801,-2.580
1789249000,150504772,281.507,robot_0,-0.101,1.118
1789249000,150564364,281.507,robot_1,1.080,0.590
1789249000,150592577,281.507,robot_2,1.775,-2.595
1789249000,373384341,281.730,robot_0,-0.119,1.102
1789249000,373465612,281.730,robot_1,1.080,0.591
1789249000,373506094,281.730,robot_2,1.773,-2.597
1789249000,584062139,281.941,robot_0,-0.087,1.130
1789249000,584138928,281.941,robot_1,1.080,0.591
1789249000,584177581,281.941,robot_2,1.773,-2.597
1789249000,789721729,282.147,robot_0,-0.047,1.167
1789249000,789802035,282.147,robot_1,1.080,0.591
1789249000,789842754,282.147,robot_2,1.773,-2.597
1789249000,992848920,282.350,robot_0,-0.013,1.196
1789249000,992951921,282.350,robot_1,1.080,0.592
1789249000,992999127,282.350,robot_2,1.773,-2.597
1789249001,216239016,282.573,robot_0,0.018,1.224
1789249001,216318458,282.573,robot_1,1.080,0.592
1789249001,216362084,282.573,robot_2,1.773,-2.596
1789249001,433047742,282.790,robot_0,0.022,1.228
1789249001,433134195,282.790,robot_1,1.080,0.593
1789249001,433177684,282.790,robot_2,1.772,-2.596
1789249001,646821977,283.004,robot_0,0.053,1.252
1789249001,647778836,283.005,robot_1,1.080,0.593
1789249001,647853300,283.005,robot_2,1.772,-2.596
1789249001,873080045,283.230,robot_0,0.082,1.274
1789249001,873156250,283.230,robot_1,1.080,0.593
1789249001,873195959,283.230,robot_2,1.772,-2.596
1789249002,80282430,283.437,robot_0,0.057,1.256
1789249002,80354623,283.437,robot_1,1.080,0.594
1789249002,80394837,283.437,robot_2,1.771,-2.596
1789249002,285872870,283.643,robot_0,0.094,1.283
1789249002,285946302,283.643,robot_1,1.080,0.594
1789249002,285976267,283.643,robot_2,1.771,-2.596
1789249002,511852593,283.869,robot_0,0.124,1.306
1789249002,511950011,283.869,robot_1,1.079,0.594
1789249002,511990072,283.869,robot_2,1.770,-2.596
1789249002,745555928,284.102,robot_0,0.132,1.312
1789249002,745648690,284.102,robot_1,1.079,0.595
1789249002,745692870,284.102,robot_2,1.770,-2.596
1789249002,963081305,284.320,robot_0,0.119,1.301
1789249002,963150412,284.320,robot_1,1.078,0.595
1789249002,963183713,284.320,robot_2,1.770,-2.596
1789249003,179717061,284.537,robot_0,0.102,1.288
1789249003,179783762,284.537,robot_1,1.068,0.541
1789249003,179815594,284.537,robot_2,1.769,-2.596
1789249003,393732011,284.751,robot_0,0.102,1.287
1789249003,393806312,284.751,robot_1,1.057,0.482
1789249003,393842083,284.751,robot_2,1.769,-2.597
1789249003,612335488,284.969,robot_0,0.103,1.287
1789249003,612399427,284.969,robot_1,1.046,0.419
1789249003,612431335,284.969,robot_2,1.769,-2.597
1789249003,820983415,285.178,robot_0,0.103,1.287
1789249003,821055851,285.178,robot_1,1.045,0.415
1789249003,821091336,285.178,robot_2,1.769,-2.598
1789249004,23493502,285.380,robot_0,0.104,1.287
1789249004,23567662,285.380,robot_1,1.045,0.406
1789249004,23604072,285.380,robot_2,1.787,-2.600
1789249004,244151905,285.601,robot_0,0.104,1.287
1789249004,244217443,285.601,robot_1,1.046,0.336
1789249004,244252435,285.601,robot_2,1.858,-2.608
1789249004,457514844,285.814,robot_0,0.105,1.287
1789249004,457592670,285.814,robot_1,1.047,0.280
1789249004,457638446,285.814,robot_2,1.918,-2.615
1789249004,684777171,286.042,robot_0,0.105,1.287
1789249004,684844195,286.042,robot_1,1.047,0.313
1789249004,684880078,286.042,robot_2,1.976,-2.621
1789249004,888786565,286.246,robot_0,0.105,1.288
1789249004,888860661,286.246,robot_1,1.046,0.352
1789249004,888893873,286.246,robot_2,1.965,-2.619
1789249005,96409057,286.453,robot_0,0.106,1.288
1789249005,96477378,286.453,robot_1,1.046,0.357
1789249005,96515173,286.453,robot_2,1.918,-2.611
1789249005,311402759,286.668,robot_0,0.106,1.288
1789249005,311470924,286.668,robot_1,1.040,0.396
1789249005,311504227,286.668,robot_2,1.877,-2.604
1789249005,516792110,286.874,robot_0,0.106,1.289
1789249005,516862336,286.874,robot_1,1.040,0.394
1789249005,516891441,286.874,robot_2,1.828,-2.595
1789249005,724539431,287.081,robot_0,0.106,1.289
1789249005,724605097,287.081,robot_1,1.047,0.356
1789249005,724641373,287.081,robot_2,1.836,-2.596
1789249005,930738438,287.288,robot_0,0.106,1.290
1789249005,930810730,287.288,robot_1,1.046,0.356
1789249005,930852807,287.288,robot_2,1.895,-2.607
1789249006,151454227,287.508,robot_0,0.106,1.290
1789249006,152845796,287.510,robot_1,1.046,0.356
1789249006,155970318,287.513,robot_2,1.929,-2.614
1789249006,343892298,287.701,robot_0,0.106,1.291
1789249006,343968324,287.701,robot_1,1.046,0.356
1789249006,344002122,287.701,robot_2,1.987,-2.626
1789249006,561985526,287.919,robot_0,0.106,1.291
1789249006,562056103,287.919,robot_1,1.045,0.355
1789249006,562097214,287.919,robot_2,1.962,-2.621
1789249006,785637535,288.142,robot_0,0.106,1.291
1789249006,785877021,288.143,robot_1,1.045,0.355
1789249006,785951316,288.143,robot_2,1.962,-2.621
1789249007,3902542,288.361,robot_0,0.099,1.286
1789249007,3978188,288.361,robot_1,1.045,0.354
1789249007,4018353,288.361,robot_2,1.962,-2.621
1789249007,211471184,288.568,robot_0,0.057,1.246
1789249007,211543368,288.568,robot_1,1.045,0.354
1789249007,211580341,288.568,robot_2,1.962,-2.621
1789249007,413571688,288.770,robot_0,0.042,1.232
1789249007,413647858,288.770,robot_1,1.045,0.354
1789249007,413693811,288.770,robot_2,1.962,-2.622
1789249007,619304132,288.976,robot_0,0.022,1.209
1789249007,619378698,288.976,robot_1,1.045,0.353
1789249007,619418237,288.976,robot_2,1.962,-2.622
1789249007,825887744,289.183,robot_0,-0.010,1.169
1789249007,825970536,289.183,robot_1,1.045,0.353
1789249007,826013556,289.183,robot_2,1.962,-2.622
1789249008,30580437,289.387,robot_0,-0.015,1.164
1789249008,30656405,289.387,robot_1,1.045,0.352
1789249008,30706375,289.387,robot_2,1.963,-2.623
1789249008,252178471,289.609,robot_0,0.008,1.196
1789249008,252241214,289.609,robot_1,1.045,0.352
1789249008,252272462,289.609,robot_2,1.963,-2.623
1789249008,456659667,289.813,robot_0,0.020,1.212
1789249008,456729539,289.814,robot_1,1.046,0.352
1789249008,456775828,289.814,robot_2,1.963,-2.623
1789249008,658902920,290.016,robot_0,0.031,1.227
1789249008,658983263,290.016,robot_1,1.046,0.352
1789249008,659021453,290.016,robot_2,1.963,-2.623
1789249008,885210611,290.242,robot_0,0.015,1.205
1789249008,885288713,290.242,robot_1,1.046,0.351
1789249008,885336793,290.242,robot_2,1.964,-2.623
1789249009,113367085,290.470,robot_0,-0.013,1.166
1789249009,113439310,290.470,robot_1,1.047,0.351
1789249009,113482445,290.470,robot_2,1.964,-2.623
1789249009,327574016,290.684,robot_0,-0.040,1.128
1789249009,327642092,290.684,robot_1,1.047,0.351
1789249009,327678905,290.684,robot_2,1.965,-2.623
1789249009,530072188,290.887,robot_0,-0.061,1.094
1789249009,530143151,290.887,robot_1,1.047,0.380
1789249009,541206624,290.898,robot_2,1.965,-2.623
1789249009,741310766,291.098,robot_0,-0.082,1.049
1789249009,741382787,291.098,robot_1,1.047,0.391
1789249009,741422262,291.098,robot_2,1.966,-2.623
1789249009,951186905,291.308,robot_0,-0.106,0.990
1789249009,951256525,291.308,robot_1,1.046,0.400
1789249009,951293563,291.308,robot_2,1.966,-2.622
1789249010,160516998,291.517,robot_0,-0.104,0.996
1789249010,160590540,291.517,robot_1,1.039,0.452
1789249010,160630073,291.517,robot_2,1.966,-2.622
1789249010,377441719,291.734,robot_0,-0.103,0.997
1789249010,377522908,291.734,robot_1,1.038,0.458
1789249010,377567018,291.734,robot_2,1.966,-2.622
1789249010,611083440,291.968,robot_0,-0.117,0.964
1789249010,611154106,291.968,robot_1,1.038,0.465
1789249010,611187905,291.968,robot_2,1.963,-2.620
1789249010,815597151,292.172,robot_0,-0.124,0.945
1789249010,815679788,292.172,robot_1,1.032,0.505
1789249010,815721084,292.173,robot_2,1.940,-2.607
1789249011,39641814,292.396,robot_0,-0.124,0.945
1789249011,39724066,292.397,robot_1,1.024,0.574
1789249011,39757140,292.397,robot_2,1.917,-2.597
1789249011,251668008,292.608,robot_0,-0.125,0.945
1789249011,251739205,292.609,robot_1,1.017,0.625
1789249011,251775335,292.609,robot_2,1.867,-2.575
1789249011,461896462,292.819,robot_0,-0.125,0.945
1789249011,461980509,292.819,robot_1,1.016,0.632
1789249011,462022103,292.819,robot_2,1.807,-2.549
1789249011,661904040,293.019,robot_0,-0.125,0.945
1789249011,661987526,293.019,robot_1,1.017,0.632
1789249011,662030831,293.019,robot_2,1.766,-2.532
1789249011,882424837,293.239,robot_0,-0.126,0.945
1789249011,882493288,293.239,robot_1,1.011,0.647
1789249011,882531883,293.239,robot_2,1.741,-2.522
1789249012,116899246,293.475,robot_0,-0.126,0.945
1789249012,118030398,293.475,robot_1,0.998,0.682
1789249012,118088327,293.475,robot_2,1.757,-2.523
1789249012,327489253,293.684,robot_0,-0.126,0.945
1789249012,327579792,293.684,robot_1,0.998,0.682
1789249012,352581396,293.709,robot_2,1.778,-2.524
1789249012,532371561,293.889,robot_0,-0.127,0.944
1789249012,532441628,293.889,robot_1,0.997,0.682
1789249012,532480429,293.889,robot_2,1.747,-2.524
1789249012,751340227,294.108,robot_0,-0.127,0.944
1789249012,751412977,294.108,robot_1,0.997,0.658
1789249012,751455045,294.108,robot_2,1.712,-2.524
1789249012,965811093,294.323,robot_0,-0.127,0.944
1789249012,965890186,294.323,robot_1,0.997,0.649
1789249012,965945816,294.323,robot_2,1.712,-2.524
1789249013,180938907,294.538,robot_0,-0.127,0.943
1789249013,181022894,294.538,robot_1,1.001,0.669
1789249013,181072282,294.538,robot_2,1.712,-2.523
1789249013,418550523,294.775,robot_0,-0.127,0.943
1789249013,418633867,294.775,robot_1,1.017,0.723
1789249013,418683276,294.775,robot_2,1.712,-2.523
1789249013,621699223,294.978,robot_0,-0.127,0.942
1789249013,621782808,294.979,robot_1,1.019,0.730
1789249013,621830391,294.979,robot_2,1.711,-2.522
1789249013,848158266,295.205,robot_0,-0.127,0.942
1789249013,848243611,295.205,robot_1,1.008,0.703
1789249013,848294644,295.205,robot_2,1.711,-2.522
1789249014,63903749,295.421,robot_0,-0.126,0.942
1789249014,63993286,295.421,robot_1,1.008,0.703
1789249014,64038110,295.421,robot_2,1.711,-2.522
1789249014,276359247,295.633,robot_0,-0.126,0.941
1789249014,277005622,295.634,robot_1,1.008,0.703
1789249014,277076060,295.634,robot_2,1.710,-2.522
1789249014,490458541,295.847,robot_0,-0.145,0.922
1789249014,490540152,295.847,robot_1,1.009,0.703
1789249014,490576710,295.847,robot_2,1.710,-2.522
1789249014,693011274,296.050,robot_0,-0.168,0.897
1789249014,693087272,296.050,robot_1,1.009,0.703
1789249014,693125957,296.050,robot_2,1.710,-2.522
1789249014,908124585,296.265,robot_0,-0.199,0.866
1789249014,908196174,296.265,robot_1,1.009,0.703
1789249014,908242603,296.265,robot_2,1.709,-2.522
1789249015,119323263,296.476,robot_0,-0.220,0.844
1789249015,119397597,296.476,robot_1,1.010,0.703
1789249015,119440907,296.476,robot_2,1.709,-2.522
1789249015,360818522,296.718,robot_0,-0.220,0.843
1789249015,360891683,296.725,robot_1,1.010,0.704
1789249015,367948272,296.725,robot_2,1.708,-2.522
1789249015,579090574,296.936,robot_0,-0.221,0.844
1789249015,579179931,296.936,robot_1,1.011,0.704
1789249015,579215510,296.936,robot_2,1.708,-2.522
1789249015,781835355,297.139,robot_0,-0.221,0.844
1789249015,781913216,297.139,robot_1,1.011,0.704
1789249015,781962233,297.139,robot_2,1.708,-2.522
1789249015,983439497,297.340,robot_0,-0.221,0.845
1789249015,983516018,297.340,robot_1,1.011,0.705
1789249015,983559875,297.340,robot_2,1.707,-2.523
1789249016,184714028,297.542,robot_0,-0.221,0.845
1789249016,184794702,297.542,robot_1,1.011,0.705
1789249016,184841694,297.542,robot_2,1.707,-2.523
1789249016,391746603,297.749,robot_0,-0.221,0.846
1789249016,391821467,297.749,robot_1,1.011,0.706
1789249016,391859688,297.749,robot_2,1.707,-2.523
1789249016,602133671,297.959,robot_0,-0.220,0.846
1789249016,602217521,297.959,robot_1,1.011,0.706
1789249016,602266332,297.959,robot_2,1.707,-2.523
1789249016,820071286,298.177,robot_0,-0.220,0.847
1789249016,820144795,298.177,robot_1,1.011,0.706
1789249016,820183452,298.177,robot_2,1.715,-2.526
1789249017,33253835,298.390,robot_0,-0.220,0.847
1789249017,33331232,298.390,robot_1,1.011,0.707
1789249017,33378460,298.390,robot_2,1.753,-2.541
1789249017,260593649,298.617,robot_0,-0.207,0.829
1789249017,260664203,298.617,robot_1,1.010,0.707
1789249017,260700820,298.617,robot_2,1.755,-2.541
1789249017,484388363,298.841,robot_0,-0.196,0.812
1789249017,484463400,298.841,robot_1,1.010,0.707
1789249017,484506233,298.841,robot_2,1.721,-2.521
1789249017,701330372,299.058,robot_0,-0.206,0.827
1789249017,701406213,299.058,robot_1,1.022,0.724
1789249017,701449418,299.058,robot_2,1.719,-2.520
1789249017,930381138,299.287,robot_0,-0.190,0.798
1789249017,930458508,299.287,robot_1,1.038,0.748
1789249017,930504089,299.287,robot_2,1.719,-2.520
1789249018,143745977,299.501,robot_0,-0.178,0.774
1789249018,143819220,299.501,robot_1,1.044,0.755
1789249018,143862976,299.501,robot_2,1.770,-2.533
1789249018,356367346,299.713,robot_0,-0.178,0.774
1789249018,356440802,299.713,robot_1,1.066,0.781
1789249018,356479110,299.713,robot_2,1.802,-2.538
1789249018,571047272,299.928,robot_0,-0.178,0.774
1789249018,571125052,299.928,robot_1,1.062,0.776
1789249018,571161826,299.928,robot_2,1.802,-2.539
1789249018,779347164,300.136,robot_0,-0.178,0.774
1789249018,779419387,300.136,robot_1,1.019,0.724
1789249018,779460007,300.136,robot_2,1.802,-2.539
