stamp_sec,stamp_nsec,elapsed_s,robot,x,y
1789331291,726266810,3.746,robot_1,-2.042,-0.684
1789331291,726437951,3.746,robot_0,-0.059,-0.611
1789331291,726505547,3.746,robot_2,0.525,1.065
1789331295,544594283,7.564,robot_1,-2.042,-0.684
1789331295,544676758,7.564,robot_0,-0.059,-0.611
1789331295,544718028,7.565,robot_2,0.525,1.065
1789331298,200653962,10.220,robot_1,-2.042,-0.684
1789331298,200735629,10.221,robot_0,-0.059,-0.611
1789331298,200774792,10.221,robot_2,0.525,1.065
1789331298,406035151,10.426,robot_1,-2.044,-0.684
1789331298,406112841,10.426,robot_0,-0.059,-0.611
1789331298,406151071,10.426,robot_2,0.526,1.064
1789331298,622360603,10.642,robot_1,-2.081,-0.694
1789331298,622438781,10.642,robot_0,-0.059,-0.611
1789331298,622480174,10.642,robot_2,0.526,1.064
1789331298,838996515,10.859,robot_1,-2.106,-0.700
1789331298,839091337,10.859,robot_0,-0.059,-0.610
1789331298,839133954,10.859,robot_2,0.526,1.064
1789331299,70861610,11.091,robot_1,-2.129,-0.706
1789331299,70938435,11.091,robot_0,-0.059,-0.610
1789331299,70974213,11.091,robot_2,0.525,1.064
1789331299,282578834,11.302,robot_1,-2.134,-0.708
1789331299,282661262,11.302,robot_0,-0.059,-0.610
1789331299,282705864,11.303,robot_2,0.525,1.063
1789331299,512243512,11.532,robot_1,-2.134,-0.708
1789331299,512334178,11.532,robot_0,-0.059,-0.610
1789331299,512379550,11.532,robot_2,0.525,1.063
1789331299,716052951,11.736,robot_1,-2.134,-0.707
1789331299,716134945,11.736,robot_0,-0.073,-0.617
1789331299,716171368,11.736,robot_2,0.526,1.063
1789331299,921758481,11.942,robot_1,-2.134,-0.707
1789331299,921853358,11.942,robot_0,-0.108,-0.638
1789331299,921895754,11.942,robot_2,0.526,1.063
1789331300,137799013,12.158,robot_1,-2.134,-0.706
1789331300,137881487,12.158,robot_0,-0.099,-0.632
1789331300,137926351,12.158,robot_2,0.551,1.072
1789331300,384131712,12.404,robot_1,-2.134,-0.706
1789331300,384204055,12.404,robot_0,-0.082,-0.620
1789331300,384239076,12.404,robot_2,0.596,1.090
1789331300,601878602,12.632,robot_1,-2.134,-0.705
1789331300,612695735,12.633,robot_0,-0.065,-0.609
1789331300,612761056,12.633,robot_2,0.622,1.101
1789331300,812539538,12.832,robot_1,-2.133,-0.705
1789331300,812620236,12.832,robot_0,-0.041,-0.592
1789331300,812657759,12.832,robot_2,0.622,1.102
1789331301,61391452,13.081,robot_1,-2.133,-0.705
1789331301,61475378,13.081,robot_0,-0.048,-0.597
1789331301,61513397,13.081,robot_2,0.622,1.102
1789331301,280969721,13.301,robot_1,-2.133,-0.705
1789331301,281059196,13.301,robot_0,-0.090,-0.629
1789331301,281104655,13.301,robot_2,0.622,1.101
1789331301,491905636,13.512,robot_1,-2.132,-0.704
1789331301,491988845,13.512,robot_0,-0.128,-0.657
1789331301,492067868,13.512,robot_2,0.626,1.104
1789331301,704772656,13.725,robot_1,-2.128,-0.725
1789331301,704863791,13.725,robot_0,-0.132,-0.661
1789331301,704907891,13.725,robot_2,0.657,1.131
1789331301,930971917,13.951,robot_1,-2.125,-0.747
1789331301,931053754,13.951,robot_0,-0.132,-0.661
1789331301,931096058,13.951,robot_2,0.681,1.153
1789331302,143637071,14.163,robot_1,-2.124,-0.747
1789331302,143725349,14.164,robot_0,-0.133,-0.660
1789331302,143775380,14.164,robot_2,0.721,1.190
1789331302,362095608,14.382,robot_1,-2.124,-0.747
1789331302,362178421,14.382,robot_0,-0.133,-0.660
1789331302,362222453,14.382,robot_2,0.718,1.187
1789331302,570785618,14.591,robot_1,-2.124,-0.747
1789331302,570862790,14.591,robot_0,-0.133,-0.660
1789331302,570898217,14.591,robot_2,0.717,1.186
1789331302,786351539,14.806,robot_1,-2.124,-0.747
1789331302,786441863,14.806,robot_0,-0.134,-0.660
1789331302,786488157,14.806,robot_2,0.717,1.186
1789331302,993373535,15.013,robot_1,-2.125,-0.747
1789331302,993451082,15.013,robot_0,-0.134,-0.660
1789331302,993496166,15.013,robot_2,0.718,1.186
1789331303,194159857,15.214,robot_1,-2.125,-0.748
1789331303,194245055,15.214,robot_0,-0.134,-0.660
1789331303,194297760,15.214,robot_2,0.718,1.186
1789331303,400407534,15.420,robot_1,-2.125,-0.748
1789331303,400492083,15.420,robot_0,-0.134,-0.660
1789331303,400541031,15.420,robot_2,0.718,1.185
1789331303,600637321,15.620,robot_1,-2.125,-0.748
1789331303,600721505,15.621,robot_0,-0.135,-0.660
1789331303,607728882,15.628,robot_2,0.718,1.185
1789331303,810963468,15.831,robot_1,-2.126,-0.748
1789331303,811049414,15.831,robot_0,-0.135,-0.660
1789331303,811099547,15.831,robot_2,0.719,1.185
1789331304,16708025,16.037,robot_1,-2.126,-0.748
1789331304,16785318,16.037,robot_0,-0.135,-0.660
1789331304,16826711,16.037,robot_2,0.719,1.185
1789331304,234225208,16.254,robot_1,-2.126,-0.749
1789331304,234300442,16.254,robot_0,-0.135,-0.660
1789331304,234345776,16.254,robot_2,0.719,1.185
1789331304,435903659,16.456,robot_1,-2.126,-0.749
1789331304,435978769,16.456,robot_0,-0.136,-0.661
1789331304,436017377,16.456,robot_2,0.720,1.185
1789331304,644316450,16.664,robot_1,-2.126,-0.749
1789331304,644393541,16.664,robot_0,-0.136,-0.661
1789331304,644431703,16.664,robot_2,0.720,1.185
1789331304,858856774,16.879,robot_1,-2.126,-0.750
1789331304,858933151,16.879,robot_0,-0.136,-0.661
1789331304,858975185,16.879,robot_2,0.720,1.186
1789331305,64621116,17.084,robot_1,-2.126,-0.750
1789331305,64692846,17.085,robot_0,-0.136,-0.661
1789331305,64731542,17.085,robot_2,0.720,1.186
1789331305,296421830,17.316,robot_1,-2.126,-0.750
1789331305,296499269,17.316,robot_0,-0.136,-0.662
1789331305,296544190,17.316,robot_2,0.721,1.186
1789331305,509384241,17.529,robot_1,-2.126,-0.751
1789331305,509451875,17.529,robot_0,-0.136,-0.662
1789331305,509490551,17.529,robot_2,0.721,1.186
1789331305,711488574,17.731,robot_1,-2.126,-0.751
1789331305,711567474,17.731,robot_0,-0.136,-0.662
1789331305,711604591,17.731,robot_2,0.721,1.187
1789331305,912345815,17.932,robot_1,-2.126,-0.751
1789331305,912431510,17.932,robot_0,-0.136,-0.663
1789331305,912479146,17.932,robot_2,0.721,1.187
1789331306,150674173,18.170,robot_1,-2.126,-0.751
1789331306,150753691,18.171,robot_0,-0.138,-0.663
1789331306,150794894,18.171,robot_2,0.721,1.187
1789331306,366497616,18.386,robot_1,-2.105,-0.743
1789331306,366576493,18.386,robot_0,-0.175,-0.674
1789331306,366615394,18.386,robot_2,0.674,1.197
1789331306,575346658,18.595,robot_1,-2.061,-0.725
1789331306,575426694,18.595,robot_0,-0.206,-0.682
1789331306,575474448,18.595,robot_2,0.648,1.202
1789331306,778027390,18.798,robot_1,-2.051,-0.721
1789331306,778108498,18.798,robot_0,-0.231,-0.689
1789331306,778150972,18.798,robot_2,0.641,1.204
1789331306,992965686,19.013,robot_1,-2.051,-0.721
1789331306,993043798,19.013,robot_0,-0.232,-0.690
1789331306,993091316,19.013,robot_2,0.597,1.214
1789331307,232165171,19.252,robot_1,-2.051,-0.721
1789331307,232246551,19.252,robot_0,-0.232,-0.689
1789331307,232283552,19.252,robot_2,0.575,1.220
1789331307,446239752,19.466,robot_1,-2.051,-0.721
1789331307,446343786,19.466,robot_0,-0.232,-0.689
1789331307,446393815,19.466,robot_2,0.593,1.217
1789331307,650716039,19.673,robot_1,-2.051,-0.720
1789331307,653349428,19.673,robot_0,-0.232,-0.689
1789331307,653415967,19.673,robot_2,0.612,1.214
1789331307,870391234,19.890,robot_1,-2.051,-0.720
1789331307,870467659,19.890,robot_0,-0.232,-0.688
1789331307,870513594,19.890,robot_2,0.614,1.214
1789331308,85735386,20.106,robot_1,-2.051,-0.720
1789331308,85810608,20.106,robot_0,-0.232,-0.688
1789331308,85850430,20.106,robot_2,0.633,1.210
1789331308,289901919,20.310,robot_1,-2.051,-0.720
1789331308,289990278,20.310,robot_0,-0.232,-0.688
1789331308,290033323,20.310,robot_2,0.640,1.209
1789331308,525995138,20.546,robot_1,-2.051,-0.719
1789331308,526080424,20.546,robot_0,-0.231,-0.687
1789331308,526132764,20.546,robot_2,0.601,1.216
1789331308,732044866,20.752,robot_1,-2.051,-0.719
1789331308,732132162,20.752,robot_0,-0.231,-0.687
1789331308,732176973,20.752,robot_2,0.599,1.217
1789331308,954315386,20.974,robot_1,-2.051,-0.720
1789331308,954390554,20.974,robot_0,-0.230,-0.687
1789331308,954431059,20.974,robot_2,0.599,1.217
1789331309,194500293,21.214,robot_1,-2.051,-0.720
1789331309,194595701,21.214,robot_0,-0.230,-0.687
1789331309,194648379,21.214,robot_2,0.599,1.217
1789331309,421060013,21.441,robot_1,-2.051,-0.720
1789331309,421150994,21.441,robot_0,-0.230,-0.687
1789331309,421196514,21.441,robot_2,0.599,1.218
1789331309,622983846,21.643,robot_1,-2.051,-0.721
1789331309,623067950,21.643,robot_0,-0.229,-0.687
1789331309,623110203,21.643,robot_2,0.599,1.218
1789331309,834526508,21.855,robot_1,-2.050,-0.721
1789331309,835955835,21.856,robot_0,-0.229,-0.687
1789331309,836085705,21.856,robot_2,0.599,1.218
1789331310,50417084,22.070,robot_1,-2.050,-0.721
1789331310,50497220,22.070,robot_0,-0.229,-0.687
1789331310,50538169,22.070,robot_2,0.598,1.218
1789331310,262940192,22.283,robot_1,-2.050,-0.721
1789331310,263012665,22.283,robot_0,-0.230,-0.687
1789331310,263056230,22.283,robot_2,0.598,1.219
1789331310,487756918,22.508,robot_1,-2.050,-0.722
1789331310,487847919,22.508,robot_0,-0.230,-0.687
1789331310,487897755,22.508,robot_2,0.598,1.219
1789331310,703553614,22.723,robot_1,-2.050,-0.722
1789331310,703641265,22.723,robot_0,-0.230,-0.687
1789331310,703684434,22.723,robot_2,0.598,1.219
1789331310,948928687,22.969,robot_1,-2.049,-0.722
1789331310,949016376,22.969,robot_0,-0.231,-0.687
1789331310,949066647,22.969,robot_2,0.597,1.219
1789331311,165434947,23.185,robot_1,-2.049,-0.722
1789331311,165513987,23.185,robot_0,-0.231,-0.687
1789331311,165552685,23.185,robot_2,0.597,1.219
1789331311,386648196,23.406,robot_1,-2.049,-0.722
1789331311,386754796,23.407,robot_0,-0.231,-0.688
1789331311,386795479,23.407,robot_2,0.597,1.219
1789331311,622692643,23.643,robot_1,-2.048,-0.722
1789331311,622775454,23.643,robot_0,-0.231,-0.688
1789331311,622811768,23.643,robot_2,0.596,1.219
1789331311,841119948,23.861,robot_1,-2.048,-0.722
1789331311,841210763,23.861,robot_0,-0.231,-0.688
1789331311,841257775,23.861,robot_2,0.596,1.219
1789331312,45227966,24.065,robot_1,-2.049,-0.714
1789331312,45301757,24.065,robot_0,-0.231,-0.689
1789331312,45342658,24.065,robot_2,0.596,1.219
1789331312,263260618,24.283,robot_1,-2.062,-0.666
1789331312,263334720,24.283,robot_0,-0.231,-0.689
1789331312,263372623,24.283,robot_2,0.595,1.219
1789331312,471520395,24.491,robot_1,-2.062,-0.664
1789331312,471602967,24.491,robot_0,-0.231,-0.689
1789331312,471649988,24.491,robot_2,0.595,1.219
1789331312,684940143,24.705,robot_1,-2.054,-0.690
1789331312,685028781,24.705,robot_0,-0.231,-0.690
1789331312,685069890,24.705,robot_2,0.598,1.215
1789331312,903932723,24.924,robot_1,-2.062,-0.666
1789331312,904019941,24.924,robot_0,-0.231,-0.690
1789331312,904068467,24.924,robot_2,0.623,1.187
1789331313,108310080,25.128,robot_1,-2.062,-0.666
1789331313,108393808,25.128,robot_0,-0.231,-0.690
1789331313,108431566,25.128,robot_2,0.627,1.182
1789331313,329105330,25.349,robot_1,-2.049,-0.704
1789331313,329174865,25.349,robot_0,-0.231,-0.691
1789331313,329209632,25.349,robot_2,0.634,1.176
1789331313,554669776,25.574,robot_1,-2.045,-0.716
1789331313,554754331,25.575,robot_0,-0.230,-0.690
1789331313,554799091,25.575,robot_2,0.669,1.149
1789331313,775787288,25.796,robot_1,-2.033,-0.750
1789331313,776047264,25.796,robot_0,-0.201,-0.656
1789331313,776098516,25.796,robot_2,0.713,1.119
1789331313,980149951,26.000,robot_1,-2.033,-0.749
1789331313,980233621,26.000,robot_0,-0.183,-0.634
1789331313,980274894,26.000,robot_2,0.708,1.122
1789331314,191693256,26.212,robot_1,-2.043,-0.716
1789331314,191776594,26.212,robot_0,-0.183,-0.634
1789331314,191819593,26.212,robot_2,0.705,1.125
1789331314,397900322,26.418,robot_1,-2.051,-0.689
1789331314,397975606,26.418,robot_0,-0.183,-0.634
1789331314,398016292,26.418,robot_2,0.678,1.142
1789331314,612124583,26.632,robot_1,-2.051,-0.689
1789331314,612207915,26.632,robot_0,-0.183,-0.634
1789331314,612254433,26.632,robot_2,0.649,1.159
1789331314,832452061,26.852,robot_1,-2.051,-0.688
1789331314,832545225,26.852,robot_0,-0.183,-0.635
1789331314,832589390,26.852,robot_2,0.622,1.176
1789331315,73443674,27.093,robot_1,-2.051,-0.688
1789331315,73547002,27.093,robot_0,-0.192,-0.656
1789331315,73607175,27.093,robot_2,0.613,1.182
1789331315,283772873,27.304,robot_1,-2.050,-0.688
1789331315,283847139,27.304,robot_0,-0.185,-0.640
1789331315,283883369,27.304,robot_2,0.642,1.164
1789331315,485224573,27.505,robot_1,-2.050,-0.688
1789331315,485307107,27.505,robot_0,-0.176,-0.619
1789331315,485355030,27.505,robot_2,0.648,1.160
1789331315,692119129,27.712,robot_1,-2.050,-0.687
1789331315,692195018,27.712,robot_0,-0.180,-0.629
1789331315,692229593,27.712,robot_2,0.674,1.147
1789331315,900874338,27.921,robot_1,-2.050,-0.687
1789331315,907416011,27.927,robot_0,-0.191,-0.657
1789331315,907509085,27.927,robot_2,0.686,1.140
1789331316,115097709,28.135,robot_1,-2.050,-0.687
1789331316,115182680,28.135,robot_0,-0.204,-0.688
1789331316,115229851,28.135,robot_2,0.686,1.140
1789331316,316102379,28.336,robot_1,-2.050,-0.686
1789331316,316186499,28.336,robot_0,-0.214,-0.712
1789331316,316258611,28.336,robot_2,0.686,1.139
1789331316,536310857,28.556,robot_1,-2.050,-0.686
1789331316,536394462,28.556,robot_0,-0.214,-0.712
1789331316,536441178,28.556,robot_2,0.686,1.139
1789331316,751623007,28.771,robot_1,-2.050,-0.686
1789331316,751705908,28.772,robot_0,-0.214,-0.712
1789331316,751755872,28.772,robot_2,0.686,1.139
1789331316,967179018,28.987,robot_1,-2.050,-0.685
1789331316,967258930,28.987,robot_0,-0.214,-0.711
1789331316,967306042,28.987,robot_2,0.686,1.138
1789331317,172555950,29.192,robot_1,-2.050,-0.685
1789331317,172645120,29.192,robot_0,-0.214,-0.711
1789331317,172686439,29.192,robot_2,0.686,1.138
1789331317,384329164,29.404,robot_1,-2.050,-0.685
1789331317,384415438,29.404,robot_0,-0.215,-0.711
1789331317,385586301,29.405,robot_2,0.686,1.138
1789331317,613594045,29.633,robot_1,-2.050,-0.684
1789331317,613681402,29.633,robot_0,-0.215,-0.710
1789331317,613725751,29.634,robot_2,0.687,1.138
1789331317,824209941,29.844,robot_1,-2.051,-0.684
1789331317,824292139,29.844,robot_0,-0.215,-0.710
1789331317,824333413,29.844,robot_2,0.687,1.137
1789331318,42115781,30.062,robot_1,-2.051,-0.684
1789331318,42206188,30.062,robot_0,-0.215,-0.709
1789331318,42247246,30.062,robot_2,0.687,1.137
1789331318,252187725,30.272,robot_1,-2.051,-0.684
1789331318,252260434,30.272,robot_0,-0.215,-0.709
1789331318,252296751,30.272,robot_2,0.687,1.137
1789331318,457315323,30.477,robot_1,-2.047,-0.670
1789331318,457393493,30.477,robot_0,-0.215,-0.708
1789331318,457441936,30.477,robot_2,0.688,1.137
1789331318,661674479,30.681,robot_1,-2.038,-0.642
1789331318,661748453,30.682,robot_0,-0.226,-0.704
1789331318,661788991,30.682,robot_2,0.688,1.137
1789331318,874364452,30.894,robot_1,-2.027,-0.609
1789331318,874442710,30.894,robot_0,-0.241,-0.699
1789331318,874491278,30.894,robot_2,0.688,1.137
1789331319,84892993,31.105,robot_1,-2.023,-0.595
1789331319,84964923,31.105,robot_0,-0.241,-0.699
1789331319,85007609,31.105,robot_2,0.689,1.137
1789331319,293498854,31.313,robot_1,-2.023,-0.595
1789331319,293582134,31.313,robot_0,-0.241,-0.699
1789331319,293625997,31.313,robot_2,0.689,1.137
1789331319,507752341,31.528,robot_1,-2.022,-0.595
1789331319,507832905,31.528,robot_0,-0.241,-0.699
1789331319,507881896,31.528,robot_2,0.689,1.137
1789331319,716496114,31.736,robot_1,-2.022,-0.595
1789331319,716574740,31.736,robot_0,-0.241,-0.699
1789331319,716613200,31.736,robot_2,0.690,1.137
1789331319,940467819,31.960,robot_1,-2.022,-0.595
1789331319,940540693,31.960,robot_0,-0.241,-0.700
1789331319,940590383,31.960,robot_2,0.681,1.161
1789331320,142955299,32.163,robot_1,-2.021,-0.596
1789331320,143032349,32.163,robot_0,-0.241,-0.700
1789331320,143077587,32.163,robot_2,0.675,1.180
1789331320,364362440,32.384,robot_1,-2.021,-0.596
1789331320,364430056,32.384,robot_0,-0.240,-0.700
1789331320,364467870,32.384,robot_2,0.686,1.151
1789331320,585150603,32.605,robot_1,-2.021,-0.597
1789331320,585223634,32.605,robot_0,-0.240,-0.701
1789331320,585264160,32.605,robot_2,0.692,1.136
1789331320,793351128,32.813,robot_1,-2.021,-0.597
1789331320,793424072,32.813,robot_0,-0.240,-0.701
1789331320,793462521,32.813,robot_2,0.685,1.154
1789331320,999016550,33.019,robot_1,-2.021,-0.598
1789331320,999090832,33.019,robot_0,-0.240,-0.701
1789331320,999133514,33.019,robot_2,0.677,1.172
1789331321,241709039,33.262,robot_1,-2.021,-0.598
1789331321,241787598,33.262,robot_0,-0.240,-0.701
1789331321,241829780,33.262,robot_2,0.663,1.203
1789331321,445189250,33.465,robot_1,-2.021,-0.598
1789331321,445266070,33.465,robot_0,-0.239,-0.701
1789331321,445310391,33.465,robot_2,0.661,1.206
1789331321,652170132,33.672,robot_1,-2.021,-0.598
1789331321,652246305,33.672,robot_0,-0.239,-0.702
1789331321,652294870,33.672,robot_2,0.661,1.206
1789331321,861738206,33.882,robot_1,-2.021,-0.598
1789331321,861808386,33.882,robot_0,-0.239,-0.702
1789331321,861850051,33.882,robot_2,0.666,1.196
1789331322,84516754,34.104,robot_1,-2.021,-0.597
1789331322,84594582,34.104,robot_0,-0.238,-0.702
1789331322,84636701,34.104,robot_2,0.677,1.172
1789331322,300308683,34.320,robot_1,-2.021,-0.597
1789331322,300380078,34.320,robot_0,-0.238,-0.702
1789331322,300420721,34.320,robot_2,0.677,1.172
1789331322,506405457,34.526,robot_1,-2.021,-0.597
1789331322,506486608,34.526,robot_0,-0.238,-0.701
1789331322,506537286,34.526,robot_2,0.677,1.172
1789331322,738978266,34.759,robot_1,-2.021,-0.596
1789331322,739054556,34.759,robot_0,-0.240,-0.695
1789331322,739096647,34.759,robot_2,0.677,1.172
1789331322,960262144,34.980,robot_1,-2.022,-0.596
1789331322,960340315,34.980,robot_0,-0.254,-0.661
1789331322,960390165,34.980,robot_2,0.678,1.172
1789331323,192903622,35.213,robot_1,-2.022,-0.596
1789331323,192978193,35.225,robot_0,-0.247,-0.676
1789331323,205615644,35.225,robot_2,0.678,1.172
1789331323,418757759,35.439,robot_1,-2.022,-0.596
1789331323,418829640,35.439,robot_0,-0.249,-0.671
1789331323,418873970,35.439,robot_2,0.678,1.173
1789331323,627654780,35.647,robot_1,-2.023,-0.595
1789331323,627727476,35.648,robot_0,-0.267,-0.621
1789331323,627770625,35.648,robot_2,0.678,1.173
1789331323,828987045,35.849,robot_1,-2.023,-0.595
1789331323,829067062,35.849,robot_0,-0.275,-0.598
1789331323,829113406,35.849,robot_2,0.678,1.173
1789331324,42239789,36.062,robot_1,-2.024,-0.595
1789331324,42311821,36.062,robot_0,-0.266,-0.623
1789331324,42345739,36.062,robot_2,0.678,1.174
1789331324,256732952,36.277,robot_1,-2.024,-0.595
1789331324,256801492,36.277,robot_0,-0.260,-0.641
1789331324,256846023,36.277,robot_2,0.678,1.174
1789331324,489195648,36.509,robot_1,-2.024,-0.595
1789331324,489275118,36.509,robot_0,-0.260,-0.640
1789331324,489320161,36.509,robot_2,0.678,1.175
1789331324,719838528,36.740,robot_1,-2.025,-0.596
1789331324,719921719,36.740,robot_0,-0.269,-0.599
1789331324,719961546,36.740,robot_2,0.678,1.175
1789331324,936924631,36.957,robot_1,-2.025,-0.596
1789331324,936999172,36.957,robot_0,-0.268,-0.605
1789331324,937039171,36.957,robot_2,0.678,1.175
1789331325,164987028,37.185,robot_1,-2.034,-0.581
1789331325,165048267,37.185,robot_0,-0.267,-0.610
1789331325,165084611,37.185,robot_2,0.677,1.175
1789331325,390413894,37.410,robot_1,-2.044,-0.563
1789331325,390487901,37.410,robot_0,-0.267,-0.610
1789331325,390524813,37.410,robot_2,0.677,1.176
1789331325,601389408,37.621,robot_1,-2.033,-0.581
1789331325,601458832,37.621,robot_0,-0.268,-0.610
1789331325,601492246,37.621,robot_2,0.677,1.176
1789331325,807357859,37.827,robot_1,-2.037,-0.575
1789331325,807433474,37.827,robot_0,-0.268,-0.610
1789331325,807474890,37.827,robot_2,0.677,1.176
1789331326,15578681,38.035,robot_1,-2.044,-0.564
1789331326,15642153,38.035,robot_0,-0.268,-0.610
1789331326,15675390,38.035,robot_2,0.676,1.176
1789331326,234334884,38.254,robot_1,-2.044,-0.564
1789331326,234405334,38.254,robot_0,-0.268,-0.610
1789331326,234448313,38.254,robot_2,0.676,1.176
1789331326,441791571,38.462,robot_1,-2.043,-0.563
1789331326,441861857,38.462,robot_0,-0.270,-0.579
1789331326,441905117,38.462,robot_2,0.676,1.176
1789331326,647231537,38.667,robot_1,-2.050,-0.541
1789331326,647299194,38.667,robot_0,-0.272,-0.544
1789331326,647336253,38.667,robot_2,0.675,1.176
1789331326,868738121,38.889,robot_1,-2.057,-0.511
1789331326,868803358,38.889,robot_0,-0.271,-0.557
1789331326,868837018,38.889,robot_2,0.673,1.190
1789331327,73435215,39.093,robot_1,-2.064,-0.480
1789331327,73500253,39.093,robot_0,-0.269,-0.589
1789331327,73534477,39.093,robot_2,0.669,1.211
1789331327,274090410,39.294,robot_1,-2.069,-0.455
1789331327,274225377,39.294,robot_0,-0.267,-0.604
1789331327,274324487,39.294,robot_2,0.669,1.211
1789331327,482777640,39.503,robot_1,-2.070,-0.451
1789331327,482845181,39.503,robot_0,-0.268,-0.604
1789331327,482884720,39.503,robot_2,0.669,1.211
1789331327,686389381,39.706,robot_1,-2.073,-0.425
1789331327,686451826,39.706,robot_0,-0.268,-0.604
1789331327,686482059,39.706,robot_2,0.669,1.217
1789331327,902347885,39.922,robot_1,-2.076,-0.394
1789331327,902419810,39.922,robot_0,-0.268,-0.604
1789331327,902452972,39.922,robot_2,0.671,1.248
1789331328,107670128,40.127,robot_1,-2.078,-0.373
1789331328,107735739,40.128,robot_0,-0.269,-0.604
1789331328,107765995,40.128,robot_2,0.671,1.250
1789331328,323674421,40.344,robot_1,-2.078,-0.372
1789331328,323762322,40.344,robot_0,-0.269,-0.604
1789331328,323802629,40.344,robot_2,0.675,1.274
1789331328,518482622,40.538,robot_1,-2.077,-0.350
1789331328,518620400,40.538,robot_0,-0.269,-0.603
1789331328,518656081,40.538,robot_2,0.682,1.306
1789331328,733282072,40.753,robot_1,-2.077,-0.343
1789331328,733378877,40.753,robot_0,-0.270,-0.603
1789331328,733413926,40.753,robot_2,0.686,1.327
1789331328,945737319,40.966,robot_1,-2.076,-0.338
1789331328,945815231,40.966,robot_0,-0.270,-0.602
1789331328,945850218,40.966,robot_2,0.687,1.334
1789331329,162021200,41.182,robot_1,-2.064,-0.299
1789331329,162088886,41.182,robot_0,-0.270,-0.602
1789331329,162129824,41.182,robot_2,0.673,1.280
1789331329,366064069,41.386,robot_1,-2.059,-0.286
1789331329,366140876,41.386,robot_0,-0.270,-0.602
1789331329,366173539,41.386,robot_2,0.665,1.250
1789331329,572730285,41.593,robot_1,-2.059,-0.286
1789331329,572798128,41.593,robot_0,-0.270,-0.601
1789331329,572830709,41.593,robot_2,0.665,1.249
1789331329,792188837,41.812,robot_1,-2.059,-0.286
1789331329,792265781,41.812,robot_0,-0.270,-0.602
1789331329,792300208,41.812,robot_2,0.665,1.249
1789331329,997984642,42.018,robot_1,-2.059,-0.286
1789331329,998065804,42.018,robot_0,-0.270,-0.602
1789331329,998108409,42.018,robot_2,0.652,1.227
1789331330,215527023,42.235,robot_1,-2.059,-0.286
1789331330,215606950,42.235,robot_0,-0.270,-0.602
1789331330,215642273,42.235,robot_2,0.641,1.210
1789331330,439091103,42.459,robot_1,-2.059,-0.286
1789331330,439173572,42.459,robot_0,-0.270,-0.602
1789331330,439209785,42.459,robot_2,0.658,1.233
1789331330,641886440,42.662,robot_1,-2.059,-0.286
1789331330,641972208,42.662,robot_0,-0.269,-0.603
1789331330,642007620,42.662,robot_2,0.668,1.245
1789331330,843872690,42.864,robot_1,-2.059,-0.286
1789331330,843941966,42.864,robot_0,-0.269,-0.603
1789331330,843975709,42.864,robot_2,0.683,1.266
1789331331,61850117,43.082,robot_1,-2.060,-0.286
1789331331,61918339,43.082,robot_0,-0.269,-0.603
1789331331,61949216,43.082,robot_2,0.690,1.275
1789331331,307030094,43.327,robot_1,-2.060,-0.286
1789331331,307105807,43.327,robot_0,-0.269,-0.603
1789331331,307138734,43.327,robot_2,0.685,1.269
1789331331,526921796,43.547,robot_1,-2.060,-0.286
1789331331,526989538,43.547,robot_0,-0.268,-0.603
1789331331,527021672,43.547,robot_2,0.694,1.282
1789331331,747900133,43.768,robot_1,-2.061,-0.286
1789331331,747972569,43.768,robot_0,-0.268,-0.603
1789331331,748007179,43.768,robot_2,0.694,1.282
1789331331,968032043,43.988,robot_1,-2.061,-0.286
1789331331,968106909,43.988,robot_0,-0.268,-0.603
1789331331,968142437,43.988,robot_2,0.694,1.282
1789331332,171081983,44.191,robot_1,-2.061,-0.286
1789331332,171202886,44.191,robot_0,-0.267,-0.603
1789331332,171262639,44.191,robot_2,0.694,1.282
1789331332,377668264,44.397,robot_1,-2.062,-0.287
1789331332,377746919,44.398,robot_0,-0.267,-0.603
1789331332,377784598,44.398,robot_2,0.693,1.282
1789331332,583945870,44.604,robot_1,-2.062,-0.287
1789331332,584022003,44.604,robot_0,-0.267,-0.603
1789331332,584055447,44.604,robot_2,0.693,1.282
1789331332,799295515,44.819,robot_1,-2.062,-0.287
1789331332,799380086,44.819,robot_0,-0.266,-0.603
1789331332,799422420,44.819,robot_2,0.693,1.282
1789331333,1510061,45.021,robot_1,-2.062,-0.288
1789331333,1587523,45.021,robot_0,-0.266,-0.602
1789331333,1620099,45.021,robot_2,0.692,1.282
1789331333,220416707,45.240,robot_1,-2.062,-0.288
1789331333,220497174,45.240,robot_0,-0.254,-0.613
1789331333,220538681,45.240,robot_2,0.692,1.282
1789331333,424099231,45.444,robot_1,-2.063,-0.288
1789331333,424182823,45.444,robot_0,-0.238,-0.627
1789331333,424224329,45.444,robot_2,0.692,1.282
1789331333,628011134,45.648,robot_1,-2.067,-0.288
1789331333,628086875,45.648,robot_0,-0.238,-0.627
1789331333,628127850,45.648,robot_2,0.692,1.282
1789331333,847175810,45.867,robot_1,-2.099,-0.285
1789331333,847252901,45.867,robot_0,-0.244,-0.621
1789331333,847288782,45.867,robot_2,0.691,1.281
1789331334,97739978,46.118,robot_1,-2.106,-0.284
1789331334,98203132,46.118,robot_0,-0.273,-0.593
1789331334,98249833,46.118,robot_2,0.691,1.281
1789331334,307536786,46.327,robot_1,-2.075,-0.288
1789331334,307619959,46.327,robot_0,-0.269,-0.597
1789331334,307658358,46.327,robot_2,0.691,1.281
1789331334,517425443,46.537,robot_1,-2.055,-0.290
1789331334,517501996,46.537,robot_0,-0.265,-0.601
1789331334,517538969,46.537,robot_2,0.691,1.280
1789331334,774211469,46.794,robot_1,-2.055,-0.290
1789331334,774286465,46.794,robot_0,-0.290,-0.577
1789331334,774323899,46.794,robot_2,0.691,1.280
1789331334,989953442,47.010,robot_1,-2.049,-0.290
1789331334,990025264,47.010,robot_0,-0.291,-0.577
1789331334,990067723,47.010,robot_2,0.691,1.280
1789331335,192721108,47.213,robot_1,-2.009,-0.289
1789331335,192792428,47.213,robot_0,-0.291,-0.577
1789331335,192822795,47.213,robot_2,0.691,1.279
1789331335,407720894,47.428,robot_1,-2.000,-0.288
1789331335,407792646,47.428,robot_0,-0.286,-0.581
1789331335,407836398,47.428,robot_2,0.691,1.279
1789331335,614115641,47.634,robot_1,-1.959,-0.285
1789331335,614183923,47.634,robot_0,-0.261,-0.601
1789331335,614219192,47.634,robot_2,0.669,1.273
1789331335,826363905,47.846,robot_1,-1.931,-0.284
1789331335,826437090,47.846,robot_0,-0.233,-0.623
1789331335,826473286,47.846,robot_2,0.635,1.263
1789331336,58136793,48.078,robot_1,-1.955,-0.285
1789331336,58203277,48.078,robot_0,-0.229,-0.627
1789331336,58236920,48.078,robot_2,0.607,1.254
1789331336,269985973,48.290,robot_1,-1.971,-0.286
1789331336,270061466,48.290,robot_0,-0.229,-0.627
1789331336,270101415,48.290,robot_2,0.603,1.253
1789331336,474253411,48.494,robot_1,-1.990,-0.286
1789331336,474323674,48.494,robot_0,-0.229,-0.626
1789331336,474359867,48.494,robot_2,0.603,1.253
1789331336,681505011,48.701,robot_1,-2.001,-0.285
1789331336,681590487,48.701,robot_0,-0.229,-0.626
1789331336,681636240,48.701,robot_2,0.591,1.248
1789331336,899186587,48.919,robot_1,-2.041,-0.283
1789331336,899264849,48.919,robot_0,-0.229,-0.626
1789331336,899300523,48.919,robot_2,0.559,1.235
1789331337,100951595,49.121,robot_1,-2.067,-0.282
1789331337,101032645,49.121,robot_0,-0.229,-0.625
1789331337,101074129,49.121,robot_2,0.579,1.243
1789331337,307216785,49.327,robot_1,-2.068,-0.282
1789331337,307294537,49.327,robot_0,-0.229,-0.625
1789331337,307335575,49.327,robot_2,0.615,1.258
1789331337,511220984,49.531,robot_1,-2.068,-0.282
1789331337,511302320,49.531,robot_0,-0.229,-0.625
1789331337,511342650,49.531,robot_2,0.655,1.274
1789331337,736680913,49.757,robot_1,-2.089,-0.275
1789331337,736762208,49.757,robot_0,-0.229,-0.624
1789331337,736807612,49.757,robot_2,0.656,1.275
1789331337,972906214,49.993,robot_1,-2.119,-0.263
1789331337,972989782,49.993,robot_0,-0.229,-0.624
1789331337,973033183,49.993,robot_2,0.656,1.275
1789331338,172905699,50.193,robot_1,-2.133,-0.257
1789331338,172987506,50.193,robot_0,-0.229,-0.624
1789331338,173031201,50.193,robot_2,0.635,1.267
1789331338,378204304,50.398,robot_1,-2.133,-0.257
1789331338,378284956,50.398,robot_0,-0.230,-0.624
1789331338,378326969,50.398,robot_2,0.620,1.261
1789331338,583888459,50.604,robot_1,-2.133,-0.257
1789331338,583964067,50.604,robot_0,-0.230,-0.623
1789331338,584001341,50.604,robot_2,0.605,1.255
1789331338,803186996,50.823,robot_1,-2.133,-0.258
1789331338,803276720,50.823,robot_0,-0.230,-0.623
1789331338,803317765,50.823,robot_2,0.578,1.243
1789331339,8210224,51.028,robot_1,-2.133,-0.258
1789331339,8290782,51.028,robot_0,-0.230,-0.623
1789331339,8336824,51.028,robot_2,0.553,1.232
1789331339,215381209,51.235,robot_1,-2.133,-0.258
1789331339,215460434,51.235,robot_0,-0.231,-0.623
1789331339,215500034,51.235,robot_2,0.551,1.231
1789331339,429476461,51.449,robot_1,-2.133,-0.259
1789331339,429564333,51.449,robot_0,-0.231,-0.623
1789331339,429606787,51.449,robot_2,0.551,1.231
1789331339,636665991,51.656,robot_1,-2.132,-0.259
1789331339,636739818,51.657,robot_0,-0.231,-0.623
1789331339,636778456,51.657,robot_2,0.551,1.232
1789331339,851378505,51.871,robot_1,-2.132,-0.259
1789331339,851455029,51.871,robot_0,-0.232,-0.623
1789331339,851487895,51.871,robot_2,0.551,1.232
1789331340,61620662,52.081,robot_1,-2.132,-0.259
1789331340,61703429,52.082,robot_0,-0.232,-0.623
1789331340,61745543,52.082,robot_2,0.551,1.233
1789331340,261847221,52.282,robot_1,-2.132,-0.260
1789331340,261919924,52.282,robot_0,-0.235,-0.609
1789331340,261957092,52.282,robot_2,0.551,1.233
1789331340,477780940,52.498,robot_1,-2.131,-0.260
1789331340,477852301,52.498,robot_0,-0.241,-0.578
1789331340,477885719,52.498,robot_2,0.551,1.233
1789331340,679750801,52.700,robot_1,-2.131,-0.260
1789331340,679827874,52.700,robot_0,-0.242,-0.576
1789331340,679864391,52.700,robot_2,0.552,1.234
1789331340,890944864,52.911,robot_1,-2.131,-0.260
1789331340,891029200,52.911,robot_0,-0.240,-0.590
1789331340,891071491,52.911,robot_2,0.552,1.234
1789331341,96058338,53.116,robot_1,-2.130,-0.260
1789331341,96136852,53.116,robot_0,-0.234,-0.635
1789331341,96170942,53.116,robot_2,0.552,1.234
1789331341,308308915,53.328,robot_1,-2.130,-0.260
1789331341,308388100,53.328,robot_0,-0.235,-0.636
1789331341,308430649,53.328,robot_2,0.552,1.234
1789331341,515078150,53.535,robot_1,-2.130,-0.260
1789331341,515156139,53.535,robot_0,-0.240,-0.607
1789331341,515195364,53.535,robot_2,0.552,1.235
1789331341,732438209,53.752,robot_1,-2.129,-0.260
1789331341,732511638,53.752,robot_0,-0.247,-0.576
1789331341,732551876,53.752,robot_2,0.545,1.245
1789331341,954947025,53.975,robot_1,-2.129,-0.260
1789331341,955042431,53.975,robot_0,-0.253,-0.545
1789331341,955087350,53.975,robot_2,0.527,1.269
1789331342,160892646,54.181,robot_1,-2.125,-0.268
1789331342,160971174,54.181,robot_0,-0.254,-0.541
1789331342,161017325,54.181,robot_2,0.526,1.271
1789331342,363352740,54.383,robot_1,-2.114,-0.289
1789331342,363437054,54.383,robot_0,-0.254,-0.541
1789331342,363481650,54.383,robot_2,0.531,1.264
1789331342,585544327,54.611,robot_1,-2.099,-0.319
1789331342,591203330,54.611,robot_0,-0.254,-0.541
1789331342,591264768,54.611,robot_2,0.547,1.242
1789331342,792549669,54.812,robot_1,-2.086,-0.346
1789331342,804640338,54.824,robot_0,-0.254,-0.541
1789331342,804729952,54.825,robot_2,0.547,1.242
1789331343,3077763,55.023,robot_1,-2.084,-0.349
1789331343,3155486,55.023,robot_0,-0.253,-0.542
1789331343,3186791,55.023,robot_2,0.547,1.242
1789331343,207518911,55.227,robot_1,-2.084,-0.349
1789331343,207606373,55.227,robot_0,-0.253,-0.542
1789331343,207645860,55.227,robot_2,0.547,1.242
1789331343,452919459,55.473,robot_1,-2.084,-0.349
1789331343,452999942,55.473,robot_0,-0.252,-0.542
1789331343,453038875,55.473,robot_2,0.547,1.241
1789331343,664726545,55.685,robot_1,-2.085,-0.349
1789331343,664806629,55.685,robot_0,-0.252,-0.542
1789331343,664846197,55.685,robot_2,0.547,1.241
1789331343,873117937,55.893,robot_1,-2.085,-0.349
1789331343,873196416,55.893,robot_0,-0.252,-0.543
1789331343,873236778,55.893,robot_2,0.547,1.241
1789331344,86198962,56.106,robot_1,-2.086,-0.349
1789331344,86273671,56.106,robot_0,-0.252,-0.543
1789331344,86313396,56.106,robot_2,0.547,1.240
1789331344,288013885,56.308,robot_1,-2.086,-0.349
1789331344,288096079,56.308,robot_0,-0.252,-0.543
1789331344,288139575,56.308,robot_2,0.547,1.240
1789331344,506277911,56.526,robot_1,-2.087,-0.349
1789331344,506354831,56.526,robot_0,-0.251,-0.543
1789331344,506393716,56.526,robot_2,0.547,1.240
1789331344,712672001,56.732,robot_1,-2.087,-0.348
1789331344,712891328,56.733,robot_0,-0.252,-0.543
1789331344,712940210,56.733,robot_2,0.547,1.239
1789331344,921693062,56.942,robot_1,-2.091,-0.351
1789331344,921790424,56.942,robot_0,-0.252,-0.543
1789331344,921827245,56.942,robot_2,0.547,1.239
1789331345,136125865,57.156,robot_1,-2.116,-0.370
1789331345,136204475,57.156,robot_0,-0.252,-0.543
1789331345,136246008,57.156,robot_2,0.547,1.239
1789331345,336685315,57.357,robot_1,-2.142,-0.389
1789331345,336753870,57.357,robot_0,-0.252,-0.543
1789331345,336792913,57.357,robot_2,0.547,1.239
1789331345,546095554,57.566,robot_1,-2.147,-0.393
1789331345,546163264,57.566,robot_0,-0.252,-0.542
1789331345,546202705,57.566,robot_2,0.548,1.238
1789331345,763099203,57.783,robot_1,-2.124,-0.378
1789331345,763167952,57.783,robot_0,-0.253,-0.542
1789331345,763204891,57.783,robot_2,0.548,1.238
1789331345,972795330,57.997,robot_1,-2.105,-0.365
1789331345,977075292,57.997,robot_0,-0.253,-0.542
1789331345,977130972,57.997,robot_2,0.548,1.238
1789331346,188382468,58.208,robot_1,-2.105,-0.365
1789331346,188461327,58.208,robot_0,-0.253,-0.542
1789331346,188503245,58.208,robot_2,0.549,1.238
1789331346,407422076,58.427,robot_1,-2.105,-0.365
1789331346,407487775,58.427,robot_0,-0.254,-0.542
1789331346,407522546,58.427,robot_2,0.549,1.238
1789331346,622417108,58.642,robot_1,-2.113,-0.366
1789331346,622484735,58.642,robot_0,-0.254,-0.542
1789331346,622515771,58.642,robot_2,0.549,1.238
1789331346,844028350,58.864,robot_1,-2.147,-0.371
1789331346,844099956,58.864,robot_0,-0.254,-0.542
1789331346,844133733,58.864,robot_2,0.550,1.233
1789331347,63624887,59.083,robot_1,-2.147,-0.371
1789331347,63701734,59.084,robot_0,-0.255,-0.542
1789331347,63745744,59.084,robot_2,0.555,1.209
1789331347,276854807,59.297,robot_1,-2.139,-0.371
1789331347,276937483,59.297,robot_0,-0.255,-0.543
1789331347,276980179,59.297,robot_2,0.552,1.219
1789331347,498301749,59.518,robot_1,-2.152,-0.372
1789331347,498378620,59.518,robot_0,-0.255,-0.543
1789331347,498422437,59.518,robot_2,0.550,1.227
1789331347,738466426,59.758,robot_1,-2.152,-0.372
1789331347,738540245,59.758,robot_0,-0.255,-0.543
1789331347,738591474,59.758,robot_2,0.536,1.273
1789331347,945302509,59.965,robot_1,-2.152,-0.372
1789331347,945371840,59.965,robot_0,-0.268,-0.536
1789331347,945409529,59.965,robot_2,0.532,1.286
1789331348,146151279,60.166,robot_1,-2.152,-0.373
1789331348,146225280,60.166,robot_0,-0.293,-0.520
1789331348,146267284,60.166,robot_2,0.532,1.286
1789331348,349753856,60.370,robot_1,-2.151,-0.373
1789331348,349836408,60.370,robot_0,-0.316,-0.507
1789331348,349877924,60.370,robot_2,0.532,1.286
1789331348,573846653,60.594,robot_1,-2.151,-0.373
1789331348,573922369,60.594,robot_0,-0.345,-0.490
1789331348,573965101,60.594,robot_2,0.531,1.286
1789331348,782964598,60.803,robot_1,-2.151,-0.373
1789331348,783038055,60.803,robot_0,-0.368,-0.477
1789331348,783077772,60.803,robot_2,0.531,1.286
1789331348,985815315,61.006,robot_1,-2.151,-0.374
1789331348,985894550,61.006,robot_0,-0.370,-0.475
1789331348,985932044,61.006,robot_2,0.531,1.286
1789331349,194262175,61.214,robot_1,-2.150,-0.374
1789331349,194338706,61.214,robot_0,-0.365,-0.479
1789331349,194377294,61.214,robot_2,0.527,1.268
1789331349,402444501,61.422,robot_1,-2.150,-0.374
1789331349,402520161,61.422,robot_0,-0.331,-0.507
1789331349,402557577,61.429,robot_2,0.518,1.236
1789331349,604934739,61.625,robot_1,-2.150,-0.374
1789331349,605008507,61.625,robot_0,-0.326,-0.511
1789331349,605049498,61.625,robot_2,0.509,1.205
1789331349,829644187,61.849,robot_1,-2.149,-0.374
1789331349,837362521,61.857,robot_0,-0.327,-0.509
1789331349,837447924,61.857,robot_2,0.507,1.198
1789331350,51058942,62.071,robot_1,-2.149,-0.374
1789331350,51138256,62.071,robot_0,-0.345,-0.480
1789331350,51176793,62.071,robot_2,0.508,1.198
1789331350,264393003,62.284,robot_1,-2.148,-0.374
1789331350,264467488,62.284,robot_0,-0.348,-0.473
1789331350,264509561,62.284,robot_2,0.508,1.198
1789331350,474553896,62.497,robot_1,-2.148,-0.374
1789331350,477733730,62.498,robot_0,-0.348,-0.473
1789331350,477788533,62.498,robot_2,0.508,1.198
1789331350,699756640,62.720,robot_1,-2.148,-0.373
1789331350,699837644,62.720,robot_0,-0.348,-0.473
1789331350,699884214,62.720,robot_2,0.509,1.198
1789331350,913237516,62.933,robot_1,-2.148,-0.373
1789331350,913314386,62.933,robot_0,-0.348,-0.473
1789331350,913353677,62.933,robot_2,0.509,1.198
1789331351,122924960,63.143,robot_1,-2.147,-0.373
1789331351,128968453,63.149,robot_0,-0.348,-0.473
1789331351,129076679,63.149,robot_2,0.509,1.198
1789331351,338367182,63.358,robot_1,-2.147,-0.373
1789331351,338448134,63.358,robot_0,-0.348,-0.474
1789331351,338493678,63.358,robot_2,0.509,1.198
1789331351,546460414,63.566,robot_1,-2.147,-0.372
1789331351,546535140,63.566,robot_0,-0.349,-0.474
1789331351,546577711,63.566,robot_2,0.510,1.199
1789331351,750795877,63.771,robot_1,-2.135,-0.378
1789331351,750865958,63.771,robot_0,-0.349,-0.474
1789331351,750901549,63.771,robot_2,0.510,1.199
1789331351,955303931,63.975,robot_1,-2.109,-0.392
1789331351,955383046,63.975,robot_0,-0.349,-0.474
1789331351,955427238,63.975,robot_2,0.510,1.199
1789331352,167383382,64.187,robot_1,-2.080,-0.407
1789331352,170580630,64.190,robot_0,-0.349,-0.475
1789331352,170665458,64.190,robot_2,0.510,1.200
1789331352,400982097,64.421,robot_1,-2.067,-0.414
1789331352,401042647,64.421,robot_0,-0.349,-0.475
1789331352,401071654,64.421,robot_2,0.510,1.200
1789331352,633236349,64.653,robot_1,-2.067,-0.414
1789331352,633314155,64.653,robot_0,-0.349,-0.475
1789331352,633358165,64.653,robot_2,0.510,1.200
1789331352,849098378,64.869,robot_1,-2.067,-0.414
1789331352,849178819,64.869,robot_0,-0.349,-0.476
1789331352,849218666,64.869,robot_2,0.510,1.201
1789331353,56454436,65.076,robot_1,-2.067,-0.414
1789331353,56532853,65.076,robot_0,-0.349,-0.476
1789331353,56606479,65.076,robot_2,0.510,1.201
1789331353,265604740,65.285,robot_1,-2.068,-0.415
1789331353,265674588,65.285,robot_0,-0.349,-0.476
1789331353,265707973,65.286,robot_2,0.510,1.201
1789331353,506697802,65.527,robot_1,-2.068,-0.415
1789331353,506777206,65.527,robot_0,-0.349,-0.477
1789331353,506816021,65.527,robot_2,0.510,1.202
1789331353,708710543,65.729,robot_1,-2.069,-0.415
1789331353,708800439,65.729,robot_0,-0.349,-0.477
1789331353,708845059,65.729,robot_2,0.510,1.202
1789331353,911814482,65.932,robot_1,-2.069,-0.415
1789331353,911896181,65.932,robot_0,-0.348,-0.477
1789331353,911940345,65.932,robot_2,0.510,1.202
1789331354,144820332,66.165,robot_1,-2.070,-0.415
1789331354,144901407,66.165,robot_0,-0.348,-0.477
1789331354,144947112,66.165,robot_2,0.531,1.220
1789331354,367829783,66.388,robot_1,-2.070,-0.414
1789331354,367913312,66.388,robot_0,-0.348,-0.477
1789331354,367952769,66.388,robot_2,0.548,1.234
1789331354,580259358,66.600,robot_1,-2.061,-0.386
1789331354,580344450,66.600,robot_0,-0.348,-0.478
1789331354,580384208,66.600,robot_2,0.528,1.217
1789331354,816072904,66.836,robot_1,-2.055,-0.370
1789331354,816139580,66.836,robot_0,-0.347,-0.478
1789331354,816180484,66.836,robot_2,0.526,1.216
1789331355,17774380,67.038,robot_1,-2.055,-0.370
1789331355,17849168,67.038,robot_0,-0.347,-0.478
1789331355,17891342,67.038,robot_2,0.521,1.211
1789331355,252155457,67.272,robot_1,-2.055,-0.370
1789331355,252222228,67.272,robot_0,-0.347,-0.478
1789331355,252257162,67.272,robot_2,0.494,1.184
1789331355,452485360,67.472,robot_1,-2.054,-0.370
1789331355,452554686,67.479,robot_0,-0.346,-0.502
1789331355,459636054,67.479,robot_2,0.490,1.179
1789331355,675832298,67.696,robot_1,-2.054,-0.370
1789331355,675905907,67.696,robot_0,-0.345,-0.512
1789331355,675944570,67.696,robot_2,0.512,1.204
1789331355,886911792,67.907,robot_1,-2.054,-0.370
1789331355,886984571,67.907,robot_0,-0.349,-0.479
1789331355,887022558,67.907,robot_2,0.520,1.212
1789331356,100391775,68.120,robot_1,-2.053,-0.369
1789331356,100467737,68.120,robot_0,-0.351,-0.462
1789331356,100506068,68.120,robot_2,0.538,1.230
1789331356,313623589,68.333,robot_1,-2.053,-0.369
1789331356,313713224,68.334,robot_0,-0.351,-0.462
1789331356,313757246,68.334,robot_2,0.560,1.253
1789331356,525052979,68.545,robot_1,-2.053,-0.369
1789331356,525125189,68.545,robot_0,-0.350,-0.477
1789331356,525160348,68.545,robot_2,0.570,1.264
1789331356,746045798,68.766,robot_1,-2.052,-0.369
1789331356,746124898,68.766,robot_0,-0.349,-0.491
1789331356,746168293,68.766,robot_2,0.570,1.264
1789331356,968495593,68.988,robot_1,-2.052,-0.368
1789331356,968575518,68.988,robot_0,-0.345,-0.520
1789331356,968622653,68.988,robot_2,0.570,1.264
1789331357,187932365,69.208,robot_1,-2.052,-0.368
1789331357,188011322,69.208,robot_0,-0.342,-0.540
1789331357,188055189,69.208,robot_2,0.570,1.264
1789331357,398765826,69.419,robot_1,-2.052,-0.368
1789331357,398839001,69.419,robot_0,-0.338,-0.570
1789331357,398877229,69.419,robot_2,0.570,1.265
1789331357,602631649,69.622,robot_1,-2.052,-0.367
1789331357,602707302,69.623,robot_0,-0.337,-0.575
1789331357,602744101,69.623,robot_2,0.569,1.265
1789331357,818772386,69.839,robot_1,-2.052,-0.367
1789331357,818849137,69.839,robot_0,-0.337,-0.575
1789331357,818890372,69.839,robot_2,0.569,1.265
1789331358,23254020,70.043,robot_1,-2.052,-0.367
1789331358,23326502,70.043,robot_0,-0.337,-0.575
1789331358,23367664,70.043,robot_2,0.568,1.264
1789331358,245140751,70.265,robot_1,-2.052,-0.366
1789331358,245220224,70.265,robot_0,-0.337,-0.575
1789331358,245259311,70.265,robot_2,0.568,1.264
1789331358,445137223,70.465,robot_1,-2.052,-0.366
1789331358,445215932,70.465,robot_0,-0.336,-0.575
1789331358,445265269,70.465,robot_2,0.568,1.264
1789331358,653635511,70.673,robot_1,-2.052,-0.366
1789331358,653706690,70.674,robot_0,-0.336,-0.574
1789331358,653744126,70.674,robot_2,0.574,1.256
1789331358,866369472,70.886,robot_1,-2.051,-0.366
1789331358,866447839,70.886,robot_0,-0.336,-0.574
1789331358,866489523,70.886,robot_2,0.602,1.220
1789331359,96590996,71.116,robot_1,-2.023,-0.356
1789331359,96674558,71.116,robot_0,-0.336,-0.574
1789331359,96715424,71.117,robot_2,0.608,1.213
1789331359,341341210,71.361,robot_1,-2.000,-0.348
1789331359,346718564,71.367,robot_0,-0.336,-0.573
1789331359,346802554,71.367,robot_2,0.608,1.213
1789331359,543579056,71.563,robot_1,-1.978,-0.340
1789331359,543655514,71.563,robot_0,-0.336,-0.573
1789331359,543693542,71.564,robot_2,0.608,1.212
1789331359,772582253,71.792,robot_1,-1.982,-0.342
1789331359,772677726,71.792,robot_0,-0.336,-0.573
1789331359,772722905,71.793,robot_2,0.608,1.212
1789331359,980928674,72.001,robot_1,-2.008,-0.351
1789331359,981002684,72.001,robot_0,-0.336,-0.572
1789331359,981041090,72.001,robot_2,0.608,1.212
1789331360,193709556,72.214,robot_1,-2.004,-0.349
1789331360,193836643,72.214,robot_0,-0.336,-0.572
1789331360,193884665,72.214,robot_2,0.608,1.212
1789331360,395299932,72.415,robot_1,-1.980,-0.337
1789331360,395374782,72.415,robot_0,-0.336,-0.572
1789331360,395410073,72.415,robot_2,0.608,1.211
1789331360,598971012,72.619,robot_1,-1.988,-0.341
1789331360,599046944,72.619,robot_0,-0.336,-0.572
1789331360,599084759,72.619,robot_2,0.608,1.211
1789331360,806542231,72.826,robot_1,-2.018,-0.356
1789331360,806627745,72.826,robot_0,-0.336,-0.571
1789331360,806665403,72.826,robot_2,0.608,1.211
1789331361,7780531,73.028,robot_1,-2.022,-0.357
1789331361,7853371,73.028,robot_0,-0.336,-0.571
1789331361,7892786,73.028,robot_2,0.608,1.210
1789331361,213739591,73.234,robot_1,-2.022,-0.357
1789331361,213809541,73.234,robot_0,-0.336,-0.571
1789331361,213841486,73.234,robot_2,0.608,1.210
1789331361,432220048,73.452,robot_1,-2.022,-0.357
1789331361,432299966,73.452,robot_0,-0.337,-0.571
1789331361,432335484,73.452,robot_2,0.608,1.210
1789331361,658848299,73.679,robot_1,-2.022,-0.357
1789331361,658925132,73.679,robot_0,-0.337,-0.570
1789331361,658963842,73.679,robot_2,0.608,1.209
1789331361,890200293,73.910,robot_1,-2.023,-0.357
1789331361,890314701,73.914,robot_0,-0.336,-0.567
1789331361,894472149,73.914,robot_2,0.609,1.209
1789331362,129980937,74.150,robot_1,-2.023,-0.356
1789331362,130073311,74.150,robot_0,-0.326,-0.541
1789331362,130114125,74.150,robot_2,0.609,1.209
1789331362,342882480,74.363,robot_1,-2.024,-0.356
1789331362,342953751,74.363,robot_0,-0.323,-0.535
1789331362,342987305,74.363,robot_2,0.609,1.209
1789331362,562976154,74.583,robot_1,-2.024,-0.356
1789331362,563050178,74.583,robot_0,-0.324,-0.537
1789331362,563086681,74.583,robot_2,0.610,1.209
1789331362,783376665,74.803,robot_1,-2.024,-0.356
1789331362,783450889,74.816,robot_0,-0.329,-0.572
1789331362,796694515,74.817,robot_2,0.610,1.209
1789331362,998897747,75.019,robot_1,-2.025,-0.356
1789331362,998989533,75.019,robot_0,-0.331,-0.584
1789331362,999037070,75.019,robot_2,0.610,1.209
1789331363,204271269,75.224,robot_1,-2.025,-0.356
1789331363,204355067,75.224,robot_0,-0.333,-0.558
1789331363,204394214,75.224,robot_2,0.611,1.209
1789331363,407454685,75.427,robot_1,-2.025,-0.357
1789331363,407535869,75.427,robot_0,-0.336,-0.523
1789331363,407583209,75.427,robot_2,0.611,1.209
1789331363,617319980,75.637,robot_1,-2.026,-0.357
1789331363,617399050,75.637,robot_0,-0.339,-0.489
1789331363,617442297,75.637,robot_2,0.611,1.209
1789331363,826652430,75.846,robot_1,-2.026,-0.357
1789331363,826741399,75.847,robot_0,-0.342,-0.464
1789331363,826784229,75.847,robot_2,0.612,1.209
1789331364,57528910,76.077,robot_1,-2.026,-0.357
1789331364,57607893,76.077,robot_0,-0.341,-0.470
1789331364,57638460,76.077,robot_2,0.612,1.209
1789331364,260563292,76.280,robot_1,-2.026,-0.358
1789331364,260645488,76.280,robot_0,-0.340,-0.507
1789331364,260681660,76.280,robot_2,0.612,1.209
1789331364,481001210,76.501,robot_1,-2.026,-0.358
1789331364,481103824,76.501,robot_0,-0.340,-0.511
1789331364,481145330,76.501,robot_2,0.609,1.212
1789331364,673081415,76.693,robot_1,-2.027,-0.358
1789331364,673154141,76.693,robot_0,-0.340,-0.511
1789331364,673190296,76.693,robot_2,0.585,1.234
1789331364,894527534,76.914,robot_1,-2.022,-0.360
1789331364,894603390,76.914,robot_0,-0.340,-0.512
1789331364,894636911,76.914,robot_2,0.547,1.268
1789331365,100578771,77.120,robot_1,-1.985,-0.370
1789331365,100657795,77.120,robot_0,-0.340,-0.512
1789331365,100702402,77.121,robot_2,0.520,1.292
1789331365,314176922,77.334,robot_1,-1.960,-0.377
1789331365,314241278,77.334,robot_0,-0.341,-0.512
1789331365,314279849,77.334,robot_2,0.504,1.306
1789331365,518447325,77.538,robot_1,-1.960,-0.377
1789331365,518528630,77.538,robot_0,-0.341,-0.512
1789331365,520408618,77.540,robot_2,0.475,1.332
1789331365,726512755,77.746,robot_1,-1.926,-0.385
1789331365,726596110,77.746,robot_0,-0.341,-0.512
1789331365,726639308,77.746,robot_2,0.470,1.337
1789331365,939998494,77.960,robot_1,-1.898,-0.391
1789331365,940089773,77.960,robot_0,-0.341,-0.513
1789331365,943014251,77.963,robot_2,0.472,1.335
1789331366,146672754,78.167,robot_1,-1.898,-0.392
1789331366,146759131,78.167,robot_0,-0.341,-0.513
1789331366,146798648,78.167,robot_2,0.472,1.335
1789331366,352836373,78.373,robot_1,-1.898,-0.392
1789331366,352917815,78.373,robot_0,-0.342,-0.513
1789331366,352955105,78.373,robot_2,0.472,1.335
1789331366,576695934,78.597,robot_1,-1.888,-0.394
1789331366,576765749,78.597,robot_0,-0.342,-0.514
1789331366,576809704,78.597,robot_2,0.472,1.336
1789331366,789111753,78.809,robot_1,-1.851,-0.405
1789331366,789183088,78.809,robot_0,-0.342,-0.514
1789331366,789215584,78.809,robot_2,0.472,1.336
1789331367,5783178,79.026,robot_1,-1.843,-0.407
1789331367,5880009,79.026,robot_0,-0.342,-0.514
1789331367,5924041,79.026,robot_2,0.472,1.336
1789331367,230896985,79.251,robot_1,-1.843,-0.407
1789331367,230963395,79.251,robot_0,-0.342,-0.514
1789331367,231000536,79.251,robot_2,0.472,1.337
1789331367,431759492,79.452,robot_1,-1.851,-0.403
1789331367,431836678,79.452,robot_0,-0.341,-0.515
1789331367,431878227,79.452,robot_2,0.472,1.337
1789331367,634692018,79.655,robot_1,-1.872,-0.393
1789331367,634773095,79.655,robot_0,-0.341,-0.515
1789331367,634818510,79.655,robot_2,0.472,1.337
1789331367,846493979,79.866,robot_1,-1.874,-0.392
1789331367,846575651,79.866,robot_0,-0.341,-0.515
1789331367,846610764,79.866,robot_2,0.472,1.338
1789331368,47518609,80.067,robot_1,-1.874,-0.393
1789331368,47603041,80.067,robot_0,-0.346,-0.520
1789331368,47642702,80.067,robot_2,0.472,1.338
1789331368,265499950,80.285,robot_1,-1.874,-0.393
1789331368,265573045,80.285,robot_0,-0.371,-0.545
1789331368,265599576,80.285,robot_2,0.471,1.338
1789331368,496586551,80.516,robot_1,-1.874,-0.393
1789331368,496656930,80.516,robot_0,-0.391,-0.565
1789331368,496690340,80.517,robot_2,0.471,1.338
1789331368,699726686,80.720,robot_1,-1.874,-0.394
1789331368,699796620,80.720,robot_0,-0.405,-0.578
1789331368,699828346,80.720,robot_2,0.471,1.339
1789331368,919048629,80.939,robot_1,-1.874,-0.394
1789331368,919125646,80.939,robot_0,-0.405,-0.578
1789331368,919160654,80.939,robot_2,0.471,1.339
1789331369,125539756,81.145,robot_1,-1.874,-0.394
1789331369,125626725,81.145,robot_0,-0.405,-0.578
1789331369,125665072,81.145,robot_2,0.470,1.339
1789331369,334065448,81.354,robot_1,-1.874,-0.395
1789331369,334169600,81.354,robot_0,-0.404,-0.578
1789331369,334208758,81.354,robot_2,0.470,1.339
1789331369,550696053,81.571,robot_1,-1.874,-0.395
1789331369,550767382,81.571,robot_0,-0.404,-0.579
1789331369,550798896,81.571,robot_2,0.470,1.339
1789331369,781101118,81.801,robot_1,-1.873,-0.395
1789331369,781187235,81.801,robot_0,-0.404,-0.579
1789331369,781227490,81.801,robot_2,0.469,1.339
1789331369,997077018,82.017,robot_1,-1.873,-0.395
1789331369,997164107,82.017,robot_0,-0.403,-0.579
1789331369,997203223,82.017,robot_2,0.469,1.339
1789331370,202315157,82.222,robot_1,-1.873,-0.396
1789331370,202395003,82.222,robot_0,-0.403,-0.579
1789331370,202434241,82.222,robot_2,0.469,1.339
1789331370,410227687,82.430,robot_1,-1.872,-0.396
1789331370,410298989,82.430,robot_0,-0.403,-0.578
1789331370,410334898,82.430,robot_2,0.470,1.335
1789331370,652950721,82.673,robot_1,-1.872,-0.396
1789331370,653020399,82.673,robot_0,-0.402,-0.578
1789331370,653058692,82.673,robot_2,0.481,1.295
1789331370,857571783,82.877,robot_1,-1.872,-0.396
1789331370,857636747,82.877,robot_0,-0.424,-0.545
1789331370,857667514,82.877,robot_2,0.478,1.307
1789331371,63817242,83.084,robot_1,-1.871,-0.396
1789331371,63914939,83.090,robot_0,-0.442,-0.520
1789331371,70676549,83.091,robot_2,0.473,1.324
1789331371,293167366,83.313,robot_1,-1.871,-0.396
1789331371,293240973,83.313,robot_0,-0.468,-0.486
1789331371,293276580,83.313,robot_2,0.464,1.351
1789331371,503514113,83.523,robot_1,-1.871,-0.396
1789331371,503598852,83.523,robot_0,-0.482,-0.468
1789331371,503630916,83.523,robot_2,0.469,1.337
1789331371,713410546,83.733,robot_1,-1.869,-0.399
1789331371,713494024,83.733,robot_0,-0.482,-0.468
1789331371,713531780,83.733,robot_2,0.477,1.312
1789331371,920305295,83.940,robot_1,-1.856,-0.430
1789331371,920373931,83.940,robot_0,-0.481,-0.467
1789331371,920406927,83.940,robot_2,0.471,1.330
1789331372,132974975,84.153,robot_1,-1.842,-0.463
1789331372,133047802,84.153,robot_0,-0.481,-0.467
1789331372,133087952,84.153,robot_2,0.463,1.357
1789331372,362511772,84.382,robot_1,-1.834,-0.484
1789331372,362587339,84.382,robot_0,-0.481,-0.467
1789331372,362618686,84.382,robot_2,0.454,1.388
1789331372,572146277,84.592,robot_1,-1.834,-0.484
1789331372,572219394,84.592,robot_0,-0.481,-0.466
1789331372,572256790,84.592,robot_2,0.450,1.404
1789331372,772295495,84.792,robot_1,-1.834,-0.484
1789331372,772368040,84.792,robot_0,-0.481,-0.466
1789331372,772403728,84.792,robot_2,0.449,1.404
1789331373,17255548,85.037,robot_1,-1.834,-0.484
1789331373,17326571,85.037,robot_0,-0.481,-0.466
1789331373,17362422,85.037,robot_2,0.459,1.386
1789331373,226359080,85.246,robot_1,-1.835,-0.484
1789331373,226431077,85.246,robot_0,-0.481,-0.465
1789331373,226468377,85.246,robot_2,0.472,1.360
1789331373,429149499,85.453,robot_1,-1.835,-0.484
1789331373,433740061,85.454,robot_0,-0.481,-0.465
1789331373,433788826,85.454,robot_2,0.472,1.360
1789331373,648078001,85.668,robot_1,-1.836,-0.484
1789331373,648151329,85.668,robot_0,-0.481,-0.465
1789331373,648189164,85.668,robot_2,0.472,1.359
1789331373,875842944,85.896,robot_1,-1.836,-0.484
1789331373,875912238,85.896,robot_0,-0.481,-0.465
1789331373,875943121,85.896,robot_2,0.472,1.359
1789331374,99223798,86.119,robot_1,-1.836,-0.483
1789331374,99295463,86.119,robot_0,-0.482,-0.464
1789331374,99326908,86.119,robot_2,0.472,1.359
1789331374,303004878,86.323,robot_1,-1.837,-0.483
1789331374,303073640,86.323,robot_0,-0.482,-0.464
1789331374,303106292,86.323,robot_2,0.471,1.359
1789331374,519858591,86.540,robot_1,-1.837,-0.483
1789331374,519930295,86.540,robot_0,-0.482,-0.464
1789331374,519965055,86.540,robot_2,0.471,1.358
1789331374,735982524,86.756,robot_1,-1.837,-0.482
1789331374,736059378,86.756,robot_0,-0.482,-0.464
1789331374,736093731,86.756,robot_2,0.471,1.358
1789331374,944198982,86.964,robot_1,-1.837,-0.482
1789331374,944271443,86.964,robot_0,-0.483,-0.464
1789331374,944301730,86.964,robot_2,0.471,1.358
1789331375,170643053,87.190,robot_1,-1.812,-0.477
1789331375,170713646,87.191,robot_0,-0.483,-0.464
1789331375,170748568,87.191,robot_2,0.471,1.357
1789331375,406995443,87.427,robot_1,-1.801,-0.475
1789331375,407073984,87.427,robot_0,-0.484,-0.470
1789331375,407109258,87.427,robot_2,0.471,1.357
1789331375,607046197,87.627,robot_1,-1.812,-0.476
1789331375,607117970,87.627,robot_0,-0.487,-0.493
1789331375,607153431,87.627,robot_2,0.472,1.357
1789331375,812299208,87.832,robot_1,-1.812,-0.476
1789331375,812363063,87.832,robot_0,-0.485,-0.474
1789331375,812392791,87.832,robot_2,0.472,1.356
1789331376,15934660,88.036,robot_1,-1.812,-0.476
1789331376,16007623,88.036,robot_0,-0.484,-0.465
1789331376,16040106,88.036,robot_2,0.472,1.356
1789331376,225771411,88.246,robot_1,-1.812,-0.476
1789331376,225847183,88.246,robot_0,-0.484,-0.465
1789331376,225884701,88.246,robot_2,0.472,1.356
1789331376,448825794,88.469,robot_1,-1.812,-0.477
1789331376,448897227,88.469,robot_0,-0.484,-0.465
1789331376,448931999,88.469,robot_2,0.472,1.356
1789331376,658868450,88.679,robot_1,-1.811,-0.477
1789331376,658950476,88.679,robot_0,-0.483,-0.457
1789331376,658989574,88.679,robot_2,0.473,1.356
1789331376,863536299,88.883,robot_1,-1.811,-0.477
1789331376,863618750,88.883,robot_0,-0.480,-0.429
1789331376,863647878,88.883,robot_2,0.473,1.355
1789331377,82486331,89.102,robot_1,-1.811,-0.477
1789331377,82568908,89.102,robot_0,-0.480,-0.430
1789331377,82605202,89.102,robot_2,0.473,1.355
1789331377,297566542,89.317,robot_1,-1.811,-0.478
1789331377,297632454,89.317,robot_0,-0.484,-0.474
1789331377,297664102,89.317,robot_2,0.473,1.355
1789331377,501385382,89.521,robot_1,-1.810,-0.478
1789331377,501442863,89.521,robot_0,-0.486,-0.497
1789331377,501471423,89.521,robot_2,0.467,1.329
1789331377,715169297,89.735,robot_1,-1.810,-0.478
1789331377,715249462,89.735,robot_0,-0.486,-0.497
1789331377,715286061,89.735,robot_2,0.464,1.316
1789331377,916618670,89.936,robot_1,-1.810,-0.478
1789331377,916692528,89.937,robot_0,-0.486,-0.497
1789331377,916730634,89.937,robot_2,0.465,1.321
1789331378,123616086,90.143,robot_1,-1.809,-0.478
1789331378,123679206,90.143,robot_0,-0.487,-0.497
1789331378,123706166,90.144,robot_2,0.471,1.366
1789331378,351877399,90.372,robot_1,-1.809,-0.478
1789331378,351995285,90.372,robot_0,-0.487,-0.497
1789331378,352034190,90.372,robot_2,0.472,1.375
1789331378,554741262,90.575,robot_1,-1.808,-0.478
1789331378,554812416,90.575,robot_0,-0.487,-0.497
1789331378,554847494,90.575,robot_2,0.472,1.373
1789331378,763649144,90.783,robot_1,-1.808,-0.478
1789331378,763717168,90.784,robot_0,-0.487,-0.497
1789331378,763745624,90.784,robot_2,0.472,1.348
1789331378,971373783,90.991,robot_1,-1.808,-0.477
1789331378,971440956,90.991,robot_0,-0.488,-0.498
1789331378,971471640,90.991,robot_2,0.471,1.341
1789331379,193439927,91.213,robot_1,-1.808,-0.477
1789331379,193512186,91.213,robot_0,-0.488,-0.498
1789331379,193548276,91.213,robot_2,0.471,1.314
1789331379,402507821,91.422,robot_1,-1.807,-0.477
1789331379,402600548,91.422,robot_0,-0.488,-0.498
1789331379,402643020,91.422,robot_2,0.471,1.300
1789331379,629874206,91.650,robot_1,-1.807,-0.477
1789331379,629937667,91.650,robot_0,-0.488,-0.499
1789331379,629966913,91.650,robot_2,0.471,1.300
1789331379,847352579,91.867,robot_1,-1.807,-0.476
1789331379,847418889,91.867,robot_0,-0.488,-0.499
1789331379,847456046,91.867,robot_2,0.471,1.301
1789331380,79835581,92.100,robot_1,-1.807,-0.476
1789331380,79896573,92.100,robot_0,-0.488,-0.499
1789331380,79924116,92.100,robot_2,0.471,1.301
1789331380,311217982,92.331,robot_1,-1.807,-0.476
1789331380,311288258,92.331,robot_0,-0.488,-0.500
1789331380,311320508,92.331,robot_2,0.472,1.301
1789331380,516789503,92.537,robot_1,-1.807,-0.477
1789331380,516854391,92.537,robot_0,-0.488,-0.500
1789331380,516883637,92.537,robot_2,0.472,1.301
1789331380,743591202,92.763,robot_1,-1.828,-0.461
1789331380,743655738,92.763,robot_0,-0.488,-0.500
1789331380,743688850,92.763,robot_2,0.472,1.301
1789331380,949816262,92.970,robot_1,-1.852,-0.443
1789331380,949884565,92.970,robot_0,-0.488,-0.501
1789331380,949916344,92.970,robot_2,0.472,1.301
1789331381,156876365,93.177,robot_1,-1.862,-0.436
1789331381,156949607,93.177,robot_0,-0.488,-0.501
1789331381,156986068,93.177,robot_2,0.473,1.302
1789331381,374511237,93.394,robot_1,-1.890,-0.417
1789331381,374585481,93.394,robot_0,-0.497,-0.511
1789331381,374613680,93.394,robot_2,0.473,1.302
1789331381,578934355,93.599,robot_1,-1.886,-0.420
1789331381,579001484,93.599,robot_0,-0.514,-0.529
1789331381,579032637,93.599,robot_2,0.473,1.302
1789331381,784335832,93.804,robot_1,-1.859,-0.434
1789331381,784406643,93.804,robot_0,-0.493,-0.506
1789331381,784441116,93.804,robot_2,0.473,1.303
1789331382,2566713,94.022,robot_1,-1.861,-0.433
1789331382,2638378,94.022,robot_0,-0.464,-0.476
1789331382,2669332,94.022,robot_2,0.473,1.303
1789331382,203722458,94.224,robot_1,-1.893,-0.413
1789331382,203802094,94.224,robot_0,-0.433,-0.443
1789331382,203836967,94.224,robot_2,0.473,1.303
1789331382,415983261,94.436,robot_1,-1.921,-0.395
1789331382,416051685,94.436,robot_0,-0.400,-0.408
1789331382,416090657,94.436,robot_2,0.473,1.304
1789331382,632136288,94.652,robot_1,-1.922,-0.395
1789331382,632228440,94.652,robot_0,-0.385,-0.392
1789331382,632260841,94.652,robot_2,0.473,1.304
1789331382,837822362,94.858,robot_1,-1.937,-0.383
1789331382,837890029,94.858,robot_0,-0.391,-0.398
1789331382,837929004,94.858,robot_2,0.472,1.304
1789331383,51367335,95.071,robot_1,-1.964,-0.362
1789331383,51438287,95.071,robot_0,-0.407,-0.417
1789331383,51469752,95.071,robot_2,0.472,1.305
1789331383,267584584,95.287,robot_1,-1.995,-0.337
1789331383,267655453,95.287,robot_0,-0.395,-0.404
1789331383,267685437,95.287,robot_2,0.454,1.287
1789331383,473547218,95.493,robot_1,-2.026,-0.311
1789331383,473623643,95.493,robot_0,-0.390,-0.398
1789331383,480601257,95.500,robot_2,0.442,1.276
1789331383,687389970,95.707,robot_1,-2.027,-0.310
1789331383,687454145,95.707,robot_0,-0.372,-0.374
1789331383,687486988,95.707,robot_2,0.455,1.291
1789331383,915182152,95.935,robot_1,-2.064,-0.279
1789331383,915256553,95.935,robot_0,-0.357,-0.353
1789331383,915324673,95.935,robot_2,0.455,1.291
1789331384,116106984,96.136,robot_1,-2.080,-0.266
1789331384,116185564,96.136,robot_0,-0.370,-0.368
1789331384,116221747,96.136,robot_2,0.433,1.264
1789331384,319834219,96.340,robot_1,-2.080,-0.266
1789331384,322980992,96.343,robot_0,-0.384,-0.385
1789331384,323056283,96.343,robot_2,0.439,1.271
1789331384,533236336,96.553,robot_1,-2.080,-0.266
1789331384,533297915,96.553,robot_0,-0.385,-0.386
1789331384,533327870,96.553,robot_2,0.443,1.277
1789331384,753043961,96.773,robot_1,-2.080,-0.266
1789331384,753112558,96.773,robot_0,-0.391,-0.392
1789331384,753148713,96.773,robot_2,0.443,1.277
1789331384,959757822,96.980,robot_1,-2.080,-0.266
1789331384,959825113,96.980,robot_0,-0.410,-0.412
1789331384,959853796,96.980,robot_2,0.438,1.268
1789331385,160925272,97.181,robot_1,-2.080,-0.266
1789331385,161017109,97.181,robot_0,-0.403,-0.405
1789331385,161055597,97.181,robot_2,0.422,1.231
1789331385,366028701,97.386,robot_1,-2.080,-0.266
1789331385,366107630,97.386,robot_0,-0.401,-0.403
1789331385,366145529,97.386,robot_2,0.421,1.229
1789331385,570347636,97.590,robot_1,-2.080,-0.266
1789331385,570425634,97.590,robot_0,-0.401,-0.403
1789331385,570457873,97.590,robot_2,0.420,1.226
1789331385,780888941,97.801,robot_1,-2.079,-0.265
1789331385,780972543,97.801,robot_0,-0.401,-0.403
1789331385,781009807,97.801,robot_2,0.417,1.193
1789331385,995179219,98.015,robot_1,-2.079,-0.265
1789331385,995255139,98.015,robot_0,-0.400,-0.404
1789331385,995289306,98.015,robot_2,0.417,1.190
1789331386,204873476,98.225,robot_1,-2.079,-0.265
1789331386,204951472,98.225,robot_0,-0.400,-0.404
1789331386,204989461,98.225,robot_2,0.416,1.190
1789331386,417985332,98.438,robot_1,-2.080,-0.264
1789331386,418061787,98.438,robot_0,-0.400,-0.404
1789331386,418096304,98.438,robot_2,0.416,1.189
1789331386,654572856,98.674,robot_1,-2.080,-0.264
1789331386,654647281,98.674,robot_0,-0.399,-0.404
1789331386,654682652,98.674,robot_2,0.416,1.189
1789331386,858990129,98.879,robot_1,-2.080,-0.264
1789331386,859060568,98.879,robot_0,-0.399,-0.404
1789331386,859090423,98.879,robot_2,0.415,1.189
1789331387,69314131,99.089,robot_1,-2.080,-0.263
1789331387,79793809,99.100,robot_0,-0.399,-0.404
1789331387,79864737,99.100,robot_2,0.415,1.189
1789331387,276689884,99.297,robot_1,-2.080,-0.263
1789331387,276823057,99.297,robot_0,-0.398,-0.403
1789331387,276857970,99.297,robot_2,0.415,1.189
1789331387,497284963,99.517,robot_1,-2.081,-0.263
1789331387,497366195,99.517,robot_0,-0.398,-0.403
1789331387,497401573,99.517,robot_2,0.415,1.188
1789331387,713366626,99.733,robot_1,-2.081,-0.263
1789331387,713444179,99.733,robot_0,-0.398,-0.403
1789331387,713474001,99.733,robot_2,0.415,1.188
1789331387,918257420,99.938,robot_1,-2.081,-0.263
1789331387,918329100,99.938,robot_0,-0.398,-0.403
1789331387,918363887,99.938,robot_2,0.414,1.188
1789331388,127758376,100.148,robot_1,-2.082,-0.262
1789331388,127834964,100.148,robot_0,-0.398,-0.402
1789331388,127867206,100.148,robot_2,0.414,1.187
1789331388,343206514,100.363,robot_1,-2.082,-0.262
1789331388,343280835,100.363,robot_0,-0.397,-0.402
1789331388,343316429,100.363,robot_2,0.414,1.187
1789331388,560979484,100.581,robot_1,-2.082,-0.264
1789331388,561050228,100.581,robot_0,-0.397,-0.402
1789331388,561081164,100.581,robot_2,0.415,1.187
1789331388,770374760,100.790,robot_1,-2.083,-0.294
1789331388,770461697,100.790,robot_0,-0.397,-0.402
1789331388,770496597,100.790,robot_2,0.415,1.186
1789331388,991419738,101.011,robot_1,-2.083,-0.308
1789331388,991494161,101.011,robot_0,-0.397,-0.401
1789331388,991526103,101.011,robot_2,0.415,1.186
1789331389,192290758,101.212,robot_1,-2.084,-0.330
1789331389,192366397,101.212,robot_0,-0.397,-0.401
1789331389,192400217,101.212,robot_2,0.415,1.186
1789331389,414761424,101.435,robot_1,-2.088,-0.374
1789331389,414831596,101.435,robot_0,-0.394,-0.400
1789331389,414863866,101.435,robot_2,0.415,1.185
1789331389,629462222,101.649,robot_1,-2.088,-0.375
1789331389,629550423,101.649,robot_0,-0.366,-0.394
1789331389,629590857,101.649,robot_2,0.421,1.192
1789331389,830194660,101.850,robot_1,-2.088,-0.375
1789331389,830266146,101.850,robot_0,-0.352,-0.391
1789331389,830309347,101.850,robot_2,0.450,1.228
1789331390,46073834,102.066,robot_1,-2.088,-0.375
1789331390,46146874,102.066,robot_0,-0.323,-0.384
1789331390,46189846,102.066,robot_2,0.461,1.241
1789331390,268804614,102.289,robot_1,-2.088,-0.375
1789331390,268875206,102.289,robot_0,-0.320,-0.384
1789331390,268916885,102.289,robot_2,0.461,1.241
1789331390,491880704,102.512,robot_1,-2.088,-0.375
1789331390,491945883,102.512,robot_0,-0.326,-0.385
1789331390,491982634,102.512,robot_2,0.445,1.217
1789331390,733764560,102.754,robot_1,-2.087,-0.403
1789331390,733832999,102.754,robot_0,-0.374,-0.401
1789331390,733862156,102.754,robot_2,0.443,1.214
1789331390,963184037,102.983,robot_1,-2.086,-0.439
1789331390,963253121,102.983,robot_0,-0.409,-0.413
1789331390,963284050,102.983,robot_2,0.434,1.200
1789331391,186951317,103.207,robot_1,-2.086,-0.436
1789331391,187023965,103.207,robot_0,-0.426,-0.419
1789331391,187067382,103.207,robot_2,0.428,1.191
1789331391,403918767,103.424,robot_1,-2.086,-0.436
1789331391,403991056,103.424,robot_0,-0.475,-0.433
1789331391,404029415,103.424,robot_2,0.451,1.227
1789331391,617719095,103.638,robot_1,-2.085,-0.436
1789331391,617792959,103.638,robot_0,-0.476,-0.434
1789331391,617830259,103.638,robot_2,0.451,1.228
1789331391,828648528,103.848,robot_1,-2.085,-0.436
1789331391,828710137,103.849,robot_0,-0.477,-0.434
1789331391,828737675,103.849,robot_2,0.451,1.228
1789331392,40813340,104.061,robot_1,-2.086,-0.436
1789331392,40874530,104.061,robot_0,-0.477,-0.433
1789331392,40902528,104.061,robot_2,0.458,1.245
1789331392,256264129,104.276,robot_1,-2.086,-0.436
1789331392,256330268,104.276,robot_0,-0.477,-0.433
1789331392,256358439,104.276,robot_2,0.466,1.267
1789331392,475340851,104.495,robot_1,-2.086,-0.436
1789331392,475412250,104.495,robot_0,-0.477,-0.433
1789331392,475447859,104.495,robot_2,0.471,1.285
1789331392,706726719,104.727,robot_1,-2.087,-0.436
1789331392,706795757,104.727,robot_0,-0.477,-0.433
1789331392,706828388,104.727,robot_2,0.478,1.311
1789331392,926684103,104.947,robot_1,-2.087,-0.437
1789331392,926749512,104.947,robot_0,-0.478,-0.432
1789331392,926782564,104.947,robot_2,0.472,1.289
1789331393,131072844,105.151,robot_1,-2.087,-0.437
1789331393,131134362,105.151,robot_0,-0.478,-0.432
1789331393,131165339,105.151,robot_2,0.472,1.289
1789331393,364840613,105.385,robot_1,-2.087,-0.437
1789331393,364917103,105.385,robot_0,-0.478,-0.432
1789331393,364950029,105.385,robot_2,0.470,1.281
1789331393,574570319,105.594,robot_1,-2.088,-0.438
1789331393,574641228,105.594,robot_0,-0.479,-0.432
1789331393,574678410,105.594,robot_2,0.461,1.246
1789331393,796270487,105.816,robot_1,-2.088,-0.438
1789331393,796337782,105.816,robot_0,-0.479,-0.432
1789331393,796376633,105.816,robot_2,0.457,1.231
1789331393,996621433,106.016,robot_1,-2.088,-0.438
1789331393,996688555,106.016,robot_0,-0.480,-0.432
1789331393,996716735,106.017,robot_2,0.457,1.231
1789331394,209763322,106.230,robot_1,-2.088,-0.439
1789331394,209827642,106.230,robot_0,-0.480,-0.433
1789331394,209856002,106.230,robot_2,0.465,1.256
1789331394,413272166,106.433,robot_1,-2.088,-0.439
1789331394,413344160,106.433,robot_0,-0.480,-0.433
1789331394,413373633,106.433,robot_2,0.476,1.287
1789331394,617882696,106.638,robot_1,-2.088,-0.439
1789331394,617950238,106.638,robot_0,-0.480,-0.433
1789331394,617978018,106.638,robot_2,0.471,1.272
1789331394,821102965,106.841,robot_1,-2.088,-0.440
1789331394,821170150,106.841,robot_0,-0.481,-0.433
1789331394,821207005,106.841,robot_2,0.460,1.242
1789331395,30552533,107.050,robot_1,-2.087,-0.440
1789331395,30630759,107.050,robot_0,-0.481,-0.433
1789331395,30667115,107.050,robot_2,0.457,1.231
1789331395,243121346,107.263,robot_1,-2.087,-0.440
1789331395,243199186,107.263,robot_0,-0.481,-0.434
1789331395,243234146,107.263,robot_2,0.469,1.268
1789331395,446295286,107.466,robot_1,-2.110,-0.458
1789331395,446369642,107.466,robot_0,-0.481,-0.433
1789331395,446405887,107.466,robot_2,0.471,1.277
1789331395,647992984,107.668,robot_1,-2.125,-0.469
1789331395,648066845,107.668,robot_0,-0.499,-0.424
1789331395,648102837,107.668,robot_2,0.471,1.277
1789331395,874281528,107.894,robot_1,-2.139,-0.479
1789331395,874349646,107.894,robot_0,-0.502,-0.422
1789331395,874379295,107.894,robot_2,0.472,1.277
1789331396,83135387,108.103,robot_1,-2.162,-0.495
1789331396,83200551,108.103,robot_0,-0.473,-0.436
1789331396,83228230,108.103,robot_2,0.472,1.277
1789331396,284352839,108.304,robot_1,-2.188,-0.514
1789331396,284410238,108.304,robot_0,-0.447,-0.449
1789331396,284435336,108.304,robot_2,0.472,1.277
1789331396,496933257,108.517,robot_1,-2.199,-0.521
1789331396,496993847,108.517,robot_0,-0.447,-0.449
1789331396,497022972,108.517,robot_2,0.472,1.277
1789331396,722821201,108.743,robot_1,-2.199,-0.521
1789331396,722883386,108.743,robot_0,-0.466,-0.437
1789331396,722911023,108.743,robot_2,0.473,1.277
1789331396,954260224,108.974,robot_1,-2.199,-0.521
1789331396,954326085,108.974,robot_0,-0.493,-0.420
1789331396,954353833,108.974,robot_2,0.473,1.277
1789331397,158956448,109.179,robot_1,-2.199,-0.520
1789331397,159027158,109.179,robot_0,-0.523,-0.401
1789331397,159061326,109.179,robot_2,0.473,1.278
1789331397,361565637,109.381,robot_1,-2.199,-0.520
1789331397,361636600,109.381,robot_0,-0.528,-0.398
1789331397,361666213,109.381,robot_2,0.474,1.278
1789331397,582447155,109.602,robot_1,-2.199,-0.519
1789331397,582508775,109.602,robot_0,-0.528,-0.398
1789331397,582538809,109.602,robot_2,0.474,1.278
1789331397,792043871,109.812,robot_1,-2.199,-0.519
1789331397,792111087,109.812,robot_0,-0.528,-0.398
1789331397,792146175,109.812,robot_2,0.474,1.278
1789331398,15990374,110.036,robot_1,-2.199,-0.518
1789331398,16067134,110.036,robot_0,-0.528,-0.399
1789331398,16101698,110.036,robot_2,0.474,1.279
1789331398,237123011,110.257,robot_1,-2.198,-0.518
1789331398,237189840,110.257,robot_0,-0.528,-0.399
1789331398,237225379,110.257,robot_2,0.474,1.279
1789331398,447080821,110.467,robot_1,-2.198,-0.518
1789331398,447143676,110.467,robot_0,-0.528,-0.399
1789331398,447172095,110.467,robot_2,0.474,1.280
1789331398,689379972,110.709,robot_1,-2.173,-0.550
1789331398,689443484,110.709,robot_0,-0.528,-0.400
1789331398,689472137,110.709,robot_2,0.474,1.280
1789331398,892680355,110.912,robot_1,-2.167,-0.558
1789331398,892744287,110.913,robot_0,-0.527,-0.400
1789331398,892781646,110.913,robot_2,0.474,1.280
1789331399,112394089,111.132,robot_1,-2.167,-0.558
1789331399,112484006,111.132,robot_0,-0.527,-0.400
1789331399,112514973,111.132,robot_2,0.474,1.281
1789331399,306775459,111.327,robot_1,-2.167,-0.558
1789331399,314364384,111.334,robot_0,-0.527,-0.401
1789331399,314431553,111.334,robot_2,0.480,1.284
1789331399,525010200,111.545,robot_1,-2.172,-0.553
1789331399,525080928,111.545,robot_0,-0.527,-0.401
1789331399,525113570,111.545,robot_2,0.494,1.291
1789331399,735903298,111.756,robot_1,-2.184,-0.540
1789331399,735976619,111.756,robot_0,-0.522,-0.391
1789331399,736015012,111.756,robot_2,0.494,1.291
1789331399,947720033,111.968,robot_1,-2.184,-0.540
1789331399,947802503,111.968,robot_0,-0.511,-0.362
1789331399,947836966,111.968,robot_2,0.502,1.297
1789331400,169747434,112.190,robot_1,-2.184,-0.540
1789331400,169827218,112.190,robot_0,-0.509,-0.359
1789331400,169870213,112.190,robot_2,0.523,1.314
1789331400,387985225,112.408,robot_1,-2.185,-0.541
1789331400,388056200,112.408,robot_0,-0.509,-0.359
1789331400,388095070,112.408,robot_2,0.510,1.302
1789331400,608776670,112.629,robot_1,-2.185,-0.541
1789331400,608852127,112.629,robot_0,-0.509,-0.359
1789331400,608893615,112.629,robot_2,0.507,1.300
1789331400,817381289,112.837,robot_1,-2.185,-0.541
1789331400,817452102,112.837,robot_0,-0.508,-0.359
1789331400,817494569,112.837,robot_2,0.507,1.300
1789331401,27279634,113.047,robot_1,-2.185,-0.542
1789331401,27349808,113.047,robot_0,-0.508,-0.359
1789331401,27386554,113.047,robot_2,0.507,1.300
1789331401,233815892,113.254,robot_1,-2.185,-0.542
1789331401,233885006,113.254,robot_0,-0.508,-0.359
1789331401,233919644,113.254,robot_2,0.513,1.309
1789331401,437470844,113.457,robot_1,-2.185,-0.543
1789331401,437536559,113.457,robot_0,-0.507,-0.359
1789331401,437576015,113.457,robot_2,0.532,1.337
1789331401,662140801,113.682,robot_1,-2.185,-0.543
1789331401,662226907,113.682,robot_0,-0.507,-0.359
1789331401,662268502,113.682,robot_2,0.533,1.338
1789331401,889342528,113.909,robot_1,-2.185,-0.543
1789331401,889416154,113.909,robot_0,-0.507,-0.358
1789331401,889456690,113.909,robot_2,0.548,1.360
1789331402,96950693,114.117,robot_1,-2.184,-0.544
1789331402,97018008,114.117,robot_0,-0.507,-0.358
1789331402,97053621,114.117,robot_2,0.566,1.386
1789331402,300601893,114.320,robot_1,-2.184,-0.544
1789331402,300679180,114.320,robot_0,-0.507,-0.358
1789331402,300720804,114.321,robot_2,0.585,1.412
1789331402,516576612,114.536,robot_1,-2.184,-0.544
1789331402,516641666,114.536,robot_0,-0.506,-0.358
1789331402,516680608,114.536,robot_2,0.601,1.435
1789331402,724001153,114.744,robot_1,-2.184,-0.544
1789331402,724066713,114.744,robot_0,-0.506,-0.357
1789331402,724104974,114.744,robot_2,0.612,1.450
1789331402,936749408,114.957,robot_1,-2.183,-0.544
1789331402,936821918,114.957,robot_0,-0.506,-0.357
1789331402,936862968,114.957,robot_2,0.612,1.450
1789331403,169677860,115.190,robot_1,-2.183,-0.544
1789331403,169767343,115.190,robot_0,-0.506,-0.357
1789331403,169808320,115.190,robot_2,0.612,1.450
1789331403,394064106,115.414,robot_1,-2.183,-0.545
1789331403,394131954,115.414,robot_0,-0.506,-0.356
1789331403,394167310,115.414,robot_2,0.612,1.450
1789331403,611109680,115.631,robot_1,-2.182,-0.545
1789331403,611172841,115.631,robot_0,-0.507,-0.356
1789331403,611208177,115.631,robot_2,0.611,1.451
1789331403,818369859,115.838,robot_1,-2.182,-0.545
1789331403,818437171,115.838,robot_0,-0.507,-0.356
1789331403,818475000,115.838,robot_2,0.611,1.451
1789331404,34735552,116.055,robot_1,-2.182,-0.542
1789331404,34808494,116.055,robot_0,-0.507,-0.356
1789331404,34848406,116.055,robot_2,0.611,1.450
1789331404,234966825,116.255,robot_1,-2.189,-0.504
1789331404,235038506,116.255,robot_0,-0.509,-0.357
1789331404,235079227,116.255,robot_2,0.610,1.450
1789331404,455781783,116.476,robot_1,-2.199,-0.457
1789331404,455860928,116.476,robot_0,-0.546,-0.371
1789331404,455898438,116.476,robot_2,0.610,1.450
1789331404,662916024,116.683,robot_1,-2.207,-0.427
1789331404,664897029,116.685,robot_0,-0.551,-0.373
1789331404,664953832,116.685,robot_2,0.610,1.450
1789331404,867323284,116.887,robot_1,-2.207,-0.426
1789331404,867384507,116.887,robot_0,-0.540,-0.368
1789331404,867415411,116.887,robot_2,0.609,1.450
1789331405,82588273,117.102,robot_1,-2.207,-0.426
1789331405,82666743,117.102,robot_0,-0.540,-0.368
1789331405,82702612,117.103,robot_2,0.597,1.460
1789331405,285423662,117.305,robot_1,-2.210,-0.417
1789331405,285492333,117.305,robot_0,-0.540,-0.368
1789331405,285527394,117.305,robot_2,0.576,1.475
1789331405,513779257,117.534,robot_1,-2.226,-0.380
1789331405,513851882,117.534,robot_0,-0.524,-0.361
1789331405,513888909,117.534,robot_2,0.557,1.488
1789331405,713984049,117.734,robot_1,-2.225,-0.383
1789331405,714045862,117.734,robot_0,-0.507,-0.353
1789331405,714080316,117.734,robot_2,0.557,1.488
1789331405,926212457,117.946,robot_1,-2.216,-0.400
1789331405,926286342,117.946,robot_0,-0.528,-0.363
1789331405,926323793,117.946,robot_2,0.556,1.488
1789331406,126285278,118.146,robot_1,-2.216,-0.400
1789331406,126354169,118.146,robot_0,-0.535,-0.366
1789331406,126384051,118.146,robot_2,0.556,1.488
1789331406,326762036,118.347,robot_1,-2.216,-0.400
1789331406,327795405,118.348,robot_0,-0.535,-0.366
1789331406,327864914,118.348,robot_2,0.556,1.488
1789331406,530157232,118.550,robot_1,-2.217,-0.400
1789331406,530231670,118.550,robot_0,-0.535,-0.366
1789331406,530270802,118.550,robot_2,0.556,1.488
1789331406,746553780,118.766,robot_1,-2.215,-0.406
1789331406,746626621,118.766,robot_0,-0.535,-0.365
1789331406,746658767,118.766,robot_2,0.556,1.488
1789331406,950761826,118.971,robot_1,-2.210,-0.430
1789331406,950836677,118.971,robot_0,-0.535,-0.365
1789331406,950868639,118.971,robot_2,0.556,1.487
1789331407,154360862,119.174,robot_1,-2.205,-0.457
1789331407,154431205,119.174,robot_0,-0.536,-0.365
1789331407,154460208,119.174,robot_2,0.556,1.487
1789331407,381257779,119.401,robot_1,-2.200,-0.489
1789331407,381328692,119.401,robot_0,-0.536,-0.365
1789331407,381360313,119.401,robot_2,0.556,1.487
1789331407,581890353,119.602,robot_1,-2.196,-0.517
1789331407,581962199,119.602,robot_0,-0.536,-0.365
1789331407,581995270,119.602,robot_2,0.556,1.486
1789331407,803050261,119.823,robot_1,-2.194,-0.532
1789331407,803122856,119.823,robot_0,-0.537,-0.365
1789331407,803159822,119.823,robot_2,0.556,1.486
1789331408,26431026,120.046,robot_1,-2.194,-0.532
1789331408,26504758,120.046,robot_0,-0.537,-0.365
1789331408,26542029,120.046,robot_2,0.557,1.486
1789331408,233365010,120.253,robot_1,-2.193,-0.532
1789331408,233431476,120.253,robot_0,-0.537,-0.365
1789331408,233459152,120.253,robot_2,0.557,1.486
1789331408,458734022,120.479,robot_1,-2.193,-0.531
1789331408,458834347,120.479,robot_0,-0.538,-0.365
1789331408,458873400,120.479,robot_2,0.557,1.485
1789331408,664697328,120.685,robot_1,-2.193,-0.531
1789331408,664779010,120.685,robot_0,-0.538,-0.365
1789331408,664812827,120.685,robot_2,0.557,1.485
1789331408,891767115,120.912,robot_1,-2.192,-0.531
1789331408,891850853,120.912,robot_0,-0.538,-0.365
1789331408,891887846,120.912,robot_2,0.558,1.485
1789331409,107499713,121.127,robot_1,-2.192,-0.530
1789331409,107576463,121.127,robot_0,-0.539,-0.365
1789331409,107610124,121.127,robot_2,0.558,1.485
1789331409,318942892,121.339,robot_1,-2.192,-0.530
1789331409,319014773,121.339,robot_0,-0.539,-0.366
1789331409,319052741,121.339,robot_2,0.558,1.485
1789331409,526930652,121.547,robot_1,-2.192,-0.530
1789331409,527003491,121.547,robot_0,-0.539,-0.366
1789331409,527037587,121.547,robot_2,0.559,1.485
1789331409,733788230,121.754,robot_1,-2.192,-0.529
1789331409,733866260,121.754,robot_0,-0.539,-0.366
1789331409,733903737,121.754,robot_2,0.559,1.485
1789331409,963659329,121.983,robot_1,-2.166,-0.529
1789331409,963736666,121.984,robot_0,-0.541,-0.366
1789331409,963774756,121.984,robot_2,0.559,1.485
1789331410,180660523,122.200,robot_1,-2.136,-0.527
1789331410,180735707,122.201,robot_0,-0.563,-0.354
1789331410,180775674,122.201,robot_2,0.560,1.485
1789331410,382263460,122.402,robot_1,-2.106,-0.526
1789331410,382331631,122.402,robot_0,-0.564,-0.353
1789331410,382372371,122.402,robot_2,0.560,1.485
1789331410,611893250,122.632,robot_1,-2.098,-0.526
1789331410,611965808,122.632,robot_0,-0.564,-0.353
1789331410,612006149,122.632,robot_2,0.560,1.485
1789331410,826895320,122.847,robot_1,-2.098,-0.526
1789331410,826976019,122.847,robot_0,-0.564,-0.353
1789331410,827013441,122.847,robot_2,0.560,1.485
1789331411,49237335,123.069,robot_1,-2.098,-0.526
1789331411,49315523,123.069,robot_0,-0.560,-0.356
1789331411,49358461,123.069,robot_2,0.561,1.485
1789331411,260110459,123.280,robot_1,-2.099,-0.525
1789331411,260187143,123.280,robot_0,-0.532,-0.381
1789331411,260224463,123.280,robot_2,0.560,1.486
1789331411,460821328,123.481,robot_1,-2.099,-0.525
1789331411,460890898,123.481,robot_0,-0.529,-0.384
1789331411,460923810,123.481,robot_2,0.529,1.511
1789331411,676848769,123.697,robot_1,-2.099,-0.525
1789331411,676917061,123.697,robot_0,-0.550,-0.365
1789331411,676953335,123.697,robot_2,0.507,1.528
1789331411,879757352,123.900,robot_1,-2.099,-0.525
1789331411,879824070,123.900,robot_0,-0.560,-0.356
1789331411,890276410,123.910,robot_2,0.518,1.519
1789331412,100037015,124.120,robot_1,-2.099,-0.524
1789331412,100104082,124.120,robot_0,-0.545,-0.368
1789331412,100137993,124.120,robot_2,0.544,1.499
1789331412,337388123,124.357,robot_1,-2.100,-0.524
1789331412,337459282,124.357,robot_0,-0.509,-0.398
1789331412,337491070,124.357,robot_2,0.569,1.480
1789331412,556908746,124.577,robot_1,-2.100,-0.524
1789331412,556976711,124.577,robot_0,-0.509,-0.398
1789331412,557012248,124.577,robot_2,0.562,1.485
1789331412,775820262,124.796,robot_1,-2.100,-0.524
1789331412,775886751,124.796,robot_0,-0.535,-0.376
1789331412,775919899,124.796,robot_2,0.539,1.503
1789331412,977841814,124.998,robot_1,-2.101,-0.524
1789331412,977914195,124.998,robot_0,-0.558,-0.358
1789331412,977947096,124.998,robot_2,0.539,1.502
1789331413,199794386,125.220,robot_1,-2.101,-0.524
1789331413,199873709,125.220,robot_0,-0.560,-0.357
1789331413,199913858,125.220,robot_2,0.539,1.502
1789331413,407355850,125.427,robot_1,-2.102,-0.524
1789331413,407428332,125.427,robot_0,-0.560,-0.357
1789331413,413673150,125.434,robot_2,0.539,1.503
1789331413,614032720,125.634,robot_1,-2.102,-0.524
1789331413,614110085,125.634,robot_0,-0.559,-0.356
1789331413,614152243,125.640,robot_2,0.539,1.503
1789331413,840006426,125.860,robot_1,-2.102,-0.524
1789331413,840080133,125.860,robot_0,-0.559,-0.356
1789331413,840121159,125.860,robot_2,0.539,1.503
1789331414,46923736,126.067,robot_1,-2.102,-0.524
1789331414,46987153,126.067,robot_0,-0.559,-0.356
1789331414,47018629,126.067,robot_2,0.540,1.503
1789331414,291581211,126.311,robot_1,-2.103,-0.525
1789331414,291649539,126.311,robot_0,-0.558,-0.356
1789331414,291685135,126.311,robot_2,0.540,1.504
1789331414,494599324,126.514,robot_1,-2.104,-0.524
1789331414,494695118,126.515,robot_0,-0.558,-0.356
1789331414,494727995,126.515,robot_2,0.540,1.504
1789331414,703882499,126.724,robot_1,-2.122,-0.508
1789331414,703945615,126.724,robot_0,-0.557,-0.356
1789331414,703979041,126.724,robot_2,0.540,1.504
1789331414,914591714,126.934,robot_1,-2.122,-0.508
1789331414,914656780,126.934,robot_0,-0.557,-0.356
1789331414,914692731,126.935,robot_2,0.540,1.505
1789331415,134183255,127.154,robot_1,-2.121,-0.509
1789331415,134251352,127.154,robot_0,-0.556,-0.356
1789331415,134290054,127.154,robot_2,0.539,1.505
1789331415,374151284,127.394,robot_1,-2.087,-0.526
1789331415,374226459,127.394,robot_0,-0.555,-0.355
1789331415,374265971,127.394,robot_2,0.539,1.505
1789331415,594918087,127.615,robot_1,-2.041,-0.550
1789331415,594983569,127.615,robot_0,-0.536,-0.329
1789331415,595021234,127.615,robot_2,0.539,1.506
1789331415,817676405,127.837,robot_1,-2.016,-0.562
1789331415,817742454,127.838,robot_0,-0.527,-0.319
1789331415,817771873,127.838,robot_2,0.539,1.506
1789331416,41630540,128.061,robot_1,-2.016,-0.562
1789331416,41697460,128.062,robot_0,-0.527,-0.319
1789331416,41729934,128.062,robot_2,0.538,1.506
1789331416,244485282,128.264,robot_1,-2.016,-0.562
1789331416,244552503,128.264,robot_0,-0.528,-0.319
1789331416,244603065,128.264,robot_2,0.538,1.506
1789331416,455916274,128.476,robot_1,-2.026,-0.555
1789331416,455986442,128.476,robot_0,-0.528,-0.319
1789331416,456026875,128.476,robot_2,0.538,1.506
1789331416,662842923,128.683,robot_1,-2.046,-0.542
1789331416,662907907,128.683,robot_0,-0.528,-0.319
1789331416,662942506,128.683,robot_2,0.538,1.506
1789331416,872218891,128.892,robot_1,-2.042,-0.545
1789331416,872285901,128.892,robot_0,-0.528,-0.319
1789331416,872323872,128.892,robot_2,0.537,1.506
1789331417,86579129,129.106,robot_1,-2.009,-0.566
1789331417,86644208,129.106,robot_0,-0.529,-0.319
1789331417,86678892,129.106,robot_2,0.537,1.500
1789331417,314757414,129.335,robot_1,-2.008,-0.567
1789331417,314833033,129.335,robot_0,-0.529,-0.319
1789331417,314875753,129.335,robot_2,0.538,1.461
1789331417,519850703,129.540,robot_1,-2.008,-0.567
1789331417,519924670,129.540,robot_0,-0.529,-0.319
1789331417,519965595,129.540,robot_2,0.539,1.454
1789331417,732410928,129.752,robot_1,-2.008,-0.567
1789331417,732491822,129.752,robot_0,-0.530,-0.319
1789331417,732534123,129.752,robot_2,0.538,1.486
1789331417,935382516,129.955,robot_1,-2.008,-0.567
1789331417,935450963,129.955,robot_0,-0.530,-0.319
1789331417,935489825,129.955,robot_2,0.538,1.516
1789331418,154321598,130.174,robot_1,-2.009,-0.567
1789331418,154388113,130.174,robot_0,-0.530,-0.319
1789331418,154436334,130.174,robot_2,0.538,1.527
1789331418,362233542,130.382,robot_1,-2.009,-0.567
1789331418,362304254,130.382,robot_0,-0.530,-0.320
1789331418,362343692,130.382,robot_2,0.538,1.527
1789331418,573869239,130.594,robot_1,-2.009,-0.568
1789331418,573941619,130.594,robot_0,-0.531,-0.320
1789331418,573981471,130.594,robot_2,0.538,1.527
1789331418,798556341,130.818,robot_1,-2.009,-0.568
1789331418,798638801,130.818,robot_0,-0.531,-0.320
1789331418,798674517,130.818,robot_2,0.538,1.527
1789331419,17893041,131.038,robot_1,-2.009,-0.569
1789331419,17965091,131.038,robot_0,-0.531,-0.320
1789331419,18006177,131.038,robot_2,0.538,1.527
1789331419,247228570,131.267,robot_1,-2.009,-0.569
1789331419,247297897,131.267,robot_0,-0.531,-0.321
1789331419,247336889,131.267,robot_2,0.534,1.543
1789331419,460682425,131.481,robot_1,-2.008,-0.569
1789331419,460749289,131.481,robot_0,-0.531,-0.321
1789331419,460786147,131.481,robot_2,0.527,1.568
1789331419,689280627,131.709,robot_1,-2.008,-0.570
1789331419,689350065,131.709,robot_0,-0.531,-0.321
1789331419,689384344,131.709,robot_2,0.518,1.596
1789331419,910588714,131.930,robot_1,-2.008,-0.570
1789331419,916019648,131.936,robot_0,-0.531,-0.322
1789331419,916109914,131.936,robot_2,0.513,1.613
1789331420,124708572,132.145,robot_1,-2.008,-0.570
1789331420,124776630,132.145,robot_0,-0.531,-0.322
1789331420,124820136,132.145,robot_2,0.513,1.613
1789331420,326438423,132.346,robot_1,-2.007,-0.570
1789331420,326513680,132.346,robot_0,-0.531,-0.322
1789331420,326553369,132.346,robot_2,0.513,1.613
1789331420,535986630,132.556,robot_1,-2.007,-0.570
1789331420,536050421,132.556,robot_0,-0.541,-0.325
1789331420,536086127,132.556,robot_2,0.514,1.613
1789331420,758649999,132.778,robot_1,-2.007,-0.571
1789331420,758720779,132.779,robot_0,-0.574,-0.334
1789331420,758761141,132.779,robot_2,0.514,1.613
1789331420,960193863,132.980,robot_1,-2.006,-0.571
1789331420,960251402,132.980,robot_0,-0.577,-0.335
1789331420,960280846,132.980,robot_2,0.514,1.613
1789331421,169083591,133.189,robot_1,-2.006,-0.571
1789331421,169147937,133.189,robot_0,-0.577,-0.335
1789331421,169183861,133.189,robot_2,0.515,1.612
1789331421,376776405,133.397,robot_1,-2.008,-0.589
1789331421,376844749,133.397,robot_0,-0.600,-0.347
1789331421,376882919,133.397,robot_2,0.515,1.612
1789331421,599338683,133.619,robot_1,-2.011,-0.618
1789331421,599402832,133.619,robot_0,-0.614,-0.355
1789331421,599434855,133.619,robot_2,0.516,1.612
1789331421,811493075,133.831,robot_1,-2.014,-0.641
1789331421,811570967,133.831,robot_0,-0.614,-0.355
1789331421,811601956,133.831,robot_2,0.516,1.611
1789331422,17681839,134.038,robot_1,-2.018,-0.668
1789331422,17749061,134.038,robot_0,-0.610,-0.352
1789331422,17783342,134.038,robot_2,0.516,1.611
1789331422,238322358,134.258,robot_1,-2.018,-0.668
1789331422,238390202,134.258,robot_0,-0.584,-0.328
1789331422,238422322,134.258,robot_2,0.516,1.611
1789331422,470124495,134.490,robot_1,-2.017,-0.668
1789331422,470198471,134.490,robot_0,-0.565,-0.312
1789331422,470232792,134.490,robot_2,0.516,1.611
1789331422,695443305,134.715,robot_1,-2.017,-0.668
1789331422,695520625,134.715,robot_0,-0.532,-0.279
1789331422,695553615,134.715,robot_2,0.516,1.611
1789331422,922408978,134.942,robot_1,-2.017,-0.671
1789331422,922512475,134.942,robot_0,-0.533,-0.281
1789331422,922552118,134.942,robot_2,0.516,1.611
1789331423,129293286,135.149,robot_1,-2.018,-0.698
1789331423,129373446,135.149,robot_0,-0.554,-0.302
1789331423,129413686,135.149,robot_2,0.515,1.612
1789331423,349951091,135.370,robot_1,-2.019,-0.714
1789331423,350025579,135.370,robot_0,-0.569,-0.316
1789331423,350060461,135.370,robot_2,0.515,1.612
1789331423,556515396,135.576,robot_1,-2.021,-0.746
1789331423,556591632,135.576,robot_0,-0.570,-0.316
1789331423,556622138,135.576,robot_2,0.515,1.612
1789331423,758913264,135.779,robot_1,-2.021,-0.751
1789331423,758978304,135.779,robot_0,-0.570,-0.316
1789331423,759009735,135.779,robot_2,0.514,1.612
1789331423,959002808,135.979,robot_1,-2.021,-0.751
1789331423,959067618,135.979,robot_0,-0.570,-0.316
1789331423,959098006,135.979,robot_2,0.514,1.612
1789331424,165443900,136.185,robot_1,-2.014,-0.719
1789331424,165525968,136.185,robot_0,-0.570,-0.315
1789331424,165578555,136.185,robot_2,0.514,1.612
1789331424,380820126,136.401,robot_1,-2.006,-0.691
1789331424,380891279,136.401,robot_0,-0.570,-0.315
1789331424,380926150,136.401,robot_2,0.513,1.612
1789331424,603929243,136.624,robot_1,-1.997,-0.671
1789331424,604011376,136.624,robot_0,-0.570,-0.314
1789331424,604051527,136.624,robot_2,0.513,1.612
1789331424,836309271,136.856,robot_1,-1.978,-0.631
1789331424,836390368,136.856,robot_0,-0.570,-0.314
1789331424,836421371,136.856,robot_2,0.513,1.612
1789331425,51493532,137.071,robot_1,-1.958,-0.591
1789331425,51575947,137.071,robot_0,-0.570,-0.314
1789331425,51618017,137.071,robot_2,0.512,1.612
1789331425,258239806,137.278,robot_1,-1.952,-0.581
1789331425,258306084,137.278,robot_0,-0.569,-0.313
1789331425,258336350,137.278,robot_2,0.512,1.612
1789331425,460368439,137.480,robot_1,-1.947,-0.572
1789331425,460435052,137.480,robot_0,-0.561,-0.320
1789331425,460469625,137.480,robot_2,0.512,1.611
1789331425,674464723,137.694,robot_1,-1.931,-0.549
1789331425,674549242,137.694,robot_0,-0.531,-0.348
1789331425,674590835,137.694,robot_2,0.512,1.611
1789331425,898689499,137.919,robot_1,-1.931,-0.549
1789331425,905972825,137.926,robot_0,-0.526,-0.353
1789331425,906049511,137.926,robot_2,0.512,1.611
1789331426,125805276,138.146,robot_1,-1.931,-0.549
1789331426,125880730,138.146,robot_0,-0.526,-0.353
1789331426,125913531,138.146,robot_2,0.512,1.611
1789331426,357048447,138.377,robot_1,-1.931,-0.549
1789331426,357119501,138.377,robot_0,-0.526,-0.353
1789331426,357151852,138.377,robot_2,0.512,1.611
1789331426,571717599,138.592,robot_1,-1.930,-0.550
1789331426,571784960,138.592,robot_0,-0.526,-0.354
1789331426,571824175,138.592,robot_2,0.527,1.600
1789331426,809083540,138.829,robot_1,-1.930,-0.550
1789331426,809148576,138.829,robot_0,-0.526,-0.354
1789331426,809187198,138.829,robot_2,0.550,1.584
1789331427,16616735,139.036,robot_1,-1.929,-0.550
1789331427,16682511,139.036,robot_0,-0.526,-0.354
1789331427,16717259,139.037,robot_2,0.532,1.597
1789331427,237685075,139.258,robot_1,-1.929,-0.550
1789331427,237759203,139.258,robot_0,-0.526,-0.355
1789331427,237799596,139.258,robot_2,0.507,1.615
1789331427,463922350,139.484,robot_1,-1.929,-0.549
1789331427,463992677,139.484,robot_0,-0.526,-0.355
1789331427,464029821,139.484,robot_2,0.506,1.615
1789331427,666016991,139.686,robot_1,-1.928,-0.549
1789331427,666087065,139.686,robot_0,-0.526,-0.355
1789331427,666121635,139.686,robot_2,0.519,1.605
1789331427,868899681,139.889,robot_1,-1.928,-0.549
1789331427,868973209,139.889,robot_0,-0.526,-0.356
1789331427,869010624,139.889,robot_2,0.549,1.583
1789331428,71228873,140.091,robot_1,-1.928,-0.549
1789331428,71300986,140.091,robot_0,-0.526,-0.356
1789331428,71341330,140.091,robot_2,0.548,1.583
1789331428,289834157,140.310,robot_1,-1.928,-0.549
1789331428,289904021,140.310,robot_0,-0.526,-0.356
1789331428,289936960,140.310,robot_2,0.548,1.583
1789331428,504069976,140.524,robot_1,-1.927,-0.548
1789331428,504137923,140.524,robot_0,-0.525,-0.356
1789331428,504174136,140.524,robot_2,0.548,1.583
1789331428,711751842,140.732,robot_1,-1.927,-0.548
1789331428,711819506,140.732,robot_0,-0.525,-0.356
1789331428,711853514,140.732,robot_2,0.548,1.582
1789331428,926831873,140.947,robot_1,-1.927,-0.548
1789331428,926908862,140.947,robot_0,-0.525,-0.357
1789331428,926942689,140.947,robot_2,0.548,1.582
1789331429,148988483,141.169,robot_1,-1.927,-0.547
1789331429,149065457,141.169,robot_0,-0.525,-0.357
1789331429,149105121,141.169,robot_2,0.548,1.582
1789331429,373009926,141.393,robot_1,-1.927,-0.547
1789331429,373077399,141.393,robot_0,-0.524,-0.357
1789331429,373107914,141.393,robot_2,0.548,1.582
1789331429,579146713,141.599,robot_1,-1.927,-0.547
1789331429,579216036,141.599,robot_0,-0.524,-0.357
1789331429,579255684,141.599,robot_2,0.548,1.581
1789331429,788513295,141.808,robot_1,-1.927,-0.547
1789331429,807089036,141.827,robot_0,-0.524,-0.357
1789331429,807169085,141.827,robot_2,0.548,1.581
1789331430,14680225,142.035,robot_1,-1.924,-0.547
1789331430,14761407,142.035,robot_0,-0.524,-0.357
1789331430,14801905,142.035,robot_2,0.548,1.581
1789331430,221961607,142.242,robot_1,-1.893,-0.550
1789331430,222026739,142.242,robot_0,-0.524,-0.357
1789331430,222058789,142.242,robot_2,0.548,1.580
1789331430,422758103,142.443,robot_1,-1.878,-0.552
1789331430,422815390,142.443,robot_0,-0.524,-0.357
1789331430,422841648,142.443,robot_2,0.548,1.580
1789331430,626865575,142.647,robot_1,-1.878,-0.552
1789331430,626934670,142.647,robot_0,-0.524,-0.357
1789331430,626973357,142.647,robot_2,0.549,1.580
1789331430,838044275,142.858,robot_1,-1.878,-0.552
1789331430,838113629,142.858,robot_0,-0.526,-0.367
1789331430,838148762,142.858,robot_2,0.549,1.580
1789331431,64653197,143.084,robot_1,-1.878,-0.553
1789331431,64731376,143.085,robot_0,-0.530,-0.394
1789331431,64760085,143.085,robot_2,0.549,1.579
1789331431,274080760,143.294,robot_1,-1.878,-0.553
1789331431,274151229,143.294,robot_0,-0.530,-0.391
1789331431,274187697,143.294,robot_2,0.549,1.579
1789331431,477633220,143.497,robot_1,-1.879,-0.552
1789331431,477706452,143.498,robot_0,-0.529,-0.386
1789331431,477736331,143.498,robot_2,0.550,1.579
1789331431,691972150,143.712,robot_1,-1.909,-0.528
1789331431,692042212,143.712,robot_0,-0.534,-0.419
1789331431,692076577,143.712,robot_2,0.550,1.579
1789331431,896792836,143.917,robot_1,-1.911,-0.527
1789331431,896859493,143.917,robot_0,-0.539,-0.444
1789331431,896889554,143.917,robot_2,0.550,1.579
1789331432,123612615,144.143,robot_1,-1.903,-0.535
1789331432,123685391,144.143,robot_0,-0.543,-0.465
1789331432,123722789,144.144,robot_2,0.551,1.579
1789331432,333257946,144.353,robot_1,-1.903,-0.535
1789331432,333330852,144.353,robot_0,-0.547,-0.490
1789331432,333368724,144.353,robot_2,0.551,1.579
1789331432,544968193,144.565,robot_1,-1.894,-0.541
1789331432,545048611,144.565,robot_0,-0.553,-0.522
1789331432,545086526,144.565,robot_2,0.551,1.579
1789331432,755676726,144.775,robot_1,-1.873,-0.555
1789331432,755748749,144.776,robot_0,-0.556,-0.541
1789331432,755780831,144.776,robot_2,0.551,1.579
1789331432,967618896,144.987,robot_1,-1.874,-0.554
1789331432,967689545,144.994,robot_0,-0.556,-0.541
1789331432,974408090,144.994,robot_2,0.551,1.579
1789331433,177169962,145.197,robot_1,-1.894,-0.541
1789331433,181599161,145.201,robot_0,-0.556,-0.541
1789331433,181688442,145.202,robot_2,0.551,1.579
1789331433,385274378,145.405,robot_1,-1.876,-0.553
1789331433,385344037,145.405,robot_0,-0.556,-0.541
1789331433,385378903,145.405,robot_2,0.559,1.563
1789331433,600070759,145.620,robot_1,-1.887,-0.546
1789331433,600144787,145.620,robot_0,-0.556,-0.541
1789331433,600183578,145.620,robot_2,0.566,1.549
1789331433,829291691,145.849,robot_1,-1.897,-0.539
1789331433,829381782,145.849,robot_0,-0.555,-0.541
1789331433,829414350,145.849,robot_2,0.571,1.539
1789331434,38799150,146.059,robot_1,-1.896,-0.539
1789331434,38869509,146.059,robot_0,-0.555,-0.540
1789331434,38905725,146.059,robot_2,0.584,1.513
1789331434,260206257,146.280,robot_1,-1.896,-0.539
1789331434,260263708,146.280,robot_0,-0.555,-0.540
1789331434,260287752,146.280,robot_2,0.595,1.491
1789331434,463581817,146.483,robot_1,-1.896,-0.538
1789331434,463647235,146.483,robot_0,-0.554,-0.540
1789331434,463676834,146.483,robot_2,0.606,1.471
1789331434,682018236,146.702,robot_1,-1.896,-0.538
1789331434,682095030,146.702,robot_0,-0.554,-0.539
1789331434,682133041,146.702,robot_2,0.606,1.471
1789331434,893806060,146.920,robot_1,-1.896,-0.538
1789331434,900450862,146.920,robot_0,-0.555,-0.539
1789331434,900495889,146.920,robot_2,0.606,1.471
1789331435,115116799,147.135,robot_1,-1.896,-0.537
1789331435,115189614,147.135,robot_0,-0.592,-0.527
1789331435,115223715,147.135,robot_2,0.606,1.471
1789331435,325659454,147.345,robot_1,-1.897,-0.537
1789331435,325731738,147.346,robot_0,-0.600,-0.525
1789331435,325763827,147.346,robot_2,0.607,1.472
1789331435,532194120,147.552,robot_1,-1.897,-0.537
1789331435,532268438,147.552,robot_0,-0.631,-0.521
1789331435,532308534,147.552,robot_2,0.607,1.472
1789331435,775149837,147.795,robot_1,-1.897,-0.536
1789331435,775225926,147.795,robot_0,-0.688,-0.517
1789331435,775268921,147.795,robot_2,0.607,1.472
1789331435,978424644,147.998,robot_1,-1.897,-0.536
1789331435,978492908,147.998,robot_0,-0.709,-0.516
1789331435,978531911,147.998,robot_2,0.607,1.473
1789331436,186580501,148.206,robot_1,-1.897,-0.536
1789331436,186649034,148.206,robot_0,-0.741,-0.516
1789331436,186682754,148.206,robot_2,0.607,1.473
1789331436,404073105,148.424,robot_1,-1.898,-0.536
1789331436,404151820,148.424,robot_0,-0.763,-0.515
1789331436,404190794,148.424,robot_2,0.607,1.473
1789331436,614013490,148.634,robot_1,-1.898,-0.536
1789331436,614089106,148.634,robot_0,-0.735,-0.516
1789331436,614130810,148.634,robot_2,0.607,1.474
1789331436,842867887,148.863,robot_1,-1.898,-0.535
1789331436,842936350,148.863,robot_0,-0.699,-0.516
1789331436,842972175,148.863,robot_2,0.607,1.474
1789331437,66343342,149.086,robot_1,-1.899,-0.535
1789331437,66417412,149.086,robot_0,-0.701,-0.516
1789331437,66450817,149.086,robot_2,0.606,1.474
1789331437,270057251,149.290,robot_1,-1.899,-0.535
1789331437,270127008,149.290,robot_0,-0.745,-0.516
1789331437,270165788,149.290,robot_2,0.606,1.475
1789331437,475777828,149.496,robot_1,-1.898,-0.546
1789331437,481596777,149.501,robot_0,-0.747,-0.515
1789331437,481694141,149.502,robot_2,0.606,1.475
1789331437,717436173,149.737,robot_1,-1.889,-0.591
1789331437,717507852,149.737,robot_0,-0.747,-0.515
1789331437,717548563,149.737,robot_2,0.606,1.475
1789331437,926887812,149.947,robot_1,-1.888,-0.594
1789331437,926968295,149.947,robot_0,-0.747,-0.515
1789331437,927006325,149.947,robot_2,0.605,1.475
1789331438,134456059,150.154,robot_1,-1.888,-0.594
1789331438,134530396,150.154,robot_0,-0.748,-0.515
1789331438,141781234,150.162,robot_2,0.605,1.475
1789331438,342451009,150.362,robot_1,-1.890,-0.577
1789331438,342525304,150.362,robot_0,-0.748,-0.514
1789331438,342568987,150.362,robot_2,0.605,1.475
1789331438,555827024,150.576,robot_1,-1.891,-0.559
1789331438,555895567,150.576,robot_0,-0.748,-0.514
1789331438,555930353,150.576,robot_2,0.604,1.475
1789331438,773597023,150.793,robot_1,-1.888,-0.590
1789331438,773661415,150.793,robot_0,-0.748,-0.514
1789331438,773694278,150.794,robot_2,0.604,1.475
1789331438,975850297,150.996,robot_1,-1.887,-0.597
1789331438,975914669,150.996,robot_0,-0.748,-0.514
1789331438,975949113,150.996,robot_2,0.604,1.475
1789331439,181736970,151.202,robot_1,-1.888,-0.597
1789331439,181807492,151.202,robot_0,-0.749,-0.514
1789331439,181843479,151.202,robot_2,0.603,1.475
1789331439,400135494,151.420,robot_1,-1.888,-0.598
1789331439,400198844,151.420,robot_0,-0.749,-0.513
1789331439,400234837,151.420,robot_2,0.603,1.475
1789331439,629957153,151.650,robot_1,-1.888,-0.598
1789331439,630032420,151.650,robot_0,-0.749,-0.513
1789331439,630073803,151.650,robot_2,0.603,1.474
1789331439,851224410,151.871,robot_1,-1.888,-0.598
1789331439,851298953,151.871,robot_0,-0.750,-0.513
1789331439,851335525,151.871,robot_2,0.603,1.474
1789331440,71723589,152.092,robot_1,-1.888,-0.598
1789331440,71812429,152.092,robot_0,-0.750,-0.513
1789331440,71856002,152.092,robot_2,0.602,1.474
1789331440,293465882,152.313,robot_1,-1.888,-0.598
1789331440,293534616,152.313,robot_0,-0.750,-0.513
1789331440,293575198,152.313,robot_2,0.602,1.474
1789331440,506940427,152.527,robot_1,-1.888,-0.598
1789331440,507016061,152.527,robot_0,-0.751,-0.513
1789331440,507058269,152.527,robot_2,0.602,1.473
1789331440,717936774,152.738,robot_1,-1.888,-0.598
1789331440,718022266,152.738,robot_0,-0.751,-0.514
1789331440,718067508,152.738,robot_2,0.607,1.472
1789331440,929045618,152.949,robot_1,-1.889,-0.598
1789331440,929116231,152.949,robot_0,-0.751,-0.514
1789331440,929159154,152.949,robot_2,0.652,1.456
1789331441,161857279,153.182,robot_1,-1.889,-0.598
1789331441,161921310,153.182,robot_0,-0.751,-0.514
1789331441,161954422,153.182,robot_2,0.665,1.451
1789331441,396357219,153.416,robot_1,-1.889,-0.599
1789331441,396426499,153.416,robot_0,-0.752,-0.514
1789331441,396467481,153.416,robot_2,0.659,1.454
1789331441,611842036,153.632,robot_1,-1.889,-0.599
1789331441,611906949,153.632,robot_0,-0.757,-0.511
1789331441,611939571,153.632,robot_2,0.659,1.453
1789331441,820193739,153.840,robot_1,-1.889,-0.599
1789331441,820258339,153.840,robot_0,-0.778,-0.497
1789331441,820290760,153.840,robot_2,0.659,1.453
1789331442,40922856,154.061,robot_1,-1.889,-0.600
1789331442,41029408,154.061,robot_0,-0.774,-0.499
1789331442,41067856,154.061,robot_2,0.659,1.453
1789331442,232503073,154.252,robot_1,-1.889,-0.600
1789331442,232577562,154.252,robot_0,-0.743,-0.518
1789331442,232610359,154.252,robot_2,0.659,1.453
1789331442,451160133,154.478,robot_1,-1.889,-0.601
1789331442,458716196,154.479,robot_0,-0.743,-0.519
1789331442,458767895,154.479,robot_2,0.659,1.453
1789331442,671035306,154.691,robot_1,-1.889,-0.601
1789331442,671100200,154.691,robot_0,-0.743,-0.519
1789331442,671134690,154.691,robot_2,0.661,1.453
1789331442,877318405,154.897,robot_1,-1.889,-0.601
1789331442,877387205,154.897,robot_0,-0.742,-0.519
1789331442,877430879,154.897,robot_2,0.698,1.463
1789331443,103129984,155.123,robot_1,-1.889,-0.602
1789331443,103228262,155.123,robot_0,-0.711,-0.528
1789331443,103266110,155.123,robot_2,0.710,1.466
1789331443,308007174,155.328,robot_1,-1.889,-0.602
1789331443,308083900,155.328,robot_0,-0.658,-0.540
1789331443,308126052,155.328,robot_2,0.679,1.455
1789331443,523524895,155.543,robot_1,-1.888,-0.602
1789331443,523604533,155.543,robot_0,-0.616,-0.549
1789331443,526893106,155.547,robot_2,0.649,1.444
1789331443,731106249,155.751,robot_1,-1.890,-0.606
1789331443,731177925,155.751,robot_0,-0.618,-0.548
1789331443,731210668,155.751,robot_2,0.626,1.436
1789331443,938861359,155.962,robot_1,-1.905,-0.632
1789331443,942084536,155.962,robot_0,-0.621,-0.547
1789331443,942146801,155.962,robot_2,0.598,1.425
1789331444,168766495,156.189,robot_1,-1.920,-0.660
1789331444,168845755,156.189,robot_0,-0.646,-0.544
1789331444,168886537,156.189,robot_2,0.589,1.422
1789331444,390146760,156.410,robot_1,-1.935,-0.689
1789331444,390227438,156.410,robot_0,-0.679,-0.539
1789331444,390268766,156.410,robot_2,0.627,1.438
1789331444,590437446,156.610,robot_1,-1.937,-0.691
1789331444,590508740,156.610,robot_0,-0.707,-0.534
1789331444,590546755,156.610,robot_2,0.639,1.442
1789331444,806665537,156.826,robot_1,-1.937,-0.691
1789331444,806741312,156.827,robot_0,-0.718,-0.533
1789331444,806777459,156.827,robot_2,0.625,1.437
1789331445,28166371,157.048,robot_1,-1.936,-0.691
1789331445,28239077,157.048,robot_0,-0.718,-0.533
1789331445,28279437,157.048,robot_2,0.615,1.434
1789331445,241769502,157.262,robot_1,-1.936,-0.691
1789331445,241847852,157.262,robot_0,-0.718,-0.533
1789331445,241887621,157.262,robot_2,0.589,1.426
1789331445,451251064,157.471,robot_1,-1.935,-0.691
1789331445,451321406,157.471,robot_0,-0.718,-0.534
1789331445,451358474,157.471,robot_2,0.556,1.416
1789331445,683132578,157.703,robot_1,-1.935,-0.691
1789331445,683213719,157.703,robot_0,-0.718,-0.534
1789331445,683255211,157.703,robot_2,0.547,1.414
1789331445,888080604,157.908,robot_1,-1.935,-0.691
1789331445,888158321,157.908,robot_0,-0.718,-0.534
1789331445,888197451,157.908,robot_2,0.547,1.413
1789331446,90200182,158.110,robot_1,-1.934,-0.691
1789331446,90276012,158.110,robot_0,-0.718,-0.534
1789331446,90310253,158.110,robot_2,0.547,1.413
1789331446,313393437,158.333,robot_1,-1.934,-0.691
1789331446,313466029,158.333,robot_0,-0.717,-0.535
1789331446,313500709,158.333,robot_2,0.547,1.413
1789331446,536065194,158.556,robot_1,-1.934,-0.690
1789331446,536129397,158.556,robot_0,-0.717,-0.535
1789331446,536156424,158.556,robot_2,0.548,1.413
1789331446,740673621,158.760,robot_1,-1.931,-0.692
1789331446,740744010,158.761,robot_0,-0.717,-0.535
1789331446,740781835,158.761,robot_2,0.548,1.412
1789331446,952003521,158.972,robot_1,-1.904,-0.710
1789331446,952077628,158.972,robot_0,-0.717,-0.535
1789331446,952112459,158.972,robot_2,0.548,1.412
1789331447,166639523,159.186,robot_1,-1.878,-0.725
1789331447,166721894,159.187,robot_0,-0.716,-0.535
1789331447,166755726,159.187,robot_2,0.549,1.412
1789331447,388199222,159.408,robot_1,-1.870,-0.730
1789331447,388273390,159.408,robot_0,-0.716,-0.535
1789331447,388309461,159.408,robot_2,0.549,1.412
1789331447,603411273,159.623,robot_1,-1.872,-0.729
1789331447,603491977,159.623,robot_0,-0.716,-0.535
1789331447,603535625,159.623,robot_2,0.549,1.412
1789331447,808866491,159.829,robot_1,-1.911,-0.708
1789331447,808931231,159.829,robot_0,-0.715,-0.535
1789331447,808964157,159.829,robot_2,0.550,1.412
1789331448,36014279,160.056,robot_1,-1.927,-0.698
1789331448,36087707,160.056,robot_0,-0.715,-0.535
1789331448,36122086,160.056,robot_2,0.549,1.418
1789331448,244073348,160.264,robot_1,-1.913,-0.706
1789331448,244144926,160.264,robot_0,-0.715,-0.535
1789331448,244182195,160.264,robot_2,0.537,1.457
1789331448,446392461,160.466,robot_1,-1.913,-0.706
1789331448,446474359,160.466,robot_0,-0.714,-0.535
1789331448,446516621,160.466,robot_2,0.532,1.473
1789331448,703355944,160.723,robot_1,-1.904,-0.712
1789331448,703440789,160.723,robot_0,-0.705,-0.551
1789331448,703483202,160.723,robot_2,0.515,1.512
1789331448,911214186,160.931,robot_1,-1.895,-0.718
1789331448,911285837,160.931,robot_0,-0.699,-0.561
1789331448,911317979,160.931,robot_2,0.510,1.523
1789331449,114132832,161.134,robot_1,-1.894,-0.718
1789331449,114208062,161.134,robot_0,-0.699,-0.561
1789331449,114245472,161.134,robot_2,0.510,1.523
1789331449,338156576,161.358,robot_1,-1.894,-0.717
1789331449,338239640,161.358,robot_0,-0.696,-0.564
1789331449,338281304,161.358,robot_2,0.510,1.523
1789331449,543805951,161.564,robot_1,-1.894,-0.717
1789331449,543883151,161.564,robot_0,-0.673,-0.585
1789331449,543919412,161.564,robot_2,0.510,1.523
1789331449,768846911,161.789,robot_1,-1.894,-0.717
1789331449,768924512,161.789,robot_0,-0.645,-0.608
1789331449,768958816,161.789,robot_2,0.511,1.524
1789331450,14546575,162.034,robot_1,-1.894,-0.716
1789331450,14627648,162.034,robot_0,-0.620,-0.628
1789331450,14660448,162.034,robot_2,0.511,1.524
1789331450,217592763,162.237,robot_1,-1.894,-0.716
1789331450,217669825,162.237,robot_0,-0.606,-0.640
1789331450,217708116,162.238,robot_2,0.511,1.524
1789331450,417996314,162.438,robot_1,-1.895,-0.716
1789331450,418067115,162.438,robot_0,-0.585,-0.656
1789331450,418106926,162.438,robot_2,0.511,1.525
1789331450,650936278,162.671,robot_1,-1.895,-0.715
1789331450,651008706,162.671,robot_0,-0.567,-0.670
1789331450,651041991,162.671,robot_2,0.511,1.525
1789331450,876467376,162.896,robot_1,-1.895,-0.715
1789331450,881030264,162.901,robot_0,-0.566,-0.672
1789331450,881112483,162.901,robot_2,0.511,1.525
1789331451,109413977,163.129,robot_1,-1.895,-0.715
1789331451,109502732,163.129,robot_0,-0.594,-0.649
1789331451,109537282,163.129,robot_2,0.511,1.526
1789331451,326667867,163.346,robot_1,-1.895,-0.714
1789331451,326744672,163.347,robot_0,-0.595,-0.648
1789331451,326784141,163.347,robot_2,0.511,1.526
1789331451,553917704,163.574,robot_1,-1.896,-0.714
1789331451,553988322,163.574,robot_0,-0.595,-0.648
1789331451,554020958,163.574,robot_2,0.510,1.526
1789331451,770144778,163.790,robot_1,-1.896,-0.714
1789331451,770223171,163.790,robot_0,-0.595,-0.648
1789331451,770263482,163.790,robot_2,0.510,1.526
1789331451,973753472,163.994,robot_1,-1.897,-0.714
1789331451,973837267,163.994,robot_0,-0.594,-0.648
1789331451,973875153,163.994,robot_2,0.510,1.527
1789331452,192366268,164.212,robot_1,-1.897,-0.714
1789331452,192438398,164.212,robot_0,-0.594,-0.647
1789331452,192470526,164.212,robot_2,0.510,1.527
1789331452,422411707,164.442,robot_1,-1.897,-0.714
1789331452,422480243,164.442,robot_0,-0.594,-0.647
1789331452,422517826,164.442,robot_2,0.509,1.527
1789331452,632514003,164.652,robot_1,-1.897,-0.714
1789331452,632592690,164.652,robot_0,-0.595,-0.647
1789331452,632623918,164.652,robot_2,0.504,1.514
1789331452,832728700,164.853,robot_1,-1.898,-0.714
1789331452,832804320,164.853,robot_0,-0.595,-0.646
1789331452,832839390,164.853,robot_2,0.493,1.486
1789331453,53400703,165.073,robot_1,-1.897,-0.714
1789331453,53473147,165.073,robot_0,-0.595,-0.646
1789331453,53507983,165.073,robot_2,0.498,1.498
1789331453,256548969,165.276,robot_1,-1.897,-0.714
1789331453,256635381,165.276,robot_0,-0.595,-0.646
1789331453,256667980,165.276,robot_2,0.504,1.514
1789331453,463352450,165.483,robot_1,-1.898,-0.692
1789331453,463429570,165.483,robot_0,-0.595,-0.645
1789331453,463465098,165.483,robot_2,0.504,1.514
1789331453,670175246,165.690,robot_1,-1.899,-0.662
1789331453,670241506,165.690,robot_0,-0.595,-0.645
1789331453,670278782,165.690,robot_2,0.507,1.526
1789331453,892289421,165.912,robot_1,-1.900,-0.637
1789331453,892360333,165.912,robot_0,-0.596,-0.645
1789331453,892394440,165.912,robot_2,0.515,1.556
1789331454,119282978,166.139,robot_1,-1.899,-0.656
1789331454,119402242,166.139,robot_0,-0.596,-0.645
1789331454,119472787,166.139,robot_2,0.511,1.541
1789331454,332908707,166.353,robot_1,-1.897,-0.676
1789331454,332980456,166.353,robot_0,-0.596,-0.645
1789331454,333011887,166.353,robot_2,0.503,1.508
1789331454,571722752,166.592,robot_1,-1.897,-0.676
1789331454,571795510,166.592,robot_0,-0.597,-0.645
1789331454,571834051,166.592,robot_2,0.495,1.471
1789331454,774974984,166.795,robot_1,-1.897,-0.676
1789331454,775049342,166.795,robot_0,-0.597,-0.645
1789331454,775077510,166.795,robot_2,0.497,1.485
1789331454,997946544,167.018,robot_1,-1.897,-0.677
1789331454,998020987,167.018,robot_0,-0.597,-0.645
1789331454,998054400,167.018,robot_2,0.503,1.519
1789331455,222796265,167.243,robot_1,-1.906,-0.710
1789331455,222865898,167.243,robot_0,-0.598,-0.645
1789331455,222896955,167.243,robot_2,0.507,1.542
1789331455,453800451,167.474,robot_1,-1.910,-0.724
1789331455,453889967,167.474,robot_0,-0.598,-0.645
1789331455,453935912,167.474,robot_2,0.507,1.542
1789331455,654252718,167.674,robot_1,-1.902,-0.703
1789331455,654333420,167.674,robot_0,-0.599,-0.643
1789331455,654375078,167.674,robot_2,0.507,1.542
1789331455,893794283,167.914,robot_1,-1.901,-0.701
1789331455,893869388,167.914,robot_0,-0.613,-0.617
1789331455,893901855,167.914,robot_2,0.506,1.542
1789331456,98682491,168.119,robot_1,-1.909,-0.727
1789331456,98762258,168.119,robot_0,-0.614,-0.616
1789331456,98801312,168.119,robot_2,0.506,1.541
1789331456,304374430,168.324,robot_1,-1.915,-0.749
1789331456,304448069,168.324,robot_0,-0.616,-0.613
1789331456,304476071,168.324,robot_2,0.506,1.541
1789331456,527691872,168.548,robot_1,-1.911,-0.732
1789331456,527763287,168.548,robot_0,-0.632,-0.591
1789331456,527795785,168.548,robot_2,0.506,1.541
1789331456,756734304,168.777,robot_1,-1.902,-0.698
1789331456,756825259,168.777,robot_0,-0.637,-0.583
1789331456,756865199,168.777,robot_2,0.505,1.541
1789331456,963494285,168.983,robot_1,-1.901,-0.694
1789331456,963584953,168.983,robot_0,-0.637,-0.583
1789331456,963625274,168.983,robot_2,0.505,1.541
1789331457,205161229,169.225,robot_1,-1.901,-0.694
1789331457,205230013,169.225,robot_0,-0.653,-0.568
1789331457,205262474,169.225,robot_2,0.505,1.540
1789331457,418003409,169.438,robot_1,-1.901,-0.695
1789331457,418079558,169.438,robot_0,-0.683,-0.544
1789331457,418123226,169.438,robot_2,0.505,1.540
1789331457,628758234,169.649,robot_1,-1.900,-0.695
1789331457,628831377,169.649,robot_0,-0.700,-0.531
1789331457,628865279,169.649,robot_2,0.505,1.540
1789331457,850027962,169.870,robot_1,-1.900,-0.695
1789331457,850097912,169.870,robot_0,-0.700,-0.531
1789331457,850130112,169.870,robot_2,0.505,1.539
1789331458,59898872,170.080,robot_1,-1.900,-0.696
1789331458,59979056,170.080,robot_0,-0.700,-0.531
1789331458,60021179,170.080,robot_2,0.504,1.539
1789331458,266585399,170.286,robot_1,-1.899,-0.696
1789331458,266665641,170.286,robot_0,-0.699,-0.531
1789331458,266709142,170.287,robot_2,0.505,1.539
1789331458,501945399,170.522,robot_1,-1.899,-0.696
1789331458,502030237,170.522,robot_0,-0.699,-0.531
1789331458,502071455,170.522,robot_2,0.505,1.538
1789331458,713894205,170.734,robot_1,-1.899,-0.697
1789331458,713966650,170.734,robot_0,-0.698,-0.531
1789331458,714000508,170.734,robot_2,0.505,1.538
1789331458,951151501,170.971,robot_1,-1.899,-0.698
1789331458,951232858,170.971,robot_0,-0.698,-0.531
1789331458,951271351,170.971,robot_2,0.505,1.538
1789331459,170443548,171.190,robot_1,-1.899,-0.698
1789331459,170527697,171.190,robot_0,-0.697,-0.531
1789331459,170572368,171.190,robot_2,0.494,1.531
1789331459,370727409,171.391,robot_1,-1.919,-0.691
1789331459,370808902,171.391,robot_0,-0.697,-0.531
1789331459,370847225,171.392,robot_2,0.483,1.524
1789331459,582959340,171.603,robot_1,-1.955,-0.678
1789331459,583039559,171.603,robot_0,-0.697,-0.531
1789331459,583080960,171.603,robot_2,0.483,1.524
1789331459,795421046,171.815,robot_1,-1.958,-0.677
1789331459,795503897,171.815,robot_0,-0.688,-0.517
1789331459,795543587,171.815,robot_2,0.483,1.523
1789331460,19366274,172.039,robot_1,-1.945,-0.686
1789331460,19443219,172.039,robot_0,-0.676,-0.496
1789331460,19485677,172.039,robot_2,0.480,1.520
1789331460,226865163,172.247,robot_1,-1.936,-0.694
1789331460,226937184,172.247,robot_0,-0.686,-0.512
1789331460,226970625,172.247,robot_2,0.462,1.501
1789331460,433019006,172.453,robot_1,-1.936,-0.694
1789331460,433092199,172.453,robot_0,-0.695,-0.527
1789331460,433132514,172.453,robot_2,0.461,1.500
1789331460,646152601,172.666,robot_1,-1.936,-0.694
1789331460,646218371,172.666,robot_0,-0.695,-0.527
1789331460,646252458,172.666,robot_2,0.465,1.505
1789331460,866579076,172.886,robot_1,-1.936,-0.694
1789331460,866645591,172.886,robot_0,-0.695,-0.526
1789331460,866675734,172.886,robot_2,0.487,1.537
1789331461,78420215,173.098,robot_1,-1.936,-0.694
1789331461,78492575,173.098,robot_0,-0.695,-0.526
1789331461,78526641,173.098,robot_2,0.498,1.554
1789331461,284944156,173.305,robot_1,-1.936,-0.694
1789331461,285014123,173.305,robot_0,-0.696,-0.526
1789331461,285048524,173.305,robot_2,0.498,1.554
1789331461,487293374,173.507,robot_1,-1.936,-0.693
1789331461,487361883,173.507,robot_0,-0.696,-0.526
1789331461,487392862,173.507,robot_2,0.499,1.555
1789331461,720664895,173.740,robot_1,-1.935,-0.693
1789331461,720737963,173.741,robot_0,-0.696,-0.526
1789331461,720772900,173.741,robot_2,0.507,1.594
1789331461,922437243,173.942,robot_1,-1.935,-0.693
1789331461,922514992,173.942,robot_0,-0.697,-0.526
1789331461,922547133,173.942,robot_2,0.512,1.627
1789331462,126894049,174.147,robot_1,-1.935,-0.692
1789331462,126977496,174.147,robot_0,-0.697,-0.527
1789331462,127020207,174.147,robot_2,0.514,1.635
1789331462,343777090,174.364,robot_1,-1.935,-0.692
1789331462,343843757,174.364,robot_0,-0.697,-0.527
1789331462,343876047,174.364,robot_2,0.514,1.635
1789331462,561915087,174.582,robot_1,-1.935,-0.692
1789331462,561985150,174.582,robot_0,-0.697,-0.527
1789331462,562018929,174.582,robot_2,0.512,1.653
1789331462,762529510,174.782,robot_1,-1.935,-0.691
1789331462,762605013,174.782,robot_0,-0.698,-0.527
1789331462,762644341,174.782,robot_2,0.506,1.687
1789331462,980604561,175.000,robot_1,-1.936,-0.691
1789331462,980672411,175.000,robot_0,-0.698,-0.528
1789331462,980704674,175.001,robot_2,0.506,1.684
1789331463,201872198,175.222,robot_1,-1.936,-0.691
1789331463,201944795,175.222,robot_0,-0.698,-0.528
1789331463,201983225,175.222,robot_2,0.501,1.703
1789331463,407688768,175.428,robot_1,-1.936,-0.690
1789331463,407762492,175.428,robot_0,-0.698,-0.528
1789331463,407803566,175.428,robot_2,0.489,1.740
1789331463,620506228,175.640,robot_1,-1.936,-0.690
1789331463,620603748,175.640,robot_0,-0.698,-0.528
1789331463,620645480,175.640,robot_2,0.490,1.733
1789331463,836692824,175.857,robot_1,-1.937,-0.690
1789331463,836762229,175.857,robot_0,-0.698,-0.529
1789331463,836799259,175.857,robot_2,0.498,1.704
1789331464,46096819,176.066,robot_1,-1.937,-0.690
1789331464,46169734,176.066,robot_0,-0.698,-0.529
1789331464,46210582,176.066,robot_2,0.505,1.675
1789331464,249014165,176.269,robot_1,-1.928,-0.669
1789331464,253656071,176.273,robot_0,-0.668,-0.526
1789331464,253721356,176.274,robot_2,0.507,1.664
1789331464,461754945,176.482,robot_1,-1.920,-0.652
1789331464,461824398,176.482,robot_0,-0.653,-0.524
1789331464,461857469,176.482,robot_2,0.502,1.687
1789331464,665698679,176.686,robot_1,-1.920,-0.652
1789331464,665779205,176.686,robot_0,-0.626,-0.522
1789331464,665811229,176.686,robot_2,0.502,1.687
1789331464,874840439,176.895,robot_1,-1.913,-0.634
1789331464,874904704,176.895,robot_0,-0.583,-0.520
1789331464,874936671,176.895,robot_2,0.502,1.687
1789331465,97121995,177.117,robot_1,-1.902,-0.608
1789331465,97184140,177.117,robot_0,-0.600,-0.522
1789331465,97213878,177.117,robot_2,0.502,1.687
1789331465,316709105,177.337,robot_1,-1.902,-0.607
1789331465,316777463,177.337,robot_0,-0.629,-0.524
1789331465,316811472,177.337,robot_2,0.503,1.688
1789331465,520931170,177.541,robot_1,-1.902,-0.607
1789331465,520996043,177.541,robot_0,-0.601,-0.522
1789331465,521024506,177.541,robot_2,0.503,1.688
1789331465,748052520,177.768,robot_1,-1.891,-0.576
1789331465,748117779,177.768,robot_0,-0.584,-0.520
1789331465,748152179,177.768,robot_2,0.503,1.688
1789331465,950669282,177.970,robot_1,-1.885,-0.559
1789331465,950746168,177.971,robot_0,-0.584,-0.520
1789331465,950785429,177.971,robot_2,0.503,1.688
1789331466,150924729,178.171,robot_1,-1.885,-0.558
1789331466,150985605,178.171,robot_0,-0.584,-0.520
1789331466,151015468,178.171,robot_2,0.503,1.689
1789331466,354325675,178.374,robot_1,-1.885,-0.558
1789331466,354391505,178.374,robot_0,-0.584,-0.521
1789331466,354429189,178.374,robot_2,0.503,1.689
1789331466,574858094,178.595,robot_1,-1.885,-0.558
1789331466,574927071,178.595,robot_0,-0.583,-0.521
1789331466,574960449,178.595,robot_2,0.503,1.689
1789331466,798244411,178.818,robot_1,-1.881,-0.538
1789331466,798331177,178.818,robot_0,-0.583,-0.521
1789331466,798369778,178.818,robot_2,0.503,1.690
1789331467,18252328,179.038,robot_1,-1.875,-0.503
1789331467,18347424,179.038,robot_0,-0.583,-0.522
1789331467,18385803,179.038,robot_2,0.503,1.690
1789331467,240024151,179.260,robot_1,-1.871,-0.479
1789331467,240090804,179.260,robot_0,-0.583,-0.522
1789331467,240118256,179.260,robot_2,0.503,1.690
1789331467,450035441,179.470,robot_1,-1.871,-0.478
1789331467,450106498,179.470,robot_0,-0.582,-0.522
1789331467,450141511,179.470,robot_2,0.503,1.691
1789331467,658426290,179.678,robot_1,-1.869,-0.469
1789331467,658502680,179.678,robot_0,-0.582,-0.522
1789331467,658539335,179.678,robot_2,0.503,1.691
1789331467,872742592,179.893,robot_1,-1.864,-0.440
1789331467,872819870,179.893,robot_0,-0.582,-0.522
1789331467,872856945,179.893,robot_2,0.502,1.691
1789331468,87465546,180.107,robot_1,-1.860,-0.414
1789331468,87543726,180.107,robot_0,-0.581,-0.522
1789331468,87586504,180.107,robot_2,0.502,1.691
1789331468,301048815,180.321,robot_1,-1.855,-0.388
1789331468,301133265,180.321,robot_0,-0.581,-0.522
1789331468,301168667,180.321,robot_2,0.502,1.692
1789331468,509500980,180.529,robot_1,-1.855,-0.387
1789331468,509572732,180.529,robot_0,-0.581,-0.522
1789331468,509610421,180.529,robot_2,0.502,1.692
1789331468,711376438,180.731,robot_1,-1.855,-0.387
1789331468,711445743,180.731,robot_0,-0.580,-0.522
1789331468,711480313,180.731,robot_2,0.501,1.692
1789331468,917034482,180.937,robot_1,-1.855,-0.387
1789331468,917108129,180.937,robot_0,-0.580,-0.522
1789331468,917152708,180.937,robot_2,0.501,1.692
1789331469,126581671,181.146,robot_1,-1.854,-0.388
1789331469,126654580,181.146,robot_0,-0.580,-0.521
1789331469,126691773,181.147,robot_2,0.500,1.687
1789331469,338116706,181.358,robot_1,-1.854,-0.388
1789331469,338182838,181.358,robot_0,-0.580,-0.521
1789331469,338210050,181.358,robot_2,0.492,1.652
1789331469,552871194,181.573,robot_1,-1.854,-0.388
1789331469,552949377,181.573,robot_0,-0.580,-0.521
1789331469,552984909,181.573,robot_2,0.487,1.631
1789331469,770725844,181.791,robot_1,-1.853,-0.389
1789331469,770795783,181.791,robot_0,-0.579,-0.521
1789331469,770828970,181.791,robot_2,0.486,1.623
1789331469,982989051,182.003,robot_1,-1.853,-0.389
1789331469,983059962,182.003,robot_0,-0.579,-0.521
1789331469,983094749,182.003,robot_2,0.478,1.592
1789331470,189555441,182.209,robot_1,-1.853,-0.389
1789331470,189631802,182.209,robot_0,-0.557,-0.530
1789331470,189666536,182.209,robot_2,0.478,1.590
1789331470,411658632,182.431,robot_1,-1.853,-0.390
1789331470,411748375,182.432,robot_0,-0.529,-0.541
1789331470,411782058,182.432,robot_2,0.478,1.590
1789331470,602774260,182.623,robot_1,-1.825,-0.389
1789331470,602852973,182.623,robot_0,-0.497,-0.554
1789331470,602885170,182.623,robot_2,0.479,1.590
1789331470,822672269,182.842,robot_1,-1.812,-0.388
1789331470,822738600,182.843,robot_0,-0.485,-0.559
1789331470,822770099,182.843,robot_2,0.479,1.590
1789331471,31848618,183.052,robot_1,-1.795,-0.390
1789331471,31918362,183.052,robot_0,-0.485,-0.559
1789331471,31949417,183.052,robot_2,0.479,1.589
1789331471,236027322,183.256,robot_1,-1.773,-0.392
1789331471,236093894,183.256,robot_0,-0.485,-0.559
1789331471,236127089,183.256,robot_2,0.479,1.589
1789331471,440118567,183.460,robot_1,-1.804,-0.389
1789331471,440193142,183.460,robot_0,-0.486,-0.560
1789331471,440228723,183.460,robot_2,0.480,1.589
1789331471,656166167,183.676,robot_1,-1.818,-0.387
1789331471,656230060,183.676,robot_0,-0.486,-0.560
1789331471,656260983,183.676,robot_2,0.480,1.589
1789331471,868613541,183.888,robot_1,-1.818,-0.387
1789331471,868680383,183.888,robot_0,-0.487,-0.560
1789331471,868711668,183.889,robot_2,0.479,1.589
1789331472,90913616,184.111,robot_1,-1.818,-0.387
1789331472,90973123,184.111,robot_0,-0.487,-0.560
1789331472,90996569,184.111,robot_2,0.479,1.589
1789331472,301155192,184.321,robot_1,-1.818,-0.387
1789331472,301262055,184.321,robot_0,-0.487,-0.560
1789331472,301301640,184.321,robot_2,0.479,1.590
1789331472,505854124,184.526,robot_1,-1.818,-0.386
1789331472,505929754,184.526,robot_0,-0.488,-0.560
1789331472,505966579,184.526,robot_2,0.479,1.590
1789331472,737985270,184.758,robot_1,-1.818,-0.386
1789331472,738056755,184.758,robot_0,-0.488,-0.560
1789331472,738092831,184.758,robot_2,0.478,1.590
1789331472,969539408,184.989,robot_1,-1.818,-0.386
1789331472,969607844,184.989,robot_0,-0.489,-0.562
1789331472,969638712,184.989,robot_2,0.478,1.590
1789331473,192632309,185.212,robot_1,-1.819,-0.385
1789331473,192704855,185.213,robot_0,-0.499,-0.598
1789331473,192742072,185.213,robot_2,0.477,1.590
1789331473,396160427,185.416,robot_1,-1.819,-0.385
1789331473,396232363,185.416,robot_0,-0.503,-0.612
1789331473,396268631,185.416,robot_2,0.477,1.590
1789331473,606463614,185.626,robot_1,-1.819,-0.385
1789331473,606526889,185.626,robot_0,-0.503,-0.612
1789331473,606556851,185.626,robot_2,0.477,1.589
1789331473,815601524,185.835,robot_1,-1.820,-0.385
1789331473,815672868,185.835,robot_0,-0.503,-0.612
1789331473,815704144,185.836,robot_2,0.476,1.589
1789331474,39294310,186.059,robot_1,-1.820,-0.385
1789331474,39364544,186.059,robot_0,-0.503,-0.612
1789331474,39393501,186.059,robot_2,0.476,1.589
1789331474,250287944,186.270,robot_1,-1.821,-0.385
1789331474,250357884,186.270,robot_0,-0.502,-0.612
1789331474,250392366,186.270,robot_2,0.476,1.589
1789331474,468159916,186.488,robot_1,-1.821,-0.385
1789331474,468236506,186.488,robot_0,-0.502,-0.612
1789331474,468272064,186.488,robot_2,0.476,1.589
1789331474,683479137,186.703,robot_1,-1.821,-0.385
1789331474,683572668,186.703,robot_0,-0.502,-0.612
1789331474,688688684,186.709,robot_2,0.476,1.588
1789331474,884487339,186.904,robot_1,-1.821,-0.385
1789331474,884554335,186.904,robot_0,-0.502,-0.612
1789331474,884589943,186.904,robot_2,0.469,1.591
1789331475,92888257,187.113,robot_1,-1.822,-0.385
1789331475,92963597,187.113,robot_0,-0.501,-0.612
1789331475,92999848,187.113,robot_2,0.440,1.603
1789331475,296107152,187.316,robot_1,-1.820,-0.388
1789331475,296180687,187.316,robot_0,-0.501,-0.612
1789331475,296213165,187.316,robot_2,0.412,1.614
1789331475,534117093,187.554,robot_1,-1.795,-0.419
1789331475,534179303,187.554,robot_0,-0.501,-0.611
1789331475,534208742,187.554,robot_2,0.384,1.626
1789331475,741605015,187.761,robot_1,-1.783,-0.435
1789331475,741676555,187.761,robot_0,-0.501,-0.611
1789331475,741706394,187.762,robot_2,0.363,1.635
1789331475,948204828,187.968,robot_1,-1.774,-0.444
1789331475,948272071,187.968,robot_0,-0.501,-0.611
1789331475,948300846,187.968,robot_2,0.363,1.635
1789331476,159442306,188.179,robot_1,-1.740,-0.477
1789331476,159510406,188.179,robot_0,-0.501,-0.610
1789331476,159537168,188.179,robot_2,0.351,1.640
1789331476,375896780,188.396,robot_1,-1.710,-0.504
1789331476,375972074,188.396,robot_0,-0.501,-0.610
1789331476,376007609,188.396,robot_2,0.328,1.651
1789331476,577201541,188.597,robot_1,-1.703,-0.511
1789331476,577275351,188.597,robot_0,-0.501,-0.610
1789331476,577311716,188.597,robot_2,0.349,1.641
1789331476,794648421,188.814,robot_1,-1.704,-0.510
1789331476,794736882,188.815,robot_0,-0.501,-0.609
1789331476,794773501,188.815,robot_2,0.360,1.636
1789331476,989230748,189.009,robot_1,-1.720,-0.493
1789331476,989297949,189.009,robot_0,-0.501,-0.609
1789331476,989329324,189.009,robot_2,0.360,1.637
1789331477,211161214,189.231,robot_1,-1.727,-0.485
1789331477,211228155,189.231,robot_0,-0.501,-0.609
1789331477,211260632,189.231,robot_2,0.381,1.624
1789331477,412751924,189.433,robot_1,-1.728,-0.485
1789331477,412827111,189.433,robot_0,-0.501,-0.609
1789331477,412863685,189.433,robot_2,0.391,1.618
1789331477,628902079,189.649,robot_1,-1.729,-0.484
1789331477,628970580,189.649,robot_0,-0.489,-0.599
1789331477,629006813,189.649,robot_2,0.391,1.617
1789331477,832951334,189.853,robot_1,-1.755,-0.465
1789331477,833017187,189.853,robot_0,-0.491,-0.601
1789331477,833043343,189.853,robot_2,0.391,1.617
1789331478,50642878,190.070,robot_1,-1.759,-0.462
1789331478,50725048,190.071,robot_0,-0.524,-0.631
1789331478,50762300,190.071,robot_2,0.391,1.617
1789331478,260746619,190.281,robot_1,-1.766,-0.457
1789331478,260828547,190.281,robot_0,-0.568,-0.671
1789331478,260975903,190.281,robot_2,0.391,1.616
1789331478,463156295,190.483,robot_1,-1.780,-0.446
1789331478,467586039,190.487,robot_0,-0.597,-0.697
1789331478,467657180,190.487,robot_2,0.391,1.616
1789331478,690092148,190.710,robot_1,-1.791,-0.437
1789331478,690162654,190.710,robot_0,-0.628,-0.725
1789331478,690202235,190.710,robot_2,0.391,1.616
1789331478,904578575,190.924,robot_1,-1.817,-0.418
1789331478,904651777,190.924,robot_0,-0.632,-0.729
1789331478,904689947,190.925,robot_2,0.391,1.615
1789331479,130651045,191.150,robot_1,-1.844,-0.397
1789331479,130720258,191.151,robot_0,-0.632,-0.729
1789331479,130753423,191.151,robot_2,0.391,1.615
1789331479,346905309,191.367,robot_1,-1.864,-0.382
1789331479,346992067,191.367,robot_0,-0.611,-0.712
1789331479,347029496,191.367,robot_2,0.391,1.615
1789331479,561595360,191.581,robot_1,-1.864,-0.382
1789331479,561654759,191.581,robot_0,-0.608,-0.710
1789331479,561684767,191.581,robot_2,0.392,1.615
1789331479,787076517,191.807,robot_1,-1.864,-0.382
1789331479,787154208,191.807,robot_0,-0.609,-0.710
1789331479,787189512,191.807,robot_2,0.392,1.614
1789331479,999548329,192.019,robot_1,-1.863,-0.381
1789331479,999619741,192.019,robot_0,-0.609,-0.710
1789331479,999650498,192.019,robot_2,0.392,1.614
1789331480,213431250,192.233,robot_1,-1.863,-0.381
1789331480,213505537,192.233,robot_0,-0.609,-0.710
1789331480,213544327,192.233,robot_2,0.392,1.614
1789331480,417728175,192.438,robot_1,-1.862,-0.381
1789331480,417784062,192.438,robot_0,-0.609,-0.710
1789331480,417810750,192.438,robot_2,0.393,1.614
1789331480,627105098,192.647,robot_1,-1.862,-0.381
1789331480,627175094,192.647,robot_0,-0.610,-0.709
1789331480,627214105,192.647,robot_2,0.393,1.614
1789331480,847880652,192.868,robot_1,-1.862,-0.381
1789331480,847944179,192.868,robot_0,-0.610,-0.709
1789331480,847975170,192.868,robot_2,0.393,1.614
1789331481,62298828,193.082,robot_1,-1.861,-0.381
1789331481,62391335,193.082,robot_0,-0.610,-0.709
1789331481,62449776,193.082,robot_2,0.394,1.614
1789331481,276082622,193.296,robot_1,-1.861,-0.381
1789331481,276142905,193.296,robot_0,-0.611,-0.709
1789331481,276176880,193.296,robot_2,0.392,1.622
1789331481,491057086,193.511,robot_1,-1.860,-0.381
1789331481,491129352,193.511,robot_0,-0.611,-0.710
1789331481,491164071,193.511,robot_2,0.381,1.667
1789331481,703667212,193.723,robot_1,-1.860,-0.381
1789331481,703733546,193.724,robot_0,-0.611,-0.710
1789331481,703766610,193.724,robot_2,0.381,1.669
1789331481,913674563,193.934,robot_1,-1.860,-0.381
1789331481,913763478,193.934,robot_0,-0.612,-0.710
1789331481,913799989,193.934,robot_2,0.381,1.669
1789331482,113572935,194.133,robot_1,-1.860,-0.381
1789331482,113634127,194.133,robot_0,-0.612,-0.710
1789331482,113662359,194.133,robot_2,0.381,1.669
1789331482,314626167,194.334,robot_1,-1.861,-0.381
1789331482,314692748,194.335,robot_0,-0.612,-0.710
1789331482,314731085,194.335,robot_2,0.381,1.669
1789331482,539290168,194.559,robot_1,-1.861,-0.381
1789331482,539367564,194.559,robot_0,-0.612,-0.711
1789331482,539407110,194.559,robot_2,0.389,1.641
1789331482,757039561,194.777,robot_1,-1.862,-0.381
1789331482,757111221,194.777,robot_0,-0.612,-0.711
1789331482,757149106,194.777,robot_2,0.389,1.641
1789331482,979337679,194.999,robot_1,-1.862,-0.381
1789331482,979414904,194.999,robot_0,-0.612,-0.711
1789331482,979450308,194.999,robot_2,0.374,1.692
1789331483,193085836,195.213,robot_1,-1.862,-0.381
1789331483,193153338,195.213,robot_0,-0.613,-0.712
1789331483,193186917,195.213,robot_2,0.361,1.738
1789331483,394254347,195.414,robot_1,-1.863,-0.382
1789331483,394322861,195.414,robot_0,-0.613,-0.712
1789331483,394357211,195.414,robot_2,0.355,1.757
1789331483,604081844,195.624,robot_1,-1.863,-0.382
1789331483,604152291,195.624,robot_0,-0.612,-0.712
1789331483,604193753,195.624,robot_2,0.356,1.757
1789331483,828577041,195.848,robot_1,-1.863,-0.382
1789331483,828652323,195.848,robot_0,-0.629,-0.716
1789331483,828691936,195.849,robot_2,0.356,1.757
1789331484,39865888,196.060,robot_1,-1.863,-0.382
1789331484,39930031,196.060,robot_0,-0.662,-0.722
1789331484,39966600,196.060,robot_2,0.356,1.758
1789331484,247165707,196.267,robot_1,-1.863,-0.383
1789331484,247237556,196.267,robot_0,-0.682,-0.726
1789331484,247285442,196.267,robot_2,0.356,1.758
1789331484,462991504,196.483,robot_1,-1.864,-0.383
1789331484,463052720,196.483,robot_0,-0.705,-0.731
1789331484,463091600,196.483,robot_2,0.357,1.758
1789331484,670443689,196.690,robot_1,-1.864,-0.383
1789331484,670510688,196.690,robot_0,-0.718,-0.733
1789331484,670547553,196.690,robot_2,0.357,1.758
1789331484,884327467,196.904,robot_1,-1.864,-0.384
1789331484,884395826,196.904,robot_0,-0.681,-0.725
1789331484,889636576,196.909,robot_2,0.357,1.759
1789331485,102236491,197.122,robot_1,-1.864,-0.384
1789331485,102296744,197.122,robot_0,-0.659,-0.720
1789331485,102337151,197.122,robot_2,0.357,1.759
1789331485,325428477,197.345,robot_1,-1.864,-0.384
1789331485,325506796,197.345,robot_0,-0.659,-0.720
1789331485,325544810,197.345,robot_2,0.357,1.759
1789331485,530073921,197.550,robot_1,-1.864,-0.384
1789331485,530138767,197.550,robot_0,-0.659,-0.720
1789331485,530176227,197.550,robot_2,0.357,1.760
1789331485,755673015,197.775,robot_1,-1.863,-0.384
1789331485,755743155,197.776,robot_0,-0.651,-0.718
1789331485,755777606,197.776,robot_2,0.357,1.760
1789331485,962393077,197.982,robot_1,-1.835,-0.385
1789331485,962466026,197.982,robot_0,-0.613,-0.704
1789331485,962505847,197.982,robot_2,0.357,1.760
1789331486,182239961,198.202,robot_1,-1.825,-0.385
1789331486,182311613,198.202,robot_0,-0.571,-0.687
1789331486,182350399,198.202,robot_2,0.357,1.761
1789331486,383046167,198.403,robot_1,-1.825,-0.384
1789331486,383117135,198.403,robot_0,-0.548,-0.678
1789331486,383157601,198.403,robot_2,0.357,1.761
1789331486,606246700,198.626,robot_1,-1.842,-0.378
1789331486,606309519,198.626,robot_0,-0.562,-0.683
1789331486,606342915,198.626,robot_2,0.356,1.761
1789331486,827420807,198.847,robot_1,-1.846,-0.376
1789331486,827496594,198.847,robot_0,-0.543,-0.676
1789331486,827537507,198.847,robot_2,0.356,1.761
1789331487,46872525,199.067,robot_1,-1.830,-0.384
1789331487,46946819,199.067,robot_0,-0.539,-0.674
1789331487,46987164,199.067,robot_2,0.356,1.762
1789331487,256632569,199.276,robot_1,-1.830,-0.384
1789331487,256701889,199.277,robot_0,-0.539,-0.674
1789331487,256733424,199.277,robot_2,0.356,1.762
1789331487,465532064,199.487,robot_1,-1.830,-0.384
1789331487,467668123,199.487,robot_0,-0.539,-0.674
1789331487,467725229,199.488,robot_2,0.355,1.762
1789331487,683777185,199.704,robot_1,-1.830,-0.384
1789331487,683842398,199.704,robot_0,-0.539,-0.675
1789331487,683872546,199.704,robot_2,0.355,1.762
1789331487,883851401,199.904,robot_1,-1.831,-0.383
1789331487,883906263,199.904,robot_0,-0.538,-0.675
1789331487,883935119,199.904,robot_2,0.355,1.762
1789331488,91905322,200.112,robot_1,-1.847,-0.364
1789331488,91969944,200.120,robot_0,-0.538,-0.675
1789331488,100228298,200.120,robot_2,0.355,1.762
1789331488,301362563,200.321,robot_1,-1.854,-0.355
1789331488,301437932,200.321,robot_0,-0.538,-0.675
1789331488,301477892,200.321,robot_2,0.351,1.740
1789331488,511209832,200.531,robot_1,-1.854,-0.355
1789331488,511290524,200.531,robot_0,-0.538,-0.675
1789331488,511330956,200.531,robot_2,0.347,1.709
1789331488,711558162,200.731,robot_1,-1.854,-0.355
1789331488,711649330,200.731,robot_0,-0.537,-0.675
1789331488,711688452,200.731,robot_2,0.349,1.724
1789331488,944319808,200.964,robot_1,-1.855,-0.355
1789331488,944390945,200.964,robot_0,-0.537,-0.675
1789331488,944426806,200.964,robot_2,0.354,1.751
1789331489,147854060,201.168,robot_1,-1.855,-0.356
1789331489,147924666,201.168,robot_0,-0.537,-0.675
1789331489,147959513,201.168,robot_2,0.356,1.763
1789331489,363169688,201.383,robot_1,-1.855,-0.356
1789331489,363246293,201.383,robot_0,-0.536,-0.675
1789331489,363278503,201.383,robot_2,0.362,1.790
1789331489,591316772,201.611,robot_1,-1.855,-0.356
1789331489,591391818,201.611,robot_0,-0.536,-0.675
1789331489,591430073,201.611,robot_2,0.368,1.822
1789331489,798829969,201.819,robot_1,-1.855,-0.357
1789331489,798902135,201.819,robot_0,-0.536,-0.675
1789331489,798937773,201.819,robot_2,0.372,1.839
1789331490,4801665,202.025,robot_1,-1.855,-0.357
1789331490,4872184,202.025,robot_0,-0.535,-0.675
1789331490,4905066,202.025,robot_2,0.366,1.810
1789331490,228959203,202.252,robot_1,-1.855,-0.357
1789331490,232285368,202.252,robot_0,-0.535,-0.674
1789331490,232344352,202.252,robot_2,0.363,1.796
1789331490,429977955,202.450,robot_1,-1.855,-0.358
1789331490,430063233,202.450,robot_0,-0.535,-0.674
1789331490,430100108,202.450,robot_2,0.363,1.796
1789331490,640318094,202.660,robot_1,-1.855,-0.358
1789331490,640397330,202.660,robot_0,-0.535,-0.674
1789331490,640435977,202.660,robot_2,0.363,1.796
1789331490,852069263,202.872,robot_1,-1.855,-0.359
1789331490,852143939,202.872,robot_0,-0.560,-0.661
1789331490,852183032,202.872,robot_2,0.363,1.796
1789331491,61032599,203.081,robot_1,-1.855,-0.359
1789331491,61101520,203.081,robot_0,-0.574,-0.654
1789331491,61135124,203.081,robot_2,0.362,1.796
1789331491,267164903,203.287,robot_1,-1.854,-0.359
1789331491,267236269,203.287,robot_0,-0.574,-0.654
1789331491,267270624,203.287,robot_2,0.362,1.796
1789331491,491066615,203.511,robot_1,-1.854,-0.359
1789331491,491146317,203.511,robot_0,-0.573,-0.655
1789331491,491183160,203.511,robot_2,0.362,1.795
1789331491,705591013,203.725,robot_1,-1.854,-0.359
1789331491,705663158,203.725,robot_0,-0.543,-0.663
1789331491,705702695,203.726,robot_2,0.361,1.795
1789331491,909420644,203.929,robot_1,-1.853,-0.360
1789331491,909497985,203.929,robot_0,-0.534,-0.665
1789331491,909531724,203.929,robot_2,0.361,1.795
1789331492,119914097,204.140,robot_1,-1.858,-0.373
1789331492,119980816,204.140,robot_0,-0.550,-0.662
1789331492,120013696,204.140,robot_2,0.361,1.795
1789331492,348443940,204.368,robot_1,-1.871,-0.409
1789331492,348523574,204.368,robot_0,-0.597,-0.652
1789331492,348571890,204.368,robot_2,0.361,1.795
1789331492,561135450,204.581,robot_1,-1.882,-0.441
1789331492,561221298,204.581,robot_0,-0.599,-0.652
1789331492,561259069,204.581,robot_2,0.361,1.794
1789331492,764746458,204.785,robot_1,-1.888,-0.460
1789331492,764815403,204.785,robot_0,-0.600,-0.652
1789331492,764848881,204.785,robot_2,0.360,1.794
1789331492,981915573,205.002,robot_1,-1.888,-0.460
1789331492,981983960,205.002,robot_0,-0.636,-0.648
1789331492,982014390,205.002,robot_2,0.360,1.794
1789331493,212526305,205.232,robot_1,-1.888,-0.459
1789331493,212602115,205.232,robot_0,-0.680,-0.644
1789331493,212641427,205.232,robot_2,0.360,1.793
1789331493,442697119,205.463,robot_1,-1.889,-0.459
1789331493,442757853,205.463,robot_0,-0.724,-0.638
1789331493,442787122,205.463,robot_2,0.360,1.793
1789331493,654727218,205.675,robot_1,-1.889,-0.459
1789331493,654799427,205.675,robot_0,-0.741,-0.636
1789331493,654831696,205.675,robot_2,0.360,1.792
1789331493,866828250,205.887,robot_1,-1.889,-0.458
1789331493,866911804,205.887,robot_0,-0.731,-0.637
1789331493,866955292,205.887,robot_2,0.361,1.792
1789331494,72917092,206.093,robot_1,-1.889,-0.458
1789331494,72983102,206.093,robot_0,-0.699,-0.637
1789331494,73017662,206.093,robot_2,0.361,1.792
1789331494,289284129,206.309,robot_1,-1.890,-0.458
1789331494,289352002,206.309,robot_0,-0.701,-0.637
1789331494,289384687,206.309,robot_2,0.361,1.792
1789331494,510785116,206.531,robot_1,-1.890,-0.457
1789331494,510854654,206.531,robot_0,-0.741,-0.639
1789331494,510891542,206.531,robot_2,0.355,1.789
1789331494,746807274,206.767,robot_1,-1.890,-0.457
1789331494,746869723,206.767,robot_0,-0.776,-0.640
1789331494,746908346,206.767,robot_2,0.327,1.774
1789331494,960352446,206.980,robot_1,-1.890,-0.456
1789331494,960423610,206.980,robot_0,-0.776,-0.640
1789331494,960468904,206.980,robot_2,0.327,1.774
1789331495,172915638,207.193,robot_1,-1.889,-0.456
1789331495,172987135,207.193,robot_0,-0.776,-0.640
1789331495,173027667,207.193,robot_2,0.327,1.774
1789331495,379722799,207.400,robot_1,-1.889,-0.456
1789331495,379795870,207.400,robot_0,-0.776,-0.640
1789331495,379835895,207.400,robot_2,0.355,1.794
1789331495,599474791,207.619,robot_1,-1.889,-0.456
1789331495,599545167,207.619,robot_0,-0.776,-0.639
1789331495,599607869,207.619,robot_2,0.394,1.822
1789331495,824593421,207.844,robot_1,-1.889,-0.456
1789331495,824658403,207.844,robot_0,-0.776,-0.639
1789331495,824688394,207.844,robot_2,0.426,1.845
1789331496,44980373,208.065,robot_1,-1.889,-0.456
1789331496,45048538,208.065,robot_0,-0.777,-0.639
1789331496,45085559,208.065,robot_2,0.430,1.847
1789331496,254773700,208.275,robot_1,-1.889,-0.457
1789331496,254847908,208.275,robot_0,-0.777,-0.639
1789331496,254883072,208.275,robot_2,0.430,1.847
1789331496,463834719,208.484,robot_1,-1.889,-0.457
1789331496,463912006,208.484,robot_0,-0.777,-0.638
1789331496,463955233,208.484,robot_2,0.430,1.847
1789331496,677659402,208.697,robot_1,-1.889,-0.457
1789331496,677731589,208.698,robot_0,-0.777,-0.638
1789331496,677768285,208.698,robot_2,0.430,1.847
1789331496,908330517,208.928,robot_1,-1.889,-0.458
1789331496,908401893,208.928,robot_0,-0.778,-0.638
1789331496,908445097,208.928,robot_2,0.430,1.847
1789331497,116665688,209.136,robot_1,-1.889,-0.458
1789331497,116732401,209.137,robot_0,-0.778,-0.638
1789331497,116765082,209.137,robot_2,0.430,1.847
1789331497,339966643,209.360,robot_1,-1.889,-0.458
1789331497,340033794,209.360,robot_0,-0.778,-0.638
1789331497,340066151,209.360,robot_2,0.431,1.846
1789331497,574648619,209.594,robot_1,-1.888,-0.459
1789331497,574717884,209.595,robot_0,-0.779,-0.638
1789331497,574748287,209.595,robot_2,0.431,1.846
1789331497,796462282,209.816,robot_1,-1.888,-0.459
1789331497,799625346,209.823,robot_0,-0.779,-0.638
1789331497,802791472,209.823,robot_2,0.431,1.846
1789331498,789610,210.021,robot_1,-1.888,-0.459
1789331498,854911,210.021,robot_0,-0.779,-0.639
1789331498,885965,210.021,robot_2,0.432,1.846
1789331498,222310571,210.242,robot_1,-1.887,-0.459
1789331498,222380995,210.242,robot_0,-0.780,-0.639
1789331498,222418081,210.242,robot_2,0.432,1.846
1789331498,436190550,210.456,robot_1,-1.887,-0.459
1789331498,436273773,210.456,robot_0,-0.780,-0.639
1789331498,436307770,210.456,robot_2,0.432,1.846
1789331498,641043549,210.661,robot_1,-1.887,-0.459
1789331498,641131026,210.661,robot_0,-0.780,-0.639
1789331498,641177503,210.661,robot_2,0.433,1.847
1789331498,846467751,210.866,robot_1,-1.886,-0.459
1789331498,846538108,210.866,robot_0,-0.780,-0.639
1789331498,846582387,210.866,robot_2,0.433,1.847
1789331499,55511614,211.075,robot_1,-1.886,-0.459
1789331499,55594123,211.075,robot_0,-0.779,-0.640
1789331499,55630027,211.075,robot_2,0.433,1.847
1789331499,270583235,211.290,robot_1,-1.876,-0.481
1789331499,270645775,211.290,robot_0,-0.752,-0.659
1789331499,270681204,211.290,robot_2,0.433,1.847
1789331499,509909870,211.530,robot_1,-1.869,-0.497
1789331499,509979301,211.530,robot_0,-0.726,-0.678
1789331499,510023215,211.530,robot_2,0.434,1.848
1789331499,724182244,211.744,robot_1,-1.869,-0.497
1789331499,724241220,211.744,robot_0,-0.726,-0.678
1789331499,724272595,211.744,robot_2,0.434,1.848
1789331499,934268370,211.954,robot_1,-1.869,-0.496
1789331499,934340201,211.954,robot_0,-0.724,-0.679
1789331499,934387480,211.954,robot_2,0.434,1.848
1789331500,136730999,212.157,robot_1,-1.869,-0.496
1789331500,136803111,212.157,robot_0,-0.694,-0.707
1789331500,136847585,212.157,robot_2,0.446,1.845
1789331500,341843806,212.362,robot_1,-1.878,-0.482
1789331500,341924286,212.362,robot_0,-0.666,-0.734
1789331500,341965447,212.362,robot_2,0.472,1.840
1789331500,557331169,212.577,robot_1,-1.901,-0.447
1789331500,557404952,212.577,robot_0,-0.633,-0.765
1789331500,557445010,212.577,robot_2,0.501,1.833
1789331500,773324151,212.793,robot_1,-1.899,-0.450
1789331500,773415560,212.793,robot_0,-0.610,-0.787
1789331500,773457696,212.793,robot_2,0.534,1.826
1789331501,15968471,213.036,robot_1,-1.876,-0.485
1789331501,16032561,213.036,robot_0,-0.629,-0.771
1789331501,16064113,213.036,robot_2,0.555,1.821
1789331501,231673135,213.254,robot_1,-1.862,-0.507
1789331501,233923873,213.254,robot_0,-0.639,-0.763
1789331501,233975004,213.254,robot_2,0.555,1.821
1789331501,434321217,213.454,robot_1,-1.854,-0.520
1789331501,434392810,213.454,robot_0,-0.639,-0.763
1789331501,434431325,213.454,robot_2,0.555,1.822
1789331501,634387143,213.654,robot_1,-1.865,-0.505
1789331501,634457870,213.654,robot_0,-0.655,-0.746
1789331501,634502767,213.654,robot_2,0.555,1.822
1789331501,850763940,213.871,robot_1,-1.885,-0.478
1789331501,850825940,213.871,robot_0,-0.652,-0.749
1789331501,850862590,213.871,robot_2,0.555,1.822
1789331502,73915110,214.094,robot_1,-1.885,-0.477
1789331502,78942079,214.099,robot_0,-0.649,-0.752
1789331502,81310586,214.101,robot_2,0.554,1.823
1789331502,279518365,214.299,robot_1,-1.872,-0.492
1789331502,279604332,214.299,robot_0,-0.650,-0.751
1789331502,279648732,214.299,robot_2,0.554,1.823
1789331502,514865461,214.535,robot_1,-1.852,-0.515
1789331502,514934095,214.535,robot_0,-0.666,-0.731
1789331502,514975604,214.535,robot_2,0.554,1.823
1789331502,715213613,214.735,robot_1,-1.839,-0.529
1789331502,715285936,214.735,robot_0,-0.667,-0.730
1789331502,715333015,214.735,robot_2,0.554,1.824
1789331502,947694169,214.968,robot_1,-1.839,-0.530
1789331502,947766962,214.968,robot_0,-0.667,-0.730
1789331502,947813826,214.968,robot_2,0.553,1.824
1789331503,161243794,215.181,robot_1,-1.824,-0.552
1789331503,161320091,215.181,robot_0,-0.667,-0.730
1789331503,161368009,215.181,robot_2,0.556,1.834
1789331503,366000833,215.386,robot_1,-1.822,-0.556
1789331503,366069269,215.386,robot_0,-0.667,-0.731
1789331503,366108081,215.386,robot_2,0.566,1.865
1789331503,581657312,215.601,robot_1,-1.822,-0.556
1789331503,581738977,215.602,robot_0,-0.667,-0.731
1789331503,581782178,215.602,robot_2,0.566,1.865
1789331503,792083798,215.812,robot_1,-1.822,-0.555
1789331503,792159428,215.812,robot_0,-0.667,-0.731
1789331503,792209136,215.812,robot_2,0.567,1.865
1789331504,8745504,216.029,robot_1,-1.822,-0.555
1789331504,8806699,216.029,robot_0,-0.667,-0.732
1789331504,8845075,216.029,robot_2,0.567,1.865
1789331504,220679806,216.241,robot_1,-1.822,-0.555
1789331504,220752988,216.241,robot_0,-0.667,-0.732
1789331504,220800567,216.241,robot_2,0.566,1.865
1789331504,438075343,216.458,robot_1,-1.822,-0.555
1789331504,438141646,216.458,robot_0,-0.667,-0.732
1789331504,438182107,216.458,robot_2,0.566,1.865
1789331504,639358059,216.659,robot_1,-1.821,-0.554
1789331504,639426926,216.659,robot_0,-0.667,-0.733
1789331504,639466715,216.659,robot_2,0.564,1.836
1789331504,847361781,216.867,robot_1,-1.821,-0.554
1789331504,847431834,216.867,robot_0,-0.667,-0.733
1789331504,847470546,216.867,robot_2,0.564,1.801
1789331505,79322313,217.099,robot_1,-1.821,-0.553
1789331505,79397032,217.099,robot_0,-0.667,-0.733
1789331505,79443630,217.099,robot_2,0.561,1.818
1789331505,290830072,217.311,robot_1,-1.821,-0.553
1789331505,290903009,217.311,robot_0,-0.667,-0.734
1789331505,290948826,217.311,robot_2,0.557,1.836
1789331505,525774703,217.546,robot_1,-1.821,-0.553
1789331505,525837123,217.546,robot_0,-0.666,-0.734
1789331505,525879242,217.546,robot_2,0.557,1.836
1789331505,737757758,217.758,robot_1,-1.822,-0.552
1789331505,737827577,217.758,robot_0,-0.666,-0.734
1789331505,737860682,217.758,robot_2,0.557,1.836
1789331505,954048804,217.974,robot_1,-1.822,-0.552
1789331505,954118809,217.974,robot_0,-0.666,-0.734
1789331505,954166631,217.974,robot_2,0.557,1.835
1789331506,178418095,218.198,robot_1,-1.822,-0.552
1789331506,178488607,218.198,robot_0,-0.665,-0.734
1789331506,178528573,218.198,robot_2,0.556,1.835
1789331506,389685782,218.410,robot_1,-1.822,-0.551
1789331506,389764207,218.410,robot_0,-0.665,-0.734
1789331506,389802141,218.410,robot_2,0.556,1.835
1789331506,601485692,218.621,robot_1,-1.823,-0.551
1789331506,601569940,218.621,robot_0,-0.665,-0.734
1789331506,601618639,218.621,robot_2,0.556,1.835
1789331506,811743504,218.832,robot_1,-1.823,-0.551
1789331506,811811776,218.832,robot_0,-0.664,-0.734
1789331506,811857040,218.832,robot_2,0.556,1.834
1789331507,15826799,219.036,robot_1,-1.816,-0.534
1789331507,15902480,219.036,robot_0,-0.664,-0.734
1789331507,15939210,219.036,robot_2,0.556,1.834
1789331507,243187916,219.263,robot_1,-1.803,-0.501
1789331507,243256194,219.263,robot_0,-0.653,-0.762
1789331507,243290419,219.263,robot_2,0.556,1.834
1789331507,456365680,219.476,robot_1,-1.794,-0.476
1789331507,456441974,219.476,robot_0,-0.642,-0.783
1789331507,456480648,219.476,robot_2,0.556,1.833
1789331507,656911454,219.677,robot_1,-1.788,-0.464
1789331507,656976796,219.677,robot_0,-0.629,-0.809
1789331507,657016051,219.677,robot_2,0.556,1.833
1789331507,881176597,219.901,robot_1,-1.777,-0.435
1789331507,881271634,219.901,robot_0,-0.627,-0.812
1789331507,881308798,219.901,robot_2,0.556,1.833
1789331508,72952444,220.093,robot_1,-1.776,-0.433
1789331508,73018401,220.093,robot_0,-0.626,-0.814
1789331508,73051418,220.093,robot_2,0.556,1.832
1789331508,281597290,220.301,robot_1,-1.768,-0.416
1789331508,281672677,220.301,robot_0,-0.610,-0.840
1789331508,281712327,220.302,robot_2,0.556,1.832
1789331508,504464718,220.524,robot_1,-1.753,-0.384
1789331508,504534841,220.524,robot_0,-0.591,-0.871
1789331508,504578142,220.524,robot_2,0.556,1.832
1789331508,714274589,220.734,robot_1,-1.741,-0.360
1789331508,714354109,220.734,robot_0,-0.575,-0.896
1789331508,714392001,220.734,robot_2,0.557,1.831
1789331508,931779850,220.952,robot_1,-1.741,-0.359
1789331508,931853970,220.952,robot_0,-0.570,-0.904
1789331508,931886677,220.952,robot_2,0.557,1.831
1789331509,143704932,221.164,robot_1,-1.738,-0.351
1789331509,143776972,221.164,robot_0,-0.570,-0.904
1789331509,143812192,221.164,robot_2,0.564,1.843
1789331509,348356549,221.368,robot_1,-1.731,-0.333
1789331509,348434634,221.368,robot_0,-0.570,-0.904
1789331509,348475262,221.368,robot_2,0.583,1.872
1789331509,566533888,221.586,robot_1,-1.731,-0.333
1789331509,566620544,221.586,robot_0,-0.571,-0.904
1789331509,566664733,221.586,robot_2,0.579,1.866
1789331509,770314910,221.790,robot_1,-1.730,-0.333
1789331509,770387107,221.790,robot_0,-0.571,-0.904
1789331509,770421101,221.790,robot_2,0.583,1.873
1789331509,985074246,222.005,robot_1,-1.731,-0.334
1789331509,985152684,222.005,robot_0,-0.572,-0.904
1789331509,985193143,222.005,robot_2,0.603,1.905
1789331510,214897861,222.235,robot_1,-1.753,-0.361
1789331510,214963866,222.235,robot_0,-0.572,-0.904
1789331510,214999840,222.235,robot_2,0.623,1.938
1789331510,438956467,222.459,robot_1,-1.765,-0.375
1789331510,439020661,222.459,robot_0,-0.572,-0.904
1789331510,439050785,222.459,robot_2,0.621,1.933
1789331510,664303761,222.684,robot_1,-1.772,-0.384
1789331510,664389849,222.684,robot_0,-0.573,-0.904
1789331510,664423838,222.684,robot_2,0.606,1.905
1789331510,860873615,222.881,robot_1,-1.799,-0.416
1789331510,860938477,222.881,robot_0,-0.573,-0.904
1789331510,860968697,222.881,robot_2,0.592,1.880
1789331511,75439388,223.095,robot_1,-1.811,-0.431
1789331511,75502491,223.095,robot_0,-0.573,-0.903
1789331511,75532224,223.095,robot_2,0.576,1.850
1789331511,280393924,223.300,robot_1,-1.811,-0.431
1789331511,280460334,223.300,robot_0,-0.573,-0.903
1789331511,280495611,223.300,robot_2,0.570,1.838
1789331511,498711564,223.519,robot_1,-1.811,-0.431
1789331511,498785150,223.519,robot_0,-0.574,-0.903
1789331511,498822487,223.519,robot_2,0.559,1.816
1789331511,722072148,223.742,robot_1,-1.811,-0.431
1789331511,722134679,223.742,robot_0,-0.596,-0.911
1789331511,722168472,223.742,robot_2,0.554,1.806
1789331511,958016531,223.978,robot_1,-1.811,-0.431
1789331511,958079678,223.978,robot_0,-0.604,-0.913
1789331511,958111400,223.978,robot_2,0.554,1.806
1789331512,168235870,224.188,robot_1,-1.811,-0.431
1789331512,168308323,224.188,robot_0,-0.603,-0.913
1789331512,168343667,224.188,robot_2,0.555,1.806
1789331512,380246317,224.400,robot_1,-1.812,-0.431
1789331512,380310981,224.400,robot_0,-0.557,-0.899
1789331512,380344711,224.400,robot_2,0.555,1.806
1789331512,581395370,224.601,robot_1,-1.812,-0.431
1789331512,581471583,224.601,robot_0,-0.536,-0.892
1789331512,581512233,224.601,robot_2,0.555,1.806
1789331512,787394329,224.807,robot_1,-1.812,-0.431
1789331512,787457904,224.807,robot_0,-0.558,-0.899
1789331512,787491147,224.807,robot_2,0.556,1.806
1789331513,11338214,225.031,robot_1,-1.813,-0.431
1789331513,11403535,225.031,robot_0,-0.558,-0.899
1789331513,11442535,225.031,robot_2,0.556,1.806
1789331513,224220372,225.244,robot_1,-1.813,-0.431
1789331513,224285883,225.244,robot_0,-0.566,-0.903
1789331513,224318600,225.244,robot_2,0.556,1.806
1789331513,437514942,225.457,robot_1,-1.813,-0.431
1789331513,437588484,225.457,robot_0,-0.586,-0.915
1789331513,437621078,225.457,robot_2,0.557,1.806
1789331513,646456455,225.666,robot_1,-1.814,-0.431
1789331513,646523827,225.666,robot_0,-0.620,-0.937
1789331513,655189213,225.675,robot_2,0.557,1.807
1789331513,852918522,225.873,robot_1,-1.814,-0.431
1789331513,852976624,225.873,robot_0,-0.641,-0.951
1789331513,853013269,225.873,robot_2,0.557,1.807
1789331514,59699187,226.080,robot_1,-1.815,-0.431
1789331514,59762328,226.080,robot_0,-0.641,-0.951
1789331514,59797884,226.080,robot_2,0.557,1.807
1789331514,264553095,226.284,robot_1,-1.815,-0.431
1789331514,264639109,226.284,robot_0,-0.641,-0.951
1789331514,264679358,226.284,robot_2,0.557,1.807
1789331514,464592707,226.484,robot_1,-1.815,-0.432
1789331514,464659656,226.484,robot_0,-0.641,-0.951
1789331514,464701045,226.485,robot_2,0.557,1.808
1789331514,683611906,226.703,robot_1,-1.815,-0.432
1789331514,683682276,226.703,robot_0,-0.641,-0.951
1789331514,683726063,226.704,robot_2,0.558,1.808
1789331514,899633024,226.919,robot_1,-1.815,-0.432
1789331514,899707229,226.920,robot_0,-0.641,-0.951
1789331514,899751746,226.920,robot_2,0.557,1.808
1789331515,105060630,227.125,robot_1,-1.815,-0.433
1789331515,105132090,227.125,robot_0,-0.641,-0.951
1789331515,105175529,227.125,robot_2,0.557,1.809
1789331515,318749743,227.339,robot_1,-1.815,-0.433
1789331515,318821859,227.339,robot_0,-0.640,-0.951
1789331515,318862285,227.339,robot_2,0.557,1.809
1789331515,521551570,227.541,robot_1,-1.827,-0.430
1789331515,521623929,227.541,robot_0,-0.640,-0.951
1789331515,521656575,227.541,robot_2,0.558,1.809
1789331515,722994168,227.743,robot_1,-1.852,-0.426
1789331515,723060009,227.747,robot_0,-0.640,-0.951
1789331515,727664770,227.748,robot_2,0.584,1.819
1789331515,926635885,227.946,robot_1,-1.875,-0.423
1789331515,926702938,227.947,robot_0,-0.639,-0.951
1789331515,926735775,227.947,robot_2,0.590,1.821
1789331516,134238771,228.154,robot_1,-1.899,-0.419
1789331516,134308430,228.154,robot_0,-0.639,-0.951
1789331516,134349018,228.154,robot_2,0.590,1.821
1789331516,342462605,228.362,robot_1,-1.879,-0.422
1789331516,342535430,228.362,robot_0,-0.639,-0.951
1789331516,342582049,228.362,robot_2,0.590,1.821
1789331516,564705612,228.585,robot_1,-1.832,-0.429
1789331516,564775600,228.585,robot_0,-0.638,-0.951
1789331516,564812388,228.585,robot_2,0.590,1.821
1789331516,775414087,228.795,robot_1,-1.798,-0.435
1789331516,775481024,228.795,robot_0,-0.638,-0.951
1789331516,775511582,228.795,robot_2,0.606,1.823
1789331516,984166237,229.004,robot_1,-1.817,-0.432
1789331516,984236478,229.004,robot_0,-0.638,-0.951
1789331516,984273651,229.004,robot_2,0.628,1.825
1789331517,186125221,229.206,robot_1,-1.832,-0.429
1789331517,186195940,229.206,robot_0,-0.637,-0.951
1789331517,186226891,229.206,robot_2,0.629,1.825
1789331517,391781139,229.412,robot_1,-1.852,-0.425
1789331517,391851285,229.412,robot_0,-0.637,-0.950
1789331517,391888400,229.412,robot_2,0.637,1.826
1789331517,603516654,229.623,robot_1,-1.863,-0.423
1789331517,603586330,229.623,robot_0,-0.637,-0.950
1789331517,603613998,229.623,robot_2,0.660,1.829
1789331517,817287347,229.837,robot_1,-1.863,-0.423
1789331517,817356945,229.837,robot_0,-0.637,-0.950
1789331517,817388964,229.837,robot_2,0.660,1.829
1789331518,26018677,230.046,robot_1,-1.863,-0.423
1789331518,26079119,230.046,robot_0,-0.637,-0.950
1789331518,26109145,230.046,robot_2,0.667,1.828
1789331518,229033501,230.249,robot_1,-1.863,-0.424
1789331518,229107197,230.249,robot_0,-0.637,-0.949
1789331518,229138397,230.249,robot_2,0.696,1.825
1789331518,430586441,230.450,robot_1,-1.863,-0.424
1789331518,430652627,230.450,robot_0,-0.637,-0.949
1789331518,430682741,230.450,robot_2,0.726,1.821
1789331518,646375997,230.666,robot_1,-1.862,-0.424
1789331518,646438249,230.666,robot_0,-0.647,-0.949
1789331518,646478660,230.666,robot_2,0.755,1.817
1789331518,868282857,230.888,robot_1,-1.862,-0.425
1789331518,868363242,230.888,robot_0,-0.680,-0.949
1789331518,868411627,230.888,robot_2,0.757,1.817
1789331519,74088055,231.094,robot_1,-1.862,-0.425
1789331519,74166878,231.094,robot_0,-0.734,-0.949
1789331519,74211455,231.094,robot_2,0.757,1.817
1789331519,278891560,231.299,robot_1,-1.862,-0.425
1789331519,278959849,231.299,robot_0,-0.773,-0.949
1789331519,279003115,231.299,robot_2,0.757,1.817
1789331519,512742615,231.533,robot_1,-1.862,-0.425
1789331519,512812906,231.533,robot_0,-0.776,-0.949
1789331519,512854468,231.533,robot_2,0.757,1.818
1789331519,719251853,231.739,robot_1,-1.861,-0.426
1789331519,719332672,231.739,robot_0,-0.746,-0.950
1789331519,719378549,231.739,robot_2,0.757,1.818
1789331519,925214323,231.945,robot_1,-1.861,-0.426
1789331519,925281407,231.945,robot_0,-0.739,-0.950
1789331519,925323509,231.945,robot_2,0.756,1.818
1789331520,135286285,232.155,robot_1,-1.861,-0.426
1789331520,135364164,232.155,robot_0,-0.739,-0.950
1789331520,135401746,232.155,robot_2,0.756,1.819
1789331520,358281438,232.378,robot_1,-1.860,-0.426
1789331520,358347060,232.378,robot_0,-0.740,-0.950
1789331520,358391206,232.378,robot_2,0.756,1.819
1789331520,573294409,232.593,robot_1,-1.860,-0.426
1789331520,573363421,232.593,robot_0,-0.771,-0.951
1789331520,573400202,232.593,robot_2,0.755,1.819
1789331520,778633383,232.798,robot_1,-1.860,-0.426
1789331520,778704872,232.799,robot_0,-0.778,-0.952
1789331520,778743338,232.799,robot_2,0.751,1.810
1789331520,996715918,233.017,robot_1,-1.859,-0.426
1789331520,996797961,233.017,robot_0,-0.778,-0.951
1789331520,996843287,233.017,robot_2,0.738,1.777
1789331521,211195610,233.231,robot_1,-1.859,-0.426
1789331521,211264492,233.231,robot_0,-0.778,-0.951
1789331521,211302745,233.231,robot_2,0.733,1.764
1789331521,421848757,233.442,robot_1,-1.859,-0.426
1789331521,421918484,233.442,robot_0,-0.778,-0.951
1789331521,421956766,233.442,robot_2,0.739,1.785
1789331521,631087773,233.651,robot_1,-1.843,-0.454
1789331521,631160580,233.651,robot_0,-0.779,-0.951
1789331521,631199068,233.651,robot_2,0.741,1.792
1789331521,832446809,233.852,robot_1,-1.831,-0.477
1789331521,832517763,233.852,robot_0,-0.779,-0.950
1789331521,832554580,233.852,robot_2,0.741,1.792
1789331522,56608809,234.076,robot_1,-1.813,-0.509
1789331522,56681537,234.076,robot_0,-0.779,-0.950
1789331522,56727816,234.077,robot_2,0.741,1.792
1789331522,287244533,234.307,robot_1,-1.812,-0.511
1789331522,287329806,234.307,robot_0,-0.779,-0.950
1789331522,287374154,234.307,robot_2,0.741,1.792
1789331522,501412837,234.521,robot_1,-1.812,-0.512
1789331522,501487836,234.521,robot_0,-0.780,-0.950
1789331522,501536792,234.521,robot_2,0.740,1.792
1789331522,711553990,234.731,robot_1,-1.813,-0.512
1789331522,711638431,234.731,robot_0,-0.780,-0.950
1789331522,711687991,234.732,robot_2,0.740,1.792
1789331522,936953211,234.957,robot_1,-1.813,-0.512
1789331522,937015603,234.957,robot_0,-0.780,-0.950
1789331522,937052285,234.957,robot_2,0.740,1.792
1789331523,145542946,235.165,robot_1,-1.814,-0.512
1789331523,145624250,235.165,robot_0,-0.781,-0.950
1789331523,145669556,235.165,robot_2,0.739,1.792
1789331523,347003486,235.367,robot_1,-1.814,-0.511
1789331523,347077052,235.367,robot_0,-0.781,-0.950
1789331523,347122105,235.367,robot_2,0.739,1.792
1789331523,567669602,235.589,robot_1,-1.815,-0.511
1789331523,568854766,235.589,robot_0,-0.781,-0.950
1789331523,568939358,235.589,robot_2,0.739,1.791
1789331523,777085811,235.797,robot_1,-1.815,-0.511
1789331523,777161501,235.797,robot_0,-0.782,-0.950
1789331523,777208476,235.797,robot_2,0.739,1.791
1789331523,990393094,236.010,robot_1,-1.815,-0.511
1789331523,990468881,236.010,robot_0,-0.782,-0.950
1789331523,990506334,236.010,robot_2,0.739,1.791
1789331524,193980617,236.214,robot_1,-1.816,-0.510
1789331524,194056774,236.214,robot_0,-0.782,-0.950
1789331524,194104796,236.214,robot_2,0.739,1.790
1789331524,408041687,236.428,robot_1,-1.816,-0.510
1789331524,408109937,236.428,robot_0,-0.782,-0.950
1789331524,408151539,236.428,robot_2,0.739,1.790
1789331524,617911030,236.638,robot_1,-1.816,-0.510
1789331524,617983724,236.638,robot_0,-0.780,-0.953
1789331524,618031335,236.638,robot_2,0.739,1.790
1789331524,830086648,236.850,robot_1,-1.816,-0.510
1789331524,830160002,236.850,robot_0,-0.748,-0.979
1789331524,830203840,236.850,robot_2,0.739,1.789
1789331525,45208397,237.065,robot_1,-1.816,-0.510
1789331525,45282335,237.065,robot_0,-0.735,-0.990
1789331525,45326305,237.065,robot_2,0.739,1.789
1789331525,245286336,237.265,robot_1,-1.816,-0.510
1789331525,245350061,237.265,robot_0,-0.735,-0.990
1789331525,245392080,237.265,robot_2,0.739,1.789
1789331525,449291549,237.469,robot_1,-1.815,-0.511
1789331525,449355779,237.469,robot_0,-0.752,-0.979
1789331525,449399143,237.469,robot_2,0.760,1.801
1789331525,682244102,237.702,robot_1,-1.815,-0.511
1789331525,682309395,237.702,robot_0,-0.744,-0.983
1789331525,682345648,237.702,robot_2,0.784,1.816
1789331525,890058107,237.910,robot_1,-1.815,-0.511
1789331525,890126830,237.910,robot_0,-0.709,-1.005
1789331525,890171370,237.910,robot_2,0.765,1.804
1789331526,112286297,238.132,robot_1,-1.814,-0.511
1789331526,112349017,238.132,robot_0,-0.689,-1.016
1789331526,112383051,238.132,robot_2,0.756,1.798
1789331526,350035408,238.370,robot_1,-1.814,-0.511
1789331526,350108665,238.370,robot_0,-0.694,-1.014
1789331526,350156083,238.370,robot_2,0.756,1.798
1789331526,592166992,238.612,robot_1,-1.814,-0.511
1789331526,592272056,238.612,robot_0,-0.721,-0.998
1789331526,592305917,238.612,robot_2,0.756,1.798
1789331526,804713744,238.825,robot_1,-1.813,-0.511
1789331526,804797693,238.825,robot_0,-0.745,-0.984
1789331526,804835160,238.825,robot_2,0.756,1.797
1789331527,12749779,239.033,robot_1,-1.813,-0.511
1789331527,12819794,239.033,robot_0,-0.765,-0.974
1789331527,12866258,239.033,robot_2,0.756,1.797
1789331527,221177484,239.241,robot_1,-1.813,-0.511
1789331527,221228149,239.241,robot_0,-0.790,-0.960
1789331527,221258551,239.241,robot_2,0.756,1.797
1789331527,430907898,239.451,robot_1,-1.812,-0.511
1789331527,430979115,239.451,robot_0,-0.790,-0.959
1789331527,431023811,239.451,robot_2,0.746,1.786
1789331527,633151822,239.653,robot_1,-1.812,-0.510
1789331527,633225240,239.653,robot_0,-0.811,-0.952
1789331527,633269928,239.653,robot_2,0.717,1.756
1789331527,838094962,239.866,robot_1,-1.812,-0.510
1789331527,845806553,239.866,robot_0,-0.831,-0.945
1789331527,845879852,239.866,robot_2,0.696,1.734
1789331528,49150135,240.069,robot_1,-1.812,-0.510
1789331528,49223695,240.069,robot_0,-0.831,-0.945
1789331528,49268328,240.069,robot_2,0.678,1.715
1789331528,253227141,240.273,robot_1,-1.811,-0.510
1789331528,253295060,240.273,robot_0,-0.831,-0.945
1789331528,253331054,240.273,robot_2,0.667,1.703
1789331528,464483220,240.484,robot_1,-1.811,-0.510
1789331528,464548559,240.484,robot_0,-0.831,-0.945
1789331528,464589605,240.484,robot_2,0.667,1.703
1789331528,677836310,240.698,robot_1,-1.787,-0.525
1789331528,677905006,240.698,robot_0,-0.831,-0.946
1789331528,677942065,240.698,robot_2,0.667,1.702
1789331528,885740743,240.906,robot_1,-1.785,-0.527
1789331528,885812416,240.906,robot_0,-0.831,-0.946
1789331528,885853774,240.906,robot_2,0.667,1.702
1789331529,112661995,241.132,robot_1,-1.779,-0.532
1789331529,112734327,241.133,robot_0,-0.831,-0.946
1789331529,112779031,241.133,robot_2,0.668,1.702
1789331529,339701482,241.360,robot_1,-1.761,-0.550
1789331529,339775893,241.360,robot_0,-0.831,-0.947
1789331529,339821758,241.360,robot_2,0.668,1.702
1789331529,541975105,241.562,robot_1,-1.757,-0.554
1789331529,542040524,241.562,robot_0,-0.831,-0.947
1789331529,542078763,241.562,robot_2,0.669,1.702
1789331529,748404264,241.768,robot_1,-1.757,-0.554
1789331529,748519878,241.768,robot_0,-0.830,-0.947
1789331529,748574972,241.768,robot_2,0.669,1.702
1789331529,983025444,242.003,robot_1,-1.757,-0.554
1789331529,983093290,242.003,robot_0,-0.830,-0.947
1789331529,983137421,242.003,robot_2,0.669,1.703
1789331530,186134781,242.206,robot_1,-1.778,-0.524
1789331530,186202256,242.206,robot_0,-0.830,-0.947
1789331530,186245666,242.206,robot_2,0.670,1.703
1789331530,392669750,242.412,robot_1,-1.790,-0.506
1789331530,392738855,242.413,robot_0,-0.829,-0.948
1789331530,392772751,242.413,robot_2,0.654,1.721
1789331530,617972822,242.638,robot_1,-1.777,-0.527
1789331530,618040457,242.638,robot_0,-0.829,-0.948
1789331530,618092165,242.638,robot_2,0.627,1.751
1789331530,830894353,242.851,robot_1,-1.764,-0.546
1789331530,830958233,242.851,robot_0,-0.829,-0.948
1789331530,830992740,242.851,robot_2,0.624,1.754
1789331531,34118593,243.054,robot_1,-1.770,-0.537
1789331531,41754177,243.062,robot_0,-0.828,-0.948
1789331531,41827985,243.062,robot_2,0.624,1.754
1789331531,235794455,243.256,robot_1,-1.793,-0.496
1789331531,235859701,243.256,robot_0,-0.828,-0.947
1789331531,235895646,243.256,robot_2,0.624,1.754
1789331531,443852676,243.464,robot_1,-1.803,-0.479
1789331531,443918391,243.464,robot_0,-0.828,-0.947
1789331531,443955677,243.464,robot_2,0.624,1.754
1789331531,654290909,243.674,robot_1,-1.803,-0.479
1789331531,654366463,243.674,robot_0,-0.828,-0.947
1789331531,654412315,243.674,robot_2,0.625,1.755
1789331531,858756412,243.879,robot_1,-1.803,-0.479
1789331531,858825560,243.879,robot_0,-0.820,-0.958
1789331531,858870412,243.879,robot_2,0.625,1.755
1789331532,86746027,244.107,robot_1,-1.789,-0.504
1789331532,86811143,244.107,robot_0,-0.802,-0.984
1789331532,86852045,244.107,robot_2,0.625,1.756
1789331532,290467397,244.310,robot_1,-1.775,-0.530
1789331532,290531402,244.310,robot_0,-0.785,-1.009
1789331532,290575467,244.310,robot_2,0.625,1.756
1789331532,502068749,244.522,robot_1,-1.760,-0.555
1789331532,502153834,244.522,robot_0,-0.769,-1.032
1789331532,502198594,244.522,robot_2,0.624,1.756
1789331532,713724043,244.734,robot_1,-1.760,-0.555
1789331532,713785591,244.734,robot_0,-0.768,-1.033
1789331532,713823204,244.734,robot_2,0.624,1.757
1789331532,917231657,244.937,robot_1,-1.761,-0.555
1789331532,917296308,244.937,robot_0,-0.769,-1.033
1789331532,917333327,244.937,robot_2,0.624,1.757
1789331533,136677978,245.156,robot_1,-1.761,-0.555
1789331533,136742949,245.157,robot_0,-0.769,-1.033
1789331533,136785422,245.157,robot_2,0.624,1.757
1789331533,339814909,245.360,robot_1,-1.761,-0.555
1789331533,339871620,245.360,robot_0,-0.769,-1.033
1789331533,339909342,245.360,robot_2,0.624,1.757
1789331533,566668541,245.586,robot_1,-1.762,-0.555
1789331533,566745330,245.587,robot_0,-0.770,-1.033
1789331533,566787184,245.588,robot_2,0.623,1.757
1789331533,802666171,245.823,robot_1,-1.763,-0.555
1789331533,802764831,245.823,robot_0,-0.770,-1.033
1789331533,802803030,245.823,robot_2,0.623,1.758
1789331534,6958498,246.034,robot_1,-1.763,-0.555
1789331534,14500136,246.034,robot_0,-0.771,-1.033
1789331534,14577495,246.034,robot_2,0.623,1.758
1789331534,228895030,246.249,robot_1,-1.763,-0.555
1789331534,228980035,246.249,robot_0,-0.771,-1.032
1789331534,229020720,246.249,robot_2,0.622,1.758
1789331534,437433013,246.457,robot_1,-1.764,-0.554
1789331534,437498843,246.457,robot_0,-0.772,-1.032
1789331534,437532865,246.457,robot_2,0.622,1.758
1789331534,648991421,246.669,robot_1,-1.764,-0.554
1789331534,649059669,246.669,robot_0,-0.772,-1.032
1789331534,649101475,246.669,robot_2,0.623,1.724
1789331534,888636026,246.908,robot_1,-1.764,-0.554
1789331534,888714921,246.909,robot_0,-0.772,-1.032
1789331534,888762844,246.909,robot_2,0.624,1.695
1789331535,91264994,247.111,robot_1,-1.764,-0.553
1789331535,99645635,247.119,robot_0,-0.772,-1.032
1789331535,99738602,247.120,robot_2,0.623,1.710
1789331535,308899569,247.329,robot_1,-1.764,-0.553
1789331535,308970503,247.329,robot_0,-0.772,-1.032
1789331535,309018429,247.329,robot_2,0.622,1.726
1789331535,512660097,247.532,robot_1,-1.764,-0.553
1789331535,512731807,247.533,robot_0,-0.772,-1.032
1789331535,512775806,247.533,robot_2,0.620,1.755
1789331535,716083445,247.736,robot_1,-1.764,-0.553
1789331535,716154154,247.736,robot_0,-0.772,-1.032
1789331535,716190062,247.736,robot_2,0.620,1.755
1789331535,925085022,247.945,robot_1,-1.764,-0.554
1789331535,925159166,247.945,robot_0,-0.771,-1.032
1789331535,925205503,247.945,robot_2,0.623,1.717
1789331536,148606435,248.168,robot_1,-1.764,-0.554
1789331536,148671747,248.168,robot_0,-0.771,-1.032
1789331536,148710897,248.169,robot_2,0.621,1.732
1789331536,353117727,248.373,robot_1,-1.764,-0.554
1789331536,353191071,248.373,robot_0,-0.771,-1.032
1789331536,353226622,248.373,robot_2,0.619,1.752
1789331536,555511588,248.575,robot_1,-1.763,-0.554
1789331536,555587602,248.575,robot_0,-0.770,-1.032
1789331536,555630836,248.575,robot_2,0.619,1.753
1789331536,757272668,248.777,robot_1,-1.763,-0.555
1789331536,757342530,248.777,robot_0,-0.770,-1.032
1789331536,757380462,248.777,robot_2,0.623,1.722
1789331536,974869389,248.995,robot_1,-1.763,-0.555
1789331536,974941745,248.995,robot_0,-0.770,-1.032
1789331536,974982751,248.995,robot_2,0.629,1.682
1789331537,193994215,249.214,robot_1,-1.762,-0.555
1789331537,194068267,249.214,robot_0,-0.769,-1.032
1789331537,194113380,249.214,robot_2,0.629,1.680
1789331537,406284564,249.426,robot_1,-1.762,-0.555
1789331537,406357891,249.426,robot_0,-0.769,-1.032
1789331537,406402355,249.426,robot_2,0.628,1.691
1789331537,623099854,249.643,robot_1,-1.762,-0.555
1789331537,623168436,249.643,robot_0,-0.769,-1.032
1789331537,623213521,249.643,robot_2,0.631,1.672
1789331537,837210063,249.857,robot_1,-1.761,-0.555
1789331537,837270120,249.857,robot_0,-0.769,-1.032
1789331537,837305744,249.857,robot_2,0.638,1.638
1789331538,55797949,250.076,robot_1,-1.761,-0.555
1789331538,55859428,250.076,robot_0,-0.768,-1.031
1789331538,55893243,250.076,robot_2,0.638,1.638
1789331538,260102125,250.280,robot_1,-1.761,-0.554
1789331538,260174463,250.280,robot_0,-0.768,-1.031
1789331538,260214590,250.280,robot_2,0.638,1.638
1789331538,461686454,250.482,robot_1,-1.760,-0.554
1789331538,461751131,250.482,robot_0,-0.768,-1.031
1789331538,461790055,250.482,robot_2,0.638,1.638
1789331538,680975718,250.701,robot_1,-1.760,-0.554
1789331538,681044741,250.701,robot_0,-0.766,-1.031
1789331538,681089472,250.701,robot_2,0.637,1.637
1789331538,905474896,250.925,robot_1,-1.760,-0.554
1789331538,905535973,250.925,robot_0,-0.739,-1.041
1789331538,905576526,250.925,robot_2,0.637,1.637
1789331539,121883110,251.142,robot_1,-1.760,-0.554
1789331539,121943992,251.142,robot_0,-0.727,-1.046
1789331539,121980143,251.142,robot_2,0.637,1.637
1789331539,329638019,251.349,robot_1,-1.760,-0.554
1789331539,329737065,251.350,robot_0,-0.742,-1.040
1789331539,329784756,251.351,robot_2,0.637,1.637
1789331539,539124924,251.559,robot_1,-1.760,-0.554
1789331539,539200083,251.559,robot_0,-0.785,-1.025
1789331539,539245380,251.559,robot_2,0.636,1.636
1789331539,752146886,251.772,robot_1,-1.760,-0.554
1789331539,752217583,251.772,robot_0,-0.821,-1.011
1789331539,752258574,251.772,robot_2,0.636,1.636
1789331539,961702115,251.982,robot_1,-1.757,-0.556
1789331539,961767685,251.982,robot_0,-0.845,-1.002
1789331539,961807854,251.982,robot_2,0.636,1.636
1789331540,170179233,252.190,robot_1,-1.736,-0.568
1789331540,170244450,252.190,robot_0,-0.880,-0.988
1789331540,170283792,252.190,robot_2,0.636,1.636
1789331540,402117441,252.422,robot_1,-1.739,-0.567
1789331540,402180842,252.422,robot_0,-0.888,-0.985
1789331540,402212995,252.422,robot_2,0.636,1.635
1789331540,607148428,252.627,robot_1,-1.771,-0.551
1789331540,607212045,252.627,robot_0,-0.888,-0.985
1789331540,607251106,252.627,robot_2,0.636,1.635
1789331540,839178356,252.859,robot_1,-1.776,-0.548
1789331540,839241526,252.859,robot_0,-0.883,-0.986
1789331540,839279335,252.859,robot_2,0.637,1.635
1789331541,61701749,253.082,robot_1,-1.776,-0.549
1789331541,61777401,253.082,robot_0,-0.841,-1.001
1789331541,61823209,253.082,robot_2,0.637,1.634
1789331541,266859450,253.287,robot_1,-1.776,-0.549
1789331541,266936115,253.287,robot_0,-0.846,-0.999
1789331541,266981472,253.287,robot_2,0.637,1.634
1789331541,490487891,253.510,robot_1,-1.775,-0.551
1789331541,492631947,253.512,robot_0,-0.890,-0.984
1789331541,492713467,253.513,robot_2,0.637,1.634
1789331541,700462520,253.720,robot_1,-1.751,-0.576
1789331541,700517932,253.720,robot_0,-0.912,-0.976
1789331541,700549402,253.720,robot_2,0.637,1.633
1789331541,908632831,253.928,robot_1,-1.735,-0.593
1789331541,908700959,253.929,robot_0,-0.892,-0.983
1789331541,908736473,253.929,robot_2,0.637,1.633
1789331542,127733798,254.148,robot_1,-1.712,-0.619
1789331542,127798799,254.148,robot_0,-0.877,-0.989
1789331542,127832939,254.148,robot_2,0.637,1.633
1789331542,338950224,254.359,robot_1,-1.706,-0.625
1789331542,339016738,254.359,robot_0,-0.845,-1.001
1789331542,339055122,254.359,robot_2,0.638,1.633
1789331542,547819850,254.568,robot_1,-1.706,-0.625
1789331542,552181458,254.572,robot_0,-0.834,-1.005
1789331542,552271640,254.572,robot_2,0.638,1.633
1789331542,777850418,254.798,robot_1,-1.707,-0.626
1789331542,777923330,254.798,robot_0,-0.848,-1.000
1789331542,777965541,254.798,robot_2,0.638,1.633
1789331542,988708474,255.009,robot_1,-1.707,-0.626
1789331542,988772014,255.009,robot_0,-0.848,-1.000
1789331542,988809853,255.009,robot_2,0.632,1.606
1789331543,191676541,255.211,robot_1,-1.707,-0.626
1789331543,191744175,255.212,robot_0,-0.848,-0.999
1789331543,191780940,255.212,robot_2,0.630,1.597
1789331543,392718874,255.413,robot_1,-1.708,-0.626
1789331543,392779167,255.413,robot_0,-0.848,-0.999
1789331543,392812722,255.413,robot_2,0.629,1.592
1789331543,605954623,255.626,robot_1,-1.708,-0.626
1789331543,606020022,255.626,robot_0,-0.848,-0.999
1789331543,606063746,255.626,robot_2,0.626,1.561
1789331543,818336438,255.838,robot_1,-1.709,-0.626
1789331543,818399012,255.838,robot_0,-0.848,-0.998
1789331543,818441958,255.838,robot_2,0.628,1.585
1789331544,31389791,256.051,robot_1,-1.709,-0.625
1789331544,31452270,256.051,robot_0,-0.848,-0.998
1789331544,31494451,256.051,robot_2,0.629,1.596
1789331544,263768393,256.284,robot_1,-1.710,-0.625
1789331544,263840655,256.284,robot_0,-0.848,-0.998
1789331544,263875046,256.284,robot_2,0.627,1.578
1789331544,476839737,256.497,robot_1,-1.708,-0.623
1789331544,476913510,256.497,robot_0,-0.849,-0.997
1789331544,476956224,256.497,robot_2,0.628,1.578
1789331544,690925383,256.711,robot_1,-1.680,-0.589
1789331544,690985124,256.711,robot_0,-0.849,-0.997
1789331544,691021404,256.711,robot_2,0.628,1.578
1789331544,908178583,256.928,robot_1,-1.666,-0.572
1789331544,908249022,256.928,robot_0,-0.849,-0.997
1789331544,908294104,256.928,robot_2,0.628,1.578
1789331545,130882514,257.151,robot_1,-1.678,-0.587
1789331545,130949377,257.151,robot_0,-0.849,-0.997
1789331545,130985548,257.151,robot_2,0.628,1.578
1789331545,354278776,257.374,robot_1,-1.674,-0.582
1789331545,354353445,257.374,robot_0,-0.850,-0.997
1789331545,354396441,257.374,robot_2,0.629,1.579
1789331545,556310247,257.576,robot_1,-1.646,-0.550
1789331545,556378093,257.576,robot_0,-0.850,-0.997
1789331545,556420572,257.576,robot_2,0.629,1.579
1789331545,756360493,257.776,robot_1,-1.613,-0.511
1789331545,756416915,257.776,robot_0,-0.850,-0.997
1789331545,756455749,257.776,robot_2,0.629,1.579
1789331545,970542458,257.990,robot_1,-1.600,-0.496
1789331545,970613300,257.990,robot_0,-0.851,-0.997
1789331545,970661512,257.990,robot_2,0.630,1.579
1789331546,192774704,258.213,robot_1,-1.601,-0.496
1789331546,192831883,258.213,robot_0,-0.851,-0.997
1789331546,192875665,258.213,robot_2,0.630,1.580
1789331546,412225495,258.432,robot_1,-1.599,-0.494
1789331546,412284283,258.432,robot_0,-0.851,-0.997
1789331546,412324396,258.432,robot_2,0.630,1.580
1789331546,634799346,258.655,robot_1,-1.573,-0.477
1789331546,634853364,258.655,robot_0,-0.852,-0.997
1789331546,634888973,258.655,robot_2,0.630,1.580
1789331546,839848112,258.860,robot_1,-1.572,-0.476
1789331546,839911199,258.860,robot_0,-0.858,-0.986
1789331546,839946514,258.860,robot_2,0.630,1.581
1789331547,59867359,259.080,robot_1,-1.572,-0.476
1789331547,59933887,259.080,robot_0,-0.870,-0.964
1789331547,59979334,259.080,robot_2,0.630,1.581
1789331547,270439074,259.290,robot_1,-1.571,-0.476
1789331547,270491485,259.290,robot_0,-0.870,-0.964
1789331547,270527487,259.290,robot_2,0.630,1.581
1789331547,485387528,259.505,robot_1,-1.571,-0.476
1789331547,485447740,259.505,robot_0,-0.870,-0.964
1789331547,485490478,259.505,robot_2,0.630,1.582
1789331547,703628155,259.723,robot_1,-1.571,-0.476
1789331547,703695960,259.724,robot_0,-0.871,-0.964
1789331547,703743991,259.724,robot_2,0.629,1.582
1789331547,921951718,259.942,robot_1,-1.571,-0.477
1789331547,922004462,259.942,robot_0,-0.881,-0.957
1789331547,922036989,259.942,robot_2,0.629,1.582
1789331548,146936405,260.167,robot_1,-1.570,-0.477
1789331548,146997716,260.167,robot_0,-0.888,-0.951
1789331548,147041340,260.167,robot_2,0.637,1.590
1789331548,354545123,260.374,robot_1,-1.570,-0.477
1789331548,354617303,260.374,robot_0,-0.888,-0.951
1789331548,354658392,260.374,robot_2,0.658,1.608
1789331548,572246324,260.592,robot_1,-1.570,-0.477
1789331548,572310954,260.592,robot_0,-0.897,-0.945
1789331548,572355709,260.592,robot_2,0.681,1.629
1789331548,788906560,260.809,robot_1,-1.569,-0.477
1789331548,788972095,260.809,robot_0,-0.916,-0.931
1789331548,789024397,260.809,robot_2,0.684,1.632
1789331549,11746153,261.032,robot_1,-1.569,-0.477
1789331549,11803775,261.032,robot_0,-0.916,-0.931
1789331549,11841238,261.032,robot_2,0.684,1.632
1789331549,233911392,261.254,robot_1,-1.569,-0.477
1789331549,233974096,261.254,robot_0,-0.916,-0.932
1789331549,234017563,261.254,robot_2,0.684,1.632
1789331549,451502843,261.471,robot_1,-1.568,-0.477
1789331549,451567519,261.471,robot_0,-0.916,-0.932
1789331549,451605574,261.471,robot_2,0.684,1.632
1789331549,664098815,261.684,robot_1,-1.568,-0.477
1789331549,664158316,261.684,robot_0,-0.916,-0.932
1789331549,664193876,261.684,robot_2,0.683,1.632
1789331549,888441007,261.908,robot_1,-1.568,-0.476
1789331549,888505760,261.908,robot_0,-0.916,-0.933
1789331549,888554466,261.908,robot_2,0.683,1.632
1789331550,101249923,262.121,robot_1,-1.567,-0.476
1789331550,101321320,262.121,robot_0,-0.916,-0.933
1789331550,101370875,262.121,robot_2,0.682,1.632
1789331550,319891250,262.340,robot_1,-1.567,-0.476
1789331550,319955387,262.340,robot_0,-0.916,-0.933
1789331550,320003079,262.340,robot_2,0.682,1.632
1789331550,522346613,262.542,robot_1,-1.567,-0.476
1789331550,522413729,262.542,robot_0,-0.916,-0.934
1789331550,522461123,262.542,robot_2,0.682,1.632
1789331550,732117064,262.752,robot_1,-1.567,-0.475
1789331550,732186499,262.752,robot_0,-0.916,-0.934
1789331550,732234193,262.752,robot_2,0.681,1.632
1789331550,948306755,262.968,robot_1,-1.566,-0.475
1789331550,948373449,262.968,robot_0,-0.916,-0.934
1789331550,948411602,262.968,robot_2,0.681,1.632
1789331551,154610883,263.174,robot_1,-1.540,-0.483
1789331551,154681995,263.174,robot_0,-0.915,-0.934
1789331551,154722768,263.175,robot_2,0.681,1.631
1789331551,360118685,263.380,robot_1,-1.525,-0.487
1789331551,360188238,263.380,robot_0,-0.915,-0.934
1789331551,360236319,263.380,robot_2,0.681,1.631
1789331551,566875946,263.587,robot_1,-1.525,-0.487
1789331551,566938458,263.587,robot_0,-0.915,-0.935
1789331551,566977732,263.587,robot_2,0.681,1.631
1789331551,788029812,263.808,robot_1,-1.525,-0.486
1789331551,788095031,263.808,robot_0,-0.915,-0.935
1789331551,788137581,263.808,robot_2,0.680,1.631
1789331552,2924041,264.023,robot_1,-1.525,-0.486
1789331552,3020902,264.023,robot_0,-0.914,-0.935
1789331552,3074871,264.023,robot_2,0.680,1.630
1789331552,203813069,264.224,robot_1,-1.523,-0.485
1789331552,203888200,264.224,robot_0,-0.914,-0.935
1789331552,203937420,264.224,robot_2,0.680,1.630
1789331552,401619018,264.421,robot_1,-1.495,-0.474
1789331552,401690090,264.422,robot_0,-0.914,-0.935
1789331552,401737676,264.422,robot_2,0.680,1.630
1789331552,626866387,264.647,robot_1,-1.494,-0.474
1789331552,626936967,264.647,robot_0,-0.914,-0.933
1789331552,626985332,264.647,robot_2,0.680,1.629
1789331552,870659076,264.890,robot_1,-1.494,-0.474
1789331552,870725425,264.891,robot_0,-0.919,-0.905
1789331552,870769586,264.891,robot_2,0.680,1.629
1789331553,81882968,265.102,robot_1,-1.494,-0.474
1789331553,81951441,265.102,robot_0,-0.918,-0.905
1789331553,81995166,265.102,robot_2,0.681,1.629
1789331553,308704526,265.329,robot_1,-1.523,-0.479
1789331553,308765761,265.329,robot_0,-0.910,-0.928
1789331553,308810040,265.329,robot_2,0.681,1.628
1789331553,523821658,265.544,robot_1,-1.554,-0.482
1789331553,523888713,265.544,robot_0,-0.898,-0.958
1789331553,523931419,265.544,robot_2,0.681,1.628
1789331553,740195591,265.760,robot_1,-1.532,-0.481
1789331553,740260920,265.760,robot_0,-0.886,-0.989
1789331553,740303678,265.760,robot_2,0.681,1.628
1789331553,965061485,265.985,robot_1,-1.530,-0.481
1789331553,965133312,265.985,robot_0,-0.884,-0.994
1789331553,965182651,265.985,robot_2,0.682,1.628
1789331554,165751170,266.186,robot_1,-1.530,-0.481
1789331554,165814951,266.186,robot_0,-0.884,-0.994
1789331554,165859419,266.186,robot_2,0.682,1.627
1789331554,365836027,266.386,robot_1,-1.530,-0.481
1789331554,365898587,266.386,robot_0,-0.885,-0.994
1789331554,365939916,266.386,robot_2,0.682,1.627
1789331554,583898426,266.604,robot_1,-1.530,-0.480
1789331554,583967944,266.604,robot_0,-0.885,-0.994
1789331554,584004692,266.604,robot_2,0.682,1.627
1789331554,787066071,266.807,robot_1,-1.530,-0.480
1789331554,787134353,266.807,robot_0,-0.885,-0.994
1789331554,787183996,266.807,robot_2,0.682,1.622
1789331555,4890490,267.025,robot_1,-1.531,-0.480
1789331555,4950910,267.025,robot_0,-0.886,-0.994
1789331555,4989336,267.025,robot_2,0.680,1.596
1789331555,207762801,267.228,robot_1,-1.531,-0.480
1789331555,207821055,267.228,robot_0,-0.886,-0.994
1789331555,207858240,267.228,robot_2,0.680,1.596
1789331555,427084609,267.447,robot_1,-1.531,-0.479
1789331555,427151017,267.447,robot_0,-0.887,-0.994
1789331555,427198372,267.447,robot_2,0.682,1.627
1789331555,647830438,267.668,robot_1,-1.531,-0.479
1789331555,647890939,267.668,robot_0,-0.887,-0.993
1789331555,647936164,267.668,robot_2,0.682,1.638
1789331555,873619733,267.893,robot_1,-1.532,-0.479
1789331555,873681049,267.893,robot_0,-0.887,-0.993
1789331555,873718501,267.894,robot_2,0.683,1.622
1789331556,76055063,268.096,robot_1,-1.532,-0.479
1789331556,76119614,268.096,robot_0,-0.887,-0.993
1789331556,76164313,268.096,robot_2,0.684,1.609
1789331556,289650298,268.309,robot_1,-1.533,-0.479
1789331556,289719206,268.310,robot_0,-0.887,-0.993
1789331556,289755595,268.310,robot_2,0.684,1.609
1789331556,510484092,268.530,robot_1,-1.533,-0.479
1789331556,510547726,268.530,robot_0,-0.887,-0.993
1789331556,510604102,268.530,robot_2,0.685,1.609
1789331556,732990573,268.753,robot_1,-1.533,-0.479
1789331556,733058290,268.753,robot_0,-0.887,-0.993
1789331556,733101019,268.753,robot_2,0.685,1.609
1789331556,950117771,268.970,robot_1,-1.534,-0.479
1789331556,950186110,268.970,robot_0,-0.887,-0.993
1789331556,950232031,268.970,robot_2,0.680,1.624
1789331557,154939649,269.175,robot_1,-1.534,-0.479
1789331557,155003532,269.175,robot_0,-0.886,-0.993
1789331557,155042833,269.175,robot_2,0.672,1.652
1789331557,371265920,269.391,robot_1,-1.534,-0.480
1789331557,371324088,269.391,robot_0,-0.886,-0.994
1789331557,371363440,269.391,robot_2,0.672,1.652
1789331557,592027866,269.612,robot_1,-1.534,-0.480
1789331557,592088982,269.612,robot_0,-0.886,-0.994
1789331557,592127264,269.612,robot_2,0.672,1.652
1789331557,802955367,269.823,robot_1,-1.534,-0.480
1789331557,803027786,269.823,robot_0,-0.886,-0.994
1789331557,804191107,269.824,robot_2,0.673,1.652
1789331558,6740937,270.027,robot_1,-1.541,-0.473
1789331558,6811667,270.027,robot_0,-0.885,-0.994
1789331558,6861619,270.027,robot_2,0.673,1.653
1789331558,219829029,270.240,robot_1,-1.561,-0.454
1789331558,219894776,270.240,robot_0,-0.885,-0.994
1789331558,219943486,270.240,robot_2,0.673,1.653
1789331558,447021666,270.467,robot_1,-1.580,-0.434
1789331558,447087869,270.467,robot_0,-0.885,-0.993
1789331558,447133212,270.467,robot_2,0.673,1.653
1789331558,658021443,270.678,robot_1,-1.594,-0.420
1789331558,658086594,270.678,robot_0,-0.884,-0.993
1789331558,658128557,270.678,robot_2,0.673,1.653
1789331558,884477812,270.904,robot_1,-1.594,-0.420
1789331558,884544967,270.904,robot_0,-0.884,-0.993
1789331558,884598765,270.904,robot_2,0.673,1.654
1789331559,93652975,271.113,robot_1,-1.594,-0.420
1789331559,104998296,271.125,robot_0,-0.884,-0.993
1789331559,105084658,271.125,robot_2,0.673,1.654
1789331559,307823688,271.328,robot_1,-1.593,-0.420
1789331559,307887283,271.328,robot_0,-0.884,-0.993
1789331559,307926526,271.328,robot_2,0.673,1.654
1789331559,514528415,271.534,robot_1,-1.593,-0.419
1789331559,514606571,271.534,robot_0,-0.883,-0.992
1789331559,514657546,271.534,robot_2,0.673,1.655
1789331559,733902519,271.754,robot_1,-1.592,-0.419
1789331559,733966153,271.754,robot_0,-0.881,-0.993
1789331559,734009137,271.754,robot_2,0.673,1.655
1789331559,956373433,271.978,robot_1,-1.592,-0.419
1789331559,958617632,271.978,robot_0,-0.858,-1.002
1789331559,958689527,271.979,robot_2,0.673,1.655
1789331560,163493418,272.183,robot_1,-1.591,-0.420
1789331560,163568090,272.183,robot_0,-0.879,-0.994
1789331560,163605545,272.183,robot_2,0.673,1.656
1789331560,371245181,272.391,robot_1,-1.591,-0.420
1789331560,371298282,272.391,robot_0,-0.918,-0.979
1789331560,371331895,272.391,robot_2,0.673,1.656
1789331560,603832801,272.624,robot_1,-1.590,-0.420
1789331560,603896241,272.636,robot_0,-0.934,-0.973
1789331560,616538483,272.636,robot_2,0.673,1.656
1789331560,806983730,272.827,robot_1,-1.588,-0.417
1789331560,807046084,272.827,robot_0,-0.918,-0.980
1789331560,807085358,272.827,robot_2,0.672,1.656
1789331561,17374663,273.037,robot_1,-1.571,-0.394
1789331561,17438833,273.037,robot_0,-0.894,-0.990
1789331561,17487458,273.037,robot_2,0.672,1.655
1789331561,222929444,273.243,robot_1,-1.565,-0.386
1789331561,222986052,273.243,robot_0,-0.893,-0.990
1789331561,223024600,273.243,robot_2,0.656,1.627
1789331561,431705954,273.452,robot_1,-1.565,-0.386
1789331561,431773500,273.452,robot_0,-0.893,-0.990
1789331561,431812593,273.452,robot_2,0.650,1.615
1789331561,661929229,273.682,robot_1,-1.566,-0.386
1789331561,661991068,273.682,robot_0,-0.893,-0.990
1789331561,662037838,273.682,robot_2,0.649,1.615
1789331561,873112840,273.893,robot_1,-1.566,-0.386
1789331561,873176584,273.893,robot_0,-0.893,-0.990
1789331561,873218144,273.893,robot_2,0.649,1.615
1789331562,88640834,274.108,robot_1,-1.566,-0.386
1789331562,88702550,274.109,robot_0,-0.914,-0.986
1789331562,88744139,274.109,robot_2,0.653,1.629
1789331562,300084768,274.320,robot_1,-1.567,-0.386
1789331562,300145312,274.320,robot_0,-0.953,-0.980
1789331562,300182467,274.320,robot_2,0.659,1.656
1789331562,519443616,274.539,robot_1,-1.567,-0.386
1789331562,519511666,274.539,robot_0,-0.957,-0.979
1789331562,519568089,274.539,robot_2,0.659,1.659
1789331562,723593306,274.743,robot_1,-1.567,-0.386
1789331562,723655440,274.743,robot_0,-0.947,-0.980
1789331562,723697156,274.744,robot_2,0.657,1.646
1789331562,950169504,274.970,robot_1,-1.568,-0.386
1789331562,950239841,274.970,robot_0,-0.947,-0.980
1789331562,950276414,274.970,robot_2,0.650,1.600
1789331563,167616083,275.187,robot_1,-1.568,-0.386
1789331563,167686500,275.188,robot_0,-0.947,-0.980
1789331563,167737350,275.188,robot_2,0.648,1.588
1789331563,382958380,275.403,robot_1,-1.568,-0.387
1789331563,383024451,275.403,robot_0,-0.947,-0.979
1789331563,383063095,275.403,robot_2,0.648,1.588
1789331563,606710710,275.627,robot_1,-1.569,-0.387
1789331563,606786229,275.627,robot_0,-0.947,-0.979
1789331563,606833878,275.627,robot_2,0.648,1.588
1789331563,829333774,275.849,robot_1,-1.569,-0.387
1789331563,829394067,275.849,robot_0,-0.948,-0.979
1789331563,829433719,275.849,robot_2,0.647,1.588
1789331564,32602322,276.054,robot_1,-1.569,-0.388
1789331564,34666192,276.054,robot_0,-0.948,-0.978
1789331564,34728676,276.055,robot_2,0.647,1.588
1789331564,244066815,276.264,robot_1,-1.569,-0.388
1789331564,244142301,276.264,robot_0,-0.948,-0.978
1789331564,245286034,276.265,robot_2,0.647,1.588
1789331564,452788090,276.473,robot_1,-1.569,-0.388
1789331564,452852796,276.473,robot_0,-0.948,-0.978
1789331564,452897376,276.473,robot_2,0.647,1.587
1789331564,676769391,276.697,robot_1,-1.569,-0.389
1789331564,676832082,276.697,robot_0,-0.949,-0.978
1789331564,676871881,276.697,robot_2,0.646,1.587
1789331564,899911470,276.920,robot_1,-1.569,-0.389
1789331564,899968856,276.920,robot_0,-0.949,-0.978
1789331564,900005662,276.920,robot_2,0.646,1.587
1789331565,107816637,277.128,robot_1,-1.569,-0.389
1789331565,107887063,277.128,robot_0,-0.949,-0.978
1789331565,107931653,277.128,robot_2,0.646,1.587
1789331565,325951650,277.346,robot_1,-1.569,-0.389
1789331565,326016137,277.346,robot_0,-0.949,-0.978
1789331565,326052572,277.346,robot_2,0.646,1.586
1789331565,535032818,277.555,robot_1,-1.569,-0.389
1789331565,535095056,277.555,robot_0,-0.950,-0.978
1789331565,535133872,277.555,robot_2,0.646,1.586
1789331565,745693393,277.766,robot_1,-1.578,-0.392
1789331565,745754793,277.766,robot_0,-0.950,-0.978
1789331565,745794343,277.766,robot_2,0.646,1.586
1789331565,947780803,277.968,robot_1,-1.603,-0.398
1789331565,947850143,277.968,robot_0,-0.950,-0.978
1789331565,947886460,277.968,robot_2,0.646,1.585
1789331566,153212483,278.173,robot_1,-1.630,-0.404
1789331566,153275532,278.173,robot_0,-0.951,-0.978
1789331566,153316312,278.173,robot_2,0.646,1.585
1789331566,357473600,278.377,robot_1,-1.645,-0.408
1789331566,357538233,278.377,robot_0,-0.951,-0.978
1789331566,357578851,278.377,robot_2,0.646,1.585
1789331566,565613727,278.585,robot_1,-1.645,-0.408
1789331566,565684586,278.585,robot_0,-0.951,-0.978
1789331566,565732478,278.586,robot_2,0.646,1.585
1789331566,768927363,278.789,robot_1,-1.645,-0.408
1789331566,780424010,278.800,robot_0,-0.951,-0.978
1789331566,780520063,278.800,robot_2,0.646,1.584
1789331566,978579991,278.998,robot_1,-1.645,-0.408
1789331566,978645435,278.998,robot_0,-0.951,-0.978
1789331566,978691779,278.999,robot_2,0.646,1.584
1789331567,194935533,279.215,robot_1,-1.645,-0.408
1789331567,195005728,279.215,robot_0,-0.949,-0.981
1789331567,195053527,279.215,robot_2,0.646,1.584
1789331567,437088363,279.457,robot_1,-1.644,-0.409
1789331567,437166171,279.457,robot_0,-0.918,-1.018
1789331567,437209214,279.457,robot_2,0.652,1.590
1789331567,657171033,279.677,robot_1,-1.644,-0.409
1789331567,657241231,279.677,robot_0,-0.891,-1.051
1789331567,657288994,279.677,robot_2,0.675,1.616
1789331567,862961708,279.883,robot_1,-1.644,-0.409
1789331567,863025175,279.883,robot_0,-0.866,-1.081
1789331567,863065692,279.883,robot_2,0.679,1.620
1789331568,71814720,280.092,robot_1,-1.643,-0.409
1789331568,71911590,280.092,robot_0,-0.848,-1.103
1789331568,71960577,280.092,robot_2,0.678,1.617
1789331568,282167430,280.302,robot_1,-1.643,-0.409
1789331568,282224281,280.302,robot_0,-0.859,-1.089
1789331568,282255647,280.302,robot_2,0.669,1.594
1789331568,505433994,280.525,robot_1,-1.642,-0.418
1789331568,505511303,280.525,robot_0,-0.861,-1.087
1789331568,505564807,280.525,robot_2,0.665,1.584
1789331568,707145740,280.727,robot_1,-1.641,-0.442
1789331568,707214320,280.727,robot_0,-0.854,-1.095
1789331568,707258670,280.727,robot_2,0.665,1.584
1789331568,923188688,280.943,robot_1,-1.643,-0.420
1789331568,923266083,280.943,robot_0,-0.839,-1.115
1789331568,923305306,280.943,robot_2,0.668,1.592
1789331569,140859257,281.161,robot_1,-1.646,-0.372
1789331569,140923898,281.161,robot_0,-0.815,-1.148
1789331569,140957842,281.161,robot_2,0.683,1.633
1789331569,354022496,281.374,robot_1,-1.651,-0.312
1789331569,354097804,281.374,robot_0,-0.813,-1.150
1789331569,354143000,281.374,robot_2,0.680,1.624
1789331569,564003476,281.584,robot_1,-1.653,-0.281
1789331569,564077324,281.584,robot_0,-0.813,-1.150
1789331569,564119948,281.584,robot_2,0.675,1.610
1789331569,765700495,281.786,robot_1,-1.653,-0.281
1789331569,765781926,281.786,robot_0,-0.813,-1.151
1789331569,765825121,281.786,robot_2,0.681,1.629
1789331569,974356829,281.994,robot_1,-1.653,-0.289
1789331569,974435282,281.994,robot_0,-0.813,-1.151
1789331569,974480966,281.994,robot_2,0.682,1.629
1789331570,184574059,282.204,robot_1,-1.653,-0.317
1789331570,184649948,282.204,robot_0,-0.814,-1.151
1789331570,184697296,282.205,robot_2,0.681,1.627
1789331570,385682982,282.406,robot_1,-1.653,-0.302
1789331570,385760630,282.406,robot_0,-0.814,-1.152
1789331570,385810466,282.406,robot_2,0.679,1.599
1789331570,596326921,282.616,robot_1,-1.654,-0.260
1789331570,596402911,282.616,robot_0,-0.814,-1.152
1789331570,596448437,282.616,robot_2,0.679,1.589
1789331570,815583922,282.835,robot_1,-1.655,-0.252
1789331570,815665555,282.835,robot_0,-0.814,-1.152
1789331570,815713468,282.836,robot_2,0.679,1.589
1789331571,26547783,283.046,robot_1,-1.655,-0.252
1789331571,26623868,283.046,robot_0,-0.814,-1.153
1789331571,26667705,283.046,robot_2,0.673,1.612
1789331571,252703076,283.273,robot_1,-1.655,-0.252
1789331571,252772720,283.273,robot_0,-0.813,-1.153
1789331571,252819227,283.273,robot_2,0.667,1.631
1789331571,473284890,283.493,robot_1,-1.655,-0.252
1789331571,473362127,283.493,robot_0,-0.813,-1.153
1789331571,473406439,283.493,robot_2,0.674,1.615
1789331571,679288252,283.699,robot_1,-1.655,-0.252
1789331571,679368798,283.699,robot_0,-0.813,-1.153
1789331571,679412011,283.699,robot_2,0.674,1.615
1789331571,893934245,283.914,robot_1,-1.655,-0.252
1789331571,894013276,283.914,robot_0,-0.813,-1.154
1789331571,894054666,283.914,robot_2,0.674,1.613
1789331572,109216075,284.129,robot_1,-1.655,-0.252
1789331572,109322072,284.129,robot_0,-0.813,-1.154
1789331572,109370571,284.129,robot_2,0.684,1.580
1789331572,323244947,284.343,robot_1,-1.654,-0.252
1789331572,323319653,284.343,robot_0,-0.812,-1.154
1789331572,330207924,284.350,robot_2,0.687,1.573
1789331572,532471332,284.552,robot_1,-1.654,-0.252
1789331572,532543670,284.552,robot_0,-0.812,-1.154
1789331572,532597883,284.552,robot_2,0.687,1.573
1789331572,750508457,284.770,robot_1,-1.654,-0.252
1789331572,750582776,284.770,robot_0,-0.812,-1.154
1789331572,750617922,284.770,robot_2,0.687,1.573
1789331572,974926191,284.995,robot_1,-1.653,-0.252
1789331572,974992804,284.995,robot_0,-0.811,-1.154
1789331572,975028957,284.995,robot_2,0.687,1.573
1789331573,194043366,285.214,robot_1,-1.653,-0.251
1789331573,194110951,285.214,robot_0,-0.811,-1.154
1789331573,194147979,285.214,robot_2,0.687,1.573
1789331573,397379761,285.417,robot_1,-1.653,-0.251
1789331573,397449563,285.417,robot_0,-0.811,-1.154
1789331573,397482491,285.417,robot_2,0.688,1.574
1789331573,598057248,285.618,robot_1,-1.653,-0.251
1789331573,598132241,285.618,robot_0,-0.813,-1.122
1789331573,598176880,285.618,robot_2,0.688,1.574
1789331573,810959157,285.831,robot_1,-1.653,-0.250
1789331573,811042429,285.831,robot_0,-0.816,-1.091
1789331573,811090805,285.837,robot_2,0.688,1.574
1789331574,17998862,286.038,robot_1,-1.653,-0.250
1789331574,18068731,286.038,robot_0,-0.816,-1.091
1789331574,18111894,286.038,robot_2,0.688,1.575
1789331574,228143202,286.248,robot_1,-1.653,-0.250
1789331574,228218135,286.248,robot_0,-0.811,-1.115
1789331574,228265244,286.248,robot_2,0.688,1.575
1789331574,441839792,286.462,robot_1,-1.653,-0.249
1789331574,441920324,286.462,robot_0,-0.807,-1.138
1789331574,441967173,286.462,robot_2,0.688,1.575
1789331574,652897352,286.673,robot_1,-1.653,-0.249
1789331574,652975099,286.673,robot_0,-0.800,-1.174
1789331574,653020395,286.673,robot_2,0.688,1.576
1789331574,861652374,286.881,robot_1,-1.653,-0.249
1789331574,861726972,286.882,robot_0,-0.799,-1.177
1789331574,861764582,286.882,robot_2,0.688,1.576
1789331575,88973005,287.109,robot_1,-1.653,-0.249
1789331575,89053956,287.109,robot_0,-0.799,-1.177
1789331575,89099231,287.109,robot_2,0.688,1.576
1789331575,305617335,287.325,robot_1,-1.653,-0.248
1789331575,311028208,287.331,robot_0,-0.800,-1.177
1789331575,311139100,287.331,robot_2,0.688,1.576
1789331575,533369795,287.553,robot_1,-1.654,-0.249
1789331575,533440372,287.556,robot_0,-0.800,-1.177
1789331575,536616021,287.557,robot_2,0.687,1.577
1789331575,734705673,287.755,robot_1,-1.676,-0.268
1789331575,734786998,287.755,robot_0,-0.801,-1.176
1789331575,734835402,287.755,robot_2,0.687,1.577
1789331575,952767513,287.973,robot_1,-1.688,-0.280
1789331575,952841516,287.973,robot_0,-0.801,-1.176
1789331575,952884902,287.973,robot_2,0.687,1.577
1789331576,183875912,288.204,robot_1,-1.688,-0.280
1789331576,183941060,288.204,robot_0,-0.801,-1.176
1789331576,183977492,288.204,robot_2,0.696,1.591
1789331576,398584128,288.418,robot_1,-1.671,-0.269
1789331576,398655938,288.418,robot_0,-0.802,-1.176
1789331576,398698157,288.419,robot_2,0.715,1.624
1789331576,617081728,288.637,robot_1,-1.661,-0.263
1789331576,617161519,288.637,robot_0,-0.802,-1.175
1789331576,617196751,288.637,robot_2,0.730,1.647
1789331576,826568976,288.846,robot_1,-1.661,-0.263
1789331576,826643969,288.846,robot_0,-0.802,-1.175
1789331576,826682053,288.846,robot_2,0.737,1.659
1789331577,34665087,289.054,robot_1,-1.661,-0.264
1789331577,34741133,289.055,robot_0,-0.776,-1.166
1789331577,34784381,289.055,robot_2,0.737,1.659
1789331577,243572450,289.263,robot_1,-1.669,-0.265
1789331577,243642191,289.263,robot_0,-0.765,-1.163
1789331577,243682443,289.263,robot_2,0.737,1.658
1789331577,461662347,289.481,robot_1,-1.695,-0.267
1789331577,461748623,289.482,robot_0,-0.779,-1.167
1789331577,461796138,289.482,robot_2,0.738,1.658
1789331577,698621533,289.718,robot_1,-1.696,-0.268
1789331577,698691444,289.719,robot_0,-0.757,-1.161
1789331577,698734022,289.719,robot_2,0.738,1.658
1789331577,921530334,289.941,robot_1,-1.696,-0.268
1789331577,921618144,289.941,robot_0,-0.782,-1.167
1789331577,921661226,289.941,robot_2,0.738,1.657
1789331578,138755755,290.159,robot_1,-1.674,-0.278
1789331578,138824168,290.159,robot_0,-0.795,-1.171
1789331578,138858820,290.159,robot_2,0.738,1.657
1789331578,338883063,290.359,robot_1,-1.645,-0.292
1789331578,338958073,290.359,robot_0,-0.789,-1.169
1789331578,339002287,290.359,robot_2,0.738,1.656
1789331578,557416337,290.577,robot_1,-1.617,-0.305
1789331578,557479435,290.577,robot_0,-0.751,-1.152
1789331578,557514698,290.577,robot_2,0.738,1.656
1789331578,775631601,290.795,robot_1,-1.602,-0.312
1789331578,775695695,290.796,robot_0,-0.740,-1.147
1789331578,775731592,290.796,robot_2,0.738,1.655
1789331579,2667366,291.022,robot_1,-1.602,-0.312
1789331579,2736935,291.023,robot_0,-0.740,-1.148
1789331579,2774635,291.023,robot_2,0.732,1.658
1789331579,220830352,291.241,robot_1,-1.602,-0.312
1789331579,220889585,291.241,robot_0,-0.739,-1.148
1789331579,220922687,291.241,robot_2,0.698,1.679
1789331579,461220256,291.481,robot_1,-1.603,-0.313
1789331579,461282977,291.481,robot_0,-0.739,-1.148
1789331579,461324540,291.481,robot_2,0.656,1.706
1789331579,661765526,291.682,robot_1,-1.603,-0.313
1789331579,661833409,291.682,robot_0,-0.739,-1.148
1789331579,661880504,291.682,robot_2,0.654,1.707
1789331579,871189638,291.891,robot_1,-1.603,-0.313
1789331579,871243725,291.891,robot_0,-0.739,-1.148
1789331579,871275624,291.891,robot_2,0.654,1.707
1789331580,80931748,292.101,robot_1,-1.604,-0.313
1789331580,80989117,292.101,robot_0,-0.738,-1.149
1789331580,81028792,292.101,robot_2,0.654,1.708
1789331580,286099305,292.306,robot_1,-1.605,-0.313
1789331580,286163432,292.306,robot_0,-0.738,-1.149
1789331580,286200233,292.306,robot_2,0.654,1.708
1789331580,500083420,292.520,robot_1,-1.605,-0.313
1789331580,500155054,292.520,robot_0,-0.737,-1.149
1789331580,500199706,292.520,robot_2,0.654,1.708
1789331580,703706795,292.724,robot_1,-1.605,-0.313
1789331580,703775996,292.724,robot_0,-0.737,-1.149
1789331580,703818484,292.724,robot_2,0.654,1.709
1789331580,930570327,292.950,robot_1,-1.606,-0.313
1789331580,930646504,292.950,robot_0,-0.737,-1.148
1789331580,930688690,292.951,robot_2,0.654,1.709
1789331581,152899135,293.173,robot_1,-1.606,-0.313
1789331581,152965229,293.173,robot_0,-0.737,-1.148
1789331581,153004608,293.173,robot_2,0.653,1.709
1789331581,360408103,293.380,robot_1,-1.606,-0.313
1789331581,360471599,293.380,robot_0,-0.736,-1.148
1789331581,360512755,293.380,robot_2,0.653,1.710
1789331581,566090022,293.586,robot_1,-1.606,-0.313
1789331581,566156320,293.586,robot_0,-0.736,-1.148
1789331581,566190495,293.586,robot_2,0.653,1.710
1789331581,771112160,293.791,robot_1,-1.606,-0.313
1789331581,771185268,293.791,robot_0,-0.736,-1.148
1789331581,771232095,293.791,robot_2,0.653,1.710
1789331581,981234327,294.001,robot_1,-1.605,-0.313
1789331581,981296758,294.001,robot_0,-0.736,-1.147
1789331581,981336415,294.001,robot_2,0.652,1.710
1789331582,195691786,294.216,robot_1,-1.605,-0.313
1789331582,195769882,294.216,robot_0,-0.735,-1.147
1789331582,195807984,294.216,robot_2,0.652,1.711
1789331582,407728281,294.428,robot_1,-1.604,-0.313
1789331582,407796722,294.428,robot_0,-0.735,-1.147
1789331582,407840603,294.428,robot_2,0.652,1.711
1789331582,618843253,294.639,robot_1,-1.604,-0.313
1789331582,618909973,294.639,robot_0,-0.711,-1.151
1789331582,618953587,294.639,robot_2,0.651,1.711
1789331582,827006379,294.847,robot_1,-1.604,-0.313
1789331582,827068652,294.847,robot_0,-0.699,-1.153
1789331582,827108182,294.847,robot_2,0.651,1.711
1789331583,33239146,295.053,robot_1,-1.603,-0.313
1789331583,33299748,295.053,robot_0,-0.672,-1.157
1789331583,33334222,295.053,robot_2,0.651,1.711
1789331583,250439429,295.270,robot_1,-1.603,-0.312
1789331583,250506057,295.270,robot_0,-0.665,-1.159
1789331583,250542159,295.270,robot_2,0.650,1.711
1789331583,465613776,295.485,robot_1,-1.603,-0.312
1789331583,465731628,295.486,robot_0,-0.663,-1.159
1789331583,465772712,295.486,robot_2,0.650,1.710
1789331583,666429563,295.686,robot_1,-1.603,-0.312
1789331583,666498289,295.686,robot_0,-0.631,-1.159
1789331583,666532422,295.686,robot_2,0.649,1.712
1789331583,871190161,295.891,robot_1,-1.603,-0.311
1789331583,871250687,295.891,robot_0,-0.615,-1.158
1789331583,871283759,295.891,robot_2,0.636,1.731
1789331584,83879209,296.104,robot_1,-1.603,-0.311
1789331584,83948336,296.104,robot_0,-0.615,-1.158
1789331584,83983684,296.104,robot_2,0.633,1.735
1789331584,295241096,296.315,robot_1,-1.602,-0.311
1789331584,295309326,296.315,robot_0,-0.615,-1.158
1789331584,295345018,296.315,robot_2,0.621,1.754
1789331584,507516535,296.527,robot_1,-1.602,-0.310
1789331584,507584936,296.527,robot_0,-0.613,-1.157
1789331584,507618611,296.527,robot_2,0.607,1.776
1789331584,720325706,296.740,robot_1,-1.603,-0.310
1789331584,720394909,296.740,robot_0,-0.592,-1.152
1789331584,720437132,296.740,robot_2,0.590,1.801
1789331584,931682765,296.952,robot_1,-1.582,-0.307
1789331584,931765336,296.952,robot_0,-0.604,-1.156
1789331584,931804509,296.952,robot_2,0.578,1.818
1789331585,133711232,297.154,robot_1,-1.555,-0.303
1789331585,133779811,297.154,robot_0,-0.604,-1.156
1789331585,133817137,297.154,robot_2,0.594,1.795
1789331585,343795200,297.364,robot_1,-1.555,-0.303
1789331585,343865324,297.364,robot_0,-0.604,-1.156
1789331585,343895602,297.364,robot_2,0.613,1.768
1789331585,568973344,297.589,robot_1,-1.555,-0.303
1789331585,569038131,297.589,robot_0,-0.604,-1.156
1789331585,569077644,297.589,robot_2,0.622,1.756
1789331585,780669169,297.800,robot_1,-1.535,-0.305
1789331585,780737517,297.801,robot_0,-0.604,-1.156
1789331585,780771409,297.801,robot_2,0.648,1.724
1789331586,8600230,298.028,robot_1,-1.520,-0.307
1789331586,8672753,298.028,robot_0,-0.604,-1.155
1789331586,8708756,298.029,robot_2,0.651,1.719
1789331586,223794647,298.244,robot_1,-1.548,-0.302
1789331586,223880623,298.244,robot_0,-0.604,-1.155
1789331586,223925275,298.244,robot_2,0.651,1.719
1789331586,448999490,298.469,robot_1,-1.550,-0.301
1789331586,449065571,298.469,robot_0,-0.605,-1.155
1789331586,449102104,298.469,robot_2,0.651,1.719
1789331586,684880170,298.705,robot_1,-1.550,-0.302
1789331586,684951833,298.705,robot_0,-0.605,-1.155
1789331586,684988508,298.705,robot_2,0.651,1.719
1789331586,904762662,298.925,robot_1,-1.550,-0.302
1789331586,904829884,298.925,robot_0,-0.605,-1.155
1789331586,904865054,298.925,robot_2,0.651,1.719
1789331587,107243622,299.127,robot_1,-1.550,-0.302
1789331587,107311819,299.127,robot_0,-0.606,-1.154
1789331587,107341874,299.127,robot_2,0.651,1.718
1789331587,315483553,299.335,robot_1,-1.551,-0.303
1789331587,315555658,299.335,robot_0,-0.606,-1.154
1789331587,315599667,299.335,robot_2,0.650,1.718
1789331587,522535361,299.542,robot_1,-1.551,-0.303
1789331587,522608128,299.542,robot_0,-0.606,-1.154
1789331587,522639232,299.542,robot_2,0.650,1.718
1789331587,736664790,299.756,robot_1,-1.551,-0.303
1789331587,736729413,299.757,robot_0,-0.607,-1.154
1789331587,736770394,299.757,robot_2,0.650,1.717
1789331587,950668676,299.970,robot_1,-1.551,-0.303
1789331587,950738773,299.971,robot_0,-0.607,-1.155
1789331587,950779989,299.971,robot_2,0.650,1.717
1789331588,178016277,300.198,robot_1,-1.551,-0.303
1789331588,178090661,300.198,robot_0,-0.607,-1.155
1789331588,178129380,300.198,robot_2,0.650,1.717
1789331588,379918682,300.400,robot_1,-1.551,-0.303
1789331588,379985603,300.400,robot_0,-0.607,-1.155
1789331588,380016736,300.400,robot_2,0.651,1.716
1789331588,584030608,300.604,robot_1,-1.551,-0.303
1789331588,584091562,300.604,robot_0,-0.608,-1.155
1789331588,584119999,300.604,robot_2,0.651,1.716
1789331588,796200266,300.816,robot_1,-1.551,-0.302
1789331588,796261585,300.816,robot_0,-0.608,-1.155
1789331588,796294137,300.816,robot_2,0.651,1.716
1789331588,998605505,301.018,robot_1,-1.551,-0.302
1789331588,998678048,301.018,robot_0,-0.593,-1.167
1789331588,998715927,301.019,robot_2,0.651,1.716
1789331589,212521439,301.232,robot_1,-1.550,-0.302
1789331589,212601944,301.232,robot_0,-0.575,-1.181
1789331589,212641467,301.232,robot_2,0.651,1.715
1789331589,448008269,301.468,robot_1,-1.550,-0.301
1789331589,448066110,301.468,robot_0,-0.592,-1.171
1789331589,448093808,301.468,robot_2,0.652,1.715
1789331589,669377700,301.689,robot_1,-1.550,-0.301
1789331589,669450721,301.689,robot_0,-0.600,-1.166
1789331589,669490407,301.689,robot_2,0.652,1.715
1789331589,883423379,301.903,robot_1,-1.550,-0.300
1789331589,883508105,301.903,robot_0,-0.561,-1.185
1789331589,883549873,301.903,robot_2,0.652,1.715
1789331590,88418558,302.108,robot_1,-1.551,-0.300
1789331590,88486047,302.108,robot_0,-0.538,-1.196
1789331590,88521258,302.108,robot_2,0.660,1.736
1789331590,297237301,302.317,robot_1,-1.551,-0.300
1789331590,297308043,302.317,robot_0,-0.552,-1.189
1789331590,297345494,302.317,robot_2,0.674,1.770
1789331590,510428843,302.530,robot_1,-1.551,-0.299
1789331590,510492039,302.530,robot_0,-0.553,-1.189
1789331590,510526100,302.530,robot_2,0.679,1.784
1789331590,731175961,302.751,robot_1,-1.551,-0.299
1789331590,731238981,302.751,robot_0,-0.553,-1.189
1789331590,731274526,302.751,robot_2,0.692,1.824
1789331590,936082482,302.956,robot_1,-1.551,-0.299
1789331590,936149527,302.956,robot_0,-0.532,-1.193
1789331590,936183788,302.956,robot_2,0.694,1.831
1789331591,157877225,303.178,robot_1,-1.552,-0.299
1789331591,157957345,303.178,robot_0,-0.498,-1.198
1789331591,157997091,303.178,robot_2,0.694,1.831
1789331591,374415738,303.394,robot_1,-1.548,-0.291
1789331591,374495517,303.394,robot_0,-0.498,-1.198
1789331591,374537132,303.394,robot_2,0.694,1.831
1789331591,596747845,303.617,robot_1,-1.538,-0.272
1789331591,596817105,303.617,robot_0,-0.465,-1.198
1789331591,604383064,303.624,robot_2,0.704,1.858
1789331591,800211443,303.820,robot_1,-1.538,-0.272
1789331591,800279555,303.820,robot_0,-0.439,-1.198
1789331591,800320827,303.820,robot_2,0.713,1.879
1789331592,5678088,304.026,robot_1,-1.538,-0.272
1789331592,5757217,304.026,robot_0,-0.439,-1.198
1789331592,5797314,304.026,robot_2,0.707,1.861
1789331592,233648330,304.254,robot_1,-1.538,-0.272
1789331592,234592182,304.254,robot_0,-0.439,-1.198
1789331592,234647766,304.254,robot_2,0.698,1.833
1789331592,435925316,304.456,robot_1,-1.538,-0.273
1789331592,435996327,304.456,robot_0,-0.438,-1.198
1789331592,436036159,304.456,robot_2,0.693,1.817
1789331592,648070706,304.668,robot_1,-1.556,-0.294
1789331592,648146917,304.668,robot_0,-0.438,-1.199
1789331592,648189106,304.671,robot_2,0.700,1.839
1789331592,873440605,304.893,robot_1,-1.580,-0.320
1789331592,873504822,304.893,robot_0,-0.438,-1.199
1789331592,873534079,304.893,robot_2,0.700,1.840
1789331593,95549486,305.115,robot_1,-1.581,-0.322
1789331593,95619884,305.115,robot_0,-0.438,-1.199
1789331593,95658257,305.115,robot_2,0.695,1.814
1789331593,296017854,305.316,robot_1,-1.581,-0.322
1789331593,296086786,305.316,robot_0,-0.438,-1.199
1789331593,296124122,305.316,robot_2,0.694,1.812
1789331593,497774903,305.518,robot_1,-1.581,-0.322
1789331593,497845779,305.518,robot_0,-0.437,-1.200
1789331593,497879048,305.518,robot_2,0.693,1.796
1789331593,699942344,305.720,robot_1,-1.581,-0.322
1789331593,700010936,305.720,robot_0,-0.437,-1.200
1789331593,700052149,305.720,robot_2,0.693,1.780
1789331593,909289028,305.929,robot_1,-1.581,-0.322
1789331593,909353719,305.929,robot_0,-0.437,-1.200
1789331593,909388473,305.929,robot_2,0.693,1.753
1789331594,122245379,306.142,robot_1,-1.581,-0.322
1789331594,122314529,306.142,robot_0,-0.436,-1.200
1789331594,122354459,306.142,robot_2,0.693,1.734
1789331594,333478107,306.353,robot_1,-1.581,-0.322
1789331594,333550743,306.353,robot_0,-0.436,-1.200
1789331594,333587958,306.353,robot_2,0.693,1.734
1789331594,546879563,306.567,robot_1,-1.581,-0.322
1789331594,546951108,306.567,robot_0,-0.436,-1.200
1789331594,546990682,306.567,robot_2,0.693,1.734
1789331594,756251354,306.776,robot_1,-1.581,-0.322
1789331594,756322344,306.776,robot_0,-0.435,-1.200
1789331594,756355829,306.776,robot_2,0.694,1.734
1789331594,957934268,306.978,robot_1,-1.582,-0.321
1789331594,957997967,306.978,robot_0,-0.435,-1.200
1789331594,958032488,306.978,robot_2,0.694,1.734
1789331595,162567737,307.182,robot_1,-1.582,-0.321
1789331595,162635487,307.182,robot_0,-0.435,-1.199
1789331595,162664544,307.182,robot_2,0.694,1.734
1789331595,373363028,307.393,robot_1,-1.582,-0.321
1789331595,373424622,307.393,robot_0,-0.435,-1.199
1789331595,373461488,307.393,robot_2,0.694,1.735
1789331595,587147451,307.607,robot_1,-1.583,-0.321
1789331595,587217229,307.607,robot_0,-0.425,-1.210
1789331595,587254856,307.607,robot_2,0.695,1.735
1789331595,804292638,307.824,robot_1,-1.583,-0.321
1789331595,804361329,307.824,robot_0,-0.405,-1.231
1789331595,804399482,307.824,robot_2,0.695,1.735
1789331596,11805010,308.032,robot_1,-1.583,-0.321
1789331596,11872559,308.032,robot_0,-0.405,-1.231
1789331596,11904248,308.032,robot_2,0.695,1.736
1789331596,231615348,308.251,robot_1,-1.584,-0.321
1789331596,231713787,308.252,robot_0,-0.419,-1.212
1789331596,231755623,308.252,robot_2,0.695,1.736
1789331596,435991608,308.456,robot_1,-1.584,-0.322
1789331596,436052192,308.456,robot_0,-0.431,-1.196
1789331596,436080290,308.456,robot_2,0.695,1.736
1789331596,649718746,308.670,robot_1,-1.584,-0.322
1789331596,649790865,308.670,robot_0,-0.431,-1.196
1789331596,649825801,308.670,robot_2,0.695,1.737
1789331596,865771277,308.886,robot_1,-1.585,-0.322
1789331596,865841822,308.886,robot_0,-0.431,-1.195
1789331596,865876973,308.886,robot_2,0.695,1.737
1789331597,82704465,309.103,robot_1,-1.585,-0.323
1789331597,82773741,309.103,robot_0,-0.454,-1.170
1789331597,82812355,309.103,robot_2,0.695,1.737
1789331597,294153609,309.314,robot_1,-1.585,-0.323
1789331597,294220774,309.314,robot_0,-0.487,-1.135
1789331597,294258354,309.314,robot_2,0.695,1.738
1789331597,494916273,309.515,robot_1,-1.585,-0.323
1789331597,494983848,309.515,robot_0,-0.513,-1.107
1789331597,495021445,309.515,robot_2,0.695,1.738
1789331597,700402396,309.720,robot_1,-1.580,-0.325
1789331597,700457832,309.720,robot_0,-0.516,-1.103
1789331597,700486874,309.720,robot_2,0.694,1.738
1789331597,904138798,309.924,robot_1,-1.544,-0.337
1789331597,904202389,309.924,robot_0,-0.516,-1.103
1789331597,904232928,309.924,robot_2,0.695,1.739
1789331598,122343074,310.142,robot_1,-1.496,-0.354
1789331598,122409388,310.142,robot_0,-0.509,-1.111
1789331598,122446165,310.142,robot_2,0.716,1.763
1789331598,322913616,310.343,robot_1,-1.477,-0.360
1789331598,322964368,310.343,robot_0,-0.490,-1.130
1789331598,322991763,310.343,robot_2,0.733,1.782
1789331598,527948701,310.548,robot_1,-1.477,-0.360
1789331598,528014159,310.548,robot_0,-0.484,-1.136
1789331598,528052119,310.548,robot_2,0.749,1.800
1789331598,757857617,310.778,robot_1,-1.450,-0.369
1789331598,757919720,310.778,robot_0,-0.455,-1.168
1789331598,757954494,310.778,robot_2,0.758,1.810
1789331598,981036535,311.001,robot_1,-1.399,-0.385
1789331598,981108527,311.001,robot_0,-0.431,-1.195
1789331598,981145556,311.001,robot_2,0.758,1.810
1789331599,204085608,311.224,robot_1,-1.380,-0.391
1789331599,204148128,311.224,robot_0,-0.411,-1.217
1789331599,204178828,311.224,robot_2,0.758,1.809
1789331599,408481071,311.428,robot_1,-1.411,-0.382
1789331599,408542997,311.428,robot_0,-0.404,-1.225
1789331599,410882720,311.431,robot_2,0.758,1.809
1789331599,619100494,311.639,robot_1,-1.442,-0.373
1789331599,619162290,311.639,robot_0,-0.404,-1.225
1789331599,619201665,311.639,robot_2,0.758,1.808
1789331599,823630028,311.843,robot_1,-1.464,-0.367
1789331599,823693936,311.844,robot_0,-0.403,-1.225
1789331599,823733829,311.844,robot_2,0.758,1.808
1789331600,44896805,312.065,robot_1,-1.432,-0.376
1789331600,44952102,312.065,robot_0,-0.403,-1.225
1789331600,44982597,312.065,robot_2,0.758,1.807
1789331600,250495683,312.270,robot_1,-1.421,-0.379
1789331600,273525668,312.293,robot_0,-0.403,-1.224
1789331600,273625273,312.293,robot_2,0.758,1.807
1789331600,453309036,312.473,robot_1,-1.421,-0.379
1789331600,453371581,312.473,robot_0,-0.403,-1.224
1789331600,453411152,312.473,robot_2,0.758,1.807
1789331600,670054162,312.690,robot_1,-1.421,-0.379
1789331600,670135232,312.690,robot_0,-0.403,-1.223
1789331600,670178879,312.690,robot_2,0.758,1.806
1789331600,870398593,312.890,robot_1,-1.421,-0.379
1789331600,870465480,312.890,robot_0,-0.403,-1.223
1789331600,870507222,312.890,robot_2,0.758,1.806
1789331601,97741108,313.118,robot_1,-1.421,-0.379
1789331601,97804607,313.118,robot_0,-0.403,-1.223
1789331601,97845493,313.118,robot_2,0.758,1.806
1789331601,299984845,313.320,robot_1,-1.421,-0.380
1789331601,300047074,313.320,robot_0,-0.404,-1.222
1789331601,300086558,313.320,robot_2,0.758,1.806
1789331601,518231177,313.538,robot_1,-1.421,-0.380
1789331601,518300301,313.538,robot_0,-0.404,-1.222
1789331601,518342976,313.538,robot_2,0.758,1.806
1789331601,720024083,313.740,robot_1,-1.421,-0.380
1789331601,720083778,313.740,robot_0,-0.404,-1.222
1789331601,720117125,313.740,robot_2,0.758,1.807
1789331601,941005605,313.961,robot_1,-1.420,-0.381
1789331601,941071435,313.961,robot_0,-0.404,-1.222
1789331601,941108971,313.961,robot_2,0.758,1.807
1789331602,141991503,314.162,robot_1,-1.420,-0.381
1789331602,142059493,314.162,robot_0,-0.404,-1.222
1789331602,142101728,314.162,robot_2,0.758,1.807
1789331602,359075846,314.379,robot_1,-1.420,-0.381
1789331602,359144514,314.379,robot_0,-0.405,-1.222
1789331602,359179095,314.379,robot_2,0.758,1.808
1789331602,564731144,314.585,robot_1,-1.420,-0.382
1789331602,564791865,314.585,robot_0,-0.405,-1.221
1789331602,564832540,314.585,robot_2,0.758,1.808
1789331602,779108300,314.799,robot_1,-1.420,-0.382
1789331602,779173940,314.799,robot_0,-0.405,-1.221
1789331602,779216169,314.799,robot_2,0.758,1.808
1789331602,988614849,315.008,robot_1,-1.419,-0.382
1789331602,988683898,315.008,robot_0,-0.406,-1.221
1789331602,988726281,315.009,robot_2,0.758,1.809
1789331603,203711550,315.224,robot_1,-1.419,-0.382
1789331603,203769100,315.224,robot_0,-0.406,-1.221
1789331603,203803534,315.224,robot_2,0.757,1.809
1789331603,414551412,315.434,robot_1,-1.418,-0.382
1789331603,414626127,315.434,robot_0,-0.406,-1.221
1789331603,414665942,315.434,robot_2,0.757,1.809
1789331603,631887481,315.652,robot_1,-1.418,-0.382
1789331603,631957408,315.652,robot_0,-0.407,-1.222
1789331603,632001074,315.652,robot_2,0.757,1.809
1789331603,854220911,315.874,robot_1,-1.418,-0.382
1789331603,854288284,315.874,robot_0,-0.407,-1.222
1789331603,854326012,315.874,robot_2,0.757,1.810
1789331604,62066122,316.082,robot_1,-1.417,-0.382
1789331604,62128013,316.082,robot_0,-0.407,-1.222
1789331604,62162142,316.082,robot_2,0.756,1.810
1789331604,313640718,316.333,robot_1,-1.417,-0.382
1789331604,313703919,316.334,robot_0,-0.407,-1.222
1789331604,313744159,316.334,robot_2,0.756,1.810
1789331604,531308540,316.551,robot_1,-1.417,-0.382
1789331604,531373828,316.551,robot_0,-0.408,-1.223
1789331604,531417686,316.551,robot_2,0.756,1.810
1789331604,744077976,316.764,robot_1,-1.417,-0.382
1789331604,744141247,316.764,robot_0,-0.408,-1.223
1789331604,744176714,316.764,robot_2,0.755,1.810
1789331604,954061587,316.974,robot_1,-1.417,-0.382
1789331604,954114266,316.974,robot_0,-0.408,-1.223
1789331604,954141955,316.974,robot_2,0.756,1.810
1789331605,203199836,317.223,robot_1,-1.417,-0.382
1789331605,203262790,317.223,robot_0,-0.408,-1.224
1789331605,203300881,317.223,robot_2,0.755,1.810
1789331605,434961301,317.455,robot_1,-1.418,-0.382
1789331605,435019471,317.455,robot_0,-0.413,-1.224
1789331605,435052402,317.455,robot_2,0.755,1.810
1789331605,681072185,317.701,robot_1,-1.418,-0.347
1789331605,681140046,317.701,robot_0,-0.445,-1.225
1789331605,681180264,317.701,robot_2,0.755,1.810
1789331605,883041380,317.903,robot_1,-1.416,-0.316
1789331605,883106580,317.903,robot_0,-0.445,-1.225
1789331605,883138534,317.903,robot_2,0.755,1.810
1789331606,106854677,318.127,robot_1,-1.417,-0.323
1789331606,106918497,318.127,robot_0,-0.412,-1.222
1789331606,106950651,318.127,robot_2,0.744,1.831
1789331606,326923531,318.347,robot_1,-1.420,-0.353
1789331606,326989762,318.347,robot_0,-0.367,-1.217
1789331606,327022728,318.347,robot_2,0.730,1.858
1789331606,551967499,318.572,robot_1,-1.421,-0.364
1789331606,552033422,318.578,robot_0,-0.325,-1.212
1789331606,558551602,318.578,robot_2,0.722,1.871
1789331606,769953923,318.790,robot_1,-1.421,-0.364
1789331606,770027923,318.790,robot_0,-0.280,-1.207
1789331606,770069584,318.790,robot_2,0.722,1.871
1789331606,987829818,319.008,robot_1,-1.421,-0.364
1789331606,987890340,319.008,robot_0,-0.249,-1.203
1789331606,987935275,319.008,robot_2,0.715,1.881
1789331607,204757457,319.225,robot_1,-1.422,-0.364
1789331607,204826048,319.225,robot_0,-0.248,-1.203
1789331607,204873515,319.225,robot_2,0.702,1.900
1789331607,415784965,319.436,robot_1,-1.422,-0.364
1789331607,415848028,319.436,robot_0,-0.248,-1.203
1789331607,415894685,319.436,robot_2,0.702,1.900
1789331607,636772402,319.657,robot_1,-1.422,-0.363
1789331607,636825826,319.657,robot_0,-0.248,-1.203
1789331607,636867884,319.657,robot_2,0.695,1.911
1789331607,846368331,319.866,robot_1,-1.423,-0.363
1789331607,846429510,319.866,robot_0,-0.248,-1.203
1789331607,846475474,319.866,robot_2,0.678,1.938
1789331608,52414396,320.072,robot_1,-1.423,-0.363
1789331608,52478092,320.072,robot_0,-0.224,-1.203
1789331608,52523616,320.072,robot_2,0.664,1.960
1789331608,259800401,320.284,robot_1,-1.423,-0.362
1789331608,264691508,320.285,robot_0,-0.184,-1.204
1789331608,264751641,320.285,robot_2,0.649,1.983
1789331608,473469866,320.493,robot_1,-1.423,-0.362
1789331608,473526874,320.493,robot_0,-0.195,-1.203
1789331608,473571283,320.493,robot_2,0.649,1.983
1789331608,707324195,320.727,robot_1,-1.423,-0.361
1789331608,707386267,320.727,robot_0,-0.227,-1.201
1789331608,707432231,320.727,robot_2,0.650,1.983
1789331608,915849530,320.936,robot_1,-1.423,-0.361
1789331608,915915601,320.936,robot_0,-0.252,-1.199
1789331608,915962298,320.936,robot_2,0.650,1.983
1789331609,119383956,321.139,robot_1,-1.423,-0.361
1789331609,119446520,321.139,robot_0,-0.252,-1.199
1789331609,119492858,321.139,robot_2,0.650,1.983
1789331609,319786542,321.340,robot_1,-1.423,-0.361
1789331609,319851453,321.340,robot_0,-0.252,-1.200
1789331609,319889472,321.340,robot_2,0.651,1.983
1789331609,545292253,321.565,robot_1,-1.423,-0.362
1789331609,545360190,321.565,robot_0,-0.252,-1.200
1789331609,545407925,321.565,robot_2,0.651,1.983
1789331609,761751386,321.782,robot_1,-1.423,-0.362
1789331609,762729700,321.783,robot_0,-0.251,-1.200
1789331609,762793507,321.783,robot_2,0.652,1.983
1789331609,975869180,321.996,robot_1,-1.423,-0.362
1789331609,975930539,321.996,robot_0,-0.251,-1.201
1789331609,975969584,321.996,robot_2,0.652,1.983
1789331610,184378022,322.204,robot_1,-1.422,-0.363
1789331610,184441181,322.204,robot_0,-0.251,-1.201
1789331610,184488169,322.204,robot_2,0.653,1.983
1789331610,394446043,322.414,robot_1,-1.422,-0.363
1789331610,394512882,322.414,robot_0,-0.251,-1.201
1789331610,394563493,322.414,robot_2,0.653,1.982
1789331610,617236571,322.637,robot_1,-1.422,-0.363
1789331610,617290745,322.637,robot_0,-0.250,-1.201
1789331610,617323204,322.637,robot_2,0.667,1.991
1789331610,838005369,322.858,robot_1,-1.421,-0.363
1789331610,838067315,322.858,robot_0,-0.250,-1.202
1789331610,838105262,322.858,robot_2,0.684,2.000
1789331611,85128402,323.105,robot_1,-1.421,-0.363
1789331611,85193271,323.105,robot_0,-0.250,-1.202
1789331611,85230107,323.105,robot_2,0.701,2.008
1789331611,325823757,323.346,robot_1,-1.421,-0.363
1789331611,325884514,323.346,robot_0,-0.249,-1.202
1789331611,325924903,323.346,robot_2,0.728,2.021
1789331611,534321743,323.554,robot_1,-1.420,-0.363
1789331611,534387215,323.554,robot_0,-0.249,-1.202
1789331611,534435473,323.554,robot_2,0.754,2.034
1789331611,741830261,323.762,robot_1,-1.420,-0.363
1789331611,741887227,323.762,robot_0,-0.249,-1.202
1789331611,741925241,323.762,robot_2,0.753,2.034
1789331611,976405035,323.996,robot_1,-1.419,-0.363
1789331611,976465681,323.996,robot_0,-0.248,-1.201
1789331611,976514015,323.996,robot_2,0.717,2.020
1789331612,176600956,324.196,robot_1,-1.419,-0.363
1789331612,176658459,324.196,robot_0,-0.248,-1.201
1789331612,176694044,324.197,robot_2,0.696,2.012
1789331612,387908878,324.408,robot_1,-1.419,-0.363
1789331612,392039894,324.412,robot_0,-0.248,-1.201
1789331612,392134955,324.412,robot_2,0.696,2.013
1789331612,613375049,324.633,robot_1,-1.436,-0.340
1789331612,613445544,324.633,robot_0,-0.247,-1.201
1789331612,613490459,324.633,robot_2,0.720,2.023
1789331612,814755691,324.835,robot_1,-1.473,-0.292
1789331612,814822730,324.835,robot_0,-0.247,-1.200
1789331612,814858158,324.835,robot_2,0.741,2.033
1789331613,41648159,325.064,robot_1,-1.503,-0.252
1789331613,44694078,325.065,robot_0,-0.247,-1.200
1789331613,44755154,325.065,robot_2,0.741,2.033
1789331613,242590621,325.262,robot_1,-1.506,-0.248
1789331613,242657280,325.262,robot_0,-0.247,-1.200
1789331613,242700378,325.263,robot_2,0.741,2.033
1789331613,475731056,325.496,robot_1,-1.506,-0.248
1789331613,475792946,325.496,robot_0,-0.247,-1.199
1789331613,475834778,325.496,robot_2,0.741,2.033
1789331613,692667894,325.712,robot_1,-1.506,-0.248
1789331613,692732935,325.713,robot_0,-0.247,-1.199
1789331613,692775114,325.713,robot_2,0.741,2.034
1789331613,901634933,325.921,robot_1,-1.506,-0.248
1789331613,901704372,325.922,robot_0,-0.247,-1.199
1789331613,901752791,325.922,robot_2,0.740,2.034
1789331614,115885099,326.136,robot_1,-1.524,-0.227
1789331614,115962313,326.136,robot_0,-0.247,-1.198
1789331614,116008737,326.136,robot_2,0.740,2.034
1789331614,321744661,326.342,robot_1,-1.553,-0.193
1789331614,321811784,326.342,robot_0,-0.247,-1.198
1789331614,321850003,326.342,robot_2,0.740,2.034
1789331614,541025702,326.561,robot_1,-1.581,-0.159
1789331614,541098816,326.561,robot_0,-0.247,-1.198
1789331614,541136142,326.561,robot_2,0.739,2.034
1789331614,742297391,326.762,robot_1,-1.576,-0.165
1789331614,742357152,326.762,robot_0,-0.248,-1.198
1789331614,742392138,326.762,robot_2,0.739,2.034
1789331614,961722642,326.982,robot_1,-1.566,-0.177
1789331614,961789279,326.982,robot_0,-0.248,-1.197
1789331614,961825850,326.982,robot_2,0.739,2.034
1789331615,186319804,327.206,robot_1,-1.566,-0.177
1789331615,186384644,327.206,robot_0,-0.248,-1.197
1789331615,186432291,327.206,robot_2,0.738,2.034
1789331615,432896549,327.453,robot_1,-1.566,-0.177
1789331615,432963378,327.453,robot_0,-0.248,-1.197
1789331615,437880155,327.458,robot_2,0.738,2.034
1789331615,635270350,327.655,robot_1,-1.566,-0.176
1789331615,635342406,327.655,robot_0,-0.248,-1.197
1789331615,635390603,327.655,robot_2,0.738,2.034
1789331615,844724374,327.865,robot_1,-1.566,-0.176
1789331615,844790859,327.865,robot_0,-0.244,-1.188
1789331615,844830693,327.865,robot_2,0.737,2.033
1789331616,59869905,328.080,robot_1,-1.566,-0.176
1789331616,59938302,328.080,robot_0,-0.233,-1.161
1789331616,59977721,328.080,robot_2,0.737,2.033
1789331616,274471265,328.294,robot_1,-1.565,-0.175
1789331616,274535316,328.294,robot_0,-0.232,-1.161
1789331616,274582631,328.294,robot_2,0.737,2.033
1789331616,485617551,328.505,robot_1,-1.565,-0.175
1789331616,485681480,328.505,robot_0,-0.241,-1.200
1789331616,485724613,328.506,robot_2,0.737,2.032
1789331616,688845511,328.709,robot_1,-1.566,-0.175
1789331616,688919486,328.709,robot_0,-0.245,-1.222
1789331616,688964508,328.709,robot_2,0.749,2.027
1789331616,899102109,328.919,robot_1,-1.566,-0.174
1789331616,899172625,328.919,robot_0,-0.241,-1.197
1789331616,899209322,328.919,robot_2,0.772,2.019
1789331617,112838343,329.133,robot_1,-1.566,-0.174
1789331617,112901695,329.133,robot_0,-0.239,-1.186
1789331617,112938496,329.133,robot_2,0.742,2.028
1789331617,328092337,329.348,robot_1,-1.566,-0.174
1789331617,328160257,329.348,robot_0,-0.237,-1.170
1789331617,328202279,329.348,robot_2,0.723,2.035
1789331617,547122764,329.567,robot_1,-1.566,-0.173
1789331617,547194941,329.567,robot_0,-0.234,-1.138
1789331617,547229642,329.567,robot_2,0.690,2.046
1789331617,747252382,329.767,robot_1,-1.567,-0.173
1789331617,747324520,329.767,robot_0,-0.237,-1.162
1789331617,747373433,329.767,robot_2,0.686,2.047
1789331617,947609109,329.967,robot_1,-1.567,-0.173
1789331617,947677170,329.967,robot_0,-0.239,-1.182
1789331617,947725809,329.968,robot_2,0.686,2.047
1789331618,154700365,330.175,robot_1,-1.567,-0.173
1789331618,154779597,330.175,robot_0,-0.240,-1.195
1789331618,154828342,330.175,robot_2,0.689,2.046
1789331618,383976952,330.404,robot_1,-1.567,-0.173
1789331618,384043492,330.404,robot_0,-0.246,-1.229
1789331618,384088720,330.404,robot_2,0.732,2.028
1789331618,607113058,330.627,robot_1,-1.568,-0.173
1789331618,607179887,330.627,robot_0,-0.249,-1.254
1789331618,607222039,330.627,robot_2,0.777,2.010
1789331618,818301822,330.838,robot_1,-1.568,-0.173
1789331618,818363117,330.838,robot_0,-0.251,-1.274
1789331618,818407400,330.838,robot_2,0.774,2.011
1789331619,64432480,331.084,robot_1,-1.568,-0.173
1789331619,64493952,331.084,robot_0,-0.252,-1.282
1789331619,64526295,331.084,robot_2,0.757,2.019
1789331619,286779497,331.307,robot_1,-1.569,-0.166
1789331619,286855440,331.307,robot_0,-0.252,-1.318
1789331619,286895967,331.307,robot_2,0.757,2.019
1789331619,507271006,331.527,robot_1,-1.571,-0.134
1789331619,507338844,331.527,robot_0,-0.251,-1.329
1789331619,507379168,331.527,robot_2,0.757,2.019
1789331619,735695780,331.756,robot_1,-1.574,-0.100
1789331619,735756731,331.756,robot_0,-0.248,-1.355
1789331619,735793759,331.756,robot_2,0.757,2.018
1789331619,963154646,331.983,robot_1,-1.575,-0.087
1789331619,963226074,331.983,robot_0,-0.248,-1.354
1789331619,963271743,331.983,robot_2,0.757,2.018
1789331620,195033106,332.215,robot_1,-1.571,-0.124
1789331620,195098036,332.215,robot_0,-0.258,-1.330
1789331620,195136550,332.215,robot_2,0.757,2.018
1789331620,420956126,332.441,robot_1,-1.567,-0.152
1789331620,421018776,332.441,robot_0,-0.259,-1.330
1789331620,421063721,332.441,robot_2,0.757,2.017
1789331620,630653056,332.650,robot_1,-1.568,-0.134
1789331620,630717465,332.651,robot_0,-0.259,-1.330
1789331620,630754357,332.651,robot_2,0.757,2.017
1789331620,846189699,332.866,robot_1,-1.569,-0.110
1789331620,846252626,332.866,robot_0,-0.242,-1.347
1789331620,846290031,332.866,robot_2,0.757,2.017
1789331621,60767406,333.081,robot_1,-1.570,-0.076
1789331621,60833873,333.081,robot_0,-0.229,-1.359
1789331621,60869909,333.081,robot_2,0.758,2.016
1789331621,268866165,333.289,robot_1,-1.570,-0.070
1789331621,268928488,333.289,robot_0,-0.229,-1.360
1789331621,268971919,333.289,robot_2,0.758,2.016
1789331621,478969353,333.499,robot_1,-1.569,-0.048
1789331621,479037113,333.499,robot_0,-0.206,-1.371
1789331621,479071575,333.499,robot_2,0.758,2.016
1789331621,686778460,333.707,robot_1,-1.568,-0.034
1789331621,686846059,333.707,robot_0,-0.159,-1.391
1789331621,686878462,333.707,robot_2,0.758,2.016
1789331621,889413330,333.909,robot_1,-1.568,-0.003
1789331621,889476481,333.909,robot_0,-0.154,-1.393
1789331621,889508160,333.909,robot_2,0.759,2.016
1789331622,98047319,334.118,robot_1,-1.568,0.011
1789331622,98118693,334.118,robot_0,-0.156,-1.393
1789331622,98159919,334.118,robot_2,0.759,2.016
1789331622,304488678,334.324,robot_1,-1.568,0.011
1789331622,304553056,334.324,robot_0,-0.179,-1.391
1789331622,304598186,334.324,robot_2,0.759,2.016
1789331622,533872085,334.554,robot_1,-1.569,0.011
1789331622,533948581,334.554,robot_0,-0.160,-1.391
1789331622,533990237,334.554,robot_2,0.760,2.016
1789331622,754612054,334.774,robot_1,-1.569,0.011
1789331622,754677363,334.774,robot_0,-0.134,-1.392
1789331622,754710316,334.775,robot_2,0.760,2.016
1789331622,958570918,334.978,robot_1,-1.569,0.010
1789331622,958637639,334.978,robot_0,-0.134,-1.392
1789331622,958677113,334.978,robot_2,0.760,2.016
1789331623,169739987,335.190,robot_1,-1.569,0.010
1789331623,169824940,335.190,robot_0,-0.134,-1.392
1789331623,169860629,335.190,robot_2,0.761,2.016
1789331623,383690345,335.404,robot_1,-1.570,0.010
1789331623,383753632,335.404,robot_0,-0.134,-1.392
1789331623,384667906,335.405,robot_2,0.757,2.022
1789331623,586156029,335.606,robot_1,-1.570,0.010
1789331623,586224172,335.606,robot_0,-0.133,-1.393
1789331623,586264609,335.606,robot_2,0.734,2.054
1789331623,792916762,335.813,robot_1,-1.570,0.009
1789331623,792980915,335.813,robot_0,-0.133,-1.393
1789331623,793015054,335.813,robot_2,0.722,2.072
1789331624,7331558,336.027,robot_1,-1.570,0.009
1789331624,7399926,336.027,robot_0,-0.133,-1.393
1789331624,7434426,336.027,robot_2,0.737,2.051
1789331624,215351106,336.235,robot_1,-1.570,0.009
1789331624,215422887,336.235,robot_0,-0.133,-1.393
1789331624,215466099,336.235,robot_2,0.737,2.051
1789331624,439248668,336.459,robot_1,-1.571,0.008
1789331624,439314502,336.459,robot_0,-0.133,-1.393
1789331624,439354783,336.459,robot_2,0.737,2.051
1789331624,677609768,336.697,robot_1,-1.571,0.008
1789331624,677710514,336.698,robot_0,-0.132,-1.394
1789331624,677748679,336.698,robot_2,0.737,2.051
1789331624,895063511,336.915,robot_1,-1.570,0.008
1789331624,895132008,336.915,robot_0,-0.132,-1.394
1789331624,895176670,336.915,robot_2,0.738,2.049
1789331625,101022873,337.121,robot_1,-1.570,0.007
1789331625,101095499,337.121,robot_0,-0.132,-1.394
1789331625,101137743,337.121,robot_2,0.756,2.030
1789331625,311970816,337.332,robot_1,-1.570,0.007
1789331625,312037207,337.332,robot_0,-0.131,-1.394
1789331625,312072094,337.332,robot_2,0.778,2.004
1789331625,555923410,337.576,robot_1,-1.570,0.007
1789331625,555992236,337.576,robot_0,-0.131,-1.394
1789331625,556034034,337.576,robot_2,0.796,1.984
1789331625,758054715,337.778,robot_1,-1.570,0.006
1789331625,771614285,337.791,robot_0,-0.131,-1.394
1789331625,771717055,337.792,robot_2,0.796,1.984
1789331625,963064741,337.983,robot_1,-1.569,0.007
1789331625,963137074,337.983,robot_0,-0.130,-1.394
1789331625,963180074,337.983,robot_2,0.797,1.984
1789331626,179373176,338.203,robot_1,-1.547,0.031
1789331626,183679621,338.204,robot_0,-0.130,-1.393
1789331626,183743281,338.204,robot_2,0.797,1.984
1789331626,387170355,338.407,robot_1,-1.531,0.049
1789331626,387237613,338.407,robot_0,-0.130,-1.393
1789331626,387280020,338.407,robot_2,0.797,1.984
1789331626,610552232,338.630,robot_1,-1.527,0.053
1789331626,610630288,338.630,robot_0,-0.130,-1.393
1789331626,610669447,338.630,robot_2,0.797,1.985
1789331626,827462087,338.847,robot_1,-1.499,0.085
1789331626,827531711,338.847,robot_0,-0.130,-1.393
1789331626,827573390,338.847,robot_2,0.797,1.985
1789331627,39832767,339.060,robot_1,-1.489,0.096
1789331627,39903261,339.060,robot_0,-0.130,-1.393
1789331627,39940925,339.060,robot_2,0.797,1.986
1789331627,265259588,339.285,robot_1,-1.494,0.091
1789331627,265350068,339.285,robot_0,-0.130,-1.393
1789331627,265396292,339.285,robot_2,0.797,1.986
1789331627,460199358,339.480,robot_1,-1.471,0.116
1789331627,460270175,339.480,robot_0,-0.154,-1.373
1789331627,460312538,339.480,robot_2,0.797,1.986
1789331627,686798793,339.707,robot_1,-1.446,0.143
1789331627,686864915,339.707,robot_0,-0.163,-1.365
1789331627,686901693,339.707,robot_2,0.797,1.987
1789331627,906143167,339.926,robot_1,-1.447,0.142
1789331627,906215681,339.926,robot_0,-0.145,-1.373
1789331627,906257440,339.926,robot_2,0.797,1.987
1789331628,117017796,340.137,robot_1,-1.447,0.142
1789331628,117090435,340.137,robot_0,-0.115,-1.385
1789331628,117128169,340.137,robot_2,0.796,1.987
1789331628,319241844,340.339,robot_1,-1.447,0.142
1789331628,319313668,340.339,robot_0,-0.106,-1.388
1789331628,319355850,340.339,robot_2,0.796,1.987
1789331628,556654593,340.576,robot_1,-1.447,0.142
1789331628,556727870,340.577,robot_0,-0.114,-1.386
1789331628,556769816,340.577,robot_2,0.796,1.987
1789331628,782131968,340.802,robot_1,-1.446,0.143
1789331628,782198182,340.802,robot_0,-0.166,-1.375
1789331628,782232792,340.802,robot_2,0.796,1.988
1789331628,988616854,341.008,robot_1,-1.430,0.172
1789331628,988684062,341.008,robot_0,-0.187,-1.370
1789331628,988721219,341.009,robot_2,0.795,1.988
1789331629,201122252,341.221,robot_1,-1.418,0.198
1789331629,201187662,341.227,robot_0,-0.222,-1.362
1789331629,207400876,341.227,robot_2,0.795,1.988
1789331629,437952410,341.458,robot_1,-1.417,0.199
1789331629,438015074,341.458,robot_0,-0.227,-1.361
1789331629,438048336,341.458,robot_2,0.795,1.988
1789331629,661993640,341.682,robot_1,-1.417,0.199
1789331629,662065532,341.682,robot_0,-0.227,-1.361
1789331629,662108711,341.682,robot_2,0.794,1.988
1789331629,880372311,341.900,robot_1,-1.417,0.199
1789331629,880438197,341.900,robot_0,-0.227,-1.360
1789331629,880472451,341.900,robot_2,0.794,1.988
1789331630,82239732,342.102,robot_1,-1.422,0.181
1789331630,82305619,342.102,robot_0,-0.227,-1.360
1789331630,82337618,342.102,robot_2,0.794,1.988
1789331630,291739840,342.312,robot_1,-1.425,0.168
1789331630,291804121,342.312,robot_0,-0.228,-1.360
1789331630,291847986,342.312,robot_2,0.793,1.987
1789331630,514961759,342.535,robot_1,-1.425,0.168
1789331630,515025382,342.535,robot_0,-0.228,-1.359
1789331630,515071298,342.535,robot_2,0.793,1.987
1789331630,720676647,342.740,robot_1,-1.430,0.150
1789331630,720748624,342.741,robot_0,-0.228,-1.359
1789331630,720792586,342.741,robot_2,0.793,1.987
1789331630,934613779,342.954,robot_1,-1.440,0.117
1789331630,934710825,342.955,robot_0,-0.228,-1.359
1789331630,934761588,342.955,robot_2,0.793,1.987
1789331631,130958749,343.151,robot_1,-1.449,0.089
1789331631,131022713,343.151,robot_0,-0.228,-1.359
1789331631,131059390,343.151,robot_2,0.792,1.986
1789331631,346725822,343.367,robot_1,-1.455,0.068
1789331631,346791419,343.367,robot_0,-0.229,-1.359
1789331631,346832335,343.367,robot_2,0.792,1.986
1789331631,565480743,343.585,robot_1,-1.455,0.068
1789331631,565544379,343.585,robot_0,-0.229,-1.358
1789331631,571396704,343.591,robot_2,0.803,1.982
1789331631,781791486,343.802,robot_1,-1.455,0.068
1789331631,781865725,343.802,robot_0,-0.229,-1.358
1789331631,781910662,343.802,robot_2,0.843,1.969
1789331631,998549999,344.018,robot_1,-1.455,0.069
1789331631,998628819,344.018,robot_0,-0.230,-1.358
1789331631,998665112,344.018,robot_2,0.847,1.967
1789331632,206033868,344.231,robot_1,-1.456,0.069
1789331632,211555508,344.231,robot_0,-0.230,-1.358
1789331632,211608820,344.231,robot_2,0.844,1.968
1789331632,407055301,344.427,robot_1,-1.456,0.069
1789331632,407125609,344.427,robot_0,-0.230,-1.358
1789331632,407173476,344.427,robot_2,0.820,1.974
1789331632,624045730,344.644,robot_1,-1.456,0.070
1789331632,624115950,344.644,robot_0,-0.231,-1.358
1789331632,624164633,344.644,robot_2,0.807,1.977
1789331632,843892338,344.864,robot_1,-1.456,0.070
1789331632,843967251,344.864,robot_0,-0.231,-1.359
1789331632,844007904,344.864,robot_2,0.785,1.981
1789331633,44826873,345.065,robot_1,-1.456,0.071
1789331633,44897634,345.065,robot_0,-0.231,-1.359
1789331633,44938831,345.065,robot_2,0.769,1.984
1789331633,260791868,345.281,robot_1,-1.456,0.071
1789331633,260874141,345.281,robot_0,-0.231,-1.359
1789331633,260916777,345.281,robot_2,0.768,1.984
1789331633,473294502,345.493,robot_1,-1.456,0.072
1789331633,473362488,345.493,robot_0,-0.214,-1.378
1789331633,473400413,345.493,robot_2,0.744,1.987
1789331633,705855373,345.726,robot_1,-1.423,0.065
1789331633,705918962,345.726,robot_0,-0.198,-1.394
1789331633,705955097,345.726,robot_2,0.711,1.991
1789331633,943243476,345.963,robot_1,-1.396,0.060
1789331633,943309401,345.963,robot_0,-0.198,-1.395
1789331633,943342751,345.963,robot_2,0.680,1.995
1789331634,163850234,346.184,robot_1,-1.420,0.065
1789331634,163911359,346.184,robot_0,-0.184,-1.403
1789331634,163945698,346.184,robot_2,0.680,1.995
1789331634,365961191,346.386,robot_1,-1.449,0.071
1789331634,366020634,346.386,robot_0,-0.146,-1.423
1789331634,366056909,346.386,robot_2,0.680,1.995
1789331634,590103342,346.610,robot_1,-1.468,0.075
1789331634,590174770,346.610,robot_0,-0.137,-1.428
1789331634,590217297,346.610,robot_2,0.680,1.995
1789331634,806911988,346.827,robot_1,-1.468,0.075
1789331634,806980548,346.827,robot_0,-0.140,-1.426
1789331634,807015047,346.827,robot_2,0.680,1.996
1789331635,13014845,347.033,robot_1,-1.468,0.075
1789331635,13091339,347.033,robot_0,-0.164,-1.413
1789331635,13136166,347.033,robot_2,0.680,1.996
1789331635,215895939,347.236,robot_1,-1.468,0.074
1789331635,215970756,347.236,robot_0,-0.164,-1.413
1789331635,216015985,347.236,robot_2,0.681,1.996
1789331635,431857808,347.452,robot_1,-1.468,0.074
1789331635,431924837,347.452,robot_0,-0.172,-1.410
1789331635,431958537,347.452,robot_2,0.681,1.997
1789331635,639315890,347.659,robot_1,-1.468,0.074
1789331635,639384366,347.659,robot_0,-0.191,-1.401
1789331635,639427909,347.659,robot_2,0.681,1.997
1789331635,846653410,347.866,robot_1,-1.468,0.073
1789331635,846745990,347.867,robot_0,-0.165,-1.413
1789331635,846792550,347.867,robot_2,0.682,1.997
1789331636,63055278,348.083,robot_1,-1.467,0.073
1789331636,63123338,348.083,robot_0,-0.152,-1.418
1789331636,63169119,348.083,robot_2,0.682,1.997
1789331636,266924651,348.287,robot_1,-1.467,0.073
1789331636,266988214,348.287,robot_0,-0.152,-1.418
1789331636,267026545,348.287,robot_2,0.682,1.997
1789331636,467911920,348.488,robot_1,-1.467,0.073
1789331636,467974471,348.488,robot_0,-0.152,-1.418
1789331636,468010384,348.488,robot_2,0.683,2.007
1789331636,669935838,348.690,robot_1,-1.467,0.072
1789331636,670002741,348.690,robot_0,-0.152,-1.418
1789331636,670037855,348.690,robot_2,0.686,2.032
1789331636,875705132,348.896,robot_1,-1.466,0.072
1789331636,875766821,348.896,robot_0,-0.152,-1.419
1789331636,875801383,348.896,robot_2,0.686,2.032
1789331637,86213753,349.106,robot_1,-1.466,0.072
1789331637,86286957,349.106,robot_0,-0.152,-1.419
1789331637,86329245,349.106,robot_2,0.686,2.032
1789331637,289167387,349.309,robot_1,-1.466,0.072
1789331637,289239636,349.309,robot_0,-0.152,-1.419
1789331637,289278881,349.309,robot_2,0.685,2.032
1789331637,501118750,349.521,robot_1,-1.465,0.072
1789331637,501182354,349.521,robot_0,-0.152,-1.419
1789331637,501219868,349.521,robot_2,0.685,2.032
1789331637,701898193,349.722,robot_1,-1.465,0.072
1789331637,701970854,349.722,robot_0,-0.152,-1.420
1789331637,702009391,349.722,robot_2,0.685,2.032
1789331637,920653349,349.940,robot_1,-1.465,0.072
1789331637,920720012,349.941,robot_0,-0.152,-1.420
1789331637,920753898,349.941,robot_2,0.684,2.032
1789331638,131482930,350.151,robot_1,-1.464,0.072
1789331638,131538402,350.151,robot_0,-0.152,-1.420
1789331638,131570780,350.151,robot_2,0.684,2.031
1789331638,338947342,350.359,robot_1,-1.464,0.072
1789331638,339017303,350.359,robot_0,-0.152,-1.421
1789331638,339060217,350.359,robot_2,0.684,2.031
1789331638,540315918,350.560,robot_1,-1.464,0.072
1789331638,540387484,350.560,robot_0,-0.151,-1.421
1789331638,540428058,350.560,robot_2,0.684,2.031
1789331638,763266176,350.783,robot_1,-1.483,0.105
1789331638,763335642,350.783,robot_0,-0.151,-1.421
1789331638,763377044,350.783,robot_2,0.683,2.031
1789331638,991010658,351.011,robot_1,-1.499,0.132
1789331638,991082466,351.011,robot_0,-0.151,-1.421
1789331638,991125822,351.011,robot_2,0.683,2.030
1789331639,196743935,351.217,robot_1,-1.499,0.132
1789331639,196810404,351.217,robot_0,-0.150,-1.421
1789331639,196851307,351.217,robot_2,0.683,2.030
1789331639,415459004,351.435,robot_1,-1.499,0.132
1789331639,415523901,351.435,robot_0,-0.150,-1.421
1789331639,415574044,351.435,robot_2,0.683,2.030
1789331639,630186461,351.650,robot_1,-1.499,0.132
1789331639,630247716,351.650,robot_0,-0.150,-1.422
1789331639,630283077,351.650,robot_2,0.683,2.029
1789331639,848170221,351.868,robot_1,-1.499,0.132
1789331639,848240843,351.868,robot_0,-0.149,-1.422
1789331639,848273489,351.868,robot_2,0.683,2.029
1789331640,50965721,352.071,robot_1,-1.515,0.152
1789331640,51037951,352.071,robot_0,-0.148,-1.430
1789331640,51080040,352.071,robot_2,0.683,2.029
1789331640,257453249,352.277,robot_1,-1.544,0.190
1789331640,257520250,352.277,robot_0,-0.144,-1.462
1789331640,269426119,352.289,robot_2,0.684,2.028
1789331640,468145410,352.488,robot_1,-1.566,0.218
1789331640,468217251,352.488,robot_0,-0.140,-1.485
1789331640,468259606,352.488,robot_2,0.684,2.028
1789331640,690744491,352.711,robot_1,-1.562,0.214
1789331640,690813164,352.711,robot_0,-0.138,-1.502
1789331640,690845065,352.711,robot_2,0.684,2.028
1789331640,892073424,352.912,robot_1,-1.546,0.192
1789331640,892145904,352.912,robot_0,-0.138,-1.502
1789331640,892189540,352.912,robot_2,0.684,2.028
1789331641,130489732,353.150,robot_1,-1.529,0.167
1789331641,136778645,353.157,robot_0,-0.137,-1.502
1789331641,136886326,353.157,robot_2,0.684,2.028
1789331641,341668746,353.361,robot_1,-1.518,0.145
1789331641,341738858,353.362,robot_0,-0.137,-1.502
1789331641,341780270,353.362,robot_2,0.672,2.012
1789331641,551006229,353.571,robot_1,-1.510,0.123
1789331641,551065242,353.571,robot_0,-0.137,-1.502
1789331641,551098905,353.571,robot_2,0.652,1.984
1789331641,774906514,353.795,robot_1,-1.510,0.121
1789331641,774987106,353.795,robot_0,-0.136,-1.502
1789331641,775031855,353.795,robot_2,0.635,1.957
1789331641,986076181,354.006,robot_1,-1.508,0.141
1789331641,986143294,354.006,robot_0,-0.136,-1.501
1789331641,986185061,354.006,robot_2,0.627,1.946
1789331642,199367856,354.219,robot_1,-1.502,0.176
1789331642,199431690,354.219,robot_0,-0.136,-1.501
1789331642,199474475,354.219,robot_2,0.627,1.946
1789331642,413694459,354.434,robot_1,-1.501,0.180
1789331642,413768961,354.434,robot_0,-0.136,-1.501
1789331642,413812159,354.434,robot_2,0.627,1.946
1789331642,623987561,354.644,robot_1,-1.489,0.209
1789331642,624062040,354.649,robot_0,-0.136,-1.500
1789331642,629489142,354.649,robot_2,0.627,1.947
1789331642,830251894,354.850,robot_1,-1.472,0.240
1789331642,830333392,354.850,robot_0,-0.144,-1.500
1789331642,830380080,354.850,robot_2,0.627,1.947
1789331643,47388255,355.067,robot_1,-1.445,0.284
1789331643,47455349,355.067,robot_0,-0.193,-1.499
1789331643,47491102,355.067,robot_2,0.627,1.947
1789331643,256748718,355.277,robot_1,-1.433,0.303
1789331643,256812955,355.277,robot_0,-0.229,-1.499
1789331643,256843623,355.277,robot_2,0.626,1.948
1789331643,480951621,355.501,robot_1,-1.433,0.303
1789331643,481018629,355.501,robot_0,-0.283,-1.500
1789331643,481055630,355.501,robot_2,0.626,1.948
1789331643,689088019,355.709,robot_1,-1.433,0.303
1789331643,689147873,355.709,robot_0,-0.324,-1.500
1789331643,689180370,355.709,robot_2,0.627,1.949
1789331643,903050158,355.923,robot_1,-1.432,0.303
1789331643,903119729,355.923,robot_0,-0.333,-1.500
1789331643,903157076,355.923,robot_2,0.627,1.949
1789331644,136434718,356.156,robot_1,-1.432,0.303
1789331644,136506643,356.156,robot_0,-0.333,-1.500
1789331644,136546673,356.156,robot_2,0.627,1.950
1789331644,351039898,356.371,robot_1,-1.431,0.303
1789331644,351128318,356.371,robot_0,-0.333,-1.500
1789331644,355420641,356.375,robot_2,0.627,1.950
1789331644,602116412,356.622,robot_1,-1.429,0.305
1789331644,602184221,356.622,robot_0,-0.333,-1.500
1789331644,602219446,356.622,robot_2,0.627,1.950
1789331644,819289882,356.839,robot_1,-1.408,0.305
1789331644,819360281,356.839,robot_0,-0.361,-1.503
1789331644,819397852,356.839,robot_2,0.611,1.953
1789331645,30043956,357.050,robot_1,-1.392,0.278
1789331645,30110219,357.050,robot_0,-0.378,-1.505
1789331645,30139742,357.050,robot_2,0.580,1.958
1789331645,235551877,357.268,robot_1,-1.379,0.255
1789331645,248450665,357.268,robot_0,-0.378,-1.505
1789331645,248496594,357.268,robot_2,0.576,1.959
1789331645,452965786,357.473,robot_1,-1.361,0.222
1789331645,453029599,357.473,robot_0,-0.378,-1.505
1789331645,453058621,357.473,robot_2,0.576,1.958
1789331645,684452922,357.704,robot_1,-1.346,0.188
1789331645,684527362,357.704,robot_0,-0.378,-1.505
1789331645,684571106,357.704,robot_2,0.576,1.958
1789331645,906921016,357.927,robot_1,-1.342,0.174
1789331645,906992925,357.927,robot_0,-0.378,-1.505
1789331645,907028672,357.927,robot_2,0.576,1.958
1789331646,131649609,358.151,robot_1,-1.342,0.174
1789331646,131723752,358.152,robot_0,-0.354,-1.494
1789331646,131769735,358.152,robot_2,0.576,1.957
1789331646,363247721,358.383,robot_1,-1.343,0.174
1789331646,363320577,358.383,robot_0,-0.335,-1.485
1789331646,363359983,358.383,robot_2,0.577,1.957
1789331646,576696120,358.597,robot_1,-1.343,0.174
1789331646,576783299,358.597,robot_0,-0.337,-1.486
1789331646,576825624,358.597,robot_2,0.577,1.957
1789331646,777520231,358.797,robot_1,-1.342,0.174
1789331646,777596000,358.797,robot_0,-0.371,-1.509
1789331646,777624721,358.797,robot_2,0.577,1.957
1789331646,990664558,359.010,robot_1,-1.342,0.174
1789331646,990736057,359.011,robot_0,-0.371,-1.508
1789331646,990764434,359.011,robot_2,0.577,1.956
1789331647,202990541,359.223,robot_1,-1.342,0.174
1789331647,203051839,359.223,robot_0,-0.350,-1.493
1789331647,203078006,359.223,robot_2,0.578,1.956
1789331647,415220109,359.435,robot_1,-1.342,0.175
1789331647,415300653,359.435,robot_0,-0.329,-1.478
1789331647,415334060,359.435,robot_2,0.578,1.956
1789331647,615350808,359.635,robot_1,-1.341,0.175
1789331647,615418572,359.635,robot_0,-0.304,-1.461
1789331647,615454112,359.635,robot_2,0.578,1.956
1789331647,818145368,359.838,robot_1,-1.341,0.175
1789331647,818209332,359.838,robot_0,-0.284,-1.446
1789331647,818241225,359.838,robot_2,0.579,1.956
1789331648,33972116,360.054,robot_1,-1.341,0.175
1789331648,34050177,360.054,robot_0,-0.284,-1.446
1789331648,34093899,360.054,robot_2,0.579,1.956
1789331648,259087768,360.279,robot_1,-1.341,0.176
1789331648,259149254,360.279,robot_0,-0.284,-1.446
1789331648,259180172,360.279,robot_2,0.579,1.956
1789331648,489128519,360.509,robot_1,-1.341,0.176
1789331648,489205903,360.509,robot_0,-0.284,-1.447
1789331648,489242640,360.509,robot_2,0.579,1.957
1789331648,745641839,360.765,robot_1,-1.340,0.176
1789331648,745724383,360.766,robot_0,-0.284,-1.447
1789331648,745765165,360.766,robot_2,0.580,1.957
1789331648,974091562,360.994,robot_1,-1.340,0.177
1789331648,974158096,360.994,robot_0,-0.284,-1.448
1789331648,974194312,360.994,robot_2,0.580,1.957
1789331649,210813801,361.231,robot_1,-1.340,0.177
1789331649,210881505,361.231,robot_0,-0.284,-1.448
1789331649,210915072,361.231,robot_2,0.580,1.957
1789331649,432865437,361.453,robot_1,-1.340,0.177
1789331649,432953146,361.453,robot_0,-0.284,-1.449
1789331649,432988072,361.453,robot_2,0.581,1.958
1789331649,635007233,361.655,robot_1,-1.341,0.178
1789331649,635075564,361.655,robot_0,-0.284,-1.449
1789331649,635106024,361.655,robot_2,0.581,1.958
1789331649,843159969,361.863,robot_1,-1.341,0.178
1789331649,843230988,361.863,robot_0,-0.285,-1.450
1789331649,843270878,361.863,robot_2,0.581,1.958
1789331650,44102670,362.070,robot_1,-1.341,0.178
1789331650,50702792,362.071,robot_0,-0.285,-1.450
1789331650,50738558,362.071,robot_2,0.581,1.958
1789331650,263112397,362.283,robot_1,-1.341,0.178
1789331650,263187721,362.283,robot_0,-0.285,-1.450
1789331650,263227531,362.283,robot_2,0.581,1.958
1789331650,473345765,362.493,robot_1,-1.341,0.179
1789331650,473416648,362.493,robot_0,-0.286,-1.450
1789331650,473451600,362.493,robot_2,0.581,1.958
1789331650,681002321,362.701,robot_1,-1.341,0.179
1789331650,681081164,362.701,robot_0,-0.287,-1.447
1789331650,681122003,362.701,robot_2,0.580,1.958
1789331650,884267315,362.904,robot_1,-1.342,0.178
1789331650,884344207,362.904,robot_0,-0.296,-1.414
1789331650,884382632,362.904,robot_2,0.554,1.973
1789331651,90982910,363.111,robot_1,-1.366,0.154
1789331651,91048922,363.111,robot_0,-0.302,-1.389
1789331651,91091584,363.111,robot_2,0.519,1.995
1789331651,299041999,363.319,robot_1,-1.389,0.131
1789331651,299105399,363.319,robot_0,-0.301,-1.393
1789331651,299139308,363.319,robot_2,0.487,2.016
1789331651,520844171,363.541,robot_1,-1.425,0.096
1789331651,520916710,363.541,robot_0,-0.301,-1.393
1789331651,520964022,363.541,robot_2,0.479,2.021
1789331651,733593801,363.753,robot_1,-1.433,0.087
1789331651,733663288,363.753,robot_0,-0.293,-1.417
1789331651,733698282,363.754,robot_2,0.477,2.023
1789331651,963057396,363.983,robot_1,-1.433,0.087
1789331651,963137596,363.983,robot_0,-0.288,-1.431
1789331651,963187695,363.983,robot_2,0.454,2.040
1789331652,168759570,364.189,robot_1,-1.444,0.076
1789331652,168820634,364.189,robot_0,-0.299,-1.398
1789331652,168857382,364.189,robot_2,0.459,2.037
1789331652,375668916,364.395,robot_1,-1.473,0.045
1789331652,375740337,364.396,robot_0,-0.302,-1.389
1789331652,375783015,364.396,robot_2,0.459,2.037
1789331652,582202674,364.602,robot_1,-1.475,0.043
1789331652,582282633,364.602,robot_0,-0.311,-1.358
1789331652,582328673,364.602,robot_2,0.459,2.037
1789331652,795817499,364.816,robot_1,-1.467,0.053
1789331652,795882343,364.816,robot_0,-0.319,-1.327
1789331652,795917954,364.816,robot_2,0.459,2.037
1789331653,11512385,365.031,robot_1,-1.445,0.074
1789331653,11581835,365.031,robot_0,-0.326,-1.304
1789331653,11615126,365.031,robot_2,0.459,2.038
1789331653,211913095,365.232,robot_1,-1.424,0.095
1789331653,211982840,365.232,robot_0,-0.340,-1.261
1789331653,212030101,365.232,robot_2,0.459,2.038
1789331653,458495496,365.478,robot_1,-1.402,0.115
1789331653,458554852,365.478,robot_0,-0.354,-1.218
1789331653,458601547,365.478,robot_2,0.459,2.038
1789331653,667672306,365.687,robot_1,-1.383,0.134
1789331653,667740652,365.688,robot_0,-0.356,-1.214
1789331653,667786929,365.688,robot_2,0.459,2.039
1789331653,879487725,365.899,robot_1,-1.383,0.135
1789331653,879551154,365.899,robot_0,-0.351,-1.228
1789331653,879607456,365.899,robot_2,0.459,2.039
1789331654,93201616,366.113,robot_1,-1.383,0.135
1789331654,93271088,366.113,robot_0,-0.351,-1.228
1789331654,93310635,366.113,robot_2,0.459,2.039
1789331654,311771654,366.332,robot_1,-1.383,0.135
1789331654,311852808,366.332,robot_0,-0.351,-1.228
1789331654,311902863,366.332,robot_2,0.458,2.040
1789331654,525308417,366.545,robot_1,-1.383,0.135
1789331654,525378636,366.545,robot_0,-0.351,-1.228
1789331654,525426396,366.545,robot_2,0.458,2.040
1789331654,767404266,366.787,robot_1,-1.383,0.135
1789331654,767467433,366.787,robot_0,-0.351,-1.228
1789331654,767511851,366.798,robot_2,0.458,2.040
1789331654,967531677,366.987,robot_1,-1.384,0.135
1789331654,967606345,366.987,robot_0,-0.350,-1.228
1789331654,967654052,366.987,robot_2,0.458,2.040
1789331655,212225822,367.232,robot_1,-1.384,0.135
1789331655,212295610,367.232,robot_0,-0.350,-1.228
1789331655,212335473,367.232,robot_2,0.457,2.040
1789331655,416732889,367.437,robot_1,-1.384,0.135
1789331655,416794832,367.437,robot_0,-0.350,-1.228
1789331655,416837086,367.437,robot_2,0.457,2.041
1789331655,668117373,367.688,robot_1,-1.385,0.135
1789331655,668190551,367.688,robot_0,-0.350,-1.227
1789331655,668238401,367.688,robot_2,0.457,2.041
1789331655,890574797,367.910,robot_1,-1.385,0.135
1789331655,890643972,367.910,robot_0,-0.350,-1.227
1789331655,890681914,367.910,robot_2,0.456,2.041
1789331656,113213578,368.133,robot_1,-1.385,0.135
1789331656,113283167,368.133,robot_0,-0.350,-1.226
1789331656,113321971,368.133,robot_2,0.456,2.041
1789331656,335233071,368.355,robot_1,-1.385,0.135
1789331656,335299938,368.355,robot_0,-0.349,-1.226
1789331656,335334136,368.355,robot_2,0.456,2.041
1789331656,555293280,368.575,robot_1,-1.386,0.134
1789331656,555368082,368.575,robot_0,-0.349,-1.226
1789331656,555416823,368.575,robot_2,0.451,2.054
1789331656,769360259,368.789,robot_1,-1.386,0.134
1789331656,769429110,368.789,robot_0,-0.350,-1.225
1789331656,769467800,368.789,robot_2,0.439,2.082
1789331656,978588320,368.998,robot_1,-1.386,0.134
1789331656,978653727,368.998,robot_0,-0.350,-1.225
1789331656,978696070,368.999,robot_2,0.438,2.085
1789331657,186098504,369.206,robot_1,-1.386,0.134
1789331657,186166202,369.206,robot_0,-0.350,-1.225
1789331657,186210503,369.206,robot_2,0.442,2.080
1789331657,388638075,369.408,robot_1,-1.386,0.133
1789331657,388707029,369.409,robot_0,-0.350,-1.225
1789331657,388755166,369.409,robot_2,0.465,2.050
1789331657,595970813,369.616,robot_1,-1.386,0.133
1789331657,596038142,369.616,robot_0,-0.350,-1.224
1789331657,596087711,369.616,robot_2,0.478,2.035
1789331657,808145723,369.828,robot_1,-1.386,0.133
1789331657,808216930,369.828,robot_0,-0.350,-1.224
1789331657,808262418,369.828,robot_2,0.478,2.034
1789331658,34633088,370.054,robot_1,-1.393,0.133
1789331658,34696685,370.055,robot_0,-0.350,-1.224
1789331658,34735225,370.055,robot_2,0.476,2.036
1789331658,244366996,370.264,robot_1,-1.423,0.133
1789331658,244429133,370.264,robot_0,-0.350,-1.224
1789331658,244466627,370.264,robot_2,0.452,2.055
1789331658,457883661,370.478,robot_1,-1.417,0.133
1789331658,457955515,370.478,robot_0,-0.351,-1.224
1789331658,458006039,370.478,robot_2,0.449,2.058
1789331658,677639548,370.697,robot_1,-1.370,0.133
1789331658,677706332,370.698,robot_0,-0.351,-1.224
1789331658,677752531,370.698,robot_2,0.449,2.058
1789331658,907643414,370.927,robot_1,-1.319,0.132
1789331658,907712755,370.928,robot_0,-0.350,-1.223
1789331658,907748633,370.928,robot_2,0.449,2.058
1789331659,110580921,371.130,robot_1,-1.280,0.132
1789331659,110660126,371.130,robot_0,-0.337,-1.206
1789331659,110706826,371.131,robot_2,0.449,2.057
1789331659,320442352,371.340,robot_1,-1.258,0.131
1789331659,320507060,371.340,robot_0,-0.330,-1.197
1789331659,331502688,371.351,robot_2,0.449,2.057
1789331659,542398906,371.562,robot_1,-1.270,0.132
1789331659,542472018,371.562,robot_0,-0.330,-1.197
1789331659,542505858,371.562,robot_2,0.449,2.056
1789331659,751655908,371.771,robot_1,-1.300,0.132
1789331659,756421248,371.776,robot_0,-0.328,-1.194
1789331659,756504374,371.776,robot_2,0.449,2.056
1789331659,956630105,371.976,robot_1,-1.305,0.132
1789331659,956701450,371.977,robot_0,-0.307,-1.169
1789331659,956735703,371.977,robot_2,0.449,2.056
1789331660,162033083,372.182,robot_1,-1.305,0.133
1789331660,162104882,372.182,robot_0,-0.288,-1.148
1789331660,162141315,372.182,robot_2,0.449,2.055
1789331660,389315067,372.409,robot_1,-1.274,0.126
1789331660,389393618,372.409,robot_0,-0.269,-1.125
1789331660,392374515,372.412,robot_2,0.449,2.055
1789331660,601537380,372.625,robot_1,-1.260,0.123
1789331660,604800759,372.625,robot_0,-0.268,-1.124
1789331660,604862543,372.625,robot_2,0.449,2.055
1789331660,808936007,372.829,robot_1,-1.260,0.123
1789331660,809003023,372.829,robot_0,-0.268,-1.124
1789331660,809040967,372.829,robot_2,0.450,2.055
1789331661,23573062,373.043,robot_1,-1.260,0.123
1789331661,23639820,373.043,robot_0,-0.268,-1.124
1789331661,23680805,373.043,robot_2,0.450,2.055
1789331661,252791156,373.273,robot_1,-1.260,0.122
1789331661,252862441,373.273,robot_0,-0.269,-1.124
1789331661,252905367,373.273,robot_2,0.450,2.054
1789331661,467195188,373.487,robot_1,-1.260,0.122
1789331661,467276509,373.487,robot_0,-0.269,-1.124
1789331661,467322719,373.487,robot_2,0.451,2.054
1789331661,667205748,373.687,robot_1,-1.260,0.122
1789331661,667276274,373.687,robot_0,-0.269,-1.124
1789331661,667309298,373.687,robot_2,0.451,2.054
1789331661,872593127,373.892,robot_1,-1.260,0.121
1789331661,879069567,373.899,robot_0,-0.270,-1.124
1789331661,879149044,373.899,robot_2,0.451,2.054
1789331662,74595041,374.094,robot_1,-1.259,0.121
1789331662,74670554,374.094,robot_0,-0.270,-1.124
1789331662,74709309,374.095,robot_2,0.451,2.054
1789331662,279454295,374.299,robot_1,-1.259,0.121
1789331662,279525863,374.299,robot_0,-0.270,-1.124
1789331662,279570833,374.299,robot_2,0.451,2.055
1789331662,488081309,374.508,robot_1,-1.259,0.121
1789331662,488152159,374.508,robot_0,-0.272,-1.123
1789331662,488197394,374.508,robot_2,0.448,2.082
1789331662,702106570,374.722,robot_1,-1.259,0.121
1789331662,702175441,374.722,robot_0,-0.292,-1.100
1789331662,702215268,374.722,robot_2,0.439,2.132
1789331662,905203552,374.925,robot_1,-1.259,0.120
1789331662,905271537,374.925,robot_0,-0.299,-1.092
1789331662,905313180,374.925,robot_2,0.433,2.167
1789331663,112478234,375.132,robot_1,-1.258,0.120
1789331663,112553550,375.132,robot_0,-0.299,-1.092
1789331663,112606546,375.132,robot_2,0.433,2.166
1789331663,312965054,375.333,robot_1,-1.258,0.120
1789331663,313043420,375.333,robot_0,-0.300,-1.092
1789331663,313089741,375.333,robot_2,0.440,2.138
1789331663,514774447,375.535,robot_1,-1.258,0.120
1789331663,514849121,375.535,robot_0,-0.300,-1.092
1789331663,514895723,375.535,robot_2,0.440,2.136
1789331663,734525569,375.754,robot_1,-1.258,0.120
1789331663,734597022,375.754,robot_0,-0.300,-1.092
1789331663,734629064,375.754,robot_2,0.433,2.166
1789331663,935285033,375.955,robot_1,-1.257,0.120
1789331663,935360087,375.955,robot_0,-0.300,-1.093
1789331663,935400662,375.955,robot_2,0.433,2.166
1789331664,137344758,376.157,robot_1,-1.257,0.120
1789331664,137419938,376.157,robot_0,-0.300,-1.093
1789331664,137461466,376.157,robot_2,0.434,2.166
1789331664,344110037,376.364,robot_1,-1.257,0.120
1789331664,344182002,376.364,robot_0,-0.300,-1.093
1789331664,344226573,376.364,robot_2,0.444,2.138
1789331664,568039822,376.588,robot_1,-1.257,0.120
1789331664,568120516,376.588,robot_0,-0.300,-1.094
1789331664,568161687,376.588,robot_2,0.446,2.135
1789331664,779338936,376.799,robot_1,-1.251,0.103
1789331664,779402024,376.799,robot_0,-0.300,-1.094
1789331664,779436763,376.799,robot_2,0.440,2.150
1789331664,990421250,377.010,robot_1,-1.239,0.071
1789331664,990494300,377.014,robot_0,-0.300,-1.094
1789331664,994326408,377.014,robot_2,0.436,2.159
1789331665,228317302,377.248,robot_1,-1.228,0.041
1789331665,228388290,377.248,robot_0,-0.299,-1.094
1789331665,228429229,377.248,robot_2,0.422,2.193
1789331665,428429819,377.448,robot_1,-1.225,0.032
1789331665,428507739,377.448,robot_0,-0.299,-1.095
1789331665,428553328,377.448,robot_2,0.427,2.181
1789331665,638141716,377.658,robot_1,-1.225,0.032
1789331665,638213872,377.658,robot_0,-0.299,-1.095
1789331665,638251214,377.658,robot_2,0.440,2.149
1789331665,853703490,377.874,robot_1,-1.225,0.032
1789331665,853784779,377.874,robot_0,-0.299,-1.095
1789331665,853831826,377.874,robot_2,0.452,2.122
1789331666,65998404,378.086,robot_1,-1.224,0.033
1789331666,66074014,378.086,robot_0,-0.298,-1.095
1789331666,66122445,378.086,robot_2,0.462,2.096
1789331666,266878348,378.287,robot_1,-1.224,0.033
1789331666,266955910,378.287,robot_0,-0.298,-1.095
1789331666,266993878,378.287,robot_2,0.468,2.082
1789331666,485097697,378.505,robot_1,-1.224,0.033
1789331666,485169129,378.505,robot_0,-0.298,-1.095
1789331666,485213113,378.505,robot_2,0.468,2.082
1789331666,711611486,378.731,robot_1,-1.224,0.034
1789331666,711726379,378.732,robot_0,-0.298,-1.095
1789331666,711774014,378.732,robot_2,0.468,2.082
1789331666,916046650,378.936,robot_1,-1.224,0.034
1789331666,916124015,378.936,robot_0,-0.298,-1.089
1789331666,916164658,378.936,robot_2,0.469,2.082
1789331667,119676011,379.140,robot_1,-1.224,0.034
1789331667,119765550,379.140,robot_0,-0.302,-1.049
1789331667,119813462,379.140,robot_2,0.469,2.082
1789331667,336203804,379.356,robot_1,-1.224,0.035
1789331667,336282350,379.356,robot_0,-0.305,-1.029
1789331667,336327004,379.356,robot_2,0.469,2.083
1789331667,549603093,379.569,robot_1,-1.224,0.035
1789331667,549671032,379.569,robot_0,-0.303,-1.042
1789331667,549706824,379.570,robot_2,0.469,2.083
1789331667,750917124,379.771,robot_1,-1.205,0.038
1789331667,750989392,379.771,robot_0,-0.298,-1.071
1789331667,751030559,379.771,robot_2,0.469,2.083
1789331667,953308896,379.973,robot_1,-1.184,0.042
1789331667,953386727,379.973,robot_0,-0.297,-1.076
1789331667,953432605,379.973,robot_2,0.469,2.084
1789331668,166904359,380.187,robot_1,-1.184,0.042
1789331668,166975810,380.187,robot_0,-0.298,-1.076
1789331668,167009897,380.187,robot_2,0.469,2.084
1789331668,388504172,380.408,robot_1,-1.184,0.042
1789331668,388615985,380.408,robot_0,-0.297,-1.078
1789331668,388660173,380.408,robot_2,0.451,2.081
1789331668,595222304,380.615,robot_1,-1.184,0.042
1789331668,595371546,380.615,robot_0,-0.293,-1.105
1789331668,595445800,380.615,robot_2,0.418,2.073
1789331668,813093729,380.833,robot_1,-1.184,0.042
1789331668,813162724,380.833,robot_0,-0.290,-1.133
1789331668,813198778,380.833,robot_2,0.412,2.072
1789331669,18399083,381.038,robot_1,-1.185,0.043
1789331669,18479010,381.038,robot_0,-0.286,-1.156
1789331669,18524456,381.043,robot_2,0.372,2.062
1789331669,237732238,381.258,robot_1,-1.185,0.043
1789331669,237796610,381.258,robot_0,-0.286,-1.156
1789331669,237831340,381.258,robot_2,0.371,2.062
1789331669,468194182,381.488,robot_1,-1.185,0.043
1789331669,468269999,381.488,robot_0,-0.286,-1.155
1789331669,468312085,381.488,robot_2,0.399,2.071
1789331669,683364879,381.703,robot_1,-1.185,0.043
1789331669,683444398,381.703,robot_0,-0.286,-1.155
1789331669,683488907,381.703,robot_2,0.402,2.072
1789331669,889657988,381.909,robot_1,-1.186,0.043
1789331669,889732484,381.910,robot_0,-0.285,-1.155
1789331669,889771837,381.910,robot_2,0.400,2.071
1789331670,105354520,382.125,robot_1,-1.186,0.043
1789331670,105431691,382.125,robot_0,-0.285,-1.155
1789331670,105475402,382.125,robot_2,0.365,2.059
1789331670,312702030,382.333,robot_1,-1.187,0.043
1789331670,312778602,382.333,robot_0,-0.285,-1.154
1789331670,312816844,382.333,robot_2,0.346,2.052
1789331670,527408016,382.547,robot_1,-1.187,0.043
1789331670,527472920,382.547,robot_0,-0.285,-1.154
1789331670,527506258,382.547,robot_2,0.346,2.053
1789331670,741886652,382.762,robot_1,-1.187,0.043
1789331670,741947912,382.762,robot_0,-0.285,-1.154
1789331670,741978450,382.762,robot_2,0.345,2.053
1789331670,973571832,382.993,robot_1,-1.187,0.043
1789331670,973637233,382.993,robot_0,-0.285,-1.153
1789331670,973673924,382.993,robot_2,0.345,2.053
1789331671,195710228,383.216,robot_1,-1.188,0.043
1789331671,195788728,383.216,robot_0,-0.281,-1.153
1789331671,195831688,383.216,robot_2,0.345,2.053
1789331671,413174490,383.433,robot_1,-1.188,0.043
1789331671,413240799,383.433,robot_0,-0.252,-1.149
1789331671,413274064,383.433,robot_2,0.345,2.054
1789331671,625796975,383.646,robot_1,-1.188,0.042
1789331671,625861588,383.646,robot_0,-0.256,-1.150
1789331671,625898111,383.646,robot_2,0.344,2.054
1789331671,853763080,383.874,robot_1,-1.189,0.042
1789331671,853848142,383.874,robot_0,-0.262,-1.150
1789331671,853885766,383.874,robot_2,0.344,2.054
1789331672,57581334,384.077,robot_1,-1.205,0.052
1789331672,57653128,384.077,robot_0,-0.262,-1.150
1789331672,57694284,384.078,robot_2,0.344,2.054
1789331672,268288558,384.288,robot_1,-1.211,0.055
1789331672,268368064,384.288,robot_0,-0.262,-1.150
1789331672,268415019,384.288,robot_2,0.343,2.054
1789331672,484791937,384.505,robot_1,-1.222,0.061
1789331672,484863277,384.505,robot_0,-0.262,-1.149
1789331672,484899925,384.505,robot_2,0.343,2.054
1789331672,703702847,384.724,robot_1,-1.246,0.073
1789331672,703767364,384.724,robot_0,-0.262,-1.149
1789331672,703804731,384.724,robot_2,0.343,2.054
1789331672,921746547,384.942,robot_1,-1.241,0.070
1789331672,921811854,384.942,robot_0,-0.262,-1.149
1789331672,921849332,384.942,robot_2,0.342,2.054
1789331673,147276815,385.167,robot_1,-1.199,0.046
1789331673,147353856,385.167,robot_0,-0.263,-1.149
1789331673,147401795,385.167,robot_2,0.342,2.053
1789331673,348763315,385.369,robot_1,-1.165,0.026
1789331673,348841975,385.369,robot_0,-0.263,-1.149
1789331673,348878123,385.369,robot_2,0.342,2.053
1789331673,552143670,385.572,robot_1,-1.124,0.002
1789331673,552219519,385.572,robot_0,-0.263,-1.148
1789331673,552258215,385.572,robot_2,0.341,2.053
1789331673,759389757,385.779,robot_1,-1.120,-0.000
1789331673,759466119,385.779,robot_0,-0.264,-1.148
1789331673,759512933,385.779,robot_2,0.341,2.053
1789331673,972748327,385.993,robot_1,-1.119,-0.000
1789331673,972817479,385.993,robot_0,-0.264,-1.148
1789331673,972855245,385.993,robot_2,0.341,2.052
1789331674,186956001,386.207,robot_1,-1.119,-0.000
1789331674,187032463,386.207,robot_0,-0.264,-1.148
1789331674,187077581,386.207,robot_2,0.341,2.052
1789331674,398725394,386.419,robot_1,-1.119,-0.000
1789331674,398806565,386.419,robot_0,-0.265,-1.148
1789331674,398852308,386.419,robot_2,0.341,2.052
1789331674,616764575,386.637,robot_1,-1.119,0.000
1789331674,620896117,386.641,robot_0,-0.265,-1.149
1789331674,621001042,386.641,robot_2,0.370,2.040
1789331674,819857723,386.840,robot_1,-1.119,-0.000
1789331674,819936392,386.840,robot_0,-0.265,-1.149
1789331674,819978152,386.840,robot_2,0.409,2.024
1789331675,33999101,387.054,robot_1,-1.119,-0.000
1789331675,34072474,387.054,robot_0,-0.265,-1.149
1789331675,34116218,387.054,robot_2,0.449,2.008
1789331675,240669987,387.260,robot_1,-1.120,-0.001
1789331675,240740371,387.261,robot_0,-0.266,-1.149
1789331675,240775800,387.261,robot_2,0.460,2.003
1789331675,457826157,387.478,robot_1,-1.120,-0.001
1789331675,457902274,387.478,robot_0,-0.266,-1.149
1789331675,457939234,387.478,robot_2,0.496,1.991
1789331675,662023901,387.682,robot_1,-1.120,-0.001
1789331675,662098129,387.682,robot_0,-0.266,-1.150
1789331675,662141888,387.682,robot_2,0.535,1.977
1789331675,864602476,387.884,robot_1,-1.120,-0.001
1789331675,864677573,387.884,robot_0,-0.266,-1.150
1789331675,864723801,387.885,robot_2,0.572,1.964
1789331676,86458097,388.106,robot_1,-1.120,-0.002
1789331676,86542065,388.106,robot_0,-0.265,-1.150
1789331676,92500825,388.112,robot_2,0.615,1.950
1789331676,320266241,388.340,robot_1,-1.120,-0.002
1789331676,320339537,388.340,robot_0,-0.224,-1.165
1789331676,320379820,388.340,robot_2,0.666,1.932
1789331676,530187678,388.550,robot_1,-1.119,-0.002
1789331676,530261330,388.550,robot_0,-0.178,-1.179
1789331676,530297836,388.550,robot_2,0.710,1.916
1789331676,731680971,388.752,robot_1,-1.119,-0.003
1789331676,731763012,388.752,robot_0,-0.145,-1.188
1789331676,731809291,388.752,robot_2,0.722,1.913
1789331676,946424125,388.966,robot_1,-1.119,-0.003
1789331676,946494495,388.966,robot_0,-0.143,-1.189
1789331676,946526471,388.966,robot_2,0.721,1.912
1789331677,175952777,389.196,robot_1,-1.119,-0.003
1789331677,176034800,389.196,robot_0,-0.105,-1.203
1789331677,176072573,389.196,robot_2,0.721,1.912
1789331677,381302050,389.401,robot_1,-1.119,-0.003
1789331677,381375795,389.401,robot_0,-0.099,-1.205
1789331677,381414841,389.401,robot_2,0.721,1.912
1789331677,601593130,389.621,robot_1,-1.118,-0.003
1789331677,601664401,389.621,robot_0,-0.101,-1.205
1789331677,601701735,389.622,robot_2,0.721,1.912
1789331677,807292902,389.827,robot_1,-1.118,-0.004
1789331677,807371056,389.827,robot_0,-0.127,-1.191
1789331677,807417925,389.827,robot_2,0.722,1.911
1789331678,20738469,390.041,robot_1,-1.118,-0.004
1789331678,20815783,390.041,robot_0,-0.135,-1.187
1789331678,20863115,390.041,robot_2,0.722,1.911
1789331678,240632372,390.260,robot_1,-1.118,-0.004
1789331678,240708960,390.261,robot_0,-0.110,-1.199
1789331678,240747824,390.261,robot_2,0.722,1.911
1789331678,456880368,390.478,robot_1,-1.118,-0.004
1789331678,457949257,390.478,robot_0,-0.083,-1.211
1789331678,458004883,390.478,robot_2,0.722,1.910
1789331678,673752592,390.694,robot_1,-1.118,-0.004
1789331678,673821477,390.694,robot_0,-0.081,-1.212
1789331678,673863702,390.694,robot_2,0.722,1.910
1789331678,880805979,390.901,robot_1,-1.118,-0.004
1789331678,880877371,390.901,robot_0,-0.081,-1.212
1789331678,880915429,390.901,robot_2,0.722,1.910
1789331679,84116710,391.104,robot_1,-1.115,0.002
1789331679,84186277,391.104,robot_0,-0.081,-1.212
1789331679,84223001,391.104,robot_2,0.723,1.910
1789331679,297836186,391.318,robot_1,-1.091,0.039
1789331679,297906269,391.318,robot_0,-0.081,-1.213
1789331679,297945591,391.318,robot_2,0.723,1.910
1789331679,504752104,391.525,robot_1,-1.088,0.043
1789331679,504821840,391.525,robot_0,-0.081,-1.213
1789331679,504859031,391.525,robot_2,0.723,1.910
1789331679,706569343,391.726,robot_1,-1.088,0.043
1789331679,706644783,391.726,robot_0,-0.081,-1.213
1789331679,706686600,391.726,robot_2,0.724,1.910
1789331679,925993202,391.946,robot_1,-1.088,0.043
1789331679,926069474,391.946,robot_0,-0.081,-1.213
1789331679,926113951,391.946,robot_2,0.724,1.910
1789331680,132498482,392.152,robot_1,-1.074,0.056
1789331680,137259670,392.157,robot_0,-0.081,-1.214
1789331680,137342542,392.157,robot_2,0.724,1.910
1789331680,346145476,392.366,robot_1,-1.048,0.079
1789331680,346223174,392.366,robot_0,-0.081,-1.214
1789331680,346268566,392.366,robot_2,0.725,1.910
1789331680,564649904,392.585,robot_1,-1.066,0.064
1789331680,564780609,392.585,robot_0,-0.080,-1.214
1789331680,564825412,392.585,robot_2,0.727,1.904
1789331680,779320224,392.799,robot_1,-1.085,0.047
1789331680,779400654,392.799,robot_0,-0.080,-1.215
1789331680,779448869,392.799,robot_2,0.737,1.884
1789331681,5027611,393.025,robot_1,-1.087,0.045
1789331681,5131115,393.025,robot_0,-0.080,-1.215
1789331681,5181537,393.025,robot_2,0.737,1.883
1789331681,205309420,393.225,robot_1,-1.080,0.051
1789331681,205384237,393.225,robot_0,-0.080,-1.215
1789331681,205422949,393.228,robot_2,0.737,1.883
1789331681,411770499,393.432,robot_1,-1.080,0.052
1789331681,411846870,393.432,robot_0,-0.079,-1.215
1789331681,411889890,393.432,robot_2,0.737,1.883
1789331681,628601267,393.648,robot_1,-1.080,0.052
1789331681,628704155,393.649,robot_0,-0.079,-1.215
1789331681,628744575,393.649,robot_2,0.734,1.888
1789331681,835976717,393.856,robot_1,-1.080,0.052
1789331681,836046542,393.856,robot_0,-0.079,-1.215
1789331681,836082452,393.856,robot_2,0.708,1.917
1789331682,39034116,394.059,robot_1,-1.080,0.051
1789331682,39099566,394.059,robot_0,-0.078,-1.215
1789331682,39133037,394.059,robot_2,0.697,1.930
1789331682,246272053,394.266,robot_1,-1.080,0.051
1789331682,246346546,394.266,robot_0,-0.078,-1.215
1789331682,246386910,394.266,robot_2,0.670,1.960
1789331682,456762959,394.477,robot_1,-1.079,0.051
1789331682,456832670,394.477,robot_0,-0.078,-1.215
1789331682,456876672,394.477,robot_2,0.650,1.983
1789331682,676597126,394.696,robot_1,-1.079,0.051
1789331682,676663449,394.696,robot_0,-0.076,-1.220
1789331682,676700909,394.697,robot_2,0.649,1.984
1789331682,889883583,394.910,robot_1,-1.079,0.051
1789331682,889965733,394.910,robot_0,-0.068,-1.253
1789331682,890012262,394.910,robot_2,0.649,1.984
1789331683,104478788,395.124,robot_1,-1.078,0.051
1789331683,104568050,395.124,robot_0,-0.060,-1.282
1789331683,104606417,395.124,robot_2,0.649,1.984
1789331683,312336427,395.332,robot_1,-1.078,0.051
1789331683,312408751,395.332,robot_0,-0.052,-1.313
1789331683,312445561,395.332,robot_2,0.649,1.985
1789331683,551128586,395.571,robot_1,-1.078,0.051
1789331683,551206784,395.571,robot_0,-0.051,-1.314
1789331683,551251678,395.571,robot_2,0.650,1.985
1789331683,761812868,395.782,robot_1,-1.077,0.051
1789331683,764628275,395.784,robot_0,-0.051,-1.314
1789331683,764706136,395.785,robot_2,0.650,1.985
1789331683,962452299,395.982,robot_1,-1.077,0.051
1789331683,962532584,395.982,robot_0,-0.051,-1.314
1789331683,962574891,395.982,robot_2,0.650,1.986
1789331684,171987190,396.192,robot_1,-1.077,0.052
1789331684,172062204,396.192,robot_0,-0.051,-1.313
1789331684,172107634,396.192,robot_2,0.650,1.986
1789331684,375805755,396.396,robot_1,-1.077,0.052
1789331684,375872866,396.396,robot_0,-0.050,-1.313
1789331684,375911776,396.396,robot_2,0.649,1.986
1789331684,577835506,396.598,robot_1,-1.076,0.052
1789331684,577896105,396.598,robot_0,-0.050,-1.313
1789331684,577928186,396.598,robot_2,0.649,1.987
1789331684,778649441,396.798,robot_1,-1.076,0.052
1789331684,778714593,396.799,robot_0,-0.050,-1.312
1789331684,778755652,396.799,robot_2,0.649,1.987
1789331685,9387010,397.029,robot_1,-1.076,0.053
1789331685,9452535,397.029,robot_0,-0.050,-1.312
1789331685,9497681,397.029,robot_2,0.649,1.987
1789331685,219103782,397.239,robot_1,-1.076,0.053
1789331685,219179320,397.239,robot_0,-0.050,-1.312
1789331685,219225959,397.239,robot_2,0.649,1.987
1789331685,438323290,397.458,robot_1,-1.063,0.052
1789331685,438398893,397.458,robot_0,-0.050,-1.311
1789331685,438435166,397.458,robot_2,0.648,1.988
1789331685,647645828,397.667,robot_1,-1.031,0.050
1789331685,647718490,397.668,robot_0,-0.050,-1.311
1789331685,647763699,397.668,robot_2,0.648,1.988
1789331685,850998660,397.871,robot_1,-1.002,0.048
1789331685,851063348,397.871,robot_0,-0.050,-1.311
1789331685,851099059,397.871,robot_2,0.648,1.988
1789331686,76029302,398.096,robot_1,-0.982,0.046
1789331686,76099467,398.096,robot_0,-0.040,-1.305
1789331686,76138421,398.096,robot_2,0.647,1.988
1789331686,295637246,398.315,robot_1,-0.982,0.046
1789331686,295712983,398.316,robot_0,-0.027,-1.297
1789331686,295748951,398.316,robot_2,0.647,1.988
1789331686,499045729,398.519,robot_1,-0.982,0.046
1789331686,499117214,398.519,robot_0,-0.027,-1.297
1789331686,499156361,398.519,robot_2,0.647,1.988
1789331686,722485250,398.742,robot_1,-0.983,0.045
1789331686,722552775,398.742,robot_0,-0.016,-1.285
1789331686,722597845,398.742,robot_2,0.647,1.984
1789331686,925179124,398.945,robot_1,-0.983,0.045
1789331686,925251013,398.945,robot_0,-0.002,-1.268
1789331686,925291373,398.945,robot_2,0.653,1.952
1789331687,139654628,399.159,robot_1,-0.983,0.045
1789331687,139722783,399.160,robot_0,-0.004,-1.272
1789331687,139758861,399.160,robot_2,0.654,1.944
1789331687,347852325,399.368,robot_1,-0.983,0.045
1789331687,347923522,399.368,robot_0,-0.022,-1.304
1789331687,347958351,399.368,robot_2,0.654,1.945
1789331687,564779467,399.585,robot_1,-0.984,0.044
1789331687,564846775,399.585,robot_0,-0.029,-1.318
1789331687,564885304,399.585,robot_2,0.654,1.945
1789331687,774185564,399.794,robot_1,-0.984,0.044
1789331687,774255913,399.794,robot_0,-0.026,-1.310
1789331687,774292092,399.794,robot_2,0.654,1.945
1789331687,986814135,400.007,robot_1,-0.985,0.044
1789331687,986881597,400.007,robot_0,-0.042,-1.344
1789331687,986915100,400.007,robot_2,0.657,1.920
1789331688,191419073,400.211,robot_1,-0.985,0.044
1789331688,191492157,400.211,robot_0,-0.045,-1.350
1789331688,191536157,400.211,robot_2,0.660,1.886
1789331688,412646478,400.432,robot_1,-0.985,0.041
1789331688,418644566,400.438,robot_0,-0.061,-1.389
1789331688,418719373,400.439,robot_2,0.660,1.890
1789331688,620276755,400.640,robot_1,-0.987,0.010
1789331688,620357751,400.640,robot_0,-0.067,-1.406
1789331688,620390769,400.640,robot_2,0.660,1.888
1789331688,842681973,400.863,robot_1,-0.988,-0.001
1789331688,842756803,400.863,robot_0,-0.057,-1.380
1789331688,842796218,400.863,robot_2,0.664,1.845
1789331689,55299469,401.075,robot_1,-0.988,-0.001
1789331689,55376669,401.075,robot_0,-0.051,-1.364
1789331689,55418227,401.075,robot_2,0.668,1.802
1789331689,261517613,401.281,robot_1,-0.988,-0.001
1789331689,267642253,401.287,robot_0,-0.051,-1.364
1789331689,267717741,401.288,robot_2,0.669,1.792
1789331689,476524568,401.496,robot_1,-0.988,-0.001
1789331689,476608853,401.496,robot_0,-0.051,-1.364
1789331689,476642313,401.496,robot_2,0.669,1.792
1789331689,681086431,401.701,robot_1,-0.988,-0.001
1789331689,681156756,401.701,robot_0,-0.051,-1.364
1789331689,681185029,401.701,robot_2,0.669,1.792
1789331689,885290540,401.912,robot_1,-0.988,-0.001
1789331689,891824971,401.912,robot_0,-0.052,-1.364
1789331689,891887245,401.912,robot_2,0.668,1.792
1789331690,88163416,402.108,robot_1,-0.988,-0.001
1789331690,88233294,402.108,robot_0,-0.052,-1.364
1789331690,88268529,402.108,robot_2,0.668,1.792
1789331690,319168903,402.339,robot_1,-0.988,-0.001
1789331690,319237150,402.339,robot_0,-0.052,-1.364
1789331690,319272870,402.339,robot_2,0.668,1.792
1789331690,534455662,402.554,robot_1,-0.989,-0.001
1789331690,534522101,402.554,robot_0,-0.052,-1.364
1789331690,534567760,402.554,robot_2,0.667,1.791
1789331690,748508596,402.768,robot_1,-0.989,-0.001
1789331690,748583881,402.768,robot_0,-0.053,-1.365
1789331690,748615416,402.768,robot_2,0.667,1.791
1789331690,980780359,403.001,robot_1,-0.989,-0.001
1789331690,980849448,403.001,robot_0,-0.053,-1.365
1789331690,980881292,403.001,robot_2,0.667,1.791
1789331691,200931563,403.221,robot_1,-0.990,-0.000
1789331691,201005088,403.221,robot_0,-0.053,-1.365
1789331691,201043578,403.221,robot_2,0.667,1.790
1789331691,413588339,403.433,robot_1,-1.015,-0.013
1789331691,413656557,403.433,robot_0,-0.053,-1.365
1789331691,413691809,403.434,robot_2,0.667,1.790
1789331691,634123730,403.654,robot_1,-1.024,-0.017
1789331691,634201452,403.654,robot_0,-0.054,-1.366
1789331691,634240238,403.654,robot_2,0.667,1.790
1789331691,838909456,403.859,robot_1,-0.990,-0.003
1789331691,838977174,403.859,robot_0,-0.054,-1.366
1789331691,839010096,403.859,robot_2,0.667,1.789
1789331692,39539385,404.059,robot_1,-0.953,0.011
1789331692,39617288,404.059,robot_0,-0.054,-1.366
1789331692,39652360,404.059,robot_2,0.667,1.789
1789331692,273863104,404.294,robot_1,-0.952,0.012
1789331692,273938539,404.294,robot_0,-0.054,-1.367
1789331692,273974507,404.294,robot_2,0.667,1.789
1789331692,485511684,404.505,robot_1,-0.952,0.012
1789331692,485587725,404.505,robot_0,-0.054,-1.367
1789331692,485620958,404.505,robot_2,0.667,1.788
1789331692,711252823,404.731,robot_1,-0.968,0.006
1789331692,711329247,404.731,robot_0,-0.054,-1.367
1789331692,711369880,404.731,robot_2,0.668,1.788
1789331692,914135105,404.934,robot_1,-0.993,-0.004
1789331692,914214105,404.934,robot_0,-0.057,-1.369
1789331692,914253020,404.934,robot_2,0.668,1.788
1789331693,115021925,405.135,robot_1,-0.999,-0.006
1789331693,115095885,405.135,robot_0,-0.081,-1.380
1789331693,115137646,405.135,robot_2,0.687,1.812
1789331693,332918755,405.353,robot_1,-0.999,-0.006
1789331693,332989588,405.353,robot_0,-0.114,-1.395
1789331693,333024285,405.353,robot_2,0.711,1.844
1789331693,555302416,405.575,robot_1,-1.011,-0.009
1789331693,555382595,405.575,robot_0,-0.143,-1.408
1789331693,555425765,405.575,robot_2,0.711,1.845
1789331693,770946113,405.791,robot_1,-1.036,-0.015
1789331693,771018561,405.791,robot_0,-0.167,-1.419
1789331693,771051698,405.791,robot_2,0.711,1.845
1789331693,981197379,406.001,robot_1,-1.072,-0.022
1789331693,981275437,406.001,robot_0,-0.198,-1.433
1789331693,981313964,406.001,robot_2,0.708,1.842
1789331694,189183355,406.209,robot_1,-1.099,-0.029
1789331694,189261709,406.209,robot_0,-0.201,-1.434
1789331694,189302679,406.209,robot_2,0.688,1.821
1789331694,396034987,406.416,robot_1,-1.102,-0.029
1789331694,396133553,406.416,robot_0,-0.201,-1.434
1789331694,396165791,406.416,robot_2,0.673,1.805
1789331694,595933942,406.616,robot_1,-1.102,-0.029
1789331694,596000186,406.616,robot_0,-0.201,-1.434
1789331694,596029368,406.616,robot_2,0.651,1.782
1789331694,813128517,406.833,robot_1,-1.102,-0.029
1789331694,813198864,406.833,robot_0,-0.201,-1.434
1789331694,813235668,406.833,robot_2,0.643,1.774
1789331695,30455966,407.050,robot_1,-1.102,-0.028
1789331695,30527354,407.050,robot_0,-0.201,-1.433
1789331695,48762315,407.069,robot_2,0.643,1.774
1789331695,255349533,407.275,robot_1,-1.102,-0.028
1789331695,255427001,407.275,robot_0,-0.201,-1.433
1789331695,255467864,407.275,robot_2,0.643,1.774
1789331695,478876382,407.499,robot_1,-1.102,-0.028
1789331695,478957711,407.499,robot_0,-0.201,-1.432
1789331695,478998759,407.499,robot_2,0.643,1.774
1789331695,700184840,407.720,robot_1,-1.101,-0.027
1789331695,700267086,407.720,robot_0,-0.200,-1.432
1789331695,700309807,407.720,robot_2,0.643,1.775
1789331695,902805939,407.923,robot_1,-1.101,-0.027
1789331695,902876168,407.923,robot_0,-0.200,-1.432
1789331695,902912620,407.923,robot_2,0.643,1.775
1789331696,107256900,408.127,robot_1,-1.101,-0.027
1789331696,107329827,408.127,robot_0,-0.200,-1.431
1789331696,107367958,408.127,robot_2,0.642,1.776
1789331696,319997449,408.340,robot_1,-1.103,-0.023
1789331696,320069490,408.340,robot_0,-0.186,-1.449
1789331696,320105958,408.340,robot_2,0.643,1.776
1789331696,535637469,408.555,robot_1,-1.114,0.002
1789331696,535719663,408.556,robot_0,-0.163,-1.479
1789331696,535761075,408.556,robot_2,0.643,1.777
1789331696,750438514,408.770,robot_1,-1.115,0.004
1789331696,750506423,408.778,robot_0,-0.167,-1.474
1789331696,758378986,408.778,robot_2,0.643,1.777
1789331696,976304126,408.996,robot_1,-1.115,0.004
1789331696,976385450,408.996,robot_0,-0.167,-1.474
1789331696,976425015,408.996,robot_2,0.643,1.777
1789331697,190555371,409.220,robot_1,-1.115,0.003
1789331697,200532414,409.220,robot_0,-0.167,-1.474
1789331697,200581400,409.220,robot_2,0.643,1.777
1789331697,409694043,409.430,robot_1,-1.115,0.003
1789331697,409763629,409.430,robot_0,-0.168,-1.474
1789331697,409801006,409.430,robot_2,0.643,1.777
1789331697,626632293,409.646,robot_1,-1.115,0.003
1789331697,626702236,409.647,robot_0,-0.168,-1.474
1789331697,626740195,409.647,robot_2,0.653,1.773
1789331697,838878504,409.859,robot_1,-1.115,0.003
1789331697,838958462,409.859,robot_0,-0.168,-1.474
1789331697,838997766,409.859,robot_2,0.690,1.761
1789331698,46723123,410.067,robot_1,-1.116,0.002
1789331698,46792476,410.067,robot_0,-0.168,-1.475
1789331698,46826636,410.067,robot_2,0.700,1.759
1789331698,247514181,410.267,robot_1,-1.116,0.002
1789331698,247592307,410.267,robot_0,-0.168,-1.475
1789331698,247622940,410.267,robot_2,0.743,1.753
1789331698,465896967,410.486,robot_1,-1.116,0.002
1789331698,465965172,410.486,robot_0,-0.168,-1.475
1789331698,465993858,410.486,robot_2,0.775,1.751
1789331698,690761887,410.711,robot_1,-1.116,0.001
1789331698,690841573,410.711,robot_0,-0.168,-1.476
1789331698,690880132,410.711,robot_2,0.775,1.751
1789331698,895854320,410.916,robot_1,-1.116,0.001
1789331698,895934042,410.916,robot_0,-0.168,-1.476
1789331698,895976779,410.916,robot_2,0.775,1.750
1789331699,112249802,411.132,robot_1,-1.116,0.001
1789331699,112325136,411.132,robot_0,-0.168,-1.476
1789331699,112367031,411.132,robot_2,0.775,1.750
1789331699,314244811,411.334,robot_1,-1.115,0.001
1789331699,314313956,411.334,robot_0,-0.168,-1.476
1789331699,314351630,411.334,robot_2,0.776,1.750
1789331699,519123525,411.539,robot_1,-1.115,0.000
1789331699,519201250,411.539,robot_0,-0.168,-1.477
1789331699,519241613,411.539,robot_2,0.776,1.750
1789331699,732885478,411.753,robot_1,-1.115,-0.000
1789331699,732952592,411.753,robot_0,-0.167,-1.477
1789331699,732982699,411.753,robot_2,0.776,1.749
1789331699,940868956,411.961,robot_1,-1.115,-0.000
1789331699,940951277,411.961,robot_0,-0.167,-1.477
1789331699,940986438,411.961,robot_2,0.776,1.749
1789331700,169870203,412.190,robot_1,-1.115,-0.000
1789331700,169948661,412.190,robot_0,-0.167,-1.477
1789331700,169990461,412.190,robot_2,0.776,1.749
1789331700,388492529,412.408,robot_1,-1.114,-0.001
1789331700,388567901,412.408,robot_0,-0.167,-1.478
1789331700,388600983,412.408,robot_2,0.777,1.749
1789331700,591868550,412.612,robot_1,-1.114,-0.001
1789331700,591931070,412.612,robot_0,-0.166,-1.478
1789331700,591957865,412.612,robot_2,0.777,1.749
1789331700,808963196,412.829,robot_1,-1.113,0.002
1789331700,809032828,412.829,robot_0,-0.166,-1.478
1789331700,809066787,412.829,robot_2,0.777,1.748
1789331701,18218210,413.038,robot_1,-1.090,0.042
1789331701,18293960,413.038,robot_0,-0.166,-1.478
1789331701,18332542,413.038,robot_2,0.778,1.748
1789331701,222191423,413.242,robot_1,-1.082,0.057
1789331701,222252807,413.242,robot_0,-0.165,-1.478
1789331701,222278523,413.242,robot_2,0.778,1.748
1789331701,431135532,413.451,robot_1,-1.074,0.067
1789331701,431208946,413.451,robot_0,-0.165,-1.478
1789331701,431244675,413.451,robot_2,0.778,1.749
1789331701,653221720,413.673,robot_1,-1.051,0.100
1789331701,653290192,413.673,robot_0,-0.165,-1.478
1789331701,653324858,413.673,robot_2,0.779,1.749
1789331701,892858242,413.913,robot_1,-1.059,0.088
1789331701,892930590,413.913,robot_0,-0.163,-1.480
1789331701,892962987,413.913,robot_2,0.779,1.749
1789331702,124369298,414.144,robot_1,-1.064,0.079
1789331702,124439581,414.144,robot_0,-0.149,-1.506
1789331702,124471498,414.144,robot_2,0.779,1.749
1789331702,332592226,414.352,robot_1,-1.049,0.103
1789331702,332667727,414.352,robot_0,-0.146,-1.512
1789331702,332708338,414.353,robot_2,0.792,1.733
1789331702,545216133,414.565,robot_1,-1.039,0.119
1789331702,545283866,414.565,robot_0,-0.149,-1.507
1789331702,545323010,414.565,robot_2,0.814,1.707
1789331702,764648049,414.785,robot_1,-1.019,0.149
1789331702,764760933,414.785,robot_0,-0.171,-1.471
1789331702,764800351,414.785,robot_2,0.833,1.685
1789331702,956142149,414.976,robot_1,-1.015,0.155
1789331702,956214760,414.976,robot_0,-0.178,-1.462
1789331702,956251607,414.976,robot_2,0.835,1.682
1789331703,169992061,415.190,robot_1,-0.995,0.189
1789331703,170111851,415.190,robot_0,-0.170,-1.471
1789331703,170155643,415.190,robot_2,0.836,1.682
1789331703,374995008,415.395,robot_1,-0.989,0.199
1789331703,375052934,415.395,robot_0,-0.160,-1.484
1789331703,375081055,415.395,robot_2,0.836,1.682
1789331703,596765511,415.617,robot_1,-0.977,0.217
1789331703,596828274,415.617,robot_0,-0.180,-1.460
1789331703,596856433,415.617,robot_2,0.836,1.682
1789331703,812791410,415.833,robot_1,-0.946,0.262
1789331703,812860324,415.833,robot_0,-0.214,-1.419
1789331703,812895394,415.833,robot_2,0.836,1.682
1789331704,14443770,416.034,robot_1,-0.934,0.278
1789331704,14509721,416.034,robot_0,-0.227,-1.403
1789331704,14542645,416.034,robot_2,0.836,1.682
1789331704,244269294,416.264,robot_1,-0.934,0.278
1789331704,244336032,416.264,robot_0,-0.227,-1.403
1789331704,244367962,416.264,robot_2,0.846,1.671
1789331704,476203524,416.496,robot_1,-0.935,0.278
1789331704,476286958,416.496,robot_0,-0.227,-1.403
1789331704,476328104,416.496,robot_2,0.871,1.645
1789331704,678935761,416.699,robot_1,-0.954,0.257
1789331704,679013893,416.699,robot_0,-0.226,-1.403
1789331704,679057114,416.699,robot_2,0.896,1.619
1789331704,883910845,416.904,robot_1,-0.955,0.257
1789331704,883980409,416.904,robot_0,-0.226,-1.403
1789331704,884016423,416.904,robot_2,0.905,1.610
1789331705,90546113,417.110,robot_1,-0.955,0.257
1789331705,90634097,417.110,robot_0,-0.226,-1.402
1789331705,90676976,417.110,robot_2,0.905,1.610
1789331705,296894800,417.317,robot_1,-0.955,0.257
1789331705,296961272,417.317,robot_0,-0.226,-1.402
1789331705,296996376,417.317,robot_2,0.905,1.610
1789331705,512381894,417.532,robot_1,-0.955,0.257
1789331705,512450695,417.532,robot_0,-0.226,-1.402
1789331705,512485544,417.532,robot_2,0.905,1.610
1789331705,714749688,417.735,robot_1,-0.955,0.257
1789331705,714817416,417.735,robot_0,-0.226,-1.401
1789331705,714856498,417.735,robot_2,0.905,1.610
1789331705,958428762,417.978,robot_1,-0.955,0.256
1789331705,958502116,417.978,robot_0,-0.226,-1.401
1789331705,958538784,417.978,robot_2,0.906,1.611
1789331706,164445439,418.184,robot_1,-0.954,0.256
1789331706,164512350,418.184,robot_0,-0.227,-1.400
1789331706,164547819,418.185,robot_2,0.906,1.611
1789331706,370742990,418.391,robot_1,-0.954,0.256
1789331706,370810641,418.391,robot_0,-0.227,-1.400
1789331706,370845098,418.391,robot_2,0.906,1.611
1789331706,607472356,418.627,robot_1,-0.954,0.256
1789331706,607544595,418.627,robot_0,-0.227,-1.400
1789331706,607587082,418.627,robot_2,0.906,1.612
1789331706,823625179,418.843,robot_1,-0.953,0.256
1789331706,823732051,418.844,robot_0,-0.227,-1.400
1789331706,825816534,418.846,robot_2,0.906,1.612
1789331707,30093064,419.050,robot_1,-0.953,0.256
1789331707,30175814,419.050,robot_0,-0.228,-1.400
1789331707,30218792,419.050,robot_2,0.905,1.612
1789331707,235942954,419.256,robot_1,-0.953,0.256
1789331707,236015843,419.256,robot_0,-0.228,-1.400
1789331707,236050187,419.256,robot_2,0.905,1.613
1789331707,466411744,419.486,robot_1,-0.952,0.256
1789331707,466480719,419.486,robot_0,-0.228,-1.399
1789331707,466513528,419.486,robot_2,0.905,1.613
1789331707,688096598,419.708,robot_1,-0.952,0.257
1789331707,688170121,419.708,robot_0,-0.229,-1.399
1789331707,688207613,419.708,robot_2,0.905,1.613
1789331707,898205482,419.918,robot_1,-0.952,0.257
1789331707,898275299,419.918,robot_0,-0.229,-1.399
1789331707,898310089,419.918,robot_2,0.905,1.613
1789331708,124873065,420.145,robot_1,-0.952,0.257
1789331708,124946085,420.145,robot_0,-0.229,-1.399
1789331708,124986435,420.145,robot_2,0.904,1.614
1789331708,331029393,420.351,robot_1,-0.952,0.257
1789331708,331110887,420.351,robot_0,-0.229,-1.399
1789331708,331151487,420.351,robot_2,0.904,1.614
1789331708,546145285,420.566,robot_1,-0.951,0.258
1789331708,546214622,420.566,robot_0,-0.232,-1.394
1789331708,546248384,420.566,robot_2,0.904,1.614
1789331708,751767548,420.772,robot_1,-0.951,0.258
1789331708,751838599,420.772,robot_0,-0.244,-1.367
1789331708,751875224,420.772,robot_2,0.903,1.614
1789331708,965713061,420.986,robot_1,-0.947,0.257
1789331708,965793616,420.986,robot_0,-0.243,-1.369
1789331708,965835452,420.986,robot_2,0.901,1.589
1789331709,193687218,421.214,robot_1,-0.912,0.250
1789331709,193758122,421.214,robot_0,-0.243,-1.369
1789331709,193794182,421.214,robot_2,0.897,1.535
1789331709,414618555,421.434,robot_1,-0.878,0.243
1789331709,414688278,421.434,robot_0,-0.243,-1.369
1789331709,414717056,421.435,robot_2,0.894,1.493
1789331709,632069407,421.652,robot_1,-0.858,0.238
1789331709,632137270,421.652,robot_0,-0.243,-1.369
1789331709,632172117,421.652,robot_2,0.894,1.492
1789331709,844960364,421.865,robot_1,-0.858,0.238
1789331709,845033954,421.865,robot_0,-0.243,-1.370
1789331709,845071180,421.865,robot_2,0.895,1.496
1789331710,53033421,422.073,robot_1,-0.858,0.238
1789331710,70120649,422.090,robot_0,-0.243,-1.370
1789331710,70243855,422.090,robot_2,0.901,1.522
1789331710,266708664,422.287,robot_1,-0.858,0.238
1789331710,266776993,422.287,robot_0,-0.244,-1.370
1789331710,266816498,422.287,robot_2,0.901,1.522
1789331710,473999997,422.494,robot_1,-0.858,0.238
1789331710,474089864,422.494,robot_0,-0.244,-1.370
1789331710,474132905,422.494,robot_2,0.894,1.492
1789331710,681832147,422.702,robot_1,-0.859,0.237
1789331710,681914365,422.702,robot_0,-0.244,-1.371
1789331710,681958034,422.702,robot_2,0.889,1.463
1789331710,903158421,422.923,robot_1,-0.859,0.237
1789331710,903235947,422.923,robot_0,-0.244,-1.371
1789331710,903279460,422.923,robot_2,0.889,1.467
1789331711,111002842,423.131,robot_1,-0.859,0.237
1789331711,111083635,423.131,robot_0,-0.244,-1.371
1789331711,111124463,423.131,robot_2,0.893,1.496
1789331711,326520662,423.346,robot_1,-0.860,0.237
1789331711,326602073,423.346,robot_0,-0.244,-1.372
1789331711,326644679,423.346,robot_2,0.897,1.529
1789331711,536618831,423.556,robot_1,-0.860,0.237
1789331711,536687169,423.557,robot_0,-0.243,-1.372
1789331711,536725210,423.557,robot_2,0.901,1.557
1789331711,754679174,423.775,robot_1,-0.862,0.223
1789331711,754754610,423.775,robot_0,-0.243,-1.372
1789331711,754794650,423.775,robot_2,0.901,1.564
1789331711,964749539,423.985,robot_1,-0.864,0.204
1789331711,964825378,423.985,robot_0,-0.243,-1.373
1789331711,964864775,423.985,robot_2,0.902,1.564
1789331712,176891768,424.197,robot_1,-0.864,0.204
1789331712,176961849,424.197,robot_0,-0.243,-1.373
1789331712,176995946,424.197,robot_2,0.902,1.564
1789331712,394460928,424.414,robot_1,-0.864,0.204
1789331712,394537929,424.414,robot_0,-0.243,-1.373
1789331712,394583199,424.414,robot_2,0.902,1.564
1789331712,598054383,424.618,robot_1,-0.863,0.204
1789331712,598130335,424.618,robot_0,-0.242,-1.373
1789331712,598169887,424.618,robot_2,0.903,1.564
1789331712,799445087,424.819,robot_1,-0.863,0.204
1789331712,799524659,424.819,robot_0,-0.242,-1.373
1789331712,799567883,424.819,robot_2,0.903,1.563
1789331713,3106013,425.023,robot_1,-0.863,0.204
1789331713,3174619,425.023,robot_0,-0.242,-1.373
1789331713,3207310,425.023,robot_2,0.903,1.563
1789331713,217257561,425.237,robot_1,-0.863,0.204
1789331713,217335426,425.237,robot_0,-0.241,-1.373
1789331713,217374831,425.237,robot_2,0.903,1.563
1789331713,421074555,425.441,robot_1,-0.862,0.204
1789331713,421154180,425.441,robot_0,-0.241,-1.373
1789331713,421195296,425.441,robot_2,0.903,1.562
1789331713,633856683,425.654,robot_1,-0.862,0.204
1789331713,633925142,425.654,robot_0,-0.241,-1.373
1789331713,633956945,425.654,robot_2,0.903,1.562
1789331713,856931364,425.877,robot_1,-0.862,0.204
1789331713,857028607,425.877,robot_0,-0.240,-1.373
1789331713,857073735,425.877,robot_2,0.903,1.561
1789331714,58293664,426.078,robot_1,-0.862,0.205
1789331714,58373374,426.078,robot_0,-0.240,-1.373
1789331714,58413706,426.078,robot_2,0.903,1.561
1789331714,268306650,426.288,robot_1,-0.861,0.205
1789331714,268390474,426.288,robot_0,-0.240,-1.373
1789331714,268425969,426.288,robot_2,0.903,1.561
1789331714,478277452,426.498,robot_1,-0.861,0.205
1789331714,478342418,426.498,robot_0,-0.240,-1.373
1789331714,478374205,426.498,robot_2,0.903,1.561
1789331714,702236751,426.722,robot_1,-0.861,0.206
1789331714,702301247,426.722,robot_0,-0.240,-1.373
1789331714,702335335,426.722,robot_2,0.903,1.561
1789331714,906891172,426.927,robot_1,-0.861,0.206
1789331714,906965951,426.927,robot_0,-0.240,-1.373
1789331714,906998316,426.927,robot_2,0.903,1.561
1789331715,107996048,427.128,robot_1,-0.861,0.206
1789331715,108060114,427.128,robot_0,-0.239,-1.376
1789331715,108094159,427.128,robot_2,0.903,1.562
1789331715,321645608,427.341,robot_1,-0.861,0.207
1789331715,321711916,427.342,robot_0,-0.220,-1.405
1789331715,321744403,427.342,robot_2,0.903,1.562
1789331715,547383918,427.567,robot_1,-0.862,0.207
1789331715,547458901,427.567,robot_0,-0.201,-1.433
1789331715,547496768,427.567,robot_2,0.903,1.562
1789331715,762293640,427.782,robot_1,-0.862,0.207
1789331715,762361514,427.782,robot_0,-0.192,-1.446
1789331715,762394526,427.782,robot_2,0.903,1.563
1789331715,969848232,427.990,robot_1,-0.862,0.207
1789331715,969936331,427.990,robot_0,-0.192,-1.446
1789331715,969978293,427.990,robot_2,0.903,1.563
1789331716,184365166,428.204,robot_1,-0.892,0.185
1789331716,184442049,428.204,robot_0,-0.192,-1.446
1789331716,184483486,428.204,robot_2,0.902,1.563
1789331716,394544649,428.414,robot_1,-0.912,0.169
1789331716,394623902,428.414,robot_0,-0.193,-1.446
1789331716,394658573,428.414,robot_2,0.902,1.563
1789331716,618133280,428.638,robot_1,-0.902,0.177
1789331716,618206819,428.638,robot_0,-0.193,-1.446
1789331716,618245844,428.638,robot_2,0.902,1.563
1789331716,824459717,428.844,robot_1,-0.902,0.177
1789331716,824531362,428.844,robot_0,-0.194,-1.446
1789331716,824581492,428.844,robot_2,0.901,1.563
1789331717,25113464,429.045,robot_1,-0.902,0.177
1789331717,25195360,429.045,robot_0,-0.194,-1.446
1789331717,25236981,429.045,robot_2,0.901,1.563
1789331717,235917109,429.256,robot_1,-0.902,0.177
1789331717,235994566,429.256,robot_0,-0.195,-1.446
1789331717,236037600,429.256,robot_2,0.901,1.563
1789331717,494249730,429.514,robot_1,-0.902,0.177
1789331717,494327938,429.514,robot_0,-0.195,-1.446
1789331717,494372285,429.514,robot_2,0.900,1.563
1789331717,695429688,429.715,robot_1,-0.901,0.177
1789331717,695510127,429.715,robot_0,-0.195,-1.445
1789331717,695546517,429.715,robot_2,0.900,1.563
1789331717,909729580,429.930,robot_1,-0.886,0.184
1789331717,909813597,429.930,robot_0,-0.195,-1.445
1789331717,909850684,429.930,robot_2,0.900,1.563
1789331718,122841878,430.143,robot_1,-0.881,0.186
1789331718,122905725,430.143,robot_0,-0.196,-1.445
1789331718,122941429,430.143,robot_2,0.900,1.563
1789331718,343542912,430.363,robot_1,-0.873,0.188
1789331718,343619369,430.363,robot_0,-0.196,-1.445
1789331718,343654546,430.363,robot_2,0.888,1.577
1789331718,546328797,430.566,robot_1,-0.851,0.191
1789331718,546393987,430.566,robot_0,-0.196,-1.445
1789331718,546428325,430.566,robot_2,0.877,1.592
1789331718,766610241,430.786,robot_1,-0.854,0.192
1789331718,766690405,430.787,robot_0,-0.195,-1.445
1789331718,766726686,430.787,robot_2,0.876,1.592
1789331718,979177366,430.999,robot_1,-0.899,0.191
1789331718,979250555,430.999,robot_0,-0.195,-1.445
1789331718,979279327,430.999,robot_2,0.866,1.603
1789331719,185361539,431.205,robot_1,-0.915,0.191
1789331719,185438763,431.205,robot_0,-0.195,-1.445
1789331719,185475274,431.205,robot_2,0.848,1.622
1789331719,395758921,431.416,robot_1,-0.894,0.191
1789331719,395842835,431.416,robot_0,-0.195,-1.446
1789331719,395884869,431.416,robot_2,0.847,1.623
1789331719,609627225,431.629,robot_1,-0.864,0.191
1789331719,609710454,431.630,robot_0,-0.194,-1.446
1789331719,609754741,431.630,robot_2,0.862,1.606
1789331719,820071375,431.840,robot_1,-0.851,0.191
1789331719,820152604,431.840,robot_0,-0.194,-1.446
1789331719,820196163,431.840,robot_2,0.895,1.567
1789331720,28046279,432.048,robot_1,-0.851,0.191
1789331720,28133636,432.048,robot_0,-0.194,-1.446
1789331720,28169622,432.048,robot_2,0.918,1.540
1789331720,236938192,432.257,robot_1,-0.851,0.191
1789331720,237017962,432.257,robot_0,-0.193,-1.446
1789331720,237058984,432.257,robot_2,0.945,1.508
1789331720,438360769,432.458,robot_1,-0.851,0.192
1789331720,438433701,432.458,robot_0,-0.193,-1.445
1789331720,438471400,432.458,robot_2,0.972,1.477
1789331720,656286070,432.676,robot_1,-0.851,0.192
1789331720,656356875,432.676,robot_0,-0.193,-1.445
1789331720,656394303,432.676,robot_2,0.980,1.468
1789331720,857858786,432.878,robot_1,-0.852,0.192
1789331720,857933020,432.878,robot_0,-0.193,-1.445
1789331720,857964583,432.878,robot_2,0.980,1.468
1789331721,62108746,433.082,robot_1,-0.852,0.192
1789331721,62187767,433.082,robot_0,-0.192,-1.445
1789331721,62230716,433.082,robot_2,0.980,1.468
1789331721,279955448,433.300,robot_1,-0.852,0.193
1789331721,280024467,433.300,robot_0,-0.192,-1.445
1789331721,280060197,433.300,robot_2,0.979,1.467
1789331721,517724703,433.538,robot_1,-0.853,0.193
1789331721,517795818,433.550,robot_0,-0.192,-1.444
1789331721,530709541,433.551,robot_2,0.979,1.467
1789331721,724656685,433.744,robot_1,-0.853,0.193
1789331721,724731320,433.745,robot_0,-0.192,-1.444
1789331721,724768585,433.745,robot_2,0.979,1.467
1789331721,944888000,433.965,robot_1,-0.853,0.193
1789331721,944960074,433.965,robot_0,-0.192,-1.444
1789331721,944992401,433.965,robot_2,0.979,1.466
1789331722,148951567,434.169,robot_1,-0.853,0.193
1789331722,149021536,434.169,robot_0,-0.192,-1.444
1789331722,149064214,434.169,robot_2,0.979,1.466
1789331722,357600524,434.377,robot_1,-0.854,0.193
1789331722,357702377,434.378,robot_0,-0.192,-1.443
1789331722,357745168,434.378,robot_2,0.979,1.466
1789331722,568691414,434.589,robot_1,-0.854,0.193
1789331722,568762080,434.589,robot_0,-0.192,-1.443
1789331722,568802563,434.589,robot_2,0.979,1.465
1789331722,778885716,434.799,robot_1,-0.854,0.193
1789331722,778959804,434.799,robot_0,-0.202,-1.444
1789331722,778997920,434.799,robot_2,0.979,1.465
1789331722,988774620,435.009,robot_1,-0.855,0.193
1789331722,988845223,435.009,robot_0,-0.251,-1.453
1789331722,988876722,435.009,robot_2,0.980,1.465
1789331723,198658493,435.218,robot_1,-0.855,0.192
1789331723,198749516,435.219,robot_0,-0.305,-1.462
1789331723,198786608,435.219,robot_2,0.980,1.464
1789331723,396911900,435.417,robot_1,-0.855,0.192
1789331723,396988545,435.417,robot_0,-0.330,-1.467
1789331723,397029886,435.417,robot_2,0.980,1.464
1789331723,605454080,435.625,robot_1,-0.855,0.192
1789331723,605519234,435.625,robot_0,-0.330,-1.467
1789331723,605558263,435.625,robot_2,0.980,1.464
1789331723,823950243,435.844,robot_1,-0.856,0.192
1789331723,824024541,435.844,robot_0,-0.337,-1.468
1789331723,824064452,435.844,robot_2,0.981,1.464
1789331724,24654933,436.044,robot_1,-0.856,0.191
1789331724,24721454,436.045,robot_0,-0.382,-1.474
1789331724,24752105,436.045,robot_2,0.981,1.464
1789331724,227345792,436.247,robot_1,-0.856,0.191
1789331724,227412092,436.247,robot_0,-0.399,-1.476
1789331724,227443475,436.247,robot_2,0.981,1.464
1789331724,441918123,436.462,robot_1,-0.856,0.191
1789331724,446905523,436.467,robot_0,-0.399,-1.476
1789331724,447007161,436.467,robot_2,0.982,1.464
1789331724,643849746,436.664,robot_1,-0.856,0.190
1789331724,643928574,436.664,robot_0,-0.399,-1.476
1789331724,643965577,436.664,robot_2,0.982,1.464
1789331724,869915683,436.890,robot_1,-0.856,0.190
1789331724,869990138,436.890,robot_0,-0.399,-1.476
1789331724,870019330,436.890,robot_2,0.982,1.464
1789331725,83156012,437.103,robot_1,-0.856,0.190
1789331725,83227014,437.103,robot_0,-0.399,-1.475
1789331725,83263459,437.103,robot_2,0.982,1.464
1789331725,298831011,437.319,robot_1,-0.855,0.189
1789331725,298902596,437.319,robot_0,-0.400,-1.475
1789331725,298939403,437.319,robot_2,0.982,1.464
1789331725,510014599,437.530,robot_1,-0.855,0.189
1789331725,510079638,437.530,robot_0,-0.400,-1.475
1789331725,510112253,437.530,robot_2,0.985,1.445
1789331725,728151572,437.748,robot_1,-0.855,0.189
1789331725,728229738,437.748,robot_0,-0.400,-1.475
1789331725,728262677,437.748,robot_2,0.988,1.415
1789331725,948661846,437.968,robot_1,-0.855,0.189
1789331725,948729315,437.969,robot_0,-0.401,-1.475
1789331725,948762519,437.969,robot_2,0.993,1.381
1789331726,155736967,438.176,robot_1,-0.855,0.189
1789331726,155812401,438.176,robot_0,-0.401,-1.475
1789331726,155852105,438.176,robot_2,0.996,1.356
1789331726,374457179,438.394,robot_1,-0.855,0.188
1789331726,374530924,438.394,robot_0,-0.401,-1.475
1789331726,374577978,438.394,robot_2,0.998,1.339
1789331726,588012747,438.608,robot_1,-0.871,0.168
1789331726,588091475,438.608,robot_0,-0.401,-1.475
1789331726,588119752,438.608,robot_2,0.999,1.339
1789331726,791674798,438.811,robot_1,-0.875,0.164
1789331726,791751862,438.812,robot_0,-0.402,-1.475
1789331726,791788457,438.812,robot_2,0.999,1.339
1789331727,4969446,439.025,robot_1,-0.855,0.187
1789331727,5039234,439.025,robot_0,-0.402,-1.475
1789331727,5067040,439.025,robot_2,0.999,1.339
1789331727,219062091,439.239,robot_1,-0.853,0.189
1789331727,219138566,439.239,robot_0,-0.402,-1.475
1789331727,219169348,439.239,robot_2,0.999,1.339
1789331727,432042331,439.452,robot_1,-0.853,0.189
1789331727,432125107,439.452,robot_0,-0.403,-1.475
1789331727,432161699,439.452,robot_2,1.000,1.339
1789331727,637688601,439.658,robot_1,-0.860,0.179
1789331727,637761244,439.658,robot_0,-0.403,-1.475
1789331727,637791632,439.658,robot_2,1.000,1.340
1789331727,842016881,439.862,robot_1,-0.871,0.165
1789331727,842089710,439.862,robot_0,-0.403,-1.475
1789331727,842118220,439.862,robot_2,1.000,1.340
1789331728,47968463,440.068,robot_1,-0.871,0.165
1789331728,48033966,440.068,robot_0,-0.403,-1.476
1789331728,48063241,440.068,robot_2,1.000,1.340
1789331728,277565625,440.297,robot_1,-0.871,0.165
1789331728,277646344,440.297,robot_0,-0.401,-1.477
1789331728,277680690,440.297,robot_2,1.000,1.341
1789331728,497668941,440.517,robot_1,-0.877,0.159
1789331728,497738180,440.518,robot_0,-0.367,-1.492
1789331728,497770235,440.518,robot_2,1.007,1.341
1789331728,729373288,440.749,robot_1,-0.898,0.138
1789331728,729472008,440.749,robot_0,-0.347,-1.501
1789331728,729517072,440.749,robot_2,1.037,1.340
1789331728,946446458,440.966,robot_1,-0.917,0.119
1789331728,946519723,440.966,robot_0,-0.347,-1.501
1789331728,946554435,440.966,robot_2,1.063,1.340
1789331729,155639621,441.175,robot_1,-0.933,0.103
1789331729,155714974,441.176,robot_0,-0.347,-1.501
1789331729,155754055,441.176,robot_2,1.097,1.339
1789331729,386958078,441.407,robot_1,-0.933,0.103
1789331729,387037355,441.407,robot_0,-0.347,-1.501
1789331729,387075466,441.407,robot_2,1.124,1.339
1789331729,602991921,441.623,robot_1,-0.933,0.103
1789331729,603065830,441.623,robot_0,-0.347,-1.501
1789331729,603101912,441.623,robot_2,1.126,1.339
1789331729,822263513,441.842,robot_1,-0.933,0.103
1789331729,822340047,441.842,robot_0,-0.347,-1.501
1789331729,822376555,441.842,robot_2,1.126,1.339
1789331730,23830426,442.044,robot_1,-0.933,0.104
1789331730,23899330,442.044,robot_0,-0.342,-1.503
1789331730,23935851,442.044,robot_2,1.126,1.340
1789331730,230894472,442.251,robot_1,-0.933,0.104
1789331730,230968384,442.251,robot_0,-0.304,-1.512
1789331730,231007809,442.251,robot_2,1.126,1.340
1789331730,451765979,442.472,robot_1,-0.933,0.105
1789331730,451835435,442.472,robot_0,-0.311,-1.511
1789331730,451869235,442.472,robot_2,1.125,1.340
1789331730,671516129,442.691,robot_1,-0.933,0.105
1789331730,671584087,442.691,robot_0,-0.345,-1.505
1789331730,671615633,442.691,robot_2,1.125,1.340
1789331730,902994235,442.923,robot_1,-0.933,0.106
1789331730,903065553,442.923,robot_0,-0.380,-1.499
1789331730,903100356,442.923,robot_2,1.125,1.341
1789331731,145916819,443.166,robot_1,-0.933,0.106
1789331731,145990703,443.166,robot_0,-0.410,-1.494
1789331731,149278687,443.169,robot_2,1.125,1.341
1789331731,358320996,443.378,robot_1,-0.933,0.106
1789331731,358393053,443.378,robot_0,-0.443,-1.488
1789331731,358425890,443.378,robot_2,1.124,1.341
1789331731,580710207,443.601,robot_1,-0.933,0.106
1789331731,580788514,443.601,robot_0,-0.447,-1.488
1789331731,580825540,443.601,robot_2,1.124,1.341
1789331731,808131030,443.828,robot_1,-0.932,0.107
1789331731,808206527,443.828,robot_0,-0.447,-1.487
1789331731,811798971,443.832,robot_2,1.124,1.341
1789331732,20837500,444.041,robot_1,-0.932,0.107
1789331732,20908363,444.041,robot_0,-0.446,-1.487
1789331732,20946623,444.041,robot_2,1.123,1.341
1789331732,235223326,444.255,robot_1,-0.932,0.107
1789331732,235292853,444.255,robot_0,-0.446,-1.487
1789331732,235327038,444.255,robot_2,1.123,1.341
1789331732,438895855,444.459,robot_1,-0.932,0.107
1789331732,438975703,444.459,robot_0,-0.446,-1.486
1789331732,439013410,444.459,robot_2,1.123,1.341
1789331732,648713148,444.669,robot_1,-0.931,0.107
1789331732,648782315,444.669,robot_0,-0.446,-1.486
1789331732,648810621,444.669,robot_2,1.122,1.341
1789331732,854839838,444.875,robot_1,-0.931,0.107
1789331732,854908765,444.875,robot_0,-0.445,-1.486
1789331732,854943502,444.875,robot_2,1.122,1.341
1789331733,67556785,445.087,robot_1,-0.931,0.107
1789331733,67624596,445.087,robot_0,-0.445,-1.486
1789331733,67649362,445.087,robot_2,1.122,1.341
1789331733,282931415,445.303,robot_1,-0.932,0.107
1789331733,283010059,445.303,robot_0,-0.444,-1.486
1789331733,283045597,445.303,robot_2,1.107,1.357
1789331733,487670647,445.507,robot_1,-0.932,0.107
1789331733,487741124,445.508,robot_0,-0.444,-1.485
1789331733,487768657,445.508,robot_2,1.110,1.355
1789331733,720703922,445.741,robot_1,-0.932,0.107
1789331733,720774280,445.741,robot_0,-0.445,-1.459
1789331733,720809797,445.741,robot_2,1.132,1.330
1789331733,939032804,445.959,robot_1,-0.932,0.106
1789331733,939108128,445.959,robot_0,-0.445,-1.448
1789331733,939145429,445.959,robot_2,1.136,1.326
1789331734,156461372,446.176,robot_1,-0.933,0.106
1789331734,156531343,446.176,robot_0,-0.446,-1.436
1789331734,156574478,446.176,robot_2,1.161,1.297
1789331734,357977710,446.378,robot_1,-0.933,0.106
1789331734,358048579,446.378,robot_0,-0.448,-1.418
1789331734,358083619,446.378,robot_2,1.166,1.292
1789331734,580923776,446.601,robot_1,-0.933,0.105
1789331734,580997840,446.601,robot_0,-0.448,-1.418
1789331734,581029276,446.601,robot_2,1.164,1.294
1789331734,808961104,446.829,robot_1,-0.933,0.105
1789331734,809036001,446.829,robot_0,-0.448,-1.419
1789331734,809066998,446.829,robot_2,1.150,1.312
1789331735,23495221,447.043,robot_1,-0.933,0.105
1789331735,23586506,447.043,robot_0,-0.448,-1.419
1789331735,23624870,447.043,robot_2,1.150,1.312
1789331735,229286449,447.249,robot_1,-0.933,0.105
1789331735,229364489,447.249,robot_0,-0.448,-1.419
1789331735,229400281,447.249,robot_2,1.150,1.312
1789331735,456784478,447.477,robot_1,-0.933,0.104
1789331735,456859607,447.477,robot_0,-0.449,-1.419
1789331735,456893321,447.477,robot_2,1.148,1.313
1789331735,664419621,447.684,robot_1,-0.933,0.104
1789331735,664487223,447.684,robot_0,-0.449,-1.419
1789331735,664517776,447.684,robot_2,1.128,1.326
1789331735,879645267,447.899,robot_1,-0.932,0.104
1789331735,879721044,447.900,robot_0,-0.449,-1.419
1789331735,882978933,447.903,robot_2,1.115,1.334
1789331736,81049106,448.101,robot_1,-0.932,0.103
1789331736,81123580,448.101,robot_0,-0.449,-1.420
1789331736,81153912,448.101,robot_2,1.114,1.334
1789331736,301707167,448.322,robot_1,-0.932,0.103
1789331736,301775936,448.322,robot_0,-0.449,-1.420
1789331736,301809108,448.322,robot_2,1.114,1.334
1789331736,521685604,448.542,robot_1,-0.951,0.087
1789331736,521760178,448.542,robot_0,-0.450,-1.420
1789331736,521793252,448.542,robot_2,1.114,1.333
1789331736,738541195,448.758,robot_1,-0.958,0.081
1789331736,738625208,448.758,robot_0,-0.450,-1.420
1789331736,738655454,448.758,robot_2,1.108,1.333
1789331736,953126951,448.973,robot_1,-0.958,0.081
1789331736,953191717,448.973,robot_0,-0.450,-1.421
1789331736,953222774,448.973,robot_2,1.076,1.329
1789331737,172991727,449.193,robot_1,-0.960,0.080
1789331737,173066551,449.193,robot_0,-0.450,-1.421
1789331737,173096039,449.193,robot_2,1.047,1.324
1789331737,398816285,449.419,robot_1,-0.987,0.068
1789331737,398890836,449.419,robot_0,-0.450,-1.421
1789331737,398927262,449.419,robot_2,1.026,1.320
1789331737,613692321,449.634,robot_1,-1.000,0.063
1789331737,613765180,449.634,robot_0,-0.449,-1.422
1789331737,613798283,449.634,robot_2,1.026,1.320
1789331737,835498143,449.855,robot_1,-0.989,0.067
1789331737,835576613,449.855,robot_0,-0.449,-1.422
1789331737,835606689,449.855,robot_2,1.026,1.321
1789331738,42808738,450.063,robot_1,-0.944,0.081
1789331738,42879925,450.063,robot_0,-0.449,-1.422
1789331738,42911933,450.063,robot_2,1.026,1.321
1789331738,257382121,450.277,robot_1,-0.929,0.086
1789331738,257462897,450.277,robot_0,-0.449,-1.423
1789331738,257500472,450.277,robot_2,1.026,1.322
1789331738,480820377,450.501,robot_1,-0.944,0.081
1789331738,480892206,450.501,robot_0,-0.449,-1.423
1789331738,480925651,450.501,robot_2,1.026,1.322
1789331738,682456238,450.702,robot_1,-0.944,0.081
1789331738,682532913,450.702,robot_0,-0.448,-1.423
1789331738,682574378,450.702,robot_2,1.027,1.322
1789331738,921817255,450.942,robot_1,-0.944,0.081
1789331738,921884760,450.942,robot_0,-0.448,-1.423
1789331738,921912760,450.942,robot_2,1.027,1.323
1789331739,123402160,451.143,robot_1,-0.944,0.081
1789331739,123476109,451.143,robot_0,-0.448,-1.423
1789331739,123507361,451.143,robot_2,1.027,1.323
1789331739,337106775,451.357,robot_1,-0.944,0.081
1789331739,337201787,451.357,robot_0,-0.449,-1.423
1789331739,337241618,451.357,robot_2,1.028,1.323
1789331739,556121190,451.576,robot_1,-0.943,0.080
1789331739,556196666,451.576,robot_0,-0.449,-1.423
1789331739,556232013,451.576,robot_2,1.028,1.323
1789331739,761364402,451.781,robot_1,-0.943,0.080
1789331739,761442067,451.781,robot_0,-0.449,-1.422
1789331739,761474572,451.781,robot_2,1.024,1.334
1789331739,964141446,451.984,robot_1,-0.943,0.080
1789331739,964218485,451.984,robot_0,-0.450,-1.422
1789331739,964256811,451.984,robot_2,1.015,1.361
1789331740,176179674,452.196,robot_1,-0.942,0.080
1789331740,176251188,452.196,robot_0,-0.476,-1.436
1789331740,176283666,452.196,robot_2,1.013,1.368
1789331740,381935339,452.402,robot_1,-0.942,0.080
1789331740,382002725,452.402,robot_0,-0.477,-1.436
1789331740,382031191,452.402,robot_2,1.003,1.391
1789331740,592310739,452.612,robot_1,-0.942,0.080
1789331740,592386006,452.612,robot_0,-0.480,-1.438
1789331740,592421403,452.612,robot_2,0.998,1.404
1789331740,795854256,452.816,robot_1,-0.942,0.080
1789331740,795925099,452.816,robot_0,-0.509,-1.451
1789331740,795958105,452.816,robot_2,0.998,1.404
1789331741,9974669,453.030,robot_1,-0.941,0.080
1789331741,10057409,453.030,robot_0,-0.535,-1.462
1789331741,10096955,453.030,robot_2,0.998,1.403
1789331741,212647008,453.232,robot_1,-0.941,0.080
1789331741,212729207,453.233,robot_0,-0.555,-1.471
1789331741,212763560,453.233,robot_2,0.997,1.403
1789331741,425151128,453.445,robot_1,-0.941,0.080
1789331741,425229373,453.445,robot_0,-0.567,-1.476
1789331741,425266576,453.445,robot_2,0.997,1.403
1789331741,633220999,453.653,robot_1,-0.940,0.080
1789331741,633294195,453.653,robot_0,-0.588,-1.484
1789331741,633325824,453.653,robot_2,0.997,1.403
1789331741,867919196,453.888,robot_1,-0.940,0.081
1789331741,867995099,453.888,robot_0,-0.597,-1.487
1789331741,868028843,453.888,robot_2,0.997,1.402
1789331742,73385429,454.093,robot_1,-0.940,0.081
1789331742,73458654,454.093,robot_0,-0.580,-1.479
1789331742,73491294,454.093,robot_2,0.997,1.402
1789331742,290717975,454.311,robot_1,-0.937,0.079
1789331742,290788431,454.311,robot_0,-0.547,-1.461
1789331742,290820330,454.311,robot_2,0.997,1.402
1789331742,515086240,454.535,robot_1,-0.908,0.062
1789331742,515168410,454.535,robot_0,-0.541,-1.457
1789331742,515201435,454.535,robot_2,0.997,1.401
1789331742,719370275,454.739,robot_1,-0.880,0.044
1789331742,719449184,454.739,robot_0,-0.567,-1.476
1789331742,719485838,454.739,robot_2,0.997,1.401
1789331742,934256016,454.954,robot_1,-0.862,0.033
1789331742,934326981,454.954,robot_0,-0.573,-1.480
1789331742,934357312,454.954,robot_2,0.997,1.401
1789331743,137671541,455.157,robot_1,-0.861,0.033
1789331743,137745641,455.158,robot_0,-0.573,-1.480
1789331743,137782910,455.158,robot_2,0.997,1.400
1789331743,347650652,455.367,robot_1,-0.862,0.033
1789331743,347726381,455.368,robot_0,-0.573,-1.480
1789331743,347765429,455.368,robot_2,0.997,1.400
1789331743,569499363,455.589,robot_1,-0.862,0.032
1789331743,569585532,455.589,robot_0,-0.573,-1.480
1789331743,569615790,455.589,robot_2,0.997,1.400
1789331743,780275595,455.800,robot_1,-0.862,0.032
1789331743,780358098,455.800,robot_0,-0.572,-1.480
1789331743,780390405,455.800,robot_2,0.997,1.400
1789331743,986934462,456.007,robot_1,-0.862,0.032
1789331743,987014097,456.007,robot_0,-0.572,-1.480
1789331743,987053496,456.007,robot_2,0.998,1.399
1789331744,208232767,456.228,robot_1,-0.863,0.032
1789331744,208299983,456.228,robot_0,-0.572,-1.480
1789331744,208331304,456.228,robot_2,0.998,1.399
1789331744,418527840,456.438,robot_1,-0.863,0.032
1789331744,418599865,456.438,robot_0,-0.571,-1.481
1789331744,418628009,456.438,robot_2,0.998,1.399
1789331744,652222148,456.672,robot_1,-0.864,0.032
1789331744,652294476,456.672,robot_0,-0.571,-1.481
1789331744,652330210,456.672,robot_2,0.998,1.399
1789331744,861290278,456.881,robot_1,-0.864,0.032
1789331744,861367655,456.881,robot_0,-0.571,-1.480
1789331744,861404666,456.881,robot_2,0.999,1.399
1789331745,67620630,457.087,robot_1,-0.865,0.032
1789331745,67693194,457.088,robot_0,-0.570,-1.480
1789331745,67724258,457.088,robot_2,0.999,1.399
1789331745,269150847,457.289,robot_1,-0.865,0.032
1789331745,269220560,457.289,robot_0,-0.570,-1.480
1789331745,269248052,457.289,robot_2,0.999,1.399
1789331745,471108044,457.491,robot_1,-0.865,0.032
1789331745,477395391,457.497,robot_0,-0.570,-1.480
1789331745,477471410,457.497,robot_2,1.000,1.399
1789331745,679392289,457.699,robot_1,-0.864,0.032
1789331745,679470684,457.699,robot_0,-0.570,-1.480
1789331745,679509230,457.699,robot_2,1.000,1.398
1789331745,894454262,457.914,robot_1,-0.864,0.032
1789331745,894521280,457.914,robot_0,-0.569,-1.480
1789331745,894552197,457.914,robot_2,1.003,1.368
1789331746,100439387,458.120,robot_1,-0.864,0.032
1789331746,100523492,458.120,robot_0,-0.569,-1.479
1789331746,100558154,458.122,robot_2,1.004,1.362
1789331746,323180057,458.343,robot_1,-0.863,0.032
1789331746,323250677,458.343,robot_0,-0.569,-1.479
1789331746,323281573,458.343,robot_2,1.007,1.331
1789331746,544990930,458.565,robot_1,-0.863,0.032
1789331746,545071557,458.565,robot_0,-0.569,-1.479
1789331746,545107565,458.565,robot_2,1.008,1.319
1789331746,749339264,458.769,robot_1,-0.863,0.033
1789331746,749410217,458.769,robot_0,-0.569,-1.478
1789331746,749444409,458.769,robot_2,1.011,1.289
1789331746,957991248,458.978,robot_1,-0.862,0.033
1789331746,958064276,458.978,robot_0,-0.559,-1.479
1789331746,958096311,458.978,robot_2,1.010,1.303
1789331747,172087354,459.192,robot_1,-0.862,0.033
1789331747,172155574,459.192,robot_0,-0.543,-1.479
1789331747,172191807,459.192,robot_2,1.007,1.330
1789331747,384845091,459.405,robot_1,-0.862,0.033
1789331747,384917594,459.405,robot_0,-0.540,-1.479
1789331747,384950559,459.405,robot_2,1.007,1.331
1789331747,604607374,459.624,robot_1,-0.862,0.034
1789331747,604693045,459.625,robot_0,-0.514,-1.475
1789331747,604791441,459.625,robot_2,1.008,1.331
1789331747,813978272,459.834,robot_1,-0.862,0.034
1789331747,814051806,459.834,robot_0,-0.514,-1.475
1789331747,814084840,459.834,robot_2,1.008,1.332
1789331748,19443369,460.039,robot_1,-0.862,0.034
1789331748,19515482,460.039,robot_0,-0.514,-1.474
1789331748,19544593,460.039,robot_2,1.008,1.332
1789331748,232988576,460.253,robot_1,-0.862,0.034
1789331748,233057811,460.253,robot_0,-0.540,-1.483
1789331748,233090982,460.253,robot_2,1.008,1.332
1789331748,450304003,460.470,robot_1,-0.862,0.035
1789331748,450382499,460.470,robot_0,-0.574,-1.497
1789331748,450420763,460.470,robot_2,1.009,1.332
1789331748,671166004,460.691,robot_1,-0.862,0.035
1789331748,671235605,460.691,robot_0,-0.567,-1.494
1789331748,671265884,460.691,robot_2,1.009,1.332
1789331748,884546020,460.904,robot_1,-0.862,0.035
1789331748,884633367,460.904,robot_0,-0.552,-1.489
1789331748,884673384,460.904,robot_2,1.009,1.333
1789331749,101877950,461.122,robot_1,-0.847,0.042
1789331749,101945051,461.122,robot_0,-0.552,-1.489
1789331749,101976356,461.122,robot_2,1.009,1.333
1789331749,303089951,461.323,robot_1,-0.825,0.055
1789331749,303166077,461.323,robot_0,-0.553,-1.489
1789331749,303201357,461.323,robot_2,1.009,1.333
1789331749,513454687,461.533,robot_1,-0.797,0.071
1789331749,513528822,461.533,robot_0,-0.553,-1.488
1789331749,513573046,461.533,robot_2,1.009,1.334
1789331749,734016467,461.754,robot_1,-0.786,0.078
1789331749,734105466,461.754,robot_0,-0.553,-1.488
1789331749,734138168,461.754,robot_2,1.009,1.334
1789331749,944894748,461.965,robot_1,-0.786,0.078
1789331749,944970203,461.965,robot_0,-0.540,-1.470
1789331749,945008093,461.965,robot_2,1.009,1.334
1789331750,163238168,462.183,robot_1,-0.814,0.067
1789331750,163310189,462.183,robot_0,-0.529,-1.454
1789331750,163345719,462.183,robot_2,1.009,1.335
1789331750,388768487,462.409,robot_1,-0.846,0.056
1789331750,388847039,462.409,robot_0,-0.527,-1.449
1789331750,388883252,462.409,robot_2,1.009,1.335
1789331750,604620986,462.624,robot_1,-0.833,0.060
1789331750,604696801,462.625,robot_0,-0.520,-1.430
1789331750,604735605,462.625,robot_2,1.009,1.335
1789331750,811894133,462.832,robot_1,-0.829,0.061
1789331750,811957351,462.832,robot_0,-0.519,-1.426
1789331750,811988737,462.832,robot_2,1.009,1.335
1789331751,13248734,463.033,robot_1,-0.829,0.061
1789331751,13327303,463.033,robot_0,-0.520,-1.431
1789331751,13359133,463.033,robot_2,1.008,1.336
1789331751,226543213,463.246,robot_1,-0.829,0.061
1789331751,226621838,463.246,robot_0,-0.520,-1.470
1789331751,226657956,463.246,robot_2,1.008,1.336
1789331751,433554530,463.453,robot_1,-0.829,0.061
1789331751,433638412,463.453,robot_0,-0.520,-1.491
1789331751,433670671,463.453,robot_2,0.991,1.318
1789331751,640806737,463.661,robot_1,-0.829,0.061
1789331751,640878513,463.661,robot_0,-0.520,-1.491
1789331751,640910347,463.661,robot_2,0.974,1.299
1789331751,845433039,463.865,robot_1,-0.829,0.061
1789331751,845509806,463.865,robot_0,-0.521,-1.491
1789331751,845548242,463.865,robot_2,0.982,1.308
1789331752,67539841,464.087,robot_1,-0.829,0.061
1789331752,67628739,464.087,robot_0,-0.521,-1.491
1789331752,67665180,464.087,robot_2,0.967,1.292
1789331752,275971686,464.296,robot_1,-0.829,0.061
1789331752,276035901,464.296,robot_0,-0.521,-1.491
1789331752,276069330,464.296,robot_2,0.950,1.275
1789331752,476291975,464.496,robot_1,-0.829,0.061
1789331752,476370720,464.496,robot_0,-0.522,-1.491
1789331752,476407312,464.496,robot_2,0.953,1.279
1789331752,686420012,464.706,robot_1,-0.829,0.061
1789331752,686489545,464.706,robot_0,-0.522,-1.492
1789331752,686523385,464.706,robot_2,0.959,1.285
1789331752,892186579,464.912,robot_1,-0.829,0.062
1789331752,892255380,464.912,robot_0,-0.522,-1.492
1789331752,892288904,464.912,robot_2,0.977,1.306
1789331753,111289685,465.131,robot_1,-0.830,0.062
1789331753,111355727,465.131,robot_0,-0.522,-1.492
1789331753,111393164,465.131,robot_2,0.979,1.307
1789331753,340622285,465.360,robot_1,-0.830,0.062
1789331753,340687154,465.360,robot_0,-0.522,-1.493
1789331753,340720564,465.361,robot_2,0.965,1.291
1789331753,546153206,465.566,robot_1,-0.830,0.062
1789331753,546231002,465.566,robot_0,-0.522,-1.493
1789331753,546267479,465.566,robot_2,0.954,1.279
1789331753,753463286,465.781,robot_1,-0.830,0.062
1789331753,761698110,465.782,robot_0,-0.522,-1.493
1789331753,761731584,465.782,robot_2,0.927,1.244
1789331753,970409366,465.990,robot_1,-0.831,0.062
1789331753,970479263,465.990,robot_0,-0.522,-1.494
1789331753,970507875,465.990,robot_2,0.918,1.232
1789331754,180600531,466.200,robot_1,-0.831,0.062
1789331754,180666378,466.200,robot_0,-0.522,-1.494
1789331754,180693721,466.201,robot_2,0.899,1.205
1789331754,390242669,466.410,robot_1,-0.831,0.063
1789331754,390315946,466.410,robot_0,-0.522,-1.494
1789331754,390347606,466.410,robot_2,0.883,1.181
1789331754,591599307,466.611,robot_1,-0.832,0.062
1789331754,591670054,466.612,robot_0,-0.522,-1.494
1789331754,592292650,466.612,robot_2,0.882,1.181
1789331754,804142618,466.824,robot_1,-0.832,0.062
1789331754,804218988,466.824,robot_0,-0.522,-1.495
1789331754,804251026,466.824,robot_2,0.882,1.181
1789331755,26065085,467.046,robot_1,-0.832,0.062
1789331755,26134511,467.046,robot_0,-0.522,-1.495
1789331755,26166400,467.046,robot_2,0.882,1.181
1789331755,229899177,467.250,robot_1,-0.833,0.062
1789331755,229970885,467.250,robot_0,-0.521,-1.495
1789331755,230000132,467.250,robot_2,0.881,1.181
1789331755,439727291,467.460,robot_1,-0.820,0.040
1789331755,439796366,467.460,robot_0,-0.521,-1.495
1789331755,439827375,467.460,robot_2,0.881,1.181
1789331755,649460822,467.669,robot_1,-0.805,0.015
1789331755,649540845,467.669,robot_0,-0.521,-1.495
1789331755,649584696,467.669,robot_2,0.881,1.181
1789331755,885740488,467.906,robot_1,-0.810,0.024
1789331755,885845520,467.906,robot_0,-0.521,-1.495
1789331755,885885299,467.906,robot_2,0.880,1.181
1789331756,82458815,468.102,robot_1,-0.825,0.048
1789331756,82529285,468.102,robot_0,-0.521,-1.495
1789331756,89395621,468.109,robot_2,0.880,1.181
1789331756,308383993,468.328,robot_1,-0.837,0.070
1789331756,308467949,468.328,robot_0,-0.522,-1.497
1789331756,308500134,468.328,robot_2,0.880,1.181
1789331756,528097962,468.548,robot_1,-0.832,0.060
1789331756,528210196,468.548,robot_0,-0.535,-1.524
1789331756,528250972,468.548,robot_2,0.880,1.180
1789331756,763952675,468.784,robot_1,-0.830,0.058
1789331756,769381630,468.789,robot_0,-0.550,-1.553
1789331756,769456230,468.789,robot_2,0.879,1.180
1789331756,968196937,468.988,robot_1,-0.811,0.030
1789331756,968279999,468.988,robot_0,-0.552,-1.558
1789331756,968315471,468.988,robot_2,0.879,1.180
1789331757,205334722,469.225,robot_1,-0.783,-0.009
1789331757,205405473,469.225,robot_0,-0.552,-1.557
1789331757,205436570,469.225,robot_2,0.879,1.180
1789331757,410058274,469.430,robot_1,-0.765,-0.033
1789331757,410133111,469.430,robot_0,-0.552,-1.557
1789331757,410165606,469.430,robot_2,0.879,1.179
1789331757,615429740,469.635,robot_1,-0.761,-0.039
1789331757,615503523,469.635,robot_0,-0.552,-1.557
1789331757,615541370,469.635,robot_2,0.879,1.179
1789331757,828476914,469.848,robot_1,-0.743,-0.062
1789331757,828549750,469.848,robot_0,-0.553,-1.557
1789331757,828589747,469.848,robot_2,0.879,1.179
1789331758,68284048,470.088,robot_1,-0.729,-0.080
1789331758,68369149,470.088,robot_0,-0.553,-1.557
1789331758,68409321,470.088,robot_2,0.879,1.178
1789331758,268937622,470.289,robot_1,-0.729,-0.080
1789331758,269008835,470.289,robot_0,-0.553,-1.557
1789331758,269039584,470.289,robot_2,0.866,1.177
1789331758,495278856,470.515,robot_1,-0.728,-0.080
1789331758,495352461,470.515,robot_0,-0.553,-1.557
1789331758,495385920,470.515,robot_2,0.837,1.173
1789331758,700590390,470.720,robot_1,-0.728,-0.080
1789331758,700663300,470.720,robot_0,-0.552,-1.557
1789331758,700694392,470.721,robot_2,0.803,1.169
1789331758,916495485,470.936,robot_1,-0.729,-0.080
1789331758,916576793,470.936,robot_0,-0.552,-1.557
1789331758,916618773,470.936,robot_2,0.790,1.167
1789331759,123759513,471.144,robot_1,-0.729,-0.080
1789331759,123830606,471.144,robot_0,-0.552,-1.558
1789331759,123861318,471.144,robot_2,0.790,1.167
1789331759,355231633,471.375,robot_1,-0.729,-0.080
1789331759,355302106,471.375,robot_0,-0.551,-1.558
1789331759,355336397,471.375,robot_2,0.790,1.167
1789331759,582286086,471.602,robot_1,-0.729,-0.081
1789331759,582355848,471.602,robot_0,-0.551,-1.558
1789331759,582393825,471.602,robot_2,0.790,1.168
1789331759,812369061,471.832,robot_1,-0.729,-0.081
1789331759,812443057,471.832,robot_0,-0.551,-1.558
1789331759,812477296,471.832,robot_2,0.790,1.168
1789331760,42048916,472.062,robot_1,-0.729,-0.081
1789331760,42123913,472.062,robot_0,-0.550,-1.557
1789331760,42161589,472.062,robot_2,0.790,1.168
1789331760,248220270,472.268,robot_1,-0.729,-0.081
1789331760,248299501,472.268,robot_0,-0.550,-1.557
1789331760,248330835,472.268,robot_2,0.791,1.169
1789331760,473907500,472.494,robot_1,-0.729,-0.082
1789331760,473983368,472.494,robot_0,-0.550,-1.557
1789331760,474018425,472.494,robot_2,0.791,1.169
1789331760,702806513,472.723,robot_1,-0.729,-0.082
1789331760,702882805,472.723,robot_0,-0.550,-1.557
1789331760,702912643,472.723,robot_2,0.791,1.169
1789331760,918931907,472.939,robot_1,-0.729,-0.083
1789331760,919004986,472.939,robot_0,-0.549,-1.557
1789331760,919039650,472.939,robot_2,0.792,1.169
1789331761,124816045,473.145,robot_1,-0.729,-0.083
1789331761,124897919,473.145,robot_0,-0.549,-1.556
1789331761,124929661,473.145,robot_2,0.801,1.143
1789331761,341627652,473.361,robot_1,-0.729,-0.083
1789331761,341702088,473.362,robot_0,-0.549,-1.556
1789331761,341735150,473.362,robot_2,0.812,1.108
1789331761,545104468,473.565,robot_1,-0.729,-0.083
1789331761,545178766,473.565,robot_0,-0.549,-1.556
1789331761,545215307,473.565,robot_2,0.812,1.107
1789331761,766189421,473.786,robot_1,-0.728,-0.083
1789331761,766264911,473.786,robot_0,-0.550,-1.555
1789331761,766302079,473.786,robot_2,0.812,1.107
1789331761,979041748,473.999,robot_1,-0.728,-0.084
1789331761,979113674,473.999,robot_0,-0.571,-1.553
1789331761,979145064,473.999,robot_2,0.812,1.107
1789331762,182929583,474.203,robot_1,-0.728,-0.084
1789331762,183004072,474.203,robot_0,-0.573,-1.552
1789331762,183035249,474.203,robot_2,0.811,1.106
1789331762,394962382,474.415,robot_1,-0.727,-0.083
1789331762,395036649,474.415,robot_0,-0.544,-1.547
1789331762,395067779,474.415,robot_2,0.811,1.106
1789331762,624836255,474.645,robot_1,-0.716,-0.046
1789331762,624907220,474.645,robot_0,-0.527,-1.544
1789331762,624939160,474.645,robot_2,0.811,1.106
1789331762,840952945,474.861,robot_1,-0.713,-0.034
1789331762,841028177,474.861,robot_0,-0.527,-1.544
1789331762,841062865,474.861,robot_2,0.811,1.105
1789331763,46765906,475.067,robot_1,-0.713,-0.034
1789331763,46840235,475.067,robot_0,-0.527,-1.544
1789331763,46874996,475.067,robot_2,0.811,1.105
1789331763,257961441,475.278,robot_1,-0.703,-0.005
1789331763,258030781,475.278,robot_0,-0.502,-1.539
1789331763,258058988,475.278,robot_2,0.811,1.105
1789331763,467043804,475.487,robot_1,-0.689,0.032
1789331763,467109546,475.487,robot_0,-0.499,-1.539
1789331763,467136789,475.487,robot_2,0.811,1.105
1789331763,686013554,475.706,robot_1,-0.679,0.059
1789331763,686099701,475.706,robot_0,-0.535,-1.543
1789331763,686128658,475.706,robot_2,0.811,1.104
1789331763,911766879,475.932,robot_1,-0.686,0.037
1789331763,911833339,475.932,robot_0,-0.527,-1.542
1789331763,911860595,475.932,robot_2,0.811,1.104
1789331764,117314231,476.137,robot_1,-0.692,0.014
1789331764,117390314,476.137,robot_0,-0.518,-1.541
1789331764,117424142,476.137,robot_2,0.811,1.104
1789331764,340763570,476.361,robot_1,-0.704,-0.026
1789331764,340833402,476.361,robot_0,-0.518,-1.541
1789331764,340862093,476.361,robot_2,0.811,1.103
1789331764,557262882,476.577,robot_1,-0.708,-0.041
1789331764,557337693,476.577,robot_0,-0.519,-1.542
1789331764,557373748,476.577,robot_2,0.811,1.103
1789331764,760151730,476.780,robot_1,-0.708,-0.041
1789331764,760222645,476.780,robot_0,-0.552,-1.538
1789331764,760255308,476.780,robot_2,0.812,1.103
1789331764,991074834,477.011,robot_1,-0.707,-0.041
1789331764,991142621,477.011,robot_0,-0.611,-1.530
1789331764,991172054,477.011,robot_2,0.812,1.102
1789331765,213101321,477.233,robot_1,-0.707,-0.041
1789331765,213195682,477.233,robot_0,-0.637,-1.527
1789331765,213242374,477.233,robot_2,0.812,1.102
1789331765,415922850,477.436,robot_1,-0.707,-0.041
1789331765,416000283,477.436,robot_0,-0.637,-1.527
1789331765,416030448,477.436,robot_2,0.812,1.102
1789331765,620697192,477.641,robot_1,-0.706,-0.041
1789331765,620766473,477.641,robot_0,-0.637,-1.527
1789331765,620793239,477.641,robot_2,0.823,1.138
1789331765,837401436,477.857,robot_1,-0.706,-0.040
1789331765,837477089,477.857,robot_0,-0.637,-1.526
1789331765,837514456,477.857,robot_2,0.830,1.163
1789331766,40728855,478.061,robot_1,-0.706,-0.040
1789331766,40800933,478.061,robot_0,-0.637,-1.526
1789331766,40832300,478.061,robot_2,0.826,1.147
1789331766,241867288,478.262,robot_1,-0.706,-0.040
1789331766,241936711,478.262,robot_0,-0.637,-1.526
1789331766,241966451,478.262,robot_2,0.820,1.119
1789331766,451004943,478.471,robot_1,-0.705,-0.040
1789331766,451076714,478.471,robot_0,-0.638,-1.526
1789331766,451112290,478.471,robot_2,0.813,1.090
1789331766,665152873,478.685,robot_1,-0.705,-0.040
1789331766,665226364,478.685,robot_0,-0.638,-1.525
1789331766,665275123,478.685,robot_2,0.812,1.089
1789331766,890997784,478.911,robot_1,-0.705,-0.039
1789331766,891073512,478.911,robot_0,-0.638,-1.525
1789331766,891106232,478.911,robot_2,0.813,1.089
1789331767,101445614,479.121,robot_1,-0.705,-0.039
1789331767,101519839,479.121,robot_0,-0.638,-1.525
1789331767,101549813,479.129,robot_2,0.813,1.071
1789331767,305781749,479.326,robot_1,-0.705,-0.039
1789331767,305860557,479.326,robot_0,-0.639,-1.525
1789331767,305894539,479.326,robot_2,0.814,1.051
1789331767,518310305,479.538,robot_1,-0.705,-0.038
1789331767,518392822,479.538,robot_0,-0.639,-1.525
1789331767,518431389,479.538,robot_2,0.814,1.049
1789331767,727149249,479.747,robot_1,-0.705,-0.038
1789331767,727232718,479.747,robot_0,-0.639,-1.525
1789331767,727271768,479.747,robot_2,0.814,1.049
1789331767,942266133,479.962,robot_1,-0.705,-0.038
1789331767,942336280,479.962,robot_0,-0.640,-1.525
1789331767,942368064,479.962,robot_2,0.814,1.049
1789331768,145852681,480.166,robot_1,-0.705,-0.037
1789331768,145926533,480.166,robot_0,-0.640,-1.525
1789331768,145963817,480.166,robot_2,0.817,1.039
1789331768,365650846,480.385,robot_1,-0.705,-0.037
1789331768,365718867,480.386,robot_0,-0.640,-1.525
1789331768,365751586,480.386,robot_2,0.826,1.004
1789331768,572468905,480.592,robot_1,-0.706,-0.037
1789331768,572540765,480.596,robot_0,-0.641,-1.525
1789331768,576722052,480.597,robot_2,0.833,0.975
1789331768,788282340,480.808,robot_1,-0.706,-0.037
1789331768,788364693,480.808,robot_0,-0.641,-1.525
1789331768,788404620,480.808,robot_2,0.837,0.958
1789331769,2126868,481.022,robot_1,-0.705,-0.037
1789331769,2191266,481.022,robot_0,-0.641,-1.525
1789331769,2226108,481.022,robot_2,0.837,0.958
1789331769,205895248,481.226,robot_1,-0.683,-0.021
1789331769,205971128,481.226,robot_0,-0.641,-1.525
1789331769,206007765,481.226,robot_2,0.837,0.958
1789331769,412362961,481.432,robot_1,-0.663,-0.006
1789331769,412432442,481.432,robot_0,-0.641,-1.526
1789331769,412474242,481.432,robot_2,0.838,0.958
1789331769,624125950,481.644,robot_1,-0.634,0.015
1789331769,624185657,481.644,robot_0,-0.635,-1.531
1789331769,624213969,481.644,robot_2,0.838,0.958
1789331769,842124153,481.862,robot_1,-0.629,0.019
1789331769,842197893,481.862,robot_0,-0.598,-1.556
1789331769,842237227,481.862,robot_2,0.838,0.959
1789331770,63629705,482.083,robot_1,-0.629,0.019
1789331770,63697485,482.084,robot_0,-0.583,-1.565
1789331770,63728805,482.084,robot_2,0.838,0.959
1789331770,266599516,482.286,robot_1,-0.628,0.019
1789331770,266663277,482.286,robot_0,-0.591,-1.561
1789331770,266694165,482.287,robot_2,0.838,0.959
1789331770,484057802,482.504,robot_1,-0.628,0.019
1789331770,484130451,482.504,robot_0,-0.591,-1.561
1789331770,484168031,482.504,robot_2,0.839,0.960
1789331770,696798235,482.717,robot_1,-0.628,0.018
1789331770,696872233,482.717,robot_0,-0.596,-1.560
1789331770,696909852,482.717,robot_2,0.839,0.960
1789331770,934865176,482.955,robot_1,-0.628,0.018
1789331770,934936978,482.955,robot_0,-0.620,-1.552
1789331770,934976285,482.955,robot_2,0.839,0.961
1789331771,168423989,483.188,robot_1,-0.628,0.017
1789331771,168502491,483.188,robot_0,-0.650,-1.542
1789331771,168548871,483.191,robot_2,0.838,0.961
1789331771,386175156,483.406,robot_1,-0.628,0.017
1789331771,386237472,483.406,robot_0,-0.677,-1.533
1789331771,386269334,483.406,robot_2,0.838,0.961
1789331771,600506229,483.620,robot_1,-0.629,0.017
1789331771,600604683,483.620,robot_0,-0.678,-1.533
1789331771,600643032,483.620,robot_2,0.827,0.956
1789331771,797812285,483.818,robot_1,-0.629,0.016
1789331771,797869636,483.818,robot_0,-0.678,-1.533
1789331771,797902226,483.818,robot_2,0.799,0.941
1789331772,13881883,484.034,robot_1,-0.613,0.001
1789331772,13949199,484.034,robot_0,-0.678,-1.532
1789331772,13990817,484.034,robot_2,0.802,0.943
1789331772,216617847,484.236,robot_1,-0.591,-0.024
1789331772,216689755,484.237,robot_0,-0.678,-1.532
1789331772,216729270,484.237,robot_2,0.798,0.940
1789331772,435421612,484.455,robot_1,-0.588,-0.026
1789331772,435482792,484.455,robot_0,-0.677,-1.532
1789331772,435516989,484.455,robot_2,0.773,0.923
1789331772,651930652,484.672,robot_1,-0.588,-0.026
1789331772,651990284,484.672,robot_0,-0.677,-1.531
1789331772,652023999,484.672,robot_2,0.783,0.930
1789331772,857129052,484.877,robot_1,-0.582,-0.033
1789331772,857195086,484.877,robot_0,-0.676,-1.531
1789331772,857228465,484.877,robot_2,0.798,0.941
1789331773,86757113,485.107,robot_1,-0.561,-0.059
1789331773,86819809,485.107,robot_0,-0.676,-1.531
1789331773,86857978,485.107,robot_2,0.813,0.950
1789331773,299121081,485.319,robot_1,-0.560,-0.061
1789331773,299189801,485.319,robot_0,-0.675,-1.531
1789331773,299232618,485.319,robot_2,0.780,0.927
1789331773,529837616,485.550,robot_1,-0.560,-0.061
1789331773,529902057,485.550,robot_0,-0.675,-1.531
1789331773,529932510,485.550,robot_2,0.759,0.912
1789331773,736235289,485.756,robot_1,-0.560,-0.060
1789331773,736301619,485.756,robot_0,-0.678,-1.542
1789331773,736335300,485.756,robot_2,0.759,0.912
1789331773,945591390,485.965,robot_1,-0.560,-0.060
1789331773,945647601,485.965,robot_0,-0.690,-1.587
1789331773,945682065,485.965,robot_2,0.759,0.912
1789331774,146343375,486.166,robot_1,-0.560,-0.060
1789331774,146409507,486.166,robot_0,-0.693,-1.598
1789331774,146450780,486.166,robot_2,0.759,0.912
1789331774,347519200,486.367,robot_1,-0.560,-0.060
1789331774,347595380,486.367,robot_0,-0.693,-1.598
1789331774,347636797,486.367,robot_2,0.758,0.912
1789331774,559446583,486.579,robot_1,-0.560,-0.059
1789331774,559519347,486.579,robot_0,-0.693,-1.598
1789331774,559565566,486.579,robot_2,0.758,0.912
1789331774,774996430,486.795,robot_1,-0.560,-0.059
1789331774,775058742,486.795,robot_0,-0.694,-1.598
1789331774,775094583,486.795,robot_2,0.758,0.913
1789331774,981531585,487.001,robot_1,-0.560,-0.059
1789331774,981605576,487.001,robot_0,-0.694,-1.598
1789331774,981645379,487.001,robot_2,0.757,0.913
1789331775,196583430,487.216,robot_1,-0.560,-0.058
1789331775,196642007,487.216,robot_0,-0.694,-1.598
1789331775,196672761,487.216,robot_2,0.757,0.913
1789331775,403035737,487.423,robot_1,-0.560,-0.058
1789331775,403103874,487.423,robot_0,-0.695,-1.598
1789331775,403144429,487.423,robot_2,0.757,0.913
1789331775,613556860,487.633,robot_1,-0.560,-0.058
1789331775,613626879,487.633,robot_0,-0.695,-1.598
1789331775,613659305,487.633,robot_2,0.756,0.912
1789331775,829928771,487.850,robot_1,-0.560,-0.057
1789331775,829995297,487.850,robot_0,-0.695,-1.599
1789331775,830036283,487.850,robot_2,0.756,0.912
1789331776,32275472,488.052,robot_1,-0.561,-0.057
1789331776,32345304,488.052,robot_0,-0.695,-1.599
1789331776,32381295,488.052,robot_2,0.756,0.912
1789331776,243342725,488.263,robot_1,-0.561,-0.057
1789331776,243411084,488.263,robot_0,-0.695,-1.599
1789331776,243448064,488.263,robot_2,0.755,0.912
1789331776,448682016,488.469,robot_1,-0.561,-0.057
1789331776,448749103,488.469,robot_0,-0.696,-1.599
1789331776,448788852,488.469,robot_2,0.755,0.912
1789331776,678900318,488.699,robot_1,-0.562,-0.057
1789331776,682749249,488.703,robot_0,-0.696,-1.600
1789331776,682823030,488.703,robot_2,0.755,0.911
1789331776,895065188,488.915,robot_1,-0.562,-0.057
1789331776,895134556,488.915,robot_0,-0.696,-1.600
1789331776,895173219,488.915,robot_2,0.755,0.911
1789331777,104064879,489.124,robot_1,-0.562,-0.059
1789331777,104131074,489.124,robot_0,-0.696,-1.600
1789331777,104169082,489.124,robot_2,0.755,0.911
1789331777,316956116,489.337,robot_1,-0.566,-0.097
1789331777,317024457,489.337,robot_0,-0.696,-1.601
1789331777,317066862,489.337,robot_2,0.755,0.910
1789331777,534455229,489.554,robot_1,-0.572,-0.148
1789331777,534520379,489.554,robot_0,-0.695,-1.601
1789331777,534553198,489.554,robot_2,0.755,0.910
1789331777,754812960,489.775,robot_1,-0.577,-0.198
1789331777,754876148,489.775,robot_0,-0.695,-1.601
1789331777,754915277,489.775,robot_2,0.773,0.911
1789331777,988524630,490.008,robot_1,-0.581,-0.233
1789331777,988597539,490.008,robot_0,-0.695,-1.602
1789331777,988630719,490.008,robot_2,0.815,0.914
1789331778,195488490,490.215,robot_1,-0.580,-0.219
1789331778,195547889,490.215,robot_0,-0.695,-1.602
1789331778,195584463,490.215,robot_2,0.865,0.920
1789331778,403065172,490.423,robot_1,-0.578,-0.202
1789331778,403134734,490.423,robot_0,-0.695,-1.602
1789331778,403177922,490.423,robot_2,0.904,0.924
1789331778,624190165,490.644,robot_1,-0.579,-0.207
1789331778,624274569,490.644,robot_0,-0.695,-1.603
1789331778,624317755,490.644,robot_2,0.941,0.929
1789331778,838179881,490.858,robot_1,-0.583,-0.248
1789331778,838251010,490.858,robot_0,-0.712,-1.625
1789331778,838285219,490.858,robot_2,0.945,0.929
1789331779,38884362,491.059,robot_1,-0.585,-0.262
1789331779,38951901,491.059,robot_0,-0.720,-1.637
1789331779,38988109,491.059,robot_2,0.945,0.929
1789331779,248730601,491.269,robot_1,-0.583,-0.254
1789331779,248798719,491.269,robot_0,-0.720,-1.637
1789331779,248832324,491.269,robot_2,0.945,0.929
1789331779,458700434,491.479,robot_1,-0.575,-0.215
1789331779,458766367,491.479,robot_0,-0.721,-1.638
1789331779,458809143,491.479,robot_2,0.912,0.924
1789331779,663952006,491.684,robot_1,-0.568,-0.186
1789331779,664021176,491.684,robot_0,-0.735,-1.659
1789331779,664095488,491.684,robot_2,0.897,0.921
1789331779,872157375,491.892,robot_1,-0.564,-0.169
1789331779,876657784,491.897,robot_0,-0.746,-1.676
1789331779,876751375,491.897,robot_2,0.887,0.919
1789331780,86247206,492.106,robot_1,-0.565,-0.169
1789331780,92590061,492.112,robot_0,-0.768,-1.710
1789331780,92677293,492.112,robot_2,0.872,0.916
1789331780,289435302,492.309,robot_1,-0.565,-0.169
1789331780,289507700,492.309,robot_0,-0.770,-1.714
1789331780,298813655,492.319,robot_2,0.872,0.916
1789331780,492600982,492.512,robot_1,-0.565,-0.169
1789331780,492668113,492.512,robot_0,-0.770,-1.714
1789331780,492715042,492.513,robot_2,0.872,0.915
1789331780,700526507,492.720,robot_1,-0.566,-0.169
1789331780,700595379,492.720,robot_0,-0.770,-1.714
1789331780,700637691,492.720,robot_2,0.872,0.915
1789331780,904785211,492.925,robot_1,-0.566,-0.169
1789331780,904854428,492.925,robot_0,-0.770,-1.714
1789331780,904896616,492.925,robot_2,0.873,0.915
1789331781,132567764,493.152,robot_1,-0.566,-0.170
1789331781,132647203,493.152,robot_0,-0.769,-1.714
1789331781,132695560,493.153,robot_2,0.873,0.915
1789331781,362106795,493.382,robot_1,-0.567,-0.170
1789331781,362170707,493.382,robot_0,-0.769,-1.714
1789331781,362214063,493.382,robot_2,0.873,0.914
1789331781,575878502,493.599,robot_1,-0.567,-0.170
1789331781,579303912,493.599,robot_0,-0.769,-1.714
1789331781,579371180,493.599,robot_2,0.874,0.914
1789331781,810783122,493.831,robot_1,-0.567,-0.171
1789331781,810849481,493.831,robot_0,-0.768,-1.714
1789331781,810892009,493.831,robot_2,0.874,0.914
1789331782,17896026,494.038,robot_1,-0.588,-0.165
1789331782,17966277,494.038,robot_0,-0.768,-1.714
1789331782,18012291,494.038,robot_2,0.874,0.914
1789331782,230829853,494.251,robot_1,-0.601,-0.162
1789331782,230895566,494.251,robot_0,-0.768,-1.713
1789331782,230937305,494.251,robot_2,0.875,0.914
1789331782,450940350,494.471,robot_1,-0.601,-0.162
1789331782,451003754,494.471,robot_0,-0.768,-1.713
1789331782,451050324,494.471,robot_2,0.875,0.914
1789331782,658773926,494.679,robot_1,-0.601,-0.162
1789331782,658837633,494.679,robot_0,-0.767,-1.713
1789331782,658874525,494.679,robot_2,0.875,0.914
1789331782,869297397,494.889,robot_1,-0.601,-0.162
1789331782,869360321,494.889,robot_0,-0.767,-1.712
1789331782,869404908,494.889,robot_2,0.876,0.915
1789331783,78811845,495.099,robot_1,-0.601,-0.162
1789331783,78880794,495.099,robot_0,-0.767,-1.712
1789331783,78930400,495.099,robot_2,0.876,0.915
1789331783,283091028,495.303,robot_1,-0.601,-0.163
1789331783,299103921,495.319,robot_0,-0.767,-1.712
1789331783,299185999,495.319,robot_2,0.876,0.915
1789331783,486064632,495.506,robot_1,-0.601,-0.163
1789331783,486136549,495.506,robot_0,-0.767,-1.712
1789331783,486185244,495.506,robot_2,0.876,0.915
1789331783,716078927,495.736,robot_1,-0.601,-0.163
1789331783,716147643,495.736,robot_0,-0.767,-1.711
1789331783,716190015,495.736,robot_2,0.876,0.915
1789331783,932027071,495.952,robot_1,-0.601,-0.163
1789331783,932094856,495.952,robot_0,-0.767,-1.711
1789331783,932142436,495.952,robot_2,0.877,0.916
1789331784,166472440,496.186,robot_1,-0.600,-0.164
1789331784,166544685,496.186,robot_0,-0.798,-1.716
1789331784,166613225,496.186,robot_2,0.864,0.921
1789331784,369772355,496.390,robot_1,-0.600,-0.164
1789331784,369833052,496.390,robot_0,-0.829,-1.722
1789331784,369868005,496.390,robot_2,0.831,0.934
1789331784,583783935,496.604,robot_1,-0.600,-0.164
1789331784,583853105,496.604,robot_0,-0.829,-1.721
1789331784,590525538,496.610,robot_2,0.830,0.935
1789331784,802768621,496.823,robot_1,-0.600,-0.164
1789331784,802847227,496.823,robot_0,-0.849,-1.728
1789331784,802891574,496.823,robot_2,0.830,0.935
1789331785,41284959,497.061,robot_1,-0.599,-0.164
1789331785,41348581,497.061,robot_0,-0.887,-1.742
1789331785,41386595,497.061,robot_2,0.853,0.925
1789331785,259950905,497.280,robot_1,-0.599,-0.164
1789331785,260026096,497.280,robot_0,-0.868,-1.734
1789331785,260063407,497.280,robot_2,0.872,0.917
1789331785,475156559,497.495,robot_1,-0.599,-0.164
1789331785,475219940,497.495,robot_0,-0.863,-1.732
1789331785,475259099,497.495,robot_2,0.872,0.916
1789331785,675606823,497.695,robot_1,-0.598,-0.164
1789331785,675671355,497.695,robot_0,-0.848,-1.725
1789331785,675715130,497.696,robot_2,0.891,0.907
1789331785,890505393,497.910,robot_1,-0.598,-0.164
1789331785,890612262,497.910,robot_0,-0.836,-1.719
1789331785,890656964,497.910,robot_2,0.913,0.896
1789331786,115792248,498.136,robot_1,-0.598,-0.164
1789331786,115854507,498.136,robot_0,-0.837,-1.719
1789331786,115893800,498.136,robot_2,0.913,0.896
1789331786,322725799,498.343,robot_1,-0.594,-0.169
1789331786,322784795,498.343,robot_0,-0.837,-1.719
1789331786,322823881,498.343,robot_2,0.938,0.882
1789331786,551613445,498.571,robot_1,-0.575,-0.197
1789331786,551681588,498.571,robot_0,-0.837,-1.719
1789331786,551720751,498.572,robot_2,0.968,0.866
1789331786,761337789,498.781,robot_1,-0.569,-0.205
1789331786,761403923,498.781,robot_0,-0.837,-1.719
1789331786,761441686,498.781,robot_2,0.991,0.853
1789331786,964431336,498.984,robot_1,-0.555,-0.222
1789331786,964505412,498.984,robot_0,-0.837,-1.719
1789331786,964552615,498.984,robot_2,1.010,0.843
1789331787,172179855,499.192,robot_1,-0.535,-0.249
1789331787,172242018,499.192,robot_0,-0.838,-1.718
1789331787,172279230,499.192,robot_2,1.024,0.835
1789331787,400938377,499.421,robot_1,-0.528,-0.258
1789331787,401006415,499.421,robot_0,-0.838,-1.718
1789331787,401053054,499.421,robot_2,1.024,0.835
1789331787,613605560,499.633,robot_1,-0.532,-0.252
1789331787,613674979,499.633,robot_0,-0.838,-1.718
1789331787,613720019,499.634,robot_2,1.024,0.836
1789331787,844416826,499.864,robot_1,-0.532,-0.253
1789331787,844478083,499.864,robot_0,-0.839,-1.718
1789331787,844513984,499.864,robot_2,1.024,0.836
1789331788,60294756,500.080,robot_1,-0.532,-0.253
1789331788,60361181,500.080,robot_0,-0.839,-1.718
1789331788,60405703,500.080,robot_2,1.024,0.836
1789331788,261893362,500.282,robot_1,-0.533,-0.253
1789331788,261960633,500.282,robot_0,-0.839,-1.718
1789331788,262004397,500.282,robot_2,1.024,0.837
1789331788,471344121,500.491,robot_1,-0.533,-0.251
1789331788,471414911,500.491,robot_0,-0.840,-1.719
1789331788,471460722,500.491,robot_2,1.023,0.837
1789331788,693728366,500.714,robot_1,-0.540,-0.212
1789331788,693797786,500.714,robot_0,-0.840,-1.719
1789331788,693845367,500.714,robot_2,1.023,0.837
1789331788,904553140,500.924,robot_1,-0.543,-0.186
1789331788,904638236,500.924,robot_0,-0.840,-1.719
1789331788,904687102,500.924,robot_2,1.023,0.838
1789331789,123738663,501.144,robot_1,-0.544,-0.186
1789331789,123808005,501.144,robot_0,-0.840,-1.719
1789331789,123847199,501.144,robot_2,1.023,0.838
1789331789,342722377,501.363,robot_1,-0.544,-0.186
1789331789,342794162,501.363,robot_0,-0.841,-1.720
1789331789,342840545,501.363,robot_2,1.022,0.838
1789331789,543882078,501.564,robot_1,-0.544,-0.186
1789331789,543953533,501.564,robot_0,-0.841,-1.720
1789331789,543999430,501.564,robot_2,1.022,0.838
1789331789,753644813,501.773,robot_1,-0.544,-0.186
1789331789,753710580,501.774,robot_0,-0.841,-1.720
1789331789,753753689,501.774,robot_2,1.022,0.838
1789331789,970073058,501.990,robot_1,-0.544,-0.186
1789331789,970135908,501.990,robot_0,-0.841,-1.721
1789331789,970173774,501.990,robot_2,1.021,0.839
1789331790,187322737,502.207,robot_1,-0.543,-0.186
1789331790,187384872,502.207,robot_0,-0.841,-1.721
1789331790,187419100,502.213,robot_2,1.021,0.839
1789331790,388646981,502.408,robot_1,-0.543,-0.185
1789331790,388711170,502.409,robot_0,-0.841,-1.721
1789331790,388755235,502.409,robot_2,1.021,0.838
1789331790,605912573,502.626,robot_1,-0.543,-0.185
1789331790,605974240,502.626,robot_0,-0.841,-1.721
1789331790,606010820,502.626,robot_2,1.020,0.838
1789331790,819782346,502.840,robot_1,-0.543,-0.185
1789331790,819854299,502.840,robot_0,-0.826,-1.716
1789331790,819899067,502.840,robot_2,1.020,0.838
1789331791,61474876,503.081,robot_1,-0.542,-0.185
1789331791,61537320,503.081,robot_0,-0.772,-1.693
1789331791,61587521,503.081,robot_2,1.020,0.838
1789331791,271875694,503.292,robot_1,-0.542,-0.185
1789331791,271937628,503.292,robot_0,-0.754,-1.684
1789331791,271978567,503.292,robot_2,1.020,0.838
1789331791,491111669,503.511,robot_1,-0.542,-0.184
1789331791,491175446,503.511,robot_0,-0.743,-1.678
1789331791,491208472,503.511,robot_2,1.019,0.838
1789331791,720438375,503.740,robot_1,-0.542,-0.184
1789331791,720511913,503.740,robot_0,-0.698,-1.651
1789331791,720566410,503.740,robot_2,1.019,0.837
1789331791,930539265,503.950,robot_1,-0.542,-0.184
1789331791,930620534,503.950,robot_0,-0.698,-1.651
1789331791,930670184,503.950,robot_2,1.019,0.837
1789331792,167221064,504.187,robot_1,-0.542,-0.183
1789331792,167290035,504.187,robot_0,-0.704,-1.655
1789331792,167335334,504.187,robot_2,1.019,0.837
1789331792,378074003,504.398,robot_1,-0.542,-0.183
1789331792,378150149,504.398,robot_0,-0.721,-1.665
1789331792,378193758,504.398,robot_2,1.019,0.836
1789331792,595096353,504.615,robot_1,-0.542,-0.183
1789331792,595167146,504.615,robot_0,-0.744,-1.678
1789331792,595214757,504.615,robot_2,1.019,0.836
1789331792,820607820,504.840,robot_1,-0.542,-0.182
1789331792,820712820,504.841,robot_0,-0.732,-1.671
1789331792,820757531,504.841,robot_2,1.019,0.836
1789331793,21581349,505.041,robot_1,-0.542,-0.182
1789331793,21654751,505.041,robot_0,-0.699,-1.652
1789331793,21702531,505.042,robot_2,1.019,0.835
1789331793,227463195,505.247,robot_1,-0.542,-0.182
1789331793,227532488,505.247,robot_0,-0.657,-1.628
1789331793,227575125,505.247,robot_2,1.011,0.832
1789331793,432528925,505.452,robot_1,-0.542,-0.182
1789331793,432606739,505.452,robot_0,-0.619,-1.606
1789331793,432647757,505.452,robot_2,0.988,0.824
1789331793,642736614,505.663,robot_1,-0.542,-0.183
1789331793,642807708,505.663,robot_0,-0.609,-1.600
1789331793,642844037,505.663,robot_2,0.987,0.823
1789331793,859865408,505.880,robot_1,-0.542,-0.183
1789331793,859925726,505.880,robot_0,-0.610,-1.600
1789331793,859951922,505.880,robot_2,0.995,0.827
1789331794,86683112,506.107,robot_1,-0.543,-0.183
1789331794,86759151,506.107,robot_0,-0.635,-1.612
1789331794,86798174,506.107,robot_2,1.034,0.845
1789331794,301214855,506.321,robot_1,-0.585,-0.182
1789331794,301281860,506.321,robot_0,-0.620,-1.605
1789331794,301312615,506.321,robot_2,1.065,0.861
1789331794,534248025,506.554,robot_1,-0.610,-0.181
1789331794,534310431,506.554,robot_0,-0.599,-1.595
1789331794,534339494,506.554,robot_2,1.099,0.878
1789331794,740726309,506.761,robot_1,-0.624,-0.180
1789331794,740799651,506.761,robot_0,-0.599,-1.595
1789331794,740833216,506.761,robot_2,1.104,0.880
1789331794,977740413,506.998,robot_1,-0.658,-0.178
1789331794,977814422,506.998,robot_0,-0.599,-1.595
1789331794,977845297,506.998,robot_2,1.104,0.880
1789331795,199996415,507.220,robot_1,-0.659,-0.178
1789331795,200083233,507.220,robot_0,-0.598,-1.596
1789331795,200120389,507.220,robot_2,1.104,0.880
1789331795,395702420,507.416,robot_1,-0.651,-0.177
1789331795,395777828,507.416,robot_0,-0.598,-1.596
1789331795,395811627,507.416,robot_2,1.101,0.879
1789331795,598568773,507.618,robot_1,-0.623,-0.172
1789331795,598638105,507.618,robot_0,-0.598,-1.596
1789331795,598668586,507.618,robot_2,1.071,0.866
1789331795,800749294,507.821,robot_1,-0.633,-0.175
1789331795,800819413,507.821,robot_0,-0.598,-1.596
1789331795,800848476,507.821,robot_2,1.051,0.857
1789331796,1898150,508.022,robot_1,-0.647,-0.177
1789331796,1979642,508.022,robot_0,-0.597,-1.596
1789331796,2018579,508.022,robot_2,1.023,0.846
1789331796,214414163,508.234,robot_1,-0.647,-0.177
1789331796,214485448,508.234,robot_0,-0.597,-1.596
1789331796,214516605,508.234,robot_2,1.022,0.845
1789331796,427932137,508.448,robot_1,-0.647,-0.177
1789331796,428018411,508.448,robot_0,-0.597,-1.596
1789331796,428057359,508.448,robot_2,1.022,0.845
1789331796,632947096,508.653,robot_1,-0.647,-0.177
1789331796,633022666,508.653,robot_0,-0.596,-1.596
1789331796,633053615,508.653,robot_2,1.022,0.845
1789331796,836881030,508.857,robot_1,-0.648,-0.177
1789331796,836958606,508.857,robot_0,-0.596,-1.596
1789331796,836997890,508.857,robot_2,1.022,0.845
1789331797,42072477,509.062,robot_1,-0.648,-0.176
1789331797,42146443,509.062,robot_0,-0.596,-1.596
1789331797,42182212,509.062,robot_2,1.023,0.845
1789331797,242265965,509.262,robot_1,-0.648,-0.176
1789331797,242349575,509.262,robot_0,-0.596,-1.596
1789331797,242388315,509.262,robot_2,1.023,0.844
1789331797,455086799,509.475,robot_1,-0.648,-0.176
1789331797,455155704,509.475,robot_0,-0.595,-1.596
1789331797,455185860,509.475,robot_2,1.023,0.844
1789331797,679049248,509.699,robot_1,-0.649,-0.176
1789331797,679131502,509.699,robot_0,-0.595,-1.595
1789331797,679168692,509.699,robot_2,1.024,0.844
1789331797,894505106,509.914,robot_1,-0.649,-0.176
1789331797,894589223,509.914,robot_0,-0.595,-1.595
1789331797,894627577,509.914,robot_2,1.024,0.844
1789331798,107069631,510.127,robot_1,-0.649,-0.176
1789331798,107136653,510.127,robot_0,-0.595,-1.595
1789331798,107167070,510.127,robot_2,1.024,0.844
1789331798,334279340,510.354,robot_1,-0.650,-0.176
1789331798,334354548,510.354,robot_0,-0.595,-1.595
1789331798,334384897,510.354,robot_2,1.019,0.868
1789331798,558720115,510.579,robot_1,-0.650,-0.176
1789331798,558792033,510.579,robot_0,-0.595,-1.594
1789331798,558821376,510.579,robot_2,1.012,0.898
1789331798,782270373,510.802,robot_1,-0.650,-0.176
1789331798,782344753,510.802,robot_0,-0.569,-1.604
1789331798,782376415,510.802,robot_2,1.016,0.881
1789331798,990723259,511.011,robot_1,-0.650,-0.176
1789331798,990796109,511.011,robot_0,-0.557,-1.608
1789331798,990825358,511.011,robot_2,1.018,0.872
1789331799,194147555,511.214,robot_1,-0.651,-0.176
1789331799,194227767,511.214,robot_0,-0.557,-1.608
1789331799,194267334,511.214,robot_2,1.018,0.872
1789331799,401718422,511.422,robot_1,-0.651,-0.176
1789331799,401801071,511.422,robot_0,-0.557,-1.608
1789331799,401838660,511.422,robot_2,1.018,0.869
1789331799,628814993,511.649,robot_1,-0.651,-0.177
1789331799,628881718,511.649,robot_0,-0.557,-1.608
1789331799,628908565,511.649,robot_2,1.020,0.850
1789331799,838617424,511.858,robot_1,-0.645,-0.182
1789331799,838687421,511.858,robot_0,-0.577,-1.609
1789331799,838721347,511.859,robot_2,1.017,0.878
1789331800,50628116,512.070,robot_1,-0.610,-0.207
1789331800,50697755,512.071,robot_0,-0.613,-1.612
1789331800,50742211,512.071,robot_2,1.013,0.923
1789331800,278900409,512.299,robot_1,-0.597,-0.216
1789331800,278970662,512.299,robot_0,-0.602,-1.610
1789331800,279009155,512.299,robot_2,1.012,0.943
1789331800,482541121,512.502,robot_1,-0.565,-0.238
1789331800,482612556,512.514,robot_0,-0.582,-1.607
1789331800,502602284,512.522,robot_2,1.012,0.943
1789331800,703892255,512.724,robot_1,-0.527,-0.263
1789331800,703962445,512.724,robot_0,-0.558,-1.603
1789331800,703990413,512.724,robot_2,1.012,0.943
1789331800,921151203,512.941,robot_1,-0.506,-0.277
1789331800,921216022,512.941,robot_0,-0.574,-1.606
1789331800,921249570,512.941,robot_2,1.012,0.943
1789331801,142903634,513.163,robot_1,-0.506,-0.277
1789331801,142999758,513.163,robot_0,-0.594,-1.609
1789331801,143033809,513.163,robot_2,1.013,0.944
1789331801,341755934,513.362,robot_1,-0.506,-0.277
1789331801,341822940,513.362,robot_0,-0.621,-1.615
1789331801,341853517,513.362,robot_2,1.013,0.944
1789331801,546030614,513.566,robot_1,-0.524,-0.266
1789331801,546099988,513.566,robot_0,-0.633,-1.617
1789331801,546137415,513.566,robot_2,1.013,0.944
1789331801,748412458,513.768,robot_1,-0.530,-0.262
1789331801,748476981,513.768,robot_0,-0.613,-1.613
1789331801,748506787,513.768,robot_2,1.013,0.944
1789331801,974010360,513.994,robot_1,-0.530,-0.262
1789331801,974083690,513.994,robot_0,-0.613,-1.613
1789331801,974121654,513.994,robot_2,1.014,0.944
1789331802,181702165,514.202,robot_1,-0.529,-0.262
1789331802,181785827,514.202,robot_0,-0.613,-1.613
1789331802,181816794,514.202,robot_2,1.014,0.945
1789331802,406340173,514.426,robot_1,-0.529,-0.262
1789331802,406406987,514.426,robot_0,-0.613,-1.612
1789331802,406435310,514.426,robot_2,1.014,0.945
1789331802,618847737,514.639,robot_1,-0.530,-0.262
1789331802,618936143,514.639,robot_0,-0.613,-1.612
1789331802,618968540,514.639,robot_2,1.014,0.945
1789331802,837740077,514.858,robot_1,-0.530,-0.262
1789331802,837809721,514.858,robot_0,-0.613,-1.612
1789331802,837841599,514.858,robot_2,1.014,0.946
1789331803,39372084,515.059,robot_1,-0.530,-0.263
1789331803,39449577,515.059,robot_0,-0.613,-1.612
1789331803,39484406,515.059,robot_2,1.014,0.946
1789331803,243241792,515.263,robot_1,-0.530,-0.263
1789331803,243319372,515.263,robot_0,-0.614,-1.612
1789331803,243354408,515.263,robot_2,1.014,0.946
1789331803,450468116,515.470,robot_1,-0.530,-0.263
1789331803,456638886,515.476,robot_0,-0.614,-1.611
1789331803,456716278,515.477,robot_2,1.013,0.947
1789331803,673855618,515.694,robot_1,-0.530,-0.263
1789331803,673921221,515.694,robot_0,-0.614,-1.611
1789331803,673951639,515.694,robot_2,1.013,0.947
1789331803,882346389,515.902,robot_1,-0.530,-0.264
1789331803,882430476,515.902,robot_0,-0.615,-1.611
1789331803,882463977,515.902,robot_2,1.013,0.947
1789331804,91016432,516.111,robot_1,-0.530,-0.264
1789331804,91078830,516.111,robot_0,-0.615,-1.611
1789331804,91117800,516.111,robot_2,1.010,0.945
1789331804,297049971,516.317,robot_1,-0.529,-0.264
1789331804,297107100,516.317,robot_0,-0.615,-1.611
1789331804,297133304,516.317,robot_2,0.995,0.930
1789331804,508470104,516.528,robot_1,-0.529,-0.265
1789331804,508536538,516.528,robot_0,-0.616,-1.611
1789331804,508580987,516.528,robot_2,0.995,0.931
1789331804,726699575,516.747,robot_1,-0.529,-0.265
1789331804,726766601,516.747,robot_0,-0.616,-1.611
1789331804,726803508,516.747,robot_2,1.015,0.951
1789331804,939864730,516.960,robot_1,-0.529,-0.265
1789331804,939929653,516.960,robot_0,-0.616,-1.612
1789331804,939964543,516.960,robot_2,1.030,0.966
1789331805,164447619,517.184,robot_1,-0.528,-0.265
1789331805,164516074,517.184,robot_0,-0.616,-1.612
1789331805,164549429,517.184,robot_2,1.030,0.966
1789331805,388680143,517.409,robot_1,-0.528,-0.265
1789331805,388749142,517.409,robot_0,-0.617,-1.612
1789331805,388784987,517.409,robot_2,1.051,0.990
1789331805,591974346,517.612,robot_1,-0.528,-0.265
1789331805,592043000,517.612,robot_0,-0.617,-1.612
1789331805,592080076,517.612,robot_2,1.065,1.006
1789331805,793068605,517.813,robot_1,-0.528,-0.265
1789331805,793133770,517.813,robot_0,-0.615,-1.614
1789331805,793167054,517.813,robot_2,1.054,0.994
1789331806,10529739,518.030,robot_1,-0.527,-0.265
1789331806,10600918,518.030,robot_0,-0.578,-1.636
1789331806,10631854,518.030,robot_2,1.021,0.955
1789331806,240074683,518.260,robot_1,-0.527,-0.265
1789331806,240134042,518.260,robot_0,-0.559,-1.648
1789331806,240168745,518.260,robot_2,0.994,0.922
1789331806,442777931,518.463,robot_1,-0.534,-0.238
1789331806,442848882,518.463,robot_0,-0.559,-1.648
1789331806,442888396,518.463,robot_2,0.993,0.921
1789331806,653118079,518.673,robot_1,-0.544,-0.204
1789331806,653187074,518.673,robot_0,-0.540,-1.659
1789331806,653227490,518.673,robot_2,0.993,0.921
1789331806,872090501,518.892,robot_1,-0.559,-0.155
1789331806,872152038,518.892,robot_0,-0.507,-1.678
1789331806,872184083,518.892,robot_2,0.993,0.921
1789331807,96730009,519.117,robot_1,-0.571,-0.114
1789331807,96795874,519.117,robot_0,-0.524,-1.667
1789331807,96828853,519.117,robot_2,0.992,0.921
1789331807,308498158,519.328,robot_1,-0.571,-0.113
1789331807,308578870,519.328,robot_0,-0.529,-1.664
1789331807,308615473,519.328,robot_2,0.992,0.921
1789331807,518683085,519.539,robot_1,-0.571,-0.113
1789331807,518757181,519.539,robot_0,-0.523,-1.668
1789331807,518793427,519.539,robot_2,0.992,0.921
1789331807,747691436,519.768,robot_1,-0.570,-0.133
1789331807,747768204,519.768,robot_0,-0.515,-1.672
1789331807,747802419,519.768,robot_2,0.991,0.921
1789331807,964915248,519.985,robot_1,-0.567,-0.158
1789331807,964975770,519.985,robot_0,-0.488,-1.690
1789331807,965006745,519.985,robot_2,0.991,0.921
1789331808,183374010,520.203,robot_1,-0.567,-0.158
1789331808,187390059,520.207,robot_0,-0.495,-1.685
1789331808,187469952,520.207,robot_2,0.991,0.921
1789331808,395355961,520.415,robot_1,-0.568,-0.158
1789331808,395418608,520.415,robot_0,-0.495,-1.685
1789331808,395448853,520.415,robot_2,0.990,0.921
1789331808,597960456,520.618,robot_1,-0.569,-0.171
1789331808,598022827,520.618,robot_0,-0.495,-1.685
1789331808,598053649,520.618,robot_2,0.990,0.921
1789331808,808827404,520.829,robot_1,-0.573,-0.207
1789331808,808892786,520.829,robot_0,-0.495,-1.686
1789331808,808926803,520.829,robot_2,0.990,0.920
1789331809,24220515,521.044,robot_1,-0.577,-0.242
1789331809,24284839,521.044,robot_0,-0.495,-1.686
1789331809,24320458,521.044,robot_2,0.990,0.920
1789331809,243022994,521.263,robot_1,-0.579,-0.263
1789331809,243084806,521.263,robot_0,-0.495,-1.686
1789331809,243115967,521.263,robot_2,0.989,0.920
1789331809,443954341,521.464,robot_1,-0.579,-0.263
1789331809,444021390,521.464,robot_0,-0.495,-1.687
1789331809,444055059,521.464,robot_2,0.989,0.919
1789331809,651627040,521.671,robot_1,-0.579,-0.263
1789331809,651693896,521.672,robot_0,-0.495,-1.687
1789331809,651725987,521.672,robot_2,0.989,0.919
1789331809,870059832,521.890,robot_1,-0.580,-0.263
1789331809,870130791,521.890,robot_0,-0.495,-1.687
1789331809,870170846,521.890,robot_2,0.989,0.919
1789331810,91249234,522.111,robot_1,-0.580,-0.263
1789331810,91306560,522.111,robot_0,-0.495,-1.688
1789331810,91338328,522.111,robot_2,0.989,0.918
1789331810,308373480,522.328,robot_1,-0.580,-0.263
1789331810,308432395,522.328,robot_0,-0.495,-1.688
1789331810,308463584,522.328,robot_2,0.976,0.914
1789331810,528736974,522.549,robot_1,-0.581,-0.262
1789331810,528805117,522.549,robot_0,-0.494,-1.688
1789331810,528845375,522.549,robot_2,0.948,0.903
1789331810,739258155,522.759,robot_1,-0.581,-0.262
1789331810,739321269,522.759,robot_0,-0.494,-1.688
1789331810,739354506,522.759,robot_2,0.918,0.892
1789331810,964091875,522.984,robot_1,-0.581,-0.261
1789331810,964163472,522.984,robot_0,-0.494,-1.688
1789331810,964199023,522.984,robot_2,0.895,0.882
1789331811,180083076,523.200,robot_1,-0.581,-0.261
1789331811,180151678,523.200,robot_0,-0.494,-1.688
1789331811,180188960,523.200,robot_2,0.895,0.882
1789331811,401165558,523.421,robot_1,-0.581,-0.261
1789331811,402401401,523.422,robot_0,-0.493,-1.689
1789331811,402471523,523.422,robot_2,0.895,0.882
1789331811,618787203,523.639,robot_1,-0.581,-0.260
1789331811,618859646,523.639,robot_0,-0.493,-1.689
1789331811,618898094,523.639,robot_2,0.895,0.882
1789331811,856837549,523.877,robot_1,-0.581,-0.260
1789331811,856901215,523.877,robot_0,-0.493,-1.688
1789331811,856931595,523.877,robot_2,0.895,0.882
1789331812,72259604,524.092,robot_1,-0.581,-0.261
1789331812,72321956,524.092,robot_0,-0.492,-1.688
1789331812,72356576,524.092,robot_2,0.896,0.881
1789331812,281424758,524.301,robot_1,-0.581,-0.261
1789331812,281490728,524.301,robot_0,-0.492,-1.688
1789331812,281522335,524.301,robot_2,0.896,0.881
1789331812,483583432,524.503,robot_1,-0.581,-0.261
1789331812,483649714,524.503,robot_0,-0.492,-1.688
1789331812,483687193,524.503,robot_2,0.896,0.881
1789331812,702767450,524.723,robot_1,-0.581,-0.261
1789331812,702835711,524.723,robot_0,-0.508,-1.666
1789331812,702877403,524.723,robot_2,0.897,0.881
1789331812,923820432,524.944,robot_1,-0.581,-0.262
1789331812,923886691,524.944,robot_0,-0.534,-1.633
1789331812,923917977,524.944,robot_2,0.897,0.881
1789331813,138515911,525.158,robot_1,-0.580,-0.262
1789331813,138589591,525.158,robot_0,-0.535,-1.631
1789331813,138627379,525.158,robot_2,0.897,0.882
1789331813,357281234,525.377,robot_1,-0.580,-0.262
1789331813,357349070,525.377,robot_0,-0.535,-1.631
1789331813,357384106,525.377,robot_2,0.888,0.911
1789331813,569302732,525.589,robot_1,-0.580,-0.262
1789331813,569362222,525.589,robot_0,-0.535,-1.631
1789331813,569389176,525.589,robot_2,0.883,0.924
1789331813,792453152,525.812,robot_1,-0.580,-0.262
1789331813,792525040,525.812,robot_0,-0.534,-1.631
1789331813,816106882,525.836,robot_2,0.884,0.924
1789331814,21851210,526.042,robot_1,-0.579,-0.263
1789331814,24756583,526.045,robot_0,-0.537,-1.629
1789331814,24825049,526.045,robot_2,0.884,0.924
1789331814,244381860,526.264,robot_1,-0.579,-0.263
1789331814,244440918,526.264,robot_0,-0.568,-1.617
1789331814,244466906,526.264,robot_2,0.900,0.903
1789331814,446278138,526.466,robot_1,-0.579,-0.263
1789331814,446339201,526.466,robot_0,-0.570,-1.616
1789331814,446368716,526.466,robot_2,0.907,0.895
1789331814,671595350,526.691,robot_1,-0.578,-0.263
1789331814,671662225,526.691,robot_0,-0.558,-1.619
1789331814,671698524,526.692,robot_2,0.890,0.914
1789331814,882256648,526.902,robot_1,-0.578,-0.263
1789331814,882319424,526.902,robot_0,-0.531,-1.625
1789331814,882349650,526.902,robot_2,0.862,0.944
1789331815,91084340,527.111,robot_1,-0.578,-0.262
1789331815,91184621,527.111,robot_0,-0.545,-1.621
1789331815,91218784,527.111,robot_2,0.859,0.948
1789331815,301593692,527.321,robot_1,-0.577,-0.262
1789331815,301666029,527.321,robot_0,-0.577,-1.614
1789331815,301702119,527.322,robot_2,0.859,0.948
1789331815,528319213,527.548,robot_1,-0.577,-0.262
1789331815,528389831,527.548,robot_0,-0.576,-1.614
1789331815,528426796,527.548,robot_2,0.859,0.948
1789331815,741465656,527.761,robot_1,-0.573,-0.267
1789331815,741532605,527.761,robot_0,-0.576,-1.614
1789331815,741571714,527.761,robot_2,0.859,0.949
1789331815,954491427,527.974,robot_1,-0.554,-0.289
1789331815,954566407,527.974,robot_0,-0.577,-1.614
1789331815,954604493,527.974,robot_2,0.859,0.949
1789331816,180699729,528.201,robot_1,-0.555,-0.287
1789331816,180765784,528.201,robot_0,-0.577,-1.613
1789331816,180799644,528.201,robot_2,0.859,0.949
1789331816,401061878,528.421,robot_1,-0.555,-0.287
1789331816,401136796,528.421,robot_0,-0.577,-1.613
1789331816,401174181,528.421,robot_2,0.859,0.950
1789331816,609068466,528.629,robot_1,-0.555,-0.287
1789331816,609139098,528.629,robot_0,-0.577,-1.613
1789331816,609176964,528.629,robot_2,0.859,0.950
1789331816,844998198,528.865,robot_1,-0.540,-0.301
1789331816,845080982,528.865,robot_0,-0.577,-1.612
1789331816,845121640,528.865,robot_2,0.859,0.950
1789331817,54056209,529.074,robot_1,-0.511,-0.326
1789331817,54124593,529.074,robot_0,-0.577,-1.612
1789331817,54156933,529.074,robot_2,0.859,0.951
1789331817,258173788,529.278,robot_1,-0.488,-0.345
1789331817,258237689,529.278,robot_0,-0.578,-1.612
1789331817,258267789,529.278,robot_2,0.859,0.951
1789331817,475046933,529.495,robot_1,-0.478,-0.354
1789331817,475109415,529.495,robot_0,-0.578,-1.612
1789331817,475141509,529.495,robot_2,0.859,0.951
1789331817,684819173,529.705,robot_1,-0.478,-0.354
1789331817,684888129,529.705,robot_0,-0.578,-1.612
1789331817,684919378,529.705,robot_2,0.858,0.952
1789331817,894539793,529.944,robot_1,-0.478,-0.354
1789331817,924691038,529.945,robot_0,-0.579,-1.612
1789331817,924751759,529.945,robot_2,0.858,0.952
1789331818,122678579,530.143,robot_1,-0.478,-0.353
1789331818,122773261,530.143,robot_0,-0.579,-1.612
1789331818,122809698,530.143,robot_2,0.858,0.952
1789331818,320073729,530.340,robot_1,-0.478,-0.353
1789331818,320145316,530.340,robot_0,-0.579,-1.612
1789331818,320183306,530.340,robot_2,0.857,0.952
1789331818,529288058,530.549,robot_1,-0.478,-0.353
1789331818,529354916,530.549,robot_0,-0.580,-1.612
1789331818,529393285,530.549,robot_2,0.857,0.952
1789331818,745734104,530.766,robot_1,-0.478,-0.352
1789331818,745819615,530.766,robot_0,-0.580,-1.612
1789331818,745853034,530.766,robot_2,0.857,0.952
1789331818,955976248,530.976,robot_1,-0.478,-0.352
1789331818,956044872,530.976,robot_0,-0.580,-1.612
1789331818,956077639,530.976,robot_2,0.857,0.952
1789331819,189474203,531.209,robot_1,-0.478,-0.352
1789331819,189594589,531.209,robot_0,-0.579,-1.614
1789331819,189637808,531.209,robot_2,0.856,0.971
1789331819,388430511,531.408,robot_1,-0.479,-0.351
1789331819,388495199,531.408,robot_0,-0.558,-1.646
1789331819,388528840,531.408,robot_2,0.856,0.984
1789331819,610539388,531.630,robot_1,-0.479,-0.351
1789331819,610622932,531.630,robot_0,-0.548,-1.662
1789331819,610665905,531.630,robot_2,0.856,0.984
1789331819,825746383,531.846,robot_1,-0.479,-0.351
1789331819,825822003,531.846,robot_0,-0.563,-1.638
1789331819,825859278,531.846,robot_2,0.858,0.953
1789331820,32333992,532.052,robot_1,-0.479,-0.351
1789331820,32407001,532.052,robot_0,-0.566,-1.634
1789331820,32445040,532.052,robot_2,0.859,0.918
1789331820,238788579,532.259,robot_1,-0.472,-0.332
1789331820,238858219,532.259,robot_0,-0.567,-1.633
1789331820,238897035,532.259,robot_2,0.859,0.918
1789331820,443570609,532.463,robot_1,-0.465,-0.314
1789331820,443639442,532.463,robot_0,-0.582,-1.616
1789331820,443671290,532.463,robot_2,0.859,0.913
1789331820,655893223,532.676,robot_1,-0.465,-0.314
1789331820,655960376,532.676,robot_0,-0.585,-1.613
1789331820,655991401,532.676,robot_2,0.852,0.867
1789331820,856166219,532.876,robot_1,-0.465,-0.314
1789331820,856234052,532.876,robot_0,-0.593,-1.607
1789331820,856263187,532.876,robot_2,0.849,0.850
1789331821,61412539,533.081,robot_1,-0.465,-0.314
1789331821,61477947,533.081,robot_0,-0.604,-1.598
1789331821,61508898,533.081,robot_2,0.853,0.866
1789331821,287776285,533.308,robot_1,-0.465,-0.314
1789331821,287843985,533.308,robot_0,-0.575,-1.621
1789331821,287874505,533.308,robot_2,0.861,0.895
1789331821,539682960,533.560,robot_1,-0.466,-0.314
1789331821,539747382,533.560,robot_0,-0.540,-1.648
1789331821,539778597,533.560,robot_2,0.861,0.896
1789331821,771186824,533.791,robot_1,-0.466,-0.314
1789331821,771253954,533.791,robot_0,-0.526,-1.659
1789331821,771290510,533.791,robot_2,0.861,0.896
1789331821,996427645,534.016,robot_1,-0.466,-0.314
1789331821,996499154,534.016,robot_0,-0.508,-1.670
1789331821,996533709,534.016,robot_2,0.861,0.896
1789331822,217046788,534.237,robot_1,-0.467,-0.314
1789331822,217115116,534.237,robot_0,-0.479,-1.688
1789331822,217155002,534.237,robot_2,0.861,0.896
1789331822,437348115,534.457,robot_1,-0.467,-0.314
1789331822,437422680,534.457,robot_0,-0.443,-1.709
1789331822,437464217,534.457,robot_2,0.860,0.896
1789331822,652034074,534.672,robot_1,-0.467,-0.315
1789331822,652109708,534.672,robot_0,-0.412,-1.727
1789331822,652149976,534.672,robot_2,0.860,0.896
1789331822,854909860,534.875,robot_1,-0.467,-0.315
1789331822,854979849,534.875,robot_0,-0.410,-1.728
1789331822,855014119,534.875,robot_2,0.860,0.896
1789331823,77227871,535.097,robot_1,-0.467,-0.315
1789331823,77293097,535.097,robot_0,-0.410,-1.728
1789331823,77327265,535.097,robot_2,0.859,0.896
1789331823,295977529,535.316,robot_1,-0.468,-0.315
1789331823,296055465,535.316,robot_0,-0.410,-1.728
1789331823,296097628,535.316,robot_2,0.859,0.895
1789331823,496878287,535.517,robot_1,-0.468,-0.316
1789331823,496948280,535.517,robot_0,-0.410,-1.729
1789331823,496990130,535.517,robot_2,0.859,0.895
1789331823,700097077,535.720,robot_1,-0.468,-0.316
1789331823,700170207,535.720,robot_0,-0.411,-1.729
1789331823,700200666,535.720,robot_2,0.859,0.895
1789331823,905822929,535.926,robot_1,-0.468,-0.316
1789331823,905896485,535.926,robot_0,-0.434,-1.731
1789331823,905938345,535.926,robot_2,0.859,0.895
1789331824,109962155,536.130,robot_1,-0.468,-0.317
1789331824,110026100,536.130,robot_0,-0.444,-1.732
1789331824,110055901,536.130,robot_2,0.859,0.894
1789331824,347938791,536.368,robot_1,-0.467,-0.317
1789331824,348007701,536.368,robot_0,-0.463,-1.736
1789331824,348043277,536.368,robot_2,0.859,0.894
1789331824,563524370,536.583,robot_1,-0.467,-0.317
1789331824,563600515,536.583,robot_0,-0.492,-1.741
1789331824,563637063,536.583,robot_2,0.859,0.894
1789331824,792681426,536.813,robot_1,-0.467,-0.317
1789331824,792755356,536.813,robot_0,-0.522,-1.746
1789331824,792790754,536.813,robot_2,0.859,0.893
1789331825,23645566,537.043,robot_1,-0.467,-0.318
1789331825,23713534,537.044,robot_0,-0.523,-1.746
1789331825,23753725,537.044,robot_2,0.859,0.893
1789331825,233406545,537.253,robot_1,-0.471,-0.322
1789331825,233480739,537.253,robot_0,-0.523,-1.747
1789331825,233524681,537.253,robot_2,0.858,0.892
1789331825,435505856,537.455,robot_1,-0.487,-0.340
1789331825,435584985,537.455,robot_0,-0.523,-1.747
1789331825,435625541,537.455,robot_2,0.832,0.882
1789331825,639756704,537.660,robot_1,-0.473,-0.322
1789331825,639834047,537.660,robot_0,-0.523,-1.747
1789331825,639866906,537.660,robot_2,0.807,0.873
1789331825,852710958,537.873,robot_1,-0.464,-0.310
1789331825,852774313,537.873,robot_0,-0.522,-1.747
1789331825,852807475,537.873,robot_2,0.780,0.863
1789331826,56423727,538.076,robot_1,-0.476,-0.325
1789331826,56500748,538.076,robot_0,-0.522,-1.748
1789331826,56533737,538.076,robot_2,0.776,0.861
1789331826,266990121,538.287,robot_1,-0.476,-0.325
1789331826,267058715,538.287,robot_0,-0.522,-1.748
1789331826,267098443,538.287,robot_2,0.776,0.862
1789331826,494921497,538.515,robot_1,-0.476,-0.325
1789331826,494974323,538.515,robot_0,-0.521,-1.748
1789331826,495000098,538.515,robot_2,0.776,0.862
1789331826,710902748,538.731,robot_1,-0.476,-0.325
1789331826,712062321,538.732,robot_0,-0.521,-1.748
1789331826,712131668,538.732,robot_2,0.776,0.862
1789331826,912647521,538.932,robot_1,-0.471,-0.320
1789331826,912712868,538.933,robot_0,-0.521,-1.748
1789331826,912748600,538.933,robot_2,0.776,0.863
1789331827,114497932,539.134,robot_1,-0.441,-0.287
1789331827,114572964,539.134,robot_0,-0.520,-1.748
1789331827,114606236,539.134,robot_2,0.777,0.863
1789331827,343528136,539.363,robot_1,-0.420,-0.265
1789331827,343605803,539.363,robot_0,-0.520,-1.748
1789331827,343643632,539.363,robot_2,0.777,0.864
1789331827,546546616,539.566,robot_1,-0.430,-0.274
1789331827,546620456,539.566,robot_0,-0.520,-1.748
1789331827,546656016,539.566,robot_2,0.777,0.864
1789331827,751882843,539.772,robot_1,-0.442,-0.287
1789331827,751950709,539.772,robot_0,-0.520,-1.748
1789331827,751990910,539.772,robot_2,0.777,0.864
1789331827,973742957,539.994,robot_1,-0.422,-0.266
1789331827,973809479,539.994,robot_0,-0.519,-1.748
1789331827,973850190,539.994,robot_2,0.778,0.864
1789331828,208487799,540.228,robot_1,-0.416,-0.260
1789331828,208556789,540.228,robot_0,-0.519,-1.748
1789331828,208609364,540.228,robot_2,0.778,0.865
1789331828,427958149,540.448,robot_1,-0.442,-0.284
1789331828,428026529,540.448,robot_0,-0.519,-1.747
1789331828,428061287,540.448,robot_2,0.778,0.865
1789331828,652662359,540.672,robot_1,-0.471,-0.311
1789331828,652726211,540.673,robot_0,-0.519,-1.747
1789331828,652756719,540.673,robot_2,0.778,0.864
1789331828,888498837,540.908,robot_1,-0.493,-0.332
1789331828,888564096,540.908,robot_0,-0.518,-1.747
1789331828,888601381,540.908,robot_2,0.778,0.864
1789331829,106723552,541.127,robot_1,-0.495,-0.333
1789331829,106794032,541.127,robot_0,-0.518,-1.746
1789331829,106829036,541.127,robot_2,0.777,0.864
1789331829,313558317,541.333,robot_1,-0.495,-0.334
1789331829,313632484,541.333,robot_0,-0.518,-1.746
1789331829,313668261,541.333,robot_2,0.777,0.864
1789331829,513860924,541.534,robot_1,-0.495,-0.334
1789331829,513921579,541.534,robot_0,-0.518,-1.746
1789331829,513951341,541.534,robot_2,0.777,0.863
1789331829,741143621,541.761,robot_1,-0.494,-0.334
1789331829,741214649,541.761,robot_0,-0.518,-1.745
1789331829,741249958,541.761,robot_2,0.777,0.863
1789331829,951727682,541.972,robot_1,-0.494,-0.334
1789331829,951801099,541.972,robot_0,-0.518,-1.745
1789331829,951841632,541.972,robot_2,0.777,0.863
1789331830,158230508,542.178,robot_1,-0.494,-0.334
1789331830,158291928,542.178,robot_0,-0.519,-1.745
1789331830,158323632,542.178,robot_2,0.777,0.862
1789331830,376184242,542.396,robot_1,-0.493,-0.334
1789331830,376248881,542.396,robot_0,-0.519,-1.744
1789331830,376279600,542.396,robot_2,0.777,0.862
1789331830,586924708,542.607,robot_1,-0.493,-0.334
1789331830,586983549,542.607,robot_0,-0.519,-1.744
1789331830,587012222,542.607,robot_2,0.777,0.862
1789331830,813915049,542.834,robot_1,-0.492,-0.334
1789331830,813981858,542.834,robot_0,-0.519,-1.744
1789331830,814022261,542.834,robot_2,0.777,0.861
1789331831,23624160,543.043,robot_1,-0.497,-0.327
1789331831,23697846,543.044,robot_0,-0.515,-1.736
1789331831,23729355,543.044,robot_2,0.778,0.861
1789331831,228008823,543.248,robot_1,-0.528,-0.288
1789331831,228080978,543.248,robot_0,-0.497,-1.707
1789331831,228119388,543.248,robot_2,0.778,0.861
1789331831,440807715,543.461,robot_1,-0.539,-0.275
1789331831,440871926,543.470,robot_0,-0.482,-1.682
1789331831,450684834,543.471,robot_2,0.778,0.861
1789331831,667092303,543.687,robot_1,-0.539,-0.275
1789331831,667157616,543.687,robot_0,-0.472,-1.665
1789331831,667193181,543.687,robot_2,0.778,0.860
1789331831,887541777,543.907,robot_1,-0.539,-0.275
1789331831,887618877,543.907,robot_0,-0.477,-1.674
1789331831,887656828,543.907,robot_2,0.774,0.849
1789331832,91910849,544.112,robot_1,-0.538,-0.274
1789331832,91979729,544.112,robot_0,-0.475,-1.671
1789331832,92013950,544.112,robot_2,0.761,0.817
1789331832,312939598,544.333,robot_1,-0.538,-0.274
1789331832,313002867,544.333,robot_0,-0.461,-1.646
1789331832,313035276,544.333,robot_2,0.752,0.798
1789331832,517372940,544.537,robot_1,-0.538,-0.274
1789331832,517441812,544.537,robot_0,-0.456,-1.638
1789331832,517480413,544.537,robot_2,0.744,0.779
1789331832,733901647,544.754,robot_1,-0.538,-0.274
1789331832,733968305,544.754,robot_0,-0.456,-1.638
1789331832,733997365,544.754,robot_2,0.741,0.770
1789331832,944436378,544.964,robot_1,-0.538,-0.273
1789331832,944504315,544.964,robot_0,-0.442,-1.613
1789331832,944532206,544.964,robot_2,0.759,0.815
1789331833,168925804,545.189,robot_1,-0.538,-0.273
1789331833,168987484,545.189,robot_0,-0.434,-1.598
1789331833,169017555,545.189,robot_2,0.766,0.833
1789331833,410016293,545.430,robot_1,-0.538,-0.273
1789331833,410089819,545.430,robot_0,-0.434,-1.598
1789331833,410120602,545.430,robot_2,0.758,0.812
1789331833,640193260,545.660,robot_1,-0.538,-0.272
1789331833,640259942,545.660,robot_0,-0.444,-1.626
1789331833,640298465,545.660,robot_2,0.745,0.778
1789331833,851866875,545.872,robot_1,-0.539,-0.272
1789331833,851932869,545.872,robot_0,-0.456,-1.664
1789331833,851966775,545.872,robot_2,0.737,0.757
1789331834,65130563,546.085,robot_1,-0.539,-0.272
1789331834,65199330,546.085,robot_0,-0.457,-1.667
1789331834,65239737,546.085,robot_2,0.737,0.757
1789331834,272471450,546.292,robot_1,-0.539,-0.271
1789331834,272539710,546.292,robot_0,-0.469,-1.709
1789331834,272588185,546.292,robot_2,0.737,0.756
1789331834,490083502,546.510,robot_1,-0.539,-0.271
1789331834,490157812,546.510,robot_0,-0.477,-1.734
1789331834,490200144,546.510,robot_2,0.738,0.756
1789331834,718359521,546.738,robot_1,-0.540,-0.271
1789331834,718430352,546.738,robot_0,-0.477,-1.734
1789331834,718468852,546.738,robot_2,0.738,0.756
1789331834,937432547,546.957,robot_1,-0.540,-0.271
1789331834,943922791,546.964,robot_0,-0.476,-1.720
1789331834,944026501,546.964,robot_2,0.738,0.757
1789331835,170993738,547.191,robot_1,-0.540,-0.271
1789331835,171058408,547.191,robot_0,-0.474,-1.688
1789331835,171091939,547.191,robot_2,0.739,0.757
1789331835,402490171,547.422,robot_1,-0.541,-0.273
1789331835,402554744,547.422,robot_0,-0.474,-1.660
1789331835,402598866,547.422,robot_2,0.739,0.757
1789331835,625920540,547.646,robot_1,-0.540,-0.313
1789331835,625993486,547.646,robot_0,-0.474,-1.647
1789331835,626029685,547.646,robot_2,0.739,0.757
1789331835,837240367,547.857,robot_1,-0.540,-0.316
1789331835,837307438,547.857,robot_0,-0.474,-1.647
1789331835,837341070,547.857,robot_2,0.739,0.757
1789331836,44417583,548.064,robot_1,-0.540,-0.316
1789331836,44483671,548.064,robot_0,-0.473,-1.647
1789331836,44516630,548.064,robot_2,0.740,0.757
1789331836,260440864,548.280,robot_1,-0.540,-0.335
1789331836,260505385,548.280,robot_0,-0.473,-1.647
1789331836,260537597,548.280,robot_2,0.740,0.758
1789331836,461092768,548.481,robot_1,-0.540,-0.377
1789331836,461157398,548.486,robot_0,-0.473,-1.647
1789331836,465850755,548.486,robot_2,0.740,0.758
1789331836,693808358,548.714,robot_1,-0.541,-0.391
1789331836,693868066,548.714,robot_0,-0.472,-1.648
1789331836,693903042,548.714,robot_2,0.740,0.758
1789331836,915187827,548.935,robot_1,-0.542,-0.410
1789331836,915259453,548.935,robot_0,-0.472,-1.648
1789331836,915296559,548.935,robot_2,0.740,0.759
1789331837,115980075,549.136,robot_1,-0.544,-0.452
1789331837,116044911,549.136,robot_0,-0.472,-1.648
1789331837,116086428,549.136,robot_2,0.740,0.759
1789331837,349680168,549.370,robot_1,-0.546,-0.491
1789331837,349765879,549.370,robot_0,-0.472,-1.649
1789331837,349813304,549.370,robot_2,0.740,0.759
1789331837,556732804,549.577,robot_1,-0.547,-0.495
1789331837,556798286,549.577,robot_0,-0.471,-1.649
1789331837,556835087,549.577,robot_2,0.740,0.760
1789331837,766116318,549.786,robot_1,-0.546,-0.495
1789331837,766180933,549.786,robot_0,-0.471,-1.650
1789331837,766220815,549.786,robot_2,0.740,0.760
1789331837,987555996,550.007,robot_1,-0.543,-0.480
1789331837,987624873,550.007,robot_0,-0.469,-1.649
1789331837,987665681,550.007,robot_2,0.740,0.760
1789331838,188086665,550.208,robot_1,-0.538,-0.461
1789331838,188152527,550.208,robot_0,-0.451,-1.648
1789331838,188191135,550.208,robot_2,0.740,0.760
1789331838,406566636,550.426,robot_1,-0.537,-0.459
1789331838,406628785,550.426,robot_0,-0.440,-1.648
1789331838,406666188,550.426,robot_2,0.748,0.767
1789331838,616488111,550.636,robot_1,-0.548,-0.493
1789331838,616557884,550.636,robot_0,-0.440,-1.648
1789331838,616609091,550.636,robot_2,0.768,0.784
1789331838,839766832,550.860,robot_1,-0.560,-0.533
1789331838,839837049,550.860,robot_0,-0.440,-1.648
1789331838,839879181,550.860,robot_2,0.769,0.785
1789331839,72163619,551.092,robot_1,-0.569,-0.562
1789331839,72234467,551.092,robot_0,-0.440,-1.647
1789331839,72270077,551.094,robot_2,0.784,0.799
1789331839,296565233,551.316,robot_1,-0.570,-0.563
1789331839,296624822,551.316,robot_0,-0.440,-1.647
1789331839,296658085,551.316,robot_2,0.808,0.822
1789331839,503323521,551.523,robot_1,-0.570,-0.563
1789331839,503388831,551.523,robot_0,-0.440,-1.647
1789331839,503423992,551.523,robot_2,0.824,0.838
1789331839,718015127,551.738,robot_1,-0.571,-0.563
1789331839,718095072,551.738,robot_0,-0.441,-1.647
1789331839,718138943,551.738,robot_2,0.811,0.825
1789331839,934906772,551.955,robot_1,-0.571,-0.563
1789331839,934972679,551.955,robot_0,-0.441,-1.646
1789331839,935011139,551.955,robot_2,0.778,0.793
1789331840,145465050,552.165,robot_1,-0.571,-0.563
1789331840,145534576,552.165,robot_0,-0.441,-1.646
1789331840,145579232,552.165,robot_2,0.753,0.769
1789331840,355866987,552.376,robot_1,-0.571,-0.564
1789331840,355925956,552.376,robot_0,-0.441,-1.646
1789331840,355958622,552.376,robot_2,0.751,0.767
1789331840,566767407,552.587,robot_1,-0.572,-0.564
1789331840,566829862,552.587,robot_0,-0.442,-1.646
1789331840,566863535,552.587,robot_2,0.727,0.743
1789331840,782970203,552.803,robot_1,-0.572,-0.564
1789331840,783031090,552.803,robot_0,-0.442,-1.646
1789331840,783078138,552.803,robot_2,0.715,0.731
1789331840,998913272,553.019,robot_1,-0.572,-0.564
1789331840,998974821,553.019,robot_0,-0.442,-1.646
1789331840,999014063,553.019,robot_2,0.728,0.746
1789331841,206805701,553.227,robot_1,-0.572,-0.564
1789331841,206871546,553.227,robot_0,-0.443,-1.646
1789331841,206911086,553.227,robot_2,0.737,0.756
1789331841,446558211,553.466,robot_1,-0.573,-0.565
1789331841,446624650,553.466,robot_0,-0.443,-1.646
1789331841,446660842,553.466,robot_2,0.741,0.761
1789331841,658866510,553.679,robot_1,-0.573,-0.565
1789331841,658931598,553.679,robot_0,-0.443,-1.646
1789331841,658969925,553.679,robot_2,0.760,0.782
1789331841,876877100,553.897,robot_1,-0.573,-0.565
1789331841,876943107,553.897,robot_0,-0.444,-1.646
1789331841,876980667,553.897,robot_2,0.759,0.781
1789331842,93453653,554.113,robot_1,-0.573,-0.566
1789331842,93515038,554.113,robot_0,-0.444,-1.646
1789331842,93550056,554.113,robot_2,0.730,0.745
1789331842,301707220,554.322,robot_1,-0.573,-0.566
1789331842,301773746,554.322,robot_0,-0.444,-1.646
1789331842,301806489,554.322,robot_2,0.718,0.729
1789331842,525830247,554.546,robot_1,-0.573,-0.566
1789331842,525887047,554.546,robot_0,-0.456,-1.632
1789331842,525914226,554.546,robot_2,0.718,0.730
1789331842,748555093,554.775,robot_1,-0.563,-0.563
1789331842,755573004,554.775,robot_0,-0.476,-1.607
1789331842,755614800,554.775,robot_2,0.717,0.730
1789331842,967639350,554.987,robot_1,-0.526,-0.549
1789331842,967704159,554.988,robot_0,-0.460,-1.628
1789331842,967740008,554.988,robot_2,0.717,0.730
1789331843,169046185,555.189,robot_1,-0.526,-0.549
1789331843,169107891,555.189,robot_0,-0.453,-1.635
1789331843,169144140,555.189,robot_2,0.717,0.730
1789331843,373845832,555.394,robot_1,-0.526,-0.549
1789331843,373909680,555.394,robot_0,-0.453,-1.636
1789331843,373945289,555.394,robot_2,0.716,0.730
1789331843,588525066,555.608,robot_1,-0.526,-0.549
1789331843,588602043,555.608,robot_0,-0.424,-1.660
1789331843,588642121,555.608,robot_2,0.716,0.730
1789331843,810309148,555.830,robot_1,-0.526,-0.549
1789331843,810368419,555.830,robot_0,-0.401,-1.678
1789331843,810401892,555.830,robot_2,0.716,0.730
1789331844,12499242,556.032,robot_1,-0.526,-0.549
1789331844,12558242,556.032,robot_0,-0.401,-1.678
1789331844,12598150,556.032,robot_2,0.715,0.730
1789331844,226812237,556.247,robot_1,-0.526,-0.549
1789331844,226872712,556.247,robot_0,-0.395,-1.681
1789331844,226909433,556.247,robot_2,0.715,0.729
1789331844,432294543,556.452,robot_1,-0.548,-0.549
1789331844,432350675,556.452,robot_0,-0.354,-1.705
1789331844,432390009,556.452,robot_2,0.715,0.729
1789331844,638103011,556.658,robot_1,-0.552,-0.549
1789331844,638173221,556.658,robot_0,-0.339,-1.714
1789331844,638220820,556.658,robot_2,0.715,0.729
1789331844,853777296,556.874,robot_1,-0.506,-0.553
1789331844,853843634,556.874,robot_0,-0.306,-1.731
1789331844,853890935,556.874,robot_2,0.714,0.729
1789331845,64628343,557.084,robot_1,-0.460,-0.557
1789331845,64691462,557.085,robot_0,-0.275,-1.746
1789331845,64733426,557.085,robot_2,0.714,0.728
1789331845,288584332,557.308,robot_1,-0.451,-0.558
1789331845,290404191,557.310,robot_0,-0.240,-1.764
1789331845,290519728,557.310,robot_2,0.714,0.728
1789331845,489398461,557.509,robot_1,-0.471,-0.554
1789331845,489458657,557.509,robot_0,-0.220,-1.773
1789331845,489501870,557.509,robot_2,0.714,0.728
1789331845,699554459,557.719,robot_1,-0.498,-0.549
1789331845,699625354,557.719,robot_0,-0.240,-1.764
1789331845,699671098,557.719,robot_2,0.714,0.727
1789331845,940652935,557.960,robot_1,-0.528,-0.543
1789331845,940715989,557.961,robot_0,-0.226,-1.770
1789331845,940763543,557.961,robot_2,0.714,0.727
1789331846,149463570,558.169,robot_1,-0.537,-0.541
1789331846,149525262,558.169,robot_0,-0.194,-1.785
1789331846,149570915,558.169,robot_2,0.714,0.727
1789331846,386410550,558.406,robot_1,-0.537,-0.541
1789331846,386474624,558.406,robot_0,-0.184,-1.789
1789331846,386517819,558.406,robot_2,0.714,0.727
1789331846,625016015,558.645,robot_1,-0.537,-0.542
1789331846,625084328,558.645,robot_0,-0.149,-1.802
1789331846,625131471,558.645,robot_2,0.713,0.726
1789331846,840505022,558.860,robot_1,-0.537,-0.542
1789331846,840580222,558.860,robot_0,-0.104,-1.818
1789331846,840624121,558.860,robot_2,0.684,0.720
1789331847,47444374,559.067,robot_1,-0.536,-0.542
1789331847,47513712,559.067,robot_0,-0.058,-1.834
1789331847,47554945,559.067,robot_2,0.653,0.712
1789331847,256107362,559.276,robot_1,-0.536,-0.543
1789331847,256169542,559.276,robot_0,-0.042,-1.839
1789331847,256208301,559.276,robot_2,0.625,0.706
1789331847,488591404,559.508,robot_1,-0.536,-0.543
1789331847,488701474,559.509,robot_0,-0.042,-1.839
1789331847,488749114,559.509,robot_2,0.621,0.705
1789331847,679898437,559.700,robot_1,-0.536,-0.543
1789331847,679962820,559.700,robot_0,-0.042,-1.839
1789331847,680005828,559.700,robot_2,0.621,0.705
1789331847,887448584,559.907,robot_1,-0.536,-0.543
1789331847,887515285,559.907,robot_0,-0.042,-1.839
1789331847,887573683,559.907,robot_2,0.631,0.706
1789331848,111145771,560.131,robot_1,-0.536,-0.543
1789331848,111218568,560.131,robot_0,-0.042,-1.839
1789331848,111267012,560.131,robot_2,0.669,0.710
1789331848,312611732,560.332,robot_1,-0.535,-0.544
1789331848,312674518,560.332,robot_0,-0.042,-1.839
1789331848,312717920,560.333,robot_2,0.708,0.713
1789331848,513153527,560.533,robot_1,-0.535,-0.544
1789331848,513222836,560.533,robot_0,-0.042,-1.840
1789331848,513272567,560.533,robot_2,0.716,0.714
1789331848,730928870,560.751,robot_1,-0.535,-0.544
1789331848,730989086,560.751,robot_0,-0.042,-1.840
1789331848,731028786,560.751,robot_2,0.746,0.714
1789331848,955942618,560.976,robot_1,-0.534,-0.544
1789331848,956003886,560.976,robot_0,-0.042,-1.840
1789331848,956045972,560.976,robot_2,0.794,0.712
1789331849,163658883,561.183,robot_1,-0.534,-0.544
1789331849,163728454,561.184,robot_0,-0.042,-1.841
1789331849,163779000,561.184,robot_2,0.823,0.711
1789331849,393832970,561.414,robot_1,-0.534,-0.544
1789331849,393899950,561.414,robot_0,-0.042,-1.841
1789331849,393951558,561.414,robot_2,0.823,0.711
1789331849,600263441,561.620,robot_1,-0.533,-0.544
1789331849,600323650,561.620,robot_0,-0.042,-1.841
1789331849,600366008,561.620,robot_2,0.823,0.711
1789331849,812893197,561.833,robot_1,-0.533,-0.543
1789331849,812950953,561.833,robot_0,-0.042,-1.841
1789331849,812993593,561.833,robot_2,0.823,0.710
1789331850,21554133,562.041,robot_1,-0.536,-0.538
1789331850,21624510,562.041,robot_0,-0.041,-1.842
1789331850,21666474,562.041,robot_2,0.823,0.710
1789331850,226388624,562.246,robot_1,-0.555,-0.506
1789331850,226452791,562.246,robot_0,-0.041,-1.842
1789331850,226492206,562.246,robot_2,0.823,0.710
1789331850,447751721,562.468,robot_1,-0.568,-0.484
1789331850,447819042,562.468,robot_0,-0.041,-1.842
1789331850,447867595,562.468,robot_2,0.823,0.709
1789331850,653900368,562.674,robot_1,-0.568,-0.484
1789331850,653964408,562.674,robot_0,-0.040,-1.842
1789331850,654003047,562.674,robot_2,0.824,0.709
1789331850,887401705,562.907,robot_1,-0.568,-0.484
1789331850,887464854,562.907,robot_0,-0.040,-1.842
1789331850,887507014,562.907,robot_2,0.824,0.709
1789331851,115898984,563.136,robot_1,-0.568,-0.484
1789331851,115958144,563.136,robot_0,-0.040,-1.842
1789331851,115994712,563.136,robot_2,0.824,0.709
1789331851,318726078,563.339,robot_1,-0.568,-0.484
1789331851,318794214,563.339,robot_0,-0.037,-1.858
1789331851,318843634,563.339,robot_2,0.824,0.709
1789331851,528498546,563.548,robot_1,-0.569,-0.485
1789331851,528548901,563.548,robot_0,-0.033,-1.882
1789331851,528584895,563.548,robot_2,0.825,0.708
1789331851,757374072,563.777,robot_1,-0.574,-0.451
1789331851,757434477,563.777,robot_0,-0.037,-1.858
1789331851,757486558,563.777,robot_2,0.825,0.708
1789331851,978314354,563.998,robot_1,-0.582,-0.402
1789331851,978373006,563.998,robot_0,-0.047,-1.804
1789331851,978412506,563.998,robot_2,0.825,0.708
1789331852,199062096,564.219,robot_1,-0.588,-0.362
1789331852,199127250,564.219,robot_0,-0.052,-1.776
1789331852,199175803,564.219,robot_2,0.826,0.708
1789331852,414680931,564.435,robot_1,-0.590,-0.353
1789331852,414743764,564.435,robot_0,-0.052,-1.776
1789331852,414781418,564.435,robot_2,0.826,0.708
1789331852,637235097,564.657,robot_1,-0.590,-0.352
1789331852,637304688,564.657,robot_0,-0.052,-1.776
1789331852,637350346,564.657,robot_2,0.827,0.708
1789331852,853567173,564.873,robot_1,-0.589,-0.352
1789331852,853634037,564.873,robot_0,-0.052,-1.777
1789331852,853670191,564.873,robot_2,0.827,0.709
1789331853,56265290,565.076,robot_1,-0.589,-0.352
1789331853,56334197,565.076,robot_0,-0.045,-1.804
1789331853,56374569,565.076,robot_2,0.828,0.707
1789331853,270181296,565.290,robot_1,-0.589,-0.352
1789331853,270253797,565.290,robot_0,-0.039,-1.833
1789331853,270301654,565.290,robot_2,0.842,0.686
1789331853,497859672,565.518,robot_1,-0.589,-0.352
1789331853,497934918,565.518,robot_0,-0.034,-1.852
1789331853,497982359,565.518,robot_2,0.843,0.686
1789331853,699040629,565.719,robot_1,-0.588,-0.351
1789331853,699111678,565.719,robot_0,-0.036,-1.848
1789331853,699161973,565.719,robot_2,0.843,0.686
1789331853,901950644,565.922,robot_1,-0.588,-0.351
1789331853,902025422,565.922,robot_0,-0.049,-1.809
1789331853,902067744,565.922,robot_2,0.826,0.702
1789331854,144570692,566.164,robot_1,-0.588,-0.351
1789331854,144647461,566.164,robot_0,-0.056,-1.786
1789331854,144695561,566.165,robot_2,0.791,0.730
1789331854,362446465,566.382,robot_1,-0.588,-0.351
1789331854,362513619,566.382,robot_0,-0.051,-1.802
1789331854,362551128,566.382,robot_2,0.791,0.730
1789331854,572261609,566.592,robot_1,-0.588,-0.350
1789331854,572327235,566.592,robot_0,-0.050,-1.804
1789331854,572368660,566.592,robot_2,0.770,0.745
1789331854,785362872,566.805,robot_1,-0.588,-0.350
1789331854,785447698,566.805,robot_0,-0.050,-1.804
1789331854,785499604,566.805,robot_2,0.762,0.751
1789331854,996385543,567.016,robot_1,-0.588,-0.350
1789331854,996446223,567.016,robot_0,-0.045,-1.819
1789331854,996481392,567.016,robot_2,0.745,0.765
1789331855,207608461,567.227,robot_1,-0.588,-0.349
1789331855,207673316,567.227,robot_0,-0.041,-1.836
1789331855,207709333,567.228,robot_2,0.710,0.793
1789331855,419982081,567.440,robot_1,-0.588,-0.349
1789331855,420046529,567.440,robot_0,-0.049,-1.809
1789331855,420086625,567.446,robot_2,0.690,0.810
1789331855,628157576,567.648,robot_1,-0.589,-0.349
1789331855,628232220,567.648,robot_0,-0.059,-1.777
1789331855,628280668,567.648,robot_2,0.690,0.810
1789331855,860052885,567.880,robot_1,-0.589,-0.349
1789331855,860123043,567.880,robot_0,-0.060,-1.773
1789331855,860167918,567.880,robot_2,0.690,0.810
1789331856,81878298,568.102,robot_1,-0.589,-0.348
1789331856,81956057,568.102,robot_0,-0.060,-1.772
1789331856,82004916,568.102,robot_2,0.691,0.810
1789331856,316757019,568.337,robot_1,-0.579,-0.333
1789331856,316812882,568.337,robot_0,-0.050,-1.787
1789331856,316844847,568.337,robot_2,0.691,0.811
1789331856,521955570,568.542,robot_1,-0.574,-0.324
1789331856,522018555,568.542,robot_0,-0.045,-1.793
1789331856,522064002,568.542,robot_2,0.691,0.811
1789331856,723451484,568.743,robot_1,-0.558,-0.299
1789331856,723634665,568.743,robot_0,-0.045,-1.793
1789331856,723685223,568.743,robot_2,0.691,0.811
1789331856,924767976,568.945,robot_1,-0.539,-0.269
1789331856,924834537,568.945,robot_0,-0.045,-1.793
1789331856,924878050,568.945,robot_2,0.691,0.812
1789331857,128112544,569.148,robot_1,-0.537,-0.266
1789331857,128183188,569.148,robot_0,-0.045,-1.792
1789331857,128217165,569.148,robot_2,0.691,0.812
1789331857,350313536,569.370,robot_1,-0.560,-0.302
1789331857,351284752,569.371,robot_0,-0.045,-1.792
1789331857,351370775,569.371,robot_2,0.690,0.812
1789331857,580773230,569.601,robot_1,-0.561,-0.303
1789331857,580832793,569.601,robot_0,-0.045,-1.792
1789331857,580872266,569.601,robot_2,0.690,0.813
1789331857,792251672,569.812,robot_1,-0.584,-0.334
1789331857,792316530,569.812,robot_0,-0.045,-1.791
1789331857,792356143,569.812,robot_2,0.690,0.813
1789331857,999381042,570.019,robot_1,-0.604,-0.360
1789331857,999443876,570.019,robot_0,-0.045,-1.791
1789331857,999488950,570.019,robot_2,0.690,0.813
1789331858,214420299,570.234,robot_1,-0.605,-0.361
1789331858,214485577,570.234,robot_0,-0.045,-1.791
1789331858,214530904,570.234,robot_2,0.689,0.813
1789331858,436579461,570.456,robot_1,-0.609,-0.367
1789331858,436647766,570.456,robot_0,-0.045,-1.790
1789331858,436694606,570.457,robot_2,0.689,0.813
1789331858,656338499,570.676,robot_1,-0.631,-0.392
1789331858,656394132,570.676,robot_0,-0.045,-1.790
1789331858,656432540,570.676,robot_2,0.689,0.813
1789331858,866603841,570.889,robot_1,-0.633,-0.393
1789331858,868850872,570.889,robot_0,-0.045,-1.790
1789331858,868925380,570.889,robot_2,0.688,0.813
1789331859,68467006,571.088,robot_1,-0.633,-0.393
1789331859,68518996,571.088,robot_0,-0.046,-1.790
1789331859,68550358,571.088,robot_2,0.688,0.813
1789331859,269019513,571.289,robot_1,-0.633,-0.393
1789331859,269083649,571.289,robot_0,-0.046,-1.789
1789331859,269121442,571.289,robot_2,0.688,0.813
1789331859,473236241,571.493,robot_1,-0.633,-0.393
1789331859,473301899,571.493,robot_0,-0.046,-1.789
1789331859,473348859,571.493,robot_2,0.688,0.813
1789331859,677612366,571.697,robot_1,-0.634,-0.393
1789331859,677666924,571.697,robot_0,-0.046,-1.789
1789331859,677701081,571.698,robot_2,0.687,0.813
1789331859,893542179,571.913,robot_1,-0.634,-0.393
1789331859,893617047,571.913,robot_0,-0.047,-1.789
1789331859,893655446,571.913,robot_2,0.687,0.813
1789331860,97217854,572.117,robot_1,-0.634,-0.393
1789331860,97286473,572.117,robot_0,-0.047,-1.789
1789331860,97332013,572.117,robot_2,0.687,0.813
1789331860,301835590,572.322,robot_1,-0.635,-0.393
1789331860,301898172,572.322,robot_0,-0.047,-1.789
1789331860,301934785,572.322,robot_2,0.687,0.813
1789331860,521893180,572.542,robot_1,-0.635,-0.393
1789331860,521954542,572.542,robot_0,-0.050,-1.771
1789331860,521994992,572.542,robot_2,0.687,0.813
1789331860,736929894,572.757,robot_1,-0.635,-0.393
1789331860,736988079,572.757,robot_0,-0.052,-1.758
1789331860,737024805,572.757,robot_2,0.683,0.817
1789331860,939666187,572.959,robot_1,-0.636,-0.394
1789331860,939725631,572.960,robot_0,-0.052,-1.758
1789331860,939763183,572.960,robot_2,0.661,0.845
1789331861,147373758,573.167,robot_1,-0.636,-0.394
1789331861,147426818,573.167,robot_0,-0.052,-1.758
1789331861,147457711,573.167,robot_2,0.650,0.859
1789331861,380766546,573.401,robot_1,-0.636,-0.394
1789331861,380828242,573.401,robot_0,-0.039,-1.782
1789331861,380872746,573.401,robot_2,0.631,0.882
1789331861,585961728,573.606,robot_1,-0.636,-0.394
1789331861,586024493,573.606,robot_0,-0.024,-1.807
1789331861,586060752,573.606,robot_2,0.609,0.910
1789331861,805217928,573.825,robot_1,-0.636,-0.395
1789331861,805279792,573.825,robot_0,-0.024,-1.807
1789331861,805323584,573.825,robot_2,0.591,0.932
1789331862,24095968,574.044,robot_1,-0.636,-0.395
1789331862,24163050,574.044,robot_0,-0.024,-1.807
1789331862,24210778,574.044,robot_2,0.588,0.936
1789331862,233881370,574.254,robot_1,-0.636,-0.395
1789331862,233944847,574.254,robot_0,-0.024,-1.807
1789331862,233983863,574.254,robot_2,0.588,0.936
1789331862,481848407,574.502,robot_1,-0.641,-0.396
1789331862,481916225,574.502,robot_0,-0.024,-1.807
1789331862,481951960,574.502,robot_2,0.588,0.936
1789331862,698117862,574.718,robot_1,-0.650,-0.396
1789331862,698208542,574.718,robot_0,-0.021,-1.828
1789331862,698255859,574.718,robot_2,0.589,0.936
1789331862,912783673,574.933,robot_1,-0.611,-0.394
1789331862,912847901,574.933,robot_0,-0.015,-1.874
1789331862,912884221,574.933,robot_2,0.589,0.936
1789331863,127703537,575.148,robot_1,-0.605,-0.394
1789331863,127768977,575.148,robot_0,-0.016,-1.874
1789331863,127817067,575.148,robot_2,0.590,0.936
1789331863,344340163,575.364,robot_1,-0.561,-0.395
1789331863,344401885,575.364,robot_0,-0.021,-1.842
1789331863,344443582,575.364,robot_2,0.590,0.936
1789331863,564394511,575.584,robot_1,-0.549,-0.395
1789331863,564475498,575.584,robot_0,-0.022,-1.838
1789331863,564520771,575.584,robot_2,0.591,0.936
1789331863,799809211,575.820,robot_1,-0.549,-0.395
1789331863,799875986,575.820,robot_0,-0.022,-1.838
1789331863,799922233,575.820,robot_2,0.591,0.936
1789331864,8132296,576.028,robot_1,-0.537,-0.398
1789331864,8191964,576.028,robot_0,-0.031,-1.816
1789331864,8228674,576.028,robot_2,0.591,0.936
1789331864,211036538,576.231,robot_1,-0.498,-0.411
1789331864,211103982,576.231,robot_0,-0.043,-1.791
1789331864,211141749,576.231,robot_2,0.592,0.935
1789331864,421002733,576.441,robot_1,-0.456,-0.427
1789331864,421066348,576.441,robot_0,-0.053,-1.770
1789331864,421105804,576.441,robot_2,0.592,0.935
1789331864,641633873,576.661,robot_1,-0.438,-0.434
1789331864,641698253,576.662,robot_0,-0.053,-1.770
1789331864,641735903,576.662,robot_2,0.592,0.935
1789331864,858483040,576.878,robot_1,-0.438,-0.435
1789331864,858540202,576.878,robot_0,-0.053,-1.770
1789331864,863147256,576.883,robot_2,0.591,0.935
1789331865,62998861,577.083,robot_1,-0.438,-0.435
1789331865,63057820,577.083,robot_0,-0.053,-1.770
1789331865,63100023,577.083,robot_2,0.591,0.936
1789331865,266927091,577.287,robot_1,-0.438,-0.435
1789331865,266985606,577.287,robot_0,-0.052,-1.770
1789331865,267021884,577.287,robot_2,0.591,0.936
1789331865,471819283,577.492,robot_1,-0.438,-0.435
1789331865,471876186,577.492,robot_0,-0.052,-1.770
1789331865,471914580,577.492,robot_2,0.591,0.936
1789331865,679112226,577.699,robot_1,-0.438,-0.436
1789331865,679177470,577.699,robot_0,-0.051,-1.770
1789331865,679226845,577.699,robot_2,0.590,0.936
1789331865,884488472,577.904,robot_1,-0.438,-0.436
1789331865,884545809,577.904,robot_0,-0.051,-1.770
1789331865,899673545,577.920,robot_2,0.590,0.936
1789331866,99252621,578.119,robot_1,-0.437,-0.436
1789331866,99314369,578.122,robot_0,-0.051,-1.771
1789331866,101891327,578.122,robot_2,0.590,0.936
1789331866,306014688,578.326,robot_1,-0.437,-0.437
1789331866,306075315,578.326,robot_0,-0.050,-1.771
1789331866,306114205,578.326,robot_2,0.589,0.936
1789331866,527126599,578.547,robot_1,-0.437,-0.437
1789331866,527182783,578.547,robot_0,-0.050,-1.771
1789331866,527218659,578.547,robot_2,0.589,0.936
1789331866,747624616,578.767,robot_1,-0.437,-0.437
1789331866,747687590,578.768,robot_0,-0.050,-1.772
1789331866,747732838,578.768,robot_2,0.589,0.936
1789331866,956270657,578.976,robot_1,-0.436,-0.437
1789331866,956329163,578.976,robot_0,-0.050,-1.772
1789331866,956369826,578.976,robot_2,0.588,0.935
1789331867,172072844,579.192,robot_1,-0.436,-0.437
1789331867,172135809,579.192,robot_0,-0.050,-1.772
1789331867,172179780,579.192,robot_2,0.588,0.935
1789331867,387969105,579.408,robot_1,-0.436,-0.437
1789331867,388035304,579.408,robot_0,-0.050,-1.771
1789331867,388072133,579.408,robot_2,0.588,0.935
1789331867,590334530,579.610,robot_1,-0.435,-0.437
1789331867,590397644,579.610,robot_0,-0.051,-1.771
1789331867,590440650,579.610,robot_2,0.588,0.935
1789331867,802168721,579.822,robot_1,-0.435,-0.437
1789331867,802233658,579.822,robot_0,-0.051,-1.771
1789331867,802278347,579.822,robot_2,0.588,0.934
1789331868,13529056,580.033,robot_1,-0.435,-0.437
1789331868,13601090,580.033,robot_0,-0.051,-1.771
1789331868,13638361,580.033,robot_2,0.608,0.927
1789331868,218994940,580.239,robot_1,-0.435,-0.437
1789331868,219055318,580.239,robot_0,-0.051,-1.771
1789331868,219092504,580.239,robot_2,0.645,0.915
1789331868,449445941,580.469,robot_1,-0.434,-0.437
1789331868,449506944,580.469,robot_0,-0.052,-1.771
1789331868,449544864,580.469,robot_2,0.663,0.910
1789331868,664871271,580.685,robot_1,-0.450,-0.404
1789331868,664928184,580.685,robot_0,-0.052,-1.771
1789331868,671991715,580.692,robot_2,0.703,0.899
1789331868,886425529,580.906,robot_1,-0.465,-0.375
1789331868,886484147,580.906,robot_0,-0.052,-1.771
1789331868,886529595,580.906,robot_2,0.705,0.899
1789331869,98282420,581.118,robot_1,-0.467,-0.370
1789331869,98349658,581.118,robot_0,-0.053,-1.771
1789331869,98396226,581.118,robot_2,0.727,0.892
1789331869,301148983,581.321,robot_1,-0.467,-0.370
1789331869,301214406,581.321,robot_0,-0.053,-1.771
1789331869,301263081,581.321,robot_2,0.765,0.881
1789331869,528058141,581.548,robot_1,-0.467,-0.370
1789331869,528118786,581.548,robot_0,-0.053,-1.771
1789331869,528156823,581.548,robot_2,0.766,0.880
1789331869,732093268,581.752,robot_1,-0.467,-0.370
1789331869,732150755,581.752,robot_0,-0.054,-1.771
1789331869,732187117,581.752,robot_2,0.739,0.887
1789331869,940743032,581.961,robot_1,-0.468,-0.370
1789331869,940807540,581.961,robot_0,-0.054,-1.771
1789331869,940855360,581.961,robot_2,0.726,0.891
1789331870,165267322,582.185,robot_1,-0.468,-0.370
1789331870,165324076,582.185,robot_0,-0.054,-1.772
1789331870,165364926,582.185,robot_2,0.726,0.891
1789331870,368749804,582.389,robot_1,-0.468,-0.368
1789331870,368812066,582.389,robot_0,-0.054,-1.772
1789331870,368857156,582.389,robot_2,0.726,0.891
1789331870,587424445,582.607,robot_1,-0.464,-0.332
1789331870,592950762,582.613,robot_0,-0.056,-1.771
1789331870,593024805,582.613,robot_2,0.726,0.891
1789331870,788106716,582.808,robot_1,-0.460,-0.306
1789331870,788173219,582.808,robot_0,-0.084,-1.760
1789331870,788210336,582.808,robot_2,0.726,0.890
1789331871,1683410,583.022,robot_1,-0.460,-0.306
1789331871,1748608,583.022,robot_0,-0.095,-1.755
1789331871,1783167,583.022,robot_2,0.726,0.890
1789331871,216932353,583.237,robot_1,-0.460,-0.306
1789331871,217005111,583.237,robot_0,-0.095,-1.755
1789331871,217050659,583.237,robot_2,0.726,0.890
1789331871,459531098,583.479,robot_1,-0.459,-0.306
1789331871,459589615,583.479,robot_0,-0.095,-1.756
1789331871,459622413,583.479,robot_2,0.726,0.889
1789331871,679323434,583.699,robot_1,-0.459,-0.306
1789331871,679389589,583.699,robot_0,-0.095,-1.756
1789331871,679432745,583.699,robot_2,0.726,0.889
1789331871,884086228,583.904,robot_1,-0.459,-0.306
1789331871,884154121,583.904,robot_0,-0.076,-1.757
1789331871,884195408,583.904,robot_2,0.727,0.889
1789331872,102620896,584.122,robot_1,-0.458,-0.306
1789331872,102687810,584.122,robot_0,-0.032,-1.757
1789331872,102730044,584.123,robot_2,0.727,0.888
1789331872,310483403,584.330,robot_1,-0.458,-0.306
1789331872,310550114,584.330,robot_0,-0.035,-1.757
1789331872,310600830,584.330,robot_2,0.727,0.888
1789331872,515283030,584.535,robot_1,-0.458,-0.306
1789331872,515350368,584.535,robot_0,-0.063,-1.757
1789331872,515390970,584.535,robot_2,0.727,0.888
1789331872,718852304,584.739,robot_1,-0.458,-0.306
1789331872,718915123,584.739,robot_0,-0.088,-1.758
1789331872,718955206,584.739,robot_2,0.728,0.888
1789331872,929086340,584.949,robot_1,-0.458,-0.306
1789331872,929145818,584.949,robot_0,-0.088,-1.758
1789331872,929181737,584.949,robot_2,0.728,0.888
1789331873,134890646,585.155,robot_1,-0.457,-0.305
1789331873,134961699,585.155,robot_0,-0.088,-1.758
1789331873,135001103,585.155,robot_2,0.728,0.888
1789331873,350645107,585.370,robot_1,-0.457,-0.305
1789331873,350710925,585.371,robot_0,-0.088,-1.758
1789331873,350748211,585.371,robot_2,0.729,0.888
1789331873,555708852,585.576,robot_1,-0.457,-0.305
1789331873,555779193,585.576,robot_0,-0.088,-1.758
1789331873,555818388,585.576,robot_2,0.729,0.888
1789331873,772234301,585.792,robot_1,-0.457,-0.304
1789331873,772304368,585.792,robot_0,-0.088,-1.759
1789331873,772349911,585.792,robot_2,0.729,0.888
1789331873,980139259,586.000,robot_1,-0.457,-0.304
1789331873,980207406,586.000,robot_0,-0.087,-1.759
1789331873,980254498,586.000,robot_2,0.729,0.888
1789331874,182179463,586.202,robot_1,-0.457,-0.304
1789331874,182247645,586.202,robot_0,-0.087,-1.759
1789331874,182284209,586.202,robot_2,0.730,0.888
1789331874,383901269,586.404,robot_1,-0.457,-0.303
1789331874,383968864,586.404,robot_0,-0.087,-1.759
1789331874,384016544,586.404,robot_2,0.730,0.888
1789331874,616733122,586.637,robot_1,-0.457,-0.303
1789331874,616799879,586.637,robot_0,-0.087,-1.760
1789331874,616845242,586.637,robot_2,0.727,0.892
1789331874,833847790,586.854,robot_1,-0.485,-0.315
1789331874,833912529,586.854,robot_0,-0.078,-1.728
1789331874,833947609,586.854,robot_2,0.699,0.931
1789331875,63519427,587.083,robot_1,-0.516,-0.328
1789331875,63600339,587.083,robot_0,-0.072,-1.695
1789331875,63646859,587.083,robot_2,0.690,0.942
1789331875,289015507,587.309,robot_1,-0.517,-0.329
1789331875,289083809,587.309,robot_0,-0.074,-1.708
1789331875,289130109,587.309,robot_2,0.690,0.942
1789331875,501317902,587.521,robot_1,-0.511,-0.326
1789331875,501380073,587.521,robot_0,-0.074,-1.710
1789331875,501419033,587.521,robot_2,0.675,0.959
1789331875,713911524,587.734,robot_1,-0.479,-0.313
1789331875,713984076,587.734,robot_0,-0.074,-1.710
1789331875,714033605,587.734,robot_2,0.647,0.990
1789331875,926101536,587.946,robot_1,-0.465,-0.307
1789331875,926165712,587.946,robot_0,-0.074,-1.710
1789331875,926209860,587.946,robot_2,0.646,0.992
1789331876,137509666,588.157,robot_1,-0.450,-0.301
1789331876,137583595,588.157,robot_0,-0.074,-1.710
1789331876,137630915,588.157,robot_2,0.624,1.014
1789331876,355932283,588.376,robot_1,-0.430,-0.293
1789331876,355998316,588.376,robot_0,-0.073,-1.709
1789331876,356044813,588.376,robot_2,0.611,1.028
1789331876,574610701,588.594,robot_1,-0.430,-0.293
1789331876,574675066,588.594,robot_0,-0.073,-1.709
1789331876,574719981,588.595,robot_2,0.626,1.012
1789331876,777364252,588.797,robot_1,-0.430,-0.293
1789331876,777425661,588.797,robot_0,-0.073,-1.709
1789331876,777461098,588.801,robot_2,0.619,1.019
1789331876,981119487,589.001,robot_1,-0.430,-0.293
1789331876,981188821,589.001,robot_0,-0.073,-1.709
1789331876,981233017,589.001,robot_2,0.587,1.053
1789331877,209411025,589.229,robot_1,-0.430,-0.293
1789331877,209481837,589.229,robot_0,-0.072,-1.709
1789331877,209521511,589.229,robot_2,0.571,1.070
1789331877,419654682,589.440,robot_1,-0.430,-0.293
1789331877,419765075,589.440,robot_0,-0.072,-1.708
1789331877,419805265,589.440,robot_2,0.571,1.070
1789331877,624726070,589.645,robot_1,-0.431,-0.293
1789331877,624786826,589.645,robot_0,-0.072,-1.708
1789331877,624826254,589.645,robot_2,0.571,1.070
1789331877,838983486,589.859,robot_1,-0.431,-0.292
1789331877,839050066,589.859,robot_0,-0.072,-1.708
1789331877,839091045,589.859,robot_2,0.571,1.071
1789331878,57781265,590.078,robot_1,-0.431,-0.292
1789331878,57850414,590.078,robot_0,-0.072,-1.707
1789331878,57894353,590.078,robot_2,0.571,1.071
1789331878,265912083,590.286,robot_1,-0.432,-0.292
1789331878,265970552,590.286,robot_0,-0.072,-1.707
1789331878,266006249,590.286,robot_2,0.571,1.071
1789331878,470859639,590.491,robot_1,-0.432,-0.292
1789331878,470925278,590.491,robot_0,-0.072,-1.707
1789331878,470964307,590.491,robot_2,0.571,1.072
1789331878,699112940,590.719,robot_1,-0.432,-0.292
1789331878,699189349,590.719,robot_0,-0.072,-1.706
1789331878,708691378,590.729,robot_2,0.571,1.072
1789331878,918829329,590.939,robot_1,-0.432,-0.292
1789331878,918891246,590.939,robot_0,-0.072,-1.706
1789331878,918928843,590.939,robot_2,0.571,1.072
1789331879,144764824,591.165,robot_1,-0.433,-0.292
1789331879,144830061,591.165,robot_0,-0.082,-1.711
1789331879,144865127,591.165,robot_2,0.571,1.073
1789331879,363033701,591.383,robot_1,-0.433,-0.292
1789331879,363094666,591.383,robot_0,-0.109,-1.728
1789331879,363128836,591.383,robot_2,0.571,1.073
1789331879,567298008,591.587,robot_1,-0.433,-0.292
1789331879,567371955,591.587,robot_0,-0.090,-1.716
1789331879,567411654,591.587,robot_2,0.571,1.073
1789331879,789261547,591.809,robot_1,-0.434,-0.293
1789331879,789325769,591.809,robot_0,-0.056,-1.694
1789331879,789370483,591.809,robot_2,0.570,1.073
1789331879,996568180,592.016,robot_1,-0.434,-0.293
1789331879,996649062,592.016,robot_0,-0.043,-1.686
1789331879,996695514,592.017,robot_2,0.570,1.074
1789331880,212829754,592.233,robot_1,-0.434,-0.293
1789331880,212893687,592.233,robot_0,-0.043,-1.686
1789331880,212935993,592.233,robot_2,0.570,1.074
1789331880,425572361,592.445,robot_1,-0.434,-0.293
1789331880,425638739,592.445,robot_0,-0.043,-1.686
1789331880,425678700,592.445,robot_2,0.569,1.074
1789331880,631922463,592.652,robot_1,-0.427,-0.298
1789331880,631988024,592.652,robot_0,-0.043,-1.686
1789331880,632029886,592.652,robot_2,0.569,1.074
1789331880,838885118,592.859,robot_1,-0.385,-0.320
1789331880,838951982,592.859,robot_0,-0.044,-1.686
1789331880,838988119,592.859,robot_2,0.569,1.074
1789331881,41586988,593.061,robot_1,-0.390,-0.316
1789331881,41648946,593.061,robot_0,-0.044,-1.686
1789331881,41693174,593.062,robot_2,0.569,1.074
1789331881,258486508,593.278,robot_1,-0.414,-0.303
1789331881,258550966,593.281,robot_0,-0.044,-1.685
1789331881,261349473,593.281,robot_2,0.569,1.065
1789331881,474656042,593.494,robot_1,-0.404,-0.308
1789331881,474718379,593.495,robot_0,-0.028,-1.656
1789331881,474756425,593.495,robot_2,0.576,1.013
1789331881,691646778,593.711,robot_1,-0.400,-0.311
1789331881,691708486,593.712,robot_0,-0.022,-1.645
1789331881,691740514,593.712,robot_2,0.583,0.960
1789331881,916097429,593.936,robot_1,-0.373,-0.329
1789331881,916158556,593.936,robot_0,-0.037,-1.672
1789331881,916195324,593.936,robot_2,0.586,0.940
1789331882,131884234,594.152,robot_1,-0.368,-0.332
1789331882,131953255,594.152,robot_0,-0.029,-1.657
1789331882,131993137,594.152,robot_2,0.586,0.940
1789331882,379553640,594.399,robot_1,-0.361,-0.340
1789331882,379624665,594.399,robot_0,-0.013,-1.627
1789331882,379652765,594.399,robot_2,0.586,0.940
1789331882,581881847,594.602,robot_1,-0.334,-0.373
1789331882,581951740,594.602,robot_0,0.001,-1.602
1789331882,581992663,594.602,robot_2,0.586,0.940
1789331882,793071661,594.813,robot_1,-0.325,-0.383
1789331882,793139923,594.813,robot_0,0.002,-1.600
1789331882,793175371,594.813,robot_2,0.585,0.940
1789331882,998802032,595.019,robot_1,-0.344,-0.357
1789331882,998872385,595.019,robot_0,0.002,-1.600
1789331882,998909325,595.019,robot_2,0.585,0.939
1789331883,204223779,595.224,robot_1,-0.359,-0.336
1789331883,204295226,595.224,robot_0,0.002,-1.600
1789331883,204335699,595.224,robot_2,0.585,0.939
1789331883,419511107,595.439,robot_1,-0.365,-0.329
1789331883,419589625,595.439,robot_0,0.001,-1.600
1789331883,419625410,595.439,robot_2,0.585,0.939
1789331883,621580674,595.641,robot_1,-0.364,-0.329
1789331883,621652578,595.641,robot_0,0.001,-1.600
1789331883,621695767,595.642,robot_2,0.585,0.939
1789331883,828302388,595.848,robot_1,-0.364,-0.329
1789331883,828373691,595.848,robot_0,0.000,-1.600
1789331883,828413284,595.848,robot_2,0.584,0.939
1789331884,36405606,596.056,robot_1,-0.364,-0.329
1789331884,36476804,596.056,robot_0,0.000,-1.600
1789331884,36520742,596.056,robot_2,0.584,0.938
1789331884,245979189,596.266,robot_1,-0.363,-0.329
1789331884,246046563,596.266,robot_0,-0.000,-1.600
1789331884,246077729,596.266,robot_2,0.584,0.938
1789331884,452035709,596.472,robot_1,-0.363,-0.329
1789331884,452106367,596.472,robot_0,-0.001,-1.600
1789331884,452149534,596.472,robot_2,0.584,0.938
1789331884,657137537,596.677,robot_1,-0.363,-0.329
1789331884,657202683,596.677,robot_0,-0.001,-1.601
1789331884,657235788,596.677,robot_2,0.584,0.938
1789331884,865189203,596.885,robot_1,-0.362,-0.329
1789331884,865270783,596.885,robot_0,-0.001,-1.601
1789331884,865309950,596.885,robot_2,0.584,0.937
1789331885,60442851,597.080,robot_1,-0.362,-0.329
1789331885,60502842,597.080,robot_0,-0.001,-1.601
1789331885,60535893,597.080,robot_2,0.584,0.937
1789331885,272598785,597.292,robot_1,-0.361,-0.330
1789331885,272658120,597.292,robot_0,-0.021,-1.596
1789331885,272693053,597.293,robot_2,0.584,0.936
1789331885,491602934,597.511,robot_1,-0.359,-0.329
1789331885,491681655,597.511,robot_0,-0.034,-1.592
1789331885,491715930,597.512,robot_2,0.584,0.936
1789331885,724997220,597.745,robot_1,-0.335,-0.311
1789331885,725060041,597.745,robot_0,-0.001,-1.595
1789331885,725095157,597.745,robot_2,0.585,0.936
1789331885,949956817,597.970,robot_1,-0.330,-0.308
1789331885,950029101,597.970,robot_0,0.040,-1.597
1789331885,950064371,597.970,robot_2,0.585,0.936
1789331886,165391190,598.185,robot_1,-0.316,-0.301
1789331886,165454018,598.185,robot_0,0.028,-1.597
1789331886,165485182,598.185,robot_2,0.585,0.935
1789331886,386505338,598.406,robot_1,-0.348,-0.317
1789331886,396802634,598.417,robot_0,0.013,-1.597
1789331886,396886638,598.417,robot_2,0.585,0.935
1789331886,586960350,598.607,robot_1,-0.385,-0.337
1789331886,587022467,598.607,robot_0,0.000,-1.597
1789331886,587056719,598.607,robot_2,0.586,0.935
1789331886,796062048,598.816,robot_1,-0.398,-0.344
1789331886,796129654,598.816,robot_0,0.000,-1.597
1789331886,796171467,598.816,robot_2,0.586,0.935
1789331887,3271513,599.023,robot_1,-0.429,-0.362
1789331887,3325876,599.023,robot_0,0.000,-1.597
1789331887,3358760,599.023,robot_2,0.586,0.935
1789331887,222041530,599.242,robot_1,-0.449,-0.374
1789331887,222099039,599.242,robot_0,0.000,-1.597
1789331887,222139635,599.242,robot_2,0.587,0.935
1789331887,424021087,599.444,robot_1,-0.449,-0.374
1789331887,424073396,599.444,robot_0,0.001,-1.598
1789331887,424103405,599.444,robot_2,0.587,0.935
1789331887,624111890,599.644,robot_1,-0.449,-0.375
1789331887,624177992,599.644,robot_0,0.001,-1.598
1789331887,624209469,599.644,robot_2,0.587,0.935
1789331887,829194297,599.849,robot_1,-0.449,-0.375
1789331887,829260233,599.849,robot_0,0.001,-1.598
1789331887,829301946,599.849,robot_2,0.588,0.935
1789331888,41041929,600.061,robot_1,-0.449,-0.375
1789331888,41112279,600.061,robot_0,0.001,-1.598
1789331888,41153943,600.061,robot_2,0.588,0.935
