elapsed_s,robot,selected_event,uncontrollable_events,raw_zone
0.260,robot_2,EV_move_forward,EV_path_clear,CLEAR
0.486,robot_2,EV_move_forward,EV_path_clear,CLEAR
0.689,robot_2,EV_search_object,EV_path_clear,CLEAR
0.888,robot_2,EV_search_object,EV_path_clear,CLEAR
1.087,robot_2,EV_search_object,EV_path_clear,CLEAR
1.288,robot_2,EV_move_forward,EV_path_clear,CLEAR
1.591,robot_2,EV_move_forward,EV_path_clear,CLEAR
1.894,robot_2,EV_search_object,EV_path_clear,CLEAR
2.088,robot_2,EV_move_forward,EV_path_clear,CLEAR
2.386,robot_2,EV_move_forward,EV_path_clear,CLEAR
2.588,robot_2,EV_search_object,EV_path_clear,CLEAR
2.844,robot_2,EV_search_object,EV_path_clear,CLEAR
2.996,robot_2,EV_move_forward,EV_object_not_visible|EV_path_clear,CLEAR
3.338,robot_2,EV_search_object,EV_path_clear,CLEAR
3.503,robot_2,EV_search_object,EV_path_clear,CLEAR
3.709,robot_2,EV_search_object,EV_path_clear,CLEAR
3.892,robot_2,EV_move_forward,EV_path_clear,CLEAR
4.197,robot_2,EV_move_forward,EV_path_clear,CLEAR
4.519,robot_2,EV_search_object,EV_path_clear,CLEAR
4.725,robot_2,EV_move_forward,EV_path_clear,CLEAR
5.019,robot_2,EV_move_forward,EV_path_clear|EV_object_reached,CLEAR
5.304,robot_2,EV_move_forward,EV_path_clear,CLEAR
5.668,robot_2,EV_move_forward,EV_path_clear,CLEAR
5.889,robot_2,EV_move_forward,EV_path_clear,CLEAR
6.236,robot_2,EV_pick_up_object,EV_path_clear,CLEAR
6.487,robot_2,EV_rotate_clockwise,EV_red_not_visible|EV_obstacle_left|EV_blue_not_visible,LEFT
6.676,robot_2,EV_rotate_clockwise,EV_obstacle_left,LEFT
6.831,robot_2,EV_rotate_clockwise,EV_obstacle_left,LEFT
7.059,robot_2,EV_rotate_clockwise,EV_obstacle_left,LEFT
7.202,robot_2,EV_rotate_clockwise,EV_obstacle_left,LEFT
7.348,robot_2,EV_rotate_clockwise,EV_obstacle_left,LEFT
7.574,robot_2,EV_u_turn,EV_obstacle_left,LEFT
11.358,robot_2,EV_move_forward,EV_red_not_visible|EV_blue_not_visible|EV_path_clear,CLEAR
11.644,robot_2,EV_move_forward,EV_path_clear,CLEAR
11.931,robot_2,EV_move_forward,EV_path_clear,CLEAR
12.151,robot_2,EV_move_forward,EV_path_clear,CLEAR
12.431,robot_2,EV_u_turn,EV_red_not_visible|EV_obstacle_left|EV_blue_not_visible,LEFT
12.551,robot_2,EV_u_turn,EV_obstacle_left,LEFT
12.647,robot_2,EV_rotate_clockwise,EV_obstacle_left,LEFT
12.798,robot_2,EV_rotate_clockwise,EV_obstacle_left,LEFT
12.962,robot_2,EV_u_turn,EV_obstacle_left,LEFT
13.072,robot_2,EV_rotate_clockwise,EV_obstacle_left,LEFT
13.190,robot_2,EV_u_turn,EV_obstacle_left,LEFT
13.305,robot_2,EV_rotate_clockwise,EV_obstacle_left,LEFT
13.520,robot_2,EV_u_turn,EV_obstacle_left,LEFT
17.337,robot_2,EV_u_turn,EV_red_not_visible|EV_obstacle_left|EV_blue_not_visible,LEFT
17.483,robot_2,EV_u_turn,EV_obstacle_left,LEFT
17.562,robot_2,EV_rotate_clockwise,EV_obstacle_left,LEFT
20.366,robot_2,EV_search_color,EV_red_not_visible|EV_blue_not_visible|EV_path_clear,CLEAR
20.521,robot_2,EV_move_forward,EV_path_clear,CLEAR
20.851,robot_2,EV_move_forward,EV_path_clear,CLEAR
21.124,robot_2,EV_move_forward,EV_path_clear,CLEAR
21.392,robot_2,EV_search_color,EV_path_clear,CLEAR
21.515,robot_2,EV_u_turn,EV_red_not_visible|EV_obstacle_left,LEFT
25.298,robot_2,EV_u_turn,EV_red_not_visible|EV_blue_not_visible|EV_obstacle_right,RIGHT
25.388,robot_2,EV_u_turn,EV_blue_not_visible|EV_obstacle_right,RIGHT
25.535,robot_2,EV_u_turn,EV_obstacle_right,RIGHT
25.604,robot_2,EV_rotate_counterclockwise,EV_obstacle_right,RIGHT
25.845,robot_2,EV_u_turn,EV_obstacle_right|EV_recieve_drop_zone_red,RIGHT
25.920,robot_2,EV_rotate_counterclockwise,EV_obstacle_right,RIGHT
26.148,robot_2,EV_u_turn,EV_obstacle_right,RIGHT
26.226,robot_2,EV_u_turn,EV_obstacle_right,RIGHT
26.329,robot_2,EV_u_turn,EV_obstacle_right,RIGHT
26.405,robot_2,EV_u_turn,EV_obstacle_right,RIGHT
26.552,robot_2,EV_rotate_counterclockwise,EV_obstacle_right,RIGHT
26.741,robot_2,EV_rotate_counterclockwise,EV_obstacle_right,RIGHT
26.920,robot_2,EV_rotate_counterclockwise,EV_red_not_visible|EV_obstacle_right,RIGHT
27.079,robot_2,EV_u_turn,EV_blue_not_visible|EV_obstacle_right,RIGHT
27.189,robot_2,EV_rotate_counterclockwise,EV_obstacle_right,RIGHT
27.300,robot_2,EV_u_turn,EV_obstacle_right,RIGHT
27.400,robot_2,EV_u_turn,EV_obstacle_right,RIGHT
27.519,robot_2,EV_u_turn,EV_obstacle_right,RIGHT
31.327,robot_2,EV_move_forward,EV_red_not_visible|EV_blue_not_visible|EV_path_clear,CLEAR
31.614,robot_2,EV_move_forward,EV_path_clear,CLEAR
31.855,robot_2,EV_search_color,EV_path_clear,CLEAR
32.077,robot_2,EV_move_forward,EV_path_clear,CLEAR
32.342,robot_2,EV_move_forward,EV_path_clear,CLEAR
32.603,robot_2,EV_move_forward,EV_path_clear,CLEAR
32.852,robot_2,EV_move_forward,EV_blue_not_visible|EV_path_clear|EV_red_visible,CLEAR
33.152,robot_2,EV_move_forward,EV_path_clear,CLEAR
33.403,robot_2,EV_approach_color,EV_path_clear,CLEAR
33.648,robot_2,EV_approach_color,EV_path_clear,CLEAR
33.923,robot_2,EV_approach_color,EV_path_clear,CLEAR
34.236,robot_2,EV_move_forward,EV_path_clear,CLEAR
34.516,robot_2,EV_approach_color,EV_path_clear,CLEAR
34.823,robot_2,EV_approach_color,EV_blue_not_visible|EV_path_clear|EV_red_visible,CLEAR
35.142,robot_2,EV_approach_color,EV_path_clear,CLEAR
35.412,robot_2,EV_move_forward,EV_path_clear,CLEAR
35.702,robot_2,EV_move_forward,EV_path_clear,CLEAR
35.915,robot_2,EV_move_forward,EV_path_clear,CLEAR
36.146,robot_2,EV_approach_color,EV_path_clear,CLEAR
36.433,robot_2,EV_rotate_clockwise,EV_blue_visible|EV_red_visible|EV_obstacle_front,CORNER
36.660,robot_2,EV_rotate_counterclockwise,EV_obstacle_front,CORNER
36.827,robot_2,EV_move_backward,EV_obstacle_front,CORNER
37.089,robot_2,EV_rotate_counterclockwise,EV_obstacle_front,CORNER
37.250,robot_2,EV_move_backward,EV_obstacle_front,CORNER
37.542,robot_2,EV_rotate_clockwise,EV_obstacle_front,CORNER
37.738,robot_2,EV_move_backward,EV_obstacle_front,CORNER
37.949,robot_2,EV_rotate_counterclockwise,EV_obstacle_front,CORNER
38.171,robot_2,EV_move_backward,EV_obstacle_front,CORNER
38.445,robot_2,EV_move_backward,EV_red_visible|EV_obstacle_front,CORNER
38.724,robot_2,EV_move_backward,EV_blue_visible|EV_obstacle_front,CORNER
39.004,robot_2,EV_move_backward,EV_obstacle_front,CORNER
39.240,robot_2,EV_rotate_clockwise,EV_obstacle_front,CORNER
42.018,robot_2,EV_rotate_clockwise,EV_blue_visible|EV_obstacle_left|EV_red_visible,LEFT
42.201,robot_2,EV_u_turn,EV_obstacle_left|EV_red_visible,LEFT
46.121,robot_2,EV_u_turn,EV_blue_visible|EV_obstacle_left|EV_red_visible,LEFT
46.217,robot_2,EV_u_turn,EV_obstacle_left,LEFT
46.307,robot_2,EV_u_turn,EV_obstacle_left,LEFT
46.466,robot_2,EV_u_turn,EV_obstacle_left,LEFT
46.571,robot_2,EV_rotate_clockwise,EV_obstacle_left,LEFT
46.716,robot_2,EV_u_turn,EV_obstacle_left,LEFT
46.829,robot_2,EV_u_turn,EV_obstacle_left,LEFT
46.927,robot_2,EV_u_turn,EV_obstacle_left,LEFT
47.070,robot_2,EV_rotate_clockwise,EV_obstacle_left,LEFT
47.256,robot_2,EV_u_turn,EV_obstacle_left,LEFT
47.341,robot_2,EV_u_turn,EV_obstacle_left,LEFT
47.412,robot_2,EV_u_turn,EV_obstacle_left,LEFT
47.513,robot_2,EV_move_forward,EV_path_clear,CLEAR
47.750,robot_2,EV_approach_color,EV_path_clear|EV_red_visible,CLEAR
48.015,robot_2,EV_move_forward,EV_blue_visible|EV_path_clear,CLEAR
48.312,robot_2,EV_approach_color,EV_path_clear,CLEAR
48.569,robot_2,EV_move_forward,EV_path_clear,CLEAR
48.802,robot_2,EV_approach_color,EV_path_clear,CLEAR
49.162,robot_2,EV_approach_color,EV_path_clear|EV_red_visible,CLEAR
49.455,robot_2,EV_move_forward,EV_blue_visible|EV_path_clear,CLEAR
49.701,robot_2,EV_move_forward,EV_path_clear,CLEAR
50.055,robot_2,EV_approach_color,EV_path_clear,CLEAR
50.297,robot_2,EV_approach_color,EV_path_clear,CLEAR
50.535,robot_2,EV_approach_color,EV_path_clear,CLEAR
50.745,robot_2,EV_move_forward,EV_path_clear,CLEAR
50.986,robot_2,EV_move_backward,EV_red_visible|EV_obstacle_front,CORNER
51.252,robot_2,EV_u_turn,EV_blue_visible|EV_obstacle_front,CORNER
55.046,robot_2,EV_rotate_counterclockwise,EV_blue_visible|EV_red_visible|EV_obstacle_right,RIGHT
57.920,robot_2,EV_rotate_counterclockwise,EV_blue_visible|EV_red_visible|EV_obstacle_right,RIGHT
58.118,robot_2,EV_rotate_counterclockwise,EV_obstacle_right,RIGHT
58.270,robot_2,EV_approach_color,EV_path_clear|EV_red_visible,CLEAR
58.528,robot_2,EV_approach_color,EV_blue_visible|EV_path_clear,CLEAR
58.866,robot_2,EV_move_forward,EV_path_clear,CLEAR
59.158,robot_2,EV_approach_color,EV_path_clear,CLEAR
59.474,robot_2,EV_move_forward,EV_path_clear,CLEAR
59.717,robot_2,EV_approach_color,EV_path_clear,CLEAR
60.037,robot_2,EV_move_forward,EV_blue_visible|EV_path_clear|EV_red_visible,CLEAR
60.296,robot_2,EV_move_forward,EV_path_clear,CLEAR
60.628,robot_2,EV_approach_color,EV_path_clear,CLEAR
60.928,robot_2,EV_move_forward,EV_path_clear,CLEAR
61.200,robot_2,EV_approach_color,EV_path_clear,CLEAR
61.458,robot_2,EV_approach_color,EV_path_clear,CLEAR
61.761,robot_2,EV_approach_color,EV_path_clear,CLEAR
62.008,robot_2,EV_approach_color,EV_path_clear,CLEAR
62.258,robot_2,EV_approach_color,EV_blue_visible|EV_path_clear|EV_red_visible,CLEAR
62.525,robot_2,EV_move_forward,EV_path_clear,CLEAR
62.750,robot_2,EV_move_forward,EV_path_clear,CLEAR
63.007,robot_2,EV_move_forward,EV_path_clear,CLEAR
63.234,robot_2,EV_approach_color,EV_path_clear,CLEAR
63.544,robot_2,EV_move_forward,EV_path_clear,CLEAR
63.829,robot_2,EV_approach_color,EV_path_clear,CLEAR
64.121,robot_2,EV_approach_color,EV_red_not_visible|EV_blue_visible|EV_path_clear,CLEAR
64.345,robot_2,EV_approach_color,EV_path_clear,CLEAR
64.665,robot_2,EV_move_forward,EV_path_clear,CLEAR
64.887,robot_2,EV_move_forward,EV_path_clear,CLEAR
65.215,robot_2,EV_approach_color,EV_path_clear,CLEAR
65.524,robot_2,EV_approach_color,EV_path_clear,CLEAR
65.844,robot_2,EV_u_turn,EV_red_not_visible|EV_blue_not_visible|EV_obstacle_front,CORNER
69.747,robot_2,EV_u_turn,EV_red_not_visible|EV_blue_not_visible|EV_obstacle_right,RIGHT
69.854,robot_2,EV_rotate_counterclockwise,EV_obstacle_right,RIGHT
70.032,robot_2,EV_u_turn,EV_obstacle_right,RIGHT
70.148,robot_2,EV_u_turn,EV_obstacle_right,RIGHT
70.224,robot_2,EV_u_turn,EV_obstacle_right,RIGHT
70.299,robot_2,EV_u_turn,EV_obstacle_right,RIGHT
70.432,robot_2,EV_rotate_counterclockwise,EV_obstacle_right,RIGHT
70.634,robot_2,EV_rotate_counterclockwise,EV_obstacle_right,RIGHT
70.816,robot_2,EV_rotate_counterclockwise,EV_obstacle_right,RIGHT
70.991,robot_2,EV_rotate_counterclockwise,EV_obstacle_right,RIGHT
71.222,robot_2,EV_u_turn,EV_obstacle_right,RIGHT
71.329,robot_2,EV_u_turn,EV_obstacle_right,RIGHT
71.448,robot_2,EV_move_forward,EV_red_not_visible|EV_path_clear,CLEAR
71.700,robot_2,EV_search_color,EV_blue_not_visible|EV_path_clear,CLEAR
71.910,robot_2,EV_search_color,EV_path_clear,CLEAR
72.036,robot_2,EV_move_forward,EV_path_clear,CLEAR
72.349,robot_2,EV_move_forward,EV_path_clear,CLEAR
72.627,robot_2,EV_search_color,EV_path_clear,CLEAR
72.805,robot_2,EV_move_forward,EV_path_clear,CLEAR
73.138,robot_2,EV_move_forward,EV_red_not_visible|EV_path_clear,CLEAR
73.387,robot_2,EV_search_color,EV_blue_not_visible|EV_path_clear,CLEAR
73.556,robot_2,EV_move_forward,EV_path_clear,CLEAR
73.795,robot_2,EV_move_forward,EV_path_clear,CLEAR
74.048,robot_2,EV_move_forward,EV_path_clear,CLEAR
74.367,robot_2,EV_search_color,EV_path_clear,CLEAR
74.533,robot_2,EV_move_forward,EV_path_clear,CLEAR
74.884,robot_2,EV_search_color,EV_path_clear,CLEAR
74.996,robot_2,EV_search_color,EV_red_not_visible|EV_path_clear,CLEAR
75.113,robot_2,EV_move_forward,EV_blue_not_visible|EV_path_clear,CLEAR
75.330,robot_2,EV_move_forward,EV_path_clear,CLEAR
75.595,robot_2,EV_search_color,EV_path_clear,CLEAR
75.708,robot_2,EV_move_forward,EV_path_clear,CLEAR
76.055,robot_2,EV_move_forward,EV_path_clear,CLEAR
76.341,robot_2,EV_move_forward,EV_path_clear,CLEAR
76.640,robot_2,EV_move_forward,EV_path_clear,CLEAR
76.953,robot_2,EV_search_color,EV_path_clear,CLEAR
77.117,robot_2,EV_search_color,EV_red_not_visible|EV_path_clear,CLEAR
77.306,robot_2,EV_search_color,EV_blue_not_visible|EV_path_clear,CLEAR
77.441,robot_2,EV_move_forward,EV_path_clear,CLEAR
77.651,robot_2,EV_search_color,EV_path_clear,CLEAR
77.803,robot_2,EV_search_color,EV_path_clear,CLEAR
77.957,robot_2,EV_search_color,EV_path_clear,CLEAR
78.103,robot_2,EV_move_forward,EV_path_clear,CLEAR
78.382,robot_2,EV_search_color,EV_path_clear,CLEAR
78.525,robot_2,EV_search_color,EV_path_clear,CLEAR
78.761,robot_2,EV_search_color,EV_path_clear,CLEAR
78.917,robot_2,EV_search_color,EV_red_not_visible|EV_path_clear,CLEAR
79.117,robot_2,EV_move_forward,EV_blue_not_visible|EV_path_clear,CLEAR
79.329,robot_2,EV_search_color,EV_path_clear,CLEAR
79.525,robot_2,EV_move_forward,EV_path_clear,CLEAR
79.753,robot_2,EV_search_color,EV_path_clear,CLEAR
79.910,robot_2,EV_search_color,EV_path_clear,CLEAR
80.157,robot_2,EV_move_forward,EV_path_clear,CLEAR
80.486,robot_2,EV_search_color,EV_path_clear,CLEAR
80.664,robot_2,EV_search_color,EV_path_clear,CLEAR
80.814,robot_2,EV_search_color,EV_path_clear,CLEAR
80.964,robot_2,EV_move_forward,EV_red_not_visible|EV_path_clear,CLEAR
81.216,robot_2,EV_move_forward,EV_blue_not_visible|EV_path_clear,CLEAR
81.435,robot_2,EV_move_forward,EV_path_clear,CLEAR
81.728,robot_2,EV_search_color,EV_path_clear,CLEAR
81.950,robot_2,EV_search_color,EV_path_clear,CLEAR
82.134,robot_2,EV_search_color,EV_path_clear,CLEAR
82.279,robot_2,EV_move_forward,EV_path_clear,CLEAR
82.544,robot_2,EV_search_color,EV_red_not_visible|EV_path_clear,CLEAR
82.715,robot_2,EV_search_color,EV_blue_not_visible|EV_path_clear,CLEAR
82.938,robot_2,EV_search_color,EV_path_clear,CLEAR
83.102,robot_2,EV_move_forward,EV_path_clear,CLEAR
83.314,robot_2,EV_move_forward,EV_path_clear,CLEAR
83.569,robot_2,EV_move_forward,EV_path_clear,CLEAR
83.809,robot_2,EV_move_forward,EV_path_clear,CLEAR
84.129,robot_2,EV_move_forward,EV_path_clear,CLEAR
84.380,robot_2,EV_move_forward,EV_path_clear,CLEAR
84.613,robot_2,EV_search_color,EV_path_clear,CLEAR
84.729,robot_2,EV_move_forward,EV_red_not_visible|EV_path_clear,CLEAR
84.999,robot_2,EV_move_forward,EV_blue_not_visible|EV_path_clear,CLEAR
85.260,robot_2,EV_move_forward,EV_path_clear,CLEAR
85.551,robot_2,EV_search_color,EV_path_clear,CLEAR
85.722,robot_2,EV_search_color,EV_path_clear,CLEAR
85.896,robot_2,EV_search_color,EV_path_clear,CLEAR
86.017,robot_2,EV_move_forward,EV_path_clear,CLEAR
86.339,robot_2,EV_move_forward,EV_path_clear,CLEAR
86.623,robot_2,EV_move_forward,EV_red_not_visible|EV_blue_not_visible|EV_path_clear,CLEAR
86.899,robot_2,EV_move_forward,EV_path_clear,CLEAR
87.234,robot_2,EV_search_color,EV_path_clear,CLEAR
87.418,robot_2,EV_search_color,EV_path_clear,CLEAR
87.568,robot_2,EV_move_forward,EV_path_clear,CLEAR
87.824,robot_2,EV_move_forward,EV_path_clear,CLEAR
88.042,robot_2,EV_search_color,EV_path_clear,CLEAR
88.237,robot_2,EV_search_color,EV_path_clear,CLEAR
88.352,robot_2,EV_move_forward,EV_red_not_visible|EV_path_clear,CLEAR
88.604,robot_2,EV_move_forward,EV_blue_not_visible|EV_path_clear,CLEAR
88.848,robot_2,EV_search_color,EV_path_clear,CLEAR
89.017,robot_2,EV_search_color,EV_path_clear,CLEAR
89.211,robot_2,EV_move_forward,EV_path_clear,CLEAR
89.545,robot_2,EV_search_color,EV_path_clear,CLEAR
89.738,robot_2,EV_move_forward,EV_path_clear,CLEAR
90.016,robot_2,EV_search_color,EV_path_clear,CLEAR
90.133,robot_2,EV_move_forward,EV_red_not_visible|EV_path_clear,CLEAR
90.403,robot_2,EV_move_forward,EV_blue_not_visible|EV_path_clear,CLEAR
90.763,robot_2,EV_move_forward,EV_path_clear,CLEAR
90.997,robot_2,EV_search_color,EV_path_clear,CLEAR
91.180,robot_2,EV_search_color,EV_path_clear,CLEAR
91.345,robot_2,EV_move_forward,EV_path_clear,CLEAR
91.645,robot_2,EV_search_color,EV_path_clear,CLEAR
91.809,robot_2,EV_search_color,EV_red_not_visible|EV_path_clear,CLEAR
91.963,robot_2,EV_move_forward,EV_blue_not_visible|EV_path_clear,CLEAR
92.250,robot_2,EV_search_color,EV_path_clear,CLEAR
92.402,robot_2,EV_move_forward,EV_path_clear,CLEAR
92.720,robot_2,EV_move_forward,EV_path_clear,CLEAR
93.016,robot_2,EV_move_forward,EV_path_clear,CLEAR
93.229,robot_2,EV_move_forward,EV_path_clear,CLEAR
93.511,robot_2,EV_search_color,EV_path_clear,CLEAR
93.658,robot_2,EV_move_forward,EV_path_clear,CLEAR
93.917,robot_2,EV_search_color,EV_red_not_visible|EV_path_clear,CLEAR
94.104,robot_2,EV_move_forward,EV_blue_not_visible|EV_path_clear,CLEAR
94.373,robot_2,EV_move_forward,EV_path_clear,CLEAR
94.636,robot_2,EV_search_color,EV_path_clear,CLEAR
94.869,robot_2,EV_search_color,EV_path_clear,CLEAR
95.017,robot_2,EV_move_forward,EV_path_clear,CLEAR
95.356,robot_2,EV_move_forward,EV_path_clear,CLEAR
95.624,robot_2,EV_move_forward,EV_path_clear,CLEAR
95.864,robot_2,EV_move_forward,EV_red_not_visible|EV_path_clear,CLEAR
96.103,robot_2,EV_search_color,EV_blue_not_visible|EV_path_clear,CLEAR
96.266,robot_2,EV_search_color,EV_path_clear,CLEAR
96.393,robot_2,EV_move_forward,EV_path_clear,CLEAR
96.651,robot_2,EV_move_forward,EV_path_clear,CLEAR
96.907,robot_2,EV_search_color,EV_path_clear,CLEAR
97.046,robot_2,EV_move_forward,EV_path_clear,CLEAR
97.348,robot_2,EV_search_color,EV_path_clear,CLEAR
97.552,robot_2,EV_search_color,EV_path_clear,CLEAR
97.717,robot_2,EV_rotate_clockwise,EV_red_not_visible|EV_obstacle_left,LEFT
97.868,robot_2,EV_rotate_clockwise,EV_obstacle_left|EV_blue_not_visible,LEFT
98.013,robot_2,EV_rotate_clockwise,EV_obstacle_left,LEFT
98.247,robot_2,EV_u_turn,EV_obstacle_left,LEFT
102.147,robot_2,EV_rotate_clockwise,EV_red_not_visible|EV_obstacle_left|EV_blue_not_visible,LEFT
104.996,robot_2,EV_u_turn,EV_red_not_visible|EV_blue_not_visible|EV_obstacle_right|EV_recieve_drop_zone_blue,RIGHT
108.733,robot_2,EV_search_color,EV_red_not_visible|EV_blue_not_visible|EV_path_clear,CLEAR
108.938,robot_2,EV_search_color,EV_red_not_visible|EV_path_clear,CLEAR
109.149,robot_2,EV_move_forward,EV_blue_not_visible|EV_path_clear,CLEAR
109.437,robot_2,EV_search_color,EV_path_clear,CLEAR
109.591,robot_2,EV_move_forward,EV_path_clear,CLEAR
109.816,robot_2,EV_search_color,EV_path_clear,CLEAR
109.931,robot_2,EV_search_color,EV_path_clear,CLEAR
110.124,robot_2,EV_move_forward,EV_path_clear,CLEAR
110.373,robot_2,EV_search_color,EV_path_clear,CLEAR
110.530,robot_2,EV_search_color,EV_path_clear,CLEAR
110.762,robot_2,EV_move_forward,EV_path_clear,CLEAR
111.028,robot_2,EV_u_turn,EV_red_not_visible|EV_obstacle_right,RIGHT
114.932,robot_2,EV_move_forward,EV_red_not_visible|EV_blue_not_visible|EV_path_clear,CLEAR
115.224,robot_2,EV_move_forward,EV_path_clear,CLEAR
115.427,robot_2,EV_move_forward,EV_path_clear,CLEAR
115.651,robot_2,EV_search_color,EV_path_clear,CLEAR
115.807,robot_2,EV_move_forward,EV_path_clear,CLEAR
116.134,robot_2,EV_move_forward,EV_path_clear,CLEAR
116.420,robot_2,EV_search_color,EV_path_clear,CLEAR
116.574,robot_2,EV_search_color,EV_path_clear,CLEAR
116.706,robot_2,EV_move_forward,EV_path_clear|EV_red_visible,CLEAR
116.985,robot_2,EV_move_forward,EV_blue_not_visible|EV_path_clear,CLEAR
117.333,robot_2,EV_move_forward,EV_path_clear,CLEAR
117.571,robot_2,EV_approach_color,EV_path_clear,CLEAR
117.804,robot_2,EV_approach_color,EV_path_clear,CLEAR
118.153,robot_2,EV_approach_color,EV_path_clear,CLEAR
118.412,robot_2,EV_approach_color,EV_path_clear,CLEAR
118.641,robot_2,EV_approach_color,EV_blue_visible|EV_path_clear|EV_red_visible,CLEAR
118.910,robot_2,EV_move_forward,EV_path_clear,CLEAR
119.142,robot_2,EV_approach_color,EV_path_clear,CLEAR
119.370,robot_2,EV_move_forward,EV_path_clear,CLEAR
119.650,robot_2,EV_approach_color,EV_path_clear,CLEAR
119.923,robot_2,EV_move_forward,EV_path_clear,CLEAR
120.260,robot_2,EV_move_forward,EV_path_clear,CLEAR
120.499,robot_2,EV_move_forward,EV_path_clear|EV_red_visible,CLEAR
120.734,robot_2,EV_approach_color,EV_blue_visible|EV_path_clear,CLEAR
121.005,robot_2,EV_move_forward,EV_path_clear,CLEAR
121.337,robot_2,EV_approach_color,EV_path_clear,CLEAR
121.613,robot_2,EV_approach_color,EV_path_clear,CLEAR
121.880,robot_2,EV_approach_color,EV_path_clear,CLEAR
122.108,robot_2,EV_approach_color,EV_path_clear,CLEAR
122.432,robot_2,EV_approach_color,EV_path_clear|EV_red_visible,CLEAR
122.744,robot_2,EV_move_forward,EV_blue_visible|EV_path_clear,CLEAR
123.062,robot_2,EV_approach_color,EV_path_clear,CLEAR
123.355,robot_2,EV_move_forward,EV_path_clear,CLEAR
123.652,robot_2,EV_approach_color,EV_path_clear,CLEAR
123.954,robot_2,EV_move_forward,EV_path_clear,CLEAR
124.202,robot_2,EV_approach_color,EV_blue_visible|EV_path_clear|EV_red_visible,CLEAR
124.426,robot_2,EV_move_forward,EV_path_clear,CLEAR
124.759,robot_2,EV_move_forward,EV_path_clear,CLEAR
125.017,robot_2,EV_approach_color,EV_path_clear,CLEAR
125.315,robot_2,EV_move_forward,EV_path_clear,CLEAR
125.641,robot_2,EV_move_forward,EV_path_clear,CLEAR
125.965,robot_2,EV_approach_color,EV_path_clear|EV_red_visible,CLEAR
126.212,robot_2,EV_move_forward,EV_blue_visible|EV_path_clear,CLEAR
126.508,robot_2,EV_approach_color,EV_path_clear,CLEAR
126.738,robot_2,EV_approach_color,EV_path_clear,CLEAR
127.016,robot_2,EV_move_forward,EV_path_clear,CLEAR
127.277,robot_2,EV_approach_color,EV_path_clear,CLEAR
127.480,robot_2,EV_approach_color,EV_path_clear,CLEAR
127.739,robot_2,EV_move_forward,EV_blue_visible|EV_path_clear|EV_red_visible,CLEAR
128.058,robot_2,EV_approach_color,EV_path_clear,CLEAR
128.301,robot_2,EV_move_forward,EV_path_clear,CLEAR
128.641,robot_2,EV_move_forward,EV_path_clear,CLEAR
128.955,robot_2,EV_move_forward,EV_path_clear,CLEAR
129.218,robot_2,EV_move_forward,EV_path_clear,CLEAR
129.463,robot_2,EV_approach_color,EV_path_clear|EV_red_visible,CLEAR
129.752,robot_2,EV_move_forward,EV_blue_visible|EV_path_clear,CLEAR
130.056,robot_2,EV_approach_color,EV_path_clear,CLEAR
130.339,robot_2,EV_move_forward,EV_path_clear,CLEAR
130.659,robot_2,EV_approach_color,EV_path_clear,CLEAR
130.961,robot_2,EV_approach_color,EV_path_clear,CLEAR
131.249,robot_2,EV_approach_color,EV_blue_visible|EV_path_clear|EV_red_visible,CLEAR
131.512,robot_2,EV_approach_color,EV_path_clear,CLEAR
131.736,robot_2,EV_approach_color,EV_path_clear,CLEAR
131.962,robot_2,EV_approach_color,EV_path_clear,CLEAR
132.262,robot_2,EV_approach_color,EV_path_clear,CLEAR
132.513,robot_2,EV_move_forward,EV_path_clear,CLEAR
132.734,robot_2,EV_move_forward,EV_path_clear,CLEAR
132.998,robot_2,EV_move_forward,EV_blue_visible|EV_path_clear|EV_red_visible,CLEAR
133.251,robot_2,EV_approach_color,EV_path_clear,CLEAR
133.513,robot_2,EV_approach_color,EV_path_clear,CLEAR
133.738,robot_2,EV_move_forward,EV_path_clear,CLEAR
134.067,robot_2,EV_move_forward,EV_path_clear,CLEAR
134.312,robot_2,EV_approach_color,EV_path_clear,CLEAR
134.589,robot_2,EV_move_forward,EV_path_clear,CLEAR
134.825,robot_2,EV_approach_color,EV_blue_visible|EV_path_clear|EV_red_visible,CLEAR
135.115,robot_2,EV_move_forward,EV_path_clear,CLEAR
135.425,robot_2,EV_approach_color,EV_path_clear,CLEAR
135.693,robot_2,EV_approach_color,EV_path_clear,CLEAR
135.970,robot_2,EV_move_forward,EV_path_clear,CLEAR
136.203,robot_2,EV_approach_color,EV_path_clear,CLEAR
136.518,robot_2,EV_approach_color,EV_path_clear|EV_red_visible,CLEAR
136.817,robot_2,EV_move_forward,EV_blue_visible|EV_path_clear,CLEAR
137.097,robot_2,EV_approach_color,EV_path_clear,CLEAR
137.413,robot_2,EV_approach_color,EV_path_clear,CLEAR
137.751,robot_2,EV_approach_color,EV_path_clear,CLEAR
137.966,robot_2,EV_move_forward,EV_path_clear,CLEAR
138.234,robot_2,EV_move_forward,EV_path_clear,CLEAR
138.445,robot_2,EV_move_forward,EV_path_clear|EV_red_visible,CLEAR
138.745,robot_2,EV_move_forward,EV_blue_visible|EV_path_clear,CLEAR
139.035,robot_2,EV_approach_color,EV_path_clear,CLEAR
139.306,robot_2,EV_move_forward,EV_path_clear,CLEAR
139.636,robot_2,EV_approach_color,EV_path_clear,CLEAR
139.888,robot_2,EV_approach_color,EV_path_clear,CLEAR
140.168,robot_2,EV_move_forward,EV_path_clear,CLEAR
140.418,robot_2,EV_approach_color,EV_path_clear|EV_red_visible,CLEAR
140.749,robot_2,EV_approach_color,EV_blue_visible|EV_path_clear,CLEAR
141.023,robot_2,EV_approach_color,EV_path_clear,CLEAR
141.361,robot_2,EV_approach_color,EV_path_clear,CLEAR
141.614,robot_2,EV_approach_color,EV_path_clear,CLEAR
141.828,robot_2,EV_approach_color,EV_path_clear,CLEAR
142.088,robot_2,EV_approach_color,EV_path_clear|EV_red_visible,CLEAR
142.451,robot_2,EV_move_forward,EV_blue_visible|EV_path_clear,CLEAR
142.701,robot_2,EV_approach_color,EV_path_clear,CLEAR
142.968,robot_2,EV_approach_color,EV_path_clear,CLEAR
143.216,robot_2,EV_move_forward,EV_path_clear,CLEAR
143.520,robot_2,EV_approach_color,EV_path_clear,CLEAR
143.891,robot_2,EV_move_forward,EV_path_clear,CLEAR
144.161,robot_2,EV_approach_color,EV_path_clear|EV_red_visible,CLEAR
144.452,robot_2,EV_approach_color,EV_blue_visible|EV_path_clear,CLEAR
144.708,robot_2,EV_approach_color,EV_path_clear,CLEAR
144.942,robot_2,EV_move_forward,EV_path_clear,CLEAR
145.149,robot_2,EV_move_forward,EV_path_clear,CLEAR
145.409,robot_2,EV_approach_color,EV_path_clear,CLEAR
145.726,robot_2,EV_move_forward,EV_path_clear,CLEAR
145.996,robot_2,EV_move_forward,EV_path_clear|EV_red_visible,CLEAR
146.316,robot_2,EV_move_forward,EV_blue_visible|EV_path_clear,CLEAR
146.667,robot_2,EV_approach_color,EV_path_clear,CLEAR
146.932,robot_2,EV_move_forward,EV_path_clear,CLEAR
147.193,robot_2,EV_approach_color,EV_path_clear,CLEAR
147.513,robot_2,EV_approach_color,EV_path_clear|EV_red_visible,CLEAR
147.753,robot_2,EV_approach_color,EV_blue_visible|EV_path_clear,CLEAR
148.020,robot_2,EV_move_forward,EV_path_clear,CLEAR
148.270,robot_2,EV_move_forward,EV_path_clear,CLEAR
148.531,robot_2,EV_move_forward,EV_path_clear,CLEAR
148.780,robot_2,EV_approach_color,EV_path_clear,CLEAR
149.139,robot_2,EV_approach_color,EV_path_clear,CLEAR
149.450,robot_2,EV_move_forward,EV_blue_visible|EV_path_clear|EV_red_visible,CLEAR
149.714,robot_2,EV_move_forward,EV_path_clear,CLEAR
149.935,robot_2,EV_approach_color,EV_path_clear,CLEAR
150.255,robot_2,EV_move_forward,EV_path_clear,CLEAR
150.589,robot_2,EV_move_forward,EV_path_clear,CLEAR
150.985,robot_2,EV_approach_color,EV_path_clear,CLEAR
151.216,robot_2,EV_move_forward,EV_path_clear,CLEAR
151.432,robot_2,EV_move_forward,EV_blue_visible|EV_path_clear|EV_red_visible,CLEAR
151.713,robot_2,EV_move_forward,EV_path_clear,CLEAR
152.028,robot_2,EV_move_forward,EV_path_clear,CLEAR
152.358,robot_2,EV_move_forward,EV_path_clear,CLEAR
152.585,robot_2,EV_move_forward,EV_path_clear,CLEAR
152.812,robot_2,EV_approach_color,EV_path_clear,CLEAR
153.116,robot_2,EV_move_forward,EV_path_clear|EV_red_visible,CLEAR
153.409,robot_2,EV_approach_color,EV_blue_visible|EV_path_clear,CLEAR
153.758,robot_2,EV_approach_color,EV_path_clear,CLEAR
154.039,robot_2,EV_move_forward,EV_path_clear,CLEAR
154.296,robot_2,EV_approach_color,EV_path_clear,CLEAR
154.612,robot_2,EV_move_forward,EV_path_clear,CLEAR
154.841,robot_2,EV_approach_color,EV_path_clear|EV_red_visible,CLEAR
155.100,robot_2,EV_approach_color,EV_blue_visible|EV_path_clear,CLEAR
155.415,robot_2,EV_move_forward,EV_path_clear,CLEAR
155.623,robot_2,EV_approach_color,EV_path_clear,CLEAR
155.886,robot_2,EV_move_forward,EV_path_clear,CLEAR
156.096,robot_2,EV_approach_color,EV_path_clear,CLEAR
156.320,robot_2,EV_move_forward,EV_path_clear,CLEAR
156.532,robot_2,EV_move_forward,EV_blue_visible|EV_path_clear|EV_red_visible,CLEAR
156.834,robot_2,EV_approach_color,EV_path_clear,CLEAR
157.074,robot_2,EV_approach_color,EV_path_clear,CLEAR
157.338,robot_2,EV_approach_color,EV_path_clear,CLEAR
157.701,robot_2,EV_approach_color,EV_path_clear,CLEAR
158.062,robot_2,EV_move_forward,EV_path_clear,CLEAR
158.328,robot_2,EV_move_forward,EV_red_not_visible|EV_blue_visible|EV_path_clear,CLEAR
158.593,robot_2,EV_approach_color,EV_path_clear,CLEAR
158.828,robot_2,EV_approach_color,EV_path_clear,CLEAR
159.063,robot_2,EV_approach_color,EV_path_clear,CLEAR
159.290,robot_2,EV_move_forward,EV_path_clear,CLEAR
159.531,robot_2,EV_move_forward,EV_path_clear,CLEAR
159.822,robot_2,EV_move_forward,EV_path_clear,CLEAR
160.138,robot_2,EV_move_forward,EV_red_not_visible|EV_blue_visible|EV_path_clear,CLEAR
160.436,robot_2,EV_move_forward,EV_path_clear,CLEAR
160.713,robot_2,EV_approach_color,EV_path_clear,CLEAR
160.955,robot_2,EV_move_forward,EV_path_clear,CLEAR
161.273,robot_2,EV_move_forward,EV_path_clear,CLEAR
161.521,robot_2,EV_approach_color,EV_path_clear,CLEAR
161.834,robot_2,EV_approach_color,EV_red_not_visible|EV_path_clear,CLEAR
162.108,robot_2,EV_move_forward,EV_blue_visible|EV_path_clear,CLEAR
162.472,robot_2,EV_move_forward,EV_path_clear,CLEAR
162.694,robot_2,EV_move_forward,EV_path_clear,CLEAR
162.968,robot_2,EV_approach_color,EV_path_clear,CLEAR
163.198,robot_2,EV_move_forward,EV_path_clear,CLEAR
163.408,robot_2,EV_move_forward,EV_path_clear,CLEAR
163.701,robot_2,EV_approach_color,EV_path_clear,CLEAR
163.948,robot_2,EV_approach_color,EV_red_not_visible|EV_path_clear,CLEAR
164.246,robot_2,EV_move_forward,EV_blue_visible|EV_path_clear,CLEAR
164.557,robot_2,EV_approach_color,EV_path_clear,CLEAR
164.828,robot_2,EV_approach_color,EV_path_clear,CLEAR
165.192,robot_2,EV_move_forward,EV_path_clear,CLEAR
165.502,robot_2,EV_approach_color,EV_red_not_visible|EV_path_clear,CLEAR
165.846,robot_2,EV_move_forward,EV_blue_visible|EV_path_clear,CLEAR
166.138,robot_2,EV_move_forward,EV_path_clear,CLEAR
166.430,robot_2,EV_approach_color,EV_path_clear,CLEAR
166.718,robot_2,EV_move_forward,EV_path_clear,CLEAR
167.056,robot_2,EV_approach_color,EV_path_clear,CLEAR
167.384,robot_2,EV_move_forward,EV_red_not_visible|EV_path_clear,CLEAR
167.632,robot_2,EV_approach_color,EV_blue_visible|EV_path_clear,CLEAR
167.866,robot_2,EV_approach_color,EV_path_clear,CLEAR
168.117,robot_2,EV_approach_color,EV_path_clear,CLEAR
168.444,robot_2,EV_move_forward,EV_path_clear,CLEAR
168.691,robot_2,EV_move_forward,EV_path_clear,CLEAR
168.955,robot_2,EV_move_forward,EV_red_not_visible|EV_path_clear,CLEAR
169.216,robot_2,EV_move_forward,EV_blue_visible|EV_path_clear,CLEAR
169.501,robot_2,EV_approach_color,EV_path_clear,CLEAR
169.761,robot_2,EV_approach_color,EV_path_clear,CLEAR
169.991,robot_2,EV_approach_color,EV_path_clear,CLEAR
170.223,robot_2,EV_approach_color,EV_path_clear,CLEAR
170.505,robot_2,EV_approach_color,EV_path_clear,CLEAR
170.796,robot_2,EV_approach_color,EV_red_not_visible|EV_blue_visible|EV_path_clear,CLEAR
171.022,robot_2,EV_move_forward,EV_path_clear,CLEAR
171.306,robot_2,EV_move_forward,EV_path_clear,CLEAR
171.514,robot_2,EV_approach_color,EV_path_clear,CLEAR
171.807,robot_2,EV_move_forward,EV_path_clear,CLEAR
172.140,robot_2,EV_approach_color,EV_path_clear,CLEAR
172.372,robot_2,EV_approach_color,EV_path_clear,CLEAR
172.597,robot_2,EV_approach_color,EV_path_clear,CLEAR
172.888,robot_2,EV_approach_color,EV_red_not_visible|EV_blue_visible|EV_path_clear,CLEAR
173.151,robot_2,EV_approach_color,EV_path_clear,CLEAR
173.395,robot_2,EV_move_forward,EV_path_clear,CLEAR
173.667,robot_2,EV_move_forward,EV_path_clear,CLEAR
173.884,robot_2,EV_approach_color,EV_path_clear,CLEAR
174.140,robot_2,EV_move_forward,EV_path_clear,CLEAR
174.413,robot_2,EV_move_forward,EV_path_clear,CLEAR
174.640,robot_2,EV_approach_color,EV_path_clear,CLEAR
174.901,robot_2,EV_move_forward,EV_red_not_visible|EV_blue_visible|EV_path_clear,CLEAR
175.241,robot_2,EV_approach_color,EV_path_clear,CLEAR
175.535,robot_2,EV_move_forward,EV_path_clear,CLEAR
175.757,robot_2,EV_approach_color,EV_path_clear,CLEAR
176.046,robot_2,EV_move_forward,EV_path_clear,CLEAR
176.322,robot_2,EV_move_forward,EV_path_clear,CLEAR
176.630,robot_2,EV_move_forward,EV_blue_reached|EV_red_not_visible|EV_path_clear,CLEAR
176.899,robot_2,EV_move_forward,EV_path_clear,CLEAR
177.190,robot_2,EV_move_forward,EV_path_clear,CLEAR
177.435,robot_2,EV_drop_object,EV_path_clear,CLEAR
177.734,robot_2,EV_drop_zone_blue,EV_path_clear,CLEAR
177.851,robot_2,EV_move_forward,EV_path_clear,CLEAR
178.138,robot_2,EV_move_backward,EV_obstacle_front,CORNER
178.394,robot_2,EV_u_turn,EV_object_not_visible|EV_obstacle_front,CORNER
182.233,robot_2,EV_rotate_counterclockwise,EV_object_not_visible|EV_obstacle_right,RIGHT
185.003,robot_2,EV_move_forward,EV_object_not_visible|EV_path_clear,CLEAR
185.270,robot_2,EV_move_forward,EV_path_clear,CLEAR
185.516,robot_2,EV_move_forward,EV_path_clear,CLEAR
185.803,robot_2,EV_search_object,EV_object_not_visible|EV_path_clear,CLEAR
186.016,robot_2,EV_search_object,EV_path_clear,CLEAR
186.124,robot_2,EV_search_object,EV_path_clear,CLEAR
186.315,robot_2,EV_move_forward,EV_path_clear,CLEAR
186.597,robot_2,EV_move_forward,EV_path_clear,CLEAR
186.918,robot_2,EV_search_object,EV_path_clear,CLEAR
187.046,robot_2,EV_move_forward,EV_path_clear,CLEAR
187.398,robot_2,EV_move_forward,EV_path_clear,CLEAR
187.611,robot_2,EV_move_forward,EV_object_visible|EV_path_clear,CLEAR
187.909,robot_2,EV_move_forward,EV_path_clear,CLEAR
188.212,robot_2,EV_approach_object,EV_path_clear,CLEAR
188.450,robot_2,EV_move_forward,EV_path_clear,CLEAR
188.744,robot_2,EV_move_forward,EV_path_clear,CLEAR
189.021,robot_2,EV_move_forward,EV_path_clear,CLEAR
189.300,robot_2,EV_move_forward,EV_path_clear,CLEAR
189.521,robot_2,EV_pick_up_object,EV_path_clear|EV_object_reached,CLEAR
189.807,robot_2,EV_move_forward,EV_path_clear,CLEAR
190.016,robot_2,EV_search_color,EV_path_clear,CLEAR
190.264,robot_2,EV_move_forward,EV_path_clear,CLEAR
190.508,robot_2,EV_search_color,EV_path_clear,CLEAR
190.649,robot_2,EV_search_color,EV_path_clear,CLEAR
190.789,robot_2,EV_move_forward,EV_path_clear,CLEAR
191.078,robot_2,EV_move_forward,EV_path_clear,CLEAR
191.337,robot_2,EV_search_color,EV_path_clear,CLEAR
191.496,robot_2,EV_search_color,EV_blue_reached|EV_red_not_visible|EV_path_clear,CLEAR
191.743,robot_2,EV_search_color,EV_path_clear,CLEAR
191.909,robot_2,EV_search_color,EV_path_clear,CLEAR
192.104,robot_2,EV_search_color,EV_path_clear,CLEAR
192.238,robot_2,EV_move_forward,EV_path_clear,CLEAR
192.529,robot_2,EV_search_color,EV_path_clear,CLEAR
192.747,robot_2,EV_move_forward,EV_path_clear,CLEAR
193.065,robot_2,EV_search_color,EV_path_clear,CLEAR
193.211,robot_2,EV_search_color,EV_path_clear,CLEAR
193.425,robot_2,EV_move_forward,EV_red_not_visible|EV_path_clear,CLEAR
193.712,robot_2,EV_search_color,EV_blue_reached|EV_path_clear,CLEAR
193.832,robot_2,EV_move_forward,EV_path_clear,CLEAR
194.135,robot_2,EV_search_color,EV_path_clear,CLEAR
194.331,robot_2,EV_move_forward,EV_path_clear,CLEAR
194.662,robot_2,EV_move_forward,EV_path_clear,CLEAR
194.901,robot_2,EV_move_forward,EV_path_clear,CLEAR
195.133,robot_2,EV_move_forward,EV_blue_reached|EV_red_not_visible|EV_path_clear,CLEAR
195.425,robot_2,EV_search_color,EV_path_clear,CLEAR
195.636,robot_2,EV_search_color,EV_path_clear,CLEAR
195.862,robot_2,EV_move_forward,EV_path_clear,CLEAR
196.145,robot_2,EV_search_color,EV_path_clear,CLEAR
196.351,robot_2,EV_move_forward,EV_path_clear,CLEAR
196.624,robot_2,EV_move_forward,EV_red_not_visible|EV_path_clear,CLEAR
196.932,robot_2,EV_move_forward,EV_blue_not_visible|EV_path_clear,CLEAR
197.159,robot_2,EV_move_forward,EV_path_clear,CLEAR
197.458,robot_2,EV_move_forward,EV_path_clear,CLEAR
197.701,robot_2,EV_move_forward,EV_path_clear,CLEAR
198.030,robot_2,EV_move_forward,EV_path_clear,CLEAR
198.376,robot_2,EV_search_color,EV_path_clear,CLEAR
198.573,robot_2,EV_search_color,EV_red_not_visible|EV_path_clear,CLEAR
198.755,robot_2,EV_search_color,EV_blue_not_visible|EV_path_clear,CLEAR
198.953,robot_2,EV_move_forward,EV_path_clear,CLEAR
199.219,robot_2,EV_move_forward,EV_path_clear,CLEAR
199.548,robot_2,EV_move_forward,EV_path_clear,CLEAR
199.823,robot_2,EV_move_forward,EV_path_clear,CLEAR
200.067,robot_2,EV_move_forward,EV_path_clear,CLEAR
200.366,robot_2,EV_move_forward,EV_path_clear,CLEAR
200.640,robot_2,EV_search_color,EV_red_not_visible|EV_blue_not_visible|EV_path_clear,CLEAR
200.792,robot_2,EV_search_color,EV_path_clear,CLEAR
200.917,robot_2,EV_move_forward,EV_path_clear,CLEAR
201.252,robot_2,EV_search_color,EV_path_clear,CLEAR
201.462,robot_2,EV_search_color,EV_path_clear,CLEAR
201.680,robot_2,EV_search_color,EV_path_clear,CLEAR
201.824,robot_2,EV_search_color,EV_path_clear,CLEAR
202.031,robot_2,EV_move_forward,EV_path_clear,CLEAR
202.320,robot_2,EV_move_forward,EV_red_not_visible|EV_path_clear,CLEAR
202.622,robot_2,EV_search_color,EV_blue_not_visible|EV_path_clear,CLEAR
202.761,robot_2,EV_move_forward,EV_path_clear,CLEAR
203.039,robot_2,EV_search_color,EV_path_clear,CLEAR
203.224,robot_2,EV_search_color,EV_path_clear,CLEAR
203.438,robot_2,EV_move_forward,EV_path_clear,CLEAR
203.762,robot_2,EV_move_forward,EV_path_clear,CLEAR
204.004,robot_2,EV_move_forward,EV_red_not_visible|EV_path_clear,CLEAR
204.374,robot_2,EV_search_color,EV_blue_not_visible|EV_path_clear,CLEAR
204.519,robot_2,EV_move_forward,EV_path_clear,CLEAR
204.731,robot_2,EV_search_color,EV_path_clear,CLEAR
204.930,robot_2,EV_move_forward,EV_path_clear,CLEAR
205.249,robot_2,EV_move_forward,EV_path_clear,CLEAR
205.499,robot_2,EV_move_forward,EV_path_clear,CLEAR
205.749,robot_2,EV_search_color,EV_path_clear,CLEAR
205.924,robot_2,EV_move_forward,EV_path_clear,CLEAR
206.154,robot_2,EV_search_color,EV_red_not_visible|EV_path_clear,CLEAR
206.328,robot_2,EV_move_forward,EV_blue_not_visible|EV_path_clear,CLEAR
206.599,robot_2,EV_move_forward,EV_path_clear,CLEAR
206.810,robot_2,EV_search_color,EV_path_clear,CLEAR
206.965,robot_2,EV_search_color,EV_path_clear,CLEAR
207.100,robot_2,EV_search_color,EV_path_clear,CLEAR
207.309,robot_2,EV_search_color,EV_path_clear,CLEAR
207.417,robot_2,EV_search_color,EV_path_clear,CLEAR
207.594,robot_2,EV_search_color,EV_path_clear,CLEAR
207.702,robot_2,EV_search_color,EV_path_clear,CLEAR
207.880,robot_2,EV_search_color,EV_path_clear,CLEAR
208.049,robot_2,EV_search_color,EV_red_not_visible|EV_path_clear,CLEAR
208.219,robot_2,EV_search_color,EV_blue_not_visible|EV_path_clear,CLEAR
208.413,robot_2,EV_search_color,EV_path_clear,CLEAR
208.525,robot_2,EV_search_color,EV_path_clear,CLEAR
208.720,robot_2,EV_move_forward,EV_path_clear,CLEAR
208.995,robot_2,EV_search_color,EV_path_clear,CLEAR
209.270,robot_2,EV_move_forward,EV_path_clear,CLEAR
209.530,robot_2,EV_search_color,EV_path_clear,CLEAR
209.729,robot_2,EV_move_forward,EV_path_clear,CLEAR
210.054,robot_2,EV_search_color,EV_red_not_visible|EV_blue_not_visible|EV_path_clear,CLEAR
210.211,robot_2,EV_search_color,EV_path_clear,CLEAR
210.321,robot_2,EV_move_forward,EV_path_clear,CLEAR
210.539,robot_2,EV_search_color,EV_path_clear,CLEAR
210.714,robot_2,EV_search_color,EV_path_clear,CLEAR
210.875,robot_2,EV_search_color,EV_path_clear,CLEAR
211.037,robot_2,EV_search_color,EV_path_clear,CLEAR
211.229,robot_2,EV_search_color,EV_path_clear,CLEAR
211.408,robot_2,EV_move_forward,EV_path_clear,CLEAR
211.640,robot_2,EV_move_forward,EV_path_clear,CLEAR
211.925,robot_2,EV_search_color,EV_red_not_visible|EV_path_clear,CLEAR
212.115,robot_2,EV_move_forward,EV_blue_not_visible|EV_path_clear,CLEAR
212.465,robot_2,EV_search_color,EV_path_clear,CLEAR
212.631,robot_2,EV_move_forward,EV_path_clear,CLEAR
212.928,robot_2,EV_move_forward,EV_path_clear,CLEAR
213.200,robot_2,EV_move_forward,EV_path_clear,CLEAR
213.496,robot_2,EV_search_color,EV_path_clear,CLEAR
213.659,robot_2,EV_search_color,EV_path_clear,CLEAR
213.826,robot_2,EV_move_forward,EV_red_not_visible|EV_blue_not_visible|EV_path_clear,CLEAR
214.129,robot_2,EV_search_color,EV_path_clear,CLEAR
214.350,robot_2,EV_move_forward,EV_path_clear,CLEAR
214.635,robot_2,EV_move_forward,EV_path_clear,CLEAR
214.979,robot_2,EV_move_forward,EV_path_clear,CLEAR
215.192,robot_2,EV_search_color,EV_path_clear,CLEAR
215.382,robot_2,EV_search_color,EV_path_clear,CLEAR
215.515,robot_2,EV_move_forward,EV_path_clear,CLEAR
215.850,robot_2,EV_move_forward,EV_red_not_visible|EV_blue_not_visible|EV_path_clear,CLEAR
216.121,robot_2,EV_move_forward,EV_path_clear,CLEAR
216.359,robot_2,EV_move_forward,EV_path_clear,CLEAR
216.622,robot_2,EV_search_color,EV_path_clear,CLEAR
216.857,robot_2,EV_move_forward,EV_path_clear,CLEAR
217.119,robot_2,EV_search_color,EV_path_clear,CLEAR
217.264,robot_2,EV_move_forward,EV_path_clear,CLEAR
217.558,robot_2,EV_search_color,EV_red_not_visible|EV_path_clear,CLEAR
217.702,robot_2,EV_search_color,EV_blue_not_visible|EV_path_clear,CLEAR
217.813,robot_2,EV_move_forward,EV_path_clear,CLEAR
218.135,robot_2,EV_search_color,EV_path_clear,CLEAR
218.345,robot_2,EV_search_color,EV_path_clear,CLEAR
218.525,robot_2,EV_search_color,EV_path_clear,CLEAR
218.710,robot_2,EV_search_color,EV_path_clear,CLEAR
218.995,robot_2,EV_search_color,EV_path_clear,CLEAR
219.166,robot_2,EV_move_forward,EV_path_clear,CLEAR
219.410,robot_2,EV_search_color,EV_path_clear,CLEAR
219.570,robot_2,EV_search_color,EV_red_not_visible|EV_path_clear,CLEAR
219.706,robot_2,EV_move_forward,EV_blue_not_visible|EV_path_clear,CLEAR
219.971,robot_2,EV_move_forward,EV_path_clear,CLEAR
220.205,robot_2,EV_search_color,EV_path_clear,CLEAR
220.406,robot_2,EV_search_color,EV_path_clear,CLEAR
220.553,robot_2,EV_move_forward,EV_path_clear,CLEAR
220.828,robot_2,EV_move_forward,EV_path_clear,CLEAR
221.044,robot_2,EV_move_forward,EV_path_clear,CLEAR
221.352,robot_2,EV_move_forward,EV_red_not_visible|EV_blue_not_visible|EV_path_clear,CLEAR
221.593,robot_2,EV_move_forward,EV_path_clear,CLEAR
221.820,robot_2,EV_search_color,EV_path_clear,CLEAR
222.021,robot_2,EV_search_color,EV_path_clear,CLEAR
222.226,robot_2,EV_move_forward,EV_path_clear,CLEAR
222.536,robot_2,EV_move_forward,EV_path_clear,CLEAR
222.854,robot_2,EV_move_forward,EV_path_clear,CLEAR
223.104,robot_2,EV_search_color,EV_red_not_visible|EV_path_clear,CLEAR
223.349,robot_2,EV_move_forward,EV_blue_not_visible|EV_path_clear,CLEAR
223.635,robot_2,EV_move_forward,EV_path_clear,CLEAR
223.848,robot_2,EV_search_color,EV_path_clear,CLEAR
224.022,robot_2,EV_search_color,EV_path_clear,CLEAR
224.129,robot_2,EV_search_color,EV_path_clear,CLEAR
224.407,robot_2,EV_move_forward,EV_path_clear,CLEAR
224.662,robot_2,EV_search_color,EV_path_clear,CLEAR
224.860,robot_2,EV_move_forward,EV_red_not_visible|EV_blue_not_visible|EV_path_clear,CLEAR
225.133,robot_2,EV_search_color,EV_path_clear,CLEAR
225.338,robot_2,EV_search_color,EV_path_clear,CLEAR
225.562,robot_2,EV_move_forward,EV_path_clear,CLEAR
225.796,robot_2,EV_move_forward,EV_path_clear,CLEAR
226.052,robot_2,EV_search_color,EV_path_clear,CLEAR
226.208,robot_2,EV_search_color,EV_path_clear,CLEAR
226.430,robot_2,EV_search_color,EV_path_clear,CLEAR
226.627,robot_2,EV_search_color,EV_red_not_visible|EV_blue_not_visible|EV_path_clear,CLEAR
226.804,robot_2,EV_move_forward,EV_path_clear,CLEAR
227.118,robot_2,EV_search_color,EV_path_clear,CLEAR
227.316,robot_2,EV_move_forward,EV_path_clear,CLEAR
227.626,robot_2,EV_move_forward,EV_path_clear,CLEAR
227.904,robot_2,EV_move_forward,EV_path_clear,CLEAR
228.172,robot_2,EV_search_color,EV_path_clear,CLEAR
228.281,robot_2,EV_move_forward,EV_path_clear|EV_red_visible,CLEAR
228.519,robot_2,EV_approach_color,EV_blue_not_visible|EV_path_clear,CLEAR
228.821,robot_2,EV_approach_color,EV_path_clear,CLEAR
229.156,robot_2,EV_approach_color,EV_path_clear,CLEAR
229.457,robot_2,EV_approach_color,EV_path_clear,CLEAR
229.714,robot_2,EV_move_forward,EV_path_clear,CLEAR
230.051,robot_2,EV_approach_color,EV_blue_not_visible|EV_path_clear|EV_red_visible,CLEAR
230.326,robot_2,EV_move_forward,EV_path_clear,CLEAR
230.631,robot_2,EV_move_forward,EV_path_clear,CLEAR
230.897,robot_2,EV_move_forward,EV_path_clear,CLEAR
231.115,robot_2,EV_move_forward,EV_path_clear,CLEAR
231.394,robot_2,EV_approach_color,EV_path_clear,CLEAR
231.640,robot_2,EV_move_forward,EV_path_clear,CLEAR
231.900,robot_2,EV_approach_color,EV_path_clear,CLEAR
232.204,robot_2,EV_move_forward,EV_path_clear|EV_red_visible,CLEAR
232.441,robot_2,EV_move_forward,EV_blue_not_visible|EV_path_clear,CLEAR
232.713,robot_2,EV_move_forward,EV_path_clear,CLEAR
232.952,robot_2,EV_move_forward,EV_path_clear,CLEAR
233.190,robot_2,EV_approach_color,EV_path_clear,CLEAR
233.489,robot_2,EV_move_forward,EV_path_clear,CLEAR
233.752,robot_2,EV_move_forward,EV_path_clear,CLEAR
234.079,robot_2,EV_move_forward,EV_path_clear|EV_red_visible,CLEAR
234.306,robot_2,EV_approach_color,EV_blue_not_visible|EV_path_clear,CLEAR
234.515,robot_2,EV_move_forward,EV_path_clear,CLEAR
234.842,robot_2,EV_approach_color,EV_path_clear,CLEAR
235.139,robot_2,EV_approach_color,EV_path_clear,CLEAR
235.366,robot_2,EV_approach_color,EV_path_clear,CLEAR
235.600,robot_2,EV_approach_color,EV_path_clear,CLEAR
235.980,robot_2,EV_move_forward,EV_blue_not_visible|EV_path_clear|EV_red_visible,CLEAR
236.292,robot_2,EV_approach_color,EV_path_clear,CLEAR
236.626,robot_2,EV_approach_color,EV_path_clear,CLEAR
236.918,robot_2,EV_move_forward,EV_path_clear,CLEAR
237.222,robot_2,EV_approach_color,EV_path_clear,CLEAR
237.528,robot_2,EV_approach_color,EV_path_clear,CLEAR
237.851,robot_2,EV_approach_color,EV_path_clear|EV_red_visible,CLEAR
238.171,robot_2,EV_move_forward,EV_blue_not_visible|EV_path_clear,CLEAR
238.403,robot_2,EV_move_forward,EV_path_clear,CLEAR
238.743,robot_2,EV_approach_color,EV_path_clear,CLEAR
239.013,robot_2,EV_move_forward,EV_path_clear,CLEAR
239.305,robot_2,EV_approach_color,EV_path_clear,CLEAR
239.512,robot_2,EV_approach_color,EV_path_clear,CLEAR
239.781,robot_2,EV_approach_color,EV_path_clear,CLEAR
240.018,robot_2,EV_move_forward,EV_blue_not_visible|EV_path_clear|EV_red_visible,CLEAR
240.332,robot_2,EV_move_forward,EV_path_clear,CLEAR
240.677,robot_2,EV_move_forward,EV_path_clear,CLEAR
240.940,robot_2,EV_approach_color,EV_path_clear,CLEAR
241.168,robot_2,EV_move_forward,EV_path_clear,CLEAR
241.400,robot_2,EV_approach_color,EV_path_clear,CLEAR
241.690,robot_2,EV_move_forward,EV_blue_not_visible|EV_path_clear|EV_red_visible,CLEAR
241.961,robot_2,EV_move_forward,EV_path_clear,CLEAR
242.190,robot_2,EV_move_forward,EV_path_clear,CLEAR
242.432,robot_2,EV_move_forward,EV_path_clear,CLEAR
242.737,robot_2,EV_approach_color,EV_path_clear,CLEAR
243.061,robot_2,EV_approach_color,EV_path_clear,CLEAR
243.351,robot_2,EV_approach_color,EV_path_clear,CLEAR
243.636,robot_2,EV_move_forward,EV_red_reached|EV_blue_not_visible|EV_path_clear,CLEAR
243.910,robot_2,EV_move_forward,EV_path_clear,CLEAR
244.215,robot_2,EV_move_forward,EV_path_clear,CLEAR
244.488,robot_2,EV_move_forward,EV_path_clear,CLEAR
244.759,robot_2,EV_drop_object,EV_path_clear,CLEAR
245.073,robot_2,EV_drop_zone_red,EV_path_clear,CLEAR
245.142,robot_2,EV_move_forward,EV_path_clear,CLEAR
245.562,robot_2,EV_rotate_clockwise,EV_obstacle_front,CORNER
245.756,robot_2,EV_rotate_clockwise,EV_obstacle_front,CORNER
245.890,robot_2,EV_rotate_clockwise,EV_obstacle_front,CORNER
246.093,robot_2,EV_rotate_clockwise,EV_obstacle_front,CORNER
246.327,robot_2,EV_rotate_counterclockwise,EV_obstacle_front,CORNER
246.517,robot_2,EV_rotate_counterclockwise,EV_obstacle_front,CORNER
246.706,robot_2,EV_rotate_counterclockwise,EV_obstacle_front,CORNER
246.892,robot_2,EV_rotate_clockwise,EV_obstacle_front,CORNER
247.071,robot_2,EV_u_turn,EV_obstacle_front,CORNER
250.829,robot_2,EV_rotate_counterclockwise,EV_obstacle_right,RIGHT
253.665,robot_2,EV_u_turn,EV_obstacle_right,RIGHT
257.509,robot_2,EV_move_forward,EV_path_clear,CLEAR
257.802,robot_2,EV_search_object,EV_path_clear,CLEAR
257.955,robot_2,EV_search_object,EV_path_clear,CLEAR
258.093,robot_2,EV_search_object,EV_path_clear,CLEAR
258.216,robot_2,EV_move_forward,EV_path_clear,CLEAR
258.431,robot_2,EV_move_forward,EV_path_clear,CLEAR
258.711,robot_2,EV_search_object,EV_path_clear,CLEAR
258.822,robot_2,EV_move_forward,EV_path_clear,CLEAR
259.118,robot_2,EV_search_object,EV_path_clear,CLEAR
259.237,robot_2,EV_search_object,EV_path_clear,CLEAR
259.465,robot_2,EV_search_object,EV_path_clear,CLEAR
259.629,robot_2,EV_search_object,EV_path_clear,CLEAR
259.780,robot_2,EV_move_forward,EV_path_clear,CLEAR
260.006,robot_2,EV_search_object,EV_path_clear,CLEAR
260.222,robot_2,EV_move_forward,EV_path_clear,CLEAR
260.488,robot_2,EV_search_object,EV_path_clear,CLEAR
260.629,robot_2,EV_search_object,EV_path_clear,CLEAR
260.799,robot_2,EV_move_forward,EV_path_clear,CLEAR
261.012,robot_2,EV_search_object,EV_path_clear,CLEAR
261.142,robot_2,EV_search_object,EV_path_clear,CLEAR
261.325,robot_2,EV_move_forward,EV_path_clear,CLEAR
261.615,robot_2,EV_search_object,EV_path_clear,CLEAR
261.813,robot_2,EV_search_object,EV_path_clear,CLEAR
261.990,robot_2,EV_move_forward,EV_path_clear,CLEAR
262.214,robot_2,EV_move_forward,EV_path_clear,CLEAR
262.494,robot_2,EV_move_forward,EV_path_clear,CLEAR
262.742,robot_2,EV_move_forward,EV_path_clear,CLEAR
263.005,robot_2,EV_move_forward,EV_path_clear,CLEAR
263.268,robot_2,EV_move_forward,EV_path_clear,CLEAR
263.531,robot_2,EV_move_forward,EV_path_clear,CLEAR
263.824,robot_2,EV_search_object,EV_path_clear,CLEAR
263.999,robot_2,EV_search_object,EV_path_clear,CLEAR
264.201,robot_2,EV_move_forward,EV_path_clear,CLEAR
264.425,robot_2,EV_move_forward,EV_path_clear,CLEAR
264.719,robot_2,EV_move_forward,EV_path_clear,CLEAR
265.003,robot_2,EV_move_forward,EV_path_clear,CLEAR
265.295,robot_2,EV_move_forward,EV_path_clear,CLEAR
265.512,robot_2,EV_search_object,EV_path_clear,CLEAR
265.737,robot_2,EV_search_object,EV_path_clear,CLEAR
265.913,robot_2,EV_search_object,EV_path_clear,CLEAR
266.101,robot_2,EV_move_forward,EV_path_clear,CLEAR
266.418,robot_2,EV_search_object,EV_path_clear,CLEAR
266.555,robot_2,EV_search_object,EV_path_clear,CLEAR
266.714,robot_2,EV_move_forward,EV_path_clear,CLEAR
267.057,robot_2,EV_move_forward,EV_path_clear,CLEAR
267.320,robot_2,EV_move_forward,EV_path_clear,CLEAR
267.622,robot_2,EV_search_object,EV_path_clear,CLEAR
267.799,robot_2,EV_move_forward,EV_path_clear,CLEAR
268.012,robot_2,EV_search_object,EV_path_clear,CLEAR
268.222,robot_2,EV_move_forward,EV_path_clear,CLEAR
268.517,robot_2,EV_search_object,EV_path_clear,CLEAR
268.750,robot_2,EV_search_object,EV_path_clear,CLEAR
268.993,robot_2,EV_search_object,EV_path_clear,CLEAR
269.208,robot_2,EV_move_forward,EV_path_clear,CLEAR
269.506,robot_2,EV_search_object,EV_path_clear,CLEAR
269.722,robot_2,EV_search_object,EV_path_clear,CLEAR
269.828,robot_2,EV_search_object,EV_path_clear,CLEAR
270.010,robot_2,EV_search_object,EV_path_clear,CLEAR
270.223,robot_2,EV_move_forward,EV_path_clear,CLEAR
270.496,robot_2,EV_search_object,EV_path_clear,CLEAR
270.713,robot_2,EV_move_forward,EV_path_clear,CLEAR
271.000,robot_2,EV_move_forward,EV_path_clear,CLEAR
271.314,robot_2,EV_search_object,EV_path_clear,CLEAR
271.523,robot_2,EV_search_object,EV_path_clear,CLEAR
271.718,robot_2,EV_search_object,EV_path_clear,CLEAR
271.838,robot_2,EV_search_object,EV_path_clear,CLEAR
272.022,robot_2,EV_move_forward,EV_path_clear,CLEAR
272.293,robot_2,EV_search_object,EV_path_clear,CLEAR
272.487,robot_2,EV_move_forward,EV_path_clear,CLEAR
272.730,robot_2,EV_move_forward,EV_path_clear,CLEAR
273.057,robot_2,EV_search_object,EV_path_clear,CLEAR
273.212,robot_2,EV_move_forward,EV_path_clear,CLEAR
273.439,robot_2,EV_move_forward,EV_path_clear,CLEAR
273.722,robot_2,EV_search_object,EV_path_clear,CLEAR
273.894,robot_2,EV_move_forward,EV_path_clear,CLEAR
274.121,robot_2,EV_move_forward,EV_path_clear,CLEAR
274.431,robot_2,EV_search_object,EV_path_clear,CLEAR
274.612,robot_2,EV_move_forward,EV_path_clear,CLEAR
274.870,robot_2,EV_move_forward,EV_path_clear,CLEAR
275.114,robot_2,EV_move_forward,EV_path_clear,CLEAR
275.391,robot_2,EV_search_object,EV_path_clear,CLEAR
275.640,robot_2,EV_search_object,EV_path_clear,CLEAR
275.842,robot_2,EV_move_forward,EV_path_clear,CLEAR
276.095,robot_2,EV_search_object,EV_path_clear,CLEAR
276.228,robot_2,EV_move_forward,EV_path_clear,CLEAR
276.486,robot_2,EV_search_object,EV_path_clear,CLEAR
276.602,robot_2,EV_search_object,EV_path_clear,CLEAR
276.841,robot_2,EV_move_forward,EV_path_clear,CLEAR
277.090,robot_2,EV_move_forward,EV_path_clear,CLEAR
277.357,robot_2,EV_move_forward,EV_path_clear,CLEAR
277.586,robot_2,EV_search_object,EV_path_clear,CLEAR
277.735,robot_2,EV_move_forward,EV_path_clear,CLEAR
278.044,robot_2,EV_search_object,EV_path_clear,CLEAR
278.206,robot_2,EV_search_object,EV_path_clear,CLEAR
278.435,robot_2,EV_search_object,EV_path_clear,CLEAR
278.731,robot_2,EV_move_forward,EV_path_clear,CLEAR
279.022,robot_2,EV_move_forward,EV_path_clear,CLEAR
279.279,robot_2,EV_move_forward,EV_path_clear,CLEAR
279.509,robot_2,EV_search_object,EV_path_clear,CLEAR
279.740,robot_2,EV_search_object,EV_path_clear,CLEAR
279.897,robot_2,EV_move_forward,EV_path_clear,CLEAR
280.224,robot_2,EV_search_object,EV_path_clear,CLEAR
280.411,robot_2,EV_search_object,EV_path_clear,CLEAR
280.539,robot_2,EV_search_object,EV_path_clear,CLEAR
280.723,robot_2,EV_search_object,EV_path_clear,CLEAR
280.901,robot_2,EV_move_forward,EV_path_clear,CLEAR
281.205,robot_2,EV_move_forward,EV_path_clear,CLEAR
281.520,robot_2,EV_move_forward,EV_path_clear,CLEAR
281.745,robot_2,EV_move_forward,EV_path_clear,CLEAR
282.010,robot_2,EV_move_forward,EV_path_clear,CLEAR
282.328,robot_2,EV_search_object,EV_path_clear,CLEAR
282.537,robot_2,EV_search_object,EV_path_clear,CLEAR
282.728,robot_2,EV_move_forward,EV_path_clear,CLEAR
283.050,robot_2,EV_move_forward,EV_path_clear,CLEAR
283.308,robot_2,EV_search_object,EV_path_clear,CLEAR
283.504,robot_2,EV_move_forward,EV_path_clear,CLEAR
283.849,robot_2,EV_move_forward,EV_path_clear,CLEAR
284.110,robot_2,EV_search_object,EV_path_clear,CLEAR
284.331,robot_2,EV_move_forward,EV_path_clear,CLEAR
284.624,robot_2,EV_move_forward,EV_path_clear,CLEAR
284.966,robot_2,EV_move_forward,EV_path_clear,CLEAR
285.225,robot_2,EV_move_forward,EV_path_clear,CLEAR
285.503,robot_2,EV_move_forward,EV_path_clear,CLEAR
285.728,robot_2,EV_move_forward,EV_path_clear,CLEAR
286.048,robot_2,EV_move_forward,EV_path_clear,CLEAR
286.314,robot_2,EV_move_forward,EV_path_clear,CLEAR
286.549,robot_2,EV_move_forward,EV_path_clear,CLEAR
286.885,robot_2,EV_search_object,EV_path_clear,CLEAR
287.010,robot_2,EV_move_forward,EV_path_clear,CLEAR
287.324,robot_2,EV_move_forward,EV_path_clear,CLEAR
287.551,robot_2,EV_move_forward,EV_path_clear,CLEAR
287.825,robot_2,EV_search_object,EV_path_clear,CLEAR
288.009,robot_2,EV_move_forward,EV_path_clear,CLEAR
288.306,robot_2,EV_move_forward,EV_path_clear,CLEAR
288.545,robot_2,EV_search_object,EV_path_clear,CLEAR
288.705,robot_2,EV_move_forward,EV_path_clear,CLEAR
288.989,robot_2,EV_search_object,EV_path_clear,CLEAR
289.130,robot_2,EV_move_forward,EV_path_clear,CLEAR
289.442,robot_2,EV_search_object,EV_path_clear,CLEAR
289.619,robot_2,EV_move_forward,EV_path_clear,CLEAR
289.928,robot_2,EV_search_object,EV_path_clear,CLEAR
290.123,robot_2,EV_search_object,EV_path_clear,CLEAR
290.315,robot_2,EV_search_object,EV_path_clear,CLEAR
290.419,robot_2,EV_search_object,EV_path_clear,CLEAR
290.594,robot_2,EV_move_forward,EV_path_clear,CLEAR
290.818,robot_2,EV_search_object,EV_path_clear,CLEAR
290.986,robot_2,EV_search_object,EV_path_clear,CLEAR
291.186,robot_2,EV_search_object,EV_path_clear,CLEAR
291.328,robot_2,EV_search_object,EV_path_clear,CLEAR
291.487,robot_2,EV_search_object,EV_path_clear,CLEAR
291.748,robot_2,EV_search_object,EV_path_clear,CLEAR
291.889,robot_2,EV_search_object,EV_path_clear,CLEAR
292.130,robot_2,EV_move_forward,EV_path_clear,CLEAR
292.443,robot_2,EV_move_forward,EV_path_clear,CLEAR
292.735,robot_2,EV_move_forward,EV_path_clear,CLEAR
292.988,robot_2,EV_move_forward,EV_path_clear,CLEAR
293.286,robot_2,EV_move_forward,EV_path_clear,CLEAR
293.587,robot_2,EV_move_forward,EV_path_clear,CLEAR
293.811,robot_2,EV_move_forward,EV_path_clear,CLEAR
294.107,robot_2,EV_search_object,EV_path_clear,CLEAR
294.344,robot_2,EV_search_object,EV_path_clear,CLEAR
294.514,robot_2,EV_move_forward,EV_path_clear,CLEAR
294.803,robot_2,EV_move_forward,EV_path_clear,CLEAR
295.025,robot_2,EV_move_forward,EV_path_clear,CLEAR
295.309,robot_2,EV_move_forward,EV_path_clear,CLEAR
295.617,robot_2,EV_search_object,EV_path_clear,CLEAR
295.855,robot_2,EV_move_forward,EV_path_clear,CLEAR
296.113,robot_2,EV_move_forward,EV_path_clear,CLEAR
296.324,robot_2,EV_move_forward,EV_path_clear,CLEAR
296.629,robot_2,EV_move_forward,EV_path_clear,CLEAR
296.944,robot_2,EV_move_forward,EV_path_clear,CLEAR
297.189,robot_2,EV_move_forward,EV_path_clear,CLEAR
297.544,robot_2,EV_search_object,EV_path_clear,CLEAR
297.724,robot_2,EV_search_object,EV_path_clear,CLEAR
297.890,robot_2,EV_move_forward,EV_path_clear,CLEAR
298.092,robot_2,EV_move_forward,EV_path_clear,CLEAR
298.449,robot_2,EV_move_forward,EV_path_clear,CLEAR
298.734,robot_2,EV_search_object,EV_path_clear,CLEAR
298.928,robot_2,EV_search_object,EV_path_clear,CLEAR
299.140,robot_2,EV_search_object,EV_path_clear,CLEAR
299.314,robot_2,EV_move_forward,EV_path_clear,CLEAR
299.597,robot_2,EV_move_forward,EV_path_clear,CLEAR
299.913,robot_2,EV_move_forward,EV_path_clear,CLEAR
300.200,robot_2,EV_move_forward,EV_path_clear,CLEAR
300.413,robot_2,EV_move_forward,EV_path_clear,CLEAR
300.693,robot_2,EV_move_forward,EV_path_clear,CLEAR
300.901,robot_2,EV_move_forward,EV_path_clear,CLEAR
301.139,robot_2,EV_search_object,EV_path_clear,CLEAR
301.331,robot_2,EV_move_forward,EV_path_clear,CLEAR
301.647,robot_2,EV_move_forward,EV_path_clear,CLEAR
301.908,robot_2,EV_search_object,EV_path_clear,CLEAR
302.117,robot_2,EV_search_object,EV_path_clear,CLEAR
302.307,robot_2,EV_move_forward,EV_path_clear,CLEAR
302.635,robot_2,EV_search_object,EV_path_clear,CLEAR
302.831,robot_2,EV_search_object,EV_path_clear,CLEAR
303.027,robot_2,EV_search_object,EV_path_clear,CLEAR
303.149,robot_2,EV_move_forward,EV_path_clear,CLEAR
303.417,robot_2,EV_move_forward,EV_path_clear,CLEAR
303.709,robot_2,EV_search_object,EV_path_clear,CLEAR
303.834,robot_2,EV_move_forward,EV_path_clear,CLEAR
304.151,robot_2,EV_search_object,EV_path_clear,CLEAR
304.338,robot_2,EV_move_forward,EV_path_clear,CLEAR
304.638,robot_2,EV_move_forward,EV_path_clear,CLEAR
304.922,robot_2,EV_search_object,EV_path_clear,CLEAR
305.093,robot_2,EV_move_forward,EV_path_clear,CLEAR
305.387,robot_2,EV_move_forward,EV_path_clear,CLEAR
305.612,robot_2,EV_move_forward,EV_path_clear,CLEAR
305.897,robot_2,EV_search_object,EV_path_clear,CLEAR
306.128,robot_2,EV_move_forward,EV_path_clear,CLEAR
306.425,robot_2,EV_search_object,EV_path_clear,CLEAR
306.620,robot_2,EV_move_forward,EV_path_clear,CLEAR
306.937,robot_2,EV_search_object,EV_path_clear,CLEAR
307.092,robot_2,EV_search_object,EV_path_clear,CLEAR
307.229,robot_2,EV_move_forward,EV_path_clear,CLEAR
307.517,robot_2,EV_search_object,EV_path_clear,CLEAR
307.722,robot_2,EV_move_forward,EV_path_clear,CLEAR
308.007,robot_2,EV_search_object,EV_path_clear,CLEAR
308.131,robot_2,EV_search_object,EV_path_clear,CLEAR
308.319,robot_2,EV_search_object,EV_path_clear,CLEAR
308.522,robot_2,EV_search_object,EV_path_clear,CLEAR
308.725,robot_2,EV_search_object,EV_path_clear,CLEAR
308.923,robot_2,EV_search_object,EV_path_clear|EV_recieve_drop_zone_blue,CLEAR
309.086,robot_2,EV_move_forward,EV_path_clear,CLEAR
309.326,robot_2,EV_move_forward,EV_path_clear,CLEAR
309.614,robot_2,EV_move_forward,EV_path_clear,CLEAR
309.918,robot_2,EV_move_forward,EV_path_clear,CLEAR
310.167,robot_2,EV_search_object,EV_path_clear,CLEAR
310.300,robot_2,EV_search_object,EV_path_clear,CLEAR
310.511,robot_2,EV_search_object,EV_path_clear,CLEAR
310.728,robot_2,EV_search_object,EV_path_clear,CLEAR
310.927,robot_2,EV_move_forward,EV_path_clear,CLEAR
311.210,robot_2,EV_search_object,EV_path_clear,CLEAR
311.437,robot_2,EV_move_forward,EV_path_clear,CLEAR
311.702,robot_2,EV_search_object,EV_path_clear,CLEAR
311.849,robot_2,EV_search_object,EV_path_clear,CLEAR
312.012,robot_2,EV_search_object,EV_path_clear,CLEAR
312.213,robot_2,EV_search_object,EV_path_clear,CLEAR
312.356,robot_2,EV_search_object,EV_path_clear,CLEAR
312.490,robot_2,EV_move_forward,EV_path_clear,CLEAR
312.732,robot_2,EV_move_forward,EV_path_clear,CLEAR
313.028,robot_2,EV_move_forward,EV_path_clear,CLEAR
313.309,robot_2,EV_search_object,EV_path_clear,CLEAR
313.510,robot_2,EV_search_object,EV_path_clear,CLEAR
313.710,robot_2,EV_search_object,EV_path_clear,CLEAR
313.929,robot_2,EV_move_forward,EV_path_clear,CLEAR
314.148,robot_2,EV_move_forward,EV_path_clear,CLEAR
314.374,robot_2,EV_search_object,EV_path_clear,CLEAR
314.495,robot_2,EV_search_object,EV_path_clear,CLEAR
314.639,robot_2,EV_move_forward,EV_path_clear,CLEAR
314.946,robot_2,EV_search_object,EV_path_clear,CLEAR
315.099,robot_2,EV_move_forward,EV_path_clear,CLEAR
315.354,robot_2,EV_search_object,EV_path_clear,CLEAR
315.518,robot_2,EV_move_forward,EV_path_clear,CLEAR
315.827,robot_2,EV_search_object,EV_path_clear,CLEAR
316.022,robot_2,EV_search_object,EV_path_clear,CLEAR
316.209,robot_2,EV_search_object,EV_path_clear,CLEAR
316.449,robot_2,EV_search_object,EV_path_clear,CLEAR
316.634,robot_2,EV_search_object,EV_path_clear,CLEAR
316.800,robot_2,EV_search_object,EV_path_clear,CLEAR
316.942,robot_2,EV_move_forward,EV_path_clear,CLEAR
317.215,robot_2,EV_move_forward,EV_path_clear,CLEAR
317.515,robot_2,EV_move_forward,EV_path_clear,CLEAR
317.831,robot_2,EV_search_object,EV_path_clear,CLEAR
318.014,robot_2,EV_move_forward,EV_path_clear,CLEAR
318.235,robot_2,EV_move_forward,EV_path_clear,CLEAR
318.523,robot_2,EV_move_forward,EV_path_clear,CLEAR
318.792,robot_2,EV_move_forward,EV_path_clear,CLEAR
319.098,robot_2,EV_search_object,EV_path_clear,CLEAR
319.219,robot_2,EV_search_object,EV_path_clear,CLEAR
319.328,robot_2,EV_move_forward,EV_path_clear,CLEAR
319.561,robot_2,EV_search_object,EV_path_clear,CLEAR
319.723,robot_2,EV_search_object,EV_path_clear,CLEAR
319.913,robot_2,EV_move_forward,EV_path_clear,CLEAR
320.219,robot_2,EV_move_forward,EV_path_clear,CLEAR
320.554,robot_2,EV_search_object,EV_path_clear,CLEAR
320.824,robot_2,EV_move_forward,EV_path_clear,CLEAR
321.121,robot_2,EV_search_object,EV_path_clear,CLEAR
321.351,robot_2,EV_move_forward,EV_path_clear,CLEAR
321.646,robot_2,EV_move_forward,EV_path_clear,CLEAR
321.943,robot_2,EV_search_object,EV_path_clear,CLEAR
322.102,robot_2,EV_search_object,EV_path_clear,CLEAR
322.342,robot_2,EV_search_object,EV_path_clear,CLEAR
322.517,robot_2,EV_search_object,EV_path_clear,CLEAR
322.631,robot_2,EV_move_forward,EV_path_clear,CLEAR
322.953,robot_2,EV_search_object,EV_path_clear,CLEAR
323.096,robot_2,EV_search_object,EV_path_clear,CLEAR
323.209,robot_2,EV_search_object,EV_path_clear,CLEAR
323.315,robot_2,EV_move_forward,EV_path_clear,CLEAR
323.605,robot_2,EV_search_object,EV_path_clear,CLEAR
323.839,robot_2,EV_move_forward,EV_path_clear,CLEAR
324.087,robot_2,EV_move_forward,EV_path_clear,CLEAR
324.410,robot_2,EV_search_object,EV_path_clear,CLEAR
324.647,robot_2,EV_move_forward,EV_path_clear,CLEAR
324.896,robot_2,EV_move_forward,EV_path_clear,CLEAR
325.126,robot_2,EV_search_object,EV_path_clear,CLEAR
325.306,robot_2,EV_move_forward,EV_path_clear,CLEAR
325.627,robot_2,EV_search_object,EV_path_clear,CLEAR
325.790,robot_2,EV_move_forward,EV_path_clear,CLEAR
326.010,robot_2,EV_move_forward,EV_path_clear,CLEAR
326.300,robot_2,EV_move_forward,EV_path_clear,CLEAR
326.622,robot_2,EV_search_object,EV_path_clear,CLEAR
326.737,robot_2,EV_search_object,EV_path_clear,CLEAR
326.899,robot_2,EV_move_forward,EV_path_clear,CLEAR
327.202,robot_2,EV_search_object,EV_path_clear,CLEAR
327.363,robot_2,EV_move_forward,EV_path_clear,CLEAR
327.589,robot_2,EV_search_object,EV_path_clear,CLEAR
327.728,robot_2,EV_search_object,EV_path_clear,CLEAR
327.947,robot_2,EV_move_forward,EV_path_clear,CLEAR
328.216,robot_2,EV_search_object,EV_path_clear,CLEAR
328.445,robot_2,EV_search_object,EV_path_clear,CLEAR
328.615,robot_2,EV_search_object,EV_path_clear,CLEAR
328.752,robot_2,EV_search_object,EV_path_clear,CLEAR
328.912,robot_2,EV_move_forward,EV_path_clear,CLEAR
329.213,robot_2,EV_move_forward,EV_path_clear,CLEAR
329.425,robot_2,EV_move_forward,EV_path_clear,CLEAR
329.697,robot_2,EV_search_object,EV_path_clear,CLEAR
329.913,robot_2,EV_search_object,EV_path_clear,CLEAR
330.125,robot_2,EV_move_forward,EV_path_clear,CLEAR
330.388,robot_2,EV_search_object,EV_path_clear,CLEAR
330.537,robot_2,EV_move_forward,EV_path_clear,CLEAR
330.826,robot_2,EV_move_forward,EV_path_clear,CLEAR
331.100,robot_2,EV_move_forward,EV_path_clear,CLEAR
331.428,robot_2,EV_move_forward,EV_path_clear,CLEAR
331.709,robot_2,EV_search_object,EV_path_clear,CLEAR
331.882,robot_2,EV_move_forward,EV_path_clear,CLEAR
332.125,robot_2,EV_move_forward,EV_path_clear,CLEAR
332.422,robot_2,EV_move_forward,EV_path_clear,CLEAR
332.741,robot_2,EV_move_forward,EV_path_clear,CLEAR
333.017,robot_2,EV_move_forward,EV_path_clear,CLEAR
333.303,robot_2,EV_search_object,EV_path_clear,CLEAR
333.447,robot_2,EV_search_object,EV_path_clear,CLEAR
333.622,robot_2,EV_move_forward,EV_path_clear,CLEAR
333.893,robot_2,EV_search_object,EV_path_clear,CLEAR
334.134,robot_2,EV_move_forward,EV_path_clear,CLEAR
334.395,robot_2,EV_move_forward,EV_path_clear,CLEAR
334.695,robot_2,EV_move_forward,EV_path_clear,CLEAR
334.924,robot_2,EV_move_forward,EV_path_clear,CLEAR
335.262,robot_2,EV_search_object,EV_path_clear,CLEAR
335.421,robot_2,EV_search_object,EV_path_clear,CLEAR
335.668,robot_2,EV_move_forward,EV_path_clear,CLEAR
336.000,robot_2,EV_search_object,EV_path_clear,CLEAR
336.208,robot_2,EV_search_object,EV_path_clear,CLEAR
336.419,robot_2,EV_move_forward,EV_path_clear,CLEAR
336.692,robot_2,EV_move_forward,EV_path_clear,CLEAR
336.942,robot_2,EV_move_forward,EV_path_clear,CLEAR
337.246,robot_2,EV_search_object,EV_path_clear,CLEAR
337.419,robot_2,EV_move_forward,EV_path_clear,CLEAR
337.622,robot_2,EV_move_forward,EV_path_clear,CLEAR
337.909,robot_2,EV_search_object,EV_path_clear,CLEAR
338.105,robot_2,EV_search_object,EV_path_clear,CLEAR
338.222,robot_2,EV_move_forward,EV_path_clear,CLEAR
338.500,robot_2,EV_move_forward,EV_path_clear,CLEAR
338.747,robot_2,EV_search_object,EV_path_clear,CLEAR
338.948,robot_2,EV_search_object,EV_path_clear,CLEAR
339.130,robot_2,EV_move_forward,EV_path_clear,CLEAR
339.399,robot_2,EV_search_object,EV_path_clear,CLEAR
339.619,robot_2,EV_search_object,EV_path_clear,CLEAR
339.823,robot_2,EV_move_forward,EV_path_clear,CLEAR
340.104,robot_2,EV_move_forward,EV_path_clear,CLEAR
340.324,robot_2,EV_move_forward,EV_path_clear,CLEAR
340.605,robot_2,EV_search_object,EV_path_clear,CLEAR
340.744,robot_2,EV_search_object,EV_path_clear,CLEAR
340.908,robot_2,EV_search_object,EV_path_clear,CLEAR
341.122,robot_2,EV_search_object,EV_path_clear,CLEAR
341.316,robot_2,EV_search_object,EV_path_clear,CLEAR
341.512,robot_2,EV_search_object,EV_path_clear,CLEAR
341.623,robot_2,EV_search_object,EV_path_clear,CLEAR
341.801,robot_2,EV_move_forward,EV_path_clear,CLEAR
342.024,robot_2,EV_search_object,EV_path_clear,CLEAR
342.206,robot_2,EV_move_forward,EV_path_clear,CLEAR
342.530,robot_2,EV_move_forward,EV_path_clear,CLEAR
342.786,robot_2,EV_move_forward,EV_path_clear,CLEAR
343.049,robot_2,EV_search_object,EV_path_clear,CLEAR
343.228,robot_2,EV_search_object,EV_path_clear,CLEAR
343.407,robot_2,EV_move_forward,EV_path_clear,CLEAR
343.710,robot_2,EV_search_object,EV_path_clear,CLEAR
343.927,robot_2,EV_search_object,EV_path_clear,CLEAR
344.101,robot_2,EV_search_object,EV_path_clear,CLEAR
344.289,robot_2,EV_search_object,EV_path_clear,CLEAR
344.470,robot_2,EV_search_object,EV_path_clear,CLEAR
344.597,robot_2,EV_move_forward,EV_path_clear,CLEAR
344.843,robot_2,EV_search_object,EV_path_clear,CLEAR
345.014,robot_2,EV_move_forward,EV_path_clear,CLEAR
345.340,robot_2,EV_move_forward,EV_path_clear,CLEAR
345.619,robot_2,EV_move_forward,EV_path_clear,CLEAR
345.912,robot_2,EV_search_object,EV_path_clear,CLEAR
346.123,robot_2,EV_search_object,EV_path_clear,CLEAR
346.297,robot_2,EV_search_object,EV_path_clear,CLEAR
346.424,robot_2,EV_search_object,EV_path_clear,CLEAR
346.603,robot_2,EV_move_forward,EV_path_clear,CLEAR
346.831,robot_2,EV_move_forward,EV_path_clear,CLEAR
347.096,robot_2,EV_move_forward,EV_path_clear,CLEAR
347.338,robot_2,EV_move_forward,EV_path_clear,CLEAR
347.609,robot_2,EV_search_object,EV_path_clear,CLEAR
347.722,robot_2,EV_search_object,EV_path_clear,CLEAR
347.935,robot_2,EV_search_object,EV_path_clear,CLEAR
348.120,robot_2,EV_search_object,EV_path_clear,CLEAR
348.334,robot_2,EV_search_object,EV_path_clear,CLEAR
348.519,robot_2,EV_move_forward,EV_path_clear,CLEAR
348.815,robot_2,EV_search_object,EV_path_clear,CLEAR
348.946,robot_2,EV_search_object,EV_path_clear,CLEAR
349.111,robot_2,EV_move_forward,EV_path_clear,CLEAR
349.339,robot_2,EV_search_object,EV_path_clear,CLEAR
349.491,robot_2,EV_search_object,EV_path_clear,CLEAR
349.636,robot_2,EV_move_forward,EV_path_clear,CLEAR
349.949,robot_2,EV_move_forward,EV_path_clear,CLEAR
350.206,robot_2,EV_search_object,EV_path_clear,CLEAR
350.328,robot_2,EV_move_forward,EV_path_clear,CLEAR
350.586,robot_2,EV_search_object,EV_path_clear,CLEAR
350.799,robot_2,EV_search_object,EV_path_clear,CLEAR
351.023,robot_2,EV_search_object,EV_path_clear,CLEAR
351.193,robot_2,EV_move_forward,EV_path_clear,CLEAR
351.463,robot_2,EV_move_forward,EV_path_clear,CLEAR
351.725,robot_2,EV_search_object,EV_path_clear,CLEAR
351.899,robot_2,EV_search_object,EV_path_clear,CLEAR
352.038,robot_2,EV_search_object,EV_path_clear,CLEAR
352.201,robot_2,EV_move_forward,EV_path_clear,CLEAR
352.518,robot_2,EV_search_object,EV_path_clear,CLEAR
352.713,robot_2,EV_move_forward,EV_path_clear,CLEAR
353.011,robot_2,EV_move_forward,EV_path_clear,CLEAR
353.320,robot_2,EV_move_forward,EV_path_clear,CLEAR
353.590,robot_2,EV_move_forward,EV_path_clear,CLEAR
353.908,robot_2,EV_search_object,EV_path_clear,CLEAR
354.111,robot_2,EV_move_forward,EV_path_clear,CLEAR
354.426,robot_2,EV_move_forward,EV_path_clear,CLEAR
354.634,robot_2,EV_search_object,EV_path_clear,CLEAR
354.790,robot_2,EV_search_object,EV_path_clear,CLEAR
354.907,robot_2,EV_move_forward,EV_path_clear,CLEAR
355.228,robot_2,EV_move_forward,EV_path_clear,CLEAR
355.506,robot_2,EV_move_forward,EV_path_clear,CLEAR
355.728,robot_2,EV_move_forward,EV_path_clear,CLEAR
356.020,robot_2,EV_move_forward,EV_path_clear,CLEAR
356.261,robot_2,EV_search_object,EV_path_clear,CLEAR
356.516,robot_2,EV_search_object,EV_path_clear,CLEAR
356.669,robot_2,EV_search_object,EV_path_clear,CLEAR
356.846,robot_2,EV_search_object,EV_path_clear,CLEAR
357.025,robot_2,EV_move_forward,EV_path_clear,CLEAR
357.312,robot_2,EV_search_object,EV_path_clear,CLEAR
357.506,robot_2,EV_move_forward,EV_path_clear,CLEAR
357.792,robot_2,EV_move_forward,EV_path_clear,CLEAR
358.143,robot_2,EV_search_object,EV_path_clear,CLEAR
358.327,robot_2,EV_move_forward,EV_path_clear,CLEAR
358.589,robot_2,EV_move_forward,EV_path_clear,CLEAR
358.819,robot_2,EV_move_forward,EV_path_clear,CLEAR
359.122,robot_2,EV_move_forward,EV_path_clear,CLEAR
359.397,robot_2,EV_move_forward,EV_path_clear,CLEAR
359.655,robot_2,EV_search_object,EV_path_clear,CLEAR
359.812,robot_2,EV_search_object,EV_path_clear,CLEAR
359.929,robot_2,EV_move_forward,EV_path_clear,CLEAR
360.233,robot_2,EV_search_object,EV_path_clear,CLEAR
360.424,robot_2,EV_move_forward,EV_path_clear,CLEAR
360.716,robot_2,EV_move_forward,EV_path_clear,CLEAR
361.008,robot_2,EV_search_object,EV_path_clear,CLEAR
361.135,robot_2,EV_move_forward,EV_path_clear,CLEAR
361.457,robot_2,EV_move_forward,EV_path_clear,CLEAR
361.827,robot_2,EV_search_object,EV_path_clear,CLEAR
361.933,robot_2,EV_search_object,EV_path_clear,CLEAR
362.106,robot_2,EV_search_object,EV_path_clear,CLEAR
362.291,robot_2,EV_move_forward,EV_path_clear,CLEAR
362.510,robot_2,EV_move_forward,EV_path_clear,CLEAR
362.739,robot_2,EV_search_object,EV_path_clear,CLEAR
362.931,robot_2,EV_search_object,EV_path_clear,CLEAR
363.101,robot_2,EV_search_object,EV_path_clear,CLEAR
363.308,robot_2,EV_search_object,EV_path_clear,CLEAR
363.523,robot_2,EV_move_forward,EV_path_clear,CLEAR
363.806,robot_2,EV_move_forward,EV_path_clear,CLEAR
364.012,robot_2,EV_move_forward,EV_path_clear,CLEAR
364.286,robot_2,EV_search_object,EV_path_clear,CLEAR
364.419,robot_2,EV_search_object,EV_path_clear,CLEAR
364.632,robot_2,EV_move_forward,EV_path_clear,CLEAR
364.889,robot_2,EV_move_forward,EV_path_clear,CLEAR
365.121,robot_2,EV_move_forward,EV_path_clear,CLEAR
365.337,robot_2,EV_search_object,EV_path_clear,CLEAR
365.459,robot_2,EV_move_forward,EV_path_clear,CLEAR
365.720,robot_2,EV_move_forward,EV_path_clear,CLEAR
365.947,robot_2,EV_move_forward,EV_path_clear,CLEAR
366.194,robot_2,EV_search_object,EV_path_clear,CLEAR
366.396,robot_2,EV_search_object,EV_path_clear,CLEAR
366.611,robot_2,EV_move_forward,EV_path_clear,CLEAR
366.824,robot_2,EV_move_forward,EV_path_clear,CLEAR
367.044,robot_2,EV_search_object,EV_path_clear,CLEAR
367.231,robot_2,EV_search_object,EV_path_clear,CLEAR
367.412,robot_2,EV_search_object,EV_path_clear,CLEAR
367.549,robot_2,EV_move_forward,EV_path_clear,CLEAR
367.824,robot_2,EV_move_forward,EV_path_clear,CLEAR
368.104,robot_2,EV_move_forward,EV_path_clear,CLEAR
368.414,robot_2,EV_search_object,EV_path_clear,CLEAR
368.643,robot_2,EV_search_object,EV_path_clear,CLEAR
368.789,robot_2,EV_search_object,EV_path_clear,CLEAR
368.990,robot_2,EV_search_object,EV_path_clear,CLEAR
369.248,robot_2,EV_move_forward,EV_path_clear,CLEAR
369.529,robot_2,EV_move_forward,EV_path_clear,CLEAR
369.833,robot_2,EV_search_object,EV_path_clear,CLEAR
370.035,robot_2,EV_search_object,EV_path_clear,CLEAR
370.205,robot_2,EV_move_forward,EV_path_clear,CLEAR
370.490,robot_2,EV_search_object,EV_path_clear,CLEAR
370.734,robot_2,EV_move_forward,EV_path_clear,CLEAR
370.993,robot_2,EV_move_forward,EV_path_clear,CLEAR
371.306,robot_2,EV_move_forward,EV_path_clear,CLEAR
371.524,robot_2,EV_search_object,EV_path_clear,CLEAR
371.627,robot_2,EV_move_forward,EV_path_clear,CLEAR
371.938,robot_2,EV_search_object,EV_path_clear,CLEAR
372.143,robot_2,EV_search_object,EV_path_clear,CLEAR
372.317,robot_2,EV_move_forward,EV_path_clear,CLEAR
372.564,robot_2,EV_search_object,EV_path_clear,CLEAR
372.736,robot_2,EV_move_forward,EV_path_clear,CLEAR
372.996,robot_2,EV_search_object,EV_path_clear,CLEAR
373.219,robot_2,EV_search_object,EV_path_clear,CLEAR
373.398,robot_2,EV_move_forward,EV_path_clear,CLEAR
373.722,robot_2,EV_move_forward,EV_path_clear,CLEAR
374.017,robot_2,EV_move_forward,EV_path_clear,CLEAR
374.290,robot_2,EV_search_object,EV_path_clear,CLEAR
374.504,robot_2,EV_move_forward,EV_path_clear,CLEAR
374.814,robot_2,EV_move_forward,EV_path_clear,CLEAR
375.164,robot_2,EV_search_object,EV_path_clear,CLEAR
375.318,robot_2,EV_search_object,EV_path_clear,CLEAR
375.498,robot_2,EV_search_object,EV_path_clear,CLEAR
375.704,robot_2,EV_move_forward,EV_path_clear,CLEAR
376.004,robot_2,EV_search_object,EV_path_clear,CLEAR
376.130,robot_2,EV_search_object,EV_path_clear,CLEAR
376.342,robot_2,EV_search_object,EV_path_clear,CLEAR
376.463,robot_2,EV_search_object,EV_path_clear,CLEAR
376.607,robot_2,EV_move_forward,EV_path_clear,CLEAR
376.893,robot_2,EV_search_object,EV_path_clear,CLEAR
377.016,robot_2,EV_move_forward,EV_path_clear,CLEAR
377.293,robot_2,EV_search_object,EV_path_clear,CLEAR
377.414,robot_2,EV_search_object,EV_path_clear,CLEAR
377.590,robot_2,EV_search_object,EV_path_clear,CLEAR
377.711,robot_2,EV_move_forward,EV_path_clear,CLEAR
377.922,robot_2,EV_move_forward,EV_path_clear,CLEAR
378.223,robot_2,EV_move_forward,EV_path_clear,CLEAR
378.512,robot_2,EV_search_object,EV_path_clear,CLEAR
378.699,robot_2,EV_move_forward,EV_path_clear,CLEAR
379.009,robot_2,EV_move_forward,EV_path_clear,CLEAR
379.234,robot_2,EV_search_object,EV_path_clear,CLEAR
379.421,robot_2,EV_move_forward,EV_path_clear,CLEAR
379.724,robot_2,EV_move_forward,EV_path_clear,CLEAR
380.011,robot_2,EV_move_forward,EV_path_clear,CLEAR
380.291,robot_2,EV_search_object,EV_path_clear,CLEAR
380.499,robot_2,EV_search_object,EV_path_clear,CLEAR
380.714,robot_2,EV_move_forward,EV_path_clear,CLEAR
381.023,robot_2,EV_move_forward,EV_path_clear,CLEAR
381.286,robot_2,EV_move_forward,EV_path_clear,CLEAR
381.501,robot_2,EV_move_forward,EV_path_clear,CLEAR
381.822,robot_2,EV_move_forward,EV_path_clear,CLEAR
382.109,robot_2,EV_move_forward,EV_path_clear,CLEAR
382.445,robot_2,EV_move_forward,EV_path_clear,CLEAR
382.732,robot_2,EV_move_forward,EV_path_clear,CLEAR
383.062,robot_2,EV_search_object,EV_path_clear,CLEAR
383.219,robot_2,EV_move_forward,EV_path_clear,CLEAR
383.429,robot_2,EV_search_object,EV_path_clear,CLEAR
383.590,robot_2,EV_move_forward,EV_path_clear,CLEAR
383.833,robot_2,EV_move_forward,EV_path_clear,CLEAR
384.118,robot_2,EV_search_object,EV_path_clear,CLEAR
384.236,robot_2,EV_move_forward,EV_path_clear,CLEAR
384.504,robot_2,EV_move_forward,EV_path_clear,CLEAR
384.858,robot_2,EV_move_forward,EV_path_clear,CLEAR
385.096,robot_2,EV_search_object,EV_path_clear,CLEAR
385.319,robot_2,EV_search_object,EV_path_clear,CLEAR
385.446,robot_2,EV_search_object,EV_path_clear,CLEAR
385.613,robot_2,EV_move_forward,EV_path_clear,CLEAR
385.905,robot_2,EV_search_object,EV_path_clear,CLEAR
386.087,robot_2,EV_search_object,EV_path_clear,CLEAR
386.224,robot_2,EV_search_object,EV_path_clear,CLEAR
386.398,robot_2,EV_search_object,EV_path_clear,CLEAR
386.645,robot_2,EV_move_forward,EV_path_clear,CLEAR
386.891,robot_2,EV_move_forward,EV_path_clear,CLEAR
387.176,robot_2,EV_move_forward,EV_path_clear,CLEAR
387.405,robot_2,EV_search_object,EV_path_clear,CLEAR
387.542,robot_2,EV_search_object,EV_path_clear,CLEAR
387.724,robot_2,EV_move_forward,EV_path_clear,CLEAR
387.990,robot_2,EV_search_object,EV_path_clear,CLEAR
388.106,robot_2,EV_search_object,EV_path_clear,CLEAR
388.263,robot_2,EV_move_forward,EV_path_clear,CLEAR
388.541,robot_2,EV_move_forward,EV_path_clear,CLEAR
388.790,robot_2,EV_search_object,EV_path_clear,CLEAR
389.005,robot_2,EV_search_object,EV_path_clear,CLEAR
389.226,robot_2,EV_move_forward,EV_path_clear,CLEAR
389.511,robot_2,EV_search_object,EV_path_clear,CLEAR
389.704,robot_2,EV_search_object,EV_path_clear,CLEAR
389.926,robot_2,EV_move_forward,EV_path_clear,CLEAR
390.204,robot_2,EV_move_forward,EV_path_clear,CLEAR
390.441,robot_2,EV_move_forward,EV_path_clear,CLEAR
390.723,robot_2,EV_search_object,EV_path_clear,CLEAR
390.919,robot_2,EV_search_object,EV_path_clear,CLEAR
391.111,robot_2,EV_search_object,EV_path_clear,CLEAR
391.296,robot_2,EV_search_object,EV_path_clear,CLEAR
391.506,robot_2,EV_move_forward,EV_path_clear,CLEAR
391.796,robot_2,EV_move_forward,EV_path_clear,CLEAR
392.027,robot_2,EV_move_forward,EV_path_clear,CLEAR
392.331,robot_2,EV_move_forward,EV_path_clear,CLEAR
392.624,robot_2,EV_search_object,EV_path_clear,CLEAR
392.817,robot_2,EV_search_object,EV_path_clear,CLEAR
393.035,robot_2,EV_move_forward,EV_path_clear,CLEAR
393.308,robot_2,EV_move_forward,EV_path_clear,CLEAR
393.522,robot_2,EV_move_forward,EV_path_clear,CLEAR
393.818,robot_2,EV_move_forward,EV_path_clear,CLEAR
394.102,robot_2,EV_search_object,EV_path_clear,CLEAR
394.218,robot_2,EV_search_object,EV_path_clear,CLEAR
394.358,robot_2,EV_move_forward,EV_path_clear,CLEAR
394.649,robot_2,EV_move_forward,EV_path_clear,CLEAR
394.941,robot_2,EV_move_forward,EV_path_clear,CLEAR
395.222,robot_2,EV_move_forward,EV_path_clear,CLEAR
395.487,robot_2,EV_move_forward,EV_path_clear,CLEAR
395.845,robot_2,EV_search_object,EV_path_clear,CLEAR
396.016,robot_2,EV_search_object,EV_path_clear,CLEAR
396.122,robot_2,EV_search_object,EV_path_clear,CLEAR
396.338,robot_2,EV_move_forward,EV_path_clear,CLEAR
396.628,robot_2,EV_search_object,EV_path_clear,CLEAR
396.766,robot_2,EV_search_object,EV_path_clear,CLEAR
396.928,robot_2,EV_move_forward,EV_path_clear,CLEAR
397.228,robot_2,EV_search_object,EV_path_clear,CLEAR
397.430,robot_2,EV_search_object,EV_path_clear,CLEAR
397.604,robot_2,EV_search_object,EV_path_clear,CLEAR
397.817,robot_2,EV_search_object,EV_path_clear,CLEAR
397.941,robot_2,EV_search_object,EV_path_clear,CLEAR
398.171,robot_2,EV_move_forward,EV_path_clear,CLEAR
398.414,robot_2,EV_move_forward,EV_path_clear,CLEAR
398.747,robot_2,EV_search_object,EV_path_clear,CLEAR
398.917,robot_2,EV_search_object,EV_path_clear,CLEAR
399.129,robot_2,EV_search_object,EV_path_clear,CLEAR
399.318,robot_2,EV_move_forward,EV_path_clear,CLEAR
399.597,robot_2,EV_search_object,EV_path_clear,CLEAR
399.808,robot_2,EV_search_object,EV_path_clear,CLEAR
400.040,robot_2,EV_search_object,EV_path_clear,CLEAR
400.219,robot_2,EV_search_object,EV_path_clear,CLEAR
400.385,robot_2,EV_search_object,EV_path_clear,CLEAR
400.542,robot_2,EV_move_forward,EV_path_clear,CLEAR
400.797,robot_2,EV_move_forward,EV_path_clear,CLEAR
401.111,robot_2,EV_move_forward,EV_path_clear,CLEAR
401.328,robot_2,EV_move_forward,EV_path_clear,CLEAR
401.538,robot_2,EV_move_forward,EV_path_clear,CLEAR
401.808,robot_2,EV_search_object,EV_path_clear,CLEAR
401.949,robot_2,EV_search_object,EV_path_clear,CLEAR
402.130,robot_2,EV_search_object,EV_path_clear,CLEAR
402.287,robot_2,EV_move_forward,EV_path_clear,CLEAR
402.558,robot_2,EV_search_object,EV_path_clear,CLEAR
402.706,robot_2,EV_search_object,EV_path_clear,CLEAR
402.943,robot_2,EV_search_object,EV_path_clear,CLEAR
403.111,robot_2,EV_search_object,EV_path_clear,CLEAR
403.304,robot_2,EV_move_forward,EV_path_clear,CLEAR
403.630,robot_2,EV_move_forward,EV_path_clear,CLEAR
403.835,robot_2,EV_move_forward,EV_path_clear,CLEAR
404.047,robot_2,EV_move_forward,EV_path_clear,CLEAR
404.303,robot_2,EV_search_object,EV_path_clear,CLEAR
404.534,robot_2,EV_search_object,EV_path_clear,CLEAR
404.723,robot_2,EV_move_forward,EV_path_clear,CLEAR
404.951,robot_2,EV_search_object,EV_path_clear,CLEAR
405.121,robot_2,EV_search_object,EV_path_clear,CLEAR
405.326,robot_2,EV_search_object,EV_path_clear,CLEAR
405.510,robot_2,EV_move_forward,EV_path_clear,CLEAR
405.790,robot_2,EV_move_forward,EV_path_clear,CLEAR
406.027,robot_2,EV_search_object,EV_path_clear,CLEAR
406.181,robot_2,EV_search_object,EV_path_clear,CLEAR
406.338,robot_2,EV_move_forward,EV_path_clear,CLEAR
406.634,robot_2,EV_search_object,EV_path_clear,CLEAR
406.799,robot_2,EV_move_forward,EV_path_clear,CLEAR
407.011,robot_2,EV_move_forward,EV_path_clear,CLEAR
407.293,robot_2,EV_search_object,EV_path_clear,CLEAR
407.490,robot_2,EV_search_object,EV_path_clear,CLEAR
407.723,robot_2,EV_search_object,EV_path_clear,CLEAR
407.894,robot_2,EV_move_forward,EV_path_clear,CLEAR
408.119,robot_2,EV_search_object,EV_path_clear,CLEAR
408.304,robot_2,EV_move_forward,EV_path_clear,CLEAR
408.608,robot_2,EV_move_forward,EV_path_clear,CLEAR
408.912,robot_2,EV_move_forward,EV_path_clear,CLEAR
409.224,robot_2,EV_move_forward,EV_path_clear,CLEAR
409.430,robot_2,EV_move_forward,EV_path_clear,CLEAR
409.720,robot_2,EV_search_object,EV_path_clear,CLEAR
409.907,robot_2,EV_move_forward,EV_path_clear,CLEAR
410.219,robot_2,EV_search_object,EV_path_clear,CLEAR
410.426,robot_2,EV_search_object,EV_path_clear,CLEAR
410.557,robot_2,EV_search_object,EV_path_clear,CLEAR
410.736,robot_2,EV_move_forward,EV_path_clear,CLEAR
411.064,robot_2,EV_move_forward,EV_path_clear,CLEAR
411.288,robot_2,EV_move_forward,EV_path_clear,CLEAR
411.644,robot_2,EV_move_forward,EV_path_clear,CLEAR
411.897,robot_2,EV_search_object,EV_path_clear,CLEAR
412.040,robot_2,EV_search_object,EV_path_clear,CLEAR
412.219,robot_2,EV_move_forward,EV_path_clear,CLEAR
412.504,robot_2,EV_search_object,EV_path_clear,CLEAR
412.618,robot_2,EV_move_forward,EV_path_clear,CLEAR
412.960,robot_2,EV_move_forward,EV_path_clear,CLEAR
413.329,robot_2,EV_search_object,EV_path_clear,CLEAR
413.520,robot_2,EV_search_object,EV_path_clear,CLEAR
413.752,robot_2,EV_move_forward,EV_path_clear,CLEAR
413.996,robot_2,EV_search_object,EV_path_clear,CLEAR
414.225,robot_2,EV_search_object,EV_path_clear,CLEAR
414.350,robot_2,EV_move_forward,EV_path_clear,CLEAR
414.619,robot_2,EV_move_forward,EV_path_clear,CLEAR
414.900,robot_2,EV_move_forward,EV_path_clear,CLEAR
415.223,robot_2,EV_move_forward,EV_path_clear,CLEAR
415.535,robot_2,EV_move_forward,EV_path_clear,CLEAR
415.747,robot_2,EV_search_object,EV_path_clear,CLEAR
415.897,robot_2,EV_search_object,EV_path_clear,CLEAR
416.104,robot_2,EV_move_forward,EV_path_clear,CLEAR
416.392,robot_2,EV_search_object,EV_path_clear,CLEAR
416.521,robot_2,EV_search_object,EV_path_clear,CLEAR
416.693,robot_2,EV_move_forward,EV_path_clear,CLEAR
417.002,robot_2,EV_move_forward,EV_path_clear,CLEAR
417.313,robot_2,EV_move_forward,EV_path_clear,CLEAR
417.603,robot_2,EV_move_forward,EV_path_clear,CLEAR
417.911,robot_2,EV_move_forward,EV_path_clear,CLEAR
418.135,robot_2,EV_search_object,EV_path_clear,CLEAR
418.333,robot_2,EV_search_object,EV_path_clear,CLEAR
418.503,robot_2,EV_move_forward,EV_path_clear,CLEAR
418.726,robot_2,EV_move_forward,EV_path_clear,CLEAR
419.016,robot_2,EV_search_object,EV_path_clear,CLEAR
419.237,robot_2,EV_move_forward,EV_path_clear,CLEAR
419.515,robot_2,EV_move_forward,EV_path_clear,CLEAR
419.817,robot_2,EV_search_object,EV_path_clear,CLEAR
419.988,robot_2,EV_search_object,EV_path_clear,CLEAR
420.236,robot_2,EV_search_object,EV_path_clear,CLEAR
420.388,robot_2,EV_move_forward,EV_path_clear,CLEAR
420.614,robot_2,EV_search_object,EV_path_clear,CLEAR
420.794,robot_2,EV_move_forward,EV_path_clear,CLEAR
421.149,robot_2,EV_search_object,EV_path_clear,CLEAR
421.296,robot_2,EV_move_forward,EV_path_clear,CLEAR
421.643,robot_2,EV_search_object,EV_path_clear,CLEAR
421.828,robot_2,EV_move_forward,EV_path_clear,CLEAR
422.115,robot_2,EV_search_object,EV_path_clear,CLEAR
422.223,robot_2,EV_move_forward,EV_path_clear,CLEAR
422.495,robot_2,EV_move_forward,EV_path_clear,CLEAR
422.729,robot_2,EV_move_forward,EV_path_clear,CLEAR
423.036,robot_2,EV_search_object,EV_path_clear,CLEAR
423.228,robot_2,EV_search_object,EV_path_clear,CLEAR
423.351,robot_2,EV_move_forward,EV_path_clear,CLEAR
423.594,robot_2,EV_move_forward,EV_path_clear,CLEAR
423.869,robot_2,EV_move_forward,EV_path_clear,CLEAR
424.136,robot_2,EV_search_object,EV_path_clear,CLEAR
424.326,robot_2,EV_search_object,EV_path_clear,CLEAR
424.488,robot_2,EV_move_forward,EV_path_clear,CLEAR
424.734,robot_2,EV_move_forward,EV_path_clear,CLEAR
425.023,robot_2,EV_move_forward,EV_path_clear,CLEAR
425.307,robot_2,EV_move_forward,EV_path_clear,CLEAR
425.524,robot_2,EV_move_forward,EV_path_clear,CLEAR
425.807,robot_2,EV_search_object,EV_path_clear,CLEAR
426.020,robot_2,EV_move_forward,EV_path_clear,CLEAR
426.304,robot_2,EV_move_forward,EV_path_clear,CLEAR
426.592,robot_2,EV_search_object,EV_path_clear,CLEAR
426.724,robot_2,EV_search_object,EV_path_clear,CLEAR
426.908,robot_2,EV_search_object,EV_path_clear,CLEAR
427.043,robot_2,EV_move_forward,EV_path_clear,CLEAR
427.319,robot_2,EV_move_forward,EV_path_clear,CLEAR
427.532,robot_2,EV_move_forward,EV_path_clear,CLEAR
427.848,robot_2,EV_move_forward,EV_path_clear,CLEAR
428.113,robot_2,EV_move_forward,EV_path_clear,CLEAR
428.392,robot_2,EV_move_forward,EV_path_clear,CLEAR
428.653,robot_2,EV_move_forward,EV_path_clear,CLEAR
428.902,robot_2,EV_move_forward,EV_path_clear,CLEAR
429.194,robot_2,EV_move_forward,EV_path_clear,CLEAR
429.506,robot_2,EV_search_object,EV_path_clear,CLEAR
429.725,robot_2,EV_search_object,EV_path_clear,CLEAR
429.862,robot_2,EV_search_object,EV_path_clear,CLEAR
430.047,robot_2,EV_search_object,EV_path_clear,CLEAR
430.191,robot_2,EV_search_object,EV_path_clear,CLEAR
430.351,robot_2,EV_move_forward,EV_path_clear,CLEAR
430.599,robot_2,EV_move_forward,EV_path_clear,CLEAR
430.924,robot_2,EV_search_object,EV_path_clear,CLEAR
431.150,robot_2,EV_search_object,EV_path_clear,CLEAR
431.304,robot_2,EV_move_forward,EV_path_clear,CLEAR
431.625,robot_2,EV_move_forward,EV_path_clear,CLEAR
431.924,robot_2,EV_move_forward,EV_path_clear,CLEAR
432.205,robot_2,EV_search_object,EV_path_clear,CLEAR
432.405,robot_2,EV_move_forward,EV_path_clear,CLEAR
432.614,robot_2,EV_search_object,EV_path_clear,CLEAR
432.840,robot_2,EV_move_forward,EV_path_clear,CLEAR
433.096,robot_2,EV_move_forward,EV_path_clear,CLEAR
433.431,robot_2,EV_search_object,EV_path_clear,CLEAR
433.629,robot_2,EV_search_object,EV_path_clear,CLEAR
433.786,robot_2,EV_move_forward,EV_path_clear,CLEAR
434.051,robot_2,EV_move_forward,EV_path_clear,CLEAR
434.350,robot_2,EV_move_forward,EV_path_clear,CLEAR
434.633,robot_2,EV_move_forward,EV_path_clear,CLEAR
434.904,robot_2,EV_move_forward,EV_path_clear,CLEAR
435.197,robot_2,EV_search_object,EV_path_clear,CLEAR
435.431,robot_2,EV_search_object,EV_path_clear,CLEAR
435.598,robot_2,EV_move_forward,EV_path_clear,CLEAR
435.888,robot_2,EV_search_object,EV_path_clear,CLEAR
436.115,robot_2,EV_search_object,EV_path_clear,CLEAR
436.335,robot_2,EV_move_forward,EV_path_clear,CLEAR
436.630,robot_2,EV_search_object,EV_path_clear,CLEAR
436.800,robot_2,EV_move_forward,EV_path_clear,CLEAR
437.116,robot_2,EV_search_object,EV_path_clear,CLEAR
437.231,robot_2,EV_search_object,EV_path_clear,CLEAR
437.405,robot_2,EV_search_object,EV_path_clear,CLEAR
437.600,robot_2,EV_move_forward,EV_path_clear,CLEAR
437.813,robot_2,EV_move_forward,EV_path_clear,CLEAR
438.133,robot_2,EV_move_forward,EV_path_clear,CLEAR
438.443,robot_2,EV_move_forward,EV_path_clear,CLEAR
438.694,robot_2,EV_move_forward,EV_path_clear,CLEAR
438.917,robot_2,EV_move_forward,EV_path_clear,CLEAR
439.225,robot_2,EV_search_object,EV_path_clear,CLEAR
439.394,robot_2,EV_move_forward,EV_path_clear,CLEAR
439.620,robot_2,EV_search_object,EV_path_clear,CLEAR
439.789,robot_2,EV_move_forward,EV_path_clear,CLEAR
440.008,robot_2,EV_move_forward,EV_path_clear,CLEAR
440.323,robot_2,EV_move_forward,EV_path_clear,CLEAR
440.614,robot_2,EV_move_forward,EV_path_clear,CLEAR
440.834,robot_2,EV_move_forward,EV_path_clear,CLEAR
441.091,robot_2,EV_move_forward,EV_path_clear,CLEAR
441.317,robot_2,EV_search_object,EV_path_clear,CLEAR
441.506,robot_2,EV_search_object,EV_path_clear,CLEAR
441.638,robot_2,EV_search_object,EV_path_clear,CLEAR
441.847,robot_2,EV_move_forward,EV_path_clear,CLEAR
442.118,robot_2,EV_search_object,EV_path_clear,CLEAR
442.307,robot_2,EV_move_forward,EV_path_clear,CLEAR
442.623,robot_2,EV_move_forward,EV_path_clear,CLEAR
442.941,robot_2,EV_search_object,EV_path_clear,CLEAR
443.088,robot_2,EV_move_forward,EV_path_clear,CLEAR
443.298,robot_2,EV_move_forward,EV_path_clear,CLEAR
443.529,robot_2,EV_move_forward,EV_path_clear,CLEAR
443.754,robot_2,EV_move_forward,EV_path_clear,CLEAR
444.029,robot_2,EV_move_forward,EV_path_clear,CLEAR
444.340,robot_2,EV_search_object,EV_path_clear,CLEAR
444.494,robot_2,EV_move_forward,EV_path_clear,CLEAR
444.725,robot_2,EV_search_object,EV_path_clear,CLEAR
444.883,robot_2,EV_search_object,EV_path_clear,CLEAR
445.042,robot_2,EV_move_forward,EV_path_clear,CLEAR
445.286,robot_2,EV_search_object,EV_path_clear,CLEAR
445.435,robot_2,EV_move_forward,EV_path_clear,CLEAR
445.737,robot_2,EV_search_object,EV_path_clear,CLEAR
445.908,robot_2,EV_search_object,EV_path_clear,CLEAR
446.127,robot_2,EV_search_object,EV_path_clear,CLEAR
446.304,robot_2,EV_search_object,EV_path_clear,CLEAR
446.524,robot_2,EV_move_forward,EV_path_clear,CLEAR
446.813,robot_2,EV_search_object,EV_path_clear,CLEAR
446.933,robot_2,EV_search_object,EV_path_clear,CLEAR
447.163,robot_2,EV_search_object,EV_path_clear,CLEAR
447.333,robot_2,EV_move_forward,EV_path_clear,CLEAR
447.623,robot_2,EV_search_object,EV_path_clear,CLEAR
447.828,robot_2,EV_search_object,EV_path_clear,CLEAR
448.000,robot_2,EV_move_forward,EV_path_clear,CLEAR
448.290,robot_2,EV_move_forward,EV_path_clear,CLEAR
448.528,robot_2,EV_move_forward,EV_path_clear,CLEAR
448.745,robot_2,EV_search_object,EV_path_clear,CLEAR
448.958,robot_2,EV_move_forward,EV_path_clear,CLEAR
449.205,robot_2,EV_move_forward,EV_path_clear,CLEAR
449.521,robot_2,EV_search_object,EV_path_clear,CLEAR
449.644,robot_2,EV_search_object,EV_path_clear,CLEAR
449.793,robot_2,EV_move_forward,EV_path_clear,CLEAR
450.100,robot_2,EV_search_object,EV_path_clear,CLEAR
450.264,robot_2,EV_move_forward,EV_path_clear,CLEAR
450.636,robot_2,EV_move_forward,EV_path_clear,CLEAR
450.923,robot_2,EV_search_object,EV_path_clear,CLEAR
451.049,robot_2,EV_move_forward,EV_path_clear,CLEAR
451.322,robot_2,EV_move_forward,EV_path_clear,CLEAR
451.616,robot_2,EV_search_object,EV_path_clear,CLEAR
451.821,robot_2,EV_search_object,EV_path_clear,CLEAR
451.996,robot_2,EV_search_object,EV_path_clear,CLEAR
452.160,robot_2,EV_search_object,EV_path_clear,CLEAR
452.309,robot_2,EV_search_object,EV_path_clear,CLEAR
452.502,robot_2,EV_move_forward,EV_path_clear,CLEAR
452.804,robot_2,EV_search_object,EV_path_clear,CLEAR
453.018,robot_2,EV_move_forward,EV_path_clear,CLEAR
453.332,robot_2,EV_search_object,EV_path_clear,CLEAR
453.493,robot_2,EV_move_forward,EV_path_clear,CLEAR
453.755,robot_2,EV_move_forward,EV_path_clear,CLEAR
453.998,robot_2,EV_search_object,EV_path_clear,CLEAR
454.120,robot_2,EV_move_forward,EV_path_clear,CLEAR
454.416,robot_2,EV_move_forward,EV_path_clear,CLEAR
454.726,robot_2,EV_move_forward,EV_path_clear,CLEAR
454.992,robot_2,EV_move_forward,EV_path_clear,CLEAR
455.233,robot_2,EV_move_forward,EV_path_clear,CLEAR
455.490,robot_2,EV_move_forward,EV_path_clear,CLEAR
455.751,robot_2,EV_search_object,EV_path_clear,CLEAR
455.919,robot_2,EV_move_forward,EV_path_clear,CLEAR
456.186,robot_2,EV_search_object,EV_path_clear,CLEAR
456.315,robot_2,EV_move_forward,EV_path_clear,CLEAR
456.592,robot_2,EV_move_forward,EV_path_clear,CLEAR
456.812,robot_2,EV_search_object,EV_path_clear,CLEAR
457.005,robot_2,EV_move_forward,EV_path_clear,CLEAR
457.264,robot_2,EV_search_object,EV_path_clear,CLEAR
457.410,robot_2,EV_search_object,EV_path_clear,CLEAR
457.602,robot_2,EV_move_forward,EV_path_clear,CLEAR
457.818,robot_2,EV_search_object,EV_path_clear,CLEAR
457.992,robot_2,EV_search_object,EV_path_clear,CLEAR
458.128,robot_2,EV_search_object,EV_path_clear,CLEAR
458.300,robot_2,EV_move_forward,EV_path_clear,CLEAR
458.592,robot_2,EV_search_object,EV_path_clear,CLEAR
458.728,robot_2,EV_move_forward,EV_path_clear,CLEAR
459.052,robot_2,EV_search_object,EV_path_clear,CLEAR
459.218,robot_2,EV_move_forward,EV_path_clear,CLEAR
459.517,robot_2,EV_move_forward,EV_path_clear,CLEAR
459.803,robot_2,EV_move_forward,EV_path_clear,CLEAR
460.105,robot_2,EV_search_object,EV_path_clear,CLEAR
460.249,robot_2,EV_search_object,EV_path_clear,CLEAR
460.395,robot_2,EV_move_forward,EV_path_clear,CLEAR
460.658,robot_2,EV_move_forward,EV_path_clear,CLEAR
460.933,robot_2,EV_search_object,EV_path_clear,CLEAR
461.124,robot_2,EV_search_object,EV_path_clear,CLEAR
461.319,robot_2,EV_move_forward,EV_path_clear,CLEAR
461.587,robot_2,EV_search_object,EV_path_clear,CLEAR
461.718,robot_2,EV_search_object,EV_path_clear,CLEAR
461.834,robot_2,EV_move_forward,EV_path_clear,CLEAR
462.106,robot_2,EV_move_forward,EV_path_clear,CLEAR
462.434,robot_2,EV_move_forward,EV_path_clear,CLEAR
462.704,robot_2,EV_search_object,EV_path_clear,CLEAR
462.922,robot_2,EV_move_forward,EV_path_clear,CLEAR
463.227,robot_2,EV_search_object,EV_path_clear,CLEAR
463.401,robot_2,EV_search_object,EV_path_clear,CLEAR
463.620,robot_2,EV_move_forward,EV_path_clear,CLEAR
463.826,robot_2,EV_search_object,EV_path_clear,CLEAR
464.043,robot_2,EV_search_object,EV_path_clear,CLEAR
464.190,robot_2,EV_move_forward,EV_path_clear,CLEAR
464.547,robot_2,EV_move_forward,EV_path_clear,CLEAR
464.789,robot_2,EV_move_forward,EV_path_clear,CLEAR
465.006,robot_2,EV_search_object,EV_path_clear,CLEAR
465.197,robot_2,EV_move_forward,EV_path_clear,CLEAR
465.440,robot_2,EV_move_forward,EV_path_clear,CLEAR
465.690,robot_2,EV_search_object,EV_path_clear,CLEAR
465.911,robot_2,EV_search_object,EV_path_clear,CLEAR
466.020,robot_2,EV_move_forward,EV_path_clear,CLEAR
466.330,robot_2,EV_move_forward,EV_path_clear,CLEAR
466.629,robot_2,EV_search_object,EV_path_clear,CLEAR
466.833,robot_2,EV_move_forward,EV_path_clear,CLEAR
467.101,robot_2,EV_move_forward,EV_path_clear,CLEAR
467.416,robot_2,EV_move_forward,EV_path_clear,CLEAR
467.639,robot_2,EV_move_forward,EV_path_clear,CLEAR
467.912,robot_2,EV_move_forward,EV_path_clear,CLEAR
468.194,robot_2,EV_search_object,EV_path_clear,CLEAR
468.378,robot_2,EV_search_object,EV_path_clear,CLEAR
468.532,robot_2,EV_search_object,EV_path_clear,CLEAR
468.688,robot_2,EV_move_forward,EV_path_clear,CLEAR
468.910,robot_2,EV_move_forward,EV_path_clear,CLEAR
469.239,robot_2,EV_move_forward,EV_path_clear,CLEAR
469.508,robot_2,EV_search_object,EV_path_clear,CLEAR
469.701,robot_2,EV_search_object,EV_path_clear,CLEAR
469.824,robot_2,EV_search_object,EV_path_clear,CLEAR
470.002,robot_2,EV_search_object,EV_path_clear,CLEAR
470.195,robot_2,EV_search_object,EV_path_clear,CLEAR
470.299,robot_2,EV_move_forward,EV_path_clear,CLEAR
470.636,robot_2,EV_move_forward,EV_path_clear,CLEAR
470.939,robot_2,EV_move_forward,EV_path_clear,CLEAR
471.216,robot_2,EV_search_object,EV_path_clear,CLEAR
471.440,robot_2,EV_move_forward,EV_path_clear,CLEAR
471.711,robot_2,EV_search_object,EV_path_clear,CLEAR
471.938,robot_2,EV_move_forward,EV_path_clear,CLEAR
472.203,robot_2,EV_search_object,EV_path_clear,CLEAR
472.337,robot_2,EV_move_forward,EV_path_clear,CLEAR
472.603,robot_2,EV_search_object,EV_path_clear,CLEAR
472.811,robot_2,EV_move_forward,EV_path_clear,CLEAR
473.104,robot_2,EV_move_forward,EV_path_clear,CLEAR
473.325,robot_2,EV_move_forward,EV_path_clear,CLEAR
473.589,robot_2,EV_move_forward,EV_path_clear,CLEAR
473.920,robot_2,EV_search_object,EV_path_clear,CLEAR
474.120,robot_2,EV_search_object,EV_path_clear,CLEAR
474.244,robot_2,EV_move_forward,EV_path_clear,CLEAR
474.529,robot_2,EV_search_object,EV_path_clear,CLEAR
474.760,robot_2,EV_move_forward,EV_path_clear,CLEAR
475.003,robot_2,EV_search_object,EV_path_clear,CLEAR
475.227,robot_2,EV_search_object,EV_path_clear,CLEAR
475.434,robot_2,EV_move_forward,EV_path_clear,CLEAR
475.743,robot_2,EV_move_forward,EV_path_clear,CLEAR
476.004,robot_2,EV_search_object,EV_path_clear,CLEAR
476.125,robot_2,EV_move_forward,EV_path_clear,CLEAR
476.406,robot_2,EV_search_object,EV_path_clear,CLEAR
476.643,robot_2,EV_move_forward,EV_path_clear,CLEAR
476.897,robot_2,EV_move_forward,EV_path_clear,CLEAR
477.125,robot_2,EV_search_object,EV_path_clear,CLEAR
477.336,robot_2,EV_move_forward,EV_path_clear,CLEAR
477.594,robot_2,EV_move_forward,EV_path_clear,CLEAR
477.831,robot_2,EV_search_object,EV_path_clear,CLEAR
478.001,robot_2,EV_move_forward,EV_path_clear,CLEAR
478.316,robot_2,EV_search_object,EV_path_clear,CLEAR
478.521,robot_2,EV_move_forward,EV_path_clear,CLEAR
478.741,robot_2,EV_move_forward,EV_path_clear,CLEAR
479.008,robot_2,EV_search_object,EV_path_clear,CLEAR
479.195,robot_2,EV_move_forward,EV_path_clear,CLEAR
479.533,robot_2,EV_move_forward,EV_path_clear,CLEAR
479.829,robot_2,EV_move_forward,EV_path_clear,CLEAR
480.118,robot_2,EV_move_forward,EV_path_clear,CLEAR
480.450,robot_2,EV_search_object,EV_path_clear,CLEAR
480.623,robot_2,EV_search_object,EV_path_clear,CLEAR
480.743,robot_2,EV_move_forward,EV_path_clear,CLEAR
481.000,robot_2,EV_move_forward,EV_path_clear,CLEAR
481.287,robot_2,EV_move_forward,EV_path_clear,CLEAR
481.599,robot_2,EV_move_forward,EV_path_clear,CLEAR
481.908,robot_2,EV_search_object,EV_path_clear,CLEAR
482.045,robot_2,EV_search_object,EV_path_clear,CLEAR
482.202,robot_2,EV_move_forward,EV_path_clear,CLEAR
482.499,robot_2,EV_search_object,EV_path_clear,CLEAR
482.619,robot_2,EV_move_forward,EV_path_clear,CLEAR
482.889,robot_2,EV_search_object,EV_path_clear,CLEAR
483.091,robot_2,EV_search_object,EV_path_clear,CLEAR
483.236,robot_2,EV_search_object,EV_path_clear,CLEAR
483.423,robot_2,EV_move_forward,EV_path_clear,CLEAR
483.722,robot_2,EV_move_forward,EV_path_clear,CLEAR
484.008,robot_2,EV_search_object,EV_path_clear,CLEAR
484.135,robot_2,EV_search_object,EV_path_clear,CLEAR
484.333,robot_2,EV_move_forward,EV_path_clear,CLEAR
484.615,robot_2,EV_search_object,EV_path_clear,CLEAR
484.805,robot_2,EV_move_forward,EV_path_clear,CLEAR
485.029,robot_2,EV_move_forward,EV_path_clear,CLEAR
485.341,robot_2,EV_search_object,EV_path_clear,CLEAR
485.503,robot_2,EV_move_forward,EV_path_clear,CLEAR
485.802,robot_2,EV_search_object,EV_path_clear,CLEAR
485.938,robot_2,EV_move_forward,EV_path_clear,CLEAR
486.249,robot_2,EV_search_object,EV_path_clear,CLEAR
486.407,robot_2,EV_move_forward,EV_path_clear,CLEAR
486.633,robot_2,EV_move_forward,EV_path_clear,CLEAR
486.931,robot_2,EV_search_object,EV_path_clear,CLEAR
487.123,robot_2,EV_search_object,EV_path_clear,CLEAR
487.258,robot_2,EV_move_forward,EV_path_clear,CLEAR
487.526,robot_2,EV_search_object,EV_path_clear,CLEAR
487.710,robot_2,EV_move_forward,EV_path_clear,CLEAR
488.039,robot_2,EV_search_object,EV_path_clear,CLEAR
488.239,robot_2,EV_move_forward,EV_path_clear,CLEAR
488.519,robot_2,EV_move_forward,EV_path_clear,CLEAR
488.788,robot_2,EV_move_forward,EV_path_clear,CLEAR
489.009,robot_2,EV_search_object,EV_path_clear,CLEAR
489.236,robot_2,EV_search_object,EV_path_clear,CLEAR
489.434,robot_2,EV_move_forward,EV_path_clear,CLEAR
489.726,robot_2,EV_search_object,EV_path_clear,CLEAR
489.886,robot_2,EV_move_forward,EV_path_clear,CLEAR
490.140,robot_2,EV_search_object,EV_path_clear,CLEAR
490.322,robot_2,EV_search_object,EV_path_clear,CLEAR
490.517,robot_2,EV_search_object,EV_path_clear,CLEAR
490.730,robot_2,EV_search_object,EV_path_clear,CLEAR
490.920,robot_2,EV_move_forward,EV_path_clear,CLEAR
491.206,robot_2,EV_search_object,EV_path_clear,CLEAR
491.388,robot_2,EV_search_object,EV_path_clear,CLEAR
491.497,robot_2,EV_move_forward,EV_path_clear,CLEAR
491.789,robot_2,EV_search_object,EV_path_clear,CLEAR
491.945,robot_2,EV_search_object,EV_path_clear,CLEAR
492.097,robot_2,EV_move_forward,EV_path_clear,CLEAR
492.334,robot_2,EV_move_forward,EV_path_clear,CLEAR
492.613,robot_2,EV_search_object,EV_path_clear,CLEAR
492.844,robot_2,EV_search_object,EV_path_clear,CLEAR
493.006,robot_2,EV_search_object,EV_path_clear,CLEAR
493.131,robot_2,EV_move_forward,EV_path_clear,CLEAR
493.397,robot_2,EV_move_forward,EV_path_clear,CLEAR
493.730,robot_2,EV_move_forward,EV_path_clear,CLEAR
494.042,robot_2,EV_search_object,EV_path_clear,CLEAR
494.237,robot_2,EV_move_forward,EV_path_clear,CLEAR
494.522,robot_2,EV_search_object,EV_path_clear,CLEAR
494.713,robot_2,EV_search_object,EV_path_clear,CLEAR
494.816,robot_2,EV_move_forward,EV_path_clear,CLEAR
495.039,robot_2,EV_move_forward,EV_path_clear,CLEAR
495.321,robot_2,EV_move_forward,EV_path_clear,CLEAR
495.604,robot_2,EV_search_object,EV_path_clear,CLEAR
495.815,robot_2,EV_move_forward,EV_path_clear,CLEAR
496.113,robot_2,EV_search_object,EV_path_clear,CLEAR
496.315,robot_2,EV_move_forward,EV_path_clear,CLEAR
496.631,robot_2,EV_move_forward,EV_path_clear,CLEAR
496.917,robot_2,EV_search_object,EV_path_clear,CLEAR
497.020,robot_2,EV_search_object,EV_path_clear,CLEAR
497.124,robot_2,EV_move_forward,EV_path_clear,CLEAR
497.411,robot_2,EV_move_forward,EV_path_clear,CLEAR
497.697,robot_2,EV_move_forward,EV_path_clear,CLEAR
498.042,robot_2,EV_move_forward,EV_path_clear,CLEAR
498.288,robot_2,EV_move_forward,EV_path_clear,CLEAR
498.504,robot_2,EV_search_object,EV_path_clear,CLEAR
498.624,robot_2,EV_move_forward,EV_path_clear,CLEAR
498.938,robot_2,EV_move_forward,EV_path_clear,CLEAR
499.234,robot_2,EV_search_object,EV_path_clear,CLEAR
499.441,robot_2,EV_search_object,EV_path_clear,CLEAR
499.623,robot_2,EV_search_object,EV_path_clear,CLEAR
499.802,robot_2,EV_search_object,EV_path_clear,CLEAR
499.939,robot_2,EV_move_forward,EV_path_clear,CLEAR
500.190,robot_2,EV_move_forward,EV_path_clear,CLEAR
500.509,robot_2,EV_search_object,EV_path_clear,CLEAR
500.698,robot_2,EV_move_forward,EV_path_clear,CLEAR
501.038,robot_2,EV_search_object,EV_path_clear,CLEAR
501.247,robot_2,EV_move_forward,EV_path_clear,CLEAR
501.534,robot_2,EV_search_object,EV_path_clear,CLEAR
501.716,robot_2,EV_move_forward,EV_path_clear,CLEAR
502.031,robot_2,EV_move_forward,EV_path_clear,CLEAR
502.334,robot_2,EV_search_object,EV_path_clear,CLEAR
502.488,robot_2,EV_search_object,EV_path_clear,CLEAR
502.755,robot_2,EV_search_object,EV_path_clear,CLEAR
502.890,robot_2,EV_search_object,EV_path_clear,CLEAR
503.039,robot_2,EV_search_object,EV_path_clear,CLEAR
503.213,robot_2,EV_search_object,EV_path_clear,CLEAR
503.401,robot_2,EV_move_forward,EV_path_clear,CLEAR
503.725,robot_2,EV_search_object,EV_path_clear,CLEAR
503.910,robot_2,EV_move_forward,EV_path_clear,CLEAR
504.165,robot_2,EV_move_forward,EV_path_clear,CLEAR
504.436,robot_2,EV_move_forward,EV_path_clear,CLEAR
504.739,robot_2,EV_search_object,EV_path_clear,CLEAR
504.841,robot_2,EV_move_forward,EV_path_clear,CLEAR
505.126,robot_2,EV_search_object,EV_path_clear,CLEAR
505.324,robot_2,EV_search_object,EV_path_clear,CLEAR
505.488,robot_2,EV_move_forward,EV_path_clear,CLEAR
505.828,robot_2,EV_search_object,EV_path_clear,CLEAR
506.048,robot_2,EV_move_forward,EV_path_clear,CLEAR
506.319,robot_2,EV_search_object,EV_path_clear,CLEAR
506.445,robot_2,EV_search_object,EV_path_clear,CLEAR
506.602,robot_2,EV_move_forward,EV_path_clear,CLEAR
506.930,robot_2,EV_move_forward,EV_path_clear,CLEAR
507.206,robot_2,EV_move_forward,EV_path_clear,CLEAR
507.521,robot_2,EV_move_forward,EV_path_clear,CLEAR
507.728,robot_2,EV_search_object,EV_path_clear,CLEAR
507.898,robot_2,EV_move_forward,EV_path_clear,CLEAR
508.130,robot_2,EV_move_forward,EV_path_clear,CLEAR
508.442,robot_2,EV_move_forward,EV_path_clear,CLEAR
508.696,robot_2,EV_search_object,EV_path_clear,CLEAR
508.830,robot_2,EV_search_object,EV_path_clear,CLEAR
509.015,robot_2,EV_move_forward,EV_path_clear,CLEAR
509.300,robot_2,EV_move_forward,EV_path_clear,CLEAR
509.605,robot_2,EV_move_forward,EV_path_clear,CLEAR
509.912,robot_2,EV_move_forward,EV_path_clear,CLEAR
510.128,robot_2,EV_search_object,EV_path_clear,CLEAR
510.290,robot_2,EV_move_forward,EV_path_clear,CLEAR
510.501,robot_2,EV_move_forward,EV_path_clear,CLEAR
510.739,robot_2,EV_move_forward,EV_path_clear,CLEAR
511.039,robot_2,EV_search_object,EV_path_clear,CLEAR
511.227,robot_2,EV_move_forward,EV_path_clear,CLEAR
511.491,robot_2,EV_move_forward,EV_path_clear,CLEAR
511.832,robot_2,EV_move_forward,EV_path_clear,CLEAR
512.106,robot_2,EV_move_forward,EV_path_clear,CLEAR
512.426,robot_2,EV_search_object,EV_path_clear,CLEAR
512.612,robot_2,EV_move_forward,EV_path_clear,CLEAR
512.921,robot_2,EV_move_forward,EV_path_clear,CLEAR
513.215,robot_2,EV_move_forward,EV_path_clear,CLEAR
513.422,robot_2,EV_move_forward,EV_path_clear,CLEAR
513.704,robot_2,EV_move_forward,EV_path_clear,CLEAR
513.990,robot_2,EV_search_object,EV_path_clear,CLEAR
514.128,robot_2,EV_search_object,EV_path_clear,CLEAR
514.305,robot_2,EV_search_object,EV_path_clear,CLEAR
514.490,robot_2,EV_search_object,EV_path_clear,CLEAR
514.606,robot_2,EV_move_forward,EV_path_clear,CLEAR
514.910,robot_2,EV_search_object,EV_path_clear,CLEAR
515.108,robot_2,EV_move_forward,EV_path_clear,CLEAR
515.354,robot_2,EV_search_object,EV_path_clear,CLEAR
515.465,robot_2,EV_search_object,EV_path_clear,CLEAR
515.652,robot_2,EV_move_forward,EV_path_clear,CLEAR
515.887,robot_2,EV_move_forward,EV_path_clear,CLEAR
516.088,robot_2,EV_move_forward,EV_path_clear,CLEAR
516.419,robot_2,EV_search_object,EV_path_clear,CLEAR
516.620,robot_2,EV_search_object,EV_path_clear,CLEAR
516.847,robot_2,EV_move_forward,EV_path_clear,CLEAR
517.155,robot_2,EV_search_object,EV_path_clear,CLEAR
517.301,robot_2,EV_search_object,EV_path_clear,CLEAR
517.427,robot_2,EV_search_object,EV_path_clear,CLEAR
517.618,robot_2,EV_move_forward,EV_path_clear,CLEAR
517.853,robot_2,EV_move_forward,EV_path_clear,CLEAR
518.101,robot_2,EV_move_forward,EV_path_clear,CLEAR
518.321,robot_2,EV_move_forward,EV_path_clear,CLEAR
518.528,robot_2,EV_search_object,EV_path_clear,CLEAR
518.715,robot_2,EV_move_forward,EV_path_clear,CLEAR
518.918,robot_2,EV_search_object,EV_path_clear,CLEAR
519.103,robot_2,EV_move_forward,EV_path_clear,CLEAR
519.396,robot_2,EV_search_object,EV_path_clear,CLEAR
519.648,robot_2,EV_move_forward,EV_path_clear,CLEAR
519.921,robot_2,EV_move_forward,EV_path_clear,CLEAR
520.222,robot_2,EV_move_forward,EV_path_clear,CLEAR
520.518,robot_2,EV_move_forward,EV_path_clear,CLEAR
520.836,robot_2,EV_search_object,EV_path_clear,CLEAR
521.000,robot_2,EV_search_object,EV_path_clear,CLEAR
521.103,robot_2,EV_search_object,EV_path_clear,CLEAR
521.216,robot_2,EV_move_forward,EV_path_clear,CLEAR
521.511,robot_2,EV_move_forward,EV_path_clear,CLEAR
521.725,robot_2,EV_move_forward,EV_path_clear,CLEAR
522.000,robot_2,EV_move_forward,EV_path_clear,CLEAR
522.259,robot_2,EV_move_forward,EV_path_clear,CLEAR
522.498,robot_2,EV_move_forward,EV_path_clear,CLEAR
522.735,robot_2,EV_search_object,EV_path_clear,CLEAR
522.904,robot_2,EV_search_object,EV_path_clear,CLEAR
523.028,robot_2,EV_move_forward,EV_path_clear,CLEAR
523.325,robot_2,EV_move_forward,EV_path_clear,CLEAR
523.597,robot_2,EV_move_forward,EV_path_clear,CLEAR
523.907,robot_2,EV_move_forward,EV_path_clear,CLEAR
524.214,robot_2,EV_search_object,EV_path_clear,CLEAR
524.411,robot_2,EV_move_forward,EV_path_clear,CLEAR
524.718,robot_2,EV_search_object,EV_path_clear,CLEAR
524.857,robot_2,EV_search_object,EV_path_clear,CLEAR
525.051,robot_2,EV_move_forward,EV_path_clear,CLEAR
525.300,robot_2,EV_move_forward,EV_path_clear,CLEAR
525.606,robot_2,EV_move_forward,EV_path_clear,CLEAR
525.935,robot_2,EV_search_object,EV_path_clear,CLEAR
526.138,robot_2,EV_search_object,EV_path_clear,CLEAR
526.300,robot_2,EV_move_forward,EV_path_clear,CLEAR
526.596,robot_2,EV_move_forward,EV_path_clear,CLEAR
526.988,robot_2,EV_move_forward,EV_path_clear,CLEAR
527.346,robot_2,EV_move_forward,EV_path_clear,CLEAR
527.630,robot_2,EV_search_object,EV_path_clear,CLEAR
527.807,robot_2,EV_search_object,EV_path_clear,CLEAR
527.915,robot_2,EV_search_object,EV_path_clear,CLEAR
528.090,robot_2,EV_move_forward,EV_path_clear,CLEAR
528.413,robot_2,EV_search_object,EV_path_clear,CLEAR
528.590,robot_2,EV_move_forward,EV_path_clear,CLEAR
528.841,robot_2,EV_move_forward,EV_path_clear,CLEAR
529.092,robot_2,EV_search_object,EV_path_clear,CLEAR
529.237,robot_2,EV_move_forward,EV_path_clear,CLEAR
529.519,robot_2,EV_move_forward,EV_path_clear,CLEAR
529.738,robot_2,EV_search_object,EV_path_clear,CLEAR
529.852,robot_2,EV_move_forward,EV_path_clear,CLEAR
530.156,robot_2,EV_search_object,EV_path_clear,CLEAR
530.303,robot_2,EV_move_forward,EV_path_clear,CLEAR
530.628,robot_2,EV_search_object,EV_path_clear,CLEAR
530.759,robot_2,EV_search_object,EV_path_clear,CLEAR
530.955,robot_2,EV_move_forward,EV_path_clear,CLEAR
531.215,robot_2,EV_search_object,EV_path_clear,CLEAR
531.423,robot_2,EV_search_object,EV_path_clear,CLEAR
531.597,robot_2,EV_move_forward,EV_path_clear,CLEAR
531.829,robot_2,EV_move_forward,EV_path_clear,CLEAR
532.096,robot_2,EV_search_object,EV_path_clear,CLEAR
532.324,robot_2,EV_search_object,EV_path_clear,CLEAR
532.495,robot_2,EV_move_forward,EV_path_clear,CLEAR
532.749,robot_2,EV_move_forward,EV_path_clear,CLEAR
533.000,robot_2,EV_search_object,EV_path_clear,CLEAR
533.137,robot_2,EV_move_forward,EV_path_clear,CLEAR
533.393,robot_2,EV_move_forward,EV_path_clear,CLEAR
533.702,robot_2,EV_search_object,EV_path_clear,CLEAR
533.906,robot_2,EV_move_forward,EV_path_clear,CLEAR
534.220,robot_2,EV_search_object,EV_path_clear,CLEAR
534.390,robot_2,EV_search_object,EV_path_clear,CLEAR
534.529,robot_2,EV_search_object,EV_path_clear,CLEAR
534.652,robot_2,EV_search_object,EV_path_clear,CLEAR
534.803,robot_2,EV_search_object,EV_path_clear,CLEAR
534.944,robot_2,EV_move_forward,EV_path_clear,CLEAR
535.205,robot_2,EV_move_forward,EV_path_clear,CLEAR
535.538,robot_2,EV_search_object,EV_path_clear,CLEAR
535.707,robot_2,EV_search_object,EV_path_clear,CLEAR
535.926,robot_2,EV_move_forward,EV_path_clear,CLEAR
536.206,robot_2,EV_move_forward,EV_path_clear,CLEAR
536.534,robot_2,EV_search_object,EV_path_clear,CLEAR
536.739,robot_2,EV_search_object,EV_path_clear,CLEAR
536.907,robot_2,EV_search_object,EV_path_clear,CLEAR
537.114,robot_2,EV_search_object,EV_path_clear,CLEAR
537.246,robot_2,EV_move_forward,EV_path_clear,CLEAR
537.503,robot_2,EV_search_object,EV_path_clear,CLEAR
537.727,robot_2,EV_search_object,EV_path_clear,CLEAR
537.911,robot_2,EV_move_forward,EV_path_clear,CLEAR
538.225,robot_2,EV_search_object,EV_path_clear,CLEAR
538.406,robot_2,EV_move_forward,EV_path_clear,CLEAR
538.696,robot_2,EV_search_object,EV_path_clear,CLEAR
538.921,robot_2,EV_search_object,EV_path_clear,CLEAR
539.033,robot_2,EV_search_object,EV_path_clear,CLEAR
539.220,robot_2,EV_search_object,EV_path_clear,CLEAR
539.400,robot_2,EV_search_object,EV_path_clear,CLEAR
539.657,robot_2,EV_search_object,EV_path_clear,CLEAR
539.810,robot_2,EV_search_object,EV_path_clear,CLEAR
540.011,robot_2,EV_search_object,EV_path_clear,CLEAR
540.126,robot_2,EV_search_object,EV_path_clear,CLEAR
540.302,robot_2,EV_search_object,EV_path_clear,CLEAR
540.531,robot_2,EV_move_forward,EV_path_clear,CLEAR
540.793,robot_2,EV_move_forward,EV_path_clear,CLEAR
541.042,robot_2,EV_search_object,EV_path_clear,CLEAR
541.221,robot_2,EV_move_forward,EV_path_clear,CLEAR
541.505,robot_2,EV_search_object,EV_path_clear,CLEAR
541.748,robot_2,EV_move_forward,EV_path_clear,CLEAR
541.996,robot_2,EV_search_object,EV_path_clear,CLEAR
542.226,robot_2,EV_move_forward,EV_path_clear,CLEAR
542.496,robot_2,EV_move_forward,EV_path_clear,CLEAR
542.799,robot_2,EV_move_forward,EV_path_clear,CLEAR
543.089,robot_2,EV_search_object,EV_path_clear,CLEAR
543.316,robot_2,EV_search_object,EV_path_clear,CLEAR
543.426,robot_2,EV_search_object,EV_path_clear,CLEAR
543.644,robot_2,EV_search_object,EV_path_clear,CLEAR
543.828,robot_2,EV_search_object,EV_path_clear,CLEAR
544.022,robot_2,EV_search_object,EV_path_clear,CLEAR
544.123,robot_2,EV_search_object,EV_path_clear,CLEAR
544.237,robot_2,EV_move_forward,EV_path_clear,CLEAR
544.512,robot_2,EV_move_forward,EV_path_clear,CLEAR
544.732,robot_2,EV_move_forward,EV_path_clear,CLEAR
545.019,robot_2,EV_search_object,EV_path_clear,CLEAR
545.206,robot_2,EV_search_object,EV_path_clear,CLEAR
545.402,robot_2,EV_move_forward,EV_path_clear,CLEAR
545.619,robot_2,EV_search_object,EV_path_clear,CLEAR
545.826,robot_2,EV_search_object,EV_path_clear,CLEAR
545.952,robot_2,EV_move_forward,EV_path_clear,CLEAR
546.216,robot_2,EV_search_object,EV_path_clear,CLEAR
546.365,robot_2,EV_move_forward,EV_path_clear,CLEAR
546.599,robot_2,EV_search_object,EV_path_clear,CLEAR
546.814,robot_2,EV_search_object,EV_path_clear,CLEAR
547.019,robot_2,EV_search_object,EV_path_clear,CLEAR
547.201,robot_2,EV_search_object,EV_path_clear,CLEAR
547.387,robot_2,EV_search_object,EV_path_clear,CLEAR
547.509,robot_2,EV_search_object,EV_path_clear,CLEAR
547.627,robot_2,EV_move_forward,EV_path_clear,CLEAR
547.886,robot_2,EV_search_object,EV_path_clear,CLEAR
548.002,robot_2,EV_search_object,EV_path_clear,CLEAR
548.112,robot_2,EV_move_forward,EV_path_clear,CLEAR
548.402,robot_2,EV_move_forward,EV_path_clear,CLEAR
548.732,robot_2,EV_move_forward,EV_path_clear,CLEAR
549.001,robot_2,EV_move_forward,EV_path_clear,CLEAR
549.257,robot_2,EV_search_object,EV_path_clear,CLEAR
549.391,robot_2,EV_move_forward,EV_path_clear,CLEAR
549.630,robot_2,EV_search_object,EV_path_clear,CLEAR
549.786,robot_2,EV_move_forward,EV_path_clear,CLEAR
550.003,robot_2,EV_move_forward,EV_path_clear,CLEAR
550.213,robot_2,EV_move_forward,EV_path_clear,CLEAR
550.503,robot_2,EV_search_object,EV_path_clear,CLEAR
550.614,robot_2,EV_search_object,EV_path_clear,CLEAR
550.809,robot_2,EV_search_object,EV_path_clear,CLEAR
550.993,robot_2,EV_move_forward,EV_path_clear,CLEAR
551.250,robot_2,EV_move_forward,EV_path_clear,CLEAR
551.526,robot_2,EV_search_object,EV_path_clear,CLEAR
551.724,robot_2,EV_move_forward,EV_path_clear,CLEAR
552.029,robot_2,EV_search_object,EV_path_clear,CLEAR
552.230,robot_2,EV_search_object,EV_path_clear,CLEAR
552.424,robot_2,EV_search_object,EV_path_clear,CLEAR
552.558,robot_2,EV_search_object,EV_path_clear,CLEAR
552.765,robot_2,EV_search_object,EV_path_clear,CLEAR
552.921,robot_2,EV_search_object,EV_path_clear,CLEAR
553.108,robot_2,EV_move_forward,EV_path_clear,CLEAR
553.392,robot_2,EV_search_object,EV_path_clear,CLEAR
553.621,robot_2,EV_move_forward,EV_path_clear,CLEAR
553.898,robot_2,EV_move_forward,EV_path_clear,CLEAR
554.130,robot_2,EV_search_object,EV_path_clear,CLEAR
554.319,robot_2,EV_search_object,EV_path_clear,CLEAR
554.436,robot_2,EV_search_object,EV_path_clear,CLEAR
554.597,robot_2,EV_search_object,EV_path_clear,CLEAR
554.809,robot_2,EV_search_object,EV_path_clear,CLEAR
555.019,robot_2,EV_move_forward,EV_path_clear,CLEAR
555.252,robot_2,EV_move_forward,EV_path_clear,CLEAR
555.511,robot_2,EV_search_object,EV_path_clear,CLEAR
555.688,robot_2,EV_move_forward,EV_path_clear,CLEAR
556.035,robot_2,EV_search_object,EV_path_clear,CLEAR
556.198,robot_2,EV_search_object,EV_path_clear,CLEAR
556.435,robot_2,EV_search_object,EV_path_clear,CLEAR
556.595,robot_2,EV_search_object,EV_path_clear,CLEAR
556.756,robot_2,EV_search_object,EV_path_clear,CLEAR
556.894,robot_2,EV_move_forward,EV_path_clear,CLEAR
557.226,robot_2,EV_search_object,EV_path_clear,CLEAR
557.424,robot_2,EV_search_object,EV_path_clear,CLEAR
557.621,robot_2,EV_move_forward,EV_path_clear,CLEAR
557.892,robot_2,EV_move_forward,EV_path_clear,CLEAR
558.203,robot_2,EV_search_object,EV_path_clear,CLEAR
558.405,robot_2,EV_search_object,EV_path_clear,CLEAR
558.632,robot_2,EV_move_forward,EV_path_clear,CLEAR
558.914,robot_2,EV_move_forward,EV_path_clear,CLEAR
559.220,robot_2,EV_search_object,EV_path_clear,CLEAR
559.428,robot_2,EV_search_object,EV_path_clear,CLEAR
559.620,robot_2,EV_search_object,EV_path_clear,CLEAR
559.811,robot_2,EV_move_forward,EV_path_clear,CLEAR
560.029,robot_2,EV_search_object,EV_path_clear,CLEAR
560.226,robot_2,EV_search_object,EV_path_clear,CLEAR
560.404,robot_2,EV_search_object,EV_path_clear,CLEAR
560.627,robot_2,EV_move_forward,EV_path_clear,CLEAR
560.902,robot_2,EV_move_forward,EV_path_clear,CLEAR
561.162,robot_2,EV_move_forward,EV_path_clear,CLEAR
561.406,robot_2,EV_move_forward,EV_path_clear,CLEAR
561.698,robot_2,EV_search_object,EV_path_clear,CLEAR
561.833,robot_2,EV_move_forward,EV_path_clear,CLEAR
562.050,robot_2,EV_move_forward,EV_path_clear,CLEAR
562.362,robot_2,EV_move_forward,EV_path_clear,CLEAR
562.631,robot_2,EV_search_object,EV_path_clear,CLEAR
562.796,robot_2,EV_search_object,EV_path_clear,CLEAR
562.929,robot_2,EV_move_forward,EV_path_clear,CLEAR
563.221,robot_2,EV_move_forward,EV_path_clear,CLEAR
563.513,robot_2,EV_search_object,EV_path_clear,CLEAR
563.733,robot_2,EV_move_forward,EV_path_clear,CLEAR
564.030,robot_2,EV_search_object,EV_path_clear,CLEAR
564.222,robot_2,EV_move_forward,EV_path_clear,CLEAR
564.493,robot_2,EV_search_object,EV_path_clear,CLEAR
564.652,robot_2,EV_move_forward,EV_path_clear,CLEAR
564.938,robot_2,EV_move_forward,EV_path_clear,CLEAR
565.205,robot_2,EV_search_object,EV_path_clear,CLEAR
565.414,robot_2,EV_move_forward,EV_path_clear,CLEAR
565.635,robot_2,EV_move_forward,EV_path_clear,CLEAR
565.928,robot_2,EV_search_object,EV_path_clear,CLEAR
566.063,robot_2,EV_move_forward,EV_path_clear,CLEAR
566.306,robot_2,EV_search_object,EV_path_clear,CLEAR
566.422,robot_2,EV_move_forward,EV_path_clear,CLEAR
566.630,robot_2,EV_move_forward,EV_path_clear,CLEAR
566.933,robot_2,EV_move_forward,EV_path_clear,CLEAR
567.192,robot_2,EV_move_forward,EV_path_clear,CLEAR
567.404,robot_2,EV_move_forward,EV_path_clear,CLEAR
567.758,robot_2,EV_search_object,EV_path_clear,CLEAR
567.962,robot_2,EV_move_forward,EV_path_clear,CLEAR
568.210,robot_2,EV_move_forward,EV_path_clear,CLEAR
568.511,robot_2,EV_search_object,EV_path_clear,CLEAR
568.629,robot_2,EV_search_object,EV_path_clear,CLEAR
568.827,robot_2,EV_search_object,EV_path_clear,CLEAR
569.018,robot_2,EV_search_object,EV_path_clear,CLEAR
569.134,robot_2,EV_search_object,EV_path_clear,CLEAR
569.260,robot_2,EV_search_object,EV_path_clear,CLEAR
569.434,robot_2,EV_search_object,EV_path_clear,CLEAR
569.600,robot_2,EV_move_forward,EV_path_clear,CLEAR
569.836,robot_2,EV_move_forward,EV_path_clear,CLEAR
570.151,robot_2,EV_move_forward,EV_path_clear,CLEAR
570.406,robot_2,EV_move_forward,EV_path_clear,CLEAR
570.739,robot_2,EV_search_object,EV_path_clear,CLEAR
570.936,robot_2,EV_search_object,EV_path_clear,CLEAR
571.045,robot_2,EV_search_object,EV_path_clear,CLEAR
571.197,robot_2,EV_move_forward,EV_path_clear,CLEAR
571.528,robot_2,EV_move_forward,EV_path_clear,CLEAR
571.858,robot_2,EV_search_object,EV_path_clear,CLEAR
572.016,robot_2,EV_search_object,EV_path_clear,CLEAR
572.120,robot_2,EV_move_forward,EV_path_clear,CLEAR
572.394,robot_2,EV_move_forward,EV_path_clear,CLEAR
572.627,robot_2,EV_search_object,EV_path_clear,CLEAR
572.739,robot_2,EV_search_object,EV_path_clear,CLEAR
572.917,robot_2,EV_move_forward,EV_path_clear,CLEAR
573.204,robot_2,EV_move_forward,EV_path_clear,CLEAR
573.428,robot_2,EV_move_forward,EV_path_clear,CLEAR
573.722,robot_2,EV_move_forward,EV_path_clear,CLEAR
574.014,robot_2,EV_move_forward,EV_path_clear,CLEAR
574.316,robot_2,EV_search_object,EV_path_clear,CLEAR
574.502,robot_2,EV_search_object,EV_path_clear,CLEAR
574.629,robot_2,EV_search_object,EV_path_clear,CLEAR
574.825,robot_2,EV_move_forward,EV_path_clear,CLEAR
575.055,robot_2,EV_move_forward,EV_path_clear,CLEAR
575.293,robot_2,EV_move_forward,EV_path_clear,CLEAR
575.576,robot_2,EV_move_forward,EV_path_clear,CLEAR
575.822,robot_2,EV_move_forward,EV_path_clear,CLEAR
576.124,robot_2,EV_move_forward,EV_path_clear,CLEAR
576.455,robot_2,EV_search_object,EV_path_clear,CLEAR
576.607,robot_2,EV_move_forward,EV_path_clear,CLEAR
576.909,robot_2,EV_move_forward,EV_path_clear,CLEAR
577.120,robot_2,EV_move_forward,EV_path_clear,CLEAR
577.386,robot_2,EV_search_object,EV_path_clear,CLEAR
577.532,robot_2,EV_move_forward,EV_path_clear,CLEAR
577.816,robot_2,EV_search_object,EV_path_clear,CLEAR
578.045,robot_2,EV_move_forward,EV_path_clear,CLEAR
578.306,robot_2,EV_search_object,EV_path_clear,CLEAR
578.518,robot_2,EV_search_object,EV_path_clear,CLEAR
578.734,robot_2,EV_move_forward,EV_path_clear,CLEAR
578.967,robot_2,EV_move_forward,EV_path_clear,CLEAR
579.192,robot_2,EV_search_object,EV_path_clear,CLEAR
579.421,robot_2,EV_move_forward,EV_path_clear,CLEAR
579.704,robot_2,EV_move_forward,EV_path_clear,CLEAR
580.009,robot_2,EV_move_forward,EV_path_clear,CLEAR
580.353,robot_2,EV_search_object,EV_path_clear,CLEAR
580.500,robot_2,EV_move_forward,EV_path_clear,CLEAR
580.744,robot_2,EV_move_forward,EV_path_clear,CLEAR
580.998,robot_2,EV_move_forward,EV_path_clear,CLEAR
581.241,robot_2,EV_move_forward,EV_path_clear,CLEAR
581.521,robot_2,EV_search_object,EV_path_clear,CLEAR
581.742,robot_2,EV_move_forward,EV_path_clear,CLEAR
582.030,robot_2,EV_move_forward,EV_path_clear,CLEAR
582.338,robot_2,EV_move_forward,EV_path_clear,CLEAR
582.608,robot_2,EV_search_object,EV_path_clear,CLEAR
582.737,robot_2,EV_move_forward,EV_path_clear,CLEAR
583.029,robot_2,EV_search_object,EV_path_clear,CLEAR
583.226,robot_2,EV_move_forward,EV_path_clear,CLEAR
583.491,robot_2,EV_move_forward,EV_path_clear,CLEAR
583.758,robot_2,EV_move_forward,EV_path_clear,CLEAR
584.032,robot_2,EV_search_object,EV_path_clear,CLEAR
584.238,robot_2,EV_move_forward,EV_path_clear,CLEAR
584.509,robot_2,EV_search_object,EV_path_clear,CLEAR
584.696,robot_2,EV_search_object,EV_path_clear,CLEAR
584.910,robot_2,EV_search_object,EV_path_clear,CLEAR
585.126,robot_2,EV_move_forward,EV_path_clear,CLEAR
585.421,robot_2,EV_search_object,EV_path_clear,CLEAR
585.607,robot_2,EV_move_forward,EV_path_clear,CLEAR
585.976,robot_2,EV_move_forward,EV_path_clear,CLEAR
586.231,robot_2,EV_move_forward,EV_path_clear,CLEAR
586.502,robot_2,EV_search_object,EV_path_clear,CLEAR
586.655,robot_2,EV_move_forward,EV_path_clear,CLEAR
586.924,robot_2,EV_search_object,EV_path_clear,CLEAR
587.117,robot_2,EV_move_forward,EV_path_clear,CLEAR
587.405,robot_2,EV_search_object,EV_path_clear,CLEAR
587.527,robot_2,EV_move_forward,EV_path_clear,CLEAR
587.818,robot_2,EV_search_object,EV_path_clear,CLEAR
588.017,robot_2,EV_search_object,EV_path_clear,CLEAR
588.187,robot_2,EV_search_object,EV_path_clear,CLEAR
588.410,robot_2,EV_move_forward,EV_path_clear,CLEAR
588.654,robot_2,EV_move_forward,EV_path_clear,CLEAR
588.945,robot_2,EV_move_forward,EV_path_clear,CLEAR
589.201,robot_2,EV_move_forward,EV_path_clear,CLEAR
589.502,robot_2,EV_search_object,EV_path_clear,CLEAR
589.755,robot_2,EV_search_object,EV_path_clear,CLEAR
589.994,robot_2,EV_search_object,EV_path_clear,CLEAR
