stamp_sec,stamp_nsec,elapsed_s,robot,x,y
1789401760,335591585,3.672,robot_2,1.780,-1.558
1789401760,352848910,3.672,robot_1,0.723,-1.819
1789401760,352973941,3.672,robot_0,-0.704,-2.288
1789401765,228812425,8.548,robot_2,1.780,-1.558
1789401765,228900098,8.548,robot_1,0.723,-1.819
1789401765,228946791,8.548,robot_0,-0.704,-2.288
1789401769,95173954,12.414,robot_2,1.780,-1.558
1789401769,95261630,12.415,robot_1,0.723,-1.819
1789401769,95317170,12.415,robot_0,-0.704,-2.288
1789401769,297268268,12.617,robot_2,1.779,-1.559
1789401769,297366626,12.617,robot_1,0.722,-1.819
1789401769,297423647,12.617,robot_0,-0.704,-2.289
1789401769,506438042,12.826,robot_2,1.779,-1.559
1789401769,506514975,12.826,robot_1,0.723,-1.819
1789401769,506557258,12.826,robot_0,-0.715,-2.290
1789401769,737076677,13.056,robot_2,1.779,-1.559
1789401769,737176299,13.056,robot_1,0.717,-1.828
1789401769,737235702,13.056,robot_0,-0.756,-2.295
1789401769,946605509,13.266,robot_2,1.779,-1.559
1789401769,946691923,13.266,robot_1,0.692,-1.863
1789401769,946744567,13.266,robot_0,-0.799,-2.302
1789401770,172093490,13.491,robot_2,1.779,-1.559
1789401770,172197565,13.491,robot_1,0.672,-1.889
1789401770,172248879,13.492,robot_0,-0.808,-2.303
1789401770,403682514,13.723,robot_2,1.779,-1.559
1789401770,403761702,13.723,robot_1,0.662,-1.900
1789401770,418528769,13.738,robot_0,-0.808,-2.303
1789401770,422019500,13.741,robot_0_carried_generic_box,-0.808,-2.303
1789401770,627062031,13.946,robot_2,1.778,-1.559
1789401770,627148478,13.946,robot_1,0.641,-1.925
1789401770,627206339,13.946,robot_0,-0.808,-2.303
1789401770,627266743,13.947,robot_0_carried_generic_box,-0.808,-2.303
1789401770,870374153,14.190,robot_2,1.778,-1.559
1789401770,870458643,14.190,robot_1,0.624,-1.946
1789401770,870502199,14.190,robot_0,-0.830,-2.308
1789401770,870560878,14.190,robot_0_carried_generic_box,-0.809,-2.303
1789401771,78171004,14.397,robot_2,1.778,-1.559
1789401771,78245698,14.398,robot_1,0.608,-1.964
1789401771,78283948,14.398,robot_0,-0.858,-2.315
1789401771,78332917,14.398,robot_0_carried_generic_box,-0.842,-2.311
1789401771,286382595,14.606,robot_2,1.778,-1.559
1789401771,286465807,14.606,robot_1,0.591,-1.981
1789401771,286504921,14.606,robot_0,-0.891,-2.324
1789401771,286560271,14.606,robot_0_carried_generic_box,-0.862,-2.317
1789401771,506761257,14.826,robot_2,1.778,-1.560
1789401771,506848024,14.826,robot_1,0.570,-1.999
1789401771,506885539,14.826,robot_0,-0.913,-2.330
1789401771,506932577,14.826,robot_0_carried_generic_box,-0.894,-2.325
1789401771,710273395,15.030,robot_2,1.778,-1.560
1789401771,710366080,15.030,robot_1,0.554,-2.011
1789401771,710432937,15.030,robot_0,-0.913,-2.330
1789401771,710498599,15.030,robot_0_carried_generic_box,-0.912,-2.330
1789401771,937423514,15.257,robot_2,1.777,-1.560
1789401771,937508338,15.257,robot_1,0.528,-2.027
1789401771,937547725,15.257,robot_0,-0.913,-2.330
1789401771,944980874,15.264,robot_0_carried_generic_box,-0.913,-2.330
1789401772,163147060,15.482,robot_2,1.777,-1.560
1789401772,163248439,15.483,robot_1,0.503,-2.040
1789401772,164053093,15.483,robot_0,-0.913,-2.330
1789401772,164132436,15.483,robot_0_carried_generic_box,-0.913,-2.330
1789401772,373233553,15.693,robot_2,1.777,-1.560
1789401772,373325395,15.693,robot_1,0.478,-2.051
1789401772,373369946,15.693,robot_0,-0.913,-2.330
1789401772,373421424,15.693,robot_0_carried_generic_box,-0.913,-2.330
1789401772,618107045,15.937,robot_2,1.777,-1.561
1789401772,618192556,15.937,robot_1,0.445,-2.064
1789401772,618235005,15.937,robot_0,-0.913,-2.331
1789401772,618289965,15.938,robot_0_carried_generic_box,-0.913,-2.330
1789401772,845269496,16.165,robot_2,1.777,-1.561
1789401772,845356475,16.165,robot_1,0.405,-2.077
1789401772,845399103,16.165,robot_0,-0.926,-2.344
1789401772,845448234,16.165,robot_0_carried_generic_box,-0.913,-2.330
1789401773,46175199,16.365,robot_2,1.795,-1.563
1789401773,46259570,16.366,robot_1,0.368,-2.089
1789401773,46303868,16.366,robot_0,-0.932,-2.352
1789401773,46359096,16.366,robot_0_carried_generic_box,-0.916,-2.334
1789401773,267511871,16.587,robot_2,1.834,-1.566
1789401773,283688307,16.603,robot_1,0.331,-2.101
1789401773,283810402,16.603,robot_0,-0.947,-2.376
1789401773,283870235,16.603,robot_0_carried_generic_box,-0.928,-2.346
1789401773,470349832,16.790,robot_2,1.864,-1.567
1789401773,470435258,16.790,robot_1,0.302,-2.111
1789401773,470477735,16.790,robot_0,-0.948,-2.377
1789401773,470520215,16.790,robot_0_carried_generic_box,-0.942,-2.367
1789401773,671592301,16.991,robot_2,1.891,-1.569
1789401773,671687441,16.991,robot_1,0.277,-2.119
1789401773,671740437,16.991,robot_0,-0.947,-2.377
1789401773,671785704,16.991,robot_0_carried_generic_box,-0.948,-2.377
1789401773,883442383,17.203,robot_2,1.933,-1.571
1789401773,883518493,17.203,robot_1,0.247,-2.129
1789401773,883564663,17.203,robot_0,-0.951,-2.389
1789401773,894845942,17.214,robot_0_carried_generic_box,-0.948,-2.377
1789401774,90401892,17.410,robot_2,1.972,-1.573
1789401774,90493707,17.410,robot_1,0.214,-2.139
1789401774,90544853,17.410,robot_0,-0.959,-2.426
1789401774,90587917,17.427,robot_0_carried_generic_box,-0.948,-2.379
1789401774,298920385,17.618,robot_2,2.008,-1.574
1789401774,298988175,17.618,robot_1,0.179,-2.148
1789401774,299026170,17.618,robot_0,-0.965,-2.461
1789401774,299062903,17.618,robot_0_carried_generic_box,-0.955,-2.408
1789401774,524918217,17.844,robot_2,2.038,-1.576
1789401774,525010507,17.844,robot_1,0.150,-2.156
1789401774,525065972,17.844,robot_0,-0.969,-2.491
1789401774,525556594,17.845,robot_0_carried_generic_box,-0.962,-2.441
1789401774,742140792,18.061,robot_2,2.074,-1.578
1789401774,742223812,18.061,robot_1,0.115,-2.165
1789401774,742270483,18.062,robot_0,-0.972,-2.508
1789401774,742316788,18.062,robot_0_carried_generic_box,-0.966,-2.470
1789401774,962702762,18.282,robot_2,2.110,-1.580
1789401774,962794648,18.282,robot_1,0.091,-2.171
1789401774,962853492,18.282,robot_0,-0.974,-2.527
1789401774,962909537,18.282,robot_0_carried_generic_box,-0.972,-2.508
1789401775,170446793,18.490,robot_2,2.142,-1.581
1789401775,170535208,18.490,robot_1,0.069,-2.176
1789401775,170586998,18.490,robot_0,-0.978,-2.559
1789401775,170654166,18.490,robot_0_carried_generic_box,-0.972,-2.511
1789401775,379299608,18.699,robot_2,2.175,-1.583
1789401775,379387673,18.699,robot_1,0.048,-2.180
1789401775,379444569,18.699,robot_0,-0.981,-2.592
1789401775,379497854,18.699,robot_0_carried_generic_box,-0.980,-2.577
1789401775,586707768,18.906,robot_2,2.214,-1.585
1789401775,586805456,18.906,robot_1,0.021,-2.184
1789401775,586867214,18.906,robot_0,-0.985,-2.631
1789401775,586923060,18.906,robot_0_carried_generic_box,-0.982,-2.601
1789401775,807241037,19.127,robot_2,2.245,-1.587
1789401775,807331946,19.127,robot_1,-0.018,-2.187
1789401775,807390713,19.127,robot_0,-0.987,-2.651
1789401775,807504192,19.127,robot_0_carried_generic_box,-0.986,-2.633
1789401776,16680843,19.336,robot_2,2.246,-1.587
1789401776,16756064,19.336,robot_1,-0.057,-2.190
1789401776,16800441,19.336,robot_0,-0.991,-2.689
1789401776,16845970,19.336,robot_0_carried_generic_box,-0.988,-2.654
1789401776,245748225,19.565,robot_2,2.246,-1.586
1789401776,245850851,19.565,robot_1,-0.085,-2.192
1789401776,245904653,19.565,robot_0,-0.994,-2.725
1789401776,245962983,19.565,robot_0_carried_generic_box,-0.991,-2.695
1789401776,460044052,19.779,robot_2,2.246,-1.586
1789401776,460141111,19.779,robot_1,-0.108,-2.193
1789401776,460201240,19.779,robot_0,-0.996,-2.754
1789401776,460261640,19.780,robot_0_carried_generic_box,-0.995,-2.739
1789401776,662321433,19.982,robot_2,2.246,-1.586
1789401776,662399710,19.982,robot_1,-0.140,-2.193
1789401776,662451271,19.982,robot_0,-0.999,-2.787
1789401776,662505528,19.982,robot_0_carried_generic_box,-0.997,-2.766
1789401776,872524830,20.192,robot_2,2.246,-1.586
1789401776,878774210,20.198,robot_1,-0.155,-2.193
1789401776,878881383,20.198,robot_0,-1.002,-2.829
1789401776,878939506,20.198,robot_0_carried_generic_box,-0.999,-2.796
1789401777,80281546,20.400,robot_2,2.246,-1.586
1789401777,80368214,20.400,robot_1,-0.155,-2.194
1789401777,80412051,20.400,robot_0,-1.004,-2.851
1789401777,80460470,20.400,robot_0_carried_generic_box,-1.000,-2.808
1789401777,291237930,20.611,robot_2,2.246,-1.587
1789401777,291327182,20.611,robot_1,-0.155,-2.194
1789401777,291375102,20.611,robot_0,-1.004,-2.852
1789401777,291429206,20.611,robot_0_carried_generic_box,-1.004,-2.850
1789401777,506885529,20.826,robot_2,2.246,-1.587
1789401777,506986101,20.826,robot_1,-0.155,-2.194
1789401777,507048369,20.826,robot_0,-1.004,-2.852
1789401777,507118049,20.826,robot_0_carried_generic_box,-1.004,-2.852
1789401777,714042072,21.033,robot_2,2.246,-1.587
1789401777,714133594,21.033,robot_1,-0.155,-2.194
1789401777,714185134,21.033,robot_0,-1.003,-2.870
1789401777,714235422,21.033,robot_0_carried_generic_box,-1.004,-2.852
1789401777,945898614,21.265,robot_2,2.246,-1.587
1789401777,945990043,21.265,robot_1,-0.155,-2.194
1789401777,946040646,21.265,robot_0,-0.997,-2.908
1789401777,946094374,21.265,robot_0_carried_generic_box,-1.004,-2.853
1789401778,151422800,21.471,robot_2,2.247,-1.587
1789401778,151511073,21.471,robot_1,-0.155,-2.194
1789401778,151561657,21.471,robot_0,-0.992,-2.941
1789401778,151625565,21.471,robot_0_carried_generic_box,-1.002,-2.876
1789401778,362623554,21.682,robot_2,2.247,-1.588
1789401778,362708897,21.682,robot_1,-0.155,-2.194
1789401778,362768905,21.682,robot_0,-0.984,-2.981
1789401778,362827526,21.682,robot_0_carried_generic_box,-0.994,-2.929
1789401778,578353552,21.898,robot_2,2.247,-1.588
1789401778,578444340,21.898,robot_1,-0.155,-2.194
1789401778,578504389,21.898,robot_0,-0.982,-2.992
1789401778,578568326,21.898,robot_0_carried_generic_box,-0.986,-2.973
1789401778,811096903,22.130,robot_2,2.247,-1.588
1789401778,811215138,22.130,robot_1,-0.155,-2.194
1789401778,811274258,22.131,robot_0,-0.974,-3.028
1789401778,811328361,22.131,robot_0_carried_generic_box,-0.981,-2.995
1789401779,14311632,22.334,robot_2,2.247,-1.588
1789401779,14386047,22.334,robot_1,-0.155,-2.194
1789401779,14428852,22.334,robot_0,-0.969,-3.054
1789401779,14477084,22.334,robot_0_carried_generic_box,-0.971,-3.043
1789401779,244768397,22.564,robot_2,2.247,-1.588
1789401779,244873236,22.564,robot_1,-0.155,-2.193
1789401779,244923203,22.564,robot_0,-0.965,-3.071
1789401779,244974094,22.564,robot_0_carried_generic_box,-0.967,-3.062
1789401779,452101850,22.771,robot_2,2.248,-1.588
1789401779,452189640,22.771,robot_1,-0.155,-2.193
1789401779,452240450,22.772,robot_0,-0.965,-3.071
1789401779,452295580,22.772,robot_0_carried_generic_box,-0.965,-3.071
1789401779,668091238,22.987,robot_2,2.248,-1.589
1789401779,668180534,22.987,robot_1,-0.155,-2.193
1789401779,668239073,22.988,robot_0,-0.965,-3.072
1789401779,668300746,22.988,robot_0_carried_generic_box,-0.965,-3.071
1789401779,921373810,23.241,robot_2,2.248,-1.589
1789401779,921496291,23.241,robot_1,-0.155,-2.193
1789401779,921548242,23.241,robot_0,-0.957,-3.090
1789401779,921610879,23.241,robot_0_carried_generic_box,-0.963,-3.077
1789401780,125704751,23.445,robot_2,2.246,-1.597
1789401780,125829223,23.445,robot_1,-0.155,-2.192
1789401780,125888509,23.445,robot_0,-0.949,-3.105
1789401780,125950694,23.445,robot_0_carried_generic_box,-0.953,-3.097
1789401780,319727060,23.639,robot_2,2.241,-1.622
1789401780,319838484,23.639,robot_1,-0.155,-2.192
1789401780,319888867,23.639,robot_0,-0.950,-3.105
1789401780,319940339,23.639,robot_0_carried_generic_box,-0.949,-3.105
1789401780,514766660,23.834,robot_2,2.237,-1.642
1789401780,514903057,23.834,robot_1,-0.156,-2.192
1789401780,514946271,23.834,robot_0,-0.950,-3.105
1789401780,514993800,23.834,robot_0_carried_generic_box,-0.950,-3.105
1789401780,716423673,24.036,robot_2,2.232,-1.665
1789401780,716516040,24.036,robot_1,-0.156,-2.192
1789401780,716574705,24.036,robot_0,-0.950,-3.105
1789401780,739037720,24.058,robot_0_carried_generic_box,-0.950,-3.105
1789401780,923873067,24.243,robot_2,2.231,-1.670
1789401780,923980362,24.243,robot_1,-0.156,-2.192
1789401780,924034160,24.243,robot_0,-0.950,-3.105
1789401780,924091691,24.243,robot_0_carried_generic_box,-0.950,-3.105
1789401781,126035234,24.445,robot_2,2.231,-1.670
1789401781,126142782,24.445,robot_1,-0.156,-2.192
1789401781,126197760,24.445,robot_0,-0.950,-3.106
1789401781,126249131,24.446,robot_0_carried_generic_box,-0.950,-3.105
1789401781,361138353,24.680,robot_2,2.231,-1.670
1789401781,361240849,24.681,robot_1,-0.159,-2.197
1789401781,361295662,24.681,robot_0,-0.950,-3.106
1789401781,361351974,24.681,robot_0_carried_generic_box,-0.950,-3.106
1789401781,563176264,24.882,robot_2,2.231,-1.670
1789401781,563274292,24.883,robot_1,-0.173,-2.228
1789401781,563334128,24.883,robot_0,-0.950,-3.106
1789401781,563397502,24.883,robot_0_carried_generic_box,-0.950,-3.106
1789401781,775903033,25.095,robot_2,2.232,-1.670
1789401781,776017719,25.095,robot_1,-0.187,-2.258
1789401781,776076690,25.095,robot_0,-0.951,-3.106
1789401781,776140948,25.095,robot_0_carried_generic_box,-0.950,-3.106
1789401781,976398899,25.296,robot_2,2.232,-1.670
1789401781,976483775,25.296,robot_1,-0.197,-2.282
1789401781,976528104,25.296,robot_0,-0.951,-3.107
1789401781,982686878,25.302,robot_0_carried_generic_box,-0.951,-3.107
1789401782,178021921,25.497,robot_2,2.232,-1.670
1789401782,178147209,25.497,robot_1,-0.206,-2.302
1789401782,178199393,25.497,robot_0,-0.951,-3.107
1789401782,178252586,25.498,robot_0_carried_generic_box,-0.951,-3.107
1789401782,400744751,25.720,robot_2,2.232,-1.670
1789401782,400827261,25.720,robot_1,-0.217,-2.326
1789401782,400876729,25.720,robot_0,-0.951,-3.107
1789401782,400920593,25.720,robot_0_carried_generic_box,-0.951,-3.107
1789401782,619770793,25.939,robot_2,2.233,-1.670
1789401782,619855651,25.939,robot_1,-0.229,-2.350
1789401782,619902359,25.939,robot_0,-0.950,-3.107
1789401782,619956125,25.939,robot_0_carried_generic_box,-0.950,-3.107
1789401782,862261297,26.182,robot_2,2.233,-1.670
1789401782,862367393,26.182,robot_1,-0.245,-2.379
1789401782,862419339,26.182,robot_0,-0.950,-3.108
1789401782,862479375,26.182,robot_0_carried_generic_box,-0.950,-3.107
1789401783,53771238,26.373,robot_2,2.223,-1.661
1789401783,53870696,26.373,robot_1,-0.252,-2.391
1789401783,53922752,26.373,robot_0,-0.950,-3.108
1789401783,53983933,26.373,robot_0_carried_generic_box,-0.950,-3.108
1789401783,257299226,26.577,robot_2,2.191,-1.635
1789401783,257378155,26.577,robot_1,-0.252,-2.391
1789401783,257418442,26.577,robot_0,-0.950,-3.108
1789401783,257469212,26.577,robot_0_carried_generic_box,-0.950,-3.108
1789401783,477788684,26.801,robot_2,2.165,-1.615
1789401783,482149026,26.801,robot_1,-0.252,-2.391
1789401783,482298764,26.802,robot_0,-0.950,-3.108
1789401783,482386401,26.802,robot_0_carried_generic_box,-0.950,-3.108
1789401783,692706652,27.012,robot_2,2.134,-1.591
1789401783,692790013,27.012,robot_1,-0.252,-2.391
1789401783,692835526,27.012,robot_0,-0.950,-3.109
1789401783,692883886,27.012,robot_0_carried_generic_box,-0.950,-3.108
1789401783,894833428,27.214,robot_2,2.105,-1.569
1789401783,894914516,27.214,robot_1,-0.252,-2.391
1789401783,894953516,27.214,robot_0,-0.950,-3.109
1789401783,895005389,27.214,robot_0_carried_generic_box,-0.950,-3.109
1789401784,123509929,27.443,robot_2,2.079,-1.549
1789401784,123608141,27.443,robot_1,-0.252,-2.391
1789401784,123656388,27.443,robot_0,-0.954,-3.116
1789401784,123713914,27.443,robot_0_carried_generic_box,-0.950,-3.109
1789401784,325297044,27.645,robot_2,2.058,-1.533
1789401784,325393682,27.645,robot_1,-0.253,-2.391
1789401784,325445502,27.645,robot_0,-0.964,-3.130
1789401784,325508609,27.645,robot_0_carried_generic_box,-0.951,-3.112
1789401784,539839261,27.859,robot_2,2.031,-1.513
1789401784,539921399,27.859,robot_1,-0.253,-2.391
1789401784,539969629,27.859,robot_0,-0.977,-3.149
1789401784,540027927,27.859,robot_0_carried_generic_box,-0.959,-3.122
1789401784,762221925,28.082,robot_2,2.003,-1.491
1789401784,763760011,28.083,robot_1,-0.253,-2.391
1789401784,763866750,28.083,robot_0,-0.986,-3.163
1789401784,763928049,28.083,robot_0_carried_generic_box,-0.969,-3.137
1789401784,984476372,28.304,robot_2,1.969,-1.465
1789401784,984571799,28.304,robot_1,-0.253,-2.391
1789401785,1733895,28.321,robot_0,-0.986,-3.163
1789401785,1854104,28.321,robot_0_carried_generic_box,-0.985,-3.161
1789401785,186413562,28.506,robot_2,1.946,-1.447
1789401785,186496192,28.506,robot_1,-0.254,-2.391
1789401785,186540269,28.506,robot_0,-0.986,-3.163
1789401785,186591051,28.521,robot_0_carried_generic_box,-0.986,-3.163
1789401785,396532457,28.716,robot_2,1.922,-1.429
1789401785,407964651,28.727,robot_1,-0.254,-2.391
1789401785,408066804,28.727,robot_0,-0.986,-3.163
1789401785,408136200,28.727,robot_0_carried_generic_box,-0.986,-3.163
1789401785,596842889,28.916,robot_2,1.896,-1.409
1789401785,596993756,28.916,robot_1,-0.254,-2.391
1789401785,597049161,28.916,robot_0,-0.987,-3.163
1789401785,597113023,28.916,robot_0_carried_generic_box,-0.986,-3.163
1789401785,808977312,29.128,robot_2,1.867,-1.387
1789401785,809062332,29.128,robot_1,-0.254,-2.391
1789401785,809106007,29.128,robot_0,-0.987,-3.162
1789401785,809162893,29.128,robot_0_carried_generic_box,-0.986,-3.163
1789401786,13550251,29.333,robot_2,1.841,-1.367
1789401786,28347409,29.348,robot_1,-0.254,-2.391
1789401786,28447682,29.348,robot_0,-0.987,-3.162
1789401786,28511182,29.348,robot_0_carried_generic_box,-0.987,-3.163
1789401786,218718374,29.538,robot_2,1.817,-1.349
1789401786,218857664,29.538,robot_1,-0.255,-2.391
1789401786,218908666,29.538,robot_0,-0.987,-3.162
1789401786,218964828,29.538,robot_0_carried_generic_box,-0.987,-3.162
1789401786,424802217,29.744,robot_2,1.788,-1.327
1789401786,424901281,29.744,robot_1,-0.255,-2.392
1789401786,424953078,29.744,robot_0,-0.987,-3.161
1789401786,425015813,29.744,robot_0_carried_generic_box,-0.987,-3.162
1789401786,630426172,29.950,robot_2,1.762,-1.307
1789401786,630523052,29.950,robot_1,-0.255,-2.392
1789401786,630575225,29.950,robot_0,-0.987,-3.161
1789401786,657852971,29.977,robot_0_carried_generic_box,-0.987,-3.162
1789401786,838052196,30.157,robot_2,1.736,-1.287
1789401786,838141584,30.157,robot_1,-0.255,-2.392
1789401786,838183780,30.157,robot_0,-0.987,-3.161
1789401786,838233583,30.157,robot_0_carried_generic_box,-0.987,-3.161
1789401787,46977394,30.366,robot_2,1.712,-1.269
1789401787,47075535,30.366,robot_1,-0.255,-2.392
1789401787,47125584,30.366,robot_0,-0.987,-3.161
1789401787,47176988,30.366,robot_0_carried_generic_box,-0.987,-3.161
1789401787,284398539,30.604,robot_2,1.681,-1.245
1789401787,294367157,30.614,robot_1,-0.255,-2.393
1789401787,294474405,30.614,robot_0,-0.987,-3.160
1789401787,294560157,30.614,robot_0_carried_generic_box,-0.987,-3.161
1789401787,490173350,30.809,robot_2,1.657,-1.227
1789401787,490265376,30.810,robot_1,-0.240,-2.397
1789401787,490303099,30.810,robot_0,-0.987,-3.160
1789401787,502654776,30.822,robot_0_carried_generic_box,-0.987,-3.160
1789401787,690529172,31.010,robot_2,1.634,-1.208
1789401787,690628174,31.010,robot_1,-0.220,-2.403
1789401787,690680060,31.010,robot_0,-0.987,-3.160
1789401787,690743115,31.010,robot_0_carried_generic_box,-0.987,-3.160
1789401787,893089009,31.212,robot_2,1.605,-1.186
1789401787,893170893,31.212,robot_1,-0.197,-2.410
1789401787,893213940,31.212,robot_0,-0.987,-3.160
1789401787,893263204,31.213,robot_0_carried_generic_box,-0.987,-3.160
1789401788,94498910,31.414,robot_2,1.581,-1.168
1789401788,94582181,31.414,robot_1,-0.178,-2.414
1789401788,94631628,31.414,robot_0,-0.987,-3.160
1789401788,94682476,31.414,robot_0_carried_generic_box,-0.987,-3.160
1789401788,319850566,31.639,robot_2,1.555,-1.148
1789401788,319946589,31.639,robot_1,-0.147,-2.419
1789401788,319995834,31.639,robot_0,-0.987,-3.160
1789401788,320052756,31.639,robot_0_carried_generic_box,-0.987,-3.160
1789401788,544677141,31.864,robot_2,1.544,-1.140
1789401788,544778488,31.864,robot_1,-0.115,-2.423
1789401788,544827546,31.864,robot_0,-0.987,-3.161
1789401788,544876682,31.864,robot_0_carried_generic_box,-0.987,-3.160
1789401788,748108792,32.067,robot_2,1.544,-1.140
1789401788,748188719,32.067,robot_1,-0.093,-2.425
1789401788,748235854,32.067,robot_0,-0.987,-3.161
1789401788,748288652,32.068,robot_0_carried_generic_box,-0.987,-3.160
1789401788,955356622,32.275,robot_2,1.544,-1.140
1789401788,958697969,32.278,robot_1,-0.059,-2.428
1789401788,958798860,32.278,robot_0,-0.987,-3.161
1789401788,958855923,32.278,robot_0_carried_generic_box,-0.987,-3.161
1789401789,156904250,32.476,robot_2,1.544,-1.140
1789401789,156980679,32.476,robot_1,-0.036,-2.429
1789401789,157026196,32.476,robot_0,-0.987,-3.161
1789401789,157080021,32.476,robot_0_carried_generic_box,-0.987,-3.161
1789401789,364405057,32.684,robot_2,1.544,-1.140
1789401789,364489824,32.684,robot_1,-0.014,-2.430
1789401789,364540285,32.684,robot_0,-0.987,-3.162
1789401789,364603064,32.684,robot_0_carried_generic_box,-0.987,-3.161
1789401789,579190026,32.898,robot_2,1.544,-1.139
1789401789,579269378,32.899,robot_1,0.008,-2.430
1789401789,579312409,32.899,robot_0,-0.987,-3.162
1789401789,579361336,32.899,robot_0_carried_generic_box,-0.987,-3.161
1789401789,809704330,33.129,robot_2,1.544,-1.139
1789401789,809800307,33.129,robot_1,0.044,-2.430
1789401789,809842777,33.129,robot_0,-0.986,-3.162
1789401789,809894558,33.129,robot_0_carried_generic_box,-0.987,-3.162
1789401790,31048814,33.350,robot_2,1.544,-1.139
1789401790,31136340,33.350,robot_1,0.077,-2.430
1789401790,31187287,33.350,robot_0,-0.986,-3.162
1789401790,31245136,33.351,robot_0_carried_generic_box,-0.987,-3.162
1789401790,236399392,33.556,robot_2,1.544,-1.139
1789401790,236495089,33.556,robot_1,0.110,-2.429
1789401790,236545231,33.556,robot_0,-0.986,-3.162
1789401790,236613948,33.556,robot_0_carried_generic_box,-0.986,-3.162
1789401790,469856031,33.789,robot_2,1.544,-1.138
1789401790,469934148,33.789,robot_1,0.152,-2.429
1789401790,469976502,33.793,robot_0,-0.986,-3.163
1789401790,473750221,33.793,robot_0_carried_generic_box,-0.986,-3.162
1789401790,684108430,34.003,robot_2,1.544,-1.138
1789401790,684199190,34.003,robot_1,0.188,-2.428
1789401790,684251749,34.004,robot_0,-0.986,-3.163
1789401790,684314113,34.004,robot_0_carried_generic_box,-0.986,-3.162
1789401790,888085886,34.207,robot_2,1.544,-1.138
1789401790,888172211,34.207,robot_1,0.224,-2.428
1789401790,888212667,34.207,robot_0,-0.982,-3.155
1789401790,888259983,34.208,robot_0_carried_generic_box,-0.986,-3.163
1789401791,89260695,34.409,robot_2,1.544,-1.138
1789401791,89342760,34.409,robot_1,0.260,-2.427
1789401791,89386583,34.409,robot_0,-0.969,-3.123
1789401791,89443708,34.409,robot_0_carried_generic_box,-0.985,-3.162
1789401791,323082748,34.642,robot_2,1.544,-1.137
1789401791,323165353,34.642,robot_1,0.293,-2.427
1789401791,323214636,34.642,robot_0,-0.955,-3.084
1789401791,323271523,34.643,robot_0_carried_generic_box,-0.976,-3.140
1789401791,525255015,34.845,robot_2,1.544,-1.137
1789401791,525334787,34.845,robot_1,0.319,-2.426
1789401791,525376474,34.845,robot_0,-0.945,-3.058
1789401791,525422775,34.845,robot_0_carried_generic_box,-0.963,-3.107
1789401791,740514457,35.060,robot_2,1.544,-1.137
1789401791,751743175,35.071,robot_1,0.347,-2.426
1789401791,751882563,35.071,robot_0,-0.934,-3.032
1789401791,751950151,35.071,robot_0_carried_generic_box,-0.951,-3.075
1789401791,965557575,35.285,robot_2,1.543,-1.137
1789401791,965689596,35.285,robot_1,0.375,-2.424
1789401791,965736722,35.285,robot_0,-0.924,-3.009
1789401791,965794920,35.285,robot_0_carried_generic_box,-0.943,-3.053
1789401792,173144656,35.492,robot_2,1.543,-1.137
1789401792,173228038,35.492,robot_1,0.406,-2.423
1789401792,173272957,35.493,robot_0,-0.908,-2.977
1789401792,173332699,35.493,robot_0_carried_generic_box,-0.929,-3.020
1789401792,383263764,35.703,robot_2,1.540,-1.142
1789401792,383344250,35.703,robot_1,0.430,-2.422
1789401792,383389245,35.703,robot_0,-0.893,-2.944
1789401792,383442716,35.703,robot_0_carried_generic_box,-0.912,-2.985
1789401792,630309369,35.950,robot_2,1.519,-1.175
1789401792,630403800,35.950,robot_1,0.460,-2.420
1789401792,630441202,35.950,robot_0,-0.878,-2.915
1789401792,630490523,35.950,robot_0_carried_generic_box,-0.898,-2.955
1789401792,841935776,36.161,robot_2,1.502,-1.204
1789401792,842015853,36.161,robot_1,0.496,-2.417
1789401792,842051964,36.161,robot_0,-0.868,-2.894
1789401792,842101649,36.161,robot_0_carried_generic_box,-0.885,-2.928
1789401793,54340297,36.374,robot_2,1.499,-1.210
1789401793,54429727,36.374,robot_1,0.529,-2.415
1789401793,54473962,36.374,robot_0,-0.854,-2.870
1789401793,54534896,36.374,robot_0_carried_generic_box,-0.877,-2.912
1789401793,258684295,36.578,robot_2,1.499,-1.210
1789401793,258768924,36.578,robot_1,0.565,-2.413
1789401793,258813173,36.578,robot_0,-0.836,-2.840
1789401793,258874209,36.578,robot_0_carried_generic_box,-0.857,-2.875
1789401793,480508920,36.800,robot_2,1.499,-1.210
1789401793,480616161,36.800,robot_1,0.607,-2.410
1789401793,480662978,36.800,robot_0,-0.822,-2.815
1789401793,480723690,36.800,robot_0_carried_generic_box,-0.841,-2.847
1789401793,690199650,37.009,robot_2,1.499,-1.210
1789401793,690288334,37.024,robot_1,0.640,-2.408
1789401793,704442647,37.024,robot_0,-0.807,-2.793
1789401793,704531000,37.024,robot_0_carried_generic_box,-0.827,-2.824
1789401793,908060207,37.227,robot_2,1.499,-1.210
1789401793,908173460,37.227,robot_1,0.675,-2.406
1789401793,908222660,37.227,robot_0,-0.787,-2.763
1789401793,908285140,37.228,robot_0_carried_generic_box,-0.812,-2.800
1789401794,117561733,37.437,robot_2,1.499,-1.210
1789401794,132699036,37.452,robot_1,0.714,-2.403
1789401794,132780099,37.452,robot_0,-0.765,-2.730
1789401794,132835537,37.452,robot_0_carried_generic_box,-0.797,-2.778
1789401794,320981934,37.640,robot_2,1.499,-1.210
1789401794,321066747,37.640,robot_1,0.732,-2.402
1789401794,321107014,37.640,robot_0,-0.757,-2.718
1789401794,321155479,37.640,robot_0_carried_generic_box,-0.777,-2.748
1789401794,321194052,37.640,robot_1_carried_generic_box,0.708,-2.404
1789401794,544414380,37.864,robot_2,1.499,-1.210
1789401794,544506857,37.864,robot_1,0.744,-2.401
1789401794,544559202,37.864,robot_0,-0.745,-2.702
1789401794,566693364,37.886,robot_0_carried_generic_box,-0.753,-2.713
1789401794,566816210,37.886,robot_1_carried_generic_box,0.738,-2.402
1789401794,769689096,38.089,robot_2,1.493,-1.216
1789401794,769781307,38.089,robot_1,0.767,-2.400
1789401794,769825856,38.089,robot_0,-0.733,-2.685
1789401794,769878579,38.089,robot_0_carried_generic_box,-0.748,-2.705
1789401794,769917691,38.089,robot_1_carried_generic_box,0.744,-2.401
1789401794,998457223,38.318,robot_2,1.467,-1.236
1789401794,998545800,38.318,robot_1,0.778,-2.399
1789401794,998591671,38.318,robot_0,-0.712,-2.656
1789401794,998659285,38.318,robot_0_carried_generic_box,-0.738,-2.692
1789401794,998704755,38.318,robot_1_carried_generic_box,0.758,-2.400
1789401795,208876645,38.528,robot_2,1.432,-1.260
1789401795,208966954,38.528,robot_1,0.806,-2.398
1789401795,209018968,38.528,robot_0,-0.688,-2.622
1789401795,209076343,38.528,robot_0_carried_generic_box,-0.719,-2.666
1789401795,209128231,38.528,robot_1_carried_generic_box,0.778,-2.399
1789401795,441334799,38.761,robot_2,1.402,-1.279
1789401795,441419207,38.761,robot_1,0.842,-2.398
1789401795,441460230,38.761,robot_0,-0.668,-2.595
1789401795,441502387,38.761,robot_0_carried_generic_box,-0.698,-2.637
1789401795,441537123,38.761,robot_1_carried_generic_box,0.792,-2.399
1789401795,644044311,38.963,robot_2,1.369,-1.301
1789401795,644127982,38.963,robot_1,0.878,-2.397
1789401795,644179732,38.963,robot_0,-0.649,-2.570
1789401795,644234033,38.963,robot_0_carried_generic_box,-0.679,-2.610
1789401795,644271842,38.964,robot_1_carried_generic_box,0.821,-2.398
1789401795,875729189,39.195,robot_2,1.339,-1.320
1789401795,875837963,39.195,robot_1,0.897,-2.397
1789401795,875886378,39.195,robot_0,-0.627,-2.541
1789401795,875931842,39.195,robot_0_carried_generic_box,-0.663,-2.589
1789401795,875971321,39.195,robot_1_carried_generic_box,0.874,-2.397
1789401796,75158700,39.394,robot_2,1.314,-1.337
1789401796,75262319,39.395,robot_1,0.927,-2.397
1789401796,75311851,39.395,robot_0,-0.609,-2.517
1789401796,75359883,39.395,robot_0_carried_generic_box,-0.640,-2.558
1789401796,75399590,39.395,robot_1_carried_generic_box,0.879,-2.397
1789401796,304943913,39.624,robot_2,1.286,-1.355
1789401796,305028812,39.624,robot_1,0.941,-2.397
1789401796,305069635,39.624,robot_0,-0.593,-2.496
1789401796,305111640,39.624,robot_0_carried_generic_box,-0.620,-2.531
1789401796,305138165,39.624,robot_1_carried_generic_box,0.909,-2.397
1789401796,539286107,39.859,robot_2,1.259,-1.372
1789401796,539381456,39.859,robot_1,0.941,-2.397
1789401796,539431361,39.859,robot_0,-0.580,-2.478
1789401796,539482570,39.859,robot_0_carried_generic_box,-0.597,-2.501
1789401796,539523052,39.859,robot_1_carried_generic_box,0.940,-2.397
1789401796,751128117,40.070,robot_2,1.247,-1.380
1789401796,751205509,40.070,robot_1,0.954,-2.398
1789401796,751245358,40.071,robot_0,-0.568,-2.463
1789401796,751286118,40.071,robot_0_carried_generic_box,-0.591,-2.493
1789401796,751313548,40.071,robot_1_carried_generic_box,0.941,-2.397
1789401796,951957834,40.271,robot_2,1.247,-1.380
1789401796,952032951,40.271,robot_1,0.987,-2.403
1789401796,952073039,40.271,robot_0,-0.552,-2.442
1789401796,952112053,40.271,robot_0_carried_generic_box,-0.580,-2.478
1789401796,952139218,40.271,robot_1_carried_generic_box,0.941,-2.397
1789401797,166331294,40.486,robot_2,1.247,-1.380
1789401797,166409624,40.486,robot_1,0.991,-2.404
1789401797,166452952,40.486,robot_0,-0.537,-2.423
1789401797,166495671,40.486,robot_0_carried_generic_box,-0.562,-2.455
1789401797,166529516,40.486,robot_1_carried_generic_box,0.968,-2.400
1789401797,377247919,40.697,robot_2,1.247,-1.380
1789401797,377329253,40.697,robot_1,0.991,-2.403
1789401797,377365860,40.697,robot_0,-0.517,-2.400
1789401797,377406829,40.697,robot_0_carried_generic_box,-0.549,-2.439
1789401797,377438031,40.697,robot_1_carried_generic_box,0.991,-2.404
1789401797,593285461,40.913,robot_2,1.247,-1.380
1789401797,593373508,40.913,robot_1,0.993,-2.404
1789401797,593425474,40.913,robot_0,-0.497,-2.375
1789401797,593472735,40.913,robot_0_carried_generic_box,-0.527,-2.411
1789401797,593510349,40.913,robot_1_carried_generic_box,0.991,-2.403
1789401797,816138685,41.135,robot_2,1.247,-1.380
1789401797,816226671,41.135,robot_1,1.018,-2.416
1789401797,816266481,41.136,robot_0,-0.480,-2.355
1789401797,816311921,41.136,robot_0_carried_generic_box,-0.506,-2.386
1789401797,816341733,41.136,robot_1_carried_generic_box,0.992,-2.403
1789401798,27799798,41.347,robot_2,1.246,-1.380
1789401798,27888704,41.347,robot_1,1.052,-2.435
1789401798,27928355,41.347,robot_0,-0.457,-2.328
1789401798,27971364,41.347,robot_0_carried_generic_box,-0.490,-2.367
1789401798,28001594,41.347,robot_1_carried_generic_box,0.999,-2.406
1789401798,248431653,41.568,robot_2,1.246,-1.379
1789401798,248506924,41.568,robot_1,1.085,-2.456
1789401798,248544999,41.568,robot_0,-0.436,-2.303
1789401798,248587878,41.589,robot_0_carried_generic_box,-0.471,-2.344
1789401798,269763880,41.589,robot_1_carried_generic_box,1.033,-2.425
1789401798,466036414,41.785,robot_2,1.246,-1.379
1789401798,466122491,41.785,robot_1,1.113,-2.474
1789401798,466160303,41.785,robot_0,-0.421,-2.284
1789401798,466202869,41.785,robot_0_carried_generic_box,-0.451,-2.321
1789401798,466233850,41.785,robot_1_carried_generic_box,1.059,-2.440
1789401798,685412098,42.005,robot_2,1.246,-1.379
1789401798,685514711,42.005,robot_1,1.126,-2.482
1789401798,685559463,42.005,robot_0,-0.405,-2.266
1789401798,685614963,42.005,robot_0_carried_generic_box,-0.424,-2.289
1789401798,685650969,42.005,robot_1_carried_generic_box,1.092,-2.461
1789401798,938234903,42.258,robot_2,1.245,-1.379
1789401798,938323190,42.258,robot_1,1.144,-2.494
1789401798,938364195,42.258,robot_0,-0.378,-2.235
1789401798,938407423,42.258,robot_0_carried_generic_box,-0.413,-2.275
1789401798,938444871,42.258,robot_1_carried_generic_box,1.119,-2.478
1789401799,151352981,42.471,robot_2,1.245,-1.379
1789401799,151428704,42.471,robot_1,1.155,-2.502
1789401799,151468586,42.471,robot_0,-0.357,-2.210
1789401799,151516334,42.471,robot_0_carried_generic_box,-0.395,-2.255
1789401799,151549641,42.471,robot_1_carried_generic_box,1.140,-2.492
1789401799,357046834,42.676,robot_2,1.245,-1.379
1789401799,357119050,42.676,robot_1,1.185,-2.525
1789401799,357155829,42.676,robot_0,-0.340,-2.191
1789401799,357201923,42.676,robot_0_carried_generic_box,-0.359,-2.213
1789401799,357237215,42.676,robot_1_carried_generic_box,1.144,-2.494
1789401799,561865030,42.881,robot_2,1.245,-1.379
1789401799,561943638,42.881,robot_1,1.214,-2.547
1789401799,561983566,42.881,robot_0,-0.324,-2.172
1789401799,562031839,42.881,robot_0_carried_generic_box,-0.353,-2.206
1789401799,562072712,42.881,robot_1_carried_generic_box,1.164,-2.509
1789401799,778061294,43.097,robot_2,1.244,-1.379
1789401799,778141960,43.097,robot_1,1.240,-2.567
1789401799,778184467,43.097,robot_0,-0.306,-2.150
1789401799,778236226,43.097,robot_0_carried_generic_box,-0.329,-2.178
1789401799,778277632,43.098,robot_1_carried_generic_box,1.190,-2.529
1789401799,985701738,43.305,robot_2,1.244,-1.380
1789401799,985782326,43.305,robot_1,1.268,-2.589
1789401799,985824068,43.305,robot_0,-0.284,-2.122
1789401799,985875546,43.305,robot_0_carried_generic_box,-0.317,-2.164
1789401799,985917900,43.305,robot_1_carried_generic_box,1.228,-2.558
1789401800,209833219,43.529,robot_2,1.244,-1.380
1789401800,209917621,43.529,robot_1,1.292,-2.607
1789401800,209959364,43.529,robot_0,-0.267,-2.098
1789401800,210011684,43.529,robot_0_carried_generic_box,-0.301,-2.143
1789401800,210057191,43.529,robot_1_carried_generic_box,1.245,-2.571
1789401800,430300697,43.750,robot_2,1.244,-1.380
1789401800,430385026,43.750,robot_1,1.321,-2.630
1789401800,430421707,43.750,robot_0,-0.246,-2.070
1789401800,430466415,43.750,robot_0_carried_generic_box,-0.274,-2.107
1789401800,430501650,43.750,robot_1_carried_generic_box,1.283,-2.600
1789401800,643276525,43.963,robot_2,1.244,-1.381
1789401800,643358076,43.963,robot_1,1.346,-2.650
1789401800,643438446,43.963,robot_0,-0.232,-2.051
1789401800,643493871,43.963,robot_0_carried_generic_box,-0.260,-2.088
1789401800,643540501,43.963,robot_1_carried_generic_box,1.300,-2.614
1789401800,890800008,44.210,robot_2,1.263,-1.400
1789401800,890891108,44.210,robot_1,1.350,-2.653
1789401800,890946107,44.210,robot_0,-0.217,-2.031
1789401800,891008745,44.210,robot_0_carried_generic_box,-0.239,-2.060
1789401800,891057561,44.210,robot_1_carried_generic_box,1.344,-2.649
1789401801,117360999,44.437,robot_2,1.286,-1.424
1789401801,117459913,44.437,robot_1,1.350,-2.653
1789401801,117518052,44.437,robot_0,-0.197,-2.005
1789401801,117579524,44.437,robot_0_carried_generic_box,-0.222,-2.038
1789401801,117636445,44.437,robot_1_carried_generic_box,1.350,-2.653
1789401801,336882318,44.656,robot_2,1.297,-1.436
1789401801,337169125,44.656,robot_1,1.363,-2.667
1789401801,337219759,44.656,robot_0,-0.170,-1.969
1789401801,337271765,44.657,robot_0_carried_generic_box,-0.208,-2.019
1789401801,337312061,44.657,robot_1_carried_generic_box,1.350,-2.653
1789401801,555269940,44.875,robot_2,1.297,-1.436
1789401801,555358516,44.875,robot_1,1.379,-2.686
1789401801,555408975,44.875,robot_0,-0.150,-1.943
1789401801,555471368,44.878,robot_0_carried_generic_box,-0.188,-1.993
1789401801,558840922,44.878,robot_1_carried_generic_box,1.351,-2.654
1789401801,801405847,45.121,robot_2,1.297,-1.436
1789401801,801495407,45.121,robot_1,1.388,-2.700
1789401801,801533213,45.121,robot_0,-0.138,-1.927
1789401801,801588361,45.121,robot_0_carried_generic_box,-0.159,-1.955
1789401801,801640595,45.121,robot_1_carried_generic_box,1.368,-2.673
1789401802,4362483,45.324,robot_2,1.298,-1.437
1789401802,4448594,45.324,robot_1,1.404,-2.727
1789401802,4493759,45.324,robot_0,-0.121,-1.905
1789401802,4547586,45.324,robot_0_carried_generic_box,-0.142,-1.932
1789401802,4591346,45.342,robot_1_carried_generic_box,1.385,-2.694
1789401802,208500500,45.528,robot_2,1.315,-1.448
1789401802,208588054,45.528,robot_1,1.420,-2.756
1789401802,208639898,45.528,robot_0,-0.105,-1.885
1789401802,208690328,45.528,robot_0_carried_generic_box,-0.132,-1.919
1789401802,208732298,45.528,robot_1_carried_generic_box,1.397,-2.714
1789401802,423415074,45.743,robot_2,1.351,-1.470
1789401802,423507064,45.743,robot_1,1.438,-2.794
1789401802,423555921,45.743,robot_0,-0.079,-1.854
1789401802,432108224,45.751,robot_0_carried_generic_box,-0.117,-1.901
1789401802,432242225,45.752,robot_1_carried_generic_box,1.411,-2.740
1789401802,649658966,45.969,robot_2,1.377,-1.484
1789401802,649743243,45.969,robot_1,1.451,-2.821
1789401802,649788299,45.969,robot_0,-0.066,-1.839
1789401802,649846005,45.969,robot_0_carried_generic_box,-0.095,-1.874
1789401802,649888835,45.969,robot_1_carried_generic_box,1.429,-2.775
1789401802,849719243,46.169,robot_2,1.403,-1.499
1789401802,849801117,46.169,robot_1,1.463,-2.844
1789401802,849852287,46.169,robot_0,-0.048,-1.817
1789401802,849913372,46.169,robot_0_carried_generic_box,-0.074,-1.848
1789401802,849963947,46.169,robot_1_carried_generic_box,1.443,-2.805
1789401803,75931742,46.395,robot_2,1.434,-1.517
1789401803,76010132,46.395,robot_1,1.468,-2.855
1789401803,76049714,46.395,robot_0,-0.025,-1.789
1789401803,76099914,46.395,robot_0_carried_generic_box,-0.063,-1.835
1789401803,76135539,46.395,robot_1_carried_generic_box,1.454,-2.826
1789401803,297523672,46.617,robot_2,1.466,-1.534
1789401803,297611454,46.617,robot_1,1.482,-2.886
1789401803,297652446,46.621,robot_0,-0.002,-1.761
1789401803,301382030,46.621,robot_0_carried_generic_box,-0.037,-1.803
1789401803,301461870,46.621,robot_1_carried_generic_box,1.464,-2.847
1789401803,503643473,46.823,robot_2,1.495,-1.551
1789401803,503724186,46.823,robot_1,1.495,-2.916
1789401803,503766959,46.823,robot_0,0.019,-1.736
1789401803,503824723,46.823,robot_0_carried_generic_box,-0.025,-1.789
1789401803,503870671,46.823,robot_1_carried_generic_box,1.475,-2.869
1789401803,708094593,47.027,robot_2,1.521,-1.565
1789401803,708176651,47.027,robot_1,1.508,-2.943
1789401803,708220883,47.027,robot_0,0.038,-1.713
1789401803,708278292,47.028,robot_0_carried_generic_box,0.004,-1.754
1789401803,708324967,47.028,robot_1_carried_generic_box,1.481,-2.883
1789401803,938360338,47.258,robot_2,1.550,-1.581
1789401803,938436265,47.258,robot_1,1.521,-2.973
1789401803,938495128,47.258,robot_0,0.057,-1.690
1789401803,938547165,47.258,robot_0_carried_generic_box,0.019,-1.736
1789401803,938588965,47.258,robot_1_carried_generic_box,1.498,-2.921
1789401804,166548813,47.486,robot_2,1.586,-1.602
1789401804,178582908,47.498,robot_1,1.537,-3.009
1789401804,178694067,47.498,robot_0,0.075,-1.669
1789401804,178758870,47.498,robot_0_carried_generic_box,0.046,-1.704
1789401804,178805298,47.498,robot_1_carried_generic_box,1.513,-2.954
1789401804,387802123,47.707,robot_2,1.618,-1.620
1789401804,387899308,47.707,robot_1,1.540,-3.016
1789401804,387944325,47.707,robot_0,0.077,-1.666
1789401804,388001312,47.707,robot_0_carried_generic_box,0.066,-1.679
1789401804,388039657,47.707,robot_1_carried_generic_box,1.532,-2.998
1789401804,599351790,47.919,robot_2,1.649,-1.637
1789401804,599435111,47.919,robot_1,1.548,-3.037
1789401804,599482915,47.919,robot_0,0.084,-1.658
1789401804,599538522,47.919,robot_0_carried_generic_box,0.075,-1.668
1789401804,599583706,47.943,robot_1_carried_generic_box,1.540,-3.016
1789401804,818127814,48.137,robot_2,1.678,-1.653
1789401804,818215301,48.137,robot_1,1.556,-3.057
1789401804,818255403,48.138,robot_0,0.105,-1.633
1789401804,818304644,48.138,robot_0_carried_generic_box,0.078,-1.665
1789401804,818345908,48.138,robot_1_carried_generic_box,1.543,-3.022
1789401805,28288440,48.348,robot_2,1.709,-1.671
1789401805,32338120,48.352,robot_1,1.556,-3.058
1789401805,32427988,48.352,robot_0,0.128,-1.606
1789401805,32478608,48.352,robot_0_carried_generic_box,0.090,-1.652
1789401805,32516583,48.352,robot_1_carried_generic_box,1.551,-3.045
1789401805,245769503,48.565,robot_2,1.735,-1.686
1789401805,245869992,48.565,robot_1,1.556,-3.058
1789401805,245915463,48.565,robot_0,0.148,-1.583
1789401805,245967344,48.565,robot_0_carried_generic_box,0.111,-1.626
1789401805,246007491,48.565,robot_1_carried_generic_box,1.556,-3.058
1789401805,465050378,48.784,robot_2,1.772,-1.706
1789401805,465135498,48.784,robot_1,1.556,-3.058
1789401805,465172971,48.784,robot_0,0.175,-1.551
1789401805,465218667,48.784,robot_0_carried_generic_box,0.132,-1.601
1789401805,465254726,48.785,robot_1_carried_generic_box,1.556,-3.058
1789401805,665923340,48.985,robot_2,1.798,-1.721
1789401805,673972048,48.993,robot_1,1.556,-3.058
1789401805,674064423,48.993,robot_0,0.194,-1.528
1789401805,674117289,48.993,robot_0_carried_generic_box,0.156,-1.574
1789401805,674156893,48.993,robot_1_carried_generic_box,1.556,-3.058
1789401805,879254341,49.199,robot_2,1.827,-1.737
1789401805,879350828,49.199,robot_1,1.556,-3.058
1789401805,879394616,49.199,robot_0,0.215,-1.504
1789401805,879440602,49.199,robot_0_carried_generic_box,0.187,-1.537
1789401805,879478388,49.199,robot_1_carried_generic_box,1.556,-3.058
1789401806,100712008,49.420,robot_2,1.858,-1.755
1789401806,100796591,49.420,robot_1,1.556,-3.058
1789401806,100835699,49.420,robot_0,0.221,-1.497
1789401806,100883321,49.420,robot_0_carried_generic_box,0.204,-1.517
1789401806,106387018,49.426,robot_1_carried_generic_box,1.556,-3.058
1789401806,312116498,49.631,robot_2,1.887,-1.771
1789401806,312204806,49.631,robot_1,1.556,-3.059
1789401806,312244858,49.632,robot_0,0.221,-1.497
1789401806,312294758,49.632,robot_0_carried_generic_box,0.220,-1.498
1789401806,312337716,49.632,robot_1_carried_generic_box,1.556,-3.058
1789401806,519606148,49.839,robot_2,1.916,-1.787
1789401806,519709002,49.839,robot_1,1.556,-3.059
1789401806,519750456,49.839,robot_0,0.221,-1.497
1789401806,519798409,49.839,robot_0_carried_generic_box,0.221,-1.497
1789401806,519831147,49.839,robot_1_carried_generic_box,1.556,-3.058
1789401806,745114251,50.064,robot_2,1.950,-1.806
1789401806,745203208,50.064,robot_1,1.555,-3.059
1789401806,745241627,50.065,robot_0,0.221,-1.497
1789401806,745287874,50.065,robot_0_carried_generic_box,0.221,-1.497
1789401806,745317619,50.065,robot_1_carried_generic_box,1.556,-3.059
1789401806,958490666,50.278,robot_2,1.979,-1.822
1789401806,958577027,50.278,robot_1,1.555,-3.059
1789401806,958624814,50.278,robot_0,0.222,-1.497
1789401806,958671283,50.278,robot_0_carried_generic_box,0.221,-1.497
1789401806,958711729,50.278,robot_1_carried_generic_box,1.555,-3.059
1789401807,165439483,50.485,robot_2,2.015,-1.843
1789401807,165524209,50.485,robot_1,1.555,-3.059
1789401807,165560469,50.485,robot_0,0.222,-1.497
1789401807,196471628,50.516,robot_0_carried_generic_box,0.221,-1.497
1789401807,196625549,50.516,robot_1_carried_generic_box,1.555,-3.059
1789401807,391074734,50.710,robot_2,2.044,-1.859
1789401807,391164634,50.710,robot_1,1.555,-3.060
1789401807,391203264,50.710,robot_0,0.222,-1.497
1789401807,391246331,50.711,robot_0_carried_generic_box,0.222,-1.497
1789401807,391277070,50.711,robot_1_carried_generic_box,1.555,-3.059
1789401807,596554076,50.916,robot_2,2.075,-1.876
1789401807,602888174,50.922,robot_1,1.555,-3.060
1789401807,602982012,50.922,robot_0,0.222,-1.497
1789401807,603031131,50.922,robot_0_carried_generic_box,0.222,-1.497
1789401807,603065089,50.922,robot_1_carried_generic_box,1.555,-3.060
1789401807,799499021,51.119,robot_2,2.100,-1.890
1789401807,799586162,51.132,robot_1,1.555,-3.060
1789401807,812987065,51.132,robot_0,0.223,-1.497
1789401807,813066392,51.132,robot_0_carried_generic_box,0.222,-1.497
1789401807,813116508,51.132,robot_1_carried_generic_box,1.555,-3.060
1789401807,999638188,51.319,robot_2,2.101,-1.891
1789401807,999739768,51.319,robot_1,1.555,-3.061
1789401807,999790727,51.319,robot_0,0.223,-1.497
1789401807,999845235,51.319,robot_0_carried_generic_box,0.223,-1.497
1789401807,999890243,51.319,robot_1_carried_generic_box,1.555,-3.060
1789401808,214235421,51.534,robot_2,2.101,-1.891
1789401808,214311555,51.534,robot_1,1.555,-3.061
1789401808,214353397,51.534,robot_0,0.223,-1.497
1789401808,214397956,51.534,robot_0_carried_generic_box,0.223,-1.497
1789401808,214431324,51.534,robot_1_carried_generic_box,1.555,-3.060
1789401808,419803337,51.739,robot_2,2.101,-1.891
1789401808,419900950,51.739,robot_1,1.555,-3.061
1789401808,419938319,51.739,robot_0,0.223,-1.497
1789401808,419984024,51.739,robot_0_carried_generic_box,0.223,-1.497
1789401808,420021748,51.739,robot_1_carried_generic_box,1.555,-3.061
1789401808,643223787,51.963,robot_2,2.101,-1.891
1789401808,643311018,51.963,robot_1,1.555,-3.061
1789401808,643358216,51.963,robot_0,0.224,-1.497
1789401808,643408008,51.963,robot_0_carried_generic_box,0.223,-1.497
1789401808,643450457,51.963,robot_1_carried_generic_box,1.555,-3.061
1789401808,848623526,52.168,robot_2,2.101,-1.891
1789401808,848729126,52.168,robot_1,1.573,-3.054
1789401808,848780474,52.168,robot_0,0.224,-1.497
1789401808,848833692,52.168,robot_0_carried_generic_box,0.224,-1.497
1789401808,848877936,52.168,robot_1_carried_generic_box,1.555,-3.061
1789401809,66957995,52.386,robot_2,2.101,-1.891
1789401809,67033781,52.386,robot_1,1.603,-3.042
1789401809,67069080,52.386,robot_0,0.224,-1.497
1789401809,67110442,52.386,robot_0_carried_generic_box,0.224,-1.497
1789401809,67140800,52.386,robot_1_carried_generic_box,1.560,-3.060
1789401809,293327145,52.613,robot_2,2.101,-1.892
1789401809,293410610,52.613,robot_1,1.636,-3.028
1789401809,293449406,52.613,robot_0,0.224,-1.496
1789401809,293492101,52.613,robot_0_carried_generic_box,0.224,-1.497
1789401809,293525734,52.613,robot_1_carried_generic_box,1.592,-3.047
1789401809,497241946,52.817,robot_2,2.101,-1.892
1789401809,497319440,52.817,robot_1,1.670,-3.014
1789401809,497383991,52.817,robot_0,0.224,-1.496
1789401809,497425307,52.817,robot_0_carried_generic_box,0.224,-1.496
1789401809,497454070,52.817,robot_1_carried_generic_box,1.620,-3.035
1789401809,706892188,53.026,robot_2,2.101,-1.892
1789401809,706980503,53.026,robot_1,1.708,-2.999
1789401809,707030209,53.026,robot_0,0.225,-1.496
1789401809,707075252,53.026,robot_0_carried_generic_box,0.224,-1.496
1789401809,707114678,53.026,robot_1_carried_generic_box,1.645,-3.025
1789401809,946976706,53.266,robot_2,2.101,-1.893
1789401809,947079485,53.266,robot_1,1.715,-2.996
1789401809,947135202,53.266,robot_0,0.225,-1.496
1789401809,947188193,53.266,robot_0_carried_generic_box,0.225,-1.496
1789401809,947230859,53.266,robot_1_carried_generic_box,1.684,-3.009
1789401810,155538353,53.475,robot_2,2.101,-1.893
1789401810,155631302,53.475,robot_1,1.730,-2.990
1789401810,155678559,53.475,robot_0,0.213,-1.491
1789401810,155726474,53.475,robot_0_carried_generic_box,0.225,-1.496
1789401810,155767270,53.475,robot_1_carried_generic_box,1.712,-2.997
1789401810,365623566,53.685,robot_2,2.101,-1.893
1789401810,365713058,53.685,robot_1,1.737,-2.988
1789401810,365759909,53.685,robot_0,0.182,-1.479
1789401810,365801359,53.685,robot_0_carried_generic_box,0.225,-1.496
1789401810,365835121,53.685,robot_1_carried_generic_box,1.718,-2.995
1789401810,578588875,53.908,robot_2,2.101,-1.893
1789401810,588667314,53.908,robot_1,1.760,-2.981
1789401810,588726522,53.908,robot_0,0.146,-1.465
1789401810,588775689,53.908,robot_0_carried_generic_box,0.196,-1.484
1789401810,588810127,53.908,robot_1_carried_generic_box,1.731,-2.990
1789401810,785114946,54.104,robot_2,2.101,-1.893
1789401810,785365620,54.105,robot_1,1.761,-2.980
1789401810,785418983,54.105,robot_0,0.112,-1.452
1789401810,785468221,54.105,robot_0_carried_generic_box,0.157,-1.469
1789401810,785504789,54.105,robot_1_carried_generic_box,1.742,-2.986
1789401810,985415258,54.305,robot_2,2.102,-1.893
1789401810,985513301,54.305,robot_1,1.761,-2.980
1789401810,985571903,54.319,robot_0,0.087,-1.443
1789401811,263232,54.320,robot_0_carried_generic_box,0.129,-1.459
1789401811,320625,54.320,robot_1_carried_generic_box,1.761,-2.980
1789401811,204501894,54.524,robot_2,2.102,-1.893
1789401811,204638258,54.524,robot_1,1.776,-2.979
1789401811,204687284,54.524,robot_0,0.053,-1.430
1789401811,204733909,54.524,robot_0_carried_generic_box,0.101,-1.448
1789401811,204770253,54.524,robot_1_carried_generic_box,1.761,-2.980
1789401811,428990172,54.748,robot_2,2.102,-1.894
1789401811,429097318,54.748,robot_1,1.811,-2.978
1789401811,429155414,54.748,robot_0,0.019,-1.417
1789401811,429211554,54.748,robot_0_carried_generic_box,0.073,-1.437
1789401811,429259392,54.749,robot_1_carried_generic_box,1.762,-2.980
1789401811,670218507,54.989,robot_2,2.102,-1.894
1789401811,670309339,54.990,robot_1,1.847,-2.978
1789401811,670364716,54.990,robot_0,-0.014,-1.405
1789401811,670420523,54.990,robot_0_carried_generic_box,0.042,-1.426
1789401811,670463563,54.990,robot_1_carried_generic_box,1.787,-2.978
1789401811,871328269,55.191,robot_2,2.102,-1.894
1789401811,871414262,55.191,robot_1,1.883,-2.979
1789401811,871462219,55.191,robot_0,-0.048,-1.392
1789401811,871507827,55.191,robot_0_carried_generic_box,0.011,-1.414
1789401811,871544199,55.191,robot_1_carried_generic_box,1.826,-2.978
1789401812,88512325,55.408,robot_2,2.103,-1.891
1789401812,88607793,55.408,robot_1,1.907,-2.980
1789401812,88656580,55.408,robot_0,-0.076,-1.381
1789401812,88707263,55.408,robot_0_carried_generic_box,-0.042,-1.394
1789401812,88746837,55.408,robot_1_carried_generic_box,1.874,-2.979
1789401812,301000272,55.620,robot_2,2.106,-1.870
1789401812,301085521,55.620,robot_1,1.934,-2.981
1789401812,301125543,55.620,robot_0,-0.101,-1.372
1789401812,313123445,55.632,robot_0_carried_generic_box,-0.062,-1.387
1789401812,313229457,55.632,robot_1_carried_generic_box,1.898,-2.979
1789401812,515313116,55.835,robot_2,2.111,-1.831
1789401812,515401646,55.835,robot_1,1.973,-2.982
1789401812,515443837,55.835,robot_0,-0.138,-1.358
1789401812,515516269,55.835,robot_0_carried_generic_box,-0.087,-1.377
1789401812,515549790,55.835,robot_1_carried_generic_box,1.919,-2.980
1789401812,756221943,56.076,robot_2,2.115,-1.798
1789401812,756364823,56.076,robot_1,1.995,-2.983
1789401812,756426781,56.076,robot_0,-0.169,-1.346
1789401812,756490882,56.076,robot_0_carried_generic_box,-0.118,-1.365
1789401812,756534115,56.076,robot_1_carried_generic_box,1.955,-2.981
1789401812,952887650,56.272,robot_2,2.118,-1.768
1789401812,952983847,56.272,robot_1,1.996,-2.983
1789401812,953028858,56.272,robot_0,-0.197,-1.336
1789401812,953078294,56.272,robot_0_carried_generic_box,-0.146,-1.355
1789401812,953114573,56.272,robot_1_carried_generic_box,1.986,-2.983
1789401813,164813803,56.484,robot_2,2.123,-1.730
1789401813,164904848,56.484,robot_1,2.014,-2.985
1789401813,164950325,56.484,robot_0,-0.233,-1.322
1789401813,165004430,56.484,robot_0_carried_generic_box,-0.183,-1.341
1789401813,165042194,56.484,robot_1_carried_generic_box,1.996,-2.983
1789401813,377906619,56.697,robot_2,2.126,-1.697
1789401813,377999462,56.697,robot_1,2.026,-2.986
1789401813,378050567,56.697,robot_0,-0.264,-1.310
1789401813,378109805,56.697,robot_0_carried_generic_box,-0.225,-1.325
1789401813,378158238,56.697,robot_1_carried_generic_box,2.002,-2.984
1789401813,584295493,56.904,robot_2,2.129,-1.667
1789401813,584384221,56.904,robot_1,2.028,-2.987
1789401813,584430398,56.904,robot_0,-0.292,-1.299
1789401813,584481202,56.904,robot_0_carried_generic_box,-0.253,-1.314
1789401813,584519654,56.904,robot_1_carried_generic_box,2.020,-2.986
1789401813,836271533,57.156,robot_2,2.133,-1.631
1789401813,836369347,57.156,robot_1,2.055,-2.995
1789401813,836422235,57.156,robot_0,-0.326,-1.287
1789401813,836477265,57.156,robot_0_carried_generic_box,-0.275,-1.306
1789401813,836520928,57.156,robot_1_carried_generic_box,2.026,-2.986
1789401814,56765369,57.376,robot_2,2.137,-1.598
1789401814,56844618,57.376,robot_1,2.074,-3.001
1789401814,56891898,57.376,robot_0,-0.357,-1.275
1789401814,56942407,57.376,robot_0_carried_generic_box,-0.303,-1.295
1789401814,56985529,57.376,robot_1_carried_generic_box,2.044,-2.991
1789401814,262483356,57.582,robot_2,2.141,-1.563
1789401814,262565740,57.582,robot_1,2.075,-3.000
1789401814,291175205,57.610,robot_0,-0.388,-1.263
1789401814,291290308,57.611,robot_0_carried_generic_box,-0.346,-1.279
1789401814,291342331,57.611,robot_1_carried_generic_box,2.063,-2.997
1789401814,469053270,57.788,robot_2,2.144,-1.536
1789401814,469153803,57.788,robot_1,2.075,-3.000
1789401814,469217269,57.788,robot_0,-0.395,-1.261
1789401814,469275569,57.789,robot_0_carried_generic_box,-0.360,-1.274
1789401814,469334363,57.789,robot_1_carried_generic_box,2.075,-3.001
1789401814,688365853,58.008,robot_2,2.147,-1.503
1789401814,688478179,58.008,robot_1,2.075,-3.000
1789401814,688542446,58.008,robot_0,-0.395,-1.261
1789401814,688613225,58.008,robot_0_carried_generic_box,-0.390,-1.263
1789401814,688663466,58.008,robot_1_carried_generic_box,2.075,-3.000
1789401814,904532397,58.224,robot_2,2.151,-1.467
1789401814,906395881,58.226,robot_1,2.075,-3.000
1789401814,906508158,58.226,robot_0,-0.395,-1.261
1789401814,906558428,58.226,robot_0_carried_generic_box,-0.395,-1.261
1789401814,906590913,58.226,robot_1_carried_generic_box,2.075,-3.000
1789401815,110339668,58.430,robot_2,2.154,-1.437
1789401815,116770069,58.436,robot_1,2.075,-3.001
1789401815,116878695,58.436,robot_0,-0.395,-1.261
1789401815,116933427,58.436,robot_0_carried_generic_box,-0.395,-1.261
1789401815,116970027,58.438,robot_1_carried_generic_box,2.075,-3.000
1789401815,310740261,58.630,robot_2,2.158,-1.405
1789401815,310853671,58.630,robot_1,2.075,-3.001
1789401815,310913489,58.630,robot_0,-0.395,-1.261
1789401815,310976591,58.630,robot_0_carried_generic_box,-0.395,-1.261
1789401815,311023596,58.630,robot_1_carried_generic_box,2.075,-3.000
1789401815,515517931,58.835,robot_2,2.161,-1.375
1789401815,515614000,58.835,robot_1,2.075,-3.001
1789401815,515689337,58.835,robot_0,-0.395,-1.261
1789401815,515750911,58.835,robot_0_carried_generic_box,-0.395,-1.261
1789401815,515793225,58.835,robot_1_carried_generic_box,2.075,-3.001
1789401815,721199068,59.040,robot_2,2.166,-1.336
1789401815,721317040,59.041,robot_1,2.075,-3.001
1789401815,721351627,59.041,robot_0,-0.395,-1.261
1789401815,721390753,59.041,robot_0_carried_generic_box,-0.395,-1.261
1789401815,721423155,59.041,robot_1_carried_generic_box,2.075,-3.001
1789401815,938123924,59.257,robot_2,2.169,-1.306
1789401815,938213649,59.257,robot_1,2.075,-3.002
1789401815,938261041,59.258,robot_0,-0.395,-1.261
1789401815,938307043,59.258,robot_0_carried_generic_box,-0.395,-1.261
1789401815,938345914,59.258,robot_1_carried_generic_box,2.075,-3.001
1789401816,140566416,59.460,robot_2,2.172,-1.273
1789401816,140663450,59.460,robot_1,2.075,-3.002
1789401816,140712607,59.460,robot_0,-0.395,-1.260
1789401816,140758690,59.460,robot_0_carried_generic_box,-0.395,-1.261
1789401816,140793057,59.460,robot_1_carried_generic_box,2.075,-3.001
1789401816,360232445,59.680,robot_2,2.176,-1.238
1789401816,360334175,59.680,robot_1,2.075,-3.002
1789401816,360393501,59.680,robot_0,-0.395,-1.260
1789401816,360447922,59.680,robot_0_carried_generic_box,-0.395,-1.260
1789401816,360490472,59.680,robot_1_carried_generic_box,2.075,-3.002
1789401816,560549229,59.880,robot_2,2.180,-1.202
1789401816,571899116,59.891,robot_1,2.075,-3.002
1789401816,571994788,59.891,robot_0,-0.395,-1.260
1789401816,572042482,59.891,robot_0_carried_generic_box,-0.395,-1.260
1789401816,572078843,59.891,robot_1_carried_generic_box,2.075,-3.002
1789401816,766522762,60.086,robot_2,2.183,-1.175
1789401816,766630715,60.086,robot_1,2.075,-3.002
1789401816,766678646,60.086,robot_0,-0.395,-1.260
1789401816,766726254,60.086,robot_0_carried_generic_box,-0.395,-1.260
1789401816,766767871,60.086,robot_1_carried_generic_box,2.075,-3.002
1789401816,997782992,60.317,robot_2,2.187,-1.136
1789401816,997881003,60.317,robot_1,2.075,-3.003
1789401816,997936284,60.317,robot_0,-0.395,-1.259
1789401816,997988638,60.317,robot_0_carried_generic_box,-0.395,-1.260
1789401816,998029533,60.317,robot_1_carried_generic_box,2.075,-3.002
1789401817,209274909,60.529,robot_2,2.191,-1.100
1789401817,209368799,60.529,robot_1,2.075,-3.003
1789401817,209420795,60.529,robot_0,-0.395,-1.259
1789401817,209469936,60.529,robot_0_carried_generic_box,-0.395,-1.259
1789401817,209506824,60.529,robot_1_carried_generic_box,2.075,-3.002
1789401817,438656558,60.758,robot_2,2.196,-1.062
1789401817,438784562,60.758,robot_1,2.076,-3.003
1789401817,438829669,60.758,robot_0,-0.395,-1.259
1789401817,438874008,60.758,robot_0_carried_generic_box,-0.395,-1.259
1789401817,438909055,60.758,robot_1_carried_generic_box,2.075,-3.003
1789401817,639823996,60.959,robot_2,2.199,-1.029
1789401817,639924025,60.959,robot_1,2.076,-3.003
1789401817,639973211,60.959,robot_0,-0.395,-1.259
1789401817,640044091,60.959,robot_0_carried_generic_box,-0.395,-1.259
1789401817,640080259,60.959,robot_1_carried_generic_box,2.076,-3.003
1789401817,849846235,61.169,robot_2,2.202,-0.999
1789401817,849929205,61.169,robot_1,2.076,-3.003
1789401817,849974529,61.169,robot_0,-0.396,-1.258
1789401817,850018423,61.169,robot_0_carried_generic_box,-0.395,-1.259
1789401817,850050049,61.169,robot_1_carried_generic_box,2.076,-3.003
1789401818,68456348,61.388,robot_2,2.207,-0.957
1789401818,68543027,61.388,robot_1,2.073,-3.011
1789401818,87707291,61.407,robot_0,-0.396,-1.258
1789401818,87862061,61.407,robot_0_carried_generic_box,-0.396,-1.258
1789401818,87906755,61.407,robot_1_carried_generic_box,2.076,-3.003
1789401818,305579273,61.625,robot_2,2.211,-0.919
1789401818,305706406,61.625,robot_1,2.061,-3.034
1789401818,305756486,61.625,robot_0,-0.396,-1.258
1789401818,305811865,61.625,robot_0_carried_generic_box,-0.396,-1.258
1789401818,305847382,61.625,robot_1_carried_generic_box,2.074,-3.008
1789401818,511546515,61.831,robot_2,2.214,-0.889
1789401818,511641143,61.831,robot_1,2.053,-3.052
1789401818,511696304,61.831,robot_0,-0.396,-1.258
1789401818,511748063,61.831,robot_0_carried_generic_box,-0.396,-1.258
1789401818,511789723,61.831,robot_1_carried_generic_box,2.066,-3.024
1789401818,716246823,62.036,robot_2,2.218,-0.856
1789401818,716332131,62.036,robot_1,2.045,-3.068
1789401818,716384403,62.036,robot_0,-0.395,-1.255
1789401818,716431929,62.036,robot_0_carried_generic_box,-0.396,-1.258
1789401818,716470193,62.036,robot_1_carried_generic_box,2.057,-3.043
1789401818,922727686,62.242,robot_2,2.222,-0.820
1789401818,922813978,62.242,robot_1,2.045,-3.068
1789401818,922858289,62.242,robot_0,-0.383,-1.235
1789401818,922900063,62.242,robot_0_carried_generic_box,-0.396,-1.258
1789401818,922938270,62.242,robot_1_carried_generic_box,2.047,-3.064
1789401819,125433761,62.445,robot_2,2.226,-0.781
1789401819,125514252,62.445,robot_1,2.045,-3.068
1789401819,125557436,62.445,robot_0,-0.370,-1.212
1789401819,137688552,62.457,robot_0_carried_generic_box,-0.391,-1.249
1789401819,137830972,62.457,robot_1_carried_generic_box,2.045,-3.068
1789401819,341347451,62.661,robot_2,2.229,-0.752
1789401819,341447727,62.661,robot_1,2.046,-3.068
1789401819,341488730,62.661,robot_0,-0.360,-1.195
1789401819,341536474,62.661,robot_0_carried_generic_box,-0.380,-1.230
1789401819,341564739,62.661,robot_1_carried_generic_box,2.045,-3.068
1789401819,553451181,62.873,robot_2,2.233,-0.716
1789401819,553528319,62.873,robot_1,2.046,-3.068
1789401819,553574447,62.873,robot_0,-0.355,-1.187
1789401819,571774350,62.891,robot_0_carried_generic_box,-0.367,-1.207
1789401819,571873713,62.891,robot_1_carried_generic_box,2.045,-3.068
1789401819,768322914,63.088,robot_2,2.238,-0.677
1789401819,768397632,63.088,robot_1,2.046,-3.068
1789401819,768436705,63.088,robot_0,-0.355,-1.187
1789401819,768478043,63.088,robot_0_carried_generic_box,-0.357,-1.190
1789401819,768509829,63.088,robot_1_carried_generic_box,2.046,-3.068
1789401819,969680203,63.289,robot_2,2.241,-0.641
1789401819,969755474,63.289,robot_1,2.046,-3.068
1789401819,969800726,63.289,robot_0,-0.356,-1.187
1789401819,969880262,63.289,robot_0_carried_generic_box,-0.355,-1.187
1789401819,969924749,63.289,robot_1_carried_generic_box,2.046,-3.068
1789401820,176749244,63.496,robot_2,2.245,-0.605
1789401820,176814214,63.496,robot_1,2.047,-3.068
1789401820,176849240,63.496,robot_0,-0.356,-1.187
1789401820,176888487,63.496,robot_0_carried_generic_box,-0.355,-1.187
1789401820,176918691,63.496,robot_1_carried_generic_box,2.046,-3.068
1789401820,382385959,63.702,robot_2,2.248,-0.582
1789401820,382484553,63.702,robot_1,2.047,-3.068
1789401820,382536099,63.702,robot_0,-0.356,-1.187
1789401820,382590336,63.702,robot_0_carried_generic_box,-0.356,-1.187
1789401820,382641930,63.702,robot_1_carried_generic_box,2.047,-3.068
1789401820,585417741,63.905,robot_2,2.251,-0.551
1789401820,585491354,63.905,robot_1,2.047,-3.068
1789401820,585532299,63.905,robot_0,-0.356,-1.187
1789401820,585580293,63.905,robot_0_carried_generic_box,-0.356,-1.187
1789401820,585636050,63.905,robot_1_carried_generic_box,2.047,-3.068
1789401820,814730793,64.134,robot_2,2.252,-0.547
1789401820,814839470,64.134,robot_1,2.048,-3.068
1789401820,814885363,64.134,robot_0,-0.357,-1.187
1789401820,814934758,64.134,robot_0_carried_generic_box,-0.356,-1.187
1789401820,814976933,64.134,robot_1_carried_generic_box,2.047,-3.068
1789401821,4416009,64.324,robot_2,2.252,-0.547
1789401821,4487035,64.324,robot_1,2.048,-3.067
1789401821,4524406,64.324,robot_0,-0.357,-1.187
1789401821,4566715,64.324,robot_0_carried_generic_box,-0.357,-1.187
1789401821,21790173,64.341,robot_1_carried_generic_box,2.047,-3.068
1789401821,240231487,64.560,robot_2,2.252,-0.547
1789401821,240326776,64.560,robot_1,2.048,-3.067
1789401821,240382533,64.560,robot_0,-0.357,-1.187
1789401821,240443841,64.560,robot_0_carried_generic_box,-0.357,-1.187
1789401821,240491865,64.560,robot_1_carried_generic_box,2.048,-3.068
1789401821,454433449,64.774,robot_2,2.252,-0.547
1789401821,454507385,64.774,robot_1,2.048,-3.067
1789401821,454555566,64.774,robot_0,-0.357,-1.188
1789401821,465099126,64.784,robot_0_carried_generic_box,-0.357,-1.187
1789401821,465214972,64.784,robot_1_carried_generic_box,2.048,-3.067
1789401821,661856449,64.981,robot_2,2.253,-0.547
1789401821,661930652,64.981,robot_1,2.030,-3.046
1789401821,661975987,64.981,robot_0,-0.341,-1.216
1789401821,662024819,64.981,robot_0_carried_generic_box,-0.357,-1.187
1789401821,662062837,64.981,robot_1_carried_generic_box,2.048,-3.067
1789401821,866977299,65.186,robot_2,2.253,-0.547
1789401821,867062944,65.186,robot_1,2.013,-3.025
1789401821,867111667,65.186,robot_0,-0.323,-1.247
1789401821,867166486,65.186,robot_0_carried_generic_box,-0.349,-1.203
1789401821,867204861,65.186,robot_1_carried_generic_box,2.042,-3.061
1789401822,89610957,65.409,robot_2,2.253,-0.546
1789401822,89687060,65.409,robot_1,2.000,-3.010
1789401822,89724796,65.409,robot_0,-0.306,-1.272
1789401822,89772497,65.409,robot_0_carried_generic_box,-0.334,-1.229
1789401822,89806928,65.409,robot_1_carried_generic_box,2.019,-3.033
1789401822,296164218,65.615,robot_2,2.253,-0.546
1789401822,296232914,65.615,robot_1,1.985,-2.992
1789401822,296275671,65.616,robot_0,-0.289,-1.300
1789401822,296320082,65.616,robot_0_carried_generic_box,-0.316,-1.257
1789401822,296354792,65.616,robot_1_carried_generic_box,2.006,-3.018
1789401822,516892561,65.836,robot_2,2.253,-0.546
1789401822,516982037,65.836,robot_1,1.964,-2.963
1789401822,517036960,65.836,robot_0,-0.269,-1.330
1789401822,517099591,65.836,robot_0_carried_generic_box,-0.297,-1.287
1789401822,517144964,65.836,robot_1_carried_generic_box,1.991,-2.999
1789401822,723972913,66.043,robot_2,2.254,-0.546
1789401822,724046800,66.043,robot_1,1.946,-2.939
1789401822,724086907,66.043,robot_0,-0.248,-1.363
1789401822,724127559,66.043,robot_0_carried_generic_box,-0.280,-1.312
1789401822,724161844,66.043,robot_1_carried_generic_box,1.976,-2.980
1789401822,959845978,66.279,robot_2,2.254,-0.546
1789401822,959922175,66.279,robot_1,1.929,-2.915
1789401822,959965273,66.279,robot_0,-0.223,-1.400
1789401822,960006995,66.279,robot_0_carried_generic_box,-0.264,-1.337
1789401822,960043444,66.279,robot_1_carried_generic_box,1.957,-2.954
1789401823,178472390,66.498,robot_2,2.254,-0.546
1789401823,178548599,66.498,robot_1,1.916,-2.897
1789401823,178590970,66.498,robot_0,-0.206,-1.428
1789401823,178643562,66.498,robot_0_carried_generic_box,-0.233,-1.385
1789401823,178676353,66.498,robot_1_carried_generic_box,1.941,-2.933
1789401823,391255052,66.711,robot_2,2.254,-0.545
1789401823,391328627,66.711,robot_1,1.898,-2.869
1789401823,391371041,66.711,robot_0,-0.183,-1.463
1789401823,391413776,66.711,robot_0_carried_generic_box,-0.215,-1.413
1789401823,391446861,66.711,robot_1_carried_generic_box,1.929,-2.915
1789401823,622311255,66.942,robot_2,2.254,-0.545
1789401823,622404224,66.942,robot_1,1.878,-2.839
1789401823,622457560,66.942,robot_0,-0.162,-1.496
1789401823,622507461,66.942,robot_0_carried_generic_box,-0.193,-1.448
1789401823,622547460,66.942,robot_1_carried_generic_box,1.909,-2.887
1789401823,827312158,67.147,robot_2,2.254,-0.545
1789401823,827386011,67.147,robot_1,1.867,-2.822
1789401823,827427759,67.147,robot_0,-0.145,-1.521
1789401823,827472346,67.147,robot_0_carried_generic_box,-0.175,-1.476
1789401823,827502524,67.147,robot_1_carried_generic_box,1.888,-2.854
1789401824,38001749,67.357,robot_2,2.254,-0.545
1789401824,38075394,67.357,robot_1,1.850,-2.795
1789401824,44667750,67.364,robot_0,-0.127,-1.549
1789401824,44768910,67.364,robot_0_carried_generic_box,-0.157,-1.504
1789401824,44807886,67.364,robot_1_carried_generic_box,1.875,-2.834
1789401824,245775338,67.565,robot_2,2.253,-0.544
1789401824,245842583,67.565,robot_1,1.832,-2.765
1789401824,245884327,67.565,robot_0,-0.106,-1.582
1789401824,245928500,67.565,robot_0_carried_generic_box,-0.142,-1.526
1789401824,245963679,67.565,robot_1_carried_generic_box,1.857,-2.805
1789401824,450350088,67.770,robot_2,2.230,-0.546
1789401824,450435488,67.770,robot_1,1.820,-2.747
1789401824,450490938,67.770,robot_0,-0.088,-1.610
1789401824,450543514,67.770,robot_0_carried_generic_box,-0.123,-1.557
1789401824,450585840,67.770,robot_1_carried_generic_box,1.841,-2.779
1789401824,663169918,67.982,robot_2,2.197,-0.549
1789401824,663245589,67.983,robot_1,1.804,-2.720
1789401824,663287585,67.983,robot_0,-0.071,-1.637
1789401824,663332266,67.983,robot_0_carried_generic_box,-0.100,-1.592
1789401824,663364425,67.983,robot_1_carried_generic_box,1.826,-2.755
1789401824,864483331,68.184,robot_2,2.161,-0.553
1789401824,864563333,68.184,robot_1,1.790,-2.696
1789401824,875080934,68.194,robot_0,-0.051,-1.668
1789401824,875211979,68.194,robot_0_carried_generic_box,-0.075,-1.630
1789401824,875267221,68.195,robot_1_carried_generic_box,1.809,-2.727
1789401825,82623620,68.402,robot_2,2.128,-0.557
1789401825,82703138,68.402,robot_1,1.778,-2.678
1789401825,82753174,68.402,robot_0,-0.033,-1.695
1789401825,82808669,68.402,robot_0_carried_generic_box,-0.059,-1.655
1789401825,82857551,68.402,robot_1_carried_generic_box,1.801,-2.715
1789401825,305457981,68.625,robot_2,2.086,-0.561
1789401825,305547843,68.625,robot_1,1.759,-2.646
1789401825,305592979,68.627,robot_0,-0.010,-1.731
1789401825,307549524,68.627,robot_0_carried_generic_box,-0.045,-1.678
1789401825,307620180,68.627,robot_1_carried_generic_box,1.783,-2.686
1789401825,532694407,68.852,robot_2,2.051,-0.565
1789401825,532785910,68.852,robot_1,1.743,-2.620
1789401825,532833631,68.852,robot_0,0.009,-1.761
1789401825,532891143,68.852,robot_0_carried_generic_box,-0.023,-1.711
1789401825,532938152,68.852,robot_1_carried_generic_box,1.771,-2.667
1789401825,751358106,69.071,robot_2,2.018,-0.569
1789401825,751478834,69.071,robot_1,1.730,-2.598
1789401825,751531358,69.071,robot_0,0.027,-1.789
1789401825,751593425,69.071,robot_0_carried_generic_box,-0.007,-1.736
1789401825,751651966,69.071,robot_1_carried_generic_box,1.753,-2.636
1789401825,961994620,69.281,robot_2,1.985,-0.572
1789401825,962085094,69.281,robot_1,1.713,-2.570
1789401825,962137179,69.281,robot_0,0.045,-1.816
1789401825,962208977,69.281,robot_0_carried_generic_box,0.017,-1.774
1789401825,962258994,69.282,robot_1_carried_generic_box,1.738,-2.612
1789401826,183539414,69.503,robot_2,1.943,-0.577
1789401826,193245951,69.513,robot_1,1.692,-2.534
1789401826,193334093,69.513,robot_0,0.068,-1.852
1789401826,193390076,69.513,robot_0_carried_generic_box,0.040,-1.809
1789401826,193427333,69.513,robot_1_carried_generic_box,1.719,-2.580
1789401826,411588015,69.731,robot_2,1.902,-0.582
1789401826,411676901,69.731,robot_1,1.670,-2.498
1789401826,411715696,69.731,robot_0,0.090,-1.887
1789401826,411762488,69.731,robot_0_carried_generic_box,0.058,-1.837
1789401826,411801520,69.731,robot_1_carried_generic_box,1.698,-2.544
1789401826,634090467,69.953,robot_2,1.872,-0.585
1789401826,634200784,69.953,robot_1,1.658,-2.477
1789401826,634251817,69.954,robot_0,0.107,-1.912
1789401826,634363598,69.954,robot_0_carried_generic_box,0.077,-1.867
1789401826,634417915,69.954,robot_1_carried_generic_box,1.679,-2.513
1789401826,834536189,70.154,robot_2,1.836,-0.589
1789401826,838681247,70.158,robot_1,1.640,-2.448
1789401826,838786728,70.158,robot_0,0.126,-1.942
1789401826,839940492,70.159,robot_0_carried_generic_box,0.092,-1.889
1789401826,840075762,70.159,robot_1_carried_generic_box,1.665,-2.490
1789401827,62107745,70.381,robot_2,1.794,-0.593
1789401827,62181011,70.381,robot_1,1.619,-2.412
1789401827,62220519,70.381,robot_0,0.149,-1.978
1789401827,62273708,70.382,robot_0_carried_generic_box,0.110,-1.917
1789401827,62321534,70.382,robot_1_carried_generic_box,1.651,-2.466
1789401827,272160810,70.591,robot_2,1.758,-0.597
1789401827,272234643,70.591,robot_1,1.601,-2.382
1789401827,272267908,70.592,robot_0,0.169,-2.008
1789401827,272322579,70.592,robot_0_carried_generic_box,0.143,-1.968
1789401827,272369688,70.592,robot_1_carried_generic_box,1.623,-2.420
1789401827,486906208,70.806,robot_2,1.732,-0.600
1789401827,486978816,70.806,robot_1,1.591,-2.366
1789401827,487011653,70.806,robot_0,0.183,-2.031
1789401827,487059216,70.806,robot_0_carried_generic_box,0.157,-1.990
1789401827,487101615,70.806,robot_1_carried_generic_box,1.616,-2.407
1789401827,689198003,71.008,robot_2,1.696,-0.604
1789401827,689274123,71.009,robot_1,1.573,-2.336
1789401827,689309322,71.009,robot_0,0.203,-2.061
1789401827,689351309,71.009,robot_0_carried_generic_box,0.175,-2.018
1789401827,689388161,71.009,robot_1_carried_generic_box,1.595,-2.373
1789401827,900249972,71.220,robot_2,1.654,-0.609
1789401827,900337188,71.220,robot_1,1.552,-2.300
1789401827,900382698,71.220,robot_0,0.226,-2.096
1789401827,900440250,71.220,robot_0_carried_generic_box,0.193,-2.046
1789401827,900485135,71.220,robot_1_carried_generic_box,1.581,-2.349
1789401828,116571893,71.439,robot_2,1.615,-0.613
1789401828,119680923,71.439,robot_1,1.533,-2.268
1789401828,119746205,71.439,robot_0,0.247,-2.129
1789401828,119796167,71.439,robot_0_carried_generic_box,0.214,-2.079
1789401828,119831726,71.439,robot_1_carried_generic_box,1.562,-2.318
1789401828,324387793,71.644,robot_2,1.571,-0.618
1789401828,324463027,71.644,robot_1,1.517,-2.241
1789401828,324501824,71.644,robot_0,0.271,-2.167
1789401828,324547711,71.644,robot_0_carried_generic_box,0.237,-2.114
1789401828,324579454,71.644,robot_1_carried_generic_box,1.544,-2.287
1789401828,544483885,71.864,robot_2,1.544,-0.621
1789401828,544560834,71.864,robot_1,1.503,-2.218
1789401828,544606364,71.864,robot_0,0.286,-2.189
1789401828,544652865,71.864,robot_0_carried_generic_box,0.256,-2.144
1789401828,544691082,71.864,robot_1_carried_generic_box,1.527,-2.258
1789401828,754367371,72.074,robot_2,1.506,-0.625
1789401828,754442836,72.074,robot_1,1.485,-2.187
1789401828,754488334,72.074,robot_0,0.308,-2.225
1789401828,754545188,72.074,robot_0_carried_generic_box,0.273,-2.169
1789401828,754591670,72.074,robot_1_carried_generic_box,1.514,-2.236
1789401828,972334379,72.292,robot_2,1.504,-0.626
1789401828,972452321,72.292,robot_1,1.472,-2.166
1789401828,972535802,72.292,robot_0,0.328,-2.255
1789401828,972615280,72.292,robot_0_carried_generic_box,0.300,-2.212
1789401828,972698357,72.292,robot_1_carried_generic_box,1.488,-2.192
1789401829,219337609,72.539,robot_2,1.525,-0.624
1789401829,219411919,72.539,robot_1,1.461,-2.147
1789401829,219453716,72.539,robot_0,0.346,-2.283
1789401829,219504136,72.539,robot_0_carried_generic_box,0.321,-2.245
1789401829,219539055,72.539,robot_1_carried_generic_box,1.474,-2.169
1789401829,432067701,72.751,robot_2,1.532,-0.623
1789401829,438558173,72.758,robot_1,1.446,-2.121
1789401829,438651405,72.758,robot_0,0.365,-2.313
1789401829,438705256,72.758,robot_0_carried_generic_box,0.336,-2.268
1789401829,438753542,72.758,robot_1_carried_generic_box,1.466,-2.156
1789401829,665387306,72.985,robot_2,1.532,-0.624
1789401829,665484961,72.985,robot_1,1.423,-2.082
1789401829,665528854,72.985,robot_0,0.390,-2.351
1789401829,665571262,72.985,robot_0_carried_generic_box,0.362,-2.308
1789401829,665890796,72.985,robot_1_carried_generic_box,1.449,-2.126
1789401829,872018733,73.191,robot_2,1.532,-0.624
1789401829,872093592,73.191,robot_1,1.408,-2.056
1789401829,872143174,73.191,robot_0,0.409,-2.381
1789401829,872185674,73.191,robot_0_carried_generic_box,0.380,-2.336
1789401829,872221733,73.191,robot_1_carried_generic_box,1.438,-2.108
1789401830,74538131,73.394,robot_2,1.532,-0.623
1789401830,80672083,73.400,robot_1,1.398,-2.039
1789401830,80752808,73.400,robot_0,0.426,-2.406
1789401830,80788967,73.400,robot_0_carried_generic_box,0.393,-2.356
1789401830,80817191,73.400,robot_1_carried_generic_box,1.421,-2.079
1789401830,286672141,73.606,robot_2,1.532,-0.623
1789401830,286754340,73.606,robot_1,1.385,-2.018
1789401830,286800929,73.606,robot_0,0.445,-2.436
1789401830,286851305,73.606,robot_0_carried_generic_box,0.419,-2.396
1789401830,286890862,73.606,robot_1_carried_generic_box,1.402,-2.046
1789401830,497769785,73.817,robot_2,1.532,-0.623
1789401830,497843525,73.817,robot_1,1.367,-1.987
1789401830,497891143,73.817,robot_0,0.465,-2.467
1789401830,497936034,73.817,robot_0_carried_generic_box,0.439,-2.426
1789401830,497971515,73.817,robot_1_carried_generic_box,1.392,-2.029
1789401830,699530154,74.019,robot_2,1.532,-0.623
1789401830,699624865,74.019,robot_1,1.349,-1.956
1789401830,699677442,74.019,robot_0,0.484,-2.497
1789401830,699724062,74.019,robot_0_carried_generic_box,0.458,-2.457
1789401830,699760076,74.019,robot_1_carried_generic_box,1.385,-2.018
1789401830,926511774,74.246,robot_2,1.532,-0.623
1789401830,926583627,74.261,robot_1,1.329,-1.922
1789401830,941354367,74.261,robot_0,0.505,-2.530
1789401830,941424075,74.261,robot_0_carried_generic_box,0.474,-2.482
1789401830,941463485,74.261,robot_1_carried_generic_box,1.355,-1.966
1789401831,134103511,74.453,robot_2,1.531,-0.622
1789401831,134183843,74.453,robot_1,1.316,-1.899
1789401831,134238807,74.454,robot_0,0.522,-2.555
1789401831,134284889,74.454,robot_0_carried_generic_box,0.494,-2.512
1789401831,134321247,74.454,robot_1_carried_generic_box,1.341,-1.943
1789401831,355297550,74.675,robot_2,1.531,-0.622
1789401831,355379109,74.675,robot_1,1.302,-1.875
1789401831,355437277,74.675,robot_0,0.544,-2.590
1789401831,355485360,74.675,robot_0_carried_generic_box,0.522,-2.555
1789401831,355523371,74.675,robot_1_carried_generic_box,1.323,-1.912
1789401831,555942576,74.875,robot_2,1.531,-0.622
1789401831,556017380,74.875,robot_1,1.292,-1.858
1789401831,556068209,74.875,robot_0,0.561,-2.615
1789401831,556110125,74.875,robot_0_carried_generic_box,0.530,-2.568
1789401831,556141189,74.875,robot_1_carried_generic_box,1.310,-1.889
1789401831,762530197,75.082,robot_2,1.531,-0.622
1789401831,774930526,75.094,robot_1,1.274,-1.828
1789401831,775044865,75.094,robot_0,0.580,-2.646
1789401831,775140126,75.094,robot_0_carried_generic_box,0.559,-2.613
1789401831,775180410,75.094,robot_1_carried_generic_box,1.298,-1.868
1789401831,993834308,75.313,robot_2,1.531,-0.622
1789401831,993921930,75.313,robot_1,1.258,-1.800
1789401831,993967395,75.313,robot_0,0.598,-2.673
1789401831,994012692,75.313,robot_0_carried_generic_box,0.574,-2.636
1789401831,994043774,75.313,robot_1_carried_generic_box,1.286,-1.849
1789401832,215891092,75.535,robot_2,1.530,-0.622
1789401832,215966194,75.535,robot_1,1.238,-1.766
1789401832,216007409,75.535,robot_0,0.619,-2.706
1789401832,216050203,75.535,robot_0_carried_generic_box,0.595,-2.668
1789401832,216078809,75.535,robot_1_carried_generic_box,1.262,-1.807
1789401832,472098435,75.791,robot_2,1.530,-0.622
1789401832,472179794,75.791,robot_1,1.216,-1.727
1789401832,472225769,75.791,robot_0,0.644,-2.744
1789401832,472275299,75.792,robot_0_carried_generic_box,0.611,-2.694
1789401832,472312499,75.792,robot_1_carried_generic_box,1.246,-1.779
1789401832,690673638,76.010,robot_2,1.530,-0.622
1789401832,690751893,76.010,robot_1,1.196,-1.694
1789401832,690805035,76.010,robot_0,0.665,-2.777
1789401832,690863949,76.010,robot_0_carried_generic_box,0.639,-2.736
1789401832,690906040,76.010,robot_1_carried_generic_box,1.220,-1.735
1789401832,896294024,76.216,robot_2,1.530,-0.622
1789401832,896373665,76.216,robot_1,1.186,-1.676
1789401832,896426529,76.216,robot_0,0.681,-2.802
1789401832,896482366,76.216,robot_0_carried_generic_box,0.655,-2.762
1789401832,896530548,76.216,robot_1_carried_generic_box,1.202,-1.704
1789401833,133452344,76.453,robot_2,1.529,-0.622
1789401833,133520439,76.453,robot_1,1.180,-1.667
1789401833,133571591,76.453,robot_0,0.700,-2.832
1789401833,133634970,76.453,robot_0_carried_generic_box,0.673,-2.789
1789401833,133675676,76.453,robot_1_carried_generic_box,1.190,-1.683
1789401833,340289079,76.660,robot_2,1.530,-0.630
1789401833,340367303,76.660,robot_1,1.180,-1.667
1789401833,340415618,76.660,robot_0,0.718,-2.860
1789401833,340470217,76.660,robot_0_carried_generic_box,0.691,-2.817
1789401833,340513081,76.660,robot_1_carried_generic_box,1.180,-1.667
1789401833,550267162,76.870,robot_2,1.538,-0.672
1789401833,550335588,76.870,robot_1,1.181,-1.667
1789401833,550375538,76.870,robot_0,0.743,-2.898
1789401833,568372252,76.888,robot_0_carried_generic_box,0.705,-2.840
1789401833,568525512,76.888,robot_1_carried_generic_box,1.180,-1.667
1789401833,785080518,77.104,robot_2,1.543,-0.702
1789401833,785165026,77.104,robot_1,1.181,-1.666
1789401833,785208658,77.104,robot_0,0.759,-2.923
1789401833,785260274,77.105,robot_0_carried_generic_box,0.731,-2.880
1789401833,785301996,77.105,robot_1_carried_generic_box,1.181,-1.667
1789401833,987465511,77.307,robot_2,1.547,-0.721
1789401833,987545480,77.307,robot_1,1.181,-1.666
1789401833,987606004,77.307,robot_0,0.777,-2.951
1789401833,987654256,77.307,robot_0_carried_generic_box,0.754,-2.915
1789401833,987698728,77.307,robot_1_carried_generic_box,1.181,-1.667
1789401834,198090913,77.517,robot_2,1.544,-0.708
1789401834,198176434,77.517,robot_1,1.181,-1.666
1789401834,198225174,77.517,robot_0,0.796,-2.981
1789401834,198272908,77.518,robot_0_carried_generic_box,0.772,-2.943
1789401834,198309891,77.518,robot_1_carried_generic_box,1.181,-1.666
1789401834,409023701,77.728,robot_2,1.539,-0.683
1789401834,409094024,77.728,robot_1,1.181,-1.666
1789401834,409133191,77.728,robot_0,0.818,-3.014
1789401834,409175391,77.728,robot_0_carried_generic_box,0.790,-2.971
1789401834,409209220,77.728,robot_1_carried_generic_box,1.181,-1.666
1789401834,614798843,77.934,robot_2,1.538,-0.674
1789401834,614863896,77.934,robot_1,1.181,-1.666
1789401834,614897611,77.934,robot_0,0.835,-3.041
1789401834,614935719,77.934,robot_0_carried_generic_box,0.809,-3.001
1789401834,614965319,77.934,robot_1_carried_generic_box,1.181,-1.666
1789401834,834023268,78.153,robot_2,1.538,-0.674
1789401834,834140616,78.153,robot_1,1.181,-1.665
1789401834,834189191,78.153,robot_0,0.850,-3.064
1789401834,834239992,78.154,robot_0_carried_generic_box,0.824,-3.024
1789401834,834279544,78.154,robot_1_carried_generic_box,1.181,-1.666
1789401835,22405725,78.342,robot_2,1.538,-0.674
1789401835,22480172,78.342,robot_1,1.181,-1.665
1789401835,22517685,78.342,robot_0,0.865,-3.087
1789401835,22562296,78.342,robot_0_carried_generic_box,0.842,-3.052
1789401835,22602486,78.342,robot_1_carried_generic_box,1.181,-1.665
1789401835,245912593,78.565,robot_2,1.537,-0.674
1789401835,245996748,78.565,robot_1,1.181,-1.665
1789401835,246044701,78.565,robot_0,0.884,-3.117
1789401835,246095833,78.565,robot_0_carried_generic_box,0.853,-3.069
1789401835,246139126,78.565,robot_1_carried_generic_box,1.181,-1.665
1789401835,461084253,78.780,robot_2,1.537,-0.674
1789401835,461160066,78.780,robot_1,1.181,-1.665
1789401835,461201906,78.780,robot_0,0.893,-3.131
1789401835,461245649,78.781,robot_0_carried_generic_box,0.870,-3.094
1789401835,461281484,78.781,robot_1_carried_generic_box,1.181,-1.665
1789401835,661765821,78.981,robot_2,1.537,-0.674
1789401835,661847836,78.981,robot_1,1.181,-1.664
1789401835,661898829,78.981,robot_0,0.893,-3.131
1789401835,670322783,78.990,robot_0_carried_generic_box,0.889,-3.125
1789401835,670421429,78.990,robot_1_carried_generic_box,1.181,-1.665
1789401835,866755379,79.186,robot_2,1.537,-0.674
1789401835,866838757,79.186,robot_1,1.181,-1.664
1789401835,866891565,79.186,robot_0,0.893,-3.131
1789401835,866953900,79.186,robot_0_carried_generic_box,0.893,-3.131
1789401835,867002231,79.186,robot_1_carried_generic_box,1.181,-1.665
1789401836,78079885,79.397,robot_2,1.537,-0.674
1789401836,78161603,79.397,robot_1,1.181,-1.664
1789401836,78217882,79.397,robot_0,0.893,-3.132
1789401836,78279659,79.398,robot_0_carried_generic_box,0.893,-3.131
1789401836,78329462,79.398,robot_1_carried_generic_box,1.181,-1.664
1789401836,283542732,79.603,robot_2,1.536,-0.675
1789401836,283656150,79.603,robot_1,1.181,-1.664
1789401836,283713151,79.603,robot_0,0.893,-3.132
1789401836,283811590,79.603,robot_0_carried_generic_box,0.893,-3.132
1789401836,283865389,79.603,robot_1_carried_generic_box,1.181,-1.664
1789401836,485200004,79.804,robot_2,1.536,-0.675
1789401836,485275371,79.805,robot_1,1.181,-1.664
1789401836,485319572,79.805,robot_0,0.893,-3.132
1789401836,485366470,79.805,robot_0_carried_generic_box,0.893,-3.132
1789401836,485401973,79.805,robot_1_carried_generic_box,1.181,-1.664
1789401836,712624461,80.032,robot_2,1.540,-0.677
1789401836,712703033,80.032,robot_1,1.181,-1.663
1789401836,712747359,80.032,robot_0,0.893,-3.132
1789401836,712796774,80.032,robot_0_carried_generic_box,0.893,-3.132
1789401836,712832692,80.032,robot_1_carried_generic_box,1.181,-1.664
1789401836,921218625,80.241,robot_2,1.570,-0.689
1789401836,921331135,80.241,robot_1,1.179,-1.664
1789401836,921379029,80.241,robot_0,0.893,-3.132
1789401836,921431652,80.241,robot_0_carried_generic_box,0.893,-3.132
1789401836,921472533,80.241,robot_1_carried_generic_box,1.181,-1.663
1789401837,165462602,80.485,robot_2,1.606,-0.702
1789401837,165540721,80.485,robot_1,1.156,-1.683
1789401837,165585520,80.492,robot_0,0.893,-3.133
1789401837,173260397,80.493,robot_0_carried_generic_box,0.893,-3.132
1789401837,173333963,80.493,robot_1_carried_generic_box,1.181,-1.663
1789401837,387168022,80.706,robot_2,1.646,-0.717
1789401837,387246961,80.707,robot_1,1.134,-1.701
1789401837,387290011,80.707,robot_0,0.893,-3.133
1789401837,387335635,80.707,robot_0_carried_generic_box,0.893,-3.133
1789401837,387371706,80.707,robot_1_carried_generic_box,1.174,-1.668
1789401837,604823362,80.924,robot_2,1.677,-0.728
1789401837,604915273,80.924,robot_1,1.117,-1.715
1789401837,604956546,80.924,robot_0,0.893,-3.133
1789401837,605005603,80.924,robot_0_carried_generic_box,0.893,-3.133
1789401837,605043563,80.924,robot_1_carried_generic_box,1.153,-1.686
1789401837,806910383,81.126,robot_2,1.713,-0.741
1789401837,807012529,81.126,robot_1,1.094,-1.730
1789401837,807058730,81.126,robot_0,0.893,-3.134
1789401837,807106364,81.126,robot_0_carried_generic_box,0.893,-3.133
1789401837,807143984,81.126,robot_1_carried_generic_box,1.120,-1.712
1789401838,36070608,81.355,robot_2,1.753,-0.756
1789401838,36158697,81.355,robot_1,1.060,-1.750
1789401838,36207814,81.355,robot_0,0.893,-3.134
1789401838,36301103,81.356,robot_0_carried_generic_box,0.893,-3.133
1789401838,36355539,81.356,robot_1_carried_generic_box,1.106,-1.723
1789401838,257238559,81.577,robot_2,1.787,-0.768
1789401838,257345588,81.577,robot_1,1.037,-1.761
1789401838,257393115,81.577,robot_0,0.893,-3.134
1789401838,257440184,81.577,robot_0_carried_generic_box,0.893,-3.134
1789401838,257477526,81.577,robot_1_carried_generic_box,1.083,-1.737
1789401838,453504614,81.773,robot_2,1.818,-0.779
1789401838,453579966,81.784,robot_1,1.017,-1.769
1789401838,464709346,81.784,robot_0,0.893,-3.134
1789401838,464800361,81.784,robot_0_carried_generic_box,0.893,-3.134
1789401838,464850297,81.784,robot_1_carried_generic_box,1.052,-1.754
1789401838,655711420,81.975,robot_2,1.843,-0.789
1789401838,655820785,81.975,robot_1,1.000,-1.775
1789401838,655880277,81.975,robot_0,0.893,-3.135
1789401838,655944247,81.975,robot_0_carried_generic_box,0.893,-3.134
1789401838,655994549,81.975,robot_1_carried_generic_box,1.036,-1.762
1789401838,864652234,82.184,robot_2,1.883,-0.803
1789401838,864737823,82.184,robot_1,0.964,-1.782
1789401838,864778527,82.184,robot_0,0.893,-3.135
1789401838,864822986,82.184,robot_0_carried_generic_box,0.893,-3.135
1789401838,864859075,82.184,robot_1_carried_generic_box,1.012,-1.771
1789401839,74270317,82.394,robot_2,1.916,-0.815
1789401839,74357470,82.394,robot_1,0.940,-1.786
1789401839,74407781,82.394,robot_0,0.893,-3.135
1789401839,74459638,82.394,robot_0_carried_generic_box,0.893,-3.135
1789401839,74503217,82.394,robot_1_carried_generic_box,0.993,-1.776
1789401839,290029970,82.609,robot_2,1.945,-0.826
1789401839,290107418,82.609,robot_1,0.918,-1.787
1789401839,290152605,82.609,robot_0,0.893,-3.135
1789401839,290207116,82.609,robot_0_carried_generic_box,0.893,-3.135
1789401839,290256426,82.610,robot_1_carried_generic_box,0.948,-1.785
1789401839,501706534,82.821,robot_2,1.981,-0.839
1789401839,501807489,82.821,robot_1,0.881,-1.785
1789401839,501854056,82.821,robot_0,0.904,-3.123
1789401839,503036663,82.822,robot_0_carried_generic_box,0.893,-3.135
1789401839,503114147,82.822,robot_1_carried_generic_box,0.928,-1.786
1789401839,702604447,83.022,robot_2,2.012,-0.850
1789401839,708892910,83.028,robot_1,0.848,-1.782
1789401839,709007400,83.028,robot_0,0.925,-3.098
1789401839,709073439,83.028,robot_0_carried_generic_box,0.894,-3.134
1789401839,709124318,83.028,robot_1_carried_generic_box,0.899,-1.786
1789401839,919274143,83.239,robot_2,2.046,-0.862
1789401839,919356354,83.239,robot_1,0.826,-1.779
1789401839,919395313,83.239,robot_0,0.947,-3.070
1789401839,919437434,83.239,robot_0_carried_generic_box,0.911,-3.114
1789401839,919470540,83.239,robot_1_carried_generic_box,0.866,-1.784
1789401840,129555915,83.449,robot_2,2.080,-0.875
1789401840,129648718,83.449,robot_1,0.825,-1.780
1789401840,129700754,83.449,robot_0,0.970,-3.042
1789401840,129752460,83.449,robot_0_carried_generic_box,0.936,-3.084
1789401840,129786867,83.449,robot_1_carried_generic_box,0.833,-1.780
1789401840,348483622,83.668,robot_2,2.109,-0.885
1789401840,348570313,83.668,robot_1,0.813,-1.777
1789401840,357408982,83.677,robot_0,0.991,-3.017
1789401840,357514756,83.677,robot_0_carried_generic_box,0.955,-3.061
1789401840,357564294,83.677,robot_1_carried_generic_box,0.826,-1.779
1789401840,567578526,83.887,robot_2,2.116,-0.888
1789401840,567689550,83.887,robot_1,0.785,-1.769
1789401840,567731603,83.887,robot_0,1.010,-2.993
1789401840,567776550,83.887,robot_0_carried_generic_box,0.974,-3.037
1789401840,567812878,83.887,robot_1_carried_generic_box,0.825,-1.780
1789401840,773571982,84.093,robot_2,2.116,-0.888
1789401840,773685173,84.093,robot_1,0.753,-1.759
1789401840,773731895,84.093,robot_0,1.031,-2.968
1789401840,773784061,84.093,robot_0_carried_generic_box,0.993,-3.014
1789401840,773823984,84.093,robot_1_carried_generic_box,0.813,-1.777
1789401840,970938640,84.290,robot_2,2.116,-0.888
1789401840,971018512,84.290,robot_1,0.719,-1.748
1789401840,971072119,84.290,robot_0,1.053,-2.940
1789401840,971122039,84.290,robot_0_carried_generic_box,1.016,-2.986
1789401840,971159455,84.290,robot_1_carried_generic_box,0.782,-1.768
1789401841,212436145,84.532,robot_2,2.116,-0.887
1789401841,212531595,84.532,robot_1,0.695,-1.740
1789401841,212589682,84.532,robot_0,1.072,-2.916
1789401841,212649811,84.532,robot_0_carried_generic_box,1.046,-2.949
1789401841,212689841,84.532,robot_1_carried_generic_box,0.739,-1.754
1789401841,430665993,84.750,robot_2,2.116,-0.887
1789401841,430760956,84.750,robot_1,0.691,-1.739
1789401841,430809102,84.750,robot_0,1.095,-2.888
1789401841,430859702,84.750,robot_0_carried_generic_box,1.061,-2.930
1789401841,430898621,84.750,robot_1_carried_generic_box,0.705,-1.743
1789401841,651163681,84.970,robot_2,2.116,-0.887
1789401841,651245815,84.971,robot_1,0.672,-1.732
1789401841,651286691,84.971,robot_0,1.118,-2.860
1789401841,656880999,84.976,robot_0_carried_generic_box,1.078,-2.909
1789401841,657020430,84.976,robot_1_carried_generic_box,0.692,-1.739
1789401841,854995413,85.174,robot_2,2.116,-0.887
1789401841,855094152,85.174,robot_1,0.649,-1.723
1789401841,855154338,85.174,robot_0,1.136,-2.837
1789401841,855619473,85.175,robot_0_carried_generic_box,1.101,-2.881
1789401841,855711761,85.175,robot_1_carried_generic_box,0.689,-1.738
1789401842,61406580,85.381,robot_2,2.117,-0.887
1789401842,61493945,85.381,robot_1,0.619,-1.710
1789401842,61533314,85.381,robot_0,1.157,-2.811
1789401842,61587516,85.381,robot_0_carried_generic_box,1.118,-2.860
1789401842,61643907,85.381,robot_1_carried_generic_box,0.670,-1.731
1789401842,285254152,85.605,robot_2,2.117,-0.887
1789401842,285347214,85.605,robot_1,0.599,-1.702
1789401842,285387484,85.605,robot_0,1.176,-2.788
1789401842,285453977,85.605,robot_0_carried_generic_box,1.146,-2.825
1789401842,285498475,85.605,robot_1_carried_generic_box,0.647,-1.722
1789401842,488257485,85.808,robot_2,2.117,-0.887
1789401842,488343789,85.808,robot_1,0.575,-1.693
1789401842,488382549,85.808,robot_0,1.195,-2.765
1789401842,488430507,85.808,robot_0_carried_generic_box,1.169,-2.798
1789401842,488469481,85.808,robot_1_carried_generic_box,0.616,-1.709
1789401842,708679143,86.028,robot_2,2.117,-0.887
1789401842,708788424,86.028,robot_1,0.545,-1.681
1789401842,708829511,86.028,robot_0,1.216,-2.739
1789401842,708880077,86.028,robot_0_carried_generic_box,1.186,-2.777
1789401842,708921207,86.028,robot_1_carried_generic_box,0.589,-1.698
1789401842,914719329,86.234,robot_2,2.117,-0.887
1789401842,914814672,86.234,robot_1,0.525,-1.672
1789401842,914859276,86.234,robot_0,1.237,-2.714
1789401842,914912378,86.234,robot_0_carried_generic_box,1.206,-2.751
1789401842,914952980,86.234,robot_1_carried_generic_box,0.559,-1.686
1789401843,144592857,86.483,robot_2,2.117,-0.887
1789401843,163662705,86.483,robot_1,0.508,-1.666
1789401843,163717226,86.483,robot_0,1.254,-2.693
1789401843,163775515,86.483,robot_0_carried_generic_box,1.222,-2.732
1789401843,163819009,86.483,robot_1_carried_generic_box,0.540,-1.678
1789401843,354234096,86.674,robot_2,2.117,-0.887
1789401843,354332009,86.674,robot_1,0.484,-1.656
1789401843,354380784,86.674,robot_0,1.274,-2.667
1789401843,354442020,86.674,robot_0_carried_generic_box,1.242,-2.707
1789401843,354492966,86.674,robot_1_carried_generic_box,0.523,-1.672
1789401843,566645772,86.886,robot_2,2.116,-0.887
1789401843,566781221,86.886,robot_1,0.457,-1.645
1789401843,566828571,86.886,robot_0,1.293,-2.644
1789401843,566881982,86.886,robot_0_carried_generic_box,1.259,-2.686
1789401843,566928725,86.886,robot_1_carried_generic_box,0.504,-1.664
1789401843,777818832,87.097,robot_2,2.116,-0.887
1789401843,777925023,87.097,robot_1,0.426,-1.632
1789401843,777967250,87.097,robot_0,1.314,-2.618
1789401843,778015077,87.097,robot_0_carried_generic_box,1.284,-2.655
1789401843,778056656,87.097,robot_1_carried_generic_box,0.476,-1.653
1789401843,994229163,87.314,robot_2,2.116,-0.887
1789401843,994374336,87.314,robot_1,0.401,-1.622
1789401843,994426593,87.314,robot_0,1.331,-2.597
1789401843,994481599,87.314,robot_0_carried_generic_box,1.291,-2.646
1789401843,994528125,87.314,robot_1_carried_generic_box,0.451,-1.643
1789401844,192826611,87.512,robot_2,2.116,-0.887
1789401844,192924472,87.512,robot_1,0.376,-1.612
1789401844,192967697,87.512,robot_0,1.348,-2.576
1789401844,193014714,87.512,robot_0_carried_generic_box,1.307,-2.627
1789401844,193053560,87.512,robot_1_carried_generic_box,0.418,-1.629
1789401844,400336417,87.720,robot_2,2.116,-0.888
1789401844,400425390,87.720,robot_1,0.351,-1.602
1789401844,400467160,87.720,robot_0,1.365,-2.555
1789401844,411192875,87.731,robot_0_carried_generic_box,1.327,-2.602
1789401844,411340926,87.731,robot_1_carried_generic_box,0.384,-1.616
1789401844,604973735,87.924,robot_2,2.116,-0.888
1789401844,606270623,87.926,robot_1,0.326,-1.592
1789401844,606368207,87.926,robot_0,1.382,-2.534
1789401844,606423816,87.926,robot_0_carried_generic_box,1.354,-2.569
1789401844,606469895,87.926,robot_1_carried_generic_box,0.359,-1.605
1789401844,820592307,88.140,robot_2,2.116,-0.888
1789401844,820688345,88.142,robot_1,0.305,-1.583
1789401844,822953672,88.142,robot_0,1.401,-2.511
1789401844,823027453,88.142,robot_0_carried_generic_box,1.371,-2.548
1789401844,824330518,88.144,robot_1_carried_generic_box,0.340,-1.598
1789401845,68447587,88.388,robot_2,2.116,-0.888
1789401845,68534413,88.388,robot_1,0.267,-1.568
1789401845,68572103,88.388,robot_0,1.428,-2.478
1789401845,68619423,88.388,robot_0_carried_generic_box,1.392,-2.523
1789401845,68649911,88.388,robot_1_carried_generic_box,0.314,-1.587
1789401845,289680758,88.609,robot_2,2.116,-0.888
1789401845,289776776,88.609,robot_1,0.246,-1.559
1789401845,289827865,88.609,robot_0,1.445,-2.457
1789401845,289873588,88.609,robot_0_carried_generic_box,1.407,-2.504
1789401845,289910005,88.609,robot_1_carried_generic_box,0.298,-1.581
1789401845,493217105,88.812,robot_2,2.116,-0.889
1789401845,493293328,88.813,robot_1,0.227,-1.552
1789401845,493331061,88.813,robot_0,1.463,-2.434
1789401845,493369155,88.813,robot_0_carried_generic_box,1.437,-2.467
1789401845,493398211,88.813,robot_1_carried_generic_box,0.254,-1.563
1789401845,708586319,89.050,robot_2,2.121,-0.888
1789401845,730995666,89.050,robot_1,0.197,-1.540
1789401845,731064175,89.050,robot_0,1.484,-2.408
1789401845,731114040,89.050,robot_0_carried_generic_box,1.452,-2.448
1789401845,731156610,89.050,robot_1_carried_generic_box,0.235,-1.555
1789401845,938045899,89.257,robot_2,2.149,-0.881
1789401845,938141519,89.257,robot_1,0.173,-1.530
1789401845,938187457,89.257,robot_0,1.505,-2.383
1789401845,938232679,89.257,robot_0_carried_generic_box,1.473,-2.422
1789401845,938268652,89.258,robot_1_carried_generic_box,0.208,-1.544
1789401846,177767488,89.497,robot_2,2.184,-0.872
1789401846,177852004,89.497,robot_1,0.151,-1.521
1789401846,177893233,89.497,robot_0,1.528,-2.355
1789401846,177935131,89.497,robot_0_carried_generic_box,1.490,-2.401
1789401846,177968702,89.497,robot_1_carried_generic_box,0.184,-1.535
1789401846,387118307,89.706,robot_2,2.218,-0.863
1789401846,387202075,89.706,robot_1,0.124,-1.510
1789401846,387243131,89.707,robot_0,1.550,-2.327
1789401846,387288001,89.707,robot_0_carried_generic_box,1.516,-2.369
1789401846,387319572,89.707,robot_1_carried_generic_box,0.162,-1.526
1789401846,597923554,89.917,robot_2,2.245,-0.855
1789401846,598017224,89.917,robot_1,0.096,-1.499
1789401846,598070120,89.917,robot_0,1.569,-2.304
1789401846,598121923,89.917,robot_0_carried_generic_box,1.539,-2.341
1789401846,598163527,89.917,robot_1_carried_generic_box,0.140,-1.517
1789401846,812636548,90.132,robot_2,2.252,-0.854
1789401846,812719642,90.132,robot_1,0.068,-1.488
1789401846,812765168,90.132,robot_0,1.588,-2.280
1789401846,812810505,90.132,robot_0_carried_generic_box,1.562,-2.313
1789401846,812845644,90.132,robot_1_carried_generic_box,0.107,-1.503
1789401847,12679592,90.332,robot_2,2.252,-0.854
1789401847,12778240,90.332,robot_1,0.038,-1.475
1789401847,12833167,90.337,robot_0,1.609,-2.255
1789401847,17380991,90.337,robot_0_carried_generic_box,1.577,-2.294
1789401847,17466093,90.337,robot_1_carried_generic_box,0.079,-1.492
1789401847,223863847,90.543,robot_2,2.252,-0.854
1789401847,223954743,90.557,robot_1,0.010,-1.464
1789401847,237738966,90.557,robot_0,1.628,-2.231
1789401847,237828718,90.557,robot_0_carried_generic_box,1.598,-2.269
1789401847,237877973,90.557,robot_1_carried_generic_box,0.054,-1.482
1789401847,424472340,90.744,robot_2,2.252,-0.854
1789401847,424571092,90.748,robot_1,-0.018,-1.453
1789401847,428686304,90.748,robot_0,1.647,-2.208
1789401847,428773128,90.748,robot_0_carried_generic_box,1.617,-2.245
1789401847,428819139,90.748,robot_1_carried_generic_box,0.026,-1.471
1789401847,661381634,90.981,robot_2,2.252,-0.854
1789401847,661477415,90.981,robot_1,-0.051,-1.439
1789401847,661530330,90.981,robot_0,1.669,-2.180
1789401847,661593607,90.985,robot_0_carried_generic_box,1.641,-2.215
1789401847,665449484,90.985,robot_1_carried_generic_box,-0.004,-1.458
1789401847,878723140,91.198,robot_2,2.252,-0.854
1789401847,878828777,91.198,robot_1,-0.085,-1.426
1789401847,878873782,91.198,robot_0,1.692,-2.152
1789401847,878926733,91.198,robot_0_carried_generic_box,1.649,-2.206
1789401847,878969993,91.198,robot_1_carried_generic_box,-0.035,-1.446
1789401848,122354263,91.442,robot_2,2.252,-0.854
1789401848,122458065,91.442,robot_1,-0.106,-1.417
1789401848,122511662,91.442,robot_0,1.713,-2.127
1789401848,122576981,91.442,robot_0_carried_generic_box,1.683,-2.164
1789401848,122644951,91.442,robot_1_carried_generic_box,-0.071,-1.431
1789401848,323058190,91.642,robot_2,2.252,-0.854
1789401848,323154140,91.642,robot_1,-0.124,-1.410
1789401848,323193859,91.642,robot_0,1.732,-2.103
1789401848,323249084,91.643,robot_0_carried_generic_box,1.700,-2.143
1789401848,323292491,91.643,robot_1_carried_generic_box,-0.093,-1.423
1789401848,540636376,91.860,robot_2,2.252,-0.854
1789401848,540735706,91.860,robot_1,-0.146,-1.401
1789401848,540778148,91.860,robot_0,1.754,-2.075
1789401848,540831903,91.860,robot_0_carried_generic_box,1.719,-2.120
1789401848,540874929,91.860,robot_1_carried_generic_box,-0.115,-1.414
1789401848,743466913,92.063,robot_2,2.252,-0.855
1789401848,743552971,92.063,robot_1,-0.163,-1.394
1789401848,743608355,92.063,robot_0,1.771,-2.054
1789401848,750878839,92.070,robot_0_carried_generic_box,1.743,-2.089
1789401848,751034898,92.070,robot_1_carried_generic_box,-0.132,-1.407
1789401848,979987445,92.299,robot_2,2.253,-0.855
1789401848,980094370,92.299,robot_1,-0.196,-1.381
1789401848,980154052,92.311,robot_0,1.796,-2.024
1789401848,991870980,92.311,robot_0_carried_generic_box,1.758,-2.071
1789401848,991961768,92.311,robot_1_carried_generic_box,-0.158,-1.396
1789401849,197790887,92.517,robot_2,2.253,-0.855
1789401849,197912847,92.517,robot_1,-0.221,-1.371
1789401849,197968283,92.517,robot_0,1.813,-2.003
1789401849,198022239,92.517,robot_0_carried_generic_box,1.775,-2.050
1789401849,198063926,92.517,robot_1_carried_generic_box,-0.167,-1.393
1789401849,410926992,92.730,robot_2,2.253,-0.855
1789401849,411017080,92.730,robot_1,-0.249,-1.359
1789401849,411061620,92.730,robot_0,1.834,-1.977
1789401849,411106709,92.730,robot_0_carried_generic_box,1.804,-2.015
1789401849,411141709,92.730,robot_1_carried_generic_box,-0.207,-1.376
1789401849,645958423,92.965,robot_2,2.253,-0.855
1789401849,646069593,92.965,robot_1,-0.270,-1.351
1789401849,646133807,92.965,robot_0,1.855,-1.952
1789401849,650080823,92.973,robot_0_carried_generic_box,1.817,-1.998
1789401849,654282651,92.974,robot_1_carried_generic_box,-0.229,-1.367
1789401849,874986912,93.194,robot_2,2.253,-0.855
1789401849,875078782,93.194,robot_1,-0.278,-1.348
1789401849,875131138,93.194,robot_0,1.875,-1.926
1789401849,875189729,93.194,robot_0_carried_generic_box,1.836,-1.975
1789401849,875235540,93.194,robot_1_carried_generic_box,-0.257,-1.356
1789401850,92020234,93.411,robot_2,2.254,-0.855
1789401850,92106175,93.411,robot_1,-0.278,-1.347
1789401850,92157355,93.411,robot_0,1.896,-1.901
1789401850,92213241,93.411,robot_0_carried_generic_box,1.868,-1.935
1789401850,92253870,93.412,robot_1_carried_generic_box,-0.278,-1.348
1789401850,303148623,93.622,robot_2,2.254,-0.855
1789401850,303221530,93.622,robot_1,-0.278,-1.347
1789401850,303257112,93.623,robot_0,1.917,-1.875
1789401850,303297140,93.623,robot_0_carried_generic_box,1.885,-1.914
1789401850,303328602,93.623,robot_1_carried_generic_box,-0.278,-1.348
1789401850,533286965,93.853,robot_2,2.254,-0.855
1789401850,533394787,93.853,robot_1,-0.278,-1.347
1789401850,533453223,93.853,robot_0,1.936,-1.852
1789401850,533516926,93.853,robot_0_carried_generic_box,1.902,-1.894
1789401850,533568012,93.853,robot_1_carried_generic_box,-0.278,-1.347
1789401850,746064563,94.065,robot_2,2.254,-0.855
1789401850,746158989,94.065,robot_1,-0.278,-1.347
1789401850,746210117,94.065,robot_0,1.955,-1.828
1789401850,746259084,94.066,robot_0_carried_generic_box,1.917,-1.875
1789401850,746296668,94.066,robot_1_carried_generic_box,-0.278,-1.347
1789401850,965060343,94.284,robot_2,2.255,-0.855
1789401850,965154862,94.284,robot_1,-0.278,-1.347
1789401850,965207768,94.284,robot_0,1.967,-1.813
1789401850,965262110,94.285,robot_0_carried_generic_box,1.936,-1.852
1789401850,965305540,94.285,robot_1_carried_generic_box,-0.278,-1.347
1789401851,193385801,94.513,robot_2,2.255,-0.855
1789401851,193455996,94.513,robot_1,-0.278,-1.346
1789401851,193492090,94.513,robot_0,1.967,-1.813
1789401851,193531392,94.513,robot_0_carried_generic_box,1.966,-1.814
1789401851,193564425,94.513,robot_1_carried_generic_box,-0.278,-1.347
1789401851,400432547,94.720,robot_2,2.255,-0.855
1789401851,400508645,94.720,robot_1,-0.278,-1.346
1789401851,400548467,94.720,robot_0,1.967,-1.813
1789401851,416093510,94.735,robot_0_carried_generic_box,1.967,-1.813
1789401851,416244749,94.736,robot_1_carried_generic_box,-0.278,-1.347
1789401851,620651252,94.940,robot_2,2.255,-0.855
1789401851,620789012,94.940,robot_1,-0.278,-1.346
1789401851,620846297,94.940,robot_0,1.967,-1.812
1789401851,620901890,94.940,robot_0_carried_generic_box,1.967,-1.813
1789401851,620948839,94.940,robot_1_carried_generic_box,-0.278,-1.346
1789401851,850251863,95.170,robot_2,2.255,-0.854
1789401851,850391245,95.170,robot_1,-0.278,-1.346
1789401851,850447740,95.170,robot_0,1.967,-1.812
1789401851,850506259,95.170,robot_0_carried_generic_box,1.967,-1.813
1789401851,850553681,95.170,robot_1_carried_generic_box,-0.278,-1.346
1789401852,47356809,95.367,robot_2,2.250,-0.848
1789401852,47452265,95.367,robot_1,-0.279,-1.346
1789401852,47512361,95.367,robot_0,1.967,-1.812
1789401852,47574583,95.367,robot_0_carried_generic_box,1.967,-1.812
1789401852,47632355,95.367,robot_1_carried_generic_box,-0.278,-1.346
1789401852,264907060,95.584,robot_2,2.228,-0.826
1789401852,265015799,95.584,robot_1,-0.279,-1.345
1789401852,265113908,95.584,robot_0,1.967,-1.812
1789401852,265190654,95.584,robot_0_carried_generic_box,1.967,-1.812
1789401852,265255966,95.585,robot_1_carried_generic_box,-0.278,-1.346
1789401852,489299025,95.809,robot_2,2.204,-0.803
1789401852,489481604,95.809,robot_1,-0.279,-1.345
1789401852,489564202,95.809,robot_0,1.967,-1.812
1789401852,489674936,95.809,robot_0_carried_generic_box,1.967,-1.812
1789401852,489727590,95.809,robot_1_carried_generic_box,-0.279,-1.346
1789401852,698052266,96.017,robot_2,2.183,-0.782
1789401852,698156843,96.017,robot_1,-0.279,-1.345
1789401852,698213833,96.017,robot_0,1.967,-1.812
1789401852,698276337,96.018,robot_0_carried_generic_box,1.967,-1.812
1789401852,698326411,96.018,robot_1_carried_generic_box,-0.279,-1.345
1789401852,908301310,96.228,robot_2,2.159,-0.759
1789401852,908399870,96.228,robot_1,-0.279,-1.345
1789401852,908451294,96.228,robot_0,1.967,-1.813
1789401852,908509863,96.228,robot_0_carried_generic_box,1.967,-1.812
1789401852,908556864,96.228,robot_1_carried_generic_box,-0.279,-1.345
1789401853,109552894,96.429,robot_2,2.135,-0.736
1789401853,109641324,96.429,robot_1,-0.279,-1.345
1789401853,109685294,96.429,robot_0,1.967,-1.813
1789401853,109732845,96.429,robot_0_carried_generic_box,1.967,-1.812
1789401853,109770352,96.429,robot_1_carried_generic_box,-0.279,-1.345
1789401853,325035550,96.644,robot_2,2.112,-0.713
1789401853,325127585,96.644,robot_1,-0.280,-1.345
1789401853,325178174,96.644,robot_0,1.968,-1.813
1789401853,325230893,96.644,robot_0_carried_generic_box,1.967,-1.813
1789401853,325281631,96.645,robot_1_carried_generic_box,-0.279,-1.345
1789401853,541553402,96.861,robot_2,2.090,-0.692
1789401853,548458953,96.868,robot_1,-0.280,-1.345
1789401853,548549598,96.868,robot_0,1.968,-1.813
1789401853,548621123,96.868,robot_0_carried_generic_box,1.968,-1.813
1789401853,548659246,96.868,robot_1_carried_generic_box,-0.279,-1.345
1789401853,763474566,97.083,robot_2,2.071,-0.673
1789401853,763554624,97.083,robot_1,-0.280,-1.345
1789401853,763610250,97.083,robot_0,1.968,-1.813
1789401853,763661547,97.083,robot_0_carried_generic_box,1.968,-1.813
1789401853,763707809,97.083,robot_1_carried_generic_box,-0.280,-1.345
1789401853,973488783,97.293,robot_2,2.047,-0.650
1789401853,973583222,97.293,robot_1,-0.280,-1.345
1789401853,973645179,97.293,robot_0,1.968,-1.813
1789401853,973705379,97.293,robot_0_carried_generic_box,1.968,-1.813
1789401853,973755079,97.293,robot_1_carried_generic_box,-0.280,-1.345
1789401854,190382073,97.510,robot_2,2.024,-0.627
1789401854,190465412,97.510,robot_1,-0.285,-1.362
1789401854,190514340,97.510,robot_0,1.969,-1.813
1789401854,190570376,97.510,robot_0_carried_generic_box,1.968,-1.813
1789401854,190619403,97.510,robot_1_carried_generic_box,-0.280,-1.344
1789401854,419754637,97.739,robot_2,2.000,-0.604
1789401854,419857637,97.739,robot_1,-0.291,-1.381
1789401854,419911239,97.739,robot_0,1.969,-1.813
1789401854,419977806,97.739,robot_0_carried_generic_box,1.968,-1.813
1789401854,420030988,97.739,robot_1_carried_generic_box,-0.280,-1.345
1789401854,634370672,97.954,robot_2,1.977,-0.581
1789401854,634469671,97.954,robot_1,-0.291,-1.382
1789401854,634518463,97.954,robot_0,1.969,-1.813
1789401854,634578011,97.954,robot_0_carried_generic_box,1.969,-1.813
1789401854,634623875,97.954,robot_1_carried_generic_box,-0.290,-1.378
1789401854,850856363,98.170,robot_2,1.946,-0.551
1789401854,850938733,98.170,robot_1,-0.291,-1.382
1789401854,850979258,98.170,robot_0,1.969,-1.813
1789401854,851027107,98.170,robot_0_carried_generic_box,1.969,-1.813
1789401854,851066748,98.170,robot_1_carried_generic_box,-0.291,-1.382
1789401855,57478216,98.377,robot_2,1.923,-0.528
1789401855,60823420,98.380,robot_1,-0.290,-1.382
1789401855,60918984,98.380,robot_0,1.970,-1.813
1789401855,60978221,98.380,robot_0_carried_generic_box,1.969,-1.813
1789401855,61016193,98.380,robot_1_carried_generic_box,-0.291,-1.382
1789401855,275529785,98.595,robot_2,1.899,-0.505
1789401855,277366596,98.597,robot_1,-0.292,-1.385
1789401855,277452622,98.597,robot_0,1.970,-1.813
1789401855,277508729,98.597,robot_0_carried_generic_box,1.969,-1.813
1789401855,277555800,98.597,robot_1_carried_generic_box,-0.290,-1.382
1789401855,486277200,98.806,robot_2,1.873,-0.480
1789401855,486359847,98.806,robot_1,-0.308,-1.408
1789401855,486400268,98.806,robot_0,1.961,-1.793
1789401855,494208624,98.814,robot_0_carried_generic_box,1.970,-1.813
1789401855,494352193,98.814,robot_1_carried_generic_box,-0.290,-1.382
1789401855,689919836,99.009,robot_2,1.852,-0.459
1789401855,690015677,99.009,robot_1,-0.327,-1.432
1789401855,690064978,99.009,robot_0,1.948,-1.766
1789401855,690125655,99.009,robot_0_carried_generic_box,1.970,-1.813
1789401855,690175864,99.009,robot_1_carried_generic_box,-0.302,-1.399
1789401855,915436741,99.235,robot_2,1.824,-0.432
1789401855,915529247,99.235,robot_1,-0.338,-1.446
1789401855,915578765,99.235,robot_0,1.931,-1.731
1789401855,915643636,99.235,robot_0_carried_generic_box,1.956,-1.782
1789401855,915694228,99.235,robot_1_carried_generic_box,-0.318,-1.420
1789401856,128237622,99.448,robot_2,1.796,-0.405
1789401856,128312500,99.448,robot_1,-0.362,-1.471
1789401856,128345169,99.448,robot_0,1.914,-1.696
1789401856,128401286,99.448,robot_0_carried_generic_box,1.941,-1.752
1789401856,128440648,99.448,robot_1_carried_generic_box,-0.333,-1.440
1789401856,338593655,99.673,robot_2,1.774,-0.383
1789401856,359189671,99.678,robot_1,-0.372,-1.482
1789401856,359274291,99.679,robot_0,1.899,-1.666
1789401856,359324053,99.679,robot_0_carried_generic_box,1.922,-1.712
1789401856,359363127,99.679,robot_1_carried_generic_box,-0.350,-1.458
1789401856,541626075,99.861,robot_2,1.767,-0.376
1789401856,541706712,99.868,robot_1,-0.372,-1.482
1789401856,549331486,99.869,robot_0,1.885,-1.636
1789401856,549415414,99.869,robot_0_carried_generic_box,1.910,-1.688
1789401856,549467697,99.869,robot_1_carried_generic_box,-0.368,-1.477
1789401856,752842964,100.072,robot_2,1.767,-0.376
1789401856,752923679,100.072,robot_1,-0.372,-1.482
1789401856,756247328,100.076,robot_0,1.872,-1.609
1789401856,756379992,100.076,robot_0_carried_generic_box,1.896,-1.658
1789401856,756440136,100.076,robot_1_carried_generic_box,-0.372,-1.482
1789401856,991187996,100.310,robot_2,1.767,-0.376
1789401856,991269960,100.311,robot_1,-0.372,-1.482
1789401856,991309164,100.311,robot_0,1.856,-1.577
1789401856,991356394,100.311,robot_0_carried_generic_box,1.882,-1.631
1789401856,991392965,100.311,robot_1_carried_generic_box,-0.372,-1.482
1789401857,215624962,100.535,robot_2,1.767,-0.376
1789401857,215712392,100.535,robot_1,-0.372,-1.482
1789401857,215755169,100.535,robot_0,1.837,-1.536
1789401857,215809053,100.535,robot_0_carried_generic_box,1.860,-1.585
1789401857,215850180,100.535,robot_1_carried_generic_box,-0.372,-1.482
1789401857,421972906,100.741,robot_2,1.767,-0.376
1789401857,422058452,100.741,robot_1,-0.372,-1.482
1789401857,422092315,100.741,robot_0,1.825,-1.512
1789401857,422136831,100.741,robot_0_carried_generic_box,1.847,-1.558
1789401857,422171799,100.741,robot_1_carried_generic_box,-0.372,-1.482
1789401857,634863630,100.954,robot_2,1.767,-0.375
1789401857,634942808,100.954,robot_1,-0.372,-1.481
1789401857,634980825,100.954,robot_0,1.808,-1.477
1789401857,635024041,100.954,robot_0_carried_generic_box,1.835,-1.534
1789401857,635056669,100.954,robot_1_carried_generic_box,-0.372,-1.482
1789401857,857553692,101.177,robot_2,1.767,-0.375
1789401857,866693047,101.186,robot_1,-0.373,-1.481
1789401857,866787044,101.186,robot_0,1.790,-1.439
1789401857,866845243,101.186,robot_0_carried_generic_box,1.821,-1.504
1789401857,866889843,101.186,robot_1_carried_generic_box,-0.372,-1.481
1789401858,62240315,101.382,robot_2,1.767,-0.375
1789401858,62317273,101.382,robot_1,-0.373,-1.481
1789401858,62351877,101.382,robot_0,1.777,-1.412
1789401858,62391611,101.382,robot_0_carried_generic_box,1.805,-1.472
1789401858,62424370,101.382,robot_1_carried_generic_box,-0.373,-1.481
1789401858,264529886,101.584,robot_2,1.767,-0.375
1789401858,265679590,101.585,robot_1,-0.373,-1.481
1789401858,265738526,101.585,robot_0,1.761,-1.380
1789401858,265783987,101.585,robot_0_carried_generic_box,1.786,-1.431
1789401858,265815112,101.585,robot_1_carried_generic_box,-0.373,-1.481
1789401858,466923112,101.786,robot_2,1.767,-0.374
1789401858,467000996,101.786,robot_1,-0.373,-1.481
1789401858,467035862,101.786,robot_0,1.755,-1.367
1789401858,467076549,101.786,robot_0_carried_generic_box,1.775,-1.409
1789401858,467110212,101.786,robot_1_carried_generic_box,-0.373,-1.481
1789401858,683724798,102.003,robot_2,1.767,-0.374
1789401858,683816478,102.003,robot_1,-0.374,-1.481
1789401858,683855500,102.003,robot_0,1.755,-1.367
1789401858,683899800,102.003,robot_0_carried_generic_box,1.756,-1.369
1789401858,683936612,102.003,robot_1_carried_generic_box,-0.373,-1.481
1789401858,888650882,102.208,robot_2,1.767,-0.374
1789401858,888729638,102.208,robot_1,-0.374,-1.481
1789401858,888767299,102.208,robot_0,1.755,-1.367
1789401858,888809086,102.208,robot_0_carried_generic_box,1.755,-1.367
1789401858,888840881,102.208,robot_1_carried_generic_box,-0.373,-1.481
1789401859,121218463,102.441,robot_2,1.767,-0.374
1789401859,121322285,102.441,robot_1,-0.374,-1.481
1789401859,121367863,102.441,robot_0,1.755,-1.367
1789401859,121422385,102.441,robot_0_carried_generic_box,1.755,-1.367
1789401859,121465374,102.441,robot_1_carried_generic_box,-0.374,-1.481
1789401859,322422480,102.642,robot_2,1.767,-0.374
1789401859,322504214,102.642,robot_1,-0.374,-1.481
1789401859,322546105,102.642,robot_0,1.755,-1.367
1789401859,334629404,102.654,robot_0_carried_generic_box,1.755,-1.367
1789401859,334786470,102.654,robot_1_carried_generic_box,-0.374,-1.481
1789401859,535839503,102.855,robot_2,1.767,-0.373
1789401859,535917710,102.855,robot_1,-0.375,-1.481
1789401859,535952357,102.855,robot_0,1.756,-1.366
1789401859,535992993,102.855,robot_0_carried_generic_box,1.755,-1.367
1789401859,536026819,102.855,robot_1_carried_generic_box,-0.374,-1.481
1789401859,757682858,103.077,robot_2,1.767,-0.373
1789401859,757821993,103.077,robot_1,-0.375,-1.482
1789401859,757857288,103.077,robot_0,1.756,-1.366
1789401859,757901582,103.077,robot_0_carried_generic_box,1.755,-1.367
1789401859,757933730,103.077,robot_1_carried_generic_box,-0.375,-1.481
1789401859,956471713,103.276,robot_2,1.767,-0.373
1789401859,956557119,103.276,robot_1,-0.375,-1.482
1789401859,978650017,103.298,robot_0,1.756,-1.366
1789401859,978776812,103.298,robot_0_carried_generic_box,1.756,-1.366
1789401859,978819564,103.298,robot_1_carried_generic_box,-0.375,-1.481
1789401860,169496305,103.489,robot_2,1.766,-0.373
1789401860,169574965,103.489,robot_1,-0.375,-1.482
1789401860,169618481,103.489,robot_0,1.756,-1.366
1789401860,169658088,103.489,robot_0_carried_generic_box,1.756,-1.366
1789401860,169687184,103.489,robot_1_carried_generic_box,-0.375,-1.482
1789401860,377982689,103.697,robot_2,1.766,-0.373
1789401860,378070214,103.697,robot_1,-0.376,-1.482
1789401860,378108967,103.697,robot_0,1.756,-1.366
1789401860,378161097,103.697,robot_0_carried_generic_box,1.756,-1.366
1789401860,378198360,103.697,robot_1_carried_generic_box,-0.375,-1.482
1789401860,615551464,103.935,robot_2,1.766,-0.373
1789401860,619973229,103.939,robot_1,-0.376,-1.482
1789401860,620093744,103.939,robot_0,1.756,-1.365
1789401860,620159116,103.939,robot_0_carried_generic_box,1.756,-1.366
1789401860,620204181,103.939,robot_1_carried_generic_box,-0.375,-1.482
1789401860,827889451,104.147,robot_2,1.766,-0.372
1789401860,827970463,104.147,robot_1,-0.369,-1.488
1789401860,828001841,104.147,robot_0,1.756,-1.365
1789401860,828042411,104.147,robot_0_carried_generic_box,1.756,-1.365
1789401860,828073838,104.147,robot_1_carried_generic_box,-0.376,-1.482
1789401861,50933192,104.370,robot_2,1.773,-0.349
1789401861,51060902,104.370,robot_1,-0.340,-1.509
1789401861,51101699,104.370,robot_0,1.756,-1.365
1789401861,51144590,104.370,robot_0_carried_generic_box,1.756,-1.365
1789401861,51182273,104.370,robot_1_carried_generic_box,-0.375,-1.482
1789401861,267013594,104.586,robot_2,1.781,-0.324
1789401861,267102157,104.586,robot_1,-0.337,-1.511
1789401861,267144421,104.586,robot_0,1.756,-1.364
1789401861,267185994,104.586,robot_0_carried_generic_box,1.756,-1.365
1789401861,267226871,104.586,robot_1_carried_generic_box,-0.360,-1.494
1789401861,478510239,104.798,robot_2,1.787,-0.303
1789401861,478609504,104.798,robot_1,-0.337,-1.511
1789401861,478657538,104.798,robot_0,1.756,-1.364
1789401861,478708658,104.798,robot_0_carried_generic_box,1.756,-1.365
1789401861,478748374,104.798,robot_1_carried_generic_box,-0.337,-1.511
1789401861,687035683,105.006,robot_2,1.788,-0.298
1789401861,687127248,105.006,robot_1,-0.337,-1.511
1789401861,687163727,105.006,robot_0,1.756,-1.364
1789401861,687208933,105.006,robot_0_carried_generic_box,1.756,-1.364
1789401861,687245126,105.007,robot_1_carried_generic_box,-0.337,-1.511
1789401861,899920927,105.219,robot_2,1.789,-0.298
1789401861,900011272,105.219,robot_1,-0.336,-1.512
1789401861,900057773,105.219,robot_0,1.756,-1.364
1789401861,900107458,105.219,robot_0_carried_generic_box,1.756,-1.364
1789401861,900148495,105.219,robot_1_carried_generic_box,-0.337,-1.511
1789401862,117559439,105.437,robot_2,1.789,-0.298
1789401862,125396716,105.445,robot_1,-0.321,-1.536
1789401862,125486370,105.445,robot_0,1.755,-1.364
1789401862,125532373,105.445,robot_0_carried_generic_box,1.756,-1.364
1789401862,125566318,105.445,robot_1_carried_generic_box,-0.337,-1.511
1789401862,322020023,105.641,robot_2,1.789,-0.298
1789401862,322108103,105.641,robot_1,-0.302,-1.570
1789401862,322153671,105.641,robot_0,1.755,-1.363
1789401862,322197057,105.641,robot_0_carried_generic_box,1.756,-1.364
1789401862,322230691,105.641,robot_1_carried_generic_box,-0.332,-1.518
1789401862,551686690,105.871,robot_2,1.789,-0.299
1789401862,551812833,105.871,robot_1,-0.292,-1.587
1789401862,551865637,105.871,robot_0,1.753,-1.366
1789401862,551920492,105.871,robot_0_carried_generic_box,1.755,-1.363
1789401862,551960239,105.871,robot_1_carried_generic_box,-0.313,-1.549
1789401862,735001481,106.054,robot_2,1.789,-0.299
1789401862,735089598,106.054,robot_1,-0.292,-1.587
1789401862,735129388,106.054,robot_0,1.734,-1.386
1789401862,735171705,106.054,robot_0_carried_generic_box,1.755,-1.363
1789401862,735206776,106.054,robot_1_carried_generic_box,-0.298,-1.577
1789401862,977327579,106.297,robot_2,1.790,-0.299
1789401862,977411196,106.297,robot_1,-0.290,-1.593
1789401862,977449295,106.297,robot_0,1.707,-1.417
1789401862,977490464,106.297,robot_0_carried_generic_box,1.744,-1.375
1789401862,977522172,106.297,robot_1_carried_generic_box,-0.292,-1.587
1789401863,182973768,106.502,robot_2,1.790,-0.300
1789401863,183065934,106.502,robot_1,-0.281,-1.626
1789401863,183119135,106.502,robot_0,1.679,-1.449
1789401863,183173990,106.502,robot_0_carried_generic_box,1.717,-1.406
1789401863,183216900,106.502,robot_1_carried_generic_box,-0.291,-1.590
1789401863,407580979,106.727,robot_2,1.790,-0.300
1789401863,407700478,106.727,robot_1,-0.278,-1.640
1789401863,407744289,106.727,robot_0,1.660,-1.472
1789401863,407789895,106.727,robot_0_carried_generic_box,1.695,-1.431
1789401863,407826067,106.727,robot_1_carried_generic_box,-0.288,-1.599
1789401863,599865471,106.919,robot_2,1.789,-0.300
1789401863,599953025,106.919,robot_1,-0.273,-1.672
1789401863,600004036,106.919,robot_0,1.638,-1.497
1789401863,600048595,106.919,robot_0_carried_generic_box,1.672,-1.458
1789401863,600087560,106.919,robot_1_carried_generic_box,-0.280,-1.630
1789401863,815463045,107.135,robot_2,1.766,-0.305
1789401863,815555362,107.135,robot_1,-0.270,-1.702
1789401863,815616199,107.135,robot_0,1.617,-1.522
1789401863,815665887,107.135,robot_0_carried_generic_box,1.652,-1.481
1789401863,815708543,107.135,robot_1_carried_generic_box,-0.275,-1.657
1789401864,22588711,107.342,robot_2,1.731,-0.311
1789401864,22689520,107.342,robot_1,-0.269,-1.710
1789401864,22736612,107.342,robot_0,1.593,-1.549
1789401864,22778729,107.342,robot_0_carried_generic_box,1.626,-1.510
1789401864,22811129,107.342,robot_1_carried_generic_box,-0.271,-1.690
1789401864,260780595,107.580,robot_2,1.695,-0.316
1789401864,260877720,107.580,robot_1,-0.269,-1.716
1789401864,260931443,107.580,robot_0,1.569,-1.576
1789401864,260977384,107.580,robot_0_carried_generic_box,1.609,-1.531
1789401864,261015379,107.580,robot_1_carried_generic_box,-0.270,-1.709
1789401864,476501011,107.796,robot_2,1.659,-0.320
1789401864,476587600,107.816,robot_1,-0.270,-1.749
1789401864,496797719,107.816,robot_0,1.546,-1.603
1789401864,496861051,107.816,robot_0_carried_generic_box,1.575,-1.569
1789401864,496896486,107.816,robot_1_carried_generic_box,-0.269,-1.710
1789401864,695650967,108.015,robot_2,1.621,-0.325
1789401864,695721598,108.015,robot_1,-0.270,-1.763
1789401864,695762701,108.015,robot_0,1.520,-1.633
1789401864,695800025,108.015,robot_0_carried_generic_box,1.552,-1.597
1789401864,695828151,108.015,robot_1_carried_generic_box,-0.269,-1.716
1789401864,907313481,108.227,robot_2,1.582,-0.331
1789401864,907412861,108.227,robot_1,-0.270,-1.763
1789401864,907463528,108.227,robot_0,1.495,-1.662
1789401864,907515907,108.227,robot_0_carried_generic_box,1.532,-1.619
1789401864,907553890,108.227,robot_1_carried_generic_box,-0.270,-1.762
1789401865,123645075,108.443,robot_2,1.552,-0.335
1789401865,123745029,108.443,robot_1,-0.270,-1.764
1789401865,123795241,108.443,robot_0,1.475,-1.685
1789401865,123837311,108.443,robot_0_carried_generic_box,1.510,-1.644
1789401865,123866331,108.443,robot_1_carried_generic_box,-0.270,-1.763
1789401865,351774572,108.671,robot_2,1.520,-0.339
1789401865,351854479,108.671,robot_1,-0.270,-1.767
1789401865,351904778,108.671,robot_0,1.454,-1.710
1789401865,351951789,108.671,robot_0_carried_generic_box,1.489,-1.669
1789401865,351984161,108.671,robot_1_carried_generic_box,-0.270,-1.763
1789401865,578302401,108.898,robot_2,1.488,-0.343
1789401865,578411068,108.898,robot_1,-0.281,-1.794
1789401865,578470553,108.898,robot_0,1.430,-1.737
1789401865,578523883,108.898,robot_0_carried_generic_box,1.461,-1.701
1789401865,578565885,108.898,robot_1_carried_generic_box,-0.269,-1.764
1789401865,801725811,109.121,robot_2,1.482,-0.344
1789401865,801797027,109.121,robot_1,-0.297,-1.829
1789401865,801843207,109.121,robot_0,1.404,-1.767
1789401865,801881156,109.121,robot_0_carried_generic_box,1.436,-1.730
1789401865,801913001,109.121,robot_1_carried_generic_box,-0.271,-1.768
1789401866,16807959,109.336,robot_2,1.482,-0.344
1789401866,16879362,109.336,robot_1,-0.311,-1.859
1789401866,16925365,109.336,robot_0,1.383,-1.792
1789401866,16962136,109.336,robot_0_carried_generic_box,1.410,-1.760
1789401866,16995874,109.336,robot_1_carried_generic_box,-0.290,-1.816
1789401866,226426876,109.546,robot_2,1.482,-0.344
1789401866,226511633,109.546,robot_1,-0.327,-1.891
1789401866,226563910,109.546,robot_0,1.359,-1.819
1789401866,226643637,109.546,robot_0_carried_generic_box,1.385,-1.789
1789401866,226683513,109.546,robot_1_carried_generic_box,-0.306,-1.848
1789401866,429580508,109.765,robot_2,1.482,-0.345
1789401866,446134275,109.765,robot_1,-0.343,-1.924
1789401866,446203953,109.765,robot_0,1.336,-1.846
1789401866,446255002,109.766,robot_0_carried_generic_box,1.361,-1.817
1789401866,446286520,109.766,robot_1_carried_generic_box,-0.319,-1.875
1789401866,630406464,109.950,robot_2,1.482,-0.345
1789401866,630485199,109.950,robot_1,-0.350,-1.939
1789401866,630527143,109.950,robot_0,1.312,-1.873
1789401866,630572094,109.950,robot_0_carried_generic_box,1.340,-1.842
1789401866,636922136,109.956,robot_1_carried_generic_box,-0.332,-1.902
1789401866,844159431,110.163,robot_2,1.482,-0.345
1789401866,844239933,110.164,robot_1,-0.358,-1.953
1789401866,844286410,110.164,robot_0,1.289,-1.901
1789401866,844336543,110.164,robot_0_carried_generic_box,1.318,-1.867
1789401866,844375332,110.164,robot_1_carried_generic_box,-0.346,-1.930
1789401867,67034667,110.386,robot_2,1.482,-0.345
1789401867,67119467,110.386,robot_1,-0.374,-1.982
1789401867,67159336,110.386,robot_0,1.267,-1.925
1789401867,67210987,110.386,robot_0_carried_generic_box,1.302,-1.885
1789401867,67262423,110.387,robot_1_carried_generic_box,-0.351,-1.940
1789401867,286191333,110.605,robot_2,1.482,-0.345
1789401867,286266333,110.606,robot_1,-0.394,-2.019
1789401867,286307236,110.606,robot_0,1.239,-1.957
1789401867,286357525,110.606,robot_0_carried_generic_box,1.275,-1.916
1789401867,286403721,110.606,robot_1_carried_generic_box,-0.365,-1.966
1789401867,520197268,110.839,robot_2,1.482,-0.344
1789401867,520267836,110.840,robot_1,-0.412,-2.050
1789401867,520302060,110.848,robot_0,1.216,-1.984
1789401867,528396540,110.848,robot_0_carried_generic_box,1.249,-1.946
1789401867,528461311,110.848,robot_1_carried_generic_box,-0.385,-2.003
1789401867,746004005,111.065,robot_2,1.482,-0.344
1789401867,746098365,111.065,robot_1,-0.421,-2.067
1789401867,746140755,111.065,robot_0,1.192,-2.012
1789401867,746193569,111.065,robot_0_carried_generic_box,1.224,-1.975
1789401867,746233472,111.065,robot_1_carried_generic_box,-0.406,-2.040
1789401867,943476580,111.263,robot_2,1.482,-0.344
1789401867,943552300,111.263,robot_1,-0.431,-2.084
1789401867,962762519,111.282,robot_0,1.171,-2.037
1789401867,962968646,111.282,robot_0_carried_generic_box,1.206,-1.996
1789401867,963021955,111.282,robot_1_carried_generic_box,-0.419,-2.063
1789401868,162252206,111.482,robot_2,1.482,-0.344
1789401868,162324719,111.482,robot_1,-0.445,-2.107
1789401868,162364310,111.482,robot_0,1.153,-2.057
1789401868,162411982,111.482,robot_0_carried_generic_box,1.175,-2.032
1789401868,162448994,111.482,robot_1_carried_generic_box,-0.423,-2.070
1789401868,373652111,111.693,robot_2,1.482,-0.344
1789401868,373726766,111.693,robot_1,-0.462,-2.135
1789401868,373761561,111.693,robot_0,1.131,-2.082
1789401868,373809151,111.693,robot_0_carried_generic_box,1.161,-2.048
1789401868,373849371,111.693,robot_1_carried_generic_box,-0.434,-2.089
1789401868,587198747,111.906,robot_2,1.482,-0.343
1789401868,587274006,111.907,robot_1,-0.482,-2.168
1789401868,587320727,111.907,robot_0,1.106,-2.111
1789401868,587377250,111.907,robot_0_carried_generic_box,1.139,-2.073
1789401868,587421737,111.907,robot_1_carried_generic_box,-0.456,-2.125
1789401868,802526383,112.122,robot_2,1.481,-0.343
1789401868,802612598,112.122,robot_1,-0.499,-2.197
1789401868,802647422,112.122,robot_0,1.084,-2.136
1789401868,802689665,112.122,robot_0_carried_generic_box,1.110,-2.107
1789401868,802727449,112.122,robot_1_carried_generic_box,-0.479,-2.163
1789401869,13012388,112.332,robot_2,1.481,-0.343
1789401869,13099956,112.332,robot_1,-0.516,-2.225
1789401869,13143173,112.332,robot_0,1.063,-2.161
1789401869,13190927,112.332,robot_0_carried_generic_box,1.086,-2.134
1789401869,13225239,112.332,robot_1_carried_generic_box,-0.498,-2.194
1789401869,222254199,112.542,robot_2,1.481,-0.343
1789401869,222330350,112.542,robot_1,-0.526,-2.242
1789401869,222376502,112.542,robot_0,1.041,-2.186
1789401869,222427086,112.542,robot_0_carried_generic_box,1.071,-2.152
1789401869,222468951,112.542,robot_1_carried_generic_box,-0.510,-2.215
1789401869,440644340,112.760,robot_2,1.481,-0.343
1789401869,440790554,112.760,robot_1,-0.527,-2.242
1789401869,440841457,112.760,robot_0,1.018,-2.214
1789401869,440903095,112.760,robot_0_carried_generic_box,1.049,-2.177
1789401869,440952388,112.760,robot_1_carried_generic_box,-0.525,-2.240
1789401869,643190048,112.962,robot_2,1.481,-0.343
1789401869,643273871,112.963,robot_1,-0.539,-2.259
1789401869,643315831,112.963,robot_0,0.992,-2.243
1789401869,643361682,112.963,robot_0_carried_generic_box,1.027,-2.202
1789401869,643395218,112.963,robot_1_carried_generic_box,-0.527,-2.242
1789401869,850677743,113.170,robot_2,1.480,-0.343
1789401869,850809449,113.170,robot_1,-0.560,-2.285
1789401869,850857621,113.170,robot_0,0.970,-2.268
1789401869,850910845,113.170,robot_0_carried_generic_box,1.000,-2.234
1789401869,850951232,113.170,robot_1_carried_generic_box,-0.528,-2.244
1789401870,63462548,113.383,robot_2,1.476,-0.355
1789401870,63555012,113.383,robot_1,-0.580,-2.311
1789401870,63594328,113.383,robot_0,0.949,-2.293
1789401870,63652730,113.383,robot_0_carried_generic_box,0.992,-2.243
1789401870,63693934,113.383,robot_1_carried_generic_box,-0.545,-2.266
1789401870,263526635,113.583,robot_2,1.465,-0.389
1789401870,263602913,113.583,robot_1,-0.605,-2.341
1789401870,263638544,113.583,robot_0,0.923,-2.322
1789401870,263684113,113.583,robot_0_carried_generic_box,0.968,-2.270
1789401870,263722397,113.583,robot_1_carried_generic_box,-0.560,-2.285
1789401870,485077118,113.804,robot_2,1.465,-0.391
1789401870,485150775,113.804,robot_1,-0.625,-2.365
1789401870,485192688,113.804,robot_0,0.896,-2.354
1789401870,485249859,113.805,robot_0_carried_generic_box,0.935,-2.309
1789401870,485298351,113.805,robot_1_carried_generic_box,-0.598,-2.332
1789401870,730461003,114.050,robot_2,1.471,-0.370
1789401870,730549256,114.050,robot_1,-0.626,-2.367
1789401870,730585875,114.050,robot_0,0.874,-2.379
1789401870,730641850,114.050,robot_0_carried_generic_box,0.910,-2.338
1789401870,730681166,114.050,robot_1_carried_generic_box,-0.618,-2.357
1789401870,951339374,114.271,robot_2,1.475,-0.353
1789401870,951413601,114.271,robot_1,-0.650,-2.393
1789401870,951453635,114.271,robot_0,0.843,-2.415
1789401870,951496062,114.271,robot_0_carried_generic_box,0.888,-2.363
1789401870,951529277,114.271,robot_1_carried_generic_box,-0.625,-2.366
1789401871,152245642,114.472,robot_2,1.475,-0.353
1789401871,152333826,114.472,robot_1,-0.654,-2.397
1789401871,152375708,114.472,robot_0,0.821,-2.440
1789401871,152423217,114.472,robot_0_carried_generic_box,0.864,-2.390
1789401871,152454547,114.472,robot_1_carried_generic_box,-0.631,-2.372
1789401871,359438299,114.679,robot_2,1.475,-0.353
1789401871,359519565,114.679,robot_1,-0.672,-2.413
1789401871,359567986,114.679,robot_0,0.794,-2.472
1789401871,374476960,114.694,robot_0_carried_generic_box,0.827,-2.434
1789401871,374579104,114.694,robot_1_carried_generic_box,-0.654,-2.397
1789401871,579747865,114.899,robot_2,1.475,-0.353
1789401871,579824651,114.899,robot_1,-0.687,-2.426
1789401871,579861078,114.899,robot_0,0.772,-2.497
1789401871,579897882,114.899,robot_0_carried_generic_box,0.802,-2.463
1789401871,579929985,114.899,robot_1_carried_generic_box,-0.663,-2.406
1789401871,794494761,115.114,robot_2,1.475,-0.353
1789401871,794627044,115.114,robot_1,-0.687,-2.427
1789401871,794671291,115.114,robot_0,0.749,-2.524
1789401871,794719811,115.114,robot_0_carried_generic_box,0.784,-2.483
1789401871,794759084,115.114,robot_1_carried_generic_box,-0.685,-2.425
1789401872,24982575,115.344,robot_2,1.475,-0.353
1789401872,25060445,115.344,robot_1,-0.690,-2.429
1789401872,25100641,115.344,robot_0,0.723,-2.554
1789401872,25146655,115.344,robot_0_carried_generic_box,0.762,-2.508
1789401872,25177919,115.344,robot_1_carried_generic_box,-0.687,-2.427
1789401872,227072369,115.546,robot_2,1.474,-0.353
1789401872,227171983,115.546,robot_1,-0.713,-2.441
1789401872,227222963,115.546,robot_0,0.701,-2.579
1789401872,227278297,115.547,robot_0_carried_generic_box,0.739,-2.536
1789401872,227320842,115.547,robot_1_carried_generic_box,-0.687,-2.427
1789401872,446971857,115.766,robot_2,1.474,-0.354
1789401872,447055382,115.766,robot_1,-0.729,-2.449
1789401872,447106119,115.766,robot_0,0.678,-2.606
1789401872,447159578,115.766,robot_0_carried_generic_box,0.717,-2.561
1789401872,447201233,115.766,robot_1_carried_generic_box,-0.698,-2.433
1789401872,654760567,115.974,robot_2,1.474,-0.354
1789401872,654854122,115.974,robot_1,-0.754,-2.457
1789401872,654906910,115.974,robot_0,0.656,-2.631
1789401872,654966996,115.976,robot_0_carried_generic_box,0.694,-2.588
1789401872,657264495,115.977,robot_1_carried_generic_box,-0.720,-2.444
1789401872,862814314,116.182,robot_2,1.474,-0.354
1789401872,862905829,116.182,robot_1,-0.759,-2.460
1789401872,862947620,116.182,robot_0,0.635,-2.656
1789401872,862992254,116.182,robot_0_carried_generic_box,0.670,-2.615
1789401872,863028860,116.182,robot_1_carried_generic_box,-0.740,-2.453
1789401873,72297578,116.392,robot_2,1.481,-0.361
1789401873,72367466,116.392,robot_1,-0.759,-2.460
1789401873,72408383,116.392,robot_0,0.613,-2.681
1789401873,72453462,116.392,robot_0_carried_generic_box,0.654,-2.633
1789401873,72486856,116.392,robot_1_carried_generic_box,-0.757,-2.459
1789401873,276512953,116.596,robot_2,1.504,-0.383
1789401873,276575082,116.596,robot_1,-0.774,-2.461
1789401873,297045082,116.616,robot_0,0.591,-2.706
1789401873,297167169,116.616,robot_0_carried_generic_box,0.633,-2.658
1789401873,297217102,116.616,robot_1_carried_generic_box,-0.759,-2.460
1789401873,480935240,116.800,robot_2,1.524,-0.401
1789401873,481028104,116.800,robot_1,-0.796,-2.462
1789401873,481082500,116.800,robot_0,0.574,-2.726
1789401873,481135666,116.800,robot_0_carried_generic_box,0.605,-2.690
1789401873,481180767,116.800,robot_1_carried_generic_box,-0.759,-2.460
1789401873,700336267,117.020,robot_2,1.553,-0.427
1789401873,700418492,117.020,robot_1,-0.804,-2.462
1789401873,700461752,117.020,robot_0,0.548,-2.756
1789401873,700512513,117.020,robot_0_carried_generic_box,0.582,-2.717
1789401873,700552178,117.020,robot_1_carried_generic_box,-0.788,-2.462
1789401873,933136818,117.252,robot_2,1.580,-0.451
1789401873,933229192,117.252,robot_1,-0.830,-2.458
1789401873,933271877,117.253,robot_0,0.525,-2.783
1789401873,933316270,117.253,robot_0_carried_generic_box,0.564,-2.737
1789401873,933349337,117.253,robot_1_carried_generic_box,-0.802,-2.462
1789401874,170706876,117.490,robot_2,1.607,-0.475
1789401874,170777003,117.490,robot_1,-0.842,-2.456
1789401874,170820699,117.490,robot_0,0.501,-2.810
1789401874,170867550,117.490,robot_0_carried_generic_box,0.540,-2.765
1789401874,170904319,117.490,robot_1_carried_generic_box,-0.812,-2.461
1789401874,394285908,117.714,robot_2,1.631,-0.497
1789401874,394356489,117.714,robot_1,-0.858,-2.451
1789401874,394400308,117.714,robot_0,0.480,-2.835
1789401874,394449460,117.714,robot_0_carried_generic_box,0.511,-2.799
1789401874,394486800,117.714,robot_1_carried_generic_box,-0.841,-2.456
1789401874,624226233,117.944,robot_2,1.656,-0.519
1789401874,624304027,117.944,robot_1,-0.864,-2.449
1789401874,624344803,117.944,robot_0,0.458,-2.860
1789401874,624386900,117.944,robot_0_carried_generic_box,0.487,-2.826
1789401874,624418746,117.944,robot_1_carried_generic_box,-0.851,-2.453
1789401874,842581065,118.162,robot_2,1.681,-0.541
1789401874,842670491,118.162,robot_1,-0.865,-2.449
1789401874,842712068,118.162,robot_0,0.436,-2.885
1789401874,842754119,118.162,robot_0_carried_generic_box,0.470,-2.846
1789401874,842787256,118.162,robot_1_carried_generic_box,-0.864,-2.449
1789401875,47585900,118.381,robot_2,1.707,-0.565
1789401875,62143611,118.381,robot_1,-0.865,-2.450
1789401875,62202469,118.381,robot_0,0.413,-2.912
1789401875,62258066,118.382,robot_0_carried_generic_box,0.452,-2.867
1789401875,62300822,118.382,robot_1_carried_generic_box,-0.864,-2.449
1789401875,248497308,118.568,robot_2,1.732,-0.587
1789401875,248569851,118.568,robot_1,-0.865,-2.450
1789401875,266578374,118.586,robot_0,0.391,-2.937
1789401875,266693661,118.586,robot_0_carried_generic_box,0.432,-2.889
1789401875,266737460,118.586,robot_1_carried_generic_box,-0.865,-2.449
1789401875,471167743,118.790,robot_2,1.757,-0.609
1789401875,471248165,118.791,robot_1,-0.865,-2.450
1789401875,471297351,118.791,robot_0,0.370,-2.962
1789401875,476431041,118.796,robot_0_carried_generic_box,0.409,-2.917
1789401875,476547321,118.796,robot_1_carried_generic_box,-0.865,-2.450
1789401875,684376573,119.004,robot_2,1.781,-0.631
1789401875,684449399,119.004,robot_1,-0.865,-2.450
1789401875,684489955,119.004,robot_0,0.348,-2.987
1789401875,684536481,119.004,robot_0_carried_generic_box,0.373,-2.957
1789401875,684569338,119.004,robot_1_carried_generic_box,-0.865,-2.450
1789401875,915873551,119.235,robot_2,1.813,-0.659
1789401875,915958756,119.235,robot_1,-0.865,-2.449
1789401875,916003780,119.235,robot_0,0.337,-3.000
1789401875,916062762,119.235,robot_0_carried_generic_box,0.358,-2.976
1789401875,916108037,119.235,robot_1_carried_generic_box,-0.865,-2.450
1789401876,117681500,119.437,robot_2,1.837,-0.681
1789401876,117771600,119.437,robot_1,-0.865,-2.449
1789401876,117819374,119.437,robot_0,0.337,-3.000
1789401876,117877469,119.437,robot_0_carried_generic_box,0.339,-2.998
1789401876,117926350,119.437,robot_1_carried_generic_box,-0.865,-2.449
1789401876,338568850,119.658,robot_2,1.857,-0.699
1789401876,338656674,119.658,robot_1,-0.864,-2.449
1789401876,338694699,119.658,robot_0,0.337,-3.000
1789401876,338742437,119.658,robot_0_carried_generic_box,0.337,-3.000
1789401876,338779603,119.658,robot_1_carried_generic_box,-0.865,-2.449
1789401876,546525313,119.866,robot_2,1.878,-0.717
1789401876,546630680,119.866,robot_1,-0.864,-2.449
1789401876,546668258,119.866,robot_0,0.337,-2.999
1789401876,546716312,119.866,robot_0_carried_generic_box,0.337,-3.000
1789401876,546753534,119.866,robot_1_carried_generic_box,-0.865,-2.449
1789401876,767966102,120.087,robot_2,1.902,-0.739
1789401876,768054039,120.087,robot_1,-0.864,-2.449
1789401876,768096312,120.087,robot_0,0.336,-2.999
1789401876,768145661,120.087,robot_0_carried_generic_box,0.337,-3.000
1789401876,768190323,120.087,robot_1_carried_generic_box,-0.864,-2.449
1789401876,977078556,120.296,robot_2,1.934,-0.767
1789401876,977152696,120.296,robot_1,-0.864,-2.448
1789401876,977188690,120.296,robot_0,0.336,-2.999
1789401876,977236305,120.296,robot_0_carried_generic_box,0.336,-2.999
1789401876,977272345,120.297,robot_1_carried_generic_box,-0.864,-2.449
1789401877,206276641,120.531,robot_2,1.956,-0.787
1789401877,212185987,120.531,robot_1,-0.865,-2.448
1789401877,212250144,120.532,robot_0,0.336,-2.999
1789401877,212304648,120.532,robot_0_carried_generic_box,0.336,-2.999
1789401877,212344639,120.532,robot_1_carried_generic_box,-0.864,-2.448
1789401877,410028047,120.729,robot_2,1.981,-0.809
1789401877,410119142,120.729,robot_1,-0.865,-2.448
1789401877,410167195,120.729,robot_0,0.336,-2.999
1789401877,410225583,120.729,robot_0_carried_generic_box,0.336,-2.999
1789401877,410275582,120.730,robot_1_carried_generic_box,-0.864,-2.448
1789401877,613162603,120.932,robot_2,2.000,-0.826
1789401877,613242454,120.933,robot_1,-0.865,-2.448
1789401877,613282090,120.933,robot_0,0.335,-2.999
1789401877,613332388,120.933,robot_0_carried_generic_box,0.336,-2.999
1789401877,613377280,120.933,robot_1_carried_generic_box,-0.865,-2.448
1789401877,813732843,121.133,robot_2,2.002,-0.828
1789401877,813818470,121.133,robot_1,-0.865,-2.447
1789401877,813864497,121.133,robot_0,0.335,-2.999
1789401877,813919318,121.133,robot_0_carried_generic_box,0.335,-2.999
1789401877,813967986,121.133,robot_1_carried_generic_box,-0.865,-2.448
1789401878,27242516,121.347,robot_2,2.002,-0.828
1789401878,27319859,121.347,robot_1,-0.865,-2.447
1789401878,27359743,121.347,robot_0,0.335,-2.999
1789401878,27403630,121.347,robot_0_carried_generic_box,0.335,-2.999
1789401878,27436602,121.347,robot_1_carried_generic_box,-0.865,-2.447
1789401878,233304997,121.553,robot_2,2.002,-0.828
1789401878,233390220,121.553,robot_1,-0.865,-2.447
1789401878,233427051,121.553,robot_0,0.335,-2.999
1789401878,233473335,121.553,robot_0_carried_generic_box,0.335,-2.999
1789401878,233510772,121.553,robot_1_carried_generic_box,-0.865,-2.447
1789401878,447319459,121.767,robot_2,2.002,-0.829
1789401878,447403747,121.767,robot_1,-0.865,-2.447
1789401878,447444984,121.767,robot_0,0.334,-2.999
1789401878,447496027,121.767,robot_0_carried_generic_box,0.335,-2.999
1789401878,447531126,121.767,robot_1_carried_generic_box,-0.865,-2.447
1789401878,657479038,121.977,robot_2,2.002,-0.829
1789401878,657605144,121.977,robot_1,-0.865,-2.447
1789401878,657647728,121.977,robot_0,0.334,-3.000
1789401878,657725407,121.977,robot_0_carried_generic_box,0.334,-2.999
1789401878,657767805,121.977,robot_1_carried_generic_box,-0.865,-2.447
1789401878,866059086,122.185,robot_2,2.002,-0.829
1789401878,866135389,122.185,robot_1,-0.879,-2.461
1789401878,866179939,122.185,robot_0,0.334,-3.000
1789401878,866233967,122.185,robot_0_carried_generic_box,0.334,-3.000
1789401878,866273202,122.186,robot_1_carried_generic_box,-0.865,-2.447
1789401879,91987987,122.411,robot_2,2.002,-0.829
1789401879,92070026,122.411,robot_1,-0.901,-2.485
1789401879,92108101,122.411,robot_0,0.334,-3.000
1789401879,92153942,122.411,robot_0_carried_generic_box,0.334,-3.000
1789401879,92190080,122.411,robot_1_carried_generic_box,-0.869,-2.450
1789401879,311507454,122.631,robot_2,2.002,-0.830
1789401879,311586226,122.647,robot_1,-0.924,-2.510
1789401879,327775848,122.647,robot_0,0.333,-3.000
1789401879,327860716,122.647,robot_0_carried_generic_box,0.334,-3.000
1789401879,327912185,122.647,robot_1_carried_generic_box,-0.885,-2.468
1789401879,524409039,122.844,robot_2,2.002,-0.830
1789401879,524505241,122.844,robot_1,-0.929,-2.515
1789401879,524554563,122.844,robot_0,0.333,-3.000
1789401879,531628366,122.851,robot_0_carried_generic_box,0.333,-3.000
1789401879,531755945,122.851,robot_1_carried_generic_box,-0.913,-2.498
1789401879,759228114,123.079,robot_2,2.002,-0.830
1789401879,759312493,123.079,robot_1,-0.936,-2.523
1789401879,759354929,123.079,robot_0,0.318,-2.991
1789401879,759408029,123.079,robot_0_carried_generic_box,0.333,-3.000
1789401879,759453108,123.079,robot_1_carried_generic_box,-0.928,-2.514
1789401879,976698754,123.296,robot_2,2.002,-0.830
1789401879,976778143,123.296,robot_1,-0.957,-2.541
1789401879,976819706,123.296,robot_0,0.299,-2.979
1789401879,976870204,123.296,robot_0_carried_generic_box,0.324,-2.995
1789401879,976907961,123.296,robot_1_carried_generic_box,-0.929,-2.515
1789401880,186890338,123.506,robot_2,2.002,-0.831
1789401880,186970014,123.506,robot_1,-0.986,-2.564
1789401880,187009398,123.506,robot_0,0.277,-2.965
1789401880,187055213,123.506,robot_0_carried_generic_box,0.309,-2.985
1789401880,187090619,123.506,robot_1_carried_generic_box,-0.951,-2.535
1789401880,411579695,123.743,robot_2,2.002,-0.831
1789401880,423941630,123.743,robot_1,-1.016,-2.589
1789401880,424004397,123.743,robot_0,0.265,-2.959
1789401880,424060023,123.743,robot_0_carried_generic_box,0.289,-2.973
1789401880,424102846,123.743,robot_1_carried_generic_box,-0.974,-2.555
1789401880,614402977,123.934,robot_2,2.002,-0.831
1789401880,614485351,123.934,robot_1,-1.044,-2.611
1789401880,614526569,123.934,robot_0,0.265,-2.959
1789401880,614575092,123.934,robot_0_carried_generic_box,0.269,-2.961
1789401880,627173222,123.946,robot_1_carried_generic_box,-0.998,-2.574
1789401880,827229381,124.147,robot_2,2.002,-0.831
1789401880,827317000,124.147,robot_1,-1.063,-2.626
1789401880,827361760,124.147,robot_0,0.265,-2.959
1789401880,827411674,124.147,robot_0_carried_generic_box,0.265,-2.959
1789401880,827451237,124.147,robot_1_carried_generic_box,-1.021,-2.592
1789401881,37152397,124.356,robot_2,2.003,-0.831
1789401881,37231551,124.356,robot_1,-1.091,-2.648
1789401881,37272081,124.357,robot_0,0.265,-2.959
1789401881,37318805,124.357,robot_0_carried_generic_box,0.265,-2.959
1789401881,37354687,124.357,robot_1_carried_generic_box,-1.049,-2.615
1789401881,260281105,124.580,robot_2,2.003,-0.831
1789401881,260409521,124.580,robot_1,-1.122,-2.673
1789401881,260459686,124.580,robot_0,0.265,-2.959
1789401881,260510787,124.580,robot_0_carried_generic_box,0.265,-2.959
1789401881,260550200,124.580,robot_1_carried_generic_box,-1.073,-2.633
1789401881,481193072,124.800,robot_2,2.003,-0.832
1789401881,481291925,124.801,robot_1,-1.148,-2.693
1789401881,481351393,124.801,robot_0,0.265,-2.959
1789401881,481415779,124.801,robot_0_carried_generic_box,0.265,-2.959
1789401881,481464912,124.801,robot_1_carried_generic_box,-1.094,-2.650
1789401881,702708241,125.022,robot_2,2.003,-0.832
1789401881,712731819,125.032,robot_1,-1.174,-2.714
1789401881,712838547,125.032,robot_0,0.265,-2.960
1789401881,712898972,125.032,robot_0_carried_generic_box,0.265,-2.959
1789401881,712936989,125.032,robot_1_carried_generic_box,-1.138,-2.686
1789401881,936696499,125.256,robot_2,2.006,-0.827
1789401881,936799788,125.256,robot_1,-1.185,-2.722
1789401881,936853953,125.256,robot_0,0.265,-2.960
1789401881,936904813,125.256,robot_0_carried_generic_box,0.265,-2.960
1789401881,936947041,125.256,robot_1_carried_generic_box,-1.157,-2.701
1789401882,159960989,125.479,robot_2,2.019,-0.801
1789401882,160045227,125.479,robot_1,-1.187,-2.724
1789401882,160095086,125.479,robot_0,0.265,-2.960
1789401882,160146626,125.479,robot_0_carried_generic_box,0.265,-2.960
1789401882,160191505,125.479,robot_1_carried_generic_box,-1.185,-2.722
1789401882,370585092,125.690,robot_2,2.035,-0.769
1789401882,370675989,125.690,robot_1,-1.212,-2.742
1789401882,370720614,125.690,robot_0,0.266,-2.960
1789401882,370777843,125.690,robot_0_carried_generic_box,0.265,-2.960
1789401882,370820005,125.690,robot_1_carried_generic_box,-1.187,-2.724
1789401882,584573516,125.929,robot_2,2.052,-0.737
1789401882,609628331,125.929,robot_1,-1.226,-2.751
1789401882,609707429,125.929,robot_0,0.288,-2.951
1789401882,609760387,125.929,robot_0_carried_generic_box,0.271,-2.958
1789401882,609797264,125.929,robot_1_carried_generic_box,-1.219,-2.746
1789401882,798228172,126.118,robot_2,2.065,-0.710
1789401882,798318832,126.118,robot_1,-1.226,-2.751
1789401882,798365887,126.118,robot_0,0.315,-2.938
1789401882,798414874,126.118,robot_0_carried_generic_box,0.299,-2.946
1789401882,798455955,126.118,robot_1_carried_generic_box,-1.226,-2.751
1789401883,4012953,126.323,robot_2,2.079,-0.683
1789401883,4118651,126.323,robot_1,-1.227,-2.752
1789401883,4172572,126.323,robot_0,0.342,-2.925
1789401883,9109798,126.328,robot_0_carried_generic_box,0.315,-2.938
1789401883,9262273,126.329,robot_1_carried_generic_box,-1.226,-2.751
1789401883,216432600,126.536,robot_2,2.086,-0.669
1789401883,216543577,126.536,robot_1,-1.243,-2.759
1789401883,220633112,126.540,robot_0,0.369,-2.912
1789401883,220747691,126.540,robot_0_carried_generic_box,0.334,-2.929
1789401883,220805239,126.540,robot_1_carried_generic_box,-1.226,-2.751
1789401883,424567036,126.744,robot_2,2.086,-0.669
1789401883,424657179,126.744,robot_1,-1.276,-2.772
1789401883,424702813,126.744,robot_0,0.401,-2.896
1789401883,424746737,126.744,robot_0_carried_generic_box,0.361,-2.916
1789401883,424781039,126.744,robot_1_carried_generic_box,-1.236,-2.756
1789401883,641505613,126.961,robot_2,2.087,-0.669
1789401883,641591898,126.974,robot_1,-1.310,-2.784
1789401883,655080369,126.974,robot_0,0.433,-2.880
1789401883,655138135,126.974,robot_0_carried_generic_box,0.385,-2.904
1789401883,655174001,126.974,robot_1_carried_generic_box,-1.262,-2.767
1789401883,844543135,127.164,robot_2,2.087,-0.669
1789401883,848003220,127.167,robot_1,-1.333,-2.792
1789401883,848112678,127.167,robot_0,0.458,-2.868
1789401883,848172252,127.167,robot_0_carried_generic_box,0.406,-2.893
1789401883,848215799,127.167,robot_1_carried_generic_box,-1.282,-2.774
1789401884,58892526,127.378,robot_2,2.087,-0.669
1789401884,58973945,127.378,robot_1,-1.340,-2.795
1789401884,59020908,127.378,robot_0,0.484,-2.855
1789401884,59070390,127.378,robot_0_carried_generic_box,0.436,-2.879
1789401884,59106729,127.378,robot_1_carried_generic_box,-1.313,-2.785
1789401884,279965056,127.599,robot_2,2.087,-0.669
1789401884,280045517,127.599,robot_1,-1.340,-2.795
1789401884,280089074,127.599,robot_0,0.525,-2.835
1789401884,280130500,127.599,robot_0_carried_generic_box,0.476,-2.859
1789401884,280165103,127.599,robot_1_carried_generic_box,-1.336,-2.793
1789401884,500409198,127.820,robot_2,2.087,-0.669
1789401884,500494909,127.820,robot_1,-1.361,-2.799
1789401884,500538366,127.820,robot_0,0.557,-2.819
1789401884,500583671,127.820,robot_0_carried_generic_box,0.522,-2.836
1789401884,500621599,127.820,robot_1_carried_generic_box,-1.340,-2.795
1789401884,717486937,128.037,robot_2,2.088,-0.669
1789401884,717580799,128.037,robot_1,-1.382,-2.803
1789401884,717637605,128.037,robot_0,0.584,-2.806
1789401884,717690047,128.037,robot_0_carried_generic_box,0.544,-2.825
1789401884,717732217,128.037,robot_1_carried_generic_box,-1.348,-2.797
1789401884,931052786,128.250,robot_2,2.088,-0.669
1789401884,931133431,128.250,robot_1,-1.403,-2.804
1789401884,931173918,128.250,robot_0,0.613,-2.791
1789401884,931215489,128.250,robot_0_carried_generic_box,0.570,-2.812
1789401884,931248137,128.251,robot_1_carried_generic_box,-1.372,-2.801
1789401885,139117215,128.458,robot_2,2.088,-0.669
1789401885,139199929,128.458,robot_1,-1.433,-2.806
1789401885,139239314,128.458,robot_0,0.643,-2.776
1789401885,139285458,128.459,robot_0_carried_generic_box,0.595,-2.800
1789401885,139314701,128.459,robot_1_carried_generic_box,-1.386,-2.803
1789401885,340502230,128.660,robot_2,2.088,-0.669
1789401885,340587682,128.684,robot_1,-1.446,-2.806
1789401885,364754870,128.684,robot_0,0.673,-2.762
1789401885,364838498,128.684,robot_0_carried_generic_box,0.630,-2.783
1789401885,364887406,128.684,robot_1_carried_generic_box,-1.412,-2.805
1789401885,543730530,128.863,robot_2,2.088,-0.668
1789401885,543819141,128.863,robot_1,-1.474,-2.805
1789401885,543855957,128.863,robot_0,0.700,-2.748
1789401885,543906967,128.863,robot_0_carried_generic_box,0.643,-2.776
1789401885,543949271,128.863,robot_1_carried_generic_box,-1.435,-2.806
1789401885,754621643,129.074,robot_2,2.089,-0.668
1789401885,754703226,129.074,robot_1,-1.494,-2.805
1789401885,754741954,129.074,robot_0,0.729,-2.734
1789401885,754793967,129.074,robot_0_carried_generic_box,0.673,-2.762
1789401885,754835553,129.074,robot_1_carried_generic_box,-1.446,-2.806
1789401885,978361224,129.298,robot_2,2.089,-0.668
1789401885,978463063,129.301,robot_1,-1.494,-2.805
1789401885,982210056,129.301,robot_0,0.764,-2.716
1789401885,982292938,129.302,robot_0_carried_generic_box,0.721,-2.738
1789401885,982340615,129.302,robot_1_carried_generic_box,-1.477,-2.805
1789401886,184917144,129.504,robot_2,2.089,-0.668
1789401886,190236438,129.510,robot_1,-1.512,-2.802
1789401886,190316701,129.510,robot_0,0.794,-2.702
1789401886,190376214,129.510,robot_0_carried_generic_box,0.751,-2.723
1789401886,190419280,129.510,robot_1_carried_generic_box,-1.494,-2.805
1789401886,386435777,129.706,robot_2,2.089,-0.668
1789401886,386527828,129.706,robot_1,-1.548,-2.796
1789401886,386576796,129.706,robot_0,0.826,-2.686
1789401886,386641466,129.706,robot_0_carried_generic_box,0.786,-2.706
1789401886,386689696,129.706,robot_1_carried_generic_box,-1.500,-2.804
1789401886,619135611,129.938,robot_2,2.089,-0.668
1789401886,619248867,129.939,robot_1,-1.583,-2.790
1789401886,619297233,129.939,robot_0,0.858,-2.670
1789401886,619357643,129.939,robot_0_carried_generic_box,0.821,-2.688
1789401886,619405462,129.939,robot_1_carried_generic_box,-1.533,-2.799
1789401886,833744648,130.153,robot_2,2.089,-0.667
1789401886,833827874,130.153,robot_1,-1.625,-2.782
1789401886,833869084,130.153,robot_0,0.896,-2.651
1789401886,833918835,130.153,robot_0_carried_generic_box,0.845,-2.676
1789401886,833959364,130.153,robot_1_carried_generic_box,-1.568,-2.792
1789401887,68304820,130.388,robot_2,2.089,-0.667
1789401887,68391147,130.388,robot_1,-1.668,-2.774
1789401887,68469980,130.388,robot_0,0.936,-2.631
1789401887,68518146,130.388,robot_0_carried_generic_box,0.869,-2.664
1789401887,68557497,130.388,robot_1_carried_generic_box,-1.613,-2.784
1789401887,293021654,130.612,robot_2,2.089,-0.667
1789401887,293098634,130.612,robot_1,-1.680,-2.772
1789401887,293142124,130.612,robot_0,0.963,-2.618
1789401887,293184103,130.612,robot_0_carried_generic_box,0.898,-2.650
1789401887,293224924,130.612,robot_1_carried_generic_box,-1.633,-2.780
1789401887,515270004,130.835,robot_2,2.085,-0.666
1789401887,515377918,130.835,robot_1,-1.680,-2.772
1789401887,515436863,130.835,robot_0,0.995,-2.602
1789401887,515484133,130.835,robot_0_carried_generic_box,0.944,-2.627
1789401887,515518911,130.835,robot_1_carried_generic_box,-1.677,-2.772
1789401887,716410624,131.036,robot_2,2.056,-0.663
1789401887,716503368,131.036,robot_1,-1.681,-2.772
1789401887,716552467,131.036,robot_0,1.025,-2.587
1789401887,716606900,131.036,robot_0_carried_generic_box,0.979,-2.610
1789401887,716645328,131.036,robot_1_carried_generic_box,-1.680,-2.772
1789401887,945323745,131.265,robot_2,2.017,-0.660
1789401887,945403964,131.265,robot_1,-1.707,-2.761
1789401887,945452603,131.265,robot_0,1.060,-2.570
1789401887,945505364,131.265,robot_0_carried_generic_box,1.006,-2.597
1789401887,945548423,131.265,robot_1_carried_generic_box,-1.680,-2.772
1789401888,169068996,131.488,robot_2,1.981,-0.656
1789401888,169157874,131.488,robot_1,-1.739,-2.747
1789401888,169209639,131.488,robot_0,1.092,-2.554
1789401888,169263954,131.489,robot_0_carried_generic_box,1.049,-2.575
1789401888,169300250,131.489,robot_1_carried_generic_box,-1.687,-2.769
1789401888,404135949,131.723,robot_2,1.951,-0.654
1789401888,408509222,131.728,robot_1,-1.753,-2.740
1789401888,408640532,131.728,robot_0,1.119,-2.541
1789401888,408684184,131.728,robot_0_carried_generic_box,1.073,-2.563
1789401888,408712666,131.728,robot_1_carried_generic_box,-1.724,-2.754
1789401888,607905956,131.927,robot_2,1.913,-0.651
1789401888,608004369,131.927,robot_1,-1.785,-2.722
1789401888,608052380,131.927,robot_0,1.154,-2.523
1789401888,608094816,131.927,robot_0_carried_generic_box,1.108,-2.546
1789401888,608128836,131.927,robot_1_carried_generic_box,-1.747,-2.743
1789401888,809907129,132.129,robot_2,1.874,-0.647
1789401888,809994271,132.129,robot_1,-1.794,-2.718
1789401888,810040466,132.129,robot_0,1.189,-2.506
1789401888,810085667,132.129,robot_0_carried_generic_box,1.130,-2.535
1789401888,810121279,132.129,robot_1_carried_generic_box,-1.763,-2.735
1789401889,40591573,132.372,robot_2,1.829,-0.643
1789401889,53031778,132.372,robot_1,-1.797,-2.715
1789401889,53089665,132.372,robot_0,1.229,-2.486
1789401889,53133691,132.372,robot_0_carried_generic_box,1.162,-2.519
1789401889,53170369,132.372,robot_1_carried_generic_box,-1.790,-2.720
1789401889,249085440,132.568,robot_2,1.802,-0.641
1789401889,249169760,132.568,robot_1,-1.815,-2.701
1789401889,249210288,132.568,robot_0,1.253,-2.474
1789401889,249250455,132.569,robot_0_carried_generic_box,1.194,-2.503
1789401889,249280526,132.569,robot_1_carried_generic_box,-1.794,-2.718
1789401889,454084909,132.773,robot_2,1.766,-0.638
1789401889,454155859,132.773,robot_1,-1.829,-2.691
1789401889,454200965,132.773,robot_0,1.286,-2.458
1789401889,454243075,132.774,robot_0_carried_generic_box,1.229,-2.486
1789401889,454278938,132.774,robot_1_carried_generic_box,-1.804,-2.710
1789401889,666088785,132.985,robot_2,1.727,-0.635
1789401889,666182390,132.985,robot_1,-1.830,-2.691
1789401889,666236606,132.986,robot_0,1.321,-2.441
1789401889,666289003,132.986,robot_0_carried_generic_box,1.261,-2.470
1789401889,666331368,132.986,robot_1_carried_generic_box,-1.822,-2.697
1789401889,890388363,133.210,robot_2,1.691,-0.632
1789401889,890469346,133.210,robot_1,-1.843,-2.675
1789401889,890513262,133.210,robot_0,1.353,-2.425
1789401889,890557120,133.210,robot_0_carried_generic_box,1.307,-2.448
1789401889,890592822,133.210,robot_1_carried_generic_box,-1.829,-2.691
1789401890,108157772,133.427,robot_2,1.659,-0.629
1789401890,108238847,133.428,robot_1,-1.859,-2.654
1789401890,108291923,133.428,robot_0,1.382,-2.410
1789401890,108335863,133.428,robot_0_carried_generic_box,1.334,-2.434
1789401890,108375376,133.428,robot_1_carried_generic_box,-1.836,-2.683
1789401890,316118473,133.635,robot_2,1.626,-0.626
1789401890,320541578,133.640,robot_1,-1.861,-2.652
1789401890,320649436,133.640,robot_0,1.412,-2.396
1789401890,320707758,133.640,robot_0_carried_generic_box,1.366,-2.418
1789401890,320746726,133.640,robot_1_carried_generic_box,-1.850,-2.666
1789401890,543906625,133.863,robot_2,1.615,-0.625
1789401890,545908920,133.865,robot_1,-1.861,-2.652
1789401890,546005674,133.865,robot_0,1.447,-2.378
1789401890,546060830,133.868,robot_0_carried_generic_box,1.388,-2.408
1789401890,548375225,133.868,robot_1_carried_generic_box,-1.860,-2.652
1789401890,748607013,134.068,robot_2,1.615,-0.625
1789401890,748674892,134.068,robot_1,-1.863,-2.647
1789401890,748724701,134.068,robot_0,1.474,-2.365
1789401890,748768416,134.068,robot_0_carried_generic_box,1.425,-2.389
1789401890,748801344,134.068,robot_1_carried_generic_box,-1.861,-2.652
1789401890,999752451,134.319,robot_2,1.615,-0.625
1789401890,999830508,134.319,robot_1,-1.869,-2.630
1789401890,999875403,134.319,robot_0,1.512,-2.347
1789401890,999922292,134.319,robot_0_carried_generic_box,1.469,-2.368
1789401890,999957726,134.319,robot_1_carried_generic_box,-1.863,-2.648
1789401891,202508256,134.522,robot_2,1.615,-0.626
1789401891,202583025,134.528,robot_1,-1.869,-2.630
1789401891,209179214,134.528,robot_0,1.541,-2.332
1789401891,209259671,134.529,robot_0_carried_generic_box,1.490,-2.357
1789401891,209305538,134.529,robot_1_carried_generic_box,-1.868,-2.632
1789401891,404964099,134.724,robot_2,1.614,-0.626
1789401891,405039634,134.724,robot_1,-1.869,-2.630
1789401891,405084306,134.724,robot_0,1.571,-2.317
1789401891,405123147,134.724,robot_0_carried_generic_box,1.522,-2.341
1789401891,405155381,134.724,robot_1_carried_generic_box,-1.869,-2.630
1789401891,608455068,134.928,robot_2,1.614,-0.626
1789401891,608525372,134.928,robot_1,-1.870,-2.630
1789401891,608567263,134.928,robot_0,1.600,-2.303
1789401891,608616452,134.928,robot_0_carried_generic_box,1.560,-2.323
1789401891,608648585,134.928,robot_1_carried_generic_box,-1.869,-2.630
1789401891,826068487,135.145,robot_2,1.614,-0.626
1789401891,826146855,135.145,robot_1,-1.870,-2.630
1789401891,826209307,135.145,robot_0,1.630,-2.288
1789401891,826260873,135.146,robot_0_carried_generic_box,1.581,-2.312
1789401891,826302955,135.146,robot_1_carried_generic_box,-1.870,-2.630
1789401892,26955165,135.346,robot_2,1.614,-0.626
1789401892,27045684,135.346,robot_1,-1.870,-2.630
1789401892,27096076,135.346,robot_0,1.654,-2.276
1789401892,27152474,135.346,robot_0_carried_generic_box,1.611,-2.297
1789401892,27192846,135.346,robot_1_carried_generic_box,-1.870,-2.630
1789401892,246757546,135.566,robot_2,1.614,-0.626
1789401892,246836482,135.566,robot_1,-1.870,-2.630
1789401892,246888493,135.566,robot_0,1.681,-2.263
1789401892,246950806,135.566,robot_0_carried_generic_box,1.638,-2.284
1789401892,246995191,135.566,robot_1_carried_generic_box,-1.870,-2.630
1789401892,480455367,135.800,robot_2,1.614,-0.626
1789401892,480537908,135.800,robot_1,-1.870,-2.630
1789401892,480589796,135.800,robot_0,1.713,-2.247
1789401892,480662695,135.800,robot_0_carried_generic_box,1.673,-2.267
1789401892,480713210,135.800,robot_1_carried_generic_box,-1.870,-2.630
1789401892,680457758,136.000,robot_2,1.614,-0.626
1789401892,680526908,136.000,robot_1,-1.870,-2.630
1789401892,680570386,136.000,robot_0,1.737,-2.235
1789401892,680627796,136.000,robot_0_carried_generic_box,1.705,-2.251
1789401892,680672383,136.000,robot_1_carried_generic_box,-1.870,-2.630
1789401892,924362328,136.244,robot_2,1.614,-0.626
1789401892,924438277,136.244,robot_1,-1.869,-2.630
1789401892,924493689,136.244,robot_0,1.772,-2.217
1789401892,924550255,136.244,robot_0_carried_generic_box,1.729,-2.239
1789401892,924592269,136.244,robot_1_carried_generic_box,-1.870,-2.630
1789401893,134344352,136.454,robot_2,1.614,-0.626
1789401893,134427049,136.454,robot_1,-1.869,-2.630
1789401893,134472972,136.454,robot_0,1.799,-2.204
1789401893,134534955,136.454,robot_0_carried_generic_box,1.751,-2.228
1789401893,134584460,136.454,robot_1_carried_generic_box,-1.870,-2.630
1789401893,336590791,136.673,robot_2,1.614,-0.625
1789401893,353706067,136.673,robot_1,-1.869,-2.630
1789401893,353766231,136.673,robot_0,1.837,-2.186
1789401893,353833382,136.673,robot_0_carried_generic_box,1.783,-2.212
1789401893,353887251,136.673,robot_1_carried_generic_box,-1.869,-2.630
1789401893,551340388,136.871,robot_2,1.614,-0.625
1789401893,551427251,136.871,robot_1,-1.869,-2.630
1789401893,551478416,136.871,robot_0,1.866,-2.171
1789401893,551538359,136.871,robot_0_carried_generic_box,1.826,-2.191
1789401893,551588785,136.871,robot_1_carried_generic_box,-1.869,-2.630
1789401893,759531002,137.079,robot_2,1.614,-0.625
1789401893,766501032,137.086,robot_1,-1.868,-2.629
1789401893,766610389,137.086,robot_0,1.901,-2.154
1789401893,766669320,137.086,robot_0_carried_generic_box,1.848,-2.180
1789401893,766713060,137.086,robot_1_carried_generic_box,-1.869,-2.630
1789401893,967249642,137.287,robot_2,1.614,-0.625
1789401893,967334216,137.287,robot_1,-1.868,-2.629
1789401893,967379989,137.287,robot_0,1.926,-2.142
1789401893,967441270,137.287,robot_0_carried_generic_box,1.866,-2.171
1789401893,967487423,137.287,robot_1_carried_generic_box,-1.869,-2.630
1789401894,175083445,137.494,robot_2,1.614,-0.624
1789401894,175156674,137.494,robot_1,-1.868,-2.629
1789401894,175198019,137.494,robot_0,1.958,-2.126
1789401894,175245612,137.495,robot_0_carried_generic_box,1.918,-2.146
1789401894,175286093,137.495,robot_1_carried_generic_box,-1.868,-2.629
1789401894,405319280,137.725,robot_2,1.614,-0.624
1789401894,405399414,137.725,robot_1,-1.868,-2.629
1789401894,405451983,137.725,robot_0,1.993,-2.108
1789401894,405511748,137.725,robot_0_carried_generic_box,1.942,-2.134
1789401894,405552664,137.725,robot_1_carried_generic_box,-1.868,-2.629
1789401894,629211330,137.948,robot_2,1.614,-0.624
1789401894,629282439,137.949,robot_1,-1.868,-2.629
1789401894,629323584,137.949,robot_0,2.028,-2.091
1789401894,629378641,137.949,robot_0_carried_generic_box,1.974,-2.118
1789401894,629423420,137.949,robot_1_carried_generic_box,-1.868,-2.629
1789401894,839151476,138.158,robot_2,1.614,-0.624
1789401894,839227201,138.158,robot_1,-1.868,-2.628
1789401894,839275508,138.159,robot_0,2.057,-2.076
1789401894,839330057,138.159,robot_0_carried_generic_box,2.006,-2.102
1789401894,839364073,138.159,robot_1_carried_generic_box,-1.868,-2.629
1789401895,43588970,138.369,robot_2,1.614,-0.624
1789401895,50241813,138.370,robot_1,-1.868,-2.628
1789401895,50302888,138.370,robot_0,2.090,-2.060
1789401895,50364569,138.370,robot_0_carried_generic_box,2.033,-2.088
1789401895,50413076,138.370,robot_1_carried_generic_box,-1.868,-2.629
1789401895,268635400,138.588,robot_2,1.614,-0.623
1789401895,268752787,138.588,robot_1,-1.881,-2.624
1789401895,268806957,138.588,robot_0,2.115,-2.048
1789401895,268868423,138.588,robot_0_carried_generic_box,2.063,-2.074
1789401895,268921322,138.588,robot_1_carried_generic_box,-1.868,-2.628
1789401895,473785475,138.793,robot_2,1.622,-0.614
1789401895,473863680,138.793,robot_1,-1.907,-2.618
1789401895,473905496,138.793,robot_0,2.118,-2.046
1789401895,473951479,138.793,robot_0_carried_generic_box,2.095,-2.058
1789401895,473991010,138.793,robot_1_carried_generic_box,-1.868,-2.628
1789401895,693935151,139.013,robot_2,1.638,-0.593
1789401895,694039048,139.013,robot_1,-1.943,-2.609
1789401895,694082354,139.013,robot_0,2.118,-2.046
1789401895,694137118,139.013,robot_0_carried_generic_box,2.118,-2.046
1789401895,694179905,139.013,robot_1_carried_generic_box,-1.895,-2.620
1789401895,915021662,139.234,robot_2,1.652,-0.577
1789401895,915102683,139.234,robot_1,-1.965,-2.604
1789401895,915149682,139.234,robot_0,2.118,-2.047
1789401895,915199787,139.234,robot_0_carried_generic_box,2.118,-2.046
1789401895,915234880,139.234,robot_1_carried_generic_box,-1.921,-2.614
1789401896,124842714,139.444,robot_2,1.655,-0.572
1789401896,124928306,139.444,robot_1,-1.990,-2.597
1789401896,124978395,139.444,robot_0,2.119,-2.047
1789401896,125041021,139.444,robot_0_carried_generic_box,2.118,-2.046
1789401896,125089360,139.444,robot_1_carried_generic_box,-1.955,-2.606
1789401896,339969673,139.659,robot_2,1.655,-0.572
1789401896,340053936,139.659,robot_1,-2.020,-2.587
1789401896,340104999,139.659,robot_0,2.119,-2.047
1789401896,340170095,139.659,robot_0_carried_generic_box,2.119,-2.047
1789401896,340221966,139.659,robot_1_carried_generic_box,-1.972,-2.602
1789401896,546383295,139.866,robot_2,1.655,-0.572
1789401896,546473328,139.866,robot_1,-2.056,-2.572
1789401896,546511319,139.866,robot_0,2.119,-2.047
1789401896,546559775,139.866,robot_0_carried_generic_box,2.119,-2.047
1789401896,546613480,139.866,robot_1_carried_generic_box,-1.994,-2.596
1789401896,772976823,140.092,robot_2,1.655,-0.572
1789401896,773049439,140.092,robot_1,-2.088,-2.557
1789401896,773093493,140.092,robot_0,2.119,-2.047
1789401896,773147183,140.092,robot_0_carried_generic_box,2.119,-2.047
1789401896,773192693,140.092,robot_1_carried_generic_box,-2.034,-2.581
1789401896,987854016,140.307,robot_2,1.655,-0.572
1789401896,987953989,140.307,robot_1,-2.124,-2.541
1789401896,987997283,140.307,robot_0,2.120,-2.047
1789401896,988046094,140.307,robot_0_carried_generic_box,2.119,-2.047
1789401896,988087930,140.307,robot_1_carried_generic_box,-2.061,-2.570
1789401897,221056137,140.540,robot_2,1.654,-0.572
1789401897,221149984,140.540,robot_1,-2.150,-2.529
1789401897,221201363,140.540,robot_0,2.120,-2.047
1789401897,221259636,140.541,robot_0_carried_generic_box,2.120,-2.047
1789401897,221307670,140.541,robot_1_carried_generic_box,-2.108,-2.549
1789401897,431831012,140.751,robot_2,1.654,-0.572
1789401897,449589238,140.769,robot_1,-2.150,-2.529
1789401897,449680106,140.769,robot_0,2.120,-2.047
1789401897,449741932,140.769,robot_0_carried_generic_box,2.120,-2.047
1789401897,449788360,140.769,robot_1_carried_generic_box,-2.142,-2.533
1789401897,637638907,140.957,robot_2,1.654,-0.572
1789401897,637732347,140.957,robot_1,-2.150,-2.529
1789401897,637774011,140.957,robot_0,2.120,-2.048
1789401897,637822657,140.957,robot_0_carried_generic_box,2.120,-2.047
1789401897,637863283,140.957,robot_1_carried_generic_box,-2.150,-2.529
1789401897,850775687,141.170,robot_2,1.654,-0.572
1789401897,850852756,141.170,robot_1,-2.150,-2.529
1789401897,850894672,141.170,robot_0,2.121,-2.047
1789401897,850943664,141.170,robot_0_carried_generic_box,2.120,-2.047
1789401897,850985676,141.170,robot_1_carried_generic_box,-2.150,-2.529
1789401898,74442712,141.394,robot_2,1.653,-0.572
1789401898,74527427,141.394,robot_1,-2.150,-2.529
1789401898,74576800,141.394,robot_0,2.121,-2.047
1789401898,77421205,141.397,robot_0_carried_generic_box,2.121,-2.047
1789401898,77510296,141.397,robot_1_carried_generic_box,-2.150,-2.529
1789401898,286808157,141.606,robot_2,1.665,-0.597
1789401898,286879117,141.606,robot_1,-2.150,-2.529
1789401898,286916828,141.606,robot_0,2.121,-2.047
1789401898,286960777,141.606,robot_0_carried_generic_box,2.121,-2.047
1789401898,286996317,141.606,robot_1_carried_generic_box,-2.150,-2.529
1789401898,501965634,141.821,robot_2,1.676,-0.619
1789401898,502044742,141.821,robot_1,-2.150,-2.529
1789401898,502087368,141.821,robot_0,2.121,-2.047
1789401898,502138262,141.821,robot_0_carried_generic_box,2.121,-2.047
1789401898,502179333,141.821,robot_1_carried_generic_box,-2.150,-2.529
1789401898,707644947,142.027,robot_2,1.691,-0.648
1789401898,707726903,142.027,robot_1,-2.150,-2.528
1789401898,707766034,142.027,robot_0,2.122,-2.047
1789401898,707810707,142.027,robot_0_carried_generic_box,2.121,-2.047
1789401898,707845157,142.027,robot_1_carried_generic_box,-2.150,-2.529
1789401898,912217925,142.231,robot_2,1.707,-0.677
1789401898,912304035,142.232,robot_1,-2.150,-2.528
1789401898,912345212,142.232,robot_0,2.122,-2.047
1789401898,912420265,142.232,robot_0_carried_generic_box,2.122,-2.047
1789401898,912459130,142.232,robot_1_carried_generic_box,-2.150,-2.529
1789401899,115705012,142.435,robot_2,1.723,-0.709
1789401899,115793424,142.435,robot_1,-2.150,-2.528
1789401899,119127192,142.438,robot_0,2.114,-2.036
1789401899,119235322,142.439,robot_0_carried_generic_box,2.122,-2.047
1789401899,119291836,142.439,robot_1_carried_generic_box,-2.150,-2.528
1789401899,335578710,142.655,robot_2,1.737,-0.735
1789401899,335673371,142.655,robot_1,-2.150,-2.528
1789401899,335711285,142.655,robot_0,2.096,-2.013
1789401899,335763074,142.655,robot_0_carried_generic_box,2.122,-2.047
1789401899,335802311,142.655,robot_1_carried_generic_box,-2.150,-2.528
1789401899,557315892,142.877,robot_2,1.758,-0.775
1789401899,557410066,142.877,robot_1,-2.150,-2.527
1789401899,557452455,142.877,robot_0,2.069,-1.977
1789401899,557497664,142.877,robot_0_carried_generic_box,2.107,-2.027
1789401899,562701963,142.882,robot_1_carried_generic_box,-2.150,-2.528
1789401899,765585276,143.101,robot_2,1.778,-0.812
1789401899,781506321,143.101,robot_1,-2.151,-2.527
1789401899,781629376,143.101,robot_0,2.043,-1.944
1789401899,781712752,143.101,robot_0_carried_generic_box,2.078,-1.989
1789401899,781762408,143.101,robot_1_carried_generic_box,-2.150,-2.528
1789401899,983409153,143.303,robot_2,1.793,-0.842
1789401899,983501704,143.303,robot_1,-2.151,-2.527
1789401899,983541120,143.303,robot_0,2.023,-1.918
1789401899,983591020,143.303,robot_0_carried_generic_box,2.058,-1.963
1789401899,983639364,143.303,robot_1_carried_generic_box,-2.150,-2.527
1789401900,194720114,143.514,robot_2,1.807,-0.868
1789401900,194812641,143.514,robot_1,-2.151,-2.527
1789401900,194862110,143.514,robot_0,2.005,-1.894
1789401900,194920533,143.514,robot_0_carried_generic_box,2.032,-1.930
1789401900,194971594,143.514,robot_1_carried_generic_box,-2.151,-2.527
1789401900,404287120,143.724,robot_2,1.821,-0.895
1789401900,404364799,143.724,robot_1,-2.151,-2.527
1789401900,404402341,143.724,robot_0,1.986,-1.870
1789401900,404448173,143.724,robot_0_carried_generic_box,2.016,-1.908
1789401900,404483857,143.724,robot_1_carried_generic_box,-2.151,-2.527
1789401900,635732850,143.955,robot_2,1.839,-0.929
1789401900,635823946,143.955,robot_1,-2.151,-2.526
1789401900,635872492,143.955,robot_0,1.973,-1.852
1789401900,635925262,143.955,robot_0_carried_generic_box,2.001,-1.889
1789401900,635973255,143.955,robot_1_carried_generic_box,-2.151,-2.527
1789401900,847175019,144.166,robot_2,1.857,-0.964
1789401900,847262385,144.167,robot_1,-2.151,-2.526
1789401900,847327261,144.167,robot_0,1.973,-1.852
1789401900,847377066,144.167,robot_0_carried_generic_box,1.978,-1.860
1789401900,847415808,144.167,robot_1_carried_generic_box,-2.151,-2.526
1789401901,65033615,144.384,robot_2,1.874,-0.996
1789401901,65115212,144.384,robot_1,-2.152,-2.526
1789401901,65157398,144.384,robot_0,1.973,-1.852
1789401901,65202229,144.384,robot_0_carried_generic_box,1.973,-1.852
1789401901,65239039,144.384,robot_1_carried_generic_box,-2.151,-2.526
1789401901,287889973,144.607,robot_2,1.888,-1.022
1789401901,287992269,144.607,robot_1,-2.152,-2.526
1789401901,288045094,144.607,robot_0,1.973,-1.852
1789401901,288100648,144.607,robot_0_carried_generic_box,1.973,-1.852
1789401901,288150700,144.607,robot_1_carried_generic_box,-2.151,-2.526
1789401901,490567899,144.810,robot_2,1.890,-1.027
1789401901,492923175,144.812,robot_1,-2.146,-2.511
1789401901,493030575,144.812,robot_0,1.973,-1.852
1789401901,493094980,144.812,robot_0_carried_generic_box,1.973,-1.852
1789401901,493138480,144.812,robot_1_carried_generic_box,-2.152,-2.526
1789401901,707719927,145.027,robot_2,1.890,-1.027
1789401901,707803663,145.027,robot_1,-2.137,-2.484
1789401901,707838563,145.027,robot_0,1.973,-1.852
1789401901,707885191,145.027,robot_0_carried_generic_box,1.973,-1.852
1789401901,707919514,145.027,robot_1_carried_generic_box,-2.149,-2.520
1789401901,934658987,145.254,robot_2,1.890,-1.027
1789401901,934741251,145.254,robot_1,-2.132,-2.468
1789401901,934780739,145.254,robot_0,1.973,-1.852
1789401901,934825193,145.254,robot_0_carried_generic_box,1.973,-1.852
1789401901,934864867,145.254,robot_1_carried_generic_box,-2.139,-2.492
1789401902,152478616,145.472,robot_2,1.890,-1.027
1789401902,152567640,145.472,robot_1,-2.132,-2.468
1789401902,169827574,145.489,robot_0,1.973,-1.852
1789401902,169940128,145.489,robot_0_carried_generic_box,1.973,-1.852
1789401902,169998257,145.489,robot_1_carried_generic_box,-2.132,-2.468
1789401902,358849139,145.678,robot_2,1.890,-1.027
1789401902,358934297,145.678,robot_1,-2.132,-2.468
1789401902,358970926,145.678,robot_0,1.973,-1.852
1789401902,359021046,145.678,robot_0_carried_generic_box,1.973,-1.852
1789401902,359064779,145.678,robot_1_carried_generic_box,-2.132,-2.468
1789401902,581101029,145.900,robot_2,1.889,-1.028
1789401902,581192702,145.900,robot_1,-2.132,-2.468
1789401902,581236587,145.900,robot_0,1.973,-1.851
1789401902,581286560,145.901,robot_0_carried_generic_box,1.973,-1.852
1789401902,581332250,145.901,robot_1_carried_generic_box,-2.132,-2.468
1789401902,783642601,146.103,robot_2,1.889,-1.028
1789401902,783721388,146.103,robot_1,-2.133,-2.468
1789401902,783759082,146.103,robot_0,1.973,-1.851
1789401902,783804087,146.103,robot_0_carried_generic_box,1.973,-1.851
1789401902,783837954,146.103,robot_1_carried_generic_box,-2.132,-2.468
1789401903,26314454,146.346,robot_2,1.889,-1.028
1789401903,26411380,146.346,robot_1,-2.133,-2.468
1789401903,26445316,146.346,robot_0,1.973,-1.851
1789401903,26489160,146.346,robot_0_carried_generic_box,1.973,-1.851
1789401903,26531906,146.346,robot_1_carried_generic_box,-2.132,-2.468
1789401903,249861662,146.569,robot_2,1.889,-1.028
1789401903,249970273,146.569,robot_1,-2.133,-2.468
1789401903,250023586,146.569,robot_0,1.973,-1.850
1789401903,250075643,146.569,robot_0_carried_generic_box,1.973,-1.851
1789401903,250111353,146.569,robot_1_carried_generic_box,-2.133,-2.468
1789401903,453607721,146.773,robot_2,1.889,-1.029
1789401903,453679472,146.773,robot_1,-2.134,-2.468
1789401903,453716919,146.773,robot_0,1.973,-1.850
1789401903,453767098,146.773,robot_0_carried_generic_box,1.973,-1.850
1789401903,453810250,146.773,robot_1_carried_generic_box,-2.133,-2.468
1789401903,678413750,146.998,robot_2,1.889,-1.029
1789401903,678497698,146.998,robot_1,-2.134,-2.469
1789401903,678534818,146.998,robot_0,1.973,-1.850
1789401903,678577616,146.998,robot_0_carried_generic_box,1.973,-1.850
1789401903,678619736,146.998,robot_1_carried_generic_box,-2.133,-2.468
1789401903,911620983,147.231,robot_2,1.889,-1.029
1789401903,911732604,147.231,robot_1,-2.134,-2.469
1789401903,911783884,147.231,robot_0,1.973,-1.850
1789401903,911841271,147.231,robot_0_carried_generic_box,1.973,-1.850
1789401903,911887148,147.231,robot_1_carried_generic_box,-2.134,-2.469
1789401904,117325745,147.437,robot_2,1.889,-1.029
1789401904,117414324,147.437,robot_1,-2.133,-2.470
1789401904,117465082,147.437,robot_0,1.973,-1.849
1789401904,117514550,147.437,robot_0_carried_generic_box,1.973,-1.850
1789401904,117559687,147.437,robot_1_carried_generic_box,-2.134,-2.469
1789401904,332728416,147.652,robot_2,1.889,-1.029
1789401904,332840433,147.652,robot_1,-2.108,-2.490
1789401904,332884135,147.652,robot_0,1.973,-1.849
1789401904,332933006,147.652,robot_0_carried_generic_box,1.973,-1.849
1789401904,332969310,147.652,robot_1_carried_generic_box,-2.134,-2.469
1789401904,558361601,147.878,robot_2,1.889,-1.030
1789401904,558443346,147.878,robot_1,-2.079,-2.511
1789401904,558479523,147.878,robot_0,1.973,-1.849
1789401904,558525064,147.878,robot_0_carried_generic_box,1.973,-1.849
1789401904,558561813,147.878,robot_1_carried_generic_box,-2.126,-2.476
1789401904,794011044,148.113,robot_2,1.890,-1.030
1789401904,794104809,148.113,robot_1,-2.048,-2.535
1789401904,794151467,148.113,robot_0,1.972,-1.849
1789401904,794210270,148.113,robot_0_carried_generic_box,1.973,-1.849
1789401904,794255891,148.114,robot_1_carried_generic_box,-2.089,-2.504
1789401905,20118070,148.339,robot_2,1.895,-1.026
1789401905,20208478,148.340,robot_1,-2.016,-2.558
1789401905,20357078,148.340,robot_0,1.972,-1.849
1789401905,20415712,148.340,robot_0_carried_generic_box,1.972,-1.849
1789401905,20463910,148.340,robot_1_carried_generic_box,-2.062,-2.524
1789401905,256361264,148.576,robot_2,1.926,-0.997
1789401905,256444138,148.576,robot_1,-1.980,-2.585
1789401905,256493041,148.576,robot_0,1.957,-1.872
1789401905,256548526,148.576,robot_0_carried_generic_box,1.972,-1.849
1789401905,273073280,148.592,robot_1_carried_generic_box,-2.026,-2.551
1789401905,467533802,148.787,robot_2,1.949,-0.975
1789401905,490450605,148.810,robot_1,-1.954,-2.604
1789401905,490547351,148.810,robot_0,1.940,-1.900
1789401905,490742003,148.810,robot_0_carried_generic_box,1.965,-1.860
1789401905,490803764,148.810,robot_1_carried_generic_box,-2.004,-2.567
1789401905,670195960,148.989,robot_2,1.963,-0.962
1789401905,670273631,148.990,robot_1,-1.930,-2.622
1789401905,670314770,148.990,robot_0,1.925,-1.926
1789401905,673945618,148.993,robot_0_carried_generic_box,1.957,-1.872
1789401905,674051192,148.993,robot_1_carried_generic_box,-1.978,-2.587
1789401905,882504026,149.202,robot_2,1.964,-0.961
1789401905,882584002,149.202,robot_1,-1.903,-2.642
1789401905,882632816,149.202,robot_0,1.904,-1.962
1789401905,882678863,149.202,robot_0_carried_generic_box,1.940,-1.900
1789401905,882714786,149.202,robot_1_carried_generic_box,-1.949,-2.608
1789401906,122976073,149.442,robot_2,1.964,-0.961
1789401906,123094479,149.442,robot_1,-1.895,-2.649
1789401906,123150812,149.442,robot_0,1.882,-1.998
1789401906,123208473,149.442,robot_0_carried_generic_box,1.910,-1.952
1789401906,123254454,149.443,robot_1_carried_generic_box,-1.908,-2.639
1789401906,335791845,149.655,robot_2,1.964,-0.961
1789401906,335883549,149.655,robot_1,-1.870,-2.669
1789401906,335930178,149.655,robot_0,1.864,-2.029
1789401906,335979685,149.655,robot_0_carried_generic_box,1.893,-1.980
1789401906,336020094,149.655,robot_1_carried_generic_box,-1.902,-2.643
1789401906,557132817,149.876,robot_2,1.964,-0.961
1789401906,557216562,149.876,robot_1,-1.859,-2.679
1789401906,557269011,149.877,robot_0,1.846,-2.060
1789401906,557324007,149.877,robot_0_carried_generic_box,1.876,-2.009
1789401906,557371160,149.877,robot_1_carried_generic_box,-1.887,-2.655
1789401906,767248237,150.087,robot_2,1.964,-0.961
1789401906,767325746,150.087,robot_1,-1.835,-2.699
1789401906,767367714,150.087,robot_0,1.829,-2.089
1789401906,767411350,150.087,robot_0_carried_generic_box,1.861,-2.034
1789401906,767445884,150.087,robot_1_carried_generic_box,-1.869,-2.670
1789401906,993025260,150.312,robot_2,1.964,-0.961
1789401906,993111596,150.312,robot_1,-1.806,-2.725
1789401906,993162742,150.312,robot_0,1.809,-2.122
1789401906,993214837,150.312,robot_0_carried_generic_box,1.838,-2.073
1789401906,993262210,150.313,robot_1_carried_generic_box,-1.844,-2.691
1789401907,203548160,150.523,robot_2,1.964,-0.961
1789401907,203643134,150.523,robot_1,-1.784,-2.745
1789401907,203697291,150.523,robot_0,1.793,-2.148
1789401907,203756379,150.523,robot_0_carried_generic_box,1.818,-2.107
1789401907,203804723,150.523,robot_1_carried_generic_box,-1.820,-2.713
1789401907,407104641,150.726,robot_2,1.964,-0.962
1789401907,407191066,150.726,robot_1,-1.761,-2.766
1789401907,410075852,150.729,robot_0,1.777,-2.176
1789401907,410203367,150.729,robot_0_carried_generic_box,1.801,-2.135
1789401907,410247982,150.730,robot_1_carried_generic_box,-1.795,-2.735
1789401907,623250856,150.943,robot_2,1.964,-0.962
1789401907,623338379,150.943,robot_1,-1.754,-2.772
1789401907,623391369,150.943,robot_0,1.757,-2.210
1789401907,623441686,150.943,robot_0_carried_generic_box,1.787,-2.158
1789401907,623482039,150.943,robot_1_carried_generic_box,-1.775,-2.753
1789401907,827627695,151.147,robot_2,1.965,-0.962
1789401907,827721579,151.147,robot_1,-1.733,-2.792
1789401907,827776860,151.147,robot_0,1.738,-2.241
1789401907,827836817,151.147,robot_0_carried_generic_box,1.772,-2.184
1789401907,827886019,151.147,robot_1_carried_generic_box,-1.755,-2.770
1789401908,29265317,151.349,robot_2,1.965,-0.962
1789401908,29342553,151.349,robot_1,-1.712,-2.813
1789401908,29383539,151.349,robot_0,1.723,-2.267
1789401908,29429965,151.349,robot_0_carried_generic_box,1.751,-2.220
1789401908,29464211,151.349,robot_1_carried_generic_box,-1.747,-2.778
1789401908,239739737,151.559,robot_2,1.965,-0.962
1789401908,239825011,151.559,robot_1,-1.690,-2.834
1789401908,239869043,151.559,robot_0,1.706,-2.295
1789401908,239915316,151.559,robot_0_carried_generic_box,1.734,-2.249
1789401908,239955545,151.559,robot_1_carried_generic_box,-1.727,-2.798
1789401908,441003340,151.760,robot_2,1.965,-0.962
1789401908,441088211,151.760,robot_1,-1.680,-2.844
1789401908,441134518,151.760,robot_0,1.683,-2.334
1789401908,441180605,151.760,robot_0_carried_generic_box,1.722,-2.269
1789401908,441219898,151.760,robot_1_carried_generic_box,-1.703,-2.821
1789401908,666650733,151.986,robot_2,1.966,-0.962
1789401908,666730118,151.986,robot_1,-1.653,-2.873
1789401908,666774640,151.986,robot_0,1.662,-2.370
1789401908,666820756,151.986,robot_0_carried_generic_box,1.691,-2.321
1789401908,666859645,151.986,robot_1_carried_generic_box,-1.683,-2.841
1789401908,882325525,152.202,robot_2,1.966,-0.962
1789401908,882406154,152.202,robot_1,-1.628,-2.899
1789401908,882441900,152.202,robot_0,1.643,-2.401
1789401908,882485553,152.202,robot_0_carried_generic_box,1.668,-2.360
1789401908,882523063,152.202,robot_1_carried_generic_box,-1.661,-2.864
1789401909,89444421,152.409,robot_2,1.966,-0.962
1789401909,89527017,152.409,robot_1,-1.604,-2.926
1789401909,89566324,152.409,robot_0,1.625,-2.432
1789401909,89615799,152.409,robot_0_carried_generic_box,1.651,-2.388
1789401909,89650711,152.409,robot_1_carried_generic_box,-1.643,-2.884
1789401909,301411118,152.621,robot_2,1.966,-0.961
1789401909,301494930,152.621,robot_1,-1.573,-2.959
1789401909,301533297,152.621,robot_0,1.602,-2.471
1789401909,301570661,152.621,robot_0_carried_generic_box,1.637,-2.411
1789401909,301607924,152.621,robot_1_carried_generic_box,-1.616,-2.913
1789401909,506852060,152.826,robot_2,1.966,-0.961
1789401909,506929280,152.826,robot_1,-1.550,-2.983
1789401909,506966477,152.826,robot_0,1.584,-2.501
1789401909,507005391,152.826,robot_0_carried_generic_box,1.610,-2.458
1789401909,507036169,152.826,robot_1_carried_generic_box,-1.583,-2.948
1789401909,743823049,153.063,robot_2,1.967,-0.961
1789401909,743897810,153.063,robot_1,-1.530,-3.005
1789401909,743929005,153.063,robot_0,1.565,-2.532
1789401909,743960474,153.063,robot_0_carried_generic_box,1.591,-2.489
1789401909,743984231,153.063,robot_1_carried_generic_box,-1.559,-2.974
1789401909,968383059,153.288,robot_2,1.967,-0.961
1789401909,968463692,153.288,robot_1,-1.500,-3.038
1789401909,968499250,153.288,robot_0,1.542,-2.571
1789401909,968536884,153.288,robot_0_carried_generic_box,1.569,-2.527
1789401909,968571923,153.288,robot_1_carried_generic_box,-1.534,-3.001
1789401910,169604794,153.489,robot_2,1.967,-0.961
1789401910,169682890,153.489,robot_1,-1.476,-3.064
1789401910,169720003,153.489,robot_0,1.524,-2.602
1789401910,169759192,153.489,robot_0_carried_generic_box,1.559,-2.543
1789401910,169789793,153.489,robot_1_carried_generic_box,-1.522,-3.014
1789401910,380233929,153.700,robot_2,1.967,-0.960
1789401910,380309719,153.700,robot_1,-1.468,-3.073
1789401910,380352256,153.700,robot_0,1.506,-2.633
1789401910,380390598,153.700,robot_0_carried_generic_box,1.533,-2.587
1789401910,380424209,153.700,robot_1_carried_generic_box,-1.494,-3.045
1789401910,599762563,153.919,robot_2,1.967,-0.960
1789401910,599838900,153.919,robot_1,-1.468,-3.073
1789401910,599875540,153.919,robot_0,1.487,-2.664
1789401910,599912166,153.919,robot_0_carried_generic_box,1.524,-2.602
1789401910,599938472,153.919,robot_1_carried_generic_box,-1.476,-3.064
1789401910,807808992,154.127,robot_2,1.967,-0.960
1789401910,807881681,154.127,robot_1,-1.468,-3.073
1789401910,807917867,154.127,robot_0,1.471,-2.692
1789401910,807961509,154.127,robot_0_carried_generic_box,1.495,-2.651
1789401910,807991495,154.127,robot_1_carried_generic_box,-1.468,-3.073
1789401911,12480534,154.332,robot_2,1.967,-0.960
1789401911,12564828,154.332,robot_1,-1.469,-3.073
1789401911,12614728,154.332,robot_0,1.452,-2.723
1789401911,12662131,154.332,robot_0_carried_generic_box,1.478,-2.680
1789401911,12701240,154.332,robot_1_carried_generic_box,-1.468,-3.073
1789401911,230556888,154.550,robot_2,1.943,-0.958
1789401911,254015318,154.573,robot_1,-1.469,-3.074
1789401911,254107496,154.573,robot_0,1.429,-2.762
1789401911,254172198,154.573,robot_0_carried_generic_box,1.461,-2.708
1789401911,254212473,154.573,robot_1_carried_generic_box,-1.468,-3.073
1789401911,435271176,154.755,robot_2,1.916,-0.956
1789401911,435361646,154.755,robot_1,-1.469,-3.074
1789401911,435404761,154.755,robot_0,1.415,-2.785
1789401911,435452895,154.755,robot_0_carried_generic_box,1.443,-2.739
1789401911,435491153,154.755,robot_1_carried_generic_box,-1.469,-3.073
1789401911,663091468,154.982,robot_2,1.877,-0.954
1789401911,663223973,154.982,robot_1,-1.469,-3.074
1789401911,663274007,154.983,robot_0,1.396,-2.819
1789401911,663326185,154.983,robot_0_carried_generic_box,1.428,-2.765
1789401911,663366612,154.983,robot_1_carried_generic_box,-1.469,-3.074
1789401911,862765574,155.182,robot_2,1.844,-0.953
1789401911,862851816,155.182,robot_1,-1.469,-3.074
1789401911,862888522,155.182,robot_0,1.379,-2.847
1789401911,862925965,155.182,robot_0_carried_generic_box,1.415,-2.785
1789401911,862958739,155.182,robot_1_carried_generic_box,-1.469,-3.074
1789401912,85576540,155.405,robot_2,1.799,-0.950
1789401912,85663634,155.405,robot_1,-1.469,-3.075
1789401912,85702556,155.405,robot_0,1.356,-2.886
1789401912,85751630,155.405,robot_0_carried_generic_box,1.383,-2.839
1789401912,85783494,155.405,robot_1_carried_generic_box,-1.469,-3.074
1789401912,306456278,155.626,robot_2,1.760,-0.949
1789401912,306527495,155.626,robot_1,-1.469,-3.075
1789401912,306557697,155.626,robot_0,1.336,-2.919
1789401912,306602036,155.626,robot_0_carried_generic_box,1.365,-2.870
1789401912,306627745,155.626,robot_1_carried_generic_box,-1.469,-3.075
1789401912,507770856,155.827,robot_2,1.736,-0.947
1789401912,507854900,155.827,robot_1,-1.469,-3.075
1789401912,507895686,155.827,robot_0,1.324,-2.940
1789401912,507940243,155.827,robot_0_carried_generic_box,1.350,-2.896
1789401912,507975405,155.827,robot_1_carried_generic_box,-1.469,-3.075
1789401912,723864437,156.043,robot_2,1.697,-0.946
1789401912,723955040,156.043,robot_1,-1.469,-3.075
1789401912,724002730,156.043,robot_0,1.304,-2.974
1789401912,724060342,156.043,robot_0_carried_generic_box,1.328,-2.932
1789401912,724107904,156.043,robot_1_carried_generic_box,-1.469,-3.075
1789401912,944264671,156.264,robot_2,1.655,-0.944
1789401912,944349465,156.264,robot_1,-1.469,-3.076
1789401912,944393291,156.264,robot_0,1.282,-3.010
1789401912,944444662,156.264,robot_0_carried_generic_box,1.317,-2.950
1789401912,944482868,156.264,robot_1_carried_generic_box,-1.469,-3.075
1789401913,170515886,156.490,robot_2,1.616,-0.942
1789401913,170593736,156.490,robot_1,-1.468,-3.076
1789401913,170642658,156.490,robot_0,1.262,-3.043
1789401913,170694383,156.490,robot_0_carried_generic_box,1.290,-2.997
1789401913,170739536,156.490,robot_1_carried_generic_box,-1.469,-3.076
1789401913,418053475,156.737,robot_2,1.583,-0.940
1789401913,418128394,156.737,robot_1,-1.468,-3.076
1789401913,418162875,156.737,robot_0,1.246,-3.072
1789401913,418208474,156.737,robot_0_carried_generic_box,1.270,-3.030
1789401913,418244551,156.738,robot_1_carried_generic_box,-1.469,-3.076
1789401913,622902151,156.942,robot_2,1.555,-0.939
1789401913,622976705,156.942,robot_1,-1.468,-3.076
1789401913,623019816,156.942,robot_0,1.226,-3.105
1789401913,623073907,156.942,robot_0_carried_generic_box,1.256,-3.054
1789401913,623118291,156.942,robot_1_carried_generic_box,-1.468,-3.076
1789401913,859196144,157.178,robot_2,1.563,-0.939
1789401913,859277718,157.179,robot_1,-1.468,-3.077
1789401913,859326725,157.179,robot_0,1.219,-3.117
1789401913,859385495,157.179,robot_0_carried_generic_box,1.241,-3.079
1789401913,859436417,157.179,robot_1_carried_generic_box,-1.468,-3.076
1789401914,61725591,157.381,robot_2,1.580,-0.940
1789401914,61799555,157.381,robot_1,-1.468,-3.077
1789401914,61842263,157.381,robot_0,1.219,-3.117
1789401914,61897367,157.381,robot_0_carried_generic_box,1.219,-3.116
1789401914,61944676,157.381,robot_1_carried_generic_box,-1.468,-3.076
1789401914,279877950,157.599,robot_2,1.595,-0.941
1789401914,279953563,157.599,robot_1,-1.468,-3.077
1789401914,279992179,157.599,robot_0,1.219,-3.117
1789401914,280039798,157.599,robot_0_carried_generic_box,1.219,-3.117
1789401914,280075519,157.599,robot_1_carried_generic_box,-1.468,-3.077
1789401914,520564833,157.859,robot_2,1.596,-0.941
1789401914,539856823,157.859,robot_1,-1.467,-3.076
1789401914,539934996,157.859,robot_0,1.219,-3.117
1789401914,539989900,157.859,robot_0_carried_generic_box,1.219,-3.117
1789401914,540034443,157.859,robot_1_carried_generic_box,-1.468,-3.077
1789401914,727546573,158.047,robot_2,1.596,-0.941
1789401914,740685816,158.060,robot_1,-1.458,-3.054
1789401914,740778464,158.060,robot_0,1.218,-3.117
1789401914,740841930,158.060,robot_0_carried_generic_box,1.219,-3.117
1789401914,740883644,158.060,robot_1_carried_generic_box,-1.467,-3.077
1789401914,957154988,158.276,robot_2,1.596,-0.941
1789401914,957238342,158.277,robot_1,-1.448,-3.031
1789401914,957279711,158.277,robot_0,1.218,-3.117
1789401914,957333677,158.277,robot_0_carried_generic_box,1.219,-3.117
1789401914,957372157,158.277,robot_1_carried_generic_box,-1.466,-3.074
1789401915,175241112,158.495,robot_2,1.596,-0.941
1789401915,175318765,158.495,robot_1,-1.437,-3.004
1789401915,175358032,158.495,robot_0,1.218,-3.117
1789401915,175407969,158.495,robot_0_carried_generic_box,1.218,-3.117
1789401915,175444835,158.495,robot_1_carried_generic_box,-1.453,-3.044
1789401915,387523706,158.707,robot_2,1.596,-0.941
1789401915,403669723,158.723,robot_1,-1.431,-2.990
1789401915,403766050,158.723,robot_0,1.218,-3.117
1789401915,403821520,158.723,robot_0_carried_generic_box,1.218,-3.117
1789401915,403863817,158.723,robot_1_carried_generic_box,-1.448,-3.031
1789401915,605400147,158.925,robot_2,1.596,-0.940
1789401915,605484777,158.925,robot_1,-1.420,-2.964
1789401915,605532451,158.925,robot_0,1.218,-3.117
1789401915,605589264,158.925,robot_0_carried_generic_box,1.218,-3.117
1789401915,605647945,158.925,robot_1_carried_generic_box,-1.438,-3.007
1789401915,837318702,159.157,robot_2,1.596,-0.940
1789401915,837418795,159.157,robot_1,-1.405,-2.931
1789401915,837470610,159.157,robot_0,1.217,-3.117
1789401915,837531554,159.157,robot_0_carried_generic_box,1.218,-3.117
1789401915,837579504,159.157,robot_1_carried_generic_box,-1.426,-2.978
1789401916,68322459,159.388,robot_2,1.595,-0.940
1789401916,68401459,159.388,robot_1,-1.390,-2.898
1789401916,68444378,159.388,robot_0,1.217,-3.117
1789401916,68496239,159.388,robot_0_carried_generic_box,1.217,-3.117
1789401916,68534352,159.388,robot_1_carried_generic_box,-1.413,-2.950
1789401916,276397566,159.596,robot_2,1.595,-0.940
1789401916,276479787,159.596,robot_1,-1.377,-2.871
1789401916,276529282,159.596,robot_0,1.217,-3.117
1789401916,276582210,159.596,robot_0_carried_generic_box,1.217,-3.117
1789401916,276627043,159.596,robot_1_carried_generic_box,-1.402,-2.926
1789401916,499340511,159.819,robot_2,1.595,-0.940
1789401916,499420793,159.819,robot_1,-1.363,-2.838
1789401916,499459355,159.819,robot_0,1.217,-3.117
1789401916,499512857,159.819,robot_0_carried_generic_box,1.217,-3.117
1789401916,499553778,159.819,robot_1_carried_generic_box,-1.384,-2.885
1789401916,733175619,160.052,robot_2,1.595,-0.939
1789401916,733272867,160.053,robot_1,-1.348,-2.805
1789401916,733332711,160.053,robot_0,1.216,-3.117
1789401916,733396326,160.053,robot_0_carried_generic_box,1.217,-3.117
1789401916,733447418,160.053,robot_1_carried_generic_box,-1.370,-2.855
1789401916,956634518,160.276,robot_2,1.595,-0.939
1789401916,956713142,160.276,robot_1,-1.332,-2.770
1789401916,956766809,160.276,robot_0,1.216,-3.118
1789401916,956823462,160.276,robot_0_carried_generic_box,1.216,-3.117
1789401916,956866848,160.276,robot_1_carried_generic_box,-1.354,-2.819
1789401917,167072698,160.486,robot_2,1.595,-0.939
1789401917,167146212,160.486,robot_1,-1.318,-2.740
1789401917,167197027,160.486,robot_0,1.216,-3.118
1789401917,167251134,160.487,robot_0_carried_generic_box,1.216,-3.118
1789401917,167292880,160.487,robot_1_carried_generic_box,-1.342,-2.792
1789401917,395039716,160.714,robot_2,1.595,-0.939
1789401917,395138951,160.714,robot_1,-1.302,-2.704
1789401917,395185843,160.714,robot_0,1.216,-3.118
1789401917,395232966,160.714,robot_0_carried_generic_box,1.216,-3.118
1789401917,395271292,160.715,robot_1_carried_generic_box,-1.322,-2.748
1789401917,585511964,160.905,robot_2,1.594,-0.939
1789401917,593998042,160.913,robot_1,-1.289,-2.676
1789401917,594099477,160.913,robot_0,1.215,-3.118
1789401917,594162759,160.913,robot_0_carried_generic_box,1.216,-3.118
1789401917,594207363,160.913,robot_1_carried_generic_box,-1.307,-2.715
1789401917,807307412,161.127,robot_2,1.594,-0.939
1789401917,807377044,161.127,robot_1,-1.278,-2.654
1789401917,807421099,161.127,robot_0,1.215,-3.118
1789401917,807468658,161.127,robot_0_carried_generic_box,1.216,-3.118
1789401917,807511143,161.127,robot_1_carried_generic_box,-1.295,-2.689
1789401918,22943860,161.342,robot_2,1.594,-0.939
1789401918,23036068,161.342,robot_1,-1.263,-2.625
1789401918,23086976,161.342,robot_0,1.215,-3.118
1789401918,23144450,161.342,robot_0_carried_generic_box,1.215,-3.118
1789401918,23191078,161.342,robot_1_carried_generic_box,-1.285,-2.667
1789401918,223954072,161.543,robot_2,1.594,-0.938
1789401918,224032131,161.543,robot_1,-1.252,-2.605
1789401918,224067514,161.543,robot_0,1.202,-3.111
1789401918,224115704,161.543,robot_0_carried_generic_box,1.215,-3.118
1789401918,224158903,161.543,robot_1_carried_generic_box,-1.273,-2.643
1789401918,427896857,161.747,robot_2,1.593,-0.940
1789401918,427975283,161.747,robot_1,-1.247,-2.597
1789401918,428017266,161.747,robot_0,1.182,-3.098
1789401918,428063484,161.747,robot_0_carried_generic_box,1.213,-3.117
1789401918,428102092,161.747,robot_1_carried_generic_box,-1.259,-2.617
1789401918,647423454,161.967,robot_2,1.592,-0.966
1789401918,647498717,161.967,robot_1,-1.247,-2.597
1789401918,647546279,161.967,robot_0,1.161,-3.086
1789401918,654052490,161.973,robot_0_carried_generic_box,1.194,-3.106
1789401918,654175374,161.973,robot_1_carried_generic_box,-1.248,-2.598
1789401918,861575815,162.181,robot_2,1.592,-0.999
1789401918,861676149,162.181,robot_1,-1.247,-2.596
1789401918,861725099,162.181,robot_0,1.154,-3.081
1789401918,861781213,162.181,robot_0_carried_generic_box,1.168,-3.090
1789401918,861829007,162.181,robot_1_carried_generic_box,-1.247,-2.597
1789401919,65423438,162.385,robot_2,1.592,-1.032
1789401919,65501147,162.385,robot_1,-1.247,-2.597
1789401919,65541581,162.385,robot_0,1.154,-3.081
1789401919,65591089,162.389,robot_0_carried_generic_box,1.154,-3.081
1789401919,70128742,162.389,robot_1_carried_generic_box,-1.247,-2.597
1789401919,269168404,162.588,robot_2,1.591,-1.068
1789401919,269290956,162.589,robot_1,-1.247,-2.597
1789401919,269352631,162.589,robot_0,1.153,-3.081
1789401919,269450427,162.589,robot_0_carried_generic_box,1.154,-3.081
1789401919,269511098,162.589,robot_1_carried_generic_box,-1.247,-2.597
1789401919,486082787,162.805,robot_2,1.591,-1.107
1789401919,486153351,162.805,robot_1,-1.246,-2.597
1789401919,486192584,162.805,robot_0,1.153,-3.081
1789401919,486242001,162.806,robot_0_carried_generic_box,1.153,-3.081
1789401919,486286041,162.806,robot_1_carried_generic_box,-1.247,-2.597
1789401919,704153592,163.023,robot_2,1.591,-1.143
1789401919,704296208,163.024,robot_1,-1.246,-2.597
1789401919,704338818,163.024,robot_0,1.153,-3.082
1789401919,704385220,163.024,robot_0_carried_generic_box,1.153,-3.081
1789401919,704420935,163.024,robot_1_carried_generic_box,-1.247,-2.597
1789401919,913066270,163.232,robot_2,1.591,-1.179
1789401919,913157623,163.232,robot_1,-1.246,-2.597
1789401919,913205778,163.232,robot_0,1.153,-3.082
1789401919,913261834,163.233,robot_0_carried_generic_box,1.153,-3.082
1789401919,913303713,163.233,robot_1_carried_generic_box,-1.246,-2.597
1789401920,131920165,163.451,robot_2,1.591,-1.212
1789401920,131993089,163.451,robot_1,-1.246,-2.597
1789401920,132031777,163.451,robot_0,1.153,-3.082
1789401920,132082637,163.451,robot_0_carried_generic_box,1.153,-3.082
1789401920,132116999,163.451,robot_1_carried_generic_box,-1.246,-2.597
1789401920,364025583,163.683,robot_2,1.591,-1.254
1789401920,364104518,163.683,robot_1,-1.245,-2.597
1789401920,364147203,163.683,robot_0,1.153,-3.083
1789401920,364202218,163.683,robot_0_carried_generic_box,1.153,-3.082
1789401920,364245705,163.684,robot_1_carried_generic_box,-1.246,-2.597
1789401920,570508723,163.890,robot_2,1.591,-1.284
1789401920,570611669,163.890,robot_1,-1.245,-2.597
1789401920,570665415,163.890,robot_0,1.153,-3.083
1789401920,570727328,163.890,robot_0_carried_generic_box,1.153,-3.082
1789401920,570778812,163.890,robot_1_carried_generic_box,-1.246,-2.597
1789401920,772420553,164.092,robot_2,1.591,-1.320
1789401920,772500911,164.092,robot_1,-1.245,-2.597
1789401920,772541061,164.092,robot_0,1.154,-3.083
1789401920,772584820,164.096,robot_0_carried_generic_box,1.153,-3.083
1789401920,776475227,164.096,robot_1_carried_generic_box,-1.245,-2.597
1789401921,9287370,164.329,robot_2,1.591,-1.362
1789401921,9383604,164.329,robot_1,-1.245,-2.597
1789401921,9451909,164.329,robot_0,1.175,-3.071
1789401921,9512410,164.329,robot_0_carried_generic_box,1.154,-3.083
1789401921,9560630,164.329,robot_1_carried_generic_box,-1.245,-2.597
1789401921,219330420,164.539,robot_2,1.591,-1.404
1789401921,219412485,164.539,robot_1,-1.244,-2.596
1789401921,219463123,164.539,robot_0,1.210,-3.049
1789401921,219522408,164.539,robot_0_carried_generic_box,1.165,-3.077
1789401921,219576228,164.539,robot_1_carried_generic_box,-1.245,-2.597
1789401921,431222795,164.750,robot_2,1.590,-1.434
1789401921,431291677,164.751,robot_1,-1.244,-2.596
1789401921,431331414,164.751,robot_0,1.236,-3.033
1789401921,431380855,164.751,robot_0_carried_generic_box,1.175,-3.071
1789401921,431427898,164.751,robot_1_carried_generic_box,-1.244,-2.596
1789401921,652146216,164.971,robot_2,1.590,-1.473
1789401921,652222043,164.971,robot_1,-1.244,-2.596
1789401921,652260847,164.972,robot_0,1.269,-3.012
1789401921,652309483,164.972,robot_0_carried_generic_box,1.223,-3.041
1789401921,652349246,164.972,robot_1_carried_generic_box,-1.244,-2.596
1789401921,868978562,165.188,robot_2,1.590,-1.509
1789401921,869047056,165.188,robot_1,-1.244,-2.596
1789401921,869085767,165.188,robot_0,1.299,-2.992
1789401921,869133662,165.188,robot_0_carried_generic_box,1.241,-3.030
1789401921,869169778,165.188,robot_1_carried_generic_box,-1.244,-2.596
1789401922,74755855,165.394,robot_2,1.590,-1.548
1789401922,74826297,165.394,robot_1,-1.244,-2.596
1789401922,74866450,165.394,robot_0,1.332,-2.971
1789401922,74918727,165.394,robot_0_carried_generic_box,1.281,-3.004
1789401922,74962057,165.394,robot_1_carried_generic_box,-1.244,-2.596
1789401922,279823165,165.599,robot_2,1.590,-1.581
1789401922,279895297,165.599,robot_1,-1.238,-2.599
1789401922,279937209,165.599,robot_0,1.359,-2.953
1789401922,279992870,165.599,robot_0_carried_generic_box,1.324,-2.976
1789401922,280038123,165.599,robot_1_carried_generic_box,-1.244,-2.596
1789401922,480220535,165.800,robot_2,1.590,-1.611
1789401922,480312717,165.800,robot_1,-1.221,-2.609
1789401922,480362441,165.800,robot_0,1.384,-2.937
1789401922,480414840,165.800,robot_0_carried_generic_box,1.337,-2.968
1789401922,480467032,165.800,robot_1_carried_generic_box,-1.244,-2.596
1789401922,693967830,166.013,robot_2,1.590,-1.650
1789401922,694052860,166.013,robot_1,-1.198,-2.622
1789401922,694101692,166.013,robot_0,1.417,-2.916
1789401922,712896350,166.032,robot_0_carried_generic_box,1.374,-2.944
1789401922,712987590,166.032,robot_1_carried_generic_box,-1.229,-2.604
1789401922,914843650,166.234,robot_2,1.590,-1.686
1789401922,914933640,166.234,robot_1,-1.182,-2.631
1789401922,914976425,166.234,robot_0,1.447,-2.896
1789401922,915018423,166.234,robot_0_carried_generic_box,1.400,-2.927
1789401922,915047147,166.234,robot_1_carried_generic_box,-1.215,-2.612
1789401923,164886780,166.484,robot_2,1.590,-1.728
1789401923,164974379,166.484,robot_1,-1.181,-2.631
1789401923,165026823,166.484,robot_0,1.483,-2.874
1789401923,165083108,166.484,robot_0_carried_generic_box,1.427,-2.909
1789401923,165127063,166.484,robot_1_carried_generic_box,-1.191,-2.626
1789401923,381196635,166.700,robot_2,1.590,-1.758
1789401923,381269821,166.701,robot_1,-1.181,-2.631
1789401923,381309969,166.701,robot_0,1.508,-2.857
1789401923,381353609,166.701,robot_0_carried_generic_box,1.455,-2.892
1789401923,381385269,166.701,robot_1_carried_generic_box,-1.181,-2.631
1789401923,606076771,166.925,robot_2,1.589,-1.803
1789401923,606161459,166.925,robot_1,-1.181,-2.631
1789401923,606203004,166.925,robot_0,1.546,-2.833
1789401923,606253939,166.926,robot_0_carried_generic_box,1.498,-2.864
1789401923,606286956,166.926,robot_1_carried_generic_box,-1.181,-2.631
1789401923,816755390,167.136,robot_2,1.589,-1.839
1789401923,816841395,167.136,robot_1,-1.181,-2.631
1789401923,816891337,167.136,robot_0,1.576,-2.813
1789401923,816945439,167.136,robot_0_carried_generic_box,1.526,-2.846
1789401923,816987693,167.136,robot_1_carried_generic_box,-1.181,-2.631
1789401924,59426982,167.379,robot_2,1.589,-1.875
1789401924,59524804,167.379,robot_1,-1.181,-2.630
1789401924,59577899,167.379,robot_0,1.606,-2.794
1789401924,59650036,167.379,robot_0_carried_generic_box,1.561,-2.823
1789401924,59693681,167.379,robot_1_carried_generic_box,-1.181,-2.631
1789401924,293344924,167.613,robot_2,1.589,-1.917
1789401924,293420424,167.613,robot_1,-1.181,-2.630
1789401924,293461680,167.613,robot_0,1.641,-2.771
1789401924,293512623,167.613,robot_0_carried_generic_box,1.594,-2.802
1789401924,293548546,167.613,robot_1_carried_generic_box,-1.181,-2.631
1789401924,512121543,167.831,robot_2,1.589,-1.947
1789401924,512208998,167.831,robot_1,-1.181,-2.630
1789401924,512252801,167.832,robot_0,1.674,-2.750
1789401924,512305850,167.832,robot_0_carried_generic_box,1.621,-2.784
1789401924,512346566,167.832,robot_1_carried_generic_box,-1.181,-2.630
1789401924,739533255,168.059,robot_2,1.589,-1.949
1789401924,739623876,168.059,robot_1,-1.181,-2.629
1789401924,739666725,168.059,robot_0,1.704,-2.730
1789401924,739739677,168.059,robot_0_carried_generic_box,1.657,-2.761
1789401924,739785913,168.059,robot_1_carried_generic_box,-1.181,-2.630
1789401924,948516637,168.268,robot_2,1.589,-1.949
1789401924,948591942,168.290,robot_1,-1.182,-2.629
1789401924,971191410,168.290,robot_0,1.732,-2.713
1789401924,971259331,168.291,robot_0_carried_generic_box,1.679,-2.747
1789401924,971302959,168.291,robot_1_carried_generic_box,-1.181,-2.630
1789401925,164468517,168.484,robot_2,1.589,-1.949
1789401925,164543018,168.484,robot_1,-1.184,-2.630
1789401925,164581186,168.484,robot_0,1.755,-2.698
1789401925,164636734,168.484,robot_0_carried_generic_box,1.710,-2.727
1789401925,164680995,168.484,robot_1_carried_generic_box,-1.182,-2.629
1789401925,378791800,168.698,robot_2,1.589,-1.949
1789401925,378885066,168.698,robot_1,-1.207,-2.646
1789401925,378937610,168.698,robot_0,1.785,-2.678
1789401925,378997177,168.698,robot_0_carried_generic_box,1.735,-2.711
1789401925,379043597,168.698,robot_1_carried_generic_box,-1.182,-2.629
1789401925,583894718,168.903,robot_2,1.590,-1.949
1789401925,583977375,168.903,robot_1,-1.227,-2.660
1789401925,584023425,168.903,robot_0,1.815,-2.659
1789401925,584071503,168.903,robot_0_carried_generic_box,1.775,-2.685
1789401925,584110519,168.903,robot_1_carried_generic_box,-1.202,-2.642
1789401925,813884960,169.133,robot_2,1.590,-1.949
1789401925,813964241,169.133,robot_1,-1.256,-2.680
1789401925,814010899,169.133,robot_0,1.846,-2.639
1789401925,814057222,169.133,robot_0_carried_generic_box,1.808,-2.664
1789401925,814095804,169.133,robot_1_carried_generic_box,-1.223,-2.657
1789401926,27389146,169.347,robot_2,1.590,-1.949
1789401926,27465658,169.347,robot_1,-1.270,-2.690
1789401926,27511250,169.347,robot_0,1.876,-2.620
1789401926,27555296,169.347,robot_0_carried_generic_box,1.828,-2.651
1789401926,27591409,169.373,robot_1_carried_generic_box,-1.246,-2.673
1789401926,239563010,169.570,robot_2,1.590,-1.949
1789401926,250918058,169.570,robot_1,-1.291,-2.704
1789401926,251003878,169.570,robot_0,1.906,-2.600
1789401926,251060695,169.570,robot_0_carried_generic_box,1.856,-2.633
1789401926,251097297,169.570,robot_1_carried_generic_box,-1.267,-2.688
1789401926,444817028,169.764,robot_2,1.590,-1.949
1789401926,444894662,169.764,robot_1,-1.314,-2.719
1789401926,444941476,169.764,robot_0,1.931,-2.584
1789401926,444992117,169.764,robot_0_carried_generic_box,1.883,-2.615
1789401926,445032761,169.764,robot_1_carried_generic_box,-1.274,-2.693
1789401926,663215888,169.982,robot_2,1.590,-1.949
1789401926,663294406,169.983,robot_1,-1.320,-2.723
1789401926,663347728,169.983,robot_0,1.967,-2.561
1789401926,663397604,169.983,robot_0_carried_generic_box,1.929,-2.586
1789401926,663440478,169.983,robot_1_carried_generic_box,-1.303,-2.712
1789401926,883593985,170.203,robot_2,1.590,-1.949
1789401926,883679026,170.203,robot_1,-1.325,-2.726
1789401926,883720791,170.203,robot_0,1.997,-2.542
1789401926,883761242,170.203,robot_0_carried_generic_box,1.956,-2.568
1789401926,883797314,170.203,robot_1_carried_generic_box,-1.318,-2.722
1789401927,91578015,170.420,robot_2,1.590,-1.949
1789401927,100553593,170.420,robot_1,-1.354,-2.741
1789401927,100633271,170.420,robot_0,2.027,-2.522
1789401927,100681892,170.420,robot_0_carried_generic_box,1.987,-2.548
1789401927,100717113,170.420,robot_1_carried_generic_box,-1.320,-2.723
1789401927,315340045,170.635,robot_2,1.590,-1.949
1789401927,315422656,170.635,robot_1,-1.379,-2.752
1789401927,315468579,170.635,robot_0,2.052,-2.506
1789401927,315519119,170.635,robot_0_carried_generic_box,2.014,-2.530
1789401927,315559474,170.635,robot_1_carried_generic_box,-1.341,-2.735
1789401927,534391830,170.854,robot_2,1.590,-1.949
1789401927,534472921,170.854,robot_1,-1.411,-2.766
1789401927,534521682,170.854,robot_0,2.056,-2.503
1789401927,534573773,170.854,robot_0_carried_generic_box,2.037,-2.516
1789401927,540949298,170.860,robot_1_carried_generic_box,-1.361,-2.744
1789401927,741746149,171.061,robot_2,1.590,-1.949
1789401927,741822607,171.061,robot_1,-1.414,-2.767
1789401927,741857216,171.061,robot_0,2.057,-2.503
1789401927,741897078,171.061,robot_0_carried_generic_box,2.056,-2.504
1789401927,741926159,171.061,robot_1_carried_generic_box,-1.390,-2.757
1789401927,945826111,171.265,robot_2,1.589,-1.949
1789401927,945912041,171.265,robot_1,-1.426,-2.772
1789401927,945956795,171.265,robot_0,2.057,-2.503
1789401927,946004991,171.265,robot_0_carried_generic_box,2.056,-2.503
1789401927,946046980,171.265,robot_1_carried_generic_box,-1.413,-2.767
1789401928,184431152,171.504,robot_2,1.589,-1.949
1789401928,184507311,171.504,robot_1,-1.469,-2.786
1789401928,184547178,171.504,robot_0,2.057,-2.504
1789401928,184591565,171.504,robot_0_carried_generic_box,2.057,-2.503
1789401928,184652026,171.504,robot_1_carried_generic_box,-1.418,-2.769
1789401928,396574166,171.716,robot_2,1.589,-1.949
1789401928,396657284,171.716,robot_1,-1.509,-2.798
1789401928,396696752,171.716,robot_0,2.057,-2.504
1789401928,396741161,171.716,robot_0_carried_generic_box,2.057,-2.503
1789401928,396774407,171.716,robot_1_carried_generic_box,-1.454,-2.781
1789401928,601288289,171.921,robot_2,1.589,-1.949
1789401928,601369939,171.921,robot_1,-1.540,-2.808
1789401928,601413942,171.921,robot_0,2.057,-2.504
1789401928,601463403,171.921,robot_0_carried_generic_box,2.057,-2.504
1789401928,601501689,171.928,robot_1_carried_generic_box,-1.494,-2.794
1789401928,801822005,172.121,robot_2,1.588,-1.949
1789401928,801899917,172.121,robot_1,-1.572,-2.818
1789401928,801934098,172.121,robot_0,2.058,-2.504
1789401928,801973784,172.121,robot_0_carried_generic_box,2.057,-2.504
1789401928,802008101,172.121,robot_1_carried_generic_box,-1.520,-2.802
1789401929,21449055,172.341,robot_2,1.588,-1.949
1789401929,21527359,172.341,robot_1,-1.612,-2.831
1789401929,21573048,172.341,robot_0,2.058,-2.504
1789401929,37514536,172.357,robot_0_carried_generic_box,2.057,-2.504
1789401929,37612832,172.357,robot_1_carried_generic_box,-1.552,-2.812
1789401929,249257263,172.569,robot_2,1.588,-1.950
1789401929,249342072,172.569,robot_1,-1.634,-2.838
1789401929,249378968,172.569,robot_0,2.058,-2.504
1789401929,249427886,172.569,robot_0_carried_generic_box,2.058,-2.504
1789401929,250622028,172.570,robot_1_carried_generic_box,-1.594,-2.826
1789401929,451288398,172.771,robot_2,1.588,-1.950
1789401929,451376160,172.771,robot_1,-1.662,-2.846
1789401929,451433857,172.771,robot_0,2.058,-2.504
1789401929,451493287,172.771,robot_0_carried_generic_box,2.058,-2.504
1789401929,451536594,172.771,robot_1_carried_generic_box,-1.619,-2.833
1789401929,682693219,173.002,robot_2,1.588,-1.950
1789401929,682796025,173.002,robot_1,-1.676,-2.850
1789401929,682852562,173.002,robot_0,2.059,-2.504
1789401929,682906447,173.002,robot_0_carried_generic_box,2.058,-2.504
1789401929,682947426,173.002,robot_1_carried_generic_box,-1.648,-2.842
1789401929,890114812,173.209,robot_2,1.582,-1.946
1789401929,890196727,173.209,robot_1,-1.676,-2.850
1789401929,890254187,173.210,robot_0,2.059,-2.504
1789401929,890311877,173.210,robot_0_carried_generic_box,2.059,-2.504
1789401929,890357037,173.210,robot_1_carried_generic_box,-1.676,-2.850
1789401930,97432263,173.417,robot_2,1.561,-1.931
1789401930,97523891,173.417,robot_1,-1.676,-2.850
1789401930,97567322,173.417,robot_0,2.059,-2.504
1789401930,97619216,173.417,robot_0_carried_generic_box,2.059,-2.504
1789401930,97656134,173.417,robot_1_carried_generic_box,-1.676,-2.850
1789401930,312307249,173.632,robot_2,1.545,-1.919
1789401930,312392660,173.632,robot_1,-1.676,-2.850
1789401930,312434783,173.632,robot_0,2.060,-2.504
1789401930,312476202,173.632,robot_0_carried_generic_box,2.059,-2.504
1789401930,312506018,173.632,robot_1_carried_generic_box,-1.676,-2.850
1789401930,512322047,173.832,robot_2,1.536,-1.912
1789401930,512397339,173.832,robot_1,-1.684,-2.850
1789401930,512447862,173.832,robot_0,2.060,-2.504
1789401930,512498310,173.832,robot_0_carried_generic_box,2.059,-2.504
1789401930,512538006,173.832,robot_1_carried_generic_box,-1.676,-2.850
1789401930,733366009,174.053,robot_2,1.536,-1.912
1789401930,733453315,174.053,robot_1,-1.720,-2.846
1789401930,734620202,174.054,robot_0,2.060,-2.504
1789401930,734698163,174.054,robot_0_carried_generic_box,2.060,-2.504
1789401930,734733732,174.054,robot_1_carried_generic_box,-1.676,-2.851
1789401930,934192255,174.253,robot_2,1.536,-1.912
1789401930,934276994,174.254,robot_1,-1.752,-2.840
1789401930,934322711,174.254,robot_0,2.060,-2.503
1789401930,934361930,174.254,robot_0_carried_generic_box,2.060,-2.504
1789401930,934391370,174.254,robot_1_carried_generic_box,-1.699,-2.849
1789401931,176362223,174.496,robot_2,1.536,-1.912
1789401931,176439046,174.496,robot_1,-1.771,-2.836
1789401931,176487347,174.496,robot_0,2.060,-2.503
1789401931,176528057,174.496,robot_0_carried_generic_box,2.060,-2.504
1789401931,176564533,174.496,robot_1_carried_generic_box,-1.732,-2.844
1789401931,392303776,174.712,robot_2,1.536,-1.912
1789401931,392371269,174.712,robot_1,-1.803,-2.829
1789401931,392419089,174.712,robot_0,2.062,-2.504
1789401931,392467351,174.712,robot_0_carried_generic_box,2.060,-2.503
1789401931,392505656,174.712,robot_1_carried_generic_box,-1.755,-2.840
1789401931,613121967,174.932,robot_2,1.536,-1.913
1789401931,613200928,174.932,robot_1,-1.838,-2.820
1789401931,613253388,174.933,robot_0,2.082,-2.519
1789401931,613301800,174.933,robot_0_carried_generic_box,2.060,-2.503
1789401931,613343766,174.933,robot_1_carried_generic_box,-1.785,-2.833
1789401931,844476984,175.164,robot_2,1.536,-1.913
1789401931,844563808,175.164,robot_1,-1.849,-2.817
1789401931,844630728,175.164,robot_0,2.104,-2.536
1789401931,844685933,175.164,robot_0_carried_generic_box,2.072,-2.512
1789401931,844730217,175.164,robot_1_carried_generic_box,-1.823,-2.824
1789401932,67543057,175.387,robot_2,1.536,-1.913
1789401932,67629189,175.387,robot_1,-1.878,-2.808
1789401932,67673529,175.387,robot_0,2.122,-2.548
1789401932,67718844,175.387,robot_0_carried_generic_box,2.091,-2.526
1789401932,67759431,175.387,robot_1_carried_generic_box,-1.845,-2.818
1789401932,281625512,175.601,robot_2,1.536,-1.914
1789401932,281706221,175.601,robot_1,-1.907,-2.800
1789401932,281752630,175.601,robot_0,2.123,-2.549
1789401932,281804276,175.601,robot_0_carried_generic_box,2.118,-2.546
1789401932,281846783,175.601,robot_1_carried_generic_box,-1.861,-2.814
1789401932,510384759,175.830,robot_2,1.542,-1.912
1789401932,510471171,175.830,robot_1,-1.920,-2.795
1789401932,510528097,175.830,robot_0,2.123,-2.549
1789401932,510579265,175.830,robot_0_carried_generic_box,2.123,-2.549
1789401932,510627700,175.830,robot_1_carried_generic_box,-1.901,-2.801
1789401932,720750233,176.040,robot_2,1.572,-1.899
1789401932,720833549,176.040,robot_1,-1.920,-2.796
1789401932,720887141,176.040,robot_0,2.123,-2.550
1789401932,720936454,176.040,robot_0_carried_generic_box,2.123,-2.549
1789401932,720975938,176.040,robot_1_carried_generic_box,-1.918,-2.796
1789401932,951337302,176.271,robot_2,1.610,-1.880
1789401932,951412945,176.271,robot_1,-1.945,-2.784
1789401932,951460564,176.271,robot_0,2.122,-2.550
1789401932,951508781,176.271,robot_0_carried_generic_box,2.123,-2.549
1789401932,951550519,176.271,robot_1_carried_generic_box,-1.920,-2.796
1789401933,178590300,176.498,robot_2,1.639,-1.865
1789401933,178687021,176.498,robot_1,-1.961,-2.777
1789401933,178743597,176.498,robot_0,2.122,-2.550
1789401933,178797712,176.498,robot_0_carried_generic_box,2.123,-2.550
1789401933,178831858,176.498,robot_1_carried_generic_box,-1.926,-2.793
1789401933,411115206,176.730,robot_2,1.676,-1.846
1789401933,411218620,176.730,robot_1,-1.962,-2.776
1789401933,411264815,176.731,robot_0,2.122,-2.550
1789401933,411310651,176.731,robot_0_carried_generic_box,2.122,-2.550
1789401933,411340468,176.731,robot_1_carried_generic_box,-1.961,-2.777
1789401933,649423041,176.969,robot_2,1.708,-1.829
1789401933,649511081,176.969,robot_1,-1.983,-2.761
1789401933,649566039,176.969,robot_0,2.121,-2.550
1789401933,649616196,176.969,robot_0_carried_generic_box,2.122,-2.550
1789401933,649649327,176.969,robot_1_carried_generic_box,-1.961,-2.777
1789401933,854084321,177.173,robot_2,1.740,-1.813
1789401933,854170754,177.173,robot_1,-1.996,-2.751
1789401933,854219548,177.173,robot_0,2.121,-2.550
1789401933,854264189,177.174,robot_0_carried_generic_box,2.121,-2.550
1789401933,854296762,177.174,robot_1_carried_generic_box,-1.964,-2.775
1789401934,59325542,177.379,robot_2,1.762,-1.802
1789401934,59416276,177.379,robot_1,-1.996,-2.751
1789401934,59465125,177.379,robot_0,2.121,-2.550
1789401934,59511320,177.379,robot_0_carried_generic_box,2.121,-2.550
1789401934,59544311,177.379,robot_1_carried_generic_box,-1.988,-2.757
1789401934,270761417,177.590,robot_2,1.796,-1.784
1789401934,270894375,177.590,robot_1,-1.996,-2.751
1789401934,270956423,177.590,robot_0,2.120,-2.550
1789401934,271013680,177.590,robot_0_carried_generic_box,2.121,-2.550
1789401934,271058984,177.590,robot_1_carried_generic_box,-1.996,-2.751
1789401934,480106090,177.799,robot_2,1.828,-1.768
1789401934,480242860,177.800,robot_1,-1.997,-2.751
1789401934,480297932,177.800,robot_0,2.120,-2.550
1789401934,480354991,177.800,robot_0_carried_generic_box,2.121,-2.550
1789401934,480395925,177.800,robot_1_carried_generic_box,-1.996,-2.751
1789401934,691782511,178.011,robot_2,1.860,-1.751
1789401934,691878519,178.011,robot_1,-1.997,-2.752
1789401934,691933333,178.011,robot_0,2.120,-2.550
1789401934,691987942,178.011,robot_0_carried_generic_box,2.120,-2.550
1789401934,692032274,178.011,robot_1_carried_generic_box,-1.996,-2.751
1789401934,917374271,178.237,robot_2,1.887,-1.737
1789401934,917455006,178.237,robot_1,-1.997,-2.752
1789401934,917497996,178.237,robot_0,2.120,-2.550
1789401934,917541978,178.237,robot_0_carried_generic_box,2.120,-2.550
1789401934,917576734,178.237,robot_1_carried_generic_box,-1.997,-2.751
1789401935,154824056,178.474,robot_2,1.932,-1.714
1789401935,154918749,178.474,robot_1,-1.997,-2.752
1789401935,154966732,178.474,robot_0,2.120,-2.550
1789401935,155007947,178.474,robot_0_carried_generic_box,2.120,-2.550
1789401935,155040316,178.474,robot_1_carried_generic_box,-1.997,-2.752
1789401935,377076926,178.696,robot_2,1.972,-1.693
1789401935,377158916,178.696,robot_1,-1.997,-2.752
1789401935,377212140,178.696,robot_0,2.121,-2.550
1789401935,377261009,178.697,robot_0_carried_generic_box,2.120,-2.550
1789401935,377301221,178.697,robot_1_carried_generic_box,-1.997,-2.752
1789401935,605091010,178.924,robot_2,2.012,-1.673
1789401935,605180721,178.924,robot_1,-1.997,-2.751
1789401935,605235257,178.924,robot_0,2.121,-2.550
1789401935,605283145,178.925,robot_0_carried_generic_box,2.121,-2.550
1789401935,605316561,178.925,robot_1_carried_generic_box,-1.997,-2.752
1789401935,812894177,179.132,robot_2,2.039,-1.659
1789401935,812978176,179.132,robot_1,-1.997,-2.751
1789401935,813024174,179.132,robot_0,2.121,-2.550
1789401935,813068217,179.132,robot_0_carried_generic_box,2.121,-2.550
1789401935,813101497,179.132,robot_1_carried_generic_box,-1.997,-2.751
1789401936,23994427,179.343,robot_2,2.051,-1.652
1789401936,24079900,179.343,robot_1,-1.996,-2.751
1789401936,24131286,179.343,robot_0,2.121,-2.550
1789401936,24183104,179.343,robot_0_carried_generic_box,2.121,-2.550
1789401936,24224539,179.343,robot_1_carried_generic_box,-1.997,-2.751
1789401936,244187459,179.563,robot_2,2.051,-1.652
1789401936,244270635,179.564,robot_1,-1.996,-2.751
1789401936,244325879,179.564,robot_0,2.122,-2.550
1789401936,244376806,179.564,robot_0_carried_generic_box,2.121,-2.550
1789401936,244420566,179.564,robot_1_carried_generic_box,-1.996,-2.751
1789401936,478420036,179.798,robot_2,2.051,-1.653
1789401936,478547853,179.798,robot_1,-1.996,-2.751
1789401936,478616713,179.798,robot_0,2.122,-2.550
1789401936,478662850,179.798,robot_0_carried_generic_box,2.121,-2.550
1789401936,478697706,179.798,robot_1_carried_generic_box,-1.996,-2.751
1789401936,712172492,180.031,robot_2,2.052,-1.653
1789401936,712268878,180.032,robot_1,-1.996,-2.750
1789401936,712322983,180.032,robot_0,2.122,-2.549
1789401936,712374318,180.032,robot_0_carried_generic_box,2.122,-2.550
1789401936,712415212,180.032,robot_1_carried_generic_box,-1.996,-2.751
1789401936,919910409,180.239,robot_2,2.052,-1.653
1789401936,920032432,180.239,robot_1,-1.996,-2.750
1789401936,920082402,180.239,robot_0,2.122,-2.549
1789401936,920127609,180.239,robot_0_carried_generic_box,2.122,-2.549
1789401936,920158224,180.239,robot_1_carried_generic_box,-1.996,-2.750
1789401937,126331419,180.446,robot_2,2.052,-1.653
1789401937,126414083,180.446,robot_1,-1.996,-2.750
1789401937,126462525,180.446,robot_0,2.122,-2.549
1789401937,126506482,180.446,robot_0_carried_generic_box,2.122,-2.549
1789401937,126540571,180.446,robot_1_carried_generic_box,-1.996,-2.750
1789401937,333304190,180.653,robot_2,2.052,-1.653
1789401937,333387986,180.653,robot_1,-1.996,-2.749
1789401937,333438037,180.653,robot_0,2.123,-2.549
1789401937,333483561,180.653,robot_0_carried_generic_box,2.122,-2.549
1789401937,333519942,180.653,robot_1_carried_generic_box,-1.996,-2.750
1789401937,541025869,180.860,robot_2,2.053,-1.653
1789401937,541123778,180.860,robot_1,-1.996,-2.749
1789401937,541173967,180.860,robot_0,2.123,-2.548
1789401937,541216426,180.860,robot_0_carried_generic_box,2.122,-2.549
1789401937,541247529,180.861,robot_1_carried_generic_box,-1.996,-2.750
1789401937,776112411,181.095,robot_2,2.053,-1.653
1789401937,776198361,181.095,robot_1,-1.996,-2.749
1789401937,776238492,181.095,robot_0,2.123,-2.548
1789401937,776278095,181.096,robot_0_carried_generic_box,2.123,-2.549
1789401937,776328135,181.096,robot_1_carried_generic_box,-1.996,-2.749
1789401937,988980738,181.308,robot_2,2.053,-1.653
1789401937,989082807,181.308,robot_1,-1.996,-2.749
1789401937,989136928,181.308,robot_0,2.123,-2.548
1789401937,989190148,181.308,robot_0_carried_generic_box,2.123,-2.548
1789401937,989232172,181.308,robot_1_carried_generic_box,-1.996,-2.749
1789401938,196444093,181.516,robot_2,2.053,-1.653
1789401938,196534060,181.516,robot_1,-1.996,-2.748
1789401938,196588287,181.516,robot_0,2.112,-2.547
1789401938,196641157,181.516,robot_0_carried_generic_box,2.123,-2.548
1789401938,196670156,181.516,robot_1_carried_generic_box,-1.996,-2.749
1789401938,419560550,181.745,robot_2,2.054,-1.653
1789401938,425640200,181.745,robot_1,-1.996,-2.748
1789401938,425720596,181.745,robot_0,2.077,-2.547
1789401938,425771793,181.745,robot_0_carried_generic_box,2.121,-2.548
1789401938,425810983,181.745,robot_1_carried_generic_box,-1.996,-2.748
1789401938,629602151,181.949,robot_2,2.054,-1.653
1789401938,629686448,181.949,robot_1,-1.985,-2.742
1789401938,629726200,181.949,robot_0,2.041,-2.547
1789401938,629769483,181.949,robot_0_carried_generic_box,2.098,-2.547
1789401938,629803322,181.949,robot_1_carried_generic_box,-1.996,-2.748
1789401938,841255736,182.161,robot_2,2.054,-1.653
1789401938,841343099,182.161,robot_1,-1.962,-2.730
1789401938,841387734,182.161,robot_0,2.002,-2.546
1789401938,841434048,182.161,robot_0_carried_generic_box,2.065,-2.547
1789401938,841468453,182.161,robot_1_carried_generic_box,-1.995,-2.747
1789401939,53342871,182.373,robot_2,2.054,-1.653
1789401939,53425531,182.373,robot_1,-1.939,-2.718
1789401939,53468607,182.373,robot_0,1.963,-2.546
1789401939,53510996,182.373,robot_0_carried_generic_box,2.032,-2.547
1789401939,53542775,182.373,robot_1_carried_generic_box,-1.974,-2.737
1789401939,270055430,182.589,robot_2,2.054,-1.653
1789401939,270146276,182.589,robot_1,-1.929,-2.713
1789401939,270199814,182.589,robot_0,1.924,-2.546
1789401939,270249994,182.590,robot_0_carried_generic_box,1.975,-2.546
1789401939,270283736,182.590,robot_1_carried_generic_box,-1.955,-2.726
1789401939,477214779,182.797,robot_2,2.055,-1.653
1789401939,477305772,182.797,robot_1,-1.929,-2.713
1789401939,477357295,182.797,robot_0,1.894,-2.546
1789401939,477404756,182.797,robot_0_carried_generic_box,1.942,-2.546
1789401939,477446029,182.797,robot_1_carried_generic_box,-1.935,-2.716
1789401939,698464445,183.018,robot_2,2.050,-1.648
1789401939,698543630,183.018,robot_1,-1.929,-2.713
1789401939,698593441,183.024,robot_0,1.852,-2.545
1789401939,704745470,183.024,robot_0_carried_generic_box,1.906,-2.546
1789401939,704798528,183.024,robot_1_carried_generic_box,-1.929,-2.713
1789401939,905692986,183.225,robot_2,2.027,-1.625
1789401939,905771377,183.225,robot_1,-1.929,-2.713
1789401939,905822012,183.225,robot_0,1.816,-2.545
1789401939,905873345,183.225,robot_0_carried_generic_box,1.876,-2.546
1789401939,905915352,183.225,robot_1_carried_generic_box,-1.929,-2.713
1789401940,133029440,183.452,robot_2,2.005,-1.605
1789401940,133118088,183.452,robot_1,-1.929,-2.712
1789401940,133160328,183.452,robot_0,1.786,-2.545
1789401940,133202102,183.452,robot_0_carried_generic_box,1.840,-2.545
1789401940,133233591,183.452,robot_1_carried_generic_box,-1.929,-2.713
1789401940,355907582,183.675,robot_2,1.978,-1.580
1789401940,355995398,183.675,robot_1,-1.929,-2.712
1789401940,356050407,183.675,robot_0,1.750,-2.545
1789401940,356101957,183.675,robot_0_carried_generic_box,1.807,-2.545
1789401940,356142337,183.675,robot_1_carried_generic_box,-1.929,-2.712
1789401940,569032267,183.888,robot_2,1.949,-1.554
1789401940,569113636,183.888,robot_1,-1.930,-2.712
1789401940,569161753,183.888,robot_0,1.711,-2.545
1789401940,569206376,183.888,robot_0_carried_generic_box,1.780,-2.545
1789401940,569238768,183.888,robot_1_carried_generic_box,-1.929,-2.712
1789401940,787531272,184.107,robot_2,1.921,-1.528
1789401940,810681835,184.130,robot_1,-1.930,-2.712
1789401940,810781108,184.130,robot_0,1.672,-2.544
1789401940,810830352,184.130,robot_0_carried_generic_box,1.723,-2.545
1789401940,810866314,184.130,robot_1_carried_generic_box,-1.930,-2.712
1789401940,993388422,184.313,robot_2,1.896,-1.506
1789401940,993457937,184.313,robot_1,-1.930,-2.712
1789401940,993503299,184.313,robot_0,1.639,-2.544
1789401940,993544281,184.313,robot_0_carried_generic_box,1.687,-2.544
1789401940,993584606,184.329,robot_1_carried_generic_box,-1.930,-2.712
1789401941,215267840,184.535,robot_2,1.872,-1.483
1789401941,215348132,184.535,robot_1,-1.931,-2.712
1789401941,215389351,184.535,robot_0,1.606,-2.544
1789401941,215456887,184.535,robot_0_carried_generic_box,1.651,-2.544
1789401941,215496041,184.535,robot_1_carried_generic_box,-1.930,-2.712
1789401941,430667100,184.750,robot_2,1.843,-1.457
1789401941,430738661,184.750,robot_1,-1.931,-2.727
1789401941,430777782,184.750,robot_0,1.567,-2.544
1789401941,430813866,184.750,robot_0_carried_generic_box,1.624,-2.544
1789401941,430841564,184.750,robot_1_carried_generic_box,-1.930,-2.712
1789401941,640286858,184.960,robot_2,1.814,-1.431
1789401941,640360491,184.960,robot_1,-1.932,-2.764
1789401941,640408836,184.960,robot_0,1.528,-2.543
1789401941,640449316,184.960,robot_0_carried_generic_box,1.594,-2.544
1789401941,640482097,184.960,robot_1_carried_generic_box,-1.931,-2.713
1789401941,850274411,185.170,robot_2,1.790,-1.408
1789401941,850355978,185.170,robot_1,-1.932,-2.777
1789401941,850411671,185.170,robot_0,1.495,-2.543
1789401941,850451366,185.170,robot_0_carried_generic_box,1.540,-2.544
1789401941,850478146,185.170,robot_1_carried_generic_box,-1.932,-2.754
1789401942,60367999,185.380,robot_2,1.768,-1.388
1789401942,60440142,185.380,robot_1,-1.932,-2.798
1789401942,60480601,185.380,robot_0,1.465,-2.543
1789401942,60517488,185.380,robot_0_carried_generic_box,1.516,-2.543
1789401942,60546516,185.380,robot_1_carried_generic_box,-1.932,-2.767
1789401942,286641616,185.606,robot_2,1.741,-1.364
1789401942,286756578,185.606,robot_1,-1.932,-2.820
1789401942,286801433,185.606,robot_0,1.429,-2.543
1789401942,286838325,185.606,robot_0_carried_generic_box,1.489,-2.543
1789401942,286866591,185.606,robot_1_carried_generic_box,-1.932,-2.784
1789401942,509528823,185.829,robot_2,1.712,-1.338
1789401942,509625808,185.829,robot_1,-1.933,-2.848
1789401942,509682119,185.829,robot_0,1.390,-2.543
1789401942,509730212,185.829,robot_0_carried_generic_box,1.447,-2.543
1789401942,509767017,185.829,robot_1_carried_generic_box,-1.932,-2.807
1789401942,757268085,186.077,robot_2,1.681,-1.309
1789401942,757351022,186.077,robot_1,-1.933,-2.849
1789401942,757405213,186.077,robot_0,1.348,-2.542
1789401942,757454671,186.077,robot_0_carried_generic_box,1.414,-2.543
1789401942,757491295,186.077,robot_1_carried_generic_box,-1.933,-2.842
1789401942,974427908,186.294,robot_2,1.657,-1.287
1789401942,974520653,186.294,robot_1,-1.935,-2.865
1789401942,974566123,186.294,robot_0,1.315,-2.542
1789401942,974616905,186.294,robot_0_carried_generic_box,1.366,-2.542
1789401942,974647029,186.294,robot_1_carried_generic_box,-1.933,-2.849
1789401943,196228092,186.516,robot_2,1.633,-1.265
1789401943,196311368,186.516,robot_1,-1.940,-2.897
1789401943,196366425,186.516,robot_0,1.282,-2.542
1789401943,196416958,186.516,robot_0_carried_generic_box,1.327,-2.542
1789401943,196458742,186.516,robot_1_carried_generic_box,-1.933,-2.849
1789401943,402804574,186.722,robot_2,1.604,-1.238
1789401943,402911098,186.722,robot_1,-1.946,-2.930
1789401943,402969511,186.722,robot_0,1.243,-2.542
1789401943,403024449,186.722,robot_0_carried_generic_box,1.294,-2.542
1789401943,403069119,186.722,robot_1_carried_generic_box,-1.938,-2.885
1789401943,619368014,186.939,robot_2,1.577,-1.214
1789401943,619448028,186.939,robot_1,-1.947,-2.934
1789401943,619502446,186.939,robot_0,1.207,-2.541
1789401943,619548945,186.939,robot_0_carried_generic_box,1.258,-2.542
1789401943,619586380,186.956,robot_1_carried_generic_box,-1.945,-2.920
1789401943,832472507,187.152,robot_2,1.551,-1.190
1789401943,832554052,187.152,robot_1,-1.947,-2.935
1789401943,832613177,187.152,robot_0,1.171,-2.541
1789401943,832664466,187.152,robot_0_carried_generic_box,1.228,-2.542
1789401943,832703887,187.152,robot_1_carried_generic_box,-1.947,-2.934
1789401944,47229907,187.367,robot_2,1.532,-1.172
1789401944,47309434,187.367,robot_1,-1.947,-2.935
1789401944,47359895,187.367,robot_0,1.132,-2.541
1789401944,47404455,187.367,robot_0_carried_generic_box,1.192,-2.541
1789401944,47434620,187.367,robot_1_carried_generic_box,-1.947,-2.935
1789401944,261533258,187.581,robot_2,1.532,-1.172
1789401944,265894405,187.585,robot_1,-1.946,-2.935
1789401944,265998165,187.585,robot_0,1.099,-2.541
1789401944,266052107,187.585,robot_0_carried_generic_box,1.159,-2.541
1789401944,266095219,187.585,robot_1_carried_generic_box,-1.947,-2.935
1789401944,472291325,187.792,robot_2,1.532,-1.172
1789401944,472375589,187.792,robot_1,-1.946,-2.935
1789401944,472417085,187.792,robot_0,1.069,-2.541
1789401944,472459472,187.792,robot_0_carried_generic_box,1.126,-2.541
1789401944,472491883,187.792,robot_1_carried_generic_box,-1.947,-2.935
1789401944,684378334,188.004,robot_2,1.532,-1.172
1789401944,684450671,188.004,robot_1,-1.954,-2.945
1789401944,684495309,188.004,robot_0,1.030,-2.540
1789401944,684543201,188.004,robot_0_carried_generic_box,1.072,-2.541
1789401944,684582363,188.019,robot_1_carried_generic_box,-1.946,-2.935
1789401944,915861997,188.235,robot_2,1.532,-1.172
1789401944,915936529,188.235,robot_1,-1.979,-2.974
1789401944,915983919,188.235,robot_0,0.988,-2.540
1789401944,916023774,188.235,robot_0_carried_generic_box,1.051,-2.541
1789401944,916057043,188.235,robot_1_carried_generic_box,-1.947,-2.936
1789401945,122361978,188.442,robot_2,1.532,-1.172
1789401945,122432829,188.460,robot_1,-1.985,-2.980
1789401945,141069659,188.460,robot_0,0.952,-2.540
1789401945,141140896,188.460,robot_0_carried_generic_box,1.009,-2.540
1789401945,141181236,188.460,robot_1_carried_generic_box,-1.967,-2.960
1789401945,334483176,188.654,robot_2,1.532,-1.172
1789401945,334557272,188.654,robot_1,-1.984,-2.980
1789401945,356780996,188.676,robot_0,0.913,-2.540
1789401945,356891344,188.676,robot_0_carried_generic_box,0.973,-2.540
1789401945,356935751,188.676,robot_1_carried_generic_box,-1.984,-2.979
1789401945,551409994,188.871,robot_2,1.532,-1.172
1789401945,551489084,188.871,robot_1,-1.984,-2.980
1789401945,551537410,188.871,robot_0,0.883,-2.539
1789401945,551582335,188.871,robot_0_carried_generic_box,0.949,-2.540
1789401945,551628415,188.871,robot_1_carried_generic_box,-1.984,-2.980
1789401945,778518094,189.098,robot_2,1.532,-1.171
1789401945,778590280,189.105,robot_1,-1.984,-2.980
1789401945,785910001,189.105,robot_0,0.838,-2.539
1789401945,785992103,189.105,robot_0_carried_generic_box,0.892,-2.540
1789401945,786031775,189.105,robot_1_carried_generic_box,-1.984,-2.980
1789401945,982779547,189.302,robot_2,1.532,-1.171
1789401945,989262450,189.309,robot_1,-1.984,-2.980
1789401945,989384573,189.309,robot_0,0.802,-2.539
1789401945,989440841,189.309,robot_0_carried_generic_box,0.856,-2.539
1789401945,989476850,189.309,robot_1_carried_generic_box,-1.984,-2.980
1789401946,196585750,189.529,robot_2,1.532,-1.171
1789401946,209928575,189.529,robot_1,-1.985,-2.980
1789401946,209989048,189.529,robot_0,0.760,-2.539
1789401946,210031914,189.529,robot_0_carried_generic_box,0.820,-2.539
1789401946,210066000,189.529,robot_1_carried_generic_box,-1.984,-2.980
1789401946,426214245,189.745,robot_2,1.532,-1.170
1789401946,426296964,189.753,robot_1,-1.985,-2.980
1789401946,433959776,189.753,robot_0,0.727,-2.539
1789401946,434043107,189.753,robot_0_carried_generic_box,0.787,-2.539
1789401946,434083067,189.753,robot_1_carried_generic_box,-1.984,-2.980
1789401946,638170150,189.957,robot_2,1.532,-1.170
1789401946,638243126,189.958,robot_1,-1.985,-2.980
1789401946,638288219,189.958,robot_0,0.691,-2.538
1789401946,638334112,189.958,robot_0_carried_generic_box,0.745,-2.539
1789401946,638370911,189.958,robot_1_carried_generic_box,-1.985,-2.980
1789401946,844571943,190.164,robot_2,1.532,-1.170
1789401946,844662227,190.164,robot_1,-1.985,-2.979
1789401946,844707599,190.164,robot_0,0.655,-2.538
1789401946,844747645,190.164,robot_0_carried_generic_box,0.715,-2.538
1789401946,844779655,190.164,robot_1_carried_generic_box,-1.985,-2.980
1789401947,52964741,190.372,robot_2,1.532,-1.170
1789401947,53048553,190.372,robot_1,-1.985,-2.979
1789401947,53097015,190.372,robot_0,0.616,-2.538
1789401947,53135947,190.372,robot_0_carried_generic_box,0.688,-2.538
1789401947,53173707,190.372,robot_1_carried_generic_box,-1.985,-2.980
1789401947,280377543,190.600,robot_2,1.532,-1.170
1789401947,280460655,190.600,robot_1,-1.986,-2.979
1789401947,280511877,190.600,robot_0,0.574,-2.538
1789401947,280561158,190.600,robot_0_carried_generic_box,0.619,-2.538
1789401947,300652434,190.620,robot_1_carried_generic_box,-1.985,-2.979
1789401947,486674792,190.806,robot_2,1.532,-1.169
1789401947,486789757,190.806,robot_1,-1.986,-2.979
1789401947,486841098,190.806,robot_0,0.544,-2.537
1789401947,486884580,190.806,robot_0_carried_generic_box,0.586,-2.538
1789401947,486918447,190.806,robot_1_carried_generic_box,-1.986,-2.979
1789401947,706661216,191.026,robot_2,1.531,-1.169
1789401947,706738013,191.026,robot_1,-1.986,-2.979
1789401947,706782154,191.026,robot_0,0.505,-2.537
1789401947,706822430,191.026,robot_0_carried_generic_box,0.562,-2.538
1789401947,706849884,191.026,robot_1_carried_generic_box,-1.986,-2.979
1789401947,919568127,191.239,robot_2,1.531,-1.169
1789401947,919662107,191.239,robot_1,-1.987,-2.979
1789401947,919712952,191.239,robot_0,0.466,-2.537
1789401947,919757552,191.239,robot_0_carried_generic_box,0.532,-2.537
1789401947,919790053,191.239,robot_1_carried_generic_box,-1.986,-2.979
1789401948,138341742,191.458,robot_2,1.527,-1.174
1789401948,138424291,191.458,robot_1,-1.987,-2.979
1789401948,138477884,191.458,robot_0,0.436,-2.537
1789401948,138526191,191.458,robot_0_carried_generic_box,0.496,-2.537
1789401948,138563141,191.458,robot_1_carried_generic_box,-1.986,-2.979
1789401948,343576543,191.663,robot_2,1.509,-1.202
1789401948,343666459,191.663,robot_1,-1.987,-2.979
1789401948,343716560,191.663,robot_0,0.400,-2.537
1789401948,343762397,191.663,robot_0_carried_generic_box,0.454,-2.537
1789401948,343794908,191.663,robot_1_carried_generic_box,-1.987,-2.979
1789401948,560062172,191.879,robot_2,1.491,-1.229
1789401948,560150144,191.879,robot_1,-1.987,-2.980
1789401948,560194382,191.879,robot_0,0.367,-2.536
1789401948,560235387,191.879,robot_0_carried_generic_box,0.412,-2.537
1789401948,560263978,191.880,robot_1_carried_generic_box,-1.987,-2.979
1789401948,760122064,192.079,robot_2,1.473,-1.257
1789401948,760201160,192.079,robot_1,-1.987,-2.980
1789401948,760253196,192.080,robot_0,0.334,-2.536
1789401948,760293068,192.080,robot_0_carried_generic_box,0.379,-2.536
1789401948,760322093,192.080,robot_1_carried_generic_box,-1.987,-2.979
1789401948,985125892,192.304,robot_2,1.456,-1.282
1789401948,985204324,192.304,robot_1,-1.988,-2.980
1789401948,985249966,192.305,robot_0,0.304,-2.536
1789401948,985294748,192.305,robot_0_carried_generic_box,0.364,-2.536
1789401948,985322728,192.305,robot_1_carried_generic_box,-1.987,-2.980
1789401949,214136616,192.533,robot_2,1.435,-1.315
1789401949,214212204,192.533,robot_1,-1.988,-2.980
1789401949,214253811,192.534,robot_0,0.265,-2.536
1789401949,214294608,192.534,robot_0_carried_generic_box,0.316,-2.536
1789401949,214326769,192.534,robot_1_carried_generic_box,-1.988,-2.980
1789401949,415563127,192.735,robot_2,1.415,-1.345
1789401949,415656155,192.735,robot_1,-1.996,-2.970
1789401949,415711064,192.735,robot_0,0.229,-2.535
1789401949,415765338,192.735,robot_0_carried_generic_box,0.292,-2.536
1789401949,415808587,192.735,robot_1_carried_generic_box,-1.988,-2.980
1789401949,625332117,192.945,robot_2,1.394,-1.378
1789401949,625401070,192.945,robot_1,-2.011,-2.949
1789401949,625454403,192.945,robot_0,0.190,-2.535
1789401949,625504519,192.945,robot_0_carried_generic_box,0.253,-2.536
1789401949,625543399,192.945,robot_1_carried_generic_box,-1.989,-2.979
1789401949,828819918,193.148,robot_2,1.374,-1.408
1789401949,828896188,193.148,robot_1,-2.026,-2.930
1789401949,828950820,193.148,robot_0,0.154,-2.535
1789401949,829003840,193.148,robot_0_carried_generic_box,0.208,-2.535
1789401949,829043477,193.148,robot_1_carried_generic_box,-2.004,-2.958
1789401950,62269765,193.382,robot_2,1.353,-1.440
1789401950,62342139,193.382,robot_1,-2.033,-2.921
1789401950,62389654,193.382,robot_0,0.115,-2.535
1789401950,62434508,193.382,robot_0_carried_generic_box,0.160,-2.535
1789401950,62470735,193.382,robot_1_carried_generic_box,-2.017,-2.941
1789401950,276297087,193.596,robot_2,1.330,-1.475
1789401950,276373826,193.596,robot_1,-2.033,-2.921
1789401950,276418749,193.596,robot_0,0.073,-2.535
1789401950,276466383,193.596,robot_0_carried_generic_box,0.136,-2.535
1789401950,276507794,193.596,robot_1_carried_generic_box,-2.032,-2.922
1789401950,489102519,193.808,robot_2,1.310,-1.506
1789401950,489177022,193.808,robot_1,-2.033,-2.921
1789401950,489225689,193.808,robot_0,0.037,-2.534
1789401950,489275791,193.809,robot_0_carried_generic_box,0.091,-2.535
1789401950,489316514,193.809,robot_1_carried_generic_box,-2.033,-2.921
1789401950,690088476,194.009,robot_2,1.293,-1.531
1789401950,690162222,194.009,robot_1,-2.033,-2.921
1789401950,690207844,194.009,robot_0,0.007,-2.534
1789401950,690252535,194.010,robot_0_carried_generic_box,0.055,-2.534
1789401950,690288287,194.010,robot_1_carried_generic_box,-2.033,-2.921
1789401950,891133313,194.210,robot_2,1.272,-1.563
1789401950,891202355,194.210,robot_1,-2.033,-2.921
1789401950,891253290,194.211,robot_0,-0.032,-2.534
1789401950,891303396,194.211,robot_0_carried_generic_box,0.022,-2.534
1789401950,891343424,194.211,robot_1_carried_generic_box,-2.033,-2.921
1789401951,101114121,194.420,robot_2,1.252,-1.593
1789401951,101203978,194.420,robot_1,-2.033,-2.922
1789401951,101319476,194.421,robot_0,-0.068,-2.534
1789401951,101425664,194.421,robot_0_carried_generic_box,-0.005,-2.534
1789401951,101493163,194.421,robot_1_carried_generic_box,-2.033,-2.921
1789401951,314013841,194.633,robot_2,1.231,-1.626
1789401951,314095818,194.633,robot_1,-2.033,-2.922
1789401951,314148599,194.633,robot_0,-0.107,-2.533
1789401951,320670384,194.640,robot_0_carried_generic_box,-0.044,-2.534
1789401951,320796377,194.640,robot_1_carried_generic_box,-2.033,-2.922
1789401951,520453135,194.840,robot_2,1.210,-1.659
1789401951,520533439,194.840,robot_1,-2.033,-2.922
1789401951,520577157,194.840,robot_0,-0.146,-2.533
1789401951,538821923,194.858,robot_0_carried_generic_box,-0.092,-2.534
1789401951,538903858,194.858,robot_1_carried_generic_box,-2.033,-2.922
1789401951,729515126,195.049,robot_2,1.192,-1.686
1789401951,751425606,195.071,robot_1,-2.033,-2.923
1789401951,751574269,195.071,robot_0,-0.179,-2.533
1789401951,751646123,195.071,robot_0_carried_generic_box,-0.119,-2.533
1789401951,751684709,195.071,robot_1_carried_generic_box,-2.033,-2.922
1789401951,934655235,195.254,robot_2,1.175,-1.711
1789401951,934743324,195.254,robot_1,-2.033,-2.923
1789401951,934790605,195.254,robot_0,-0.209,-2.533
1789401951,934835415,195.254,robot_0_carried_generic_box,-0.155,-2.533
1789401951,934869457,195.254,robot_1_carried_generic_box,-2.033,-2.922
1789401952,177969478,195.497,robot_2,1.150,-1.749
1789401952,178053839,195.497,robot_1,-2.033,-2.923
1789401952,178097756,195.497,robot_0,-0.254,-2.533
1789401952,178138034,195.497,robot_0_carried_generic_box,-0.191,-2.533
1789401952,178167866,195.497,robot_1_carried_generic_box,-2.033,-2.923
1789401952,402083861,195.721,robot_2,1.132,-1.777
1789401952,402166863,195.721,robot_1,-2.033,-2.923
1789401952,402214129,195.721,robot_0,-0.287,-2.532
1789401952,402264238,195.722,robot_0_carried_generic_box,-0.236,-2.533
1789401952,402299556,195.722,robot_1_carried_generic_box,-2.033,-2.923
1789401952,630373061,195.950,robot_2,1.113,-1.807
1789401952,630476277,195.950,robot_1,-2.033,-2.923
1789401952,630533253,195.950,robot_0,-0.323,-2.532
1789401952,630587334,195.950,robot_0_carried_generic_box,-0.275,-2.532
1789401952,630639676,195.950,robot_1_carried_generic_box,-2.033,-2.923
1789401952,830652581,196.150,robot_2,1.091,-1.839
1789401952,830728809,196.150,robot_1,-2.029,-2.923
1789401952,830767106,196.150,robot_0,-0.362,-2.532
1789401952,830803579,196.150,robot_0_carried_generic_box,-0.296,-2.532
1789401952,830833538,196.150,robot_1_carried_generic_box,-2.033,-2.923
1789401953,52151843,196.371,robot_2,1.072,-1.869
1789401953,52247905,196.372,robot_1,-1.997,-2.919
1789401953,52336612,196.372,robot_0,-0.398,-2.532
1789401953,52377816,196.372,robot_0_carried_generic_box,-0.326,-2.532
1789401953,52410192,196.372,robot_1_carried_generic_box,-2.033,-2.923
1789401953,260375422,196.580,robot_2,1.054,-1.897
1789401953,260456477,196.580,robot_1,-1.964,-2.916
1789401953,260497068,196.580,robot_0,-0.431,-2.531
1789401953,260537320,196.580,robot_0_carried_generic_box,-0.365,-2.532
1789401953,260567653,196.580,robot_1_carried_generic_box,-2.027,-2.922
1789401953,463777691,196.783,robot_2,1.034,-1.927
1789401953,463864713,196.783,robot_1,-1.928,-2.913
1789401953,463915146,196.783,robot_0,-0.467,-2.531
1789401953,463962709,196.783,robot_0_carried_generic_box,-0.413,-2.532
1789401953,463999516,196.783,robot_1_carried_generic_box,-2.003,-2.920
1789401953,676055691,196.995,robot_2,1.016,-1.955
1789401953,676139725,196.995,robot_1,-1.902,-2.910
1789401953,676187836,196.995,robot_0,-0.500,-2.531
1789401953,676232840,196.995,robot_0_carried_generic_box,-0.458,-2.531
1789401953,676270170,196.996,robot_1_carried_generic_box,-1.955,-2.915
1789401953,900062038,197.219,robot_2,0.996,-1.985
1789401953,900144537,197.219,robot_1,-1.876,-2.908
1789401953,900186454,197.219,robot_0,-0.536,-2.531
1789401953,900224693,197.219,robot_0_carried_generic_box,-0.482,-2.531
1789401953,900254767,197.220,robot_1_carried_generic_box,-1.911,-2.911
1789401954,151929308,197.471,robot_2,0.973,-2.020
1789401954,152030868,197.471,robot_1,-1.845,-2.906
1789401954,152075346,197.471,robot_0,-0.578,-2.531
1789401954,152114856,197.471,robot_0_carried_generic_box,-0.521,-2.531
1789401954,152147561,197.471,robot_1_carried_generic_box,-1.888,-2.909
1789401954,354961065,197.674,robot_2,0.958,-2.043
1789401954,355062773,197.674,robot_1,-1.844,-2.906
1789401954,355121255,197.674,robot_0,-0.605,-2.530
1789401954,355170507,197.674,robot_0_carried_generic_box,-0.548,-2.531
1789401954,355210349,197.674,robot_1_carried_generic_box,-1.861,-2.907
1789401954,580801437,197.900,robot_2,0.940,-2.070
1789401954,580914361,197.900,robot_1,-1.828,-2.905
1789401954,580974357,197.900,robot_0,-0.638,-2.530
1789401954,581024310,197.900,robot_0_carried_generic_box,-0.593,-2.530
1789401954,581057596,197.900,robot_1_carried_generic_box,-1.844,-2.906
1789401954,790746049,198.110,robot_2,0.920,-2.100
1789401954,790834221,198.110,robot_1,-1.792,-2.906
1789401954,790883042,198.110,robot_0,-0.674,-2.530
1789401954,790928197,198.110,robot_0_carried_generic_box,-0.617,-2.530
1789401954,790965849,198.110,robot_1_carried_generic_box,-1.842,-2.906
1789401955,22242634,198.342,robot_2,0.901,-2.131
1789401955,22336165,198.342,robot_1,-1.761,-2.907
1789401955,22384646,198.342,robot_0,-0.710,-2.530
1789401955,22431395,198.342,robot_0_carried_generic_box,-0.659,-2.530
1789401955,22469175,198.342,robot_1_carried_generic_box,-1.807,-2.906
1789401955,223640442,198.543,robot_2,0.879,-2.163
1789401955,223713528,198.543,robot_1,-1.757,-2.907
1789401955,223747892,198.543,robot_0,-0.749,-2.530
1789401955,223782794,198.543,robot_0_carried_generic_box,-0.686,-2.530
1789401955,223808234,198.543,robot_1_carried_generic_box,-1.777,-2.906
1789401955,426260882,198.746,robot_2,0.866,-2.183
1789401955,426356458,198.746,robot_1,-1.757,-2.907
1789401955,426401725,198.746,robot_0,-0.773,-2.529
1789401955,426448019,198.746,robot_0_carried_generic_box,-0.722,-2.530
1789401955,426482710,198.746,robot_1_carried_generic_box,-1.757,-2.907
1789401955,659986859,198.979,robot_2,0.843,-2.218
1789401955,660078865,198.979,robot_1,-1.757,-2.906
1789401955,660125535,198.979,robot_0,-0.815,-2.529
1789401955,660173281,198.979,robot_0_carried_generic_box,-0.755,-2.529
1789401955,660209500,198.979,robot_1_carried_generic_box,-1.757,-2.907
1789401955,861038390,199.180,robot_2,0.822,-2.251
1789401955,861129667,199.180,robot_1,-1.757,-2.906
1789401955,861184262,199.180,robot_0,-0.854,-2.529
1789401955,861236832,199.181,robot_0_carried_generic_box,-0.782,-2.529
1789401955,861277933,199.181,robot_1_carried_generic_box,-1.757,-2.906
1789401956,79281217,199.399,robot_2,0.802,-2.281
1789401956,79373064,199.399,robot_1,-1.757,-2.906
1789401956,79426677,199.399,robot_0,-0.890,-2.529
1789401956,79479066,199.399,robot_0_carried_generic_box,-0.845,-2.529
1789401956,79518426,199.399,robot_1_carried_generic_box,-1.757,-2.906
1789401956,288261520,199.608,robot_2,0.784,-2.309
1789401956,288344745,199.608,robot_1,-1.757,-2.905
1789401956,288389075,199.608,robot_0,-0.923,-2.528
1789401956,288431814,199.608,robot_0_carried_generic_box,-0.872,-2.529
1789401956,288467260,199.608,robot_1_carried_generic_box,-1.757,-2.906
1789401956,506080166,199.825,robot_2,0.764,-2.339
1789401956,506163853,199.825,robot_1,-1.756,-2.905
1789401956,506219617,199.825,robot_0,-0.955,-2.528
1789401956,506271760,199.826,robot_0_carried_generic_box,-0.905,-2.529
1789401956,506304472,199.826,robot_1_carried_generic_box,-1.757,-2.906
1789401956,707267565,200.027,robot_2,0.743,-2.371
1789401956,707340993,200.027,robot_1,-1.756,-2.905
1789401956,707388188,200.027,robot_0,-0.961,-2.528
1789401956,707434052,200.027,robot_0_carried_generic_box,-0.935,-2.528
1789401956,707466830,200.027,robot_1_carried_generic_box,-1.757,-2.905
1789401956,918317402,200.238,robot_2,0.727,-2.397
1789401956,918432287,200.238,robot_1,-1.756,-2.905
1789401956,918477768,200.238,robot_0,-0.961,-2.528
1789401956,918519503,200.238,robot_0_carried_generic_box,-0.960,-2.528
1789401956,918551263,200.238,robot_1_carried_generic_box,-1.756,-2.905
1789401957,126870909,200.446,robot_2,0.710,-2.422
1789401957,126944956,200.446,robot_1,-1.756,-2.905
1789401957,126981515,200.446,robot_0,-0.961,-2.528
1789401957,127017892,200.446,robot_0_carried_generic_box,-0.961,-2.528
1789401957,127045132,200.446,robot_1_carried_generic_box,-1.756,-2.905
1789401957,330877626,200.650,robot_2,0.689,-2.454
1789401957,330961334,200.650,robot_1,-1.756,-2.905
1789401957,331005640,200.650,robot_0,-0.961,-2.528
1789401957,331045114,200.650,robot_0_carried_generic_box,-0.961,-2.528
1789401957,331078299,200.650,robot_1_carried_generic_box,-1.756,-2.905
1789401957,576324682,200.896,robot_2,0.664,-2.492
1789401957,576397246,200.896,robot_1,-1.755,-2.904
1789401957,576438762,200.896,robot_0,-0.961,-2.527
1789401957,576479955,200.896,robot_0_carried_generic_box,-0.961,-2.528
1789401957,576512248,200.896,robot_1_carried_generic_box,-1.756,-2.905
1789401957,787238025,201.107,robot_2,0.646,-2.520
1789401957,787315503,201.107,robot_1,-1.755,-2.904
1789401957,787364647,201.107,robot_0,-0.961,-2.527
1789401957,787409072,201.107,robot_0_carried_generic_box,-0.961,-2.527
1789401957,787442588,201.107,robot_1_carried_generic_box,-1.755,-2.904
1789401958,6065684,201.325,robot_2,0.626,-2.550
1789401958,6144550,201.325,robot_1,-1.755,-2.904
1789401958,6199253,201.325,robot_0,-0.961,-2.527
1789401958,6251365,201.326,robot_0_carried_generic_box,-0.961,-2.527
1789401958,6291988,201.326,robot_1_carried_generic_box,-1.755,-2.904
1789401958,222534222,201.542,robot_2,0.605,-2.582
1789401958,233359207,201.553,robot_1,-1.755,-2.904
1789401958,233472357,201.553,robot_0,-0.962,-2.527
1789401958,233521116,201.553,robot_0_carried_generic_box,-0.961,-2.527
1789401958,233557259,201.553,robot_1_carried_generic_box,-1.755,-2.904
1789401958,438722347,201.758,robot_2,0.585,-2.612
1789401958,438810469,201.758,robot_1,-1.755,-2.904
1789401958,438865780,201.758,robot_0,-0.962,-2.526
1789401958,438917996,201.758,robot_0_carried_generic_box,-0.962,-2.527
1789401958,438963954,201.758,robot_1_carried_generic_box,-1.755,-2.904
1789401958,674543698,201.994,robot_2,0.559,-2.653
1789401958,683001857,202.002,robot_1,-1.756,-2.905
1789401958,683114127,202.002,robot_0,-0.962,-2.526
1789401958,683175838,202.002,robot_0_carried_generic_box,-0.962,-2.527
1789401958,683218928,202.002,robot_1_carried_generic_box,-1.755,-2.904
1789401958,887346713,202.207,robot_2,0.539,-2.683
1789401958,887431447,202.207,robot_1,-1.756,-2.905
1789401958,887483760,202.207,robot_0,-0.962,-2.526
1789401958,887533250,202.207,robot_0_carried_generic_box,-0.962,-2.526
1789401958,887569745,202.207,robot_1_carried_generic_box,-1.756,-2.905
1789401959,92017645,202.411,robot_2,0.519,-2.713
1789401959,92093265,202.411,robot_1,-1.756,-2.905
1789401959,92134479,202.411,robot_0,-0.963,-2.526
1789401959,92178609,202.411,robot_0_carried_generic_box,-0.962,-2.526
1789401959,92215474,202.411,robot_1_carried_generic_box,-1.756,-2.905
1789401959,298418052,202.618,robot_2,0.496,-2.748
1789401959,298497235,202.618,robot_1,-1.756,-2.905
1789401959,298538801,202.618,robot_0,-0.963,-2.526
1789401959,298583384,202.632,robot_0_carried_generic_box,-0.963,-2.526
1789401959,312725107,202.632,robot_1_carried_generic_box,-1.756,-2.905
1789401959,520485774,202.840,robot_2,0.478,-2.776
1789401959,520579311,202.840,robot_1,-1.756,-2.906
1789401959,520642515,202.840,robot_0,-0.963,-2.526
1789401959,520693294,202.840,robot_0_carried_generic_box,-0.963,-2.526
1789401959,520730059,202.840,robot_1_carried_generic_box,-1.756,-2.905
1789401959,729570294,203.049,robot_2,0.460,-2.803
1789401959,729676747,203.049,robot_1,-1.756,-2.906
1789401959,729719991,203.049,robot_0,-0.963,-2.526
1789401959,729758041,203.049,robot_0_carried_generic_box,-0.963,-2.526
1789401959,729788349,203.049,robot_1_carried_generic_box,-1.756,-2.905
1789401959,929727360,203.249,robot_2,0.439,-2.836
1789401959,929800605,203.249,robot_1,-1.756,-2.906
1789401959,929840020,203.249,robot_0,-0.964,-2.526
1789401959,929882587,203.249,robot_0_carried_generic_box,-0.963,-2.526
1789401959,929916765,203.249,robot_1_carried_generic_box,-1.756,-2.906
1789401960,139802365,203.459,robot_2,0.421,-2.863
1789401960,139882977,203.459,robot_1,-1.756,-2.906
1789401960,139926950,203.459,robot_0,-0.964,-2.526
1789401960,139972021,203.459,robot_0_carried_generic_box,-0.963,-2.526
1789401960,140006915,203.459,robot_1_carried_generic_box,-1.756,-2.906
1789401960,362546042,203.682,robot_2,0.403,-2.891
1789401960,366848749,203.686,robot_1,-1.756,-2.907
1789401960,366945377,203.686,robot_0,-0.964,-2.526
1789401960,366994792,203.686,robot_0_carried_generic_box,-0.964,-2.526
1789401960,367027199,203.686,robot_1_carried_generic_box,-1.756,-2.906
1789401960,579077095,203.898,robot_2,0.385,-2.919
1789401960,579150775,203.898,robot_1,-1.756,-2.907
1789401960,579197193,203.898,robot_0,-0.959,-2.544
1789401960,579248516,203.899,robot_0_carried_generic_box,-0.964,-2.526
1789401960,579283488,203.899,robot_1_carried_generic_box,-1.756,-2.907
1789401960,804991639,204.124,robot_2,0.365,-2.949
1789401960,805079787,204.124,robot_1,-1.756,-2.907
1789401960,805127995,204.124,robot_0,-0.949,-2.578
1789401960,805172255,204.124,robot_0_carried_generic_box,-0.963,-2.529
1789401960,805208756,204.124,robot_1_carried_generic_box,-1.756,-2.907
1789401961,35042398,204.354,robot_2,0.344,-2.981
1789401961,35164702,204.354,robot_1,-1.758,-2.908
1789401961,35217008,204.354,robot_0,-0.937,-2.616
1789401961,35269974,204.355,robot_0_carried_generic_box,-0.955,-2.558
1789401961,35313333,204.355,robot_1_carried_generic_box,-1.756,-2.907
1789401961,247181311,204.566,robot_2,0.322,-3.014
1789401961,247274593,204.567,robot_1,-1.781,-2.916
1789401961,247327797,204.567,robot_0,-0.926,-2.653
1789401961,247383755,204.567,robot_0_carried_generic_box,-0.943,-2.599
1789401961,247425361,204.567,robot_1_carried_generic_box,-1.756,-2.907
1789401961,511561346,204.831,robot_2,0.304,-3.042
1789401961,511648988,204.831,robot_1,-1.802,-2.924
1789401961,511693431,204.831,robot_0,-0.916,-2.685
1789401961,511743599,204.831,robot_0_carried_generic_box,-0.929,-2.642
1789401961,511785350,204.831,robot_1_carried_generic_box,-1.777,-2.915
1789401961,717739403,205.037,robot_2,0.283,-3.074
1789401961,722124495,205.041,robot_1,-1.824,-2.932
1789401961,722209341,205.041,robot_0,-0.904,-2.722
1789401961,722264436,205.042,robot_0_carried_generic_box,-0.920,-2.670
1789401961,722303010,205.042,robot_1_carried_generic_box,-1.798,-2.922
1789401961,935203808,205.254,robot_2,0.277,-3.083
1789401961,935284630,205.255,robot_1,-1.825,-2.933
1789401961,935333160,205.255,robot_0,-0.893,-2.759
1789401961,935383549,205.255,robot_0_carried_generic_box,-0.911,-2.702
1789401961,935424737,205.255,robot_1_carried_generic_box,-1.813,-2.928
1789401962,136149826,205.455,robot_2,0.277,-3.083
1789401962,136233984,205.456,robot_1,-1.825,-2.933
1789401962,136279842,205.456,robot_0,-0.882,-2.793
1789401962,136331395,205.456,robot_0_carried_generic_box,-0.902,-2.730
1789401962,136373170,205.456,robot_1_carried_generic_box,-1.825,-2.933
1789401962,339330521,205.659,robot_2,0.277,-3.083
1789401962,339415559,205.659,robot_1,-1.825,-2.932
1789401962,339455542,205.659,robot_0,-0.872,-2.825
1789401962,339500525,205.659,robot_0_carried_generic_box,-0.890,-2.768
1789401962,353116282,205.672,robot_1_carried_generic_box,-1.825,-2.933
1789401962,569904124,205.889,robot_2,0.276,-3.083
1789401962,569986912,205.889,robot_1,-1.825,-2.932
1789401962,570031677,205.893,robot_0,-0.863,-2.856
1789401962,573721180,205.893,robot_0_carried_generic_box,-0.882,-2.793
1789401962,573798423,205.893,robot_1_carried_generic_box,-1.825,-2.932
1789401962,794791628,206.114,robot_2,0.276,-3.083
1789401962,794906842,206.114,robot_1,-1.825,-2.932
1789401962,794964999,206.114,robot_0,-0.850,-2.897
1789401962,795022211,206.114,robot_0_carried_generic_box,-0.865,-2.848
1789401962,795068189,206.114,robot_1_carried_generic_box,-1.825,-2.932
1789401963,7374544,206.327,robot_2,0.276,-3.083
1789401963,7455483,206.327,robot_1,-1.825,-2.931
1789401963,7500721,206.327,robot_0,-0.838,-2.937
1789401963,7548783,206.327,robot_0_carried_generic_box,-0.855,-2.879
1789401963,7589641,206.340,robot_1_carried_generic_box,-1.825,-2.932
1789401963,219153888,206.538,robot_2,0.276,-3.083
1789401963,219232122,206.538,robot_1,-1.825,-2.931
1789401963,219276341,206.539,robot_0,-0.829,-2.965
1789401963,219318206,206.539,robot_0_carried_generic_box,-0.845,-2.914
1789401963,219356670,206.539,robot_1_carried_generic_box,-1.825,-2.931
1789401963,432052625,206.751,robot_2,0.275,-3.083
1789401963,432134340,206.751,robot_1,-1.825,-2.931
1789401963,432178080,206.751,robot_0,-0.819,-2.997
1789401963,439748647,206.759,robot_0_carried_generic_box,-0.833,-2.951
1789401963,439844405,206.759,robot_1_carried_generic_box,-1.825,-2.931
1789401963,673441697,206.993,robot_2,0.275,-3.083
1789401963,673517063,206.993,robot_1,-1.825,-2.930
1789401963,673557314,206.993,robot_0,-0.807,-3.034
1789401963,673608530,206.993,robot_0_carried_generic_box,-0.820,-2.994
1789401963,673643280,206.993,robot_1_carried_generic_box,-1.825,-2.931
1789401963,890564748,207.210,robot_2,0.275,-3.083
1789401963,902707043,207.222,robot_1,-1.825,-2.930
1789401963,902791670,207.222,robot_0,-0.795,-3.074
1789401963,902840915,207.222,robot_0_carried_generic_box,-0.813,-3.017
1789401963,902879734,207.222,robot_1_carried_generic_box,-1.825,-2.930
1789401964,100874890,207.420,robot_2,0.275,-3.083
1789401964,100966345,207.420,robot_1,-1.825,-2.930
1789401964,101017187,207.420,robot_0,-0.784,-3.109
1789401964,101070965,207.420,robot_0_carried_generic_box,-0.802,-3.051
1789401964,101113499,207.420,robot_1_carried_generic_box,-1.825,-2.930
1789401964,315949069,207.635,robot_2,0.274,-3.084
1789401964,316031386,207.635,robot_1,-1.824,-2.930
1789401964,316075207,207.635,robot_0,-0.774,-3.143
1789401964,316123038,207.635,robot_0_carried_generic_box,-0.791,-3.089
1789401964,316156940,207.635,robot_1_carried_generic_box,-1.825,-2.930
1789401964,542145432,207.861,robot_2,0.274,-3.084
1789401964,542234467,207.862,robot_1,-1.825,-2.930
1789401964,542288319,207.862,robot_0,-0.765,-3.171
1789401964,542343576,207.862,robot_0_carried_generic_box,-0.783,-3.114
1789401964,542392157,207.862,robot_1_carried_generic_box,-1.825,-2.930
1789401964,762943947,208.082,robot_2,0.274,-3.084
1789401964,763026652,208.082,robot_1,-1.825,-2.930
1789401964,763067746,208.082,robot_0,-0.764,-3.174
1789401964,763113044,208.082,robot_0_carried_generic_box,-0.771,-3.152
1789401964,763147962,208.082,robot_1_carried_generic_box,-1.824,-2.930
1789401964,968772037,208.288,robot_2,0.274,-3.084
1789401964,968848554,208.288,robot_1,-1.825,-2.930
1789401964,968891663,208.288,robot_0,-0.764,-3.174
1789401964,968935702,208.288,robot_0_carried_generic_box,-0.764,-3.173
1789401964,968968308,208.288,robot_1_carried_generic_box,-1.825,-2.930
1789401965,197841727,208.517,robot_2,0.274,-3.084
1789401965,197927926,208.517,robot_1,-1.825,-2.930
1789401965,197969448,208.517,robot_0,-0.765,-3.174
1789401965,198013450,208.517,robot_0_carried_generic_box,-0.764,-3.174
1789401965,198051343,208.517,robot_1_carried_generic_box,-1.825,-2.930
1789401965,418159144,208.737,robot_2,0.274,-3.085
1789401965,418253935,208.738,robot_1,-1.825,-2.931
1789401965,418309994,208.738,robot_0,-0.765,-3.174
1789401965,418373219,208.738,robot_0_carried_generic_box,-0.764,-3.174
1789401965,418425500,208.738,robot_1_carried_generic_box,-1.825,-2.930
1789401965,634002392,208.953,robot_2,0.274,-3.085
1789401965,634097102,208.953,robot_1,-1.825,-2.931
1789401965,634150591,208.953,robot_0,-0.765,-3.174
1789401965,634209698,208.953,robot_0_carried_generic_box,-0.765,-3.174
1789401965,634255020,208.954,robot_1_carried_generic_box,-1.825,-2.931
1789401965,848738433,209.168,robot_2,0.274,-3.085
1789401965,848816701,209.168,robot_1,-1.825,-2.931
1789401965,848861248,209.168,robot_0,-0.765,-3.174
1789401965,848905774,209.168,robot_0_carried_generic_box,-0.765,-3.174
1789401965,848943439,209.168,robot_1_carried_generic_box,-1.825,-2.931
1789401966,67706708,209.387,robot_2,0.277,-3.086
1789401966,70999395,209.390,robot_1,-1.825,-2.931
1789401966,71128979,209.390,robot_0,-0.765,-3.174
1789401966,71194676,209.390,robot_0_carried_generic_box,-0.765,-3.174
1789401966,71243127,209.391,robot_1_carried_generic_box,-1.825,-2.931
1789401966,275179378,209.594,robot_2,0.310,-3.092
1789401966,275259634,209.595,robot_1,-1.825,-2.932
1789401966,275303633,209.595,robot_0,-0.766,-3.175
1789401966,275351029,209.595,robot_0_carried_generic_box,-0.765,-3.174
1789401966,275389324,209.595,robot_1_carried_generic_box,-1.825,-2.931
1789401966,483370955,209.803,robot_2,0.345,-3.099
1789401966,483464349,209.803,robot_1,-1.825,-2.932
1789401966,483517158,209.803,robot_0,-0.766,-3.175
1789401966,489094071,209.808,robot_0_carried_generic_box,-0.765,-3.175
1789401966,489208416,209.808,robot_1_carried_generic_box,-1.825,-2.932
1789401966,687253754,210.007,robot_2,0.377,-3.105
1789401966,687332354,210.007,robot_1,-1.825,-2.932
1789401966,687379163,210.007,robot_0,-0.766,-3.175
1789401966,687433163,210.007,robot_0_carried_generic_box,-0.766,-3.175
1789401966,687480785,210.007,robot_1_carried_generic_box,-1.825,-2.932
1789401966,932190115,210.251,robot_2,0.419,-3.112
1789401966,932271225,210.252,robot_1,-1.825,-2.933
1789401966,932320060,210.252,robot_0,-0.766,-3.175
1789401966,932373665,210.252,robot_0_carried_generic_box,-0.766,-3.175
1789401966,932422180,210.252,robot_1_carried_generic_box,-1.825,-2.932
1789401967,138498128,210.458,robot_2,0.454,-3.119
1789401967,138582604,210.458,robot_1,-1.825,-2.933
1789401967,138633656,210.458,robot_0,-0.766,-3.176
1789401967,138677934,210.458,robot_0_carried_generic_box,-0.766,-3.175
1789401967,138718924,210.458,robot_1_carried_generic_box,-1.825,-2.932
1789401967,364967709,210.684,robot_2,0.495,-3.126
1789401967,365044890,210.684,robot_1,-1.824,-2.933
1789401967,365093074,210.684,robot_0,-0.766,-3.176
1789401967,365141807,210.684,robot_0_carried_generic_box,-0.766,-3.176
1789401967,365178127,210.684,robot_1_carried_generic_box,-1.825,-2.933
1789401967,593588950,210.913,robot_2,0.531,-3.133
1789401967,593720345,210.913,robot_1,-1.824,-2.933
1789401967,593804697,210.913,robot_0,-0.766,-3.176
1789401967,593901390,210.913,robot_0_carried_generic_box,-0.766,-3.176
1789401967,593961036,210.913,robot_1_carried_generic_box,-1.824,-2.933
1789401967,816869516,211.136,robot_2,0.563,-3.138
1789401967,816951356,211.136,robot_1,-1.824,-2.933
1789401967,817001740,211.136,robot_0,-0.766,-3.177
1789401967,817051774,211.136,robot_0_carried_generic_box,-0.766,-3.176
1789401967,817092208,211.136,robot_1_carried_generic_box,-1.824,-2.933
1789401968,28070329,211.347,robot_2,0.596,-3.144
1789401968,28161382,211.347,robot_1,-1.824,-2.933
1789401968,28216846,211.347,robot_0,-0.766,-3.177
1789401968,28276476,211.348,robot_0_carried_generic_box,-0.766,-3.176
1789401968,28324919,211.348,robot_1_carried_generic_box,-1.824,-2.933
1789401968,247380633,211.567,robot_2,0.634,-3.151
1789401968,251252184,211.571,robot_1,-1.824,-2.933
1789401968,251357525,211.571,robot_0,-0.765,-3.177
1789401968,251417890,211.571,robot_0_carried_generic_box,-0.766,-3.177
1789401968,251457713,211.571,robot_1_carried_generic_box,-1.824,-2.933
1789401968,458532399,211.778,robot_2,0.673,-3.158
1789401968,473492776,211.793,robot_1,-1.822,-2.932
1789401968,473612051,211.793,robot_0,-0.765,-3.177
1789401968,473676201,211.793,robot_0_carried_generic_box,-0.765,-3.177
1789401968,473727046,211.793,robot_1_carried_generic_box,-1.824,-2.933
1789401968,697934511,212.017,robot_2,0.705,-3.164
1789401968,698029133,212.017,robot_1,-1.806,-2.912
1789401968,698080021,212.017,robot_0,-0.765,-3.178
1789401968,698133260,212.017,robot_0_carried_generic_box,-0.765,-3.177
1789401968,698174337,212.017,robot_1_carried_generic_box,-1.824,-2.933
1789401968,910670885,212.230,robot_2,0.743,-3.171
1789401968,910767556,212.230,robot_1,-1.787,-2.891
1789401968,910823810,212.230,robot_0,-0.765,-3.178
1789401968,910883007,212.230,robot_0_carried_generic_box,-0.765,-3.177
1789401968,910933958,212.230,robot_1_carried_generic_box,-1.814,-2.921
1789401969,118537920,212.438,robot_2,0.776,-3.177
1789401969,118631786,212.438,robot_1,-1.773,-2.874
1789401969,118679472,212.438,robot_0,-0.755,-3.166
1789401969,118730555,212.438,robot_0_carried_generic_box,-0.765,-3.178
1789401969,118775742,212.438,robot_1_carried_generic_box,-1.795,-2.900
1789401969,355108946,212.674,robot_2,0.814,-3.184
1789401969,355201943,212.674,robot_1,-1.754,-2.851
1789401969,355252159,212.675,robot_0,-0.731,-3.135
1789401969,355304615,212.675,robot_0_carried_generic_box,-0.761,-3.173
1789401969,355342471,212.675,robot_1_carried_generic_box,-1.778,-2.880
1789401969,564728330,212.884,robot_2,0.844,-3.189
1789401969,564829871,212.884,robot_1,-1.736,-2.828
1789401969,564880502,212.884,robot_0,-0.713,-3.111
1789401969,564935447,212.884,robot_0_carried_generic_box,-0.747,-3.157
1789401969,564981049,212.884,robot_1_carried_generic_box,-1.772,-2.873
1789401969,810927927,213.130,robot_2,0.882,-3.196
1789401969,811027390,213.130,robot_1,-1.713,-2.800
1789401969,811084959,213.130,robot_0,-0.689,-3.080
1789401969,811145023,213.130,robot_0_carried_generic_box,-0.718,-3.119
1789401969,811197864,213.130,robot_1_carried_generic_box,-1.741,-2.835
1789401970,12469471,213.332,robot_2,0.918,-3.203
1789401970,12569307,213.332,robot_1,-1.698,-2.781
1789401970,12632009,213.332,robot_0,-0.668,-3.052
1789401970,12693638,213.332,robot_0_carried_generic_box,-0.700,-3.095
1789401970,12743242,213.332,robot_1_carried_generic_box,-1.724,-2.814
1789401970,225987531,213.545,robot_2,0.953,-3.209
1789401970,229128742,213.548,robot_1,-1.683,-2.763
1789401970,229225500,213.548,robot_0,-0.646,-3.023
1789401970,229277545,213.549,robot_0_carried_generic_box,-0.680,-3.068
1789401970,229318597,213.549,robot_1_carried_generic_box,-1.706,-2.791
1789401970,484975028,213.804,robot_2,0.988,-3.216
1789401970,485060974,213.804,robot_1,-1.660,-2.738
1789401970,485107844,213.804,robot_0,-0.624,-2.994
1789401970,485153519,213.804,robot_0_carried_generic_box,-0.655,-3.035
1789401970,485198497,213.804,robot_1_carried_generic_box,-1.694,-2.777
1789401970,699523865,214.019,robot_2,1.005,-3.219
1789401970,699641001,214.019,robot_1,-1.636,-2.712
1789401970,699682974,214.019,robot_0,-0.602,-2.965
1789401970,699726320,214.019,robot_0_carried_generic_box,-0.635,-3.008
1789401970,699764579,214.019,robot_1_carried_generic_box,-1.670,-2.749
1789401970,917159787,214.236,robot_2,1.005,-3.219
1789401970,917252515,214.237,robot_1,-1.612,-2.688
1789401970,917300139,214.237,robot_0,-0.581,-2.937
1789401970,917349238,214.237,robot_0_carried_generic_box,-0.613,-2.980
1789401970,917390653,214.237,robot_1_carried_generic_box,-1.640,-2.717
1789401971,122367595,214.442,robot_2,1.005,-3.219
1789401971,122469966,214.442,robot_1,-1.595,-2.670
1789401971,122517763,214.442,robot_0,-0.559,-2.908
1789401971,122569380,214.442,robot_0_carried_generic_box,-0.592,-2.951
1789401971,122620302,214.442,robot_1_carried_generic_box,-1.615,-2.691
1789401971,347519435,214.667,robot_2,1.005,-3.219
1789401971,347621471,214.667,robot_1,-1.574,-2.649
1789401971,347663127,214.667,robot_0,-0.541,-2.884
1789401971,347705919,214.667,robot_0_carried_generic_box,-0.577,-2.932
1789401971,347737895,214.667,robot_1_carried_generic_box,-1.595,-2.670
1789401971,578053043,214.897,robot_2,1.005,-3.219
1789401971,578137556,214.897,robot_1,-1.545,-2.620
1789401971,578175601,214.897,robot_0,-0.516,-2.850
1789401971,578220344,214.897,robot_0_carried_generic_box,-0.541,-2.884
1789401971,578254664,214.898,robot_1_carried_generic_box,-1.568,-2.643
1789401971,799347971,215.119,robot_2,1.005,-3.220
1789401971,799431121,215.119,robot_1,-1.525,-2.600
1789401971,799467386,215.119,robot_0,-0.492,-2.819
1789401971,799508694,215.119,robot_0_carried_generic_box,-0.525,-2.862
1789401971,799538166,215.119,robot_1_carried_generic_box,-1.551,-2.626
1789401972,13220806,215.333,robot_2,1.005,-3.220
1789401972,13318596,215.333,robot_1,-1.524,-2.599
1789401972,13361822,215.333,robot_0,-0.471,-2.791
1789401972,13412673,215.333,robot_0_carried_generic_box,-0.503,-2.834
1789401972,13454435,215.333,robot_1_carried_generic_box,-1.531,-2.606
1789401972,234085179,215.553,robot_2,1.005,-3.220
1789401972,234168327,215.553,robot_1,-1.524,-2.599
1789401972,234202004,215.553,robot_0,-0.447,-2.759
1789401972,234241997,215.554,robot_0_carried_generic_box,-0.481,-2.805
1789401972,234274555,215.554,robot_1_carried_generic_box,-1.524,-2.599
1789401972,437754864,215.757,robot_2,1.006,-3.220
1789401972,437836384,215.757,robot_1,-1.524,-2.599
1789401972,437873521,215.757,robot_0,-0.427,-2.733
1789401972,437917850,215.757,robot_0_carried_generic_box,-0.463,-2.781
1789401972,437949580,215.757,robot_1_carried_generic_box,-1.524,-2.599
1789401972,640143424,215.959,robot_2,1.006,-3.220
1789401972,640229549,215.959,robot_1,-1.524,-2.599
1789401972,640264703,215.960,robot_0,-0.405,-2.704
1789401972,640309985,215.960,robot_0_carried_generic_box,-0.442,-2.752
1789401972,640342762,215.960,robot_1_carried_generic_box,-1.524,-2.599
1789401972,848684931,216.168,robot_2,1.006,-3.221
1789401972,848784883,216.168,robot_1,-1.524,-2.599
1789401972,848836836,216.168,robot_0,-0.384,-2.676
1789401972,848890743,216.168,robot_0_carried_generic_box,-0.418,-2.721
1789401972,848923938,216.168,robot_1_carried_generic_box,-1.524,-2.599
1789401973,63506711,216.383,robot_2,1.006,-3.221
1789401973,63580307,216.383,robot_1,-1.524,-2.599
1789401973,80743279,216.400,robot_0,-0.360,-2.644
1789401973,80875619,216.400,robot_0_carried_generic_box,-0.389,-2.683
1789401973,80926969,216.400,robot_1_carried_generic_box,-1.524,-2.599
1789401973,284291788,216.604,robot_2,1.006,-3.221
1789401973,284369612,216.604,robot_1,-1.524,-2.599
1789401973,284404430,216.604,robot_0,-0.340,-2.618
1789401973,284448092,216.604,robot_0_carried_generic_box,-0.366,-2.652
1789401973,284479535,216.604,robot_1_carried_generic_box,-1.524,-2.599
1789401973,485054107,216.804,robot_2,1.007,-3.221
1789401973,485139262,216.811,robot_1,-1.524,-2.599
1789401973,491490300,216.811,robot_0,-0.319,-2.589
1789401973,491573668,216.811,robot_0_carried_generic_box,-0.351,-2.632
1789401973,491630890,216.811,robot_1_carried_generic_box,-1.524,-2.599
1789401973,693117082,217.012,robot_2,1.007,-3.221
1789401973,693195747,217.012,robot_1,-1.524,-2.599
1789401973,693231599,217.012,robot_0,-0.295,-2.558
1789401973,693276722,217.013,robot_0_carried_generic_box,-0.330,-2.604
1789401973,693310731,217.013,robot_1_carried_generic_box,-1.524,-2.599
1789401973,912310813,217.232,robot_2,1.007,-3.221
1789401973,912401807,217.232,robot_1,-1.523,-2.599
1789401973,912436802,217.232,robot_0,-0.272,-2.527
1789401973,912478524,217.232,robot_0_carried_generic_box,-0.308,-2.575
1789401973,912513497,217.232,robot_1_carried_generic_box,-1.524,-2.599
1789401974,120806214,217.440,robot_2,1.007,-3.221
1789401974,120904889,217.440,robot_1,-1.523,-2.600
1789401974,120947024,217.440,robot_0,-0.252,-2.501
1789401974,120995265,217.440,robot_0_carried_generic_box,-0.290,-2.551
1789401974,121025924,217.440,robot_1_carried_generic_box,-1.523,-2.599
1789401974,336057333,217.656,robot_2,1.007,-3.220
1789401974,336333087,217.656,robot_1,-1.523,-2.600
1789401974,336372126,217.656,robot_0,-0.230,-2.472
1789401974,336421393,217.656,robot_0_carried_generic_box,-0.265,-2.518
1789401974,336456960,217.656,robot_1_carried_generic_box,-1.523,-2.600
1789401974,558426039,217.878,robot_2,1.007,-3.193
1789401974,558550680,217.878,robot_1,-1.523,-2.600
1789401974,558593903,217.878,robot_0,-0.207,-2.441
1789401974,558659812,217.878,robot_0_carried_generic_box,-0.241,-2.486
1789401974,558702446,217.878,robot_1_carried_generic_box,-1.523,-2.600
1789401974,751798306,218.071,robot_2,1.005,-3.163
1789401974,751888633,218.071,robot_1,-1.522,-2.600
1789401974,751925002,218.071,robot_0,-0.189,-2.417
1789401974,751969109,218.071,robot_0_carried_generic_box,-0.223,-2.462
1789401974,752006426,218.071,robot_1_carried_generic_box,-1.523,-2.600
1789401974,968251980,218.288,robot_2,1.003,-3.130
1789401974,968353422,218.288,robot_1,-1.522,-2.600
1789401974,968399409,218.288,robot_0,-0.169,-2.391
1789401974,968455369,218.288,robot_0_carried_generic_box,-0.203,-2.436
1789401974,968500416,218.288,robot_1_carried_generic_box,-1.523,-2.600
1789401975,176950610,218.496,robot_2,1.001,-3.098
1789401975,177038796,218.496,robot_1,-1.522,-2.600
1789401975,177077715,218.496,robot_0,-0.149,-2.364
1789401975,177124539,218.496,robot_0_carried_generic_box,-0.178,-2.403
1789401975,177164683,218.496,robot_1_carried_generic_box,-1.522,-2.600
1789401975,379149467,218.698,robot_2,1.000,-3.068
1789401975,379241378,218.699,robot_1,-1.522,-2.600
1789401975,379287268,218.699,robot_0,-0.131,-2.340
1789401975,379348467,218.699,robot_0_carried_generic_box,-0.154,-2.372
1789401975,379390310,218.699,robot_1_carried_generic_box,-1.522,-2.600
1789401975,582298952,218.902,robot_2,0.998,-3.029
1789401975,582391009,218.902,robot_1,-1.521,-2.599
1789401975,582439048,218.902,robot_0,-0.107,-2.309
1789401975,582498230,218.902,robot_0_carried_generic_box,-0.140,-2.352
1789401975,582543714,218.902,robot_1_carried_generic_box,-1.522,-2.600
1789401975,811142720,219.130,robot_2,0.996,-2.999
1789401975,811237036,219.131,robot_1,-1.521,-2.599
1789401975,811278158,219.131,robot_0,-0.089,-2.285
1789401975,811327033,219.131,robot_0_carried_generic_box,-0.118,-2.324
1789401975,811364664,219.131,robot_1_carried_generic_box,-1.522,-2.600
1789401976,21156221,219.340,robot_2,0.994,-2.963
1789401976,21249588,219.341,robot_1,-1.525,-2.592
1789401976,21293510,219.341,robot_0,-0.067,-2.257
1789401976,21350935,219.341,robot_0_carried_generic_box,-0.100,-2.300
1789401976,21391790,219.341,robot_1_carried_generic_box,-1.521,-2.599
1789401976,239176733,219.558,robot_2,0.992,-2.936
1789401976,239275688,219.559,robot_1,-1.537,-2.572
1789401976,239318913,219.559,robot_0,-0.051,-2.235
1789401976,239379551,219.559,robot_0_carried_generic_box,-0.082,-2.276
1789401976,239429692,219.559,robot_1_carried_generic_box,-1.521,-2.599
1789401976,447376355,219.767,robot_2,0.990,-2.900
1789401976,447468779,219.767,robot_1,-1.541,-2.567
1789401976,447507361,219.767,robot_0,-0.030,-2.206
1789401976,447562694,219.767,robot_0_carried_generic_box,-0.055,-2.240
1789401976,447615473,219.767,robot_1_carried_generic_box,-1.529,-2.586
1789401976,675446943,219.995,robot_2,0.988,-2.864
1789401976,675516166,219.995,robot_1,-1.538,-2.571
1789401976,675543827,219.995,robot_0,-0.008,-2.178
1789401976,675581800,219.995,robot_0_carried_generic_box,-0.037,-2.216
1789401976,675617833,219.995,robot_1_carried_generic_box,-1.541,-2.567
1789401976,915097475,220.234,robot_2,0.986,-2.825
1789401976,915188974,220.234,robot_1,-1.524,-2.593
1789401976,915229295,220.234,robot_0,0.016,-2.146
1789401976,915281454,220.235,robot_0_carried_generic_box,-0.021,-2.194
1789401976,915323869,220.235,robot_1_carried_generic_box,-1.541,-2.567
1789401977,124121708,220.443,robot_2,0.985,-2.795
1789401977,124198974,220.443,robot_1,-1.514,-2.610
1789401977,124232509,220.443,robot_0,0.034,-2.122
1789401977,124278294,220.444,robot_0_carried_generic_box,0.005,-2.161
1789401977,124314277,220.444,robot_1_carried_generic_box,-1.531,-2.583
1789401977,344753409,220.664,robot_2,0.982,-2.756
1789401977,344850179,220.664,robot_1,-1.506,-2.623
1789401977,344894505,220.664,robot_0,0.057,-2.091
1789401977,344959695,220.664,robot_0_carried_generic_box,0.025,-2.134
1789401977,345013507,220.664,robot_1_carried_generic_box,-1.519,-2.601
1789401977,548550439,220.868,robot_2,0.981,-2.723
1789401977,548641197,220.868,robot_1,-1.506,-2.623
1789401977,548680693,220.868,robot_0,0.077,-2.065
1789401977,548736358,220.868,robot_0_carried_generic_box,0.039,-2.115
1789401977,548781331,220.868,robot_1_carried_generic_box,-1.509,-2.616
1789401977,754245266,221.074,robot_2,0.979,-2.693
1789401977,754327163,221.074,robot_1,-1.506,-2.622
1789401977,754362876,221.074,robot_0,0.095,-2.041
1789401977,754411037,221.074,robot_0_carried_generic_box,0.061,-2.087
1789401977,754450470,221.074,robot_1_carried_generic_box,-1.506,-2.623
1789401977,965694323,221.285,robot_2,0.977,-2.654
1789401977,965778107,221.285,robot_1,-1.505,-2.622
1789401977,965813952,221.285,robot_0,0.119,-2.010
1789401977,965869054,221.285,robot_0_carried_generic_box,0.077,-2.065
1789401977,965910897,221.285,robot_1_carried_generic_box,-1.506,-2.622
1789401978,182944285,221.502,robot_2,0.975,-2.612
1789401978,183029683,221.502,robot_1,-1.505,-2.622
1789401978,183070860,221.502,robot_0,0.144,-1.976
1789401978,183129627,221.502,robot_0_carried_generic_box,0.110,-2.022
1789401978,183178884,221.502,robot_1_carried_generic_box,-1.505,-2.622
1789401978,395642487,221.715,robot_2,0.972,-2.573
1789401978,395726435,221.715,robot_1,-1.505,-2.622
1789401978,395762218,221.715,robot_0,0.167,-1.945
1789401978,395819247,221.715,robot_0_carried_generic_box,0.131,-1.993
1789401978,395868091,221.715,robot_1_carried_generic_box,-1.505,-2.622
1789401978,620488028,221.940,robot_2,0.971,-2.543
1789401978,620570351,221.940,robot_1,-1.505,-2.622
1789401978,625267649,221.945,robot_0,0.186,-1.921
1789401978,625362553,221.945,robot_0_carried_generic_box,0.153,-1.964
1789401978,625412267,221.945,robot_1_carried_generic_box,-1.505,-2.622
1789401978,825131309,222.144,robot_2,0.969,-2.507
1789401978,830899392,222.150,robot_1,-1.505,-2.621
1789401978,830974882,222.150,robot_0,0.207,-1.893
1789401978,831029074,222.150,robot_0_carried_generic_box,0.173,-1.938
1789401978,831068225,222.150,robot_1_carried_generic_box,-1.505,-2.622
1789401979,45224076,222.365,robot_2,0.967,-2.471
1789401979,45304509,222.365,robot_1,-1.505,-2.621
1789401979,45345859,222.365,robot_0,0.229,-1.864
1789401979,45400838,222.365,robot_0_carried_generic_box,0.193,-1.912
1789401979,45447634,222.365,robot_1_carried_generic_box,-1.505,-2.621
1789401979,250968561,222.570,robot_2,0.964,-2.430
1789401979,251047205,222.570,robot_1,-1.505,-2.621
1789401979,251085065,222.570,robot_0,0.254,-1.830
1789401979,251138104,222.570,robot_0_carried_generic_box,0.218,-1.878
1789401979,251185304,222.570,robot_1_carried_generic_box,-1.505,-2.621
1789401979,469207095,222.788,robot_2,0.963,-2.397
1789401979,469293644,222.789,robot_1,-1.508,-2.621
1789401979,469336507,222.789,robot_0,0.274,-1.804
1789401979,469393683,222.789,robot_0_carried_generic_box,0.247,-1.840
1789401979,469440115,222.789,robot_1_carried_generic_box,-1.505,-2.621
1789401979,686457663,223.006,robot_2,0.961,-2.364
1789401979,686560103,223.006,robot_1,-1.529,-2.623
1789401979,686593812,223.006,robot_0,0.294,-1.778
1789401979,686650233,223.006,robot_0_carried_generic_box,0.254,-1.830
1789401979,686691659,223.006,robot_1_carried_generic_box,-1.505,-2.621
1789401979,895111980,223.214,robot_2,0.960,-2.344
1789401979,895204563,223.214,robot_1,-1.556,-2.626
1789401979,895246962,223.215,robot_0,0.317,-1.747
1789401979,895302755,223.215,robot_0_carried_generic_box,0.285,-1.790
1789401979,895351242,223.215,robot_1_carried_generic_box,-1.519,-2.622
1789401980,115774056,223.435,robot_2,0.960,-2.344
1789401980,115887053,223.435,robot_1,-1.589,-2.631
1789401980,115932590,223.435,robot_0,0.337,-1.720
1789401980,115991796,223.435,robot_0_carried_generic_box,0.308,-1.759
1789401980,116039599,223.435,robot_1_carried_generic_box,-1.545,-2.625
1789401980,320772659,223.640,robot_2,0.960,-2.344
1789401980,320872174,223.640,robot_1,-1.613,-2.634
1789401980,321266157,223.641,robot_0,0.355,-1.696
1789401980,321339647,223.641,robot_0_carried_generic_box,0.325,-1.737
1789401980,321384184,223.641,robot_1_carried_generic_box,-1.568,-2.628
1789401980,539959823,223.859,robot_2,0.960,-2.344
1789401980,540055300,223.859,robot_1,-1.639,-2.637
1789401980,540101273,223.859,robot_0,0.379,-1.665
1789401980,540155751,223.859,robot_0_carried_generic_box,0.343,-1.713
1789401980,540206495,223.867,robot_1_carried_generic_box,-1.589,-2.631
1789401980,747802352,224.067,robot_2,0.960,-2.344
1789401980,747886446,224.067,robot_1,-1.665,-2.639
1789401980,747927373,224.067,robot_0,0.402,-1.634
1789401980,747965760,224.067,robot_0_carried_generic_box,0.366,-1.682
1789401980,747998351,224.067,robot_1_carried_generic_box,-1.625,-2.636
1789401980,995328716,224.315,robot_2,0.960,-2.343
1789401980,995412776,224.315,robot_1,-1.672,-2.640
1789401980,995463360,224.315,robot_0,0.411,-1.623
1789401980,995506279,224.315,robot_0_carried_generic_box,0.395,-1.644
1789401980,995538730,224.315,robot_1_carried_generic_box,-1.657,-2.639
1789401981,204125198,224.523,robot_2,0.961,-2.343
1789401981,204213277,224.523,robot_1,-1.673,-2.640
1789401981,204261892,224.524,robot_0,0.408,-1.626
1789401981,204305240,224.524,robot_0_carried_generic_box,0.409,-1.625
1789401981,204337350,224.524,robot_1_carried_generic_box,-1.670,-2.640
1789401981,406319882,224.726,robot_2,0.961,-2.343
1789401981,406407499,224.726,robot_1,-1.692,-2.635
1789401981,406448199,224.726,robot_0,0.397,-1.639
1789401981,406491911,224.726,robot_0_carried_generic_box,0.411,-1.623
1789401981,406521290,224.726,robot_1_carried_generic_box,-1.672,-2.640
1789401981,623154968,224.942,robot_2,0.961,-2.343
1789401981,623237390,224.943,robot_1,-1.706,-2.632
1789401981,623277154,224.943,robot_0,0.397,-1.640
1789401981,623318006,224.943,robot_0_carried_generic_box,0.406,-1.628
1789401981,623348960,224.943,robot_1_carried_generic_box,-1.674,-2.640
1789401981,847214519,225.166,robot_2,0.961,-2.343
1789401981,847305668,225.167,robot_1,-1.727,-2.622
1789401981,847345475,225.167,robot_0,0.397,-1.640
1789401981,847388346,225.167,robot_0_carried_generic_box,0.397,-1.640
1789401981,847419442,225.167,robot_1_carried_generic_box,-1.700,-2.633
1789401982,68562950,225.388,robot_2,0.961,-2.343
1789401982,87910750,225.407,robot_1,-1.761,-2.604
1789401982,87995964,225.407,robot_0,0.397,-1.640
1789401982,88041022,225.407,robot_0_carried_generic_box,0.397,-1.640
1789401982,88075342,225.407,robot_1_carried_generic_box,-1.708,-2.631
1789401982,276090322,225.595,robot_2,0.961,-2.342
1789401982,276167538,225.595,robot_1,-1.787,-2.589
1789401982,276207517,225.595,robot_0,0.397,-1.640
1789401982,276249363,225.596,robot_0_carried_generic_box,0.397,-1.640
1789401982,276280800,225.596,robot_1_carried_generic_box,-1.727,-2.622
1789401982,501150031,225.820,robot_2,0.961,-2.342
1789401982,501318576,225.821,robot_1,-1.825,-2.566
1789401982,501385382,225.821,robot_0,0.398,-1.640
1789401982,501525772,225.821,robot_0_carried_generic_box,0.397,-1.640
1789401982,502018983,225.821,robot_1_carried_generic_box,-1.777,-2.595
1789401982,703627859,226.023,robot_2,0.962,-2.342
1789401982,703718529,226.023,robot_1,-1.856,-2.547
1789401982,703760517,226.023,robot_0,0.398,-1.640
1789401982,703810419,226.023,robot_0_carried_generic_box,0.397,-1.640
1789401982,703843512,226.023,robot_1_carried_generic_box,-1.792,-2.586
1789401982,916563990,226.236,robot_2,0.962,-2.342
1789401982,919071960,226.238,robot_1,-1.887,-2.529
1789401982,919154020,226.238,robot_0,0.398,-1.640
1789401982,919198913,226.238,robot_0_carried_generic_box,0.398,-1.640
1789401982,919232358,226.238,robot_1_carried_generic_box,-1.838,-2.558
1789401983,117468135,226.437,robot_2,0.962,-2.341
1789401983,117553911,226.437,robot_1,-1.908,-2.516
1789401983,117593732,226.437,robot_0,0.398,-1.640
1789401983,117642534,226.437,robot_0_carried_generic_box,0.398,-1.640
1789401983,117679136,226.437,robot_1_carried_generic_box,-1.869,-2.539
1789401983,317480459,226.637,robot_2,0.961,-2.341
1789401983,317564439,226.637,robot_1,-1.912,-2.514
1789401983,317610102,226.637,robot_0,0.399,-1.640
1789401983,317654788,226.639,robot_0_carried_generic_box,0.398,-1.640
1789401983,319714624,226.639,robot_1_carried_generic_box,-1.904,-2.518
1789401983,551100027,226.870,robot_2,0.961,-2.341
1789401983,551209736,226.870,robot_1,-1.912,-2.514
1789401983,551258199,226.871,robot_0,0.399,-1.640
1789401983,551299132,226.871,robot_0_carried_generic_box,0.398,-1.640
1789401983,551330973,226.871,robot_1_carried_generic_box,-1.912,-2.514
1789401983,750739998,227.070,robot_2,0.961,-2.341
1789401983,750840094,227.070,robot_1,-1.916,-2.511
1789401983,750891008,227.070,robot_0,0.399,-1.640
1789401983,750943920,227.070,robot_0_carried_generic_box,0.399,-1.640
1789401983,750979053,227.070,robot_1_carried_generic_box,-1.912,-2.514
1789401983,953102359,227.272,robot_2,0.961,-2.341
1789401983,953192214,227.272,robot_1,-1.933,-2.493
1789401983,953233633,227.272,robot_0,0.399,-1.640
1789401983,953271941,227.273,robot_0_carried_generic_box,0.399,-1.640
1789401983,953303288,227.273,robot_1_carried_generic_box,-1.912,-2.514
1789401984,177334419,227.497,robot_2,0.961,-2.340
1789401984,177422496,227.497,robot_1,-1.957,-2.467
1789401984,177468441,227.497,robot_0,0.400,-1.640
1789401984,177513639,227.500,robot_0_carried_generic_box,0.399,-1.640
1789401984,180897088,227.500,robot_1_carried_generic_box,-1.918,-2.508
1789401984,402977504,227.722,robot_2,0.949,-2.349
1789401984,403057960,227.722,robot_1,-1.980,-2.439
1789401984,403099015,227.722,robot_0,0.400,-1.640
1789401984,403139839,227.722,robot_0_carried_generic_box,0.399,-1.640
1789401984,403170650,227.722,robot_1_carried_generic_box,-1.949,-2.476
1789401984,630955346,227.950,robot_2,0.914,-2.375
1789401984,631041037,227.950,robot_1,-2.009,-2.405
1789401984,631076590,227.950,robot_0,0.400,-1.640
1789401984,631112976,227.950,robot_0_carried_generic_box,0.400,-1.640
1789401984,631142433,227.950,robot_1_carried_generic_box,-1.971,-2.451
1789401984,847809596,228.167,robot_2,0.884,-2.400
1789401984,847886066,228.167,robot_1,-2.034,-2.375
1789401984,847927869,228.167,robot_0,0.400,-1.639
1789401984,847971713,228.167,robot_0_carried_generic_box,0.400,-1.640
1789401984,848007626,228.167,robot_1_carried_generic_box,-1.994,-2.423
1789401985,62247809,228.382,robot_2,0.861,-2.420
1789401985,62322937,228.382,robot_1,-2.053,-2.351
1789401985,62407036,228.382,robot_0,0.400,-1.639
1789401985,62476525,228.382,robot_0_carried_generic_box,0.400,-1.639
1789401985,62513001,228.382,robot_1_carried_generic_box,-2.021,-2.391
1789401985,281699083,228.601,robot_2,0.833,-2.443
1789401985,284055937,228.603,robot_1,-2.072,-2.329
1789401985,284161215,228.603,robot_0,0.391,-1.634
1789401985,284217110,228.603,robot_0_carried_generic_box,0.400,-1.639
1789401985,284258953,228.604,robot_1_carried_generic_box,-2.047,-2.358
1789401985,488941297,228.808,robot_2,0.801,-2.470
1789401985,489023692,228.808,robot_1,-2.074,-2.327
1789401985,489072718,228.808,robot_0,0.354,-1.617
1789401985,489121832,228.808,robot_0_carried_generic_box,0.396,-1.637
1789401985,489157633,228.808,robot_1_carried_generic_box,-2.070,-2.331
1789401985,712575023,229.032,robot_2,0.781,-2.488
1789401985,712669879,229.032,robot_1,-2.074,-2.327
1789401985,712711010,229.032,robot_0,0.329,-1.606
1789401985,712753307,229.032,robot_0_carried_generic_box,0.376,-1.627
1789401985,712780126,229.032,robot_1_carried_generic_box,-2.074,-2.327
1789401985,926254169,229.246,robot_2,0.749,-2.515
1789401985,926324038,229.246,robot_1,-2.074,-2.327
1789401985,926370770,229.246,robot_0,0.291,-1.589
1789401985,926416769,229.246,robot_0_carried_generic_box,0.346,-1.613
1789401985,926451311,229.246,robot_1_carried_generic_box,-2.074,-2.327
1789401986,139991584,229.459,robot_2,0.721,-2.538
1789401986,140075185,229.459,robot_1,-2.074,-2.327
1789401986,140128506,229.459,robot_0,0.258,-1.575
1789401986,140180264,229.459,robot_0_carried_generic_box,0.318,-1.601
1789401986,140221351,229.459,robot_1_carried_generic_box,-2.074,-2.327
1789401986,379863106,229.699,robot_2,0.689,-2.565
1789401986,379939506,229.699,robot_1,-2.073,-2.327
1789401986,379982511,229.699,robot_0,0.219,-1.558
1789401986,380029229,229.699,robot_0_carried_generic_box,0.282,-1.586
1789401986,380065719,229.699,robot_1_carried_generic_box,-2.074,-2.327
1789401986,613793955,229.933,robot_2,0.664,-2.587
1789401986,613876674,229.933,robot_1,-2.073,-2.326
1789401986,613930593,229.933,robot_0,0.189,-1.545
1789401986,613984135,229.933,robot_0_carried_generic_box,0.233,-1.564
1789401986,614026493,229.933,robot_1_carried_generic_box,-2.073,-2.327
1789401986,835282468,230.155,robot_2,0.637,-2.610
1789401986,835357176,230.155,robot_1,-2.073,-2.326
1789401986,835411070,230.155,robot_0,0.156,-1.531
1789401986,835462305,230.155,robot_0_carried_generic_box,0.208,-1.553
1789401986,840741231,230.160,robot_1_carried_generic_box,-2.073,-2.326
1789401987,43611322,230.363,robot_2,0.612,-2.632
1789401987,43686410,230.363,robot_1,-2.073,-2.326
1789401987,43760859,230.363,robot_0,0.126,-1.518
1789401987,43808078,230.363,robot_0_carried_generic_box,0.181,-1.541
1789401987,43843053,230.363,robot_1_carried_generic_box,-2.073,-2.326
1789401987,274290174,230.594,robot_2,0.580,-2.659
1789401987,274373763,230.594,robot_1,-2.073,-2.326
1789401987,274418798,230.594,robot_0,0.087,-1.501
1789401987,274460823,230.594,robot_0_carried_generic_box,0.137,-1.522
1789401987,274492766,230.594,robot_1_carried_generic_box,-2.073,-2.326
1789401987,491283197,230.811,robot_2,0.555,-2.680
1789401987,491365542,230.811,robot_1,-2.073,-2.325
1789401987,491419939,230.811,robot_0,0.057,-1.488
1789401987,491472603,230.811,robot_0_carried_generic_box,0.115,-1.513
1789401987,491506987,230.811,robot_1_carried_generic_box,-2.073,-2.325
1789401987,719781328,231.039,robot_2,0.532,-2.700
1789401987,719865696,231.039,robot_1,-2.073,-2.325
1789401987,719909144,231.039,robot_0,0.029,-1.476
1789401987,719954477,231.039,robot_0_carried_generic_box,0.076,-1.496
1789401987,719990087,231.039,robot_1_carried_generic_box,-2.073,-2.325
1789401987,938570289,231.270,robot_2,0.504,-2.723
1789401987,950418506,231.270,robot_1,-2.073,-2.325
1789401987,950504602,231.270,robot_0,-0.004,-1.461
1789401987,950563508,231.270,robot_0_carried_generic_box,0.040,-1.480
1789401987,950616629,231.270,robot_1_carried_generic_box,-2.073,-2.325
1789401988,157054322,231.476,robot_2,0.477,-2.746
1789401988,157128999,231.476,robot_1,-2.073,-2.325
1789401988,157170867,231.476,robot_0,-0.037,-1.447
1789401988,157210464,231.476,robot_0_carried_generic_box,0.005,-1.465
1789401988,157243133,231.477,robot_1_carried_generic_box,-2.073,-2.325
1789401988,366365815,231.686,robot_2,0.447,-2.772
1789401988,366438295,231.686,robot_1,-2.073,-2.324
1789401988,366487067,231.686,robot_0,-0.072,-1.431
1789401988,366535386,231.686,robot_0_carried_generic_box,-0.028,-1.451
1789401988,366564771,231.686,robot_1_carried_generic_box,-2.073,-2.325
1789401988,579962197,231.899,robot_2,0.424,-2.791
1789401988,580026889,231.899,robot_1,-2.073,-2.324
1789401988,580061882,231.899,robot_0,-0.100,-1.419
1789401988,580097666,231.899,robot_0_carried_generic_box,-0.042,-1.445
1789401988,580124879,231.899,robot_1_carried_generic_box,-2.073,-2.325
1789401988,798236049,232.118,robot_2,0.397,-2.814
1789401988,798322096,232.118,robot_1,-2.073,-2.324
1789401988,798377571,232.118,robot_0,-0.133,-1.405
1789401988,798429989,232.118,robot_0_carried_generic_box,-0.089,-1.424
1789401988,798472653,232.118,robot_1_carried_generic_box,-2.073,-2.324
1789401989,28033027,232.347,robot_2,0.365,-2.842
1789401989,28121730,232.347,robot_1,-2.074,-2.324
1789401989,28179028,232.347,robot_0,-0.171,-1.388
1789401989,28231155,232.347,robot_0_carried_generic_box,-0.114,-1.413
1789401989,28274188,232.348,robot_1_carried_generic_box,-2.073,-2.324
1789401989,236872315,232.556,robot_2,0.338,-2.865
1789401989,236958953,232.556,robot_1,-2.071,-2.321
1789401989,237018285,232.556,robot_0,-0.204,-1.374
1789401989,237067974,232.556,robot_0_carried_generic_box,-0.144,-1.400
1789401989,237109925,232.556,robot_1_carried_generic_box,-2.073,-2.324
1789401989,460166578,232.779,robot_2,0.312,-2.886
1789401989,460251209,232.780,robot_1,-2.055,-2.307
1789401989,460297837,232.780,robot_0,-0.235,-1.361
1789401989,460346543,232.780,robot_0_carried_generic_box,-0.185,-1.382
1789401989,460385916,232.780,robot_1_carried_generic_box,-2.074,-2.324
1789401989,665328789,232.986,robot_2,0.287,-2.908
1789401989,666526681,232.986,robot_1,-2.039,-2.293
1789401989,670772860,232.990,robot_0,-0.265,-1.348
1789401989,670902843,232.990,robot_0_carried_generic_box,-0.224,-1.366
1789401989,670955774,232.990,robot_1_carried_generic_box,-2.069,-2.319
1789401989,883558228,233.203,robot_2,0.253,-2.937
1789401989,894824835,233.214,robot_1,-2.023,-2.278
1789401989,894909724,233.214,robot_0,-0.294,-1.335
1789401989,894960152,233.214,robot_0_carried_generic_box,-0.257,-1.351
1789401989,895000442,233.214,robot_1_carried_generic_box,-2.044,-2.297
1789401990,87825273,233.407,robot_2,0.228,-2.958
1789401990,87909348,233.407,robot_1,-2.023,-2.278
1789401990,87951214,233.407,robot_0,-0.294,-1.335
1789401990,87998036,233.407,robot_0_carried_generic_box,-0.281,-1.341
1789401990,88037346,233.407,robot_1_carried_generic_box,-2.038,-2.291
1789401990,291694362,233.611,robot_2,0.205,-2.978
1789401990,295728719,233.615,robot_1,-2.023,-2.278
1789401990,295824996,233.615,robot_0,-0.294,-1.335
1789401990,295879605,233.615,robot_0_carried_generic_box,-0.294,-1.335
1789401990,295920197,233.615,robot_1_carried_generic_box,-2.023,-2.278
1789401990,512066970,233.831,robot_2,0.179,-3.000
1789401990,512152224,233.831,robot_1,-2.024,-2.278
1789401990,512206375,233.831,robot_0,-0.294,-1.335
1789401990,512263140,233.832,robot_0_carried_generic_box,-0.294,-1.335
1789401990,512311733,233.832,robot_1_carried_generic_box,-2.023,-2.278
1789401990,735370210,234.055,robot_2,0.172,-3.006
1789401990,735462089,234.055,robot_1,-2.024,-2.278
1789401990,735506701,234.055,robot_0,-0.294,-1.335
1789401990,735551386,234.055,robot_0_carried_generic_box,-0.294,-1.335
1789401990,735592450,234.055,robot_1_carried_generic_box,-2.023,-2.278
1789401990,971235026,234.299,robot_2,0.172,-3.006
1789401990,979843311,234.299,robot_1,-2.024,-2.278
1789401990,979891818,234.299,robot_0,-0.294,-1.335
1789401990,979943925,234.299,robot_0_carried_generic_box,-0.294,-1.335
1789401990,979982273,234.299,robot_1_carried_generic_box,-2.024,-2.278
1789401991,186988797,234.506,robot_2,0.171,-3.006
1789401991,187071032,234.506,robot_1,-2.024,-2.278
1789401991,187110351,234.506,robot_0,-0.294,-1.334
1789401991,187159189,234.506,robot_0_carried_generic_box,-0.294,-1.335
1789401991,187196459,234.506,robot_1_carried_generic_box,-2.024,-2.278
1789401991,400378776,234.720,robot_2,0.171,-3.006
1789401991,400463270,234.720,robot_1,-2.025,-2.278
1789401991,400503715,234.720,robot_0,-0.294,-1.334
1789401991,400547246,234.720,robot_0_carried_generic_box,-0.294,-1.334
1789401991,410572842,234.730,robot_1_carried_generic_box,-2.024,-2.278
1789401991,626143144,234.945,robot_2,0.171,-3.006
1789401991,626252427,234.946,robot_1,-2.025,-2.278
1789401991,626297173,234.946,robot_0,-0.294,-1.334
1789401991,626346763,234.946,robot_0_carried_generic_box,-0.294,-1.334
1789401991,626535470,234.946,robot_1_carried_generic_box,-2.025,-2.278
1789401991,831915280,235.151,robot_2,0.171,-3.006
1789401991,831995562,235.151,robot_1,-2.025,-2.278
1789401991,832039072,235.151,robot_0,-0.294,-1.334
1789401991,832084317,235.151,robot_0_carried_generic_box,-0.294,-1.334
1789401991,832120003,235.151,robot_1_carried_generic_box,-2.025,-2.278
1789401992,58078720,235.377,robot_2,0.171,-3.006
1789401992,58212684,235.377,robot_1,-2.026,-2.278
1789401992,58270770,235.378,robot_0,-0.294,-1.333
1789401992,58328457,235.378,robot_0_carried_generic_box,-0.294,-1.334
1789401992,58378834,235.378,robot_1_carried_generic_box,-2.025,-2.278
1789401992,254348819,235.574,robot_2,0.170,-3.006
1789401992,254437274,235.574,robot_1,-2.026,-2.278
1789401992,254484991,235.574,robot_0,-0.294,-1.333
1789401992,254539332,235.574,robot_0_carried_generic_box,-0.294,-1.333
1789401992,254577424,235.574,robot_1_carried_generic_box,-2.025,-2.278
1789401992,481690935,235.801,robot_2,0.170,-3.006
1789401992,481781445,235.801,robot_1,-2.024,-2.285
1789401992,481828899,235.801,robot_0,-0.295,-1.333
1789401992,481876436,235.801,robot_0_carried_generic_box,-0.294,-1.333
1789401992,481914111,235.801,robot_1_carried_generic_box,-2.026,-2.278
1789401992,725738631,236.045,robot_2,0.170,-3.006
1789401992,725837988,236.045,robot_1,-2.015,-2.319
1789401992,725882088,236.045,robot_0,-0.295,-1.333
1789401992,725932120,236.045,robot_0_carried_generic_box,-0.295,-1.333
1789401992,725975141,236.045,robot_1_carried_generic_box,-2.025,-2.280
1789401992,953390069,236.273,robot_2,0.170,-3.006
1789401992,953489340,236.273,robot_1,-2.005,-2.354
1789401992,953545522,236.273,robot_0,-0.295,-1.332
1789401992,953770816,236.273,robot_0_carried_generic_box,-0.295,-1.333
1789401992,953837721,236.273,robot_1_carried_generic_box,-2.020,-2.300
1789401993,164485024,236.484,robot_2,0.169,-3.006
1789401993,164576121,236.484,robot_1,-1.997,-2.386
1789401993,164623303,236.484,robot_0,-0.295,-1.332
1789401993,164708893,236.484,robot_0_carried_generic_box,-0.295,-1.332
1789401993,164745851,236.484,robot_1_carried_generic_box,-2.013,-2.326
1789401993,378494686,236.698,robot_2,0.169,-3.006
1789401993,378592096,236.698,robot_1,-1.987,-2.423
1789401993,378649225,236.698,robot_0,-0.295,-1.332
1789401993,378711442,236.698,robot_0_carried_generic_box,-0.295,-1.332
1789401993,378761128,236.698,robot_1_carried_generic_box,-2.004,-2.360
1789401993,578947990,236.898,robot_2,0.169,-3.006
1789401993,579028697,236.898,robot_1,-1.983,-2.437
1789401993,579068342,236.898,robot_0,-0.296,-1.332
1789401993,579117172,236.898,robot_0_carried_generic_box,-0.295,-1.332
1789401993,579151118,236.898,robot_1_carried_generic_box,-1.997,-2.386
1789401993,784316960,237.104,robot_2,0.169,-3.006
1789401993,784405363,237.104,robot_1,-1.982,-2.443
1789401993,784445612,237.104,robot_0,-0.296,-1.332
1789401993,784496569,237.104,robot_0_carried_generic_box,-0.296,-1.332
1789401993,784543009,237.104,robot_1_carried_generic_box,-1.983,-2.435
1789401993,986079900,237.305,robot_2,0.169,-3.006
1789401993,986176698,237.305,robot_1,-1.977,-2.467
1789401993,986223991,237.305,robot_0,-0.296,-1.332
1789401993,986273276,237.306,robot_0_carried_generic_box,-0.296,-1.332
1789401993,986310333,237.306,robot_1_carried_generic_box,-1.983,-2.437
1789401994,216158334,237.535,robot_2,0.168,-3.006
1789401994,216238838,237.536,robot_1,-1.974,-2.483
1789401994,216277502,237.536,robot_0,-0.298,-1.338
1789401994,216325588,237.536,robot_0_carried_generic_box,-0.296,-1.332
1789401994,216364830,237.546,robot_1_carried_generic_box,-1.979,-2.458
1789401994,434347754,237.754,robot_2,0.168,-3.007
1789401994,434427507,237.754,robot_1,-1.969,-2.516
1789401994,434466659,237.754,robot_0,-0.309,-1.373
1789401994,434506233,237.754,robot_0_carried_generic_box,-0.296,-1.332
1789401994,434540245,237.754,robot_1_carried_generic_box,-1.974,-2.480
1789401994,636845473,237.956,robot_2,0.168,-3.007
1789401994,636928811,237.956,robot_1,-1.964,-2.549
1789401994,636971637,237.956,robot_0,-0.319,-1.405
1789401994,637016472,237.956,robot_0_carried_generic_box,-0.302,-1.350
1789401994,637052399,237.956,robot_1_carried_generic_box,-1.972,-2.493
1789401994,845248144,238.165,robot_2,0.168,-3.007
1789401994,845335339,238.165,robot_1,-1.960,-2.579
1789401994,845379211,238.165,robot_0,-0.328,-1.433
1789401994,845428794,238.165,robot_0_carried_generic_box,-0.311,-1.379
1789401994,845470434,238.165,robot_1_carried_generic_box,-1.969,-2.519
1789401995,65766166,238.385,robot_2,0.168,-3.007
1789401995,65855744,238.385,robot_1,-1.956,-2.609
1789401995,65902800,238.385,robot_0,-0.338,-1.465
1789401995,65951669,238.385,robot_0_carried_generic_box,-0.322,-1.413
1789401995,65988321,238.385,robot_1_carried_generic_box,-1.965,-2.543
1789401995,270486880,238.590,robot_2,0.168,-3.007
1789401995,270580472,238.593,robot_1,-1.955,-2.617
1789401995,274130022,238.593,robot_0,-0.349,-1.499
1789401995,274235310,238.594,robot_0_carried_generic_box,-0.333,-1.447
1789401995,274283890,238.594,robot_1_carried_generic_box,-1.958,-2.594
1789401995,481352956,238.801,robot_2,0.168,-3.007
1789401995,492864385,238.812,robot_1,-1.953,-2.638
1789401995,492951239,238.812,robot_0,-0.359,-1.530
1789401995,493002830,238.812,robot_0_carried_generic_box,-0.346,-1.488
1789401995,493040977,238.812,robot_1_carried_generic_box,-1.956,-2.612
1789401995,727963213,239.047,robot_2,0.168,-3.008
1789401995,728043938,239.052,robot_1,-1.951,-2.664
1789401995,732471381,239.052,robot_0,-0.369,-1.562
1789401995,732543845,239.052,robot_0_carried_generic_box,-0.353,-1.510
1789401995,732580377,239.052,robot_1_carried_generic_box,-1.954,-2.632
1789401995,957280311,239.277,robot_2,0.174,-3.008
1789401995,957365335,239.277,robot_1,-1.950,-2.682
1789401995,957416660,239.277,robot_0,-0.380,-1.596
1789401995,957456321,239.277,robot_0_carried_generic_box,-0.362,-1.539
1789401995,957484955,239.277,robot_1_carried_generic_box,-1.951,-2.660
1789401996,185891890,239.505,robot_2,0.213,-3.011
1789401996,185974748,239.505,robot_1,-1.948,-2.724
1789401996,186022494,239.505,robot_0,-0.393,-1.636
1789401996,186064155,239.505,robot_0_carried_generic_box,-0.372,-1.570
1789401996,186094232,239.505,robot_1_carried_generic_box,-1.951,-2.667
1789401996,410057533,239.729,robot_2,0.255,-3.012
1789401996,410158283,239.729,robot_1,-1.946,-2.755
1789401996,410212209,239.729,robot_0,-0.405,-1.676
1789401996,410264937,239.730,robot_0_carried_generic_box,-0.387,-1.619
1789401996,410304203,239.730,robot_1_carried_generic_box,-1.949,-2.706
1789401996,627684551,239.947,robot_2,0.288,-3.013
1789401996,627814981,239.947,robot_1,-1.946,-2.779
1789401996,627864620,239.947,robot_0,-0.415,-1.708
1789401996,627911422,239.947,robot_0_carried_generic_box,-0.400,-1.659
1789401996,627944727,239.947,robot_1_carried_generic_box,-1.947,-2.749
1789401996,831366910,240.151,robot_2,0.315,-3.013
1789401996,831459905,240.151,robot_1,-1.945,-2.806
1789401996,831506930,240.151,robot_0,-0.423,-1.733
1789401996,831549546,240.151,robot_0_carried_generic_box,-0.408,-1.685
1789401996,831582964,240.151,robot_1_carried_generic_box,-1.946,-2.760
1789401997,63157139,240.382,robot_2,0.354,-3.014
1789401997,63262691,240.383,robot_1,-1.944,-2.829
1789401997,63321548,240.383,robot_0,-0.435,-1.771
1789401997,63382417,240.383,robot_0_carried_generic_box,-0.417,-1.713
1789401997,63428068,240.383,robot_1_carried_generic_box,-1.946,-2.779
1789401997,273722219,240.593,robot_2,0.390,-3.015
1789401997,273833126,240.593,robot_1,-1.944,-2.861
1789401997,273887658,240.593,robot_0,-0.446,-1.805
1789401997,273937454,240.593,robot_0_carried_generic_box,-0.426,-1.742
1789401997,273979814,240.593,robot_1_carried_generic_box,-1.945,-2.816
1789401997,479495957,240.799,robot_2,0.423,-3.015
1789401997,479577923,240.799,robot_1,-1.944,-2.889
1789401997,479647891,240.799,robot_0,-0.456,-1.836
1789401997,479704099,240.799,robot_0_carried_generic_box,-0.441,-1.791
1789401997,479751053,240.799,robot_1_carried_generic_box,-1.944,-2.829
1789401997,703688350,241.023,robot_2,0.450,-3.016
1789401997,703769548,241.023,robot_1,-1.944,-2.898
1789401997,703818060,241.023,robot_0,-0.464,-1.862
1789401997,703865461,241.023,robot_0_carried_generic_box,-0.450,-1.819
1789401997,703901761,241.023,robot_1_carried_generic_box,-1.944,-2.878
1789401997,938512277,241.258,robot_2,0.489,-3.017
1789401997,938614382,241.258,robot_1,-1.945,-2.912
1789401997,938668348,241.258,robot_0,-0.476,-1.899
1789401997,938719654,241.258,robot_0_carried_generic_box,-0.457,-1.839
1789401997,938757006,241.258,robot_1_carried_generic_box,-1.944,-2.890
1789401998,143862777,241.463,robot_2,0.522,-3.017
1789401998,143941492,241.463,robot_1,-1.944,-2.912
1789401998,143990171,241.463,robot_0,-0.486,-1.931
1789401998,144035592,241.463,robot_0_carried_generic_box,-0.468,-1.874
1789401998,144067546,241.463,robot_1_carried_generic_box,-1.945,-2.909
1789401998,376457222,241.696,robot_2,0.558,-3.018
1789401998,376537873,241.696,robot_1,-1.947,-2.930
1789401998,376590077,241.696,robot_0,-0.497,-1.965
1789401998,376647592,241.696,robot_0_carried_generic_box,-0.483,-1.922
1789401998,376688931,241.696,robot_1_carried_generic_box,-1.945,-2.912
1789401998,576651505,241.896,robot_2,0.588,-3.019
1789401998,576735448,241.896,robot_1,-1.952,-2.960
1789401998,576782305,241.896,robot_0,-0.506,-1.994
1789401998,576828687,241.896,robot_0_carried_generic_box,-0.489,-1.942
1789401998,576863540,241.896,robot_1_carried_generic_box,-1.945,-2.914
1789401998,782935319,242.102,robot_2,0.615,-3.019
1789401998,783032857,242.102,robot_1,-1.958,-2.986
1789401998,783097040,242.102,robot_0,-0.514,-2.020
1789401998,783155925,242.102,robot_0_carried_generic_box,-0.498,-1.968
1789401998,783203541,242.102,robot_1_carried_generic_box,-1.948,-2.936
1789401999,12796193,242.332,robot_2,0.651,-3.020
1789401999,12977067,242.332,robot_1,-1.961,-3.003
1789401999,13035276,242.332,robot_0,-0.525,-2.054
1789401999,13084686,242.332,robot_0_carried_generic_box,-0.507,-1.999
1789401999,13123368,242.332,robot_1_carried_generic_box,-1.953,-2.965
1789401999,238079443,242.557,robot_2,0.684,-3.020
1789401999,238199515,242.557,robot_1,-1.961,-3.003
1789401999,238254932,242.558,robot_0,-0.535,-2.085
1789401999,238307981,242.558,robot_0_carried_generic_box,-0.518,-2.034
1789401999,238346869,242.558,robot_1_carried_generic_box,-1.960,-2.997
1789401999,459795328,242.786,robot_2,0.717,-3.021
1789401999,466822290,242.786,robot_1,-1.962,-3.005
1789401999,466899872,242.786,robot_0,-0.545,-2.117
1789401999,466961387,242.786,robot_0_carried_generic_box,-0.527,-2.060
1789401999,467004384,242.786,robot_1_carried_generic_box,-1.961,-3.003
1789401999,693394246,243.013,robot_2,0.750,-3.022
1789401999,693490659,243.013,robot_1,-1.971,-3.028
1789401999,693543686,243.013,robot_0,-0.555,-2.148
1789401999,693594418,243.013,robot_0_carried_generic_box,-0.542,-2.108
1789401999,693652824,243.013,robot_1_carried_generic_box,-1.961,-3.004
1789401999,897524807,243.217,robot_2,0.780,-3.022
1789401999,897639422,243.217,robot_1,-1.983,-3.055
1789401999,897700230,243.217,robot_0,-0.564,-2.177
1789401999,897756100,243.217,robot_0_carried_generic_box,-0.550,-2.134
1789401999,897805666,243.217,robot_1_carried_generic_box,-1.965,-3.015
1789402000,121850291,243.441,robot_2,0.819,-3.023
1789402000,121940658,243.441,robot_1,-1.991,-3.073
1789402000,121993528,243.441,robot_0,-0.575,-2.214
1789402000,122043774,243.441,robot_0_carried_generic_box,-0.559,-2.163
1789402000,122075841,243.441,robot_1_carried_generic_box,-1.971,-3.028
1789402000,352211121,243.671,robot_2,0.855,-3.024
1789402000,352322597,243.672,robot_1,-1.991,-3.074
1789402000,352390203,243.672,robot_0,-0.586,-2.248
1789402000,352451258,243.672,robot_0_carried_generic_box,-0.568,-2.191
1789402000,352504186,243.672,robot_1_carried_generic_box,-1.988,-3.067
1789402000,580269125,243.900,robot_2,0.888,-3.024
1789402000,580376898,243.900,robot_1,-1.991,-3.074
1789402000,580446437,243.900,robot_0,-0.596,-2.280
1789402000,580509935,243.900,robot_0_carried_generic_box,-0.579,-2.225
1789402000,580558733,243.900,robot_1_carried_generic_box,-1.991,-3.073
1789402000,803629149,244.128,robot_2,0.918,-3.025
1789402000,808478031,244.128,robot_1,-1.991,-3.074
1789402000,808583737,244.128,robot_0,-0.605,-2.308
1789402000,808668496,244.128,robot_0_carried_generic_box,-0.591,-2.263
1789402000,808725532,244.128,robot_1_carried_generic_box,-1.991,-3.074
1789402001,23858632,244.343,robot_2,0.945,-3.025
1789402001,23964182,244.343,robot_1,-1.991,-3.074
1789402001,24025614,244.343,robot_0,-0.613,-2.334
1789402001,24082158,244.343,robot_0_carried_generic_box,-0.602,-2.297
1789402001,24128105,244.343,robot_1_carried_generic_box,-1.991,-3.074
1789402001,244624727,244.564,robot_2,0.972,-3.026
1789402001,244770311,244.564,robot_1,-1.991,-3.074
1789402001,244837456,244.564,robot_0,-0.622,-2.360
1789402001,244900531,244.564,robot_0_carried_generic_box,-0.608,-2.317
1789402001,244948626,244.564,robot_1_carried_generic_box,-1.991,-3.074
1789402001,455425448,244.775,robot_2,1.005,-3.027
1789402001,455515881,244.775,robot_1,-1.991,-3.074
1789402001,455568129,244.775,robot_0,-0.631,-2.391
1789402001,472250201,244.792,robot_0_carried_generic_box,-0.617,-2.346
1789402001,472364094,244.792,robot_1_carried_generic_box,-1.991,-3.074
1789402001,674912372,244.994,robot_2,1.032,-3.027
1789402001,675013032,244.994,robot_1,-1.991,-3.074
1789402001,675071682,244.997,robot_0,-0.640,-2.417
1789402001,677776669,244.997,robot_0_carried_generic_box,-0.623,-2.366
1789402001,677830190,244.997,robot_1_carried_generic_box,-1.991,-3.074
1789402001,884515172,245.204,robot_2,1.059,-3.028
1789402001,884609523,245.204,robot_1,-1.992,-3.073
1789402001,884652216,245.204,robot_0,-0.648,-2.443
1789402001,884693431,245.204,robot_0_carried_generic_box,-0.631,-2.391
1789402001,884722931,245.204,robot_1_carried_generic_box,-1.991,-3.074
1789402002,101083560,245.420,robot_2,1.086,-3.028
1789402002,101224205,245.420,robot_1,-1.992,-3.073
1789402002,101278601,245.421,robot_0,-0.656,-2.469
1789402002,101331824,245.421,robot_0_carried_generic_box,-0.642,-2.426
1789402002,101377248,245.421,robot_1_carried_generic_box,-1.991,-3.074
1789402002,302407122,245.622,robot_2,1.113,-3.029
1789402002,302488372,245.622,robot_1,-1.992,-3.073
1789402002,302531295,245.622,robot_0,-0.664,-2.494
1789402002,302573904,245.622,robot_0_carried_generic_box,-0.651,-2.454
1789402002,302611570,245.622,robot_1_carried_generic_box,-1.992,-3.073
1789402002,532022253,245.851,robot_2,1.140,-3.029
1789402002,532153043,245.851,robot_1,-1.992,-3.073
1789402002,532227004,245.851,robot_0,-0.672,-2.520
1789402002,532295246,245.852,robot_0_carried_generic_box,-0.660,-2.480
1789402002,532347966,245.852,robot_1_carried_generic_box,-1.992,-3.073
1789402002,757456852,246.077,robot_2,1.173,-3.030
1789402002,757559185,246.077,robot_1,-1.992,-3.073
1789402002,757625771,246.077,robot_0,-0.682,-2.552
1789402002,757676502,246.077,robot_0_carried_generic_box,-0.668,-2.506
1789402002,757712828,246.077,robot_1_carried_generic_box,-1.992,-3.073
1789402002,976550315,246.296,robot_2,1.194,-3.030
1789402002,976682534,246.296,robot_1,-1.992,-3.073
1789402002,976749351,246.296,robot_0,-0.688,-2.572
1789402002,976805504,246.296,robot_0_carried_generic_box,-0.675,-2.529
1789402002,976853109,246.296,robot_1_carried_generic_box,-1.992,-3.073
1789402003,186998392,246.506,robot_2,1.224,-3.031
1789402003,187102541,246.506,robot_1,-1.993,-3.073
1789402003,187153605,246.506,robot_0,-0.698,-2.600
1789402003,187202951,246.506,robot_0_carried_generic_box,-0.681,-2.549
1789402003,187244463,246.507,robot_1_carried_generic_box,-1.992,-3.073
1789402003,415132000,246.734,robot_2,1.260,-3.031
1789402003,418695482,246.738,robot_1,-1.993,-3.073
1789402003,418824672,246.738,robot_0,-0.708,-2.634
1789402003,418899426,246.738,robot_0_carried_generic_box,-0.691,-2.580
1789402003,418954878,246.738,robot_1_carried_generic_box,-1.993,-3.073
1789402003,653360962,246.973,robot_2,1.296,-3.032
1789402003,653441928,246.973,robot_1,-1.993,-3.074
1789402003,653494922,246.973,robot_0,-0.719,-2.669
1789402003,653551816,246.973,robot_0_carried_generic_box,-0.705,-2.623
1789402003,653593930,246.973,robot_1_carried_generic_box,-1.993,-3.073
1789402003,882850677,247.202,robot_2,1.329,-3.033
1789402003,893159744,247.212,robot_1,-1.993,-3.074
1789402003,893296706,247.213,robot_0,-0.729,-2.700
1789402003,893363907,247.213,robot_0_carried_generic_box,-0.712,-2.646
1789402003,893412697,247.213,robot_1_carried_generic_box,-1.993,-3.074
1789402004,111364465,247.431,robot_2,1.356,-3.033
1789402004,111453654,247.431,robot_1,-1.994,-3.074
1789402004,111501325,247.431,robot_0,-0.737,-2.726
1789402004,111554978,247.431,robot_0_carried_generic_box,-0.719,-2.669
1789402004,111633639,247.431,robot_1_carried_generic_box,-1.993,-3.074
1789402004,330509359,247.650,robot_2,1.389,-3.034
1789402004,330615120,247.650,robot_1,-1.994,-3.074
1789402004,330670549,247.650,robot_0,-0.747,-2.757
1789402004,330727205,247.650,robot_0_carried_generic_box,-0.734,-2.715
1789402004,330774262,247.650,robot_1_carried_generic_box,-1.994,-3.074
1789402004,533385614,247.853,robot_2,1.419,-3.035
1789402004,533472616,247.853,robot_1,-2.000,-3.066
1789402004,533520278,247.853,robot_0,-0.756,-2.786
1789402004,533568585,247.853,robot_0_carried_generic_box,-0.740,-2.735
1789402004,533620723,247.853,robot_1_carried_generic_box,-1.994,-3.074
1789402004,757429496,248.077,robot_2,1.461,-3.035
1789402004,757529274,248.077,robot_1,-2.018,-3.044
1789402004,757580414,248.077,robot_0,-0.769,-2.826
1789402004,757649251,248.077,robot_0_carried_generic_box,-0.751,-2.769
1789402004,757692527,248.077,robot_1_carried_generic_box,-1.995,-3.073
1789402004,970171896,248.289,robot_2,1.488,-3.036
1789402004,970259912,248.290,robot_1,-2.029,-3.029
1789402004,970309594,248.290,robot_0,-0.777,-2.852
1789402004,970364990,248.290,robot_0_carried_generic_box,-0.760,-2.798
1789402004,970416347,248.290,robot_1_carried_generic_box,-2.004,-3.061
1789402005,184335860,248.504,robot_2,1.521,-3.036
1789402005,184415519,248.504,robot_1,-2.033,-3.024
1789402005,184460289,248.504,robot_0,-0.787,-2.883
1789402005,184509846,248.504,robot_0_carried_generic_box,-0.767,-2.820
1789402005,184548191,248.504,robot_1_carried_generic_box,-2.018,-3.044
1789402005,396920729,248.716,robot_2,1.554,-3.037
1789402005,397004786,248.716,robot_1,-2.033,-3.024
1789402005,397055672,248.716,robot_0,-0.797,-2.915
1789402005,397119721,248.716,robot_0_carried_generic_box,-0.782,-2.866
1789402005,397170982,248.716,robot_1_carried_generic_box,-2.033,-3.024
1789402005,620998179,248.940,robot_2,1.590,-3.038
1789402005,621085024,248.940,robot_1,-2.033,-3.024
1789402005,621132022,248.940,robot_0,-0.808,-2.949
1789402005,621186832,248.940,robot_0_carried_generic_box,-0.792,-2.898
1789402005,621226704,248.940,robot_1_carried_generic_box,-2.033,-3.024
1789402005,830634814,249.150,robot_2,1.620,-3.038
1789402005,830717534,249.150,robot_1,-2.033,-3.024
1789402005,830760428,249.150,robot_0,-0.817,-2.978
1789402005,830811041,249.150,robot_0_carried_generic_box,-0.802,-2.929
1789402005,830853488,249.150,robot_1_carried_generic_box,-2.033,-3.024
1789402006,53663117,249.373,robot_2,1.647,-3.039
1789402006,53781312,249.373,robot_1,-2.033,-3.024
1789402006,53828874,249.373,robot_0,-0.825,-3.003
1789402006,53882890,249.373,robot_0_carried_generic_box,-0.812,-2.963
1789402006,53924447,249.373,robot_1_carried_generic_box,-2.033,-3.024
1789402006,262983055,249.582,robot_2,1.686,-3.040
1789402006,263075091,249.582,robot_1,-2.034,-3.024
1789402006,263126493,249.582,robot_0,-0.837,-3.041
1789402006,263178131,249.582,robot_0_carried_generic_box,-0.823,-2.998
1789402006,263227824,249.582,robot_1_carried_generic_box,-2.033,-3.024
1789402006,466123957,249.785,robot_2,1.722,-3.040
1789402006,466229353,249.786,robot_1,-2.034,-3.025
1789402006,466283396,249.786,robot_0,-0.848,-3.075
1789402006,466337568,249.786,robot_0_carried_generic_box,-0.827,-3.009
1789402006,466378506,249.786,robot_1_carried_generic_box,-2.034,-3.024
1789402006,672093651,249.991,robot_2,1.755,-3.041
1789402006,672189329,249.991,robot_1,-2.034,-3.025
1789402006,672242504,249.992,robot_0,-0.858,-3.106
1789402006,672303640,249.992,robot_0_carried_generic_box,-0.843,-3.061
1789402006,672349406,249.992,robot_1_carried_generic_box,-2.034,-3.024
1789402006,888425875,250.208,robot_2,1.787,-3.042
1789402006,888527313,250.208,robot_1,-2.034,-3.025
1789402006,888588401,250.208,robot_0,-0.864,-3.127
1789402006,888662928,250.208,robot_0_carried_generic_box,-0.856,-3.101
1789402006,888717439,250.208,robot_1_carried_generic_box,-2.034,-3.025
1789402007,102336798,250.422,robot_2,1.820,-3.042
1789402007,102438521,250.422,robot_1,-2.034,-3.026
1789402007,102498333,250.422,robot_0,-0.865,-3.128
1789402007,102562913,250.422,robot_0_carried_generic_box,-0.862,-3.121
1789402007,102829695,250.422,robot_1_carried_generic_box,-2.034,-3.025
1789402007,331781970,250.651,robot_2,1.856,-3.043
1789402007,331886345,250.651,robot_1,-2.034,-3.026
1789402007,331928355,250.651,robot_0,-0.865,-3.128
1789402007,331983747,250.651,robot_0_carried_generic_box,-0.865,-3.128
1789402007,332025566,250.651,robot_1_carried_generic_box,-2.034,-3.025
1789402007,547128606,250.866,robot_2,1.898,-3.044
1789402007,547219150,250.866,robot_1,-2.034,-3.026
1789402007,547266388,250.867,robot_0,-0.865,-3.128
1789402007,547321579,250.867,robot_0_carried_generic_box,-0.865,-3.128
1789402007,547360853,250.867,robot_1_carried_generic_box,-2.034,-3.026
1789402007,769664596,251.089,robot_2,1.931,-3.044
1789402007,769759498,251.089,robot_1,-2.034,-3.026
1789402007,769807911,251.089,robot_0,-0.865,-3.128
1789402007,769862207,251.089,robot_0_carried_generic_box,-0.865,-3.128
1789402007,769910628,251.089,robot_1_carried_generic_box,-2.034,-3.026
1789402007,986692485,251.306,robot_2,1.961,-3.045
1789402007,986781019,251.306,robot_1,-2.034,-3.027
1789402007,986825995,251.306,robot_0,-0.865,-3.128
1789402007,986875271,251.306,robot_0_carried_generic_box,-0.865,-3.128
1789402007,986914346,251.306,robot_1_carried_generic_box,-2.034,-3.026
1789402008,188822489,251.508,robot_2,1.988,-3.045
1789402008,188929021,251.508,robot_1,-2.033,-3.027
1789402008,188990659,251.508,robot_0,-0.865,-3.128
1789402008,189047959,251.508,robot_0_carried_generic_box,-0.865,-3.128
1789402008,189099044,251.508,robot_1_carried_generic_box,-2.034,-3.026
1789402008,397866037,251.717,robot_2,2.021,-3.046
1789402008,397964751,251.717,robot_1,-2.033,-3.027
1789402008,398024073,251.717,robot_0,-0.866,-3.128
1789402008,398086377,251.717,robot_0_carried_generic_box,-0.865,-3.128
1789402008,398140117,251.717,robot_1_carried_generic_box,-2.034,-3.027
1789402008,604134897,251.923,robot_2,2.048,-3.047
1789402008,609097673,251.928,robot_1,-2.033,-3.027
1789402008,609310217,251.929,robot_0,-0.866,-3.128
1789402008,609381776,251.929,robot_0_carried_generic_box,-0.865,-3.128
1789402008,609428489,251.929,robot_1_carried_generic_box,-2.033,-3.027
1789402008,816412264,252.136,robot_2,2.078,-3.047
1789402008,816505491,252.136,robot_1,-2.033,-3.027
1789402008,816551998,252.136,robot_0,-0.866,-3.128
1789402008,816611193,252.136,robot_0_carried_generic_box,-0.866,-3.128
1789402008,816753498,252.136,robot_1_carried_generic_box,-2.033,-3.027
1789402009,20022084,252.339,robot_2,2.105,-3.048
1789402009,20117083,252.339,robot_1,-2.033,-3.027
1789402009,20171783,252.339,robot_0,-0.866,-3.128
1789402009,20222808,252.339,robot_0_carried_generic_box,-0.866,-3.128
1789402009,20264038,252.340,robot_1_carried_generic_box,-2.033,-3.027
1789402009,243386027,252.563,robot_2,2.138,-3.048
1789402009,243484238,252.563,robot_1,-2.033,-3.027
1789402009,243539339,252.563,robot_0,-0.866,-3.128
1789402009,243612669,252.563,robot_0_carried_generic_box,-0.866,-3.128
1789402009,243654915,252.563,robot_1_carried_generic_box,-2.033,-3.027
1789402009,451126970,252.770,robot_2,2.171,-3.049
1789402009,451227959,252.770,robot_1,-2.032,-3.028
1789402009,451287468,252.771,robot_0,-0.867,-3.129
1789402009,451349889,252.771,robot_0_carried_generic_box,-0.866,-3.128
1789402009,451402768,252.771,robot_1_carried_generic_box,-2.033,-3.027
1789402009,678486453,252.998,robot_2,2.207,-3.050
1789402009,678579585,253.006,robot_1,-2.032,-3.028
1789402009,686818762,253.006,robot_0,-0.867,-3.129
1789402009,686896688,253.006,robot_0_carried_generic_box,-0.866,-3.128
1789402009,686949020,253.006,robot_1_carried_generic_box,-2.032,-3.028
1789402009,885164712,253.204,robot_2,2.237,-3.050
1789402009,885258092,253.205,robot_1,-2.032,-3.028
1789402009,885318424,253.205,robot_0,-0.867,-3.129
1789402009,885381492,253.205,robot_0_carried_generic_box,-0.867,-3.129
1789402009,885431444,253.205,robot_1_carried_generic_box,-2.032,-3.028
1789402010,122949158,253.442,robot_2,2.273,-3.051
1789402010,123038586,253.442,robot_1,-2.032,-3.028
1789402010,123084058,253.442,robot_0,-0.867,-3.129
1789402010,123137442,253.442,robot_0_carried_generic_box,-0.867,-3.129
1789402010,123178017,253.442,robot_1_carried_generic_box,-2.032,-3.028
1789402010,334308492,253.654,robot_2,2.311,-3.052
1789402010,334410721,253.654,robot_1,-2.031,-3.028
1789402010,334472139,253.654,robot_0,-0.867,-3.129
1789402010,334543827,253.654,robot_0_carried_generic_box,-0.867,-3.129
1789402010,354543434,253.674,robot_1_carried_generic_box,-2.032,-3.028
1789402010,541061875,253.860,robot_2,2.320,-3.052
1789402010,541158807,253.860,robot_1,-2.031,-3.028
1789402010,541212585,253.860,robot_0,-0.867,-3.130
1789402010,541268886,253.861,robot_0_carried_generic_box,-0.867,-3.129
1789402010,541317636,253.861,robot_1_carried_generic_box,-2.032,-3.028
1789402010,758583546,254.078,robot_2,2.320,-3.052
1789402010,758683069,254.078,robot_1,-2.031,-3.028
1789402010,758733611,254.078,robot_0,-0.867,-3.130
1789402010,758790798,254.078,robot_0_carried_generic_box,-0.867,-3.129
1789402010,758847813,254.078,robot_1_carried_generic_box,-2.031,-3.028
1789402010,973770586,254.293,robot_2,2.320,-3.052
1789402010,973864383,254.293,robot_1,-2.031,-3.026
1789402010,973913331,254.293,robot_0,-0.867,-3.130
1789402010,973966029,254.293,robot_0_carried_generic_box,-0.867,-3.130
1789402010,974005644,254.293,robot_1_carried_generic_box,-2.031,-3.028
1789402011,183001990,254.502,robot_2,2.320,-3.052
1789402011,183084457,254.502,robot_1,-2.036,-3.000
1789402011,183127815,254.502,robot_0,-0.868,-3.130
1789402011,183174629,254.502,robot_0_carried_generic_box,-0.867,-3.130
1789402011,183214092,254.502,robot_1_carried_generic_box,-2.031,-3.028
1789402011,408917448,254.728,robot_2,2.320,-3.052
1789402011,409009962,254.728,robot_1,-2.041,-2.978
1789402011,409053325,254.728,robot_0,-0.868,-3.130
1789402011,409103838,254.728,robot_0_carried_generic_box,-0.867,-3.130
1789402011,409144415,254.728,robot_1_carried_generic_box,-2.033,-3.015
1789402011,619430315,254.939,robot_2,2.320,-3.052
1789402011,619521649,254.939,robot_1,-2.045,-2.957
1789402011,619569900,254.939,robot_0,-0.868,-3.131
1789402011,619634635,254.939,robot_0_carried_generic_box,-0.868,-3.130
1789402011,619678846,254.939,robot_1_carried_generic_box,-2.039,-2.988
1789402011,826137701,255.145,robot_2,2.320,-3.052
1789402011,826222127,255.145,robot_1,-2.049,-2.935
1789402011,826272183,255.146,robot_0,-0.868,-3.131
1789402011,826327324,255.146,robot_0_carried_generic_box,-0.868,-3.131
1789402011,826372643,255.146,robot_1_carried_generic_box,-2.043,-2.969
1789402012,33581683,255.353,robot_2,2.320,-3.052
1789402012,33687670,255.353,robot_1,-2.052,-2.913
1789402012,33735995,255.353,robot_0,-0.868,-3.131
1789402012,33786194,255.353,robot_0_carried_generic_box,-0.868,-3.131
1789402012,33823308,255.353,robot_1_carried_generic_box,-2.047,-2.949
1789402012,266128952,255.585,robot_2,2.320,-3.052
1789402012,266235034,255.586,robot_1,-2.052,-2.893
1789402012,266299143,255.586,robot_0,-0.867,-3.131
1789402012,266364005,255.586,robot_0_carried_generic_box,-0.868,-3.131
1789402012,266417891,255.586,robot_1_carried_generic_box,-2.051,-2.927
1789402012,493501745,255.813,robot_2,2.321,-3.052
1789402012,500816105,255.820,robot_1,-2.051,-2.871
1789402012,500970226,255.820,robot_0,-0.860,-3.129
1789402012,501049151,255.820,robot_0_carried_generic_box,-0.867,-3.131
1789402012,501107149,255.820,robot_1_carried_generic_box,-2.052,-2.909
1789402012,696909657,256.016,robot_2,2.321,-3.053
1789402012,697006393,256.016,robot_1,-2.048,-2.852
1789402012,697062978,256.016,robot_0,-0.835,-3.118
1789402012,697121464,256.016,robot_0_carried_generic_box,-0.866,-3.131
1789402012,697158555,256.016,robot_1_carried_generic_box,-2.052,-2.879
1789402012,900270984,256.220,robot_2,2.321,-3.053
1789402012,900360298,256.220,robot_1,-2.043,-2.832
1789402012,900413255,256.220,robot_0,-0.808,-3.105
1789402012,900468612,256.220,robot_0_carried_generic_box,-0.860,-3.129
1789402012,900512658,256.220,robot_1_carried_generic_box,-2.051,-2.869
1789402013,100932964,256.420,robot_2,2.321,-3.053
1789402013,101022373,256.420,robot_1,-2.035,-2.806
1789402013,101075548,256.420,robot_0,-0.781,-3.092
1789402013,101137755,256.420,robot_0_carried_generic_box,-0.821,-3.112
1789402013,101186060,256.420,robot_1_carried_generic_box,-2.046,-2.842
1789402013,305375970,256.625,robot_2,2.321,-3.053
1789402013,305460504,256.625,robot_1,-2.023,-2.776
1789402013,305507380,256.625,robot_0,-0.752,-3.076
1789402013,305557444,256.625,robot_0_carried_generic_box,-0.797,-3.100
1789402013,305611043,256.625,robot_1_carried_generic_box,-2.040,-2.822
1789402013,516793253,256.836,robot_2,2.321,-3.053
1789402013,516888099,256.836,robot_1,-2.008,-2.743
1789402013,516931028,256.836,robot_0,-0.720,-3.060
1789402013,517025730,256.836,robot_0_carried_generic_box,-0.762,-3.082
1789402013,517067412,256.836,robot_1_carried_generic_box,-2.027,-2.787
1789402013,729681073,257.049,robot_2,2.321,-3.053
1789402013,729775287,257.049,robot_1,-1.996,-2.718
1789402013,729827287,257.049,robot_0,-0.691,-3.044
1789402013,729886730,257.049,robot_0_carried_generic_box,-0.736,-3.068
1789402013,729938255,257.049,robot_1_carried_generic_box,-2.015,-2.760
1789402013,938677419,257.258,robot_2,2.321,-3.053
1789402013,939064386,257.258,robot_1,-1.987,-2.699
1789402013,939128374,257.258,robot_0,-0.664,-3.030
1789402013,939188403,257.258,robot_0_carried_generic_box,-0.709,-3.054
1789402013,939234901,257.258,robot_1_carried_generic_box,-2.001,-2.730
1789402014,144002633,257.463,robot_2,2.322,-3.054
1789402014,144094039,257.463,robot_1,-1.974,-2.675
1789402014,144151232,257.463,robot_0,-0.640,-3.018
1789402014,144204908,257.463,robot_0_carried_generic_box,-0.683,-3.040
1789402014,144249183,257.464,robot_1_carried_generic_box,-1.993,-2.713
1789402014,344545303,257.664,robot_2,2.322,-3.054
1789402014,344653738,257.664,robot_1,-1.962,-2.652
1789402014,344715709,257.664,robot_0,-0.608,-3.001
1789402014,344773653,257.664,robot_0_carried_generic_box,-0.664,-3.030
1789402014,344828831,257.664,robot_1_carried_generic_box,-1.983,-2.691
1789402014,570088719,257.889,robot_2,2.322,-3.054
1789402014,570190479,257.889,robot_1,-1.951,-2.631
1789402014,570243891,257.890,robot_0,-0.576,-2.984
1789402014,570301927,257.890,robot_0_carried_generic_box,-0.627,-3.011
1789402014,570346778,257.890,robot_1_carried_generic_box,-1.969,-2.664
1789402014,794476323,258.114,robot_2,2.319,-3.068
1789402014,794581703,258.114,robot_1,-1.939,-2.609
1789402014,794641237,258.114,robot_0,-0.545,-2.968
1789402014,794685307,258.114,robot_0_carried_generic_box,-0.590,-2.991
1789402014,794721458,258.114,robot_1_carried_generic_box,-1.955,-2.639
1789402015,20792495,258.340,robot_2,2.314,-3.087
1789402015,20884884,258.340,robot_1,-1.925,-2.583
1789402015,20926629,258.340,robot_0,-0.518,-2.954
1789402015,20975235,258.340,robot_0_carried_generic_box,-0.566,-2.979
1789402015,21015284,258.340,robot_1_carried_generic_box,-1.944,-2.618
1789402015,238538850,258.558,robot_2,2.308,-3.110
1789402015,238653563,258.558,robot_1,-1.907,-2.551
1789402015,238697605,258.558,robot_0,-0.486,-2.937
1789402015,238744121,258.558,robot_0_carried_generic_box,-0.534,-2.962
1789402015,238778284,258.558,robot_1_carried_generic_box,-1.932,-2.596
1789402015,443254869,258.763,robot_2,2.305,-3.123
1789402015,443345376,258.763,robot_1,-1.896,-2.532
1789402015,443392296,258.763,robot_0,-0.460,-2.923
1789402015,443441568,258.763,robot_0_carried_generic_box,-0.499,-2.944
1789402015,443484532,258.763,robot_1_carried_generic_box,-1.915,-2.565
1789402015,644177701,258.963,robot_2,2.305,-3.123
1789402015,644279722,258.964,robot_1,-1.879,-2.503
1789402015,644321702,258.964,robot_0,-0.428,-2.906
1789402015,644369829,258.964,robot_0_carried_generic_box,-0.475,-2.931
1789402015,644405247,258.964,robot_1_carried_generic_box,-1.902,-2.542
1789402015,861909035,259.181,robot_2,2.305,-3.123
1789402015,862004861,259.181,robot_1,-1.864,-2.477
1789402015,862046041,259.181,robot_0,-0.401,-2.892
1789402015,862100702,259.181,robot_0_carried_generic_box,-0.460,-2.923
1789402015,862139756,259.181,robot_1_carried_generic_box,-1.894,-2.528
1789402016,62784258,259.382,robot_2,2.305,-3.123
1789402016,62871209,259.382,robot_1,-1.848,-2.452
1789402016,62916771,259.382,robot_0,-0.375,-2.879
1789402016,62963543,259.382,robot_0_carried_generic_box,-0.422,-2.904
1789402016,63002630,259.382,robot_1_carried_generic_box,-1.876,-2.498
1789402016,272740547,259.592,robot_2,2.305,-3.123
1789402016,272820648,259.592,robot_1,-1.831,-2.424
1789402016,272864224,259.592,robot_0,-0.345,-2.863
1789402016,272925348,259.592,robot_0_carried_generic_box,-0.396,-2.890
1789402016,272970482,259.592,robot_1_carried_generic_box,-1.859,-2.470
1789402016,474080166,259.793,robot_2,2.306,-3.123
1789402016,474163420,259.793,robot_1,-1.814,-2.395
1789402016,474204647,259.794,robot_0,-0.316,-2.848
1789402016,474295898,259.794,robot_0_carried_generic_box,-0.372,-2.877
1789402016,474332178,259.794,robot_1_carried_generic_box,-1.847,-2.449
1789402016,715463425,260.035,robot_2,2.306,-3.123
1789402016,715561004,260.035,robot_1,-1.800,-2.372
1789402016,715626020,260.035,robot_0,-0.284,-2.831
1789402016,715690314,260.035,robot_0_carried_generic_box,-0.329,-2.855
1789402016,715742759,260.035,robot_1_carried_generic_box,-1.820,-2.406
1789402016,927408911,260.247,robot_2,2.306,-3.123
1789402016,927508173,260.247,robot_1,-1.790,-2.357
1789402016,936687240,260.256,robot_0,-0.260,-2.819
1789402016,936793436,260.256,robot_0_carried_generic_box,-0.300,-2.840
1789402016,936844625,260.256,robot_1_carried_generic_box,-1.813,-2.393
1789402017,149061380,260.468,robot_2,2.306,-3.123
1789402017,149160015,260.468,robot_1,-1.778,-2.338
1789402017,149209463,260.468,robot_0,-0.231,-2.803
1789402017,149265960,260.469,robot_0_carried_generic_box,-0.276,-2.827
1789402017,149316269,260.469,robot_1_carried_generic_box,-1.797,-2.367
1789402017,381125071,260.700,robot_2,2.307,-3.123
1789402017,381225692,260.700,robot_1,-1.773,-2.332
1789402017,381287304,260.701,robot_0,-0.199,-2.787
1789402017,381352947,260.701,robot_0_carried_generic_box,-0.252,-2.814
1789402017,381410363,260.701,robot_1_carried_generic_box,-1.786,-2.350
1789402017,581346694,260.901,robot_2,2.300,-3.115
1789402017,581441779,260.901,robot_1,-1.774,-2.332
1789402017,581496306,260.901,robot_0,-0.173,-2.773
1789402017,581553783,260.901,robot_0_carried_generic_box,-0.215,-2.795
1789402017,599666106,260.919,robot_1_carried_generic_box,-1.777,-2.337
1789402017,797454258,261.117,robot_2,2.275,-3.086
1789402017,797604590,261.117,robot_1,-1.774,-2.331
1789402017,797652871,261.117,robot_0,-0.138,-2.755
1789402017,797705085,261.117,robot_0_carried_generic_box,-0.186,-2.780
1789402017,797743328,261.117,robot_1_carried_generic_box,-1.774,-2.332
1789402018,11188640,261.330,robot_2,2.259,-3.068
1789402018,11287243,261.331,robot_1,-1.774,-2.331
1789402018,11354632,261.331,robot_0,-0.117,-2.743
1789402018,11407166,261.331,robot_0_carried_generic_box,-0.162,-2.767
1789402018,11451663,261.331,robot_1_carried_generic_box,-1.774,-2.332
1789402018,214096157,261.533,robot_2,2.239,-3.046
1789402018,214184243,261.533,robot_1,-1.779,-2.334
1789402018,214239490,261.534,robot_0,-0.090,-2.730
1789402018,214301983,261.534,robot_0_carried_generic_box,-0.130,-2.750
1789402018,214345990,261.534,robot_1_carried_generic_box,-1.774,-2.331
1789402018,449210931,261.768,robot_2,2.213,-3.017
1789402018,449315792,261.769,robot_1,-1.789,-2.339
1789402018,449378780,261.769,robot_0,-0.056,-2.711
1789402018,449435437,261.769,robot_0_carried_generic_box,-0.109,-2.739
1789402018,449484383,261.769,robot_1_carried_generic_box,-1.774,-2.331
1789402018,674504018,261.994,robot_2,2.191,-2.993
1789402018,692855998,262.012,robot_1,-1.789,-2.339
1789402018,692966518,262.012,robot_0,-0.026,-2.696
1789402018,693030257,262.012,robot_0_carried_generic_box,-0.090,-2.730
1789402018,693085463,262.012,robot_1_carried_generic_box,-1.788,-2.339
1789402018,937308009,262.257,robot_2,2.164,-2.964
1789402018,937415619,262.257,robot_1,-1.789,-2.339
1789402018,937475235,262.257,robot_0,0.008,-2.678
1789402018,937543969,262.257,robot_0_carried_generic_box,-0.042,-2.704
1789402018,937610470,262.257,robot_1_carried_generic_box,-1.789,-2.339
1789402019,165845630,262.485,robot_2,2.144,-2.942
1789402019,165942660,262.485,robot_1,-1.789,-2.339
1789402019,165988438,262.485,robot_0,0.035,-2.664
1789402019,166040078,262.485,robot_0_carried_generic_box,-0.018,-2.692
1789402019,166086204,262.485,robot_1_carried_generic_box,-1.789,-2.339
1789402019,384743649,262.704,robot_2,2.116,-2.911
1789402019,384828964,262.704,robot_1,-1.789,-2.339
1789402019,384872223,262.704,robot_0,0.072,-2.645
1789402019,384922629,262.704,robot_0_carried_generic_box,0.013,-2.675
1789402019,384966291,262.704,robot_1_carried_generic_box,-1.789,-2.339
1789402019,613056682,262.932,robot_2,2.092,-2.884
1789402019,613150191,262.932,robot_1,-1.789,-2.339
1789402019,613207987,262.932,robot_0,0.104,-2.628
1789402019,613266804,262.933,robot_0_carried_generic_box,0.053,-2.654
1789402019,613319425,262.933,robot_1_carried_generic_box,-1.789,-2.339
1789402019,821531901,263.141,robot_2,2.073,-2.864
1789402019,821647421,263.141,robot_1,-1.789,-2.339
1789402019,821707289,263.141,robot_0,0.128,-2.615
1789402019,821753518,263.141,robot_0_carried_generic_box,0.075,-2.643
1789402019,821789514,263.141,robot_1_carried_generic_box,-1.789,-2.339
1789402020,67798641,263.387,robot_2,2.053,-2.842
1789402020,67894535,263.387,robot_1,-1.789,-2.339
1789402020,67942328,263.387,robot_0,0.154,-2.601
1789402020,67991470,263.387,robot_0_carried_generic_box,0.109,-2.625
1789402020,68031083,263.387,robot_1_carried_generic_box,-1.789,-2.339
1789402020,286803536,263.606,robot_2,2.025,-2.811
1789402020,286888362,263.606,robot_1,-1.789,-2.339
1789402020,286929534,263.606,robot_0,0.191,-2.582
1789402020,286970947,263.606,robot_0_carried_generic_box,0.130,-2.614
1789402020,287000723,263.606,robot_1_carried_generic_box,-1.789,-2.339
1789402020,522417888,263.842,robot_2,1.997,-2.780
1789402020,522523175,263.842,robot_1,-1.789,-2.339
1789402020,522578385,263.842,robot_0,0.229,-2.562
1789402020,522637202,263.842,robot_0_carried_generic_box,0.173,-2.592
1789402020,522682050,263.842,robot_1_carried_generic_box,-1.789,-2.339
1789402020,763395242,264.083,robot_2,1.968,-2.749
1789402020,763478001,264.083,robot_1,-1.789,-2.340
1789402020,763523227,264.083,robot_0,0.266,-2.543
1789402020,763570962,264.083,robot_0_carried_generic_box,0.205,-2.575
1789402020,763622242,264.083,robot_1_carried_generic_box,-1.789,-2.339
1789402020,967253481,264.287,robot_2,1.948,-2.727
1789402020,967348038,264.287,robot_1,-1.788,-2.340
1789402020,967401581,264.287,robot_0,0.292,-2.529
1789402020,967453651,264.287,robot_0_carried_generic_box,0.234,-2.560
1789402020,967495176,264.287,robot_1_carried_generic_box,-1.789,-2.339
1789402021,182530487,264.502,robot_2,1.926,-2.702
1789402021,182621071,264.512,robot_1,-1.788,-2.340
1789402021,192875283,264.512,robot_0,0.322,-2.514
1789402021,192939771,264.512,robot_0_carried_generic_box,0.282,-2.535
1789402021,192975917,264.512,robot_1_carried_generic_box,-1.789,-2.340
1789402021,389088426,264.708,robot_2,1.898,-2.671
1789402021,389172427,264.708,robot_1,-1.788,-2.340
1789402021,389214050,264.708,robot_0,0.359,-2.494
1789402021,389254937,264.709,robot_0_carried_generic_box,0.292,-2.529
1789402021,389334687,264.709,robot_1_carried_generic_box,-1.788,-2.340
1789402021,593214439,264.912,robot_2,1.871,-2.642
1789402021,593301168,264.913,robot_1,-1.788,-2.340
1789402021,593346439,264.913,robot_0,0.393,-2.476
1789402021,593390735,264.913,robot_0_carried_generic_box,0.346,-2.501
1789402021,593423183,264.913,robot_1_carried_generic_box,-1.788,-2.340
1789402021,795760921,265.115,robot_2,1.853,-2.622
1789402021,795886970,265.115,robot_1,-1.788,-2.340
1789402021,795944240,265.115,robot_0,0.417,-2.464
1789402021,795992107,265.115,robot_0_carried_generic_box,0.377,-2.484
1789402021,796029545,265.115,robot_1_carried_generic_box,-1.788,-2.340
1789402022,12192816,265.331,robot_2,1.823,-2.589
1789402022,12262262,265.332,robot_1,-1.787,-2.340
1789402022,12309857,265.332,robot_0,0.457,-2.443
1789402022,12349395,265.332,robot_0_carried_generic_box,0.412,-2.466
1789402022,12378412,265.332,robot_1_carried_generic_box,-1.788,-2.340
1789402022,232907598,265.552,robot_2,1.799,-2.562
1789402022,232993210,265.552,robot_1,-1.787,-2.340
1789402022,233045877,265.552,robot_0,0.489,-2.426
1789402022,233091591,265.552,robot_0_carried_generic_box,0.433,-2.455
1789402022,233131676,265.552,robot_1_carried_generic_box,-1.787,-2.340
1789402022,453587392,265.773,robot_2,1.774,-2.536
1789402022,453681616,265.773,robot_1,-1.787,-2.340
1789402022,453737120,265.773,robot_0,0.521,-2.409
1789402022,453784848,265.773,robot_0_carried_generic_box,0.468,-2.437
1789402022,453821959,265.773,robot_1_carried_generic_box,-1.787,-2.340
1789402022,667735657,265.987,robot_2,1.750,-2.509
1789402022,667822109,265.987,robot_1,-1.787,-2.345
1789402022,667874937,265.987,robot_0,0.553,-2.393
1789402022,667921344,265.987,robot_0_carried_generic_box,0.494,-2.423
1789402022,667957840,265.987,robot_1_carried_generic_box,-1.787,-2.340
1789402022,891412028,266.211,robot_2,1.724,-2.480
1789402022,891512246,266.211,robot_1,-1.786,-2.371
1789402022,891560728,266.211,robot_0,0.587,-2.374
1789402022,891616713,266.211,robot_0_carried_generic_box,0.542,-2.398
1789402022,891653397,266.211,robot_1_carried_generic_box,-1.787,-2.341
1789402023,82682451,266.402,robot_2,1.704,-2.458
1789402023,82763423,266.402,robot_1,-1.786,-2.391
1789402023,82811199,266.402,robot_0,0.614,-2.360
1789402023,82856214,266.402,robot_0_carried_generic_box,0.566,-2.386
1789402023,82893569,266.402,robot_1_carried_generic_box,-1.787,-2.347
1789402023,311052728,266.630,robot_2,1.677,-2.429
1789402023,311175618,266.630,robot_1,-1.786,-2.410
1789402023,311277471,266.631,robot_0,0.648,-2.342
1789402023,311398284,266.631,robot_0_carried_generic_box,0.598,-2.369
1789402023,315665504,266.635,robot_1_carried_generic_box,-1.786,-2.383
1789402023,554507004,266.874,robot_2,1.654,-2.404
1789402023,554593842,266.874,robot_1,-1.786,-2.410
1789402023,554642001,266.874,robot_0,0.680,-2.326
1789402023,554687476,266.874,robot_0_carried_generic_box,0.627,-2.354
1789402023,554720261,266.874,robot_1_carried_generic_box,-1.786,-2.403
1789402023,769922735,267.089,robot_2,1.648,-2.397
1789402023,770009275,267.089,robot_1,-1.786,-2.410
1789402023,770057055,267.089,robot_0,0.712,-2.309
1789402023,770112025,267.089,robot_0_carried_generic_box,0.672,-2.330
1789402023,770152456,267.089,robot_1_carried_generic_box,-1.786,-2.410
1789402023,982382931,267.302,robot_2,1.648,-2.397
1789402023,982469332,267.302,robot_1,-1.786,-2.410
1789402023,982514658,267.302,robot_0,0.722,-2.304
1789402023,982567842,267.302,robot_0_carried_generic_box,0.704,-2.313
1789402023,982622402,267.302,robot_1_carried_generic_box,-1.786,-2.410
1789402024,190352915,267.510,robot_2,1.647,-2.397
1789402024,190430390,267.510,robot_1,-1.785,-2.410
1789402024,190472292,267.510,robot_0,0.722,-2.304
1789402024,190524512,267.510,robot_0_carried_generic_box,0.721,-2.304
1789402024,190568462,267.510,robot_1_carried_generic_box,-1.786,-2.410
1789402024,416988691,267.736,robot_2,1.647,-2.397
1789402024,417069524,267.736,robot_1,-1.785,-2.410
1789402024,417106493,267.736,robot_0,0.722,-2.304
1789402024,417151600,267.736,robot_0_carried_generic_box,0.722,-2.304
1789402024,417187138,267.736,robot_1_carried_generic_box,-1.785,-2.410
1789402024,649443240,267.969,robot_2,1.647,-2.397
1789402024,649523234,267.969,robot_1,-1.785,-2.410
1789402024,649558956,267.969,robot_0,0.722,-2.304
1789402024,649613168,267.969,robot_0_carried_generic_box,0.722,-2.304
1789402024,649650609,267.969,robot_1_carried_generic_box,-1.785,-2.410
1789402024,870628903,268.190,robot_2,1.647,-2.397
1789402024,870709386,268.190,robot_1,-1.784,-2.409
1789402024,870751679,268.190,robot_0,0.723,-2.305
1789402024,870802779,268.190,robot_0_carried_generic_box,0.722,-2.304
1789402024,870841644,268.190,robot_1_carried_generic_box,-1.785,-2.410
1789402025,76708951,268.396,robot_2,1.647,-2.397
1789402025,76792028,268.396,robot_1,-1.784,-2.409
1789402025,76837503,268.396,robot_0,0.723,-2.305
1789402025,76894368,268.396,robot_0_carried_generic_box,0.722,-2.304
1789402025,76941003,268.396,robot_1_carried_generic_box,-1.785,-2.410
1789402025,300505344,268.620,robot_2,1.648,-2.397
1789402025,300583764,268.632,robot_1,-1.784,-2.409
1789402025,312391564,268.632,robot_0,0.723,-2.305
1789402025,312476548,268.632,robot_0_carried_generic_box,0.723,-2.305
1789402025,312524340,268.632,robot_1_carried_generic_box,-1.784,-2.409
1789402025,519826606,268.839,robot_2,1.648,-2.397
1789402025,519910800,268.839,robot_1,-1.797,-2.403
1789402025,519949490,268.839,robot_0,0.723,-2.305
1789402025,519997331,268.839,robot_0_carried_generic_box,0.723,-2.305
1789402025,520033969,268.839,robot_1_carried_generic_box,-1.784,-2.409
1789402025,723785225,269.043,robot_2,1.648,-2.397
1789402025,723878429,269.043,robot_1,-1.822,-2.392
1789402025,723927250,269.043,robot_0,0.724,-2.305
1789402025,723985441,269.043,robot_0_carried_generic_box,0.723,-2.305
1789402025,724032455,269.043,robot_1_carried_generic_box,-1.785,-2.408
1789402025,951056798,269.270,robot_2,1.648,-2.396
1789402025,951135339,269.270,robot_1,-1.845,-2.383
1789402025,951173944,269.270,robot_0,0.724,-2.305
1789402025,951225062,269.270,robot_0_carried_generic_box,0.723,-2.305
1789402025,951260256,269.271,robot_1_carried_generic_box,-1.809,-2.397
1789402026,172629902,269.492,robot_2,1.648,-2.396
1789402026,172721594,269.492,robot_1,-1.879,-2.370
1789402026,172760713,269.492,robot_0,0.724,-2.305
1789402026,172808421,269.492,robot_0_carried_generic_box,0.724,-2.305
1789402026,172843705,269.492,robot_1_carried_generic_box,-1.830,-2.389
1789402026,377710484,269.697,robot_2,1.648,-2.396
1789402026,377789636,269.697,robot_1,-1.918,-2.354
1789402026,377830230,269.697,robot_0,0.724,-2.305
1789402026,377875923,269.697,robot_0_carried_generic_box,0.724,-2.305
1789402026,377910806,269.697,robot_1_carried_generic_box,-1.851,-2.381
1789402026,611479368,269.931,robot_2,1.648,-2.396
1789402026,611557045,269.931,robot_1,-1.947,-2.342
1789402026,632743757,269.952,robot_0,0.725,-2.305
1789402026,632878889,269.952,robot_0_carried_generic_box,0.724,-2.305
1789402026,632934367,269.952,robot_1_carried_generic_box,-1.904,-2.360
1789402026,823692899,270.143,robot_2,1.648,-2.395
1789402026,823784815,270.143,robot_1,-1.967,-2.334
1789402026,823831030,270.143,robot_0,0.725,-2.305
1789402026,823879952,270.143,robot_0_carried_generic_box,0.725,-2.305
1789402026,823916235,270.143,robot_1_carried_generic_box,-1.936,-2.347
1789402027,41444833,270.361,robot_2,1.648,-2.395
1789402027,41524248,270.361,robot_1,-1.985,-2.325
1789402027,41572020,270.361,robot_0,0.725,-2.305
1789402027,41627296,270.361,robot_0_carried_generic_box,0.725,-2.305
1789402027,41668697,270.361,robot_1_carried_generic_box,-1.954,-2.339
1789402027,271799580,270.591,robot_2,1.648,-2.395
1789402027,271900232,270.591,robot_1,-2.004,-2.315
1789402027,271959205,270.591,robot_0,0.725,-2.305
1789402027,272011799,270.591,robot_0_carried_generic_box,0.725,-2.305
1789402027,272047719,270.591,robot_1_carried_generic_box,-1.971,-2.332
1789402027,478010607,270.797,robot_2,1.648,-2.395
1789402027,478096184,270.797,robot_1,-2.021,-2.304
1789402027,478153179,270.797,robot_0,0.726,-2.304
1789402027,478213456,270.797,robot_0_carried_generic_box,0.725,-2.305
1789402027,478265268,270.798,robot_1_carried_generic_box,-1.989,-2.324
1789402027,682609689,271.002,robot_2,1.648,-2.395
1789402027,682688388,271.002,robot_1,-2.040,-2.288
1789402027,682745507,271.002,robot_0,0.726,-2.304
1789402027,682808618,271.002,robot_0_carried_generic_box,0.725,-2.305
1789402027,682854458,271.002,robot_1_carried_generic_box,-2.016,-2.307
1789402027,908420469,271.228,robot_2,1.648,-2.394
1789402027,908505929,271.228,robot_1,-2.059,-2.268
1789402027,908550531,271.228,robot_0,0.717,-2.295
1789402027,929843162,271.249,robot_0_carried_generic_box,0.726,-2.304
1789402027,929982171,271.249,robot_1_carried_generic_box,-2.028,-2.298
1789402028,124801762,271.444,robot_2,1.657,-2.389
1789402028,124907861,271.444,robot_1,-2.077,-2.249
1789402028,124957427,271.444,robot_0,0.699,-2.275
1789402028,125012246,271.444,robot_0_carried_generic_box,0.725,-2.304
1789402028,125052299,271.444,robot_1_carried_generic_box,-2.045,-2.282
1789402028,360114869,271.679,robot_2,1.679,-2.376
1789402028,360207179,271.679,robot_1,-2.092,-2.231
1789402028,363560627,271.683,robot_0,0.671,-2.247
1789402028,363691183,271.683,robot_0_carried_generic_box,0.717,-2.295
1789402028,363742775,271.683,robot_1_carried_generic_box,-2.071,-2.255
1789402028,574519933,271.894,robot_2,1.696,-2.366
1789402028,574631396,271.894,robot_1,-2.092,-2.231
1789402028,574685227,271.894,robot_0,0.651,-2.226
1789402028,574746529,271.894,robot_0_carried_generic_box,0.682,-2.258
1789402028,574789852,271.894,robot_1_carried_generic_box,-2.083,-2.242
1789402028,802920483,272.122,robot_2,1.702,-2.362
1789402028,803007978,272.122,robot_1,-2.092,-2.231
1789402028,803092011,272.122,robot_0,0.630,-2.204
1789402028,803145137,272.122,robot_0_carried_generic_box,0.659,-2.234
1789402028,803540259,272.123,robot_1_carried_generic_box,-2.092,-2.231
1789402029,18096007,272.337,robot_2,1.702,-2.362
1789402029,18183926,272.337,robot_1,-2.092,-2.231
1789402029,18238903,272.338,robot_0,0.609,-2.183
1789402029,18288060,272.338,robot_0_carried_generic_box,0.640,-2.215
1789402029,18341129,272.338,robot_1_carried_generic_box,-2.092,-2.231
1789402029,250791328,272.570,robot_2,1.703,-2.362
1789402029,250866540,272.570,robot_1,-2.092,-2.231
1789402029,250914277,272.570,robot_0,0.584,-2.157
1789402029,250960963,272.570,robot_0_carried_generic_box,0.623,-2.198
1789402029,250994588,272.570,robot_1_carried_generic_box,-2.092,-2.231
1789402029,458311300,272.778,robot_2,1.703,-2.362
1789402029,458397867,272.778,robot_1,-2.092,-2.231
1789402029,458452346,272.778,robot_0,0.554,-2.127
1789402029,458496746,272.778,robot_0_carried_generic_box,0.592,-2.166
1789402029,458532948,272.778,robot_1_carried_generic_box,-2.092,-2.231
1789402029,668894405,272.988,robot_2,1.703,-2.363
1789402029,668977615,272.988,robot_1,-2.091,-2.231
1789402029,669029175,272.988,robot_0,0.529,-2.101
1789402029,669081360,272.988,robot_0_carried_generic_box,0.582,-2.155
1789402029,669121744,272.988,robot_1_carried_generic_box,-2.092,-2.231
1789402029,887920275,273.207,robot_2,1.703,-2.363
1789402029,887996764,273.207,robot_1,-2.091,-2.230
1789402029,888044734,273.207,robot_0,0.508,-2.080
1789402029,888086805,273.207,robot_0_carried_generic_box,0.548,-2.120
1789402029,888119463,273.207,robot_1_carried_generic_box,-2.091,-2.231
1789402030,99978483,273.419,robot_2,1.703,-2.363
1789402030,100064486,273.419,robot_1,-2.091,-2.230
1789402030,100120619,273.419,robot_0,0.487,-2.058
1789402030,100173351,273.419,robot_0_carried_generic_box,0.515,-2.086
1789402030,100215934,273.419,robot_1_carried_generic_box,-2.091,-2.230
1789402030,309156817,273.628,robot_2,1.703,-2.363
1789402030,309282767,273.629,robot_1,-2.091,-2.230
1789402030,309344939,273.629,robot_0,0.466,-2.037
1789402030,309401951,273.629,robot_0_carried_generic_box,0.496,-2.067
1789402030,309446694,273.629,robot_1_carried_generic_box,-2.091,-2.230
1789402030,528366145,273.848,robot_2,1.703,-2.364
1789402030,528452053,273.848,robot_1,-2.091,-2.230
1789402030,528498843,273.848,robot_0,0.443,-2.013
1789402030,528545266,273.848,robot_0_carried_generic_box,0.477,-2.047
1789402030,528583546,273.848,robot_1_carried_generic_box,-2.091,-2.230
1789402030,741609784,274.061,robot_2,1.701,-2.364
1789402030,741685577,274.066,robot_1,-2.091,-2.229
1789402030,746672494,274.066,robot_0,0.418,-1.987
1789402030,746739802,274.066,robot_0_carried_generic_box,0.454,-2.024
1789402030,746784075,274.066,robot_1_carried_generic_box,-2.091,-2.230
1789402030,951898318,274.271,robot_2,1.686,-2.357
1789402030,952000288,274.271,robot_1,-2.091,-2.229
1789402030,952050189,274.271,robot_0,0.400,-1.968
1789402030,952101553,274.271,robot_0_carried_generic_box,0.435,-2.004
1789402030,952138971,274.271,robot_1_carried_generic_box,-2.091,-2.230
1789402031,175987150,274.495,robot_2,1.656,-2.342
1789402031,176141631,274.495,robot_1,-2.091,-2.229
1789402031,176191936,274.495,robot_0,0.377,-1.944
1789402031,176235823,274.495,robot_0_carried_generic_box,0.412,-1.981
1789402031,176269044,274.496,robot_1_carried_generic_box,-2.091,-2.229
1789402031,392924509,274.712,robot_2,1.620,-2.322
1789402031,393004881,274.712,robot_1,-2.091,-2.229
1789402031,393047209,274.712,robot_0,0.347,-1.914
1789402031,393100832,274.712,robot_0_carried_generic_box,0.387,-1.955
1789402031,393135974,274.712,robot_1_carried_generic_box,-2.091,-2.229
1789402031,607958564,274.927,robot_2,1.585,-2.303
1789402031,608045594,274.927,robot_1,-2.091,-2.228
1789402031,608097070,274.927,robot_0,0.320,-1.886
1789402031,608148476,274.927,robot_0_carried_generic_box,0.360,-1.927
1789402031,608196093,274.927,robot_1_carried_generic_box,-2.091,-2.229
1789402031,819301394,275.139,robot_2,1.556,-2.287
1789402031,819378973,275.139,robot_1,-2.092,-2.228
1789402031,819433400,275.139,robot_0,0.297,-1.862
1789402031,819490365,275.139,robot_0_carried_generic_box,0.335,-1.901
1789402031,819537491,275.139,robot_1_carried_generic_box,-2.091,-2.229
1789402032,38329591,275.358,robot_2,1.525,-2.270
1789402032,38412132,275.358,robot_1,-2.092,-2.228
1789402032,38464233,275.358,robot_0,0.272,-1.837
1789402032,38522202,275.358,robot_0_carried_generic_box,0.312,-1.877
1789402032,38570727,275.358,robot_1_carried_generic_box,-2.092,-2.228
1789402032,267371260,275.587,robot_2,1.496,-2.254
1789402032,267466027,275.587,robot_1,-2.092,-2.228
1789402032,267513848,275.587,robot_0,0.249,-1.813
1789402032,267563644,275.587,robot_0_carried_generic_box,0.291,-1.856
1789402032,267628434,275.587,robot_1_carried_generic_box,-2.092,-2.228
1789402032,483484581,275.803,robot_2,1.459,-2.234
1789402032,483559065,275.803,robot_1,-2.091,-2.227
1789402032,489805772,275.809,robot_0,0.220,-1.783
1789402032,489926459,275.809,robot_0_carried_generic_box,0.255,-1.819
1789402032,489983215,275.809,robot_1_carried_generic_box,-2.092,-2.228
1789402032,683850785,276.003,robot_2,1.430,-2.218
1789402032,683926369,276.003,robot_1,-2.077,-2.216
1789402032,683966455,276.003,robot_0,0.197,-1.759
1789402032,684014042,276.003,robot_0_carried_generic_box,0.230,-1.794
1789402032,684047927,276.003,robot_1_carried_generic_box,-2.092,-2.228
1789402032,911860514,276.231,robot_2,1.399,-2.201
1789402032,911944033,276.231,robot_1,-2.059,-2.200
1789402032,911990344,276.231,robot_0,0.172,-1.733
1789402032,912038051,276.231,robot_0_carried_generic_box,0.207,-1.770
1789402032,912078023,276.231,robot_1_carried_generic_box,-2.091,-2.227
1789402033,114398887,276.434,robot_2,1.364,-2.182
1789402033,114486069,276.434,robot_1,-2.041,-2.185
1789402033,114541983,276.434,robot_0,0.144,-1.705
1789402033,114609036,276.434,robot_0_carried_generic_box,0.184,-1.746
1789402033,114659050,276.434,robot_1_carried_generic_box,-2.065,-2.206
1789402033,319282344,276.639,robot_2,1.333,-2.164
1789402033,319381860,276.639,robot_1,-2.039,-2.184
1789402033,319439686,276.639,robot_0,0.119,-1.680
1789402033,319502966,276.639,robot_0_carried_generic_box,0.163,-1.725
1789402033,319541022,276.639,robot_1_carried_generic_box,-2.050,-2.193
1789402033,537316432,276.857,robot_2,1.301,-2.147
1789402033,537406667,276.857,robot_1,-2.039,-2.184
1789402033,537461687,276.857,robot_0,0.094,-1.654
1789402033,537521492,276.857,robot_0_carried_generic_box,0.138,-1.699
1789402033,537569894,276.857,robot_1_carried_generic_box,-2.039,-2.184
1789402033,769310256,277.089,robot_2,1.272,-2.131
1789402033,769396340,277.089,robot_1,-2.040,-2.184
1789402033,769435643,277.089,robot_0,0.071,-1.630
1789402033,769478161,277.089,robot_0_carried_generic_box,0.113,-1.673
1789402033,769516260,277.089,robot_1_carried_generic_box,-2.039,-2.184
1789402034,11658402,277.331,robot_2,1.233,-2.109
1789402034,11779826,277.331,robot_1,-2.040,-2.184
1789402034,11827535,277.331,robot_0,0.040,-1.598
1789402034,11873533,277.331,robot_0_carried_generic_box,0.082,-1.641
1789402034,11914750,277.331,robot_1_carried_generic_box,-2.039,-2.184
1789402034,209238986,277.529,robot_2,1.201,-2.092
1789402034,209321925,277.529,robot_1,-2.040,-2.184
1789402034,209362635,277.529,robot_0,0.015,-1.572
1789402034,209403545,277.529,robot_0_carried_generic_box,0.052,-1.611
1789402034,209442000,277.529,robot_1_carried_generic_box,-2.040,-2.184
1789402034,442502382,277.762,robot_2,1.173,-2.076
1789402034,442593487,277.782,robot_1,-2.040,-2.184
1789402034,462558140,277.782,robot_0,-0.008,-1.548
1789402034,462630174,277.782,robot_0_carried_generic_box,0.032,-1.589
1789402034,462673770,277.782,robot_1_carried_generic_box,-2.040,-2.184
1789402034,654364459,277.974,robot_2,1.144,-2.060
1789402034,654453283,277.974,robot_1,-2.041,-2.184
1789402034,654494803,277.974,robot_0,-0.031,-1.525
1789402034,654541871,277.974,robot_0_carried_generic_box,0.013,-1.570
1789402034,654575934,277.974,robot_1_carried_generic_box,-2.040,-2.184
1789402034,871057774,278.190,robot_2,1.112,-2.043
1789402034,871227166,278.191,robot_1,-2.041,-2.184
1789402034,871340245,278.191,robot_0,-0.056,-1.499
1789402034,871459434,278.191,robot_0_carried_generic_box,-0.021,-1.535
1789402034,871522490,278.191,robot_1_carried_generic_box,-2.040,-2.184
1789402035,82663724,278.402,robot_2,1.083,-2.027
1789402035,82741049,278.402,robot_1,-2.041,-2.184
1789402035,82782846,278.402,robot_0,-0.079,-1.475
1789402035,82823604,278.402,robot_0_carried_generic_box,-0.046,-1.510
1789402035,82858699,278.402,robot_1_carried_generic_box,-2.041,-2.184
1789402035,300968820,278.620,robot_2,1.054,-2.011
1789402035,301051802,278.620,robot_1,-2.041,-2.185
1789402035,301093519,278.620,robot_0,-0.102,-1.452
1789402035,301137351,278.620,robot_0_carried_generic_box,-0.069,-1.486
1789402035,301170206,278.620,robot_1_carried_generic_box,-2.041,-2.184
1789402035,509347359,278.829,robot_2,1.033,-2.000
1789402035,509446181,278.829,robot_1,-2.039,-2.199
1789402035,509500685,278.829,robot_0,-0.119,-1.434
1789402035,509553361,278.829,robot_0_carried_generic_box,-0.090,-1.464
1789402035,509603742,278.829,robot_1_carried_generic_box,-2.041,-2.184
1789402035,725005098,279.044,robot_2,1.007,-1.985
1789402035,725095392,279.044,robot_1,-2.034,-2.222
1789402035,725142379,279.044,robot_0,-0.140,-1.413
1789402035,725798581,279.045,robot_0_carried_generic_box,-0.104,-1.449
1789402035,725880233,279.045,robot_1_carried_generic_box,-2.041,-2.185
1789402035,965846880,279.285,robot_2,0.973,-1.966
1789402035,965940166,279.285,robot_1,-2.034,-2.224
1789402035,965988543,279.285,robot_0,-0.167,-1.385
1789402035,966036112,279.285,robot_0_carried_generic_box,-0.127,-1.426
1789402035,966080454,279.285,robot_1_carried_generic_box,-2.036,-2.213
1789402036,195139718,279.514,robot_2,0.939,-1.948
1789402036,195231059,279.514,robot_1,-2.029,-2.246
1789402036,195285292,279.515,robot_0,-0.194,-1.357
1789402036,195346223,279.515,robot_0_carried_generic_box,-0.157,-1.396
1789402036,195394034,279.515,robot_1_carried_generic_box,-2.034,-2.224
1789402036,435123406,279.754,robot_2,0.907,-1.930
1789402036,435207382,279.754,robot_1,-2.024,-2.273
1789402036,435253059,279.755,robot_0,-0.219,-1.331
1789402036,435304613,279.755,robot_0_carried_generic_box,-0.182,-1.370
1789402036,435341261,279.755,robot_1_carried_generic_box,-2.033,-2.228
1789402036,653941640,279.973,robot_2,0.873,-1.912
1789402036,654018543,279.973,robot_1,-2.024,-2.274
1789402036,654061140,279.973,robot_0,-0.247,-1.303
1789402036,654110213,279.973,robot_0_carried_generic_box,-0.203,-1.348
1789402036,654149203,279.973,robot_1_carried_generic_box,-2.028,-2.255
1789402036,892662576,280.212,robot_2,0.839,-1.893
1789402036,892759579,280.212,robot_1,-2.021,-2.299
1789402036,892801575,280.212,robot_0,-0.274,-1.275
1789402036,892848798,280.212,robot_0_carried_generic_box,-0.236,-1.314
1789402036,892886916,280.212,robot_1_carried_generic_box,-2.024,-2.274
1789402037,116339615,280.436,robot_2,0.804,-1.874
1789402037,116422948,280.436,robot_1,-2.018,-2.338
1789402037,116472258,280.436,robot_0,-0.301,-1.247
1789402037,116528647,280.436,robot_0_carried_generic_box,-0.259,-1.290
1789402037,116578039,280.436,robot_1_carried_generic_box,-2.023,-2.283
1789402037,350589006,280.670,robot_2,0.773,-1.857
1789402037,350679000,280.670,robot_1,-2.016,-2.362
1789402037,350718564,280.670,robot_0,-0.326,-1.221
1789402037,350762931,280.670,robot_0_carried_generic_box,-0.280,-1.269
1789402037,351005352,280.670,robot_1_carried_generic_box,-2.020,-2.314
1789402037,555857764,280.875,robot_2,0.744,-1.841
1789402037,555951116,280.875,robot_1,-2.014,-2.381
1789402037,555993501,280.875,robot_0,-0.349,-1.198
1789402037,556043475,280.875,robot_0_carried_generic_box,-0.301,-1.247
1789402037,556083395,280.875,robot_1_carried_generic_box,-2.017,-2.344
1789402037,778627779,281.098,robot_2,0.710,-1.822
1789402037,778710585,281.098,robot_1,-2.012,-2.420
1789402037,778752700,281.098,robot_0,-0.376,-1.170
1789402037,778798129,281.098,robot_0_carried_generic_box,-0.330,-1.217
1789402037,778839781,281.098,robot_1_carried_generic_box,-2.015,-2.364
1789402038,19563691,281.339,robot_2,0.673,-1.802
1789402038,19679829,281.339,robot_1,-2.011,-2.451
1789402038,19730759,281.339,robot_0,-0.406,-1.140
1789402038,19785993,281.339,robot_0_carried_generic_box,-0.364,-1.183
1789402038,19829533,281.339,robot_1_carried_generic_box,-2.013,-2.408
1789402038,236031707,281.555,robot_2,0.644,-1.786
1789402038,236100863,281.555,robot_1,-2.011,-2.452
1789402038,236130544,281.555,robot_0,-0.429,-1.116
1789402038,236164304,281.555,robot_0_carried_generic_box,-0.389,-1.157
1789402038,236189868,281.555,robot_1_carried_generic_box,-2.011,-2.438
1789402038,445114528,281.764,robot_2,0.615,-1.770
1789402038,445194217,281.764,robot_1,-2.011,-2.465
1789402038,445244347,281.765,robot_0,-0.452,-1.092
1789402038,445290143,281.765,robot_0_carried_generic_box,-0.414,-1.131
1789402038,445328412,281.765,robot_1_carried_generic_box,-2.011,-2.452
1789402038,666807453,281.986,robot_2,0.578,-1.750
1789402038,666888285,281.986,robot_1,-2.013,-2.500
1789402038,666934275,281.986,robot_0,-0.481,-1.062
1789402038,666979952,281.986,robot_0_carried_generic_box,-0.445,-1.099
1789402038,667015418,281.986,robot_1_carried_generic_box,-2.011,-2.459
1789402038,867239694,282.187,robot_2,0.549,-1.734
1789402038,867336879,282.187,robot_1,-2.015,-2.524
1789402038,867387989,282.187,robot_0,-0.504,-1.039
1789402038,867439151,282.187,robot_0_carried_generic_box,-0.456,-1.088
1789402038,867478464,282.187,robot_1_carried_generic_box,-2.011,-2.471
1789402039,81181496,282.400,robot_2,0.518,-1.716
1789402039,81265924,282.401,robot_1,-2.019,-2.559
1789402039,81313926,282.401,robot_0,-0.529,-1.013
1789402039,81353785,282.401,robot_0_carried_generic_box,-0.493,-1.049
1789402039,81389031,282.401,robot_1_carried_generic_box,-2.013,-2.500
1789402039,285951021,282.605,robot_2,0.489,-1.701
1789402039,286024114,282.605,robot_1,-2.021,-2.570
1789402039,286065976,282.605,robot_0,-0.552,-0.989
1789402039,286111160,282.605,robot_0_carried_generic_box,-0.519,-1.023
1789402039,286145892,282.605,robot_1_carried_generic_box,-2.017,-2.539
1789402039,502125231,282.821,robot_2,0.455,-1.682
1789402039,502213987,282.821,robot_1,-2.023,-2.583
1789402039,502248989,282.822,robot_0,-0.579,-0.961
1789402039,502289830,282.822,robot_0_carried_generic_box,-0.535,-1.006
1789402039,502322223,282.822,robot_1_carried_generic_box,-2.020,-2.568
1789402039,716788453,283.036,robot_2,0.423,-1.664
1789402039,716878857,283.036,robot_1,-2.026,-2.600
1789402039,716923018,283.036,robot_0,-0.604,-0.935
1789402039,716971372,283.036,robot_0_carried_generic_box,-0.560,-0.980
1789402039,717010156,283.036,robot_1_carried_generic_box,-2.021,-2.572
1789402039,917017741,283.236,robot_2,0.394,-1.649
1789402039,927819809,283.247,robot_1,-2.026,-2.600
1789402039,927909797,283.247,robot_0,-0.627,-0.912
1789402039,927957224,283.247,robot_0_carried_generic_box,-0.592,-0.948
1789402039,927992904,283.247,robot_1_carried_generic_box,-2.025,-2.596
1789402040,122051444,283.441,robot_2,0.373,-1.637
1789402040,122157602,283.441,robot_1,-2.027,-2.606
1789402040,122207232,283.441,robot_0,-0.644,-0.894
1789402040,122298777,283.442,robot_0_carried_generic_box,-0.611,-0.929
1789402040,122337242,283.442,robot_1_carried_generic_box,-2.026,-2.600
1789402040,328214974,283.647,robot_2,0.336,-1.617
1789402040,328296559,283.648,robot_1,-2.041,-2.643
1789402040,328344171,283.648,robot_0,-0.673,-0.864
1789402040,328400451,283.648,robot_0_carried_generic_box,-0.631,-0.907
1789402040,328438641,283.648,robot_1_carried_generic_box,-2.026,-2.601
1789402040,539664720,283.859,robot_2,0.305,-1.599
1789402040,539741124,283.859,robot_1,-2.052,-2.670
1789402040,539791919,283.859,robot_0,-0.698,-0.839
1789402040,539846072,283.859,robot_0_carried_generic_box,-0.652,-0.886
1789402040,539890195,283.859,robot_1_carried_generic_box,-2.030,-2.615
1789402040,742575534,284.062,robot_2,0.279,-1.585
1789402040,742665078,284.062,robot_1,-2.059,-2.685
1789402040,742717148,284.062,robot_0,-0.719,-0.817
1789402040,742775550,284.062,robot_0_carried_generic_box,-0.682,-0.856
1789402040,751412638,284.071,robot_1_carried_generic_box,-2.044,-2.651
1789402040,953664171,284.273,robot_2,0.244,-1.566
1789402040,953741889,284.273,robot_1,-2.075,-2.720
1789402040,953796549,284.273,robot_0,-0.746,-0.789
1789402040,953852190,284.273,robot_0_carried_generic_box,-0.717,-0.819
1789402040,953897898,284.273,robot_1_carried_generic_box,-2.053,-2.671
1789402041,179765403,284.499,robot_2,0.216,-1.550
1789402041,179848468,284.499,robot_1,-2.081,-2.733
1789402041,179903647,284.499,robot_0,-0.769,-0.765
1789402041,179957775,284.499,robot_0_carried_generic_box,-0.740,-0.796
1789402041,180004313,284.499,robot_1_carried_generic_box,-2.071,-2.712
1789402041,388954387,284.708,robot_2,0.189,-1.536
1789402041,389036577,284.708,robot_1,-2.081,-2.733
1789402041,389088246,284.708,robot_0,-0.790,-0.744
1789402041,389144341,284.708,robot_0_carried_generic_box,-0.769,-0.765
1789402041,389193362,284.708,robot_1_carried_generic_box,-2.081,-2.731
1789402041,620436047,284.940,robot_2,0.152,-1.516
1789402041,620593605,284.940,robot_1,-2.081,-2.733
1789402041,620651090,284.940,robot_0,-0.820,-0.714
1789402041,620700765,284.940,robot_0_carried_generic_box,-0.786,-0.748
1789402041,620740081,284.940,robot_1_carried_generic_box,-2.081,-2.733
1789402041,812344317,285.132,robot_2,0.121,-1.498
1789402041,812420238,285.132,robot_1,-2.081,-2.733
1789402041,812472885,285.132,robot_0,-0.845,-0.688
1789402041,812526881,285.132,robot_0_carried_generic_box,-0.809,-0.725
1789402041,812571560,285.132,robot_1_carried_generic_box,-2.081,-2.733
1789402042,25629415,285.345,robot_2,0.095,-1.484
1789402042,29573279,285.349,robot_1,-2.081,-2.733
1789402042,29666682,285.349,robot_0,-0.866,-0.666
1789402042,29721375,285.349,robot_0_carried_generic_box,-0.832,-0.701
1789402042,29763934,285.349,robot_1_carried_generic_box,-2.081,-2.733
1789402042,232757010,285.552,robot_2,0.063,-1.466
1789402042,232831805,285.552,robot_1,-2.081,-2.733
1789402042,232879646,285.552,robot_0,-0.891,-0.641
1789402042,234066842,285.553,robot_0_carried_generic_box,-0.855,-0.677
1789402042,234165192,285.553,robot_1_carried_generic_box,-2.081,-2.733
1789402042,457564365,285.777,robot_2,0.029,-1.448
1789402042,457649396,285.777,robot_1,-2.082,-2.733
1789402042,457703245,285.777,robot_0,-0.918,-0.613
1789402042,457752245,285.777,robot_0_carried_generic_box,-0.872,-0.660
1789402042,457802005,285.777,robot_1_carried_generic_box,-2.081,-2.733
1789402042,667525871,285.987,robot_2,-0.000,-1.432
1789402042,680057655,285.999,robot_1,-2.082,-2.733
1789402042,680156891,285.999,robot_0,-0.941,-0.589
1789402042,680209171,285.999,robot_0_carried_generic_box,-0.901,-0.630
1789402042,680246807,286.000,robot_1_carried_generic_box,-2.081,-2.733
1789402042,877860139,286.197,robot_2,-0.024,-1.419
1789402042,877933765,286.197,robot_1,-2.082,-2.733
1789402042,877983476,286.197,robot_0,-0.960,-0.570
1789402042,878032742,286.197,robot_0_carried_generic_box,-0.924,-0.606
1789402042,878066077,286.197,robot_1_carried_generic_box,-2.082,-2.733
1789402043,111200335,286.430,robot_2,-0.061,-1.399
1789402043,111268726,286.431,robot_1,-2.082,-2.733
1789402043,111310270,286.431,robot_0,-0.989,-0.540
1789402043,111350738,286.431,robot_0_carried_generic_box,-0.954,-0.576
1789402043,111383045,286.431,robot_1_carried_generic_box,-2.082,-2.733
1789402043,334458510,286.654,robot_2,-0.095,-1.380
1789402043,334535765,286.654,robot_1,-2.083,-2.733
1789402043,334590209,286.654,robot_0,-1.016,-0.512
1789402043,334650219,286.657,robot_0_carried_generic_box,-0.974,-0.555
1789402043,337966788,286.657,robot_1_carried_generic_box,-2.082,-2.733
1789402043,539009181,286.858,robot_2,-0.129,-1.361
1789402043,539086810,286.858,robot_1,-2.083,-2.733
1789402043,539135863,286.858,robot_0,-1.043,-0.484
1789402043,539186220,286.858,robot_0_carried_generic_box,-1.004,-0.524
1789402043,539219505,286.858,robot_1_carried_generic_box,-2.083,-2.733
1789402043,753473286,287.073,robot_2,-0.158,-1.345
1789402043,753549544,287.073,robot_1,-2.083,-2.733
1789402043,772558702,287.092,robot_0,-1.066,-0.460
1789402043,772694199,287.092,robot_0_carried_generic_box,-1.035,-0.492
1789402043,772750728,287.092,robot_1_carried_generic_box,-2.083,-2.733
1789402043,969809244,287.289,robot_2,-0.192,-1.326
1789402043,969890238,287.289,robot_1,-2.083,-2.733
1789402043,969934452,287.289,robot_0,-1.094,-0.432
1789402043,969977376,287.289,robot_0_carried_generic_box,-1.056,-0.471
1789402043,970011622,287.289,robot_1_carried_generic_box,-2.083,-2.733
1789402044,199519826,287.519,robot_2,-0.226,-1.308
1789402044,199612144,287.519,robot_1,-2.084,-2.733
1789402044,199665909,287.519,robot_0,-1.121,-0.404
1789402044,199717915,287.519,robot_0_carried_generic_box,-1.087,-0.438
1789402044,199751399,287.519,robot_1_carried_generic_box,-2.083,-2.733
1789402044,422045741,287.741,robot_2,-0.260,-1.289
1789402044,422134569,287.741,robot_1,-2.084,-2.734
1789402044,422188777,287.741,robot_0,-1.148,-0.376
1789402044,422239461,287.742,robot_0_carried_generic_box,-1.102,-0.423
1789402044,422278098,287.742,robot_1_carried_generic_box,-2.084,-2.733
1789402044,642277031,287.962,robot_2,-0.289,-1.273
1789402044,642371600,287.962,robot_1,-2.084,-2.734
1789402044,642423832,287.962,robot_0,-1.171,-0.352
1789402044,642508504,287.962,robot_0_carried_generic_box,-1.129,-0.395
1789402044,642547328,287.962,robot_1_carried_generic_box,-2.084,-2.733
1789402044,860955238,288.180,robot_2,-0.316,-1.258
1789402044,861041010,288.180,robot_1,-2.084,-2.734
1789402044,861086025,288.180,robot_0,-1.194,-0.329
1789402044,861133793,288.180,robot_0_carried_generic_box,-1.163,-0.361
1789402044,875591782,288.195,robot_1_carried_generic_box,-2.084,-2.734
1789402045,67131027,288.386,robot_2,-0.323,-1.255
1789402045,67230559,288.387,robot_1,-2.084,-2.734
1789402045,67288358,288.387,robot_0,-1.215,-0.307
1789402045,67347922,288.387,robot_0_carried_generic_box,-1.173,-0.350
1789402045,67398180,288.387,robot_1_carried_generic_box,-2.084,-2.734
1789402045,282674072,288.602,robot_2,-0.323,-1.255
1789402045,282772730,288.602,robot_1,-2.084,-2.735
1789402045,282829480,288.602,robot_0,-1.238,-0.284
1789402045,282889278,288.602,robot_0_carried_generic_box,-1.200,-0.322
1789402045,282939448,288.602,robot_1_carried_generic_box,-2.084,-2.734
1789402045,499453569,288.819,robot_2,-0.323,-1.255
1789402045,499556376,288.819,robot_1,-2.067,-2.741
1789402045,499702347,288.819,robot_0,-1.259,-0.262
1789402045,499765161,288.819,robot_0_carried_generic_box,-1.217,-0.305
1789402045,499808072,288.819,robot_1_carried_generic_box,-2.084,-2.734
1789402045,730156237,289.049,robot_2,-0.323,-1.255
1789402045,730243435,289.050,robot_1,-2.041,-2.749
1789402045,730289737,289.050,robot_0,-1.284,-0.236
1789402045,730343168,289.050,robot_0_carried_generic_box,-1.250,-0.271
1789402045,730389158,289.050,robot_1_carried_generic_box,-2.075,-2.738
1789402045,947753226,289.267,robot_2,-0.322,-1.254
1789402045,947833963,289.267,robot_1,-2.021,-2.756
1789402045,947879923,289.267,robot_0,-1.307,-0.213
1789402045,947925598,289.267,robot_0_carried_generic_box,-1.271,-0.249
1789402045,947966119,289.267,robot_1_carried_generic_box,-2.051,-2.746
1789402046,175589418,289.506,robot_2,-0.322,-1.254
1789402046,187196325,289.506,robot_1,-1.989,-2.765
1789402046,187252918,289.507,robot_0,-1.330,-0.189
1789402046,187300275,289.507,robot_0_carried_generic_box,-1.307,-0.213
1789402046,187342831,289.507,robot_1_carried_generic_box,-2.035,-2.751
1789402046,392106056,289.711,robot_2,-0.322,-1.254
1789402046,392201975,289.711,robot_1,-1.961,-2.774
1789402046,392259601,289.712,robot_0,-1.355,-0.163
1789402046,392318201,289.712,robot_0_carried_generic_box,-1.322,-0.198
1789402046,392366747,289.712,robot_1_carried_generic_box,-1.998,-2.763
1789402046,625168141,289.944,robot_2,-0.322,-1.254
1789402046,625255299,289.945,robot_1,-1.958,-2.775
1789402046,625301012,289.945,robot_0,-1.378,-0.139
1789402046,625346672,289.945,robot_0_carried_generic_box,-1.347,-0.172
1789402046,625388079,289.945,robot_1_carried_generic_box,-1.967,-2.772
1789402046,832865446,290.152,robot_2,-0.322,-1.254
1789402046,832941537,290.152,robot_1,-1.958,-2.775
1789402046,832983275,290.152,robot_0,-1.403,-0.114
1789402046,833020754,290.152,robot_0_carried_generic_box,-1.366,-0.152
1789402046,833051721,290.152,robot_1_carried_generic_box,-1.958,-2.775
1789402047,55118944,290.374,robot_2,-0.322,-1.253
1789402047,55204705,290.374,robot_1,-1.942,-2.783
1789402047,55252103,290.375,robot_0,-1.432,-0.084
1789402047,55296526,290.375,robot_0_carried_generic_box,-1.399,-0.118
1789402047,55327968,290.375,robot_1_carried_generic_box,-1.958,-2.775
1789402047,260116306,290.579,robot_2,-0.322,-1.253
1789402047,260205430,290.579,robot_1,-1.920,-2.795
1789402047,260248240,290.580,robot_0,-1.460,-0.056
1789402047,260290133,290.580,robot_0_carried_generic_box,-1.414,-0.103
1789402047,260323213,290.580,robot_1_carried_generic_box,-1.958,-2.775
1789402047,463317469,290.783,robot_2,-0.323,-1.253
1789402047,463401981,290.783,robot_1,-1.916,-2.798
1789402047,463445618,290.783,robot_0,-1.481,-0.034
1789402047,463488087,290.783,robot_0_carried_generic_box,-1.435,-0.081
1789402047,463521480,290.783,robot_1_carried_generic_box,-1.930,-2.790
1789402047,669870906,290.989,robot_2,-0.323,-1.253
1789402047,669953377,290.989,robot_1,-1.895,-2.816
1789402047,669998872,290.989,robot_0,-1.504,-0.010
1789402047,670043775,290.989,robot_0_carried_generic_box,-1.468,-0.047
1789402047,670077304,290.989,robot_1_carried_generic_box,-1.920,-2.795
1789402047,911616807,291.231,robot_2,-0.323,-1.252
1789402047,911699639,291.231,robot_1,-1.868,-2.840
1789402047,911743633,291.231,robot_0,-1.529,0.015
1789402047,911784753,291.231,robot_0_carried_generic_box,-1.489,-0.025
1789402047,911817220,291.231,robot_1_carried_generic_box,-1.908,-2.804
1789402048,125463644,291.445,robot_2,-0.323,-1.252
1789402048,125547126,291.445,robot_1,-1.838,-2.869
1789402048,139650568,291.459,robot_0,-1.558,0.045
1789402048,139766750,291.459,robot_0_carried_generic_box,-1.514,0.000
1789402048,139810047,291.459,robot_1_carried_generic_box,-1.883,-2.826
1789402048,358394678,291.678,robot_2,-0.323,-1.252
1789402048,358478892,291.678,robot_1,-1.814,-2.892
1789402048,358530084,291.678,robot_0,-1.581,0.069
1789402048,358580472,291.682,robot_0_carried_generic_box,-1.547,0.035
1789402048,363051018,291.682,robot_1_carried_generic_box,-1.853,-2.855
1789402048,582659831,291.902,robot_2,-0.323,-1.252
1789402048,582749648,291.902,robot_1,-1.793,-2.912
1789402048,582795754,291.902,robot_0,-1.604,0.093
1789402048,582841526,291.902,robot_0_carried_generic_box,-1.562,0.050
1789402048,582876222,291.902,robot_1_carried_generic_box,-1.833,-2.873
1789402048,819744788,292.139,robot_2,-0.324,-1.252
1789402048,819848952,292.139,robot_1,-1.789,-2.916
1789402048,819906113,292.139,robot_0,-1.633,0.123
1789402048,819959420,292.139,robot_0_carried_generic_box,-1.591,0.080
1789402048,820003269,292.139,robot_1_carried_generic_box,-1.801,-2.905
1789402049,34508196,292.354,robot_2,-0.324,-1.252
1789402049,51879790,292.371,robot_1,-1.786,-2.920
1789402049,52000645,292.371,robot_0,-1.662,0.153
1789402049,52088426,292.371,robot_0_carried_generic_box,-1.619,0.108
1789402049,52124212,292.371,robot_1_carried_generic_box,-1.789,-2.916
1789402049,235802305,292.555,robot_2,-0.322,-1.247
1789402049,235887671,292.555,robot_1,-1.776,-2.933
1789402049,235941263,292.555,robot_0,-1.677,0.168
1789402049,235999921,292.555,robot_0_carried_generic_box,-1.644,0.134
1789402049,238789939,292.558,robot_1_carried_generic_box,-1.789,-2.916
1789402049,446824747,292.766,robot_2,-0.312,-1.224
1789402049,446918501,292.766,robot_1,-1.762,-2.952
1789402049,446974551,292.766,robot_0,-1.704,0.196
1789402049,447070417,292.766,robot_0_carried_generic_box,-1.669,0.159
1789402049,447122877,292.766,robot_1_carried_generic_box,-1.784,-2.922
1789402049,655958643,292.975,robot_2,-0.303,-1.202
1789402049,656049751,292.975,robot_1,-1.761,-2.952
1789402049,656107663,292.975,robot_0,-1.729,0.222
1789402049,656169193,292.975,robot_0_carried_generic_box,-1.681,0.172
1789402049,656219148,292.975,robot_1_carried_generic_box,-1.770,-2.940
1789402049,879726145,293.199,robot_2,-0.297,-1.186
1789402049,879858499,293.199,robot_1,-1.761,-2.952
1789402049,879909957,293.199,robot_0,-1.755,0.248
1789402049,879965159,293.199,robot_0_carried_generic_box,-1.713,0.205
1789402049,880011939,293.199,robot_1_carried_generic_box,-1.761,-2.952
1789402050,101964977,293.421,robot_2,-0.296,-1.186
1789402050,102058809,293.421,robot_1,-1.761,-2.952
1789402050,102113341,293.421,robot_0,-1.782,0.276
1789402050,102169776,293.421,robot_0_carried_generic_box,-1.748,0.241
1789402050,102216983,293.421,robot_1_carried_generic_box,-1.761,-2.952
1789402050,320461824,293.640,robot_2,-0.297,-1.186
1789402050,320548562,293.640,robot_1,-1.761,-2.952
1789402050,320605335,293.640,robot_0,-1.807,0.301
1789402050,320899782,293.640,robot_0_carried_generic_box,-1.769,0.263
1789402050,320967101,293.640,robot_1_carried_generic_box,-1.761,-2.952
1789402050,536636650,293.856,robot_2,-0.297,-1.186
1789402050,536730762,293.856,robot_1,-1.761,-2.952
1789402050,536778679,293.856,robot_0,-1.830,0.325
1789402050,536829559,293.856,robot_0_carried_generic_box,-1.790,0.284
1789402050,536874203,293.856,robot_1_carried_generic_box,-1.761,-2.952
1789402050,749321537,294.069,robot_2,-0.297,-1.186
1789402050,749415270,294.069,robot_1,-1.761,-2.952
1789402050,749469487,294.069,robot_0,-1.853,0.349
1789402050,749524606,294.069,robot_0_carried_generic_box,-1.811,0.306
1789402050,749581828,294.069,robot_1_carried_generic_box,-1.761,-2.952
1789402050,984575177,294.304,robot_2,-0.297,-1.186
1789402050,984680653,294.304,robot_1,-1.762,-2.952
1789402050,984735121,294.304,robot_0,-1.880,0.377
1789402050,984787477,294.304,robot_0_carried_generic_box,-1.847,0.342
1789402050,984835531,294.304,robot_1_carried_generic_box,-1.761,-2.952
1789402051,180515227,294.507,robot_2,-0.298,-1.186
1789402051,188582862,294.508,robot_1,-1.762,-2.952
1789402051,188805055,294.508,robot_0,-1.903,0.400
1789402051,188854405,294.508,robot_0_carried_generic_box,-1.870,0.366
1789402051,188889470,294.508,robot_1_carried_generic_box,-1.761,-2.952
1789402051,392368998,294.712,robot_2,-0.298,-1.186
1789402051,392881257,294.712,robot_1,-1.762,-2.952
1789402051,392963180,294.712,robot_0,-1.920,0.418
1789402051,393015046,294.712,robot_0_carried_generic_box,-1.886,0.383
1789402051,393050094,294.712,robot_1_carried_generic_box,-1.762,-2.952
1789402051,609981067,294.929,robot_2,-0.298,-1.186
1789402051,610087516,294.929,robot_1,-1.762,-2.953
1789402051,610142825,294.929,robot_0,-1.947,0.446
1789402051,610196958,294.929,robot_0_carried_generic_box,-1.907,0.405
1789402051,610241093,294.930,robot_1_carried_generic_box,-1.762,-2.952
1789402051,826535299,295.146,robot_2,-0.298,-1.186
1789402051,835757499,295.155,robot_1,-1.762,-2.953
1789402051,835852714,295.155,robot_0,-1.972,0.471
1789402051,835898532,295.155,robot_0_carried_generic_box,-1.926,0.424
1789402051,835932905,295.155,robot_1_carried_generic_box,-1.762,-2.953
1789402052,37492194,295.357,robot_2,-0.298,-1.187
1789402052,37581352,295.370,robot_1,-1.762,-2.953
1789402052,50941193,295.370,robot_0,-1.997,0.497
1789402052,51021414,295.370,robot_0_carried_generic_box,-1.953,0.452
1789402052,51064307,295.370,robot_1_carried_generic_box,-1.762,-2.953
1789402052,253495928,295.573,robot_2,-0.281,-1.207
1789402052,253578314,295.573,robot_1,-1.762,-2.953
1789402052,265803763,295.585,robot_0,-2.022,0.523
1789402052,265905035,295.585,robot_0_carried_generic_box,-1.974,0.474
1789402052,265959464,295.585,robot_1_carried_generic_box,-1.762,-2.953
1789402052,501608428,295.821,robot_2,-0.253,-1.239
1789402052,501685588,295.821,robot_1,-1.762,-2.954
1789402052,501728317,295.821,robot_0,-2.042,0.543
1789402052,501769806,295.821,robot_0_carried_generic_box,-2.010,0.510
1789402052,501799498,295.821,robot_1_carried_generic_box,-1.762,-2.954
1789402052,721026231,296.040,robot_2,-0.225,-1.270
1789402052,721178678,296.040,robot_1,-1.762,-2.954
1789402052,721231923,296.040,robot_0,-2.042,0.544
1789402052,721274887,296.041,robot_0_carried_generic_box,-2.037,0.538
1789402052,721307933,296.041,robot_1_carried_generic_box,-1.762,-2.954
1789402052,950195692,296.269,robot_2,-0.203,-1.294
1789402052,950292252,296.270,robot_1,-1.762,-2.954
1789402052,950347899,296.270,robot_0,-2.043,0.544
1789402052,950399785,296.270,robot_0_carried_generic_box,-2.042,0.544
1789402052,950441565,296.270,robot_1_carried_generic_box,-1.762,-2.954
1789402053,160503946,296.480,robot_2,-0.178,-1.321
1789402053,160579959,296.480,robot_1,-1.762,-2.955
1789402053,160628436,296.480,robot_0,-2.042,0.544
1789402053,160669123,296.480,robot_0_carried_generic_box,-2.043,0.544
1789402053,160699463,296.480,robot_1_carried_generic_box,-1.762,-2.954
1789402053,368462042,296.688,robot_2,-0.148,-1.354
1789402053,368549184,296.688,robot_1,-1.762,-2.955
1789402053,368588889,296.688,robot_0,-2.042,0.544
1789402053,368638445,296.688,robot_0_carried_generic_box,-2.042,0.544
1789402053,368668005,296.688,robot_1_carried_generic_box,-1.762,-2.954
1789402053,579977039,296.899,robot_2,-0.124,-1.380
1789402053,580051494,296.899,robot_1,-1.760,-2.954
1789402053,580098091,296.899,robot_0,-2.042,0.544
1789402053,580146680,296.899,robot_0_carried_generic_box,-2.042,0.544
1789402053,580186518,296.899,robot_1_carried_generic_box,-1.762,-2.955
1789402053,802313482,297.122,robot_2,-0.101,-1.405
1789402053,802384904,297.122,robot_1,-1.736,-2.943
1789402053,802429783,297.122,robot_0,-2.042,0.544
1789402053,802472306,297.122,robot_0_carried_generic_box,-2.042,0.544
1789402053,802507282,297.122,robot_1_carried_generic_box,-1.762,-2.955
1789402054,16205856,297.335,robot_2,-0.071,-1.438
1789402054,16290097,297.336,robot_1,-1.701,-2.926
1789402054,16346882,297.336,robot_0,-2.042,0.545
1789402054,16399811,297.336,robot_0_carried_generic_box,-2.042,0.544
1789402054,16444675,297.336,robot_1_carried_generic_box,-1.752,-2.950
1789402054,228165649,297.547,robot_2,-0.045,-1.467
1789402054,228251519,297.548,robot_1,-1.666,-2.909
1789402054,228296791,297.548,robot_0,-2.042,0.545
1789402054,228341579,297.548,robot_0_carried_generic_box,-2.042,0.544
1789402054,228378579,297.548,robot_1_carried_generic_box,-1.717,-2.934
1789402054,449151195,297.768,robot_2,-0.017,-1.498
1789402054,449227444,297.768,robot_1,-1.628,-2.891
1789402054,449259988,297.769,robot_0,-2.042,0.545
1789402054,449299743,297.769,robot_0_carried_generic_box,-2.042,0.545
1789402054,449331372,297.769,robot_1_carried_generic_box,-1.671,-2.912
1789402054,655420213,297.975,robot_2,0.002,-1.518
1789402054,662275851,297.982,robot_1,-1.604,-2.880
1789402054,662361899,297.982,robot_0,-2.042,0.545
1789402054,662407718,297.982,robot_0_carried_generic_box,-2.042,0.545
1789402054,662438042,297.982,robot_1_carried_generic_box,-1.658,-2.905
1789402054,891855102,298.211,robot_2,0.028,-1.547
1789402054,891940837,298.211,robot_1,-1.568,-2.863
1789402054,891988105,298.211,robot_0,-2.042,0.546
1789402054,892040352,298.211,robot_0_carried_generic_box,-2.042,0.545
1789402054,892081742,298.211,robot_1_carried_generic_box,-1.614,-2.885
1789402055,109535049,298.429,robot_2,0.056,-1.578
1789402055,109649157,298.429,robot_1,-1.530,-2.845
1789402055,109693218,298.429,robot_0,-2.042,0.546
1789402055,109741710,298.429,robot_0_carried_generic_box,-2.042,0.546
1789402055,109782008,298.429,robot_1_carried_generic_box,-1.582,-2.869
1789402055,313026441,298.632,robot_2,0.081,-1.604
1789402055,313132936,298.632,robot_1,-1.498,-2.829
1789402055,313184004,298.632,robot_0,-2.042,0.546
1789402055,313242210,298.633,robot_0_carried_generic_box,-2.042,0.546
1789402055,313288910,298.633,robot_1_carried_generic_box,-1.552,-2.855
1789402055,538019166,298.857,robot_2,0.101,-1.626
1789402055,538133166,298.857,robot_1,-1.479,-2.820
1789402055,538181445,298.857,robot_0,-2.042,0.547
1789402055,538232811,298.857,robot_0_carried_generic_box,-2.042,0.546
1789402055,538272506,298.858,robot_1_carried_generic_box,-1.514,-2.837
1789402055,747066723,299.066,robot_2,0.125,-1.653
1789402055,747145012,299.066,robot_1,-1.477,-2.820
1789402055,754949632,299.074,robot_0,-2.042,0.547
1789402055,755044122,299.074,robot_0_carried_generic_box,-2.042,0.546
1789402055,755087312,299.074,robot_1_carried_generic_box,-1.492,-2.827
1789402055,952317115,299.272,robot_2,0.149,-1.680
1789402055,952403955,299.272,robot_1,-1.477,-2.819
1789402055,952443402,299.272,robot_0,-2.042,0.547
1789402055,952485622,299.272,robot_0_carried_generic_box,-2.042,0.547
1789402055,952520328,299.272,robot_1_carried_generic_box,-1.477,-2.820
1789402056,161552098,299.481,robot_2,0.174,-1.706
1789402056,161642996,299.481,robot_1,-1.473,-2.818
1789402056,161684304,299.481,robot_0,-2.043,0.547
1789402056,161731576,299.481,robot_0_carried_generic_box,-2.042,0.547
1789402056,161773068,299.481,robot_1_carried_generic_box,-1.477,-2.820
1789402056,382459761,299.702,robot_2,0.198,-1.733
1789402056,382541647,299.702,robot_1,-1.443,-2.813
1789402056,382585781,299.717,robot_0,-2.043,0.547
1789402056,397809020,299.717,robot_0_carried_generic_box,-2.043,0.547
1789402056,397875440,299.717,robot_1_carried_generic_box,-1.477,-2.819
1789402056,613755828,299.933,robot_2,0.218,-1.755
1789402056,613857302,299.933,robot_1,-1.414,-2.809
1789402056,613899089,299.933,robot_0,-2.043,0.547
1789402056,613946929,299.933,robot_0_carried_generic_box,-2.043,0.547
1789402056,613985913,299.933,robot_1_carried_generic_box,-1.454,-2.814
1789402056,827049046,300.146,robot_2,0.240,-1.779
1789402056,827136629,300.146,robot_1,-1.386,-2.806
1789402056,827180603,300.146,robot_0,-2.043,0.548
1789402056,827231174,300.146,robot_0_carried_generic_box,-2.043,0.547
1789402056,827270996,300.147,robot_1_carried_generic_box,-1.425,-2.810
1789402057,51724118,300.371,robot_2,0.265,-1.806
1789402057,51837742,300.371,robot_1,-1.350,-2.803
1789402057,51894443,300.371,robot_0,-2.043,0.548
1789402057,51950474,300.371,robot_0_carried_generic_box,-2.043,0.547
1789402057,51994345,300.371,robot_1_carried_generic_box,-1.398,-2.807
1789402057,234578179,300.554,robot_2,0.285,-1.828
1789402057,234662415,300.554,robot_1,-1.320,-2.801
1789402057,234703802,300.554,robot_0,-2.044,0.548
1789402057,234746415,300.554,robot_0_carried_generic_box,-2.043,0.548
1789402057,234780904,300.554,robot_1_carried_generic_box,-1.374,-2.805
1789402057,464632876,300.784,robot_2,0.307,-1.853
1789402057,464725592,300.784,robot_1,-1.288,-2.799
1789402057,464771970,300.784,robot_0,-2.044,0.548
1789402057,464813913,300.784,robot_0_carried_generic_box,-2.043,0.548
1789402057,464849362,300.784,robot_1_carried_generic_box,-1.338,-2.802
1789402057,703694961,301.023,robot_2,0.333,-1.881
1789402057,703858052,301.023,robot_1,-1.255,-2.797
1789402057,703917896,301.023,robot_0,-2.044,0.546
1789402057,703972592,301.023,robot_0_carried_generic_box,-2.044,0.548
1789402057,704018521,301.023,robot_1_carried_generic_box,-1.315,-2.801
1789402057,897047753,301.216,robot_2,0.356,-1.906
1789402057,897127671,301.216,robot_1,-1.222,-2.795
1789402057,897169747,301.216,robot_0,-2.047,0.522
1789402057,897213041,301.216,robot_0_carried_generic_box,-2.044,0.548
1789402057,897244186,301.217,robot_1_carried_generic_box,-1.278,-2.798
1789402058,114997975,301.434,robot_2,0.376,-1.928
1789402058,115074781,301.434,robot_1,-1.201,-2.794
1789402058,115126143,301.434,robot_0,-2.048,0.492
1789402058,115178556,301.434,robot_0_carried_generic_box,-2.045,0.538
1789402058,115218565,301.435,robot_1_carried_generic_box,-1.237,-2.796
1789402058,342993199,301.662,robot_2,0.402,-1.957
1789402058,343071471,301.662,robot_1,-1.169,-2.792
1789402058,343120680,301.662,robot_0,-2.049,0.453
1789402058,343171847,301.662,robot_0_carried_generic_box,-2.048,0.507
1789402058,343211070,301.662,robot_1_carried_generic_box,-1.206,-2.794
1789402058,561584409,301.881,robot_2,0.424,-1.981
1789402058,561664737,301.881,robot_1,-1.147,-2.791
1789402058,561710437,301.881,robot_0,-2.049,0.420
1789402058,561753957,301.881,robot_0_carried_generic_box,-2.049,0.477
1789402058,561787976,301.881,robot_1_carried_generic_box,-1.192,-2.793
1789402058,775455261,302.095,robot_2,0.449,-2.008
1789402058,775540994,302.095,robot_1,-1.112,-2.790
1789402058,775615297,302.095,robot_0,-2.049,0.384
1789402058,775664525,302.095,robot_0_carried_generic_box,-2.049,0.435
1789402058,775701129,302.095,robot_1_carried_generic_box,-1.161,-2.792
1789402058,985888066,302.305,robot_2,0.473,-2.034
1789402058,985977409,302.305,robot_1,-1.076,-2.789
1789402058,986025338,302.305,robot_0,-2.049,0.348
1789402058,986073249,302.305,robot_0_carried_generic_box,-2.049,0.402
1789402058,986108208,302.305,robot_1_carried_generic_box,-1.144,-2.791
1789402059,228885101,302.548,robot_2,0.501,-2.065
1789402059,228967583,302.548,robot_1,-1.048,-2.789
1789402059,229018636,302.548,robot_0,-2.049,0.306
1789402059,229073713,302.548,robot_0_carried_generic_box,-2.049,0.360
1789402059,229111118,302.548,robot_1_carried_generic_box,-1.085,-2.790
1789402059,442754460,302.762,robot_2,0.521,-2.087
1789402059,442836043,302.762,robot_1,-1.039,-2.789
1789402059,442881049,302.762,robot_0,-2.049,0.276
1789402059,442928009,302.762,robot_0_carried_generic_box,-2.049,0.333
1789402059,442964541,302.762,robot_1_carried_generic_box,-1.061,-2.789
1789402059,656030104,302.975,robot_2,0.542,-2.110
1789402059,656113127,302.975,robot_1,-1.013,-2.789
1789402059,656156325,302.975,robot_0,-2.049,0.246
1789402059,656202401,302.975,robot_0_carried_generic_box,-2.049,0.294
1789402059,656243244,302.976,robot_1_carried_generic_box,-1.047,-2.789
1789402059,868067444,303.187,robot_2,0.564,-2.134
1789402059,868141189,303.187,robot_1,-1.005,-2.789
1789402059,868188199,303.187,robot_0,-2.049,0.213
1789402059,868240464,303.188,robot_0_carried_generic_box,-2.049,0.252
1789402059,868283706,303.188,robot_1_carried_generic_box,-1.031,-2.789
1789402060,78587142,303.398,robot_2,0.588,-2.161
1789402060,78679698,303.398,robot_1,-1.000,-2.789
1789402060,78730177,303.398,robot_0,-2.049,0.177
1789402060,82136314,303.401,robot_0_carried_generic_box,-2.049,0.240
1789402060,82298352,303.402,robot_1_carried_generic_box,-1.011,-2.789
1789402060,288136921,303.607,robot_2,0.606,-2.181
1789402060,288220786,303.607,robot_1,-0.981,-2.792
1789402060,288267887,303.608,robot_0,-2.049,0.150
1789402060,288327502,303.608,robot_0_carried_generic_box,-2.049,0.201
1789402060,288379208,303.608,robot_1_carried_generic_box,-1.005,-2.789
1789402060,502201001,303.821,robot_2,0.633,-2.209
1789402060,502275009,303.822,robot_1,-0.975,-2.792
1789402060,502329963,303.822,robot_0,-2.049,0.111
1789402060,502381533,303.822,robot_0_carried_generic_box,-2.049,0.165
1789402060,502429202,303.822,robot_1_carried_generic_box,-1.000,-2.789
1789402060,724033377,304.043,robot_2,0.653,-2.231
1789402060,724115526,304.043,robot_1,-0.967,-2.794
1789402060,724166079,304.043,robot_0,-2.049,0.081
1789402060,724220072,304.043,robot_0_carried_generic_box,-2.049,0.126
1789402060,724263543,304.044,robot_1_carried_generic_box,-0.975,-2.792
1789402060,941107346,304.260,robot_2,0.683,-2.265
1789402060,941202152,304.260,robot_1,-0.931,-2.805
1789402060,941252182,304.261,robot_0,-2.049,0.036
1789402060,941307875,304.261,robot_0_carried_generic_box,-2.049,0.099
1789402060,941352735,304.261,robot_1_carried_generic_box,-0.974,-2.792
1789402061,142246695,304.462,robot_2,0.701,-2.285
1789402061,142318829,304.462,robot_1,-0.926,-2.807
1789402061,142352937,304.462,robot_0,-2.049,0.009
1789402061,142392354,304.462,robot_0_carried_generic_box,-2.049,0.066
1789402061,142422629,304.462,robot_1_carried_generic_box,-0.960,-2.796
1789402061,373262823,304.693,robot_2,0.719,-2.305
1789402061,373345428,304.693,robot_1,-0.917,-2.811
1789402061,373395329,304.693,robot_0,-2.049,-0.018
1789402061,373451706,304.693,robot_0_carried_generic_box,-2.049,0.015
1789402061,373495385,304.693,robot_1_carried_generic_box,-0.931,-2.805
1789402061,590568475,304.910,robot_2,0.744,-2.331
1789402061,590670116,304.910,robot_1,-0.886,-2.827
1789402061,590714916,304.910,robot_0,-2.049,-0.054
1789402061,590768190,304.910,robot_0_carried_generic_box,-2.049,-0.012
1789402061,590811921,304.910,robot_1_carried_generic_box,-0.923,-2.808
1789402061,798086184,305.117,robot_2,0.766,-2.356
1789402061,803701687,305.123,robot_1,-0.857,-2.843
1789402061,803813632,305.123,robot_0,-2.049,-0.087
1789402061,803882361,305.123,robot_0_carried_generic_box,-2.049,-0.045
1789402061,803934691,305.123,robot_1_carried_generic_box,-0.899,-2.820
1789402062,2066905,305.321,robot_2,0.790,-2.382
1789402062,2147539,305.321,robot_1,-0.827,-2.861
1789402062,2201706,305.321,robot_0,-2.049,-0.123
1789402062,2258749,305.322,robot_0_carried_generic_box,-2.049,-0.075
1789402062,2305239,305.322,robot_1_carried_generic_box,-0.868,-2.837
1789402062,205825700,305.525,robot_2,0.810,-2.404
1789402062,205910360,305.525,robot_1,-0.819,-2.865
1789402062,205963905,305.525,robot_0,-2.049,-0.153
1789402062,206022156,305.525,robot_0_carried_generic_box,-2.049,-0.105
1789402062,206068926,305.525,robot_1_carried_generic_box,-0.844,-2.851
1789402062,408039019,305.727,robot_2,0.831,-2.427
1789402062,408129967,305.727,robot_1,-0.819,-2.865
1789402062,408185853,305.727,robot_0,-2.049,-0.183
1789402062,408246687,305.728,robot_0_carried_generic_box,-2.049,-0.132
1789402062,408295462,305.728,robot_1_carried_generic_box,-0.823,-2.863
1789402062,627153374,305.946,robot_2,0.859,-2.458
1789402062,627234533,305.947,robot_1,-0.807,-2.874
1789402062,627286448,305.947,robot_0,-2.049,-0.225
1789402062,627341319,305.947,robot_0_carried_generic_box,-2.049,-0.165
1789402062,627387661,305.947,robot_1_carried_generic_box,-0.819,-2.865
1789402062,841795704,306.161,robot_2,0.887,-2.489
1789402062,841875726,306.161,robot_1,-0.775,-2.901
1789402062,841917385,306.161,robot_0,-2.049,-0.267
1789402062,841962388,306.161,robot_0_carried_generic_box,-2.049,-0.198
1789402062,841999390,306.161,robot_1_carried_generic_box,-0.819,-2.866
1789402063,57318807,306.377,robot_2,0.910,-2.513
1789402063,57386832,306.377,robot_1,-0.752,-2.920
1789402063,57428302,306.377,robot_0,-2.049,-0.300
1789402063,57472438,306.377,robot_0_carried_generic_box,-2.049,-0.240
1789402063,57507652,306.377,robot_1_carried_generic_box,-0.802,-2.878
1789402063,259528839,306.579,robot_2,0.930,-2.535
1789402063,259650416,306.579,robot_1,-0.732,-2.938
1789402063,259711802,306.579,robot_0,-2.049,-0.330
1789402063,259776033,306.579,robot_0_carried_generic_box,-2.049,-0.276
1789402063,259827904,306.579,robot_1_carried_generic_box,-0.768,-2.907
1789402063,490638971,306.810,robot_2,0.954,-2.562
1789402063,490726135,306.810,robot_1,-0.705,-2.962
1789402063,490773147,306.810,robot_0,-2.049,-0.366
1789402063,490820476,306.810,robot_0_carried_generic_box,-2.049,-0.315
1789402063,490858377,306.810,robot_1_carried_generic_box,-0.739,-2.932
1789402063,715174654,307.034,robot_2,0.976,-2.586
1789402063,715267406,307.035,robot_1,-0.682,-2.982
1789402063,715315297,307.035,robot_0,-2.049,-0.399
1789402063,715362600,307.035,robot_0_carried_generic_box,-2.049,-0.348
1789402063,715402240,307.035,robot_1_carried_generic_box,-0.714,-2.954
1789402063,921539909,307.241,robot_2,0.998,-2.610
1789402063,921666523,307.241,robot_1,-0.676,-2.987
1789402063,921721281,307.241,robot_0,-2.049,-0.432
1789402063,921766262,307.241,robot_0_carried_generic_box,-2.049,-0.381
1789402063,921800761,307.241,robot_1_carried_generic_box,-0.689,-2.976
1789402064,148270809,307.468,robot_2,1.019,-2.633
1789402064,148370392,307.468,robot_1,-0.676,-2.987
1789402064,148423050,307.468,robot_0,-2.049,-0.462
1789402064,148473071,307.468,robot_0_carried_generic_box,-2.049,-0.414
1789402064,148517964,307.468,robot_1_carried_generic_box,-0.677,-2.987
1789402064,405988938,307.725,robot_2,1.049,-2.666
1789402064,406082759,307.725,robot_1,-0.676,-2.987
1789402064,406125381,307.725,robot_0,-2.049,-0.507
1789402064,406175959,307.725,robot_0_carried_generic_box,-2.049,-0.453
1789402064,406215538,307.725,robot_1_carried_generic_box,-0.676,-2.987
1789402064,607450552,307.927,robot_2,1.073,-2.692
1789402064,607533984,307.927,robot_1,-0.676,-2.987
1789402064,607577033,307.927,robot_0,-2.049,-0.543
1789402064,627707499,307.947,robot_0_carried_generic_box,-2.049,-0.483
1789402064,627812562,307.947,robot_1_carried_generic_box,-0.676,-2.987
1789402064,818961804,308.138,robot_2,1.096,-2.717
1789402064,819054726,308.138,robot_1,-0.676,-2.987
1789402064,819104244,308.138,robot_0,-2.049,-0.576
1789402064,819152636,308.138,robot_0_carried_generic_box,-2.049,-0.519
1789402064,819186490,308.138,robot_1_carried_generic_box,-0.676,-2.987
1789402065,60121124,308.379,robot_2,1.122,-2.746
1789402065,60233682,308.380,robot_1,-0.676,-2.987
1789402065,60287134,308.380,robot_0,-2.049,-0.615
1789402065,60337952,308.380,robot_0_carried_generic_box,-2.049,-0.561
1789402065,60378406,308.380,robot_1_carried_generic_box,-0.676,-2.987
1789402065,259108011,308.578,robot_2,1.146,-2.772
1789402065,259192620,308.578,robot_1,-0.676,-2.987
1789402065,259246596,308.579,robot_0,-2.049,-0.651
1789402065,259305594,308.579,robot_0_carried_generic_box,-2.049,-0.594
1789402065,259348410,308.579,robot_1_carried_generic_box,-0.676,-2.987
1789402065,487096617,308.806,robot_2,1.176,-2.806
1789402065,487172014,308.806,robot_1,-0.676,-2.987
1789402065,487211308,308.806,robot_0,-2.049,-0.696
1789402065,487255561,308.807,robot_0_carried_generic_box,-2.049,-0.636
1789402065,487286283,308.807,robot_1_carried_generic_box,-0.676,-2.987
1789402065,710705351,309.030,robot_2,1.203,-2.834
1789402065,710807596,309.030,robot_1,-0.676,-2.987
1789402065,710855757,309.030,robot_0,-2.049,-0.735
1789402065,710901130,309.030,robot_0_carried_generic_box,-2.049,-0.672
1789402065,710941743,309.030,robot_1_carried_generic_box,-0.676,-2.987
1789402065,914351107,309.234,robot_2,1.221,-2.854
1789402065,914436736,309.234,robot_1,-0.676,-2.987
1789402065,914482254,309.234,robot_0,-2.049,-0.762
1789402065,914532999,309.234,robot_0_carried_generic_box,-2.049,-0.720
1789402065,914568670,309.234,robot_1_carried_generic_box,-0.676,-2.987
1789402066,120384822,309.440,robot_2,1.251,-2.888
1789402066,120460733,309.440,robot_1,-0.676,-2.988
1789402066,120500256,309.440,robot_0,-2.048,-0.807
1789402066,120547691,309.440,robot_0_carried_generic_box,-2.049,-0.747
1789402066,120585772,309.455,robot_1_carried_generic_box,-0.676,-2.987
1789402066,333094639,309.652,robot_2,1.275,-2.914
1789402066,333205583,309.652,robot_1,-0.677,-2.988
1789402066,333247128,309.653,robot_0,-2.048,-0.824
1789402066,333290769,309.653,robot_0_carried_generic_box,-2.049,-0.777
1789402066,333328418,309.653,robot_1_carried_generic_box,-0.676,-2.988
1789402066,567768767,309.887,robot_2,1.304,-2.945
1789402066,567846586,309.887,robot_1,-0.677,-2.988
1789402066,567883064,309.887,robot_0,-2.049,-0.824
1789402066,567926343,309.887,robot_0_carried_generic_box,-2.048,-0.822
1789402066,567961654,309.887,robot_1_carried_generic_box,-0.677,-2.988
1789402066,786085161,310.105,robot_2,1.324,-2.967
1789402066,786164515,310.105,robot_1,-0.677,-2.988
1789402066,786214828,310.105,robot_0,-2.049,-0.824
1789402066,786266199,310.106,robot_0_carried_generic_box,-2.049,-0.824
1789402066,786314814,310.106,robot_1_carried_generic_box,-0.677,-2.988
1789402066,991120862,310.310,robot_2,1.335,-2.980
1789402066,991207306,310.310,robot_1,-0.677,-2.989
1789402066,991246683,310.311,robot_0,-2.049,-0.824
1789402066,991287829,310.311,robot_0_carried_generic_box,-2.049,-0.824
1789402066,991321080,310.311,robot_1_carried_generic_box,-0.677,-2.988
1789402067,221679006,310.541,robot_2,1.335,-2.980
1789402067,221768554,310.541,robot_1,-0.677,-2.989
1789402067,221821037,310.541,robot_0,-2.049,-0.824
1789402067,221877689,310.541,robot_0_carried_generic_box,-2.049,-0.824
1789402067,221915163,310.541,robot_1_carried_generic_box,-0.677,-2.989
1789402067,422444309,310.742,robot_2,1.335,-2.980
1789402067,422521796,310.742,robot_1,-0.677,-2.989
1789402067,422568716,310.742,robot_0,-2.050,-0.824
1789402067,433312611,310.753,robot_0_carried_generic_box,-2.049,-0.824
1789402067,433428151,310.753,robot_1_carried_generic_box,-0.677,-2.989
1789402067,641893891,310.961,robot_2,1.335,-2.980
1789402067,641978650,310.961,robot_1,-0.677,-2.990
1789402067,642024852,310.961,robot_0,-2.050,-0.825
1789402067,642077854,310.961,robot_0_carried_generic_box,-2.049,-0.824
1789402067,642116268,310.961,robot_1_carried_generic_box,-0.677,-2.989
1789402067,842775508,311.162,robot_2,1.335,-2.980
1789402067,842859658,311.162,robot_1,-0.676,-2.990
1789402067,842903862,311.162,robot_0,-2.050,-0.825
1789402067,842951133,311.162,robot_0_carried_generic_box,-2.050,-0.824
1789402067,842985743,311.162,robot_1_carried_generic_box,-0.677,-2.989
1789402068,45353128,311.365,robot_2,1.335,-2.981
1789402068,45446804,311.365,robot_1,-0.676,-2.990
1789402068,45499406,311.365,robot_0,-2.050,-0.825
1789402068,45557400,311.365,robot_0_carried_generic_box,-2.050,-0.825
1789402068,62898642,311.382,robot_1_carried_generic_box,-0.677,-2.990
1789402068,248245391,311.568,robot_2,1.335,-2.981
1789402068,248333648,311.568,robot_1,-0.676,-2.990
1789402068,248385916,311.568,robot_0,-2.050,-0.825
1789402068,248443391,311.568,robot_0_carried_generic_box,-2.050,-0.825
1789402068,248488579,311.568,robot_1_carried_generic_box,-0.676,-2.990
1789402068,466582995,311.803,robot_2,1.335,-2.981
1789402068,483920090,311.803,robot_1,-0.659,-2.977
1789402068,483981296,311.803,robot_0,-2.050,-0.825
1789402068,484098381,311.803,robot_0_carried_generic_box,-2.050,-0.825
1789402068,484141577,311.804,robot_1_carried_generic_box,-0.676,-2.990
1789402068,687409238,312.007,robot_2,1.335,-2.981
1789402068,687491143,312.007,robot_1,-0.640,-2.962
1789402068,687533292,312.007,robot_0,-2.051,-0.826
1789402068,687581432,312.007,robot_0_carried_generic_box,-2.050,-0.825
1789402068,687636590,312.007,robot_1_carried_generic_box,-0.674,-2.989
1789402068,901792684,312.221,robot_2,1.335,-2.982
1789402068,901900234,312.221,robot_1,-0.639,-2.961
1789402068,901947617,312.221,robot_0,-2.051,-0.826
1789402068,902005227,312.221,robot_0_carried_generic_box,-2.051,-0.825
1789402068,902052275,312.221,robot_1_carried_generic_box,-0.646,-2.967
1789402069,130185141,312.449,robot_2,1.335,-2.982
1789402069,130261016,312.450,robot_1,-0.639,-2.961
1789402069,130305356,312.450,robot_0,-2.051,-0.826
1789402069,130351168,312.450,robot_0_carried_generic_box,-2.051,-0.826
1789402069,130396925,312.450,robot_1_carried_generic_box,-0.639,-2.961
1789402069,344582138,312.664,robot_2,1.335,-2.982
1789402069,344676555,312.664,robot_1,-0.639,-2.961
1789402069,344723498,312.664,robot_0,-2.051,-0.826
1789402069,344780031,312.664,robot_0_carried_generic_box,-2.051,-0.826
1789402069,344830291,312.664,robot_1_carried_generic_box,-0.639,-2.961
1789402069,564243138,312.884,robot_2,1.335,-2.982
1789402069,564332556,312.884,robot_1,-0.639,-2.961
1789402069,564378055,312.884,robot_0,-2.051,-0.827
1789402069,564435334,312.884,robot_0_carried_generic_box,-2.051,-0.826
1789402069,564482756,312.884,robot_1_carried_generic_box,-0.639,-2.961
1789402069,782019308,313.101,robot_2,1.335,-2.983
1789402069,782092918,313.101,robot_1,-0.614,-2.952
1789402069,782132101,313.101,robot_0,-2.051,-0.827
1789402069,782183593,313.101,robot_0_carried_generic_box,-2.051,-0.826
1789402069,797943992,313.117,robot_1_carried_generic_box,-0.639,-2.961
1789402070,12660831,313.332,robot_2,1.335,-2.983
1789402070,12750486,313.332,robot_1,-0.574,-2.941
1789402070,12785456,313.332,robot_0,-2.051,-0.827
1789402070,12834214,313.332,robot_0_carried_generic_box,-2.051,-0.827
1789402070,12879778,313.332,robot_1_carried_generic_box,-0.632,-2.958
1789402070,235369277,313.555,robot_2,1.336,-2.983
1789402070,235455159,313.555,robot_1,-0.539,-2.932
1789402070,235497911,313.555,robot_0,-2.051,-0.827
1789402070,235554052,313.555,robot_0_carried_generic_box,-2.051,-0.827
1789402070,235612228,313.555,robot_1_carried_generic_box,-0.603,-2.949
1789402070,449819661,313.769,robot_2,1.336,-2.983
1789402070,449903699,313.769,robot_1,-0.504,-2.924
1789402070,449939387,313.769,robot_0,-2.051,-0.828
1789402070,449986355,313.769,robot_0_carried_generic_box,-2.051,-0.827
1789402070,450026778,313.769,robot_1_carried_generic_box,-0.565,-2.938
1789402070,652934299,313.972,robot_2,1.336,-2.983
1789402070,653016529,313.972,robot_1,-0.466,-2.914
1789402070,653055341,313.972,robot_0,-2.043,-0.824
1789402070,653107716,313.972,robot_0_carried_generic_box,-2.051,-0.828
1789402070,653153392,313.972,robot_1_carried_generic_box,-0.522,-2.928
1789402070,855390990,314.175,robot_2,1.336,-2.983
1789402070,855472052,314.175,robot_1,-0.431,-2.906
1789402070,855510718,314.175,robot_0,-2.015,-0.807
1789402070,855561589,314.175,robot_0_carried_generic_box,-2.049,-0.827
1789402070,870607773,314.190,robot_1_carried_generic_box,-0.484,-2.919
1789402071,64653779,314.384,robot_2,1.336,-2.983
1789402071,64738497,314.384,robot_1,-0.401,-2.899
1789402071,64773780,314.384,robot_0,-1.987,-0.789
1789402071,64819450,314.384,robot_0_carried_generic_box,-2.039,-0.822
1789402071,64855617,314.384,robot_1_carried_generic_box,-0.452,-2.911
1789402071,264800286,314.584,robot_2,1.337,-2.984
1789402071,264892660,314.584,robot_1,-0.394,-2.897
1789402071,264933003,314.584,robot_0,-1.962,-0.773
1789402071,264981041,314.584,robot_0_carried_generic_box,-2.015,-0.807
1789402071,265021057,314.584,robot_1_carried_generic_box,-0.414,-2.902
1789402071,473115900,314.792,robot_2,1.339,-2.976
1789402071,473205261,314.792,robot_1,-0.388,-2.896
1789402071,473250333,314.793,robot_0,-1.932,-0.752
1789402071,473307677,314.793,robot_0_carried_generic_box,-1.972,-0.779
1789402071,473352164,314.793,robot_1_carried_generic_box,-0.394,-2.897
1789402071,682978904,315.002,robot_2,1.345,-2.942
1789402071,683072561,315.002,robot_1,-0.355,-2.891
1789402071,683124119,315.002,robot_0,-1.902,-0.732
1789402071,683182741,315.002,robot_0_carried_generic_box,-1.945,-0.761
1789402071,683230488,315.002,robot_1_carried_generic_box,-0.394,-2.897
1789402071,906772022,315.226,robot_2,1.351,-2.909
1789402071,906863146,315.226,robot_1,-0.322,-2.887
1789402071,906907295,315.226,robot_0,-1.875,-0.714
1789402071,906953904,315.226,robot_0_carried_generic_box,-1.917,-0.742
1789402071,906995616,315.226,robot_1_carried_generic_box,-0.352,-2.891
1789402072,130992622,315.450,robot_2,1.358,-2.871
1789402072,145983543,315.465,robot_1,-0.284,-2.882
1789402072,146092736,315.465,robot_0,-1.843,-0.692
1789402072,146152081,315.465,robot_0_carried_generic_box,-1.890,-0.724
1789402072,146200114,315.465,robot_1_carried_generic_box,-0.331,-2.888
1789402072,371619353,315.691,robot_2,1.364,-2.836
1789402072,371713229,315.691,robot_1,-0.248,-2.877
1789402072,371770936,315.691,robot_0,-1.813,-0.671
1789402072,371832815,315.691,robot_0_carried_generic_box,-1.863,-0.705
1789402072,371885194,315.691,robot_1_carried_generic_box,-0.305,-2.884
1789402072,586251780,315.906,robot_2,1.371,-2.794
1789402072,586329704,315.906,robot_1,-0.207,-2.872
1789402072,586372475,315.906,robot_0,-1.778,-0.648
1789402072,586421599,315.906,robot_0_carried_generic_box,-1.843,-0.692
1789402072,586460616,315.906,robot_1_carried_generic_box,-0.275,-2.880
1789402072,799961337,316.119,robot_2,1.377,-2.759
1789402072,800039412,316.119,robot_1,-0.195,-2.870
1789402072,800092226,316.119,robot_0,-1.749,-0.628
1789402072,800139461,316.119,robot_0_carried_generic_box,-1.813,-0.671
1789402072,800176240,316.119,robot_1_carried_generic_box,-0.218,-2.873
1789402073,13483079,316.333,robot_2,1.383,-2.726
1789402073,13566137,316.333,robot_1,-0.174,-2.868
1789402073,22862505,316.342,robot_0,-1.721,-0.609
1789402073,22971223,316.342,robot_0_carried_generic_box,-1.764,-0.638
1789402073,23015522,316.342,robot_1_carried_generic_box,-0.197,-2.870
1789402073,257468719,316.577,robot_2,1.390,-2.688
1789402073,257539716,316.577,robot_1,-0.160,-2.867
1789402073,257584439,316.581,robot_0,-1.689,-0.587
1789402073,261356767,316.581,robot_0_carried_generic_box,-1.741,-0.622
1789402073,261438412,316.581,robot_1_carried_generic_box,-0.191,-2.870
1789402073,457982832,316.777,robot_2,1.397,-2.646
1789402073,458074918,316.777,robot_1,-0.160,-2.866
1789402073,458133390,316.777,robot_0,-1.654,-0.563
1789402073,458182183,316.777,robot_0_carried_generic_box,-1.716,-0.606
1789402073,458222857,316.777,robot_1_carried_generic_box,-0.165,-2.867
1789402073,671524876,316.991,robot_2,1.404,-2.605
1789402073,692506647,317.012,robot_1,-0.160,-2.866
1789402073,692634855,317.012,robot_0,-1.620,-0.540
1789402073,692685463,317.012,robot_0_carried_generic_box,-1.664,-0.570
1789402073,692720963,317.012,robot_1_carried_generic_box,-0.160,-2.867
1789402073,918143867,317.237,robot_2,1.410,-2.573
1789402073,918230547,317.237,robot_1,-0.160,-2.866
1789402073,918285025,317.238,robot_0,-1.592,-0.521
1789402073,918330931,317.238,robot_0_carried_generic_box,-1.637,-0.552
1789402073,918366969,317.238,robot_1_carried_generic_box,-0.160,-2.866
1789402074,119747916,317.439,robot_2,1.415,-2.540
1789402074,119826917,317.439,robot_1,-0.145,-2.870
1789402074,119885591,317.439,robot_0,-1.565,-0.503
1789402074,119934096,317.439,robot_0_carried_generic_box,-1.615,-0.536
1789402074,119971680,317.439,robot_1_carried_generic_box,-0.160,-2.866
1789402074,334924285,317.654,robot_2,1.421,-2.505
1789402074,335000716,317.654,robot_1,-0.112,-2.881
1789402074,335057530,317.654,robot_0,-1.535,-0.482
1789402074,335106507,317.654,robot_0_carried_generic_box,-1.585,-0.516
1789402074,335146741,317.654,robot_1_carried_generic_box,-0.158,-2.866
1789402074,559618311,317.879,robot_2,1.428,-2.469
1789402074,559703962,317.879,robot_1,-0.080,-2.894
1789402074,559759822,317.879,robot_0,-1.506,-0.462
1789402074,559811485,317.879,robot_0_carried_generic_box,-1.555,-0.496
1789402074,559844323,317.879,robot_1_carried_generic_box,-0.129,-2.875
1789402074,761614511,318.081,robot_2,1.433,-2.440
1789402074,761689992,318.081,robot_1,-0.071,-2.898
1789402074,761738855,318.081,robot_0,-1.481,-0.445
1789402074,761781450,318.081,robot_0_carried_generic_box,-1.520,-0.472
1789402074,761812227,318.081,robot_1_carried_generic_box,-0.095,-2.888
1789402074,967860314,318.287,robot_2,1.437,-2.413
1789402074,967940050,318.287,robot_1,-0.059,-2.903
1789402074,967987488,318.287,robot_0,-1.458,-0.430
1789402074,968028509,318.287,robot_0_carried_generic_box,-1.498,-0.457
1789402074,968060617,318.287,robot_1_carried_generic_box,-0.076,-2.895
1789402075,188679947,318.508,robot_2,1.444,-2.377
1789402075,188764463,318.508,robot_1,-0.026,-2.918
1789402075,188815430,318.508,robot_0,-1.429,-0.410
1789402075,188865143,318.508,robot_0_carried_generic_box,-1.468,-0.437
1789402075,188910659,318.508,robot_1_carried_generic_box,-0.066,-2.899
1789402075,408368197,318.728,robot_2,1.449,-2.345
1789402075,408444296,318.728,robot_1,0.003,-2.932
1789402075,408491682,318.728,robot_0,-1.401,-0.391
1789402075,408536545,318.728,robot_0_carried_generic_box,-1.441,-0.418
1789402075,408568711,318.728,robot_1_carried_generic_box,-0.054,-2.905
1789402075,626033462,318.945,robot_2,1.455,-2.309
1789402075,626110991,318.945,robot_1,0.013,-2.937
1789402075,626164212,318.945,robot_0,-1.372,-0.371
1789402075,626207747,318.945,robot_0_carried_generic_box,-1.414,-0.400
1789402075,626239515,318.946,robot_1_carried_generic_box,-0.010,-2.926
1789402075,854937590,319.174,robot_2,1.461,-2.277
1789402075,855024405,319.174,robot_1,0.013,-2.937
1789402075,855085096,319.174,robot_0,-1.344,-0.352
1789402075,855145815,319.174,robot_0_carried_generic_box,-1.396,-0.388
1789402075,855188277,319.174,robot_1_carried_generic_box,0.010,-2.936
1789402076,60278522,319.380,robot_2,1.466,-2.247
1789402076,60357367,319.380,robot_1,0.024,-2.944
1789402076,60404841,319.380,robot_0,-1.320,-0.335
1789402076,60455140,319.380,robot_0_carried_generic_box,-1.367,-0.368
1789402076,60489163,319.380,robot_1_carried_generic_box,0.013,-2.937
1789402076,275171091,319.594,robot_2,1.471,-2.218
1789402076,286312646,319.606,robot_1,0.045,-2.958
1789402076,286412652,319.606,robot_0,-1.295,-0.319
1789402076,286467819,319.606,robot_0_carried_generic_box,-1.334,-0.346
1789402076,286518069,319.606,robot_1_carried_generic_box,0.016,-2.939
1789402076,494191980,319.813,robot_2,1.477,-2.185
1789402076,494305860,319.814,robot_1,0.049,-2.960
1789402076,494358375,319.814,robot_0,-1.286,-0.312
1789402076,494408565,319.814,robot_0_carried_generic_box,-1.302,-0.324
1789402076,494451683,319.814,robot_1_carried_generic_box,0.040,-2.954
1789402076,734982505,320.054,robot_2,1.482,-2.156
1789402076,735086471,320.054,robot_1,0.062,-2.972
1789402076,735131237,320.054,robot_0,-1.286,-0.313
1789402076,735178981,320.054,robot_0_carried_generic_box,-1.288,-0.314
1789402076,735217277,320.054,robot_1_carried_generic_box,0.049,-2.960
1789402076,940655477,320.260,robot_2,1.487,-2.126
1789402076,940747144,320.260,robot_1,0.077,-2.985
1789402076,942665731,320.262,robot_0,-1.286,-0.313
1789402076,942780776,320.262,robot_0_carried_generic_box,-1.286,-0.312
1789402076,942834827,320.262,robot_1_carried_generic_box,0.051,-2.962
1789402077,153201105,320.472,robot_2,1.493,-2.091
1789402077,158274645,320.478,robot_1,0.078,-2.986
1789402077,158422421,320.478,robot_0,-1.285,-0.313
1789402077,158495499,320.478,robot_0_carried_generic_box,-1.286,-0.313
1789402077,158548542,320.478,robot_1_carried_generic_box,0.069,-2.978
1789402077,356373269,320.676,robot_2,1.500,-2.055
1789402077,356451336,320.676,robot_1,0.078,-2.986
1789402077,356505264,320.676,robot_0,-1.285,-0.313
1789402077,356561379,320.676,robot_0_carried_generic_box,-1.286,-0.313
1789402077,373872515,320.693,robot_1_carried_generic_box,0.078,-2.986
1789402077,562178009,320.881,robot_2,1.505,-2.023
1789402077,562238629,320.882,robot_1,0.078,-2.986
1789402077,562276031,320.882,robot_0,-1.285,-0.313
1789402077,562316284,320.882,robot_0_carried_generic_box,-1.285,-0.313
1789402077,562346880,320.882,robot_1_carried_generic_box,0.078,-2.986
1789402077,774289925,321.094,robot_2,1.509,-1.999
1789402077,774373554,321.094,robot_1,0.078,-2.986
1789402077,774432760,321.094,robot_0,-1.285,-0.313
1789402077,774497105,321.094,robot_0_carried_generic_box,-1.285,-0.313
1789402077,774549821,321.094,robot_1_carried_generic_box,0.078,-2.986
1789402077,990358481,321.310,robot_2,1.516,-1.958
1789402077,990438705,321.310,robot_1,0.078,-2.986
1789402077,990498471,321.310,robot_0,-1.285,-0.313
1789402077,990558363,321.310,robot_0_carried_generic_box,-1.285,-0.313
1789402078,3694089,321.323,robot_1_carried_generic_box,0.078,-2.986
1789402078,209457686,321.529,robot_2,1.522,-1.925
1789402078,209535134,321.529,robot_1,0.078,-2.986
1789402078,209581627,321.529,robot_0,-1.284,-0.313
1789402078,217426190,321.537,robot_0_carried_generic_box,-1.285,-0.313
1789402078,217522834,321.537,robot_1_carried_generic_box,0.078,-2.986
1789402078,432101151,321.751,robot_2,1.529,-1.887
1789402078,432183834,321.751,robot_1,0.078,-2.986
1789402078,432236775,321.751,robot_0,-1.284,-0.313
1789402078,432291976,321.752,robot_0_carried_generic_box,-1.285,-0.313
1789402078,432341732,321.752,robot_1_carried_generic_box,0.078,-2.986
1789402078,642368568,321.962,robot_2,1.535,-1.851
1789402078,642447598,321.962,robot_1,0.078,-2.986
1789402078,642494229,321.962,robot_0,-1.284,-0.313
1789402078,642546011,321.962,robot_0_carried_generic_box,-1.284,-0.313
1789402078,642587562,321.984,robot_1_carried_generic_box,0.078,-2.986
1789402078,855046205,322.174,robot_2,1.540,-1.825
1789402078,855136421,322.174,robot_1,0.078,-2.987
1789402078,855181197,322.174,robot_0,-1.284,-0.313
1789402078,855234846,322.174,robot_0_carried_generic_box,-1.284,-0.313
1789402078,855279289,322.175,robot_1_carried_generic_box,0.078,-2.986
1789402079,75006799,322.394,robot_2,1.546,-1.786
1789402079,75094010,322.394,robot_1,0.077,-2.987
1789402079,75149875,322.394,robot_0,-1.283,-0.313
1789402079,75211302,322.394,robot_0_carried_generic_box,-1.284,-0.313
1789402079,75261480,322.395,robot_1_carried_generic_box,0.078,-2.986
1789402079,293270641,322.613,robot_2,1.553,-1.748
1789402079,293359757,322.613,robot_1,0.077,-2.987
1789402079,293410064,322.613,robot_0,-1.283,-0.313
1789402079,293466157,322.613,robot_0_carried_generic_box,-1.284,-0.313
1789402079,293509345,322.613,robot_1_carried_generic_box,0.077,-2.987
1789402079,511603617,322.831,robot_2,1.559,-1.715
1789402079,511709791,322.831,robot_1,0.077,-2.987
1789402079,511769428,322.831,robot_0,-1.283,-0.313
1789402079,511833150,322.831,robot_0_carried_generic_box,-1.283,-0.313
1789402079,511883279,322.831,robot_1_carried_generic_box,0.077,-2.987
1789402079,731544172,323.051,robot_2,1.564,-1.683
1789402079,740784221,323.060,robot_1,0.077,-2.988
1789402079,740907250,323.060,robot_0,-1.283,-0.313
1789402079,740979752,323.060,robot_0_carried_generic_box,-1.283,-0.313
1789402079,741035078,323.060,robot_1_carried_generic_box,0.077,-2.987
1789402079,935373196,323.255,robot_2,1.569,-1.653
1789402079,935451304,323.255,robot_1,0.077,-2.988
1789402079,944110400,323.263,robot_0,-1.282,-0.313
1789402079,944248895,323.264,robot_0_carried_generic_box,-1.283,-0.313
1789402079,944301846,323.264,robot_1_carried_generic_box,0.077,-2.987
1789402080,163072517,323.482,robot_2,1.575,-1.621
1789402080,163146470,323.482,robot_1,0.077,-2.988
1789402080,163201582,323.482,robot_0,-1.285,-0.309
1789402080,163250682,323.483,robot_0_carried_generic_box,-1.282,-0.313
1789402080,163287135,323.483,robot_1_carried_generic_box,0.077,-2.988
1789402080,368125479,323.687,robot_2,1.581,-1.588
1789402080,368208254,323.687,robot_1,0.078,-2.988
1789402080,368267345,323.688,robot_0,-1.303,-0.287
1789402080,368329547,323.688,robot_0_carried_generic_box,-1.282,-0.313
1789402080,368378266,323.688,robot_1_carried_generic_box,0.077,-2.988
1789402080,589776317,323.909,robot_2,1.587,-1.553
1789402080,589859192,323.909,robot_1,0.078,-2.989
1789402080,589919089,323.909,robot_0,-1.327,-0.260
1789402080,589978497,323.909,robot_0_carried_generic_box,-1.292,-0.301
1789402080,590028659,323.909,robot_1_carried_generic_box,0.077,-2.988
1789402080,819854326,324.139,robot_2,1.594,-1.514
1789402080,819930061,324.139,robot_1,0.078,-2.989
1789402080,819983756,324.139,robot_0,-1.353,-0.231
1789402080,820036093,324.139,robot_0_carried_generic_box,-1.315,-0.273
1789402080,820076585,324.139,robot_1_carried_generic_box,0.078,-2.988
1789402081,33177953,324.358,robot_2,1.600,-1.479
1789402081,39909975,324.359,robot_1,0.078,-2.989
1789402081,40110899,324.359,robot_0,-1.377,-0.204
1789402081,40164665,324.359,robot_0_carried_generic_box,-1.329,-0.258
1789402081,40207501,324.359,robot_1_carried_generic_box,0.078,-2.989
1789402081,273533472,324.593,robot_2,1.606,-1.441
1789402081,273619896,324.593,robot_1,0.078,-2.989
1789402081,273669477,324.593,robot_0,-1.403,-0.175
1789402081,273719734,324.593,robot_0_carried_generic_box,-1.361,-0.222
1789402081,273762620,324.593,robot_1_carried_generic_box,0.078,-2.989
1789402081,500458453,324.820,robot_2,1.612,-1.411
1789402081,500536388,324.820,robot_1,0.079,-2.989
1789402081,500593846,324.830,robot_0,-1.423,-0.152
1789402081,510715704,324.830,robot_0_carried_generic_box,-1.387,-0.193
1789402081,510767232,324.830,robot_1_carried_generic_box,0.078,-2.989
1789402081,750154571,325.069,robot_2,1.618,-1.373
1789402081,750239859,325.070,robot_1,0.095,-2.968
1789402081,750295281,325.070,robot_0,-1.448,-0.123
1789402081,750342956,325.070,robot_0_carried_generic_box,-1.415,-0.161
1789402081,750377532,325.070,robot_1_carried_generic_box,0.078,-2.989
1789402081,967015846,325.286,robot_2,1.623,-1.343
1789402081,967102887,325.286,robot_1,0.113,-2.943
1789402081,967161038,325.286,robot_0,-1.468,-0.101
1789402081,967214285,325.286,robot_0_carried_generic_box,-1.433,-0.141
1789402081,967255840,325.287,robot_1_carried_generic_box,0.082,-2.984
1789402082,168341421,325.488,robot_2,1.630,-1.308
1789402082,168432059,325.488,robot_1,0.134,-2.914
1789402082,168489838,325.488,robot_0,-1.492,-0.074
1789402082,168543328,325.488,robot_0_carried_generic_box,-1.458,-0.112
1789402082,168574702,325.488,robot_1_carried_generic_box,0.097,-2.965
1789402082,368364179,325.688,robot_2,1.635,-1.278
1789402082,368454691,325.688,robot_1,0.151,-2.890
1789402082,368504252,325.688,robot_0,-1.512,-0.051
1789402082,368551547,325.688,robot_0_carried_generic_box,-1.470,-0.098
1789402082,368588787,325.708,robot_1_carried_generic_box,0.115,-2.941
1789402082,601226861,325.921,robot_2,1.640,-1.248
1789402082,601321822,325.921,robot_1,0.169,-2.865
1789402082,601385197,325.921,robot_0,-1.532,-0.029
1789402082,601435134,325.921,robot_0_carried_generic_box,-1.496,-0.069
1789402082,601475695,325.921,robot_1_carried_generic_box,0.134,-2.914
1789402082,808473496,326.128,robot_2,1.645,-1.219
1789402082,808578690,326.128,robot_1,0.186,-2.841
1789402082,808648670,326.128,robot_0,-1.552,-0.006
1789402082,808714283,326.128,robot_0_carried_generic_box,-1.516,-0.047
1789402082,808764453,326.128,robot_1_carried_generic_box,0.155,-2.885
1789402083,50387364,326.370,robot_2,1.651,-1.186
1789402083,50482711,326.370,robot_1,0.205,-2.814
1789402083,50533773,326.370,robot_0,-1.574,0.018
1789402083,50586673,326.370,robot_0_carried_generic_box,-1.542,-0.018
1789402083,50640952,326.370,robot_1_carried_generic_box,0.181,-2.848
1789402083,296788094,326.616,robot_2,1.657,-1.151
1789402083,296887768,326.616,robot_1,0.215,-2.800
1789402083,296947271,326.616,robot_0,-1.598,0.045
1789402083,296999067,326.616,robot_0_carried_generic_box,-1.566,0.009
1789402083,297032661,326.616,robot_1_carried_generic_box,0.200,-2.821
1789402083,525119382,326.844,robot_2,1.661,-1.127
1789402083,525199233,326.844,robot_1,0.220,-2.793
1789402083,525248611,326.845,robot_0,-1.614,0.063
1789402083,525297436,326.845,robot_0_carried_generic_box,-1.582,0.027
1789402083,525337154,326.845,robot_1_carried_generic_box,0.208,-2.810
1789402083,729076964,327.048,robot_2,1.667,-1.095
1789402083,732297366,327.052,robot_1,0.233,-2.777
1789402083,732405327,327.052,robot_0,-1.636,0.088
1789402083,732460215,327.052,robot_0_carried_generic_box,-1.600,0.047
1789402083,732516107,327.052,robot_1_carried_generic_box,0.216,-2.800
1789402083,946561131,327.266,robot_2,1.674,-1.053
1789402083,946683294,327.266,robot_1,0.244,-2.764
1789402083,946748836,327.266,robot_0,-1.664,0.119
1789402083,946815565,327.266,robot_0_carried_generic_box,-1.620,0.070
1789402083,946864941,327.266,robot_1_carried_generic_box,0.225,-2.787
1789402084,180049080,327.499,robot_2,1.679,-1.021
1789402084,180168659,327.499,robot_1,0.265,-2.739
1789402084,180252160,327.500,robot_0,-1.686,0.144
1789402084,180322322,327.500,robot_0_carried_generic_box,-1.642,0.095
1789402084,180379649,327.500,robot_1_carried_generic_box,0.234,-2.776
1789402084,380407436,327.700,robot_2,1.685,-0.991
1789402084,380499616,327.700,robot_1,0.285,-2.716
1789402084,380548030,327.700,robot_0,-1.706,0.166
1789402084,402533127,327.722,robot_0_carried_generic_box,-1.676,0.133
1789402084,402670586,327.722,robot_1_carried_generic_box,0.248,-2.759
1789402084,591128482,327.910,robot_2,1.689,-0.965
1789402084,591232765,327.911,robot_1,0.302,-2.695
1789402084,591294910,327.911,robot_0,-1.723,0.186
1789402084,591354035,327.911,robot_0_carried_generic_box,-1.696,0.155
1789402084,591401291,327.911,robot_1_carried_generic_box,0.273,-2.729
1789402084,804028689,328.123,robot_2,1.694,-0.938
1789402084,804124278,328.123,robot_1,0.320,-2.675
1789402084,804179143,328.123,robot_0,-1.741,0.207
1789402084,804232453,328.123,robot_0_carried_generic_box,-1.702,0.162
1789402084,804273065,328.124,robot_1_carried_generic_box,0.294,-2.704
1789402085,14354970,328.334,robot_2,1.700,-0.903
1789402085,14446050,328.334,robot_1,0.343,-2.647
1789402085,14491941,328.334,robot_0,-1.765,0.234
1789402085,14541321,328.334,robot_0_carried_generic_box,-1.729,0.193
1789402085,14580761,328.334,robot_1_carried_generic_box,0.310,-2.686
1789402085,245261227,328.565,robot_2,1.706,-0.867
1789402085,245356015,328.565,robot_1,0.366,-2.620
1789402085,245394501,328.565,robot_0,-1.789,0.260
1789402085,245448784,328.565,robot_0_carried_generic_box,-1.751,0.218
1789402085,245491179,328.565,robot_1_carried_generic_box,0.329,-2.663
1789402085,451894180,328.771,robot_2,1.712,-0.835
1789402085,451986978,328.771,robot_1,0.388,-2.595
1789402085,452030309,328.785,robot_0,-1.811,0.285
1789402085,465887638,328.785,robot_0_carried_generic_box,-1.767,0.236
1789402085,465961297,328.785,robot_1_carried_generic_box,0.349,-2.640
1789402085,661969366,328.981,robot_2,1.716,-0.808
1789402085,662063569,328.981,robot_1,0.400,-2.581
1789402085,662106247,328.981,robot_0,-1.829,0.305
1789402085,662162126,328.981,robot_0_carried_generic_box,-1.791,0.263
1789402085,662218953,328.981,robot_1_carried_generic_box,0.366,-2.620
1789402085,866849788,329.186,robot_2,1.722,-0.776
1789402085,866939416,329.186,robot_1,0.417,-2.562
1789402085,866981695,329.186,robot_0,-1.851,0.330
1789402085,867036949,329.186,robot_0_carried_generic_box,-1.817,0.292
1789402085,867082083,329.186,robot_1_carried_generic_box,0.395,-2.587
1789402086,75128023,329.394,robot_2,1.728,-0.743
1789402086,75243368,329.395,robot_1,0.428,-2.549
1789402086,75293478,329.395,robot_0,-1.873,0.355
1789402086,75359027,329.395,robot_0_carried_generic_box,-1.831,0.308
1789402086,75412570,329.395,robot_1_carried_generic_box,0.401,-2.579
1789402086,299157045,329.618,robot_2,1.733,-0.710
1789402086,299274295,329.619,robot_1,0.428,-2.549
1789402086,299319619,329.619,robot_0,-1.895,0.379
1789402086,299373396,329.619,robot_0_carried_generic_box,-1.863,0.343
1789402086,299417150,329.619,robot_1_carried_generic_box,0.420,-2.558
1789402086,500244116,329.820,robot_2,1.739,-0.681
1789402086,500324762,329.820,robot_1,0.428,-2.549
1789402086,500356052,329.820,robot_0,-1.915,0.402
1789402086,500392334,329.820,robot_0_carried_generic_box,-1.869,0.350
1789402086,500422352,329.820,robot_1_carried_generic_box,0.427,-2.550
1789402086,741447357,330.061,robot_2,1.744,-0.651
1789402086,741548767,330.061,robot_1,0.434,-2.543
1789402086,741613539,330.061,robot_0,-1.935,0.424
1789402086,741677728,330.061,robot_0_carried_generic_box,-1.901,0.386
1789402086,741736646,330.061,robot_1_carried_generic_box,0.428,-2.549
1789402086,948874653,330.268,robot_2,1.749,-0.622
1789402086,948959193,330.268,robot_1,0.454,-2.529
1789402086,948995594,330.268,robot_0,-1.955,0.447
1789402086,949046051,330.268,robot_0_carried_generic_box,-1.925,0.413
1789402086,949080989,330.268,robot_1_carried_generic_box,0.429,-2.548
1789402087,151445320,330.471,robot_2,1.754,-0.592
1789402087,151606482,330.471,robot_1,0.460,-2.525
1789402087,151651926,330.471,robot_0,-1.975,0.469
1789402087,151747773,330.471,robot_0_carried_generic_box,-1.943,0.433
1789402087,151792183,330.471,robot_1_carried_generic_box,0.442,-2.538
1789402087,365660054,330.685,robot_2,1.760,-0.560
1789402087,365752542,330.685,robot_1,0.460,-2.525
1789402087,365800018,330.685,robot_0,-1.997,0.494
1789402087,365854345,330.685,robot_0_carried_generic_box,-1.961,0.453
1789402087,365900034,330.685,robot_1_carried_generic_box,0.458,-2.527
1789402087,580484944,330.900,robot_2,1.765,-0.527
1789402087,580581322,330.910,robot_1,0.460,-2.524
1789402087,591282295,330.911,robot_0,-2.018,0.518
1789402087,591386709,330.911,robot_0_carried_generic_box,-1.987,0.482
1789402087,591446193,330.911,robot_1_carried_generic_box,0.460,-2.525
1789402087,803949422,331.123,robot_2,1.770,-0.498
1789402087,806962376,331.126,robot_1,0.475,-2.520
1789402087,807052954,331.126,robot_0,-2.038,0.541
1789402087,807119878,331.126,robot_0_carried_generic_box,-2.008,0.507
1789402087,807170817,331.126,robot_1_carried_generic_box,0.460,-2.524
1789402088,12905290,331.332,robot_2,1.775,-0.471
1789402088,12988149,331.332,robot_1,0.500,-2.515
1789402088,13032724,331.332,robot_0,-2.056,0.561
1789402088,13076819,331.337,robot_0_carried_generic_box,-2.018,0.518
1789402088,17904562,331.337,robot_1_carried_generic_box,0.462,-2.524
1789402088,246404984,331.566,robot_2,1.782,-0.433
1789402088,246491344,331.566,robot_1,0.538,-2.508
1789402088,246528855,331.566,robot_0,-2.078,0.585
1789402088,246578860,331.592,robot_0_carried_generic_box,-2.052,0.556
1789402088,272863644,331.592,robot_1_carried_generic_box,0.485,-2.518
1789402088,458802990,331.778,robot_2,1.787,-0.403
1789402088,458898622,331.778,robot_1,0.568,-2.504
1789402088,458949340,331.778,robot_0,-2.079,0.587
1789402088,459013950,331.778,robot_0_carried_generic_box,-2.058,0.563
1789402088,459065818,331.778,robot_1_carried_generic_box,0.515,-2.512
1789402088,663331624,331.983,robot_2,1.791,-0.377
1789402088,663432720,331.983,robot_1,0.595,-2.500
1789402088,663482456,331.983,robot_0,-2.079,0.587
1789402088,663865229,331.983,robot_0_carried_generic_box,-2.078,0.585
1789402088,663929525,331.983,robot_1_carried_generic_box,0.532,-2.509
1789402088,882948923,332.202,robot_2,1.797,-0.347
1789402088,883038498,332.202,robot_1,0.619,-2.496
1789402088,883082944,332.202,robot_0,-2.079,0.587
1789402088,883143604,332.202,robot_0_carried_generic_box,-2.079,0.587
1789402088,883194711,332.202,robot_1_carried_generic_box,0.568,-2.504
1789402089,99930016,332.419,robot_2,1.801,-0.320
1789402089,100031354,332.419,robot_1,0.632,-2.495
1789402089,100083603,332.419,robot_0,-2.079,0.587
1789402089,100139752,332.419,robot_0_carried_generic_box,-2.079,0.587
1789402089,100188020,332.419,robot_1_carried_generic_box,0.580,-2.502
1789402089,331483560,332.651,robot_2,1.807,-0.285
1789402089,331655081,332.651,robot_1,0.667,-2.490
1789402089,331704835,332.651,robot_0,-2.079,0.588
1789402089,331763625,332.651,robot_0_carried_generic_box,-2.079,0.587
1789402089,331810433,332.651,robot_1_carried_generic_box,0.623,-2.496
1789402089,567058484,332.886,robot_2,1.813,-0.252
1789402089,567148166,332.886,robot_1,0.699,-2.487
1789402089,567195009,332.886,robot_0,-2.079,0.588
1789402089,567247408,332.887,robot_0_carried_generic_box,-2.079,0.588
1789402089,567286925,332.887,robot_1_carried_generic_box,0.643,-2.493
1789402089,784840227,333.104,robot_2,1.818,-0.226
1789402089,784933291,333.104,robot_1,0.711,-2.485
1789402089,784983977,333.104,robot_0,-2.079,0.588
1789402089,785032740,333.104,robot_0_carried_generic_box,-2.079,0.588
1789402089,785073527,333.104,robot_1_carried_generic_box,0.667,-2.490
1789402089,991129396,333.310,robot_2,1.823,-0.193
1789402089,991237963,333.311,robot_1,0.729,-2.483
1789402089,991296286,333.311,robot_0,-2.079,0.588
1789402089,991360308,333.311,robot_0_carried_generic_box,-2.079,0.588
1789402089,991414372,333.311,robot_1_carried_generic_box,0.701,-2.486
1789402090,200373658,333.520,robot_2,1.828,-0.169
1789402090,200483048,333.520,robot_1,0.751,-2.482
1789402090,200548357,333.520,robot_0,-2.079,0.589
1789402090,200627822,333.520,robot_0_carried_generic_box,-2.079,0.588
1789402090,200685123,333.520,robot_1_carried_generic_box,0.711,-2.485
1789402090,403452020,333.723,robot_2,1.829,-0.162
1789402090,403569565,333.723,robot_1,0.757,-2.481
1789402090,416472878,333.736,robot_0,-2.079,0.589
1789402090,416576369,333.736,robot_0_carried_generic_box,-2.079,0.588
1789402090,416633221,333.736,robot_1_carried_generic_box,0.729,-2.483
1789402090,610526698,333.930,robot_2,1.829,-0.162
1789402090,645711867,333.965,robot_1,0.777,-2.480
1789402090,645841959,333.965,robot_0,-2.079,0.589
1789402090,645921084,333.965,robot_0_carried_generic_box,-2.079,0.589
1789402090,645982125,333.965,robot_1_carried_generic_box,0.754,-2.481
1789402090,842386967,334.162,robot_2,1.829,-0.162
1789402090,842493018,334.162,robot_1,0.807,-2.479
1789402090,842539776,334.162,robot_0,-2.079,0.589
1789402090,842594263,334.162,robot_0_carried_generic_box,-2.079,0.589
1789402090,842665239,334.162,robot_1_carried_generic_box,0.760,-2.481
1789402091,60446857,334.380,robot_2,1.829,-0.162
1789402091,60539025,334.380,robot_1,0.828,-2.478
1789402091,60590765,334.380,robot_0,-2.079,0.589
1789402091,60646453,334.380,robot_0_carried_generic_box,-2.079,0.589
1789402091,60689134,334.380,robot_1_carried_generic_box,0.777,-2.480
1789402091,262255005,334.582,robot_2,1.829,-0.162
1789402091,262339455,334.582,robot_1,0.855,-2.476
1789402091,262383887,334.582,robot_0,-2.079,0.589
1789402091,262430066,334.582,robot_0_carried_generic_box,-2.079,0.589
1789402091,268715358,334.588,robot_1_carried_generic_box,0.810,-2.478
1789402091,477038909,334.796,robot_2,1.829,-0.162
1789402091,477137454,334.796,robot_1,0.879,-2.475
1789402091,477186957,334.796,robot_0,-2.079,0.590
1789402091,477243895,334.797,robot_0_carried_generic_box,-2.079,0.590
1789402091,477283239,334.797,robot_1_carried_generic_box,0.834,-2.477
1789402091,681020183,335.000,robot_2,1.829,-0.162
1789402091,681106960,335.000,robot_1,0.906,-2.474
1789402091,681416967,335.001,robot_0,-2.079,0.590
1789402091,681493704,335.001,robot_0_carried_generic_box,-2.079,0.590
1789402091,681545693,335.001,robot_1_carried_generic_box,0.858,-2.476
1789402091,906887813,335.226,robot_2,1.829,-0.162
1789402091,907028217,335.226,robot_1,0.920,-2.473
1789402091,907089747,335.226,robot_0,-2.079,0.590
1789402091,907155466,335.226,robot_0_carried_generic_box,-2.079,0.590
1789402091,907208900,335.226,robot_1_carried_generic_box,0.897,-2.474
1789402092,99243076,335.419,robot_2,1.829,-0.162
1789402092,99330739,335.419,robot_1,0.932,-2.473
1789402092,99371469,335.419,robot_0,-2.079,0.590
1789402092,99418283,335.419,robot_0_carried_generic_box,-2.079,0.590
1789402092,99457223,335.419,robot_1_carried_generic_box,0.910,-2.474
1789402092,301566416,335.621,robot_2,1.829,-0.162
1789402092,306733856,335.626,robot_1,0.962,-2.472
1789402092,306930428,335.626,robot_0,-2.092,0.582
1789402092,307001136,335.626,robot_0_carried_generic_box,-2.079,0.590
1789402092,307046048,335.626,robot_1_carried_generic_box,0.926,-2.473
1789402092,518486797,335.838,robot_2,1.830,-0.162
1789402092,519176322,335.838,robot_1,0.991,-2.472
1789402092,519224186,335.838,robot_0,-2.110,0.570
1789402092,519267949,335.839,robot_0_carried_generic_box,-2.083,0.588
1789402092,519304277,335.839,robot_1_carried_generic_box,0.947,-2.473
1789402092,720017731,336.039,robot_2,1.830,-0.162
1789402092,720107667,336.039,robot_1,1.007,-2.472
1789402092,720151786,336.039,robot_0,-2.111,0.570
1789402092,720203136,336.039,robot_0_carried_generic_box,-2.102,0.576
1789402092,720239788,336.040,robot_1_carried_generic_box,0.971,-2.472
1789402092,940008498,336.259,robot_2,1.830,-0.161
1789402092,940097232,336.259,robot_1,1.040,-2.472
1789402092,940138276,336.259,robot_0,-2.111,0.570
1789402092,940185006,336.259,robot_0_carried_generic_box,-2.111,0.570
1789402092,940220159,336.259,robot_1_carried_generic_box,0.999,-2.472
1789402093,151567438,336.485,robot_2,1.830,-0.161
1789402093,165830933,336.485,robot_1,1.052,-2.472
1789402093,165914722,336.485,robot_0,-2.111,0.570
1789402093,165978761,336.485,robot_0_carried_generic_box,-2.111,0.570
1789402093,166027868,336.485,robot_1_carried_generic_box,1.020,-2.472
1789402093,379417409,336.699,robot_2,1.830,-0.161
1789402093,379506976,336.699,robot_1,1.052,-2.472
1789402093,379556298,336.699,robot_0,-2.111,0.570
1789402093,379616724,336.699,robot_0_carried_generic_box,-2.111,0.570
1789402093,379664871,336.699,robot_1_carried_generic_box,1.042,-2.472
1789402093,598214830,336.917,robot_2,1.831,-0.161
1789402093,598306793,336.918,robot_1,1.058,-2.472
1789402093,598351281,336.918,robot_0,-2.112,0.570
1789402093,598403569,336.918,robot_0_carried_generic_box,-2.111,0.570
1789402093,598445324,336.918,robot_1_carried_generic_box,1.052,-2.472
1789402093,834258862,337.154,robot_2,1.831,-0.161
1789402093,834363297,337.154,robot_1,1.089,-2.478
1789402093,834415869,337.154,robot_0,-2.112,0.570
1789402093,834476438,337.154,robot_0_carried_generic_box,-2.112,0.570
1789402093,834528217,337.154,robot_1_carried_generic_box,1.053,-2.472
1789402094,78094348,337.397,robot_2,1.831,-0.161
1789402094,78194505,337.397,robot_1,1.099,-2.479
1789402094,78245191,337.398,robot_0,-2.112,0.570
1789402094,78303896,337.398,robot_0_carried_generic_box,-2.112,0.570
1789402094,78352752,337.398,robot_1_carried_generic_box,1.076,-2.475
1789402094,300515462,337.620,robot_2,1.831,-0.160
1789402094,300626644,337.620,robot_1,1.099,-2.479
1789402094,300668999,337.620,robot_0,-2.112,0.570
1789402094,300714015,337.620,robot_0_carried_generic_box,-2.112,0.570
1789402094,300750258,337.620,robot_1_carried_generic_box,1.099,-2.479
1789402094,504218542,337.823,robot_2,1.814,-0.152
1789402094,504321524,337.824,robot_1,1.102,-2.480
1789402094,504375829,337.824,robot_0,-2.112,0.570
1789402094,509641463,337.829,robot_0_carried_generic_box,-2.112,0.570
1789402094,509772311,337.829,robot_1_carried_generic_box,1.099,-2.479
1789402094,714020483,338.033,robot_2,1.784,-0.138
1789402094,714134234,338.033,robot_1,1.124,-2.492
1789402094,714185470,338.033,robot_0,-2.113,0.570
1789402094,714242667,338.034,robot_0_carried_generic_box,-2.112,0.570
1789402094,714287068,338.034,robot_1_carried_generic_box,1.099,-2.479
1789402094,928223397,338.248,robot_2,1.754,-0.125
1789402094,928313698,338.248,robot_1,1.134,-2.497
1789402094,928352266,338.248,robot_0,-2.113,0.570
1789402094,929229687,338.249,robot_0_carried_generic_box,-2.112,0.570
1789402094,929330200,338.249,robot_1_carried_generic_box,1.118,-2.488
1789402095,141211688,338.461,robot_2,1.729,-0.114
1789402095,141318913,338.461,robot_1,1.149,-2.508
1789402095,141364573,338.461,robot_0,-2.113,0.570
1789402095,141411956,338.461,robot_0_carried_generic_box,-2.113,0.570
1789402095,141451209,338.461,robot_1_carried_generic_box,1.131,-2.495
1789402095,360877639,338.680,robot_2,1.697,-0.099
1789402095,361009453,338.680,robot_1,1.177,-2.530
1789402095,361051540,338.680,robot_0,-2.113,0.570
1789402095,361096637,338.680,robot_0_carried_generic_box,-2.113,0.570
1789402095,361135518,338.680,robot_1_carried_generic_box,1.137,-2.499
1789402095,569252491,338.889,robot_2,1.666,-0.085
1789402095,569349435,338.889,robot_1,1.201,-2.552
1789402095,569398308,338.889,robot_0,-2.113,0.570
1789402095,569451868,338.889,robot_0_carried_generic_box,-2.113,0.570
1789402095,569499699,338.889,robot_1_carried_generic_box,1.156,-2.513
1789402095,788164685,339.107,robot_2,1.631,-0.069
1789402095,788251330,339.108,robot_1,1.229,-2.577
1789402095,788306463,339.108,robot_0,-2.114,0.570
1789402095,788364391,339.108,robot_0_carried_generic_box,-2.113,0.570
1789402095,788410439,339.108,robot_1_carried_generic_box,1.181,-2.534
1789402096,17307881,339.337,robot_2,1.598,-0.054
1789402096,17410768,339.337,robot_1,1.236,-2.584
1789402096,17460130,339.337,robot_0,-2.114,0.570
1789402096,17513987,339.337,robot_0_carried_generic_box,-2.114,0.570
1789402096,17567765,339.337,robot_1_carried_generic_box,1.221,-2.570
1789402096,218219806,339.538,robot_2,1.574,-0.043
1789402096,218310000,339.538,robot_1,1.236,-2.584
1789402096,218362567,339.538,robot_0,-2.114,0.570
1789402096,218412454,339.538,robot_0_carried_generic_box,-2.114,0.570
1789402096,218454518,339.538,robot_1_carried_generic_box,1.235,-2.582
1789402096,430086923,339.749,robot_2,1.544,-0.030
1789402096,430175765,339.749,robot_1,1.237,-2.583
1789402096,430227080,339.749,robot_0,-2.114,0.570
1789402096,430285167,339.750,robot_0_carried_generic_box,-2.114,0.570
1789402096,430328613,339.750,robot_1_carried_generic_box,1.236,-2.584
1789402096,652655725,339.972,robot_2,1.511,-0.015
1789402096,652744482,339.972,robot_1,1.238,-2.585
1789402096,652792494,339.972,robot_0,-2.115,0.570
1789402096,652849240,339.972,robot_0_carried_generic_box,-2.114,0.570
1789402096,652890880,339.972,robot_1_carried_generic_box,1.236,-2.584
1789402096,877827453,340.197,robot_2,1.470,0.004
1789402096,877916780,340.197,robot_1,1.256,-2.616
1789402096,877969014,340.197,robot_0,-2.115,0.570
1789402096,878028193,340.197,robot_0_carried_generic_box,-2.115,0.570
1789402096,878076205,340.197,robot_1_carried_generic_box,1.237,-2.583
1789402097,81647926,340.401,robot_2,1.448,0.014
1789402097,81732467,340.401,robot_1,1.264,-2.632
1789402097,81777398,340.401,robot_0,-2.115,0.570
1789402097,81830337,340.401,robot_0_carried_generic_box,-2.115,0.570
1789402097,81870668,340.401,robot_1_carried_generic_box,1.240,-2.589
1789402097,301254186,340.621,robot_2,1.412,0.030
1789402097,301353133,340.621,robot_1,1.280,-2.667
1789402097,301420645,340.621,robot_0,-2.115,0.570
1789402097,301487721,340.621,robot_0_carried_generic_box,-2.115,0.570
1789402097,301542209,340.621,robot_1_carried_generic_box,1.256,-2.616
1789402097,517803559,340.837,robot_2,1.382,0.044
1789402097,517908920,340.837,robot_1,1.293,-2.697
1789402097,517966499,340.837,robot_0,-2.115,0.569
1789402097,518022736,340.837,robot_0_carried_generic_box,-2.115,0.570
1789402097,518068123,340.837,robot_1_carried_generic_box,1.273,-2.651
1789402097,735357846,341.055,robot_2,1.352,0.057
1789402097,735482775,341.055,robot_1,1.301,-2.717
1789402097,735522510,341.055,robot_0,-2.116,0.569
1789402097,735570470,341.055,robot_0_carried_generic_box,-2.115,0.569
1789402097,743427460,341.063,robot_1_carried_generic_box,1.286,-2.681
1789402097,945150145,341.264,robot_2,1.322,0.071
1789402097,945250919,341.265,robot_1,1.313,-2.747
1789402097,945304697,341.265,robot_0,-2.116,0.569
1789402097,945356446,341.265,robot_0_carried_generic_box,-2.115,0.569
1789402097,945398224,341.265,robot_1_carried_generic_box,1.295,-2.702
1789402098,172504119,341.492,robot_2,1.289,0.086
1789402098,172646746,341.492,robot_1,1.327,-2.781
1789402098,172707176,341.492,robot_0,-2.106,0.565
1789402098,172766285,341.492,robot_0_carried_generic_box,-2.116,0.569
1789402098,172815179,341.492,robot_1_carried_generic_box,1.302,-2.719
1789402098,374635181,341.694,robot_2,1.259,0.099
1789402098,374744556,341.694,robot_1,1.337,-2.807
1789402098,374812766,341.694,robot_0,-2.075,0.555
1789402098,375118498,341.694,robot_0_carried_generic_box,-2.116,0.569
1789402098,375194023,341.694,robot_1_carried_generic_box,1.317,-2.756
1789402098,611227737,341.931,robot_2,1.232,0.112
1789402098,611350376,341.931,robot_1,1.341,-2.818
1789402098,611402876,341.931,robot_0,-2.047,0.547
1789402098,611451795,341.931,robot_0_carried_generic_box,-2.087,0.559
1789402098,611488788,341.931,robot_1_carried_generic_box,1.335,-2.802
1789402098,819587459,342.173,robot_2,1.202,0.125
1789402098,853426515,342.173,robot_1,1.351,-2.845
1789402098,853496817,342.173,robot_0,-2.015,0.537
1789402098,853561941,342.173,robot_0_carried_generic_box,-2.064,0.552
1789402098,853629429,342.173,robot_1_carried_generic_box,1.338,-2.810
1789402099,22086689,342.341,robot_2,1.180,0.135
1789402099,22176856,342.341,robot_1,1.358,-2.864
1789402099,22230252,342.341,robot_0,-1.992,0.530
1789402099,22281811,342.342,robot_0_carried_generic_box,-2.044,0.546
1789402099,22327241,342.342,robot_1_carried_generic_box,1.343,-2.822
1789402099,236061265,342.555,robot_2,1.150,0.149
1789402099,236171132,342.555,robot_1,1.369,-2.895
1789402099,236226646,342.555,robot_0,-1.960,0.521
1789402099,236286291,342.556,robot_0_carried_generic_box,-2.012,0.536
1789402099,236337083,342.556,robot_1_carried_generic_box,1.352,-2.848
1789402099,442236198,342.762,robot_2,1.120,0.162
1789402099,442337436,342.762,robot_1,1.380,-2.926
1789402099,442386135,342.762,robot_0,-1.929,0.511
1789402099,442450612,342.762,robot_0_carried_generic_box,-1.980,0.527
1789402099,442501954,342.762,robot_1_carried_generic_box,1.364,-2.881
1789402099,646866271,342.966,robot_2,1.093,0.175
1789402099,646963849,342.966,robot_1,1.390,-2.955
1789402099,647018192,342.966,robot_0,-1.900,0.503
1789402099,647076936,342.966,robot_0_carried_generic_box,-1.949,0.517
1789402099,647121659,342.966,robot_1_carried_generic_box,1.373,-2.906
1789402099,887120419,343.206,robot_2,1.063,0.188
1789402099,887212349,343.206,robot_1,1.401,-2.986
1789402099,887255900,343.207,robot_0,-1.868,0.493
1789402099,887306465,343.207,robot_0_carried_generic_box,-1.906,0.504
1789402099,887346604,343.207,robot_1_carried_generic_box,1.383,-2.935
1789402100,94037701,343.413,robot_2,1.043,0.197
1789402100,94143886,343.413,robot_1,1.408,-3.005
1789402100,94191580,343.413,robot_0,-1.848,0.487
1789402100,94251181,343.414,robot_0_carried_generic_box,-1.894,0.501
1789402100,94292989,343.414,robot_1_carried_generic_box,1.393,-2.963
1789402100,321378911,343.641,robot_2,1.011,0.212
1789402100,321492506,343.641,robot_1,1.418,-3.035
1789402100,321553989,343.641,robot_0,-1.814,0.477
1789402100,321630910,343.641,robot_0_carried_generic_box,-1.857,0.490
1789402100,321690062,343.641,robot_1_carried_generic_box,1.405,-2.997
1789402100,545473883,343.865,robot_2,0.986,0.223
1789402100,545582565,343.875,robot_1,1.420,-3.040
1789402100,555534613,343.875,robot_0,-1.788,0.469
1789402100,555631235,343.875,robot_0_carried_generic_box,-1.837,0.484
1789402100,555679278,343.875,robot_1_carried_generic_box,1.414,-3.022
1789402100,765076717,344.084,robot_2,0.956,0.237
1789402100,765183042,344.084,robot_1,1.427,-3.062
1789402100,765229484,344.084,robot_0,-1.756,0.460
1789402100,765282156,344.085,robot_0_carried_generic_box,-1.808,0.475
1789402100,765327782,344.085,robot_1_carried_generic_box,1.419,-3.037
1789402100,973524214,344.293,robot_2,0.926,0.250
1789402100,973625765,344.293,robot_1,1.432,-3.079
1789402100,973673495,344.293,robot_0,-1.725,0.450
1789402100,973727679,344.293,robot_0_carried_generic_box,-1.779,0.466
1789402100,973768767,344.293,robot_1_carried_generic_box,1.421,-3.043
1789402101,191382084,344.511,robot_2,0.904,0.260
1789402101,191465697,344.511,robot_1,1.435,-3.089
1789402101,191510939,344.511,robot_0,-1.702,0.443
1789402101,191559809,344.511,robot_0_carried_generic_box,-1.753,0.459
1789402101,191619382,344.511,robot_1_carried_generic_box,1.428,-3.065
1789402101,400100768,344.719,robot_2,0.863,0.279
1789402101,400196050,344.719,robot_1,1.443,-3.118
1789402101,400247361,344.720,robot_0,-1.659,0.430
1789402101,400301111,344.720,robot_0_carried_generic_box,-1.713,0.447
1789402101,400337243,344.720,robot_1_carried_generic_box,1.433,-3.083
1789402101,614379500,344.934,robot_2,0.833,0.292
1789402101,614475897,344.934,robot_1,1.443,-3.119
1789402101,614524033,344.934,robot_0,-1.627,0.421
1789402101,614572616,344.934,robot_0_carried_generic_box,-1.685,0.438
1789402101,618690122,344.938,robot_1_carried_generic_box,1.440,-3.110
1789402101,846682499,345.166,robot_2,0.800,0.307
1789402101,846773222,345.166,robot_1,1.443,-3.119
1789402101,846821833,345.166,robot_0,-1.593,0.410
1789402101,846869003,345.166,robot_0_carried_generic_box,-1.641,0.425
1789402101,846905401,345.166,robot_1_carried_generic_box,1.443,-3.119
1789402102,88438168,345.408,robot_2,0.770,0.321
1789402102,88532946,345.408,robot_1,1.443,-3.119
1789402102,88578997,345.408,robot_0,-1.561,0.401
1789402102,88633172,345.408,robot_0_carried_generic_box,-1.618,0.418
1789402102,88668453,345.408,robot_1_carried_generic_box,1.443,-3.119
1789402102,311905181,345.631,robot_2,0.737,0.336
1789402102,311993963,345.631,robot_1,1.443,-3.119
1789402102,312042590,345.631,robot_0,-1.526,0.391
1789402102,312095410,345.631,robot_0_carried_generic_box,-1.575,0.405
1789402102,312131054,345.631,robot_1_carried_generic_box,1.443,-3.119
1789402102,547418578,345.867,robot_2,0.702,0.352
1789402102,547516646,345.867,robot_1,1.442,-3.119
1789402102,547564289,345.867,robot_0,-1.493,0.380
1789402102,554291290,345.874,robot_0_carried_generic_box,-1.549,0.398
1789402102,554402978,345.874,robot_1_carried_generic_box,1.443,-3.119
1789402102,781301286,346.101,robot_2,0.669,0.367
1789402102,781390520,346.101,robot_1,1.442,-3.119
1789402102,781430869,346.101,robot_0,-1.487,0.379
1789402102,781473442,346.101,robot_0_carried_generic_box,-1.503,0.384
1789402102,781509998,346.101,robot_1_carried_generic_box,1.442,-3.119
1789402102,980803153,346.300,robot_2,0.639,0.380
1789402102,980882762,346.300,robot_1,1.442,-3.119
1789402102,980934692,346.300,robot_0,-1.487,0.379
1789402102,980983221,346.300,robot_0_carried_generic_box,-1.487,0.379
1789402102,981020645,346.300,robot_1_carried_generic_box,1.442,-3.119
1789402103,191643467,346.511,robot_2,0.614,0.391
1789402103,191728503,346.511,robot_1,1.442,-3.119
1789402103,191780985,346.511,robot_0,-1.487,0.379
1789402103,191828380,346.511,robot_0_carried_generic_box,-1.487,0.379
1789402103,191871945,346.511,robot_1_carried_generic_box,1.442,-3.119
1789402103,396404858,346.716,robot_2,0.582,0.406
1789402103,396478072,346.716,robot_1,1.442,-3.120
1789402103,396522890,346.716,robot_0,-1.487,0.378
1789402103,396568352,346.716,robot_0_carried_generic_box,-1.487,0.379
1789402103,396612797,346.716,robot_1_carried_generic_box,1.442,-3.119
1789402103,616502563,346.936,robot_2,0.552,0.420
1789402103,616581202,346.936,robot_1,1.442,-3.120
1789402103,616638950,346.936,robot_0,-1.487,0.378
1789402103,616683436,346.936,robot_0_carried_generic_box,-1.487,0.378
1789402103,616712182,346.936,robot_1_carried_generic_box,1.442,-3.119
1789402103,818500906,347.138,robot_2,0.519,0.435
1789402103,818583805,347.163,robot_1,1.441,-3.120
1789402103,843658513,347.163,robot_0,-1.487,0.378
1789402103,843748111,347.163,robot_0_carried_generic_box,-1.487,0.378
1789402103,843794353,347.163,robot_1_carried_generic_box,1.442,-3.120
1789402104,49706906,347.369,robot_2,0.494,0.446
1789402104,49785884,347.369,robot_1,1.441,-3.120
1789402104,49835709,347.369,robot_0,-1.487,0.378
1789402104,52101296,347.371,robot_0_carried_generic_box,-1.487,0.378
1789402104,52196563,347.371,robot_1_carried_generic_box,1.441,-3.120
1789402104,272154995,347.591,robot_2,0.470,0.457
1789402104,272268033,347.592,robot_1,1.441,-3.120
1789402104,272332466,347.592,robot_0,-1.487,0.377
1789402104,272394545,347.592,robot_0_carried_generic_box,-1.487,0.378
1789402104,272442501,347.592,robot_1_carried_generic_box,1.441,-3.120
1789402104,472118171,347.791,robot_2,0.442,0.469
1789402104,472198911,347.791,robot_1,1.441,-3.121
1789402104,472247874,347.792,robot_0,-1.487,0.377
1789402104,472296814,347.792,robot_0_carried_generic_box,-1.487,0.378
1789402104,472334489,347.792,robot_1_carried_generic_box,1.441,-3.120
1789402104,682723459,348.002,robot_2,0.415,0.482
1789402104,682818211,348.002,robot_1,1.441,-3.121
1789402104,682870498,348.002,robot_0,-1.487,0.377
1789402104,684028884,348.003,robot_0_carried_generic_box,-1.487,0.377
1789402104,684129120,348.003,robot_1_carried_generic_box,1.441,-3.121
1789402104,896792125,348.216,robot_2,0.390,0.493
1789402104,896875019,348.216,robot_1,1.441,-3.121
1789402104,896925267,348.216,robot_0,-1.487,0.377
1789402104,896978840,348.216,robot_0_carried_generic_box,-1.487,0.377
1789402104,897023981,348.216,robot_1_carried_generic_box,1.441,-3.121
1789402105,108024871,348.427,robot_2,0.366,0.504
1789402105,108106575,348.427,robot_1,1.441,-3.121
1789402105,108150230,348.427,robot_0,-1.487,0.377
1789402105,108193936,348.427,robot_0_carried_generic_box,-1.487,0.377
1789402105,108226128,348.427,robot_1_carried_generic_box,1.441,-3.121
1789402105,310092902,348.629,robot_2,0.347,0.513
1789402105,310221267,348.629,robot_1,1.441,-3.121
1789402105,310263927,348.630,robot_0,-1.487,0.377
1789402105,310311045,348.630,robot_0_carried_generic_box,-1.487,0.377
1789402105,310347200,348.630,robot_1_carried_generic_box,1.441,-3.121
1789402105,510495641,348.830,robot_2,0.322,0.524
1789402105,510610805,348.830,robot_1,1.441,-3.122
1789402105,510673948,348.830,robot_0,-1.486,0.376
1789402105,510734570,348.830,robot_0_carried_generic_box,-1.487,0.377
1789402105,510787417,348.830,robot_1_carried_generic_box,1.441,-3.121
1789402105,723689201,349.043,robot_2,0.295,0.536
1789402105,723783385,349.043,robot_1,1.443,-3.121
1789402105,723837982,349.043,robot_0,-1.486,0.376
1789402105,723892974,349.043,robot_0_carried_generic_box,-1.487,0.376
1789402105,723936107,349.043,robot_1_carried_generic_box,1.441,-3.122
1789402105,951305797,349.271,robot_2,0.265,0.550
1789402105,951395831,349.271,robot_1,1.466,-3.115
1789402105,951448946,349.271,robot_0,-1.486,0.376
1789402105,951502356,349.271,robot_0_carried_generic_box,-1.486,0.376
1789402105,951544477,349.271,robot_1_carried_generic_box,1.441,-3.122
1789402106,154075542,349.473,robot_2,0.240,0.561
1789402106,154183070,349.473,robot_1,1.492,-3.107
1789402106,154226526,349.473,robot_0,-1.486,0.376
1789402106,154270345,349.474,robot_0_carried_generic_box,-1.486,0.376
1789402106,154306267,349.474,robot_1_carried_generic_box,1.450,-3.119
1789402106,407579439,349.727,robot_2,0.210,0.574
1789402106,407682028,349.727,robot_1,1.523,-3.098
1789402106,407729498,349.727,robot_0,-1.486,0.376
1789402106,407781784,349.727,robot_0_carried_generic_box,-1.486,0.376
1789402106,407820784,349.727,robot_1_carried_generic_box,1.469,-3.114
1789402106,625694631,349.945,robot_2,0.197,0.580
1789402106,625800206,349.945,robot_1,1.552,-3.089
1789402106,625855702,349.945,robot_0,-1.485,0.378
1789402106,625917860,349.945,robot_0_carried_generic_box,-1.486,0.376
1789402106,625964224,349.945,robot_1_carried_generic_box,1.506,-3.103
1789402106,828069536,350.147,robot_2,0.197,0.580
1789402106,828151908,350.147,robot_1,1.581,-3.081
1789402106,828189254,350.147,robot_0,-1.478,0.399
1789402106,828229036,350.147,robot_0_carried_generic_box,-1.486,0.376
1789402106,828262514,350.148,robot_1_carried_generic_box,1.532,-3.095
1789402107,45508834,350.365,robot_2,0.197,0.580
1789402107,45614069,350.365,robot_1,1.607,-3.073
1789402107,45661833,350.365,robot_0,-1.471,0.425
1789402107,45705505,350.365,robot_0_carried_generic_box,-1.484,0.380
1789402107,45738153,350.365,robot_1_carried_generic_box,1.561,-3.087
1789402107,259082886,350.578,robot_2,0.197,0.581
1789402107,259159347,350.578,robot_1,1.625,-3.067
1789402107,259204357,350.578,robot_0,-1.464,0.457
1789402107,259247488,350.579,robot_0_carried_generic_box,-1.478,0.399
1789402107,259279709,350.579,robot_1_carried_generic_box,1.584,-3.080
1789402107,485807663,350.805,robot_2,0.197,0.581
1789402107,485906222,350.805,robot_1,1.628,-3.067
1789402107,485963777,350.805,robot_0,-1.457,0.486
1789402107,486018749,350.805,robot_0_carried_generic_box,-1.469,0.434
1789402107,486063443,350.805,robot_1_carried_generic_box,1.604,-3.074
1789402107,689256780,351.009,robot_2,0.197,0.581
1789402107,689342274,351.009,robot_1,1.647,-3.062
1789402107,689391825,351.009,robot_0,-1.451,0.513
1789402107,689436199,351.009,robot_0_carried_generic_box,-1.464,0.457
1789402107,689468253,351.009,robot_1_carried_generic_box,1.626,-3.067
1789402107,904260315,351.224,robot_2,0.197,0.581
1789402107,904358485,351.224,robot_1,1.665,-3.058
1789402107,904407162,351.224,robot_0,-1.444,0.542
1789402107,904453624,351.224,robot_0_carried_generic_box,-1.456,0.489
1789402107,904488344,351.224,robot_1_carried_generic_box,1.634,-3.065
1789402108,105524737,351.425,robot_2,0.197,0.581
1789402108,105626603,351.425,robot_1,1.694,-3.052
1789402108,105685423,351.425,robot_0,-1.437,0.571
1789402108,105735930,351.425,robot_0_carried_generic_box,-1.448,0.527
1789402108,105777157,351.425,robot_1_carried_generic_box,1.657,-3.060
1789402108,330495841,351.650,robot_2,0.197,0.582
1789402108,330582664,351.659,robot_1,1.732,-3.045
1789402108,340164830,351.659,robot_0,-1.429,0.609
1789402108,340242154,351.660,robot_0_carried_generic_box,-1.443,0.545
1789402108,340290267,351.660,robot_1_carried_generic_box,1.679,-3.055
1789402108,542987085,351.862,robot_2,0.197,0.582
1789402108,543071817,351.862,robot_1,1.756,-3.041
1789402108,543119479,351.862,robot_0,-1.423,0.632
1789402108,543167364,351.862,robot_0_carried_generic_box,-1.434,0.586
1789402108,543202894,351.862,robot_1_carried_generic_box,1.708,-3.050
1789402108,750405732,352.070,robot_2,0.197,0.582
1789402108,750495659,352.070,robot_1,1.786,-3.035
1789402108,750553875,352.070,robot_0,-1.416,0.665
1789402108,756025491,352.075,robot_0_carried_generic_box,-1.428,0.612
1789402108,756104300,352.075,robot_1_carried_generic_box,1.732,-3.045
1789402108,982271794,352.302,robot_2,0.197,0.582
1789402108,982362183,352.302,robot_1,1.805,-3.032
1789402108,982414716,352.302,robot_0,-1.406,0.705
1789402108,982463666,352.302,robot_0_carried_generic_box,-1.423,0.635
1789402108,982501031,352.302,robot_1_carried_generic_box,1.759,-3.040
1789402109,216938473,352.536,robot_2,0.197,0.582
1789402109,217021079,352.536,robot_1,1.837,-3.027
1789402109,217074872,352.536,robot_0,-1.399,0.738
1789402109,217125865,352.536,robot_0_carried_generic_box,-1.410,0.691
1789402109,217163235,352.536,robot_1_carried_generic_box,1.803,-3.032
1789402109,423427257,352.743,robot_2,0.197,0.583
1789402109,423511772,352.743,robot_1,1.864,-3.023
1789402109,423574959,352.743,robot_0,-1.393,0.764
1789402109,423626047,352.743,robot_0_carried_generic_box,-1.403,0.720
1789402109,423655333,352.743,robot_1_carried_generic_box,1.820,-3.030
1789402109,643507845,352.963,robot_2,0.197,0.583
1789402109,643626158,352.963,robot_1,1.887,-3.019
1789402109,643697807,352.963,robot_0,-1.386,0.793
1789402109,643757114,352.963,robot_0_carried_generic_box,-1.397,0.746
1789402109,643806876,352.963,robot_1_carried_generic_box,1.843,-3.026
1789402109,867866172,353.187,robot_2,0.196,0.583
1789402109,867969693,353.187,robot_1,1.890,-3.019
1789402109,868032513,353.187,robot_0,-1.378,0.828
1789402109,868090424,353.187,robot_0_carried_generic_box,-1.392,0.767
1789402109,868135755,353.187,robot_1_carried_generic_box,1.873,-3.021
1789402110,88808481,353.408,robot_2,0.196,0.583
1789402110,88912550,353.408,robot_1,1.890,-3.019
1789402110,88962073,353.408,robot_0,-1.370,0.863
1789402110,89004561,353.408,robot_0_carried_generic_box,-1.380,0.822
1789402110,89033665,353.408,robot_1_carried_generic_box,1.890,-3.019
1789402110,291255654,353.611,robot_2,0.196,0.583
1789402110,291343242,353.611,robot_1,1.890,-3.018
1789402110,291401453,353.611,robot_0,-1.363,0.893
1789402110,291454368,353.611,robot_0_carried_generic_box,-1.372,0.855
1789402110,291498642,353.611,robot_1_carried_generic_box,1.890,-3.019
1789402110,499800109,353.819,robot_2,0.196,0.583
1789402110,499900448,353.819,robot_1,1.890,-3.018
1789402110,499964969,353.819,robot_0,-1.359,0.913
1789402110,500027619,353.819,robot_0_carried_generic_box,-1.370,0.863
1789402110,502713404,353.822,robot_1_carried_generic_box,1.890,-3.019
1789402110,702159634,354.021,robot_2,0.196,0.583
1789402110,702257579,354.022,robot_1,1.905,-3.021
1789402110,702318567,354.022,robot_0,-1.351,0.945
1789402110,702404326,354.022,robot_0_carried_generic_box,-1.362,0.898
1789402110,702443307,354.022,robot_1_carried_generic_box,1.890,-3.018
1789402110,907373292,354.227,robot_2,0.191,0.566
1789402110,907466569,354.227,robot_1,1.939,-3.028
1789402110,907527541,354.227,robot_0,-1.343,0.980
1789402110,907593199,354.243,robot_0_carried_generic_box,-1.355,0.931
1789402110,923794891,354.243,robot_1_carried_generic_box,1.895,-3.019
1789402111,108579146,354.428,robot_2,0.184,0.541
1789402111,108670567,354.428,robot_1,1.959,-3.034
1789402111,108720347,354.428,robot_0,-1.337,1.007
1789402111,108779640,354.428,robot_0_carried_generic_box,-1.348,0.960
1789402111,108823120,354.428,robot_1_carried_generic_box,1.924,-3.025
1789402111,325166638,354.644,robot_2,0.178,0.511
1789402111,325239862,354.645,robot_1,1.962,-3.034
1789402111,325286056,354.645,robot_0,-1.330,1.036
1789402111,325329109,354.645,robot_0_carried_generic_box,-1.340,0.992
1789402111,325363527,354.645,robot_1_carried_generic_box,1.952,-3.032
1789402111,536449923,354.856,robot_2,0.173,0.485
1789402111,536537233,354.856,robot_1,1.969,-3.037
1789402111,536592255,354.870,robot_0,-1.324,1.062
1789402111,550815140,354.870,robot_0_carried_generic_box,-1.335,1.015
1789402111,550880508,354.870,robot_1_carried_generic_box,1.961,-3.034
1789402111,769115457,355.088,robot_2,0.167,0.452
1789402111,769210793,355.088,robot_1,1.998,-3.050
1789402111,769269832,355.089,robot_0,-1.317,1.094
1789402111,769331187,355.089,robot_0_carried_generic_box,-1.326,1.056
1789402111,769380895,355.089,robot_1_carried_generic_box,1.962,-3.034
1789402111,985873594,355.305,robot_2,0.161,0.420
1789402111,985960003,355.305,robot_1,2.025,-3.063
1789402111,986016123,355.305,robot_0,-1.309,1.126
1789402111,986078095,355.305,robot_0_carried_generic_box,-1.320,1.083
1789402111,986131596,355.305,robot_1_carried_generic_box,1.976,-3.040
1789402112,202319705,355.522,robot_2,0.155,0.387
1789402112,202403145,355.522,robot_1,2.032,-3.066
1789402112,202446667,355.522,robot_0,-1.302,1.159
1789402112,202492818,355.522,robot_0_carried_generic_box,-1.314,1.109
1789402112,202526874,355.522,robot_1_carried_generic_box,2.014,-3.057
1789402112,421189568,355.740,robot_2,0.151,0.361
1789402112,421283583,355.741,robot_1,2.038,-3.069
1789402112,421343483,355.741,robot_0,-1.296,1.185
1789402112,421401999,355.741,robot_0_carried_generic_box,-1.307,1.135
1789402112,421448333,355.741,robot_1_carried_generic_box,2.030,-3.065
1789402112,639198016,355.958,robot_2,0.146,0.334
1789402112,639305621,355.959,robot_1,2.057,-3.081
1789402112,639357631,355.959,robot_0,-1.290,1.211
1789402112,639412183,355.959,robot_0_carried_generic_box,-1.301,1.162
1789402112,639459579,355.959,robot_1_carried_generic_box,2.032,-3.066
1789402112,853008169,356.172,robot_2,0.138,0.293
1789402112,853105389,356.172,robot_1,2.066,-3.086
1789402112,853167229,356.172,robot_0,-1.281,1.252
1789402112,853223898,356.172,robot_0_carried_generic_box,-1.293,1.200
1789402112,853264574,356.173,robot_1_carried_generic_box,2.036,-3.069
1789402113,78439757,356.399,robot_2,0.132,0.257
1789402113,79490377,356.399,robot_1,2.066,-3.086
1789402113,79555936,356.399,robot_0,-1.272,1.287
1789402113,79616676,356.399,robot_0_carried_generic_box,-1.284,1.238
1789402113,79658328,356.399,robot_1_carried_generic_box,2.065,-3.085
1789402113,298262437,356.618,robot_2,0.125,0.219
1789402113,298346170,356.618,robot_1,2.066,-3.086
1789402113,308790705,356.628,robot_0,-1.264,1.325
1789402113,308889519,356.628,robot_0_carried_generic_box,-1.277,1.267
1789402113,308936692,356.628,robot_1_carried_generic_box,2.066,-3.086
1789402113,507235854,356.827,robot_2,0.119,0.184
1789402113,507320100,356.827,robot_1,2.066,-3.086
1789402113,507365400,356.827,robot_0,-1.256,1.360
1789402113,513632653,356.833,robot_0_carried_generic_box,-1.267,1.311
1789402113,513736528,356.833,robot_1_carried_generic_box,2.066,-3.086
1789402113,717256632,357.037,robot_2,0.113,0.154
1789402113,717337017,357.037,robot_1,2.066,-3.086
1789402113,717379457,357.037,robot_0,-1.249,1.390
1789402113,717419911,357.037,robot_0_carried_generic_box,-1.261,1.337
1789402113,717453847,357.037,robot_1_carried_generic_box,2.066,-3.086
1789402113,920008521,357.239,robot_2,0.107,0.119
1789402113,920093985,357.239,robot_1,2.066,-3.086
1789402113,920137555,357.239,robot_0,-1.241,1.425
1789402113,920179781,357.239,robot_0_carried_generic_box,-1.254,1.366
1789402113,920212531,357.239,robot_1_carried_generic_box,2.066,-3.086
1789402114,147639214,357.472,robot_2,0.100,0.083
1789402114,152846931,357.472,robot_1,2.066,-3.086
1789402114,152934745,357.472,robot_0,-1.233,1.460
1789402114,152993912,357.472,robot_0_carried_generic_box,-1.246,1.404
1789402114,153033426,357.472,robot_1_carried_generic_box,2.066,-3.086
1789402114,358628484,357.678,robot_2,0.096,0.057
1789402114,358718488,357.678,robot_1,2.066,-3.087
1789402114,358772934,357.678,robot_0,-1.227,1.486
1789402114,358824085,357.678,robot_0_carried_generic_box,-1.238,1.436
1789402114,358864334,357.678,robot_1_carried_generic_box,2.066,-3.086
1789402114,579534367,357.899,robot_2,0.089,0.021
1789402114,579629795,357.899,robot_1,2.066,-3.087
1789402114,579679618,357.899,robot_0,-1.219,1.521
1789402114,579725119,357.899,robot_0_carried_generic_box,-1.233,1.457
1789402114,579762933,357.899,robot_1_carried_generic_box,2.066,-3.086
1789402114,784437177,358.104,robot_2,0.083,-0.014
1789402114,784517163,358.104,robot_1,2.066,-3.087
1789402114,784558955,358.104,robot_0,-1.211,1.556
1789402114,800115681,358.119,robot_0_carried_generic_box,-1.222,1.507
1789402114,800243918,358.120,robot_1_carried_generic_box,2.066,-3.087
1789402114,995730353,358.315,robot_2,0.077,-0.047
1789402114,995828030,358.315,robot_1,2.066,-3.087
1789402114,995879273,358.315,robot_0,-1.203,1.588
1789402114,995921923,358.315,robot_0_carried_generic_box,-1.214,1.542
1789402114,995953322,358.315,robot_1_carried_generic_box,2.066,-3.087
1789402115,223543279,358.543,robot_2,0.070,-0.082
1789402115,223633098,358.543,robot_1,2.066,-3.088
1789402115,223676605,358.543,robot_0,-1.195,1.623
1789402115,223721436,358.543,robot_0_carried_generic_box,-1.208,1.568
1789402115,223758456,358.543,robot_1_carried_generic_box,2.066,-3.087
1789402115,439237534,358.759,robot_2,0.065,-0.112
1789402115,439331290,358.759,robot_1,2.066,-3.088
1789402115,439378525,358.759,robot_0,-1.188,1.653
1789402115,439460025,358.759,robot_0_carried_generic_box,-1.200,1.603
1789402115,439495681,358.759,robot_1_carried_generic_box,2.066,-3.087
1789402115,649617796,358.969,robot_2,0.057,-0.156
1789402115,649718142,358.969,robot_1,2.066,-3.088
1789402115,649773887,358.969,robot_0,-1.178,1.697
1789402115,649864328,358.969,robot_0_carried_generic_box,-1.193,1.632
1789402115,649907374,358.969,robot_1_carried_generic_box,2.066,-3.088
1789402115,855136939,359.174,robot_2,0.050,-0.194
1789402115,855224502,359.174,robot_1,2.066,-3.088
1789402115,855274665,359.175,robot_0,-1.169,1.735
1789402115,855332776,359.175,robot_0_carried_generic_box,-1.185,1.667
1789402115,855381042,359.175,robot_1_carried_generic_box,2.066,-3.088
1789402116,64151310,359.383,robot_2,0.044,-0.230
1789402116,64243330,359.384,robot_1,2.066,-3.089
1789402116,64296362,359.384,robot_0,-1.161,1.770
1789402116,64349656,359.384,robot_0_carried_generic_box,-1.174,1.714
1789402116,64394181,359.384,robot_1_carried_generic_box,2.066,-3.088
1789402116,291950968,359.611,robot_2,0.038,-0.262
1789402116,292053733,359.611,robot_1,2.066,-3.089
1789402116,292099798,359.611,robot_0,-1.154,1.802
1789402116,292145844,359.611,robot_0_carried_generic_box,-1.166,1.749
1789402116,292187560,359.611,robot_1_carried_generic_box,2.066,-3.089
1789402116,503197793,359.822,robot_2,0.031,-0.298
1789402116,503281597,359.823,robot_1,2.067,-3.089
1789402116,503338076,359.823,robot_0,-1.146,1.837
1789402116,503396240,359.823,robot_0_carried_generic_box,-1.158,1.784
1789402116,503444916,359.823,robot_1_carried_generic_box,2.066,-3.089
1789402116,746433123,360.066,robot_2,0.025,-0.333
1789402116,746537073,360.066,robot_1,2.067,-3.089
1789402116,747708150,360.067,robot_0,-1.138,1.872
1789402116,747846112,360.067,robot_0_carried_generic_box,-1.152,1.811
1789402116,747899039,360.067,robot_1_carried_generic_box,2.066,-3.089
1789402116,953171577,360.272,robot_2,0.019,-0.366
1789402116,953252257,360.273,robot_1,2.060,-3.100
1789402116,953298372,360.273,robot_0,-1.130,1.904
1789402116,953348708,360.273,robot_0_carried_generic_box,-1.145,1.840
1789402116,953386768,360.273,robot_1_carried_generic_box,2.067,-3.089
1789402117,174173547,360.493,robot_2,0.013,-0.398
1789402117,174261492,360.494,robot_1,2.048,-3.118
1789402117,174319881,360.494,robot_0,-1.123,1.936
1789402117,174379932,360.494,robot_0_carried_generic_box,-1.132,1.895
1789402117,174429474,360.494,robot_1_carried_generic_box,2.066,-3.090
1789402117,383318578,360.703,robot_2,0.006,-0.436
1789402117,383398284,360.703,robot_1,2.034,-3.140
1789402117,383443289,360.703,robot_0,-1.114,1.974
1789402117,383495439,360.703,robot_0_carried_generic_box,-1.128,1.913
1789402117,383533000,360.703,robot_1_carried_generic_box,2.058,-3.103
1789402117,584930291,360.904,robot_2,-0.000,-0.472
1789402117,585014774,360.904,robot_1,2.026,-3.153
1789402117,585067029,360.904,robot_0,-1.106,2.009
1789402117,585120736,360.904,robot_0_carried_generic_box,-1.117,1.963
1789402117,585167203,360.904,robot_1_carried_generic_box,2.046,-3.122
1789402117,802264444,361.122,robot_2,-0.007,-0.507
1789402117,802350043,361.122,robot_1,2.026,-3.153
1789402117,802406357,361.122,robot_0,-1.098,2.044
1789402117,802459169,361.122,robot_0_carried_generic_box,-1.110,1.992
1789402117,802503930,361.122,robot_1_carried_generic_box,2.032,-3.144
1789402118,31712632,361.351,robot_2,-0.012,-0.540
1789402118,31797760,361.351,robot_1,2.026,-3.153
1789402118,31842450,361.351,robot_0,-1.091,2.077
1789402118,31885999,361.351,robot_0_carried_generic_box,-1.103,2.024
1789402118,31918281,361.351,robot_1_carried_generic_box,2.026,-3.153
1789402118,249592747,361.569,robot_2,-0.020,-0.581
1789402118,249694518,361.569,robot_1,2.026,-3.153
1789402118,249744569,361.569,robot_0,-1.081,2.118
1789402118,249797784,361.569,robot_0_carried_generic_box,-1.097,2.050
1789402118,249834282,361.569,robot_1_carried_generic_box,2.026,-3.153
1789402118,458754253,361.778,robot_2,-0.027,-0.622
1789402118,458837326,361.778,robot_1,2.027,-3.153
1789402118,458880818,361.778,robot_0,-1.077,2.134
1789402118,458929649,361.778,robot_0_carried_generic_box,-1.087,2.094
1789402118,458974511,361.778,robot_1_carried_generic_box,2.026,-3.153
1789402118,667144659,361.986,robot_2,-0.034,-0.661
1789402118,667241172,361.987,robot_1,2.027,-3.153
1789402118,667293617,361.987,robot_0,-1.078,2.134
1789402118,667352796,361.987,robot_0_carried_generic_box,-1.080,2.123
1789402118,667395733,361.987,robot_1_carried_generic_box,2.027,-3.153
1789402118,891925150,362.211,robot_2,-0.040,-0.690
1789402118,892001795,362.211,robot_1,2.027,-3.153
1789402118,892036896,362.211,robot_0,-1.078,2.134
1789402118,892076346,362.211,robot_0_carried_generic_box,-1.078,2.134
1789402118,892106417,362.211,robot_1_carried_generic_box,2.027,-3.153
1789402119,103294083,362.423,robot_2,-0.047,-0.729
1789402119,103375598,362.423,robot_1,2.028,-3.153
1789402119,103416091,362.423,robot_0,-1.078,2.134
1789402119,103456095,362.423,robot_0_carried_generic_box,-1.078,2.134
1789402119,103491716,362.423,robot_1_carried_generic_box,2.027,-3.153
1789402119,312281334,362.632,robot_2,-0.053,-0.764
1789402119,312365838,362.632,robot_1,2.028,-3.153
1789402119,312408882,362.632,robot_0,-1.077,2.134
1789402119,312456863,362.632,robot_0_carried_generic_box,-1.078,2.134
1789402119,312494720,362.632,robot_1_carried_generic_box,2.027,-3.153
1789402119,529366228,362.849,robot_2,-0.060,-0.799
1789402119,529466516,362.849,robot_1,2.028,-3.153
1789402119,529513960,362.849,robot_0,-1.077,2.134
1789402119,529562646,362.849,robot_0_carried_generic_box,-1.077,2.134
1789402119,529606525,362.849,robot_1_carried_generic_box,2.028,-3.153
1789402119,767711909,363.087,robot_2,-0.065,-0.832
1789402119,767803345,363.087,robot_1,2.022,-3.142
1789402119,767856623,363.087,robot_0,-1.077,2.134
1789402119,767906181,363.087,robot_0_carried_generic_box,-1.077,2.134
1789402119,767941598,363.087,robot_1_carried_generic_box,2.028,-3.153
1789402119,980881585,363.300,robot_2,-0.073,-0.873
1789402119,980970942,363.300,robot_1,2.004,-3.113
1789402119,981012432,363.300,robot_0,-1.077,2.134
1789402119,981057080,363.300,robot_0_carried_generic_box,-1.077,2.134
1789402119,981092260,363.300,robot_1_carried_generic_box,2.028,-3.152
1789402120,193956946,363.513,robot_2,-0.081,-0.918
1789402120,194043183,363.513,robot_1,1.987,-3.089
1789402120,194084992,363.513,robot_0,-1.076,2.134
1789402120,194131462,363.513,robot_0_carried_generic_box,-1.077,2.134
1789402120,194170169,363.513,robot_1_carried_generic_box,2.010,-3.123
1789402120,422389478,363.742,robot_2,-0.087,-0.953
1789402120,422477875,363.742,robot_1,1.973,-3.069
1789402120,422522197,363.742,robot_0,-1.076,2.134
1789402120,422567237,363.742,robot_0_carried_generic_box,-1.076,2.134
1789402120,437324339,363.757,robot_1_carried_generic_box,1.994,-3.098
1789402120,652358587,363.973,robot_2,-0.093,-0.985
1789402120,654056500,363.973,robot_1,1.959,-3.052
1789402120,654133925,363.973,robot_0,-1.076,2.135
1789402120,654201614,363.973,robot_0_carried_generic_box,-1.076,2.134
1789402120,654252723,363.974,robot_1_carried_generic_box,1.982,-3.082
1789402120,855856523,364.175,robot_2,-0.101,-1.027
1789402120,855939784,364.175,robot_1,1.943,-3.029
1789402120,866485694,364.186,robot_0,-1.076,2.135
1789402120,866647252,364.186,robot_0_carried_generic_box,-1.076,2.134
1789402120,866705597,364.186,robot_1_carried_generic_box,1.970,-3.066
1789402121,70053291,364.389,robot_2,-0.108,-1.068
1789402121,70147166,364.389,robot_1,1.925,-3.006
1789402121,70203376,364.389,robot_0,-1.075,2.135
1789402121,70260305,364.390,robot_0_carried_generic_box,-1.076,2.135
1789402121,70308302,364.390,robot_1_carried_generic_box,1.947,-3.036
1789402121,290671017,364.610,robot_2,-0.115,-1.106
1789402121,290752544,364.610,robot_1,1.902,-2.975
1789402121,290796275,364.610,robot_0,-1.075,2.135
1789402121,290841437,364.610,robot_0_carried_generic_box,-1.075,2.135
1789402121,290877420,364.610,robot_1_carried_generic_box,1.939,-3.025
1789402121,511469816,364.831,robot_2,-0.120,-1.136
1789402121,511566932,364.831,robot_1,1.884,-2.952
1789402121,511631607,364.831,robot_0,-1.075,2.135
1789402121,511684915,364.831,robot_0_carried_generic_box,-1.075,2.135
1789402121,511732953,364.831,robot_1_carried_generic_box,1.911,-2.987
1789402121,734294720,365.054,robot_2,-0.129,-1.180
1789402121,734378581,365.054,robot_1,1.863,-2.924
1789402121,734432226,365.054,robot_0,-1.075,2.136
1789402121,734487844,365.062,robot_0_carried_generic_box,-1.075,2.135
1789402121,742494479,365.062,robot_1_carried_generic_box,1.895,-2.966
1789402121,943833464,365.263,robot_2,-0.135,-1.219
1789402121,943932650,365.263,robot_1,1.846,-2.900
1789402121,943978142,365.263,robot_0,-1.075,2.136
1789402121,944028544,365.263,robot_0_carried_generic_box,-1.075,2.135
1789402121,944070090,365.263,robot_1_carried_generic_box,1.875,-2.940
1789402122,173286810,365.493,robot_2,-0.142,-1.257
1789402122,173360964,365.493,robot_1,1.823,-2.868
1789402122,173402367,365.493,robot_0,-1.075,2.136
1789402122,173449260,365.493,robot_0_carried_generic_box,-1.075,2.136
1789402122,173489197,365.493,robot_1_carried_generic_box,1.858,-2.917
1789402122,381134410,365.700,robot_2,-0.148,-1.287
1789402122,381221370,365.700,robot_1,1.806,-2.844
1789402122,381269113,365.701,robot_0,-1.075,2.136
1789402122,381320830,365.701,robot_0_carried_generic_box,-1.075,2.136
1789402122,381379416,365.701,robot_1_carried_generic_box,1.840,-2.893
1789402122,590043912,365.909,robot_2,-0.154,-1.322
1789402122,590134447,365.909,robot_1,1.785,-2.814
1789402122,590177866,365.909,robot_0,-1.058,2.135
1789402122,590229274,365.909,robot_0_carried_generic_box,-1.075,2.136
1789402122,590269516,365.910,robot_1_carried_generic_box,1.811,-2.851
1789402122,836015310,366.155,robot_2,-0.161,-1.357
1789402122,836111672,366.155,robot_1,1.764,-2.785
1789402122,836166392,366.155,robot_0,-1.034,2.133
1789402122,836221313,366.155,robot_0_carried_generic_box,-1.072,2.136
1789402122,836267671,366.156,robot_1_carried_generic_box,1.797,-2.832
1789402123,40023900,366.359,robot_2,-0.166,-1.390
1789402123,40111241,366.359,robot_1,1.750,-2.765
1789402123,40157857,366.359,robot_0,-1.014,2.132
1789402123,40211747,366.359,robot_0_carried_generic_box,-1.054,2.135
1789402123,40252680,366.360,robot_1_carried_generic_box,1.780,-2.807
1789402123,253870797,366.573,robot_2,-0.172,-1.422
1789402123,253959100,366.573,robot_1,1.737,-2.747
1789402123,254040227,366.573,robot_0,-1.011,2.132
1789402123,254092573,366.573,robot_0_carried_generic_box,-1.028,2.133
1789402123,254132433,366.573,robot_1_carried_generic_box,1.759,-2.778
1789402123,455860865,366.775,robot_2,-0.178,-1.455
1789402123,455964725,366.775,robot_1,1.725,-2.729
1789402123,456024116,366.775,robot_0,-1.011,2.132
1789402123,456085781,366.775,robot_0_carried_generic_box,-1.012,2.132
1789402123,456136278,366.775,robot_1_carried_generic_box,1.748,-2.762
1789402123,688884510,367.008,robot_2,-0.186,-1.496
1789402123,688957688,367.008,robot_1,1.703,-2.695
1789402123,689001239,367.008,robot_0,-1.011,2.132
1789402123,689051006,367.008,robot_0_carried_generic_box,-1.011,2.132
1789402123,689087202,367.008,robot_1_carried_generic_box,1.731,-2.737
1789402123,893838000,367.213,robot_2,-0.192,-1.532
1789402123,893919332,367.220,robot_1,1.684,-2.665
1789402123,900589886,367.225,robot_0,-1.011,2.132
1789402123,905517302,367.225,robot_0_carried_generic_box,-1.011,2.132
1789402123,905590646,367.225,robot_1_carried_generic_box,1.716,-2.715
1789402124,117077076,367.436,robot_2,-0.199,-1.567
1789402124,117171293,367.436,robot_1,1.671,-2.645
1789402124,117229990,367.436,robot_0,-1.011,2.133
1789402124,117296433,367.437,robot_0_carried_generic_box,-1.011,2.132
1789402124,117347885,367.437,robot_1_carried_generic_box,1.688,-2.672
1789402124,318192691,367.637,robot_2,-0.205,-1.602
1789402124,318276676,367.638,robot_1,1.658,-2.624
1789402124,318330230,367.638,robot_0,-1.011,2.133
1789402124,318388960,367.638,robot_0_carried_generic_box,-1.011,2.132
1789402124,318432648,367.638,robot_1_carried_generic_box,1.678,-2.656
1789402124,518593607,367.850,robot_2,-0.211,-1.635
1789402124,530377415,367.850,robot_1,1.647,-2.606
1789402124,530431934,367.850,robot_0,-1.012,2.133
1789402124,530495582,367.850,robot_0_carried_generic_box,-1.011,2.133
1789402124,530547268,367.850,robot_1_carried_generic_box,1.666,-2.636
1789402124,757236192,368.077,robot_2,-0.218,-1.673
1789402124,757336547,368.077,robot_1,1.631,-2.579
1789402124,757374719,368.077,robot_0,-1.012,2.133
1789402124,757423155,368.077,robot_0_carried_generic_box,-1.011,2.133
1789402124,757460360,368.077,robot_1_carried_generic_box,1.655,-2.619
1789402124,970238722,368.290,robot_2,-0.224,-1.709
1789402124,970310860,368.290,robot_1,1.613,-2.548
1789402124,970338458,368.290,robot_0,-1.012,2.134
1789402124,970376518,368.290,robot_0_carried_generic_box,-1.012,2.133
1789402124,970405260,368.290,robot_1_carried_generic_box,1.640,-2.593
1789402125,183042237,368.505,robot_2,-0.230,-1.738
1789402125,185475704,368.505,robot_1,1.599,-2.522
1789402125,185540984,368.505,robot_0,-1.016,2.129
1789402125,185594186,368.505,robot_0_carried_generic_box,-1.012,2.134
1789402125,185636874,368.505,robot_1_carried_generic_box,1.618,-2.556
1789402125,388881501,368.708,robot_2,-0.236,-1.774
1789402125,388975539,368.708,robot_1,1.586,-2.501
1789402125,389010560,368.708,robot_0,-1.034,2.101
1789402125,389055030,368.708,robot_0_carried_generic_box,-1.013,2.133
1789402125,389089273,368.708,robot_1_carried_generic_box,1.603,-2.530
1789402125,614014019,368.933,robot_2,-0.243,-1.812
1789402125,614096949,368.933,robot_1,1.574,-2.478
1789402125,614140073,368.933,robot_0,-1.055,2.068
1789402125,614189800,368.939,robot_0_carried_generic_box,-1.023,2.119
1789402125,619765096,368.939,robot_1_carried_generic_box,1.597,-2.520
1789402125,826063321,369.145,robot_2,-0.250,-1.853
1789402125,826177125,369.145,robot_1,1.560,-2.453
1789402125,826220039,369.145,robot_0,-1.077,2.032
1789402125,826276908,369.146,robot_0_carried_generic_box,-1.049,2.079
1789402125,826318803,369.146,robot_1_carried_generic_box,1.578,-2.485
1789402126,52956893,369.372,robot_2,-0.256,-1.886
1789402126,53130895,369.372,robot_1,1.550,-2.434
1789402126,53181021,369.372,robot_0,-1.094,2.004
1789402126,53242335,369.373,robot_0_carried_generic_box,-1.063,2.056
1789402126,53293748,369.373,robot_1_carried_generic_box,1.568,-2.467
1789402126,263664518,369.583,robot_2,-0.262,-1.918
1789402126,263748834,369.583,robot_1,1.539,-2.414
1789402126,263788863,369.583,robot_0,-1.111,1.976
1789402126,263835754,369.583,robot_0_carried_generic_box,-1.080,2.027
1789402126,263873942,369.583,robot_1_carried_generic_box,1.558,-2.450
1789402126,473671647,369.793,robot_2,-0.269,-1.954
1789402126,473764770,369.793,robot_1,1.523,-2.383
1789402126,473809905,369.793,robot_0,-1.130,1.945
1789402126,473871276,369.793,robot_0_carried_generic_box,-1.102,1.991
1789402126,473922066,369.793,robot_1_carried_generic_box,1.549,-2.432
1789402126,686264061,370.006,robot_2,-0.274,-1.986
1789402126,686364182,370.006,robot_1,1.507,-2.354
1789402126,686415566,370.006,robot_0,-1.147,1.917
1789402126,686479904,370.006,robot_0_carried_generic_box,-1.125,1.953
1789402126,686534448,370.006,robot_1_carried_generic_box,1.530,-2.397
1789402126,907550571,370.227,robot_2,-0.280,-2.019
1789402126,907652766,370.227,robot_1,1.492,-2.325
1789402126,907700263,370.227,robot_0,-1.164,1.889
1789402126,907762252,370.227,robot_0_carried_generic_box,-1.136,1.935
1789402126,907814532,370.227,robot_1_carried_generic_box,1.520,-2.378
1789402127,122950667,370.442,robot_2,-0.287,-2.057
1789402127,123046127,370.442,robot_1,1.473,-2.291
1789402127,123096444,370.442,robot_0,-1.184,1.855
1789402127,123157941,370.442,robot_0_carried_generic_box,-1.152,1.909
1789402127,123207144,370.442,robot_1_carried_generic_box,1.500,-2.341
1789402127,328137190,370.647,robot_2,-0.294,-2.092
1789402127,331696738,370.651,robot_1,1.461,-2.267
1789402127,331794571,370.651,robot_0,-1.203,1.825
1789402127,331854679,370.651,robot_0_carried_generic_box,-1.169,1.881
1789402127,331903546,370.651,robot_1_carried_generic_box,1.486,-2.315
1789402127,539193217,370.858,robot_2,-0.300,-2.128
1789402127,539277744,370.859,robot_1,1.450,-2.246
1789402127,539321542,370.859,robot_0,-1.222,1.794
1789402127,539373079,370.859,robot_0_carried_generic_box,-1.187,1.850
1789402127,539415764,370.859,robot_1_carried_generic_box,1.468,-2.281
1789402127,755931195,371.075,robot_2,-0.306,-2.157
1789402127,756014341,371.075,robot_1,1.439,-2.227
1789402127,756058170,371.075,robot_0,-1.237,1.768
1789402127,756116031,371.075,robot_0_carried_generic_box,-1.206,1.820
1789402127,756162217,371.075,robot_1_carried_generic_box,1.461,-2.267
1789402127,974372939,371.294,robot_2,-0.311,-2.187
1789402127,974471987,371.294,robot_1,1.425,-2.201
1789402127,974519810,371.294,robot_0,-1.253,1.743
1789402127,974575809,371.294,robot_0_carried_generic_box,-1.226,1.786
1789402127,974639050,371.294,robot_1_carried_generic_box,1.446,-2.239
1789402128,207503304,371.527,robot_2,-0.317,-2.222
1789402128,207631305,371.527,robot_1,1.408,-2.169
1789402128,207671675,371.527,robot_0,-1.271,1.712
1789402128,207721343,371.527,robot_0_carried_generic_box,-1.246,1.753
1789402128,207760279,371.527,robot_1_carried_generic_box,1.431,-2.211
1789402128,433744054,371.753,robot_2,-0.324,-2.261
1789402128,433854854,371.753,robot_1,1.394,-2.142
1789402128,433903298,371.753,robot_0,-1.292,1.679
1789402128,433960058,371.753,robot_0_carried_generic_box,-1.260,1.730
1789402128,434026397,371.753,robot_1_carried_generic_box,1.418,-2.187
1789402128,649916372,371.969,robot_2,-0.331,-2.296
1789402128,649999429,371.969,robot_1,1.383,-2.121
1789402128,650040024,371.969,robot_0,-1.310,1.648
1789402128,650087914,371.969,robot_0_carried_generic_box,-1.279,1.699
1789402128,650125123,371.969,robot_1_carried_generic_box,1.402,-2.156
1789402128,860664683,372.180,robot_2,-0.337,-2.329
1789402128,876242300,372.196,robot_1,1.370,-2.097
1789402128,876328961,372.196,robot_0,-1.327,1.620
1789402128,876379091,372.196,robot_0_carried_generic_box,-1.296,1.671
1789402128,876421459,372.196,robot_1_carried_generic_box,1.393,-2.140
1789402129,85761882,372.405,robot_2,-0.342,-2.361
1789402129,85843866,372.405,robot_1,1.355,-2.069
1789402129,85895665,372.405,robot_0,-1.344,1.591
1789402129,85944530,372.405,robot_0_carried_generic_box,-1.321,1.630
1789402129,85984758,372.405,robot_1_carried_generic_box,1.381,-2.117
1789402129,300278494,372.620,robot_2,-0.350,-2.402
1789402129,300354921,372.620,robot_1,1.342,-2.044
1789402129,300396351,372.620,robot_0,-1.366,1.555
1789402129,300434949,372.620,robot_0_carried_generic_box,-1.337,1.604
1789402129,300471087,372.620,robot_1_carried_generic_box,1.362,-2.081
1789402129,534404653,372.854,robot_2,-0.356,-2.438
1789402129,534495267,372.854,robot_1,1.331,-2.023
1789402129,534551360,372.854,robot_0,-1.385,1.525
1789402129,534604642,372.854,robot_0_carried_generic_box,-1.357,1.571
1789402129,534639700,372.854,robot_1_carried_generic_box,1.350,-2.058
1789402129,749225937,373.069,robot_2,-0.362,-2.470
1789402129,749300695,373.069,robot_1,1.321,-2.003
1789402129,749354915,373.069,robot_0,-1.402,1.496
1789402129,749404206,373.069,robot_0_carried_generic_box,-1.373,1.545
1789402129,749437324,373.069,robot_1_carried_generic_box,1.337,-2.035
1789402129,960115968,373.279,robot_2,-0.368,-2.503
1789402129,960194621,373.279,robot_1,1.310,-1.984
1789402129,960251481,373.280,robot_0,-1.419,1.468
1789402129,960296146,373.280,robot_0_carried_generic_box,-1.396,1.507
1789402129,960332782,373.280,robot_1_carried_generic_box,1.328,-2.017
1789402130,169904101,373.489,robot_2,-0.374,-2.535
1789402130,169979604,373.489,robot_1,1.296,-1.956
1789402130,170037304,373.489,robot_0,-1.436,1.440
1789402130,170085434,373.489,robot_0_carried_generic_box,-1.401,1.499
1789402130,170124008,373.489,robot_1_carried_generic_box,1.320,-2.001
1789402130,380817151,373.700,robot_2,-0.380,-2.568
1789402130,380894668,373.700,robot_1,1.285,-1.936
1789402130,380949318,373.700,robot_0,-1.453,1.412
1789402130,380999549,373.700,robot_0_carried_generic_box,-1.429,1.453
1789402130,381034413,373.700,robot_1_carried_generic_box,1.307,-1.977
1789402130,603522792,373.923,robot_2,-0.386,-2.600
1789402130,603610395,373.923,robot_1,1.273,-1.913
1789402130,603667876,373.923,robot_0,-1.471,1.384
1789402130,603718425,373.923,robot_0_carried_generic_box,-1.447,1.422
1789402130,603757729,373.923,robot_1_carried_generic_box,1.289,-1.943
1789402130,808428608,374.128,robot_2,-0.392,-2.636
1789402130,808501608,374.128,robot_1,1.256,-1.881
1789402130,808552637,374.128,robot_0,-1.489,1.353
1789402130,808607238,374.128,robot_0_carried_generic_box,-1.466,1.391
1789402130,808637285,374.128,robot_1_carried_generic_box,1.277,-1.921
1789402131,9527783,374.329,robot_2,-0.398,-2.668
1789402131,22044792,374.341,robot_1,1.240,-1.852
1789402131,22157968,374.341,robot_0,-1.506,1.325
1789402131,22217268,374.341,robot_0_carried_generic_box,-1.478,1.371
1789402131,22257403,374.342,robot_1_carried_generic_box,1.266,-1.899
1789402131,215575504,374.546,robot_2,-0.404,-2.703
1789402131,226970618,374.546,robot_1,1.228,-1.828
1789402131,227054228,374.546,robot_0,-1.525,1.294
1789402131,227112572,374.546,robot_0_carried_generic_box,-1.494,1.345
1789402131,227156537,374.546,robot_1_carried_generic_box,1.250,-1.870
1789402131,431346877,374.751,robot_2,-0.411,-2.739
1789402131,431463290,374.751,robot_1,1.215,-1.803
1789402131,431514985,374.751,robot_0,-1.544,1.263
1789402131,431562233,374.751,robot_0_carried_generic_box,-1.511,1.317
1789402131,431605281,374.751,robot_1_carried_generic_box,1.237,-1.844
1789402131,639017063,374.958,robot_2,-0.417,-2.771
1789402131,639098193,374.958,robot_1,1.199,-1.774
1789402131,639151149,374.958,robot_0,-1.561,1.235
1789402131,639199436,374.958,robot_0_carried_generic_box,-1.531,1.284
1789402131,639240545,374.959,robot_1_carried_generic_box,1.223,-1.818
1789402131,864902707,375.184,robot_2,-0.424,-2.813
1789402131,864984475,375.184,robot_1,1.180,-1.737
1789402131,865028046,375.184,robot_0,-1.583,1.199
1789402131,865066031,375.184,robot_0_carried_generic_box,-1.548,1.255
1789402131,865095757,375.184,robot_1_carried_generic_box,1.211,-1.795
1789402132,68908611,375.388,robot_2,-0.430,-2.845
1789402132,68979742,375.388,robot_1,1.164,-1.707
1789402132,69024379,375.388,robot_0,-1.600,1.171
1789402132,69070443,375.388,robot_0_carried_generic_box,-1.575,1.212
1789402132,69106968,375.388,robot_1_carried_generic_box,1.194,-1.763
1789402132,274922171,375.594,robot_2,-0.436,-2.878
1789402132,275000323,375.594,robot_1,1.149,-1.678
1789402132,275053284,375.594,robot_0,-1.617,1.142
1789402132,275103055,375.594,robot_0_carried_generic_box,-1.595,1.178
1789402132,275143940,375.594,robot_1_carried_generic_box,1.167,-1.713
1789402132,510146118,375.829,robot_2,-0.441,-2.907
1789402132,510211127,375.829,robot_1,1.135,-1.652
1789402132,510245493,375.830,robot_0,-1.632,1.117
1789402132,510278876,375.830,robot_0_carried_generic_box,-1.604,1.163
1789402132,510304920,375.830,robot_1_carried_generic_box,1.156,-1.692
1789402132,729155845,376.048,robot_2,-0.449,-2.951
1789402132,729235724,376.049,robot_1,1.119,-1.621
1789402132,729273423,376.049,robot_0,-1.656,1.078
1789402132,729351810,376.049,robot_0_carried_generic_box,-1.621,1.135
1789402132,729390600,376.049,robot_1_carried_generic_box,1.142,-1.665
1789402132,935468070,376.255,robot_2,-0.456,-2.990
1789402132,948152736,376.267,robot_1,1.116,-1.615
1789402132,948241538,376.268,robot_0,-1.676,1.045
1789402132,948296608,376.268,robot_0_carried_generic_box,-1.639,1.107
1789402132,948376934,376.268,robot_1_carried_generic_box,1.126,-1.635
1789402133,168717075,376.488,robot_2,-0.463,-3.025
1789402133,168812280,376.488,robot_1,1.119,-1.621
1789402133,168862570,376.488,robot_0,-1.695,1.014
1789402133,168927510,376.488,robot_0_carried_generic_box,-1.659,1.073
1789402133,168973567,376.488,robot_1_carried_generic_box,1.116,-1.615
1789402133,354419184,376.674,robot_2,-0.467,-3.049
1789402133,354499835,376.674,robot_1,1.119,-1.621
1789402133,354537141,376.674,robot_0,-1.707,0.994
1789402133,354585683,376.674,robot_0_carried_generic_box,-1.676,1.045
1789402133,354631175,376.674,robot_1_carried_generic_box,1.118,-1.620
1789402133,558202806,376.877,robot_2,-0.474,-3.087
1789402133,558286362,376.878,robot_1,1.119,-1.621
1789402133,558334457,376.878,robot_0,-1.727,0.960
1789402133,558395553,376.878,robot_0_carried_generic_box,-1.695,1.014
1789402133,558445468,376.878,robot_1_carried_generic_box,1.119,-1.621
1789402133,777477289,377.097,robot_2,-0.480,-3.120
1789402133,777560685,377.097,robot_1,1.119,-1.621
1789402133,777613176,377.097,robot_0,-1.744,0.932
1789402133,777665972,377.097,robot_0_carried_generic_box,-1.710,0.989
1789402133,777704799,377.097,robot_1_carried_generic_box,1.119,-1.621
1789402133,996726329,377.316,robot_2,-0.487,-3.158
1789402133,996848778,377.316,robot_1,1.119,-1.621
1789402133,996896780,377.316,robot_0,-1.765,0.899
1789402133,996947992,377.316,robot_0_carried_generic_box,-1.735,0.948
1789402133,996990356,377.316,robot_1_carried_generic_box,1.119,-1.621
1789402134,223106494,377.542,robot_2,-0.493,-3.191
1789402134,223206544,377.542,robot_1,1.119,-1.621
1789402134,223250062,377.543,robot_0,-1.782,0.871
1789402134,223296456,377.543,robot_0_carried_generic_box,-1.754,0.917
1789402134,223335086,377.543,robot_1_carried_generic_box,1.119,-1.621
1789402134,426752986,377.746,robot_2,-0.499,-3.223
1789402134,426838721,377.746,robot_1,1.120,-1.621
1789402134,426892923,377.746,robot_0,-1.799,0.842
1789402134,426955951,377.746,robot_0_carried_generic_box,-1.772,0.886
1789402134,427007670,377.746,robot_1_carried_generic_box,1.119,-1.621
1789402134,636016227,377.955,robot_2,-0.502,-3.242
1789402134,636097586,377.955,robot_1,1.120,-1.620
1789402134,636137346,377.955,robot_0,-1.816,0.814
1789402134,636183209,377.955,robot_0_carried_generic_box,-1.790,0.858
1789402134,636217717,377.955,robot_1_carried_generic_box,1.120,-1.621
1789402134,867221527,378.187,robot_2,-0.502,-3.243
1789402134,867343186,378.187,robot_1,1.120,-1.620
1789402134,867394651,378.187,robot_0,-1.836,0.781
1789402134,867449089,378.187,robot_0_carried_generic_box,-1.800,0.840
1789402134,867493985,378.187,robot_1_carried_generic_box,1.120,-1.620
1789402135,71701443,378.391,robot_2,-0.502,-3.243
1789402135,71780659,378.391,robot_1,1.120,-1.620
1789402135,71825993,378.391,robot_0,-1.855,0.750
1789402135,71908830,378.391,robot_0_carried_generic_box,-1.827,0.796
1789402135,71956261,378.391,robot_1_carried_generic_box,1.120,-1.620
1789402135,288730570,378.608,robot_2,-0.502,-3.243
1789402135,288804777,378.608,robot_1,1.120,-1.620
1789402135,288846962,378.608,robot_0,-1.870,0.724
1789402135,288895784,378.608,robot_0_carried_generic_box,-1.850,0.758
1789402135,288939701,378.608,robot_1_carried_generic_box,1.120,-1.620
1789402135,522939264,378.842,robot_2,-0.503,-3.243
1789402135,523038433,378.842,robot_1,1.120,-1.619
1789402135,523087402,378.842,robot_0,-1.894,0.686
1789402135,523148261,378.842,robot_0_carried_generic_box,-1.864,0.735
1789402135,523198591,378.842,robot_1_carried_generic_box,1.120,-1.620
1789402135,731194873,379.050,robot_2,-0.503,-3.243
1789402135,731286640,379.051,robot_1,1.120,-1.619
1789402135,731340429,379.051,robot_0,-1.914,0.653
1789402135,731403670,379.053,robot_0_carried_generic_box,-1.881,0.706
1789402135,733701999,379.053,robot_1_carried_generic_box,1.120,-1.619
1789402135,944626573,379.264,robot_2,-0.503,-3.243
1789402135,944705533,379.264,robot_1,1.120,-1.619
1789402135,944752147,379.264,robot_0,-1.931,0.624
1789402135,944800056,379.264,robot_0_carried_generic_box,-1.899,0.678
1789402135,944841920,379.264,robot_1_carried_generic_box,1.120,-1.619
1789402136,152021835,379.471,robot_2,-0.503,-3.243
1789402136,152099983,379.471,robot_1,1.120,-1.619
1789402136,152141398,379.471,robot_0,-1.947,0.599
1789402136,152183630,379.471,robot_0_carried_generic_box,-1.916,0.650
1789402136,152222977,379.471,robot_1_carried_generic_box,1.120,-1.619
1789402136,362131832,379.681,robot_2,-0.504,-3.243
1789402136,362213159,379.681,robot_1,1.120,-1.618
1789402136,362260931,379.682,robot_0,-1.964,0.571
1789402136,362313746,379.682,robot_0_carried_generic_box,-1.937,0.614
1789402136,362349365,379.682,robot_1_carried_generic_box,1.120,-1.619
1789402136,586282128,379.906,robot_2,-0.504,-3.243
1789402136,586380142,379.906,robot_1,1.120,-1.618
1789402136,586429467,379.906,robot_0,-1.984,0.537
1789402136,586480981,379.906,robot_0_carried_generic_box,-1.961,0.576
1789402136,586520468,379.906,robot_1_carried_generic_box,1.120,-1.618
1789402136,809787177,380.129,robot_2,-0.504,-3.243
1789402136,809878453,380.129,robot_1,1.119,-1.618
1789402136,809922015,380.129,robot_0,-2.003,0.506
1789402136,809970412,380.129,robot_0_carried_generic_box,-1.972,0.558
1789402136,810006092,380.129,robot_1_carried_generic_box,1.120,-1.618
1789402137,22548187,380.342,robot_2,-0.504,-3.244
1789402137,40683128,380.360,robot_1,1.108,-1.626
1789402137,40780182,380.360,robot_0,-2.023,0.473
1789402137,40831545,380.360,robot_0_carried_generic_box,-1.995,0.519
1789402137,40868549,380.360,robot_1_carried_generic_box,1.120,-1.618
1789402137,223765770,380.543,robot_2,-0.504,-3.244
1789402137,223845586,380.543,robot_1,1.086,-1.644
1789402137,223886352,380.543,robot_0,-2.040,0.445
1789402137,223930058,380.543,robot_0_carried_generic_box,-2.007,0.499
1789402137,223970078,380.543,robot_1_carried_generic_box,1.119,-1.618
1789402137,447495875,380.767,robot_2,-0.504,-3.244
1789402137,447604869,380.767,robot_1,1.060,-1.665
1789402137,447651180,380.767,robot_0,-2.055,0.421
1789402137,447697204,380.767,robot_0_carried_generic_box,-2.028,0.465
1789402137,447737989,380.767,robot_1_carried_generic_box,1.105,-1.629
1789402137,670113340,380.989,robot_2,-0.504,-3.244
1789402137,670192466,380.989,robot_1,1.031,-1.688
1789402137,670239231,380.990,robot_0,-2.057,0.418
1789402137,670283907,380.990,robot_0_carried_generic_box,-2.042,0.442
1789402137,670315716,380.990,robot_1_carried_generic_box,1.086,-1.644
1789402137,911059582,381.230,robot_2,-0.505,-3.244
1789402137,911142050,381.230,robot_1,1.011,-1.705
1789402137,911188121,381.230,robot_0,-2.057,0.418
1789402137,911234074,381.230,robot_0_carried_generic_box,-2.057,0.418
1789402137,911267709,381.231,robot_1_carried_generic_box,1.033,-1.687
1789402138,119128520,381.438,robot_2,-0.505,-3.245
1789402138,119213034,381.438,robot_1,0.991,-1.719
1789402138,119265279,381.439,robot_0,-2.057,0.418
1789402138,119312851,381.439,robot_0_carried_generic_box,-2.057,0.418
1789402138,119348905,381.439,robot_1_carried_generic_box,1.022,-1.696
1789402138,342739666,381.662,robot_2,-0.505,-3.245
1789402138,342864972,381.662,robot_1,0.965,-1.737
1789402138,342913799,381.662,robot_0,-2.057,0.418
1789402138,342960809,381.662,robot_0_carried_generic_box,-2.057,0.418
1789402138,342994867,381.662,robot_1_carried_generic_box,1.003,-1.711
1789402138,530436071,381.850,robot_2,-0.513,-3.245
1789402138,530515831,381.850,robot_1,0.939,-1.752
1789402138,530567950,381.850,robot_0,-2.058,0.418
1789402138,543313924,381.863,robot_0_carried_generic_box,-2.057,0.418
1789402138,543414441,381.863,robot_1_carried_generic_box,0.988,-1.721
1789402138,739366177,382.059,robot_2,-0.533,-3.245
1789402138,739448603,382.059,robot_1,0.913,-1.767
1789402138,739499393,382.059,robot_0,-2.058,0.418
1789402138,747869424,382.067,robot_0_carried_generic_box,-2.057,0.418
1789402138,747972314,382.067,robot_1_carried_generic_box,0.954,-1.743
1789402138,952536871,382.272,robot_2,-0.551,-3.245
1789402138,952625158,382.272,robot_1,0.889,-1.780
1789402138,952675766,382.272,robot_0,-2.058,0.418
1789402138,952725284,382.272,robot_0_carried_generic_box,-2.058,0.418
1789402138,952762176,382.272,robot_1_carried_generic_box,0.931,-1.756
1789402139,177246455,382.497,robot_2,-0.568,-3.245
1789402139,177329598,382.497,robot_1,0.867,-1.793
1789402139,177376286,382.497,robot_0,-2.058,0.418
1789402139,177421002,382.497,robot_0_carried_generic_box,-2.058,0.418
1789402139,177457073,382.497,robot_1_carried_generic_box,0.900,-1.774
1789402139,397414989,382.717,robot_2,-0.568,-3.245
1789402139,397499961,382.717,robot_1,0.845,-1.805
1789402139,397556876,382.717,robot_0,-2.058,0.418
1789402139,397620181,382.717,robot_0_carried_generic_box,-2.058,0.418
1789402139,397656074,382.717,robot_1_carried_generic_box,0.879,-1.786
1789402139,609196175,382.928,robot_2,-0.568,-3.245
1789402139,609288093,382.929,robot_1,0.811,-1.821
1789402139,609340260,382.929,robot_0,-2.059,0.418
1789402139,609390752,382.929,robot_0_carried_generic_box,-2.058,0.418
1789402139,609431881,382.929,robot_1_carried_generic_box,0.853,-1.800
1789402139,829464727,383.149,robot_2,-0.568,-3.245
1789402139,829547649,383.149,robot_1,0.795,-1.829
1789402139,829594175,383.149,robot_0,-2.059,0.418
1789402139,829648728,383.149,robot_0_carried_generic_box,-2.059,0.418
1789402139,829688796,383.149,robot_1_carried_generic_box,0.845,-1.805
1789402140,55049802,383.374,robot_2,-0.568,-3.245
1789402140,55139101,383.374,robot_1,0.766,-1.844
1789402140,55188768,383.374,robot_0,-2.059,0.417
1789402140,55236285,383.374,robot_0_carried_generic_box,-2.059,0.418
1789402140,55272972,383.375,robot_1_carried_generic_box,0.808,-1.823
1789402140,272085245,383.591,robot_2,-0.568,-3.246
1789402140,272171243,383.591,robot_1,0.728,-1.862
1789402140,272229462,383.591,robot_0,-2.059,0.417
1789402140,272284189,383.592,robot_0_carried_generic_box,-2.059,0.417
1789402140,272327677,383.592,robot_1_carried_generic_box,0.787,-1.833
1789402140,490815547,383.810,robot_2,-0.568,-3.246
1789402140,490902574,383.810,robot_1,0.696,-1.878
1789402140,490961777,383.810,robot_0,-2.060,0.417
1789402140,491016879,383.810,robot_0_carried_generic_box,-2.059,0.417
1789402140,491062102,383.810,robot_1_carried_generic_box,0.755,-1.849
1789402140,750130075,384.069,robot_2,-0.568,-3.246
1789402140,750225482,384.069,robot_1,0.658,-1.896
1789402140,750274530,384.070,robot_0,-2.060,0.417
1789402140,750321066,384.070,robot_0_carried_generic_box,-2.060,0.417
1789402140,750357498,384.070,robot_1_carried_generic_box,0.707,-1.873
1789402140,953953344,384.273,robot_2,-0.568,-3.246
1789402140,954039811,384.273,robot_1,0.643,-1.904
1789402140,954093297,384.273,robot_0,-2.060,0.417
1789402140,954140931,384.273,robot_0_carried_generic_box,-2.060,0.417
1789402140,954179169,384.273,robot_1_carried_generic_box,0.680,-1.886
1789402141,175790171,384.495,robot_2,-0.567,-3.247
1789402141,175860467,384.495,robot_1,0.643,-1.904
1789402141,175907448,384.495,robot_0,-2.060,0.416
1789402141,175955006,384.495,robot_0_carried_generic_box,-2.060,0.417
1789402141,175991982,384.495,robot_1_carried_generic_box,0.653,-1.898
1789402141,376802255,384.696,robot_2,-0.558,-3.231
1789402141,376892942,384.696,robot_1,0.643,-1.904
1789402141,376941042,384.696,robot_0,-2.059,0.416
1789402141,376988937,384.696,robot_0_carried_generic_box,-2.060,0.416
1789402141,377026114,384.696,robot_1_carried_generic_box,0.643,-1.904
1789402141,594349358,384.914,robot_2,-0.540,-3.200
1789402141,594421794,384.914,robot_1,0.642,-1.904
1789402141,594462730,384.914,robot_0,-2.034,0.407
1789402141,594506055,384.914,robot_0_carried_generic_box,-2.060,0.416
1789402141,594539362,384.914,robot_1_carried_generic_box,0.643,-1.904
1789402141,817509046,385.137,robot_2,-0.524,-3.171
1789402141,817593856,385.137,robot_1,0.626,-1.907
1789402141,817648715,385.137,robot_0,-2.003,0.396
1789402141,817702130,385.137,robot_0_carried_generic_box,-2.056,0.414
1789402141,817744958,385.137,robot_1_carried_generic_box,0.643,-1.904
1789402142,33692100,385.353,robot_2,-0.507,-3.139
1789402142,33770254,385.353,robot_1,0.624,-1.908
1789402142,33808466,385.353,robot_0,-1.969,0.384
1789402142,38048170,385.357,robot_0_carried_generic_box,-2.020,0.402
1789402142,40653316,385.360,robot_1_carried_generic_box,0.635,-1.906
1789402142,238258285,385.558,robot_2,-0.490,-3.108
1789402142,238334946,385.558,robot_1,0.624,-1.908
1789402142,238380481,385.558,robot_0,-1.935,0.372
1789402142,238436730,385.558,robot_0_carried_generic_box,-1.992,0.392
1789402142,238482670,385.558,robot_1_carried_generic_box,0.624,-1.907
1789402142,461588404,385.781,robot_2,-0.473,-3.076
1789402142,461680118,385.781,robot_1,0.624,-1.908
1789402142,461725234,385.781,robot_0,-1.901,0.361
1789402142,461779638,385.781,robot_0_carried_generic_box,-1.961,0.381
1789402142,461821474,385.781,robot_1_carried_generic_box,0.624,-1.908
1789402142,661669603,385.981,robot_2,-0.458,-3.050
1789402142,661760666,385.981,robot_1,0.624,-1.909
1789402142,661800639,385.981,robot_0,-1.872,0.351
1789402142,661887385,385.981,robot_0_carried_generic_box,-1.935,0.372
1789402142,661927292,385.981,robot_1_carried_generic_box,0.624,-1.908
1789402142,870653368,386.190,robot_2,-0.443,-3.021
1789402142,870729403,386.190,robot_1,0.624,-1.909
1789402142,870767562,386.190,robot_0,-1.841,0.341
1789402142,870816568,386.190,robot_0_carried_generic_box,-1.898,0.360
1789402142,870855825,386.190,robot_1_carried_generic_box,0.624,-1.908
1789402143,80570552,386.404,robot_2,-0.424,-2.986
1789402143,84640027,386.404,robot_1,0.624,-1.909
1789402143,84715443,386.404,robot_0,-1.804,0.328
1789402143,84771496,386.404,robot_0_carried_generic_box,-1.861,0.347
1789402143,84811207,386.404,robot_1_carried_generic_box,0.624,-1.909
1789402143,285912604,386.605,robot_2,-0.407,-2.955
1789402143,285991807,386.605,robot_1,0.620,-1.907
1789402143,286034640,386.605,robot_0,-1.770,0.316
1789402143,286086984,386.605,robot_0_carried_generic_box,-1.827,0.336
1789402143,286130510,386.605,robot_1_carried_generic_box,0.624,-1.909
1789402143,502822259,386.822,robot_2,-0.390,-2.923
1789402143,502907478,386.822,robot_1,0.595,-1.888
1789402143,502949477,386.822,robot_0,-1.736,0.305
1789402143,503004914,386.822,robot_0_carried_generic_box,-1.790,0.323
1789402143,503053962,386.822,robot_1_carried_generic_box,0.624,-1.909
1789402143,712921551,387.032,robot_2,-0.374,-2.894
1789402143,713021819,387.032,robot_1,0.570,-1.867
1789402143,713067995,387.032,robot_0,-1.705,0.294
1789402143,713112867,387.032,robot_0_carried_generic_box,-1.753,0.311
1789402143,713151926,387.032,robot_1_carried_generic_box,0.604,-1.895
1789402143,948199004,387.268,robot_2,-0.359,-2.865
1789402143,948339542,387.268,robot_1,0.554,-1.852
1789402143,948382622,387.268,robot_0,-1.674,0.284
1789402143,948433846,387.268,robot_0_carried_generic_box,-1.728,0.302
1789402143,948479191,387.268,robot_1_carried_generic_box,0.586,-1.880
1789402144,161125133,387.480,robot_2,-0.340,-2.830
1789402144,161203438,387.480,robot_1,0.553,-1.851
1789402144,161238834,387.480,robot_0,-1.658,0.278
1789402144,161288061,387.481,robot_0_carried_generic_box,-1.699,0.292
1789402144,161330419,387.481,robot_1_carried_generic_box,0.562,-1.859
1789402144,361907315,387.681,robot_2,-0.324,-2.801
1789402144,361995885,387.681,robot_1,0.543,-1.840
1789402144,362034943,387.681,robot_0,-1.658,0.278
1789402144,362085418,387.681,robot_0_carried_generic_box,-1.665,0.280
1789402144,362126732,387.681,robot_1_carried_generic_box,0.553,-1.851
1789402144,571858723,387.891,robot_2,-0.309,-2.772
1789402144,571961860,387.891,robot_1,0.522,-1.815
1789402144,572012234,387.891,robot_0,-1.658,0.278
1789402144,572073341,387.891,robot_0_carried_generic_box,-1.658,0.278
1789402144,572124392,387.891,robot_1_carried_generic_box,0.553,-1.851
1789402144,777320548,388.097,robot_2,-0.293,-2.743
1789402144,777406727,388.097,robot_1,0.501,-1.789
1789402144,777444735,388.097,robot_0,-1.658,0.278
1789402144,777494317,388.097,robot_0_carried_generic_box,-1.658,0.278
1789402144,777535771,388.097,robot_1_carried_generic_box,0.533,-1.829
1789402144,984393921,388.304,robot_2,-0.276,-2.712
1789402144,984489832,388.304,robot_1,0.479,-1.760
1789402144,984535607,388.304,robot_0,-1.658,0.277
1789402144,984607554,388.304,robot_0_carried_generic_box,-1.658,0.278
1789402144,984651651,388.304,robot_1_carried_generic_box,0.503,-1.791
1789402145,195104480,388.514,robot_2,-0.260,-2.683
1789402145,195190946,388.514,robot_1,0.459,-1.734
1789402145,195237707,388.515,robot_0,-1.658,0.277
1789402145,195294463,388.515,robot_0_carried_generic_box,-1.658,0.278
1789402145,195341691,388.515,robot_1_carried_generic_box,0.496,-1.782
1789402145,424403702,388.744,robot_2,-0.240,-2.646
1789402145,424498596,388.744,robot_1,0.433,-1.701
1789402145,424544652,388.744,robot_0,-1.658,0.277
1789402145,444031333,388.763,robot_0_carried_generic_box,-1.658,0.277
1789402145,444154258,388.763,robot_1_carried_generic_box,0.462,-1.739
1789402145,640358142,388.960,robot_2,-0.225,-2.617
1789402145,640442554,388.960,robot_1,0.415,-1.678
1789402145,640487157,388.960,robot_0,-1.658,0.277
1789402145,640540951,388.960,robot_0_carried_generic_box,-1.658,0.277
1789402145,640581674,388.975,robot_1_carried_generic_box,0.448,-1.720
1789402145,840503710,389.160,robot_2,-0.209,-2.588
1789402145,840588676,389.178,robot_1,0.401,-1.661
1789402145,858756534,389.178,robot_0,-1.657,0.276
1789402145,858824967,389.178,robot_0_carried_generic_box,-1.658,0.277
1789402145,858869911,389.178,robot_1_carried_generic_box,0.427,-1.694
1789402146,42838160,389.362,robot_2,-0.195,-2.561
1789402146,42916337,389.362,robot_1,0.389,-1.645
1789402146,42951959,389.362,robot_0,-1.657,0.276
1789402146,43000534,389.362,robot_0_carried_generic_box,-1.657,0.276
1789402146,43037463,389.362,robot_1_carried_generic_box,0.410,-1.672
1789402146,246734155,389.566,robot_2,-0.180,-2.535
1789402146,246831537,389.566,robot_1,0.376,-1.629
1789402146,246863093,389.566,robot_0,-1.657,0.276
1789402146,246909957,389.566,robot_0_carried_generic_box,-1.657,0.276
1789402146,246947624,389.566,robot_1_carried_generic_box,0.399,-1.658
1789402146,466307172,389.786,robot_2,-0.163,-2.503
1789402146,466382449,389.786,robot_1,0.362,-1.610
1789402146,466420646,389.786,robot_0,-1.657,0.276
1789402146,466467124,389.786,robot_0_carried_generic_box,-1.657,0.276
1789402146,466504066,389.786,robot_1_carried_generic_box,0.386,-1.642
1789402146,676800109,389.996,robot_2,-0.146,-2.472
1789402146,676889531,389.996,robot_1,0.347,-1.591
1789402146,676932717,389.996,robot_0,-1.657,0.276
1789402146,676982329,389.996,robot_0_carried_generic_box,-1.657,0.276
1789402146,677022725,389.996,robot_1_carried_generic_box,0.370,-1.621
1789402146,905625871,390.225,robot_2,-0.126,-2.435
1789402146,906931850,390.226,robot_1,0.321,-1.559
1789402146,906998931,390.226,robot_0,-1.657,0.275
1789402146,907048126,390.226,robot_0_carried_generic_box,-1.657,0.276
1789402146,907083971,390.226,robot_1_carried_generic_box,0.351,-1.596
1789402147,153623387,390.473,robot_2,-0.105,-2.395
1789402147,153833279,390.473,robot_1,0.294,-1.523
1789402147,153882648,390.473,robot_0,-1.656,0.275
1789402147,153934278,390.473,robot_0_carried_generic_box,-1.657,0.275
1789402147,153976429,390.473,robot_1_carried_generic_box,0.330,-1.571
1789402147,363801875,390.683,robot_2,-0.085,-2.358
1789402147,364003865,390.683,robot_1,0.268,-1.490
1789402147,364050158,390.683,robot_0,-1.656,0.275
1789402147,364101974,390.683,robot_0_carried_generic_box,-1.656,0.275
1789402147,364142760,390.683,robot_1_carried_generic_box,0.310,-1.545
1789402147,574313546,390.894,robot_2,-0.075,-2.341
1789402147,574401456,390.894,robot_1,0.248,-1.465
1789402147,574437272,390.894,robot_0,-1.656,0.275
1789402147,576317751,390.896,robot_0_carried_generic_box,-1.656,0.275
1789402147,576440100,390.896,robot_1_carried_generic_box,0.290,-1.519
1789402147,787583905,391.107,robot_2,-0.075,-2.341
1789402147,787666230,391.107,robot_1,0.231,-1.443
1789402147,787702381,391.107,robot_0,-1.655,0.276
1789402147,787748559,391.107,robot_0_carried_generic_box,-1.656,0.275
1789402147,787783442,391.107,robot_1_carried_generic_box,0.255,-1.474
1789402147,989275718,391.309,robot_2,-0.075,-2.341
1789402147,989371463,391.309,robot_1,0.218,-1.426
1789402147,989419552,391.309,robot_0,-1.654,0.288
1789402147,989480185,391.309,robot_0_carried_generic_box,-1.656,0.275
1789402147,989529116,391.309,robot_1_carried_generic_box,0.246,-1.462
1789402148,207311745,391.527,robot_2,-0.075,-2.341
1789402148,207396036,391.527,robot_1,0.190,-1.391
1789402148,207432421,391.527,robot_0,-1.650,0.332
1789402148,207487519,391.527,robot_0_carried_generic_box,-1.654,0.283
1789402148,207531756,391.527,robot_1_carried_generic_box,0.223,-1.433
1789402148,434450031,391.754,robot_2,-0.075,-2.341
1789402148,434536096,391.754,robot_1,0.164,-1.358
1789402148,434585102,391.758,robot_0,-1.647,0.374
1789402148,438845816,391.758,robot_0_carried_generic_box,-1.652,0.308
1789402148,438928758,391.758,robot_1_carried_generic_box,0.197,-1.400
1789402148,638014513,391.957,robot_2,-0.074,-2.341
1789402148,638105638,391.957,robot_1,0.144,-1.332
1789402148,638153911,391.957,robot_0,-1.644,0.407
1789402148,638202550,391.957,robot_0_carried_generic_box,-1.649,0.344
1789402148,638243989,391.958,robot_1_carried_generic_box,0.175,-1.372
1789402148,851398974,392.171,robot_2,-0.074,-2.341
1789402148,851494836,392.171,robot_1,0.122,-1.303
1789402148,851549808,392.171,robot_0,-1.642,0.443
1789402148,872805814,392.192,robot_0_carried_generic_box,-1.646,0.383
1789402148,872933460,392.192,robot_1_carried_generic_box,0.157,-1.348
1789402149,58265996,392.378,robot_2,-0.074,-2.341
1789402149,58346603,392.378,robot_1,0.101,-1.277
1789402149,58390750,392.378,robot_0,-1.639,0.476
1789402149,58428991,392.378,robot_0_carried_generic_box,-1.644,0.416
1789402149,58465512,392.378,robot_1_carried_generic_box,0.138,-1.325
1789402149,275844735,392.595,robot_2,-0.074,-2.341
1789402149,275950137,392.595,robot_1,0.081,-1.251
1789402149,275995605,392.595,robot_0,-1.636,0.515
1789402149,276036440,392.595,robot_0_carried_generic_box,-1.641,0.458
1789402149,276067699,392.595,robot_1_carried_generic_box,0.122,-1.303
1789402149,484367474,392.804,robot_2,-0.073,-2.340
1789402149,484443734,392.804,robot_1,0.059,-1.223
1789402149,484482579,392.804,robot_0,-1.633,0.557
1789402149,484520886,392.804,robot_0_carried_generic_box,-1.637,0.503
1789402149,484548328,392.804,robot_1_carried_generic_box,0.098,-1.273
1789402149,688392605,393.008,robot_2,-0.073,-2.340
1789402149,688489664,393.008,robot_1,0.041,-1.199
1789402149,688540882,393.008,robot_0,-1.631,0.586
1789402149,688584943,393.008,robot_0_carried_generic_box,-1.635,0.533
1789402149,688627134,393.008,robot_1_carried_generic_box,0.072,-1.239
1789402149,900813498,393.220,robot_2,-0.073,-2.340
1789402149,900897072,393.220,robot_1,0.018,-1.167
1789402149,900942136,393.220,robot_0,-1.628,0.628
1789402149,900985212,393.220,robot_0_carried_generic_box,-1.631,0.581
1789402149,901011135,393.220,robot_1_carried_generic_box,0.047,-1.206
1789402150,123491342,393.443,robot_2,-0.073,-2.340
1789402150,123567902,393.443,robot_1,-0.000,-1.143
1789402150,123613230,393.443,robot_0,-1.625,0.673
1789402150,123654143,393.443,robot_0_carried_generic_box,-1.630,0.604
1789402150,123681403,393.443,robot_1_carried_generic_box,0.031,-1.184
1789402150,342235889,393.662,robot_2,-0.073,-2.340
1789402150,342320187,393.662,robot_1,-0.016,-1.122
1789402150,342366247,393.662,robot_0,-1.622,0.712
1789402150,342413987,393.662,robot_0_carried_generic_box,-1.626,0.649
1789402150,342443930,393.662,robot_1_carried_generic_box,0.009,-1.156
1789402150,543125675,393.862,robot_2,-0.072,-2.340
1789402150,543209952,393.862,robot_1,-0.036,-1.095
1789402150,543252059,393.863,robot_0,-1.619,0.751
1789402150,543293545,393.863,robot_0_carried_generic_box,-1.624,0.685
1789402150,543328892,393.863,robot_1_carried_generic_box,-0.005,-1.137
1789402150,775345646,394.095,robot_2,-0.072,-2.339
1789402150,775430313,394.095,robot_1,-0.054,-1.071
1789402150,775470419,394.095,robot_0,-1.616,0.784
1789402150,775512427,394.095,robot_0_carried_generic_box,-1.620,0.739
1789402150,775543597,394.095,robot_1_carried_generic_box,-0.021,-1.116
1789402150,977153342,394.296,robot_2,-0.072,-2.339
1789402150,977251540,394.297,robot_1,-0.068,-1.052
1789402150,980565383,394.300,robot_0,-1.614,0.820
1789402150,980673324,394.300,robot_0_carried_generic_box,-1.619,0.754
1789402150,980711921,394.300,robot_1_carried_generic_box,-0.045,-1.083
1789402151,195711749,394.515,robot_2,-0.072,-2.339
1789402151,195797834,394.515,robot_1,-0.081,-1.034
1789402151,195840908,394.515,robot_0,-1.611,0.853
1789402151,195882384,394.515,robot_0_carried_generic_box,-1.615,0.805
1789402151,195912517,394.515,robot_1_carried_generic_box,-0.064,-1.058
1789402151,405572572,394.725,robot_2,-0.075,-2.338
1789402151,405687583,394.725,robot_1,-0.099,-1.008
1789402151,405741152,394.725,robot_0,-1.609,0.886
1789402151,405792569,394.725,robot_0_carried_generic_box,-1.612,0.838
1789402151,405837136,394.725,robot_1_carried_generic_box,-0.069,-1.050
1789402151,625165603,394.944,robot_2,-0.108,-2.332
1789402151,625251129,394.945,robot_1,-0.122,-0.976
1789402151,625295843,394.945,robot_0,-1.606,0.925
1789402151,625338846,394.945,robot_0_carried_generic_box,-1.610,0.871
1789402151,625370461,394.945,robot_1_carried_generic_box,-0.091,-1.020
1789402151,829176802,395.148,robot_2,-0.150,-2.325
1789402151,829260688,395.149,robot_1,-0.143,-0.946
1789402151,829307233,395.149,robot_0,-1.603,0.966
1789402151,829355003,395.149,robot_0_carried_generic_box,-1.607,0.904
1789402151,829395048,395.149,robot_1_carried_generic_box,-0.110,-0.993
1789402152,59805465,395.379,robot_2,-0.191,-2.319
1789402152,59899532,395.379,robot_1,-0.159,-0.923
1789402152,59941548,395.379,robot_0,-1.600,1.008
1789402152,59982533,395.379,robot_0_carried_generic_box,-1.604,0.946
1789402152,60014114,395.379,robot_1_carried_generic_box,-0.125,-0.971
1789402152,271932455,395.591,robot_2,-0.221,-2.314
1789402152,272012559,395.591,robot_1,-0.171,-0.907
1789402152,272057138,395.591,robot_0,-1.597,1.038
1789402152,272099142,395.591,robot_0_carried_generic_box,-1.603,0.966
1789402152,272135279,395.591,robot_1_carried_generic_box,-0.147,-0.940
1789402152,472513903,395.792,robot_2,-0.259,-2.307
1789402152,472626011,395.792,robot_1,-0.193,-0.876
1789402152,472681293,395.792,robot_0,-1.594,1.077
1789402152,472725331,395.792,robot_0_carried_generic_box,-1.598,1.023
1789402152,472760640,395.792,robot_1_carried_generic_box,-0.167,-0.912
1789402152,675678315,395.995,robot_2,-0.295,-2.302
1789402152,675784067,395.995,robot_1,-0.210,-0.851
1789402152,675840642,395.995,robot_0,-1.592,1.113
1789402152,675891574,395.995,robot_0_carried_generic_box,-1.595,1.065
1789402152,675933034,395.995,robot_1_carried_generic_box,-0.172,-0.905
1789402152,922890466,396.242,robot_2,-0.330,-2.296
1789402152,922985368,396.242,robot_1,-0.227,-0.826
1789402152,923042425,396.242,robot_0,-1.589,1.149
1789402152,923091558,396.242,robot_0_carried_generic_box,-1.593,1.098
1789402152,923123054,396.242,robot_1_carried_generic_box,-0.204,-0.860
1789402153,150956732,396.470,robot_2,-0.369,-2.290
1789402153,151027588,396.470,robot_1,-0.248,-0.795
1789402153,151064717,396.470,robot_0,-1.586,1.188
1789402153,151100526,396.470,robot_0_carried_generic_box,-1.590,1.134
1789402153,151128020,396.470,robot_1_carried_generic_box,-0.217,-0.841
1789402153,353959680,396.685,robot_2,-0.395,-2.285
1789402153,365679186,396.685,robot_1,-0.258,-0.780
1789402153,365749212,396.685,robot_0,-1.584,1.215
1789402153,365811177,396.685,robot_0_carried_generic_box,-1.588,1.158
1789402153,365858902,396.685,robot_1_carried_generic_box,-0.234,-0.816
1789402153,587859263,396.907,robot_2,-0.431,-2.279
1789402153,587937303,396.907,robot_1,-0.277,-0.752
1789402153,587984144,396.907,robot_0,-1.582,1.251
1789402153,588030280,396.907,robot_0_carried_generic_box,-1.585,1.203
1789402153,588066766,396.907,robot_1_carried_generic_box,-0.248,-0.795
1789402153,790653164,397.110,robot_2,-0.464,-2.274
1789402153,790747688,397.110,robot_1,-0.292,-0.729
1789402153,790809014,397.110,robot_0,-1.579,1.284
1789402153,792951838,397.112,robot_0_carried_generic_box,-1.583,1.233
1789402153,793086942,397.114,robot_1_carried_generic_box,-0.260,-0.776
1789402153,991719209,397.311,robot_2,-0.490,-2.270
1789402153,991809571,397.311,robot_1,-0.302,-0.714
1789402153,991870911,397.311,robot_0,-1.577,1.310
1789402153,991927319,397.311,robot_0_carried_generic_box,-1.580,1.266
1789402153,991969348,397.311,robot_1_carried_generic_box,-0.279,-0.749
1789402154,221642759,397.541,robot_2,-0.517,-2.265
1789402154,221736947,397.541,robot_1,-0.312,-0.699
1789402154,221789471,397.541,robot_0,-1.575,1.337
1789402154,226558506,397.546,robot_0_carried_generic_box,-1.578,1.296
1789402154,226714875,397.546,robot_1_carried_generic_box,-0.292,-0.729
1789402154,427149699,397.746,robot_2,-0.539,-2.262
1789402154,427242361,397.747,robot_1,-0.329,-0.674
1789402154,427306220,397.747,robot_0,-1.573,1.370
1789402154,427365328,397.747,robot_0_carried_generic_box,-1.576,1.322
1789402154,427417657,397.747,robot_1_carried_generic_box,-0.308,-0.706
1789402154,656732369,397.976,robot_2,-0.540,-2.262
1789402154,656837298,397.976,robot_1,-0.347,-0.647
1789402154,656903431,397.976,robot_0,-1.570,1.403
1789402154,656961515,397.976,robot_0_carried_generic_box,-1.575,1.337
1789402154,657010352,397.976,robot_1_carried_generic_box,-0.316,-0.694
1789402154,879807000,398.199,robot_2,-0.540,-2.262
1789402154,879906467,398.199,robot_1,-0.367,-0.617
1789402154,879957603,398.199,robot_0,-1.568,1.439
1789402154,880013718,398.199,robot_0_carried_generic_box,-1.572,1.376
1789402154,880058809,398.199,robot_1_carried_generic_box,-0.332,-0.669
1789402155,88808283,398.408,robot_2,-0.540,-2.261
1789402155,88908236,398.408,robot_1,-0.384,-0.592
1789402155,88951755,398.408,robot_0,-1.565,1.469
1789402155,89001360,398.408,robot_0_carried_generic_box,-1.569,1.421
1789402155,89037748,398.408,robot_1_carried_generic_box,-0.357,-0.632
1789402155,293303519,398.613,robot_2,-0.540,-2.261
1789402155,293388033,398.613,robot_1,-0.399,-0.569
1789402155,293426801,398.613,robot_0,-1.563,1.502
1789402155,293468868,398.613,robot_0_carried_generic_box,-1.566,1.454
1789402155,293499002,398.613,robot_1_carried_generic_box,-0.374,-0.607
1789402155,498817725,398.818,robot_2,-0.540,-2.261
1789402155,498902054,398.818,robot_1,-0.411,-0.553
1789402155,498938190,398.818,robot_0,-1.561,1.532
1789402155,498982366,398.818,robot_0_carried_generic_box,-1.565,1.472
1789402155,499012995,398.818,robot_1_carried_generic_box,-0.381,-0.597
1789402155,702789529,399.022,robot_2,-0.540,-2.261
1789402155,702874085,399.022,robot_1,-0.422,-0.536
1789402155,702916247,399.022,robot_0,-1.558,1.562
1789402155,708502434,399.028,robot_0_carried_generic_box,-1.562,1.511
1789402155,708675776,399.028,robot_1_carried_generic_box,-0.403,-0.564
1789402155,914698256,399.234,robot_2,-0.540,-2.261
1789402155,914804073,399.234,robot_1,-0.429,-0.525
1789402155,914852508,399.234,robot_0,-1.556,1.598
1789402155,914903644,399.234,robot_0_carried_generic_box,-1.560,1.541
1789402155,914945732,399.234,robot_1_carried_generic_box,-0.415,-0.546
1789402156,147408306,399.467,robot_2,-0.540,-2.260
1789402156,147496596,399.467,robot_1,-0.431,-0.522
1789402156,147533525,399.467,robot_0,-1.553,1.637
1789402156,147579811,399.467,robot_0_carried_generic_box,-1.558,1.571
1789402156,165523346,399.485,robot_1_carried_generic_box,-0.427,-0.529
1789402156,354903451,399.674,robot_2,-0.540,-2.260
1789402156,354984933,399.674,robot_1,-0.445,-0.502
1789402156,355024480,399.674,robot_0,-1.551,1.667
1789402156,355069121,399.674,robot_0_carried_generic_box,-1.555,1.604
1789402156,355102894,399.674,robot_1_carried_generic_box,-0.429,-0.525
1789402156,585750033,399.905,robot_2,-0.540,-2.260
1789402156,585849353,399.905,robot_1,-0.465,-0.472
1789402156,585889473,399.905,robot_0,-1.548,1.702
1789402156,585938719,399.905,robot_0_carried_generic_box,-1.552,1.655
1789402156,585974656,399.905,robot_1_carried_generic_box,-0.431,-0.522
1789402156,815814058,400.135,robot_2,-0.540,-2.260
1789402156,815899337,400.135,robot_1,-0.483,-0.444
1789402156,815936022,400.135,robot_0,-1.546,1.735
1789402156,815981717,400.135,robot_0_carried_generic_box,-1.549,1.684
1789402156,816014605,400.135,robot_1_carried_generic_box,-0.456,-0.484
1789402157,35120252,400.354,robot_2,-0.540,-2.260
1789402157,35217951,400.354,robot_1,-0.502,-0.417
1789402157,35262229,400.355,robot_0,-1.543,1.768
1789402157,35312847,400.355,robot_0_carried_generic_box,-1.547,1.711
1789402157,35353475,400.355,robot_1_carried_generic_box,-0.470,-0.464
1789402157,252353221,400.572,robot_2,-0.541,-2.260
1789402157,252515799,400.572,robot_1,-0.518,-0.392
1789402157,252570881,400.572,robot_0,-1.541,1.798
1789402157,252640652,400.572,robot_0_carried_generic_box,-1.545,1.741
1789402157,252692469,400.572,robot_1_carried_generic_box,-0.487,-0.439
1789402157,467938268,400.787,robot_2,-0.541,-2.260
1789402157,468023223,400.787,robot_1,-0.537,-0.365
1789402157,468063220,400.787,robot_0,-1.538,1.831
1789402157,468117642,400.787,robot_0_carried_generic_box,-1.543,1.774
1789402157,468162485,400.787,robot_1_carried_generic_box,-0.507,-0.410
1789402157,668975308,400.988,robot_2,-0.541,-2.259
1789402157,669076445,400.988,robot_1,-0.546,-0.351
1789402157,669120800,400.988,robot_0,-1.536,1.867
1789402157,669167436,400.988,robot_0_carried_generic_box,-1.540,1.804
1789402157,669204754,400.988,robot_1_carried_generic_box,-0.522,-0.387
1789402157,870733798,401.190,robot_2,-0.541,-2.259
1789402157,870833063,401.190,robot_1,-0.546,-0.351
1789402157,870887037,401.190,robot_0,-1.533,1.906
1789402157,870944800,401.190,robot_0_carried_generic_box,-1.537,1.852
1789402157,870990199,401.190,robot_1_carried_generic_box,-0.537,-0.365
1789402158,104759712,401.424,robot_2,-0.542,-2.263
1789402158,104839385,401.424,robot_1,-0.546,-0.350
1789402158,104879032,401.424,robot_0,-1.530,1.939
1789402158,104923438,401.424,robot_0_carried_generic_box,-1.534,1.885
1789402158,104958040,401.424,robot_1_carried_generic_box,-0.546,-0.351
1789402158,317119523,401.636,robot_2,-0.545,-2.290
1789402158,317247817,401.637,robot_1,-0.546,-0.350
1789402158,317299462,401.637,robot_0,-1.528,1.972
1789402158,317348901,401.637,robot_0_carried_generic_box,-1.531,1.924
1789402158,317384546,401.637,robot_1_carried_generic_box,-0.546,-0.351
1789402158,529116255,401.848,robot_2,-0.549,-2.325
1789402158,529207593,401.848,robot_1,-0.546,-0.350
1789402158,529256714,401.849,robot_0,-1.525,2.008
1789402158,529309788,401.849,robot_0_carried_generic_box,-1.529,1.951
1789402158,529350207,401.849,robot_1_carried_generic_box,-0.546,-0.350
1789402158,736819993,402.056,robot_2,-0.552,-2.367
1789402158,736893223,402.056,robot_1,-0.546,-0.350
1789402158,736932132,402.056,robot_0,-1.522,2.049
1789402158,736974087,402.056,robot_0_carried_generic_box,-1.527,1.987
1789402158,737007075,402.056,robot_1_carried_generic_box,-0.546,-0.350
1789402158,938377432,402.258,robot_2,-0.555,-2.397
1789402158,938470816,402.258,robot_1,-0.545,-0.350
1789402158,938522475,402.258,robot_0,-1.520,2.079
1789402158,938575517,402.258,robot_0_carried_generic_box,-1.524,2.023
1789402158,938629984,402.258,robot_1_carried_generic_box,-0.546,-0.350
1789402159,143388108,402.463,robot_2,-0.558,-2.430
1789402159,143459977,402.463,robot_1,-0.545,-0.349
1789402159,143502290,402.463,robot_0,-1.517,2.112
1789402159,143545503,402.463,robot_0_carried_generic_box,-1.522,2.049
1789402159,143578492,402.463,robot_1_carried_generic_box,-0.545,-0.350
1789402159,357771538,402.677,robot_2,-0.561,-2.469
1789402159,357850801,402.677,robot_1,-0.545,-0.349
1789402159,357892369,402.677,robot_0,-1.515,2.151
1789402159,357940385,402.677,robot_0_carried_generic_box,-1.520,2.079
1789402159,357980074,402.677,robot_1_carried_generic_box,-0.545,-0.350
1789402159,572751171,402.892,robot_2,-0.565,-2.508
1789402159,572831645,402.892,robot_1,-0.545,-0.349
1789402159,572883435,402.892,robot_0,-1.512,2.190
1789402159,572938159,402.892,robot_0_carried_generic_box,-1.516,2.130
1789402159,572973883,402.892,robot_1_carried_generic_box,-0.545,-0.349
1789402159,798980680,403.118,robot_2,-0.568,-2.544
1789402159,799059357,403.118,robot_1,-0.545,-0.349
1789402159,799102616,403.118,robot_0,-1.509,2.226
1789402159,799188587,403.118,robot_0_carried_generic_box,-1.514,2.154
1789402159,799228757,403.118,robot_1_carried_generic_box,-0.545,-0.349
1789402160,9351887,403.329,robot_2,-0.570,-2.571
1789402160,9430679,403.329,robot_1,-0.545,-0.348
1789402160,9483886,403.329,robot_0,-1.507,2.253
1789402160,9539029,403.329,robot_0_carried_generic_box,-1.511,2.202
1789402160,9583284,403.329,robot_1_carried_generic_box,-0.545,-0.349
1789402160,214934218,403.534,robot_2,-0.574,-2.609
1789402160,215011928,403.534,robot_1,-0.545,-0.348
1789402160,215055585,403.534,robot_0,-1.504,2.288
1789402160,215105145,403.534,robot_0_carried_generic_box,-1.508,2.244
1789402160,215138614,403.534,robot_1_carried_generic_box,-0.545,-0.348
1789402160,417054029,403.736,robot_2,-0.576,-2.639
1789402160,417130335,403.736,robot_1,-0.545,-0.348
1789402160,417179834,403.736,robot_0,-1.504,2.294
1789402160,417235113,403.736,robot_0_carried_generic_box,-1.506,2.268
1789402160,417277334,403.737,robot_1_carried_generic_box,-0.545,-0.348
1789402160,634329429,403.954,robot_2,-0.579,-2.675
1789402160,634413093,403.954,robot_1,-0.545,-0.348
1789402160,634461800,403.954,robot_0,-1.504,2.294
1789402160,634513369,403.954,robot_0_carried_generic_box,-1.504,2.293
1789402160,634555804,403.954,robot_1_carried_generic_box,-0.545,-0.348
1789402160,848290356,404.168,robot_2,-0.582,-2.705
1789402160,848369687,404.168,robot_1,-0.546,-0.347
1789402160,848412957,404.168,robot_0,-1.504,2.294
1789402160,848454226,404.168,robot_0_carried_generic_box,-1.504,2.294
1789402160,848489943,404.168,robot_1_carried_generic_box,-0.545,-0.348
1789402161,52754715,404.372,robot_2,-0.585,-2.738
1789402161,52841808,404.372,robot_1,-0.546,-0.347
1789402161,52889224,404.372,robot_0,-1.504,2.294
1789402161,52938871,404.372,robot_0_carried_generic_box,-1.504,2.294
1789402161,52977048,404.372,robot_1_carried_generic_box,-0.546,-0.348
1789402161,257678009,404.577,robot_2,-0.588,-2.774
1789402161,257752538,404.577,robot_1,-0.546,-0.347
1789402161,257793848,404.577,robot_0,-1.504,2.294
1789402161,257839938,404.577,robot_0_carried_generic_box,-1.504,2.294
1789402161,257874875,404.577,robot_1_carried_generic_box,-0.546,-0.347
1789402161,468529306,404.788,robot_2,-0.591,-2.810
1789402161,468617414,404.788,robot_1,-0.551,-0.351
1789402161,468666679,404.788,robot_0,-1.503,2.294
1789402161,468719671,404.788,robot_0_carried_generic_box,-1.504,2.294
1789402161,468760986,404.788,robot_1_carried_generic_box,-0.546,-0.347
1789402161,677097996,404.996,robot_2,-0.594,-2.839
1789402161,677189319,404.996,robot_1,-0.570,-0.370
1789402161,677236801,404.997,robot_0,-1.503,2.294
1789402161,677291057,404.997,robot_0_carried_generic_box,-1.504,2.294
1789402161,677334168,404.997,robot_1_carried_generic_box,-0.546,-0.347
1789402161,885171260,405.204,robot_2,-0.597,-2.872
1789402161,885247712,405.205,robot_1,-0.594,-0.394
1789402161,885288005,405.205,robot_0,-1.503,2.294
1789402161,885335364,405.205,robot_0_carried_generic_box,-1.503,2.294
1789402161,885375328,405.205,robot_1_carried_generic_box,-0.560,-0.360
1789402162,96172735,405.415,robot_2,-0.599,-2.905
1789402162,96263812,405.416,robot_1,-0.617,-0.417
1789402162,100623286,405.420,robot_0,-1.503,2.294
1789402162,100739479,405.420,robot_0_carried_generic_box,-1.503,2.294
1789402162,100786368,405.420,robot_1_carried_generic_box,-0.570,-0.370
1789402162,338876247,405.658,robot_2,-0.603,-2.947
1789402162,338957477,405.658,robot_1,-0.647,-0.446
1789402162,338998130,405.658,robot_0,-1.502,2.294
1789402162,339038904,405.658,robot_0_carried_generic_box,-1.503,2.294
1789402162,339071608,405.658,robot_1_carried_generic_box,-0.607,-0.406
1789402162,553732022,405.873,robot_2,-0.606,-2.983
1789402162,553805431,405.873,robot_1,-0.673,-0.472
1789402162,553844748,405.873,robot_0,-1.502,2.295
1789402162,553888218,405.873,robot_0_carried_generic_box,-1.503,2.294
1789402162,553923115,405.873,robot_1_carried_generic_box,-0.637,-0.436
1789402162,776126864,406.095,robot_2,-0.609,-3.019
1789402162,776207009,406.095,robot_1,-0.698,-0.497
1789402162,785682460,406.105,robot_0,-1.502,2.295
1789402162,785785278,406.105,robot_0_carried_generic_box,-1.502,2.294
1789402162,785828393,406.105,robot_1_carried_generic_box,-0.669,-0.467
1789402163,1547735,406.321,robot_2,-0.613,-3.058
1789402163,1681113,406.321,robot_1,-0.726,-0.524
1789402163,1725390,406.321,robot_0,-1.502,2.295
1789402163,1774065,406.321,robot_0_carried_generic_box,-1.502,2.295
1789402163,1807765,406.321,robot_1_carried_generic_box,-0.686,-0.484
1789402163,186037964,406.505,robot_2,-0.616,-3.091
1789402163,186116532,406.505,robot_1,-0.750,-0.548
1789402163,186161771,406.505,robot_0,-1.502,2.295
1789402163,186210226,406.505,robot_0_carried_generic_box,-1.502,2.295
1789402163,186247315,406.506,robot_1_carried_generic_box,-0.707,-0.505
1789402163,391055957,406.710,robot_2,-0.618,-3.120
1789402163,391129124,406.710,robot_1,-0.771,-0.569
1789402163,391172128,406.710,robot_0,-1.502,2.295
1789402163,391219465,406.710,robot_0_carried_generic_box,-1.502,2.295
1789402163,391252917,406.711,robot_1_carried_generic_box,-0.722,-0.520
1789402163,615727908,406.935,robot_2,-0.621,-3.147
1789402163,615815412,406.935,robot_1,-0.790,-0.588
1789402163,615853141,406.935,robot_0,-1.502,2.296
1789402163,615894723,406.935,robot_0_carried_generic_box,-1.502,2.295
1789402163,615926216,406.935,robot_1_carried_generic_box,-0.758,-0.556
1789402163,840722815,407.160,robot_2,-0.624,-3.187
1789402163,840820823,407.160,robot_1,-0.820,-0.617
1789402163,840872197,407.160,robot_0,-1.502,2.296
1789402163,840925404,407.160,robot_0_carried_generic_box,-1.502,2.295
1789402163,840968226,407.160,robot_1_carried_generic_box,-0.780,-0.577
1789402164,43626177,407.363,robot_2,-0.625,-3.194
1789402164,43707382,407.363,robot_1,-0.846,-0.643
1789402164,43756222,407.363,robot_0,-1.501,2.296
1789402164,43799519,407.363,robot_0_carried_generic_box,-1.502,2.296
1789402164,43833028,407.363,robot_1_carried_generic_box,-0.799,-0.596
1789402164,264944233,407.584,robot_2,-0.625,-3.194
1789402164,265028861,407.587,robot_1,-0.873,-0.670
1789402164,268361444,407.588,robot_0,-1.501,2.296
1789402164,268448086,407.588,robot_0_carried_generic_box,-1.502,2.296
1789402164,268489774,407.588,robot_1_carried_generic_box,-0.826,-0.624
1789402164,465476423,407.785,robot_2,-0.625,-3.194
1789402164,465548856,407.785,robot_1,-0.895,-0.691
1789402164,465610165,407.785,robot_0,-1.505,2.296
1789402164,465656368,407.785,robot_0_carried_generic_box,-1.501,2.296
1789402164,465693533,407.785,robot_1_carried_generic_box,-0.850,-0.647
1789402164,680806579,408.000,robot_2,-0.625,-3.194
1789402164,680887776,408.000,robot_1,-0.925,-0.721
1789402164,680940655,408.000,robot_0,-1.541,2.293
1789402164,680990472,408.000,robot_0_carried_generic_box,-1.502,2.297
1789402164,681030151,408.000,robot_1_carried_generic_box,-0.888,-0.685
1789402164,923996407,408.243,robot_2,-0.625,-3.194
1789402164,924083446,408.243,robot_1,-0.957,-0.753
1789402164,924139205,408.243,robot_0,-1.592,2.289
1789402164,924190992,408.243,robot_0_carried_generic_box,-1.523,2.295
1789402164,924235088,408.243,robot_1_carried_generic_box,-0.912,-0.708
1789402165,132193286,408.451,robot_2,-0.625,-3.194
1789402165,132280085,408.452,robot_1,-0.960,-0.756
1789402165,132337849,408.452,robot_0,-1.625,2.286
1789402165,132388660,408.452,robot_0_carried_generic_box,-1.559,2.292
1789402165,132432192,408.452,robot_1_carried_generic_box,-0.942,-0.737
1789402165,375220693,408.694,robot_2,-0.625,-3.194
1789402165,375297339,408.695,robot_1,-0.960,-0.756
1789402165,375338583,408.695,robot_0,-1.664,2.282
1789402165,375413176,408.695,robot_0_carried_generic_box,-1.610,2.287
1789402165,375449912,408.695,robot_1_carried_generic_box,-0.960,-0.756
1789402165,599712435,408.919,robot_2,-0.626,-3.194
1789402165,599809761,408.919,robot_1,-0.960,-0.755
1789402165,599862258,408.919,robot_0,-1.709,2.278
1789402165,599920412,408.919,robot_0_carried_generic_box,-1.652,2.283
1789402165,599969713,408.919,robot_1_carried_generic_box,-0.960,-0.756
1789402165,823808754,409.143,robot_2,-0.626,-3.195
1789402165,823916283,409.143,robot_1,-0.961,-0.755
1789402165,823962260,409.143,robot_0,-1.753,2.274
1789402165,824012458,409.143,robot_0_carried_generic_box,-1.688,2.280
1789402165,824054186,409.143,robot_1_carried_generic_box,-0.960,-0.756
1789402166,15290214,409.335,robot_2,-0.626,-3.195
1789402166,35692777,409.355,robot_1,-0.961,-0.755
1789402166,35790192,409.355,robot_0,-1.792,2.270
1789402166,35844341,409.355,robot_0_carried_generic_box,-1.718,2.277
1789402166,35880019,409.355,robot_1_carried_generic_box,-0.961,-0.755
1789402166,228966546,409.548,robot_2,-0.626,-3.195
1789402166,229038773,409.548,robot_1,-0.961,-0.755
1789402166,229082732,409.548,robot_0,-1.825,2.267
1789402166,229132409,409.548,robot_0_carried_generic_box,-1.756,2.273
1789402166,229169786,409.548,robot_1_carried_generic_box,-0.961,-0.755
1789402166,431405902,409.751,robot_2,-0.626,-3.195
1789402166,431475535,409.751,robot_1,-0.961,-0.755
1789402166,431520981,409.751,robot_0,-1.861,2.264
1789402166,431570025,409.751,robot_0_carried_generic_box,-1.798,2.269
1789402166,431621332,409.751,robot_1_carried_generic_box,-0.961,-0.755
1789402166,633383657,409.953,robot_2,-0.627,-3.195
1789402166,633460876,409.953,robot_1,-0.962,-0.755
1789402166,633508345,409.953,robot_0,-1.900,2.260
1789402166,633554666,409.953,robot_0_carried_generic_box,-1.834,2.266
1789402166,633591977,409.953,robot_1_carried_generic_box,-0.961,-0.755
1789402166,837955558,410.157,robot_2,-0.627,-3.196
1789402166,838032453,410.157,robot_1,-0.962,-0.755
1789402166,838073023,410.157,robot_0,-1.936,2.257
1789402166,838118294,410.157,robot_0_carried_generic_box,-1.867,2.263
1789402166,838153373,410.157,robot_1_carried_generic_box,-0.962,-0.755
1789402167,45433494,410.365,robot_2,-0.627,-3.196
1789402167,45514755,410.365,robot_1,-0.962,-0.755
1789402167,45570266,410.365,robot_0,-1.969,2.254
1789402167,54174415,410.373,robot_0_carried_generic_box,-1.903,2.260
1789402167,54269915,410.374,robot_1_carried_generic_box,-0.962,-0.755
1789402167,265891556,410.585,robot_2,-0.627,-3.196
1789402167,265982810,410.585,robot_1,-0.963,-0.755
1789402167,266037009,410.585,robot_0,-2.001,2.251
1789402167,266092114,410.585,robot_0_carried_generic_box,-1.939,2.256
1789402167,266139524,410.585,robot_1_carried_generic_box,-0.962,-0.755
1789402167,490675671,410.810,robot_2,-0.627,-3.196
1789402167,490755482,410.810,robot_1,-0.963,-0.755
1789402167,490802850,410.810,robot_0,-2.043,2.247
1789402167,490853473,410.810,robot_0_carried_generic_box,-1.989,2.252
1789402167,490895348,410.810,robot_1_carried_generic_box,-0.962,-0.755
1789402167,691365261,411.011,robot_2,-0.627,-3.196
1789402167,691444996,411.011,robot_1,-0.963,-0.756
1789402167,691487952,411.011,robot_0,-2.076,2.244
1789402167,691531593,411.011,robot_0_carried_generic_box,-2.031,2.248
1789402167,691571126,411.011,robot_1_carried_generic_box,-0.963,-0.755
1789402167,893891711,411.213,robot_2,-0.627,-3.197
1789402167,893976976,411.213,robot_1,-0.963,-0.756
1789402167,894028164,411.213,robot_0,-2.106,2.241
1789402167,894078906,411.213,robot_0_carried_generic_box,-2.064,2.245
1789402167,894122569,411.213,robot_1_carried_generic_box,-0.963,-0.755
1789402168,99051127,411.418,robot_2,-0.622,-3.196
1789402168,99131581,411.418,robot_1,-0.963,-0.756
1789402168,99179891,411.418,robot_0,-2.142,2.237
1789402168,99236014,411.418,robot_0_carried_generic_box,-2.085,2.243
1789402168,99281120,411.419,robot_1_carried_generic_box,-0.963,-0.756
1789402168,314249013,411.634,robot_2,-0.584,-3.193
1789402168,314328848,411.634,robot_1,-0.964,-0.756
1789402168,314374729,411.634,robot_0,-2.184,2.234
1789402168,314426242,411.634,robot_0_carried_generic_box,-2.124,2.239
1789402168,314462481,411.634,robot_1_carried_generic_box,-0.963,-0.756
1789402168,522781884,411.842,robot_2,-0.539,-3.188
1789402168,522851350,411.842,robot_1,-0.964,-0.756
1789402168,522896930,411.842,robot_0,-2.228,2.229
1789402168,522952637,411.842,robot_0_carried_generic_box,-2.154,2.236
1789402168,522997994,411.842,robot_1_carried_generic_box,-0.963,-0.756
1789402168,730088984,412.049,robot_2,-0.515,-3.186
1789402168,730174421,412.049,robot_1,-0.964,-0.757
1789402168,730218622,412.049,robot_0,-2.252,2.227
1789402168,730267728,412.050,robot_0_carried_generic_box,-2.199,2.232
1789402168,730305261,412.050,robot_1_carried_generic_box,-0.964,-0.756
1789402168,950368723,412.270,robot_2,-0.470,-3.181
1789402168,950439157,412.270,robot_1,-0.945,-0.766
1789402168,950485762,412.270,robot_0,-2.297,2.223
1789402168,950532614,412.270,robot_0_carried_generic_box,-2.228,2.229
1789402168,950570989,412.270,robot_1_carried_generic_box,-0.964,-0.756
1789402169,177933853,412.497,robot_2,-0.429,-3.177
1789402169,178061820,412.497,robot_1,-0.907,-0.785
1789402169,178109385,412.497,robot_0,-2.328,2.220
1789402169,178163557,412.497,robot_0_carried_generic_box,-2.288,2.224
1789402169,178200335,412.497,robot_1_carried_generic_box,-0.950,-0.764
1789402169,374831008,412.694,robot_2,-0.399,-3.174
1789402169,374906897,412.694,robot_1,-0.880,-0.798
1789402169,374950523,412.694,robot_0,-2.329,2.220
1789402169,375004216,412.694,robot_0_carried_generic_box,-2.309,2.222
1789402169,375049435,412.694,robot_1_carried_generic_box,-0.928,-0.774
1789402169,575129843,412.894,robot_2,-0.369,-3.171
1789402169,575205420,412.894,robot_1,-0.853,-0.811
1789402169,575252152,412.895,robot_0,-2.329,2.220
1789402169,575303014,412.895,robot_0_carried_generic_box,-2.329,2.220
1789402169,575342728,412.895,robot_1_carried_generic_box,-0.893,-0.791
1789402169,775491866,413.095,robot_2,-0.336,-3.167
1789402169,775566641,413.095,robot_1,-0.823,-0.825
1789402169,793243977,413.113,robot_0,-2.329,2.220
1789402169,793352036,413.113,robot_0_carried_generic_box,-2.329,2.220
1789402169,793399558,413.113,robot_1_carried_generic_box,-0.861,-0.807
1789402169,986396149,413.306,robot_2,-0.291,-3.163
1789402169,986470087,413.306,robot_1,-0.782,-0.845
1789402169,986509875,413.306,robot_0,-2.329,2.221
1789402169,986553969,413.306,robot_0_carried_generic_box,-2.329,2.220
1789402169,986592502,413.306,robot_1_carried_generic_box,-0.831,-0.821
1789402170,209407913,413.529,robot_2,-0.252,-3.159
1789402170,209497929,413.529,robot_1,-0.747,-0.862
1789402170,209556045,413.529,robot_0,-2.329,2.221
1789402170,223188872,413.542,robot_0_carried_generic_box,-2.329,2.221
1789402170,223300811,413.543,robot_1_carried_generic_box,-0.801,-0.836
1789402170,423108031,413.742,robot_2,-0.229,-3.157
1789402170,423198524,413.742,robot_1,-0.726,-0.872
1789402170,423239924,413.742,robot_0,-2.329,2.221
1789402170,423285214,413.743,robot_0_carried_generic_box,-2.329,2.221
1789402170,423325829,413.743,robot_1_carried_generic_box,-0.766,-0.852
1789402170,660999188,413.980,robot_2,-0.193,-3.153
1789402170,661098480,413.980,robot_1,-0.693,-0.888
1789402170,661153452,413.980,robot_0,-2.330,2.221
1789402170,661213568,413.980,robot_0_carried_generic_box,-2.329,2.221
1789402170,661262561,413.981,robot_1_carried_generic_box,-0.739,-0.865
1789402170,875191337,414.194,robot_2,-0.151,-3.149
1789402170,875284310,414.195,robot_1,-0.655,-0.906
1789402170,875339351,414.195,robot_0,-2.330,2.222
1789402170,875399710,414.195,robot_0_carried_generic_box,-2.329,2.221
1789402170,875449073,414.195,robot_1_carried_generic_box,-0.707,-0.881
1789402171,106904032,414.426,robot_2,-0.115,-3.145
1789402171,106998942,414.426,robot_1,-0.623,-0.921
1789402171,107044936,414.426,robot_0,-2.330,2.222
1789402171,107100245,414.426,robot_0_carried_generic_box,-2.330,2.221
1789402171,107147721,414.426,robot_1_carried_generic_box,-0.672,-0.898
1789402171,314093314,414.633,robot_2,-0.073,-3.141
1789402171,314175025,414.633,robot_1,-0.585,-0.940
1789402171,314207843,414.633,robot_0,-2.330,2.222
1789402171,314251723,414.634,robot_0_carried_generic_box,-2.330,2.222
1789402171,314287915,414.634,robot_1_carried_generic_box,-0.636,-0.915
1789402171,556495060,414.876,robot_2,-0.043,-3.138
1789402171,556619771,414.876,robot_1,-0.558,-0.953
1789402171,556667988,414.876,robot_0,-2.330,2.222
1789402171,556727295,414.876,robot_0_carried_generic_box,-2.330,2.222
1789402171,556777019,414.876,robot_1_carried_generic_box,-0.604,-0.930
1789402171,763985757,415.083,robot_2,0.001,-3.133
1789402171,764072138,415.083,robot_1,-0.517,-0.972
1789402171,764112153,415.083,robot_0,-2.331,2.222
1789402171,764160535,415.083,robot_0_carried_generic_box,-2.330,2.222
1789402171,764199219,415.083,robot_1_carried_generic_box,-0.582,-0.941
1789402171,973436313,415.293,robot_2,0.040,-3.129
1789402171,973519310,415.293,robot_1,-0.482,-0.989
1789402171,973556028,415.293,robot_0,-2.331,2.222
1789402171,973608946,415.293,robot_0_carried_generic_box,-2.331,2.222
1789402171,973647977,415.293,robot_1_carried_generic_box,-0.544,-0.959
1789402172,183127974,415.502,robot_2,0.073,-3.126
1789402172,183218790,415.502,robot_1,-0.453,-1.003
1789402172,183264523,415.503,robot_0,-2.331,2.222
1789402172,183318112,415.503,robot_0_carried_generic_box,-2.331,2.222
1789402172,183358062,415.503,robot_1_carried_generic_box,-0.507,-0.977
1789402172,384296986,415.704,robot_2,0.106,-3.123
1789402172,384383267,415.704,robot_1,-0.423,-1.018
1789402172,384426266,415.704,robot_0,-2.332,2.222
1789402172,384484228,415.704,robot_0_carried_generic_box,-2.331,2.222
1789402172,384532452,415.704,robot_1_carried_generic_box,-0.466,-0.997
1789402172,597365458,415.917,robot_2,0.142,-3.119
1789402172,599663752,415.919,robot_1,-0.390,-1.033
1789402172,599801825,415.919,robot_0,-2.332,2.222
1789402172,600643730,415.920,robot_0_carried_generic_box,-2.331,2.222
1789402172,600697208,415.920,robot_1_carried_generic_box,-0.450,-1.005
1789402172,811452673,416.131,robot_2,0.180,-3.115
1789402172,811566697,416.131,robot_1,-0.355,-1.050
1789402172,811635307,416.131,robot_0,-2.332,2.222
1789402172,814107774,416.133,robot_0_carried_generic_box,-2.332,2.222
1789402172,814217268,416.133,robot_1_carried_generic_box,-0.407,-1.025
1789402173,25461958,416.345,robot_2,0.210,-3.112
1789402173,25565176,416.345,robot_1,-0.328,-1.063
1789402173,33409692,416.353,robot_0,-2.332,2.222
1789402173,33538587,416.353,robot_0_carried_generic_box,-2.332,2.222
1789402173,33614586,416.353,robot_1_carried_generic_box,-0.369,-1.044
1789402173,248177119,416.567,robot_2,0.243,-3.109
1789402173,248262760,416.568,robot_1,-0.298,-1.077
1789402173,248306427,416.568,robot_0,-2.337,2.233
1789402173,248354774,416.568,robot_0_carried_generic_box,-2.332,2.222
1789402173,248393412,416.568,robot_1_carried_generic_box,-0.347,-1.054
1789402173,451830134,416.771,robot_2,0.276,-3.105
1789402173,451921573,416.771,robot_1,-0.269,-1.092
1789402173,451969232,416.771,robot_0,-2.346,2.254
1789402173,452017886,416.771,robot_0_carried_generic_box,-2.332,2.222
1789402173,452055176,416.771,robot_1_carried_generic_box,-0.323,-1.066
1789402173,667789564,416.987,robot_2,0.315,-3.101
1789402173,667885808,416.987,robot_1,-0.234,-1.109
1789402173,667933396,416.987,robot_0,-2.356,2.278
1789402173,667987985,416.987,robot_0_carried_generic_box,-2.337,2.233
1789402173,668034565,416.987,robot_1_carried_generic_box,-0.298,-1.077
1789402173,891252002,417.211,robot_2,0.356,-3.097
1789402173,891331080,417.211,robot_1,-0.196,-1.127
1789402173,891373896,417.211,robot_0,-2.361,2.292
1789402173,891417247,417.211,robot_0_carried_generic_box,-2.350,2.265
1789402173,891452706,417.211,robot_1_carried_generic_box,-0.247,-1.102
1789402174,101168624,417.420,robot_2,0.383,-3.094
1789402174,101248406,417.421,robot_1,-0.171,-1.139
1789402174,101293151,417.421,robot_0,-2.362,2.292
1789402174,101342156,417.421,robot_0_carried_generic_box,-2.360,2.289
1789402174,101380676,417.421,robot_1_carried_generic_box,-0.215,-1.118
1789402174,313648805,417.633,robot_2,0.416,-3.091
1789402174,313736121,417.633,robot_1,-0.142,-1.153
1789402174,313782696,417.633,robot_0,-2.362,2.292
1789402174,313828716,417.633,robot_0_carried_generic_box,-2.361,2.292
1789402174,313860730,417.633,robot_1_carried_generic_box,-0.188,-1.131
1789402174,524671345,417.844,robot_2,0.455,-3.087
1789402174,524777231,417.844,robot_1,-0.109,-1.169
1789402174,524828675,417.844,robot_0,-2.362,2.292
1789402174,524877640,417.844,robot_0_carried_generic_box,-2.362,2.292
1789402174,524912934,417.844,robot_1_carried_generic_box,-0.155,-1.146
1789402174,734816044,418.054,robot_2,0.491,-3.084
1789402174,734899377,418.054,robot_1,-0.102,-1.172
1789402174,734943820,418.054,robot_0,-2.362,2.291
1789402174,734995935,418.054,robot_0_carried_generic_box,-2.362,2.292
1789402174,735033527,418.054,robot_1_carried_generic_box,-0.123,-1.162
1789402174,963813605,418.283,robot_2,0.527,-3.080
1789402174,963886798,418.283,robot_1,-0.102,-1.172
1789402174,963934523,418.283,robot_0,-2.362,2.291
1789402174,963978215,418.283,robot_0_carried_generic_box,-2.362,2.291
1789402174,964012943,418.283,robot_1_carried_generic_box,-0.104,-1.171
1789402175,179242377,418.499,robot_2,0.562,-3.076
1789402175,179324635,418.499,robot_1,-0.102,-1.172
1789402175,179377602,418.499,robot_0,-2.362,2.291
1789402175,179427193,418.499,robot_0_carried_generic_box,-2.362,2.291
1789402175,179467837,418.499,robot_1_carried_generic_box,-0.102,-1.172
1789402175,382395591,418.702,robot_2,0.598,-3.073
1789402175,382786106,418.702,robot_1,-0.102,-1.172
1789402175,382847000,418.702,robot_0,-2.363,2.291
1789402175,382902967,418.702,robot_0_carried_generic_box,-2.362,2.291
1789402175,382946327,418.702,robot_1_carried_generic_box,-0.102,-1.172
1789402175,616823091,418.936,robot_2,0.640,-3.068
1789402175,616898369,418.936,robot_1,-0.102,-1.172
1789402175,616945549,418.936,robot_0,-2.363,2.290
1789402175,616991390,418.936,robot_0_carried_generic_box,-2.362,2.291
1789402175,617025452,418.936,robot_1_carried_generic_box,-0.102,-1.172
1789402175,826099234,419.145,robot_2,0.670,-3.065
1789402175,826192280,419.145,robot_1,-0.102,-1.172
1789402175,826244575,419.146,robot_0,-2.361,2.290
1789402175,826292780,419.146,robot_0_carried_generic_box,-2.363,2.290
1789402175,826333241,419.146,robot_1_carried_generic_box,-0.102,-1.172
1789402176,53024635,419.372,robot_2,0.706,-3.062
1789402176,53117258,419.372,robot_1,-0.102,-1.173
1789402176,53160615,419.372,robot_0,-2.333,2.285
1789402176,53217791,419.372,robot_0_carried_generic_box,-2.363,2.290
1789402176,53252077,419.373,robot_1_carried_generic_box,-0.102,-1.172
1789402176,274047883,419.593,robot_2,0.750,-3.057
1789402176,274133211,419.593,robot_1,-0.102,-1.173
1789402176,274186233,419.593,robot_0,-2.288,2.280
1789402176,281802584,419.601,robot_0_carried_generic_box,-2.345,2.287
1789402176,281930131,419.601,robot_1_carried_generic_box,-0.102,-1.172
1789402176,485053865,419.804,robot_2,0.783,-3.054
1789402176,485143283,419.804,robot_1,-0.102,-1.173
1789402176,485193391,419.804,robot_0,-2.256,2.277
1789402176,485247387,419.805,robot_0_carried_generic_box,-2.315,2.283
1789402176,485289766,419.805,robot_1_carried_generic_box,-0.102,-1.173
1789402176,716131291,420.035,robot_2,0.822,-3.050
1789402176,716216737,420.035,robot_1,-0.102,-1.174
1789402176,716252432,420.036,robot_0,-2.217,2.273
1789402176,716292525,420.036,robot_0_carried_generic_box,-2.273,2.278
1789402176,716321303,420.036,robot_1_carried_generic_box,-0.102,-1.173
1789402176,935144213,420.254,robot_2,0.858,-3.046
1789402176,935228262,420.254,robot_1,-0.102,-1.174
1789402176,935282807,420.255,robot_0,-2.181,2.269
1789402176,935339746,420.255,robot_0_carried_generic_box,-2.241,2.275
1789402176,935388969,420.255,robot_1_carried_generic_box,-0.102,-1.173
1789402177,171535356,420.491,robot_2,0.897,-3.042
1789402177,187808611,420.507,robot_1,-0.102,-1.174
1789402177,187919509,420.507,robot_0,-2.142,2.266
1789402177,187975707,420.507,robot_0_carried_generic_box,-2.190,2.270
1789402177,188020126,420.507,robot_1_carried_generic_box,-0.102,-1.174
1789402177,384785431,420.704,robot_2,0.932,-3.039
1789402177,384864608,420.704,robot_1,-0.102,-1.174
1789402177,384908625,420.704,robot_0,-2.106,2.262
1789402177,384958718,420.704,robot_0_carried_generic_box,-2.160,2.267
1789402177,384999921,420.704,robot_1_carried_generic_box,-0.102,-1.174
1789402177,596973447,420.916,robot_2,0.968,-3.035
1789402177,597063044,420.916,robot_1,-0.101,-1.174
1789402177,597110342,420.916,robot_0,-2.070,2.259
1789402177,597161136,420.916,robot_0_carried_generic_box,-2.136,2.265
1789402177,597205309,420.916,robot_1_carried_generic_box,-0.102,-1.174
1789402177,812319230,421.132,robot_2,1.004,-3.031
1789402177,812413775,421.132,robot_1,-0.101,-1.175
1789402177,812465784,421.132,robot_0,-2.035,2.255
1789402177,812524247,421.132,robot_0_carried_generic_box,-2.091,2.261
1789402177,812572086,421.132,robot_1_carried_generic_box,-0.102,-1.174
1789402178,22904764,421.342,robot_2,1.040,-3.028
1789402178,23020664,421.342,robot_1,-0.101,-1.175
1789402178,23073558,421.342,robot_0,-1.999,2.252
1789402178,23133408,421.342,robot_0_carried_generic_box,-2.058,2.258
1789402178,23180988,421.342,robot_1_carried_generic_box,-0.101,-1.175
1789402178,224603135,421.544,robot_2,1.079,-3.024
1789402178,224686916,421.544,robot_1,-0.101,-1.175
1789402178,226613694,421.546,robot_0,-1.960,2.248
1789402178,226712697,421.546,robot_0_carried_generic_box,-2.023,2.254
1789402178,226761412,421.546,robot_1_carried_generic_box,-0.101,-1.175
1789402178,436990978,421.756,robot_2,1.115,-3.020
1789402178,437081834,421.756,robot_1,-0.101,-1.175
1789402178,437121727,421.756,robot_0,-1.924,2.245
1789402178,437165506,421.756,robot_0_carried_generic_box,-1.981,2.250
1789402178,437205436,421.756,robot_1_carried_generic_box,-0.101,-1.175
1789402178,651159389,421.970,robot_2,1.144,-3.017
1789402178,651276565,421.971,robot_1,-0.100,-1.175
1789402178,651318828,421.971,robot_0,-1.894,2.242
1789402178,651365424,421.971,robot_0_carried_generic_box,-1.954,2.248
1789402178,651409501,421.971,robot_1_carried_generic_box,-0.101,-1.175
1789402178,853557485,422.173,robot_2,1.177,-3.014
1789402178,853670438,422.173,robot_1,-0.096,-1.162
1789402178,853728154,422.173,robot_0,-1.861,2.239
1789402178,853790178,422.173,robot_0_carried_generic_box,-1.921,2.245
1789402178,853839990,422.173,robot_1_carried_generic_box,-0.101,-1.175
1789402179,64148620,422.383,robot_2,1.216,-3.010
1789402179,64236105,422.384,robot_1,-0.083,-1.126
1789402179,64280825,422.384,robot_0,-1.823,2.235
1789402179,64323851,422.384,robot_0_carried_generic_box,-1.873,2.240
1789402179,64357388,422.384,robot_1_carried_generic_box,-0.100,-1.174
1789402179,278266918,422.598,robot_2,1.252,-3.006
1789402179,278353057,422.598,robot_1,-0.072,-1.092
1789402179,278399252,422.598,robot_0,-1.787,2.232
1789402179,278451828,422.598,robot_0_carried_generic_box,-1.834,2.236
1789402179,278492897,422.598,robot_1_carried_generic_box,-0.087,-1.137
1789402179,483025503,422.802,robot_2,1.276,-3.004
1789402179,483120189,422.802,robot_1,-0.064,-1.069
1789402179,483163449,422.802,robot_0,-1.763,2.229
1789402179,483205551,422.802,robot_0_carried_generic_box,-1.823,2.235
1789402179,483249098,422.803,robot_1_carried_generic_box,-0.081,-1.120
1789402179,699459934,423.019,robot_2,1.318,-3.000
1789402179,699547821,423.019,robot_1,-0.050,-1.029
1789402179,699592294,423.019,robot_0,-1.721,2.225
1789402179,699642463,423.019,robot_0_carried_generic_box,-1.772,2.230
1789402179,699676430,423.019,robot_1_carried_generic_box,-0.067,-1.077
1789402179,919187010,423.238,robot_2,1.359,-2.995
1789402179,919269942,423.239,robot_1,-0.037,-0.989
1789402179,919320551,423.239,robot_0,-1.679,2.221
1789402179,919376965,423.239,robot_0_carried_generic_box,-1.745,2.228
1789402179,919421582,423.239,robot_1_carried_generic_box,-0.058,-1.052
1789402180,146259426,423.466,robot_2,1.398,-2.991
1789402180,146339840,423.466,robot_1,-0.024,-0.952
1789402180,146393945,423.466,robot_0,-1.640,2.218
1789402180,146452219,423.466,robot_0_carried_generic_box,-1.706,2.224
1789402180,146489015,423.466,robot_1_carried_generic_box,-0.045,-1.015
1789402180,373424077,423.693,robot_2,1.428,-2.988
1789402180,373528963,423.693,robot_1,-0.014,-0.924
1789402180,373591005,423.693,robot_0,-1.610,2.215
1789402180,373653509,423.693,robot_0_carried_generic_box,-1.661,2.220
1789402180,373705389,423.693,robot_1_carried_generic_box,-0.031,-0.972
1789402180,568879034,423.888,robot_2,1.467,-2.984
1789402180,568947481,423.888,robot_1,-0.002,-0.887
1789402180,568986604,423.888,robot_0,-1.572,2.211
1789402180,569023574,423.888,robot_0_carried_generic_box,-1.634,2.217
1789402180,569052892,423.888,robot_1_carried_generic_box,-0.022,-0.947
1789402180,803244668,424.123,robot_2,1.509,-2.980
1789402180,803317719,424.123,robot_1,0.012,-0.847
1789402180,803358011,424.123,robot_0,-1.530,2.207
1789402180,803399200,424.123,robot_0_carried_generic_box,-1.587,2.212
1789402180,803427018,424.123,robot_1_carried_generic_box,-0.007,-0.901
1789402181,32464094,424.352,robot_2,1.550,-2.976
1789402181,32542863,424.352,robot_1,0.025,-0.808
1789402181,41432613,424.361,robot_0,-1.488,2.203
1789402181,41560845,424.361,robot_0_carried_generic_box,-1.548,2.209
1789402181,41623733,424.361,robot_1_carried_generic_box,0.006,-0.864
1789402181,271020960,424.590,robot_2,1.589,-2.972
1789402181,271087932,424.590,robot_1,0.038,-0.771
1789402181,271122598,424.590,robot_0,-1.449,2.199
1789402181,271157768,424.590,robot_0_carried_generic_box,-1.506,2.205
1789402181,271183013,424.590,robot_1_carried_generic_box,0.014,-0.842
1789402181,482932810,424.802,robot_2,1.622,-2.969
1789402181,483021941,424.802,robot_1,0.049,-0.740
1789402181,483078020,424.802,robot_0,-1.416,2.196
1789402181,483129355,424.802,robot_0_carried_generic_box,-1.455,2.200
1789402181,483166408,424.802,robot_1_carried_generic_box,0.035,-0.779
1789402181,686447803,425.006,robot_2,1.652,-2.966
1789402181,686541554,425.006,robot_1,0.058,-0.711
1789402181,686604490,425.006,robot_0,-1.387,2.193
1789402181,686655444,425.006,robot_0_carried_generic_box,-1.431,2.198
1789402181,686689070,425.006,robot_1_carried_generic_box,0.045,-0.751
1789402181,892186380,425.211,robot_2,1.688,-2.962
1789402181,892281424,425.212,robot_1,0.070,-0.677
1789402181,892337212,425.212,robot_0,-1.351,2.190
1789402181,892396411,425.212,robot_0_carried_generic_box,-1.407,2.195
1789402181,892439952,425.212,robot_1_carried_generic_box,0.048,-0.742
1789402182,99519201,425.419,robot_2,1.714,-2.959
1789402182,99614350,425.419,robot_1,0.079,-0.652
1789402182,99663925,425.419,robot_0,-1.324,2.187
1789402182,99717818,425.419,robot_0_carried_generic_box,-1.387,2.193
1789402182,99750162,425.419,robot_1_carried_generic_box,0.058,-0.711
1789402182,304918260,425.624,robot_2,1.750,-2.956
1789402182,304999558,425.624,robot_1,0.090,-0.617
1789402182,305043196,425.624,robot_0,-1.288,2.184
1789402182,305094112,425.624,robot_0_carried_generic_box,-1.336,2.188
1789402182,305135474,425.624,robot_1_carried_generic_box,0.074,-0.666
1789402182,522554436,425.842,robot_2,1.792,-2.951
1789402182,535022190,425.854,robot_1,0.104,-0.578
1789402182,535107384,425.854,robot_0,-1.246,2.180
1789402182,535160332,425.854,robot_0_carried_generic_box,-1.303,2.185
1789402182,535200883,425.854,robot_1_carried_generic_box,0.086,-0.629
1789402182,767987583,426.087,robot_2,1.831,-2.948
1789402182,768076530,426.087,robot_1,0.116,-0.541
1789402182,768115089,426.087,robot_0,-1.207,2.176
1789402182,768164485,426.087,robot_0_carried_generic_box,-1.258,2.181
1789402182,768201201,426.087,robot_1_carried_generic_box,0.096,-0.600
1789402182,984038356,426.303,robot_2,1.864,-2.944
1789402182,984111893,426.303,robot_1,0.127,-0.510
1789402182,984143571,426.303,robot_0,-1.174,2.173
1789402182,984181815,426.303,robot_0_carried_generic_box,-1.240,2.179
1789402182,984211861,426.303,robot_1_carried_generic_box,0.113,-0.552
1789402183,191355716,426.511,robot_2,1.894,-2.941
1789402183,198291065,426.518,robot_1,0.137,-0.481
1789402183,198402954,426.518,robot_0,-1.145,2.170
1789402183,198473631,426.518,robot_0_carried_generic_box,-1.195,2.175
1789402183,198526678,426.518,robot_1_carried_generic_box,0.118,-0.535
1789402183,418775091,426.738,robot_2,1.932,-2.937
1789402183,418871994,426.738,robot_1,0.149,-0.444
1789402183,418914026,426.738,robot_0,-1.106,2.166
1789402183,418965421,426.738,robot_0_carried_generic_box,-1.160,2.171
1789402183,419007761,426.738,robot_1_carried_generic_box,0.134,-0.490
1789402183,630281775,426.950,robot_2,1.968,-2.934
1789402183,630470241,426.950,robot_1,0.161,-0.410
1789402183,630516682,426.950,robot_0,-1.070,2.163
1789402183,630566115,426.950,robot_0_carried_generic_box,-1.130,2.169
1789402183,630619223,426.950,robot_1_carried_generic_box,0.143,-0.464
1789402183,837815668,427.157,robot_2,2.004,-2.930
1789402183,837886114,427.157,robot_1,0.173,-0.376
1789402183,837915823,427.157,robot_0,-1.034,2.159
1789402183,837955135,427.157,robot_0_carried_generic_box,-1.097,2.165
1789402183,837986687,427.157,robot_1_carried_generic_box,0.153,-0.433
1789402184,40265440,427.360,robot_2,2.034,-2.927
1789402184,56459409,427.376,robot_1,0.182,-0.348
1789402184,56559096,427.376,robot_0,-1.004,2.157
1789402184,56633698,427.376,robot_0_carried_generic_box,-1.064,2.162
1789402184,56686921,427.376,robot_1_carried_generic_box,0.166,-0.396
1789402184,245185846,427.564,robot_2,2.064,-2.924
1789402184,245284878,427.565,robot_1,0.192,-0.319
1789402184,245329677,427.565,robot_0,-0.974,2.154
1789402184,245376707,427.565,robot_0_carried_generic_box,-1.031,2.159
1789402184,245413305,427.565,robot_1_carried_generic_box,0.175,-0.370
1789402184,448028582,427.767,robot_2,2.097,-2.921
1789402184,448103504,427.767,robot_1,0.203,-0.288
1789402184,448146361,427.767,robot_0,-0.942,2.151
1789402184,448192660,427.767,robot_0_carried_generic_box,-0.995,2.156
1789402184,448227472,427.767,robot_1_carried_generic_box,0.187,-0.334
1789402184,674932538,427.994,robot_2,2.135,-2.917
1789402184,675014562,427.994,robot_1,0.215,-0.251
1789402184,675058513,427.994,robot_0,-0.903,2.147
1789402184,675101022,427.994,robot_0_carried_generic_box,-0.951,2.151
1789402184,675135524,427.994,robot_1_carried_generic_box,0.196,-0.308
1789402184,879381321,428.199,robot_2,2.168,-2.913
1789402184,879470850,428.199,robot_1,0.226,-0.220
1789402184,879525056,428.199,robot_0,-0.870,2.144
1789402184,879582774,428.221,robot_0_carried_generic_box,-0.921,2.149
1789402184,901406301,428.221,robot_1_carried_generic_box,0.210,-0.268
1789402185,88156869,428.407,robot_2,2.207,-2.909
1789402185,88228541,428.407,robot_1,0.239,-0.183
1789402185,88274842,428.408,robot_0,-0.831,2.140
1789402185,88325023,428.408,robot_0_carried_generic_box,-0.894,2.146
1789402185,88369350,428.408,robot_1_carried_generic_box,0.220,-0.237
1789402185,321380269,428.641,robot_2,2.239,-2.906
1789402185,321478150,428.641,robot_1,0.251,-0.146
1789402185,321533443,428.641,robot_0,-0.792,2.136
1789402185,321590973,428.641,robot_0_carried_generic_box,-0.846,2.141
1789402185,321649378,428.641,robot_1_carried_generic_box,0.235,-0.194
1789402185,546959695,428.866,robot_2,2.242,-2.906
1789402185,547060128,428.866,robot_1,0.264,-0.109
1789402185,547114119,428.866,robot_0,-0.753,2.132
1789402185,547173248,428.866,robot_0_carried_generic_box,-0.810,2.138
1789402185,547222504,428.866,robot_1_carried_generic_box,0.244,-0.166
1789402185,748797852,429.068,robot_2,2.242,-2.906
1789402185,748892750,429.068,robot_1,0.273,-0.084
1789402185,748935822,429.068,robot_0,-0.727,2.130
1789402185,748986474,429.068,robot_0_carried_generic_box,-0.780,2.135
1789402185,749029687,429.068,robot_1_carried_generic_box,0.255,-0.135
1789402185,963217574,429.282,robot_2,2.242,-2.906
1789402185,963299751,429.283,robot_1,0.284,-0.050
1789402185,963349547,429.283,robot_0,-0.691,2.126
1789402185,963403256,429.283,robot_0_carried_generic_box,-0.750,2.132
1789402185,963447625,429.283,robot_1_carried_generic_box,0.265,-0.106
1789402186,184412824,429.504,robot_2,2.242,-2.906
1789402186,184500713,429.504,robot_1,0.297,-0.013
1789402186,184548407,429.504,robot_0,-0.652,2.123
1789402186,184593965,429.518,robot_0_carried_generic_box,-0.706,2.128
1789402186,198585074,429.518,robot_1_carried_generic_box,0.279,-0.064
1789402186,402966437,429.722,robot_2,2.242,-2.907
1789402186,403045774,429.722,robot_1,0.308,0.021
1789402186,403086707,429.722,robot_0,-0.616,2.119
1789402186,403133508,429.722,robot_0_carried_generic_box,-0.676,2.125
1789402186,403176923,429.722,robot_1_carried_generic_box,0.290,-0.033
1789402186,613324060,429.933,robot_2,2.242,-2.907
1789402186,613405163,429.933,robot_1,0.318,0.050
1789402186,613449857,429.933,robot_0,-0.586,2.116
1789402186,613490580,429.933,robot_0_carried_generic_box,-0.640,2.122
1789402186,613523002,429.933,robot_1_carried_generic_box,0.297,-0.013
1789402186,825747643,430.145,robot_2,2.242,-2.907
1789402186,825834059,430.145,robot_1,0.331,0.087
1789402186,825878163,430.145,robot_0,-0.547,2.113
1789402186,825925020,430.145,robot_0_carried_generic_box,-0.598,2.118
1789402186,825956876,430.145,robot_1_carried_generic_box,0.313,0.036
1789402187,43904337,430.363,robot_2,2.242,-2.907
1789402187,43979190,430.363,robot_1,0.343,0.124
1789402187,44016073,430.363,robot_0,-0.509,2.109
1789402187,44055083,430.363,robot_0_carried_generic_box,-0.568,2.115
1789402187,44084965,430.363,robot_1_carried_generic_box,0.322,0.061
1789402187,245283442,430.565,robot_2,2.243,-2.907
1789402187,245369379,430.565,robot_1,0.356,0.160
1789402187,245423503,430.565,robot_0,-0.470,2.105
1789402187,245474192,430.565,robot_0_carried_generic_box,-0.523,2.110
1789402187,245514310,430.565,robot_1_carried_generic_box,0.333,0.092
1789402187,462523623,430.782,robot_2,2.243,-2.907
1789402187,462617165,430.782,robot_1,0.368,0.194
1789402187,462665138,430.782,robot_0,-0.434,2.102
1789402187,462712262,430.782,robot_0_carried_generic_box,-0.500,2.108
1789402187,462751381,430.782,robot_1_carried_generic_box,0.346,0.132
1789402187,691834548,431.011,robot_2,2.243,-2.908
1789402187,691922559,431.011,robot_1,0.379,0.229
1789402187,691968561,431.011,robot_0,-0.398,2.098
1789402187,692014010,431.011,robot_0_carried_generic_box,-0.443,2.103
1789402187,692045461,431.011,robot_1_carried_generic_box,0.364,0.183
1789402187,913272868,431.233,robot_2,2.243,-2.908
1789402187,913370488,431.233,robot_1,0.391,0.263
1789402187,913418165,431.233,robot_0,-0.362,2.095
1789402187,913468131,431.233,robot_0_carried_generic_box,-0.416,2.100
1789402187,913510250,431.233,robot_1_carried_generic_box,0.373,0.212
1789402188,130919649,431.450,robot_2,2.244,-2.908
1789402188,131029852,431.450,robot_1,0.403,0.300
1789402188,131079583,431.450,robot_0,-0.323,2.091
1789402188,131193427,431.450,robot_0_carried_generic_box,-0.380,2.097
1789402188,131236815,431.450,robot_1_carried_generic_box,0.385,0.246
1789402188,332230940,431.652,robot_2,2.244,-2.908
1789402188,332319855,431.652,robot_1,0.414,0.331
1789402188,332365376,431.652,robot_0,-0.291,2.088
1789402188,332422859,431.652,robot_0_carried_generic_box,-0.344,2.093
1789402188,332469580,431.652,robot_1_carried_generic_box,0.397,0.280
1789402188,541901808,431.861,robot_2,2.244,-2.908
1789402188,541983999,431.861,robot_1,0.425,0.362
1789402188,542020564,431.861,robot_0,-0.258,2.085
1789402188,542071799,431.861,robot_0_carried_generic_box,-0.305,2.089
1789402188,542113841,431.861,robot_1_carried_generic_box,0.408,0.314
1789402188,751039887,432.070,robot_2,2.244,-2.908
1789402188,751130649,432.070,robot_1,0.437,0.399
1789402188,751173517,432.070,robot_0,-0.219,2.081
1789402188,754496062,432.074,robot_0_carried_generic_box,-0.288,2.088
1789402188,754589727,432.074,robot_1_carried_generic_box,0.416,0.336
1789402188,973688529,432.293,robot_2,2.245,-2.908
1789402188,973794722,432.293,robot_1,0.450,0.436
1789402188,973833293,432.293,robot_0,-0.180,2.077
1789402188,973881026,432.293,robot_0_carried_generic_box,-0.234,2.083
1789402188,973918093,432.293,robot_1_carried_generic_box,0.432,0.382
1789402189,199038898,432.518,robot_2,2.245,-2.907
1789402189,199143645,432.518,robot_1,0.464,0.476
1789402189,199188256,432.518,robot_0,-0.138,2.073
1789402189,199247697,432.519,robot_0_carried_generic_box,-0.195,2.079
1789402189,199295171,432.519,robot_1_carried_generic_box,0.446,0.424
1789402189,412192706,432.731,robot_2,2.243,-2.903
1789402189,412311528,432.732,robot_1,0.473,0.504
1789402189,412350913,432.732,robot_0,-0.108,2.071
1789402189,412604821,432.732,robot_0_carried_generic_box,-0.153,2.075
1789402189,412654425,432.732,robot_1_carried_generic_box,0.452,0.441
1789402189,624445881,432.944,robot_2,2.227,-2.868
1789402189,624524692,432.944,robot_1,0.487,0.544
1789402189,624559615,432.944,robot_0,-0.067,2.067
1789402189,624613067,432.944,robot_0_carried_generic_box,-0.120,2.072
1789402189,624652726,432.944,robot_1_carried_generic_box,0.469,0.493
1789402189,842128388,433.161,robot_2,2.208,-2.828
1789402189,842213701,433.161,robot_1,0.501,0.586
1789402189,842250421,433.162,robot_0,-0.022,2.062
1789402189,842304798,433.162,robot_0_carried_generic_box,-0.096,2.069
1789402189,842345809,433.162,robot_1_carried_generic_box,0.478,0.518
1789402190,64156743,433.383,robot_2,2.194,-2.798
1789402190,64251066,433.384,robot_1,0.512,0.617
1789402190,64288859,433.384,robot_0,0.011,2.059
1789402190,64342444,433.384,robot_0_carried_generic_box,-0.055,2.065
1789402190,64383188,433.384,robot_1_carried_generic_box,0.492,0.558
1789402190,264883172,433.584,robot_2,2.176,-2.760
1789402190,264965960,433.584,robot_1,0.526,0.657
1789402190,265005049,433.584,robot_0,0.053,2.055
1789402190,265055118,433.584,robot_0_carried_generic_box,-0.001,2.060
1789402190,265095332,433.584,robot_1_carried_generic_box,0.510,0.612
1789402190,473414132,433.793,robot_2,2.160,-2.728
1789402190,473508328,433.793,robot_1,0.537,0.691
1789402190,473547584,433.793,robot_0,0.089,2.052
1789402190,473602457,433.793,robot_0_carried_generic_box,0.017,2.059
1789402190,473641022,433.793,robot_1_carried_generic_box,0.516,0.629
1789402190,691069230,434.010,robot_2,2.141,-2.687
1789402190,691162775,434.010,robot_1,0.552,0.734
1789402190,691210958,434.010,robot_0,0.134,2.047
1789402190,691261177,434.011,robot_0_carried_generic_box,0.074,2.053
1789402190,691300774,434.011,robot_1_carried_generic_box,0.532,0.677
1789402190,898158529,434.217,robot_2,2.127,-2.657
1789402190,898238725,434.218,robot_1,0.562,0.765
1789402190,898274496,434.218,robot_0,0.166,2.044
1789402190,898318213,434.218,robot_0_carried_generic_box,0.107,2.050
1789402190,898353846,434.218,robot_1_carried_generic_box,0.545,0.714
1789402191,110263004,434.430,robot_2,2.113,-2.627
1789402191,110347577,434.430,robot_1,0.573,0.796
1789402191,110387846,434.430,robot_0,0.199,2.041
1789402191,110435181,434.430,robot_0_carried_generic_box,0.145,2.046
1789402191,110475596,434.430,robot_1_carried_generic_box,0.558,0.751
1789402191,337238309,434.657,robot_2,2.095,-2.589
1789402191,337311368,434.657,robot_1,0.587,0.836
1789402191,337347163,434.657,robot_0,0.241,2.037
1789402191,337393373,434.657,robot_0_carried_generic_box,0.181,2.043
1789402191,337427946,434.657,robot_1_carried_generic_box,0.567,0.779
1789402191,544093403,434.863,robot_2,2.078,-2.554
1789402191,544212713,434.863,robot_1,0.599,0.873
1789402191,544252272,434.864,robot_0,0.280,2.033
1789402191,544300912,434.864,robot_0_carried_generic_box,0.211,2.040
1789402191,544340562,434.864,robot_1_carried_generic_box,0.579,0.813
1789402191,758567239,435.095,robot_2,2.060,-2.516
1789402191,775408731,435.095,robot_1,0.613,0.913
1789402191,775489572,435.095,robot_0,0.322,2.029
1789402191,775543461,435.095,robot_0_carried_generic_box,0.262,2.035
1789402191,775584414,435.095,robot_1_carried_generic_box,0.592,0.850
1789402191,964979216,435.284,robot_2,2.047,-2.489
1789402191,965053167,435.284,robot_1,0.623,0.941
1789402191,965091150,435.284,robot_0,0.351,2.026
1789402191,965143521,435.284,robot_0_carried_generic_box,0.304,2.031
1789402191,965187843,435.284,robot_1_carried_generic_box,0.603,0.884
1789402192,184206667,435.504,robot_2,2.030,-2.454
1789402192,184329888,435.504,robot_1,0.635,0.978
1789402192,184371281,435.504,robot_0,0.390,2.023
1789402192,184413674,435.504,robot_0_carried_generic_box,0.343,2.027
1789402192,184453328,435.504,robot_1_carried_generic_box,0.615,0.918
1789402192,387323581,435.707,robot_2,2.015,-2.421
1789402192,387399162,435.707,robot_1,0.644,1.004
1789402192,387467135,435.707,robot_0,0.426,2.019
1789402192,387508368,435.707,robot_0_carried_generic_box,0.366,2.025
1789402192,387540821,435.707,robot_1_carried_generic_box,0.628,0.958
1789402192,606075659,435.925,robot_2,1.995,-2.381
1789402192,606154887,435.925,robot_1,0.644,1.006
1789402192,606204472,435.925,robot_0,0.471,2.015
1789402192,606247808,435.926,robot_0_carried_generic_box,0.405,2.021
1789402192,606280522,435.926,robot_1_carried_generic_box,0.642,0.997
1789402192,813393830,436.133,robot_2,1.981,-2.351
1789402192,813479372,436.133,robot_1,0.644,1.006
1789402192,813524042,436.133,robot_0,0.504,2.012
1789402192,813567891,436.133,robot_0_carried_generic_box,0.447,2.017
1789402192,828424131,436.148,robot_1_carried_generic_box,0.645,1.005
1789402193,22457388,436.342,robot_2,1.963,-2.313
1789402193,22539400,436.342,robot_1,0.644,1.006
1789402193,22584361,436.342,robot_0,0.546,2.008
1789402193,22669372,436.342,robot_0_carried_generic_box,0.483,2.014
1789402193,22705679,436.342,robot_1_carried_generic_box,0.644,1.006
1789402193,237177473,436.556,robot_2,1.948,-2.280
1789402193,237322607,436.557,robot_1,0.645,1.005
1789402193,237398691,436.557,robot_0,0.581,2.004
1789402193,237490150,436.557,robot_0_carried_generic_box,0.525,2.010
1789402193,237564005,436.557,robot_1_carried_generic_box,0.644,1.006
1789402193,439667429,436.759,robot_2,1.934,-2.251
1789402193,440906604,436.760,robot_1,0.645,1.005
1789402193,440993793,436.760,robot_0,0.614,2.001
1789402193,445466197,436.765,robot_0_carried_generic_box,0.561,2.006
1789402193,447872926,436.767,robot_1_carried_generic_box,0.644,1.006
1789402193,658091207,436.977,robot_2,1.921,-2.223
1789402193,658187418,436.977,robot_1,0.645,1.005
1789402193,658244016,436.978,robot_0,0.644,1.998
1789402193,658339078,436.978,robot_0_carried_generic_box,0.587,2.004
1789402193,658387151,436.978,robot_1_carried_generic_box,0.645,1.005
1789402193,859985731,437.179,robot_2,1.904,-2.188
1789402193,860081616,437.179,robot_1,0.645,1.005
1789402193,860139249,437.179,robot_0,0.683,1.995
1789402193,860197828,437.179,robot_0_carried_generic_box,0.614,2.001
1789402193,860231878,437.179,robot_1_carried_generic_box,0.645,1.005
1789402194,64578338,437.384,robot_2,1.887,-2.153
1789402194,64674017,437.384,robot_1,0.646,1.005
1789402194,64722793,437.384,robot_0,0.722,1.991
1789402194,64778518,437.384,robot_0_carried_generic_box,0.650,1.998
1789402194,64826340,437.384,robot_1_carried_generic_box,0.645,1.005
1789402194,277491444,437.597,robot_2,1.873,-2.123
1789402194,277576835,437.597,robot_1,0.646,1.006
1789402194,277628840,437.597,robot_0,0.755,1.988
1789402194,277678005,437.597,robot_0_carried_generic_box,0.689,1.994
1789402194,277716674,437.597,robot_1_carried_generic_box,0.645,1.005
1789402194,489054382,437.808,robot_2,1.860,-2.096
1789402194,489146248,437.808,robot_1,0.646,1.006
1789402194,489194060,437.808,robot_0,0.785,1.985
1789402194,489245728,437.809,robot_0_carried_generic_box,0.734,1.990
1789402194,489292653,437.809,robot_1_carried_generic_box,0.646,1.005
1789402194,701183172,438.020,robot_2,1.846,-2.066
1789402194,701267147,438.021,robot_1,0.646,1.006
1789402194,701314139,438.021,robot_0,0.817,1.982
1789402194,701361155,438.021,robot_0_carried_generic_box,0.773,1.986
1789402194,701399963,438.021,robot_1_carried_generic_box,0.646,1.006
1789402194,919435548,438.239,robot_2,1.828,-2.028
1789402194,919515800,438.239,robot_1,0.646,1.006
1789402194,919557602,438.239,robot_0,0.859,1.978
1789402194,919608756,438.239,robot_0_carried_generic_box,0.805,1.983
1789402194,919646829,438.239,robot_1_carried_generic_box,0.646,1.006
1789402195,155579022,438.475,robot_2,1.810,-1.990
1789402195,155683580,438.475,robot_1,0.647,1.006
1789402195,155729142,438.475,robot_0,0.901,1.974
1789402195,155777495,438.475,robot_0_carried_generic_box,0.838,1.980
1789402195,155816794,438.475,robot_1_carried_generic_box,0.646,1.006
1789402195,366208305,438.685,robot_2,1.796,-1.961
1789402195,366288095,438.686,robot_1,0.647,1.006
1789402195,366331554,438.686,robot_0,0.934,1.971
1789402195,366381526,438.686,robot_0_carried_generic_box,0.871,1.977
1789402195,366422632,438.686,robot_1_carried_generic_box,0.647,1.006
1789402195,589050636,438.908,robot_2,1.779,-1.925
1789402195,589132012,438.908,robot_1,0.647,1.006
1789402195,589181945,438.908,robot_0,0.973,1.967
1789402195,589238390,438.909,robot_0_carried_generic_box,0.904,1.973
1789402195,589284341,438.909,robot_1_carried_generic_box,0.647,1.006
1789402195,808149399,439.127,robot_2,1.763,-1.890
1789402195,808243576,439.128,robot_1,0.647,1.007
1789402195,808287836,439.128,robot_0,1.011,1.963
1789402195,808340063,439.128,robot_0_carried_generic_box,0.949,1.969
1789402195,808377661,439.128,robot_1_carried_generic_box,0.647,1.006
1789402196,46924622,439.366,robot_2,1.748,-1.860
1789402196,47026912,439.366,robot_1,0.647,1.007
1789402196,47086342,439.366,robot_0,1.044,1.960
1789402196,47150947,439.366,robot_0_carried_generic_box,0.985,1.966
1789402196,47188831,439.366,robot_1_carried_generic_box,0.647,1.007
1789402196,263166850,439.582,robot_2,1.737,-1.836
1789402196,263265828,439.583,robot_1,0.647,1.007
1789402196,263313861,439.583,robot_0,1.071,1.957
1789402196,263366457,439.583,robot_0_carried_generic_box,1.011,1.963
1789402196,263406688,439.583,robot_1_carried_generic_box,0.647,1.007
1789402196,471208344,439.793,robot_2,1.721,-1.803
1789402196,473511414,439.793,robot_1,0.643,1.009
1789402196,473578914,439.793,robot_0,1.107,1.954
1789402196,473652549,439.793,robot_0_carried_generic_box,1.050,1.959
1789402196,473707464,439.793,robot_1_carried_generic_box,0.647,1.007
1789402196,694870714,440.014,robot_2,1.706,-1.771
1789402196,694968298,440.014,robot_1,0.612,1.016
1789402196,695017633,440.014,robot_0,1.143,1.950
1789402196,695074138,440.014,robot_0_carried_generic_box,1.080,1.957
1789402196,695118898,440.014,robot_1_carried_generic_box,0.645,1.008
1789402196,916699325,440.236,robot_2,1.689,-1.736
1789402196,916800195,440.236,robot_1,0.574,1.025
1789402196,916850166,440.236,robot_0,1.182,1.947
1789402196,916910946,440.236,robot_0_carried_generic_box,1.131,1.952
1789402196,916958340,440.236,robot_1_carried_generic_box,0.627,1.013
1789402197,124202627,440.443,robot_2,1.674,-1.703
1789402197,124298719,440.444,robot_1,0.539,1.033
1789402197,124338204,440.444,robot_0,1.218,1.943
1789402197,124382978,440.444,robot_0_carried_generic_box,1.158,1.949
1789402197,124419306,440.444,robot_1_carried_generic_box,0.598,1.020
1789402197,340015785,440.659,robot_2,1.658,-1.671
1789402197,340105080,440.659,robot_1,0.504,1.041
1789402197,340145675,440.659,robot_0,1.253,1.940
1789402197,340192030,440.659,robot_0_carried_generic_box,1.194,1.946
1789402197,340229512,440.659,robot_1_carried_generic_box,0.562,1.028
1789402197,550309754,440.870,robot_2,1.644,-1.641
1789402197,550403113,440.870,robot_1,0.472,1.049
1789402197,550455921,440.870,robot_0,1.286,1.937
1789402197,550518204,440.870,robot_0_carried_generic_box,1.226,1.942
1789402197,550582240,440.870,robot_1_carried_generic_box,0.533,1.035
1789402197,759307773,441.085,robot_2,1.627,-1.606
1789402197,765903936,441.085,robot_1,0.434,1.057
1789402197,765954964,441.085,robot_0,1.325,1.933
1789402197,766008516,441.085,robot_0_carried_generic_box,1.274,1.938
1789402197,766053150,441.085,robot_1_carried_generic_box,0.495,1.043
1789402197,962822948,441.282,robot_2,1.617,-1.584
1789402197,962900987,441.282,robot_1,0.410,1.063
1789402197,962946518,441.282,robot_0,1.349,1.931
1789402197,963002741,441.282,robot_0_carried_generic_box,1.286,1.937
1789402197,963040702,441.282,robot_1_carried_generic_box,0.466,1.050
1789402198,179280538,441.499,robot_2,1.603,-1.554
1789402198,179404995,441.499,robot_1,0.378,1.070
1789402198,179458825,441.499,robot_0,1.382,1.928
1789402198,179513586,441.499,robot_0_carried_generic_box,1.343,1.931
1789402198,179555985,441.499,robot_1_carried_generic_box,0.425,1.059
1789402198,386591631,441.706,robot_2,1.585,-1.516
1789402198,386666566,441.706,robot_1,0.337,1.079
1789402198,386710071,441.706,robot_0,1.424,1.924
1789402198,386755956,441.706,robot_0_carried_generic_box,1.367,1.929
1789402198,386798021,441.706,robot_1_carried_generic_box,0.390,1.067
1789402198,592782721,441.912,robot_2,1.572,-1.489
1789402198,592864238,441.912,robot_1,0.308,1.086
1789402198,592909747,441.912,robot_0,1.453,1.921
1789402198,592952787,441.912,robot_0_carried_generic_box,1.388,1.927
1789402198,592991482,441.912,robot_1_carried_generic_box,0.378,1.070
1789402198,825007698,442.144,robot_2,1.555,-1.454
1789402198,825097626,442.144,robot_1,0.270,1.095
1789402198,825154906,442.144,robot_0,1.492,1.917
1789402198,825210376,442.144,robot_0_carried_generic_box,1.433,1.923
1789402198,825252473,442.145,robot_1_carried_generic_box,0.323,1.083
1789402199,42924233,442.362,robot_2,1.541,-1.424
1789402199,43004179,442.362,robot_1,0.238,1.102
1789402199,43063707,442.362,robot_0,1.525,1.914
1789402199,43116723,442.362,robot_0_carried_generic_box,1.471,1.919
1789402199,43158974,442.362,robot_1_carried_generic_box,0.285,1.091
1789402199,245203380,442.564,robot_2,1.531,-1.404
1789402199,245275234,442.565,robot_1,0.203,1.110
1789402199,245319670,442.565,robot_0,1.561,1.910
1789402199,245363082,442.565,robot_0_carried_generic_box,1.498,1.916
1789402199,245400371,442.565,robot_1_carried_generic_box,0.261,1.097
1789402199,462546323,442.782,robot_2,1.531,-1.403
1789402199,462625120,442.782,robot_1,0.162,1.120
1789402199,462670084,442.782,robot_0,1.603,1.906
1789402199,462709563,442.782,robot_0_carried_generic_box,1.537,1.913
1789402199,462740633,442.782,robot_1_carried_generic_box,0.229,1.104
1789402199,664871350,442.984,robot_2,1.531,-1.403
1789402199,664963103,442.984,robot_1,0.133,1.126
1789402199,665017214,442.984,robot_0,1.633,1.904
1789402199,665058572,442.984,robot_0_carried_generic_box,1.576,1.909
1789402199,665092936,442.984,robot_1_carried_generic_box,0.188,1.114
1789402199,920826112,443.240,robot_2,1.532,-1.403
1789402199,920916007,443.240,robot_1,0.103,1.133
1789402199,920968259,443.240,robot_0,1.662,1.901
1789402199,921072603,443.240,robot_0_carried_generic_box,1.603,1.906
1789402199,921115552,443.240,robot_1_carried_generic_box,0.141,1.124
1789402200,128497171,443.448,robot_2,1.532,-1.403
1789402200,128581706,443.464,robot_1,0.068,1.141
1789402200,144791907,443.464,robot_0,1.698,1.897
1789402200,144878189,443.464,robot_0_carried_generic_box,1.651,1.902
1789402200,144929341,443.464,robot_1_carried_generic_box,0.115,1.130
1789402200,336055341,443.655,robot_2,1.532,-1.403
1789402200,336135414,443.655,robot_1,0.033,1.149
1789402200,336193743,443.655,robot_0,1.734,1.894
1789402200,336259237,443.656,robot_0_carried_generic_box,1.671,1.900
1789402200,336298803,443.656,robot_1_carried_generic_box,0.092,1.136
1789402200,548428420,443.868,robot_2,1.532,-1.403
1789402200,548508262,443.868,robot_1,0.001,1.156
1789402200,548561020,443.868,robot_0,1.767,1.891
1789402200,548627748,443.868,robot_0_carried_generic_box,1.707,1.896
1789402200,548672297,443.868,robot_1_carried_generic_box,0.059,1.143
1789402200,763758454,444.083,robot_2,1.532,-1.402
1789402200,763844395,444.083,robot_1,-0.034,1.164
1789402200,763904410,444.083,robot_0,1.803,1.887
1789402200,763967582,444.083,robot_0_carried_generic_box,1.740,1.893
1789402200,764020711,444.083,robot_1_carried_generic_box,0.027,1.150
1789402200,965143372,444.284,robot_2,1.532,-1.402
1789402200,965218378,444.284,robot_1,-0.063,1.171
1789402200,965272563,444.285,robot_0,1.833,1.884
1789402200,965325957,444.285,robot_0_carried_generic_box,1.770,1.890
1789402200,965371020,444.285,robot_1_carried_generic_box,-0.002,1.157
1789402201,172972815,444.492,robot_2,1.532,-1.402
1789402201,173053365,444.492,robot_1,-0.093,1.178
1789402201,173100959,444.492,robot_0,1.863,1.881
1789402201,173156546,444.492,robot_0_carried_generic_box,1.800,1.887
1789402201,173197352,444.492,robot_1_carried_generic_box,-0.031,1.164
1789402201,382496877,444.702,robot_2,1.532,-1.402
1789402201,382570850,444.702,robot_1,-0.122,1.184
1789402201,382644735,444.702,robot_0,1.892,1.879
1789402201,382702191,444.702,robot_0_carried_generic_box,1.830,1.885
1789402201,382750296,444.702,robot_1_carried_generic_box,-0.078,1.174
1789402201,611398482,444.931,robot_2,1.532,-1.402
1789402201,611480248,444.931,robot_1,-0.154,1.192
1789402201,611526841,444.931,robot_0,1.925,1.875
1789402201,611582018,444.931,robot_0_carried_generic_box,1.877,1.880
1789402201,611636588,444.931,robot_1_carried_generic_box,-0.107,1.181
1789402201,831223395,445.151,robot_2,1.532,-1.401
1789402201,831305976,445.151,robot_1,-0.189,1.200
1789402201,831368041,445.151,robot_0,1.961,1.872
1789402201,831423999,445.151,robot_0_carried_generic_box,1.904,1.877
1789402201,831467985,445.151,robot_1_carried_generic_box,-0.134,1.187
1789402202,61004569,445.381,robot_2,1.532,-1.401
1789402202,61388467,445.381,robot_1,-0.221,1.207
1789402202,61444478,445.381,robot_0,1.994,1.869
1789402202,61501734,445.381,robot_0_carried_generic_box,1.931,1.875
1789402202,61548785,445.381,robot_1_carried_generic_box,-0.163,1.194
1789402202,293856308,445.613,robot_2,1.532,-1.401
1789402202,293931997,445.613,robot_1,-0.256,1.215
1789402202,293982983,445.613,robot_0,2.030,1.865
1789402202,294041016,445.613,robot_0_carried_generic_box,1.979,1.870
1789402202,294090803,445.613,robot_1_carried_generic_box,-0.198,1.202
1789402202,501468314,445.821,robot_2,1.532,-1.401
1789402202,501548141,445.821,robot_1,-0.286,1.222
1789402202,501593911,445.829,robot_0,2.060,1.863
1789402202,509469942,445.829,robot_0_carried_generic_box,2.012,1.867
1789402202,509542605,445.829,robot_1_carried_generic_box,-0.227,1.208
1789402202,728913383,446.055,robot_2,1.532,-1.401
1789402202,735357809,446.055,robot_1,-0.312,1.228
1789402202,735447982,446.055,robot_0,2.087,1.860
1789402202,735520113,446.055,robot_0_carried_generic_box,2.042,1.864
1789402202,735577430,446.055,robot_1_carried_generic_box,-0.271,1.218
1789402202,958571893,446.278,robot_2,1.532,-1.400
1789402202,958664290,446.278,robot_1,-0.338,1.234
1789402202,958718077,446.278,robot_0,2.113,1.857
1789402202,958773667,446.278,robot_0_carried_generic_box,2.063,1.862
1789402202,958822096,446.278,robot_1_carried_generic_box,-0.294,1.224
1789402203,174356634,446.494,robot_2,1.528,-1.402
1789402203,174444497,446.494,robot_1,-0.371,1.241
1789402203,174492412,446.494,robot_0,2.146,1.854
1789402203,174551112,446.494,robot_0_carried_generic_box,2.098,1.859
1789402203,187754106,446.507,robot_1_carried_generic_box,-0.318,1.229
1789402203,410164615,446.729,robot_2,1.506,-1.415
1789402203,410246397,446.730,robot_1,-0.400,1.248
1789402203,410289019,446.730,robot_0,2.176,1.851
1789402203,410346285,446.730,robot_0_carried_generic_box,2.128,1.856
1789402203,410388372,446.730,robot_1_carried_generic_box,-0.359,1.238
1789402203,624825382,446.944,robot_2,1.475,-1.434
1789402203,624924795,446.944,robot_1,-0.435,1.256
1789402203,624977132,446.944,robot_0,2.212,1.848
1789402203,625044860,446.944,robot_0_carried_generic_box,2.161,1.853
1789402203,625101959,446.944,robot_1_carried_generic_box,-0.388,1.245
1789402203,829452807,447.149,robot_2,1.449,-1.449
1789402203,829539690,447.149,robot_1,-0.464,1.262
1789402203,829585381,447.149,robot_0,2.242,1.845
1789402203,829643027,447.149,robot_0_carried_generic_box,2.191,1.850
1789402203,829682914,447.149,robot_1_carried_generic_box,-0.417,1.252
1789402204,75445932,447.395,robot_2,1.426,-1.463
1789402204,75541973,447.395,robot_1,-0.490,1.268
1789402204,75610934,447.395,robot_0,2.269,1.842
1789402204,75672793,447.395,robot_0_carried_generic_box,2.212,1.848
1789402204,75719791,447.395,robot_1_carried_generic_box,-0.441,1.257
1789402204,276147516,447.595,robot_2,1.392,-1.484
1789402204,276221863,447.595,robot_1,-0.528,1.277
1789402204,276261611,447.596,robot_0,2.308,1.839
1789402204,276316335,447.596,robot_0_carried_generic_box,2.248,1.844
1789402204,276360368,447.596,robot_1_carried_generic_box,-0.461,1.262
1789402204,484349580,447.804,robot_2,1.364,-1.501
1789402204,484428494,447.804,robot_1,-0.561,1.284
1789402204,484471881,447.804,robot_0,2.327,1.837
1789402204,484526034,447.804,robot_0_carried_generic_box,2.278,1.842
1789402204,484572935,447.804,robot_1_carried_generic_box,-0.499,1.270
1789402204,702328746,448.022,robot_2,1.341,-1.515
1789402204,702411209,448.022,robot_1,-0.587,1.291
1789402204,702451204,448.022,robot_0,2.327,1.837
1789402204,702509908,448.022,robot_0_carried_generic_box,2.316,1.838
1789402204,702550062,448.022,robot_1_carried_generic_box,-0.520,1.275
1789402204,920452975,448.240,robot_2,1.315,-1.530
1789402204,920535258,448.240,robot_1,-0.616,1.297
1789402204,920575164,448.240,robot_0,2.327,1.837
1789402204,920634906,448.240,robot_0_carried_generic_box,2.327,1.837
1789402204,920672410,448.240,robot_1_carried_generic_box,-0.572,1.287
1789402205,145407269,448.465,robot_2,1.295,-1.542
1789402205,145510959,448.465,robot_1,-0.640,1.303
1789402205,145555332,448.465,robot_0,2.327,1.837
1789402205,145616495,448.465,robot_0_carried_generic_box,2.327,1.837
1789402205,145654737,448.465,robot_1_carried_generic_box,-0.599,1.293
1789402205,356844927,448.676,robot_2,1.264,-1.561
1789402205,356932527,448.676,robot_1,-0.675,1.311
1789402205,356987559,448.676,robot_0,2.327,1.837
1789402205,357050599,448.676,robot_0_carried_generic_box,2.327,1.837
1789402205,357099266,448.676,robot_1_carried_generic_box,-0.622,1.299
1789402205,575481750,448.895,robot_2,1.231,-1.581
1789402205,575573819,448.895,robot_1,-0.713,1.319
1789402205,575645206,448.895,robot_0,2.327,1.837
1789402205,575707518,448.895,robot_0_carried_generic_box,2.327,1.837
1789402205,575747570,448.895,robot_1_carried_generic_box,-0.651,1.305
1789402205,783316038,449.103,robot_2,1.202,-1.598
1789402205,783403094,449.103,robot_1,-0.745,1.327
1789402205,783455087,449.103,robot_0,2.327,1.837
1789402205,783690410,449.103,robot_0_carried_generic_box,2.327,1.837
1789402205,783757213,449.103,robot_1_carried_generic_box,-0.681,1.312
1789402206,9412564,449.329,robot_2,1.179,-1.612
1789402206,9494561,449.329,robot_1,-0.771,1.333
1789402206,9549061,449.329,robot_0,2.327,1.837
1789402206,9617942,449.329,robot_0_carried_generic_box,2.327,1.837
1789402206,9661834,449.329,robot_1_carried_generic_box,-0.716,1.320
1789402206,235564796,449.555,robot_2,1.149,-1.631
1789402206,235681628,449.555,robot_1,-0.806,1.341
1789402206,235748848,449.555,robot_0,2.327,1.836
1789402206,235805873,449.555,robot_0_carried_generic_box,2.327,1.837
1789402206,235852629,449.555,robot_1_carried_generic_box,-0.762,1.331
1789402206,473587580,449.793,robot_2,1.120,-1.648
1789402206,473703398,449.793,robot_1,-0.838,1.348
1789402206,473757100,449.793,robot_0,2.328,1.836
1789402206,473814590,449.793,robot_0_carried_generic_box,2.327,1.836
1789402206,473866237,449.793,robot_1_carried_generic_box,-0.783,1.335
1789402206,686794403,450.006,robot_2,1.097,-1.662
1789402206,686948541,450.006,robot_1,-0.865,1.354
1789402206,687023163,450.006,robot_0,2.328,1.836
1789402206,687100141,450.006,robot_0_carried_generic_box,2.328,1.836
1789402206,687165545,450.006,robot_1_carried_generic_box,-0.818,1.343
1789402206,883425249,450.203,robot_2,1.077,-1.674
1789402206,883521519,450.203,robot_1,-0.888,1.359
1789402206,883573257,450.203,robot_0,2.328,1.836
1789402206,883642415,450.203,robot_0_carried_generic_box,2.328,1.836
1789402206,883687185,450.203,robot_1_carried_generic_box,-0.844,1.349
1789402207,129644520,450.449,robot_2,1.051,-1.690
1789402207,129740098,450.449,robot_1,-0.917,1.366
1789402207,129783132,450.449,robot_0,2.328,1.836
1789402207,129839553,450.449,robot_0_carried_generic_box,2.328,1.836
1789402207,129879261,450.449,robot_1_carried_generic_box,-0.879,1.357
1789402207,344356365,450.664,robot_2,1.023,-1.707
1789402207,344458701,450.664,robot_1,-0.950,1.373
1789402207,344517701,450.664,robot_0,2.328,1.835
1789402207,344588412,450.681,robot_0_carried_generic_box,2.328,1.836
1789402207,361998709,450.681,robot_1_carried_generic_box,-0.903,1.363
1789402207,549694525,450.869,robot_2,0.994,-1.724
1789402207,549799601,450.869,robot_1,-0.982,1.381
1789402207,549856292,450.869,robot_0,2.328,1.835
1789402207,549924347,450.869,robot_0_carried_generic_box,2.328,1.835
1789402207,549980254,450.869,robot_1_carried_generic_box,-0.935,1.370
1789402207,768933209,451.088,robot_2,0.966,-1.741
1789402207,769024263,451.088,robot_1,-1.014,1.388
1789402207,769072255,451.088,robot_0,2.328,1.835
1789402207,769130113,451.088,robot_0_carried_generic_box,2.328,1.835
1789402207,769177238,451.088,robot_1_carried_generic_box,-0.955,1.375
1789402207,999474781,451.319,robot_2,0.938,-1.758
1789402207,999605357,451.319,robot_1,-1.046,1.395
1789402207,999660438,451.319,robot_0,2.329,1.835
1789402207,999725882,451.319,robot_0_carried_generic_box,2.328,1.835
1789402207,999777625,451.319,robot_1_carried_generic_box,-1.005,1.386
1789402208,223255045,451.543,robot_2,0.920,-1.769
1789402208,223381203,451.543,robot_1,-1.067,1.400
1789402208,223454777,451.543,robot_0,2.329,1.835
1789402208,223533026,451.543,robot_0_carried_generic_box,2.328,1.835
1789402208,223606405,451.543,robot_1_carried_generic_box,-1.026,1.391
1789402208,436883773,451.756,robot_2,0.894,-1.785
1789402208,436994471,451.761,robot_1,-1.096,1.407
1789402208,441752069,451.761,robot_0,2.329,1.835
1789402208,441841522,451.761,robot_0_carried_generic_box,2.328,1.835
1789402208,441892263,451.761,robot_1_carried_generic_box,-1.049,1.396
1789402208,646909744,451.966,robot_2,0.869,-1.800
1789402208,646988839,451.969,robot_1,-1.125,1.413
1789402208,650042337,451.969,robot_0,2.328,1.833
1789402208,650146914,451.969,robot_0_carried_generic_box,2.329,1.835
1789402208,650203582,451.969,robot_1_carried_generic_box,-1.075,1.402
1789402208,884650721,452.204,robot_2,0.840,-1.817
1789402208,884765093,452.204,robot_1,-1.157,1.421
1789402208,884809411,452.204,robot_0,2.320,1.814
1789402208,884863771,452.204,robot_0_carried_generic_box,2.329,1.835
1789402208,884906421,452.204,robot_1_carried_generic_box,-1.110,1.410
1789402209,92514012,452.412,robot_2,0.815,-1.833
1789402209,92609358,452.412,robot_1,-1.187,1.427
1789402209,92664253,452.412,robot_0,2.313,1.795
1789402209,92722948,452.412,robot_0_carried_generic_box,2.328,1.831
1789402209,92768335,452.412,robot_1_carried_generic_box,-1.131,1.415
1789402209,337790700,452.657,robot_2,0.789,-1.848
1789402209,337894707,452.657,robot_1,-1.216,1.434
1789402209,337945769,452.657,robot_0,2.306,1.780
1789402209,338011522,452.657,robot_0_carried_generic_box,2.317,1.807
1789402209,338061556,452.657,robot_1_carried_generic_box,-1.169,1.423
1789402209,530954872,452.850,robot_2,0.761,-1.865
1789402209,531045848,452.850,robot_1,-1.248,1.441
1789402209,531095923,452.850,robot_0,2.306,1.780
1789402209,535151914,452.855,robot_0_carried_generic_box,2.309,1.788
1789402209,535344825,452.855,robot_1_carried_generic_box,-1.198,1.430
1789402209,738295203,453.058,robot_2,0.727,-1.885
1789402209,743702793,453.063,robot_1,-1.286,1.450
1789402209,743805346,453.063,robot_0,2.306,1.780
1789402209,743871510,453.063,robot_0_carried_generic_box,2.306,1.780
1789402209,743922037,453.063,robot_1_carried_generic_box,-1.233,1.438
1789402209,951013746,453.270,robot_2,0.699,-1.902
1789402209,951102011,453.270,robot_1,-1.318,1.457
1789402209,951146180,453.270,robot_0,2.306,1.779
1789402209,951195304,453.270,robot_0_carried_generic_box,2.306,1.780
1789402209,951234224,453.270,robot_1_carried_generic_box,-1.263,1.445
1789402210,170820243,453.490,robot_2,0.671,-1.920
1789402210,170909195,453.490,robot_1,-1.350,1.465
1789402210,170954321,453.490,robot_0,2.306,1.779
1789402210,171008456,453.490,robot_0_carried_generic_box,2.306,1.779
1789402210,171048959,453.490,robot_1_carried_generic_box,-1.295,1.452
1789402210,375416099,453.695,robot_2,0.648,-1.934
1789402210,375505665,453.695,robot_1,-1.377,1.471
1789402210,375541667,453.695,robot_0,2.307,1.779
1789402210,384429445,453.704,robot_0_carried_generic_box,2.306,1.779
1789402210,384567554,453.704,robot_1_carried_generic_box,-1.333,1.461
1789402210,601850566,453.921,robot_2,0.622,-1.949
1789402210,601945184,453.921,robot_1,-1.406,1.478
1789402210,601985323,453.921,robot_0,2.307,1.779
1789402210,602036970,453.921,robot_0_carried_generic_box,2.307,1.779
1789402210,602078570,453.921,robot_1_carried_generic_box,-1.359,1.467
1789402210,804469826,454.124,robot_2,0.597,-1.965
1789402210,804561936,454.124,robot_1,-1.435,1.484
1789402210,804613966,454.124,robot_0,2.307,1.780
1789402210,808995448,454.128,robot_0_carried_generic_box,2.307,1.779
1789402210,809129716,454.128,robot_1_carried_generic_box,-1.394,1.475
1789402211,18252652,454.338,robot_2,0.571,-1.980
1789402211,18346241,454.338,robot_1,-1.464,1.491
1789402211,18392389,454.338,robot_0,2.307,1.780
1789402211,18450042,454.338,robot_0_carried_generic_box,2.307,1.779
1789402211,18493732,454.338,robot_1_carried_generic_box,-1.403,1.477
1789402211,233531736,454.553,robot_2,0.543,-1.997
1789402211,233638168,454.553,robot_1,-1.497,1.498
1789402211,233681404,454.553,robot_0,2.308,1.780
1789402211,233740735,454.553,robot_0_carried_generic_box,2.307,1.780
1789402211,233793703,454.553,robot_1_carried_generic_box,-1.447,1.487
1789402211,434479958,454.754,robot_2,0.522,-2.010
1789402211,434586984,454.754,robot_1,-1.520,1.504
1789402211,434678356,454.754,robot_0,2.308,1.780
1789402211,434735706,454.754,robot_0_carried_generic_box,2.308,1.780
1789402211,434783134,454.754,robot_1_carried_generic_box,-1.476,1.494
1789402211,674754240,454.994,robot_2,0.494,-2.027
1789402211,674841710,454.994,robot_1,-1.552,1.511
1789402211,674885640,454.994,robot_0,2.308,1.780
1789402211,674943934,454.994,robot_0_carried_generic_box,2.308,1.780
1789402211,674987984,454.994,robot_1_carried_generic_box,-1.499,1.499
1789402211,890017015,455.209,robot_2,0.466,-2.044
1789402211,890094371,455.209,robot_1,-1.584,1.518
1789402211,890131597,455.209,robot_0,2.308,1.780
1789402211,890180031,455.209,robot_0_carried_generic_box,2.308,1.780
1789402211,890226454,455.209,robot_1_carried_generic_box,-1.537,1.508
1789402212,126732649,455.446,robot_2,0.440,-2.059
1789402212,126877340,455.446,robot_1,-1.614,1.525
1789402212,126932367,455.446,robot_0,2.308,1.780
1789402212,127000238,455.446,robot_0_carried_generic_box,2.308,1.780
1789402212,127052963,455.446,robot_1_carried_generic_box,-1.570,1.515
1789402212,335392784,455.655,robot_2,0.414,-2.075
1789402212,335481134,455.655,robot_1,-1.643,1.532
1789402212,335537960,455.655,robot_0,2.309,1.780
1789402212,335614188,455.655,robot_0_carried_generic_box,2.308,1.780
1789402212,335669636,455.655,robot_1_carried_generic_box,-1.587,1.519
1789402212,550301236,455.870,robot_2,0.391,-2.089
1789402212,550411495,455.870,robot_1,-1.669,1.538
1789402212,550478356,455.870,robot_0,2.309,1.781
1789402212,550554699,455.870,robot_0_carried_generic_box,2.309,1.780
1789402212,550624522,455.870,robot_1_carried_generic_box,-1.625,1.528
1789402212,779188834,456.099,robot_2,0.371,-2.101
1789402212,779332347,456.099,robot_1,-1.692,1.543
1789402212,779387019,456.099,robot_0,2.309,1.781
1789402212,779441611,456.099,robot_0_carried_generic_box,2.309,1.780
1789402212,781175425,456.100,robot_1_carried_generic_box,-1.640,1.531
1789402212,997302159,456.317,robot_2,0.340,-2.120
1789402212,997417136,456.317,robot_1,-1.728,1.551
1789402212,997478555,456.317,robot_0,2.309,1.781
1789402212,997550585,456.317,robot_0_carried_generic_box,2.309,1.781
1789402212,997618099,456.317,robot_1_carried_generic_box,-1.684,1.541
1789402213,212957730,456.532,robot_2,0.314,-2.135
1789402213,213049304,456.532,robot_1,-1.757,1.558
1789402213,213098829,456.532,robot_0,2.309,1.781
1789402213,213165543,456.532,robot_0_carried_generic_box,2.309,1.781
1789402213,213218755,456.532,robot_1_carried_generic_box,-1.692,1.543
1789402213,440065512,456.759,robot_2,0.286,-2.152
1789402213,440171230,456.759,robot_1,-1.789,1.565
1789402213,440221802,456.759,robot_0,2.309,1.781
1789402213,440282199,456.760,robot_0_carried_generic_box,2.309,1.781
1789402213,440338268,456.760,robot_1_carried_generic_box,-1.736,1.553
1789402213,663131734,456.982,robot_2,0.263,-2.166
1789402213,663248355,456.983,robot_1,-1.815,1.571
1789402213,663306867,456.983,robot_0,2.309,1.782
1789402213,663379307,456.983,robot_0_carried_generic_box,2.309,1.781
1789402213,663434996,456.983,robot_1_carried_generic_box,-1.771,1.561
1789402213,864548732,457.184,robot_2,0.232,-2.185
1789402213,864648902,457.184,robot_1,-1.850,1.579
1789402213,864702173,457.184,robot_0,2.309,1.782
1789402213,864761685,457.184,robot_0_carried_generic_box,2.309,1.782
1789402213,864809147,457.184,robot_1_carried_generic_box,-1.798,1.567
1789402214,90209923,457.409,robot_2,0.201,-2.204
1789402214,90313880,457.410,robot_1,-1.886,1.587
1789402214,90375160,457.410,robot_0,2.309,1.782
1789402214,93498055,457.413,robot_0_carried_generic_box,2.309,1.782
1789402214,93618871,457.413,robot_1_carried_generic_box,-1.824,1.573
1789402214,302214311,457.621,robot_2,0.178,-2.218
1789402214,302306797,457.622,robot_1,-1.912,1.593
1789402214,302347341,457.622,robot_0,2.309,1.782
1789402214,302401436,457.622,robot_0_carried_generic_box,2.309,1.782
1789402214,302448037,457.622,robot_1_carried_generic_box,-1.845,1.578
1789402214,514551460,457.834,robot_2,0.152,-2.233
1789402214,514650936,457.834,robot_1,-1.941,1.600
1789402214,514704452,457.834,robot_0,2.309,1.783
1789402214,514764863,457.834,robot_0_carried_generic_box,2.309,1.782
1789402214,514817404,457.834,robot_1_carried_generic_box,-1.903,1.591
1789402214,746299385,458.066,robot_2,0.129,-2.247
1789402214,746405596,458.066,robot_1,-1.967,1.606
1789402214,746453706,458.066,robot_0,2.309,1.783
1789402214,746508312,458.066,robot_0_carried_generic_box,2.309,1.782
1789402214,746548235,458.066,robot_1_carried_generic_box,-1.924,1.596
1789402214,953325257,458.273,robot_2,0.098,-2.266
1789402214,953425375,458.273,robot_1,-2.003,1.614
1789402214,953473327,458.273,robot_0,2.309,1.783
1789402214,953530881,458.273,robot_0_carried_generic_box,2.309,1.783
1789402214,953566268,458.273,robot_1_carried_generic_box,-1.953,1.602
1789402215,164138611,458.483,robot_2,0.073,-2.281
1789402215,164235314,458.484,robot_1,-2.032,1.620
1789402215,164280709,458.484,robot_0,2.309,1.783
1789402215,164340854,458.484,robot_0_carried_generic_box,2.309,1.783
1789402215,164390207,458.484,robot_1_carried_generic_box,-1.976,1.608
1789402215,375071380,458.694,robot_2,0.045,-2.298
1789402215,375171132,458.694,robot_1,-2.064,1.628
1789402215,375212130,458.694,robot_0,2.306,1.782
1789402215,375268669,458.695,robot_0_carried_generic_box,2.309,1.783
1789402215,375312599,458.695,robot_1_carried_generic_box,-2.003,1.614
1789402215,605960317,458.925,robot_2,0.019,-2.314
1789402215,606062489,458.925,robot_1,-2.093,1.635
1789402215,606108419,458.925,robot_0,2.286,1.768
1789402215,606164180,458.925,robot_0_carried_generic_box,2.309,1.783
1789402215,606208089,458.925,robot_1_carried_generic_box,-2.046,1.624
1789402215,831920800,459.151,robot_2,-0.012,-2.332
1789402215,838970083,459.158,robot_1,-2.128,1.643
1789402215,839082952,459.158,robot_0,2.256,1.747
1789402215,839151534,459.158,robot_0_carried_generic_box,2.296,1.775
1789402215,839208274,459.158,robot_1_carried_generic_box,-2.081,1.632
1789402216,55357909,459.375,robot_2,-0.040,-2.349
1789402216,55443718,459.375,robot_1,-2.150,1.647
1789402216,55492860,459.375,robot_0,2.230,1.728
1789402216,55547961,459.375,robot_0_carried_generic_box,2.278,1.763
1789402216,55589221,459.387,robot_1_carried_generic_box,-2.102,1.637
1789402216,287938833,459.607,robot_2,-0.076,-2.371
1789402216,288090475,459.607,robot_1,-2.151,1.648
1789402216,288161876,459.607,robot_0,2.195,1.704
1789402216,288235777,459.608,robot_0_carried_generic_box,2.254,1.745
1789402216,288295442,459.608,robot_1_carried_generic_box,-2.137,1.644
1789402216,483907190,459.803,robot_2,-0.102,-2.387
1789402216,484009331,459.803,robot_1,-2.151,1.648
1789402216,484070249,459.803,robot_0,2.171,1.686
1789402216,484135374,459.803,robot_0_carried_generic_box,2.215,1.718
1789402216,484187382,459.803,robot_1_carried_generic_box,-2.151,1.648
1789402216,702620618,460.022,robot_2,-0.125,-2.401
1789402216,702705589,460.022,robot_1,-2.151,1.648
1789402216,702754211,460.022,robot_0,2.149,1.670
1789402216,702805178,460.022,robot_0_carried_generic_box,2.183,1.695
1789402216,702850061,460.022,robot_1_carried_generic_box,-2.151,1.648
1789402216,926823771,460.246,robot_2,-0.161,-2.422
1789402216,926900192,460.246,robot_1,-2.151,1.648
1789402216,926946098,460.246,robot_0,2.128,1.655
1789402216,926995001,460.246,robot_0_carried_generic_box,2.156,1.676
1789402216,927031734,460.246,robot_1_carried_generic_box,-2.151,1.648
1789402217,145538775,460.465,robot_2,-0.187,-2.438
1789402217,145629298,460.465,robot_1,-2.151,1.649
1789402217,145679805,460.465,robot_0,2.128,1.655
1789402217,145746591,460.465,robot_0_carried_generic_box,2.139,1.664
1789402217,145788964,460.465,robot_1_carried_generic_box,-2.151,1.648
1789402217,366253507,460.686,robot_2,-0.217,-2.456
1789402217,366357029,460.686,robot_1,-2.151,1.649
1789402217,366418255,460.686,robot_0,2.128,1.655
1789402217,366485714,460.686,robot_0_carried_generic_box,2.128,1.655
1789402217,366538024,460.686,robot_1_carried_generic_box,-2.151,1.648
1789402217,571678993,460.891,robot_2,-0.240,-2.470
1789402217,574696423,460.894,robot_1,-2.151,1.649
1789402217,574804016,460.894,robot_0,2.128,1.655
1789402217,574874388,460.894,robot_0_carried_generic_box,2.128,1.655
1789402217,574926379,460.894,robot_1_carried_generic_box,-2.151,1.649
1789402217,774396651,461.094,robot_2,-0.266,-2.486
1789402217,774480214,461.094,robot_1,-2.151,1.649
1789402217,774528604,461.094,robot_0,2.128,1.655
1789402217,774579983,461.094,robot_0_carried_generic_box,2.128,1.655
1789402217,789813770,461.109,robot_1_carried_generic_box,-2.151,1.649
1789402217,979547718,461.299,robot_2,-0.292,-2.501
1789402217,979648225,461.299,robot_1,-2.151,1.649
1789402217,979704883,461.299,robot_0,2.128,1.655
1789402217,979764480,461.299,robot_0_carried_generic_box,2.128,1.655
1789402217,979807578,461.299,robot_1_carried_generic_box,-2.151,1.649
1789402218,196861722,461.517,robot_2,-0.323,-2.520
1789402218,198282291,461.518,robot_1,-2.151,1.650
1789402218,198361090,461.518,robot_0,2.128,1.655
1789402218,198416579,461.518,robot_0_carried_generic_box,2.128,1.655
1789402218,198458643,461.518,robot_1_carried_generic_box,-2.151,1.649
1789402218,394178357,461.713,robot_2,-0.346,-2.534
1789402218,394269500,461.714,robot_1,-2.151,1.650
1789402218,394327247,461.714,robot_0,2.128,1.655
1789402218,394387473,461.714,robot_0_carried_generic_box,2.128,1.655
1789402218,394435151,461.714,robot_1_carried_generic_box,-2.151,1.649
1789402218,598616795,461.918,robot_2,-0.371,-2.550
1789402218,598698093,461.918,robot_1,-2.152,1.650
1789402218,598746171,461.918,robot_0,2.128,1.655
1789402218,598800233,461.918,robot_0_carried_generic_box,2.128,1.655
1789402218,598845434,461.918,robot_1_carried_generic_box,-2.151,1.650
1789402218,814856243,462.134,robot_2,-0.397,-2.565
1789402218,814943381,462.134,robot_1,-2.152,1.650
1789402218,815008458,462.134,robot_0,2.128,1.656
1789402218,815075089,462.134,robot_0_carried_generic_box,2.128,1.655
1789402218,815132991,462.134,robot_1_carried_generic_box,-2.151,1.650
1789402219,25453247,462.345,robot_2,-0.423,-2.581
1789402219,25534430,462.345,robot_1,-2.152,1.650
1789402219,25586249,462.345,robot_0,2.128,1.656
1789402219,25662197,462.352,robot_0_carried_generic_box,2.128,1.656
1789402219,33358133,462.353,robot_1_carried_generic_box,-2.152,1.650
1789402219,257534361,462.577,robot_2,-0.454,-2.599
1789402219,257628986,462.577,robot_1,-2.152,1.650
1789402219,257695110,462.577,robot_0,2.128,1.656
1789402219,257765406,462.577,robot_0_carried_generic_box,2.128,1.656
1789402219,257820294,462.577,robot_1_carried_generic_box,-2.152,1.650
1789402219,488929362,462.808,robot_2,-0.482,-2.616
1789402219,489017395,462.808,robot_1,-2.152,1.650
1789402219,489083042,462.808,robot_0,2.127,1.656
1789402219,489149888,462.808,robot_0_carried_generic_box,2.128,1.656
1789402219,489203816,462.808,robot_1_carried_generic_box,-2.152,1.650
1789402219,693165105,463.012,robot_2,-0.502,-2.629
1789402219,693247576,463.013,robot_1,-2.153,1.650
1789402219,693309688,463.013,robot_0,2.127,1.656
1789402219,693372546,463.013,robot_0_carried_generic_box,2.128,1.656
1789402219,693427758,463.013,robot_1_carried_generic_box,-2.152,1.650
1789402219,924125810,463.243,robot_2,-0.533,-2.647
1789402219,924223819,463.243,robot_1,-2.153,1.650
1789402219,924283975,463.244,robot_0,2.127,1.656
1789402219,924340622,463.244,robot_0_carried_generic_box,2.127,1.656
1789402219,924383837,463.244,robot_1_carried_generic_box,-2.152,1.650
1789402220,135677051,463.455,robot_2,-0.559,-2.663
1789402220,135779968,463.455,robot_1,-2.153,1.652
1789402220,135849997,463.455,robot_0,2.127,1.656
1789402220,135929790,463.455,robot_0_carried_generic_box,2.127,1.656
1789402220,135994303,463.455,robot_1_carried_generic_box,-2.153,1.650
1789402220,354347635,463.674,robot_2,-0.587,-2.680
1789402220,354441441,463.674,robot_1,-2.149,1.671
1789402220,354503450,463.674,robot_0,2.127,1.656
1789402220,354559570,463.674,robot_0_carried_generic_box,2.127,1.656
1789402220,354614130,463.674,robot_1_carried_generic_box,-2.153,1.650
1789402220,576414854,463.896,robot_2,-0.615,-2.697
1789402220,576500802,463.896,robot_1,-2.145,1.693
1789402220,576557504,463.896,robot_0,2.126,1.656
1789402220,576628368,463.896,robot_0_carried_generic_box,2.127,1.656
1789402220,576678575,463.896,robot_1_carried_generic_box,-2.152,1.656
1789402220,785561333,464.105,robot_2,-0.638,-2.711
1789402220,785656815,464.105,robot_1,-2.141,1.710
1789402220,785709358,464.105,robot_0,2.126,1.656
1789402220,785766514,464.105,robot_0_carried_generic_box,2.127,1.656
1789402220,785814506,464.105,robot_1_carried_generic_box,-2.149,1.673
1789402220,995639759,464.315,robot_2,-0.667,-2.728
1789402220,995741989,464.315,robot_1,-2.141,1.713
1789402220,995796399,464.315,robot_0,2.126,1.656
1789402220,995856145,464.315,robot_0_carried_generic_box,2.126,1.656
1789402220,995906417,464.315,robot_1_carried_generic_box,-2.144,1.695
1789402221,215021238,464.534,robot_2,-0.700,-2.748
1789402221,215115714,464.534,robot_1,-2.141,1.713
1789402221,215163350,464.534,robot_0,2.126,1.656
1789402221,215217257,464.534,robot_0_carried_generic_box,2.126,1.656
1789402221,215263624,464.535,robot_1_carried_generic_box,-2.141,1.713
1789402221,424469888,464.744,robot_2,-0.723,-2.762
1789402221,424580567,464.744,robot_1,-2.141,1.713
1789402221,424655626,464.744,robot_0,2.125,1.656
1789402221,424722913,464.744,robot_0_carried_generic_box,2.126,1.656
1789402221,424767060,464.744,robot_1_carried_generic_box,-2.141,1.713
1789402221,630127065,464.949,robot_2,-0.749,-2.778
1789402221,630348541,464.950,robot_1,-2.141,1.713
1789402221,630425878,464.950,robot_0,2.122,1.664
1789402221,630492227,464.950,robot_0_carried_generic_box,2.125,1.656
1789402221,630543380,464.950,robot_1_carried_generic_box,-2.141,1.713
1789402221,836414659,465.156,robot_2,-0.769,-2.790
1789402221,836511963,465.156,robot_1,-2.141,1.713
1789402221,836561593,465.156,robot_0,2.116,1.678
1789402221,836630011,465.156,robot_0_carried_generic_box,2.125,1.656
1789402221,836678254,465.156,robot_1_carried_generic_box,-2.141,1.713
1789402222,76329623,465.396,robot_2,-0.800,-2.809
1789402222,76425398,465.396,robot_1,-2.142,1.713
1789402222,76476448,465.396,robot_0,2.106,1.700
1789402222,76532468,465.396,robot_0_carried_generic_box,2.120,1.667
1789402222,76578598,465.396,robot_1_carried_generic_box,-2.141,1.713
1789402222,297342996,465.617,robot_2,-0.826,-2.824
1789402222,297437236,465.617,robot_1,-2.142,1.713
1789402222,297495595,465.617,robot_0,2.103,1.707
1789402222,297560466,465.617,robot_0_carried_generic_box,2.116,1.678
1789402222,297619800,465.617,robot_1_carried_generic_box,-2.141,1.713
1789402222,508903498,465.828,robot_2,-0.852,-2.840
1789402222,508988442,465.828,robot_1,-2.142,1.713
1789402222,509039293,465.828,robot_0,2.103,1.707
1789402222,509094796,465.828,robot_0_carried_generic_box,2.103,1.707
1789402222,509137465,465.828,robot_1_carried_generic_box,-2.142,1.713
1789402222,741718633,466.061,robot_2,-0.880,-2.857
1789402222,741823612,466.061,robot_1,-2.142,1.713
1789402222,741877036,466.061,robot_0,2.103,1.707
1789402222,741941198,466.061,robot_0_carried_generic_box,2.103,1.707
1789402222,741989637,466.061,robot_1_carried_generic_box,-2.142,1.713
1789402222,965705594,466.285,robot_2,-0.903,-2.871
1789402222,965795160,466.285,robot_1,-2.142,1.712
1789402222,965851605,466.285,robot_0,2.103,1.707
1789402222,967808086,466.287,robot_0_carried_generic_box,2.103,1.707
1789402222,967936889,466.287,robot_1_carried_generic_box,-2.142,1.713
1789402223,187487971,466.507,robot_2,-0.926,-2.885
1789402223,187589431,466.507,robot_1,-2.131,1.699
1789402223,187642421,466.507,robot_0,2.102,1.707
1789402223,192944349,466.512,robot_0_carried_generic_box,2.103,1.707
1789402223,193073722,466.512,robot_1_carried_generic_box,-2.142,1.713
1789402223,400340372,466.720,robot_2,-0.952,-2.900
1789402223,400455302,466.720,robot_1,-2.111,1.676
1789402223,400515431,466.720,robot_0,2.102,1.706
1789402223,400580114,466.720,robot_0_carried_generic_box,2.102,1.707
1789402223,400642949,466.720,robot_1_carried_generic_box,-2.136,1.705
1789402223,610017862,466.929,robot_2,-0.980,-2.917
1789402223,610119146,466.929,robot_1,-2.089,1.651
1789402223,610177819,466.929,robot_0,2.102,1.706
1789402223,610240944,466.930,robot_0_carried_generic_box,2.102,1.707
1789402223,610293397,466.930,robot_1_carried_generic_box,-2.121,1.687
1789402223,811169890,467.130,robot_2,-1.000,-2.930
1789402223,811264251,467.131,robot_1,-2.073,1.633
1789402223,811306786,467.131,robot_0,2.102,1.706
1789402223,811363732,467.131,robot_0_carried_generic_box,2.102,1.706
1789402223,811408272,467.131,robot_1_carried_generic_box,-2.103,1.667
1789402224,33317867,467.353,robot_2,-1.024,-2.944
1789402224,33464746,467.353,robot_1,-2.055,1.613
1789402224,33542554,467.353,robot_0,2.102,1.706
1789402224,33635545,467.353,robot_0_carried_generic_box,2.102,1.706
1789402224,33689562,467.353,robot_1_carried_generic_box,-2.093,1.656
1789402224,251384308,467.571,robot_2,-1.047,-2.958
1789402224,251471849,467.571,robot_1,-2.037,1.593
1789402224,251515562,467.571,robot_0,2.102,1.706
1789402224,251572910,467.571,robot_0_carried_generic_box,2.102,1.706
1789402224,251628375,467.571,robot_1_carried_generic_box,-2.067,1.627
1789402224,466502226,467.786,robot_2,-1.072,-2.973
1789402224,466593376,467.786,robot_1,-2.017,1.571
1789402224,466651704,467.786,robot_0,2.102,1.705
1789402224,466706721,467.786,robot_0_carried_generic_box,2.102,1.706
1789402224,466753319,467.786,robot_1_carried_generic_box,-2.053,1.611
1789402224,691517245,468.011,robot_2,-1.098,-2.989
1789402224,691683852,468.011,robot_1,-1.997,1.549
1789402224,691743423,468.011,robot_0,2.102,1.705
1789402224,691813799,468.011,robot_0_carried_generic_box,2.102,1.705
1789402224,691867688,468.011,robot_1_carried_generic_box,-2.033,1.589
1789402224,903657894,468.223,robot_2,-1.119,-3.001
1789402224,903775317,468.223,robot_1,-1.981,1.531
1789402224,903842731,468.223,robot_0,2.102,1.705
1789402224,903926620,468.223,robot_0_carried_generic_box,2.102,1.705
1789402224,903993214,468.223,robot_1_carried_generic_box,-2.013,1.567
1789402225,133945580,468.453,robot_2,-1.142,-3.015
1789402225,134045163,468.453,robot_1,-1.963,1.511
1789402225,134096055,468.453,robot_0,2.102,1.705
1789402225,134156938,468.453,robot_0_carried_generic_box,2.102,1.705
1789402225,134204482,468.453,robot_1_carried_generic_box,-1.989,1.540
1789402225,344960302,468.664,robot_2,-1.158,-3.025
1789402225,345076145,468.664,robot_1,-1.949,1.495
1789402225,345127061,468.664,robot_0,2.102,1.705
1789402225,345192774,468.664,robot_0_carried_generic_box,2.102,1.705
1789402225,345248356,468.665,robot_1_carried_generic_box,-1.973,1.522
1789402225,561798228,468.881,robot_2,-1.166,-3.030
1789402225,561902527,468.881,robot_1,-1.929,1.473
1789402225,561959332,468.881,robot_0,2.102,1.704
1789402225,562022973,468.881,robot_0_carried_generic_box,2.102,1.705
1789402225,562078941,468.881,robot_1_carried_generic_box,-1.961,1.509
1789402225,771825969,469.091,robot_2,-1.166,-3.030
1789402225,771931237,469.091,robot_1,-1.911,1.453
1789402225,771986200,469.091,robot_0,2.102,1.704
1789402225,772051779,469.091,robot_0_carried_generic_box,2.102,1.705
1789402225,772102274,469.091,robot_1_carried_generic_box,-1.945,1.491
1789402225,981523325,469.301,robot_2,-1.166,-3.030
1789402225,998056878,469.317,robot_1,-1.893,1.433
1789402225,998166617,469.317,robot_0,2.102,1.704
1789402225,998238530,469.318,robot_0_carried_generic_box,2.102,1.704
1789402225,998295423,469.318,robot_1_carried_generic_box,-1.921,1.464
1789402226,204810818,469.524,robot_2,-1.166,-3.030
1789402226,204898667,469.524,robot_1,-1.874,1.413
1789402226,204941424,469.524,robot_0,2.102,1.704
1789402226,204990406,469.524,robot_0_carried_generic_box,2.102,1.704
1789402226,205031524,469.524,robot_1_carried_generic_box,-1.903,1.444
1789402226,417404922,469.737,robot_2,-1.166,-3.030
1789402226,417502726,469.737,robot_1,-1.858,1.395
1789402226,417551738,469.737,robot_0,2.102,1.704
1789402226,417628704,469.737,robot_0_carried_generic_box,2.102,1.704
1789402226,417683072,469.737,robot_1_carried_generic_box,-1.887,1.426
1789402226,652871449,469.972,robot_2,-1.166,-3.030
1789402226,652980262,469.972,robot_1,-1.838,1.373
1789402226,653025907,469.972,robot_0,2.102,1.703
1789402226,653086928,469.972,robot_0_carried_generic_box,2.102,1.704
1789402226,653132267,469.972,robot_1_carried_generic_box,-1.866,1.404
1789402226,861872122,470.181,robot_2,-1.166,-3.030
1789402226,862013441,470.181,robot_1,-1.818,1.350
1789402226,862089622,470.181,robot_0,2.102,1.703
1789402226,862168816,470.181,robot_0_carried_generic_box,2.102,1.704
1789402226,862230939,470.181,robot_1_carried_generic_box,-1.848,1.384
1789402227,69418965,470.389,robot_2,-1.167,-3.030
1789402227,69536830,470.389,robot_1,-1.800,1.330
1789402227,69614874,470.389,robot_0,2.102,1.703
1789402227,69682454,470.389,robot_0_carried_generic_box,2.102,1.703
1789402227,69739602,470.389,robot_1_carried_generic_box,-1.832,1.366
1789402227,272101612,470.591,robot_2,-1.167,-3.030
1789402227,272196586,470.591,robot_1,-1.782,1.310
1789402227,272249058,470.592,robot_0,2.102,1.703
1789402227,272308480,470.592,robot_0_carried_generic_box,2.102,1.703
1789402227,276514381,470.596,robot_1_carried_generic_box,-1.814,1.346
1789402227,490175228,470.809,robot_2,-1.167,-3.030
1789402227,490302042,470.810,robot_1,-1.764,1.290
1789402227,490362422,470.810,robot_0,2.102,1.703
1789402227,490424579,470.810,robot_0_carried_generic_box,2.102,1.703
1789402227,490468105,470.810,robot_1_carried_generic_box,-1.796,1.326
1789402227,703737114,471.023,robot_2,-1.167,-3.030
1789402227,703901960,471.023,robot_1,-1.748,1.272
1789402227,703968062,471.023,robot_0,2.103,1.703
1789402227,704031874,471.023,robot_0_carried_generic_box,2.102,1.703
1789402227,704079541,471.023,robot_1_carried_generic_box,-1.782,1.310
1789402227,912211965,471.231,robot_2,-1.167,-3.030
1789402227,912301908,471.232,robot_1,-1.728,1.250
1789402227,912350223,471.232,robot_0,2.103,1.703
1789402227,912402246,471.232,robot_0_carried_generic_box,2.102,1.703
1789402227,912444184,471.232,robot_1_carried_generic_box,-1.756,1.281
1789402228,142622755,471.462,robot_2,-1.167,-3.029
1789402228,142711935,471.462,robot_1,-1.708,1.228
1789402228,142765691,471.462,robot_0,2.103,1.702
1789402228,142821859,471.462,robot_0_carried_generic_box,2.103,1.703
1789402228,142868731,471.462,robot_1_carried_generic_box,-1.744,1.268
1789402228,365717343,471.685,robot_2,-1.168,-3.029
1789402228,365836775,471.685,robot_1,-1.688,1.205
1789402228,365904623,471.685,robot_0,2.103,1.702
1789402228,365973348,471.685,robot_0_carried_generic_box,2.103,1.703
1789402228,378863719,471.698,robot_1_carried_generic_box,-1.720,1.241
1789402228,590270887,471.910,robot_2,-1.168,-3.029
1789402228,590373463,471.910,robot_1,-1.668,1.183
1789402228,590427778,471.910,robot_0,2.103,1.702
1789402228,590489353,471.910,robot_0_carried_generic_box,2.103,1.702
1789402228,590538324,471.910,robot_1_carried_generic_box,-1.704,1.223
1789402228,804782214,472.126,robot_2,-1.168,-3.029
1789402228,806864024,472.126,robot_1,-1.650,1.163
1789402228,807845218,472.127,robot_0,2.103,1.702
1789402228,807956660,472.127,robot_0_carried_generic_box,2.103,1.702
1789402228,808038035,472.127,robot_1_carried_generic_box,-1.674,1.190
1789402229,14182258,472.333,robot_2,-1.168,-3.029
1789402229,14273636,472.334,robot_1,-1.632,1.143
1789402229,14313501,472.334,robot_0,2.104,1.702
1789402229,14368643,472.334,robot_0_carried_generic_box,2.103,1.702
1789402229,14413189,472.334,robot_1_carried_generic_box,-1.660,1.174
1789402229,221593233,472.541,robot_2,-1.168,-3.029
1789402229,221711186,472.541,robot_1,-1.614,1.123
1789402229,221768737,472.541,robot_0,2.104,1.702
1789402229,221834766,472.541,robot_0_carried_generic_box,2.103,1.702
1789402229,221897983,472.541,robot_1_carried_generic_box,-1.644,1.156
1789402229,446936108,472.766,robot_2,-1.169,-3.029
1789402229,449117011,472.768,robot_1,-1.595,1.103
1789402229,449264288,472.769,robot_0,2.104,1.702
1789402229,449378130,472.769,robot_0_carried_generic_box,2.104,1.702
1789402229,449466458,472.769,robot_1_carried_generic_box,-1.624,1.134
1789402229,647551848,472.967,robot_2,-1.169,-3.027
1789402229,647710485,472.967,robot_1,-1.577,1.083
1789402229,647769294,472.967,robot_0,2.104,1.702
1789402229,647833245,472.967,robot_0_carried_generic_box,2.104,1.702
1789402229,647883039,472.967,robot_1_carried_generic_box,-1.605,1.114
1789402229,854270660,473.174,robot_2,-1.171,-3.013
1789402229,854365274,473.174,robot_1,-1.561,1.065
1789402229,854410575,473.174,robot_0,2.104,1.702
1789402229,854465232,473.174,robot_0_carried_generic_box,2.104,1.702
1789402229,854510909,473.174,robot_1_carried_generic_box,-1.593,1.101
1789402230,71878202,473.391,robot_2,-1.174,-2.998
1789402230,71984561,473.391,robot_1,-1.545,1.047
1789402230,72042731,473.391,robot_0,2.104,1.702
1789402230,72113786,473.391,robot_0_carried_generic_box,2.104,1.702
1789402230,72173494,473.391,robot_1_carried_generic_box,-1.577,1.083
1789402230,290698738,473.610,robot_2,-1.178,-2.978
1789402230,290786184,473.610,robot_1,-1.523,1.023
1789402230,290832441,473.610,robot_0,2.104,1.707
1789402230,290892877,473.610,robot_0_carried_generic_box,2.104,1.702
1789402230,290938530,473.610,robot_1_carried_generic_box,-1.561,1.065
1789402230,500634534,473.820,robot_2,-1.178,-2.977
1789402230,500722520,473.820,robot_1,-1.503,1.000
1789402230,500773603,473.820,robot_0,2.105,1.734
1789402230,500835270,473.820,robot_0_carried_generic_box,2.104,1.703
1789402230,500882072,473.820,robot_1_carried_generic_box,-1.531,1.032
1789402230,711046120,474.030,robot_2,-1.178,-2.977
1789402230,711149423,474.030,robot_1,-1.483,0.978
1789402230,711206792,474.030,robot_0,2.106,1.764
1789402230,713466707,474.033,robot_0_carried_generic_box,2.105,1.722
1789402230,713621030,474.033,robot_1_carried_generic_box,-1.509,1.007
1789402230,926503199,474.246,robot_2,-1.178,-2.977
1789402230,926588444,474.246,robot_1,-1.461,0.954
1789402230,926642030,474.246,robot_0,2.107,1.797
1789402230,926702376,474.246,robot_0_carried_generic_box,2.105,1.743
1789402230,926749453,474.246,robot_1_carried_generic_box,-1.503,1.000
1789402231,135882273,474.455,robot_2,-1.178,-2.977
1789402231,135971500,474.476,robot_1,-1.445,0.936
1789402231,156517407,474.476,robot_0,2.108,1.821
1789402231,156592080,474.476,robot_0_carried_generic_box,2.106,1.776
1789402231,156657480,474.476,robot_1_carried_generic_box,-1.473,0.967
1789402231,340293539,474.660,robot_2,-1.178,-2.977
1789402231,340390981,474.660,robot_1,-1.426,0.915
1789402231,340434232,474.660,robot_0,2.109,1.854
1789402231,340488768,474.660,robot_0_carried_generic_box,2.107,1.800
1789402231,340534482,474.660,robot_1_carried_generic_box,-1.459,0.951
1789402231,557837719,474.877,robot_2,-1.178,-2.977
1789402231,557952072,474.877,robot_1,-1.424,0.913
1789402231,558007718,474.877,robot_0,2.110,1.881
1789402231,558077672,474.877,robot_0_carried_generic_box,2.108,1.830
1789402231,558134990,474.877,robot_1_carried_generic_box,-1.439,0.929
1789402231,784802456,475.104,robot_2,-1.177,-2.977
1789402231,784897742,475.104,robot_1,-1.436,0.925
1789402231,784934914,475.104,robot_0,2.111,1.920
1789402231,784984809,475.104,robot_0_carried_generic_box,2.109,1.869
1789402231,785021835,475.104,robot_1_carried_generic_box,-1.426,0.915
1789402232,9944576,475.329,robot_2,-1.177,-2.977
1789402232,10049599,475.329,robot_1,-1.436,0.925
1789402232,10095024,475.329,robot_0,2.111,1.944
1789402232,10144585,475.329,robot_0_carried_generic_box,2.110,1.887
1789402232,10186777,475.329,robot_1_carried_generic_box,-1.426,0.914
1789402232,211333919,475.531,robot_2,-1.177,-2.977
1789402232,211428740,475.531,robot_1,-1.436,0.925
1789402232,211479827,475.531,robot_0,2.113,1.980
1789402232,211546472,475.531,robot_0_carried_generic_box,2.111,1.938
1789402232,233725937,475.553,robot_1_carried_generic_box,-1.436,0.925
1789402232,427181083,475.746,robot_2,-1.177,-2.977
1789402232,427294750,475.747,robot_1,-1.436,0.925
1789402232,427351693,475.747,robot_0,2.113,2.005
1789402232,427417505,475.747,robot_0_carried_generic_box,2.112,1.968
1789402232,427474231,475.747,robot_1_carried_generic_box,-1.436,0.925
1789402232,654235359,475.974,robot_2,-1.176,-2.977
1789402232,654330624,475.974,robot_1,-1.436,0.924
1789402232,654376432,475.974,robot_0,2.114,2.015
1789402232,654434285,475.974,robot_0_carried_generic_box,2.113,1.986
1789402232,654479359,475.974,robot_1_carried_generic_box,-1.436,0.925
1789402232,889655560,476.209,robot_2,-1.176,-2.978
1789402232,889744275,476.209,robot_1,-1.436,0.924
1789402232,889780341,476.209,robot_0,2.114,2.015
1789402232,889829006,476.209,robot_0_carried_generic_box,2.114,2.014
1789402232,889863288,476.209,robot_1_carried_generic_box,-1.436,0.925
1789402233,107620644,476.427,robot_2,-1.176,-2.978
1789402233,107701291,476.427,robot_1,-1.436,0.924
1789402233,107739709,476.427,robot_0,2.114,2.015
1789402233,107787290,476.427,robot_0_carried_generic_box,2.114,2.015
1789402233,107824828,476.427,robot_1_carried_generic_box,-1.436,0.924
1789402233,324512092,476.644,robot_2,-1.176,-2.978
1789402233,327722146,476.647,robot_1,-1.437,0.924
1789402233,327812712,476.647,robot_0,2.114,2.015
1789402233,327875455,476.647,robot_0_carried_generic_box,2.114,2.015
1789402233,327922438,476.647,robot_1_carried_generic_box,-1.436,0.924
1789402233,553764661,476.873,robot_2,-1.176,-2.978
1789402233,553884499,476.873,robot_1,-1.437,0.924
1789402233,553933830,476.873,robot_0,2.114,2.015
1789402233,553997717,476.873,robot_0_carried_generic_box,2.114,2.015
1789402233,554049766,476.873,robot_1_carried_generic_box,-1.437,0.924
1789402233,761517562,477.081,robot_2,-1.176,-2.978
1789402233,761623862,477.081,robot_1,-1.437,0.923
1789402233,761668143,477.081,robot_0,2.115,2.015
1789402233,761723382,477.081,robot_0_carried_generic_box,2.114,2.015
1789402233,761768546,477.081,robot_1_carried_generic_box,-1.437,0.924
1789402233,972300000,477.292,robot_2,-1.176,-2.978
1789402233,972394601,477.292,robot_1,-1.437,0.923
1789402233,972434706,477.292,robot_0,2.115,2.015
1789402233,972489288,477.292,robot_0_carried_generic_box,2.114,2.015
1789402233,972527975,477.292,robot_1_carried_generic_box,-1.437,0.924
1789402234,206213579,477.525,robot_2,-1.176,-2.978
1789402234,206303621,477.526,robot_1,-1.437,0.923
1789402234,206344918,477.526,robot_0,2.115,2.015
1789402234,206399370,477.526,robot_0_carried_generic_box,2.115,2.015
1789402234,206443953,477.529,robot_1_carried_generic_box,-1.437,0.923
1789402234,431207641,477.750,robot_2,-1.176,-2.978
1789402234,431318532,477.751,robot_1,-1.437,0.923
1789402234,431381526,477.751,robot_0,2.115,2.015
1789402234,431458293,477.751,robot_0_carried_generic_box,2.115,2.015
1789402234,432924226,477.752,robot_1_carried_generic_box,-1.437,0.923
1789402234,634429605,477.954,robot_2,-1.177,-2.977
1789402234,634548494,477.954,robot_1,-1.437,0.923
1789402234,634626768,477.954,robot_0,2.115,2.015
1789402234,634707845,477.954,robot_0_carried_generic_box,2.115,2.015
1789402234,634776832,477.954,robot_1_carried_generic_box,-1.437,0.923
1789402234,849501868,478.169,robot_2,-1.177,-2.977
1789402234,849644111,478.169,robot_1,-1.436,0.922
1789402234,849698161,478.169,robot_0,2.115,2.015
1789402234,849769939,478.169,robot_0_carried_generic_box,2.115,2.015
1789402234,849815557,478.169,robot_1_carried_generic_box,-1.437,0.923
1789402235,63086536,478.383,robot_2,-1.177,-2.977
1789402235,63435604,478.384,robot_1,-1.436,0.922
1789402235,64716402,478.384,robot_0,2.115,2.015
1789402235,65026112,478.384,robot_0_carried_generic_box,2.115,2.015
1789402235,66491022,478.386,robot_1_carried_generic_box,-1.437,0.923
1789402235,304895216,478.624,robot_2,-1.177,-2.977
1789402235,304992357,478.624,robot_1,-1.436,0.922
1789402235,305036971,478.624,robot_0,2.116,2.016
1789402235,305098089,478.624,robot_0_carried_generic_box,2.115,2.015
1789402235,305140475,478.624,robot_1_carried_generic_box,-1.436,0.922
1789402235,505378575,478.825,robot_2,-1.177,-2.977
1789402235,505477635,478.825,robot_1,-1.436,0.922
1789402235,505520769,478.825,robot_0,2.116,2.016
1789402235,505573908,478.825,robot_0_carried_generic_box,2.116,2.016
1789402235,505622765,478.825,robot_1_carried_generic_box,-1.436,0.922
1789402235,735784791,479.055,robot_2,-1.178,-2.977
1789402235,735882881,479.055,robot_1,-1.431,0.925
1789402235,735930088,479.055,robot_0,2.116,2.016
1789402235,735987622,479.055,robot_0_carried_generic_box,2.116,2.016
1789402235,736040006,479.055,robot_1_carried_generic_box,-1.436,0.922
1789402235,955619916,479.275,robot_2,-1.178,-2.977
1789402235,955717817,479.275,robot_1,-1.407,0.944
1789402235,955767458,479.275,robot_0,2.116,2.016
1789402235,955826793,479.275,robot_0_carried_generic_box,2.116,2.016
1789402235,955874866,479.275,robot_1_carried_generic_box,-1.436,0.922
1789402236,183257162,479.503,robot_2,-1.178,-2.977
1789402236,183340837,479.503,robot_1,-1.384,0.963
1789402236,183380144,479.503,robot_0,2.116,2.017
1789402236,183433103,479.503,robot_0_carried_generic_box,2.116,2.016
1789402236,183474918,479.503,robot_1_carried_generic_box,-1.421,0.933
1789402236,406769411,479.726,robot_2,-1.178,-2.978
1789402236,406893628,479.726,robot_1,-1.363,0.980
1789402236,406955808,479.726,robot_0,2.116,2.017
1789402236,407018828,479.726,robot_0_carried_generic_box,2.116,2.016
1789402236,407067776,479.726,robot_1_carried_generic_box,-1.405,0.946
1789402236,608900104,479.928,robot_2,-1.174,-2.995
1789402236,608994470,479.928,robot_1,-1.342,0.997
1789402236,609046464,479.928,robot_0,2.116,2.017
1789402236,613622325,479.933,robot_0_carried_generic_box,2.116,2.017
1789402236,613749998,479.933,robot_1_carried_generic_box,-1.384,0.963
1789402236,842549438,480.162,robot_2,-1.166,-3.027
1789402236,842649819,480.162,robot_1,-1.316,1.017
1789402236,842705847,480.162,robot_0,2.113,2.017
1789402236,842764626,480.162,robot_0_carried_generic_box,2.116,2.017
1789402236,842809005,480.162,robot_1_carried_generic_box,-1.353,0.987
1789402237,64006638,480.383,robot_2,-1.157,-3.062
1789402237,64120757,480.383,robot_1,-1.288,1.040
1789402237,64188096,480.383,robot_0,2.082,2.019
1789402237,64251022,480.384,robot_0_carried_generic_box,2.116,2.017
1789402237,64292825,480.384,robot_1_carried_generic_box,-1.332,1.004
1789402237,299005669,480.618,robot_2,-1.146,-3.099
1789402237,299130108,480.618,robot_1,-1.258,1.065
1789402237,299193749,480.618,robot_0,2.044,2.022
1789402237,299253371,480.619,robot_0_carried_generic_box,2.097,2.018
1789402237,299295825,480.619,robot_1_carried_generic_box,-1.309,1.023
1789402237,471315105,480.791,robot_2,-1.138,-3.128
1789402237,471406146,480.791,robot_1,-1.234,1.083
1789402237,471451631,480.791,robot_0,2.014,2.023
1789402237,471501980,480.791,robot_0_carried_generic_box,2.073,2.020
1789402237,471542382,480.791,robot_1_carried_generic_box,-1.281,1.046
1789402237,697452373,481.017,robot_2,-1.133,-3.147
1789402237,697555941,481.017,robot_1,-1.209,1.104
1789402237,697618189,481.017,robot_0,1.981,2.025
1789402237,698949119,481.018,robot_0_carried_generic_box,2.026,2.023
1789402237,699031957,481.018,robot_1_carried_generic_box,-1.244,1.076
1789402237,915287736,481.235,robot_2,-1.133,-3.147
1789402237,915369826,481.235,robot_1,-1.178,1.129
1789402237,915413518,481.235,robot_0,1.942,2.027
1789402237,915464158,481.235,robot_0_carried_generic_box,2.002,2.024
1789402237,915502576,481.235,robot_1_carried_generic_box,-1.225,1.091
1789402238,134336987,481.454,robot_2,-1.133,-3.147
1789402238,134427760,481.454,robot_1,-1.146,1.155
1789402238,134478638,481.454,robot_0,1.900,2.029
1789402238,134533255,481.454,robot_0_carried_generic_box,1.966,2.026
1789402238,134576085,481.454,robot_1_carried_generic_box,-1.197,1.114
1789402238,345298402,481.674,robot_2,-1.133,-3.147
1789402238,354369329,481.674,robot_1,-1.127,1.170
1789402238,354438675,481.674,robot_0,1.876,2.030
1789402238,354503635,481.674,robot_0_carried_generic_box,1.927,2.028
1789402238,354550964,481.674,robot_1_carried_generic_box,-1.162,1.142
1789402238,570710897,481.890,robot_2,-1.133,-3.147
1789402238,570815475,481.890,robot_1,-1.094,1.197
1789402238,570863895,481.890,robot_0,1.834,2.033
1789402238,570917023,481.890,robot_0_carried_generic_box,1.888,2.030
1789402238,570960192,481.890,robot_1_carried_generic_box,-1.150,1.151
1789402238,780200499,482.099,robot_2,-1.133,-3.147
1789402238,780297485,482.100,robot_1,-1.071,1.215
1789402238,780349150,482.100,robot_0,1.804,2.034
1789402238,780408401,482.100,robot_0_carried_generic_box,1.873,2.031
1789402238,780455980,482.100,robot_1_carried_generic_box,-1.120,1.176
1789402238,981323802,482.301,robot_2,-1.133,-3.147
1789402238,981413952,482.301,robot_1,-1.045,1.236
1789402238,981467457,482.301,robot_0,1.771,2.036
1789402238,981522434,482.301,robot_0_carried_generic_box,1.828,2.033
1789402238,981564779,482.301,robot_1_carried_generic_box,-1.090,1.200
1789402239,234412371,482.554,robot_2,-1.133,-3.148
1789402239,234546946,482.554,robot_1,-1.017,1.259
1789402239,234613279,482.554,robot_0,1.735,2.038
1789402239,234667624,482.554,robot_0_carried_generic_box,1.789,2.035
1789402239,234709978,482.554,robot_1_carried_generic_box,-1.055,1.229
1789402239,478009230,482.797,robot_2,-1.134,-3.148
1789402239,478115146,482.797,robot_1,-0.987,1.283
1789402239,478170585,482.797,robot_0,1.696,2.040
1789402239,478239823,482.798,robot_0_carried_generic_box,1.765,2.036
1789402239,478286948,482.798,robot_1_carried_generic_box,-1.041,1.240
1789402239,710254064,483.030,robot_2,-1.134,-3.148
1789402239,710358038,483.030,robot_1,-0.952,1.312
1789402239,710425780,483.030,robot_0,1.651,2.042
1789402239,710498101,483.030,robot_0_carried_generic_box,1.717,2.039
1789402239,710558617,483.030,robot_1_carried_generic_box,-0.996,1.276
1789402239,921790893,483.241,robot_2,-1.134,-3.148
1789402239,921884573,483.241,robot_1,-0.924,1.334
1789402239,921939904,483.241,robot_0,1.615,2.044
1789402239,921987068,483.241,robot_0_carried_generic_box,1.663,2.041
1789402239,922035704,483.241,robot_1_carried_generic_box,-0.961,1.304
1789402240,124954746,483.444,robot_2,-1.134,-3.149
1789402240,125050025,483.444,robot_1,-0.894,1.359
1789402240,125103966,483.444,robot_0,1.576,2.046
1789402240,125156489,483.444,robot_0_carried_generic_box,1.633,2.043
1789402240,125192456,483.444,robot_1_carried_generic_box,-0.943,1.319
1789402240,325621817,483.645,robot_2,-1.134,-3.149
1789402240,325716061,483.645,robot_1,-0.875,1.374
1789402240,325756686,483.645,robot_0,1.552,2.047
1789402240,325802316,483.645,robot_0_carried_generic_box,1.606,2.044
1789402240,325840458,483.645,robot_1_carried_generic_box,-0.917,1.340
1789402240,527966942,483.847,robot_2,-1.134,-3.149
1789402240,528072115,483.847,robot_1,-0.854,1.391
1789402240,528121449,483.847,robot_0,1.525,2.049
1789402240,528172911,483.847,robot_0_carried_generic_box,1.579,2.046
1789402240,528211650,483.847,robot_1_carried_generic_box,-0.894,1.359
1789402240,752948855,484.072,robot_2,-1.134,-3.149
1789402240,753049381,484.072,robot_1,-0.826,1.413
1789402240,753093287,484.072,robot_0,1.489,2.051
1789402240,753143030,484.072,robot_0_carried_generic_box,1.555,2.047
1789402240,753183058,484.072,robot_1_carried_generic_box,-0.863,1.383
1789402240,968290881,484.288,robot_2,-1.134,-3.149
1789402240,968389531,484.288,robot_1,-0.803,1.432
1789402240,968435202,484.288,robot_0,1.459,2.052
1789402240,968489271,484.288,robot_0_carried_generic_box,1.519,2.049
1789402240,968523934,484.288,robot_1_carried_generic_box,-0.849,1.395
1789402241,215054523,484.534,robot_2,-1.134,-3.150
1789402241,215166500,484.534,robot_1,-0.782,1.449
1789402241,215203483,484.534,robot_0,1.432,2.053
1789402241,215241085,484.534,robot_0_carried_generic_box,1.495,2.050
1789402241,215268119,484.535,robot_1_carried_generic_box,-0.817,1.421
1789402241,405342617,484.725,robot_2,-1.134,-3.150
1789402241,405447876,484.725,robot_1,-0.763,1.464
1789402241,405498065,484.725,robot_0,1.408,2.055
1789402241,405551720,484.725,robot_0_carried_generic_box,1.447,2.053
1789402241,405718876,484.725,robot_1_carried_generic_box,-0.803,1.432
1789402241,634432529,484.954,robot_2,-1.134,-3.150
1789402241,634545904,484.954,robot_1,-0.733,1.489
1789402241,634610006,484.954,robot_0,1.369,2.057
1789402241,634671686,484.954,robot_0_carried_generic_box,1.423,2.054
1789402241,634718537,484.954,robot_1_carried_generic_box,-0.772,1.457
1789402241,844672032,485.164,robot_2,-1.134,-3.150
1789402241,844767332,485.164,robot_1,-0.705,1.512
1789402241,844811239,485.164,robot_0,1.333,2.059
1789402241,844865661,485.164,robot_0_carried_generic_box,1.393,2.056
1789402241,844904976,485.164,robot_1_carried_generic_box,-0.749,1.476
1789402242,56684464,485.382,robot_2,-1.134,-3.150
1789402242,62936363,485.382,robot_1,-0.677,1.534
1789402242,62989110,485.382,robot_0,1.298,2.061
1789402242,63045171,485.382,robot_0_carried_generic_box,1.360,2.057
1789402242,63080593,485.382,robot_1_carried_generic_box,-0.726,1.495
1789402242,288132551,485.607,robot_2,-1.134,-3.151
1789402242,288228018,485.607,robot_1,-0.656,1.551
1789402242,288276689,485.608,robot_0,1.271,2.062
1789402242,288331933,485.608,robot_0_carried_generic_box,1.339,2.058
1789402242,288377114,485.608,robot_1_carried_generic_box,-0.705,1.512
1789402242,520734453,485.840,robot_2,-1.134,-3.151
1789402242,520825566,485.840,robot_1,-0.630,1.572
1789402242,520871358,485.840,robot_0,1.238,2.064
1789402242,520925493,485.840,robot_0_carried_generic_box,1.280,2.061
1789402242,520968914,485.840,robot_1_carried_generic_box,-0.663,1.545
1789402242,723168920,486.042,robot_2,-1.129,-3.147
1789402242,723270993,486.043,robot_1,-0.604,1.593
1789402242,723312478,486.043,robot_0,1.205,2.065
1789402242,723368986,486.043,robot_0_carried_generic_box,1.262,2.062
1789402242,723432300,486.043,robot_1_carried_generic_box,-0.646,1.559
1789402242,942363801,486.262,robot_2,-1.104,-3.124
1789402242,942469585,486.262,robot_1,-0.576,1.615
1789402242,942520838,486.262,robot_0,1.169,2.067
1789402242,943950524,486.263,robot_0_carried_generic_box,1.229,2.064
1789402242,944096831,486.263,robot_1_carried_generic_box,-0.621,1.579
1789402243,154808030,486.474,robot_2,-1.085,-3.105
1789402243,154925772,486.474,robot_1,-0.555,1.632
1789402243,154977876,486.474,robot_0,1.142,2.069
1789402243,155044921,486.474,robot_0_carried_generic_box,1.190,2.066
1789402243,155100871,486.474,robot_1_carried_generic_box,-0.595,1.600
1789402243,389516426,486.709,robot_2,-1.059,-3.081
1789402243,389618246,486.709,robot_1,-0.527,1.655
1789402243,389663613,486.709,robot_0,1.106,2.071
1789402243,389720242,486.709,robot_0_carried_generic_box,1.169,2.067
1789402243,389767140,486.709,robot_1_carried_generic_box,-0.569,1.621
1789402243,613473860,486.933,robot_2,-1.033,-3.056
1789402243,613574813,486.933,robot_1,-0.499,1.677
1789402243,613636677,486.933,robot_0,1.070,2.072
1789402243,613705014,486.933,robot_0_carried_generic_box,1.118,2.070
1789402243,613762360,486.933,robot_1_carried_generic_box,-0.537,1.647
1789402243,826227173,487.146,robot_2,-1.011,-3.035
1789402243,826319846,487.146,robot_1,-0.476,1.696
1789402243,826358535,487.146,robot_0,1.040,2.074
1789402243,826404438,487.146,robot_0_carried_generic_box,1.091,2.071
1789402243,826442982,487.146,robot_1_carried_generic_box,-0.518,1.662
1789402244,27281284,487.347,robot_2,-0.987,-3.012
1789402244,27371694,487.347,robot_1,-0.450,1.717
1789402244,27415530,487.347,robot_0,1.007,2.076
1789402244,27469523,487.347,robot_0_carried_generic_box,1.070,2.072
1789402244,27510843,487.347,robot_1_carried_generic_box,-0.495,1.681
1789402244,234998937,487.554,robot_2,-0.970,-2.995
1789402244,235094480,487.554,robot_1,-0.432,1.732
1789402244,235140825,487.554,robot_0,0.983,2.077
1789402244,235195926,487.554,robot_0_carried_generic_box,1.028,2.075
1789402244,235230711,487.554,robot_1_carried_generic_box,-0.467,1.704
1789402244,466579700,487.786,robot_2,-0.944,-2.970
1789402244,466684622,487.786,robot_1,-0.404,1.755
1789402244,466727797,487.786,robot_0,0.947,2.079
1789402244,466777532,487.786,robot_0_carried_generic_box,1.007,2.076
1789402244,466816770,487.786,robot_1_carried_generic_box,-0.450,1.717
1789402244,696118805,488.015,robot_2,-0.918,-2.946
1789402244,696215439,488.015,robot_1,-0.376,1.777
1789402244,696258989,488.016,robot_0,0.911,2.081
1789402244,696311984,488.016,robot_0_carried_generic_box,0.962,2.078
1789402244,696353898,488.016,robot_1_carried_generic_box,-0.413,1.747
1789402244,913712430,488.233,robot_2,-0.892,-2.921
1789402244,913805188,488.233,robot_1,-0.348,1.800
1789402244,913854237,488.233,robot_0,0.875,2.083
1789402244,913904855,488.233,robot_0_carried_generic_box,0.926,2.080
1789402244,913943872,488.233,robot_1_carried_generic_box,-0.390,1.766
1789402245,151916309,488.471,robot_2,-0.866,-2.896
1789402245,152017198,488.471,robot_1,-0.320,1.823
1789402245,152073470,488.471,robot_0,0.839,2.084
1789402245,152129183,488.471,robot_0_carried_generic_box,0.905,2.081
1789402245,152176358,488.471,robot_1_carried_generic_box,-0.366,1.785
1789402245,407186367,488.726,robot_2,-0.842,-2.873
1789402245,407272727,488.727,robot_1,-0.294,1.843
1789402245,427714962,488.747,robot_0,0.806,2.086
1789402245,427818460,488.747,robot_0_carried_generic_box,0.860,2.083
1789402245,427886597,488.747,robot_1_carried_generic_box,-0.348,1.800
1789402245,617187083,488.936,robot_2,-0.812,-2.844
1789402245,617287848,488.937,robot_1,-0.261,1.870
1789402245,621675890,488.941,robot_0,0.764,2.088
1789402245,621795806,488.941,robot_0_carried_generic_box,0.830,2.085
1789402245,621848337,488.941,robot_1_carried_generic_box,-0.308,1.832
1789402245,818012700,489.137,robot_2,-0.788,-2.821
1789402245,818105321,489.137,robot_1,-0.236,1.891
1789402245,818151595,489.137,robot_0,0.731,2.090
1789402245,818203040,489.137,robot_0_carried_generic_box,0.788,2.087
1789402245,818245333,489.138,robot_1_carried_generic_box,-0.278,1.857
1789402246,29462658,489.349,robot_2,-0.760,-2.794
1789402246,29543297,489.349,robot_1,-0.205,1.915
1789402246,29583517,489.349,robot_0,0.692,2.092
1789402246,45451650,489.365,robot_0_carried_generic_box,0.752,2.089
1789402246,45534137,489.365,robot_1_carried_generic_box,-0.245,1.883
1789402246,276840680,489.596,robot_2,-0.741,-2.775
1789402246,277232704,489.597,robot_1,-0.184,1.932
1789402246,277565226,489.597,robot_0,0.665,2.093
1789402246,277807215,489.597,robot_0_carried_generic_box,0.716,2.091
1789402246,277885635,489.597,robot_1_carried_generic_box,-0.226,1.898
1789402246,478559838,489.798,robot_2,-0.717,-2.752
1789402246,478678608,489.798,robot_1,-0.159,1.953
1789402246,478732696,489.798,robot_0,0.632,2.095
1789402246,478785578,489.798,robot_0_carried_generic_box,0.695,2.092
1789402246,478833757,489.798,robot_1_carried_generic_box,-0.208,1.913
1789402246,684535325,490.004,robot_2,-0.689,-2.725
1789402246,699714243,490.019,robot_1,-0.131,1.975
1789402246,699821332,490.019,robot_0,0.607,2.097
1789402246,699877629,490.019,robot_0_carried_generic_box,0.644,2.095
1789402246,699921370,490.019,robot_1_carried_generic_box,-0.166,1.947
1789402246,890941616,490.210,robot_2,-0.667,-2.705
1789402246,891032471,490.210,robot_1,-0.127,1.979
1789402246,891086579,490.210,robot_0,0.606,2.096
1789402246,891133844,490.210,robot_0_carried_generic_box,0.621,2.096
1789402246,891170838,490.210,robot_1_carried_generic_box,-0.159,1.953
1789402247,114811274,490.434,robot_2,-0.643,-2.682
1789402247,114960691,490.434,robot_1,-0.127,1.978
1789402247,115020635,490.434,robot_0,0.606,2.096
1789402247,115078588,490.434,robot_0_carried_generic_box,0.606,2.097
1789402247,115119166,490.434,robot_1_carried_generic_box,-0.127,1.978
1789402247,301193048,490.620,robot_2,-0.624,-2.663
1789402247,301273048,490.621,robot_1,-0.127,1.978
1789402247,301331888,490.621,robot_0,0.606,2.096
1789402247,301384652,490.621,robot_0_carried_generic_box,0.606,2.096
1789402247,301424505,490.621,robot_1_carried_generic_box,-0.127,1.979
1789402247,518529176,490.838,robot_2,-0.596,-2.636
1789402247,538636848,490.858,robot_1,-0.126,1.978
1789402247,538744934,490.858,robot_0,0.606,2.096
1789402247,538809005,490.858,robot_0_carried_generic_box,0.606,2.096
1789402247,538848275,490.858,robot_1_carried_generic_box,-0.127,1.978
1789402247,730724356,491.050,robot_2,-0.572,-2.613
1789402247,730808842,491.050,robot_1,-0.126,1.978
1789402247,730863359,491.050,robot_0,0.606,2.096
1789402247,730915775,491.050,robot_0_carried_generic_box,0.606,2.096
1789402247,730955540,491.050,robot_1_carried_generic_box,-0.127,1.978
1789402247,938227246,491.258,robot_2,-0.541,-2.584
1789402247,938311064,491.258,robot_1,-0.126,1.978
1789402247,938370076,491.258,robot_0,0.606,2.097
1789402247,938422777,491.258,robot_0_carried_generic_box,0.606,2.096
1789402247,938464498,491.258,robot_1_carried_generic_box,-0.126,1.978
1789402248,138593987,491.458,robot_2,-0.524,-2.567
1789402248,138687322,491.458,robot_1,-0.126,1.978
1789402248,138734139,491.458,robot_0,0.606,2.097
1789402248,138782888,491.458,robot_0_carried_generic_box,0.606,2.097
1789402248,138826594,491.458,robot_1_carried_generic_box,-0.126,1.978
1789402248,351443424,491.671,robot_2,-0.502,-2.547
1789402248,351525078,491.671,robot_1,-0.126,1.978
1789402248,351574969,491.671,robot_0,0.606,2.097
1789402248,351636825,491.671,robot_0_carried_generic_box,0.606,2.097
1789402248,351672059,491.671,robot_1_carried_generic_box,-0.126,1.978
1789402248,592589186,491.912,robot_2,-0.476,-2.522
1789402248,592679656,491.912,robot_1,-0.125,1.978
1789402248,592727771,491.912,robot_0,0.606,2.097
1789402248,592773668,491.912,robot_0_carried_generic_box,0.606,2.097
1789402248,592815912,491.912,robot_1_carried_generic_box,-0.126,1.978
1789402248,820262278,492.140,robot_2,-0.453,-2.499
1789402248,820341729,492.140,robot_1,-0.125,1.978
1789402248,820387579,492.140,robot_0,0.606,2.098
1789402248,820433028,492.140,robot_0_carried_generic_box,0.606,2.097
1789402248,820469409,492.140,robot_1_carried_generic_box,-0.125,1.978
1789402249,26192205,492.345,robot_2,-0.431,-2.478
1789402249,26270259,492.346,robot_1,-0.125,1.978
1789402249,26330589,492.346,robot_0,0.606,2.098
1789402249,26385198,492.346,robot_0_carried_generic_box,0.606,2.097
1789402249,26431534,492.346,robot_1_carried_generic_box,-0.125,1.978
1789402249,254099202,492.573,robot_2,-0.407,-2.455
1789402249,254187000,492.573,robot_1,-0.125,1.978
1789402249,254237091,492.573,robot_0,0.606,2.098
1789402249,254285879,492.574,robot_0_carried_generic_box,0.606,2.098
1789402249,254321963,492.574,robot_1_carried_generic_box,-0.125,1.978
1789402249,471162165,492.790,robot_2,-0.386,-2.435
1789402249,471239242,492.791,robot_1,-0.124,1.978
1789402249,471295677,492.791,robot_0,0.606,2.098
1789402249,471347843,492.791,robot_0_carried_generic_box,0.606,2.098
1789402249,471390928,492.791,robot_1_carried_generic_box,-0.125,1.978
1789402249,689419657,493.009,robot_2,-0.360,-2.410
1789402249,689510293,493.009,robot_1,-0.124,1.978
1789402249,689564430,493.009,robot_0,0.606,2.098
1789402249,689626654,493.009,robot_0_carried_generic_box,0.606,2.098
1789402249,689669394,493.009,robot_1_carried_generic_box,-0.125,1.978
1789402249,893831376,493.213,robot_2,-0.340,-2.391
1789402249,893926396,493.213,robot_1,-0.124,1.978
1789402249,893978361,493.213,robot_0,0.605,2.098
1789402249,894024769,493.213,robot_0_carried_generic_box,0.606,2.098
1789402249,894066771,493.213,robot_1_carried_generic_box,-0.124,1.978
1789402250,101813616,493.421,robot_2,-0.318,-2.370
1789402250,101911590,493.421,robot_1,-0.124,1.978
1789402250,101972495,493.421,robot_0,0.605,2.099
1789402250,102031851,493.421,robot_0_carried_generic_box,0.605,2.098
1789402250,102077547,493.421,robot_1_carried_generic_box,-0.124,1.978
1789402250,330031510,493.649,robot_2,-0.299,-2.351
1789402250,330120705,493.649,robot_1,-0.124,1.978
1789402250,330170367,493.649,robot_0,0.605,2.099
1789402250,330218803,493.649,robot_0_carried_generic_box,0.605,2.098
1789402250,330253098,493.650,robot_1_carried_generic_box,-0.124,1.978
1789402250,546390159,493.866,robot_2,-0.271,-2.324
1789402250,546493011,493.866,robot_1,-0.126,1.981
1789402250,546546937,493.866,robot_0,0.605,2.099
1789402250,546609875,493.866,robot_0_carried_generic_box,0.605,2.099
1789402250,546656878,493.866,robot_1_carried_generic_box,-0.124,1.978
1789402250,758040481,494.077,robot_2,-0.247,-2.302
1789402250,758144167,494.077,robot_1,-0.143,2.002
1789402250,758201455,494.077,robot_0,0.605,2.099
1789402250,758261581,494.078,robot_0_carried_generic_box,0.605,2.099
1789402250,758307214,494.078,robot_1_carried_generic_box,-0.124,1.978
1789402250,969652498,494.289,robot_2,-0.228,-2.283
1789402250,969758891,494.289,robot_1,-0.161,2.022
1789402250,969822702,494.289,robot_0,0.608,2.113
1789402250,969878893,494.289,robot_0_carried_generic_box,0.605,2.099
1789402250,969923687,494.289,robot_1_carried_generic_box,-0.127,1.983
1789402251,212840841,494.532,robot_2,-0.204,-2.260
1789402251,212924547,494.532,robot_1,-0.183,2.047
1789402251,212964790,494.532,robot_0,0.612,2.134
1789402251,213006535,494.532,robot_0_carried_generic_box,0.605,2.102
1789402251,213037595,494.532,robot_1_carried_generic_box,-0.143,2.002
1789402251,433623931,494.753,robot_2,-0.182,-2.239
1789402251,433724438,494.753,robot_1,-0.203,2.069
1789402251,433777094,494.753,robot_0,0.616,2.154
1789402251,433837539,494.753,robot_0_carried_generic_box,0.610,2.126
1789402251,433884957,494.753,robot_1_carried_generic_box,-0.173,2.036
1789402251,643859011,494.963,robot_2,-0.163,-2.221
1789402251,643957498,494.963,robot_1,-0.221,2.089
1789402251,644004050,494.963,robot_0,0.617,2.161
1789402251,644049964,494.963,robot_0_carried_generic_box,0.614,2.142
1789402251,644086227,494.963,robot_1_carried_generic_box,-0.191,2.056
1789402251,878779398,495.198,robot_2,-0.137,-2.196
1789402251,878883875,495.198,robot_1,-0.245,2.116
1789402251,878935695,495.198,robot_0,0.617,2.161
1789402251,878983493,495.198,robot_0_carried_generic_box,0.616,2.156
1789402251,879024257,495.198,robot_1_carried_generic_box,-0.205,2.072
1789402252,96454459,495.416,robot_2,-0.115,-2.175
1789402252,96554018,495.416,robot_1,-0.265,2.139
1789402252,96623018,495.416,robot_0,0.617,2.161
1789402252,96681759,495.416,robot_0_carried_generic_box,0.617,2.161
1789402252,96727282,495.416,robot_1_carried_generic_box,-0.235,2.105
1789402252,331433655,495.651,robot_2,-0.093,-2.154
1789402252,331529622,495.651,robot_1,-0.284,2.161
1789402252,331584590,495.651,robot_0,0.617,2.161
1789402252,331656973,495.651,robot_0_carried_generic_box,0.617,2.161
1789402252,331701080,495.651,robot_1_carried_generic_box,-0.255,2.128
1789402252,563477912,495.883,robot_2,-0.065,-2.127
1789402252,563556517,495.883,robot_1,-0.310,2.190
1789402252,563605365,495.883,robot_0,0.617,2.161
1789402252,563646912,495.883,robot_0_carried_generic_box,0.617,2.161
1789402252,563678822,495.883,robot_1_carried_generic_box,-0.268,2.143
1789402252,764185912,496.083,robot_2,-0.044,-2.106
1789402252,764282724,496.084,robot_1,-0.330,2.213
1789402252,764340998,496.084,robot_0,0.616,2.161
1789402252,764398298,496.084,robot_0_carried_generic_box,0.617,2.161
1789402252,764442775,496.084,robot_1_carried_generic_box,-0.294,2.172
1789402252,976863969,496.296,robot_2,-0.018,-2.081
1789402252,976962071,496.296,robot_1,-0.354,2.240
1789402252,977019424,496.296,robot_0,0.616,2.161
1789402252,977073998,496.296,robot_0_carried_generic_box,0.617,2.161
1789402252,977109606,496.296,robot_1_carried_generic_box,-0.314,2.195
1789402253,184192809,496.503,robot_2,-0.000,-2.065
1789402253,184297963,496.504,robot_1,-0.370,2.258
1789402253,184349130,496.504,robot_0,0.616,2.161
1789402253,184409354,496.504,robot_0_carried_generic_box,0.616,2.161
1789402253,184452584,496.504,robot_1_carried_generic_box,-0.336,2.220
1789402253,385563851,496.705,robot_2,0.021,-2.044
1789402253,385662835,496.705,robot_1,-0.390,2.280
1789402253,385704749,496.705,robot_0,0.616,2.161
1789402253,385752013,496.705,robot_0_carried_generic_box,0.616,2.161
1789402253,385787100,496.705,robot_1_carried_generic_box,-0.360,2.246
1789402253,586476839,496.906,robot_2,0.045,-2.021
1789402253,586565086,496.906,robot_1,-0.412,2.305
1789402253,586619564,496.906,robot_0,0.616,2.159
1789402253,586666572,496.906,robot_0_carried_generic_box,0.616,2.161
1789402253,586700229,496.906,robot_1_carried_generic_box,-0.372,2.260
1789402253,825559378,497.145,robot_2,0.080,-1.988
1789402253,834280156,497.154,robot_1,-0.444,2.341
1789402253,834377060,497.154,robot_0,0.641,2.131
1789402253,834446721,497.154,robot_0_carried_generic_box,0.616,2.160
1789402253,834494846,497.154,robot_1_carried_generic_box,-0.406,2.298
1789402254,50120093,497.369,robot_2,0.099,-1.969
1789402254,50226810,497.369,robot_1,-0.462,2.361
1789402254,50274960,497.370,robot_0,0.660,2.111
1789402254,50340656,497.370,robot_0_carried_generic_box,0.624,2.151
1789402254,50386254,497.370,robot_1_carried_generic_box,-0.426,2.320
1789402254,251639771,497.571,robot_2,0.119,-1.951
1789402254,251731782,497.571,robot_1,-0.480,2.381
1789402254,251774368,497.571,robot_0,0.678,2.092
1789402254,251838319,497.571,robot_0_carried_generic_box,0.645,2.126
1789402254,251887674,497.571,robot_1_carried_generic_box,-0.448,2.345
1789402254,473109152,497.792,robot_2,0.147,-1.924
1789402254,473212002,497.792,robot_1,-0.506,2.410
1789402254,473260421,497.793,robot_0,0.706,2.064
1789402254,473347766,497.793,robot_0_carried_generic_box,0.670,2.100
1789402254,473388599,497.793,robot_1_carried_generic_box,-0.472,2.372
1789402254,690851282,498.010,robot_2,0.169,-1.903
1789402254,691066422,498.010,robot_1,-0.526,2.433
1789402254,691126747,498.010,robot_0,0.727,2.042
1789402254,691189808,498.010,robot_0_carried_generic_box,0.678,2.092
1789402254,691242282,498.011,robot_1_carried_generic_box,-0.494,2.397
1789402254,917210016,498.236,robot_2,0.197,-1.876
1789402254,917316131,498.237,robot_1,-0.551,2.462
1789402254,917367546,498.241,robot_0,0.754,2.014
1789402254,921870389,498.241,robot_0_carried_generic_box,0.716,2.053
1789402254,921964076,498.241,robot_1_carried_generic_box,-0.516,2.421
1789402255,160126631,498.479,robot_2,0.214,-1.859
1789402255,160221804,498.479,robot_1,-0.567,2.480
1789402255,160269960,498.480,robot_0,0.770,1.997
1789402255,160332886,498.480,robot_0_carried_generic_box,0.737,2.032
1789402255,160378208,498.480,robot_1_carried_generic_box,-0.537,2.446
1789402255,372983198,498.692,robot_2,0.236,-1.838
1789402255,373111270,498.692,robot_1,-0.587,2.502
1789402255,373164280,498.692,robot_0,0.791,1.976
1789402255,373231788,498.692,robot_0_carried_generic_box,0.760,2.008
1789402255,373289866,498.693,robot_1_carried_generic_box,-0.555,2.466
1789402255,591573768,498.911,robot_2,0.259,-1.815
1789402255,591680882,498.911,robot_1,-0.609,2.527
1789402255,591732099,498.911,robot_0,0.814,1.952
1789402255,591805764,498.911,robot_0_carried_generic_box,0.777,1.991
1789402255,593370937,498.913,robot_1_carried_generic_box,-0.581,2.495
1789402255,805664279,499.125,robot_2,0.281,-1.795
1789402255,805772718,499.125,robot_1,-0.629,2.549
1789402255,805814492,499.125,robot_0,0.835,1.930
1789402255,805862623,499.125,robot_0_carried_generic_box,0.808,1.958
1789402255,805903041,499.125,robot_1_carried_generic_box,-0.601,2.518
1789402256,45055735,499.364,robot_2,0.307,-1.770
1789402256,45148251,499.364,robot_1,-0.653,2.576
1789402256,45196932,499.364,robot_0,0.860,1.905
1789402256,45258879,499.365,robot_0_carried_generic_box,0.821,1.945
1789402256,45309722,499.365,robot_1_carried_generic_box,-0.621,2.540
1789402256,277556170,499.597,robot_2,0.329,-1.749
1789402256,281426672,499.601,robot_1,-0.673,2.599
1789402256,281518461,499.601,robot_0,0.881,1.883
1789402256,281581686,499.601,robot_0_carried_generic_box,0.839,1.926
1789402256,281639339,499.601,robot_1_carried_generic_box,-0.643,2.565
1789402256,501629013,499.821,robot_2,0.352,-1.726
1789402256,501731989,499.821,robot_1,-0.695,2.623
1789402256,501780795,499.821,robot_0,0.904,1.859
1789402256,501848872,499.821,robot_0_carried_generic_box,0.869,1.896
1789402256,501900862,499.821,robot_1_carried_generic_box,-0.661,2.585
1789402256,705161926,500.024,robot_2,0.366,-1.713
1789402256,705254863,500.025,robot_1,-0.715,2.646
1789402256,705362920,500.025,robot_0,0.925,1.838
1789402256,705418364,500.025,robot_0_carried_generic_box,0.890,1.875
1789402256,705471677,500.025,robot_1_carried_generic_box,-0.685,2.612
1789402256,919593999,500.239,robot_2,0.367,-1.712
1789402256,919697181,500.239,robot_1,-0.734,2.668
1789402256,919749325,500.239,robot_0,0.946,1.816
1789402256,919810828,500.239,robot_0_carried_generic_box,0.911,1.853
1789402256,919864141,500.239,robot_1_carried_generic_box,-0.701,2.630
1789402257,178355292,500.498,robot_2,0.367,-1.712
1789402257,178437221,500.498,robot_1,-0.742,2.676
1789402257,178478307,500.498,robot_0,0.977,1.784
1789402257,178532693,500.498,robot_0_carried_generic_box,0.938,1.825
1789402257,178580136,500.498,robot_1_carried_generic_box,-0.727,2.659
1789402257,378995648,500.698,robot_2,0.367,-1.713
1789402257,387331507,500.707,robot_1,-0.742,2.676
1789402257,387439757,500.707,robot_0,0.996,1.765
1789402257,387501509,500.707,robot_0_carried_generic_box,0.957,1.806
1789402257,387544317,500.707,robot_1_carried_generic_box,-0.740,2.674
1789402257,582605590,500.902,robot_2,0.367,-1.713
1789402257,582709144,500.902,robot_1,-0.742,2.676
1789402257,582771945,500.902,robot_0,1.021,1.739
1789402257,582831414,500.902,robot_0_carried_generic_box,0.988,1.773
1789402257,582881179,500.902,robot_1_carried_generic_box,-0.742,2.676
1789402257,797702855,501.117,robot_2,0.368,-1.713
1789402257,797804962,501.117,robot_1,-0.742,2.677
1789402257,797864886,501.117,robot_0,1.044,1.715
1789402257,797928429,501.117,robot_0_carried_generic_box,1.009,1.752
1789402257,797980616,501.117,robot_1_carried_generic_box,-0.742,2.676
1789402258,8760941,501.328,robot_2,0.368,-1.713
1789402258,8856764,501.328,robot_1,-0.742,2.677
1789402258,8910122,501.328,robot_0,1.067,1.692
1789402258,8962782,501.328,robot_0_carried_generic_box,1.028,1.733
1789402258,9006223,501.328,robot_1_carried_generic_box,-0.742,2.677
1789402258,253317596,501.573,robot_2,0.368,-1.713
1789402258,253404256,501.573,robot_1,-0.742,2.677
1789402258,253451944,501.573,robot_0,1.088,1.670
1789402258,253500576,501.573,robot_0_carried_generic_box,1.053,1.707
1789402258,253546894,501.573,robot_1_carried_generic_box,-0.742,2.677
1789402258,471733382,501.791,robot_2,0.368,-1.713
1789402258,471814801,501.791,robot_1,-0.741,2.677
1789402258,471862805,501.791,robot_0,1.115,1.642
1789402258,471921291,501.791,robot_0_carried_generic_box,1.084,1.674
1789402258,471972466,501.791,robot_1_carried_generic_box,-0.742,2.677
1789402258,684561494,502.004,robot_2,0.368,-1.713
1789402258,684649935,502.004,robot_1,-0.741,2.678
1789402258,684693779,502.004,robot_0,1.138,1.619
1789402258,684739833,502.004,robot_0_carried_generic_box,1.095,1.664
1789402258,684781860,502.004,robot_1_carried_generic_box,-0.741,2.677
1789402258,900685205,502.220,robot_2,0.369,-1.713
1789402258,900798885,502.222,robot_1,-0.741,2.678
1789402258,902529881,502.222,robot_0,1.161,1.595
1789402258,902630952,502.222,robot_0_carried_generic_box,1.126,1.631
1789402258,902684401,502.222,robot_1_carried_generic_box,-0.741,2.677
1789402259,126405198,502.446,robot_2,0.369,-1.713
1789402259,126493199,502.446,robot_1,-0.741,2.678
1789402259,126555444,502.446,robot_0,1.184,1.571
1789402259,126614929,502.447,robot_0_carried_generic_box,1.149,1.608
1789402259,128312680,502.448,robot_1_carried_generic_box,-0.741,2.678
1789402259,341291669,502.661,robot_2,0.369,-1.713
1789402259,341374179,502.661,robot_1,-0.741,2.678
1789402259,341432797,502.661,robot_0,1.207,1.548
1789402259,341494678,502.661,robot_0_carried_generic_box,1.170,1.586
1789402259,341543692,502.661,robot_1_carried_generic_box,-0.741,2.678
1789402259,550553086,502.870,robot_2,0.369,-1.713
1789402259,550651522,502.870,robot_1,-0.741,2.679
1789402259,550704805,502.870,robot_0,1.233,1.522
1789402259,550759875,502.870,robot_0_carried_generic_box,1.189,1.567
1789402259,550801600,502.870,robot_1_carried_generic_box,-0.741,2.678
1789402259,782052876,503.101,robot_2,0.370,-1.713
1789402259,782140145,503.101,robot_1,-0.742,2.679
1789402259,782190828,503.101,robot_0,1.253,1.501
1789402259,782236035,503.101,robot_0_carried_generic_box,1.207,1.548
1789402259,782272312,503.102,robot_1_carried_generic_box,-0.741,2.678
1789402259,997391752,503.317,robot_2,0.370,-1.712
1789402259,997485156,503.317,robot_1,-0.742,2.679
1789402259,997540241,503.317,robot_0,1.255,1.499
1789402259,997592616,503.317,robot_0_carried_generic_box,1.245,1.509
1789402259,997646910,503.317,robot_1_carried_generic_box,-0.741,2.679
1789402260,197583208,503.517,robot_2,0.370,-1.712
1789402260,198280902,503.518,robot_1,-0.742,2.679
1789402260,198360101,503.518,robot_0,1.255,1.499
1789402260,198418755,503.518,robot_0_carried_generic_box,1.255,1.499
1789402260,199578089,503.519,robot_1_carried_generic_box,-0.742,2.679
1789402260,409579618,503.729,robot_2,0.370,-1.712
1789402260,409671420,503.729,robot_1,-0.742,2.679
1789402260,409719454,503.729,robot_0,1.255,1.499
1789402260,409771738,503.729,robot_0_carried_generic_box,1.255,1.499
1789402260,409815471,503.729,robot_1_carried_generic_box,-0.742,2.679
1789402260,627878206,503.947,robot_2,0.356,-1.700
1789402260,627959237,503.947,robot_1,-0.742,2.680
1789402260,628003632,503.947,robot_0,1.255,1.498
1789402260,628053650,503.947,robot_0_carried_generic_box,1.255,1.499
1789402260,628086148,503.947,robot_1_carried_generic_box,-0.742,2.679
1789402260,840491795,504.160,robot_2,0.332,-1.678
1789402260,840583170,504.160,robot_1,-0.744,2.678
1789402260,840638891,504.160,robot_0,1.254,1.498
1789402260,840687599,504.160,robot_0_carried_generic_box,1.255,1.499
1789402260,840722834,504.160,robot_1_carried_generic_box,-0.742,2.679
1789402261,68304449,504.388,robot_2,0.307,-1.656
1789402261,68393993,504.388,robot_1,-0.762,2.660
1789402261,68444793,504.388,robot_0,1.254,1.498
1789402261,68492101,504.388,robot_0_carried_generic_box,1.254,1.498
1789402261,68531216,504.388,robot_1_carried_generic_box,-0.742,2.680
1789402261,294823092,504.614,robot_2,0.281,-1.635
1789402261,294917583,504.614,robot_1,-0.784,2.636
1789402261,294971550,504.614,robot_0,1.254,1.498
1789402261,295026520,504.614,robot_0_carried_generic_box,1.254,1.498
1789402261,295073609,504.614,robot_1_carried_generic_box,-0.753,2.669
1789402261,500385919,504.820,robot_2,0.261,-1.618
1789402261,500475346,504.820,robot_1,-0.803,2.616
1789402261,500525534,504.820,robot_0,1.254,1.497
1789402261,500577496,504.820,robot_0_carried_generic_box,1.254,1.498
1789402261,500621586,504.820,robot_1_carried_generic_box,-0.770,2.651
1789402261,711754617,505.031,robot_2,0.233,-1.594
1789402261,711845109,505.031,robot_1,-0.827,2.590
1789402261,711887043,505.031,robot_0,1.254,1.497
1789402261,711928261,505.031,robot_0_carried_generic_box,1.254,1.498
1789402261,711959631,505.031,robot_1_carried_generic_box,-0.788,2.632
1789402261,918128269,505.237,robot_2,0.206,-1.571
1789402261,918213423,505.237,robot_1,-0.852,2.564
1789402261,918256014,505.238,robot_0,1.254,1.497
1789402261,918299850,505.238,robot_0_carried_generic_box,1.254,1.497
1789402261,918333030,505.238,robot_1_carried_generic_box,-0.815,2.603
1789402262,132096464,505.451,robot_2,0.179,-1.548
1789402262,132178578,505.451,robot_1,-0.877,2.538
1789402262,132224524,505.451,robot_0,1.254,1.497
1789402262,132271669,505.452,robot_0_carried_generic_box,1.254,1.497
1789402262,132313824,505.452,robot_1_carried_generic_box,-0.842,2.575
1789402262,338777104,505.658,robot_2,0.158,-1.530
1789402262,338863767,505.658,robot_1,-0.895,2.518
1789402262,338910409,505.658,robot_0,1.254,1.496
1789402262,338956681,505.658,robot_0_carried_generic_box,1.254,1.497
1789402262,338989464,505.658,robot_1_carried_generic_box,-0.858,2.557
1789402262,546555231,505.866,robot_2,0.128,-1.505
1789402262,558637654,505.878,robot_1,-0.922,2.489
1789402262,559168703,505.878,robot_0,1.254,1.496
1789402262,559230477,505.878,robot_0_carried_generic_box,1.254,1.497
1789402262,559274918,505.879,robot_1_carried_generic_box,-0.883,2.531
1789402262,756456933,506.076,robot_2,0.099,-1.480
1789402262,756542192,506.076,robot_1,-0.948,2.461
1789402262,756591829,506.076,robot_0,1.255,1.496
1789402262,756649016,506.076,robot_0_carried_generic_box,1.254,1.496
1789402262,756690680,506.076,robot_1_carried_generic_box,-0.903,2.509
1789402262,969490228,506.289,robot_2,0.071,-1.456
1789402262,969559882,506.289,robot_1,-0.973,2.435
1789402262,969589998,506.289,robot_0,1.255,1.496
1789402262,969642879,506.289,robot_0_carried_generic_box,1.254,1.496
1789402262,969675654,506.289,robot_1_carried_generic_box,-0.930,2.481
1789402263,180700139,506.500,robot_2,0.048,-1.437
1789402263,180780393,506.500,robot_1,-0.994,2.413
1789402263,180824890,506.500,robot_0,1.255,1.496
1789402263,180873222,506.500,robot_0_carried_generic_box,1.255,1.496
1789402263,180906070,506.500,robot_1_carried_generic_box,-0.955,2.454
1789402263,391395074,506.711,robot_2,0.021,-1.413
1789402263,391470276,506.711,robot_1,-1.018,2.387
1789402263,391508991,506.711,robot_0,1.255,1.495
1789402263,391554717,506.711,robot_0_carried_generic_box,1.255,1.496
1789402263,391588165,506.711,robot_1_carried_generic_box,-0.983,2.424
1789402263,610794723,506.930,robot_2,-0.007,-1.390
1789402263,610882996,506.930,robot_1,-1.043,2.360
1789402263,610922822,506.930,robot_0,1.264,1.505
1789402263,610965306,506.930,robot_0_carried_generic_box,1.255,1.495
1789402263,610997529,506.930,robot_1_carried_generic_box,-1.012,2.393
1789402263,818439465,507.138,robot_2,-0.034,-1.367
1789402263,818530187,507.138,robot_1,-1.067,2.334
1789402263,818587468,507.138,robot_0,1.287,1.532
1789402263,818646562,507.138,robot_0_carried_generic_box,1.257,1.498
1789402263,818687402,507.138,robot_1_carried_generic_box,-1.033,2.371
1789402264,52746783,507.372,robot_2,-0.059,-1.345
1789402264,52837925,507.372,robot_1,-1.090,2.310
1789402264,52882742,507.372,robot_0,1.307,1.558
1789402264,52936513,507.372,robot_0_carried_generic_box,1.271,1.514
1789402264,52978689,507.372,robot_1_carried_generic_box,-1.057,2.345
1789402264,255395011,507.575,robot_2,-0.084,-1.324
1789402264,255503496,507.575,robot_1,-1.113,2.286
1789402264,255558352,507.575,robot_0,1.328,1.583
1789402264,255617214,507.575,robot_0_carried_generic_box,1.292,1.539
1789402264,255661034,507.575,robot_1_carried_generic_box,-1.074,2.328
1789402264,463381103,507.783,robot_2,-0.109,-1.303
1789402264,463488972,507.783,robot_1,-1.135,2.262
1789402264,463546255,507.783,robot_0,1.349,1.609
1789402264,463605376,507.783,robot_0_carried_generic_box,1.313,1.564
1789402264,463640808,507.783,robot_1_carried_generic_box,-1.104,2.295
1789402264,674496436,507.994,robot_2,-0.139,-1.277
1789402264,674594070,508.007,robot_1,-1.162,2.233
1789402264,687683680,508.007,robot_0,1.374,1.639
1789402264,687742593,508.007,robot_0_carried_generic_box,1.343,1.602
1789402264,687786763,508.007,robot_1_carried_generic_box,-1.131,2.266
1789402264,898577242,508.218,robot_2,-0.160,-1.260
1789402264,898727153,508.218,robot_1,-1.180,2.214
1789402264,898778129,508.218,robot_0,1.391,1.660
1789402264,898828101,508.218,robot_0_carried_generic_box,1.351,1.611
1789402264,898868189,508.218,robot_1_carried_generic_box,-1.139,2.257
1789402265,106497273,508.426,robot_2,-0.182,-1.240
1789402265,106586678,508.429,robot_1,-1.201,2.192
1789402265,113273421,508.433,robot_0,1.409,1.683
1789402265,113367378,508.433,robot_0_carried_generic_box,1.385,1.653
1789402265,113410449,508.433,robot_1_carried_generic_box,-1.172,2.222
1789402265,347253797,508.667,robot_2,-0.208,-1.219
1789402265,347354810,508.667,robot_1,-1.223,2.168
1789402265,347414543,508.667,robot_0,1.430,1.709
1789402265,347470812,508.667,robot_0_carried_generic_box,1.402,1.674
1789402265,347518206,508.667,robot_1_carried_generic_box,-1.193,2.201
1789402265,565013467,508.884,robot_2,-0.237,-1.194
1789402265,565106618,508.884,robot_1,-1.250,2.139
1789402265,565167411,508.884,robot_0,1.455,1.739
1789402265,565220198,508.884,robot_0_carried_generic_box,1.417,1.693
1789402265,565262624,508.885,robot_1_carried_generic_box,-1.209,2.183
1789402265,774636154,509.094,robot_2,-0.260,-1.174
1789402265,775844251,509.095,robot_1,-1.271,2.117
1789402265,775954205,509.095,robot_0,1.474,1.763
1789402265,776005402,509.095,robot_0_carried_generic_box,1.438,1.718
1789402265,776039149,509.095,robot_1_carried_generic_box,-1.232,2.159
1789402266,6258671,509.326,robot_2,-0.283,-1.155
1789402266,6343854,509.326,robot_1,-1.291,2.096
1789402266,6391019,509.326,robot_0,1.492,1.786
1789402266,6439295,509.326,robot_0_carried_generic_box,1.460,1.746
1789402266,6472067,509.326,robot_1_carried_generic_box,-1.260,2.128
1789402266,220086680,509.539,robot_2,-0.308,-1.133
1789402266,220182145,509.539,robot_1,-1.314,2.072
1789402266,220235294,509.539,robot_0,1.513,1.812
1789402266,220287326,509.540,robot_0_carried_generic_box,1.483,1.774
1789402266,220329440,509.540,robot_1_carried_generic_box,-1.281,2.107
1789402266,440464428,509.760,robot_2,-0.333,-1.112
1789402266,440551644,509.760,robot_1,-1.336,2.047
1789402266,440605251,509.760,robot_0,1.534,1.837
1789402266,440653022,509.760,robot_0_carried_generic_box,1.500,1.795
1789402266,440689351,509.760,robot_1_carried_generic_box,-1.299,2.087
1789402266,672102298,509.991,robot_2,-0.361,-1.089
1789402266,672179238,509.991,robot_1,-1.361,2.021
1789402266,672216601,509.991,robot_0,1.557,1.865
1789402266,672258433,509.992,robot_0_carried_generic_box,1.519,1.819
1789402266,672289352,509.992,robot_1_carried_generic_box,-1.322,2.063
1789402266,877155211,510.196,robot_2,-0.388,-1.065
1789402266,877226682,510.196,robot_1,-1.386,1.995
1789402266,877263443,510.197,robot_0,1.579,1.893
1789402266,877301750,510.197,robot_0_carried_generic_box,1.551,1.858
1789402266,877330914,510.197,robot_1_carried_generic_box,-1.355,2.028
1789402267,77433653,510.397,robot_2,-0.409,-1.048
1789402267,77507908,510.397,robot_1,-1.404,1.975
1789402267,77543620,510.397,robot_0,1.596,1.914
1789402267,77585662,510.408,robot_0_carried_generic_box,1.577,1.891
1789402267,88802099,510.408,robot_1_carried_generic_box,-1.384,1.997
1789402267,294346194,510.614,robot_2,-0.434,-1.027
1789402267,294419032,510.614,robot_1,-1.427,1.951
1789402267,294457389,510.614,robot_0,1.617,1.940
1789402267,294498118,510.614,robot_0_carried_generic_box,1.596,1.914
1789402267,294528302,510.614,robot_1_carried_generic_box,-1.402,1.977
1789402267,496529172,510.816,robot_2,-0.459,-1.005
1789402267,496626339,510.816,robot_1,-1.449,1.927
1789402267,496671068,510.816,robot_0,1.629,1.955
1789402267,496719298,510.816,robot_0_carried_generic_box,1.613,1.935
1789402267,496759038,510.816,robot_1_carried_generic_box,-1.423,1.956
1789402267,701200757,511.020,robot_2,-0.484,-0.984
1789402267,701277634,511.021,robot_1,-1.472,1.903
1789402267,701318249,511.021,robot_0,1.629,1.956
1789402267,701361970,511.021,robot_0_carried_generic_box,1.627,1.952
1789402267,701396967,511.021,robot_1_carried_generic_box,-1.445,1.931
1789402267,935167868,511.254,robot_2,-0.509,-0.962
1789402267,935243861,511.255,robot_1,-1.494,1.879
1789402267,935280919,511.255,robot_0,1.629,1.956
1789402267,935320932,511.255,robot_0_carried_generic_box,1.629,1.956
1789402267,935355685,511.255,robot_1_carried_generic_box,-1.468,1.907
1789402268,144283038,511.464,robot_2,-0.532,-0.943
1789402268,144362343,511.464,robot_1,-1.515,1.857
1789402268,144402061,511.464,robot_0,1.629,1.956
1789402268,144446904,511.464,robot_0_carried_generic_box,1.629,1.956
1789402268,144480915,511.464,robot_1_carried_generic_box,-1.484,1.890
1789402268,366723060,511.686,robot_2,-0.559,-0.920
1789402268,366809921,511.686,robot_1,-1.540,1.831
1789402268,366853782,511.686,robot_0,1.629,1.956
1789402268,366903038,511.686,robot_0_carried_generic_box,1.629,1.956
1789402268,366940162,511.686,robot_1_carried_generic_box,-1.507,1.866
1789402268,574591354,511.894,robot_2,-0.589,-0.894
1789402268,574673975,511.896,robot_1,-1.566,1.802
1789402268,576421623,511.896,robot_0,1.629,1.956
1789402268,577206016,511.897,robot_0_carried_generic_box,1.629,1.956
1789402268,577368226,511.897,robot_1_carried_generic_box,-1.523,1.848
1789402268,777403449,512.097,robot_2,-0.612,-0.875
1789402268,777478690,512.097,robot_1,-1.587,1.780
1789402268,777518132,512.097,robot_0,1.629,1.956
1789402268,777559541,512.097,robot_0_carried_generic_box,1.629,1.956
1789402268,777594270,512.097,robot_1_carried_generic_box,-1.550,1.820
1789402268,981360728,512.301,robot_2,-0.639,-0.852
1789402268,981432879,512.301,robot_1,-1.611,1.754
1789402268,981471547,512.301,robot_0,1.629,1.956
1789402268,981517293,512.301,robot_0_carried_generic_box,1.629,1.956
1789402268,981554108,512.301,robot_1_carried_generic_box,-1.579,1.789
1789402269,185279132,512.505,robot_2,-0.667,-0.828
1789402269,185372806,512.505,robot_1,-1.636,1.728
1789402269,185418847,512.505,robot_0,1.629,1.956
1789402269,185467365,512.505,robot_0_carried_generic_box,1.629,1.956
1789402269,185508236,512.505,robot_1_carried_generic_box,-1.607,1.759
1789402269,411721482,512.731,robot_2,-0.694,-0.805
1789402269,411829977,512.731,robot_1,-1.661,1.702
1789402269,411878126,512.731,robot_0,1.629,1.956
1789402269,411920476,512.731,robot_0_carried_generic_box,1.629,1.956
1789402269,411951937,512.731,robot_1_carried_generic_box,-1.622,1.743
1789402269,639747311,512.959,robot_2,-0.722,-0.782
1789402269,639827881,512.959,robot_1,-1.685,1.675
1789402269,639871986,512.959,robot_0,1.629,1.956
1789402269,639916518,512.959,robot_0_carried_generic_box,1.629,1.956
1789402269,639950945,512.959,robot_1_carried_generic_box,-1.644,1.719
1789402269,872726965,513.192,robot_2,-0.749,-0.758
1789402269,872823138,513.192,robot_1,-1.710,1.649
1789402269,872881753,513.192,robot_0,1.630,1.956
1789402269,872928397,513.192,robot_0_carried_generic_box,1.629,1.956
1789402269,872962380,513.192,robot_1_carried_generic_box,-1.665,1.697
1789402270,60068897,513.379,robot_2,-0.772,-0.739
1789402270,60150017,513.379,robot_1,-1.730,1.627
1789402270,60196023,513.379,robot_0,1.630,1.955
1789402270,60245009,513.380,robot_0_carried_generic_box,1.630,1.956
1789402270,60285507,513.380,robot_1_carried_generic_box,-1.691,1.669
1789402270,272915488,513.592,robot_2,-0.804,-0.712
1789402270,272996287,513.592,robot_1,-1.759,1.597
1789402270,273034605,513.592,robot_0,1.630,1.955
1789402270,273074031,513.592,robot_0_carried_generic_box,1.630,1.956
1789402270,273106987,513.592,robot_1_carried_generic_box,-1.724,1.634
1789402270,494711096,513.814,robot_2,-0.838,-0.682
1789402270,494790708,513.814,robot_1,-1.790,1.564
1789402270,494826362,513.814,robot_0,1.631,1.955
1789402270,494864254,513.814,robot_0_carried_generic_box,1.630,1.955
1789402270,494902770,513.814,robot_1_carried_generic_box,-1.747,1.610
1789402270,711777730,514.031,robot_2,-0.863,-0.661
1789402270,711857144,514.031,robot_1,-1.812,1.540
1789402270,711895041,514.031,robot_0,1.631,1.955
1789402270,711935556,514.031,robot_0_carried_generic_box,1.630,1.955
1789402270,711965745,514.031,robot_1_carried_generic_box,-1.778,1.577
1789402270,918853547,514.238,robot_2,-0.886,-0.642
1789402270,919015085,514.238,robot_1,-1.833,1.518
1789402270,919090606,514.238,robot_0,1.631,1.955
1789402270,919151360,514.238,robot_0_carried_generic_box,1.631,1.955
1789402270,919186768,514.238,robot_1_carried_generic_box,-1.798,1.555
1789402271,126114398,514.445,robot_2,-0.920,-0.612
1789402271,126186925,514.445,robot_1,-1.864,1.485
1789402271,126226054,514.445,robot_0,1.631,1.955
1789402271,126264185,514.446,robot_0_carried_generic_box,1.631,1.955
1789402271,126295526,514.446,robot_1_carried_generic_box,-1.825,1.527
1789402271,362624689,514.682,robot_2,-0.952,-0.585
1789402271,362714148,514.682,robot_1,-1.893,1.454
1789402271,362755878,514.682,robot_0,1.632,1.955
1789402271,362799716,514.682,robot_0_carried_generic_box,1.631,1.955
1789402271,362835988,514.682,robot_1_carried_generic_box,-1.843,1.507
1789402271,572144525,514.891,robot_2,-0.978,-0.564
1789402271,572230651,514.891,robot_1,-1.915,1.430
1789402271,572281331,514.892,robot_0,1.632,1.956
1789402271,572331679,514.892,robot_0_carried_generic_box,1.631,1.955
1789402271,572363154,514.892,robot_1_carried_generic_box,-1.868,1.481
1789402271,772908390,515.092,robot_2,-1.007,-0.539
1789402271,772986117,515.092,robot_1,-1.942,1.402
1789402271,773026708,515.092,robot_0,1.632,1.956
1789402271,773073090,515.092,robot_0_carried_generic_box,1.632,1.956
1789402271,773111381,515.092,robot_1_carried_generic_box,-1.895,1.452
1789402271,987424594,515.307,robot_2,-1.037,-0.513
1789402271,987515341,515.307,robot_1,-1.968,1.373
1789402271,987564069,515.307,robot_0,1.638,1.947
1789402271,992685353,515.312,robot_0_carried_generic_box,1.632,1.956
1789402271,992801064,515.312,robot_1_carried_generic_box,-1.911,1.435
1789402272,222151190,515.541,robot_2,-1.067,-0.488
1789402272,222222855,515.541,robot_1,-1.995,1.345
1789402272,222266439,515.542,robot_0,1.652,1.925
1789402272,222312194,515.542,robot_0_carried_generic_box,1.634,1.953
1789402272,222347415,515.542,robot_1_carried_generic_box,-1.960,1.382
1789402272,434632926,515.754,robot_2,-1.094,-0.465
1789402272,434700492,515.754,robot_1,-2.020,1.319
1789402272,434738137,515.754,robot_0,1.665,1.905
1789402272,434784246,515.754,robot_0_carried_generic_box,1.643,1.939
1789402272,434815009,515.754,robot_1_carried_generic_box,-1.983,1.358
1789402272,643317418,515.972,robot_2,-1.119,-0.443
1789402272,652878607,515.972,robot_1,-2.042,1.295
1789402272,652967962,515.972,robot_0,1.675,1.891
1789402272,654896861,515.974,robot_0_carried_generic_box,1.654,1.922
1789402272,655026947,515.974,robot_1_carried_generic_box,-2.003,1.336
1789402272,867784259,516.187,robot_2,-1.149,-0.418
1789402272,867868065,516.187,robot_1,-2.056,1.280
1789402272,867922022,516.187,robot_0,1.675,1.891
1789402272,875043947,516.194,robot_0_carried_generic_box,1.670,1.899
1789402272,875194090,516.194,robot_1_carried_generic_box,-2.026,1.312
1789402273,77747348,516.397,robot_2,-1.176,-0.395
1789402273,77832830,516.397,robot_1,-2.056,1.280
1789402273,77874669,516.397,robot_0,1.675,1.891
1789402273,77920108,516.397,robot_0_carried_generic_box,1.675,1.891
1789402273,77953638,516.397,robot_1_carried_generic_box,-2.046,1.291
1789402273,293605636,516.613,robot_2,-1.206,-0.369
1789402273,293692596,516.613,robot_1,-2.056,1.280
1789402273,293734432,516.613,robot_0,1.675,1.891
1789402273,293780837,516.613,robot_0_carried_generic_box,1.675,1.891
1789402273,293820473,516.613,robot_1_carried_generic_box,-2.056,1.280
1789402273,497585572,516.817,robot_2,-1.231,-0.348
1789402273,497673548,516.817,robot_1,-2.056,1.280
1789402273,497721122,516.817,robot_0,1.675,1.891
1789402273,497768448,516.817,robot_0_carried_generic_box,1.675,1.891
1789402273,497808064,516.817,robot_1_carried_generic_box,-2.056,1.280
1789402273,725043216,517.044,robot_2,-1.263,-0.321
1789402273,725126143,517.044,robot_1,-2.057,1.281
1789402273,725165270,517.044,robot_0,1.676,1.892
1789402273,725209365,517.044,robot_0_carried_generic_box,1.675,1.891
1789402273,725245740,517.045,robot_1_carried_generic_box,-2.056,1.280
1789402273,935017376,517.254,robot_2,-1.291,-0.297
1789402273,935105108,517.254,robot_1,-2.057,1.281
1789402273,935157020,517.254,robot_0,1.676,1.892
1789402273,935207311,517.254,robot_0_carried_generic_box,1.675,1.891
1789402273,935251920,517.255,robot_1_carried_generic_box,-2.057,1.280
1789402274,180702750,517.500,robot_2,-1.313,-0.278
1789402274,180784455,517.500,robot_1,-2.057,1.281
1789402274,180827969,517.500,robot_0,1.676,1.892
1789402274,180873291,517.500,robot_0_carried_generic_box,1.676,1.892
1789402274,180908624,517.500,robot_1_carried_generic_box,-2.057,1.281
1789402274,383434874,517.703,robot_2,-1.348,-0.249
1789402274,383519278,517.703,robot_1,-2.057,1.281
1789402274,383570911,517.703,robot_0,1.676,1.893
1789402274,396877123,517.716,robot_0_carried_generic_box,1.676,1.892
1789402274,396989443,517.716,robot_1_carried_generic_box,-2.057,1.281
1789402274,588172939,517.907,robot_2,-1.371,-0.229
1789402274,588257731,517.908,robot_1,-2.058,1.281
1789402274,588304653,517.908,robot_0,1.676,1.893
1789402274,588356144,517.908,robot_0_carried_generic_box,1.676,1.892
1789402274,588397272,517.908,robot_1_carried_generic_box,-2.057,1.281
1789402274,790208678,518.109,robot_2,-1.398,-0.206
1789402274,790281296,518.110,robot_1,-2.058,1.281
1789402274,790322656,518.110,robot_0,1.663,1.892
1789402274,790368754,518.110,robot_0_carried_generic_box,1.676,1.893
1789402274,790404043,518.110,robot_1_carried_generic_box,-2.058,1.281
1789402275,3900620,518.323,robot_2,-1.423,-0.185
1789402275,3992440,518.323,robot_1,-2.058,1.281
1789402275,4048000,518.323,robot_0,1.631,1.888
1789402275,4097102,518.323,robot_0_carried_generic_box,1.675,1.893
1789402275,4143389,518.323,robot_1_carried_generic_box,-2.058,1.281
1789402275,232792213,518.552,robot_2,-1.455,-0.158
1789402275,232882549,518.552,robot_1,-2.058,1.280
1789402275,232923997,518.552,robot_0,1.589,1.882
1789402275,232963473,518.552,robot_0_carried_generic_box,1.655,1.891
1789402275,233002342,518.552,robot_1_carried_generic_box,-2.058,1.281
1789402275,465651878,518.785,robot_2,-1.489,-0.128
1789402275,465737646,518.785,robot_1,-2.059,1.280
1789402275,465783325,518.785,robot_0,1.545,1.874
1789402275,465821796,518.785,robot_0_carried_generic_box,1.619,1.886
1789402275,465854868,518.785,robot_1_carried_generic_box,-2.058,1.281
1789402275,687786281,519.007,robot_2,-1.519,-0.103
1789402275,687883932,519.007,robot_1,-2.059,1.280
1789402275,687936218,519.007,robot_0,1.507,1.868
1789402275,687987822,519.007,robot_0_carried_generic_box,1.575,1.879
1789402275,688020973,519.007,robot_1_carried_generic_box,-2.059,1.280
1789402275,903071811,519.222,robot_2,-1.546,-0.080
1789402275,903160401,519.222,robot_1,-2.059,1.280
1789402275,903217075,519.222,robot_0,1.471,1.862
1789402275,903267519,519.223,robot_0_carried_generic_box,1.530,1.872
1789402275,903307060,519.223,robot_1_carried_generic_box,-2.059,1.280
1789402276,108433415,519.428,robot_2,-1.576,-0.054
1789402276,108509270,519.428,robot_1,-2.059,1.280
1789402276,108557678,519.428,robot_0,1.433,1.856
1789402276,126722040,519.446,robot_0_carried_generic_box,1.492,1.866
1789402276,126860715,519.446,robot_1_carried_generic_box,-2.059,1.280
1789402276,323222932,519.643,robot_2,-1.604,-0.031
1789402276,323312559,519.643,robot_1,-2.060,1.280
1789402276,323368952,519.643,robot_0,1.397,1.850
1789402276,323421538,519.643,robot_0_carried_generic_box,1.459,1.860
1789402276,323462011,519.643,robot_1_carried_generic_box,-2.059,1.280
1789402276,523703618,519.843,robot_2,-1.631,-0.008
1789402276,523783788,519.843,robot_1,-2.060,1.279
1789402276,523831143,519.843,robot_0,1.362,1.844
1789402276,523874139,519.843,robot_0_carried_generic_box,1.424,1.854
1789402276,523907709,519.843,robot_1_carried_generic_box,-2.059,1.280
1789402276,738129327,520.057,robot_2,-1.654,0.012
1789402276,738212382,520.057,robot_1,-2.050,1.274
1789402276,738268207,520.058,robot_0,1.332,1.839
1789402276,738322820,520.058,robot_0_carried_generic_box,1.391,1.849
1789402276,738372319,520.058,robot_1_carried_generic_box,-2.060,1.279
1789402276,955106097,520.274,robot_2,-1.677,0.031
1789402276,955204823,520.274,robot_1,-2.024,1.261
1789402276,955262789,520.275,robot_0,1.302,1.834
1789402276,955322070,520.275,robot_0_carried_generic_box,1.359,1.844
1789402276,955369226,520.275,robot_1_carried_generic_box,-2.059,1.279
1789402277,169256134,520.489,robot_2,-1.709,0.058
1789402277,169337017,520.489,robot_1,-1.987,1.243
1789402277,169378227,520.489,robot_0,1.261,1.828
1789402277,169424253,520.489,robot_0_carried_generic_box,1.329,1.839
1789402277,169459095,520.489,robot_1_carried_generic_box,-2.046,1.272
1789402277,384292220,520.704,robot_2,-1.736,0.082
1789402277,384381231,520.704,robot_1,-1.954,1.227
1789402277,384429122,520.704,robot_0,1.225,1.822
1789402277,384480754,520.704,robot_0_carried_generic_box,1.288,1.832
1789402277,384517504,520.704,robot_1_carried_generic_box,-2.008,1.253
1789402277,595588025,520.934,robot_2,-1.759,0.101
1789402277,614811743,520.934,robot_1,-1.927,1.214
1789402277,614856142,520.934,robot_0,1.196,1.817
1789402277,614899491,520.934,robot_0_carried_generic_box,1.243,1.825
1789402277,614930382,520.934,robot_1_carried_generic_box,-1.968,1.233
1789402277,797894699,521.117,robot_2,-1.784,0.122
1789402277,797975893,521.117,robot_1,-1.898,1.199
1789402277,798020432,521.117,robot_0,1.163,1.812
1789402277,798069191,521.117,robot_0_carried_generic_box,1.225,1.822
1789402277,798110606,521.117,robot_1_carried_generic_box,-1.941,1.220
1789402277,998287608,521.318,robot_2,-1.795,0.131
1789402277,998369208,521.318,robot_1,-1.865,1.183
1789402277,998413338,521.318,robot_0,1.128,1.806
1789402277,998459139,521.318,robot_0_carried_generic_box,1.190,1.816
1789402277,998494333,521.318,robot_1_carried_generic_box,-1.919,1.210
1789402278,205974742,521.525,robot_2,-1.795,0.132
1789402278,206061117,521.525,robot_1,-1.830,1.166
1789402278,206112423,521.525,robot_0,1.089,1.799
1789402278,206165555,521.525,robot_0_carried_generic_box,1.157,1.811
1789402278,206210375,521.525,robot_1_carried_generic_box,-1.882,1.191
1789402278,415478126,521.735,robot_2,-1.795,0.132
1789402278,415551591,521.735,robot_1,-1.798,1.150
1789402278,415585177,521.735,robot_0,1.054,1.793
1789402278,415633867,521.735,robot_0_carried_generic_box,1.113,1.803
1789402278,415667051,521.735,robot_1_carried_generic_box,-1.852,1.177
1789402278,617238958,521.937,robot_2,-1.795,0.132
1789402278,617332306,521.937,robot_1,-1.768,1.136
1789402278,617384187,521.937,robot_0,1.021,1.788
1789402278,617437192,521.937,robot_0_carried_generic_box,1.083,1.798
1789402278,617479833,521.937,robot_1_carried_generic_box,-1.820,1.161
1789402278,820371065,522.140,robot_2,-1.794,0.132
1789402278,820466289,522.140,robot_1,-1.741,1.122
1789402278,820524129,522.140,robot_0,0.992,1.783
1789402278,820579488,522.140,robot_0_carried_generic_box,1.045,1.792
1789402278,820629394,522.140,robot_1_carried_generic_box,-1.785,1.144
1789402279,44405313,522.364,robot_2,-1.794,0.132
1789402279,44500347,522.364,robot_1,-1.706,1.105
1789402279,44555538,522.364,robot_0,0.953,1.777
1789402279,51061525,522.370,robot_0_carried_generic_box,1.012,1.787
1789402279,51162281,522.370,robot_1_carried_generic_box,-1.758,1.130
1789402279,255568505,522.575,robot_2,-1.794,0.133
1789402279,255669853,522.575,robot_1,-1.674,1.089
1789402279,255709296,522.575,robot_0,0.918,1.771
1789402279,255756258,522.575,robot_0_carried_generic_box,0.977,1.781
1789402279,255790339,522.575,robot_1_carried_generic_box,-1.728,1.116
1789402279,480413672,522.800,robot_2,-1.794,0.133
1789402279,480499918,522.800,robot_1,-1.642,1.074
1789402279,480551021,522.800,robot_0,0.882,1.765
1789402279,480622714,522.800,robot_0_carried_generic_box,0.929,1.773
1789402279,480665366,522.800,robot_1_carried_generic_box,-1.698,1.101
1789402279,684239760,523.004,robot_2,-1.794,0.133
1789402279,684331746,523.004,robot_1,-1.612,1.059
1789402279,684368663,523.004,robot_0,0.849,1.760
1789402279,684416557,523.004,robot_0_carried_generic_box,0.900,1.768
1789402279,684456361,523.004,robot_1_carried_generic_box,-1.658,1.082
1789402279,912166439,523.231,robot_2,-1.794,0.133
1789402279,912252272,523.232,robot_1,-1.580,1.043
1789402279,912290946,523.232,robot_0,0.814,1.754
1789402279,912344321,523.232,robot_0_carried_generic_box,0.864,1.762
1789402279,912416207,523.232,robot_1_carried_generic_box,-1.620,1.063
1789402280,134500176,523.454,robot_2,-1.794,0.134
1789402280,134591637,523.454,robot_1,-1.542,1.025
1789402280,134644669,523.454,robot_0,0.772,1.747
1789402280,134701001,523.454,robot_0_carried_generic_box,0.835,1.757
1789402280,134749208,523.454,robot_1_carried_generic_box,-1.599,1.053
1789402280,357005364,523.676,robot_2,-1.795,0.134
1789402280,357092340,523.676,robot_1,-1.513,1.010
1789402280,357134936,523.676,robot_0,0.740,1.742
1789402280,357181771,523.676,robot_0_carried_generic_box,0.796,1.751
1789402280,357217364,523.676,robot_1_carried_generic_box,-1.569,1.038
1789402280,571121216,523.891,robot_2,-1.795,0.134
1789402280,571389209,523.891,robot_1,-1.480,0.994
1789402280,571430194,523.891,robot_0,0.704,1.736
1789402280,571478053,523.891,robot_0_carried_generic_box,0.767,1.746
1789402280,571514306,523.891,robot_1_carried_generic_box,-1.521,1.014
1789402280,775547369,524.095,robot_2,-1.795,0.134
1789402280,775632593,524.095,robot_1,-1.448,0.979
1789402280,775669540,524.095,robot_0,0.669,1.730
1789402280,775720789,524.095,robot_0_carried_generic_box,0.716,1.738
1789402280,775766103,524.095,robot_1_carried_generic_box,-1.491,1.000
1789402281,10967567,524.330,robot_2,-1.795,0.134
1789402281,11049088,524.330,robot_1,-1.413,0.961
1789402281,11085025,524.330,robot_0,0.630,1.724
1789402281,11123765,524.330,robot_0_carried_generic_box,0.678,1.731
1789402281,11157400,524.330,robot_1_carried_generic_box,-1.478,0.993
1789402281,239394372,524.559,robot_2,-1.795,0.135
1789402281,239494821,524.559,robot_1,-1.375,0.943
1789402281,239536622,524.559,robot_0,0.589,1.717
1789402281,239583441,524.559,robot_0_carried_generic_box,0.654,1.728
1789402281,239626666,524.559,robot_1_carried_generic_box,-1.434,0.972
1789402281,459935745,524.779,robot_2,-1.795,0.135
1789402281,460024040,524.779,robot_1,-1.348,0.930
1789402281,460071503,524.779,robot_0,0.559,1.712
1789402281,460121489,524.779,robot_0_carried_generic_box,0.616,1.721
1789402281,460154993,524.779,robot_1_carried_generic_box,-1.399,0.955
1789402281,670680367,524.990,robot_2,-1.796,0.135
1789402281,670760676,524.990,robot_1,-1.313,0.913
1789402281,670803332,524.990,robot_0,0.521,1.706
1789402281,670844277,524.990,robot_0_carried_generic_box,0.586,1.716
1789402281,670875602,524.990,robot_1_carried_generic_box,-1.370,0.940
1789402281,884045425,525.203,robot_2,-1.804,0.118
1789402281,884133240,525.203,robot_1,-1.301,0.906
1789402281,884175751,525.203,robot_0,0.482,1.699
1789402281,884219477,525.203,robot_0_carried_generic_box,0.539,1.709
1789402281,884256346,525.204,robot_1_carried_generic_box,-1.329,0.920
1789402282,95812146,525.415,robot_2,-1.816,0.094
1789402282,95913714,525.415,robot_1,-1.301,0.906
1789402282,95969176,525.415,robot_0,0.456,1.695
1789402282,96024110,525.415,robot_0_carried_generic_box,0.506,1.703
1789402282,96059305,525.415,robot_1_carried_generic_box,-1.302,0.907
1789402282,311557115,525.631,robot_2,-1.831,0.064
1789402282,324222754,525.644,robot_1,-1.301,0.906
1789402282,324330018,525.644,robot_0,0.423,1.690
1789402282,324389353,525.644,robot_0_carried_generic_box,0.471,1.697
1789402282,324431658,525.644,robot_1_carried_generic_box,-1.301,0.906
1789402282,531754970,525.851,robot_2,-1.845,0.035
1789402282,531843856,525.851,robot_1,-1.301,0.906
1789402282,531890168,525.851,robot_0,0.391,1.684
1789402282,531932558,525.851,robot_0_carried_generic_box,0.441,1.692
1789402282,531964015,525.851,robot_1_carried_generic_box,-1.301,0.906
1789402282,740971235,526.060,robot_2,-1.861,0.002
1789402282,741051172,526.060,robot_1,-1.301,0.906
1789402282,741092445,526.060,robot_0,0.355,1.678
1789402282,741137503,526.060,robot_0_carried_generic_box,0.405,1.687
1789402282,741166318,526.060,robot_1_carried_generic_box,-1.301,0.906
1789402282,982332516,526.302,robot_2,-1.877,-0.030
1789402282,982460759,526.302,robot_1,-1.301,0.905
1789402282,982518995,526.302,robot_0,0.320,1.672
1789402282,982577630,526.302,robot_0_carried_generic_box,0.382,1.683
1789402282,982628967,526.302,robot_1_carried_generic_box,-1.301,0.906
1789402283,186871295,526.506,robot_2,-1.890,-0.057
1789402283,186957830,526.506,robot_1,-1.301,0.905
1789402283,187002001,526.506,robot_0,0.290,1.668
1789402283,187050685,526.506,robot_0_carried_generic_box,0.346,1.677
1789402283,187083808,526.506,robot_1_carried_generic_box,-1.301,0.906
1789402283,395859910,526.715,robot_2,-1.907,-0.092
1789402283,395946323,526.715,robot_1,-1.301,0.905
1789402283,396000767,526.715,robot_0,0.251,1.661
1789402283,396058054,526.715,robot_0_carried_generic_box,0.302,1.670
1789402283,396106024,526.715,robot_1_carried_generic_box,-1.301,0.905
1789402283,609089037,526.928,robot_2,-1.921,-0.122
1789402283,609179140,526.928,robot_1,-1.301,0.905
1789402283,609225147,526.928,robot_0,0.219,1.656
1789402283,609275312,526.929,robot_0_carried_generic_box,0.278,1.666
1789402283,609311894,526.929,robot_1_carried_generic_box,-1.301,0.905
1789402283,809452291,527.129,robot_2,-1.938,-0.157
1789402283,809531695,527.129,robot_1,-1.301,0.904
1789402283,809574102,527.129,robot_0,0.180,1.650
1789402283,820458838,527.140,robot_0_carried_generic_box,0.234,1.658
1789402283,820579949,527.140,robot_1_carried_generic_box,-1.301,0.905
1789402284,40444894,527.360,robot_2,-1.951,-0.184
1789402284,40538001,527.360,robot_1,-1.300,0.904
1789402284,40581372,527.360,robot_0,0.151,1.645
1789402284,56123118,527.375,robot_0_carried_generic_box,0.207,1.654
1789402284,56222143,527.375,robot_1_carried_generic_box,-1.301,0.905
1789402284,258457199,527.578,robot_2,-1.963,-0.208
1789402284,258555949,527.578,robot_1,-1.300,0.904
1789402284,258614288,527.578,robot_0,0.124,1.640
1789402284,258667628,527.578,robot_0_carried_generic_box,0.175,1.649
1789402284,258720654,527.578,robot_1_carried_generic_box,-1.301,0.904
1789402284,496212437,527.819,robot_2,-1.979,-0.241
1789402284,499744217,527.819,robot_1,-1.300,0.904
1789402284,499827364,527.819,robot_0,0.089,1.634
1789402284,499877601,527.819,robot_0_carried_generic_box,0.133,1.642
1789402284,499918651,527.819,robot_1_carried_generic_box,-1.300,0.904
1789402284,702274222,528.022,robot_2,-1.992,-0.268
1789402284,702364350,528.022,robot_1,-1.300,0.904
1789402284,702420607,528.022,robot_0,0.059,1.630
1789402284,702476422,528.022,robot_0_carried_generic_box,0.098,1.636
1789402284,702523698,528.022,robot_1_carried_generic_box,-1.300,0.904
1789402284,916324966,528.250,robot_2,-2.006,-0.297
1789402284,930757292,528.250,robot_1,-1.300,0.904
1789402284,930838200,528.250,robot_0,0.027,1.624
1789402284,930894395,528.250,robot_0_carried_generic_box,0.074,1.632
1789402284,930936147,528.250,robot_1_carried_generic_box,-1.300,0.904
1789402285,120080467,528.439,robot_2,-2.018,-0.322
1789402285,120184231,528.439,robot_1,-1.300,0.903
1789402285,120245456,528.440,robot_0,-0.000,1.620
1789402285,120304421,528.440,robot_0_carried_generic_box,0.044,1.627
1789402285,120354664,528.440,robot_1_carried_generic_box,-1.300,0.904
1789402285,333880412,528.653,robot_2,-2.031,-0.349
1789402285,333957998,528.653,robot_1,-1.300,0.903
1789402285,334001693,528.653,robot_0,-0.030,1.615
1789402285,334042550,528.653,robot_0_carried_generic_box,0.021,1.623
1789402285,334078077,528.653,robot_1_carried_generic_box,-1.300,0.904
1789402285,558291972,528.878,robot_2,-2.047,-0.381
1789402285,558411073,528.878,robot_1,-1.299,0.903
1789402285,558465799,528.878,robot_0,-0.065,1.609
1789402285,558515786,528.878,robot_0_carried_generic_box,-0.015,1.617
1789402285,558554854,528.878,robot_1_carried_generic_box,-1.300,0.903
1789402285,784682896,529.104,robot_2,-2.063,-0.413
1789402285,784756685,529.104,robot_1,-1.297,0.909
1789402285,784800588,529.104,robot_0,-0.101,1.603
1789402285,784841116,529.104,robot_0_carried_generic_box,-0.056,1.610
1789402285,784874400,529.104,robot_1_carried_generic_box,-1.300,0.903
1789402286,12356287,529.332,robot_2,-2.079,-0.446
1789402286,12441741,529.332,robot_1,-1.286,0.940
1789402286,12492693,529.332,robot_0,-0.136,1.597
1789402286,12536195,529.332,robot_0_carried_generic_box,-0.089,1.605
1789402286,12575983,529.332,robot_1_carried_generic_box,-1.299,0.904
1789402286,218291871,529.538,robot_2,-2.090,-0.470
1789402286,218393560,529.538,robot_1,-1.277,0.966
1789402286,218449690,529.538,robot_0,-0.163,1.593
1789402286,218503876,529.539,robot_0_carried_generic_box,-0.121,1.600
1789402286,219715567,529.539,robot_1_carried_generic_box,-1.291,0.926
1789402286,430238692,529.750,robot_2,-2.103,-0.497
1789402286,430323298,529.750,robot_1,-1.267,0.994
1789402286,430380473,529.750,robot_0,-0.193,1.588
1789402286,430431169,529.750,robot_0_carried_generic_box,-0.151,1.595
1789402286,430474108,529.750,robot_1_carried_generic_box,-1.281,0.955
1789402286,640636554,529.960,robot_2,-2.110,-0.509
1789402286,640730219,529.960,robot_1,-1.254,1.034
1789402286,640778786,529.960,robot_0,-0.234,1.581
1789402286,640831965,529.960,robot_0_carried_generic_box,-0.175,1.591
1789402286,640873507,529.960,robot_1_carried_generic_box,-1.273,0.977
1789402286,847471212,530.167,robot_2,-2.110,-0.509
1789402286,847546641,530.167,robot_1,-1.242,1.068
1789402286,847591996,530.167,robot_0,-0.269,1.575
1789402286,847648503,530.167,robot_0_carried_generic_box,-0.198,1.587
1789402286,847689228,530.167,robot_1_carried_generic_box,-1.261,1.011
1789402287,57008346,530.376,robot_2,-2.110,-0.509
1789402287,57095000,530.376,robot_1,-1.232,1.097
1789402287,57151350,530.376,robot_0,-0.299,1.570
1789402287,57202699,530.376,robot_0_carried_generic_box,-0.240,1.580
1789402287,57246518,530.377,robot_1_carried_generic_box,-1.252,1.040
1789402287,288118347,530.607,robot_2,-2.110,-0.509
1789402287,288217350,530.607,robot_1,-1.221,1.131
1789402287,288274385,530.608,robot_0,-0.335,1.565
1789402287,288325993,530.608,robot_0_carried_generic_box,-0.284,1.573
1789402287,288369321,530.608,robot_1_carried_generic_box,-1.242,1.068
1789402287,493387413,530.813,robot_2,-2.110,-0.509
1789402287,493472001,530.813,robot_1,-1.209,1.164
1789402287,493516931,530.813,robot_0,-0.369,1.559
1789402287,493558086,530.813,robot_0_carried_generic_box,-0.317,1.568
1789402287,493591293,530.813,robot_1_carried_generic_box,-1.225,1.119
1789402287,729445598,531.049,robot_2,-2.111,-0.509
1789402287,729537324,531.049,robot_1,-1.205,1.175
1789402287,729587442,531.049,robot_0,-0.378,1.557
1789402287,729640706,531.049,robot_0_carried_generic_box,-0.343,1.563
1789402287,729686210,531.049,robot_1_carried_generic_box,-1.217,1.142
1789402287,962155115,531.281,robot_2,-2.111,-0.509
1789402287,962234265,531.282,robot_1,-1.205,1.175
1789402287,962282288,531.282,robot_0,-0.378,1.557
1789402287,962325849,531.282,robot_0_carried_generic_box,-0.374,1.558
1789402287,962362526,531.282,robot_1_carried_generic_box,-1.207,1.170
1789402288,189483434,531.509,robot_2,-2.111,-0.509
1789402288,189593360,531.517,robot_1,-1.205,1.175
1789402288,198000026,531.517,robot_0,-0.378,1.557
1789402288,198058718,531.517,robot_0_carried_generic_box,-0.378,1.557
1789402288,198098171,531.517,robot_1_carried_generic_box,-1.205,1.175
1789402288,409056050,531.728,robot_2,-2.111,-0.510
1789402288,409136357,531.728,robot_1,-1.205,1.175
1789402288,409179272,531.728,robot_0,-0.378,1.557
1789402288,409221181,531.728,robot_0_carried_generic_box,-0.378,1.557
1789402288,409255082,531.729,robot_1_carried_generic_box,-1.205,1.175
1789402288,614000124,531.933,robot_2,-2.111,-0.510
1789402288,614088090,531.933,robot_1,-1.205,1.175
1789402288,614136547,531.933,robot_0,-0.378,1.558
1789402288,614182115,531.933,robot_0_carried_generic_box,-0.378,1.557
1789402288,614215686,531.933,robot_1_carried_generic_box,-1.205,1.175
1789402288,822550411,532.142,robot_2,-2.112,-0.510
1789402288,822660170,532.142,robot_1,-1.204,1.175
1789402288,822713458,532.142,robot_0,-0.378,1.558
1789402288,822760948,532.142,robot_0_carried_generic_box,-0.378,1.557
1789402288,822800087,532.142,robot_1_carried_generic_box,-1.205,1.175
1789402289,40327353,532.360,robot_2,-2.112,-0.510
1789402289,40418097,532.360,robot_1,-1.204,1.175
1789402289,40478468,532.360,robot_0,-0.378,1.558
1789402289,40529605,532.360,robot_0_carried_generic_box,-0.378,1.558
1789402289,40570546,532.360,robot_1_carried_generic_box,-1.205,1.175
1789402289,257480066,532.577,robot_2,-2.112,-0.510
1789402289,257565476,532.577,robot_1,-1.204,1.175
1789402289,257631921,532.577,robot_0,-0.378,1.558
1789402289,257682057,532.577,robot_0_carried_generic_box,-0.378,1.558
1789402289,257712467,532.577,robot_1_carried_generic_box,-1.204,1.175
1789402289,460172991,532.779,robot_2,-2.112,-0.510
1789402289,460260039,532.780,robot_1,-1.204,1.175
1789402289,460321330,532.780,robot_0,-0.378,1.558
1789402289,460364268,532.780,robot_0_carried_generic_box,-0.378,1.558
1789402289,460396949,532.780,robot_1_carried_generic_box,-1.204,1.175
1789402289,674744995,532.994,robot_2,-2.112,-0.510
1789402289,674831253,532.994,robot_1,-1.204,1.175
1789402289,674882890,532.994,robot_0,-0.379,1.559
1789402289,674929688,532.994,robot_0_carried_generic_box,-0.378,1.558
1789402289,674964859,532.994,robot_1_carried_generic_box,-1.204,1.175
1789402289,877060728,533.196,robot_2,-2.112,-0.511
1789402289,877144197,533.197,robot_1,-1.203,1.176
1789402289,877996309,533.197,robot_0,-0.379,1.559
1789402289,878062112,533.197,robot_0_carried_generic_box,-0.379,1.558
1789402289,878097181,533.197,robot_1_carried_generic_box,-1.204,1.175
1789402290,101440556,533.421,robot_2,-2.112,-0.511
1789402290,101531387,533.421,robot_1,-1.203,1.176
1789402290,101581042,533.421,robot_0,-0.379,1.559
1789402290,101635027,533.421,robot_0_carried_generic_box,-0.379,1.559
1789402290,101665574,533.421,robot_1_carried_generic_box,-1.203,1.176
1789402290,305218508,533.624,robot_2,-2.108,-0.513
1789402290,305300814,533.625,robot_1,-1.203,1.176
1789402290,305345166,533.625,robot_0,-0.379,1.559
1789402290,305606914,533.625,robot_0_carried_generic_box,-0.379,1.559
1789402290,305674872,533.625,robot_1_carried_generic_box,-1.203,1.176
1789402290,509824959,533.829,robot_2,-2.081,-0.522
1789402290,514034725,533.833,robot_1,-1.203,1.176
1789402290,514150596,533.833,robot_0,-0.379,1.559
1789402290,514205811,533.833,robot_0_carried_generic_box,-0.379,1.559
1789402290,514241230,533.834,robot_1_carried_generic_box,-1.203,1.176
1789402290,723887867,534.043,robot_2,-2.053,-0.531
1789402290,723978368,534.043,robot_1,-1.203,1.176
1789402290,724024663,534.043,robot_0,-0.380,1.559
1789402290,724069733,534.043,robot_0_carried_generic_box,-0.379,1.559
1789402290,724103905,534.043,robot_1_carried_generic_box,-1.203,1.176
1789402290,924571309,534.244,robot_2,-2.027,-0.539
1789402290,924671210,534.244,robot_1,-1.203,1.176
1789402290,924722180,534.244,robot_0,-0.380,1.559
1789402290,924774349,534.244,robot_0_carried_generic_box,-0.380,1.559
1789402290,924812484,534.244,robot_1_carried_generic_box,-1.203,1.176
1789402291,127873240,534.447,robot_2,-1.998,-0.548
1789402291,127960402,534.447,robot_1,-1.203,1.177
1789402291,128004868,534.447,robot_0,-0.380,1.559
1789402291,128053141,534.447,robot_0_carried_generic_box,-0.380,1.559
1789402291,128089997,534.447,robot_1_carried_generic_box,-1.203,1.176
1789402291,353043226,534.672,robot_2,-1.966,-0.558
1789402291,353144637,534.672,robot_1,-1.203,1.177
1789402291,353201051,534.672,robot_0,-0.380,1.559
1789402291,353247072,534.673,robot_0_carried_generic_box,-0.380,1.559
1789402291,353279617,534.673,robot_1_carried_generic_box,-1.203,1.177
1789402291,568051377,534.887,robot_2,-1.932,-0.568
1789402291,568133410,534.887,robot_1,-1.202,1.177
1789402291,568188159,534.887,robot_0,-0.381,1.560
1789402291,568237205,534.888,robot_0_carried_generic_box,-0.380,1.559
1789402291,568274926,534.888,robot_1_carried_generic_box,-1.203,1.177
1789402291,768789311,535.088,robot_2,-1.898,-0.579
1789402291,768867664,535.088,robot_1,-1.202,1.177
1789402291,768913855,535.088,robot_0,-0.382,1.580
1789402291,768955434,535.088,robot_0_carried_generic_box,-0.381,1.559
1789402291,768988709,535.088,robot_1_carried_generic_box,-1.203,1.177
1789402292,14126134,535.333,robot_2,-1.866,-0.588
1789402292,14215281,535.333,robot_1,-1.202,1.178
1789402292,14269281,535.334,robot_0,-0.384,1.602
1789402292,14318034,535.334,robot_0_carried_generic_box,-0.381,1.570
1789402292,14356731,535.334,robot_1_carried_generic_box,-1.202,1.177
1789402292,226191520,535.555,robot_2,-1.848,-0.594
1789402292,235868454,535.555,robot_1,-1.204,1.178
1789402292,235952818,535.555,robot_0,-0.385,1.621
1789402292,236007044,535.555,robot_0_carried_generic_box,-0.383,1.592
1789402292,236045667,535.555,robot_1_carried_generic_box,-1.202,1.178
1789402292,452328951,535.772,robot_2,-1.847,-0.594
1789402292,452413183,535.772,robot_1,-1.233,1.174
1789402292,452465303,535.772,robot_0,-0.386,1.631
1789402292,452509571,535.772,robot_0_carried_generic_box,-0.384,1.608
1789402292,458496665,535.778,robot_1_carried_generic_box,-1.202,1.178
1789402292,654766797,535.974,robot_2,-1.847,-0.594
1789402292,654851067,535.974,robot_1,-1.266,1.170
1789402292,654896424,535.974,robot_0,-0.386,1.631
1789402292,654938891,535.974,robot_0_carried_generic_box,-0.385,1.627
1789402292,654974150,535.974,robot_1_carried_generic_box,-1.213,1.177
1789402292,855776485,536.175,robot_2,-1.847,-0.594
1789402292,855865983,536.175,robot_1,-1.295,1.166
1789402292,855912842,536.175,robot_0,-0.386,1.631
1789402292,855965252,536.175,robot_0_carried_generic_box,-0.386,1.631
1789402292,856000603,536.175,robot_1_carried_generic_box,-1.239,1.174
1789402293,75381545,536.395,robot_2,-1.847,-0.594
1789402293,75469861,536.395,robot_1,-1.328,1.161
1789402293,75526150,536.395,robot_0,-0.386,1.631
1789402293,75576144,536.395,robot_0_carried_generic_box,-0.386,1.631
1789402293,75618797,536.395,robot_1_carried_generic_box,-1.266,1.170
1789402293,290548180,536.610,robot_2,-1.847,-0.595
1789402293,290655999,536.610,robot_1,-1.367,1.156
1789402293,290702715,536.610,robot_0,-0.386,1.630
1789402293,290749449,536.610,robot_0_carried_generic_box,-0.386,1.631
1789402293,290789887,536.610,robot_1_carried_generic_box,-1.313,1.163
1789402293,492950224,536.812,robot_2,-1.847,-0.595
1789402293,493039093,536.812,robot_1,-1.399,1.151
1789402293,493080996,536.812,robot_0,-0.387,1.630
1789402293,493123368,536.812,robot_0_carried_generic_box,-0.386,1.631
1789402293,493153699,536.812,robot_1_carried_generic_box,-1.355,1.157
1789402293,712493939,537.032,robot_2,-1.847,-0.595
1789402293,712619011,537.032,robot_1,-1.432,1.146
1789402293,712664004,537.032,robot_0,-0.387,1.630
1789402293,712708509,537.032,robot_0_carried_generic_box,-0.386,1.630
1789402293,712742673,537.032,robot_1_carried_generic_box,-1.384,1.153
1789402293,901374923,537.221,robot_2,-1.847,-0.595
1789402293,901459147,537.221,robot_1,-1.465,1.142
1789402293,901505345,537.221,robot_0,-0.387,1.630
1789402293,901553207,537.221,robot_0_carried_generic_box,-0.387,1.630
1789402293,901589582,537.221,robot_1_carried_generic_box,-1.411,1.149
1789402294,102192012,537.421,robot_2,-1.847,-0.595
1789402294,102279553,537.422,robot_1,-1.494,1.138
1789402294,102330455,537.422,robot_0,-0.387,1.630
1789402294,102377049,537.422,robot_0_carried_generic_box,-0.387,1.630
1789402294,102405429,537.422,robot_1_carried_generic_box,-1.444,1.145
1789402294,333978622,537.653,robot_2,-1.847,-0.596
1789402294,334061207,537.653,robot_1,-1.536,1.132
1789402294,334103570,537.653,robot_0,-0.387,1.629
1789402294,334145644,537.653,robot_0_carried_generic_box,-0.387,1.630
1789402294,334177337,537.653,robot_1_carried_generic_box,-1.482,1.139
1789402294,559703896,537.879,robot_2,-1.847,-0.596
1789402294,559783436,537.879,robot_1,-1.574,1.126
1789402294,559819879,537.879,robot_0,-0.369,1.619
1789402294,559861834,537.879,robot_0_carried_generic_box,-0.387,1.630
1789402294,559897328,537.879,robot_1_carried_generic_box,-1.515,1.135
1789402294,760474456,538.080,robot_2,-1.847,-0.596
1789402294,760565685,538.080,robot_1,-1.601,1.122
1789402294,760623941,538.080,robot_0,-0.344,1.607
1789402294,760678959,538.080,robot_0_carried_generic_box,-0.382,1.626
1789402294,760717425,538.080,robot_1_carried_generic_box,-1.548,1.130
1789402294,999864488,538.319,robot_2,-1.846,-0.596
1789402294,999962483,538.319,robot_1,-1.640,1.117
1789402295,4051,538.319,robot_0,-0.309,1.590
1789402295,50402,538.319,robot_0_carried_generic_box,-0.353,1.611
1789402295,86771,538.319,robot_1_carried_generic_box,-1.577,1.126
1789402295,200931255,538.520,robot_2,-1.846,-0.596
1789402295,201026138,538.520,robot_1,-1.672,1.112
1789402295,201077566,538.520,robot_0,-0.279,1.576
1789402295,201126410,538.520,robot_0_carried_generic_box,-0.328,1.599
1789402295,201160125,538.520,robot_1_carried_generic_box,-1.622,1.120
1789402295,416481141,538.736,robot_2,-1.846,-0.596
1789402295,416613193,538.736,robot_1,-1.708,1.107
1789402295,416671824,538.736,robot_0,-0.247,1.561
1789402295,416721742,538.736,robot_0_carried_generic_box,-0.301,1.587
1789402295,416756290,538.736,robot_1_carried_generic_box,-1.655,1.115
1789402295,662244221,538.982,robot_2,-1.846,-0.596
1789402295,662377577,538.982,robot_1,-1.738,1.103
1789402295,662447753,538.982,robot_0,-0.220,1.548
1789402295,662511046,538.982,robot_0_carried_generic_box,-0.269,1.571
1789402295,662560914,538.982,robot_1_carried_generic_box,-1.687,1.110
1789402295,873931907,539.193,robot_2,-1.846,-0.597
1789402295,874028991,539.193,robot_1,-1.776,1.098
1789402295,874081297,539.193,robot_0,-0.185,1.531
1789402295,874138651,539.193,robot_0_carried_generic_box,-0.247,1.561
1789402295,874185376,539.193,robot_1_carried_generic_box,-1.711,1.107
1789402296,101270339,539.421,robot_2,-1.845,-0.597
1789402296,101358177,539.421,robot_1,-1.809,1.093
1789402296,101412885,539.421,robot_0,-0.155,1.517
1789402296,101467102,539.421,robot_0_carried_generic_box,-0.195,1.537
1789402296,101509971,539.421,robot_1_carried_generic_box,-1.765,1.099
1789402296,306449612,539.626,robot_2,-1.845,-0.597
1789402296,306538950,539.626,robot_1,-1.842,1.088
1789402296,317985552,539.637,robot_0,-0.125,1.503
1789402296,318160307,539.637,robot_0_carried_generic_box,-0.168,1.524
1789402296,318225552,539.637,robot_1_carried_generic_box,-1.794,1.095
1789402296,518908471,539.838,robot_2,-1.845,-0.597
1789402296,519008122,539.838,robot_1,-1.866,1.085
1789402296,519064129,539.838,robot_0,-0.103,1.493
1789402296,519121572,539.838,robot_0_carried_generic_box,-0.152,1.516
1789402296,519165277,539.838,robot_1_carried_generic_box,-1.815,1.092
1789402296,728156603,540.047,robot_2,-1.845,-0.597
1789402296,728249854,540.048,robot_1,-1.889,1.082
1789402296,728309406,540.048,robot_0,-0.081,1.483
1789402296,728359209,540.048,robot_0_carried_generic_box,-0.122,1.502
1789402296,728401074,540.048,robot_1_carried_generic_box,-1.845,1.088
1789402296,935619836,540.255,robot_2,-1.846,-0.584
1789402296,935729072,540.255,robot_1,-1.928,1.076
1789402296,935802260,540.255,robot_0,-0.046,1.466
1789402296,935874048,540.255,robot_0_carried_generic_box,-0.095,1.489
1789402296,935931168,540.255,robot_1_carried_generic_box,-1.877,1.083
1789402297,167985334,540.487,robot_2,-1.849,-0.557
1789402297,168087574,540.487,robot_1,-1.955,1.072
1789402297,168146707,540.487,robot_0,-0.022,1.454
1789402297,168209381,540.487,robot_0_carried_generic_box,-0.073,1.479
1789402297,168256662,540.488,robot_1_carried_generic_box,-1.898,1.080
1789402297,391550996,540.711,robot_2,-1.854,-0.522
1789402297,391662033,540.711,robot_1,-1.990,1.067
1789402297,391717745,540.711,robot_0,0.011,1.439
1789402297,391773991,540.711,robot_0_carried_generic_box,-0.030,1.458
1789402297,391822401,540.711,robot_1_carried_generic_box,-1.937,1.075
1789402297,602374138,540.922,robot_2,-1.858,-0.492
1789402297,602471428,540.922,robot_1,-2.020,1.063
1789402297,602532665,540.922,robot_0,0.038,1.426
1789402297,624575916,540.944,robot_0_carried_generic_box,-0.003,1.445
1789402297,624759078,540.944,robot_1_carried_generic_box,-1.975,1.069
1789402297,825125148,541.144,robot_2,-1.862,-0.465
1789402297,825223721,541.144,robot_1,-2.047,1.059
1789402297,825279716,541.145,robot_0,0.062,1.415
1789402297,825339535,541.145,robot_0_carried_generic_box,0.022,1.434
1789402297,825382939,541.145,robot_1_carried_generic_box,-1.987,1.068
1789402298,48904794,541.368,robot_2,-1.867,-0.430
1789402298,48997866,541.368,robot_1,-2.082,1.054
1789402298,49056927,541.368,robot_0,0.095,1.399
1789402298,49111873,541.368,robot_0_carried_generic_box,0.046,1.422
1789402298,49151722,541.368,robot_1_carried_generic_box,-2.032,1.061
1789402298,277441338,541.597,robot_2,-1.871,-0.400
1789402298,277539074,541.597,robot_1,-2.112,1.050
1789402298,277614261,541.597,robot_0,0.122,1.386
1789402298,277680472,541.597,robot_0_carried_generic_box,0.070,1.411
1789402298,277729201,541.597,robot_1_carried_generic_box,-2.062,1.057
1789402298,508034463,541.827,robot_2,-1.877,-0.361
1789402298,508129217,541.827,robot_1,-2.151,1.045
1789402298,508190602,541.827,robot_0,0.157,1.370
1789402298,508251139,541.828,robot_0_carried_generic_box,0.114,1.390
1789402298,508299028,541.828,robot_1_carried_generic_box,-2.103,1.051
1789402298,738672966,542.058,robot_2,-1.880,-0.338
1789402298,738759864,542.058,robot_1,-2.174,1.041
1789402298,738818538,542.058,robot_0,0.179,1.359
1789402298,738878672,542.058,robot_0_carried_generic_box,0.135,1.380
1789402298,738934967,542.058,robot_1_carried_generic_box,-2.136,1.047
1789402298,938837808,542.259,robot_2,-1.885,-0.305
1789402298,940065988,542.259,robot_1,-2.207,1.037
1789402298,940118055,542.259,robot_0,0.209,1.345
1789402298,940167199,542.259,robot_0_carried_generic_box,0.157,1.370
1789402298,940203529,542.259,robot_1_carried_generic_box,-2.163,1.043
1789402299,154806721,542.474,robot_2,-1.890,-0.269
1789402299,154898252,542.474,robot_1,-2.236,1.033
1789402299,154953482,542.474,robot_0,0.241,1.330
1789402299,155013616,542.474,robot_0_carried_generic_box,0.192,1.353
1789402299,155063381,542.474,robot_1_carried_generic_box,-2.186,1.040
1789402299,377021889,542.696,robot_2,-1.895,-0.231
1789402299,377111234,542.696,robot_1,-2.239,1.032
1789402299,377159359,542.696,robot_0,0.276,1.313
1789402299,377208019,542.696,robot_0_carried_generic_box,0.228,1.336
1789402299,377247783,542.697,robot_1_carried_generic_box,-2.219,1.035
1789402299,616357297,542.936,robot_2,-1.901,-0.192
1789402299,616449773,542.936,robot_1,-2.239,1.032
1789402299,616498462,542.936,robot_0,0.312,1.297
1789402299,616548391,542.936,robot_0_carried_generic_box,0.260,1.321
1789402299,616583929,542.936,robot_1_carried_generic_box,-2.239,1.032
1789402299,853199022,543.172,robot_2,-1.906,-0.157
1789402299,853283245,543.173,robot_1,-2.239,1.033
1789402299,853335022,543.173,robot_0,0.344,1.281
1789402299,853382738,543.173,robot_0_carried_generic_box,0.282,1.311
1789402299,853421604,543.173,robot_1_carried_generic_box,-2.239,1.032
1789402300,68248146,543.388,robot_2,-1.911,-0.124
1789402300,69017876,543.388,robot_1,-2.239,1.033
1789402300,69103271,543.388,robot_0,0.374,1.267
1789402300,69428701,543.389,robot_0_carried_generic_box,0.317,1.294
1789402300,69506102,543.389,robot_1_carried_generic_box,-2.239,1.032
1789402300,297814737,543.617,robot_2,-1.916,-0.088
1789402300,297896030,543.617,robot_1,-2.239,1.033
1789402300,297939522,543.617,robot_0,0.407,1.252
1789402300,297987127,543.617,robot_0_carried_generic_box,0.369,1.270
1789402300,298026468,543.617,robot_1_carried_generic_box,-2.239,1.033
1789402300,505959620,543.825,robot_2,-1.920,-0.059
1789402300,510265193,543.830,robot_1,-2.239,1.033
1789402300,510371144,543.830,robot_0,0.434,1.239
1789402300,510423451,543.830,robot_0_carried_generic_box,0.407,1.252
1789402300,510460857,543.830,robot_1_carried_generic_box,-2.239,1.033
1789402300,720022071,544.039,robot_2,-1.924,-0.029
1789402300,722857134,544.042,robot_1,-2.239,1.033
1789402300,722969623,544.042,robot_0,0.461,1.226
1789402300,723018975,544.042,robot_0_carried_generic_box,0.447,1.232
1789402300,723058906,544.042,robot_1_carried_generic_box,-2.239,1.033
1789402300,938432025,544.258,robot_2,-1.929,0.007
1789402300,938536476,544.258,robot_1,-2.240,1.034
1789402300,938578667,544.258,robot_0,0.493,1.211
1789402300,938634954,544.258,robot_0_carried_generic_box,0.466,1.223
1789402300,938675792,544.258,robot_1_carried_generic_box,-2.239,1.033
1789402301,158415443,544.478,robot_2,-1.934,0.042
1789402301,158497119,544.478,robot_1,-2.240,1.034
1789402301,158540879,544.478,robot_0,0.526,1.195
1789402301,158583220,544.478,robot_0_carried_generic_box,0.493,1.211
1789402301,158625322,544.478,robot_1_carried_generic_box,-2.240,1.033
1789402301,361701570,544.681,robot_2,-1.939,0.075
1789402301,361797231,544.681,robot_1,-2.240,1.034
1789402301,361856296,544.681,robot_0,0.556,1.181
1789402301,361913189,544.681,robot_0_carried_generic_box,0.515,1.200
1789402301,361960244,544.681,robot_1_carried_generic_box,-2.240,1.034
1789402301,568070163,544.887,robot_2,-1.944,0.108
1789402301,568155190,544.887,robot_1,-2.240,1.034
1789402301,568198593,544.887,robot_0,0.586,1.167
1789402301,568241769,544.888,robot_0_carried_generic_box,0.531,1.193
1789402301,568273370,544.888,robot_1_carried_generic_box,-2.240,1.034
1789402301,793147528,545.112,robot_2,-1.948,0.140
1789402301,793250732,545.113,robot_1,-2.241,1.034
1789402301,793310462,545.113,robot_0,0.615,1.153
1789402301,793363337,545.113,robot_0_carried_generic_box,0.577,1.171
1789402301,793405425,545.113,robot_1_carried_generic_box,-2.240,1.034
1789402301,997885378,545.317,robot_2,-1.953,0.173
1789402301,997987312,545.317,robot_1,-2.241,1.034
1789402301,998040026,545.317,robot_0,0.645,1.139
1789402301,998102286,545.317,robot_0_carried_generic_box,0.599,1.161
1789402301,998146775,545.317,robot_1_carried_generic_box,-2.240,1.034
1789402302,236476994,545.556,robot_2,-1.955,0.190
1789402302,236575473,545.556,robot_1,-2.241,1.034
1789402302,236640461,545.556,robot_0,0.672,1.126
1789402302,236694616,545.556,robot_0_carried_generic_box,0.632,1.145
1789402302,236734666,545.556,robot_1_carried_generic_box,-2.241,1.034
1789402302,438045370,545.757,robot_2,-1.955,0.190
1789402302,438135756,545.757,robot_1,-2.241,1.034
1789402302,438189373,545.757,robot_0,0.708,1.109
1789402302,438249063,545.758,robot_0_carried_generic_box,0.656,1.134
1789402302,438291785,545.758,robot_1_carried_generic_box,-2.241,1.034
1789402302,657738638,545.977,robot_2,-1.955,0.190
1789402302,657861345,545.977,robot_1,-2.241,1.034
1789402302,657931907,545.977,robot_0,0.735,1.096
1789402302,657999095,545.977,robot_0_carried_generic_box,0.683,1.121
1789402302,658056098,545.977,robot_1_carried_generic_box,-2.241,1.034
1789402302,873183537,546.192,robot_2,-1.955,0.190
1789402302,873263610,546.193,robot_1,-2.242,1.034
1789402302,875524975,546.195,robot_0,0.762,1.084
1789402302,875655626,546.195,robot_0_carried_generic_box,0.729,1.099
1789402302,875708820,546.195,robot_1_carried_generic_box,-2.241,1.034
1789402303,73840954,546.393,robot_2,-1.955,0.190
1789402303,73948422,546.393,robot_1,-2.242,1.034
1789402303,74006204,546.393,robot_0,0.789,1.071
1789402303,74068018,546.393,robot_0_carried_generic_box,0.751,1.089
1789402303,74117945,546.393,robot_1_carried_generic_box,-2.242,1.034
1789402303,281527534,546.601,robot_2,-1.955,0.190
1789402303,281630452,546.601,robot_1,-2.242,1.034
1789402303,281677407,546.601,robot_0,0.816,1.058
1789402303,281730410,546.601,robot_0_carried_generic_box,0.762,1.084
1789402303,281775014,546.604,robot_1_carried_generic_box,-2.242,1.034
1789402303,493480095,546.813,robot_2,-1.955,0.190
1789402303,493579942,546.827,robot_1,-2.242,1.034
1789402303,507903749,546.827,robot_0,0.846,1.044
1789402303,508002361,546.827,robot_0_carried_generic_box,0.808,1.062
1789402303,508051509,546.827,robot_1_carried_generic_box,-2.242,1.034
1789402303,710922255,547.030,robot_2,-1.954,0.190
1789402303,711022727,547.030,robot_1,-2.242,1.034
1789402303,711078159,547.030,robot_0,0.870,1.032
1789402303,711138173,547.030,robot_0_carried_generic_box,0.816,1.058
1789402303,711190773,547.030,robot_1_carried_generic_box,-2.242,1.034
1789402303,925218113,547.244,robot_2,-1.954,0.191
1789402303,925312694,547.245,robot_1,-2.242,1.034
1789402303,925361383,547.245,robot_0,0.895,1.021
1789402303,925415777,547.245,robot_0_carried_generic_box,0.854,1.040
1789402303,925456798,547.245,robot_1_carried_generic_box,-2.242,1.034
1789402304,135535311,547.455,robot_2,-1.954,0.191
1789402304,135632826,547.455,robot_1,-2.243,1.036
1789402304,135680777,547.455,robot_0,0.912,1.013
1789402304,135733575,547.455,robot_0_carried_generic_box,0.878,1.028
1789402304,135778215,547.455,robot_1_carried_generic_box,-2.242,1.034
1789402304,350010889,547.669,robot_2,-1.954,0.191
1789402304,350112374,547.669,robot_1,-2.246,1.050
1789402304,350163912,547.669,robot_0,0.913,1.012
1789402304,350221676,547.669,robot_0_carried_generic_box,0.900,1.018
1789402304,350260426,547.670,robot_1_carried_generic_box,-2.242,1.034
1789402304,557155467,547.876,robot_2,-1.954,0.191
1789402304,557255121,547.877,robot_1,-2.252,1.074
1789402304,557311830,547.877,robot_0,0.913,1.012
1789402304,557364307,547.877,robot_0_carried_generic_box,0.912,1.012
1789402304,557401634,547.877,robot_1_carried_generic_box,-2.243,1.037
1789402304,781163870,548.100,robot_2,-1.954,0.191
1789402304,781258686,548.107,robot_1,-2.257,1.091
1789402304,788041271,548.107,robot_0,0.913,1.012
1789402304,788127998,548.107,robot_0_carried_generic_box,0.913,1.012
1789402304,788179209,548.107,robot_1_carried_generic_box,-2.249,1.060
1789402305,5557918,548.325,robot_2,-1.954,0.191
1789402305,5684848,548.325,robot_1,-2.257,1.092
1789402305,5745653,548.325,robot_0,0.913,1.012
1789402305,5812423,548.325,robot_0_carried_generic_box,0.913,1.012
1789402305,5866010,548.325,robot_1_carried_generic_box,-2.253,1.075
1789402305,223013521,548.542,robot_2,-1.954,0.192
1789402305,223113038,548.542,robot_1,-2.257,1.092
1789402305,223163087,548.542,robot_0,0.913,1.012
1789402305,223221631,548.542,robot_0_carried_generic_box,0.913,1.012
1789402305,223272425,548.543,robot_1_carried_generic_box,-2.257,1.092
1789402305,451637338,548.775,robot_2,-1.954,0.192
1789402305,456051984,548.775,robot_1,-2.257,1.092
1789402305,456142551,548.775,robot_0,0.913,1.012
1789402305,456205769,548.775,robot_0_carried_generic_box,0.913,1.012
1789402305,456250762,548.776,robot_1_carried_generic_box,-2.257,1.092
1789402305,681942560,549.001,robot_2,-1.954,0.192
1789402305,682038220,549.001,robot_1,-2.257,1.092
1789402305,682091137,549.001,robot_0,0.913,1.012
1789402305,682140884,549.001,robot_0_carried_generic_box,0.913,1.012
1789402305,682181621,549.001,robot_1_carried_generic_box,-2.257,1.092
1789402305,893778707,549.213,robot_2,-1.954,0.192
1789402305,893862672,549.213,robot_1,-2.257,1.092
1789402305,893907204,549.213,robot_0,0.913,1.011
1789402305,893958790,549.213,robot_0_carried_generic_box,0.913,1.012
1789402305,894000732,549.213,robot_1_carried_generic_box,-2.257,1.092
1789402306,107092237,549.426,robot_2,-1.969,0.190
1789402306,107187971,549.426,robot_1,-2.257,1.092
1789402306,107241218,549.427,robot_0,0.913,1.011
1789402306,107297459,549.427,robot_0_carried_generic_box,0.913,1.011
1789402306,107337759,549.427,robot_1_carried_generic_box,-2.257,1.092
1789402306,318052884,549.637,robot_2,-2.007,0.182
1789402306,318158366,549.637,robot_1,-2.257,1.092
1789402306,318218881,549.637,robot_0,0.913,1.011
1789402306,318283098,549.638,robot_0_carried_generic_box,0.913,1.011
1789402306,318338528,549.638,robot_1_carried_generic_box,-2.257,1.092
1789402306,529844974,549.849,robot_2,-2.036,0.175
1789402306,529931128,549.849,robot_1,-2.257,1.092
1789402306,529971870,549.849,robot_0,0.913,1.011
1789402306,530018413,549.849,robot_0_carried_generic_box,0.913,1.011
1789402306,530055955,549.849,robot_1_carried_generic_box,-2.257,1.092
1789402306,737022544,550.056,robot_2,-2.057,0.171
1789402306,737124309,550.056,robot_1,-2.258,1.092
1789402306,737183907,550.056,robot_0,0.913,1.010
1789402306,737247298,550.057,robot_0_carried_generic_box,0.913,1.011
1789402306,737288240,550.057,robot_1_carried_generic_box,-2.257,1.092
1789402306,958566713,550.278,robot_2,-2.090,0.163
1789402306,958673476,550.278,robot_1,-2.258,1.092
1789402306,958732354,550.278,robot_0,0.913,1.010
1789402306,958798102,550.278,robot_0_carried_generic_box,0.913,1.010
1789402306,958852362,550.280,robot_1_carried_generic_box,-2.258,1.092
1789402307,162969180,550.482,robot_2,-2.100,0.161
1789402307,163054444,550.482,robot_1,-2.258,1.092
1789402307,163099452,550.482,robot_0,0.913,1.010
1789402307,163152844,550.482,robot_0_carried_generic_box,0.913,1.010
1789402307,163197359,550.482,robot_1_carried_generic_box,-2.258,1.092
1789402307,387087485,550.706,robot_2,-2.100,0.161
1789402307,387184301,550.706,robot_1,-2.258,1.091
1789402307,387234960,550.706,robot_0,0.913,1.010
1789402307,387284962,550.707,robot_0_carried_generic_box,0.913,1.010
1789402307,387325984,550.707,robot_1_carried_generic_box,-2.258,1.092
1789402307,596159853,550.915,robot_2,-2.100,0.161
1789402307,596255612,550.916,robot_1,-2.258,1.091
1789402307,596302370,550.916,robot_0,0.913,1.010
1789402307,596353136,550.916,robot_0_carried_generic_box,0.913,1.010
1789402307,596392074,550.916,robot_1_carried_generic_box,-2.258,1.092
1789402307,806449023,551.126,robot_2,-2.100,0.161
1789402307,806536779,551.126,robot_1,-2.258,1.091
1789402307,806591046,551.126,robot_0,0.913,1.009
1789402307,806664546,551.126,robot_0_carried_generic_box,0.913,1.010
1789402307,806711260,551.126,robot_1_carried_generic_box,-2.258,1.091
1789402308,13324514,551.333,robot_2,-2.100,0.161
1789402308,13410187,551.333,robot_1,-2.259,1.091
1789402308,13459360,551.333,robot_0,0.914,1.009
1789402308,13510935,551.333,robot_0_carried_generic_box,0.913,1.009
1789402308,13553801,551.333,robot_1_carried_generic_box,-2.258,1.091
1789402308,230840361,551.550,robot_2,-2.100,0.161
1789402308,230936751,551.550,robot_1,-2.259,1.091
1789402308,230984216,551.550,robot_0,0.914,1.009
1789402308,231039080,551.550,robot_0_carried_generic_box,0.914,1.009
1789402308,231081346,551.550,robot_1_carried_generic_box,-2.259,1.091
1789402308,468279184,551.788,robot_2,-2.100,0.161
1789402308,468365897,551.788,robot_1,-2.259,1.090
1789402308,468412791,551.788,robot_0,0.914,1.009
1789402308,468471824,551.788,robot_0_carried_generic_box,0.914,1.009
1789402308,468520246,551.788,robot_1_carried_generic_box,-2.259,1.091
1789402308,688450619,552.008,robot_2,-2.100,0.162
1789402308,688530906,552.008,robot_1,-2.259,1.090
1789402308,688573160,552.008,robot_0,0.922,1.026
1789402308,688624914,552.008,robot_0_carried_generic_box,0.914,1.009
1789402308,688663407,552.008,robot_1_carried_generic_box,-2.259,1.091
1789402308,902563589,552.234,robot_2,-2.100,0.162
1789402308,914417580,552.234,robot_1,-2.258,1.090
1789402308,914501174,552.234,robot_0,0.939,1.065
1789402308,914552851,552.234,robot_0_carried_generic_box,0.919,1.019
1789402308,914592325,552.234,robot_1_carried_generic_box,-2.259,1.090
1789402309,128473499,552.448,robot_2,-2.100,0.162
1789402309,128561524,552.448,robot_1,-2.222,1.089
1789402309,153476101,552.473,robot_0,0.956,1.106
1789402309,153590334,552.473,robot_0_carried_generic_box,0.930,1.045
1789402309,153645470,552.473,robot_1_carried_generic_box,-2.259,1.090
1789402309,364579931,552.684,robot_2,-2.100,0.162
1789402309,364668149,552.684,robot_1,-2.189,1.089
1789402309,364709627,552.684,robot_0,0.969,1.136
1789402309,364764295,552.684,robot_0_carried_generic_box,0.947,1.084
1789402309,364806519,552.684,robot_1_carried_generic_box,-2.243,1.089
1789402309,576305115,552.896,robot_2,-2.101,0.162
1789402309,576382518,552.896,robot_1,-2.156,1.090
1789402309,576429621,552.896,robot_0,0.982,1.167
1789402309,576482383,552.898,robot_0_carried_generic_box,0.959,1.111
1789402309,578717595,552.898,robot_1_carried_generic_box,-2.210,1.089
1789402309,795906604,553.115,robot_2,-2.101,0.162
1789402309,796026351,553.115,robot_1,-2.114,1.091
1789402309,796076269,553.115,robot_0,0.999,1.205
1789402309,796133570,553.115,robot_0_carried_generic_box,0.977,1.153
1789402309,796182064,553.115,robot_1_carried_generic_box,-2.168,1.090
1789402310,14973868,553.334,robot_2,-2.101,0.162
1789402310,15047942,553.334,robot_1,-2.072,1.091
1789402310,15090180,553.334,robot_0,1.015,1.244
1789402310,15138456,553.334,robot_0_carried_generic_box,0.991,1.186
1789402310,15176444,553.334,robot_1_carried_generic_box,-2.135,1.090
1789402310,229225628,553.549,robot_2,-2.101,0.162
1789402310,229314775,553.549,robot_1,-2.036,1.092
1789402310,229367240,553.549,robot_0,1.030,1.277
1789402310,229421769,553.549,robot_0_carried_generic_box,1.006,1.222
1789402310,229470842,553.549,robot_1_carried_generic_box,-2.096,1.091
1789402310,443055236,553.762,robot_2,-2.102,0.162
1789402310,445087276,553.764,robot_1,-2.003,1.092
1789402310,445180904,553.764,robot_0,1.043,1.307
1789402310,445242910,553.765,robot_0_carried_generic_box,1.015,1.244
1789402310,445287289,553.765,robot_1_carried_generic_box,-2.066,1.091
1789402310,652835043,553.972,robot_2,-2.102,0.162
1789402310,652965182,553.972,robot_1,-1.967,1.093
1789402310,653014699,553.972,robot_0,1.057,1.340
1789402310,653073316,553.972,robot_0_carried_generic_box,1.034,1.288
1789402310,653113818,553.972,robot_1_carried_generic_box,-2.024,1.092
1789402310,870172589,554.189,robot_2,-2.102,0.162
1789402310,870258049,554.190,robot_1,-1.931,1.094
1789402310,870304874,554.190,robot_0,1.071,1.373
1789402310,870349056,554.190,robot_0_carried_generic_box,1.050,1.324
1789402310,870393657,554.190,robot_1_carried_generic_box,-2.000,1.092
1789402311,90170381,554.409,robot_2,-2.102,0.162
1789402311,90261566,554.410,robot_1,-1.892,1.094
1789402311,90316452,554.410,robot_0,1.086,1.409
1789402311,90370481,554.410,robot_0_carried_generic_box,1.065,1.360
1789402311,90414698,554.410,robot_1_carried_generic_box,-1.958,1.093
1789402311,295346804,554.615,robot_2,-2.103,0.162
1789402311,295443698,554.615,robot_1,-1.865,1.095
1789402311,295499607,554.615,robot_0,1.097,1.434
1789402311,295551269,554.615,robot_0_carried_generic_box,1.071,1.373
1789402311,295600533,554.615,robot_1_carried_generic_box,-1.925,1.094
1789402311,501404728,554.821,robot_2,-2.103,0.162
1789402311,501492479,554.821,robot_1,-1.826,1.095
1789402311,501536547,554.821,robot_0,1.112,1.470
1789402311,501582616,554.821,robot_0_carried_generic_box,1.091,1.420
1789402311,501668718,554.821,robot_1_carried_generic_box,-1.880,1.094
1789402311,709269971,555.029,robot_2,-2.103,0.162
1789402311,709363103,555.029,robot_1,-1.790,1.096
1789402311,709420855,555.029,robot_0,1.126,1.503
1789402311,709477648,555.029,robot_0_carried_generic_box,1.103,1.448
1789402311,709520285,555.029,robot_1_carried_generic_box,-1.850,1.095
1789402311,926994506,555.246,robot_2,-2.103,0.162
1789402311,927092963,555.246,robot_1,-1.754,1.096
1789402311,927149755,555.246,robot_0,1.141,1.536
1789402311,927202601,555.246,robot_0_carried_generic_box,1.117,1.481
1789402311,927245167,555.247,robot_1_carried_generic_box,-1.808,1.096
1789402312,135848353,555.455,robot_2,-2.103,0.162
1789402312,135934984,555.455,robot_1,-1.724,1.097
1789402312,135982185,555.455,robot_0,1.152,1.564
1789402312,136032757,555.455,robot_0_carried_generic_box,1.132,1.517
1789402312,136070665,555.455,robot_1_carried_generic_box,-1.769,1.096
1789402312,369998468,555.689,robot_2,-2.099,0.157
1789402312,370097743,555.689,robot_1,-1.697,1.097
1789402312,370147306,555.689,robot_0,1.163,1.589
1789402312,370202530,555.689,robot_0_carried_generic_box,1.142,1.539
1789402312,370246662,555.690,robot_1_carried_generic_box,-1.745,1.097
1789402312,593997802,555.913,robot_2,-2.072,0.133
1789402312,594089346,555.913,robot_1,-1.658,1.098
1789402312,594139386,555.913,robot_0,1.178,1.624
1789402312,594184454,555.913,robot_0_carried_generic_box,1.158,1.577
1789402312,594222609,555.913,robot_1_carried_generic_box,-1.709,1.097
1789402312,799152620,556.137,robot_2,-2.040,0.105
1789402312,818263994,556.138,robot_1,-1.616,1.099
1789402312,818317628,556.138,robot_0,1.195,1.663
1789402312,818378880,556.138,robot_0_carried_generic_box,1.174,1.613
1789402312,818422178,556.138,robot_1_carried_generic_box,-1.670,1.098
1789402313,14363007,556.334,robot_2,-2.015,0.084
1789402313,14444202,556.334,robot_1,-1.583,1.099
1789402313,14481399,556.334,robot_0,1.208,1.693
1789402313,14527860,556.334,robot_0_carried_generic_box,1.181,1.630
1789402313,14560124,556.334,robot_1_carried_generic_box,-1.634,1.098
1789402313,226971875,556.546,robot_2,-1.986,0.058
1789402313,227070894,556.546,robot_1,-1.544,1.100
1789402313,227121300,556.546,robot_0,1.223,1.729
1789402313,227188066,556.546,robot_0_carried_generic_box,1.200,1.674
1789402313,227239384,556.547,robot_1_carried_generic_box,-1.601,1.099
1789402313,445990892,556.765,robot_2,-1.959,0.034
1789402313,446084430,556.765,robot_1,-1.508,1.100
1789402313,446138588,556.765,robot_0,1.237,1.762
1789402313,449707116,556.769,robot_0_carried_generic_box,1.215,1.710
1789402313,449786417,556.769,robot_1_carried_generic_box,-1.565,1.099
1789402313,660652919,556.980,robot_2,-1.927,0.007
1789402313,660738607,556.980,robot_1,-1.466,1.101
1789402313,660782420,556.980,robot_0,1.254,1.801
1789402313,660837395,556.980,robot_0_carried_generic_box,1.228,1.740
1789402313,660882547,556.980,robot_1_carried_generic_box,-1.532,1.100
1789402313,884763474,557.204,robot_2,-1.902,-0.015
1789402313,884864366,557.204,robot_1,-1.433,1.102
1789402313,884904539,557.204,robot_0,1.267,1.831
1789402313,884954942,557.204,robot_0_carried_generic_box,1.241,1.771
1789402313,884991257,557.204,robot_1_carried_generic_box,-1.499,1.100
1789402314,115147860,557.434,robot_2,-1.871,-0.042
1789402314,115241630,557.435,robot_1,-1.391,1.102
1789402314,115281497,557.435,robot_0,1.284,1.870
1789402314,115331684,557.435,robot_0_carried_generic_box,1.261,1.817
1789402314,115369870,557.435,robot_1_carried_generic_box,-1.445,1.101
1789402314,330635711,557.650,robot_2,-1.837,-0.072
1789402314,330719995,557.650,robot_1,-1.346,1.103
1789402314,330764555,557.650,robot_0,1.301,1.911
1789402314,330812709,557.650,robot_0_carried_generic_box,1.278,1.856
1789402314,330852721,557.650,robot_1_carried_generic_box,-1.409,1.102
1789402314,541550119,557.861,robot_2,-1.812,-0.094
1789402314,559745834,557.879,robot_1,-1.313,1.103
1789402314,559854770,557.879,robot_0,1.314,1.942
1789402314,559922425,557.879,robot_0_carried_generic_box,1.289,1.884
1789402314,559968433,557.879,robot_1_carried_generic_box,-1.370,1.103
1789402314,760036561,558.079,robot_2,-1.787,-0.115
1789402314,760115508,558.079,robot_1,-1.280,1.104
1789402314,760159557,558.079,robot_0,1.327,1.972
1789402314,760204990,558.079,robot_0_carried_generic_box,1.301,1.911
1789402314,760241410,558.080,robot_1_carried_generic_box,-1.337,1.103
1789402314,960530724,558.280,robot_2,-1.762,-0.137
1789402314,960615972,558.280,robot_1,-1.248,1.104
1789402314,960660064,558.280,robot_0,1.340,2.002
1789402314,960704740,558.280,robot_0_carried_generic_box,1.314,1.942
1789402314,960743629,558.280,robot_1_carried_generic_box,-1.307,1.104
1789402315,178064999,558.497,robot_2,-1.728,-0.167
1789402315,178141536,558.497,robot_1,-1.203,1.105
1789402315,178187427,558.497,robot_0,1.358,2.043
1789402315,178238985,558.497,robot_0_carried_generic_box,1.331,1.980
1789402315,178278439,558.498,robot_1_carried_generic_box,-1.271,1.104
1789402315,386944685,558.706,robot_2,-1.699,-0.192
1789402315,387030732,558.706,robot_1,-1.164,1.106
1789402315,387069216,558.706,robot_0,1.362,2.054
1789402315,387109657,558.706,robot_0_carried_generic_box,1.351,2.027
1789402315,387143502,558.706,robot_1_carried_generic_box,-1.239,1.105
1789402315,610420408,558.930,robot_2,-1.672,-0.216
1789402315,610486062,558.930,robot_1,-1.128,1.106
1789402315,610518854,558.930,robot_0,1.362,2.054
1789402315,610551170,558.930,robot_0_carried_generic_box,1.361,2.051
1789402315,610575847,558.930,robot_1_carried_generic_box,-1.188,1.105
1789402315,855996043,559.175,robot_2,-1.640,-0.243
1789402315,856078707,559.175,robot_1,-1.086,1.107
1789402315,856134789,559.175,robot_0,1.363,2.054
1789402315,856185530,559.175,robot_0_carried_generic_box,1.362,2.054
1789402315,856220966,559.175,robot_1_carried_generic_box,-1.140,1.106
1789402316,66534598,559.386,robot_2,-1.606,-0.273
1789402316,83676196,559.403,robot_1,-1.041,1.108
1789402316,83779208,559.403,robot_0,1.363,2.054
1789402316,83830634,559.403,robot_0_carried_generic_box,1.362,2.054
1789402316,83864682,559.403,robot_1_carried_generic_box,-1.116,1.107
1789402316,282993326,559.602,robot_2,-1.577,-0.299
1789402316,283069114,559.602,robot_1,-1.002,1.108
1789402316,283112546,559.602,robot_0,1.363,2.054
1789402316,283155178,559.602,robot_0_carried_generic_box,1.363,2.054
1789402316,283184600,559.602,robot_1_carried_generic_box,-1.071,1.107
1789402316,490457761,559.810,robot_2,-1.554,-0.318
1789402316,490543464,559.810,robot_1,-0.972,1.109
1789402316,490588103,559.810,robot_0,1.363,2.054
1789402316,490698838,559.810,robot_0_carried_generic_box,1.363,2.054
1789402316,490732328,559.810,robot_1_carried_generic_box,-1.020,1.108
1789402316,705803647,560.025,robot_2,-1.525,-0.344
1789402316,705881326,560.025,robot_1,-0.933,1.110
1789402316,705924003,560.025,robot_0,1.364,2.054
1789402316,705967767,560.025,robot_0_carried_generic_box,1.363,2.054
1789402316,706005153,560.025,robot_1_carried_generic_box,-0.984,1.109
1789402316,934181056,560.253,robot_2,-1.491,-0.373
1789402316,934255794,560.254,robot_1,-0.888,1.110
1789402316,934301587,560.254,robot_0,1.364,2.054
1789402316,934347078,560.254,robot_0_carried_generic_box,1.364,2.054
1789402316,934382833,560.254,robot_1_carried_generic_box,-0.948,1.109
1789402317,164459282,560.484,robot_2,-1.461,-0.399
1789402317,164536406,560.484,robot_1,-0.849,1.111
1789402317,164587161,560.484,robot_0,1.364,2.054
1789402317,164646232,560.484,robot_0_carried_generic_box,1.364,2.054
1789402317,164683037,560.484,robot_1_carried_generic_box,-0.921,1.110
1789402317,374336907,560.694,robot_2,-1.441,-0.417
1789402317,374430820,560.694,robot_1,-0.822,1.111
1789402317,374482164,560.694,robot_0,1.364,2.054
1789402317,374525899,560.694,robot_0_carried_generic_box,1.364,2.054
1789402317,374555422,560.694,robot_1_carried_generic_box,-0.882,1.110
1789402317,578197249,560.897,robot_2,-1.417,-0.438
1789402317,588691413,560.908,robot_1,-0.789,1.112
1789402317,588799064,560.908,robot_0,1.365,2.054
1789402317,588851605,560.908,robot_0_carried_generic_box,1.364,2.054
1789402317,588885838,560.908,robot_1_carried_generic_box,-0.849,1.111
1789402317,788709220,561.108,robot_2,-1.408,-0.446
1789402317,788785072,561.108,robot_1,-0.753,1.112
1789402317,788836100,561.108,robot_0,1.365,2.054
1789402317,788880145,561.108,robot_0_carried_generic_box,1.365,2.054
1789402317,788913752,561.108,robot_1_carried_generic_box,-0.822,1.111
1789402318,13933534,561.333,robot_2,-1.408,-0.446
1789402318,14027682,561.333,robot_1,-0.717,1.113
1789402318,14080638,561.333,robot_0,1.365,2.054
1789402318,14134425,561.333,robot_0_carried_generic_box,1.365,2.054
1789402318,14169277,561.333,robot_1_carried_generic_box,-0.771,1.112
1789402318,217236014,561.537,robot_2,-1.408,-0.446
1789402318,217307029,561.537,robot_1,-0.684,1.114
1789402318,217355057,561.537,robot_0,1.365,2.055
1789402318,217400813,561.537,robot_0_carried_generic_box,1.365,2.054
1789402318,217433143,561.537,robot_1_carried_generic_box,-0.735,1.113
1789402318,420014276,561.739,robot_2,-1.408,-0.446
1789402318,420105683,561.739,robot_1,-0.657,1.114
1789402318,420168146,561.739,robot_0,1.365,2.055
1789402318,420223508,561.739,robot_0_carried_generic_box,1.365,2.055
1789402318,420271326,561.740,robot_1_carried_generic_box,-0.705,1.113
1789402318,632116558,561.951,robot_2,-1.408,-0.446
1789402318,632193623,561.951,robot_1,-0.627,1.114
1789402318,632241412,561.952,robot_0,1.365,2.055
1789402318,632290718,561.952,robot_0_carried_generic_box,1.365,2.055
1789402318,632324177,561.952,robot_1_carried_generic_box,-0.681,1.114
1789402318,847142439,562.166,robot_2,-1.408,-0.446
1789402318,847221939,562.166,robot_1,-0.591,1.115
1789402318,847271554,562.167,robot_0,1.365,2.055
1789402318,847323549,562.167,robot_0_carried_generic_box,1.365,2.055
1789402318,847364921,562.167,robot_1_carried_generic_box,-0.648,1.114
1789402319,49995622,562.369,robot_2,-1.408,-0.447
1789402319,50079835,562.369,robot_1,-0.552,1.116
1789402319,50129564,562.369,robot_0,1.366,2.056
1789402319,50179828,562.369,robot_0_carried_generic_box,1.365,2.055
1789402319,50221755,562.369,robot_1_carried_generic_box,-0.615,1.115
1789402319,289757481,562.609,robot_2,-1.408,-0.447
1789402319,289840820,562.609,robot_1,-0.510,1.116
1789402319,289883226,562.609,robot_0,1.366,2.056
1789402319,289926164,562.609,robot_0_carried_generic_box,1.365,2.055
1789402319,289957038,562.609,robot_1_carried_generic_box,-0.576,1.115
1789402319,515018384,562.834,robot_2,-1.408,-0.447
1789402319,515095034,562.834,robot_1,-0.474,1.117
1789402319,515136052,562.834,robot_0,1.350,2.057
1789402319,515184536,562.834,robot_0_carried_generic_box,1.366,2.056
1789402319,515214852,562.834,robot_1_carried_generic_box,-0.531,1.116
1789402319,724347017,563.044,robot_2,-1.408,-0.447
1789402319,724419492,563.044,robot_1,-0.441,1.117
1789402319,724458020,563.044,robot_0,1.317,2.057
1789402319,724505122,563.044,robot_0_carried_generic_box,1.361,2.056
1789402319,724537800,563.044,robot_1_carried_generic_box,-0.486,1.117
1789402319,961974990,563.281,robot_2,-1.408,-0.448
1789402319,962072163,563.281,robot_1,-0.402,1.118
1789402319,962124890,563.281,robot_0,1.278,2.057
1789402319,962185427,563.281,robot_0_carried_generic_box,1.338,2.057
1789402319,962235283,563.281,robot_1_carried_generic_box,-0.459,1.117
1789402320,163091862,563.482,robot_2,-1.408,-0.448
1789402320,163155082,563.482,robot_1,-0.366,1.119
1789402320,163193465,563.482,robot_0,1.242,2.057
1789402320,163241437,563.482,robot_0_carried_generic_box,1.308,2.057
1789402320,163271900,563.483,robot_1_carried_generic_box,-0.411,1.118
1789402320,396981214,563.716,robot_2,-1.408,-0.448
1789402320,397052266,563.716,robot_1,-0.330,1.119
1789402320,397093053,563.716,robot_0,1.206,2.057
1789402320,397138857,563.716,robot_0_carried_generic_box,1.254,2.057
1789402320,397169382,563.716,robot_1_carried_generic_box,-0.375,1.118
1789402320,609100280,563.928,robot_2,-1.408,-0.448
1789402320,609173863,563.928,robot_1,-0.288,1.120
1789402320,609219507,563.928,robot_0,1.164,2.057
1789402320,609260465,563.929,robot_0_carried_generic_box,1.227,2.057
1789402320,609299135,563.929,robot_1_carried_generic_box,-0.345,1.119
1789402320,821547918,564.141,robot_2,-1.408,-0.449
1789402320,839737850,564.159,robot_1,-0.249,1.120
1789402320,839838626,564.159,robot_0,1.125,2.057
1789402320,839897722,564.159,robot_0_carried_generic_box,1.191,2.057
1789402320,839946601,564.159,robot_1_carried_generic_box,-0.315,1.119
1789402321,21987408,564.341,robot_2,-1.407,-0.449
1789402321,22056610,564.341,robot_1,-0.225,1.121
1789402321,22100626,564.341,robot_0,1.101,2.057
1789402321,22143445,564.341,robot_0_carried_generic_box,1.152,2.057
1789402321,22177739,564.341,robot_1_carried_generic_box,-0.273,1.120
1789402321,223693665,564.543,robot_2,-1.407,-0.449
1789402321,223762637,564.543,robot_1,-0.183,1.122
1789402321,223806235,564.543,robot_0,1.059,2.056
1789402321,223851550,564.543,robot_0_carried_generic_box,1.116,2.057
1789402321,223886031,564.543,robot_1_carried_generic_box,-0.237,1.121
1789402321,431117502,564.750,robot_2,-1.406,-0.447
1789402321,431189751,564.750,robot_1,-0.144,1.122
1789402321,431243658,564.751,robot_0,1.020,2.056
1789402321,431297941,564.751,robot_0_carried_generic_box,1.092,2.057
1789402321,431335986,564.751,robot_1_carried_generic_box,-0.213,1.121
1789402321,662718477,564.982,robot_2,-1.389,-0.420
1789402321,662810300,564.982,robot_1,-0.105,1.123
1789402321,662859588,564.982,robot_0,0.981,2.056
1789402321,662916333,564.982,robot_0_carried_generic_box,1.047,2.056
1789402321,662964136,564.982,robot_1_carried_generic_box,-0.171,1.122
1789402321,851534594,565.171,robot_2,-1.374,-0.394
1789402321,871154069,565.190,robot_1,-0.075,1.123
1789402321,871261204,565.191,robot_0,0.951,2.056
1789402321,871313417,565.191,robot_0_carried_generic_box,1.008,2.056
1789402321,871348779,565.191,robot_1_carried_generic_box,-0.138,1.122
1789402322,61466311,565.381,robot_2,-1.355,-0.363
1789402322,61549053,565.381,robot_1,-0.039,1.124
1789402322,61606727,565.381,robot_0,0.915,2.056
1789402322,61662452,565.381,robot_0_carried_generic_box,0.957,2.056
1789402322,61710237,565.381,robot_1_carried_generic_box,-0.102,1.123
1789402322,285734097,565.605,robot_2,-1.334,-0.327
1789402322,285821050,565.605,robot_1,0.003,1.124
1789402322,285866016,565.605,robot_0,0.873,2.056
1789402322,285915931,565.605,robot_0_carried_generic_box,0.924,2.056
1789402322,285956935,565.605,robot_1_carried_generic_box,-0.063,1.123
1789402322,507606408,565.827,robot_2,-1.311,-0.289
1789402322,507688498,565.827,robot_1,0.048,1.125
1789402322,507731425,565.827,robot_0,0.828,2.056
1789402322,507778603,565.827,robot_0_carried_generic_box,0.888,2.056
1789402322,507812051,565.827,robot_1_carried_generic_box,-0.015,1.124
1789402322,745493394,566.065,robot_2,-1.294,-0.260
1789402322,745693188,566.065,robot_1,0.081,1.126
1789402322,745739653,566.065,robot_0,0.795,2.056
1789402322,745785889,566.065,robot_0_carried_generic_box,0.855,2.056
1789402322,745820360,566.065,robot_1_carried_generic_box,0.027,1.125
1789402322,948201126,566.267,robot_2,-1.276,-0.229
1789402322,948287462,566.268,robot_1,0.117,1.126
1789402322,948328909,566.268,robot_0,0.759,2.056
1789402322,948376178,566.268,robot_0_carried_generic_box,0.819,2.056
1789402322,948412381,566.268,robot_1_carried_generic_box,0.063,1.125
1789402323,173153611,566.492,robot_2,-1.264,-0.210
1789402323,173239144,566.493,robot_1,0.165,1.127
1789402323,173286058,566.493,robot_0,0.711,2.056
1789402323,173337000,566.493,robot_0_carried_generic_box,0.768,2.056
1789402323,173375397,566.493,robot_1_carried_generic_box,0.114,1.126
1789402323,386270087,566.706,robot_2,-1.264,-0.210
1789402323,386358588,566.706,robot_1,0.201,1.128
1789402323,386405572,566.706,robot_0,0.675,2.056
1789402323,386451666,566.706,robot_0_carried_generic_box,0.726,2.056
1789402323,386485463,566.706,robot_1_carried_generic_box,0.150,1.127
1789402323,613203188,566.932,robot_2,-1.264,-0.210
1789402323,613275408,566.933,robot_1,0.237,1.128
1789402323,613308689,566.933,robot_0,0.639,2.056
1789402323,613342576,566.933,robot_0_carried_generic_box,0.690,2.056
1789402323,613372893,566.933,robot_1_carried_generic_box,0.192,1.127
1789402323,833045941,567.152,robot_2,-1.264,-0.210
1789402323,833128016,567.152,robot_1,0.279,1.129
1789402323,833167899,567.152,robot_0,0.597,2.056
1789402323,833208437,567.152,robot_0_carried_generic_box,0.660,2.056
1789402323,833246274,567.153,robot_1_carried_generic_box,0.216,1.128
1789402324,51223393,567.370,robot_2,-1.264,-0.209
1789402324,51302125,567.371,robot_1,0.321,1.130
1789402324,51343659,567.371,robot_0,0.555,2.056
1789402324,51387830,567.371,robot_0_carried_generic_box,0.630,2.056
1789402324,51424666,567.371,robot_1_carried_generic_box,0.252,1.128
1789402324,264350290,567.584,robot_2,-1.264,-0.210
1789402324,264437108,567.584,robot_1,0.363,1.130
1789402324,264481922,567.584,robot_0,0.513,2.056
1789402324,264530070,567.584,robot_0_carried_generic_box,0.582,2.056
1789402324,264568022,567.584,robot_1_carried_generic_box,0.300,1.129
1789402324,473054367,567.792,robot_2,-1.264,-0.210
1789402324,473139118,567.792,robot_1,0.387,1.131
1789402324,473173287,567.792,robot_0,0.489,2.056
1789402324,473212510,567.792,robot_0_carried_generic_box,0.549,2.056
1789402324,473240071,567.792,robot_1_carried_generic_box,0.330,1.130
1789402324,689509351,568.009,robot_2,-1.264,-0.210
1789402324,689592350,568.026,robot_1,0.435,1.131
1789402324,706809865,568.026,robot_0,0.441,2.055
1789402324,706868828,568.026,robot_0_carried_generic_box,0.495,2.056
1789402324,706906730,568.026,robot_1_carried_generic_box,0.384,1.131
1789402324,894450375,568.214,robot_2,-1.264,-0.210
1789402324,894523674,568.214,robot_1,0.474,1.132
1789402324,894559591,568.214,robot_0,0.402,2.055
1789402324,906665962,568.226,robot_0_carried_generic_box,0.462,2.056
1789402324,906813818,568.226,robot_1_carried_generic_box,0.420,1.131
1789402325,112485904,568.432,robot_2,-1.263,-0.210
1789402325,112574906,568.432,robot_1,0.513,1.133
1789402325,112621669,568.432,robot_0,0.363,2.055
1789402325,112661829,568.432,robot_0_carried_generic_box,0.423,2.055
1789402325,112691850,568.432,robot_1_carried_generic_box,0.459,1.132
1789402325,314836595,568.634,robot_2,-1.263,-0.210
1789402325,316643579,568.636,robot_1,0.549,1.133
1789402325,316721500,568.636,robot_0,0.327,2.055
1789402325,316784800,568.636,robot_0_carried_generic_box,0.381,2.055
1789402325,316827963,568.636,robot_1_carried_generic_box,0.489,1.132
1789402325,537086593,568.856,robot_2,-1.263,-0.210
1789402325,537169170,568.856,robot_1,0.591,1.134
1789402325,537210707,568.856,robot_0,0.285,2.055
1789402325,537259392,568.857,robot_0_carried_generic_box,0.360,2.055
1789402325,537303611,568.857,robot_1_carried_generic_box,0.522,1.133
1789402325,749782972,569.069,robot_2,-1.263,-0.210
1789402325,749878207,569.069,robot_1,0.627,1.134
1789402325,749923348,569.069,robot_0,0.249,2.055
1789402325,749980059,569.069,robot_0_carried_generic_box,0.312,2.055
1789402325,750027935,569.069,robot_1_carried_generic_box,0.564,1.133
1789402325,952056368,569.271,robot_2,-1.262,-0.210
1789402325,952133030,569.271,robot_1,0.669,1.135
1789402325,952176329,569.271,robot_0,0.207,2.055
1789402325,952227560,569.271,robot_0_carried_generic_box,0.264,2.055
1789402325,952267447,569.272,robot_1_carried_generic_box,0.612,1.134
1789402326,164993641,569.484,robot_2,-1.262,-0.210
1789402326,165086575,569.484,robot_1,0.702,1.136
1789402326,165137972,569.484,robot_0,0.174,2.055
1789402326,165194995,569.484,robot_0_carried_generic_box,0.243,2.055
1789402326,165234492,569.484,robot_1_carried_generic_box,0.633,1.135
1789402326,365075961,569.684,robot_2,-1.262,-0.209
1789402326,365166307,569.684,robot_1,0.750,1.136
1789402326,365218473,569.684,robot_0,0.126,2.055
1789402326,365274706,569.685,robot_0_carried_generic_box,0.186,2.055
1789402326,365320224,569.685,robot_1_carried_generic_box,0.678,1.135
1789402326,567004354,569.886,robot_2,-1.262,-0.209
1789402326,567082853,569.886,robot_1,0.789,1.137
1789402326,567129067,569.886,robot_0,0.087,2.055
1789402326,567183756,569.886,robot_0_carried_generic_box,0.150,2.055
1789402326,567222408,569.886,robot_1_carried_generic_box,0.714,1.136
1789402326,782435585,570.102,robot_2,-1.261,-0.209
1789402326,782514755,570.102,robot_1,0.825,1.138
1789402326,782558374,570.102,robot_0,0.051,2.055
1789402326,785147878,570.104,robot_0_carried_generic_box,0.105,2.055
1789402326,785271866,570.105,robot_1_carried_generic_box,0.759,1.137
1789402326,995148159,570.314,robot_2,-1.261,-0.209
1789402326,995236710,570.322,robot_1,0.855,1.138
1789402327,2365816,570.322,robot_0,0.021,2.055
1789402327,2450154,570.322,robot_0_carried_generic_box,0.066,2.055
1789402327,2502216,570.322,robot_1_carried_generic_box,0.804,1.137
1789402327,206750295,570.526,robot_2,-1.261,-0.209
1789402327,206835763,570.526,robot_1,0.869,1.138
1789402327,206889654,570.526,robot_0,-0.015,2.055
1789402327,206944691,570.526,robot_0_carried_generic_box,0.036,2.055
1789402327,210262144,570.530,robot_1_carried_generic_box,0.843,1.138
1789402327,428043801,570.747,robot_2,-1.270,-0.203
1789402327,429249385,570.749,robot_1,0.869,1.138
1789402327,429335840,570.749,robot_0,-0.054,2.055
1789402327,429388083,570.749,robot_0_carried_generic_box,0.009,2.055
1789402327,429436142,570.749,robot_1_carried_generic_box,0.865,1.138
1789402327,660459789,570.980,robot_2,-1.301,-0.187
1789402327,660548811,570.980,robot_1,0.869,1.138
1789402327,660608028,570.980,robot_0,-0.090,2.055
1789402327,660664232,570.980,robot_0_carried_generic_box,-0.027,2.055
1789402327,660711232,570.980,robot_1_carried_generic_box,0.869,1.138
1789402327,883328648,571.203,robot_2,-1.339,-0.168
1789402327,883423923,571.203,robot_1,0.869,1.138
1789402327,883479033,571.203,robot_0,-0.132,2.055
1789402327,883536247,571.203,robot_0_carried_generic_box,-0.063,2.055
1789402327,883584846,571.203,robot_1_carried_generic_box,0.869,1.138
1789402328,85830407,571.405,robot_2,-1.371,-0.152
1789402328,85907358,571.405,robot_1,0.869,1.137
1789402328,85959181,571.405,robot_0,-0.168,2.055
1789402328,86016141,571.405,robot_0_carried_generic_box,-0.114,2.055
1789402328,86063940,571.405,robot_1_carried_generic_box,0.869,1.138
1789402328,293992806,571.613,robot_2,-1.403,-0.136
1789402328,294062459,571.613,robot_1,0.870,1.137
1789402328,294105527,571.613,robot_0,-0.204,2.054
1789402328,294149305,571.613,robot_0_carried_generic_box,-0.147,2.055
1789402328,294186336,571.613,robot_1_carried_generic_box,0.869,1.138
1789402328,531264773,571.851,robot_2,-1.441,-0.117
1789402328,531341560,571.851,robot_1,0.870,1.137
1789402328,531393218,571.851,robot_0,-0.246,2.054
1789402328,531449813,571.851,robot_0_carried_generic_box,-0.189,2.054
1789402328,531487168,571.851,robot_1_carried_generic_box,0.870,1.137
1789402328,734026849,572.053,robot_2,-1.467,-0.104
1789402328,734106873,572.057,robot_1,0.870,1.137
1789402328,737821208,572.058,robot_0,-0.276,2.054
1789402328,738793936,572.058,robot_0_carried_generic_box,-0.222,2.054
1789402328,738856108,572.058,robot_1_carried_generic_box,0.870,1.137
1789402328,939617846,572.259,robot_2,-1.505,-0.085
1789402328,939698761,572.259,robot_1,0.870,1.137
1789402328,939751731,572.259,robot_0,-0.318,2.054
1789402328,939806208,572.259,robot_0_carried_generic_box,-0.255,2.054
1789402328,939851610,572.259,robot_1_carried_generic_box,0.870,1.137
1789402329,162223261,572.482,robot_2,-1.542,-0.066
1789402329,162301035,572.482,robot_1,0.870,1.136
1789402329,162353539,572.482,robot_0,-0.360,2.054
1789402329,162401028,572.482,robot_0_carried_generic_box,-0.303,2.054
1789402329,162446503,572.482,robot_1_carried_generic_box,0.870,1.137
1789402329,368583327,572.712,robot_2,-1.577,-0.048
1789402329,393208917,572.712,robot_1,0.871,1.136
1789402329,393280605,572.713,robot_0,-0.399,2.054
1789402329,393334033,572.713,robot_0_carried_generic_box,-0.342,2.054
1789402329,393383551,572.713,robot_1_carried_generic_box,0.870,1.137
1789402329,584562166,572.904,robot_2,-1.601,-0.036
1789402329,584643441,572.904,robot_1,0.871,1.136
1789402329,584686245,572.904,robot_0,-0.426,2.054
1789402329,584726513,572.904,robot_0_carried_generic_box,-0.384,2.054
1789402329,584764123,572.904,robot_1_carried_generic_box,0.870,1.136
1789402329,810954910,573.130,robot_2,-1.642,-0.016
1789402329,811063843,573.130,robot_1,0.871,1.136
1789402329,811121891,573.130,robot_0,-0.471,2.054
1789402329,811174544,573.130,robot_0_carried_generic_box,-0.417,2.054
1789402329,811217322,573.130,robot_1_carried_generic_box,0.871,1.136
1789402330,17185565,573.336,robot_2,-1.679,0.003
1789402330,17286898,573.337,robot_1,0.871,1.136
1789402330,17344962,573.337,robot_0,-0.513,2.054
1789402330,17396392,573.337,robot_0_carried_generic_box,-0.459,2.054
1789402330,17439570,573.337,robot_1_carried_generic_box,0.871,1.136
1789402330,217850501,573.537,robot_2,-1.706,0.016
1789402330,217936070,573.537,robot_1,0.872,1.136
1789402330,217980024,573.537,robot_0,-0.543,2.054
1789402330,218022907,573.537,robot_0_carried_generic_box,-0.483,2.054
1789402330,218058024,573.537,robot_1_carried_generic_box,0.871,1.136
1789402330,430009452,573.749,robot_2,-1.738,0.032
1789402330,430117406,573.749,robot_1,0.872,1.136
1789402330,430168967,573.749,robot_0,-0.579,2.054
1789402330,430218096,573.749,robot_0_carried_generic_box,-0.531,2.054
1789402330,430254034,573.750,robot_1_carried_generic_box,0.872,1.136
1789402330,635399946,573.955,robot_2,-1.770,0.048
1789402330,635499103,573.955,robot_1,0.872,1.136
1789402330,635555244,573.955,robot_0,-0.615,2.054
1789402330,647962166,573.967,robot_0_carried_generic_box,-0.555,2.054
1789402330,648103917,573.967,robot_1_carried_generic_box,0.872,1.136
1789402330,838949434,574.158,robot_2,-1.800,0.063
1789402330,839057778,574.158,robot_1,0.872,1.136
1789402330,839110713,574.158,robot_0,-0.648,2.054
1789402330,839167658,574.158,robot_0_carried_generic_box,-0.582,2.054
1789402330,839202530,574.158,robot_1_carried_generic_box,0.872,1.136
1789402331,94543818,574.414,robot_2,-1.837,0.082
1789402331,108799861,574.428,robot_1,0.873,1.136
1789402331,108907936,574.428,robot_0,-0.690,2.054
1789402331,108969180,574.428,robot_0_carried_generic_box,-0.639,2.054
1789402331,109005310,574.428,robot_1_carried_generic_box,0.872,1.136
1789402331,312108471,574.631,robot_2,-1.872,0.100
1789402331,329759479,574.649,robot_1,0.866,1.151
1789402331,329846658,574.649,robot_0,-0.729,2.054
1789402331,329902254,574.649,robot_0_carried_generic_box,-0.666,2.054
1789402331,329944474,574.649,robot_1_carried_generic_box,0.873,1.136
1789402331,516672538,574.836,robot_2,-1.904,0.116
1789402331,516784490,574.836,robot_1,0.850,1.183
1789402331,516832204,574.836,robot_0,-0.765,2.054
1789402331,516882362,574.836,robot_0_carried_generic_box,-0.699,2.054
1789402331,516916245,574.836,robot_1_carried_generic_box,0.872,1.137
1789402331,713863273,575.033,robot_2,-1.934,0.130
1789402331,713949786,575.033,robot_1,0.835,1.212
1789402331,713991257,575.033,robot_0,-0.798,2.053
1789402331,714037601,575.033,robot_0_carried_generic_box,-0.741,2.054
1789402331,714076163,575.033,robot_1_carried_generic_box,0.861,1.161
1789402331,936034517,575.255,robot_2,-1.971,0.149
1789402331,936133401,575.255,robot_1,0.816,1.249
1789402331,936183471,575.255,robot_0,-0.840,2.053
1789402331,936236855,575.255,robot_0_carried_generic_box,-0.771,2.054
1789402331,936270911,575.256,robot_1_carried_generic_box,0.844,1.193
1789402332,157409686,575.477,robot_2,-2.004,0.165
1789402332,157503215,575.477,robot_1,0.799,1.281
1789402332,158013945,575.477,robot_0,-0.876,2.053
1789402332,158094476,575.477,robot_0_carried_generic_box,-0.804,2.053
1789402332,158143887,575.477,robot_1_carried_generic_box,0.829,1.223
1789402332,368735698,575.688,robot_2,-2.041,0.184
1789402332,368819176,575.688,robot_1,0.778,1.321
1789402332,368869790,575.688,robot_0,-0.921,2.053
1789402332,368923652,575.688,robot_0_carried_generic_box,-0.846,2.053
1789402332,368962943,575.688,robot_1_carried_generic_box,0.813,1.255
1789402332,586377939,575.906,robot_2,-2.046,0.187
1789402332,586461876,575.906,robot_1,0.761,1.356
1789402332,586501343,575.906,robot_0,-0.960,2.053
1789402332,586546121,575.906,robot_0_carried_generic_box,-0.912,2.053
1789402332,586583258,575.906,robot_1_carried_generic_box,0.783,1.313
1789402332,828325826,576.148,robot_2,-2.046,0.187
1789402332,828411304,576.148,robot_1,0.744,1.388
1789402332,828455727,576.148,robot_0,-0.996,2.053
1789402332,828506978,576.148,robot_0_carried_generic_box,-0.936,2.053
1789402332,828546737,576.148,robot_1_carried_generic_box,0.770,1.337
1789402333,31014566,576.350,robot_2,-2.046,0.187
1789402333,31143749,576.350,robot_1,0.725,1.425
1789402333,31215144,576.350,robot_0,-1.038,2.053
1789402333,31276492,576.351,robot_0_carried_generic_box,-0.972,2.053
1789402333,31316983,576.351,robot_1_carried_generic_box,0.752,1.372
1789402333,244325734,576.564,robot_2,-2.045,0.187
1789402333,244418803,576.564,robot_1,0.704,1.465
1789402333,244460510,576.564,robot_0,-1.083,2.053
1789402333,244515544,576.564,robot_0_carried_generic_box,-1.011,2.053
1789402333,244560796,576.564,robot_1_carried_generic_box,0.739,1.399
1789402333,461539270,576.781,robot_2,-2.045,0.187
1789402333,461645981,576.781,robot_1,0.689,1.495
1789402333,461688307,576.781,robot_0,-1.116,2.053
1789402333,461736658,576.781,robot_0_carried_generic_box,-1.068,2.053
1789402333,461776488,576.781,robot_1_carried_generic_box,0.718,1.439
1789402333,662223735,576.982,robot_2,-2.045,0.188
1789402333,662307733,576.982,robot_1,0.677,1.519
1789402333,662347107,576.982,robot_0,-1.143,2.053
1789402333,662394014,576.982,robot_0_carried_generic_box,-1.083,2.053
1789402333,662429794,576.982,robot_1_carried_generic_box,0.701,1.471
1789402333,872591341,577.204,robot_2,-2.046,0.188
1789402333,884953434,577.204,robot_1,0.659,1.553
1789402333,885002943,577.204,robot_0,-1.182,2.053
1789402333,885055595,577.204,robot_0_carried_generic_box,-1.122,2.053
1789402333,885097139,577.204,robot_1_carried_generic_box,0.684,1.505
1789402334,81696584,577.401,robot_2,-2.046,0.188
1789402334,81777966,577.401,robot_1,0.638,1.593
1789402334,81814252,577.401,robot_0,-1.227,2.053
1789402334,81860897,577.401,robot_0_carried_generic_box,-1.167,2.053
1789402334,81897968,577.401,robot_1_carried_generic_box,0.666,1.540
1789402334,292953941,577.612,robot_2,-2.046,0.188
1789402334,293037608,577.612,robot_1,0.620,1.628
1789402334,293080633,577.612,robot_0,-1.266,2.053
1789402334,293129335,577.612,robot_0_carried_generic_box,-1.200,2.053
1789402334,293179891,577.612,robot_1_carried_generic_box,0.651,1.569
1789402334,494494467,577.814,robot_2,-2.046,0.189
1789402334,494569646,577.814,robot_1,0.604,1.660
1789402334,510990139,577.830,robot_0,-1.302,2.053
1789402334,511111274,577.830,robot_0_carried_generic_box,-1.251,2.053
1789402334,511161822,577.830,robot_1_carried_generic_box,0.627,1.615
1789402334,715553414,578.035,robot_2,-2.046,0.189
1789402334,715641666,578.035,robot_1,0.590,1.687
1789402334,715678248,578.035,robot_0,-1.332,2.053
1789402334,715728157,578.035,robot_0_carried_generic_box,-1.281,2.053
1789402334,715765513,578.035,robot_1_carried_generic_box,0.613,1.641
1789402334,935390838,578.255,robot_2,-2.046,0.189
1789402334,935475236,578.255,robot_1,0.572,1.721
1789402334,935522330,578.255,robot_0,-1.371,2.053
1789402334,935563885,578.255,robot_0_carried_generic_box,-1.317,2.053
1789402334,935617088,578.255,robot_1_carried_generic_box,0.598,1.671
1789402335,140882053,578.460,robot_2,-2.046,0.189
1789402335,142091755,578.461,robot_1,0.556,1.753
1789402335,142178567,578.461,robot_0,-1.407,2.053
1789402335,142228437,578.461,robot_0_carried_generic_box,-1.347,2.053
1789402335,142274140,578.462,robot_1_carried_generic_box,0.583,1.700
1789402335,345986505,578.665,robot_2,-2.047,0.189
1789402335,346103573,578.665,robot_1,0.539,1.785
1789402335,346145286,578.665,robot_0,-1.443,2.052
1789402335,346186726,578.665,robot_0_carried_generic_box,-1.383,2.053
1789402335,346222995,578.665,robot_1_carried_generic_box,0.567,1.732
1789402335,548979931,578.868,robot_2,-2.047,0.189
1789402335,549055786,578.868,robot_1,0.521,1.820
1789402335,549097401,578.868,robot_0,-1.482,2.052
1789402335,549143837,578.868,robot_0_carried_generic_box,-1.416,2.053
1789402335,549179560,578.868,robot_1_carried_generic_box,0.552,1.761
1789402335,771019572,579.090,robot_2,-2.047,0.189
1789402335,771101159,579.090,robot_1,0.506,1.849
1789402335,771140651,579.090,robot_0,-1.515,2.052
1789402335,771186333,579.090,robot_0_carried_generic_box,-1.449,2.052
1789402335,771223471,579.090,robot_1_carried_generic_box,0.536,1.791
1789402335,982460865,579.302,robot_2,-2.047,0.190
1789402335,982537320,579.302,robot_1,0.487,1.887
1789402335,982580905,579.314,robot_0,-1.557,2.052
1789402335,994873221,579.314,robot_0_carried_generic_box,-1.500,2.052
1789402335,995002877,579.314,robot_1_carried_generic_box,0.512,1.839
1789402336,205492691,579.525,robot_2,-2.047,0.190
1789402336,205572718,579.525,robot_1,0.472,1.916
1789402336,205617772,579.525,robot_0,-1.590,2.052
1789402336,205660531,579.525,robot_0_carried_generic_box,-1.536,2.052
1789402336,205692108,579.525,robot_1_carried_generic_box,0.497,1.868
1789402336,417071189,579.736,robot_2,-2.045,0.206
1789402336,417156767,579.736,robot_1,0.454,1.951
1789402336,417194367,579.736,robot_0,-1.629,2.052
1789402336,417237452,579.736,robot_0_carried_generic_box,-1.563,2.052
1789402336,417270543,579.737,robot_1_carried_generic_box,0.481,1.897
1789402336,625322708,579.945,robot_2,-2.042,0.230
1789402336,625413195,579.945,robot_1,0.437,1.983
1789402336,625456936,579.945,robot_0,-1.665,2.052
1789402336,625508384,579.945,robot_0_carried_generic_box,-1.608,2.052
1789402336,625545769,579.945,robot_1_carried_generic_box,0.462,1.935
1789402336,826382863,580.146,robot_2,-2.038,0.255
1789402336,826470539,580.146,robot_1,0.420,2.017
1789402336,826509547,580.146,robot_0,-1.704,2.052
1789402336,826560591,580.146,robot_0_carried_generic_box,-1.641,2.052
1789402336,826610865,580.146,robot_1_carried_generic_box,0.446,1.967
1789402337,31893053,580.351,robot_2,-2.038,0.259
1789402337,31986630,580.351,robot_1,0.403,2.049
1789402337,32030260,580.351,robot_0,-1.740,2.052
1789402337,32085650,580.351,robot_0_carried_generic_box,-1.683,2.052
1789402337,32130109,580.351,robot_1_carried_generic_box,0.426,2.004
1789402337,251002216,580.570,robot_2,-2.038,0.259
1789402337,251083476,580.570,robot_1,0.387,2.081
1789402337,251122521,580.579,robot_0,-1.776,2.052
1789402337,259413831,580.579,robot_0_carried_generic_box,-1.719,2.052
1789402337,259482131,580.579,robot_1_carried_generic_box,0.410,2.036
1789402337,463573447,580.783,robot_2,-2.038,0.259
1789402337,463671444,580.783,robot_1,0.370,2.113
1789402337,463720050,580.783,robot_0,-1.812,2.052
1789402337,463778737,580.783,robot_0_carried_generic_box,-1.746,2.052
1789402337,463828300,580.783,robot_1_carried_generic_box,0.399,2.057
1789402337,683416567,581.003,robot_2,-2.038,0.259
1789402337,683500492,581.003,robot_1,0.354,2.145
1789402337,683552935,581.003,robot_0,-1.848,2.052
1789402337,693414937,581.013,robot_0_carried_generic_box,-1.791,2.052
1789402337,693551074,581.013,robot_1_carried_generic_box,0.377,2.100
1789402337,892569719,581.235,robot_2,-2.038,0.258
1789402337,915949735,581.235,robot_1,0.337,2.177
1789402337,916031004,581.235,robot_0,-1.884,2.052
1789402337,916085029,581.235,robot_0_carried_generic_box,-1.833,2.052
1789402337,916121085,581.235,robot_1_carried_generic_box,0.358,2.137
1789402338,98995109,581.418,robot_2,-2.039,0.258
1789402338,99080695,581.418,robot_1,0.321,2.209
1789402338,99123848,581.418,robot_0,-1.920,2.052
1789402338,99169649,581.418,robot_0_carried_generic_box,-1.860,2.052
1789402338,99216040,581.418,robot_1_carried_generic_box,0.343,2.167
1789402338,327814819,581.647,robot_2,-2.039,0.258
1789402338,327898758,581.647,robot_1,0.299,2.252
1789402338,327944805,581.647,robot_0,-1.968,2.052
1789402338,327992110,581.647,robot_0_carried_generic_box,-1.887,2.052
1789402338,328036541,581.647,robot_1_carried_generic_box,0.332,2.188
1789402338,548166825,581.867,robot_2,-2.039,0.258
1789402338,548253759,581.868,robot_1,0.281,2.287
1789402338,548305829,581.868,robot_0,-2.007,2.052
1789402338,548360771,581.868,robot_0_carried_generic_box,-1.938,2.052
1789402338,548407636,581.868,robot_1_carried_generic_box,0.312,2.225
1789402338,778438752,582.098,robot_2,-2.039,0.258
1789402338,778523358,582.098,robot_1,0.264,2.319
1789402338,778562327,582.098,robot_0,-2.043,2.051
1789402338,799372561,582.119,robot_0_carried_generic_box,-1.995,2.052
1789402338,799501490,582.119,robot_1_carried_generic_box,0.283,2.281
1789402338,994146897,582.313,robot_2,-2.038,0.256
1789402338,994245585,582.314,robot_1,0.250,2.345
1789402338,994296418,582.314,robot_0,-2.073,2.051
1789402338,994350557,582.314,robot_0_carried_generic_box,-2.019,2.052
1789402338,994394677,582.314,robot_1_carried_generic_box,0.274,2.300
1789402339,200482492,582.520,robot_2,-2.009,0.238
1789402339,206922573,582.526,robot_1,0.231,2.383
1789402339,207017163,582.526,robot_0,-2.115,2.051
1789402339,207082822,582.526,robot_0_carried_generic_box,-2.058,2.051
1789402339,207134212,582.526,robot_1_carried_generic_box,0.257,2.332
1789402339,402421001,582.722,robot_2,-1.976,0.217
1789402339,402507567,582.722,robot_1,0.213,2.417
1789402339,402543233,582.722,robot_0,-2.154,2.051
1789402339,402586178,582.737,robot_0_carried_generic_box,-2.091,2.051
1789402339,417528520,582.737,robot_1_carried_generic_box,0.242,2.361
1789402339,642780514,582.962,robot_2,-1.942,0.198
1789402339,642884330,582.962,robot_1,0.195,2.452
1789402339,642920548,582.962,robot_0,-2.193,2.051
1789402339,642966672,582.962,robot_0_carried_generic_box,-2.130,2.051
1789402339,643006009,582.962,robot_1_carried_generic_box,0.223,2.399
1789402339,853621782,583.173,robot_2,-1.917,0.182
1789402339,853708505,583.173,robot_1,0.182,2.479
1789402339,853750907,583.173,robot_0,-2.223,2.051
1789402339,853803295,583.173,robot_0_carried_generic_box,-2.160,2.051
1789402339,853847978,583.173,robot_1_carried_generic_box,0.211,2.423
1789402340,70854101,583.390,robot_2,-1.885,0.164
1789402340,70970056,583.390,robot_1,0.165,2.511
1789402340,71017767,583.390,robot_0,-2.258,2.051
1789402340,71073701,583.390,robot_0_carried_generic_box,-2.196,2.051
1789402340,71118852,583.390,robot_1_carried_generic_box,0.194,2.455
1789402340,271785536,583.591,robot_2,-1.857,0.148
1789402340,271890601,583.591,robot_1,0.150,2.540
1789402340,271945711,583.591,robot_0,-2.270,2.051
1789402340,272009010,583.591,robot_0_carried_generic_box,-2.250,2.051
1789402340,272060772,583.591,robot_1_carried_generic_box,0.169,2.503
1789402340,507575297,583.827,robot_2,-1.823,0.128
1789402340,507666220,583.827,robot_1,0.132,2.574
1789402340,507708182,583.827,robot_0,-2.270,2.051
1789402340,507758428,583.827,robot_0_carried_generic_box,-2.267,2.051
1789402340,507794156,583.827,robot_1_carried_generic_box,0.157,2.527
1789402340,713572403,584.033,robot_2,-1.797,0.113
1789402340,713678073,584.033,robot_1,0.118,2.601
1789402340,713756754,584.033,robot_0,-2.270,2.051
1789402340,713815867,584.033,robot_0_carried_generic_box,-2.270,2.051
1789402340,713862759,584.033,robot_1_carried_generic_box,0.143,2.553
1789402340,921865151,584.241,robot_2,-1.769,0.097
1789402340,921962421,584.241,robot_1,0.102,2.633
1789402340,922011695,584.241,robot_0,-2.270,2.052
1789402340,922070392,584.241,robot_0_carried_generic_box,-2.270,2.051
1789402340,922118302,584.241,robot_1_carried_generic_box,0.127,2.585
1789402341,158226829,584.478,robot_2,-1.765,0.094
1789402341,158310583,584.478,robot_1,0.085,2.665
1789402341,158386604,584.478,robot_0,-2.270,2.052
1789402341,158437847,584.478,robot_0_carried_generic_box,-2.270,2.051
1789402341,158479150,584.478,robot_1_carried_generic_box,0.112,2.614
1789402341,376011406,584.695,robot_2,-1.765,0.094
1789402341,376092180,584.695,robot_1,0.066,2.702
1789402341,376131996,584.695,robot_0,-2.270,2.052
1789402341,376175802,584.695,robot_0_carried_generic_box,-2.270,2.052
1789402341,376209235,584.695,robot_1_carried_generic_box,0.090,2.657
1789402341,592341872,584.912,robot_2,-1.765,0.094
1789402341,592423534,584.912,robot_1,0.055,2.724
1789402341,592476174,584.912,robot_0,-2.270,2.052
1789402341,592533345,584.912,robot_0_carried_generic_box,-2.270,2.052
1789402341,592578188,584.912,robot_1_carried_generic_box,0.068,2.700
1789402341,800308165,585.120,robot_2,-1.765,0.093
1789402341,800397057,585.120,robot_1,0.040,2.753
1789402341,800451540,585.120,robot_0,-2.271,2.053
1789402341,800510043,585.120,robot_0_carried_generic_box,-2.270,2.052
1789402341,800550612,585.120,robot_1_carried_generic_box,0.057,2.721
1789402342,7109539,585.326,robot_2,-1.765,0.093
1789402342,7197873,585.326,robot_1,0.022,2.788
1789402342,7249395,585.327,robot_0,-2.271,2.053
1789402342,9500971,585.329,robot_0_carried_generic_box,-2.271,2.052
1789402342,9601185,585.329,robot_1_carried_generic_box,0.046,2.742
1789402342,209947850,585.529,robot_2,-1.765,0.093
1789402342,210031375,585.529,robot_1,0.002,2.828
1789402342,210068488,585.529,robot_0,-2.271,2.053
1789402342,210114379,585.529,robot_0_carried_generic_box,-2.271,2.053
1789402342,210151584,585.529,robot_1_carried_generic_box,0.033,2.766
1789402342,419105142,585.738,robot_2,-1.765,0.093
1789402342,419197455,585.738,robot_1,-0.011,2.852
1789402342,419250516,585.739,robot_0,-2.271,2.053
1789402342,419305749,585.739,robot_0_carried_generic_box,-2.271,2.053
1789402342,419346143,585.739,robot_1_carried_generic_box,0.010,2.812
1789402342,622468479,585.942,robot_2,-1.765,0.092
1789402342,622584079,585.942,robot_1,-0.029,2.886
1789402342,622643741,585.942,robot_0,-2.271,2.053
1789402342,622703419,585.942,robot_0_carried_generic_box,-2.271,2.053
1789402342,622751353,585.942,robot_1_carried_generic_box,-0.004,2.838
1789402342,852005247,586.171,robot_2,-1.765,0.092
1789402342,852091613,586.171,robot_1,-0.047,2.921
1789402342,852136326,586.171,robot_0,-2.272,2.053
1789402342,852183480,586.171,robot_0_carried_generic_box,-2.271,2.053
1789402342,852222336,586.171,robot_1_carried_generic_box,-0.015,2.860
1789402343,52438591,586.372,robot_2,-1.765,0.092
1789402343,55120132,586.374,robot_1,-0.063,2.953
1789402343,55213227,586.374,robot_0,-2.272,2.053
1789402343,55276376,586.375,robot_0_carried_generic_box,-2.272,2.053
1789402343,55327865,586.375,robot_1_carried_generic_box,-0.034,2.897
1789402343,267333581,586.587,robot_2,-1.764,0.092
1789402343,267429551,586.587,robot_1,-0.077,2.980
1789402343,267490831,586.587,robot_0,-2.272,2.053
1789402343,267545275,586.587,robot_0_carried_generic_box,-2.272,2.053
1789402343,267590828,586.587,robot_1_carried_generic_box,-0.052,2.932
1789402343,492043380,586.811,robot_2,-1.764,0.092
1789402343,492133135,586.811,robot_1,-0.093,3.012
1789402343,492190274,586.811,robot_0,-2.273,2.053
1789402343,492241593,586.812,robot_0_carried_generic_box,-2.272,2.053
1789402343,492276597,586.812,robot_1_carried_generic_box,-0.071,2.969
1789402343,714146654,587.033,robot_2,-1.764,0.091
1789402343,714255071,587.034,robot_1,-0.111,3.046
1789402343,714312218,587.034,robot_0,-2.273,2.053
1789402343,714376343,587.034,robot_0_carried_generic_box,-2.272,2.053
1789402343,714425981,587.034,robot_1_carried_generic_box,-0.086,2.998
1789402343,914397358,587.234,robot_2,-1.764,0.091
1789402343,914490302,587.234,robot_1,-0.123,3.069
1789402343,914549540,587.234,robot_0,-2.273,2.053
1789402343,914614216,587.234,robot_0_carried_generic_box,-2.273,2.053
1789402343,914662572,587.234,robot_1_carried_generic_box,-0.103,3.030
1789402344,127544913,587.447,robot_2,-1.764,0.091
1789402344,127631151,587.447,robot_1,-0.123,3.070
1789402344,127683234,587.447,robot_0,-2.273,2.053
1789402344,127733015,587.447,robot_0_carried_generic_box,-2.273,2.053
1789402344,127775150,587.447,robot_1_carried_generic_box,-0.120,3.063
1789402344,328493004,587.648,robot_2,-1.764,0.091
1789402344,328582787,587.668,robot_1,-0.123,3.070
1789402344,348344062,587.668,robot_0,-2.274,2.053
1789402344,348430306,587.668,robot_0_carried_generic_box,-2.273,2.053
1789402344,348479760,587.668,robot_1_carried_generic_box,-0.123,3.070
1789402344,545903524,587.865,robot_2,-1.763,0.091
1789402344,545987214,587.865,robot_1,-0.123,3.070
1789402344,546033421,587.865,robot_0,-2.271,2.047
1789402344,546081932,587.865,robot_0_carried_generic_box,-2.273,2.053
1789402344,546122712,587.865,robot_1_carried_generic_box,-0.123,3.070
1789402344,753364052,588.073,robot_2,-1.763,0.091
1789402344,753446316,588.073,robot_1,-0.123,3.070
1789402344,753493821,588.073,robot_0,-2.257,2.017
1789402344,753544423,588.073,robot_0_carried_generic_box,-2.273,2.051
1789402344,753588322,588.086,robot_1_carried_generic_box,-0.123,3.070
1789402344,954901813,588.274,robot_2,-1.763,0.091
1789402344,954993256,588.274,robot_1,-0.122,3.070
1789402344,955046206,588.274,robot_0,-2.241,1.984
1789402344,955103344,588.274,robot_0_carried_generic_box,-2.268,2.041
1789402344,955150758,588.274,robot_1_carried_generic_box,-0.123,3.070
1789402345,170972221,588.490,robot_2,-1.763,0.091
1789402345,171051808,588.490,robot_1,-0.122,3.070
1789402345,171091716,588.490,robot_0,-2.227,1.954
1789402345,171164821,588.490,robot_0_carried_generic_box,-2.253,2.009
1789402345,171202130,588.490,robot_1_carried_generic_box,-0.123,3.070
1789402345,373840684,588.693,robot_2,-1.763,0.091
1789402345,373926878,588.693,robot_1,-0.122,3.071
1789402345,373969180,588.693,robot_0,-2.212,1.922
1789402345,374015678,588.693,robot_0_carried_generic_box,-2.231,1.963
1789402345,374052623,588.693,robot_1_carried_generic_box,-0.122,3.070
1789402345,594333366,588.918,robot_2,-1.758,0.112
1789402345,598711025,588.918,robot_1,-0.122,3.071
1789402345,598774294,588.918,robot_0,-2.194,1.884
1789402345,598824627,588.918,robot_0_carried_generic_box,-2.215,1.927
1789402345,598862853,588.918,robot_1_carried_generic_box,-0.122,3.071
1789402345,801157486,589.120,robot_2,-1.752,0.147
1789402345,801251315,589.121,robot_1,-0.122,3.071
1789402345,801296788,589.121,robot_0,-2.179,1.851
1789402345,801343001,589.121,robot_0_carried_generic_box,-2.206,1.908
1789402345,801382863,589.121,robot_1_carried_generic_box,-0.122,3.071
1789402346,28528599,589.348,robot_2,-1.747,0.174
1789402346,28638409,589.348,robot_1,-0.122,3.071
1789402346,28689670,589.348,robot_0,-2.167,1.827
1789402346,28752145,589.348,robot_0_carried_generic_box,-2.186,1.868
1789402346,28803392,589.348,robot_1_carried_generic_box,-0.122,3.071
1789402346,271057456,589.590,robot_2,-1.741,0.209
1789402346,272511392,589.592,robot_1,-0.122,3.072
1789402346,272632167,589.592,robot_0,-2.152,1.794
1789402346,272701528,589.592,robot_0_carried_generic_box,-2.170,1.832
1789402346,272744005,589.592,robot_1_carried_generic_box,-0.122,3.071
1789402346,477750036,589.797,robot_2,-1.736,0.239
1789402346,477851085,589.797,robot_1,-0.122,3.072
1789402346,477898475,589.797,robot_0,-2.139,1.767
1789402346,477959542,589.797,robot_0_carried_generic_box,-2.166,1.824
1789402346,478003110,589.797,robot_1_carried_generic_box,-0.122,3.071
1789402346,700834372,590.020,robot_2,-1.730,0.271
1789402346,700922140,590.020,robot_1,-0.122,3.072
1789402346,700976613,590.020,robot_0,-2.125,1.737
1789402346,701034671,590.020,robot_0_carried_generic_box,-2.145,1.781
1789402346,701073076,590.020,robot_1_carried_generic_box,-0.122,3.072
1789402346,926300166,590.246,robot_2,-1.725,0.304
1789402346,926388983,590.246,robot_1,-0.122,3.072
1789402346,926433181,590.246,robot_0,-2.111,1.708
1789402346,926482289,590.246,robot_0_carried_generic_box,-2.133,1.754
1789402346,926527315,590.246,robot_1_carried_generic_box,-0.122,3.072
1789402347,149972536,590.469,robot_2,-1.720,0.330
1789402347,150057536,590.469,robot_1,-0.122,3.072
1789402347,150107206,590.469,robot_0,-2.099,1.683
1789402347,150163962,590.469,robot_0_carried_generic_box,-2.122,1.732
1789402347,150209700,590.469,robot_1_carried_generic_box,-0.122,3.072
1789402347,394251922,590.714,robot_2,-1.713,0.375
1789402347,394342667,590.714,robot_1,-0.122,3.073
1789402347,394398987,590.714,robot_0,-2.080,1.642
1789402347,394460917,590.714,robot_0_carried_generic_box,-2.104,1.694
1789402347,394509620,590.714,robot_1_carried_generic_box,-0.122,3.072
1789402347,603990971,590.923,robot_2,-1.705,0.419
1789402347,604064390,590.923,robot_1,-0.122,3.073
1789402347,604113154,590.923,robot_0,-2.061,1.602
1789402347,604162548,590.923,robot_0_carried_generic_box,-2.088,1.659
1789402347,604207636,590.923,robot_1_carried_generic_box,-0.122,3.073
1789402347,813441152,591.133,robot_2,-1.700,0.449
1789402347,813541472,591.133,robot_1,-0.123,3.073
1789402347,813606439,591.133,robot_0,-2.048,1.575
1789402347,813661418,591.133,robot_0_carried_generic_box,-2.071,1.623
1789402347,813706122,591.133,robot_1_carried_generic_box,-0.122,3.073
1789402348,34389547,591.354,robot_2,-1.694,0.484
1789402348,34474203,591.354,robot_1,-0.132,3.065
1789402348,34526723,591.372,robot_0,-2.033,1.542
1789402348,53053662,591.372,robot_0_carried_generic_box,-2.057,1.594
1789402348,53141650,591.372,robot_1_carried_generic_box,-0.122,3.073
1789402348,234687646,591.554,robot_2,-1.690,0.505
1789402348,234773500,591.554,robot_1,-0.150,3.048
1789402348,234821140,591.554,robot_0,-2.022,1.520
1789402348,234868672,591.554,robot_0_carried_generic_box,-2.043,1.564
1789402348,234910256,591.554,robot_1_carried_generic_box,-0.123,3.073
1789402348,457028349,591.776,robot_2,-1.689,0.513
1789402348,457121661,591.776,robot_1,-0.173,3.026
1789402348,457184130,591.776,robot_0,-2.008,1.491
1789402348,457239873,591.777,robot_0_carried_generic_box,-2.029,1.534
1789402348,457284615,591.777,robot_1_carried_generic_box,-0.139,3.059
1789402348,697968948,592.017,robot_2,-1.689,0.513
1789402348,698050878,592.017,robot_1,-0.202,2.999
1789402348,698100826,592.017,robot_0,-1.991,1.455
1789402348,700779306,592.021,robot_0_carried_generic_box,-2.012,1.499
1789402348,702273597,592.022,robot_1_carried_generic_box,-0.167,3.032
1789402348,914036449,592.233,robot_2,-1.689,0.513
1789402348,914133639,592.233,robot_1,-0.221,2.980
1789402348,914192112,592.233,robot_0,-1.980,1.431
1789402348,914242099,592.234,robot_0_carried_generic_box,-2.008,1.491
1789402348,914278259,592.234,robot_1_carried_generic_box,-0.182,3.017
1789402349,123934459,592.443,robot_2,-1.689,0.513
1789402349,124042233,592.443,robot_1,-0.247,2.955
1789402349,124105567,592.443,robot_0,-1.965,1.398
1789402349,124169024,592.443,robot_0_carried_generic_box,-1.988,1.447
1789402349,124215159,592.443,robot_1_carried_generic_box,-0.208,2.992
1789402349,341948490,592.661,robot_2,-1.688,0.513
1789402349,342045373,592.661,robot_1,-0.271,2.932
1789402349,342111352,592.667,robot_0,-1.951,1.370
1789402349,348167976,592.667,robot_0_carried_generic_box,-1.974,1.417
1789402349,348228104,592.667,robot_1_carried_generic_box,-0.236,2.965
1789402349,543217729,592.862,robot_2,-1.688,0.513
1789402349,543308768,592.863,robot_1,-0.293,2.911
1789402349,543365292,592.863,robot_0,-1.947,1.361
1789402349,543422791,592.863,robot_0_carried_generic_box,-1.958,1.385
1789402349,543469515,592.863,robot_1_carried_generic_box,-0.258,2.945
1789402349,761656420,593.081,robot_2,-1.688,0.513
1789402349,766044005,593.085,robot_1,-0.318,2.886
1789402349,766166722,593.085,robot_0,-1.947,1.361
1789402349,766232608,593.085,robot_0_carried_generic_box,-1.949,1.366
1789402349,766281049,593.086,robot_1_carried_generic_box,-0.277,2.926
1789402349,971552585,593.291,robot_2,-1.688,0.513
1789402349,971648848,593.291,robot_1,-0.338,2.868
1789402349,971695723,593.291,robot_0,-1.947,1.361
1789402349,971741819,593.291,robot_0_carried_generic_box,-1.947,1.361
1789402349,971779313,593.291,robot_1_carried_generic_box,-0.299,2.905
1789402350,179884848,593.499,robot_2,-1.688,0.513
1789402350,179971183,593.499,robot_1,-0.364,2.843
1789402350,180019608,593.499,robot_0,-1.947,1.361
1789402350,180073474,593.499,robot_0_carried_generic_box,-1.947,1.361
1789402350,180116298,593.499,robot_1_carried_generic_box,-0.331,2.874
1789402350,390151434,593.709,robot_2,-1.687,0.513
1789402350,390233568,593.709,robot_1,-0.390,2.818
1789402350,390271037,593.710,robot_0,-1.948,1.361
1789402350,390318945,593.710,robot_0_carried_generic_box,-1.947,1.361
1789402350,390355680,593.710,robot_1_carried_generic_box,-0.357,2.849
1789402350,609408911,593.929,robot_2,-1.687,0.513
1789402350,609496507,593.929,robot_1,-0.416,2.793
1789402350,609538573,593.929,robot_0,-1.948,1.361
1789402350,609594078,593.944,robot_0_carried_generic_box,-1.948,1.361
1789402350,624901105,593.944,robot_1_carried_generic_box,-0.379,2.828
1789402350,816666722,594.136,robot_2,-1.687,0.513
1789402350,816753764,594.136,robot_1,-0.437,2.772
1789402350,816795521,594.136,robot_0,-1.948,1.361
1789402350,816844817,594.136,robot_0_carried_generic_box,-1.948,1.361
1789402350,816880647,594.136,robot_1_carried_generic_box,-0.401,2.807
1789402351,22245576,594.342,robot_2,-1.687,0.514
1789402351,22317788,594.342,robot_1,-0.457,2.753
1789402351,22350408,594.342,robot_0,-1.948,1.360
1789402351,22389029,594.342,robot_0_carried_generic_box,-1.948,1.361
1789402351,22416950,594.342,robot_1_carried_generic_box,-0.427,2.783
1789402351,233891725,594.553,robot_2,-1.687,0.514
1789402351,233974406,594.553,robot_1,-0.481,2.731
1789402351,234015489,594.553,robot_0,-1.948,1.360
1789402351,234063549,594.553,robot_0_carried_generic_box,-1.948,1.361
1789402351,238019815,594.557,robot_1_carried_generic_box,-0.440,2.770
1789402351,445380733,594.765,robot_2,-1.687,0.514
1789402351,445467349,594.765,robot_1,-0.505,2.708
1789402351,445511066,594.765,robot_0,-1.948,1.360
1789402351,445567445,594.765,robot_0_carried_generic_box,-1.948,1.360
1789402351,452707969,594.772,robot_1_carried_generic_box,-0.468,2.743
1789402351,658896729,594.978,robot_2,-1.687,0.514
1789402351,658985181,594.978,robot_1,-0.531,2.683
1789402351,659032134,594.978,robot_0,-1.948,1.360
1789402351,659087621,594.978,robot_0_carried_generic_box,-1.948,1.360
1789402351,659130644,594.978,robot_1_carried_generic_box,-0.485,2.726
1789402351,872373284,595.192,robot_2,-1.687,0.514
1789402351,872461262,595.192,robot_1,-0.557,2.658
1789402351,872511295,595.192,robot_0,-1.948,1.359
1789402351,872567425,595.192,robot_0_carried_generic_box,-1.948,1.360
1789402351,882821935,595.202,robot_1_carried_generic_box,-0.518,2.695
1789402352,77132848,595.396,robot_2,-1.688,0.515
1789402352,77217774,595.396,robot_1,-0.576,2.639
1789402352,77263360,595.397,robot_0,-1.948,1.359
1789402352,77321402,595.397,robot_0_carried_generic_box,-1.948,1.360
1789402352,77364275,595.397,robot_1_carried_generic_box,-0.541,2.672
1789402352,300183582,595.619,robot_2,-1.717,0.518
1789402352,300264971,595.620,robot_1,-0.604,2.612
1789402352,300310316,595.620,robot_0,-1.948,1.359
1789402352,300366425,595.620,robot_0_carried_generic_box,-1.948,1.359
1789402352,300399738,595.620,robot_1_carried_generic_box,-0.572,2.643
1789402352,531159424,595.850,robot_2,-1.765,0.524
1789402352,531237805,595.851,robot_1,-0.639,2.579
1789402352,531273103,595.851,robot_0,-1.948,1.358
1789402352,531321276,595.851,robot_0_carried_generic_box,-1.948,1.359
1789402352,531359755,595.851,robot_1_carried_generic_box,-0.593,2.623
1789402352,747116075,596.066,robot_2,-1.804,0.528
1789402352,747197468,596.066,robot_1,-0.667,2.552
1789402352,747241559,596.067,robot_0,-1.948,1.358
1789402352,747292829,596.067,robot_0_carried_generic_box,-1.948,1.359
1789402352,747331823,596.067,robot_1_carried_generic_box,-0.617,2.600
1789402352,969764361,596.289,robot_2,-1.833,0.531
1789402352,969845371,596.289,robot_1,-0.689,2.531
1789402352,969889694,596.289,robot_0,-1.948,1.358
1789402352,969944208,596.289,robot_0_carried_generic_box,-1.948,1.358
1789402352,969990715,596.289,robot_1_carried_generic_box,-0.652,2.566
1789402353,172959642,596.492,robot_2,-1.869,0.535
1789402353,173041174,596.492,robot_1,-0.714,2.506
1789402353,173085551,596.492,robot_0,-1.948,1.358
1789402353,173135138,596.492,robot_0_carried_generic_box,-1.948,1.358
1789402353,173182932,596.492,robot_1_carried_generic_box,-0.671,2.548
1789402353,379253972,596.699,robot_2,-1.902,0.538
1789402353,379332427,596.699,robot_1,-0.738,2.483
1789402353,379369942,596.699,robot_0,-1.947,1.358
1789402353,379414241,596.699,robot_0_carried_generic_box,-1.948,1.358
1789402353,379450045,596.699,robot_1_carried_generic_box,-0.695,2.525
1789402353,625059289,596.944,robot_2,-1.944,0.543
1789402353,625149897,596.944,robot_1,-0.769,2.454
1789402353,625199251,596.944,robot_0,-1.923,1.376
1789402353,625249737,596.945,robot_0_carried_generic_box,-1.948,1.358
1789402353,625294899,596.945,robot_1_carried_generic_box,-0.721,2.500
1789402353,837935213,597.157,robot_2,-1.974,0.546
1789402353,838023017,597.157,robot_1,-0.790,2.433
1789402353,838072747,597.157,robot_0,-1.899,1.394
1789402353,838127185,597.157,robot_0_carried_generic_box,-1.941,1.363
1789402353,838168869,597.157,robot_1_carried_generic_box,-0.751,2.471
1789402354,50097360,597.369,robot_2,-2.012,0.550
1789402354,50184424,597.369,robot_1,-0.818,2.406
1789402354,50226253,597.369,robot_0,-1.868,1.418
1789402354,50271793,597.370,robot_0_carried_generic_box,-1.916,1.381
1789402354,50308614,597.370,robot_1_carried_generic_box,-0.777,2.446
1789402354,262312746,597.582,robot_2,-2.045,0.554
1789402354,262405733,597.582,robot_1,-0.842,2.384
1789402354,262454799,597.582,robot_0,-1.841,1.438
1789402354,262509682,597.582,robot_0_carried_generic_box,-1.892,1.400
1789402354,262552108,597.582,robot_1_carried_generic_box,-0.797,2.427
1789402354,474294507,597.794,robot_2,-2.072,0.556
1789402354,474389851,597.794,robot_1,-0.862,2.365
1789402354,474441333,597.794,robot_0,-1.820,1.454
1789402354,474489512,597.794,robot_0_carried_generic_box,-1.865,1.419
1789402354,474528500,597.794,robot_1_carried_generic_box,-0.823,2.402
1789402354,691173005,598.010,robot_2,-2.102,0.560
1789402354,691275903,598.011,robot_1,-0.883,2.344
1789402354,691330646,598.011,robot_0,-1.796,1.472
1789402354,691389843,598.011,robot_0_carried_generic_box,-1.829,1.447
1789402354,691426609,598.011,robot_1_carried_generic_box,-0.853,2.373
1789402354,926923857,598.246,robot_2,-2.138,0.563
1789402354,927008275,598.246,robot_1,-0.909,2.319
1789402354,927055422,598.246,robot_0,-1.767,1.494
1789402354,927101283,598.246,robot_0_carried_generic_box,-1.810,1.461
1789402354,927137862,598.246,robot_1_carried_generic_box,-0.870,2.357
1789402355,132438386,598.452,robot_2,-2.171,0.567
1789402355,132524194,598.452,robot_1,-0.933,2.296
1789402355,132578912,598.452,robot_0,-1.741,1.514
1789402355,132634411,598.452,robot_0_carried_generic_box,-1.789,1.477
1789402355,132669316,598.452,robot_1_carried_generic_box,-0.892,2.336
1789402355,357336898,598.677,robot_2,-2.215,0.572
1789402355,357413859,598.677,robot_1,-0.966,2.265
1789402355,357457231,598.677,robot_0,-1.705,1.541
1789402355,357499747,598.677,robot_0_carried_generic_box,-1.746,1.510
1789402355,357534133,598.677,robot_1_carried_generic_box,-0.920,2.309
1789402355,573442205,598.893,robot_2,-2.245,0.575
1789402355,573522356,598.893,robot_1,-0.987,2.244
1789402355,573563644,598.893,robot_0,-1.681,1.559
1789402355,573614091,598.893,robot_0_carried_generic_box,-1.729,1.523
1789402355,573647054,598.893,robot_1_carried_generic_box,-0.940,2.290
1789402355,774286332,599.094,robot_2,-2.275,0.578
1789402355,774364241,599.094,robot_1,-1.009,2.224
1789402355,774407569,599.094,robot_0,-1.657,1.577
1789402355,774447698,599.094,robot_0_carried_generic_box,-1.693,1.550
1789402355,774480408,599.094,robot_1_carried_generic_box,-0.970,2.261
1789402355,983820391,599.303,robot_2,-2.295,0.580
1789402355,983900043,599.303,robot_1,-1.031,2.202
1789402355,983939298,599.303,robot_0,-1.624,1.602
1789402355,983979084,599.303,robot_0_carried_generic_box,-1.664,1.572
1789402355,984011348,599.303,robot_1_carried_generic_box,-1.002,2.230
1789402356,198833710,599.518,robot_2,-2.295,0.580
1789402356,198928738,599.518,robot_1,-1.026,2.207
1789402356,198981798,599.518,robot_0,-1.606,1.616
1789402356,199028536,599.518,robot_0_carried_generic_box,-1.638,1.591
1789402356,199064625,599.518,robot_1_carried_generic_box,-1.022,2.211
1789402356,413128098,599.732,robot_2,-2.295,0.580
1789402356,413196345,599.732,robot_1,-1.025,2.208
1789402356,413238136,599.732,robot_0,-1.605,1.616
1789402356,413276407,599.733,robot_0_carried_generic_box,-1.607,1.615
1789402356,413304894,599.733,robot_1_carried_generic_box,-1.030,2.203
1789402356,617533587,599.937,robot_2,-2.295,0.581
1789402356,622439823,599.942,robot_1,-1.025,2.208
1789402356,622537319,599.942,robot_0,-1.605,1.616
1789402356,622589181,599.942,robot_0_carried_generic_box,-1.605,1.616
1789402356,622633109,599.942,robot_1_carried_generic_box,-1.025,2.208
1789402356,833032571,600.152,robot_2,-2.295,0.581
1789402356,833127919,600.152,robot_1,-1.025,2.208
1789402356,833170425,600.152,robot_0,-1.605,1.616
1789402356,833210361,600.152,robot_0_carried_generic_box,-1.605,1.616
1789402356,833237759,600.152,robot_1_carried_generic_box,-1.025,2.208
1789402357,57580110,600.382,robot_2,-2.295,0.581
1789402357,62878508,600.382,robot_1,-1.025,2.208
1789402357,62942741,600.382,robot_0,-1.605,1.616
1789402357,62984593,600.382,robot_0_carried_generic_box,-1.605,1.616
1789402357,63015416,600.382,robot_1_carried_generic_box,-1.025,2.208
