stamp_sec,stamp_nsec,elapsed_s,robot,x,y
1788225022,363116459,2.058,robot_1,0.265,2.936
1788225022,363178865,2.058,robot_0,-3.313,1.900
1788225022,363211695,2.058,robot_2,-1.889,2.435
1788225023,827050860,3.522,robot_1,0.265,2.936
1788225023,827084382,3.522,robot_0,-3.313,1.900
1788225023,827102745,3.522,robot_2,-1.889,2.435
1788225024,47051365,3.742,robot_1,0.266,2.972
1788225024,47085533,3.742,robot_0,-3.342,1.921
1788225024,47098472,3.742,robot_2,-1.925,2.437
1788225024,247437046,3.942,robot_1,0.267,3.032
1788225024,247470000,3.942,robot_0,-3.391,1.956
1788225024,247480995,3.942,robot_2,-1.985,2.440
1788225024,467042695,4.162,robot_1,0.269,3.098
1788225024,467077719,4.162,robot_0,-3.445,1.994
1788225024,467088724,4.162,robot_2,-2.051,2.443
1788225024,687182512,4.382,robot_1,0.270,3.164
1788225024,687217302,4.382,robot_0,-3.498,2.032
1788225024,687228485,4.382,robot_2,-2.117,2.446
1788225024,907189401,4.602,robot_1,0.271,3.230
1788225024,907224088,4.602,robot_0,-3.552,2.070
1788225024,907236460,4.602,robot_2,-2.183,2.449
1788225025,108450245,4.803,robot_1,0.272,3.290
1788225025,108501340,4.804,robot_0,-3.601,2.105
1788225025,108521454,4.804,robot_2,-2.243,2.452
1788225025,326922031,5.022,robot_1,0.274,3.356
1788225025,326952708,5.022,robot_0,-3.655,2.144
1788225025,326981638,5.022,robot_2,-2.309,2.455
1788225025,527190426,5.222,robot_1,0.275,3.416
1788225025,527232116,5.222,robot_0,-3.704,2.178
1788225025,527258264,5.222,robot_2,-2.369,2.457
1788225025,747414825,5.442,robot_1,0.276,3.482
1788225025,747445112,5.442,robot_0,-3.758,2.217
1788225025,747458385,5.442,robot_2,-2.435,2.460
1788225025,947526958,5.643,robot_1,0.277,3.542
1788225025,947556329,5.643,robot_0,-3.806,2.251
1788225025,947575661,5.643,robot_2,-2.495,2.463
1788225026,167421490,5.862,robot_1,0.279,3.608
1788225026,167462450,5.862,robot_0,-3.860,2.290
1788225026,167488891,5.863,robot_2,-2.560,2.466
1788225026,376972399,6.072,robot_1,0.280,3.671
1788225026,377035489,6.072,robot_0,-3.912,2.326
1788225026,377049914,6.072,robot_2,-2.623,2.469
1788225026,577020506,6.272,robot_1,0.281,3.731
1788225026,577065293,6.272,robot_0,-3.960,2.361
1788225026,577084265,6.272,robot_2,-2.683,2.472
1788225026,797035089,6.492,robot_1,0.283,3.797
1788225026,797078255,6.492,robot_0,-4.014,2.399
1788225026,797088747,6.492,robot_2,-2.749,2.475
1788225026,997476309,6.693,robot_1,0.284,3.857
1788225026,997519735,6.693,robot_0,-4.038,2.416
1788225026,997535510,6.693,robot_2,-2.809,2.478
1788225027,217133760,6.912,robot_1,0.285,3.923
1788225027,217168337,6.912,robot_0,-4.038,2.416
1788225027,217180592,6.912,robot_2,-2.875,2.481
1788225027,417418718,7.112,robot_1,0.286,3.983
1788225027,417472370,7.112,robot_0,-4.038,2.416
1788225027,417493813,7.113,robot_2,-2.935,2.484
1788225027,617676549,7.313,robot_1,0.287,4.043
1788225027,617712037,7.313,robot_0,-4.039,2.415
1788225027,617724305,7.313,robot_2,-2.995,2.487
1788225027,836942901,7.532,robot_1,0.289,4.109
1788225027,836976185,7.532,robot_0,-4.039,2.415
1788225027,836988454,7.532,robot_2,-3.061,2.490
1788225028,56890915,7.752,robot_1,0.290,4.175
1788225028,56924209,7.752,robot_0,-4.045,2.462
1788225028,56935581,7.752,robot_2,-3.127,2.493
1788225028,257408465,7.952,robot_1,0.291,4.235
1788225028,257466728,7.952,robot_0,-4.049,2.522
1788225028,257492625,7.953,robot_2,-3.143,2.493
1788225028,477000220,8.172,robot_1,0.292,4.276
1788225028,477046033,8.172,robot_0,-4.052,2.588
1788225028,477060360,8.172,robot_2,-3.143,2.493
1788225028,677634599,8.373,robot_1,0.292,4.276
1788225028,677694450,8.373,robot_0,-4.055,2.648
1788225028,677757691,8.373,robot_2,-3.143,2.493
1788225028,877853954,8.573,robot_1,0.292,4.276
1788225028,877935825,8.573,robot_0,-4.058,2.708
1788225028,877982992,8.573,robot_2,-3.143,2.493
1788225029,98193108,8.793,robot_1,0.291,4.276
1788225029,98251486,8.793,robot_0,-4.061,2.774
1788225029,98280789,8.793,robot_2,-3.143,2.493
1788225029,318058896,9.013,robot_1,0.291,4.277
1788225029,318116423,9.013,robot_0,-4.064,2.840
1788225029,318144971,9.013,robot_2,-3.143,2.494
1788225029,537866692,9.233,robot_1,0.291,4.277
1788225029,537927380,9.233,robot_0,-4.067,2.906
1788225029,537956262,9.233,robot_2,-3.143,2.494
1788225029,757329409,9.452,robot_1,0.290,4.277
1788225029,757373232,9.452,robot_0,-4.071,2.972
1788225029,757393441,9.452,robot_2,-3.144,2.494
1788225029,957592387,9.653,robot_1,0.290,4.278
1788225029,957651104,9.653,robot_0,-4.074,3.031
1788225029,957679704,9.653,robot_2,-3.144,2.494
1788225030,177181468,9.872,robot_1,0.290,4.278
1788225030,177216231,9.872,robot_0,-4.077,3.097
1788225030,177229696,9.872,robot_2,-3.144,2.495
1788225030,397734713,10.093,robot_1,0.295,4.278
1788225030,397792776,10.093,robot_0,-4.080,3.163
1788225030,397827063,10.093,robot_2,-3.144,2.495
1788225030,617029397,10.312,robot_1,0.354,4.266
1788225030,617062185,10.312,robot_0,-4.083,3.229
1788225030,617075564,10.312,robot_2,-3.145,2.495
1788225030,837469514,10.532,robot_1,0.418,4.250
1788225030,837526950,10.533,robot_0,-4.086,3.295
1788225030,837556361,10.533,robot_2,-3.145,2.495
1788225031,56848798,10.752,robot_1,0.482,4.234
1788225031,56884010,10.752,robot_0,-4.089,3.361
1788225031,56915508,10.752,robot_2,-3.145,2.495
1788225031,257465181,10.952,robot_1,0.540,4.219
1788225031,257520290,10.953,robot_0,-4.092,3.421
1788225031,257546262,10.953,robot_2,-3.146,2.495
1788225031,477664906,11.173,robot_1,0.604,4.202
1788225031,477713394,11.173,robot_0,-4.096,3.487
1788225031,477812365,11.173,robot_2,-3.146,2.495
1788225031,697149076,11.392,robot_1,0.668,4.186
1788225031,697198566,11.392,robot_0,-4.099,3.553
1788225031,697209591,11.392,robot_2,-3.146,2.494
1788225031,916907980,11.612,robot_1,0.732,4.169
1788225031,916953955,11.612,robot_0,-4.102,3.619
1788225031,916965337,11.612,robot_2,-3.147,2.494
1788225032,117154409,11.812,robot_1,0.790,4.154
1788225032,117192211,11.812,robot_0,-4.105,3.679
1788225032,117223652,11.812,robot_2,-3.147,2.494
1788225032,323144431,12.018,robot_1,0.848,4.139
1788225032,323187430,12.018,robot_0,-4.108,3.739
1788225032,323209693,12.018,robot_2,-3.147,2.494
1788225032,527578462,12.223,robot_1,0.909,4.123
1788225032,527619778,12.223,robot_0,-4.111,3.802
1788225032,527639349,12.223,robot_2,-3.147,2.493
1788225032,747069902,12.442,robot_1,0.973,4.107
1788225032,747114542,12.442,robot_0,-4.114,3.867
1788225032,747136710,12.442,robot_2,-3.107,2.488
1788225032,957849889,12.653,robot_1,1.034,4.091
1788225032,957899821,12.653,robot_0,-4.117,3.930
1788225032,957921550,12.653,robot_2,-3.044,2.480
1788225033,176902373,12.872,robot_1,1.098,4.075
1788225033,176940024,12.872,robot_0,-4.120,3.996
1788225033,176955616,12.872,robot_2,-2.979,2.471
1788225033,396751647,13.092,robot_1,1.162,4.058
1788225033,396789145,13.092,robot_0,-4.123,4.062
1788225033,396802335,13.092,robot_2,-2.913,2.463
1788225033,598061482,13.293,robot_1,1.220,4.043
1788225033,598137377,13.293,robot_0,-4.126,4.122
1788225033,598171042,13.293,robot_2,-2.854,2.455
1788225033,816891326,13.512,robot_1,1.284,4.026
1788225033,816926995,13.512,robot_0,-4.129,4.188
1788225033,816939511,13.512,robot_2,-2.788,2.447
1788225034,16917390,13.712,robot_1,1.342,4.011
1788225034,16950073,13.712,robot_0,-4.131,4.211
1788225034,16962501,13.712,robot_2,-2.729,2.439
1788225034,217033659,13.912,robot_1,1.400,3.996
1788225034,217089570,13.912,robot_0,-4.130,4.211
1788225034,217118476,13.912,robot_2,-2.669,2.431
1788225034,437349735,14.132,robot_1,1.464,3.980
1788225034,437381161,14.132,robot_0,-4.130,4.211
1788225034,437394586,14.132,robot_2,-2.604,2.423
1788225034,637563794,14.333,robot_1,1.522,3.965
1788225034,637595722,14.333,robot_0,-4.130,4.211
1788225034,637608868,14.333,robot_2,-2.544,2.415
1788225034,838203797,14.533,robot_1,1.580,3.950
1788225034,838235176,14.533,robot_0,-4.130,4.212
1788225034,838248798,14.533,robot_2,-2.485,2.407
1788225035,57381122,14.752,robot_1,1.644,3.933
1788225035,57427379,14.752,robot_0,-4.129,4.212
1788225035,57442371,14.752,robot_2,-2.420,2.399
1788225035,277135411,14.972,robot_1,1.708,3.917
1788225035,277209337,14.972,robot_0,-4.129,4.212
1788225035,277242176,14.972,robot_2,-2.354,2.390
1788225035,477816768,15.173,robot_1,1.766,3.902
1788225035,477885134,15.173,robot_0,-4.129,4.213
1788225035,477917608,15.173,robot_2,-2.295,2.383
1788225035,697220365,15.392,robot_1,1.830,3.885
1788225035,697264047,15.392,robot_0,-4.129,4.213
1788225035,697283507,15.392,robot_2,-2.229,2.374
1788225035,897536792,15.593,robot_1,1.888,3.870
1788225035,897581750,15.593,robot_0,-4.129,4.213
1788225035,897602670,15.593,robot_2,-2.170,2.367
1788225036,117149438,15.812,robot_1,1.952,3.854
1788225036,117183153,15.812,robot_0,-4.129,4.213
1788225036,117196215,15.812,robot_2,-2.104,2.358
1788225036,319046025,16.014,robot_1,2.007,3.839
1788225036,319102006,16.014,robot_0,-4.129,4.213
1788225036,319127913,16.014,robot_2,-2.048,2.351
1788225036,539107306,16.234,robot_1,2.071,3.823
1788225036,539152761,16.234,robot_0,-4.129,4.212
1788225036,539172707,16.234,robot_2,-1.982,2.342
1788225036,757437495,16.452,robot_1,2.135,3.806
1788225036,757470823,16.452,robot_0,-4.130,4.212
1788225036,757484307,16.453,robot_2,-1.917,2.334
1788225036,969289380,16.664,robot_1,2.193,3.791
1788225036,969326043,16.664,robot_0,-4.130,4.212
1788225036,969340106,16.664,robot_2,-1.857,2.326
1788225037,188931626,16.884,robot_1,2.257,3.775
1788225037,188965195,16.884,robot_0,-4.130,4.211
1788225037,188978302,16.884,robot_2,-1.792,2.318
1788225037,389329760,17.084,robot_1,2.315,3.760
1788225037,389375309,17.084,robot_0,-4.130,4.211
1788225037,389396264,17.084,robot_2,-1.732,2.310
1788225037,589581405,17.285,robot_1,2.373,3.745
1788225037,589615290,17.285,robot_0,-4.130,4.212
1788225037,589630816,17.285,robot_2,-1.673,2.302
1788225037,789676347,17.485,robot_1,2.431,3.730
1788225037,789720325,17.485,robot_0,-4.130,4.212
1788225037,789741979,17.485,robot_2,-1.613,2.294
1788225037,990075908,17.685,robot_1,2.489,3.715
1788225037,990116773,17.685,robot_0,-4.130,4.212
1788225037,990137325,17.685,robot_2,-1.554,2.287
1788225038,190286665,17.885,robot_1,2.547,3.700
1788225038,190335753,17.885,robot_0,-4.109,4.205
1788225038,190362273,17.885,robot_2,-1.494,2.279
1788225038,409483226,18.105,robot_1,2.611,3.683
1788225038,409515500,18.105,robot_0,-4.066,4.194
1788225038,409528726,18.105,robot_2,-1.429,2.270
1788225038,628998030,18.324,robot_1,2.675,3.667
1788225038,629046240,18.324,robot_0,-4.023,4.183
1788225038,629057514,18.324,robot_2,-1.363,2.262
1788225038,829755037,18.525,robot_1,2.733,3.652
1788225038,829801531,18.525,robot_0,-3.995,4.176
1788225038,829820458,18.525,robot_2,-1.304,2.254
1788225039,48947088,18.744,robot_1,2.797,3.635
1788225039,48979795,18.744,robot_0,-3.995,4.176
1788225039,48994928,18.744,robot_2,-1.238,2.246
1788225039,249329553,18.944,robot_1,2.855,3.620
1788225039,249362306,18.944,robot_0,-3.995,4.177
1788225039,249375787,18.944,robot_2,-1.179,2.238
1788225039,460056429,19.155,robot_1,2.916,3.604
1788225039,460133189,19.155,robot_0,-3.995,4.177
1788225039,460163931,19.155,robot_2,-1.116,2.230
1788225039,660280269,19.355,robot_1,2.974,3.589
1788225039,660339794,19.355,robot_0,-3.995,4.178
1788225039,660370694,19.355,robot_2,-1.057,2.222
1788225039,860875837,19.556,robot_1,3.029,3.575
1788225039,860912130,19.556,robot_0,-3.995,4.178
1788225039,860930464,19.556,robot_2,-1.000,2.215
1788225040,61049976,19.756,robot_1,3.088,3.560
1788225040,61108624,19.756,robot_0,-3.996,4.178
1788225040,61125249,19.756,robot_2,-0.941,2.207
1788225040,261058773,19.956,robot_1,3.146,3.545
1788225040,261129962,19.956,robot_0,-3.996,4.178
1788225040,261170866,19.956,robot_2,-0.881,2.200
1788225040,461339448,20.156,robot_1,3.204,3.530
1788225040,461396919,20.156,robot_0,-3.996,4.178
1788225040,461425427,20.156,robot_2,-0.822,2.192
1788225040,680341248,20.375,robot_1,3.268,3.514
1788225040,680373317,20.375,robot_0,-3.997,4.178
1788225040,680386006,20.375,robot_2,-0.756,2.183
1788225040,900190784,20.595,robot_1,3.331,3.497
1788225040,900223092,20.595,robot_0,-3.997,4.178
1788225040,900236967,20.595,robot_2,-0.691,2.175
1788225041,101192241,20.796,robot_1,3.390,3.482
1788225041,101242005,20.796,robot_0,-3.990,4.148
1788225041,101272503,20.796,robot_2,-0.631,2.167
1788225041,321561674,21.017,robot_1,3.453,3.465
1788225041,321628462,21.017,robot_0,-3.975,4.084
1788225041,321660425,21.017,robot_2,-0.566,2.159
1788225041,530308284,21.225,robot_1,3.514,3.450
1788225041,530339284,21.225,robot_0,-3.961,4.022
1788225041,530352960,21.225,robot_2,-0.504,2.151
1788225041,730479453,21.426,robot_1,3.573,3.435
1788225041,730507799,21.426,robot_0,-3.947,3.964
1788225041,730522904,21.426,robot_2,-0.444,2.143
1788225041,940806694,21.636,robot_1,3.634,3.419
1788225041,940850811,21.636,robot_0,-3.932,3.903
1788225041,940874400,21.636,robot_2,-0.382,2.135
1788225042,141381679,21.836,robot_1,3.692,3.404
1788225042,141449115,21.836,robot_0,-3.918,3.844
1788225042,141472866,21.836,robot_2,-0.322,2.127
1788225042,360340003,22.055,robot_1,3.756,3.387
1788225042,360374578,22.055,robot_0,-3.903,3.780
1788225042,360388509,22.055,robot_2,-0.257,2.119
1788225042,560646449,22.256,robot_1,3.814,3.372
1788225042,560677538,22.256,robot_0,-3.889,3.722
1788225042,560690304,22.256,robot_2,-0.197,2.111
1788225042,780391739,22.475,robot_1,3.878,3.356
1788225042,780436574,22.475,robot_0,-3.874,3.658
1788225042,780447898,22.475,robot_2,-0.132,2.102
1788225042,990304663,22.685,robot_1,3.939,3.340
1788225042,990348098,22.685,robot_0,-3.859,3.596
1788225042,990359086,22.685,robot_2,-0.069,2.094
1788225043,190683960,22.886,robot_1,3.997,3.325
1788225043,190727832,22.886,robot_0,-3.845,3.538
1788225043,190745437,22.886,robot_2,-0.010,2.087
1788225043,390717881,23.086,robot_1,4.055,3.310
1788225043,390763598,23.086,robot_0,-3.831,3.480
1788225043,390777958,23.086,robot_2,0.050,2.079
1788225043,591831647,23.287,robot_1,4.109,3.296
1788225043,591891201,23.287,robot_0,-3.817,3.421
1788225043,591922791,23.287,robot_2,0.109,2.071
1788225043,811038226,23.506,robot_1,4.115,3.295
1788225043,811080544,23.506,robot_0,-3.802,3.357
1788225043,811098233,23.506,robot_2,0.175,2.063
1788225044,11453517,23.706,robot_1,4.115,3.295
1788225044,11490470,23.707,robot_0,-3.788,3.299
1788225044,11504327,23.707,robot_2,0.234,2.055
1788225044,231172451,23.926,robot_1,4.115,3.295
1788225044,231206859,23.926,robot_0,-3.773,3.234
1788225044,231222539,23.926,robot_2,0.300,2.046
1788225044,451147030,24.146,robot_1,4.115,3.295
1788225044,451190873,24.146,robot_0,-3.758,3.170
1788225044,451211287,24.146,robot_2,0.365,2.038
1788225044,671088405,24.366,robot_1,4.116,3.296
1788225044,671125859,24.366,robot_0,-3.742,3.106
1788225044,671142669,24.366,robot_2,0.431,2.029
1788225044,871631992,24.567,robot_1,4.116,3.296
1788225044,871669596,24.567,robot_0,-3.728,3.048
1788225044,871683889,24.567,robot_2,0.490,2.022
1788225045,91314733,24.786,robot_1,4.117,3.296
1788225045,91363919,24.786,robot_0,-3.713,2.983
1788225045,91387038,24.786,robot_2,0.556,2.013
1788225045,310612570,25.006,robot_1,4.117,3.296
1788225045,310651239,25.006,robot_0,-3.698,2.919
1788225045,310664476,25.006,robot_2,0.621,2.005
1788225045,511380323,25.206,robot_1,4.117,3.296
1788225045,511440011,25.206,robot_0,-3.684,2.861
1788225045,511462491,25.206,robot_2,0.681,1.997
1788225045,731066155,25.426,robot_1,4.103,3.260
1788225045,731095197,25.426,robot_0,-3.669,2.797
1788225045,731108349,25.426,robot_2,0.746,1.989
1788225045,941458680,25.636,robot_1,4.074,3.204
1788225045,941518332,25.637,robot_0,-3.654,2.735
1788225045,941652690,25.637,robot_2,0.808,1.981
1788225046,160752936,25.856,robot_1,4.044,3.146
1788225046,160801098,25.856,robot_0,-3.639,2.671
1788225046,160820672,25.856,robot_2,0.874,1.972
1788225046,371988761,26.067,robot_1,4.016,3.093
1788225046,372028999,26.067,robot_0,-3.625,2.613
1788225046,372038483,26.067,robot_2,0.933,1.964
1788225046,573099604,26.268,robot_1,3.988,3.040
1788225046,573156181,26.268,robot_0,-3.611,2.554
1788225046,573174603,26.268,robot_2,0.993,1.957
1788225046,791660821,26.487,robot_1,3.957,2.981
1788225046,791698170,26.487,robot_0,-3.596,2.490
1788225046,791709675,26.487,robot_2,1.058,1.948
1788225047,2275924,26.697,robot_1,3.929,2.928
1788225047,2307822,26.697,robot_0,-3.582,2.432
1788225047,2316961,26.697,robot_2,1.118,1.940
1788225047,202357272,26.897,robot_1,3.901,2.875
1788225047,202391069,26.897,robot_0,-3.568,2.374
1788225047,202401328,26.897,robot_2,1.177,1.933
1788225047,413489123,27.109,robot_1,3.873,2.822
1788225047,413523481,27.109,robot_0,-3.554,2.315
1788225047,413535792,27.109,robot_2,1.237,1.925
1788225047,632746894,27.328,robot_1,3.842,2.764
1788225047,632775659,27.328,robot_0,-3.539,2.251
1788225047,632786364,27.328,robot_2,1.302,1.917
1788225047,852840020,27.548,robot_1,3.811,2.706
1788225047,852875492,27.548,robot_0,-3.523,2.187
1788225047,852887969,27.548,robot_2,1.368,1.908
1788225048,64997694,27.760,robot_1,3.783,2.652
1788225048,65062661,27.760,robot_0,-3.509,2.128
1788225048,65086318,27.760,robot_2,1.427,1.900
1788225048,283920059,27.979,robot_1,3.752,2.594
1788225048,283956120,27.979,robot_0,-3.494,2.064
1788225048,283969960,27.979,robot_2,1.493,1.892
1788225048,485056139,28.180,robot_1,3.725,2.544
1788225048,485086205,28.180,robot_0,-3.481,2.009
1788225048,485096523,28.180,robot_2,1.549,1.885
1788225048,685568623,28.381,robot_1,3.697,2.491
1788225048,685599661,28.381,robot_0,-3.467,1.950
1788225048,685610285,28.381,robot_2,1.609,1.877
1788225048,915473129,28.611,robot_1,3.667,2.432
1788225048,915533175,28.611,robot_0,-3.452,1.886
1788225048,915556579,28.611,robot_2,1.674,1.868
1788225049,135075269,28.830,robot_1,3.634,2.371
1788225049,135107804,28.830,robot_0,-3.436,1.819
1788225049,135123326,28.830,robot_2,1.743,1.859
1788225049,355678405,29.051,robot_1,3.604,2.313
1788225049,355734028,29.051,robot_0,-3.420,1.755
1788225049,355747530,29.051,robot_2,1.808,1.851
1788225049,568293666,29.263,robot_1,3.575,2.260
1788225049,568348834,29.263,robot_0,-3.406,1.696
1788225049,568376355,29.263,robot_2,1.868,1.843
1788225049,788376080,29.483,robot_1,3.545,2.202
1788225049,788413613,29.483,robot_0,-3.391,1.632
1788225049,788426669,29.483,robot_2,1.933,1.835
1788225050,519680,29.696,robot_1,3.517,2.148
1788225050,587849,29.696,robot_0,-3.377,1.574
1788225050,609708,29.696,robot_2,1.993,1.827
1788225050,219457421,29.914,robot_1,3.486,2.090
1788225050,219487990,29.915,robot_0,-3.362,1.510
1788225050,219500348,29.915,robot_2,2.058,1.819
1788225050,419694802,30.115,robot_1,3.458,2.037
1788225050,419728965,30.115,robot_0,-3.348,1.451
1788225050,419742081,30.115,robot_2,2.118,1.811
1788225050,620413037,30.315,robot_1,3.430,1.984
1788225050,620445670,30.315,robot_0,-3.334,1.393
1788225050,620456511,30.315,robot_2,2.177,1.803
1788225050,839883208,30.535,robot_1,3.399,1.926
1788225050,839931949,30.535,robot_0,-3.319,1.329
1788225050,839977408,30.535,robot_2,2.242,1.795
1788225051,49601592,30.745,robot_1,3.369,1.870
1788225051,49633116,30.745,robot_0,-3.304,1.267
1788225051,49645824,30.745,robot_2,2.305,1.787
1788225051,250034175,30.945,robot_1,3.341,1.817
1788225051,250065576,30.945,robot_0,-3.290,1.209
1788225051,250085507,30.945,robot_2,2.364,1.779
1788225051,469360431,31.164,robot_1,3.311,1.759
1788225051,469392649,31.164,robot_0,-3.275,1.145
1788225051,469404911,31.164,robot_2,2.430,1.770
1788225051,689624486,31.385,robot_1,3.280,1.700
1788225051,689657328,31.385,robot_0,-3.260,1.081
1788225051,689668992,31.385,robot_2,2.495,1.762
1788225051,909611854,31.605,robot_1,3.249,1.642
1788225051,909642649,31.605,robot_0,-3.244,1.016
1788225051,909654160,31.605,robot_2,2.533,1.757
1788225052,120360192,31.815,robot_1,3.219,1.586
1788225052,120405999,31.815,robot_0,-3.230,0.955
1788225052,120429518,31.815,robot_2,2.533,1.757
1788225052,320549472,32.016,robot_1,3.191,1.533
1788225052,320599934,32.016,robot_0,-3.216,0.897
1788225052,320626268,32.016,robot_2,2.533,1.758
1788225052,539630662,32.235,robot_1,3.161,1.475
1788225052,539663517,32.235,robot_0,-3.201,0.833
1788225052,539677108,32.235,robot_2,2.533,1.758
1788225052,759605226,32.455,robot_1,3.130,1.416
1788225052,759637271,32.455,robot_0,-3.185,0.768
1788225052,759649605,32.455,robot_2,2.533,1.758
1788225052,971265838,32.666,robot_1,3.102,1.363
1788225052,971301824,32.666,robot_0,-3.171,0.710
1788225052,971316715,32.666,robot_2,2.533,1.758
1788225053,190970103,32.886,robot_1,3.071,1.305
1788225053,191036854,32.886,robot_0,-3.156,0.646
1788225053,191052099,32.886,robot_2,2.533,1.758
1788225053,391389833,33.086,robot_1,3.043,1.252
1788225053,391439672,33.086,robot_0,-3.142,0.588
1788225053,391460821,33.086,robot_2,2.533,1.758
1788225053,600716433,33.296,robot_1,3.013,1.196
1788225053,600749149,33.296,robot_0,-3.128,0.526
1788225053,600760100,33.296,robot_2,2.533,1.757
1788225053,820944381,33.516,robot_1,2.983,1.138
1788225053,820973168,33.516,robot_0,-3.112,0.462
1788225053,820984557,33.516,robot_2,2.533,1.757
1788225054,40569790,33.736,robot_1,2.952,1.080
1788225054,40605456,33.736,robot_0,-3.097,0.398
1788225054,40616452,33.736,robot_2,2.533,1.757
1788225054,241163981,33.936,robot_1,2.924,1.026
1788225054,241200571,33.936,robot_0,-3.083,0.339
1788225054,241240366,33.936,robot_2,2.533,1.756
1788225054,460940884,34.156,robot_1,2.893,0.968
1788225054,460982719,34.156,robot_0,-3.068,0.275
1788225054,461000868,34.156,robot_2,2.534,1.756
1788225054,662103826,34.357,robot_1,2.865,0.915
1788225054,662157800,34.357,robot_0,-3.054,0.217
1788225054,662184667,34.357,robot_2,2.534,1.756
1788225054,880744421,34.576,robot_1,2.834,0.857
1788225054,880784626,34.576,robot_0,-3.039,0.153
1788225054,880800660,34.576,robot_2,2.534,1.756
1788225055,81221424,34.776,robot_1,2.806,0.804
1788225055,81267378,34.776,robot_0,-3.025,0.094
1788225055,81287142,34.776,robot_2,2.534,1.755
1788225055,281739345,34.977,robot_1,2.778,0.751
1788225055,281795905,34.977,robot_0,-3.011,0.036
1788225055,281822560,34.977,robot_2,2.535,1.755
1788225055,501891632,35.197,robot_1,2.747,0.692
1788225055,501957761,35.197,robot_0,-2.996,-0.028
1788225055,501987586,35.197,robot_2,2.535,1.755
1788225055,721322245,35.416,robot_1,2.716,0.634
1788225055,721370538,35.416,robot_0,-2.980,-0.092
1788225055,721396454,35.416,robot_2,2.535,1.755
1788225055,937577888,35.633,robot_1,2.687,0.578
1788225055,937617860,35.633,robot_0,-2.966,-0.154
1788225055,937631717,35.633,robot_2,2.536,1.756
1788225056,140613764,35.836,robot_1,2.657,0.523
1788225056,140646565,35.836,robot_0,-2.951,-0.215
1788225056,140660243,35.836,robot_2,2.536,1.756
1788225056,340914379,36.036,robot_1,2.629,0.469
1788225056,340942771,36.036,robot_0,-2.937,-0.273
1788225056,340956256,36.036,robot_2,2.536,1.756
1788225056,544422802,36.239,robot_1,2.603,0.419
1788225056,544453628,36.239,robot_0,-2.924,-0.329
1788225056,544467397,36.239,robot_2,2.537,1.756
1788225056,744760572,36.440,robot_1,2.575,0.366
1788225056,744793848,36.440,robot_0,-2.910,-0.387
1788225056,744809060,36.440,robot_2,2.527,1.762
1788225056,945168440,36.640,robot_1,2.547,0.313
1788225056,945236565,36.640,robot_0,-2.896,-0.446
1788225056,945258270,36.640,robot_2,2.477,1.795
1788225057,145436375,36.840,robot_1,2.519,0.260
1788225057,145480508,36.841,robot_0,-2.882,-0.504
1788225057,145499527,36.841,robot_2,2.427,1.827
1788225057,364579878,37.060,robot_1,2.488,0.202
1788225057,364610103,37.060,robot_0,-2.867,-0.568
1788225057,364620730,37.060,robot_2,2.372,1.863
1788225057,564608205,37.260,robot_1,2.460,0.149
1788225057,564642310,37.260,robot_0,-2.853,-0.627
1788225057,564655730,37.260,robot_2,2.321,1.896
1788225057,765026651,37.460,robot_1,2.432,0.095
1788225057,765072904,37.460,robot_0,-2.839,-0.685
1788225057,765102541,37.460,robot_2,2.271,1.928
1788225057,971729558,37.667,robot_1,2.404,0.042
1788225057,971762928,37.667,robot_0,-2.825,-0.743
1788225057,971777876,37.667,robot_2,2.220,1.961
1788225058,175648373,37.871,robot_1,2.374,-0.013
1788225058,175684410,37.871,robot_0,-2.811,-0.805
1788225058,175700661,37.871,robot_2,2.168,1.995
1788225058,394935225,38.090,robot_1,2.343,-0.072
1788225058,394986205,38.090,robot_0,-2.795,-0.869
1788225058,394998365,38.090,robot_2,2.112,2.031
1788225058,605538933,38.301,robot_1,2.314,-0.127
1788225058,605597142,38.301,robot_0,-2.781,-0.930
1788225058,605622465,38.301,robot_2,2.059,2.065
1788225058,824693471,38.520,robot_1,2.283,-0.186
1788225058,824726575,38.520,robot_0,-2.765,-0.994
1788225058,824739043,38.520,robot_2,2.004,2.101
1788225059,24760033,38.720,robot_1,2.255,-0.239
1788225059,24792842,38.720,robot_0,-2.752,-1.053
1788225059,24805584,38.720,robot_2,1.953,2.133
1788225059,225023392,38.920,robot_1,2.227,-0.292
1788225059,225054053,38.920,robot_0,-2.738,-1.111
1788225059,225066503,38.920,robot_2,1.903,2.166
1788225059,456932666,39.152,robot_1,2.196,-0.350
1788225059,456972819,39.152,robot_0,-2.722,-1.175
1788225059,456985988,39.152,robot_2,1.847,2.202
1788225059,675872986,39.371,robot_1,2.165,-0.408
1788225059,675911668,39.371,robot_0,-2.707,-1.239
1788225059,675928080,39.371,robot_2,1.792,2.237
1788225059,896030371,39.591,robot_1,2.135,-0.467
1788225059,896061727,39.591,robot_0,-2.692,-1.304
1788225059,896073762,39.591,robot_2,1.737,2.273
1788225060,105666728,39.801,robot_1,2.105,-0.523
1788225060,105703852,39.801,robot_0,-2.677,-1.365
1788225060,105717568,39.801,robot_2,1.684,2.307
1788225060,325907926,40.021,robot_1,2.074,-0.581
1788225060,325939394,40.021,robot_0,-2.662,-1.429
1788225060,325950398,40.021,robot_2,1.628,2.343
1788225060,545438839,40.240,robot_1,2.044,-0.639
1788225060,545468672,40.240,robot_0,-2.647,-1.493
1788225060,545480437,40.240,robot_2,1.573,2.379
1788225060,745963936,40.441,robot_1,2.016,-0.692
1788225060,746030749,40.441,robot_0,-2.633,-1.552
1788225060,746041547,40.441,robot_2,1.522,2.412
1788225060,946269316,40.641,robot_1,1.987,-0.745
1788225060,946302126,40.641,robot_0,-2.619,-1.610
1788225060,946312173,40.641,robot_2,1.472,2.444
1788225061,166324542,40.861,robot_1,1.957,-0.804
1788225061,166395206,40.861,robot_0,-2.604,-1.674
1788225061,166438776,40.861,robot_2,1.417,2.480
1788225061,386326653,41.081,robot_1,1.926,-0.862
1788225061,386384365,41.081,robot_0,-2.588,-1.738
1788225061,386414897,41.081,robot_2,1.361,2.516
1788225061,586883939,41.282,robot_1,1.898,-0.915
1788225061,586939304,41.282,robot_0,-2.574,-1.797
1788225061,586963113,41.282,robot_2,1.311,2.548
1788225061,805334354,41.500,robot_1,1.867,-0.973
1788225061,805365795,41.500,robot_0,-2.559,-1.861
1788225061,805376014,41.500,robot_2,1.255,2.584
1788225062,15621577,41.711,robot_1,1.838,-1.029
1788225062,15658810,41.711,robot_0,-2.544,-1.922
1788225062,15672472,41.711,robot_2,1.202,2.618
1788225062,216355973,41.911,robot_1,1.809,-1.082
1788225062,216389032,41.911,robot_0,-2.531,-1.981
1788225062,216401014,41.911,robot_2,1.152,2.651
1788225062,436360012,42.131,robot_1,1.779,-1.141
1788225062,436403583,42.131,robot_0,-2.515,-2.045
1788225062,436416756,42.131,robot_2,1.097,2.687
1788225062,655783459,42.351,robot_1,1.748,-1.199
1788225062,655823345,42.351,robot_0,-2.500,-2.109
1788225062,655839033,42.351,robot_2,1.041,2.723
1788225062,856160660,42.551,robot_1,1.720,-1.252
1788225062,856194797,42.551,robot_0,-2.486,-2.167
1788225062,856206611,42.551,robot_2,0.991,2.755
1788225063,66635820,42.762,robot_1,1.692,-1.305
1788225063,66693024,42.762,robot_0,-2.472,-2.226
1788225063,66715956,42.762,robot_2,0.940,2.788
1788225063,285812464,42.981,robot_1,1.661,-1.363
1788225063,285855811,42.981,robot_0,-2.457,-2.290
1788225063,285870837,42.981,robot_2,0.885,2.823
1788225063,497032351,43.192,robot_1,1.631,-1.419
1788225063,497083577,43.192,robot_0,-2.442,-2.351
1788225063,497107306,43.192,robot_2,0.832,2.858
1788225063,717087472,43.412,robot_1,1.601,-1.477
1788225063,717136501,43.412,robot_0,-2.427,-2.415
1788225063,717162825,43.412,robot_2,0.776,2.893
1788225063,917159880,43.612,robot_1,1.573,-1.530
1788225063,917198235,43.612,robot_0,-2.413,-2.474
1788225063,917214334,43.612,robot_2,0.726,2.926
1788225064,137105334,43.832,robot_1,1.542,-1.589
1788225064,137139709,43.832,robot_0,-2.398,-2.538
1788225064,137149727,43.832,robot_2,0.671,2.962
1788225064,356428144,44.051,robot_1,1.511,-1.647
1788225064,356474652,44.051,robot_0,-2.382,-2.602
1788225064,356486528,44.052,robot_2,0.615,2.998
1788225064,556553211,44.252,robot_1,1.483,-1.700
1788225064,556605584,44.252,robot_0,-2.369,-2.661
1788225064,556646565,44.252,robot_2,0.565,3.030
1788225064,756680357,44.452,robot_1,1.455,-1.753
1788225064,756725512,44.452,robot_0,-2.355,-2.719
1788225064,756758833,44.452,robot_2,0.514,3.063
1788225064,983109798,44.678,robot_1,1.424,-1.812
1788225064,983177497,44.678,robot_0,-2.339,-2.783
1788225064,983212735,44.678,robot_2,0.459,3.099
1788225065,186363319,44.881,robot_1,1.395,-1.867
1788225065,186395924,44.881,robot_0,-2.325,-2.844
1788225065,186409905,44.881,robot_2,0.406,3.133
1788225065,386401415,45.081,robot_1,1.367,-1.920
1788225065,386434110,45.081,robot_0,-2.311,-2.903
1788225065,386455100,45.081,robot_2,0.356,3.165
1788225065,605812611,45.301,robot_1,1.336,-1.979
1788225065,605859496,45.301,robot_0,-2.296,-2.967
1788225065,605870672,45.301,robot_2,0.300,3.201
1788225065,805827341,45.501,robot_1,1.308,-2.032
1788225065,805858400,45.501,robot_0,-2.282,-3.025
1788225065,805869978,45.501,robot_2,0.250,3.234
1788225066,16218393,45.711,robot_1,1.278,-2.087
1788225066,16258187,45.711,robot_0,-2.267,-3.087
1788225066,16275704,45.711,robot_2,0.197,3.268
1788225066,216728754,45.912,robot_1,1.250,-2.141
1788225066,216782934,45.912,robot_0,-2.253,-3.145
1788225066,216808173,45.912,robot_2,0.147,3.300
1788225066,436322067,46.131,robot_1,1.219,-2.199
1788225066,436375185,46.131,robot_0,-2.238,-3.209
1788225066,436401446,46.131,robot_2,0.091,3.336
1788225066,636735800,46.332,robot_1,1.191,-2.252
1788225066,636802999,46.332,robot_0,-2.224,-3.268
1788225066,636836874,46.332,robot_2,0.041,3.369
1788225066,857291430,46.552,robot_1,1.161,-2.310
1788225066,857346349,46.552,robot_0,-2.209,-3.332
1788225066,857366462,46.552,robot_2,-0.015,3.405
1788225067,57321057,46.752,robot_1,1.133,-2.363
1788225067,57372462,46.752,robot_0,-2.195,-3.390
1788225067,57394232,46.752,robot_2,-0.065,3.437
1788225067,276336868,46.971,robot_1,1.102,-2.422
1788225067,276373227,46.971,robot_0,-2.179,-3.454
1788225067,276385845,46.971,robot_2,-0.121,3.473
1788225067,476989635,47.172,robot_1,1.074,-2.475
1788225067,477042066,47.172,robot_0,-2.166,-3.513
1788225067,477062022,47.172,robot_2,-0.171,3.506
1788225067,696999347,47.392,robot_1,1.043,-2.533
1788225067,697075422,47.392,robot_0,-2.150,-3.577
1788225067,697109268,47.392,robot_2,-0.226,3.541
1788225067,916246724,47.611,robot_1,1.012,-2.591
1788225067,916285086,47.611,robot_0,-2.135,-3.641
1788225067,916315981,47.611,robot_2,-0.282,3.577
1788225068,116377478,47.811,robot_1,0.984,-2.645
1788225068,116467797,47.811,robot_0,-2.121,-3.700
1788225068,116505318,47.812,robot_2,-0.332,3.610
1788225068,317090675,48.012,robot_1,0.956,-2.698
1788225068,317146167,48.012,robot_0,-2.107,-3.758
1788225068,317173055,48.012,robot_2,-0.383,3.642
1788225068,527297545,48.222,robot_1,0.926,-2.753
1788225068,527335495,48.222,robot_0,-2.093,-3.819
1788225068,527352310,48.222,robot_2,-0.436,3.676
1788225068,746584675,48.442,robot_1,0.896,-2.812
1788225068,746641296,48.442,robot_0,-2.077,-3.883
1788225068,746668994,48.442,robot_2,-0.491,3.712
1788225068,946842308,48.642,robot_1,0.868,-2.865
1788225068,946900575,48.642,robot_0,-2.063,-3.942
1788225068,946927169,48.642,robot_2,-0.541,3.745
1788225069,166493231,48.862,robot_1,0.837,-2.923
1788225069,166533597,48.862,robot_0,-2.048,-4.006
1788225069,166549915,48.862,robot_2,-0.597,3.781
1788225069,366873066,49.062,robot_1,0.809,-2.976
1788225069,366917515,49.062,robot_0,-2.034,-4.064
1788225069,366936213,49.062,robot_2,-0.647,3.813
1788225069,576188677,49.271,robot_1,0.779,-3.032
1788225069,576229939,49.271,robot_0,-2.020,-4.126
1788225069,576247106,49.271,robot_2,-0.700,3.847
1788225069,776502271,49.472,robot_1,0.751,-3.085
1788225069,776541318,49.472,robot_0,-2.006,-4.182
1788225069,776557773,49.472,robot_2,-0.751,3.880
1788225069,976878258,49.672,robot_1,0.725,-3.135
1788225069,976937285,49.672,robot_0,-2.005,-4.189
1788225069,976964443,49.672,robot_2,-0.798,3.911
1788225070,177305586,49.872,robot_1,0.695,-3.191
1788225070,177360872,49.872,robot_0,-2.005,-4.189
1788225070,177386304,49.872,robot_2,-0.851,3.945
1788225070,397780979,50.093,robot_1,0.664,-3.249
1788225070,397825573,50.093,robot_0,-2.005,-4.189
1788225070,397842665,50.093,robot_2,-0.907,3.981
1788225070,616798696,50.312,robot_1,0.634,-3.308
1788225070,616842840,50.312,robot_0,-2.005,-4.189
1788225070,616864782,50.312,robot_2,-0.962,4.017
1788225070,817052896,50.512,robot_1,0.606,-3.361
1788225070,817106372,50.512,robot_0,-2.005,-4.190
1788225070,817137105,50.512,robot_2,-1.008,4.046
1788225071,35924408,50.731,robot_1,0.575,-3.419
1788225071,35952578,50.731,robot_0,-2.006,-4.190
1788225071,35966535,50.731,robot_2,-1.012,4.049
1788225071,236328873,50.931,robot_1,0.547,-3.472
1788225071,236373177,50.931,robot_0,-2.006,-4.190
1788225071,236399365,50.931,robot_2,-1.012,4.049
1788225071,456033176,51.151,robot_1,0.516,-3.530
1788225071,456065888,51.151,robot_0,-2.006,-4.191
1788225071,456079975,51.151,robot_2,-1.012,4.049
1788225071,656215533,51.351,robot_1,0.488,-3.583
1788225071,656246044,51.351,robot_0,-1.991,-4.188
1788225071,656258759,51.351,robot_2,-1.024,4.049
1788225071,856983042,51.552,robot_1,0.460,-3.637
1788225071,857037985,51.552,robot_0,-1.934,-4.174
1788225071,857065745,51.552,robot_2,-1.082,4.043
1788225072,65866295,51.761,robot_1,0.430,-3.692
1788225072,65907481,51.761,robot_0,-1.873,-4.155
1788225072,65918768,51.761,robot_2,-1.145,4.034
1788225072,267136333,51.962,robot_1,0.402,-3.745
1788225072,267187291,51.962,robot_0,-1.816,-4.138
1788225072,267214104,51.962,robot_2,-1.204,4.025
1788225072,476126785,52.171,robot_1,0.374,-3.798
1788225072,476166547,52.171,robot_0,-1.759,-4.120
1788225072,476182289,52.171,robot_2,-1.263,4.016
1788225072,676565079,52.372,robot_1,0.345,-3.854
1788225072,676611890,52.372,robot_0,-1.698,-4.102
1788225072,676624628,52.372,robot_2,-1.326,4.006
1788225072,896602161,52.592,robot_1,0.314,-3.912
1788225072,896651013,52.592,robot_0,-1.635,-4.083
1788225072,896663069,52.592,robot_2,-1.391,3.996
1788225073,98448906,52.793,robot_1,0.287,-3.963
1788225073,98532794,52.794,robot_0,-1.581,-4.066
1788225073,98572074,52.794,robot_2,-1.447,3.988
1788225073,298720688,52.994,robot_1,0.259,-4.016
1788225073,298777483,52.994,robot_0,-1.523,-4.048
1788225073,298800850,52.994,robot_2,-1.507,3.979
1788225073,517861215,53.213,robot_1,0.228,-4.074
1788225073,517905657,53.213,robot_0,-1.460,-4.029
1788225073,517921916,53.213,robot_2,-1.572,3.969
1788225073,737494190,53.433,robot_1,0.198,-4.133
1788225073,737541279,53.433,robot_0,-1.397,-4.010
1788225073,737561590,53.433,robot_2,-1.637,3.959
1788225073,957972517,53.653,robot_1,0.190,-4.148
1788225073,958054820,53.653,robot_0,-1.334,-3.991
1788225073,958086460,53.653,robot_2,-1.702,3.949
1788225074,167154175,53.862,robot_1,0.190,-4.148
1788225074,167189320,53.862,robot_0,-1.274,-3.972
1788225074,167202849,53.862,robot_2,-1.765,3.940
1788225074,367852830,54.063,robot_1,0.190,-4.148
1788225074,367884235,54.063,robot_0,-1.216,-3.955
1788225074,367896245,54.063,robot_2,-1.824,3.931
1788225074,589015253,54.284,robot_1,0.190,-4.148
1788225074,589083770,54.284,robot_0,-1.153,-3.935
1788225074,589112811,54.284,robot_2,-1.889,3.921
1788225074,807240829,54.502,robot_1,0.191,-4.149
1788225074,807272815,54.502,robot_0,-1.090,-3.916
1788225074,807284943,54.502,robot_2,-1.954,3.911
1788225075,17245726,54.712,robot_1,0.191,-4.149
1788225075,17279875,54.712,robot_0,-1.030,-3.898
1788225075,17292397,54.712,robot_2,-2.017,3.901
1788225075,217691774,54.913,robot_1,0.182,-4.149
1788225075,217724539,54.913,robot_0,-0.972,-3.880
1788225075,217737292,54.913,robot_2,-2.076,3.892
1788225075,438052584,55.133,robot_1,0.120,-4.141
1788225075,438083866,55.133,robot_0,-0.909,-3.861
1788225075,438097691,55.133,robot_2,-2.141,3.882
1788225075,657262950,55.352,robot_1,0.055,-4.130
1788225075,657294299,55.352,robot_0,-0.846,-3.842
1788225075,657306435,55.352,robot_2,-2.207,3.872
1788225075,858572111,55.554,robot_1,0.015,-4.122
1788225075,858628948,55.554,robot_0,-0.807,-3.830
1788225075,858656433,55.554,robot_2,-2.266,3.863
1788225076,67294830,55.762,robot_1,0.015,-4.122
1788225076,67343230,55.762,robot_0,-0.807,-3.830
1788225076,67365559,55.762,robot_2,-2.328,3.854
1788225076,267966233,55.963,robot_1,0.015,-4.122
1788225076,268001755,55.963,robot_0,-0.807,-3.830
1788225076,268021020,55.963,robot_2,-2.387,3.845
1788225076,487000507,56.182,robot_1,0.015,-4.122
1788225076,487039677,56.182,robot_0,-0.807,-3.830
1788225076,487052569,56.182,robot_2,-2.450,3.835
1788225076,688488113,56.384,robot_1,0.015,-4.122
1788225076,688520992,56.384,robot_0,-0.790,-3.809
1788225076,688533810,56.384,robot_2,-2.512,3.826
1788225076,908041737,56.603,robot_1,0.015,-4.122
1788225076,908099053,56.603,robot_0,-0.754,-3.754
1788225076,908123980,56.603,robot_2,-2.577,3.816
1788225077,108613631,56.804,robot_1,0.015,-4.122
1788225077,108665782,56.804,robot_0,-0.723,-3.703
1788225077,108689675,56.804,robot_2,-2.637,3.807
1788225077,327281395,57.022,robot_1,0.015,-4.122
1788225077,327322660,57.022,robot_0,-0.689,-3.647
1788225077,327344886,57.022,robot_2,-2.702,3.797
1788225077,547436404,57.242,robot_1,0.015,-4.121
1788225077,547473940,57.242,robot_0,-0.654,-3.591
1788225077,547487304,57.243,robot_2,-2.767,3.787
1788225077,747645631,57.443,robot_1,0.015,-4.121
1788225077,747679510,57.443,robot_0,-0.623,-3.540
1788225077,747690294,57.443,robot_2,-2.826,3.778
1788225077,967430262,57.662,robot_1,0.014,-4.121
1788225077,967464327,57.662,robot_0,-0.588,-3.483
1788225077,967473421,57.662,robot_2,-2.892,3.768
1788225078,167549189,57.863,robot_1,0.014,-4.121
1788225078,167581159,57.863,robot_0,-0.557,-3.432
1788225078,167590210,57.863,robot_2,-2.951,3.759
1788225078,386964738,58.082,robot_1,0.014,-4.121
1788225078,386996123,58.082,robot_0,-0.522,-3.376
1788225078,387005635,58.082,robot_2,-3.016,3.749
1788225078,587287462,58.282,robot_1,0.013,-4.121
1788225078,587326589,58.282,robot_0,-0.491,-3.325
1788225078,587353039,58.282,robot_2,-3.076,3.740
1788225078,808133217,58.503,robot_1,0.013,-4.121
1788225078,808188572,58.503,robot_0,-0.457,-3.268
1788225078,808211960,58.503,robot_2,-3.141,3.730
1788225079,27961907,58.723,robot_1,0.013,-4.121
1788225079,27995979,58.723,robot_0,-0.422,-3.212
1788225079,28013965,58.723,robot_2,-3.206,3.720
1788225079,247480646,58.943,robot_1,0.012,-4.121
1788225079,247514662,58.943,robot_0,-0.388,-3.156
1788225079,247527212,58.943,robot_2,-3.271,3.710
1788225079,447586736,59.143,robot_1,0.012,-4.121
1788225079,447638074,59.143,robot_0,-0.356,-3.105
1788225079,447661535,59.143,robot_2,-3.331,3.701
1788225079,648077726,59.343,robot_1,0.012,-4.121
1788225079,648113851,59.343,robot_0,-0.325,-3.054
1788225079,648127607,59.343,robot_2,-3.390,3.692
1788225079,848240192,59.543,robot_1,0.012,-4.121
1788225079,848279789,59.543,robot_0,-0.294,-3.002
1788225079,848296966,59.543,robot_2,-3.449,3.683
1788225080,48341264,59.743,robot_1,0.012,-4.122
1788225080,48405005,59.743,robot_0,-0.262,-2.951
1788225080,48439324,59.743,robot_2,-3.509,3.674
1788225080,267613870,59.963,robot_1,0.011,-4.122
1788225080,267648688,59.963,robot_0,-0.228,-2.895
1788225080,267662709,59.963,robot_2,-3.574,3.664
1788225080,487344738,60.182,robot_1,0.011,-4.122
1788225080,487376700,60.182,robot_0,-0.193,-2.839
1788225080,487388853,60.182,robot_2,-3.639,3.654
1788225080,708609161,60.404,robot_1,0.018,-4.122
1788225080,708643546,60.404,robot_0,-0.159,-2.782
1788225080,708655815,60.404,robot_2,-3.704,3.644
1788225080,927788435,60.623,robot_1,0.079,-4.118
1788225080,927824678,60.623,robot_0,-0.124,-2.726
1788225080,927841365,60.623,robot_2,-3.770,3.634
1788225081,127792149,60.823,robot_1,0.139,-4.111
1788225081,127823584,60.823,robot_0,-0.093,-2.675
1788225081,127836239,60.823,robot_2,-3.829,3.625
1788225081,348351562,61.043,robot_1,0.204,-4.102
1788225081,348407574,61.043,robot_0,-0.058,-2.619
1788225081,348431640,61.043,robot_2,-3.894,3.615
1788225081,567497014,61.263,robot_1,0.270,-4.094
1788225081,567534919,61.263,robot_0,-0.024,-2.562
1788225081,567549387,61.263,robot_2,-3.959,3.605
1788225081,768139984,61.463,robot_1,0.329,-4.086
1788225081,768184909,61.463,robot_0,0.007,-2.511
1788225081,768201823,61.463,robot_2,-4.019,3.596
1788225081,988275930,61.683,robot_1,0.395,-4.078
1788225081,988304663,61.683,robot_0,0.042,-2.455
1788225081,988316100,61.683,robot_2,-4.084,3.586
1788225082,208432132,61.903,robot_1,0.460,-4.070
1788225082,208482128,61.904,robot_0,0.076,-2.399
1788225082,208504571,61.904,robot_2,-4.121,3.581
1788225082,427678996,62.123,robot_1,0.526,-4.061
1788225082,427708367,62.123,robot_0,0.111,-2.342
1788225082,427728934,62.123,robot_2,-4.121,3.581
1788225082,627932383,62.323,robot_1,0.585,-4.054
1788225082,627982785,62.323,robot_0,0.142,-2.291
1788225082,628014600,62.323,robot_2,-4.122,3.581
1788225082,847165561,62.542,robot_1,0.651,-4.045
1788225082,847224168,62.542,robot_0,0.177,-2.235
1788225082,847238428,62.542,robot_2,-4.122,3.581
1788225083,47529815,62.743,robot_1,0.710,-4.038
1788225083,47575052,62.743,robot_0,0.208,-2.184
1788225083,47596528,62.743,robot_2,-4.122,3.582
1788225083,247932256,62.943,robot_1,0.770,-4.030
1788225083,247985463,62.943,robot_0,0.239,-2.133
1788225083,248015683,62.943,robot_2,-4.122,3.582
1788225083,448441351,63.143,robot_1,0.829,-4.022
1788225083,448493703,63.144,robot_0,0.271,-2.082
1788225083,448510994,63.144,robot_2,-4.123,3.582
1788225083,667804143,63.363,robot_1,0.895,-4.014
1788225083,667836198,63.363,robot_0,0.305,-2.025
1788225083,667848371,63.363,robot_2,-4.123,3.582
1788225083,887188034,63.582,robot_1,0.960,-4.006
1788225083,887221889,63.582,robot_0,0.340,-1.969
1788225083,887235334,63.582,robot_2,-4.123,3.582
1788225084,87509533,63.783,robot_1,1.020,-3.998
1788225084,87546733,63.783,robot_0,0.371,-1.918
1788225084,87559580,63.783,robot_2,-4.123,3.581
1788225084,308004966,64.003,robot_1,1.085,-3.990
1788225084,308114976,64.003,robot_0,0.406,-1.862
1788225084,308134647,64.003,robot_2,-4.106,3.529
1788225084,527176076,64.222,robot_1,1.151,-3.981
1788225084,527204624,64.222,robot_0,0.440,-1.805
1788225084,527215757,64.222,robot_2,-4.082,3.467
1788225084,727373493,64.422,robot_1,1.210,-3.974
1788225084,727423584,64.422,robot_0,0.471,-1.754
1788225084,727440026,64.422,robot_2,-4.060,3.412
1788225084,948527777,64.644,robot_1,1.276,-3.965
1788225084,948587107,64.644,robot_0,0.506,-1.698
1788225084,948611156,64.644,robot_2,-4.035,3.350
1788225085,157976857,64.853,robot_1,1.335,-3.958
1788225085,158031115,64.853,robot_0,0.537,-1.647
1788225085,158053080,64.853,robot_2,-4.012,3.295
1788225085,358466551,65.053,robot_1,1.395,-3.950
1788225085,358518692,65.054,robot_0,0.569,-1.596
1788225085,358539975,65.054,robot_2,-3.990,3.239
1788225085,577817380,65.273,robot_1,1.460,-3.942
1788225085,577850349,65.273,robot_0,0.603,-1.539
1788225085,577861827,65.273,robot_2,-3.965,3.178
1788225085,778323689,65.473,robot_1,1.520,-3.934
1788225085,778374307,65.473,robot_0,0.634,-1.488
1788225085,778395750,65.473,robot_2,-3.943,3.122
1788225086,444549,65.695,robot_1,1.582,-3.926
1788225086,486162,65.696,robot_0,0.667,-1.434
1788225086,516666,65.696,robot_2,-3.919,3.064
1788225086,219913917,65.915,robot_1,1.648,-3.918
1788225086,220003412,65.915,robot_0,0.702,-1.378
1788225086,220038223,65.915,robot_2,-3.894,3.003
1788225086,439217102,66.134,robot_1,1.713,-3.909
1788225086,439259039,66.134,robot_0,0.736,-1.322
1788225086,439276696,66.134,robot_2,-3.869,2.942
1788225086,651564186,66.347,robot_1,1.773,-3.902
1788225086,651604992,66.347,robot_0,0.768,-1.271
1788225086,651622910,66.347,robot_2,-3.847,2.886
1788225086,871480766,66.567,robot_1,1.838,-3.893
1788225086,871518542,66.567,robot_0,0.802,-1.214
1788225086,871534312,66.567,robot_2,-3.822,2.825
1788225087,71935206,66.767,robot_1,1.898,-3.886
1788225087,71969542,66.767,robot_0,0.833,-1.163
1788225087,71982358,66.767,robot_2,-3.800,2.769
1788225087,292062733,66.987,robot_1,1.963,-3.877
1788225087,292096984,66.987,robot_0,0.868,-1.107
1788225087,292110776,66.987,robot_2,-3.775,2.708
1788225087,492103256,67.187,robot_1,2.023,-3.870
1788225087,492160554,67.187,robot_0,0.899,-1.056
1788225087,492187856,67.187,robot_2,-3.752,2.652
1788225087,702487410,67.398,robot_1,2.082,-3.862
1788225087,702546411,67.398,robot_0,0.931,-1.005
1788225087,702573137,67.398,robot_2,-3.730,2.597
1788225087,922298976,67.617,robot_1,2.148,-3.854
1788225087,922327800,67.617,robot_0,0.965,-0.948
1788225087,922340125,67.617,robot_2,-3.705,2.536
1788225088,141571060,67.837,robot_1,2.213,-3.845
1788225088,141602818,67.837,robot_0,1.000,-0.892
1788225088,141615590,67.837,robot_2,-3.680,2.474
1788225088,342492351,68.038,robot_1,2.273,-3.838
1788225088,342524075,68.038,robot_0,1.031,-0.841
1788225088,342535907,68.038,robot_2,-3.658,2.419
1788225088,562300100,68.257,robot_1,2.338,-3.829
1788225088,562339573,68.257,robot_0,1.065,-0.785
1788225088,562356401,68.257,robot_2,-3.633,2.358
1788225088,782020425,68.477,robot_1,2.403,-3.821
1788225088,782056319,68.477,robot_0,1.100,-0.728
1788225088,782071462,68.477,robot_2,-3.608,2.296
1788225088,982556437,68.678,robot_1,2.463,-3.813
1788225088,982615839,68.678,robot_0,1.131,-0.677
1788225088,982638967,68.678,robot_2,-3.586,2.241
1788225089,194259736,68.889,robot_1,2.522,-3.806
1788225089,194298035,68.889,robot_0,1.163,-0.626
1788225089,194316073,68.889,robot_2,-3.563,2.185
1788225089,414203253,69.109,robot_1,2.588,-3.797
1788225089,414236293,69.109,robot_0,1.197,-0.570
1788225089,414248765,69.109,robot_2,-3.539,2.124
1788225089,629083053,69.324,robot_1,2.647,-3.790
1788225089,629152913,69.324,robot_0,1.228,-0.519
1788225089,629175359,69.324,robot_2,-3.516,2.068
1788225089,829296912,69.524,robot_1,2.707,-3.782
1788225089,829329691,69.524,robot_0,1.260,-0.468
1788225089,829341201,69.524,robot_2,-3.494,2.013
1788225090,48684210,69.744,robot_1,2.772,-3.774
1788225090,48740966,69.744,robot_0,1.294,-0.411
1788225090,48757772,69.744,robot_2,-3.469,1.952
1788225090,248930147,69.944,robot_1,2.832,-3.766
1788225090,248979217,69.944,robot_0,1.326,-0.360
1788225090,248999782,69.944,robot_2,-3.446,1.896
1788225090,449205348,70.144,robot_1,2.891,-3.758
1788225090,449248874,70.144,robot_0,1.357,-0.309
1788225090,449268511,70.144,robot_2,-3.424,1.840
1788225090,659311904,70.354,robot_1,2.954,-3.750
1788225090,659367136,70.354,robot_0,1.390,-0.255
1788225090,659391398,70.354,robot_2,-3.400,1.782
1788225090,859359400,70.554,robot_1,3.013,-3.743
1788225090,859418639,70.554,robot_0,1.421,-0.204
1788225090,859468587,70.554,robot_2,-3.378,1.726
1788225091,75934542,70.771,robot_1,3.076,-3.735
1788225091,75969844,70.771,robot_0,1.454,-0.150
1788225091,75981947,70.771,robot_2,-3.354,1.668
1788225091,279515801,70.975,robot_1,3.138,-3.727
1788225091,279572824,70.975,robot_0,1.487,-0.097
1788225091,279597219,70.975,robot_2,-3.330,1.610
1788225091,498179026,71.193,robot_1,3.204,-3.718
1788225091,498213032,71.193,robot_0,1.522,-0.040
1788225091,498223629,71.193,robot_2,-3.306,1.548
1788225091,709036377,71.404,robot_1,3.266,-3.710
1788225091,709092483,71.404,robot_0,1.555,0.013
1788225091,709115835,71.404,robot_2,-3.282,1.490
1788225091,909402781,71.604,robot_1,3.326,-3.703
1788225091,909465863,71.604,robot_0,1.586,0.065
1788225091,909494073,71.605,robot_2,-3.259,1.434
1788225092,128829148,71.824,robot_1,3.391,-3.694
1788225092,128856796,71.824,robot_0,1.620,0.121
1788225092,128868115,71.824,robot_2,-3.235,1.373
1788225092,329149777,72.024,robot_1,3.451,-3.687
1788225092,329180132,72.024,robot_0,1.652,0.172
1788225092,329197141,72.024,robot_2,-3.212,1.318
1788225092,529746692,72.225,robot_1,3.510,-3.679
1788225092,529804878,72.225,robot_0,1.683,0.223
1788225092,529832021,72.225,robot_2,-3.190,1.262
1788225092,739087658,72.434,robot_1,3.573,-3.671
1788225092,739116905,72.434,robot_0,1.716,0.277
1788225092,739129200,72.434,robot_2,-3.166,1.204
1788225092,939509468,72.635,robot_1,3.632,-3.663
1788225092,939570043,72.635,robot_0,1.747,0.328
1788225092,939602351,72.635,robot_2,-3.144,1.148
1788225093,158542286,72.854,robot_1,3.698,-3.655
1788225093,158584996,72.854,robot_0,1.782,0.384
1788225093,158597084,72.854,robot_2,-3.119,1.087
1788225093,359434486,73.054,robot_1,3.757,-3.647
1788225093,359481650,73.055,robot_0,1.813,0.435
1788225093,359499858,73.055,robot_2,-3.096,1.031
1788225093,578794307,73.274,robot_1,3.823,-3.639
1788225093,578835060,73.274,robot_0,1.848,0.492
1788225093,578846995,73.274,robot_2,-3.072,0.970
1788225093,779056307,73.474,robot_1,3.882,-3.631
1788225093,779088444,73.474,robot_0,1.879,0.543
1788225093,779099893,73.474,robot_2,-3.049,0.914
1788225093,999385494,73.694,robot_1,3.948,-3.623
1788225093,999436723,73.694,robot_0,1.913,0.599
1788225093,999460000,73.694,robot_2,-3.024,0.853
1788225094,200209524,73.895,robot_1,4.007,-3.615
1788225094,200277145,73.895,robot_0,1.945,0.650
1788225094,200307408,73.895,robot_2,-3.002,0.798
1788225094,418776568,74.114,robot_1,4.073,-3.607
1788225094,418809128,74.114,robot_0,1.979,0.707
1788225094,418824048,74.114,robot_2,-2.977,0.736
1788225094,638991219,74.334,robot_1,4.138,-3.599
1788225094,639080413,74.334,robot_0,2.014,0.763
1788225094,639111585,74.334,robot_2,-2.952,0.675
1788225094,839590374,74.535,robot_1,4.184,-3.593
1788225094,839632385,74.535,robot_0,2.045,0.814
1788225094,839652690,74.535,robot_2,-2.930,0.620
1788225095,64856913,74.760,robot_1,4.185,-3.593
1788225095,64923256,74.760,robot_0,2.080,0.870
1788225095,64960191,74.760,robot_2,-2.905,0.558
1788225095,269098767,74.964,robot_1,4.185,-3.593
1788225095,269145805,74.964,robot_0,2.113,0.924
1788225095,269170033,74.964,robot_2,-2.881,0.500
1788225095,488443478,75.183,robot_1,4.185,-3.593
1788225095,488474925,75.183,robot_0,2.147,0.980
1788225095,488487768,75.184,robot_2,-2.857,0.439
1788225095,708329161,75.403,robot_1,4.185,-3.594
1788225095,708362290,75.403,robot_0,2.182,1.037
1788225095,708374990,75.403,robot_2,-2.832,0.378
1788225095,909240346,75.604,robot_1,4.186,-3.594
1788225095,909274677,75.604,robot_0,2.213,1.088
1788225095,909292537,75.604,robot_2,-2.809,0.322
1788225096,120942151,75.816,robot_1,4.186,-3.594
1788225096,121000097,75.816,robot_0,2.244,1.139
1788225096,121030566,75.816,robot_2,-2.787,0.266
1788225096,340282835,76.035,robot_1,4.186,-3.594
1788225096,340320368,76.035,robot_0,2.279,1.195
1788225096,340334978,76.035,robot_2,-2.762,0.205
1788225096,568376263,76.263,robot_1,4.187,-3.594
1788225096,568416254,76.263,robot_0,2.313,1.251
1788225096,568434829,76.263,robot_2,-2.737,0.144
1788225096,769464666,76.464,robot_1,4.187,-3.593
1788225096,769501842,76.465,robot_0,2.346,1.305
1788225096,769518620,76.465,robot_2,-2.714,0.086
1788225096,969806587,76.665,robot_1,4.174,-3.546
1788225096,969846654,76.665,robot_0,2.377,1.356
1788225096,969863803,76.665,robot_2,-2.691,0.030
1788225097,170682505,76.866,robot_1,4.154,-3.489
1788225097,170745042,76.866,robot_0,2.409,1.407
1788225097,170785403,76.866,robot_2,-2.669,-0.026
1788225097,390401557,77.085,robot_1,4.131,-3.427
1788225097,390452396,77.085,robot_0,2.443,1.464
1788225097,390472499,77.085,robot_2,-2.644,-0.087
1788225097,609706485,77.305,robot_1,4.108,-3.365
1788225097,609735860,77.305,robot_0,2.478,1.520
1788225097,609745222,77.305,robot_2,-2.619,-0.148
1788225097,829139519,77.524,robot_1,4.085,-3.303
1788225097,829181671,77.524,robot_0,2.512,1.576
1788225097,829189447,77.524,robot_2,-2.594,-0.209
1788225098,29173154,77.724,robot_1,4.065,-3.247
1788225098,29205872,77.724,robot_0,2.544,1.627
1788225098,29215881,77.724,robot_2,-2.572,-0.265
1788225098,239523079,77.935,robot_1,4.043,-3.188
1788225098,239554735,77.935,robot_0,2.577,1.681
1788225098,239566618,77.935,robot_2,-2.548,-0.323
1788225098,439707824,78.135,robot_1,4.022,-3.131
1788225098,439739492,78.135,robot_0,2.608,1.732
1788225098,439751106,78.135,robot_2,-2.526,-0.379
1788225098,640381527,78.335,robot_1,4.002,-3.075
1788225098,640428656,78.335,robot_0,2.639,1.783
1788225098,640443519,78.335,robot_2,-2.503,-0.434
1788225098,860323397,78.555,robot_1,3.979,-3.013
1788225098,860391392,78.555,robot_0,2.674,1.840
1788225098,860424593,78.555,robot_2,-2.478,-0.496
1788225099,69319756,78.764,robot_1,3.958,-2.957
1788225099,69353223,78.764,robot_0,2.705,1.891
1788225099,69365365,78.764,robot_2,-2.456,-0.551
1788225099,269561489,78.965,robot_1,3.936,-2.898
1788225099,269605760,78.965,robot_0,2.738,1.945
1788225099,269625104,78.965,robot_2,-2.432,-0.610
1788225099,490160794,79.185,robot_1,3.914,-2.836
1788225099,490194034,79.185,robot_0,2.772,2.001
1788225099,490207225,79.185,robot_2,-2.408,-0.671
1788225099,690224016,79.385,robot_1,3.893,-2.779
1788225099,690272801,79.385,robot_0,2.804,2.052
1788225099,690296242,79.385,robot_2,-2.385,-0.726
1788225099,890247545,79.585,robot_1,3.872,-2.723
1788225099,890278324,79.585,robot_0,2.835,2.103
1788225099,890290615,79.585,robot_2,-2.363,-0.782
1788225100,109702250,79.805,robot_1,3.850,-2.661
1788225100,109734547,79.805,robot_0,2.870,2.159
1788225100,109750594,79.805,robot_2,-2.338,-0.843
1788225100,309768295,80.005,robot_1,3.829,-2.605
1788225100,309805295,80.005,robot_0,2.901,2.211
1788225100,309820526,80.005,robot_2,-2.315,-0.899
1788225100,510128149,80.205,robot_1,3.808,-2.549
1788225100,510175158,80.205,robot_0,2.932,2.262
1788225100,510197474,80.205,robot_2,-2.293,-0.954
1788225100,729071068,80.424,robot_1,3.786,-2.487
1788225100,729100323,80.424,robot_0,2.967,2.318
1788225100,729111684,80.424,robot_2,-2.268,-1.016
1788225100,929983733,80.625,robot_1,3.765,-2.430
1788225100,930044369,80.625,robot_0,2.998,2.369
1788225100,930071509,80.625,robot_2,-2.245,-1.071
1788225101,149637719,80.845,robot_1,3.742,-2.368
1788225101,149669204,80.845,robot_0,3.033,2.426
1788225101,149680607,80.845,robot_2,-2.221,-1.132
1788225101,369198349,81.064,robot_1,3.719,-2.306
1788225101,369238201,81.064,robot_0,3.067,2.482
1788225101,369248133,81.064,robot_2,-2.196,-1.194
1788225101,573247266,81.268,robot_1,3.699,-2.250
1788225101,573281670,81.268,robot_0,3.098,2.533
1788225101,573292211,81.268,robot_2,-2.173,-1.249
1788225101,780359811,81.475,robot_1,3.677,-2.191
1788225101,780402839,81.475,robot_0,3.131,2.587
1788225101,780421822,81.475,robot_2,-2.150,-1.308
1788225101,999317658,81.694,robot_1,3.654,-2.129
1788225101,999351371,81.694,robot_0,3.166,2.643
1788225101,999363856,81.694,robot_2,-2.125,-1.369
1788225102,199516942,81.895,robot_1,3.634,-2.073
1788225102,199544038,81.895,robot_0,3.197,2.694
1788225102,199555421,81.895,robot_2,-2.103,-1.424
1788225102,419825114,82.115,robot_1,3.611,-2.011
1788225102,419891060,82.115,robot_0,3.232,2.750
1788225102,419913125,82.115,robot_2,-2.078,-1.486
1788225102,629197133,82.324,robot_1,3.589,-1.951
1788225102,629223533,82.324,robot_0,3.265,2.804
1788225102,629235786,82.324,robot_2,-2.054,-1.544
1788225102,829313057,82.524,robot_1,3.568,-1.895
1788225102,829348504,82.524,robot_0,3.296,2.855
1788225102,829360786,82.524,robot_2,-2.032,-1.600
1788225103,49247348,82.744,robot_1,3.546,-1.833
1788225103,49276900,82.744,robot_0,3.330,2.912
1788225103,49290777,82.744,robot_2,-2.007,-1.661
1788225103,249344557,82.944,robot_1,3.525,-1.777
1788225103,249375912,82.944,robot_0,3.362,2.963
1788225103,249388058,82.944,robot_2,-1.984,-1.716
1788225103,449646311,83.145,robot_1,3.504,-1.721
1788225103,449674996,83.145,robot_0,3.393,3.014
1788225103,449685288,83.145,robot_2,-1.962,-1.772
1788225103,649800287,83.345,robot_1,3.484,-1.664
1788225103,649828547,83.345,robot_0,3.425,3.065
1788225103,649838425,83.345,robot_2,-1.939,-1.828
1788225103,849836776,83.545,robot_1,3.463,-1.608
1788225103,849865886,83.545,robot_0,3.456,3.116
1788225103,849878228,83.545,robot_2,-1.917,-1.883
1788225104,70046180,83.765,robot_1,3.440,-1.546
1788225104,70095790,83.765,robot_0,3.490,3.172
1788225104,70119064,83.765,robot_2,-1.892,-1.944
1788225104,270075947,83.965,robot_1,3.420,-1.490
1788225104,270111490,83.965,robot_0,3.522,3.224
1788225104,270126320,83.965,robot_2,-1.870,-2.000
1788225104,470547170,84.166,robot_1,3.399,-1.433
1788225104,470605326,84.166,robot_0,3.553,3.275
1788225104,470635196,84.166,robot_2,-1.847,-2.056
1788225104,679631109,84.375,robot_1,3.377,-1.374
1788225104,679668276,84.375,robot_0,3.586,3.328
1788225104,679684717,84.375,robot_2,-1.823,-2.114
1788225104,879952786,84.575,robot_1,3.356,-1.318
1788225104,880006479,84.575,robot_0,3.617,3.380
1788225104,880028779,84.575,robot_2,-1.801,-2.170
1788225105,99337099,84.794,robot_1,3.334,-1.256
1788225105,99368488,84.794,robot_0,3.652,3.436
1788225105,99379794,84.794,robot_2,-1.776,-2.231
1788225105,299391901,84.994,robot_1,3.313,-1.200
1788225105,299425628,84.994,robot_0,3.683,3.487
1788225105,299436362,84.994,robot_2,-1.754,-2.286
1788225105,520628739,85.216,robot_1,3.290,-1.138
1788225105,520682375,85.216,robot_0,3.718,3.543
1788225105,520705574,85.216,robot_2,-1.729,-2.348
1788225105,730039050,85.425,robot_1,3.269,-1.078
1788225105,730078295,85.425,robot_0,3.751,3.597
1788225105,730095713,85.425,robot_2,-1.705,-2.406
1788225105,949810444,85.645,robot_1,3.246,-1.017
1788225105,949857645,85.645,robot_0,3.785,3.653
1788225105,949887008,85.645,robot_2,-1.680,-2.467
1788225106,149799152,85.845,robot_1,3.225,-0.960
1788225106,149832364,85.845,robot_0,3.816,3.704
1788225106,149852899,85.845,robot_2,-1.658,-2.523
1788225106,350193426,86.045,robot_1,3.204,-0.904
1788225106,350246544,86.045,robot_0,3.848,3.756
1788225106,350272575,86.045,robot_2,-1.635,-2.578
1788225106,569863212,86.265,robot_1,3.182,-0.842
1788225106,569893447,86.265,robot_0,3.882,3.812
1788225106,569905233,86.265,robot_2,-1.611,-2.640
1788225106,770033980,86.465,robot_1,3.161,-0.786
1788225106,770070183,86.465,robot_0,3.914,3.863
1788225106,770085329,86.465,robot_2,-1.588,-2.695
1788225106,990153282,86.685,robot_1,3.138,-0.724
1788225106,990185757,86.685,robot_0,3.948,3.919
1788225106,990198149,86.685,robot_2,-1.563,-2.756
1788225107,210123978,86.905,robot_1,3.116,-0.662
1788225107,210191691,86.905,robot_0,3.983,3.976
1788225107,210217996,86.905,robot_2,-1.539,-2.818
1788225107,429186564,87.124,robot_1,3.093,-0.600
1788225107,429212707,87.124,robot_0,4.017,4.032
1788225107,429224901,87.124,robot_2,-1.514,-2.879
1788225107,630108880,87.325,robot_1,3.072,-0.543
1788225107,630150563,87.325,robot_0,4.048,4.083
1788225107,630171911,87.325,robot_2,-1.491,-2.934
1788225107,849729098,87.545,robot_1,3.049,-0.481
1788225107,849766749,87.545,robot_0,4.074,4.126
1788225107,849784201,87.545,robot_2,-1.467,-2.996
1788225108,49786459,87.745,robot_1,3.029,-0.425
1788225108,49816862,87.745,robot_0,4.074,4.126
1788225108,49829874,87.745,robot_2,-1.444,-3.051
1788225108,260473446,87.955,robot_1,3.007,-0.366
1788225108,260510350,87.956,robot_0,4.074,4.126
1788225108,260529098,87.956,robot_2,-1.421,-3.110
1788225108,480067955,88.175,robot_1,2.984,-0.304
1788225108,480135668,88.175,robot_0,4.074,4.126
1788225108,480164576,88.175,robot_2,-1.396,-3.171
1788225108,699138366,88.394,robot_1,2.962,-0.242
1788225108,699172184,88.394,robot_0,4.074,4.127
1788225108,699184490,88.394,robot_2,-1.371,-3.232
1788225108,899260304,88.594,robot_1,2.941,-0.186
1788225108,899289934,88.594,robot_0,4.074,4.127
1788225108,899301107,88.594,robot_2,-1.348,-3.288
1788225109,110441707,88.805,robot_1,2.919,-0.127
1788225109,110495805,88.806,robot_0,4.074,4.127
1788225109,110521442,88.806,robot_2,-1.325,-3.346
1788225109,329357549,89.024,robot_1,2.896,-0.065
1788225109,329386134,89.024,robot_0,4.114,4.133
1788225109,329398710,89.024,robot_2,-1.300,-3.407
1788225109,549329135,89.244,robot_1,2.874,-0.003
1788225109,549361495,89.244,robot_0,4.179,4.141
1788225109,549373915,89.244,robot_2,-1.275,-3.468
1788225109,749490991,89.445,robot_1,2.853,0.054
1788225109,749531929,89.445,robot_0,4.238,4.149
1788225109,749549814,89.445,robot_2,-1.253,-3.524
1788225109,949832503,89.645,robot_1,2.832,0.110
1788225109,949861056,89.645,robot_0,4.252,4.151
1788225109,949872553,89.645,robot_2,-1.230,-3.580
1788225110,170302808,89.865,robot_1,2.810,0.172
1788225110,170346823,89.865,robot_0,4.252,4.151
1788225110,170367588,89.865,robot_2,-1.206,-3.641
1788225110,389411609,90.084,robot_1,2.787,0.234
1788225110,389448176,90.084,robot_0,4.253,4.150
1788225110,389463318,90.084,robot_2,-1.181,-3.702
1788225110,589440035,90.284,robot_1,2.766,0.290
1788225110,589471845,90.284,robot_0,4.253,4.150
1788225110,589484220,90.284,robot_2,-1.158,-3.758
1788225110,789814273,90.485,robot_1,2.745,0.347
1788225110,789845618,90.485,robot_0,4.253,4.150
1788225110,789857768,90.485,robot_2,-1.136,-3.813
1788225111,9089187,90.704,robot_1,2.723,0.409
1788225111,9118353,90.704,robot_0,4.253,4.150
1788225111,9129437,90.704,robot_2,-1.111,-3.874
1788225111,209929492,90.905,robot_1,2.702,0.465
1788225111,209973005,90.905,robot_0,4.254,4.150
1788225111,209987038,90.905,robot_2,-1.088,-3.930
1788225111,430319535,91.125,robot_1,2.679,0.527
1788225111,430363387,91.125,robot_0,4.254,4.150
1788225111,430387876,91.125,robot_2,-1.064,-3.991
1788225111,649584897,91.345,robot_1,2.657,0.589
1788225111,649616812,91.345,robot_0,4.254,4.150
1788225111,649630666,91.345,robot_2,-1.039,-4.052
1788225111,849769567,91.545,robot_1,2.636,0.645
1788225111,849801594,91.545,robot_0,4.255,4.150
1788225111,849817431,91.545,robot_2,-1.032,-4.071
1788225112,49907261,91.745,robot_1,2.615,0.701
1788225112,49936226,91.745,robot_0,4.255,4.150
1788225112,49955672,91.745,robot_2,-1.032,-4.071
1788225112,270379202,91.965,robot_1,2.592,0.763
1788225112,270421521,91.965,robot_0,4.255,4.150
1788225112,270441637,91.965,robot_2,-1.032,-4.071
1788225112,490196688,92.185,robot_1,2.570,0.825
1788225112,490229721,92.185,robot_0,4.256,4.150
1788225112,490244442,92.185,robot_2,-1.032,-4.071
1788225112,709045205,92.404,robot_1,2.547,0.887
1788225112,709072610,92.404,robot_0,4.256,4.151
1788225112,709085111,92.404,robot_2,-1.032,-4.072
1788225112,909721259,92.605,robot_1,2.526,0.944
1788225112,909773669,92.605,robot_0,4.256,4.151
1788225112,909794568,92.605,robot_2,-1.032,-4.072
1788225113,129848007,92.825,robot_1,2.503,1.006
1788225113,129873734,92.825,robot_0,4.256,4.151
1788225113,129886121,92.825,robot_2,-1.032,-4.072
1788225113,330071738,93.025,robot_1,2.483,1.062
1788225113,330114476,93.025,robot_0,4.218,4.153
1788225113,330128609,93.025,robot_2,-1.024,-4.072
1788225113,530560826,93.226,robot_1,2.462,1.118
1788225113,530606518,93.226,robot_0,4.158,4.151
1788225113,530633686,93.226,robot_2,-0.968,-4.061
1788225113,749174741,93.444,robot_1,2.439,1.180
1788225113,749202832,93.444,robot_0,4.092,4.147
1788225113,749214593,93.444,robot_2,-0.904,-4.045
1788225113,949732638,93.645,robot_1,2.419,1.236
1788225113,949763533,93.645,robot_0,4.032,4.144
1788225113,949777003,93.645,robot_2,-0.846,-4.030
1788225114,149986511,93.845,robot_1,2.398,1.293
1788225114,150040576,93.845,robot_0,3.972,4.141
1788225114,150066439,93.845,robot_2,-0.788,-4.015
1788225114,370092510,94.065,robot_1,2.375,1.355
1788225114,370145831,94.065,robot_0,3.906,4.137
1788225114,370165463,94.065,robot_2,-0.724,-3.999
1788225114,578215401,94.273,robot_1,2.355,1.411
1788225114,578248661,94.273,robot_0,3.846,4.134
1788225114,578261445,94.273,robot_2,-0.666,-3.984
1788225114,779938813,94.475,robot_1,2.333,1.470
1788225114,779975674,94.475,robot_0,3.784,4.131
1788225114,779992415,94.475,robot_2,-0.605,-3.969
1788225114,999583521,94.695,robot_1,2.310,1.532
1788225114,999617289,94.695,robot_0,3.718,4.127
1788225114,999629558,94.695,robot_2,-0.541,-3.952
1788225115,199647116,94.895,robot_1,2.289,1.588
1788225115,199690200,94.895,robot_0,3.658,4.124
1788225115,199711659,94.895,robot_2,-0.483,-3.938
1788225115,419171649,95.114,robot_1,2.267,1.650
1788225115,419203945,95.114,robot_0,3.592,4.120
1788225115,419214796,95.114,robot_2,-0.419,-3.921
1788225115,629284294,95.324,robot_1,2.245,1.710
1788225115,629312644,95.324,robot_0,3.529,4.117
1788225115,629323048,95.324,robot_2,-0.358,-3.906
1788225115,849411712,95.544,robot_1,2.222,1.772
1788225115,849443774,95.544,robot_0,3.463,4.113
1788225115,849455128,95.544,robot_2,-0.294,-3.890
1788225116,49797871,95.745,robot_1,2.202,1.828
1788225116,49829886,95.745,robot_0,3.403,4.110
1788225116,49840750,95.745,robot_2,-0.236,-3.875
1788225116,269933017,95.965,robot_1,2.179,1.890
1788225116,269971434,95.965,robot_0,3.337,4.106
1788225116,269987955,95.965,robot_2,-0.172,-3.858
1788225116,489582908,96.185,robot_1,2.156,1.952
1788225116,489616479,96.185,robot_0,3.271,4.103
1788225116,489629310,96.185,robot_2,-0.108,-3.842
1788225116,689917873,96.385,robot_1,2.135,2.008
1788225116,689949052,96.385,robot_0,3.211,4.100
1788225116,689961045,96.385,robot_2,-0.050,-3.827
1788225116,890809822,96.586,robot_1,2.115,2.064
1788225116,890862653,96.586,robot_0,3.151,4.096
1788225116,890887265,96.586,robot_2,0.009,-3.813
1788225117,110065324,96.805,robot_1,2.092,2.126
1788225117,110102697,96.805,robot_0,3.086,4.093
1788225117,110118964,96.805,robot_2,0.073,-3.796
1788225117,329931986,97.025,robot_1,2.069,2.188
1788225117,329981171,97.025,robot_0,3.020,4.089
1788225117,330005589,97.025,robot_2,0.137,-3.780
1788225117,550069117,97.245,robot_1,2.047,2.250
1788225117,550105116,97.245,robot_0,2.954,4.086
1788225117,550119019,97.245,robot_2,0.200,-3.764
1788225117,750517886,97.446,robot_1,2.026,2.307
1788225117,750550736,97.446,robot_0,2.894,4.083
1788225117,750562661,97.446,robot_2,0.259,-3.749
1788225117,969606225,97.665,robot_1,2.003,2.369
1788225117,969640129,97.665,robot_0,2.828,4.079
1788225117,969654830,97.665,robot_2,0.323,-3.733
1788225118,190393568,97.885,robot_1,1.980,2.431
1788225118,190436330,97.885,robot_0,2.762,4.075
1788225118,190457257,97.885,robot_2,0.387,-3.716
1788225118,409900371,98.105,robot_1,1.958,2.493
1788225118,409950836,98.105,robot_0,2.696,4.072
1788225118,409975985,98.105,robot_2,0.451,-3.700
1788225118,610201274,98.305,robot_1,1.937,2.549
1788225118,610235490,98.305,robot_0,2.636,4.069
1788225118,610249498,98.305,robot_2,0.509,-3.685
1788225118,810426684,98.505,robot_1,1.916,2.605
1788225118,810481169,98.506,robot_0,2.576,4.065
1788225118,810506304,98.506,robot_2,0.567,-3.671
1788225119,29706816,98.725,robot_1,1.893,2.667
1788225119,29746777,98.725,robot_0,2.510,4.062
1788225119,29760290,98.725,robot_2,0.631,-3.654
1788225119,249283745,98.944,robot_1,1.871,2.729
1788225119,249314612,98.944,robot_0,2.444,4.058
1788225119,249325169,98.944,robot_2,0.695,-3.638
1788225119,469882897,99.165,robot_1,1.848,2.791
1788225119,469914641,99.165,robot_0,2.379,4.055
1788225119,469924861,99.165,robot_2,0.759,-3.622
1788225119,689155348,99.384,robot_1,1.825,2.853
1788225119,689185792,99.384,robot_0,2.313,4.051
1788225119,689197503,99.384,robot_2,0.823,-3.605
1788225119,890100261,99.585,robot_1,1.805,2.909
1788225119,890137754,99.585,robot_0,2.253,4.048
1788225119,890153157,99.585,robot_2,0.881,-3.591
1788225120,110043971,99.805,robot_1,1.782,2.971
1788225120,110091302,99.805,robot_0,2.187,4.044
1788225120,110111357,99.805,robot_2,0.945,-3.574
1788225120,310346113,100.005,robot_1,1.773,2.996
1788225120,310416560,100.005,robot_0,2.127,4.041
1788225120,310453539,100.005,robot_2,1.003,-3.560
1788225120,529324902,100.224,robot_1,1.773,2.996
1788225120,529361706,100.224,robot_0,2.061,4.038
1788225120,529378890,100.224,robot_2,1.067,-3.543
1788225120,729694754,100.425,robot_1,1.773,2.996
1788225120,729720878,100.425,robot_0,2.001,4.034
1788225120,729732104,100.425,robot_2,1.125,-3.529
1788225120,949903907,100.645,robot_1,1.741,3.026
1788225120,949940804,100.645,robot_0,1.935,4.031
1788225120,949955851,100.645,robot_2,1.189,-3.512
1788225121,160730216,100.856,robot_1,1.693,3.066
1788225121,160779422,100.856,robot_0,1.872,4.028
1788225121,160801955,100.856,robot_2,1.250,-3.497
1788225121,380218487,101.075,robot_1,1.641,3.108
1788225121,380266940,101.075,robot_0,1.806,4.024
1788225121,380283669,101.075,robot_2,1.314,-3.480
1788225121,600096987,101.295,robot_1,1.590,3.149
1788225121,600132038,101.295,robot_0,1.740,4.020
1788225121,600146630,101.295,robot_2,1.378,-3.464
1788225121,819836251,101.515,robot_1,1.538,3.190
1788225121,819870992,101.515,robot_0,1.675,4.017
1788225121,819887580,101.515,robot_2,1.442,-3.448
1788225122,19855499,101.715,robot_1,1.491,3.227
1788225122,19919227,101.715,robot_0,1.615,4.014
1788225122,19947474,101.715,robot_2,1.500,-3.433
1788225122,230858688,101.926,robot_1,1.444,3.265
1788225122,230896502,101.926,robot_0,1.555,4.010
1788225122,230915267,101.926,robot_2,1.558,-3.418
1788225122,430943756,102.126,robot_1,1.397,3.302
1788225122,430978922,102.126,robot_0,1.495,4.007
1788225122,430991743,102.126,robot_2,1.616,-3.403
1788225122,640472700,102.335,robot_1,1.348,3.342
1788225122,640503740,102.336,robot_0,1.432,4.004
1788225122,640514766,102.336,robot_2,1.677,-3.388
1788225122,840850266,102.536,robot_1,1.301,3.379
1788225122,840881195,102.536,robot_0,1.372,4.001
1788225122,840893498,102.536,robot_2,1.736,-3.373
1788225123,60400519,102.755,robot_1,1.250,3.420
1788225123,60429344,102.755,robot_0,1.306,3.997
1788225123,60441069,102.755,robot_2,1.800,-3.357
1788225123,260773089,102.956,robot_1,1.196,3.447
1788225123,260801453,102.956,robot_0,1.247,4.010
1788225123,260813092,102.956,robot_2,1.858,-3.342
1788225123,480642423,103.176,robot_1,1.195,3.439
1788225123,480678155,103.176,robot_0,1.252,4.020
1788225123,480693879,103.176,robot_2,1.922,-3.326
1788225123,680658313,103.376,robot_1,1.221,3.411
1788225123,680700165,103.376,robot_0,1.291,4.028
1788225123,680724619,103.376,robot_2,1.980,-3.311
1788225123,900384038,103.595,robot_1,1.244,3.375
1788225123,900413997,103.595,robot_0,1.321,4.040
1788225123,900425941,103.595,robot_2,2.044,-3.295
1788225124,120860660,103.816,robot_1,1.264,3.336
1788225124,120897302,103.816,robot_0,1.341,4.057
1788225124,120910768,103.816,robot_2,2.108,-3.278
1788225124,321047377,104.016,robot_1,1.279,3.308
1788225124,321099860,104.016,robot_0,1.353,4.076
1788225124,321125107,104.016,robot_2,2.166,-3.264
1788225124,540929797,104.236,robot_1,1.279,3.308
1788225124,540986104,104.236,robot_0,1.353,4.077
1788225124,541016293,104.236,robot_2,2.230,-3.247
1788225124,750005839,104.445,robot_1,1.268,3.318
1788225124,750042525,104.445,robot_0,1.353,4.078
1788225124,750053760,104.445,robot_2,2.291,-3.232
1788225124,950790134,104.646,robot_1,1.219,3.351
1788225124,950830786,104.646,robot_0,1.353,4.078
1788225124,950847408,104.646,robot_2,2.349,-3.217
1788225125,151585037,104.847,robot_1,1.169,3.384
1788225125,151625880,104.847,robot_0,1.353,4.078
1788225125,151645063,104.847,robot_2,2.407,-3.202
1788225125,351791559,105.047,robot_1,1.118,3.416
1788225125,351854378,105.047,robot_0,1.353,4.078
1788225125,351889379,105.047,robot_2,2.465,-3.187
1788225125,580512509,105.276,robot_1,1.063,3.451
1788225125,580544114,105.276,robot_0,1.353,4.078
1788225125,580556514,105.276,robot_2,2.529,-3.171
1788225125,781124933,105.476,robot_1,1.009,3.485
1788225125,781172535,105.476,robot_0,1.352,4.078
1788225125,781196096,105.476,robot_2,2.590,-3.156
1788225125,981248331,105.676,robot_1,0.959,3.517
1788225125,981293368,105.676,robot_0,1.352,4.077
1788225125,981310175,105.676,robot_2,2.648,-3.141
1788225126,182446735,105.877,robot_1,0.911,3.548
1788225126,182493014,105.878,robot_0,1.351,4.077
1788225126,182519018,105.878,robot_2,2.704,-3.127
1788225126,382719796,106.078,robot_1,0.860,3.580
1788225126,382768509,106.078,robot_0,1.351,4.077
1788225126,382794081,106.078,robot_2,2.762,-3.112
1788225126,602201247,106.297,robot_1,0.804,3.615
1788225126,602233375,106.297,robot_0,1.351,4.077
1788225126,602245358,106.297,robot_2,2.826,-3.096
1788225126,802888168,106.498,robot_1,0.753,3.647
1788225126,802940150,106.498,robot_0,1.350,4.076
1788225126,802966029,106.498,robot_2,2.884,-3.081
1788225127,22329074,106.717,robot_1,0.698,3.683
1788225127,22362229,106.717,robot_0,1.350,4.076
1788225127,22377707,106.717,robot_2,2.948,-3.065
1788225127,232266483,106.927,robot_1,0.645,3.716
1788225127,232316335,106.927,robot_0,1.350,4.075
1788225127,232341156,106.927,robot_2,3.009,-3.049
1788225127,452462150,107.147,robot_1,0.589,3.752
1788225127,452515728,107.148,robot_0,1.350,4.075
1788225127,452543491,107.148,robot_2,3.073,-3.033
1788225127,672047570,107.367,robot_1,0.533,3.787
1788225127,672079301,107.367,robot_0,1.350,4.074
1788225127,672090931,107.367,robot_2,3.137,-3.017
1788225127,892341716,107.587,robot_1,0.477,3.822
1788225127,892370914,107.587,robot_0,1.350,4.074
1788225127,892382613,107.587,robot_2,3.201,-3.000
1788225128,95951567,107.791,robot_1,0.427,3.855
1788225128,95989861,107.791,robot_0,1.350,4.073
1788225128,96003817,107.791,robot_2,3.259,-2.986
1788225128,302442498,107.997,robot_1,0.373,3.888
1788225128,302492019,107.998,robot_0,1.351,4.073
1788225128,302518535,107.998,robot_2,3.320,-2.970
1788225128,503057354,108.198,robot_1,0.323,3.920
1788225128,503103233,108.198,robot_0,1.351,4.073
1788225128,503121808,108.198,robot_2,3.378,-2.955
1788225128,703278950,108.398,robot_1,0.272,3.953
1788225128,703325131,108.398,robot_0,1.351,4.072
1788225128,703344987,108.398,robot_2,3.436,-2.940
1788225128,922026114,108.617,robot_1,0.216,3.988
1788225128,922056969,108.617,robot_0,1.352,4.072
1788225128,922069200,108.617,robot_2,3.500,-2.924
1788225129,132387702,108.827,robot_1,0.163,4.022
1788225129,132416324,108.827,robot_0,1.352,4.072
1788225129,132428219,108.827,robot_2,3.561,-2.909
1788225129,351717667,109.047,robot_1,0.146,4.032
1788225129,351747227,109.047,robot_0,1.347,4.038
1788225129,351758939,109.047,robot_2,3.625,-2.892
1788225129,552318395,109.247,robot_1,0.146,4.033
1788225129,552363537,109.247,robot_0,1.340,3.998
1788225129,552384349,109.247,robot_2,3.684,-2.878
1788225129,752490054,109.448,robot_1,0.146,4.033
1788225129,752522107,109.448,robot_0,1.333,3.959
1788225129,752533713,109.448,robot_2,3.742,-2.863
1788225129,971838582,109.667,robot_1,0.097,4.038
1788225129,971868948,109.667,robot_0,1.329,3.934
1788225129,971881567,109.667,robot_2,3.806,-2.846
1788225130,172018922,109.867,robot_1,0.037,4.040
1788225130,172051492,109.867,robot_0,1.329,3.934
1788225130,172064113,109.867,robot_2,3.864,-2.832
1788225130,372225655,110.067,robot_1,-0.023,4.041
1788225130,372255692,110.067,robot_0,1.329,3.934
1788225130,372267450,110.067,robot_2,3.922,-2.817
1788225130,573828812,110.269,robot_1,-0.083,4.043
1788225130,573860582,110.269,robot_0,1.328,3.934
1788225130,573873567,110.269,robot_2,3.980,-2.802
1788225130,792703392,110.488,robot_1,-0.149,4.044
1788225130,792756660,110.488,robot_0,1.328,3.935
1788225130,792782500,110.488,robot_2,4.044,-2.786
1788225130,992796618,110.688,robot_1,-0.209,4.045
1788225130,992851265,110.688,robot_0,1.327,3.936
1788225130,992876091,110.688,robot_2,4.102,-2.771
1788225131,212609536,110.908,robot_1,-0.275,4.046
1788225131,212662720,110.908,robot_0,1.327,3.936
1788225131,212687989,110.908,robot_2,4.166,-2.755
1788225131,412949171,111.108,robot_1,-0.335,4.048
1788225131,413022801,111.108,robot_0,1.327,3.937
1788225131,413049748,111.108,robot_2,4.194,-2.748
1788225131,632403030,111.327,robot_1,-0.401,4.049
1788225131,632453146,111.327,robot_0,1.327,3.938
1788225131,632479974,111.328,robot_2,4.194,-2.748
1788225131,852570401,111.548,robot_1,-0.467,4.050
1788225131,852622142,111.548,robot_0,1.327,3.938
1788225131,852648905,111.548,robot_2,4.194,-2.748
1788225132,72592816,111.768,robot_1,-0.533,4.052
1788225132,72623672,111.768,robot_0,1.329,3.938
1788225132,72635876,111.768,robot_2,4.195,-2.748
1788225132,273332497,111.968,robot_1,-0.593,4.053
1788225132,273385271,111.968,robot_0,1.369,3.907
1788225132,273408727,111.968,robot_2,4.195,-2.748
1788225132,492270678,112.187,robot_1,-0.659,4.054
1788225132,492306456,112.187,robot_0,1.422,3.867
1788225132,492319428,112.187,robot_2,4.195,-2.749
1788225132,693081691,112.388,robot_1,-0.719,4.056
1788225132,693140521,112.388,robot_0,1.470,3.831
1788225132,693171321,112.388,robot_2,4.196,-2.749
1788225132,912210550,112.607,robot_1,-0.785,4.057
1788225132,912245563,112.607,robot_0,1.522,3.791
1788225132,912258196,112.607,robot_2,4.196,-2.749
1788225133,112444761,112.807,robot_1,-0.845,4.058
1788225133,112474926,112.807,robot_0,1.570,3.755
1788225133,112485127,112.808,robot_2,4.196,-2.749
1788225133,332179092,113.027,robot_1,-0.911,4.060
1788225133,332216758,113.027,robot_0,1.623,3.715
1788225133,332231424,113.027,robot_2,4.194,-2.741
1788225133,552507009,113.248,robot_1,-0.977,4.061
1788225133,552542362,113.248,robot_0,1.675,3.675
1788225133,552557511,113.248,robot_2,4.167,-2.684
1788225133,772475347,113.467,robot_1,-1.043,4.062
1788225133,772506270,113.468,robot_0,1.728,3.635
1788225133,772517283,113.468,robot_2,4.137,-2.625
1788225133,992895282,113.688,robot_1,-1.109,4.064
1788225133,992946509,113.688,robot_0,1.781,3.595
1788225133,992967356,113.688,robot_2,4.106,-2.567
1788225134,193230718,113.888,robot_1,-1.169,4.065
1788225134,193284844,113.888,robot_0,1.828,3.559
1788225134,193304480,113.888,robot_2,4.079,-2.514
1788225134,412144931,114.107,robot_1,-1.235,4.066
1788225134,412180061,114.107,robot_0,1.881,3.519
1788225134,412192796,114.107,robot_2,4.048,-2.455
1788225134,622959035,114.318,robot_1,-1.298,4.067
1788225134,622996183,114.318,robot_0,1.931,3.481
1788225134,623007287,114.318,robot_2,4.019,-2.399
1788225134,842488317,114.538,robot_1,-1.364,4.069
1788225134,842519976,114.538,robot_0,1.984,3.441
1788225134,842531730,114.538,robot_2,3.988,-2.341
1788225135,62292170,114.757,robot_1,-1.430,4.070
1788225135,62323442,114.757,robot_0,2.036,3.401
1788225135,62334726,114.757,robot_2,3.957,-2.282
1788225135,262451656,114.957,robot_1,-1.490,4.071
1788225135,262481494,114.957,robot_0,2.084,3.365
1788225135,262492600,114.958,robot_2,3.930,-2.229
1788225135,462460436,115.157,robot_1,-1.550,4.073
1788225135,462493252,115.158,robot_0,2.132,3.329
1788225135,462506992,115.158,robot_2,3.902,-2.176
1788225135,674562998,115.370,robot_1,-1.610,4.074
1788225135,674611333,115.370,robot_0,2.180,3.293
1788225135,674636827,115.370,robot_2,3.874,-2.123
1788225135,874808930,115.570,robot_1,-1.670,4.075
1788225135,874874268,115.570,robot_0,2.227,3.256
1788225135,874901391,115.570,robot_2,3.846,-2.070
1788225136,106647797,115.802,robot_1,-1.736,4.076
1788225136,106692316,115.802,robot_0,2.280,3.216
1788225136,106710556,115.802,robot_2,3.815,-2.011
1788225136,325029207,116.020,robot_1,-1.802,4.078
1788225136,325062449,116.020,robot_0,2.333,3.177
1788225136,325074675,116.020,robot_2,3.785,-1.953
1788225136,525818309,116.221,robot_1,-1.862,4.079
1788225136,525858743,116.221,robot_0,2.380,3.140
1788225136,525876779,116.221,robot_2,3.757,-1.900
1788225136,746244663,116.441,robot_1,-1.928,4.080
1788225136,746286027,116.441,robot_0,2.433,3.100
1788225136,746302127,116.441,robot_2,3.726,-1.841
1788225136,965098137,116.660,robot_1,-1.994,4.082
1788225136,965131883,116.660,robot_0,2.486,3.060
1788225136,965142482,116.660,robot_2,3.696,-1.783
1788225137,175642600,116.871,robot_1,-2.057,4.083
1788225137,175676739,116.871,robot_0,2.536,3.022
1788225137,175688522,116.871,robot_2,3.666,-1.727
1788225137,376343451,117.071,robot_1,-2.117,4.084
1788225137,376387868,117.071,robot_0,2.584,2.986
1788225137,376406719,117.071,robot_2,3.639,-1.674
1788225137,596420284,117.291,robot_1,-2.183,4.086
1788225137,596470214,117.291,robot_0,2.636,2.946
1788225137,596495704,117.292,robot_2,3.608,-1.615
1788225137,805356558,117.500,robot_1,-2.246,4.087
1788225137,805399959,117.500,robot_0,2.686,2.908
1788225137,805417194,117.500,robot_2,3.579,-1.560
1788225138,25233108,117.720,robot_1,-2.312,4.088
1788225138,25259970,117.720,robot_0,2.739,2.868
1788225138,25271074,117.720,robot_2,3.548,-1.501
1788225138,245059288,117.940,robot_1,-2.378,4.090
1788225138,245087890,117.940,robot_0,2.791,2.828
1788225138,245099675,117.940,robot_2,3.517,-1.443
1788225138,445525464,118.141,robot_1,-2.438,4.091
1788225138,445554143,118.141,robot_0,2.839,2.792
1788225138,445566460,118.141,robot_2,3.490,-1.389
1788225138,655393031,118.350,robot_1,-2.501,4.092
1788225138,655427862,118.350,robot_0,2.889,2.754
1788225138,655444578,118.350,robot_2,3.460,-1.334
1788225138,855409709,118.550,robot_1,-2.561,4.093
1788225138,855438676,118.550,robot_0,2.937,2.718
1788225138,855450176,118.550,robot_2,3.433,-1.281
1788225139,55726048,118.751,robot_1,-2.621,4.095
1788225139,55773840,118.751,robot_0,2.985,2.682
1788225139,55799543,118.751,robot_2,3.405,-1.227
1788225139,256056070,118.951,robot_1,-2.681,4.096
1788225139,256112072,118.951,robot_0,3.033,2.645
1788225139,256141476,118.951,robot_2,3.377,-1.174
1788225139,475699396,119.171,robot_1,-2.747,4.097
1788225139,475736352,119.171,robot_0,3.085,2.605
1788225139,475750484,119.171,robot_2,3.346,-1.116
1788225139,695191080,119.390,robot_1,-2.813,4.099
1788225139,695221222,119.390,robot_0,3.138,2.565
1788225139,695231909,119.390,robot_2,3.316,-1.057
1788225139,915662540,119.611,robot_1,-2.879,4.100
1788225139,915715646,119.611,robot_0,3.191,2.526
1788225139,915740406,119.611,robot_2,3.285,-0.999
1788225140,116076253,119.811,robot_1,-2.939,4.101
1788225140,116121043,119.811,robot_0,3.238,2.489
1788225140,116134416,119.811,robot_2,3.257,-0.946
1788225140,316163261,120.011,robot_1,-2.999,4.102
1788225140,316206540,120.011,robot_0,3.286,2.453
1788225140,316223706,120.011,robot_2,3.229,-0.893
1788225140,536071138,120.231,robot_1,-3.065,4.104
1788225140,536115379,120.231,robot_0,3.339,2.413
1788225140,536133540,120.231,robot_2,3.199,-0.834
1788225140,755563229,120.451,robot_1,-3.131,4.105
1788225140,755593657,120.451,robot_0,3.391,2.373
1788225140,755603523,120.451,robot_2,3.168,-0.776
1788225140,955629928,120.651,robot_1,-3.191,4.106
1788225140,955667439,120.651,robot_0,3.439,2.337
1788225140,955680493,120.651,robot_2,3.140,-0.722
1788225141,155722135,120.851,robot_1,-3.251,4.108
1788225141,155758389,120.851,robot_0,3.487,2.301
1788225141,155770936,120.851,robot_2,3.112,-0.669
1788225141,355821702,121.051,robot_1,-3.311,4.109
1788225141,355859640,121.051,robot_0,3.535,2.264
1788225141,355873163,121.051,robot_2,3.084,-0.616
1788225141,575613783,121.271,robot_1,-3.377,4.110
1788225141,575656145,121.271,robot_0,3.587,2.225
1788225141,575674214,121.271,robot_2,3.054,-0.558
1788225141,786281356,121.481,robot_1,-3.440,4.111
1788225141,786329602,121.481,robot_0,3.638,2.186
1788225141,786351576,121.481,robot_2,3.025,-0.502
1788225141,986661763,121.682,robot_1,-3.500,4.113
1788225141,986712082,121.682,robot_0,3.685,2.150
1788225141,986755474,121.682,robot_2,2.997,-0.449
1788225142,196404704,121.891,robot_1,-3.563,4.114
1788225142,196435742,121.891,robot_0,3.736,2.112
1788225142,196448037,121.891,robot_2,2.968,-0.393
1788225142,415869561,122.111,robot_1,-3.629,4.115
1788225142,415903780,122.111,robot_0,3.788,2.072
1788225142,415925083,122.111,robot_2,2.937,-0.334
1788225142,635651603,122.331,robot_1,-3.695,4.117
1788225142,635681119,122.331,robot_0,3.841,2.032
1788225142,635692980,122.331,robot_2,2.906,-0.276
1788225142,835913495,122.531,robot_1,-3.755,4.118
1788225142,835944328,122.531,robot_0,3.888,1.996
1788225142,835956675,122.531,robot_2,2.878,-0.223
1788225143,36130018,122.731,robot_1,-3.814,4.119
1788225143,36160951,122.731,robot_0,3.936,1.960
1788225143,36172469,122.731,robot_2,2.851,-0.170
1788225143,255736062,122.951,robot_1,-3.880,4.120
1788225143,255775163,122.951,robot_0,3.976,1.930
1788225143,255794626,122.951,robot_2,2.820,-0.111
1788225143,455862953,123.151,robot_1,-3.940,4.122
1788225143,455969744,123.151,robot_0,3.976,1.930
1788225143,456035833,123.151,robot_2,2.792,-0.058
1788225143,675275266,123.370,robot_1,-4.006,4.123
1788225143,675307067,123.370,robot_0,3.977,1.930
1788225143,675318786,123.370,robot_2,2.761,0.000
1788225143,875872686,123.571,robot_1,-4.066,4.124
1788225143,875916004,123.571,robot_0,3.977,1.930
1788225143,875936674,123.571,robot_2,2.734,0.053
1788225144,76476855,123.772,robot_1,-4.126,4.126
1788225144,76544543,123.772,robot_0,3.978,1.931
1788225144,76571279,123.772,robot_2,2.706,0.107
1788225144,295768126,123.991,robot_1,-4.192,4.127
1788225144,295819506,123.991,robot_0,3.981,1.904
1788225144,295844431,123.991,robot_2,2.675,0.165
1788225144,495909418,124.191,robot_1,-4.252,4.128
1788225144,495945367,124.191,robot_0,3.984,1.845
1788225144,495960490,124.191,robot_2,2.647,0.218
1788225144,696217701,124.391,robot_1,-4.312,4.129
1788225144,696271623,124.391,robot_0,3.985,1.785
1788225144,696297548,124.391,robot_2,2.619,0.271
1788225144,915588825,124.611,robot_1,-4.341,4.130
1788225144,915621417,124.611,robot_0,3.986,1.719
1788225144,915633111,124.611,robot_2,2.589,0.330
1788225145,117170413,124.812,robot_1,-4.341,4.130
1788225145,117203839,124.812,robot_0,3.988,1.659
1788225145,117215880,124.812,robot_2,2.561,0.383
1788225145,335676051,125.031,robot_1,-4.342,4.129
1788225145,335704144,125.031,robot_0,3.989,1.593
1788225145,335715149,125.031,robot_2,2.530,0.441
1788225145,535995544,125.231,robot_1,-4.342,4.129
1788225145,536061137,125.231,robot_0,3.990,1.533
1788225145,536085957,125.231,robot_2,2.502,0.495
1788225145,755016003,125.450,robot_1,-4.342,4.128
1788225145,755048486,125.450,robot_0,3.991,1.467
1788225145,755059900,125.450,robot_2,2.472,0.553
1788225145,955518979,125.651,robot_1,-4.342,4.128
1788225145,955566360,125.651,robot_0,3.992,1.407
1788225145,955601216,125.651,robot_2,2.444,0.606
1788225146,156726524,125.852,robot_1,-4.343,4.128
1788225146,156792702,125.852,robot_0,3.993,1.347
1788225146,156843245,125.852,robot_2,2.416,0.659
1788225146,374964240,126.070,robot_1,-4.343,4.128
1788225146,374994331,126.070,robot_0,3.994,1.281
1788225146,375007204,126.070,robot_2,2.386,0.718
1788225146,575475855,126.271,robot_1,-4.344,4.128
1788225146,575518880,126.271,robot_0,3.995,1.221
1788225146,575538145,126.271,robot_2,2.358,0.771
1788225146,775774741,126.471,robot_1,-4.344,4.128
1788225146,775816618,126.471,robot_0,3.996,1.161
1788225146,775834594,126.471,robot_2,2.330,0.824
1788225146,975881558,126.671,robot_1,-4.345,4.128
1788225146,975915624,126.671,robot_0,3.997,1.101
1788225146,975929317,126.671,robot_2,2.302,0.877
1788225147,175946405,126.871,robot_1,-4.345,4.128
1788225147,175995281,126.871,robot_0,3.998,1.041
1788225147,176013881,126.871,robot_2,2.274,0.930
1788225147,396351345,127.091,robot_1,-4.346,4.128
1788225147,396399656,127.091,robot_0,4.000,0.975
1788225147,396423147,127.091,robot_2,2.244,0.989
1788225147,622168521,127.317,robot_1,-4.346,4.129
1788225147,622230314,127.317,robot_0,4.001,0.909
1788225147,622257327,127.317,robot_2,2.213,1.047
1788225147,825757280,127.521,robot_1,-4.346,4.129
1788225147,825788918,127.521,robot_0,4.002,0.846
1788225147,825801959,127.521,robot_2,2.184,1.103
1788225148,45629840,127.741,robot_1,-4.346,4.129
1788225148,45659492,127.741,robot_0,4.003,0.780
1788225148,45671685,127.741,robot_2,2.153,1.162
1788225148,246119240,127.941,robot_1,-4.332,4.132
1788225148,246158336,127.941,robot_0,4.004,0.720
1788225148,246174909,127.941,robot_2,2.125,1.215
1788225148,466358729,128.161,robot_1,-4.267,4.139
1788225148,466414779,128.161,robot_0,4.005,0.654
1788225148,466444441,128.161,robot_2,2.095,1.273
1788225148,678440926,128.373,robot_1,-4.207,4.143
1788225148,678491913,128.374,robot_0,4.006,0.594
1788225148,678515760,128.374,robot_2,2.067,1.326
1788225148,898410664,128.593,robot_1,-4.141,4.146
1788225148,898461471,128.593,robot_0,4.007,0.528
1788225148,898482429,128.594,robot_2,2.036,1.385
1788225149,130018472,128.825,robot_1,-4.075,4.150
1788225149,130117017,128.825,robot_0,4.009,0.462
1788225149,130132090,128.825,robot_2,2.005,1.443
1788225149,348689849,129.044,robot_1,-4.009,4.154
1788225149,348734703,129.044,robot_0,4.010,0.396
1788225149,348752905,129.044,robot_2,1.975,1.502
1788225149,549900146,129.245,robot_1,-3.949,4.157
1788225149,549956960,129.245,robot_0,4.011,0.336
1788225149,550000271,129.245,robot_2,1.947,1.555
1788225149,768231447,129.463,robot_1,-3.884,4.161
1788225149,768264944,129.463,robot_0,4.012,0.270
1788225149,768279746,129.463,robot_2,1.916,1.613
1788225149,987916289,129.683,robot_1,-3.818,4.165
1788225149,987948214,129.683,robot_0,4.013,0.204
1788225149,987960608,129.683,robot_2,1.886,1.672
1788225150,198697165,129.894,robot_1,-3.755,4.169
1788225150,198752172,129.894,robot_0,4.014,0.141
1788225150,198778749,129.894,robot_2,1.856,1.728
1788225150,398979986,130.094,robot_1,-3.695,4.172
1788225150,399031949,130.094,robot_0,4.015,0.081
1788225150,399052186,130.094,robot_2,1.829,1.781
1788225150,599267587,130.294,robot_1,-3.635,4.176
1788225150,599320623,130.294,robot_0,4.016,0.021
1788225150,599353720,130.294,robot_2,1.801,1.834
1788225150,799319624,130.494,robot_1,-3.575,4.179
1788225150,799374106,130.494,robot_0,4.017,-0.039
1788225150,799401585,130.494,robot_2,1.773,1.887
1788225151,18442785,130.713,robot_1,-3.509,4.183
1788225151,18479501,130.713,robot_0,4.018,-0.105
1788225151,18497433,130.714,robot_2,1.742,1.945
1788225151,227972006,130.923,robot_1,-3.446,4.186
1788225151,228000874,130.923,robot_0,4.020,-0.168
1788225151,228020056,130.923,robot_2,1.713,2.001
1788225151,428784088,131.124,robot_1,-3.386,4.190
1788225151,428837740,131.124,robot_0,4.021,-0.228
1788225151,428862667,131.124,robot_2,1.685,2.054
1788225151,648096303,131.343,robot_1,-3.320,4.194
1788225151,648128110,131.343,robot_0,4.022,-0.294
1788225151,648140905,131.343,robot_2,1.655,2.113
1788225151,849184970,131.544,robot_1,-3.261,4.197
1788225151,849227213,131.544,robot_0,4.023,-0.354
1788225151,849245908,131.544,robot_2,1.627,2.166
1788225152,49444431,131.744,robot_1,-3.201,4.201
1788225152,49506044,131.745,robot_0,4.024,-0.414
1788225152,49535011,131.745,robot_2,1.599,2.219
1788225152,258841371,131.954,robot_1,-3.138,4.204
1788225152,258899130,131.954,robot_0,4.025,-0.477
1788225152,258923879,131.954,robot_2,1.570,2.275
1788225152,459171599,132.154,robot_1,-3.078,4.208
1788225152,459213915,132.154,robot_0,4.026,-0.537
1788225152,459225476,132.154,robot_2,1.542,2.328
1788225152,659585056,132.355,robot_1,-3.018,4.211
1788225152,659643034,132.355,robot_0,4.027,-0.597
1788225152,659667473,132.355,robot_2,1.514,2.381
1788225152,878931062,132.574,robot_1,-2.952,4.215
1788225152,878983767,132.574,robot_0,4.028,-0.663
1788225152,879017348,132.574,robot_2,1.483,2.440
1788225153,98144638,132.793,robot_1,-2.886,4.219
1788225153,98175312,132.793,robot_0,4.029,-0.729
1788225153,98187810,132.793,robot_2,1.453,2.498
1788225153,298728045,132.994,robot_1,-2.826,4.222
1788225153,298766149,132.994,robot_0,4.030,-0.789
1788225153,298781983,132.994,robot_2,1.425,2.551
1788225153,499311244,133.194,robot_1,-2.766,4.226
1788225153,499367216,133.194,robot_0,4.032,-0.849
1788225153,499393567,133.194,robot_2,1.397,2.605
1788225153,718136162,133.413,robot_1,-2.700,4.230
1788225153,718168396,133.413,robot_0,4.033,-0.915
1788225153,718181338,133.413,robot_2,1.366,2.663
1788225153,918918857,133.614,robot_1,-2.641,4.233
1788225153,918973273,133.614,robot_0,4.034,-0.975
1788225153,918999730,133.614,robot_2,1.338,2.716
1788225154,144982397,133.840,robot_1,-2.575,4.237
1788225154,145023175,133.840,robot_0,4.035,-1.041
1788225154,145036079,133.840,robot_2,1.308,2.775
1788225154,348854908,134.044,robot_1,-2.512,4.240
1788225154,348888996,134.044,robot_0,4.036,-1.104
1788225154,348903324,134.044,robot_2,1.279,2.830
1788225154,567921265,134.263,robot_1,-2.446,4.244
1788225154,567949866,134.263,robot_0,4.037,-1.170
1788225154,567961591,134.263,robot_2,1.248,2.889
1788225154,768104952,134.463,robot_1,-2.386,4.248
1788225154,768134446,134.463,robot_0,4.038,-1.230
1788225154,768146553,134.463,robot_2,1.220,2.942
1788225154,989208928,134.684,robot_1,-2.320,4.251
1788225154,989278241,134.684,robot_0,4.039,-1.296
1788225154,989308069,134.684,robot_2,1.190,3.000
1788225155,198142283,134.893,robot_1,-2.257,4.255
1788225155,198172851,134.893,robot_0,4.040,-1.359
1788225155,198184816,134.893,robot_2,1.160,3.056
1788225155,418589192,135.114,robot_1,-2.191,4.259
1788225155,418637587,135.114,robot_0,4.042,-1.425
1788225155,418654599,135.114,robot_2,1.130,3.115
1788225155,619187588,135.314,robot_1,-2.131,4.262
1788225155,619228380,135.314,robot_0,4.043,-1.485
1788225155,619244879,135.314,robot_2,1.102,3.168
1788225155,819189194,135.514,robot_1,-2.072,4.266
1788225155,819231922,135.514,robot_0,4.044,-1.545
1788225155,819249230,135.514,robot_2,1.074,3.221
1788225156,19500341,135.715,robot_1,-2.012,4.269
1788225156,19553352,135.715,robot_0,4.045,-1.605
1788225156,19576984,135.715,robot_2,1.046,3.274
1788225156,238501415,135.934,robot_1,-1.946,4.273
1788225156,238535746,135.934,robot_0,4.046,-1.671
1788225156,238553377,135.934,robot_2,1.015,3.333
1788225156,458483009,136.154,robot_1,-1.880,4.277
1788225156,458515380,136.154,robot_0,4.047,-1.737
1788225156,458527988,136.154,robot_2,0.985,3.391
1788225156,658931271,136.354,robot_1,-1.820,4.280
1788225156,658986249,136.354,robot_0,4.048,-1.797
1788225156,659017536,136.354,robot_2,0.957,3.444
1788225156,859073600,136.554,robot_1,-1.761,4.284
1788225156,859121330,136.554,robot_0,4.049,-1.857
1788225156,859136058,136.554,robot_2,0.929,3.497
1788225157,59113523,136.754,robot_1,-1.749,4.284
1788225157,59143640,136.754,robot_0,4.050,-1.917
1788225157,59155629,136.754,robot_2,0.901,3.551
1788225157,259219862,136.954,robot_1,-1.748,4.285
1788225157,259268510,136.954,robot_0,4.051,-1.977
1788225157,259280791,136.954,robot_2,0.873,3.604
1788225157,478392384,137.173,robot_1,-1.697,4.273
1788225157,478420957,137.173,robot_0,4.052,-2.043
1788225157,478432776,137.173,robot_2,0.843,3.662
1788225157,690526299,137.386,robot_1,-1.640,4.255
1788225157,690561816,137.386,robot_0,4.054,-2.103
1788225157,690578191,137.386,robot_2,0.815,3.715
1788225157,890788438,137.586,robot_1,-1.583,4.237
1788225157,890817674,137.586,robot_0,4.055,-2.163
1788225157,890829800,137.586,robot_2,0.787,3.768
1788225158,111289106,137.806,robot_1,-1.520,4.217
1788225158,111351073,137.806,robot_0,4.056,-2.229
1788225158,111382544,137.806,robot_2,0.757,3.827
1788225158,322216970,138.017,robot_1,-1.460,4.198
1788225158,322279012,138.017,robot_0,4.057,-2.292
1788225158,322314393,138.017,robot_2,0.727,3.883
1788225158,540991559,138.236,robot_1,-1.397,4.178
1788225158,541045534,138.236,robot_0,4.058,-2.358
1788225158,541072184,138.236,robot_2,0.697,3.941
1788225158,750393146,138.445,robot_1,-1.337,4.159
1788225158,750424645,138.445,robot_0,4.059,-2.421
1788225158,750435120,138.445,robot_2,0.667,3.997
1788225158,950582911,138.646,robot_1,-1.280,4.141
1788225158,950615345,138.646,robot_0,4.060,-2.481
1788225158,950626976,138.646,robot_2,0.660,4.012
1788225159,154147278,138.849,robot_1,-1.225,4.124
1788225159,154182205,138.849,robot_0,4.061,-2.538
1788225159,154192970,138.849,robot_2,0.660,4.012
1788225159,374254284,139.069,robot_1,-1.162,4.104
1788225159,374305369,139.069,robot_0,4.062,-2.604
1788225159,374328374,139.069,robot_2,0.660,4.012
1788225159,574294721,139.269,robot_1,-1.105,4.086
1788225159,574350321,139.269,robot_0,4.063,-2.664
1788225159,574376509,139.269,robot_2,0.660,4.013
1788225159,774683173,139.470,robot_1,-1.048,4.068
1788225159,774723873,139.470,robot_0,4.064,-2.724
1788225159,774739477,139.470,robot_2,0.660,4.013
1788225159,993697013,139.689,robot_1,-0.985,4.048
1788225159,993739197,139.689,robot_0,4.066,-2.790
1788225159,993758235,139.689,robot_2,0.609,4.027
1788225160,204287219,139.899,robot_1,-0.925,4.029
1788225160,204339368,139.899,robot_0,4.067,-2.853
1788225160,204364547,139.899,robot_2,0.547,4.040
1788225160,423948082,140.119,robot_1,-0.862,4.009
1788225160,423983034,140.119,robot_0,4.068,-2.919
1788225160,423996832,140.119,robot_2,0.483,4.052
1788225160,624411612,140.319,robot_1,-0.805,3.991
1788225160,624463715,140.319,robot_0,4.069,-2.979
1788225160,624490699,140.320,robot_2,0.424,4.064
1788225160,824704878,140.520,robot_1,-0.748,3.973
1788225160,824761209,140.520,robot_0,4.070,-3.039
1788225160,824786903,140.520,robot_2,0.365,4.075
1788225161,43975260,140.739,robot_1,-0.685,3.953
1788225161,44006525,140.739,robot_0,4.071,-3.105
1788225161,44023676,140.739,robot_2,0.300,4.088
1788225161,254157056,140.949,robot_1,-0.625,3.934
1788225161,254195799,140.949,robot_0,4.072,-3.168
1788225161,254215422,140.949,robot_2,0.238,4.100
1788225161,454503257,141.150,robot_1,-0.568,3.916
1788225161,454554126,141.150,robot_0,4.073,-3.228
1788225161,454581073,141.150,robot_2,0.221,4.103
1788225161,654574329,141.350,robot_1,-0.554,3.911
1788225161,654640616,141.350,robot_0,4.074,-3.288
1788225161,654674693,141.350,robot_2,0.221,4.103
1788225161,855021752,141.550,robot_1,-0.554,3.912
1788225161,855050599,141.550,robot_0,4.075,-3.348
1788225161,855063112,141.550,robot_2,0.221,4.103
1788225162,55341027,141.750,robot_1,-0.554,3.912
1788225162,55389993,141.750,robot_0,4.076,-3.408
1788225162,55414383,141.750,robot_2,0.221,4.102
1788225162,264815096,141.960,robot_1,-0.553,3.912
1788225162,264866902,141.960,robot_0,4.077,-3.471
1788225162,264891298,141.960,robot_2,0.221,4.102
1788225162,484530781,142.180,robot_1,-0.522,3.869
1788225162,484593463,142.180,robot_0,4.079,-3.536
1788225162,484627511,142.180,robot_2,0.220,4.102
1788225162,685124655,142.380,robot_1,-0.491,3.818
1788225162,685179940,142.380,robot_0,4.080,-3.596
1788225162,685205308,142.380,robot_2,0.220,4.102
1788225162,903929119,142.599,robot_1,-0.457,3.761
1788225162,903962943,142.599,robot_0,4.081,-3.662
1788225162,903984846,142.599,robot_2,0.220,4.102
1788225163,104413805,142.799,robot_1,-0.426,3.710
1788225163,104488299,142.800,robot_0,4.082,-3.722
1788225163,104536129,142.800,robot_2,0.220,4.102
1788225163,304852819,143.000,robot_1,-0.395,3.658
1788225163,304911300,143.000,robot_0,4.083,-3.782
1788225163,304938142,143.000,robot_2,0.221,4.102
1788225163,524488958,143.220,robot_1,-0.362,3.602
1788225163,524534907,143.220,robot_0,4.084,-3.848
1788225163,524561153,143.220,robot_2,0.221,4.103
1788225163,743914965,143.439,robot_1,-0.328,3.545
1788225163,743941866,143.439,robot_0,4.085,-3.914
1788225163,743954172,143.439,robot_2,0.221,4.103
1788225163,944564766,143.640,robot_1,-0.297,3.494
1788225163,944616240,143.640,robot_0,4.086,-3.974
1788225163,944642160,143.640,robot_2,0.211,4.104
1788225164,144557182,143.840,robot_1,-0.266,3.442
1788225164,144591607,143.840,robot_0,4.087,-4.034
1788225164,144606964,143.840,robot_2,0.153,4.104
1788225164,364027482,144.059,robot_1,-0.232,3.385
1788225164,364064949,144.059,robot_0,4.089,-4.100
1788225164,364082720,144.059,robot_2,0.087,4.102
1788225164,584597032,144.280,robot_1,-0.198,3.329
1788225164,584664269,144.280,robot_0,4.090,-4.166
1788225164,584693067,144.280,robot_2,0.021,4.098
1788225164,794551308,144.490,robot_1,-0.166,3.275
1788225164,794606089,144.490,robot_0,4.091,-4.229
1788225164,794633122,144.490,robot_2,-0.042,4.095
1788225165,14037851,144.709,robot_1,-0.132,3.218
1788225165,14099120,144.709,robot_0,4.091,-4.261
1788225165,14125758,144.709,robot_2,-0.108,4.092
1788225165,223872801,144.919,robot_1,-0.099,3.164
1788225165,223899934,144.919,robot_0,4.091,-4.261
1788225165,223911213,144.919,robot_2,-0.171,4.089
1788225165,423895909,145.119,robot_1,-0.069,3.113
1788225165,423922615,145.119,robot_0,4.091,-4.262
1788225165,423934439,145.119,robot_2,-0.231,4.086
1788225165,644139328,145.339,robot_1,-0.035,3.056
1788225165,644171010,145.339,robot_0,4.090,-4.262
1788225165,644182700,145.339,robot_2,-0.297,4.083
1788225165,863683372,145.559,robot_1,-0.001,2.999
1788225165,863717964,145.559,robot_0,4.090,-4.262
1788225165,863732082,145.559,robot_2,-0.363,4.080
1788225166,84152316,145.779,robot_1,0.033,2.943
1788225166,84190626,145.779,robot_0,4.089,-4.263
1788225166,84207460,145.779,robot_2,-0.429,4.077
1788225166,303910346,145.999,robot_1,0.067,2.886
1788225166,303944056,145.999,robot_0,4.089,-4.263
1788225166,303956352,145.999,robot_2,-0.494,4.074
1788225166,504694817,146.200,robot_1,0.098,2.835
1788225166,504750765,146.200,robot_0,4.089,-4.264
1788225166,504778289,146.200,robot_2,-0.554,4.071
1788225166,724162938,146.419,robot_1,0.132,2.778
1788225166,724203647,146.419,robot_0,4.089,-4.264
1788225166,724220727,146.419,robot_2,-0.620,4.068
1788225166,943882149,146.639,robot_1,0.166,2.722
1788225166,943913195,146.639,robot_0,4.089,-4.265
1788225166,943925554,146.639,robot_2,-0.686,4.065
1788225167,163794002,146.859,robot_1,0.200,2.665
1788225167,163825571,146.859,robot_0,4.089,-4.265
1788225167,163838258,146.859,robot_2,-0.752,4.062
1788225167,364090258,147.059,robot_1,0.231,2.613
1788225167,364130100,147.059,robot_0,4.089,-4.266
1788225167,364148132,147.059,robot_2,-0.812,4.059
1788225167,564296196,147.259,robot_1,0.261,2.562
1788225167,564338986,147.259,robot_0,4.090,-4.266
1788225167,564359533,147.259,robot_2,-0.872,4.056
1788225167,774561081,147.470,robot_1,0.294,2.508
1788225167,774611908,147.470,robot_0,4.090,-4.266
1788225167,774638747,147.470,robot_2,-0.935,4.053
1788225167,994348367,147.689,robot_1,0.328,2.451
1788225167,994380202,147.689,robot_0,4.090,-4.267
1788225167,994393707,147.689,robot_2,-1.001,4.050
1788225168,214577881,147.910,robot_1,0.362,2.395
1788225168,214632528,147.910,robot_0,4.091,-4.267
1788225168,214664348,147.910,robot_2,-1.067,4.047
1788225168,433980846,148.129,robot_1,0.395,2.338
1788225168,434014547,148.129,robot_0,4.097,-4.229
1788225168,434030378,148.129,robot_2,-1.133,4.044
1788225168,634512886,148.330,robot_1,0.426,2.287
1788225168,634566661,148.330,robot_0,4.102,-4.169
1788225168,634594558,148.330,robot_2,-1.193,4.041
1788225168,845517822,148.541,robot_1,0.457,2.235
1788225168,845552362,148.541,robot_0,4.105,-4.109
1788225168,845569494,148.541,robot_2,-1.253,4.038
1788225169,64462500,148.759,robot_1,0.491,2.179
1788225169,64496292,148.760,robot_0,4.109,-4.044
1788225169,64512915,148.760,robot_2,-1.319,4.035
1788225169,276119570,148.971,robot_1,0.522,2.127
1788225169,276152025,148.971,robot_0,4.113,-3.984
1788225169,276166511,148.971,robot_2,-1.378,4.032
1788225169,476790008,149.172,robot_1,0.553,2.076
1788225169,476832598,149.172,robot_0,4.117,-3.924
1788225169,476853113,149.172,robot_2,-1.438,4.029
1788225169,677104502,149.372,robot_1,0.584,2.024
1788225169,677145841,149.372,robot_0,4.120,-3.864
1788225169,677164151,149.372,robot_2,-1.498,4.026
1788225169,896223389,149.591,robot_1,0.617,1.967
1788225169,896253945,149.591,robot_0,4.124,-3.798
1788225169,896267857,149.591,robot_2,-1.564,4.023
1788225170,96344752,149.791,robot_1,0.648,1.916
1788225170,96380254,149.791,robot_0,4.128,-3.738
1788225170,96394624,149.791,robot_2,-1.624,4.020
1788225170,306718272,150.002,robot_1,0.681,1.862
1788225170,306762957,150.002,robot_0,4.132,-3.675
1788225170,306784475,150.002,robot_2,-1.687,4.017
1788225170,507223069,150.202,robot_1,0.712,1.810
1788225170,507255913,150.202,robot_0,4.135,-3.615
1788225170,507267961,150.202,robot_2,-1.747,4.014
1788225170,716364428,150.411,robot_1,0.744,1.756
1788225170,716403934,150.411,robot_0,4.139,-3.552
1788225170,716417060,150.411,robot_2,-1.810,4.011
1788225170,916846182,150.612,robot_1,0.775,1.705
1788225170,916899188,150.612,robot_0,4.143,-3.493
1788225170,916916303,150.612,robot_2,-1.870,4.008
1788225171,135988366,150.831,robot_1,0.809,1.648
1788225171,136022662,150.831,robot_0,4.147,-3.427
1788225171,136033346,150.831,robot_2,-1.936,4.005
1788225171,336732863,151.032,robot_1,0.840,1.597
1788225171,336760674,151.032,robot_0,4.150,-3.367
1788225171,336771287,151.032,robot_2,-1.996,4.002
1788225171,557090467,151.252,robot_1,0.873,1.540
1788225171,557139468,151.252,robot_0,4.154,-3.301
1788225171,557165694,151.252,robot_2,-2.062,3.999
1788225171,766650085,151.462,robot_1,0.906,1.486
1788225171,766686235,151.462,robot_0,4.158,-3.238
1788225171,766703255,151.462,robot_2,-2.125,3.996
1788225171,986802751,151.682,robot_1,0.940,1.430
1788225171,986832658,151.682,robot_0,4.162,-3.172
1788225171,986845008,151.682,robot_2,-2.191,3.993
1788225172,207223902,151.902,robot_1,0.974,1.373
1788225172,207275321,151.902,robot_0,4.166,-3.106
1788225172,207301491,151.902,robot_2,-2.256,3.990
1788225172,427147634,152.122,robot_1,1.008,1.316
1788225172,427219357,152.122,robot_0,4.170,-3.040
1788225172,427243702,152.122,robot_2,-2.322,3.987
1788225172,646572128,152.342,robot_1,1.041,1.260
1788225172,646605572,152.342,robot_0,4.174,-2.974
1788225172,646617735,152.342,robot_2,-2.388,3.984
1788225172,866840818,152.562,robot_1,1.075,1.203
1788225172,866872970,152.562,robot_0,4.178,-2.909
1788225172,866884798,152.562,robot_2,-2.454,3.981
1788225173,67428537,152.762,robot_1,1.106,1.152
1788225173,67467554,152.762,robot_0,4.181,-2.849
1788225173,67484089,152.763,robot_2,-2.514,3.978
1788225173,286935537,152.982,robot_1,1.140,1.095
1788225173,287004356,152.982,robot_0,4.185,-2.783
1788225173,287058213,152.982,robot_2,-2.580,3.975
1788225173,507079746,153.202,robot_1,1.174,1.038
1788225173,507134986,153.202,robot_0,4.189,-2.717
1788225173,507160770,153.202,robot_2,-2.646,3.972
1788225173,726490842,153.422,robot_1,1.208,0.982
1788225173,726521510,153.422,robot_0,4.193,-2.651
1788225173,726534722,153.422,robot_2,-2.712,3.968
1788225173,947507597,153.643,robot_1,1.242,0.925
1788225173,947563409,153.643,robot_0,4.197,-2.585
1788225173,947586584,153.643,robot_2,-2.778,3.965
1788225174,166721270,153.862,robot_1,1.276,0.869
1788225174,166765990,153.862,robot_0,4.201,-2.519
1788225174,166783195,153.862,robot_2,-2.844,3.962
1788225174,377187317,154.072,robot_1,1.308,0.815
1788225174,377261986,154.072,robot_0,4.205,-2.456
1788225174,377295553,154.072,robot_2,-2.907,3.959
1788225174,577419134,154.272,robot_1,1.339,0.763
1788225174,577473242,154.272,robot_0,4.209,-2.397
1788225174,577502409,154.273,robot_2,-2.967,3.956
1788225174,797016928,154.492,robot_1,1.373,0.706
1788225174,797051511,154.492,robot_0,4.213,-2.331
1788225174,797066026,154.492,robot_2,-3.033,3.953
1788225175,16728881,154.712,robot_1,1.407,0.650
1788225175,16759350,154.712,robot_0,4.217,-2.265
1788225175,16772393,154.712,robot_2,-3.098,3.950
1788225175,226689944,154.922,robot_1,1.439,0.596
1788225175,226737737,154.922,robot_0,4.220,-2.202
1788225175,226766993,154.922,robot_2,-3.161,3.947
1788225175,446570795,155.142,robot_1,1.473,0.539
1788225175,446601906,155.142,robot_0,4.224,-2.136
1788225175,446619737,155.142,robot_2,-3.227,3.944
1788225175,646756012,155.342,robot_1,1.504,0.488
1788225175,646804016,155.342,robot_0,4.228,-2.076
1788225175,646832397,155.342,robot_2,-3.287,3.941
1788225175,846961841,155.542,robot_1,1.535,0.436
1788225175,846990135,155.542,robot_0,4.232,-2.016
1788225175,847002957,155.542,robot_2,-3.347,3.938
1788225176,66642018,155.762,robot_1,1.569,0.380
1788225176,66674169,155.762,robot_0,4.236,-1.950
1788225176,66689821,155.762,robot_2,-3.413,3.935
1788225176,286170774,155.981,robot_1,1.603,0.323
1788225176,286207203,155.981,robot_0,4.240,-1.884
1788225176,286220276,155.981,robot_2,-3.479,3.932
1788225176,487080390,156.182,robot_1,1.634,0.272
1788225176,487140416,156.182,robot_0,4.243,-1.825
1788225176,487164078,156.182,robot_2,-3.539,3.929
1788225176,706507524,156.402,robot_1,1.667,0.215
1788225176,706540139,156.402,robot_0,4.247,-1.759
1788225176,706552263,156.402,robot_2,-3.605,3.926
1788225176,906713141,156.602,robot_1,1.698,0.163
1788225176,906743487,156.602,robot_0,4.251,-1.699
1788225176,906755294,156.602,robot_2,-3.665,3.923
1788225177,107485970,156.803,robot_1,1.729,0.112
1788225177,107527539,156.803,robot_0,4.254,-1.639
1788225177,107543678,156.803,robot_2,-3.725,3.920
1788225177,326596869,157.022,robot_1,1.763,0.055
1788225177,326646736,157.022,robot_0,4.258,-1.573
1788225177,326669621,157.022,robot_2,-3.791,3.917
1788225177,546207383,157.241,robot_1,1.797,-0.001
1788225177,546236619,157.241,robot_0,4.262,-1.507
1788225177,546246798,157.241,robot_2,-3.857,3.914
1788225177,748038560,157.443,robot_1,1.828,-0.053
1788225177,748109892,157.443,robot_0,4.266,-1.447
1788225177,748140726,157.443,robot_2,-3.917,3.911
1788225177,967187677,157.662,robot_1,1.862,-0.109
1788225177,967228219,157.662,robot_0,4.270,-1.381
1788225177,967244122,157.662,robot_2,-3.982,3.908
1788225178,186963370,157.882,robot_1,1.896,-0.166
1788225178,186999590,157.882,robot_0,4.274,-1.315
1788225178,187022485,157.882,robot_2,-4.048,3.905
1788225178,407429413,158.102,robot_1,1.930,-0.223
1788225178,407482139,158.103,robot_0,4.278,-1.250
1788225178,407508349,158.103,robot_2,-4.114,3.902
1788225178,626236129,158.321,robot_1,1.963,-0.279
1788225178,626266114,158.321,robot_0,4.279,-1.224
1788225178,626278447,158.321,robot_2,-4.180,3.899
1788225178,845920968,158.541,robot_1,1.997,-0.336
1788225178,845949548,158.541,robot_0,4.280,-1.223
1788225178,845963169,158.541,robot_2,-4.246,3.895
1788225179,46487911,158.742,robot_1,2.028,-0.387
1788225179,46517149,158.742,robot_0,4.270,-1.181
1788225179,46529131,158.742,robot_2,-4.266,3.895
1788225179,246678221,158.942,robot_1,2.059,-0.439
1788225179,246708282,158.942,robot_0,4.253,-1.123
1788225179,246720068,158.942,robot_2,-4.266,3.895
1788225179,447156733,159.142,robot_1,2.090,-0.490
1788225179,447188933,159.142,robot_0,4.235,-1.066
1788225179,447203343,159.142,robot_2,-4.266,3.895
1788225179,666449795,159.361,robot_1,2.124,-0.547
1788225179,666480195,159.361,robot_0,4.216,-1.003
1788225179,666492080,159.362,robot_2,-4.266,3.895
1788225179,866814135,159.562,robot_1,2.155,-0.598
1788225179,866864550,159.562,robot_0,4.198,-0.946
1788225179,866890143,159.562,robot_2,-4.267,3.896
1788225180,86749773,159.782,robot_1,2.189,-0.655
1788225180,86781181,159.782,robot_0,4.178,-0.883
1788225180,86809645,159.782,robot_2,-4.267,3.896
1788225180,306243924,160.001,robot_1,2.222,-0.712
1788225180,306276914,160.001,robot_0,4.158,-0.820
1788225180,306289834,160.001,robot_2,-4.267,3.896
1788225180,506800592,160.202,robot_1,2.253,-0.763
1788225180,506853071,160.202,robot_0,4.140,-0.762
1788225180,506878917,160.202,robot_2,-4.268,3.896
1788225180,707568380,160.403,robot_1,2.284,-0.814
1788225180,707598600,160.403,robot_0,4.122,-0.705
1788225180,707610108,160.403,robot_2,-4.268,3.896
1788225180,926054938,160.621,robot_1,2.318,-0.871
1788225180,926081160,160.621,robot_0,4.102,-0.642
1788225180,926092184,160.621,robot_2,-4.267,3.890
1788225181,127185211,160.822,robot_1,2.349,-0.923
1788225181,127235140,160.822,robot_0,4.084,-0.585
1788225181,127258607,160.822,robot_2,-4.255,3.835
1788225181,336057306,161.031,robot_1,2.381,-0.977
1788225181,336085672,161.031,robot_0,4.065,-0.525
1788225181,336095609,161.031,robot_2,-4.238,3.775
1788225181,536703471,161.232,robot_1,2.412,-1.028
1788225181,536737452,161.232,robot_0,4.047,-0.468
1788225181,536749379,161.232,robot_2,-4.221,3.717
1788225181,748152035,161.443,robot_1,2.443,-1.080
1788225181,748178825,161.443,robot_0,4.029,-0.410
1788225181,748190102,161.443,robot_2,-4.205,3.659
1788225181,949257702,161.644,robot_1,2.474,-1.131
1788225181,949352663,161.644,robot_0,4.011,-0.353
1788225181,949384980,161.644,robot_2,-4.188,3.602
1788225182,169058461,161.864,robot_1,2.508,-1.188
1788225182,169115625,161.864,robot_0,3.992,-0.290
1788225182,169152250,161.864,robot_2,-4.170,3.538
1788225182,383370728,162.078,robot_1,2.539,-1.239
1788225182,383419711,162.078,robot_0,3.974,-0.233
1788225182,383445963,162.078,robot_2,-4.153,3.481
1788225182,602626012,162.298,robot_1,2.572,-1.296
1788225182,602655391,162.298,robot_0,3.954,-0.170
1788225182,602667777,162.298,robot_2,-4.135,3.417
1788225182,803443885,162.498,robot_1,2.603,-1.347
1788225182,803493589,162.499,robot_0,3.936,-0.113
1788225182,803520714,162.499,robot_2,-4.118,3.360
1788225183,3476129,162.699,robot_1,2.634,-1.399
1788225183,3520661,162.699,robot_0,3.918,-0.056
1788225183,3545285,162.699,robot_2,-4.102,3.302
1788225183,227850355,162.923,robot_1,2.668,-1.455
1788225183,227880498,162.923,robot_0,3.898,0.007
1788225183,227894021,162.923,robot_2,-4.083,3.238
1788225183,433482431,163.129,robot_1,2.700,-1.509
1788225183,433526492,163.129,robot_0,3.879,0.068
1788225183,433545779,163.129,robot_2,-4.066,3.178
1788225183,633597843,163.329,robot_1,2.731,-1.561
1788225183,633651794,163.329,robot_0,3.861,0.125
1788225183,633678648,163.329,robot_2,-4.049,3.120
1788225183,833618973,163.529,robot_1,2.762,-1.612
1788225183,833669391,163.529,robot_0,3.843,0.182
1788225183,833694650,163.529,robot_2,-4.033,3.063
1788225184,52326726,163.747,robot_1,2.796,-1.669
1788225184,52359794,163.747,robot_0,3.823,0.245
1788225184,52372961,163.747,robot_2,-4.014,2.999
1788225184,262625568,163.958,robot_1,2.828,-1.723
1788225184,262659467,163.958,robot_0,3.804,0.305
1788225184,262672751,163.958,robot_2,-3.997,2.939
1788225184,462825989,164.158,robot_1,2.859,-1.774
1788225184,462866291,164.158,robot_0,3.786,0.362
1788225184,462881936,164.158,robot_2,-3.980,2.881
1788225184,663171632,164.358,robot_1,2.890,-1.826
1788225184,663208210,164.358,robot_0,3.768,0.420
1788225184,663221387,164.358,robot_2,-3.963,2.823
1788225184,863321972,164.558,robot_1,2.921,-1.877
1788225184,863379635,164.558,robot_0,3.750,0.477
1788225184,863404425,164.558,robot_2,-3.947,2.766
1788225185,82541969,164.778,robot_1,2.955,-1.934
1788225185,82574047,164.778,robot_0,3.731,0.540
1788225185,82586203,164.778,robot_2,-3.929,2.702
1788225185,292915581,164.988,robot_1,2.987,-1.988
1788225185,292972843,164.988,robot_0,3.712,0.600
1788225185,292996554,164.988,robot_2,-3.911,2.642
1788225185,512478950,165.208,robot_1,3.021,-2.045
1788225185,512510712,165.208,robot_0,3.692,0.663
1788225185,512521811,165.208,robot_2,-3.893,2.578
1788225185,713163640,165.408,robot_1,3.050,-2.094
1788225185,713197235,165.408,robot_0,3.675,0.717
1788225185,713209691,165.408,robot_2,-3.877,2.524
1788225185,932567253,165.628,robot_1,3.084,-2.150
1788225185,932601513,165.628,robot_0,3.655,0.780
1788225185,932620320,165.628,robot_2,-3.859,2.460
1788225186,134005689,165.829,robot_1,3.115,-2.202
1788225186,134082058,165.829,robot_0,3.637,0.837
1788225186,134108110,165.829,robot_2,-3.842,2.403
1788225186,352621040,166.048,robot_1,3.149,-2.258
1788225186,352653976,166.048,robot_0,3.617,0.900
1788225186,352665351,166.048,robot_2,-3.824,2.339
1788225186,552871623,166.248,robot_1,3.180,-2.310
1788225186,552923165,166.248,robot_0,3.599,0.958
1788225186,552945151,166.248,robot_2,-3.807,2.282
1788225186,763229314,166.458,robot_1,3.212,-2.364
1788225186,763266888,166.458,robot_0,3.580,1.018
1788225186,763281007,166.458,robot_2,-3.790,2.221
1788225186,982847266,166.678,robot_1,3.246,-2.420
1788225186,982883728,166.678,robot_0,3.561,1.081
1788225186,982897607,166.678,robot_2,-3.771,2.158
1788225187,183586733,166.879,robot_1,3.277,-2.472
1788225187,183624491,166.879,robot_0,3.543,1.138
1788225187,183639998,166.879,robot_2,-3.755,2.100
1788225187,393086540,167.088,robot_1,3.309,-2.526
1788225187,393119645,167.088,robot_0,3.524,1.198
1788225187,393131668,167.088,robot_2,-3.737,2.039
1788225187,613567271,167.309,robot_1,3.343,-2.582
1788225187,613648373,167.309,robot_0,3.504,1.261
1788225187,613676060,167.309,robot_2,-3.719,1.976
1788225187,813702006,167.509,robot_1,3.374,-2.634
1788225187,813755294,167.509,robot_0,3.486,1.318
1788225187,813779323,167.509,robot_2,-3.702,1.918
1788225188,33491279,167.729,robot_1,3.408,-2.691
1788225188,33538434,167.729,robot_0,3.466,1.381
1788225188,33559576,167.729,robot_2,-3.684,1.855
1788225188,244564248,167.940,robot_1,3.439,-2.742
1788225188,244615394,167.940,robot_0,3.448,1.438
1788225188,244637654,167.940,robot_2,-3.667,1.797
1788225188,463912875,168.159,robot_1,3.473,-2.799
1788225188,463945271,168.159,robot_0,3.428,1.501
1788225188,463956079,168.159,robot_2,-3.649,1.734
1788225188,664638279,168.360,robot_1,3.504,-2.850
1788225188,664667421,168.360,robot_0,3.410,1.559
1788225188,664676583,168.360,robot_2,-3.632,1.676
1788225188,874623807,168.570,robot_1,3.536,-2.904
1788225188,874653305,168.570,robot_0,3.392,1.619
1788225188,874661910,168.570,robot_2,-3.615,1.616
1788225189,93849611,168.789,robot_1,3.570,-2.961
1788225189,93879725,168.789,robot_0,3.372,1.682
1788225189,93890056,168.789,robot_2,-3.597,1.552
1788225189,294263974,168.989,robot_1,3.601,-3.012
1788225189,294300979,168.989,robot_0,3.354,1.739
1788225189,294318085,168.989,robot_2,-3.580,1.495
1788225189,495283380,169.190,robot_1,3.632,-3.064
1788225189,495332493,169.190,robot_0,3.336,1.796
1788225189,495359215,169.190,robot_2,-3.563,1.437
1788225189,714387575,169.409,robot_1,3.666,-3.120
1788225189,714431740,169.409,robot_0,3.316,1.859
1788225189,714450918,169.409,robot_2,-3.545,1.374
1788225189,934327667,169.629,robot_1,3.700,-3.177
1788225189,934359237,169.629,robot_0,3.296,1.922
1788225189,934370897,169.629,robot_2,-3.527,1.310
1788225190,135028294,169.830,robot_1,3.730,-3.228
1788225190,135082355,169.830,robot_0,3.278,1.979
1788225190,135108361,169.830,robot_2,-3.510,1.253
1788225190,354622740,170.050,robot_1,3.764,-3.285
1788225190,354655286,170.050,robot_0,3.258,2.042
1788225190,354668424,170.050,robot_2,-3.492,1.189
1788225190,554798749,170.250,robot_1,3.795,-3.337
1788225190,554840826,170.250,robot_0,3.240,2.100
1788225190,554858274,170.250,robot_2,-3.475,1.132
1788225190,764124475,170.459,robot_1,3.827,-3.391
1788225190,764165856,170.459,robot_0,3.222,2.160
1788225190,764183217,170.459,robot_2,-3.458,1.071
1788225190,964279924,170.659,robot_1,3.858,-3.442
1788225190,964316785,170.659,robot_0,3.204,2.217
1788225190,964334310,170.659,robot_2,-3.441,1.013
1788225191,183966470,170.879,robot_1,3.892,-3.499
1788225191,183996969,170.879,robot_0,3.184,2.280
1788225191,184014906,170.879,robot_2,-3.423,0.950
1788225191,384859876,171.080,robot_1,3.923,-3.550
1788225191,384916558,171.080,robot_0,3.166,2.337
1788225191,384943874,171.080,robot_2,-3.406,0.892
1788225191,584902955,171.280,robot_1,3.954,-3.602
1788225191,584961970,171.280,robot_0,3.148,2.394
1788225191,584984955,171.280,robot_2,-3.389,0.835
1788225191,793962760,171.489,robot_1,3.986,-3.656
1788225191,793995885,171.489,robot_0,3.129,2.454
1788225191,794006266,171.489,robot_2,-3.372,0.774
1788225192,14670108,171.710,robot_1,4.020,-3.712
1788225192,14729703,171.710,robot_0,3.109,2.517
1788225192,14751564,171.710,robot_2,-3.354,0.711
1788225192,233856009,171.929,robot_1,4.054,-3.769
1788225192,233887614,171.929,robot_0,3.089,2.580
1788225192,233897750,171.929,robot_2,-3.335,0.647
1788225192,434166289,172.129,robot_1,4.064,-3.786
1788225192,434200883,172.129,robot_0,3.071,2.638
1788225192,434213306,172.129,robot_2,-3.319,0.590
1788225192,654376517,172.349,robot_1,4.065,-3.786
1788225192,654407348,172.349,robot_0,3.051,2.701
1788225192,654420042,172.349,robot_2,-3.300,0.526
1788225192,854848026,172.550,robot_1,4.065,-3.786
1788225192,854884947,172.550,robot_0,3.033,2.758
1788225192,854900228,172.550,robot_2,-3.284,0.469
1788225193,55220216,172.750,robot_1,4.069,-3.830
1788225193,55265035,172.750,robot_0,3.016,2.815
1788225193,55283755,172.750,robot_2,-3.267,0.411
1788225193,273928893,172.969,robot_1,4.070,-3.896
1788225193,273963409,172.969,robot_0,2.996,2.878
1788225193,273976713,172.969,robot_2,-3.249,0.348
1788225193,474101022,173.169,robot_1,4.069,-3.956
1788225193,474132556,173.169,robot_0,2.978,2.935
1788225193,474144191,173.169,robot_2,-3.232,0.290
1788225193,674203085,173.369,robot_1,4.069,-4.016
1788225193,674253339,173.369,robot_0,2.960,2.992
1788225193,674276882,173.369,robot_2,-3.216,0.232
1788225193,894415525,173.589,robot_1,4.069,-4.082
1788225193,894462312,173.589,robot_0,2.940,3.055
1788225193,894487730,173.590,robot_2,-3.197,0.169
1788225194,94478240,173.789,robot_1,4.068,-4.142
1788225194,94512235,173.790,robot_0,2.922,3.113
1788225194,94532890,173.790,robot_2,-3.181,0.111
1788225194,294565816,173.990,robot_1,4.068,-4.202
1788225194,294600541,173.990,robot_0,2.904,3.170
1788225194,294612820,173.990,robot_2,-3.164,0.054
1788225194,514031620,174.209,robot_1,4.068,-4.233
1788225194,514062115,174.209,robot_0,2.884,3.233
1788225194,514073622,174.209,robot_2,-3.146,-0.010
1788225194,714228189,174.409,robot_1,4.068,-4.233
1788225194,714262191,174.409,robot_0,2.866,3.290
1788225194,714274795,174.409,robot_2,-3.129,-0.068
1788225194,933847958,174.629,robot_1,4.068,-4.233
1788225194,933877617,174.629,robot_0,2.846,3.353
1788225194,933888958,174.629,robot_2,-3.111,-0.131
1788225195,134569787,174.830,robot_1,4.068,-4.233
1788225195,134620152,174.830,robot_0,2.828,3.410
1788225195,134643646,174.830,robot_2,-3.094,-0.189
1788225195,353927844,175.049,robot_1,4.068,-4.233
1788225195,353959693,175.049,robot_0,2.809,3.473
1788225195,353970673,175.049,robot_2,-3.076,-0.252
1788225195,553980700,175.249,robot_1,4.068,-4.233
1788225195,554017978,175.249,robot_0,2.791,3.531
1788225195,554031775,175.249,robot_2,-3.059,-0.310
1788225195,754075945,175.449,robot_1,4.067,-4.233
1788225195,754109477,175.449,robot_0,2.773,3.588
1788225195,754120865,175.449,robot_2,-3.043,-0.367
1788225195,974273447,175.669,robot_1,4.067,-4.234
1788225195,974317495,175.669,robot_0,2.753,3.651
1788225195,974336247,175.669,robot_2,-3.024,-0.431
1788225196,194141000,175.889,robot_1,4.067,-4.234
1788225196,194182567,175.889,robot_0,2.733,3.714
1788225196,194199682,175.889,robot_2,-3.006,-0.494
1788225196,394279714,176.089,robot_1,4.066,-4.234
1788225196,394312005,176.089,robot_0,2.715,3.771
1788225196,394323823,176.089,robot_2,-2.989,-0.552
1788225196,594467651,176.289,robot_1,4.066,-4.235
1788225196,594504750,176.290,robot_0,2.697,3.828
1788225196,594520688,176.290,robot_2,-2.973,-0.609
1788225196,814540483,176.510,robot_1,4.066,-4.235
1788225196,814571628,176.510,robot_0,2.677,3.891
1788225196,814582897,176.510,robot_2,-2.954,-0.673
1788225197,33742911,176.729,robot_1,4.066,-4.236
1788225197,33771098,176.729,robot_0,2.657,3.954
1788225197,33782739,176.729,robot_2,-2.936,-0.736
1788225197,239975598,176.935,robot_1,4.066,-4.236
1788225197,240008058,176.935,robot_0,2.639,4.011
1788225197,240024733,176.935,robot_2,-2.919,-0.794
1788225197,444619610,177.140,robot_1,4.066,-4.236
1788225197,444669680,177.140,robot_0,2.621,4.071
1788225197,444690347,177.140,robot_2,-2.902,-0.854
1788225197,663901180,177.359,robot_1,4.066,-4.237
1788225197,663931849,177.359,robot_0,2.616,4.088
1788225197,663941752,177.359,robot_2,-2.884,-0.918
1788225197,864047498,177.559,robot_1,4.066,-4.237
1788225197,864088180,177.559,robot_0,2.616,4.088
1788225197,864103754,177.559,robot_2,-2.867,-0.975
1788225198,84597053,177.780,robot_1,4.067,-4.237
1788225198,84629432,177.780,robot_0,2.616,4.088
1788225198,84639711,177.780,robot_2,-2.849,-1.039
1788225198,300313109,177.995,robot_1,4.067,-4.238
1788225198,300381679,177.995,robot_0,2.617,4.088
1788225198,300413419,177.995,robot_2,-2.832,-1.097
1788225198,519328190,178.214,robot_1,4.068,-4.238
1788225198,519361646,178.214,robot_0,2.617,4.089
1788225198,519374269,178.214,robot_2,-2.814,-1.160
1788225198,720326052,178.415,robot_1,4.068,-4.238
1788225198,720377715,178.415,robot_0,2.617,4.089
1788225198,720399191,178.415,robot_2,-2.797,-1.218
1788225198,929539308,178.625,robot_1,4.069,-4.227
1788225198,929568898,178.625,robot_0,2.607,4.091
1788225198,929578220,178.625,robot_2,-2.780,-1.275
1788225199,130818663,178.826,robot_1,4.076,-4.168
1788225199,130858142,178.826,robot_0,2.549,4.096
1788225199,130874314,178.826,robot_2,-2.764,-1.333
1788225199,349814698,179.045,robot_1,4.083,-4.102
1788225199,349864166,179.045,robot_0,2.483,4.098
1788225199,349887194,179.045,robot_2,-2.746,-1.396
1788225199,570380175,179.265,robot_1,4.089,-4.037
1788225199,570414398,179.265,robot_0,2.417,4.100
1788225199,570426176,179.265,robot_2,-2.727,-1.460
1788225199,773777627,179.469,robot_1,4.096,-3.977
1788225199,773808359,179.469,robot_0,2.358,4.102
1788225199,773819959,179.469,robot_2,-2.711,-1.517
1788225199,979619436,179.675,robot_1,4.102,-3.914
1788225199,979649016,179.675,robot_0,2.295,4.104
1788225199,979660567,179.675,robot_2,-2.693,-1.578
1788225200,179957601,179.875,robot_1,4.109,-3.855
1788225200,179987301,179.875,robot_0,2.235,4.106
1788225200,179999398,179.875,robot_2,-2.676,-1.636
1788225200,399531035,180.095,robot_1,4.116,-3.789
1788225200,399561405,180.095,robot_0,2.169,4.107
1788225200,399573375,180.095,robot_2,-2.658,-1.699
1788225200,599876352,180.295,robot_1,4.122,-3.729
1788225200,599912777,180.295,robot_0,2.109,4.109
1788225200,599927474,180.295,robot_2,-2.642,-1.757
1788225200,811580378,180.507,robot_1,4.128,-3.670
1788225200,811617323,180.507,robot_0,2.049,4.111
1788225200,811633206,180.507,robot_2,-2.625,-1.814
1788225201,12840472,180.708,robot_1,4.134,-3.610
1788225201,12877295,180.708,robot_0,1.989,4.113
1788225201,12894205,180.708,robot_2,-2.608,-1.872
1788225201,232348591,180.927,robot_1,4.141,-3.544
1788225201,232394664,180.927,robot_0,1.923,4.115
1788225201,232420002,180.927,robot_2,-2.590,-1.935
1788225201,452591156,181.148,robot_1,4.148,-3.479
1788225201,452633759,181.148,robot_0,1.857,4.116
1788225201,452653318,181.148,robot_2,-2.572,-1.999
1788225201,652768698,181.348,robot_1,4.155,-3.419
1788225201,652827340,181.348,robot_0,1.797,4.118
1788225201,652853622,181.348,robot_2,-2.555,-2.056
1788225201,872470518,181.567,robot_1,4.161,-3.353
1788225201,872519821,181.568,robot_0,1.731,4.120
1788225201,872542028,181.568,robot_2,-2.537,-2.120
1788225202,91853356,181.787,robot_1,4.168,-3.288
1788225202,91891509,181.787,robot_0,1.665,4.122
1788225202,91908341,181.787,robot_2,-2.518,-2.183
1788225202,292049389,181.987,robot_1,4.175,-3.228
1788225202,292083395,181.987,robot_0,1.605,4.124
1788225202,292094816,181.987,robot_2,-2.502,-2.241
1788225202,511977254,182.207,robot_1,4.182,-3.162
1788225202,512026337,182.207,robot_0,1.539,4.126
1788225202,512038367,182.207,robot_2,-2.483,-2.304
1788225202,712901301,182.408,robot_1,4.188,-3.103
1788225202,712967378,182.408,robot_0,1.479,4.127
1788225202,712997805,182.408,robot_2,-2.467,-2.362
1788225202,931630884,182.627,robot_1,4.195,-3.037
1788225202,931662977,182.627,robot_0,1.413,4.129
1788225202,931673847,182.627,robot_2,-2.449,-2.425
1788225203,132686836,182.828,robot_1,4.201,-2.977
1788225203,132736211,182.828,robot_0,1.353,4.131
1788225203,132759191,182.828,robot_2,-2.432,-2.483
1788225203,351844573,183.047,robot_1,4.208,-2.912
1788225203,351879427,183.047,robot_0,1.287,4.133
1788225203,351892646,183.047,robot_2,-2.414,-2.546
1788225203,552224355,183.247,robot_1,4.214,-2.852
1788225203,552254550,183.247,robot_0,1.227,4.135
1788225203,552266281,183.247,robot_2,-2.397,-2.604
1788225203,774980830,183.470,robot_1,4.221,-2.787
1788225203,775023198,183.470,robot_0,1.161,4.137
1788225203,775035126,183.470,robot_2,-2.379,-2.667
1788225203,981596964,183.677,robot_1,4.228,-2.724
1788225203,981627847,183.677,robot_0,1.098,4.138
1788225203,981640011,183.677,robot_2,-2.361,-2.728
1788225204,182610459,183.878,robot_1,4.234,-2.664
1788225204,182653275,183.878,robot_0,1.038,4.140
1788225204,182673530,183.878,robot_2,-2.345,-2.786
1788225204,402448620,184.097,robot_1,4.241,-2.602
1788225204,402489278,184.098,robot_0,0.975,4.142
1788225204,402508673,184.098,robot_2,-2.327,-2.846
1788225204,603271630,184.298,robot_1,4.247,-2.542
1788225204,603312359,184.298,robot_0,0.915,4.144
1788225204,603332098,184.298,robot_2,-2.310,-2.904
1788225204,822604622,184.518,robot_1,4.254,-2.476
1788225204,822630286,184.518,robot_0,0.849,4.145
1788225204,822643230,184.518,robot_2,-2.292,-2.967
1788225205,22975492,184.718,robot_1,4.256,-2.453
1788225205,23003757,184.718,robot_0,0.789,4.147
1788225205,23023113,184.718,robot_2,-2.275,-3.025
1788225205,241963351,184.937,robot_1,4.257,-2.453
1788225205,241990374,184.937,robot_0,0.723,4.149
1788225205,242002744,184.937,robot_2,-2.257,-3.088
1788225205,441970830,185.137,robot_1,4.257,-2.453
1788225205,441998660,185.137,robot_0,0.663,4.151
1788225205,442015599,185.137,robot_2,-2.241,-3.146
1788225205,642412935,185.337,robot_1,4.243,-2.415
1788225205,642459650,185.337,robot_0,0.603,4.153
1788225205,642479929,185.337,robot_2,-2.224,-3.204
1788225205,842749764,185.538,robot_1,4.218,-2.360
1788225205,842787149,185.538,robot_0,0.543,4.154
1788225205,842800041,185.538,robot_2,-2.207,-3.261
1788225206,62150580,185.757,robot_1,4.190,-2.300
1788225206,62180426,185.757,robot_0,0.477,4.156
1788225206,62190589,185.757,robot_2,-2.189,-3.325
1788225206,282135460,185.977,robot_1,4.162,-2.240
1788225206,282167384,185.977,robot_0,0.411,4.158
1788225206,282178120,185.977,robot_2,-2.171,-3.388
1788225206,483332043,186.178,robot_1,4.137,-2.186
1788225206,483390145,186.178,robot_0,0.351,4.160
1788225206,483423713,186.178,robot_2,-2.154,-3.446
1788225206,703506494,186.399,robot_1,4.109,-2.126
1788225206,703568479,186.399,robot_0,0.285,4.162
1788225206,703595159,186.399,robot_2,-2.136,-3.509
1788225206,922713581,186.618,robot_1,4.080,-2.067
1788225206,922763634,186.618,robot_0,0.219,4.164
1788225206,922789146,186.618,robot_2,-2.117,-3.572
1788225207,143254423,186.838,robot_1,4.052,-2.007
1788225207,143328283,186.838,robot_0,0.153,4.166
1788225207,143357817,186.838,robot_2,-2.099,-3.636
1788225207,362287805,187.057,robot_1,4.024,-1.947
1788225207,362320256,187.057,robot_0,0.087,4.167
1788225207,362333316,187.057,robot_2,-2.081,-3.699
1788225207,563230037,187.258,robot_1,3.999,-1.893
1788225207,563265808,187.258,robot_0,0.027,4.169
1788225207,563280255,187.258,robot_2,-2.064,-3.757
1788225207,782554041,187.478,robot_1,3.971,-1.833
1788225207,782587085,187.478,robot_0,-0.038,4.171
1788225207,782599606,187.478,robot_2,-2.046,-3.820
1788225207,982673713,187.678,robot_1,3.945,-1.779
1788225207,982726313,187.678,robot_0,-0.098,4.173
1788225207,982751643,187.678,robot_2,-2.029,-3.878
1788225208,201955168,187.897,robot_1,3.917,-1.719
1788225208,201987830,187.897,robot_0,-0.164,4.175
1788225208,202003732,187.897,robot_2,-2.011,-3.941
1788225208,403453328,188.098,robot_1,3.891,-1.665
1788225208,403504044,188.099,robot_0,-0.224,4.176
1788225208,403537311,188.099,robot_2,-1.994,-3.999
1788225208,622663273,188.318,robot_1,3.863,-1.605
1788225208,622689024,188.318,robot_0,-0.290,4.178
1788225208,622700739,188.318,robot_2,-1.976,-4.062
1788225208,822771930,188.518,robot_1,3.838,-1.551
1788225208,822806319,188.518,robot_0,-0.350,4.180
1788225208,822822260,188.518,robot_2,-1.959,-4.120
1788225209,42707098,188.738,robot_1,3.810,-1.491
1788225209,42773906,188.738,robot_0,-0.416,4.182
1788225209,42795512,188.738,robot_2,-1.944,-4.173
1788225209,242816934,188.938,robot_1,3.784,-1.437
1788225209,242852699,188.938,robot_0,-0.476,4.184
1788225209,242866720,188.938,robot_2,-1.944,-4.174
1788225209,462275832,189.157,robot_1,3.756,-1.377
1788225209,462305044,189.157,robot_0,-0.542,4.186
1788225209,462315602,189.157,robot_2,-1.944,-4.174
1788225209,662473533,189.357,robot_1,3.731,-1.323
1788225209,662516797,189.358,robot_0,-0.602,4.187
1788225209,662534003,189.358,robot_2,-1.944,-4.174
1788225209,862475988,189.557,robot_1,3.705,-1.269
1788225209,862506338,189.558,robot_0,-0.662,4.189
1788225209,862517708,189.558,robot_2,-1.945,-4.174
1788225210,62601014,189.758,robot_1,3.679,-1.214
1788225210,62642367,189.758,robot_0,-0.722,4.191
1788225210,62656145,189.758,robot_2,-1.945,-4.175
1788225210,282294638,189.977,robot_1,3.651,-1.155
1788225210,282325738,189.977,robot_0,-0.788,4.193
1788225210,282337849,189.977,robot_2,-1.945,-4.175
1788225210,504760252,190.200,robot_1,3.623,-1.095
1788225210,504859451,190.200,robot_0,-0.854,4.195
1788225210,504927085,190.200,robot_2,-1.945,-4.175
1788225210,722448659,190.417,robot_1,3.595,-1.035
1788225210,722477933,190.417,robot_0,-0.920,4.196
1788225210,722493709,190.418,robot_2,-1.945,-4.176
1788225210,932006238,190.627,robot_1,3.568,-0.978
1788225210,932040920,190.627,robot_0,-0.983,4.198
1788225210,932053455,190.627,robot_2,-1.945,-4.176
1788225211,132798764,190.828,robot_1,3.543,-0.924
1788225211,132830739,190.828,robot_0,-1.043,4.200
1788225211,132847744,190.828,robot_2,-1.913,-4.162
1788225211,352381206,191.047,robot_1,3.515,-0.864
1788225211,352411768,191.047,robot_0,-1.109,4.202
1788225211,352423955,191.047,robot_2,-1.855,-4.131
1788225211,553437712,191.248,robot_1,3.489,-0.810
1788225211,553470988,191.248,robot_0,-1.169,4.204
1788225211,553486817,191.249,robot_2,-1.802,-4.101
1788225211,784791133,191.480,robot_1,3.461,-0.750
1788225211,784843379,191.480,robot_0,-1.235,4.206
1788225211,784871376,191.480,robot_2,-1.745,-4.069
1788225212,4732532,191.700,robot_1,3.433,-0.690
1788225212,4796976,191.700,robot_0,-1.301,4.207
1788225212,4824974,191.700,robot_2,-1.687,-4.036
1788225212,223654172,191.919,robot_1,3.405,-0.631
1788225212,223682878,191.919,robot_0,-1.367,4.209
1788225212,223693790,191.919,robot_2,-1.630,-4.004
1788225212,434934131,192.130,robot_1,3.379,-0.576
1788225212,434961234,192.130,robot_0,-1.427,4.211
1788225212,434972225,192.130,robot_2,-1.578,-3.974
1788225212,654923959,192.350,robot_1,3.351,-0.517
1788225212,654953014,192.350,robot_0,-1.493,4.213
1788225212,654963528,192.350,robot_2,-1.520,-3.942
1788225212,864843335,192.560,robot_1,3.324,-0.460
1788225212,864877826,192.560,robot_0,-1.556,4.215
1788225212,864890425,192.560,robot_2,-1.465,-3.911
1788225213,65466710,192.760,robot_1,3.299,-0.405
1788225213,65502394,192.761,robot_0,-1.616,4.216
1788225213,65515857,192.761,robot_2,-1.413,-3.881
1788225213,284819358,192.980,robot_1,3.271,-0.346
1788225213,284851293,192.980,robot_0,-1.682,4.218
1788225213,284862740,192.980,robot_2,-1.356,-3.849
1788225213,485291879,193.180,robot_1,3.245,-0.291
1788225213,485338429,193.180,robot_0,-1.742,4.220
1788225213,485360276,193.180,robot_2,-1.304,-3.819
1788225213,685654056,193.381,robot_1,3.220,-0.237
1788225213,685688366,193.381,robot_0,-1.802,4.222
1788225213,685700827,193.381,robot_2,-1.251,-3.790
1788225213,896201558,193.591,robot_1,3.193,-0.180
1788225213,896248922,193.591,robot_0,-1.865,4.224
1788225213,896279883,193.591,robot_2,-1.196,-3.759
1788225214,115875628,193.811,robot_1,3.165,-0.120
1788225214,115928561,193.811,robot_0,-1.931,4.226
1788225214,115954656,193.811,robot_2,-1.139,-3.726
1788225214,335391456,194.030,robot_1,3.137,-0.061
1788225214,335432916,194.030,robot_0,-1.997,4.227
1788225214,335452127,194.030,robot_2,-1.082,-3.694
1788225214,555337260,194.250,robot_1,3.109,-0.001
1788225214,555372470,194.250,robot_0,-2.063,4.229
1788225214,555391062,194.250,robot_2,-1.024,-3.661
1788225214,775171487,194.470,robot_1,3.081,0.059
1788225214,775213270,194.470,robot_0,-2.129,4.231
1788225214,775225324,194.470,robot_2,-0.967,-3.629
1788225214,985624022,194.681,robot_1,3.054,0.116
1788225214,985688324,194.681,robot_0,-2.192,4.233
1788225214,985715969,194.681,robot_2,-0.912,-3.598
1788225215,205253593,194.900,robot_1,3.026,0.176
1788225215,205298559,194.900,robot_0,-2.258,4.235
1788225215,205318921,194.900,robot_2,-0.854,-3.565
1788225215,405742778,195.101,robot_1,3.000,0.230
1788225215,405790381,195.101,robot_0,-2.318,4.237
1788225215,405804967,195.101,robot_2,-0.802,-3.536
1788225215,625116198,195.320,robot_1,2.972,0.290
1788225215,625145714,195.320,robot_0,-2.384,4.239
1788225215,625157565,195.320,robot_2,-0.745,-3.503
1788225215,825183429,195.520,robot_1,2.946,0.344
1788225215,825227235,195.520,robot_0,-2.444,4.240
1788225215,825238389,195.520,robot_2,-0.692,-3.474
1788225216,45885902,195.741,robot_1,2.918,0.404
1788225216,45922763,195.741,robot_0,-2.509,4.242
1788225216,45937151,195.741,robot_2,-0.635,-3.441
1788225216,265185387,195.960,robot_1,2.890,0.463
1788225216,265228794,195.960,robot_0,-2.575,4.244
1788225216,265247188,195.960,robot_2,-0.577,-3.409
1788225216,465229930,196.160,robot_1,2.865,0.518
1788225216,465282284,196.160,robot_0,-2.635,4.246
1788225216,465305688,196.160,robot_2,-0.525,-3.379
1788225216,665547343,196.361,robot_1,2.839,0.572
1788225216,665593981,196.361,robot_0,-2.695,4.248
1788225216,665616936,196.361,robot_2,-0.473,-3.350
1788225216,884643521,196.580,robot_1,2.811,0.632
1788225216,884672834,196.580,robot_0,-2.761,4.249
1788225216,884685485,196.580,robot_2,-0.416,-3.317
1788225217,85141864,196.780,robot_1,2.786,0.686
1788225217,85174256,196.780,robot_0,-2.821,4.251
1788225217,85186632,196.780,robot_2,-0.363,-3.288
1788225217,311563860,197.007,robot_1,2.757,0.746
1788225217,311601463,197.007,robot_0,-2.887,4.253
1788225217,311615917,197.007,robot_2,-0.306,-3.255
1788225217,515293663,197.210,robot_1,2.731,0.803
1788225217,515324462,197.210,robot_0,-2.950,4.255
1788225217,515336667,197.210,robot_2,-0.251,-3.224
1788225217,734768794,197.430,robot_1,2.703,0.862
1788225217,734798055,197.430,robot_0,-3.016,4.257
1788225217,734810974,197.430,robot_2,-0.194,-3.192
1788225217,954836450,197.650,robot_1,2.674,0.922
1788225217,954874351,197.650,robot_0,-3.082,4.259
1788225217,954890145,197.650,robot_2,-0.136,-3.159
1788225218,174603511,197.870,robot_1,2.646,0.982
1788225218,174634163,197.870,robot_0,-3.148,4.261
1788225218,174646031,197.870,robot_2,-0.079,-3.127
1788225218,384882863,198.080,robot_1,2.619,1.039
1788225218,384911165,198.080,robot_0,-3.211,4.262
1788225218,384923343,198.080,robot_2,-0.024,-3.096
1788225218,584921275,198.280,robot_1,2.594,1.093
1788225218,584951699,198.280,robot_0,-3.271,4.264
1788225218,584963961,198.280,robot_2,0.028,-3.066
1788225218,785078137,198.480,robot_1,2.568,1.147
1788225218,785114183,198.480,robot_0,-3.331,4.266
1788225218,785126979,198.480,robot_2,0.081,-3.037
1788225219,5404915,198.700,robot_1,2.540,1.207
1788225219,5439794,198.700,robot_0,-3.397,4.268
1788225219,5453417,198.700,robot_2,0.138,-3.004
1788225219,205634737,198.901,robot_1,2.515,1.261
1788225219,205679399,198.901,robot_0,-3.457,4.270
1788225219,205700260,198.901,robot_2,0.190,-2.975
1788225219,425217822,199.120,robot_1,2.487,1.321
1788225219,425245543,199.120,robot_0,-3.523,4.271
1788225219,425255305,199.120,robot_2,0.248,-2.942
1788225219,645191903,199.340,robot_1,2.459,1.381
1788225219,645227988,199.340,robot_0,-3.589,4.273
1788225219,645238699,199.340,robot_2,0.305,-2.910
1788225219,864778638,199.560,robot_1,2.430,1.441
1788225219,864806616,199.560,robot_0,-3.655,4.275
1788225219,864819303,199.560,robot_2,0.363,-2.877
1788225220,64901114,199.760,robot_1,2.405,1.495
1788225220,64936394,199.760,robot_0,-3.715,4.277
1788225220,64954661,199.760,robot_2,0.415,-2.848
1788225220,265563470,199.961,robot_1,2.379,1.549
1788225220,265601026,199.961,robot_0,-3.775,4.279
1788225220,265621403,199.961,robot_2,0.467,-2.818
1788225220,465588717,200.161,robot_1,2.354,1.603
1788225220,465629420,200.161,robot_0,-3.835,4.280
1788225220,465648033,200.161,robot_2,0.519,-2.789
1788225220,666070258,200.361,robot_1,2.328,1.658
1788225220,666126949,200.361,robot_0,-3.895,4.282
1788225220,666153304,200.361,robot_2,0.572,-2.759
1788225220,875276218,200.570,robot_1,2.302,1.715
1788225220,875319105,200.570,robot_0,-3.958,4.284
1788225220,875340005,200.570,robot_2,0.626,-2.728
1788225221,94694248,200.790,robot_1,2.273,1.774
1788225221,94725720,200.790,robot_0,-4.024,4.286
1788225221,94738587,200.790,robot_2,0.684,-2.696
1788225221,302471934,200.997,robot_1,2.248,1.829
1788225221,302504883,200.998,robot_0,-4.084,4.288
1788225221,302519001,200.998,robot_2,0.736,-2.666
1788225221,504789181,201.200,robot_1,2.221,1.886
1788225221,504820945,201.200,robot_0,-4.147,4.289
1788225221,504832890,201.200,robot_2,0.791,-2.635
1788225221,705076037,201.400,robot_1,2.196,1.940
1788225221,705107971,201.400,robot_0,-4.207,4.291
1788225221,705120329,201.400,robot_2,0.843,-2.606
1788225221,905806049,201.601,robot_1,2.170,1.994
1788225221,905864535,201.601,robot_0,-4.267,4.293
1788225221,905895561,201.601,robot_2,0.895,-2.576
1788225222,125373412,201.820,robot_1,2.142,2.054
1788225222,125428274,201.820,robot_0,-4.296,4.294
1788225222,125454066,201.820,robot_2,0.953,-2.544
1788225222,345203076,202.040,robot_1,2.114,2.114
1788225222,345249102,202.040,robot_0,-4.296,4.293
1788225222,345269398,202.040,robot_2,1.010,-2.511
1788225222,565683018,202.261,robot_1,2.086,2.173
1788225222,565717472,202.261,robot_0,-4.296,4.293
1788225222,565733202,202.261,robot_2,1.068,-2.479
1788225222,766104757,202.461,robot_1,2.060,2.228
1788225222,766161546,202.461,robot_0,-4.296,4.292
1788225222,766187685,202.461,robot_2,1.120,-2.449
1788225222,985089349,202.680,robot_1,2.032,2.287
1788225222,985121217,202.680,robot_0,-4.297,4.292
1788225222,985134157,202.680,robot_2,1.178,-2.417
1788225223,205465133,202.900,robot_1,2.004,2.347
1788225223,205499641,202.901,robot_0,-4.297,4.291
1788225223,205513604,202.901,robot_2,1.235,-2.384
1788225223,405589527,203.101,robot_1,1.978,2.402
1788225223,405638218,203.101,robot_0,-4.298,4.291
1788225223,405669731,203.101,robot_2,1.287,-2.355
1788225223,625746058,203.321,robot_1,1.950,2.461
1788225223,625795934,203.321,robot_0,-4.298,4.291
1788225223,625821730,203.321,robot_2,1.345,-2.322
1788225223,834767516,203.530,robot_1,1.923,2.518
1788225223,834797027,203.530,robot_0,-4.298,4.291
1788225223,834809709,203.530,robot_2,1.400,-2.291
1788225224,55085745,203.750,robot_1,1.895,2.578
1788225224,55125177,203.750,robot_0,-4.298,4.291
1788225224,55144348,203.750,robot_2,1.457,-2.259
1788225224,255442842,203.950,robot_1,1.870,2.632
1788225224,255494999,203.951,robot_0,-4.297,4.291
1788225224,255522509,203.951,robot_2,1.509,-2.229
1788225224,455743133,204.151,robot_1,1.844,2.687
1788225224,455788360,204.151,robot_0,-4.297,4.292
1788225224,455808474,204.151,robot_2,1.561,-2.200
1788225224,656147949,204.351,robot_1,1.819,2.741
1788225224,656202848,204.351,robot_0,-4.297,4.292
1788225224,656228767,204.351,robot_2,1.614,-2.170
1788225224,865894947,204.561,robot_1,1.792,2.798
1788225224,865939795,204.561,robot_0,-4.297,4.293
1788225224,865958823,204.561,robot_2,1.669,-2.139
1788225225,85336419,204.780,robot_1,1.764,2.858
1788225225,85392069,204.780,robot_0,-4.296,4.293
1788225225,85418457,204.780,robot_2,1.726,-2.107
1788225225,285887162,204.981,robot_1,1.738,2.912
1788225225,285923006,204.981,robot_0,-4.296,4.293
1788225225,285937648,204.981,robot_2,1.778,-2.077
1788225225,486136669,205.181,robot_1,1.713,2.966
1788225225,486209915,205.181,robot_0,-4.296,4.293
1788225225,486246283,205.181,robot_2,1.830,-2.048
1788225225,705249342,205.400,robot_1,1.685,3.026
1788225225,705284847,205.400,robot_0,-4.296,4.293
1788225225,705299698,205.400,robot_2,1.888,-2.015
1788225225,925339436,205.620,robot_1,1.657,3.086
1788225225,925366500,205.620,robot_0,-4.297,4.292
1788225225,925379198,205.620,robot_2,1.945,-1.983
1788225226,145358185,205.840,robot_1,1.628,3.145
1788225226,145392946,205.840,robot_0,-4.297,4.292
1788225226,145410452,205.840,robot_2,2.003,-1.950
1788225226,365681485,206.061,robot_1,1.600,3.205
1788225226,365727180,206.061,robot_0,-4.297,4.291
1788225226,365751952,206.061,robot_2,2.060,-1.918
1788225226,584724887,206.280,robot_1,1.572,3.265
1788225226,584754260,206.280,robot_0,-4.278,4.257
1788225226,584766427,206.280,robot_2,2.118,-1.885
1788225226,784773120,206.480,robot_1,1.547,3.319
1788225226,784801148,206.480,robot_0,-4.260,4.221
1788225226,784813210,206.480,robot_2,2.170,-1.856
1788225227,5205487,206.700,robot_1,1.519,3.379
1788225227,5232535,206.700,robot_0,-4.241,4.181
1788225227,5245013,206.700,robot_2,2.227,-1.823
1788225227,225126765,206.920,robot_1,1.491,3.438
1788225227,225159760,206.920,robot_0,-4.234,4.168
1788225227,225179530,206.920,robot_2,2.285,-1.791
1788225227,425700537,207.121,robot_1,1.465,3.493
1788225227,425749674,207.121,robot_0,-4.234,4.168
1788225227,425803530,207.121,robot_2,2.337,-1.761
1788225227,644704174,207.340,robot_1,1.437,3.553
1788225227,644731868,207.340,robot_0,-4.233,4.168
1788225227,644747898,207.340,robot_2,2.395,-1.729
1788225227,845391109,207.540,robot_1,1.411,3.607
1788225227,845429249,207.540,robot_0,-4.233,4.169
1788225227,845449191,207.540,robot_2,2.447,-1.699
1788225228,45450195,207.740,robot_1,1.386,3.661
1788225228,45480096,207.740,robot_0,-4.233,4.169
1788225228,45492962,207.741,robot_2,2.499,-1.670
1788225228,264871486,207.960,robot_1,1.358,3.721
1788225228,264906181,207.960,robot_0,-4.233,4.170
1788225228,264921853,207.960,robot_2,2.557,-1.637
1788225228,464968601,208.160,robot_1,1.332,3.775
1788225228,465016017,208.160,robot_0,-4.233,4.171
1788225228,465036327,208.160,robot_2,2.609,-1.608
1788225228,684925511,208.380,robot_1,1.304,3.835
1788225228,684964583,208.380,robot_0,-4.233,4.171
1788225228,684981764,208.380,robot_2,2.666,-1.575
1788225228,904987381,208.600,robot_1,1.276,3.895
1788225228,905028862,208.600,robot_0,-4.233,4.172
1788225228,905042261,208.600,robot_2,2.724,-1.543
1788225229,105900393,208.801,robot_1,1.250,3.949
1788225229,105937520,208.801,robot_0,-4.234,4.172
1788225229,105953105,208.801,robot_2,2.776,-1.513
1788225229,324897935,209.020,robot_1,1.222,4.009
1788225229,324929680,209.020,robot_0,-4.234,4.172
1788225229,324942368,209.020,robot_2,2.833,-1.481
1788225229,525260072,209.220,robot_1,1.201,4.055
1788225229,525290392,209.220,robot_0,-4.234,4.173
1788225229,525303822,209.220,robot_2,2.886,-1.451
1788225229,725361536,209.420,robot_1,1.200,4.057
1788225229,725394390,209.420,robot_0,-4.235,4.173
1788225229,725407785,209.420,robot_2,2.938,-1.422
1788225229,925605160,209.621,robot_1,1.200,4.057
1788225229,925642240,209.621,robot_0,-4.235,4.173
1788225229,925658733,209.621,robot_2,2.990,-1.392
1788225230,126049868,209.821,robot_1,1.200,4.057
1788225230,126090236,209.821,robot_0,-4.236,4.173
1788225230,126109604,209.821,robot_2,3.042,-1.363
1788225230,334969221,210.030,robot_1,1.201,4.057
1788225230,335018012,210.030,robot_0,-4.236,4.173
1788225230,335040239,210.030,robot_2,3.097,-1.332
1788225230,555121398,210.250,robot_1,1.201,4.058
1788225230,555154273,210.250,robot_0,-4.231,4.159
1788225230,555166330,210.250,robot_2,3.155,-1.299
1788225230,774970617,210.470,robot_1,1.201,4.058
1788225230,775003489,210.470,robot_0,-4.201,4.101
1788225230,775023608,210.470,robot_2,3.212,-1.267
1788225230,976159329,210.671,robot_1,1.178,4.058
1788225230,976190039,210.671,robot_0,-4.174,4.051
1788225230,976201752,210.671,robot_2,3.262,-1.239
1788225231,176202019,210.871,robot_1,1.118,4.054
1788225231,176232686,210.871,robot_0,-4.144,3.999
1788225231,176244730,210.871,robot_2,3.314,-1.209
1788225231,379225958,211.074,robot_1,1.061,4.047
1788225231,379259286,211.074,robot_0,-4.116,3.949
1788225231,379273541,211.074,robot_2,3.364,-1.181
1788225231,598460072,211.293,robot_1,0.996,4.039
1788225231,598493116,211.294,robot_0,-4.084,3.891
1788225231,598505911,211.294,robot_2,3.421,-1.149
1788225231,798556673,211.494,robot_1,0.936,4.033
1788225231,798591174,211.494,robot_0,-4.055,3.839
1788225231,798603959,211.494,robot_2,3.473,-1.119
1788225232,11607789,211.707,robot_1,0.877,4.026
1788225232,11648740,211.707,robot_0,-4.025,3.787
1788225232,11667233,211.707,robot_2,3.525,-1.090
1788225232,230534329,211.926,robot_1,0.811,4.018
1788225232,230562161,211.926,robot_0,-3.993,3.729
1788225232,230574316,211.926,robot_2,3.583,-1.057
1788225232,431264360,212.126,robot_1,0.751,4.011
1788225232,431310457,212.126,robot_0,-3.964,3.677
1788225232,431332569,212.126,robot_2,3.635,-1.028
1788225232,650649650,212.346,robot_1,0.686,4.004
1788225232,650687469,212.346,robot_0,-3.931,3.619
1788225232,650702767,212.346,robot_2,3.693,-0.995
1788225232,859848140,212.555,robot_1,0.626,3.997
1788225232,859895460,212.555,robot_0,-3.902,3.567
1788225232,859918080,212.555,robot_2,3.745,-0.966
1788225233,61320530,212.756,robot_1,0.564,3.989
1788225233,61350799,212.756,robot_0,-3.871,3.512
1788225233,61362499,212.756,robot_2,3.800,-0.935
1788225233,261593476,212.957,robot_1,0.504,3.982
1788225233,261636166,212.957,robot_0,-3.842,3.460
1788225233,261655909,212.957,robot_2,3.852,-0.905
1788225233,462313851,213.157,robot_1,0.445,3.976
1788225233,462362937,213.157,robot_0,-3.813,3.407
1788225233,462387366,213.157,robot_2,3.904,-0.876
1788225233,681105249,213.376,robot_1,0.379,3.968
1788225233,681143526,213.376,robot_0,-3.780,3.350
1788225233,681161362,213.376,robot_2,3.962,-0.843
1788225233,891674630,213.587,robot_1,0.316,3.961
1788225233,891730625,213.587,robot_0,-3.749,3.295
1788225233,891757356,213.587,robot_2,4.016,-0.812
1788225234,111468678,213.806,robot_1,0.251,3.953
1788225234,111507158,213.807,robot_0,-3.717,3.237
1788225234,111524394,213.807,robot_2,4.069,-0.782
1788225234,311697598,214.007,robot_1,0.191,3.946
1788225234,311762122,214.007,robot_0,-3.688,3.185
1788225234,311795512,214.007,robot_2,4.073,-0.780
1788225234,511854371,214.207,robot_1,0.132,3.939
1788225234,511900223,214.207,robot_0,-3.658,3.133
1788225234,511921219,214.207,robot_2,4.073,-0.780
1788225234,731413358,214.426,robot_1,0.066,3.932
1788225234,731442497,214.426,robot_0,-3.626,3.075
1788225234,731452336,214.426,robot_2,4.073,-0.781
1788225234,944424895,214.639,robot_1,0.006,3.925
1788225234,944458816,214.639,robot_0,-3.597,3.023
1788225234,944470682,214.639,robot_2,4.074,-0.781
1788225235,163846436,214.859,robot_1,-0.059,3.917
1788225235,163878459,214.859,robot_0,-3.564,2.965
1788225235,163888795,214.859,robot_2,4.074,-0.781
1788225235,374325480,215.069,robot_1,-0.119,3.910
1788225235,374380279,215.069,robot_0,-3.535,2.913
1788225235,374402074,215.069,robot_2,4.074,-0.781
1788225235,574711839,215.270,robot_1,-0.178,3.903
1788225235,574767213,215.270,robot_0,-3.506,2.860
1788225235,574792020,215.270,robot_2,4.073,-0.763
1788225235,793729544,215.489,robot_1,-0.244,3.896
1788225235,793761538,215.489,robot_0,-3.473,2.803
1788225235,793771449,215.489,robot_2,4.063,-0.699
1788225235,994364977,215.689,robot_1,-0.303,3.889
1788225235,994404876,215.689,robot_0,-3.444,2.751
1788225235,994421138,215.689,robot_2,4.052,-0.640
1788225236,213611888,215.909,robot_1,-0.369,3.881
1788225236,213642242,215.909,robot_0,-3.412,2.693
1788225236,213653538,215.909,robot_2,4.040,-0.575
1788225236,424245624,216.119,robot_1,-0.429,3.874
1788225236,424275578,216.119,robot_0,-3.382,2.641
1788225236,424288629,216.119,robot_2,4.028,-0.516
1788225236,644979971,216.340,robot_1,-0.494,3.867
1788225236,645067521,216.340,robot_0,-3.350,2.583
1788225236,645119817,216.340,robot_2,4.016,-0.451
1788225236,864620025,216.560,robot_1,-0.560,3.859
1788225236,864651527,216.560,robot_0,-3.318,2.526
1788225236,864662416,216.560,robot_2,4.003,-0.386
1788225237,65079278,216.760,robot_1,-0.619,3.852
1788225237,65127484,216.760,robot_0,-3.289,2.473
1788225237,65143972,216.760,robot_2,3.992,-0.327
1788225237,284574685,216.980,robot_1,-0.685,3.845
1788225237,284629271,216.980,robot_0,-3.256,2.416
1788225237,284652584,216.980,robot_2,3.980,-0.262
1788225237,504195510,217.199,robot_1,-0.747,3.837
1788225237,504240907,217.199,robot_0,-3.225,2.361
1788225237,504260492,217.199,robot_2,3.968,-0.201
1788225237,723828226,217.419,robot_1,-0.813,3.830
1788225237,723858201,217.419,robot_0,-3.193,2.303
1788225237,723869668,217.419,robot_2,3.955,-0.136
1788225237,927991440,217.623,robot_1,-0.870,3.823
1788225237,928023559,217.623,robot_0,-3.165,2.253
1788225237,928036417,217.623,robot_2,3.944,-0.080
1788225238,128082341,217.823,robot_1,-0.929,3.816
1788225238,128116697,217.823,robot_0,-3.136,2.201
1788225238,128133019,217.823,robot_2,3.933,-0.021
1788225238,328968146,218.024,robot_1,-0.989,3.809
1788225238,329040209,218.024,robot_0,-3.107,2.149
1788225238,329076152,218.024,robot_2,3.922,0.038
1788225238,538677865,218.234,robot_1,-1.048,3.803
1788225238,538706591,218.234,robot_0,-3.077,2.096
1788225238,538717806,218.234,robot_2,3.910,0.097
1788225238,739671565,218.435,robot_1,-1.108,3.796
1788225238,739722168,218.435,robot_0,-3.048,2.044
1788225238,739740467,218.435,robot_2,3.899,0.156
1788225238,958980893,218.654,robot_1,-1.174,3.788
1788225238,959061109,218.654,robot_0,-3.016,1.987
1788225238,959115584,218.654,robot_2,3.887,0.221
1788225239,159876144,218.855,robot_1,-1.233,3.781
1788225239,159922111,218.855,robot_0,-2.986,1.934
1788225239,159951489,218.855,robot_2,3.875,0.280
1788225239,380418957,219.075,robot_1,-1.299,3.774
1788225239,380472153,219.075,robot_0,-2.954,1.877
1788225239,380496383,219.076,robot_2,3.863,0.344
1788225239,580662319,219.276,robot_1,-1.358,3.767
1788225239,580726547,219.276,robot_0,-2.924,1.824
1788225239,580758786,219.276,robot_2,3.851,0.403
1788225239,799175736,219.494,robot_1,-1.424,3.759
1788225239,799224351,219.494,robot_0,-2.892,1.767
1788225239,799250398,219.494,robot_2,3.839,0.468
1788225240,9856112,219.705,robot_1,-1.487,3.752
1788225240,9911075,219.705,robot_0,-2.861,1.712
1788225240,9936885,219.705,robot_2,3.827,0.530
1788225240,229796400,219.925,robot_1,-1.552,3.744
1788225240,229844947,219.925,robot_0,-2.829,1.654
1788225240,229870900,219.925,robot_2,3.815,0.595
1788225240,439577895,220.135,robot_1,-1.615,3.737
1788225240,439616958,220.135,robot_0,-2.798,1.599
1788225240,439636180,220.135,robot_2,3.803,0.657
1788225240,659601487,220.355,robot_1,-1.680,3.729
1788225240,659655439,220.355,robot_0,-2.766,1.542
1788225240,659678779,220.355,robot_2,3.790,0.721
1788225240,878591075,220.574,robot_1,-1.746,3.722
1788225240,878621639,220.574,robot_0,-2.734,1.484
1788225240,878631959,220.574,robot_2,3.778,0.786
1788225241,78884720,220.774,robot_1,-1.805,3.715
1788225241,78917190,220.774,robot_0,-2.704,1.432
1788225241,78928014,220.774,robot_2,3.766,0.845
1788225241,279897604,220.975,robot_1,-1.865,3.708
1788225241,279961920,220.975,robot_0,-2.675,1.380
1788225241,279990704,220.975,robot_2,3.755,0.904
1788225241,489596666,221.185,robot_1,-1.928,3.701
1788225241,489657646,221.185,robot_0,-2.644,1.325
1788225241,489681241,221.185,robot_2,3.743,0.966
1788225241,709209213,221.404,robot_1,-1.993,3.693
1788225241,709250242,221.404,robot_0,-2.612,1.267
1788225241,709266671,221.404,robot_2,3.731,1.031
1788225241,929047876,221.624,robot_1,-2.059,3.685
1788225241,929075992,221.624,robot_0,-2.580,1.209
1788225241,929086140,221.624,robot_2,3.718,1.096
1788225242,129327437,221.824,robot_1,-2.118,3.679
1788225242,129379327,221.824,robot_0,-2.550,1.157
1788225242,129402710,221.824,robot_2,3.707,1.155
1788225242,329452478,222.024,robot_1,-2.178,3.672
1788225242,329504531,222.025,robot_0,-2.521,1.105
1788225242,329527004,222.025,robot_2,3.696,1.213
1788225242,549393016,222.244,robot_1,-2.243,3.664
1788225242,549450479,222.244,robot_0,-2.489,1.047
1788225242,549474985,222.244,robot_2,3.683,1.278
1788225242,769517979,222.465,robot_1,-2.309,3.656
1788225242,769571457,222.465,robot_0,-2.456,0.990
1788225242,769594616,222.465,robot_2,3.671,1.343
1788225242,988589274,222.684,robot_1,-2.375,3.649
1788225242,988617831,222.684,robot_0,-2.424,0.932
1788225242,988628055,222.684,robot_2,3.658,1.408
1788225243,188710734,222.884,robot_1,-2.434,3.642
1788225243,188740675,222.884,robot_0,-2.395,0.880
1788225243,188752226,222.884,robot_2,3.647,1.467
1788225243,388832782,223.084,robot_1,-2.494,3.635
1788225243,388860703,223.084,robot_0,-2.365,0.827
1788225243,388871495,223.084,robot_2,3.635,1.526
1788225243,589294403,223.284,robot_1,-2.553,3.628
1788225243,589321614,223.284,robot_0,-2.336,0.775
1788225243,589342866,223.284,robot_2,3.624,1.585
1788225243,808839445,223.504,robot_1,-2.619,3.621
1788225243,808877688,223.504,robot_0,-2.304,0.718
1788225243,808896940,223.504,robot_2,3.612,1.649
1788225244,28904767,223.724,robot_1,-2.685,3.613
1788225244,28935252,223.724,robot_0,-2.271,0.660
1788225244,28947793,223.724,robot_2,3.599,1.714
1788225244,229818441,223.925,robot_1,-2.744,3.606
1788225244,229864250,223.925,robot_0,-2.242,0.608
1788225244,229888470,223.925,robot_2,3.588,1.773
1788225244,449247315,224.144,robot_1,-2.810,3.598
1788225244,449277684,224.144,robot_0,-2.210,0.550
1788225244,449288115,224.144,robot_2,3.575,1.838
1788225244,668697137,224.364,robot_1,-2.875,3.591
1788225244,668728294,224.364,robot_0,-2.177,0.493
1788225244,668738545,224.364,robot_2,3.563,1.903
1788225244,869794289,224.565,robot_1,-2.935,3.584
1788225244,869835469,224.565,robot_0,-2.148,0.440
1788225244,869858097,224.565,robot_2,3.552,1.962
1788225245,88686807,224.784,robot_1,-3.000,3.576
1788225245,88716761,224.784,robot_0,-2.116,0.383
1788225245,88727081,224.784,robot_2,3.539,2.027
1788225245,308588178,225.004,robot_1,-3.066,3.569
1788225245,308619390,225.004,robot_0,-2.083,0.325
1788225245,308631241,225.004,robot_2,3.527,2.091
1788225245,508860435,225.204,robot_1,-3.126,3.562
1788225245,508890589,225.204,robot_0,-2.054,0.273
1788225245,508902814,225.204,robot_2,3.515,2.150
1788225245,729002213,225.424,robot_1,-3.191,3.554
1788225245,729033526,225.424,robot_0,-2.022,0.215
1788225245,729046270,225.424,robot_2,3.503,2.215
1788225245,949359163,225.644,robot_1,-3.257,3.547
1788225245,949396961,225.644,robot_0,-1.989,0.158
1788225245,949415345,225.644,robot_2,3.490,2.280
1788225246,149966113,225.845,robot_1,-3.316,3.540
1788225246,150016627,225.845,robot_0,-1.960,0.105
1788225246,150039813,225.845,robot_2,3.479,2.339
1788225246,369252165,226.064,robot_1,-3.382,3.532
1788225246,369293464,226.064,robot_0,-1.928,0.048
1788225246,369317733,226.064,robot_2,3.466,2.404
1788225246,588724956,226.284,robot_1,-3.447,3.525
1788225246,588753287,226.284,robot_0,-1.896,-0.010
1788225246,588765587,226.284,robot_2,3.454,2.468
1788225246,788733247,226.484,robot_1,-3.507,3.518
1788225246,788760044,226.484,robot_0,-1.866,-0.062
1788225246,788772354,226.484,robot_2,3.443,2.527
1788225246,988821234,226.684,robot_1,-3.567,3.511
1788225246,988848935,226.684,robot_0,-1.837,-0.114
1788225246,988861548,226.684,robot_2,3.431,2.586
1788225247,208506165,226.904,robot_1,-3.632,3.503
1788225247,208533732,226.904,robot_0,-1.805,-0.172
1788225247,208545710,226.904,robot_2,3.419,2.651
1788225247,409929438,227.105,robot_1,-3.692,3.496
1788225247,409958855,227.105,robot_0,-1.775,-0.224
1788225247,409970970,227.105,robot_2,3.407,2.710
1788225247,629058987,227.324,robot_1,-3.757,3.489
1788225247,629086783,227.324,robot_0,-1.743,-0.282
1788225247,629099423,227.324,robot_2,3.395,2.775
1788225247,848818798,227.544,robot_1,-3.823,3.481
1788225247,848849977,227.544,robot_0,-1.711,-0.339
1788225247,848861668,227.544,robot_2,3.383,2.840
1788225248,49225384,227.744,robot_1,-3.882,3.474
1788225248,49255955,227.744,robot_0,-1.681,-0.392
1788225248,49266010,227.744,robot_2,3.371,2.899
1788225248,268600342,227.964,robot_1,-3.948,3.466
1788225248,268629550,227.964,robot_0,-1.649,-0.449
1788225248,268639722,227.964,robot_2,3.359,2.963
1788225248,469040034,228.164,robot_1,-4.008,3.460
1788225248,469086804,228.164,robot_0,-1.620,-0.502
1788225248,469104595,228.164,robot_2,3.347,3.022
1788225248,669243964,228.364,robot_1,-4.067,3.453
1788225248,669287827,228.364,robot_0,-1.590,-0.554
1788225248,669304567,228.364,robot_2,3.336,3.081
1788225248,869686289,228.565,robot_1,-4.127,3.446
1788225248,869733884,228.565,robot_0,-1.561,-0.606
1788225248,869753791,228.565,robot_2,3.325,3.140
1788225249,88683621,228.784,robot_1,-4.192,3.438
1788225249,88716497,228.784,robot_0,-1.529,-0.664
1788225249,88727508,228.784,robot_2,3.312,3.205
1788225249,289230460,228.984,robot_1,-4.224,3.434
1788225249,289259607,228.984,robot_0,-1.499,-0.716
1788225249,289269836,228.984,robot_2,3.301,3.264
1788225249,508628871,229.204,robot_1,-4.224,3.435
1788225249,508658463,229.204,robot_0,-1.467,-0.774
1788225249,508668779,229.204,robot_2,3.288,3.329
1788225249,709444756,229.404,robot_1,-4.224,3.435
1788225249,709477620,229.404,robot_0,-1.438,-0.826
1788225249,709490366,229.405,robot_2,3.277,3.388
1788225249,929115999,229.624,robot_1,-4.225,3.435
1788225249,929142983,229.624,robot_0,-1.405,-0.884
1788225249,929153864,229.624,robot_2,3.265,3.452
1788225250,129489765,229.825,robot_1,-4.225,3.436
1788225250,129517529,229.825,robot_0,-1.376,-0.936
1788225250,129528095,229.825,robot_2,3.253,3.511
1788225250,348550953,230.044,robot_1,-4.225,3.436
1788225250,348580419,230.044,robot_0,-1.344,-0.994
1788225250,348601338,230.044,robot_2,3.241,3.576
1788225250,549127213,230.244,robot_1,-4.226,3.436
1788225250,549156371,230.244,robot_0,-1.314,-1.046
1788225250,549167927,230.244,robot_2,3.229,3.635
1788225250,749968578,230.445,robot_1,-4.226,3.436
1788225250,750012436,230.445,robot_0,-1.285,-1.098
1788225250,750032675,230.445,robot_2,3.218,3.694
1788225250,968873201,230.664,robot_1,-4.227,3.435
1788225250,968907615,230.664,robot_0,-1.253,-1.156
1788225250,968922247,230.664,robot_2,3.206,3.759
1788225251,169049871,230.864,robot_1,-4.222,3.386
1788225251,169083871,230.864,robot_0,-1.223,-1.208
1788225251,169098354,230.864,robot_2,3.194,3.818
1788225251,388679573,231.084,robot_1,-4.212,3.321
1788225251,388713523,231.084,robot_0,-1.191,-1.266
1788225251,388725197,231.084,robot_2,3.182,3.882
1788225251,589229838,231.284,robot_1,-4.202,3.262
1788225251,589263020,231.284,robot_0,-1.162,-1.318
1788225251,589276160,231.284,robot_2,3.171,3.941
1788225251,808618192,231.504,robot_1,-4.191,3.197
1788225251,808650943,231.504,robot_0,-1.129,-1.376
1788225251,808661594,231.504,robot_2,3.158,4.006
1788225252,8931383,231.704,robot_1,-4.180,3.138
1788225252,8973576,231.704,robot_0,-1.100,-1.428
1788225252,8989396,231.704,robot_2,3.147,4.065
1788225252,228834622,231.924,robot_1,-4.169,3.073
1788225252,228864316,231.924,robot_0,-1.068,-1.485
1788225252,228875639,231.924,robot_2,3.134,4.130
1788225252,429046462,232.124,robot_1,-4.159,3.014
1788225252,429074970,232.124,robot_0,-1.038,-1.538
1788225252,429085445,232.124,robot_2,3.123,4.189
1788225252,649518156,232.345,robot_1,-4.148,2.949
1788225252,649577816,232.345,robot_0,-1.006,-1.595
1788225252,649603582,232.345,robot_2,3.112,4.243
1788225252,868526767,232.564,robot_1,-4.137,2.884
1788225252,868559310,232.564,robot_0,-0.974,-1.653
1788225252,868572377,232.564,robot_2,3.112,4.244
1788225253,69381194,232.764,robot_1,-4.127,2.824
1788225253,69427037,232.764,robot_0,-0.944,-1.705
1788225253,69447889,232.764,robot_2,3.113,4.244
1788225253,269525595,232.965,robot_1,-4.117,2.765
1788225253,269558835,232.965,robot_0,-0.915,-1.757
1788225253,269572266,232.965,robot_2,3.113,4.244
1788225253,479286149,233.174,robot_1,-4.106,2.703
1788225253,479317620,233.174,robot_0,-0.884,-1.812
1788225253,479330492,233.174,robot_2,3.113,4.244
1788225253,679499967,233.375,robot_1,-4.096,2.644
1788225253,679553022,233.375,robot_0,-0.855,-1.865
1788225253,679578091,233.375,robot_2,3.113,4.245
1788225253,899077770,233.594,robot_1,-4.085,2.579
1788225253,899112210,233.594,robot_0,-0.823,-1.922
1788225253,899125295,233.594,robot_2,3.113,4.245
1788225254,99451488,233.794,robot_1,-4.075,2.520
1788225254,99493104,233.795,robot_0,-0.793,-1.975
1788225254,99506989,233.795,robot_2,3.114,4.245
1788225254,319253723,234.014,robot_1,-4.064,2.455
1788225254,319283007,234.014,robot_0,-0.761,-2.032
1788225254,319296469,234.014,robot_2,3.114,4.246
1788225254,529191411,234.224,robot_1,-4.053,2.393
1788225254,529234896,234.224,robot_0,-0.730,-2.087
1788225254,529263603,234.224,robot_2,3.114,4.246
1788225254,729260595,234.424,robot_1,-4.043,2.333
1788225254,729304234,234.424,robot_0,-0.701,-2.139
1788225254,729324246,234.424,robot_2,3.083,4.236
1788225254,930745218,234.626,robot_1,-4.034,2.277
1788225254,930776328,234.626,robot_0,-0.673,-2.189
1788225254,930788474,234.626,robot_2,3.030,4.214
1788225255,150688229,234.846,robot_1,-4.023,2.212
1788225255,150728130,234.846,robot_0,-0.641,-2.247
1788225255,150745252,234.846,robot_2,2.970,4.187
1788225255,370213402,235.065,robot_1,-4.012,2.147
1788225255,370245419,235.065,robot_0,-0.608,-2.304
1788225255,370256140,235.065,robot_2,2.910,4.159
1788225255,590562611,235.286,robot_1,-4.000,2.082
1788225255,590593981,235.286,robot_0,-0.576,-2.362
1788225255,590603565,235.286,robot_2,2.850,4.132
1788225255,791339474,235.486,robot_1,-3.990,2.023
1788225255,791414907,235.486,robot_0,-0.547,-2.414
1788225255,791442755,235.486,robot_2,2.795,4.108
1788225256,642008,235.696,robot_1,-3.980,1.961
1788225256,679120,235.696,robot_0,-0.516,-2.469
1788225256,691791,235.696,robot_2,2.738,4.082
1788225256,200970768,235.896,robot_1,-3.970,1.902
1788225256,201033104,235.896,robot_0,-0.486,-2.521
1788225256,201055172,235.896,robot_2,2.683,4.057
1788225256,420420504,236.115,robot_1,-3.959,1.837
1788225256,420452347,236.115,robot_0,-0.454,-2.579
1788225256,420460863,236.115,robot_2,2.623,4.030
1788225256,621274326,236.316,robot_1,-3.948,1.778
1788225256,621337688,236.316,robot_0,-0.425,-2.631
1788225256,621365848,236.316,robot_2,2.568,4.005
1788225256,841171823,236.536,robot_1,-3.937,1.712
1788225256,841218173,236.536,robot_0,-0.392,-2.689
1788225256,841237613,236.536,robot_2,2.508,3.978
1788225257,51498040,236.747,robot_1,-3.927,1.650
1788225257,51555472,236.747,robot_0,-0.362,-2.744
1788225257,51580474,236.747,robot_2,2.451,3.952
1788225257,270995058,236.966,robot_1,-3.916,1.585
1788225257,271033073,236.966,robot_0,-0.329,-2.801
1788225257,271048062,236.966,robot_2,2.390,3.925
1788225257,491037050,237.186,robot_1,-3.905,1.520
1788225257,491082705,237.186,robot_0,-0.297,-2.859
1788225257,491105094,237.186,robot_2,2.330,3.898
1788225257,691129832,237.386,robot_1,-3.895,1.461
1788225257,691160139,237.386,robot_0,-0.268,-2.911
1788225257,691173035,237.386,robot_2,2.276,3.873
1788225257,891242425,237.586,robot_1,-3.884,1.402
1788225257,891281186,237.586,robot_0,-0.238,-2.964
1788225257,891301037,237.586,robot_2,2.221,3.849
1788225258,102193184,237.797,robot_1,-3.874,1.343
1788225258,102245542,237.797,robot_0,-0.209,-3.016
1788225258,102271262,237.797,robot_2,2.166,3.824
1788225258,302271006,237.997,robot_1,-3.864,1.284
1788225258,302341788,237.997,robot_0,-0.180,-3.068
1788225258,302364366,237.997,robot_2,2.112,3.799
1788225258,512212261,238.207,robot_1,-3.854,1.222
1788225258,512273016,238.207,robot_0,-0.149,-3.123
1788225258,512303340,238.207,robot_2,2.054,3.773
1788225258,712471333,238.407,robot_1,-3.844,1.162
1788225258,712518279,238.408,robot_0,-0.119,-3.176
1788225258,712541278,238.408,robot_2,1.999,3.749
1788225258,931282519,238.626,robot_1,-3.832,1.097
1788225258,931316964,238.626,robot_0,-0.087,-3.233
1788225258,931331959,238.626,robot_2,1.939,3.722
1788225259,131321087,238.826,robot_1,-3.822,1.038
1788225259,131363065,238.826,robot_0,-0.058,-3.285
1788225259,131381367,238.826,robot_2,1.885,3.697
1788225259,351110528,239.046,robot_1,-3.811,0.973
1788225259,351140996,239.046,robot_0,-0.026,-3.343
1788225259,351152376,239.046,robot_2,1.824,3.670
1788225259,552245448,239.247,robot_1,-3.801,0.914
1788225259,552284847,239.247,robot_0,0.004,-3.395
1788225259,552299711,239.247,robot_2,1.770,3.645
1788225259,770896628,239.466,robot_1,-3.790,0.849
1788225259,770926923,239.466,robot_0,0.036,-3.453
1788225259,770938516,239.466,robot_2,1.710,3.618
1788225259,971252129,239.666,robot_1,-3.780,0.790
1788225259,971290725,239.666,robot_0,0.066,-3.505
1788225259,971303215,239.666,robot_2,1.655,3.593
1788225260,171588406,239.867,robot_1,-3.770,0.731
1788225260,171626539,239.867,robot_0,0.095,-3.558
1788225260,171641711,239.867,robot_2,1.600,3.569
1788225260,371791032,240.067,robot_1,-3.760,0.671
1788225260,371832809,240.067,robot_0,0.124,-3.610
1788225260,371848831,240.067,robot_2,1.545,3.544
1788225260,580875650,240.276,robot_1,-3.749,0.609
1788225260,580905298,240.276,robot_0,0.155,-3.665
1788225260,580917247,240.276,robot_2,1.488,3.518
1788225260,781943251,240.477,robot_1,-3.739,0.550
1788225260,781978314,240.477,robot_0,0.184,-3.717
1788225260,781994265,240.477,robot_2,1.433,3.494
1788225261,1555497,240.697,robot_1,-3.728,0.485
1788225261,1589846,240.697,robot_0,0.217,-3.775
1788225261,1604611,240.697,robot_2,1.373,3.466
1788225261,201852892,240.897,robot_1,-3.718,0.426
1788225261,201904839,240.897,robot_0,0.246,-3.827
1788225261,201931838,240.897,robot_2,1.318,3.442
1788225261,401899704,241.097,robot_1,-3.708,0.367
1788225261,401952367,241.097,robot_0,0.275,-3.879
1788225261,401982402,241.097,robot_2,1.264,3.417
1788225261,611523992,241.307,robot_1,-3.697,0.305
1788225261,611590250,241.307,robot_0,0.306,-3.934
1788225261,611638293,241.307,robot_2,1.206,3.391
1788225261,811706538,241.507,robot_1,-3.687,0.246
1788225261,811740317,241.507,robot_0,0.336,-3.987
1788225261,811754688,241.507,robot_2,1.152,3.367
1788225262,14716969,241.710,robot_1,-3.678,0.189
1788225262,14783618,241.710,robot_0,0.363,-4.036
1788225262,14814899,241.710,robot_2,1.100,3.343
1788225262,233759605,241.929,robot_1,-3.667,0.124
1788225262,233802214,241.929,robot_0,0.396,-4.094
1788225262,233812060,241.929,robot_2,1.039,3.316
1788225262,458329020,242.153,robot_1,-3.655,0.059
1788225262,458363020,242.153,robot_0,0.405,-4.111
1788225262,458373800,242.153,robot_2,0.979,3.289
1788225262,663380274,242.358,robot_1,-3.645,-0.003
1788225262,663414341,242.358,robot_0,0.405,-4.112
1788225262,663426418,242.358,robot_2,0.922,3.263
1788225262,864132955,242.559,robot_1,-3.635,-0.062
1788225262,864168444,242.559,robot_0,0.405,-4.112
1788225262,864180597,242.559,robot_2,0.867,3.238
1788225263,64546365,242.760,robot_1,-3.625,-0.121
1788225263,64596730,242.760,robot_0,0.405,-4.112
1788225263,64620576,242.760,robot_2,0.812,3.214
1788225263,283875225,242.979,robot_1,-3.614,-0.186
1788225263,283911363,242.979,robot_0,0.404,-4.113
1788225263,283927259,242.979,robot_2,0.752,3.187
1788225263,493760973,243.189,robot_1,-3.603,-0.248
1788225263,493789693,243.189,robot_0,0.404,-4.113
1788225263,493800119,243.189,robot_2,0.695,3.161
1788225263,713211402,243.408,robot_1,-3.592,-0.313
1788225263,713241757,243.408,robot_0,0.411,-4.113
1788225263,713253100,243.408,robot_2,0.635,3.133
1788225263,913891903,243.609,robot_1,-3.582,-0.372
1788225263,913922317,243.609,robot_0,0.466,-4.106
1788225263,913935243,243.609,robot_2,0.580,3.109
1788225264,114542475,243.810,robot_1,-3.572,-0.432
1788225264,114600660,243.810,robot_0,0.525,-4.094
1788225264,114633476,243.810,robot_2,0.525,3.084
1788225264,333380135,244.028,robot_1,-3.561,-0.497
1788225264,333414414,244.028,robot_0,0.589,-4.080
1788225264,333427726,244.028,robot_2,0.465,3.057
1788225264,543995670,244.239,robot_1,-3.550,-0.559
1788225264,544053331,244.239,robot_0,0.651,-4.067
1788225264,544081852,244.239,robot_2,0.408,3.031
1788225264,763388055,244.458,robot_1,-3.539,-0.624
1788225264,763421091,244.458,robot_0,0.716,-4.054
1788225264,763440351,244.458,robot_2,0.348,3.004
1788225264,963607332,244.659,robot_1,-3.529,-0.683
1788225264,963637549,244.659,robot_0,0.774,-4.042
1788225264,963651538,244.659,robot_2,0.293,2.979
1788225265,183755525,244.879,robot_1,-3.518,-0.748
1788225265,183785601,244.879,robot_0,0.839,-4.028
1788225265,183798957,244.879,robot_2,0.233,2.952
1788225265,403689001,245.099,robot_1,-3.507,-0.813
1788225265,403719149,245.099,robot_0,0.904,-4.015
1788225265,403732207,245.099,robot_2,0.173,2.925
1788225265,623166165,245.318,robot_1,-3.496,-0.878
1788225265,623194252,245.318,robot_0,0.968,-4.002
1788225265,623206164,245.318,robot_2,0.112,2.898
1788225265,823321425,245.518,robot_1,-3.485,-0.937
1788225265,823350522,245.518,robot_0,1.027,-3.989
1788225265,823363995,245.518,robot_2,0.058,2.873
1788225266,23630552,245.719,robot_1,-3.475,-0.996
1788225266,23658326,245.719,robot_0,1.086,-3.977
1788225266,23671543,245.719,robot_2,0.003,2.849
1788225266,243329662,245.938,robot_1,-3.464,-1.062
1788225266,243359390,245.938,robot_0,1.150,-3.964
1788225266,243372474,245.938,robot_2,-0.057,2.821
1788225266,443835293,246.139,robot_1,-3.454,-1.121
1788225266,443886195,246.139,robot_0,1.209,-3.952
1788225266,443912566,246.139,robot_2,-0.112,2.797
1788225266,663810847,246.359,robot_1,-3.443,-1.186
1788225266,663839058,246.359,robot_0,1.274,-3.938
1788225266,663851928,246.359,robot_2,-0.172,2.770
1788225266,883316323,246.578,robot_1,-3.432,-1.251
1788225266,883346127,246.578,robot_0,1.338,-3.925
1788225266,883359481,246.578,robot_2,-0.232,2.743
1788225267,103691251,246.799,robot_1,-3.421,-1.316
1788225267,103743890,246.799,robot_0,1.403,-3.911
1788225267,103761251,246.799,robot_2,-0.292,2.715
1788225267,304070980,246.999,robot_1,-3.411,-1.375
1788225267,304117471,246.999,robot_0,1.462,-3.899
1788225267,304141850,246.999,robot_2,-0.347,2.691
1788225267,524080944,247.219,robot_1,-3.400,-1.440
1788225267,524106750,247.219,robot_0,1.526,-3.886
1788225267,524117724,247.219,robot_2,-0.407,2.664
1788225267,743340388,247.438,robot_1,-3.389,-1.505
1788225267,743366092,247.438,robot_0,1.591,-3.872
1788225267,743377071,247.438,robot_2,-0.467,2.637
1788225267,964087074,247.659,robot_1,-3.378,-1.570
1788225267,964134033,247.659,robot_0,1.656,-3.859
1788225267,964162429,247.659,robot_2,-0.528,2.609
1788225268,183168704,247.878,robot_1,-3.366,-1.635
1788225268,183197696,247.878,robot_0,1.720,-3.845
1788225268,183210313,247.878,robot_2,-0.588,2.582
1788225268,384439505,248.079,robot_1,-3.356,-1.694
1788225268,384518039,248.080,robot_0,1.779,-3.833
1788225268,384543020,248.080,robot_2,-0.642,2.558
1788225268,603924801,248.299,robot_1,-3.345,-1.759
1788225268,603981716,248.299,robot_0,1.844,-3.820
1788225268,604008926,248.299,robot_2,-0.703,2.530
1788225268,804432175,248.499,robot_1,-3.335,-1.819
1788225268,804485891,248.500,robot_0,1.902,-3.807
1788225268,804511373,248.500,robot_2,-0.757,2.506
1788225269,24301279,248.719,robot_1,-3.324,-1.884
1788225269,24349279,248.719,robot_0,1.967,-3.794
1788225269,24375322,248.719,robot_2,-0.817,2.479
1788225269,243604521,248.939,robot_1,-3.313,-1.949
1788225269,243633227,248.939,robot_0,2.031,-3.781
1788225269,243646319,248.939,robot_2,-0.878,2.452
1788225269,444138396,249.139,robot_1,-3.303,-2.008
1788225269,444171602,249.139,robot_0,2.090,-3.768
1788225269,444183443,249.139,robot_2,-0.932,2.427
1788225269,644333172,249.339,robot_1,-3.293,-2.067
1788225269,644376653,249.339,robot_0,2.149,-3.756
1788225269,644391394,249.339,robot_2,-0.987,2.402
1788225269,864336000,249.559,robot_1,-3.282,-2.132
1788225269,864387400,249.559,robot_0,2.214,-3.743
1788225269,864413908,249.559,robot_2,-1.047,2.375
1788225270,83556901,249.779,robot_1,-3.271,-2.197
1788225270,83603315,249.779,robot_0,2.278,-3.729
1788225270,83625921,249.779,robot_2,-1.107,2.348
1788225270,283598598,249.979,robot_1,-3.261,-2.256
1788225270,283650581,249.979,robot_0,2.337,-3.717
1788225270,283675651,249.979,robot_2,-1.162,2.323
1788225270,493298580,250.188,robot_1,-3.250,-2.318
1788225270,493330578,250.188,robot_0,2.399,-3.704
1788225270,493342475,250.188,robot_2,-1.220,2.297
1788225270,694393076,250.389,robot_1,-3.240,-2.377
1788225270,694459509,250.389,robot_0,2.457,-3.692
1788225270,694487302,250.390,robot_2,-1.274,2.273
1788225270,894470948,250.590,robot_1,-3.230,-2.437
1788225270,894533534,250.590,robot_0,2.516,-3.680
1788225270,894559306,250.590,robot_2,-1.329,2.248
1788225271,104490101,250.800,robot_1,-3.219,-2.499
1788225271,104535589,250.800,robot_0,2.578,-3.667
1788225271,104554742,250.800,robot_2,-1.386,2.222
1788225271,323814327,251.019,robot_1,-3.208,-2.564
1788225271,323865346,251.019,robot_0,2.642,-3.654
1788225271,323891832,251.019,robot_2,-1.446,2.195
1788225271,524528330,251.220,robot_1,-3.198,-2.623
1788225271,524582881,251.220,robot_0,2.701,-3.641
1788225271,524609722,251.220,robot_2,-1.501,2.170
1788225271,724669990,251.420,robot_1,-3.188,-2.682
1788225271,724762498,251.420,robot_0,2.760,-3.629
1788225271,724812713,251.420,robot_2,-1.556,2.146
1788225271,943402345,251.638,robot_1,-3.177,-2.747
1788225271,943434386,251.638,robot_0,2.825,-3.616
1788225271,943445005,251.638,robot_2,-1.616,2.119
1788225272,144066216,251.839,robot_1,-3.167,-2.806
1788225272,144107962,251.839,robot_0,2.883,-3.604
1788225272,144125442,251.839,robot_2,-1.671,2.094
1788225272,364208965,252.059,robot_1,-3.156,-2.871
1788225272,364264363,252.059,robot_0,2.948,-3.590
1788225272,364288702,252.059,robot_2,-1.731,2.067
1788225272,584172000,252.279,robot_1,-3.145,-2.936
1788225272,584225965,252.279,robot_0,3.013,-3.577
1788225272,584249356,252.279,robot_2,-1.791,2.040
1788225272,803580780,252.499,robot_1,-3.133,-3.001
1788225272,803622340,252.499,robot_0,3.077,-3.563
1788225272,803639722,252.499,robot_2,-1.851,2.013
1788225273,3895657,252.699,robot_1,-3.123,-3.061
1788225273,3931057,252.699,robot_0,3.136,-3.551
1788225273,3943811,252.699,robot_2,-1.906,1.988
1788225273,204020834,252.899,robot_1,-3.113,-3.120
1788225273,204074370,252.899,robot_0,3.195,-3.539
1788225273,204099552,252.899,robot_2,-1.961,1.963
1788225273,404428502,253.099,robot_1,-3.103,-3.179
1788225273,404485620,253.100,robot_0,3.253,-3.527
1788225273,404513485,253.100,robot_2,-2.015,1.939
1788225273,624388329,253.319,robot_1,-3.092,-3.244
1788225273,624439627,253.319,robot_0,3.318,-3.513
1788225273,624463710,253.319,robot_2,-2.076,1.911
1788225273,824415229,253.519,robot_1,-3.082,-3.303
1788225273,824454384,253.519,robot_0,3.377,-3.501
1788225273,824469993,253.519,robot_2,-2.130,1.887
1788225274,43738729,253.739,robot_1,-3.071,-3.368
1788225274,43764129,253.739,robot_0,3.441,-3.488
1788225274,43773276,253.739,robot_2,-2.190,1.860
1788225274,264570144,253.960,robot_1,-3.060,-3.433
1788225274,264641595,253.960,robot_0,3.506,-3.474
1788225274,264672799,253.960,robot_2,-2.251,1.833
1788225274,483349280,254.178,robot_1,-3.049,-3.498
1788225274,483381746,254.178,robot_0,3.571,-3.461
1788225274,483392267,254.178,robot_2,-2.311,1.805
1788225274,703089326,254.398,robot_1,-3.038,-3.563
1788225274,703119018,254.398,robot_0,3.635,-3.447
1788225274,703127861,254.398,robot_2,-2.371,1.778
1788225274,923892780,254.619,robot_1,-3.027,-3.628
1788225274,923933794,254.619,robot_0,3.700,-3.434
1788225274,923954813,254.619,robot_2,-2.431,1.751
1788225275,143624155,254.839,robot_1,-3.015,-3.693
1788225275,143682354,254.839,robot_0,3.764,-3.420
1788225275,143698991,254.839,robot_2,-2.491,1.724
1788225275,364026822,255.059,robot_1,-3.004,-3.759
1788225275,364058417,255.059,robot_0,3.829,-3.407
1788225275,364069665,255.059,robot_2,-2.551,1.697
1788225275,584193654,255.279,robot_1,-2.993,-3.824
1788225275,584250292,255.279,robot_0,3.894,-3.394
1788225275,584269140,255.279,robot_2,-2.612,1.670
1788225275,803754301,255.499,robot_1,-2.982,-3.889
1788225275,803802346,255.499,robot_0,3.958,-3.380
1788225275,803824457,255.499,robot_2,-2.672,1.643
1788225276,23685367,255.719,robot_1,-2.971,-3.954
1788225276,23722048,255.719,robot_0,4.023,-3.367
1788225276,23735322,255.719,robot_2,-2.732,1.615
1788225276,243390704,255.938,robot_1,-2.960,-4.019
1788225276,243429714,255.938,robot_0,4.088,-3.353
1788225276,243446607,255.938,robot_2,-2.792,1.588
1788225276,443441272,256.138,robot_1,-2.950,-4.078
1788225276,443475064,256.138,robot_0,4.146,-3.341
1788225276,443488205,256.139,robot_2,-2.847,1.564
1788225276,664085625,256.359,robot_1,-2.947,-4.095
1788225276,664138269,256.359,robot_0,4.192,-3.331
1788225276,664164546,256.359,robot_2,-2.907,1.537
1788225276,864196086,256.559,robot_1,-2.947,-4.095
1788225276,864232879,256.559,robot_0,4.192,-3.332
1788225276,864248382,256.559,robot_2,-2.962,1.512
1788225277,65000471,256.760,robot_1,-2.948,-4.095
1788225277,65055009,256.760,robot_0,4.193,-3.332
1788225277,65079022,256.760,robot_2,-3.016,1.487
1788225277,283974563,256.979,robot_1,-2.948,-4.095
1788225277,284034253,256.979,robot_0,4.193,-3.333
1788225277,284059783,256.979,robot_2,-3.076,1.460
1788225277,484076877,257.179,robot_1,-2.948,-4.096
1788225277,484118489,257.179,robot_0,4.193,-3.333
1788225277,484137386,257.179,robot_2,-3.131,1.435
1788225277,703136268,257.398,robot_1,-2.949,-4.096
1788225277,703167861,257.398,robot_0,4.194,-3.333
1788225277,703180574,257.398,robot_2,-3.191,1.408
1788225277,923240429,257.618,robot_1,-2.949,-4.096
1788225277,923268177,257.618,robot_0,4.194,-3.333
1788225277,923280648,257.618,robot_2,-3.251,1.381
1788225278,123402812,257.818,robot_1,-2.941,-4.097
1788225278,123434392,257.818,robot_0,4.195,-3.333
1788225278,123446677,257.818,robot_2,-3.306,1.357
1788225278,323453455,258.018,robot_1,-2.884,-4.098
1788225278,323483829,258.019,robot_0,4.195,-3.333
1788225278,323499122,258.019,robot_2,-3.361,1.332
1788225278,524097647,258.219,robot_1,-2.824,-4.096
1788225278,524134197,258.219,robot_0,4.196,-3.333
1788225278,524150979,258.219,robot_2,-3.416,1.307
1788225278,743073336,258.438,robot_1,-2.758,-4.093
1788225278,743104320,258.438,robot_0,4.182,-3.295
1788225278,743116183,258.438,robot_2,-3.476,1.280
1788225278,944130334,258.639,robot_1,-2.698,-4.091
1788225278,944165337,258.639,robot_0,4.157,-3.240
1788225278,944178217,258.639,robot_2,-3.530,1.255
1788225279,163809142,258.859,robot_1,-2.632,-4.088
1788225279,163859414,258.859,robot_0,4.129,-3.180
1788225279,163909619,258.859,robot_2,-3.591,1.228
1788225279,383740103,259.079,robot_1,-2.566,-4.085
1788225279,383772204,259.079,robot_0,4.101,-3.120
1788225279,383784786,259.079,robot_2,-3.651,1.201
1788225279,585210803,259.280,robot_1,-2.509,-4.083
1788225279,585244672,259.280,robot_0,4.077,-3.069
1788225279,585260481,259.280,robot_2,-3.703,1.178
1788225279,805374061,259.500,robot_1,-2.443,-4.080
1788225279,805421924,259.500,robot_0,4.049,-3.009
1788225279,805448527,259.500,robot_2,-3.763,1.151
1788225280,24985176,259.720,robot_1,-2.377,-4.077
1788225280,25017364,259.720,robot_0,4.021,-2.949
1788225280,25030567,259.720,robot_2,-3.823,1.123
1788225280,226071319,259.921,robot_1,-2.317,-4.075
1788225280,226111664,259.921,robot_0,3.996,-2.895
1788225280,226130362,259.921,robot_2,-3.878,1.099
1788225280,445856032,260.141,robot_1,-2.251,-4.072
1788225280,445910672,260.141,robot_0,3.968,-2.835
1788225280,445936536,260.141,robot_2,-3.938,1.072
1788225280,664598421,260.360,robot_1,-2.185,-4.069
1788225280,664628497,260.360,robot_0,3.940,-2.775
1788225280,664640185,260.360,robot_2,-3.998,1.045
1788225280,865273743,260.560,robot_1,-2.125,-4.066
1788225280,865305932,260.560,robot_0,3.914,-2.721
1788225280,865318749,260.560,robot_2,-4.053,1.020
1788225281,75921652,260.771,robot_1,-2.062,-4.064
1788225281,75975641,260.771,robot_0,3.887,-2.664
1788225281,76006426,260.771,robot_2,-4.110,0.994
1788225281,295163865,260.990,robot_1,-1.996,-4.061
1788225281,295200082,260.990,robot_0,3.859,-2.604
1788225281,295215026,260.990,robot_2,-4.168,0.968
1788225281,515784982,261.211,robot_1,-1.930,-4.058
1788225281,515820270,261.211,robot_0,3.831,-2.545
1788225281,515832593,261.211,robot_2,-4.175,0.965
1788225281,735122438,261.430,robot_1,-1.865,-4.055
1788225281,735152991,261.430,robot_0,3.803,-2.485
1788225281,735163884,261.430,robot_2,-4.175,0.965
1788225281,954954630,261.650,robot_1,-1.799,-4.053
1788225281,954988248,261.650,robot_0,3.775,-2.425
1788225281,954999976,261.650,robot_2,-4.175,0.965
1788225282,155171520,261.850,robot_1,-1.739,-4.050
1788225282,155211774,261.850,robot_0,3.750,-2.371
1788225282,155228838,261.850,robot_2,-4.176,0.965
1788225282,356149149,262.051,robot_1,-1.679,-4.047
1788225282,356194555,262.051,robot_0,3.724,-2.316
1788225282,356214549,262.051,robot_2,-4.176,0.966
1788225282,574916537,262.270,robot_1,-1.613,-4.045
1788225282,574946363,262.270,robot_0,3.696,-2.257
1788225282,574959361,262.270,robot_2,-4.176,0.966
1788225282,775527389,262.471,robot_1,-1.553,-4.042
1788225282,775566225,262.471,robot_0,3.671,-2.202
1788225282,775585745,262.471,robot_2,-4.177,0.966
1788225282,994496187,262.690,robot_1,-1.487,-4.039
1788225282,994525810,262.690,robot_0,3.643,-2.142
1788225282,994537615,262.690,robot_2,-4.177,0.966
1788225283,194827118,262.890,robot_1,-1.427,-4.037
1788225283,194870468,262.890,robot_0,3.617,-2.088
1788225283,194888508,262.890,robot_2,-4.169,0.944
1788225283,395452783,263.090,robot_1,-1.367,-4.034
1788225283,395487291,263.091,robot_0,3.592,-2.034
1788225283,395500505,263.091,robot_2,-4.143,0.890
1788225283,605004758,263.300,robot_1,-1.304,-4.032
1788225283,605046234,263.300,robot_0,3.565,-1.977
1788225283,605060242,263.300,robot_2,-4.114,0.834
1788225283,825095349,263.520,robot_1,-1.238,-4.029
1788225283,825148266,263.520,robot_0,3.537,-1.917
1788225283,825171385,263.520,robot_2,-4.084,0.775
1788225284,25646236,263.721,robot_1,-1.178,-4.026
1788225284,25677084,263.721,robot_0,3.512,-1.863
1788225284,25687279,263.721,robot_2,-4.056,0.722
1788225284,245160123,263.940,robot_1,-1.112,-4.023
1788225284,245198133,263.940,robot_0,3.484,-1.803
1788225284,245213959,263.940,robot_2,-4.026,0.663
1788225284,456618125,264.152,robot_1,-1.052,-4.021
1788225284,456657401,264.152,robot_0,3.458,-1.749
1788225284,456669180,264.152,robot_2,-3.998,0.610
1788225284,675631344,264.371,robot_1,-0.986,-4.018
1788225284,675663541,264.371,robot_0,3.430,-1.689
1788225284,675673913,264.371,robot_2,-3.968,0.551
1788225284,876092389,264.571,robot_1,-0.926,-4.015
1788225284,876123979,264.571,robot_0,3.405,-1.635
1788225284,876133766,264.571,robot_2,-3.941,0.498
1788225285,87875293,264.783,robot_1,-0.866,-4.013
1788225285,87938590,264.783,robot_0,3.379,-1.580
1788225285,87961336,264.783,robot_2,-3.913,0.445
1788225285,288679586,264.984,robot_1,-0.807,-4.010
1788225285,288734624,264.984,robot_0,3.354,-1.526
1788225285,288760283,264.984,robot_2,-3.886,0.391
1788225285,507792569,265.203,robot_1,-0.741,-4.008
1788225285,507823400,265.203,robot_0,3.326,-1.466
1788225285,507833683,265.203,robot_2,-3.855,0.333
1788225285,708179357,265.403,robot_1,-0.681,-4.005
1788225285,708217521,265.403,robot_0,3.300,-1.412
1788225285,708232381,265.403,robot_2,-3.828,0.279
1788225285,908713852,265.604,robot_1,-0.621,-4.002
1788225285,908760466,265.604,robot_0,3.275,-1.357
1788225285,908784561,265.604,robot_2,-3.800,0.226
1788225286,119791766,265.815,robot_1,-0.561,-4.000
1788225286,119834556,265.815,robot_0,3.249,-1.303
1788225286,119856622,265.815,robot_2,-3.773,0.173
1788225286,338690716,266.034,robot_1,-0.495,-3.997
1788225286,338719845,266.034,robot_0,3.221,-1.243
1788225286,338732115,266.034,robot_2,-3.742,0.114
1788225286,558715755,266.254,robot_1,-0.429,-3.994
1788225286,558747615,266.254,robot_0,3.193,-1.184
1788225286,558760164,266.254,robot_2,-3.712,0.056
1788225286,759630739,266.455,robot_1,-0.369,-3.992
1788225286,759668841,266.455,robot_0,3.168,-1.129
1788225286,759687685,266.455,robot_2,-3.684,0.002
1788225286,978605082,266.674,robot_1,-0.303,-3.989
1788225286,978636598,266.674,robot_0,3.140,-1.070
1788225286,978648532,266.674,robot_2,-3.654,-0.056
1788225287,198160046,266.893,robot_1,-0.237,-3.986
1788225287,198191983,266.893,robot_0,3.112,-1.010
1788225287,198204173,266.893,robot_2,-3.624,-0.115
1788225287,398410660,267.093,robot_1,-0.177,-3.984
1788225287,398441759,267.093,robot_0,3.086,-0.955
1788225287,398452897,267.093,robot_2,-3.596,-0.168
1788225287,608918474,267.304,robot_1,-0.117,-3.981
1788225287,608950556,267.304,robot_0,3.061,-0.901
1788225287,608963385,267.304,robot_2,-3.569,-0.222
1788225287,809318430,267.504,robot_1,-0.057,-3.978
1788225287,809352852,267.504,robot_0,3.035,-0.847
1788225287,809367607,267.504,robot_2,-3.541,-0.275
1788225288,19473904,267.714,robot_1,0.006,-3.976
1788225288,19506740,267.715,robot_0,3.009,-0.790
1788225288,19519500,267.715,robot_2,-3.512,-0.331
1788225288,219621727,267.915,robot_1,0.066,-3.973
1788225288,219664933,267.915,robot_0,2.983,-0.735
1788225288,219684658,267.915,robot_2,-3.485,-0.384
1788225288,419932076,268.115,robot_1,0.126,-3.971
1788225288,419985390,268.115,robot_0,2.958,-0.681
1788225288,420017927,268.115,robot_2,-3.457,-0.437
1788225288,638932774,268.334,robot_1,0.192,-3.968
1788225288,638963761,268.334,robot_0,2.930,-0.621
1788225288,638974483,268.334,robot_2,-3.427,-0.496
1788225288,858932421,268.554,robot_1,0.258,-3.965
1788225288,858966076,268.554,robot_0,2.902,-0.562
1788225288,858977804,268.554,robot_2,-3.396,-0.555
1788225289,58933959,268.754,robot_1,0.317,-3.963
1788225289,58966060,268.754,robot_0,2.876,-0.507
1788225289,58976571,268.754,robot_2,-3.369,-0.608
1788225289,259086159,268.954,robot_1,0.377,-3.960
1788225289,259119250,268.954,robot_0,2.851,-0.453
1788225289,259131877,268.954,robot_2,-3.341,-0.661
1788225289,478844636,269.174,robot_1,0.443,-3.957
1788225289,478873085,269.174,robot_0,2.823,-0.393
1788225289,478883892,269.174,robot_2,-3.311,-0.720
1788225289,679729478,269.375,robot_1,0.503,-3.955
1788225289,679772037,269.375,robot_0,2.797,-0.339
1788225289,679793737,269.375,robot_2,-3.283,-0.773
1788225289,898876085,269.594,robot_1,0.569,-3.952
1788225289,898904215,269.594,robot_0,2.769,-0.279
1788225289,898916793,269.594,robot_2,-3.253,-0.832
1788225290,99434245,269.794,robot_1,0.629,-3.949
1788225290,99463741,269.794,robot_0,2.744,-0.225
1788225290,99476650,269.794,robot_2,-3.226,-0.885
1788225290,320051242,270.015,robot_1,0.695,-3.946
1788225290,320089635,270.015,robot_0,2.716,-0.165
1788225290,320110803,270.015,robot_2,-3.195,-0.944
1788225290,530042861,270.225,robot_1,0.758,-3.944
1788225290,530096792,270.225,robot_0,2.689,-0.108
1788225290,530122380,270.225,robot_2,-3.166,-1.000
1788225290,749808653,270.445,robot_1,0.824,-3.941
1788225290,749849659,270.445,robot_0,2.661,-0.048
1788225290,749866150,270.445,robot_2,-3.136,-1.058
1788225290,950059981,270.645,robot_1,0.884,-3.938
1788225290,950133899,270.645,robot_0,2.635,0.006
1788225290,950166370,270.645,robot_2,-3.108,-1.112
1788225291,159510578,270.855,robot_1,0.947,-3.936
1788225291,159561208,270.855,robot_0,2.609,0.063
1788225291,159581982,270.855,robot_2,-3.080,-1.168
1788225291,359588157,271.055,robot_1,1.007,-3.933
1788225291,359629289,271.055,robot_0,2.583,0.117
1788225291,359645658,271.055,robot_2,-3.052,-1.221
1788225291,579754091,271.275,robot_1,1.073,-3.930
1788225291,579807823,271.275,robot_0,2.555,0.177
1788225291,579831917,271.275,robot_2,-3.022,-1.280
1788225291,779822626,271.475,robot_1,1.133,-3.928
1788225291,779878492,271.475,robot_0,2.530,0.232
1788225291,779902667,271.475,robot_2,-2.994,-1.333
1788225291,979813288,271.675,robot_1,1.193,-3.925
1788225291,979846233,271.675,robot_0,2.504,0.286
1788225291,979857584,271.675,robot_2,-2.967,-1.386
1788225292,198846902,271.894,robot_1,1.259,-3.923
1788225292,198879025,271.894,robot_0,2.476,0.346
1788225292,198890058,271.894,robot_2,-2.936,-1.445
1788225292,400305492,272.095,robot_1,1.319,-3.920
1788225292,400343133,272.095,robot_0,2.451,0.400
1788225292,400351874,272.095,robot_2,-2.909,-1.498
1788225292,619949561,272.315,robot_1,1.385,-3.917
1788225292,619987919,272.315,robot_0,2.423,0.460
1788225292,620001424,272.315,robot_2,-2.878,-1.557
1788225292,820292470,272.515,robot_1,1.444,-3.915
1788225292,820333062,272.515,robot_0,2.397,0.514
1788225292,820347670,272.515,robot_2,-2.851,-1.610
1788225293,38830199,272.734,robot_1,1.510,-3.912
1788225293,38862753,272.734,robot_0,2.369,0.574
1788225293,38872227,272.734,robot_2,-2.821,-1.669
1788225293,238965643,272.934,robot_1,1.570,-3.909
1788225293,238993822,272.934,robot_0,2.344,0.628
1788225293,239005541,272.934,robot_2,-2.793,-1.722
1788225293,459642680,273.155,robot_1,1.636,-3.906
1788225293,459680819,273.155,robot_0,2.316,0.688
1788225293,459698818,273.155,robot_2,-2.763,-1.781
1788225293,669119269,273.364,robot_1,1.699,-3.904
1788225293,669152029,273.364,robot_0,2.289,0.745
1788225293,669164794,273.364,robot_2,-2.734,-1.837
1788225293,869718739,273.565,robot_1,1.759,-3.901
1788225293,869773612,273.565,robot_0,2.264,0.799
1788225293,869799318,273.565,robot_2,-2.706,-1.890
1788225294,89422007,273.784,robot_1,1.825,-3.898
1788225294,89483429,273.785,robot_0,2.236,0.859
1788225294,89510238,273.785,robot_2,-2.676,-1.948
1788225294,309445625,274.004,robot_1,1.891,-3.896
1788225294,309478402,274.004,robot_0,2.208,0.919
1788225294,309491925,274.005,robot_2,-2.646,-2.007
1788225294,519498707,274.215,robot_1,1.954,-3.893
1788225294,519528453,274.215,robot_0,2.181,0.976
1788225294,519540382,274.215,robot_2,-2.617,-2.063
1788225294,720052926,274.415,robot_1,2.014,-3.890
1788225294,720116915,274.415,robot_0,2.155,1.030
1788225294,720150819,274.415,robot_2,-2.589,-2.116
1788225294,939525523,274.635,robot_1,2.080,-3.888
1788225294,939577138,274.635,robot_0,2.127,1.090
1788225294,939605031,274.635,robot_2,-2.559,-2.175
1788225295,159414118,274.854,robot_1,2.146,-3.885
1788225295,159449562,274.854,robot_0,2.099,1.150
1788225295,159463190,274.854,robot_2,-2.528,-2.234
1788225295,378805344,275.074,robot_1,2.212,-3.882
1788225295,378834998,275.074,robot_0,2.071,1.209
1788225295,378846097,275.074,robot_2,-2.498,-2.292
1788225295,579729755,275.275,robot_1,2.272,-3.879
1788225295,579766015,275.275,robot_0,2.046,1.264
1788225295,579780658,275.275,robot_2,-2.471,-2.346
1788225295,799571353,275.495,robot_1,2.338,-3.877
1788225295,799636271,275.495,robot_0,2.018,1.324
1788225295,799672293,275.495,robot_2,-2.440,-2.404
1788225296,19218280,275.714,robot_1,2.404,-3.874
1788225296,19250453,275.714,robot_0,1.990,1.383
1788225296,19262673,275.714,robot_2,-2.410,-2.463
1788225296,219888505,275.915,robot_1,2.464,-3.871
1788225296,219934378,275.915,robot_0,1.964,1.438
1788225296,219957514,275.915,robot_2,-2.382,-2.516
1788225296,420190655,276.115,robot_1,2.523,-3.869
1788225296,420240940,276.115,robot_0,1.939,1.492
1788225296,420264948,276.115,robot_2,-2.355,-2.569
1788225296,620561710,276.316,robot_1,2.583,-3.866
1788225296,620611134,276.316,robot_0,1.913,1.546
1788225296,620635830,276.316,robot_2,-2.327,-2.623
1788225296,839106511,276.534,robot_1,2.649,-3.863
1788225296,839138182,276.534,robot_0,1.885,1.606
1788225296,839149300,276.534,robot_2,-2.297,-2.681
1788225297,59114653,276.754,robot_1,2.715,-3.861
1788225297,59148392,276.754,robot_0,1.857,1.666
1788225297,59162100,276.754,robot_2,-2.267,-2.740
1788225297,279171051,276.974,robot_1,2.781,-3.858
1788225297,279210232,276.974,robot_0,1.829,1.726
1788225297,279227714,276.974,robot_2,-2.236,-2.799
1788225297,480083458,277.175,robot_1,2.841,-3.855
1788225297,480132184,277.175,robot_0,1.804,1.780
1788225297,480154020,277.175,robot_2,-2.209,-2.852
1788225297,700027879,277.395,robot_1,2.907,-3.852
1788225297,700073207,277.395,robot_0,1.776,1.840
1788225297,700093735,277.395,robot_2,-2.179,-2.910
1788225297,919218297,277.614,robot_1,2.973,-3.850
1788225297,919251395,277.614,robot_0,1.748,1.899
1788225297,919264760,277.614,robot_2,-2.148,-2.969
1788225298,138956215,277.834,robot_1,3.039,-3.847
1788225298,138985167,277.834,robot_0,1.720,1.959
1788225298,138997505,277.834,robot_2,-2.118,-3.028
1788225298,358874219,278.054,robot_1,3.105,-3.844
1788225298,358904726,278.054,robot_0,1.692,2.019
1788225298,358915941,278.054,robot_2,-2.088,-3.086
1788225298,558910579,278.254,robot_1,3.165,-3.841
1788225298,558943089,278.254,robot_0,1.666,2.073
1788225298,558955565,278.254,robot_2,-2.060,-3.140
1788225298,760446820,278.455,robot_1,3.225,-3.839
1788225298,760494862,278.456,robot_0,1.641,2.128
1788225298,760517926,278.456,robot_2,-2.032,-3.193
1788225298,979341060,278.674,robot_1,3.291,-3.836
1788225298,979384523,278.674,robot_0,1.613,2.187
1788225298,979401206,278.674,robot_2,-2.002,-3.252
1788225299,199283429,278.894,robot_1,3.357,-3.833
1788225299,199321131,278.894,robot_0,1.585,2.247
1788225299,199334708,278.894,robot_2,-1.972,-3.310
1788225299,400405815,279.095,robot_1,3.417,-3.831
1788225299,400458099,279.095,robot_0,1.559,2.301
1788225299,400486336,279.096,robot_2,-1.944,-3.364
1788225299,619182647,279.314,robot_1,3.483,-3.828
1788225299,619213397,279.314,robot_0,1.531,2.361
1788225299,619223329,279.314,robot_2,-1.914,-3.422
1788225299,819954553,279.515,robot_1,3.543,-3.825
1788225299,819997765,279.515,robot_0,1.506,2.415
1788225299,820019313,279.515,robot_2,-1.886,-3.475
1788225300,38842138,279.734,robot_1,3.609,-3.823
1788225300,38869508,279.734,robot_0,1.478,2.475
1788225300,38879164,279.734,robot_2,-1.856,-3.534
1788225300,239001454,279.934,robot_1,3.668,-3.820
1788225300,239038788,279.934,robot_0,1.452,2.530
1788225300,239048175,279.934,robot_2,-1.829,-3.587
1788225300,458897233,280.154,robot_1,3.734,-3.817
1788225300,458928841,280.154,robot_0,1.424,2.589
1788225300,458938720,280.154,robot_2,-1.798,-3.646
1788225300,658983863,280.354,robot_1,3.794,-3.815
1788225300,659020428,280.354,robot_0,1.399,2.644
1788225300,659030655,280.354,robot_2,-1.771,-3.699
1788225300,859358814,280.554,robot_1,3.854,-3.812
1788225300,859388580,280.554,robot_0,1.373,2.698
1788225300,859399300,280.554,robot_2,-1.743,-3.753
1788225301,78841655,280.774,robot_1,3.920,-3.809
1788225301,78875141,280.774,robot_0,1.345,2.758
1788225301,78887898,280.774,robot_2,-1.713,-3.811
1788225301,279885733,280.975,robot_1,3.980,-3.807
1788225301,279957374,280.975,robot_0,1.320,2.812
1788225301,279984438,280.975,robot_2,-1.685,-3.865
1788225301,499260597,281.194,robot_1,4.046,-3.804
1788225301,499293354,281.194,robot_0,1.292,2.872
1788225301,499305650,281.194,robot_2,-1.655,-3.923
1788225301,699694971,281.395,robot_1,4.106,-3.801
1788225301,699749451,281.395,robot_0,1.267,2.926
1788225301,699774763,281.395,robot_2,-1.627,-3.976
1788225301,899727703,281.595,robot_1,4.166,-3.799
1788225301,899773919,281.595,robot_0,1.241,2.980
1788225301,899796125,281.595,robot_2,-1.600,-4.030
1788225302,99816018,281.795,robot_1,4.221,-3.796
1788225302,99862651,281.795,robot_0,1.216,3.035
1788225302,99886305,281.795,robot_2,-1.573,-4.081
1788225302,300386904,281.995,robot_1,4.225,-3.796
1788225302,300439728,281.995,robot_0,1.190,3.089
1788225302,300464666,281.995,robot_2,-1.570,-4.088
1788225302,519548031,282.215,robot_1,4.225,-3.797
1788225302,519579402,282.215,robot_0,1.162,3.149
1788225302,519592039,282.215,robot_2,-1.570,-4.088
1788225302,719849754,282.415,robot_1,4.225,-3.797
1788225302,719894994,282.415,robot_0,1.137,3.203
1788225302,719911744,282.415,robot_2,-1.570,-4.088
1788225302,920016686,282.615,robot_1,4.225,-3.797
1788225302,920062577,282.615,robot_0,1.111,3.258
1788225302,920083817,282.615,robot_2,-1.571,-4.088
1788225303,129292244,282.824,robot_1,4.226,-3.798
1788225303,129319664,282.824,robot_0,1.084,3.315
1788225303,129332515,282.824,robot_2,-1.571,-4.088
1788225303,329788984,283.025,robot_1,4.226,-3.798
1788225303,329839645,283.025,robot_0,1.059,3.369
1788225303,329869135,283.025,robot_2,-1.571,-4.089
1788225303,549435795,283.244,robot_1,4.226,-3.798
1788225303,549481423,283.245,robot_0,1.031,3.429
1788225303,549500658,283.245,robot_2,-1.571,-4.089
1788225303,769207228,283.464,robot_1,4.227,-3.798
1788225303,769240068,283.464,robot_0,1.003,3.488
1788225303,769250579,283.464,robot_2,-1.527,-4.081
1788225303,969857575,283.665,robot_1,4.227,-3.798
1788225303,969930639,283.665,robot_0,0.977,3.543
1788225303,969957523,283.665,robot_2,-1.469,-4.067
1788225304,180434778,283.875,robot_1,4.224,-3.775
1788225304,180469428,283.875,robot_0,0.952,3.597
1788225304,180482301,283.875,robot_2,-1.411,-4.051
1788225304,380856200,284.076,robot_1,4.210,-3.717
1788225304,380906062,284.076,robot_0,0.927,3.651
1788225304,380929688,284.076,robot_2,-1.353,-4.036
1788225304,592985871,284.288,robot_1,4.194,-3.659
1788225304,593045995,284.288,robot_0,0.901,3.706
1788225304,593071906,284.288,robot_2,-1.295,-4.021
1788225304,811731721,284.507,robot_1,4.177,-3.596
1788225304,811782835,284.507,robot_0,0.873,3.765
1788225304,811811207,284.507,robot_2,-1.231,-4.004
1788225305,31620022,284.727,robot_1,4.160,-3.532
1788225305,31649358,284.727,robot_0,0.845,3.825
1788225305,31661257,284.727,robot_2,-1.168,-3.986
1788225305,251994189,284.947,robot_1,4.142,-3.468
1788225305,252065575,284.947,robot_0,0.817,3.885
1788225305,252110013,284.947,robot_2,-1.104,-3.969
1788225305,471361832,285.166,robot_1,4.125,-3.405
1788225305,471395756,285.166,robot_0,0.789,3.945
1788225305,471411357,285.166,robot_2,-1.040,-3.952
1788225305,681680980,285.377,robot_1,4.109,-3.347
1788225305,681714161,285.377,robot_0,0.764,3.999
1788225305,681730182,285.377,robot_2,-0.982,-3.937
1788225305,881775793,285.577,robot_1,4.093,-3.289
1788225305,881809998,285.577,robot_0,0.738,4.053
1788225305,881824203,285.577,robot_2,-0.924,-3.922
1788225306,92937163,285.788,robot_1,4.076,-3.228
1788225306,92990563,285.788,robot_0,0.711,4.110
1788225306,93021663,285.788,robot_2,-0.863,-3.905
1788225306,311731152,286.007,robot_1,4.059,-3.164
1788225306,311762432,286.007,robot_0,0.698,4.139
1788225306,311774758,286.007,robot_2,-0.800,-3.888
1788225306,538946268,286.234,robot_1,4.042,-3.101
1788225306,538988513,286.234,robot_0,0.698,4.140
1788225306,539002828,286.234,robot_2,-0.736,-3.871
1788225306,742804042,286.438,robot_1,4.025,-3.040
1788225306,742856082,286.438,robot_0,0.698,4.140
1788225306,742881961,286.438,robot_2,-0.675,-3.855
1788225306,942915117,286.638,robot_1,4.009,-2.982
1788225306,942972249,286.638,robot_0,0.699,4.140
1788225306,942998641,286.638,robot_2,-0.617,-3.840
1788225307,162057610,286.857,robot_1,3.992,-2.918
1788225307,162090537,286.857,robot_0,0.699,4.141
1788225307,162103634,286.857,robot_2,-0.553,-3.823
1788225307,382314669,287.077,robot_1,3.974,-2.855
1788225307,382357557,287.077,robot_0,0.699,4.141
1788225307,382374417,287.077,robot_2,-0.489,-3.806
1788225307,593449509,287.288,robot_1,3.959,-2.797
1788225307,593485318,287.289,robot_0,0.699,4.142
1788225307,593499556,287.289,robot_2,-0.431,-3.790
1788225307,813620316,287.509,robot_1,3.941,-2.733
1788225307,813655309,287.509,robot_0,0.693,4.141
1788225307,813669573,287.509,robot_2,-0.368,-3.773
1788225308,14174117,287.709,robot_1,3.925,-2.675
1788225308,14214598,287.709,robot_0,0.639,4.128
1788225308,14229442,287.709,robot_2,-0.310,-3.758
1788225308,227831345,287.923,robot_1,3.909,-2.617
1788225308,227884991,287.923,robot_0,0.581,4.110
1788225308,227909196,287.923,robot_2,-0.252,-3.742
1788225308,446903290,288.142,robot_1,3.892,-2.554
1788225308,446940666,288.142,robot_0,0.518,4.091
1788225308,446954909,288.142,robot_2,-0.188,-3.725
1788225308,647007813,288.342,robot_1,3.876,-2.496
1788225308,647051642,288.342,robot_0,0.461,4.073
1788225308,647068623,288.342,robot_2,-0.130,-3.710
1788225308,847253255,288.542,robot_1,3.860,-2.438
1788225308,847302978,288.542,robot_0,0.404,4.055
1788225308,847325759,288.542,robot_2,-0.072,-3.694
1788225309,75356643,288.770,robot_1,3.843,-2.374
1788225309,75411741,288.770,robot_0,0.341,4.035
1788225309,75437022,288.770,robot_2,-0.008,-3.677
1788225309,277246925,288.972,robot_1,3.826,-2.314
1788225309,277287500,288.972,robot_0,0.281,4.016
1788225309,277305551,288.972,robot_2,0.053,-3.661
1788225309,477261295,289.172,robot_1,3.811,-2.256
1788225309,477299338,289.172,robot_0,0.223,3.999
1788225309,477316735,289.172,robot_2,0.111,-3.645
1788225309,677413588,289.372,robot_1,3.795,-2.198
1788225309,677467097,289.372,robot_0,0.166,3.981
1788225309,677493792,289.373,robot_2,0.169,-3.630
1788225309,877501988,289.573,robot_1,3.779,-2.140
1788225309,877553394,289.573,robot_0,0.109,3.963
1788225309,877579107,289.573,robot_2,0.227,-3.614
1788225310,86552834,289.782,robot_1,3.762,-2.079
1788225310,86582879,289.782,robot_0,0.049,3.944
1788225310,86595053,289.782,robot_2,0.287,-3.598
1788225310,286598397,289.982,robot_1,3.746,-2.021
1788225310,286628164,289.982,robot_0,-0.009,3.926
1788225310,286640054,289.982,robot_2,0.345,-3.583
1788225310,506333786,290.201,robot_1,3.729,-1.958
1788225310,506373384,290.201,robot_0,-0.072,3.906
1788225310,506385390,290.201,robot_2,0.409,-3.566
1788225310,706361469,290.401,robot_1,3.713,-1.900
1788225310,706394566,290.401,robot_0,-0.129,3.888
1788225310,706407408,290.401,robot_2,0.467,-3.550
1788225310,907342018,290.602,robot_1,3.697,-1.842
1788225310,907402483,290.602,robot_0,-0.186,3.871
1788225310,907429626,290.602,robot_2,0.525,-3.535
1788225311,117077199,290.812,robot_1,3.681,-1.781
1788225311,117133233,290.812,robot_0,-0.246,3.852
1788225311,117160203,290.812,robot_2,0.586,-3.519
1788225311,336272382,291.031,robot_1,3.663,-1.717
1788225311,336302455,291.031,robot_0,-0.309,3.832
1788225311,336324433,291.031,robot_2,0.650,-3.502
1788225311,536388111,291.231,robot_1,3.648,-1.660
1788225311,536416636,291.231,robot_0,-0.367,3.814
1788225311,536426609,291.231,robot_2,0.708,-3.486
1788225311,756975470,291.452,robot_1,3.630,-1.596
1788225311,757024845,291.452,robot_0,-0.430,3.794
1788225311,757047285,291.452,robot_2,0.771,-3.469
1788225311,976973615,291.672,robot_1,3.613,-1.532
1788225311,977008669,291.672,robot_0,-0.493,3.775
1788225311,977034173,291.672,robot_2,0.835,-3.452
1788225312,197567324,291.893,robot_1,3.595,-1.469
1788225312,197614638,291.893,robot_0,-0.555,3.755
1788225312,197638458,291.893,robot_2,0.899,-3.435
1788225312,417409867,292.112,robot_1,3.578,-1.405
1788225312,417449197,292.112,robot_0,-0.618,3.735
1788225312,417467236,292.112,robot_2,0.963,-3.418
1788225312,636707432,292.332,robot_1,3.560,-1.341
1788225312,636737698,292.332,robot_0,-0.681,3.716
1788225312,636749665,292.332,robot_2,1.027,-3.401
1788225312,857478959,292.553,robot_1,3.543,-1.278
1788225312,857536510,292.553,robot_0,-0.744,3.696
1788225312,857567266,292.553,robot_2,1.090,-3.384
1788225313,65560348,292.761,robot_1,3.527,-1.220
1788225313,65590946,292.761,robot_0,-0.802,3.678
1788225313,65603278,292.761,robot_2,1.148,-3.369
1788225313,267395570,292.962,robot_1,3.511,-1.159
1788225313,267426493,292.962,robot_0,-0.862,3.659
1788225313,267440093,292.962,robot_2,1.209,-3.352
1788225313,486673973,293.182,robot_1,3.493,-1.095
1788225313,486713375,293.182,robot_0,-0.925,3.640
1788225313,486731767,293.182,robot_2,1.273,-3.335
1788225313,686800039,293.382,robot_1,3.477,-1.037
1788225313,686830278,293.382,robot_0,-0.982,3.622
1788225313,686841730,293.382,robot_2,1.331,-3.320
1788225313,906110140,293.601,robot_1,3.460,-0.974
1788225313,906138539,293.601,robot_0,-1.045,3.602
1788225313,906148732,293.601,robot_2,1.395,-3.303
1788225314,116562795,293.812,robot_1,3.443,-0.913
1788225314,116597213,293.812,robot_0,-1.105,3.583
1788225314,116610418,293.812,robot_2,1.456,-3.287
1788225314,316849451,294.012,robot_1,3.427,-0.855
1788225314,316887676,294.012,robot_0,-1.163,3.565
1788225314,316904296,294.012,robot_2,1.513,-3.271
1788225314,537029560,294.232,robot_1,3.410,-0.792
1788225314,537068383,294.232,robot_0,-1.226,3.546
1788225314,537079801,294.232,robot_2,1.577,-3.254
1788225314,756283466,294.451,robot_1,3.393,-0.728
1788225314,756313289,294.451,robot_0,-1.289,3.526
1788225314,756323860,294.451,robot_2,1.641,-3.237
1788225314,956480547,294.652,robot_1,3.377,-0.670
1788225314,956511433,294.652,robot_0,-1.346,3.508
1788225314,956523241,294.652,robot_2,1.699,-3.222
1788225315,176251903,294.871,robot_1,3.359,-0.606
1788225315,176281745,294.871,robot_0,-1.409,3.488
1788225315,176292576,294.871,robot_2,1.763,-3.205
1788225315,376588706,295.072,robot_1,3.344,-0.548
1788225315,376622819,295.072,robot_0,-1.466,3.470
1788225315,376636372,295.072,robot_2,1.821,-3.189
1788225315,596826829,295.292,robot_1,3.326,-0.485
1788225315,596858706,295.292,robot_0,-1.529,3.451
1788225315,596868421,295.292,robot_2,1.885,-3.172
1788225315,817463101,295.512,robot_1,3.309,-0.421
1788225315,817507189,295.513,robot_0,-1.592,3.431
1788225315,817523831,295.513,robot_2,1.948,-3.155
1788225316,17576294,295.713,robot_1,3.293,-0.363
1788225316,17626165,295.713,robot_0,-1.649,3.413
1788225316,17654254,295.713,robot_2,2.006,-3.140
1788225316,236560522,295.932,robot_1,3.276,-0.300
1788225316,236590984,295.932,robot_0,-1.712,3.393
1788225316,236602406,295.932,robot_2,2.070,-3.123
1788225316,436878028,296.132,robot_1,3.260,-0.242
1788225316,436910374,296.132,robot_0,-1.770,3.376
1788225316,436921162,296.132,robot_2,2.128,-3.107
1788225316,657619214,296.353,robot_1,3.242,-0.178
1788225316,657668371,296.353,robot_0,-1.833,3.356
1788225316,657691486,296.353,robot_2,2.192,-3.090
1788225316,877017092,296.572,robot_1,3.225,-0.114
1788225316,877052986,296.572,robot_0,-1.896,3.336
1788225316,877065995,296.572,robot_2,2.256,-3.073
1788225317,96554869,296.792,robot_1,3.207,-0.051
1788225317,96585750,296.792,robot_0,-1.959,3.316
1788225317,96597752,296.792,robot_2,2.319,-3.056
1788225317,316642544,297.012,robot_1,3.190,0.013
1788225317,316683465,297.012,robot_0,-2.022,3.297
1788225317,316702110,297.012,robot_2,2.383,-3.039
1788225317,517454721,297.212,robot_1,3.174,0.071
1788225317,517490639,297.213,robot_0,-2.079,3.279
1788225317,517505641,297.213,robot_2,2.441,-3.024
1788225317,736996146,297.432,robot_1,3.157,0.134
1788225317,737035111,297.432,robot_0,-2.142,3.259
1788225317,737047785,297.432,robot_2,2.505,-3.007
1788225317,957398369,297.652,robot_1,3.139,0.198
1788225317,957442667,297.652,robot_0,-2.205,3.239
1788225317,957463887,297.652,robot_2,2.569,-2.990
1788225318,176752739,297.872,robot_1,3.122,0.262
1788225318,176786735,297.872,robot_0,-2.268,3.220
1788225318,176801258,297.872,robot_2,2.632,-2.972
1788225318,377509246,298.073,robot_1,3.106,0.320
1788225318,377560387,298.073,robot_0,-2.325,3.202
1788225318,377585901,298.073,robot_2,2.690,-2.957
1788225318,597287811,298.292,robot_1,3.089,0.383
1788225318,597320263,298.292,robot_0,-2.388,3.182
1788225318,597334578,298.292,robot_2,2.754,-2.940
1788225318,797469881,298.492,robot_1,3.073,0.441
1788225318,797508892,298.493,robot_0,-2.445,3.164
1788225318,797523772,298.493,robot_2,2.812,-2.925
1788225319,17197608,298.712,robot_1,3.055,0.505
1788225319,17243337,298.712,robot_0,-2.508,3.145
1788225319,17263216,298.712,robot_2,2.876,-2.908
1788225319,236276996,298.931,robot_1,3.038,0.569
1788225319,236305713,298.931,robot_0,-2.571,3.125
1788225319,236315536,298.931,robot_2,2.940,-2.891
1788225319,436978064,299.132,robot_1,3.022,0.626
1788225319,437070875,299.132,robot_0,-2.629,3.107
1788225319,437125079,299.132,robot_2,2.998,-2.875
1788225319,637117131,299.332,robot_1,3.006,0.684
1788225319,637151222,299.332,robot_0,-2.686,3.089
1788225319,637165289,299.332,robot_2,3.056,-2.860
1788225319,856586486,299.552,robot_1,2.989,0.748
1788225319,856621913,299.552,robot_0,-2.749,3.069
1788225319,856636218,299.552,robot_2,3.119,-2.843
1788225320,66070680,299.761,robot_1,2.973,0.806
1788225320,66110395,299.761,robot_0,-2.806,3.052
1788225320,66128862,299.761,robot_2,3.177,-2.827
