[0.151s] DEBUG:colcon:Command line arguments: ['/usr/bin/colcon', 'build', '--packages-select', 'evaluation', 'leo_image_processing', 'leo_patrolling']
[0.151s] DEBUG:colcon:Parsed command line arguments: Namespace(log_base=None, log_level=None, verb_name='build', build_base='build', install_base='install', merge_install=False, symlink_install=False, test_result_base=None, continue_on_error=False, executor='parallel', parallel_workers=22, event_handlers=None, ignore_user_meta=False, metas=['./colcon.meta'], base_paths=['.'], packages_ignore=None, packages_ignore_regex=None, paths=None, packages_up_to=None, packages_up_to_regex=None, packages_above=None, packages_above_and_dependencies=None, packages_above_depth=None, packages_select_by_dep=None, packages_skip_by_dep=None, packages_skip_up_to=None, packages_select_build_failed=False, packages_skip_build_finished=False, packages_select_test_failures=False, packages_skip_test_passed=False, packages_select=['evaluation', 'leo_image_processing', 'leo_patrolling'], packages_skip=None, packages_select_regex=None, packages_skip_regex=None, packages_start=None, packages_end=None, allow_overriding=[], cmake_args=None, cmake_target=None, cmake_target_skip_unavailable=False, cmake_clean_cache=False, cmake_clean_first=False, cmake_force_configure=False, meson_args=[], ament_cmake_args=None, catkin_cmake_args=None, catkin_skip_building_tests=False, mixin_files=None, mixin=None, verb_parser=<colcon_mixin.mixin.mixin_argument.MixinArgumentDecorator object at 0x7bf97e7abf70>, verb_extension=<colcon_core.verb.build.BuildVerb object at 0x7bf97e7ab550>, main=<bound method BuildVerb.main of <colcon_core.verb.build.BuildVerb object at 0x7bf97e7ab550>>, mixin_verb=('build',))
[0.270s] Level 1:colcon.colcon_core.package_discovery:discover_packages(colcon_meta) check parameters
[0.270s] Level 1:colcon.colcon_core.package_discovery:discover_packages(recursive) check parameters
[0.270s] Level 1:colcon.colcon_core.package_discovery:discover_packages(ignore) check parameters
[0.270s] Level 1:colcon.colcon_core.package_discovery:discover_packages(path) check parameters
[0.270s] Level 1:colcon.colcon_core.package_discovery:discover_packages(colcon_meta) discover
[0.270s] Level 1:colcon.colcon_core.package_discovery:discover_packages(recursive) discover
[0.270s] INFO:colcon.colcon_core.package_discovery:Crawling recursively for packages in '/home/ecem/sct_ws/src/llm_sct'
[0.270s] Level 1:colcon.colcon_core.package_identification:_identify(.) by extensions ['ignore', 'ignore_ament_install']
[0.270s] Level 1:colcon.colcon_core.package_identification:_identify(.) by extension 'ignore'
[0.270s] Level 1:colcon.colcon_core.package_identification:_identify(.) by extension 'ignore_ament_install'
[0.270s] Level 1:colcon.colcon_core.package_identification:_identify(.) by extensions ['colcon_pkg']
[0.270s] Level 1:colcon.colcon_core.package_identification:_identify(.) by extension 'colcon_pkg'
[0.270s] Level 1:colcon.colcon_core.package_identification:_identify(.) by extensions ['colcon_meta']
[0.270s] Level 1:colcon.colcon_core.package_identification:_identify(.) by extension 'colcon_meta'
[0.270s] Level 1:colcon.colcon_core.package_identification:_identify(.) by extensions ['ros']
[0.270s] Level 1:colcon.colcon_core.package_identification:_identify(.) by extension 'ros'
[0.276s] Level 1:colcon.colcon_core.package_identification:_identify(.) by extensions ['cmake', 'meson', 'python']
[0.276s] Level 1:colcon.colcon_core.package_identification:_identify(.) by extension 'cmake'
[0.276s] Level 1:colcon.colcon_core.package_identification:_identify(.) by extension 'meson'
[0.277s] Level 1:colcon.colcon_core.package_identification:_identify(.) by extension 'python'
[0.277s] Level 1:colcon.colcon_core.package_identification:_identify(.) by extensions ['python_setup_py']
[0.277s] Level 1:colcon.colcon_core.package_identification:_identify(.) by extension 'python_setup_py'
[0.277s] Level 1:colcon.colcon_core.package_identification:_identify(build) by extensions ['ignore', 'ignore_ament_install']
[0.277s] Level 1:colcon.colcon_core.package_identification:_identify(build) by extension 'ignore'
[0.277s] Level 1:colcon.colcon_core.package_identification:_identify(build) ignored
[0.277s] Level 1:colcon.colcon_core.package_identification:_identify(evaluation) by extensions ['ignore', 'ignore_ament_install']
[0.277s] Level 1:colcon.colcon_core.package_identification:_identify(evaluation) by extension 'ignore'
[0.277s] Level 1:colcon.colcon_core.package_identification:_identify(evaluation) by extension 'ignore_ament_install'
[0.277s] Level 1:colcon.colcon_core.package_identification:_identify(evaluation) by extensions ['colcon_pkg']
[0.277s] Level 1:colcon.colcon_core.package_identification:_identify(evaluation) by extension 'colcon_pkg'
[0.278s] Level 1:colcon.colcon_core.package_identification:_identify(evaluation) by extensions ['colcon_meta']
[0.278s] Level 1:colcon.colcon_core.package_identification:_identify(evaluation) by extension 'colcon_meta'
[0.278s] Level 1:colcon.colcon_core.package_identification:_identify(evaluation) by extensions ['ros']
[0.278s] Level 1:colcon.colcon_core.package_identification:_identify(evaluation) by extension 'ros'
[0.279s] DEBUG:colcon.colcon_core.package_identification:Package 'evaluation' with type 'ros.ament_python' and name 'evaluation'
[0.279s] Level 1:colcon.colcon_core.package_identification:_identify(install) by extensions ['ignore', 'ignore_ament_install']
[0.279s] Level 1:colcon.colcon_core.package_identification:_identify(install) by extension 'ignore'
[0.279s] Level 1:colcon.colcon_core.package_identification:_identify(install) ignored
[0.279s] Level 1:colcon.colcon_core.package_identification:_identify(leo_common-ros2) by extensions ['ignore', 'ignore_ament_install']
[0.279s] Level 1:colcon.colcon_core.package_identification:_identify(leo_common-ros2) by extension 'ignore'
[0.279s] Level 1:colcon.colcon_core.package_identification:_identify(leo_common-ros2) by extension 'ignore_ament_install'
[0.279s] Level 1:colcon.colcon_core.package_identification:_identify(leo_common-ros2) by extensions ['colcon_pkg']
[0.279s] Level 1:colcon.colcon_core.package_identification:_identify(leo_common-ros2) by extension 'colcon_pkg'
[0.279s] Level 1:colcon.colcon_core.package_identification:_identify(leo_common-ros2) by extensions ['colcon_meta']
[0.279s] Level 1:colcon.colcon_core.package_identification:_identify(leo_common-ros2) by extension 'colcon_meta'
[0.279s] Level 1:colcon.colcon_core.package_identification:_identify(leo_common-ros2) by extensions ['ros']
[0.279s] Level 1:colcon.colcon_core.package_identification:_identify(leo_common-ros2) by extension 'ros'
[0.279s] Level 1:colcon.colcon_core.package_identification:_identify(leo_common-ros2) by extensions ['cmake', 'meson', 'python']
[0.279s] Level 1:colcon.colcon_core.package_identification:_identify(leo_common-ros2) by extension 'cmake'
[0.279s] Level 1:colcon.colcon_core.package_identification:_identify(leo_common-ros2) by extension 'meson'
[0.280s] Level 1:colcon.colcon_core.package_identification:_identify(leo_common-ros2) by extension 'python'
[0.280s] Level 1:colcon.colcon_core.package_identification:_identify(leo_common-ros2) by extensions ['python_setup_py']
[0.280s] Level 1:colcon.colcon_core.package_identification:_identify(leo_common-ros2) by extension 'python_setup_py'
[0.280s] Level 1:colcon.colcon_core.package_identification:_identify(leo_common-ros2/leo) by extensions ['ignore', 'ignore_ament_install']
[0.280s] Level 1:colcon.colcon_core.package_identification:_identify(leo_common-ros2/leo) by extension 'ignore'
[0.280s] Level 1:colcon.colcon_core.package_identification:_identify(leo_common-ros2/leo) by extension 'ignore_ament_install'
[0.280s] Level 1:colcon.colcon_core.package_identification:_identify(leo_common-ros2/leo) by extensions ['colcon_pkg']
[0.280s] Level 1:colcon.colcon_core.package_identification:_identify(leo_common-ros2/leo) by extension 'colcon_pkg'
[0.280s] Level 1:colcon.colcon_core.package_identification:_identify(leo_common-ros2/leo) by extensions ['colcon_meta']
[0.280s] Level 1:colcon.colcon_core.package_identification:_identify(leo_common-ros2/leo) by extension 'colcon_meta'
[0.280s] Level 1:colcon.colcon_core.package_identification:_identify(leo_common-ros2/leo) by extensions ['ros']
[0.280s] Level 1:colcon.colcon_core.package_identification:_identify(leo_common-ros2/leo) by extension 'ros'
[0.281s] DEBUG:colcon.colcon_core.package_identification:Package 'leo_common-ros2/leo' with type 'ros.ament_cmake' and name 'leo'
[0.281s] Level 1:colcon.colcon_core.package_identification:_identify(leo_common-ros2/leo_description) by extensions ['ignore', 'ignore_ament_install']
[0.281s] Level 1:colcon.colcon_core.package_identification:_identify(leo_common-ros2/leo_description) by extension 'ignore'
[0.281s] Level 1:colcon.colcon_core.package_identification:_identify(leo_common-ros2/leo_description) by extension 'ignore_ament_install'
[0.281s] Level 1:colcon.colcon_core.package_identification:_identify(leo_common-ros2/leo_description) by extensions ['colcon_pkg']
[0.281s] Level 1:colcon.colcon_core.package_identification:_identify(leo_common-ros2/leo_description) by extension 'colcon_pkg'
[0.281s] Level 1:colcon.colcon_core.package_identification:_identify(leo_common-ros2/leo_description) by extensions ['colcon_meta']
[0.281s] Level 1:colcon.colcon_core.package_identification:_identify(leo_common-ros2/leo_description) by extension 'colcon_meta'
[0.281s] Level 1:colcon.colcon_core.package_identification:_identify(leo_common-ros2/leo_description) by extensions ['ros']
[0.281s] Level 1:colcon.colcon_core.package_identification:_identify(leo_common-ros2/leo_description) by extension 'ros'
[0.281s] DEBUG:colcon.colcon_core.package_identification:Package 'leo_common-ros2/leo_description' with type 'ros.ament_cmake' and name 'leo_description'
[0.281s] Level 1:colcon.colcon_core.package_identification:_identify(leo_common-ros2/leo_msgs) by extensions ['ignore', 'ignore_ament_install']
[0.281s] Level 1:colcon.colcon_core.package_identification:_identify(leo_common-ros2/leo_msgs) by extension 'ignore'
[0.281s] Level 1:colcon.colcon_core.package_identification:_identify(leo_common-ros2/leo_msgs) by extension 'ignore_ament_install'
[0.281s] Level 1:colcon.colcon_core.package_identification:_identify(leo_common-ros2/leo_msgs) by extensions ['colcon_pkg']
[0.281s] Level 1:colcon.colcon_core.package_identification:_identify(leo_common-ros2/leo_msgs) by extension 'colcon_pkg'
[0.281s] Level 1:colcon.colcon_core.package_identification:_identify(leo_common-ros2/leo_msgs) by extensions ['colcon_meta']
[0.282s] Level 1:colcon.colcon_core.package_identification:_identify(leo_common-ros2/leo_msgs) by extension 'colcon_meta'
[0.282s] Level 1:colcon.colcon_core.package_identification:_identify(leo_common-ros2/leo_msgs) by extensions ['ros']
[0.282s] Level 1:colcon.colcon_core.package_identification:_identify(leo_common-ros2/leo_msgs) by extension 'ros'
[0.282s] DEBUG:colcon.colcon_core.package_identification:Package 'leo_common-ros2/leo_msgs' with type 'ros.ament_cmake' and name 'leo_msgs'
[0.282s] Level 1:colcon.colcon_core.package_identification:_identify(leo_common-ros2/leo_teleop) by extensions ['ignore', 'ignore_ament_install']
[0.282s] Level 1:colcon.colcon_core.package_identification:_identify(leo_common-ros2/leo_teleop) by extension 'ignore'
[0.282s] Level 1:colcon.colcon_core.package_identification:_identify(leo_common-ros2/leo_teleop) by extension 'ignore_ament_install'
[0.282s] Level 1:colcon.colcon_core.package_identification:_identify(leo_common-ros2/leo_teleop) by extensions ['colcon_pkg']
[0.282s] Level 1:colcon.colcon_core.package_identification:_identify(leo_common-ros2/leo_teleop) by extension 'colcon_pkg'
[0.282s] Level 1:colcon.colcon_core.package_identification:_identify(leo_common-ros2/leo_teleop) by extensions ['colcon_meta']
[0.282s] Level 1:colcon.colcon_core.package_identification:_identify(leo_common-ros2/leo_teleop) by extension 'colcon_meta'
[0.282s] Level 1:colcon.colcon_core.package_identification:_identify(leo_common-ros2/leo_teleop) by extensions ['ros']
[0.282s] Level 1:colcon.colcon_core.package_identification:_identify(leo_common-ros2/leo_teleop) by extension 'ros'
[0.283s] DEBUG:colcon.colcon_core.package_identification:Package 'leo_common-ros2/leo_teleop' with type 'ros.ament_cmake' and name 'leo_teleop'
[0.283s] Level 1:colcon.colcon_core.package_identification:_identify(leo_exploration) by extensions ['ignore', 'ignore_ament_install']
[0.283s] Level 1:colcon.colcon_core.package_identification:_identify(leo_exploration) by extension 'ignore'
[0.283s] Level 1:colcon.colcon_core.package_identification:_identify(leo_exploration) by extension 'ignore_ament_install'
[0.283s] Level 1:colcon.colcon_core.package_identification:_identify(leo_exploration) by extensions ['colcon_pkg']
[0.283s] Level 1:colcon.colcon_core.package_identification:_identify(leo_exploration) by extension 'colcon_pkg'
[0.283s] Level 1:colcon.colcon_core.package_identification:_identify(leo_exploration) by extensions ['colcon_meta']
[0.283s] Level 1:colcon.colcon_core.package_identification:_identify(leo_exploration) by extension 'colcon_meta'
[0.283s] Level 1:colcon.colcon_core.package_identification:_identify(leo_exploration) by extensions ['ros']
[0.283s] Level 1:colcon.colcon_core.package_identification:_identify(leo_exploration) by extension 'ros'
[0.283s] DEBUG:colcon.colcon_core.package_identification:Package 'leo_exploration' with type 'ros.ament_python' and name 'leo_exploration'
[0.283s] Level 1:colcon.colcon_core.package_identification:_identify(leo_image_processing) by extensions ['ignore', 'ignore_ament_install']
[0.283s] Level 1:colcon.colcon_core.package_identification:_identify(leo_image_processing) by extension 'ignore'
[0.283s] Level 1:colcon.colcon_core.package_identification:_identify(leo_image_processing) by extension 'ignore_ament_install'
[0.283s] Level 1:colcon.colcon_core.package_identification:_identify(leo_image_processing) by extensions ['colcon_pkg']
[0.283s] Level 1:colcon.colcon_core.package_identification:_identify(leo_image_processing) by extension 'colcon_pkg'
[0.283s] Level 1:colcon.colcon_core.package_identification:_identify(leo_image_processing) by extensions ['colcon_meta']
[0.283s] Level 1:colcon.colcon_core.package_identification:_identify(leo_image_processing) by extension 'colcon_meta'
[0.283s] Level 1:colcon.colcon_core.package_identification:_identify(leo_image_processing) by extensions ['ros']
[0.283s] Level 1:colcon.colcon_core.package_identification:_identify(leo_image_processing) by extension 'ros'
[0.284s] DEBUG:colcon.colcon_core.package_identification:Package 'leo_image_processing' with type 'ros.ament_python' and name 'leo_image_processing'
[0.284s] Level 1:colcon.colcon_core.package_identification:_identify(leo_patrolling) by extensions ['ignore', 'ignore_ament_install']
[0.284s] Level 1:colcon.colcon_core.package_identification:_identify(leo_patrolling) by extension 'ignore'
[0.284s] Level 1:colcon.colcon_core.package_identification:_identify(leo_patrolling) by extension 'ignore_ament_install'
[0.284s] Level 1:colcon.colcon_core.package_identification:_identify(leo_patrolling) by extensions ['colcon_pkg']
[0.284s] Level 1:colcon.colcon_core.package_identification:_identify(leo_patrolling) by extension 'colcon_pkg'
[0.284s] Level 1:colcon.colcon_core.package_identification:_identify(leo_patrolling) by extensions ['colcon_meta']
[0.284s] Level 1:colcon.colcon_core.package_identification:_identify(leo_patrolling) by extension 'colcon_meta'
[0.284s] Level 1:colcon.colcon_core.package_identification:_identify(leo_patrolling) by extensions ['ros']
[0.284s] Level 1:colcon.colcon_core.package_identification:_identify(leo_patrolling) by extension 'ros'
[0.285s] DEBUG:colcon.colcon_core.package_identification:Package 'leo_patrolling' with type 'ros.ament_python' and name 'leo_patrolling'
[0.285s] Level 1:colcon.colcon_core.package_identification:_identify(leo_simulator-ros2) by extensions ['ignore', 'ignore_ament_install']
[0.285s] Level 1:colcon.colcon_core.package_identification:_identify(leo_simulator-ros2) by extension 'ignore'
[0.285s] Level 1:colcon.colcon_core.package_identification:_identify(leo_simulator-ros2) by extension 'ignore_ament_install'
[0.285s] Level 1:colcon.colcon_core.package_identification:_identify(leo_simulator-ros2) by extensions ['colcon_pkg']
[0.285s] Level 1:colcon.colcon_core.package_identification:_identify(leo_simulator-ros2) by extension 'colcon_pkg'
[0.285s] Level 1:colcon.colcon_core.package_identification:_identify(leo_simulator-ros2) by extensions ['colcon_meta']
[0.285s] Level 1:colcon.colcon_core.package_identification:_identify(leo_simulator-ros2) by extension 'colcon_meta'
[0.285s] Level 1:colcon.colcon_core.package_identification:_identify(leo_simulator-ros2) by extensions ['ros']
[0.285s] Level 1:colcon.colcon_core.package_identification:_identify(leo_simulator-ros2) by extension 'ros'
[0.285s] Level 1:colcon.colcon_core.package_identification:_identify(leo_simulator-ros2) by extensions ['cmake', 'meson', 'python']
[0.285s] Level 1:colcon.colcon_core.package_identification:_identify(leo_simulator-ros2) by extension 'cmake'
[0.285s] Level 1:colcon.colcon_core.package_identification:_identify(leo_simulator-ros2) by extension 'meson'
[0.285s] Level 1:colcon.colcon_core.package_identification:_identify(leo_simulator-ros2) by extension 'python'
[0.286s] Level 1:colcon.colcon_core.package_identification:_identify(leo_simulator-ros2) by extensions ['python_setup_py']
[0.286s] Level 1:colcon.colcon_core.package_identification:_identify(leo_simulator-ros2) by extension 'python_setup_py'
[0.286s] Level 1:colcon.colcon_core.package_identification:_identify(leo_simulator-ros2/leo_gz_bringup) by extensions ['ignore', 'ignore_ament_install']
[0.286s] Level 1:colcon.colcon_core.package_identification:_identify(leo_simulator-ros2/leo_gz_bringup) by extension 'ignore'
[0.286s] Level 1:colcon.colcon_core.package_identification:_identify(leo_simulator-ros2/leo_gz_bringup) by extension 'ignore_ament_install'
[0.286s] Level 1:colcon.colcon_core.package_identification:_identify(leo_simulator-ros2/leo_gz_bringup) by extensions ['colcon_pkg']
[0.286s] Level 1:colcon.colcon_core.package_identification:_identify(leo_simulator-ros2/leo_gz_bringup) by extension 'colcon_pkg'
[0.286s] Level 1:colcon.colcon_core.package_identification:_identify(leo_simulator-ros2/leo_gz_bringup) by extensions ['colcon_meta']
[0.286s] Level 1:colcon.colcon_core.package_identification:_identify(leo_simulator-ros2/leo_gz_bringup) by extension 'colcon_meta'
[0.286s] Level 1:colcon.colcon_core.package_identification:_identify(leo_simulator-ros2/leo_gz_bringup) by extensions ['ros']
[0.286s] Level 1:colcon.colcon_core.package_identification:_identify(leo_simulator-ros2/leo_gz_bringup) by extension 'ros'
[0.286s] DEBUG:colcon.colcon_core.package_identification:Package 'leo_simulator-ros2/leo_gz_bringup' with type 'ros.ament_cmake' and name 'leo_gz_bringup'
[0.286s] Level 1:colcon.colcon_core.package_identification:_identify(leo_simulator-ros2/leo_gz_plugins) by extensions ['ignore', 'ignore_ament_install']
[0.286s] Level 1:colcon.colcon_core.package_identification:_identify(leo_simulator-ros2/leo_gz_plugins) by extension 'ignore'
[0.286s] Level 1:colcon.colcon_core.package_identification:_identify(leo_simulator-ros2/leo_gz_plugins) by extension 'ignore_ament_install'
[0.286s] Level 1:colcon.colcon_core.package_identification:_identify(leo_simulator-ros2/leo_gz_plugins) by extensions ['colcon_pkg']
[0.286s] Level 1:colcon.colcon_core.package_identification:_identify(leo_simulator-ros2/leo_gz_plugins) by extension 'colcon_pkg'
[0.286s] Level 1:colcon.colcon_core.package_identification:_identify(leo_simulator-ros2/leo_gz_plugins) by extensions ['colcon_meta']
[0.286s] Level 1:colcon.colcon_core.package_identification:_identify(leo_simulator-ros2/leo_gz_plugins) by extension 'colcon_meta'
[0.286s] Level 1:colcon.colcon_core.package_identification:_identify(leo_simulator-ros2/leo_gz_plugins) by extensions ['ros']
[0.286s] Level 1:colcon.colcon_core.package_identification:_identify(leo_simulator-ros2/leo_gz_plugins) by extension 'ros'
[0.289s] DEBUG:colcon.colcon_core.package_identification:Package 'leo_simulator-ros2/leo_gz_plugins' with type 'ros.ament_cmake' and name 'leo_gz_plugins'
[0.289s] Level 1:colcon.colcon_core.package_identification:_identify(leo_simulator-ros2/leo_gz_worlds) by extensions ['ignore', 'ignore_ament_install']
[0.289s] Level 1:colcon.colcon_core.package_identification:_identify(leo_simulator-ros2/leo_gz_worlds) by extension 'ignore'
[0.290s] Level 1:colcon.colcon_core.package_identification:_identify(leo_simulator-ros2/leo_gz_worlds) by extension 'ignore_ament_install'
[0.290s] Level 1:colcon.colcon_core.package_identification:_identify(leo_simulator-ros2/leo_gz_worlds) by extensions ['colcon_pkg']
[0.290s] Level 1:colcon.colcon_core.package_identification:_identify(leo_simulator-ros2/leo_gz_worlds) by extension 'colcon_pkg'
[0.290s] Level 1:colcon.colcon_core.package_identification:_identify(leo_simulator-ros2/leo_gz_worlds) by extensions ['colcon_meta']
[0.290s] Level 1:colcon.colcon_core.package_identification:_identify(leo_simulator-ros2/leo_gz_worlds) by extension 'colcon_meta'
[0.290s] Level 1:colcon.colcon_core.package_identification:_identify(leo_simulator-ros2/leo_gz_worlds) by extensions ['ros']
[0.290s] Level 1:colcon.colcon_core.package_identification:_identify(leo_simulator-ros2/leo_gz_worlds) by extension 'ros'
[0.290s] DEBUG:colcon.colcon_core.package_identification:Package 'leo_simulator-ros2/leo_gz_worlds' with type 'ros.ament_cmake' and name 'leo_gz_worlds'
[0.290s] Level 1:colcon.colcon_core.package_identification:_identify(leo_simulator-ros2/leo_simulator) by extensions ['ignore', 'ignore_ament_install']
[0.290s] Level 1:colcon.colcon_core.package_identification:_identify(leo_simulator-ros2/leo_simulator) by extension 'ignore'
[0.290s] Level 1:colcon.colcon_core.package_identification:_identify(leo_simulator-ros2/leo_simulator) by extension 'ignore_ament_install'
[0.290s] Level 1:colcon.colcon_core.package_identification:_identify(leo_simulator-ros2/leo_simulator) by extensions ['colcon_pkg']
[0.290s] Level 1:colcon.colcon_core.package_identification:_identify(leo_simulator-ros2/leo_simulator) by extension 'colcon_pkg'
[0.290s] Level 1:colcon.colcon_core.package_identification:_identify(leo_simulator-ros2/leo_simulator) by extensions ['colcon_meta']
[0.290s] Level 1:colcon.colcon_core.package_identification:_identify(leo_simulator-ros2/leo_simulator) by extension 'colcon_meta'
[0.290s] Level 1:colcon.colcon_core.package_identification:_identify(leo_simulator-ros2/leo_simulator) by extensions ['ros']
[0.290s] Level 1:colcon.colcon_core.package_identification:_identify(leo_simulator-ros2/leo_simulator) by extension 'ros'
[0.291s] DEBUG:colcon.colcon_core.package_identification:Package 'leo_simulator-ros2/leo_simulator' with type 'ros.ament_cmake' and name 'leo_simulator'
[0.291s] Level 1:colcon.colcon_core.package_identification:_identify(log) by extensions ['ignore', 'ignore_ament_install']
[0.291s] Level 1:colcon.colcon_core.package_identification:_identify(log) by extension 'ignore'
[0.291s] Level 1:colcon.colcon_core.package_identification:_identify(log) ignored
[0.291s] Level 1:colcon.colcon_core.package_identification:_identify(results) by extensions ['ignore', 'ignore_ament_install']
[0.291s] Level 1:colcon.colcon_core.package_identification:_identify(results) by extension 'ignore'
[0.291s] Level 1:colcon.colcon_core.package_identification:_identify(results) by extension 'ignore_ament_install'
[0.291s] Level 1:colcon.colcon_core.package_identification:_identify(results) by extensions ['colcon_pkg']
[0.291s] Level 1:colcon.colcon_core.package_identification:_identify(results) by extension 'colcon_pkg'
[0.291s] Level 1:colcon.colcon_core.package_identification:_identify(results) by extensions ['colcon_meta']
[0.291s] Level 1:colcon.colcon_core.package_identification:_identify(results) by extension 'colcon_meta'
[0.291s] Level 1:colcon.colcon_core.package_identification:_identify(results) by extensions ['ros']
[0.291s] Level 1:colcon.colcon_core.package_identification:_identify(results) by extension 'ros'
[0.291s] Level 1:colcon.colcon_core.package_identification:_identify(results) by extensions ['cmake', 'meson', 'python']
[0.291s] Level 1:colcon.colcon_core.package_identification:_identify(results) by extension 'cmake'
[0.291s] Level 1:colcon.colcon_core.package_identification:_identify(results) by extension 'meson'
[0.292s] Level 1:colcon.colcon_core.package_identification:_identify(results) by extension 'python'
[0.292s] Level 1:colcon.colcon_core.package_identification:_identify(results) by extensions ['python_setup_py']
[0.292s] Level 1:colcon.colcon_core.package_identification:_identify(results) by extension 'python_setup_py'
[0.292s] Level 1:colcon.colcon_core.package_identification:_identify(results/results_exploration) by extensions ['ignore', 'ignore_ament_install']
[0.292s] Level 1:colcon.colcon_core.package_identification:_identify(results/results_exploration) by extension 'ignore'
[0.292s] Level 1:colcon.colcon_core.package_identification:_identify(results/results_exploration) by extension 'ignore_ament_install'
[0.292s] Level 1:colcon.colcon_core.package_identification:_identify(results/results_exploration) by extensions ['colcon_pkg']
[0.292s] Level 1:colcon.colcon_core.package_identification:_identify(results/results_exploration) by extension 'colcon_pkg'
[0.292s] Level 1:colcon.colcon_core.package_identification:_identify(results/results_exploration) by extensions ['colcon_meta']
[0.292s] Level 1:colcon.colcon_core.package_identification:_identify(results/results_exploration) by extension 'colcon_meta'
[0.292s] Level 1:colcon.colcon_core.package_identification:_identify(results/results_exploration) by extensions ['ros']
[0.292s] Level 1:colcon.colcon_core.package_identification:_identify(results/results_exploration) by extension 'ros'
[0.292s] Level 1:colcon.colcon_core.package_identification:_identify(results/results_exploration) by extensions ['cmake', 'meson', 'python']
[0.292s] Level 1:colcon.colcon_core.package_identification:_identify(results/results_exploration) by extension 'cmake'
[0.292s] Level 1:colcon.colcon_core.package_identification:_identify(results/results_exploration) by extension 'meson'
[0.293s] Level 1:colcon.colcon_core.package_identification:_identify(results/results_exploration) by extension 'python'
[0.293s] Level 1:colcon.colcon_core.package_identification:_identify(results/results_exploration) by extensions ['python_setup_py']
[0.293s] Level 1:colcon.colcon_core.package_identification:_identify(results/results_exploration) by extension 'python_setup_py'
[0.293s] Level 1:colcon.colcon_core.package_identification:_identify(results/results_exploration/sup_backward) by extensions ['ignore', 'ignore_ament_install']
[0.293s] Level 1:colcon.colcon_core.package_identification:_identify(results/results_exploration/sup_backward) by extension 'ignore'
[0.293s] Level 1:colcon.colcon_core.package_identification:_identify(results/results_exploration/sup_backward) by extension 'ignore_ament_install'
[0.293s] Level 1:colcon.colcon_core.package_identification:_identify(results/results_exploration/sup_backward) by extensions ['colcon_pkg']
[0.293s] Level 1:colcon.colcon_core.package_identification:_identify(results/results_exploration/sup_backward) by extension 'colcon_pkg'
[0.293s] Level 1:colcon.colcon_core.package_identification:_identify(results/results_exploration/sup_backward) by extensions ['colcon_meta']
[0.293s] Level 1:colcon.colcon_core.package_identification:_identify(results/results_exploration/sup_backward) by extension 'colcon_meta'
[0.293s] Level 1:colcon.colcon_core.package_identification:_identify(results/results_exploration/sup_backward) by extensions ['ros']
[0.293s] Level 1:colcon.colcon_core.package_identification:_identify(results/results_exploration/sup_backward) by extension 'ros'
[0.293s] Level 1:colcon.colcon_core.package_identification:_identify(results/results_exploration/sup_backward) by extensions ['cmake', 'meson', 'python']
[0.293s] Level 1:colcon.colcon_core.package_identification:_identify(results/results_exploration/sup_backward) by extension 'cmake'
[0.293s] Level 1:colcon.colcon_core.package_identification:_identify(results/results_exploration/sup_backward) by extension 'meson'
[0.294s] Level 1:colcon.colcon_core.package_identification:_identify(results/results_exploration/sup_backward) by extension 'python'
[0.294s] Level 1:colcon.colcon_core.package_identification:_identify(results/results_exploration/sup_backward) by extensions ['python_setup_py']
[0.294s] Level 1:colcon.colcon_core.package_identification:_identify(results/results_exploration/sup_backward) by extension 'python_setup_py'
[0.294s] Level 1:colcon.colcon_core.package_identification:_identify(results/results_exploration/sup_backward/robots_1) by extensions ['ignore', 'ignore_ament_install']
[0.294s] Level 1:colcon.colcon_core.package_identification:_identify(results/results_exploration/sup_backward/robots_1) by extension 'ignore'
[0.294s] Level 1:colcon.colcon_core.package_identification:_identify(results/results_exploration/sup_backward/robots_1) by extension 'ignore_ament_install'
[0.294s] Level 1:colcon.colcon_core.package_identification:_identify(results/results_exploration/sup_backward/robots_1) by extensions ['colcon_pkg']
[0.294s] Level 1:colcon.colcon_core.package_identification:_identify(results/results_exploration/sup_backward/robots_1) by extension 'colcon_pkg'
[0.294s] Level 1:colcon.colcon_core.package_identification:_identify(results/results_exploration/sup_backward/robots_1) by extensions ['colcon_meta']
[0.294s] Level 1:colcon.colcon_core.package_identification:_identify(results/results_exploration/sup_backward/robots_1) by extension 'colcon_meta'
[0.294s] Level 1:colcon.colcon_core.package_identification:_identify(results/results_exploration/sup_backward/robots_1) by extensions ['ros']
[0.294s] Level 1:colcon.colcon_core.package_identification:_identify(results/results_exploration/sup_backward/robots_1) by extension 'ros'
[0.294s] Level 1:colcon.colcon_core.package_identification:_identify(results/results_exploration/sup_backward/robots_1) by extensions ['cmake', 'meson', 'python']
[0.294s] Level 1:colcon.colcon_core.package_identification:_identify(results/results_exploration/sup_backward/robots_1) by extension 'cmake'
[0.294s] Level 1:colcon.colcon_core.package_identification:_identify(results/results_exploration/sup_backward/robots_1) by extension 'meson'
[0.294s] Level 1:colcon.colcon_core.package_identification:_identify(results/results_exploration/sup_backward/robots_1) by extension 'python'
[0.295s] Level 1:colcon.colcon_core.package_identification:_identify(results/results_exploration/sup_backward/robots_1) by extensions ['python_setup_py']
[0.295s] Level 1:colcon.colcon_core.package_identification:_identify(results/results_exploration/sup_backward/robots_1) by extension 'python_setup_py'
[0.295s] Level 1:colcon.colcon_core.package_identification:_identify(results/results_exploration/sup_backward/robots_10) by extensions ['ignore', 'ignore_ament_install']
[0.295s] Level 1:colcon.colcon_core.package_identification:_identify(results/results_exploration/sup_backward/robots_10) by extension 'ignore'
[0.295s] Level 1:colcon.colcon_core.package_identification:_identify(results/results_exploration/sup_backward/robots_10) by extension 'ignore_ament_install'
[0.295s] Level 1:colcon.colcon_core.package_identification:_identify(results/results_exploration/sup_backward/robots_10) by extensions ['colcon_pkg']
[0.295s] Level 1:colcon.colcon_core.package_identification:_identify(results/results_exploration/sup_backward/robots_10) by extension 'colcon_pkg'
[0.295s] Level 1:colcon.colcon_core.package_identification:_identify(results/results_exploration/sup_backward/robots_10) by extensions ['colcon_meta']
[0.295s] Level 1:colcon.colcon_core.package_identification:_identify(results/results_exploration/sup_backward/robots_10) by extension 'colcon_meta'
[0.295s] Level 1:colcon.colcon_core.package_identification:_identify(results/results_exploration/sup_backward/robots_10) by extensions ['ros']
[0.295s] Level 1:colcon.colcon_core.package_identification:_identify(results/results_exploration/sup_backward/robots_10) by extension 'ros'
[0.295s] Level 1:colcon.colcon_core.package_identification:_identify(results/results_exploration/sup_backward/robots_10) by extensions ['cmake', 'meson', 'python']
[0.295s] Level 1:colcon.colcon_core.package_identification:_identify(results/results_exploration/sup_backward/robots_10) by extension 'cmake'
[0.295s] Level 1:colcon.colcon_core.package_identification:_identify(results/results_exploration/sup_backward/robots_10) by extension 'meson'
[0.295s] Level 1:colcon.colcon_core.package_identification:_identify(results/results_exploration/sup_backward/robots_10) by extension 'python'
[0.295s] Level 1:colcon.colcon_core.package_identification:_identify(results/results_exploration/sup_backward/robots_10) by extensions ['python_setup_py']
[0.295s] Level 1:colcon.colcon_core.package_identification:_identify(results/results_exploration/sup_backward/robots_10) by extension 'python_setup_py'
[0.296s] Level 1:colcon.colcon_core.package_identification:_identify(results/results_exploration/sup_backward/robots_10/run_20260715_155114) by extensions ['ignore', 'ignore_ament_install']
[0.296s] Level 1:colcon.colcon_core.package_identification:_identify(results/results_exploration/sup_backward/robots_10/run_20260715_155114) by extension 'ignore'
[0.296s] Level 1:colcon.colcon_core.package_identification:_identify(results/results_exploration/sup_backward/robots_10/run_20260715_155114) by extension 'ignore_ament_install'
[0.296s] Level 1:colcon.colcon_core.package_identification:_identify(results/results_exploration/sup_backward/robots_10/run_20260715_155114) by extensions ['colcon_pkg']
[0.296s] Level 1:colcon.colcon_core.package_identification:_identify(results/results_exploration/sup_backward/robots_10/run_20260715_155114) by extension 'colcon_pkg'
[0.296s] Level 1:colcon.colcon_core.package_identification:_identify(results/results_exploration/sup_backward/robots_10/run_20260715_155114) by extensions ['colcon_meta']
[0.296s] Level 1:colcon.colcon_core.package_identification:_identify(results/results_exploration/sup_backward/robots_10/run_20260715_155114) by extension 'colcon_meta'
[0.296s] Level 1:colcon.colcon_core.package_identification:_identify(results/results_exploration/sup_backward/robots_10/run_20260715_155114) by extensions ['ros']
[0.296s] Level 1:colcon.colcon_core.package_identification:_identify(results/results_exploration/sup_backward/robots_10/run_20260715_155114) by extension 'ros'
[0.296s] Level 1:colcon.colcon_core.package_identification:_identify(results/results_exploration/sup_backward/robots_10/run_20260715_155114) by extensions ['cmake', 'meson', 'python']
[0.296s] Level 1:colcon.colcon_core.package_identification:_identify(results/results_exploration/sup_backward/robots_10/run_20260715_155114) by extension 'cmake'
[0.296s] Level 1:colcon.colcon_core.package_identification:_identify(results/results_exploration/sup_backward/robots_10/run_20260715_155114) by extension 'meson'
[0.296s] Level 1:colcon.colcon_core.package_identification:_identify(results/results_exploration/sup_backward/robots_10/run_20260715_155114) by extension 'python'
[0.296s] Level 1:colcon.colcon_core.package_identification:_identify(results/results_exploration/sup_backward/robots_10/run_20260715_155114) by extensions ['python_setup_py']
[0.296s] Level 1:colcon.colcon_core.package_identification:_identify(results/results_exploration/sup_backward/robots_10/run_20260715_155114) by extension 'python_setup_py'
[0.297s] Level 1:colcon.colcon_core.package_identification:_identify(results/results_exploration/sup_backward/robots_10/run_20260715_155114/collision_depth_frames) by extensions ['ignore', 'ignore_ament_install']
[0.297s] Level 1:colcon.colcon_core.package_identification:_identify(results/results_exploration/sup_backward/robots_10/run_20260715_155114/collision_depth_frames) by extension 'ignore'
[0.297s] Level 1:colcon.colcon_core.package_identification:_identify(results/results_exploration/sup_backward/robots_10/run_20260715_155114/collision_depth_frames) by extension 'ignore_ament_install'
[0.297s] Level 1:colcon.colcon_core.package_identification:_identify(results/results_exploration/sup_backward/robots_10/run_20260715_155114/collision_depth_frames) by extensions ['colcon_pkg']
[0.297s] Level 1:colcon.colcon_core.package_identification:_identify(results/results_exploration/sup_backward/robots_10/run_20260715_155114/collision_depth_frames) by extension 'colcon_pkg'
[0.297s] Level 1:colcon.colcon_core.package_identification:_identify(results/results_exploration/sup_backward/robots_10/run_20260715_155114/collision_depth_frames) by extensions ['colcon_meta']
[0.297s] Level 1:colcon.colcon_core.package_identification:_identify(results/results_exploration/sup_backward/robots_10/run_20260715_155114/collision_depth_frames) by extension 'colcon_meta'
[0.297s] Level 1:colcon.colcon_core.package_identification:_identify(results/results_exploration/sup_backward/robots_10/run_20260715_155114/collision_depth_frames) by extensions ['ros']
[0.297s] Level 1:colcon.colcon_core.package_identification:_identify(results/results_exploration/sup_backward/robots_10/run_20260715_155114/collision_depth_frames) by extension 'ros'
[0.297s] Level 1:colcon.colcon_core.package_identification:_identify(results/results_exploration/sup_backward/robots_10/run_20260715_155114/collision_depth_frames) by extensions ['cmake', 'meson', 'python']
[0.297s] Level 1:colcon.colcon_core.package_identification:_identify(results/results_exploration/sup_backward/robots_10/run_20260715_155114/collision_depth_frames) by extension 'cmake'
[0.297s] Level 1:colcon.colcon_core.package_identification:_identify(results/results_exploration/sup_backward/robots_10/run_20260715_155114/collision_depth_frames) by extension 'meson'
[0.297s] Level 1:colcon.colcon_core.package_identification:_identify(results/results_exploration/sup_backward/robots_10/run_20260715_155114/collision_depth_frames) by extension 'python'
[0.297s] Level 1:colcon.colcon_core.package_identification:_identify(results/results_exploration/sup_backward/robots_10/run_20260715_155114/collision_depth_frames) by extensions ['python_setup_py']
[0.297s] Level 1:colcon.colcon_core.package_identification:_identify(results/results_exploration/sup_backward/robots_10/run_20260715_155114/collision_depth_frames) by extension 'python_setup_py'
[0.297s] Level 1:colcon.colcon_core.package_identification:_identify(results/results_exploration/sup_backward/robots_10/run_20260715_155114/collision_depth_frames/bump_0001_robot_7_robot_9) by extensions ['ignore', 'ignore_ament_install']
[0.298s] Level 1:colcon.colcon_core.package_identification:_identify(results/results_exploration/sup_backward/robots_10/run_20260715_155114/collision_depth_frames/bump_0001_robot_7_robot_9) by extension 'ignore'
[0.298s] Level 1:colcon.colcon_core.package_identification:_identify(results/results_exploration/sup_backward/robots_10/run_20260715_155114/collision_depth_frames/bump_0001_robot_7_robot_9) by extension 'ignore_ament_install'
[0.298s] Level 1:colcon.colcon_core.package_identification:_identify(results/results_exploration/sup_backward/robots_10/run_20260715_155114/collision_depth_frames/bump_0001_robot_7_robot_9) by extensions ['colcon_pkg']
[0.298s] Level 1:colcon.colcon_core.package_identification:_identify(results/results_exploration/sup_backward/robots_10/run_20260715_155114/collision_depth_frames/bump_0001_robot_7_robot_9) by extension 'colcon_pkg'
[0.298s] Level 1:colcon.colcon_core.package_identification:_identify(results/results_exploration/sup_backward/robots_10/run_20260715_155114/collision_depth_frames/bump_0001_robot_7_robot_9) by extensions ['colcon_meta']
[0.298s] Level 1:colcon.colcon_core.package_identification:_identify(results/results_exploration/sup_backward/robots_10/run_20260715_155114/collision_depth_frames/bump_0001_robot_7_robot_9) by extension 'colcon_meta'
[0.298s] Level 1:colcon.colcon_core.package_identification:_identify(results/results_exploration/sup_backward/robots_10/run_20260715_155114/collision_depth_frames/bump_0001_robot_7_robot_9) by extensions ['ros']
[0.298s] Level 1:colcon.colcon_core.package_identification:_identify(results/results_exploration/sup_backward/robots_10/run_20260715_155114/collision_depth_frames/bump_0001_robot_7_robot_9) by extension 'ros'
[0.298s] Level 1:colcon.colcon_core.package_identification:_identify(results/results_exploration/sup_backward/robots_10/run_20260715_155114/collision_depth_frames/bump_0001_robot_7_robot_9) by extensions ['cmake', 'meson', 'python']
[0.298s] Level 1:colcon.colcon_core.package_identification:_identify(results/results_exploration/sup_backward/robots_10/run_20260715_155114/collision_depth_frames/bump_0001_robot_7_robot_9) by extension 'cmake'
[0.298s] Level 1:colcon.colcon_core.package_identification:_identify(results/results_exploration/sup_backward/robots_10/run_20260715_155114/collision_depth_frames/bump_0001_robot_7_robot_9) by extension 'meson'
[0.298s] Level 1:colcon.colcon_core.package_identification:_identify(results/results_exploration/sup_backward/robots_10/run_20260715_155114/collision_depth_frames/bump_0001_robot_7_robot_9) by extension 'python'
[0.298s] Level 1:colcon.colcon_core.package_identification:_identify(results/results_exploration/sup_backward/robots_10/run_20260715_155114/collision_depth_frames/bump_0001_robot_7_robot_9) by extensions ['python_setup_py']
[0.298s] Level 1:colcon.colcon_core.package_identification:_identify(results/results_exploration/sup_backward/robots_10/run_20260715_155114/collision_depth_frames/bump_0001_robot_7_robot_9) by extension 'python_setup_py'
[0.298s] Level 1:colcon.colcon_core.package_identification:_identify(results/results_exploration/sup_backward/robots_10/run_20260715_155114/collision_depth_frames/bump_0001_robot_7_robot_9/robot_7) by extensions ['ignore', 'ignore_ament_install']
[0.299s] Level 1:colcon.colcon_core.package_identification:_identify(results/results_exploration/sup_backward/robots_10/run_20260715_155114/collision_depth_frames/bump_0001_robot_7_robot_9/robot_7) by extension 'ignore'
[0.299s] Level 1:colcon.colcon_core.package_identification:_identify(results/results_exploration/sup_backward/robots_10/run_20260715_155114/collision_depth_frames/bump_0001_robot_7_robot_9/robot_7) by extension 'ignore_ament_install'
[0.299s] Level 1:colcon.colcon_core.package_identification:_identify(results/results_exploration/sup_backward/robots_10/run_20260715_155114/collision_depth_frames/bump_0001_robot_7_robot_9/robot_7) by extensions ['colcon_pkg']
[0.299s] Level 1:colcon.colcon_core.package_identification:_identify(results/results_exploration/sup_backward/robots_10/run_20260715_155114/collision_depth_frames/bump_0001_robot_7_robot_9/robot_7) by extension 'colcon_pkg'
[0.299s] Level 1:colcon.colcon_core.package_identification:_identify(results/results_exploration/sup_backward/robots_10/run_20260715_155114/collision_depth_frames/bump_0001_robot_7_robot_9/robot_7) by extensions ['colcon_meta']
[0.299s] Level 1:colcon.colcon_core.package_identification:_identify(results/results_exploration/sup_backward/robots_10/run_20260715_155114/collision_depth_frames/bump_0001_robot_7_robot_9/robot_7) by extension 'colcon_meta'
[0.299s] Level 1:colcon.colcon_core.package_identification:_identify(results/results_exploration/sup_backward/robots_10/run_20260715_155114/collision_depth_frames/bump_0001_robot_7_robot_9/robot_7) by extensions ['ros']
[0.299s] Level 1:colcon.colcon_core.package_identification:_identify(results/results_exploration/sup_backward/robots_10/run_20260715_155114/collision_depth_frames/bump_0001_robot_7_robot_9/robot_7) by extension 'ros'
[0.299s] Level 1:colcon.colcon_core.package_identification:_identify(results/results_exploration/sup_backward/robots_10/run_20260715_155114/collision_depth_frames/bump_0001_robot_7_robot_9/robot_7) by extensions ['cmake', 'meson', 'python']
[0.299s] Level 1:colcon.colcon_core.package_identification:_identify(results/results_exploration/sup_backward/robots_10/run_20260715_155114/collision_depth_frames/bump_0001_robot_7_robot_9/robot_7) by extension 'cmake'
[0.299s] Level 1:colcon.colcon_core.package_identification:_identify(results/results_exploration/sup_backward/robots_10/run_20260715_155114/collision_depth_frames/bump_0001_robot_7_robot_9/robot_7) by extension 'meson'
[0.299s] Level 1:colcon.colcon_core.package_identification:_identify(results/results_exploration/sup_backward/robots_10/run_20260715_155114/collision_depth_frames/bump_0001_robot_7_robot_9/robot_7) by extension 'python'
[0.299s] Level 1:colcon.colcon_core.package_identification:_identify(results/results_exploration/sup_backward/robots_10/run_20260715_155114/collision_depth_frames/bump_0001_robot_7_robot_9/robot_7) by extensions ['python_setup_py']
[0.299s] Level 1:colcon.colcon_core.package_identification:_identify(results/results_exploration/sup_backward/robots_10/run_20260715_155114/collision_depth_frames/bump_0001_robot_7_robot_9/robot_7) by extension 'python_setup_py'
[0.299s] Level 1:colcon.colcon_core.package_identification:_identify(results/results_exploration/sup_backward/robots_10/run_20260715_155114/collision_depth_frames/bump_0001_robot_7_robot_9/robot_9) by extensions ['ignore', 'ignore_ament_install']
[0.299s] Level 1:colcon.colcon_core.package_identification:_identify(results/results_exploration/sup_backward/robots_10/run_20260715_155114/collision_depth_frames/bump_0001_robot_7_robot_9/robot_9) by extension 'ignore'
[0.299s] Level 1:colcon.colcon_core.package_identification:_identify(results/results_exploration/sup_backward/robots_10/run_20260715_155114/collision_depth_frames/bump_0001_robot_7_robot_9/robot_9) by extension 'ignore_ament_install'
[0.300s] Level 1:colcon.colcon_core.package_identification:_identify(results/results_exploration/sup_backward/robots_10/run_20260715_155114/collision_depth_frames/bump_0001_robot_7_robot_9/robot_9) by extensions ['colcon_pkg']
[0.300s] Level 1:colcon.colcon_core.package_identification:_identify(results/results_exploration/sup_backward/robots_10/run_20260715_155114/collision_depth_frames/bump_0001_robot_7_robot_9/robot_9) by extension 'colcon_pkg'
[0.300s] Level 1:colcon.colcon_core.package_identification:_identify(results/results_exploration/sup_backward/robots_10/run_20260715_155114/collision_depth_frames/bump_0001_robot_7_robot_9/robot_9) by extensions ['colcon_meta']
[0.300s] Level 1:colcon.colcon_core.package_identification:_identify(results/results_exploration/sup_backward/robots_10/run_20260715_155114/collision_depth_frames/bump_0001_robot_7_robot_9/robot_9) by extension 'colcon_meta'
[0.300s] Level 1:colcon.colcon_core.package_identification:_identify(results/results_exploration/sup_backward/robots_10/run_20260715_155114/collision_depth_frames/bump_0001_robot_7_robot_9/robot_9) by extensions ['ros']
[0.300s] Level 1:colcon.colcon_core.package_identification:_identify(results/results_exploration/sup_backward/robots_10/run_20260715_155114/collision_depth_frames/bump_0001_robot_7_robot_9/robot_9) by extension 'ros'
[0.300s] Level 1:colcon.colcon_core.package_identification:_identify(results/results_exploration/sup_backward/robots_10/run_20260715_155114/collision_depth_frames/bump_0001_robot_7_robot_9/robot_9) by extensions ['cmake', 'meson', 'python']
[0.300s] Level 1:colcon.colcon_core.package_identification:_identify(results/results_exploration/sup_backward/robots_10/run_20260715_155114/collision_depth_frames/bump_0001_robot_7_robot_9/robot_9) by extension 'cmake'
[0.300s] Level 1:colcon.colcon_core.package_identification:_identify(results/results_exploration/sup_backward/robots_10/run_20260715_155114/collision_depth_frames/bump_0001_robot_7_robot_9/robot_9) by extension 'meson'
[0.300s] Level 1:colcon.colcon_core.package_identification:_identify(results/results_exploration/sup_backward/robots_10/run_20260715_155114/collision_depth_frames/bump_0001_robot_7_robot_9/robot_9) by extension 'python'
[0.300s] Level 1:colcon.colcon_core.package_identification:_identify(results/results_exploration/sup_backward/robots_10/run_20260715_155114/collision_depth_frames/bump_0001_robot_7_robot_9/robot_9) by extensions ['python_setup_py']
[0.300s] Level 1:colcon.colcon_core.package_identification:_identify(results/results_exploration/sup_backward/robots_10/run_20260715_155114/collision_depth_frames/bump_0001_robot_7_robot_9/robot_9) by extension 'python_setup_py'
[0.300s] Level 1:colcon.colcon_core.package_identification:_identify(results/results_exploration/sup_backward/robots_10/run_20260715_155114/collision_depth_frames/bump_0002_robot_2_robot_4) by extensions ['ignore', 'ignore_ament_install']
[0.300s] Level 1:colcon.colcon_core.package_identification:_identify(results/results_exploration/sup_backward/robots_10/run_20260715_155114/collision_depth_frames/bump_0002_robot_2_robot_4) by extension 'ignore'
[0.300s] Level 1:colcon.colcon_core.package_identification:_identify(results/results_exploration/sup_backward/robots_10/run_20260715_155114/collision_depth_frames/bump_0002_robot_2_robot_4) by extension 'ignore_ament_install'
[0.300s] Level 1:colcon.colcon_core.package_identification:_identify(results/results_exploration/sup_backward/robots_10/run_20260715_155114/collision_depth_frames/bump_0002_robot_2_robot_4) by extensions ['colcon_pkg']
[0.300s] Level 1:colcon.colcon_core.package_identification:_identify(results/results_exploration/sup_backward/robots_10/run_20260715_155114/collision_depth_frames/bump_0002_robot_2_robot_4) by extension 'colcon_pkg'
[0.300s] Level 1:colcon.colcon_core.package_identification:_identify(results/results_exploration/sup_backward/robots_10/run_20260715_155114/collision_depth_frames/bump_0002_robot_2_robot_4) by extensions ['colcon_meta']
[0.301s] Level 1:colcon.colcon_core.package_identification:_identify(results/results_exploration/sup_backward/robots_10/run_20260715_155114/collision_depth_frames/bump_0002_robot_2_robot_4) by extension 'colcon_meta'
[0.301s] Level 1:colcon.colcon_core.package_identification:_identify(results/results_exploration/sup_backward/robots_10/run_20260715_155114/collision_depth_frames/bump_0002_robot_2_robot_4) by extensions ['ros']
[0.301s] Level 1:colcon.colcon_core.package_identification:_identify(results/results_exploration/sup_backward/robots_10/run_20260715_155114/collision_depth_frames/bump_0002_robot_2_robot_4) by extension 'ros'
[0.301s] Level 1:colcon.colcon_core.package_identification:_identify(results/results_exploration/sup_backward/robots_10/run_20260715_155114/collision_depth_frames/bump_0002_robot_2_robot_4) by extensions ['cmake', 'meson', 'python']
[0.301s] Level 1:colcon.colcon_core.package_identification:_identify(results/results_exploration/sup_backward/robots_10/run_20260715_155114/collision_depth_frames/bump_0002_robot_2_robot_4) by extension 'cmake'
[0.301s] Level 1:colcon.colcon_core.package_identification:_identify(results/results_exploration/sup_backward/robots_10/run_20260715_155114/collision_depth_frames/bump_0002_robot_2_robot_4) by extension 'meson'
[0.301s] Level 1:colcon.colcon_core.package_identification:_identify(results/results_exploration/sup_backward/robots_10/run_20260715_155114/collision_depth_frames/bump_0002_robot_2_robot_4) by extension 'python'
[0.301s] Level 1:colcon.colcon_core.package_identification:_identify(results/results_exploration/sup_backward/robots_10/run_20260715_155114/collision_depth_frames/bump_0002_robot_2_robot_4) by extensions ['python_setup_py']
[0.301s] Level 1:colcon.colcon_core.package_identification:_identify(results/results_exploration/sup_backward/robots_10/run_20260715_155114/collision_depth_frames/bump_0002_robot_2_robot_4) by extension 'python_setup_py'
[0.301s] Level 1:colcon.colcon_core.package_identification:_identify(results/results_exploration/sup_backward/robots_10/run_20260715_155114/collision_depth_frames/bump_0002_robot_2_robot_4/robot_2) by extensions ['ignore', 'ignore_ament_install']
[0.301s] Level 1:colcon.colcon_core.package_identification:_identify(results/results_exploration/sup_backward/robots_10/run_20260715_155114/collision_depth_frames/bump_0002_robot_2_robot_4/robot_2) by extension 'ignore'
[0.301s] Level 1:colcon.colcon_core.package_identification:_identify(results/results_exploration/sup_backward/robots_10/run_20260715_155114/collision_depth_frames/bump_0002_robot_2_robot_4/robot_2) by extension 'ignore_ament_install'
[0.301s] Level 1:colcon.colcon_core.package_identification:_identify(results/results_exploration/sup_backward/robots_10/run_20260715_155114/collision_depth_frames/bump_0002_robot_2_robot_4/robot_2) by extensions ['colcon_pkg']
[0.302s] Level 1:colcon.colcon_core.package_identification:_identify(results/results_exploration/sup_backward/robots_10/run_20260715_155114/collision_depth_frames/bump_0002_robot_2_robot_4/robot_2) by extension 'colcon_pkg'
[0.302s] Level 1:colcon.colcon_core.package_identification:_identify(results/results_exploration/sup_backward/robots_10/run_20260715_155114/collision_depth_frames/bump_0002_robot_2_robot_4/robot_2) by extensions ['colcon_meta']
[0.302s] Level 1:colcon.colcon_core.package_identification:_identify(results/results_exploration/sup_backward/robots_10/run_20260715_155114/collision_depth_frames/bump_0002_robot_2_robot_4/robot_2) by extension 'colcon_meta'
[0.302s] Level 1:colcon.colcon_core.package_identification:_identify(results/results_exploration/sup_backward/robots_10/run_20260715_155114/collision_depth_frames/bump_0002_robot_2_robot_4/robot_2) by extensions ['ros']
[0.302s] Level 1:colcon.colcon_core.package_identification:_identify(results/results_exploration/sup_backward/robots_10/run_20260715_155114/collision_depth_frames/bump_0002_robot_2_robot_4/robot_2) by extension 'ros'
[0.302s] Level 1:colcon.colcon_core.package_identification:_identify(results/results_exploration/sup_backward/robots_10/run_20260715_155114/collision_depth_frames/bump_0002_robot_2_robot_4/robot_2) by extensions ['cmake', 'meson', 'python']
[0.302s] Level 1:colcon.colcon_core.package_identification:_identify(results/results_exploration/sup_backward/robots_10/run_20260715_155114/collision_depth_frames/bump_0002_robot_2_robot_4/robot_2) by extension 'cmake'
[0.302s] Level 1:colcon.colcon_core.package_identification:_identify(results/results_exploration/sup_backward/robots_10/run_20260715_155114/collision_depth_frames/bump_0002_robot_2_robot_4/robot_2) by extension 'meson'
[0.302s] Level 1:colcon.colcon_core.package_identification:_identify(results/results_exploration/sup_backward/robots_10/run_20260715_155114/collision_depth_frames/bump_0002_robot_2_robot_4/robot_2) by extension 'python'
[0.302s] Level 1:colcon.colcon_core.package_identification:_identify(results/results_exploration/sup_backward/robots_10/run_20260715_155114/collision_depth_frames/bump_0002_robot_2_robot_4/robot_2) by extensions ['python_setup_py']
[0.302s] Level 1:colcon.colcon_core.package_identification:_identify(results/results_exploration/sup_backward/robots_10/run_20260715_155114/collision_depth_frames/bump_0002_robot_2_robot_4/robot_2) by extension 'python_setup_py'
[0.302s] Level 1:colcon.colcon_core.package_identification:_identify(results/results_exploration/sup_backward/robots_10/run_20260715_155114/collision_depth_frames/bump_0002_robot_2_robot_4/robot_4) by extensions ['ignore', 'ignore_ament_install']
[0.302s] Level 1:colcon.colcon_core.package_identification:_identify(results/results_exploration/sup_backward/robots_10/run_20260715_155114/collision_depth_frames/bump_0002_robot_2_robot_4/robot_4) by extension 'ignore'
[0.302s] Level 1:colcon.colcon_core.package_identification:_identify(results/results_exploration/sup_backward/robots_10/run_20260715_155114/collision_depth_frames/bump_0002_robot_2_robot_4/robot_4) by extension 'ignore_ament_install'
[0.302s] Level 1:colcon.colcon_core.package_identification:_identify(results/results_exploration/sup_backward/robots_10/run_20260715_155114/collision_depth_frames/bump_0002_robot_2_robot_4/robot_4) by extensions ['colcon_pkg']
[0.302s] Level 1:colcon.colcon_core.package_identification:_identify(results/results_exploration/sup_backward/robots_10/run_20260715_155114/collision_depth_frames/bump_0002_robot_2_robot_4/robot_4) by extension 'colcon_pkg'
[0.302s] Level 1:colcon.colcon_core.package_identification:_identify(results/results_exploration/sup_backward/robots_10/run_20260715_155114/collision_depth_frames/bump_0002_robot_2_robot_4/robot_4) by extensions ['colcon_meta']
[0.302s] Level 1:colcon.colcon_core.package_identification:_identify(results/results_exploration/sup_backward/robots_10/run_20260715_155114/collision_depth_frames/bump_0002_robot_2_robot_4/robot_4) by extension 'colcon_meta'
[0.303s] Level 1:colcon.colcon_core.package_identification:_identify(results/results_exploration/sup_backward/robots_10/run_20260715_155114/collision_depth_frames/bump_0002_robot_2_robot_4/robot_4) by extensions ['ros']
[0.303s] Level 1:colcon.colcon_core.package_identification:_identify(results/results_exploration/sup_backward/robots_10/run_20260715_155114/collision_depth_frames/bump_0002_robot_2_robot_4/robot_4) by extension 'ros'
[0.303s] Level 1:colcon.colcon_core.package_identification:_identify(results/results_exploration/sup_backward/robots_10/run_20260715_155114/collision_depth_frames/bump_0002_robot_2_robot_4/robot_4) by extensions ['cmake', 'meson', 'python']
[0.303s] Level 1:colcon.colcon_core.package_identification:_identify(results/results_exploration/sup_backward/robots_10/run_20260715_155114/collision_depth_frames/bump_0002_robot_2_robot_4/robot_4) by extension 'cmake'
[0.303s] Level 1:colcon.colcon_core.package_identification:_identify(results/results_exploration/sup_backward/robots_10/run_20260715_155114/collision_depth_frames/bump_0002_robot_2_robot_4/robot_4) by extension 'meson'
[0.303s] Level 1:colcon.colcon_core.package_identification:_identify(results/results_exploration/sup_backward/robots_10/run_20260715_155114/collision_depth_frames/bump_0002_robot_2_robot_4/robot_4) by extension 'python'
[0.303s] Level 1:colcon.colcon_core.package_identification:_identify(results/results_exploration/sup_backward/robots_10/run_20260715_155114/collision_depth_frames/bump_0002_robot_2_robot_4/robot_4) by extensions ['python_setup_py']
[0.303s] Level 1:colcon.colcon_core.package_identification:_identify(results/results_exploration/sup_backward/robots_10/run_20260715_155114/collision_depth_frames/bump_0002_robot_2_robot_4/robot_4) by extension 'python_setup_py'
[0.303s] Level 1:colcon.colcon_core.package_identification:_identify(results/results_exploration/sup_backward/robots_10/run_20260715_160437) by extensions ['ignore', 'ignore_ament_install']
[0.303s] Level 1:colcon.colcon_core.package_identification:_identify(results/results_exploration/sup_backward/robots_10/run_20260715_160437) by extension 'ignore'
[0.303s] Level 1:colcon.colcon_core.package_identification:_identify(results/results_exploration/sup_backward/robots_10/run_20260715_160437) by extension 'ignore_ament_install'
[0.303s] Level 1:colcon.colcon_core.package_identification:_identify(results/results_exploration/sup_backward/robots_10/run_20260715_160437) by extensions ['colcon_pkg']
[0.303s] Level 1:colcon.colcon_core.package_identification:_identify(results/results_exploration/sup_backward/robots_10/run_20260715_160437) by extension 'colcon_pkg'
[0.303s] Level 1:colcon.colcon_core.package_identification:_identify(results/results_exploration/sup_backward/robots_10/run_20260715_160437) by extensions ['colcon_meta']
[0.303s] Level 1:colcon.colcon_core.package_identification:_identify(results/results_exploration/sup_backward/robots_10/run_20260715_160437) by extension 'colcon_meta'
[0.303s] Level 1:colcon.colcon_core.package_identification:_identify(results/results_exploration/sup_backward/robots_10/run_20260715_160437) by extensions ['ros']
[0.303s] Level 1:colcon.colcon_core.package_identification:_identify(results/results_exploration/sup_backward/robots_10/run_20260715_160437) by extension 'ros'
[0.304s] Level 1:colcon.colcon_core.package_identification:_identify(results/results_exploration/sup_backward/robots_10/run_20260715_160437) by extensions ['cmake', 'meson', 'python']
[0.304s] Level 1:colcon.colcon_core.package_identification:_identify(results/results_exploration/sup_backward/robots_10/run_20260715_160437) by extension 'cmake'
[0.304s] Level 1:colcon.colcon_core.package_identification:_identify(results/results_exploration/sup_backward/robots_10/run_20260715_160437) by extension 'meson'
[0.304s] Level 1:colcon.colcon_core.package_identification:_identify(results/results_exploration/sup_backward/robots_10/run_20260715_160437) by extension 'python'
[0.304s] Level 1:colcon.colcon_core.package_identification:_identify(results/results_exploration/sup_backward/robots_10/run_20260715_160437) by extensions ['python_setup_py']
[0.304s] Level 1:colcon.colcon_core.package_identification:_identify(results/results_exploration/sup_backward/robots_10/run_20260715_160437) by extension 'python_setup_py'
[0.304s] Level 1:colcon.colcon_core.package_identification:_identify(results/results_exploration/sup_backward/robots_10/run_20260715_160437/collision_depth_frames) by extensions ['ignore', 'ignore_ament_install']
[0.304s] Level 1:colcon.colcon_core.package_identification:_identify(results/results_exploration/sup_backward/robots_10/run_20260715_160437/collision_depth_frames) by extension 'ignore'
[0.304s] Level 1:colcon.colcon_core.package_identification:_identify(results/results_exploration/sup_backward/robots_10/run_20260715_160437/collision_depth_frames) by extension 'ignore_ament_install'
[0.304s] Level 1:colcon.colcon_core.package_identification:_identify(results/results_exploration/sup_backward/robots_10/run_20260715_160437/collision_depth_frames) by extensions ['colcon_pkg']
[0.304s] Level 1:colcon.colcon_core.package_identification:_identify(results/results_exploration/sup_backward/robots_10/run_20260715_160437/collision_depth_frames) by extension 'colcon_pkg'
[0.304s] Level 1:colcon.colcon_core.package_identification:_identify(results/results_exploration/sup_backward/robots_10/run_20260715_160437/collision_depth_frames) by extensions ['colcon_meta']
[0.304s] Level 1:colcon.colcon_core.package_identification:_identify(results/results_exploration/sup_backward/robots_10/run_20260715_160437/collision_depth_frames) by extension 'colcon_meta'
[0.304s] Level 1:colcon.colcon_core.package_identification:_identify(results/results_exploration/sup_backward/robots_10/run_20260715_160437/collision_depth_frames) by extensions ['ros']
[0.304s] Level 1:colcon.colcon_core.package_identification:_identify(results/results_exploration/sup_backward/robots_10/run_20260715_160437/collision_depth_frames) by extension 'ros'
[0.305s] Level 1:colcon.colcon_core.package_identification:_identify(results/results_exploration/sup_backward/robots_10/run_20260715_160437/collision_depth_frames) by extensions ['cmake', 'meson', 'python']
[0.305s] Level 1:colcon.colcon_core.package_identification:_identify(results/results_exploration/sup_backward/robots_10/run_20260715_160437/collision_depth_frames) by extension 'cmake'
[0.305s] Level 1:colcon.colcon_core.package_identification:_identify(results/results_exploration/sup_backward/robots_10/run_20260715_160437/collision_depth_frames) by extension 'meson'
[0.305s] Level 1:colcon.colcon_core.package_identification:_identify(results/results_exploration/sup_backward/robots_10/run_20260715_160437/collision_depth_frames) by extension 'python'
[0.305s] Level 1:colcon.colcon_core.package_identification:_identify(results/results_exploration/sup_backward/robots_10/run_20260715_160437/collision_depth_frames) by extensions ['python_setup_py']
[0.305s] Level 1:colcon.colcon_core.package_identification:_identify(results/results_exploration/sup_backward/robots_10/run_20260715_160437/collision_depth_frames) by extension 'python_setup_py'
[0.305s] Level 1:colcon.colcon_core.package_identification:_identify(results/results_exploration/sup_backward/robots_10/run_20260715_160437/collision_depth_frames/bump_0001_robot_4_robot_7) by extensions ['ignore', 'ignore_ament_install']
[0.305s] Level 1:colcon.colcon_core.package_identification:_identify(results/results_exploration/sup_backward/robots_10/run_20260715_160437/collision_depth_frames/bump_0001_robot_4_robot_7) by extension 'ignore'
[0.305s] Level 1:colcon.colcon_core.package_identification:_identify(results/results_exploration/sup_backward/robots_10/run_20260715_160437/collision_depth_frames/bump_0001_robot_4_robot_7) by extension 'ignore_ament_install'
[0.305s] Level 1:colcon.colcon_core.package_identification:_identify(results/results_exploration/sup_backward/robots_10/run_20260715_160437/collision_depth_frames/bump_0001_robot_4_robot_7) by extensions ['colcon_pkg']
[0.305s] Level 1:colcon.colcon_core.package_identification:_identify(results/results_exploration/sup_backward/robots_10/run_20260715_160437/collision_depth_frames/bump_0001_robot_4_robot_7) by extension 'colcon_pkg'
[0.305s] Level 1:colcon.colcon_core.package_identification:_identify(results/results_exploration/sup_backward/robots_10/run_20260715_160437/collision_depth_frames/bump_0001_robot_4_robot_7) by extensions ['colcon_meta']
[0.305s] Level 1:colcon.colcon_core.package_identification:_identify(results/results_exploration/sup_backward/robots_10/run_20260715_160437/collision_depth_frames/bump_0001_robot_4_robot_7) by extension 'colcon_meta'
[0.305s] Level 1:colcon.colcon_core.package_identification:_identify(results/results_exploration/sup_backward/robots_10/run_20260715_160437/collision_depth_frames/bump_0001_robot_4_robot_7) by extensions ['ros']
[0.305s] Level 1:colcon.colcon_core.package_identification:_identify(results/results_exploration/sup_backward/robots_10/run_20260715_160437/collision_depth_frames/bump_0001_robot_4_robot_7) by extension 'ros'
[0.305s] Level 1:colcon.colcon_core.package_identification:_identify(results/results_exploration/sup_backward/robots_10/run_20260715_160437/collision_depth_frames/bump_0001_robot_4_robot_7) by extensions ['cmake', 'meson', 'python']
[0.305s] Level 1:colcon.colcon_core.package_identification:_identify(results/results_exploration/sup_backward/robots_10/run_20260715_160437/collision_depth_frames/bump_0001_robot_4_robot_7) by extension 'cmake'
[0.305s] Level 1:colcon.colcon_core.package_identification:_identify(results/results_exploration/sup_backward/robots_10/run_20260715_160437/collision_depth_frames/bump_0001_robot_4_robot_7) by extension 'meson'
[0.306s] Level 1:colcon.colcon_core.package_identification:_identify(results/results_exploration/sup_backward/robots_10/run_20260715_160437/collision_depth_frames/bump_0001_robot_4_robot_7) by extension 'python'
[0.306s] Level 1:colcon.colcon_core.package_identification:_identify(results/results_exploration/sup_backward/robots_10/run_20260715_160437/collision_depth_frames/bump_0001_robot_4_robot_7) by extensions ['python_setup_py']
[0.306s] Level 1:colcon.colcon_core.package_identification:_identify(results/results_exploration/sup_backward/robots_10/run_20260715_160437/collision_depth_frames/bump_0001_robot_4_robot_7) by extension 'python_setup_py'
[0.306s] Level 1:colcon.colcon_core.package_identification:_identify(results/results_exploration/sup_backward/robots_10/run_20260715_160437/collision_depth_frames/bump_0001_robot_4_robot_7/robot_4) by extensions ['ignore', 'ignore_ament_install']
[0.306s] Level 1:colcon.colcon_core.package_identification:_identify(results/results_exploration/sup_backward/robots_10/run_20260715_160437/collision_depth_frames/bump_0001_robot_4_robot_7/robot_4) by extension 'ignore'
[0.306s] Level 1:colcon.colcon_core.package_identification:_identify(results/results_exploration/sup_backward/robots_10/run_20260715_160437/collision_depth_frames/bump_0001_robot_4_robot_7/robot_4) by extension 'ignore_ament_install'
[0.306s] Level 1:colcon.colcon_core.package_identification:_identify(results/results_exploration/sup_backward/robots_10/run_20260715_160437/collision_depth_frames/bump_0001_robot_4_robot_7/robot_4) by extensions ['colcon_pkg']
[0.306s] Level 1:colcon.colcon_core.package_identification:_identify(results/results_exploration/sup_backward/robots_10/run_20260715_160437/collision_depth_frames/bump_0001_robot_4_robot_7/robot_4) by extension 'colcon_pkg'
[0.306s] Level 1:colcon.colcon_core.package_identification:_identify(results/results_exploration/sup_backward/robots_10/run_20260715_160437/collision_depth_frames/bump_0001_robot_4_robot_7/robot_4) by extensions ['colcon_meta']
[0.306s] Level 1:colcon.colcon_core.package_identification:_identify(results/results_exploration/sup_backward/robots_10/run_20260715_160437/collision_depth_frames/bump_0001_robot_4_robot_7/robot_4) by extension 'colcon_meta'
[0.306s] Level 1:colcon.colcon_core.package_identification:_identify(results/results_exploration/sup_backward/robots_10/run_20260715_160437/collision_depth_frames/bump_0001_robot_4_robot_7/robot_4) by extensions ['ros']
[0.306s] Level 1:colcon.colcon_core.package_identification:_identify(results/results_exploration/sup_backward/robots_10/run_20260715_160437/collision_depth_frames/bump_0001_robot_4_robot_7/robot_4) by extension 'ros'
[0.306s] Level 1:colcon.colcon_core.package_identification:_identify(results/results_exploration/sup_backward/robots_10/run_20260715_160437/collision_depth_frames/bump_0001_robot_4_robot_7/robot_4) by extensions ['cmake', 'meson', 'python']
[0.306s] Level 1:colcon.colcon_core.package_identification:_identify(results/results_exploration/sup_backward/robots_10/run_20260715_160437/collision_depth_frames/bump_0001_robot_4_robot_7/robot_4) by extension 'cmake'
[0.306s] Level 1:colcon.colcon_core.package_identification:_identify(results/results_exploration/sup_backward/robots_10/run_20260715_160437/collision_depth_frames/bump_0001_robot_4_robot_7/robot_4) by extension 'meson'
[0.307s] Level 1:colcon.colcon_core.package_identification:_identify(results/results_exploration/sup_backward/robots_10/run_20260715_160437/collision_depth_frames/bump_0001_robot_4_robot_7/robot_4) by extension 'python'
[0.307s] Level 1:colcon.colcon_core.package_identification:_identify(results/results_exploration/sup_backward/robots_10/run_20260715_160437/collision_depth_frames/bump_0001_robot_4_robot_7/robot_4) by extensions ['python_setup_py']
[0.307s] Level 1:colcon.colcon_core.package_identification:_identify(results/results_exploration/sup_backward/robots_10/run_20260715_160437/collision_depth_frames/bump_0001_robot_4_robot_7/robot_4) by extension 'python_setup_py'
[0.307s] Level 1:colcon.colcon_core.package_identification:_identify(results/results_exploration/sup_backward/robots_10/run_20260715_160437/collision_depth_frames/bump_0001_robot_4_robot_7/robot_7) by extensions ['ignore', 'ignore_ament_install']
[0.307s] Level 1:colcon.colcon_core.package_identification:_identify(results/results_exploration/sup_backward/robots_10/run_20260715_160437/collision_depth_frames/bump_0001_robot_4_robot_7/robot_7) by extension 'ignore'
[0.307s] Level 1:colcon.colcon_core.package_identification:_identify(results/results_exploration/sup_backward/robots_10/run_20260715_160437/collision_depth_frames/bump_0001_robot_4_robot_7/robot_7) by extension 'ignore_ament_install'
[0.307s] Level 1:colcon.colcon_core.package_identification:_identify(results/results_exploration/sup_backward/robots_10/run_20260715_160437/collision_depth_frames/bump_0001_robot_4_robot_7/robot_7) by extensions ['colcon_pkg']
[0.307s] Level 1:colcon.colcon_core.package_identification:_identify(results/results_exploration/sup_backward/robots_10/run_20260715_160437/collision_depth_frames/bump_0001_robot_4_robot_7/robot_7) by extension 'colcon_pkg'
[0.307s] Level 1:colcon.colcon_core.package_identification:_identify(results/results_exploration/sup_backward/robots_10/run_20260715_160437/collision_depth_frames/bump_0001_robot_4_robot_7/robot_7) by extensions ['colcon_meta']
[0.307s] Level 1:colcon.colcon_core.package_identification:_identify(results/results_exploration/sup_backward/robots_10/run_20260715_160437/collision_depth_frames/bump_0001_robot_4_robot_7/robot_7) by extension 'colcon_meta'
[0.307s] Level 1:colcon.colcon_core.package_identification:_identify(results/results_exploration/sup_backward/robots_10/run_20260715_160437/collision_depth_frames/bump_0001_robot_4_robot_7/robot_7) by extensions ['ros']
[0.307s] Level 1:colcon.colcon_core.package_identification:_identify(results/results_exploration/sup_backward/robots_10/run_20260715_160437/collision_depth_frames/bump_0001_robot_4_robot_7/robot_7) by extension 'ros'
[0.307s] Level 1:colcon.colcon_core.package_identification:_identify(results/results_exploration/sup_backward/robots_10/run_20260715_160437/collision_depth_frames/bump_0001_robot_4_robot_7/robot_7) by extensions ['cmake', 'meson', 'python']
[0.307s] Level 1:colcon.colcon_core.package_identification:_identify(results/results_exploration/sup_backward/robots_10/run_20260715_160437/collision_depth_frames/bump_0001_robot_4_robot_7/robot_7) by extension 'cmake'
[0.307s] Level 1:colcon.colcon_core.package_identification:_identify(results/results_exploration/sup_backward/robots_10/run_20260715_160437/collision_depth_frames/bump_0001_robot_4_robot_7/robot_7) by extension 'meson'
[0.308s] Level 1:colcon.colcon_core.package_identification:_identify(results/results_exploration/sup_backward/robots_10/run_20260715_160437/collision_depth_frames/bump_0001_robot_4_robot_7/robot_7) by extension 'python'
[0.308s] Level 1:colcon.colcon_core.package_identification:_identify(results/results_exploration/sup_backward/robots_10/run_20260715_160437/collision_depth_frames/bump_0001_robot_4_robot_7/robot_7) by extensions ['python_setup_py']
[0.308s] Level 1:colcon.colcon_core.package_identification:_identify(results/results_exploration/sup_backward/robots_10/run_20260715_160437/collision_depth_frames/bump_0001_robot_4_robot_7/robot_7) by extension 'python_setup_py'
[0.308s] Level 1:colcon.colcon_core.package_identification:_identify(results/results_exploration/sup_backward/robots_10/run_20260715_160437/collision_depth_frames/bump_0002_robot_4_robot_7) by extensions ['ignore', 'ignore_ament_install']
[0.308s] Level 1:colcon.colcon_core.package_identification:_identify(results/results_exploration/sup_backward/robots_10/run_20260715_160437/collision_depth_frames/bump_0002_robot_4_robot_7) by extension 'ignore'
[0.308s] Level 1:colcon.colcon_core.package_identification:_identify(results/results_exploration/sup_backward/robots_10/run_20260715_160437/collision_depth_frames/bump_0002_robot_4_robot_7) by extension 'ignore_ament_install'
[0.308s] Level 1:colcon.colcon_core.package_identification:_identify(results/results_exploration/sup_backward/robots_10/run_20260715_160437/collision_depth_frames/bump_0002_robot_4_robot_7) by extensions ['colcon_pkg']
[0.308s] Level 1:colcon.colcon_core.package_identification:_identify(results/results_exploration/sup_backward/robots_10/run_20260715_160437/collision_depth_frames/bump_0002_robot_4_robot_7) by extension 'colcon_pkg'
[0.308s] Level 1:colcon.colcon_core.package_identification:_identify(results/results_exploration/sup_backward/robots_10/run_20260715_160437/collision_depth_frames/bump_0002_robot_4_robot_7) by extensions ['colcon_meta']
[0.308s] Level 1:colcon.colcon_core.package_identification:_identify(results/results_exploration/sup_backward/robots_10/run_20260715_160437/collision_depth_frames/bump_0002_robot_4_robot_7) by extension 'colcon_meta'
[0.308s] Level 1:colcon.colcon_core.package_identification:_identify(results/results_exploration/sup_backward/robots_10/run_20260715_160437/collision_depth_frames/bump_0002_robot_4_robot_7) by extensions ['ros']
[0.308s] Level 1:colcon.colcon_core.package_identification:_identify(results/results_exploration/sup_backward/robots_10/run_20260715_160437/collision_depth_frames/bump_0002_robot_4_robot_7) by extension 'ros'
[0.308s] Level 1:colcon.colcon_core.package_identification:_identify(results/results_exploration/sup_backward/robots_10/run_20260715_160437/collision_depth_frames/bump_0002_robot_4_robot_7) by extensions ['cmake', 'meson', 'python']
[0.308s] Level 1:colcon.colcon_core.package_identification:_identify(results/results_exploration/sup_backward/robots_10/run_20260715_160437/collision_depth_frames/bump_0002_robot_4_robot_7) by extension 'cmake'
[0.308s] Level 1:colcon.colcon_core.package_identification:_identify(results/results_exploration/sup_backward/robots_10/run_20260715_160437/collision_depth_frames/bump_0002_robot_4_robot_7) by extension 'meson'
[0.309s] Level 1:colcon.colcon_core.package_identification:_identify(results/results_exploration/sup_backward/robots_10/run_20260715_160437/collision_depth_frames/bump_0002_robot_4_robot_7) by extension 'python'
[0.309s] Level 1:colcon.colcon_core.package_identification:_identify(results/results_exploration/sup_backward/robots_10/run_20260715_160437/collision_depth_frames/bump_0002_robot_4_robot_7) by extensions ['python_setup_py']
[0.309s] Level 1:colcon.colcon_core.package_identification:_identify(results/results_exploration/sup_backward/robots_10/run_20260715_160437/collision_depth_frames/bump_0002_robot_4_robot_7) by extension 'python_setup_py'
[0.309s] Level 1:colcon.colcon_core.package_identification:_identify(results/results_exploration/sup_backward/robots_10/run_20260715_160437/collision_depth_frames/bump_0002_robot_4_robot_7/robot_4) by extensions ['ignore', 'ignore_ament_install']
[0.309s] Level 1:colcon.colcon_core.package_identification:_identify(results/results_exploration/sup_backward/robots_10/run_20260715_160437/collision_depth_frames/bump_0002_robot_4_robot_7/robot_4) by extension 'ignore'
[0.309s] Level 1:colcon.colcon_core.package_identification:_identify(results/results_exploration/sup_backward/robots_10/run_20260715_160437/collision_depth_frames/bump_0002_robot_4_robot_7/robot_4) by extension 'ignore_ament_install'
[0.309s] Level 1:colcon.colcon_core.package_identification:_identify(results/results_exploration/sup_backward/robots_10/run_20260715_160437/collision_depth_frames/bump_0002_robot_4_robot_7/robot_4) by extensions ['colcon_pkg']
[0.309s] Level 1:colcon.colcon_core.package_identification:_identify(results/results_exploration/sup_backward/robots_10/run_20260715_160437/collision_depth_frames/bump_0002_robot_4_robot_7/robot_4) by extension 'colcon_pkg'
[0.309s] Level 1:colcon.colcon_core.package_identification:_identify(results/results_exploration/sup_backward/robots_10/run_20260715_160437/collision_depth_frames/bump_0002_robot_4_robot_7/robot_4) by extensions ['colcon_meta']
[0.309s] Level 1:colcon.colcon_core.package_identification:_identify(results/results_exploration/sup_backward/robots_10/run_20260715_160437/collision_depth_frames/bump_0002_robot_4_robot_7/robot_4) by extension 'colcon_meta'
[0.309s] Level 1:colcon.colcon_core.package_identification:_identify(results/results_exploration/sup_backward/robots_10/run_20260715_160437/collision_depth_frames/bump_0002_robot_4_robot_7/robot_4) by extensions ['ros']
[0.309s] Level 1:colcon.colcon_core.package_identification:_identify(results/results_exploration/sup_backward/robots_10/run_20260715_160437/collision_depth_frames/bump_0002_robot_4_robot_7/robot_4) by extension 'ros'
[0.309s] Level 1:colcon.colcon_core.package_identification:_identify(results/results_exploration/sup_backward/robots_10/run_20260715_160437/collision_depth_frames/bump_0002_robot_4_robot_7/robot_4) by extensions ['cmake', 'meson', 'python']
[0.309s] Level 1:colcon.colcon_core.package_identification:_identify(results/results_exploration/sup_backward/robots_10/run_20260715_160437/collision_depth_frames/bump_0002_robot_4_robot_7/robot_4) by extension 'cmake'
[0.309s] Level 1:colcon.colcon_core.package_identification:_identify(results/results_exploration/sup_backward/robots_10/run_20260715_160437/collision_depth_frames/bump_0002_robot_4_robot_7/robot_4) by extension 'meson'
[0.310s] Level 1:colcon.colcon_core.package_identification:_identify(results/results_exploration/sup_backward/robots_10/run_20260715_160437/collision_depth_frames/bump_0002_robot_4_robot_7/robot_4) by extension 'python'
[0.310s] Level 1:colcon.colcon_core.package_identification:_identify(results/results_exploration/sup_backward/robots_10/run_20260715_160437/collision_depth_frames/bump_0002_robot_4_robot_7/robot_4) by extensions ['python_setup_py']
[0.310s] Level 1:colcon.colcon_core.package_identification:_identify(results/results_exploration/sup_backward/robots_10/run_20260715_160437/collision_depth_frames/bump_0002_robot_4_robot_7/robot_4) by extension 'python_setup_py'
[0.310s] Level 1:colcon.colcon_core.package_identification:_identify(results/results_exploration/sup_backward/robots_10/run_20260715_160437/collision_depth_frames/bump_0002_robot_4_robot_7/robot_7) by extensions ['ignore', 'ignore_ament_install']
[0.310s] Level 1:colcon.colcon_core.package_identification:_identify(results/results_exploration/sup_backward/robots_10/run_20260715_160437/collision_depth_frames/bump_0002_robot_4_robot_7/robot_7) by extension 'ignore'
[0.310s] Level 1:colcon.colcon_core.package_identification:_identify(results/results_exploration/sup_backward/robots_10/run_20260715_160437/collision_depth_frames/bump_0002_robot_4_robot_7/robot_7) by extension 'ignore_ament_install'
[0.310s] Level 1:colcon.colcon_core.package_identification:_identify(results/results_exploration/sup_backward/robots_10/run_20260715_160437/collision_depth_frames/bump_0002_robot_4_robot_7/robot_7) by extensions ['colcon_pkg']
[0.310s] Level 1:colcon.colcon_core.package_identification:_identify(results/results_exploration/sup_backward/robots_10/run_20260715_160437/collision_depth_frames/bump_0002_robot_4_robot_7/robot_7) by extension 'colcon_pkg'
[0.310s] Level 1:colcon.colcon_core.package_identification:_identify(results/results_exploration/sup_backward/robots_10/run_20260715_160437/collision_depth_frames/bump_0002_robot_4_robot_7/robot_7) by extensions ['colcon_meta']
[0.310s] Level 1:colcon.colcon_core.package_identification:_identify(results/results_exploration/sup_backward/robots_10/run_20260715_160437/collision_depth_frames/bump_0002_robot_4_robot_7/robot_7) by extension 'colcon_meta'
[0.310s] Level 1:colcon.colcon_core.package_identification:_identify(results/results_exploration/sup_backward/robots_10/run_20260715_160437/collision_depth_frames/bump_0002_robot_4_robot_7/robot_7) by extensions ['ros']
[0.310s] Level 1:colcon.colcon_core.package_identification:_identify(results/results_exploration/sup_backward/robots_10/run_20260715_160437/collision_depth_frames/bump_0002_robot_4_robot_7/robot_7) by extension 'ros'
[0.310s] Level 1:colcon.colcon_core.package_identification:_identify(results/results_exploration/sup_backward/robots_10/run_20260715_160437/collision_depth_frames/bump_0002_robot_4_robot_7/robot_7) by extensions ['cmake', 'meson', 'python']
[0.310s] Level 1:colcon.colcon_core.package_identification:_identify(results/results_exploration/sup_backward/robots_10/run_20260715_160437/collision_depth_frames/bump_0002_robot_4_robot_7/robot_7) by extension 'cmake'
[0.310s] Level 1:colcon.colcon_core.package_identification:_identify(results/results_exploration/sup_backward/robots_10/run_20260715_160437/collision_depth_frames/bump_0002_robot_4_robot_7/robot_7) by extension 'meson'
[0.311s] Level 1:colcon.colcon_core.package_identification:_identify(results/results_exploration/sup_backward/robots_10/run_20260715_160437/collision_depth_frames/bump_0002_robot_4_robot_7/robot_7) by extension 'python'
[0.311s] Level 1:colcon.colcon_core.package_identification:_identify(results/results_exploration/sup_backward/robots_10/run_20260715_160437/collision_depth_frames/bump_0002_robot_4_robot_7/robot_7) by extensions ['python_setup_py']
[0.311s] Level 1:colcon.colcon_core.package_identification:_identify(results/results_exploration/sup_backward/robots_10/run_20260715_160437/collision_depth_frames/bump_0002_robot_4_robot_7/robot_7) by extension 'python_setup_py'
[0.311s] Level 1:colcon.colcon_core.package_identification:_identify(results/results_exploration/sup_backward/robots_10/run_20260715_160437/collision_depth_frames/bump_0003_robot_6_robot_7) by extensions ['ignore', 'ignore_ament_install']
[0.311s] Level 1:colcon.colcon_core.package_identification:_identify(results/results_exploration/sup_backward/robots_10/run_20260715_160437/collision_depth_frames/bump_0003_robot_6_robot_7) by extension 'ignore'
[0.311s] Level 1:colcon.colcon_core.package_identification:_identify(results/results_exploration/sup_backward/robots_10/run_20260715_160437/collision_depth_frames/bump_0003_robot_6_robot_7) by extension 'ignore_ament_install'
[0.311s] Level 1:colcon.colcon_core.package_identification:_identify(results/results_exploration/sup_backward/robots_10/run_20260715_160437/collision_depth_frames/bump_0003_robot_6_robot_7) by extensions ['colcon_pkg']
[0.311s] Level 1:colcon.colcon_core.package_identification:_identify(results/results_exploration/sup_backward/robots_10/run_20260715_160437/collision_depth_frames/bump_0003_robot_6_robot_7) by extension 'colcon_pkg'
[0.311s] Level 1:colcon.colcon_core.package_identification:_identify(results/results_exploration/sup_backward/robots_10/run_20260715_160437/collision_depth_frames/bump_0003_robot_6_robot_7) by extensions ['colcon_meta']
[0.311s] Level 1:colcon.colcon_core.package_identification:_identify(results/results_exploration/sup_backward/robots_10/run_20260715_160437/collision_depth_frames/bump_0003_robot_6_robot_7) by extension 'colcon_meta'
[0.311s] Level 1:colcon.colcon_core.package_identification:_identify(results/results_exploration/sup_backward/robots_10/run_20260715_160437/collision_depth_frames/bump_0003_robot_6_robot_7) by extensions ['ros']
[0.311s] Level 1:colcon.colcon_core.package_identification:_identify(results/results_exploration/sup_backward/robots_10/run_20260715_160437/collision_depth_frames/bump_0003_robot_6_robot_7) by extension 'ros'
[0.311s] Level 1:colcon.colcon_core.package_identification:_identify(results/results_exploration/sup_backward/robots_10/run_20260715_160437/collision_depth_frames/bump_0003_robot_6_robot_7) by extensions ['cmake', 'meson', 'python']
[0.311s] Level 1:colcon.colcon_core.package_identification:_identify(results/results_exploration/sup_backward/robots_10/run_20260715_160437/collision_depth_frames/bump_0003_robot_6_robot_7) by extension 'cmake'
[0.311s] Level 1:colcon.colcon_core.package_identification:_identify(results/results_exploration/sup_backward/robots_10/run_20260715_160437/collision_depth_frames/bump_0003_robot_6_robot_7) by extension 'meson'
[0.312s] Level 1:colcon.colcon_core.package_identification:_identify(results/results_exploration/sup_backward/robots_10/run_20260715_160437/collision_depth_frames/bump_0003_robot_6_robot_7) by extension 'python'
[0.312s] Level 1:colcon.colcon_core.package_identification:_identify(results/results_exploration/sup_backward/robots_10/run_20260715_160437/collision_depth_frames/bump_0003_robot_6_robot_7) by extensions ['python_setup_py']
[0.312s] Level 1:colcon.colcon_core.package_identification:_identify(results/results_exploration/sup_backward/robots_10/run_20260715_160437/collision_depth_frames/bump_0003_robot_6_robot_7) by extension 'python_setup_py'
[0.312s] Level 1:colcon.colcon_core.package_identification:_identify(results/results_exploration/sup_backward/robots_10/run_20260715_160437/collision_depth_frames/bump_0003_robot_6_robot_7/robot_6) by extensions ['ignore', 'ignore_ament_install']
[0.312s] Level 1:colcon.colcon_core.package_identification:_identify(results/results_exploration/sup_backward/robots_10/run_20260715_160437/collision_depth_frames/bump_0003_robot_6_robot_7/robot_6) by extension 'ignore'
[0.312s] Level 1:colcon.colcon_core.package_identification:_identify(results/results_exploration/sup_backward/robots_10/run_20260715_160437/collision_depth_frames/bump_0003_robot_6_robot_7/robot_6) by extension 'ignore_ament_install'
[0.312s] Level 1:colcon.colcon_core.package_identification:_identify(results/results_exploration/sup_backward/robots_10/run_20260715_160437/collision_depth_frames/bump_0003_robot_6_robot_7/robot_6) by extensions ['colcon_pkg']
[0.312s] Level 1:colcon.colcon_core.package_identification:_identify(results/results_exploration/sup_backward/robots_10/run_20260715_160437/collision_depth_frames/bump_0003_robot_6_robot_7/robot_6) by extension 'colcon_pkg'
[0.312s] Level 1:colcon.colcon_core.package_identification:_identify(results/results_exploration/sup_backward/robots_10/run_20260715_160437/collision_depth_frames/bump_0003_robot_6_robot_7/robot_6) by extensions ['colcon_meta']
[0.312s] Level 1:colcon.colcon_core.package_identification:_identify(results/results_exploration/sup_backward/robots_10/run_20260715_160437/collision_depth_frames/bump_0003_robot_6_robot_7/robot_6) by extension 'colcon_meta'
[0.312s] Level 1:colcon.colcon_core.package_identification:_identify(results/results_exploration/sup_backward/robots_10/run_20260715_160437/collision_depth_frames/bump_0003_robot_6_robot_7/robot_6) by extensions ['ros']
[0.312s] Level 1:colcon.colcon_core.package_identification:_identify(results/results_exploration/sup_backward/robots_10/run_20260715_160437/collision_depth_frames/bump_0003_robot_6_robot_7/robot_6) by extension 'ros'
[0.312s] Level 1:colcon.colcon_core.package_identification:_identify(results/results_exploration/sup_backward/robots_10/run_20260715_160437/collision_depth_frames/bump_0003_robot_6_robot_7/robot_6) by extensions ['cmake', 'meson', 'python']
[0.312s] Level 1:colcon.colcon_core.package_identification:_identify(results/results_exploration/sup_backward/robots_10/run_20260715_160437/collision_depth_frames/bump_0003_robot_6_robot_7/robot_6) by extension 'cmake'
[0.312s] Level 1:colcon.colcon_core.package_identification:_identify(results/results_exploration/sup_backward/robots_10/run_20260715_160437/collision_depth_frames/bump_0003_robot_6_robot_7/robot_6) by extension 'meson'
[0.313s] Level 1:colcon.colcon_core.package_identification:_identify(results/results_exploration/sup_backward/robots_10/run_20260715_160437/collision_depth_frames/bump_0003_robot_6_robot_7/robot_6) by extension 'python'
[0.313s] Level 1:colcon.colcon_core.package_identification:_identify(results/results_exploration/sup_backward/robots_10/run_20260715_160437/collision_depth_frames/bump_0003_robot_6_robot_7/robot_6) by extensions ['python_setup_py']
[0.313s] Level 1:colcon.colcon_core.package_identification:_identify(results/results_exploration/sup_backward/robots_10/run_20260715_160437/collision_depth_frames/bump_0003_robot_6_robot_7/robot_6) by extension 'python_setup_py'
[0.313s] Level 1:colcon.colcon_core.package_identification:_identify(results/results_exploration/sup_backward/robots_10/run_20260715_160437/collision_depth_frames/bump_0003_robot_6_robot_7/robot_7) by extensions ['ignore', 'ignore_ament_install']
[0.313s] Level 1:colcon.colcon_core.package_identification:_identify(results/results_exploration/sup_backward/robots_10/run_20260715_160437/collision_depth_frames/bump_0003_robot_6_robot_7/robot_7) by extension 'ignore'
[0.313s] Level 1:colcon.colcon_core.package_identification:_identify(results/results_exploration/sup_backward/robots_10/run_20260715_160437/collision_depth_frames/bump_0003_robot_6_robot_7/robot_7) by extension 'ignore_ament_install'
[0.313s] Level 1:colcon.colcon_core.package_identification:_identify(results/results_exploration/sup_backward/robots_10/run_20260715_160437/collision_depth_frames/bump_0003_robot_6_robot_7/robot_7) by extensions ['colcon_pkg']
[0.313s] Level 1:colcon.colcon_core.package_identification:_identify(results/results_exploration/sup_backward/robots_10/run_20260715_160437/collision_depth_frames/bump_0003_robot_6_robot_7/robot_7) by extension 'colcon_pkg'
[0.313s] Level 1:colcon.colcon_core.package_identification:_identify(results/results_exploration/sup_backward/robots_10/run_20260715_160437/collision_depth_frames/bump_0003_robot_6_robot_7/robot_7) by extensions ['colcon_meta']
[0.313s] Level 1:colcon.colcon_core.package_identification:_identify(results/results_exploration/sup_backward/robots_10/run_20260715_160437/collision_depth_frames/bump_0003_robot_6_robot_7/robot_7) by extension 'colcon_meta'
[0.313s] Level 1:colcon.colcon_core.package_identification:_identify(results/results_exploration/sup_backward/robots_10/run_20260715_160437/collision_depth_frames/bump_0003_robot_6_robot_7/robot_7) by extensions ['ros']
[0.313s] Level 1:colcon.colcon_core.package_identification:_identify(results/results_exploration/sup_backward/robots_10/run_20260715_160437/collision_depth_frames/bump_0003_robot_6_robot_7/robot_7) by extension 'ros'
[0.313s] Level 1:colcon.colcon_core.package_identification:_identify(results/results_exploration/sup_backward/robots_10/run_20260715_160437/collision_depth_frames/bump_0003_robot_6_robot_7/robot_7) by extensions ['cmake', 'meson', 'python']
[0.313s] Level 1:colcon.colcon_core.package_identification:_identify(results/results_exploration/sup_backward/robots_10/run_20260715_160437/collision_depth_frames/bump_0003_robot_6_robot_7/robot_7) by extension 'cmake'
[0.313s] Level 1:colcon.colcon_core.package_identification:_identify(results/results_exploration/sup_backward/robots_10/run_20260715_160437/collision_depth_frames/bump_0003_robot_6_robot_7/robot_7) by extension 'meson'
[0.314s] Level 1:colcon.colcon_core.package_identification:_identify(results/results_exploration/sup_backward/robots_10/run_20260715_160437/collision_depth_frames/bump_0003_robot_6_robot_7/robot_7) by extension 'python'
[0.314s] Level 1:colcon.colcon_core.package_identification:_identify(results/results_exploration/sup_backward/robots_10/run_20260715_160437/collision_depth_frames/bump_0003_robot_6_robot_7/robot_7) by extensions ['python_setup_py']
[0.314s] Level 1:colcon.colcon_core.package_identification:_identify(results/results_exploration/sup_backward/robots_10/run_20260715_160437/collision_depth_frames/bump_0003_robot_6_robot_7/robot_7) by extension 'python_setup_py'
[0.314s] Level 1:colcon.colcon_core.package_identification:_identify(results/results_exploration/sup_backward/robots_10/run_20260715_160437/collision_depth_frames/bump_0004_robot_6_robot_7) by extensions ['ignore', 'ignore_ament_install']
[0.314s] Level 1:colcon.colcon_core.package_identification:_identify(results/results_exploration/sup_backward/robots_10/run_20260715_160437/collision_depth_frames/bump_0004_robot_6_robot_7) by extension 'ignore'
[0.314s] Level 1:colcon.colcon_core.package_identification:_identify(results/results_exploration/sup_backward/robots_10/run_20260715_160437/collision_depth_frames/bump_0004_robot_6_robot_7) by extension 'ignore_ament_install'
[0.314s] Level 1:colcon.colcon_core.package_identification:_identify(results/results_exploration/sup_backward/robots_10/run_20260715_160437/collision_depth_frames/bump_0004_robot_6_robot_7) by extensions ['colcon_pkg']
[0.314s] Level 1:colcon.colcon_core.package_identification:_identify(results/results_exploration/sup_backward/robots_10/run_20260715_160437/collision_depth_frames/bump_0004_robot_6_robot_7) by extension 'colcon_pkg'
[0.314s] Level 1:colcon.colcon_core.package_identification:_identify(results/results_exploration/sup_backward/robots_10/run_20260715_160437/collision_depth_frames/bump_0004_robot_6_robot_7) by extensions ['colcon_meta']
[0.314s] Level 1:colcon.colcon_core.package_identification:_identify(results/results_exploration/sup_backward/robots_10/run_20260715_160437/collision_depth_frames/bump_0004_robot_6_robot_7) by extension 'colcon_meta'
[0.314s] Level 1:colcon.colcon_core.package_identification:_identify(results/results_exploration/sup_backward/robots_10/run_20260715_160437/collision_depth_frames/bump_0004_robot_6_robot_7) by extensions ['ros']
[0.314s] Level 1:colcon.colcon_core.package_identification:_identify(results/results_exploration/sup_backward/robots_10/run_20260715_160437/collision_depth_frames/bump_0004_robot_6_robot_7) by extension 'ros'
[0.314s] Level 1:colcon.colcon_core.package_identification:_identify(results/results_exploration/sup_backward/robots_10/run_20260715_160437/collision_depth_frames/bump_0004_robot_6_robot_7) by extensions ['cmake', 'meson', 'python']
[0.314s] Level 1:colcon.colcon_core.package_identification:_identify(results/results_exploration/sup_backward/robots_10/run_20260715_160437/collision_depth_frames/bump_0004_robot_6_robot_7) by extension 'cmake'
[0.314s] Level 1:colcon.colcon_core.package_identification:_identify(results/results_exploration/sup_backward/robots_10/run_20260715_160437/collision_depth_frames/bump_0004_robot_6_robot_7) by extension 'meson'
[0.315s] Level 1:colcon.colcon_core.package_identification:_identify(results/results_exploration/sup_backward/robots_10/run_20260715_160437/collision_depth_frames/bump_0004_robot_6_robot_7) by extension 'python'
[0.315s] Level 1:colcon.colcon_core.package_identification:_identify(results/results_exploration/sup_backward/robots_10/run_20260715_160437/collision_depth_frames/bump_0004_robot_6_robot_7) by extensions ['python_setup_py']
[0.315s] Level 1:colcon.colcon_core.package_identification:_identify(results/results_exploration/sup_backward/robots_10/run_20260715_160437/collision_depth_frames/bump_0004_robot_6_robot_7) by extension 'python_setup_py'
[0.315s] Level 1:colcon.colcon_core.package_identification:_identify(results/results_exploration/sup_backward/robots_10/run_20260715_160437/collision_depth_frames/bump_0004_robot_6_robot_7/robot_6) by extensions ['ignore', 'ignore_ament_install']
[0.315s] Level 1:colcon.colcon_core.package_identification:_identify(results/results_exploration/sup_backward/robots_10/run_20260715_160437/collision_depth_frames/bump_0004_robot_6_robot_7/robot_6) by extension 'ignore'
[0.315s] Level 1:colcon.colcon_core.package_identification:_identify(results/results_exploration/sup_backward/robots_10/run_20260715_160437/collision_depth_frames/bump_0004_robot_6_robot_7/robot_6) by extension 'ignore_ament_install'
[0.315s] Level 1:colcon.colcon_core.package_identification:_identify(results/results_exploration/sup_backward/robots_10/run_20260715_160437/collision_depth_frames/bump_0004_robot_6_robot_7/robot_6) by extensions ['colcon_pkg']
[0.315s] Level 1:colcon.colcon_core.package_identification:_identify(results/results_exploration/sup_backward/robots_10/run_20260715_160437/collision_depth_frames/bump_0004_robot_6_robot_7/robot_6) by extension 'colcon_pkg'
[0.315s] Level 1:colcon.colcon_core.package_identification:_identify(results/results_exploration/sup_backward/robots_10/run_20260715_160437/collision_depth_frames/bump_0004_robot_6_robot_7/robot_6) by extensions ['colcon_meta']
[0.315s] Level 1:colcon.colcon_core.package_identification:_identify(results/results_exploration/sup_backward/robots_10/run_20260715_160437/collision_depth_frames/bump_0004_robot_6_robot_7/robot_6) by extension 'colcon_meta'
[0.315s] Level 1:colcon.colcon_core.package_identification:_identify(results/results_exploration/sup_backward/robots_10/run_20260715_160437/collision_depth_frames/bump_0004_robot_6_robot_7/robot_6) by extensions ['ros']
[0.315s] Level 1:colcon.colcon_core.package_identification:_identify(results/results_exploration/sup_backward/robots_10/run_20260715_160437/collision_depth_frames/bump_0004_robot_6_robot_7/robot_6) by extension 'ros'
[0.315s] Level 1:colcon.colcon_core.package_identification:_identify(results/results_exploration/sup_backward/robots_10/run_20260715_160437/collision_depth_frames/bump_0004_robot_6_robot_7/robot_6) by extensions ['cmake', 'meson', 'python']
[0.315s] Level 1:colcon.colcon_core.package_identification:_identify(results/results_exploration/sup_backward/robots_10/run_20260715_160437/collision_depth_frames/bump_0004_robot_6_robot_7/robot_6) by extension 'cmake'
[0.315s] Level 1:colcon.colcon_core.package_identification:_identify(results/results_exploration/sup_backward/robots_10/run_20260715_160437/collision_depth_frames/bump_0004_robot_6_robot_7/robot_6) by extension 'meson'
[0.316s] Level 1:colcon.colcon_core.package_identification:_identify(results/results_exploration/sup_backward/robots_10/run_20260715_160437/collision_depth_frames/bump_0004_robot_6_robot_7/robot_6) by extension 'python'
[0.316s] Level 1:colcon.colcon_core.package_identification:_identify(results/results_exploration/sup_backward/robots_10/run_20260715_160437/collision_depth_frames/bump_0004_robot_6_robot_7/robot_6) by extensions ['python_setup_py']
[0.316s] Level 1:colcon.colcon_core.package_identification:_identify(results/results_exploration/sup_backward/robots_10/run_20260715_160437/collision_depth_frames/bump_0004_robot_6_robot_7/robot_6) by extension 'python_setup_py'
[0.316s] Level 1:colcon.colcon_core.package_identification:_identify(results/results_exploration/sup_backward/robots_10/run_20260715_160437/collision_depth_frames/bump_0004_robot_6_robot_7/robot_7) by extensions ['ignore', 'ignore_ament_install']
[0.316s] Level 1:colcon.colcon_core.package_identification:_identify(results/results_exploration/sup_backward/robots_10/run_20260715_160437/collision_depth_frames/bump_0004_robot_6_robot_7/robot_7) by extension 'ignore'
[0.316s] Level 1:colcon.colcon_core.package_identification:_identify(results/results_exploration/sup_backward/robots_10/run_20260715_160437/collision_depth_frames/bump_0004_robot_6_robot_7/robot_7) by extension 'ignore_ament_install'
[0.316s] Level 1:colcon.colcon_core.package_identification:_identify(results/results_exploration/sup_backward/robots_10/run_20260715_160437/collision_depth_frames/bump_0004_robot_6_robot_7/robot_7) by extensions ['colcon_pkg']
[0.316s] Level 1:colcon.colcon_core.package_identification:_identify(results/results_exploration/sup_backward/robots_10/run_20260715_160437/collision_depth_frames/bump_0004_robot_6_robot_7/robot_7) by extension 'colcon_pkg'
[0.316s] Level 1:colcon.colcon_core.package_identification:_identify(results/results_exploration/sup_backward/robots_10/run_20260715_160437/collision_depth_frames/bump_0004_robot_6_robot_7/robot_7) by extensions ['colcon_meta']
[0.316s] Level 1:colcon.colcon_core.package_identification:_identify(results/results_exploration/sup_backward/robots_10/run_20260715_160437/collision_depth_frames/bump_0004_robot_6_robot_7/robot_7) by extension 'colcon_meta'
[0.316s] Level 1:colcon.colcon_core.package_identification:_identify(results/results_exploration/sup_backward/robots_10/run_20260715_160437/collision_depth_frames/bump_0004_robot_6_robot_7/robot_7) by extensions ['ros']
[0.316s] Level 1:colcon.colcon_core.package_identification:_identify(results/results_exploration/sup_backward/robots_10/run_20260715_160437/collision_depth_frames/bump_0004_robot_6_robot_7/robot_7) by extension 'ros'
[0.316s] Level 1:colcon.colcon_core.package_identification:_identify(results/results_exploration/sup_backward/robots_10/run_20260715_160437/collision_depth_frames/bump_0004_robot_6_robot_7/robot_7) by extensions ['cmake', 'meson', 'python']
[0.316s] Level 1:colcon.colcon_core.package_identification:_identify(results/results_exploration/sup_backward/robots_10/run_20260715_160437/collision_depth_frames/bump_0004_robot_6_robot_7/robot_7) by extension 'cmake'
[0.316s] Level 1:colcon.colcon_core.package_identification:_identify(results/results_exploration/sup_backward/robots_10/run_20260715_160437/collision_depth_frames/bump_0004_robot_6_robot_7/robot_7) by extension 'meson'
[0.316s] Level 1:colcon.colcon_core.package_identification:_identify(results/results_exploration/sup_backward/robots_10/run_20260715_160437/collision_depth_frames/bump_0004_robot_6_robot_7/robot_7) by extension 'python'
[0.317s] Level 1:colcon.colcon_core.package_identification:_identify(results/results_exploration/sup_backward/robots_10/run_20260715_160437/collision_depth_frames/bump_0004_robot_6_robot_7/robot_7) by extensions ['python_setup_py']
[0.317s] Level 1:colcon.colcon_core.package_identification:_identify(results/results_exploration/sup_backward/robots_10/run_20260715_160437/collision_depth_frames/bump_0004_robot_6_robot_7/robot_7) by extension 'python_setup_py'
[0.317s] Level 1:colcon.colcon_core.package_identification:_identify(results/results_exploration/sup_no_backward) by extensions ['ignore', 'ignore_ament_install']
[0.317s] Level 1:colcon.colcon_core.package_identification:_identify(results/results_exploration/sup_no_backward) by extension 'ignore'
[0.317s] Level 1:colcon.colcon_core.package_identification:_identify(results/results_exploration/sup_no_backward) by extension 'ignore_ament_install'
[0.317s] Level 1:colcon.colcon_core.package_identification:_identify(results/results_exploration/sup_no_backward) by extensions ['colcon_pkg']
[0.317s] Level 1:colcon.colcon_core.package_identification:_identify(results/results_exploration/sup_no_backward) by extension 'colcon_pkg'
[0.317s] Level 1:colcon.colcon_core.package_identification:_identify(results/results_exploration/sup_no_backward) by extensions ['colcon_meta']
[0.317s] Level 1:colcon.colcon_core.package_identification:_identify(results/results_exploration/sup_no_backward) by extension 'colcon_meta'
[0.317s] Level 1:colcon.colcon_core.package_identification:_identify(results/results_exploration/sup_no_backward) by extensions ['ros']
[0.317s] Level 1:colcon.colcon_core.package_identification:_identify(results/results_exploration/sup_no_backward) by extension 'ros'
[0.317s] Level 1:colcon.colcon_core.package_identification:_identify(results/results_exploration/sup_no_backward) by extensions ['cmake', 'meson', 'python']
[0.317s] Level 1:colcon.colcon_core.package_identification:_identify(results/results_exploration/sup_no_backward) by extension 'cmake'
[0.317s] Level 1:colcon.colcon_core.package_identification:_identify(results/results_exploration/sup_no_backward) by extension 'meson'
[0.318s] Level 1:colcon.colcon_core.package_identification:_identify(results/results_exploration/sup_no_backward) by extension 'python'
[0.318s] Level 1:colcon.colcon_core.package_identification:_identify(results/results_exploration/sup_no_backward) by extensions ['python_setup_py']
[0.318s] Level 1:colcon.colcon_core.package_identification:_identify(results/results_exploration/sup_no_backward) by extension 'python_setup_py'
[0.318s] Level 1:colcon.colcon_core.package_identification:_identify(results/results_exploration/sup_no_backward/robots_1) by extensions ['ignore', 'ignore_ament_install']
[0.318s] Level 1:colcon.colcon_core.package_identification:_identify(results/results_exploration/sup_no_backward/robots_1) by extension 'ignore'
[0.318s] Level 1:colcon.colcon_core.package_identification:_identify(results/results_exploration/sup_no_backward/robots_1) by extension 'ignore_ament_install'
[0.318s] Level 1:colcon.colcon_core.package_identification:_identify(results/results_exploration/sup_no_backward/robots_1) by extensions ['colcon_pkg']
[0.318s] Level 1:colcon.colcon_core.package_identification:_identify(results/results_exploration/sup_no_backward/robots_1) by extension 'colcon_pkg'
[0.318s] Level 1:colcon.colcon_core.package_identification:_identify(results/results_exploration/sup_no_backward/robots_1) by extensions ['colcon_meta']
[0.318s] Level 1:colcon.colcon_core.package_identification:_identify(results/results_exploration/sup_no_backward/robots_1) by extension 'colcon_meta'
[0.318s] Level 1:colcon.colcon_core.package_identification:_identify(results/results_exploration/sup_no_backward/robots_1) by extensions ['ros']
[0.318s] Level 1:colcon.colcon_core.package_identification:_identify(results/results_exploration/sup_no_backward/robots_1) by extension 'ros'
[0.318s] Level 1:colcon.colcon_core.package_identification:_identify(results/results_exploration/sup_no_backward/robots_1) by extensions ['cmake', 'meson', 'python']
[0.318s] Level 1:colcon.colcon_core.package_identification:_identify(results/results_exploration/sup_no_backward/robots_1) by extension 'cmake'
[0.318s] Level 1:colcon.colcon_core.package_identification:_identify(results/results_exploration/sup_no_backward/robots_1) by extension 'meson'
[0.318s] Level 1:colcon.colcon_core.package_identification:_identify(results/results_exploration/sup_no_backward/robots_1) by extension 'python'
[0.319s] Level 1:colcon.colcon_core.package_identification:_identify(results/results_exploration/sup_no_backward/robots_1) by extensions ['python_setup_py']
[0.319s] Level 1:colcon.colcon_core.package_identification:_identify(results/results_exploration/sup_no_backward/robots_1) by extension 'python_setup_py'
[0.319s] Level 1:colcon.colcon_core.package_identification:_identify(results/results_exploration/sup_no_backward/robots_10) by extensions ['ignore', 'ignore_ament_install']
[0.319s] Level 1:colcon.colcon_core.package_identification:_identify(results/results_exploration/sup_no_backward/robots_10) by extension 'ignore'
[0.319s] Level 1:colcon.colcon_core.package_identification:_identify(results/results_exploration/sup_no_backward/robots_10) by extension 'ignore_ament_install'
[0.319s] Level 1:colcon.colcon_core.package_identification:_identify(results/results_exploration/sup_no_backward/robots_10) by extensions ['colcon_pkg']
[0.319s] Level 1:colcon.colcon_core.package_identification:_identify(results/results_exploration/sup_no_backward/robots_10) by extension 'colcon_pkg'
[0.319s] Level 1:colcon.colcon_core.package_identification:_identify(results/results_exploration/sup_no_backward/robots_10) by extensions ['colcon_meta']
[0.319s] Level 1:colcon.colcon_core.package_identification:_identify(results/results_exploration/sup_no_backward/robots_10) by extension 'colcon_meta'
[0.319s] Level 1:colcon.colcon_core.package_identification:_identify(results/results_exploration/sup_no_backward/robots_10) by extensions ['ros']
[0.319s] Level 1:colcon.colcon_core.package_identification:_identify(results/results_exploration/sup_no_backward/robots_10) by extension 'ros'
[0.319s] Level 1:colcon.colcon_core.package_identification:_identify(results/results_exploration/sup_no_backward/robots_10) by extensions ['cmake', 'meson', 'python']
[0.319s] Level 1:colcon.colcon_core.package_identification:_identify(results/results_exploration/sup_no_backward/robots_10) by extension 'cmake'
[0.319s] Level 1:colcon.colcon_core.package_identification:_identify(results/results_exploration/sup_no_backward/robots_10) by extension 'meson'
[0.319s] Level 1:colcon.colcon_core.package_identification:_identify(results/results_exploration/sup_no_backward/robots_10) by extension 'python'
[0.319s] Level 1:colcon.colcon_core.package_identification:_identify(results/results_exploration/sup_no_backward/robots_10) by extensions ['python_setup_py']
[0.319s] Level 1:colcon.colcon_core.package_identification:_identify(results/results_exploration/sup_no_backward/robots_10) by extension 'python_setup_py'
[0.320s] Level 1:colcon.colcon_core.package_identification:_identify(results/results_exploration/sup_no_backward/robots_10/run_20260715_154439) by extensions ['ignore', 'ignore_ament_install']
[0.320s] Level 1:colcon.colcon_core.package_identification:_identify(results/results_exploration/sup_no_backward/robots_10/run_20260715_154439) by extension 'ignore'
[0.320s] Level 1:colcon.colcon_core.package_identification:_identify(results/results_exploration/sup_no_backward/robots_10/run_20260715_154439) by extension 'ignore_ament_install'
[0.320s] Level 1:colcon.colcon_core.package_identification:_identify(results/results_exploration/sup_no_backward/robots_10/run_20260715_154439) by extensions ['colcon_pkg']
[0.320s] Level 1:colcon.colcon_core.package_identification:_identify(results/results_exploration/sup_no_backward/robots_10/run_20260715_154439) by extension 'colcon_pkg'
[0.320s] Level 1:colcon.colcon_core.package_identification:_identify(results/results_exploration/sup_no_backward/robots_10/run_20260715_154439) by extensions ['colcon_meta']
[0.320s] Level 1:colcon.colcon_core.package_identification:_identify(results/results_exploration/sup_no_backward/robots_10/run_20260715_154439) by extension 'colcon_meta'
[0.320s] Level 1:colcon.colcon_core.package_identification:_identify(results/results_exploration/sup_no_backward/robots_10/run_20260715_154439) by extensions ['ros']
[0.320s] Level 1:colcon.colcon_core.package_identification:_identify(results/results_exploration/sup_no_backward/robots_10/run_20260715_154439) by extension 'ros'
[0.320s] Level 1:colcon.colcon_core.package_identification:_identify(results/results_exploration/sup_no_backward/robots_10/run_20260715_154439) by extensions ['cmake', 'meson', 'python']
[0.320s] Level 1:colcon.colcon_core.package_identification:_identify(results/results_exploration/sup_no_backward/robots_10/run_20260715_154439) by extension 'cmake'
[0.320s] Level 1:colcon.colcon_core.package_identification:_identify(results/results_exploration/sup_no_backward/robots_10/run_20260715_154439) by extension 'meson'
[0.320s] Level 1:colcon.colcon_core.package_identification:_identify(results/results_exploration/sup_no_backward/robots_10/run_20260715_154439) by extension 'python'
[0.320s] Level 1:colcon.colcon_core.package_identification:_identify(results/results_exploration/sup_no_backward/robots_10/run_20260715_154439) by extensions ['python_setup_py']
[0.320s] Level 1:colcon.colcon_core.package_identification:_identify(results/results_exploration/sup_no_backward/robots_10/run_20260715_154439) by extension 'python_setup_py'
[0.320s] Level 1:colcon.colcon_core.package_identification:_identify(results/results_exploration/sup_no_backward/robots_10/run_20260715_154439/collision_depth_frames) by extensions ['ignore', 'ignore_ament_install']
[0.320s] Level 1:colcon.colcon_core.package_identification:_identify(results/results_exploration/sup_no_backward/robots_10/run_20260715_154439/collision_depth_frames) by extension 'ignore'
[0.321s] Level 1:colcon.colcon_core.package_identification:_identify(results/results_exploration/sup_no_backward/robots_10/run_20260715_154439/collision_depth_frames) by extension 'ignore_ament_install'
[0.321s] Level 1:colcon.colcon_core.package_identification:_identify(results/results_exploration/sup_no_backward/robots_10/run_20260715_154439/collision_depth_frames) by extensions ['colcon_pkg']
[0.321s] Level 1:colcon.colcon_core.package_identification:_identify(results/results_exploration/sup_no_backward/robots_10/run_20260715_154439/collision_depth_frames) by extension 'colcon_pkg'
[0.321s] Level 1:colcon.colcon_core.package_identification:_identify(results/results_exploration/sup_no_backward/robots_10/run_20260715_154439/collision_depth_frames) by extensions ['colcon_meta']
[0.321s] Level 1:colcon.colcon_core.package_identification:_identify(results/results_exploration/sup_no_backward/robots_10/run_20260715_154439/collision_depth_frames) by extension 'colcon_meta'
[0.321s] Level 1:colcon.colcon_core.package_identification:_identify(results/results_exploration/sup_no_backward/robots_10/run_20260715_154439/collision_depth_frames) by extensions ['ros']
[0.321s] Level 1:colcon.colcon_core.package_identification:_identify(results/results_exploration/sup_no_backward/robots_10/run_20260715_154439/collision_depth_frames) by extension 'ros'
[0.321s] Level 1:colcon.colcon_core.package_identification:_identify(results/results_exploration/sup_no_backward/robots_10/run_20260715_154439/collision_depth_frames) by extensions ['cmake', 'meson', 'python']
[0.321s] Level 1:colcon.colcon_core.package_identification:_identify(results/results_exploration/sup_no_backward/robots_10/run_20260715_154439/collision_depth_frames) by extension 'cmake'
[0.321s] Level 1:colcon.colcon_core.package_identification:_identify(results/results_exploration/sup_no_backward/robots_10/run_20260715_154439/collision_depth_frames) by extension 'meson'
[0.321s] Level 1:colcon.colcon_core.package_identification:_identify(results/results_exploration/sup_no_backward/robots_10/run_20260715_154439/collision_depth_frames) by extension 'python'
[0.321s] Level 1:colcon.colcon_core.package_identification:_identify(results/results_exploration/sup_no_backward/robots_10/run_20260715_154439/collision_depth_frames) by extensions ['python_setup_py']
[0.321s] Level 1:colcon.colcon_core.package_identification:_identify(results/results_exploration/sup_no_backward/robots_10/run_20260715_154439/collision_depth_frames) by extension 'python_setup_py'
[0.321s] Level 1:colcon.colcon_core.package_identification:_identify(results/results_exploration/sup_no_backward/robots_10/run_20260715_154439/collision_depth_frames/bump_0001_robot_7_robot_8) by extensions ['ignore', 'ignore_ament_install']
[0.321s] Level 1:colcon.colcon_core.package_identification:_identify(results/results_exploration/sup_no_backward/robots_10/run_20260715_154439/collision_depth_frames/bump_0001_robot_7_robot_8) by extension 'ignore'
[0.321s] Level 1:colcon.colcon_core.package_identification:_identify(results/results_exploration/sup_no_backward/robots_10/run_20260715_154439/collision_depth_frames/bump_0001_robot_7_robot_8) by extension 'ignore_ament_install'
[0.321s] Level 1:colcon.colcon_core.package_identification:_identify(results/results_exploration/sup_no_backward/robots_10/run_20260715_154439/collision_depth_frames/bump_0001_robot_7_robot_8) by extensions ['colcon_pkg']
[0.321s] Level 1:colcon.colcon_core.package_identification:_identify(results/results_exploration/sup_no_backward/robots_10/run_20260715_154439/collision_depth_frames/bump_0001_robot_7_robot_8) by extension 'colcon_pkg'
[0.321s] Level 1:colcon.colcon_core.package_identification:_identify(results/results_exploration/sup_no_backward/robots_10/run_20260715_154439/collision_depth_frames/bump_0001_robot_7_robot_8) by extensions ['colcon_meta']
[0.321s] Level 1:colcon.colcon_core.package_identification:_identify(results/results_exploration/sup_no_backward/robots_10/run_20260715_154439/collision_depth_frames/bump_0001_robot_7_robot_8) by extension 'colcon_meta'
[0.322s] Level 1:colcon.colcon_core.package_identification:_identify(results/results_exploration/sup_no_backward/robots_10/run_20260715_154439/collision_depth_frames/bump_0001_robot_7_robot_8) by extensions ['ros']
[0.322s] Level 1:colcon.colcon_core.package_identification:_identify(results/results_exploration/sup_no_backward/robots_10/run_20260715_154439/collision_depth_frames/bump_0001_robot_7_robot_8) by extension 'ros'
[0.322s] Level 1:colcon.colcon_core.package_identification:_identify(results/results_exploration/sup_no_backward/robots_10/run_20260715_154439/collision_depth_frames/bump_0001_robot_7_robot_8) by extensions ['cmake', 'meson', 'python']
[0.322s] Level 1:colcon.colcon_core.package_identification:_identify(results/results_exploration/sup_no_backward/robots_10/run_20260715_154439/collision_depth_frames/bump_0001_robot_7_robot_8) by extension 'cmake'
[0.322s] Level 1:colcon.colcon_core.package_identification:_identify(results/results_exploration/sup_no_backward/robots_10/run_20260715_154439/collision_depth_frames/bump_0001_robot_7_robot_8) by extension 'meson'
[0.322s] Level 1:colcon.colcon_core.package_identification:_identify(results/results_exploration/sup_no_backward/robots_10/run_20260715_154439/collision_depth_frames/bump_0001_robot_7_robot_8) by extension 'python'
[0.322s] Level 1:colcon.colcon_core.package_identification:_identify(results/results_exploration/sup_no_backward/robots_10/run_20260715_154439/collision_depth_frames/bump_0001_robot_7_robot_8) by extensions ['python_setup_py']
[0.322s] Level 1:colcon.colcon_core.package_identification:_identify(results/results_exploration/sup_no_backward/robots_10/run_20260715_154439/collision_depth_frames/bump_0001_robot_7_robot_8) by extension 'python_setup_py'
[0.322s] Level 1:colcon.colcon_core.package_identification:_identify(results/results_exploration/sup_no_backward/robots_10/run_20260715_154439/collision_depth_frames/bump_0001_robot_7_robot_8/robot_7) by extensions ['ignore', 'ignore_ament_install']
[0.322s] Level 1:colcon.colcon_core.package_identification:_identify(results/results_exploration/sup_no_backward/robots_10/run_20260715_154439/collision_depth_frames/bump_0001_robot_7_robot_8/robot_7) by extension 'ignore'
[0.322s] Level 1:colcon.colcon_core.package_identification:_identify(results/results_exploration/sup_no_backward/robots_10/run_20260715_154439/collision_depth_frames/bump_0001_robot_7_robot_8/robot_7) by extension 'ignore_ament_install'
[0.322s] Level 1:colcon.colcon_core.package_identification:_identify(results/results_exploration/sup_no_backward/robots_10/run_20260715_154439/collision_depth_frames/bump_0001_robot_7_robot_8/robot_7) by extensions ['colcon_pkg']
[0.322s] Level 1:colcon.colcon_core.package_identification:_identify(results/results_exploration/sup_no_backward/robots_10/run_20260715_154439/collision_depth_frames/bump_0001_robot_7_robot_8/robot_7) by extension 'colcon_pkg'
[0.322s] Level 1:colcon.colcon_core.package_identification:_identify(results/results_exploration/sup_no_backward/robots_10/run_20260715_154439/collision_depth_frames/bump_0001_robot_7_robot_8/robot_7) by extensions ['colcon_meta']
[0.322s] Level 1:colcon.colcon_core.package_identification:_identify(results/results_exploration/sup_no_backward/robots_10/run_20260715_154439/collision_depth_frames/bump_0001_robot_7_robot_8/robot_7) by extension 'colcon_meta'
[0.323s] Level 1:colcon.colcon_core.package_identification:_identify(results/results_exploration/sup_no_backward/robots_10/run_20260715_154439/collision_depth_frames/bump_0001_robot_7_robot_8/robot_7) by extensions ['ros']
[0.323s] Level 1:colcon.colcon_core.package_identification:_identify(results/results_exploration/sup_no_backward/robots_10/run_20260715_154439/collision_depth_frames/bump_0001_robot_7_robot_8/robot_7) by extension 'ros'
[0.323s] Level 1:colcon.colcon_core.package_identification:_identify(results/results_exploration/sup_no_backward/robots_10/run_20260715_154439/collision_depth_frames/bump_0001_robot_7_robot_8/robot_7) by extensions ['cmake', 'meson', 'python']
[0.323s] Level 1:colcon.colcon_core.package_identification:_identify(results/results_exploration/sup_no_backward/robots_10/run_20260715_154439/collision_depth_frames/bump_0001_robot_7_robot_8/robot_7) by extension 'cmake'
[0.323s] Level 1:colcon.colcon_core.package_identification:_identify(results/results_exploration/sup_no_backward/robots_10/run_20260715_154439/collision_depth_frames/bump_0001_robot_7_robot_8/robot_7) by extension 'meson'
[0.323s] Level 1:colcon.colcon_core.package_identification:_identify(results/results_exploration/sup_no_backward/robots_10/run_20260715_154439/collision_depth_frames/bump_0001_robot_7_robot_8/robot_7) by extension 'python'
[0.323s] Level 1:colcon.colcon_core.package_identification:_identify(results/results_exploration/sup_no_backward/robots_10/run_20260715_154439/collision_depth_frames/bump_0001_robot_7_robot_8/robot_7) by extensions ['python_setup_py']
[0.323s] Level 1:colcon.colcon_core.package_identification:_identify(results/results_exploration/sup_no_backward/robots_10/run_20260715_154439/collision_depth_frames/bump_0001_robot_7_robot_8/robot_7) by extension 'python_setup_py'
[0.323s] Level 1:colcon.colcon_core.package_identification:_identify(results/results_exploration/sup_no_backward/robots_10/run_20260715_154439/collision_depth_frames/bump_0001_robot_7_robot_8/robot_8) by extensions ['ignore', 'ignore_ament_install']
[0.323s] Level 1:colcon.colcon_core.package_identification:_identify(results/results_exploration/sup_no_backward/robots_10/run_20260715_154439/collision_depth_frames/bump_0001_robot_7_robot_8/robot_8) by extension 'ignore'
[0.323s] Level 1:colcon.colcon_core.package_identification:_identify(results/results_exploration/sup_no_backward/robots_10/run_20260715_154439/collision_depth_frames/bump_0001_robot_7_robot_8/robot_8) by extension 'ignore_ament_install'
[0.323s] Level 1:colcon.colcon_core.package_identification:_identify(results/results_exploration/sup_no_backward/robots_10/run_20260715_154439/collision_depth_frames/bump_0001_robot_7_robot_8/robot_8) by extensions ['colcon_pkg']
[0.323s] Level 1:colcon.colcon_core.package_identification:_identify(results/results_exploration/sup_no_backward/robots_10/run_20260715_154439/collision_depth_frames/bump_0001_robot_7_robot_8/robot_8) by extension 'colcon_pkg'
[0.323s] Level 1:colcon.colcon_core.package_identification:_identify(results/results_exploration/sup_no_backward/robots_10/run_20260715_154439/collision_depth_frames/bump_0001_robot_7_robot_8/robot_8) by extensions ['colcon_meta']
[0.323s] Level 1:colcon.colcon_core.package_identification:_identify(results/results_exploration/sup_no_backward/robots_10/run_20260715_154439/collision_depth_frames/bump_0001_robot_7_robot_8/robot_8) by extension 'colcon_meta'
[0.323s] Level 1:colcon.colcon_core.package_identification:_identify(results/results_exploration/sup_no_backward/robots_10/run_20260715_154439/collision_depth_frames/bump_0001_robot_7_robot_8/robot_8) by extensions ['ros']
[0.323s] Level 1:colcon.colcon_core.package_identification:_identify(results/results_exploration/sup_no_backward/robots_10/run_20260715_154439/collision_depth_frames/bump_0001_robot_7_robot_8/robot_8) by extension 'ros'
[0.323s] Level 1:colcon.colcon_core.package_identification:_identify(results/results_exploration/sup_no_backward/robots_10/run_20260715_154439/collision_depth_frames/bump_0001_robot_7_robot_8/robot_8) by extensions ['cmake', 'meson', 'python']
[0.324s] Level 1:colcon.colcon_core.package_identification:_identify(results/results_exploration/sup_no_backward/robots_10/run_20260715_154439/collision_depth_frames/bump_0001_robot_7_robot_8/robot_8) by extension 'cmake'
[0.324s] Level 1:colcon.colcon_core.package_identification:_identify(results/results_exploration/sup_no_backward/robots_10/run_20260715_154439/collision_depth_frames/bump_0001_robot_7_robot_8/robot_8) by extension 'meson'
[0.324s] Level 1:colcon.colcon_core.package_identification:_identify(results/results_exploration/sup_no_backward/robots_10/run_20260715_154439/collision_depth_frames/bump_0001_robot_7_robot_8/robot_8) by extension 'python'
[0.324s] Level 1:colcon.colcon_core.package_identification:_identify(results/results_exploration/sup_no_backward/robots_10/run_20260715_154439/collision_depth_frames/bump_0001_robot_7_robot_8/robot_8) by extensions ['python_setup_py']
[0.324s] Level 1:colcon.colcon_core.package_identification:_identify(results/results_exploration/sup_no_backward/robots_10/run_20260715_154439/collision_depth_frames/bump_0001_robot_7_robot_8/robot_8) by extension 'python_setup_py'
[0.324s] Level 1:colcon.colcon_core.package_identification:_identify(results/results_exploration/sup_no_backward/robots_10/run_20260715_154439/collision_depth_frames/bump_0002_robot_0_robot_6) by extensions ['ignore', 'ignore_ament_install']
[0.324s] Level 1:colcon.colcon_core.package_identification:_identify(results/results_exploration/sup_no_backward/robots_10/run_20260715_154439/collision_depth_frames/bump_0002_robot_0_robot_6) by extension 'ignore'
[0.324s] Level 1:colcon.colcon_core.package_identification:_identify(results/results_exploration/sup_no_backward/robots_10/run_20260715_154439/collision_depth_frames/bump_0002_robot_0_robot_6) by extension 'ignore_ament_install'
[0.324s] Level 1:colcon.colcon_core.package_identification:_identify(results/results_exploration/sup_no_backward/robots_10/run_20260715_154439/collision_depth_frames/bump_0002_robot_0_robot_6) by extensions ['colcon_pkg']
[0.324s] Level 1:colcon.colcon_core.package_identification:_identify(results/results_exploration/sup_no_backward/robots_10/run_20260715_154439/collision_depth_frames/bump_0002_robot_0_robot_6) by extension 'colcon_pkg'
[0.324s] Level 1:colcon.colcon_core.package_identification:_identify(results/results_exploration/sup_no_backward/robots_10/run_20260715_154439/collision_depth_frames/bump_0002_robot_0_robot_6) by extensions ['colcon_meta']
[0.324s] Level 1:colcon.colcon_core.package_identification:_identify(results/results_exploration/sup_no_backward/robots_10/run_20260715_154439/collision_depth_frames/bump_0002_robot_0_robot_6) by extension 'colcon_meta'
[0.324s] Level 1:colcon.colcon_core.package_identification:_identify(results/results_exploration/sup_no_backward/robots_10/run_20260715_154439/collision_depth_frames/bump_0002_robot_0_robot_6) by extensions ['ros']
[0.324s] Level 1:colcon.colcon_core.package_identification:_identify(results/results_exploration/sup_no_backward/robots_10/run_20260715_154439/collision_depth_frames/bump_0002_robot_0_robot_6) by extension 'ros'
[0.324s] Level 1:colcon.colcon_core.package_identification:_identify(results/results_exploration/sup_no_backward/robots_10/run_20260715_154439/collision_depth_frames/bump_0002_robot_0_robot_6) by extensions ['cmake', 'meson', 'python']
[0.324s] Level 1:colcon.colcon_core.package_identification:_identify(results/results_exploration/sup_no_backward/robots_10/run_20260715_154439/collision_depth_frames/bump_0002_robot_0_robot_6) by extension 'cmake'
[0.324s] Level 1:colcon.colcon_core.package_identification:_identify(results/results_exploration/sup_no_backward/robots_10/run_20260715_154439/collision_depth_frames/bump_0002_robot_0_robot_6) by extension 'meson'
[0.325s] Level 1:colcon.colcon_core.package_identification:_identify(results/results_exploration/sup_no_backward/robots_10/run_20260715_154439/collision_depth_frames/bump_0002_robot_0_robot_6) by extension 'python'
[0.325s] Level 1:colcon.colcon_core.package_identification:_identify(results/results_exploration/sup_no_backward/robots_10/run_20260715_154439/collision_depth_frames/bump_0002_robot_0_robot_6) by extensions ['python_setup_py']
[0.325s] Level 1:colcon.colcon_core.package_identification:_identify(results/results_exploration/sup_no_backward/robots_10/run_20260715_154439/collision_depth_frames/bump_0002_robot_0_robot_6) by extension 'python_setup_py'
[0.325s] Level 1:colcon.colcon_core.package_identification:_identify(results/results_exploration/sup_no_backward/robots_10/run_20260715_154439/collision_depth_frames/bump_0002_robot_0_robot_6/robot_0) by extensions ['ignore', 'ignore_ament_install']
[0.325s] Level 1:colcon.colcon_core.package_identification:_identify(results/results_exploration/sup_no_backward/robots_10/run_20260715_154439/collision_depth_frames/bump_0002_robot_0_robot_6/robot_0) by extension 'ignore'
[0.325s] Level 1:colcon.colcon_core.package_identification:_identify(results/results_exploration/sup_no_backward/robots_10/run_20260715_154439/collision_depth_frames/bump_0002_robot_0_robot_6/robot_0) by extension 'ignore_ament_install'
[0.325s] Level 1:colcon.colcon_core.package_identification:_identify(results/results_exploration/sup_no_backward/robots_10/run_20260715_154439/collision_depth_frames/bump_0002_robot_0_robot_6/robot_0) by extensions ['colcon_pkg']
[0.325s] Level 1:colcon.colcon_core.package_identification:_identify(results/results_exploration/sup_no_backward/robots_10/run_20260715_154439/collision_depth_frames/bump_0002_robot_0_robot_6/robot_0) by extension 'colcon_pkg'
[0.325s] Level 1:colcon.colcon_core.package_identification:_identify(results/results_exploration/sup_no_backward/robots_10/run_20260715_154439/collision_depth_frames/bump_0002_robot_0_robot_6/robot_0) by extensions ['colcon_meta']
[0.325s] Level 1:colcon.colcon_core.package_identification:_identify(results/results_exploration/sup_no_backward/robots_10/run_20260715_154439/collision_depth_frames/bump_0002_robot_0_robot_6/robot_0) by extension 'colcon_meta'
[0.325s] Level 1:colcon.colcon_core.package_identification:_identify(results/results_exploration/sup_no_backward/robots_10/run_20260715_154439/collision_depth_frames/bump_0002_robot_0_robot_6/robot_0) by extensions ['ros']
[0.325s] Level 1:colcon.colcon_core.package_identification:_identify(results/results_exploration/sup_no_backward/robots_10/run_20260715_154439/collision_depth_frames/bump_0002_robot_0_robot_6/robot_0) by extension 'ros'
[0.325s] Level 1:colcon.colcon_core.package_identification:_identify(results/results_exploration/sup_no_backward/robots_10/run_20260715_154439/collision_depth_frames/bump_0002_robot_0_robot_6/robot_0) by extensions ['cmake', 'meson', 'python']
[0.325s] Level 1:colcon.colcon_core.package_identification:_identify(results/results_exploration/sup_no_backward/robots_10/run_20260715_154439/collision_depth_frames/bump_0002_robot_0_robot_6/robot_0) by extension 'cmake'
[0.325s] Level 1:colcon.colcon_core.package_identification:_identify(results/results_exploration/sup_no_backward/robots_10/run_20260715_154439/collision_depth_frames/bump_0002_robot_0_robot_6/robot_0) by extension 'meson'
[0.326s] Level 1:colcon.colcon_core.package_identification:_identify(results/results_exploration/sup_no_backward/robots_10/run_20260715_154439/collision_depth_frames/bump_0002_robot_0_robot_6/robot_0) by extension 'python'
[0.326s] Level 1:colcon.colcon_core.package_identification:_identify(results/results_exploration/sup_no_backward/robots_10/run_20260715_154439/collision_depth_frames/bump_0002_robot_0_robot_6/robot_0) by extensions ['python_setup_py']
[0.326s] Level 1:colcon.colcon_core.package_identification:_identify(results/results_exploration/sup_no_backward/robots_10/run_20260715_154439/collision_depth_frames/bump_0002_robot_0_robot_6/robot_0) by extension 'python_setup_py'
[0.326s] Level 1:colcon.colcon_core.package_identification:_identify(results/results_exploration/sup_no_backward/robots_10/run_20260715_154439/collision_depth_frames/bump_0002_robot_0_robot_6/robot_6) by extensions ['ignore', 'ignore_ament_install']
[0.326s] Level 1:colcon.colcon_core.package_identification:_identify(results/results_exploration/sup_no_backward/robots_10/run_20260715_154439/collision_depth_frames/bump_0002_robot_0_robot_6/robot_6) by extension 'ignore'
[0.326s] Level 1:colcon.colcon_core.package_identification:_identify(results/results_exploration/sup_no_backward/robots_10/run_20260715_154439/collision_depth_frames/bump_0002_robot_0_robot_6/robot_6) by extension 'ignore_ament_install'
[0.326s] Level 1:colcon.colcon_core.package_identification:_identify(results/results_exploration/sup_no_backward/robots_10/run_20260715_154439/collision_depth_frames/bump_0002_robot_0_robot_6/robot_6) by extensions ['colcon_pkg']
[0.326s] Level 1:colcon.colcon_core.package_identification:_identify(results/results_exploration/sup_no_backward/robots_10/run_20260715_154439/collision_depth_frames/bump_0002_robot_0_robot_6/robot_6) by extension 'colcon_pkg'
[0.326s] Level 1:colcon.colcon_core.package_identification:_identify(results/results_exploration/sup_no_backward/robots_10/run_20260715_154439/collision_depth_frames/bump_0002_robot_0_robot_6/robot_6) by extensions ['colcon_meta']
[0.326s] Level 1:colcon.colcon_core.package_identification:_identify(results/results_exploration/sup_no_backward/robots_10/run_20260715_154439/collision_depth_frames/bump_0002_robot_0_robot_6/robot_6) by extension 'colcon_meta'
[0.326s] Level 1:colcon.colcon_core.package_identification:_identify(results/results_exploration/sup_no_backward/robots_10/run_20260715_154439/collision_depth_frames/bump_0002_robot_0_robot_6/robot_6) by extensions ['ros']
[0.326s] Level 1:colcon.colcon_core.package_identification:_identify(results/results_exploration/sup_no_backward/robots_10/run_20260715_154439/collision_depth_frames/bump_0002_robot_0_robot_6/robot_6) by extension 'ros'
[0.326s] Level 1:colcon.colcon_core.package_identification:_identify(results/results_exploration/sup_no_backward/robots_10/run_20260715_154439/collision_depth_frames/bump_0002_robot_0_robot_6/robot_6) by extensions ['cmake', 'meson', 'python']
[0.326s] Level 1:colcon.colcon_core.package_identification:_identify(results/results_exploration/sup_no_backward/robots_10/run_20260715_154439/collision_depth_frames/bump_0002_robot_0_robot_6/robot_6) by extension 'cmake'
[0.326s] Level 1:colcon.colcon_core.package_identification:_identify(results/results_exploration/sup_no_backward/robots_10/run_20260715_154439/collision_depth_frames/bump_0002_robot_0_robot_6/robot_6) by extension 'meson'
[0.327s] Level 1:colcon.colcon_core.package_identification:_identify(results/results_exploration/sup_no_backward/robots_10/run_20260715_154439/collision_depth_frames/bump_0002_robot_0_robot_6/robot_6) by extension 'python'
[0.327s] Level 1:colcon.colcon_core.package_identification:_identify(results/results_exploration/sup_no_backward/robots_10/run_20260715_154439/collision_depth_frames/bump_0002_robot_0_robot_6/robot_6) by extensions ['python_setup_py']
[0.327s] Level 1:colcon.colcon_core.package_identification:_identify(results/results_exploration/sup_no_backward/robots_10/run_20260715_154439/collision_depth_frames/bump_0002_robot_0_robot_6/robot_6) by extension 'python_setup_py'
[0.327s] Level 1:colcon.colcon_core.package_identification:_identify(results/results_exploration/sup_no_backward/robots_10/run_20260715_154439/collision_depth_frames/bump_0003_robot_3_robot_8) by extensions ['ignore', 'ignore_ament_install']
[0.327s] Level 1:colcon.colcon_core.package_identification:_identify(results/results_exploration/sup_no_backward/robots_10/run_20260715_154439/collision_depth_frames/bump_0003_robot_3_robot_8) by extension 'ignore'
[0.327s] Level 1:colcon.colcon_core.package_identification:_identify(results/results_exploration/sup_no_backward/robots_10/run_20260715_154439/collision_depth_frames/bump_0003_robot_3_robot_8) by extension 'ignore_ament_install'
[0.327s] Level 1:colcon.colcon_core.package_identification:_identify(results/results_exploration/sup_no_backward/robots_10/run_20260715_154439/collision_depth_frames/bump_0003_robot_3_robot_8) by extensions ['colcon_pkg']
[0.327s] Level 1:colcon.colcon_core.package_identification:_identify(results/results_exploration/sup_no_backward/robots_10/run_20260715_154439/collision_depth_frames/bump_0003_robot_3_robot_8) by extension 'colcon_pkg'
[0.327s] Level 1:colcon.colcon_core.package_identification:_identify(results/results_exploration/sup_no_backward/robots_10/run_20260715_154439/collision_depth_frames/bump_0003_robot_3_robot_8) by extensions ['colcon_meta']
[0.327s] Level 1:colcon.colcon_core.package_identification:_identify(results/results_exploration/sup_no_backward/robots_10/run_20260715_154439/collision_depth_frames/bump_0003_robot_3_robot_8) by extension 'colcon_meta'
[0.327s] Level 1:colcon.colcon_core.package_identification:_identify(results/results_exploration/sup_no_backward/robots_10/run_20260715_154439/collision_depth_frames/bump_0003_robot_3_robot_8) by extensions ['ros']
[0.327s] Level 1:colcon.colcon_core.package_identification:_identify(results/results_exploration/sup_no_backward/robots_10/run_20260715_154439/collision_depth_frames/bump_0003_robot_3_robot_8) by extension 'ros'
[0.327s] Level 1:colcon.colcon_core.package_identification:_identify(results/results_exploration/sup_no_backward/robots_10/run_20260715_154439/collision_depth_frames/bump_0003_robot_3_robot_8) by extensions ['cmake', 'meson', 'python']
[0.327s] Level 1:colcon.colcon_core.package_identification:_identify(results/results_exploration/sup_no_backward/robots_10/run_20260715_154439/collision_depth_frames/bump_0003_robot_3_robot_8) by extension 'cmake'
[0.327s] Level 1:colcon.colcon_core.package_identification:_identify(results/results_exploration/sup_no_backward/robots_10/run_20260715_154439/collision_depth_frames/bump_0003_robot_3_robot_8) by extension 'meson'
[0.328s] Level 1:colcon.colcon_core.package_identification:_identify(results/results_exploration/sup_no_backward/robots_10/run_20260715_154439/collision_depth_frames/bump_0003_robot_3_robot_8) by extension 'python'
[0.328s] Level 1:colcon.colcon_core.package_identification:_identify(results/results_exploration/sup_no_backward/robots_10/run_20260715_154439/collision_depth_frames/bump_0003_robot_3_robot_8) by extensions ['python_setup_py']
[0.328s] Level 1:colcon.colcon_core.package_identification:_identify(results/results_exploration/sup_no_backward/robots_10/run_20260715_154439/collision_depth_frames/bump_0003_robot_3_robot_8) by extension 'python_setup_py'
[0.328s] Level 1:colcon.colcon_core.package_identification:_identify(results/results_exploration/sup_no_backward/robots_10/run_20260715_154439/collision_depth_frames/bump_0003_robot_3_robot_8/robot_3) by extensions ['ignore', 'ignore_ament_install']
[0.328s] Level 1:colcon.colcon_core.package_identification:_identify(results/results_exploration/sup_no_backward/robots_10/run_20260715_154439/collision_depth_frames/bump_0003_robot_3_robot_8/robot_3) by extension 'ignore'
[0.328s] Level 1:colcon.colcon_core.package_identification:_identify(results/results_exploration/sup_no_backward/robots_10/run_20260715_154439/collision_depth_frames/bump_0003_robot_3_robot_8/robot_3) by extension 'ignore_ament_install'
[0.328s] Level 1:colcon.colcon_core.package_identification:_identify(results/results_exploration/sup_no_backward/robots_10/run_20260715_154439/collision_depth_frames/bump_0003_robot_3_robot_8/robot_3) by extensions ['colcon_pkg']
[0.328s] Level 1:colcon.colcon_core.package_identification:_identify(results/results_exploration/sup_no_backward/robots_10/run_20260715_154439/collision_depth_frames/bump_0003_robot_3_robot_8/robot_3) by extension 'colcon_pkg'
[0.328s] Level 1:colcon.colcon_core.package_identification:_identify(results/results_exploration/sup_no_backward/robots_10/run_20260715_154439/collision_depth_frames/bump_0003_robot_3_robot_8/robot_3) by extensions ['colcon_meta']
[0.328s] Level 1:colcon.colcon_core.package_identification:_identify(results/results_exploration/sup_no_backward/robots_10/run_20260715_154439/collision_depth_frames/bump_0003_robot_3_robot_8/robot_3) by extension 'colcon_meta'
[0.328s] Level 1:colcon.colcon_core.package_identification:_identify(results/results_exploration/sup_no_backward/robots_10/run_20260715_154439/collision_depth_frames/bump_0003_robot_3_robot_8/robot_3) by extensions ['ros']
[0.328s] Level 1:colcon.colcon_core.package_identification:_identify(results/results_exploration/sup_no_backward/robots_10/run_20260715_154439/collision_depth_frames/bump_0003_robot_3_robot_8/robot_3) by extension 'ros'
[0.328s] Level 1:colcon.colcon_core.package_identification:_identify(results/results_exploration/sup_no_backward/robots_10/run_20260715_154439/collision_depth_frames/bump_0003_robot_3_robot_8/robot_3) by extensions ['cmake', 'meson', 'python']
[0.328s] Level 1:colcon.colcon_core.package_identification:_identify(results/results_exploration/sup_no_backward/robots_10/run_20260715_154439/collision_depth_frames/bump_0003_robot_3_robot_8/robot_3) by extension 'cmake'
[0.328s] Level 1:colcon.colcon_core.package_identification:_identify(results/results_exploration/sup_no_backward/robots_10/run_20260715_154439/collision_depth_frames/bump_0003_robot_3_robot_8/robot_3) by extension 'meson'
[0.329s] Level 1:colcon.colcon_core.package_identification:_identify(results/results_exploration/sup_no_backward/robots_10/run_20260715_154439/collision_depth_frames/bump_0003_robot_3_robot_8/robot_3) by extension 'python'
[0.329s] Level 1:colcon.colcon_core.package_identification:_identify(results/results_exploration/sup_no_backward/robots_10/run_20260715_154439/collision_depth_frames/bump_0003_robot_3_robot_8/robot_3) by extensions ['python_setup_py']
[0.329s] Level 1:colcon.colcon_core.package_identification:_identify(results/results_exploration/sup_no_backward/robots_10/run_20260715_154439/collision_depth_frames/bump_0003_robot_3_robot_8/robot_3) by extension 'python_setup_py'
[0.329s] Level 1:colcon.colcon_core.package_identification:_identify(results/results_exploration/sup_no_backward/robots_10/run_20260715_154439/collision_depth_frames/bump_0003_robot_3_robot_8/robot_8) by extensions ['ignore', 'ignore_ament_install']
[0.329s] Level 1:colcon.colcon_core.package_identification:_identify(results/results_exploration/sup_no_backward/robots_10/run_20260715_154439/collision_depth_frames/bump_0003_robot_3_robot_8/robot_8) by extension 'ignore'
[0.329s] Level 1:colcon.colcon_core.package_identification:_identify(results/results_exploration/sup_no_backward/robots_10/run_20260715_154439/collision_depth_frames/bump_0003_robot_3_robot_8/robot_8) by extension 'ignore_ament_install'
[0.329s] Level 1:colcon.colcon_core.package_identification:_identify(results/results_exploration/sup_no_backward/robots_10/run_20260715_154439/collision_depth_frames/bump_0003_robot_3_robot_8/robot_8) by extensions ['colcon_pkg']
[0.329s] Level 1:colcon.colcon_core.package_identification:_identify(results/results_exploration/sup_no_backward/robots_10/run_20260715_154439/collision_depth_frames/bump_0003_robot_3_robot_8/robot_8) by extension 'colcon_pkg'
[0.329s] Level 1:colcon.colcon_core.package_identification:_identify(results/results_exploration/sup_no_backward/robots_10/run_20260715_154439/collision_depth_frames/bump_0003_robot_3_robot_8/robot_8) by extensions ['colcon_meta']
[0.329s] Level 1:colcon.colcon_core.package_identification:_identify(results/results_exploration/sup_no_backward/robots_10/run_20260715_154439/collision_depth_frames/bump_0003_robot_3_robot_8/robot_8) by extension 'colcon_meta'
[0.329s] Level 1:colcon.colcon_core.package_identification:_identify(results/results_exploration/sup_no_backward/robots_10/run_20260715_154439/collision_depth_frames/bump_0003_robot_3_robot_8/robot_8) by extensions ['ros']
[0.329s] Level 1:colcon.colcon_core.package_identification:_identify(results/results_exploration/sup_no_backward/robots_10/run_20260715_154439/collision_depth_frames/bump_0003_robot_3_robot_8/robot_8) by extension 'ros'
[0.329s] Level 1:colcon.colcon_core.package_identification:_identify(results/results_exploration/sup_no_backward/robots_10/run_20260715_154439/collision_depth_frames/bump_0003_robot_3_robot_8/robot_8) by extensions ['cmake', 'meson', 'python']
[0.329s] Level 1:colcon.colcon_core.package_identification:_identify(results/results_exploration/sup_no_backward/robots_10/run_20260715_154439/collision_depth_frames/bump_0003_robot_3_robot_8/robot_8) by extension 'cmake'
[0.329s] Level 1:colcon.colcon_core.package_identification:_identify(results/results_exploration/sup_no_backward/robots_10/run_20260715_154439/collision_depth_frames/bump_0003_robot_3_robot_8/robot_8) by extension 'meson'
[0.330s] Level 1:colcon.colcon_core.package_identification:_identify(results/results_exploration/sup_no_backward/robots_10/run_20260715_154439/collision_depth_frames/bump_0003_robot_3_robot_8/robot_8) by extension 'python'
[0.330s] Level 1:colcon.colcon_core.package_identification:_identify(results/results_exploration/sup_no_backward/robots_10/run_20260715_154439/collision_depth_frames/bump_0003_robot_3_robot_8/robot_8) by extensions ['python_setup_py']
[0.330s] Level 1:colcon.colcon_core.package_identification:_identify(results/results_exploration/sup_no_backward/robots_10/run_20260715_154439/collision_depth_frames/bump_0003_robot_3_robot_8/robot_8) by extension 'python_setup_py'
[0.330s] Level 1:colcon.colcon_core.package_identification:_identify(results/results_exploration/sup_no_backward/robots_10/run_20260715_173532) by extensions ['ignore', 'ignore_ament_install']
[0.330s] Level 1:colcon.colcon_core.package_identification:_identify(results/results_exploration/sup_no_backward/robots_10/run_20260715_173532) by extension 'ignore'
[0.330s] Level 1:colcon.colcon_core.package_identification:_identify(results/results_exploration/sup_no_backward/robots_10/run_20260715_173532) by extension 'ignore_ament_install'
[0.330s] Level 1:colcon.colcon_core.package_identification:_identify(results/results_exploration/sup_no_backward/robots_10/run_20260715_173532) by extensions ['colcon_pkg']
[0.330s] Level 1:colcon.colcon_core.package_identification:_identify(results/results_exploration/sup_no_backward/robots_10/run_20260715_173532) by extension 'colcon_pkg'
[0.330s] Level 1:colcon.colcon_core.package_identification:_identify(results/results_exploration/sup_no_backward/robots_10/run_20260715_173532) by extensions ['colcon_meta']
[0.330s] Level 1:colcon.colcon_core.package_identification:_identify(results/results_exploration/sup_no_backward/robots_10/run_20260715_173532) by extension 'colcon_meta'
[0.330s] Level 1:colcon.colcon_core.package_identification:_identify(results/results_exploration/sup_no_backward/robots_10/run_20260715_173532) by extensions ['ros']
[0.330s] Level 1:colcon.colcon_core.package_identification:_identify(results/results_exploration/sup_no_backward/robots_10/run_20260715_173532) by extension 'ros'
[0.330s] Level 1:colcon.colcon_core.package_identification:_identify(results/results_exploration/sup_no_backward/robots_10/run_20260715_173532) by extensions ['cmake', 'meson', 'python']
[0.330s] Level 1:colcon.colcon_core.package_identification:_identify(results/results_exploration/sup_no_backward/robots_10/run_20260715_173532) by extension 'cmake'
[0.330s] Level 1:colcon.colcon_core.package_identification:_identify(results/results_exploration/sup_no_backward/robots_10/run_20260715_173532) by extension 'meson'
[0.331s] Level 1:colcon.colcon_core.package_identification:_identify(results/results_exploration/sup_no_backward/robots_10/run_20260715_173532) by extension 'python'
[0.331s] Level 1:colcon.colcon_core.package_identification:_identify(results/results_exploration/sup_no_backward/robots_10/run_20260715_173532) by extensions ['python_setup_py']
[0.331s] Level 1:colcon.colcon_core.package_identification:_identify(results/results_exploration/sup_no_backward/robots_10/run_20260715_173532) by extension 'python_setup_py'
[0.331s] Level 1:colcon.colcon_core.package_identification:_identify(results/results_exploration/sup_no_backward/robots_10/run_20260715_173532/collision_depth_frames) by extensions ['ignore', 'ignore_ament_install']
[0.331s] Level 1:colcon.colcon_core.package_identification:_identify(results/results_exploration/sup_no_backward/robots_10/run_20260715_173532/collision_depth_frames) by extension 'ignore'
[0.331s] Level 1:colcon.colcon_core.package_identification:_identify(results/results_exploration/sup_no_backward/robots_10/run_20260715_173532/collision_depth_frames) by extension 'ignore_ament_install'
[0.331s] Level 1:colcon.colcon_core.package_identification:_identify(results/results_exploration/sup_no_backward/robots_10/run_20260715_173532/collision_depth_frames) by extensions ['colcon_pkg']
[0.331s] Level 1:colcon.colcon_core.package_identification:_identify(results/results_exploration/sup_no_backward/robots_10/run_20260715_173532/collision_depth_frames) by extension 'colcon_pkg'
[0.331s] Level 1:colcon.colcon_core.package_identification:_identify(results/results_exploration/sup_no_backward/robots_10/run_20260715_173532/collision_depth_frames) by extensions ['colcon_meta']
[0.331s] Level 1:colcon.colcon_core.package_identification:_identify(results/results_exploration/sup_no_backward/robots_10/run_20260715_173532/collision_depth_frames) by extension 'colcon_meta'
[0.331s] Level 1:colcon.colcon_core.package_identification:_identify(results/results_exploration/sup_no_backward/robots_10/run_20260715_173532/collision_depth_frames) by extensions ['ros']
[0.331s] Level 1:colcon.colcon_core.package_identification:_identify(results/results_exploration/sup_no_backward/robots_10/run_20260715_173532/collision_depth_frames) by extension 'ros'
[0.331s] Level 1:colcon.colcon_core.package_identification:_identify(results/results_exploration/sup_no_backward/robots_10/run_20260715_173532/collision_depth_frames) by extensions ['cmake', 'meson', 'python']
[0.331s] Level 1:colcon.colcon_core.package_identification:_identify(results/results_exploration/sup_no_backward/robots_10/run_20260715_173532/collision_depth_frames) by extension 'cmake'
[0.331s] Level 1:colcon.colcon_core.package_identification:_identify(results/results_exploration/sup_no_backward/robots_10/run_20260715_173532/collision_depth_frames) by extension 'meson'
[0.332s] Level 1:colcon.colcon_core.package_identification:_identify(results/results_exploration/sup_no_backward/robots_10/run_20260715_173532/collision_depth_frames) by extension 'python'
[0.332s] Level 1:colcon.colcon_core.package_identification:_identify(results/results_exploration/sup_no_backward/robots_10/run_20260715_173532/collision_depth_frames) by extensions ['python_setup_py']
[0.332s] Level 1:colcon.colcon_core.package_identification:_identify(results/results_exploration/sup_no_backward/robots_10/run_20260715_173532/collision_depth_frames) by extension 'python_setup_py'
[0.332s] Level 1:colcon.colcon_core.package_identification:_identify(results/results_exploration/sup_no_backward/robots_10/run_20260715_173532/collision_depth_frames/bump_0001_robot_7_robot_9) by extensions ['ignore', 'ignore_ament_install']
[0.332s] Level 1:colcon.colcon_core.package_identification:_identify(results/results_exploration/sup_no_backward/robots_10/run_20260715_173532/collision_depth_frames/bump_0001_robot_7_robot_9) by extension 'ignore'
[0.332s] Level 1:colcon.colcon_core.package_identification:_identify(results/results_exploration/sup_no_backward/robots_10/run_20260715_173532/collision_depth_frames/bump_0001_robot_7_robot_9) by extension 'ignore_ament_install'
[0.332s] Level 1:colcon.colcon_core.package_identification:_identify(results/results_exploration/sup_no_backward/robots_10/run_20260715_173532/collision_depth_frames/bump_0001_robot_7_robot_9) by extensions ['colcon_pkg']
[0.332s] Level 1:colcon.colcon_core.package_identification:_identify(results/results_exploration/sup_no_backward/robots_10/run_20260715_173532/collision_depth_frames/bump_0001_robot_7_robot_9) by extension 'colcon_pkg'
[0.332s] Level 1:colcon.colcon_core.package_identification:_identify(results/results_exploration/sup_no_backward/robots_10/run_20260715_173532/collision_depth_frames/bump_0001_robot_7_robot_9) by extensions ['colcon_meta']
[0.332s] Level 1:colcon.colcon_core.package_identification:_identify(results/results_exploration/sup_no_backward/robots_10/run_20260715_173532/collision_depth_frames/bump_0001_robot_7_robot_9) by extension 'colcon_meta'
[0.332s] Level 1:colcon.colcon_core.package_identification:_identify(results/results_exploration/sup_no_backward/robots_10/run_20260715_173532/collision_depth_frames/bump_0001_robot_7_robot_9) by extensions ['ros']
[0.332s] Level 1:colcon.colcon_core.package_identification:_identify(results/results_exploration/sup_no_backward/robots_10/run_20260715_173532/collision_depth_frames/bump_0001_robot_7_robot_9) by extension 'ros'
[0.332s] Level 1:colcon.colcon_core.package_identification:_identify(results/results_exploration/sup_no_backward/robots_10/run_20260715_173532/collision_depth_frames/bump_0001_robot_7_robot_9) by extensions ['cmake', 'meson', 'python']
[0.332s] Level 1:colcon.colcon_core.package_identification:_identify(results/results_exploration/sup_no_backward/robots_10/run_20260715_173532/collision_depth_frames/bump_0001_robot_7_robot_9) by extension 'cmake'
[0.332s] Level 1:colcon.colcon_core.package_identification:_identify(results/results_exploration/sup_no_backward/robots_10/run_20260715_173532/collision_depth_frames/bump_0001_robot_7_robot_9) by extension 'meson'
[0.332s] Level 1:colcon.colcon_core.package_identification:_identify(results/results_exploration/sup_no_backward/robots_10/run_20260715_173532/collision_depth_frames/bump_0001_robot_7_robot_9) by extension 'python'
[0.333s] Level 1:colcon.colcon_core.package_identification:_identify(results/results_exploration/sup_no_backward/robots_10/run_20260715_173532/collision_depth_frames/bump_0001_robot_7_robot_9) by extensions ['python_setup_py']
[0.333s] Level 1:colcon.colcon_core.package_identification:_identify(results/results_exploration/sup_no_backward/robots_10/run_20260715_173532/collision_depth_frames/bump_0001_robot_7_robot_9) by extension 'python_setup_py'
[0.333s] Level 1:colcon.colcon_core.package_identification:_identify(results/results_exploration/sup_no_backward/robots_10/run_20260715_173532/collision_depth_frames/bump_0001_robot_7_robot_9/robot_7) by extensions ['ignore', 'ignore_ament_install']
[0.333s] Level 1:colcon.colcon_core.package_identification:_identify(results/results_exploration/sup_no_backward/robots_10/run_20260715_173532/collision_depth_frames/bump_0001_robot_7_robot_9/robot_7) by extension 'ignore'
[0.333s] Level 1:colcon.colcon_core.package_identification:_identify(results/results_exploration/sup_no_backward/robots_10/run_20260715_173532/collision_depth_frames/bump_0001_robot_7_robot_9/robot_7) by extension 'ignore_ament_install'
[0.333s] Level 1:colcon.colcon_core.package_identification:_identify(results/results_exploration/sup_no_backward/robots_10/run_20260715_173532/collision_depth_frames/bump_0001_robot_7_robot_9/robot_7) by extensions ['colcon_pkg']
[0.333s] Level 1:colcon.colcon_core.package_identification:_identify(results/results_exploration/sup_no_backward/robots_10/run_20260715_173532/collision_depth_frames/bump_0001_robot_7_robot_9/robot_7) by extension 'colcon_pkg'
[0.333s] Level 1:colcon.colcon_core.package_identification:_identify(results/results_exploration/sup_no_backward/robots_10/run_20260715_173532/collision_depth_frames/bump_0001_robot_7_robot_9/robot_7) by extensions ['colcon_meta']
[0.333s] Level 1:colcon.colcon_core.package_identification:_identify(results/results_exploration/sup_no_backward/robots_10/run_20260715_173532/collision_depth_frames/bump_0001_robot_7_robot_9/robot_7) by extension 'colcon_meta'
[0.333s] Level 1:colcon.colcon_core.package_identification:_identify(results/results_exploration/sup_no_backward/robots_10/run_20260715_173532/collision_depth_frames/bump_0001_robot_7_robot_9/robot_7) by extensions ['ros']
[0.333s] Level 1:colcon.colcon_core.package_identification:_identify(results/results_exploration/sup_no_backward/robots_10/run_20260715_173532/collision_depth_frames/bump_0001_robot_7_robot_9/robot_7) by extension 'ros'
[0.333s] Level 1:colcon.colcon_core.package_identification:_identify(results/results_exploration/sup_no_backward/robots_10/run_20260715_173532/collision_depth_frames/bump_0001_robot_7_robot_9/robot_7) by extensions ['cmake', 'meson', 'python']
[0.333s] Level 1:colcon.colcon_core.package_identification:_identify(results/results_exploration/sup_no_backward/robots_10/run_20260715_173532/collision_depth_frames/bump_0001_robot_7_robot_9/robot_7) by extension 'cmake'
[0.333s] Level 1:colcon.colcon_core.package_identification:_identify(results/results_exploration/sup_no_backward/robots_10/run_20260715_173532/collision_depth_frames/bump_0001_robot_7_robot_9/robot_7) by extension 'meson'
[0.333s] Level 1:colcon.colcon_core.package_identification:_identify(results/results_exploration/sup_no_backward/robots_10/run_20260715_173532/collision_depth_frames/bump_0001_robot_7_robot_9/robot_7) by extension 'python'
[0.333s] Level 1:colcon.colcon_core.package_identification:_identify(results/results_exploration/sup_no_backward/robots_10/run_20260715_173532/collision_depth_frames/bump_0001_robot_7_robot_9/robot_7) by extensions ['python_setup_py']
[0.333s] Level 1:colcon.colcon_core.package_identification:_identify(results/results_exploration/sup_no_backward/robots_10/run_20260715_173532/collision_depth_frames/bump_0001_robot_7_robot_9/robot_7) by extension 'python_setup_py'
[0.334s] Level 1:colcon.colcon_core.package_identification:_identify(results/results_exploration/sup_no_backward/robots_10/run_20260715_173532/collision_depth_frames/bump_0001_robot_7_robot_9/robot_9) by extensions ['ignore', 'ignore_ament_install']
[0.334s] Level 1:colcon.colcon_core.package_identification:_identify(results/results_exploration/sup_no_backward/robots_10/run_20260715_173532/collision_depth_frames/bump_0001_robot_7_robot_9/robot_9) by extension 'ignore'
[0.334s] Level 1:colcon.colcon_core.package_identification:_identify(results/results_exploration/sup_no_backward/robots_10/run_20260715_173532/collision_depth_frames/bump_0001_robot_7_robot_9/robot_9) by extension 'ignore_ament_install'
[0.334s] Level 1:colcon.colcon_core.package_identification:_identify(results/results_exploration/sup_no_backward/robots_10/run_20260715_173532/collision_depth_frames/bump_0001_robot_7_robot_9/robot_9) by extensions ['colcon_pkg']
[0.334s] Level 1:colcon.colcon_core.package_identification:_identify(results/results_exploration/sup_no_backward/robots_10/run_20260715_173532/collision_depth_frames/bump_0001_robot_7_robot_9/robot_9) by extension 'colcon_pkg'
[0.334s] Level 1:colcon.colcon_core.package_identification:_identify(results/results_exploration/sup_no_backward/robots_10/run_20260715_173532/collision_depth_frames/bump_0001_robot_7_robot_9/robot_9) by extensions ['colcon_meta']
[0.334s] Level 1:colcon.colcon_core.package_identification:_identify(results/results_exploration/sup_no_backward/robots_10/run_20260715_173532/collision_depth_frames/bump_0001_robot_7_robot_9/robot_9) by extension 'colcon_meta'
[0.334s] Level 1:colcon.colcon_core.package_identification:_identify(results/results_exploration/sup_no_backward/robots_10/run_20260715_173532/collision_depth_frames/bump_0001_robot_7_robot_9/robot_9) by extensions ['ros']
[0.334s] Level 1:colcon.colcon_core.package_identification:_identify(results/results_exploration/sup_no_backward/robots_10/run_20260715_173532/collision_depth_frames/bump_0001_robot_7_robot_9/robot_9) by extension 'ros'
[0.334s] Level 1:colcon.colcon_core.package_identification:_identify(results/results_exploration/sup_no_backward/robots_10/run_20260715_173532/collision_depth_frames/bump_0001_robot_7_robot_9/robot_9) by extensions ['cmake', 'meson', 'python']
[0.334s] Level 1:colcon.colcon_core.package_identification:_identify(results/results_exploration/sup_no_backward/robots_10/run_20260715_173532/collision_depth_frames/bump_0001_robot_7_robot_9/robot_9) by extension 'cmake'
[0.334s] Level 1:colcon.colcon_core.package_identification:_identify(results/results_exploration/sup_no_backward/robots_10/run_20260715_173532/collision_depth_frames/bump_0001_robot_7_robot_9/robot_9) by extension 'meson'
[0.334s] Level 1:colcon.colcon_core.package_identification:_identify(results/results_exploration/sup_no_backward/robots_10/run_20260715_173532/collision_depth_frames/bump_0001_robot_7_robot_9/robot_9) by extension 'python'
[0.334s] Level 1:colcon.colcon_core.package_identification:_identify(results/results_exploration/sup_no_backward/robots_10/run_20260715_173532/collision_depth_frames/bump_0001_robot_7_robot_9/robot_9) by extensions ['python_setup_py']
[0.334s] Level 1:colcon.colcon_core.package_identification:_identify(results/results_exploration/sup_no_backward/robots_10/run_20260715_173532/collision_depth_frames/bump_0001_robot_7_robot_9/robot_9) by extension 'python_setup_py'
[0.334s] Level 1:colcon.colcon_core.package_identification:_identify(results/results_exploration/sup_no_backward/robots_10/run_20260715_173532/collision_depth_frames/bump_0002_robot_3_robot_8) by extensions ['ignore', 'ignore_ament_install']
[0.334s] Level 1:colcon.colcon_core.package_identification:_identify(results/results_exploration/sup_no_backward/robots_10/run_20260715_173532/collision_depth_frames/bump_0002_robot_3_robot_8) by extension 'ignore'
[0.335s] Level 1:colcon.colcon_core.package_identification:_identify(results/results_exploration/sup_no_backward/robots_10/run_20260715_173532/collision_depth_frames/bump_0002_robot_3_robot_8) by extension 'ignore_ament_install'
[0.335s] Level 1:colcon.colcon_core.package_identification:_identify(results/results_exploration/sup_no_backward/robots_10/run_20260715_173532/collision_depth_frames/bump_0002_robot_3_robot_8) by extensions ['colcon_pkg']
[0.335s] Level 1:colcon.colcon_core.package_identification:_identify(results/results_exploration/sup_no_backward/robots_10/run_20260715_173532/collision_depth_frames/bump_0002_robot_3_robot_8) by extension 'colcon_pkg'
[0.335s] Level 1:colcon.colcon_core.package_identification:_identify(results/results_exploration/sup_no_backward/robots_10/run_20260715_173532/collision_depth_frames/bump_0002_robot_3_robot_8) by extensions ['colcon_meta']
[0.335s] Level 1:colcon.colcon_core.package_identification:_identify(results/results_exploration/sup_no_backward/robots_10/run_20260715_173532/collision_depth_frames/bump_0002_robot_3_robot_8) by extension 'colcon_meta'
[0.335s] Level 1:colcon.colcon_core.package_identification:_identify(results/results_exploration/sup_no_backward/robots_10/run_20260715_173532/collision_depth_frames/bump_0002_robot_3_robot_8) by extensions ['ros']
[0.335s] Level 1:colcon.colcon_core.package_identification:_identify(results/results_exploration/sup_no_backward/robots_10/run_20260715_173532/collision_depth_frames/bump_0002_robot_3_robot_8) by extension 'ros'
[0.335s] Level 1:colcon.colcon_core.package_identification:_identify(results/results_exploration/sup_no_backward/robots_10/run_20260715_173532/collision_depth_frames/bump_0002_robot_3_robot_8) by extensions ['cmake', 'meson', 'python']
[0.335s] Level 1:colcon.colcon_core.package_identification:_identify(results/results_exploration/sup_no_backward/robots_10/run_20260715_173532/collision_depth_frames/bump_0002_robot_3_robot_8) by extension 'cmake'
[0.335s] Level 1:colcon.colcon_core.package_identification:_identify(results/results_exploration/sup_no_backward/robots_10/run_20260715_173532/collision_depth_frames/bump_0002_robot_3_robot_8) by extension 'meson'
[0.335s] Level 1:colcon.colcon_core.package_identification:_identify(results/results_exploration/sup_no_backward/robots_10/run_20260715_173532/collision_depth_frames/bump_0002_robot_3_robot_8) by extension 'python'
[0.335s] Level 1:colcon.colcon_core.package_identification:_identify(results/results_exploration/sup_no_backward/robots_10/run_20260715_173532/collision_depth_frames/bump_0002_robot_3_robot_8) by extensions ['python_setup_py']
[0.335s] Level 1:colcon.colcon_core.package_identification:_identify(results/results_exploration/sup_no_backward/robots_10/run_20260715_173532/collision_depth_frames/bump_0002_robot_3_robot_8) by extension 'python_setup_py'
[0.335s] Level 1:colcon.colcon_core.package_identification:_identify(results/results_exploration/sup_no_backward/robots_10/run_20260715_173532/collision_depth_frames/bump_0002_robot_3_robot_8/robot_3) by extensions ['ignore', 'ignore_ament_install']
[0.335s] Level 1:colcon.colcon_core.package_identification:_identify(results/results_exploration/sup_no_backward/robots_10/run_20260715_173532/collision_depth_frames/bump_0002_robot_3_robot_8/robot_3) by extension 'ignore'
[0.335s] Level 1:colcon.colcon_core.package_identification:_identify(results/results_exploration/sup_no_backward/robots_10/run_20260715_173532/collision_depth_frames/bump_0002_robot_3_robot_8/robot_3) by extension 'ignore_ament_install'
[0.336s] Level 1:colcon.colcon_core.package_identification:_identify(results/results_exploration/sup_no_backward/robots_10/run_20260715_173532/collision_depth_frames/bump_0002_robot_3_robot_8/robot_3) by extensions ['colcon_pkg']
[0.336s] Level 1:colcon.colcon_core.package_identification:_identify(results/results_exploration/sup_no_backward/robots_10/run_20260715_173532/collision_depth_frames/bump_0002_robot_3_robot_8/robot_3) by extension 'colcon_pkg'
[0.336s] Level 1:colcon.colcon_core.package_identification:_identify(results/results_exploration/sup_no_backward/robots_10/run_20260715_173532/collision_depth_frames/bump_0002_robot_3_robot_8/robot_3) by extensions ['colcon_meta']
[0.336s] Level 1:colcon.colcon_core.package_identification:_identify(results/results_exploration/sup_no_backward/robots_10/run_20260715_173532/collision_depth_frames/bump_0002_robot_3_robot_8/robot_3) by extension 'colcon_meta'
[0.336s] Level 1:colcon.colcon_core.package_identification:_identify(results/results_exploration/sup_no_backward/robots_10/run_20260715_173532/collision_depth_frames/bump_0002_robot_3_robot_8/robot_3) by extensions ['ros']
[0.336s] Level 1:colcon.colcon_core.package_identification:_identify(results/results_exploration/sup_no_backward/robots_10/run_20260715_173532/collision_depth_frames/bump_0002_robot_3_robot_8/robot_3) by extension 'ros'
[0.336s] Level 1:colcon.colcon_core.package_identification:_identify(results/results_exploration/sup_no_backward/robots_10/run_20260715_173532/collision_depth_frames/bump_0002_robot_3_robot_8/robot_3) by extensions ['cmake', 'meson', 'python']
[0.336s] Level 1:colcon.colcon_core.package_identification:_identify(results/results_exploration/sup_no_backward/robots_10/run_20260715_173532/collision_depth_frames/bump_0002_robot_3_robot_8/robot_3) by extension 'cmake'
[0.336s] Level 1:colcon.colcon_core.package_identification:_identify(results/results_exploration/sup_no_backward/robots_10/run_20260715_173532/collision_depth_frames/bump_0002_robot_3_robot_8/robot_3) by extension 'meson'
[0.336s] Level 1:colcon.colcon_core.package_identification:_identify(results/results_exploration/sup_no_backward/robots_10/run_20260715_173532/collision_depth_frames/bump_0002_robot_3_robot_8/robot_3) by extension 'python'
[0.336s] Level 1:colcon.colcon_core.package_identification:_identify(results/results_exploration/sup_no_backward/robots_10/run_20260715_173532/collision_depth_frames/bump_0002_robot_3_robot_8/robot_3) by extensions ['python_setup_py']
[0.336s] Level 1:colcon.colcon_core.package_identification:_identify(results/results_exploration/sup_no_backward/robots_10/run_20260715_173532/collision_depth_frames/bump_0002_robot_3_robot_8/robot_3) by extension 'python_setup_py'
[0.336s] Level 1:colcon.colcon_core.package_identification:_identify(results/results_exploration/sup_no_backward/robots_10/run_20260715_173532/collision_depth_frames/bump_0002_robot_3_robot_8/robot_8) by extensions ['ignore', 'ignore_ament_install']
[0.336s] Level 1:colcon.colcon_core.package_identification:_identify(results/results_exploration/sup_no_backward/robots_10/run_20260715_173532/collision_depth_frames/bump_0002_robot_3_robot_8/robot_8) by extension 'ignore'
[0.336s] Level 1:colcon.colcon_core.package_identification:_identify(results/results_exploration/sup_no_backward/robots_10/run_20260715_173532/collision_depth_frames/bump_0002_robot_3_robot_8/robot_8) by extension 'ignore_ament_install'
[0.336s] Level 1:colcon.colcon_core.package_identification:_identify(results/results_exploration/sup_no_backward/robots_10/run_20260715_173532/collision_depth_frames/bump_0002_robot_3_robot_8/robot_8) by extensions ['colcon_pkg']
[0.336s] Level 1:colcon.colcon_core.package_identification:_identify(results/results_exploration/sup_no_backward/robots_10/run_20260715_173532/collision_depth_frames/bump_0002_robot_3_robot_8/robot_8) by extension 'colcon_pkg'
[0.336s] Level 1:colcon.colcon_core.package_identification:_identify(results/results_exploration/sup_no_backward/robots_10/run_20260715_173532/collision_depth_frames/bump_0002_robot_3_robot_8/robot_8) by extensions ['colcon_meta']
[0.336s] Level 1:colcon.colcon_core.package_identification:_identify(results/results_exploration/sup_no_backward/robots_10/run_20260715_173532/collision_depth_frames/bump_0002_robot_3_robot_8/robot_8) by extension 'colcon_meta'
[0.337s] Level 1:colcon.colcon_core.package_identification:_identify(results/results_exploration/sup_no_backward/robots_10/run_20260715_173532/collision_depth_frames/bump_0002_robot_3_robot_8/robot_8) by extensions ['ros']
[0.337s] Level 1:colcon.colcon_core.package_identification:_identify(results/results_exploration/sup_no_backward/robots_10/run_20260715_173532/collision_depth_frames/bump_0002_robot_3_robot_8/robot_8) by extension 'ros'
[0.337s] Level 1:colcon.colcon_core.package_identification:_identify(results/results_exploration/sup_no_backward/robots_10/run_20260715_173532/collision_depth_frames/bump_0002_robot_3_robot_8/robot_8) by extensions ['cmake', 'meson', 'python']
[0.337s] Level 1:colcon.colcon_core.package_identification:_identify(results/results_exploration/sup_no_backward/robots_10/run_20260715_173532/collision_depth_frames/bump_0002_robot_3_robot_8/robot_8) by extension 'cmake'
[0.337s] Level 1:colcon.colcon_core.package_identification:_identify(results/results_exploration/sup_no_backward/robots_10/run_20260715_173532/collision_depth_frames/bump_0002_robot_3_robot_8/robot_8) by extension 'meson'
[0.337s] Level 1:colcon.colcon_core.package_identification:_identify(results/results_exploration/sup_no_backward/robots_10/run_20260715_173532/collision_depth_frames/bump_0002_robot_3_robot_8/robot_8) by extension 'python'
[0.337s] Level 1:colcon.colcon_core.package_identification:_identify(results/results_exploration/sup_no_backward/robots_10/run_20260715_173532/collision_depth_frames/bump_0002_robot_3_robot_8/robot_8) by extensions ['python_setup_py']
[0.337s] Level 1:colcon.colcon_core.package_identification:_identify(results/results_exploration/sup_no_backward/robots_10/run_20260715_173532/collision_depth_frames/bump_0002_robot_3_robot_8/robot_8) by extension 'python_setup_py'
[0.337s] Level 1:colcon.colcon_core.package_identification:_identify(results/results_patrolling) by extensions ['ignore', 'ignore_ament_install']
[0.337s] Level 1:colcon.colcon_core.package_identification:_identify(results/results_patrolling) by extension 'ignore'
[0.337s] Level 1:colcon.colcon_core.package_identification:_identify(results/results_patrolling) by extension 'ignore_ament_install'
[0.337s] Level 1:colcon.colcon_core.package_identification:_identify(results/results_patrolling) by extensions ['colcon_pkg']
[0.337s] Level 1:colcon.colcon_core.package_identification:_identify(results/results_patrolling) by extension 'colcon_pkg'
[0.337s] Level 1:colcon.colcon_core.package_identification:_identify(results/results_patrolling) by extensions ['colcon_meta']
[0.337s] Level 1:colcon.colcon_core.package_identification:_identify(results/results_patrolling) by extension 'colcon_meta'
[0.337s] Level 1:colcon.colcon_core.package_identification:_identify(results/results_patrolling) by extensions ['ros']
[0.337s] Level 1:colcon.colcon_core.package_identification:_identify(results/results_patrolling) by extension 'ros'
[0.337s] Level 1:colcon.colcon_core.package_identification:_identify(results/results_patrolling) by extensions ['cmake', 'meson', 'python']
[0.337s] Level 1:colcon.colcon_core.package_identification:_identify(results/results_patrolling) by extension 'cmake'
[0.337s] Level 1:colcon.colcon_core.package_identification:_identify(results/results_patrolling) by extension 'meson'
[0.338s] Level 1:colcon.colcon_core.package_identification:_identify(results/results_patrolling) by extension 'python'
[0.338s] Level 1:colcon.colcon_core.package_identification:_identify(results/results_patrolling) by extensions ['python_setup_py']
[0.338s] Level 1:colcon.colcon_core.package_identification:_identify(results/results_patrolling) by extension 'python_setup_py'
[0.338s] Level 1:colcon.colcon_core.package_identification:_identify(results/results_patrolling/sup_patrolling) by extensions ['ignore', 'ignore_ament_install']
[0.338s] Level 1:colcon.colcon_core.package_identification:_identify(results/results_patrolling/sup_patrolling) by extension 'ignore'
[0.338s] Level 1:colcon.colcon_core.package_identification:_identify(results/results_patrolling/sup_patrolling) by extension 'ignore_ament_install'
[0.338s] Level 1:colcon.colcon_core.package_identification:_identify(results/results_patrolling/sup_patrolling) by extensions ['colcon_pkg']
[0.338s] Level 1:colcon.colcon_core.package_identification:_identify(results/results_patrolling/sup_patrolling) by extension 'colcon_pkg'
[0.338s] Level 1:colcon.colcon_core.package_identification:_identify(results/results_patrolling/sup_patrolling) by extensions ['colcon_meta']
[0.338s] Level 1:colcon.colcon_core.package_identification:_identify(results/results_patrolling/sup_patrolling) by extension 'colcon_meta'
[0.338s] Level 1:colcon.colcon_core.package_identification:_identify(results/results_patrolling/sup_patrolling) by extensions ['ros']
[0.338s] Level 1:colcon.colcon_core.package_identification:_identify(results/results_patrolling/sup_patrolling) by extension 'ros'
[0.338s] Level 1:colcon.colcon_core.package_identification:_identify(results/results_patrolling/sup_patrolling) by extensions ['cmake', 'meson', 'python']
[0.338s] Level 1:colcon.colcon_core.package_identification:_identify(results/results_patrolling/sup_patrolling) by extension 'cmake'
[0.338s] Level 1:colcon.colcon_core.package_identification:_identify(results/results_patrolling/sup_patrolling) by extension 'meson'
[0.339s] Level 1:colcon.colcon_core.package_identification:_identify(results/results_patrolling/sup_patrolling) by extension 'python'
[0.339s] Level 1:colcon.colcon_core.package_identification:_identify(results/results_patrolling/sup_patrolling) by extensions ['python_setup_py']
[0.339s] Level 1:colcon.colcon_core.package_identification:_identify(results/results_patrolling/sup_patrolling) by extension 'python_setup_py'
[0.339s] Level 1:colcon.colcon_core.package_identification:_identify(results/results_patrolling/sup_patrolling/robots_1) by extensions ['ignore', 'ignore_ament_install']
[0.339s] Level 1:colcon.colcon_core.package_identification:_identify(results/results_patrolling/sup_patrolling/robots_1) by extension 'ignore'
[0.339s] Level 1:colcon.colcon_core.package_identification:_identify(results/results_patrolling/sup_patrolling/robots_1) by extension 'ignore_ament_install'
[0.339s] Level 1:colcon.colcon_core.package_identification:_identify(results/results_patrolling/sup_patrolling/robots_1) by extensions ['colcon_pkg']
[0.339s] Level 1:colcon.colcon_core.package_identification:_identify(results/results_patrolling/sup_patrolling/robots_1) by extension 'colcon_pkg'
[0.339s] Level 1:colcon.colcon_core.package_identification:_identify(results/results_patrolling/sup_patrolling/robots_1) by extensions ['colcon_meta']
[0.339s] Level 1:colcon.colcon_core.package_identification:_identify(results/results_patrolling/sup_patrolling/robots_1) by extension 'colcon_meta'
[0.339s] Level 1:colcon.colcon_core.package_identification:_identify(results/results_patrolling/sup_patrolling/robots_1) by extensions ['ros']
[0.339s] Level 1:colcon.colcon_core.package_identification:_identify(results/results_patrolling/sup_patrolling/robots_1) by extension 'ros'
[0.339s] Level 1:colcon.colcon_core.package_identification:_identify(results/results_patrolling/sup_patrolling/robots_1) by extensions ['cmake', 'meson', 'python']
[0.339s] Level 1:colcon.colcon_core.package_identification:_identify(results/results_patrolling/sup_patrolling/robots_1) by extension 'cmake'
[0.339s] Level 1:colcon.colcon_core.package_identification:_identify(results/results_patrolling/sup_patrolling/robots_1) by extension 'meson'
[0.340s] Level 1:colcon.colcon_core.package_identification:_identify(results/results_patrolling/sup_patrolling/robots_1) by extension 'python'
[0.340s] Level 1:colcon.colcon_core.package_identification:_identify(results/results_patrolling/sup_patrolling/robots_1) by extensions ['python_setup_py']
[0.340s] Level 1:colcon.colcon_core.package_identification:_identify(results/results_patrolling/sup_patrolling/robots_1) by extension 'python_setup_py'
[0.340s] Level 1:colcon.colcon_core.package_identification:_identify(results/results_patrolling/sup_patrolling/robots_1/run_20260716_113325) by extensions ['ignore', 'ignore_ament_install']
[0.340s] Level 1:colcon.colcon_core.package_identification:_identify(results/results_patrolling/sup_patrolling/robots_1/run_20260716_113325) by extension 'ignore'
[0.340s] Level 1:colcon.colcon_core.package_identification:_identify(results/results_patrolling/sup_patrolling/robots_1/run_20260716_113325) by extension 'ignore_ament_install'
[0.340s] Level 1:colcon.colcon_core.package_identification:_identify(results/results_patrolling/sup_patrolling/robots_1/run_20260716_113325) by extensions ['colcon_pkg']
[0.340s] Level 1:colcon.colcon_core.package_identification:_identify(results/results_patrolling/sup_patrolling/robots_1/run_20260716_113325) by extension 'colcon_pkg'
[0.340s] Level 1:colcon.colcon_core.package_identification:_identify(results/results_patrolling/sup_patrolling/robots_1/run_20260716_113325) by extensions ['colcon_meta']
[0.340s] Level 1:colcon.colcon_core.package_identification:_identify(results/results_patrolling/sup_patrolling/robots_1/run_20260716_113325) by extension 'colcon_meta'
[0.340s] Level 1:colcon.colcon_core.package_identification:_identify(results/results_patrolling/sup_patrolling/robots_1/run_20260716_113325) by extensions ['ros']
[0.340s] Level 1:colcon.colcon_core.package_identification:_identify(results/results_patrolling/sup_patrolling/robots_1/run_20260716_113325) by extension 'ros'
[0.340s] Level 1:colcon.colcon_core.package_identification:_identify(results/results_patrolling/sup_patrolling/robots_1/run_20260716_113325) by extensions ['cmake', 'meson', 'python']
[0.340s] Level 1:colcon.colcon_core.package_identification:_identify(results/results_patrolling/sup_patrolling/robots_1/run_20260716_113325) by extension 'cmake'
[0.340s] Level 1:colcon.colcon_core.package_identification:_identify(results/results_patrolling/sup_patrolling/robots_1/run_20260716_113325) by extension 'meson'
[0.341s] Level 1:colcon.colcon_core.package_identification:_identify(results/results_patrolling/sup_patrolling/robots_1/run_20260716_113325) by extension 'python'
[0.341s] Level 1:colcon.colcon_core.package_identification:_identify(results/results_patrolling/sup_patrolling/robots_1/run_20260716_113325) by extensions ['python_setup_py']
[0.341s] Level 1:colcon.colcon_core.package_identification:_identify(results/results_patrolling/sup_patrolling/robots_1/run_20260716_113325) by extension 'python_setup_py'
[0.341s] Level 1:colcon.colcon_core.package_identification:_identify(results/results_patrolling/sup_patrolling/robots_1/run_20260716_113325/collision_depth_frames) by extensions ['ignore', 'ignore_ament_install']
[0.341s] Level 1:colcon.colcon_core.package_identification:_identify(results/results_patrolling/sup_patrolling/robots_1/run_20260716_113325/collision_depth_frames) by extension 'ignore'
[0.341s] Level 1:colcon.colcon_core.package_identification:_identify(results/results_patrolling/sup_patrolling/robots_1/run_20260716_113325/collision_depth_frames) by extension 'ignore_ament_install'
[0.341s] Level 1:colcon.colcon_core.package_identification:_identify(results/results_patrolling/sup_patrolling/robots_1/run_20260716_113325/collision_depth_frames) by extensions ['colcon_pkg']
[0.341s] Level 1:colcon.colcon_core.package_identification:_identify(results/results_patrolling/sup_patrolling/robots_1/run_20260716_113325/collision_depth_frames) by extension 'colcon_pkg'
[0.341s] Level 1:colcon.colcon_core.package_identification:_identify(results/results_patrolling/sup_patrolling/robots_1/run_20260716_113325/collision_depth_frames) by extensions ['colcon_meta']
[0.341s] Level 1:colcon.colcon_core.package_identification:_identify(results/results_patrolling/sup_patrolling/robots_1/run_20260716_113325/collision_depth_frames) by extension 'colcon_meta'
[0.341s] Level 1:colcon.colcon_core.package_identification:_identify(results/results_patrolling/sup_patrolling/robots_1/run_20260716_113325/collision_depth_frames) by extensions ['ros']
[0.341s] Level 1:colcon.colcon_core.package_identification:_identify(results/results_patrolling/sup_patrolling/robots_1/run_20260716_113325/collision_depth_frames) by extension 'ros'
[0.341s] Level 1:colcon.colcon_core.package_identification:_identify(results/results_patrolling/sup_patrolling/robots_1/run_20260716_113325/collision_depth_frames) by extensions ['cmake', 'meson', 'python']
[0.341s] Level 1:colcon.colcon_core.package_identification:_identify(results/results_patrolling/sup_patrolling/robots_1/run_20260716_113325/collision_depth_frames) by extension 'cmake'
[0.341s] Level 1:colcon.colcon_core.package_identification:_identify(results/results_patrolling/sup_patrolling/robots_1/run_20260716_113325/collision_depth_frames) by extension 'meson'
[0.342s] Level 1:colcon.colcon_core.package_identification:_identify(results/results_patrolling/sup_patrolling/robots_1/run_20260716_113325/collision_depth_frames) by extension 'python'
[0.342s] Level 1:colcon.colcon_core.package_identification:_identify(results/results_patrolling/sup_patrolling/robots_1/run_20260716_113325/collision_depth_frames) by extensions ['python_setup_py']
[0.342s] Level 1:colcon.colcon_core.package_identification:_identify(results/results_patrolling/sup_patrolling/robots_1/run_20260716_113325/collision_depth_frames) by extension 'python_setup_py'
[0.342s] Level 1:colcon.colcon_core.package_identification:_identify(results/results_patrolling/sup_patrolling/robots_1/run_20260716_113831) by extensions ['ignore', 'ignore_ament_install']
[0.342s] Level 1:colcon.colcon_core.package_identification:_identify(results/results_patrolling/sup_patrolling/robots_1/run_20260716_113831) by extension 'ignore'
[0.342s] Level 1:colcon.colcon_core.package_identification:_identify(results/results_patrolling/sup_patrolling/robots_1/run_20260716_113831) by extension 'ignore_ament_install'
[0.342s] Level 1:colcon.colcon_core.package_identification:_identify(results/results_patrolling/sup_patrolling/robots_1/run_20260716_113831) by extensions ['colcon_pkg']
[0.342s] Level 1:colcon.colcon_core.package_identification:_identify(results/results_patrolling/sup_patrolling/robots_1/run_20260716_113831) by extension 'colcon_pkg'
[0.342s] Level 1:colcon.colcon_core.package_identification:_identify(results/results_patrolling/sup_patrolling/robots_1/run_20260716_113831) by extensions ['colcon_meta']
[0.342s] Level 1:colcon.colcon_core.package_identification:_identify(results/results_patrolling/sup_patrolling/robots_1/run_20260716_113831) by extension 'colcon_meta'
[0.342s] Level 1:colcon.colcon_core.package_identification:_identify(results/results_patrolling/sup_patrolling/robots_1/run_20260716_113831) by extensions ['ros']
[0.342s] Level 1:colcon.colcon_core.package_identification:_identify(results/results_patrolling/sup_patrolling/robots_1/run_20260716_113831) by extension 'ros'
[0.342s] Level 1:colcon.colcon_core.package_identification:_identify(results/results_patrolling/sup_patrolling/robots_1/run_20260716_113831) by extensions ['cmake', 'meson', 'python']
[0.342s] Level 1:colcon.colcon_core.package_identification:_identify(results/results_patrolling/sup_patrolling/robots_1/run_20260716_113831) by extension 'cmake'
[0.342s] Level 1:colcon.colcon_core.package_identification:_identify(results/results_patrolling/sup_patrolling/robots_1/run_20260716_113831) by extension 'meson'
[0.343s] Level 1:colcon.colcon_core.package_identification:_identify(results/results_patrolling/sup_patrolling/robots_1/run_20260716_113831) by extension 'python'
[0.343s] Level 1:colcon.colcon_core.package_identification:_identify(results/results_patrolling/sup_patrolling/robots_1/run_20260716_113831) by extensions ['python_setup_py']
[0.343s] Level 1:colcon.colcon_core.package_identification:_identify(results/results_patrolling/sup_patrolling/robots_1/run_20260716_113831) by extension 'python_setup_py'
[0.343s] Level 1:colcon.colcon_core.package_identification:_identify(results/results_patrolling/sup_patrolling/robots_1/run_20260716_113831/collision_depth_frames) by extensions ['ignore', 'ignore_ament_install']
[0.343s] Level 1:colcon.colcon_core.package_identification:_identify(results/results_patrolling/sup_patrolling/robots_1/run_20260716_113831/collision_depth_frames) by extension 'ignore'
[0.343s] Level 1:colcon.colcon_core.package_identification:_identify(results/results_patrolling/sup_patrolling/robots_1/run_20260716_113831/collision_depth_frames) by extension 'ignore_ament_install'
[0.343s] Level 1:colcon.colcon_core.package_identification:_identify(results/results_patrolling/sup_patrolling/robots_1/run_20260716_113831/collision_depth_frames) by extensions ['colcon_pkg']
[0.343s] Level 1:colcon.colcon_core.package_identification:_identify(results/results_patrolling/sup_patrolling/robots_1/run_20260716_113831/collision_depth_frames) by extension 'colcon_pkg'
[0.343s] Level 1:colcon.colcon_core.package_identification:_identify(results/results_patrolling/sup_patrolling/robots_1/run_20260716_113831/collision_depth_frames) by extensions ['colcon_meta']
[0.343s] Level 1:colcon.colcon_core.package_identification:_identify(results/results_patrolling/sup_patrolling/robots_1/run_20260716_113831/collision_depth_frames) by extension 'colcon_meta'
[0.343s] Level 1:colcon.colcon_core.package_identification:_identify(results/results_patrolling/sup_patrolling/robots_1/run_20260716_113831/collision_depth_frames) by extensions ['ros']
[0.343s] Level 1:colcon.colcon_core.package_identification:_identify(results/results_patrolling/sup_patrolling/robots_1/run_20260716_113831/collision_depth_frames) by extension 'ros'
[0.343s] Level 1:colcon.colcon_core.package_identification:_identify(results/results_patrolling/sup_patrolling/robots_1/run_20260716_113831/collision_depth_frames) by extensions ['cmake', 'meson', 'python']
[0.343s] Level 1:colcon.colcon_core.package_identification:_identify(results/results_patrolling/sup_patrolling/robots_1/run_20260716_113831/collision_depth_frames) by extension 'cmake'
[0.343s] Level 1:colcon.colcon_core.package_identification:_identify(results/results_patrolling/sup_patrolling/robots_1/run_20260716_113831/collision_depth_frames) by extension 'meson'
[0.344s] Level 1:colcon.colcon_core.package_identification:_identify(results/results_patrolling/sup_patrolling/robots_1/run_20260716_113831/collision_depth_frames) by extension 'python'
[0.344s] Level 1:colcon.colcon_core.package_identification:_identify(results/results_patrolling/sup_patrolling/robots_1/run_20260716_113831/collision_depth_frames) by extensions ['python_setup_py']
[0.344s] Level 1:colcon.colcon_core.package_identification:_identify(results/results_patrolling/sup_patrolling/robots_1/run_20260716_113831/collision_depth_frames) by extension 'python_setup_py'
[0.344s] Level 1:colcon.colcon_core.package_identification:_identify(results/results_patrolling/sup_patrolling/robots_1/run_20260716_114120) by extensions ['ignore', 'ignore_ament_install']
[0.344s] Level 1:colcon.colcon_core.package_identification:_identify(results/results_patrolling/sup_patrolling/robots_1/run_20260716_114120) by extension 'ignore'
[0.344s] Level 1:colcon.colcon_core.package_identification:_identify(results/results_patrolling/sup_patrolling/robots_1/run_20260716_114120) by extension 'ignore_ament_install'
[0.344s] Level 1:colcon.colcon_core.package_identification:_identify(results/results_patrolling/sup_patrolling/robots_1/run_20260716_114120) by extensions ['colcon_pkg']
[0.344s] Level 1:colcon.colcon_core.package_identification:_identify(results/results_patrolling/sup_patrolling/robots_1/run_20260716_114120) by extension 'colcon_pkg'
[0.344s] Level 1:colcon.colcon_core.package_identification:_identify(results/results_patrolling/sup_patrolling/robots_1/run_20260716_114120) by extensions ['colcon_meta']
[0.344s] Level 1:colcon.colcon_core.package_identification:_identify(results/results_patrolling/sup_patrolling/robots_1/run_20260716_114120) by extension 'colcon_meta'
[0.344s] Level 1:colcon.colcon_core.package_identification:_identify(results/results_patrolling/sup_patrolling/robots_1/run_20260716_114120) by extensions ['ros']
[0.344s] Level 1:colcon.colcon_core.package_identification:_identify(results/results_patrolling/sup_patrolling/robots_1/run_20260716_114120) by extension 'ros'
[0.344s] Level 1:colcon.colcon_core.package_identification:_identify(results/results_patrolling/sup_patrolling/robots_1/run_20260716_114120) by extensions ['cmake', 'meson', 'python']
[0.344s] Level 1:colcon.colcon_core.package_identification:_identify(results/results_patrolling/sup_patrolling/robots_1/run_20260716_114120) by extension 'cmake'
[0.344s] Level 1:colcon.colcon_core.package_identification:_identify(results/results_patrolling/sup_patrolling/robots_1/run_20260716_114120) by extension 'meson'
[0.345s] Level 1:colcon.colcon_core.package_identification:_identify(results/results_patrolling/sup_patrolling/robots_1/run_20260716_114120) by extension 'python'
[0.345s] Level 1:colcon.colcon_core.package_identification:_identify(results/results_patrolling/sup_patrolling/robots_1/run_20260716_114120) by extensions ['python_setup_py']
[0.345s] Level 1:colcon.colcon_core.package_identification:_identify(results/results_patrolling/sup_patrolling/robots_1/run_20260716_114120) by extension 'python_setup_py'
[0.345s] Level 1:colcon.colcon_core.package_identification:_identify(results/results_patrolling/sup_patrolling/robots_1/run_20260716_114120/collision_depth_frames) by extensions ['ignore', 'ignore_ament_install']
[0.345s] Level 1:colcon.colcon_core.package_identification:_identify(results/results_patrolling/sup_patrolling/robots_1/run_20260716_114120/collision_depth_frames) by extension 'ignore'
[0.345s] Level 1:colcon.colcon_core.package_identification:_identify(results/results_patrolling/sup_patrolling/robots_1/run_20260716_114120/collision_depth_frames) by extension 'ignore_ament_install'
[0.345s] Level 1:colcon.colcon_core.package_identification:_identify(results/results_patrolling/sup_patrolling/robots_1/run_20260716_114120/collision_depth_frames) by extensions ['colcon_pkg']
[0.345s] Level 1:colcon.colcon_core.package_identification:_identify(results/results_patrolling/sup_patrolling/robots_1/run_20260716_114120/collision_depth_frames) by extension 'colcon_pkg'
[0.345s] Level 1:colcon.colcon_core.package_identification:_identify(results/results_patrolling/sup_patrolling/robots_1/run_20260716_114120/collision_depth_frames) by extensions ['colcon_meta']
[0.345s] Level 1:colcon.colcon_core.package_identification:_identify(results/results_patrolling/sup_patrolling/robots_1/run_20260716_114120/collision_depth_frames) by extension 'colcon_meta'
[0.345s] Level 1:colcon.colcon_core.package_identification:_identify(results/results_patrolling/sup_patrolling/robots_1/run_20260716_114120/collision_depth_frames) by extensions ['ros']
[0.345s] Level 1:colcon.colcon_core.package_identification:_identify(results/results_patrolling/sup_patrolling/robots_1/run_20260716_114120/collision_depth_frames) by extension 'ros'
[0.345s] Level 1:colcon.colcon_core.package_identification:_identify(results/results_patrolling/sup_patrolling/robots_1/run_20260716_114120/collision_depth_frames) by extensions ['cmake', 'meson', 'python']
[0.345s] Level 1:colcon.colcon_core.package_identification:_identify(results/results_patrolling/sup_patrolling/robots_1/run_20260716_114120/collision_depth_frames) by extension 'cmake'
[0.345s] Level 1:colcon.colcon_core.package_identification:_identify(results/results_patrolling/sup_patrolling/robots_1/run_20260716_114120/collision_depth_frames) by extension 'meson'
[0.345s] Level 1:colcon.colcon_core.package_identification:_identify(results/results_patrolling/sup_patrolling/robots_1/run_20260716_114120/collision_depth_frames) by extension 'python'
[0.346s] Level 1:colcon.colcon_core.package_identification:_identify(results/results_patrolling/sup_patrolling/robots_1/run_20260716_114120/collision_depth_frames) by extensions ['python_setup_py']
[0.346s] Level 1:colcon.colcon_core.package_identification:_identify(results/results_patrolling/sup_patrolling/robots_1/run_20260716_114120/collision_depth_frames) by extension 'python_setup_py'
[0.346s] Level 1:colcon.colcon_core.package_identification:_identify(results/results_patrolling/sup_patrolling/robots_1/run_20260716_115730) by extensions ['ignore', 'ignore_ament_install']
[0.346s] Level 1:colcon.colcon_core.package_identification:_identify(results/results_patrolling/sup_patrolling/robots_1/run_20260716_115730) by extension 'ignore'
[0.346s] Level 1:colcon.colcon_core.package_identification:_identify(results/results_patrolling/sup_patrolling/robots_1/run_20260716_115730) by extension 'ignore_ament_install'
[0.346s] Level 1:colcon.colcon_core.package_identification:_identify(results/results_patrolling/sup_patrolling/robots_1/run_20260716_115730) by extensions ['colcon_pkg']
[0.346s] Level 1:colcon.colcon_core.package_identification:_identify(results/results_patrolling/sup_patrolling/robots_1/run_20260716_115730) by extension 'colcon_pkg'
[0.346s] Level 1:colcon.colcon_core.package_identification:_identify(results/results_patrolling/sup_patrolling/robots_1/run_20260716_115730) by extensions ['colcon_meta']
[0.346s] Level 1:colcon.colcon_core.package_identification:_identify(results/results_patrolling/sup_patrolling/robots_1/run_20260716_115730) by extension 'colcon_meta'
[0.346s] Level 1:colcon.colcon_core.package_identification:_identify(results/results_patrolling/sup_patrolling/robots_1/run_20260716_115730) by extensions ['ros']
[0.346s] Level 1:colcon.colcon_core.package_identification:_identify(results/results_patrolling/sup_patrolling/robots_1/run_20260716_115730) by extension 'ros'
[0.346s] Level 1:colcon.colcon_core.package_identification:_identify(results/results_patrolling/sup_patrolling/robots_1/run_20260716_115730) by extensions ['cmake', 'meson', 'python']
[0.346s] Level 1:colcon.colcon_core.package_identification:_identify(results/results_patrolling/sup_patrolling/robots_1/run_20260716_115730) by extension 'cmake'
[0.346s] Level 1:colcon.colcon_core.package_identification:_identify(results/results_patrolling/sup_patrolling/robots_1/run_20260716_115730) by extension 'meson'
[0.346s] Level 1:colcon.colcon_core.package_identification:_identify(results/results_patrolling/sup_patrolling/robots_1/run_20260716_115730) by extension 'python'
[0.346s] Level 1:colcon.colcon_core.package_identification:_identify(results/results_patrolling/sup_patrolling/robots_1/run_20260716_115730) by extensions ['python_setup_py']
[0.346s] Level 1:colcon.colcon_core.package_identification:_identify(results/results_patrolling/sup_patrolling/robots_1/run_20260716_115730) by extension 'python_setup_py'
[0.347s] Level 1:colcon.colcon_core.package_identification:_identify(results/results_patrolling/sup_patrolling/robots_1/run_20260716_115730/collision_depth_frames) by extensions ['ignore', 'ignore_ament_install']
[0.347s] Level 1:colcon.colcon_core.package_identification:_identify(results/results_patrolling/sup_patrolling/robots_1/run_20260716_115730/collision_depth_frames) by extension 'ignore'
[0.347s] Level 1:colcon.colcon_core.package_identification:_identify(results/results_patrolling/sup_patrolling/robots_1/run_20260716_115730/collision_depth_frames) by extension 'ignore_ament_install'
[0.347s] Level 1:colcon.colcon_core.package_identification:_identify(results/results_patrolling/sup_patrolling/robots_1/run_20260716_115730/collision_depth_frames) by extensions ['colcon_pkg']
[0.347s] Level 1:colcon.colcon_core.package_identification:_identify(results/results_patrolling/sup_patrolling/robots_1/run_20260716_115730/collision_depth_frames) by extension 'colcon_pkg'
[0.347s] Level 1:colcon.colcon_core.package_identification:_identify(results/results_patrolling/sup_patrolling/robots_1/run_20260716_115730/collision_depth_frames) by extensions ['colcon_meta']
[0.347s] Level 1:colcon.colcon_core.package_identification:_identify(results/results_patrolling/sup_patrolling/robots_1/run_20260716_115730/collision_depth_frames) by extension 'colcon_meta'
[0.347s] Level 1:colcon.colcon_core.package_identification:_identify(results/results_patrolling/sup_patrolling/robots_1/run_20260716_115730/collision_depth_frames) by extensions ['ros']
[0.347s] Level 1:colcon.colcon_core.package_identification:_identify(results/results_patrolling/sup_patrolling/robots_1/run_20260716_115730/collision_depth_frames) by extension 'ros'
[0.347s] Level 1:colcon.colcon_core.package_identification:_identify(results/results_patrolling/sup_patrolling/robots_1/run_20260716_115730/collision_depth_frames) by extensions ['cmake', 'meson', 'python']
[0.347s] Level 1:colcon.colcon_core.package_identification:_identify(results/results_patrolling/sup_patrolling/robots_1/run_20260716_115730/collision_depth_frames) by extension 'cmake'
[0.347s] Level 1:colcon.colcon_core.package_identification:_identify(results/results_patrolling/sup_patrolling/robots_1/run_20260716_115730/collision_depth_frames) by extension 'meson'
[0.347s] Level 1:colcon.colcon_core.package_identification:_identify(results/results_patrolling/sup_patrolling/robots_1/run_20260716_115730/collision_depth_frames) by extension 'python'
[0.347s] Level 1:colcon.colcon_core.package_identification:_identify(results/results_patrolling/sup_patrolling/robots_1/run_20260716_115730/collision_depth_frames) by extensions ['python_setup_py']
[0.347s] Level 1:colcon.colcon_core.package_identification:_identify(results/results_patrolling/sup_patrolling/robots_1/run_20260716_115730/collision_depth_frames) by extension 'python_setup_py'
[0.347s] Level 1:colcon.colcon_core.package_identification:_identify(results/results_patrolling/sup_patrolling/robots_1/run_20260716_120054) by extensions ['ignore', 'ignore_ament_install']
[0.347s] Level 1:colcon.colcon_core.package_identification:_identify(results/results_patrolling/sup_patrolling/robots_1/run_20260716_120054) by extension 'ignore'
[0.348s] Level 1:colcon.colcon_core.package_identification:_identify(results/results_patrolling/sup_patrolling/robots_1/run_20260716_120054) by extension 'ignore_ament_install'
[0.348s] Level 1:colcon.colcon_core.package_identification:_identify(results/results_patrolling/sup_patrolling/robots_1/run_20260716_120054) by extensions ['colcon_pkg']
[0.348s] Level 1:colcon.colcon_core.package_identification:_identify(results/results_patrolling/sup_patrolling/robots_1/run_20260716_120054) by extension 'colcon_pkg'
[0.348s] Level 1:colcon.colcon_core.package_identification:_identify(results/results_patrolling/sup_patrolling/robots_1/run_20260716_120054) by extensions ['colcon_meta']
[0.348s] Level 1:colcon.colcon_core.package_identification:_identify(results/results_patrolling/sup_patrolling/robots_1/run_20260716_120054) by extension 'colcon_meta'
[0.348s] Level 1:colcon.colcon_core.package_identification:_identify(results/results_patrolling/sup_patrolling/robots_1/run_20260716_120054) by extensions ['ros']
[0.348s] Level 1:colcon.colcon_core.package_identification:_identify(results/results_patrolling/sup_patrolling/robots_1/run_20260716_120054) by extension 'ros'
[0.348s] Level 1:colcon.colcon_core.package_identification:_identify(results/results_patrolling/sup_patrolling/robots_1/run_20260716_120054) by extensions ['cmake', 'meson', 'python']
[0.348s] Level 1:colcon.colcon_core.package_identification:_identify(results/results_patrolling/sup_patrolling/robots_1/run_20260716_120054) by extension 'cmake'
[0.348s] Level 1:colcon.colcon_core.package_identification:_identify(results/results_patrolling/sup_patrolling/robots_1/run_20260716_120054) by extension 'meson'
[0.349s] Level 1:colcon.colcon_core.package_identification:_identify(results/results_patrolling/sup_patrolling/robots_1/run_20260716_120054) by extension 'python'
[0.349s] Level 1:colcon.colcon_core.package_identification:_identify(results/results_patrolling/sup_patrolling/robots_1/run_20260716_120054) by extensions ['python_setup_py']
[0.349s] Level 1:colcon.colcon_core.package_identification:_identify(results/results_patrolling/sup_patrolling/robots_1/run_20260716_120054) by extension 'python_setup_py'
[0.349s] Level 1:colcon.colcon_core.package_identification:_identify(results/results_patrolling/sup_patrolling/robots_1/run_20260716_120054/collision_depth_frames) by extensions ['ignore', 'ignore_ament_install']
[0.349s] Level 1:colcon.colcon_core.package_identification:_identify(results/results_patrolling/sup_patrolling/robots_1/run_20260716_120054/collision_depth_frames) by extension 'ignore'
[0.349s] Level 1:colcon.colcon_core.package_identification:_identify(results/results_patrolling/sup_patrolling/robots_1/run_20260716_120054/collision_depth_frames) by extension 'ignore_ament_install'
[0.349s] Level 1:colcon.colcon_core.package_identification:_identify(results/results_patrolling/sup_patrolling/robots_1/run_20260716_120054/collision_depth_frames) by extensions ['colcon_pkg']
[0.349s] Level 1:colcon.colcon_core.package_identification:_identify(results/results_patrolling/sup_patrolling/robots_1/run_20260716_120054/collision_depth_frames) by extension 'colcon_pkg'
[0.349s] Level 1:colcon.colcon_core.package_identification:_identify(results/results_patrolling/sup_patrolling/robots_1/run_20260716_120054/collision_depth_frames) by extensions ['colcon_meta']
[0.349s] Level 1:colcon.colcon_core.package_identification:_identify(results/results_patrolling/sup_patrolling/robots_1/run_20260716_120054/collision_depth_frames) by extension 'colcon_meta'
[0.349s] Level 1:colcon.colcon_core.package_identification:_identify(results/results_patrolling/sup_patrolling/robots_1/run_20260716_120054/collision_depth_frames) by extensions ['ros']
[0.349s] Level 1:colcon.colcon_core.package_identification:_identify(results/results_patrolling/sup_patrolling/robots_1/run_20260716_120054/collision_depth_frames) by extension 'ros'
[0.349s] Level 1:colcon.colcon_core.package_identification:_identify(results/results_patrolling/sup_patrolling/robots_1/run_20260716_120054/collision_depth_frames) by extensions ['cmake', 'meson', 'python']
[0.349s] Level 1:colcon.colcon_core.package_identification:_identify(results/results_patrolling/sup_patrolling/robots_1/run_20260716_120054/collision_depth_frames) by extension 'cmake'
[0.349s] Level 1:colcon.colcon_core.package_identification:_identify(results/results_patrolling/sup_patrolling/robots_1/run_20260716_120054/collision_depth_frames) by extension 'meson'
[0.349s] Level 1:colcon.colcon_core.package_identification:_identify(results/results_patrolling/sup_patrolling/robots_1/run_20260716_120054/collision_depth_frames) by extension 'python'
[0.349s] Level 1:colcon.colcon_core.package_identification:_identify(results/results_patrolling/sup_patrolling/robots_1/run_20260716_120054/collision_depth_frames) by extensions ['python_setup_py']
[0.349s] Level 1:colcon.colcon_core.package_identification:_identify(results/results_patrolling/sup_patrolling/robots_1/run_20260716_120054/collision_depth_frames) by extension 'python_setup_py'
[0.350s] Level 1:colcon.colcon_core.package_identification:_identify(results/results_patrolling/sup_patrolling/robots_1/run_20260716_123848) by extensions ['ignore', 'ignore_ament_install']
[0.350s] Level 1:colcon.colcon_core.package_identification:_identify(results/results_patrolling/sup_patrolling/robots_1/run_20260716_123848) by extension 'ignore'
[0.350s] Level 1:colcon.colcon_core.package_identification:_identify(results/results_patrolling/sup_patrolling/robots_1/run_20260716_123848) by extension 'ignore_ament_install'
[0.350s] Level 1:colcon.colcon_core.package_identification:_identify(results/results_patrolling/sup_patrolling/robots_1/run_20260716_123848) by extensions ['colcon_pkg']
[0.350s] Level 1:colcon.colcon_core.package_identification:_identify(results/results_patrolling/sup_patrolling/robots_1/run_20260716_123848) by extension 'colcon_pkg'
[0.350s] Level 1:colcon.colcon_core.package_identification:_identify(results/results_patrolling/sup_patrolling/robots_1/run_20260716_123848) by extensions ['colcon_meta']
[0.350s] Level 1:colcon.colcon_core.package_identification:_identify(results/results_patrolling/sup_patrolling/robots_1/run_20260716_123848) by extension 'colcon_meta'
[0.350s] Level 1:colcon.colcon_core.package_identification:_identify(results/results_patrolling/sup_patrolling/robots_1/run_20260716_123848) by extensions ['ros']
[0.350s] Level 1:colcon.colcon_core.package_identification:_identify(results/results_patrolling/sup_patrolling/robots_1/run_20260716_123848) by extension 'ros'
[0.350s] Level 1:colcon.colcon_core.package_identification:_identify(results/results_patrolling/sup_patrolling/robots_1/run_20260716_123848) by extensions ['cmake', 'meson', 'python']
[0.350s] Level 1:colcon.colcon_core.package_identification:_identify(results/results_patrolling/sup_patrolling/robots_1/run_20260716_123848) by extension 'cmake'
[0.350s] Level 1:colcon.colcon_core.package_identification:_identify(results/results_patrolling/sup_patrolling/robots_1/run_20260716_123848) by extension 'meson'
[0.350s] Level 1:colcon.colcon_core.package_identification:_identify(results/results_patrolling/sup_patrolling/robots_1/run_20260716_123848) by extension 'python'
[0.350s] Level 1:colcon.colcon_core.package_identification:_identify(results/results_patrolling/sup_patrolling/robots_1/run_20260716_123848) by extensions ['python_setup_py']
[0.350s] Level 1:colcon.colcon_core.package_identification:_identify(results/results_patrolling/sup_patrolling/robots_1/run_20260716_123848) by extension 'python_setup_py'
[0.351s] Level 1:colcon.colcon_core.package_identification:_identify(results/results_patrolling/sup_patrolling/robots_1/run_20260716_123848/collision_depth_frames) by extensions ['ignore', 'ignore_ament_install']
[0.351s] Level 1:colcon.colcon_core.package_identification:_identify(results/results_patrolling/sup_patrolling/robots_1/run_20260716_123848/collision_depth_frames) by extension 'ignore'
[0.351s] Level 1:colcon.colcon_core.package_identification:_identify(results/results_patrolling/sup_patrolling/robots_1/run_20260716_123848/collision_depth_frames) by extension 'ignore_ament_install'
[0.351s] Level 1:colcon.colcon_core.package_identification:_identify(results/results_patrolling/sup_patrolling/robots_1/run_20260716_123848/collision_depth_frames) by extensions ['colcon_pkg']
[0.351s] Level 1:colcon.colcon_core.package_identification:_identify(results/results_patrolling/sup_patrolling/robots_1/run_20260716_123848/collision_depth_frames) by extension 'colcon_pkg'
[0.351s] Level 1:colcon.colcon_core.package_identification:_identify(results/results_patrolling/sup_patrolling/robots_1/run_20260716_123848/collision_depth_frames) by extensions ['colcon_meta']
[0.351s] Level 1:colcon.colcon_core.package_identification:_identify(results/results_patrolling/sup_patrolling/robots_1/run_20260716_123848/collision_depth_frames) by extension 'colcon_meta'
[0.351s] Level 1:colcon.colcon_core.package_identification:_identify(results/results_patrolling/sup_patrolling/robots_1/run_20260716_123848/collision_depth_frames) by extensions ['ros']
[0.351s] Level 1:colcon.colcon_core.package_identification:_identify(results/results_patrolling/sup_patrolling/robots_1/run_20260716_123848/collision_depth_frames) by extension 'ros'
[0.351s] Level 1:colcon.colcon_core.package_identification:_identify(results/results_patrolling/sup_patrolling/robots_1/run_20260716_123848/collision_depth_frames) by extensions ['cmake', 'meson', 'python']
[0.351s] Level 1:colcon.colcon_core.package_identification:_identify(results/results_patrolling/sup_patrolling/robots_1/run_20260716_123848/collision_depth_frames) by extension 'cmake'
[0.351s] Level 1:colcon.colcon_core.package_identification:_identify(results/results_patrolling/sup_patrolling/robots_1/run_20260716_123848/collision_depth_frames) by extension 'meson'
[0.351s] Level 1:colcon.colcon_core.package_identification:_identify(results/results_patrolling/sup_patrolling/robots_1/run_20260716_123848/collision_depth_frames) by extension 'python'
[0.351s] Level 1:colcon.colcon_core.package_identification:_identify(results/results_patrolling/sup_patrolling/robots_1/run_20260716_123848/collision_depth_frames) by extensions ['python_setup_py']
[0.351s] Level 1:colcon.colcon_core.package_identification:_identify(results/results_patrolling/sup_patrolling/robots_1/run_20260716_123848/collision_depth_frames) by extension 'python_setup_py'
[0.351s] Level 1:colcon.colcon_core.package_identification:_identify(worlds) by extensions ['ignore', 'ignore_ament_install']
[0.351s] Level 1:colcon.colcon_core.package_identification:_identify(worlds) by extension 'ignore'
[0.351s] Level 1:colcon.colcon_core.package_identification:_identify(worlds) by extension 'ignore_ament_install'
[0.352s] Level 1:colcon.colcon_core.package_identification:_identify(worlds) by extensions ['colcon_pkg']
[0.352s] Level 1:colcon.colcon_core.package_identification:_identify(worlds) by extension 'colcon_pkg'
[0.352s] Level 1:colcon.colcon_core.package_identification:_identify(worlds) by extensions ['colcon_meta']
[0.352s] Level 1:colcon.colcon_core.package_identification:_identify(worlds) by extension 'colcon_meta'
[0.352s] Level 1:colcon.colcon_core.package_identification:_identify(worlds) by extensions ['ros']
[0.352s] Level 1:colcon.colcon_core.package_identification:_identify(worlds) by extension 'ros'
[0.352s] Level 1:colcon.colcon_core.package_identification:_identify(worlds) by extensions ['cmake', 'meson', 'python']
[0.352s] Level 1:colcon.colcon_core.package_identification:_identify(worlds) by extension 'cmake'
[0.352s] Level 1:colcon.colcon_core.package_identification:_identify(worlds) by extension 'meson'
[0.352s] Level 1:colcon.colcon_core.package_identification:_identify(worlds) by extension 'python'
[0.352s] Level 1:colcon.colcon_core.package_identification:_identify(worlds) by extensions ['python_setup_py']
[0.352s] Level 1:colcon.colcon_core.package_identification:_identify(worlds) by extension 'python_setup_py'
[0.352s] Level 1:colcon.colcon_core.package_identification:_identify(worlds/__pycache__) by extensions ['ignore', 'ignore_ament_install']
[0.352s] Level 1:colcon.colcon_core.package_identification:_identify(worlds/__pycache__) by extension 'ignore'
[0.352s] Level 1:colcon.colcon_core.package_identification:_identify(worlds/__pycache__) by extension 'ignore_ament_install'
[0.352s] Level 1:colcon.colcon_core.package_identification:_identify(worlds/__pycache__) by extensions ['colcon_pkg']
[0.352s] Level 1:colcon.colcon_core.package_identification:_identify(worlds/__pycache__) by extension 'colcon_pkg'
[0.352s] Level 1:colcon.colcon_core.package_identification:_identify(worlds/__pycache__) by extensions ['colcon_meta']
[0.352s] Level 1:colcon.colcon_core.package_identification:_identify(worlds/__pycache__) by extension 'colcon_meta'
[0.352s] Level 1:colcon.colcon_core.package_identification:_identify(worlds/__pycache__) by extensions ['ros']
[0.352s] Level 1:colcon.colcon_core.package_identification:_identify(worlds/__pycache__) by extension 'ros'
[0.352s] Level 1:colcon.colcon_core.package_identification:_identify(worlds/__pycache__) by extensions ['cmake', 'meson', 'python']
[0.353s] Level 1:colcon.colcon_core.package_identification:_identify(worlds/__pycache__) by extension 'cmake'
[0.353s] Level 1:colcon.colcon_core.package_identification:_identify(worlds/__pycache__) by extension 'meson'
[0.353s] Level 1:colcon.colcon_core.package_identification:_identify(worlds/__pycache__) by extension 'python'
[0.353s] Level 1:colcon.colcon_core.package_identification:_identify(worlds/__pycache__) by extensions ['python_setup_py']
[0.353s] Level 1:colcon.colcon_core.package_identification:_identify(worlds/__pycache__) by extension 'python_setup_py'
[0.353s] Level 1:colcon.colcon_core.package_discovery:discover_packages(recursive) using defaults
[0.353s] Level 1:colcon.colcon_core.package_discovery:discover_packages(ignore) discover
[0.353s] Level 1:colcon.colcon_core.package_discovery:discover_packages(ignore) using defaults
[0.353s] Level 1:colcon.colcon_core.package_discovery:discover_packages(path) discover
[0.353s] Level 1:colcon.colcon_core.package_discovery:discover_packages(path) using defaults
[0.365s] INFO:colcon.colcon_core.package_selection:Skipping not selected package 'leo_description' in 'leo_common-ros2/leo_description'
[0.365s] INFO:colcon.colcon_core.package_selection:Skipping not selected package 'leo_gz_plugins' in 'leo_simulator-ros2/leo_gz_plugins'
[0.365s] INFO:colcon.colcon_core.package_selection:Skipping not selected package 'leo_gz_worlds' in 'leo_simulator-ros2/leo_gz_worlds'
[0.365s] INFO:colcon.colcon_core.package_selection:Skipping not selected package 'leo_msgs' in 'leo_common-ros2/leo_msgs'
[0.365s] INFO:colcon.colcon_core.package_selection:Skipping not selected package 'leo_teleop' in 'leo_common-ros2/leo_teleop'
[0.365s] INFO:colcon.colcon_core.package_selection:Skipping not selected package 'leo' in 'leo_common-ros2/leo'
[0.365s] INFO:colcon.colcon_core.package_selection:Skipping not selected package 'leo_gz_bringup' in 'leo_simulator-ros2/leo_gz_bringup'
[0.365s] INFO:colcon.colcon_core.package_selection:Skipping not selected package 'leo_exploration' in 'leo_exploration'
[0.365s] INFO:colcon.colcon_core.package_selection:Skipping not selected package 'leo_simulator' in 'leo_simulator-ros2/leo_simulator'
[0.365s] Level 1:colcon.colcon_core.package_discovery:discover_packages(prefix_path) check parameters
[0.365s] Level 1:colcon.colcon_core.package_discovery:discover_packages(prefix_path) discover
[0.367s] DEBUG:colcon.colcon_installed_package_information.package_discovery:Found 16 installed packages in /home/ecem/ros2_ws/install
[0.368s] DEBUG:colcon.colcon_installed_package_information.package_discovery:Found 505 installed packages in /opt/ros/humble
[0.369s] Level 1:colcon.colcon_core.package_discovery:discover_packages(prefix_path) using defaults
[0.408s] Level 5:colcon.colcon_core.verb:set package 'evaluation' build argument 'cmake_args' from command line to 'None'
[0.408s] Level 5:colcon.colcon_core.verb:set package 'evaluation' build argument 'cmake_target' from command line to 'None'
[0.408s] Level 5:colcon.colcon_core.verb:set package 'evaluation' build argument 'cmake_target_skip_unavailable' from command line to 'False'
[0.408s] Level 5:colcon.colcon_core.verb:set package 'evaluation' build argument 'cmake_clean_cache' from command line to 'False'
[0.408s] Level 5:colcon.colcon_core.verb:set package 'evaluation' build argument 'cmake_clean_first' from command line to 'False'
[0.408s] Level 5:colcon.colcon_core.verb:set package 'evaluation' build argument 'cmake_force_configure' from command line to 'False'
[0.409s] Level 5:colcon.colcon_core.verb:set package 'evaluation' build argument 'meson_args' from command line to '[]'
[0.409s] Level 5:colcon.colcon_core.verb:set package 'evaluation' build argument 'ament_cmake_args' from command line to 'None'
[0.409s] Level 5:colcon.colcon_core.verb:set package 'evaluation' build argument 'catkin_cmake_args' from command line to 'None'
[0.409s] Level 5:colcon.colcon_core.verb:set package 'evaluation' build argument 'catkin_skip_building_tests' from command line to 'False'
[0.409s] DEBUG:colcon.colcon_core.verb:Building package 'evaluation' with the following arguments: {'ament_cmake_args': None, 'build_base': '/home/ecem/sct_ws/src/llm_sct/build/evaluation', 'catkin_cmake_args': None, 'catkin_skip_building_tests': False, 'cmake_args': None, 'cmake_clean_cache': False, 'cmake_clean_first': False, 'cmake_force_configure': False, 'cmake_target': None, 'cmake_target_skip_unavailable': False, 'install_base': '/home/ecem/sct_ws/src/llm_sct/install/evaluation', 'merge_install': False, 'meson_args': [], 'path': '/home/ecem/sct_ws/src/llm_sct/evaluation', 'symlink_install': False, 'test_result_base': None}
[0.415s] Level 5:colcon.colcon_core.verb:set package 'leo_image_processing' build argument 'cmake_args' from command line to 'None'
[0.415s] Level 5:colcon.colcon_core.verb:set package 'leo_image_processing' build argument 'cmake_target' from command line to 'None'
[0.415s] Level 5:colcon.colcon_core.verb:set package 'leo_image_processing' build argument 'cmake_target_skip_unavailable' from command line to 'False'
[0.415s] Level 5:colcon.colcon_core.verb:set package 'leo_image_processing' build argument 'cmake_clean_cache' from command line to 'False'
[0.415s] Level 5:colcon.colcon_core.verb:set package 'leo_image_processing' build argument 'cmake_clean_first' from command line to 'False'
[0.415s] Level 5:colcon.colcon_core.verb:set package 'leo_image_processing' build argument 'cmake_force_configure' from command line to 'False'
[0.415s] Level 5:colcon.colcon_core.verb:set package 'leo_image_processing' build argument 'meson_args' from command line to '[]'
[0.415s] Level 5:colcon.colcon_core.verb:set package 'leo_image_processing' build argument 'ament_cmake_args' from command line to 'None'
[0.415s] Level 5:colcon.colcon_core.verb:set package 'leo_image_processing' build argument 'catkin_cmake_args' from command line to 'None'
[0.415s] Level 5:colcon.colcon_core.verb:set package 'leo_image_processing' build argument 'catkin_skip_building_tests' from command line to 'False'
[0.415s] DEBUG:colcon.colcon_core.verb:Building package 'leo_image_processing' with the following arguments: {'ament_cmake_args': None, 'build_base': '/home/ecem/sct_ws/src/llm_sct/build/leo_image_processing', 'catkin_cmake_args': None, 'catkin_skip_building_tests': False, 'cmake_args': None, 'cmake_clean_cache': False, 'cmake_clean_first': False, 'cmake_force_configure': False, 'cmake_target': None, 'cmake_target_skip_unavailable': False, 'install_base': '/home/ecem/sct_ws/src/llm_sct/install/leo_image_processing', 'merge_install': False, 'meson_args': [], 'path': '/home/ecem/sct_ws/src/llm_sct/leo_image_processing', 'symlink_install': False, 'test_result_base': None}
[0.432s] Level 5:colcon.colcon_core.verb:set package 'leo_patrolling' build argument 'cmake_args' from command line to 'None'
[0.432s] Level 5:colcon.colcon_core.verb:set package 'leo_patrolling' build argument 'cmake_target' from command line to 'None'
[0.432s] Level 5:colcon.colcon_core.verb:set package 'leo_patrolling' build argument 'cmake_target_skip_unavailable' from command line to 'False'
[0.432s] Level 5:colcon.colcon_core.verb:set package 'leo_patrolling' build argument 'cmake_clean_cache' from command line to 'False'
[0.432s] Level 5:colcon.colcon_core.verb:set package 'leo_patrolling' build argument 'cmake_clean_first' from command line to 'False'
[0.432s] Level 5:colcon.colcon_core.verb:set package 'leo_patrolling' build argument 'cmake_force_configure' from command line to 'False'
[0.432s] Level 5:colcon.colcon_core.verb:set package 'leo_patrolling' build argument 'meson_args' from command line to '[]'
[0.432s] Level 5:colcon.colcon_core.verb:set package 'leo_patrolling' build argument 'ament_cmake_args' from command line to 'None'
[0.432s] Level 5:colcon.colcon_core.verb:set package 'leo_patrolling' build argument 'catkin_cmake_args' from command line to 'None'
[0.432s] Level 5:colcon.colcon_core.verb:set package 'leo_patrolling' build argument 'catkin_skip_building_tests' from command line to 'False'
[0.432s] DEBUG:colcon.colcon_core.verb:Building package 'leo_patrolling' with the following arguments: {'ament_cmake_args': None, 'build_base': '/home/ecem/sct_ws/src/llm_sct/build/leo_patrolling', 'catkin_cmake_args': None, 'catkin_skip_building_tests': False, 'cmake_args': None, 'cmake_clean_cache': False, 'cmake_clean_first': False, 'cmake_force_configure': False, 'cmake_target': None, 'cmake_target_skip_unavailable': False, 'install_base': '/home/ecem/sct_ws/src/llm_sct/install/leo_patrolling', 'merge_install': False, 'meson_args': [], 'path': '/home/ecem/sct_ws/src/llm_sct/leo_patrolling', 'symlink_install': False, 'test_result_base': None}
[0.433s] INFO:colcon.colcon_core.executor:Executing jobs using 'parallel' executor
[0.433s] DEBUG:colcon.colcon_parallel_executor.executor.parallel:run_until_complete
[0.433s] INFO:colcon.colcon_ros.task.ament_python.build:Building ROS package in '/home/ecem/sct_ws/src/llm_sct/evaluation' with build type 'ament_python'
[0.434s] Level 1:colcon.colcon_core.shell:create_environment_hook('evaluation', 'ament_prefix_path')
[0.436s] INFO:colcon.colcon_core.plugin_system:Skipping extension 'colcon_core.shell.bat': Not used on non-Windows systems
[0.437s] INFO:colcon.colcon_core.shell:Creating environment hook '/home/ecem/sct_ws/src/llm_sct/install/evaluation/share/evaluation/hook/ament_prefix_path.ps1'
[0.437s] INFO:colcon.colcon_core.shell:Creating environment descriptor '/home/ecem/sct_ws/src/llm_sct/install/evaluation/share/evaluation/hook/ament_prefix_path.dsv'
[0.438s] INFO:colcon.colcon_core.shell:Creating environment hook '/home/ecem/sct_ws/src/llm_sct/install/evaluation/share/evaluation/hook/ament_prefix_path.sh'
[0.439s] INFO:colcon.colcon_core.shell:Skip shell extension 'powershell' for command environment: Not usable outside of PowerShell
[0.439s] DEBUG:colcon.colcon_core.shell:Skip shell extension 'dsv' for command environment
[0.442s] INFO:colcon.colcon_ros.task.ament_python.build:Building ROS package in '/home/ecem/sct_ws/src/llm_sct/leo_image_processing' with build type 'ament_python'
[0.442s] Level 1:colcon.colcon_core.shell:create_environment_hook('leo_image_processing', 'ament_prefix_path')
[0.442s] INFO:colcon.colcon_core.shell:Creating environment hook '/home/ecem/sct_ws/src/llm_sct/install/leo_image_processing/share/leo_image_processing/hook/ament_prefix_path.ps1'
[0.442s] INFO:colcon.colcon_core.shell:Creating environment descriptor '/home/ecem/sct_ws/src/llm_sct/install/leo_image_processing/share/leo_image_processing/hook/ament_prefix_path.dsv'
[0.443s] INFO:colcon.colcon_core.shell:Creating environment hook '/home/ecem/sct_ws/src/llm_sct/install/leo_image_processing/share/leo_image_processing/hook/ament_prefix_path.sh'
[0.443s] INFO:colcon.colcon_core.shell:Skip shell extension 'powershell' for command environment: Not usable outside of PowerShell
[0.443s] DEBUG:colcon.colcon_core.shell:Skip shell extension 'dsv' for command environment
[0.445s] WARNING:colcon.colcon_core.shell:The following packages are in the workspace but haven't been built:
- leo_description
- leo_gz_plugins
They are being used from the following locations instead:
- /home/ecem/ros2_ws/install/leo_description
- /home/ecem/ros2_ws/install/leo_gz_plugins
To suppress this warning ignore these packages in the workspace:
--packages-ignore leo_description leo_gz_plugins
[0.639s] INFO:colcon.colcon_core.task.python.build:Building Python package in '/home/ecem/sct_ws/src/llm_sct/evaluation'
[0.639s] INFO:colcon.colcon_core.shell:Skip shell extension 'powershell' for command environment: Not usable outside of PowerShell
[0.639s] DEBUG:colcon.colcon_core.shell:Skip shell extension 'dsv' for command environment
[0.824s] INFO:colcon.colcon_core.task.python.build:Building Python package in '/home/ecem/sct_ws/src/llm_sct/leo_image_processing'
[0.824s] INFO:colcon.colcon_core.shell:Skip shell extension 'powershell' for command environment: Not usable outside of PowerShell
[0.824s] DEBUG:colcon.colcon_core.shell:Skip shell extension 'dsv' for command environment
[1.274s] DEBUG:colcon.colcon_core.event_handler.log_command:Invoking command in '/home/ecem/sct_ws/src/llm_sct/evaluation': PYTHONPATH=/home/ecem/sct_ws/src/llm_sct/build/evaluation/prefix_override:/usr/lib/python3/dist-packages/colcon_core/task/python/colcon_distutils_commands:/home/ecem/sct_ws/src/llm_sct/install/evaluation/lib/python3.10/site-packages:${PYTHONPATH} /usr/bin/python3 -W ignore:setup.py install is deprecated -W ignore:easy_install command is deprecated setup.py egg_info --egg-base ../build/evaluation build --build-base /home/ecem/sct_ws/src/llm_sct/build/evaluation/build install --record /home/ecem/sct_ws/src/llm_sct/build/evaluation/install.log --single-version-externally-managed install_data
[1.454s] DEBUG:colcon.colcon_core.event_handler.log_command:Invoking command in '/home/ecem/sct_ws/src/llm_sct/leo_image_processing': PYTHONPATH=/home/ecem/sct_ws/src/llm_sct/build/leo_image_processing/prefix_override:/usr/lib/python3/dist-packages/colcon_core/task/python/colcon_distutils_commands:/home/ecem/sct_ws/src/llm_sct/install/leo_image_processing/lib/python3.10/site-packages:${PYTHONPATH} /usr/bin/python3 -W ignore:setup.py install is deprecated -W ignore:easy_install command is deprecated setup.py egg_info --egg-base ../build/leo_image_processing build --build-base /home/ecem/sct_ws/src/llm_sct/build/leo_image_processing/build install --record /home/ecem/sct_ws/src/llm_sct/build/leo_image_processing/install.log --single-version-externally-managed install_data
[1.487s] DEBUG:colcon.colcon_core.event_handler.log_command:Invoked command in '/home/ecem/sct_ws/src/llm_sct/evaluation' returned '0': PYTHONPATH=/home/ecem/sct_ws/src/llm_sct/build/evaluation/prefix_override:/usr/lib/python3/dist-packages/colcon_core/task/python/colcon_distutils_commands:/home/ecem/sct_ws/src/llm_sct/install/evaluation/lib/python3.10/site-packages:${PYTHONPATH} /usr/bin/python3 -W ignore:setup.py install is deprecated -W ignore:easy_install command is deprecated setup.py egg_info --egg-base ../build/evaluation build --build-base /home/ecem/sct_ws/src/llm_sct/build/evaluation/build install --record /home/ecem/sct_ws/src/llm_sct/build/evaluation/install.log --single-version-externally-managed install_data
[1.489s] Level 1:colcon.colcon_core.environment:checking '/home/ecem/sct_ws/src/llm_sct/install/evaluation' for CMake module files
[1.490s] Level 1:colcon.colcon_core.environment:checking '/home/ecem/sct_ws/src/llm_sct/install/evaluation' for CMake config files
[1.490s] Level 1:colcon.colcon_core.environment:checking '/home/ecem/sct_ws/src/llm_sct/install/evaluation/lib'
[1.490s] Level 1:colcon.colcon_core.environment:checking '/home/ecem/sct_ws/src/llm_sct/install/evaluation/bin'
[1.490s] Level 1:colcon.colcon_core.environment:checking '/home/ecem/sct_ws/src/llm_sct/install/evaluation/lib/pkgconfig/evaluation.pc'
[1.490s] Level 1:colcon.colcon_core.environment:checking '/home/ecem/sct_ws/src/llm_sct/install/evaluation/lib/python3.10/site-packages'
[1.490s] Level 1:colcon.colcon_core.shell:create_environment_hook('evaluation', 'pythonpath')
[1.491s] INFO:colcon.colcon_core.shell:Creating environment hook '/home/ecem/sct_ws/src/llm_sct/install/evaluation/share/evaluation/hook/pythonpath.ps1'
[1.491s] INFO:colcon.colcon_core.shell:Creating environment descriptor '/home/ecem/sct_ws/src/llm_sct/install/evaluation/share/evaluation/hook/pythonpath.dsv'
[1.491s] INFO:colcon.colcon_core.shell:Creating environment hook '/home/ecem/sct_ws/src/llm_sct/install/evaluation/share/evaluation/hook/pythonpath.sh'
[1.492s] Level 1:colcon.colcon_core.environment:checking '/home/ecem/sct_ws/src/llm_sct/install/evaluation/bin'
[1.492s] Level 1:colcon.colcon_core.environment:create_environment_scripts_only(evaluation)
[1.492s] INFO:colcon.colcon_core.shell:Creating package script '/home/ecem/sct_ws/src/llm_sct/install/evaluation/share/evaluation/package.ps1'
[1.492s] INFO:colcon.colcon_core.shell:Creating package descriptor '/home/ecem/sct_ws/src/llm_sct/install/evaluation/share/evaluation/package.dsv'
[1.493s] INFO:colcon.colcon_core.shell:Creating package script '/home/ecem/sct_ws/src/llm_sct/install/evaluation/share/evaluation/package.sh'
[1.493s] INFO:colcon.colcon_core.shell:Creating package script '/home/ecem/sct_ws/src/llm_sct/install/evaluation/share/evaluation/package.bash'
[1.494s] INFO:colcon.colcon_core.shell:Creating package script '/home/ecem/sct_ws/src/llm_sct/install/evaluation/share/evaluation/package.zsh'
[1.494s] Level 1:colcon.colcon_core.environment:create_file_with_runtime_dependencies(/home/ecem/sct_ws/src/llm_sct/install/evaluation/share/colcon-core/packages/evaluation)
[1.674s] Level 1:colcon.colcon_core.environment:checking '/home/ecem/sct_ws/src/llm_sct/install/leo_image_processing' for CMake module files
[1.675s] DEBUG:colcon.colcon_core.event_handler.log_command:Invoked command in '/home/ecem/sct_ws/src/llm_sct/leo_image_processing' returned '0': PYTHONPATH=/home/ecem/sct_ws/src/llm_sct/build/leo_image_processing/prefix_override:/usr/lib/python3/dist-packages/colcon_core/task/python/colcon_distutils_commands:/home/ecem/sct_ws/src/llm_sct/install/leo_image_processing/lib/python3.10/site-packages:${PYTHONPATH} /usr/bin/python3 -W ignore:setup.py install is deprecated -W ignore:easy_install command is deprecated setup.py egg_info --egg-base ../build/leo_image_processing build --build-base /home/ecem/sct_ws/src/llm_sct/build/leo_image_processing/build install --record /home/ecem/sct_ws/src/llm_sct/build/leo_image_processing/install.log --single-version-externally-managed install_data
[1.675s] Level 1:colcon.colcon_core.environment:checking '/home/ecem/sct_ws/src/llm_sct/install/leo_image_processing' for CMake config files
[1.675s] Level 1:colcon.colcon_core.environment:checking '/home/ecem/sct_ws/src/llm_sct/install/leo_image_processing/lib'
[1.676s] Level 1:colcon.colcon_core.environment:checking '/home/ecem/sct_ws/src/llm_sct/install/leo_image_processing/bin'
[1.676s] Level 1:colcon.colcon_core.environment:checking '/home/ecem/sct_ws/src/llm_sct/install/leo_image_processing/lib/pkgconfig/leo_image_processing.pc'
[1.676s] Level 1:colcon.colcon_core.environment:checking '/home/ecem/sct_ws/src/llm_sct/install/leo_image_processing/lib/python3.10/site-packages'
[1.676s] Level 1:colcon.colcon_core.shell:create_environment_hook('leo_image_processing', 'pythonpath')
[1.676s] INFO:colcon.colcon_core.shell:Creating environment hook '/home/ecem/sct_ws/src/llm_sct/install/leo_image_processing/share/leo_image_processing/hook/pythonpath.ps1'
[1.676s] INFO:colcon.colcon_core.shell:Creating environment descriptor '/home/ecem/sct_ws/src/llm_sct/install/leo_image_processing/share/leo_image_processing/hook/pythonpath.dsv'
[1.677s] INFO:colcon.colcon_core.shell:Creating environment hook '/home/ecem/sct_ws/src/llm_sct/install/leo_image_processing/share/leo_image_processing/hook/pythonpath.sh'
[1.677s] Level 1:colcon.colcon_core.environment:checking '/home/ecem/sct_ws/src/llm_sct/install/leo_image_processing/bin'
[1.677s] Level 1:colcon.colcon_core.environment:create_environment_scripts_only(leo_image_processing)
[1.677s] INFO:colcon.colcon_core.shell:Creating package script '/home/ecem/sct_ws/src/llm_sct/install/leo_image_processing/share/leo_image_processing/package.ps1'
[1.678s] INFO:colcon.colcon_core.shell:Creating package descriptor '/home/ecem/sct_ws/src/llm_sct/install/leo_image_processing/share/leo_image_processing/package.dsv'
[1.678s] INFO:colcon.colcon_core.shell:Creating package script '/home/ecem/sct_ws/src/llm_sct/install/leo_image_processing/share/leo_image_processing/package.sh'
[1.678s] INFO:colcon.colcon_core.shell:Creating package script '/home/ecem/sct_ws/src/llm_sct/install/leo_image_processing/share/leo_image_processing/package.bash'
[1.678s] INFO:colcon.colcon_core.shell:Creating package script '/home/ecem/sct_ws/src/llm_sct/install/leo_image_processing/share/leo_image_processing/package.zsh'
[1.678s] Level 1:colcon.colcon_core.environment:create_file_with_runtime_dependencies(/home/ecem/sct_ws/src/llm_sct/install/leo_image_processing/share/colcon-core/packages/leo_image_processing)
[1.679s] INFO:colcon.colcon_ros.task.ament_python.build:Building ROS package in '/home/ecem/sct_ws/src/llm_sct/leo_patrolling' with build type 'ament_python'
[1.679s] Level 1:colcon.colcon_core.shell:create_environment_hook('leo_patrolling', 'ament_prefix_path')
[1.679s] INFO:colcon.colcon_core.shell:Creating environment hook '/home/ecem/sct_ws/src/llm_sct/install/leo_patrolling/share/leo_patrolling/hook/ament_prefix_path.ps1'
[1.679s] INFO:colcon.colcon_core.shell:Creating environment descriptor '/home/ecem/sct_ws/src/llm_sct/install/leo_patrolling/share/leo_patrolling/hook/ament_prefix_path.dsv'
[1.679s] INFO:colcon.colcon_core.shell:Creating environment hook '/home/ecem/sct_ws/src/llm_sct/install/leo_patrolling/share/leo_patrolling/hook/ament_prefix_path.sh'
[1.680s] INFO:colcon.colcon_core.shell:Skip shell extension 'powershell' for command environment: Not usable outside of PowerShell
[1.680s] DEBUG:colcon.colcon_core.shell:Skip shell extension 'dsv' for command environment
[1.682s] WARNING:colcon.colcon_core.shell:The following packages are in the workspace but haven't been built:
- leo_description
- leo_gz_plugins
They are being used from the following locations instead:
- /home/ecem/ros2_ws/install/leo_description
- /home/ecem/ros2_ws/install/leo_gz_plugins
To suppress this warning ignore these packages in the workspace:
--packages-ignore leo_description leo_gz_plugins
[31.929s] INFO:colcon.colcon_core.task.python.build:Building Python package in '/home/ecem/sct_ws/src/llm_sct/leo_patrolling'
[31.929s] INFO:colcon.colcon_core.shell:Skip shell extension 'powershell' for command environment: Not usable outside of PowerShell
[31.929s] DEBUG:colcon.colcon_core.shell:Skip shell extension 'dsv' for command environment
[61.743s] DEBUG:colcon.colcon_core.event_handler.log_command:Invoking command in '/home/ecem/sct_ws/src/llm_sct/leo_patrolling': AMENT_PREFIX_PATH=/home/ecem/sct_ws/src/llm_sct/install/leo_image_processing:/home/ecem/sct_ws/src/llm_sct/install/evaluation:${AMENT_PREFIX_PATH} PYTHONPATH=/home/ecem/sct_ws/src/llm_sct/build/leo_patrolling/prefix_override:/usr/lib/python3/dist-packages/colcon_core/task/python/colcon_distutils_commands:/home/ecem/sct_ws/src/llm_sct/install/leo_patrolling/lib/python3.10/site-packages:/home/ecem/sct_ws/src/llm_sct/install/leo_image_processing/lib/python3.10/site-packages:/home/ecem/sct_ws/src/llm_sct/install/evaluation/lib/python3.10/site-packages:${PYTHONPATH} /usr/bin/python3 -W ignore:setup.py install is deprecated -W ignore:easy_install command is deprecated setup.py egg_info --egg-base ../build/leo_patrolling build --build-base /home/ecem/sct_ws/src/llm_sct/build/leo_patrolling/build install --record /home/ecem/sct_ws/src/llm_sct/build/leo_patrolling/install.log --single-version-externally-managed install_data
[91.770s] Level 1:colcon.colcon_core.environment:checking '/home/ecem/sct_ws/src/llm_sct/install/leo_patrolling' for CMake module files
[91.771s] DEBUG:colcon.colcon_core.event_handler.log_command:Invoked command in '/home/ecem/sct_ws/src/llm_sct/leo_patrolling' returned '0': AMENT_PREFIX_PATH=/home/ecem/sct_ws/src/llm_sct/install/leo_image_processing:/home/ecem/sct_ws/src/llm_sct/install/evaluation:${AMENT_PREFIX_PATH} PYTHONPATH=/home/ecem/sct_ws/src/llm_sct/build/leo_patrolling/prefix_override:/usr/lib/python3/dist-packages/colcon_core/task/python/colcon_distutils_commands:/home/ecem/sct_ws/src/llm_sct/install/leo_patrolling/lib/python3.10/site-packages:/home/ecem/sct_ws/src/llm_sct/install/leo_image_processing/lib/python3.10/site-packages:/home/ecem/sct_ws/src/llm_sct/install/evaluation/lib/python3.10/site-packages:${PYTHONPATH} /usr/bin/python3 -W ignore:setup.py install is deprecated -W ignore:easy_install command is deprecated setup.py egg_info --egg-base ../build/leo_patrolling build --build-base /home/ecem/sct_ws/src/llm_sct/build/leo_patrolling/build install --record /home/ecem/sct_ws/src/llm_sct/build/leo_patrolling/install.log --single-version-externally-managed install_data
[91.772s] Level 1:colcon.colcon_core.environment:checking '/home/ecem/sct_ws/src/llm_sct/install/leo_patrolling' for CMake config files
[91.772s] Level 1:colcon.colcon_core.environment:checking '/home/ecem/sct_ws/src/llm_sct/install/leo_patrolling/lib'
[91.772s] Level 1:colcon.colcon_core.environment:checking '/home/ecem/sct_ws/src/llm_sct/install/leo_patrolling/bin'
[91.772s] Level 1:colcon.colcon_core.environment:checking '/home/ecem/sct_ws/src/llm_sct/install/leo_patrolling/lib/pkgconfig/leo_patrolling.pc'
[91.773s] Level 1:colcon.colcon_core.environment:checking '/home/ecem/sct_ws/src/llm_sct/install/leo_patrolling/lib/python3.10/site-packages'
[91.773s] Level 1:colcon.colcon_core.shell:create_environment_hook('leo_patrolling', 'pythonpath')
[91.773s] INFO:colcon.colcon_core.shell:Creating environment hook '/home/ecem/sct_ws/src/llm_sct/install/leo_patrolling/share/leo_patrolling/hook/pythonpath.ps1'
[91.774s] INFO:colcon.colcon_core.shell:Creating environment descriptor '/home/ecem/sct_ws/src/llm_sct/install/leo_patrolling/share/leo_patrolling/hook/pythonpath.dsv'
[91.774s] INFO:colcon.colcon_core.shell:Creating environment hook '/home/ecem/sct_ws/src/llm_sct/install/leo_patrolling/share/leo_patrolling/hook/pythonpath.sh'
[91.775s] Level 1:colcon.colcon_core.environment:checking '/home/ecem/sct_ws/src/llm_sct/install/leo_patrolling/bin'
[91.775s] Level 1:colcon.colcon_core.environment:create_environment_scripts_only(leo_patrolling)
[91.775s] INFO:colcon.colcon_core.shell:Creating package script '/home/ecem/sct_ws/src/llm_sct/install/leo_patrolling/share/leo_patrolling/package.ps1'
[91.776s] INFO:colcon.colcon_core.shell:Creating package descriptor '/home/ecem/sct_ws/src/llm_sct/install/leo_patrolling/share/leo_patrolling/package.dsv'
[91.777s] INFO:colcon.colcon_core.shell:Creating package script '/home/ecem/sct_ws/src/llm_sct/install/leo_patrolling/share/leo_patrolling/package.sh'
[91.777s] INFO:colcon.colcon_core.shell:Creating package script '/home/ecem/sct_ws/src/llm_sct/install/leo_patrolling/share/leo_patrolling/package.bash'
[91.778s] INFO:colcon.colcon_core.shell:Creating package script '/home/ecem/sct_ws/src/llm_sct/install/leo_patrolling/share/leo_patrolling/package.zsh'
[91.778s] Level 1:colcon.colcon_core.environment:create_file_with_runtime_dependencies(/home/ecem/sct_ws/src/llm_sct/install/leo_patrolling/share/colcon-core/packages/leo_patrolling)
[91.782s] DEBUG:colcon.colcon_parallel_executor.executor.parallel:closing loop
[91.782s] DEBUG:colcon.colcon_parallel_executor.executor.parallel:loop closed
[91.782s] DEBUG:colcon.colcon_parallel_executor.executor.parallel:run_until_complete finished with '0'
[91.782s] DEBUG:colcon.colcon_core.event_reactor:joining thread
[91.786s] INFO:colcon.colcon_core.plugin_system:Skipping extension 'colcon_notification.desktop_notification.terminal_notifier': Not used on non-Darwin systems
[91.786s] INFO:colcon.colcon_core.plugin_system:Skipping extension 'colcon_notification.desktop_notification.win32': Not used on non-Windows systems
[91.786s] INFO:colcon.colcon_notification.desktop_notification:Sending desktop notification using 'notify2'
[91.786s] DEBUG:colcon.colcon_notification.desktop_notification.notify2:Failed to initialize notify2: org.freedesktop.DBus.Error.AccessDenied: Failed to connect to socket /run/user/1000/bus: Operation not permitted
[91.787s] DEBUG:colcon.colcon_core.event_reactor:joined thread
[91.787s] INFO:colcon.colcon_core.shell:Creating prefix script '/home/ecem/sct_ws/src/llm_sct/install/local_setup.ps1'
[91.787s] INFO:colcon.colcon_core.shell:Creating prefix util module '/home/ecem/sct_ws/src/llm_sct/install/_local_setup_util_ps1.py'
[91.788s] INFO:colcon.colcon_core.shell:Creating prefix chain script '/home/ecem/sct_ws/src/llm_sct/install/setup.ps1'
[91.789s] INFO:colcon.colcon_core.shell:Creating prefix script '/home/ecem/sct_ws/src/llm_sct/install/local_setup.sh'
[91.790s] INFO:colcon.colcon_core.shell:Creating prefix util module '/home/ecem/sct_ws/src/llm_sct/install/_local_setup_util_sh.py'
[91.790s] INFO:colcon.colcon_core.shell:Creating prefix chain script '/home/ecem/sct_ws/src/llm_sct/install/setup.sh'
[91.791s] INFO:colcon.colcon_core.shell:Creating prefix script '/home/ecem/sct_ws/src/llm_sct/install/local_setup.bash'
[91.791s] INFO:colcon.colcon_core.shell:Creating prefix chain script '/home/ecem/sct_ws/src/llm_sct/install/setup.bash'
[91.792s] INFO:colcon.colcon_core.shell:Creating prefix script '/home/ecem/sct_ws/src/llm_sct/install/local_setup.zsh'
[91.793s] INFO:colcon.colcon_core.shell:Creating prefix chain script '/home/ecem/sct_ws/src/llm_sct/install/setup.zsh'
