stamp_sec,stamp_nsec,robot,x,y
1784818762,883621574,robot_2,-0.375,-0.650
1784818762,883664259,robot_0,0.750,-0.000
1784818762,883685022,robot_1,-0.375,0.650
1784818764,97363489,robot_2,-0.375,-0.650
1784818764,97383735,robot_0,0.750,0.000
1784818764,97391194,robot_1,-0.375,0.650
1784818764,313602064,robot_2,-0.377,-0.653
1784818764,313638092,robot_0,0.754,0.000
1784818764,313656069,robot_1,-0.377,0.653
1784818764,513731646,robot_2,-0.410,-0.709
1784818764,513757627,robot_0,0.819,0.000
1784818764,513768606,robot_1,-0.410,0.709
1784818764,714353070,robot_2,-0.440,-0.761
1784818764,714388527,robot_0,0.879,0.000
1784818764,714405835,robot_1,-0.440,0.761
1784818764,933528615,robot_2,-0.473,-0.818
1784818764,933553657,robot_0,0.945,-0.000
1784818764,933576781,robot_1,-0.473,0.818
1784818765,133850827,robot_2,-0.503,-0.870
1784818765,133882283,robot_0,1.005,-0.000
1784818765,133919694,robot_1,-0.503,0.870
1784818765,335000460,robot_2,-0.533,-0.922
1784818765,335037040,robot_0,1.065,-0.000
1784818765,335055488,robot_1,-0.533,0.922
1784818765,554522437,robot_2,-0.566,-0.980
1784818765,554558992,robot_0,1.131,-0.000
1784818765,554576710,robot_1,-0.566,0.980
1784818765,773695792,robot_2,-0.599,-1.037
1784818765,773737137,robot_0,1.197,-0.000
1784818765,773748525,robot_1,-0.599,1.037
1784818765,973750048,robot_2,-0.629,-1.089
1784818765,973796819,robot_0,1.257,-0.000
1784818765,973811528,robot_1,-0.629,1.089
1784818766,174840872,robot_2,-0.659,-1.141
1784818766,174874261,robot_0,1.317,-0.000
1784818766,174888299,robot_1,-0.659,1.141
1784818766,394664353,robot_2,-0.692,-1.198
1784818766,394709168,robot_0,1.383,-0.000
1784818766,394732776,robot_1,-0.692,1.198
1784818766,595470095,robot_2,-0.722,-1.250
1784818766,595519186,robot_0,1.439,0.000
1784818766,595569344,robot_1,-0.722,1.250
1784818766,815557325,robot_2,-0.755,-1.307
1784818766,815596519,robot_0,1.443,0.002
1784818766,815615595,robot_1,-0.755,1.307
1784818767,15904483,robot_2,-0.785,-1.359
1784818767,15944307,robot_0,1.438,0.007
1784818767,15961256,robot_1,-0.785,1.359
1784818767,234840499,robot_2,-0.818,-1.416
1784818767,234878627,robot_0,1.430,0.013
1784818767,234894378,robot_1,-0.817,1.416
1784818767,435909947,robot_2,-0.848,-1.468
1784818767,435946817,robot_0,1.428,0.014
1784818767,435962854,robot_1,-0.847,1.468
1784818767,655573656,robot_2,-0.881,-1.525
1784818767,655615319,robot_0,1.429,0.014
1784818767,655635344,robot_1,-0.880,1.525
1784818767,855983556,robot_2,-0.911,-1.577
1784818767,856049067,robot_0,1.429,0.014
1784818767,856073878,robot_1,-0.910,1.577
1784818768,55888036,robot_2,-0.941,-1.629
1784818768,55934796,robot_0,1.429,0.014
1784818768,55956859,robot_1,-0.940,1.629
1784818768,256303708,robot_2,-0.971,-1.681
1784818768,256352299,robot_0,1.430,0.014
1784818768,256373459,robot_1,-0.970,1.681
1784818768,476018955,robot_2,-1.004,-1.738
1784818768,476105272,robot_0,1.430,0.014
1784818768,476132216,robot_1,-1.003,1.738
1784818768,676800848,robot_2,-1.034,-1.790
1784818768,676851843,robot_0,1.426,0.034
1784818768,676875425,robot_1,-1.033,1.790
1784818768,898040955,robot_2,-1.064,-1.843
1784818768,898103846,robot_0,1.410,0.098
1784818768,898131104,robot_1,-1.066,1.847
1784818769,116624274,robot_2,-1.066,-1.846
1784818769,116685868,robot_0,1.392,0.161
1784818769,116721834,robot_1,-1.099,1.904
1784818769,320421938,robot_2,-1.066,-1.847
1784818769,320474877,robot_0,1.380,0.201
1784818769,320499946,robot_1,-1.120,1.941
1784818769,521059918,robot_2,-1.066,-1.847
1784818769,521117508,robot_0,1.363,0.259
1784818769,521141386,robot_1,-1.150,1.993
1784818769,740591185,robot_2,-1.065,-1.847
1784818769,740640589,robot_0,1.345,0.322
1784818769,740669189,robot_1,-1.183,2.050
1784818769,940893285,robot_2,-1.077,-1.851
1784818769,940942463,robot_0,1.328,0.380
1784818769,940968383,robot_1,-1.213,2.102
1784818770,162183372,robot_2,-1.140,-1.867
1784818770,162265343,robot_0,1.309,0.443
1784818770,162313160,robot_1,-1.246,2.159
1784818770,380798570,robot_2,-1.199,-1.879
1784818770,380852717,robot_0,1.292,0.501
1784818770,380879065,robot_1,-1.276,2.211
1784818770,598892623,robot_2,-1.263,-1.892
1784818770,598941367,robot_0,1.274,0.564
1784818770,598965652,robot_1,-1.309,2.268
1784818770,799158289,robot_2,-1.322,-1.904
1784818770,799213926,robot_0,1.257,0.622
1784818770,799240385,robot_1,-1.339,2.320
1784818771,19307870,robot_2,-1.387,-1.916
1784818771,19358432,robot_0,1.238,0.685
1784818771,19383459,robot_1,-1.372,2.377
1784818771,219477883,robot_2,-1.446,-1.928
1784818771,219533077,robot_0,1.222,0.743
1784818771,219560392,robot_1,-1.402,2.429
1784818771,439417833,robot_2,-1.511,-1.941
1784818771,439470530,robot_0,1.203,0.806
1784818771,439495253,robot_1,-1.435,2.486
1784818771,639516570,robot_2,-1.569,-1.953
1784818771,639571275,robot_0,1.186,0.864
1784818771,639595831,robot_1,-1.465,2.538
1784818771,886707331,robot_2,-1.599,-1.959
1784818771,886761918,robot_0,1.178,0.892
1784818771,886785878,robot_1,-1.480,2.564
1784818772,87600618,robot_2,-1.658,-1.970
1784818772,87657266,robot_0,1.161,0.950
1784818772,87682896,robot_1,-1.510,2.616
1784818772,305008407,robot_2,-1.722,-1.983
1784818772,305058005,robot_0,1.142,1.013
1784818772,305116191,robot_1,-1.543,2.674
1784818772,515829513,robot_2,-1.784,-1.996
1784818772,515880146,robot_0,1.125,1.074
1784818772,515903605,robot_1,-1.575,2.728
1784818772,715912067,robot_2,-1.843,-2.007
1784818772,715994662,robot_0,1.108,1.131
1784818772,716016843,robot_1,-1.605,2.780
1784818772,923339034,robot_2,-1.899,-2.019
1784818772,923390395,robot_0,1.092,1.186
1784818772,923415280,robot_1,-1.633,2.829
1784818773,123438666,robot_2,-1.958,-2.030
1784818773,123487219,robot_0,1.075,1.244
1784818773,123512441,robot_1,-1.663,2.881
1784818773,345636539,robot_2,-2.023,-2.043
1784818773,345716083,robot_0,1.056,1.307
1784818773,345739837,robot_1,-1.696,2.939
1784818773,564450086,robot_2,-2.087,-2.056
1784818773,564505676,robot_0,1.038,1.370
1784818773,564531965,robot_1,-1.729,2.996
1784818773,784069648,robot_2,-2.152,-2.069
1784818773,784134628,robot_0,1.019,1.434
1784818773,784159315,robot_1,-1.762,3.053
1784818774,3596610,robot_2,-2.217,-2.082
1784818774,3647753,robot_0,1.001,1.497
1784818774,3674169,robot_1,-1.795,3.110
1784818774,203707708,robot_2,-2.276,-2.094
1784818774,203762452,robot_0,0.984,1.555
1784818774,203817105,robot_1,-1.825,3.162
1784818774,404096655,robot_2,-2.334,-2.105
1784818774,404150732,robot_0,0.967,1.612
1784818774,404177581,robot_1,-1.855,3.214
1784818774,604560530,robot_2,-2.393,-2.117
1784818774,604613853,robot_0,0.950,1.670
1784818774,604638633,robot_1,-1.885,3.266
1784818774,805707735,robot_2,-2.452,-2.129
1784818774,805760558,robot_0,0.933,1.727
1784818774,805785934,robot_1,-1.915,3.318
1784818775,24531516,robot_2,-2.517,-2.142
1784818775,24581565,robot_0,0.915,1.791
1784818775,24605685,robot_1,-1.948,3.375
1784818775,245416907,robot_2,-2.582,-2.155
1784818775,245470902,robot_0,0.896,1.854
1784818775,245497424,robot_1,-1.981,3.432
1784818775,462846896,robot_2,-2.646,-2.168
1784818775,462890741,robot_0,0.878,1.917
1784818775,462911824,robot_1,-2.014,3.489
1784818775,662950427,robot_2,-2.705,-2.179
1784818775,662994748,robot_0,0.861,1.975
1784818775,663017889,robot_1,-2.044,3.541
1784818775,883718591,robot_2,-2.770,-2.192
1784818775,883759589,robot_0,0.842,2.038
1784818775,883798101,robot_1,-2.077,3.598
1784818776,103043554,robot_2,-2.835,-2.205
1784818776,103087741,robot_0,0.824,2.102
1784818776,103117884,robot_1,-2.110,3.656
1784818776,303550453,robot_2,-2.893,-2.217
1784818776,303594096,robot_0,0.807,2.159
1784818776,303616148,robot_1,-2.140,3.708
1784818776,523072860,robot_2,-2.958,-2.230
1784818776,523126348,robot_0,0.788,2.223
1784818776,523150343,robot_1,-2.173,3.765
1784818776,724488241,robot_2,-3.017,-2.242
1784818776,724601540,robot_0,0.771,2.280
1784818776,724623071,robot_1,-2.203,3.817
1784818776,942960569,robot_2,-3.082,-2.255
1784818776,943005480,robot_0,0.753,2.343
1784818776,943026331,robot_1,-2.236,3.874
1784818777,162747787,robot_2,-3.146,-2.267
1784818777,162789616,robot_0,0.734,2.407
1784818777,162810570,robot_1,-2.269,3.931
1784818777,364780879,robot_2,-3.205,-2.279
1784818777,364862349,robot_0,0.718,2.464
1784818777,364910027,robot_1,-2.299,3.983
1784818777,582926633,robot_2,-3.266,-2.291
1784818777,582969739,robot_0,0.714,2.475
1784818777,582990540,robot_1,-2.332,4.040
1784818777,783484524,robot_2,-3.272,-2.293
1784818777,783533717,robot_0,0.714,2.475
1784818777,783556702,robot_1,-2.362,4.092
1784818778,2866797,robot_2,-3.272,-2.293
1784818778,2913241,robot_0,0.714,2.475
1784818778,2934791,robot_1,-2.395,4.149
1784818778,203091056,robot_2,-3.278,-2.292
1784818778,203133586,robot_0,0.713,2.475
1784818778,203154865,robot_1,-2.425,4.201
1784818778,403996351,robot_2,-3.332,-2.276
1784818778,404047660,robot_0,0.713,2.475
1784818778,404069147,robot_1,-2.455,4.253
1784818778,624374679,robot_2,-3.394,-2.254
1784818778,624427322,robot_0,0.713,2.475
1784818778,624448609,robot_1,-2.488,4.310
1784818778,843502963,robot_2,-3.456,-2.232
1784818778,843545324,robot_0,0.712,2.476
1784818778,843564538,robot_1,-2.506,4.341
1784818779,44189059,robot_2,-3.512,-2.211
1784818779,44238294,robot_0,0.712,2.476
1784818779,44265854,robot_1,-2.506,4.341
1784818779,244213060,robot_2,-3.569,-2.191
1784818779,244283688,robot_0,0.724,2.481
1784818779,244323204,robot_1,-2.506,4.341
1784818779,464008030,robot_2,-3.631,-2.168
1784818779,464084063,robot_0,0.786,2.498
1784818779,464143004,robot_1,-2.505,4.341
1784818779,683575072,robot_2,-3.693,-2.146
1784818779,683622454,robot_0,0.850,2.514
1784818779,683645241,robot_1,-2.505,4.342
1784818779,886413069,robot_2,-3.749,-2.125
1784818779,886501004,robot_0,0.909,2.528
1784818779,886551002,robot_1,-2.505,4.342
1784818780,102685017,robot_2,-3.811,-2.103
1784818780,102730975,robot_0,0.973,2.543
1784818780,102752049,robot_1,-2.505,4.342
1784818780,302797420,robot_2,-3.868,-2.082
1784818780,302839361,robot_0,1.031,2.556
1784818780,302881084,robot_1,-2.505,4.343
1784818780,503635532,robot_2,-3.924,-2.062
1784818780,503698541,robot_0,1.090,2.570
1784818780,503732060,robot_1,-2.505,4.343
1784818780,723398853,robot_2,-3.986,-2.040
1784818780,723447364,robot_0,1.154,2.585
1784818780,723470283,robot_1,-2.507,4.342
1784818780,943651207,robot_2,-4.048,-2.017
1784818780,943723586,robot_0,1.218,2.601
1784818780,943743500,robot_1,-2.551,4.306
1784818781,143974209,robot_2,-4.105,-1.997
1784818781,144075909,robot_0,1.277,2.614
1784818781,144134643,robot_1,-2.595,4.265
1784818781,344366016,robot_2,-4.161,-1.976
1784818781,344413509,robot_0,1.335,2.628
1784818781,344433657,robot_1,-2.639,4.224
1784818781,546028693,robot_2,-4.202,-1.961
1784818781,546077321,robot_0,1.393,2.642
1784818781,546107108,robot_1,-2.682,4.182
1784818781,763987209,robot_2,-4.203,-1.961
1784818781,764029666,robot_0,1.458,2.657
1784818781,764050506,robot_1,-2.730,4.137
1784818781,984024182,robot_2,-4.203,-1.962
1784818781,984067287,robot_0,1.522,2.672
1784818781,984086747,robot_1,-2.778,4.092
1784818782,184716589,robot_2,-4.203,-1.962
1784818782,184823509,robot_0,1.580,2.686
1784818782,184888164,robot_1,-2.822,4.051
1784818782,403986671,robot_2,-4.203,-1.962
1784818782,404033114,robot_0,1.644,2.701
1784818782,404052938,robot_1,-2.870,4.005
1784818782,623225120,robot_2,-4.204,-1.962
1784818782,623272080,robot_0,1.709,2.716
1784818782,623293169,robot_1,-2.918,3.960
1784818782,844898156,robot_2,-4.204,-1.962
1784818782,844976551,robot_0,1.773,2.731
1784818782,845023705,robot_1,-2.966,3.915
1784818783,63221179,robot_2,-4.205,-1.962
1784818783,63266887,robot_0,1.837,2.747
1784818783,63288017,robot_1,-3.014,3.869
1784818783,263963630,robot_2,-4.205,-1.961
1784818783,264009376,robot_0,1.896,2.760
1784818783,264030332,robot_1,-3.057,3.828
1784818783,482968559,robot_2,-4.187,-1.909
1784818783,483009677,robot_0,1.960,2.775
1784818783,483029177,robot_1,-3.105,3.783
1784818783,683927712,robot_2,-4.164,-1.854
1784818783,683979997,robot_0,2.018,2.789
1784818783,684029968,robot_1,-3.149,3.742
1784818783,903217968,robot_2,-4.138,-1.793
1784818783,903264501,robot_0,2.082,2.804
1784818783,903286395,robot_1,-3.197,3.696
1784818784,123271685,robot_2,-4.113,-1.732
1784818784,123321753,robot_0,2.147,2.820
1784818784,123345030,robot_1,-3.245,3.651
1784818784,344357236,robot_2,-4.087,-1.671
1784818784,344407018,robot_0,2.211,2.835
1784818784,344428485,robot_1,-3.293,3.606
1784818784,562500719,robot_2,-4.061,-1.611
1784818784,562542270,robot_0,2.275,2.850
1784818784,562561089,robot_1,-3.341,3.560
1784818784,763795825,robot_2,-4.038,-1.555
1784818784,763838309,robot_0,2.334,2.864
1784818784,763860076,robot_1,-3.385,3.519
1784818784,982423105,robot_2,-4.012,-1.495
1784818784,982464137,robot_0,2.398,2.879
1784818784,982482394,robot_1,-3.433,3.474
1784818785,184198515,robot_2,-3.989,-1.439
1784818785,184269995,robot_0,2.456,2.893
1784818785,184289694,robot_1,-3.464,3.444
1784818785,403128599,robot_2,-3.963,-1.379
1784818785,403173160,robot_0,2.520,2.908
1784818785,403193596,robot_1,-3.477,3.430
1784818785,603834148,robot_2,-3.940,-1.323
1784818785,603878016,robot_0,2.579,2.921
1784818785,603899589,robot_1,-3.515,3.384
1784818785,822988716,robot_2,-3.914,-1.263
1784818785,823032630,robot_0,2.643,2.937
1784818785,823054011,robot_1,-3.557,3.333
1784818786,43349690,robot_2,-3.888,-1.202
1784818786,43391350,robot_0,2.707,2.952
1784818786,43411274,robot_1,-3.599,3.282
1784818786,243708049,robot_2,-3.865,-1.146
1784818786,243746711,robot_0,2.766,2.966
1784818786,243764312,robot_1,-3.637,3.235
1784818786,462452400,robot_2,-3.839,-1.086
1784818786,462490940,robot_0,2.830,2.981
1784818786,462509336,robot_1,-3.679,3.184
1784818786,662828475,robot_2,-3.816,-1.030
1784818786,662869194,robot_0,2.888,2.994
1784818786,662888605,robot_1,-3.717,3.138
1784818786,864065615,robot_2,-3.792,-0.975
1784818786,864155483,robot_0,2.947,3.008
1784818786,864193491,robot_1,-3.755,3.092
1784818787,82759974,robot_2,-3.766,-0.914
1784818787,82803584,robot_0,3.011,3.023
1784818787,82825114,robot_1,-3.797,3.041
1784818787,302618616,robot_2,-3.741,-0.854
1784818787,302658051,robot_0,3.075,3.039
1784818787,302676054,robot_1,-3.839,2.990
1784818787,502938298,robot_2,-3.717,-0.798
1784818787,502979459,robot_0,3.134,3.052
1784818787,502999299,robot_1,-3.877,2.943
1784818787,721892956,robot_2,-3.692,-0.738
1784818787,721935246,robot_0,3.198,3.067
1784818787,721972918,robot_1,-3.919,2.892
1784818787,922689795,robot_2,-3.668,-0.682
1784818787,922732061,robot_0,3.256,3.081
1784818787,922750500,robot_1,-3.957,2.846
1784818788,123986530,robot_2,-3.645,-0.627
1784818788,124061365,robot_0,3.279,3.087
1784818788,124120579,robot_1,-3.995,2.799
1784818788,342913797,robot_2,-3.619,-0.566
1784818788,342951669,robot_0,3.279,3.087
1784818788,342968359,robot_1,-4.037,2.748
1784818788,543548814,robot_2,-3.596,-0.511
1784818788,543593889,robot_0,3.279,3.087
1784818788,543612344,robot_1,-4.075,2.702
1784818788,746163507,robot_2,-3.572,-0.456
1784818788,746250077,robot_0,3.279,3.088
1784818788,746298031,robot_1,-4.113,2.656
1784818788,963008924,robot_2,-3.567,-0.443
1784818788,963055878,robot_0,3.279,3.088
1784818788,963078791,robot_1,-4.155,2.605
1784818789,182366821,robot_2,-3.567,-0.443
1784818789,182406580,robot_0,3.281,3.087
1784818789,182425307,robot_1,-4.197,2.554
1784818789,382372835,robot_2,-3.566,-0.443
1784818789,382411444,robot_0,3.317,3.051
1784818789,382429983,robot_1,-4.235,2.507
1784818789,582485588,robot_2,-3.567,-0.440
1784818789,582529667,robot_0,3.357,3.006
1784818789,582550388,robot_1,-4.273,2.461
1784818789,802320163,robot_2,-3.582,-0.383
1784818789,802357547,robot_0,3.400,2.957
1784818789,802394639,robot_1,-4.303,2.424
1784818790,3892392,robot_2,-3.600,-0.326
1784818790,3931250,robot_0,3.440,2.911
1784818790,3949946,robot_1,-4.303,2.425
1784818790,222582411,robot_2,-3.621,-0.263
1784818790,222620959,robot_0,3.483,2.862
1784818790,222637477,robot_1,-4.303,2.425
1784818790,423290788,robot_2,-3.640,-0.206
1784818790,423327993,robot_0,3.523,2.817
1784818790,423344103,robot_1,-4.303,2.425
1784818790,644809051,robot_2,-3.661,-0.144
1784818790,644853211,robot_0,3.566,2.767
1784818790,644871849,robot_1,-4.304,2.425
1784818790,862160134,robot_2,-3.682,-0.081
1784818790,862199122,robot_0,3.610,2.717
1784818790,862215742,robot_1,-4.304,2.425
1784818791,63308625,robot_2,-3.702,-0.024
1784818791,63351124,robot_0,3.649,2.672
1784818791,63370079,robot_1,-4.304,2.425
1784818791,284727992,robot_2,-3.723,0.038
1784818791,284808202,robot_0,3.693,2.622
1784818791,284839358,robot_1,-4.305,2.424
1784818791,502659307,robot_2,-3.744,0.101
1784818791,502700908,robot_0,3.736,2.573
1784818791,502719202,robot_1,-4.275,2.388
1784818791,704551532,robot_2,-3.763,0.158
1784818791,704627781,robot_0,3.776,2.527
1784818791,704671588,robot_1,-4.235,2.343
1784818791,922263771,robot_2,-3.784,0.220
1784818791,922306607,robot_0,3.819,2.478
1784818791,922323619,robot_1,-4.189,2.295
1784818792,122490567,robot_2,-3.803,0.277
1784818792,122539983,robot_0,3.859,2.433
1784818792,122563461,robot_1,-4.148,2.252
1784818792,342669504,robot_2,-3.824,0.340
1784818792,342709750,robot_0,3.902,2.383
1784818792,342728174,robot_1,-4.103,2.204
1784818792,562179607,robot_2,-3.845,0.402
1784818792,562221052,robot_0,3.945,2.333
1784818792,562240230,robot_1,-4.057,2.156
1784818792,762626300,robot_2,-3.864,0.459
1784818792,762666755,robot_0,3.985,2.288
1784818792,762684116,robot_1,-4.016,2.112
1784818792,962960885,robot_2,-3.883,0.516
1784818792,963011708,robot_0,4.024,2.243
1784818792,963062747,robot_1,-3.975,2.069
1784818793,163588056,robot_2,-3.902,0.573
1784818793,163632705,robot_0,4.064,2.198
1784818793,163649267,robot_1,-3.934,2.025
1784818793,382690241,robot_2,-3.923,0.635
1784818793,382725906,robot_0,4.107,2.148
1784818793,382742891,robot_1,-3.888,1.977
1784818793,583102867,robot_2,-3.942,0.692
1784818793,583150784,robot_0,4.145,2.105
1784818793,583174102,robot_1,-3.847,1.934
1784818793,802212371,robot_2,-3.963,0.755
1784818793,802252094,robot_0,4.150,2.099
1784818793,802270515,robot_1,-3.802,1.886
1784818794,2898336,robot_2,-3.982,0.812
1784818794,2939607,robot_0,4.150,2.099
1784818794,2958982,robot_1,-3.761,1.842
1784818794,222179294,robot_2,-4.004,0.874
1784818794,222238712,robot_0,4.151,2.099
1784818794,222255473,robot_1,-3.715,1.794
1784818794,423823958,robot_2,-4.023,0.931
1784818794,423867725,robot_0,4.151,2.099
1784818794,423889326,robot_1,-3.674,1.750
1784818794,641932208,robot_2,-4.044,0.994
1784818794,641969694,robot_0,4.151,2.087
1784818794,641986363,robot_1,-3.629,1.702
1784818794,842306424,robot_2,-4.063,1.050
1784818794,842361602,robot_0,4.143,2.029
1784818794,842375617,robot_1,-3.588,1.659
1784818795,42503710,robot_2,-4.082,1.107
1784818795,42543943,robot_0,4.132,1.970
1784818795,42580273,robot_1,-3.546,1.615
1784818795,243683576,robot_2,-4.101,1.164
1784818795,243730333,robot_0,4.121,1.911
1784818795,243748566,robot_1,-3.505,1.572
1784818795,445356231,robot_2,-4.120,1.221
1784818795,445435376,robot_0,4.110,1.852
1784818795,445483699,robot_1,-3.464,1.528
1784818795,665004401,robot_2,-4.141,1.284
1784818795,665081137,robot_0,4.097,1.787
1784818795,665213383,robot_1,-3.419,1.480
1784818795,885854890,robot_2,-4.162,1.346
1784818795,885937565,robot_0,4.085,1.722
1784818795,885984640,robot_1,-3.403,1.463
1784818796,102681589,robot_2,-4.183,1.409
1784818796,102720041,robot_0,4.073,1.657
1784818796,102738158,robot_1,-3.403,1.463
1784818796,302785657,robot_2,-4.191,1.433
1784818796,302835179,robot_0,4.062,1.598
1784818796,302855684,robot_1,-3.402,1.464
1784818796,523073968,robot_2,-4.192,1.433
1784818796,523130271,robot_0,4.050,1.533
1784818796,523149701,robot_1,-3.402,1.464
1784818796,723295106,robot_2,-4.192,1.433
1784818796,723333522,robot_0,4.039,1.474
1784818796,723351381,robot_1,-3.402,1.464
1784818796,923824137,robot_2,-4.192,1.433
1784818796,923859003,robot_0,4.034,1.452
1784818796,923875450,robot_1,-3.401,1.464
1784818797,124929495,robot_2,-4.193,1.434
1784818797,124974940,robot_0,4.034,1.452
1784818797,125000292,robot_1,-3.401,1.464
1784818797,325254611,robot_2,-4.175,1.467
1784818797,325315814,robot_0,4.034,1.452
1784818797,325337176,robot_1,-3.402,1.461
1784818797,543403989,robot_2,-4.140,1.523
1784818797,543455980,robot_0,4.034,1.452
1784818797,543482219,robot_1,-3.435,1.415
1784818797,764199651,robot_2,-4.104,1.578
1784818797,764240822,robot_0,4.033,1.452
1784818797,764261263,robot_1,-3.476,1.364
1784818797,983710448,robot_2,-4.067,1.634
1784818797,983792847,robot_0,4.033,1.451
1784818797,983841221,robot_1,-3.518,1.313
1784818798,202604980,robot_2,-4.031,1.689
1784818798,202657455,robot_0,4.033,1.451
1784818798,202685978,robot_1,-3.560,1.262
1784818798,423481836,robot_2,-3.995,1.744
1784818798,423523735,robot_0,4.033,1.451
1784818798,423543996,robot_1,-3.602,1.211
1784818798,642810509,robot_2,-3.959,1.799
1784818798,642873548,robot_0,4.033,1.450
1784818798,642899597,robot_1,-3.643,1.160
1784818798,843036230,robot_2,-3.926,1.849
1784818798,843104073,robot_0,4.032,1.450
1784818798,843135498,robot_1,-3.682,1.113
1784818799,43462679,robot_2,-3.893,1.900
1784818799,43500466,robot_0,4.032,1.450
1784818799,43517708,robot_1,-3.720,1.067
1784818799,244654823,robot_2,-3.860,1.950
1784818799,244700621,robot_0,4.045,1.447
1784818799,244720297,robot_1,-3.758,1.020
1784818799,463001247,robot_2,-3.836,1.987
1784818799,463038290,robot_0,4.107,1.427
1784818799,463055947,robot_1,-3.799,0.969
1784818799,684303223,robot_2,-3.823,2.011
1784818799,684383978,robot_0,4.170,1.405
1784818799,684432315,robot_1,-3.841,0.918
1784818799,903552523,robot_2,-3.793,2.070
1784818799,903592992,robot_0,4.232,1.384
1784818799,903610449,robot_1,-3.883,0.867
1784818800,122442017,robot_2,-3.764,2.129
1784818800,122480277,robot_0,4.294,1.362
1784818800,122497913,robot_1,-3.925,0.816
1784818800,322574515,robot_2,-3.737,2.182
1784818800,322616893,robot_0,4.343,1.345
1784818800,322637885,robot_1,-3.963,0.770
1784818800,543274466,robot_2,-3.707,2.241
1784818800,543312698,robot_0,4.344,1.345
1784818800,543331535,robot_1,-4.005,0.719
1784818800,762833323,robot_2,-3.677,2.300
1784818800,762874845,robot_0,4.345,1.345
1784818800,762895131,robot_1,-4.047,0.668
1784818800,965495016,robot_2,-3.651,2.354
1784818800,965536194,robot_0,4.345,1.345
1784818800,965555125,robot_1,-4.085,0.621
1784818801,182915738,robot_2,-3.621,2.413
1784818801,182955950,robot_0,4.345,1.346
1784818801,182984646,robot_1,-4.127,0.570
1784818801,402467676,robot_2,-3.591,2.472
1784818801,402506647,robot_0,4.345,1.346
1784818801,402525927,robot_1,-4.169,0.519
1784818801,604040720,robot_2,-3.564,2.526
1784818801,604082456,robot_0,4.346,1.346
1784818801,604106875,robot_1,-4.207,0.473
1784818801,823272557,robot_2,-3.535,2.584
1784818801,823310599,robot_0,4.346,1.346
1784818801,823329035,robot_1,-4.233,0.441
1784818802,42785792,robot_2,-3.505,2.643
1784818802,42826224,robot_0,4.347,1.346
1784818802,42844506,robot_1,-4.233,0.441
1784818802,243913274,robot_2,-3.478,2.697
1784818802,243954964,robot_0,4.347,1.346
1784818802,243973252,robot_1,-4.233,0.441
1784818802,444596487,robot_2,-3.451,2.751
1784818802,444649802,robot_0,4.346,1.346
1784818802,444674139,robot_1,-4.233,0.442
1784818802,666353080,robot_2,-3.422,2.810
1784818802,666429412,robot_0,4.346,1.346
1784818802,666474696,robot_1,-4.234,0.442
1784818802,882738932,robot_2,-3.392,2.869
1784818802,882779474,robot_0,4.346,1.346
1784818802,882797872,robot_1,-4.234,0.442
1784818803,82765622,robot_2,-3.365,2.922
1784818803,82806574,robot_0,4.345,1.345
1784818803,82825525,robot_1,-4.234,0.441
1784818803,302041708,robot_2,-3.336,2.981
1784818803,302080832,robot_0,4.345,1.345
1784818803,302112481,robot_1,-4.212,0.400
1784818803,502548779,robot_2,-3.309,3.035
1784818803,502591411,robot_0,4.345,1.345
1784818803,502610497,robot_1,-4.180,0.349
1784818803,702573796,robot_2,-3.282,3.089
1784818803,702614361,robot_0,4.345,1.345
1784818803,702631005,robot_1,-4.147,0.299
1784818803,923575738,robot_2,-3.252,3.148
1784818803,923612581,robot_0,4.345,1.345
1784818803,923631957,robot_1,-4.111,0.244
1784818804,142405413,robot_2,-3.223,3.207
1784818804,142449001,robot_0,4.346,1.346
1784818804,142467577,robot_1,-4.075,0.188
1784818804,342555219,robot_2,-3.196,3.260
1784818804,342592948,robot_0,4.346,1.346
1784818804,342610303,robot_1,-4.042,0.138
1784818804,562524333,robot_2,-3.166,3.319
1784818804,562562923,robot_0,4.347,1.346
1784818804,562580140,robot_1,-4.006,0.083
1784818804,763559627,robot_2,-3.139,3.373
1784818804,763600898,robot_0,4.347,1.346
1784818804,763618935,robot_1,-3.973,0.033
1784818804,982398660,robot_2,-3.110,3.432
1784818804,982440133,robot_0,4.347,1.346
1784818804,982457453,robot_1,-3.937,-0.023
1784818805,182979626,robot_2,-3.083,3.485
1784818805,183018831,robot_0,4.347,1.346
1784818805,183035883,robot_1,-3.905,-0.073
1784818805,402447373,robot_2,-3.053,3.544
1784818805,402486722,robot_0,4.347,1.346
1784818805,402503963,robot_1,-3.869,-0.128
1784818805,603347364,robot_2,-3.026,3.598
1784818805,603383691,robot_0,4.347,1.346
1784818805,603400318,robot_1,-3.836,-0.179
1784818805,823913120,robot_2,-2.997,3.657
1784818805,823950066,robot_0,4.346,1.345
1784818805,823967302,robot_1,-3.800,-0.234
1784818806,43854200,robot_2,-2.967,3.716
1784818806,43929906,robot_0,4.346,1.345
1784818806,43975974,robot_1,-3.764,-0.289
1784818806,243868911,robot_2,-2.940,3.770
1784818806,243909662,robot_0,4.346,1.345
1784818806,243927752,robot_1,-3.731,-0.339
1784818806,444035218,robot_2,-2.913,3.823
1784818806,444078595,robot_0,4.346,1.345
1784818806,444114881,robot_1,-3.698,-0.390
1784818806,664067031,robot_2,-2.884,3.882
1784818806,664130798,robot_0,4.346,1.345
1784818806,664149836,robot_1,-3.662,-0.445
1784818806,864259587,robot_2,-2.857,3.936
1784818806,864303261,robot_0,4.345,1.344
1784818806,864322698,robot_1,-3.629,-0.495
1784818807,64481372,robot_2,-2.830,3.990
1784818807,64530959,robot_0,4.345,1.344
1784818807,64554429,robot_1,-3.597,-0.546
1784818807,282265504,robot_2,-2.800,4.049
1784818807,282303035,robot_0,4.345,1.344
1784818807,282318884,robot_1,-3.561,-0.601
1784818807,502153946,robot_2,-2.771,4.108
1784818807,502191020,robot_0,4.346,1.344
1784818807,502206299,robot_1,-3.525,-0.656
1784818807,702422309,robot_2,-2.744,4.161
1784818807,702461388,robot_0,4.346,1.345
1784818807,702478939,robot_1,-3.492,-0.706
1784818807,921986065,robot_2,-2.714,4.220
1784818807,922022351,robot_0,4.346,1.345
1784818807,922039283,robot_1,-3.456,-0.762
1784818808,123798586,robot_2,-2.687,4.274
1784818808,123875274,robot_0,4.346,1.345
1784818808,123919489,robot_1,-3.423,-0.812
1784818808,343342851,robot_2,-2.658,4.333
1784818808,343381287,robot_0,4.347,1.345
1784818808,343397591,robot_1,-3.387,-0.867
1784818808,562777974,robot_2,-2.652,4.345
1784818808,562815932,robot_0,4.347,1.345
1784818808,562833596,robot_1,-3.351,-0.923
1784818808,783321281,robot_2,-2.652,4.346
1784818808,783357698,robot_0,4.348,1.345
1784818808,783374359,robot_1,-3.315,-0.978
1784818809,2734523,robot_2,-2.652,4.346
1784818809,2782003,robot_0,4.348,1.345
1784818809,2803547,robot_1,-3.279,-1.033
1784818809,222606049,robot_2,-2.652,4.346
1784818809,222651108,robot_0,4.348,1.345
1784818809,222674014,robot_1,-3.243,-1.088
1784818809,423533614,robot_2,-2.652,4.347
1784818809,423572735,robot_0,4.348,1.345
1784818809,423592383,robot_1,-3.210,-1.139
1784818809,644051770,robot_2,-2.653,4.347
1784818809,644095605,robot_0,4.347,1.345
1784818809,644113432,robot_1,-3.174,-1.194
1784818809,863438240,robot_2,-2.653,4.347
1784818809,863479406,robot_0,4.347,1.345
1784818809,863499208,robot_1,-3.138,-1.249
1784818810,65178806,robot_2,-2.652,4.348
1784818810,65219755,robot_0,4.347,1.345
1784818810,65237007,robot_1,-3.105,-1.300
1784818810,282533464,robot_2,-2.628,4.337
1784818810,282572597,robot_0,4.347,1.345
1784818810,282591276,robot_1,-3.069,-1.355
1784818810,483868237,robot_2,-2.575,4.309
1784818810,483905569,robot_0,4.346,1.344
1784818810,483922252,robot_1,-3.037,-1.405
1784818810,704194149,robot_2,-2.518,4.277
1784818810,704256998,robot_0,4.346,1.344
1784818810,704276638,robot_1,-3.000,-1.460
1784818810,905337537,robot_2,-2.466,4.247
1784818810,905395521,robot_0,4.346,1.344
1784818810,905419132,robot_1,-2.968,-1.511
1784818811,123164175,robot_2,-2.408,4.214
1784818811,123206750,robot_0,4.346,1.344
1784818811,123225610,robot_1,-2.932,-1.566
1784818811,343105300,robot_2,-2.365,4.190
1784818811,343151441,robot_0,4.346,1.344
1784818811,343170692,robot_1,-2.896,-1.621
1784818811,557602432,robot_2,-2.365,4.190
1784818811,557648310,robot_0,4.346,1.344
1784818811,557668925,robot_1,-2.886,-1.636
1784818811,776356744,robot_2,-2.321,4.169
1784818811,776397306,robot_0,4.346,1.344
1784818811,776415705,robot_1,-2.850,-1.692
1784818811,976521351,robot_2,-2.267,4.143
1784818811,976572993,robot_0,4.347,1.344
1784818811,976589888,robot_1,-2.817,-1.742
1784818812,344659746,robot_2,-2.245,4.133
1784818812,344717244,robot_0,4.347,1.345
1784818812,344740077,robot_1,-2.804,-1.762
1784818812,562210274,robot_2,-2.185,4.105
1784818812,562257055,robot_0,4.347,1.345
1784818812,562278015,robot_1,-2.768,-1.817
1784818812,762284561,robot_2,-2.131,4.080
1784818812,762325077,robot_0,4.347,1.345
1784818812,762344072,robot_1,-2.735,-1.868
1784818812,963690389,robot_2,-2.076,4.055
1784818812,963765515,robot_0,4.348,1.345
1784818812,963809803,robot_1,-2.702,-1.918
1784818813,182444541,robot_2,-2.016,4.027
1784818813,182483237,robot_0,4.348,1.345
1784818813,182502444,robot_1,-2.666,-1.973
1784818813,383479005,robot_2,-1.962,4.002
1784818813,383603972,robot_0,4.349,1.345
1784818813,383643720,robot_1,-2.634,-2.023
1784818813,602228329,robot_2,-1.902,3.974
1784818813,602285131,robot_0,4.349,1.345
1784818813,602311589,robot_1,-2.598,-2.079
1784818813,803613836,robot_2,-1.848,3.949
1784818813,803690852,robot_0,4.349,1.345
1784818813,803736871,robot_1,-2.565,-2.129
1784818814,23780338,robot_2,-1.788,3.921
1784818814,23863551,robot_0,4.349,1.345
1784818814,23909295,robot_1,-2.529,-2.184
1784818814,242204532,robot_2,-1.728,3.894
1784818814,242245410,robot_0,4.348,1.345
1784818814,242265152,robot_1,-2.493,-2.240
1784818814,443235786,robot_2,-1.673,3.868
1784818814,443280864,robot_0,4.348,1.345
1784818814,443301817,robot_1,-2.460,-2.290
1784818814,644221051,robot_2,-1.619,3.843
1784818814,644300121,robot_0,4.348,1.345
1784818814,644345538,robot_1,-2.427,-2.340
1784818814,863581324,robot_2,-1.559,3.815
1784818814,863633632,robot_0,4.347,1.344
1784818814,863657701,robot_1,-2.391,-2.395
1784818815,65113458,robot_2,-1.505,3.790
1784818815,65161669,robot_0,4.347,1.344
1784818815,65182539,robot_1,-2.358,-2.446
1784818815,284833263,robot_2,-1.445,3.762
1784818815,284882152,robot_0,4.347,1.344
1784818815,284913244,robot_1,-2.322,-2.501
1784818815,503030476,robot_2,-1.385,3.735
1784818815,503079791,robot_0,4.347,1.344
1784818815,503107675,robot_1,-2.286,-2.556
1784818815,703041258,robot_2,-1.330,3.709
1784818815,703099412,robot_0,4.347,1.343
1784818815,703122727,robot_1,-2.254,-2.606
1784818815,922641428,robot_2,-1.270,3.682
1784818815,922690730,robot_0,4.347,1.344
1784818815,922714287,robot_1,-2.218,-2.662
1784818816,123886751,robot_2,-1.216,3.656
1784818816,123965666,robot_0,4.347,1.344
1784818816,124011839,robot_1,-2.185,-2.712
1784818816,323900060,robot_2,-1.162,3.631
1784818816,323951110,robot_0,4.347,1.344
1784818816,323972875,robot_1,-2.152,-2.762
1784818816,543764755,robot_2,-1.102,3.604
1784818816,543813828,robot_0,4.348,1.344
1784818816,543836600,robot_1,-2.116,-2.818
1784818816,744214902,robot_2,-1.047,3.578
1784818816,744265842,robot_0,4.348,1.344
1784818816,744288738,robot_1,-2.083,-2.868
1784818816,944511535,robot_2,-0.993,3.553
1784818816,944607749,robot_0,4.348,1.344
1784818816,944631007,robot_1,-2.050,-2.918
1784818817,163083833,robot_2,-0.980,3.547
1784818817,163151363,robot_0,4.349,1.344
1784818817,163187382,robot_1,-2.014,-2.973
1784818817,364438922,robot_2,-0.980,3.547
1784818817,364491722,robot_0,4.349,1.344
1784818817,364513308,robot_1,-1.982,-3.024
1784818817,585227040,robot_2,-0.980,3.547
1784818817,585311726,robot_0,4.350,1.344
1784818817,585342730,robot_1,-1.946,-3.079
1784818817,803064898,robot_2,-0.980,3.547
1784818817,803125584,robot_0,4.350,1.344
1784818817,803149546,robot_1,-1.910,-3.134
1784818818,19404083,robot_2,-0.980,3.547
1784818818,19448299,robot_0,4.349,1.344
1784818818,19468382,robot_1,-1.877,-3.185
1784818818,220631633,robot_2,-0.980,3.547
1784818818,220677106,robot_0,4.349,1.344
1784818818,220699884,robot_1,-1.844,-3.235
1784818818,439569193,robot_2,-0.980,3.546
1784818818,439615774,robot_0,4.349,1.344
1784818818,439638289,robot_1,-1.808,-3.290
1784818818,640772191,robot_2,-0.980,3.546
1784818818,640819539,robot_0,4.348,1.344
1784818818,640840597,robot_1,-1.775,-3.340
1784818818,841209022,robot_2,-0.980,3.546
1784818818,841272249,robot_0,4.348,1.344
1784818818,841297241,robot_1,-1.742,-3.391
1784818819,61785280,robot_2,-0.980,3.545
1784818819,61835723,robot_0,4.348,1.344
1784818819,61858192,robot_1,-1.706,-3.446
1784818819,262015224,robot_2,-0.980,3.545
1784818819,262101783,robot_0,4.348,1.343
1784818819,262147815,robot_1,-1.674,-3.496
1784818819,479891951,robot_2,-0.979,3.545
1784818819,479941361,robot_0,4.347,1.343
1784818819,479963756,robot_1,-1.638,-3.551
1784818819,679944511,robot_2,-0.979,3.545
1784818819,679992211,robot_0,4.347,1.343
1784818819,680012965,robot_1,-1.605,-3.602
1784818819,899384710,robot_2,-0.979,3.545
1784818819,899430839,robot_0,4.347,1.343
1784818819,899452375,robot_1,-1.569,-3.657
1784818820,100960799,robot_2,-0.978,3.545
1784818820,101017387,robot_0,4.347,1.343
1784818820,101051998,robot_1,-1.536,-3.707
1784818820,320308593,robot_2,-0.978,3.545
1784818820,320356824,robot_0,4.348,1.343
1784818820,320380786,robot_1,-1.500,-3.763
1784818820,524582336,robot_2,-0.978,3.545
1784818820,524626701,robot_0,4.348,1.343
1784818820,524649098,robot_1,-1.494,-3.773
1784818820,743835747,robot_2,-0.978,3.545
1784818820,743882017,robot_0,4.348,1.343
1784818820,743905839,robot_1,-1.457,-3.828
1784818820,965627541,robot_2,-0.977,3.545
1784818820,965706537,robot_0,4.348,1.344
1784818820,965750592,robot_1,-1.421,-3.883
1784818821,185035330,robot_2,-0.977,3.545
1784818821,185086009,robot_0,4.349,1.344
1784818821,185116607,robot_1,-1.389,-3.934
1784818821,404663328,robot_2,-0.977,3.546
1784818821,404712150,robot_0,4.349,1.344
1784818821,404735920,robot_1,-1.353,-3.989
1784818821,604688441,robot_2,-0.977,3.546
1784818821,604735742,robot_0,4.349,1.344
1784818821,604758884,robot_1,-1.320,-4.039
1784818821,804810037,robot_2,-0.983,3.549
1784818821,804859767,robot_0,4.350,1.344
1784818821,804882158,robot_1,-1.287,-4.089
1784818822,5749247,robot_2,-1.036,3.572
1784818822,5794737,robot_0,4.350,1.344
1784818822,5817150,robot_1,-1.254,-4.140
1784818822,226059098,robot_2,-1.096,3.598
1784818822,226128564,robot_0,4.349,1.344
1784818822,226153590,robot_1,-1.218,-4.195
1784818822,444436886,robot_2,-1.157,3.624
1784818822,444483768,robot_0,4.349,1.344
1784818822,444504872,robot_1,-1.182,-4.250
1784818822,653106699,robot_2,-1.201,3.643
1784818822,653161717,robot_0,4.349,1.344
1784818822,653184943,robot_1,-1.156,-4.290
1784818822,853492724,robot_2,-1.256,3.666
1784818822,853536997,robot_0,4.349,1.343
1784818822,853559651,robot_1,-1.123,-4.341
1784818823,73837549,robot_2,-1.317,3.693
1784818823,73915276,robot_0,4.348,1.343
1784818823,73960859,robot_1,-1.109,-4.362
1784818823,292841847,robot_2,-1.378,3.719
1784818823,292889170,robot_0,4.348,1.343
1784818823,292910215,robot_1,-1.109,-4.363
1784818823,512082425,robot_2,-1.438,3.745
1784818823,512137831,robot_0,4.348,1.343
1784818823,512159628,robot_1,-1.110,-4.363
1784818823,712643874,robot_2,-1.493,3.768
1784818823,712702389,robot_0,4.348,1.342
1784818823,712734290,robot_1,-1.110,-4.363
1784818823,914096286,robot_2,-1.548,3.792
1784818823,914142775,robot_0,4.348,1.342
1784818823,914163021,robot_1,-1.110,-4.363
1784818824,132411485,robot_2,-1.609,3.818
1784818824,132456795,robot_0,4.348,1.342
1784818824,132479748,robot_1,-1.110,-4.364
1784818824,332774511,robot_2,-1.664,3.842
1784818824,332824660,robot_0,4.348,1.343
1784818824,332849140,robot_1,-1.110,-4.364
1784818824,533545494,robot_2,-1.719,3.866
1784818824,533596052,robot_0,4.348,1.343
1784818824,533618898,robot_1,-1.110,-4.364
1784818824,733578122,robot_2,-1.774,3.889
1784818824,733627983,robot_0,4.349,1.343
1784818824,733652692,robot_1,-1.110,-4.365
1784818824,952717644,robot_2,-1.835,3.915
1784818824,952765305,robot_0,4.349,1.343
1784818824,952787744,robot_1,-1.110,-4.365
1784818825,153663220,robot_2,-1.890,3.939
1784818825,153713909,robot_0,4.349,1.344
1784818825,153737295,robot_1,-1.110,-4.365
1784818825,372312205,robot_2,-1.951,3.965
1784818825,372361907,robot_0,4.350,1.344
1784818825,372384718,robot_1,-1.110,-4.364
1784818825,592251621,robot_2,-2.011,3.991
1784818825,592299851,robot_0,4.350,1.344
1784818825,592321577,robot_1,-1.110,-4.364
1784818825,812470253,robot_2,-2.072,4.017
1784818825,812518809,robot_0,4.350,1.344
1784818825,812541653,robot_1,-1.110,-4.364
1784818826,33463907,robot_2,-2.133,4.043
1784818826,33509216,robot_0,4.350,1.344
1784818826,33530754,robot_1,-1.109,-4.363
1784818826,251751031,robot_2,-2.193,4.069
1784818826,251794885,robot_0,4.350,1.344
1784818826,251815689,robot_1,-1.109,-4.363
1784818826,452678485,robot_2,-2.248,4.093
1784818826,452725460,robot_0,4.350,1.344
1784818826,452747388,robot_1,-1.109,-4.363
1784818826,672196857,robot_2,-2.309,4.119
1784818826,672244155,robot_0,4.350,1.343
1784818826,672264875,robot_1,-1.109,-4.362
1784818826,891682724,robot_2,-2.370,4.145
1784818826,891726924,robot_0,4.349,1.343
1784818826,891747856,robot_1,-1.108,-4.362
1784818827,92017248,robot_2,-2.425,4.169
1784818827,92059809,robot_0,4.349,1.343
1784818827,92080043,robot_1,-1.108,-4.362
1784818827,292138045,robot_2,-2.475,4.191
1784818827,292185728,robot_0,4.349,1.343
1784818827,292206723,robot_1,-1.109,-4.362
1784818827,511637131,robot_2,-2.479,4.192
1784818827,511678595,robot_0,4.349,1.342
1784818827,511698278,robot_1,-1.109,-4.363
1784818827,711693863,robot_2,-2.479,4.193
1784818827,711737807,robot_0,4.349,1.342
1784818827,711756280,robot_1,-1.109,-4.363
1784818827,911977119,robot_2,-2.479,4.193
1784818827,912018060,robot_0,4.349,1.342
1784818827,912038063,robot_1,-1.109,-4.363
1784818828,133093858,robot_2,-2.479,4.193
1784818828,133134604,robot_0,4.349,1.342
1784818828,133153107,robot_1,-1.109,-4.364
1784818828,351617562,robot_2,-2.493,4.188
1784818828,351660935,robot_0,4.349,1.342
1784818828,351680046,robot_1,-1.109,-4.364
1784818828,552463407,robot_2,-2.546,4.161
1784818828,552506454,robot_0,4.349,1.343
1784818828,552525369,robot_1,-1.109,-4.364
1784818828,771438911,robot_2,-2.604,4.130
1784818828,771481911,robot_0,4.349,1.343
1784818828,771501744,robot_1,-1.109,-4.365
1784818828,971763245,robot_2,-2.656,4.100
1784818828,971805754,robot_0,4.350,1.343
1784818828,971825235,robot_1,-1.109,-4.365
1784818829,191510486,robot_2,-2.714,4.068
1784818829,191555846,robot_0,4.350,1.343
1784818829,191575852,robot_1,-1.109,-4.365
1784818829,411453083,robot_2,-2.772,4.036
1784818829,411497457,robot_0,4.351,1.343
1784818829,411517936,robot_1,-1.109,-4.365
1784818829,611798124,robot_2,-2.824,4.007
1784818829,611838928,robot_0,4.351,1.343
1784818829,611859030,robot_1,-1.089,-4.358
1784818829,832247718,robot_2,-2.882,3.975
1784818829,832289085,robot_0,4.351,1.343
1784818829,832309396,robot_1,-1.025,-4.342
1784818830,33060763,robot_2,-2.934,3.946
1784818830,33115525,robot_0,4.351,1.343
1784818830,33136115,robot_1,-0.967,-4.330
1784818830,253625840,robot_2,-2.992,3.914
1784818830,253668259,robot_0,4.350,1.343
1784818830,253688578,robot_1,-0.902,-4.317
1784818830,471566471,robot_2,-3.049,3.882
1784818830,471626655,robot_0,4.350,1.343
1784818830,471660992,robot_1,-0.838,-4.303
1784818830,672494397,robot_2,-3.102,3.853
1784818830,672554591,robot_0,4.350,1.343
1784818830,672611246,robot_1,-0.790,-4.293
1784818830,873072228,robot_2,-3.154,3.823
1784818830,873135998,robot_0,4.350,1.342
1784818830,873160772,robot_1,-0.789,-4.293
1784818831,92869880,robot_2,-3.212,3.791
1784818831,92909578,robot_0,4.349,1.342
1784818831,92928154,robot_1,-0.789,-4.292
1784818831,311249644,robot_2,-3.270,3.759
1784818831,311296615,robot_0,4.349,1.342
1784818831,311318542,robot_1,-0.789,-4.292
1784818831,511747529,robot_2,-3.322,3.730
1784818831,511786087,robot_0,4.349,1.342
1784818831,511803971,robot_1,-0.788,-4.292
1784818831,712980006,robot_2,-3.342,3.719
1784818831,713017586,robot_0,4.350,1.342
1784818831,713034788,robot_1,-0.788,-4.291
1784818831,932462221,robot_2,-3.342,3.719
1784818831,932504991,robot_0,4.350,1.343
1784818831,932525739,robot_1,-0.788,-4.291
1784818832,152281068,robot_2,-3.343,3.719
1784818832,152325681,robot_0,4.350,1.343
1784818832,152349689,robot_1,-0.788,-4.291
1784818832,372468839,robot_2,-3.344,3.718
1784818832,372514227,robot_0,4.351,1.343
1784818832,372533532,robot_1,-0.787,-4.291
1784818832,592440271,robot_2,-3.366,3.665
1784818832,592486191,robot_0,4.351,1.343
1784818832,592504950,robot_1,-0.787,-4.290
1784818832,793000484,robot_2,-3.387,3.609
1784818832,793051531,robot_0,4.351,1.343
1784818832,793074065,robot_1,-0.786,-4.290
1784818833,11469232,robot_2,-3.409,3.547
1784818833,11516615,robot_0,4.351,1.343
1784818833,11536529,robot_1,-0.786,-4.290
1784818833,211775590,robot_2,-3.429,3.490
1784818833,211821442,robot_0,4.351,1.343
1784818833,211843347,robot_1,-0.786,-4.290
1784818833,432347207,robot_2,-3.451,3.428
1784818833,432388244,robot_0,4.351,1.343
1784818833,432408569,robot_1,-0.786,-4.290
1784818833,667615754,robot_2,-3.467,3.383
1784818833,667662657,robot_0,4.351,1.343
1784818833,667681993,robot_1,-0.787,-4.291
1784818833,867724547,robot_2,-3.487,3.326
1784818833,867773944,robot_0,4.350,1.343
1784818833,867795909,robot_1,-0.787,-4.291
1784818834,86522955,robot_2,-3.508,3.264
1784818834,86563914,robot_0,4.350,1.342
1784818834,86584002,robot_1,-0.787,-4.291
1784818834,286757802,robot_2,-3.528,3.207
1784818834,286801515,robot_0,4.350,1.342
1784818834,286822223,robot_1,-0.788,-4.291
1784818834,488449005,robot_2,-3.548,3.151
1784818834,488523493,robot_0,4.350,1.342
1784818834,488568556,robot_1,-0.788,-4.292
1784818834,707633174,robot_2,-3.559,3.120
1784818834,707688865,robot_0,4.350,1.342
1784818834,707718345,robot_1,-0.788,-4.292
1784818834,907971797,robot_2,-3.573,3.090
1784818834,908044883,robot_0,4.350,1.342
1784818834,908096791,robot_1,-0.788,-4.292
1784818835,127667313,robot_2,-3.602,3.030
1784818835,127709029,robot_0,4.350,1.342
1784818835,127728590,robot_1,-0.788,-4.292
1784818835,347563980,robot_2,-3.630,2.971
1784818835,347604590,robot_0,4.351,1.343
1784818835,347624963,robot_1,-0.788,-4.292
1784818835,566853828,robot_2,-3.659,2.912
1784818835,566891292,robot_0,4.351,1.343
1784818835,566909560,robot_1,-0.788,-4.292
1784818835,767345439,robot_2,-3.686,2.858
1784818835,767395899,robot_0,4.352,1.343
1784818835,767420914,robot_1,-0.787,-4.291
1784818835,968329679,robot_2,-3.712,2.804
1784818835,968406236,robot_0,4.352,1.343
1784818835,968451104,robot_1,-0.787,-4.291
1784818836,168904716,robot_2,-3.738,2.750
1784818836,168955782,robot_0,4.352,1.343
1784818836,168979270,robot_1,-0.787,-4.291
1784818836,388177726,robot_2,-3.767,2.691
1784818836,388220558,robot_0,4.353,1.343
1784818836,388240348,robot_1,-0.786,-4.291
1784818836,606713155,robot_2,-3.796,2.631
1784818836,606754999,robot_0,4.353,1.343
1784818836,606775262,robot_1,-0.786,-4.291
1784818836,809168375,robot_2,-3.822,2.577
1784818836,809212621,robot_0,4.353,1.343
1784818836,809232544,robot_1,-0.786,-4.291
1784818837,26733647,robot_2,-3.851,2.518
1784818837,26771997,robot_0,4.352,1.343
1784818837,26792031,robot_1,-0.786,-4.291
1784818837,228852706,robot_2,-3.878,2.464
1784818837,228936380,robot_0,4.352,1.343
1784818837,228986833,robot_1,-0.786,-4.291
1784818837,447127060,robot_2,-3.907,2.405
1784818837,447164730,robot_0,4.351,1.343
1784818837,447257400,robot_1,-0.786,-4.291
1784818837,667133047,robot_2,-3.936,2.346
1784818837,667176641,robot_0,4.351,1.342
1784818837,667199217,robot_1,-0.787,-4.291
1784818837,887034926,robot_2,-3.965,2.286
1784818837,887074702,robot_0,4.351,1.342
1784818837,887104512,robot_1,-0.787,-4.291
1784818838,106312866,robot_2,-3.993,2.227
1784818838,106347368,robot_0,4.351,1.342
1784818838,106362271,robot_1,-0.787,-4.292
1784818838,306967431,robot_2,-4.020,2.173
1784818838,307007496,robot_0,4.351,1.341
1784818838,307029834,robot_1,-0.787,-4.292
1784818838,507909908,robot_2,-4.046,2.119
1784818838,507946725,robot_0,4.351,1.341
1784818838,507963380,robot_1,-0.787,-4.292
1784818838,727680481,robot_2,-4.075,2.060
1784818838,727753702,robot_0,4.351,1.341
1784818838,727796486,robot_1,-0.787,-4.293
1784818838,947083575,robot_2,-4.104,2.000
1784818838,947131882,robot_0,4.351,1.342
1784818838,947149983,robot_1,-0.787,-4.293
1784818839,148250063,robot_2,-4.130,1.947
1784818839,148308227,robot_0,4.351,1.342
1784818839,148348965,robot_1,-0.787,-4.293
1784818839,366318745,robot_2,-4.136,1.934
1784818839,366359526,robot_0,4.351,1.342
1784818839,366376257,robot_1,-0.787,-4.292
1784818839,567150264,robot_2,-4.137,1.934
1784818839,567187942,robot_0,4.352,1.342
1784818839,567203662,robot_1,-0.787,-4.292
1784818839,767468702,robot_2,-4.137,1.934
1784818839,767528799,robot_0,4.352,1.342
1784818839,767562284,robot_1,-0.787,-4.291
1784818839,986474823,robot_2,-4.137,1.931
1784818839,986525987,robot_0,4.353,1.342
1784818839,986548389,robot_1,-0.786,-4.291
1784818840,188043577,robot_2,-4.126,1.879
1784818840,188086872,robot_0,4.353,1.342
1784818840,188118768,robot_1,-0.786,-4.291
1784818840,407471962,robot_2,-4.109,1.815
1784818840,407518461,robot_0,4.353,1.342
1784818840,407542955,robot_1,-0.785,-4.291
1784818840,607859725,robot_2,-4.093,1.757
1784818840,607916900,robot_0,4.353,1.342
1784818840,607951511,robot_1,-0.785,-4.291
1784818840,829281265,robot_2,-4.075,1.694
1784818840,829346328,robot_0,4.352,1.342
1784818840,829377640,robot_1,-0.785,-4.291
1784818841,48045996,robot_2,-4.058,1.630
1784818841,48086718,robot_0,4.352,1.342
1784818841,48116562,robot_1,-0.785,-4.291
1784818841,269043716,robot_2,-4.040,1.567
1784818841,269087672,robot_0,4.352,1.342
1784818841,269120118,robot_1,-0.785,-4.291
1784818841,488560857,robot_2,-4.022,1.503
1784818841,488637334,robot_0,4.352,1.342
1784818841,488683527,robot_1,-0.784,-4.291
1784818841,710523427,robot_2,-4.005,1.439
1784818841,710600942,robot_0,4.351,1.341
1784818841,710645979,robot_1,-0.784,-4.291
1784818841,929661066,robot_2,-3.987,1.376
1784818841,929735376,robot_0,4.351,1.341
1784818841,929779242,robot_1,-0.784,-4.291
1784818842,147527054,robot_2,-3.969,1.312
1784818842,147569342,robot_0,4.352,1.342
1784818842,147592286,robot_1,-0.783,-4.292
1784818842,350788693,robot_2,-3.953,1.254
1784818842,350868347,robot_0,4.352,1.342
1784818842,350913004,robot_1,-0.783,-4.292
1784818842,568504399,robot_2,-3.936,1.191
1784818842,568551065,robot_0,4.352,1.342
1784818842,568570255,robot_1,-0.783,-4.292
1784818842,787423902,robot_2,-3.918,1.127
1784818842,787471984,robot_0,4.353,1.342
1784818842,787493244,robot_1,-0.783,-4.293
1784818842,991820633,robot_2,-3.902,1.069
1784818842,991866622,robot_0,4.353,1.342
1784818842,991886859,robot_1,-0.783,-4.293
1784818843,208785017,robot_2,-3.884,1.006
1784818843,208830046,robot_0,4.353,1.342
1784818843,208850735,robot_1,-0.783,-4.294
1784818843,409198958,robot_2,-3.868,0.948
1784818843,409246211,robot_0,4.354,1.342
1784818843,409267877,robot_1,-0.783,-4.294
1784818843,609312464,robot_2,-3.852,0.890
1784818843,609394192,robot_0,4.354,1.342
1784818843,609439923,robot_1,-0.784,-4.293
1784818843,826470692,robot_2,-3.835,0.827
1784818843,826509606,robot_0,4.353,1.342
1784818843,826527560,robot_1,-0.826,-4.257
1784818844,30272235,robot_2,-3.819,0.769
1784818844,30345719,robot_0,4.353,1.342
1784818844,30388837,robot_1,-0.868,-4.215
1784818844,247057907,robot_2,-3.801,0.705
1784818844,247113843,robot_0,4.353,1.342
1784818844,247133081,robot_1,-0.914,-4.168
1784818844,448805148,robot_2,-3.785,0.647
1784818844,448853515,robot_0,4.352,1.342
1784818844,448873817,robot_1,-0.956,-4.125
1784818844,668132572,robot_2,-3.767,0.584
1784818844,668173122,robot_0,4.352,1.341
1784818844,668192575,robot_1,-1.003,-4.078
1784818844,886785241,robot_2,-3.750,0.520
1784818844,886830880,robot_0,4.352,1.341
1784818844,886851464,robot_1,-1.049,-4.031
1784818845,108782341,robot_2,-3.732,0.457
1784818845,108856129,robot_0,4.352,1.341
1784818845,108900598,robot_1,-1.095,-3.984
1784818845,309698524,robot_2,-3.716,0.399
1784818845,309782756,robot_0,4.352,1.340
1784818845,309826998,robot_1,-1.137,-3.941
1784818845,527618914,robot_2,-3.698,0.335
1784818845,527663395,robot_0,4.352,1.340
1784818845,527684076,robot_1,-1.183,-3.894
1784818845,746493144,robot_2,-3.681,0.272
1784818845,746529829,robot_0,4.352,1.341
1784818845,746546077,robot_1,-1.229,-3.846
1784818845,947238389,robot_2,-3.665,0.214
1784818845,947285611,robot_0,4.352,1.341
1784818845,947307312,robot_1,-1.271,-3.804
1784818846,167125878,robot_2,-3.647,0.150
1784818846,167168798,robot_0,4.352,1.341
1784818846,167187918,robot_1,-1.318,-3.757
1784818846,368683924,robot_2,-3.631,0.092
1784818846,368729727,robot_0,4.353,1.342
1784818846,368751516,robot_1,-1.360,-3.714
1784818846,569408532,robot_2,-3.615,0.035
1784818846,569467305,robot_0,4.353,1.342
1784818846,569495288,robot_1,-1.402,-3.671
1784818846,786480430,robot_2,-3.597,-0.029
1784818846,786526061,robot_0,4.353,1.342
1784818846,786546463,robot_1,-1.448,-3.624
1784818846,987867114,robot_2,-3.581,-0.087
1784818846,987942475,robot_0,4.354,1.342
1784818846,987986228,robot_1,-1.490,-3.581
1784818847,207549102,robot_2,-3.563,-0.150
1784818847,207590019,robot_0,4.354,1.342
1784818847,207608536,robot_1,-1.536,-3.534
1784818847,408867084,robot_2,-3.547,-0.208
1784818847,408946883,robot_0,4.354,1.342
1784818847,408992659,robot_1,-1.578,-3.491
1784818847,627644591,robot_2,-3.530,-0.272
1784818847,627699442,robot_0,4.354,1.342
1784818847,627720082,robot_1,-1.624,-3.444
1784818847,848401455,robot_2,-3.512,-0.335
1784818847,848446226,robot_0,4.354,1.342
1784818847,848464918,robot_1,-1.671,-3.397
1784818848,70281219,robot_2,-3.494,-0.399
1784818848,70356284,robot_0,4.353,1.342
1784818848,70400759,robot_1,-1.717,-3.350
1784818848,288271003,robot_2,-3.477,-0.463
1784818848,288318030,robot_0,4.353,1.341
1784818848,288344247,robot_1,-1.763,-3.303
1784818848,488912132,robot_2,-3.461,-0.520
1784818848,488955074,robot_0,4.353,1.341
1784818848,488974385,robot_1,-1.805,-3.260
1784818848,708657781,robot_2,-3.443,-0.584
1784818848,708730786,robot_0,4.353,1.341
1784818848,708773699,robot_1,-1.851,-3.213
1784818848,926962881,robot_2,-3.425,-0.648
1784818848,926997111,robot_0,4.352,1.341
1784818848,927015176,robot_1,-1.898,-3.165
1784818849,128460739,robot_2,-3.409,-0.705
1784818849,128498725,robot_0,4.352,1.340
1784818849,128519058,robot_1,-1.940,-3.123
1784818849,347210010,robot_2,-3.392,-0.769
1784818849,347254364,robot_0,4.352,1.340
1784818849,347273324,robot_1,-1.986,-3.076
1784818849,567059464,robot_2,-3.374,-0.833
1784818849,567107936,robot_0,4.352,1.340
1784818849,567127303,robot_1,-2.032,-3.028
1784818849,786463231,robot_2,-3.356,-0.896
1784818849,786510013,robot_0,4.352,1.340
1784818849,786528661,robot_1,-2.078,-2.981
1784818850,6871845,robot_2,-3.339,-0.960
1784818850,6914268,robot_0,4.353,1.341
1784818850,6934593,robot_1,-2.124,-2.934
1784818850,226254070,robot_2,-3.321,-1.023
1784818850,226295033,robot_0,4.353,1.341
1784818850,226313189,robot_1,-2.171,-2.887
1784818850,426556824,robot_2,-3.305,-1.081
1784818850,426594272,robot_0,4.353,1.341
1784818850,426611140,robot_1,-2.213,-2.844
1784818850,627527175,robot_2,-3.289,-1.139
1784818850,627561407,robot_0,4.354,1.341
1784818850,627576534,robot_1,-2.255,-2.801
1784818850,846052939,robot_2,-3.271,-1.203
1784818850,846104433,robot_0,4.354,1.341
1784818850,846126265,robot_1,-2.301,-2.754
1784818851,66768947,robot_2,-3.254,-1.266
1784818851,66804666,robot_0,4.355,1.341
1784818851,66819790,robot_1,-2.347,-2.707
1784818851,288440541,robot_2,-3.236,-1.330
1784818851,288477274,robot_0,4.355,1.341
1784818851,288494943,robot_1,-2.393,-2.660
1784818851,506808414,robot_2,-3.218,-1.393
1784818851,506862198,robot_0,4.355,1.341
1784818851,506890058,robot_1,-2.440,-2.613
1784818851,707288700,robot_2,-3.202,-1.451
1784818851,707322708,robot_0,4.355,1.341
1784818851,707338817,robot_1,-2.482,-2.570
1784818851,908283415,robot_2,-3.186,-1.509
1784818851,908353591,robot_0,4.354,1.341
1784818851,908393682,robot_1,-2.524,-2.527
1784818852,109837865,robot_2,-3.170,-1.567
1784818852,109912602,robot_0,4.354,1.341
1784818852,109953388,robot_1,-2.566,-2.485
1784818852,328139126,robot_2,-3.152,-1.630
1784818852,328208327,robot_0,4.354,1.341
1784818852,328250652,robot_1,-2.612,-2.437
1784818852,546410184,robot_2,-3.135,-1.694
1784818852,546446769,robot_0,4.354,1.341
1784818852,546464640,robot_1,-2.658,-2.390
1784818852,747958915,robot_2,-3.119,-1.752
1784818852,748030855,robot_0,4.353,1.340
1784818852,748074268,robot_1,-2.700,-2.347
1784818852,968139076,robot_2,-3.101,-1.815
1784818852,968207122,robot_0,4.353,1.340
1784818852,968227341,robot_1,-2.746,-2.300
1784818853,189573836,robot_2,-3.105,-1.855
1784818853,189656260,robot_0,4.353,1.340
1784818853,189700491,robot_1,-2.769,-2.284
1784818853,407338714,robot_2,-3.122,-1.842
1784818853,407385304,robot_0,4.353,1.340
1784818853,407407538,robot_1,-2.750,-2.314
1784818853,608750691,robot_2,-3.133,-1.806
1784818853,608794498,robot_0,4.353,1.340
1784818853,608814409,robot_1,-2.724,-2.336
1784818853,827328513,robot_2,-3.134,-1.777
1784818853,827375947,robot_0,4.353,1.340
1784818853,827395333,robot_1,-2.701,-2.349
1784818854,46429320,robot_2,-3.129,-1.754
1784818854,46466334,robot_0,4.353,1.340
1784818854,46483899,robot_1,-2.677,-2.353
1784818854,248326066,robot_2,-3.122,-1.741
1784818854,248375021,robot_0,4.354,1.341
1784818854,248402056,robot_1,-2.669,-2.353
1784818854,448447608,robot_2,-3.133,-1.751
1784818854,448491989,robot_0,4.354,1.341
1784818854,448510730,robot_1,-2.669,-2.352
1784818854,648722488,robot_2,-3.178,-1.781
1784818854,648800977,robot_0,4.354,1.341
1784818854,648846172,robot_1,-2.696,-2.371
1784818854,867458818,robot_2,-3.236,-1.812
1784818854,867506774,robot_0,4.355,1.341
1784818854,867526764,robot_1,-2.747,-2.412
1784818855,87106275,robot_2,-3.295,-1.842
1784818855,87147680,robot_0,4.355,1.341
1784818855,87167747,robot_1,-2.797,-2.455
1784818855,307643791,robot_2,-3.354,-1.872
1784818855,307686781,robot_0,4.356,1.341
1784818855,307706553,robot_1,-2.847,-2.498
1784818855,526854098,robot_2,-3.413,-1.902
1784818855,526888246,robot_0,4.356,1.341
1784818855,526906095,robot_1,-2.897,-2.541
1784818855,727427566,robot_2,-3.466,-1.930
1784818855,727466390,robot_0,4.355,1.341
1784818855,727484193,robot_1,-2.943,-2.580
1784818855,928264520,robot_2,-3.519,-1.957
1784818855,928309882,robot_0,4.355,1.341
1784818855,928333135,robot_1,-2.988,-2.619
1784818856,128368245,robot_2,-3.573,-1.984
1784818856,128409991,robot_0,4.355,1.341
1784818856,128429102,robot_1,-3.034,-2.658
1784818856,330281785,robot_2,-3.626,-2.012
1784818856,330355424,robot_0,4.354,1.341
1784818856,330397467,robot_1,-3.080,-2.697
1784818856,548529857,robot_2,-3.685,-2.042
1784818856,548604341,robot_0,4.354,1.340
1784818856,548650102,robot_1,-3.130,-2.740
1784818856,767917049,robot_2,-3.744,-2.072
1784818856,767963271,robot_0,4.354,1.340
1784818856,767985048,robot_1,-3.172,-2.775
1784818856,968318270,robot_2,-3.797,-2.099
1784818856,968362438,robot_0,4.354,1.340
1784818856,968383460,robot_1,-3.172,-2.776
1784818857,186684425,robot_2,-3.856,-2.129
1784818857,186727128,robot_0,4.354,1.339
1784818857,186748245,robot_1,-3.172,-2.776
1784818857,386859150,robot_2,-3.909,-2.156
1784818857,386899196,robot_0,4.354,1.339
1784818857,386920309,robot_1,-3.172,-2.777
1784818857,587049021,robot_2,-3.963,-2.184
1784818857,587098967,robot_0,4.354,1.339
1784818857,587120506,robot_1,-3.172,-2.777
1784818857,788432066,robot_2,-4.016,-2.211
1784818857,788505220,robot_0,4.354,1.340
1784818857,788548046,robot_1,-3.172,-2.778
1784818858,5787012,robot_2,-4.075,-2.241
1784818858,5827013,robot_0,4.354,1.340
1784818858,5844328,robot_1,-3.172,-2.778
1784818858,207646986,robot_2,-4.128,-2.268
1784818858,207690961,robot_0,4.354,1.340
1784818858,207712575,robot_1,-3.172,-2.778
1784818858,426788048,robot_2,-4.187,-2.298
1784818858,426827006,robot_0,4.355,1.340
1784818858,426845929,robot_1,-3.172,-2.779
1784818858,645891405,robot_2,-4.246,-2.328
1784818858,645925513,robot_0,4.355,1.341
1784818858,645941976,robot_1,-3.195,-2.755
1784818858,846583186,robot_2,-4.285,-2.348
1784818858,846635084,robot_0,4.356,1.341
1784818858,846670039,robot_1,-3.232,-2.709
1784818859,47000832,robot_2,-4.285,-2.348
1784818859,47034609,robot_0,4.356,1.341
1784818859,47049567,robot_1,-3.269,-2.661
1784818859,247046665,robot_2,-4.285,-2.348
1784818859,247105959,robot_0,4.356,1.341
1784818859,247126683,robot_1,-3.305,-2.613
1784818859,465988840,robot_2,-4.286,-2.348
1784818859,466031666,robot_0,4.356,1.341
1784818859,466052940,robot_1,-3.346,-2.561
1784818859,666165647,robot_2,-4.286,-2.348
1784818859,666201082,robot_0,4.356,1.341
1784818859,666216971,robot_1,-3.375,-2.522
1784818859,866194103,robot_2,-4.286,-2.348
1784818859,866232421,robot_0,4.356,1.340
1784818859,866250281,robot_1,-3.376,-2.521
1784818860,66461406,robot_2,-4.287,-2.347
1784818860,66501581,robot_0,4.356,1.340
1784818860,66520278,robot_1,-3.376,-2.521
1784818860,266904800,robot_2,-4.287,-2.347
1784818860,266949596,robot_0,4.355,1.340
1784818860,266969968,robot_1,-3.377,-2.522
1784818860,487808277,robot_2,-4.287,-2.347
1784818860,487855356,robot_0,4.355,1.340
1784818860,487877738,robot_1,-3.377,-2.522
1784818860,706155056,robot_2,-4.287,-2.347
1784818860,706192196,robot_0,4.355,1.340
1784818860,706211710,robot_1,-3.374,-2.501
1784818860,906203275,robot_2,-4.286,-2.348
1784818860,906250859,robot_0,4.355,1.339
1784818860,906268141,robot_1,-3.362,-2.443
1784818861,106831525,robot_2,-4.286,-2.348
1784818861,106866361,robot_0,4.354,1.339
1784818861,106882634,robot_1,-3.347,-2.385
1784818861,307169663,robot_2,-4.286,-2.348
1784818861,307212984,robot_0,4.354,1.339
1784818861,307232617,robot_1,-3.332,-2.327
1784818861,508748284,robot_2,-4.285,-2.348
1784818861,508791922,robot_0,4.354,1.339
1784818861,508811110,robot_1,-3.318,-2.268
1784818861,710294769,robot_2,-4.285,-2.349
1784818861,710373472,robot_0,4.354,1.339
1784818861,710419978,robot_1,-3.303,-2.210
1784818861,928508574,robot_2,-4.285,-2.349
1784818861,928580699,robot_0,4.355,1.339
1784818861,928625089,robot_1,-3.286,-2.146
1784818862,148728188,robot_2,-4.286,-2.348
1784818862,148808956,robot_0,4.355,1.340
1784818862,148853768,robot_1,-3.270,-2.082
1784818862,366842659,robot_2,-4.286,-2.348
1784818862,366884272,robot_0,4.355,1.340
1784818862,366905189,robot_1,-3.254,-2.019
1784818862,567273942,robot_2,-4.286,-2.348
1784818862,567321353,robot_0,4.356,1.340
1784818862,567345809,robot_1,-3.239,-1.960
1784818862,788143466,robot_2,-4.287,-2.348
1784818862,788186690,robot_0,4.356,1.340
1784818862,788208804,robot_1,-3.222,-1.896
1784818863,7051715,robot_2,-4.287,-2.348
1784818863,7099049,robot_0,4.357,1.340
1784818863,7119232,robot_1,-3.206,-1.832
1784818863,228447845,robot_2,-4.287,-2.348
1784818863,228488938,robot_0,4.357,1.340
1784818863,228508730,robot_1,-3.190,-1.769
1784818863,446538436,robot_2,-4.287,-2.348
1784818863,446576917,robot_0,4.357,1.340
1784818863,446598206,robot_1,-3.173,-1.705
1784818863,647840088,robot_2,-4.287,-2.348
1784818863,647876677,robot_0,4.357,1.340
1784818863,647893372,robot_1,-3.159,-1.646
1784818863,867744822,robot_2,-4.287,-2.348
1784818863,867783830,robot_0,4.357,1.340
1784818863,867803294,robot_1,-3.142,-1.583
1784818864,86429891,robot_2,-4.287,-2.348
1784818864,86467750,robot_0,4.356,1.340
1784818864,86486042,robot_1,-3.126,-1.519
1784818864,286737600,robot_2,-4.287,-2.348
1784818864,286776712,robot_0,4.356,1.340
1784818864,286794614,robot_1,-3.111,-1.460
1784818864,508193456,robot_2,-4.287,-2.348
1784818864,508269536,robot_0,4.356,1.340
1784818864,508314715,robot_1,-3.095,-1.396
1784818864,727637784,robot_2,-4.287,-2.348
1784818864,727676616,robot_0,4.355,1.339
1784818864,727694175,robot_1,-3.078,-1.333
1784818864,946625466,robot_2,-4.287,-2.348
1784818864,946665119,robot_0,4.355,1.339
1784818864,946684304,robot_1,-3.062,-1.269
1784818865,148019068,robot_2,-4.287,-2.348
1784818865,148100723,robot_0,4.355,1.339
1784818865,148144242,robot_1,-3.047,-1.210
1784818865,367210642,robot_2,-4.287,-2.348
1784818865,367254795,robot_0,4.355,1.339
1784818865,367275328,robot_1,-3.031,-1.147
1784818865,568591093,robot_2,-4.286,-2.348
1784818865,568633033,robot_0,4.355,1.339
1784818865,568653798,robot_1,-3.016,-1.088
1784818865,789357019,robot_2,-4.286,-2.348
1784818865,789398834,robot_0,4.355,1.339
1784818865,789416360,robot_1,-3.000,-1.024
1784818866,7055547,robot_2,-4.286,-2.349
1784818866,7111347,robot_0,4.355,1.339
1784818866,7129482,robot_1,-2.983,-0.960
1784818866,227127073,robot_2,-4.285,-2.349
1784818866,227170505,robot_0,4.356,1.339
1784818866,227194225,robot_1,-2.967,-0.897
1784818866,427565538,robot_2,-4.285,-2.349
1784818866,427609286,robot_0,4.356,1.340
1784818866,427629756,robot_1,-2.952,-0.838
1784818866,629821278,robot_2,-4.285,-2.349
1784818866,629905513,robot_0,4.357,1.340
1784818866,629953853,robot_1,-2.937,-0.780
1784818866,830704096,robot_2,-4.285,-2.349
1784818866,830787918,robot_0,4.357,1.340
1784818866,830835686,robot_1,-2.923,-0.722
1784818867,49499400,robot_2,-4.286,-2.349
1784818867,49572939,robot_0,4.357,1.340
1784818867,49609716,robot_1,-2.906,-0.658
1784818867,266747665,robot_2,-4.286,-2.349
1784818867,266788233,robot_0,4.358,1.340
1784818867,266807983,robot_1,-2.893,-0.605
1784818867,486926481,robot_2,-4.286,-2.349
1784818867,486964082,robot_0,4.358,1.340
1784818867,486981912,robot_1,-2.892,-0.604
1784818867,687950299,robot_2,-4.286,-2.349
1784818867,687989832,robot_0,4.358,1.340
1784818867,688008749,robot_1,-2.893,-0.604
1784818867,888852857,robot_2,-4.286,-2.349
1784818867,888893777,robot_0,4.357,1.340
1784818867,888914375,robot_1,-2.893,-0.604
1784818868,108422581,robot_2,-4.286,-2.349
1784818868,108468663,robot_0,4.357,1.340
1784818868,108490803,robot_1,-2.892,-0.604
1784818868,327303490,robot_2,-4.286,-2.349
1784818868,327346071,robot_0,4.357,1.339
1784818868,327367235,robot_1,-2.892,-0.604
1784818868,547438031,robot_2,-4.286,-2.349
1784818868,547474843,robot_0,4.356,1.339
1784818868,547492448,robot_1,-2.893,-0.604
1784818868,769101388,robot_2,-4.285,-2.349
1784818868,769160609,robot_0,4.356,1.339
1784818868,769187517,robot_1,-2.893,-0.603
1784818868,988496574,robot_2,-4.286,-2.349
1784818868,988536376,robot_0,4.356,1.339
1784818868,988554265,robot_1,-2.893,-0.603
1784818869,210015735,robot_2,-4.286,-2.349
1784818869,210057012,robot_0,4.356,1.338
1784818869,210084627,robot_1,-2.893,-0.603
1784818869,426789118,robot_2,-4.286,-2.349
1784818869,426824537,robot_0,4.356,1.338
1784818869,426842595,robot_1,-2.894,-0.603
1784818869,646828276,robot_2,-4.286,-2.349
1784818869,646868931,robot_0,4.356,1.338
1784818869,646888913,robot_1,-2.894,-0.602
1784818869,847269753,robot_2,-4.286,-2.349
1784818869,847310295,robot_0,4.356,1.339
1784818869,847330171,robot_1,-2.894,-0.602
1784818870,68486679,robot_2,-4.286,-2.349
1784818870,68575866,robot_0,4.356,1.339
1784818870,68628024,robot_1,-2.894,-0.602
1784818870,286393978,robot_2,-4.286,-2.349
1784818870,286432870,robot_0,4.357,1.339
1784818870,286451851,robot_1,-2.894,-0.601
1784818870,487710219,robot_2,-4.286,-2.350
1784818870,487749644,robot_0,4.357,1.339
1784818870,487768265,robot_1,-2.893,-0.601
1784818870,688529139,robot_2,-4.285,-2.350
1784818870,688605493,robot_0,4.357,1.339
1784818870,688650318,robot_1,-2.893,-0.601
1784818870,907786253,robot_2,-4.286,-2.350
1784818870,907824620,robot_0,4.358,1.339
1784818870,907841378,robot_1,-2.892,-0.601
1784818871,125916097,robot_2,-4.286,-2.349
1784818871,125949668,robot_0,4.358,1.339
1784818871,125965832,robot_1,-2.861,-0.647
1784818871,326596742,robot_2,-4.286,-2.349
1784818871,326631108,robot_0,4.358,1.339
1784818871,326648362,robot_1,-2.831,-0.699
1784818871,528031209,robot_2,-4.286,-2.349
1784818871,528119711,robot_0,4.358,1.339
1784818871,528164762,robot_1,-2.801,-0.751
1784818871,728888169,robot_2,-4.287,-2.349
1784818871,728925064,robot_0,4.358,1.339
1784818871,728941682,robot_1,-2.771,-0.803
1784818871,947868156,robot_2,-4.287,-2.349
1784818871,947939057,robot_0,4.358,1.339
1784818871,947983022,robot_1,-2.738,-0.860
1784818872,167911418,robot_2,-4.287,-2.349
1784818872,167967954,robot_0,4.357,1.339
1784818872,167997164,robot_1,-2.706,-0.917
1784818872,386379446,robot_2,-4.286,-2.349
1784818872,386418701,robot_0,4.357,1.339
1784818872,386435133,robot_1,-2.673,-0.974
1784818872,588315387,robot_2,-4.286,-2.350
1784818872,588405457,robot_0,4.357,1.339
1784818872,588457240,robot_1,-2.643,-1.026
1784818872,806730927,robot_2,-4.286,-2.350
1784818872,806771087,robot_0,4.357,1.338
1784818872,806788756,robot_1,-2.610,-1.084
1784818873,26780371,robot_2,-4.285,-2.350
1784818873,26827920,robot_0,4.356,1.338
1784818873,26852121,robot_1,-2.577,-1.141
1784818873,227361463,robot_2,-4.285,-2.350
1784818873,227396855,robot_0,4.356,1.338
1784818873,227412878,robot_1,-2.547,-1.193
1784818873,428249229,robot_2,-4.285,-2.350
1784818873,428326533,robot_0,4.356,1.338
1784818873,428372265,robot_1,-2.518,-1.245
1784818873,629304753,robot_2,-4.285,-2.350
1784818873,629378390,robot_0,4.356,1.338
1784818873,629422602,robot_1,-2.488,-1.297
1784818873,847970442,robot_2,-4.286,-2.350
1784818873,848018419,robot_0,4.357,1.338
1784818873,848040429,robot_1,-2.455,-1.354
1784818874,66541476,robot_2,-4.286,-2.350
1784818874,66578276,robot_0,4.357,1.338
1784818874,66594104,robot_1,-2.422,-1.412
1784818874,266716450,robot_2,-4.286,-2.350
1784818874,266757567,robot_0,4.357,1.339
1784818874,266774670,robot_1,-2.392,-1.464
1784818874,467245314,robot_2,-4.287,-2.350
1784818874,467288777,robot_0,4.358,1.339
1784818874,467310560,robot_1,-2.362,-1.516
1784818874,685961261,robot_2,-4.287,-2.350
1784818874,685997536,robot_0,4.358,1.339
1784818874,686015482,robot_1,-2.329,-1.573
1784818874,888078187,robot_2,-4.287,-2.350
1784818874,888159697,robot_0,4.358,1.339
1784818874,888204288,robot_1,-2.300,-1.625
1784818875,110322027,robot_2,-4.287,-2.350
1784818875,110403663,robot_0,4.359,1.339
1784818875,110450943,robot_1,-2.267,-1.682
1784818875,327635893,robot_2,-4.287,-2.350
1784818875,327672063,robot_0,4.359,1.339
1784818875,327690354,robot_1,-2.234,-1.739
1784818875,529752934,robot_2,-4.286,-2.350
1784818875,529826319,robot_0,4.359,1.339
1784818875,529870574,robot_1,-2.204,-1.792
1784818875,746195381,robot_2,-4.286,-2.350
1784818875,746231970,robot_0,4.359,1.339
1784818875,746249540,robot_1,-2.171,-1.849
1784818875,946869512,robot_2,-4.286,-2.350
1784818875,946916809,robot_0,4.358,1.339
1784818875,946939947,robot_1,-2.141,-1.901
1784818876,147011690,robot_2,-4.285,-2.351
1784818876,147055006,robot_0,4.358,1.339
1784818876,147103870,robot_1,-2.112,-1.953
1784818876,347179053,robot_2,-4.285,-2.351
1784818876,347211675,robot_0,4.358,1.339
1784818876,347228405,robot_1,-2.082,-2.005
1784818876,568324145,robot_2,-4.286,-2.351
1784818876,568362718,robot_0,4.358,1.338
1784818876,568379103,robot_1,-2.049,-2.062
1784818876,787047069,robot_2,-4.286,-2.350
1784818876,787104750,robot_0,4.357,1.338
1784818876,787128429,robot_1,-2.016,-2.119
1784818876,987432957,robot_2,-4.286,-2.350
1784818876,987476513,robot_0,4.357,1.338
1784818876,987495280,robot_1,-1.986,-2.171
1784818877,208807725,robot_2,-4.287,-2.350
1784818877,208881334,robot_0,4.357,1.338
1784818877,208927047,robot_1,-1.953,-2.229
1784818877,427751466,robot_2,-4.287,-2.350
1784818877,427791959,robot_0,4.357,1.338
1784818877,427810886,robot_1,-1.920,-2.286
1784818877,647176285,robot_2,-4.287,-2.350
1784818877,647217913,robot_0,4.357,1.338
1784818877,647238959,robot_1,-1.888,-2.343
1784818877,847193414,robot_2,-4.287,-2.350
1784818877,847239752,robot_0,4.358,1.338
1784818877,847259664,robot_1,-1.858,-2.395
1784818878,48499246,robot_2,-4.287,-2.350
1784818878,48546060,robot_0,4.358,1.338
1784818878,48566453,robot_1,-1.828,-2.447
1784818878,248542939,robot_2,-4.286,-2.350
1784818878,248587491,robot_0,4.358,1.339
1784818878,248608172,robot_1,-1.798,-2.499
1784818878,448780223,robot_2,-4.286,-2.351
1784818878,448862023,robot_0,4.359,1.339
1784818878,448906763,robot_1,-1.768,-2.551
1784818878,667469000,robot_2,-4.286,-2.351
1784818878,667512860,robot_0,4.359,1.339
1784818878,667530908,robot_1,-1.741,-2.599
1784818878,886012731,robot_2,-4.285,-2.351
1784818878,886046816,robot_0,4.359,1.339
1784818878,886063988,robot_1,-1.740,-2.600
1784818879,86151363,robot_2,-4.285,-2.351
1784818879,86189103,robot_0,4.359,1.339
1784818879,86207508,robot_1,-1.740,-2.600
1784818879,287468083,robot_2,-4.285,-2.352
1784818879,287509588,robot_0,4.359,1.338
1784818879,287527778,robot_1,-1.740,-2.600
1784818879,506885957,robot_2,-4.285,-2.351
1784818879,506927231,robot_0,4.358,1.338
1784818879,506947331,robot_1,-1.741,-2.620
1784818879,707014930,robot_2,-4.285,-2.351
1784818879,707053673,robot_0,4.358,1.338
1784818879,707070873,robot_1,-1.751,-2.679
1784818879,926396705,robot_2,-4.286,-2.351
1784818879,926434804,robot_0,4.358,1.338
1784818879,926454736,robot_1,-1.764,-2.744
1784818880,126579329,robot_2,-4.286,-2.351
1784818880,126614786,robot_0,4.358,1.338
1784818880,126631581,robot_1,-1.776,-2.803
1784818880,345945712,robot_2,-4.286,-2.351
1784818880,345981525,robot_0,4.358,1.337
1784818880,345997729,robot_1,-1.790,-2.867
1784818880,567254277,robot_2,-4.287,-2.351
1784818880,567300505,robot_0,4.358,1.337
1784818880,567319684,robot_1,-1.803,-2.932
1784818880,767860567,robot_2,-4.287,-2.351
1784818880,767901795,robot_0,4.358,1.338
1784818880,767921488,robot_1,-1.815,-2.991
1784818880,968040115,robot_2,-4.287,-2.351
1784818880,968085309,robot_0,4.358,1.338
1784818880,968121498,robot_1,-1.827,-3.049
1784818881,187080827,robot_2,-4.286,-2.351
1784818881,187141701,robot_0,4.358,1.338
1784818881,187161530,robot_1,-1.841,-3.114
1784818881,387887842,robot_2,-4.286,-2.351
1784818881,387931232,robot_0,4.359,1.338
1784818881,387949870,robot_1,-1.853,-3.173
1784818881,606849849,robot_2,-4.286,-2.351
1784818881,606886174,robot_0,4.359,1.338
1784818881,606902557,robot_1,-1.866,-3.237
1784818881,827031384,robot_2,-4.285,-2.352
1784818881,827069349,robot_0,4.359,1.338
1784818881,827097232,robot_1,-1.879,-3.302
1784818882,28021513,robot_2,-4.285,-2.352
1784818882,28106134,robot_0,4.359,1.338
1784818882,28152251,robot_1,-1.892,-3.361
1784818882,248030938,robot_2,-4.285,-2.352
1784818882,248071434,robot_0,4.359,1.338
1784818882,248096378,robot_1,-1.905,-3.425
1784818882,466983740,robot_2,-4.285,-2.352
1784818882,467033561,robot_0,4.359,1.338
1784818882,467058126,robot_1,-1.918,-3.490
1784818882,667122966,robot_2,-4.285,-2.352
1784818882,667168977,robot_0,4.358,1.338
1784818882,667190970,robot_1,-1.930,-3.549
1784818882,867254684,robot_2,-4.285,-2.352
1784818882,867292367,robot_0,4.358,1.337
1784818882,867309237,robot_1,-1.942,-3.608
1784818883,86010831,robot_2,-4.286,-2.352
1784818883,86050853,robot_0,4.358,1.337
1784818883,86069920,robot_1,-1.956,-3.672
1784818883,287118524,robot_2,-4.286,-2.352
1784818883,287153808,robot_0,4.358,1.337
1784818883,287169816,robot_1,-1.968,-3.731
1784818883,507081948,robot_2,-4.286,-2.351
1784818883,507147846,robot_0,4.358,1.337
1784818883,507168033,robot_1,-1.981,-3.796
1784818883,726523571,robot_2,-4.287,-2.351
1784818883,726558961,robot_0,4.358,1.338
1784818883,726576069,robot_1,-1.995,-3.860
1784818883,927450634,robot_2,-4.286,-2.351
1784818883,927516547,robot_0,4.359,1.338
1784818883,927564250,robot_1,-2.007,-3.919
1784818884,147519164,robot_2,-4.286,-2.352
1784818884,147555725,robot_0,4.359,1.338
1784818884,147573225,robot_1,-2.020,-3.984
1784818884,367859407,robot_2,-4.286,-2.352
1784818884,367903939,robot_0,4.360,1.338
1784818884,367923307,robot_1,-2.033,-4.048
1784818884,570468829,robot_2,-4.286,-2.352
1784818884,570514503,robot_0,4.360,1.338
1784818884,570536751,robot_1,-2.045,-4.107
1784818884,787775188,robot_2,-4.285,-2.352
1784818884,787818737,robot_0,4.360,1.338
1784818884,787839651,robot_1,-2.059,-4.172
1784818884,988076615,robot_2,-4.285,-2.353
1784818884,988128387,robot_0,4.360,1.338
1784818884,988147988,robot_1,-2.071,-4.230
1784818885,208844346,robot_2,-4.285,-2.352
1784818885,208886473,robot_0,4.360,1.338
1784818885,208907674,robot_1,-2.084,-4.295
1784818885,429570192,robot_2,-4.286,-2.352
1784818885,429646743,robot_0,4.359,1.338
1784818885,429691280,robot_1,-2.098,-4.360
1784818885,647410978,robot_2,-4.286,-2.352
1784818885,647458649,robot_0,4.359,1.338
1784818885,647480995,robot_1,-2.111,-4.424
1784818885,867470907,robot_2,-4.286,-2.352
1784818885,867513429,robot_0,4.359,1.337
1784818885,867534717,robot_1,-2.124,-4.489
1784818886,87682620,robot_2,-4.287,-2.352
1784818886,87733438,robot_0,4.359,1.337
1784818886,87756855,robot_1,-2.134,-4.538
1784818886,307518703,robot_2,-4.287,-2.352
1784818886,307562286,robot_0,4.359,1.337
1784818886,307582728,robot_1,-2.134,-4.538
1784818886,508278867,robot_2,-4.287,-2.352
1784818886,508319413,robot_0,4.359,1.337
1784818886,508337559,robot_1,-2.134,-4.538
1784818886,727283851,robot_2,-4.286,-2.352
1784818886,727322629,robot_0,4.359,1.337
1784818886,727341226,robot_1,-2.134,-4.538
1784818886,928239365,robot_2,-4.286,-2.352
1784818886,928278544,robot_0,4.359,1.337
1784818886,928296967,robot_1,-2.133,-4.539
1784818887,146572791,robot_2,-4.286,-2.352
1784818887,146610571,robot_0,4.359,1.338
1784818887,146652684,robot_1,-2.133,-4.539
1784818887,346797905,robot_2,-4.286,-2.353
1784818887,346841313,robot_0,4.360,1.338
1784818887,346857893,robot_1,-2.133,-4.539
1784818887,569049675,robot_2,-4.285,-2.353
1784818887,569138987,robot_0,4.360,1.338
1784818887,569186167,robot_1,-2.133,-4.540
1784818887,769444478,robot_2,-4.285,-2.353
1784818887,769487262,robot_0,4.361,1.338
1784818887,769506751,robot_1,-2.133,-4.540
1784818887,990530934,robot_2,-4.285,-2.353
1784818887,990611865,robot_0,4.361,1.338
1784818887,990658067,robot_1,-2.133,-4.541
1784818888,207956862,robot_2,-4.285,-2.353
1784818888,208005492,robot_0,4.361,1.338
1784818888,208029767,robot_1,-2.133,-4.541
1784818888,408164777,robot_2,-4.286,-2.353
1784818888,408210264,robot_0,4.360,1.338
1784818888,408231002,robot_1,-2.133,-4.541
1784818888,619851717,robot_2,-4.286,-2.353
1784818888,619929114,robot_0,4.360,1.338
1784818888,619972793,robot_1,-2.135,-4.540
1784818888,838177202,robot_2,-4.286,-2.353
1784818888,838266503,robot_0,4.360,1.337
1784818888,838315525,robot_1,-2.170,-4.495
1784818889,59317117,robot_2,-4.287,-2.352
1784818889,59395058,robot_0,4.359,1.337
1784818889,59440103,robot_1,-2.208,-4.441
1784818889,278205651,robot_2,-4.287,-2.352
1784818889,278283951,robot_0,4.359,1.337
1784818889,278328707,robot_1,-2.245,-4.386
1784818889,497384287,robot_2,-4.287,-2.352
1784818889,497431041,robot_0,4.359,1.336
1784818889,497452223,robot_1,-2.282,-4.331
1784818889,699643931,robot_2,-4.288,-2.352
1784818889,699736753,robot_0,4.359,1.336
1784818889,699795427,robot_1,-2.315,-4.282
1784818889,917458519,robot_2,-4.288,-2.353
1784818889,917500479,robot_0,4.359,1.336
1784818889,917520212,robot_1,-2.352,-4.227
1784818890,118182314,robot_2,-4.288,-2.353
1784818890,118226258,robot_0,4.359,1.336
1784818890,118248090,robot_1,-2.386,-4.177
1784818890,337371565,robot_2,-4.287,-2.352
1784818890,337416021,robot_0,4.359,1.337
1784818890,337447415,robot_1,-2.423,-4.123
1784818890,557270951,robot_2,-4.287,-2.352
1784818890,557317395,robot_0,4.360,1.337
1784818890,557338722,robot_1,-2.460,-4.068
1784818890,759068099,robot_2,-4.287,-2.352
1784818890,759123546,robot_0,4.360,1.337
1784818890,759145508,robot_1,-2.493,-4.018
1784818890,977257863,robot_2,-4.288,-2.352
1784818890,977306486,robot_0,4.360,1.337
1784818890,977331183,robot_1,-2.506,-3.999
1784818891,177686039,robot_2,-4.288,-2.353
1784818891,177727786,robot_0,4.361,1.337
1784818891,177747708,robot_1,-2.506,-3.999
1784818891,378342773,robot_2,-4.288,-2.353
1784818891,378392579,robot_0,4.361,1.337
1784818891,378413795,robot_1,-2.507,-3.999
1784818891,597705429,robot_2,-4.288,-2.353
1784818891,597750543,robot_0,4.361,1.337
1784818891,597773234,robot_1,-2.507,-3.999
1784818891,799025501,robot_2,-4.289,-2.353
1784818891,799067822,robot_0,4.361,1.337
1784818891,799085397,robot_1,-2.507,-3.999
1784818892,18655588,robot_2,-4.289,-2.354
1784818892,18708938,robot_0,4.360,1.337
1784818892,18731988,robot_1,-2.508,-3.999
1784818892,238721807,robot_2,-4.289,-2.354
1784818892,238771509,robot_0,4.360,1.337
1784818892,238793214,robot_1,-2.506,-3.995
1784818892,439943455,robot_2,-4.289,-2.354
1784818892,440042251,robot_0,4.360,1.337
1784818892,440109527,robot_1,-2.475,-3.950
1784818892,657680536,robot_2,-4.289,-2.355
1784818892,657725889,robot_0,4.360,1.336
1784818892,657745401,robot_1,-2.434,-3.898
1784818892,858558322,robot_2,-4.289,-2.355
1784818892,858633463,robot_0,4.360,1.336
1784818892,858677308,robot_1,-2.397,-3.851
1784818893,76988371,robot_2,-4.288,-2.355
1784818893,77029975,robot_0,4.360,1.336
1784818893,77049180,robot_1,-2.356,-3.799
1784818893,277043745,robot_2,-4.288,-2.356
1784818893,277096312,robot_0,4.360,1.336
1784818893,277121008,robot_1,-2.319,-3.752
1784818893,478937667,robot_2,-4.288,-2.356
1784818893,478985870,robot_0,4.360,1.336
1784818893,479006525,robot_1,-2.282,-3.705
1784818893,696722394,robot_2,-4.288,-2.356
1784818893,696768597,robot_0,4.360,1.337
1784818893,696790838,robot_1,-2.241,-3.653
1784818893,899630897,robot_2,-4.287,-2.356
1784818893,899704434,robot_0,4.361,1.337
1784818893,899747910,robot_1,-2.203,-3.606
1784818894,118212732,robot_2,-4.287,-2.356
1784818894,118262697,robot_0,4.361,1.337
1784818894,118287981,robot_1,-2.162,-3.555
1784818894,337534041,robot_2,-4.287,-2.356
1784818894,337576046,robot_0,4.361,1.337
1784818894,337596807,robot_1,-2.121,-3.503
1784818894,559749546,robot_2,-4.290,-2.307
1784818894,559821013,robot_0,4.362,1.337
1784818894,559843689,robot_1,-2.081,-3.451
1784818894,777019235,robot_2,-4.296,-2.241
1784818894,777066761,robot_0,4.362,1.337
1784818894,777097329,robot_1,-2.040,-3.399
1784818894,996548953,robot_2,-4.301,-2.175
1784818894,996587438,robot_0,4.362,1.337
1784818894,996603841,robot_1,-1.999,-3.348
1784818895,196946506,robot_2,-4.306,-2.115
1784818895,196989650,robot_0,4.362,1.337
1784818895,197011172,robot_1,-1.961,-3.301
1784818895,397326588,robot_2,-4.311,-2.056
1784818895,397361844,robot_0,4.361,1.337
1784818895,397378616,robot_1,-1.924,-3.254
1784818895,598779361,robot_2,-4.313,-2.027
1784818895,598818789,robot_0,4.361,1.337
1784818895,598836480,robot_1,-1.887,-3.207
1784818895,818512067,robot_2,-4.313,-2.027
1784818895,818551725,robot_0,4.361,1.337
1784818895,818569291,robot_1,-1.846,-3.155
1784818896,38121776,robot_2,-4.305,-1.986
1784818896,38162340,robot_0,4.360,1.336
1784818896,38180941,robot_1,-1.805,-3.103
1784818896,256918379,robot_2,-4.288,-1.923
1784818896,256988322,robot_0,4.360,1.336
1784818896,257014824,robot_1,-1.764,-3.051
1784818896,457869835,robot_2,-4.271,-1.865
1784818896,457918050,robot_0,4.360,1.336
1784818896,457939698,robot_1,-1.727,-3.004
1784818896,659001238,robot_2,-4.255,-1.807
1784818896,659045382,robot_0,4.360,1.336
1784818896,659068145,robot_1,-1.695,-2.964
1784818896,878324078,robot_2,-4.236,-1.744
1784818896,878397463,robot_0,4.361,1.336
1784818896,878440201,robot_1,-1.694,-2.963
1784818897,96705044,robot_2,-4.218,-1.681
1784818897,96745884,robot_0,4.361,1.337
1784818897,96763557,robot_1,-1.693,-2.963
1784818897,316268601,robot_2,-4.199,-1.617
1784818897,316305566,robot_0,4.361,1.337
1784818897,316324474,robot_1,-1.693,-2.963
1784818897,519777879,robot_2,-4.182,-1.560
1784818897,519814856,robot_0,4.362,1.337
1784818897,519832636,robot_1,-1.693,-2.963
1784818897,736451538,robot_2,-4.164,-1.496
1784818897,736491787,robot_0,4.362,1.337
1784818897,736511644,robot_1,-1.697,-2.934
1784818897,936837059,robot_2,-4.147,-1.439
1784818897,936873035,robot_0,4.362,1.337
1784818897,936890196,robot_1,-1.709,-2.875
1784818898,157946550,robot_2,-4.129,-1.375
1784818898,157992362,robot_0,4.362,1.337
1784818898,158014838,robot_1,-1.724,-2.811
1784818898,359078097,robot_2,-4.112,-1.318
1784818898,359126499,robot_0,4.362,1.337
1784818898,359144934,robot_1,-1.738,-2.753
1784818898,576706204,robot_2,-4.094,-1.254
1784818898,576746740,robot_0,4.362,1.337
1784818898,576766295,robot_1,-1.753,-2.689
1784818898,777942189,robot_2,-4.077,-1.197
1784818898,777986618,robot_0,4.362,1.337
1784818898,778006599,robot_1,-1.767,-2.630
1784818898,996135323,robot_2,-4.058,-1.133
1784818898,996170599,robot_0,4.361,1.336
1784818898,996185625,robot_1,-1.783,-2.566
1784818899,199068132,robot_2,-4.042,-1.076
1784818899,199197728,robot_0,4.361,1.336
1784818899,199232245,robot_1,-1.797,-2.508
1784818899,416503443,robot_2,-4.023,-1.012
1784818899,416540104,robot_0,4.361,1.336
1784818899,416556964,robot_1,-1.812,-2.444
1784818899,616508777,robot_2,-4.006,-0.955
1784818899,616580648,robot_0,4.361,1.335
1784818899,616597696,robot_1,-1.826,-2.385
1784818899,838209361,robot_2,-3.988,-0.891
1784818899,838249909,robot_0,4.361,1.335
1784818899,838269438,robot_1,-1.841,-2.321
1784818900,56526948,robot_2,-3.969,-0.828
1784818900,56563605,robot_0,4.361,1.335
1784818900,56583167,robot_1,-1.857,-2.257
1784818900,257951049,robot_2,-3.953,-0.770
1784818900,258006878,robot_0,4.361,1.335
1784818900,258031755,robot_1,-1.871,-2.198
1784818900,458246870,robot_2,-3.936,-0.713
1784818900,458291599,robot_0,4.361,1.336
1784818900,458312807,robot_1,-1.885,-2.140
1784818900,677907833,robot_2,-3.917,-0.650
1784818900,677951964,robot_0,4.361,1.336
1784818900,677969569,robot_1,-1.900,-2.076
1784818900,878849725,robot_2,-3.901,-0.592
1784818900,878932245,robot_0,4.361,1.336
1784818900,878976165,robot_1,-1.914,-2.018
1784818901,96317252,robot_2,-3.882,-0.529
1784818901,96355248,robot_0,4.362,1.336
1784818901,96372412,robot_1,-1.929,-1.953
1784818901,296703173,robot_2,-3.865,-0.471
1784818901,296745269,robot_0,4.362,1.337
1784818901,296764934,robot_1,-1.943,-1.895
1784818901,516786842,robot_2,-3.847,-0.408
1784818901,516826096,robot_0,4.363,1.337
1784818901,516844727,robot_1,-1.959,-1.831
1784818901,717052514,robot_2,-3.830,-0.350
1784818901,717107805,robot_0,4.363,1.337
1784818901,717131592,robot_1,-1.973,-1.773
1784818901,937304870,robot_2,-3.812,-0.287
1784818901,937349409,robot_0,4.363,1.337
1784818901,937367929,robot_1,-1.988,-1.708
1784818902,158570343,robot_2,-3.793,-0.223
1784818902,158616226,robot_0,4.363,1.337
1784818902,158638152,robot_1,-2.003,-1.644
1784818902,376565375,robot_2,-3.775,-0.160
1784818902,376605577,robot_0,4.362,1.336
1784818902,376626621,robot_1,-2.019,-1.580
1784818902,577910337,robot_2,-3.758,-0.102
1784818902,577949956,robot_0,4.362,1.336
1784818902,577968784,robot_1,-2.033,-1.522
1784818902,778514529,robot_2,-3.741,-0.045
1784818902,778555148,robot_0,4.362,1.336
1784818902,778573618,robot_1,-2.047,-1.463
1784818902,978880830,robot_2,-3.724,0.013
1784818902,978928228,robot_0,4.362,1.336
1784818902,978957075,robot_1,-2.061,-1.405
1784818903,179293668,robot_2,-3.708,0.071
1784818903,179338806,robot_0,4.361,1.335
1784818903,179357010,robot_1,-2.075,-1.347
1784818903,396588781,robot_2,-3.689,0.134
1784818903,396635806,robot_0,4.361,1.335
1784818903,396658206,robot_1,-2.090,-1.282
1784818903,618356600,robot_2,-3.671,0.197
1784818903,618402635,robot_0,4.361,1.335
1784818903,618423748,robot_1,-2.105,-1.218
1784818903,836318588,robot_2,-3.652,0.261
1784818903,836358428,robot_0,4.362,1.336
1784818903,836377158,robot_1,-2.121,-1.154
1784818904,57774249,robot_2,-3.634,0.324
1784818904,57817488,robot_0,4.362,1.336
1784818904,57835979,robot_1,-2.136,-1.090
1784818904,277887192,robot_2,-3.615,0.387
1784818904,277930214,robot_0,4.362,1.336
1784818904,277949515,robot_1,-2.151,-1.026
1784818904,496675667,robot_2,-3.597,0.451
1784818904,496717509,robot_0,4.363,1.336
1784818904,496734626,robot_1,-2.167,-0.961
1784818904,698429534,robot_2,-3.580,0.508
1784818904,698468575,robot_0,4.363,1.336
1784818904,698485645,robot_1,-2.181,-0.903
1784818904,917067593,robot_2,-3.562,0.572
1784818904,917120953,robot_0,4.364,1.336
1784818904,917143631,robot_1,-2.196,-0.839
1784818905,136289688,robot_2,-3.543,0.635
1784818905,136331746,robot_0,4.364,1.336
1784818905,136353520,robot_1,-2.212,-0.775
1784818905,358236842,robot_2,-3.525,0.698
1784818905,358292094,robot_0,4.364,1.336
1784818905,358321161,robot_1,-2.225,-0.719
1784818905,578536821,robot_2,-3.506,0.762
1784818905,578576723,robot_0,4.364,1.336
1784818905,578593616,robot_1,-2.225,-0.717
1784818905,796564649,robot_2,-3.488,0.825
1784818905,796601161,robot_0,4.364,1.336
1784818905,796617789,robot_1,-2.225,-0.717
1784818906,16688426,robot_2,-3.469,0.889
1784818906,16730912,robot_0,4.363,1.336
1784818906,16751426,robot_1,-2.225,-0.717
1784818906,236335472,robot_2,-3.451,0.952
1784818906,236376018,robot_0,4.363,1.336
1784818906,236395801,robot_1,-2.225,-0.717
1784818906,457506681,robot_2,-3.433,1.015
1784818906,457546334,robot_0,4.363,1.336
1784818906,457565065,robot_1,-2.225,-0.717
1784818906,676666143,robot_2,-3.414,1.079
1784818906,676761918,robot_0,4.363,1.336
1784818906,676780261,robot_1,-2.225,-0.717
1784818906,877288104,robot_2,-3.398,1.134
1784818906,877331588,robot_0,4.362,1.335
1784818906,877351347,robot_1,-2.225,-0.717
1784818907,77718672,robot_2,-3.396,1.141
1784818907,77753565,robot_0,4.362,1.335
1784818907,77769271,robot_1,-2.224,-0.717
1784818907,278462510,robot_2,-3.396,1.141
1784818907,278501670,robot_0,4.362,1.335
1784818907,278518957,robot_1,-2.224,-0.716
1784818907,496747174,robot_2,-3.396,1.146
1784818907,496791705,robot_0,4.362,1.335
1784818907,496812612,robot_1,-2.224,-0.716
1784818907,719669248,robot_2,-3.408,1.205
1784818907,719715898,robot_0,4.362,1.335
1784818907,719735917,robot_1,-2.224,-0.716
1784818907,937641365,robot_2,-3.425,1.269
1784818907,937681878,robot_0,4.362,1.335
1784818907,937699861,robot_1,-2.224,-0.715
1784818908,158026736,robot_2,-3.442,1.333
1784818908,158064452,robot_0,4.363,1.336
1784818908,158080648,robot_1,-2.224,-0.715
1784818908,377311183,robot_2,-3.459,1.396
1784818908,377351261,robot_0,4.363,1.336
1784818908,377368903,robot_1,-2.224,-0.715
1784818908,597579854,robot_2,-3.476,1.460
1784818908,597625975,robot_0,4.364,1.336
1784818908,597647341,robot_1,-2.238,-0.726
1784818908,797819180,robot_2,-3.491,1.518
1784818908,797863633,robot_0,4.364,1.336
1784818908,797884522,robot_1,-2.280,-0.768
1784818909,17501886,robot_2,-3.508,1.582
1784818909,17541658,robot_0,4.364,1.336
1784818909,17561093,robot_1,-2.325,-0.817
1784818909,217639271,robot_2,-3.524,1.640
1784818909,217682149,robot_0,4.365,1.336
1784818909,217702981,robot_1,-2.365,-0.861
1784818909,436032905,robot_2,-3.541,1.704
1784818909,436071925,robot_0,4.365,1.336
1784818909,436099267,robot_1,-2.410,-0.909
1784818909,636505624,robot_2,-3.556,1.761
1784818909,636547077,robot_0,4.365,1.336
1784818909,636566027,robot_1,-2.450,-0.954
1784818909,837391735,robot_2,-3.572,1.819
1784818909,837432487,robot_0,4.364,1.336
1784818909,837450486,robot_1,-2.491,-0.998
1784818910,57271906,robot_2,-3.589,1.883
1784818910,57314763,robot_0,4.364,1.336
1784818910,57335507,robot_1,-2.536,-1.046
1784818910,277530678,robot_2,-3.606,1.947
1784818910,277572849,robot_0,4.364,1.336
1784818910,277591957,robot_1,-2.580,-1.095
1784818910,479265813,robot_2,-3.622,2.005
1784818910,479344664,robot_0,4.363,1.335
1784818910,479389600,robot_1,-2.621,-1.139
1784818910,696498469,robot_2,-3.639,2.069
1784818910,696536503,robot_0,4.363,1.335
1784818910,696554733,robot_1,-2.665,-1.188
1784818910,896713784,robot_2,-3.654,2.127
1784818910,896753637,robot_0,4.363,1.335
1784818910,896771330,robot_1,-2.706,-1.232
1784818911,99775257,robot_2,-3.670,2.185
1784818911,99813735,robot_0,4.363,1.335
1784818911,99830661,robot_1,-2.747,-1.276
1784818911,316617879,robot_2,-3.687,2.248
1784818911,316663066,robot_0,4.363,1.335
1784818911,316684352,robot_1,-2.791,-1.325
1784818911,537009387,robot_2,-3.704,2.312
1784818911,537073229,robot_0,4.363,1.335
1784818911,537106079,robot_1,-2.836,-1.374
1784818911,737240260,robot_2,-3.719,2.370
1784818911,737278994,robot_0,4.363,1.335
1784818911,737296225,robot_1,-2.876,-1.418
1784818911,957764240,robot_2,-3.736,2.434
1784818911,957807844,robot_0,4.364,1.335
1784818911,957829388,robot_1,-2.921,-1.466
1784818912,177083465,robot_2,-3.753,2.498
1784818912,177137490,robot_0,4.364,1.335
1784818912,177158712,robot_1,-2.966,-1.515
1784818912,378624550,robot_2,-3.769,2.556
1784818912,378668319,robot_0,4.364,1.336
1784818912,378687338,robot_1,-3.006,-1.559
1784818912,596898979,robot_2,-3.786,2.619
1784818912,596939597,robot_0,4.365,1.336
1784818912,596958062,robot_1,-3.051,-1.608
1784818912,797238079,robot_2,-3.801,2.677
1784818912,797286650,robot_0,4.365,1.336
1784818912,797307222,robot_1,-3.091,-1.652
1784818913,16514948,robot_2,-3.818,2.741
1784818913,16556360,robot_0,4.365,1.336
1784818913,16574415,robot_1,-3.136,-1.701
1784818913,217150082,robot_2,-3.834,2.799
1784818913,217193912,robot_0,4.365,1.335
1784818913,217213797,robot_1,-3.177,-1.745
1784818913,436554768,robot_2,-3.851,2.863
1784818913,436590046,robot_0,4.364,1.335
1784818913,436606621,robot_1,-3.221,-1.793
1784818913,658353504,robot_2,-3.868,2.927
1784818913,658428664,robot_0,4.364,1.335
1784818913,658472743,robot_1,-3.266,-1.842
1784818913,877007438,robot_2,-3.885,2.990
1784818913,877044828,robot_0,4.364,1.335
1784818913,877063021,robot_1,-3.310,-1.891
1784818914,77151541,robot_2,-3.901,3.048
1784818914,77193781,robot_0,4.363,1.335
1784818914,77213317,robot_1,-3.351,-1.935
1784818914,296536539,robot_2,-3.918,3.112
1784818914,296572997,robot_0,4.363,1.334
1784818914,296590086,robot_1,-3.396,-1.984
1784818914,497109774,robot_2,-3.933,3.170
1784818914,497149151,robot_0,4.363,1.334
1784818914,497166966,robot_1,-3.436,-2.028
1784818914,698229326,robot_2,-3.949,3.228
1784818914,698266399,robot_0,4.363,1.335
1784818914,698283610,robot_1,-3.477,-2.072
1784818914,916578225,robot_2,-3.966,3.292
1784818914,916623262,robot_0,4.364,1.335
1784818914,916644501,robot_1,-3.521,-2.121
1784818915,136019414,robot_2,-3.983,3.355
1784818915,136054299,robot_0,4.364,1.335
1784818915,136069544,robot_1,-3.566,-2.169
1784818915,340720605,robot_2,-3.987,3.371
1784818915,340808382,robot_0,4.364,1.335
1784818915,340855096,robot_1,-3.607,-2.213
1784818915,558010809,robot_2,-3.987,3.371
1784818915,558051003,robot_0,4.365,1.335
1784818915,558069270,robot_1,-3.651,-2.262
1784818915,776945951,robot_2,-3.987,3.371
1784818915,776987543,robot_0,4.365,1.335
1784818915,777007695,robot_1,-3.696,-2.311
1784818915,996123204,robot_2,-3.987,3.371
1784818915,996163391,robot_0,4.365,1.335
1784818915,996181724,robot_1,-3.740,-2.359
1784818916,199374129,robot_2,-3.987,3.371
1784818916,199417643,robot_0,4.365,1.335
1784818916,199435908,robot_1,-3.781,-2.403
1784818916,399543742,robot_2,-3.987,3.371
1784818916,399618345,robot_0,4.364,1.335
1784818916,399661888,robot_1,-3.788,-2.412
1784818916,617810423,robot_2,-3.988,3.371
1784818916,617857846,robot_0,4.364,1.335
1784818916,617893499,robot_1,-3.788,-2.412
1784818916,839171664,robot_2,-3.988,3.372
1784818916,839221903,robot_0,4.364,1.334
1784818916,839243124,robot_1,-3.788,-2.412
1784818917,57826139,robot_2,-3.989,3.372
1784818917,57878691,robot_0,4.364,1.334
1784818917,57904572,robot_1,-3.788,-2.413
1784818917,259134348,robot_2,-3.989,3.372
1784818917,259207461,robot_0,4.364,1.334
1784818917,259252224,robot_1,-3.788,-2.413
1784818917,459380116,robot_2,-3.989,3.373
1784818917,459424675,robot_0,4.364,1.334
1784818917,459446699,robot_1,-3.796,-2.412
1784818917,677586748,robot_2,-3.942,3.397
1784818917,677631518,robot_0,4.364,1.334
1784818917,677653085,robot_1,-3.858,-2.400
1784818917,896258340,robot_2,-3.881,3.423
1784818917,896295609,robot_0,4.364,1.334
1784818917,896312510,robot_1,-3.922,-2.383
1784818918,116657817,robot_2,-3.820,3.449
1784818918,116704990,robot_0,4.364,1.335
1784818918,116727446,robot_1,-3.986,-2.367
1784818918,317007893,robot_2,-3.765,3.472
1784818918,317047201,robot_0,4.365,1.335
1784818918,317065523,robot_1,-4.044,-2.351
1784818918,535854971,robot_2,-3.704,3.498
1784818918,535891900,robot_0,4.365,1.335
1784818918,535909118,robot_1,-4.107,-2.335
1784818918,738222273,robot_2,-3.649,3.521
1784818918,738295854,robot_0,4.365,1.335
1784818918,738336146,robot_1,-4.166,-2.319
1784818918,959014658,robot_2,-3.588,3.547
1784818918,959085309,robot_0,4.366,1.335
1784818918,959135087,robot_1,-4.229,-2.303
1784818919,178202120,robot_2,-3.528,3.572
1784818919,178271100,robot_0,4.366,1.335
1784818919,178309909,robot_1,-4.293,-2.286
1784818919,395868227,robot_2,-3.467,3.598
1784818919,395901540,robot_0,4.366,1.335
1784818919,395916201,robot_1,-4.357,-2.269
1784818919,597416549,robot_2,-3.411,3.621
1784818919,597454357,robot_0,4.366,1.335
1784818919,597471153,robot_1,-4.414,-2.254
1784818919,817824479,robot_2,-3.351,3.647
1784818919,817871303,robot_0,4.366,1.335
1784818919,817893277,robot_1,-4.426,-2.251
1784818920,36349602,robot_2,-3.290,3.673
1784818920,36387880,robot_0,4.366,1.335
1784818920,36403875,robot_1,-4.426,-2.252
1784818920,236595489,robot_2,-3.235,3.696
1784818920,236634470,robot_0,4.365,1.335
1784818920,236652025,robot_1,-4.426,-2.252
1784818920,458161855,robot_2,-3.174,3.722
1784818920,458203050,robot_0,4.365,1.334
1784818920,458226097,robot_1,-4.426,-2.252
1784818920,658820506,robot_2,-3.118,3.745
1784818920,658867385,robot_0,4.365,1.334
1784818920,658888474,robot_1,-4.427,-2.253
1784818920,876716489,robot_2,-3.058,3.771
1784818920,876757328,robot_0,4.365,1.334
1784818920,876776781,robot_1,-4.427,-2.253
1784818921,95927064,robot_2,-2.997,3.796
1784818921,95970487,robot_0,4.364,1.334
1784818921,95986836,robot_1,-4.428,-2.253
1784818921,297647993,robot_2,-2.942,3.820
1784818921,297690537,robot_0,4.364,1.333
1784818921,297716496,robot_1,-4.428,-2.253
1784818921,516925988,robot_2,-2.881,3.845
1784818921,516964245,robot_0,4.364,1.333
1784818921,516982019,robot_1,-4.428,-2.253
1784818921,736355921,robot_2,-2.820,3.871
1784818921,736398262,robot_0,4.364,1.334
1784818921,736418419,robot_1,-4.429,-2.253
1784818921,938217900,robot_2,-2.765,3.894
1784818921,938260508,robot_0,4.365,1.334
1784818921,938278092,robot_1,-4.429,-2.252
1784818922,158960726,robot_2,-2.704,3.920
1784818922,159013309,robot_0,4.365,1.334
1784818922,159050174,robot_1,-4.429,-2.252
1784818922,359466676,robot_2,-2.649,3.944
1784818922,359513996,robot_0,4.365,1.334
1784818922,359537442,robot_1,-4.401,-2.231
1784818922,577184802,robot_2,-2.588,3.969
1784818922,577223700,robot_0,4.366,1.334
1784818922,577239234,robot_1,-4.345,-2.196
1784818922,780046799,robot_2,-2.533,3.993
1784818922,780133952,robot_0,4.366,1.335
1784818922,780180779,robot_1,-4.294,-2.165
1784818922,996346043,robot_2,-2.472,4.018
1784818922,996381690,robot_0,4.367,1.335
1784818922,996398077,robot_1,-4.237,-2.131
1784818923,197520044,robot_2,-2.416,4.042
1784818923,197558009,robot_0,4.367,1.334
1784818923,197574655,robot_1,-4.186,-2.100
1784818923,416706666,robot_2,-2.356,4.067
1784818923,416740546,robot_0,4.367,1.334
1784818923,416756706,robot_1,-4.151,-2.079
1784818923,638079146,robot_2,-2.295,4.093
1784818923,638162309,robot_0,4.367,1.334
1784818923,638206677,robot_1,-4.123,-2.065
1784818923,857343172,robot_2,-2.234,4.119
1784818923,857410568,robot_0,4.367,1.334
1784818923,857438954,robot_1,-4.064,-2.038
1784818924,57856847,robot_2,-2.179,4.142
1784818924,57900299,robot_0,4.366,1.334
1784818924,57920699,robot_1,-4.009,-2.013
1784818924,258784137,robot_2,-2.169,4.146
1784818924,258859173,robot_0,4.366,1.334
1784818924,258903926,robot_1,-3.954,-1.988
1784818924,458815620,robot_2,-2.169,4.146
1784818924,458856349,robot_0,4.366,1.334
1784818924,458875925,robot_1,-3.900,-1.963
1784818924,676858153,robot_2,-2.169,4.147
1784818924,676900328,robot_0,4.365,1.334
1784818924,676919502,robot_1,-3.840,-1.936
1784818924,877553519,robot_2,-2.166,4.147
1784818924,877593278,robot_0,4.365,1.334
1784818924,877610628,robot_1,-3.785,-1.911
1784818925,96498972,robot_2,-2.111,4.132
1784818925,96542799,robot_0,4.365,1.333
1784818925,96559138,robot_1,-3.725,-1.884
1784818925,297082924,robot_2,-2.054,4.114
1784818925,297129798,robot_0,4.365,1.333
1784818925,297147450,robot_1,-3.670,-1.859
1784818925,497478416,robot_2,-1.998,4.095
1784818925,497519328,robot_0,4.365,1.333
1784818925,497543567,robot_1,-3.616,-1.834
1784818925,717889909,robot_2,-1.935,4.073
1784818925,717931148,robot_0,4.365,1.333
1784818925,717951424,robot_1,-3.556,-1.807
1784818925,936090987,robot_2,-1.872,4.052
1784818925,936125935,robot_0,4.365,1.333
1784818925,936143053,robot_1,-3.496,-1.779
1784818926,137815905,robot_2,-1.816,4.033
1784818926,137850570,robot_0,4.366,1.334
1784818926,137867893,robot_1,-3.441,-1.754
1784818926,359558636,robot_2,-1.753,4.012
1784818926,359632581,robot_0,4.366,1.334
1784818926,359674408,robot_1,-3.381,-1.727
1784818926,577928390,robot_2,-1.690,3.991
1784818926,577967383,robot_0,4.366,1.334
1784818926,577984952,robot_1,-3.321,-1.700
1784818926,797233812,robot_2,-1.628,3.970
1784818926,797274142,robot_0,4.367,1.334
1784818926,797293023,robot_1,-3.261,-1.672
1784818927,16175277,robot_2,-1.565,3.949
1784818927,16212620,robot_0,4.367,1.334
1784818927,16230749,robot_1,-3.201,-1.645
1784818927,216605719,robot_2,-1.509,3.930
1784818927,216646325,robot_0,4.368,1.334
1784818927,216665329,robot_1,-3.146,-1.620
1784818927,418051641,robot_2,-1.452,3.911
1784818927,418096567,robot_0,4.368,1.334
1784818927,418119890,robot_1,-3.091,-1.595
1784818927,636537723,robot_2,-1.389,3.890
1784818927,636576456,robot_0,4.368,1.334
1784818927,636595761,robot_1,-3.031,-1.568
1784818927,837448668,robot_2,-1.332,3.871
1784818927,837491559,robot_0,4.367,1.334
1784818927,837511521,robot_1,-2.977,-1.543
1784818928,58824328,robot_2,-1.270,3.849
1784818928,58900389,robot_0,4.367,1.334
1784818928,58943684,robot_1,-2.917,-1.516
1784818928,278152261,robot_2,-1.207,3.828
1784818928,278194339,robot_0,4.367,1.334
1784818928,278213354,robot_1,-2.857,-1.489
1784818928,498056958,robot_2,-1.145,3.807
1784818928,498138133,robot_0,4.366,1.334
1784818928,498162407,robot_1,-2.796,-1.461
1784818928,718069068,robot_2,-1.082,3.786
1784818928,718119773,robot_0,4.366,1.333
1784818928,718140023,robot_1,-2.736,-1.434
1784818928,937577031,robot_2,-1.019,3.765
1784818928,937614148,robot_0,4.366,1.333
1784818928,937632378,robot_1,-2.676,-1.407
1784818929,138517368,robot_2,-0.963,3.746
1784818929,138555470,robot_0,4.366,1.333
1784818929,138574839,robot_1,-2.622,-1.382
1784818929,357652720,robot_2,-0.919,3.731
1784818929,357694152,robot_0,4.366,1.333
1784818929,357712818,robot_1,-2.562,-1.354
1784818929,577059450,robot_2,-0.919,3.731
1784818929,577106310,robot_0,4.366,1.333
1784818929,577126536,robot_1,-2.502,-1.327
1784818929,797116589,robot_2,-0.919,3.731
1784818929,797158831,robot_0,4.366,1.333
1784818929,797178625,robot_1,-2.441,-1.300
1784818930,16448626,robot_2,-0.919,3.731
1784818930,16482153,robot_0,4.366,1.333
1784818930,16498509,robot_1,-2.381,-1.272
1784818930,218299500,robot_2,-0.918,3.730
1784818930,218342076,robot_0,4.366,1.333
1784818930,218361572,robot_1,-2.327,-1.248
1784818930,437868753,robot_2,-0.918,3.730
1784818930,437910940,robot_0,4.367,1.334
1784818930,437930801,robot_1,-2.267,-1.220
1784818930,656717317,robot_2,-0.918,3.730
1784818930,656755734,robot_0,4.367,1.334
1784818930,656771748,robot_1,-2.207,-1.193
1784818930,860011657,robot_2,-0.918,3.729
1784818930,860096830,robot_0,4.368,1.334
1784818930,860142337,robot_1,-2.152,-1.168
1784818931,76453551,robot_2,-0.918,3.729
1784818931,76492355,robot_0,4.368,1.334
1784818931,76508839,robot_1,-2.092,-1.141
1784818931,277462391,robot_2,-0.917,3.729
1784818931,277503458,robot_0,4.368,1.334
1784818931,277522731,robot_1,-2.037,-1.116
1784818931,477704587,robot_2,-0.917,3.729
1784818931,477742515,robot_0,4.368,1.334
1784818931,477758786,robot_1,-1.983,-1.091
1784818931,698679648,robot_2,-0.917,3.729
1784818931,698720026,robot_0,4.368,1.334
1784818931,698738646,robot_1,-1.923,-1.064
1784818931,917015178,robot_2,-0.916,3.729
1784818931,917051871,robot_0,4.368,1.334
1784818931,917069685,robot_1,-1.863,-1.036
1784818932,117707006,robot_2,-0.928,3.762
1784818932,117747118,robot_0,4.368,1.333
1784818932,117765598,robot_1,-1.808,-1.012
1784818932,339437141,robot_2,-0.955,3.822
1784818932,339525884,robot_0,4.367,1.333
1784818932,339572346,robot_1,-1.748,-0.984
1784818932,540657406,robot_2,-0.981,3.876
1784818932,540719610,robot_0,4.367,1.333
1784818932,540752087,robot_1,-1.693,-0.959
1784818932,759541836,robot_2,-1.010,3.936
1784818932,759627376,robot_0,4.367,1.333
1784818932,759670947,robot_1,-1.633,-0.932
1784818932,978425112,robot_2,-1.038,3.995
1784818932,978468346,robot_0,4.367,1.333
1784818932,978487311,robot_1,-1.573,-0.905
1784818933,188636121,robot_2,-1.065,4.052
1784818933,188678412,robot_0,4.366,1.332
1784818933,188696856,robot_1,-1.516,-0.879
1784818933,408627483,robot_2,-1.094,4.112
1784818933,408702098,robot_0,4.366,1.332
1784818933,408744613,robot_1,-1.456,-0.851
1784818933,627327582,robot_2,-1.122,4.171
1784818933,627371499,robot_0,4.366,1.332
1784818933,627400320,robot_1,-1.396,-0.824
1784818933,827384941,robot_2,-1.148,4.225
1784818933,827430196,robot_0,4.367,1.332
1784818933,827449358,robot_1,-1.341,-0.799
1784818934,28746981,robot_2,-1.174,4.280
1784818934,28835562,robot_0,4.367,1.333
1784818934,28882987,robot_1,-1.286,-0.774
1784818934,228877474,robot_2,-1.195,4.324
1784818934,228920614,robot_0,4.367,1.333
1784818934,228940558,robot_1,-1.232,-0.749
1784818934,448099079,robot_2,-1.196,4.325
1784818934,448139207,robot_0,4.368,1.333
1784818934,448156966,robot_1,-1.172,-0.722
1784818934,668465497,robot_2,-1.195,4.325
1784818934,668507296,robot_0,4.368,1.333
1784818934,668526581,robot_1,-1.112,-0.695
1784818934,887533462,robot_2,-1.195,4.325
1784818934,887583072,robot_0,4.368,1.333
1784818934,887606745,robot_1,-1.052,-0.667
1784818935,88698643,robot_2,-1.195,4.325
1784818935,88744114,robot_0,4.369,1.333
1784818935,88766212,robot_1,-0.997,-0.643
1784818935,307561107,robot_2,-1.195,4.326
1784818935,307602955,robot_0,4.369,1.333
1784818935,307622992,robot_1,-0.937,-0.615
1784818935,509848833,robot_2,-1.195,4.326
1784818935,509920902,robot_0,4.369,1.333
1784818935,509964505,robot_1,-0.882,-0.590
1784818935,728372059,robot_2,-1.195,4.327
1784818935,728445644,robot_0,4.369,1.333
1784818935,728490394,robot_1,-0.822,-0.563
1784818935,929029676,robot_2,-1.195,4.327
1784818935,929100637,robot_0,4.369,1.333
1784818935,929138690,robot_1,-0.768,-0.538
1784818936,146838029,robot_2,-1.235,4.309
1784818936,146896673,robot_0,4.368,1.333
1784818936,146920464,robot_1,-0.707,-0.511
1784818936,367586256,robot_2,-1.294,4.278
1784818936,367629102,robot_0,4.368,1.333
1784818936,367648749,robot_1,-0.647,-0.484
1784818936,587368131,robot_2,-1.352,4.247
1784818936,587407992,robot_0,4.368,1.333
1784818936,587425970,robot_1,-0.587,-0.456
1784818936,788495668,robot_2,-1.404,4.218
1784818936,788575348,robot_0,4.367,1.332
1784818936,788620841,robot_1,-0.533,-0.431
1784818937,8242077,robot_2,-1.462,4.186
1784818937,8320039,robot_0,4.367,1.332
1784818937,8364877,robot_1,-0.473,-0.404
1784818937,226780132,robot_2,-1.520,4.155
1784818937,226823724,robot_0,4.367,1.332
1784818937,226844228,robot_1,-0.413,-0.377
1784818937,446685156,robot_2,-1.578,4.123
1784818937,446724380,robot_0,4.367,1.332
1784818937,446745936,robot_1,-0.352,-0.349
1784818937,646769121,robot_2,-1.631,4.094
1784818937,646806397,robot_0,4.367,1.332
1784818937,646823199,robot_1,-0.298,-0.325
1784818937,846961499,robot_2,-1.684,4.066
1784818937,847000093,robot_0,4.367,1.332
1784818937,847018183,robot_1,-0.243,-0.300
1784818938,67391411,robot_2,-1.741,4.034
1784818938,67428632,robot_0,4.368,1.332
1784818938,67445397,robot_1,-0.183,-0.272
1784818938,267572225,robot_2,-1.794,4.005
1784818938,267651354,robot_0,4.368,1.333
1784818938,267698694,robot_1,-0.129,-0.248
1784818938,487748711,robot_2,-1.852,3.974
1784818938,487790806,robot_0,4.368,1.333
1784818938,487809997,robot_1,-0.068,-0.220
1784818938,688536034,robot_2,-1.905,3.945
1784818938,688614939,robot_0,4.369,1.333
1784818938,688658673,robot_1,-0.014,-0.195
1784818938,889496977,robot_2,-1.957,3.916
1784818938,889539670,robot_0,4.369,1.333
1784818938,889559274,robot_1,0.041,-0.171
1784818939,106191079,robot_2,-2.015,3.884
1784818939,106228086,robot_0,4.369,1.333
1784818939,106244634,robot_1,0.101,-0.143
1784818939,306323912,robot_2,-2.068,3.856
1784818939,306364666,robot_0,4.370,1.333
1784818939,306384136,robot_1,0.155,-0.118
1784818939,506858113,robot_2,-2.121,3.827
1784818939,506903728,robot_0,4.370,1.333
1784818939,506926091,robot_1,0.210,-0.094
1784818939,708832082,robot_2,-2.173,3.798
1784818939,708874992,robot_0,4.370,1.333
1784818939,708895611,robot_1,0.265,-0.069
1784818939,927708735,robot_2,-2.231,3.767
1784818939,927752239,robot_0,4.369,1.333
1784818939,927773104,robot_1,0.325,-0.041
1784818940,128234613,robot_2,-2.284,3.738
1784818940,128278074,robot_0,4.369,1.333
1784818940,128298546,robot_1,0.379,-0.016
1784818940,347553758,robot_2,-2.342,3.706
1784818940,347597686,robot_0,4.369,1.332
1784818940,347618032,robot_1,0.439,0.011
1784818940,548629317,robot_2,-2.394,3.677
1784818940,548684303,robot_0,4.368,1.332
1784818940,548713197,robot_1,0.494,0.036
1784818940,769114980,robot_2,-2.452,3.646
1784818940,769202347,robot_0,4.368,1.332
1784818940,769247595,robot_1,0.554,0.063
1784818940,988408343,robot_2,-2.510,3.614
1784818940,988494821,robot_0,4.368,1.332
1784818940,988542371,robot_1,0.614,0.090
1784818941,208872542,robot_2,-2.568,3.583
1784818941,208915339,robot_0,4.368,1.331
1784818941,208936811,robot_1,0.674,0.118
1784818941,426504480,robot_2,-2.626,3.551
1784818941,426544809,robot_0,4.368,1.331
1784818941,426563885,robot_1,0.734,0.145
1784818941,628177326,robot_2,-2.679,3.522
1784818941,628219271,robot_0,4.368,1.331
1784818941,628238897,robot_1,0.789,0.170
1784818941,829977168,robot_2,-2.731,3.493
1784818941,830059309,robot_0,4.368,1.332
1784818941,830121145,robot_1,0.844,0.195
1784818942,48124952,robot_2,-2.789,3.462
1784818942,48163142,robot_0,4.368,1.332
1784818942,48180876,robot_1,0.904,0.222
1784818942,268332164,robot_2,-2.847,3.430
1784818942,268370220,robot_0,4.369,1.332
1784818942,268386705,robot_1,0.964,0.249
1784818942,485992363,robot_2,-2.905,3.398
1784818942,486031183,robot_0,4.369,1.332
1784818942,486050732,robot_1,1.024,0.277
1784818942,706770512,robot_2,-2.963,3.367
1784818942,706809559,robot_0,4.369,1.332
1784818942,706830554,robot_1,1.084,0.304
1784818942,907617688,robot_2,-3.016,3.338
1784818942,907684988,robot_0,4.370,1.332
1784818942,907723083,robot_1,1.139,0.329
1784818943,126509503,robot_2,-3.074,3.306
1784818943,126544658,robot_0,4.370,1.332
1784818943,126560999,robot_1,1.199,0.356
1784818943,328588154,robot_2,-3.126,3.278
1784818943,328623065,robot_0,4.370,1.332
1784818943,328640068,robot_1,1.253,0.381
1784818943,547809930,robot_2,-3.184,3.246
1784818943,547850309,robot_0,4.370,1.332
1784818943,547869230,robot_1,1.313,0.408
1784818943,768221890,robot_2,-3.242,3.214
1784818943,768291885,robot_0,4.370,1.332
1784818943,768331775,robot_1,1.373,0.436
1784818943,986587554,robot_2,-3.300,3.183
1784818943,986625742,robot_0,4.370,1.332
1784818943,986644287,robot_1,1.433,0.463
1784818944,187631825,robot_2,-3.353,3.154
1784818944,187673468,robot_0,4.369,1.332
1784818944,187692934,robot_1,1.488,0.488
1784818944,407820708,robot_2,-3.411,3.122
1784818944,407887505,robot_0,4.369,1.332
1784818944,407926356,robot_1,1.547,0.515
1784818944,608166980,robot_2,-3.463,3.094
1784818944,608229575,robot_0,4.369,1.332
1784818944,608259428,robot_1,1.555,0.518
1784818944,827165594,robot_2,-3.521,3.062
1784818944,827205754,robot_0,4.369,1.331
1784818944,827225115,robot_1,1.556,0.518
1784818945,48566801,robot_2,-3.579,3.030
1784818945,48608653,robot_0,4.368,1.331
1784818945,48627356,robot_1,1.556,0.518
1784818945,268187147,robot_2,-3.637,2.999
1784818945,268366102,robot_0,4.368,1.331
1784818945,268487405,robot_1,1.556,0.518
1784818945,486539069,robot_2,-3.695,2.967
1784818945,486574589,robot_0,4.368,1.331
1784818945,486590979,robot_1,1.556,0.518
1784818945,686652830,robot_2,-3.748,2.938
1784818945,686694411,robot_0,4.368,1.331
1784818945,686714631,robot_1,1.557,0.518
1784818945,887670080,robot_2,-3.801,2.910
1784818945,887714737,robot_0,4.369,1.331
1784818945,887734677,robot_1,1.557,0.518
1784818946,106150292,robot_2,-3.858,2.878
1784818946,106188306,robot_0,4.369,1.332
1784818946,106206651,robot_1,1.553,0.538
1784818946,307106302,robot_2,-3.911,2.849
1784818946,307145455,robot_0,4.369,1.332
1784818946,307161947,robot_1,1.538,0.595
1784818946,526347851,robot_2,-3.969,2.818
1784818946,526384255,robot_0,4.370,1.332
1784818946,526402512,robot_1,1.519,0.658
1784818946,726601184,robot_2,-4.022,2.789
1784818946,726636697,robot_0,4.370,1.332
1784818946,726654232,robot_1,1.501,0.716
1784818946,927151263,robot_2,-4.074,2.760
1784818946,927194096,robot_0,4.370,1.332
1784818946,927214902,robot_1,1.483,0.773
1784818947,127519165,robot_2,-4.092,2.751
1784818947,127557757,robot_0,4.371,1.332
1784818947,127577403,robot_1,1.465,0.830
1784818947,347741331,robot_2,-4.092,2.751
1784818947,347784178,robot_0,4.371,1.332
1784818947,347805694,robot_1,1.446,0.893
1784818947,566845794,robot_2,-4.092,2.751
1784818947,566889433,robot_0,4.371,1.332
1784818947,566911112,robot_1,1.426,0.956
1784818947,786840566,robot_2,-4.093,2.751
1784818947,786878492,robot_0,4.371,1.332
1784818947,786895895,robot_1,1.407,1.019
1784818947,987488320,robot_2,-4.093,2.751
1784818947,987528741,robot_0,4.370,1.332
1784818947,987547068,robot_1,1.389,1.077
1784818948,188248481,robot_2,-4.093,2.751
1784818948,188287862,robot_0,4.370,1.332
1784818948,188305596,robot_1,1.371,1.134
1784818948,408130692,robot_2,-4.093,2.745
1784818948,408173852,robot_0,4.370,1.331
1784818948,408193777,robot_1,1.352,1.197
1784818948,627275397,robot_2,-4.085,2.684
1784818948,627315201,robot_0,4.369,1.331
1784818948,627331886,robot_1,1.332,1.260
1784818948,847000777,robot_2,-4.072,2.619
1784818948,847044629,robot_0,4.369,1.331
1784818948,847065827,robot_1,1.313,1.323
1784818949,48398906,robot_2,-4.061,2.560
1784818949,48482361,robot_0,4.369,1.331
1784818949,48529288,robot_1,1.295,1.381
1784818949,267691884,robot_2,-4.048,2.495
1784818949,267736254,robot_0,4.369,1.330
1784818949,267755942,robot_1,1.275,1.444
1784818949,468381383,robot_2,-4.037,2.437
1784818949,468457133,robot_0,4.369,1.330
1784818949,468500348,robot_1,1.257,1.501
1784818949,687060846,robot_2,-4.024,2.372
1784818949,687108971,robot_0,4.369,1.331
1784818949,687127851,robot_1,1.238,1.564
1784818949,887263908,robot_2,-4.012,2.313
1784818949,887302837,robot_0,4.369,1.331
1784818949,887320850,robot_1,1.220,1.621
1784818950,108299952,robot_2,-4.000,2.248
1784818950,108348653,robot_0,4.370,1.331
1784818950,108371156,robot_1,1.201,1.684
1784818950,327165460,robot_2,-3.987,2.183
1784818950,327215500,robot_0,4.370,1.331
1784818950,327239500,robot_1,1.181,1.747
1784818950,548549591,robot_2,-3.974,2.119
1784818950,548639915,robot_0,4.370,1.331
1784818950,548693666,robot_1,1.162,1.810
1784818950,767463321,robot_2,-3.962,2.054
1784818950,767509253,robot_0,4.371,1.331
1784818950,767532330,robot_1,1.142,1.873
1784818950,967572412,robot_2,-3.950,1.995
1784818950,967613592,robot_0,4.371,1.331
1784818950,967632434,robot_1,1.124,1.931
1784818951,168432041,robot_2,-3.939,1.936
1784818951,168509254,robot_0,4.370,1.331
1784818951,168540726,robot_1,1.107,1.988
1784818951,369763556,robot_2,-3.927,1.877
1784818951,369843066,robot_0,4.370,1.331
1784818951,369886787,robot_1,1.089,2.045
1784818951,587118201,robot_2,-3.914,1.812
1784818951,587159749,robot_0,4.370,1.331
1784818951,587179146,robot_1,1.069,2.108
1784818951,807993191,robot_2,-3.902,1.748
1784818951,808051707,robot_0,4.370,1.331
1784818951,808084352,robot_1,1.050,2.171
1784818952,8890208,robot_2,-3.890,1.689
1784818952,8971321,robot_0,4.369,1.330
1784818952,9013617,robot_1,1.032,2.229
1784818952,227161610,robot_2,-3.878,1.624
1784818952,227229037,robot_0,4.369,1.330
1784818952,227259849,robot_1,1.012,2.292
1784818952,428776590,robot_2,-3.866,1.565
1784818952,428853368,robot_0,4.369,1.330
1784818952,428898228,robot_1,0.995,2.349
1784818952,649989077,robot_2,-3.853,1.500
1784818952,650067324,robot_0,4.369,1.330
1784818952,650123031,robot_1,0.977,2.406
1784818952,869160372,robot_2,-3.841,1.436
1784818952,869245201,robot_0,4.370,1.330
1784818952,869290365,robot_1,0.976,2.408
1784818953,87608488,robot_2,-3.828,1.371
1784818953,87647602,robot_0,4.370,1.331
1784818953,87666443,robot_1,0.976,2.408
1784818953,306458438,robot_2,-3.815,1.306
1784818953,306499192,robot_0,4.370,1.331
1784818953,306518546,robot_1,0.975,2.408
1784818953,508035807,robot_2,-3.804,1.247
1784818953,508131659,robot_0,4.370,1.331
1784818953,508177475,robot_1,0.975,2.408
1784818953,708071065,robot_2,-3.792,1.188
1784818953,708119019,robot_0,4.371,1.331
1784818953,708139230,robot_1,0.975,2.409
1784818953,909489783,robot_2,-3.781,1.129
1784818953,909533918,robot_0,4.371,1.331
1784818953,909551146,robot_1,0.974,2.409
1784818954,126845120,robot_2,-3.768,1.065
1784818954,126890543,robot_0,4.372,1.331
1784818954,126911570,robot_1,0.994,2.426
1784818954,326941805,robot_2,-3.756,1.006
1784818954,326980756,robot_0,4.372,1.331
1784818954,327001303,robot_1,1.042,2.462
1784818954,528855279,robot_2,-3.745,0.947
1784818954,528929428,robot_0,4.372,1.331
1784818954,528975599,robot_1,1.091,2.496
1784818954,729048540,robot_2,-3.733,0.888
1784818954,729129360,robot_0,4.372,1.331
1784818954,729174306,robot_1,1.141,2.530
1784818954,947845742,robot_2,-3.721,0.823
1784818954,947895015,robot_0,4.371,1.331
1784818954,947917515,robot_1,1.195,2.568
1784818955,148419343,robot_2,-3.709,0.764
1784818955,148467860,robot_0,4.371,1.331
1784818955,148487868,robot_1,1.244,2.602
1784818955,367802723,robot_2,-3.696,0.700
1784818955,367849215,robot_0,4.371,1.331
1784818955,367868913,robot_1,1.298,2.640
1784818955,570162403,robot_2,-3.685,0.641
1784818955,570210891,robot_0,4.370,1.331
1784818955,570231871,robot_1,1.348,2.674
1784818955,787776995,robot_2,-3.672,0.576
1784818955,787827256,robot_0,4.370,1.330
1784818955,787850264,robot_1,1.402,2.712
1784818955,988878994,robot_2,-3.661,0.517
1784818955,988934750,robot_0,4.370,1.330
1784818955,988959174,robot_1,1.451,2.746
1784818956,208824388,robot_2,-3.648,0.452
1784818956,208897459,robot_0,4.370,1.330
1784818956,208942595,robot_1,1.505,2.784
1784818956,410265859,robot_2,-3.636,0.393
1784818956,410313464,robot_0,4.370,1.329
1784818956,410337865,robot_1,1.555,2.818
1784818956,630099408,robot_2,-3.624,0.329
1784818956,630182260,robot_0,4.370,1.330
1784818956,630226656,robot_1,1.609,2.856
1784818956,846727569,robot_2,-3.611,0.264
1784818956,846771039,robot_0,4.370,1.330
1784818956,846791910,robot_1,1.663,2.893
1784818957,48937934,robot_2,-3.600,0.205
1784818957,49016725,robot_0,4.370,1.330
1784818957,49060590,robot_1,1.712,2.928
1784818957,267300075,robot_2,-3.587,0.140
1784818957,267343234,robot_0,4.371,1.331
1784818957,267364011,robot_1,1.767,2.965
1784818957,468515221,robot_2,-3.575,0.081
1784818957,468556697,robot_0,4.371,1.331
1784818957,468576234,robot_1,1.816,2.999
1784818957,687469293,robot_2,-3.563,0.016
1784818957,687515311,robot_0,4.371,1.331
1784818957,687535387,robot_1,1.870,3.037
1784818957,888325233,robot_2,-3.551,-0.042
1784818957,888379496,robot_0,4.372,1.331
1784818957,888405412,robot_1,1.919,3.071
1784818958,108792742,robot_2,-3.538,-0.107
1784818958,108839561,robot_0,4.372,1.331
1784818958,108860145,robot_1,1.973,3.109
1784818958,327277581,robot_2,-3.526,-0.172
1784818958,327318789,robot_0,4.373,1.331
1784818958,327339657,robot_1,2.028,3.147
1784818958,527769716,robot_2,-3.514,-0.231
1784818958,527818346,robot_0,4.373,1.331
1784818958,527838205,robot_1,2.077,3.181
1784818958,727935294,robot_2,-3.503,-0.290
1784818958,727976458,robot_0,4.372,1.331
1784818958,727996391,robot_1,2.126,3.215
1784818958,928324650,robot_2,-3.491,-0.349
1784818958,928364521,robot_0,4.372,1.331
1784818958,928384975,robot_1,2.176,3.249
1784818959,146523979,robot_2,-3.478,-0.413
1784818959,146566335,robot_0,4.372,1.331
1784818959,146586434,robot_1,2.230,3.287
1784818959,347534232,robot_2,-3.467,-0.472
1784818959,347578317,robot_0,4.371,1.331
1784818959,347600574,robot_1,2.279,3.321
1784818959,547736815,robot_2,-3.455,-0.531
1784818959,547783171,robot_0,4.371,1.330
1784818959,547803219,robot_1,2.328,3.356
1784818959,767662711,robot_2,-3.443,-0.596
1784818959,767713460,robot_0,4.371,1.330
1784818959,767737005,robot_1,2.382,3.393
1784818959,969177234,robot_2,-3.431,-0.655
1784818959,969240864,robot_0,4.371,1.330
1784818959,969285026,robot_1,2.432,3.427
1784818960,169597607,robot_2,-3.420,-0.714
1784818960,169681231,robot_0,4.371,1.329
1784818960,169727183,robot_1,2.481,3.462
1784818960,379107893,robot_2,-3.408,-0.775
1784818960,379187258,robot_0,4.371,1.329
1784818960,379231068,robot_1,2.533,3.498
1784818960,597883673,robot_2,-3.395,-0.840
1784818960,597927164,robot_0,4.371,1.329
1784818960,597947059,robot_1,2.587,3.535
1784818960,819908372,robot_2,-3.382,-0.905
1784818960,819960827,robot_0,4.371,1.330
1784818960,819985653,robot_1,2.641,3.573
1784818961,39297560,robot_2,-3.370,-0.970
1784818961,39353414,robot_0,4.371,1.330
1784818961,39375257,robot_1,2.695,3.611
1784818961,258001078,robot_2,-3.357,-1.035
1784818961,258042292,robot_0,4.371,1.330
1784818961,258060687,robot_1,2.750,3.648
1784818961,476578809,robot_2,-3.344,-1.099
1784818961,476619732,robot_0,4.372,1.330
1784818961,476638050,robot_1,2.804,3.686
1784818961,679260944,robot_2,-3.333,-1.158
1784818961,679338080,robot_0,4.372,1.331
1784818961,679384094,robot_1,2.853,3.720
1784818961,897472244,robot_2,-3.320,-1.223
1784818961,897514171,robot_0,4.373,1.331
1784818961,897533361,robot_1,2.867,3.730
1784818962,97701695,robot_2,-3.308,-1.282
1784818962,97742905,robot_0,4.373,1.331
1784818962,97767365,robot_1,2.867,3.730
1784818962,297906467,robot_2,-3.297,-1.341
1784818962,297957034,robot_0,4.373,1.331
1784818962,297976967,robot_1,2.867,3.729
1784818962,518180090,robot_2,-3.284,-1.405
1784818962,518224390,robot_0,4.373,1.331
1784818962,518244154,robot_1,2.868,3.729
1784818962,737200686,robot_2,-3.271,-1.470
1784818962,737240440,robot_0,4.373,1.331
1784818962,737259072,robot_1,2.868,3.729
1784818962,937849197,robot_2,-3.260,-1.529
1784818962,937891328,robot_0,4.373,1.331
1784818962,937911958,robot_1,2.868,3.729
1784818963,161324501,robot_2,-3.247,-1.594
1784818963,161403089,robot_0,4.372,1.330
1784818963,161449055,robot_1,2.869,3.729
1784818963,376968409,robot_2,-3.235,-1.659
1784818963,377011081,robot_0,4.372,1.330
1784818963,377030594,robot_1,2.869,3.729
1784818963,578862550,robot_2,-3.223,-1.718
1784818963,578941292,robot_0,4.372,1.330
1784818963,578986125,robot_1,2.863,3.740
1784818963,798814325,robot_2,-3.210,-1.782
1784818963,798903466,robot_0,4.372,1.330
1784818963,798951042,robot_1,2.826,3.793
1784818964,16682331,robot_2,-3.198,-1.847
1784818964,16722373,robot_0,4.372,1.329
1784818964,16741051,robot_1,2.785,3.845
1784818964,216926807,robot_2,-3.186,-1.906
1784818964,216967716,robot_0,4.371,1.329
1784818964,216988028,robot_1,2.748,3.893
1784818964,418635862,robot_2,-3.175,-1.965
1784818964,418677374,robot_0,4.371,1.329
1784818964,418695619,robot_1,2.712,3.940
1784818964,637983126,robot_2,-3.162,-2.030
1784818964,638031063,robot_0,4.372,1.329
1784818964,638052866,robot_1,2.671,3.992
1784818964,838289764,robot_2,-3.150,-2.089
1784818964,838332092,robot_0,4.372,1.329
1784818964,838350573,robot_1,2.634,4.039
1784818965,40286623,robot_2,-3.139,-2.147
1784818965,40361195,robot_0,4.372,1.330
1784818965,40404635,robot_1,2.597,4.087
1784818965,258845981,robot_2,-3.126,-2.212
1784818965,258924881,robot_0,4.372,1.330
1784818965,258974003,robot_1,2.557,4.139
1784818965,478542056,robot_2,-3.113,-2.277
1784818965,478586405,robot_0,4.373,1.330
1784818965,478608056,robot_1,2.516,4.191
1784818965,679111329,robot_2,-3.102,-2.336
1784818965,679170382,robot_0,4.373,1.330
1784818965,679195757,robot_1,2.480,4.238
1784818965,899711284,robot_2,-3.089,-2.401
1784818965,899760236,robot_0,4.373,1.330
1784818965,899781546,robot_1,2.469,4.252
1784818966,120031656,robot_2,-3.084,-2.429
1784818966,120137728,robot_0,4.374,1.330
1784818966,120185093,robot_1,2.469,4.252
1784818966,337961606,robot_2,-3.084,-2.429
1784818966,338014216,robot_0,4.374,1.330
1784818966,338038966,robot_1,2.470,4.252
1784818966,539030849,robot_2,-3.084,-2.429
1784818966,539082908,robot_0,4.374,1.330
1784818966,539122133,robot_1,2.470,4.253
1784818966,757808523,robot_2,-3.084,-2.429
1784818966,757855904,robot_0,4.374,1.330
1784818966,757877671,robot_1,2.470,4.253
1784818966,958642106,robot_2,-3.084,-2.430
1784818966,958715846,robot_0,4.373,1.330
1784818966,958758956,robot_1,2.470,4.253
1784818967,159702818,robot_2,-3.045,-2.455
1784818967,159754523,robot_0,4.373,1.330
1784818967,159780276,robot_1,2.470,4.254
1784818967,379033037,robot_2,-2.986,-2.485
1784818967,379127017,robot_0,4.373,1.330
1784818967,379175447,robot_1,2.470,4.254
1784818967,598012484,robot_2,-2.927,-2.515
1784818967,598062549,robot_0,4.373,1.330
1784818967,598086063,robot_1,2.469,4.254
1784818967,798526154,robot_2,-2.874,-2.543
1784818967,798601819,robot_0,4.372,1.329
1784818967,798645321,robot_1,2.457,4.242
1784818967,998825624,robot_2,-2.821,-2.570
1784818967,998874438,robot_0,4.372,1.329
1784818967,998896555,robot_1,2.418,4.197
1784818968,199692002,robot_2,-2.767,-2.597
1784818968,199774089,robot_0,4.372,1.329
1784818968,199822615,robot_1,2.380,4.151
1784818968,400265234,robot_2,-2.714,-2.625
1784818968,400339929,robot_0,4.372,1.329
1784818968,400384081,robot_1,2.342,4.104
1784818968,617397314,robot_2,-2.655,-2.655
1784818968,617440824,robot_0,4.372,1.329
1784818968,617460812,robot_1,2.301,4.052
1784818968,838005904,robot_2,-2.596,-2.685
1784818968,838056214,robot_0,4.372,1.329
1784818968,838078307,robot_1,2.260,4.001
1784818969,59178539,robot_2,-2.538,-2.715
1784818969,59256956,robot_0,4.373,1.329
1784818969,59301462,robot_1,2.218,3.949
1784818969,277136602,robot_2,-2.479,-2.745
1784818969,277181449,robot_0,4.373,1.330
1784818969,277201604,robot_1,2.177,3.898
1784818969,477519205,robot_2,-2.425,-2.772
1784818969,477567974,robot_0,4.373,1.330
1784818969,477592804,robot_1,2.139,3.851
1784818969,678790730,robot_2,-2.372,-2.800
1784818969,678875216,robot_0,4.374,1.330
1784818969,678935558,robot_1,2.102,3.804
1784818969,897177306,robot_2,-2.313,-2.830
1784818969,897216957,robot_0,4.374,1.330
1784818969,897234647,robot_1,2.061,3.753
1784818970,97503671,robot_2,-2.260,-2.857
1784818970,97549079,robot_0,4.374,1.330
1784818970,97568903,robot_1,2.023,3.706
1784818970,297753755,robot_2,-2.206,-2.884
1784818970,297790986,robot_0,4.375,1.330
1784818970,297809421,robot_1,1.985,3.659
1784818970,498337156,robot_2,-2.153,-2.912
1784818970,498376039,robot_0,4.375,1.330
1784818970,498394011,robot_1,1.948,3.613
1784818970,717935976,robot_2,-2.094,-2.942
1784818970,717978126,robot_0,4.375,1.330
1784818970,718000723,robot_1,1.907,3.561
1784818970,936061240,robot_2,-2.035,-2.972
1784818970,936113267,robot_0,4.374,1.330
1784818970,936132939,robot_1,1.865,3.510
1784818971,137123255,robot_2,-1.982,-2.999
1784818971,137157540,robot_0,4.374,1.330
1784818971,137174425,robot_1,1.828,3.463
1784818971,338665260,robot_2,-1.929,-3.026
1784818971,338712125,robot_0,4.374,1.330
1784818971,338732239,robot_1,1.790,3.416
1784818971,558230803,robot_2,-1.913,-3.034
1784818971,558299543,robot_0,4.373,1.329
1784818971,558320215,robot_1,1.749,3.365
1784818971,776752176,robot_2,-1.913,-3.034
1784818971,776799179,robot_0,4.373,1.329
1784818971,776820612,robot_1,1.707,3.313
1784818971,996925993,robot_2,-1.913,-3.034
1784818971,996972721,robot_0,4.373,1.329
1784818971,996996571,robot_1,1.666,3.262
1784818972,197627839,robot_2,-1.913,-3.033
1784818972,197665844,robot_0,4.373,1.328
1784818972,197682820,robot_1,1.629,3.215
1784818972,398000309,robot_2,-1.911,-3.038
1784818972,398037118,robot_0,4.373,1.328
1784818972,398054197,robot_1,1.591,3.168
1784818972,616607584,robot_2,-1.896,-3.096
1784818972,616646714,robot_0,4.373,1.328
1784818972,616664202,robot_1,1.550,3.117
1784818972,817883281,robot_2,-1.884,-3.155
1784818972,817926612,robot_0,4.373,1.329
1784818972,817947346,robot_1,1.512,3.070
1784818973,37009834,robot_2,-1.871,-3.220
1784818973,37051336,robot_0,4.373,1.329
1784818973,37070356,robot_1,1.471,3.018
1784818973,257191853,robot_2,-1.858,-3.285
1784818973,257231590,robot_0,4.374,1.329
1784818973,257250365,robot_1,1.429,2.967
1784818973,457204891,robot_2,-1.847,-3.343
1784818973,457250220,robot_0,4.374,1.329
1784818973,457268404,robot_1,1.392,2.920
1784818973,657238717,robot_2,-1.835,-3.402
1784818973,657283266,robot_0,4.374,1.330
1784818973,657303311,robot_1,1.354,2.873
1784818973,859059575,robot_2,-1.824,-3.461
1784818973,859149383,robot_0,4.375,1.330
1784818973,859194026,robot_1,1.317,2.827
1784818974,76682375,robot_2,-1.811,-3.526
1784818974,76718883,robot_0,4.375,1.330
1784818974,76736047,robot_1,1.275,2.775
1784818974,278021594,robot_2,-1.799,-3.585
1784818974,278064224,robot_0,4.375,1.330
1784818974,278086836,robot_1,1.238,2.728
1784818974,496415468,robot_2,-1.787,-3.650
1784818974,496452087,robot_0,4.375,1.330
1784818974,496469891,robot_1,1.197,2.677
1784818974,696727563,robot_2,-1.775,-3.708
1784818974,696768903,robot_0,4.375,1.330
1784818974,696787786,robot_1,1.159,2.630
1784818974,915883075,robot_2,-1.762,-3.773
1784818974,915926264,robot_0,4.375,1.330
1784818974,915943407,robot_1,1.118,2.579
1784818975,115996170,robot_2,-1.751,-3.832
1784818975,116035377,robot_0,4.375,1.329
1784818975,116052833,robot_1,1.080,2.532
1784818975,318051369,robot_2,-1.739,-3.891
1784818975,318104955,robot_0,4.374,1.329
1784818975,318124630,robot_1,1.042,2.485
1784818975,537014517,robot_2,-1.726,-3.956
1784818975,537055324,robot_0,4.374,1.329
1784818975,537075298,robot_1,1.001,2.434
1784818975,757617818,robot_2,-1.714,-4.021
1784818975,757660437,robot_0,4.374,1.329
1784818975,757679617,robot_1,0.960,2.382
1784818975,978250604,robot_2,-1.701,-4.085
1784818975,978294850,robot_0,4.374,1.328
1784818975,978313547,robot_1,0.919,2.331
1784818976,197408280,robot_2,-1.688,-4.150
1784818976,197458411,robot_0,4.374,1.328
1784818976,197478973,robot_1,0.877,2.279
1784818976,416901116,robot_2,-1.676,-4.215
1784818976,416941990,robot_0,4.374,1.328
1784818976,416966930,robot_1,0.836,2.228
1784818976,617339102,robot_2,-1.664,-4.274
1784818976,617393633,robot_0,4.374,1.328
1784818976,617416290,robot_1,0.798,2.181
1784818976,836659387,robot_2,-1.654,-4.325
1784818976,836699520,robot_0,4.374,1.328
1784818976,836719215,robot_1,0.757,2.129
1784818977,36824456,robot_2,-1.654,-4.326
1784818977,36866816,robot_0,4.374,1.329
1784818977,36886792,robot_1,0.719,2.083
1784818977,237033838,robot_2,-1.654,-4.326
1784818977,237072805,robot_0,4.374,1.329
1784818977,237105643,robot_1,0.682,2.036
1784818977,457054177,robot_2,-1.654,-4.326
1784818977,457101066,robot_0,4.375,1.329
1784818977,457119882,robot_1,0.641,1.984
1784818977,657645170,robot_2,-1.655,-4.326
1784818977,657685856,robot_0,4.375,1.329
1784818977,657704580,robot_1,0.603,1.938
1784818977,877338801,robot_2,-1.655,-4.327
1784818977,877377109,robot_0,4.375,1.329
1784818977,877394929,robot_1,0.562,1.886
1784818978,98057141,robot_2,-1.655,-4.327
1784818978,98109333,robot_0,4.376,1.329
1784818978,98131285,robot_1,0.520,1.835
1784818978,299033831,robot_2,-1.655,-4.327
1784818978,299083694,robot_0,4.376,1.329
1784818978,299117087,robot_1,0.483,1.788
1784818978,517227832,robot_2,-1.655,-4.328
1784818978,517276963,robot_0,4.376,1.329
1784818978,517297235,robot_1,0.441,1.736
1784818978,737435084,robot_2,-1.655,-4.328
1784818978,737481345,robot_0,4.376,1.329
1784818978,737502741,robot_1,0.400,1.685
1784818978,958191392,robot_2,-1.654,-4.328
1784818978,958233574,robot_0,4.376,1.329
1784818978,958250637,robot_1,0.359,1.634
1784818979,158320405,robot_2,-1.614,-4.305
1784818979,158362760,robot_0,4.375,1.329
1784818979,158382519,robot_1,0.321,1.587
1784818979,360649108,robot_2,-1.564,-4.271
1784818979,360730415,robot_0,4.375,1.329
1784818979,360774351,robot_1,0.284,1.540
1784818979,577479064,robot_2,-1.510,-4.233
1784818979,577520778,robot_0,4.375,1.329
1784818979,577539378,robot_1,0.242,1.489
1784818979,797195988,robot_2,-1.456,-4.196
1784818979,797242638,robot_0,4.375,1.328
1784818979,797265381,robot_1,0.201,1.437
1784818979,998418480,robot_2,-1.407,-4.162
1784818979,998460344,robot_0,4.374,1.328
1784818979,998478990,robot_1,0.163,1.390
1784818980,200554523,robot_2,-1.357,-4.127
1784818980,200664664,robot_0,4.374,1.328
1784818980,200724398,robot_1,0.126,1.343
1784818980,417454516,robot_2,-1.303,-4.090
1784818980,417498423,robot_0,4.374,1.327
1784818980,417518703,robot_1,0.085,1.292
1784818980,617941992,robot_2,-1.254,-4.055
1784818980,617982896,robot_0,4.374,1.327
1784818980,618000458,robot_1,0.047,1.245
1784818980,838178285,robot_2,-1.200,-4.018
1784818980,838221160,robot_0,4.374,1.327
1784818980,838238882,robot_1,0.006,1.194
1784818981,39547236,robot_2,-1.151,-3.984
1784818981,39598984,robot_0,4.374,1.328
1784818981,39621857,robot_1,-0.032,1.147
1784818981,256435537,robot_2,-1.112,-3.957
1784818981,256475500,robot_0,4.375,1.328
1784818981,256494357,robot_1,-0.073,1.096
1784818981,458999203,robot_2,-1.112,-3.957
1784818981,459081620,robot_0,4.375,1.328
1784818981,459147234,robot_1,-0.111,1.049
1784818981,659487139,robot_2,-1.112,-3.957
1784818981,659562578,robot_0,4.375,1.329
1784818981,659606216,robot_1,-0.148,1.002
1784818981,878124187,robot_2,-1.111,-3.957
1784818981,878172575,robot_0,4.376,1.329
1784818981,878192336,robot_1,-0.190,0.951
1784818982,97935803,robot_2,-1.111,-3.957
1784818982,97988168,robot_0,4.376,1.329
1784818982,98011173,robot_1,-0.231,0.899
1784818982,318418421,robot_2,-1.111,-3.957
1784818982,318458390,robot_0,4.376,1.329
1784818982,318477838,robot_1,-0.272,0.848
1784818982,539937698,robot_2,-1.110,-3.957
1784818982,540025924,robot_0,4.377,1.329
1784818982,540076389,robot_1,-0.314,0.796
1784818982,759257200,robot_2,-1.110,-3.957
1784818982,759303757,robot_0,4.377,1.329
1784818982,759324400,robot_1,-0.355,0.745
1784818982,978079863,robot_2,-1.110,-3.957
1784818982,978133649,robot_0,4.378,1.329
1784818982,978153842,robot_1,-0.396,0.693
1784818983,198633261,robot_2,-1.109,-3.957
1784818983,198683830,robot_0,4.378,1.329
1784818983,198707616,robot_1,-0.438,0.642
1784818983,417887642,robot_2,-1.115,-3.952
1784818983,417936582,robot_0,4.378,1.329
1784818983,417959767,robot_1,-0.479,0.590
1784818983,636983947,robot_2,-1.167,-3.916
1784818983,637025671,robot_0,4.377,1.329
1784818983,637044034,robot_1,-0.520,0.539
1784818983,837115412,robot_2,-1.218,-3.884
1784818983,837154490,robot_0,4.377,1.329
1784818983,837172868,robot_1,-0.558,0.492
1784818984,38390935,robot_2,-1.269,-3.853
1784818984,38430135,robot_0,4.377,1.329
1784818984,38447978,robot_1,-0.595,0.445
1784818984,238394631,robot_2,-1.321,-3.821
1784818984,238436019,robot_0,4.377,1.329
1784818984,238454135,robot_1,-0.633,0.398
1784818984,438555967,robot_2,-1.372,-3.790
1784818984,438596538,robot_0,4.377,1.329
1784818984,438614967,robot_1,-0.671,0.352
1784818984,657298592,robot_2,-1.428,-3.756
1784818984,657342034,robot_0,4.376,1.329
1784818984,657361946,robot_1,-0.712,0.300
1784818984,878289329,robot_2,-1.484,-3.721
1784818984,878335045,robot_0,4.376,1.329
1784818984,878354365,robot_1,-0.753,0.249
1784818985,97239168,robot_2,-1.540,-3.687
1784818985,97278291,robot_0,4.376,1.328
1784818985,97295874,robot_1,-0.795,0.197
1784818985,297659211,robot_2,-1.592,-3.655
1784818985,297714565,robot_0,4.376,1.328
1784818985,297732089,robot_1,-0.832,0.150
1784818985,516338649,robot_2,-1.648,-3.621
1784818985,516375723,robot_0,4.375,1.328
1784818985,516392506,robot_1,-0.873,0.099
1784818985,737121093,robot_2,-1.704,-3.586
1784818985,737160375,robot_0,4.375,1.328
1784818985,737178310,robot_1,-0.915,0.048
1784818985,958420266,robot_2,-1.760,-3.552
1784818985,958470147,robot_0,4.375,1.328
1784818985,958491474,robot_1,-0.956,-0.004
1784818986,177167080,robot_2,-1.817,-3.517
1784818986,177229566,robot_0,4.375,1.328
1784818986,177259589,robot_1,-0.997,-0.055
1784818986,377148226,robot_2,-1.868,-3.486
1784818986,377196509,robot_0,4.376,1.328
1784818986,377219055,robot_1,-1.035,-0.102
1784818986,596382374,robot_2,-1.924,-3.451
1784818986,596424962,robot_0,4.376,1.328
1784818986,596444243,robot_1,-1.076,-0.154
1784818986,798797318,robot_2,-1.975,-3.420
1784818986,798844610,robot_0,4.377,1.328
1784818986,798866189,robot_1,-1.114,-0.200
1784818987,19295956,robot_2,-2.031,-3.385
1784818987,19373430,robot_0,4.377,1.329
1784818987,19417574,robot_1,-1.155,-0.252
1784818987,236351849,robot_2,-2.088,-3.351
1784818987,236387599,robot_0,4.377,1.329
1784818987,236405235,robot_1,-1.196,-0.303
1784818987,436789686,robot_2,-2.139,-3.320
1784818987,436828734,robot_0,4.377,1.329
1784818987,436847426,robot_1,-1.234,-0.350
1784818987,659185572,robot_2,-2.195,-3.285
1784818987,659263218,robot_0,4.377,1.329
1784818987,659308000,robot_1,-1.275,-0.402
1784818987,877626530,robot_2,-2.251,-3.251
1784818987,877663502,robot_0,4.377,1.328
1784818987,877680713,robot_1,-1.317,-0.453
1784818988,97818992,robot_2,-2.308,-3.216
1784818988,97865063,robot_0,4.377,1.328
1784818988,97885163,robot_1,-1.358,-0.504
1784818988,298745260,robot_2,-2.359,-3.185
1784818988,298788578,robot_0,4.376,1.328
1784818988,298808185,robot_1,-1.396,-0.551
1784818988,517465071,robot_2,-2.415,-3.150
1784818988,517506583,robot_0,4.376,1.328
1784818988,517527473,robot_1,-1.437,-0.603
1784818988,717765258,robot_2,-2.466,-3.119
1784818988,717806931,robot_0,4.376,1.328
1784818988,717827841,robot_1,-1.474,-0.650
1784818988,918960863,robot_2,-2.510,-3.092
1784818988,919007651,robot_0,4.376,1.328
1784818988,919028061,robot_1,-1.512,-0.696
1784818989,138243208,robot_2,-2.511,-3.091
1784818989,138285510,robot_0,4.376,1.328
1784818989,138308608,robot_1,-1.553,-0.748
1784818989,358374314,robot_2,-2.512,-3.091
1784818989,358419416,robot_0,4.376,1.328
1784818989,358442736,robot_1,-1.595,-0.799
1784818989,559616440,robot_2,-2.522,-3.077
1784818989,559692845,robot_0,4.377,1.328
1784818989,559737410,robot_1,-1.632,-0.846
1784818989,779109128,robot_2,-2.554,-3.020
1784818989,779157440,robot_0,4.377,1.328
1784818989,779177874,robot_1,-1.674,-0.897
1784818989,998183040,robot_2,-2.584,-2.961
1784818989,998255159,robot_0,4.378,1.328
1784818989,998299278,robot_1,-1.715,-0.949
1784818990,212977841,robot_2,-2.611,-2.911
1784818990,213055212,robot_0,4.378,1.328
1784818990,213111939,robot_1,-1.751,-0.993
1784818990,430498559,robot_2,-2.641,-2.852
1784818990,430541680,robot_0,4.378,1.328
1784818990,430562013,robot_1,-1.792,-1.045
1784818990,631522170,robot_2,-2.668,-2.799
1784818990,631595095,robot_0,4.378,1.328
1784818990,631638038,robot_1,-1.829,-1.092
1784818990,832546741,robot_2,-2.696,-2.745
1784818990,832627176,robot_0,4.378,1.328
1784818990,832671181,robot_1,-1.867,-1.138
1784818991,32770898,robot_2,-2.723,-2.692
1784818991,32849510,robot_0,4.377,1.328
1784818991,32893622,robot_1,-1.905,-1.185
1784818991,250774441,robot_2,-2.754,-2.633
1784818991,250819527,robot_0,4.377,1.328
1784818991,250839893,robot_1,-1.946,-1.237
1784818991,451820508,robot_2,-2.781,-2.580
1784818991,451874854,robot_0,4.377,1.328
1784818991,451893318,robot_1,-1.983,-1.283
1784818991,671199347,robot_2,-2.811,-2.521
1784818991,671255143,robot_0,4.377,1.327
1784818991,671282971,robot_1,-2.025,-1.335
1784818991,891440701,robot_2,-2.842,-2.463
1784818991,891496245,robot_0,4.376,1.327
1784818991,891519119,robot_1,-2.066,-1.386
1784818992,110169581,robot_2,-2.872,-2.404
1784818992,110209685,robot_0,4.376,1.327
1784818992,110228894,robot_1,-2.107,-1.438
1784818992,311305294,robot_2,-2.899,-2.351
1784818992,311366604,robot_0,4.376,1.327
1784818992,311397395,robot_1,-2.145,-1.485
1784818992,531039430,robot_2,-2.930,-2.292
1784818992,531085243,robot_0,4.376,1.327
1784818992,531112781,robot_1,-2.186,-1.536
1784818992,731701285,robot_2,-2.957,-2.239
1784818992,731775996,robot_0,4.376,1.327
1784818992,731819711,robot_1,-2.224,-1.583
1784818992,932367401,robot_2,-2.985,-2.185
1784818992,932412822,robot_0,4.377,1.327
1784818992,932430901,robot_1,-2.261,-1.630
1784818993,152254418,robot_2,-3.015,-2.127
1784818993,152348416,robot_0,4.377,1.327
1784818993,152401475,robot_1,-2.303,-1.681
1784818993,371987524,robot_2,-3.045,-2.068
1784818993,372030374,robot_0,4.377,1.328
1784818993,372050585,robot_1,-2.344,-1.733
1784818993,589740855,robot_2,-3.075,-2.009
1784818993,589786034,robot_0,4.378,1.328
1784818993,589809558,robot_1,-2.385,-1.784
1784818993,791358405,robot_2,-3.103,-1.956
1784818993,791437512,robot_0,4.378,1.328
1784818993,791482277,robot_1,-2.423,-1.831
1784818994,10605564,robot_2,-3.133,-1.898
1784818994,10683693,robot_0,4.378,1.328
1784818994,10727700,robot_1,-2.464,-1.882
1784818994,211191312,robot_2,-3.161,-1.844
1784818994,211231678,robot_0,4.379,1.328
1784818994,211248422,robot_1,-2.488,-1.912
1784818994,430960284,robot_2,-3.191,-1.786
1784818994,431016048,robot_0,4.379,1.328
1784818994,431048712,robot_1,-2.488,-1.912
1784818994,649683607,robot_2,-3.221,-1.727
1784818994,649724424,robot_0,4.379,1.328
1784818994,649744042,robot_1,-2.501,-1.941
1784818994,851434425,robot_2,-3.249,-1.674
1784818994,851479370,robot_0,4.378,1.328
1784818994,851498823,robot_1,-2.521,-1.998
1784818995,51973509,robot_2,-3.276,-1.620
1784818995,52060953,robot_0,4.378,1.328
1784818995,52125024,robot_1,-2.539,-2.055
1784818995,270008841,robot_2,-3.307,-1.562
1784818995,270047339,robot_0,4.378,1.328
1784818995,270065246,robot_1,-2.560,-2.118
1784818995,491062536,robot_2,-3.337,-1.503
1784818995,491108150,robot_0,4.377,1.327
1784818995,491127417,robot_1,-2.580,-2.181
1784818995,709683181,robot_2,-3.367,-1.444
1784818995,709726720,robot_0,4.377,1.327
1784818995,709746955,robot_1,-2.600,-2.243
1784818995,909919935,robot_2,-3.395,-1.391
1784818995,909962146,robot_0,4.377,1.327
1784818995,909981158,robot_1,-2.619,-2.301
1784818996,130674837,robot_2,-3.425,-1.332
1784818996,130711814,robot_0,4.377,1.326
1784818996,130729564,robot_1,-2.639,-2.363
1784818996,332022137,robot_2,-3.452,-1.279
1784818996,332061147,robot_0,4.377,1.326
1784818996,332079140,robot_1,-2.657,-2.420
1784818996,549270118,robot_2,-3.483,-1.220
1784818996,549308533,robot_0,4.377,1.326
1784818996,549324537,robot_1,-2.677,-2.483
1784818996,769550184,robot_2,-3.513,-1.162
1784818996,769592273,robot_0,4.377,1.327
1784818996,769610919,robot_1,-2.698,-2.546
1784818996,970615260,robot_2,-3.540,-1.108
1784818996,970692921,robot_0,4.377,1.327
1784818996,970736559,robot_1,-2.716,-2.603
1784818997,170720462,robot_2,-3.568,-1.055
1784818997,170763551,robot_0,4.378,1.327
1784818997,170782536,robot_1,-2.734,-2.660
1784818997,390193074,robot_2,-3.598,-0.996
1784818997,390234205,robot_0,4.378,1.327
1784818997,390254536,robot_1,-2.755,-2.723
1784818997,610347418,robot_2,-3.628,-0.938
1784818997,610386771,robot_0,4.378,1.327
1784818997,610405449,robot_1,-2.775,-2.786
1784818997,831231703,robot_2,-3.659,-0.879
1784818997,831310841,robot_0,4.379,1.327
1784818997,831356355,robot_1,-2.794,-2.845
1784818998,49532219,robot_2,-3.689,-0.820
1784818998,49570904,robot_0,4.379,1.327
1784818998,49588493,robot_1,-2.796,-2.851
1784818998,251027107,robot_2,-3.716,-0.767
1784818998,251106354,robot_0,4.379,1.327
1784818998,251151463,robot_1,-2.796,-2.851
1784818998,469109680,robot_2,-3.747,-0.708
1784818998,469148772,robot_0,4.380,1.327
1784818998,469166412,robot_1,-2.797,-2.851
1784818998,669438923,robot_2,-3.774,-0.655
1784818998,669475555,robot_0,4.379,1.327
1784818998,669494017,robot_1,-2.797,-2.851
1784818998,890864292,robot_2,-3.804,-0.596
1784818998,890908663,robot_0,4.379,1.327
1784818998,890929371,robot_1,-2.797,-2.851
1784818999,109209357,robot_2,-3.835,-0.538
1784818999,109260407,robot_0,4.379,1.327
1784818999,109278220,robot_1,-2.785,-2.867
1784818999,310654338,robot_2,-3.862,-0.484
1784818999,310695911,robot_0,4.378,1.327
1784818999,310717588,robot_1,-2.745,-2.911
1784818999,530712753,robot_2,-3.892,-0.426
1784818999,530751307,robot_0,4.378,1.327
1784818999,530769513,robot_1,-2.699,-2.959
1784818999,751227268,robot_2,-3.923,-0.367
1784818999,751276457,robot_0,4.378,1.327
1784818999,751296961,robot_1,-2.653,-3.006
1784818999,969258419,robot_2,-3.953,-0.309
1784818999,969304018,robot_0,4.378,1.326
1784818999,969332640,robot_1,-2.607,-3.053
1784819000,170752173,robot_2,-3.981,-0.255
1784819000,170800495,robot_0,4.378,1.326
1784819000,170821789,robot_1,-2.565,-3.096
1784819000,371153531,robot_2,-4.008,-0.202
1784819000,371196852,robot_0,4.378,1.326
1784819000,371219072,robot_1,-2.523,-3.139
1784819000,589552072,robot_2,-4.038,-0.143
1784819000,589594507,robot_0,4.378,1.326
1784819000,589614966,robot_1,-2.477,-3.186
1784819000,791568692,robot_2,-4.066,-0.090
1784819000,791618313,robot_0,4.378,1.326
1784819000,791641286,robot_1,-2.435,-3.229
1784819001,9184062,robot_2,-4.096,-0.031
1784819001,9221354,robot_0,4.378,1.326
1784819001,9238305,robot_1,-2.389,-3.277
1784819001,209215631,robot_2,-4.124,0.022
1784819001,209253928,robot_0,4.378,1.327
1784819001,209273376,robot_1,-2.347,-3.320
1784819001,409350733,robot_2,-4.151,0.075
1784819001,409388082,robot_0,4.379,1.327
1784819001,409405304,robot_1,-2.305,-3.363
1784819001,629906516,robot_2,-4.176,0.124
1784819001,629940910,robot_0,4.379,1.327
1784819001,629956949,robot_1,-2.259,-3.410
1784819001,830703454,robot_2,-4.177,0.125
1784819001,830784759,robot_0,4.379,1.327
1784819001,830832693,robot_1,-2.217,-3.453
1784819002,49556821,robot_2,-4.177,0.125
1784819002,49599720,robot_0,4.380,1.327
1784819002,49619297,robot_1,-2.171,-3.500
1784819002,268680082,robot_2,-4.178,0.125
1784819002,268715301,robot_0,4.380,1.327
1784819002,268731851,robot_1,-2.125,-3.547
1784819002,469340081,robot_2,-4.175,0.145
1784819002,469381145,robot_0,4.380,1.327
1784819002,469403457,robot_1,-2.083,-3.590
1784819002,689156793,robot_2,-4.161,0.210
1784819002,689194476,robot_0,4.380,1.327
1784819002,689211885,robot_1,-2.037,-3.638
1784819002,889597902,robot_2,-4.147,0.268
1784819002,889639756,robot_0,4.380,1.327
1784819002,889658850,robot_1,-1.995,-3.681
1784819003,90136244,robot_2,-4.132,0.326
1784819003,90174387,robot_0,4.379,1.327
1784819003,90190750,robot_1,-1.953,-3.723
1784819003,309224189,robot_2,-4.116,0.390
1784819003,309266453,robot_0,4.379,1.327
1784819003,309287300,robot_1,-1.907,-3.771
1784819003,530275360,robot_2,-4.099,0.454
1784819003,530312469,robot_0,4.379,1.326
1784819003,530329226,robot_1,-1.861,-3.818
1784819003,732101820,robot_2,-4.085,0.512
1784819003,732173894,robot_0,4.379,1.326
1784819003,732215258,robot_1,-1.819,-3.861
1784819003,949349681,robot_2,-4.069,0.576
1784819003,949391823,robot_0,4.378,1.326
1784819003,949409213,robot_1,-1.773,-3.908
1784819004,151165016,robot_2,-4.054,0.634
1784819004,151232112,robot_0,4.378,1.326
1784819004,151253616,robot_1,-1.731,-3.951
1784819004,351584775,robot_2,-4.039,0.692
1784819004,351623811,robot_0,4.378,1.325
1784819004,351641919,robot_1,-1.689,-3.994
1784819004,569958426,robot_2,-4.023,0.756
1784819004,569999290,robot_0,4.378,1.325
1784819004,570017820,robot_1,-1.651,-4.033
1784819004,770342296,robot_2,-4.008,0.815
1784819004,770380467,robot_0,4.378,1.326
1784819004,770396853,robot_1,-1.650,-4.034
1784819004,970513248,robot_2,-3.993,0.873
1784819004,970552130,robot_0,4.379,1.326
1784819004,970568468,robot_1,-1.650,-4.034
1784819005,170908825,robot_2,-3.979,0.931
1784819005,170953591,robot_0,4.379,1.326
1784819005,170973617,robot_1,-1.651,-4.035
1784819005,389580245,robot_2,-3.962,0.995
1784819005,389616297,robot_0,4.379,1.326
1784819005,389632906,robot_1,-1.651,-4.035
1784819005,589599703,robot_2,-3.948,1.053
1784819005,589640908,robot_0,4.380,1.327
1784819005,589660583,robot_1,-1.636,-4.036
1784819005,808728616,robot_2,-3.932,1.117
1784819005,808771262,robot_0,4.380,1.327
1784819005,808789723,robot_1,-1.571,-4.031
1784819006,9235954,robot_2,-3.917,1.175
1784819006,9274151,robot_0,4.380,1.327
1784819006,9291593,robot_1,-1.511,-4.025
1784819006,210275904,robot_2,-3.902,1.233
1784819006,210321715,robot_0,4.381,1.327
1784819006,210344710,robot_1,-1.451,-4.019
1784819006,429619650,robot_2,-3.886,1.297
1784819006,429658320,robot_0,4.381,1.327
1784819006,429675897,robot_1,-1.386,-4.012
1784819006,631223459,robot_2,-3.871,1.355
1784819006,631292335,robot_0,4.381,1.327
1784819006,631333019,robot_1,-1.330,-4.006
1784819006,850147828,robot_2,-3.859,1.404
1784819006,850185968,robot_0,4.380,1.327
1784819006,850205777,robot_1,-1.324,-4.005
1784819007,69928066,robot_2,-3.852,1.424
1784819007,69963964,robot_0,4.380,1.326
1784819007,69979399,robot_1,-1.324,-4.005
1784819007,289625808,robot_2,-3.829,1.486
1784819007,289662446,robot_0,4.380,1.326
1784819007,289682053,robot_1,-1.324,-4.004
1784819007,509018694,robot_2,-3.806,1.548
1784819007,509055592,robot_0,4.379,1.326
1784819007,509073517,robot_1,-1.324,-4.004
1784819007,709449596,robot_2,-3.784,1.604
1784819007,709493616,robot_0,4.379,1.326
1784819007,709511939,robot_1,-1.324,-4.004
1784819007,910543388,robot_2,-3.763,1.660
1784819007,910587069,robot_0,4.379,1.326
1784819007,910605403,robot_1,-1.323,-4.003
1784819008,110767274,robot_2,-3.742,1.716
1784819008,110809431,robot_0,4.379,1.325
1784819008,110828861,robot_1,-1.323,-4.003
1784819008,330379663,robot_2,-3.718,1.778
1784819008,330417537,robot_0,4.379,1.325
1784819008,330434191,robot_1,-1.323,-4.003
1784819008,550248362,robot_2,-3.695,1.839
1784819008,550301945,robot_0,4.379,1.325
1784819008,550328353,robot_1,-1.323,-4.003
1784819008,752004863,robot_2,-3.673,1.896
1784819008,752054578,robot_0,4.379,1.325
1784819008,752080660,robot_1,-1.323,-4.003
1784819008,969916957,robot_2,-3.650,1.957
1784819008,969957243,robot_0,4.379,1.326
1784819008,969974889,robot_1,-1.323,-4.003
1784819009,171876186,robot_2,-3.629,2.013
1784819009,171930691,robot_0,4.380,1.326
1784819009,171953251,robot_1,-1.323,-4.004
1784819009,389821930,robot_2,-3.605,2.075
1784819009,389863555,robot_0,4.380,1.326
1784819009,389883636,robot_1,-1.323,-4.004
1784819009,590497363,robot_2,-3.584,2.131
1784819009,590543057,robot_0,4.380,1.326
1784819009,590563822,robot_1,-1.323,-4.004
1784819009,791552944,robot_2,-3.563,2.187
1784819009,791596017,robot_0,4.381,1.326
1784819009,791616408,robot_1,-1.324,-4.005
1784819010,9685415,robot_2,-3.539,2.249
1784819010,9725440,robot_0,4.381,1.326
1784819010,9742319,robot_1,-1.324,-4.005
1784819010,210086481,robot_2,-3.518,2.305
1784819010,210137281,robot_0,4.381,1.326
1784819010,210160728,robot_1,-1.324,-4.005
1784819010,429452730,robot_2,-3.494,2.367
1784819010,429489230,robot_0,4.382,1.326
1784819010,429506759,robot_1,-1.323,-4.005
1784819010,650284348,robot_2,-3.471,2.428
1784819010,650319896,robot_0,4.381,1.326
1784819010,650334561,robot_1,-1.323,-4.004
1784819010,869966150,robot_2,-3.448,2.490
1784819010,870007019,robot_0,4.381,1.326
1784819010,870026365,robot_1,-1.323,-4.004
1784819011,71601283,robot_2,-3.426,2.546
1784819011,71645895,robot_0,4.381,1.326
1784819011,71665999,robot_1,-1.323,-4.004
1784819011,290243304,robot_2,-3.403,2.608
1784819011,290288228,robot_0,4.380,1.326
1784819011,290310436,robot_1,-1.322,-4.003
1784819011,491703058,robot_2,-3.381,2.664
1784819011,491745719,robot_0,4.380,1.326
1784819011,491764039,robot_1,-1.322,-4.003
1784819011,711819247,robot_2,-3.358,2.726
1784819011,711858015,robot_0,4.380,1.325
1784819011,711875406,robot_1,-1.322,-4.003
1784819011,931242247,robot_2,-3.335,2.787
1784819011,931288798,robot_0,4.380,1.325
1784819011,931311468,robot_1,-1.321,-4.003
1784819012,149103849,robot_2,-3.311,2.849
1784819012,149146193,robot_0,4.380,1.325
1784819012,149163910,robot_1,-1.319,-4.037
1784819012,351689360,robot_2,-3.290,2.905
1784819012,351765235,robot_0,4.380,1.325
1784819012,351808672,robot_1,-1.315,-4.097
1784819012,571475602,robot_2,-3.266,2.967
1784819012,571515835,robot_0,4.380,1.325
1784819012,571534231,robot_1,-1.310,-4.163
1784819012,790465608,robot_2,-3.243,3.029
1784819012,790513586,robot_0,4.380,1.325
1784819012,790536135,robot_1,-1.306,-4.229
1784819012,991882646,robot_2,-3.222,3.085
1784819012,991931031,robot_0,4.380,1.325
1784819012,991953037,robot_1,-1.302,-4.289
1784819013,211006728,robot_2,-3.198,3.146
1784819013,211107082,robot_0,4.380,1.325
1784819013,211159023,robot_1,-1.299,-4.333
1784819013,411683313,robot_2,-3.177,3.202
1784819013,411736913,robot_0,4.381,1.326
1784819013,411761921,robot_1,-1.299,-4.333
1784819013,612045983,robot_2,-3.156,3.259
1784819013,612100371,robot_0,4.381,1.326
1784819013,612123780,robot_1,-1.299,-4.333
1784819013,812627362,robot_2,-3.134,3.315
1784819013,812703513,robot_0,4.381,1.326
1784819013,812747724,robot_1,-1.299,-4.333
1784819014,30593713,robot_2,-3.111,3.376
1784819014,30636773,robot_0,4.382,1.326
1784819014,30656797,robot_1,-1.300,-4.333
1784819014,231263301,robot_2,-3.090,3.432
1784819014,231340201,robot_0,4.382,1.326
1784819014,231384514,robot_1,-1.300,-4.333
1784819014,450551239,robot_2,-3.066,3.494
1784819014,450619683,robot_0,4.382,1.326
1784819014,450662845,robot_1,-1.300,-4.334
1784819014,669021867,robot_2,-3.043,3.556
1784819014,669058587,robot_0,4.382,1.326
1784819014,669074651,robot_1,-1.300,-4.334
1784819014,891262282,robot_2,-3.019,3.618
1784819014,891299303,robot_0,4.382,1.326
1784819014,891315156,robot_1,-1.300,-4.334
1784819015,110355439,robot_2,-2.996,3.679
1784819015,110393092,robot_0,4.381,1.326
1784819015,110409205,robot_1,-1.300,-4.335
1784819015,329095310,robot_2,-2.972,3.741
1784819015,329128721,robot_0,4.381,1.325
1784819015,329144994,robot_1,-1.300,-4.335
1784819015,529104873,robot_2,-2.951,3.797
1784819015,529143158,robot_0,4.381,1.325
1784819015,529158342,robot_1,-1.297,-4.334
1784819015,729526341,robot_2,-2.930,3.853
1784819015,729563953,robot_0,4.381,1.325
1784819015,729583387,robot_1,-1.253,-4.304
1784819015,930531224,robot_2,-2.908,3.909
1784819015,930563306,robot_0,4.380,1.325
1784819015,930578418,robot_1,-1.206,-4.268
1784819016,149227112,robot_2,-2.885,3.971
1784819016,149263894,robot_0,4.380,1.324
1784819016,149280584,robot_1,-1.154,-4.227
1784819016,349452465,robot_2,-2.864,4.027
1784819016,349502927,robot_0,4.380,1.324
1784819016,349528780,robot_1,-1.106,-4.190
1784819016,570446844,robot_2,-2.840,4.089
1784819016,570487700,robot_0,4.380,1.324
1784819016,570507892,robot_1,-1.054,-4.150
1784819016,789362336,robot_2,-2.817,4.150
1784819016,789407278,robot_0,4.380,1.325
1784819016,789422903,robot_1,-1.038,-4.138
1784819016,990062759,robot_2,-2.805,4.180
1784819016,990118792,robot_0,4.381,1.325
1784819016,990139215,robot_1,-1.038,-4.138
1784819017,208581444,robot_2,-2.806,4.180
1784819017,208614587,robot_0,4.381,1.325
1784819017,208630201,robot_1,-1.038,-4.138
1784819017,408659561,robot_2,-2.806,4.181
1784819017,408704433,robot_0,4.381,1.325
1784819017,408729199,robot_1,-1.038,-4.138
1784819017,609830861,robot_2,-2.806,4.181
1784819017,609866679,robot_0,4.382,1.325
1784819017,609884722,robot_1,-1.037,-4.138
1784819017,829725115,robot_2,-2.806,4.181
1784819017,829760100,robot_0,4.382,1.325
1784819017,829776190,robot_1,-1.037,-4.138
1784819018,30422084,robot_2,-2.807,4.182
1784819018,30487693,robot_0,4.383,1.325
1784819018,30526750,robot_1,-1.037,-4.138
1784819018,249523835,robot_2,-2.807,4.182
1784819018,249563975,robot_0,4.383,1.325
1784819018,249582233,robot_1,-1.036,-4.138
1784819018,450964155,robot_2,-2.806,4.182
1784819018,451004915,robot_0,4.383,1.325
1784819018,451023221,robot_1,-1.036,-4.138
1784819018,668645568,robot_2,-2.757,4.175
1784819018,668686841,robot_0,4.383,1.325
1784819018,668704048,robot_1,-1.036,-4.138
1784819018,869867237,robot_2,-2.699,4.161
1784819018,869911457,robot_0,4.382,1.325
1784819018,869933550,robot_1,-1.036,-4.137
1784819019,70063133,robot_2,-2.640,4.147
1784819019,70105071,robot_0,4.382,1.325
1784819019,70120393,robot_1,-1.045,-4.133
1784819019,289733315,robot_2,-2.576,4.132
1784819019,289773541,robot_0,4.382,1.325
1784819019,289793486,robot_1,-1.104,-4.110
1784819019,508777492,robot_2,-2.512,4.116
1784819019,508810155,robot_0,4.381,1.325
1784819019,508825646,robot_1,-1.167,-4.089
1784819019,728908440,robot_2,-2.448,4.101
1784819019,728940330,robot_0,4.381,1.325
1784819019,728956084,robot_1,-1.230,-4.069
1784819019,929751741,robot_2,-2.389,4.087
1784819019,929788548,robot_0,4.381,1.324
1784819019,929804449,robot_1,-1.287,-4.050
1784819020,148618237,robot_2,-2.325,4.071
1784819020,148654135,robot_0,4.381,1.324
1784819020,148670921,robot_1,-1.349,-4.030
1784819020,351545869,robot_2,-2.267,4.057
1784819020,351614660,robot_0,4.381,1.324
1784819020,351655351,robot_1,-1.406,-4.011
1784819020,569943927,robot_2,-2.203,4.042
1784819020,569989133,robot_0,4.381,1.324
1784819020,570010453,robot_1,-1.469,-3.990
1784819020,772231103,robot_2,-2.144,4.028
1784819020,772301580,robot_0,4.381,1.324
1784819020,772340459,robot_1,-1.526,-3.972
1784819020,989047635,robot_2,-2.080,4.012
1784819020,989085808,robot_0,4.381,1.324
1784819020,989113420,robot_1,-1.589,-3.951
1784819021,189262098,robot_2,-2.022,3.998
1784819021,189303775,robot_0,4.382,1.325
1784819021,189323087,robot_1,-1.646,-3.933
1784819021,389684960,robot_2,-1.964,3.984
1784819021,389721962,robot_0,4.382,1.325
1784819021,389738198,robot_1,-1.703,-3.914
1784819021,589917004,robot_2,-1.905,3.970
1784819021,589950414,robot_0,4.382,1.325
1784819021,589967276,robot_1,-1.760,-3.895
1784819021,809293204,robot_2,-1.841,3.955
1784819021,809328131,robot_0,4.383,1.325
1784819021,809343981,robot_1,-1.823,-3.875
1784819022,9471196,robot_2,-1.783,3.941
1784819022,9510035,robot_0,4.383,1.325
1784819022,9527146,robot_1,-1.880,-3.856
1784819022,209544858,robot_2,-1.724,3.927
1784819022,209585424,robot_0,4.383,1.325
1784819022,209606861,robot_1,-1.937,-3.838
1784819022,430023286,robot_2,-1.660,3.911
1784819022,430056768,robot_0,4.384,1.325
1784819022,430071977,robot_1,-2.000,-3.817
1784819022,648986841,robot_2,-1.596,3.896
1784819022,649026091,robot_0,4.383,1.325
1784819022,649044615,robot_1,-2.062,-3.796
1784819022,849192879,robot_2,-1.538,3.882
1784819022,849232761,robot_0,4.383,1.325
1784819022,849247127,robot_1,-2.119,-3.778
1784819023,49948072,robot_2,-1.479,3.868
1784819023,49983223,robot_0,4.383,1.325
1784819023,49999589,robot_1,-2.176,-3.759
1784819023,250556126,robot_2,-1.421,3.854
1784819023,250592335,robot_0,4.383,1.325
1784819023,250607791,robot_1,-2.233,-3.741
1784819023,469534458,robot_2,-1.357,3.838
1784819023,469569611,robot_0,4.382,1.325
1784819023,469585857,robot_1,-2.296,-3.720
1784819023,689126052,robot_2,-1.293,3.823
1784819023,689163834,robot_0,4.382,1.324
1784819023,689179633,robot_1,-2.359,-3.700
1784819023,890961729,robot_2,-1.234,3.809
1784819023,891005078,robot_0,4.382,1.324
1784819023,891025201,robot_1,-2.416,-3.681
1784819024,109235100,robot_2,-1.170,3.793
1784819024,109269477,robot_0,4.382,1.324
1784819024,109284389,robot_1,-2.479,-3.660
1784819024,331585080,robot_2,-1.106,3.778
1784819024,331631140,robot_0,4.382,1.323
1784819024,331651758,robot_1,-2.541,-3.640
1784819024,548623505,robot_2,-1.042,3.762
1784819024,548657894,robot_0,4.382,1.323
1784819024,548673531,robot_1,-2.598,-3.621
1784819024,750479129,robot_2,-0.984,3.748
1784819024,750518727,robot_0,4.382,1.324
1784819024,750535612,robot_1,-2.600,-3.621
1784819024,969969144,robot_2,-0.919,3.733
1784819024,970011048,robot_0,4.382,1.324
1784819024,970029201,robot_1,-2.600,-3.621
1784819025,190395542,robot_2,-0.882,3.724
1784819025,190447067,robot_0,4.382,1.324
1784819025,190478412,robot_1,-2.601,-3.621
1784819025,409695867,robot_2,-0.882,3.724
1784819025,409767199,robot_0,4.383,1.324
1784819025,409808682,robot_1,-2.601,-3.622
1784819025,609913633,robot_2,-0.882,3.724
1784819025,609947564,robot_0,4.383,1.325
1784819025,609967727,robot_1,-2.601,-3.622
1784819025,831570185,robot_2,-0.882,3.723
1784819025,831642846,robot_0,4.383,1.325
1784819025,831684869,robot_1,-2.602,-3.622
1784819026,50862788,robot_2,-0.882,3.723
1784819026,50897822,robot_0,4.384,1.325
1784819026,50914396,robot_1,-2.602,-3.622
1784819026,269376454,robot_2,-0.882,3.723
1784819026,269416609,robot_0,4.384,1.325
1784819026,269434305,robot_1,-2.599,-3.584
1784819026,469479958,robot_2,-0.882,3.722
1784819026,469518222,robot_0,4.384,1.325
1784819026,469534324,robot_1,-2.589,-3.525
1784819026,669706157,robot_2,-0.881,3.722
1784819026,669753564,robot_0,4.384,1.325
1784819026,669772411,robot_1,-2.577,-3.466
1784819026,888933289,robot_2,-0.881,3.722
1784819026,888966846,robot_0,4.384,1.325
1784819026,888984010,robot_1,-2.565,-3.401
1784819027,89839238,robot_2,-0.881,3.722
1784819027,89871628,robot_0,4.383,1.324
1784819027,89886906,robot_1,-2.554,-3.342
1784819027,309150249,robot_2,-0.881,3.728
1784819027,309200264,robot_0,4.383,1.324
1784819027,309225399,robot_1,-2.541,-3.277
1784819027,509829404,robot_2,-0.887,3.784
1784819027,509862508,robot_0,4.383,1.324
1784819027,509877794,robot_1,-2.530,-3.218
1784819027,730019093,robot_2,-0.898,3.849
1784819027,730059775,robot_0,4.383,1.324
1784819027,730080640,robot_1,-2.518,-3.153
1784819027,948932762,robot_2,-0.910,3.914
1784819027,948965334,robot_0,4.382,1.323
1784819027,948980092,robot_1,-2.505,-3.089
1784819028,149462324,robot_2,-0.921,3.973
1784819028,149496490,robot_0,4.382,1.323
1784819028,149514035,robot_1,-2.494,-3.030
1784819028,349608755,robot_2,-0.931,4.032
1784819028,349682782,robot_0,4.382,1.323
1784819028,349701907,robot_1,-2.483,-2.971
1784819028,549659146,robot_2,-0.942,4.091
1784819028,549693816,robot_0,4.382,1.323
1784819028,549709374,robot_1,-2.471,-2.912
1784819028,750549581,robot_2,-0.952,4.150
1784819028,750620253,robot_0,4.382,1.323
1784819028,750660141,robot_1,-2.460,-2.853
1784819028,968980311,robot_2,-0.964,4.215
1784819028,969016204,robot_0,4.383,1.324
1784819028,969032544,robot_1,-2.448,-2.788
1784819029,169940453,robot_2,-0.975,4.274
1784819029,169993613,robot_0,4.383,1.324
1784819029,170015401,robot_1,-2.436,-2.729
1784819029,370473852,robot_2,-0.985,4.333
1784819029,370509177,robot_0,4.383,1.324
1784819029,370526022,robot_1,-2.425,-2.670
1784819029,589256647,robot_2,-0.992,4.370
1784819029,589292874,robot_0,4.384,1.324
1784819029,589308917,robot_1,-2.413,-2.605
1784819029,790300450,robot_2,-0.992,4.370
1784819029,790339107,robot_0,4.384,1.324
1784819029,790355239,robot_1,-2.401,-2.546
1784819030,9849662,robot_2,-0.991,4.371
1784819030,9892277,robot_0,4.384,1.324
1784819030,9912085,robot_1,-2.389,-2.482
1784819030,230594816,robot_2,-0.991,4.371
1784819030,230661055,robot_0,4.385,1.324
1784819030,230680770,robot_1,-2.376,-2.417
1784819030,450314569,robot_2,-0.991,4.371
1784819030,450358902,robot_0,4.385,1.324
1784819030,450379940,robot_1,-2.364,-2.352
1784819030,670176288,robot_2,-0.991,4.371
1784819030,670218259,robot_0,4.385,1.324
1784819030,670236303,robot_1,-2.352,-2.287
1784819030,889125368,robot_2,-0.991,4.372
1784819030,889160923,robot_0,4.384,1.324
1784819030,889177048,robot_1,-2.339,-2.222
1784819031,110074519,robot_2,-0.990,4.372
1784819031,110123705,robot_0,4.384,1.324
1784819031,110141220,robot_1,-2.327,-2.158
1784819031,330924568,robot_2,-0.990,4.372
1784819031,330995423,robot_0,4.384,1.324
1784819031,331036834,robot_1,-2.314,-2.093
1784819031,549913352,robot_2,-0.991,4.373
1784819031,549979300,robot_0,4.383,1.324
1784819031,550018366,robot_1,-2.302,-2.028
1784819031,772197544,robot_2,-0.991,4.373
1784819031,772281428,robot_0,4.383,1.323
1784819031,772322322,robot_1,-2.297,-2.002
1784819031,990771190,robot_2,-1.012,4.357
1784819031,990815064,robot_0,4.383,1.323
1784819031,990835134,robot_1,-2.285,-1.959
1784819032,208928436,robot_2,-1.060,4.313
1784819032,208969893,robot_0,4.383,1.323
1784819032,208987974,robot_1,-2.265,-1.896
1784819032,408969290,robot_2,-1.103,4.271
1784819032,409007677,robot_0,4.383,1.323
1784819032,409026162,robot_1,-2.247,-1.838
1784819032,610158306,robot_2,-1.146,4.229
1784819032,610229699,robot_0,4.383,1.323
1784819032,610272257,robot_1,-2.229,-1.781
1784819032,828974974,robot_2,-1.194,4.183
1784819032,829010086,robot_0,4.383,1.323
1784819032,829026969,robot_1,-2.209,-1.718
1784819033,30557810,robot_2,-1.237,4.141
1784819033,30596681,robot_0,4.383,1.323
1784819033,30617677,robot_1,-2.191,-1.661
1784819033,249626286,robot_2,-1.284,4.095
1784819033,249661824,robot_0,4.384,1.324
1784819033,249678096,robot_1,-2.171,-1.598
1784819033,449963628,robot_2,-1.327,4.054
1784819033,449999993,robot_0,4.384,1.324
1784819033,450016625,robot_1,-2.153,-1.541
1784819033,669257263,robot_2,-1.374,4.008
1784819033,669292097,robot_0,4.384,1.324
1784819033,669309124,robot_1,-2.134,-1.478
1784819033,870164856,robot_2,-1.417,3.966
1784819033,870204421,robot_0,4.385,1.324
1784819033,870221633,robot_1,-2.116,-1.420
1784819034,89711754,robot_2,-1.465,3.920
1784819034,89748849,robot_0,4.385,1.324
1784819034,89765776,robot_1,-2.096,-1.358
1784819034,309135188,robot_2,-1.512,3.874
1784819034,309242753,robot_0,4.386,1.324
1784819034,309287357,robot_1,-2.076,-1.295
1784819034,510488088,robot_2,-1.555,3.832
1784819034,510524494,robot_0,4.386,1.324
1784819034,510540298,robot_1,-2.058,-1.237
1784819034,730034954,robot_2,-1.603,3.786
1784819034,730076882,robot_0,4.385,1.324
1784819034,730103552,robot_1,-2.038,-1.174
1784819034,931732925,robot_2,-1.646,3.744
1784819034,931776150,robot_0,4.385,1.324
1784819034,931797604,robot_1,-2.020,-1.117
1784819035,150529781,robot_2,-1.693,3.698
1784819035,150570212,robot_0,4.385,1.324
1784819035,150591256,robot_1,-2.003,-1.061
1784819035,370099783,robot_2,-1.740,3.652
1784819035,370136183,robot_0,4.384,1.323
1784819035,370151662,robot_1,-2.002,-1.058
1784819035,570330643,robot_2,-1.783,3.611
1784819035,570381624,robot_0,4.384,1.323
1784819035,570402071,robot_1,-2.002,-1.058
1784819035,788826413,robot_2,-1.831,3.565
1784819035,788862306,robot_0,4.384,1.323
1784819035,788878562,robot_1,-2.002,-1.058
1784819035,989011828,robot_2,-1.874,3.523
1784819035,989044132,robot_0,4.384,1.323
1784819035,989058083,robot_1,-2.003,-1.057
1784819036,189363848,robot_2,-1.917,3.481
1784819036,189401509,robot_0,4.384,1.322
1784819036,189419413,robot_1,-1.989,-1.050
1784819036,410019630,robot_2,-1.964,3.435
1784819036,410096896,robot_0,4.384,1.322
1784819036,410139002,robot_1,-1.930,-1.024
1784819036,629959010,robot_2,-2.012,3.389
1784819036,630000412,robot_0,4.384,1.322
1784819036,630018540,robot_1,-1.868,-1.001
1784819036,848945803,robot_2,-2.059,3.343
1784819036,848981926,robot_0,4.384,1.323
1784819036,848999979,robot_1,-1.806,-0.977
1784819037,68459766,robot_2,-2.106,3.297
1784819037,68493937,robot_0,4.384,1.323
1784819037,68508719,robot_1,-1.745,-0.954
1784819037,268680729,robot_2,-2.149,3.255
1784819037,268717446,robot_0,4.384,1.323
1784819037,268733455,robot_1,-1.688,-0.933
1784819037,469232956,robot_2,-2.192,3.214
1784819037,469267117,robot_0,4.385,1.323
1784819037,469283027,robot_1,-1.632,-0.911
1784819037,688823503,robot_2,-2.240,3.168
1784819037,688860880,robot_0,4.385,1.323
1784819037,688876377,robot_1,-1.571,-0.888
1784819037,889480750,robot_2,-2.283,3.126
1784819037,889517730,robot_0,4.386,1.323
1784819037,889535165,robot_1,-1.514,-0.867
1784819038,108564889,robot_2,-2.330,3.080
1784819038,108602349,robot_0,4.386,1.323
1784819038,108619569,robot_1,-1.453,-0.843
1784819038,311618168,robot_2,-2.373,3.038
1784819038,311658054,robot_0,4.386,1.323
1784819038,311675395,robot_1,-1.397,-0.822
1784819038,529276116,robot_2,-2.421,2.992
1784819038,529334297,robot_0,4.386,1.323
1784819038,529350827,robot_1,-1.335,-0.799
1784819038,730577710,robot_2,-2.464,2.950
1784819038,730646439,robot_0,4.386,1.323
1784819038,730685546,robot_1,-1.279,-0.778
1784819038,949931362,robot_2,-2.511,2.904
1784819038,949975912,robot_0,4.386,1.323
1784819038,949993831,robot_1,-1.217,-0.754
1784819039,169577631,robot_2,-2.558,2.858
1784819039,169619568,robot_0,4.385,1.323
1784819039,169638489,robot_1,-1.155,-0.731
1784819039,370452436,robot_2,-2.601,2.817
1784819039,370494969,robot_0,4.385,1.323
1784819039,370514203,robot_1,-1.099,-0.709
1784819039,589128959,robot_2,-2.649,2.771
1784819039,589168628,robot_0,4.385,1.323
1784819039,589186723,robot_1,-1.038,-0.686
1784819039,790190297,robot_2,-2.692,2.729
1784819039,790237031,robot_0,4.385,1.322
1784819039,790258965,robot_1,-0.981,-0.665
1784819040,8602042,robot_2,-2.739,2.683
1784819040,8638337,robot_0,4.384,1.322
1784819040,8653370,robot_1,-0.920,-0.641
1784819040,211269869,robot_2,-2.782,2.641
1784819040,211304742,robot_0,4.384,1.322
1784819040,211320595,robot_1,-0.864,-0.620
1784819040,428851696,robot_2,-2.830,2.595
1784819040,428886547,robot_0,4.384,1.322
1784819040,428901897,robot_1,-0.802,-0.597
1784819040,630627765,robot_2,-2.873,2.553
1784819040,630664463,robot_0,4.384,1.322
1784819040,630679937,robot_1,-0.746,-0.575
1784819040,849217710,robot_2,-2.920,2.507
1784819040,849252725,robot_0,4.384,1.322
1784819040,849267824,robot_1,-0.684,-0.552
1784819041,49621333,robot_2,-2.963,2.466
1784819041,49661368,robot_0,4.385,1.322
1784819041,49678644,robot_1,-0.628,-0.531
1784819041,270320583,robot_2,-3.010,2.420
1784819041,270354184,robot_0,4.385,1.323
1784819041,270368635,robot_1,-0.566,-0.507
1784819041,488910972,robot_2,-3.058,2.374
1784819041,488949327,robot_0,4.385,1.323
1784819041,488966875,robot_1,-0.505,-0.484
1784819041,708858108,robot_2,-3.105,2.328
1784819041,708891016,robot_0,4.386,1.323
1784819041,708906400,robot_1,-0.443,-0.461
1784819041,929218830,robot_2,-3.153,2.282
1784819041,929256805,robot_0,4.386,1.323
1784819041,929273435,robot_1,-0.381,-0.437
1784819042,149518038,robot_2,-3.200,2.236
1784819042,149556354,robot_0,4.387,1.323
1784819042,149571932,robot_1,-0.319,-0.414
1784819042,370569245,robot_2,-3.247,2.190
1784819042,370609843,robot_0,4.387,1.323
1784819042,370626747,robot_1,-0.258,-0.390
1784819042,588872978,robot_2,-3.295,2.144
1784819042,588906897,robot_0,4.387,1.323
1784819042,588921729,robot_1,-0.196,-0.367
1784819042,790907875,robot_2,-3.338,2.102
1784819042,790975607,robot_0,4.387,1.323
1784819042,791014786,robot_1,-0.155,-0.352
1784819043,9509417,robot_2,-3.385,2.056
1784819043,9546217,robot_0,4.386,1.323
1784819043,9562313,robot_1,-0.135,-0.342
1784819043,210411806,robot_2,-3.428,2.014
1784819043,210455446,robot_0,4.386,1.323
1784819043,210477426,robot_1,-0.082,-0.315
1784819043,429044346,robot_2,-3.475,1.968
1784819043,429098954,robot_0,4.386,1.323
1784819043,429121632,robot_1,-0.023,-0.285
1784819043,630118957,robot_2,-3.519,1.926
1784819043,630151834,robot_0,4.385,1.322
1784819043,630165993,robot_1,0.030,-0.257
1784819043,830341616,robot_2,-3.562,1.885
1784819043,830381516,robot_0,4.385,1.322
1784819043,830400204,robot_1,0.083,-0.230
1784819044,48959657,robot_2,-3.609,1.839
1784819044,48999717,robot_0,4.385,1.322
1784819044,49019911,robot_1,0.142,-0.199
1784819044,269907348,robot_2,-3.656,1.793
1784819044,269946555,robot_0,4.385,1.321
1784819044,269964200,robot_1,0.200,-0.169
1784819044,488779205,robot_2,-3.704,1.747
1784819044,488816563,robot_0,4.385,1.321
1784819044,488834836,robot_1,0.259,-0.139
1784819044,689096524,robot_2,-3.747,1.705
1784819044,689137773,robot_0,4.385,1.322
1784819044,689154944,robot_1,0.312,-0.111
1784819044,909277105,robot_2,-3.794,1.659
1784819044,909317758,robot_0,4.385,1.322
1784819044,909337962,robot_1,0.371,-0.081
1784819045,109546954,robot_2,-3.837,1.617
1784819045,109580930,robot_0,4.386,1.322
1784819045,109596523,robot_1,0.424,-0.053
1784819045,331023933,robot_2,-3.884,1.571
1784819045,331099751,robot_0,4.386,1.322
1784819045,331141462,robot_1,0.483,-0.023
1784819045,532301086,robot_2,-3.928,1.529
1784819045,532369591,robot_0,4.386,1.323
1784819045,532409435,robot_1,0.536,0.005
1784819045,748912132,robot_2,-3.975,1.484
1784819045,748946070,robot_0,4.387,1.323
1784819045,748961961,robot_1,0.595,0.035
1784819045,949669959,robot_2,-4.018,1.442
1784819045,949704967,robot_0,4.387,1.323
1784819045,949719621,robot_1,0.648,0.063
1784819046,149973162,robot_2,-4.061,1.400
1784819046,150016905,robot_0,4.387,1.323
1784819046,150039428,robot_1,0.701,0.090
1784819046,370188421,robot_2,-4.071,1.390
1784819046,370233311,robot_0,4.388,1.323
1784819046,370265605,robot_1,0.760,0.121
1784819046,588810410,robot_2,-4.071,1.390
1784819046,588844243,robot_0,4.388,1.323
1784819046,588860636,robot_1,0.819,0.151
1784819046,789376105,robot_2,-4.072,1.391
1784819046,789415539,robot_0,4.387,1.323
1784819046,789433376,robot_1,0.872,0.178
1784819047,8548809,robot_2,-4.072,1.391
1784819047,8583732,robot_0,4.387,1.322
1784819047,8598902,robot_1,0.931,0.209
1784819047,208685070,robot_2,-4.072,1.391
1784819047,208718288,robot_0,4.387,1.322
1784819047,208734235,robot_1,0.984,0.236
1784819047,429941094,robot_2,-4.071,1.380
1784819047,429987372,robot_0,4.386,1.322
1784819047,430010937,robot_1,1.042,0.267
1784819047,630507075,robot_2,-4.058,1.324
1784819047,630576885,robot_0,4.386,1.322
1784819047,630615202,robot_1,1.096,0.294
1784819047,830748160,robot_2,-4.041,1.266
1784819047,830818130,robot_0,4.386,1.322
1784819047,830858500,robot_1,1.149,0.322
1784819048,49002609,robot_2,-4.023,1.203
1784819048,49038576,robot_0,4.386,1.321
1784819048,49054531,robot_1,1.208,0.352
1784819048,249078835,robot_2,-4.006,1.146
1784819048,249119540,robot_0,4.386,1.321
1784819048,249135966,robot_1,1.261,0.380
1784819048,450773913,robot_2,-3.989,1.088
1784819048,450818741,robot_0,4.386,1.321
1784819048,450838243,robot_1,1.314,0.407
1784819048,668684279,robot_2,-3.971,1.025
1784819048,668719948,robot_0,4.386,1.321
1784819048,668737110,robot_1,1.373,0.438
1784819048,888878164,robot_2,-3.952,0.961
1784819048,888917212,robot_0,4.386,1.321
1784819048,888936461,robot_1,1.431,0.468
1784819049,89606116,robot_2,-3.935,0.904
1784819049,89638676,robot_0,4.386,1.322
1784819049,89654724,robot_1,1.485,0.495
1784819049,310507977,robot_2,-3.917,0.840
1784819049,310549220,robot_0,4.387,1.322
1784819049,310569087,robot_1,1.543,0.526
1784819049,530627044,robot_2,-3.898,0.777
1784819049,530667047,robot_0,4.387,1.322
1784819049,530686706,robot_1,1.599,0.554
1784819049,748725531,robot_2,-3.880,0.714
1784819049,748758636,robot_0,4.387,1.322
1784819049,748774351,robot_1,1.604,0.557
1784819049,948837525,robot_2,-3.863,0.656
1784819049,948870028,robot_0,4.388,1.322
1784819049,948886222,robot_1,1.604,0.557
1784819050,169736364,robot_2,-3.844,0.593
1784819050,169772138,robot_0,4.388,1.322
1784819050,169788021,robot_1,1.604,0.557
1784819050,389776814,robot_2,-3.826,0.529
1784819050,389812554,robot_0,4.388,1.322
1784819050,389827747,robot_1,1.605,0.556
1784819050,608414125,robot_2,-3.807,0.466
1784819050,608449008,robot_0,4.388,1.322
1784819050,608465996,robot_1,1.605,0.556
1784819050,808821319,robot_2,-3.790,0.408
1784819050,808861295,robot_0,4.388,1.322
1784819050,808876353,robot_1,1.605,0.556
1784819051,10104175,robot_2,-3.774,0.351
1784819051,10139804,robot_0,4.388,1.322
1784819051,10157749,robot_1,1.604,0.577
1784819051,210727683,robot_2,-3.757,0.293
1784819051,210768339,robot_0,4.387,1.322
1784819051,210787402,robot_1,1.596,0.636
1784819051,430502152,robot_2,-3.738,0.230
1784819051,430570717,robot_0,4.387,1.322
1784819051,430612011,robot_1,1.585,0.701
1784819051,650159047,robot_2,-3.720,0.166
1784819051,650198253,robot_0,4.387,1.321
1784819051,650215945,robot_1,1.574,0.766
1784819051,869284986,robot_2,-3.701,0.103
1784819051,869320928,robot_0,4.386,1.321
1784819051,869336470,robot_1,1.563,0.831
1784819052,69779857,robot_2,-3.685,0.045
1784819052,69818740,robot_0,4.386,1.321
1784819052,69836363,robot_1,1.552,0.890
1784819052,269892901,robot_2,-3.668,-0.012
1784819052,269932557,robot_0,4.386,1.321
1784819052,269952410,robot_1,1.542,0.949
1784819052,489685328,robot_2,-3.649,-0.075
1784819052,489720295,robot_0,4.386,1.321
1784819052,489736131,robot_1,1.531,1.014
1784819052,690498454,robot_2,-3.632,-0.133
1784819052,690565681,robot_0,4.386,1.321
1784819052,690605837,robot_1,1.521,1.073
1784819052,908758277,robot_2,-3.614,-0.196
1784819052,908794241,robot_0,4.387,1.321
1784819052,908809618,robot_1,1.510,1.138
1784819053,108987085,robot_2,-3.597,-0.254
1784819053,109034850,robot_0,4.387,1.321
1784819053,109053709,robot_1,1.499,1.197
1784819053,309514031,robot_2,-3.580,-0.312
1784819053,309551228,robot_0,4.387,1.322
1784819053,309568379,robot_1,1.489,1.257
1784819053,509889696,robot_2,-3.563,-0.369
1784819053,509925905,robot_0,4.388,1.322
1784819053,509942678,robot_1,1.479,1.316
1784819053,729889027,robot_2,-3.545,-0.433
1784819053,729928084,robot_0,4.388,1.322
1784819053,729946400,robot_1,1.468,1.381
1784819053,930083092,robot_2,-3.528,-0.490
1784819053,930135818,robot_0,4.388,1.322
1784819053,930157505,robot_1,1.457,1.440
1784819054,149677296,robot_2,-3.522,-0.509
1784819054,149714451,robot_0,4.389,1.322
1784819054,149732835,robot_1,1.446,1.505
1784819054,350005582,robot_2,-3.514,-0.554
1784819054,350042475,robot_0,4.389,1.322
1784819054,350058092,robot_1,1.436,1.564
1784819054,550382163,robot_2,-3.504,-0.613
1784819054,550417295,robot_0,4.389,1.322
1784819054,550432564,robot_1,1.426,1.623
1784819054,769542012,robot_2,-3.492,-0.678
1784819054,769580808,robot_0,4.389,1.322
1784819054,769600362,robot_1,1.415,1.688
1784819054,970153466,robot_2,-3.482,-0.737
1784819054,970187489,robot_0,4.388,1.322
1784819054,970203369,robot_1,1.404,1.747
1784819055,189690145,robot_2,-3.471,-0.802
1784819055,189729461,robot_0,4.388,1.322
1784819055,189749634,robot_1,1.393,1.812
1784819055,390537402,robot_2,-3.461,-0.862
1784819055,390585163,robot_0,4.388,1.321
1784819055,390606506,robot_1,1.383,1.872
1784819055,609265477,robot_2,-3.450,-0.927
1784819055,609308957,robot_0,4.387,1.321
1784819055,609331385,robot_1,1.372,1.937
1784819055,810131564,robot_2,-3.440,-0.986
1784819055,810198612,robot_0,4.387,1.321
1784819055,810236844,robot_1,1.361,1.996
1784819056,29511854,robot_2,-3.429,-1.051
1784819056,29548773,robot_0,4.387,1.321
1784819056,29565350,robot_1,1.350,2.061
1784819056,248835830,robot_2,-3.418,-1.116
1784819056,248869996,robot_0,4.387,1.320
1784819056,248884774,robot_1,1.339,2.126
1784819056,449224697,robot_2,-3.408,-1.175
1784819056,449260860,robot_0,4.387,1.320
1784819056,449276397,robot_1,1.329,2.185
1784819056,650527235,robot_2,-3.397,-1.234
1784819056,650600185,robot_0,4.387,1.320
1784819056,650641705,robot_1,1.319,2.244
1784819056,850840926,robot_2,-3.387,-1.293
1784819056,850908471,robot_0,4.387,1.321
1784819056,850946671,robot_1,1.308,2.303
1784819057,68621483,robot_2,-3.376,-1.358
1784819057,68656273,robot_0,4.387,1.321
1784819057,68673273,robot_1,1.297,2.368
1784819057,269546493,robot_2,-3.366,-1.417
1784819057,269585535,robot_0,4.388,1.321
1784819057,269607631,robot_1,1.287,2.427
1784819057,470416989,robot_2,-3.356,-1.477
1784819057,470470857,robot_0,4.388,1.321
1784819057,470489264,robot_1,1.277,2.486
1784819057,689895329,robot_2,-3.345,-1.542
1784819057,689934783,robot_0,4.389,1.321
1784819057,689953200,robot_1,1.273,2.506
1784819057,908515889,robot_2,-3.334,-1.607
1784819057,908550432,robot_0,4.389,1.321
1784819057,908564960,robot_1,1.273,2.506
1784819058,108914977,robot_2,-3.324,-1.666
1784819058,108954493,robot_0,4.389,1.321
1784819058,108973815,robot_1,1.273,2.506
1784819058,309964489,robot_2,-3.314,-1.725
1784819058,310007036,robot_0,4.390,1.321
1784819058,310026965,robot_1,1.272,2.506
1784819058,531246303,robot_2,-3.303,-1.790
1784819058,531310852,robot_0,4.390,1.321
1784819058,531351509,robot_1,1.274,2.509
1784819058,750340620,robot_2,-3.291,-1.855
1784819058,750384676,robot_0,4.389,1.321
1784819058,750403530,robot_1,1.310,2.555
1784819058,969314911,robot_2,-3.280,-1.920
1784819058,969352455,robot_0,4.389,1.321
1784819058,969370153,robot_1,1.354,2.605
1784819059,190003851,robot_2,-3.269,-1.985
1784819059,190045677,robot_0,4.389,1.321
1784819059,190064231,robot_1,1.398,2.654
1784819059,410767268,robot_2,-3.258,-2.050
1784819059,410809375,robot_0,4.388,1.321
1784819059,410829184,robot_1,1.442,2.703
1784819059,629401616,robot_2,-3.247,-2.115
1784819059,629436691,robot_0,4.388,1.321
1784819059,629453628,robot_1,1.484,2.749
1784819059,831323446,robot_2,-3.237,-2.175
1784819059,831393719,robot_0,4.388,1.320
1784819059,831432213,robot_1,1.490,2.756
1784819060,49937947,robot_2,-3.226,-2.240
1784819060,49978678,robot_0,4.388,1.320
1784819060,49997095,robot_1,1.526,2.804
1784819060,269374556,robot_2,-3.215,-2.305
1784819060,269413525,robot_0,4.388,1.320
1784819060,269431218,robot_1,1.564,2.858
1784819060,489068055,robot_2,-3.204,-2.370
1784819060,489112381,robot_0,4.388,1.320
1784819060,489127530,robot_1,1.602,2.912
