stamp_sec,stamp_nsec,elapsed_s,robot,x,y
1789243131,279148538,3.427,robot_0,-0.059,-0.611
1789243131,279282378,3.427,robot_1,-2.042,-0.684
1789243131,279393457,3.427,robot_2,0.525,1.065
1789243133,181086849,5.329,robot_0,-0.059,-0.611
1789243133,181159398,5.329,robot_1,-2.042,-0.684
1789243133,181202032,5.329,robot_2,0.525,1.065
1789243138,192599159,10.340,robot_0,-0.059,-0.611
1789243138,192678591,10.340,robot_1,-2.042,-0.684
1789243138,192718576,10.340,robot_2,0.525,1.065
1789243138,470910126,10.619,robot_0,-0.036,-0.614
1789243138,470998217,10.619,robot_1,-2.041,-0.683
1789243138,471045888,10.619,robot_2,0.526,1.064
1789243138,680702754,10.828,robot_0,-0.066,-0.609
1789243138,680759053,10.828,robot_1,-2.053,-0.688
1789243138,680788546,10.828,robot_2,0.526,1.064
1789243138,898844132,11.046,robot_0,-0.092,-0.605
1789243138,898928947,11.047,robot_1,-2.071,-0.696
1789243138,898969632,11.047,robot_2,0.556,1.040
1789243139,119003326,11.267,robot_0,-0.092,-0.605
1789243139,119077185,11.267,robot_1,-2.018,-0.674
1789243139,119122525,11.267,robot_2,0.540,1.054
1789243139,349784724,11.497,robot_0,-0.092,-0.604
1789243139,349852570,11.497,robot_1,-2.032,-0.679
1789243139,349896734,11.498,robot_2,0.510,1.078
1789243139,564835849,11.712,robot_0,-0.092,-0.604
1789243139,564944492,11.713,robot_1,-2.069,-0.695
1789243139,564991928,11.713,robot_2,0.491,1.094
1789243139,761410564,11.909,robot_0,-0.092,-0.603
1789243139,761483746,11.909,robot_1,-2.077,-0.698
1789243139,761527020,11.909,robot_2,0.491,1.094
1789243139,973112872,12.121,robot_0,-0.093,-0.603
1789243139,973187490,12.121,robot_1,-2.077,-0.698
1789243139,973232100,12.121,robot_2,0.490,1.094
1789243140,187821094,12.335,robot_0,-0.093,-0.602
1789243140,187903406,12.336,robot_1,-2.077,-0.699
1789243140,187958430,12.336,robot_2,0.490,1.093
1789243140,397376423,12.545,robot_0,-0.094,-0.602
1789243140,397450987,12.545,robot_1,-2.076,-0.699
1789243140,397499239,12.545,robot_2,0.490,1.093
1789243140,613254796,12.761,robot_0,-0.095,-0.602
1789243140,613330063,12.761,robot_1,-2.076,-0.701
1789243140,613384795,12.761,robot_2,0.490,1.092
1789243140,818087525,12.966,robot_0,-0.096,-0.602
1789243140,818162661,12.966,robot_1,-2.075,-0.701
1789243140,818208504,12.966,robot_2,0.490,1.092
1789243141,18209660,13.166,robot_0,-0.097,-0.602
1789243141,18285366,13.166,robot_1,-2.075,-0.701
1789243141,18327957,13.166,robot_2,0.491,1.091
1789243141,226455550,13.374,robot_0,-0.098,-0.602
1789243141,226532927,13.374,robot_1,-2.075,-0.701
1789243141,226581075,13.374,robot_2,0.491,1.091
1789243141,452286837,13.600,robot_0,-0.098,-0.602
1789243141,452356058,13.600,robot_1,-2.074,-0.701
1789243141,452400991,13.600,robot_2,0.491,1.091
1789243141,658307065,13.806,robot_0,-0.099,-0.603
1789243141,658378751,13.806,robot_1,-2.074,-0.701
1789243141,658421984,13.806,robot_2,0.492,1.090
1789243141,861351312,14.009,robot_0,-0.099,-0.603
1789243141,861423213,14.009,robot_1,-2.073,-0.701
1789243141,861471820,14.009,robot_2,0.492,1.090
1789243142,73490958,14.221,robot_0,-0.099,-0.603
1789243142,73565414,14.221,robot_1,-2.073,-0.700
1789243142,73611993,14.221,robot_2,0.492,1.090
1789243142,283369943,14.431,robot_0,-0.100,-0.604
1789243142,283447885,14.431,robot_1,-2.073,-0.700
1789243142,283497524,14.431,robot_2,0.493,1.090
1789243142,494020157,14.642,robot_0,-0.100,-0.604
1789243142,494097757,14.642,robot_1,-2.073,-0.700
1789243142,494139465,14.642,robot_2,0.493,1.090
1789243142,736888689,14.885,robot_0,-0.124,-0.600
1789243142,736967998,14.885,robot_1,-2.073,-0.699
1789243142,737013121,14.885,robot_2,0.494,1.090
1789243142,952378215,15.100,robot_0,-0.173,-0.591
1789243142,952460984,15.100,robot_1,-2.072,-0.699
1789243142,952509616,15.100,robot_2,0.494,1.091
1789243143,154558041,15.302,robot_0,-0.209,-0.584
1789243143,154639831,15.302,robot_1,-2.073,-0.698
1789243143,154686795,15.302,robot_2,0.495,1.091
1789243143,369118166,15.517,robot_0,-0.225,-0.581
1789243143,369188629,15.517,robot_1,-2.073,-0.698
1789243143,369232058,15.517,robot_2,0.469,1.118
1789243143,597950957,15.746,robot_0,-0.225,-0.580
1789243143,598025441,15.746,robot_1,-2.073,-0.698
1789243143,598065329,15.746,robot_2,0.437,1.151
1789243143,811910798,15.960,robot_0,-0.225,-0.580
1789243143,811987928,15.960,robot_1,-2.053,-0.691
1789243143,812028420,15.960,robot_2,0.413,1.177
1789243144,23413733,16.171,robot_0,-0.225,-0.579
1789243144,23491583,16.171,robot_1,-2.019,-0.679
1789243144,23537696,16.171,robot_2,0.379,1.216
1789243144,235947341,16.384,robot_0,-0.224,-0.579
1789243144,236023100,16.384,robot_1,-1.982,-0.666
1789243144,236062065,16.384,robot_2,0.354,1.246
1789243144,442844398,16.590,robot_0,-0.223,-0.579
1789243144,442930530,16.591,robot_1,-1.965,-0.661
1789243144,442982582,16.591,robot_2,0.321,1.294
1789243144,653900368,16.802,robot_0,-0.223,-0.578
1789243144,653983567,16.802,robot_1,-1.965,-0.661
1789243144,654027887,16.802,robot_2,0.292,1.347
1789243144,860728340,17.008,robot_0,-0.222,-0.578
1789243144,860804845,17.008,robot_1,-1.965,-0.661
1789243144,860851922,17.008,robot_2,0.284,1.362
1789243145,63788215,17.211,robot_0,-0.221,-0.579
1789243145,63867330,17.211,robot_1,-1.965,-0.662
1789243145,63910652,17.212,robot_2,0.272,1.387
1789243145,270914999,17.432,robot_0,-0.221,-0.579
1789243145,284747597,17.432,robot_1,-1.966,-0.662
1789243145,284802351,17.432,robot_2,0.253,1.427
1789243145,490826933,17.638,robot_0,-0.220,-0.579
1789243145,490905420,17.639,robot_1,-1.966,-0.663
1789243145,490957108,17.639,robot_2,0.266,1.399
1789243145,694521513,17.842,robot_0,-0.221,-0.579
1789243145,694596596,17.842,robot_1,-1.966,-0.663
1789243145,694638596,17.842,robot_2,0.265,1.399
1789243145,900909804,18.049,robot_0,-0.221,-0.579
1789243145,901014453,18.049,robot_1,-1.967,-0.664
1789243145,901070066,18.049,robot_2,0.240,1.457
1789243146,109770466,18.257,robot_0,-0.221,-0.579
1789243146,109865235,18.257,robot_1,-1.967,-0.664
1789243146,109908380,18.258,robot_2,0.238,1.460
1789243146,317439979,18.465,robot_0,-0.222,-0.579
1789243146,317518954,18.465,robot_1,-1.968,-0.664
1789243146,317570520,18.465,robot_2,0.238,1.460
1789243146,543166767,18.691,robot_0,-0.223,-0.579
1789243146,543244743,18.691,robot_1,-1.968,-0.664
1789243146,543288557,18.691,robot_2,0.239,1.461
1789243146,770433955,18.918,robot_0,-0.223,-0.579
1789243146,770514048,18.918,robot_1,-1.968,-0.664
1789243146,770558493,18.918,robot_2,0.239,1.461
1789243147,8414916,19.156,robot_0,-0.224,-0.580
1789243147,8490983,19.156,robot_1,-1.968,-0.664
1789243147,8535801,19.156,robot_2,0.239,1.462
1789243147,208427794,19.356,robot_0,-0.224,-0.580
1789243147,210988452,19.359,robot_1,-1.967,-0.664
1789243147,211112868,19.359,robot_2,0.239,1.462
1789243147,424111133,19.572,robot_0,-0.224,-0.580
1789243147,424183062,19.572,robot_1,-1.967,-0.663
1789243147,424396494,19.572,robot_2,0.239,1.462
1789243147,628256169,19.776,robot_0,-0.225,-0.581
1789243147,628327731,19.776,robot_1,-1.967,-0.663
1789243147,628367734,19.776,robot_2,0.239,1.463
1789243147,850390742,19.998,robot_0,-0.225,-0.582
1789243147,850467042,19.998,robot_1,-1.966,-0.662
1789243147,850516135,19.998,robot_2,0.239,1.463
1789243148,88775632,20.236,robot_0,-0.225,-0.582
1789243148,88852710,20.236,robot_1,-1.966,-0.662
1789243148,88895177,20.237,robot_2,0.239,1.464
1789243148,304431662,20.452,robot_0,-0.224,-0.583
1789243148,304511099,20.452,robot_1,-1.966,-0.662
1789243148,304551848,20.452,robot_2,0.239,1.464
1789243148,516176555,20.664,robot_0,-0.224,-0.583
1789243148,516254112,20.664,robot_1,-1.966,-0.661
1789243148,516299862,20.664,robot_2,0.238,1.464
1789243148,732375034,20.880,robot_0,-0.224,-0.584
1789243148,732454335,20.880,robot_1,-1.966,-0.661
1789243148,732499678,20.880,robot_2,0.238,1.465
1789243148,955665721,21.103,robot_0,-0.223,-0.584
1789243148,955750030,21.103,robot_1,-1.966,-0.660
1789243148,955803433,21.103,robot_2,0.237,1.465
1789243149,169294704,21.317,robot_0,-0.223,-0.584
1789243149,169382772,21.317,robot_1,-1.967,-0.660
1789243149,169422814,21.317,robot_2,0.237,1.465
1789243149,393941198,21.542,robot_0,-0.186,-0.532
1789243149,394026666,21.542,robot_1,-1.967,-0.660
1789243149,394080947,21.542,robot_2,0.237,1.465
1789243149,599963523,21.748,robot_0,-0.171,-0.510
1789243149,600048725,21.748,robot_1,-1.967,-0.659
1789243149,600095007,21.748,robot_2,0.236,1.465
1789243149,820326105,21.973,robot_0,-0.171,-0.510
1789243149,825026564,21.973,robot_1,-1.968,-0.659
1789243149,825091509,21.973,robot_2,0.236,1.465
1789243150,20811913,22.168,robot_0,-0.181,-0.519
1789243150,20887076,22.169,robot_1,-1.968,-0.659
1789243150,20943839,22.169,robot_2,0.235,1.466
1789243150,222858511,22.370,robot_0,-0.202,-0.538
1789243150,222936423,22.371,robot_1,-1.968,-0.659
1789243150,222981756,22.371,robot_2,0.224,1.488
1789243150,438988214,22.587,robot_0,-0.231,-0.565
1789243150,439061217,22.587,robot_1,-1.968,-0.635
1789243150,439098592,22.587,robot_2,0.214,1.506
1789243150,654644641,22.802,robot_0,-0.267,-0.597
1789243150,654736320,22.802,robot_1,-1.970,-0.603
1789243150,654786911,22.802,robot_2,0.240,1.457
1789243150,860971912,23.009,robot_0,-0.291,-0.619
1789243150,867449499,23.015,robot_1,-1.967,-0.637
1789243150,867559116,23.015,robot_2,0.252,1.435
1789243151,85641006,23.233,robot_0,-0.265,-0.595
1789243151,85715142,23.233,robot_1,-1.969,-0.624
1789243151,85750488,23.233,robot_2,0.236,1.470
1789243151,297362461,23.445,robot_0,-0.246,-0.579
1789243151,297442287,23.445,robot_1,-1.975,-0.592
1789243151,297483886,23.445,robot_2,0.222,1.500
1789243151,506765383,23.654,robot_0,-0.249,-0.581
1789243151,506845938,23.654,robot_1,-1.970,-0.619
1789243151,506893088,23.655,robot_2,0.216,1.512
1789243151,712749651,23.860,robot_0,-0.277,-0.612
1789243151,712822375,23.860,robot_1,-1.964,-0.653
1789243151,712859090,23.860,robot_2,0.216,1.512
1789243151,912758290,24.060,robot_0,-0.292,-0.630
1789243151,912834103,24.060,robot_1,-1.964,-0.654
1789243151,912877502,24.060,robot_2,0.217,1.513
1789243152,117107007,24.265,robot_0,-0.292,-0.630
1789243152,117179188,24.265,robot_1,-1.943,-0.706
1789243152,117225689,24.265,robot_2,0.217,1.513
1789243152,327689026,24.475,robot_0,-0.292,-0.630
1789243152,327770946,24.475,robot_1,-1.932,-0.732
1789243152,327819803,24.475,robot_2,0.217,1.513
1789243152,546244272,24.694,robot_0,-0.291,-0.630
1789243152,546327966,24.694,robot_1,-1.932,-0.732
1789243152,546382841,24.694,robot_2,0.217,1.513
1789243152,750964939,24.899,robot_0,-0.291,-0.630
1789243152,751039956,24.899,robot_1,-1.930,-0.738
1789243152,751086350,24.899,robot_2,0.217,1.512
1789243152,953649028,25.101,robot_0,-0.290,-0.630
1789243152,953731174,25.101,robot_1,-1.923,-0.794
1789243152,953784188,25.101,robot_2,0.216,1.512
1789243153,156715757,25.304,robot_0,-0.290,-0.630
1789243153,156800952,25.304,robot_1,-1.918,-0.863
1789243153,161179686,25.309,robot_2,0.216,1.512
1789243153,370917195,25.519,robot_0,-0.289,-0.630
1789243153,371000409,25.519,robot_1,-1.916,-0.905
1789243153,371055053,25.519,robot_2,0.215,1.512
1789243153,573147625,25.721,robot_0,-0.289,-0.630
1789243153,573224647,25.721,robot_1,-1.915,-0.937
1789243153,573265996,25.721,robot_2,0.215,1.511
1789243153,773974183,25.922,robot_0,-0.288,-0.629
1789243153,774062629,25.922,robot_1,-1.915,-0.984
1789243153,774122464,25.922,robot_2,0.215,1.511
1789243153,980337900,26.128,robot_0,-0.288,-0.629
1789243153,981242478,26.129,robot_1,-1.914,-0.953
1789243153,981339324,26.129,robot_2,0.215,1.510
1789243154,186098646,26.334,robot_0,-0.288,-0.628
1789243154,186170932,26.334,robot_1,-1.913,-0.930
1789243154,186217148,26.334,robot_2,0.215,1.510
1789243154,402897476,26.551,robot_0,-0.288,-0.628
1789243154,402980508,26.551,robot_1,-1.915,-0.974
1789243154,403029268,26.551,robot_2,0.215,1.509
1789243154,609103091,26.757,robot_0,-0.288,-0.627
1789243154,609189640,26.757,robot_1,-1.915,-0.984
1789243154,609236216,26.757,robot_2,0.215,1.509
1789243154,811268839,26.959,robot_0,-0.288,-0.627
1789243154,811356536,26.959,robot_1,-1.915,-0.984
1789243154,811414766,26.959,robot_2,0.215,1.509
1789243155,15661570,27.167,robot_0,-0.288,-0.626
1789243155,19016754,27.167,robot_1,-1.915,-0.984
1789243155,19082696,27.167,robot_2,0.216,1.508
1789243155,221407213,27.369,robot_0,-0.288,-0.626
1789243155,221479411,27.369,robot_1,-1.916,-0.984
1789243155,221519458,27.369,robot_2,0.216,1.508
1789243155,438340209,27.586,robot_0,-0.288,-0.625
1789243155,438418512,27.586,robot_1,-1.916,-0.984
1789243155,438463746,27.586,robot_2,0.216,1.508
1789243155,673327440,27.821,robot_0,-0.292,-0.629
1789243155,673409389,27.821,robot_1,-1.916,-0.984
1789243155,673454731,27.821,robot_2,0.217,1.509
1789243155,877893136,28.026,robot_0,-0.331,-0.666
1789243155,878024265,28.026,robot_1,-1.917,-0.985
1789243155,878072323,28.026,robot_2,0.227,1.543
1789243156,85049359,28.233,robot_0,-0.353,-0.688
1789243156,86099810,28.234,robot_1,-1.917,-0.985
1789243156,86190604,28.234,robot_2,0.236,1.576
1789243156,286204141,28.434,robot_0,-0.349,-0.683
1789243156,286288824,28.434,robot_1,-1.917,-0.986
1789243156,286334017,28.434,robot_2,0.250,1.626
1789243156,508092823,28.656,robot_0,-0.331,-0.663
1789243156,508175095,28.656,robot_1,-1.917,-0.986
1789243156,508226331,28.656,robot_2,0.258,1.656
1789243156,734345365,28.882,robot_0,-0.348,-0.682
1789243156,734438687,28.882,robot_1,-1.917,-0.986
1789243156,734492791,28.882,robot_2,0.258,1.659
1789243156,942719737,29.090,robot_0,-0.379,-0.717
1789243156,942801439,29.090,robot_1,-1.917,-0.987
1789243156,942858100,29.090,robot_2,0.258,1.659
1789243157,148883985,29.297,robot_0,-0.380,-0.717
1789243157,148967105,29.297,robot_1,-1.917,-0.987
1789243157,149007526,29.297,robot_2,0.276,1.682
1789243157,373868173,29.522,robot_0,-0.380,-0.717
1789243157,373950563,29.522,robot_1,-1.917,-0.988
1789243157,373997035,29.522,robot_2,0.318,1.730
1789243157,601285417,29.749,robot_0,-0.398,-0.751
1789243157,601358941,29.749,robot_1,-1.916,-0.988
1789243157,601403570,29.749,robot_2,0.350,1.764
1789243157,820093910,29.968,robot_0,-0.398,-0.751
1789243157,820168906,29.968,robot_1,-1.916,-0.988
1789243157,820216195,29.968,robot_2,0.349,1.765
1789243158,21038245,30.169,robot_0,-0.391,-0.732
1789243158,21111272,30.169,robot_1,-1.916,-0.989
1789243158,21154940,30.169,robot_2,0.365,1.777
1789243158,233243339,30.381,robot_0,-0.381,-0.707
1789243158,233317502,30.381,robot_1,-1.915,-0.989
1789243158,233359131,30.381,robot_2,0.377,1.787
1789243158,445987962,30.594,robot_0,-0.386,-0.725
1789243158,446066589,30.594,robot_1,-1.915,-0.988
1789243158,446117648,30.594,robot_2,0.377,1.787
1789243158,660794079,30.808,robot_0,-0.395,-0.757
1789243158,660862143,30.808,robot_1,-1.904,-0.940
1789243158,660906011,30.809,robot_2,0.377,1.787
1789243158,873667873,31.021,robot_0,-0.385,-0.716
1789243158,873738422,31.021,robot_1,-1.897,-0.908
1789243158,880069112,31.028,robot_2,0.377,1.787
1789243159,76440761,31.224,robot_0,-0.378,-0.687
1789243159,76527164,31.224,robot_1,-1.891,-0.871
1789243159,76568094,31.224,robot_2,0.378,1.787
1789243159,277330429,31.425,robot_0,-0.370,-0.655
1789243159,277408998,31.425,robot_1,-1.895,-0.893
1789243159,277460802,31.425,robot_2,0.378,1.786
1789243159,477625872,31.625,robot_0,-0.370,-0.655
1789243159,477701254,31.625,robot_1,-1.892,-0.880
1789243159,477744957,31.625,robot_2,0.378,1.786
1789243159,685465336,31.833,robot_0,-0.369,-0.655
1789243159,685532520,31.833,robot_1,-1.887,-0.858
1789243159,685571435,31.833,robot_2,0.379,1.786
1789243159,887989045,32.036,robot_0,-0.369,-0.655
1789243159,888059183,32.036,robot_1,-1.869,-0.817
1789243159,888100105,32.036,robot_2,0.379,1.786
1789243160,111291121,32.259,robot_0,-0.368,-0.656
1789243160,111370712,32.259,robot_1,-1.846,-0.776
1789243160,115009430,32.263,robot_2,0.380,1.786
1789243160,317442431,32.465,robot_0,-0.368,-0.657
1789243160,317509823,32.465,robot_1,-1.816,-0.729
1789243160,317547929,32.465,robot_2,0.380,1.786
1789243160,531517850,32.679,robot_0,-0.368,-0.657
1789243160,531583943,32.679,robot_1,-1.821,-0.737
1789243160,531625323,32.679,robot_2,0.380,1.786
1789243160,751066423,32.899,robot_0,-0.368,-0.658
1789243160,751132362,32.899,robot_1,-1.828,-0.748
1789243160,751176749,32.899,robot_2,0.381,1.787
1789243160,973819298,33.121,robot_0,-0.368,-0.659
1789243160,973895965,33.122,robot_1,-1.843,-0.776
1789243160,973942748,33.122,robot_2,0.381,1.787
1789243161,191306239,33.339,robot_0,-0.368,-0.659
1789243161,191380225,33.339,robot_1,-1.852,-0.794
1789243161,191425632,33.339,robot_2,0.381,1.787
1789243161,396264688,33.545,robot_0,-0.368,-0.660
1789243161,397059107,33.545,robot_1,-1.836,-0.763
1789243161,397125060,33.545,robot_2,0.381,1.788
1789243161,609618456,33.757,robot_0,-0.368,-0.660
1789243161,609695793,33.757,robot_1,-1.817,-0.727
1789243161,609751974,33.757,robot_2,0.382,1.788
1789243161,817761446,33.965,robot_0,-0.368,-0.660
1789243161,817831395,33.965,robot_1,-1.796,-0.693
1789243161,817873435,33.965,robot_2,0.382,1.789
1789243162,33023082,34.181,robot_0,-0.368,-0.660
1789243162,33122237,34.181,robot_1,-1.776,-0.662
1789243162,33165179,34.181,robot_2,0.382,1.789
1789243162,242351599,34.390,robot_0,-0.368,-0.660
1789243162,242426262,34.390,robot_1,-1.791,-0.684
1789243162,242473260,34.390,robot_2,0.390,1.791
1789243162,451968573,34.600,robot_0,-0.368,-0.660
1789243162,452043933,34.600,robot_1,-1.790,-0.683
1789243162,452081466,34.600,robot_2,0.426,1.798
1789243162,671332858,34.819,robot_0,-0.368,-0.659
1789243162,671398984,34.819,robot_1,-1.763,-0.646
1789243162,671432710,34.819,robot_2,0.471,1.807
1789243162,874784110,35.022,robot_0,-0.368,-0.659
1789243162,874856394,35.022,robot_1,-1.749,-0.628
1789243162,874899748,35.023,robot_2,0.499,1.812
1789243163,109984226,35.258,robot_0,-0.368,-0.658
1789243163,110058947,35.258,robot_1,-1.748,-0.627
1789243163,110103526,35.258,robot_2,0.499,1.812
1789243163,326117907,35.474,robot_0,-0.344,-0.653
1789243163,326204445,35.474,robot_1,-1.734,-0.600
1789243163,332207730,35.480,robot_2,0.499,1.812
1789243163,527403699,35.675,robot_0,-0.320,-0.646
1789243163,527505162,35.675,robot_1,-1.732,-0.598
1789243163,527545896,35.675,robot_2,0.499,1.811
1789243163,750360447,35.898,robot_0,-0.320,-0.646
1789243163,750438147,35.898,robot_1,-1.726,-0.567
1789243163,750477265,35.898,robot_2,0.499,1.811
1789243163,995523468,36.143,robot_0,-0.320,-0.645
1789243163,995599142,36.143,robot_1,-1.724,-0.557
1789243163,995640425,36.143,robot_2,0.499,1.810
1789243164,206410856,36.354,robot_0,-0.321,-0.645
1789243164,206480754,36.354,robot_1,-1.722,-0.603
1789243164,206515960,36.354,robot_2,0.498,1.810
1789243164,440752145,36.588,robot_0,-0.321,-0.645
1789243164,440823696,36.588,robot_1,-1.721,-0.615
1789243164,440861233,36.588,robot_2,0.498,1.810
1789243164,658567918,36.806,robot_0,-0.322,-0.645
1789243164,658662627,36.806,robot_1,-1.728,-0.539
1789243164,658709759,36.806,robot_2,0.497,1.809
1789243164,888123760,37.036,robot_0,-0.322,-0.644
1789243164,888205135,37.036,robot_1,-1.732,-0.495
1789243164,888241580,37.036,robot_2,0.496,1.810
1789243165,109810088,37.257,robot_0,-0.323,-0.644
1789243165,109910985,37.258,robot_1,-1.733,-0.465
1789243165,110096856,37.258,robot_2,0.496,1.810
1789243165,318109386,37.466,robot_0,-0.323,-0.645
1789243165,318191202,37.466,robot_1,-1.734,-0.465
1789243165,318228471,37.466,robot_2,0.495,1.810
1789243165,527082603,37.675,robot_0,-0.324,-0.645
1789243165,527155624,37.675,robot_1,-1.734,-0.465
1789243165,527190912,37.675,robot_2,0.496,1.810
1789243165,748460989,37.896,robot_0,-0.325,-0.645
1789243165,748543413,37.896,robot_1,-1.733,-0.465
1789243165,748588003,37.896,robot_2,0.496,1.810
1789243165,955624982,38.103,robot_0,-0.325,-0.646
1789243165,955715619,38.103,robot_1,-1.733,-0.465
1789243165,955752518,38.103,robot_2,0.497,1.810
1789243166,158730058,38.306,robot_0,-0.325,-0.646
1789243166,158814112,38.306,robot_1,-1.732,-0.465
1789243166,158860380,38.306,robot_2,0.497,1.810
1789243166,373139129,38.521,robot_0,-0.325,-0.647
1789243166,373219703,38.521,robot_1,-1.732,-0.464
1789243166,373262115,38.521,robot_2,0.497,1.810
1789243166,582299074,38.730,robot_0,-0.325,-0.647
1789243166,582377527,38.730,robot_1,-1.732,-0.464
1789243166,582413386,38.730,robot_2,0.498,1.810
1789243166,794484747,38.942,robot_0,-0.325,-0.648
1789243166,794558380,38.942,robot_1,-1.731,-0.464
1789243166,794592311,38.942,robot_2,0.498,1.811
1789243167,12627117,39.160,robot_0,-0.325,-0.648
1789243167,12704217,39.160,robot_1,-1.731,-0.463
1789243167,12737699,39.160,robot_2,0.498,1.811
1789243167,227805652,39.375,robot_0,-0.325,-0.649
1789243167,227868602,39.375,robot_1,-1.731,-0.463
1789243167,227897896,39.376,robot_2,0.498,1.812
1789243167,436566087,39.584,robot_0,-0.335,-0.654
1789243167,436644494,39.584,robot_1,-1.731,-0.462
1789243167,436689717,39.584,robot_2,0.498,1.812
1789243167,643325635,39.791,robot_0,-0.373,-0.672
1789243167,643401896,39.791,robot_1,-1.731,-0.462
1789243167,643446811,39.791,robot_2,0.498,1.812
1789243167,843478429,39.991,robot_0,-0.385,-0.678
1789243167,843559186,39.991,robot_1,-1.731,-0.462
1789243167,843606613,39.991,robot_2,0.498,1.813
1789243168,53068658,40.201,robot_0,-0.419,-0.695
1789243168,53139730,40.201,robot_1,-1.731,-0.461
1789243168,53183477,40.201,robot_2,0.498,1.813
1789243168,256539026,40.404,robot_0,-0.459,-0.714
1789243168,256611629,40.404,robot_1,-1.732,-0.461
1789243168,256653983,40.404,robot_2,0.498,1.814
1789243168,472766613,40.620,robot_0,-0.495,-0.732
1789243168,472841119,40.620,robot_1,-1.732,-0.461
1789243168,472884667,40.621,robot_2,0.498,1.814
1789243168,682301601,40.830,robot_0,-0.498,-0.733
1789243168,682378005,40.830,robot_1,-1.732,-0.460
1789243168,682416418,40.830,robot_2,0.497,1.814
1789243168,914443992,41.062,robot_0,-0.498,-0.732
1789243168,914512559,41.062,robot_1,-1.733,-0.460
1789243168,914560005,41.062,robot_2,0.497,1.814
1789243169,129693829,41.277,robot_0,-0.498,-0.732
1789243169,129764824,41.277,robot_1,-1.733,-0.460
1789243169,137234262,41.285,robot_2,0.497,1.814
1789243169,357009134,41.505,robot_0,-0.498,-0.731
1789243169,357082324,41.505,robot_1,-1.736,-0.471
1789243169,357147093,41.505,robot_2,0.498,1.818
1789243169,570338648,41.718,robot_0,-0.498,-0.730
1789243169,570408414,41.718,robot_1,-1.746,-0.512
1789243169,570446063,41.718,robot_2,0.512,1.854
1789243169,774065778,41.922,robot_0,-0.497,-0.729
1789243169,774136237,41.922,robot_1,-1.746,-0.512
1789243169,774180128,41.922,robot_2,0.531,1.901
1789243169,991657007,42.139,robot_0,-0.497,-0.729
1789243169,991723919,42.139,robot_1,-1.746,-0.512
1789243169,991761008,42.139,robot_2,0.543,1.933
1789243170,196288958,42.344,robot_0,-0.496,-0.729
1789243170,196353603,42.344,robot_1,-1.744,-0.511
1789243170,196393296,42.344,robot_2,0.553,1.958
1789243170,431694484,42.579,robot_0,-0.495,-0.729
1789243170,431765374,42.579,robot_1,-1.724,-0.486
1789243170,431803554,42.579,robot_2,0.541,1.923
1789243170,636585637,42.784,robot_0,-0.495,-0.728
1789243170,636651627,42.784,robot_1,-1.716,-0.479
1789243170,636689448,42.784,robot_2,0.524,1.870
1789243170,862764386,43.010,robot_0,-0.494,-0.732
1789243170,873459841,43.021,robot_1,-1.680,-0.452
1789243170,873593693,43.021,robot_2,0.514,1.839
1789243171,81048487,43.229,robot_0,-0.493,-0.777
1789243171,81124606,43.229,robot_1,-1.672,-0.447
1789243171,81169390,43.229,robot_2,0.511,1.827
1789243171,292617409,43.440,robot_0,-0.493,-0.783
1789243171,292682201,43.440,robot_1,-1.640,-0.427
1789243171,292714796,43.440,robot_2,0.501,1.765
1789243171,502556548,43.650,robot_0,-0.495,-0.780
1789243171,502618882,43.650,robot_1,-1.617,-0.413
1789243171,502651939,43.650,robot_2,0.493,1.709
1789243171,720493606,43.868,robot_0,-0.507,-0.743
1789243171,720570935,43.868,robot_1,-1.587,-0.394
1789243171,720609619,43.868,robot_2,0.488,1.677
1789243171,940495101,44.088,robot_0,-0.512,-0.731
1789243171,940565222,44.088,robot_1,-1.571,-0.384
1789243171,940598324,44.088,robot_2,0.488,1.677
1789243172,165029389,44.313,robot_0,-0.513,-0.727
1789243172,165105131,44.313,robot_1,-1.571,-0.384
1789243172,165144358,44.313,robot_2,0.487,1.677
1789243172,381004013,44.529,robot_0,-0.533,-0.676
1789243172,381079065,44.529,robot_1,-1.571,-0.385
1789243172,381116226,44.529,robot_2,0.506,1.612
1789243172,593423288,44.741,robot_0,-0.537,-0.663
1789243172,593497020,44.741,robot_1,-1.571,-0.385
1789243172,593531887,44.741,robot_2,0.514,1.590
1789243172,815981170,44.964,robot_0,-0.537,-0.663
1789243172,816051607,44.964,robot_1,-1.571,-0.385
1789243172,816085922,44.964,robot_2,0.514,1.590
1789243173,36010763,45.184,robot_0,-0.537,-0.663
1789243173,36083534,45.184,robot_1,-1.571,-0.384
1789243173,36116214,45.184,robot_2,0.513,1.589
1789243173,282167263,45.430,robot_0,-0.538,-0.663
1789243173,282259727,45.430,robot_1,-1.571,-0.384
1789243173,282292934,45.430,robot_2,0.513,1.589
1789243173,468530762,45.616,robot_0,-0.538,-0.664
1789243173,468589849,45.616,robot_1,-1.572,-0.384
1789243173,468615984,45.616,robot_2,0.513,1.589
1789243173,693621491,45.841,robot_0,-0.538,-0.664
1789243173,693694810,45.841,robot_1,-1.572,-0.383
1789243173,693727685,45.841,robot_2,0.513,1.588
1789243173,919265652,46.067,robot_0,-0.539,-0.665
1789243173,919336185,46.067,robot_1,-1.573,-0.383
1789243173,919375277,46.067,robot_2,0.512,1.588
1789243174,140672691,46.288,robot_0,-0.539,-0.665
1789243174,140743331,46.288,robot_1,-1.573,-0.383
1789243174,140776013,46.288,robot_2,0.484,1.587
1789243174,343550448,46.491,robot_0,-0.539,-0.666
1789243174,343621872,46.491,robot_1,-1.574,-0.383
1789243174,343656694,46.491,robot_2,0.442,1.586
1789243174,553399273,46.701,robot_0,-0.539,-0.666
1789243174,553468764,46.701,robot_1,-1.574,-0.384
1789243174,553507343,46.701,robot_2,0.410,1.586
1789243174,779139350,46.927,robot_0,-0.539,-0.667
1789243174,779208705,46.927,robot_1,-1.574,-0.384
1789243174,779238151,46.927,robot_2,0.356,1.584
1789243174,989466783,47.137,robot_0,-0.539,-0.667
1789243174,989542330,47.137,robot_1,-1.575,-0.384
1789243174,989577887,47.137,robot_2,0.321,1.583
1789243175,205247937,47.353,robot_0,-0.538,-0.668
1789243175,205320716,47.353,robot_1,-1.575,-0.384
1789243175,205348824,47.353,robot_2,0.321,1.583
1789243175,409722776,47.557,robot_0,-0.538,-0.668
1789243175,409790235,47.557,robot_1,-1.575,-0.385
1789243175,409826090,47.557,robot_2,0.321,1.583
1789243175,618584776,47.766,robot_0,-0.538,-0.668
1789243175,618645112,47.766,robot_1,-1.575,-0.385
1789243175,618671775,47.766,robot_2,0.321,1.583
1789243175,836383916,47.984,robot_0,-0.537,-0.669
1789243175,836762605,47.984,robot_1,-1.575,-0.386
1789243175,836816522,47.985,robot_2,0.322,1.582
1789243176,52455436,48.200,robot_0,-0.537,-0.669
1789243176,52524574,48.200,robot_1,-1.586,-0.386
1789243176,52559398,48.200,robot_2,0.322,1.582
1789243176,280394605,48.428,robot_0,-0.536,-0.669
1789243176,280463480,48.428,robot_1,-1.628,-0.385
1789243176,280497498,48.428,robot_2,0.323,1.582
1789243176,515102775,48.663,robot_0,-0.535,-0.669
1789243176,515166279,48.663,robot_1,-1.678,-0.385
1789243176,515203641,48.663,robot_2,0.323,1.581
1789243176,722804806,48.870,robot_0,-0.537,-0.660
1789243176,722866904,48.870,robot_1,-1.696,-0.384
1789243176,722901225,48.871,robot_2,0.324,1.581
1789243176,934279843,49.082,robot_0,-0.548,-0.613
1789243176,934342801,49.082,robot_1,-1.695,-0.384
1789243176,934382423,49.082,robot_2,0.324,1.581
1789243177,143032628,49.291,robot_0,-0.555,-0.576
1789243177,143107187,49.291,robot_1,-1.695,-0.384
1789243177,143148004,49.291,robot_2,0.332,1.554
1789243177,349643292,49.497,robot_0,-0.558,-0.529
1789243177,349709706,49.497,robot_1,-1.695,-0.383
1789243177,349746886,49.497,robot_2,0.339,1.530
1789243177,562666909,49.710,robot_0,-0.555,-0.462
1789243177,562717142,49.710,robot_1,-1.695,-0.383
1789243177,562746918,49.710,robot_2,0.330,1.566
1789243177,772841375,49.920,robot_0,-0.555,-0.448
1789243177,772909298,49.933,robot_1,-1.694,-0.382
1789243177,785077879,49.933,robot_2,0.330,1.567
1789243177,972949111,50.121,robot_0,-0.558,-0.386
1789243177,973005520,50.121,robot_1,-1.693,-0.382
1789243177,973034256,50.121,robot_2,0.335,1.604
1789243178,197201779,50.345,robot_0,-0.560,-0.360
1789243178,197303115,50.345,robot_1,-1.693,-0.382
1789243178,197342298,50.345,robot_2,0.334,1.608
1789243178,423849524,50.571,robot_0,-0.557,-0.394
1789243178,423934465,50.572,robot_1,-1.692,-0.382
1789243178,423973284,50.572,robot_2,0.312,1.569
1789243178,644368528,50.792,robot_0,-0.558,-0.364
1789243178,644436621,50.792,robot_1,-1.692,-0.382
1789243178,644477833,50.792,robot_2,0.312,1.569
1789243178,855712923,51.003,robot_0,-0.559,-0.359
1789243178,855783496,51.003,robot_1,-1.691,-0.383
1789243178,855819542,51.003,robot_2,0.312,1.569
1789243179,58429974,51.206,robot_0,-0.559,-0.359
1789243179,58503248,51.206,robot_1,-1.691,-0.383
1789243179,58546419,51.206,robot_2,0.313,1.568
1789243179,264146011,51.412,robot_0,-0.558,-0.359
1789243179,264217648,51.412,robot_1,-1.690,-0.383
1789243179,264251635,51.412,robot_2,0.313,1.568
1789243179,475650816,51.623,robot_0,-0.558,-0.359
1789243179,475709576,51.623,robot_1,-1.690,-0.384
1789243179,475739336,51.623,robot_2,0.314,1.569
1789243179,677426410,51.825,robot_0,-0.557,-0.359
1789243179,677504356,51.825,robot_1,-1.663,-0.372
1789243179,677548563,51.825,robot_2,0.314,1.569
1789243179,882472689,52.030,robot_0,-0.557,-0.359
1789243179,882555685,52.030,robot_1,-1.620,-0.356
1789243179,882628840,52.030,robot_2,0.315,1.569
1789243180,85903183,52.234,robot_0,-0.557,-0.358
1789243180,85975596,52.234,robot_1,-1.585,-0.343
1789243180,86007253,52.234,robot_2,0.315,1.569
1789243180,287953563,52.436,robot_0,-0.556,-0.358
1789243180,288031850,52.436,robot_1,-1.581,-0.342
1789243180,288077402,52.436,robot_2,0.315,1.570
1789243180,499785297,52.647,robot_0,-0.556,-0.357
1789243180,499863102,52.647,robot_1,-1.581,-0.341
1789243180,499903950,52.648,robot_2,0.315,1.570
1789243180,700766864,52.848,robot_0,-0.556,-0.357
1789243180,700843187,52.848,robot_1,-1.581,-0.341
1789243180,700888142,52.849,robot_2,0.315,1.570
1789243180,919902144,53.069,robot_0,-0.556,-0.356
1789243180,921149942,53.069,robot_1,-1.581,-0.341
1789243180,921203872,53.069,robot_2,0.315,1.571
1789243181,136767233,53.284,robot_0,-0.556,-0.356
1789243181,136834943,53.284,robot_1,-1.581,-0.341
1789243181,136873510,53.284,robot_2,0.315,1.571
1789243181,348497024,53.496,robot_0,-0.556,-0.355
1789243181,348564761,53.496,robot_1,-1.581,-0.341
1789243181,348601693,53.496,robot_2,0.315,1.572
1789243181,571368577,53.719,robot_0,-0.556,-0.355
1789243181,571441424,53.719,robot_1,-1.582,-0.341
1789243181,571483850,53.719,robot_2,0.315,1.572
1789243181,775735315,53.923,robot_0,-0.556,-0.355
1789243181,775828153,53.923,robot_1,-1.582,-0.340
1789243181,775865679,53.923,robot_2,0.315,1.572
1789243181,987606517,54.135,robot_0,-0.557,-0.354
1789243181,987678626,54.135,robot_1,-1.582,-0.340
1789243181,987718158,54.135,robot_2,0.315,1.573
1789243182,225538686,54.373,robot_0,-0.557,-0.354
1789243182,225614887,54.373,robot_1,-1.583,-0.340
1789243182,225652934,54.373,robot_2,0.311,1.569
1789243182,442982300,54.591,robot_0,-0.558,-0.354
1789243182,443068770,54.591,robot_1,-1.583,-0.340
1789243182,443114330,54.591,robot_2,0.282,1.535
1789243182,661163485,54.809,robot_0,-0.558,-0.353
1789243182,661243762,54.809,robot_1,-1.584,-0.340
1789243182,661291818,54.809,robot_2,0.278,1.529
1789243182,863865486,55.011,robot_0,-0.558,-0.353
1789243182,863940411,55.012,robot_1,-1.584,-0.340
1789243182,863980091,55.012,robot_2,0.277,1.529
1789243183,76410905,55.224,robot_0,-0.559,-0.357
1789243183,76483449,55.224,robot_1,-1.584,-0.341
1789243183,76519639,55.224,robot_2,0.264,1.502
1789243183,299897873,55.448,robot_0,-0.582,-0.413
1789243183,299970293,55.448,robot_1,-1.585,-0.341
1789243183,300013591,55.448,robot_2,0.238,1.444
1789243183,503385975,55.651,robot_0,-0.590,-0.435
1789243183,503462200,55.651,robot_1,-1.585,-0.341
1789243183,503502679,55.651,robot_2,0.235,1.437
1789243183,725550406,55.873,robot_0,-0.591,-0.435
1789243183,725626821,55.873,robot_1,-1.585,-0.342
1789243183,725669468,55.873,robot_2,0.235,1.437
1789243183,941166546,56.089,robot_0,-0.591,-0.434
1789243183,941227402,56.089,robot_1,-1.585,-0.342
1789243183,941260724,56.089,robot_2,0.235,1.437
1789243184,147286794,56.295,robot_0,-0.594,-0.384
1789243184,147362318,56.295,robot_1,-1.585,-0.343
1789243184,147406354,56.295,robot_2,0.235,1.437
1789243184,362613534,56.510,robot_0,-0.597,-0.351
1789243184,362679612,56.510,robot_1,-1.585,-0.343
1789243184,362710689,56.510,robot_2,0.235,1.437
1789243184,584582019,56.732,robot_0,-0.599,-0.328
1789243184,584648208,56.732,robot_1,-1.570,-0.340
1789243184,584680023,56.732,robot_2,0.235,1.437
1789243184,794036807,56.942,robot_0,-0.603,-0.285
1789243184,794103720,56.950,robot_1,-1.506,-0.323
1789243184,802504644,56.950,robot_2,0.234,1.437
1789243185,2656948,57.150,robot_0,-0.606,-0.247
1789243185,2722327,57.150,robot_1,-1.451,-0.308
1789243185,2756114,57.150,robot_2,0.234,1.437
1789243185,224770698,57.372,robot_0,-0.607,-0.238
1789243185,224842151,57.372,robot_1,-1.421,-0.299
1789243185,224876820,57.372,robot_2,0.233,1.437
1789243185,444364408,57.592,robot_0,-0.607,-0.238
1789243185,444442073,57.592,robot_1,-1.417,-0.298
1789243185,444484996,57.592,robot_2,0.233,1.437
1789243185,665168282,57.813,robot_0,-0.607,-0.238
1789243185,665249197,57.813,robot_1,-1.370,-0.278
1789243185,665296221,57.813,robot_2,0.233,1.436
1789243185,888894491,58.037,robot_0,-0.608,-0.238
1789243185,888973468,58.037,robot_1,-1.303,-0.250
1789243185,889021346,58.037,robot_2,0.232,1.436
1789243186,115738292,58.263,robot_0,-0.608,-0.239
1789243186,115808684,58.263,robot_1,-1.286,-0.242
1789243186,115850482,58.263,robot_2,0.232,1.436
1789243186,317156223,58.465,robot_0,-0.605,-0.235
1789243186,317226347,58.465,robot_1,-1.237,-0.223
1789243186,317267236,58.465,robot_2,0.232,1.435
1789243186,522043405,58.670,robot_0,-0.599,-0.217
1789243186,522116640,58.670,robot_1,-1.219,-0.217
1789243186,522159421,58.670,robot_2,0.232,1.435
1789243186,750252995,58.898,robot_0,-0.624,-0.202
1789243186,750319632,58.898,robot_1,-1.248,-0.230
1789243186,750361911,58.898,robot_2,0.232,1.434
1789243186,956338522,59.104,robot_0,-0.642,-0.203
1789243186,956413418,59.104,robot_1,-1.280,-0.249
1789243186,956452186,59.104,robot_2,0.232,1.434
1789243187,162608744,59.310,robot_0,-0.656,-0.208
1789243187,162681808,59.310,robot_1,-1.299,-0.266
1789243187,162721294,59.310,robot_2,0.232,1.434
1789243187,369302581,59.517,robot_0,-0.665,-0.206
1789243187,369378649,59.517,robot_1,-1.316,-0.292
1789243187,369419788,59.517,robot_2,0.232,1.433
1789243187,581781980,59.729,robot_0,-0.680,-0.220
1789243187,581856312,59.729,robot_1,-1.324,-0.309
1789243187,581903696,59.730,robot_2,0.232,1.433
1789243187,784628482,59.932,robot_0,-0.690,-0.234
1789243187,784702368,59.932,robot_1,-1.326,-0.326
1789243187,784740707,59.932,robot_2,0.233,1.433
1789243187,986031931,60.134,robot_0,-0.697,-0.255
1789243187,986108962,60.134,robot_1,-1.324,-0.353
1789243187,986155853,60.134,robot_2,0.233,1.432
1789243188,219462666,60.367,robot_0,-0.699,-0.274
1789243188,219534443,60.367,robot_1,-1.313,-0.384
1789243188,226659105,60.374,robot_2,0.233,1.432
1789243188,437482725,60.585,robot_0,-0.696,-0.295
1789243188,437554395,60.585,robot_1,-1.299,-0.414
1789243188,437587917,60.585,robot_2,0.231,1.425
1789243188,639064090,60.787,robot_0,-0.695,-0.297
1789243188,639141070,60.787,robot_1,-1.314,-0.387
1789243188,639180123,60.787,robot_2,0.218,1.387
1789243188,859806202,61.007,robot_0,-0.694,-0.296
1789243188,859874589,61.007,robot_1,-1.321,-0.376
1789243188,859910341,61.008,robot_2,0.217,1.381
1789243189,74662833,61.222,robot_0,-0.694,-0.296
1789243189,74731736,61.222,robot_1,-1.321,-0.375
1789243189,74769087,61.222,robot_2,0.233,1.432
1789243189,277871538,61.426,robot_0,-0.694,-0.292
1789243189,277955380,61.426,robot_1,-1.321,-0.379
1789243189,277992179,61.426,robot_2,0.238,1.449
1789243189,493263671,61.641,robot_0,-0.665,-0.284
1789243189,493340722,61.641,robot_1,-1.319,-0.403
1789243189,493384332,61.641,robot_2,0.231,1.423
1789243189,720031615,61.868,robot_0,-0.624,-0.294
1789243189,720104298,61.868,robot_1,-1.289,-0.431
1789243189,720143738,61.868,robot_2,0.221,1.386
1789243189,921954773,62.070,robot_0,-0.595,-0.301
1789243189,922022926,62.070,robot_1,-1.265,-0.450
1789243189,922061885,62.070,robot_2,0.217,1.375
1789243190,145503285,62.293,robot_0,-0.555,-0.314
1789243190,145572334,62.293,robot_1,-1.234,-0.480
1789243190,145611811,62.293,robot_2,0.205,1.335
1789243190,355350141,62.503,robot_0,-0.527,-0.329
1789243190,355423229,62.503,robot_1,-1.213,-0.510
1789243190,355465469,62.503,robot_2,0.208,1.345
1789243190,577285000,62.725,robot_0,-0.506,-0.349
1789243190,577349837,62.725,robot_1,-1.212,-0.508
1789243190,577383648,62.725,robot_2,0.218,1.378
1789243190,787833290,62.935,robot_0,-0.479,-0.388
1789243190,787900128,62.936,robot_1,-1.217,-0.484
1789243190,787951297,62.936,robot_2,0.219,1.378
1789243190,993665475,63.141,robot_0,-0.463,-0.418
1789243190,993784501,63.141,robot_1,-1.219,-0.497
1789243190,993832842,63.141,robot_2,0.219,1.378
1789243191,205455947,63.353,robot_0,-0.458,-0.428
1789243191,205528984,63.353,robot_1,-1.226,-0.532
1789243191,205576433,63.353,robot_2,0.219,1.378
1789243191,418541177,63.566,robot_0,-0.458,-0.427
1789243191,418609574,63.566,robot_1,-1.227,-0.534
1789243191,418644438,63.566,robot_2,0.220,1.378
1789243191,654385125,63.802,robot_0,-0.457,-0.427
1789243191,654467098,63.802,robot_1,-1.227,-0.534
1789243191,654510793,63.802,robot_2,0.220,1.379
1789243191,870959863,64.019,robot_0,-0.457,-0.426
1789243191,871029237,64.019,robot_1,-1.218,-0.520
1789243191,871066267,64.019,robot_2,0.220,1.379
1789243192,82382032,64.230,robot_0,-0.457,-0.426
1789243192,82450566,64.230,robot_1,-1.193,-0.487
1789243192,82485552,64.230,robot_2,0.221,1.379
1789243192,302521436,64.450,robot_0,-0.457,-0.425
1789243192,302587380,64.450,robot_1,-1.142,-0.424
1789243192,302629036,64.450,robot_2,0.221,1.380
1789243192,511501481,64.659,robot_0,-0.457,-0.425
1789243192,511566832,64.659,robot_1,-1.121,-0.398
1789243192,511601314,64.659,robot_2,0.221,1.380
1789243192,713418952,64.861,robot_0,-0.457,-0.425
1789243192,713495380,64.861,robot_1,-1.137,-0.418
1789243192,713532161,64.861,robot_2,0.221,1.380
1789243192,956421163,65.104,robot_0,-0.457,-0.424
1789243192,956527578,65.104,robot_1,-1.138,-0.419
1789243192,956565769,65.104,robot_2,0.221,1.381
1789243193,142734065,65.290,robot_0,-0.457,-0.424
1789243193,142795647,65.290,robot_1,-1.138,-0.419
1789243193,142829007,65.290,robot_2,0.221,1.381
1789243193,352242355,65.500,robot_0,-0.458,-0.423
1789243193,355204708,65.503,robot_1,-1.138,-0.419
1789243193,355280211,65.503,robot_2,0.221,1.382
1789243193,566395189,65.714,robot_0,-0.458,-0.423
1789243193,566465199,65.714,robot_1,-1.137,-0.419
1789243193,566502962,65.714,robot_2,0.221,1.382
1789243193,785569046,65.933,robot_0,-0.458,-0.423
1789243193,785634717,65.933,robot_1,-1.137,-0.419
1789243193,785678386,65.933,robot_2,0.221,1.382
1789243193,999556016,66.147,robot_0,-0.459,-0.423
1789243193,999627793,66.147,robot_1,-1.136,-0.419
1789243193,999671430,66.147,robot_2,0.220,1.383
1789243194,212438390,66.360,robot_0,-0.459,-0.423
1789243194,212506022,66.360,robot_1,-1.136,-0.419
1789243194,212544439,66.360,robot_2,0.220,1.383
1789243194,420818469,66.568,robot_0,-0.460,-0.423
1789243194,420882929,66.569,robot_1,-1.136,-0.419
1789243194,420925241,66.569,robot_2,0.220,1.383
1789243194,637495610,66.785,robot_0,-0.460,-0.423
1789243194,637557367,66.785,robot_1,-1.135,-0.419
1789243194,637592660,66.785,robot_2,0.219,1.382
1789243194,852290614,67.000,robot_0,-0.461,-0.423
1789243194,852355156,67.000,robot_1,-1.135,-0.419
1789243194,852387113,67.000,robot_2,0.211,1.338
1789243195,69540048,67.217,robot_0,-0.461,-0.424
1789243195,69611760,67.217,robot_1,-1.135,-0.419
1789243195,69653173,67.217,robot_2,0.203,1.292
1789243195,290319616,67.438,robot_0,-0.461,-0.424
1789243195,290381654,67.438,robot_1,-1.134,-0.418
1789243195,290415171,67.438,robot_2,0.202,1.286
1789243195,507442350,67.655,robot_0,-0.461,-0.424
1789243195,507514554,67.655,robot_1,-1.134,-0.418
1789243195,507550083,67.655,robot_2,0.187,1.231
1789243195,715396367,67.863,robot_0,-0.462,-0.425
1789243195,715463706,67.863,robot_1,-1.134,-0.418
1789243195,715502782,67.863,robot_2,0.172,1.176
1789243195,916686672,68.064,robot_0,-0.462,-0.425
1789243195,916763920,68.064,robot_1,-1.134,-0.417
1789243195,916799610,68.064,robot_2,0.160,1.129
1789243196,119020084,68.267,robot_0,-0.462,-0.425
1789243196,119097051,68.267,robot_1,-1.134,-0.417
1789243196,119135684,68.267,robot_2,0.146,1.077
1789243196,322218702,68.470,robot_0,-0.462,-0.426
1789243196,322284634,68.470,robot_1,-1.134,-0.416
1789243196,322320620,68.470,robot_2,0.148,1.085
1789243196,530235705,68.678,robot_0,-0.462,-0.426
1789243196,530306091,68.678,robot_1,-1.134,-0.416
1789243196,530347449,68.678,robot_2,0.158,1.124
1789243196,737372549,68.885,robot_0,-0.461,-0.427
1789243196,737437759,68.885,robot_1,-1.134,-0.416
1789243196,737471075,68.885,robot_2,0.169,1.165
1789243196,965330087,69.113,robot_0,-0.426,-0.407
1789243196,965388006,69.113,robot_1,-1.134,-0.416
1789243196,965421133,69.113,robot_2,0.179,1.199
1789243197,175711783,69.323,robot_0,-0.405,-0.395
1789243197,175773523,69.323,robot_1,-1.135,-0.416
1789243197,175815898,69.323,robot_2,0.189,1.235
1789243197,398895020,69.547,robot_0,-0.436,-0.413
1789243197,398966235,69.547,robot_1,-1.167,-0.438
1789243197,399009224,69.547,robot_2,0.189,1.235
1789243197,618239715,69.766,robot_0,-0.478,-0.436
1789243197,618305177,69.766,robot_1,-1.177,-0.444
1789243197,618339459,69.766,robot_2,0.188,1.235
1789243197,818829669,69.966,robot_0,-0.484,-0.440
1789243197,818897023,69.967,robot_1,-1.146,-0.418
1789243197,818941220,69.967,robot_2,0.188,1.235
1789243198,40899193,70.189,robot_0,-0.447,-0.418
1789243198,40971412,70.189,robot_1,-1.140,-0.413
1789243198,41015125,70.189,robot_2,0.187,1.235
1789243198,241166155,70.389,robot_0,-0.395,-0.387
1789243198,241240188,70.389,robot_1,-1.108,-0.389
1789243198,241279823,70.389,robot_2,0.187,1.235
1789243198,446262052,70.594,robot_0,-0.352,-0.361
1789243198,446333544,70.594,robot_1,-1.096,-0.380
1789243198,446372267,70.594,robot_2,0.187,1.235
1789243198,662291741,70.810,robot_0,-0.347,-0.358
1789243198,662377732,70.810,robot_1,-1.063,-0.356
1789243198,662424791,70.810,robot_2,0.186,1.234
1789243198,876507339,71.024,robot_0,-0.379,-0.376
1789243198,876579176,71.024,robot_1,-1.059,-0.353
1789243198,876617597,71.024,robot_2,0.186,1.234
1789243199,78651415,71.226,robot_0,-0.375,-0.374
1789243199,78715419,71.226,robot_1,-1.097,-0.379
1789243199,78747176,71.226,robot_2,0.186,1.233
1789243199,308279098,71.456,robot_0,-0.342,-0.348
1789243199,308366188,71.456,robot_1,-1.149,-0.415
1789243199,308405882,71.456,robot_2,0.186,1.233
1789243199,510212256,71.658,robot_0,-0.335,-0.342
1789243199,510296647,71.658,robot_1,-1.190,-0.443
1789243199,510338887,71.658,robot_2,0.186,1.233
1789243199,712556269,71.860,robot_0,-0.334,-0.342
1789243199,712628987,71.860,robot_1,-1.195,-0.448
1789243199,712661120,71.860,robot_2,0.186,1.232
1789243199,935157011,72.083,robot_0,-0.334,-0.343
1789243199,935232508,72.083,robot_1,-1.163,-0.428
1789243199,935632330,72.083,robot_2,0.186,1.232
1789243200,141882696,72.290,robot_0,-0.334,-0.343
1789243200,142225420,72.290,robot_1,-1.134,-0.411
1789243200,142281233,72.290,robot_2,0.186,1.231
1789243200,368546954,72.516,robot_0,-0.333,-0.343
1789243200,368626990,72.516,robot_1,-1.092,-0.387
1789243200,368669257,72.516,robot_2,0.187,1.231
1789243200,588706401,72.736,robot_0,-0.333,-0.343
1789243200,588788987,72.736,robot_1,-1.058,-0.367
1789243200,588833555,72.736,robot_2,0.187,1.231
1789243200,800405468,72.948,robot_0,-0.332,-0.342
1789243200,800481194,72.948,robot_1,-1.053,-0.364
1789243200,800513179,72.948,robot_2,0.187,1.231
1789243201,13188462,73.161,robot_0,-0.332,-0.342
1789243201,13266645,73.161,robot_1,-1.053,-0.364
1789243201,13308031,73.161,robot_2,0.188,1.231
1789243201,223306052,73.371,robot_0,-0.332,-0.342
1789243201,223379997,73.371,robot_1,-1.054,-0.364
1789243201,223413915,73.371,robot_2,0.196,1.253
1789243201,426154761,73.574,robot_0,-0.331,-0.342
1789243201,426231259,73.574,robot_1,-1.054,-0.363
1789243201,426265202,73.574,robot_2,0.211,1.295
1789243201,649650693,73.797,robot_0,-0.331,-0.341
1789243201,649720721,73.797,robot_1,-1.055,-0.363
1789243201,649755472,73.797,robot_2,0.224,1.336
1789243201,858579044,74.006,robot_0,-0.331,-0.341
1789243201,858669960,74.006,robot_1,-1.055,-0.363
1789243201,858708279,74.006,robot_2,0.241,1.387
1789243202,68531061,74.216,robot_0,-0.331,-0.340
1789243202,68607687,74.216,robot_1,-1.056,-0.363
1789243202,68646584,74.216,robot_2,0.255,1.429
1789243202,274814570,74.422,robot_0,-0.331,-0.340
1789243202,274890756,74.423,robot_1,-1.056,-0.363
1789243202,274936911,74.423,robot_2,0.248,1.406
1789243202,486319876,74.634,robot_0,-0.331,-0.340
1789243202,486398643,74.634,robot_1,-1.057,-0.364
1789243202,486435695,74.634,robot_2,0.248,1.407
1789243202,705606388,74.853,robot_0,-0.331,-0.339
1789243202,705687981,74.853,robot_1,-1.057,-0.364
1789243202,705735373,74.853,robot_2,0.255,1.449
1789243202,906104409,75.054,robot_0,-0.331,-0.339
1789243202,906182396,75.054,robot_1,-1.081,-0.342
1789243202,906226593,75.054,robot_2,0.256,1.456
1789243203,109724227,75.257,robot_0,-0.306,-0.319
1789243203,109813964,75.257,robot_1,-1.116,-0.312
1789243203,109850777,75.257,robot_2,0.262,1.480
1789243203,332631154,75.480,robot_0,-0.277,-0.297
1789243203,332717500,75.480,robot_1,-1.136,-0.294
1789243203,332765737,75.480,robot_2,0.268,1.500
1789243203,559408173,75.707,robot_0,-0.230,-0.260
1789243203,559484742,75.707,robot_1,-1.136,-0.294
1789243203,559528324,75.707,robot_2,0.268,1.500
1789243203,766932343,75.915,robot_0,-0.213,-0.247
1789243203,767016785,75.915,robot_1,-1.136,-0.294
1789243203,767062390,75.915,robot_2,0.268,1.500
1789243203,984700257,76.132,robot_0,-0.213,-0.247
1789243203,984775997,76.132,robot_1,-1.136,-0.294
1789243203,984812910,76.132,robot_2,0.269,1.500
1789243204,205931844,76.354,robot_0,-0.213,-0.247
1789243204,206008642,76.354,robot_1,-1.136,-0.294
1789243204,206045209,76.354,robot_2,0.269,1.500
1789243204,415302307,76.563,robot_0,-0.214,-0.247
1789243204,415376204,76.563,robot_1,-1.136,-0.294
1789243204,415414815,76.563,robot_2,0.269,1.501
1789243204,624816020,76.772,robot_0,-0.214,-0.246
1789243204,624890828,76.773,robot_1,-1.136,-0.294
1789243204,624943595,76.773,robot_2,0.270,1.501
1789243204,835910279,76.984,robot_0,-0.215,-0.246
1789243204,835992365,76.984,robot_1,-1.136,-0.295
1789243204,836030756,76.984,robot_2,0.270,1.501
1789243205,47419497,77.195,robot_0,-0.215,-0.247
1789243205,47495026,77.195,robot_1,-1.137,-0.295
1789243205,47534380,77.195,robot_2,0.270,1.502
1789243205,271868560,77.420,robot_0,-0.216,-0.247
1789243205,271964104,77.420,robot_1,-1.137,-0.295
1789243205,272011192,77.420,robot_2,0.271,1.502
1789243205,475199466,77.623,robot_0,-0.216,-0.247
1789243205,475282017,77.623,robot_1,-1.137,-0.296
1789243205,475323857,77.623,robot_2,0.271,1.502
1789243205,714298459,77.862,robot_0,-0.222,-0.244
1789243205,714374111,77.862,robot_1,-1.137,-0.296
1789243205,714409652,77.862,robot_2,0.271,1.503
1789243205,936657418,78.084,robot_0,-0.258,-0.218
1789243205,936729870,78.084,robot_1,-1.137,-0.297
1789243205,936772770,78.084,robot_2,0.271,1.503
1789243206,164988369,78.313,robot_0,-0.260,-0.217
1789243206,165067153,78.313,robot_1,-1.136,-0.297
1789243206,165110661,78.313,robot_2,0.271,1.504
1789243206,368336848,78.516,robot_0,-0.260,-0.217
1789243206,368408467,78.516,robot_1,-1.136,-0.297
1789243206,368441497,78.516,robot_2,0.270,1.504
1789243206,581719319,78.729,robot_0,-0.261,-0.217
1789243206,581797653,78.729,robot_1,-1.136,-0.298
1789243206,581846925,78.729,robot_2,0.270,1.504
1789243206,788594548,78.936,robot_0,-0.261,-0.218
1789243206,788680001,78.936,robot_1,-1.135,-0.298
1789243206,788721784,78.936,robot_2,0.270,1.505
1789243206,992495757,79.140,robot_0,-0.261,-0.218
1789243206,992569841,79.140,robot_1,-1.135,-0.298
1789243206,992609232,79.140,robot_2,0.269,1.505
1789243207,215179104,79.363,robot_0,-0.260,-0.218
1789243207,215247578,79.363,robot_1,-1.135,-0.298
1789243207,215283885,79.363,robot_2,0.270,1.506
1789243207,424553246,79.572,robot_0,-0.260,-0.219
1789243207,424629586,79.572,robot_1,-1.134,-0.298
1789243207,424675718,79.572,robot_2,0.285,1.531
1789243207,635647057,79.783,robot_0,-0.260,-0.219
1789243207,635727872,79.783,robot_1,-1.135,-0.287
1789243207,635776133,79.783,robot_2,0.297,1.551
1789243207,843476468,79.991,robot_0,-0.260,-0.220
1789243207,843556189,79.991,robot_1,-1.138,-0.238
1789243207,843600724,79.991,robot_2,0.279,1.521
1789243208,72692930,80.220,robot_0,-0.259,-0.220
1789243208,72765259,80.220,robot_1,-1.139,-0.223
1789243208,72803616,80.220,robot_2,0.281,1.524
1789243208,272817042,80.420,robot_0,-0.259,-0.220
1789243208,272893854,80.421,robot_1,-1.143,-0.166
1789243208,272941589,80.421,robot_2,0.300,1.557
1789243208,486253386,80.634,robot_0,-0.259,-0.220
1789243208,486340805,80.634,robot_1,-1.146,-0.119
1789243208,486383626,80.634,robot_2,0.302,1.560
1789243208,712277405,80.860,robot_0,-0.258,-0.220
1789243208,712362398,80.860,robot_1,-1.146,-0.107
1789243208,712413042,80.860,robot_2,0.325,1.593
1789243208,917841501,81.065,robot_0,-0.258,-0.220
1789243208,917935006,81.066,robot_1,-1.145,-0.111
1789243208,917983079,81.066,robot_2,0.329,1.599
1789243209,124305804,81.272,robot_0,-0.257,-0.220
1789243209,124378393,81.272,robot_1,-1.135,-0.138
1789243209,124414484,81.272,robot_2,0.328,1.599
1789243209,327556157,81.475,robot_0,-0.257,-0.220
1789243209,327635735,81.475,robot_1,-1.149,-0.108
1789243209,327684860,81.475,robot_2,0.301,1.555
1789243209,545506500,81.693,robot_0,-0.257,-0.220
1789243209,545576245,81.693,robot_1,-1.169,-0.062
1789243209,545612225,81.693,robot_2,0.277,1.514
1789243209,770967341,81.919,robot_0,-0.256,-0.220
1789243209,771042432,81.919,robot_1,-1.171,-0.059
1789243209,771081517,81.919,robot_2,0.276,1.512
1789243209,979885524,82.128,robot_0,-0.236,-0.242
1789243209,979976708,82.128,robot_1,-1.171,-0.059
1789243209,980019850,82.128,robot_2,0.275,1.512
1789243210,196407997,82.344,robot_0,-0.219,-0.261
1789243210,196480610,82.344,robot_1,-1.171,-0.059
1789243210,196518962,82.344,robot_2,0.275,1.512
1789243210,403795722,82.551,robot_0,-0.252,-0.224
1789243210,403868246,82.551,robot_1,-1.171,-0.059
1789243210,403915602,82.552,robot_2,0.274,1.512
1789243210,612371311,82.760,robot_0,-0.286,-0.186
1789243210,612447656,82.760,robot_1,-1.170,-0.059
1789243210,612492477,82.760,robot_2,0.274,1.512
1789243210,822250015,82.970,robot_0,-0.287,-0.185
1789243210,822323070,82.970,robot_1,-1.170,-0.059
1789243210,822361882,82.970,robot_2,0.273,1.512
1789243211,59538413,83.207,robot_0,-0.272,-0.202
1789243211,59619806,83.207,robot_1,-1.170,-0.059
1789243211,59666111,83.207,robot_2,0.273,1.512
1789243211,264758289,83.412,robot_0,-0.252,-0.224
1789243211,264840517,83.412,robot_1,-1.170,-0.058
1789243211,264881394,83.412,robot_2,0.273,1.512
1789243211,476965511,83.625,robot_0,-0.241,-0.238
1789243211,477040041,83.625,robot_1,-1.169,-0.058
1789243211,477078567,83.625,robot_2,0.272,1.511
1789243211,688047123,83.836,robot_0,-0.212,-0.274
1789243211,688113353,83.836,robot_1,-1.169,-0.057
1789243211,688149504,83.836,robot_2,0.272,1.511
1789243211,896883937,84.045,robot_0,-0.205,-0.283
1789243211,896967108,84.045,robot_1,-1.169,-0.057
1789243211,897008953,84.045,robot_2,0.272,1.510
1789243212,106179775,84.254,robot_0,-0.205,-0.283
1789243212,106248852,84.254,robot_1,-1.169,-0.056
1789243212,106286270,84.254,robot_2,0.272,1.510
1789243212,321682502,84.469,robot_0,-0.206,-0.283
1789243212,321756319,84.469,robot_1,-1.170,-0.056
1789243212,321796903,84.469,robot_2,0.272,1.509
1789243212,523832028,84.671,robot_0,-0.206,-0.283
1789243212,523906159,84.672,robot_1,-1.170,-0.056
1789243212,523957327,84.672,robot_2,0.272,1.509
1789243212,751146464,84.899,robot_0,-0.208,-0.268
1789243212,751219103,84.899,robot_1,-1.170,-0.056
1789243212,751256232,84.899,robot_2,0.272,1.509
1789243212,956849745,85.104,robot_0,-0.213,-0.214
1789243212,961995414,85.110,robot_1,-1.170,-0.055
1789243212,962092779,85.110,robot_2,0.273,1.508
1789243213,166381967,85.314,robot_0,-0.214,-0.207
1789243213,166462802,85.314,robot_1,-1.171,-0.055
1789243213,166507078,85.314,robot_2,0.273,1.508
1789243213,395537974,85.543,robot_0,-0.213,-0.207
1789243213,395611509,85.543,robot_1,-1.171,-0.055
1789243213,395651846,85.543,robot_2,0.269,1.502
1789243213,595671393,85.743,robot_0,-0.213,-0.207
1789243213,595751680,85.743,robot_1,-1.172,-0.055
1789243213,595789941,85.743,robot_2,0.244,1.466
1789243213,797858083,85.945,robot_0,-0.213,-0.207
1789243213,797938148,85.946,robot_1,-1.170,-0.040
1789243213,797973233,85.946,robot_2,0.233,1.451
1789243213,999049760,86.147,robot_0,-0.212,-0.207
1789243213,999120930,86.147,robot_1,-1.167,-0.007
1789243213,999159201,86.147,robot_2,0.233,1.451
1789243214,202853052,86.350,robot_0,-0.212,-0.206
1789243214,202932638,86.351,robot_1,-1.167,-0.003
1789243214,202975653,86.351,robot_2,0.223,1.427
1789243214,417791495,86.565,robot_0,-0.212,-0.206
1789243214,417869845,86.565,robot_1,-1.167,-0.003
1789243214,417918081,86.566,robot_2,0.214,1.406
1789243214,623834190,86.771,robot_0,-0.212,-0.206
1789243214,623909805,86.772,robot_1,-1.167,-0.003
1789243214,623978679,86.772,robot_2,0.229,1.446
1789243214,849525472,86.997,robot_0,-0.211,-0.205
1789243214,849591618,86.997,robot_1,-1.158,0.022
1789243214,849628952,86.997,robot_2,0.238,1.468
1789243215,53699348,87.201,robot_0,-0.211,-0.205
1789243215,53776917,87.201,robot_1,-1.148,0.045
1789243215,53821544,87.201,robot_2,0.239,1.471
1789243215,265000626,87.413,robot_0,-0.211,-0.204
1789243215,265065772,87.413,robot_1,-1.148,0.045
1789243215,265102033,87.413,robot_2,0.270,1.518
1789243215,469757958,87.617,robot_0,-0.212,-0.204
1789243215,469835713,87.617,robot_1,-1.148,0.045
1789243215,469883631,87.618,robot_2,0.310,1.574
1789243215,676126682,87.824,robot_0,-0.212,-0.204
1789243215,676202824,87.824,robot_1,-1.136,0.071
1789243215,676243085,87.824,robot_2,0.337,1.610
1789243215,880475300,88.028,robot_0,-0.212,-0.203
1789243215,880548154,88.028,robot_1,-1.120,0.108
1789243215,880586294,88.028,robot_2,0.341,1.616
1789243216,108238247,88.256,robot_0,-0.213,-0.203
1789243216,108314230,88.256,robot_1,-1.102,0.148
1789243216,108352048,88.256,robot_2,0.360,1.637
1789243216,319020560,88.467,robot_0,-0.213,-0.203
1789243216,319092558,88.467,robot_1,-1.101,0.149
1789243216,319129902,88.467,robot_2,0.333,1.609
1789243216,527302808,88.675,robot_0,-0.213,-0.203
1789243216,527377169,88.675,robot_1,-1.102,0.149
1789243216,527415008,88.675,robot_2,0.309,1.584
1789243216,737133732,88.885,robot_0,-0.214,-0.202
1789243216,737206620,88.885,robot_1,-1.102,0.149
1789243216,737250365,88.885,robot_2,0.282,1.556
1789243216,959117153,89.107,robot_0,-0.214,-0.202
1789243216,959187114,89.107,robot_1,-1.103,0.149
1789243216,959226333,89.107,robot_2,0.298,1.573
1789243217,196222443,89.344,robot_0,-0.214,-0.202
1789243217,196312429,89.344,robot_1,-1.103,0.149
1789243217,196393854,89.344,robot_2,0.325,1.603
1789243217,408949088,89.557,robot_0,-0.220,-0.239
1789243217,409028507,89.557,robot_1,-1.103,0.149
1789243217,409072311,89.557,robot_2,0.336,1.616
1789243217,622883495,89.771,robot_0,-0.230,-0.292
1789243217,622964812,89.771,robot_1,-1.104,0.148
1789243217,623001769,89.771,robot_2,0.357,1.642
1789243217,848930642,89.997,robot_0,-0.238,-0.335
1789243217,849008753,89.997,robot_1,-1.104,0.148
1789243217,849049956,89.997,robot_2,0.345,1.625
1789243218,67877386,90.216,robot_0,-0.246,-0.365
1789243218,67964616,90.216,robot_1,-1.104,0.147
1789243218,68004555,90.216,robot_2,0.361,1.649
1789243218,277066713,90.425,robot_0,-0.259,-0.408
1789243218,277137544,90.425,robot_1,-1.104,0.147
1789243218,277175509,90.425,robot_2,0.364,1.654
1789243218,482287099,90.630,robot_0,-0.262,-0.420
1789243218,482347623,90.630,robot_1,-1.104,0.147
1789243218,482374318,90.630,robot_2,0.365,1.654
1789243218,714993495,90.863,robot_0,-0.271,-0.469
1789243218,715067860,90.863,robot_1,-1.104,0.146
1789243218,715116214,90.863,robot_2,0.365,1.654
1789243218,921335168,91.069,robot_0,-0.278,-0.515
1789243218,921401323,91.069,robot_1,-1.104,0.146
1789243218,921439015,91.069,robot_2,0.365,1.654
1789243219,135260611,91.283,robot_0,-0.278,-0.515
1789243219,135334391,91.283,robot_1,-1.104,0.146
1789243219,135383043,91.283,robot_2,0.366,1.654
1789243219,348993842,91.497,robot_0,-0.278,-0.515
1789243219,349062563,91.497,robot_1,-1.104,0.145
1789243219,349099458,91.497,robot_2,0.366,1.654
1789243219,567518902,91.715,robot_0,-0.279,-0.515
1789243219,567584563,91.715,robot_1,-1.103,0.145
1789243219,567620926,91.715,robot_2,0.367,1.654
1789243219,776279238,91.924,robot_0,-0.279,-0.515
1789243219,776355472,91.924,robot_1,-1.103,0.145
1789243219,776403175,91.924,robot_2,0.367,1.654
1789243219,994534090,92.142,robot_0,-0.279,-0.515
1789243219,994601435,92.142,robot_1,-1.103,0.145
1789243219,994641004,92.142,robot_2,0.367,1.655
1789243220,211227733,92.359,robot_0,-0.280,-0.516
1789243220,211291378,92.359,robot_1,-1.102,0.145
1789243220,211328614,92.359,robot_2,0.368,1.655
1789243220,420740505,92.568,robot_0,-0.280,-0.516
1789243220,420835225,92.568,robot_1,-1.102,0.145
1789243220,420877914,92.568,robot_2,0.368,1.656
1789243220,633051581,92.781,robot_0,-0.280,-0.516
1789243220,633124263,92.781,robot_1,-1.101,0.145
1789243220,633164795,92.781,robot_2,0.368,1.656
1789243220,854385404,93.002,robot_0,-0.280,-0.517
1789243220,854493991,93.002,robot_1,-1.101,0.145
1789243220,854539080,93.002,robot_2,0.368,1.656
1789243221,59654683,93.207,robot_0,-0.280,-0.517
1789243221,59714882,93.207,robot_1,-1.101,0.145
1789243221,59751007,93.207,robot_2,0.368,1.657
1789243221,280431031,93.428,robot_0,-0.280,-0.518
1789243221,280500139,93.428,robot_1,-1.100,0.145
1789243221,280539594,93.428,robot_2,0.368,1.657
1789243221,514254263,93.662,robot_0,-0.280,-0.518
1789243221,514324683,93.662,robot_1,-1.100,0.146
1789243221,514364652,93.662,robot_2,0.367,1.658
1789243221,753991332,93.902,robot_0,-0.280,-0.519
1789243221,754068137,93.902,robot_1,-1.100,0.146
1789243221,754115507,93.902,robot_2,0.367,1.658
1789243221,965496852,94.113,robot_0,-0.280,-0.519
1789243221,965566368,94.113,robot_1,-1.100,0.146
1789243221,965612523,94.113,robot_2,0.374,1.669
1789243222,175502518,94.323,robot_0,-0.279,-0.520
1789243222,175573871,94.323,robot_1,-1.099,0.146
1789243222,175611217,94.323,robot_2,0.400,1.704
1789243222,390589227,94.538,robot_0,-0.279,-0.520
1789243222,390656346,94.538,robot_1,-1.070,0.142
1789243222,390700605,94.538,robot_2,0.421,1.731
1789243222,605610955,94.753,robot_0,-0.279,-0.520
1789243222,605681416,94.753,robot_1,-1.095,0.145
1789243222,605725912,94.753,robot_2,0.436,1.752
1789243222,837790140,94.985,robot_0,-0.278,-0.520
1789243222,837856927,94.985,robot_1,-1.149,0.151
1789243222,837893459,94.986,robot_2,0.436,1.751
1789243223,60264936,95.208,robot_0,-0.271,-0.469
1789243223,60334192,95.208,robot_1,-1.203,0.158
1789243223,60373333,95.208,robot_2,0.436,1.751
1789243223,278671717,95.426,robot_0,-0.267,-0.434
1789243223,278754995,95.426,robot_1,-1.204,0.157
1789243223,278798442,95.426,robot_2,0.436,1.750
1789243223,483777605,95.631,robot_0,-0.266,-0.431
1789243223,483843162,95.631,robot_1,-1.218,0.160
1789243223,483881082,95.631,robot_2,0.437,1.750
1789243223,691686144,95.839,robot_0,-0.251,-0.369
1789243223,691758558,95.839,robot_1,-1.284,0.176
1789243223,691802779,95.839,robot_2,0.437,1.749
1789243223,912062340,96.060,robot_0,-0.240,-0.324
1789243223,912132485,96.060,robot_1,-1.295,0.178
1789243223,912172125,96.060,robot_2,0.436,1.749
1789243224,116238932,96.264,robot_0,-0.234,-0.303
1789243224,116307946,96.264,robot_1,-1.299,0.179
1789243224,116344745,96.264,robot_2,0.436,1.748
1789243224,318197110,96.466,robot_0,-0.235,-0.303
1789243224,318272400,96.466,robot_1,-1.343,0.201
1789243224,318311709,96.466,robot_2,0.436,1.748
1789243224,540646572,96.688,robot_0,-0.228,-0.292
1789243224,540720045,96.688,robot_1,-1.368,0.216
1789243224,540750615,96.688,robot_2,0.435,1.747
1789243224,750005371,96.898,robot_0,-0.210,-0.267
1789243224,750074137,96.898,robot_1,-1.368,0.216
1789243224,750109424,96.898,robot_2,0.435,1.747
1789243224,962210384,97.110,robot_0,-0.232,-0.293
1789243224,962279095,97.110,robot_1,-1.368,0.216
1789243224,962311412,97.110,robot_2,0.435,1.747
1789243225,166192380,97.314,robot_0,-0.223,-0.281
1789243225,166260495,97.314,robot_1,-1.368,0.216
1789243225,166293891,97.314,robot_2,0.435,1.747
1789243225,387698256,97.535,robot_0,-0.190,-0.242
1789243225,387765204,97.535,robot_1,-1.368,0.217
1789243225,387796290,97.535,robot_2,0.435,1.747
1789243225,600882914,97.749,robot_0,-0.171,-0.217
1789243225,600963764,97.749,robot_1,-1.368,0.217
1789243225,601000710,97.749,robot_2,0.435,1.747
1789243225,807991880,97.956,robot_0,-0.170,-0.216
1789243225,808059779,97.956,robot_1,-1.368,0.218
1789243225,808093117,97.956,robot_2,0.435,1.747
1789243226,26649011,98.174,robot_0,-0.170,-0.216
1789243226,26718722,98.174,robot_1,-1.368,0.218
1789243226,26750708,98.174,robot_2,0.435,1.747
1789243226,237325898,98.385,robot_0,-0.170,-0.216
1789243226,237407364,98.385,robot_1,-1.369,0.218
1789243226,237449503,98.385,robot_2,0.435,1.747
1789243226,438759648,98.586,robot_0,-0.169,-0.216
1789243226,438834854,98.586,robot_1,-1.369,0.219
1789243226,438870135,98.586,robot_2,0.436,1.748
1789243226,648891868,98.797,robot_0,-0.169,-0.216
1789243226,648979059,98.797,robot_1,-1.369,0.219
1789243226,649018247,98.797,robot_2,0.436,1.748
1789243226,859674847,99.007,robot_0,-0.168,-0.216
1789243226,865553745,99.013,robot_1,-1.370,0.219
1789243226,865632850,99.013,robot_2,0.436,1.749
1789243227,68155463,99.216,robot_0,-0.168,-0.216
1789243227,68239188,99.216,robot_1,-1.370,0.219
1789243227,68280138,99.216,robot_2,0.436,1.749
1789243227,272780224,99.420,robot_0,-0.167,-0.216
1789243227,272846095,99.420,robot_1,-1.371,0.219
1789243227,272877306,99.420,robot_2,0.436,1.750
1789243227,486021101,99.634,robot_0,-0.167,-0.215
1789243227,486097058,99.634,robot_1,-1.371,0.219
1789243227,486129336,99.634,robot_2,0.436,1.750
1789243227,706313715,99.854,robot_0,-0.167,-0.215
1789243227,706379203,99.854,robot_1,-1.372,0.219
1789243227,706406862,99.854,robot_2,0.435,1.750
1789243227,907573008,100.055,robot_0,-0.167,-0.215
1789243227,907647228,100.055,robot_1,-1.372,0.218
1789243227,907680317,100.055,robot_2,0.435,1.751
1789243228,119353136,100.267,robot_0,-0.166,-0.214
1789243228,119417271,100.267,robot_1,-1.372,0.218
1789243228,119451945,100.267,robot_2,0.435,1.751
1789243228,323218055,100.471,robot_0,-0.166,-0.214
1789243228,323294140,100.471,robot_1,-1.372,0.218
1789243228,323329829,100.471,robot_2,0.434,1.751
1789243228,538452626,100.686,robot_0,-0.166,-0.213
1789243228,538530059,100.686,robot_1,-1.372,0.218
1789243228,538569955,100.686,robot_2,0.434,1.751
1789243228,744024972,100.892,robot_0,-0.166,-0.213
1789243228,744093455,100.892,robot_1,-1.367,0.215
1789243228,744124765,100.892,robot_2,0.434,1.751
1789243228,944605087,101.092,robot_0,-0.167,-0.213
1789243228,944685349,101.092,robot_1,-1.315,0.195
1789243228,944732410,101.092,robot_2,0.433,1.751
1789243229,159556697,101.307,robot_0,-0.167,-0.212
1789243229,159642888,101.307,robot_1,-1.296,0.189
1789243229,159684269,101.307,robot_2,0.433,1.751
1789243229,378368156,101.526,robot_0,-0.167,-0.212
1789243229,378439478,101.526,robot_1,-1.296,0.189
1789243229,378481035,101.526,robot_2,0.433,1.751
1789243229,588960751,101.737,robot_0,-0.167,-0.211
1789243229,589039069,101.737,robot_1,-1.319,0.201
1789243229,589088547,101.737,robot_2,0.439,1.706
1789243229,790816433,101.938,robot_0,-0.167,-0.211
1789243229,790890147,101.939,robot_1,-1.352,0.219
1789243229,790937450,101.939,robot_2,0.446,1.651
1789243230,7143591,102.155,robot_0,-0.167,-0.211
1789243230,7212607,102.155,robot_1,-1.384,0.237
1789243230,7244948,102.155,robot_2,0.446,1.650
1789243230,219355218,102.367,robot_0,-0.168,-0.211
1789243230,219426046,102.367,robot_1,-1.396,0.244
1789243230,219457961,102.367,robot_2,0.440,1.682
1789243230,420664267,102.568,robot_0,-0.157,-0.190
1789243230,420738259,102.568,robot_1,-1.354,0.220
1789243230,420776210,102.568,robot_2,0.440,1.683
1789243230,627637214,102.775,robot_0,-0.147,-0.166
1789243230,627702148,102.775,robot_1,-1.346,0.216
1789243230,627736953,102.775,robot_2,0.433,1.701
1789243230,835010471,102.983,robot_0,-0.147,-0.166
1789243230,835091876,102.983,robot_1,-1.365,0.229
1789243230,835132313,102.983,robot_2,0.419,1.734
1789243231,40591440,103.188,robot_0,-0.149,-0.179
1789243231,40657900,103.188,robot_1,-1.384,0.242
1789243231,40686981,103.188,robot_2,0.422,1.726
1789243231,245975387,103.394,robot_0,-0.157,-0.233
1789243231,246047861,103.394,robot_1,-1.384,0.242
1789243231,246079803,103.394,robot_2,0.442,1.674
1789243231,471049487,103.619,robot_0,-0.158,-0.240
1789243231,471123322,103.619,robot_1,-1.384,0.242
1789243231,471158749,103.619,robot_2,0.460,1.628
1789243231,682644573,103.830,robot_0,-0.158,-0.240
1789243231,682715613,103.830,robot_1,-1.384,0.242
1789243231,682752301,103.830,robot_2,0.472,1.598
1789243231,891512160,104.039,robot_0,-0.155,-0.275
1789243231,891584961,104.039,robot_1,-1.384,0.242
1789243231,891618608,104.039,robot_2,0.458,1.627
1789243232,98946528,104.247,robot_0,-0.148,-0.322
1789243232,99021767,104.247,robot_1,-1.384,0.242
1789243232,99060352,104.247,robot_2,0.444,1.657
1789243232,307173407,104.455,robot_0,-0.136,-0.381
1789243232,307240616,104.455,robot_1,-1.384,0.241
1789243232,307276955,104.455,robot_2,0.458,1.628
1789243232,532571486,104.680,robot_0,-0.127,-0.427
1789243232,532640808,104.680,robot_1,-1.384,0.241
1789243232,532674626,104.680,robot_2,0.465,1.612
1789243232,759888112,104.908,robot_0,-0.127,-0.427
1789243232,759974322,104.908,robot_1,-1.384,0.240
1789243232,760012468,104.908,robot_2,0.491,1.572
1789243232,961472394,105.109,robot_0,-0.128,-0.427
1789243232,961556214,105.109,robot_1,-1.384,0.240
1789243232,961587440,105.109,robot_2,0.519,1.530
1789243233,173591033,105.321,robot_0,-0.128,-0.428
1789243233,173665154,105.321,robot_1,-1.383,0.239
1789243233,173708445,105.321,robot_2,0.510,1.546
1789243233,417392819,105.565,robot_0,-0.128,-0.428
1789243233,417500474,105.565,robot_1,-1.383,0.239
1789243233,417535051,105.565,robot_2,0.500,1.562
1789243233,622787259,105.770,robot_0,-0.129,-0.428
1789243233,622855368,105.770,robot_1,-1.383,0.239
1789243233,622892910,105.771,robot_2,0.496,1.567
1789243233,850060278,105.998,robot_0,-0.129,-0.429
1789243233,850132064,105.998,robot_1,-1.382,0.239
1789243233,850164935,105.998,robot_2,0.468,1.607
1789243234,82438968,106.230,robot_0,-0.129,-0.429
1789243234,82507565,106.230,robot_1,-1.382,0.239
1789243234,82536355,106.230,robot_2,0.445,1.640
1789243234,287091202,106.435,robot_0,-0.129,-0.430
1789243234,287161277,106.435,robot_1,-1.382,0.239
1789243234,287193610,106.435,robot_2,0.424,1.670
1789243234,488455862,106.640,robot_0,-0.129,-0.430
1789243234,492063626,106.640,robot_1,-1.381,0.239
1789243234,492118201,106.640,robot_2,0.424,1.671
1789243234,703771790,106.851,robot_0,-0.129,-0.431
1789243234,703836233,106.851,robot_1,-1.381,0.239
1789243234,703870195,106.851,robot_2,0.423,1.670
1789243234,909725234,107.057,robot_0,-0.128,-0.431
1789243234,909785617,107.057,robot_1,-1.380,0.239
1789243234,909817517,107.057,robot_2,0.423,1.670
1789243235,110783343,107.258,robot_0,-0.128,-0.431
1789243235,110854381,107.258,robot_1,-1.379,0.238
1789243235,110896676,107.259,robot_2,0.423,1.670
1789243235,316435279,107.464,robot_0,-0.128,-0.432
1789243235,316499607,107.464,robot_1,-1.365,0.217
1789243235,316531239,107.464,robot_2,0.423,1.669
1789243235,519760211,107.667,robot_0,-0.127,-0.432
1789243235,519828543,107.667,robot_1,-1.364,0.216
1789243235,519863262,107.667,robot_2,0.423,1.669
1789243235,724060285,107.872,robot_0,-0.127,-0.432
1789243235,724127924,107.872,robot_1,-1.374,0.227
1789243235,724163077,107.872,robot_2,0.423,1.668
1789243235,928333458,108.076,robot_0,-0.127,-0.432
1789243235,928403268,108.076,robot_1,-1.404,0.262
1789243235,928437500,108.076,robot_2,0.423,1.668
1789243236,128427914,108.276,robot_0,-0.126,-0.432
1789243236,128495607,108.276,robot_1,-1.451,0.315
1789243236,128534978,108.276,robot_2,0.424,1.667
1789243236,330023910,108.478,robot_0,-0.126,-0.432
1789243236,330101865,108.478,robot_1,-1.453,0.317
1789243236,330139272,108.478,robot_2,0.424,1.667
1789243236,536650516,108.684,robot_0,-0.126,-0.432
1789243236,536725696,108.684,robot_1,-1.453,0.317
1789243236,536767366,108.684,robot_2,0.403,1.635
1789243236,749806216,108.897,robot_0,-0.126,-0.431
1789243236,749878543,108.898,robot_1,-1.453,0.317
1789243236,749913731,108.898,robot_2,0.380,1.602
1789243236,956914841,109.105,robot_0,-0.110,-0.374
1789243236,956983704,109.105,robot_1,-1.460,0.331
1789243236,957015479,109.105,robot_2,0.364,1.577
1789243237,165834628,109.313,robot_0,-0.092,-0.320
1789243237,165910693,109.314,robot_1,-1.479,0.384
1789243237,165946523,109.314,robot_2,0.364,1.577
1789243237,366808064,109.514,robot_0,-0.083,-0.293
1789243237,366877278,109.514,robot_1,-1.482,0.393
1789243237,366912852,109.520,robot_2,0.365,1.577
1789243237,581071366,109.729,robot_0,-0.076,-0.265
1789243237,581141201,109.729,robot_1,-1.472,0.364
1789243237,581171425,109.729,robot_2,0.365,1.577
1789243237,790035575,109.938,robot_0,-0.070,-0.236
1789243237,790125548,109.938,robot_1,-1.472,0.364
1789243237,790162961,109.938,robot_2,0.366,1.577
1789243237,985570084,110.133,robot_0,-0.073,-0.252
1789243237,985643235,110.133,robot_1,-1.471,0.364
1789243237,985674603,110.133,robot_2,0.366,1.577
1789243238,224276854,110.372,robot_0,-0.073,-0.253
1789243238,224351889,110.372,robot_1,-1.471,0.364
1789243238,224382658,110.372,robot_2,0.367,1.577
1789243238,436871840,110.585,robot_0,-0.084,-0.283
1789243238,436950870,110.585,robot_1,-1.471,0.365
1789243238,436982468,110.585,robot_2,0.367,1.578
1789243238,667991115,110.816,robot_0,-0.086,-0.291
1789243238,668064880,110.816,robot_1,-1.471,0.365
1789243238,668093767,110.816,robot_2,0.367,1.578
1789243238,877021005,111.025,robot_0,-0.094,-0.330
1789243238,877095694,111.025,robot_1,-1.470,0.366
1789243238,877132474,111.025,robot_2,0.368,1.578
1789243239,83219535,111.231,robot_0,-0.102,-0.373
1789243239,83285455,111.231,robot_1,-1.470,0.366
1789243239,83315204,111.231,robot_2,0.368,1.579
1789243239,299550155,111.447,robot_0,-0.105,-0.388
1789243239,299621179,111.447,robot_1,-1.471,0.367
1789243239,299652783,111.447,robot_2,0.368,1.579
1789243239,509787233,111.657,robot_0,-0.105,-0.388
1789243239,509864074,111.657,robot_1,-1.471,0.367
1789243239,509893164,111.658,robot_2,0.368,1.580
1789243239,733450196,111.881,robot_0,-0.101,-0.348
1789243239,733522892,111.881,robot_1,-1.471,0.367
1789243239,733556674,111.881,robot_2,0.368,1.580
1789243239,947515710,112.095,robot_0,-0.100,-0.337
1789243239,947604041,112.095,robot_1,-1.471,0.368
1789243239,947635952,112.095,robot_2,0.368,1.581
1789243240,164259827,112.312,robot_0,-0.099,-0.337
1789243240,164328954,112.312,robot_1,-1.472,0.368
1789243240,164359258,112.312,robot_2,0.367,1.581
1789243240,369187945,112.517,robot_0,-0.099,-0.335
1789243240,369290866,112.517,robot_1,-1.472,0.368
1789243240,369332003,112.517,robot_2,0.367,1.581
1789243240,588503745,112.736,robot_0,-0.119,-0.287
1789243240,588575168,112.736,robot_1,-1.472,0.368
1789243240,588611160,112.736,robot_2,0.367,1.582
1789243240,801806420,112.949,robot_0,-0.127,-0.270
1789243240,801874264,112.949,robot_1,-1.473,0.368
1789243240,801908274,112.950,robot_2,0.370,1.586
1789243241,9351299,113.157,robot_0,-0.113,-0.298
1789243241,9439301,113.157,robot_1,-1.473,0.368
1789243241,9473583,113.157,robot_2,0.387,1.611
1789243241,219109126,113.367,robot_0,-0.092,-0.339
1789243241,219185358,113.367,robot_1,-1.473,0.368
1789243241,219212494,113.367,robot_2,0.412,1.648
1789243241,434561415,113.582,robot_0,-0.088,-0.347
1789243241,434636182,113.582,robot_1,-1.474,0.368
1789243241,434673269,113.582,robot_2,0.424,1.666
1789243241,655300216,113.803,robot_0,-0.088,-0.347
1789243241,655379898,113.803,robot_1,-1.473,0.368
1789243241,655417395,113.803,robot_2,0.402,1.637
1789243241,875684960,114.023,robot_0,-0.089,-0.347
1789243241,875761651,114.023,robot_1,-1.473,0.369
1789243241,875792026,114.023,robot_2,0.385,1.617
1789243242,77618964,114.225,robot_0,-0.089,-0.347
1789243242,77694586,114.225,robot_1,-1.475,0.399
1789243242,77730670,114.225,robot_2,0.401,1.633
1789243242,311554148,114.459,robot_0,-0.090,-0.347
1789243242,311638189,114.459,robot_1,-1.476,0.428
1789243242,311677604,114.459,robot_2,0.436,1.669
1789243242,513542535,114.661,robot_0,-0.091,-0.347
1789243242,513614818,114.661,robot_1,-1.477,0.428
1789243242,513647060,114.661,robot_2,0.450,1.683
1789243242,714977140,114.863,robot_0,-0.091,-0.347
1789243242,715051314,114.863,robot_1,-1.477,0.430
1789243242,715084515,114.863,robot_2,0.416,1.648
1789243242,919211164,115.067,robot_0,-0.091,-0.346
1789243242,919281290,115.067,robot_1,-1.487,0.468
1789243242,919314373,115.067,robot_2,0.372,1.603
1789243243,125608613,115.273,robot_0,-0.092,-0.346
1789243243,125707546,115.273,robot_1,-1.489,0.479
1789243243,125741158,115.273,robot_2,0.348,1.579
1789243243,342371889,115.490,robot_0,-0.092,-0.345
1789243243,345803612,115.493,robot_1,-1.489,0.475
1789243243,346866851,115.495,robot_2,0.335,1.564
1789243243,548451300,115.696,robot_0,-0.092,-0.345
1789243243,548527642,115.696,robot_1,-1.485,0.421
1789243243,548564111,115.696,robot_2,0.308,1.533
1789243243,761579564,115.909,robot_0,-0.092,-0.345
1789243243,761668240,115.909,robot_1,-1.484,0.417
1789243243,761706602,115.909,robot_2,0.308,1.533
1789243243,979717859,116.127,robot_0,-0.092,-0.345
1789243243,979789868,116.127,robot_1,-1.485,0.417
1789243243,979817977,116.127,robot_2,0.308,1.533
1789243244,183420739,116.331,robot_0,-0.092,-0.345
1789243244,183497123,116.331,robot_1,-1.485,0.417
1789243244,183531881,116.331,robot_2,0.308,1.533
1789243244,393708092,116.541,robot_0,-0.091,-0.346
1789243244,393785580,116.541,robot_1,-1.485,0.417
1789243244,393821292,116.541,robot_2,0.307,1.534
1789243244,594524404,116.742,robot_0,-0.091,-0.346
1789243244,594597392,116.742,robot_1,-1.486,0.417
1789243244,594629845,116.742,robot_2,0.307,1.534
1789243244,801632537,116.949,robot_0,-0.091,-0.346
1789243244,803802996,116.951,robot_1,-1.486,0.417
1789243244,803895907,116.952,robot_2,0.306,1.533
1789243245,9463859,117.157,robot_0,-0.090,-0.347
1789243245,9542101,117.157,robot_1,-1.486,0.416
1789243245,9573078,117.157,robot_2,0.306,1.533
1789243245,223737815,117.371,robot_0,-0.090,-0.347
1789243245,223816224,117.371,robot_1,-1.486,0.416
1789243245,223854061,117.371,robot_2,0.305,1.533
1789243245,436351304,117.584,robot_0,-0.089,-0.347
1789243245,436419836,117.587,robot_1,-1.486,0.415
1789243245,439356329,117.587,robot_2,0.305,1.533
1789243245,641549844,117.789,robot_0,-0.089,-0.347
1789243245,641621732,117.789,robot_1,-1.486,0.415
1789243245,641651682,117.789,robot_2,0.305,1.532
1789243245,855238348,118.003,robot_0,-0.088,-0.346
1789243245,855318739,118.003,robot_1,-1.486,0.414
1789243245,855357038,118.003,robot_2,0.305,1.532
1789243246,97739500,118.245,robot_0,-0.088,-0.346
1789243246,97808429,118.245,robot_1,-1.486,0.414
1789243246,97835677,118.245,robot_2,0.305,1.531
1789243246,303683309,118.451,robot_0,-0.088,-0.346
1789243246,303755411,118.451,robot_1,-1.486,0.414
1789243246,303784879,118.451,robot_2,0.305,1.531
1789243246,512329887,118.660,robot_0,-0.087,-0.346
1789243246,512397792,118.660,robot_1,-1.486,0.413
1789243246,512428943,118.660,robot_2,0.305,1.531
1789243246,720020438,118.868,robot_0,-0.087,-0.345
1789243246,720096106,118.868,robot_1,-1.485,0.413
1789243246,720127479,118.868,robot_2,0.305,1.530
1789243246,932404775,119.080,robot_0,-0.087,-0.345
1789243246,932481547,119.080,robot_1,-1.485,0.413
1789243246,932517650,119.080,robot_2,0.305,1.530
1789243247,138962153,119.287,robot_0,-0.087,-0.344
1789243247,139042819,119.287,robot_1,-1.484,0.413
1789243247,139079228,119.287,robot_2,0.305,1.529
1789243247,352515969,119.500,robot_0,-0.123,-0.341
1789243247,352592583,119.500,robot_1,-1.482,0.425
1789243247,352626693,119.500,robot_2,0.305,1.529
1789243247,563509758,119.711,robot_0,-0.184,-0.333
1789243247,563586170,119.711,robot_1,-1.475,0.471
1789243247,563613737,119.711,robot_2,0.306,1.529
1789243247,772712679,119.920,robot_0,-0.229,-0.326
1789243247,772785898,119.920,robot_1,-1.468,0.497
1789243247,772816412,119.920,robot_2,0.306,1.529
1789243247,985827577,120.133,robot_0,-0.280,-0.319
1789243247,985897107,120.134,robot_1,-1.448,0.560
1789243247,985935115,120.134,robot_2,0.306,1.529
1789243248,202859238,120.350,robot_0,-0.328,-0.312
1789243248,207212497,120.355,robot_1,-1.432,0.609
1789243248,207290943,120.355,robot_2,0.306,1.529
1789243248,424622802,120.572,robot_0,-0.381,-0.305
1789243248,424682938,120.572,robot_1,-1.421,0.642
1789243248,424734066,120.572,robot_2,0.307,1.530
1789243248,661163152,120.809,robot_0,-0.427,-0.299
1789243248,661223687,120.809,robot_1,-1.421,0.642
1789243248,661258244,120.809,robot_2,0.330,1.565
1789243248,894678023,121.042,robot_0,-0.427,-0.298
1789243248,894736753,121.042,robot_1,-1.397,0.679
1789243248,894768951,121.042,robot_2,0.330,1.565
1789243249,99459433,121.247,robot_0,-0.462,-0.297
1789243249,99530034,121.247,robot_1,-1.374,0.708
1789243249,99569931,121.247,robot_2,0.335,1.576
1789243249,313668762,121.461,robot_0,-0.513,-0.296
1789243249,313732982,121.461,robot_1,-1.392,0.685
1789243249,313766027,121.461,robot_2,0.348,1.607
1789243249,523721848,121.671,robot_0,-0.576,-0.295
1789243249,523780847,121.671,robot_1,-1.394,0.683
1789243249,523812743,121.671,robot_2,0.354,1.622
1789243249,755952382,121.904,robot_0,-0.593,-0.294
1789243249,756011923,121.904,robot_1,-1.375,0.711
1789243249,756045148,121.904,robot_2,0.354,1.622
1789243249,973755685,122.121,robot_0,-0.593,-0.294
1789243249,973825663,122.121,robot_1,-1.350,0.750
1789243249,973872236,122.121,robot_2,0.355,1.622
1789243250,202991949,122.351,robot_0,-0.593,-0.293
1789243250,203067088,122.351,robot_1,-1.336,0.771
1789243250,203109614,122.351,robot_2,0.355,1.622
1789243250,417546533,122.565,robot_0,-0.593,-0.293
1789243250,417614061,122.565,robot_1,-1.346,0.759
1789243250,417650813,122.565,robot_2,0.356,1.622
1789243250,624489763,122.772,robot_0,-0.593,-0.293
1789243250,624552874,122.772,robot_1,-1.371,0.732
1789243250,624584452,122.772,robot_2,0.356,1.622
1789243250,840279744,122.988,robot_0,-0.594,-0.292
1789243250,840339688,122.988,robot_1,-1.341,0.764
1789243250,840380469,122.988,robot_2,0.356,1.622
1789243251,48146087,123.196,robot_0,-0.594,-0.292
1789243251,48439499,123.196,robot_1,-1.350,0.755
1789243251,48488461,123.196,robot_2,0.357,1.623
1789243251,254510730,123.402,robot_0,-0.594,-0.292
1789243251,254586913,123.402,robot_1,-1.358,0.746
1789243251,254626947,123.402,robot_2,0.357,1.623
1789243251,461310418,123.609,robot_0,-0.595,-0.292
1789243251,461372024,123.609,robot_1,-1.345,0.762
1789243251,461407752,123.609,robot_2,0.357,1.623
1789243251,673538517,123.821,robot_0,-0.595,-0.292
1789243251,673632221,123.821,robot_1,-1.330,0.782
1789243251,673672784,123.821,robot_2,0.357,1.624
1789243251,894907848,124.043,robot_0,-0.596,-0.292
1789243251,894979221,124.043,robot_1,-1.354,0.750
1789243251,895009901,124.043,robot_2,0.357,1.624
1789243252,105883483,124.254,robot_0,-0.596,-0.292
1789243252,105954357,124.254,robot_1,-1.338,0.771
1789243252,105994514,124.254,robot_2,0.357,1.625
1789243252,320885866,124.469,robot_0,-0.597,-0.292
1789243252,320956685,124.469,robot_1,-1.326,0.786
1789243252,320996862,124.469,robot_2,0.357,1.625
1789243252,532210930,124.680,robot_0,-0.597,-0.293
1789243252,532278581,124.680,robot_1,-1.326,0.786
1789243252,532319236,124.680,robot_2,0.357,1.626
1789243252,748275917,124.896,robot_0,-0.597,-0.293
1789243252,748341695,124.896,robot_1,-1.325,0.786
1789243252,748381188,124.896,robot_2,0.356,1.626
1789243252,955518037,125.103,robot_0,-0.597,-0.294
1789243252,955580126,125.103,robot_1,-1.325,0.786
1789243252,955611460,125.103,robot_2,0.356,1.626
1789243253,173737153,125.321,robot_0,-0.597,-0.294
1789243253,173806247,125.321,robot_1,-1.325,0.786
1789243253,173844981,125.321,robot_2,0.355,1.626
1789243253,380045708,125.528,robot_0,-0.597,-0.295
1789243253,380121982,125.528,robot_1,-1.324,0.786
1789243253,380172347,125.528,robot_2,0.355,1.626
1789243253,582536792,125.730,robot_0,-0.597,-0.295
1789243253,582612466,125.730,robot_1,-1.324,0.786
1789243253,582650630,125.730,robot_2,0.355,1.626
1789243253,796591522,125.944,robot_0,-0.597,-0.295
1789243253,796651744,125.944,robot_1,-1.323,0.786
1789243253,796690674,125.944,robot_2,0.361,1.660
1789243254,18089428,126.166,robot_0,-0.602,-0.298
1789243254,18152415,126.166,robot_1,-1.323,0.786
1789243254,18194491,126.166,robot_2,0.364,1.687
1789243254,231302548,126.379,robot_0,-0.643,-0.320
1789243254,231375921,126.379,robot_1,-1.323,0.787
1789243254,231418395,126.379,robot_2,0.364,1.686
1789243254,432749848,126.580,robot_0,-0.647,-0.323
1789243254,432824266,126.580,robot_1,-1.322,0.787
1789243254,432869179,126.580,robot_2,0.355,1.651
1789243254,642879745,126.791,robot_0,-0.647,-0.323
1789243254,642957770,126.791,robot_1,-1.322,0.787
1789243254,642995935,126.797,robot_2,0.350,1.629
1789243254,872134430,127.020,robot_0,-0.650,-0.325
1789243254,872198624,127.020,robot_1,-1.322,0.788
1789243254,872234823,127.020,robot_2,0.356,1.669
1789243255,77545555,127.225,robot_0,-0.677,-0.348
1789243255,77612422,127.225,robot_1,-1.322,0.788
1789243255,77647084,127.225,robot_2,0.363,1.710
1789243255,295087927,127.443,robot_0,-0.677,-0.348
1789243255,295161014,127.443,robot_1,-1.322,0.789
1789243255,295203179,127.443,robot_2,0.368,1.743
1789243255,514831830,127.662,robot_0,-0.669,-0.339
1789243255,514903687,127.663,robot_1,-1.322,0.789
1789243255,514950271,127.663,robot_2,0.368,1.743
1789243255,735155642,127.883,robot_0,-0.652,-0.318
1789243255,735226178,127.883,robot_1,-1.323,0.790
1789243255,735264879,127.883,robot_2,0.368,1.762
1789243255,937510149,128.085,robot_0,-0.658,-0.327
1789243255,937582382,128.085,robot_1,-1.323,0.790
1789243255,937622260,128.085,robot_2,0.368,1.798
1789243256,165236804,128.313,robot_0,-0.667,-0.341
1789243256,165311808,128.313,robot_1,-1.319,0.795
1789243256,165352267,128.313,robot_2,0.368,1.807
1789243256,365859486,128.513,robot_0,-0.637,-0.294
1789243256,365938330,128.514,robot_1,-1.289,0.828
1789243256,365979371,128.514,robot_2,0.365,1.836
1789243256,576512438,128.724,robot_0,-0.633,-0.286
1789243256,576580608,128.724,robot_1,-1.279,0.840
1789243256,576616667,128.724,robot_2,0.368,1.806
1789243256,785699532,128.933,robot_0,-0.605,-0.233
1789243256,785770617,128.933,robot_1,-1.264,0.858
1789243256,785825919,128.933,robot_2,0.367,1.823
1789243257,4492815,129.152,robot_0,-0.596,-0.214
1789243257,4563689,129.152,robot_1,-1.250,0.872
1789243257,4602512,129.152,robot_2,0.365,1.844
1789243257,217513301,129.365,robot_0,-0.607,-0.236
1789243257,217586574,129.365,robot_1,-1.236,0.885
1789243257,217624265,129.365,robot_2,0.365,1.844
1789243257,450148353,129.598,robot_0,-0.597,-0.215
1789243257,450224814,129.598,robot_1,-1.215,0.902
1789243257,450274509,129.598,robot_2,0.364,1.844
1789243257,680234082,129.828,robot_0,-0.596,-0.215
1789243257,680280758,129.828,robot_1,-1.190,0.921
1789243257,680307108,129.828,robot_2,0.364,1.844
1789243257,916324874,130.064,robot_0,-0.596,-0.215
1789243257,916385796,130.064,robot_1,-1.190,0.921
1789243257,916425346,130.064,robot_2,0.363,1.844
1789243258,128283879,130.276,robot_0,-0.595,-0.215
1789243258,128356591,130.276,robot_1,-1.189,0.923
1789243258,128397621,130.276,robot_2,0.363,1.843
1789243258,349289618,130.497,robot_0,-0.595,-0.215
1789243258,349370913,130.497,robot_1,-1.156,0.966
1789243258,349414032,130.497,robot_2,0.363,1.843
1789243258,547832891,130.695,robot_0,-0.594,-0.215
1789243258,547907449,130.696,robot_1,-1.129,1.003
1789243258,547959182,130.696,robot_2,0.363,1.842
1789243258,750646929,130.898,robot_0,-0.594,-0.215
1789243258,750713166,130.898,robot_1,-1.109,1.029
1789243258,750748488,130.898,robot_2,0.363,1.842
1789243258,995208621,131.143,robot_0,-0.594,-0.214
1789243258,995282800,131.143,robot_1,-1.109,1.029
1789243258,995320333,131.143,robot_2,0.363,1.841
1789243259,195398049,131.343,robot_0,-0.593,-0.214
1789243259,195459662,131.343,robot_1,-1.109,1.029
1789243259,195495462,131.343,robot_2,0.363,1.841
1789243259,410937611,131.559,robot_0,-0.593,-0.213
1789243259,411004222,131.559,robot_1,-1.109,1.028
1789243259,411037229,131.559,robot_2,0.363,1.840
1789243259,616163378,131.764,robot_0,-0.593,-0.213
1789243259,616243243,131.764,robot_1,-1.109,1.028
1789243259,616289070,131.764,robot_2,0.364,1.840
1789243259,822266962,131.970,robot_0,-0.593,-0.212
1789243259,822333928,131.970,robot_1,-1.108,1.027
1789243259,822371242,131.970,robot_2,0.364,1.840
1789243260,40990569,132.189,robot_0,-0.593,-0.212
1789243260,41061642,132.189,robot_1,-1.109,1.027
1789243260,41099436,132.189,robot_2,0.364,1.840
1789243260,265580232,132.413,robot_0,-0.593,-0.212
1789243260,265656961,132.413,robot_1,-1.109,1.026
1789243260,265708514,132.413,robot_2,0.365,1.840
1789243260,499791736,132.647,robot_0,-0.594,-0.211
1789243260,499865095,132.647,robot_1,-1.109,1.026
1789243260,499904504,132.648,robot_2,0.365,1.839
1789243260,712881207,132.861,robot_0,-0.594,-0.211
1789243260,712957975,132.861,robot_1,-1.110,1.025
1789243260,713006470,132.861,robot_2,0.366,1.840
1789243260,938772152,133.086,robot_0,-0.594,-0.211
1789243260,938840356,133.086,robot_1,-1.110,1.025
1789243260,938883374,133.087,robot_2,0.366,1.840
1789243261,158226641,133.306,robot_0,-0.585,-0.196
1789243261,158294482,133.306,robot_1,-1.108,1.017
1789243261,158327749,133.306,robot_2,0.374,1.814
1789243261,360387467,133.508,robot_0,-0.577,-0.184
1789243261,360448655,133.508,robot_1,-1.097,0.983
1789243261,360486805,133.508,robot_2,0.381,1.792
1789243261,570412245,133.718,robot_0,-0.567,-0.166
1789243261,570477579,133.718,robot_1,-1.094,0.974
1789243261,570517926,133.718,robot_2,0.372,1.827
1789243261,784222694,133.932,robot_0,-0.562,-0.156
1789243261,784291798,133.932,robot_1,-1.101,1.007
1789243261,784338988,133.932,robot_2,0.366,1.861
1789243261,985184672,134.133,robot_0,-0.586,-0.202
1789243261,985256921,134.133,robot_1,-1.109,1.049
1789243261,985300221,134.133,robot_2,0.365,1.870
1789243262,194609935,134.342,robot_0,-0.587,-0.204
1789243262,194676168,134.342,robot_1,-1.103,1.015
1789243262,194709552,134.342,robot_2,0.365,1.870
1789243262,405424850,134.553,robot_0,-0.578,-0.187
1789243262,405493168,134.553,robot_1,-1.097,0.986
1789243262,405534867,134.553,robot_2,0.365,1.870
1789243262,618902237,134.767,robot_0,-0.566,-0.160
1789243262,618981832,134.767,robot_1,-1.090,0.948
1789243262,619023533,134.767,robot_2,0.365,1.872
1789243262,844762439,134.992,robot_0,-0.566,-0.160
1789243262,844829935,134.992,robot_1,-1.090,0.947
1789243262,844871753,134.992,robot_2,0.352,1.916
1789243263,61760675,135.209,robot_0,-0.565,-0.161
1789243263,61825112,135.209,robot_1,-1.090,0.947
1789243263,61861932,135.209,robot_2,0.344,1.941
1789243263,264090902,135.412,robot_0,-0.575,-0.173
1789243263,264155400,135.412,robot_1,-1.086,0.919
1789243263,264203104,135.412,robot_2,0.353,1.916
1789243263,488180409,135.636,robot_0,-0.591,-0.193
1789243263,488250418,135.636,robot_1,-1.081,0.879
1789243263,488299135,135.636,robot_2,0.354,1.916
1789243263,691119015,135.839,robot_0,-0.561,-0.158
1789243263,691183629,135.839,robot_1,-1.074,0.834
1789243263,691222111,135.839,robot_2,0.354,1.916
1789243263,894355951,136.042,robot_0,-0.540,-0.133
1789243263,894426359,136.042,robot_1,-1.074,0.832
1789243263,894474541,136.042,robot_2,0.354,1.916
1789243264,106685928,136.254,robot_0,-0.509,-0.097
1789243264,106757446,136.254,robot_1,-1.074,0.833
1789243264,106799093,136.254,robot_2,0.354,1.917
1789243264,321954327,136.470,robot_0,-0.491,-0.074
1789243264,322016433,136.470,robot_1,-1.074,0.833
1789243264,322059483,136.470,robot_2,0.355,1.917
1789243264,549561328,136.697,robot_0,-0.491,-0.074
1789243264,549638502,136.697,robot_1,-1.073,0.833
1789243264,549676344,136.697,robot_2,0.355,1.917
1789243264,759699062,136.907,robot_0,-0.491,-0.074
1789243264,759766030,136.907,robot_1,-1.073,0.833
1789243264,759807427,136.907,robot_2,0.355,1.918
1789243264,967812078,137.115,robot_0,-0.492,-0.074
1789243264,967882325,137.116,robot_1,-1.073,0.834
1789243264,967930145,137.116,robot_2,0.355,1.918
1789243265,175355573,137.323,robot_0,-0.492,-0.074
1789243265,175417841,137.323,robot_1,-1.073,0.834
1789243265,175462833,137.323,robot_2,0.355,1.919
1789243265,381284010,137.529,robot_0,-0.493,-0.074
1789243265,381357060,137.529,robot_1,-1.072,0.835
1789243265,381404320,137.529,robot_2,0.354,1.919
1789243265,583238516,137.731,robot_0,-0.493,-0.074
1789243265,583311979,137.731,robot_1,-1.072,0.835
1789243265,583359465,137.731,robot_2,0.354,1.920
1789243265,809908409,137.958,robot_0,-0.493,-0.074
1789243265,809981946,137.958,robot_1,-1.073,0.835
1789243265,810020930,137.958,robot_2,0.354,1.920
1789243266,24121075,138.172,robot_0,-0.494,-0.075
1789243266,24191797,138.172,robot_1,-1.073,0.836
1789243266,24230220,138.172,robot_2,0.353,1.920
1789243266,254724636,138.402,robot_0,-0.494,-0.075
1789243266,254795757,138.402,robot_1,-1.073,0.836
1789243266,254842447,138.402,robot_2,0.353,1.920
1789243266,459289646,138.607,robot_0,-0.486,-0.079
1789243266,459355138,138.607,robot_1,-1.073,0.837
1789243266,459393746,138.607,robot_2,0.352,1.920
1789243266,663584606,138.811,robot_0,-0.431,-0.098
1789243266,663642578,138.811,robot_1,-1.074,0.837
1789243266,663678321,138.811,robot_2,0.352,1.920
1789243266,865211564,139.013,robot_0,-0.401,-0.109
1789243266,865271135,139.013,robot_1,-1.074,0.837
1789243266,865306872,139.013,robot_2,0.352,1.920
1789243267,67926182,139.216,robot_0,-0.395,-0.110
1789243267,67992852,139.216,robot_1,-1.074,0.837
1789243267,68040287,139.216,robot_2,0.351,1.920
1789243267,287475386,139.435,robot_0,-0.348,-0.120
1789243267,287550457,139.435,robot_1,-1.075,0.837
1789243267,287596220,139.435,robot_2,0.351,1.920
1789243267,520510069,139.668,robot_0,-0.308,-0.127
1789243267,525476191,139.673,robot_1,-1.075,0.837
1789243267,534797980,139.682,robot_2,0.346,1.933
1789243267,741432439,139.889,robot_0,-0.308,-0.127
1789243267,741510972,139.889,robot_1,-1.081,0.867
1789243267,741557325,139.889,robot_2,0.330,1.969
1789243267,942767895,140.090,robot_0,-0.308,-0.128
1789243267,942834672,140.090,robot_1,-1.090,0.903
1789243267,942867372,140.090,robot_2,0.331,1.969
1789243268,149341632,140.297,robot_0,-0.308,-0.128
1789243268,149408446,140.297,robot_1,-1.099,0.940
1789243268,149456649,140.297,robot_2,0.331,1.969
1789243268,360546412,140.508,robot_0,-0.307,-0.129
1789243268,360620977,140.508,robot_1,-1.106,0.971
1789243268,360662257,140.508,robot_2,0.330,1.969
1789243268,564057347,140.712,robot_0,-0.307,-0.129
1789243268,564125409,140.712,robot_1,-1.106,0.971
1789243268,564164740,140.712,robot_2,0.330,1.969
1789243268,776015065,140.924,robot_0,-0.307,-0.129
1789243268,776086594,140.924,robot_1,-1.106,0.971
1789243268,776125153,140.924,robot_2,0.322,1.976
1789243268,987527539,141.135,robot_0,-0.306,-0.130
1789243268,987601784,141.135,robot_1,-1.105,0.971
1789243268,987641914,141.135,robot_2,0.292,2.002
1789243269,210552571,141.358,robot_0,-0.306,-0.130
1789243269,210625443,141.358,robot_1,-1.105,0.970
1789243269,210664257,141.358,robot_2,0.259,2.026
1789243269,435472611,141.583,robot_0,-0.306,-0.130
1789243269,435553663,141.583,robot_1,-1.104,0.970
1789243269,435592355,141.583,robot_2,0.281,2.010
1789243269,648948035,141.797,robot_0,-0.305,-0.130
1789243269,649029077,141.797,robot_1,-1.104,0.970
1789243269,649069232,141.797,robot_2,0.317,1.983
1789243269,853535010,142.001,robot_0,-0.305,-0.130
1789243269,853625438,142.001,robot_1,-1.104,0.969
1789243269,853671158,142.001,robot_2,0.297,1.998
1789243270,56139226,142.204,robot_0,-0.304,-0.130
1789243270,56205058,142.204,robot_1,-1.103,0.969
1789243270,56235396,142.204,robot_2,0.261,2.025
1789243270,271022281,142.419,robot_0,-0.304,-0.129
1789243270,271094125,142.419,robot_1,-1.103,0.968
1789243270,271140577,142.419,robot_2,0.238,2.042
1789243270,472584933,142.620,robot_0,-0.304,-0.129
1789243270,472653706,142.620,robot_1,-1.103,0.968
1789243270,472694224,142.620,robot_2,0.238,2.042
1789243270,697642329,142.845,robot_0,-0.303,-0.129
1789243270,697725498,142.845,robot_1,-1.103,0.967
1789243270,697772033,142.845,robot_2,0.238,2.042
1789243270,910887682,143.059,robot_0,-0.303,-0.128
1789243270,910980809,143.059,robot_1,-1.104,0.967
1789243270,911029593,143.059,robot_2,0.239,2.043
1789243271,112989153,143.261,robot_0,-0.303,-0.128
1789243271,113077062,143.261,robot_1,-1.104,0.967
1789243271,113115208,143.261,robot_2,0.239,2.043
1789243271,322604529,143.470,robot_0,-0.328,-0.120
1789243271,322671861,143.470,robot_1,-1.104,0.967
1789243271,322710872,143.470,robot_2,0.240,2.043
1789243271,532767412,143.680,robot_0,-0.353,-0.113
1789243271,532838292,143.680,robot_1,-1.104,0.968
1789243271,532878643,143.680,robot_2,0.241,2.043
1789243271,756919425,143.905,robot_0,-0.369,-0.105
1789243271,757000707,143.905,robot_1,-1.104,0.968
1789243271,757047674,143.905,robot_2,0.241,2.043
1789243271,986474718,144.134,robot_0,-0.399,-0.084
1789243271,986543076,144.134,robot_1,-1.104,0.969
1789243271,986578298,144.134,robot_2,0.242,2.043
1789243272,186550234,144.334,robot_0,-0.429,-0.053
1789243272,186618408,144.334,robot_1,-1.104,0.969
1789243272,186659392,144.334,robot_2,0.242,2.042
1789243272,409995224,144.558,robot_0,-0.437,-0.043
1789243272,410055645,144.558,robot_1,-1.104,0.969
1789243272,410091276,144.558,robot_2,0.242,2.042
1789243272,628709156,144.776,robot_0,-0.425,-0.073
1789243272,628783221,144.776,robot_1,-1.105,0.969
1789243272,628823442,144.776,robot_2,0.242,2.042
1789243272,831048321,144.979,robot_0,-0.416,-0.098
1789243272,831113111,144.979,robot_1,-1.105,0.970
1789243272,836539243,144.984,robot_2,0.232,2.031
1789243273,52530968,145.200,robot_0,-0.416,-0.098
1789243273,52621569,145.200,robot_1,-1.105,0.970
1789243273,52666765,145.200,robot_2,0.189,1.980
1789243273,249309892,145.397,robot_0,-0.417,-0.098
1789243273,249379691,145.397,robot_1,-1.106,0.970
1789243273,249420203,145.397,robot_2,0.147,1.929
1789243273,454543282,145.602,robot_0,-0.417,-0.098
1789243273,454605258,145.602,robot_1,-1.106,0.970
1789243273,460757142,145.608,robot_2,0.113,1.888
1789243273,670398462,145.818,robot_0,-0.417,-0.098
1789243273,670464801,145.818,robot_1,-1.107,0.970
1789243273,670502527,145.818,robot_2,0.075,1.841
1789243273,886885196,146.035,robot_0,-0.417,-0.098
1789243273,886961473,146.035,robot_1,-1.107,0.970
1789243273,887005083,146.035,robot_2,0.066,1.831
1789243274,95382005,146.243,robot_0,-0.418,-0.098
1789243274,95462468,146.243,robot_1,-1.107,0.969
1789243274,95514096,146.243,robot_2,0.066,1.831
1789243274,303503298,146.451,robot_0,-0.417,-0.098
1789243274,303565671,146.451,robot_1,-1.108,0.969
1789243274,303606176,146.451,robot_2,0.065,1.831
1789243274,514334986,146.662,robot_0,-0.417,-0.098
1789243274,514404995,146.662,robot_1,-1.108,0.969
1789243274,514446182,146.662,robot_2,0.065,1.831
1789243274,722917204,146.871,robot_0,-0.416,-0.098
1789243274,722994824,146.871,robot_1,-1.108,0.969
1789243274,723041730,146.871,robot_2,0.064,1.831
1789243274,925042435,147.073,robot_0,-0.416,-0.098
1789243274,925108121,147.073,robot_1,-1.108,0.968
1789243274,925150540,147.073,robot_2,0.064,1.831
1789243275,142144815,147.290,robot_0,-0.416,-0.097
1789243275,142217868,147.290,robot_1,-1.108,0.968
1789243275,142264232,147.290,robot_2,0.064,1.831
1789243275,358290949,147.506,robot_0,-0.415,-0.097
1789243275,358354398,147.506,robot_1,-1.104,0.966
1789243275,358397701,147.506,robot_2,0.063,1.830
1789243275,575996865,147.724,robot_0,-0.415,-0.097
1789243275,576060651,147.724,robot_1,-1.061,0.928
1789243275,576098758,147.724,robot_2,0.063,1.830
1789243275,782712946,147.930,robot_0,-0.415,-0.096
1789243275,782773157,147.930,robot_1,-1.049,0.917
1789243275,782812490,147.930,robot_2,0.063,1.830
1789243275,995574674,148.143,robot_0,-0.415,-0.096
1789243275,995645673,148.143,robot_1,-1.025,0.889
1789243275,995683979,148.143,robot_2,0.062,1.829
1789243276,212849334,148.360,robot_0,-0.415,-0.095
1789243276,212917132,148.361,robot_1,-0.993,0.852
1789243276,212969736,148.361,robot_2,0.062,1.829
1789243276,436278775,148.584,robot_0,-0.415,-0.095
1789243276,436343016,148.584,robot_1,-0.963,0.816
1789243276,436378611,148.584,robot_2,0.062,1.828
1789243276,653179737,148.801,robot_0,-0.415,-0.095
1789243276,653248977,148.801,robot_1,-0.959,0.812
1789243276,653286330,148.801,robot_2,0.062,1.828
1789243276,853941899,149.002,robot_0,-0.416,-0.094
1789243276,854011673,149.002,robot_1,-0.958,0.812
1789243276,854051143,149.002,robot_2,0.062,1.828
1789243277,63966010,149.212,robot_0,-0.416,-0.094
1789243277,64033895,149.212,robot_1,-0.958,0.812
1789243277,64072525,149.212,robot_2,0.063,1.827
1789243277,277143705,149.425,robot_0,-0.416,-0.094
1789243277,277205451,149.425,robot_1,-0.958,0.812
1789243277,277241395,149.425,robot_2,0.063,1.827
1789243277,480177528,149.628,robot_0,-0.416,-0.094
1789243277,480338814,149.628,robot_1,-0.958,0.812
1789243277,480382629,149.628,robot_2,0.063,1.827
1789243277,694432566,149.843,robot_0,-0.416,-0.094
1789243277,695803754,149.843,robot_1,-0.958,0.812
1789243277,695880767,149.844,robot_2,0.058,1.820
1789243277,919817362,150.067,robot_0,-0.416,-0.094
1789243277,919884535,150.068,robot_1,-0.959,0.811
1789243277,919943880,150.068,robot_2,0.029,1.781
1789243278,140521702,150.288,robot_0,-0.409,-0.083
1789243278,140594750,150.288,robot_1,-0.959,0.811
1789243278,140631771,150.288,robot_2,0.028,1.779
1789243278,341193624,150.489,robot_0,-0.390,-0.053
1789243278,341261500,150.489,robot_1,-0.959,0.811
1789243278,341297805,150.489,robot_2,0.028,1.779
1789243278,558574225,150.706,robot_0,-0.370,-0.023
1789243278,558648736,150.706,robot_1,-0.959,0.810
1789243278,558701637,150.706,robot_2,0.038,1.795
1789243278,764093648,150.912,robot_0,-0.382,-0.041
1789243278,764159761,150.912,robot_1,-0.959,0.810
1789243278,764196802,150.912,robot_2,0.071,1.846
1789243278,974620462,151.122,robot_0,-0.399,-0.068
1789243278,974685858,151.122,robot_1,-0.959,0.809
1789243278,974727524,151.122,robot_2,0.106,1.901
1789243279,186681383,151.334,robot_0,-0.400,-0.068
1789243279,186754019,151.334,robot_1,-0.959,0.809
1789243279,186790864,151.334,robot_2,0.112,1.911
1789243279,411084904,151.559,robot_0,-0.422,-0.105
1789243279,411143592,151.559,robot_1,-0.959,0.809
1789243279,415980369,151.564,robot_2,0.112,1.911
1789243279,626077510,151.774,robot_0,-0.451,-0.153
1789243279,626147278,151.774,robot_1,-0.959,0.808
1789243279,626187496,151.774,robot_2,0.117,1.922
1789243279,829649842,151.977,robot_0,-0.452,-0.155
1789243279,829712701,151.977,robot_1,-0.958,0.808
1789243279,829747224,151.977,robot_2,0.132,1.955
1789243280,45820228,152.193,robot_0,-0.453,-0.155
1789243280,45890969,152.194,robot_1,-0.958,0.808
1789243280,45940790,152.194,robot_2,0.150,1.995
1789243280,252171378,152.400,robot_0,-0.453,-0.155
1789243280,252268195,152.400,robot_1,-0.958,0.808
1789243280,253393142,152.401,robot_2,0.146,1.989
1789243280,476390692,152.624,robot_0,-0.454,-0.155
1789243280,476454645,152.624,robot_1,-0.957,0.808
1789243280,476488414,152.624,robot_2,0.121,1.943
1789243280,688544532,152.836,robot_0,-0.454,-0.155
1789243280,688619489,152.836,robot_1,-0.957,0.808
1789243280,688665458,152.836,robot_2,0.120,1.941
1789243280,892457699,153.040,robot_0,-0.455,-0.156
1789243280,892529934,153.040,robot_1,-0.956,0.827
1789243280,892564273,153.040,robot_2,0.138,1.969
1789243281,104469462,153.252,robot_0,-0.455,-0.156
1789243281,104538530,153.252,robot_1,-0.954,0.895
1789243281,104581986,153.252,robot_2,0.145,1.980
1789243281,332304648,153.480,robot_0,-0.455,-0.156
1789243281,332375746,153.484,robot_1,-0.954,0.907
1789243281,336280487,153.484,robot_2,0.125,1.953
1789243281,570122564,153.718,robot_0,-0.456,-0.157
1789243281,570192195,153.718,robot_1,-0.952,0.876
1789243281,570233294,153.718,robot_2,0.156,1.995
1789243281,783170574,153.931,robot_0,-0.456,-0.157
1789243281,783236885,153.931,robot_1,-0.949,0.838
1789243281,783274650,153.931,robot_2,0.159,1.999
1789243281,987959584,154.136,robot_0,-0.456,-0.157
1789243281,988025296,154.136,robot_1,-0.947,0.798
1789243281,988063504,154.136,robot_2,0.166,2.007
1789243282,190309099,154.338,robot_0,-0.456,-0.158
1789243282,190380564,154.338,robot_1,-0.948,0.814
1789243282,190428260,154.338,robot_2,0.196,2.048
1789243282,391711943,154.539,robot_0,-0.456,-0.158
1789243282,391785631,154.539,robot_1,-0.949,0.826
1789243282,391831797,154.539,robot_2,0.234,2.099
1789243282,601091422,154.749,robot_0,-0.456,-0.159
1789243282,601170614,154.749,robot_1,-0.950,0.864
1789243282,601210745,154.749,robot_2,0.255,2.127
1789243282,822903640,154.971,robot_0,-0.456,-0.159
1789243282,822977474,154.971,robot_1,-0.949,0.899
1789243282,823015365,154.971,robot_2,0.255,2.127
1789243283,29535645,155.177,robot_0,-0.455,-0.159
1789243283,29602791,155.177,robot_1,-0.943,0.933
1789243283,29647440,155.177,robot_2,0.244,2.100
1789243283,232424384,155.380,robot_0,-0.455,-0.160
1789243283,232492628,155.380,robot_1,-0.943,0.934
1789243283,232530043,155.380,robot_2,0.233,2.066
1789243283,456645895,155.604,robot_0,-0.481,-0.191
1789243283,456692972,155.604,robot_1,-0.944,0.934
1789243283,456718657,155.604,robot_2,0.219,2.020
1789243283,680139168,155.828,robot_0,-0.490,-0.201
1789243283,680210250,155.828,robot_1,-0.944,0.934
1789243283,680249304,155.828,robot_2,0.206,1.980
1789243283,884033371,156.032,robot_0,-0.466,-0.173
1789243283,884097113,156.032,robot_1,-0.943,0.934
1789243283,884131576,156.032,robot_2,0.202,1.965
1789243284,104450440,156.253,robot_0,-0.464,-0.170
1789243284,105411738,156.253,robot_1,-0.943,0.934
1789243284,105467087,156.253,robot_2,0.217,2.015
1789243284,311513006,156.459,robot_0,-0.446,-0.154
1789243284,311571362,156.459,robot_1,-0.942,0.934
1789243284,311603300,156.459,robot_2,0.230,2.053
1789243284,525098564,156.673,robot_0,-0.428,-0.141
1789243284,525189056,156.673,robot_1,-0.942,0.934
1789243284,525231622,156.673,robot_2,0.249,2.103
1789243284,743213360,156.892,robot_0,-0.458,-0.162
1789243284,744146964,156.896,robot_1,-0.942,0.934
1789243284,748072368,156.896,robot_2,0.271,2.160
1789243284,970852991,157.118,robot_0,-0.441,-0.149
1789243284,970937268,157.119,robot_1,-0.941,0.934
1789243284,970978730,157.119,robot_2,0.274,2.167
1789243285,196309422,157.344,robot_0,-0.407,-0.118
1789243285,196381357,157.344,robot_1,-0.941,0.934
1789243285,196419471,157.344,robot_2,0.274,2.166
1789243285,419144423,157.567,robot_0,-0.381,-0.087
1789243285,419213350,157.567,robot_1,-0.941,0.935
1789243285,419260009,157.567,robot_2,0.275,2.166
1789243285,629841855,157.777,robot_0,-0.358,-0.052
1789243285,629934490,157.778,robot_1,-0.940,0.935
1789243285,629977461,157.778,robot_2,0.275,2.167
1789243285,830813024,157.978,robot_0,-0.332,0.001
1789243285,830912084,157.979,robot_1,-0.940,0.936
1789243285,830980059,157.979,robot_2,0.275,2.167
1789243286,33681728,158.181,robot_0,-0.321,0.026
1789243286,33759897,158.181,robot_1,-0.940,0.936
1789243286,33796468,158.181,robot_2,0.276,2.167
1789243286,238830362,158.386,robot_0,-0.328,0.008
1789243286,238906580,158.387,robot_1,-0.940,0.936
1789243286,238949568,158.387,robot_2,0.276,2.167
1789243286,459902862,158.608,robot_0,-0.336,-0.013
1789243286,459975635,158.608,robot_1,-0.940,0.937
1789243286,460011410,158.608,robot_2,0.276,2.168
1789243286,686954550,158.835,robot_0,-0.336,-0.013
1789243286,687028569,158.835,robot_1,-0.941,0.937
1789243286,687066855,158.835,robot_2,0.277,2.168
1789243286,914328566,159.062,robot_0,-0.336,-0.013
1789243286,914403103,159.062,robot_1,-0.936,0.940
1789243286,914433540,159.062,robot_2,0.277,2.168
1789243287,144068812,159.292,robot_0,-0.335,-0.013
1789243287,144152928,159.292,robot_1,-0.911,0.957
1789243287,144198511,159.292,robot_2,0.277,2.169
1789243287,352428213,159.500,robot_0,-0.335,-0.013
1789243287,352499609,159.500,robot_1,-0.910,0.957
1789243287,352536765,159.500,robot_2,0.277,2.169
1789243287,587117247,159.735,robot_0,-0.334,-0.013
1789243287,587183916,159.735,robot_1,-0.910,0.957
1789243287,587221600,159.735,robot_2,0.277,2.170
1789243287,790416943,159.938,robot_0,-0.334,-0.013
1789243287,790500270,159.938,robot_1,-0.912,0.956
1789243287,790537173,159.938,robot_2,0.277,2.170
1789243288,4671050,160.152,robot_0,-0.334,-0.012
1789243288,4730559,160.152,robot_1,-0.969,0.938
1789243288,4762404,160.152,robot_2,0.276,2.171
1789243288,219605115,160.367,robot_0,-0.333,-0.012
1789243288,219682570,160.367,robot_1,-1.017,0.923
1789243288,219726190,160.367,robot_2,0.276,2.171
1789243288,426498737,160.574,robot_0,-0.333,-0.012
1789243288,426571963,160.574,robot_1,-1.078,0.905
1789243288,426612645,160.574,robot_2,0.276,2.171
1789243288,627534748,160.775,robot_0,-0.333,-0.011
1789243288,627597423,160.775,robot_1,-1.126,0.890
1789243288,627627399,160.775,robot_2,0.279,2.177
1789243288,847993962,160.996,robot_0,-0.333,-0.011
1789243288,848064876,160.996,robot_1,-1.148,0.883
1789243288,848102651,160.996,robot_2,0.298,2.208
1789243289,52704952,161.200,robot_0,-0.333,-0.011
1789243289,52783257,161.200,robot_1,-1.183,0.870
1789243289,52831234,161.200,robot_2,0.320,2.241
1789243289,266303307,161.414,robot_0,-0.333,-0.010
1789243289,266376922,161.414,robot_1,-1.226,0.852
1789243289,266414345,161.414,robot_2,0.337,2.270
1789243289,494274998,161.642,robot_0,-0.333,-0.010
1789243289,494348312,161.642,robot_1,-1.203,0.862
1789243289,494387080,161.642,robot_2,0.338,2.271
1789243289,701402504,161.849,robot_0,-0.334,-0.009
1789243289,701469678,161.849,robot_1,-1.172,0.875
1789243289,701507317,161.849,robot_2,0.339,2.271
1789243289,904738340,162.052,robot_0,-0.334,-0.009
1789243289,904820803,162.052,robot_1,-1.169,0.876
1789243289,904865811,162.052,robot_2,0.339,2.271
1789243290,127640123,162.275,robot_0,-0.334,-0.009
1789243290,127717488,162.275,robot_1,-1.169,0.876
1789243290,127764415,162.275,robot_2,0.339,2.270
1789243290,347451868,162.495,robot_0,-0.334,-0.009
1789243290,347525195,162.495,robot_1,-1.169,0.876
1789243290,347561965,162.495,robot_2,0.339,2.269
1789243290,560689625,162.708,robot_0,-0.335,-0.009
1789243290,560766861,162.708,robot_1,-1.169,0.876
1789243290,560804553,162.708,robot_2,0.339,2.269
1789243290,770138626,162.918,robot_0,-0.335,-0.009
1789243290,770210612,162.918,robot_1,-1.170,0.877
1789243290,770258916,162.918,robot_2,0.339,2.268
1789243290,997224137,163.145,robot_0,-0.330,0.015
1789243290,997305020,163.145,robot_1,-1.170,0.877
1789243290,997347843,163.145,robot_2,0.339,2.268
1789243291,204724854,163.352,robot_0,-0.325,0.050
1789243291,204797971,163.352,robot_1,-1.170,0.877
1789243291,204836338,163.352,robot_2,0.338,2.267
1789243291,423006259,163.571,robot_0,-0.327,0.019
1789243291,423091036,163.571,robot_1,-1.171,0.877
1789243291,423130856,163.571,robot_2,0.338,2.267
1789243291,651506915,163.799,robot_0,-0.328,-0.021
1789243291,651581160,163.799,robot_1,-1.171,0.877
1789243291,651619301,163.799,robot_2,0.338,2.267
1789243291,864514978,164.012,robot_0,-0.328,-0.021
1789243291,864589065,164.012,robot_1,-1.171,0.877
1789243291,864635859,164.012,robot_2,0.338,2.267
1789243292,75097984,164.223,robot_0,-0.329,-0.053
1789243292,75178953,164.223,robot_1,-1.172,0.877
1789243292,75225463,164.223,robot_2,0.338,2.267
1789243292,287261913,164.435,robot_0,-0.329,-0.085
1789243292,288243680,164.436,robot_1,-1.172,0.877
1789243292,288323156,164.436,robot_2,0.338,2.267
1789243292,513169598,164.661,robot_0,-0.329,-0.078
1789243292,513250334,164.661,robot_1,-1.173,0.877
1789243292,513289253,164.661,robot_2,0.339,2.268
1789243292,714264139,164.862,robot_0,-0.332,-0.040
1789243292,714336621,164.862,robot_1,-1.173,0.876
1789243292,714374852,164.862,robot_2,0.339,2.268
1789243292,940986336,165.089,robot_0,-0.333,-0.033
1789243292,941060940,165.089,robot_1,-1.173,0.876
1789243292,941105347,165.089,robot_2,0.339,2.268
1789243293,144050914,165.292,robot_0,-0.333,-0.033
1789243293,144119384,165.292,robot_1,-1.173,0.876
1789243293,144158847,165.292,robot_2,0.339,2.269
1789243293,352609295,165.500,robot_0,-0.334,-0.033
1789243293,352683753,165.500,robot_1,-1.174,0.875
1789243293,352728835,165.500,robot_2,0.339,2.269
1789243293,572883513,165.721,robot_0,-0.334,-0.034
1789243293,572966884,165.721,robot_1,-1.174,0.875
1789243293,573009193,165.721,robot_2,0.338,2.270
1789243293,774493102,165.922,robot_0,-0.334,-0.034
1789243293,774570721,165.922,robot_1,-1.186,0.874
1789243293,774612855,165.922,robot_2,0.338,2.270
1789243293,978680271,166.126,robot_0,-0.334,-0.034
1789243293,978757075,166.126,robot_1,-1.228,0.871
1789243293,978800088,166.126,robot_2,0.338,2.270
1789243294,194429293,166.342,robot_0,-0.335,-0.035
1789243294,194502304,166.342,robot_1,-1.262,0.869
1789243294,194538521,166.342,robot_2,0.338,2.271
1789243294,397248339,166.545,robot_0,-0.335,-0.035
1789243294,397316932,166.545,robot_1,-1.297,0.867
1789243294,397354945,166.545,robot_2,0.337,2.271
1789243294,600730528,166.748,robot_0,-0.335,-0.035
1789243294,600806721,166.748,robot_1,-1.301,0.867
1789243294,600849662,166.748,robot_2,0.337,2.271
1789243294,820439887,166.968,robot_0,-0.335,-0.036
1789243294,820511560,166.968,robot_1,-1.301,0.867
1789243294,820549521,166.968,robot_2,0.336,2.271
1789243295,28060634,167.176,robot_0,-0.335,-0.036
1789243295,28143906,167.176,robot_1,-1.301,0.868
1789243295,28183024,167.176,robot_2,0.336,2.271
1789243295,245499752,167.393,robot_0,-0.335,-0.037
1789243295,245573075,167.393,robot_1,-1.301,0.868
1789243295,245616347,167.393,robot_2,0.336,2.271
1789243295,447164668,167.595,robot_0,-0.334,-0.037
1789243295,447237231,167.595,robot_1,-1.300,0.869
1789243295,447277059,167.595,robot_2,0.335,2.271
1789243295,658990878,167.824,robot_0,-0.334,-0.037
1789243295,676049728,167.824,robot_1,-1.300,0.869
1789243295,676108659,167.824,robot_2,0.335,2.271
1789243295,879587741,168.027,robot_0,-0.334,-0.038
1789243295,884031847,168.032,robot_1,-1.299,0.869
1789243295,884113887,168.032,robot_2,0.326,2.283
1789243296,95999033,168.244,robot_0,-0.333,-0.038
1789243296,96075452,168.244,robot_1,-1.299,0.869
1789243296,96115834,168.244,robot_2,0.310,2.307
1789243296,301088543,168.449,robot_0,-0.333,-0.038
1789243296,301162736,168.449,robot_1,-1.298,0.869
1789243296,301198958,168.449,robot_2,0.328,2.282
1789243296,516639630,168.664,robot_0,-0.332,-0.038
1789243296,516704849,168.664,robot_1,-1.297,0.873
1789243296,516738984,168.664,robot_2,0.365,2.231
1789243296,719167134,168.867,robot_0,-0.332,-0.038
1789243296,719243546,168.867,robot_1,-1.289,0.907
1789243296,719282893,168.867,robot_2,0.397,2.188
1789243296,925630535,169.073,robot_0,-0.334,-0.012
1789243296,925702858,169.073,robot_1,-1.285,0.919
1789243296,925742245,169.073,robot_2,0.404,2.179
1789243297,149127673,169.297,robot_0,-0.333,-0.023
1789243297,149195261,169.297,robot_1,-1.293,0.874
1789243297,149234001,169.297,robot_2,0.401,2.183
1789243297,358653404,169.506,robot_0,-0.330,-0.056
1789243297,358725340,169.506,robot_1,-1.300,0.831
1789243297,358769798,169.506,robot_2,0.381,2.210
1789243297,559939141,169.708,robot_0,-0.332,-0.036
1789243297,560011231,169.708,robot_1,-1.301,0.829
1789243297,560048336,169.708,robot_2,0.376,2.216
1789243297,770501851,169.918,robot_0,-0.335,-0.002
1789243297,770575372,169.918,robot_1,-1.301,0.862
1789243297,770617448,169.918,robot_2,0.376,2.216
1789243297,988441752,170.136,robot_0,-0.333,0.023
1789243297,988509741,170.136,robot_1,-1.301,0.887
1789243297,988548585,170.136,robot_2,0.376,2.216
1789243298,199018189,170.347,robot_0,-0.330,0.048
1789243298,199096343,170.347,robot_1,-1.301,0.887
1789243298,199135309,170.347,robot_2,0.376,2.216
1789243298,421042961,170.569,robot_0,-0.331,0.049
1789243298,421119493,170.569,robot_1,-1.301,0.887
1789243298,421162241,170.569,robot_2,0.372,2.219
1789243298,641118030,170.789,robot_0,-0.331,0.049
1789243298,641193457,170.789,robot_1,-1.301,0.887
1789243298,641231899,170.789,robot_2,0.340,2.238
1789243298,861311590,171.009,robot_0,-0.321,0.064
1789243298,861386310,171.009,robot_1,-1.301,0.887
1789243298,861433136,171.009,robot_2,0.324,2.247
1789243299,83388002,171.231,robot_0,-0.312,0.076
1789243299,83457744,171.231,robot_1,-1.301,0.887
1789243299,83493140,171.231,robot_2,0.290,2.264
1789243299,308801031,171.456,robot_0,-0.335,0.054
1789243299,308879844,171.457,robot_1,-1.302,0.887
1789243299,308928002,171.457,robot_2,0.246,2.288
1789243299,514256068,171.662,robot_0,-0.359,0.030
1789243299,514334748,171.662,robot_1,-1.302,0.887
1789243299,514381446,171.662,robot_2,0.224,2.300
1789243299,725031742,171.874,robot_0,-0.393,-0.002
1789243299,726219127,171.874,robot_1,-1.302,0.887
1789243299,726271904,171.874,robot_2,0.224,2.300
1789243299,932571823,172.080,robot_0,-0.419,-0.027
1789243299,932636894,172.080,robot_1,-1.303,0.886
1789243299,932673798,172.080,robot_2,0.224,2.299
1789243300,132907568,172.281,robot_0,-0.435,-0.043
1789243300,132986954,172.281,robot_1,-1.303,0.886
1789243300,133037098,172.281,robot_2,0.224,2.299
1789243300,335829969,172.483,robot_0,-0.410,-0.018
1789243300,335901335,172.484,robot_1,-1.303,0.885
1789243300,335958257,172.484,robot_2,0.224,2.298
1789243300,556604534,172.704,robot_0,-0.410,-0.018
1789243300,556668739,172.704,robot_1,-1.303,0.885
1789243300,556705665,172.704,robot_2,0.224,2.298
1789243300,771857126,172.919,robot_0,-0.410,-0.018
1789243300,773154019,172.921,robot_1,-1.303,0.885
1789243300,773234410,172.921,robot_2,0.224,2.297
1789243300,988524718,173.136,robot_0,-0.410,-0.018
1789243300,988588740,173.136,robot_1,-1.303,0.884
1789243300,988629405,173.136,robot_2,0.225,2.297
1789243301,212822664,173.360,robot_0,-0.409,-0.018
1789243301,212897549,173.361,robot_1,-1.303,0.884
1789243301,212949411,173.361,robot_2,0.225,2.297
1789243301,422650184,173.570,robot_0,-0.409,-0.018
1789243301,422725300,173.570,robot_1,-1.302,0.883
1789243301,422772799,173.570,robot_2,0.226,2.296
1789243301,622744714,173.770,robot_0,-0.409,-0.018
1789243301,622807383,173.770,robot_1,-1.302,0.883
1789243301,622846477,173.770,robot_2,0.226,2.296
1789243301,831652382,173.979,robot_0,-0.408,-0.018
1789243301,831721697,173.979,robot_1,-1.302,0.883
1789243301,831759241,173.979,robot_2,0.226,2.296
1789243302,37242503,174.185,robot_0,-0.408,-0.018
1789243302,37334570,174.185,robot_1,-1.302,0.883
1789243302,37382987,174.185,robot_2,0.227,2.296
1789243302,245434885,174.393,robot_0,-0.407,-0.018
1789243302,245504861,174.393,robot_1,-1.307,0.873
1789243302,245554163,174.393,robot_2,0.227,2.297
1789243302,446590843,174.594,robot_0,-0.407,-0.018
1789243302,446660506,174.594,robot_1,-1.328,0.839
1789243302,446698844,174.594,robot_2,0.228,2.297
1789243302,673639838,174.821,robot_0,-0.406,-0.018
1789243302,673716823,174.821,robot_1,-1.335,0.828
1789243302,673756572,174.821,robot_2,0.228,2.297
1789243302,882388276,175.030,robot_0,-0.406,-0.018
1789243302,882457485,175.030,robot_1,-1.351,0.799
1789243302,882492917,175.030,robot_2,0.228,2.297
1789243303,99240478,175.247,robot_0,-0.406,-0.017
1789243303,99310497,175.247,robot_1,-1.361,0.782
1789243303,99346352,175.247,robot_2,0.228,2.298
1789243303,320081365,175.468,robot_0,-0.406,-0.017
1789243303,320150596,175.475,robot_1,-1.375,0.756
1789243303,327849210,175.475,robot_2,0.229,2.298
1789243303,524799022,175.672,robot_0,-0.406,-0.017
1789243303,524867997,175.672,robot_1,-1.397,0.713
1789243303,524901331,175.673,robot_2,0.229,2.299
1789243303,738425263,175.886,robot_0,-0.405,-0.016
1789243303,738496878,175.886,robot_1,-1.415,0.679
1789243303,738536995,175.886,robot_2,0.229,2.299
1789243303,953042054,176.101,robot_0,-0.406,-0.016
1789243303,953111751,176.101,robot_1,-1.416,0.678
1789243303,953144160,176.101,robot_2,0.229,2.299
1789243304,167610035,176.315,robot_0,-0.408,-0.016
1789243304,167676389,176.315,robot_1,-1.416,0.678
1789243304,167715709,176.315,robot_2,0.229,2.300
1789243304,381906603,176.530,robot_0,-0.439,-0.024
1789243304,381982110,176.530,robot_1,-1.416,0.679
1789243304,382026115,176.530,robot_2,0.228,2.300
1789243304,595788224,176.743,robot_0,-0.461,-0.029
1789243304,595857401,176.743,robot_1,-1.416,0.679
1789243304,595894079,176.744,robot_2,0.228,2.301
1789243304,797060706,176.946,robot_0,-0.525,-0.044
1789243304,798288088,176.946,robot_1,-1.417,0.680
1789243304,798344947,176.946,robot_2,0.228,2.301
1789243305,10847101,177.158,robot_0,-0.578,-0.056
1789243305,10910260,177.159,robot_1,-1.417,0.681
1789243305,10948381,177.159,robot_2,0.227,2.301
1789243305,234233295,177.382,robot_0,-0.594,-0.060
1789243305,234299216,177.382,robot_1,-1.417,0.681
1789243305,234330568,177.382,robot_2,0.227,2.301
1789243305,458487572,177.606,robot_0,-0.594,-0.060
1789243305,458566691,177.606,robot_1,-1.416,0.682
1789243305,458608234,177.606,robot_2,0.227,2.301
1789243305,671467756,177.819,robot_0,-0.594,-0.059
1789243305,671541673,177.819,robot_1,-1.416,0.682
1789243305,671574334,177.819,robot_2,0.226,2.301
1789243305,906141889,178.054,robot_0,-0.595,-0.059
1789243305,906217927,178.054,robot_1,-1.416,0.683
1789243305,906250691,178.054,robot_2,0.226,2.302
1789243306,123017949,178.271,robot_0,-0.595,-0.059
1789243306,123110039,178.271,robot_1,-1.416,0.683
1789243306,123153098,178.271,robot_2,0.230,2.341
1789243306,331935620,178.480,robot_0,-0.602,-0.064
1789243306,331991443,178.480,robot_1,-1.416,0.682
1789243306,332018155,178.480,robot_2,0.229,2.331
1789243306,545828109,178.693,robot_0,-0.663,-0.096
1789243306,545901406,178.694,robot_1,-1.416,0.682
1789243306,545941127,178.694,robot_2,0.218,2.274
1789243306,756655033,178.904,robot_0,-0.671,-0.101
1789243306,756716108,178.904,robot_1,-1.416,0.682
1789243306,756742238,178.904,robot_2,0.214,2.261
1789243306,983977711,179.132,robot_0,-0.672,-0.101
1789243306,984048611,179.132,robot_1,-1.416,0.681
1789243306,984085484,179.132,robot_2,0.198,2.213
1789243307,200454298,179.348,robot_0,-0.672,-0.100
1789243307,200529891,179.348,robot_1,-1.416,0.681
1789243307,200564177,179.348,robot_2,0.180,2.160
1789243307,416050302,179.564,robot_0,-0.672,-0.100
1789243307,416128778,179.564,robot_1,-1.416,0.680
1789243307,416168690,179.564,robot_2,0.168,2.125
1789243307,652550482,179.800,robot_0,-0.673,-0.100
1789243307,652634316,179.800,robot_1,-1.416,0.680
1789243307,652676901,179.800,robot_2,0.181,2.164
1789243307,857925459,180.006,robot_0,-0.673,-0.100
1789243307,858006636,180.006,robot_1,-1.416,0.679
1789243307,858045265,180.006,robot_2,0.193,2.200
1789243308,58033718,180.206,robot_0,-0.674,-0.100
1789243308,58109745,180.206,robot_1,-1.415,0.679
1789243308,58143824,180.206,robot_2,0.198,2.214
1789243308,288099383,180.436,robot_0,-0.674,-0.100
1789243308,288175501,180.436,robot_1,-1.415,0.679
1789243308,288208104,180.436,robot_2,0.198,2.214
1789243308,492469131,180.640,robot_0,-0.675,-0.100
1789243308,492540448,180.640,robot_1,-1.414,0.679
1789243308,492572625,180.640,robot_2,0.198,2.214
1789243308,698861928,180.847,robot_0,-0.675,-0.100
1789243308,698956896,180.847,robot_1,-1.414,0.679
1789243308,698998253,180.847,robot_2,0.197,2.214
1789243308,912336926,181.060,robot_0,-0.675,-0.101
1789243308,912422562,181.060,robot_1,-1.414,0.679
1789243308,912453476,181.060,robot_2,0.197,2.214
1789243309,133006522,181.281,robot_0,-0.676,-0.101
1789243309,133080136,181.281,robot_1,-1.413,0.679
1789243309,133108287,181.281,robot_2,0.197,2.214
1789243309,343002703,181.491,robot_0,-0.676,-0.102
1789243309,343072553,181.491,robot_1,-1.413,0.679
1789243309,343099795,181.491,robot_2,0.196,2.214
1789243309,559670981,181.707,robot_0,-0.676,-0.102
1789243309,559765150,181.707,robot_1,-1.412,0.679
1789243309,559835616,181.707,robot_2,0.196,2.213
1789243309,764331024,181.912,robot_0,-0.676,-0.102
1789243309,764415455,181.912,robot_1,-1.394,0.655
1789243309,764457459,181.912,robot_2,0.196,2.213
1789243309,973283624,182.121,robot_0,-0.676,-0.103
1789243309,973362510,182.121,robot_1,-1.378,0.636
1789243309,973393303,182.121,robot_2,0.195,2.213
1789243310,192691107,182.340,robot_0,-0.676,-0.103
1789243310,192765159,182.340,robot_1,-1.401,0.665
1789243310,192802201,182.340,robot_2,0.195,2.212
1789243310,399434502,182.547,robot_0,-0.676,-0.103
1789243310,399507250,182.547,robot_1,-1.426,0.696
1789243310,399542226,182.547,robot_2,0.195,2.212
1789243310,617221348,182.765,robot_0,-0.682,-0.108
1789243310,617294201,182.765,robot_1,-1.438,0.714
1789243310,617329277,182.765,robot_2,0.195,2.212
1789243310,817709763,182.965,robot_0,-0.725,-0.144
1789243310,817781923,182.965,robot_1,-1.445,0.725
1789243310,817812809,182.965,robot_2,0.195,2.211
1789243311,19042049,183.167,robot_0,-0.734,-0.152
1789243311,19123275,183.167,robot_1,-1.460,0.752
1789243311,19164243,183.167,robot_2,0.195,2.211
1789243311,229494458,183.377,robot_0,-0.766,-0.181
1789243311,229573052,183.377,robot_1,-1.491,0.810
1789243311,229613072,183.377,robot_2,0.196,2.210
1789243311,474715625,183.622,robot_0,-0.745,-0.161
1789243311,474786194,183.622,robot_1,-1.495,0.819
1789243311,474817259,183.622,robot_2,0.196,2.210
1789243311,695442944,183.843,robot_0,-0.718,-0.137
1789243311,695506629,183.843,robot_1,-1.484,0.797
1789243311,695539982,183.843,robot_2,0.196,2.210
1789243311,908420840,184.056,robot_0,-0.688,-0.105
1789243311,908490715,184.056,robot_1,-1.507,0.842
1789243311,908524143,184.056,robot_2,0.197,2.209
1789243312,135118846,184.283,robot_0,-0.659,-0.068
1789243312,135201137,184.283,robot_1,-1.508,0.843
1789243312,135239513,184.283,robot_2,0.197,2.209
1789243312,341011309,184.489,robot_0,-0.622,-0.018
1789243312,341083891,184.489,robot_1,-1.491,0.804
1789243312,341143576,184.489,robot_2,0.197,2.209
1789243312,545387887,184.693,robot_0,-0.600,0.013
1789243312,545462293,184.693,robot_1,-1.493,0.809
1789243312,545505836,184.693,robot_2,0.203,2.231
1789243312,745983517,184.894,robot_0,-0.590,0.027
1789243312,746053990,184.894,robot_1,-1.513,0.855
1789243312,746096263,184.894,robot_2,0.212,2.264
1789243312,957986952,185.106,robot_0,-0.609,-0.002
1789243312,958083454,185.106,robot_1,-1.533,0.901
1789243312,958120988,185.106,robot_2,0.226,2.299
1789243313,149928540,185.298,robot_0,-0.611,-0.005
1789243313,149997792,185.298,robot_1,-1.534,0.904
1789243313,150033959,185.298,robot_2,0.246,2.338
1789243313,357161105,185.505,robot_0,-0.611,-0.005
1789243313,357230927,185.505,robot_1,-1.534,0.904
1789243313,357260428,185.505,robot_2,0.272,2.382
1789243313,579300402,185.727,robot_0,-0.611,-0.005
1789243313,579367975,185.727,robot_1,-1.533,0.904
1789243313,579401082,185.727,robot_2,0.296,2.419
1789243313,806840221,185.954,robot_0,-0.611,-0.006
1789243313,806905758,185.966,robot_1,-1.533,0.905
1789243313,818793654,185.966,robot_2,0.296,2.420
1789243314,33262459,186.181,robot_0,-0.610,-0.006
1789243314,33330221,186.181,robot_1,-1.533,0.905
1789243314,33366600,186.181,robot_2,0.285,2.406
1789243314,251680580,186.399,robot_0,-0.610,-0.006
1789243314,251743737,186.399,robot_1,-1.533,0.906
1789243314,251777717,186.399,robot_2,0.288,2.410
1789243314,461982486,186.610,robot_0,-0.609,-0.006
1789243314,462061836,186.610,robot_1,-1.533,0.906
1789243314,462096463,186.610,robot_2,0.316,2.461
1789243314,668167403,186.816,robot_0,-0.609,-0.006
1789243314,668250528,186.816,robot_1,-1.533,0.906
1789243314,668291216,186.816,robot_2,0.333,2.492
1789243314,873230486,187.021,robot_0,-0.609,-0.005
1789243314,873303917,187.021,robot_1,-1.533,0.907
1789243314,873343817,187.021,robot_2,0.339,2.502
1789243315,74082613,187.222,robot_0,-0.608,-0.005
1789243315,74145152,187.222,robot_1,-1.533,0.907
1789243315,74176683,187.222,robot_2,0.339,2.502
1789243315,281860285,187.429,robot_0,-0.608,-0.005
1789243315,281938234,187.430,robot_1,-1.533,0.908
1789243315,281969959,187.430,robot_2,0.339,2.502
1789243315,491832371,187.639,robot_0,-0.608,-0.004
1789243315,491897784,187.640,robot_1,-1.534,0.908
1789243315,491937898,187.640,robot_2,0.340,2.502
1789243315,706184131,187.854,robot_0,-0.608,-0.004
1789243315,706244552,187.854,robot_1,-1.534,0.908
1789243315,706271305,187.854,robot_2,0.340,2.502
1789243315,911973954,188.060,robot_0,-0.607,-0.004
1789243315,912047614,188.060,robot_1,-1.534,0.908
1789243315,912087253,188.060,robot_2,0.340,2.502
1789243316,112419021,188.260,robot_0,-0.607,-0.003
1789243316,112490633,188.260,robot_1,-1.535,0.908
1789243316,112528963,188.260,robot_2,0.341,2.502
1789243316,322588950,188.470,robot_0,-0.607,-0.003
1789243316,322657864,188.470,robot_1,-1.535,0.908
1789243316,322693457,188.470,robot_2,0.341,2.502
1789243316,542913761,188.691,robot_0,-0.608,-0.002
1789243316,542990616,188.691,robot_1,-1.536,0.908
1789243316,543030491,188.691,robot_2,0.341,2.503
1789243316,751998590,188.900,robot_0,-0.608,-0.002
1789243316,752067484,188.900,robot_1,-1.536,0.908
1789243316,752100116,188.900,robot_2,0.342,2.503
1789243316,963098311,189.111,robot_0,-0.608,-0.002
1789243316,963162499,189.111,robot_1,-1.536,0.908
1789243316,963196940,189.111,robot_2,0.342,2.503
1789243317,168232965,189.316,robot_0,-0.604,0.002
1789243317,168299852,189.316,robot_1,-1.536,0.908
1789243317,168331473,189.316,robot_2,0.342,2.504
1789243317,371973548,189.520,robot_0,-0.582,0.021
1789243317,372040272,189.520,robot_1,-1.535,0.908
1789243317,372079903,189.520,robot_2,0.342,2.504
1789243317,582014675,189.730,robot_0,-0.545,0.053
1789243317,582083216,189.730,robot_1,-1.535,0.908
1789243317,582116561,189.730,robot_2,0.342,2.505
1789243317,784999497,189.933,robot_0,-0.534,0.062
1789243317,785064477,189.933,robot_1,-1.535,0.909
1789243317,785096604,189.933,robot_2,0.342,2.505
1789243318,772498,190.148,robot_0,-0.533,0.062
1789243318,841433,190.148,robot_1,-1.531,0.940
1789243318,880607,190.149,robot_2,0.342,2.506
1789243318,224120733,190.372,robot_0,-0.533,0.062
1789243318,224196465,190.372,robot_1,-1.530,0.945
1789243318,224240501,190.372,robot_2,0.342,2.506
1789243318,442209376,190.590,robot_0,-0.533,0.062
1789243318,442272410,190.590,robot_1,-1.534,0.931
1789243318,442311010,190.590,robot_2,0.341,2.506
1789243318,651063012,190.799,robot_0,-0.577,0.051
1789243318,651121298,190.799,robot_1,-1.542,0.906
1789243318,651150554,190.799,robot_2,0.351,2.519
1789243318,857813222,191.005,robot_0,-0.611,0.044
1789243318,857882924,191.006,robot_1,-1.542,0.905
1789243318,857931680,191.006,robot_2,0.377,2.555
1789243319,69158474,191.217,robot_0,-0.611,0.044
1789243319,69228883,191.217,robot_1,-1.542,0.905
1789243319,69278631,191.217,robot_2,0.399,2.583
1789243319,286216237,191.434,robot_0,-0.602,0.044
1789243319,286284438,191.434,robot_1,-1.543,0.904
1789243319,286319838,191.434,robot_2,0.421,2.613
1789243319,498034605,191.646,robot_0,-0.568,0.046
1789243319,498104948,191.646,robot_1,-1.575,0.881
1789243319,498146964,191.646,robot_2,0.421,2.613
1789243319,715166811,191.863,robot_0,-0.555,0.046
1789243319,715232880,191.863,robot_1,-1.634,0.845
1789243319,715267380,191.863,robot_2,0.422,2.613
1789243319,930540764,192.078,robot_0,-0.600,0.040
1789243319,930603915,192.078,robot_1,-1.659,0.830
1789243319,930664454,192.078,robot_2,0.422,2.612
1789243320,133290581,192.281,robot_0,-0.610,0.039
1789243320,133370457,192.281,robot_1,-1.653,0.834
1789243320,133408745,192.281,robot_2,0.422,2.612
1789243320,335202598,192.483,robot_0,-0.567,0.045
1789243320,335264404,192.483,robot_1,-1.691,0.814
1789243320,335303620,192.483,robot_2,0.422,2.611
1789243320,553246718,192.701,robot_0,-0.528,0.051
1789243320,553322905,192.701,robot_1,-1.740,0.790
1789243320,553403291,192.701,robot_2,0.422,2.611
1789243320,755286523,192.903,robot_0,-0.488,0.058
1789243320,755354126,192.903,robot_1,-1.744,0.788
1789243320,755393635,192.903,robot_2,0.422,2.610
1789243320,984560711,193.132,robot_0,-0.469,0.060
1789243320,984648107,193.132,robot_1,-1.744,0.788
1789243320,984690561,193.132,robot_2,0.421,2.610
1789243321,198235532,193.346,robot_0,-0.469,0.060
1789243321,198297708,193.346,robot_1,-1.745,0.788
1789243321,198342120,193.346,robot_2,0.421,2.609
1789243321,404100722,193.552,robot_0,-0.469,0.060
1789243321,404165791,193.552,robot_1,-1.745,0.789
1789243321,404205079,193.552,robot_2,0.421,2.609
1789243321,611968348,193.760,robot_0,-0.469,0.059
1789243321,612032686,193.760,robot_1,-1.745,0.789
1789243321,612072546,193.760,robot_2,0.420,2.609
1789243321,816250051,193.964,robot_0,-0.470,0.059
1789243321,816312521,193.964,robot_1,-1.746,0.789
1789243321,816352947,193.964,robot_2,0.420,2.609
1789243322,40139611,194.188,robot_0,-0.470,0.058
1789243322,40215603,194.188,robot_1,-1.746,0.789
1789243322,40256487,194.188,robot_2,0.420,2.609
1789243322,251604911,194.399,robot_0,-0.471,0.058
1789243322,251672343,194.399,robot_1,-1.747,0.789
1789243322,251710619,194.399,robot_2,0.420,2.609
1789243322,465044599,194.613,robot_0,-0.471,0.058
1789243322,465786725,194.613,robot_1,-1.747,0.789
1789243322,465869177,194.613,robot_2,0.420,2.609
1789243322,668653342,194.816,robot_0,-0.472,0.058
1789243322,668712943,194.816,robot_1,-1.747,0.789
1789243322,668748852,194.816,robot_2,0.420,2.609
1789243322,888320849,195.036,robot_0,-0.472,0.058
1789243322,888403347,195.036,robot_1,-1.748,0.788
1789243322,888448052,195.036,robot_2,0.421,2.609
1789243323,105236759,195.253,robot_0,-0.474,0.037
1789243323,105303895,195.253,robot_1,-1.748,0.788
1789243323,105348867,195.253,robot_2,0.421,2.610
1789243323,320559974,195.468,robot_0,-0.475,0.025
1789243323,320648972,195.468,robot_1,-1.748,0.788
1789243323,320688649,195.468,robot_2,0.421,2.610
1789243323,522020766,195.670,robot_0,-0.471,0.083
1789243323,522081916,195.670,robot_1,-1.748,0.787
1789243323,522125178,195.670,robot_2,0.421,2.611
1789243323,754391548,195.902,robot_0,-0.470,0.084
1789243323,754459818,195.902,robot_1,-1.748,0.787
1789243323,754504331,195.902,robot_2,0.421,2.611
1789243323,964960446,196.113,robot_0,-0.470,0.084
1789243323,965031847,196.113,robot_1,-1.748,0.786
1789243323,965079456,196.113,robot_2,0.421,2.612
1789243324,188406459,196.336,robot_0,-0.469,0.085
1789243324,188480790,196.336,robot_1,-1.748,0.786
1789243324,188529204,196.336,robot_2,0.421,2.612
1789243324,397846648,196.545,robot_0,-0.469,0.085
1789243324,397943024,196.546,robot_1,-1.750,0.785
1789243324,397984391,196.546,robot_2,0.421,2.612
1789243324,612299524,196.760,robot_0,-0.469,0.085
1789243324,612382450,196.760,robot_1,-1.787,0.773
1789243324,612423216,196.760,robot_2,0.420,2.613
1789243324,827906971,196.976,robot_0,-0.468,0.085
1789243324,827973129,196.976,robot_1,-1.806,0.768
1789243324,828011335,196.976,robot_2,0.420,2.613
1789243325,28150239,197.176,robot_0,-0.468,0.086
1789243325,28219612,197.176,robot_1,-1.785,0.776
1789243325,28263178,197.176,robot_2,0.420,2.613
1789243325,246867672,197.394,robot_0,-0.468,0.086
1789243325,246938247,197.395,robot_1,-1.761,0.788
1789243325,246986066,197.395,robot_2,0.419,2.613
1789243325,453960069,197.602,robot_0,-0.468,0.087
1789243325,454023984,197.602,robot_1,-1.760,0.788
1789243325,454067218,197.602,robot_2,0.419,2.613
1789243325,674603750,197.822,robot_0,-0.468,0.087
1789243325,674675334,197.822,robot_1,-1.728,0.815
1789243325,674720285,197.822,robot_2,0.420,2.638
1789243325,885917615,198.034,robot_0,-0.468,0.087
1789243325,885997662,198.034,robot_1,-1.689,0.852
1789243325,886047614,198.034,robot_2,0.421,2.659
1789243326,94976125,198.243,robot_0,-0.468,0.088
1789243326,95080342,198.243,robot_1,-1.649,0.889
1789243326,95124369,198.243,robot_2,0.421,2.659
1789243326,296355755,198.444,robot_0,-0.468,0.088
1789243326,296421018,198.444,robot_1,-1.637,0.901
1789243326,296453838,198.444,robot_2,0.421,2.659
1789243326,515563939,198.663,robot_0,-0.469,0.089
1789243326,515641583,198.663,robot_1,-1.637,0.900
1789243326,515686536,198.663,robot_2,0.421,2.660
1789243326,725715256,198.873,robot_0,-0.469,0.089
1789243326,725789451,198.873,robot_1,-1.637,0.900
1789243326,725826399,198.873,robot_2,0.426,2.700
1789243326,947751304,199.095,robot_0,-0.470,0.089
1789243326,947823962,199.095,robot_1,-1.639,0.890
1789243326,947864910,199.095,robot_2,0.430,2.725
1789243327,162520160,199.310,robot_0,-0.470,0.089
1789243327,165009355,199.313,robot_1,-1.646,0.866
1789243327,165100906,199.313,robot_2,0.430,2.725
1789243327,366738041,199.514,robot_0,-0.470,0.089
1789243327,366807336,199.514,robot_1,-1.638,0.906
1789243327,366844920,199.514,robot_2,0.430,2.725
1789243327,568383872,199.716,robot_0,-0.470,0.089
1789243327,568462750,199.716,robot_1,-1.636,0.915
1789243327,568505707,199.716,robot_2,0.430,2.725
1789243327,789436045,199.937,robot_0,-0.470,0.089
1789243327,789507929,199.937,robot_1,-1.613,0.963
1789243327,789549861,199.937,robot_2,0.428,2.751
1789243327,994713409,200.142,robot_0,-0.468,0.096
1789243327,994787845,200.142,robot_1,-1.596,0.993
1789243327,994828157,200.142,robot_2,0.425,2.785
1789243328,213884845,200.362,robot_0,-0.457,0.138
1789243328,213952851,200.362,robot_1,-1.612,0.966
1789243328,213990049,200.362,robot_2,0.419,2.829
1789243328,438054746,200.586,robot_0,-0.455,0.147
1789243328,438122458,200.586,robot_1,-1.590,1.003
1789243328,438155706,200.586,robot_2,0.415,2.854
1789243328,652444533,200.800,robot_0,-0.450,0.181
1789243328,652516829,200.800,robot_1,-1.561,1.052
1789243328,652556069,200.800,robot_2,0.416,2.854
1789243328,857899767,201.006,robot_0,-0.444,0.221
1789243328,857970025,201.006,robot_1,-1.536,1.094
1789243328,858001480,201.006,robot_2,0.416,2.854
1789243329,72041995,201.220,robot_0,-0.439,0.252
1789243329,72113048,201.220,robot_1,-1.535,1.095
1789243329,72147269,201.220,robot_2,0.417,2.853
1789243329,293327749,201.441,robot_0,-0.433,0.294
1789243329,293391303,201.441,robot_1,-1.534,1.097
1789243329,293424499,201.441,robot_2,0.417,2.853
1789243329,494585166,201.642,robot_0,-0.429,0.327
1789243329,494654684,201.642,robot_1,-1.525,1.136
1789243329,494694175,201.642,robot_2,0.418,2.853
1789243329,716382318,201.864,robot_0,-0.428,0.327
1789243329,716450213,201.864,robot_1,-1.518,1.184
1789243329,716489988,201.864,robot_2,0.418,2.852
1789243329,922802345,202.070,robot_0,-0.428,0.327
1789243329,922868980,202.070,robot_1,-1.509,1.244
1789243329,922907811,202.071,robot_2,0.418,2.852
1789243330,138493931,202.286,robot_0,-0.428,0.326
1789243330,138560469,202.286,robot_1,-1.510,1.235
1789243330,138594719,202.286,robot_2,0.418,2.851
1789243330,340438783,202.488,robot_0,-0.427,0.326
1789243330,340506536,202.488,robot_1,-1.514,1.200
1789243330,340542151,202.488,robot_2,0.418,2.850
1789243330,569401401,202.717,robot_0,-0.427,0.325
1789243330,569465012,202.717,robot_1,-1.514,1.200
1789243330,569501781,202.717,robot_2,0.425,2.849
1789243330,770840085,202.918,robot_0,-0.427,0.325
1789243330,770912306,202.919,robot_1,-1.513,1.200
1789243330,771523318,202.919,robot_2,0.470,2.839
1789243330,991854852,203.139,robot_0,-0.426,0.324
1789243330,991945023,203.140,robot_1,-1.513,1.200
1789243330,991988104,203.140,robot_2,0.513,2.830
1789243331,196275020,203.344,robot_0,-0.427,0.324
1789243331,196341879,203.344,robot_1,-1.513,1.200
1789243331,196372806,203.344,robot_2,0.544,2.823
1789243331,410044141,203.558,robot_0,-0.427,0.323
1789243331,410107980,203.558,robot_1,-1.512,1.200
1789243331,410141070,203.558,robot_2,0.580,2.815
1789243331,624598241,203.772,robot_0,-0.436,0.328
1789243331,624661121,203.772,robot_1,-1.512,1.201
1789243331,624695515,203.772,robot_2,0.546,2.823
1789243331,865826574,204.013,robot_0,-0.472,0.348
1789243331,865888704,204.014,robot_1,-1.512,1.201
1789243331,865928791,204.014,robot_2,0.476,2.838
1789243332,81731000,204.229,robot_0,-0.456,0.338
1789243332,81790585,204.229,robot_1,-1.512,1.202
1789243332,81822169,204.229,robot_2,0.462,2.841
1789243332,282409649,204.430,robot_0,-0.456,0.338
1789243332,284193173,204.432,robot_1,-1.512,1.202
1789243332,284264728,204.432,robot_2,0.462,2.841
1789243332,489703902,204.637,robot_0,-0.456,0.339
1789243332,489765051,204.637,robot_1,-1.512,1.202
1789243332,489796580,204.637,robot_2,0.462,2.841
1789243332,696857905,204.844,robot_0,-0.456,0.339
1789243332,696935900,204.845,robot_1,-1.512,1.203
1789243332,696974303,204.845,robot_2,0.438,2.840
1789243332,914119241,205.062,robot_0,-0.456,0.340
1789243332,914192188,205.062,robot_1,-1.512,1.203
1789243332,915550443,205.063,robot_2,0.388,2.837
1789243333,121253459,205.269,robot_0,-0.468,0.337
1789243333,121316658,205.269,robot_1,-1.512,1.204
1789243333,121352457,205.269,robot_2,0.388,2.837
1789243333,321307423,205.469,robot_0,-0.512,0.321
1789243333,321376715,205.469,robot_1,-1.512,1.204
1789243333,321410784,205.469,robot_2,0.388,2.837
1789243333,522745033,205.670,robot_0,-0.564,0.300
1789243333,522810635,205.670,robot_1,-1.512,1.204
1789243333,522849630,205.670,robot_2,0.401,2.842
1789243333,735004679,205.883,robot_0,-0.575,0.295
1789243333,735082156,205.883,robot_1,-1.513,1.204
1789243333,735123860,205.883,robot_2,0.431,2.853
1789243333,936843968,206.084,robot_0,-0.574,0.295
1789243333,936908631,206.085,robot_1,-1.513,1.205
1789243333,936948630,206.085,robot_2,0.442,2.857
1789243334,173049955,206.321,robot_0,-0.574,0.294
1789243334,173117113,206.321,robot_1,-1.514,1.205
1789243334,173149204,206.321,robot_2,0.407,2.837
1789243334,376663200,206.524,robot_0,-0.574,0.294
1789243334,376733287,206.524,robot_1,-1.522,1.168
1789243334,376771036,206.524,robot_2,0.400,2.833
1789243334,591584442,206.739,robot_0,-0.574,0.294
1789243334,591660536,206.739,robot_1,-1.530,1.130
1789243334,591703651,206.739,robot_2,0.400,2.834
1789243334,796642903,206.944,robot_0,-0.574,0.294
1789243334,796712472,206.944,robot_1,-1.542,1.081
1789243334,796749833,206.944,robot_2,0.400,2.834
1789243335,6364103,207.154,robot_0,-0.574,0.294
1789243335,6927216,207.155,robot_1,-1.543,1.079
1789243335,6986138,207.155,robot_2,0.408,2.852
1789243335,207626876,207.355,robot_0,-0.575,0.295
1789243335,207690538,207.355,robot_1,-1.532,1.120
1789243335,207719434,207.355,robot_2,0.418,2.878
1789243335,421742195,207.569,robot_0,-0.575,0.295
1789243335,421818511,207.569,robot_1,-1.527,1.138
1789243335,421858953,207.569,robot_2,0.417,2.878
1789243335,631973803,207.780,robot_0,-0.575,0.295
1789243335,632046834,207.780,robot_1,-1.535,1.102
1789243335,632082907,207.780,robot_2,0.417,2.880
1789243335,837087064,207.985,robot_0,-0.575,0.296
1789243335,837156427,207.985,robot_1,-1.545,1.052
1789243335,837193235,207.985,robot_2,0.419,2.910
1789243336,42319415,208.190,robot_0,-0.576,0.296
1789243336,42398679,208.190,robot_1,-1.556,0.999
1789243336,42440319,208.190,robot_2,0.418,2.946
1789243336,265321696,208.413,robot_0,-0.576,0.296
1789243336,265386986,208.413,robot_1,-1.561,0.977
1789243336,265418883,208.413,robot_2,0.418,2.988
1789243336,466286647,208.614,robot_0,-0.576,0.296
1789243336,466368379,208.614,robot_1,-1.560,0.977
1789243336,466405865,208.614,robot_2,0.417,3.018
1789243336,678973010,208.827,robot_0,-0.577,0.296
1789243336,679041022,208.827,robot_1,-1.560,0.976
1789243336,679072557,208.827,robot_2,0.417,3.033
1789243336,880373351,209.028,robot_0,-0.577,0.296
1789243336,880445367,209.028,robot_1,-1.560,0.976
1789243336,880486349,209.028,robot_2,0.417,3.033
1789243337,112492779,209.260,robot_0,-0.578,0.296
1789243337,112560799,209.260,robot_1,-1.559,0.976
1789243337,112593726,209.260,robot_2,0.418,3.033
1789243337,331431169,209.479,robot_0,-0.578,0.296
1789243337,331504916,209.479,robot_1,-1.560,0.976
1789243337,331543932,209.479,robot_2,0.418,3.033
1789243337,564043324,209.712,robot_0,-0.579,0.296
1789243337,564110792,209.712,robot_1,-1.560,0.976
1789243337,564147738,209.712,robot_2,0.419,3.033
1789243337,783286263,209.931,robot_0,-0.579,0.295
1789243337,783355390,209.931,robot_1,-1.560,0.976
1789243337,783391437,209.931,robot_2,0.419,3.032
1789243337,997756710,210.145,robot_0,-0.579,0.295
1789243338,237998,210.148,robot_1,-1.561,0.976
1789243338,332908,210.148,robot_2,0.419,3.032
1789243338,223635327,210.371,robot_0,-0.579,0.295
1789243338,223708205,210.371,robot_1,-1.561,0.976
1789243338,223753366,210.371,robot_2,0.420,3.031
1789243338,427882374,210.576,robot_0,-0.579,0.294
1789243338,427972372,210.576,robot_1,-1.562,0.976
1789243338,428013385,210.576,robot_2,0.420,3.030
1789243338,640196328,210.788,robot_0,-0.579,0.294
1789243338,640274840,210.788,robot_1,-1.562,0.976
1789243338,640310603,210.788,robot_2,0.419,3.030
1789243338,850553199,210.998,robot_0,-0.579,0.294
1789243338,850615963,210.998,robot_1,-1.562,0.976
1789243338,850647958,210.998,robot_2,0.360,3.045
1789243339,74745900,211.222,robot_0,-0.579,0.293
1789243339,74814396,211.222,robot_1,-1.563,0.976
1789243339,74860251,211.222,robot_2,0.313,3.057
1789243339,280730678,211.428,robot_0,-0.579,0.293
1789243339,280801857,211.428,robot_1,-1.563,0.975
1789243339,280838601,211.428,robot_2,0.328,3.053
1789243339,484892643,211.633,robot_0,-0.579,0.293
1789243339,484954008,211.633,robot_1,-1.563,0.975
1789243339,484986225,211.633,robot_2,0.289,3.063
1789243339,688329490,211.836,robot_0,-0.550,0.305
1789243339,688393360,211.836,robot_1,-1.563,0.975
1789243339,688424041,211.836,robot_2,0.284,3.065
1789243339,893376515,212.041,robot_0,-0.504,0.325
1789243339,893439744,212.041,robot_1,-1.563,0.974
1789243339,893470533,212.041,robot_2,0.284,3.065
1789243340,108267425,212.256,robot_0,-0.502,0.326
1789243340,108342845,212.256,robot_1,-1.563,0.974
1789243340,108385441,212.256,robot_2,0.284,3.065
1789243340,329890335,212.479,robot_0,-0.502,0.326
1789243340,331233329,212.479,robot_1,-1.563,0.973
1789243340,331286662,212.479,robot_2,0.284,3.065
1789243340,549566187,212.697,robot_0,-0.501,0.325
1789243340,549639530,212.697,robot_1,-1.597,0.960
1789243340,549680809,212.697,robot_2,0.284,3.066
1789243340,771684602,212.919,robot_0,-0.501,0.325
1789243340,771772117,212.919,robot_1,-1.633,0.947
1789243340,771803624,212.919,robot_2,0.284,3.066
1789243341,2122611,213.150,robot_0,-0.501,0.325
1789243341,2195410,213.150,robot_1,-1.680,0.930
1789243341,2242381,213.150,robot_2,0.283,3.067
1789243341,208297832,213.356,robot_0,-0.500,0.325
1789243341,208370727,213.356,robot_1,-1.700,0.922
1789243341,208418785,213.356,robot_2,0.283,3.067
1789243341,414683196,213.562,robot_0,-0.500,0.325
1789243341,414753655,213.562,robot_1,-1.700,0.922
1789243341,414796980,213.562,robot_2,0.283,3.067
1789243341,627757363,213.775,robot_0,-0.499,0.325
1789243341,627820655,213.775,robot_1,-1.700,0.923
1789243341,627858782,213.775,robot_2,0.282,3.067
1789243341,838680696,213.986,robot_0,-0.499,0.325
1789243341,838753135,213.986,robot_1,-1.700,0.923
1789243341,838798813,213.986,robot_2,0.282,3.067
1789243342,39969207,214.188,robot_0,-0.499,0.325
1789243342,40045476,214.188,robot_1,-1.699,0.924
1789243342,40092211,214.188,robot_2,0.282,3.068
1789243342,270243606,214.418,robot_0,-0.498,0.325
1789243342,270318998,214.418,robot_1,-1.699,0.924
1789243342,270363328,214.418,robot_2,0.281,3.068
1789243342,488711823,214.636,robot_0,-0.498,0.326
1789243342,488778656,214.636,robot_1,-1.699,0.925
1789243342,488820537,214.636,robot_2,0.281,3.067
1789243342,690208424,214.838,robot_0,-0.498,0.326
1789243342,690271487,214.838,robot_1,-1.698,0.925
1789243342,690313336,214.838,robot_2,0.280,3.067
1789243342,890838380,215.038,robot_0,-0.497,0.326
1789243342,890932679,215.039,robot_1,-1.698,0.925
1789243342,890983218,215.039,robot_2,0.280,3.067
1789243343,111016517,215.259,robot_0,-0.497,0.327
1789243343,111085567,215.259,robot_1,-1.697,0.925
1789243343,111127846,215.259,robot_2,0.279,3.067
1789243343,313230798,215.461,robot_0,-0.497,0.327
1789243343,313300928,215.461,robot_1,-1.697,0.925
1789243343,313346618,215.461,robot_2,0.279,3.066
1789243343,524963636,215.673,robot_0,-0.497,0.328
1789243343,525034122,215.673,robot_1,-1.697,0.925
1789243343,525075271,215.673,robot_2,0.279,3.066
1789243343,751114779,215.899,robot_0,-0.498,0.328
1789243343,751188853,215.899,robot_1,-1.697,0.925
1789243343,751236928,215.899,robot_2,0.326,3.042
1789243343,952678447,216.100,robot_0,-0.535,0.314
1789243343,952748631,216.100,robot_1,-1.697,0.925
1789243343,952792935,216.100,robot_2,0.354,3.028
1789243344,173136222,216.321,robot_0,-0.547,0.309
1789243344,173200889,216.321,robot_1,-1.698,0.925
1789243344,173240703,216.321,robot_2,0.360,3.026
1789243344,396480110,216.544,robot_0,-0.521,0.317
1789243344,396556825,216.544,robot_1,-1.698,0.925
1789243344,400129679,216.548,robot_2,0.399,3.015
1789243344,601794633,216.749,robot_0,-0.567,0.303
1789243344,601870778,216.749,robot_1,-1.698,0.925
1789243344,601925050,216.750,robot_2,0.417,3.011
1789243344,823142814,216.971,robot_0,-0.577,0.300
1789243344,823204136,216.971,robot_1,-1.698,0.924
1789243344,823243136,216.971,robot_2,0.476,3.011
1789243345,26879001,217.175,robot_0,-0.570,0.302
1789243345,29501961,217.177,robot_1,-1.699,0.924
1789243345,29583509,217.178,robot_2,0.487,3.011
1789243345,236596867,217.384,robot_0,-0.570,0.302
1789243345,236663749,217.384,robot_1,-1.699,0.923
1789243345,236702392,217.384,robot_2,0.487,3.012
1789243345,463571752,217.611,robot_0,-0.570,0.302
1789243345,463639299,217.611,robot_1,-1.699,0.923
1789243345,463680316,217.611,robot_2,0.487,3.012
1789243345,672351083,217.820,robot_0,-0.568,0.305
1789243345,672417460,217.820,robot_1,-1.699,0.922
1789243345,672457609,217.820,robot_2,0.444,3.028
1789243345,895424483,218.043,robot_0,-0.544,0.329
1789243345,895495755,218.043,robot_1,-1.699,0.922
1789243345,895542986,218.043,robot_2,0.425,3.037
1789243346,125291450,218.273,robot_0,-0.544,0.330
1789243346,125365921,218.273,robot_1,-1.698,0.922
1789243346,125406595,218.273,robot_2,0.425,3.037
1789243346,345009194,218.493,robot_0,-0.544,0.329
1789243346,345071484,218.493,robot_1,-1.698,0.921
1789243346,345110683,218.493,robot_2,0.425,3.036
1789243346,556044431,218.704,robot_0,-0.544,0.330
1789243346,556109553,218.704,robot_1,-1.698,0.921
1789243346,556147497,218.704,robot_2,0.425,3.036
1789243346,765734323,218.913,robot_0,-0.544,0.330
1789243346,765804617,218.913,robot_1,-1.697,0.921
1789243346,765841525,218.913,robot_2,0.425,3.035
1789243346,973714867,219.121,robot_0,-0.545,0.330
1789243346,973782686,219.121,robot_1,-1.697,0.921
1789243346,973823960,219.121,robot_2,0.425,3.035
1789243347,174167450,219.322,robot_0,-0.545,0.330
1789243347,174230488,219.322,robot_1,-1.697,0.921
1789243347,174269848,219.322,robot_2,0.425,3.035
1789243347,385454285,219.533,robot_0,-0.546,0.330
1789243347,385525016,219.533,robot_1,-1.694,0.955
1789243347,385562537,219.533,robot_2,0.425,3.034
1789243347,599099837,219.747,robot_0,-0.546,0.330
1789243347,599162299,219.747,robot_1,-1.693,0.991
1789243347,599200962,219.747,robot_2,0.426,3.034
1789243347,830887955,219.979,robot_0,-0.546,0.330
1789243347,830956174,219.979,robot_1,-1.692,1.034
1789243347,830999642,219.979,robot_2,0.426,3.034
1789243348,46372224,220.194,robot_0,-0.547,0.330
1789243348,46453772,220.194,robot_1,-1.692,1.035
1789243348,46521860,220.194,robot_2,0.427,3.034
1789243348,259612958,220.407,robot_0,-0.547,0.329
1789243348,259661795,220.407,robot_1,-1.688,1.065
1789243348,259688346,220.407,robot_2,0.427,3.034
1789243348,483383315,220.631,robot_0,-0.547,0.329
1789243348,483442884,220.631,robot_1,-1.677,1.122
1789243348,483476857,220.631,robot_2,0.428,3.034
1789243348,692191684,220.840,robot_0,-0.548,0.329
1789243348,692265749,220.840,robot_1,-1.668,1.165
1789243348,692315548,220.840,robot_2,0.428,3.034
1789243348,910965849,221.059,robot_0,-0.548,0.328
1789243348,911036405,221.059,robot_1,-1.658,1.204
1789243348,913146422,221.061,robot_2,0.428,3.034
1789243349,112681082,221.260,robot_0,-0.548,0.328
1789243349,112751917,221.260,robot_1,-1.645,1.235
1789243349,112795970,221.260,robot_2,0.429,3.034
1789243349,325473269,221.473,robot_0,-0.548,0.327
1789243349,325545313,221.473,robot_1,-1.638,1.250
1789243349,325582582,221.473,robot_2,0.429,3.034
1789243349,526374992,221.674,robot_0,-0.548,0.327
1789243349,526445472,221.674,robot_1,-1.614,1.278
1789243349,526480492,221.674,robot_2,0.429,3.035
1789243349,749002711,221.897,robot_0,-0.548,0.327
1789243349,749064681,221.897,robot_1,-1.577,1.313
1789243349,749098976,221.897,robot_2,0.443,3.025
1789243349,961131756,222.109,robot_0,-0.548,0.326
1789243349,961202105,222.109,robot_1,-1.569,1.320
1789243349,961234426,222.109,robot_2,0.477,3.000
1789243350,164972281,222.313,robot_0,-0.547,0.326
1789243350,165037239,222.313,robot_1,-1.593,1.301
1789243350,165071780,222.313,robot_2,0.513,2.974
1789243350,379206848,222.527,robot_0,-0.547,0.326
1789243350,379275292,222.527,robot_1,-1.573,1.317
1789243350,379314553,222.527,robot_2,0.523,2.967
1789243350,589139643,222.737,robot_0,-0.547,0.326
1789243350,589198454,222.737,robot_1,-1.540,1.341
1789243350,589229640,222.737,robot_2,0.523,2.966
1789243350,823516178,222.971,robot_0,-0.552,0.319
1789243350,823571596,222.971,robot_1,-1.538,1.343
1789243350,823598275,222.971,robot_2,0.523,2.966
1789243351,51499079,223.199,robot_0,-0.573,0.290
1789243351,51588538,223.199,robot_1,-1.538,1.343
1789243351,51625473,223.199,robot_2,0.522,2.966
1789243351,253227222,223.401,robot_0,-0.595,0.254
1789243351,253292620,223.401,robot_1,-1.538,1.343
1789243351,253330583,223.401,robot_2,0.522,2.966
1789243351,465550778,223.613,robot_0,-0.597,0.251
1789243351,465617258,223.613,robot_1,-1.537,1.342
1789243351,465659262,223.613,robot_2,0.521,2.966
1789243351,666102447,223.814,robot_0,-0.594,0.257
1789243351,666171136,223.814,robot_1,-1.537,1.342
1789243351,666210832,223.814,robot_2,0.520,2.966
1789243351,897015336,224.045,robot_0,-0.583,0.297
1789243351,897082002,224.045,robot_1,-1.537,1.342
1789243351,897114431,224.045,robot_2,0.520,2.966
1789243352,97253810,224.245,robot_0,-0.571,0.352
1789243352,97323366,224.245,robot_1,-1.536,1.342
1789243352,97358208,224.245,robot_2,0.519,2.966
1789243352,324888293,224.473,robot_0,-0.561,0.403
1789243352,324958386,224.473,robot_1,-1.536,1.342
1789243352,324996051,224.473,robot_2,0.519,2.967
1789243352,527528444,224.675,robot_0,-0.561,0.404
1789243352,527594754,224.675,robot_1,-1.535,1.342
1789243352,527631376,224.675,robot_2,0.519,2.967
1789243352,741138798,224.889,robot_0,-0.554,0.422
1789243352,741210037,224.889,robot_1,-1.535,1.343
1789243352,741244551,224.889,robot_2,0.519,2.967
1789243352,959418260,225.107,robot_0,-0.536,0.469
1789243352,959481567,225.113,robot_1,-1.535,1.343
1789243352,965748679,225.113,robot_2,0.519,2.967
1789243353,172773423,225.320,robot_0,-0.524,0.500
1789243353,172838222,225.320,robot_1,-1.534,1.343
1789243353,175090085,225.323,robot_2,0.519,2.967
1789243353,392557287,225.540,robot_0,-0.524,0.501
1789243353,392623294,225.540,robot_1,-1.534,1.344
1789243353,392656344,225.540,robot_2,0.520,2.966
1789243353,600417774,225.748,robot_0,-0.524,0.501
1789243353,600502550,225.748,robot_1,-1.534,1.344
1789243353,600538558,225.748,robot_2,0.520,2.966
1789243353,830771561,225.978,robot_0,-0.523,0.501
1789243353,830835148,225.978,robot_1,-1.534,1.345
1789243353,830873609,225.978,robot_2,0.521,2.966
1789243354,49360732,226.197,robot_0,-0.523,0.500
1789243354,49414211,226.197,robot_1,-1.534,1.345
1789243354,49440534,226.197,robot_2,0.521,2.966
1789243354,280861890,226.428,robot_0,-0.522,0.501
1789243354,280930286,226.429,robot_1,-1.534,1.345
1789243354,280963630,226.429,robot_2,0.522,2.966
1789243354,500422216,226.648,robot_0,-0.522,0.501
1789243354,500492639,226.648,robot_1,-1.520,1.351
1789243354,500536941,226.648,robot_2,0.522,2.967
1789243354,717715646,226.865,robot_0,-0.522,0.501
1789243354,717764615,226.865,robot_1,-1.504,1.357
1789243354,717787935,226.865,robot_2,0.522,2.967
1789243354,933972369,227.082,robot_0,-0.521,0.501
1789243354,934034532,227.082,robot_1,-1.477,1.364
1789243354,934066126,227.082,robot_2,0.523,2.967
1789243355,155180254,227.303,robot_0,-0.521,0.502
1789243355,155256767,227.303,robot_1,-1.440,1.373
1789243355,155288966,227.303,robot_2,0.523,2.968
1789243355,377137994,227.525,robot_0,-0.521,0.502
1789243355,377203450,227.525,robot_1,-1.427,1.377
1789243355,377233703,227.525,robot_2,0.523,2.968
1789243355,602180173,227.750,robot_0,-0.521,0.502
1789243355,602248155,227.750,robot_1,-1.405,1.384
1789243355,602286062,227.750,robot_2,0.523,2.969
1789243355,832870135,227.981,robot_0,-0.521,0.503
1789243355,835000394,227.983,robot_1,-1.405,1.384
1789243355,835063434,227.983,robot_2,0.523,2.969
1789243356,49041372,228.197,robot_0,-0.521,0.503
1789243356,49100149,228.197,robot_1,-1.405,1.383
1789243356,49129965,228.197,robot_2,0.523,2.970
1789243356,264201977,228.412,robot_0,-0.521,0.504
1789243356,264295245,228.412,robot_1,-1.381,1.384
1789243356,264327208,228.412,robot_2,0.523,2.970
1789243356,461172010,228.609,robot_0,-0.521,0.504
1789243356,461238266,228.609,robot_1,-1.341,1.382
1789243356,461272012,228.609,robot_2,0.523,2.970
1789243356,667374459,228.815,robot_0,-0.521,0.505
1789243356,667434041,228.815,robot_1,-1.314,1.381
1789243356,667467152,228.815,robot_2,0.522,2.970
1789243356,893908499,229.042,robot_0,-0.521,0.505
1789243356,893981178,229.042,robot_1,-1.327,1.382
1789243356,894023957,229.042,robot_2,0.522,2.971
1789243357,122230994,229.270,robot_0,-0.522,0.505
1789243357,122290306,229.270,robot_1,-1.282,1.380
1789243357,122321942,229.270,robot_2,0.522,2.971
1789243357,341821470,229.489,robot_0,-0.540,0.472
1789243357,341886400,229.490,robot_1,-1.282,1.380
1789243357,341926320,229.490,robot_2,0.521,2.971
1789243357,559575734,229.707,robot_0,-0.557,0.439
1789243357,559645454,229.707,robot_1,-1.282,1.380
1789243357,559688867,229.707,robot_2,0.521,2.971
1789243357,777481249,229.925,robot_0,-0.543,0.470
1789243357,777548856,229.925,robot_1,-1.282,1.381
1789243357,777591540,229.925,robot_2,0.520,2.971
1789243357,992782848,230.140,robot_0,-0.553,0.447
1789243357,992846141,230.140,robot_1,-1.282,1.381
1789243357,992884055,230.141,robot_2,0.520,2.972
1789243358,200690643,230.348,robot_0,-0.576,0.397
1789243358,200751200,230.348,robot_1,-1.282,1.381
1789243358,200781536,230.348,robot_2,0.512,3.009
1789243358,430383233,230.578,robot_0,-0.578,0.394
1789243358,430455488,230.578,robot_1,-1.282,1.382
1789243358,430491831,230.578,robot_2,0.505,3.042
1789243358,647961038,230.796,robot_0,-0.601,0.351
1789243358,648032483,230.796,robot_1,-1.283,1.382
1789243358,648075852,230.796,robot_2,0.499,3.066
1789243358,853074416,231.001,robot_0,-0.619,0.318
1789243358,853146803,231.001,robot_1,-1.283,1.382
1789243358,853186614,231.001,robot_2,0.499,3.066
1789243359,72671018,231.220,robot_0,-0.616,0.323
1789243359,72739028,231.220,robot_1,-1.284,1.382
1789243359,72781622,231.220,robot_2,0.499,3.066
1789243359,275429620,231.423,robot_0,-0.616,0.324
1789243359,275511248,231.423,robot_1,-1.284,1.382
1789243359,275545550,231.423,robot_2,0.498,3.066
1789243359,496082361,231.644,robot_0,-0.616,0.324
1789243359,496183047,231.644,robot_1,-1.284,1.382
1789243359,496221811,231.644,robot_2,0.498,3.066
1789243359,694165965,231.842,robot_0,-0.622,0.312
1789243359,694234870,231.842,robot_1,-1.285,1.382
1789243359,694271454,231.842,robot_2,0.498,3.065
1789243359,898622194,232.046,robot_0,-0.643,0.269
1789243359,898704948,232.046,robot_1,-1.285,1.382
1789243359,898745891,232.046,robot_2,0.497,3.065
1789243360,122975708,232.271,robot_0,-0.653,0.248
1789243360,123098895,232.271,robot_1,-1.286,1.382
1789243360,123138479,232.271,robot_2,0.497,3.064
1789243360,326445688,232.474,robot_0,-0.653,0.248
1789243360,326517530,232.474,robot_1,-1.286,1.381
1789243360,326550422,232.474,robot_2,0.498,3.064
1789243360,536075686,232.684,robot_0,-0.654,0.248
1789243360,536149275,232.684,robot_1,-1.286,1.381
1789243360,536181132,232.684,robot_2,0.498,3.063
1789243360,741464829,232.889,robot_0,-0.654,0.248
1789243360,741537130,232.889,robot_1,-1.286,1.380
1789243360,741570002,232.889,robot_2,0.498,3.063
1789243360,970162787,233.118,robot_0,-0.655,0.248
1789243360,970231042,233.118,robot_1,-1.286,1.380
1789243360,970266700,233.118,robot_2,0.540,3.088
1789243361,205275682,233.353,robot_0,-0.655,0.248
1789243361,205368112,233.353,robot_1,-1.288,1.380
1789243361,205413046,233.353,robot_2,0.565,3.103
1789243361,410186751,233.558,robot_0,-0.655,0.248
1789243361,410264963,233.558,robot_1,-1.328,1.386
1789243361,410303954,233.558,robot_2,0.565,3.103
1789243361,613673874,233.761,robot_0,-0.656,0.248
1789243361,613737511,233.761,robot_1,-1.362,1.391
1789243361,613766376,233.761,robot_2,0.565,3.103
1789243361,823379273,233.971,robot_0,-0.656,0.247
1789243361,823446152,233.971,robot_1,-1.404,1.397
1789243361,823480760,233.971,robot_2,0.566,3.103
1789243362,37035009,234.185,robot_0,-0.656,0.247
1789243362,37120148,234.185,robot_1,-1.419,1.400
1789243362,37154380,234.185,robot_2,0.566,3.103
1789243362,240998296,234.389,robot_0,-0.656,0.246
1789243362,241064781,234.389,robot_1,-1.419,1.400
1789243362,241092955,234.389,robot_2,0.566,3.103
1789243362,449474144,234.597,robot_0,-0.656,0.246
1789243362,449545715,234.597,robot_1,-1.418,1.400
1789243362,449578434,234.597,robot_2,0.567,3.103
1789243362,661801893,234.809,robot_0,-0.656,0.246
1789243362,661867734,234.809,robot_1,-1.418,1.401
1789243362,661900014,234.810,robot_2,0.567,3.103
1789243362,874196821,235.022,robot_0,-0.656,0.245
1789243362,874275323,235.022,robot_1,-1.417,1.401
1789243362,874312187,235.022,robot_2,0.568,3.103
1789243363,99208941,235.247,robot_0,-0.656,0.245
1789243363,99285519,235.247,robot_1,-1.417,1.401
1789243363,99318794,235.247,robot_2,0.568,3.103
1789243363,306624938,235.454,robot_0,-0.656,0.244
1789243363,306702546,235.454,robot_1,-1.416,1.402
1789243363,306740444,235.454,robot_2,0.568,3.103
1789243363,510426875,235.658,robot_0,-0.656,0.244
1789243363,510500579,235.658,robot_1,-1.416,1.402
1789243363,510530818,235.658,robot_2,0.569,3.104
1789243363,729352393,235.877,robot_0,-0.648,0.254
1789243363,729424758,235.877,robot_1,-1.415,1.401
1789243363,729455079,235.877,robot_2,0.569,3.104
1789243363,954481016,236.102,robot_0,-0.608,0.311
1789243363,954552900,236.102,robot_1,-1.415,1.401
1789243363,954586636,236.102,robot_2,0.569,3.104
1789243364,181175712,236.329,robot_0,-0.585,0.344
1789243364,181261049,236.329,robot_1,-1.419,1.393
1789243364,181301866,236.329,robot_2,0.569,3.105
1789243364,383022784,236.531,robot_0,-0.562,0.379
1789243364,383093793,236.531,robot_1,-1.438,1.356
1789243364,383134305,236.531,robot_2,0.569,3.105
1789243364,621003667,236.769,robot_0,-0.551,0.398
1789243364,621071431,236.769,robot_1,-1.440,1.353
1789243364,621109687,236.769,robot_2,0.569,3.106
1789243364,831585495,236.979,robot_0,-0.540,0.416
1789243364,831652035,236.979,robot_1,-1.470,1.316
1789243364,831693009,236.979,robot_2,0.569,3.106
1789243365,45078666,237.193,robot_0,-0.527,0.437
1789243365,45140249,237.193,robot_1,-1.491,1.291
1789243365,45172858,237.193,robot_2,0.569,3.107
1789243365,247213895,237.395,robot_0,-0.514,0.459
1789243365,247269984,237.395,robot_1,-1.491,1.291
1789243365,247304594,237.395,robot_2,0.569,3.107
1789243365,451989243,237.600,robot_0,-0.499,0.484
1789243365,452055699,237.600,robot_1,-1.519,1.262
1789243365,452091739,237.600,robot_2,0.568,3.107
1789243365,660693522,237.808,robot_0,-0.469,0.533
1789243365,660759481,237.808,robot_1,-1.551,1.228
1789243365,660791476,237.808,robot_2,0.568,3.107
1789243365,875029156,238.023,robot_0,-0.471,0.530
1789243365,875092046,238.023,robot_1,-1.560,1.218
1789243365,875126602,238.023,robot_2,0.568,3.107
1789243366,86900889,238.235,robot_0,-0.491,0.499
1789243366,86992077,238.235,robot_1,-1.588,1.185
1789243366,87032565,238.235,robot_2,0.568,3.107
1789243366,298869926,238.447,robot_0,-0.467,0.535
1789243366,298947388,238.447,robot_1,-1.578,1.200
1789243366,298990339,238.447,robot_2,0.541,3.078
1789243366,512289443,238.660,robot_0,-0.445,0.571
1789243366,512358582,238.660,robot_1,-1.565,1.220
1789243366,512400570,238.660,robot_2,0.518,3.055
1789243366,734841309,238.882,robot_0,-0.431,0.593
1789243366,734900939,238.883,robot_1,-1.543,1.254
1789243366,734940096,238.883,robot_2,0.517,3.054
1789243366,949199901,239.097,robot_0,-0.431,0.593
1789243366,949268481,239.097,robot_1,-1.524,1.284
1789243366,949304054,239.097,robot_2,0.492,3.024
1789243367,162422795,239.310,robot_0,-0.431,0.592
1789243367,162490940,239.310,robot_1,-1.499,1.323
1789243367,162535467,239.310,robot_2,0.489,3.020
1789243367,376626059,239.524,robot_0,-0.430,0.592
1789243367,376692560,239.524,robot_1,-1.483,1.347
1789243367,376726238,239.524,robot_2,0.489,3.021
1789243367,582750841,239.730,robot_0,-0.430,0.592
1789243367,582814946,239.730,robot_1,-1.504,1.316
1789243367,582847762,239.730,robot_2,0.500,3.049
1789243367,809006995,239.957,robot_0,-0.429,0.593
1789243367,809072916,239.957,robot_1,-1.525,1.285
1789243367,809107857,239.957,robot_2,0.514,3.092
1789243368,23430230,240.171,robot_0,-0.429,0.593
1789243368,23496921,240.171,robot_1,-1.525,1.285
1789243368,23531481,240.171,robot_2,0.520,3.111
1789243368,252188868,240.400,robot_0,-0.428,0.593
1789243368,252252205,240.400,robot_1,-1.525,1.285
1789243368,252284499,240.400,robot_2,0.520,3.111
1789243368,461199685,240.609,robot_0,-0.428,0.593
1789243368,461264201,240.609,robot_1,-1.526,1.285
1789243368,461305523,240.609,robot_2,0.519,3.111
1789243368,665126498,240.813,robot_0,-0.428,0.594
1789243368,665200728,240.813,robot_1,-1.526,1.285
1789243368,665243865,240.813,robot_2,0.519,3.111
1789243368,872176469,241.020,robot_0,-0.428,0.594
1789243368,872247602,241.020,robot_1,-1.527,1.285
1789243368,872282147,241.020,robot_2,0.518,3.110
1789243369,91183410,241.239,robot_0,-0.428,0.595
1789243369,91241671,241.239,robot_1,-1.527,1.285
1789243369,91277481,241.239,robot_2,0.518,3.110
1789243369,297093119,241.445,robot_0,-0.428,0.595
1789243369,297169140,241.445,robot_1,-1.527,1.284
1789243369,297209101,241.445,robot_2,0.518,3.110
1789243369,517273656,241.665,robot_0,-0.428,0.595
1789243369,517334812,241.665,robot_1,-1.528,1.284
1789243369,517370687,241.665,robot_2,0.517,3.110
1789243369,726548198,241.874,robot_0,-0.428,0.596
1789243369,726609176,241.874,robot_1,-1.528,1.284
1789243369,726640745,241.874,robot_2,0.517,3.109
1789243369,954259117,242.102,robot_0,-0.428,0.596
1789243369,954321841,242.102,robot_1,-1.528,1.283
1789243369,954355069,242.102,robot_2,0.517,3.109
1789243370,171954890,242.320,robot_0,-0.428,0.597
1789243370,172026262,242.325,robot_1,-1.528,1.283
1789243370,177918930,242.326,robot_2,0.517,3.108
1789243370,380888346,242.529,robot_0,-0.429,0.597
1789243370,380956978,242.529,robot_1,-1.528,1.282
1789243370,380993997,242.529,robot_2,0.517,3.108
1789243370,585960056,242.734,robot_0,-0.429,0.597
1789243370,586010573,242.734,robot_1,-1.528,1.282
1789243370,586038012,242.734,robot_2,0.517,3.108
1789243370,811241613,242.959,robot_0,-0.429,0.597
1789243370,811311957,242.959,robot_1,-1.528,1.282
1789243370,811353990,242.959,robot_2,0.517,3.107
1789243371,16033781,243.164,robot_0,-0.429,0.597
1789243371,16103163,243.164,robot_1,-1.528,1.281
1789243371,16146372,243.164,robot_2,0.518,3.107
1789243371,218113010,243.366,robot_0,-0.426,0.607
1789243371,218192698,243.366,robot_1,-1.528,1.281
1789243371,218233250,243.366,robot_2,0.518,3.106
1789243371,422298345,243.570,robot_0,-0.413,0.650
1789243371,422372054,243.570,robot_1,-1.527,1.281
1789243371,422407992,243.570,robot_2,0.518,3.106
1789243371,642105506,243.790,robot_0,-0.404,0.680
1789243371,642178040,243.790,robot_1,-1.527,1.280
1789243371,642219444,243.790,robot_2,0.519,3.106
1789243371,844949626,243.993,robot_0,-0.398,0.700
1789243371,845024861,243.993,robot_1,-1.527,1.280
1789243371,845068025,243.993,robot_2,0.512,3.090
1789243372,49716444,244.197,robot_0,-0.398,0.700
1789243372,49787553,244.197,robot_1,-1.513,1.306
1789243372,49824187,244.197,robot_2,0.497,3.057
1789243372,255203435,244.403,robot_0,-0.398,0.700
1789243372,255269616,244.403,robot_1,-1.491,1.341
1789243372,255305392,244.403,robot_2,0.481,3.019
1789243372,481524966,244.629,robot_0,-0.399,0.700
1789243372,481593124,244.629,robot_1,-1.472,1.367
1789243372,481623747,244.629,robot_2,0.464,2.981
1789243372,694692976,244.842,robot_0,-0.399,0.700
1789243372,694765116,244.842,robot_1,-1.472,1.367
1789243372,694793920,244.842,robot_2,0.464,2.981
1789243372,911720619,245.059,robot_0,-0.400,0.700
1789243372,911809802,245.059,robot_1,-1.472,1.367
1789243372,911845725,245.059,robot_2,0.464,2.981
1789243373,139270421,245.287,robot_0,-0.400,0.699
1789243373,139338550,245.287,robot_1,-1.483,1.354
1789243373,139372038,245.287,robot_2,0.463,2.982
1789243373,366486633,245.514,robot_0,-0.400,0.699
1789243373,366574734,245.514,robot_1,-1.490,1.346
1789243373,366612497,245.514,robot_2,0.463,2.982
1789243373,567343532,245.715,robot_0,-0.401,0.698
1789243373,573822512,245.721,robot_1,-1.486,1.352
1789243373,573949886,245.722,robot_2,0.463,2.983
1789243373,772571915,245.920,robot_0,-0.401,0.698
1789243373,772638490,245.920,robot_1,-1.468,1.388
1789243373,772667631,245.920,robot_2,0.463,2.983
1789243373,992327464,246.140,robot_0,-0.427,0.695
1789243373,992397231,246.140,robot_1,-1.478,1.364
1789243373,992429516,246.140,robot_2,0.463,2.984
1789243374,195087878,246.343,robot_0,-0.434,0.694
1789243374,195160853,246.343,robot_1,-1.491,1.333
1789243374,195202409,246.343,robot_2,0.463,2.985
1789243374,395339481,246.543,robot_0,-0.392,0.700
1789243374,395408894,246.543,robot_1,-1.493,1.328
1789243374,395444980,246.543,robot_2,0.463,2.985
1789243374,600527259,246.748,robot_0,-0.392,0.700
1789243374,600593529,246.748,robot_1,-1.493,1.328
1789243374,600629097,246.748,robot_2,0.463,2.985
1789243374,809533132,246.957,robot_0,-0.391,0.700
1789243374,809606785,246.957,robot_1,-1.493,1.328
1789243374,809647009,246.957,robot_2,0.457,2.993
1789243375,27743291,247.175,robot_0,-0.391,0.699
1789243375,27810450,247.175,robot_1,-1.492,1.328
1789243375,27845670,247.175,robot_2,0.438,3.015
1789243375,237617353,247.385,robot_0,-0.391,0.699
1789243375,237687322,247.385,robot_1,-1.492,1.328
1789243375,237726462,247.385,robot_2,0.448,3.002
1789243375,461069799,247.609,robot_0,-0.379,0.709
1789243375,461133293,247.609,robot_1,-1.491,1.329
1789243375,461167805,247.609,robot_2,0.478,2.962
1789243375,683287914,247.831,robot_0,-0.347,0.738
1789243375,683358837,247.831,robot_1,-1.491,1.329
1789243375,683387728,247.831,robot_2,0.482,2.958
1789243375,890877150,248.039,robot_0,-0.334,0.753
1789243375,891282098,248.039,robot_1,-1.491,1.329
1789243375,891331822,248.039,robot_2,0.482,2.958
1789243376,98861958,248.246,robot_0,-0.296,0.800
1789243376,98940276,248.247,robot_1,-1.491,1.330
1789243376,98970738,248.247,robot_2,0.476,2.969
1789243376,313949481,248.462,robot_0,-0.256,0.848
1789243376,314030211,248.462,robot_1,-1.490,1.330
1789243376,314066074,248.462,robot_2,0.457,3.006
1789243376,529891570,248.678,robot_0,-0.208,0.906
1789243376,529974764,248.678,robot_1,-1.490,1.330
1789243376,530011338,248.678,robot_2,0.461,2.996
1789243376,761044745,248.909,robot_0,-0.178,0.943
1789243376,761119742,248.909,robot_1,-1.490,1.331
1789243376,761159003,248.909,robot_2,0.477,2.955
1789243376,981026448,249.129,robot_0,-0.179,0.943
1789243376,981136555,249.129,robot_1,-1.490,1.331
1789243376,981174170,249.129,robot_2,0.486,2.914
1789243377,203905865,249.352,robot_0,-0.179,0.943
1789243377,203987000,249.352,robot_1,-1.491,1.332
1789243377,204026946,249.352,robot_2,0.493,2.870
1789243377,430099652,249.578,robot_0,-0.178,0.943
1789243377,430176863,249.578,robot_1,-1.491,1.332
1789243377,430212582,249.578,robot_2,0.493,2.863
1789243377,663982273,249.812,robot_0,-0.178,0.942
1789243377,664057188,249.812,robot_1,-1.491,1.332
1789243377,664088207,249.812,robot_2,0.493,2.863
1789243377,872642568,250.020,robot_0,-0.178,0.942
1789243377,872721511,250.020,robot_1,-1.491,1.333
1789243377,872758097,250.020,robot_2,0.493,2.863
1789243378,85605924,250.233,robot_0,-0.177,0.942
1789243378,85685676,250.233,robot_1,-1.501,1.316
1789243378,85723067,250.233,robot_2,0.493,2.863
1789243378,318174934,250.466,robot_0,-0.177,0.942
1789243378,318248553,250.466,robot_1,-1.534,1.256
1789243378,318282391,250.466,robot_2,0.492,2.862
1789243378,521168438,250.669,robot_0,-0.176,0.942
1789243378,521239222,250.669,robot_1,-1.531,1.261
1789243378,521272729,250.669,robot_2,0.492,2.862
1789243378,733963235,250.882,robot_0,-0.176,0.943
1789243378,734037830,250.882,robot_1,-1.524,1.275
1789243378,734079314,250.882,robot_2,0.492,2.862
1789243378,948817446,251.096,robot_0,-0.175,0.943
1789243378,948896638,251.097,robot_1,-1.524,1.275
1789243378,948935698,251.097,robot_2,0.492,2.861
1789243379,149527858,251.297,robot_0,-0.175,0.943
1789243379,149600924,251.297,robot_1,-1.548,1.239
1789243379,149636574,251.297,robot_2,0.491,2.861
1789243379,377219025,251.525,robot_0,-0.175,0.944
1789243379,377297074,251.525,robot_1,-1.557,1.225
1789243379,377332153,251.525,robot_2,0.491,2.860
1789243379,606437172,251.754,robot_0,-0.175,0.944
1789243379,606521325,251.754,robot_1,-1.557,1.225
1789243379,611168507,251.759,robot_2,0.492,2.860
1789243379,815321495,251.963,robot_0,-0.175,0.945
1789243379,815427863,251.963,robot_1,-1.547,1.243
1789243379,815464244,251.963,robot_2,0.492,2.860
1789243380,14220064,252.162,robot_0,-0.175,0.945
1789243380,14286076,252.162,robot_1,-1.529,1.277
1789243380,14316634,252.162,robot_2,0.492,2.859
1789243380,221844084,252.369,robot_0,-0.175,0.946
1789243380,221911329,252.370,robot_1,-1.528,1.279
1789243380,221954592,252.370,robot_2,0.492,2.859
1789243380,429864832,252.577,robot_0,-0.175,0.946
1789243380,429956811,252.578,robot_1,-1.528,1.279
1789243380,429998409,252.578,robot_2,0.493,2.858
1789243380,645375792,252.793,robot_0,-0.175,0.946
1789243380,645447732,252.793,robot_1,-1.528,1.279
1789243380,645484562,252.793,robot_2,0.493,2.858
1789243380,853640897,253.001,robot_0,-0.156,0.959
1789243380,853719936,253.001,robot_1,-1.529,1.279
1789243380,853760958,253.001,robot_2,0.494,2.858
1789243381,54748282,253.202,robot_0,-0.143,0.967
1789243381,54822708,253.202,robot_1,-1.529,1.279
1789243381,54857793,253.202,robot_2,0.494,2.858
1789243381,260726922,253.408,robot_0,-0.143,0.968
1789243381,265110584,253.413,robot_1,-1.529,1.279
1789243381,265193019,253.413,robot_2,0.494,2.876
1789243381,472697957,253.620,robot_0,-0.161,0.948
1789243381,472778379,253.620,robot_1,-1.530,1.279
1789243381,472817675,253.620,robot_2,0.492,2.930
1789243381,677975824,253.826,robot_0,-0.184,0.917
1789243381,678046051,253.826,robot_1,-1.530,1.278
1789243381,678078854,253.826,robot_2,0.493,2.925
1789243381,889472182,254.037,robot_0,-0.211,0.876
1789243381,889544185,254.037,robot_1,-1.530,1.278
1789243381,889576517,254.037,robot_2,0.490,2.956
1789243382,116727204,254.264,robot_0,-0.239,0.830
1789243382,116798423,254.264,robot_1,-1.531,1.278
1789243382,116832653,254.264,robot_2,0.491,2.954
1789243382,322810587,254.470,robot_0,-0.269,0.778
1789243382,322899780,254.471,robot_1,-1.531,1.277
1789243382,322949243,254.471,robot_2,0.499,2.917
1789243382,533981847,254.682,robot_0,-0.277,0.766
1789243382,534047984,254.682,robot_1,-1.531,1.277
1789243382,534080584,254.682,robot_2,0.503,2.902
1789243382,755106637,254.903,robot_0,-0.264,0.795
1789243382,755180501,254.903,robot_1,-1.531,1.276
1789243382,755219123,254.903,robot_2,0.502,2.905
1789243382,976296386,255.124,robot_0,-0.280,0.758
1789243382,976388208,255.124,robot_1,-1.531,1.276
1789243382,976434673,255.124,robot_2,0.468,2.970
1789243383,208043780,255.356,robot_0,-0.282,0.751
1789243383,208116201,255.356,robot_1,-1.531,1.276
1789243383,208149049,255.356,robot_2,0.456,2.990
1789243383,417287102,255.565,robot_0,-0.282,0.751
1789243383,417359563,255.565,robot_1,-1.530,1.275
1789243383,417391969,255.565,robot_2,0.456,2.990
1789243383,629259502,255.777,robot_0,-0.282,0.751
1789243383,629329201,255.777,robot_1,-1.530,1.275
1789243383,629358370,255.777,robot_2,0.456,2.991
1789243383,839240376,255.987,robot_0,-0.283,0.751
1789243383,839312747,255.987,robot_1,-1.530,1.275
1789243383,839345988,255.987,robot_2,0.457,2.991
1789243384,41822746,256.189,robot_0,-0.283,0.751
1789243384,41896111,256.190,robot_1,-1.529,1.274
1789243384,41939850,256.190,robot_2,0.457,2.992
1789243384,264460139,256.412,robot_0,-0.284,0.751
1789243384,269910715,256.418,robot_1,-1.524,1.283
1789243384,270010235,256.418,robot_2,0.457,2.992
1789243384,486892364,256.635,robot_0,-0.284,0.751
1789243384,486988690,256.635,robot_1,-1.498,1.318
1789243384,487025139,256.635,robot_2,0.457,2.993
1789243384,691518657,256.839,robot_0,-0.285,0.751
1789243384,691577421,256.839,robot_1,-1.497,1.320
1789243384,691603636,256.839,robot_2,0.457,2.993
1789243384,892273903,257.040,robot_0,-0.285,0.750
1789243384,892345905,257.040,robot_1,-1.497,1.320
1789243384,892381315,257.040,robot_2,0.457,2.993
1789243385,114549739,257.262,robot_0,-0.285,0.750
1789243385,114615912,257.262,robot_1,-1.497,1.320
1789243385,114646260,257.262,robot_2,0.457,2.994
1789243385,339177468,257.487,robot_0,-0.285,0.750
1789243385,339251157,257.487,robot_1,-1.501,1.317
1789243385,339281918,257.487,robot_2,0.456,2.994
1789243385,567011493,257.715,robot_0,-0.286,0.749
1789243385,567083563,257.715,robot_1,-1.533,1.287
1789243385,567117110,257.715,robot_2,0.456,2.994
1789243385,781886522,257.930,robot_0,-0.286,0.749
1789243385,781965888,257.930,robot_1,-1.559,1.265
1789243385,782002462,257.930,robot_2,0.456,2.995
1789243385,987582520,258.135,robot_0,-0.286,0.748
1789243385,987656060,258.135,robot_1,-1.595,1.234
1789243385,987689905,258.135,robot_2,0.455,2.995
1789243386,210347285,258.358,robot_0,-0.286,0.748
1789243386,210430874,258.358,robot_1,-1.629,1.203
1789243386,210466701,258.358,robot_2,0.455,2.995
1789243386,419743179,258.567,robot_0,-0.285,0.748
1789243386,419833652,258.569,robot_1,-1.654,1.182
1789243386,421877576,258.570,robot_2,0.454,2.995
1789243386,619666211,258.767,robot_0,-0.285,0.747
1789243386,619738087,258.767,robot_1,-1.668,1.170
1789243386,619776750,258.767,robot_2,0.454,2.995
1789243386,820395735,258.968,robot_0,-0.285,0.747
1789243386,820467114,258.968,robot_1,-1.668,1.170
1789243386,820506213,258.968,robot_2,0.453,2.994
1789243387,32124373,259.180,robot_0,-0.259,0.773
1789243387,32211916,259.180,robot_1,-1.668,1.170
1789243387,32252500,259.180,robot_2,0.451,2.999
1789243387,252423314,259.400,robot_0,-0.227,0.807
1789243387,252502725,259.400,robot_1,-1.668,1.171
1789243387,252549595,259.400,robot_2,0.430,3.034
1789243387,459438896,259.607,robot_0,-0.221,0.814
1789243387,459513702,259.607,robot_1,-1.668,1.171
1789243387,459554545,259.607,robot_2,0.436,3.022
1789243387,672621108,259.820,robot_0,-0.182,0.865
1789243387,672695377,259.820,robot_1,-1.668,1.172
1789243387,672735843,259.820,robot_2,0.438,3.020
1789243387,889092569,260.037,robot_0,-0.162,0.893
1789243387,889163804,260.037,robot_1,-1.668,1.172
1789243387,889201635,260.037,robot_2,0.438,3.020
1789243388,109501042,260.257,robot_0,-0.161,0.893
1789243388,109581689,260.257,robot_1,-1.668,1.173
1789243388,109629971,260.257,robot_2,0.427,3.035
1789243388,334634542,260.482,robot_0,-0.161,0.894
1789243388,334720111,260.482,robot_1,-1.667,1.173
1789243388,334761973,260.482,robot_2,0.411,3.057
1789243388,556309106,260.704,robot_0,-0.189,0.870
1789243388,556388280,260.704,robot_1,-1.667,1.174
1789243388,556434040,260.704,robot_2,0.439,3.013
1789243388,764466647,260.912,robot_0,-0.199,0.862
1789243388,764546258,260.912,robot_1,-1.649,1.135
1789243388,764583710,260.912,robot_2,0.466,2.962
1789243388,968240200,261.116,robot_0,-0.177,0.881
1789243388,968317509,261.116,robot_1,-1.629,1.091
1789243388,968359357,261.116,robot_2,0.468,2.958
1789243389,183748259,261.331,robot_0,-0.195,0.860
1789243389,183813569,261.331,robot_1,-1.610,1.049
1789243389,183845211,261.331,robot_2,0.490,2.905
1789243389,395734302,261.543,robot_0,-0.215,0.837
1789243389,395805051,261.543,robot_1,-1.623,1.078
1789243389,395836970,261.543,robot_2,0.506,2.862
1789243389,611945378,261.760,robot_0,-0.204,0.849
1789243389,612027049,261.760,robot_1,-1.624,1.082
1789243389,612068209,261.760,robot_2,0.514,2.841
1789243389,823790161,261.971,robot_0,-0.204,0.849
1789243389,823865016,261.971,robot_1,-1.625,1.081
1789243389,823897076,261.972,robot_2,0.512,2.850
1789243390,31859314,262.179,robot_0,-0.204,0.849
1789243390,31936965,262.180,robot_1,-1.625,1.081
1789243390,31968592,262.180,robot_2,0.522,2.807
1789243390,239697744,262.387,robot_0,-0.204,0.849
1789243390,239771295,262.387,robot_1,-1.625,1.081
1789243390,239801697,262.387,robot_2,0.538,2.746
1789243390,448692580,262.596,robot_0,-0.203,0.849
1789243390,448782679,262.596,robot_1,-1.625,1.081
1789243390,454555701,262.602,robot_2,0.544,2.724
1789243390,657050375,262.805,robot_0,-0.203,0.849
1789243390,657115445,262.805,robot_1,-1.626,1.080
1789243390,657148124,262.805,robot_2,0.543,2.724
1789243390,864052132,263.012,robot_0,-0.202,0.849
1789243390,864128807,263.012,robot_1,-1.626,1.080
1789243390,864168737,263.012,robot_2,0.543,2.724
1789243391,68484349,263.216,robot_0,-0.202,0.849
1789243391,68559991,263.216,robot_1,-1.626,1.079
1789243391,68590845,263.216,robot_2,0.543,2.724
1789243391,273381644,263.421,robot_0,-0.201,0.849
1789243391,273460535,263.421,robot_1,-1.625,1.079
1789243391,273501085,263.421,robot_2,0.542,2.723
1789243391,493864981,263.641,robot_0,-0.201,0.850
1789243391,493938022,263.642,robot_1,-1.625,1.078
1789243391,493969602,263.642,robot_2,0.542,2.723
1789243391,708975118,263.857,robot_0,-0.201,0.850
1789243391,709047326,263.857,robot_1,-1.625,1.078
1789243391,709078374,263.857,robot_2,0.542,2.722
1789243391,916543565,264.064,robot_0,-0.201,0.850
1789243391,916616263,264.064,robot_1,-1.625,1.078
1789243391,916655709,264.064,robot_2,0.542,2.722
1789243392,148593077,264.296,robot_0,-0.201,0.851
1789243392,148663721,264.296,robot_1,-1.624,1.078
1789243392,148703931,264.296,robot_2,0.542,2.721
1789243392,352197136,264.500,robot_0,-0.201,0.851
1789243392,352272029,264.500,robot_1,-1.624,1.077
1789243392,352306552,264.500,robot_2,0.542,2.721
1789243392,579164600,264.727,robot_0,-0.201,0.852
1789243392,579242067,264.727,robot_1,-1.623,1.077
1789243392,589284620,264.737,robot_2,0.542,2.720
1789243392,782502272,264.930,robot_0,-0.201,0.852
1789243392,782571458,264.930,robot_1,-1.623,1.077
1789243392,782606325,264.930,robot_2,0.543,2.720
1789243393,3569671,265.151,robot_0,-0.201,0.853
1789243393,3643958,265.151,robot_1,-1.622,1.077
1789243393,3677560,265.151,robot_2,0.543,2.720
1789243393,222071631,265.370,robot_0,-0.201,0.853
1789243393,222150150,265.370,robot_1,-1.628,1.095
1789243393,222181924,265.370,robot_2,0.544,2.720
1789243393,435232806,265.583,robot_0,-0.202,0.853
1789243393,435303554,265.583,robot_1,-1.640,1.127
1789243393,435341466,265.583,robot_2,0.544,2.719
1789243393,644977190,265.793,robot_0,-0.224,0.827
1789243393,645066448,265.793,robot_1,-1.632,1.100
1789243393,645110004,265.793,robot_2,0.544,2.719
1789243393,848064051,265.996,robot_0,-0.227,0.824
1789243393,848140169,265.996,robot_1,-1.628,1.090
1789243393,848173358,265.996,robot_2,0.545,2.719
1789243394,88727529,266.236,robot_0,-0.215,0.838
1789243394,88805627,266.236,robot_1,-1.628,1.090
1789243394,88840855,266.236,robot_2,0.545,2.719
1789243394,316673814,266.464,robot_0,-0.214,0.838
1789243394,316750229,266.464,robot_1,-1.645,1.140
1789243394,316796910,266.464,robot_2,0.545,2.720
1789243394,538989344,266.687,robot_0,-0.249,0.807
1789243394,539062553,266.687,robot_1,-1.659,1.185
1789243394,539098490,266.687,robot_2,0.545,2.720
1789243394,753457106,266.901,robot_0,-0.272,0.785
1789243394,753536970,266.901,robot_1,-1.663,1.196
1789243394,753577648,266.902,robot_2,0.551,2.705
1789243394,967886348,267.116,robot_0,-0.296,0.761
1789243394,967975631,267.116,robot_1,-1.655,1.160
1789243394,973843260,267.122,robot_2,0.566,2.671
1789243395,175093657,267.323,robot_0,-0.337,0.717
1789243395,175153049,267.323,robot_1,-1.647,1.121
1789243395,175185500,267.323,robot_2,0.564,2.677
1789243395,382984437,267.531,robot_0,-0.371,0.680
1789243395,383046461,267.531,robot_1,-1.639,1.084
1789243395,383076572,267.531,robot_2,0.546,2.727
1789243395,586489573,267.734,robot_0,-0.372,0.678
1789243395,586570663,267.734,robot_1,-1.630,1.043
1789243395,586607506,267.734,robot_2,0.548,2.723
1789243395,807251790,267.955,robot_0,-0.393,0.660
1789243395,807317569,267.955,robot_1,-1.625,1.022
1789243395,807349754,267.955,robot_2,0.548,2.723
1789243396,21499539,268.169,robot_0,-0.428,0.629
1789243396,21565036,268.169,robot_1,-1.626,1.024
1789243396,21606710,268.169,robot_2,0.536,2.761
1789243396,242268035,268.390,robot_0,-0.428,0.629
1789243396,242337752,268.390,robot_1,-1.629,1.079
1789243396,242380505,268.390,robot_2,0.533,2.768
1789243396,470539001,268.618,robot_0,-0.428,0.629
1789243396,470599121,268.618,robot_1,-1.631,1.154
1789243396,470635797,268.618,robot_2,0.505,2.824
1789243396,689654979,268.837,robot_0,-0.423,0.630
1789243396,689716070,268.837,robot_1,-1.632,1.220
1789243396,689748467,268.837,robot_2,0.505,2.825
1789243396,908908848,269.057,robot_0,-0.389,0.646
1789243396,908980436,269.057,robot_1,-1.633,1.277
1789243396,909021058,269.057,robot_2,0.505,2.825
1789243397,117134201,269.265,robot_0,-0.347,0.665
1789243397,117207586,269.265,robot_1,-1.634,1.304
1789243397,117245366,269.265,robot_2,0.505,2.825
1789243397,320981905,269.469,robot_0,-0.322,0.676
1789243397,321053179,269.469,robot_1,-1.633,1.273
1789243397,321085981,269.469,robot_2,0.505,2.825
1789243397,524992378,269.673,robot_0,-0.322,0.676
1789243397,525066769,269.673,robot_1,-1.633,1.273
1789243397,525104571,269.673,robot_2,0.506,2.826
1789243397,725649913,269.873,robot_0,-0.322,0.676
1789243397,725721336,269.873,robot_1,-1.633,1.273
1789243397,725752955,269.873,robot_2,0.506,2.826
1789243397,949349975,270.097,robot_0,-0.322,0.675
1789243397,949421870,270.097,robot_1,-1.633,1.273
1789243397,949454563,270.097,robot_2,0.506,2.826
1789243398,169224337,270.317,robot_0,-0.322,0.675
1789243398,169296345,270.317,robot_1,-1.633,1.273
1789243398,169328223,270.317,robot_2,0.506,2.827
1789243398,385252098,270.533,robot_0,-0.323,0.674
1789243398,385323547,270.533,robot_1,-1.633,1.273
1789243398,385362043,270.533,robot_2,0.506,2.827
1789243398,593631560,270.741,robot_0,-0.323,0.674
1789243398,593707973,270.741,robot_1,-1.632,1.273
1789243398,593750286,270.741,robot_2,0.506,2.828
1789243398,795525547,270.943,robot_0,-0.323,0.673
1789243398,795597005,270.943,robot_1,-1.632,1.273
1789243398,795633572,270.943,robot_2,0.506,2.828
1789243399,19410242,271.167,robot_0,-0.324,0.673
1789243399,19486377,271.167,robot_1,-1.632,1.273
1789243399,19522128,271.167,robot_2,0.506,2.828
1789243399,231860832,271.379,robot_0,-0.325,0.673
1789243399,231933501,271.380,robot_1,-1.631,1.274
1789243399,231963778,271.380,robot_2,0.505,2.829
1789243399,432340868,271.580,robot_0,-0.325,0.673
1789243399,432415029,271.581,robot_1,-1.631,1.274
1789243399,433938494,271.582,robot_2,0.505,2.829
1789243399,654046917,271.802,robot_0,-0.330,0.731
1789243399,654121550,271.802,robot_1,-1.631,1.274
1789243399,654160687,271.802,robot_2,0.505,2.829
1789243399,854786588,272.002,robot_0,-0.333,0.769
1789243399,854859699,272.002,robot_1,-1.631,1.275
1789243399,854899155,272.003,robot_2,0.504,2.829
1789243400,61591116,272.209,robot_0,-0.333,0.769
1789243400,61667089,272.209,robot_1,-1.631,1.275
1789243400,61700227,272.209,robot_2,0.504,2.830
1789243400,266168423,272.414,robot_0,-0.333,0.769
1789243400,266240017,272.414,robot_1,-1.631,1.276
1789243400,266269336,272.414,robot_2,0.503,2.830
1789243400,479941071,272.628,robot_0,-0.332,0.769
1789243400,480021334,272.628,robot_1,-1.631,1.276
1789243400,480055090,272.628,robot_2,0.503,2.829
1789243400,682525631,272.830,robot_0,-0.332,0.769
1789243400,682606755,272.830,robot_1,-1.632,1.276
1789243400,682643051,272.830,robot_2,0.510,2.806
1789243400,896844797,273.044,robot_0,-0.332,0.770
1789243400,896932443,273.045,robot_1,-1.632,1.277
1789243400,896962412,273.045,robot_2,0.521,2.769
1789243401,115842451,273.263,robot_0,-0.332,0.770
1789243401,115929968,273.264,robot_1,-1.632,1.277
1789243401,115965200,273.264,robot_2,0.531,2.734
1789243401,329665359,273.477,robot_0,-0.331,0.770
1789243401,329747628,273.477,robot_1,-1.632,1.277
1789243401,329788281,273.477,robot_2,0.521,2.769
1789243401,565633685,273.713,robot_0,-0.331,0.771
1789243401,565720852,273.713,robot_1,-1.636,1.272
1789243401,565764637,273.713,robot_2,0.519,2.776
1789243401,790639606,273.938,robot_0,-0.331,0.771
1789243401,790710332,273.938,robot_1,-1.660,1.235
1789243401,790745705,273.938,robot_2,0.528,2.734
1789243402,9242004,274.157,robot_0,-0.331,0.772
1789243402,9320460,274.157,robot_1,-1.672,1.216
1789243402,9362480,274.157,robot_2,0.530,2.725
1789243402,222413336,274.370,robot_0,-0.332,0.772
1789243402,222492378,274.370,robot_1,-1.702,1.167
1789243402,222539718,274.370,robot_2,0.532,2.703
1789243402,466382197,274.614,robot_0,-0.332,0.773
1789243402,466453431,274.614,robot_1,-1.695,1.179
1789243402,466487912,274.614,robot_2,0.540,2.634
1789243402,683065331,274.831,robot_0,-0.332,0.773
1789243402,683149519,274.831,robot_1,-1.695,1.179
1789243402,683196499,274.831,robot_2,0.545,2.581
1789243402,890783848,275.038,robot_0,-0.332,0.773
1789243402,890856852,275.038,robot_1,-1.695,1.179
1789243402,890896278,275.039,robot_2,0.545,2.582
1789243403,101724068,275.249,robot_0,-0.333,0.773
1789243403,101797950,275.249,robot_1,-1.695,1.179
1789243403,101837662,275.249,robot_2,0.539,2.619
1789243403,324636897,275.472,robot_0,-0.333,0.773
1789243403,324706963,275.472,robot_1,-1.694,1.179
1789243403,324748358,275.472,robot_2,0.541,2.607
1789243403,528012332,275.676,robot_0,-0.334,0.773
1789243403,528089188,275.676,robot_1,-1.694,1.179
1789243403,528129867,275.676,robot_2,0.545,2.578
1789243403,731552297,275.879,robot_0,-0.334,0.773
1789243403,731632990,275.879,robot_1,-1.694,1.178
1789243403,731672617,275.879,robot_2,0.545,2.578
1789243403,938461571,276.086,robot_0,-0.334,0.773
1789243403,938543799,276.086,robot_1,-1.694,1.178
1789243403,938584404,276.086,robot_2,0.545,2.578
1789243404,141203141,276.289,robot_0,-0.334,0.774
1789243404,141275265,276.289,robot_1,-1.694,1.179
1789243404,141314156,276.289,robot_2,0.544,2.578
1789243404,363899814,276.512,robot_0,-0.333,0.803
1789243404,363981247,276.512,robot_1,-1.694,1.179
1789243404,364018913,276.512,robot_2,0.544,2.578
1789243404,597649451,276.745,robot_0,-0.332,0.804
1789243404,597735769,276.745,robot_1,-1.695,1.179
1789243404,597786348,276.745,robot_2,0.544,2.577
1789243404,799594829,276.947,robot_0,-0.332,0.826
1789243404,799669700,276.947,robot_1,-1.695,1.179
1789243404,799709104,276.947,robot_2,0.543,2.577
1789243405,33325737,277.181,robot_0,-0.331,0.874
1789243405,33397411,277.181,robot_1,-1.696,1.179
1789243405,33437543,277.181,robot_2,0.543,2.576
1789243405,234993260,277.383,robot_0,-0.331,0.906
1789243405,235135854,277.383,robot_1,-1.696,1.179
1789243405,235180563,277.383,robot_2,0.543,2.576
1789243405,453142579,277.601,robot_0,-0.331,0.921
1789243405,453220253,277.601,robot_1,-1.697,1.179
1789243405,453268264,277.601,robot_2,0.543,2.575
1789243405,657245631,277.805,robot_0,-0.331,0.921
1789243405,657322786,277.805,robot_1,-1.697,1.179
1789243405,657365179,277.805,robot_2,0.544,2.575
1789243405,870766968,278.018,robot_0,-0.330,0.921
1789243405,870841109,278.018,robot_1,-1.697,1.179
1789243405,870880274,278.018,robot_2,0.544,2.575
1789243406,74645836,278.222,robot_0,-0.329,0.921
1789243406,74721522,278.222,robot_1,-1.698,1.178
1789243406,74769572,278.222,robot_2,0.544,2.574
1789243406,275947472,278.424,robot_0,-0.329,0.920
1789243406,276028373,278.424,robot_1,-1.698,1.178
1789243406,276074064,278.424,robot_2,0.544,2.574
1789243406,478478333,278.626,robot_0,-0.329,0.920
1789243406,478552369,278.626,robot_1,-1.698,1.178
1789243406,478594293,278.626,robot_2,0.545,2.574
1789243406,680413820,278.828,robot_0,-0.329,0.919
1789243406,680539674,278.828,robot_1,-1.698,1.177
1789243406,680586074,278.828,robot_2,0.545,2.574
1789243406,885309011,279.033,robot_0,-0.328,0.919
1789243406,885386827,279.033,robot_1,-1.698,1.177
1789243406,885429595,279.033,robot_2,0.546,2.574
1789243407,90238224,279.238,robot_0,-0.328,0.918
1789243407,90305250,279.238,robot_1,-1.698,1.177
1789243407,90344532,279.238,robot_2,0.546,2.574
1789243407,290641264,279.438,robot_0,-0.328,0.918
1789243407,290723131,279.438,robot_1,-1.698,1.176
1789243407,290766646,279.438,robot_2,0.546,2.574
1789243407,496762533,279.644,robot_0,-0.329,0.918
1789243407,496850759,279.644,robot_1,-1.698,1.176
1789243407,496896789,279.645,robot_2,0.546,2.574
1789243407,705234195,279.853,robot_0,-0.320,0.915
1789243407,705307705,279.853,robot_1,-1.698,1.176
1789243407,705354029,279.853,robot_2,0.546,2.574
1789243407,907552207,280.055,robot_0,-0.285,0.905
1789243407,907630099,280.055,robot_1,-1.698,1.176
1789243407,907677456,280.055,robot_2,0.547,2.574
1789243408,122271839,280.270,robot_0,-0.253,0.896
1789243408,122362312,280.270,robot_1,-1.700,1.175
1789243408,122417250,280.270,robot_2,0.547,2.574
1789243408,353501043,280.501,robot_0,-0.225,0.888
1789243408,353572732,280.501,robot_1,-1.737,1.158
1789243408,353614718,280.501,robot_2,0.546,2.575
1789243408,558106121,280.706,robot_0,-0.266,0.901
1789243408,558186528,280.706,robot_1,-1.747,1.154
1789243408,558234794,280.706,robot_2,0.528,2.619
1789243408,768846872,280.916,robot_0,-0.296,0.910
1789243408,768933359,280.917,robot_1,-1.732,1.161
1789243408,768982375,280.917,robot_2,0.511,2.659
1789243408,970539801,281.118,robot_0,-0.312,0.914
1789243408,970614764,281.118,robot_1,-1.697,1.176
1789243408,970651222,281.118,robot_2,0.519,2.639
1789243409,182246610,281.330,robot_0,-0.377,0.926
1789243409,182316887,281.330,robot_1,-1.706,1.172
1789243409,182363276,281.330,robot_2,0.502,2.679
1789243409,391621606,281.539,robot_0,-0.372,0.926
1789243409,391696407,281.539,robot_1,-1.750,1.152
1789243409,391744036,281.539,robot_2,0.485,2.718
1789243409,603149648,281.751,robot_0,-0.346,0.926
1789243409,603228097,281.751,robot_1,-1.752,1.152
1789243409,603267239,281.751,robot_2,0.466,2.755
1789243409,821237459,281.969,robot_0,-0.346,0.926
1789243409,821300001,281.969,robot_1,-1.710,1.174
1789243409,821332055,281.969,robot_2,0.451,2.784
1789243410,41536273,282.189,robot_0,-0.347,0.927
1789243410,41605049,282.189,robot_1,-1.697,1.182
1789243410,41640188,282.189,robot_2,0.452,2.784
1789243410,255659732,282.403,robot_0,-0.347,0.927
1789243410,255738132,282.403,robot_1,-1.697,1.182
1789243410,255792765,282.403,robot_2,0.452,2.784
1789243410,475715632,282.623,robot_0,-0.347,0.928
1789243410,475791071,282.623,robot_1,-1.696,1.182
1789243410,475825437,282.623,robot_2,0.452,2.784
1789243410,692891913,282.841,robot_0,-0.348,0.928
1789243410,692975929,282.841,robot_1,-1.696,1.182
1789243410,693018895,282.841,robot_2,0.453,2.785
1789243410,893232589,283.041,robot_0,-0.348,0.928
1789243410,893304092,283.041,robot_1,-1.695,1.181
1789243410,893339726,283.041,robot_2,0.453,2.785
1789243411,112594203,283.260,robot_0,-0.348,0.928
1789243411,112678352,283.260,robot_1,-1.695,1.181
1789243411,112727951,283.260,robot_2,0.453,2.786
1789243411,315271033,283.463,robot_0,-0.349,0.928
1789243411,315342552,283.463,robot_1,-1.694,1.181
1789243411,315380840,283.463,robot_2,0.452,2.786
1789243411,516772583,283.664,robot_0,-0.349,0.928
1789243411,516851644,283.664,robot_1,-1.694,1.182
1789243411,516899313,283.665,robot_2,0.452,2.787
1789243411,718566584,283.866,robot_0,-0.350,0.928
1789243411,718645418,283.866,robot_1,-1.694,1.182
1789243411,718686747,283.866,robot_2,0.452,2.787
1789243411,947223459,284.095,robot_0,-0.350,0.928
1789243411,947308945,284.095,robot_1,-1.693,1.182
1789243411,947348160,284.095,robot_2,0.452,2.787
1789243412,166221993,284.314,robot_0,-0.351,0.927
1789243412,166298688,284.314,robot_1,-1.693,1.182
1789243412,166341945,284.314,robot_2,0.451,2.788
1789243412,371681656,284.519,robot_0,-0.351,0.927
1789243412,371762588,284.519,robot_1,-1.693,1.183
1789243412,371804151,284.519,robot_2,0.451,2.788
1789243412,596034039,284.744,robot_0,-0.351,0.927
1789243412,596103887,284.744,robot_1,-1.693,1.183
1789243412,596141775,284.744,robot_2,0.451,2.788
1789243412,806210930,284.954,robot_0,-0.351,0.926
1789243412,806286418,284.954,robot_1,-1.693,1.184
1789243412,806324301,284.954,robot_2,0.450,2.788
1789243413,10892901,285.159,robot_0,-0.351,0.926
1789243413,10981641,285.159,robot_1,-1.693,1.184
1789243413,11018120,285.159,robot_2,0.450,2.788
1789243413,219513519,285.367,robot_0,-0.351,0.926
1789243413,219583185,285.367,robot_1,-1.693,1.184
1789243413,219616195,285.367,robot_2,0.449,2.788
1789243413,421537706,285.569,robot_0,-0.338,0.926
1789243413,421618979,285.569,robot_1,-1.693,1.185
1789243413,421667248,285.569,robot_2,0.450,2.784
1789243413,635401317,285.783,robot_0,-0.288,0.931
1789243413,635479461,285.783,robot_1,-1.693,1.185
1789243413,635523578,285.783,robot_2,0.469,2.743
1789243413,846067097,285.994,robot_0,-0.242,0.935
1789243413,847243530,285.995,robot_1,-1.686,1.191
1789243413,847319604,285.995,robot_2,0.480,2.719
1789243414,63242877,286.211,robot_0,-0.268,0.933
1789243414,63318215,286.211,robot_1,-1.660,1.212
1789243414,63357380,286.211,robot_2,0.480,2.719
1789243414,278261032,286.426,robot_0,-0.274,0.932
1789243414,278333315,286.426,robot_1,-1.638,1.228
1789243414,278370158,286.426,robot_2,0.488,2.694
1789243414,520330867,286.668,robot_0,-0.274,0.932
1789243414,520408280,286.668,robot_1,-1.598,1.259
1789243414,520448464,286.668,robot_2,0.491,2.689
1789243414,724809323,286.872,robot_0,-0.261,0.934
1789243414,724879668,286.873,robot_1,-1.571,1.279
1789243414,724915253,286.873,robot_2,0.486,2.710
1789243414,937634580,287.085,robot_0,-0.206,0.946
1789243414,937699294,287.085,robot_1,-1.541,1.302
1789243414,937731053,287.085,robot_2,0.486,2.710
1789243415,141994593,287.290,robot_0,-0.205,0.946
1789243415,142065581,287.290,robot_1,-1.525,1.315
1789243415,142094665,287.290,robot_2,0.486,2.710
1789243415,367314532,287.515,robot_0,-0.230,0.942
1789243415,367391286,287.515,robot_1,-1.494,1.339
1789243415,367429222,287.515,robot_2,0.496,2.686
1789243415,583822588,287.731,robot_0,-0.274,0.933
1789243415,583897335,287.732,robot_1,-1.515,1.323
1789243415,583934782,287.732,robot_2,0.520,2.626
1789243415,797864937,287.945,robot_0,-0.285,0.930
1789243415,797944584,287.946,robot_1,-1.540,1.304
1789243415,797977447,287.946,robot_2,0.522,2.621
1789243416,2777540,288.153,robot_0,-0.315,0.925
1789243416,5457319,288.153,robot_1,-1.512,1.325
1789243416,5518398,288.153,robot_2,0.522,2.620
1789243416,204599342,288.352,robot_0,-0.353,0.918
1789243416,204683455,288.352,robot_1,-1.508,1.327
1789243416,204721750,288.352,robot_2,0.522,2.620
1789243416,415977079,288.564,robot_0,-0.388,0.912
1789243416,416051951,288.564,robot_1,-1.478,1.346
1789243416,416090648,288.564,robot_2,0.521,2.620
1789243416,627742978,288.775,robot_0,-0.393,0.911
1789243416,627815671,288.775,robot_1,-1.445,1.368
1789243416,627850679,288.775,robot_2,0.521,2.619
1789243416,834019881,288.982,robot_0,-0.393,0.910
1789243416,834087790,288.982,robot_1,-1.414,1.387
1789243416,834118501,288.982,robot_2,0.521,2.619
1789243417,34954780,289.183,robot_0,-0.393,0.910
1789243417,35022144,289.183,robot_1,-1.377,1.410
1789243417,35055545,289.183,robot_2,0.521,2.619
1789243417,242914275,289.391,robot_0,-0.393,0.910
1789243417,242984735,289.391,robot_1,-1.366,1.417
1789243417,243014886,289.391,robot_2,0.521,2.618
1789243417,459556458,289.607,robot_0,-0.392,0.909
1789243417,459622151,289.607,robot_1,-1.366,1.417
1789243417,459652445,289.607,robot_2,0.521,2.618
1789243417,665062652,289.813,robot_0,-0.392,0.909
1789243417,665134080,289.813,robot_1,-1.352,1.422
1789243417,665173289,289.813,robot_2,0.521,2.617
1789243417,868180353,290.016,robot_0,-0.392,0.909
1789243417,873582275,290.021,robot_1,-1.330,1.431
1789243417,873661178,290.021,robot_2,0.522,2.617
1789243418,78881801,290.227,robot_0,-0.391,0.909
1789243418,78953866,290.227,robot_1,-1.378,1.412
1789243418,78989875,290.227,robot_2,0.522,2.617
1789243418,299592924,290.447,robot_0,-0.391,0.909
1789243418,299660035,290.447,robot_1,-1.370,1.415
1789243418,299693521,290.447,robot_2,0.522,2.616
1789243418,512980967,290.661,robot_0,-0.390,0.909
1789243418,513052924,290.661,robot_1,-1.354,1.421
1789243418,513091190,290.661,robot_2,0.523,2.616
1789243418,719236237,290.867,robot_0,-0.390,0.909
1789243418,719299335,290.867,robot_1,-1.354,1.421
1789243418,719332045,290.867,robot_2,0.523,2.616
1789243418,957383200,291.105,robot_0,-0.389,0.909
1789243418,957458498,291.105,robot_1,-1.354,1.422
1789243418,957495778,291.105,robot_2,0.524,2.616
1789243419,177469201,291.325,robot_0,-0.389,0.910
1789243419,177578734,291.325,robot_1,-1.355,1.422
1789243419,177618594,291.325,robot_2,0.524,2.616
1789243419,377215667,291.525,robot_0,-0.389,0.910
1789243419,377294156,291.525,robot_1,-1.355,1.422
1789243419,377337216,291.525,robot_2,0.524,2.616
1789243419,582886311,291.731,robot_0,-0.389,0.910
1789243419,582946996,291.731,robot_1,-1.356,1.422
1789243419,582980171,291.731,robot_2,0.536,2.583
1789243419,789151576,291.937,robot_0,-0.389,0.911
1789243419,789210090,291.937,robot_1,-1.356,1.422
1789243419,789241130,291.937,robot_2,0.550,2.544
1789243419,991800339,292.142,robot_0,-0.389,0.911
1789243419,994789864,292.142,robot_1,-1.356,1.422
1789243419,994833685,292.142,robot_2,0.560,2.513
1789243420,204794795,292.352,robot_0,-0.389,0.912
1789243420,204859267,292.352,robot_1,-1.357,1.422
1789243420,204889142,292.353,robot_2,0.563,2.505
1789243420,407262642,292.555,robot_0,-0.389,0.912
1789243420,407336892,292.555,robot_1,-1.357,1.422
1789243420,407376408,292.555,robot_2,0.563,2.505
1789243420,616737688,292.764,robot_0,-0.376,0.914
1789243420,616812517,292.764,robot_1,-1.358,1.422
1789243420,616851470,292.764,robot_2,0.562,2.505
1789243420,830846137,292.978,robot_0,-0.327,0.921
1789243420,830931764,292.979,robot_1,-1.358,1.422
1789243420,830974383,292.979,robot_2,0.562,2.505
1789243421,40858354,293.188,robot_0,-0.320,0.922
1789243421,40942148,293.189,robot_1,-1.358,1.421
1789243421,40976207,293.189,robot_2,0.561,2.505
1789243421,259423900,293.407,robot_0,-0.372,0.917
1789243421,259493305,293.407,robot_1,-1.358,1.421
1789243421,259533770,293.407,robot_2,0.561,2.505
1789243421,487068202,293.635,robot_0,-0.379,0.916
1789243421,487134990,293.635,robot_1,-1.359,1.420
1789243421,487170689,293.635,robot_2,0.560,2.506
1789243421,701608460,293.849,robot_0,-0.379,0.917
1789243421,701674787,293.849,robot_1,-1.359,1.420
1789243421,701709965,293.849,robot_2,0.560,2.507
1789243421,915915135,294.064,robot_0,-0.355,0.931
1789243421,916003501,294.064,robot_1,-1.359,1.419
1789243421,916048930,294.064,robot_2,0.560,2.507
1789243422,122149714,294.270,robot_0,-0.328,0.949
1789243422,122250192,294.270,robot_1,-1.358,1.419
1789243422,122299297,294.270,robot_2,0.560,2.508
1789243422,338679873,294.486,robot_0,-0.294,0.972
1789243422,338766084,294.486,robot_1,-1.384,1.411
1789243422,338800641,294.486,robot_2,0.612,2.506
1789243422,541947114,294.690,robot_0,-0.275,0.986
1789243422,542019438,294.690,robot_1,-1.416,1.400
1789243422,542049570,294.690,robot_2,0.662,2.504
1789243422,751644473,294.899,robot_0,-0.275,0.986
1789243422,751722501,294.899,robot_1,-1.454,1.387
1789243422,751757845,294.899,robot_2,0.722,2.501
1789243422,959051671,295.107,robot_0,-0.274,0.985
1789243422,959123007,295.107,robot_1,-1.480,1.378
1789243422,959156353,295.107,robot_2,0.744,2.500
1789243423,173536786,295.321,robot_0,-0.274,0.985
1789243423,173607425,295.321,robot_1,-1.480,1.378
1789243423,173638813,295.321,robot_2,0.711,2.502
1789243423,380250426,295.528,robot_0,-0.274,0.984
1789243423,380323106,295.528,robot_1,-1.480,1.379
1789243423,380352463,295.528,robot_2,0.675,2.503
1789243423,592312816,295.740,robot_0,-0.274,0.984
1789243423,592381804,295.740,robot_1,-1.480,1.379
1789243423,592410233,295.740,robot_2,0.682,2.503
1789243423,793102154,295.941,robot_0,-0.275,0.983
1789243423,793174724,295.941,robot_1,-1.480,1.380
1789243423,793204942,295.941,robot_2,0.721,2.501
1789243424,6967362,296.155,robot_0,-0.275,0.983
1789243424,7043309,296.155,robot_1,-1.479,1.380
1789243424,7078402,296.155,robot_2,0.780,2.500
1789243424,210061237,296.358,robot_0,-0.275,0.982
1789243424,210140712,296.358,robot_1,-1.479,1.381
1789243424,210178467,296.358,robot_2,0.820,2.499
1789243424,416268977,296.564,robot_0,-0.276,0.982
1789243424,416344103,296.564,robot_1,-1.479,1.381
1789243424,416380837,296.564,robot_2,0.790,2.500
1789243424,626838529,296.774,robot_0,-0.276,0.982
1789243424,626912787,296.775,robot_1,-1.478,1.381
1789243424,626945940,296.775,robot_2,0.767,2.501
1789243424,855788141,297.003,robot_0,-0.276,0.982
1789243424,855870441,297.003,robot_1,-1.477,1.382
1789243424,855906065,297.004,robot_2,0.746,2.502
1789243425,86461945,297.234,robot_0,-0.276,0.982
1789243425,86530918,297.234,robot_1,-1.478,1.396
1789243425,86558720,297.234,robot_2,0.797,2.499
1789243425,301317205,297.449,robot_0,-0.276,0.982
1789243425,301392258,297.449,robot_1,-1.481,1.441
1789243425,301429241,297.449,robot_2,0.799,2.499
1789243425,512791110,297.660,robot_0,-0.275,0.983
1789243425,512873554,297.660,robot_1,-1.479,1.415
1789243425,512910698,297.661,robot_2,0.800,2.498
1789243425,718142927,297.866,robot_0,-0.275,0.983
1789243425,718217290,297.866,robot_1,-1.476,1.372
1789243425,718245562,297.866,robot_2,0.800,2.498
1789243425,922426925,298.070,robot_0,-0.275,0.983
1789243425,922495623,298.070,robot_1,-1.473,1.337
1789243425,922526554,298.070,robot_2,0.800,2.498
1789243426,128262621,298.276,robot_0,-0.275,0.984
1789243426,128333790,298.276,robot_1,-1.473,1.337
1789243426,128371059,298.276,robot_2,0.800,2.497
1789243426,329041665,298.477,robot_0,-0.275,0.984
1789243426,329117038,298.477,robot_1,-1.474,1.337
1789243426,329151994,298.477,robot_2,0.801,2.497
1789243426,543000286,298.691,robot_0,-0.275,0.985
1789243426,543078526,298.691,robot_1,-1.474,1.337
1789243426,543117368,298.691,robot_2,0.801,2.497
1789243426,743403824,298.891,robot_0,-0.275,0.985
1789243426,743479388,298.891,robot_1,-1.474,1.336
1789243426,743511759,298.891,robot_2,0.801,2.497
1789243426,958539444,299.106,robot_0,-0.276,0.986
1789243426,958607261,299.106,robot_1,-1.475,1.336
1789243426,959955585,299.108,robot_2,0.802,2.497
1789243427,161046530,299.309,robot_0,-0.276,0.986
1789243427,161119382,299.309,robot_1,-1.475,1.336
1789243427,161164822,299.309,robot_2,0.802,2.497
1789243427,371288030,299.519,robot_0,-0.277,0.986
1789243427,371370719,299.519,robot_1,-1.475,1.335
1789243427,371412521,299.519,robot_2,0.803,2.497
1789243427,577357928,299.725,robot_0,-0.277,0.986
1789243427,577430959,299.725,robot_1,-1.475,1.335
1789243427,577459149,299.725,robot_2,0.803,2.497
1789243427,794513040,299.942,robot_0,-0.277,0.986
1789243427,794584157,299.942,robot_1,-1.475,1.334
1789243427,794619872,299.942,robot_2,0.804,2.497
1789243427,998216495,300.146,robot_0,-0.278,0.986
1789243427,998292696,300.146,robot_1,-1.474,1.334
1789243427,999453008,300.147,robot_2,0.804,2.497
1789243428,202720623,300.350,robot_0,-0.278,0.986
1789243428,202815545,300.350,robot_1,-1.474,1.334
1789243428,202857940,300.350,robot_2,0.804,2.498
