elapsed_s,robot,selected_event,uncontrollable_events,raw_zone
0.144,robot_1,EV_move_forward,EV_path_clear,CLEAR
0.447,robot_1,EV_move_forward,EV_path_clear,CLEAR
0.745,robot_1,EV_move_forward,EV_path_clear,CLEAR
1.045,robot_1,EV_move_forward,EV_path_clear,CLEAR
1.247,robot_1,EV_move_forward,EV_path_clear,CLEAR
1.544,robot_1,EV_search_object,EV_path_clear,CLEAR
1.744,robot_1,EV_move_forward,EV_path_clear,CLEAR
2.044,robot_1,EV_search_object,EV_path_clear,CLEAR
2.244,robot_1,EV_move_forward,EV_path_clear,CLEAR
2.544,robot_1,EV_move_forward,EV_path_clear,CLEAR
2.844,robot_1,EV_search_object,EV_path_clear,CLEAR
3.044,robot_1,EV_search_object,EV_path_clear,CLEAR
3.248,robot_1,EV_search_object,EV_path_clear,CLEAR
3.362,robot_1,EV_move_forward,EV_path_clear,CLEAR
3.661,robot_1,EV_search_object,EV_path_clear,CLEAR
3.849,robot_1,EV_move_forward,EV_path_clear,CLEAR
4.148,robot_1,EV_move_forward,EV_path_clear,CLEAR
4.350,robot_1,EV_search_object,EV_path_clear,CLEAR
4.560,robot_1,EV_move_forward,EV_path_clear,CLEAR
4.766,robot_1,EV_search_object,EV_path_clear,CLEAR
4.955,robot_1,EV_search_object,EV_path_clear,CLEAR
5.159,robot_1,EV_move_forward,EV_path_clear,CLEAR
5.460,robot_1,EV_search_object,EV_path_clear,CLEAR
5.659,robot_1,EV_move_forward,EV_path_clear,CLEAR
5.957,robot_1,EV_search_object,EV_path_clear,CLEAR
6.159,robot_1,EV_move_forward,EV_path_clear,CLEAR
6.460,robot_1,EV_move_forward,EV_path_clear,CLEAR
6.744,robot_1,EV_search_object,EV_path_clear,CLEAR
6.858,robot_1,EV_move_forward,EV_path_clear,CLEAR
7.146,robot_1,EV_move_forward,EV_path_clear,CLEAR
7.348,robot_1,EV_move_forward,EV_path_clear,CLEAR
7.554,robot_1,EV_move_forward,EV_path_clear,CLEAR
7.867,robot_1,EV_move_forward,EV_path_clear,CLEAR
8.149,robot_1,EV_move_forward,EV_path_clear,CLEAR
8.450,robot_1,EV_rotate_counterclockwise,EV_obstacle_right,RIGHT
8.646,robot_1,EV_rotate_counterclockwise,EV_obstacle_right,RIGHT
8.768,robot_1,EV_rotate_counterclockwise,EV_obstacle_right,RIGHT
8.948,robot_1,EV_u_turn,EV_obstacle_right,RIGHT
12.855,robot_1,EV_search_object,EV_path_clear,CLEAR
12.960,robot_1,EV_move_forward,EV_path_clear,CLEAR
13.251,robot_1,EV_move_forward,EV_path_clear,CLEAR
13.545,robot_1,EV_move_forward,EV_path_clear,CLEAR
13.844,robot_1,EV_move_forward,EV_path_clear,CLEAR
14.064,robot_1,EV_search_object,EV_path_clear,CLEAR
14.260,robot_1,EV_move_forward,EV_path_clear,CLEAR
14.565,robot_1,EV_search_object,EV_path_clear,CLEAR
14.763,robot_1,EV_search_object,EV_path_clear,CLEAR
14.946,robot_1,EV_search_object,EV_path_clear,CLEAR
15.052,robot_1,EV_move_forward,EV_path_clear,CLEAR
15.266,robot_1,EV_search_object,EV_path_clear,CLEAR
15.454,robot_1,EV_search_object,EV_path_clear,CLEAR
15.660,robot_1,EV_search_object,EV_path_clear,CLEAR
15.857,robot_1,EV_search_object,EV_path_clear,CLEAR
16.049,robot_1,EV_move_forward,EV_path_clear,CLEAR
16.256,robot_1,EV_search_object,EV_path_clear,CLEAR
16.445,robot_1,EV_search_object,EV_path_clear,CLEAR
16.552,robot_1,EV_move_forward,EV_path_clear,CLEAR
16.846,robot_1,EV_move_forward,EV_path_clear,CLEAR
17.156,robot_1,EV_search_object,EV_path_clear,CLEAR
17.344,robot_1,EV_move_forward,EV_path_clear,CLEAR
17.555,robot_1,EV_search_object,EV_path_clear,CLEAR
17.755,robot_1,EV_search_object,EV_path_clear,CLEAR
17.948,robot_1,EV_search_object,EV_path_clear,CLEAR
18.145,robot_1,EV_move_forward,EV_path_clear,CLEAR
18.367,robot_1,EV_move_forward,EV_path_clear,CLEAR
18.645,robot_1,EV_move_forward,EV_path_clear,CLEAR
18.853,robot_1,EV_move_forward,EV_path_clear,CLEAR
19.160,robot_1,EV_move_forward,EV_path_clear,CLEAR
19.447,robot_1,EV_search_object,EV_path_clear,CLEAR
19.648,robot_1,EV_move_forward,EV_path_clear,CLEAR
19.854,robot_1,EV_move_forward,EV_path_clear,CLEAR
20.167,robot_1,EV_search_object,EV_path_clear,CLEAR
20.347,robot_1,EV_search_object,EV_path_clear,CLEAR
20.449,robot_1,EV_move_forward,EV_path_clear,CLEAR
20.748,robot_1,EV_move_forward,EV_path_clear,CLEAR
20.961,robot_1,EV_move_forward,EV_path_clear,CLEAR
21.254,robot_1,EV_search_object,EV_path_clear,CLEAR
21.368,robot_1,EV_search_object,EV_path_clear,CLEAR
21.554,robot_1,EV_move_forward,EV_path_clear,CLEAR
21.862,robot_1,EV_search_object,EV_path_clear,CLEAR
22.044,robot_1,EV_move_forward,EV_path_clear,CLEAR
22.259,robot_1,EV_u_turn,EV_obstacle_right,RIGHT
26.150,robot_1,EV_move_forward,EV_path_clear,CLEAR
26.445,robot_1,EV_search_object,EV_path_clear,CLEAR
26.563,robot_1,EV_move_forward,EV_path_clear,CLEAR
26.864,robot_1,EV_move_forward,EV_path_clear,CLEAR
27.147,robot_1,EV_search_object,EV_path_clear,CLEAR
27.362,robot_1,EV_move_forward,EV_path_clear,CLEAR
27.658,robot_1,EV_search_object,EV_path_clear,CLEAR
27.851,robot_1,EV_search_object,EV_path_clear,CLEAR
28.058,robot_1,EV_search_object,EV_path_clear,CLEAR
28.250,robot_1,EV_search_object,EV_path_clear,CLEAR
28.363,robot_1,EV_move_forward,EV_path_clear,CLEAR
28.651,robot_1,EV_move_forward,EV_path_clear,CLEAR
28.862,robot_1,EV_search_object,EV_path_clear,CLEAR
29.056,robot_1,EV_search_object,EV_path_clear,CLEAR
29.246,robot_1,EV_move_forward,EV_path_clear,CLEAR
29.545,robot_1,EV_move_forward,EV_path_clear,CLEAR
29.849,robot_1,EV_move_forward,EV_path_clear,CLEAR
30.149,robot_1,EV_move_forward,EV_path_clear,CLEAR
30.355,robot_1,EV_move_forward,EV_path_clear,CLEAR
30.654,robot_1,EV_search_object,EV_path_clear,CLEAR
30.871,robot_1,EV_move_forward,EV_path_clear,CLEAR
31.153,robot_1,EV_search_object,EV_path_clear,CLEAR
31.345,robot_1,EV_search_object,EV_path_clear,CLEAR
31.451,robot_1,EV_search_object,EV_path_clear,CLEAR
31.656,robot_1,EV_search_object,EV_path_clear,CLEAR
31.861,robot_1,EV_search_object,EV_path_clear,CLEAR
31.965,robot_1,EV_move_forward,EV_path_clear,CLEAR
32.255,robot_1,EV_move_forward,EV_path_clear,CLEAR
32.545,robot_1,EV_search_object,EV_path_clear,CLEAR
32.657,robot_1,EV_u_turn,EV_obstacle_right,RIGHT
36.547,robot_1,EV_move_forward,EV_path_clear,CLEAR
36.768,robot_1,EV_move_forward,EV_path_clear,CLEAR
37.051,robot_1,EV_search_object,EV_path_clear,CLEAR
37.259,robot_1,EV_search_object,EV_path_clear,CLEAR
37.463,robot_1,EV_search_object,EV_path_clear,CLEAR
37.657,robot_1,EV_move_forward,EV_path_clear,CLEAR
37.952,robot_1,EV_move_forward,EV_path_clear,CLEAR
38.273,robot_1,EV_move_forward,EV_path_clear,CLEAR
38.546,robot_1,EV_move_forward,EV_path_clear,CLEAR
38.748,robot_1,EV_move_forward,EV_path_clear,CLEAR
38.956,robot_1,EV_search_object,EV_path_clear,CLEAR
39.165,robot_1,EV_move_forward,EV_path_clear,CLEAR
39.370,robot_1,EV_move_forward,EV_path_clear,CLEAR
39.651,robot_1,EV_move_forward,EV_path_clear,CLEAR
39.867,robot_1,EV_search_object,EV_path_clear,CLEAR
40.051,robot_1,EV_search_object,EV_path_clear,CLEAR
40.157,robot_1,EV_search_object,EV_path_clear,CLEAR
40.344,robot_1,EV_move_forward,EV_path_clear,CLEAR
40.546,robot_1,EV_move_forward,EV_path_clear,CLEAR
40.848,robot_1,EV_search_object,EV_path_clear,CLEAR
41.064,robot_1,EV_search_object,EV_path_clear,CLEAR
41.248,robot_1,EV_move_forward,EV_path_clear,CLEAR
41.467,robot_1,EV_search_object,EV_path_clear,CLEAR
41.660,robot_1,EV_move_forward,EV_path_clear,CLEAR
41.949,robot_1,EV_search_object,EV_path_clear,CLEAR
42.163,robot_1,EV_move_forward,EV_path_clear,CLEAR
42.458,robot_1,EV_move_forward,EV_path_clear,CLEAR
42.762,robot_1,EV_move_forward,EV_path_clear,CLEAR
43.045,robot_1,EV_move_forward,EV_path_clear,CLEAR
43.344,robot_1,EV_move_forward,EV_path_clear,CLEAR
43.563,robot_1,EV_move_forward,EV_path_clear,CLEAR
43.861,robot_1,EV_search_object,EV_path_clear,CLEAR
44.061,robot_1,EV_move_forward,EV_path_clear,CLEAR
44.366,robot_1,EV_search_object,EV_path_clear,CLEAR
44.544,robot_1,EV_search_object,EV_path_clear,CLEAR
44.746,robot_1,EV_move_forward,EV_path_clear,CLEAR
45.044,robot_1,EV_search_object,EV_path_clear,CLEAR
45.162,robot_1,EV_move_forward,EV_path_clear,CLEAR
45.456,robot_1,EV_move_forward,EV_path_clear,CLEAR
45.663,robot_1,EV_search_object,EV_path_clear,CLEAR
45.848,robot_1,EV_move_forward,EV_path_clear,CLEAR
46.057,robot_1,EV_move_forward,EV_path_clear,CLEAR
46.264,robot_1,EV_move_forward,EV_path_clear,CLEAR
46.551,robot_1,EV_search_object,EV_path_clear,CLEAR
46.760,robot_1,EV_search_object,EV_path_clear,CLEAR
46.953,robot_1,EV_move_forward,EV_path_clear,CLEAR
47.246,robot_1,EV_search_object,EV_path_clear,CLEAR
47.447,robot_1,EV_move_forward,EV_path_clear,CLEAR
47.750,robot_1,EV_move_forward,EV_path_clear,CLEAR
47.956,robot_1,EV_move_forward,EV_path_clear,CLEAR
48.244,robot_1,EV_move_forward,EV_path_clear,CLEAR
48.473,robot_1,EV_search_object,EV_path_clear,CLEAR
48.652,robot_1,EV_search_object,EV_path_clear,CLEAR
48.861,robot_1,EV_move_forward,EV_path_clear,CLEAR
49.146,robot_1,EV_move_forward,EV_path_clear,CLEAR
49.354,robot_1,EV_move_forward,EV_path_clear,CLEAR
49.659,robot_1,EV_search_object,EV_path_clear,CLEAR
49.852,robot_1,EV_search_object,EV_path_clear,CLEAR
49.974,robot_1,EV_move_forward,EV_path_clear,CLEAR
50.244,robot_1,EV_search_object,EV_path_clear,CLEAR
50.361,robot_1,EV_move_forward,EV_path_clear,CLEAR
50.658,robot_1,EV_move_forward,EV_path_clear,CLEAR
50.952,robot_1,EV_move_forward,EV_path_clear,CLEAR
51.161,robot_1,EV_search_object,EV_path_clear,CLEAR
51.350,robot_1,EV_search_object,EV_path_clear,CLEAR
51.451,robot_1,EV_search_object,EV_path_clear,CLEAR
51.562,robot_1,EV_search_object,EV_path_clear,CLEAR
51.749,robot_1,EV_search_object,EV_path_clear,CLEAR
51.944,robot_1,EV_move_forward,EV_path_clear,CLEAR
52.259,robot_1,EV_move_forward,EV_path_clear,CLEAR
52.556,robot_1,EV_move_forward,EV_path_clear,CLEAR
52.854,robot_1,EV_move_forward,EV_path_clear,CLEAR
53.156,robot_1,EV_move_forward,EV_path_clear,CLEAR
53.456,robot_1,EV_search_object,EV_path_clear,CLEAR
53.657,robot_1,EV_search_object,EV_path_clear,CLEAR
53.852,robot_1,EV_move_forward,EV_path_clear,CLEAR
54.156,robot_1,EV_search_object,EV_path_clear,CLEAR
54.347,robot_1,EV_move_forward,EV_path_clear,CLEAR
54.655,robot_1,EV_move_forward,EV_path_clear,CLEAR
54.862,robot_1,EV_search_object,EV_path_clear,CLEAR
55.062,robot_1,EV_search_object,EV_path_clear,CLEAR
55.262,robot_1,EV_search_object,EV_path_clear,CLEAR
55.465,robot_1,EV_search_object,EV_path_clear,CLEAR
55.651,robot_1,EV_search_object,EV_path_clear,CLEAR
55.855,robot_1,EV_search_object,EV_path_clear,CLEAR
55.958,robot_1,EV_search_object,EV_path_clear,CLEAR
56.147,robot_1,EV_search_object,EV_path_clear,CLEAR
56.262,robot_1,EV_search_object,EV_path_clear,CLEAR
56.450,robot_1,EV_move_forward,EV_path_clear,CLEAR
56.764,robot_1,EV_move_forward,EV_path_clear,CLEAR
57.066,robot_1,EV_move_forward,EV_path_clear,CLEAR
57.351,robot_1,EV_search_object,EV_path_clear,CLEAR
57.544,robot_1,EV_move_forward,EV_path_clear,CLEAR
57.858,robot_1,EV_move_forward,EV_path_clear,CLEAR
58.074,robot_1,EV_search_object,EV_path_clear,CLEAR
58.256,robot_1,EV_search_object,EV_path_clear,CLEAR
58.453,robot_1,EV_search_object,EV_path_clear,CLEAR
58.557,robot_1,EV_search_object,EV_path_clear,CLEAR
58.667,robot_1,EV_search_object,EV_path_clear,CLEAR
58.850,robot_1,EV_search_object,EV_path_clear,CLEAR
59.055,robot_1,EV_move_forward,EV_path_clear,CLEAR
59.261,robot_1,EV_search_object,EV_path_clear,CLEAR
59.453,robot_1,EV_search_object,EV_path_clear,CLEAR
59.648,robot_1,EV_search_object,EV_path_clear,CLEAR
59.845,robot_1,EV_search_object,EV_path_clear,CLEAR
59.970,robot_1,EV_move_forward,EV_path_clear,CLEAR
60.254,robot_1,EV_move_forward,EV_path_clear,CLEAR
60.561,robot_1,EV_search_object,EV_path_clear,CLEAR
60.747,robot_1,EV_search_object,EV_path_clear,CLEAR
60.863,robot_1,EV_search_object,EV_path_clear,CLEAR
61.061,robot_1,EV_move_forward,EV_path_clear,CLEAR
61.348,robot_1,EV_move_forward,EV_path_clear,CLEAR
61.651,robot_1,EV_move_forward,EV_path_clear,CLEAR
61.871,robot_1,EV_move_forward,EV_path_clear,CLEAR
62.146,robot_1,EV_move_forward,EV_path_clear,CLEAR
62.453,robot_1,EV_move_forward,EV_path_clear,CLEAR
62.660,robot_1,EV_move_forward,EV_path_clear,CLEAR
62.963,robot_1,EV_search_object,EV_path_clear,CLEAR
63.156,robot_1,EV_search_object,EV_path_clear,CLEAR
63.365,robot_1,EV_move_forward,EV_path_clear,CLEAR
63.648,robot_1,EV_move_forward,EV_path_clear,CLEAR
63.968,robot_1,EV_search_object,EV_path_clear,CLEAR
64.156,robot_1,EV_move_forward,EV_path_clear,CLEAR
64.459,robot_1,EV_search_object,EV_path_clear,CLEAR
64.653,robot_1,EV_move_forward,EV_path_clear,CLEAR
64.857,robot_1,EV_search_object,EV_path_clear,CLEAR
64.969,robot_1,EV_move_forward,EV_path_clear,CLEAR
65.261,robot_1,EV_move_forward,EV_path_clear,CLEAR
65.551,robot_1,EV_move_forward,EV_path_clear,CLEAR
65.768,robot_1,EV_move_forward,EV_path_clear,CLEAR
66.050,robot_1,EV_move_forward,EV_path_clear,CLEAR
66.253,robot_1,EV_search_object,EV_path_clear,CLEAR
66.357,robot_1,EV_move_forward,EV_path_clear,CLEAR
66.561,robot_1,EV_search_object,EV_path_clear,CLEAR
66.748,robot_1,EV_search_object,EV_path_clear,CLEAR
66.857,robot_1,EV_move_forward,EV_path_clear,CLEAR
67.068,robot_1,EV_move_forward,EV_path_clear,CLEAR
67.353,robot_1,EV_move_forward,EV_path_clear,CLEAR
67.648,robot_1,EV_move_forward,EV_path_clear,CLEAR
67.858,robot_1,EV_move_forward,EV_path_clear,CLEAR
68.154,robot_1,EV_move_forward,EV_path_clear,CLEAR
68.459,robot_1,EV_search_object,EV_path_clear,CLEAR
68.652,robot_1,EV_move_forward,EV_path_clear,CLEAR
68.867,robot_1,EV_move_forward,EV_path_clear,CLEAR
69.158,robot_1,EV_move_forward,EV_path_clear,CLEAR
69.452,robot_1,EV_search_object,EV_path_clear,CLEAR
69.563,robot_1,EV_search_object,EV_path_clear,CLEAR
69.756,robot_1,EV_search_object,EV_path_clear,CLEAR
69.865,robot_1,EV_search_object,EV_path_clear,CLEAR
70.044,robot_1,EV_move_forward,EV_path_clear,CLEAR
70.370,robot_1,EV_move_forward,EV_path_clear,CLEAR
70.651,robot_1,EV_search_object,EV_path_clear,CLEAR
70.853,robot_1,EV_move_forward,EV_path_clear,CLEAR
71.059,robot_1,EV_search_object,EV_path_clear,CLEAR
71.164,robot_1,EV_search_object,EV_path_clear,CLEAR
71.271,robot_1,EV_search_object,EV_path_clear,CLEAR
71.445,robot_1,EV_search_object,EV_path_clear,CLEAR
71.548,robot_1,EV_search_object,EV_path_clear,CLEAR
71.761,robot_1,EV_move_forward,EV_path_clear,CLEAR
72.045,robot_1,EV_move_forward,EV_path_clear,CLEAR
72.345,robot_1,EV_move_forward,EV_path_clear,CLEAR
72.655,robot_1,EV_search_object,EV_path_clear,CLEAR
72.845,robot_1,EV_move_forward,EV_path_clear,CLEAR
73.052,robot_1,EV_move_forward,EV_path_clear,CLEAR
73.355,robot_1,EV_search_object,EV_path_clear,CLEAR
73.555,robot_1,EV_move_forward,EV_path_clear,CLEAR
73.846,robot_1,EV_search_object,EV_path_clear,CLEAR
73.956,robot_1,EV_search_object,EV_path_clear,CLEAR
74.160,robot_1,EV_move_forward,EV_path_clear,CLEAR
74.454,robot_1,EV_search_object,EV_path_clear,CLEAR
74.562,robot_1,EV_search_object,EV_path_clear,CLEAR
74.745,robot_1,EV_search_object,EV_path_clear,CLEAR
74.857,robot_1,EV_search_object,EV_path_clear,CLEAR
74.960,robot_1,EV_search_object,EV_path_clear,CLEAR
75.150,robot_1,EV_search_object,EV_path_clear,CLEAR
75.259,robot_1,EV_u_turn,EV_obstacle_left,LEFT
79.053,robot_1,EV_rotate_counterclockwise,EV_obstacle_right,RIGHT
81.845,robot_1,EV_move_forward,EV_path_clear,CLEAR
82.053,robot_1,EV_search_object,EV_path_clear,CLEAR
82.249,robot_1,EV_search_object,EV_path_clear,CLEAR
82.357,robot_1,EV_search_object,EV_path_clear,CLEAR
82.554,robot_1,EV_move_forward,EV_path_clear,CLEAR
82.849,robot_1,EV_search_object,EV_path_clear,CLEAR
83.060,robot_1,EV_move_forward,EV_path_clear,CLEAR
83.353,robot_1,EV_move_forward,EV_path_clear,CLEAR
83.644,robot_1,EV_search_object,EV_path_clear,CLEAR
83.775,robot_1,EV_move_forward,EV_path_clear,CLEAR
84.051,robot_1,EV_move_forward,EV_path_clear,CLEAR
84.260,robot_1,EV_move_forward,EV_path_clear,CLEAR
84.549,robot_1,EV_search_object,EV_path_clear,CLEAR
84.653,robot_1,EV_search_object,EV_path_clear,CLEAR
84.858,robot_1,EV_search_object,EV_path_clear,CLEAR
85.053,robot_1,EV_search_object,EV_path_clear,CLEAR
85.251,robot_1,EV_move_forward,EV_path_clear,CLEAR
85.460,robot_1,EV_rotate_clockwise,EV_obstacle_left,LEFT
85.648,robot_1,EV_u_turn,EV_obstacle_left,LEFT
89.468,robot_1,EV_rotate_counterclockwise,EV_obstacle_right,RIGHT
92.259,robot_1,EV_search_object,EV_path_clear,CLEAR
92.459,robot_1,EV_search_object,EV_path_clear,CLEAR
92.567,robot_1,EV_search_object,EV_path_clear,CLEAR
92.763,robot_1,EV_move_forward,EV_path_clear,CLEAR
93.075,robot_1,EV_move_forward,EV_path_clear,CLEAR
93.351,robot_1,EV_search_object,EV_path_clear,CLEAR
93.559,robot_1,EV_move_forward,EV_path_clear,CLEAR
93.855,robot_1,EV_move_forward,EV_path_clear,CLEAR
94.149,robot_1,EV_search_object,EV_path_clear,CLEAR
94.251,robot_1,EV_move_forward,EV_path_clear,CLEAR
94.558,robot_1,EV_move_forward,EV_path_clear,CLEAR
94.862,robot_1,EV_move_forward,EV_path_clear,CLEAR
95.166,robot_1,EV_move_forward,EV_path_clear,CLEAR
95.444,robot_1,EV_move_forward,EV_path_clear,CLEAR
95.652,robot_1,EV_move_forward,EV_path_clear,CLEAR
95.960,robot_1,EV_move_forward,EV_path_clear,CLEAR
96.277,robot_1,EV_move_forward,EV_path_clear,CLEAR
96.545,robot_1,EV_search_object,EV_path_clear,CLEAR
96.749,robot_1,EV_search_object,EV_path_clear,CLEAR
96.866,robot_1,EV_move_forward,EV_path_clear,CLEAR
97.154,robot_1,EV_search_object,EV_path_clear,CLEAR
97.362,robot_1,EV_search_object,EV_path_clear,CLEAR
97.548,robot_1,EV_search_object,EV_path_clear,CLEAR
97.746,robot_1,EV_search_object,EV_path_clear,CLEAR
97.947,robot_1,EV_move_forward,EV_path_clear,CLEAR
98.152,robot_1,EV_move_forward,EV_path_clear,CLEAR
98.451,robot_1,EV_search_object,EV_path_clear,CLEAR
98.554,robot_1,EV_search_object,EV_path_clear,CLEAR
98.769,robot_1,EV_move_forward,EV_path_clear,CLEAR
99.054,robot_1,EV_move_forward,EV_path_clear,CLEAR
99.358,robot_1,EV_search_object,EV_path_clear,CLEAR
99.546,robot_1,EV_move_forward,EV_path_clear,CLEAR
99.768,robot_1,EV_search_object,EV_path_clear,CLEAR
99.973,robot_1,EV_move_forward,EV_path_clear,CLEAR
100.263,robot_1,EV_search_object,EV_path_clear,CLEAR
100.470,robot_1,EV_search_object,EV_path_clear,CLEAR
100.651,robot_1,EV_search_object,EV_path_clear,CLEAR
100.861,robot_1,EV_search_object,EV_path_clear,CLEAR
101.062,robot_1,EV_move_forward,EV_path_clear,CLEAR
101.364,robot_1,EV_move_forward,EV_path_clear,CLEAR
101.657,robot_1,EV_search_object,EV_path_clear,CLEAR
101.863,robot_1,EV_move_forward,EV_path_clear,CLEAR
102.162,robot_1,EV_search_object,EV_path_clear,CLEAR
102.366,robot_1,EV_move_forward,EV_path_clear,CLEAR
102.652,robot_1,EV_search_object,EV_path_clear,CLEAR
102.856,robot_1,EV_move_forward,EV_path_clear,CLEAR
103.161,robot_1,EV_move_forward,EV_path_clear,CLEAR
103.471,robot_1,EV_move_forward,EV_path_clear,CLEAR
103.750,robot_1,EV_search_object,EV_path_clear,CLEAR
103.958,robot_1,EV_move_forward,EV_path_clear,CLEAR
104.249,robot_1,EV_move_forward,EV_path_clear,CLEAR
104.556,robot_1,EV_move_forward,EV_path_clear,CLEAR
104.845,robot_1,EV_search_object,EV_path_clear,CLEAR
104.952,robot_1,EV_search_object,EV_path_clear,CLEAR
105.150,robot_1,EV_search_object,EV_path_clear,CLEAR
105.255,robot_1,EV_search_object,EV_path_clear,CLEAR
105.357,robot_1,EV_search_object,EV_path_clear,CLEAR
105.546,robot_1,EV_move_forward,EV_path_clear,CLEAR
105.763,robot_1,EV_move_forward,EV_path_clear,CLEAR
106.069,robot_1,EV_move_forward,EV_path_clear,CLEAR
106.360,robot_1,EV_move_forward,EV_path_clear,CLEAR
106.651,robot_1,EV_search_object,EV_path_clear,CLEAR
106.862,robot_1,EV_search_object,EV_path_clear,CLEAR
107.053,robot_1,EV_move_forward,EV_path_clear,CLEAR
107.344,robot_1,EV_search_object,EV_path_clear,CLEAR
107.479,robot_1,EV_search_object,EV_path_clear,CLEAR
107.646,robot_1,EV_move_forward,EV_path_clear,CLEAR
107.947,robot_1,EV_move_forward,EV_path_clear,CLEAR
108.252,robot_1,EV_search_object,EV_path_clear,CLEAR
108.481,robot_1,EV_search_object,EV_path_clear,CLEAR
108.660,robot_1,EV_move_forward,EV_path_clear,CLEAR
108.955,robot_1,EV_search_object,EV_path_clear,CLEAR
109.154,robot_1,EV_move_forward,EV_path_clear,CLEAR
109.452,robot_1,EV_search_object,EV_path_clear,CLEAR
109.561,robot_1,EV_search_object,EV_path_clear,CLEAR
109.674,robot_1,EV_search_object,EV_path_clear,CLEAR
109.847,robot_1,EV_search_object,EV_path_clear,CLEAR
109.955,robot_1,EV_move_forward,EV_path_clear,CLEAR
110.248,robot_1,EV_search_object,EV_path_clear,CLEAR
110.463,robot_1,EV_move_forward,EV_path_clear,CLEAR
110.748,robot_1,EV_search_object,EV_path_clear,CLEAR
110.850,robot_1,EV_move_forward,EV_path_clear,CLEAR
111.162,robot_1,EV_search_object,EV_path_clear,CLEAR
111.357,robot_1,EV_move_forward,EV_path_clear,CLEAR
111.667,robot_1,EV_search_object,EV_path_clear,CLEAR
111.857,robot_1,EV_move_forward,EV_path_clear,CLEAR
112.158,robot_1,EV_move_forward,EV_path_clear,CLEAR
112.454,robot_1,EV_move_forward,EV_path_clear,CLEAR
112.762,robot_1,EV_move_forward,EV_path_clear,CLEAR
113.046,robot_1,EV_move_forward,EV_path_clear,CLEAR
113.249,robot_1,EV_move_forward,EV_path_clear,CLEAR
113.550,robot_1,EV_u_turn,EV_obstacle_right,RIGHT
117.366,robot_1,EV_search_object,EV_path_clear,CLEAR
117.554,robot_1,EV_move_forward,EV_path_clear,CLEAR
117.777,robot_1,EV_search_object,EV_path_clear,CLEAR
117.979,robot_1,EV_search_object,EV_path_clear,CLEAR
118.172,robot_1,EV_move_forward,EV_path_clear,CLEAR
118.456,robot_1,EV_move_forward,EV_path_clear,CLEAR
118.674,robot_1,EV_move_forward,EV_path_clear,CLEAR
118.947,robot_1,EV_search_object,EV_path_clear,CLEAR
119.164,robot_1,EV_move_forward,EV_path_clear,CLEAR
119.483,robot_1,EV_search_object,EV_path_clear,CLEAR
119.656,robot_1,EV_move_forward,EV_path_clear,CLEAR
119.960,robot_1,EV_search_object,EV_path_clear,CLEAR
120.062,robot_1,EV_move_forward,EV_path_clear,CLEAR
120.364,robot_1,EV_move_forward,EV_path_clear,CLEAR
120.658,robot_1,EV_move_forward,EV_path_clear,CLEAR
120.956,robot_1,EV_search_object,EV_path_clear,CLEAR
121.150,robot_1,EV_search_object,EV_path_clear,CLEAR
121.276,robot_1,EV_search_object,EV_path_clear,CLEAR
121.481,robot_1,EV_search_object,EV_path_clear,CLEAR
121.660,robot_1,EV_move_forward,EV_path_clear,CLEAR
121.945,robot_1,EV_move_forward,EV_path_clear,CLEAR
122.270,robot_1,EV_search_object,EV_path_clear,CLEAR
122.456,robot_1,EV_search_object,EV_path_clear,CLEAR
122.668,robot_1,EV_move_forward,EV_path_clear,CLEAR
122.984,robot_1,EV_move_forward,EV_path_clear,CLEAR
123.263,robot_1,EV_move_forward,EV_path_clear,CLEAR
123.553,robot_1,EV_move_forward,EV_path_clear,CLEAR
123.776,robot_1,EV_move_forward,EV_path_clear,CLEAR
124.047,robot_1,EV_move_forward,EV_path_clear,CLEAR
124.369,robot_1,EV_search_object,EV_path_clear,CLEAR
124.555,robot_1,EV_move_forward,EV_path_clear,CLEAR
124.869,robot_1,EV_search_object,EV_path_clear,CLEAR
125.055,robot_1,EV_move_forward,EV_path_clear,CLEAR
125.356,robot_1,EV_search_object,EV_path_clear,CLEAR
125.552,robot_1,EV_search_object,EV_path_clear,CLEAR
125.745,robot_1,EV_search_object,EV_path_clear,CLEAR
125.870,robot_1,EV_search_object,EV_path_clear,CLEAR
126.059,robot_1,EV_move_forward,EV_path_clear,CLEAR
126.354,robot_1,EV_move_forward,EV_path_clear,CLEAR
126.574,robot_1,EV_u_turn,EV_obstacle_right,RIGHT
130.372,robot_1,EV_move_forward,EV_path_clear,CLEAR
130.651,robot_1,EV_search_object,EV_path_clear,CLEAR
130.857,robot_1,EV_search_object,EV_path_clear,CLEAR
131.070,robot_1,EV_move_forward,EV_path_clear,CLEAR
131.371,robot_1,EV_move_forward,EV_path_clear,CLEAR
131.659,robot_1,EV_move_forward,EV_path_clear,CLEAR
131.866,robot_1,EV_search_object,EV_path_clear,CLEAR
132.075,robot_1,EV_move_forward,EV_path_clear,CLEAR
132.352,robot_1,EV_search_object,EV_path_clear,CLEAR
132.491,robot_1,EV_move_forward,EV_path_clear,CLEAR
132.754,robot_1,EV_search_object,EV_path_clear,CLEAR
132.947,robot_1,EV_move_forward,EV_path_clear,CLEAR
133.159,robot_1,EV_move_forward,EV_path_clear,CLEAR
133.454,robot_1,EV_search_object,EV_path_clear,CLEAR
133.647,robot_1,EV_move_forward,EV_path_clear,CLEAR
133.972,robot_1,EV_search_object,EV_path_clear,CLEAR
134.167,robot_1,EV_move_forward,EV_path_clear,CLEAR
134.471,robot_1,EV_move_forward,EV_path_clear,CLEAR
134.767,robot_1,EV_search_object,EV_path_clear,CLEAR
134.877,robot_1,EV_move_forward,EV_path_clear,CLEAR
135.192,robot_1,EV_search_object,EV_path_clear,CLEAR
135.371,robot_1,EV_search_object,EV_path_clear,CLEAR
135.559,robot_1,EV_search_object,EV_path_clear,CLEAR
135.756,robot_1,EV_move_forward,EV_path_clear,CLEAR
136.052,robot_1,EV_move_forward,EV_path_clear,CLEAR
136.350,robot_1,EV_search_object,EV_path_clear,CLEAR
136.587,robot_1,EV_search_object,EV_path_clear,CLEAR
136.770,robot_1,EV_search_object,EV_path_clear,CLEAR
136.947,robot_1,EV_search_object,EV_path_clear,CLEAR
137.068,robot_1,EV_search_object,EV_path_clear,CLEAR
137.271,robot_1,EV_move_forward,EV_path_clear,CLEAR
137.560,robot_1,EV_search_object,EV_path_clear,CLEAR
137.760,robot_1,EV_search_object,EV_path_clear,CLEAR
137.966,robot_1,EV_rotate_counterclockwise,EV_obstacle_right,RIGHT
138.157,robot_1,EV_rotate_counterclockwise,EV_obstacle_right,RIGHT
138.370,robot_1,EV_u_turn,EV_obstacle_right,RIGHT
142.182,robot_1,EV_search_object,EV_path_clear,CLEAR
142.375,robot_1,EV_search_object,EV_path_clear,CLEAR
142.555,robot_1,EV_move_forward,EV_path_clear,CLEAR
142.849,robot_1,EV_search_object,EV_path_clear,CLEAR
142.960,robot_1,EV_search_object,EV_path_clear,CLEAR
143.158,robot_1,EV_search_object,EV_path_clear,CLEAR
143.349,robot_1,EV_search_object,EV_path_clear,CLEAR
143.546,robot_1,EV_move_forward,EV_path_clear,CLEAR
143.871,robot_1,EV_search_object,EV_path_clear,CLEAR
144.063,robot_1,EV_search_object,EV_path_clear,CLEAR
144.267,robot_1,EV_search_object,EV_path_clear,CLEAR
144.449,robot_1,EV_search_object,EV_path_clear,CLEAR
144.562,robot_1,EV_search_object,EV_path_clear,CLEAR
144.684,robot_1,EV_move_forward,EV_path_clear,CLEAR
144.945,robot_1,EV_move_forward,EV_path_clear,CLEAR
145.254,robot_1,EV_search_object,EV_path_clear,CLEAR
145.464,robot_1,EV_search_object,EV_path_clear,CLEAR
145.648,robot_1,EV_move_forward,EV_path_clear,CLEAR
145.865,robot_1,EV_move_forward,EV_path_clear,CLEAR
146.163,robot_1,EV_search_object,EV_path_clear,CLEAR
146.265,robot_1,EV_move_forward,EV_path_clear,CLEAR
146.544,robot_1,EV_rotate_counterclockwise,EV_obstacle_right,RIGHT
146.756,robot_1,EV_u_turn,EV_obstacle_right,RIGHT
150.658,robot_1,EV_u_turn,EV_obstacle_right,RIGHT
150.761,robot_1,EV_move_forward,EV_path_clear,CLEAR
151.053,robot_1,EV_search_object,EV_path_clear,CLEAR
151.170,robot_1,EV_move_forward,EV_path_clear,CLEAR
151.447,robot_1,EV_move_forward,EV_path_clear,CLEAR
151.668,robot_1,EV_move_forward,EV_path_clear,CLEAR
151.967,robot_1,EV_move_forward,EV_path_clear,CLEAR
152.257,robot_1,EV_search_object,EV_path_clear,CLEAR
152.372,robot_1,EV_search_object,EV_path_clear,CLEAR
152.551,robot_1,EV_move_forward,EV_path_clear,CLEAR
152.768,robot_1,EV_move_forward,EV_path_clear,CLEAR
153.060,robot_1,EV_search_object,EV_path_clear,CLEAR
153.257,robot_1,EV_move_forward,EV_path_clear,CLEAR
153.561,robot_1,EV_move_forward,EV_path_clear,CLEAR
153.874,robot_1,EV_move_forward,EV_path_clear,CLEAR
154.153,robot_1,EV_move_forward,EV_path_clear,CLEAR
154.357,robot_1,EV_move_forward,EV_path_clear,CLEAR
154.647,robot_1,EV_search_object,EV_path_clear,CLEAR
154.761,robot_1,EV_move_forward,EV_path_clear,CLEAR
154.979,robot_1,EV_search_object,EV_path_clear,CLEAR
155.171,robot_1,EV_search_object,EV_path_clear,CLEAR
155.358,robot_1,EV_move_forward,EV_path_clear,CLEAR
155.663,robot_1,EV_move_forward,EV_path_clear,CLEAR
155.955,robot_1,EV_move_forward,EV_path_clear,CLEAR
156.170,robot_1,EV_move_forward,EV_path_clear,CLEAR
156.467,robot_1,EV_move_forward,EV_path_clear,CLEAR
156.748,robot_1,EV_move_forward,EV_path_clear,CLEAR
157.047,robot_1,EV_move_forward,EV_path_clear,CLEAR
157.365,robot_1,EV_search_object,EV_path_clear,CLEAR
157.576,robot_1,EV_move_forward,EV_path_clear,CLEAR
157.849,robot_1,EV_u_turn,EV_obstacle_right,RIGHT
161.673,robot_1,EV_search_object,EV_path_clear,CLEAR
161.858,robot_1,EV_search_object,EV_path_clear,CLEAR
162.050,robot_1,EV_move_forward,EV_path_clear,CLEAR
162.262,robot_1,EV_search_object,EV_path_clear,CLEAR
162.468,robot_1,EV_search_object,EV_path_clear,CLEAR
162.649,robot_1,EV_move_forward,EV_path_clear,CLEAR
162.945,robot_1,EV_search_object,EV_path_clear,CLEAR
163.155,robot_1,EV_search_object,EV_path_clear,CLEAR
163.355,robot_1,EV_move_forward,EV_path_clear,CLEAR
163.649,robot_1,EV_move_forward,EV_path_clear,CLEAR
163.955,robot_1,EV_search_object,EV_path_clear,CLEAR
164.166,robot_1,EV_search_object,EV_path_clear,CLEAR
164.359,robot_1,EV_move_forward,EV_path_clear,CLEAR
164.661,robot_1,EV_move_forward,EV_path_clear,CLEAR
164.864,robot_1,EV_move_forward,EV_path_clear,CLEAR
165.146,robot_1,EV_move_forward,EV_path_clear,CLEAR
165.364,robot_1,EV_search_object,EV_path_clear,CLEAR
165.482,robot_1,EV_move_forward,EV_path_clear,CLEAR
165.752,robot_1,EV_search_object,EV_path_clear,CLEAR
165.955,robot_1,EV_search_object,EV_path_clear,CLEAR
166.170,robot_1,EV_search_object,EV_path_clear,CLEAR
166.358,robot_1,EV_search_object,EV_path_clear,CLEAR
166.551,robot_1,EV_move_forward,EV_path_clear,CLEAR
166.755,robot_1,EV_move_forward,EV_path_clear,CLEAR
167.047,robot_1,EV_search_object,EV_path_clear,CLEAR
167.150,robot_1,EV_move_forward,EV_path_clear,CLEAR
167.452,robot_1,EV_move_forward,EV_path_clear,CLEAR
167.662,robot_1,EV_search_object,EV_path_clear,CLEAR
167.853,robot_1,EV_move_forward,EV_path_clear,CLEAR
168.144,robot_1,EV_move_forward,EV_path_clear,CLEAR
168.352,robot_1,EV_search_object,EV_path_clear,CLEAR
168.567,robot_1,EV_search_object,EV_path_clear,CLEAR
168.747,robot_1,EV_move_forward,EV_path_clear,CLEAR
169.045,robot_1,EV_move_forward,EV_path_clear,CLEAR
169.357,robot_1,EV_search_object,EV_path_clear,CLEAR
169.552,robot_1,EV_search_object,EV_path_clear,CLEAR
169.755,robot_1,EV_search_object,EV_path_clear,CLEAR
169.947,robot_1,EV_move_forward,EV_path_clear,CLEAR
170.155,robot_1,EV_search_object,EV_path_clear,CLEAR
170.357,robot_1,EV_search_object,EV_path_clear,CLEAR
170.459,robot_1,EV_move_forward,EV_path_clear,CLEAR
170.663,robot_1,EV_search_object,EV_path_clear,CLEAR
170.851,robot_1,EV_search_object,EV_path_clear,CLEAR
171.055,robot_1,EV_search_object,EV_path_clear,CLEAR
171.253,robot_1,EV_search_object,EV_path_clear,CLEAR
171.458,robot_1,EV_search_object,EV_path_clear,CLEAR
171.561,robot_1,EV_move_forward,EV_path_clear,CLEAR
171.853,robot_1,EV_search_object,EV_path_clear,CLEAR
172.068,robot_1,EV_search_object,EV_path_clear,CLEAR
172.256,robot_1,EV_move_forward,EV_path_clear,CLEAR
172.553,robot_1,EV_search_object,EV_path_clear,CLEAR
172.752,robot_1,EV_search_object,EV_path_clear,CLEAR
172.967,robot_1,EV_move_forward,EV_path_clear,CLEAR
173.254,robot_1,EV_move_forward,EV_path_clear,CLEAR
173.559,robot_1,EV_move_forward,EV_path_clear,CLEAR
173.857,robot_1,EV_move_forward,EV_path_clear,CLEAR
174.158,robot_1,EV_search_object,EV_path_clear,CLEAR
174.353,robot_1,EV_search_object,EV_path_clear,CLEAR
174.549,robot_1,EV_search_object,EV_path_clear,CLEAR
174.747,robot_1,EV_search_object,EV_path_clear,CLEAR
174.948,robot_1,EV_search_object,EV_path_clear,CLEAR
175.161,robot_1,EV_search_object,EV_path_clear,CLEAR
175.276,robot_1,EV_move_forward,EV_path_clear,CLEAR
175.553,robot_1,EV_move_forward,EV_path_clear,CLEAR
175.888,robot_1,EV_move_forward,EV_path_clear,CLEAR
176.151,robot_1,EV_u_turn,EV_obstacle_left,LEFT
179.974,robot_1,EV_u_turn,EV_obstacle_right,RIGHT
180.053,robot_1,EV_rotate_counterclockwise,EV_obstacle_right,RIGHT
180.264,robot_1,EV_rotate_counterclockwise,EV_obstacle_right,RIGHT
180.472,robot_1,EV_u_turn,EV_obstacle_right,RIGHT
180.555,robot_1,EV_rotate_counterclockwise,EV_obstacle_right,RIGHT
180.750,robot_1,EV_search_object,EV_path_clear,CLEAR
180.951,robot_1,EV_search_object,EV_path_clear,CLEAR
181.059,robot_1,EV_move_forward,EV_path_clear,CLEAR
181.362,robot_1,EV_move_forward,EV_path_clear,CLEAR
181.666,robot_1,EV_search_object,EV_path_clear,CLEAR
181.853,robot_1,EV_move_forward,EV_path_clear,CLEAR
182.066,robot_1,EV_move_forward,EV_path_clear,CLEAR
182.361,robot_1,EV_search_object,EV_path_clear,CLEAR
182.547,robot_1,EV_search_object,EV_path_clear,CLEAR
182.753,robot_1,EV_search_object,EV_path_clear,CLEAR
182.959,robot_1,EV_search_object,EV_path_clear,CLEAR
183.158,robot_1,EV_search_object,EV_path_clear,CLEAR
183.361,robot_1,EV_search_object,EV_path_clear,CLEAR
183.572,robot_1,EV_search_object,EV_path_clear,CLEAR
183.750,robot_1,EV_move_forward,EV_path_clear,CLEAR
184.063,robot_1,EV_search_object,EV_path_clear,CLEAR
184.165,robot_1,EV_search_object,EV_path_clear,CLEAR
184.349,robot_1,EV_move_forward,EV_path_clear,CLEAR
184.644,robot_1,EV_search_object,EV_path_clear,CLEAR
184.865,robot_1,EV_move_forward,EV_path_clear,CLEAR
185.164,robot_1,EV_rotate_counterclockwise,EV_obstacle_right,RIGHT
185.349,robot_1,EV_u_turn,EV_obstacle_right,RIGHT
189.072,robot_1,EV_search_object,EV_path_clear,CLEAR
189.253,robot_1,EV_move_forward,EV_path_clear,CLEAR
189.583,robot_1,EV_move_forward,EV_path_clear,CLEAR
189.855,robot_1,EV_search_object,EV_path_clear,CLEAR
190.068,robot_1,EV_move_forward,EV_path_clear,CLEAR
190.358,robot_1,EV_move_forward,EV_path_clear,CLEAR
190.645,robot_1,EV_search_object,EV_path_clear,CLEAR
190.773,robot_1,EV_move_forward,EV_path_clear,CLEAR
191.068,robot_1,EV_move_forward,EV_path_clear,CLEAR
191.361,robot_1,EV_move_forward,EV_path_clear,CLEAR
191.657,robot_1,EV_move_forward,EV_path_clear,CLEAR
191.960,robot_1,EV_search_object,EV_path_clear,CLEAR
192.149,robot_1,EV_move_forward,EV_path_clear,CLEAR
192.458,robot_1,EV_move_forward,EV_path_clear,CLEAR
192.756,robot_1,EV_search_object,EV_path_clear,CLEAR
192.951,robot_1,EV_move_forward,EV_path_clear,CLEAR
193.153,robot_1,EV_search_object,EV_path_clear,CLEAR
193.347,robot_1,EV_move_forward,EV_path_clear,CLEAR
193.664,robot_1,EV_move_forward,EV_path_clear,CLEAR
193.946,robot_1,EV_move_forward,EV_path_clear,CLEAR
194.256,robot_1,EV_search_object,EV_path_clear,CLEAR
194.457,robot_1,EV_search_object,EV_path_clear,CLEAR
194.652,robot_1,EV_search_object,EV_path_clear,CLEAR
194.845,robot_1,EV_search_object,EV_path_clear,CLEAR
194.955,robot_1,EV_move_forward,EV_path_clear,CLEAR
195.245,robot_1,EV_move_forward,EV_path_clear,CLEAR
195.464,robot_1,EV_move_forward,EV_path_clear,CLEAR
195.752,robot_1,EV_move_forward,EV_path_clear,CLEAR
195.956,robot_1,EV_search_object,EV_path_clear,CLEAR
196.156,robot_1,EV_move_forward,EV_path_clear,CLEAR
196.450,robot_1,EV_move_forward,EV_path_clear,CLEAR
196.745,robot_1,EV_search_object,EV_path_clear,CLEAR
196.865,robot_1,EV_search_object,EV_path_clear,CLEAR
197.058,robot_1,EV_move_forward,EV_path_clear,CLEAR
197.355,robot_1,EV_move_forward,EV_path_clear,CLEAR
197.668,robot_1,EV_move_forward,EV_path_clear,CLEAR
197.951,robot_1,EV_search_object,EV_path_clear,CLEAR
198.151,robot_1,EV_search_object,EV_path_clear,CLEAR
198.383,robot_1,EV_search_object,EV_path_clear,CLEAR
198.563,robot_1,EV_move_forward,EV_path_clear,CLEAR
198.869,robot_1,EV_move_forward,EV_path_clear,CLEAR
199.081,robot_1,EV_search_object,EV_path_clear,CLEAR
199.251,robot_1,EV_search_object,EV_path_clear,CLEAR
199.462,robot_1,EV_move_forward,EV_path_clear,CLEAR
199.745,robot_1,EV_search_object,EV_path_clear,CLEAR
199.862,robot_1,EV_search_object,EV_path_clear,CLEAR
200.074,robot_1,EV_u_turn,EV_obstacle_right,RIGHT
203.964,robot_1,EV_move_forward,EV_path_clear,CLEAR
204.256,robot_1,EV_search_object,EV_path_clear,CLEAR
204.361,robot_1,EV_move_forward,EV_path_clear,CLEAR
204.648,robot_1,EV_search_object,EV_path_clear,CLEAR
204.750,robot_1,EV_search_object,EV_path_clear,CLEAR
204.962,robot_1,EV_move_forward,EV_path_clear,CLEAR
205.252,robot_1,EV_search_object,EV_path_clear,CLEAR
205.452,robot_1,EV_move_forward,EV_path_clear,CLEAR
205.753,robot_1,EV_move_forward,EV_path_clear,CLEAR
206.049,robot_1,EV_move_forward,EV_path_clear,CLEAR
206.350,robot_1,EV_search_object,EV_path_clear,CLEAR
206.545,robot_1,EV_search_object,EV_path_clear,CLEAR
206.651,robot_1,EV_search_object,EV_path_clear,CLEAR
206.762,robot_1,EV_move_forward,EV_path_clear,CLEAR
207.046,robot_1,EV_search_object,EV_path_clear,CLEAR
207.161,robot_1,EV_move_forward,EV_path_clear,CLEAR
207.450,robot_1,EV_search_object,EV_path_clear,CLEAR
207.674,robot_1,EV_search_object,EV_path_clear,CLEAR
207.847,robot_1,EV_move_forward,EV_path_clear,CLEAR
208.058,robot_1,EV_move_forward,EV_path_clear,CLEAR
208.352,robot_1,EV_move_forward,EV_path_clear,CLEAR
208.660,robot_1,EV_search_object,EV_path_clear,CLEAR
208.859,robot_1,EV_search_object,EV_path_clear,CLEAR
208.968,robot_1,EV_move_forward,EV_path_clear,CLEAR
209.249,robot_1,EV_search_object,EV_path_clear,CLEAR
209.451,robot_1,EV_move_forward,EV_path_clear,CLEAR
209.750,robot_1,EV_search_object,EV_path_clear,CLEAR
209.858,robot_1,EV_move_forward,EV_path_clear,CLEAR
210.065,robot_1,EV_search_object,EV_path_clear,CLEAR
210.169,robot_1,EV_move_forward,EV_path_clear,CLEAR
210.449,robot_1,EV_move_forward,EV_path_clear,CLEAR
210.760,robot_1,EV_search_object,EV_path_clear,CLEAR
210.955,robot_1,EV_search_object,EV_path_clear,CLEAR
211.172,robot_1,EV_move_forward,EV_path_clear,CLEAR
211.465,robot_1,EV_move_forward,EV_path_clear,CLEAR
211.760,robot_1,EV_search_object,EV_path_clear,CLEAR
211.951,robot_1,EV_move_forward,EV_path_clear,CLEAR
212.153,robot_1,EV_search_object,EV_path_clear,CLEAR
212.358,robot_1,EV_search_object,EV_path_clear,CLEAR
212.553,robot_1,EV_search_object,EV_path_clear,CLEAR
212.751,robot_1,EV_move_forward,EV_path_clear,CLEAR
213.057,robot_1,EV_search_object,EV_path_clear,CLEAR
213.176,robot_1,EV_move_forward,EV_path_clear,CLEAR
213.447,robot_1,EV_search_object,EV_path_clear,CLEAR
213.644,robot_1,EV_search_object,EV_path_clear,CLEAR
213.752,robot_1,EV_search_object,EV_path_clear,CLEAR
213.858,robot_1,EV_move_forward,EV_path_clear,CLEAR
214.144,robot_1,EV_search_object,EV_path_clear,CLEAR
214.356,robot_1,EV_move_forward,EV_path_clear,CLEAR
214.647,robot_1,EV_search_object,EV_path_clear,CLEAR
214.771,robot_1,EV_search_object,EV_path_clear,CLEAR
214.952,robot_1,EV_move_forward,EV_path_clear,CLEAR
215.161,robot_1,EV_search_object,EV_path_clear,CLEAR
215.357,robot_1,EV_move_forward,EV_path_clear,CLEAR
215.651,robot_1,EV_move_forward,EV_path_clear,CLEAR
215.945,robot_1,EV_search_object,EV_path_clear,CLEAR
216.161,robot_1,EV_move_forward,EV_path_clear,CLEAR
216.453,robot_1,EV_move_forward,EV_path_clear,CLEAR
216.655,robot_1,EV_search_object,EV_path_clear,CLEAR
216.846,robot_1,EV_move_forward,EV_path_clear,CLEAR
217.053,robot_1,EV_move_forward,EV_path_clear,CLEAR
217.265,robot_1,EV_search_object,EV_path_clear,CLEAR
217.456,robot_1,EV_search_object,EV_path_clear,CLEAR
217.647,robot_1,EV_search_object,EV_path_clear,CLEAR
217.856,robot_1,EV_search_object,EV_path_clear,CLEAR
218.064,robot_1,EV_move_forward,EV_path_clear,CLEAR
218.359,robot_1,EV_move_forward,EV_path_clear,CLEAR
218.652,robot_1,EV_move_forward,EV_path_clear,CLEAR
218.950,robot_1,EV_move_forward,EV_path_clear,CLEAR
219.252,robot_1,EV_move_forward,EV_path_clear,CLEAR
219.545,robot_1,EV_search_object,EV_path_clear,CLEAR
219.747,robot_1,EV_move_forward,EV_path_clear,CLEAR
220.064,robot_1,EV_move_forward,EV_path_clear,CLEAR
220.352,robot_1,EV_search_object,EV_path_clear,CLEAR
220.458,robot_1,EV_move_forward,EV_path_clear,CLEAR
220.763,robot_1,EV_move_forward,EV_path_clear,CLEAR
221.055,robot_1,EV_search_object,EV_path_clear,CLEAR
221.258,robot_1,EV_search_object,EV_path_clear,CLEAR
221.365,robot_1,EV_search_object,EV_path_clear,CLEAR
221.560,robot_1,EV_move_forward,EV_path_clear,CLEAR
221.846,robot_1,EV_move_forward,EV_path_clear,CLEAR
222.151,robot_1,EV_search_object,EV_path_clear,CLEAR
222.349,robot_1,EV_search_object,EV_path_clear,CLEAR
222.550,robot_1,EV_search_object,EV_path_clear,CLEAR
222.654,robot_1,EV_move_forward,EV_path_clear,CLEAR
222.857,robot_1,EV_move_forward,EV_path_clear,CLEAR
223.161,robot_1,EV_search_object,EV_path_clear,CLEAR
223.354,robot_1,EV_search_object,EV_path_clear,CLEAR
223.549,robot_1,EV_move_forward,EV_path_clear,CLEAR
223.861,robot_1,EV_move_forward,EV_path_clear,CLEAR
224.148,robot_1,EV_search_object,EV_path_clear,CLEAR
224.362,robot_1,EV_search_object,EV_path_clear,CLEAR
224.548,robot_1,EV_move_forward,EV_path_clear,CLEAR
224.847,robot_1,EV_move_forward,EV_path_clear,CLEAR
225.153,robot_1,EV_move_forward,EV_path_clear,CLEAR
225.444,robot_1,EV_move_forward,EV_path_clear,CLEAR
225.656,robot_1,EV_search_object,EV_path_clear,CLEAR
225.762,robot_1,EV_search_object,EV_path_clear,CLEAR
225.952,robot_1,EV_move_forward,EV_path_clear,CLEAR
226.256,robot_1,EV_move_forward,EV_path_clear,CLEAR
226.546,robot_1,EV_search_object,EV_path_clear,CLEAR
226.660,robot_1,EV_search_object,EV_path_clear,CLEAR
226.847,robot_1,EV_search_object,EV_path_clear,CLEAR
227.075,robot_1,EV_search_object,EV_path_clear,CLEAR
227.247,robot_1,EV_search_object,EV_path_clear,CLEAR
227.470,robot_1,EV_search_object,EV_path_clear,CLEAR
227.645,robot_1,EV_search_object,EV_path_clear,CLEAR
227.848,robot_1,EV_move_forward,EV_path_clear,CLEAR
228.056,robot_1,EV_u_turn,EV_obstacle_right,RIGHT
231.854,robot_1,EV_search_object,EV_path_clear,CLEAR
232.087,robot_1,EV_search_object,EV_path_clear,CLEAR
232.256,robot_1,EV_move_forward,EV_path_clear,CLEAR
232.544,robot_1,EV_move_forward,EV_path_clear,CLEAR
232.846,robot_1,EV_search_object,EV_path_clear,CLEAR
233.047,robot_1,EV_move_forward,EV_path_clear,CLEAR
233.264,robot_1,EV_search_object,EV_path_clear,CLEAR
233.463,robot_1,EV_move_forward,EV_path_clear,CLEAR
233.756,robot_1,EV_search_object,EV_path_clear,CLEAR
233.966,robot_1,EV_search_object,EV_path_clear,CLEAR
234.147,robot_1,EV_move_forward,EV_path_clear,CLEAR
234.350,robot_1,EV_search_object,EV_path_clear,CLEAR
234.548,robot_1,EV_search_object,EV_path_clear,CLEAR
234.751,robot_1,EV_search_object,EV_path_clear,CLEAR
234.947,robot_1,EV_move_forward,EV_path_clear,CLEAR
235.155,robot_1,EV_search_object,EV_path_clear,CLEAR
235.274,robot_1,EV_move_forward,EV_path_clear,CLEAR
235.563,robot_1,EV_move_forward,EV_path_clear,CLEAR
235.862,robot_1,EV_move_forward,EV_path_clear,CLEAR
236.148,robot_1,EV_move_forward,EV_path_clear,CLEAR
236.459,robot_1,EV_search_object,EV_path_clear,CLEAR
236.654,robot_1,EV_search_object,EV_path_clear,CLEAR
236.856,robot_1,EV_move_forward,EV_path_clear,CLEAR
237.172,robot_1,EV_move_forward,EV_path_clear,CLEAR
237.456,robot_1,EV_rotate_clockwise,EV_obstacle_left,LEFT
237.578,robot_1,EV_rotate_clockwise,EV_obstacle_left,LEFT
237.768,robot_1,EV_rotate_clockwise,EV_obstacle_left,LEFT
237.957,robot_1,EV_rotate_clockwise,EV_obstacle_left,LEFT
238.156,robot_1,EV_rotate_clockwise,EV_obstacle_left,LEFT
238.351,robot_1,EV_rotate_clockwise,EV_obstacle_left,LEFT
238.472,robot_1,EV_rotate_clockwise,EV_obstacle_left,LEFT
238.649,robot_1,EV_rotate_clockwise,EV_obstacle_left,LEFT
238.850,robot_1,EV_u_turn,EV_obstacle_left,LEFT
242.648,robot_1,EV_search_object,EV_path_clear,CLEAR
242.765,robot_1,EV_move_forward,EV_path_clear,CLEAR
243.070,robot_1,EV_rotate_counterclockwise,EV_obstacle_right,RIGHT
243.245,robot_1,EV_rotate_counterclockwise,EV_obstacle_right,RIGHT
243.462,robot_1,EV_u_turn,EV_obstacle_right,RIGHT
243.555,robot_1,EV_u_turn,EV_obstacle_right,RIGHT
243.656,robot_1,EV_rotate_counterclockwise,EV_obstacle_right,RIGHT
243.855,robot_1,EV_rotate_counterclockwise,EV_obstacle_right,RIGHT
244.074,robot_1,EV_rotate_counterclockwise,EV_obstacle_right,RIGHT
244.260,robot_1,EV_rotate_counterclockwise,EV_obstacle_right,RIGHT
244.450,robot_1,EV_u_turn,EV_obstacle_right,RIGHT
244.569,robot_1,EV_rotate_counterclockwise,EV_obstacle_right,RIGHT
244.761,robot_1,EV_u_turn,EV_obstacle_right,RIGHT
244.865,robot_1,EV_rotate_counterclockwise,EV_obstacle_right,RIGHT
245.044,robot_1,EV_u_turn,EV_obstacle_right,RIGHT
248.866,robot_1,EV_search_object,EV_path_clear,CLEAR
249.048,robot_1,EV_search_object,EV_path_clear,CLEAR
249.256,robot_1,EV_search_object,EV_path_clear,CLEAR
249.450,robot_1,EV_search_object,EV_path_clear,CLEAR
249.663,robot_1,EV_move_forward,EV_path_clear,CLEAR
249.951,robot_1,EV_search_object,EV_path_clear,CLEAR
250.167,robot_1,EV_search_object,EV_path_clear,CLEAR
250.351,robot_1,EV_search_object,EV_path_clear,CLEAR
250.545,robot_1,EV_search_object,EV_path_clear,CLEAR
250.655,robot_1,EV_search_object,EV_path_clear,CLEAR
250.852,robot_1,EV_search_object,EV_path_clear,CLEAR
251.053,robot_1,EV_search_object,EV_path_clear,CLEAR
251.258,robot_1,EV_search_object,EV_path_clear,CLEAR
251.472,robot_1,EV_search_object,EV_path_clear,CLEAR
251.649,robot_1,EV_search_object,EV_path_clear,CLEAR
251.762,robot_1,EV_move_forward,EV_path_clear,CLEAR
252.047,robot_1,EV_search_object,EV_path_clear,CLEAR
252.263,robot_1,EV_move_forward,EV_path_clear,CLEAR
252.555,robot_1,EV_search_object,EV_path_clear,CLEAR
252.745,robot_1,EV_search_object,EV_path_clear,CLEAR
252.945,robot_1,EV_search_object,EV_path_clear,CLEAR
253.053,robot_1,EV_move_forward,EV_path_clear,CLEAR
253.258,robot_1,EV_u_turn,EV_obstacle_right,RIGHT
257.144,robot_1,EV_search_object,EV_path_clear,CLEAR
257.357,robot_1,EV_move_forward,EV_path_clear,CLEAR
257.647,robot_1,EV_search_object,EV_path_clear,CLEAR
257.864,robot_1,EV_move_forward,EV_path_clear,CLEAR
258.149,robot_1,EV_move_forward,EV_path_clear,CLEAR
258.352,robot_1,EV_search_object,EV_path_clear,CLEAR
258.552,robot_1,EV_move_forward,EV_path_clear,CLEAR
258.855,robot_1,EV_search_object,EV_path_clear,CLEAR
258.969,robot_1,EV_move_forward,EV_path_clear,CLEAR
259.250,robot_1,EV_search_object,EV_path_clear,CLEAR
259.457,robot_1,EV_search_object,EV_path_clear,CLEAR
259.559,robot_1,EV_search_object,EV_path_clear,CLEAR
259.757,robot_1,EV_move_forward,EV_path_clear,CLEAR
260.053,robot_1,EV_search_object,EV_path_clear,CLEAR
260.245,robot_1,EV_move_forward,EV_path_clear,CLEAR
260.448,robot_1,EV_search_object,EV_path_clear,CLEAR
260.564,robot_1,EV_rotate_counterclockwise,EV_obstacle_right,RIGHT
260.755,robot_1,EV_rotate_counterclockwise,EV_obstacle_right,RIGHT
260.972,robot_1,EV_rotate_counterclockwise,EV_obstacle_right,RIGHT
261.155,robot_1,EV_u_turn,EV_obstacle_right,RIGHT
264.948,robot_1,EV_search_object,EV_path_clear,CLEAR
265.051,robot_1,EV_move_forward,EV_path_clear,CLEAR
265.354,robot_1,EV_search_object,EV_path_clear,CLEAR
265.547,robot_1,EV_move_forward,EV_path_clear,CLEAR
265.849,robot_1,EV_move_forward,EV_path_clear,CLEAR
266.145,robot_1,EV_move_forward,EV_path_clear,CLEAR
266.446,robot_1,EV_move_forward,EV_path_clear,CLEAR
266.661,robot_1,EV_search_object,EV_path_clear,CLEAR
266.857,robot_1,EV_move_forward,EV_path_clear,CLEAR
267.145,robot_1,EV_search_object,EV_path_clear,CLEAR
267.266,robot_1,EV_rotate_clockwise,EV_obstacle_left,LEFT
267.446,robot_1,EV_rotate_clockwise,EV_obstacle_left,LEFT
267.558,robot_1,EV_u_turn,EV_obstacle_left,LEFT
271.371,robot_1,EV_u_turn,EV_obstacle_right,RIGHT
271.458,robot_1,EV_u_turn,EV_obstacle_right,RIGHT
271.550,robot_1,EV_move_forward,EV_path_clear,CLEAR
271.857,robot_1,EV_search_object,EV_path_clear,CLEAR
271.965,robot_1,EV_search_object,EV_path_clear,CLEAR
272.148,robot_1,EV_search_object,EV_path_clear,CLEAR
272.374,robot_1,EV_move_forward,EV_path_clear,CLEAR
272.663,robot_1,EV_move_forward,EV_path_clear,CLEAR
272.947,robot_1,EV_search_object,EV_path_clear,CLEAR
273.154,robot_1,EV_move_forward,EV_path_clear,CLEAR
273.462,robot_1,EV_search_object,EV_path_clear,CLEAR
273.646,robot_1,EV_move_forward,EV_path_clear,CLEAR
273.970,robot_1,EV_search_object,EV_path_clear,CLEAR
274.144,robot_1,EV_move_forward,EV_path_clear,CLEAR
274.358,robot_1,EV_move_forward,EV_path_clear,CLEAR
274.672,robot_1,EV_search_object,EV_path_clear,CLEAR
274.856,robot_1,EV_move_forward,EV_path_clear,CLEAR
275.152,robot_1,EV_move_forward,EV_path_clear,CLEAR
275.451,robot_1,EV_search_object,EV_path_clear,CLEAR
275.556,robot_1,EV_search_object,EV_path_clear,CLEAR
275.667,robot_1,EV_move_forward,EV_path_clear,CLEAR
275.872,robot_1,EV_search_object,EV_path_clear,CLEAR
276.063,robot_1,EV_move_forward,EV_path_clear,CLEAR
276.370,robot_1,EV_search_object,EV_path_clear,CLEAR
276.545,robot_1,EV_move_forward,EV_path_clear,CLEAR
276.770,robot_1,EV_search_object,EV_path_clear,CLEAR
276.975,robot_1,EV_search_object,EV_path_clear,CLEAR
277.147,robot_1,EV_move_forward,EV_path_clear,CLEAR
277.363,robot_1,EV_move_forward,EV_path_clear,CLEAR
277.659,robot_1,EV_move_forward,EV_path_clear,CLEAR
277.968,robot_1,EV_move_forward,EV_path_clear,CLEAR
278.246,robot_1,EV_search_object,EV_path_clear,CLEAR
278.448,robot_1,EV_search_object,EV_path_clear,CLEAR
278.663,robot_1,EV_move_forward,EV_path_clear,CLEAR
278.962,robot_1,EV_search_object,EV_path_clear,CLEAR
279.084,robot_1,EV_move_forward,EV_path_clear,CLEAR
279.368,robot_1,EV_move_forward,EV_path_clear,CLEAR
279.653,robot_1,EV_search_object,EV_path_clear,CLEAR
279.865,robot_1,EV_move_forward,EV_path_clear,CLEAR
280.158,robot_1,EV_search_object,EV_path_clear,CLEAR
280.348,robot_1,EV_move_forward,EV_path_clear,CLEAR
280.570,robot_1,EV_search_object,EV_path_clear,CLEAR
280.757,robot_1,EV_search_object,EV_path_clear,CLEAR
280.945,robot_1,EV_search_object,EV_path_clear,CLEAR
281.054,robot_1,EV_move_forward,EV_path_clear,CLEAR
281.359,robot_1,EV_search_object,EV_path_clear,CLEAR
281.564,robot_1,EV_move_forward,EV_path_clear,CLEAR
281.849,robot_1,EV_search_object,EV_path_clear,CLEAR
281.964,robot_1,EV_move_forward,EV_path_clear,CLEAR
282.247,robot_1,EV_move_forward,EV_path_clear,CLEAR
282.556,robot_1,EV_move_forward,EV_path_clear,CLEAR
282.848,robot_1,EV_move_forward,EV_path_clear,CLEAR
283.148,robot_1,EV_move_forward,EV_path_clear,CLEAR
283.471,robot_1,EV_move_forward,EV_path_clear,CLEAR
283.751,robot_1,EV_move_forward,EV_path_clear,CLEAR
283.965,robot_1,EV_move_forward,EV_path_clear,CLEAR
284.252,robot_1,EV_search_object,EV_path_clear,CLEAR
284.448,robot_1,EV_move_forward,EV_path_clear,CLEAR
284.755,robot_1,EV_search_object,EV_path_clear,CLEAR
284.870,robot_1,EV_search_object,EV_path_clear,CLEAR
285.055,robot_1,EV_search_object,EV_path_clear,CLEAR
285.258,robot_1,EV_move_forward,EV_path_clear,CLEAR
285.470,robot_1,EV_move_forward,EV_path_clear,CLEAR
285.747,robot_1,EV_search_object,EV_path_clear,CLEAR
285.946,robot_1,EV_search_object,EV_path_clear,CLEAR
286.061,robot_1,EV_move_forward,EV_path_clear,CLEAR
286.354,robot_1,EV_search_object,EV_path_clear,CLEAR
286.555,robot_1,EV_move_forward,EV_path_clear,CLEAR
286.854,robot_1,EV_search_object,EV_path_clear,CLEAR
286.964,robot_1,EV_search_object,EV_path_clear,CLEAR
287.146,robot_1,EV_move_forward,EV_path_clear,CLEAR
287.455,robot_1,EV_move_forward,EV_path_clear,CLEAR
287.667,robot_1,EV_search_object,EV_path_clear,CLEAR
287.852,robot_1,EV_move_forward,EV_path_clear,CLEAR
288.154,robot_1,EV_move_forward,EV_path_clear,CLEAR
288.372,robot_1,EV_move_forward,EV_path_clear,CLEAR
288.661,robot_1,EV_search_object,EV_path_clear,CLEAR
288.852,robot_1,EV_move_forward,EV_path_clear,CLEAR
289.164,robot_1,EV_search_object,EV_path_clear,CLEAR
289.346,robot_1,EV_move_forward,EV_path_clear,CLEAR
289.647,robot_1,EV_search_object,EV_path_clear,CLEAR
289.846,robot_1,EV_move_forward,EV_path_clear,CLEAR
290.059,robot_1,EV_move_forward,EV_path_clear,CLEAR
290.350,robot_1,EV_move_forward,EV_path_clear,CLEAR
290.571,robot_1,EV_search_object,EV_path_clear,CLEAR
290.754,robot_1,EV_search_object,EV_path_clear,CLEAR
290.961,robot_1,EV_search_object,EV_path_clear,CLEAR
291.174,robot_1,EV_search_object,EV_path_clear,CLEAR
291.346,robot_1,EV_move_forward,EV_path_clear,CLEAR
291.648,robot_1,EV_move_forward,EV_path_clear,CLEAR
291.953,robot_1,EV_search_object,EV_path_clear,CLEAR
292.171,robot_1,EV_move_forward,EV_path_clear,CLEAR
292.454,robot_1,EV_move_forward,EV_path_clear,CLEAR
292.763,robot_1,EV_move_forward,EV_path_clear,CLEAR
293.048,robot_1,EV_search_object,EV_path_clear,CLEAR
293.166,robot_1,EV_search_object,EV_path_clear,CLEAR
293.366,robot_1,EV_search_object,EV_path_clear,CLEAR
293.567,robot_1,EV_search_object,EV_path_clear,CLEAR
293.746,robot_1,EV_move_forward,EV_path_clear,CLEAR
293.963,robot_1,EV_move_forward,EV_path_clear,CLEAR
294.261,robot_1,EV_move_forward,EV_path_clear,CLEAR
294.570,robot_1,EV_search_object,EV_path_clear,CLEAR
294.747,robot_1,EV_search_object,EV_path_clear,CLEAR
294.951,robot_1,EV_move_forward,EV_path_clear,CLEAR
295.162,robot_1,EV_search_object,EV_path_clear,CLEAR
295.352,robot_1,EV_move_forward,EV_path_clear,CLEAR
295.647,robot_1,EV_move_forward,EV_path_clear,CLEAR
295.966,robot_1,EV_search_object,EV_path_clear,CLEAR
296.146,robot_1,EV_search_object,EV_path_clear,CLEAR
296.356,robot_1,EV_move_forward,EV_path_clear,CLEAR
296.656,robot_1,EV_move_forward,EV_path_clear,CLEAR
296.866,robot_1,EV_move_forward,EV_path_clear,CLEAR
297.154,robot_1,EV_search_object,EV_path_clear,CLEAR
297.352,robot_1,EV_search_object,EV_path_clear,CLEAR
297.556,robot_1,EV_move_forward,EV_path_clear,CLEAR
297.770,robot_1,EV_move_forward,EV_path_clear,CLEAR
298.054,robot_1,EV_search_object,EV_path_clear,CLEAR
298.263,robot_1,EV_search_object,EV_path_clear,CLEAR
298.450,robot_1,EV_search_object,EV_path_clear,CLEAR
298.555,robot_1,EV_search_object,EV_path_clear,CLEAR
298.748,robot_1,EV_move_forward,EV_path_clear,CLEAR
299.047,robot_1,EV_move_forward,EV_path_clear,CLEAR
299.357,robot_1,EV_move_forward,EV_path_clear,CLEAR
299.651,robot_1,EV_move_forward,EV_path_clear,CLEAR
299.865,robot_1,EV_search_object,EV_path_clear,CLEAR
300.044,robot_1,EV_search_object,EV_path_clear,CLEAR
300.150,robot_1,EV_move_forward,EV_path_clear,CLEAR
300.446,robot_1,EV_move_forward,EV_path_clear,CLEAR
300.659,robot_1,EV_search_object,EV_path_clear,CLEAR
300.867,robot_1,EV_search_object,EV_path_clear,CLEAR
301.047,robot_1,EV_move_forward,EV_path_clear,CLEAR
301.371,robot_1,EV_search_object,EV_path_clear,CLEAR
301.557,robot_1,EV_search_object,EV_path_clear,CLEAR
301.745,robot_1,EV_search_object,EV_path_clear,CLEAR
301.965,robot_1,EV_move_forward,EV_path_clear,CLEAR
302.171,robot_1,EV_search_object,EV_path_clear,CLEAR
302.360,robot_1,EV_move_forward,EV_path_clear,CLEAR
302.569,robot_1,EV_search_object,EV_path_clear,CLEAR
302.766,robot_1,EV_search_object,EV_path_clear,CLEAR
302.965,robot_1,EV_search_object,EV_path_clear,CLEAR
303.144,robot_1,EV_search_object,EV_path_clear,CLEAR
303.246,robot_1,EV_move_forward,EV_path_clear,CLEAR
303.557,robot_1,EV_u_turn,EV_obstacle_left,LEFT
307.449,robot_1,EV_u_turn,EV_obstacle_right,RIGHT
307.559,robot_1,EV_u_turn,EV_obstacle_right,RIGHT
307.646,robot_1,EV_move_forward,EV_path_clear,CLEAR
307.872,robot_1,EV_search_object,EV_path_clear,CLEAR
307.982,robot_1,EV_search_object,EV_path_clear,CLEAR
308.156,robot_1,EV_search_object,EV_path_clear,CLEAR
308.346,robot_1,EV_move_forward,EV_path_clear,CLEAR
308.565,robot_1,EV_search_object,EV_path_clear,CLEAR
308.745,robot_1,EV_search_object,EV_path_clear,CLEAR
308.877,robot_1,EV_move_forward,EV_path_clear,CLEAR
309.152,robot_1,EV_move_forward,EV_path_clear,CLEAR
309.444,robot_1,EV_search_object,EV_path_clear,CLEAR
309.557,robot_1,EV_move_forward,EV_path_clear,CLEAR
309.858,robot_1,EV_move_forward,EV_path_clear,CLEAR
310.160,robot_1,EV_search_object,EV_path_clear,CLEAR
310.352,robot_1,EV_move_forward,EV_path_clear,CLEAR
310.555,robot_1,EV_search_object,EV_path_clear,CLEAR
310.754,robot_1,EV_search_object,EV_path_clear,CLEAR
310.969,robot_1,EV_move_forward,EV_path_clear,CLEAR
311.272,robot_1,EV_move_forward,EV_path_clear,CLEAR
311.550,robot_1,EV_search_object,EV_path_clear,CLEAR
311.763,robot_1,EV_search_object,EV_path_clear,CLEAR
311.957,robot_1,EV_search_object,EV_path_clear,CLEAR
312.149,robot_1,EV_move_forward,EV_path_clear,CLEAR
312.484,robot_1,EV_search_object,EV_path_clear,CLEAR
312.650,robot_1,EV_search_object,EV_path_clear,CLEAR
312.759,robot_1,EV_move_forward,EV_path_clear,CLEAR
313.051,robot_1,EV_search_object,EV_path_clear,CLEAR
313.160,robot_1,EV_search_object,EV_path_clear,CLEAR
313.356,robot_1,EV_move_forward,EV_path_clear,CLEAR
313.665,robot_1,EV_search_object,EV_path_clear,CLEAR
313.857,robot_1,EV_move_forward,EV_path_clear,CLEAR
314.151,robot_1,EV_move_forward,EV_path_clear,CLEAR
314.361,robot_1,EV_move_forward,EV_path_clear,CLEAR
314.656,robot_1,EV_move_forward,EV_path_clear,CLEAR
314.983,robot_1,EV_move_forward,EV_path_clear,CLEAR
315.244,robot_1,EV_move_forward,EV_path_clear,CLEAR
315.466,robot_1,EV_move_forward,EV_path_clear,CLEAR
315.750,robot_1,EV_search_object,EV_path_clear,CLEAR
315.866,robot_1,EV_move_forward,EV_path_clear,CLEAR
316.161,robot_1,EV_u_turn,EV_obstacle_right,RIGHT
319.974,robot_1,EV_move_forward,EV_path_clear,CLEAR
320.249,robot_1,EV_search_object,EV_path_clear,CLEAR
320.457,robot_1,EV_search_object,EV_path_clear,CLEAR
320.658,robot_1,EV_move_forward,EV_path_clear,CLEAR
320.958,robot_1,EV_move_forward,EV_path_clear,CLEAR
321.166,robot_1,EV_move_forward,EV_path_clear,CLEAR
321.457,robot_1,EV_move_forward,EV_path_clear,CLEAR
321.662,robot_1,EV_search_object,EV_path_clear,CLEAR
321.865,robot_1,EV_search_object,EV_path_clear,CLEAR
321.971,robot_1,EV_move_forward,EV_path_clear,CLEAR
322.244,robot_1,EV_move_forward,EV_path_clear,CLEAR
322.465,robot_1,EV_search_object,EV_path_clear,CLEAR
322.588,robot_1,EV_move_forward,EV_path_clear,CLEAR
322.855,robot_1,EV_move_forward,EV_path_clear,CLEAR
323.155,robot_1,EV_search_object,EV_path_clear,CLEAR
323.356,robot_1,EV_move_forward,EV_path_clear,CLEAR
323.662,robot_1,EV_search_object,EV_path_clear,CLEAR
323.859,robot_1,EV_move_forward,EV_path_clear,CLEAR
324.145,robot_1,EV_move_forward,EV_path_clear,CLEAR
324.456,robot_1,EV_move_forward,EV_path_clear,CLEAR
324.761,robot_1,EV_move_forward,EV_path_clear,CLEAR
325.050,robot_1,EV_move_forward,EV_path_clear,CLEAR
325.356,robot_1,EV_move_forward,EV_path_clear,CLEAR
325.654,robot_1,EV_move_forward,EV_path_clear,CLEAR
325.983,robot_1,EV_search_object,EV_path_clear,CLEAR
326.164,robot_1,EV_move_forward,EV_path_clear,CLEAR
326.463,robot_1,EV_move_forward,EV_path_clear,CLEAR
326.762,robot_1,EV_move_forward,EV_path_clear,CLEAR
327.067,robot_1,EV_search_object,EV_path_clear,CLEAR
327.252,robot_1,EV_search_object,EV_path_clear,CLEAR
327.456,robot_1,EV_move_forward,EV_path_clear,CLEAR
327.763,robot_1,EV_search_object,EV_path_clear,CLEAR
327.968,robot_1,EV_search_object,EV_path_clear,CLEAR
328.151,robot_1,EV_move_forward,EV_path_clear,CLEAR
328.454,robot_1,EV_move_forward,EV_path_clear,CLEAR
328.750,robot_1,EV_move_forward,EV_path_clear,CLEAR
329.064,robot_1,EV_search_object,EV_path_clear,CLEAR
329.255,robot_1,EV_search_object,EV_path_clear,CLEAR
329.460,robot_1,EV_search_object,EV_path_clear,CLEAR
329.659,robot_1,EV_search_object,EV_path_clear,CLEAR
329.845,robot_1,EV_search_object,EV_path_clear,CLEAR
330.053,robot_1,EV_move_forward,EV_path_clear,CLEAR
330.351,robot_1,EV_search_object,EV_path_clear,CLEAR
330.453,robot_1,EV_search_object,EV_path_clear,CLEAR
330.657,robot_1,EV_move_forward,EV_path_clear,CLEAR
330.872,robot_1,EV_rotate_counterclockwise,EV_obstacle_right,RIGHT
331.056,robot_1,EV_u_turn,EV_obstacle_right,RIGHT
334.857,robot_1,EV_move_forward,EV_path_clear,CLEAR
335.145,robot_1,EV_move_forward,EV_path_clear,CLEAR
335.369,robot_1,EV_search_object,EV_path_clear,CLEAR
335.474,robot_1,EV_move_forward,EV_path_clear,CLEAR
335.760,robot_1,EV_search_object,EV_path_clear,CLEAR
335.947,robot_1,EV_move_forward,EV_path_clear,CLEAR
336.254,robot_1,EV_search_object,EV_path_clear,CLEAR
336.363,robot_1,EV_search_object,EV_path_clear,CLEAR
336.546,robot_1,EV_search_object,EV_path_clear,CLEAR
336.654,robot_1,EV_search_object,EV_path_clear,CLEAR
336.869,robot_1,EV_search_object,EV_path_clear,CLEAR
337.055,robot_1,EV_search_object,EV_path_clear,CLEAR
337.161,robot_1,EV_move_forward,EV_path_clear,CLEAR
337.457,robot_1,EV_search_object,EV_path_clear,CLEAR
337.658,robot_1,EV_move_forward,EV_path_clear,CLEAR
337.949,robot_1,EV_search_object,EV_path_clear,CLEAR
338.065,robot_1,EV_move_forward,EV_path_clear,CLEAR
338.366,robot_1,EV_search_object,EV_path_clear,CLEAR
338.555,robot_1,EV_u_turn,EV_obstacle_right,RIGHT
342.454,robot_1,EV_move_forward,EV_path_clear,CLEAR
342.747,robot_1,EV_search_object,EV_path_clear,CLEAR
342.856,robot_1,EV_move_forward,EV_path_clear,CLEAR
343.074,robot_1,EV_search_object,EV_path_clear,CLEAR
343.245,robot_1,EV_search_object,EV_path_clear,CLEAR
343.366,robot_1,EV_search_object,EV_path_clear,CLEAR
343.472,robot_1,EV_move_forward,EV_path_clear,CLEAR
343.769,robot_1,EV_search_object,EV_path_clear,CLEAR
343.953,robot_1,EV_search_object,EV_path_clear,CLEAR
344.152,robot_1,EV_search_object,EV_path_clear,CLEAR
344.346,robot_1,EV_move_forward,EV_path_clear,CLEAR
344.564,robot_1,EV_search_object,EV_path_clear,CLEAR
344.755,robot_1,EV_search_object,EV_path_clear,CLEAR
344.948,robot_1,EV_search_object,EV_path_clear,CLEAR
345.166,robot_1,EV_search_object,EV_path_clear,CLEAR
345.355,robot_1,EV_search_object,EV_path_clear,CLEAR
345.465,robot_1,EV_search_object,EV_path_clear,CLEAR
345.675,robot_1,EV_search_object,EV_path_clear,CLEAR
345.848,robot_1,EV_move_forward,EV_path_clear,CLEAR
346.051,robot_1,EV_move_forward,EV_path_clear,CLEAR
346.267,robot_1,EV_move_forward,EV_path_clear,CLEAR
346.547,robot_1,EV_search_object,EV_path_clear,CLEAR
346.756,robot_1,EV_search_object,EV_path_clear,CLEAR
346.860,robot_1,EV_search_object,EV_path_clear,CLEAR
347.051,robot_1,EV_search_object,EV_path_clear,CLEAR
347.248,robot_1,EV_search_object,EV_path_clear,CLEAR
347.463,robot_1,EV_search_object,EV_path_clear,CLEAR
347.651,robot_1,EV_move_forward,EV_path_clear,CLEAR
347.863,robot_1,EV_move_forward,EV_path_clear,CLEAR
348.071,robot_1,EV_move_forward,EV_path_clear,CLEAR
348.346,robot_1,EV_move_forward,EV_path_clear,CLEAR
348.563,robot_1,EV_move_forward,EV_path_clear,CLEAR
348.855,robot_1,EV_search_object,EV_path_clear,CLEAR
349.062,robot_1,EV_search_object,EV_path_clear,CLEAR
349.257,robot_1,EV_u_turn,EV_obstacle_right,RIGHT
353.066,robot_1,EV_move_forward,EV_path_clear,CLEAR
353.358,robot_1,EV_search_object,EV_path_clear,CLEAR
353.558,robot_1,EV_search_object,EV_path_clear,CLEAR
353.756,robot_1,EV_move_forward,EV_path_clear,CLEAR
353.970,robot_1,EV_search_object,EV_path_clear,CLEAR
354.161,robot_1,EV_move_forward,EV_path_clear,CLEAR
354.375,robot_1,EV_move_forward,EV_path_clear,CLEAR
354.656,robot_1,EV_move_forward,EV_path_clear,CLEAR
354.947,robot_1,EV_search_object,EV_path_clear,CLEAR
355.152,robot_1,EV_move_forward,EV_path_clear,CLEAR
355.459,robot_1,EV_move_forward,EV_path_clear,CLEAR
355.775,robot_1,EV_move_forward,EV_path_clear,CLEAR
356.075,robot_1,EV_move_forward,EV_path_clear,CLEAR
356.372,robot_1,EV_search_object,EV_path_clear,CLEAR
356.474,robot_1,EV_search_object,EV_path_clear,CLEAR
356.662,robot_1,EV_move_forward,EV_path_clear,CLEAR
356.960,robot_1,EV_move_forward,EV_path_clear,CLEAR
357.245,robot_1,EV_move_forward,EV_path_clear,CLEAR
357.552,robot_1,EV_search_object,EV_path_clear,CLEAR
357.661,robot_1,EV_move_forward,EV_path_clear,CLEAR
357.945,robot_1,EV_search_object,EV_path_clear,CLEAR
358.157,robot_1,EV_move_forward,EV_path_clear,CLEAR
358.361,robot_1,EV_search_object,EV_path_clear,CLEAR
358.554,robot_1,EV_search_object,EV_path_clear,CLEAR
358.764,robot_1,EV_move_forward,EV_path_clear,CLEAR
359.061,robot_1,EV_search_object,EV_path_clear,CLEAR
359.247,robot_1,EV_move_forward,EV_path_clear,CLEAR
359.454,robot_1,EV_move_forward,EV_path_clear,CLEAR
359.760,robot_1,EV_move_forward,EV_path_clear,CLEAR
359.968,robot_1,EV_move_forward,EV_path_clear,CLEAR
360.252,robot_1,EV_move_forward,EV_path_clear,CLEAR
360.564,robot_1,EV_move_forward,EV_path_clear,CLEAR
360.848,robot_1,EV_search_object,EV_path_clear,CLEAR
360.971,robot_1,EV_move_forward,EV_path_clear,CLEAR
361.251,robot_1,EV_move_forward,EV_path_clear,CLEAR
361.454,robot_1,EV_move_forward,EV_path_clear,CLEAR
361.753,robot_1,EV_search_object,EV_path_clear,CLEAR
361.874,robot_1,EV_search_object,EV_path_clear,CLEAR
362.049,robot_1,EV_search_object,EV_path_clear,CLEAR
362.244,robot_1,EV_move_forward,EV_path_clear,CLEAR
362.548,robot_1,EV_move_forward,EV_path_clear,CLEAR
362.767,robot_1,EV_move_forward,EV_path_clear,CLEAR
363.055,robot_1,EV_search_object,EV_path_clear,CLEAR
363.253,robot_1,EV_move_forward,EV_path_clear,CLEAR
363.544,robot_1,EV_search_object,EV_path_clear,CLEAR
363.648,robot_1,EV_search_object,EV_path_clear,CLEAR
363.869,robot_1,EV_search_object,EV_path_clear,CLEAR
364.056,robot_1,EV_move_forward,EV_path_clear,CLEAR
364.353,robot_1,EV_search_object,EV_path_clear,CLEAR
364.559,robot_1,EV_search_object,EV_path_clear,CLEAR
364.757,robot_1,EV_search_object,EV_path_clear,CLEAR
364.862,robot_1,EV_search_object,EV_path_clear,CLEAR
365.052,robot_1,EV_move_forward,EV_path_clear,CLEAR
365.361,robot_1,EV_search_object,EV_path_clear,CLEAR
365.560,robot_1,EV_move_forward,EV_path_clear,CLEAR
365.846,robot_1,EV_move_forward,EV_path_clear,CLEAR
366.064,robot_1,EV_move_forward,EV_path_clear,CLEAR
366.355,robot_1,EV_search_object,EV_path_clear,CLEAR
366.565,robot_1,EV_move_forward,EV_path_clear,CLEAR
366.849,robot_1,EV_search_object,EV_path_clear,CLEAR
366.988,robot_1,EV_move_forward,EV_path_clear,CLEAR
367.256,robot_1,EV_search_object,EV_path_clear,CLEAR
367.445,robot_1,EV_move_forward,EV_path_clear,CLEAR
367.658,robot_1,EV_search_object,EV_path_clear,CLEAR
367.847,robot_1,EV_move_forward,EV_path_clear,CLEAR
368.147,robot_1,EV_search_object,EV_path_clear,CLEAR
368.351,robot_1,EV_move_forward,EV_path_clear,CLEAR
368.589,robot_1,EV_search_object,EV_path_clear,CLEAR
368.763,robot_1,EV_move_forward,EV_path_clear,CLEAR
369.045,robot_1,EV_search_object,EV_path_clear,CLEAR
369.254,robot_1,EV_move_forward,EV_path_clear,CLEAR
369.550,robot_1,EV_search_object,EV_path_clear,CLEAR
369.654,robot_1,EV_search_object,EV_path_clear,CLEAR
369.881,robot_1,EV_move_forward,EV_path_clear,CLEAR
370.164,robot_1,EV_move_forward,EV_path_clear,CLEAR
370.451,robot_1,EV_search_object,EV_path_clear,CLEAR
370.579,robot_1,EV_search_object,EV_path_clear,CLEAR
370.758,robot_1,EV_move_forward,EV_path_clear,CLEAR
371.054,robot_1,EV_move_forward,EV_path_clear,CLEAR
371.366,robot_1,EV_search_object,EV_path_clear,CLEAR
371.550,robot_1,EV_search_object,EV_path_clear,CLEAR
371.770,robot_1,EV_search_object,EV_path_clear,CLEAR
371.963,robot_1,EV_move_forward,EV_path_clear,CLEAR
372.250,robot_1,EV_move_forward,EV_path_clear,CLEAR
372.459,robot_1,EV_search_object,EV_path_clear,CLEAR
372.679,robot_1,EV_search_object,EV_path_clear,CLEAR
372.873,robot_1,EV_search_object,EV_path_clear,CLEAR
373.061,robot_1,EV_search_object,EV_path_clear,CLEAR
373.166,robot_1,EV_search_object,EV_path_clear,CLEAR
373.353,robot_1,EV_search_object,EV_path_clear,CLEAR
373.482,robot_1,EV_search_object,EV_path_clear,CLEAR
373.655,robot_1,EV_move_forward,EV_path_clear,CLEAR
373.872,robot_1,EV_search_object,EV_path_clear,CLEAR
374.051,robot_1,EV_search_object,EV_path_clear,CLEAR
374.159,robot_1,EV_move_forward,EV_path_clear,CLEAR
374.463,robot_1,EV_search_object,EV_path_clear,CLEAR
374.657,robot_1,EV_u_turn,EV_obstacle_right,RIGHT
378.552,robot_1,EV_search_object,EV_path_clear,CLEAR
378.667,robot_1,EV_move_forward,EV_path_clear,CLEAR
378.949,robot_1,EV_search_object,EV_path_clear,CLEAR
379.167,robot_1,EV_move_forward,EV_path_clear,CLEAR
379.460,robot_1,EV_move_forward,EV_path_clear,CLEAR
379.667,robot_1,EV_search_object,EV_path_clear,CLEAR
379.857,robot_1,EV_move_forward,EV_path_clear,CLEAR
380.156,robot_1,EV_search_object,EV_path_clear,CLEAR
380.349,robot_1,EV_search_object,EV_path_clear,CLEAR
380.576,robot_1,EV_search_object,EV_path_clear,CLEAR
380.755,robot_1,EV_move_forward,EV_path_clear,CLEAR
381.048,robot_1,EV_move_forward,EV_path_clear,CLEAR
381.253,robot_1,EV_move_forward,EV_path_clear,CLEAR
381.565,robot_1,EV_search_object,EV_path_clear,CLEAR
381.757,robot_1,EV_move_forward,EV_path_clear,CLEAR
381.973,robot_1,EV_search_object,EV_path_clear,CLEAR
382.164,robot_1,EV_move_forward,EV_path_clear,CLEAR
382.463,robot_1,EV_search_object,EV_path_clear,CLEAR
382.651,robot_1,EV_search_object,EV_path_clear,CLEAR
382.755,robot_1,EV_search_object,EV_path_clear,CLEAR
382.955,robot_1,EV_move_forward,EV_path_clear,CLEAR
383.180,robot_1,EV_search_object,EV_path_clear,CLEAR
383.349,robot_1,EV_search_object,EV_path_clear,CLEAR
383.553,robot_1,EV_move_forward,EV_path_clear,CLEAR
383.890,robot_1,EV_search_object,EV_path_clear,CLEAR
384.064,robot_1,EV_search_object,EV_path_clear,CLEAR
384.253,robot_1,EV_move_forward,EV_path_clear,CLEAR
384.548,robot_1,EV_move_forward,EV_path_clear,CLEAR
384.771,robot_1,EV_search_object,EV_path_clear,CLEAR
384.948,robot_1,EV_search_object,EV_path_clear,CLEAR
385.148,robot_1,EV_search_object,EV_path_clear,CLEAR
385.254,robot_1,EV_move_forward,EV_path_clear,CLEAR
385.546,robot_1,EV_move_forward,EV_path_clear,CLEAR
385.855,robot_1,EV_move_forward,EV_path_clear,CLEAR
386.165,robot_1,EV_move_forward,EV_path_clear,CLEAR
386.464,robot_1,EV_u_turn,EV_obstacle_left,LEFT
390.365,robot_1,EV_search_object,EV_path_clear,CLEAR
390.545,robot_1,EV_search_object,EV_path_clear,CLEAR
390.666,robot_1,EV_search_object,EV_path_clear,CLEAR
390.781,robot_1,EV_search_object,EV_path_clear,CLEAR
390.963,robot_1,EV_search_object,EV_path_clear,CLEAR
391.156,robot_1,EV_search_object,EV_path_clear,CLEAR
391.353,robot_1,EV_search_object,EV_path_clear,CLEAR
391.483,robot_1,EV_search_object,EV_path_clear,CLEAR
391.668,robot_1,EV_move_forward,EV_path_clear,CLEAR
391.979,robot_1,EV_move_forward,EV_path_clear,CLEAR
392.184,robot_1,EV_move_forward,EV_path_clear,CLEAR
392.456,robot_1,EV_search_object,EV_path_clear,CLEAR
392.647,robot_1,EV_move_forward,EV_path_clear,CLEAR
392.963,robot_1,EV_move_forward,EV_path_clear,CLEAR
393.248,robot_1,EV_search_object,EV_path_clear,CLEAR
393.451,robot_1,EV_search_object,EV_path_clear,CLEAR
393.566,robot_1,EV_move_forward,EV_path_clear,CLEAR
393.869,robot_1,EV_move_forward,EV_path_clear,CLEAR
394.155,robot_1,EV_rotate_counterclockwise,EV_obstacle_right,RIGHT
394.355,robot_1,EV_u_turn,EV_obstacle_right,RIGHT
398.256,robot_1,EV_move_forward,EV_path_clear,CLEAR
398.459,robot_1,EV_move_forward,EV_path_clear,CLEAR
398.757,robot_1,EV_move_forward,EV_path_clear,CLEAR
399.063,robot_1,EV_move_forward,EV_path_clear,CLEAR
399.276,robot_1,EV_search_object,EV_path_clear,CLEAR
399.450,robot_1,EV_move_forward,EV_path_clear,CLEAR
399.750,robot_1,EV_search_object,EV_path_clear,CLEAR
399.854,robot_1,EV_search_object,EV_path_clear,CLEAR
399.962,robot_1,EV_move_forward,EV_path_clear,CLEAR
400.174,robot_1,EV_move_forward,EV_path_clear,CLEAR
400.461,robot_1,EV_move_forward,EV_path_clear,CLEAR
400.758,robot_1,EV_move_forward,EV_path_clear,CLEAR
401.067,robot_1,EV_rotate_counterclockwise,EV_obstacle_right,RIGHT
401.246,robot_1,EV_u_turn,EV_obstacle_right,RIGHT
405.056,robot_1,EV_search_object,EV_path_clear,CLEAR
405.244,robot_1,EV_move_forward,EV_path_clear,CLEAR
405.551,robot_1,EV_move_forward,EV_path_clear,CLEAR
405.872,robot_1,EV_move_forward,EV_path_clear,CLEAR
406.172,robot_1,EV_move_forward,EV_path_clear,CLEAR
406.444,robot_1,EV_search_object,EV_path_clear,CLEAR
406.568,robot_1,EV_search_object,EV_path_clear,CLEAR
406.760,robot_1,EV_search_object,EV_path_clear,CLEAR
406.944,robot_1,EV_move_forward,EV_path_clear,CLEAR
407.151,robot_1,EV_move_forward,EV_path_clear,CLEAR
407.445,robot_1,EV_search_object,EV_path_clear,CLEAR
407.651,robot_1,EV_move_backward,EV_obstacle_front,CORNER
407.969,robot_1,EV_u_turn,EV_obstacle_front,CORNER
411.854,robot_1,EV_move_forward,EV_path_clear,CLEAR
412.146,robot_1,EV_move_forward,EV_path_clear,CLEAR
412.361,robot_1,EV_search_object,EV_path_clear,CLEAR
412.556,robot_1,EV_search_object,EV_path_clear,CLEAR
412.747,robot_1,EV_move_forward,EV_path_clear,CLEAR
412.960,robot_1,EV_move_forward,EV_path_clear,CLEAR
413.261,robot_1,EV_move_forward,EV_path_clear,CLEAR
413.561,robot_1,EV_search_object,EV_path_clear,CLEAR
413.749,robot_1,EV_search_object,EV_path_clear,CLEAR
413.868,robot_1,EV_rotate_clockwise,EV_obstacle_left,LEFT
414.045,robot_1,EV_u_turn,EV_obstacle_left,LEFT
417.851,robot_1,EV_rotate_counterclockwise,EV_obstacle_right,RIGHT
420.574,robot_1,EV_move_forward,EV_path_clear,CLEAR
420.855,robot_1,EV_move_forward,EV_path_clear,CLEAR
421.159,robot_1,EV_search_object,EV_path_clear,CLEAR
421.348,robot_1,EV_search_object,EV_path_clear,CLEAR
421.548,robot_1,EV_move_forward,EV_path_clear,CLEAR
421.766,robot_1,EV_move_forward,EV_path_clear,CLEAR
422.055,robot_1,EV_move_forward,EV_path_clear,CLEAR
422.263,robot_1,EV_search_object,EV_path_clear,CLEAR
422.445,robot_1,EV_search_object,EV_path_clear,CLEAR
422.554,robot_1,EV_move_forward,EV_path_clear,CLEAR
422.847,robot_1,EV_move_forward,EV_path_clear,CLEAR
423.169,robot_1,EV_search_object,EV_path_clear,CLEAR
423.351,robot_1,EV_move_forward,EV_path_clear,CLEAR
423.669,robot_1,EV_move_forward,EV_path_clear,CLEAR
423.969,robot_1,EV_move_forward,EV_path_clear,CLEAR
424.250,robot_1,EV_search_object,EV_path_clear,CLEAR
424.355,robot_1,EV_move_forward,EV_path_clear,CLEAR
424.583,robot_1,EV_move_forward,EV_path_clear,CLEAR
424.848,robot_1,EV_rotate_counterclockwise,EV_obstacle_right,RIGHT
425.045,robot_1,EV_u_turn,EV_obstacle_right,RIGHT
428.858,robot_1,EV_move_forward,EV_path_clear,CLEAR
429.155,robot_1,EV_search_object,EV_path_clear,CLEAR
429.359,robot_1,EV_move_forward,EV_path_clear,CLEAR
429.664,robot_1,EV_search_object,EV_path_clear,CLEAR
429.859,robot_1,EV_search_object,EV_path_clear,CLEAR
430.045,robot_1,EV_move_forward,EV_path_clear,CLEAR
430.264,robot_1,EV_move_forward,EV_path_clear,CLEAR
430.560,robot_1,EV_search_object,EV_path_clear,CLEAR
430.762,robot_1,EV_search_object,EV_path_clear,CLEAR
430.962,robot_1,EV_move_forward,EV_path_clear,CLEAR
431.257,robot_1,EV_search_object,EV_path_clear,CLEAR
431.448,robot_1,EV_move_forward,EV_path_clear,CLEAR
431.772,robot_1,EV_move_forward,EV_path_clear,CLEAR
432.064,robot_1,EV_move_forward,EV_path_clear,CLEAR
432.354,robot_1,EV_move_forward,EV_path_clear,CLEAR
432.657,robot_1,EV_search_object,EV_path_clear,CLEAR
432.849,robot_1,EV_search_object,EV_path_clear,CLEAR
432.967,robot_1,EV_move_forward,EV_path_clear,CLEAR
433.246,robot_1,EV_move_forward,EV_path_clear,CLEAR
433.554,robot_1,EV_move_forward,EV_path_clear,CLEAR
433.861,robot_1,EV_move_forward,EV_path_clear,CLEAR
434.165,robot_1,EV_move_forward,EV_path_clear,CLEAR
434.455,robot_1,EV_move_forward,EV_path_clear,CLEAR
434.762,robot_1,EV_search_object,EV_path_clear,CLEAR
434.955,robot_1,EV_search_object,EV_path_clear,CLEAR
435.148,robot_1,EV_search_object,EV_path_clear,CLEAR
435.250,robot_1,EV_move_forward,EV_path_clear,CLEAR
435.565,robot_1,EV_move_forward,EV_path_clear,CLEAR
435.852,robot_1,EV_search_object,EV_path_clear,CLEAR
435.954,robot_1,EV_move_forward,EV_path_clear,CLEAR
436.270,robot_1,EV_move_forward,EV_path_clear,CLEAR
436.561,robot_1,EV_search_object,EV_path_clear,CLEAR
436.774,robot_1,EV_search_object,EV_path_clear,CLEAR
436.968,robot_1,EV_move_forward,EV_path_clear,CLEAR
437.254,robot_1,EV_search_object,EV_path_clear,CLEAR
437.444,robot_1,EV_search_object,EV_path_clear,CLEAR
437.664,robot_1,EV_u_turn,EV_obstacle_right,RIGHT
441.445,robot_1,EV_search_object,EV_path_clear,CLEAR
441.549,robot_1,EV_search_object,EV_path_clear,CLEAR
441.753,robot_1,EV_search_object,EV_path_clear,CLEAR
441.967,robot_1,EV_search_object,EV_path_clear,CLEAR
442.148,robot_1,EV_move_forward,EV_path_clear,CLEAR
442.448,robot_1,EV_search_object,EV_path_clear,CLEAR
442.663,robot_1,EV_search_object,EV_path_clear,CLEAR
442.865,robot_1,EV_search_object,EV_path_clear,CLEAR
443.044,robot_1,EV_search_object,EV_path_clear,CLEAR
443.165,robot_1,EV_search_object,EV_path_clear,CLEAR
443.354,robot_1,EV_move_forward,EV_path_clear,CLEAR
443.652,robot_1,EV_search_object,EV_path_clear,CLEAR
443.866,robot_1,EV_search_object,EV_path_clear,CLEAR
444.057,robot_1,EV_search_object,EV_path_clear,CLEAR
444.245,robot_1,EV_search_object,EV_path_clear,CLEAR
444.444,robot_1,EV_search_object,EV_path_clear,CLEAR
444.554,robot_1,EV_search_object,EV_path_clear,CLEAR
444.759,robot_1,EV_move_forward,EV_path_clear,CLEAR
445.053,robot_1,EV_move_forward,EV_path_clear,CLEAR
445.359,robot_1,EV_search_object,EV_path_clear,CLEAR
445.566,robot_1,EV_move_forward,EV_path_clear,CLEAR
445.861,robot_1,EV_move_forward,EV_path_clear,CLEAR
446.159,robot_1,EV_u_turn,EV_obstacle_right,RIGHT
450.047,robot_1,EV_search_object,EV_path_clear,CLEAR
450.157,robot_1,EV_move_forward,EV_path_clear,CLEAR
450.359,robot_1,EV_search_object,EV_path_clear,CLEAR
450.557,robot_1,EV_move_forward,EV_path_clear,CLEAR
450.853,robot_1,EV_search_object,EV_path_clear,CLEAR
451.056,robot_1,EV_move_forward,EV_path_clear,CLEAR
451.344,robot_1,EV_search_object,EV_path_clear,CLEAR
451.446,robot_1,EV_search_object,EV_path_clear,CLEAR
451.658,robot_1,EV_search_object,EV_path_clear,CLEAR
451.853,robot_1,EV_search_object,EV_path_clear,CLEAR
451.958,robot_1,EV_move_forward,EV_path_clear,CLEAR
452.254,robot_1,EV_move_forward,EV_path_clear,CLEAR
452.460,robot_1,EV_search_object,EV_path_clear,CLEAR
452.571,robot_1,EV_move_forward,EV_path_clear,CLEAR
452.848,robot_1,EV_move_forward,EV_path_clear,CLEAR
453.161,robot_1,EV_move_forward,EV_path_clear,CLEAR
453.456,robot_1,EV_move_forward,EV_path_clear,CLEAR
453.666,robot_1,EV_move_forward,EV_path_clear,CLEAR
453.959,robot_1,EV_search_object,EV_path_clear,CLEAR
454.163,robot_1,EV_search_object,EV_path_clear,CLEAR
454.363,robot_1,EV_move_forward,EV_path_clear,CLEAR
454.659,robot_1,EV_move_forward,EV_path_clear,CLEAR
454.964,robot_1,EV_move_forward,EV_path_clear,CLEAR
455.265,robot_1,EV_move_forward,EV_path_clear,CLEAR
455.554,robot_1,EV_move_forward,EV_path_clear,CLEAR
455.855,robot_1,EV_move_forward,EV_path_clear,CLEAR
456.194,robot_1,EV_move_forward,EV_path_clear,CLEAR
456.465,robot_1,EV_search_object,EV_path_clear,CLEAR
456.645,robot_1,EV_move_forward,EV_path_clear,CLEAR
456.971,robot_1,EV_move_forward,EV_path_clear,CLEAR
457.251,robot_1,EV_search_object,EV_path_clear,CLEAR
457.452,robot_1,EV_search_object,EV_path_clear,CLEAR
457.648,robot_1,EV_move_forward,EV_path_clear,CLEAR
457.952,robot_1,EV_search_object,EV_path_clear,CLEAR
458.173,robot_1,EV_search_object,EV_path_clear,CLEAR
458.347,robot_1,EV_search_object,EV_path_clear,CLEAR
458.456,robot_1,EV_move_forward,EV_path_clear,CLEAR
458.744,robot_1,EV_search_object,EV_path_clear,CLEAR
458.949,robot_1,EV_search_object,EV_path_clear,CLEAR
459.174,robot_1,EV_move_forward,EV_path_clear,CLEAR
459.483,robot_1,EV_search_object,EV_path_clear,CLEAR
459.671,robot_1,EV_search_object,EV_path_clear,CLEAR
459.865,robot_1,EV_move_forward,EV_path_clear,CLEAR
460.070,robot_1,EV_search_object,EV_path_clear,CLEAR
460.249,robot_1,EV_search_object,EV_path_clear,CLEAR
460.359,robot_1,EV_move_forward,EV_path_clear,CLEAR
460.648,robot_1,EV_move_forward,EV_path_clear,CLEAR
460.851,robot_1,EV_search_object,EV_path_clear,CLEAR
461.046,robot_1,EV_move_forward,EV_path_clear,CLEAR
461.269,robot_1,EV_search_object,EV_path_clear,CLEAR
461.456,robot_1,EV_search_object,EV_path_clear,CLEAR
461.661,robot_1,EV_search_object,EV_path_clear,CLEAR
461.889,robot_1,EV_search_object,EV_path_clear,CLEAR
462.062,robot_1,EV_move_forward,EV_path_clear,CLEAR
462.361,robot_1,EV_search_object,EV_path_clear,CLEAR
462.549,robot_1,EV_move_forward,EV_path_clear,CLEAR
462.862,robot_1,EV_move_forward,EV_path_clear,CLEAR
463.172,robot_1,EV_move_forward,EV_path_clear,CLEAR
463.463,robot_1,EV_move_forward,EV_path_clear,CLEAR
463.769,robot_1,EV_move_forward,EV_path_clear,CLEAR
464.058,robot_1,EV_search_object,EV_path_clear,CLEAR
464.254,robot_1,EV_search_object,EV_path_clear,CLEAR
464.465,robot_1,EV_move_forward,EV_path_clear,CLEAR
464.790,robot_1,EV_move_forward,EV_path_clear,CLEAR
465.061,robot_1,EV_move_forward,EV_path_clear,CLEAR
465.347,robot_1,EV_move_forward,EV_path_clear,CLEAR
465.645,robot_1,EV_move_forward,EV_path_clear,CLEAR
465.966,robot_1,EV_move_forward,EV_path_clear,CLEAR
466.258,robot_1,EV_move_forward,EV_path_clear,CLEAR
466.545,robot_1,EV_move_forward,EV_path_clear,CLEAR
466.867,robot_1,EV_move_forward,EV_path_clear,CLEAR
467.145,robot_1,EV_move_forward,EV_path_clear,CLEAR
467.363,robot_1,EV_search_object,EV_path_clear,CLEAR
467.557,robot_1,EV_move_forward,EV_path_clear,CLEAR
467.845,robot_1,EV_move_forward,EV_path_clear,CLEAR
468.161,robot_1,EV_rotate_counterclockwise,EV_obstacle_right,RIGHT
468.357,robot_1,EV_rotate_counterclockwise,EV_obstacle_right,RIGHT
468.569,robot_1,EV_u_turn,EV_obstacle_right,RIGHT
472.447,robot_1,EV_search_object,EV_path_clear,CLEAR
472.564,robot_1,EV_search_object,EV_path_clear,CLEAR
472.754,robot_1,EV_move_forward,EV_path_clear,CLEAR
473.048,robot_1,EV_search_object,EV_path_clear,CLEAR
473.159,robot_1,EV_search_object,EV_path_clear,CLEAR
473.261,robot_1,EV_search_object,EV_path_clear,CLEAR
473.450,robot_1,EV_search_object,EV_path_clear,CLEAR
473.652,robot_1,EV_move_forward,EV_path_clear,CLEAR
473.950,robot_1,EV_search_object,EV_path_clear,CLEAR
474.054,robot_1,EV_move_forward,EV_path_clear,CLEAR
474.362,robot_1,EV_search_object,EV_path_clear,CLEAR
474.544,robot_1,EV_search_object,EV_path_clear,CLEAR
474.663,robot_1,EV_search_object,EV_path_clear,CLEAR
474.846,robot_1,EV_search_object,EV_path_clear,CLEAR
475.053,robot_1,EV_move_forward,EV_path_clear,CLEAR
475.347,robot_1,EV_move_forward,EV_path_clear,CLEAR
475.560,robot_1,EV_search_object,EV_path_clear,CLEAR
475.749,robot_1,EV_search_object,EV_path_clear,CLEAR
475.951,robot_1,EV_move_forward,EV_path_clear,CLEAR
476.262,robot_1,EV_search_object,EV_path_clear,CLEAR
476.452,robot_1,EV_move_forward,EV_path_clear,CLEAR
476.667,robot_1,EV_move_forward,EV_path_clear,CLEAR
476.964,robot_1,EV_move_forward,EV_path_clear,CLEAR
477.262,robot_1,EV_move_forward,EV_path_clear,CLEAR
477.547,robot_1,EV_search_object,EV_path_clear,CLEAR
477.752,robot_1,EV_move_forward,EV_path_clear,CLEAR
478.077,robot_1,EV_search_object,EV_path_clear,CLEAR
478.255,robot_1,EV_move_forward,EV_path_clear,CLEAR
478.546,robot_1,EV_move_forward,EV_path_clear,CLEAR
478.864,robot_1,EV_search_object,EV_path_clear,CLEAR
479.050,robot_1,EV_search_object,EV_path_clear,CLEAR
479.247,robot_1,EV_rotate_counterclockwise,EV_obstacle_right,RIGHT
479.451,robot_1,EV_rotate_counterclockwise,EV_obstacle_right,RIGHT
479.558,robot_1,EV_rotate_counterclockwise,EV_obstacle_right,RIGHT
479.757,robot_1,EV_u_turn,EV_obstacle_right,RIGHT
483.561,robot_1,EV_search_object,EV_path_clear,CLEAR
483.752,robot_1,EV_move_forward,EV_path_clear,CLEAR
483.958,robot_1,EV_search_object,EV_path_clear,CLEAR
484.167,robot_1,EV_move_forward,EV_path_clear,CLEAR
484.467,robot_1,EV_move_forward,EV_path_clear,CLEAR
484.783,robot_1,EV_move_forward,EV_path_clear,CLEAR
485.067,robot_1,EV_move_forward,EV_path_clear,CLEAR
485.362,robot_1,EV_move_forward,EV_path_clear,CLEAR
485.659,robot_1,EV_search_object,EV_path_clear,CLEAR
485.765,robot_1,EV_search_object,EV_path_clear,CLEAR
485.964,robot_1,EV_move_forward,EV_path_clear,CLEAR
486.249,robot_1,EV_search_object,EV_path_clear,CLEAR
486.454,robot_1,EV_move_forward,EV_path_clear,CLEAR
486.678,robot_1,EV_search_object,EV_path_clear,CLEAR
486.847,robot_1,EV_move_forward,EV_path_clear,CLEAR
487.150,robot_1,EV_search_object,EV_path_clear,CLEAR
487.361,robot_1,EV_move_forward,EV_path_clear,CLEAR
487.678,robot_1,EV_search_object,EV_path_clear,CLEAR
487.850,robot_1,EV_search_object,EV_path_clear,CLEAR
488.063,robot_1,EV_move_forward,EV_path_clear,CLEAR
488.352,robot_1,EV_search_object,EV_path_clear,CLEAR
488.467,robot_1,EV_move_forward,EV_path_clear,CLEAR
488.746,robot_1,EV_search_object,EV_path_clear,CLEAR
488.866,robot_1,EV_search_object,EV_path_clear,CLEAR
489.062,robot_1,EV_search_object,EV_path_clear,CLEAR
489.247,robot_1,EV_search_object,EV_path_clear,CLEAR
489.350,robot_1,EV_u_turn,EV_obstacle_right,RIGHT
493.245,robot_1,EV_search_object,EV_path_clear,CLEAR
493.460,robot_1,EV_move_forward,EV_path_clear,CLEAR
493.753,robot_1,EV_move_forward,EV_path_clear,CLEAR
494.059,robot_1,EV_search_object,EV_path_clear,CLEAR
494.244,robot_1,EV_move_forward,EV_path_clear,CLEAR
494.456,robot_1,EV_search_object,EV_path_clear,CLEAR
494.573,robot_1,EV_search_object,EV_path_clear,CLEAR
494.746,robot_1,EV_move_forward,EV_path_clear,CLEAR
494.973,robot_1,EV_search_object,EV_path_clear,CLEAR
495.089,robot_1,EV_search_object,EV_path_clear,CLEAR
495.256,robot_1,EV_search_object,EV_path_clear,CLEAR
495.359,robot_1,EV_search_object,EV_path_clear,CLEAR
495.545,robot_1,EV_search_object,EV_path_clear,CLEAR
495.761,robot_1,EV_move_forward,EV_path_clear,CLEAR
496.068,robot_1,EV_move_forward,EV_path_clear,CLEAR
496.356,robot_1,EV_move_forward,EV_path_clear,CLEAR
496.650,robot_1,EV_move_forward,EV_path_clear,CLEAR
496.967,robot_1,EV_move_forward,EV_path_clear,CLEAR
497.253,robot_1,EV_search_object,EV_path_clear,CLEAR
497.363,robot_1,EV_search_object,EV_path_clear,CLEAR
497.561,robot_1,EV_search_object,EV_path_clear,CLEAR
497.677,robot_1,EV_search_object,EV_path_clear,CLEAR
497.848,robot_1,EV_search_object,EV_path_clear,CLEAR
498.052,robot_1,EV_search_object,EV_path_clear,CLEAR
498.164,robot_1,EV_search_object,EV_path_clear,CLEAR
498.367,robot_1,EV_search_object,EV_path_clear,CLEAR
498.574,robot_1,EV_search_object,EV_path_clear,CLEAR
498.746,robot_1,EV_search_object,EV_path_clear,CLEAR
498.960,robot_1,EV_move_forward,EV_path_clear,CLEAR
499.166,robot_1,EV_search_object,EV_path_clear,CLEAR
499.346,robot_1,EV_search_object,EV_path_clear,CLEAR
499.452,robot_1,EV_move_forward,EV_path_clear,CLEAR
499.756,robot_1,EV_search_object,EV_path_clear,CLEAR
499.955,robot_1,EV_search_object,EV_path_clear,CLEAR
500.149,robot_1,EV_move_forward,EV_path_clear,CLEAR
500.459,robot_1,EV_move_forward,EV_path_clear,CLEAR
500.766,robot_1,EV_search_object,EV_path_clear,CLEAR
500.949,robot_1,EV_search_object,EV_path_clear,CLEAR
501.181,robot_1,EV_search_object,EV_path_clear,CLEAR
501.345,robot_1,EV_search_object,EV_path_clear,CLEAR
501.557,robot_1,EV_move_forward,EV_path_clear,CLEAR
501.853,robot_1,EV_move_forward,EV_path_clear,CLEAR
502.147,robot_1,EV_move_forward,EV_path_clear,CLEAR
502.455,robot_1,EV_move_forward,EV_path_clear,CLEAR
502.664,robot_1,EV_move_forward,EV_path_clear,CLEAR
502.948,robot_1,EV_u_turn,EV_obstacle_left,LEFT
506.762,robot_1,EV_rotate_counterclockwise,EV_obstacle_right,RIGHT
506.967,robot_1,EV_u_turn,EV_obstacle_right,RIGHT
507.045,robot_1,EV_rotate_counterclockwise,EV_obstacle_right,RIGHT
507.168,robot_1,EV_rotate_counterclockwise,EV_obstacle_right,RIGHT
507.344,robot_1,EV_search_object,EV_path_clear,CLEAR
507.461,robot_1,EV_move_forward,EV_path_clear,CLEAR
507.763,robot_1,EV_move_forward,EV_path_clear,CLEAR
507.967,robot_1,EV_search_object,EV_path_clear,CLEAR
508.152,robot_1,EV_search_object,EV_path_clear,CLEAR
508.357,robot_1,EV_search_object,EV_path_clear,CLEAR
508.555,robot_1,EV_search_object,EV_path_clear,CLEAR
508.667,robot_1,EV_move_forward,EV_path_clear,CLEAR
508.947,robot_1,EV_search_object,EV_path_clear,CLEAR
509.063,robot_1,EV_move_forward,EV_path_clear,CLEAR
509.350,robot_1,EV_move_forward,EV_path_clear,CLEAR
509.568,robot_1,EV_search_object,EV_path_clear,CLEAR
509.761,robot_1,EV_move_forward,EV_path_clear,CLEAR
510.055,robot_1,EV_search_object,EV_path_clear,CLEAR
510.250,robot_1,EV_search_object,EV_path_clear,CLEAR
510.447,robot_1,EV_search_object,EV_path_clear,CLEAR
510.565,robot_1,EV_search_object,EV_path_clear,CLEAR
510.676,robot_1,EV_move_forward,EV_path_clear,CLEAR
510.960,robot_1,EV_move_forward,EV_path_clear,CLEAR
511.253,robot_1,EV_move_forward,EV_path_clear,CLEAR
511.470,robot_1,EV_search_object,EV_path_clear,CLEAR
511.663,robot_1,EV_u_turn,EV_obstacle_right,RIGHT
515.559,robot_1,EV_rotate_counterclockwise,EV_obstacle_right,RIGHT
515.749,robot_1,EV_move_forward,EV_path_clear,CLEAR
516.059,robot_1,EV_move_forward,EV_path_clear,CLEAR
516.376,robot_1,EV_move_forward,EV_path_clear,CLEAR
516.653,robot_1,EV_search_object,EV_path_clear,CLEAR
516.764,robot_1,EV_search_object,EV_path_clear,CLEAR
516.946,robot_1,EV_move_forward,EV_path_clear,CLEAR
517.164,robot_1,EV_search_object,EV_path_clear,CLEAR
517.356,robot_1,EV_search_object,EV_path_clear,CLEAR
517.549,robot_1,EV_move_forward,EV_path_clear,CLEAR
517.757,robot_1,EV_search_object,EV_path_clear,CLEAR
517.863,robot_1,EV_move_forward,EV_path_clear,CLEAR
518.146,robot_1,EV_move_forward,EV_path_clear,CLEAR
518.362,robot_1,EV_move_forward,EV_path_clear,CLEAR
518.671,robot_1,EV_move_forward,EV_path_clear,CLEAR
518.946,robot_1,EV_search_object,EV_path_clear,CLEAR
519.167,robot_1,EV_search_object,EV_path_clear,CLEAR
519.358,robot_1,EV_search_object,EV_path_clear,CLEAR
519.548,robot_1,EV_search_object,EV_path_clear,CLEAR
519.651,robot_1,EV_move_forward,EV_path_clear,CLEAR
519.957,robot_1,EV_move_forward,EV_path_clear,CLEAR
520.159,robot_1,EV_move_forward,EV_path_clear,CLEAR
520.460,robot_1,EV_move_forward,EV_path_clear,CLEAR
520.751,robot_1,EV_search_object,EV_path_clear,CLEAR
520.870,robot_1,EV_search_object,EV_path_clear,CLEAR
521.051,robot_1,EV_search_object,EV_path_clear,CLEAR
521.254,robot_1,EV_search_object,EV_path_clear,CLEAR
521.454,robot_1,EV_search_object,EV_path_clear,CLEAR
521.566,robot_1,EV_move_forward,EV_path_clear,CLEAR
521.847,robot_1,EV_u_turn,EV_obstacle_right,RIGHT
525.565,robot_1,EV_move_forward,EV_path_clear,CLEAR
525.847,robot_1,EV_search_object,EV_path_clear,CLEAR
525.955,robot_1,EV_move_forward,EV_path_clear,CLEAR
526.255,robot_1,EV_search_object,EV_path_clear,CLEAR
526.465,robot_1,EV_search_object,EV_path_clear,CLEAR
526.656,robot_1,EV_search_object,EV_path_clear,CLEAR
526.852,robot_1,EV_search_object,EV_path_clear,CLEAR
527.058,robot_1,EV_move_forward,EV_path_clear,CLEAR
527.261,robot_1,EV_move_forward,EV_path_clear,CLEAR
527.549,robot_1,EV_move_forward,EV_path_clear,CLEAR
527.857,robot_1,EV_search_object,EV_path_clear,CLEAR
528.048,robot_1,EV_move_forward,EV_path_clear,CLEAR
528.357,robot_1,EV_search_object,EV_path_clear,CLEAR
528.559,robot_1,EV_search_object,EV_path_clear,CLEAR
528.667,robot_1,EV_search_object,EV_path_clear,CLEAR
528.847,robot_1,EV_move_forward,EV_path_clear,CLEAR
529.167,robot_1,EV_search_object,EV_path_clear,CLEAR
529.348,robot_1,EV_move_forward,EV_path_clear,CLEAR
529.656,robot_1,EV_move_forward,EV_path_clear,CLEAR
529.949,robot_1,EV_search_object,EV_path_clear,CLEAR
530.056,robot_1,EV_move_forward,EV_path_clear,CLEAR
530.352,robot_1,EV_move_forward,EV_path_clear,CLEAR
530.650,robot_1,EV_move_forward,EV_path_clear,CLEAR
530.949,robot_1,EV_move_forward,EV_path_clear,CLEAR
531.253,robot_1,EV_move_forward,EV_path_clear,CLEAR
531.459,robot_1,EV_move_forward,EV_path_clear,CLEAR
531.766,robot_1,EV_search_object,EV_path_clear,CLEAR
531.950,robot_1,EV_move_forward,EV_path_clear,CLEAR
532.260,robot_1,EV_move_forward,EV_path_clear,CLEAR
532.555,robot_1,EV_search_object,EV_path_clear,CLEAR
532.769,robot_1,EV_search_object,EV_path_clear,CLEAR
532.944,robot_1,EV_search_object,EV_path_clear,CLEAR
533.065,robot_1,EV_move_forward,EV_path_clear,CLEAR
533.348,robot_1,EV_search_object,EV_path_clear,CLEAR
533.454,robot_1,EV_move_forward,EV_path_clear,CLEAR
533.755,robot_1,EV_move_forward,EV_path_clear,CLEAR
533.963,robot_1,EV_search_object,EV_path_clear,CLEAR
534.156,robot_1,EV_move_forward,EV_path_clear,CLEAR
534.456,robot_1,EV_search_object,EV_path_clear,CLEAR
534.671,robot_1,EV_move_forward,EV_path_clear,CLEAR
534.950,robot_1,EV_move_forward,EV_path_clear,CLEAR
535.259,robot_1,EV_move_forward,EV_path_clear,CLEAR
535.464,robot_1,EV_move_forward,EV_path_clear,CLEAR
535.676,robot_1,EV_move_forward,EV_path_clear,CLEAR
535.966,robot_1,EV_move_forward,EV_path_clear,CLEAR
536.267,robot_1,EV_move_forward,EV_path_clear,CLEAR
536.546,robot_1,EV_move_forward,EV_path_clear,CLEAR
536.845,robot_1,EV_search_object,EV_path_clear,CLEAR
537.044,robot_1,EV_move_forward,EV_path_clear,CLEAR
537.361,robot_1,EV_move_forward,EV_path_clear,CLEAR
537.656,robot_1,EV_move_forward,EV_path_clear,CLEAR
537.866,robot_1,EV_move_forward,EV_path_clear,CLEAR
538.145,robot_1,EV_search_object,EV_path_clear,CLEAR
538.258,robot_1,EV_move_forward,EV_path_clear,CLEAR
538.461,robot_1,EV_search_object,EV_path_clear,CLEAR
538.661,robot_1,EV_move_forward,EV_path_clear,CLEAR
538.947,robot_1,EV_move_forward,EV_path_clear,CLEAR
539.180,robot_1,EV_move_forward,EV_path_clear,CLEAR
539.387,robot_1,EV_move_forward,EV_path_clear,CLEAR
539.653,robot_1,EV_search_object,EV_path_clear,CLEAR
539.865,robot_1,EV_move_forward,EV_path_clear,CLEAR
540.163,robot_1,EV_search_object,EV_path_clear,CLEAR
540.266,robot_1,EV_search_object,EV_path_clear,CLEAR
540.456,robot_1,EV_move_forward,EV_path_clear,CLEAR
540.750,robot_1,EV_search_object,EV_path_clear,CLEAR
540.861,robot_1,EV_move_forward,EV_path_clear,CLEAR
541.159,robot_1,EV_search_object,EV_path_clear,CLEAR
541.346,robot_1,EV_search_object,EV_path_clear,CLEAR
541.454,robot_1,EV_move_forward,EV_path_clear,CLEAR
541.750,robot_1,EV_move_forward,EV_path_clear,CLEAR
541.960,robot_1,EV_search_object,EV_path_clear,CLEAR
542.155,robot_1,EV_search_object,EV_path_clear,CLEAR
542.345,robot_1,EV_search_object,EV_path_clear,CLEAR
542.544,robot_1,EV_search_object,EV_path_clear,CLEAR
542.754,robot_1,EV_move_forward,EV_path_clear,CLEAR
542.960,robot_1,EV_move_forward,EV_path_clear,CLEAR
543.244,robot_1,EV_move_forward,EV_path_clear,CLEAR
543.547,robot_1,EV_move_forward,EV_path_clear,CLEAR
543.852,robot_1,EV_move_forward,EV_path_clear,CLEAR
544.151,robot_1,EV_move_forward,EV_path_clear,CLEAR
544.370,robot_1,EV_search_object,EV_path_clear,CLEAR
544.561,robot_1,EV_search_object,EV_path_clear,CLEAR
544.747,robot_1,EV_search_object,EV_path_clear,CLEAR
544.956,robot_1,EV_search_object,EV_path_clear,CLEAR
545.146,robot_1,EV_move_forward,EV_path_clear,CLEAR
545.356,robot_1,EV_move_forward,EV_path_clear,CLEAR
545.652,robot_1,EV_move_forward,EV_path_clear,CLEAR
545.954,robot_1,EV_move_forward,EV_path_clear,CLEAR
546.258,robot_1,EV_search_object,EV_path_clear,CLEAR
546.455,robot_1,EV_move_forward,EV_path_clear,CLEAR
546.771,robot_1,EV_move_forward,EV_path_clear,CLEAR
547.052,robot_1,EV_move_forward,EV_path_clear,CLEAR
547.356,robot_1,EV_move_forward,EV_path_clear,CLEAR
547.645,robot_1,EV_search_object,EV_path_clear,CLEAR
547.852,robot_1,EV_move_forward,EV_path_clear,CLEAR
548.060,robot_1,EV_search_object,EV_path_clear,CLEAR
548.252,robot_1,EV_move_forward,EV_path_clear,CLEAR
548.552,robot_1,EV_move_forward,EV_path_clear,CLEAR
548.850,robot_1,EV_search_object,EV_path_clear,CLEAR
548.967,robot_1,EV_search_object,EV_path_clear,CLEAR
549.153,robot_1,EV_search_object,EV_path_clear,CLEAR
549.345,robot_1,EV_search_object,EV_path_clear,CLEAR
549.450,robot_1,EV_search_object,EV_path_clear,CLEAR
549.561,robot_1,EV_search_object,EV_path_clear,CLEAR
549.667,robot_1,EV_search_object,EV_path_clear,CLEAR
549.860,robot_1,EV_search_object,EV_path_clear,CLEAR
550.056,robot_1,EV_move_forward,EV_path_clear,CLEAR
550.356,robot_1,EV_move_forward,EV_path_clear,CLEAR
550.659,robot_1,EV_move_forward,EV_path_clear,CLEAR
550.955,robot_1,EV_move_forward,EV_path_clear,CLEAR
551.164,robot_1,EV_move_forward,EV_path_clear,CLEAR
551.448,robot_1,EV_move_forward,EV_path_clear,CLEAR
551.662,robot_1,EV_search_object,EV_path_clear,CLEAR
551.844,robot_1,EV_search_object,EV_path_clear,CLEAR
551.955,robot_1,EV_move_forward,EV_path_clear,CLEAR
552.249,robot_1,EV_move_forward,EV_path_clear,CLEAR
552.560,robot_1,EV_search_object,EV_path_clear,CLEAR
552.745,robot_1,EV_search_object,EV_path_clear,CLEAR
552.950,robot_1,EV_move_forward,EV_path_clear,CLEAR
553.263,robot_1,EV_search_object,EV_path_clear,CLEAR
553.367,robot_1,EV_search_object,EV_path_clear,CLEAR
553.561,robot_1,EV_u_turn,EV_obstacle_left,LEFT
557.360,robot_1,EV_rotate_counterclockwise,EV_obstacle_right,RIGHT
560.267,robot_1,EV_move_forward,EV_path_clear,CLEAR
560.545,robot_1,EV_u_turn,EV_obstacle_right,RIGHT
564.270,robot_1,EV_search_object,EV_path_clear,CLEAR
564.451,robot_1,EV_move_forward,EV_path_clear,CLEAR
564.655,robot_1,EV_search_object,EV_path_clear,CLEAR
564.857,robot_1,EV_move_forward,EV_path_clear,CLEAR
565.161,robot_1,EV_search_object,EV_path_clear,CLEAR
565.352,robot_1,EV_move_forward,EV_path_clear,CLEAR
565.654,robot_1,EV_move_forward,EV_path_clear,CLEAR
565.861,robot_1,EV_move_forward,EV_path_clear,CLEAR
566.157,robot_1,EV_move_forward,EV_path_clear,CLEAR
566.448,robot_1,EV_search_object,EV_path_clear,CLEAR
566.661,robot_1,EV_move_forward,EV_path_clear,CLEAR
566.949,robot_1,EV_move_forward,EV_path_clear,CLEAR
567.248,robot_1,EV_move_forward,EV_path_clear,CLEAR
567.546,robot_1,EV_move_forward,EV_path_clear,CLEAR
567.751,robot_1,EV_move_forward,EV_path_clear,CLEAR
568.049,robot_1,EV_search_object,EV_path_clear,CLEAR
568.260,robot_1,EV_search_object,EV_path_clear,CLEAR
568.364,robot_1,EV_search_object,EV_path_clear,CLEAR
568.554,robot_1,EV_u_turn,EV_obstacle_left,LEFT
572.371,robot_1,EV_u_turn,EV_obstacle_right,RIGHT
572.453,robot_1,EV_rotate_counterclockwise,EV_obstacle_right,RIGHT
575.348,robot_1,EV_search_object,EV_path_clear,CLEAR
575.549,robot_1,EV_search_object,EV_path_clear,CLEAR
575.668,robot_1,EV_move_forward,EV_path_clear,CLEAR
575.950,robot_1,EV_move_forward,EV_path_clear,CLEAR
576.162,robot_1,EV_search_object,EV_path_clear,CLEAR
576.347,robot_1,EV_move_forward,EV_path_clear,CLEAR
576.560,robot_1,EV_move_forward,EV_path_clear,CLEAR
576.845,robot_1,EV_search_object,EV_path_clear,CLEAR
577.054,robot_1,EV_search_object,EV_path_clear,CLEAR
577.247,robot_1,EV_search_object,EV_path_clear,CLEAR
577.444,robot_1,EV_move_forward,EV_path_clear,CLEAR
577.750,robot_1,EV_search_object,EV_path_clear,CLEAR
577.854,robot_1,EV_move_forward,EV_path_clear,CLEAR
578.151,robot_1,EV_search_object,EV_path_clear,CLEAR
578.349,robot_1,EV_move_forward,EV_path_clear,CLEAR
578.653,robot_1,EV_search_object,EV_path_clear,CLEAR
578.875,robot_1,EV_move_forward,EV_path_clear,CLEAR
579.154,robot_1,EV_search_object,EV_path_clear,CLEAR
579.363,robot_1,EV_search_object,EV_path_clear,CLEAR
579.550,robot_1,EV_search_object,EV_path_clear,CLEAR
579.760,robot_1,EV_search_object,EV_path_clear,CLEAR
579.955,robot_1,EV_move_forward,EV_path_clear,CLEAR
580.245,robot_1,EV_search_object,EV_path_clear,CLEAR
580.351,robot_1,EV_move_forward,EV_path_clear,CLEAR
580.668,robot_1,EV_search_object,EV_path_clear,CLEAR
580.856,robot_1,EV_rotate_clockwise,EV_obstacle_left,LEFT
581.045,robot_1,EV_u_turn,EV_obstacle_left,LEFT
584.846,robot_1,EV_move_forward,EV_path_clear,CLEAR
585.054,robot_1,EV_search_object,EV_path_clear,CLEAR
585.257,robot_1,EV_search_object,EV_path_clear,CLEAR
585.457,robot_1,EV_move_forward,EV_path_clear,CLEAR
585.750,robot_1,EV_search_object,EV_path_clear,CLEAR
585.868,robot_1,EV_search_object,EV_path_clear,CLEAR
586.044,robot_1,EV_move_forward,EV_path_clear,CLEAR
586.253,robot_1,EV_move_forward,EV_path_clear,CLEAR
586.549,robot_1,EV_move_forward,EV_path_clear,CLEAR
586.755,robot_1,EV_move_forward,EV_path_clear,CLEAR
586.961,robot_1,EV_move_forward,EV_path_clear,CLEAR
587.262,robot_1,EV_move_forward,EV_path_clear,CLEAR
587.553,robot_1,EV_move_forward,EV_path_clear,CLEAR
587.846,robot_1,EV_search_object,EV_path_clear,CLEAR
587.967,robot_1,EV_search_object,EV_path_clear,CLEAR
588.148,robot_1,EV_move_forward,EV_path_clear,CLEAR
588.450,robot_1,EV_search_object,EV_path_clear,CLEAR
588.555,robot_1,EV_search_object,EV_path_clear,CLEAR
588.748,robot_1,EV_search_object,EV_path_clear,CLEAR
588.949,robot_1,EV_move_forward,EV_path_clear,CLEAR
589.254,robot_1,EV_move_forward,EV_path_clear,CLEAR
589.545,robot_1,EV_search_object,EV_path_clear,CLEAR
589.754,robot_1,EV_move_forward,EV_path_clear,CLEAR
590.044,robot_1,EV_search_object,EV_path_clear,CLEAR
590.153,robot_1,EV_search_object,EV_path_clear,CLEAR
590.376,robot_1,EV_move_forward,EV_path_clear,CLEAR
590.658,robot_1,EV_move_forward,EV_path_clear,CLEAR
590.861,robot_1,EV_move_forward,EV_path_clear,CLEAR
591.158,robot_1,EV_move_forward,EV_path_clear,CLEAR
591.459,robot_1,EV_search_object,EV_path_clear,CLEAR
591.649,robot_1,EV_move_forward,EV_path_clear,CLEAR
591.859,robot_1,EV_search_object,EV_path_clear,CLEAR
592.046,robot_1,EV_search_object,EV_path_clear,CLEAR
592.259,robot_1,EV_move_forward,EV_path_clear,CLEAR
592.563,robot_1,EV_search_object,EV_path_clear,CLEAR
592.665,robot_1,EV_search_object,EV_path_clear,CLEAR
592.860,robot_1,EV_search_object,EV_path_clear,CLEAR
593.058,robot_1,EV_search_object,EV_path_clear,CLEAR
593.252,robot_1,EV_search_object,EV_path_clear,CLEAR
593.361,robot_1,EV_search_object,EV_path_clear,CLEAR
593.570,robot_1,EV_u_turn,EV_obstacle_right,RIGHT
