stamp_sec,stamp_nsec,elapsed_s,robot,x,y
1789222629,385140791,3.778,robot_1,0.723,-1.819
1789222629,385352255,3.778,robot_2,1.738,-2.805
1789222629,385455029,3.778,robot_0,-0.704,-2.288
1789222633,95328212,7.488,robot_1,0.723,-1.819
1789222633,95419901,7.488,robot_2,1.738,-2.805
1789222633,95474620,7.488,robot_0,-0.704,-2.288
1789222638,485903336,12.879,robot_1,0.723,-1.819
1789222638,485991568,12.879,robot_2,1.738,-2.805
1789222638,486037550,12.879,robot_0,-0.704,-2.288
1789222638,705200330,13.098,robot_1,0.719,-1.827
1789222638,705288112,13.098,robot_2,1.738,-2.805
1789222638,705333720,13.098,robot_0,-0.704,-2.289
1789222638,915080788,13.308,robot_1,0.718,-1.830
1789222638,915168751,13.308,robot_2,1.738,-2.805
1789222638,915215328,13.308,robot_0,-0.704,-2.288
1789222639,140828300,13.534,robot_1,0.697,-1.866
1789222639,140930122,13.534,robot_2,1.747,-2.802
1789222639,140983367,13.534,robot_0,-0.704,-2.288
1789222639,359018035,13.753,robot_1,0.667,-1.915
1789222639,360254484,13.753,robot_2,1.798,-2.780
1789222639,360318750,13.753,robot_0,-0.704,-2.288
1789222639,572814715,13.966,robot_1,0.654,-1.934
1789222639,572909352,13.967,robot_2,1.834,-2.762
1789222639,574118580,13.967,robot_0,-0.705,-2.287
1789222639,775966933,14.169,robot_1,0.655,-1.934
1789222639,776064387,14.169,robot_2,1.834,-2.762
1789222639,776125415,14.169,robot_0,-0.705,-2.287
1789222639,984578738,14.377,robot_1,0.640,-1.948
1789222639,984661612,14.377,robot_2,1.835,-2.762
1789222639,984709670,14.377,robot_0,-0.705,-2.287
1789222640,192225943,14.585,robot_1,0.598,-1.982
1789222640,192315625,14.585,robot_2,1.835,-2.762
1789222640,192367756,14.585,robot_0,-0.706,-2.287
1789222640,415418512,14.808,robot_1,0.574,-2.000
1789222640,415506417,14.808,robot_2,1.847,-2.745
1789222640,415566964,14.823,robot_0,-0.706,-2.287
1789222640,636219665,15.029,robot_1,0.532,-2.029
1789222640,636307179,15.029,robot_2,1.865,-2.715
1789222640,636356631,15.029,robot_0,-0.706,-2.287
1789222640,837252686,15.230,robot_1,0.495,-2.054
1789222640,837334651,15.230,robot_2,1.865,-2.716
1789222640,844185802,15.237,robot_0,-0.707,-2.287
1789222641,55559142,15.448,robot_1,0.458,-2.079
1789222641,55648103,15.448,robot_2,1.869,-2.703
1789222641,55694689,15.448,robot_0,-0.707,-2.287
1789222641,289566849,15.682,robot_1,0.411,-2.112
1789222641,289658910,15.682,robot_2,1.879,-2.649
1789222641,289709999,15.682,robot_0,-0.708,-2.286
1789222641,489921271,15.883,robot_1,0.366,-2.142
1789222641,490003566,15.883,robot_2,1.886,-2.596
1789222641,490054434,15.883,robot_0,-0.708,-2.286
1789222641,696551132,16.121,robot_1,0.331,-2.166
1789222641,728147338,16.121,robot_2,1.891,-2.554
1789222641,728224764,16.121,robot_0,-0.708,-2.286
1789222641,915818166,16.309,robot_1,0.304,-2.185
1789222641,915921234,16.309,robot_2,1.898,-2.507
1789222641,915964205,16.309,robot_0,-0.709,-2.286
1789222642,127885974,16.521,robot_1,0.287,-2.195
1789222642,127990782,16.521,robot_2,1.900,-2.492
1789222642,128044179,16.521,robot_0,-0.709,-2.287
1789222642,341346390,16.734,robot_1,0.287,-2.196
1789222642,341448328,16.734,robot_2,1.902,-2.462
1789222642,341492851,16.734,robot_0,-0.709,-2.287
1789222642,562204823,16.955,robot_1,0.287,-2.196
1789222642,562313329,16.955,robot_2,1.905,-2.408
1789222642,562362212,16.955,robot_0,-0.709,-2.287
1789222642,788216888,17.181,robot_1,0.287,-2.196
1789222642,791298489,17.184,robot_2,1.909,-2.351
1789222642,791394076,17.184,robot_0,-0.723,-2.284
1789222643,5242205,17.398,robot_1,0.287,-2.195
1789222643,5333644,17.398,robot_2,1.912,-2.303
1789222643,5416440,17.398,robot_0,-0.754,-2.278
1789222643,205798117,17.599,robot_1,0.287,-2.195
1789222643,208207114,17.601,robot_2,1.914,-2.264
1789222643,208312457,17.601,robot_0,-0.780,-2.275
1789222643,435607235,17.828,robot_1,0.286,-2.195
1789222643,435708947,17.828,robot_2,1.917,-2.217
1789222643,435771033,17.829,robot_0,-0.791,-2.273
1789222643,637383610,18.030,robot_1,0.286,-2.195
1789222643,637489385,18.030,robot_2,1.920,-2.172
1789222643,637547152,18.030,robot_0,-0.791,-2.273
1789222643,859351772,18.252,robot_1,0.286,-2.195
1789222643,859445352,18.252,robot_2,1.922,-2.133
1789222643,859506945,18.252,robot_0,-0.791,-2.273
1789222644,76108521,18.469,robot_1,0.286,-2.195
1789222644,76210268,18.469,robot_2,1.925,-2.085
1789222644,76268709,18.469,robot_0,-0.791,-2.273
1789222644,292346532,18.685,robot_1,0.286,-2.195
1789222644,292447441,18.685,robot_2,1.928,-2.040
1789222644,292499418,18.685,robot_0,-0.791,-2.272
1789222644,534341040,18.927,robot_1,0.285,-2.195
1789222644,534450288,18.927,robot_2,1.931,-1.992
1789222644,534502925,18.927,robot_0,-0.790,-2.272
1789222644,739452060,19.132,robot_1,0.285,-2.195
1789222644,739591398,19.132,robot_2,1.934,-1.951
1789222644,739643673,19.132,robot_0,-0.790,-2.272
1789222644,952123022,19.345,robot_1,0.285,-2.195
1789222644,952213171,19.345,robot_2,1.936,-1.917
1789222644,952279193,19.345,robot_0,-0.789,-2.271
1789222645,160495480,19.553,robot_1,0.285,-2.195
1789222645,160612184,19.553,robot_2,1.938,-1.886
1789222645,160677239,19.553,robot_0,-0.789,-2.271
1789222645,404126212,19.797,robot_1,0.285,-2.195
1789222645,404239667,19.797,robot_2,1.941,-1.835
1789222645,404305665,19.797,robot_0,-0.789,-2.271
1789222645,630761368,20.024,robot_1,0.284,-2.196
1789222645,630852168,20.024,robot_2,1.944,-1.795
1789222645,630903028,20.024,robot_0,-0.788,-2.275
1789222645,833293109,20.226,robot_1,0.284,-2.196
1789222645,833397080,20.226,robot_2,1.946,-1.760
1789222645,833443002,20.226,robot_0,-0.788,-2.306
1789222646,39524683,20.432,robot_1,0.326,-2.220
1789222646,39628794,20.432,robot_2,1.949,-1.709
1789222646,39677324,20.432,robot_0,-0.788,-2.314
1789222646,242193329,20.635,robot_1,0.365,-2.242
1789222646,242278425,20.635,robot_2,1.951,-1.679
1789222646,242334054,20.635,robot_0,-0.786,-2.322
1789222646,474815473,20.868,robot_1,0.389,-2.256
1789222646,474897245,20.868,robot_2,1.952,-1.652
1789222646,474948781,20.868,robot_0,-0.778,-2.357
1789222646,682795086,21.076,robot_1,0.403,-2.264
1789222646,682878288,21.076,robot_2,1.956,-1.595
1789222646,682926922,21.076,robot_0,-0.761,-2.412
1789222646,895116763,21.288,robot_1,0.405,-2.265
1789222646,895196451,21.288,robot_2,1.959,-1.544
1789222646,895242891,21.288,robot_0,-0.750,-2.448
1789222647,109519662,21.502,robot_1,0.429,-2.293
1789222647,109613494,21.519,robot_2,1.962,-1.496
1789222647,126180556,21.519,robot_0,-0.749,-2.450
1789222647,318120616,21.711,robot_1,0.460,-2.333
1789222647,318198860,21.711,robot_2,1.965,-1.445
1789222647,318242700,21.711,robot_0,-0.732,-2.490
1789222647,524683982,21.917,robot_1,0.484,-2.365
1789222647,524769702,21.918,robot_2,1.968,-1.400
1789222647,524814977,21.918,robot_0,-0.721,-2.513
1789222647,725989630,22.119,robot_1,0.500,-2.388
1789222647,726071543,22.119,robot_2,1.971,-1.361
1789222647,726122968,22.119,robot_0,-0.716,-2.523
1789222647,927809308,22.321,robot_1,0.518,-2.414
1789222647,927886558,22.321,robot_2,1.973,-1.316
1789222647,927985438,22.321,robot_0,-0.694,-2.561
1789222648,142544281,22.539,robot_1,0.518,-2.415
1789222648,145956335,22.539,robot_2,1.976,-1.271
1789222648,146038188,22.539,robot_0,-0.672,-2.600
1789222648,367198321,22.760,robot_1,0.519,-2.414
1789222648,367283919,22.760,robot_2,1.980,-1.215
1789222648,367342444,22.760,robot_0,-0.644,-2.650
1789222648,573534650,22.966,robot_1,0.526,-2.437
1789222648,584973312,22.978,robot_2,1.981,-1.189
1789222648,585073896,22.978,robot_0,-0.622,-2.689
1789222648,790469633,23.183,robot_1,0.540,-2.495
1789222648,792716901,23.185,robot_2,1.982,-1.189
1789222648,792817920,23.186,robot_0,-0.592,-2.741
1789222648,998476600,23.391,robot_1,0.550,-2.542
1789222648,998597202,23.391,robot_2,1.982,-1.189
1789222648,998650247,23.391,robot_0,-0.568,-2.783
1789222649,211088526,23.604,robot_1,0.559,-2.589
1789222649,211166317,23.604,robot_2,1.980,-1.181
1789222649,211220068,23.604,robot_0,-0.544,-2.824
1789222649,412007238,23.805,robot_1,0.565,-2.617
1789222649,412093158,23.805,robot_2,1.959,-1.131
1789222649,412157537,23.805,robot_0,-0.525,-2.858
1789222649,621994322,24.015,robot_1,0.565,-2.617
1789222649,622088586,24.015,robot_2,1.940,-1.090
1789222649,622152317,24.015,robot_0,-0.503,-2.895
1789222649,832725003,24.225,robot_1,0.565,-2.635
1789222649,832800522,24.226,robot_2,1.926,-1.061
1789222649,832859724,24.226,robot_0,-0.490,-2.917
1789222650,50271154,24.443,robot_1,0.561,-2.688
1789222650,53957473,24.447,robot_2,1.927,-1.061
1789222650,54023642,24.447,robot_0,-0.472,-2.943
1789222650,279360974,24.672,robot_1,0.557,-2.732
1789222650,279453262,24.672,robot_2,1.927,-1.061
1789222650,279509194,24.672,robot_0,-0.446,-2.979
1789222650,501722995,24.894,robot_1,0.555,-2.746
1789222650,501820245,24.896,robot_2,1.917,-1.051
1789222650,503060699,24.896,robot_0,-0.413,-3.026
1789222650,705167294,25.098,robot_1,0.546,-2.791
1789222650,705252613,25.098,robot_2,1.888,-1.027
1789222650,705307903,25.098,robot_0,-0.384,-3.067
1789222650,906206215,25.299,robot_1,0.545,-2.797
1789222650,906284482,25.299,robot_2,1.852,-1.000
1789222650,906336280,25.299,robot_0,-0.381,-3.071
1789222651,116304484,25.509,robot_1,0.541,-2.812
1789222651,116390579,25.509,robot_2,1.816,-0.973
1789222651,116447906,25.509,robot_0,-0.381,-3.072
1789222651,335292086,25.728,robot_1,0.541,-2.812
1789222651,335375928,25.728,robot_2,1.768,-0.937
1789222651,335426938,25.728,robot_0,-0.381,-3.072
1789222651,559528304,25.952,robot_1,0.536,-2.821
1789222651,559622294,25.952,robot_2,1.723,-0.904
1789222651,559671478,25.952,robot_0,-0.382,-3.072
1789222651,760094331,26.153,robot_1,0.514,-2.850
1789222651,760188546,26.153,robot_2,1.703,-0.889
1789222651,763229396,26.156,robot_0,-0.382,-3.072
1789222651,983887764,26.377,robot_1,0.507,-2.859
1789222651,983974056,26.377,robot_2,1.693,-0.882
1789222651,984025631,26.377,robot_0,-0.382,-3.073
1789222652,205977846,26.599,robot_1,0.507,-2.859
1789222652,206047958,26.599,robot_2,1.693,-0.882
1789222652,206087651,26.599,robot_0,-0.382,-3.073
1789222652,419529830,26.812,robot_1,0.507,-2.859
1789222652,427760296,26.821,robot_2,1.693,-0.882
1789222652,427865120,26.821,robot_0,-0.382,-3.074
1789222652,642789226,27.036,robot_1,0.507,-2.859
1789222652,643191966,27.036,robot_2,1.693,-0.882
1789222652,643257445,27.036,robot_0,-0.382,-3.074
1789222652,860311094,27.253,robot_1,0.506,-2.859
1789222652,860390887,27.253,robot_2,1.694,-0.882
1789222652,860442697,27.253,robot_0,-0.382,-3.074
1789222653,86414101,27.479,robot_1,0.506,-2.859
1789222653,86504190,27.479,robot_2,1.694,-0.881
1789222653,93587716,27.486,robot_0,-0.381,-3.075
1789222653,305559691,27.698,robot_1,0.506,-2.859
1789222653,305666451,27.698,robot_2,1.694,-0.881
1789222653,305720807,27.698,robot_0,-0.381,-3.075
1789222653,495261208,27.888,robot_1,0.506,-2.859
1789222653,495356789,27.888,robot_2,1.694,-0.881
1789222653,495420650,27.888,robot_0,-0.381,-3.075
1789222653,707838812,28.101,robot_1,0.505,-2.859
1789222653,707922972,28.101,robot_2,1.694,-0.880
1789222653,707974751,28.101,robot_0,-0.381,-3.075
1789222653,936662866,28.329,robot_1,0.505,-2.859
1789222653,936746562,28.329,robot_2,1.694,-0.880
1789222653,936805646,28.330,robot_0,-0.380,-3.075
1789222654,163953117,28.557,robot_1,0.505,-2.859
1789222654,164038549,28.557,robot_2,1.694,-0.880
1789222654,164098475,28.557,robot_0,-0.380,-3.076
1789222654,377328565,28.770,robot_1,0.505,-2.860
1789222654,377408820,28.770,robot_2,1.693,-0.879
1789222654,377452557,28.770,robot_0,-0.380,-3.076
1789222654,602857736,28.996,robot_1,0.505,-2.860
1789222654,602941953,28.996,robot_2,1.693,-0.879
1789222654,603002642,28.996,robot_0,-0.379,-3.076
1789222654,828822836,29.222,robot_1,0.505,-2.860
1789222654,828916914,29.222,robot_2,1.693,-0.879
1789222654,828966655,29.222,robot_0,-0.379,-3.076
1789222655,48895764,29.442,robot_1,0.505,-2.860
1789222655,48975331,29.442,robot_2,1.693,-0.879
1789222655,49025063,29.442,robot_0,-0.379,-3.076
1789222655,259579124,29.652,robot_1,0.505,-2.861
1789222655,259667437,29.652,robot_2,1.692,-0.878
1789222655,259726250,29.652,robot_0,-0.389,-3.043
1789222655,467080952,29.860,robot_1,0.505,-2.861
1789222655,467162188,29.860,robot_2,1.692,-0.878
1789222655,467213535,29.860,robot_0,-0.397,-3.016
1789222655,679277215,30.072,robot_1,0.505,-2.861
1789222655,679364612,30.072,robot_2,1.692,-0.878
1789222655,679412122,30.072,robot_0,-0.406,-2.981
1789222655,887407766,30.280,robot_1,0.505,-2.861
1789222655,887492056,30.280,robot_2,1.691,-0.878
1789222655,887551664,30.290,robot_0,-0.409,-2.947
1789222656,103849295,30.497,robot_1,0.505,-2.861
1789222656,103939250,30.497,robot_2,1.691,-0.901
1789222656,104003273,30.497,robot_0,-0.410,-2.904
1789222656,319096860,30.712,robot_1,0.518,-2.858
1789222656,319181934,30.712,robot_2,1.691,-0.931
1789222656,319232075,30.712,robot_0,-0.409,-2.874
1789222656,530313324,30.923,robot_1,0.564,-2.846
1789222656,532607337,30.925,robot_2,1.689,-0.973
1789222656,532711367,30.925,robot_0,-0.408,-2.862
1789222656,746305559,31.139,robot_1,0.619,-2.831
1789222656,746383599,31.139,robot_2,1.683,-1.028
1789222656,746426549,31.139,robot_0,-0.409,-2.862
1789222656,947487825,31.340,robot_1,0.654,-2.822
1789222656,959597693,31.352,robot_2,1.680,-1.052
1789222656,959767082,31.353,robot_0,-0.409,-2.862
1789222657,170858807,31.564,robot_1,0.721,-2.804
1789222657,170944637,31.564,robot_2,1.670,-1.118
1789222657,170992817,31.564,robot_0,-0.393,-2.812
1789222657,383992162,31.777,robot_1,0.755,-2.795
1789222657,384089483,31.777,robot_2,1.666,-1.140
1789222657,384153340,31.777,robot_0,-0.382,-2.782
1789222657,605708489,31.998,robot_1,0.796,-2.784
1789222657,605801789,31.999,robot_2,1.666,-1.141
1789222657,605854408,31.999,robot_0,-0.373,-2.755
1789222657,823507735,32.216,robot_1,0.832,-2.775
1789222657,823607214,32.216,robot_2,1.664,-1.174
1789222657,823652381,32.216,robot_0,-0.360,-2.724
1789222658,27970823,32.421,robot_1,0.833,-2.775
1789222658,28061653,32.421,robot_2,1.663,-1.210
1789222658,28113181,32.421,robot_0,-0.349,-2.698
1789222658,228474373,32.621,robot_1,0.843,-2.774
1789222658,228562275,32.637,robot_2,1.662,-1.240
1789222658,244667865,32.637,robot_0,-0.332,-2.664
1789222658,440634965,32.833,robot_1,0.884,-2.771
1789222658,440720031,32.833,robot_2,1.659,-1.274
1789222658,440766394,32.833,robot_0,-0.311,-2.624
1789222658,657233848,33.050,robot_1,0.886,-2.771
1789222658,657315284,33.050,robot_2,1.647,-1.326
1789222658,657359547,33.050,robot_0,-0.293,-2.591
1789222658,885898898,33.279,robot_1,0.912,-2.777
1789222658,885995218,33.279,robot_2,1.640,-1.351
1789222658,886039635,33.279,robot_0,-0.275,-2.560
1789222659,86711476,33.479,robot_1,0.943,-2.786
1789222659,86816822,33.480,robot_2,1.639,-1.353
1789222659,86863176,33.480,robot_0,-0.260,-2.537
1789222659,288288021,33.681,robot_1,0.986,-2.801
1789222659,297399202,33.690,robot_2,1.629,-1.389
1789222659,297532225,33.690,robot_0,-0.236,-2.499
1789222659,494912999,33.888,robot_1,1.020,-2.813
1789222659,495006334,33.888,robot_2,1.619,-1.424
1789222659,495048833,33.888,robot_0,-0.216,-2.469
1789222659,724202011,34.117,robot_1,1.057,-2.826
1789222659,724311527,34.117,robot_2,1.609,-1.461
1789222659,724358132,34.117,robot_0,-0.195,-2.436
1789222659,933766603,34.327,robot_1,1.110,-2.845
1789222659,933871969,34.327,robot_2,1.602,-1.488
1789222659,933922072,34.327,robot_0,-0.168,-2.393
1789222660,140500322,34.533,robot_1,1.144,-2.857
1789222660,140616776,34.533,robot_2,1.593,-1.526
1789222660,140669202,34.533,robot_0,-0.154,-2.371
1789222660,344043674,34.737,robot_1,1.149,-2.859
1789222660,344151394,34.737,robot_2,1.585,-1.557
1789222660,344198121,34.737,robot_0,-0.138,-2.346
1789222660,569412335,34.962,robot_1,1.166,-2.866
1789222660,569526373,34.962,robot_2,1.576,-1.595
1789222660,569585718,34.962,robot_0,-0.111,-2.303
1789222660,804313820,35.197,robot_1,1.194,-2.880
1789222660,804414629,35.197,robot_2,1.568,-1.631
1789222660,804469727,35.197,robot_0,-0.088,-2.269
1789222661,25013530,35.418,robot_1,1.195,-2.880
1789222661,25098200,35.418,robot_2,1.567,-1.635
1789222661,25131519,35.418,robot_0,-0.076,-2.250
1789222661,233871040,35.627,robot_1,1.208,-2.889
1789222661,233980224,35.627,robot_2,1.563,-1.660
1789222661,234031988,35.627,robot_0,-0.061,-2.226
1789222661,452190091,35.845,robot_1,1.224,-2.900
1789222661,452279607,35.845,robot_2,1.557,-1.704
1789222661,452323839,35.845,robot_0,-0.043,-2.198
1789222661,668269883,36.061,robot_1,1.243,-2.919
1789222661,668352362,36.061,robot_2,1.551,-1.747
1789222661,668386713,36.061,robot_0,-0.019,-2.160
1789222661,884298106,36.277,robot_1,1.264,-2.941
1789222661,888458682,36.281,robot_2,1.549,-1.767
1789222661,888565843,36.281,robot_0,-0.003,-2.135
1789222662,122495496,36.515,robot_1,1.296,-2.977
1789222662,122630115,36.515,robot_2,1.543,-1.814
1789222662,122694477,36.515,robot_0,0.022,-2.094
1789222662,336624822,36.729,robot_1,1.332,-3.017
1789222662,336739130,36.729,robot_2,1.541,-1.834
1789222662,336801225,36.730,robot_0,0.044,-2.059
1789222662,555258219,36.948,robot_1,1.354,-3.042
1789222662,555352556,36.948,robot_2,1.539,-1.856
1789222662,555401313,36.948,robot_0,0.057,-2.039
1789222662,767503862,37.160,robot_1,1.359,-3.048
1789222662,775959273,37.169,robot_2,1.538,-1.887
1789222662,776087521,37.169,robot_0,0.073,-2.013
1789222662,985296590,37.378,robot_1,1.359,-3.048
1789222662,985403538,37.378,robot_2,1.537,-1.901
1789222662,985457170,37.378,robot_0,0.095,-1.978
1789222663,189279745,37.582,robot_1,1.359,-3.048
1789222663,189361943,37.582,robot_2,1.538,-1.941
1789222663,189407232,37.582,robot_0,0.117,-1.944
1789222663,400633299,37.793,robot_1,1.359,-3.048
1789222663,400733342,37.793,robot_2,1.538,-1.953
1789222663,400773380,37.794,robot_0,0.129,-1.925
1789222663,619973702,38.013,robot_1,1.359,-3.048
1789222663,620065577,38.013,robot_2,1.539,-1.990
1789222663,620127726,38.013,robot_0,0.145,-1.900
1789222663,832202792,38.225,robot_1,1.359,-3.048
1789222663,832297894,38.225,robot_2,1.542,-2.036
1789222663,832339010,38.225,robot_0,0.168,-1.863
1789222664,52205452,38.445,robot_1,1.359,-3.048
1789222664,52297870,38.445,robot_2,1.542,-2.043
1789222664,52341404,38.445,robot_0,0.192,-1.824
1789222664,275351444,38.668,robot_1,1.359,-3.049
1789222664,275446202,38.668,robot_2,1.542,-2.043
1789222664,275491474,38.668,robot_0,0.206,-1.802
1789222664,519087232,38.912,robot_1,1.359,-3.049
1789222664,519174712,38.912,robot_2,1.542,-2.044
1789222664,519223762,38.912,robot_0,0.231,-1.761
1789222664,722117910,39.115,robot_1,1.359,-3.049
1789222664,738239116,39.131,robot_2,1.541,-2.044
1789222664,738346701,39.131,robot_0,0.257,-1.720
1789222664,932643375,39.325,robot_1,1.359,-3.049
1789222664,932745035,39.325,robot_2,1.541,-2.044
1789222664,932798520,39.326,robot_0,0.275,-1.691
1789222665,148971520,39.542,robot_1,1.359,-3.049
1789222665,149399711,39.542,robot_2,1.541,-2.044
1789222665,149446818,39.542,robot_0,0.280,-1.683
1789222665,370887955,39.764,robot_1,1.359,-3.050
1789222665,370970972,39.764,robot_2,1.540,-2.044
1789222665,371012771,39.764,robot_0,0.285,-1.672
1789222665,576979703,39.970,robot_1,1.359,-3.050
1789222665,577060976,39.970,robot_2,1.540,-2.044
1789222665,577092710,39.970,robot_0,0.297,-1.645
1789222665,780657472,40.173,robot_1,1.359,-3.050
1789222665,780744494,40.173,robot_2,1.540,-2.045
1789222665,780782845,40.174,robot_0,0.315,-1.597
1789222665,990223022,40.383,robot_1,1.360,-3.050
1789222665,990301895,40.383,robot_2,1.540,-2.045
1789222665,990337956,40.383,robot_0,0.319,-1.587
1789222666,218436353,40.611,robot_1,1.360,-3.050
1789222666,218524758,40.611,robot_2,1.540,-2.046
1789222666,231617374,40.624,robot_0,0.319,-1.587
1789222666,422858850,40.816,robot_1,1.360,-3.050
1789222666,422944847,40.816,robot_2,1.540,-2.046
1789222666,422985229,40.816,robot_0,0.319,-1.587
1789222666,652754954,41.046,robot_1,1.352,-3.078
1789222666,652851743,41.046,robot_2,1.540,-2.046
1789222666,652895301,41.046,robot_0,0.320,-1.587
1789222666,856852532,41.250,robot_1,1.345,-3.103
1789222666,856921456,41.250,robot_2,1.540,-2.047
1789222666,856951342,41.250,robot_0,0.320,-1.587
1789222667,66296755,41.459,robot_1,1.336,-3.135
1789222667,66390546,41.459,robot_2,1.540,-2.047
1789222667,66438798,41.459,robot_0,0.320,-1.586
1789222667,280735079,41.673,robot_1,1.329,-3.162
1789222667,280829864,41.674,robot_2,1.540,-2.047
1789222667,280880487,41.674,robot_0,0.321,-1.586
1789222667,512710955,41.905,robot_1,1.329,-3.162
1789222667,512798571,41.906,robot_2,1.541,-2.048
1789222667,512837385,41.906,robot_0,0.321,-1.586
1789222667,725398366,42.118,robot_1,1.329,-3.162
1789222667,725493122,42.118,robot_2,1.541,-2.048
1789222667,725541634,42.118,robot_0,0.321,-1.586
1789222667,931652460,42.324,robot_1,1.329,-3.161
1789222667,931740407,42.324,robot_2,1.541,-2.048
1789222667,931786501,42.325,robot_0,0.321,-1.585
1789222668,134385763,42.527,robot_1,1.328,-3.161
1789222668,134485352,42.527,robot_2,1.542,-2.048
1789222668,134536329,42.527,robot_0,0.321,-1.585
1789222668,339287819,42.732,robot_1,1.328,-3.161
1789222668,339382753,42.732,robot_2,1.542,-2.047
1789222668,339428231,42.732,robot_0,0.322,-1.585
1789222668,556750414,42.950,robot_1,1.328,-3.161
1789222668,556877070,42.950,robot_2,1.552,-2.002
1789222668,556930363,42.950,robot_0,0.322,-1.584
1789222668,753434890,43.146,robot_1,1.328,-3.160
1789222668,753521660,43.146,robot_2,1.558,-1.966
1789222668,753563197,43.148,robot_0,0.322,-1.584
1789222668,958580169,43.351,robot_1,1.328,-3.160
1789222668,958682315,43.351,robot_2,1.559,-1.964
1789222668,958731288,43.351,robot_0,0.322,-1.584
1789222669,167932607,43.561,robot_1,1.328,-3.159
1789222669,168027258,43.561,robot_2,1.559,-1.963
1789222669,168073039,43.561,robot_0,0.322,-1.583
1789222669,401603074,43.794,robot_1,1.330,-3.160
1789222669,401733836,43.794,robot_2,1.554,-1.938
1789222669,401791381,43.795,robot_0,0.321,-1.583
1789222669,605883008,43.999,robot_1,1.362,-3.170
1789222669,605975209,43.999,robot_2,1.544,-1.895
1789222669,606021497,43.999,robot_0,0.319,-1.584
1789222669,811220969,44.204,robot_1,1.367,-3.172
1789222669,811299247,44.204,robot_2,1.533,-1.857
1789222669,811339527,44.204,robot_0,0.286,-1.607
1789222670,13137636,44.406,robot_1,1.367,-3.172
1789222670,13211213,44.406,robot_2,1.531,-1.849
1789222670,13251968,44.406,robot_0,0.254,-1.629
1789222670,216169050,44.625,robot_1,1.367,-3.172
1789222670,231948515,44.625,robot_2,1.518,-1.812
1789222670,232010704,44.625,robot_0,0.226,-1.648
1789222670,441909519,44.835,robot_1,1.367,-3.173
1789222670,442038089,44.835,robot_2,1.498,-1.755
1789222670,442692982,44.835,robot_0,0.193,-1.670
1789222670,652608077,45.045,robot_1,1.367,-3.173
1789222670,652684826,45.045,robot_2,1.483,-1.713
1789222670,652726274,45.045,robot_0,0.166,-1.684
1789222670,854042292,45.247,robot_1,1.367,-3.173
1789222670,854122255,45.247,robot_2,1.469,-1.673
1789222670,854161216,45.247,robot_0,0.140,-1.694
1789222671,64199914,45.457,robot_1,1.367,-3.173
1789222671,64295446,45.457,robot_2,1.451,-1.624
1789222671,64781165,45.458,robot_0,0.101,-1.704
1789222671,297083427,45.690,robot_1,1.368,-3.173
1789222671,297196939,45.690,robot_2,1.440,-1.592
1789222671,297251280,45.690,robot_0,0.067,-1.707
1789222671,495555086,45.898,robot_1,1.368,-3.174
1789222671,505198451,45.898,robot_2,1.431,-1.567
1789222671,505268290,45.898,robot_0,0.032,-1.707
1789222671,701350746,46.094,robot_1,1.368,-3.174
1789222671,701433295,46.094,robot_2,1.426,-1.551
1789222671,701476068,46.094,robot_0,0.006,-1.705
1789222671,906746980,46.300,robot_1,1.368,-3.174
1789222671,906847729,46.300,robot_2,1.426,-1.551
1789222671,906893488,46.300,robot_0,-0.030,-1.699
1789222672,114967367,46.508,robot_1,1.368,-3.174
1789222672,115036605,46.508,robot_2,1.426,-1.551
1789222672,115069655,46.508,robot_0,-0.071,-1.688
1789222672,325736376,46.718,robot_1,1.368,-3.174
1789222672,325820750,46.719,robot_2,1.426,-1.550
1789222672,325863074,46.719,robot_0,-0.078,-1.686
1789222672,532304329,46.925,robot_1,1.369,-3.174
1789222672,532402348,46.925,robot_2,1.426,-1.550
1789222672,532447083,46.927,robot_0,-0.078,-1.686
1789222672,768116410,47.161,robot_1,1.369,-3.174
1789222672,768220013,47.161,robot_2,1.427,-1.550
1789222672,768264272,47.161,robot_0,-0.078,-1.686
1789222672,986272063,47.379,robot_1,1.369,-3.174
1789222672,986349552,47.383,robot_2,1.427,-1.550
1789222672,990396827,47.383,robot_0,-0.078,-1.686
1789222673,189978629,47.583,robot_1,1.369,-3.174
1789222673,190061096,47.583,robot_2,1.427,-1.549
1789222673,190101280,47.583,robot_0,-0.078,-1.686
1789222673,404688811,47.797,robot_1,1.369,-3.174
1789222673,404776589,47.798,robot_2,1.427,-1.549
1789222673,404820267,47.798,robot_0,-0.078,-1.686
1789222673,627121230,48.020,robot_1,1.370,-3.174
1789222673,627204153,48.020,robot_2,1.427,-1.549
1789222673,627249473,48.020,robot_0,-0.078,-1.686
1789222673,830120818,48.223,robot_1,1.365,-3.162
1789222673,830214003,48.223,robot_2,1.427,-1.549
1789222673,830265308,48.223,robot_0,-0.078,-1.685
1789222674,50822962,48.444,robot_1,1.353,-3.132
1789222674,50905588,48.444,robot_2,1.427,-1.548
1789222674,50943424,48.444,robot_0,-0.078,-1.685
1789222674,287524903,48.680,robot_1,1.333,-3.094
1789222674,287630687,48.680,robot_2,1.427,-1.548
1789222674,287678214,48.680,robot_0,-0.078,-1.685
1789222674,505460279,48.898,robot_1,1.314,-3.064
1789222674,505555170,48.898,robot_2,1.427,-1.548
1789222674,505611747,48.898,robot_0,-0.079,-1.684
1789222674,718606020,49.111,robot_1,1.296,-3.037
1789222674,718705987,49.111,robot_2,1.427,-1.547
1789222674,718756348,49.111,robot_0,-0.079,-1.684
1789222674,925614734,49.318,robot_1,1.268,-3.003
1789222674,925714479,49.318,robot_2,1.427,-1.547
1789222674,925754947,49.318,robot_0,-0.079,-1.684
1789222675,133502732,49.526,robot_1,1.247,-2.982
1789222675,142696428,49.535,robot_2,1.426,-1.547
1789222675,143030408,49.536,robot_0,-0.079,-1.684
1789222675,346789789,49.740,robot_1,1.222,-2.959
1789222675,346895777,49.740,robot_2,1.426,-1.547
1789222675,346941631,49.740,robot_0,-0.080,-1.684
1789222675,568413759,49.961,robot_1,1.200,-2.942
1789222675,568515456,49.961,robot_2,1.425,-1.548
1789222675,568556670,49.961,robot_0,-0.080,-1.684
1789222675,792729853,50.185,robot_1,1.176,-2.927
1789222675,792841736,50.186,robot_2,1.406,-1.578
1789222675,792885120,50.186,robot_0,-0.080,-1.684
1789222676,3857819,50.397,robot_1,1.148,-2.912
1789222676,3960122,50.397,robot_2,1.381,-1.619
1789222676,4009563,50.397,robot_0,-0.081,-1.684
1789222676,216215417,50.609,robot_1,1.119,-2.899
1789222676,216305736,50.609,robot_2,1.359,-1.655
1789222676,216351590,50.609,robot_0,-0.081,-1.684
1789222676,435100074,50.828,robot_1,1.083,-2.884
1789222676,435187998,50.828,robot_2,1.339,-1.688
1789222676,435233700,50.828,robot_0,-0.081,-1.684
1789222676,637147767,51.030,robot_1,1.058,-2.874
1789222676,637247345,51.030,robot_2,1.318,-1.721
1789222676,637304432,51.030,robot_0,-0.079,-1.688
1789222676,846197883,51.239,robot_1,1.018,-2.858
1789222676,846300885,51.239,robot_2,1.295,-1.760
1789222676,846363774,51.239,robot_0,-0.060,-1.727
1789222677,49530362,51.442,robot_1,0.976,-2.843
1789222677,49642796,51.442,robot_2,1.279,-1.785
1789222677,49707105,51.442,robot_0,-0.037,-1.766
1789222677,256779260,51.650,robot_1,0.937,-2.828
1789222677,256883663,51.650,robot_2,1.260,-1.812
1789222677,256932253,51.650,robot_0,-0.016,-1.801
1789222677,474836849,51.868,robot_1,0.908,-2.818
1789222677,474963481,51.868,robot_2,1.245,-1.830
1789222677,475030617,51.868,robot_0,-0.010,-1.811
1789222677,699052443,52.092,robot_1,0.863,-2.801
1789222677,699138377,52.092,robot_2,1.228,-1.849
1789222677,699187664,52.092,robot_0,-0.004,-1.820
1789222677,912169824,52.305,robot_1,0.830,-2.789
1789222677,912260419,52.305,robot_2,1.228,-1.850
1789222677,912314240,52.305,robot_0,0.021,-1.856
1789222678,123325367,52.516,robot_1,0.809,-2.781
1789222678,123415906,52.516,robot_2,1.228,-1.850
1789222678,123467176,52.516,robot_0,0.040,-1.881
1789222678,355179646,52.748,robot_1,0.757,-2.761
1789222678,355297052,52.748,robot_2,1.228,-1.850
1789222678,355366091,52.748,robot_0,0.046,-1.889
1789222678,575631269,52.968,robot_1,0.725,-2.750
1789222678,575738895,52.968,robot_2,1.228,-1.850
1789222678,575796256,52.969,robot_0,0.046,-1.889
1789222678,776640866,53.169,robot_1,0.698,-2.739
1789222678,776717573,53.169,robot_2,1.228,-1.849
1789222678,776755599,53.169,robot_0,0.057,-1.899
1789222678,980413233,53.373,robot_1,0.673,-2.730
1789222678,980503829,53.373,robot_2,1.228,-1.849
1789222678,980557720,53.373,robot_0,0.085,-1.922
1789222679,207495369,53.600,robot_1,0.673,-2.730
1789222679,207596640,53.600,robot_2,1.228,-1.849
1789222679,207641193,53.600,robot_0,0.127,-1.950
1789222679,432544203,53.825,robot_1,0.673,-2.730
1789222679,432650911,53.825,robot_2,1.227,-1.849
1789222679,432703128,53.825,robot_0,0.160,-1.971
1789222679,634563430,54.027,robot_1,0.673,-2.730
1789222679,634671702,54.027,robot_2,1.227,-1.849
1789222679,634720618,54.027,robot_0,0.185,-1.987
1789222679,850061372,54.243,robot_1,0.673,-2.730
1789222679,850184506,54.243,robot_2,1.227,-1.849
1789222679,850239433,54.243,robot_0,0.218,-2.008
1789222680,67364964,54.460,robot_1,0.673,-2.730
1789222680,67471279,54.460,robot_2,1.227,-1.849
1789222680,67526825,54.460,robot_0,0.250,-2.029
1789222680,282535130,54.675,robot_1,0.673,-2.729
1789222680,282662673,54.675,robot_2,1.226,-1.849
1789222680,282732959,54.675,robot_0,0.250,-2.029
1789222680,486524011,54.879,robot_1,0.673,-2.729
1789222680,499772832,54.893,robot_2,1.226,-1.849
1789222680,499888181,54.893,robot_0,0.250,-2.029
1789222680,702174301,55.095,robot_1,0.673,-2.729
1789222680,702277779,55.095,robot_2,1.226,-1.849
1789222680,702344601,55.095,robot_0,0.250,-2.029
1789222680,911365423,55.304,robot_1,0.673,-2.729
1789222680,911458419,55.304,robot_2,1.225,-1.849
1789222680,911509067,55.304,robot_0,0.250,-2.029
1789222681,129717593,55.522,robot_1,0.673,-2.729
1789222681,129818486,55.523,robot_2,1.225,-1.849
1789222681,129873066,55.523,robot_0,0.250,-2.030
1789222681,351005312,55.744,robot_1,0.673,-2.729
1789222681,351117703,55.744,robot_2,1.225,-1.850
1789222681,351178970,55.744,robot_0,0.250,-2.030
1789222681,554219024,55.950,robot_1,0.672,-2.729
1789222681,557593410,55.950,robot_2,1.226,-1.851
1789222681,557663162,55.950,robot_0,0.250,-2.030
1789222681,818557238,56.211,robot_1,0.672,-2.728
1789222681,818663034,56.211,robot_2,1.252,-1.875
1789222681,818720418,56.211,robot_0,0.250,-2.031
1789222682,29495052,56.422,robot_1,0.672,-2.728
1789222682,42793910,56.436,robot_2,1.284,-1.906
1789222682,42913260,56.436,robot_0,0.250,-2.031
1789222682,238281368,56.631,robot_1,0.672,-2.728
1789222682,238369641,56.631,robot_2,1.312,-1.932
1789222682,238417734,56.631,robot_0,0.251,-2.031
1789222682,444553835,56.841,robot_1,0.672,-2.728
1789222682,449115517,56.842,robot_2,1.334,-1.954
1789222682,449205108,56.844,robot_0,0.251,-2.031
1789222682,660624768,57.053,robot_1,0.671,-2.728
1789222682,660931791,57.054,robot_2,1.352,-1.974
1789222682,661014970,57.054,robot_0,0.251,-2.032
1789222682,861905514,57.255,robot_1,0.671,-2.728
1789222682,862016204,57.255,robot_2,1.374,-1.999
1789222682,862069042,57.255,robot_0,0.251,-2.032
1789222683,82729266,57.475,robot_1,0.671,-2.728
1789222683,82846802,57.476,robot_2,1.401,-2.033
1789222683,82905061,57.476,robot_0,0.252,-2.032
1789222683,279389896,57.672,robot_1,0.671,-2.729
1789222683,279492419,57.672,robot_2,1.430,-2.073
1789222683,279538406,57.672,robot_0,0.252,-2.032
1789222683,504141774,57.897,robot_1,0.671,-2.729
1789222683,504236861,57.897,robot_2,1.435,-2.081
1789222683,504283421,57.897,robot_0,0.252,-2.032
1789222683,707121929,58.100,robot_1,0.678,-2.754
1789222683,707215616,58.100,robot_2,1.435,-2.081
1789222683,707265855,58.100,robot_0,0.253,-2.032
1789222683,911855634,58.305,robot_1,0.684,-2.795
1789222683,911951385,58.305,robot_2,1.435,-2.081
1789222683,911991072,58.305,robot_0,0.253,-2.032
1789222684,140099389,58.533,robot_1,0.686,-2.828
1789222684,140187452,58.533,robot_2,1.440,-2.084
1789222684,140230977,58.533,robot_0,0.253,-2.032
1789222684,347433013,58.740,robot_1,0.686,-2.858
1789222684,347528314,58.740,robot_2,1.471,-2.100
1789222684,347593859,58.740,robot_0,0.252,-2.029
1789222684,549876702,58.943,robot_1,0.683,-2.905
1789222684,549969174,58.943,robot_2,1.515,-2.119
1789222684,550013595,58.943,robot_0,0.237,-1.991
1789222684,751252733,59.144,robot_1,0.679,-2.941
1789222684,751343659,59.144,robot_2,1.539,-2.129
1789222684,751381832,59.144,robot_0,0.226,-1.968
1789222684,966481180,59.359,robot_1,0.675,-2.969
1789222684,966595277,59.359,robot_2,1.563,-2.138
1789222684,966644862,59.359,robot_0,0.204,-1.929
1789222685,182742712,59.575,robot_1,0.675,-2.969
1789222685,182821821,59.576,robot_2,1.606,-2.153
1789222685,182858711,59.576,robot_0,0.177,-1.887
1789222685,395841333,59.789,robot_1,0.675,-2.971
1789222685,395932341,59.789,robot_2,1.639,-2.165
1789222685,395975023,59.789,robot_0,0.163,-1.864
1789222685,605376491,59.998,robot_1,0.662,-3.002
1789222685,605476392,59.998,robot_2,1.682,-2.179
1789222685,605531687,59.998,robot_0,0.148,-1.839
1789222685,807579077,60.200,robot_1,0.651,-3.023
1789222685,807675254,60.200,robot_2,1.733,-2.197
1789222685,807727012,60.200,robot_0,0.127,-1.806
1789222686,30548002,60.423,robot_1,0.641,-3.038
1789222686,30649654,60.423,robot_2,1.776,-2.211
1789222686,30689399,60.423,robot_0,0.104,-1.768
1789222686,251632230,60.644,robot_1,0.623,-3.060
1789222686,251718223,60.644,robot_2,1.842,-2.234
1789222686,251778151,60.645,robot_0,0.067,-1.706
1789222686,473508265,60.866,robot_1,0.623,-3.060
1789222686,491220371,60.884,robot_2,1.851,-2.237
1789222686,491347921,60.884,robot_0,0.041,-1.662
1789222686,674496693,61.067,robot_1,0.623,-3.060
1789222686,686740261,61.080,robot_2,1.851,-2.237
1789222686,686862730,61.080,robot_0,0.022,-1.631
1789222686,875249455,61.268,robot_1,0.623,-3.060
1789222686,875331473,61.268,robot_2,1.851,-2.237
1789222686,875384264,61.268,robot_0,0.010,-1.611
1789222687,86985078,61.480,robot_1,0.623,-3.060
1789222687,87093634,61.480,robot_2,1.851,-2.238
1789222687,87160298,61.480,robot_0,-0.011,-1.575
1789222687,294553616,61.698,robot_1,0.623,-3.060
1789222687,305022782,61.698,robot_2,1.859,-2.237
1789222687,305096252,61.698,robot_0,-0.033,-1.537
1789222687,529796664,61.923,robot_1,0.622,-3.060
1789222687,529882728,61.923,robot_2,1.895,-2.229
1789222687,529940094,61.923,robot_0,-0.049,-1.507
1789222687,743035471,62.136,robot_1,0.622,-3.060
1789222687,743109466,62.136,robot_2,1.923,-2.221
1789222687,743157763,62.136,robot_0,-0.070,-1.468
1789222687,960034387,62.353,robot_1,0.622,-3.060
1789222687,960140506,62.353,robot_2,1.923,-2.221
1789222687,960185081,62.353,robot_0,-0.094,-1.421
1789222688,167540935,62.561,robot_1,0.622,-3.060
1789222688,168183598,62.561,robot_2,1.924,-2.221
1789222688,168256134,62.561,robot_0,-0.107,-1.396
1789222688,393797080,62.787,robot_1,0.621,-3.060
1789222688,393873385,62.796,robot_2,1.963,-2.191
1789222688,403394091,62.796,robot_0,-0.129,-1.351
1789222688,605309334,62.998,robot_1,0.621,-3.061
1789222688,605388709,62.998,robot_2,1.977,-2.180
1789222688,605437109,62.998,robot_0,-0.144,-1.321
1789222688,822226467,63.215,robot_1,0.621,-3.061
1789222688,822314428,63.215,robot_2,1.977,-2.180
1789222688,822369016,63.215,robot_0,-0.156,-1.293
1789222689,41331750,63.434,robot_1,0.621,-3.061
1789222689,41414828,63.434,robot_2,1.978,-2.180
1789222689,41473391,63.434,robot_0,-0.177,-1.246
1789222689,243559639,63.646,robot_1,0.621,-3.061
1789222689,253829285,63.647,robot_2,1.978,-2.180
1789222689,253892329,63.647,robot_0,-0.192,-1.209
1789222689,455891654,63.849,robot_1,0.621,-3.061
1789222689,455965577,63.849,robot_2,1.978,-2.180
1789222689,456012498,63.849,robot_0,-0.206,-1.173
1789222689,686265300,64.079,robot_1,0.621,-3.062
1789222689,686339170,64.079,robot_2,1.979,-2.180
1789222689,686383297,64.079,robot_0,-0.220,-1.138
1789222689,919505769,64.312,robot_1,0.621,-3.062
1789222689,919567596,64.312,robot_2,1.979,-2.180
1789222689,919613248,64.312,robot_0,-0.235,-1.099
1789222690,131442773,64.524,robot_1,0.649,-3.060
1789222690,131528916,64.524,robot_2,1.979,-2.180
1789222690,131585646,64.524,robot_0,-0.252,-1.054
1789222690,353235014,64.746,robot_1,0.711,-3.054
1789222690,353321315,64.746,robot_2,1.980,-2.180
1789222690,353373221,64.746,robot_0,-0.269,-1.011
1789222690,613118471,65.006,robot_1,0.750,-3.050
1789222690,613204892,65.006,robot_2,1.980,-2.180
1789222690,613251346,65.006,robot_0,-0.278,-0.987
1789222690,833644316,65.226,robot_1,0.825,-3.043
1789222690,833732780,65.226,robot_2,1.980,-2.180
1789222690,833780437,65.227,robot_0,-0.298,-0.935
1789222691,36652171,65.429,robot_1,0.853,-3.040
1789222691,36749189,65.429,robot_2,1.981,-2.179
1789222691,36798046,65.430,robot_0,-0.313,-0.895
1789222691,244168037,65.637,robot_1,0.854,-3.040
1789222691,244265289,65.637,robot_2,1.981,-2.179
1789222691,244317752,65.637,robot_0,-0.325,-0.862
1789222691,464732192,65.857,robot_1,0.857,-3.040
1789222691,464826354,65.858,robot_2,1.981,-2.179
1789222691,464876585,65.858,robot_0,-0.341,-0.821
1789222691,675830965,66.069,robot_1,0.898,-3.045
1789222691,675913114,66.069,robot_2,1.981,-2.178
1789222691,680205269,66.073,robot_0,-0.353,-0.789
1789222691,898441179,66.291,robot_1,0.906,-3.046
1789222691,898538709,66.291,robot_2,1.981,-2.178
1789222691,898598739,66.291,robot_0,-0.368,-0.750
1789222692,129130865,66.522,robot_1,0.936,-3.057
1789222692,129265122,66.522,robot_2,1.981,-2.178
1789222692,129330386,66.522,robot_0,-0.386,-0.702
1789222692,338526566,66.731,robot_1,0.991,-3.081
1789222692,338617386,66.731,robot_2,1.981,-2.177
1789222692,338667311,66.731,robot_0,-0.408,-0.646
1789222692,545304435,66.938,robot_1,1.009,-3.090
1789222692,545397296,66.938,robot_2,1.981,-2.177
1789222692,545451212,66.938,robot_0,-0.422,-0.610
1789222692,750902681,67.144,robot_1,1.040,-3.105
1789222692,750995900,67.144,robot_2,1.966,-2.184
1789222692,751041308,67.144,robot_0,-0.433,-0.579
1789222693,44190103,67.437,robot_1,1.043,-3.107
1789222693,44281030,67.437,robot_2,1.945,-2.196
1789222693,253322691,67.646,robot_1,1.043,-3.107
1789222693,253412606,67.646,robot_2,1.930,-2.205
1789222693,467181356,67.860,robot_1,1.043,-3.107
1789222693,467270010,67.860,robot_2,1.902,-2.221
1789222693,684138766,68.077,robot_1,1.043,-3.107
1789222693,684230407,68.077,robot_2,1.870,-2.238
1789222693,896267943,68.289,robot_1,1.043,-3.108
1789222693,896349621,68.289,robot_2,1.837,-2.252
1789222694,110080994,68.503,robot_1,1.043,-3.108
1789222694,110183681,68.503,robot_2,1.806,-2.261
1789222694,328800119,68.722,robot_1,1.043,-3.108
1789222694,328898423,68.722,robot_2,1.781,-2.266
1789222694,548815019,68.942,robot_1,1.043,-3.108
1789222694,548922378,68.942,robot_2,1.781,-2.266
1789222694,766535869,69.172,robot_1,1.043,-3.109
1789222694,779821009,69.173,robot_2,1.781,-2.267
1789222694,968461983,69.361,robot_1,1.044,-3.109
1789222694,968553594,69.361,robot_2,1.779,-2.266
1789222695,179378732,69.572,robot_1,1.044,-3.109
1789222695,179489539,69.572,robot_2,1.731,-2.247
1789222695,386823493,69.780,robot_1,1.044,-3.109
1789222695,386923349,69.780,robot_2,1.693,-2.230
1789222695,591598481,69.984,robot_1,1.044,-3.109
1789222695,591692295,69.984,robot_2,1.665,-2.216
1789222695,822888320,70.216,robot_1,1.044,-3.109
1789222695,822970805,70.216,robot_2,1.630,-2.201
1789222696,64456412,70.457,robot_1,1.045,-3.109
1789222696,64577458,70.457,robot_2,1.592,-2.188
1789222696,278069706,70.671,robot_1,1.045,-3.109
1789222696,278154845,70.671,robot_2,1.552,-2.176
1789222696,491053574,70.884,robot_1,1.045,-3.109
1789222696,491168300,70.884,robot_2,1.520,-2.168
1789222696,704344768,71.097,robot_1,1.052,-3.128
1789222696,707728724,71.101,robot_2,1.483,-2.161
1789222696,920582944,71.313,robot_1,1.063,-3.160
1789222696,920670543,71.313,robot_2,1.449,-2.156
1789222697,123037584,71.516,robot_1,1.075,-3.196
1789222697,123126817,71.516,robot_2,1.411,-2.152
1789222697,326202702,71.719,robot_1,1.078,-3.207
1789222697,326315465,71.719,robot_2,1.379,-2.151
1789222697,541204707,71.934,robot_1,1.079,-3.207
1789222697,541284910,71.934,robot_2,1.332,-2.150
1789222697,754246917,72.147,robot_1,1.079,-3.207
1789222697,754340556,72.147,robot_2,1.281,-2.149
1789222697,957368087,72.350,robot_1,1.079,-3.207
1789222697,957462931,72.350,robot_2,1.251,-2.149
1789222698,167855675,72.561,robot_1,1.079,-3.207
1789222698,167973972,72.561,robot_2,1.192,-2.149
1789222698,365155738,72.758,robot_1,1.079,-3.206
1789222698,365248361,72.758,robot_2,1.150,-2.149
1789222698,566956892,72.960,robot_1,1.079,-3.206
1789222698,567056535,72.960,robot_2,1.105,-2.149
1789222698,786798566,73.180,robot_1,1.079,-3.206
1789222698,786890390,73.180,robot_2,1.051,-2.149
1789222699,13361232,73.406,robot_1,1.079,-3.205
1789222699,13453842,73.406,robot_2,1.005,-2.149
1789222699,231416434,73.624,robot_1,1.079,-3.205
1789222699,238001730,73.631,robot_2,0.975,-2.150
1789222699,441061931,73.834,robot_1,1.078,-3.205
1789222699,441161163,73.834,robot_2,0.945,-2.149
1789222699,683623495,74.076,robot_1,1.040,-3.223
1789222699,683711266,74.076,robot_2,0.910,-2.149
1789222699,901702894,74.294,robot_1,1.003,-3.241
1789222699,901805960,74.295,robot_2,0.869,-2.149
1789222700,108674317,74.501,robot_1,0.990,-3.248
1789222700,108783068,74.502,robot_2,0.827,-2.149
1789222700,314859556,74.708,robot_1,0.990,-3.248
1789222700,314951790,74.708,robot_2,0.795,-2.149
1789222700,532523035,74.925,robot_1,0.990,-3.248
1789222700,532639827,74.925,robot_2,0.766,-2.148
1789222700,740167899,75.133,robot_1,0.990,-3.247
1789222700,740385581,75.133,robot_2,0.722,-2.148
1789222700,955138930,75.348,robot_1,0.990,-3.247
1789222700,955247101,75.348,robot_2,0.680,-2.147
1789222701,162758584,75.556,robot_1,0.990,-3.247
1789222701,162851590,75.556,robot_2,0.642,-2.147
1789222701,373304011,75.766,robot_1,0.989,-3.247
1789222701,373436672,75.766,robot_2,0.608,-2.147
1789222701,573291416,75.966,robot_1,0.989,-3.247
1789222701,573381349,75.966,robot_2,0.578,-2.146
1789222701,773500618,76.166,robot_1,0.989,-3.247
1789222701,773626651,76.166,robot_2,0.556,-2.146
1789222701,982532891,76.375,robot_1,0.989,-3.247
1789222701,982627809,76.375,robot_2,0.522,-2.146
1789222702,191209840,76.584,robot_1,0.988,-3.247
1789222702,191302741,76.584,robot_2,0.488,-2.145
1789222702,409674422,76.802,robot_1,0.988,-3.247
1789222702,409772712,76.803,robot_2,0.460,-2.145
1789222702,630407840,77.023,robot_1,0.988,-3.247
1789222702,630496663,77.023,robot_2,0.424,-2.144
1789222702,842747480,77.235,robot_1,0.988,-3.247
1789222702,842833280,77.236,robot_2,0.382,-2.143
1789222703,70914502,77.464,robot_1,0.988,-3.248
1789222703,71002748,77.464,robot_2,0.350,-2.143
1789222703,277261078,77.670,robot_1,0.988,-3.248
1789222703,277342199,77.670,robot_2,0.293,-2.142
1789222703,490073313,77.911,robot_1,0.987,-3.248
1789222703,518161884,77.911,robot_2,0.230,-2.141
1789222703,717771871,78.111,robot_1,0.987,-3.248
1789222703,717859708,78.111,robot_2,0.194,-2.141
1789222703,926274565,78.319,robot_1,0.987,-3.249
1789222703,926397590,78.319,robot_2,0.154,-2.140
1789222704,134545445,78.550,robot_1,0.987,-3.249
1789222704,157657780,78.550,robot_2,0.106,-2.139
1789222704,338269891,78.731,robot_1,0.987,-3.249
1789222704,338363078,78.731,robot_2,0.074,-2.139
1789222704,544276568,78.937,robot_1,1.025,-3.245
1789222704,544370671,78.937,robot_2,0.021,-2.138
1789222704,760476000,79.153,robot_1,1.074,-3.238
1789222704,760553331,79.153,robot_2,-0.029,-2.137
1789222704,967233662,79.360,robot_1,1.078,-3.237
1789222704,967325812,79.360,robot_2,-0.038,-2.137
1789222705,167344576,79.560,robot_1,1.078,-3.237
1789222705,167438640,79.560,robot_2,-0.101,-2.140
1789222705,404226051,79.797,robot_1,1.095,-3.239
1789222705,404314476,79.797,robot_2,-0.116,-2.140
1789222705,629145208,80.022,robot_1,1.142,-3.249
1789222705,629224891,80.022,robot_2,-0.116,-2.140
1789222705,835019915,80.228,robot_1,1.143,-3.249
1789222705,835106287,80.228,robot_2,-0.116,-2.140
1789222706,46016771,80.439,robot_1,1.143,-3.249
1789222706,46101516,80.439,robot_2,-0.116,-2.140
1789222706,258829136,80.652,robot_1,1.143,-3.250
1789222706,258914808,80.652,robot_2,-0.116,-2.139
1789222706,467037733,80.860,robot_1,1.143,-3.250
1789222706,467116554,80.860,robot_2,-0.116,-2.139
1789222706,680759726,81.074,robot_1,1.143,-3.250
1789222706,680857978,81.074,robot_2,-0.116,-2.139
1789222706,887979312,81.281,robot_1,1.144,-3.250
1789222706,888104887,81.281,robot_2,-0.117,-2.138
1789222707,83273369,81.476,robot_1,1.144,-3.250
1789222707,83368331,81.476,robot_2,-0.117,-2.138
1789222707,311508624,81.704,robot_1,1.144,-3.251
1789222707,318958930,81.712,robot_2,-0.118,-2.138
1789222707,518109559,81.911,robot_1,1.144,-3.251
1789222707,518195508,81.911,robot_2,-0.118,-2.138
1789222707,723046676,82.116,robot_1,1.144,-3.251
1789222707,723138372,82.116,robot_2,-0.118,-2.138
1789222707,946497327,82.339,robot_1,1.145,-3.251
1789222707,946592869,82.339,robot_2,-0.119,-2.138
1789222708,163548150,82.556,robot_1,1.145,-3.251
1789222708,163626875,82.556,robot_2,-0.119,-2.139
1789222708,389793033,82.783,robot_1,1.145,-3.251
1789222708,389878886,82.783,robot_2,-0.120,-2.139
1789222708,589949013,82.983,robot_1,1.145,-3.251
1789222708,590043547,82.983,robot_2,-0.120,-2.139
1789222708,802899991,83.196,robot_1,1.146,-3.251
1789222708,802996472,83.196,robot_2,-0.120,-2.139
1789222709,20630502,83.413,robot_1,1.146,-3.251
1789222709,20724330,83.413,robot_2,-0.120,-2.140
1789222709,222159027,83.615,robot_1,1.146,-3.251
1789222709,222242325,83.615,robot_2,-0.120,-2.140
1789222709,436308676,83.829,robot_1,1.146,-3.251
1789222709,436394662,83.829,robot_2,-0.120,-2.140
1789222709,668472545,84.061,robot_1,1.146,-3.250
1789222709,668723798,84.061,robot_2,-0.118,-2.141
1789222709,889284226,84.282,robot_1,1.114,-3.230
1789222709,889365266,84.282,robot_2,-0.048,-2.143
1789222710,138753416,84.531,robot_1,1.086,-3.214
1789222710,138830693,84.532,robot_2,-0.031,-2.144
1789222710,342855924,84.736,robot_1,1.051,-3.197
1789222710,342940449,84.736,robot_2,-0.031,-2.144
1789222710,552527477,84.945,robot_1,1.004,-3.176
1789222710,552623241,84.945,robot_2,-0.010,-2.140
1789222710,759484299,85.152,robot_1,0.976,-3.164
1789222710,762213453,85.155,robot_2,0.030,-2.129
1789222710,965371164,85.358,robot_1,0.943,-3.149
1789222710,965470443,85.358,robot_2,0.038,-2.126
1789222711,282522391,85.675,robot_1,0.863,-3.113
1789222711,282614621,85.675,robot_2,0.081,-2.101
1789222711,502621293,85.895,robot_1,0.828,-3.098
1789222711,502715454,85.895,robot_2,0.103,-2.085
1789222711,735590473,86.129,robot_1,0.774,-3.074
1789222711,736109042,86.129,robot_2,0.150,-2.049
1789222711,942540875,86.335,robot_1,0.738,-3.057
1789222711,942615789,86.335,robot_2,0.159,-2.042
1789222712,148090148,86.541,robot_1,0.694,-3.037
1789222712,148169694,86.541,robot_2,0.174,-2.027
1789222712,375971228,86.775,robot_1,0.646,-3.014
1789222712,382134731,86.775,robot_2,0.210,-1.985
1789222712,587066193,86.980,robot_1,0.643,-3.013
1789222712,587142602,86.980,robot_2,0.231,-1.959
1789222712,807026229,87.200,robot_1,0.643,-3.012
1789222712,807107345,87.200,robot_2,0.260,-1.923
1789222713,37159211,87.430,robot_1,0.643,-3.012
1789222713,37241628,87.430,robot_2,0.260,-1.922
1789222713,242809374,87.636,robot_1,0.643,-3.012
1789222713,245838785,87.639,robot_2,0.268,-1.906
1789222713,454327391,87.847,robot_1,0.643,-3.012
1789222713,454407682,87.847,robot_2,0.286,-1.859
1789222713,666053549,88.059,robot_1,0.643,-3.011
1789222713,666149272,88.059,robot_2,0.300,-1.816
1789222713,902805532,88.296,robot_1,0.643,-3.011
1789222713,902889383,88.296,robot_2,0.314,-1.773
1789222714,117528452,88.510,robot_1,0.643,-3.011
1789222714,119342158,88.512,robot_2,0.337,-1.705
1789222714,348013036,88.741,robot_1,0.643,-3.011
1789222714,348115638,88.741,robot_2,0.351,-1.659
1789222714,554363379,88.947,robot_1,0.643,-3.011
1789222714,554446793,88.947,robot_2,0.368,-1.608
1789222714,770917486,89.164,robot_1,0.642,-3.011
1789222714,771008141,89.164,robot_2,0.376,-1.585
1789222714,996870610,89.390,robot_1,0.642,-3.011
1789222714,996972586,89.390,robot_2,0.373,-1.592
1789222715,213014696,89.606,robot_1,0.642,-3.011
1789222715,213100850,89.606,robot_2,0.373,-1.592
1789222715,428385248,89.821,robot_1,0.642,-3.011
1789222715,428480745,89.821,robot_2,0.374,-1.593
1789222715,664777837,90.058,robot_1,0.641,-3.011
1789222715,664870794,90.058,robot_2,0.374,-1.593
1789222715,868945428,90.262,robot_1,0.641,-3.011
1789222715,869033775,90.262,robot_2,0.374,-1.592
1789222716,82154940,90.475,robot_1,0.641,-3.011
1789222716,82241196,90.475,robot_2,0.375,-1.592
1789222716,298773741,90.692,robot_1,0.656,-3.037
1789222716,298880074,90.692,robot_2,0.375,-1.592
1789222716,505210616,90.898,robot_1,0.667,-3.056
1789222716,505326416,90.898,robot_2,0.375,-1.592
1789222716,708483548,91.101,robot_1,0.667,-3.056
1789222716,712231252,91.105,robot_2,0.376,-1.592
1789222716,927166195,91.320,robot_1,0.667,-3.056
1789222716,927258351,91.320,robot_2,0.376,-1.591
1789222717,156610759,91.549,robot_1,0.667,-3.056
1789222717,156702809,91.549,robot_2,0.376,-1.591
1789222717,369805110,91.763,robot_1,0.666,-3.056
1789222717,369889131,91.763,robot_2,0.376,-1.591
1789222717,571822119,91.965,robot_1,0.666,-3.056
1789222717,571926993,91.965,robot_2,0.376,-1.590
1789222717,787485890,92.180,robot_1,0.666,-3.056
1789222717,787586626,92.180,robot_2,0.376,-1.590
1789222718,9147627,92.402,robot_1,0.666,-3.057
1789222718,9248659,92.402,robot_2,0.376,-1.590
1789222718,224834088,92.618,robot_1,0.666,-3.057
1789222718,224929234,92.618,robot_2,0.376,-1.589
1789222718,441802769,92.835,robot_1,0.666,-3.057
1789222718,441895948,92.835,robot_2,0.376,-1.589
1789222718,662987150,93.056,robot_1,0.666,-3.057
1789222718,663102603,93.056,robot_2,0.376,-1.589
1789222718,866356033,93.259,robot_1,0.666,-3.057
1789222718,866457421,93.259,robot_2,0.361,-1.600
1789222719,73846617,93.467,robot_1,0.666,-3.058
1789222719,73933765,93.467,robot_2,0.330,-1.622
1789222719,294102308,93.687,robot_1,0.666,-3.058
1789222719,294226425,93.687,robot_2,0.303,-1.639
1789222719,482037681,93.875,robot_1,0.666,-3.058
1789222719,482129186,93.875,robot_2,0.270,-1.654
1789222719,695527930,94.088,robot_1,0.666,-3.058
1789222719,695626263,94.088,robot_2,0.223,-1.670
1789222719,914762356,94.308,robot_1,0.666,-3.058
1789222719,914853372,94.308,robot_2,0.174,-1.685
1789222720,126669997,94.519,robot_1,0.667,-3.059
1789222720,126757687,94.519,robot_2,0.136,-1.695
1789222720,340220905,94.733,robot_1,0.667,-3.059
1789222720,340304423,94.733,robot_2,0.105,-1.703
1789222720,561020272,94.954,robot_1,0.667,-3.059
1789222720,561112439,94.954,robot_2,0.090,-1.705
1789222720,781649554,95.174,robot_1,0.667,-3.059
1789222720,781739992,95.174,robot_2,0.048,-1.710
1789222720,990585451,95.383,robot_1,0.668,-3.059
1789222720,990677030,95.383,robot_2,-0.008,-1.717
1789222721,203366269,95.596,robot_1,0.668,-3.059
1789222721,203452847,95.596,robot_2,-0.031,-1.720
1789222721,423715658,95.816,robot_1,0.668,-3.059
1789222721,423809367,95.817,robot_2,-0.041,-1.722
1789222721,641075249,96.034,robot_1,0.668,-3.059
1789222721,641164990,96.034,robot_2,-0.083,-1.734
1789222721,870483379,96.263,robot_1,0.669,-3.059
1789222721,870567908,96.274,robot_2,-0.121,-1.746
1789222722,98332695,96.491,robot_1,0.669,-3.058
1789222722,98433227,96.491,robot_2,-0.167,-1.762
1789222722,305847139,96.699,robot_1,0.659,-3.049
1789222722,305924752,96.699,robot_2,-0.218,-1.780
1789222722,519251548,96.912,robot_1,0.629,-3.020
1789222722,519337674,96.912,robot_2,-0.205,-1.776
1789222722,722743120,97.115,robot_1,0.594,-2.988
1789222722,722818849,97.116,robot_2,-0.178,-1.766
1789222722,927550453,97.320,robot_1,0.555,-2.952
1789222722,927651231,97.320,robot_2,-0.156,-1.759
1789222723,141227134,97.534,robot_1,0.530,-2.930
1789222723,141323012,97.534,robot_2,-0.157,-1.759
1789222723,362920059,97.756,robot_1,0.485,-2.891
1789222723,363004745,97.756,robot_2,-0.157,-1.759
1789222723,572929171,97.966,robot_1,0.441,-2.854
1789222723,573013194,97.966,robot_2,-0.157,-1.758
1789222723,781921841,98.175,robot_1,0.415,-2.832
1789222723,782006428,98.175,robot_2,-0.157,-1.758
1789222723,996787777,98.390,robot_1,0.387,-2.809
1789222723,996880152,98.390,robot_2,-0.157,-1.758
1789222724,233421492,98.626,robot_1,0.353,-2.784
1789222724,233506254,98.626,robot_2,-0.158,-1.758
1789222724,451918498,98.845,robot_1,0.320,-2.762
1789222724,452019083,98.845,robot_2,-0.158,-1.758
1789222724,652515526,99.045,robot_1,0.291,-2.743
1789222724,652615394,99.045,robot_2,-0.159,-1.757
1789222724,873440073,99.266,robot_1,0.291,-2.743
1789222724,873522292,99.266,robot_2,-0.159,-1.758
1789222725,87497799,99.480,robot_1,0.291,-2.743
1789222725,100846964,99.494,robot_2,-0.159,-1.758
1789222725,304086869,99.697,robot_1,0.291,-2.743
1789222725,304176903,99.697,robot_2,-0.160,-1.758
1789222725,518103458,99.911,robot_1,0.291,-2.743
1789222725,518194717,99.911,robot_2,-0.160,-1.758
1789222725,727408639,100.120,robot_1,0.291,-2.742
1789222725,727498448,100.120,robot_2,-0.160,-1.758
1789222725,935537460,100.328,robot_1,0.291,-2.742
1789222725,940111071,100.333,robot_2,-0.161,-1.758
1789222726,150677632,100.543,robot_1,0.291,-2.742
1789222726,150764533,100.544,robot_2,-0.161,-1.759
1789222726,355869867,100.749,robot_1,0.291,-2.742
1789222726,355958488,100.749,robot_2,-0.161,-1.759
1789222726,574493497,100.967,robot_1,0.291,-2.741
1789222726,574596866,100.967,robot_2,-0.161,-1.759
1789222726,800744278,101.193,robot_1,0.291,-2.741
1789222726,800840851,101.194,robot_2,-0.183,-1.754
1789222727,13422939,101.406,robot_1,0.291,-2.741
1789222727,13509504,101.406,robot_2,-0.212,-1.747
1789222727,215701209,101.608,robot_1,0.290,-2.741
1789222727,215783576,101.609,robot_2,-0.245,-1.739
1789222727,456194034,101.849,robot_1,0.290,-2.741
1789222727,456282546,101.849,robot_2,-0.268,-1.734
1789222727,669539843,102.062,robot_1,0.290,-2.741
1789222727,669639852,102.062,robot_2,-0.268,-1.734
1789222727,896822173,102.290,robot_1,0.290,-2.741
1789222727,896934313,102.290,robot_2,-0.268,-1.734
1789222728,100677501,102.493,robot_1,0.289,-2.741
1789222728,100766132,102.494,robot_2,-0.268,-1.735
1789222728,308335322,102.701,robot_1,0.289,-2.741
1789222728,308420583,102.701,robot_2,-0.267,-1.735
1789222728,519035445,102.912,robot_1,0.289,-2.741
1789222728,519125434,102.912,robot_2,-0.267,-1.736
1789222728,726587929,103.119,robot_1,0.289,-2.741
1789222728,726712430,103.119,robot_2,-0.267,-1.736
1789222728,949619494,103.342,robot_1,0.291,-2.744
1789222728,949736611,103.342,robot_2,-0.267,-1.736
1789222729,158514314,103.551,robot_1,0.321,-2.787
1789222729,162678744,103.555,robot_2,-0.266,-1.736
1789222729,367855753,103.761,robot_1,0.352,-2.830
1789222729,367955166,103.761,robot_2,-0.266,-1.737
1789222729,570163934,103.963,robot_1,0.384,-2.874
1789222729,570246175,103.963,robot_2,-0.265,-1.737
1789222729,790389926,104.183,robot_1,0.413,-2.916
1789222729,790486864,104.183,robot_2,-0.265,-1.737
1789222729,987728845,104.380,robot_1,0.432,-2.942
1789222729,987814787,104.381,robot_2,-0.265,-1.737
1789222730,198841585,104.592,robot_1,0.432,-2.942
1789222730,198920918,104.592,robot_2,-0.267,-1.724
1789222730,415524192,104.808,robot_1,0.432,-2.942
1789222730,415627442,104.808,robot_2,-0.282,-1.674
1789222730,639315923,105.032,robot_1,0.432,-2.942
1789222730,639396152,105.032,robot_2,-0.303,-1.611
1789222730,843338752,105.236,robot_1,0.432,-2.942
1789222730,843415938,105.236,robot_2,-0.318,-1.569
1789222731,48954741,105.442,robot_1,0.432,-2.942
1789222731,49026943,105.442,robot_2,-0.332,-1.529
1789222731,256365545,105.649,robot_1,0.432,-2.942
1789222731,256434435,105.649,robot_2,-0.343,-1.494
1789222731,466460034,105.859,robot_1,0.432,-2.942
1789222731,466536422,105.859,robot_2,-0.358,-1.448
1789222731,682982816,106.076,robot_1,0.432,-2.942
1789222731,683080454,106.076,robot_2,-0.370,-1.409
1789222731,893671603,106.286,robot_1,0.431,-2.943
1789222731,893745754,106.286,robot_2,-0.381,-1.372
1789222732,110717454,106.503,robot_1,0.431,-2.943
1789222732,110814030,106.504,robot_2,-0.395,-1.326
1789222732,321561702,106.714,robot_1,0.431,-2.943
1789222732,321656598,106.714,robot_2,-0.417,-1.252
1789222732,522441839,106.915,robot_1,0.431,-2.943
1789222732,522516018,106.915,robot_2,-0.425,-1.224
1789222732,729466705,107.122,robot_1,0.432,-2.944
1789222732,729540738,107.122,robot_2,-0.438,-1.178
1789222732,930850212,107.324,robot_1,0.432,-2.944
1789222732,930931552,107.324,robot_2,-0.452,-1.129
1789222733,133786889,107.527,robot_1,0.432,-2.944
1789222733,133857595,107.527,robot_2,-0.464,-1.085
1789222733,337612245,107.730,robot_1,0.432,-2.944
1789222733,337681977,107.730,robot_2,-0.477,-1.038
1789222733,559369655,107.952,robot_1,0.432,-2.944
1789222733,559441128,107.952,robot_2,-0.487,-1.001
1789222733,767948589,108.161,robot_1,0.432,-2.944
1789222733,768033769,108.161,robot_2,-0.498,-0.961
1789222733,970197142,108.363,robot_1,0.433,-2.945
1789222733,970292049,108.363,robot_2,-0.513,-0.903
1789222734,191328468,108.584,robot_1,0.433,-2.945
1789222734,191401289,108.584,robot_2,-0.526,-0.854
1789222734,404335969,108.797,robot_1,0.433,-2.945
1789222734,404404007,108.797,robot_2,-0.538,-0.810
1789222734,607646070,109.000,robot_1,0.434,-2.945
1789222734,607731855,109.000,robot_2,-0.554,-0.749
1789222734,818044078,109.211,robot_1,0.434,-2.944
1789222734,818125251,109.211,robot_2,-0.567,-0.698
1789222735,23417089,109.416,robot_1,0.433,-2.943
1789222735,236946694,109.630,robot_1,0.425,-2.909
1789222735,439294588,109.832,robot_1,0.414,-2.865
1789222735,645168638,110.038,robot_1,0.400,-2.813
1789222735,855031736,110.248,robot_1,0.386,-2.758
1789222736,64639561,110.460,robot_1,0.373,-2.711
1789222736,276051910,110.669,robot_1,0.360,-2.662
1789222736,478828365,110.872,robot_1,0.346,-2.607
1789222736,689318276,111.082,robot_1,0.335,-2.565
1789222736,900566171,111.297,robot_1,0.327,-2.532
1789222737,109960795,111.503,robot_1,0.311,-2.472
1789222737,355478078,111.748,robot_1,0.300,-2.432
1789222737,527416696,111.920,robot_1,0.289,-2.390
1789222737,735627231,112.128,robot_1,0.274,-2.332
1789222737,950454070,112.343,robot_1,0.265,-2.295
1789222738,153378342,112.546,robot_1,0.253,-2.250
1789222738,355227801,112.748,robot_1,0.246,-2.223
1789222738,585377363,112.978,robot_1,0.230,-2.163
1789222738,792908002,113.186,robot_1,0.216,-2.108
1789222739,28392459,113.421,robot_1,0.201,-2.052
1789222739,243871603,113.637,robot_1,0.182,-1.980
1789222739,458407249,113.851,robot_1,0.168,-1.925
1789222739,664268961,114.057,robot_1,0.150,-1.855
1789222739,871888055,114.265,robot_1,0.136,-1.803
1789222740,87812274,114.481,robot_1,0.127,-1.767
1789222740,296673672,114.689,robot_1,0.116,-1.726
1789222740,522519606,114.915,robot_1,0.107,-1.691
1789222740,729070317,115.122,robot_1,0.095,-1.647
1789222740,950150821,115.343,robot_1,0.084,-1.603
1789222741,169363790,115.562,robot_1,0.069,-1.544
1789222741,380592885,115.773,robot_1,0.053,-1.485
1789222741,581103783,115.974,robot_1,0.047,-1.460
1789222741,789300866,116.182,robot_1,0.031,-1.400
1789222741,993895599,116.387,robot_1,0.017,-1.345
1789222742,215494481,116.608,robot_1,0.001,-1.287
1789222742,435255807,116.828,robot_1,-0.012,-1.234
1789222742,661025366,117.054,robot_1,-0.024,-1.189
1789222742,876280794,117.269,robot_1,-0.037,-1.141
1789222743,81154002,117.474,robot_1,-0.046,-1.106
1789222743,307779823,117.701,robot_1,-0.059,-1.057
1789222743,525846436,117.919,robot_1,-0.074,-0.999
1789222743,732920420,118.126,robot_1,-0.087,-0.949
1789222743,937112636,118.330,robot_1,-0.099,-0.903
1789222744,146896026,118.540,robot_1,-0.113,-0.851
1789222744,361108522,118.754,robot_1,-0.126,-0.798
1789222744,585704562,118.978,robot_1,-0.137,-0.757
1789222744,807257370,119.200,robot_1,-0.147,-0.719
1789222745,31045523,119.424,robot_1,-0.158,-0.678
1789222745,248122877,119.641,robot_1,-0.175,-0.611
1789222745,455967859,119.849,robot_1,-0.184,-0.576
1789222745,675294523,120.068,robot_1,-0.197,-0.526
1789222745,885680509,120.278,robot_1,-0.212,-0.472
1789222746,111892038,120.505,robot_1,-0.218,-0.449
1789222746,340469909,120.733,robot_1,-0.230,-0.401
1789222746,552593194,120.945,robot_1,-0.243,-0.351
1789222746,764141475,121.157,robot_1,-0.254,-0.308
1789222746,997332317,121.390,robot_1,-0.267,-0.258
1789222747,223997025,121.617,robot_1,-0.268,-0.257
1789222747,447826180,121.841,robot_1,-0.268,-0.257
1789222747,653047230,122.046,robot_1,-0.267,-0.256
1789222747,892124386,122.285,robot_1,-0.267,-0.256
1789222748,93291179,122.486,robot_1,-0.267,-0.256
1789222748,295371409,122.688,robot_1,-0.267,-0.256
1789222748,504501176,122.897,robot_1,-0.267,-0.256
1789222748,712471612,123.105,robot_1,-0.267,-0.255
1789222748,926316529,123.319,robot_1,-0.267,-0.255
1789222749,139641109,123.532,robot_1,-0.267,-0.255
1789222749,353954073,123.747,robot_1,-0.267,-0.255
1789222749,560709529,123.954,robot_1,-0.267,-0.254
1789222749,777561921,124.179,robot_1,-0.267,-0.254
1789222749,983219658,124.376,robot_1,-0.267,-0.254
1789222750,205374304,124.598,robot_1,-0.267,-0.254
1789222750,430499347,124.823,robot_1,-0.268,-0.254
1789222750,657898293,125.051,robot_1,-0.268,-0.254
1789222750,876260403,125.269,robot_1,-0.276,-0.286
1789222751,92190370,125.485,robot_1,-0.288,-0.339
1789222751,314613603,125.707,robot_1,-0.301,-0.394
1789222751,507866225,125.901,robot_1,-0.313,-0.447
1789222751,713360195,126.106,robot_1,-0.322,-0.485
1789222751,939639542,126.332,robot_1,-0.335,-0.544
1789222752,146330552,126.539,robot_1,-0.347,-0.596
1789222752,414399885,126.807,robot_1,-0.354,-0.625
1789222752,637424336,127.030,robot_1,-0.365,-0.666
1789222752,839089488,127.232,robot_1,-0.380,-0.719
1789222753,50371849,127.443,robot_1,-0.395,-0.774
1789222753,267288752,127.660,robot_1,-0.410,-0.826
1789222753,473628607,127.866,robot_1,-0.423,-0.869
1789222753,706146263,128.099,robot_1,-0.436,-0.917
1789222753,915413742,128.308,robot_1,-0.451,-0.965
1789222754,116477392,128.509,robot_1,-0.464,-1.006
1789222754,322997737,128.716,robot_1,-0.476,-1.043
1789222754,526635836,128.919,robot_1,-0.488,-1.077
1789222754,747378756,129.140,robot_1,-0.503,-1.119
1789222754,953992513,129.347,robot_1,-0.523,-1.176
1789222755,186989487,129.580,robot_1,-0.539,-1.219
1789222755,387499300,129.780,robot_1,-0.555,-1.261
1789222755,600533743,129.993,robot_1,-0.577,-1.320
1789222755,825505794,130.218,robot_1,-0.592,-1.362
1789222756,42081061,130.435,robot_1,-0.609,-1.406
1789222756,244819866,130.638,robot_1,-0.609,-1.407
1789222756,455058820,130.848,robot_1,-0.609,-1.407
1789222756,655062349,131.048,robot_1,-0.608,-1.407
1789222756,858081827,131.251,robot_1,-0.608,-1.407
1789222757,61711404,131.454,robot_1,-0.608,-1.407
1789222757,267331386,131.660,robot_1,-0.609,-1.407
1789222757,500144322,131.893,robot_1,-0.609,-1.407
1789222757,715704186,132.108,robot_1,-0.609,-1.407
1789222757,931383708,132.324,robot_1,-0.610,-1.407
1789222758,148761882,132.542,robot_1,-0.610,-1.407
1789222758,353389629,132.746,robot_1,-0.610,-1.407
1789222758,566703722,132.959,robot_1,-0.610,-1.407
1789222758,791208909,133.184,robot_1,-0.610,-1.407
1789222759,20669961,133.413,robot_1,-0.611,-1.408
1789222759,241026939,133.634,robot_1,-0.611,-1.408
1789222759,482781889,133.876,robot_1,-0.611,-1.408
1789222759,692135757,134.085,robot_1,-0.611,-1.408
1789222759,913053608,134.306,robot_1,-0.611,-1.409
1789222760,133634585,134.526,robot_1,-0.598,-1.404
1789222760,351121157,134.744,robot_1,-0.551,-1.386
1789222760,573754837,134.967,robot_1,-0.481,-1.359
1789222760,778640558,135.171,robot_1,-0.430,-1.340
1789222760,986125959,135.379,robot_1,-0.366,-1.315
1789222761,197454173,135.590,robot_1,-0.313,-1.294
1789222761,429991527,135.823,robot_1,-0.243,-1.267
1789222761,653025278,136.050,robot_1,-0.184,-1.245
1789222761,857516911,136.250,robot_1,-0.125,-1.222
1789222762,59113721,136.452,robot_1,-0.072,-1.201
1789222762,269088991,136.662,robot_1,-0.024,-1.183
1789222762,492955071,136.886,robot_1,0.014,-1.168
1789222762,705062845,137.098,robot_1,0.014,-1.168
1789222762,919513394,137.312,robot_1,0.014,-1.169
1789222763,135068475,137.528,robot_1,0.014,-1.169
1789222763,339669487,137.732,robot_1,0.015,-1.169
1789222763,557042701,137.950,robot_1,0.015,-1.169
1789222763,757991033,138.151,robot_1,0.015,-1.169
1789222763,987872615,138.381,robot_1,0.016,-1.169
1789222764,198657056,138.591,robot_1,0.016,-1.169
1789222764,404355325,138.797,robot_1,0.016,-1.169
1789222764,607223519,139.000,robot_1,0.016,-1.169
1789222764,816531511,139.209,robot_1,0.017,-1.169
1789222765,34704200,139.427,robot_1,0.017,-1.168
1789222765,243719613,139.636,robot_1,0.017,-1.168
1789222765,470032824,139.863,robot_1,0.017,-1.168
1789222765,680285899,140.073,robot_1,0.017,-1.167
1789222765,894764434,140.288,robot_1,0.017,-1.167
1789222766,97609165,140.490,robot_1,0.012,-1.169
1789222766,299789187,140.693,robot_1,-0.030,-1.184
1789222766,507513691,140.900,robot_1,-0.095,-1.208
1789222766,720240778,141.113,robot_1,-0.148,-1.227
1789222766,934756387,141.328,robot_1,-0.207,-1.249
1789222767,146148395,141.539,robot_1,-0.278,-1.275
1789222767,355002412,141.748,robot_1,-0.348,-1.300
1789222767,584738842,141.977,robot_1,-0.404,-1.321
1789222767,794439657,142.187,robot_1,-0.449,-1.337
1789222768,8298819,142.401,robot_1,-0.451,-1.338
1789222768,218689249,142.611,robot_1,-0.451,-1.338
1789222768,425887530,142.819,robot_1,-0.451,-1.338
1789222768,633964077,143.027,robot_1,-0.451,-1.338
1789222768,845959055,143.239,robot_1,-0.451,-1.338
1789222769,50855342,143.444,robot_1,-0.451,-1.338
1789222769,284466414,143.677,robot_1,-0.451,-1.338
1789222769,491108914,143.884,robot_1,-0.451,-1.338
1789222769,706626131,144.099,robot_1,-0.452,-1.337
1789222769,924870716,144.318,robot_1,-0.452,-1.337
1789222770,142235962,144.535,robot_1,-0.452,-1.337
1789222770,356484746,144.749,robot_1,-0.452,-1.337
1789222770,580556752,144.976,robot_1,-0.453,-1.337
1789222770,802467384,145.195,robot_1,-0.453,-1.337
1789222771,12236697,145.405,robot_1,-0.453,-1.337
1789222771,212731195,145.605,robot_1,-0.453,-1.338
1789222771,427980852,145.821,robot_1,-0.454,-1.338
1789222771,629475924,146.022,robot_1,-0.454,-1.338
1789222771,843494714,146.236,robot_1,-0.454,-1.338
1789222772,50962111,146.444,robot_1,-0.449,-1.340
1789222772,254056582,146.647,robot_1,-0.396,-1.359
1789222772,455053449,146.848,robot_1,-0.351,-1.375
1789222772,661554507,147.054,robot_1,-0.289,-1.397
1789222772,879338681,147.272,robot_1,-0.221,-1.421
1789222773,84101555,147.477,robot_1,-0.179,-1.436
1789222773,284510575,147.677,robot_1,-0.116,-1.458
1789222773,523688703,147.916,robot_1,-0.060,-1.479
1789222773,740917320,148.134,robot_1,0.005,-1.502
1789222773,942147051,148.335,robot_1,0.059,-1.521
1789222774,152327239,148.545,robot_1,0.104,-1.537
1789222774,360340290,148.753,robot_1,0.161,-1.557
1789222774,567225933,148.960,robot_1,0.212,-1.575
1789222774,776038946,149.169,robot_1,0.268,-1.595
1789222774,992980271,149.386,robot_1,0.330,-1.617
1789222775,213588871,149.606,robot_1,0.381,-1.635
1789222775,446833124,149.840,robot_1,0.443,-1.657
1789222775,664761399,150.058,robot_1,0.503,-1.678
1789222775,869609736,150.262,robot_1,0.556,-1.698
1789222776,82101532,150.475,robot_1,0.613,-1.718
1789222776,296211016,150.689,robot_1,0.661,-1.735
1789222776,525662486,150.918,robot_1,0.726,-1.758
1789222776,736782289,151.130,robot_1,0.780,-1.777
1789222776,963492439,151.356,robot_1,0.859,-1.805
1789222777,169190735,151.562,robot_1,0.907,-1.822
1789222777,398101674,151.791,robot_1,0.969,-1.844
1789222777,614280303,152.007,robot_1,1.031,-1.866
1789222777,816045521,152.209,robot_1,1.077,-1.882
1789222778,19066501,152.412,robot_1,1.136,-1.903
1789222778,238537052,152.631,robot_1,1.198,-1.925
1789222778,449353505,152.842,robot_1,1.249,-1.944
1789222778,669278071,153.062,robot_1,1.320,-1.969
1789222778,883025054,153.276,robot_1,1.362,-1.984
1789222779,110035701,153.503,robot_1,1.436,-2.010
1789222779,311648134,153.704,robot_1,1.495,-2.031
1789222779,523778284,153.917,robot_1,1.566,-2.056
1789222779,754961974,154.148,robot_1,1.625,-2.077
1789222779,977938051,154.371,robot_1,1.690,-2.100
1789222780,205126814,154.598,robot_1,1.752,-2.122
1789222780,430122046,154.823,robot_1,1.814,-2.144
1789222780,641147816,155.034,robot_1,1.879,-2.168
1789222780,851283788,155.244,robot_1,1.933,-2.187
1789222781,57961713,155.451,robot_1,2.001,-2.211
1789222781,263930715,155.657,robot_1,2.055,-2.230
1789222781,478605071,155.871,robot_1,2.117,-2.252
1789222781,706510057,156.099,robot_1,2.130,-2.257
1789222781,914126599,156.307,robot_1,2.130,-2.257
1789222782,132553519,156.525,robot_1,2.130,-2.257
1789222782,349834410,156.743,robot_1,2.130,-2.257
1789222782,576434809,156.969,robot_1,2.130,-2.258
1789222782,800655910,157.193,robot_1,2.130,-2.258
1789222783,5583854,157.398,robot_1,2.131,-2.258
1789222783,211169301,157.604,robot_1,2.131,-2.258
1789222783,425660579,157.818,robot_1,2.131,-2.258
1789222783,635542006,158.028,robot_1,2.131,-2.258
1789222783,836873848,158.230,robot_1,2.132,-2.258
1789222784,47215456,158.440,robot_1,2.132,-2.258
1789222784,252626898,158.645,robot_1,2.132,-2.258
1789222784,452974615,158.846,robot_1,2.132,-2.258
1789222784,665924740,159.059,robot_1,2.133,-2.258
1789222784,888321727,159.281,robot_1,2.133,-2.258
1789222785,116669178,159.509,robot_1,2.133,-2.258
1789222785,340297368,159.733,robot_1,2.130,-2.256
1789222785,562344515,159.955,robot_1,2.088,-2.238
1789222785,788740365,160.182,robot_1,2.030,-2.214
1789222785,991254707,160.384,robot_1,1.985,-2.196
1789222786,219514997,160.612,robot_1,1.921,-2.169
1789222786,427986184,160.821,robot_1,1.869,-2.147
1789222786,652107063,161.045,robot_1,1.833,-2.132
1789222786,858544722,161.251,robot_1,1.777,-2.109
1789222787,84635797,161.477,robot_1,1.716,-2.084
1789222787,318253685,161.711,robot_1,1.675,-2.067
1789222787,529820416,161.923,robot_1,1.617,-2.043
1789222787,768074948,162.161,robot_1,1.559,-2.019
1789222787,977205490,162.370,robot_1,1.506,-1.997
1789222788,191255787,162.584,robot_1,1.453,-1.975
1789222788,397967364,162.791,robot_1,1.403,-1.954
1789222788,598949365,162.992,robot_1,1.356,-1.935
1789222788,829651894,163.222,robot_1,1.301,-1.912
1789222789,54390897,163.447,robot_1,1.240,-1.886
1789222789,260962069,163.654,robot_1,1.216,-1.876
1789222789,463782084,163.857,robot_1,1.216,-1.876
1789222789,670466517,164.063,robot_1,1.216,-1.876
1789222789,895652971,164.288,robot_1,1.216,-1.876
1789222790,135932169,164.529,robot_1,1.216,-1.876
1789222790,350992457,164.744,robot_1,1.216,-1.875
1789222790,551199829,164.944,robot_1,1.216,-1.875
1789222790,757399729,165.150,robot_1,1.215,-1.875
1789222790,961842139,165.355,robot_1,1.215,-1.875
1789222791,165149206,165.558,robot_1,1.215,-1.874
1789222791,375706757,165.768,robot_1,1.215,-1.874
1789222791,582488148,165.975,robot_1,1.214,-1.874
1789222791,815389020,166.208,robot_1,1.214,-1.874
1789222792,40431161,166.433,robot_1,1.214,-1.874
1789222792,242045115,166.635,robot_1,1.214,-1.875
1789222792,464872337,166.858,robot_1,1.213,-1.875
1789222792,680218762,167.073,robot_1,1.213,-1.875
1789222792,886171037,167.279,robot_1,1.213,-1.875
1789222793,90066969,167.483,robot_1,1.213,-1.875
1789222793,306297868,167.699,robot_1,1.252,-1.895
1789222793,526105026,167.919,robot_1,1.322,-1.929
1789222793,729948675,168.123,robot_1,1.376,-1.955
1789222793,947466438,168.340,robot_1,1.432,-1.983
1789222794,196344884,168.589,robot_1,1.494,-2.013
1789222794,408089391,168.801,robot_1,1.562,-2.046
1789222794,631813826,169.025,robot_1,1.621,-2.076
1789222794,834603705,169.227,robot_1,1.669,-2.099
1789222795,73751912,169.466,robot_1,1.739,-2.134
1789222795,274400882,169.667,robot_1,1.785,-2.156
1789222795,474835387,169.868,robot_1,1.844,-2.185
1789222795,680706699,170.073,robot_1,1.904,-2.214
1789222795,893879066,170.287,robot_1,1.955,-2.239
1789222796,128615652,170.521,robot_1,2.006,-2.264
1789222796,334022261,170.727,robot_1,2.071,-2.296
1789222796,547017971,170.940,robot_1,2.086,-2.303
1789222796,760865300,171.154,robot_1,2.086,-2.303
1789222796,963625556,171.356,robot_1,2.086,-2.303
1789222797,163730819,171.556,robot_1,2.086,-2.303
1789222797,365718747,171.758,robot_1,2.086,-2.303
1789222797,576055837,171.969,robot_1,2.086,-2.304
1789222797,810396993,172.203,robot_1,2.086,-2.304
1789222798,10914629,172.404,robot_1,2.086,-2.304
1789222798,217833206,172.611,robot_1,2.086,-2.305
1789222798,445453952,172.838,robot_1,2.086,-2.305
1789222798,660454274,173.053,robot_1,2.087,-2.305
1789222798,877848979,173.271,robot_1,2.087,-2.305
1789222799,89174417,173.482,robot_1,2.087,-2.305
1789222799,296747536,173.689,robot_1,2.087,-2.306
1789222799,513599311,173.906,robot_1,2.088,-2.306
1789222799,715128044,174.108,robot_1,2.088,-2.305
1789222799,922768863,174.316,robot_1,2.088,-2.305
1789222800,137259193,174.530,robot_1,2.089,-2.305
1789222800,352713584,174.745,robot_1,2.089,-2.305
1789222800,562991864,174.956,robot_1,2.055,-2.269
1789222800,768242240,175.161,robot_1,2.016,-2.228
1789222800,997355119,175.390,robot_1,1.974,-2.185
1789222801,205404703,175.598,robot_1,1.933,-2.141
1789222801,432631101,175.825,robot_1,1.879,-2.085
1789222801,654175171,176.047,robot_1,1.839,-2.043
1789222801,878446654,176.271,robot_1,1.798,-2.000
1789222802,85084877,176.478,robot_1,1.757,-1.957
1789222802,287244025,176.680,robot_1,1.726,-1.924
1789222802,501347451,176.894,robot_1,1.682,-1.879
1789222802,707098105,177.100,robot_1,1.643,-1.837
1789222802,927328649,177.320,robot_1,1.599,-1.792
1789222803,136973236,177.530,robot_1,1.562,-1.753
1789222803,341437627,177.734,robot_1,1.521,-1.709
1789222803,555253075,177.948,robot_1,1.487,-1.675
1789222803,774838024,178.168,robot_1,1.446,-1.631
1789222803,986487311,178.379,robot_1,1.400,-1.583
1789222804,234458865,178.627,robot_1,1.351,-1.531
1789222804,449524677,178.842,robot_1,1.293,-1.470
1789222804,668557987,179.072,robot_1,1.253,-1.429
1789222804,878835698,179.272,robot_1,1.254,-1.431
1789222805,74635879,179.467,robot_1,1.284,-1.466
1789222805,276725252,179.669,robot_1,1.304,-1.490
1789222805,502465651,179.895,robot_1,1.318,-1.507
1789222805,728977356,180.122,robot_1,1.318,-1.507
1789222805,938036530,180.331,robot_1,1.318,-1.506
1789222806,143065470,180.536,robot_1,1.318,-1.506
1789222806,344506787,180.737,robot_1,1.318,-1.506
1789222806,557138126,180.950,robot_1,1.318,-1.505
1789222806,788327481,181.181,robot_1,1.318,-1.505
1789222806,998082971,181.391,robot_1,1.318,-1.505
1789222807,230781985,181.624,robot_1,1.318,-1.505
1789222807,441692224,181.834,robot_1,1.318,-1.504
1789222807,671387165,182.064,robot_1,1.317,-1.504
1789222807,892833108,182.286,robot_1,1.317,-1.504
1789222808,101515369,182.494,robot_1,1.317,-1.504
1789222808,333435193,182.726,robot_1,1.316,-1.504
1789222808,535397366,182.928,robot_1,1.316,-1.504
1789222808,762485748,183.155,robot_1,1.316,-1.504
1789222808,970523319,183.363,robot_1,1.316,-1.504
1789222809,193006366,183.586,robot_1,1.348,-1.545
1789222809,417935236,183.811,robot_1,1.386,-1.591
1789222809,622257086,184.015,robot_1,1.430,-1.644
1789222809,841382710,184.234,robot_1,1.468,-1.690
1789222810,59886133,184.453,robot_1,1.508,-1.739
1789222810,265521962,184.658,robot_1,1.549,-1.788
1789222810,473222891,184.866,robot_1,1.585,-1.832
1789222810,702617323,185.095,robot_1,1.625,-1.880
1789222810,914707318,185.307,robot_1,1.671,-1.936
1789222811,139259307,185.532,robot_1,1.711,-1.984
1789222811,343047250,185.736,robot_1,1.742,-2.021
1789222811,549352393,185.942,robot_1,1.782,-2.070
1789222811,768960298,186.162,robot_1,1.835,-2.135
1789222811,992273032,186.385,robot_1,1.870,-2.176
1789222812,213504413,186.606,robot_1,1.919,-2.236
1789222812,426350106,186.819,robot_1,1.961,-2.287
1789222812,639407257,187.032,robot_1,2.013,-2.350
1789222812,840838131,187.242,robot_1,2.051,-2.396
1789222813,55548903,187.448,robot_1,2.083,-2.434
1789222813,284994230,187.678,robot_1,2.083,-2.435
1789222813,497376665,187.890,robot_1,2.083,-2.435
1789222813,723334353,188.116,robot_1,2.082,-2.435
1789222813,950334598,188.343,robot_1,2.082,-2.435
1789222814,153922089,188.547,robot_1,2.082,-2.436
1789222814,367616596,188.760,robot_1,2.082,-2.436
1789222814,578120549,188.971,robot_1,2.083,-2.436
1789222814,801803799,189.195,robot_1,2.083,-2.437
1789222815,32968857,189.426,robot_1,2.083,-2.437
1789222815,239000953,189.632,robot_1,2.083,-2.437
1789222815,455127986,189.848,robot_1,2.084,-2.437
1789222815,692336490,190.085,robot_1,2.084,-2.437
1789222815,900271091,190.293,robot_1,2.084,-2.437
1789222816,113305972,190.506,robot_1,2.085,-2.437
1789222816,341044815,190.734,robot_1,2.085,-2.437
1789222816,552728594,190.945,robot_1,2.084,-2.435
1789222816,778862943,191.172,robot_1,2.037,-2.381
1789222816,982552571,191.389,robot_1,2.002,-2.340
1789222817,187286516,191.580,robot_1,1.961,-2.292
1789222817,405725422,191.798,robot_1,1.916,-2.240
1789222817,608912146,192.002,robot_1,1.879,-2.196
1789222817,809497166,192.202,robot_1,1.836,-2.146
1789222818,12197022,192.405,robot_1,1.803,-2.108
1789222818,227317081,192.620,robot_1,1.768,-2.067
1789222818,441010944,192.834,robot_1,1.719,-2.010
1789222818,643162931,193.036,robot_1,1.686,-1.971
1789222818,844480914,193.237,robot_1,1.641,-1.919
1789222819,51166357,193.444,robot_1,1.606,-1.878
1789222819,284809942,193.678,robot_1,1.567,-1.832
1789222819,507080790,193.900,robot_1,1.522,-1.780
1789222819,709671289,194.102,robot_1,1.483,-1.734
1789222819,918825509,194.312,robot_1,1.434,-1.677
1789222820,131254553,194.524,robot_1,1.395,-1.632
1789222820,332224922,194.725,robot_1,1.352,-1.582
1789222820,553953581,194.947,robot_1,1.318,-1.543
1789222820,756781503,195.150,robot_1,1.302,-1.523
1789222820,971480209,195.364,robot_1,1.301,-1.523
1789222821,173200634,195.566,robot_1,1.301,-1.524
1789222821,386710567,195.779,robot_1,1.301,-1.523
1789222821,592340683,195.985,robot_1,1.301,-1.523
1789222821,812128204,196.205,robot_1,1.302,-1.523
1789222822,39154642,196.432,robot_1,1.302,-1.523
1789222822,244366395,196.637,robot_1,1.302,-1.522
1789222822,443102869,196.836,robot_1,1.302,-1.522
1789222822,667012486,197.060,robot_1,1.302,-1.522
1789222822,870267432,197.263,robot_1,1.302,-1.522
1789222823,85476680,197.478,robot_1,1.302,-1.521
1789222823,292149006,197.685,robot_1,1.301,-1.521
1789222823,539864147,197.933,robot_1,1.301,-1.521
1789222823,755045644,198.148,robot_1,1.301,-1.521
1789222823,964428974,198.357,robot_1,1.300,-1.521
1789222824,173695627,198.566,robot_1,1.300,-1.521
1789222824,407309410,198.800,robot_1,1.300,-1.521
1789222824,616509150,199.009,robot_1,1.300,-1.521
1789222824,827180760,199.220,robot_1,1.314,-1.565
1789222825,44994045,199.438,robot_1,1.335,-1.630
1789222825,267204482,199.660,robot_1,1.361,-1.710
1789222825,482904660,199.876,robot_1,1.381,-1.773
1789222825,697407364,200.090,robot_1,1.400,-1.830
1789222825,908426140,200.301,robot_1,1.421,-1.896
1789222826,121438049,200.514,robot_1,1.438,-1.950
1789222826,334714425,200.727,robot_1,1.461,-2.019
1789222826,544890304,200.938,robot_1,1.481,-2.081
1789222826,762949543,201.156,robot_1,1.500,-2.141
1789222827,3314131,201.396,robot_1,1.523,-2.213
1789222827,215239321,201.608,robot_1,1.545,-2.278
1789222827,438884431,201.832,robot_1,1.574,-2.370
1789222827,641268844,202.034,robot_1,1.593,-2.427
1789222827,847225881,202.240,robot_1,1.613,-2.489
1789222828,57280978,202.450,robot_1,1.631,-2.544
1789222828,267767689,202.661,robot_1,1.653,-2.612
1789222828,483107017,202.876,robot_1,1.671,-2.669
1789222828,687710006,203.080,robot_1,1.691,-2.729
1789222828,915160816,203.308,robot_1,1.709,-2.786
1789222829,128958459,203.522,robot_1,1.731,-2.855
1789222829,329324028,203.722,robot_1,1.754,-2.923
1789222829,545008376,203.938,robot_1,1.773,-2.983
1789222829,762750177,204.155,robot_1,1.795,-3.052
1789222829,967384169,204.360,robot_1,1.815,-3.112
1789222830,188258906,204.581,robot_1,1.836,-3.177
1789222830,394428745,204.787,robot_1,1.840,-3.191
1789222830,602991319,204.996,robot_1,1.840,-3.191
1789222830,825027297,205.218,robot_1,1.840,-3.191
1789222831,26468868,205.419,robot_1,1.840,-3.191
1789222831,227082373,205.620,robot_1,1.840,-3.191
1789222831,444752547,205.837,robot_1,1.839,-3.192
1789222831,646357808,206.039,robot_1,1.839,-3.192
1789222831,861798963,206.255,robot_1,1.839,-3.192
1789222832,70352769,206.463,robot_1,1.839,-3.193
1789222832,276048991,206.669,robot_1,1.839,-3.193
1789222832,492013753,206.885,robot_1,1.840,-3.193
1789222832,692740958,207.085,robot_1,1.840,-3.193
1789222832,918491294,207.311,robot_1,1.840,-3.193
1789222833,123505509,207.516,robot_1,1.840,-3.193
1789222833,352419735,207.745,robot_1,1.841,-3.194
1789222833,537781579,207.931,robot_1,1.841,-3.194
1789222833,748736001,208.141,robot_1,1.841,-3.194
1789222833,962336282,208.355,robot_1,1.841,-3.193
1789222834,182496941,208.575,robot_1,1.828,-3.134
1789222834,398952839,208.792,robot_1,1.815,-3.078
1789222834,625047120,209.018,robot_1,1.801,-3.017
1789222834,843917344,209.237,robot_1,1.786,-2.949
1789222835,56735381,209.449,robot_1,1.768,-2.873
1789222835,257635605,209.650,robot_1,1.751,-2.797
1789222835,471821430,209.865,robot_1,1.738,-2.739
1789222835,686428260,210.079,robot_1,1.724,-2.677
1789222835,911029339,210.304,robot_1,1.709,-2.613
1789222836,114236299,210.507,robot_1,1.694,-2.546
1789222836,324526738,210.717,robot_1,1.680,-2.484
1789222836,556829180,210.950,robot_1,1.664,-2.414
1789222836,792135511,211.185,robot_1,1.645,-2.332
1789222837,4193557,211.397,robot_1,1.631,-2.271
1789222837,224141851,211.617,robot_1,1.615,-2.201
1789222837,451812051,211.845,robot_1,1.601,-2.139
1789222837,652284915,212.045,robot_1,1.588,-2.084
1789222837,859194604,212.252,robot_1,1.574,-2.022
1789222838,66474106,212.459,robot_1,1.560,-1.958
1789222838,271341173,212.664,robot_1,1.548,-1.905
1789222838,485439749,212.878,robot_1,1.532,-1.835
1789222838,704940324,213.098,robot_1,1.517,-1.771
1789222838,916787606,213.310,robot_1,1.505,-1.718
1789222839,129786491,213.523,robot_1,1.492,-1.660
1789222839,343606549,213.736,robot_1,1.478,-1.601
1789222839,545908309,213.939,robot_1,1.463,-1.534
1789222839,765777582,214.159,robot_1,1.456,-1.506
1789222839,966554315,214.360,robot_1,1.456,-1.505
1789222840,176054199,214.569,robot_1,1.457,-1.505
1789222840,398142956,214.791,robot_1,1.457,-1.505
1789222840,623008128,215.016,robot_1,1.457,-1.505
1789222840,842850222,215.236,robot_1,1.457,-1.505
1789222841,43430716,215.436,robot_1,1.457,-1.504
1789222841,258909652,215.652,robot_1,1.457,-1.504
1789222841,469093482,215.862,robot_1,1.457,-1.504
1789222841,694778341,216.088,robot_1,1.457,-1.503
1789222841,904133587,216.297,robot_1,1.457,-1.503
1789222842,116597696,216.509,robot_1,1.457,-1.503
1789222842,343166633,216.736,robot_1,1.457,-1.503
1789222842,543312468,216.936,robot_1,1.456,-1.503
1789222842,746801527,217.140,robot_1,1.456,-1.502
1789222842,967264495,217.360,robot_1,1.456,-1.502
1789222843,174775185,217.568,robot_1,1.456,-1.502
1789222843,400143208,217.793,robot_1,1.455,-1.503
1789222843,612878413,218.006,robot_1,1.465,-1.548
1789222843,831277493,218.224,robot_1,1.480,-1.615
1789222844,47214082,218.440,robot_1,1.492,-1.671
1789222844,268987731,218.662,robot_1,1.510,-1.753
1789222844,475975543,218.869,robot_1,1.523,-1.811
1789222844,676893271,219.070,robot_1,1.536,-1.870
1789222844,887885779,219.281,robot_1,1.551,-1.937
1789222845,94597554,219.487,robot_1,1.565,-2.002
1789222845,327648587,219.720,robot_1,1.585,-2.090
1789222845,528942579,219.922,robot_1,1.598,-2.151
1789222845,731052175,220.124,robot_1,1.612,-2.213
1789222845,944907063,220.338,robot_1,1.624,-2.268
1789222846,155501226,220.548,robot_1,1.641,-2.341
1789222846,364290722,220.757,robot_1,1.652,-2.391
1789222846,576277010,220.969,robot_1,1.666,-2.459
1789222846,799085479,221.192,robot_1,1.683,-2.532
1789222847,4718517,221.397,robot_1,1.696,-2.593
1789222847,226750801,221.619,robot_1,1.714,-2.675
1789222847,431492658,221.824,robot_1,1.727,-2.731
1789222847,635546310,222.041,robot_1,1.740,-2.793
1789222847,843371564,222.236,robot_1,1.753,-2.851
1789222848,52414865,222.445,robot_1,1.769,-2.922
1789222848,290043109,222.683,robot_1,1.783,-2.986
1789222848,493316194,222.886,robot_1,1.795,-3.039
1789222848,706943220,223.100,robot_1,1.808,-3.097
1789222848,914196964,223.307,robot_1,1.817,-3.140
1789222849,133187703,223.526,robot_1,1.817,-3.140
1789222849,337164416,223.730,robot_1,1.817,-3.140
1789222849,562938233,223.956,robot_1,1.816,-3.141
1789222849,773895265,224.167,robot_1,1.816,-3.141
1789222850,3263323,224.396,robot_1,1.816,-3.141
1789222850,223961193,224.617,robot_1,1.816,-3.141
1789222850,441141070,224.834,robot_1,1.816,-3.142
1789222850,677734937,225.070,robot_1,1.816,-3.142
1789222850,894319077,225.287,robot_1,1.816,-3.142
1789222851,112799022,225.506,robot_1,1.816,-3.143
1789222851,331397353,225.724,robot_1,1.817,-3.143
1789222851,553586858,225.946,robot_1,1.817,-3.143
1789222851,757858733,226.151,robot_1,1.817,-3.143
1789222851,980854173,226.374,robot_1,1.817,-3.143
1789222852,183419096,226.576,robot_1,1.818,-3.143
1789222852,414067834,226.807,robot_1,1.818,-3.143
1789222852,619525514,227.012,robot_1,1.811,-3.106
1789222852,842902602,227.236,robot_1,1.797,-3.030
1789222853,59437396,227.452,robot_1,1.787,-2.974
1789222853,271783885,227.665,robot_1,1.774,-2.906
1789222853,484729829,227.877,robot_1,1.762,-2.838
1789222853,695348982,228.088,robot_1,1.750,-2.776
1789222853,917812704,228.311,robot_1,1.738,-2.711
1789222854,137301694,228.530,robot_1,1.725,-2.637
1789222854,358186908,228.751,robot_1,1.710,-2.558
1789222854,588286143,228.986,robot_1,1.702,-2.510
1789222854,809049991,229.202,robot_1,1.688,-2.437
1789222855,38789538,229.432,robot_1,1.676,-2.372
1789222855,243711826,229.636,robot_1,1.663,-2.304
1789222855,446565026,229.839,robot_1,1.651,-2.236
1789222855,654556381,230.047,robot_1,1.643,-2.192
1789222855,857449128,230.250,robot_1,1.630,-2.121
1789222856,83918938,230.477,robot_1,1.617,-2.050
1789222856,288725727,230.681,robot_1,1.604,-1.982
1789222856,491064389,230.884,robot_1,1.599,-1.956
1789222856,713622680,231.106,robot_1,1.590,-1.903
1789222856,920292351,231.313,robot_1,1.575,-1.823
1789222857,123751212,231.516,robot_1,1.566,-1.776
1789222857,330125816,231.723,robot_1,1.553,-1.702
1789222857,533429960,231.926,robot_1,1.542,-1.646
1789222857,742414668,232.135,robot_1,1.531,-1.584
1789222857,966633770,232.359,robot_1,1.526,-1.555
1789222858,180677653,232.573,robot_1,1.525,-1.555
1789222858,413520030,232.806,robot_1,1.525,-1.555
1789222858,644052331,233.037,robot_1,1.525,-1.555
1789222858,849280321,233.242,robot_1,1.525,-1.555
1789222859,64058499,233.457,robot_1,1.526,-1.555
1789222859,285959205,233.679,robot_1,1.526,-1.555
1789222859,512443470,233.905,robot_1,1.526,-1.555
1789222859,713137080,234.106,robot_1,1.526,-1.555
1789222859,927823904,234.321,robot_1,1.526,-1.554
1789222860,135284491,234.528,robot_1,1.527,-1.554
1789222860,340496054,234.733,robot_1,1.527,-1.554
1789222860,562656801,234.955,robot_1,1.526,-1.554
1789222860,766674743,235.159,robot_1,1.526,-1.553
1789222860,975713451,235.368,robot_1,1.526,-1.553
1789222861,197499533,235.590,robot_1,1.526,-1.553
1789222861,412735285,235.805,robot_1,1.526,-1.553
1789222861,631110899,236.024,robot_1,1.526,-1.552
1789222861,831164895,236.224,robot_1,1.525,-1.552
1789222862,75545533,236.475,robot_1,1.519,-1.574
1789222862,282636024,236.675,robot_1,1.495,-1.661
1789222862,510353216,236.903,robot_1,1.475,-1.736
1789222862,727254222,237.120,robot_1,1.460,-1.791
1789222862,939214579,237.332,robot_1,1.443,-1.854
1789222863,154862476,237.548,robot_1,1.428,-1.907
1789222863,364436505,237.757,robot_1,1.409,-1.976
1789222863,571673114,237.964,robot_1,1.394,-2.031
1789222863,806489983,238.199,robot_1,1.379,-2.089
1789222864,14609211,238.407,robot_1,1.360,-2.158
1789222864,237323525,238.630,robot_1,1.344,-2.216
1789222864,447986106,238.841,robot_1,1.325,-2.286
1789222864,723050740,239.116,robot_1,1.311,-2.338
1789222864,930618475,239.323,robot_1,1.293,-2.402
1789222865,140244368,239.533,robot_1,1.278,-2.459
1789222865,362740044,239.756,robot_1,1.260,-2.523
1789222865,567102999,239.960,robot_1,1.241,-2.593
1789222865,777491649,240.170,robot_1,1.226,-2.650
1789222865,988516351,240.381,robot_1,1.204,-2.729
1789222866,203009725,240.596,robot_1,1.192,-2.775
1789222866,414328894,240.807,robot_1,1.171,-2.850
1789222866,624681471,241.017,robot_1,1.157,-2.902
1789222866,830555608,241.223,robot_1,1.140,-2.963
1789222867,44337810,241.437,robot_1,1.125,-3.021
1789222867,259820781,241.653,robot_1,1.110,-3.076
1789222867,453989683,241.847,robot_1,1.093,-3.137
1789222867,668479821,242.061,robot_1,1.086,-3.162
1789222867,889505491,242.282,robot_1,1.086,-3.162
1789222868,93717222,242.486,robot_1,1.086,-3.162
1789222868,302732866,242.696,robot_1,1.085,-3.162
1789222868,529187767,242.922,robot_1,1.085,-3.162
1789222868,731923928,243.125,robot_1,1.085,-3.162
1789222868,954926619,243.348,robot_1,1.085,-3.162
1789222869,161324815,243.554,robot_1,1.085,-3.163
1789222869,383919632,243.777,robot_1,1.084,-3.163
1789222869,612628747,244.005,robot_1,1.084,-3.163
1789222869,821626237,244.214,robot_1,1.084,-3.164
1789222870,22429057,244.415,robot_1,1.084,-3.164
1789222870,229174888,244.622,robot_1,1.085,-3.164
1789222870,436228685,244.829,robot_1,1.085,-3.164
1789222870,661573874,245.054,robot_1,1.085,-3.165
1789222870,873203607,245.266,robot_1,1.085,-3.165
1789222871,89384211,245.482,robot_1,1.085,-3.165
1789222871,315721239,245.708,robot_1,1.088,-3.158
1789222871,517494701,245.910,robot_1,1.108,-3.095
1789222871,730547227,246.123,robot_1,1.122,-3.052
1789222871,950981567,246.344,robot_1,1.142,-2.989
1789222872,171654162,246.564,robot_1,1.164,-2.921
1789222872,380275609,246.773,robot_1,1.179,-2.875
1789222872,602789755,246.996,robot_1,1.201,-2.806
1789222872,833453596,247.226,robot_1,1.216,-2.758
1789222873,51291537,247.444,robot_1,1.242,-2.678
1789222873,260436833,247.653,robot_1,1.258,-2.626
1789222873,480101492,247.873,robot_1,1.279,-2.561
1789222873,682560569,248.091,robot_1,1.298,-2.504
1789222873,901945068,248.295,robot_1,1.313,-2.455
1789222874,101575949,248.494,robot_1,1.332,-2.395
1789222874,312366785,248.705,robot_1,1.352,-2.332
1789222874,534934787,248.928,robot_1,1.372,-2.272
1789222874,737369521,249.130,robot_1,1.390,-2.215
1789222874,953639121,249.346,robot_1,1.410,-2.152
1789222875,157328844,249.550,robot_1,1.434,-2.078
1789222875,401983086,249.795,robot_1,1.453,-2.018
1789222875,603085951,249.996,robot_1,1.482,-1.927
1789222875,815165409,250.208,robot_1,1.503,-1.864
1789222876,33673654,250.426,robot_1,1.526,-1.789
1789222876,237872326,250.631,robot_1,1.545,-1.732
1789222876,454632855,250.847,robot_1,1.568,-1.661
1789222876,665326821,251.058,robot_1,1.588,-1.598
1789222876,892799846,251.289,robot_1,1.608,-1.535
1789222877,111353456,251.504,robot_1,1.627,-1.475
1789222877,328788861,251.722,robot_1,1.647,-1.412
1789222877,530743384,251.923,robot_1,1.667,-1.349
1789222877,736966739,252.130,robot_1,1.686,-1.292
1789222877,946847304,252.340,robot_1,1.705,-1.232
1789222878,167882813,252.561,robot_1,1.720,-1.184
1789222878,388410445,252.781,robot_1,1.742,-1.115
1789222878,591862433,252.985,robot_1,1.761,-1.058
1789222878,801519883,253.194,robot_1,1.779,-1.001
1789222879,17185291,253.410,robot_1,1.799,-0.938
1789222879,223356827,253.616,robot_1,1.815,-0.889
1789222879,438543664,253.831,robot_1,1.834,-0.829
1789222879,643912798,254.037,robot_1,1.853,-0.769
1789222879,849697837,254.242,robot_1,1.870,-0.718
1789222880,57800762,254.451,robot_1,1.890,-0.655
1789222880,283172948,254.676,robot_1,1.905,-0.607
1789222880,496415685,254.889,robot_1,1.925,-0.544
1789222880,708011542,255.101,robot_1,1.945,-0.484
1789222880,912210548,255.305,robot_1,1.964,-0.424
1789222881,139626115,255.532,robot_1,1.986,-0.355
1789222881,354112289,255.747,robot_1,2.006,-0.292
1789222881,564494131,255.957,robot_1,2.029,-0.221
1789222881,795361349,256.188,robot_1,2.047,-0.164
1789222881,997882384,256.391,robot_1,2.070,-0.092
1789222882,209725969,256.602,robot_1,2.088,-0.035
1789222882,418045859,256.811,robot_1,2.112,0.039
1789222882,632696917,257.025,robot_1,2.128,0.088
1789222882,833344463,257.226,robot_1,2.140,0.127
1789222883,48438705,257.441,robot_1,2.140,0.127
1789222883,252079481,257.645,robot_1,2.140,0.127
1789222883,458582164,257.851,robot_1,2.141,0.127
1789222883,683304685,258.076,robot_1,2.141,0.127
1789222883,885664592,258.278,robot_1,2.141,0.127
1789222884,97120223,258.490,robot_1,2.141,0.127
1789222884,297223107,258.690,robot_1,2.142,0.127
1789222884,510936614,258.904,robot_1,2.142,0.128
1789222884,703398360,259.096,robot_1,2.142,0.128
1789222884,908171879,259.301,robot_1,2.142,0.128
1789222885,126714119,259.519,robot_1,2.142,0.128
1789222885,327057291,259.720,robot_1,2.142,0.129
1789222885,540779844,259.934,robot_1,2.142,0.129
1789222885,747085196,260.140,robot_1,2.142,0.129
1789222885,972871418,260.366,robot_1,2.141,0.129
1789222886,191290307,260.584,robot_1,2.141,0.130
1789222886,397314504,260.790,robot_1,2.141,0.130
1789222886,627639045,261.020,robot_1,2.130,0.101
1789222886,835663442,261.228,robot_1,2.107,0.042
1789222887,64826524,261.458,robot_1,2.083,-0.023
1789222887,274129627,261.667,robot_1,2.064,-0.073
1789222887,499447084,261.892,robot_1,2.039,-0.138
1789222887,740552758,262.133,robot_1,2.016,-0.200
1789222887,960378389,262.353,robot_1,1.988,-0.273
1789222888,179185948,262.572,robot_1,1.963,-0.337
1789222888,382372372,262.775,robot_1,1.943,-0.390
1789222888,605827218,262.999,robot_1,1.918,-0.458
1789222888,813586368,263.206,robot_1,1.895,-0.517
1789222889,15874253,263.409,robot_1,1.869,-0.587
1789222889,246552104,263.647,robot_1,1.843,-0.654
1789222889,465457376,263.858,robot_1,1.815,-0.727
1789222889,677414342,264.070,robot_1,1.790,-0.794
1789222889,886053853,264.279,robot_1,1.770,-0.847
1789222890,90072316,264.483,robot_1,1.748,-0.904
1789222890,312114249,264.705,robot_1,1.724,-0.968
1789222890,521196992,264.914,robot_1,1.697,-1.038
1789222890,737912752,265.134,robot_1,1.667,-1.117
1789222890,945330609,265.338,robot_1,1.644,-1.178
1789222891,177620522,265.570,robot_1,1.619,-1.246
1789222891,379669833,265.772,robot_1,1.597,-1.302
1789222891,603514196,265.996,robot_1,1.577,-1.355
1789222891,806437731,266.199,robot_1,1.551,-1.422
1789222892,36208321,266.429,robot_1,1.529,-1.481
1789222892,243252489,266.636,robot_1,1.507,-1.540
1789222892,456458565,266.849,robot_1,1.484,-1.599
1789222892,663001729,267.056,robot_1,1.462,-1.658
1789222892,910379919,267.303,robot_1,1.428,-1.748
1789222893,115546418,267.508,robot_1,1.407,-1.804
1789222893,337008368,267.730,robot_1,1.383,-1.866
1789222893,567970592,267.961,robot_1,1.364,-1.916
1789222893,784371368,268.180,robot_1,1.337,-1.986
1789222894,10305436,268.403,robot_1,1.315,-2.045
1789222894,220864963,268.614,robot_1,1.293,-2.104
1789222894,426665591,268.819,robot_1,1.268,-2.169
1789222894,679774700,269.073,robot_1,1.254,-2.205
1789222894,899381553,269.292,robot_1,1.228,-2.275
1789222895,118143868,269.511,robot_1,1.207,-2.331
1789222895,331430057,269.724,robot_1,1.183,-2.393
1789222895,536381983,269.929,robot_1,1.160,-2.455
1789222895,751626656,270.144,robot_1,1.139,-2.508
1789222895,956310775,270.349,robot_1,1.114,-2.575
1789222896,157965823,270.551,robot_1,1.094,-2.629
1789222896,368301714,270.761,robot_1,1.070,-2.690
1789222896,576079967,270.969,robot_1,1.049,-2.746
1789222896,804541894,271.197,robot_1,1.022,-2.816
1789222897,11218871,271.404,robot_1,1.001,-2.873
1789222897,221175528,271.614,robot_1,0.978,-2.934
1789222897,433037325,271.826,robot_1,0.955,-2.993
1789222897,660998320,272.054,robot_1,0.932,-3.054
1789222897,880625712,272.273,robot_1,0.928,-3.065
1789222898,109537740,272.502,robot_1,0.928,-3.065
1789222898,312704321,272.705,robot_1,0.927,-3.065
1789222898,516684000,272.909,robot_1,0.927,-3.065
1789222898,728700168,273.121,robot_1,0.927,-3.065
1789222898,966351356,273.359,robot_1,0.926,-3.065
1789222899,186160370,273.579,robot_1,0.926,-3.066
1789222899,392978842,273.786,robot_1,0.926,-3.066
1789222899,611750802,274.005,robot_1,0.926,-3.066
1789222899,820009322,274.213,robot_1,0.926,-3.067
1789222900,21890788,274.415,robot_1,0.926,-3.067
1789222900,243834088,274.637,robot_1,0.926,-3.067
1789222900,455899245,274.849,robot_1,0.926,-3.067
1789222900,675320348,275.068,robot_1,0.926,-3.068
1789222900,910742134,275.304,robot_1,0.927,-3.068
1789222901,122444593,275.515,robot_1,0.927,-3.068
1789222901,325496872,275.718,robot_1,0.927,-3.068
1789222901,537247538,275.930,robot_1,0.937,-3.042
1789222901,758546270,276.151,robot_1,0.962,-2.977
1789222901,962836745,276.356,robot_1,0.981,-2.927
1789222902,166397982,276.559,robot_1,1.001,-2.873
1789222902,381739030,276.774,robot_1,1.024,-2.812
1789222902,587577322,276.980,robot_1,1.038,-2.775
1789222902,792632972,277.185,robot_1,1.069,-2.694
1789222903,36549229,277.434,robot_1,1.090,-2.638
1789222903,241167981,277.634,robot_1,1.115,-2.570
1789222903,447237871,277.840,robot_1,1.140,-2.506
1789222903,654224293,278.047,robot_1,1.158,-2.458
1789222903,865089226,278.258,robot_1,1.179,-2.402
1789222904,76288619,278.469,robot_1,1.199,-2.349
1789222904,298498644,278.691,robot_1,1.227,-2.276
1789222904,522594911,278.915,robot_1,1.249,-2.217
1789222904,740654813,279.133,robot_1,1.276,-2.144
1789222904,942064938,279.335,robot_1,1.301,-2.079
1789222905,156324350,279.549,robot_1,1.326,-2.012
1789222905,367497049,279.760,robot_1,1.348,-1.953
1789222905,572154302,279.965,robot_1,1.369,-1.899
1789222905,784720217,280.177,robot_1,1.393,-1.835
1789222905,996127620,280.389,robot_1,1.412,-1.784
1789222906,212146421,280.605,robot_1,1.436,-1.720
1789222906,416776322,280.810,robot_1,1.457,-1.664
1789222906,626126026,281.019,robot_1,1.478,-1.610
1789222906,845083818,281.238,robot_1,1.500,-1.551
1789222907,51043731,281.444,robot_1,1.526,-1.481
1789222907,261581230,281.654,robot_1,1.552,-1.414
1789222907,462586690,281.855,robot_1,1.572,-1.361
1789222907,683298823,282.076,robot_1,1.598,-1.290
1789222907,896820518,282.290,robot_1,1.620,-1.234
1789222908,125567479,282.518,robot_1,1.642,-1.175
1789222908,327115503,282.720,robot_1,1.664,-1.116
1789222908,554881861,282.948,robot_1,1.687,-1.055
1789222908,769934065,283.163,robot_1,1.710,-0.996
1789222909,9951940,283.403,robot_1,1.736,-0.926
1789222909,225550020,283.619,robot_1,1.762,-0.858
1789222909,441256299,283.834,robot_1,1.783,-0.802
1789222909,651858557,284.045,robot_1,1.810,-0.729
1789222909,891173923,284.284,robot_1,1.836,-0.662
1789222910,100337033,284.493,robot_1,1.857,-0.606
1789222910,328933491,284.722,robot_1,1.883,-0.535
1789222910,536227135,284.929,robot_1,1.907,-0.474
1789222910,758063873,285.151,robot_1,1.935,-0.398
1789222910,970888250,285.364,robot_1,1.961,-0.331
1789222911,189671570,285.582,robot_1,1.983,-0.272
1789222911,403156411,285.796,robot_1,2.007,-0.207
1789222911,605054500,285.998,robot_1,2.027,-0.154
1789222911,815839757,286.209,robot_1,2.046,-0.103
1789222912,17081848,286.410,robot_1,2.070,-0.041
1789222912,217372567,286.610,robot_1,2.091,0.015
1789222912,425720762,286.818,robot_1,2.110,0.065
1789222912,641399958,287.034,robot_1,2.129,0.115
1789222912,845332587,287.238,robot_1,2.129,0.115
1789222913,69143080,287.462,robot_1,2.129,0.115
1789222913,285204456,287.678,robot_1,2.129,0.115
1789222913,493760892,287.887,robot_1,2.130,0.115
1789222913,708682372,288.101,robot_1,2.130,0.115
1789222913,912161058,288.305,robot_1,2.130,0.115
1789222914,132786900,288.526,robot_1,2.130,0.115
1789222914,352325249,288.745,robot_1,2.131,0.116
1789222914,562562468,288.964,robot_1,2.131,0.116
1789222914,771365413,289.164,robot_1,2.131,0.116
1789222914,998824199,289.392,robot_1,2.131,0.116
1789222915,235252311,289.628,robot_1,2.131,0.117
1789222915,442340699,289.835,robot_1,2.131,0.117
1789222915,660981384,290.054,robot_1,2.130,0.117
1789222915,866368517,290.259,robot_1,2.130,0.118
1789222916,82288779,290.475,robot_1,2.130,0.118
1789222916,293063576,290.686,robot_1,2.130,0.118
1789222916,499202033,290.892,robot_1,2.126,0.108
1789222916,703201546,291.096,robot_1,2.112,0.053
1789222916,905176334,291.298,robot_1,2.097,-0.005
1789222917,139301006,291.532,robot_1,2.080,-0.066
1789222917,363052993,291.756,robot_1,2.061,-0.141
1789222917,565053158,291.958,robot_1,2.045,-0.199
1789222917,767222130,292.160,robot_1,2.028,-0.266
1789222917,984769150,292.378,robot_1,2.013,-0.321
1789222918,197330295,292.590,robot_1,1.998,-0.379
1789222918,428647772,292.821,robot_1,1.983,-0.434
1789222918,618260771,293.011,robot_1,1.968,-0.492
1789222918,836771061,293.240,robot_1,1.949,-0.564
1789222919,57464846,293.450,robot_1,1.933,-0.622
1789222919,272482194,293.665,robot_1,1.916,-0.689
1789222919,483248675,293.876,robot_1,1.902,-0.741
1789222919,690927360,294.084,robot_1,1.884,-0.808
1789222919,917554321,294.310,robot_1,1.869,-0.866
1789222920,110464940,294.509,robot_1,1.853,-0.927
1789222920,316667992,294.709,robot_1,1.838,-0.982
1789222920,539803942,294.933,robot_1,1.826,-1.029
1789222920,756157982,295.149,robot_1,1.804,-1.113
1789222920,981266928,295.374,robot_1,1.788,-1.174
1789222921,191450252,295.584,robot_1,1.771,-1.237
1789222921,425123360,295.818,robot_1,1.754,-1.301
1789222921,647771454,296.041,robot_1,1.734,-1.377
1789222921,860390775,296.263,robot_1,1.716,-1.443
1789222922,64755184,296.457,robot_1,1.703,-1.493
1789222922,272490258,296.665,robot_1,1.683,-1.571
1789222922,481318702,296.874,robot_1,1.670,-1.620
1789222922,703789382,297.097,robot_1,1.653,-1.684
1789222922,916097776,297.309,robot_1,1.635,-1.751
1789222923,136033829,297.529,robot_1,1.619,-1.812
1789222923,343297031,297.736,robot_1,1.601,-1.878
1789222923,559383990,297.952,robot_1,1.588,-1.931
1789222923,759864799,298.153,robot_1,1.568,-2.003
1789222923,990327293,298.383,robot_1,1.552,-2.064
1789222924,193775009,298.587,robot_1,1.532,-2.139
1789222924,404216083,298.797,robot_1,1.519,-2.189
1789222924,610013869,299.003,robot_1,1.500,-2.261
1789222924,814603270,299.207,robot_1,1.484,-2.322
1789222925,29224904,299.422,robot_1,1.469,-2.380
1789222925,259139377,299.652,robot_1,1.448,-2.458
1789222925,489216485,299.882,robot_1,1.431,-2.522
1789222925,705298374,300.098,robot_1,1.410,-2.603
1789222925,910286822,300.303,robot_1,1.394,-2.664
