elapsed_s,robot,selected_event,uncontrollable_events,raw_zone
0.282,robot_2,EV_move_forward,EV_path_clear,CLEAR
0.511,robot_2,EV_move_forward,EV_path_clear|EV_recieve_drop_zone_red,CLEAR
0.797,robot_2,EV_drop_zone_blue,EV_path_clear,CLEAR
0.894,robot_2,EV_move_forward,EV_path_clear,CLEAR
1.194,robot_2,EV_search_object,EV_path_clear,CLEAR
1.301,robot_2,EV_move_forward,EV_path_clear,CLEAR
1.594,robot_2,EV_move_forward,EV_path_clear,CLEAR
1.894,robot_2,EV_move_forward,EV_path_clear,CLEAR
2.194,robot_2,EV_search_object,EV_path_clear,CLEAR
2.394,robot_2,EV_move_forward,EV_path_clear,CLEAR
2.694,robot_2,EV_move_forward,EV_path_clear,CLEAR
2.994,robot_2,EV_move_forward,EV_path_clear,CLEAR
3.294,robot_2,EV_move_forward,EV_path_clear,CLEAR
3.595,robot_2,EV_move_forward,EV_path_clear,CLEAR
3.798,robot_2,EV_search_object,EV_path_clear,CLEAR
4.015,robot_2,EV_move_forward,EV_object_not_visible|EV_path_clear,CLEAR
4.316,robot_2,EV_move_forward,EV_path_clear,CLEAR
4.623,robot_2,EV_search_object,EV_path_clear,CLEAR
4.795,robot_2,EV_search_object,EV_path_clear,CLEAR
5.000,robot_2,EV_pick_up_object,EV_path_clear|EV_object_reached,CLEAR
5.331,robot_2,EV_move_forward,EV_path_clear,CLEAR
5.607,robot_2,EV_search_color,EV_path_clear,CLEAR
5.727,robot_2,EV_move_forward,EV_path_clear,CLEAR
6.000,robot_2,EV_move_forward,EV_path_clear,CLEAR
6.324,robot_2,EV_move_forward,EV_red_not_visible|EV_path_clear|EV_blue_visible,CLEAR
6.530,robot_2,EV_approach_color,EV_path_clear,CLEAR
6.820,robot_2,EV_move_forward,EV_red_not_visible|EV_path_clear,CLEAR
7.037,robot_2,EV_approach_color,EV_path_clear|EV_blue_visible,CLEAR
7.325,robot_2,EV_approach_color,EV_path_clear,CLEAR
7.528,robot_2,EV_move_forward,EV_path_clear,CLEAR
7.809,robot_2,EV_move_forward,EV_path_clear,CLEAR
8.123,robot_2,EV_move_forward,EV_red_not_visible|EV_path_clear|EV_blue_visible,CLEAR
8.405,robot_2,EV_move_forward,EV_path_clear,CLEAR
8.734,robot_2,EV_move_forward,EV_path_clear,CLEAR
9.019,robot_2,EV_approach_color,EV_red_not_visible|EV_path_clear|EV_blue_visible,CLEAR
9.324,robot_2,EV_move_forward,EV_path_clear,CLEAR
9.535,robot_2,EV_move_forward,EV_path_clear,CLEAR
9.816,robot_2,EV_rotate_clockwise,EV_red_not_visible|EV_obstacle_front|EV_blue_visible,CORNER
10.021,robot_2,EV_rotate_clockwise,EV_obstacle_front,CORNER
10.195,robot_2,EV_rotate_counterclockwise,EV_obstacle_front,CORNER
10.404,robot_2,EV_u_turn,EV_obstacle_front,CORNER
14.337,robot_2,EV_move_forward,EV_red_not_visible|EV_path_clear|EV_blue_visible,CLEAR
14.617,robot_2,EV_move_forward,EV_path_clear,CLEAR
14.912,robot_2,EV_approach_color,EV_path_clear,CLEAR
15.129,robot_2,EV_approach_color,EV_path_clear,CLEAR
15.410,robot_2,EV_approach_color,EV_red_not_visible|EV_path_clear|EV_blue_visible,CLEAR
15.701,robot_2,EV_move_forward,EV_path_clear,CLEAR
16.023,robot_2,EV_move_forward,EV_path_clear,CLEAR
16.321,robot_2,EV_approach_color,EV_red_not_visible|EV_path_clear|EV_blue_visible,CLEAR
16.613,robot_2,EV_approach_color,EV_path_clear,CLEAR
16.931,robot_2,EV_approach_color,EV_red_not_visible|EV_path_clear,CLEAR
17.208,robot_2,EV_search_color,EV_blue_not_visible|EV_path_clear,CLEAR
17.397,robot_2,EV_search_color,EV_path_clear,CLEAR
17.527,robot_2,EV_search_color,EV_path_clear,CLEAR
17.717,robot_2,EV_move_forward,EV_path_clear,CLEAR
18.013,robot_2,EV_move_forward,EV_blue_not_visible|EV_red_not_visible|EV_path_clear,CLEAR
18.304,robot_2,EV_search_color,EV_path_clear,CLEAR
18.500,robot_2,EV_move_forward,EV_path_clear,CLEAR
18.722,robot_2,EV_search_color,EV_blue_not_visible|EV_red_not_visible|EV_path_clear,CLEAR
18.834,robot_2,EV_search_color,EV_path_clear,CLEAR
19.013,robot_2,EV_move_forward,EV_path_clear,CLEAR
19.303,robot_2,EV_search_color,EV_path_clear,CLEAR
19.432,robot_2,EV_move_forward,EV_red_not_visible|EV_path_clear,CLEAR
19.699,robot_2,EV_search_color,EV_blue_not_visible|EV_path_clear,CLEAR
19.896,robot_2,EV_search_color,EV_path_clear,CLEAR
20.006,robot_2,EV_search_color,EV_path_clear,CLEAR
20.210,robot_2,EV_search_color,EV_path_clear,CLEAR
20.324,robot_2,EV_move_forward,EV_path_clear,CLEAR
20.601,robot_2,EV_move_forward,EV_blue_not_visible|EV_red_not_visible|EV_path_clear,CLEAR
20.820,robot_2,EV_move_forward,EV_path_clear,CLEAR
21.122,robot_2,EV_search_color,EV_path_clear,CLEAR
21.295,robot_2,EV_search_color,EV_path_clear,CLEAR
21.530,robot_2,EV_search_color,EV_blue_not_visible|EV_red_not_visible|EV_path_clear,CLEAR
21.727,robot_2,EV_move_forward,EV_path_clear,CLEAR
22.013,robot_2,EV_move_forward,EV_path_clear,CLEAR
22.236,robot_2,EV_search_color,EV_blue_not_visible|EV_red_not_visible|EV_path_clear,CLEAR
22.420,robot_2,EV_search_color,EV_path_clear,CLEAR
22.621,robot_2,EV_search_color,EV_path_clear,CLEAR
22.731,robot_2,EV_move_forward,EV_path_clear,CLEAR
23.017,robot_2,EV_move_forward,EV_path_clear,CLEAR
23.230,robot_2,EV_move_forward,EV_blue_not_visible|EV_red_not_visible|EV_path_clear,CLEAR
23.506,robot_2,EV_search_color,EV_path_clear,CLEAR
23.627,robot_2,EV_move_forward,EV_path_clear,CLEAR
23.906,robot_2,EV_move_forward,EV_red_not_visible|EV_path_clear,CLEAR
24.205,robot_2,EV_search_color,EV_blue_not_visible|EV_path_clear,CLEAR
24.418,robot_2,EV_move_forward,EV_path_clear,CLEAR
24.632,robot_2,EV_search_color,EV_path_clear,CLEAR
24.828,robot_2,EV_move_forward,EV_blue_not_visible|EV_red_not_visible|EV_path_clear,CLEAR
25.103,robot_2,EV_search_color,EV_path_clear,CLEAR
25.224,robot_2,EV_search_color,EV_path_clear,CLEAR
25.405,robot_2,EV_search_color,EV_path_clear,CLEAR
25.626,robot_2,EV_move_forward,EV_path_clear,CLEAR
25.901,robot_2,EV_search_color,EV_blue_not_visible|EV_red_not_visible|EV_path_clear,CLEAR
26.105,robot_2,EV_move_forward,EV_path_clear,CLEAR
26.338,robot_2,EV_search_color,EV_path_clear,CLEAR
26.443,robot_2,EV_move_forward,EV_path_clear,CLEAR
26.716,robot_2,EV_move_forward,EV_blue_not_visible|EV_red_not_visible|EV_path_clear,CLEAR
27.008,robot_2,EV_search_color,EV_path_clear,CLEAR
27.205,robot_2,EV_search_color,EV_path_clear,CLEAR
27.323,robot_2,EV_search_color,EV_path_clear,CLEAR
27.502,robot_2,EV_move_forward,EV_red_not_visible|EV_path_clear,CLEAR
27.817,robot_2,EV_move_forward,EV_blue_not_visible|EV_path_clear,CLEAR
28.132,robot_2,EV_move_forward,EV_path_clear,CLEAR
28.414,robot_2,EV_move_forward,EV_red_not_visible|EV_path_clear,CLEAR
28.717,robot_2,EV_move_forward,EV_blue_not_visible|EV_path_clear,CLEAR
29.021,robot_2,EV_move_forward,EV_path_clear,CLEAR
29.300,robot_2,EV_move_forward,EV_blue_not_visible|EV_red_not_visible|EV_path_clear,CLEAR
29.610,robot_2,EV_move_forward,EV_path_clear,CLEAR
29.822,robot_2,EV_move_forward,EV_path_clear,CLEAR
30.113,robot_2,EV_move_forward,EV_path_clear,CLEAR
30.421,robot_2,EV_move_forward,EV_blue_not_visible|EV_red_not_visible|EV_path_clear,CLEAR
30.706,robot_2,EV_search_color,EV_path_clear,CLEAR
30.896,robot_2,EV_search_color,EV_path_clear,CLEAR
31.113,robot_2,EV_move_forward,EV_blue_not_visible|EV_red_not_visible|EV_path_clear,CLEAR
31.412,robot_2,EV_move_forward,EV_path_clear,CLEAR
31.701,robot_2,EV_move_forward,EV_path_clear,CLEAR
31.919,robot_2,EV_move_forward,EV_path_clear,CLEAR
32.205,robot_2,EV_search_color,EV_blue_not_visible|EV_red_not_visible|EV_path_clear,CLEAR
32.411,robot_2,EV_move_forward,EV_path_clear,CLEAR
32.625,robot_2,EV_move_forward,EV_path_clear,CLEAR
32.896,robot_2,EV_search_color,EV_blue_not_visible|EV_red_not_visible|EV_path_clear,CLEAR
33.004,robot_2,EV_search_color,EV_path_clear,CLEAR
33.211,robot_2,EV_move_forward,EV_path_clear,CLEAR
33.507,robot_2,EV_move_forward,EV_path_clear,CLEAR
33.741,robot_2,EV_move_forward,EV_path_clear,CLEAR
34.020,robot_2,EV_move_forward,EV_blue_not_visible|EV_red_not_visible|EV_path_clear,CLEAR
34.317,robot_2,EV_search_color,EV_path_clear,CLEAR
34.507,robot_2,EV_move_forward,EV_path_clear,CLEAR
34.821,robot_2,EV_search_color,EV_blue_not_visible|EV_red_not_visible|EV_path_clear,CLEAR
35.024,robot_2,EV_move_forward,EV_path_clear,CLEAR
35.307,robot_2,EV_move_forward,EV_path_clear,CLEAR
35.519,robot_2,EV_move_forward,EV_path_clear,CLEAR
35.817,robot_2,EV_move_forward,EV_blue_not_visible|EV_red_not_visible|EV_path_clear,CLEAR
36.101,robot_2,EV_search_color,EV_path_clear,CLEAR
36.323,robot_2,EV_search_color,EV_path_clear,CLEAR
36.543,robot_2,EV_move_forward,EV_red_not_visible|EV_path_clear,CLEAR
36.835,robot_2,EV_move_forward,EV_blue_not_visible|EV_path_clear,CLEAR
37.109,robot_2,EV_move_forward,EV_path_clear,CLEAR
37.418,robot_2,EV_search_color,EV_path_clear,CLEAR
37.600,robot_2,EV_search_color,EV_blue_not_visible|EV_red_not_visible|EV_path_clear,CLEAR
37.802,robot_2,EV_search_color,EV_path_clear,CLEAR
37.937,robot_2,EV_search_color,EV_path_clear,CLEAR
38.110,robot_2,EV_search_color,EV_path_clear,CLEAR
38.229,robot_2,EV_search_color,EV_path_clear,CLEAR
38.426,robot_2,EV_move_forward,EV_red_not_visible|EV_path_clear,CLEAR
38.719,robot_2,EV_move_forward,EV_blue_not_visible|EV_path_clear,CLEAR
39.022,robot_2,EV_search_color,EV_path_clear,CLEAR
39.200,robot_2,EV_move_forward,EV_path_clear,CLEAR
39.516,robot_2,EV_search_color,EV_blue_not_visible|EV_red_not_visible|EV_path_clear,CLEAR
39.716,robot_2,EV_search_color,EV_path_clear,CLEAR
39.824,robot_2,EV_move_forward,EV_path_clear,CLEAR
40.124,robot_2,EV_move_forward,EV_path_clear,CLEAR
40.406,robot_2,EV_search_color,EV_blue_not_visible|EV_red_not_visible|EV_path_clear,CLEAR
40.542,robot_2,EV_search_color,EV_path_clear,CLEAR
40.701,robot_2,EV_move_forward,EV_path_clear,CLEAR
40.915,robot_2,EV_search_color,EV_path_clear,CLEAR
41.123,robot_2,EV_move_forward,EV_path_clear,CLEAR
41.418,robot_2,EV_rotate_counterclockwise,EV_blue_not_visible|EV_red_not_visible|EV_obstacle_right,RIGHT
41.630,robot_2,EV_u_turn,EV_obstacle_right,RIGHT
45.505,robot_2,EV_search_color,EV_blue_not_visible|EV_path_clear|EV_red_visible,CLEAR
45.701,robot_2,EV_move_forward,EV_path_clear,CLEAR
45.931,robot_2,EV_search_color,EV_path_clear|EV_red_visible,CLEAR
46.119,robot_2,EV_move_forward,EV_path_clear|EV_blue_visible,CLEAR
46.412,robot_2,EV_move_forward,EV_path_clear,CLEAR
46.632,robot_2,EV_approach_color,EV_path_clear,CLEAR
46.913,robot_2,EV_move_forward,EV_path_clear|EV_red_visible|EV_blue_visible,CLEAR
47.222,robot_2,EV_approach_color,EV_path_clear,CLEAR
47.426,robot_2,EV_move_forward,EV_path_clear,CLEAR
47.707,robot_2,EV_move_forward,EV_path_clear,CLEAR
48.004,robot_2,EV_approach_color,EV_path_clear|EV_red_visible|EV_blue_visible,CLEAR
48.323,robot_2,EV_approach_color,EV_path_clear,CLEAR
48.604,robot_2,EV_approach_color,EV_path_clear,CLEAR
48.811,robot_2,EV_move_forward,EV_path_clear|EV_red_visible|EV_blue_visible,CLEAR
49.111,robot_2,EV_move_forward,EV_path_clear,CLEAR
49.322,robot_2,EV_move_forward,EV_path_clear,CLEAR
49.625,robot_2,EV_move_forward,EV_path_clear,CLEAR
49.911,robot_2,EV_approach_color,EV_red_not_visible|EV_path_clear|EV_blue_visible,CLEAR
50.226,robot_2,EV_move_forward,EV_path_clear,CLEAR
50.501,robot_2,EV_move_forward,EV_path_clear,CLEAR
50.726,robot_2,EV_approach_color,EV_red_not_visible|EV_path_clear|EV_blue_visible,CLEAR
51.012,robot_2,EV_approach_color,EV_path_clear,CLEAR
51.315,robot_2,EV_approach_color,EV_path_clear,CLEAR
51.532,robot_2,EV_move_forward,EV_red_not_visible|EV_path_clear,CLEAR
51.807,robot_2,EV_move_forward,EV_path_clear|EV_blue_visible,CLEAR
52.109,robot_2,EV_move_forward,EV_path_clear,CLEAR
52.329,robot_2,EV_move_forward,EV_red_not_visible|EV_path_clear|EV_blue_visible,CLEAR
52.597,robot_2,EV_approach_color,EV_path_clear,CLEAR
52.826,robot_2,EV_move_forward,EV_path_clear,CLEAR
53.117,robot_2,EV_move_forward,EV_path_clear,CLEAR
53.327,robot_2,EV_approach_color,EV_red_not_visible|EV_path_clear|EV_blue_visible,CLEAR
53.610,robot_2,EV_move_forward,EV_path_clear,CLEAR
53.902,robot_2,EV_move_forward,EV_path_clear,CLEAR
54.130,robot_2,EV_move_forward,EV_path_clear,CLEAR
54.425,robot_2,EV_approach_color,EV_red_not_visible|EV_path_clear|EV_blue_visible,CLEAR
54.710,robot_2,EV_move_forward,EV_path_clear,CLEAR
55.013,robot_2,EV_move_forward,EV_path_clear,CLEAR
55.224,robot_2,EV_move_forward,EV_red_not_visible|EV_path_clear|EV_blue_visible,CLEAR
55.509,robot_2,EV_approach_color,EV_path_clear,CLEAR
55.796,robot_2,EV_move_forward,EV_path_clear,CLEAR
56.015,robot_2,EV_approach_color,EV_red_not_visible|EV_path_clear|EV_blue_visible,CLEAR
56.300,robot_2,EV_approach_color,EV_path_clear,CLEAR
56.513,robot_2,EV_move_forward,EV_path_clear,CLEAR
56.807,robot_2,EV_move_forward,EV_red_not_visible|EV_path_clear|EV_blue_visible,CLEAR
57.127,robot_2,EV_approach_color,EV_path_clear,CLEAR
57.410,robot_2,EV_move_forward,EV_path_clear,CLEAR
57.731,robot_2,EV_move_forward,EV_red_not_visible|EV_path_clear|EV_blue_visible,CLEAR
58.017,robot_2,EV_approach_color,EV_path_clear,CLEAR
58.310,robot_2,EV_move_forward,EV_path_clear,CLEAR
58.529,robot_2,EV_rotate_counterclockwise,EV_obstacle_right,RIGHT
58.719,robot_2,EV_u_turn,EV_red_not_visible|EV_blue_visible|EV_obstacle_right,RIGHT
62.621,robot_2,EV_approach_color,EV_red_not_visible|EV_path_clear|EV_blue_visible,CLEAR
62.924,robot_2,EV_approach_color,EV_path_clear,CLEAR
63.216,robot_2,EV_move_forward,EV_red_not_visible|EV_path_clear|EV_blue_visible,CLEAR
63.512,robot_2,EV_move_forward,EV_path_clear,CLEAR
63.814,robot_2,EV_approach_color,EV_path_clear,CLEAR
64.119,robot_2,EV_move_forward,EV_red_not_visible|EV_path_clear|EV_blue_visible,CLEAR
64.403,robot_2,EV_move_forward,EV_path_clear,CLEAR
64.604,robot_2,EV_move_forward,EV_path_clear,CLEAR
64.910,robot_2,EV_move_forward,EV_path_clear,CLEAR
65.243,robot_2,EV_move_forward,EV_blue_not_visible|EV_red_not_visible|EV_path_clear,CLEAR
65.509,robot_2,EV_search_color,EV_path_clear,CLEAR
65.613,robot_2,EV_move_forward,EV_path_clear,CLEAR
65.923,robot_2,EV_search_color,EV_path_clear,CLEAR
66.099,robot_2,EV_search_color,EV_blue_not_visible|EV_red_not_visible|EV_path_clear,CLEAR
66.304,robot_2,EV_move_forward,EV_path_clear,CLEAR
66.605,robot_2,EV_search_color,EV_path_clear,CLEAR
66.833,robot_2,EV_move_forward,EV_red_not_visible|EV_path_clear,CLEAR
67.119,robot_2,EV_move_forward,EV_blue_not_visible|EV_path_clear,CLEAR
67.421,robot_2,EV_move_forward,EV_path_clear,CLEAR
67.705,robot_2,EV_search_color,EV_path_clear,CLEAR
67.823,robot_2,EV_move_forward,EV_red_not_visible|EV_path_clear,CLEAR
68.116,robot_2,EV_move_forward,EV_blue_not_visible|EV_path_clear,CLEAR
68.404,robot_2,EV_search_color,EV_path_clear,CLEAR
68.617,robot_2,EV_search_color,EV_path_clear,CLEAR
68.729,robot_2,EV_search_color,EV_path_clear,CLEAR
68.895,robot_2,EV_move_forward,EV_blue_not_visible|EV_red_not_visible|EV_path_clear,CLEAR
69.122,robot_2,EV_move_forward,EV_path_clear,CLEAR
69.431,robot_2,EV_search_color,EV_path_clear,CLEAR
69.625,robot_2,EV_search_color,EV_path_clear,CLEAR
69.727,robot_2,EV_move_forward,EV_red_not_visible|EV_path_clear,CLEAR
70.011,robot_2,EV_search_color,EV_blue_not_visible|EV_path_clear,CLEAR
70.117,robot_2,EV_search_color,EV_path_clear,CLEAR
70.329,robot_2,EV_move_forward,EV_path_clear,CLEAR
70.605,robot_2,EV_search_color,EV_blue_not_visible|EV_red_not_visible|EV_path_clear,CLEAR
70.835,robot_2,EV_search_color,EV_path_clear,CLEAR
71.009,robot_2,EV_search_color,EV_path_clear,CLEAR
71.231,robot_2,EV_move_forward,EV_path_clear,CLEAR
71.505,robot_2,EV_search_color,EV_red_not_visible|EV_path_clear,CLEAR
71.708,robot_2,EV_move_forward,EV_blue_not_visible|EV_path_clear,CLEAR
72.023,robot_2,EV_search_color,EV_path_clear,CLEAR
72.213,robot_2,EV_move_forward,EV_path_clear,CLEAR
72.520,robot_2,EV_search_color,EV_blue_not_visible|EV_red_not_visible|EV_path_clear,CLEAR
72.704,robot_2,EV_move_forward,EV_path_clear,CLEAR
72.914,robot_2,EV_move_forward,EV_path_clear,CLEAR
73.237,robot_2,EV_move_forward,EV_path_clear,CLEAR
73.518,robot_2,EV_search_color,EV_blue_not_visible|EV_red_not_visible|EV_path_clear,CLEAR
73.718,robot_2,EV_search_color,EV_path_clear,CLEAR
73.925,robot_2,EV_move_forward,EV_path_clear,CLEAR
74.198,robot_2,EV_search_color,EV_red_not_visible|EV_path_clear,CLEAR
74.332,robot_2,EV_search_color,EV_blue_not_visible|EV_path_clear,CLEAR
74.523,robot_2,EV_move_forward,EV_path_clear,CLEAR
74.819,robot_2,EV_move_forward,EV_path_clear,CLEAR
75.120,robot_2,EV_search_color,EV_path_clear,CLEAR
75.231,robot_2,EV_move_forward,EV_path_clear,CLEAR
75.535,robot_2,EV_search_color,EV_blue_not_visible|EV_red_not_visible|EV_path_clear,CLEAR
75.721,robot_2,EV_move_forward,EV_path_clear,CLEAR
75.926,robot_2,EV_search_color,EV_path_clear,CLEAR
76.116,robot_2,EV_move_forward,EV_path_clear,CLEAR
76.421,robot_2,EV_search_color,EV_blue_not_visible|EV_red_not_visible|EV_path_clear,CLEAR
76.594,robot_2,EV_move_forward,EV_path_clear,CLEAR
76.814,robot_2,EV_search_color,EV_path_clear,CLEAR
76.997,robot_2,EV_move_forward,EV_path_clear,CLEAR
77.227,robot_2,EV_move_forward,EV_blue_not_visible|EV_red_not_visible|EV_path_clear,CLEAR
77.521,robot_2,EV_search_color,EV_path_clear,CLEAR
77.730,robot_2,EV_search_color,EV_path_clear,CLEAR
77.901,robot_2,EV_search_color,EV_path_clear,CLEAR
78.028,robot_2,EV_search_color,EV_path_clear,CLEAR
78.216,robot_2,EV_move_forward,EV_red_not_visible|EV_path_clear,CLEAR
78.523,robot_2,EV_move_forward,EV_blue_not_visible|EV_path_clear,CLEAR
78.797,robot_2,EV_move_forward,EV_path_clear,CLEAR
79.021,robot_2,EV_search_color,EV_path_clear,CLEAR
79.223,robot_2,EV_search_color,EV_red_not_visible|EV_path_clear,CLEAR
79.423,robot_2,EV_search_color,EV_blue_not_visible|EV_path_clear,CLEAR
79.621,robot_2,EV_move_forward,EV_path_clear,CLEAR
79.900,robot_2,EV_search_color,EV_path_clear,CLEAR
80.020,robot_2,EV_search_color,EV_path_clear,CLEAR
80.213,robot_2,EV_search_color,EV_blue_not_visible|EV_red_not_visible|EV_path_clear,CLEAR
80.427,robot_2,EV_move_forward,EV_path_clear,CLEAR
80.704,robot_2,EV_search_color,EV_path_clear,CLEAR
80.923,robot_2,EV_search_color,EV_path_clear,CLEAR
81.125,robot_2,EV_move_forward,EV_blue_not_visible|EV_red_not_visible|EV_path_clear,CLEAR
81.429,robot_2,EV_search_color,EV_path_clear,CLEAR
81.594,robot_2,EV_search_color,EV_path_clear,CLEAR
81.714,robot_2,EV_search_color,EV_path_clear,CLEAR
81.836,robot_2,EV_move_forward,EV_path_clear,CLEAR
82.105,robot_2,EV_move_forward,EV_blue_not_visible|EV_path_clear|EV_red_visible,CLEAR
82.410,robot_2,EV_search_color,EV_path_clear,CLEAR
82.631,robot_2,EV_move_forward,EV_path_clear,CLEAR
82.920,robot_2,EV_search_color,EV_path_clear,CLEAR
83.111,robot_2,EV_move_forward,EV_blue_not_visible|EV_path_clear|EV_red_visible,CLEAR
83.418,robot_2,EV_search_color,EV_path_clear,CLEAR
83.609,robot_2,EV_search_color,EV_path_clear,CLEAR
83.731,robot_2,EV_move_forward,EV_path_clear,CLEAR
84.022,robot_2,EV_move_forward,EV_blue_not_visible|EV_path_clear|EV_red_visible,CLEAR
84.297,robot_2,EV_search_color,EV_path_clear,CLEAR
84.530,robot_2,EV_search_color,EV_path_clear,CLEAR
84.720,robot_2,EV_search_color,EV_path_clear,CLEAR
84.895,robot_2,EV_search_color,EV_blue_not_visible|EV_path_clear|EV_red_visible,CLEAR
85.124,robot_2,EV_search_color,EV_path_clear,CLEAR
85.315,robot_2,EV_move_forward,EV_path_clear,CLEAR
85.624,robot_2,EV_search_color,EV_path_clear,CLEAR
85.818,robot_2,EV_move_forward,EV_path_clear,CLEAR
86.108,robot_2,EV_search_color,EV_blue_not_visible|EV_path_clear|EV_red_visible,CLEAR
86.234,robot_2,EV_search_color,EV_path_clear,CLEAR
86.433,robot_2,EV_search_color,EV_path_clear,CLEAR
86.611,robot_2,EV_search_color,EV_path_clear,CLEAR
86.815,robot_2,EV_move_forward,EV_path_clear,CLEAR
87.108,robot_2,EV_move_forward,EV_path_clear|EV_red_visible|EV_blue_visible,CLEAR
87.428,robot_2,EV_move_forward,EV_path_clear,CLEAR
87.643,robot_2,EV_move_forward,EV_path_clear,CLEAR
87.896,robot_2,EV_approach_color,EV_path_clear|EV_red_visible,CLEAR
88.215,robot_2,EV_approach_color,EV_path_clear|EV_blue_visible,CLEAR
88.513,robot_2,EV_approach_color,EV_path_clear,CLEAR
88.721,robot_2,EV_approach_color,EV_path_clear|EV_red_visible,CLEAR
89.023,robot_2,EV_move_forward,EV_path_clear|EV_blue_visible,CLEAR
89.295,robot_2,EV_approach_color,EV_path_clear,CLEAR
89.530,robot_2,EV_move_forward,EV_path_clear,CLEAR
89.824,robot_2,EV_move_forward,EV_path_clear|EV_red_visible|EV_blue_visible,CLEAR
90.108,robot_2,EV_move_forward,EV_path_clear,CLEAR
90.409,robot_2,EV_approach_color,EV_path_clear,CLEAR
90.710,robot_2,EV_approach_color,EV_path_clear|EV_red_visible|EV_blue_visible,CLEAR
90.994,robot_2,EV_approach_color,EV_path_clear,CLEAR
91.228,robot_2,EV_move_forward,EV_path_clear,CLEAR
91.527,robot_2,EV_approach_color,EV_red_not_visible|EV_path_clear|EV_blue_visible,CLEAR
91.819,robot_2,EV_move_forward,EV_path_clear,CLEAR
92.122,robot_2,EV_move_forward,EV_path_clear,CLEAR
92.398,robot_2,EV_move_forward,EV_red_not_visible|EV_path_clear|EV_blue_visible,CLEAR
92.703,robot_2,EV_approach_color,EV_path_clear,CLEAR
93.030,robot_2,EV_move_forward,EV_path_clear,CLEAR
93.319,robot_2,EV_move_forward,EV_red_not_visible|EV_path_clear|EV_blue_visible,CLEAR
93.618,robot_2,EV_approach_color,EV_path_clear,CLEAR
93.837,robot_2,EV_move_forward,EV_path_clear,CLEAR
94.115,robot_2,EV_rotate_counterclockwise,EV_red_not_visible|EV_blue_visible|EV_obstacle_right,RIGHT
94.232,robot_2,EV_u_turn,EV_obstacle_right,RIGHT
98.016,robot_2,EV_move_backward,EV_red_not_visible|EV_obstacle_front|EV_blue_visible,CORNER
98.327,robot_2,EV_rotate_clockwise,EV_obstacle_front,CORNER
101.215,robot_2,EV_move_forward,EV_blue_not_visible|EV_red_not_visible|EV_path_clear|EV_blue_visible,CLEAR
101.518,robot_2,EV_approach_color,EV_path_clear,CLEAR
101.824,robot_2,EV_move_forward,EV_path_clear,CLEAR
102.126,robot_2,EV_u_turn,EV_red_not_visible|EV_obstacle_right,RIGHT
105.908,robot_2,EV_approach_color,EV_red_not_visible|EV_path_clear|EV_blue_visible,CLEAR
106.201,robot_2,EV_move_forward,EV_path_clear,CLEAR
106.433,robot_2,EV_approach_color,EV_path_clear,CLEAR
106.716,robot_2,EV_move_forward,EV_red_not_visible|EV_path_clear|EV_blue_visible,CLEAR
107.020,robot_2,EV_move_forward,EV_path_clear,CLEAR
107.306,robot_2,EV_move_forward,EV_path_clear,CLEAR
107.620,robot_2,EV_move_forward,EV_blue_not_visible|EV_red_not_visible|EV_path_clear,CLEAR
107.915,robot_2,EV_move_forward,EV_path_clear,CLEAR
108.213,robot_2,EV_search_color,EV_path_clear,CLEAR
108.437,robot_2,EV_move_forward,EV_blue_not_visible|EV_red_not_visible|EV_path_clear,CLEAR
108.728,robot_2,EV_search_color,EV_path_clear,CLEAR
108.919,robot_2,EV_search_color,EV_path_clear,CLEAR
109.027,robot_2,EV_search_color,EV_path_clear,CLEAR
109.199,robot_2,EV_move_forward,EV_blue_not_visible|EV_red_not_visible|EV_path_clear,CLEAR
109.520,robot_2,EV_move_forward,EV_path_clear,CLEAR
109.816,robot_2,EV_move_forward,EV_path_clear,CLEAR
110.022,robot_2,EV_search_color,EV_path_clear,CLEAR
110.219,robot_2,EV_search_color,EV_blue_not_visible|EV_red_not_visible|EV_path_clear,CLEAR
110.423,robot_2,EV_search_color,EV_path_clear,CLEAR
110.602,robot_2,EV_search_color,EV_path_clear,CLEAR
110.734,robot_2,EV_move_forward,EV_path_clear,CLEAR
111.018,robot_2,EV_search_color,EV_red_not_visible|EV_path_clear,CLEAR
111.121,robot_2,EV_move_forward,EV_blue_not_visible|EV_path_clear,CLEAR
111.425,robot_2,EV_search_color,EV_path_clear,CLEAR
111.603,robot_2,EV_search_color,EV_path_clear,CLEAR
111.727,robot_2,EV_move_forward,EV_path_clear,CLEAR
112.025,robot_2,EV_move_forward,EV_blue_not_visible|EV_red_not_visible|EV_path_clear,CLEAR
112.323,robot_2,EV_move_forward,EV_path_clear,CLEAR
112.526,robot_2,EV_move_forward,EV_path_clear,CLEAR
112.733,robot_2,EV_search_color,EV_path_clear,CLEAR
112.923,robot_2,EV_move_forward,EV_path_clear,CLEAR
113.219,robot_2,EV_move_forward,EV_blue_not_visible|EV_red_not_visible|EV_path_clear,CLEAR
113.505,robot_2,EV_move_forward,EV_path_clear,CLEAR
113.713,robot_2,EV_search_color,EV_path_clear,CLEAR
113.894,robot_2,EV_move_forward,EV_blue_not_visible|EV_red_not_visible|EV_path_clear,CLEAR
114.197,robot_2,EV_search_color,EV_path_clear,CLEAR
114.310,robot_2,EV_move_forward,EV_path_clear,CLEAR
114.613,robot_2,EV_search_color,EV_path_clear,CLEAR
114.832,robot_2,EV_move_forward,EV_blue_not_visible|EV_red_not_visible|EV_path_clear,CLEAR
115.121,robot_2,EV_move_forward,EV_path_clear,CLEAR
115.417,robot_2,EV_search_color,EV_path_clear,CLEAR
115.534,robot_2,EV_move_forward,EV_path_clear,CLEAR
115.838,robot_2,EV_move_forward,EV_blue_not_visible|EV_red_not_visible|EV_path_clear,CLEAR
116.108,robot_2,EV_move_forward,EV_path_clear,CLEAR
116.418,robot_2,EV_search_color,EV_path_clear,CLEAR
116.526,robot_2,EV_move_forward,EV_red_not_visible|EV_path_clear,CLEAR
116.833,robot_2,EV_move_forward,EV_blue_not_visible|EV_path_clear,CLEAR
117.109,robot_2,EV_move_forward,EV_path_clear,CLEAR
117.426,robot_2,EV_search_color,EV_blue_not_visible|EV_red_not_visible|EV_path_clear,CLEAR
117.613,robot_2,EV_search_color,EV_path_clear,CLEAR
117.813,robot_2,EV_move_forward,EV_path_clear,CLEAR
118.116,robot_2,EV_move_forward,EV_path_clear,CLEAR
118.395,robot_2,EV_search_color,EV_blue_not_visible|EV_red_not_visible|EV_path_clear,CLEAR
118.530,robot_2,EV_search_color,EV_path_clear,CLEAR
118.730,robot_2,EV_search_color,EV_path_clear,CLEAR
118.919,robot_2,EV_search_color,EV_path_clear,CLEAR
119.121,robot_2,EV_search_color,EV_path_clear,CLEAR
119.226,robot_2,EV_search_color,EV_path_clear,CLEAR
119.420,robot_2,EV_search_color,EV_blue_not_visible|EV_red_not_visible|EV_path_clear,CLEAR
119.629,robot_2,EV_move_forward,EV_path_clear,CLEAR
119.916,robot_2,EV_move_forward,EV_path_clear,CLEAR
120.232,robot_2,EV_search_color,EV_path_clear,CLEAR
120.417,robot_2,EV_move_forward,EV_blue_not_visible|EV_red_not_visible|EV_path_clear,CLEAR
120.705,robot_2,EV_move_forward,EV_path_clear,CLEAR
120.918,robot_2,EV_move_forward,EV_path_clear,CLEAR
121.122,robot_2,EV_move_forward,EV_path_clear,CLEAR
121.398,robot_2,EV_move_forward,EV_blue_not_visible|EV_red_not_visible|EV_path_clear,CLEAR
121.728,robot_2,EV_move_forward,EV_path_clear,CLEAR
122.021,robot_2,EV_search_color,EV_path_clear,CLEAR
122.198,robot_2,EV_move_forward,EV_blue_not_visible|EV_red_not_visible|EV_path_clear,CLEAR
122.524,robot_2,EV_move_forward,EV_path_clear,CLEAR
122.817,robot_2,EV_search_color,EV_path_clear,CLEAR
123.031,robot_2,EV_search_color,EV_path_clear,CLEAR
123.219,robot_2,EV_search_color,EV_blue_not_visible|EV_red_not_visible|EV_path_clear,CLEAR
123.411,robot_2,EV_search_color,EV_path_clear,CLEAR
123.621,robot_2,EV_move_forward,EV_path_clear,CLEAR
123.910,robot_2,EV_search_color,EV_path_clear,CLEAR
124.022,robot_2,EV_move_forward,EV_blue_not_visible|EV_red_not_visible|EV_path_clear,CLEAR
124.327,robot_2,EV_search_color,EV_path_clear,CLEAR
124.514,robot_2,EV_search_color,EV_path_clear,CLEAR
124.714,robot_2,EV_search_color,EV_path_clear,CLEAR
124.935,robot_2,EV_search_color,EV_path_clear,CLEAR
125.095,robot_2,EV_search_color,EV_blue_not_visible|EV_red_not_visible|EV_path_clear,CLEAR
125.300,robot_2,EV_move_forward,EV_path_clear,CLEAR
125.622,robot_2,EV_move_forward,EV_path_clear,CLEAR
125.917,robot_2,EV_move_forward,EV_blue_not_visible|EV_red_not_visible|EV_path_clear,CLEAR
126.233,robot_2,EV_search_color,EV_path_clear,CLEAR
126.423,robot_2,EV_search_color,EV_path_clear,CLEAR
126.535,robot_2,EV_move_forward,EV_path_clear,CLEAR
126.822,robot_2,EV_search_color,EV_blue_not_visible|EV_path_clear|EV_red_visible,CLEAR
127.002,robot_2,EV_search_color,EV_path_clear,CLEAR
127.119,robot_2,EV_move_forward,EV_path_clear,CLEAR
127.423,robot_2,EV_search_color,EV_path_clear,CLEAR
127.538,robot_2,EV_search_color,EV_path_clear,CLEAR
127.727,robot_2,EV_move_forward,EV_blue_not_visible|EV_path_clear|EV_red_visible,CLEAR
128.004,robot_2,EV_search_color,EV_path_clear,CLEAR
128.117,robot_2,EV_move_forward,EV_path_clear,CLEAR
128.415,robot_2,EV_search_color,EV_path_clear,CLEAR
128.527,robot_2,EV_search_color,EV_path_clear,CLEAR
128.702,robot_2,EV_search_color,EV_blue_not_visible|EV_path_clear|EV_red_visible,CLEAR
128.908,robot_2,EV_move_forward,EV_path_clear,CLEAR
129.127,robot_2,EV_move_forward,EV_path_clear,CLEAR
129.417,robot_2,EV_move_forward,EV_path_clear,CLEAR
129.715,robot_2,EV_search_color,EV_blue_not_visible|EV_path_clear|EV_red_visible,CLEAR
129.935,robot_2,EV_search_color,EV_path_clear,CLEAR
130.118,robot_2,EV_move_forward,EV_path_clear,CLEAR
130.421,robot_2,EV_move_forward,EV_path_clear,CLEAR
130.702,robot_2,EV_move_forward,EV_blue_not_visible|EV_path_clear|EV_red_visible,CLEAR
131.005,robot_2,EV_search_color,EV_path_clear,CLEAR
131.199,robot_2,EV_search_color,EV_path_clear,CLEAR
131.320,robot_2,EV_move_forward,EV_path_clear,CLEAR
131.523,robot_2,EV_move_forward,EV_blue_not_visible|EV_path_clear|EV_red_visible,CLEAR
131.808,robot_2,EV_search_color,EV_path_clear,CLEAR
131.923,robot_2,EV_move_forward,EV_path_clear,CLEAR
132.215,robot_2,EV_move_forward,EV_path_clear,CLEAR
132.530,robot_2,EV_move_forward,EV_blue_not_visible|EV_path_clear|EV_red_visible,CLEAR
132.817,robot_2,EV_search_color,EV_path_clear,CLEAR
133.038,robot_2,EV_search_color,EV_path_clear,CLEAR
133.203,robot_2,EV_rotate_clockwise,EV_red_visible|EV_obstacle_left,LEFT
133.405,robot_2,EV_rotate_clockwise,EV_blue_not_visible|EV_obstacle_left,LEFT
133.617,robot_2,EV_rotate_clockwise,EV_obstacle_left,LEFT
133.811,robot_2,EV_rotate_clockwise,EV_obstacle_left,LEFT
133.943,robot_2,EV_u_turn,EV_obstacle_left,LEFT
137.818,robot_2,EV_u_turn,EV_red_visible|EV_blue_visible|EV_obstacle_right,RIGHT
137.914,robot_2,EV_u_turn,EV_obstacle_right,RIGHT
138.006,robot_2,EV_u_turn,EV_red_visible|EV_obstacle_right,RIGHT
138.110,robot_2,EV_rotate_counterclockwise,EV_blue_visible|EV_obstacle_right,RIGHT
141.022,robot_2,EV_approach_color,EV_red_not_visible|EV_path_clear|EV_red_visible|EV_blue_visible,CLEAR
141.310,robot_2,EV_approach_color,EV_path_clear,CLEAR
141.525,robot_2,EV_move_forward,EV_path_clear,CLEAR
141.816,robot_2,EV_approach_color,EV_red_not_visible|EV_path_clear|EV_blue_visible,CLEAR
142.104,robot_2,EV_approach_color,EV_path_clear,CLEAR
142.416,robot_2,EV_move_forward,EV_path_clear,CLEAR
142.718,robot_2,EV_move_forward,EV_red_not_visible|EV_path_clear|EV_blue_visible,CLEAR
143.000,robot_2,EV_approach_color,EV_path_clear,CLEAR
143.329,robot_2,EV_approach_color,EV_path_clear,CLEAR
143.540,robot_2,EV_approach_color,EV_path_clear,CLEAR
143.795,robot_2,EV_approach_color,EV_red_not_visible|EV_path_clear|EV_blue_visible,CLEAR
144.127,robot_2,EV_approach_color,EV_path_clear,CLEAR
144.413,robot_2,EV_approach_color,EV_red_not_visible|EV_path_clear,CLEAR
144.627,robot_2,EV_move_forward,EV_blue_not_visible|EV_path_clear,CLEAR
144.924,robot_2,EV_move_forward,EV_path_clear,CLEAR
145.233,robot_2,EV_move_forward,EV_path_clear,CLEAR
145.529,robot_2,EV_move_forward,EV_blue_not_visible|EV_red_not_visible|EV_path_clear,CLEAR
145.795,robot_2,EV_search_color,EV_path_clear,CLEAR
145.915,robot_2,EV_search_color,EV_path_clear,CLEAR
146.045,robot_2,EV_move_forward,EV_path_clear,CLEAR
146.307,robot_2,EV_search_color,EV_blue_not_visible|EV_red_not_visible|EV_path_clear,CLEAR
146.501,robot_2,EV_search_color,EV_path_clear,CLEAR
146.621,robot_2,EV_search_color,EV_path_clear,CLEAR
146.814,robot_2,EV_search_color,EV_path_clear,CLEAR
147.016,robot_2,EV_move_forward,EV_path_clear,CLEAR
147.306,robot_2,EV_move_forward,EV_blue_not_visible|EV_red_not_visible|EV_path_clear,CLEAR
147.523,robot_2,EV_search_color,EV_path_clear,CLEAR
147.707,robot_2,EV_move_forward,EV_path_clear,CLEAR
147.915,robot_2,EV_move_forward,EV_path_clear,CLEAR
148.122,robot_2,EV_move_forward,EV_path_clear,CLEAR
148.429,robot_2,EV_move_forward,EV_blue_not_visible|EV_red_not_visible|EV_path_clear,CLEAR
148.724,robot_2,EV_search_color,EV_path_clear,CLEAR
148.926,robot_2,EV_move_forward,EV_path_clear,CLEAR
149.211,robot_2,EV_move_forward,EV_blue_not_visible|EV_red_not_visible|EV_path_clear,CLEAR
149.507,robot_2,EV_search_color,EV_path_clear,CLEAR
149.624,robot_2,EV_search_color,EV_path_clear,CLEAR
149.831,robot_2,EV_search_color,EV_path_clear,CLEAR
150.007,robot_2,EV_search_color,EV_path_clear,CLEAR
150.120,robot_2,EV_move_forward,EV_path_clear,CLEAR
150.415,robot_2,EV_move_forward,EV_blue_not_visible|EV_red_not_visible|EV_path_clear,CLEAR
150.718,robot_2,EV_search_color,EV_path_clear,CLEAR
150.924,robot_2,EV_move_forward,EV_path_clear,CLEAR
151.222,robot_2,EV_search_color,EV_blue_not_visible|EV_red_not_visible|EV_path_clear,CLEAR
151.333,robot_2,EV_move_forward,EV_path_clear,CLEAR
151.617,robot_2,EV_move_forward,EV_path_clear,CLEAR
151.828,robot_2,EV_move_forward,EV_path_clear,CLEAR
152.103,robot_2,EV_search_color,EV_blue_not_visible|EV_red_not_visible|EV_path_clear,CLEAR
152.297,robot_2,EV_search_color,EV_path_clear,CLEAR
152.428,robot_2,EV_move_forward,EV_path_clear,CLEAR
152.736,robot_2,EV_search_color,EV_path_clear,CLEAR
152.896,robot_2,EV_move_forward,EV_path_clear,CLEAR
153.131,robot_2,EV_move_forward,EV_blue_not_visible|EV_red_not_visible|EV_path_clear,CLEAR
153.403,robot_2,EV_move_forward,EV_path_clear,CLEAR
153.621,robot_2,EV_move_forward,EV_path_clear,CLEAR
153.919,robot_2,EV_search_color,EV_blue_not_visible|EV_red_not_visible|EV_path_clear,CLEAR
154.098,robot_2,EV_search_color,EV_path_clear,CLEAR
154.232,robot_2,EV_search_color,EV_path_clear,CLEAR
154.423,robot_2,EV_move_forward,EV_path_clear,CLEAR
154.645,robot_2,EV_search_color,EV_path_clear,CLEAR
154.828,robot_2,EV_move_forward,EV_red_not_visible|EV_path_clear,CLEAR
155.122,robot_2,EV_move_forward,EV_blue_not_visible|EV_path_clear,CLEAR
155.396,robot_2,EV_move_forward,EV_path_clear,CLEAR
155.714,robot_2,EV_search_color,EV_blue_not_visible|EV_red_not_visible|EV_path_clear,CLEAR
155.931,robot_2,EV_move_forward,EV_path_clear,CLEAR
156.219,robot_2,EV_search_color,EV_path_clear,CLEAR
156.403,robot_2,EV_move_forward,EV_path_clear,CLEAR
156.621,robot_2,EV_move_forward,EV_blue_not_visible|EV_red_not_visible|EV_path_clear,CLEAR
156.915,robot_2,EV_move_forward,EV_path_clear,CLEAR
157.132,robot_2,EV_search_color,EV_path_clear,CLEAR
157.332,robot_2,EV_move_forward,EV_path_clear,CLEAR
157.607,robot_2,EV_move_forward,EV_blue_not_visible|EV_red_not_visible|EV_path_clear,CLEAR
157.927,robot_2,EV_search_color,EV_path_clear,CLEAR
158.118,robot_2,EV_search_color,EV_path_clear,CLEAR
158.332,robot_2,EV_search_color,EV_path_clear,CLEAR
158.513,robot_2,EV_search_color,EV_blue_not_visible|EV_red_not_visible|EV_path_clear,CLEAR
158.722,robot_2,EV_move_forward,EV_path_clear,CLEAR
159.019,robot_2,EV_search_color,EV_path_clear,CLEAR
159.214,robot_2,EV_move_forward,EV_path_clear,CLEAR
159.430,robot_2,EV_move_forward,EV_red_not_visible|EV_path_clear,CLEAR
159.723,robot_2,EV_move_forward,EV_blue_not_visible|EV_path_clear,CLEAR
160.013,robot_2,EV_search_color,EV_path_clear,CLEAR
160.138,robot_2,EV_move_forward,EV_path_clear,CLEAR
160.438,robot_2,EV_rotate_clockwise,EV_red_not_visible|EV_obstacle_left,LEFT
160.602,robot_2,EV_rotate_clockwise,EV_blue_not_visible|EV_obstacle_left,LEFT
160.806,robot_2,EV_u_turn,EV_obstacle_left,LEFT
164.522,robot_2,EV_search_color,EV_blue_not_visible|EV_red_not_visible|EV_path_clear,CLEAR
164.712,robot_2,EV_search_color,EV_path_clear,CLEAR
164.925,robot_2,EV_rotate_counterclockwise,EV_blue_not_visible|EV_red_not_visible|EV_obstacle_right,RIGHT
167.718,robot_2,EV_move_forward,EV_blue_not_visible|EV_path_clear|EV_red_visible,CLEAR
167.999,robot_2,EV_search_color,EV_path_clear,CLEAR
168.111,robot_2,EV_search_color,EV_path_clear,CLEAR
168.225,robot_2,EV_move_forward,EV_path_clear,CLEAR
168.511,robot_2,EV_search_color,EV_path_clear,CLEAR
168.719,robot_2,EV_move_forward,EV_blue_not_visible|EV_path_clear|EV_red_visible,CLEAR
169.022,robot_2,EV_search_color,EV_path_clear,CLEAR
169.208,robot_2,EV_search_color,EV_path_clear,CLEAR
169.318,robot_2,EV_move_forward,EV_path_clear,CLEAR
169.632,robot_2,EV_move_forward,EV_path_clear|EV_red_visible|EV_blue_visible,CLEAR
169.908,robot_2,EV_approach_color,EV_path_clear,CLEAR
170.215,robot_2,EV_move_forward,EV_path_clear,CLEAR
170.434,robot_2,EV_approach_color,EV_path_clear,CLEAR
170.727,robot_2,EV_move_forward,EV_path_clear|EV_red_visible|EV_blue_visible,CLEAR
171.006,robot_2,EV_approach_color,EV_path_clear,CLEAR
171.318,robot_2,EV_move_forward,EV_path_clear,CLEAR
171.521,robot_2,EV_move_forward,EV_path_clear|EV_red_visible|EV_blue_visible,CLEAR
171.808,robot_2,EV_approach_color,EV_path_clear,CLEAR
172.019,robot_2,EV_move_forward,EV_path_clear,CLEAR
172.317,robot_2,EV_move_forward,EV_path_clear|EV_red_visible|EV_blue_visible,CLEAR
172.532,robot_2,EV_approach_color,EV_path_clear,CLEAR
172.815,robot_2,EV_move_forward,EV_path_clear,CLEAR
173.116,robot_2,EV_move_forward,EV_path_clear,CLEAR
173.323,robot_2,EV_approach_color,EV_red_not_visible|EV_path_clear|EV_blue_visible,CLEAR
173.601,robot_2,EV_move_forward,EV_path_clear,CLEAR
173.821,robot_2,EV_move_forward,EV_path_clear,CLEAR
174.131,robot_2,EV_approach_color,EV_red_not_visible|EV_path_clear|EV_blue_visible,CLEAR
174.427,robot_2,EV_approach_color,EV_path_clear,CLEAR
174.718,robot_2,EV_approach_color,EV_path_clear,CLEAR
175.005,robot_2,EV_move_forward,EV_red_not_visible|EV_path_clear|EV_blue_visible,CLEAR
175.311,robot_2,EV_move_forward,EV_path_clear,CLEAR
175.624,robot_2,EV_move_forward,EV_path_clear,CLEAR
175.905,robot_2,EV_move_forward,EV_red_not_visible|EV_path_clear|EV_blue_visible,CLEAR
176.223,robot_2,EV_approach_color,EV_path_clear,CLEAR
176.518,robot_2,EV_approach_color,EV_path_clear,CLEAR
176.733,robot_2,EV_move_forward,EV_red_not_visible|EV_path_clear,CLEAR
177.022,robot_2,EV_move_forward,EV_path_clear|EV_blue_visible,CLEAR
177.316,robot_2,EV_approach_color,EV_path_clear,CLEAR
177.601,robot_2,EV_move_forward,EV_path_clear,CLEAR
177.806,robot_2,EV_move_forward,EV_red_not_visible|EV_path_clear|EV_blue_visible,CLEAR
178.100,robot_2,EV_move_forward,EV_path_clear,CLEAR
178.421,robot_2,EV_move_forward,EV_path_clear,CLEAR
178.701,robot_2,EV_move_forward,EV_red_not_visible|EV_path_clear|EV_blue_visible,CLEAR
178.920,robot_2,EV_move_forward,EV_path_clear,CLEAR
179.206,robot_2,EV_approach_color,EV_path_clear,CLEAR
179.425,robot_2,EV_move_forward,EV_path_clear,CLEAR
179.721,robot_2,EV_approach_color,EV_red_not_visible|EV_path_clear|EV_blue_visible,CLEAR
180.020,robot_2,EV_move_forward,EV_path_clear,CLEAR
180.329,robot_2,EV_approach_color,EV_path_clear,CLEAR
180.615,robot_2,EV_move_forward,EV_red_not_visible|EV_path_clear|EV_blue_visible,CLEAR
180.914,robot_2,EV_approach_color,EV_path_clear,CLEAR
181.136,robot_2,EV_approach_color,EV_path_clear,CLEAR
181.433,robot_2,EV_approach_color,EV_red_not_visible|EV_path_clear|EV_blue_visible,CLEAR
181.707,robot_2,EV_move_forward,EV_path_clear,CLEAR
182.026,robot_2,EV_approach_color,EV_path_clear,CLEAR
182.296,robot_2,EV_move_forward,EV_red_not_visible|EV_path_clear|EV_blue_visible,CLEAR
182.624,robot_2,EV_move_forward,EV_path_clear,CLEAR
182.843,robot_2,EV_approach_color,EV_path_clear,CLEAR
183.117,robot_2,EV_move_forward,EV_red_not_visible|EV_path_clear,CLEAR
183.333,robot_2,EV_move_forward,EV_path_clear|EV_blue_visible,CLEAR
183.616,robot_2,EV_approach_color,EV_path_clear,CLEAR
183.901,robot_2,EV_move_forward,EV_path_clear,CLEAR
184.217,robot_2,EV_approach_color,EV_red_not_visible|EV_path_clear|EV_blue_visible,CLEAR
184.503,robot_2,EV_approach_color,EV_path_clear,CLEAR
184.711,robot_2,EV_move_forward,EV_path_clear,CLEAR
184.928,robot_2,EV_approach_color,EV_red_not_visible|EV_path_clear,CLEAR
185.197,robot_2,EV_approach_color,EV_path_clear|EV_blue_visible,CLEAR
185.423,robot_2,EV_move_forward,EV_path_clear,CLEAR
185.640,robot_2,EV_move_forward,EV_path_clear,CLEAR
185.911,robot_2,EV_move_forward,EV_red_not_visible|EV_path_clear|EV_blue_visible,CLEAR
186.222,robot_2,EV_approach_color,EV_path_clear,CLEAR
186.529,robot_2,EV_move_forward,EV_path_clear,CLEAR
186.813,robot_2,EV_approach_color,EV_red_not_visible|EV_path_clear|EV_blue_visible,CLEAR
187.129,robot_2,EV_approach_color,EV_path_clear,CLEAR
187.420,robot_2,EV_move_forward,EV_path_clear,CLEAR
187.626,robot_2,EV_approach_color,EV_path_clear,CLEAR
187.913,robot_2,EV_approach_color,EV_red_not_visible|EV_path_clear|EV_blue_visible,CLEAR
188.133,robot_2,EV_move_forward,EV_path_clear,CLEAR
188.417,robot_2,EV_move_forward,EV_path_clear,CLEAR
188.628,robot_2,EV_move_forward,EV_path_clear,CLEAR
188.920,robot_2,EV_move_forward,EV_red_not_visible|EV_path_clear|EV_blue_visible,CLEAR
189.213,robot_2,EV_approach_color,EV_path_clear,CLEAR
189.514,robot_2,EV_move_forward,EV_path_clear,CLEAR
189.728,robot_2,EV_approach_color,EV_path_clear,CLEAR
190.017,robot_2,EV_approach_color,EV_red_not_visible|EV_path_clear|EV_blue_visible,CLEAR
190.317,robot_2,EV_move_forward,EV_path_clear,CLEAR
190.630,robot_2,EV_move_forward,EV_path_clear,CLEAR
190.896,robot_2,EV_move_forward,EV_red_not_visible|EV_path_clear|EV_blue_visible,CLEAR
191.124,robot_2,EV_move_forward,EV_path_clear,CLEAR
191.408,robot_2,EV_approach_color,EV_path_clear,CLEAR
191.624,robot_2,EV_move_forward,EV_red_not_visible|EV_path_clear|EV_blue_reached,CLEAR
191.927,robot_2,EV_drop_object,EV_path_clear,CLEAR
192.204,robot_2,EV_move_forward,EV_path_clear,CLEAR
192.441,robot_2,EV_move_forward,EV_path_clear,CLEAR
192.715,robot_2,EV_move_forward,EV_red_not_visible|EV_path_clear|EV_blue_reached,CLEAR
192.927,robot_2,EV_move_forward,EV_path_clear,CLEAR
193.213,robot_2,EV_move_forward,EV_path_clear,CLEAR
193.418,robot_2,EV_u_turn,EV_red_not_visible|EV_obstacle_front,CORNER
197.318,robot_2,EV_move_forward,EV_red_not_visible|EV_path_clear|EV_blue_reached,CLEAR
197.612,robot_2,EV_move_forward,EV_path_clear,CLEAR
197.834,robot_2,EV_move_forward,EV_path_clear,CLEAR
198.109,robot_2,EV_move_forward,EV_red_not_visible|EV_path_clear|EV_blue_reached,CLEAR
198.396,robot_2,EV_move_forward,EV_path_clear,CLEAR
198.627,robot_2,EV_move_forward,EV_path_clear,CLEAR
198.914,robot_2,EV_move_forward,EV_red_not_visible|EV_path_clear,CLEAR
199.227,robot_2,EV_move_forward,EV_path_clear|EV_blue_reached,CLEAR
199.525,robot_2,EV_move_forward,EV_path_clear,CLEAR
199.828,robot_2,EV_move_forward,EV_path_clear,CLEAR
200.112,robot_2,EV_move_forward,EV_red_not_visible|EV_path_clear|EV_blue_reached,CLEAR
200.407,robot_2,EV_move_forward,EV_path_clear,CLEAR
200.637,robot_2,EV_move_forward,EV_path_clear,CLEAR
200.922,robot_2,EV_move_forward,EV_red_not_visible|EV_path_clear|EV_blue_reached,CLEAR
201.209,robot_2,EV_move_forward,EV_path_clear,CLEAR
201.427,robot_2,EV_move_forward,EV_path_clear,CLEAR
201.705,robot_2,EV_move_forward,EV_red_not_visible|EV_path_clear|EV_blue_reached,CLEAR
201.921,robot_2,EV_move_forward,EV_path_clear,CLEAR
202.208,robot_2,EV_move_forward,EV_path_clear,CLEAR
202.426,robot_2,EV_move_forward,EV_path_clear,CLEAR
202.629,robot_2,EV_move_forward,EV_blue_not_visible|EV_red_not_visible|EV_path_clear,CLEAR
202.900,robot_2,EV_move_forward,EV_path_clear,CLEAR
203.215,robot_2,EV_move_forward,EV_path_clear,CLEAR
203.520,robot_2,EV_u_turn,EV_blue_not_visible|EV_red_not_visible|EV_obstacle_right,RIGHT
207.426,robot_2,EV_u_turn,EV_blue_not_visible|EV_red_not_visible|EV_obstacle_right,RIGHT
207.523,robot_2,EV_u_turn,EV_obstacle_right,RIGHT
207.614,robot_2,EV_u_turn,EV_obstacle_right,RIGHT
207.701,robot_2,EV_rotate_counterclockwise,EV_obstacle_right,RIGHT
210.509,robot_2,EV_move_forward,EV_blue_not_visible|EV_red_not_visible|EV_path_clear,CLEAR
210.730,robot_2,EV_move_forward,EV_path_clear,CLEAR
211.016,robot_2,EV_move_forward,EV_blue_not_visible|EV_path_clear|EV_red_visible,CLEAR
211.326,robot_2,EV_move_forward,EV_path_clear,CLEAR
211.534,robot_2,EV_move_forward,EV_path_clear,CLEAR
211.805,robot_2,EV_move_forward,EV_blue_not_visible|EV_path_clear|EV_red_visible,CLEAR
212.017,robot_2,EV_move_forward,EV_path_clear,CLEAR
212.312,robot_2,EV_move_forward,EV_path_clear,CLEAR
212.603,robot_2,EV_move_forward,EV_path_clear,CLEAR
212.908,robot_2,EV_move_forward,EV_blue_not_visible|EV_path_clear|EV_red_visible,CLEAR
213.214,robot_2,EV_move_forward,EV_path_clear,CLEAR
213.426,robot_2,EV_move_forward,EV_path_clear,CLEAR
213.714,robot_2,EV_move_forward,EV_path_clear|EV_blue_reached|EV_red_visible,CLEAR
213.994,robot_2,EV_move_forward,EV_path_clear,CLEAR
214.229,robot_2,EV_move_forward,EV_path_clear,CLEAR
214.540,robot_2,EV_move_forward,EV_path_clear,CLEAR
214.816,robot_2,EV_move_forward,EV_path_clear|EV_blue_reached|EV_red_visible,CLEAR
215.112,robot_2,EV_move_forward,EV_path_clear,CLEAR
215.337,robot_2,EV_move_forward,EV_path_clear,CLEAR
215.602,robot_2,EV_move_forward,EV_path_clear|EV_blue_reached|EV_red_visible,CLEAR
215.901,robot_2,EV_move_forward,EV_path_clear,CLEAR
216.204,robot_2,EV_move_forward,EV_path_clear,CLEAR
216.423,robot_2,EV_move_forward,EV_path_clear|EV_blue_reached|EV_red_visible,CLEAR
216.705,robot_2,EV_move_forward,EV_path_clear,CLEAR
217.032,robot_2,EV_move_forward,EV_path_clear,CLEAR
217.329,robot_2,EV_rotate_counterclockwise,EV_red_visible|EV_obstacle_right,RIGHT
217.517,robot_2,EV_rotate_counterclockwise,EV_blue_reached|EV_obstacle_right,RIGHT
217.694,robot_2,EV_u_turn,EV_obstacle_right,RIGHT
221.513,robot_2,EV_rotate_counterclockwise,EV_blue_reached|EV_obstacle_front|EV_red_visible,CORNER
224.305,robot_2,EV_rotate_counterclockwise,EV_red_not_visible|EV_blue_reached|EV_red_visible|EV_obstacle_right,RIGHT
224.497,robot_2,EV_rotate_counterclockwise,EV_obstacle_right,RIGHT
224.630,robot_2,EV_move_forward,EV_path_clear,CLEAR
224.914,robot_2,EV_move_forward,EV_red_not_visible|EV_path_clear|EV_blue_reached,CLEAR
225.208,robot_2,EV_move_forward,EV_path_clear,CLEAR
225.426,robot_2,EV_move_forward,EV_path_clear,CLEAR
225.717,robot_2,EV_move_forward,EV_red_not_visible|EV_path_clear|EV_blue_reached,CLEAR
226.019,robot_2,EV_move_forward,EV_path_clear,CLEAR
226.228,robot_2,EV_move_forward,EV_path_clear,CLEAR
226.444,robot_2,EV_move_forward,EV_path_clear,CLEAR
226.708,robot_2,EV_move_forward,EV_red_not_visible|EV_path_clear|EV_blue_reached,CLEAR
227.012,robot_2,EV_move_forward,EV_path_clear,CLEAR
227.319,robot_2,EV_move_forward,EV_path_clear,CLEAR
227.613,robot_2,EV_move_forward,EV_red_not_visible|EV_path_clear|EV_blue_reached,CLEAR
227.907,robot_2,EV_move_forward,EV_path_clear,CLEAR
228.126,robot_2,EV_move_forward,EV_path_clear,CLEAR
228.405,robot_2,EV_move_forward,EV_red_not_visible|EV_path_clear,CLEAR
228.723,robot_2,EV_move_forward,EV_path_clear|EV_blue_reached,CLEAR
229.016,robot_2,EV_move_forward,EV_path_clear,CLEAR
229.305,robot_2,EV_move_forward,EV_red_not_visible|EV_path_clear,CLEAR
229.609,robot_2,EV_move_forward,EV_blue_not_visible|EV_path_clear,CLEAR
229.911,robot_2,EV_move_forward,EV_path_clear,CLEAR
230.211,robot_2,EV_move_forward,EV_path_clear,CLEAR
230.528,robot_2,EV_move_forward,EV_blue_not_visible|EV_red_not_visible|EV_path_clear,CLEAR
230.808,robot_2,EV_move_forward,EV_path_clear,CLEAR
231.116,robot_2,EV_move_forward,EV_path_clear,CLEAR
231.421,robot_2,EV_move_forward,EV_blue_not_visible|EV_red_not_visible|EV_path_clear,CLEAR
231.722,robot_2,EV_move_forward,EV_path_clear,CLEAR
231.932,robot_2,EV_move_forward,EV_path_clear,CLEAR
232.226,robot_2,EV_u_turn,EV_obstacle_right,RIGHT
236.121,robot_2,EV_rotate_clockwise,EV_blue_not_visible|EV_red_not_visible|EV_obstacle_left,LEFT
238.905,robot_2,EV_rotate_clockwise,EV_blue_not_visible|EV_red_not_visible|EV_obstacle_left,LEFT
239.121,robot_2,EV_u_turn,EV_obstacle_left,LEFT
243.019,robot_2,EV_rotate_clockwise,EV_blue_not_visible|EV_red_not_visible|EV_obstacle_front,CORNER
243.242,robot_2,EV_rotate_counterclockwise,EV_obstacle_right,RIGHT
243.408,robot_2,EV_rotate_counterclockwise,EV_blue_not_visible|EV_red_not_visible|EV_obstacle_right,RIGHT
243.597,robot_2,EV_rotate_counterclockwise,EV_obstacle_right,RIGHT
243.722,robot_2,EV_u_turn,EV_obstacle_right,RIGHT
243.809,robot_2,EV_rotate_counterclockwise,EV_obstacle_right,RIGHT
244.003,robot_2,EV_u_turn,EV_obstacle_right,RIGHT
244.124,robot_2,EV_rotate_counterclockwise,EV_obstacle_right,RIGHT
244.310,robot_2,EV_u_turn,EV_blue_not_visible|EV_red_not_visible|EV_obstacle_right,RIGHT
244.405,robot_2,EV_rotate_counterclockwise,EV_obstacle_right,RIGHT
244.527,robot_2,EV_u_turn,EV_obstacle_right,RIGHT
244.620,robot_2,EV_u_turn,EV_obstacle_right,RIGHT
244.699,robot_2,EV_rotate_counterclockwise,EV_obstacle_right,RIGHT
244.828,robot_2,EV_rotate_counterclockwise,EV_obstacle_right,RIGHT
245.021,robot_2,EV_u_turn,EV_obstacle_right,RIGHT
245.114,robot_2,EV_move_forward,EV_path_clear,CLEAR
245.331,robot_2,EV_move_forward,EV_blue_not_visible|EV_red_not_visible|EV_path_clear,CLEAR
245.601,robot_2,EV_move_forward,EV_path_clear,CLEAR
245.803,robot_2,EV_move_forward,EV_path_clear,CLEAR
246.034,robot_2,EV_move_forward,EV_path_clear,CLEAR
246.324,robot_2,EV_move_forward,EV_blue_not_visible|EV_path_clear|EV_red_visible,CLEAR
246.609,robot_2,EV_move_forward,EV_path_clear,CLEAR
246.895,robot_2,EV_move_forward,EV_path_clear,CLEAR
247.115,robot_2,EV_move_forward,EV_path_clear|EV_red_visible,CLEAR
247.408,robot_2,EV_move_forward,EV_blue_not_visible|EV_path_clear,CLEAR
247.615,robot_2,EV_move_forward,EV_path_clear,CLEAR
247.900,robot_2,EV_move_forward,EV_path_clear,CLEAR
248.127,robot_2,EV_move_forward,EV_path_clear,CLEAR
248.404,robot_2,EV_move_forward,EV_blue_not_visible|EV_path_clear|EV_red_visible,CLEAR
248.721,robot_2,EV_move_forward,EV_path_clear,CLEAR
249.014,robot_2,EV_move_forward,EV_blue_not_visible|EV_path_clear|EV_red_visible,CLEAR
249.332,robot_2,EV_move_forward,EV_path_clear,CLEAR
249.622,robot_2,EV_move_forward,EV_path_clear,CLEAR
249.919,robot_2,EV_move_forward,EV_blue_not_visible|EV_path_clear|EV_red_visible,CLEAR
250.227,robot_2,EV_move_forward,EV_path_clear,CLEAR
250.528,robot_2,EV_move_forward,EV_path_clear,CLEAR
250.825,robot_2,EV_move_forward,EV_blue_not_visible|EV_path_clear|EV_red_visible,CLEAR
251.124,robot_2,EV_move_forward,EV_path_clear,CLEAR
251.413,robot_2,EV_move_forward,EV_path_clear,CLEAR
251.723,robot_2,EV_move_forward,EV_path_clear,CLEAR
251.995,robot_2,EV_move_forward,EV_blue_not_visible|EV_path_clear|EV_red_visible,CLEAR
252.322,robot_2,EV_move_forward,EV_path_clear,CLEAR
252.613,robot_2,EV_move_forward,EV_path_clear,CLEAR
252.826,robot_2,EV_move_forward,EV_path_clear,CLEAR
253.119,robot_2,EV_u_turn,EV_blue_not_visible|EV_obstacle_front|EV_red_visible,CORNER
256.915,robot_2,EV_move_forward,EV_blue_not_visible|EV_path_clear|EV_red_visible,CLEAR
257.207,robot_2,EV_move_forward,EV_path_clear,CLEAR
257.421,robot_2,EV_move_forward,EV_path_clear,CLEAR
257.724,robot_2,EV_move_forward,EV_path_clear|EV_red_visible|EV_blue_visible,CLEAR
258.024,robot_2,EV_move_forward,EV_path_clear,CLEAR
258.302,robot_2,EV_move_forward,EV_path_clear,CLEAR
258.540,robot_2,EV_move_forward,EV_path_clear|EV_red_visible|EV_blue_visible,CLEAR
258.819,robot_2,EV_move_forward,EV_path_clear,CLEAR
259.024,robot_2,EV_move_forward,EV_path_clear,CLEAR
259.306,robot_2,EV_move_forward,EV_path_clear|EV_red_visible|EV_blue_visible,CLEAR
259.610,robot_2,EV_move_forward,EV_path_clear,CLEAR
259.936,robot_2,EV_move_forward,EV_path_clear,CLEAR
260.199,robot_2,EV_move_forward,EV_red_not_visible|EV_path_clear|EV_blue_reached,CLEAR
260.519,robot_2,EV_move_forward,EV_path_clear,CLEAR
260.810,robot_2,EV_move_forward,EV_path_clear,CLEAR
261.109,robot_2,EV_u_turn,EV_red_not_visible|EV_blue_reached|EV_obstacle_left,LEFT
264.911,robot_2,EV_move_forward,EV_red_not_visible|EV_path_clear|EV_blue_reached,CLEAR
265.206,robot_2,EV_move_forward,EV_path_clear,CLEAR
265.432,robot_2,EV_move_forward,EV_path_clear,CLEAR
265.718,robot_2,EV_move_forward,EV_red_not_visible|EV_path_clear|EV_blue_reached,CLEAR
266.009,robot_2,EV_move_forward,EV_path_clear,CLEAR
266.310,robot_2,EV_move_forward,EV_path_clear,CLEAR
266.535,robot_2,EV_move_forward,EV_path_clear,CLEAR
266.819,robot_2,EV_move_forward,EV_red_not_visible|EV_path_clear|EV_blue_reached,CLEAR
267.109,robot_2,EV_move_forward,EV_path_clear,CLEAR
267.321,robot_2,EV_move_forward,EV_path_clear,CLEAR
267.599,robot_2,EV_move_forward,EV_red_not_visible|EV_path_clear|EV_blue_reached,CLEAR
267.824,robot_2,EV_move_forward,EV_path_clear,CLEAR
268.113,robot_2,EV_move_forward,EV_path_clear,CLEAR
268.322,robot_2,EV_move_forward,EV_path_clear,CLEAR
268.612,robot_2,EV_move_forward,EV_red_not_visible|EV_path_clear|EV_blue_reached,CLEAR
268.914,robot_2,EV_move_forward,EV_path_clear,CLEAR
269.143,robot_2,EV_move_forward,EV_path_clear,CLEAR
269.411,robot_2,EV_move_forward,EV_red_not_visible|EV_path_clear|EV_blue_reached,CLEAR
269.634,robot_2,EV_move_forward,EV_path_clear,CLEAR
269.916,robot_2,EV_move_forward,EV_path_clear,CLEAR
270.208,robot_2,EV_move_forward,EV_red_not_visible|EV_path_clear,CLEAR
270.516,robot_2,EV_move_forward,EV_path_clear|EV_blue_reached,CLEAR
270.734,robot_2,EV_move_forward,EV_path_clear,CLEAR
271.036,robot_2,EV_move_forward,EV_path_clear,CLEAR
271.321,robot_2,EV_move_forward,EV_red_not_visible|EV_path_clear|EV_blue_reached,CLEAR
271.619,robot_2,EV_move_forward,EV_path_clear,CLEAR
271.907,robot_2,EV_move_forward,EV_path_clear,CLEAR
272.217,robot_2,EV_u_turn,EV_red_not_visible|EV_blue_reached|EV_obstacle_right,RIGHT
276.022,robot_2,EV_move_forward,EV_red_not_visible|EV_path_clear|EV_blue_reached,CLEAR
276.306,robot_2,EV_move_forward,EV_path_clear,CLEAR
276.531,robot_2,EV_move_forward,EV_red_not_visible|EV_path_clear|EV_blue_reached,CLEAR
276.819,robot_2,EV_move_forward,EV_path_clear,CLEAR
277.118,robot_2,EV_move_forward,EV_path_clear,CLEAR
277.337,robot_2,EV_move_forward,EV_path_clear,CLEAR
277.623,robot_2,EV_move_forward,EV_blue_not_visible|EV_red_not_visible|EV_path_clear,CLEAR
277.908,robot_2,EV_move_forward,EV_path_clear,CLEAR
278.206,robot_2,EV_move_forward,EV_path_clear,CLEAR
278.416,robot_2,EV_u_turn,EV_obstacle_right,RIGHT
282.197,robot_2,EV_move_forward,EV_blue_not_visible|EV_path_clear|EV_red_visible,CLEAR
282.514,robot_2,EV_move_forward,EV_path_clear,CLEAR
282.721,robot_2,EV_move_forward,EV_path_clear,CLEAR
283.000,robot_2,EV_move_forward,EV_path_clear,CLEAR
283.207,robot_2,EV_move_forward,EV_blue_not_visible|EV_path_clear|EV_red_visible,CLEAR
283.427,robot_2,EV_move_forward,EV_path_clear,CLEAR
283.710,robot_2,EV_move_forward,EV_path_clear,CLEAR
283.929,robot_2,EV_u_turn,EV_red_visible|EV_obstacle_left,LEFT
284.039,robot_2,EV_rotate_clockwise,EV_obstacle_left|EV_blue_visible,LEFT
284.218,robot_2,EV_rotate_clockwise,EV_obstacle_left,LEFT
284.331,robot_2,EV_u_turn,EV_obstacle_left,LEFT
284.423,robot_2,EV_rotate_clockwise,EV_obstacle_left,LEFT
284.607,robot_2,EV_rotate_clockwise,EV_obstacle_left,LEFT
284.811,robot_2,EV_u_turn,EV_obstacle_left,LEFT
288.729,robot_2,EV_move_forward,EV_path_clear|EV_blue_reached|EV_red_visible,CLEAR
289.006,robot_2,EV_move_forward,EV_path_clear,CLEAR
289.236,robot_2,EV_move_forward,EV_path_clear,CLEAR
289.512,robot_2,EV_move_forward,EV_path_clear|EV_blue_reached|EV_red_visible,CLEAR
289.795,robot_2,EV_move_forward,EV_path_clear,CLEAR
290.023,robot_2,EV_move_forward,EV_path_clear,CLEAR
290.318,robot_2,EV_rotate_counterclockwise,EV_red_visible|EV_obstacle_right,RIGHT
290.512,robot_2,EV_rotate_counterclockwise,EV_blue_reached|EV_obstacle_right,RIGHT
290.724,robot_2,EV_u_turn,EV_obstacle_right,RIGHT
290.804,robot_2,EV_u_turn,EV_obstacle_right,RIGHT
290.902,robot_2,EV_u_turn,EV_obstacle_right,RIGHT
294.707,robot_2,EV_move_forward,EV_red_not_visible|EV_path_clear|EV_blue_reached,CLEAR
294.998,robot_2,EV_move_forward,EV_red_not_visible|EV_path_clear,CLEAR
295.212,robot_2,EV_move_forward,EV_path_clear|EV_blue_reached,CLEAR
295.522,robot_2,EV_move_forward,EV_path_clear,CLEAR
295.816,robot_2,EV_move_forward,EV_path_clear,CLEAR
296.119,robot_2,EV_move_forward,EV_red_not_visible|EV_path_clear|EV_blue_reached,CLEAR
296.415,robot_2,EV_move_forward,EV_path_clear,CLEAR
296.642,robot_2,EV_move_forward,EV_path_clear,CLEAR
296.928,robot_2,EV_rotate_counterclockwise,EV_red_not_visible|EV_blue_reached|EV_obstacle_right,RIGHT
297.111,robot_2,EV_rotate_counterclockwise,EV_obstacle_right,RIGHT
297.306,robot_2,EV_rotate_counterclockwise,EV_obstacle_right,RIGHT
297.535,robot_2,EV_u_turn,EV_obstacle_right,RIGHT
301.433,robot_2,EV_u_turn,EV_blue_not_visible|EV_red_not_visible|EV_obstacle_right,RIGHT
301.500,robot_2,EV_u_turn,EV_obstacle_right,RIGHT
301.614,robot_2,EV_rotate_counterclockwise,EV_obstacle_right,RIGHT
304.408,robot_2,EV_move_forward,EV_blue_not_visible|EV_path_clear|EV_red_visible,CLEAR
304.630,robot_2,EV_move_forward,EV_path_clear,CLEAR
304.897,robot_2,EV_move_forward,EV_blue_not_visible|EV_path_clear|EV_red_visible,CLEAR
305.115,robot_2,EV_move_forward,EV_path_clear,CLEAR
305.328,robot_2,EV_move_forward,EV_path_clear,CLEAR
305.539,robot_2,EV_move_forward,EV_path_clear,CLEAR
305.822,robot_2,EV_move_forward,EV_path_clear|EV_blue_reached|EV_red_visible,CLEAR
306.104,robot_2,EV_move_forward,EV_path_clear,CLEAR
306.315,robot_2,EV_move_forward,EV_path_clear,CLEAR
306.601,robot_2,EV_rotate_clockwise,EV_blue_reached|EV_red_visible|EV_obstacle_left,LEFT
306.812,robot_2,EV_u_turn,EV_obstacle_left,LEFT
310.624,robot_2,EV_rotate_counterclockwise,EV_blue_reached|EV_red_visible|EV_obstacle_right,RIGHT
313.430,robot_2,EV_move_forward,EV_red_not_visible|EV_path_clear|EV_blue_reached|EV_red_visible,CLEAR
313.713,robot_2,EV_move_forward,EV_path_clear,CLEAR
313.935,robot_2,EV_move_forward,EV_path_clear,CLEAR
314.216,robot_2,EV_move_forward,EV_red_not_visible|EV_path_clear|EV_blue_reached,CLEAR
314.519,robot_2,EV_move_forward,EV_path_clear,CLEAR
314.803,robot_2,EV_move_forward,EV_path_clear,CLEAR
315.131,robot_2,EV_u_turn,EV_red_not_visible|EV_obstacle_right,RIGHT
318.915,robot_2,EV_u_turn,EV_red_not_visible|EV_blue_reached|EV_obstacle_right,RIGHT
319.012,robot_2,EV_rotate_counterclockwise,EV_obstacle_right,RIGHT
319.211,robot_2,EV_move_forward,EV_red_not_visible|EV_path_clear|EV_blue_reached,CLEAR
319.519,robot_2,EV_move_forward,EV_path_clear,CLEAR
319.816,robot_2,EV_move_forward,EV_path_clear,CLEAR
320.047,robot_2,EV_move_forward,EV_path_clear,CLEAR
320.315,robot_2,EV_move_forward,EV_red_not_visible|EV_path_clear|EV_blue_reached,CLEAR
320.619,robot_2,EV_move_forward,EV_path_clear,CLEAR
320.911,robot_2,EV_move_forward,EV_path_clear,CLEAR
321.213,robot_2,EV_move_forward,EV_blue_not_visible|EV_red_not_visible|EV_path_clear,CLEAR
321.526,robot_2,EV_move_forward,EV_path_clear,CLEAR
321.814,robot_2,EV_move_forward,EV_path_clear,CLEAR
322.125,robot_2,EV_move_forward,EV_path_clear,CLEAR
322.399,robot_2,EV_rotate_counterclockwise,EV_blue_not_visible|EV_red_not_visible|EV_obstacle_right,RIGHT
322.642,robot_2,EV_rotate_counterclockwise,EV_obstacle_right,RIGHT
322.812,robot_2,EV_u_turn,EV_obstacle_right,RIGHT
326.625,robot_2,EV_move_forward,EV_blue_not_visible|EV_path_clear|EV_red_visible,CLEAR
326.926,robot_2,EV_move_forward,EV_path_clear,CLEAR
327.159,robot_2,EV_move_forward,EV_path_clear,CLEAR
327.411,robot_2,EV_move_forward,EV_path_clear,CLEAR
327.621,robot_2,EV_move_forward,EV_blue_not_visible|EV_path_clear|EV_red_visible,CLEAR
327.915,robot_2,EV_move_forward,EV_path_clear,CLEAR
328.219,robot_2,EV_move_forward,EV_path_clear,CLEAR
328.524,robot_2,EV_move_forward,EV_blue_not_visible|EV_path_clear|EV_red_visible,CLEAR
328.814,robot_2,EV_move_forward,EV_path_clear,CLEAR
329.023,robot_2,EV_move_forward,EV_path_clear,CLEAR
329.314,robot_2,EV_move_forward,EV_path_clear,CLEAR
329.631,robot_2,EV_move_forward,EV_blue_not_visible|EV_path_clear|EV_red_visible,CLEAR
329.919,robot_2,EV_move_forward,EV_path_clear,CLEAR
330.234,robot_2,EV_move_forward,EV_path_clear,CLEAR
330.511,robot_2,EV_move_forward,EV_path_clear|EV_blue_reached|EV_red_visible,CLEAR
330.729,robot_2,EV_move_forward,EV_path_clear,CLEAR
330.934,robot_2,EV_move_forward,EV_path_clear,CLEAR
331.211,robot_2,EV_move_forward,EV_path_clear|EV_red_visible,CLEAR
331.498,robot_2,EV_move_forward,EV_path_clear|EV_blue_reached,CLEAR
331.827,robot_2,EV_move_forward,EV_path_clear,CLEAR
332.118,robot_2,EV_move_forward,EV_path_clear,CLEAR
332.406,robot_2,EV_move_forward,EV_path_clear|EV_blue_reached|EV_red_visible,CLEAR
332.709,robot_2,EV_move_forward,EV_path_clear,CLEAR
333.011,robot_2,EV_move_forward,EV_path_clear,CLEAR
333.239,robot_2,EV_u_turn,EV_obstacle_right,RIGHT
337.013,robot_2,EV_u_turn,EV_blue_reached|EV_red_visible|EV_obstacle_left,LEFT
337.117,robot_2,EV_u_turn,EV_obstacle_left,LEFT
337.214,robot_2,EV_move_forward,EV_path_clear,CLEAR
337.528,robot_2,EV_move_forward,EV_path_clear|EV_blue_reached|EV_red_visible,CLEAR
337.829,robot_2,EV_move_forward,EV_path_clear,CLEAR
338.124,robot_2,EV_move_forward,EV_path_clear,CLEAR
338.424,robot_2,EV_move_forward,EV_path_clear|EV_blue_reached|EV_red_visible,CLEAR
338.719,robot_2,EV_move_forward,EV_path_clear,CLEAR
338.925,robot_2,EV_move_forward,EV_path_clear,CLEAR
339.129,robot_2,EV_move_forward,EV_path_clear,CLEAR
339.333,robot_2,EV_rotate_counterclockwise,EV_red_not_visible|EV_obstacle_front,CORNER
339.498,robot_2,EV_u_turn,EV_blue_reached|EV_obstacle_front,CORNER
343.322,robot_2,EV_move_forward,EV_red_not_visible|EV_path_clear|EV_blue_reached,CLEAR
343.616,robot_2,EV_move_forward,EV_path_clear,CLEAR
343.825,robot_2,EV_move_forward,EV_path_clear,CLEAR
344.099,robot_2,EV_move_forward,EV_red_not_visible|EV_path_clear,CLEAR
344.409,robot_2,EV_move_forward,EV_path_clear|EV_blue_reached,CLEAR
344.711,robot_2,EV_move_forward,EV_path_clear,CLEAR
345.036,robot_2,EV_move_forward,EV_path_clear,CLEAR
345.312,robot_2,EV_move_forward,EV_red_not_visible|EV_path_clear|EV_blue_reached,CLEAR
345.610,robot_2,EV_move_forward,EV_path_clear,CLEAR
345.913,robot_2,EV_move_forward,EV_path_clear,CLEAR
346.147,robot_2,EV_move_forward,EV_red_not_visible|EV_path_clear,CLEAR
346.424,robot_2,EV_move_forward,EV_path_clear|EV_blue_reached,CLEAR
346.709,robot_2,EV_move_forward,EV_path_clear,CLEAR
347.002,robot_2,EV_move_forward,EV_path_clear,CLEAR
347.313,robot_2,EV_move_forward,EV_red_not_visible|EV_path_clear|EV_blue_reached,CLEAR
347.611,robot_2,EV_move_forward,EV_path_clear,CLEAR
347.925,robot_2,EV_rotate_clockwise,EV_obstacle_left,LEFT
348.125,robot_2,EV_rotate_clockwise,EV_red_not_visible|EV_blue_reached|EV_obstacle_left,LEFT
348.314,robot_2,EV_u_turn,EV_obstacle_left,LEFT
352.209,robot_2,EV_move_forward,EV_red_not_visible|EV_path_clear|EV_blue_reached,CLEAR
352.518,robot_2,EV_u_turn,EV_red_not_visible|EV_blue_reached|EV_obstacle_right,RIGHT
352.610,robot_2,EV_u_turn,EV_obstacle_right,RIGHT
352.713,robot_2,EV_rotate_counterclockwise,EV_obstacle_right,RIGHT
355.514,robot_2,EV_move_forward,EV_red_not_visible|EV_path_clear|EV_blue_reached,CLEAR
355.805,robot_2,EV_move_forward,EV_path_clear,CLEAR
356.109,robot_2,EV_move_forward,EV_path_clear,CLEAR
356.404,robot_2,EV_move_forward,EV_path_clear|EV_blue_reached|EV_red_visible,CLEAR
356.721,robot_2,EV_move_forward,EV_path_clear,CLEAR
357.003,robot_2,EV_move_forward,EV_path_clear,CLEAR
357.327,robot_2,EV_move_forward,EV_path_clear|EV_blue_reached|EV_red_visible,CLEAR
357.609,robot_2,EV_move_forward,EV_path_clear,CLEAR
357.919,robot_2,EV_move_forward,EV_path_clear,CLEAR
358.203,robot_2,EV_move_forward,EV_path_clear|EV_blue_reached|EV_red_visible,CLEAR
358.420,robot_2,EV_move_forward,EV_path_clear,CLEAR
358.740,robot_2,EV_move_forward,EV_path_clear,CLEAR
359.017,robot_2,EV_move_forward,EV_path_clear|EV_red_visible,CLEAR
359.311,robot_2,EV_move_forward,EV_path_clear|EV_blue_reached,CLEAR
359.606,robot_2,EV_move_forward,EV_path_clear,CLEAR
359.927,robot_2,EV_move_forward,EV_path_clear,CLEAR
360.210,robot_2,EV_move_forward,EV_path_clear|EV_blue_reached|EV_red_visible,CLEAR
360.523,robot_2,EV_move_forward,EV_path_clear,CLEAR
360.824,robot_2,EV_rotate_counterclockwise,EV_red_visible|EV_obstacle_right,RIGHT
361.018,robot_2,EV_rotate_counterclockwise,EV_blue_reached|EV_obstacle_right,RIGHT
361.208,robot_2,EV_u_turn,EV_obstacle_right,RIGHT
365.094,robot_2,EV_move_forward,EV_path_clear|EV_blue_reached|EV_red_visible,CLEAR
365.408,robot_2,EV_move_forward,EV_path_clear,CLEAR
365.699,robot_2,EV_move_forward,EV_path_clear|EV_blue_reached|EV_red_visible,CLEAR
366.023,robot_2,EV_move_forward,EV_path_clear,CLEAR
366.314,robot_2,EV_move_forward,EV_path_clear,CLEAR
366.631,robot_2,EV_move_backward,EV_blue_reached|EV_obstacle_front|EV_red_visible,CORNER
366.909,robot_2,EV_u_turn,EV_obstacle_front,CORNER
367.026,robot_2,EV_rotate_clockwise,EV_obstacle_front,CORNER
367.233,robot_2,EV_move_backward,EV_obstacle_front,CORNER
367.499,robot_2,EV_move_backward,EV_red_not_visible|EV_blue_reached|EV_obstacle_front,CORNER
367.812,robot_2,EV_move_backward,EV_obstacle_front,CORNER
368.141,robot_2,EV_move_backward,EV_obstacle_front,CORNER
368.402,robot_2,EV_move_backward,EV_red_not_visible|EV_blue_reached|EV_obstacle_front,CORNER
368.622,robot_2,EV_move_backward,EV_obstacle_front,CORNER
368.927,robot_2,EV_rotate_counterclockwise,EV_obstacle_front,CORNER
369.130,robot_2,EV_move_forward,EV_red_not_visible|EV_path_clear,CLEAR
369.410,robot_2,EV_move_forward,EV_path_clear|EV_blue_reached,CLEAR
369.719,robot_2,EV_move_forward,EV_path_clear,CLEAR
370.023,robot_2,EV_rotate_counterclockwise,EV_red_not_visible|EV_blue_reached|EV_obstacle_front,CORNER
370.211,robot_2,EV_u_turn,EV_obstacle_front,CORNER
374.022,robot_2,EV_move_forward,EV_red_not_visible|EV_path_clear|EV_blue_reached,CLEAR
374.298,robot_2,EV_move_forward,EV_path_clear,CLEAR
374.505,robot_2,EV_move_forward,EV_path_clear,CLEAR
374.825,robot_2,EV_move_forward,EV_red_not_visible|EV_path_clear|EV_blue_reached,CLEAR
375.104,robot_2,EV_move_forward,EV_path_clear,CLEAR
375.420,robot_2,EV_move_forward,EV_red_not_visible|EV_path_clear,CLEAR
375.711,robot_2,EV_move_forward,EV_path_clear|EV_blue_reached,CLEAR
376.017,robot_2,EV_move_forward,EV_path_clear,CLEAR
376.321,robot_2,EV_move_forward,EV_path_clear,CLEAR
376.635,robot_2,EV_move_forward,EV_red_not_visible|EV_path_clear|EV_blue_reached,CLEAR
376.928,robot_2,EV_move_forward,EV_path_clear,CLEAR
377.209,robot_2,EV_move_forward,EV_path_clear,CLEAR
377.502,robot_2,EV_move_forward,EV_red_not_visible|EV_path_clear|EV_blue_reached,CLEAR
377.721,robot_2,EV_move_forward,EV_path_clear,CLEAR
378.024,robot_2,EV_move_forward,EV_path_clear,CLEAR
378.305,robot_2,EV_move_forward,EV_blue_not_visible|EV_red_not_visible|EV_path_clear,CLEAR
378.611,robot_2,EV_move_forward,EV_path_clear,CLEAR
378.909,robot_2,EV_move_forward,EV_path_clear,CLEAR
379.119,robot_2,EV_move_forward,EV_path_clear,CLEAR
379.330,robot_2,EV_rotate_clockwise,EV_red_not_visible|EV_obstacle_left,LEFT
379.500,robot_2,EV_rotate_clockwise,EV_blue_not_visible|EV_obstacle_left,LEFT
379.719,robot_2,EV_rotate_clockwise,EV_obstacle_left,LEFT
379.929,robot_2,EV_u_turn,EV_obstacle_left,LEFT
383.818,robot_2,EV_u_turn,EV_blue_not_visible|EV_red_not_visible|EV_obstacle_right,RIGHT
383.909,robot_2,EV_u_turn,EV_obstacle_right,RIGHT
384.001,robot_2,EV_u_turn,EV_red_not_visible|EV_obstacle_right,RIGHT
384.125,robot_2,EV_rotate_counterclockwise,EV_blue_not_visible|EV_obstacle_right,RIGHT
386.923,robot_2,EV_move_forward,EV_blue_not_visible|EV_red_not_visible|EV_path_clear,CLEAR
387.233,robot_2,EV_move_forward,EV_path_clear,CLEAR
387.508,robot_2,EV_move_forward,EV_path_clear,CLEAR
387.726,robot_2,EV_move_forward,EV_path_clear,CLEAR
388.028,robot_2,EV_move_forward,EV_blue_not_visible|EV_path_clear|EV_red_visible,CLEAR
388.319,robot_2,EV_move_forward,EV_path_clear,CLEAR
388.650,robot_2,EV_move_forward,EV_path_clear,CLEAR
388.914,robot_2,EV_move_forward,EV_path_clear|EV_red_visible,CLEAR
389.229,robot_2,EV_move_forward,EV_blue_not_visible|EV_path_clear,CLEAR
389.498,robot_2,EV_move_forward,EV_path_clear,CLEAR
389.719,robot_2,EV_move_forward,EV_path_clear,CLEAR
390.006,robot_2,EV_move_forward,EV_blue_not_visible|EV_path_clear|EV_red_visible,CLEAR
390.222,robot_2,EV_move_forward,EV_path_clear,CLEAR
390.433,robot_2,EV_move_forward,EV_path_clear,CLEAR
390.714,robot_2,EV_move_forward,EV_path_clear,CLEAR
391.039,robot_2,EV_move_forward,EV_blue_not_visible|EV_path_clear|EV_red_visible,CLEAR
391.337,robot_2,EV_move_forward,EV_path_clear,CLEAR
391.603,robot_2,EV_move_forward,EV_path_clear,CLEAR
391.823,robot_2,EV_rotate_counterclockwise,EV_obstacle_front,CORNER
392.001,robot_2,EV_rotate_clockwise,EV_blue_not_visible|EV_obstacle_front|EV_red_visible,CORNER
392.226,robot_2,EV_move_backward,EV_obstacle_front,CORNER
392.519,robot_2,EV_rotate_counterclockwise,EV_obstacle_front,CORNER
392.716,robot_2,EV_u_turn,EV_obstacle_front|EV_red_visible,CORNER
396.524,robot_2,EV_move_forward,EV_blue_not_visible|EV_path_clear|EV_red_visible,CLEAR
396.817,robot_2,EV_move_forward,EV_path_clear,CLEAR
397.127,robot_2,EV_move_forward,EV_path_clear,CLEAR
397.432,robot_2,EV_move_forward,EV_path_clear|EV_red_visible|EV_blue_visible,CLEAR
397.698,robot_2,EV_move_forward,EV_path_clear,CLEAR
397.915,robot_2,EV_move_forward,EV_path_clear,CLEAR
398.121,robot_2,EV_move_forward,EV_path_clear,CLEAR
398.402,robot_2,EV_move_forward,EV_path_clear|EV_red_visible|EV_blue_visible,CLEAR
398.722,robot_2,EV_move_forward,EV_path_clear,CLEAR
399.016,robot_2,EV_move_forward,EV_path_clear,CLEAR
399.307,robot_2,EV_move_forward,EV_red_not_visible|EV_path_clear,CLEAR
399.529,robot_2,EV_move_forward,EV_path_clear|EV_blue_reached,CLEAR
399.820,robot_2,EV_move_forward,EV_path_clear,CLEAR
400.113,robot_2,EV_rotate_clockwise,EV_red_not_visible|EV_obstacle_front,CORNER
400.304,robot_2,EV_rotate_counterclockwise,EV_blue_reached|EV_obstacle_front,CORNER
400.518,robot_2,EV_move_backward,EV_obstacle_front,CORNER
400.730,robot_2,EV_rotate_counterclockwise,EV_obstacle_front,CORNER
400.932,robot_2,EV_move_backward,EV_obstacle_front,CORNER
401.219,robot_2,EV_u_turn,EV_red_not_visible|EV_blue_reached|EV_obstacle_front,CORNER
405.019,robot_2,EV_move_forward,EV_red_not_visible|EV_path_clear|EV_blue_reached,CLEAR
405.301,robot_2,EV_move_forward,EV_path_clear,CLEAR
405.611,robot_2,EV_move_forward,EV_red_not_visible|EV_path_clear|EV_blue_reached,CLEAR
405.920,robot_2,EV_move_forward,EV_path_clear,CLEAR
406.207,robot_2,EV_move_forward,EV_path_clear,CLEAR
406.430,robot_2,EV_move_forward,EV_red_not_visible|EV_path_clear,CLEAR
406.709,robot_2,EV_move_forward,EV_path_clear|EV_blue_reached,CLEAR
407.020,robot_2,EV_move_forward,EV_path_clear,CLEAR
407.322,robot_2,EV_move_forward,EV_path_clear,CLEAR
407.526,robot_2,EV_move_forward,EV_red_not_visible|EV_path_clear|EV_blue_reached,CLEAR
407.808,robot_2,EV_move_forward,EV_path_clear,CLEAR
408.009,robot_2,EV_move_forward,EV_path_clear,CLEAR
408.225,robot_2,EV_move_forward,EV_path_clear,CLEAR
408.496,robot_2,EV_move_forward,EV_red_not_visible|EV_path_clear|EV_blue_reached,CLEAR
408.803,robot_2,EV_move_forward,EV_path_clear,CLEAR
409.018,robot_2,EV_move_forward,EV_path_clear,CLEAR
409.316,robot_2,EV_rotate_clockwise,EV_red_not_visible|EV_obstacle_left,LEFT
409.514,robot_2,EV_rotate_clockwise,EV_blue_reached|EV_obstacle_left,LEFT
409.727,robot_2,EV_rotate_clockwise,EV_obstacle_left,LEFT
409.903,robot_2,EV_u_turn,EV_obstacle_left,LEFT
413.626,robot_2,EV_move_forward,EV_blue_not_visible|EV_red_not_visible|EV_path_clear,CLEAR
413.912,robot_2,EV_move_forward,EV_blue_not_visible|EV_red_not_visible|EV_path_clear,CLEAR
414.207,robot_2,EV_move_forward,EV_path_clear,CLEAR
414.534,robot_2,EV_move_forward,EV_path_clear,CLEAR
414.819,robot_2,EV_u_turn,EV_blue_not_visible|EV_red_not_visible|EV_obstacle_right,RIGHT
414.911,robot_2,EV_u_turn,EV_obstacle_right,RIGHT
415.015,robot_2,EV_u_turn,EV_obstacle_right,RIGHT
415.118,robot_2,EV_rotate_counterclockwise,EV_obstacle_right,RIGHT
415.330,robot_2,EV_rotate_counterclockwise,EV_obstacle_right,RIGHT
415.530,robot_2,EV_u_turn,EV_obstacle_right,RIGHT
415.620,robot_2,EV_u_turn,EV_red_not_visible|EV_obstacle_right,RIGHT
415.710,robot_2,EV_u_turn,EV_blue_not_visible|EV_obstacle_right,RIGHT
415.800,robot_2,EV_rotate_counterclockwise,EV_obstacle_right,RIGHT
416.019,robot_2,EV_rotate_counterclockwise,EV_obstacle_right,RIGHT
416.215,robot_2,EV_rotate_counterclockwise,EV_obstacle_right,RIGHT
416.429,robot_2,EV_rotate_counterclockwise,EV_obstacle_right,RIGHT
416.627,robot_2,EV_rotate_counterclockwise,EV_obstacle_right,RIGHT
416.826,robot_2,EV_rotate_counterclockwise,EV_blue_not_visible|EV_red_not_visible|EV_obstacle_right,RIGHT
417.010,robot_2,EV_rotate_counterclockwise,EV_obstacle_right,RIGHT
417.225,robot_2,EV_u_turn,EV_obstacle_right,RIGHT
421.117,robot_2,EV_move_forward,EV_blue_not_visible|EV_path_clear|EV_red_visible,CLEAR
421.419,robot_2,EV_move_forward,EV_blue_not_visible|EV_path_clear|EV_red_visible,CLEAR
421.730,robot_2,EV_move_forward,EV_path_clear,CLEAR
422.043,robot_2,EV_move_forward,EV_path_clear,CLEAR
422.309,robot_2,EV_move_forward,EV_path_clear|EV_red_visible|EV_blue_visible,CLEAR
422.606,robot_2,EV_move_forward,EV_path_clear,CLEAR
422.938,robot_2,EV_move_forward,EV_path_clear,CLEAR
423.201,robot_2,EV_move_forward,EV_path_clear|EV_blue_reached|EV_red_visible,CLEAR
423.511,robot_2,EV_move_forward,EV_path_clear,CLEAR
423.835,robot_2,EV_move_forward,EV_path_clear,CLEAR
424.130,robot_2,EV_rotate_clockwise,EV_blue_reached|EV_red_visible|EV_obstacle_left,LEFT
424.315,robot_2,EV_u_turn,EV_obstacle_left,LEFT
428.200,robot_2,EV_move_forward,EV_red_not_visible|EV_path_clear|EV_blue_reached,CLEAR
428.518,robot_2,EV_move_forward,EV_path_clear|EV_blue_reached,CLEAR
428.811,robot_2,EV_move_forward,EV_path_clear,CLEAR
429.119,robot_2,EV_move_forward,EV_red_not_visible|EV_path_clear,CLEAR
429.436,robot_2,EV_move_forward,EV_path_clear|EV_blue_reached,CLEAR
429.716,robot_2,EV_move_forward,EV_path_clear,CLEAR
429.938,robot_2,EV_move_forward,EV_path_clear,CLEAR
430.208,robot_2,EV_move_forward,EV_red_not_visible|EV_path_clear|EV_blue_reached,CLEAR
430.504,robot_2,EV_move_forward,EV_path_clear,CLEAR
430.807,robot_2,EV_move_forward,EV_path_clear,CLEAR
431.117,robot_2,EV_move_forward,EV_red_not_visible|EV_path_clear,CLEAR
431.395,robot_2,EV_move_forward,EV_path_clear|EV_blue_reached,CLEAR
431.621,robot_2,EV_move_forward,EV_path_clear,CLEAR
431.824,robot_2,EV_move_forward,EV_path_clear,CLEAR
432.111,robot_2,EV_move_forward,EV_red_not_visible|EV_path_clear|EV_blue_reached,CLEAR
432.324,robot_2,EV_move_forward,EV_path_clear,CLEAR
432.617,robot_2,EV_move_forward,EV_path_clear,CLEAR
432.914,robot_2,EV_u_turn,EV_obstacle_left,LEFT
436.715,robot_2,EV_rotate_counterclockwise,EV_red_not_visible|EV_blue_reached|EV_obstacle_right,RIGHT
436.929,robot_2,EV_u_turn,EV_red_not_visible|EV_obstacle_right,RIGHT
436.996,robot_2,EV_rotate_counterclockwise,EV_obstacle_right,RIGHT
437.113,robot_2,EV_rotate_counterclockwise,EV_blue_reached|EV_obstacle_right,RIGHT
437.324,robot_2,EV_rotate_counterclockwise,EV_obstacle_right,RIGHT
437.526,robot_2,EV_u_turn,EV_obstacle_right,RIGHT
437.621,robot_2,EV_u_turn,EV_obstacle_right,RIGHT
437.696,robot_2,EV_u_turn,EV_obstacle_right,RIGHT
437.818,robot_2,EV_u_turn,EV_obstacle_right,RIGHT
437.922,robot_2,EV_move_forward,EV_path_clear,CLEAR
438.211,robot_2,EV_move_forward,EV_red_not_visible|EV_path_clear|EV_blue_reached,CLEAR
438.525,robot_2,EV_move_forward,EV_path_clear,CLEAR
438.737,robot_2,EV_move_forward,EV_path_clear,CLEAR
439.032,robot_2,EV_move_forward,EV_red_not_visible|EV_path_clear|EV_blue_reached,CLEAR
439.322,robot_2,EV_move_forward,EV_path_clear,CLEAR
439.525,robot_2,EV_move_forward,EV_path_clear,CLEAR
439.827,robot_2,EV_move_forward,EV_path_clear,CLEAR
440.131,robot_2,EV_move_forward,EV_red_not_visible|EV_path_clear|EV_blue_reached,CLEAR
440.425,robot_2,EV_move_forward,EV_path_clear,CLEAR
440.722,robot_2,EV_move_forward,EV_path_clear,CLEAR
440.928,robot_2,EV_move_forward,EV_path_clear,CLEAR
441.202,robot_2,EV_move_forward,EV_blue_not_visible|EV_red_not_visible|EV_path_clear,CLEAR
441.500,robot_2,EV_move_forward,EV_path_clear,CLEAR
441.840,robot_2,EV_move_forward,EV_path_clear,CLEAR
442.139,robot_2,EV_move_forward,EV_blue_not_visible|EV_red_not_visible|EV_path_clear,CLEAR
442.414,robot_2,EV_move_forward,EV_path_clear,CLEAR
442.714,robot_2,EV_move_forward,EV_path_clear,CLEAR
443.021,robot_2,EV_move_forward,EV_path_clear,CLEAR
443.320,robot_2,EV_rotate_counterclockwise,EV_blue_not_visible|EV_red_not_visible|EV_obstacle_front,CORNER
443.511,robot_2,EV_u_turn,EV_obstacle_front,CORNER
447.339,robot_2,EV_move_forward,EV_blue_not_visible|EV_path_clear|EV_red_visible,CLEAR
447.626,robot_2,EV_move_forward,EV_path_clear,CLEAR
447.830,robot_2,EV_move_forward,EV_path_clear,CLEAR
448.121,robot_2,EV_move_forward,EV_path_clear,CLEAR
448.433,robot_2,EV_move_forward,EV_blue_not_visible|EV_path_clear|EV_red_visible,CLEAR
448.740,robot_2,EV_move_forward,EV_path_clear,CLEAR
448.997,robot_2,EV_move_forward,EV_path_clear,CLEAR
449.232,robot_2,EV_move_forward,EV_path_clear,CLEAR
449.434,robot_2,EV_move_forward,EV_blue_not_visible|EV_path_clear|EV_red_visible,CLEAR
449.707,robot_2,EV_move_forward,EV_path_clear,CLEAR
450.018,robot_2,EV_move_forward,EV_path_clear,CLEAR
450.326,robot_2,EV_move_forward,EV_path_clear|EV_red_visible,CLEAR
450.607,robot_2,EV_move_forward,EV_blue_not_visible|EV_path_clear,CLEAR
450.819,robot_2,EV_move_forward,EV_path_clear,CLEAR
451.120,robot_2,EV_move_forward,EV_path_clear,CLEAR
451.406,robot_2,EV_move_forward,EV_path_clear,CLEAR
451.697,robot_2,EV_move_forward,EV_blue_not_visible|EV_path_clear|EV_red_visible,CLEAR
452.017,robot_2,EV_move_forward,EV_path_clear,CLEAR
452.308,robot_2,EV_move_forward,EV_path_clear,CLEAR
452.627,robot_2,EV_move_forward,EV_blue_not_visible|EV_path_clear|EV_red_visible,CLEAR
452.900,robot_2,EV_move_forward,EV_path_clear,CLEAR
453.230,robot_2,EV_move_forward,EV_path_clear,CLEAR
453.514,robot_2,EV_move_forward,EV_path_clear|EV_red_visible,CLEAR
453.722,robot_2,EV_move_forward,EV_blue_not_visible|EV_path_clear,CLEAR
454.019,robot_2,EV_move_forward,EV_path_clear,CLEAR
454.321,robot_2,EV_move_forward,EV_path_clear,CLEAR
454.628,robot_2,EV_move_forward,EV_blue_not_visible|EV_path_clear|EV_red_visible,CLEAR
454.901,robot_2,EV_move_forward,EV_path_clear,CLEAR
455.218,robot_2,EV_move_forward,EV_path_clear,CLEAR
455.528,robot_2,EV_u_turn,EV_red_visible|EV_obstacle_right,RIGHT
459.420,robot_2,EV_move_forward,EV_blue_not_visible|EV_path_clear|EV_red_visible,CLEAR
459.647,robot_2,EV_move_forward,EV_path_clear,CLEAR
459.929,robot_2,EV_move_forward,EV_path_clear,CLEAR
460.222,robot_2,EV_move_forward,EV_path_clear|EV_red_visible|EV_blue_visible,CLEAR
460.525,robot_2,EV_move_forward,EV_path_clear,CLEAR
460.824,robot_2,EV_move_forward,EV_path_clear,CLEAR
461.136,robot_2,EV_move_forward,EV_path_clear|EV_red_visible|EV_blue_visible,CLEAR
461.420,robot_2,EV_move_forward,EV_path_clear,CLEAR
461.640,robot_2,EV_move_forward,EV_path_clear,CLEAR
461.932,robot_2,EV_move_forward,EV_path_clear,CLEAR
462.238,robot_2,EV_u_turn,EV_red_visible|EV_obstacle_left,LEFT
466.017,robot_2,EV_u_turn,EV_red_not_visible|EV_blue_reached|EV_obstacle_right,RIGHT
466.112,robot_2,EV_u_turn,EV_obstacle_right,RIGHT
466.207,robot_2,EV_rotate_counterclockwise,EV_obstacle_right,RIGHT
468.911,robot_2,EV_move_forward,EV_red_not_visible|EV_path_clear|EV_blue_reached,CLEAR
469.228,robot_2,EV_move_forward,EV_path_clear,CLEAR
469.504,robot_2,EV_move_forward,EV_path_clear,CLEAR
469.822,robot_2,EV_move_forward,EV_path_clear,CLEAR
470.096,robot_2,EV_move_forward,EV_red_not_visible|EV_path_clear|EV_blue_reached,CLEAR
470.325,robot_2,EV_move_forward,EV_path_clear,CLEAR
470.605,robot_2,EV_move_forward,EV_path_clear,CLEAR
470.925,robot_2,EV_move_forward,EV_path_clear,CLEAR
471.203,robot_2,EV_move_forward,EV_red_not_visible|EV_path_clear|EV_blue_reached,CLEAR
471.512,robot_2,EV_move_forward,EV_path_clear,CLEAR
471.716,robot_2,EV_move_forward,EV_path_clear,CLEAR
472.007,robot_2,EV_move_forward,EV_red_not_visible|EV_path_clear,CLEAR
472.308,robot_2,EV_move_forward,EV_path_clear|EV_blue_reached,CLEAR
472.618,robot_2,EV_move_forward,EV_path_clear,CLEAR
472.825,robot_2,EV_move_forward,EV_path_clear,CLEAR
473.116,robot_2,EV_move_forward,EV_blue_not_visible|EV_red_not_visible|EV_path_clear,CLEAR
473.432,robot_2,EV_move_forward,EV_path_clear,CLEAR
473.711,robot_2,EV_move_forward,EV_path_clear,CLEAR
474.000,robot_2,EV_move_forward,EV_path_clear,CLEAR
474.322,robot_2,EV_move_forward,EV_blue_not_visible|EV_red_not_visible|EV_path_clear,CLEAR
474.617,robot_2,EV_move_forward,EV_path_clear,CLEAR
474.930,robot_2,EV_move_forward,EV_path_clear,CLEAR
475.213,robot_2,EV_rotate_counterclockwise,EV_blue_not_visible|EV_red_not_visible|EV_obstacle_front,CORNER
475.412,robot_2,EV_move_backward,EV_obstacle_front,CORNER
475.698,robot_2,EV_move_backward,EV_obstacle_front,CORNER
476.014,robot_2,EV_move_backward,EV_obstacle_front,CORNER
476.237,robot_2,EV_u_turn,EV_blue_not_visible|EV_red_not_visible|EV_obstacle_front,CORNER
480.015,robot_2,EV_move_forward,EV_blue_not_visible|EV_red_not_visible|EV_path_clear,CLEAR
480.321,robot_2,EV_move_forward,EV_blue_not_visible|EV_path_clear,CLEAR
480.610,robot_2,EV_move_forward,EV_path_clear,CLEAR
480.828,robot_2,EV_move_forward,EV_path_clear,CLEAR
481.119,robot_2,EV_move_forward,EV_blue_not_visible|EV_red_not_visible|EV_path_clear,CLEAR
481.410,robot_2,EV_move_forward,EV_path_clear,CLEAR
481.701,robot_2,EV_move_forward,EV_path_clear,CLEAR
481.912,robot_2,EV_move_forward,EV_path_clear,CLEAR
482.230,robot_2,EV_move_forward,EV_blue_not_visible|EV_red_not_visible|EV_path_clear,CLEAR
482.503,robot_2,EV_move_forward,EV_path_clear,CLEAR
482.839,robot_2,EV_move_forward,EV_path_clear,CLEAR
483.117,robot_2,EV_move_forward,EV_blue_not_visible|EV_red_not_visible|EV_path_clear,CLEAR
483.428,robot_2,EV_move_forward,EV_path_clear,CLEAR
483.706,robot_2,EV_move_forward,EV_path_clear,CLEAR
483.932,robot_2,EV_move_forward,EV_path_clear,CLEAR
484.202,robot_2,EV_move_forward,EV_blue_not_visible|EV_red_not_visible|EV_path_clear,CLEAR
484.517,robot_2,EV_move_forward,EV_path_clear,CLEAR
484.815,robot_2,EV_move_forward,EV_path_clear,CLEAR
485.121,robot_2,EV_move_forward,EV_blue_not_visible|EV_red_not_visible|EV_path_clear,CLEAR
485.428,robot_2,EV_move_forward,EV_path_clear,CLEAR
485.724,robot_2,EV_move_forward,EV_path_clear,CLEAR
486.042,robot_2,EV_move_forward,EV_blue_not_visible|EV_red_not_visible|EV_path_clear,CLEAR
486.295,robot_2,EV_move_forward,EV_path_clear,CLEAR
486.519,robot_2,EV_move_forward,EV_path_clear,CLEAR
486.726,robot_2,EV_move_forward,EV_path_clear,CLEAR
487.015,robot_2,EV_move_forward,EV_blue_not_visible|EV_red_not_visible|EV_path_clear,CLEAR
487.319,robot_2,EV_move_forward,EV_path_clear,CLEAR
487.645,robot_2,EV_move_forward,EV_path_clear,CLEAR
487.919,robot_2,EV_move_forward,EV_blue_not_visible|EV_red_not_visible|EV_path_clear,CLEAR
488.130,robot_2,EV_move_forward,EV_path_clear,CLEAR
488.334,robot_2,EV_move_forward,EV_path_clear,CLEAR
488.622,robot_2,EV_move_forward,EV_path_clear,CLEAR
488.932,robot_2,EV_move_forward,EV_red_not_visible|EV_path_clear,CLEAR
489.198,robot_2,EV_move_forward,EV_blue_not_visible|EV_path_clear,CLEAR
489.430,robot_2,EV_move_forward,EV_path_clear,CLEAR
489.726,robot_2,EV_move_forward,EV_path_clear,CLEAR
490.028,robot_2,EV_move_forward,EV_red_not_visible|EV_path_clear,CLEAR
490.324,robot_2,EV_move_forward,EV_blue_not_visible|EV_path_clear,CLEAR
490.617,robot_2,EV_move_forward,EV_path_clear,CLEAR
490.850,robot_2,EV_move_forward,EV_path_clear,CLEAR
491.137,robot_2,EV_move_forward,EV_blue_not_visible|EV_red_not_visible|EV_path_clear,CLEAR
491.422,robot_2,EV_move_forward,EV_path_clear,CLEAR
491.633,robot_2,EV_move_forward,EV_path_clear,CLEAR
491.908,robot_2,EV_move_forward,EV_red_not_visible|EV_path_clear,CLEAR
492.119,robot_2,EV_move_forward,EV_blue_not_visible|EV_path_clear,CLEAR
492.425,robot_2,EV_move_forward,EV_path_clear,CLEAR
492.718,robot_2,EV_move_forward,EV_path_clear,CLEAR
493.017,robot_2,EV_move_forward,EV_blue_not_visible|EV_red_not_visible|EV_path_clear,CLEAR
493.303,robot_2,EV_move_forward,EV_path_clear,CLEAR
493.524,robot_2,EV_move_forward,EV_path_clear,CLEAR
493.820,robot_2,EV_move_forward,EV_red_not_visible|EV_path_clear,CLEAR
494.108,robot_2,EV_move_forward,EV_blue_not_visible|EV_path_clear,CLEAR
494.320,robot_2,EV_move_forward,EV_path_clear,CLEAR
494.631,robot_2,EV_move_forward,EV_path_clear,CLEAR
494.925,robot_2,EV_move_forward,EV_blue_not_visible|EV_red_not_visible|EV_path_clear,CLEAR
495.220,robot_2,EV_move_forward,EV_path_clear,CLEAR
495.521,robot_2,EV_move_forward,EV_path_clear,CLEAR
495.814,robot_2,EV_move_forward,EV_blue_not_visible|EV_red_not_visible|EV_path_clear,CLEAR
496.113,robot_2,EV_move_forward,EV_path_clear,CLEAR
496.415,robot_2,EV_move_forward,EV_path_clear,CLEAR
496.617,robot_2,EV_move_forward,EV_path_clear,CLEAR
496.929,robot_2,EV_move_forward,EV_blue_not_visible|EV_red_not_visible|EV_path_clear,CLEAR
497.214,robot_2,EV_move_forward,EV_path_clear,CLEAR
497.423,robot_2,EV_move_forward,EV_path_clear,CLEAR
497.725,robot_2,EV_move_forward,EV_blue_not_visible|EV_red_not_visible|EV_path_clear,CLEAR
498.029,robot_2,EV_move_forward,EV_path_clear,CLEAR
498.239,robot_2,EV_move_forward,EV_path_clear,CLEAR
498.534,robot_2,EV_move_forward,EV_blue_not_visible|EV_red_not_visible|EV_path_clear,CLEAR
498.815,robot_2,EV_move_forward,EV_path_clear,CLEAR
499.117,robot_2,EV_move_forward,EV_path_clear,CLEAR
499.337,robot_2,EV_move_forward,EV_red_not_visible|EV_path_clear,CLEAR
499.612,robot_2,EV_move_forward,EV_blue_not_visible|EV_path_clear,CLEAR
499.913,robot_2,EV_move_forward,EV_path_clear,CLEAR
500.129,robot_2,EV_move_forward,EV_path_clear,CLEAR
500.403,robot_2,EV_move_forward,EV_blue_not_visible|EV_red_not_visible|EV_path_clear,CLEAR
500.717,robot_2,EV_move_forward,EV_path_clear,CLEAR
500.931,robot_2,EV_move_forward,EV_path_clear,CLEAR
501.206,robot_2,EV_move_forward,EV_red_not_visible|EV_path_clear,CLEAR
501.510,robot_2,EV_move_forward,EV_blue_not_visible|EV_path_clear,CLEAR
501.820,robot_2,EV_move_forward,EV_path_clear,CLEAR
502.037,robot_2,EV_move_forward,EV_red_not_visible|EV_path_clear,CLEAR
502.316,robot_2,EV_move_forward,EV_blue_not_visible|EV_path_clear,CLEAR
502.609,robot_2,EV_move_forward,EV_path_clear,CLEAR
502.919,robot_2,EV_move_forward,EV_path_clear,CLEAR
503.224,robot_2,EV_move_forward,EV_blue_not_visible|EV_red_not_visible|EV_path_clear,CLEAR
503.502,robot_2,EV_move_forward,EV_path_clear,CLEAR
503.713,robot_2,EV_move_forward,EV_path_clear,CLEAR
503.921,robot_2,EV_u_turn,EV_blue_not_visible|EV_red_not_visible|EV_obstacle_left,LEFT
507.721,robot_2,EV_rotate_counterclockwise,EV_blue_not_visible|EV_red_not_visible|EV_obstacle_right,RIGHT
510.519,robot_2,EV_move_forward,EV_blue_not_visible|EV_path_clear|EV_red_visible,CLEAR
510.817,robot_2,EV_move_forward,EV_path_clear,CLEAR
511.128,robot_2,EV_move_forward,EV_path_clear|EV_red_visible|EV_blue_visible,CLEAR
511.431,robot_2,EV_move_forward,EV_path_clear,CLEAR
511.731,robot_2,EV_move_forward,EV_path_clear,CLEAR
512.015,robot_2,EV_move_forward,EV_path_clear|EV_red_visible|EV_blue_visible,CLEAR
512.311,robot_2,EV_move_forward,EV_path_clear,CLEAR
512.545,robot_2,EV_move_forward,EV_path_clear,CLEAR
512.816,robot_2,EV_move_forward,EV_path_clear|EV_red_visible|EV_blue_visible,CLEAR
513.101,robot_2,EV_move_forward,EV_path_clear,CLEAR
513.302,robot_2,EV_move_forward,EV_path_clear,CLEAR
513.614,robot_2,EV_move_forward,EV_path_clear|EV_red_visible,CLEAR
513.905,robot_2,EV_move_forward,EV_path_clear|EV_blue_visible,CLEAR
514.200,robot_2,EV_move_forward,EV_path_clear,CLEAR
514.423,robot_2,EV_move_forward,EV_path_clear,CLEAR
514.731,robot_2,EV_move_forward,EV_red_not_visible|EV_path_clear|EV_blue_visible,CLEAR
515.010,robot_2,EV_move_forward,EV_path_clear,CLEAR
515.233,robot_2,EV_move_forward,EV_path_clear,CLEAR
515.506,robot_2,EV_move_forward,EV_red_not_visible|EV_path_clear|EV_blue_visible,CLEAR
515.730,robot_2,EV_move_forward,EV_path_clear,CLEAR
516.006,robot_2,EV_move_forward,EV_path_clear,CLEAR
516.242,robot_2,EV_move_forward,EV_path_clear,CLEAR
516.504,robot_2,EV_move_forward,EV_red_not_visible|EV_path_clear|EV_blue_visible,CLEAR
516.809,robot_2,EV_move_forward,EV_path_clear,CLEAR
517.021,robot_2,EV_move_forward,EV_path_clear,CLEAR
517.321,robot_2,EV_move_forward,EV_red_not_visible|EV_path_clear|EV_blue_visible,CLEAR
517.610,robot_2,EV_move_forward,EV_path_clear,CLEAR
517.910,robot_2,EV_move_forward,EV_path_clear,CLEAR
518.125,robot_2,EV_move_forward,EV_path_clear,CLEAR
518.421,robot_2,EV_move_forward,EV_red_not_visible|EV_path_clear|EV_blue_visible,CLEAR
518.706,robot_2,EV_move_forward,EV_path_clear,CLEAR
518.953,robot_2,EV_move_forward,EV_path_clear,CLEAR
519.230,robot_2,EV_move_forward,EV_red_not_visible|EV_path_clear,CLEAR
519.511,robot_2,EV_move_forward,EV_path_clear|EV_blue_visible,CLEAR
519.723,robot_2,EV_move_forward,EV_path_clear,CLEAR
520.028,robot_2,EV_move_forward,EV_path_clear,CLEAR
520.328,robot_2,EV_move_forward,EV_red_not_visible|EV_path_clear|EV_blue_visible,CLEAR
520.604,robot_2,EV_move_forward,EV_path_clear,CLEAR
520.838,robot_2,EV_move_forward,EV_path_clear,CLEAR
521.125,robot_2,EV_move_forward,EV_red_not_visible|EV_path_clear|EV_blue_visible,CLEAR
521.430,robot_2,EV_move_forward,EV_path_clear,CLEAR
521.743,robot_2,EV_move_forward,EV_path_clear,CLEAR
522.011,robot_2,EV_move_forward,EV_red_not_visible|EV_path_clear,CLEAR
522.314,robot_2,EV_move_forward,EV_path_clear|EV_blue_visible,CLEAR
522.615,robot_2,EV_move_forward,EV_path_clear,CLEAR
522.925,robot_2,EV_u_turn,EV_obstacle_right,RIGHT
526.720,robot_2,EV_move_forward,EV_red_not_visible|EV_path_clear|EV_blue_visible,CLEAR
526.999,robot_2,EV_move_forward,EV_red_not_visible|EV_path_clear|EV_blue_visible,CLEAR
527.322,robot_2,EV_move_forward,EV_path_clear,CLEAR
527.623,robot_2,EV_move_forward,EV_path_clear,CLEAR
527.922,robot_2,EV_move_forward,EV_red_not_visible|EV_path_clear|EV_blue_visible,CLEAR
528.215,robot_2,EV_move_forward,EV_path_clear,CLEAR
528.511,robot_2,EV_move_forward,EV_path_clear,CLEAR
528.715,robot_2,EV_move_forward,EV_red_not_visible|EV_path_clear,CLEAR
529.008,robot_2,EV_move_forward,EV_path_clear|EV_blue_visible,CLEAR
529.297,robot_2,EV_move_forward,EV_path_clear,CLEAR
529.609,robot_2,EV_move_forward,EV_red_not_visible|EV_path_clear,CLEAR
529.916,robot_2,EV_move_forward,EV_blue_not_visible|EV_path_clear,CLEAR
530.213,robot_2,EV_move_forward,EV_path_clear,CLEAR
530.430,robot_2,EV_move_forward,EV_path_clear,CLEAR
530.724,robot_2,EV_move_forward,EV_blue_not_visible|EV_red_not_visible|EV_path_clear,CLEAR
531.018,robot_2,EV_move_forward,EV_path_clear,CLEAR
531.320,robot_2,EV_move_forward,EV_path_clear,CLEAR
531.641,robot_2,EV_move_forward,EV_path_clear,CLEAR
531.920,robot_2,EV_move_forward,EV_blue_not_visible|EV_red_not_visible|EV_path_clear,CLEAR
532.222,robot_2,EV_move_forward,EV_path_clear,CLEAR
532.501,robot_2,EV_move_forward,EV_path_clear,CLEAR
532.715,robot_2,EV_move_forward,EV_path_clear,CLEAR
532.995,robot_2,EV_move_forward,EV_blue_not_visible|EV_red_not_visible|EV_path_clear,CLEAR
533.313,robot_2,EV_move_forward,EV_path_clear,CLEAR
533.603,robot_2,EV_move_forward,EV_path_clear,CLEAR
533.925,robot_2,EV_move_forward,EV_blue_not_visible|EV_red_not_visible|EV_path_clear,CLEAR
534.207,robot_2,EV_move_forward,EV_path_clear,CLEAR
534.529,robot_2,EV_move_forward,EV_path_clear,CLEAR
534.809,robot_2,EV_move_forward,EV_blue_not_visible|EV_red_not_visible|EV_path_clear,CLEAR
535.120,robot_2,EV_move_forward,EV_path_clear,CLEAR
535.339,robot_2,EV_move_forward,EV_path_clear,CLEAR
535.605,robot_2,EV_move_forward,EV_red_not_visible|EV_path_clear,CLEAR
535.924,robot_2,EV_move_forward,EV_blue_not_visible|EV_path_clear,CLEAR
536.237,robot_2,EV_move_forward,EV_path_clear,CLEAR
536.519,robot_2,EV_move_forward,EV_blue_not_visible|EV_red_not_visible|EV_path_clear,CLEAR
536.824,robot_2,EV_move_forward,EV_path_clear,CLEAR
537.040,robot_2,EV_move_forward,EV_path_clear,CLEAR
537.328,robot_2,EV_move_forward,EV_path_clear,CLEAR
537.625,robot_2,EV_move_forward,EV_blue_not_visible|EV_red_not_visible|EV_path_clear,CLEAR
537.903,robot_2,EV_move_forward,EV_path_clear,CLEAR
538.121,robot_2,EV_move_forward,EV_path_clear,CLEAR
538.414,robot_2,EV_move_forward,EV_blue_not_visible|EV_red_not_visible|EV_path_clear,CLEAR
538.714,robot_2,EV_move_forward,EV_path_clear,CLEAR
538.923,robot_2,EV_move_forward,EV_path_clear,CLEAR
539.207,robot_2,EV_move_forward,EV_path_clear,CLEAR
539.501,robot_2,EV_move_forward,EV_blue_not_visible|EV_red_not_visible|EV_path_clear,CLEAR
539.810,robot_2,EV_move_forward,EV_path_clear,CLEAR
540.130,robot_2,EV_move_forward,EV_path_clear,CLEAR
540.416,robot_2,EV_move_forward,EV_red_not_visible|EV_path_clear,CLEAR
540.726,robot_2,EV_move_forward,EV_blue_not_visible|EV_path_clear,CLEAR
541.048,robot_2,EV_move_forward,EV_path_clear,CLEAR
541.328,robot_2,EV_move_forward,EV_blue_not_visible|EV_red_not_visible|EV_path_clear,CLEAR
541.618,robot_2,EV_move_forward,EV_path_clear,CLEAR
541.907,robot_2,EV_move_forward,EV_path_clear,CLEAR
542.221,robot_2,EV_move_forward,EV_red_not_visible|EV_path_clear,CLEAR
542.501,robot_2,EV_move_forward,EV_blue_not_visible|EV_path_clear,CLEAR
542.740,robot_2,EV_move_forward,EV_path_clear,CLEAR
543.013,robot_2,EV_move_forward,EV_blue_not_visible|EV_red_not_visible|EV_path_clear,CLEAR
543.317,robot_2,EV_move_forward,EV_path_clear,CLEAR
543.618,robot_2,EV_move_forward,EV_path_clear,CLEAR
543.908,robot_2,EV_move_forward,EV_blue_not_visible|EV_red_not_visible|EV_path_clear,CLEAR
544.133,robot_2,EV_move_forward,EV_path_clear,CLEAR
544.416,robot_2,EV_move_forward,EV_path_clear,CLEAR
544.713,robot_2,EV_u_turn,EV_red_not_visible|EV_obstacle_left,LEFT
548.618,robot_2,EV_u_turn,EV_blue_not_visible|EV_red_not_visible|EV_obstacle_right,RIGHT
548.720,robot_2,EV_rotate_counterclockwise,EV_obstacle_right,RIGHT
548.911,robot_2,EV_u_turn,EV_obstacle_right,RIGHT
548.998,robot_2,EV_u_turn,EV_obstacle_right,RIGHT
549.132,robot_2,EV_rotate_counterclockwise,EV_obstacle_right,RIGHT
549.313,robot_2,EV_rotate_counterclockwise,EV_blue_not_visible|EV_red_not_visible|EV_obstacle_right,RIGHT
549.508,robot_2,EV_rotate_counterclockwise,EV_obstacle_right,RIGHT
549.621,robot_2,EV_u_turn,EV_obstacle_right,RIGHT
549.708,robot_2,EV_rotate_counterclockwise,EV_obstacle_right,RIGHT
549.901,robot_2,EV_u_turn,EV_obstacle_right,RIGHT
550.027,robot_2,EV_move_forward,EV_path_clear,CLEAR
550.295,robot_2,EV_move_forward,EV_blue_not_visible|EV_red_not_visible|EV_path_clear,CLEAR
550.520,robot_2,EV_move_forward,EV_path_clear,CLEAR
550.798,robot_2,EV_move_forward,EV_path_clear,CLEAR
551.100,robot_2,EV_move_forward,EV_blue_not_visible|EV_red_not_visible|EV_path_clear,CLEAR
551.315,robot_2,EV_move_forward,EV_path_clear,CLEAR
551.524,robot_2,EV_move_forward,EV_path_clear,CLEAR
551.812,robot_2,EV_move_forward,EV_path_clear,CLEAR
552.101,robot_2,EV_move_forward,EV_blue_not_visible|EV_red_not_visible|EV_path_clear,CLEAR
552.324,robot_2,EV_move_forward,EV_path_clear,CLEAR
552.534,robot_2,EV_move_forward,EV_path_clear,CLEAR
552.812,robot_2,EV_move_forward,EV_red_not_visible|EV_path_clear,CLEAR
553.127,robot_2,EV_move_forward,EV_blue_not_visible|EV_path_clear,CLEAR
553.410,robot_2,EV_move_forward,EV_path_clear,CLEAR
553.639,robot_2,EV_move_forward,EV_path_clear,CLEAR
553.917,robot_2,EV_move_forward,EV_blue_not_visible|EV_red_not_visible|EV_path_clear,CLEAR
554.216,robot_2,EV_move_forward,EV_path_clear,CLEAR
554.526,robot_2,EV_move_forward,EV_path_clear,CLEAR
554.836,robot_2,EV_move_forward,EV_blue_not_visible|EV_red_not_visible|EV_path_clear,CLEAR
555.097,robot_2,EV_move_forward,EV_path_clear,CLEAR
555.323,robot_2,EV_move_forward,EV_path_clear,CLEAR
555.545,robot_2,EV_move_forward,EV_red_not_visible|EV_path_clear,CLEAR
555.824,robot_2,EV_move_forward,EV_blue_not_visible|EV_path_clear,CLEAR
556.109,robot_2,EV_move_forward,EV_path_clear,CLEAR
556.316,robot_2,EV_move_forward,EV_path_clear,CLEAR
556.626,robot_2,EV_move_forward,EV_blue_not_visible|EV_red_not_visible|EV_path_clear,CLEAR
556.922,robot_2,EV_move_forward,EV_path_clear,CLEAR
557.245,robot_2,EV_move_forward,EV_path_clear,CLEAR
557.519,robot_2,EV_move_forward,EV_blue_not_visible|EV_red_not_visible|EV_path_clear,CLEAR
557.813,robot_2,EV_move_forward,EV_path_clear,CLEAR
558.125,robot_2,EV_move_forward,EV_red_not_visible|EV_path_clear,CLEAR
558.426,robot_2,EV_move_forward,EV_blue_not_visible|EV_path_clear,CLEAR
558.715,robot_2,EV_move_forward,EV_path_clear,CLEAR
558.933,robot_2,EV_move_forward,EV_path_clear,CLEAR
559.209,robot_2,EV_move_forward,EV_blue_not_visible|EV_red_not_visible|EV_path_clear,CLEAR
559.435,robot_2,EV_move_forward,EV_path_clear,CLEAR
559.728,robot_2,EV_move_forward,EV_path_clear,CLEAR
560.008,robot_2,EV_move_forward,EV_blue_not_visible|EV_red_not_visible|EV_path_clear,CLEAR
560.324,robot_2,EV_move_forward,EV_path_clear,CLEAR
560.621,robot_2,EV_move_forward,EV_path_clear,CLEAR
560.834,robot_2,EV_u_turn,EV_blue_not_visible|EV_red_not_visible|EV_obstacle_right,RIGHT
564.723,robot_2,EV_move_forward,EV_blue_not_visible|EV_path_clear|EV_red_visible,CLEAR
564.994,robot_2,EV_move_forward,EV_path_clear,CLEAR
565.319,robot_2,EV_move_forward,EV_path_clear|EV_red_visible|EV_blue_visible,CLEAR
565.619,robot_2,EV_move_forward,EV_path_clear,CLEAR
565.933,robot_2,EV_move_forward,EV_path_clear,CLEAR
566.202,robot_2,EV_u_turn,EV_red_visible|EV_obstacle_left|EV_blue_visible,LEFT
566.318,robot_2,EV_u_turn,EV_obstacle_left,LEFT
566.415,robot_2,EV_rotate_clockwise,EV_obstacle_left,LEFT
566.616,robot_2,EV_u_turn,EV_obstacle_left,LEFT
566.725,robot_2,EV_rotate_clockwise,EV_obstacle_left,LEFT
566.910,robot_2,EV_rotate_clockwise,EV_obstacle_left,LEFT
567.022,robot_2,EV_u_turn,EV_obstacle_left,LEFT
570.742,robot_2,EV_move_backward,EV_obstacle_front|EV_red_visible|EV_blue_visible,CORNER
573.518,robot_2,EV_u_turn,EV_red_not_visible|EV_red_visible|EV_obstacle_left|EV_blue_visible,LEFT
577.411,robot_2,EV_move_forward,EV_red_not_visible|EV_path_clear|EV_blue_visible,CLEAR
577.728,robot_2,EV_move_forward,EV_path_clear,CLEAR
578.007,robot_2,EV_move_forward,EV_red_not_visible|EV_path_clear|EV_blue_visible,CLEAR
578.319,robot_2,EV_move_forward,EV_path_clear,CLEAR
578.627,robot_2,EV_move_forward,EV_path_clear,CLEAR
578.906,robot_2,EV_move_backward,EV_red_not_visible|EV_obstacle_front|EV_blue_visible,CORNER
579.126,robot_2,EV_u_turn,EV_obstacle_front,CORNER
579.214,robot_2,EV_move_backward,EV_obstacle_front,CORNER
579.512,robot_2,EV_move_backward,EV_obstacle_front,CORNER
579.725,robot_2,EV_move_backward,EV_obstacle_front,CORNER
580.016,robot_2,EV_move_backward,EV_blue_not_visible|EV_red_not_visible|EV_obstacle_front,CORNER
580.325,robot_2,EV_rotate_clockwise,EV_obstacle_front,CORNER
580.505,robot_2,EV_rotate_clockwise,EV_obstacle_front,CORNER
580.718,robot_2,EV_move_forward,EV_path_clear,CLEAR
581.010,robot_2,EV_move_forward,EV_blue_not_visible|EV_red_not_visible|EV_path_clear,CLEAR
581.305,robot_2,EV_move_forward,EV_path_clear,CLEAR
581.609,robot_2,EV_move_forward,EV_path_clear,CLEAR
581.912,robot_2,EV_move_forward,EV_blue_not_visible|EV_red_not_visible|EV_path_clear,CLEAR
582.215,robot_2,EV_move_forward,EV_path_clear,CLEAR
582.517,robot_2,EV_move_forward,EV_path_clear,CLEAR
582.730,robot_2,EV_move_backward,EV_red_not_visible|EV_obstacle_front,CORNER
583.015,robot_2,EV_rotate_counterclockwise,EV_blue_not_visible|EV_obstacle_front,CORNER
583.132,robot_2,EV_rotate_clockwise,EV_obstacle_front,CORNER
583.314,robot_2,EV_move_backward,EV_obstacle_front,CORNER
583.520,robot_2,EV_move_backward,EV_obstacle_front,CORNER
583.826,robot_2,EV_u_turn,EV_red_not_visible|EV_obstacle_front,CORNER
587.621,robot_2,EV_move_forward,EV_blue_not_visible|EV_red_not_visible|EV_path_clear,CLEAR
587.916,robot_2,EV_move_forward,EV_path_clear,CLEAR
588.209,robot_2,EV_rotate_clockwise,EV_red_not_visible|EV_obstacle_left,LEFT
591.002,robot_2,EV_move_forward,EV_blue_not_visible|EV_red_not_visible|EV_path_clear,CLEAR
591.219,robot_2,EV_move_forward,EV_path_clear,CLEAR
591.511,robot_2,EV_move_forward,EV_path_clear,CLEAR
591.817,robot_2,EV_rotate_counterclockwise,EV_blue_not_visible|EV_red_not_visible|EV_obstacle_right,RIGHT
591.924,robot_2,EV_u_turn,EV_obstacle_right,RIGHT
