elapsed_s,robot,selected_event,uncontrollable_events,raw_zone
0.263,robot_2,EV_move_forward,EV_path_clear,CLEAR
0.555,robot_2,EV_move_forward,EV_path_clear,CLEAR
0.855,robot_2,EV_search_object,EV_path_clear,CLEAR
0.956,robot_2,EV_search_object,EV_path_clear,CLEAR
1.161,robot_2,EV_search_object,EV_path_clear,CLEAR
1.356,robot_2,EV_search_object,EV_path_clear,CLEAR
1.555,robot_2,EV_search_object,EV_path_clear,CLEAR
1.755,robot_2,EV_move_forward,EV_path_clear,CLEAR
2.055,robot_2,EV_search_object,EV_path_clear,CLEAR
2.255,robot_2,EV_move_forward,EV_path_clear,CLEAR
2.555,robot_2,EV_move_forward,EV_path_clear,CLEAR
2.855,robot_2,EV_search_object,EV_path_clear,CLEAR
3.055,robot_2,EV_move_forward,EV_path_clear,CLEAR
3.356,robot_2,EV_search_object,EV_path_clear,CLEAR
3.555,robot_2,EV_search_object,EV_path_clear,CLEAR
3.756,robot_2,EV_search_object,EV_path_clear,CLEAR
3.902,robot_2,EV_search_object,EV_path_clear,CLEAR
4.078,robot_2,EV_move_backward,EV_obstacle_front,CORNER
4.324,robot_2,EV_rotate_counterclockwise,EV_object_reached|EV_obstacle_front,CORNER
7.219,robot_2,EV_rotate_clockwise,EV_recieve_drop_zone_blue|EV_object_reached|EV_obstacle_front,CORNER
7.466,robot_2,EV_pick_up_object,EV_obstacle_front,CORNER
7.778,robot_2,EV_move_backward,EV_obstacle_front,CORNER
8.078,robot_2,EV_move_backward,EV_obstacle_front|EV_recieve_drop_zone_red,CORNER
8.371,robot_2,EV_rotate_counterclockwise,EV_obstacle_front,CORNER
8.567,robot_2,EV_rotate_counterclockwise,EV_obstacle_front,CORNER
8.801,robot_2,EV_drop_zone_blue,EV_obstacle_front,CORNER
8.934,robot_2,EV_rotate_counterclockwise,EV_obstacle_front,CORNER
9.069,robot_2,EV_rotate_counterclockwise,EV_obstacle_right,RIGHT
9.269,robot_2,EV_rotate_counterclockwise,EV_obstacle_right|EV_object_reached,RIGHT
9.539,robot_2,EV_u_turn,EV_obstacle_right,RIGHT
13.347,robot_2,EV_move_forward,EV_object_reached|EV_path_clear,CLEAR
13.616,robot_2,EV_move_forward,EV_object_reached|EV_path_clear,CLEAR
13.897,robot_2,EV_move_forward,EV_path_clear,CLEAR
14.197,robot_2,EV_search_color,EV_path_clear,CLEAR
14.359,robot_2,EV_move_forward,EV_path_clear,CLEAR
14.590,robot_2,EV_move_forward,EV_path_clear,CLEAR
14.907,robot_2,EV_move_forward,EV_path_clear,CLEAR
15.156,robot_2,EV_move_forward,EV_path_clear,CLEAR
15.382,robot_2,EV_move_forward,EV_path_clear,CLEAR
15.675,robot_2,EV_move_forward,EV_object_reached|EV_path_clear,CLEAR
15.905,robot_2,EV_move_forward,EV_path_clear,CLEAR
16.153,robot_2,EV_move_forward,EV_path_clear,CLEAR
16.418,robot_2,EV_move_forward,EV_path_clear,CLEAR
16.662,robot_2,EV_search_color,EV_path_clear,CLEAR
16.911,robot_2,EV_search_color,EV_path_clear,CLEAR
17.088,robot_2,EV_move_forward,EV_path_clear,CLEAR
17.379,robot_2,EV_rotate_clockwise,EV_obstacle_left,LEFT
17.592,robot_2,EV_u_turn,EV_object_reached|EV_obstacle_left,LEFT
21.412,robot_2,EV_rotate_clockwise,EV_object_reached|EV_obstacle_left,LEFT
21.720,robot_2,EV_rotate_clockwise,EV_obstacle_left,LEFT
21.896,robot_2,EV_move_forward,EV_path_clear,CLEAR
22.202,robot_2,EV_move_forward,EV_object_reached|EV_path_clear,CLEAR
22.487,robot_2,EV_move_forward,EV_path_clear,CLEAR
22.800,robot_2,EV_move_forward,EV_path_clear,CLEAR
23.091,robot_2,EV_move_forward,EV_path_clear,CLEAR
23.378,robot_2,EV_move_forward,EV_path_clear,CLEAR
23.672,robot_2,EV_move_forward,EV_path_clear,CLEAR
23.993,robot_2,EV_rotate_counterclockwise,EV_obstacle_right,RIGHT
24.165,robot_2,EV_rotate_counterclockwise,EV_obstacle_right|EV_object_reached,RIGHT
24.313,robot_2,EV_rotate_counterclockwise,EV_obstacle_right,RIGHT
24.494,robot_2,EV_rotate_counterclockwise,EV_obstacle_right,RIGHT
24.696,robot_2,EV_u_turn,EV_obstacle_right,RIGHT
28.494,robot_2,EV_u_turn,EV_obstacle_right|EV_object_reached,RIGHT
28.605,robot_2,EV_rotate_counterclockwise,EV_obstacle_right,RIGHT
31.408,robot_2,EV_rotate_counterclockwise,EV_obstacle_right|EV_object_reached,RIGHT
31.576,robot_2,EV_rotate_counterclockwise,EV_obstacle_right,RIGHT
31.803,robot_2,EV_rotate_counterclockwise,EV_obstacle_right,RIGHT
31.979,robot_2,EV_rotate_counterclockwise,EV_obstacle_right,RIGHT
32.172,robot_2,EV_u_turn,EV_obstacle_right,RIGHT
35.993,robot_2,EV_move_forward,EV_object_reached|EV_path_clear,CLEAR
36.299,robot_2,EV_move_forward,EV_path_clear,CLEAR
36.579,robot_2,EV_search_color,EV_path_clear,CLEAR
36.715,robot_2,EV_move_forward,EV_path_clear,CLEAR
36.996,robot_2,EV_search_color,EV_object_reached|EV_path_clear,CLEAR
37.201,robot_2,EV_search_color,EV_path_clear,CLEAR
37.379,robot_2,EV_search_color,EV_path_clear,CLEAR
37.560,robot_2,EV_move_forward,EV_path_clear,CLEAR
37.861,robot_2,EV_search_color,EV_path_clear,CLEAR
38.087,robot_2,EV_move_forward,EV_path_clear,CLEAR
38.392,robot_2,EV_search_color,EV_path_clear,CLEAR
38.600,robot_2,EV_search_color,EV_path_clear,CLEAR
38.777,robot_2,EV_move_forward,EV_path_clear,CLEAR
39.081,robot_2,EV_search_color,EV_object_reached|EV_path_clear,CLEAR
39.219,robot_2,EV_search_color,EV_path_clear,CLEAR
39.358,robot_2,EV_move_forward,EV_path_clear,CLEAR
39.576,robot_2,EV_search_color,EV_path_clear,CLEAR
39.735,robot_2,EV_search_color,EV_path_clear,CLEAR
39.901,robot_2,EV_move_forward,EV_path_clear,CLEAR
40.191,robot_2,EV_move_forward,EV_path_clear,CLEAR
40.466,robot_2,EV_move_forward,EV_path_clear,CLEAR
40.802,robot_2,EV_search_color,EV_path_clear,CLEAR
40.974,robot_2,EV_move_forward,EV_path_clear,CLEAR
41.222,robot_2,EV_move_forward,EV_path_clear,CLEAR
41.602,robot_2,EV_search_color,EV_object_reached|EV_path_clear,CLEAR
41.766,robot_2,EV_move_forward,EV_path_clear,CLEAR
42.037,robot_2,EV_search_color,EV_path_clear,CLEAR
42.195,robot_2,EV_search_color,EV_path_clear,CLEAR
42.379,robot_2,EV_move_forward,EV_path_clear,CLEAR
42.688,robot_2,EV_move_forward,EV_path_clear,CLEAR
42.911,robot_2,EV_search_color,EV_path_clear,CLEAR
43.117,robot_2,EV_move_forward,EV_path_clear,CLEAR
43.393,robot_2,EV_move_forward,EV_path_clear,CLEAR
43.672,robot_2,EV_search_color,EV_object_reached|EV_path_clear,CLEAR
43.860,robot_2,EV_move_forward,EV_path_clear,CLEAR
44.134,robot_2,EV_search_color,EV_path_clear,CLEAR
44.305,robot_2,EV_search_color,EV_path_clear,CLEAR
44.464,robot_2,EV_move_forward,EV_path_clear,CLEAR
44.821,robot_2,EV_search_color,EV_path_clear,CLEAR
45.003,robot_2,EV_move_forward,EV_path_clear,CLEAR
45.280,robot_2,EV_move_forward,EV_path_clear,CLEAR
45.584,robot_2,EV_search_color,EV_path_clear,CLEAR
45.808,robot_2,EV_search_color,EV_object_reached|EV_path_clear,CLEAR
45.999,robot_2,EV_search_color,EV_path_clear,CLEAR
46.184,robot_2,EV_move_forward,EV_path_clear,CLEAR
46.492,robot_2,EV_search_color,EV_path_clear,CLEAR
46.623,robot_2,EV_move_forward,EV_path_clear,CLEAR
46.897,robot_2,EV_search_color,EV_path_clear,CLEAR
47.073,robot_2,EV_search_color,EV_path_clear,CLEAR
47.231,robot_2,EV_search_color,EV_path_clear,CLEAR
47.462,robot_2,EV_search_color,EV_path_clear,CLEAR
47.667,robot_2,EV_search_color,EV_object_reached|EV_path_clear,CLEAR
47.788,robot_2,EV_move_forward,EV_path_clear,CLEAR
48.076,robot_2,EV_move_forward,EV_path_clear,CLEAR
48.402,robot_2,EV_search_color,EV_path_clear,CLEAR
48.574,robot_2,EV_move_forward,EV_path_clear,CLEAR
48.906,robot_2,EV_move_forward,EV_path_clear,CLEAR
49.187,robot_2,EV_move_forward,EV_path_clear,CLEAR
49.477,robot_2,EV_move_forward,EV_path_clear,CLEAR
49.778,robot_2,EV_search_color,EV_object_reached|EV_path_clear,CLEAR
49.955,robot_2,EV_search_color,EV_path_clear,CLEAR
50.194,robot_2,EV_search_color,EV_path_clear,CLEAR
50.373,robot_2,EV_search_color,EV_path_clear,CLEAR
50.585,robot_2,EV_move_forward,EV_path_clear,CLEAR
50.873,robot_2,EV_move_forward,EV_path_clear,CLEAR
51.109,robot_2,EV_move_forward,EV_path_clear,CLEAR
51.369,robot_2,EV_move_forward,EV_path_clear,CLEAR
51.641,robot_2,EV_move_forward,EV_path_clear,CLEAR
51.894,robot_2,EV_search_color,EV_object_reached|EV_path_clear,CLEAR
52.064,robot_2,EV_move_forward,EV_path_clear,CLEAR
52.321,robot_2,EV_search_color,EV_path_clear,CLEAR
52.461,robot_2,EV_search_color,EV_path_clear,CLEAR
52.692,robot_2,EV_move_forward,EV_path_clear,CLEAR
52.988,robot_2,EV_move_forward,EV_path_clear,CLEAR
53.273,robot_2,EV_search_color,EV_path_clear,CLEAR
53.461,robot_2,EV_move_forward,EV_path_clear,CLEAR
53.789,robot_2,EV_search_color,EV_path_clear,CLEAR
53.963,robot_2,EV_move_forward,EV_path_clear,CLEAR
54.264,robot_2,EV_search_color,EV_object_reached|EV_path_clear,CLEAR
54.387,robot_2,EV_search_color,EV_path_clear,CLEAR
54.635,robot_2,EV_search_color,EV_path_clear,CLEAR
54.770,robot_2,EV_search_color,EV_path_clear,CLEAR
54.910,robot_2,EV_move_forward,EV_path_clear,CLEAR
55.201,robot_2,EV_move_forward,EV_path_clear,CLEAR
55.501,robot_2,EV_search_color,EV_path_clear,CLEAR
55.687,robot_2,EV_move_forward,EV_path_clear,CLEAR
55.969,robot_2,EV_search_color,EV_path_clear,CLEAR
56.170,robot_2,EV_move_forward,EV_object_reached|EV_path_clear,CLEAR
56.491,robot_2,EV_move_forward,EV_path_clear,CLEAR
56.703,robot_2,EV_move_forward,EV_path_clear,CLEAR
57.019,robot_2,EV_move_forward,EV_path_clear,CLEAR
57.308,robot_2,EV_search_color,EV_path_clear,CLEAR
57.483,robot_2,EV_search_color,EV_path_clear,CLEAR
57.691,robot_2,EV_search_color,EV_path_clear,CLEAR
57.825,robot_2,EV_search_color,EV_path_clear,CLEAR
57.996,robot_2,EV_search_color,EV_path_clear,CLEAR
58.159,robot_2,EV_move_forward,EV_path_clear,CLEAR
58.493,robot_2,EV_move_forward,EV_object_reached|EV_path_clear,CLEAR
58.760,robot_2,EV_search_color,EV_path_clear,CLEAR
58.972,robot_2,EV_search_color,EV_path_clear,CLEAR
59.206,robot_2,EV_search_color,EV_path_clear,CLEAR
59.356,robot_2,EV_move_forward,EV_path_clear,CLEAR
59.612,robot_2,EV_search_color,EV_path_clear,CLEAR
59.784,robot_2,EV_search_color,EV_path_clear,CLEAR
59.890,robot_2,EV_move_forward,EV_path_clear,CLEAR
60.167,robot_2,EV_search_color,EV_path_clear,CLEAR
60.383,robot_2,EV_search_color,EV_path_clear,CLEAR
60.559,robot_2,EV_search_color,EV_path_clear,CLEAR
60.705,robot_2,EV_search_color,EV_path_clear,CLEAR
60.862,robot_2,EV_search_color,EV_object_reached|EV_path_clear,CLEAR
61.060,robot_2,EV_search_color,EV_path_clear,CLEAR
61.230,robot_2,EV_search_color,EV_path_clear,CLEAR
61.370,robot_2,EV_move_forward,EV_path_clear,CLEAR
61.588,robot_2,EV_search_color,EV_path_clear,CLEAR
61.771,robot_2,EV_move_forward,EV_path_clear,CLEAR
62.045,robot_2,EV_move_forward,EV_path_clear,CLEAR
62.309,robot_2,EV_move_forward,EV_path_clear,CLEAR
62.622,robot_2,EV_move_forward,EV_path_clear,CLEAR
62.891,robot_2,EV_search_color,EV_object_reached|EV_path_clear,CLEAR
63.118,robot_2,EV_search_color,EV_path_clear,CLEAR
63.330,robot_2,EV_move_forward,EV_path_clear,CLEAR
63.579,robot_2,EV_search_color,EV_path_clear,CLEAR
63.799,robot_2,EV_move_forward,EV_path_clear,CLEAR
64.091,robot_2,EV_search_color,EV_path_clear,CLEAR
64.303,robot_2,EV_search_color,EV_path_clear,CLEAR
64.468,robot_2,EV_search_color,EV_path_clear,CLEAR
64.710,robot_2,EV_move_forward,EV_object_reached|EV_path_clear,CLEAR
64.969,robot_2,EV_search_color,EV_path_clear,CLEAR
65.095,robot_2,EV_move_forward,EV_path_clear,CLEAR
66.155,robot_2,EV_move_forward,EV_path_clear,CLEAR
67.187,robot_2,EV_u_turn,EV_obstacle_left,LEFT
68.306,robot_2,EV_rotate_clockwise,EV_object_reached|EV_obstacle_left,LEFT
68.465,robot_2,EV_rotate_clockwise,EV_obstacle_left,LEFT
68.572,robot_2,EV_rotate_clockwise,EV_obstacle_left,LEFT
68.858,robot_2,EV_u_turn,EV_obstacle_left,LEFT
72.767,robot_2,EV_move_backward,EV_object_reached|EV_obstacle_front,CORNER
75.434,robot_2,EV_rotate_counterclockwise,EV_obstacle_right|EV_object_reached,RIGHT
75.596,robot_2,EV_u_turn,EV_obstacle_right,RIGHT
79.460,robot_2,EV_rotate_counterclockwise,EV_obstacle_right|EV_object_reached,RIGHT
79.686,robot_2,EV_rotate_counterclockwise,EV_obstacle_right,RIGHT
79.874,robot_2,EV_rotate_counterclockwise,EV_obstacle_right,RIGHT
80.111,robot_2,EV_rotate_counterclockwise,EV_obstacle_right|EV_object_reached,RIGHT
80.270,robot_2,EV_rotate_counterclockwise,EV_obstacle_right,RIGHT
80.538,robot_2,EV_rotate_counterclockwise,EV_obstacle_right,RIGHT
80.690,robot_2,EV_rotate_counterclockwise,EV_obstacle_right,RIGHT
80.916,robot_2,EV_rotate_counterclockwise,EV_obstacle_right,RIGHT
81.130,robot_2,EV_u_turn,EV_obstacle_right,RIGHT
81.262,robot_2,EV_u_turn,EV_obstacle_right,RIGHT
81.402,robot_2,EV_rotate_counterclockwise,EV_obstacle_right,RIGHT
81.600,robot_2,EV_u_turn,EV_obstacle_right,RIGHT
85.502,robot_2,EV_search_color,EV_object_reached|EV_path_clear,CLEAR
85.689,robot_2,EV_move_forward,EV_path_clear,CLEAR
85.931,robot_2,EV_search_color,EV_path_clear,CLEAR
86.085,robot_2,EV_move_forward,EV_path_clear,CLEAR
86.393,robot_2,EV_move_forward,EV_path_clear,CLEAR
86.626,robot_2,EV_search_color,EV_object_reached|EV_path_clear,CLEAR
86.796,robot_2,EV_search_color,EV_path_clear,CLEAR
86.990,robot_2,EV_search_color,EV_path_clear,CLEAR
87.171,robot_2,EV_search_color,EV_path_clear,CLEAR
87.333,robot_2,EV_move_forward,EV_path_clear,CLEAR
87.616,robot_2,EV_search_color,EV_path_clear,CLEAR
87.767,robot_2,EV_search_color,EV_path_clear,CLEAR
88.009,robot_2,EV_search_color,EV_path_clear,CLEAR
88.197,robot_2,EV_move_forward,EV_path_clear,CLEAR
88.467,robot_2,EV_search_color,EV_path_clear,CLEAR
88.610,robot_2,EV_search_color,EV_path_clear,CLEAR
88.762,robot_2,EV_move_forward,EV_object_reached|EV_path_clear,CLEAR
89.105,robot_2,EV_search_color,EV_path_clear,CLEAR
89.324,robot_2,EV_search_color,EV_path_clear,CLEAR
89.492,robot_2,EV_move_forward,EV_path_clear,CLEAR
89.809,robot_2,EV_search_color,EV_path_clear,CLEAR
89.966,robot_2,EV_search_color,EV_path_clear,CLEAR
90.093,robot_2,EV_move_forward,EV_path_clear,CLEAR
90.366,robot_2,EV_search_color,EV_path_clear,CLEAR
90.561,robot_2,EV_move_forward,EV_path_clear,CLEAR
90.820,robot_2,EV_search_color,EV_object_reached|EV_path_clear,CLEAR
91.022,robot_2,EV_search_color,EV_path_clear,CLEAR
91.198,robot_2,EV_move_forward,EV_path_clear,CLEAR
91.502,robot_2,EV_move_forward,EV_path_clear,CLEAR
91.774,robot_2,EV_move_forward,EV_path_clear,CLEAR
92.009,robot_2,EV_move_forward,EV_path_clear,CLEAR
92.325,robot_2,EV_move_forward,EV_path_clear,CLEAR
92.597,robot_2,EV_move_forward,EV_path_clear,CLEAR
92.895,robot_2,EV_search_color,EV_path_clear,CLEAR
93.117,robot_2,EV_search_color,EV_object_reached|EV_path_clear,CLEAR
93.260,robot_2,EV_search_color,EV_path_clear,CLEAR
93.400,robot_2,EV_move_forward,EV_path_clear,CLEAR
93.683,robot_2,EV_move_forward,EV_path_clear,CLEAR
93.984,robot_2,EV_move_forward,EV_path_clear,CLEAR
94.286,robot_2,EV_search_color,EV_path_clear,CLEAR
94.408,robot_2,EV_search_color,EV_path_clear,CLEAR
94.600,robot_2,EV_move_forward,EV_path_clear,CLEAR
94.856,robot_2,EV_move_forward,EV_path_clear,CLEAR
95.103,robot_2,EV_search_color,EV_path_clear,CLEAR
95.264,robot_2,EV_search_color,EV_object_reached|EV_path_clear,CLEAR
95.494,robot_2,EV_move_forward,EV_path_clear,CLEAR
95.756,robot_2,EV_search_color,EV_path_clear,CLEAR
95.889,robot_2,EV_move_forward,EV_path_clear,CLEAR
96.202,robot_2,EV_move_forward,EV_path_clear,CLEAR
96.498,robot_2,EV_move_forward,EV_path_clear,CLEAR
96.809,robot_2,EV_move_forward,EV_path_clear,CLEAR
97.092,robot_2,EV_u_turn,EV_obstacle_left,LEFT
100.896,robot_2,EV_rotate_clockwise,EV_object_reached|EV_obstacle_left,LEFT
103.687,robot_2,EV_search_color,EV_object_reached|EV_path_clear,CLEAR
103.873,robot_2,EV_search_color,EV_path_clear,CLEAR
103.987,robot_2,EV_search_color,EV_path_clear,CLEAR
104.219,robot_2,EV_search_color,EV_path_clear,CLEAR
104.371,robot_2,EV_move_forward,EV_path_clear,CLEAR
104.685,robot_2,EV_move_forward,EV_path_clear,CLEAR
104.991,robot_2,EV_move_forward,EV_path_clear,CLEAR
105.282,robot_2,EV_search_color,EV_path_clear,CLEAR
105.440,robot_2,EV_move_forward,EV_path_clear,CLEAR
105.716,robot_2,EV_search_color,EV_path_clear,CLEAR
105.926,robot_2,EV_u_turn,EV_obstacle_front,CORNER
109.704,robot_2,EV_u_turn,EV_obstacle_right|EV_object_reached,RIGHT
109.875,robot_2,EV_rotate_counterclockwise,EV_obstacle_right,RIGHT
109.982,robot_2,EV_u_turn,EV_obstacle_right,RIGHT
110.091,robot_2,EV_u_turn,EV_obstacle_right,RIGHT
110.188,robot_2,EV_u_turn,EV_obstacle_right,RIGHT
110.297,robot_2,EV_rotate_counterclockwise,EV_obstacle_right|EV_object_reached,RIGHT
110.497,robot_2,EV_u_turn,EV_obstacle_right,RIGHT
110.605,robot_2,EV_u_turn,EV_obstacle_right,RIGHT
110.712,robot_2,EV_u_turn,EV_obstacle_right,RIGHT
110.813,robot_2,EV_u_turn,EV_obstacle_right,RIGHT
110.925,robot_2,EV_rotate_counterclockwise,EV_obstacle_right,RIGHT
111.109,robot_2,EV_u_turn,EV_obstacle_right,RIGHT
111.180,robot_2,EV_u_turn,EV_obstacle_right,RIGHT
111.309,robot_2,EV_u_turn,EV_obstacle_right,RIGHT
111.413,robot_2,EV_u_turn,EV_obstacle_right,RIGHT
111.487,robot_2,EV_rotate_counterclockwise,EV_obstacle_right,RIGHT
111.683,robot_2,EV_u_turn,EV_obstacle_right,RIGHT
111.776,robot_2,EV_u_turn,EV_obstacle_right,RIGHT
111.872,robot_2,EV_rotate_counterclockwise,EV_obstacle_right,RIGHT
112.100,robot_2,EV_rotate_counterclockwise,EV_obstacle_right,RIGHT
112.257,robot_2,EV_move_forward,EV_path_clear,CLEAR
112.507,robot_2,EV_search_color,EV_object_reached|EV_path_clear,CLEAR
112.656,robot_2,EV_move_forward,EV_path_clear,CLEAR
112.906,robot_2,EV_search_color,EV_path_clear,CLEAR
113.098,robot_2,EV_move_forward,EV_path_clear,CLEAR
113.357,robot_2,EV_search_color,EV_path_clear,CLEAR
113.531,robot_2,EV_search_color,EV_path_clear,CLEAR
113.694,robot_2,EV_move_forward,EV_path_clear,CLEAR
113.959,robot_2,EV_search_color,EV_path_clear,CLEAR
114.088,robot_2,EV_search_color,EV_path_clear,CLEAR
114.320,robot_2,EV_search_color,EV_path_clear,CLEAR
114.515,robot_2,EV_move_forward,EV_path_clear,CLEAR
114.800,robot_2,EV_search_color,EV_path_clear,CLEAR
114.967,robot_2,EV_search_color,EV_object_reached|EV_path_clear,CLEAR
115.094,robot_2,EV_search_color,EV_path_clear,CLEAR
115.311,robot_2,EV_search_color,EV_path_clear,CLEAR
115.459,robot_2,EV_search_color,EV_path_clear,CLEAR
115.578,robot_2,EV_move_forward,EV_path_clear,CLEAR
115.906,robot_2,EV_search_color,EV_path_clear,CLEAR
116.118,robot_2,EV_move_forward,EV_path_clear,CLEAR
116.455,robot_2,EV_search_color,EV_path_clear,CLEAR
116.670,robot_2,EV_move_forward,EV_path_clear,CLEAR
116.978,robot_2,EV_search_color,EV_object_reached|EV_path_clear,CLEAR
117.162,robot_2,EV_search_color,EV_path_clear,CLEAR
117.302,robot_2,EV_search_color,EV_path_clear,CLEAR
117.501,robot_2,EV_move_forward,EV_path_clear,CLEAR
117.791,robot_2,EV_move_forward,EV_path_clear,CLEAR
118.108,robot_2,EV_move_forward,EV_path_clear,CLEAR
118.319,robot_2,EV_search_color,EV_path_clear,CLEAR
118.494,robot_2,EV_move_forward,EV_path_clear,CLEAR
118.793,robot_2,EV_search_color,EV_path_clear,CLEAR
118.956,robot_2,EV_search_color,EV_path_clear,CLEAR
119.168,robot_2,EV_search_color,EV_object_reached|EV_path_clear,CLEAR
119.392,robot_2,EV_search_color,EV_path_clear,CLEAR
119.586,robot_2,EV_move_forward,EV_path_clear,CLEAR
119.824,robot_2,EV_move_forward,EV_path_clear,CLEAR
120.078,robot_2,EV_search_color,EV_path_clear,CLEAR
120.277,robot_2,EV_move_forward,EV_path_clear,CLEAR
120.534,robot_2,EV_search_color,EV_path_clear,CLEAR
120.714,robot_2,EV_search_color,EV_path_clear,CLEAR
120.875,robot_2,EV_move_forward,EV_path_clear,CLEAR
121.115,robot_2,EV_rotate_clockwise,EV_obstacle_left,LEFT
121.278,robot_2,EV_u_turn,EV_object_reached|EV_obstacle_left,LEFT
125.128,robot_2,EV_u_turn,EV_object_reached|EV_obstacle_left,LEFT
125.236,robot_2,EV_rotate_clockwise,EV_obstacle_left,LEFT
128.086,robot_2,EV_rotate_counterclockwise,EV_obstacle_right|EV_object_reached,RIGHT
128.277,robot_2,EV_u_turn,EV_obstacle_right,RIGHT
132.188,robot_2,EV_rotate_counterclockwise,EV_obstacle_right|EV_object_reached,RIGHT
132.382,robot_2,EV_rotate_counterclockwise,EV_obstacle_right,RIGHT
132.624,robot_2,EV_rotate_counterclockwise,EV_obstacle_right,RIGHT
132.793,robot_2,EV_u_turn,EV_obstacle_right,RIGHT
132.882,robot_2,EV_u_turn,EV_obstacle_right,RIGHT
132.989,robot_2,EV_rotate_counterclockwise,EV_obstacle_right,RIGHT
133.111,robot_2,EV_u_turn,EV_obstacle_right,RIGHT
133.221,robot_2,EV_rotate_counterclockwise,EV_obstacle_right,RIGHT
133.407,robot_2,EV_rotate_counterclockwise,EV_obstacle_right,RIGHT
133.583,robot_2,EV_u_turn,EV_obstacle_right,RIGHT
133.667,robot_2,EV_rotate_counterclockwise,EV_obstacle_right,RIGHT
133.884,robot_2,EV_u_turn,EV_obstacle_right,RIGHT
134.005,robot_2,EV_u_turn,EV_obstacle_right|EV_object_reached,RIGHT
134.083,robot_2,EV_u_turn,EV_obstacle_right,RIGHT
134.165,robot_2,EV_u_turn,EV_obstacle_right,RIGHT
134.285,robot_2,EV_rotate_counterclockwise,EV_obstacle_right,RIGHT
134.523,robot_2,EV_rotate_counterclockwise,EV_obstacle_right,RIGHT
134.771,robot_2,EV_rotate_counterclockwise,EV_obstacle_right,RIGHT
134.958,robot_2,EV_u_turn,EV_obstacle_right,RIGHT
138.736,robot_2,EV_move_forward,EV_object_reached|EV_path_clear,CLEAR
139.084,robot_2,EV_move_forward,EV_path_clear,CLEAR
139.376,robot_2,EV_search_color,EV_path_clear,CLEAR
139.556,robot_2,EV_move_forward,EV_path_clear,CLEAR
139.901,robot_2,EV_search_color,EV_path_clear,CLEAR
140.111,robot_2,EV_move_forward,EV_object_reached|EV_path_clear,CLEAR
140.402,robot_2,EV_move_forward,EV_path_clear,CLEAR
140.687,robot_2,EV_move_forward,EV_path_clear,CLEAR
141.035,robot_2,EV_search_color,EV_path_clear,CLEAR
141.188,robot_2,EV_search_color,EV_path_clear,CLEAR
141.386,robot_2,EV_move_forward,EV_path_clear,CLEAR
141.659,robot_2,EV_move_forward,EV_path_clear,CLEAR
141.946,robot_2,EV_move_forward,EV_path_clear,CLEAR
142.199,robot_2,EV_move_forward,EV_path_clear,CLEAR
142.429,robot_2,EV_search_color,EV_object_reached|EV_path_clear,CLEAR
142.695,robot_2,EV_move_forward,EV_path_clear,CLEAR
142.967,robot_2,EV_search_color,EV_path_clear,CLEAR
143.191,robot_2,EV_move_forward,EV_path_clear,CLEAR
143.443,robot_2,EV_search_color,EV_path_clear,CLEAR
143.581,robot_2,EV_move_forward,EV_path_clear,CLEAR
143.865,robot_2,EV_search_color,EV_path_clear,CLEAR
143.996,robot_2,EV_move_forward,EV_path_clear,CLEAR
144.297,robot_2,EV_move_forward,EV_object_reached|EV_path_clear,CLEAR
144.586,robot_2,EV_search_color,EV_path_clear,CLEAR
144.827,robot_2,EV_move_forward,EV_path_clear,CLEAR
145.065,robot_2,EV_search_color,EV_path_clear,CLEAR
145.288,robot_2,EV_search_color,EV_path_clear,CLEAR
145.461,robot_2,EV_search_color,EV_path_clear,CLEAR
145.655,robot_2,EV_search_color,EV_path_clear,CLEAR
145.909,robot_2,EV_search_color,EV_path_clear,CLEAR
146.018,robot_2,EV_move_forward,EV_path_clear,CLEAR
146.278,robot_2,EV_u_turn,EV_obstacle_right,RIGHT
150.175,robot_2,EV_rotate_counterclockwise,EV_obstacle_right|EV_object_visible,RIGHT
153.066,robot_2,EV_search_color,EV_object_reached|EV_path_clear,CLEAR
153.298,robot_2,EV_move_forward,EV_path_clear,CLEAR
153.594,robot_2,EV_search_color,EV_path_clear,CLEAR
153.719,robot_2,EV_move_forward,EV_path_clear,CLEAR
153.996,robot_2,EV_search_color,EV_path_clear,CLEAR
154.199,robot_2,EV_move_forward,EV_path_clear,CLEAR
154.486,robot_2,EV_move_forward,EV_path_clear,CLEAR
154.705,robot_2,EV_move_forward,EV_path_clear,CLEAR
155.016,robot_2,EV_move_forward,EV_path_clear,CLEAR
155.266,robot_2,EV_move_forward,EV_path_clear|EV_object_visible,CLEAR
155.600,robot_2,EV_search_color,EV_path_clear,CLEAR
155.780,robot_2,EV_move_forward,EV_path_clear,CLEAR
155.998,robot_2,EV_move_forward,EV_path_clear,CLEAR
156.310,robot_2,EV_search_color,EV_path_clear,CLEAR
156.495,robot_2,EV_move_forward,EV_path_clear,CLEAR
156.831,robot_2,EV_move_forward,EV_path_clear,CLEAR
157.087,robot_2,EV_search_color,EV_path_clear,CLEAR
157.231,robot_2,EV_move_forward,EV_path_clear,CLEAR
157.468,robot_2,EV_search_color,EV_path_clear|EV_object_visible,CLEAR
157.708,robot_2,EV_search_color,EV_path_clear,CLEAR
157.877,robot_2,EV_search_color,EV_path_clear,CLEAR
158.100,robot_2,EV_move_forward,EV_path_clear,CLEAR
158.372,robot_2,EV_move_forward,EV_path_clear,CLEAR
158.675,robot_2,EV_search_color,EV_path_clear,CLEAR
158.810,robot_2,EV_search_color,EV_path_clear,CLEAR
158.979,robot_2,EV_search_color,EV_path_clear,CLEAR
159.143,robot_2,EV_search_color,EV_path_clear,CLEAR
159.319,robot_2,EV_search_color,EV_path_clear,CLEAR
159.479,robot_2,EV_move_forward,EV_path_clear,CLEAR
159.760,robot_2,EV_search_color,EV_path_clear|EV_object_visible,CLEAR
159.943,robot_2,EV_search_color,EV_path_clear,CLEAR
160.194,robot_2,EV_search_color,EV_path_clear,CLEAR
160.378,robot_2,EV_move_forward,EV_path_clear,CLEAR
160.683,robot_2,EV_move_forward,EV_path_clear,CLEAR
160.971,robot_2,EV_move_forward,EV_path_clear,CLEAR
161.280,robot_2,EV_search_color,EV_path_clear,CLEAR
161.514,robot_2,EV_move_forward,EV_path_clear,CLEAR
161.784,robot_2,EV_move_forward,EV_path_clear|EV_object_visible,CLEAR
162.105,robot_2,EV_move_forward,EV_path_clear,CLEAR
162.397,robot_2,EV_move_forward,EV_path_clear,CLEAR
162.708,robot_2,EV_move_forward,EV_path_clear,CLEAR
163.013,robot_2,EV_move_forward,EV_path_clear,CLEAR
163.317,robot_2,EV_search_color,EV_path_clear,CLEAR
163.493,robot_2,EV_search_color,EV_path_clear,CLEAR
163.685,robot_2,EV_move_forward,EV_path_clear|EV_object_visible,CLEAR
163.976,robot_2,EV_search_color,EV_path_clear,CLEAR
164.178,robot_2,EV_search_color,EV_path_clear,CLEAR
164.309,robot_2,EV_move_forward,EV_path_clear,CLEAR
164.514,robot_2,EV_search_color,EV_path_clear,CLEAR
164.667,robot_2,EV_move_forward,EV_path_clear,CLEAR
164.984,robot_2,EV_search_color,EV_path_clear,CLEAR
165.158,robot_2,EV_move_forward,EV_path_clear,CLEAR
165.495,robot_2,EV_move_forward,EV_path_clear,CLEAR
165.759,robot_2,EV_move_forward,EV_path_clear,CLEAR
166.102,robot_2,EV_move_forward,EV_path_clear|EV_object_visible,CLEAR
166.401,robot_2,EV_move_forward,EV_path_clear,CLEAR
166.617,robot_2,EV_move_forward,EV_path_clear,CLEAR
166.881,robot_2,EV_move_forward,EV_path_clear,CLEAR
167.192,robot_2,EV_search_color,EV_path_clear,CLEAR
167.398,robot_2,EV_move_forward,EV_path_clear,CLEAR
167.739,robot_2,EV_move_forward,EV_path_clear,CLEAR
167.974,robot_2,EV_search_color,EV_path_clear|EV_object_visible,CLEAR
168.207,robot_2,EV_search_color,EV_path_clear,CLEAR
168.369,robot_2,EV_search_color,EV_path_clear,CLEAR
168.573,robot_2,EV_search_color,EV_path_clear,CLEAR
168.832,robot_2,EV_move_forward,EV_path_clear,CLEAR
169.062,robot_2,EV_search_color,EV_path_clear,CLEAR
169.279,robot_2,EV_move_forward,EV_path_clear,CLEAR
169.518,robot_2,EV_move_forward,EV_path_clear,CLEAR
169.783,robot_2,EV_move_forward,EV_path_clear,CLEAR
170.095,robot_2,EV_search_color,EV_path_clear|EV_object_visible,CLEAR
170.260,robot_2,EV_search_color,EV_path_clear,CLEAR
170.426,robot_2,EV_search_color,EV_path_clear,CLEAR
170.559,robot_2,EV_move_forward,EV_path_clear,CLEAR
170.888,robot_2,EV_search_color,EV_path_clear,CLEAR
171.049,robot_2,EV_move_forward,EV_path_clear,CLEAR
171.411,robot_2,EV_search_color,EV_path_clear,CLEAR
171.557,robot_2,EV_move_forward,EV_path_clear,CLEAR
171.788,robot_2,EV_search_color,EV_path_clear,CLEAR
172.009,robot_2,EV_search_color,EV_path_clear,CLEAR
172.161,robot_2,EV_move_forward,EV_path_clear|EV_object_visible,CLEAR
172.524,robot_2,EV_move_forward,EV_path_clear,CLEAR
172.790,robot_2,EV_search_color,EV_path_clear,CLEAR
173.027,robot_2,EV_move_forward,EV_path_clear,CLEAR
173.304,robot_2,EV_move_forward,EV_path_clear,CLEAR
173.563,robot_2,EV_search_color,EV_path_clear,CLEAR
173.775,robot_2,EV_search_color,EV_path_clear,CLEAR
173.973,robot_2,EV_move_forward,EV_path_clear,CLEAR
174.329,robot_2,EV_search_color,EV_path_clear,CLEAR
174.507,robot_2,EV_move_forward,EV_path_clear,CLEAR
174.774,robot_2,EV_move_forward,EV_path_clear|EV_object_visible,CLEAR
175.087,robot_2,EV_move_forward,EV_path_clear,CLEAR
175.299,robot_2,EV_move_forward,EV_path_clear,CLEAR
175.603,robot_2,EV_search_color,EV_path_clear,CLEAR
175.773,robot_2,EV_search_color,EV_path_clear,CLEAR
176.033,robot_2,EV_search_color,EV_path_clear,CLEAR
176.233,robot_2,EV_search_color,EV_path_clear,CLEAR
176.368,robot_2,EV_move_forward,EV_path_clear,CLEAR
176.701,robot_2,EV_move_forward,EV_path_clear|EV_object_visible,CLEAR
176.987,robot_2,EV_search_color,EV_path_clear,CLEAR
177.182,robot_2,EV_move_forward,EV_path_clear,CLEAR
177.457,robot_2,EV_move_forward,EV_path_clear,CLEAR
177.776,robot_2,EV_move_forward,EV_path_clear,CLEAR
178.097,robot_2,EV_move_forward,EV_path_clear,CLEAR
178.448,robot_2,EV_move_forward,EV_path_clear,CLEAR
178.768,robot_2,EV_search_color,EV_path_clear|EV_object_visible,CLEAR
178.904,robot_2,EV_search_color,EV_path_clear,CLEAR
179.062,robot_2,EV_move_forward,EV_path_clear,CLEAR
179.291,robot_2,EV_search_color,EV_path_clear,CLEAR
179.421,robot_2,EV_move_forward,EV_path_clear,CLEAR
179.700,robot_2,EV_move_forward,EV_path_clear,CLEAR
179.989,robot_2,EV_search_color,EV_path_clear,CLEAR
180.212,robot_2,EV_search_color,EV_path_clear,CLEAR
180.400,robot_2,EV_search_color,EV_path_clear,CLEAR
180.632,robot_2,EV_move_forward,EV_path_clear,CLEAR
180.898,robot_2,EV_move_forward,EV_path_clear|EV_object_visible,CLEAR
181.188,robot_2,EV_search_color,EV_path_clear,CLEAR
181.422,robot_2,EV_search_color,EV_path_clear,CLEAR
181.578,robot_2,EV_move_forward,EV_path_clear,CLEAR
181.812,robot_2,EV_search_color,EV_path_clear,CLEAR
181.979,robot_2,EV_move_forward,EV_path_clear,CLEAR
182.307,robot_2,EV_search_color,EV_path_clear,CLEAR
182.483,robot_2,EV_move_forward,EV_path_clear,CLEAR
182.771,robot_2,EV_search_color,EV_path_clear|EV_object_visible,CLEAR
183.013,robot_2,EV_move_forward,EV_path_clear,CLEAR
183.264,robot_2,EV_move_forward,EV_path_clear,CLEAR
183.578,robot_2,EV_move_forward,EV_path_clear,CLEAR
183.884,robot_2,EV_search_color,EV_path_clear,CLEAR
184.081,robot_2,EV_move_forward,EV_path_clear,CLEAR
184.404,robot_2,EV_move_forward,EV_path_clear,CLEAR
184.689,robot_2,EV_search_color,EV_path_clear,CLEAR
184.885,robot_2,EV_search_color,EV_path_clear|EV_object_not_visible,CLEAR
185.105,robot_2,EV_search_color,EV_path_clear,CLEAR
185.259,robot_2,EV_search_color,EV_path_clear,CLEAR
185.502,robot_2,EV_move_forward,EV_path_clear,CLEAR
185.817,robot_2,EV_search_color,EV_path_clear,CLEAR
186.012,robot_2,EV_search_color,EV_path_clear,CLEAR
186.189,robot_2,EV_move_forward,EV_path_clear,CLEAR
186.459,robot_2,EV_search_color,EV_path_clear,CLEAR
186.650,robot_2,EV_search_color,EV_path_clear,CLEAR
186.866,robot_2,EV_search_color,EV_path_clear|EV_object_not_visible,CLEAR
187.110,robot_2,EV_move_forward,EV_path_clear,CLEAR
187.380,robot_2,EV_search_color,EV_path_clear,CLEAR
187.579,robot_2,EV_search_color,EV_path_clear,CLEAR
187.702,robot_2,EV_search_color,EV_path_clear,CLEAR
187.864,robot_2,EV_move_forward,EV_path_clear,CLEAR
188.095,robot_2,EV_search_color,EV_path_clear,CLEAR
188.224,robot_2,EV_search_color,EV_path_clear,CLEAR
188.382,robot_2,EV_move_forward,EV_path_clear,CLEAR
188.749,robot_2,EV_search_color,EV_path_clear,CLEAR
188.908,robot_2,EV_search_color,EV_path_clear,CLEAR
189.148,robot_2,EV_u_turn,EV_obstacle_right,RIGHT
192.897,robot_2,EV_rotate_counterclockwise,EV_obstacle_right|EV_object_not_visible,RIGHT
195.706,robot_2,EV_search_color,EV_path_clear|EV_object_visible,CLEAR
195.869,robot_2,EV_search_color,EV_path_clear,CLEAR
196.011,robot_2,EV_move_forward,EV_path_clear,CLEAR
196.214,robot_2,EV_move_forward,EV_path_clear,CLEAR
196.506,robot_2,EV_move_forward,EV_path_clear,CLEAR
196.775,robot_2,EV_move_forward,EV_path_clear,CLEAR
197.019,robot_2,EV_move_forward,EV_path_clear,CLEAR
197.278,robot_2,EV_move_forward,EV_path_clear|EV_object_visible,CLEAR
197.555,robot_2,EV_move_forward,EV_path_clear,CLEAR
197.806,robot_2,EV_search_color,EV_path_clear,CLEAR
197.998,robot_2,EV_move_forward,EV_path_clear,CLEAR
198.291,robot_2,EV_search_color,EV_path_clear,CLEAR
198.432,robot_2,EV_move_forward,EV_path_clear,CLEAR
198.693,robot_2,EV_move_forward,EV_path_clear,CLEAR
198.973,robot_2,EV_move_forward,EV_path_clear,CLEAR
199.288,robot_2,EV_search_color,EV_path_clear,CLEAR
199.411,robot_2,EV_search_color,EV_path_clear,CLEAR
199.561,robot_2,EV_move_forward,EV_path_clear|EV_object_visible,CLEAR
199.865,robot_2,EV_search_color,EV_path_clear,CLEAR
200.098,robot_2,EV_search_color,EV_path_clear,CLEAR
200.323,robot_2,EV_move_forward,EV_path_clear,CLEAR
200.578,robot_2,EV_move_forward,EV_path_clear,CLEAR
200.878,robot_2,EV_move_forward,EV_path_clear,CLEAR
201.146,robot_2,EV_move_forward,EV_path_clear,CLEAR
201.445,robot_2,EV_move_forward,EV_path_clear,CLEAR
201.674,robot_2,EV_search_color,EV_path_clear|EV_object_visible,CLEAR
201.803,robot_2,EV_search_color,EV_path_clear,CLEAR
201.959,robot_2,EV_search_color,EV_path_clear,CLEAR
202.080,robot_2,EV_move_forward,EV_path_clear,CLEAR
202.361,robot_2,EV_search_color,EV_path_clear,CLEAR
202.470,robot_2,EV_search_color,EV_path_clear,CLEAR
202.659,robot_2,EV_search_color,EV_path_clear,CLEAR
202.810,robot_2,EV_search_color,EV_path_clear,CLEAR
202.972,robot_2,EV_move_forward,EV_path_clear,CLEAR
203.277,robot_2,EV_search_color,EV_path_clear,CLEAR
203.391,robot_2,EV_move_forward,EV_path_clear,CLEAR
203.613,robot_2,EV_search_color,EV_path_clear|EV_object_visible,CLEAR
203.763,robot_2,EV_search_color,EV_path_clear,CLEAR
203.898,robot_2,EV_search_color,EV_path_clear,CLEAR
204.088,robot_2,EV_move_forward,EV_path_clear,CLEAR
204.360,robot_2,EV_move_forward,EV_path_clear,CLEAR
204.617,robot_2,EV_search_color,EV_path_clear,CLEAR
204.779,robot_2,EV_search_color,EV_path_clear,CLEAR
204.909,robot_2,EV_search_color,EV_path_clear,CLEAR
205.074,robot_2,EV_move_forward,EV_path_clear,CLEAR
205.349,robot_2,EV_move_forward,EV_path_clear,CLEAR
205.564,robot_2,EV_search_color,EV_path_clear,CLEAR
205.677,robot_2,EV_search_color,EV_path_clear,CLEAR
205.856,robot_2,EV_move_forward,EV_path_clear,CLEAR
206.091,robot_2,EV_search_color,EV_path_clear|EV_object_visible,CLEAR
206.193,robot_2,EV_search_color,EV_path_clear,CLEAR
206.362,robot_2,EV_search_color,EV_path_clear,CLEAR
206.568,robot_2,EV_move_forward,EV_path_clear,CLEAR
206.909,robot_2,EV_move_forward,EV_path_clear,CLEAR
207.212,robot_2,EV_search_color,EV_path_clear,CLEAR
207.417,robot_2,EV_search_color,EV_path_clear,CLEAR
207.572,robot_2,EV_search_color,EV_path_clear,CLEAR
207.827,robot_2,EV_move_forward,EV_path_clear,CLEAR
208.074,robot_2,EV_move_forward,EV_path_clear|EV_object_visible,CLEAR
208.355,robot_2,EV_move_forward,EV_path_clear,CLEAR
208.696,robot_2,EV_search_color,EV_path_clear,CLEAR
208.913,robot_2,EV_move_forward,EV_path_clear,CLEAR
209.191,robot_2,EV_move_forward,EV_path_clear,CLEAR
209.414,robot_2,EV_move_forward,EV_path_clear,CLEAR
209.666,robot_2,EV_move_forward,EV_path_clear,CLEAR
209.973,robot_2,EV_move_forward,EV_path_clear,CLEAR
210.308,robot_2,EV_search_color,EV_path_clear|EV_object_visible,CLEAR
210.471,robot_2,EV_move_forward,EV_path_clear,CLEAR
210.693,robot_2,EV_move_forward,EV_path_clear,CLEAR
210.967,robot_2,EV_move_forward,EV_path_clear,CLEAR
211.263,robot_2,EV_search_color,EV_path_clear,CLEAR
211.442,robot_2,EV_move_forward,EV_path_clear,CLEAR
211.674,robot_2,EV_search_color,EV_path_clear,CLEAR
211.790,robot_2,EV_search_color,EV_path_clear,CLEAR
211.979,robot_2,EV_search_color,EV_path_clear,CLEAR
212.165,robot_2,EV_search_color,EV_path_clear,CLEAR
212.326,robot_2,EV_search_color,EV_path_clear|EV_object_visible,CLEAR
212.487,robot_2,EV_move_forward,EV_path_clear,CLEAR
212.814,robot_2,EV_move_forward,EV_path_clear,CLEAR
213.061,robot_2,EV_move_forward,EV_path_clear,CLEAR
213.419,robot_2,EV_move_forward,EV_path_clear,CLEAR
213.673,robot_2,EV_move_forward,EV_path_clear,CLEAR
213.962,robot_2,EV_search_color,EV_path_clear,CLEAR
214.122,robot_2,EV_move_forward,EV_path_clear,CLEAR
214.381,robot_2,EV_search_color,EV_path_clear|EV_object_visible,CLEAR
214.600,robot_2,EV_move_forward,EV_path_clear,CLEAR
214.889,robot_2,EV_search_color,EV_path_clear,CLEAR
215.091,robot_2,EV_search_color,EV_path_clear,CLEAR
215.315,robot_2,EV_search_color,EV_path_clear,CLEAR
215.420,robot_2,EV_search_color,EV_path_clear,CLEAR
215.626,robot_2,EV_move_forward,EV_path_clear,CLEAR
215.832,robot_2,EV_search_color,EV_path_clear,CLEAR
216.006,robot_2,EV_move_forward,EV_path_clear,CLEAR
216.253,robot_2,EV_search_color,EV_path_clear|EV_object_visible,CLEAR
216.489,robot_2,EV_search_color,EV_path_clear,CLEAR
216.667,robot_2,EV_move_forward,EV_path_clear,CLEAR
216.969,robot_2,EV_search_color,EV_path_clear,CLEAR
217.080,robot_2,EV_search_color,EV_path_clear,CLEAR
217.209,robot_2,EV_search_color,EV_path_clear,CLEAR
217.399,robot_2,EV_move_forward,EV_path_clear,CLEAR
217.615,robot_2,EV_search_color,EV_path_clear,CLEAR
217.776,robot_2,EV_move_forward,EV_path_clear,CLEAR
218.008,robot_2,EV_search_color,EV_path_clear,CLEAR
218.213,robot_2,EV_move_forward,EV_path_clear,CLEAR
218.478,robot_2,EV_search_color,EV_path_clear|EV_object_visible,CLEAR
218.706,robot_2,EV_move_forward,EV_path_clear,CLEAR
218.977,robot_2,EV_search_color,EV_path_clear,CLEAR
219.187,robot_2,EV_move_forward,EV_path_clear,CLEAR
219.502,robot_2,EV_search_color,EV_path_clear,CLEAR
219.671,robot_2,EV_move_forward,EV_path_clear,CLEAR
220.019,robot_2,EV_search_color,EV_path_clear,CLEAR
220.176,robot_2,EV_search_color,EV_path_clear,CLEAR
220.321,robot_2,EV_move_forward,EV_path_clear,CLEAR
220.555,robot_2,EV_search_color,EV_path_clear|EV_object_visible,CLEAR
220.813,robot_2,EV_move_forward,EV_path_clear,CLEAR
221.066,robot_2,EV_search_color,EV_path_clear,CLEAR
221.257,robot_2,EV_search_color,EV_path_clear,CLEAR
221.393,robot_2,EV_search_color,EV_path_clear,CLEAR
221.602,robot_2,EV_search_color,EV_path_clear,CLEAR
221.840,robot_2,EV_move_forward,EV_path_clear,CLEAR
222.098,robot_2,EV_move_forward,EV_path_clear,CLEAR
222.327,robot_2,EV_move_forward,EV_path_clear,CLEAR
222.613,robot_2,EV_move_forward,EV_path_clear|EV_object_visible,CLEAR
222.878,robot_2,EV_search_color,EV_path_clear,CLEAR
223.078,robot_2,EV_move_forward,EV_path_clear,CLEAR
223.309,robot_2,EV_move_forward,EV_path_clear,CLEAR
223.558,robot_2,EV_move_forward,EV_path_clear,CLEAR
223.797,robot_2,EV_search_color,EV_path_clear,CLEAR
223.956,robot_2,EV_search_color,EV_path_clear,CLEAR
224.201,robot_2,EV_move_forward,EV_path_clear,CLEAR
224.490,robot_2,EV_move_forward,EV_path_clear,CLEAR
224.804,robot_2,EV_search_color,EV_path_clear|EV_object_not_visible,CLEAR
225.005,robot_2,EV_move_forward,EV_path_clear,CLEAR
225.292,robot_2,EV_move_forward,EV_path_clear,CLEAR
225.568,robot_2,EV_move_forward,EV_path_clear,CLEAR
225.885,robot_2,EV_search_color,EV_path_clear,CLEAR
226.105,robot_2,EV_move_forward,EV_path_clear,CLEAR
226.329,robot_2,EV_search_color,EV_path_clear,CLEAR
226.516,robot_2,EV_search_color,EV_path_clear,CLEAR
226.686,robot_2,EV_move_forward,EV_path_clear|EV_object_not_visible,CLEAR
226.981,robot_2,EV_move_forward,EV_path_clear,CLEAR
227.312,robot_2,EV_search_color,EV_path_clear,CLEAR
227.476,robot_2,EV_move_forward,EV_path_clear,CLEAR
227.780,robot_2,EV_move_forward,EV_path_clear,CLEAR
228.034,robot_2,EV_search_color,EV_path_clear,CLEAR
228.184,robot_2,EV_search_color,EV_path_clear,CLEAR
228.310,robot_2,EV_move_forward,EV_path_clear,CLEAR
228.612,robot_2,EV_search_color,EV_path_clear,CLEAR
228.778,robot_2,EV_move_forward,EV_path_clear,CLEAR
229.031,robot_2,EV_search_color,EV_path_clear|EV_object_not_visible,CLEAR
229.172,robot_2,EV_search_color,EV_path_clear,CLEAR
229.389,robot_2,EV_move_forward,EV_path_clear,CLEAR
229.696,robot_2,EV_search_color,EV_path_clear,CLEAR
229.886,robot_2,EV_search_color,EV_path_clear,CLEAR
230.081,robot_2,EV_search_color,EV_path_clear,CLEAR
230.314,robot_2,EV_move_forward,EV_path_clear,CLEAR
230.565,robot_2,EV_move_forward,EV_path_clear,CLEAR
230.874,robot_2,EV_search_color,EV_path_clear,CLEAR
231.111,robot_2,EV_search_color,EV_object_reached|EV_path_clear,CLEAR
231.258,robot_2,EV_search_color,EV_path_clear,CLEAR
231.476,robot_2,EV_search_color,EV_path_clear,CLEAR
231.733,robot_2,EV_move_forward,EV_path_clear,CLEAR
232.009,robot_2,EV_move_forward,EV_path_clear,CLEAR
232.290,robot_2,EV_move_forward,EV_path_clear,CLEAR
232.491,robot_2,EV_move_forward,EV_path_clear,CLEAR
232.778,robot_2,EV_move_forward,EV_path_clear,CLEAR
233.127,robot_2,EV_move_forward,EV_path_clear,CLEAR
233.364,robot_2,EV_search_color,EV_object_reached|EV_path_clear,CLEAR
233.503,robot_2,EV_search_color,EV_path_clear,CLEAR
233.642,robot_2,EV_search_color,EV_path_clear,CLEAR
233.809,robot_2,EV_move_forward,EV_path_clear,CLEAR
234.021,robot_2,EV_move_forward,EV_path_clear,CLEAR
234.320,robot_2,EV_search_color,EV_path_clear,CLEAR
234.488,robot_2,EV_move_forward,EV_path_clear,CLEAR
234.712,robot_2,EV_search_color,EV_path_clear,CLEAR
234.819,robot_2,EV_move_forward,EV_path_clear,CLEAR
235.073,robot_2,EV_move_forward,EV_path_clear,CLEAR
235.373,robot_2,EV_search_color,EV_object_reached|EV_path_clear,CLEAR
235.479,robot_2,EV_move_forward,EV_path_clear,CLEAR
235.808,robot_2,EV_move_forward,EV_path_clear,CLEAR
236.076,robot_2,EV_move_forward,EV_path_clear,CLEAR
236.363,robot_2,EV_move_forward,EV_path_clear,CLEAR
236.595,robot_2,EV_move_forward,EV_path_clear,CLEAR
236.898,robot_2,EV_move_forward,EV_path_clear,CLEAR
237.193,robot_2,EV_search_color,EV_path_clear,CLEAR
237.399,robot_2,EV_move_forward,EV_path_clear,CLEAR
237.660,robot_2,EV_rotate_counterclockwise,EV_obstacle_right,RIGHT
237.838,robot_2,EV_u_turn,EV_obstacle_right|EV_object_reached,RIGHT
241.686,robot_2,EV_rotate_counterclockwise,EV_obstacle_right|EV_object_reached,RIGHT
244.405,robot_2,EV_move_forward,EV_object_reached|EV_path_clear,CLEAR
244.655,robot_2,EV_move_forward,EV_path_clear,CLEAR
245.000,robot_2,EV_move_forward,EV_path_clear,CLEAR
245.290,robot_2,EV_search_color,EV_path_clear,CLEAR
245.476,robot_2,EV_move_forward,EV_path_clear,CLEAR
245.839,robot_2,EV_search_color,EV_path_clear,CLEAR
245.956,robot_2,EV_move_forward,EV_path_clear,CLEAR
246.276,robot_2,EV_move_forward,EV_path_clear,CLEAR
246.563,robot_2,EV_move_forward,EV_object_reached|EV_path_clear,CLEAR
246.883,robot_2,EV_search_color,EV_path_clear,CLEAR
247.100,robot_2,EV_move_forward,EV_path_clear,CLEAR
247.399,robot_2,EV_move_forward,EV_path_clear,CLEAR
247.681,robot_2,EV_move_forward,EV_path_clear,CLEAR
247.907,robot_2,EV_search_color,EV_path_clear,CLEAR
248.097,robot_2,EV_move_forward,EV_path_clear,CLEAR
248.463,robot_2,EV_search_color,EV_path_clear,CLEAR
248.629,robot_2,EV_search_color,EV_path_clear,CLEAR
248.803,robot_2,EV_move_forward,EV_path_clear,CLEAR
249.074,robot_2,EV_search_color,EV_object_reached|EV_path_clear,CLEAR
249.279,robot_2,EV_move_forward,EV_path_clear,CLEAR
249.547,robot_2,EV_move_forward,EV_path_clear,CLEAR
249.762,robot_2,EV_move_forward,EV_path_clear,CLEAR
249.995,robot_2,EV_move_forward,EV_path_clear,CLEAR
250.282,robot_2,EV_move_forward,EV_path_clear,CLEAR
250.571,robot_2,EV_rotate_clockwise,EV_obstacle_front,CORNER
250.790,robot_2,EV_u_turn,EV_object_reached|EV_obstacle_front,CORNER
254.532,robot_2,EV_u_turn,EV_object_reached|EV_obstacle_front,CORNER
254.689,robot_2,EV_rotate_clockwise,EV_obstacle_front,CORNER
254.888,robot_2,EV_u_turn,EV_obstacle_right,RIGHT
255.027,robot_2,EV_rotate_counterclockwise,EV_obstacle_right|EV_object_reached,RIGHT
255.173,robot_2,EV_rotate_counterclockwise,EV_obstacle_right,RIGHT
255.382,robot_2,EV_u_turn,EV_obstacle_right,RIGHT
255.484,robot_2,EV_rotate_counterclockwise,EV_obstacle_right,RIGHT
255.703,robot_2,EV_rotate_counterclockwise,EV_obstacle_right,RIGHT
255.921,robot_2,EV_u_turn,EV_obstacle_right,RIGHT
256.018,robot_2,EV_u_turn,EV_obstacle_right,RIGHT
256.119,robot_2,EV_u_turn,EV_obstacle_right,RIGHT
256.226,robot_2,EV_u_turn,EV_obstacle_right,RIGHT
256.297,robot_2,EV_rotate_counterclockwise,EV_obstacle_right,RIGHT
256.459,robot_2,EV_rotate_counterclockwise,EV_obstacle_right,RIGHT
256.695,robot_2,EV_rotate_counterclockwise,EV_obstacle_right,RIGHT
256.900,robot_2,EV_search_color,EV_object_reached|EV_path_clear,CLEAR
257.060,robot_2,EV_move_forward,EV_path_clear,CLEAR
257.292,robot_2,EV_move_forward,EV_path_clear,CLEAR
257.582,robot_2,EV_move_forward,EV_path_clear,CLEAR
257.867,robot_2,EV_search_color,EV_path_clear,CLEAR
257.991,robot_2,EV_move_forward,EV_path_clear,CLEAR
258.323,robot_2,EV_move_forward,EV_path_clear,CLEAR
258.572,robot_2,EV_search_color,EV_path_clear,CLEAR
258.761,robot_2,EV_search_color,EV_path_clear,CLEAR
258.905,robot_2,EV_move_forward,EV_path_clear,CLEAR
259.177,robot_2,EV_move_forward,EV_path_clear,CLEAR
259.485,robot_2,EV_move_forward,EV_object_reached|EV_path_clear,CLEAR
259.792,robot_2,EV_move_forward,EV_path_clear,CLEAR
260.096,robot_2,EV_search_color,EV_path_clear,CLEAR
260.302,robot_2,EV_move_forward,EV_path_clear,CLEAR
260.573,robot_2,EV_move_forward,EV_path_clear,CLEAR
260.872,robot_2,EV_search_color,EV_path_clear,CLEAR
261.078,robot_2,EV_move_forward,EV_path_clear,CLEAR
261.420,robot_2,EV_move_forward,EV_object_reached|EV_path_clear,CLEAR
261.689,robot_2,EV_search_color,EV_path_clear,CLEAR
261.819,robot_2,EV_search_color,EV_path_clear,CLEAR
262.004,robot_2,EV_search_color,EV_path_clear,CLEAR
262.241,robot_2,EV_search_color,EV_path_clear,CLEAR
262.391,robot_2,EV_search_color,EV_path_clear,CLEAR
262.648,robot_2,EV_search_color,EV_path_clear,CLEAR
262.779,robot_2,EV_move_forward,EV_path_clear,CLEAR
263.013,robot_2,EV_search_color,EV_path_clear,CLEAR
263.182,robot_2,EV_search_color,EV_path_clear,CLEAR
263.364,robot_2,EV_move_forward,EV_object_reached|EV_path_clear,CLEAR
263.701,robot_2,EV_search_color,EV_path_clear,CLEAR
263.874,robot_2,EV_move_forward,EV_path_clear,CLEAR
264.115,robot_2,EV_move_forward,EV_path_clear,CLEAR
264.432,robot_2,EV_move_forward,EV_path_clear,CLEAR
264.702,robot_2,EV_search_color,EV_path_clear,CLEAR
264.873,robot_2,EV_move_forward,EV_path_clear,CLEAR
265.222,robot_2,EV_search_color,EV_path_clear,CLEAR
265.346,robot_2,EV_search_color,EV_path_clear,CLEAR
265.541,robot_2,EV_search_color,EV_path_clear,CLEAR
265.686,robot_2,EV_search_color,EV_object_reached|EV_path_clear,CLEAR
265.874,robot_2,EV_move_forward,EV_path_clear,CLEAR
266.212,robot_2,EV_move_forward,EV_path_clear,CLEAR
266.487,robot_2,EV_search_color,EV_path_clear,CLEAR
266.686,robot_2,EV_search_color,EV_path_clear,CLEAR
266.841,robot_2,EV_move_forward,EV_path_clear,CLEAR
267.203,robot_2,EV_move_forward,EV_path_clear,CLEAR
267.466,robot_2,EV_search_color,EV_path_clear,CLEAR
267.615,robot_2,EV_move_forward,EV_path_clear,CLEAR
267.924,robot_2,EV_move_forward,EV_object_reached|EV_path_clear,CLEAR
268.158,robot_2,EV_search_color,EV_path_clear,CLEAR
268.395,robot_2,EV_move_forward,EV_path_clear,CLEAR
268.726,robot_2,EV_search_color,EV_path_clear,CLEAR
268.897,robot_2,EV_search_color,EV_path_clear,CLEAR
269.103,robot_2,EV_move_forward,EV_path_clear,CLEAR
269.422,robot_2,EV_search_color,EV_path_clear,CLEAR
269.637,robot_2,EV_move_forward,EV_path_clear,CLEAR
269.887,robot_2,EV_move_forward,EV_object_reached|EV_path_clear,CLEAR
270.123,robot_2,EV_search_color,EV_path_clear,CLEAR
270.276,robot_2,EV_move_forward,EV_path_clear,CLEAR
270.509,robot_2,EV_move_forward,EV_path_clear,CLEAR
270.791,robot_2,EV_move_forward,EV_path_clear,CLEAR
271.055,robot_2,EV_search_color,EV_path_clear,CLEAR
271.234,robot_2,EV_move_forward,EV_path_clear,CLEAR
271.530,robot_2,EV_search_color,EV_path_clear,CLEAR
271.721,robot_2,EV_move_forward,EV_path_clear,CLEAR
271.976,robot_2,EV_move_forward,EV_path_clear,CLEAR
272.290,robot_2,EV_move_forward,EV_object_reached|EV_path_clear,CLEAR
272.591,robot_2,EV_search_color,EV_path_clear,CLEAR
272.813,robot_2,EV_move_forward,EV_path_clear,CLEAR
273.090,robot_2,EV_move_forward,EV_path_clear,CLEAR
273.394,robot_2,EV_search_color,EV_path_clear,CLEAR
273.606,robot_2,EV_move_forward,EV_path_clear,CLEAR
273.867,robot_2,EV_search_color,EV_path_clear|EV_object_visible,CLEAR
274.098,robot_2,EV_move_forward,EV_path_clear,CLEAR
274.359,robot_2,EV_move_forward,EV_path_clear,CLEAR
274.676,robot_2,EV_move_forward,EV_path_clear,CLEAR
274.973,robot_2,EV_search_color,EV_path_clear,CLEAR
275.109,robot_2,EV_move_forward,EV_path_clear,CLEAR
275.362,robot_2,EV_search_color,EV_path_clear,CLEAR
275.575,robot_2,EV_search_color,EV_path_clear,CLEAR
275.766,robot_2,EV_move_forward,EV_path_clear,CLEAR
275.980,robot_2,EV_search_color,EV_path_clear|EV_object_visible,CLEAR
276.163,robot_2,EV_search_color,EV_path_clear,CLEAR
276.309,robot_2,EV_move_forward,EV_path_clear,CLEAR
276.580,robot_2,EV_search_color,EV_path_clear,CLEAR
276.801,robot_2,EV_search_color,EV_path_clear,CLEAR
276.972,robot_2,EV_move_forward,EV_path_clear,CLEAR
277.311,robot_2,EV_search_color,EV_path_clear,CLEAR
277.483,robot_2,EV_search_color,EV_path_clear,CLEAR
277.696,robot_2,EV_search_color,EV_path_clear,CLEAR
277.891,robot_2,EV_move_forward,EV_path_clear,CLEAR
278.222,robot_2,EV_move_forward,EV_path_clear|EV_object_visible,CLEAR
278.501,robot_2,EV_search_color,EV_path_clear,CLEAR
278.674,robot_2,EV_move_forward,EV_path_clear,CLEAR
278.967,robot_2,EV_move_forward,EV_path_clear,CLEAR
279.189,robot_2,EV_search_color,EV_path_clear,CLEAR
279.300,robot_2,EV_search_color,EV_path_clear,CLEAR
279.527,robot_2,EV_move_forward,EV_path_clear,CLEAR
279.779,robot_2,EV_move_forward,EV_path_clear,CLEAR
280.055,robot_2,EV_search_color,EV_path_clear|EV_object_visible,CLEAR
280.305,robot_2,EV_move_forward,EV_path_clear,CLEAR
280.572,robot_2,EV_search_color,EV_path_clear,CLEAR
280.771,robot_2,EV_search_color,EV_path_clear,CLEAR
280.899,robot_2,EV_search_color,EV_path_clear,CLEAR
281.064,robot_2,EV_move_forward,EV_path_clear,CLEAR
281.328,robot_2,EV_search_color,EV_path_clear,CLEAR
281.503,robot_2,EV_search_color,EV_path_clear,CLEAR
281.673,robot_2,EV_move_forward,EV_path_clear,CLEAR
281.968,robot_2,EV_search_color,EV_path_clear,CLEAR
282.233,robot_2,EV_move_forward,EV_path_clear|EV_object_visible,CLEAR
282.500,robot_2,EV_move_forward,EV_path_clear,CLEAR
282.794,robot_2,EV_search_color,EV_path_clear,CLEAR
282.978,robot_2,EV_search_color,EV_path_clear,CLEAR
283.195,robot_2,EV_move_forward,EV_path_clear,CLEAR
283.491,robot_2,EV_move_forward,EV_path_clear,CLEAR
283.782,robot_2,EV_move_forward,EV_path_clear,CLEAR
284.023,robot_2,EV_move_forward,EV_path_clear,CLEAR
284.274,robot_2,EV_search_color,EV_path_clear|EV_object_visible,CLEAR
284.473,robot_2,EV_search_color,EV_path_clear,CLEAR
284.664,robot_2,EV_search_color,EV_path_clear,CLEAR
284.802,robot_2,EV_move_forward,EV_path_clear,CLEAR
285.103,robot_2,EV_search_color,EV_path_clear,CLEAR
285.277,robot_2,EV_search_color,EV_path_clear,CLEAR
285.465,robot_2,EV_search_color,EV_path_clear,CLEAR
285.694,robot_2,EV_search_color,EV_path_clear,CLEAR
285.865,robot_2,EV_move_forward,EV_path_clear,CLEAR
286.093,robot_2,EV_move_forward,EV_path_clear,CLEAR
286.374,robot_2,EV_move_forward,EV_path_clear,CLEAR
286.598,robot_2,EV_search_color,EV_path_clear|EV_object_visible,CLEAR
286.765,robot_2,EV_move_forward,EV_path_clear,CLEAR
287.090,robot_2,EV_move_forward,EV_path_clear,CLEAR
287.376,robot_2,EV_move_forward,EV_path_clear,CLEAR
287.663,robot_2,EV_search_color,EV_path_clear,CLEAR
287.910,robot_2,EV_search_color,EV_path_clear,CLEAR
288.069,robot_2,EV_search_color,EV_path_clear,CLEAR
288.217,robot_2,EV_move_forward,EV_path_clear,CLEAR
288.505,robot_2,EV_move_forward,EV_path_clear|EV_object_visible,CLEAR
288.804,robot_2,EV_move_forward,EV_path_clear,CLEAR
289.075,robot_2,EV_search_color,EV_path_clear,CLEAR
289.265,robot_2,EV_move_forward,EV_path_clear,CLEAR
289.520,robot_2,EV_search_color,EV_path_clear,CLEAR
289.702,robot_2,EV_move_forward,EV_path_clear,CLEAR
290.005,robot_2,EV_search_color,EV_path_clear,CLEAR
290.166,robot_2,EV_search_color,EV_path_clear,CLEAR
290.324,robot_2,EV_search_color,EV_path_clear,CLEAR
290.499,robot_2,EV_move_forward,EV_path_clear,CLEAR
290.736,robot_2,EV_u_turn,EV_obstacle_right|EV_object_visible,RIGHT
294.558,robot_2,EV_rotate_counterclockwise,EV_obstacle_right|EV_object_visible,RIGHT
294.727,robot_2,EV_move_forward,EV_path_clear,CLEAR
294.977,robot_2,EV_move_forward,EV_path_clear|EV_object_visible,CLEAR
295.315,robot_2,EV_search_color,EV_path_clear,CLEAR
295.475,robot_2,EV_search_color,EV_path_clear,CLEAR
295.660,robot_2,EV_move_forward,EV_path_clear,CLEAR
296.021,robot_2,EV_move_forward,EV_path_clear,CLEAR
296.300,robot_2,EV_search_color,EV_path_clear,CLEAR
296.483,robot_2,EV_move_forward,EV_path_clear,CLEAR
296.731,robot_2,EV_search_color,EV_path_clear,CLEAR
296.870,robot_2,EV_search_color,EV_path_clear|EV_object_visible,CLEAR
297.090,robot_2,EV_move_forward,EV_path_clear,CLEAR
297.435,robot_2,EV_search_color,EV_path_clear,CLEAR
297.588,robot_2,EV_move_forward,EV_path_clear,CLEAR
297.810,robot_2,EV_move_forward,EV_path_clear,CLEAR
298.056,robot_2,EV_search_color,EV_path_clear,CLEAR
298.207,robot_2,EV_move_forward,EV_path_clear,CLEAR
298.536,robot_2,EV_search_color,EV_path_clear,CLEAR
298.706,robot_2,EV_move_forward,EV_path_clear,CLEAR
298.999,robot_2,EV_rotate_counterclockwise,EV_obstacle_right,RIGHT
299.178,robot_2,EV_rotate_counterclockwise,EV_obstacle_right|EV_object_visible,RIGHT
299.368,robot_2,EV_rotate_counterclockwise,EV_obstacle_right,RIGHT
299.608,robot_2,EV_u_turn,EV_obstacle_right,RIGHT
303.477,robot_2,EV_move_forward,EV_path_clear|EV_object_visible,CLEAR
303.777,robot_2,EV_search_color,EV_path_clear,CLEAR
303.972,robot_2,EV_move_forward,EV_path_clear,CLEAR
304.194,robot_2,EV_move_forward,EV_path_clear,CLEAR
304.406,robot_2,EV_search_color,EV_path_clear,CLEAR
304.620,robot_2,EV_search_color,EV_path_clear,CLEAR
304.774,robot_2,EV_search_color,EV_path_clear,CLEAR
304.940,robot_2,EV_search_color,EV_path_clear,CLEAR
305.070,robot_2,EV_move_forward,EV_path_clear,CLEAR
305.283,robot_2,EV_search_color,EV_path_clear|EV_object_visible,CLEAR
305.495,robot_2,EV_move_forward,EV_path_clear,CLEAR
305.719,robot_2,EV_move_forward,EV_path_clear,CLEAR
306.006,robot_2,EV_search_color,EV_path_clear,CLEAR
306.213,robot_2,EV_move_forward,EV_path_clear,CLEAR
306.520,robot_2,EV_move_forward,EV_path_clear,CLEAR
306.757,robot_2,EV_move_forward,EV_path_clear,CLEAR
307.005,robot_2,EV_search_color,EV_path_clear,CLEAR
307.225,robot_2,EV_search_color,EV_path_clear,CLEAR
307.404,robot_2,EV_search_color,EV_path_clear,CLEAR
307.610,robot_2,EV_search_color,EV_path_clear|EV_object_visible,CLEAR
307.821,robot_2,EV_search_color,EV_path_clear,CLEAR
307.993,robot_2,EV_move_forward,EV_path_clear,CLEAR
308.318,robot_2,EV_search_color,EV_path_clear,CLEAR
308.503,robot_2,EV_search_color,EV_path_clear,CLEAR
308.705,robot_2,EV_move_forward,EV_path_clear,CLEAR
308.993,robot_2,EV_move_forward,EV_path_clear,CLEAR
309.234,robot_2,EV_move_forward,EV_path_clear,CLEAR
309.501,robot_2,EV_search_color,EV_path_clear,CLEAR
309.711,robot_2,EV_move_forward,EV_path_clear,CLEAR
310.002,robot_2,EV_search_color,EV_path_clear|EV_object_visible,CLEAR
310.213,robot_2,EV_move_forward,EV_path_clear,CLEAR
310.501,robot_2,EV_move_forward,EV_path_clear,CLEAR
310.787,robot_2,EV_search_color,EV_path_clear,CLEAR
310.963,robot_2,EV_move_forward,EV_path_clear,CLEAR
311.340,robot_2,EV_move_forward,EV_path_clear,CLEAR
311.621,robot_2,EV_move_forward,EV_path_clear,CLEAR
311.895,robot_2,EV_move_forward,EV_path_clear|EV_object_visible,CLEAR
312.200,robot_2,EV_move_forward,EV_path_clear,CLEAR
312.461,robot_2,EV_move_forward,EV_path_clear,CLEAR
312.705,robot_2,EV_move_forward,EV_path_clear,CLEAR
313.020,robot_2,EV_move_forward,EV_path_clear,CLEAR
313.232,robot_2,EV_search_color,EV_path_clear,CLEAR
313.430,robot_2,EV_search_color,EV_path_clear,CLEAR
313.576,robot_2,EV_move_forward,EV_path_clear,CLEAR
313.904,robot_2,EV_move_forward,EV_path_clear|EV_object_visible,CLEAR
314.198,robot_2,EV_move_forward,EV_path_clear,CLEAR
314.492,robot_2,EV_search_color,EV_path_clear,CLEAR
314.689,robot_2,EV_move_forward,EV_path_clear,CLEAR
314.993,robot_2,EV_search_color,EV_path_clear,CLEAR
315.214,robot_2,EV_search_color,EV_path_clear,CLEAR
315.385,robot_2,EV_search_color,EV_path_clear,CLEAR
315.547,robot_2,EV_move_forward,EV_path_clear,CLEAR
315.912,robot_2,EV_search_color,EV_path_clear,CLEAR
316.070,robot_2,EV_search_color,EV_path_clear|EV_object_visible,CLEAR
316.243,robot_2,EV_move_forward,EV_path_clear,CLEAR
316.485,robot_2,EV_move_forward,EV_path_clear,CLEAR
316.797,robot_2,EV_search_color,EV_path_clear,CLEAR
316.960,robot_2,EV_move_forward,EV_path_clear,CLEAR
317.181,robot_2,EV_search_color,EV_path_clear,CLEAR
317.336,robot_2,EV_move_forward,EV_path_clear,CLEAR
317.594,robot_2,EV_move_forward,EV_path_clear,CLEAR
317.862,robot_2,EV_search_color,EV_path_clear,CLEAR
318.055,robot_2,EV_move_forward,EV_path_clear,CLEAR
318.391,robot_2,EV_search_color,EV_path_clear|EV_object_visible,CLEAR
318.605,robot_2,EV_move_forward,EV_path_clear,CLEAR
318.857,robot_2,EV_move_forward,EV_path_clear,CLEAR
319.217,robot_2,EV_move_forward,EV_path_clear,CLEAR
319.493,robot_2,EV_move_forward,EV_path_clear,CLEAR
319.769,robot_2,EV_move_forward,EV_path_clear,CLEAR
320.016,robot_2,EV_move_forward,EV_path_clear,CLEAR
320.344,robot_2,EV_move_forward,EV_path_clear,CLEAR
320.592,robot_2,EV_move_forward,EV_path_clear|EV_object_visible,CLEAR
320.940,robot_2,EV_move_forward,EV_path_clear,CLEAR
321.156,robot_2,EV_search_color,EV_path_clear,CLEAR
321.315,robot_2,EV_move_forward,EV_path_clear,CLEAR
321.620,robot_2,EV_search_color,EV_path_clear,CLEAR
321.761,robot_2,EV_move_forward,EV_path_clear,CLEAR
322.011,robot_2,EV_search_color,EV_path_clear,CLEAR
322.190,robot_2,EV_move_forward,EV_path_clear,CLEAR
322.485,robot_2,EV_move_forward,EV_path_clear,CLEAR
322.698,robot_2,EV_search_color,EV_path_clear|EV_object_visible,CLEAR
322.864,robot_2,EV_search_color,EV_path_clear,CLEAR
323.099,robot_2,EV_move_forward,EV_path_clear,CLEAR
323.376,robot_2,EV_search_color,EV_path_clear,CLEAR
323.601,robot_2,EV_search_color,EV_path_clear,CLEAR
323.781,robot_2,EV_move_forward,EV_path_clear,CLEAR
324.102,robot_2,EV_search_color,EV_path_clear,CLEAR
324.260,robot_2,EV_search_color,EV_path_clear,CLEAR
324.429,robot_2,EV_search_color,EV_path_clear,CLEAR
324.642,robot_2,EV_move_forward,EV_path_clear,CLEAR
324.917,robot_2,EV_move_forward,EV_object_reached|EV_path_clear,CLEAR
325.192,robot_2,EV_move_forward,EV_path_clear,CLEAR
325.487,robot_2,EV_search_color,EV_path_clear,CLEAR
325.699,robot_2,EV_move_forward,EV_path_clear,CLEAR
325.954,robot_2,EV_move_forward,EV_path_clear,CLEAR
326.173,robot_2,EV_search_color,EV_path_clear,CLEAR
326.310,robot_2,EV_search_color,EV_path_clear,CLEAR
326.533,robot_2,EV_search_color,EV_path_clear,CLEAR
326.693,robot_2,EV_move_forward,EV_path_clear,CLEAR
327.017,robot_2,EV_u_turn,EV_object_reached|EV_obstacle_left,LEFT
331.002,robot_2,EV_search_color,EV_object_reached|EV_path_clear,CLEAR
331.205,robot_2,EV_move_forward,EV_path_clear,CLEAR
331.458,robot_2,EV_move_forward,EV_path_clear,CLEAR
331.710,robot_2,EV_move_forward,EV_path_clear,CLEAR
331.969,robot_2,EV_search_color,EV_path_clear,CLEAR
332.102,robot_2,EV_move_forward,EV_path_clear,CLEAR
332.361,robot_2,EV_move_forward,EV_path_clear,CLEAR
332.692,robot_2,EV_move_forward,EV_path_clear,CLEAR
333.001,robot_2,EV_move_forward,EV_object_reached|EV_path_clear,CLEAR
333.323,robot_2,EV_move_forward,EV_path_clear,CLEAR
333.582,robot_2,EV_search_color,EV_path_clear,CLEAR
333.779,robot_2,EV_move_forward,EV_path_clear,CLEAR
334.117,robot_2,EV_search_color,EV_path_clear,CLEAR
334.281,robot_2,EV_move_forward,EV_path_clear,CLEAR
334.556,robot_2,EV_search_color,EV_path_clear,CLEAR
334.689,robot_2,EV_search_color,EV_path_clear,CLEAR
334.909,robot_2,EV_rotate_counterclockwise,EV_obstacle_right,RIGHT
335.057,robot_2,EV_u_turn,EV_obstacle_right|EV_object_reached,RIGHT
338.816,robot_2,EV_u_turn,EV_obstacle_right|EV_object_reached,RIGHT
338.950,robot_2,EV_u_turn,EV_obstacle_right,RIGHT
339.057,robot_2,EV_rotate_counterclockwise,EV_obstacle_right,RIGHT
341.840,robot_2,EV_move_forward,EV_object_reached|EV_path_clear,CLEAR
342.109,robot_2,EV_search_color,EV_path_clear,CLEAR
342.255,robot_2,EV_search_color,EV_path_clear,CLEAR
342.404,robot_2,EV_move_forward,EV_path_clear,CLEAR
342.704,robot_2,EV_move_forward,EV_path_clear,CLEAR
342.994,robot_2,EV_search_color,EV_path_clear,CLEAR
343.216,robot_2,EV_move_forward,EV_path_clear,CLEAR
343.519,robot_2,EV_search_color,EV_path_clear,CLEAR
343.678,robot_2,EV_search_color,EV_path_clear,CLEAR
343.859,robot_2,EV_search_color,EV_object_reached|EV_path_clear,CLEAR
343.989,robot_2,EV_move_forward,EV_path_clear,CLEAR
344.285,robot_2,EV_search_color,EV_path_clear,CLEAR
344.489,robot_2,EV_search_color,EV_path_clear,CLEAR
344.671,robot_2,EV_search_color,EV_path_clear,CLEAR
344.877,robot_2,EV_move_forward,EV_path_clear,CLEAR
345.207,robot_2,EV_search_color,EV_path_clear,CLEAR
345.394,robot_2,EV_search_color,EV_path_clear,CLEAR
345.511,robot_2,EV_search_color,EV_path_clear,CLEAR
345.672,robot_2,EV_move_forward,EV_path_clear,CLEAR
345.892,robot_2,EV_move_forward,EV_object_reached|EV_path_clear,CLEAR
346.156,robot_2,EV_search_color,EV_path_clear,CLEAR
346.309,robot_2,EV_search_color,EV_path_clear,CLEAR
346.432,robot_2,EV_move_forward,EV_path_clear,CLEAR
346.699,robot_2,EV_search_color,EV_path_clear,CLEAR
346.887,robot_2,EV_move_forward,EV_path_clear,CLEAR
347.132,robot_2,EV_search_color,EV_path_clear,CLEAR
347.311,robot_2,EV_move_forward,EV_path_clear,CLEAR
347.627,robot_2,EV_search_color,EV_path_clear,CLEAR
347.778,robot_2,EV_search_color,EV_path_clear,CLEAR
347.962,robot_2,EV_move_forward,EV_path_clear,CLEAR
348.202,robot_2,EV_search_color,EV_path_clear,CLEAR
348.414,robot_2,EV_move_forward,EV_object_reached|EV_path_clear,CLEAR
348.689,robot_2,EV_move_forward,EV_path_clear,CLEAR
348.997,robot_2,EV_move_forward,EV_path_clear,CLEAR
349.318,robot_2,EV_move_forward,EV_path_clear,CLEAR
349.555,robot_2,EV_search_color,EV_path_clear,CLEAR
349.712,robot_2,EV_search_color,EV_path_clear,CLEAR
349.893,robot_2,EV_move_forward,EV_path_clear,CLEAR
350.158,robot_2,EV_search_color,EV_path_clear,CLEAR
350.386,robot_2,EV_move_forward,EV_path_clear,CLEAR
350.708,robot_2,EV_search_color,EV_path_clear|EV_object_visible,CLEAR
350.922,robot_2,EV_move_forward,EV_path_clear,CLEAR
351.202,robot_2,EV_move_forward,EV_path_clear,CLEAR
351.499,robot_2,EV_search_color,EV_path_clear,CLEAR
351.659,robot_2,EV_search_color,EV_path_clear,CLEAR
351.815,robot_2,EV_search_color,EV_path_clear,CLEAR
351.997,robot_2,EV_search_color,EV_path_clear,CLEAR
352.255,robot_2,EV_move_forward,EV_path_clear,CLEAR
352.466,robot_2,EV_search_color,EV_path_clear|EV_object_visible,CLEAR
352.714,robot_2,EV_search_color,EV_path_clear,CLEAR
352.861,robot_2,EV_search_color,EV_path_clear,CLEAR
353.020,robot_2,EV_search_color,EV_path_clear,CLEAR
353.190,robot_2,EV_move_forward,EV_path_clear,CLEAR
353.504,robot_2,EV_search_color,EV_path_clear,CLEAR
353.689,robot_2,EV_search_color,EV_path_clear,CLEAR
353.812,robot_2,EV_search_color,EV_path_clear,CLEAR
354.034,robot_2,EV_move_forward,EV_path_clear,CLEAR
354.331,robot_2,EV_move_forward,EV_path_clear,CLEAR
354.589,robot_2,EV_search_color,EV_path_clear,CLEAR
354.792,robot_2,EV_search_color,EV_path_clear|EV_object_visible,CLEAR
354.991,robot_2,EV_move_forward,EV_path_clear,CLEAR
355.301,robot_2,EV_search_color,EV_path_clear,CLEAR
355.508,robot_2,EV_search_color,EV_path_clear,CLEAR
355.685,robot_2,EV_move_forward,EV_path_clear,CLEAR
355.996,robot_2,EV_move_forward,EV_path_clear,CLEAR
356.285,robot_2,EV_move_forward,EV_path_clear,CLEAR
356.519,robot_2,EV_move_forward,EV_path_clear,CLEAR
356.805,robot_2,EV_move_forward,EV_path_clear,CLEAR
357.068,robot_2,EV_move_forward,EV_path_clear|EV_object_visible,CLEAR
357.360,robot_2,EV_move_forward,EV_path_clear,CLEAR
357.613,robot_2,EV_move_forward,EV_path_clear,CLEAR
357.875,robot_2,EV_search_color,EV_path_clear,CLEAR
358.081,robot_2,EV_move_forward,EV_path_clear,CLEAR
358.380,robot_2,EV_move_forward,EV_path_clear,CLEAR
358.730,robot_2,EV_search_color,EV_path_clear,CLEAR
358.906,robot_2,EV_move_forward,EV_path_clear,CLEAR
359.202,robot_2,EV_move_forward,EV_path_clear,CLEAR
359.468,robot_2,EV_search_color,EV_path_clear|EV_object_visible,CLEAR
359.715,robot_2,EV_move_forward,EV_path_clear,CLEAR
360.032,robot_2,EV_move_forward,EV_path_clear,CLEAR
360.281,robot_2,EV_move_forward,EV_path_clear,CLEAR
360.536,robot_2,EV_move_forward,EV_path_clear,CLEAR
360.739,robot_2,EV_move_forward,EV_path_clear,CLEAR
360.992,robot_2,EV_move_forward,EV_path_clear,CLEAR
361.232,robot_2,EV_search_color,EV_path_clear,CLEAR
361.407,robot_2,EV_search_color,EV_path_clear|EV_object_visible,CLEAR
361.591,robot_2,EV_search_color,EV_path_clear,CLEAR
361.812,robot_2,EV_move_forward,EV_path_clear,CLEAR
362.220,robot_2,EV_search_color,EV_path_clear,CLEAR
362.336,robot_2,EV_search_color,EV_path_clear,CLEAR
362.477,robot_2,EV_move_forward,EV_path_clear,CLEAR
362.825,robot_2,EV_search_color,EV_path_clear,CLEAR
362.989,robot_2,EV_move_forward,EV_path_clear,CLEAR
363.229,robot_2,EV_move_forward,EV_path_clear,CLEAR
363.536,robot_2,EV_search_color,EV_path_clear,CLEAR
363.704,robot_2,EV_move_forward,EV_path_clear|EV_object_visible,CLEAR
363.995,robot_2,EV_search_color,EV_path_clear,CLEAR
364.135,robot_2,EV_search_color,EV_path_clear,CLEAR
364.276,robot_2,EV_move_forward,EV_path_clear,CLEAR
364.594,robot_2,EV_move_forward,EV_path_clear,CLEAR
364.849,robot_2,EV_search_color,EV_path_clear,CLEAR
365.015,robot_2,EV_move_forward,EV_path_clear,CLEAR
365.301,robot_2,EV_search_color,EV_path_clear,CLEAR
365.462,robot_2,EV_search_color,EV_path_clear,CLEAR
365.714,robot_2,EV_move_forward,EV_path_clear|EV_object_visible,CLEAR
365.999,robot_2,EV_search_color,EV_path_clear,CLEAR
366.204,robot_2,EV_move_forward,EV_path_clear,CLEAR
366.473,robot_2,EV_search_color,EV_path_clear,CLEAR
366.691,robot_2,EV_move_forward,EV_path_clear,CLEAR
366.983,robot_2,EV_search_color,EV_path_clear,CLEAR
367.182,robot_2,EV_search_color,EV_path_clear,CLEAR
367.370,robot_2,EV_move_forward,EV_path_clear,CLEAR
367.584,robot_2,EV_u_turn,EV_obstacle_right,RIGHT
371.464,robot_2,EV_move_forward,EV_path_clear|EV_object_visible,CLEAR
371.797,robot_2,EV_move_forward,EV_path_clear|EV_object_visible,CLEAR
372.082,robot_2,EV_move_forward,EV_path_clear,CLEAR
372.300,robot_2,EV_search_color,EV_path_clear,CLEAR
372.457,robot_2,EV_move_forward,EV_path_clear,CLEAR
372.689,robot_2,EV_move_forward,EV_path_clear,CLEAR
372.985,robot_2,EV_move_forward,EV_path_clear,CLEAR
373.269,robot_2,EV_search_color,EV_path_clear,CLEAR
373.396,robot_2,EV_search_color,EV_path_clear,CLEAR
373.562,robot_2,EV_search_color,EV_path_clear,CLEAR
373.779,robot_2,EV_search_color,EV_path_clear,CLEAR
374.013,robot_2,EV_move_forward,EV_path_clear,CLEAR
374.270,robot_2,EV_search_color,EV_path_clear|EV_object_visible,CLEAR
374.506,robot_2,EV_move_forward,EV_path_clear,CLEAR
374.756,robot_2,EV_search_color,EV_path_clear,CLEAR
374.992,robot_2,EV_move_forward,EV_path_clear,CLEAR
375.273,robot_2,EV_search_color,EV_path_clear,CLEAR
375.408,robot_2,EV_search_color,EV_path_clear,CLEAR
375.583,robot_2,EV_move_forward,EV_path_clear,CLEAR
375.922,robot_2,EV_move_forward,EV_path_clear,CLEAR
376.225,robot_2,EV_search_color,EV_path_clear|EV_object_visible,CLEAR
376.388,robot_2,EV_move_forward,EV_path_clear,CLEAR
376.687,robot_2,EV_search_color,EV_path_clear,CLEAR
376.896,robot_2,EV_move_forward,EV_path_clear,CLEAR
377.168,robot_2,EV_move_forward,EV_path_clear,CLEAR
377.473,robot_2,EV_search_color,EV_path_clear,CLEAR
377.655,robot_2,EV_move_forward,EV_path_clear,CLEAR
377.912,robot_2,EV_search_color,EV_path_clear,CLEAR
378.123,robot_2,EV_search_color,EV_path_clear,CLEAR
378.263,robot_2,EV_search_color,EV_object_reached|EV_path_clear,CLEAR
378.458,robot_2,EV_search_color,EV_path_clear,CLEAR
378.618,robot_2,EV_move_forward,EV_path_clear,CLEAR
378.835,robot_2,EV_search_color,EV_path_clear,CLEAR
378.983,robot_2,EV_search_color,EV_path_clear,CLEAR
379.192,robot_2,EV_move_forward,EV_path_clear,CLEAR
379.464,robot_2,EV_search_color,EV_path_clear,CLEAR
379.606,robot_2,EV_search_color,EV_path_clear,CLEAR
379.846,robot_2,EV_search_color,EV_path_clear,CLEAR
379.951,robot_2,EV_move_forward,EV_path_clear,CLEAR
380.265,robot_2,EV_search_color,EV_path_clear,CLEAR
380.406,robot_2,EV_move_forward,EV_object_reached|EV_path_clear,CLEAR
380.697,robot_2,EV_move_forward,EV_path_clear,CLEAR
380.965,robot_2,EV_search_color,EV_path_clear,CLEAR
381.200,robot_2,EV_move_forward,EV_path_clear,CLEAR
381.519,robot_2,EV_move_forward,EV_path_clear,CLEAR
381.764,robot_2,EV_search_color,EV_path_clear,CLEAR
381.896,robot_2,EV_move_forward,EV_path_clear,CLEAR
382.190,robot_2,EV_search_color,EV_path_clear,CLEAR
382.366,robot_2,EV_move_forward,EV_path_clear,CLEAR
382.617,robot_2,EV_move_forward,EV_object_reached|EV_path_clear,CLEAR
382.855,robot_2,EV_search_color,EV_path_clear,CLEAR
383.092,robot_2,EV_search_color,EV_path_clear,CLEAR
383.299,robot_2,EV_search_color,EV_path_clear,CLEAR
383.467,robot_2,EV_search_color,EV_path_clear,CLEAR
383.594,robot_2,EV_search_color,EV_path_clear,CLEAR
383.783,robot_2,EV_move_forward,EV_path_clear,CLEAR
384.113,robot_2,EV_search_color,EV_path_clear,CLEAR
384.291,robot_2,EV_move_forward,EV_path_clear,CLEAR
384.562,robot_2,EV_search_color,EV_path_clear,CLEAR
384.700,robot_2,EV_move_forward,EV_object_reached|EV_path_clear,CLEAR
385.010,robot_2,EV_move_forward,EV_path_clear,CLEAR
385.259,robot_2,EV_search_color,EV_path_clear,CLEAR
385.469,robot_2,EV_search_color,EV_path_clear,CLEAR
385.602,robot_2,EV_search_color,EV_path_clear,CLEAR
385.775,robot_2,EV_search_color,EV_path_clear,CLEAR
386.019,robot_2,EV_search_color,EV_path_clear,CLEAR
386.188,robot_2,EV_move_forward,EV_path_clear,CLEAR
386.482,robot_2,EV_move_forward,EV_path_clear,CLEAR
386.813,robot_2,EV_move_forward,EV_object_reached|EV_path_clear,CLEAR
387.077,robot_2,EV_search_color,EV_path_clear,CLEAR
387.226,robot_2,EV_move_forward,EV_path_clear,CLEAR
387.481,robot_2,EV_move_forward,EV_path_clear,CLEAR
387.807,robot_2,EV_search_color,EV_path_clear,CLEAR
387.990,robot_2,EV_move_forward,EV_path_clear,CLEAR
388.285,robot_2,EV_move_forward,EV_path_clear,CLEAR
388.610,robot_2,EV_search_color,EV_path_clear,CLEAR
388.774,robot_2,EV_search_color,EV_path_clear,CLEAR
388.987,robot_2,EV_move_forward,EV_object_reached|EV_path_clear,CLEAR
389.268,robot_2,EV_move_forward,EV_path_clear,CLEAR
389.563,robot_2,EV_search_color,EV_path_clear,CLEAR
389.799,robot_2,EV_move_forward,EV_path_clear,CLEAR
390.111,robot_2,EV_search_color,EV_path_clear,CLEAR
390.275,robot_2,EV_search_color,EV_path_clear,CLEAR
390.416,robot_2,EV_move_forward,EV_path_clear,CLEAR
390.704,robot_2,EV_move_forward,EV_path_clear,CLEAR
390.969,robot_2,EV_search_color,EV_path_clear,CLEAR
391.109,robot_2,EV_search_color,EV_object_reached|EV_path_clear,CLEAR
391.277,robot_2,EV_search_color,EV_path_clear,CLEAR
391.509,robot_2,EV_search_color,EV_path_clear,CLEAR
391.637,robot_2,EV_move_forward,EV_path_clear,CLEAR
391.889,robot_2,EV_search_color,EV_path_clear,CLEAR
392.114,robot_2,EV_search_color,EV_path_clear,CLEAR
392.280,robot_2,EV_move_forward,EV_path_clear,CLEAR
392.523,robot_2,EV_search_color,EV_path_clear,CLEAR
392.694,robot_2,EV_move_forward,EV_path_clear,CLEAR
392.959,robot_2,EV_search_color,EV_path_clear,CLEAR
393.110,robot_2,EV_move_forward,EV_object_reached|EV_path_clear,CLEAR
393.377,robot_2,EV_move_forward,EV_path_clear,CLEAR
393.622,robot_2,EV_search_color,EV_path_clear,CLEAR
393.725,robot_2,EV_search_color,EV_path_clear,CLEAR
393.906,robot_2,EV_search_color,EV_path_clear,CLEAR
394.116,robot_2,EV_move_forward,EV_path_clear,CLEAR
394.429,robot_2,EV_search_color,EV_path_clear,CLEAR
394.556,robot_2,EV_search_color,EV_path_clear,CLEAR
394.822,robot_2,EV_move_forward,EV_path_clear,CLEAR
395.109,robot_2,EV_search_color,EV_path_clear,CLEAR
395.296,robot_2,EV_move_forward,EV_path_clear,CLEAR
395.579,robot_2,EV_search_color,EV_object_reached|EV_path_clear,CLEAR
395.763,robot_2,EV_move_forward,EV_path_clear,CLEAR
396.094,robot_2,EV_search_color,EV_path_clear,CLEAR
396.285,robot_2,EV_search_color,EV_path_clear,CLEAR
396.501,robot_2,EV_search_color,EV_path_clear,CLEAR
396.703,robot_2,EV_search_color,EV_path_clear,CLEAR
396.924,robot_2,EV_search_color,EV_path_clear,CLEAR
397.096,robot_2,EV_move_forward,EV_path_clear,CLEAR
397.306,robot_2,EV_move_forward,EV_object_reached|EV_path_clear,CLEAR
397.559,robot_2,EV_search_color,EV_path_clear,CLEAR
397.701,robot_2,EV_search_color,EV_path_clear,CLEAR
397.893,robot_2,EV_search_color,EV_path_clear,CLEAR
398.104,robot_2,EV_search_color,EV_path_clear,CLEAR
398.265,robot_2,EV_search_color,EV_path_clear,CLEAR
398.468,robot_2,EV_search_color,EV_path_clear,CLEAR
398.675,robot_2,EV_move_forward,EV_path_clear,CLEAR
398.932,robot_2,EV_move_forward,EV_path_clear,CLEAR
399.284,robot_2,EV_search_color,EV_path_clear,CLEAR
399.481,robot_2,EV_search_color,EV_object_reached|EV_path_clear,CLEAR
399.701,robot_2,EV_move_forward,EV_path_clear,CLEAR
399.958,robot_2,EV_search_color,EV_path_clear,CLEAR
400.111,robot_2,EV_search_color,EV_path_clear,CLEAR
400.255,robot_2,EV_search_color,EV_path_clear,CLEAR
400.388,robot_2,EV_move_forward,EV_path_clear,CLEAR
400.690,robot_2,EV_move_forward,EV_path_clear,CLEAR
401.016,robot_2,EV_search_color,EV_path_clear,CLEAR
401.230,robot_2,EV_move_forward,EV_path_clear,CLEAR
401.496,robot_2,EV_search_color,EV_path_clear,CLEAR
401.676,robot_2,EV_search_color,EV_path_clear,CLEAR
401.816,robot_2,EV_search_color,EV_object_reached|EV_path_clear,CLEAR
401.963,robot_2,EV_move_forward,EV_path_clear,CLEAR
402.329,robot_2,EV_search_color,EV_path_clear,CLEAR
402.461,robot_2,EV_search_color,EV_path_clear,CLEAR
402.726,robot_2,EV_move_forward,EV_path_clear,CLEAR
402.968,robot_2,EV_move_forward,EV_path_clear,CLEAR
403.226,robot_2,EV_search_color,EV_path_clear,CLEAR
403.408,robot_2,EV_search_color,EV_path_clear,CLEAR
403.513,robot_2,EV_move_forward,EV_path_clear,CLEAR
403.725,robot_2,EV_search_color,EV_path_clear,CLEAR
403.891,robot_2,EV_search_color,EV_path_clear,CLEAR
404.078,robot_2,EV_search_color,EV_path_clear,CLEAR
404.194,robot_2,EV_move_forward,EV_object_reached|EV_path_clear,CLEAR
404.496,robot_2,EV_move_forward,EV_path_clear,CLEAR
404.766,robot_2,EV_move_forward,EV_path_clear,CLEAR
405.007,robot_2,EV_move_forward,EV_path_clear,CLEAR
405.264,robot_2,EV_search_color,EV_path_clear,CLEAR
405.402,robot_2,EV_search_color,EV_path_clear,CLEAR
405.587,robot_2,EV_move_forward,EV_path_clear,CLEAR
405.929,robot_2,EV_move_forward,EV_path_clear,CLEAR
406.170,robot_2,EV_move_forward,EV_path_clear,CLEAR
406.494,robot_2,EV_search_color,EV_object_reached|EV_path_clear,CLEAR
406.663,robot_2,EV_move_forward,EV_path_clear,CLEAR
406.989,robot_2,EV_search_color,EV_path_clear,CLEAR
407.160,robot_2,EV_move_forward,EV_path_clear,CLEAR
407.478,robot_2,EV_search_color,EV_path_clear,CLEAR
407.719,robot_2,EV_move_forward,EV_path_clear,CLEAR
407.991,robot_2,EV_search_color,EV_object_reached|EV_path_clear,CLEAR
408.177,robot_2,EV_move_forward,EV_path_clear,CLEAR
408.468,robot_2,EV_move_forward,EV_path_clear,CLEAR
408.765,robot_2,EV_move_forward,EV_path_clear,CLEAR
409.096,robot_2,EV_search_color,EV_path_clear,CLEAR
409.297,robot_2,EV_search_color,EV_path_clear,CLEAR
409.470,robot_2,EV_search_color,EV_path_clear,CLEAR
409.600,robot_2,EV_move_forward,EV_path_clear,CLEAR
409.883,robot_2,EV_move_forward,EV_object_reached|EV_path_clear,CLEAR
410.167,robot_2,EV_search_color,EV_path_clear,CLEAR
410.325,robot_2,EV_search_color,EV_path_clear,CLEAR
410.485,robot_2,EV_move_forward,EV_path_clear,CLEAR
410.715,robot_2,EV_move_forward,EV_path_clear,CLEAR
410.973,robot_2,EV_search_color,EV_path_clear,CLEAR
411.205,robot_2,EV_move_forward,EV_path_clear,CLEAR
411.584,robot_2,EV_move_forward,EV_path_clear,CLEAR
411.806,robot_2,EV_search_color,EV_path_clear,CLEAR
412.024,robot_2,EV_search_color,EV_object_reached|EV_path_clear,CLEAR
412.173,robot_2,EV_move_forward,EV_path_clear,CLEAR
412.475,robot_2,EV_move_forward,EV_path_clear,CLEAR
412.687,robot_2,EV_search_color,EV_path_clear,CLEAR
412.839,robot_2,EV_search_color,EV_path_clear,CLEAR
413.145,robot_2,EV_move_forward,EV_path_clear,CLEAR
413.367,robot_2,EV_search_color,EV_path_clear,CLEAR
413.592,robot_2,EV_search_color,EV_path_clear,CLEAR
413.785,robot_2,EV_move_forward,EV_path_clear,CLEAR
414.086,robot_2,EV_move_forward,EV_path_clear,CLEAR
414.379,robot_2,EV_search_color,EV_object_reached|EV_path_clear,CLEAR
414.604,robot_2,EV_move_forward,EV_path_clear,CLEAR
414.917,robot_2,EV_search_color,EV_path_clear,CLEAR
415.067,robot_2,EV_move_forward,EV_path_clear,CLEAR
415.360,robot_2,EV_move_forward,EV_path_clear,CLEAR
415.676,robot_2,EV_move_forward,EV_path_clear,CLEAR
415.969,robot_2,EV_search_color,EV_path_clear,CLEAR
416.108,robot_2,EV_move_forward,EV_object_reached|EV_path_clear,CLEAR
416.381,robot_2,EV_move_forward,EV_path_clear,CLEAR
416.664,robot_2,EV_search_color,EV_path_clear,CLEAR
416.803,robot_2,EV_move_forward,EV_path_clear,CLEAR
417.074,robot_2,EV_move_forward,EV_path_clear,CLEAR
417.299,robot_2,EV_move_forward,EV_path_clear,CLEAR
417.572,robot_2,EV_move_forward,EV_path_clear,CLEAR
417.897,robot_2,EV_move_forward,EV_path_clear,CLEAR
418.207,robot_2,EV_move_forward,EV_path_clear,CLEAR
418.457,robot_2,EV_search_color,EV_object_reached|EV_path_clear,CLEAR
418.582,robot_2,EV_search_color,EV_path_clear,CLEAR
418.787,robot_2,EV_move_forward,EV_path_clear,CLEAR
419.068,robot_2,EV_search_color,EV_path_clear,CLEAR
419.230,robot_2,EV_search_color,EV_path_clear,CLEAR
419.367,robot_2,EV_search_color,EV_path_clear,CLEAR
419.572,robot_2,EV_search_color,EV_path_clear,CLEAR
419.710,robot_2,EV_search_color,EV_path_clear,CLEAR
419.890,robot_2,EV_move_forward,EV_path_clear,CLEAR
420.195,robot_2,EV_search_color,EV_path_clear,CLEAR
420.373,robot_2,EV_move_forward,EV_path_clear,CLEAR
420.670,robot_2,EV_move_forward,EV_object_reached|EV_path_clear,CLEAR
420.905,robot_2,EV_move_forward,EV_path_clear,CLEAR
421.127,robot_2,EV_search_color,EV_path_clear,CLEAR
421.299,robot_2,EV_move_forward,EV_path_clear,CLEAR
421.620,robot_2,EV_search_color,EV_path_clear,CLEAR
421.793,robot_2,EV_move_forward,EV_path_clear,CLEAR
422.089,robot_2,EV_move_forward,EV_path_clear,CLEAR
422.301,robot_2,EV_search_color,EV_path_clear,CLEAR
422.497,robot_2,EV_search_color,EV_path_clear,CLEAR
422.612,robot_2,EV_move_forward,EV_path_clear,CLEAR
422.873,robot_2,EV_move_forward,EV_object_reached|EV_path_clear,CLEAR
423.118,robot_2,EV_search_color,EV_path_clear,CLEAR
423.277,robot_2,EV_search_color,EV_path_clear,CLEAR
423.431,robot_2,EV_move_forward,EV_path_clear,CLEAR
423.679,robot_2,EV_search_color,EV_path_clear,CLEAR
423.862,robot_2,EV_move_forward,EV_path_clear,CLEAR
424.171,robot_2,EV_move_forward,EV_path_clear,CLEAR
424.467,robot_2,EV_move_forward,EV_path_clear,CLEAR
424.695,robot_2,EV_move_forward,EV_path_clear,CLEAR
424.960,robot_2,EV_move_forward,EV_path_clear|EV_object_visible,CLEAR
425.267,robot_2,EV_search_color,EV_path_clear,CLEAR
425.377,robot_2,EV_search_color,EV_path_clear,CLEAR
425.575,robot_2,EV_search_color,EV_path_clear,CLEAR
425.771,robot_2,EV_move_forward,EV_path_clear,CLEAR
425.984,robot_2,EV_move_forward,EV_path_clear,CLEAR
426.335,robot_2,EV_move_forward,EV_path_clear,CLEAR
426.623,robot_2,EV_move_forward,EV_path_clear,CLEAR
426.914,robot_2,EV_search_color,EV_path_clear,CLEAR
427.065,robot_2,EV_search_color,EV_path_clear|EV_object_visible,CLEAR
427.323,robot_2,EV_move_forward,EV_path_clear,CLEAR
427.646,robot_2,EV_search_color,EV_path_clear,CLEAR
427.780,robot_2,EV_search_color,EV_path_clear,CLEAR
427.915,robot_2,EV_move_forward,EV_path_clear,CLEAR
428.177,robot_2,EV_move_forward,EV_path_clear,CLEAR
428.534,robot_2,EV_search_color,EV_path_clear,CLEAR
428.717,robot_2,EV_search_color,EV_path_clear,CLEAR
428.914,robot_2,EV_move_forward,EV_path_clear,CLEAR
429.216,robot_2,EV_search_color,EV_path_clear|EV_object_visible,CLEAR
429.381,robot_2,EV_search_color,EV_path_clear,CLEAR
429.608,robot_2,EV_move_forward,EV_path_clear,CLEAR
429.874,robot_2,EV_move_forward,EV_path_clear,CLEAR
430.234,robot_2,EV_move_forward,EV_path_clear,CLEAR
430.518,robot_2,EV_move_forward,EV_path_clear,CLEAR
430.775,robot_2,EV_search_color,EV_path_clear,CLEAR
430.908,robot_2,EV_search_color,EV_path_clear,CLEAR
431.055,robot_2,EV_search_color,EV_path_clear,CLEAR
431.220,robot_2,EV_move_forward,EV_path_clear|EV_object_visible,CLEAR
431.470,robot_2,EV_move_forward,EV_path_clear,CLEAR
431.732,robot_2,EV_search_color,EV_path_clear,CLEAR
431.862,robot_2,EV_search_color,EV_path_clear,CLEAR
432.000,robot_2,EV_search_color,EV_path_clear,CLEAR
432.219,robot_2,EV_search_color,EV_path_clear,CLEAR
432.368,robot_2,EV_search_color,EV_path_clear,CLEAR
432.506,robot_2,EV_move_forward,EV_path_clear,CLEAR
432.761,robot_2,EV_search_color,EV_path_clear,CLEAR
432.891,robot_2,EV_search_color,EV_path_clear,CLEAR
432.993,robot_2,EV_move_forward,EV_path_clear,CLEAR
433.317,robot_2,EV_move_forward,EV_path_clear|EV_object_visible,CLEAR
433.729,robot_2,EV_search_color,EV_path_clear,CLEAR
433.864,robot_2,EV_move_forward,EV_path_clear,CLEAR
434.164,robot_2,EV_move_forward,EV_path_clear,CLEAR
434.420,robot_2,EV_search_color,EV_path_clear,CLEAR
434.588,robot_2,EV_move_forward,EV_path_clear,CLEAR
434.811,robot_2,EV_search_color,EV_path_clear,CLEAR
434.968,robot_2,EV_search_color,EV_path_clear,CLEAR
435.167,robot_2,EV_search_color,EV_path_clear,CLEAR
435.309,robot_2,EV_search_color,EV_path_clear,CLEAR
435.520,robot_2,EV_move_forward,EV_path_clear,CLEAR
435.789,robot_2,EV_search_color,EV_path_clear|EV_object_visible,CLEAR
436.000,robot_2,EV_move_forward,EV_path_clear,CLEAR
436.256,robot_2,EV_search_color,EV_path_clear,CLEAR
436.401,robot_2,EV_move_forward,EV_path_clear,CLEAR
436.667,robot_2,EV_search_color,EV_path_clear,CLEAR
436.807,robot_2,EV_search_color,EV_path_clear,CLEAR
436.981,robot_2,EV_search_color,EV_path_clear,CLEAR
437.214,robot_2,EV_move_forward,EV_path_clear,CLEAR
437.461,robot_2,EV_search_color,EV_path_clear,CLEAR
437.624,robot_2,EV_move_forward,EV_path_clear|EV_object_visible,CLEAR
437.857,robot_2,EV_search_color,EV_path_clear,CLEAR
438.007,robot_2,EV_move_forward,EV_path_clear,CLEAR
438.294,robot_2,EV_move_forward,EV_path_clear,CLEAR
438.497,robot_2,EV_search_color,EV_path_clear,CLEAR
438.681,robot_2,EV_search_color,EV_path_clear,CLEAR
438.912,robot_2,EV_move_forward,EV_path_clear,CLEAR
439.177,robot_2,EV_move_forward,EV_path_clear,CLEAR
439.423,robot_2,EV_move_forward,EV_path_clear,CLEAR
439.664,robot_2,EV_move_forward,EV_path_clear,CLEAR
439.901,robot_2,EV_search_color,EV_path_clear|EV_object_visible,CLEAR
440.048,robot_2,EV_move_forward,EV_path_clear,CLEAR
440.301,robot_2,EV_search_color,EV_path_clear,CLEAR
440.455,robot_2,EV_search_color,EV_path_clear,CLEAR
440.675,robot_2,EV_search_color,EV_path_clear,CLEAR
440.788,robot_2,EV_move_forward,EV_path_clear,CLEAR
441.037,robot_2,EV_move_forward,EV_path_clear,CLEAR
441.327,robot_2,EV_move_forward,EV_path_clear,CLEAR
441.654,robot_2,EV_move_forward,EV_path_clear,CLEAR
441.934,robot_2,EV_move_forward,EV_path_clear,CLEAR
442.185,robot_2,EV_search_color,EV_path_clear|EV_object_visible,CLEAR
442.392,robot_2,EV_move_forward,EV_path_clear,CLEAR
442.667,robot_2,EV_move_forward,EV_path_clear,CLEAR
442.930,robot_2,EV_move_forward,EV_path_clear,CLEAR
443.180,robot_2,EV_move_forward,EV_path_clear,CLEAR
443.531,robot_2,EV_move_forward,EV_path_clear,CLEAR
443.856,robot_2,EV_search_color,EV_path_clear,CLEAR
444.070,robot_2,EV_move_forward,EV_path_clear|EV_object_visible,CLEAR
444.279,robot_2,EV_move_forward,EV_path_clear,CLEAR
444.599,robot_2,EV_move_forward,EV_path_clear,CLEAR
444.813,robot_2,EV_move_forward,EV_path_clear,CLEAR
445.124,robot_2,EV_search_color,EV_path_clear,CLEAR
445.307,robot_2,EV_move_forward,EV_path_clear,CLEAR
445.600,robot_2,EV_move_forward,EV_path_clear,CLEAR
445.891,robot_2,EV_search_color,EV_path_clear,CLEAR
446.082,robot_2,EV_move_forward,EV_path_clear,CLEAR
446.403,robot_2,EV_search_color,EV_object_reached|EV_path_clear,CLEAR
446.679,robot_2,EV_search_color,EV_path_clear,CLEAR
446.924,robot_2,EV_move_forward,EV_path_clear,CLEAR
447.204,robot_2,EV_search_color,EV_path_clear,CLEAR
447.382,robot_2,EV_search_color,EV_path_clear,CLEAR
447.587,robot_2,EV_search_color,EV_path_clear,CLEAR
447.810,robot_2,EV_move_forward,EV_path_clear,CLEAR
448.095,robot_2,EV_move_forward,EV_path_clear,CLEAR
448.319,robot_2,EV_rotate_counterclockwise,EV_obstacle_front,CORNER
448.508,robot_2,EV_rotate_counterclockwise,EV_object_reached|EV_obstacle_front,CORNER
448.714,robot_2,EV_rotate_clockwise,EV_obstacle_front,CORNER
448.927,robot_2,EV_move_backward,EV_obstacle_front,CORNER
449.180,robot_2,EV_rotate_counterclockwise,EV_obstacle_front,CORNER
449.365,robot_2,EV_rotate_clockwise,EV_obstacle_front,CORNER
449.532,robot_2,EV_rotate_clockwise,EV_obstacle_front,CORNER
449.708,robot_2,EV_rotate_clockwise,EV_obstacle_front,CORNER
449.970,robot_2,EV_move_backward,EV_obstacle_front,CORNER
450.265,robot_2,EV_u_turn,EV_obstacle_front,CORNER
454.085,robot_2,EV_u_turn,EV_obstacle_right|EV_object_reached,RIGHT
454.193,robot_2,EV_u_turn,EV_obstacle_right,RIGHT
454.320,robot_2,EV_u_turn,EV_obstacle_right,RIGHT
454.404,robot_2,EV_u_turn,EV_obstacle_right,RIGHT
454.548,robot_2,EV_u_turn,EV_obstacle_right,RIGHT
454.650,robot_2,EV_rotate_counterclockwise,EV_obstacle_right,RIGHT
457.370,robot_2,EV_search_color,EV_object_reached|EV_path_clear,CLEAR
457.602,robot_2,EV_move_forward,EV_path_clear,CLEAR
457.915,robot_2,EV_search_color,EV_path_clear,CLEAR
458.117,robot_2,EV_move_forward,EV_path_clear,CLEAR
458.435,robot_2,EV_search_color,EV_path_clear,CLEAR
458.610,robot_2,EV_search_color,EV_path_clear,CLEAR
458.811,robot_2,EV_move_forward,EV_path_clear,CLEAR
459.111,robot_2,EV_search_color,EV_path_clear,CLEAR
459.222,robot_2,EV_search_color,EV_path_clear,CLEAR
459.380,robot_2,EV_search_color,EV_object_reached|EV_path_clear,CLEAR
459.588,robot_2,EV_move_forward,EV_path_clear,CLEAR
459.796,robot_2,EV_move_forward,EV_path_clear,CLEAR
460.066,robot_2,EV_move_forward,EV_path_clear,CLEAR
460.360,robot_2,EV_search_color,EV_path_clear,CLEAR
460.595,robot_2,EV_search_color,EV_path_clear,CLEAR
460.842,robot_2,EV_move_forward,EV_path_clear,CLEAR
461.141,robot_2,EV_search_color,EV_path_clear,CLEAR
461.324,robot_2,EV_move_forward,EV_path_clear,CLEAR
461.577,robot_2,EV_search_color,EV_object_reached|EV_path_clear,CLEAR
461.790,robot_2,EV_search_color,EV_path_clear,CLEAR
462.027,robot_2,EV_move_forward,EV_path_clear,CLEAR
462.280,robot_2,EV_search_color,EV_path_clear,CLEAR
462.476,robot_2,EV_move_forward,EV_path_clear,CLEAR
462.845,robot_2,EV_search_color,EV_path_clear,CLEAR
463.008,robot_2,EV_search_color,EV_path_clear,CLEAR
463.238,robot_2,EV_move_forward,EV_path_clear,CLEAR
463.468,robot_2,EV_search_color,EV_object_reached|EV_path_clear,CLEAR
463.655,robot_2,EV_move_forward,EV_path_clear,CLEAR
463.878,robot_2,EV_move_forward,EV_path_clear,CLEAR
464.158,robot_2,EV_search_color,EV_path_clear,CLEAR
464.266,robot_2,EV_move_forward,EV_path_clear,CLEAR
464.573,robot_2,EV_move_forward,EV_path_clear,CLEAR
464.922,robot_2,EV_search_color,EV_path_clear,CLEAR
465.090,robot_2,EV_move_forward,EV_path_clear,CLEAR
465.294,robot_2,EV_search_color,EV_path_clear,CLEAR
465.481,robot_2,EV_move_forward,EV_path_clear,CLEAR
465.772,robot_2,EV_move_forward,EV_path_clear|EV_object_visible,CLEAR
465.990,robot_2,EV_move_forward,EV_path_clear,CLEAR
466.295,robot_2,EV_search_color,EV_path_clear,CLEAR
466.527,robot_2,EV_move_forward,EV_path_clear,CLEAR
466.826,robot_2,EV_move_forward,EV_path_clear,CLEAR
467.116,robot_2,EV_move_forward,EV_path_clear,CLEAR
467.427,robot_2,EV_move_forward,EV_path_clear,CLEAR
467.714,robot_2,EV_move_forward,EV_path_clear|EV_object_visible,CLEAR
467.965,robot_2,EV_search_color,EV_path_clear,CLEAR
468.106,robot_2,EV_search_color,EV_path_clear,CLEAR
468.349,robot_2,EV_move_forward,EV_path_clear,CLEAR
468.576,robot_2,EV_move_forward,EV_path_clear,CLEAR
468.793,robot_2,EV_move_forward,EV_path_clear,CLEAR
469.069,robot_2,EV_search_color,EV_path_clear,CLEAR
469.305,robot_2,EV_move_forward,EV_path_clear,CLEAR
469.584,robot_2,EV_move_forward,EV_path_clear,CLEAR
469.905,robot_2,EV_search_color,EV_path_clear,CLEAR
470.103,robot_2,EV_move_forward,EV_path_clear|EV_object_visible,CLEAR
470.405,robot_2,EV_move_forward,EV_path_clear,CLEAR
470.650,robot_2,EV_search_color,EV_path_clear,CLEAR
470.798,robot_2,EV_move_forward,EV_path_clear,CLEAR
471.078,robot_2,EV_search_color,EV_path_clear,CLEAR
471.292,robot_2,EV_move_forward,EV_path_clear,CLEAR
471.520,robot_2,EV_search_color,EV_path_clear,CLEAR
471.691,robot_2,EV_search_color,EV_path_clear,CLEAR
471.874,robot_2,EV_move_forward,EV_path_clear,CLEAR
472.098,robot_2,EV_move_forward,EV_path_clear,CLEAR
472.332,robot_2,EV_move_forward,EV_path_clear|EV_object_visible,CLEAR
472.585,robot_2,EV_search_color,EV_path_clear,CLEAR
472.710,robot_2,EV_search_color,EV_path_clear,CLEAR
472.889,robot_2,EV_move_forward,EV_path_clear,CLEAR
473.225,robot_2,EV_search_color,EV_path_clear,CLEAR
473.377,robot_2,EV_search_color,EV_path_clear,CLEAR
473.559,robot_2,EV_move_forward,EV_path_clear,CLEAR
473.878,robot_2,EV_move_forward,EV_path_clear,CLEAR
474.099,robot_2,EV_search_color,EV_path_clear,CLEAR
474.270,robot_2,EV_search_color,EV_path_clear,CLEAR
474.464,robot_2,EV_search_color,EV_path_clear|EV_object_visible,CLEAR
474.708,robot_2,EV_search_color,EV_path_clear|EV_object_visible,CLEAR
474.868,robot_2,EV_search_color,EV_path_clear,CLEAR
474.996,robot_2,EV_search_color,EV_path_clear,CLEAR
475.169,robot_2,EV_search_color,EV_path_clear,CLEAR
475.289,robot_2,EV_move_forward,EV_path_clear,CLEAR
475.520,robot_2,EV_search_color,EV_path_clear,CLEAR
475.760,robot_2,EV_search_color,EV_path_clear,CLEAR
475.875,robot_2,EV_move_forward,EV_path_clear,CLEAR
476.156,robot_2,EV_move_forward,EV_path_clear,CLEAR
476.448,robot_2,EV_search_color,EV_path_clear,CLEAR
476.617,robot_2,EV_move_forward,EV_path_clear|EV_object_visible,CLEAR
476.940,robot_2,EV_move_forward,EV_path_clear,CLEAR
477.186,robot_2,EV_search_color,EV_path_clear,CLEAR
477.291,robot_2,EV_move_forward,EV_path_clear,CLEAR
477.535,robot_2,EV_move_forward,EV_path_clear,CLEAR
477.837,robot_2,EV_move_forward,EV_path_clear,CLEAR
478.123,robot_2,EV_search_color,EV_path_clear,CLEAR
478.303,robot_2,EV_search_color,EV_path_clear,CLEAR
478.456,robot_2,EV_search_color,EV_path_clear,CLEAR
478.576,robot_2,EV_move_forward,EV_path_clear,CLEAR
478.797,robot_2,EV_move_forward,EV_path_clear|EV_object_visible,CLEAR
479.101,robot_2,EV_move_forward,EV_path_clear,CLEAR
479.384,robot_2,EV_move_forward,EV_path_clear,CLEAR
479.693,robot_2,EV_search_color,EV_path_clear,CLEAR
479.857,robot_2,EV_search_color,EV_path_clear,CLEAR
480.004,robot_2,EV_search_color,EV_path_clear,CLEAR
480.212,robot_2,EV_search_color,EV_path_clear,CLEAR
480.479,robot_2,EV_move_forward,EV_path_clear,CLEAR
480.714,robot_2,EV_search_color,EV_path_clear|EV_object_visible,CLEAR
480.867,robot_2,EV_search_color,EV_path_clear,CLEAR
480.995,robot_2,EV_move_forward,EV_path_clear,CLEAR
481.298,robot_2,EV_search_color,EV_path_clear,CLEAR
481.532,robot_2,EV_move_forward,EV_path_clear,CLEAR
481.909,robot_2,EV_move_forward,EV_path_clear,CLEAR
482.210,robot_2,EV_move_forward,EV_path_clear,CLEAR
482.466,robot_2,EV_search_color,EV_path_clear,CLEAR
482.682,robot_2,EV_search_color,EV_path_clear,CLEAR
482.790,robot_2,EV_search_color,EV_path_clear,CLEAR
482.966,robot_2,EV_search_color,EV_path_clear|EV_object_visible,CLEAR
483.236,robot_2,EV_search_color,EV_path_clear,CLEAR
483.508,robot_2,EV_search_color,EV_path_clear,CLEAR
483.663,robot_2,EV_move_forward,EV_path_clear,CLEAR
483.909,robot_2,EV_move_forward,EV_path_clear,CLEAR
484.191,robot_2,EV_move_forward,EV_path_clear,CLEAR
484.417,robot_2,EV_move_forward,EV_path_clear,CLEAR
484.690,robot_2,EV_search_color,EV_path_clear,CLEAR
484.922,robot_2,EV_search_color,EV_path_clear,CLEAR
485.098,robot_2,EV_search_color,EV_path_clear,CLEAR
485.258,robot_2,EV_search_color,EV_path_clear,CLEAR
485.394,robot_2,EV_move_forward,EV_path_clear|EV_object_visible,CLEAR
485.724,robot_2,EV_search_color,EV_path_clear|EV_object_visible,CLEAR
485.967,robot_2,EV_search_color,EV_path_clear,CLEAR
486.207,robot_2,EV_search_color,EV_path_clear,CLEAR
486.372,robot_2,EV_move_forward,EV_path_clear,CLEAR
486.612,robot_2,EV_move_forward,EV_path_clear,CLEAR
486.894,robot_2,EV_move_forward,EV_path_clear,CLEAR
487.160,robot_2,EV_move_forward,EV_path_clear,CLEAR
487.433,robot_2,EV_move_forward,EV_path_clear|EV_object_visible,CLEAR
487.669,robot_2,EV_search_color,EV_path_clear,CLEAR
487.861,robot_2,EV_move_forward,EV_path_clear,CLEAR
488.084,robot_2,EV_search_color,EV_path_clear,CLEAR
488.277,robot_2,EV_search_color,EV_path_clear,CLEAR
488.497,robot_2,EV_move_forward,EV_path_clear,CLEAR
488.734,robot_2,EV_move_forward,EV_path_clear,CLEAR
488.968,robot_2,EV_search_color,EV_path_clear,CLEAR
489.119,robot_2,EV_search_color,EV_path_clear,CLEAR
489.277,robot_2,EV_move_forward,EV_path_clear,CLEAR
489.479,robot_2,EV_search_color,EV_path_clear,CLEAR
489.671,robot_2,EV_u_turn,EV_obstacle_right,RIGHT
493.633,robot_2,EV_rotate_counterclockwise,EV_obstacle_right|EV_object_reached,RIGHT
496.468,robot_2,EV_move_forward,EV_object_reached|EV_path_clear,CLEAR
496.803,robot_2,EV_search_color,EV_path_clear,CLEAR
496.923,robot_2,EV_search_color,EV_path_clear,CLEAR
497.064,robot_2,EV_move_forward,EV_path_clear,CLEAR
497.317,robot_2,EV_move_forward,EV_path_clear,CLEAR
497.583,robot_2,EV_search_color,EV_path_clear,CLEAR
497.825,robot_2,EV_search_color,EV_path_clear,CLEAR
498.026,robot_2,EV_move_forward,EV_path_clear,CLEAR
498.265,robot_2,EV_search_color,EV_object_reached|EV_path_clear,CLEAR
498.463,robot_2,EV_move_forward,EV_path_clear,CLEAR
498.688,robot_2,EV_move_forward,EV_path_clear,CLEAR
498.973,robot_2,EV_search_color,EV_path_clear,CLEAR
499.111,robot_2,EV_move_forward,EV_path_clear,CLEAR
499.381,robot_2,EV_search_color,EV_path_clear,CLEAR
499.581,robot_2,EV_move_forward,EV_path_clear,CLEAR
499.905,robot_2,EV_move_forward,EV_path_clear,CLEAR
500.194,robot_2,EV_search_color,EV_object_reached|EV_path_clear,CLEAR
500.419,robot_2,EV_move_forward,EV_path_clear,CLEAR
500.720,robot_2,EV_move_forward,EV_path_clear,CLEAR
500.976,robot_2,EV_search_color,EV_path_clear,CLEAR
501.132,robot_2,EV_move_forward,EV_path_clear,CLEAR
501.435,robot_2,EV_move_forward,EV_path_clear,CLEAR
501.666,robot_2,EV_search_color,EV_path_clear,CLEAR
501.876,robot_2,EV_move_forward,EV_path_clear,CLEAR
502.091,robot_2,EV_move_forward,EV_path_clear,CLEAR
502.363,robot_2,EV_move_forward,EV_path_clear,CLEAR
502.610,robot_2,EV_search_color,EV_path_clear|EV_object_visible,CLEAR
502.778,robot_2,EV_move_forward,EV_path_clear,CLEAR
502.999,robot_2,EV_move_forward,EV_path_clear,CLEAR
503.277,robot_2,EV_search_color,EV_path_clear,CLEAR
503.403,robot_2,EV_move_forward,EV_path_clear,CLEAR
503.694,robot_2,EV_move_forward,EV_path_clear,CLEAR
503.965,robot_2,EV_move_forward,EV_path_clear,CLEAR
504.262,robot_2,EV_search_color,EV_path_clear,CLEAR
504.444,robot_2,EV_move_forward,EV_path_clear,CLEAR
504.682,robot_2,EV_move_forward,EV_path_clear|EV_object_visible,CLEAR
504.885,robot_2,EV_move_forward,EV_path_clear,CLEAR
505.109,robot_2,EV_search_color,EV_path_clear,CLEAR
505.269,robot_2,EV_move_forward,EV_path_clear,CLEAR
505.636,robot_2,EV_search_color,EV_path_clear,CLEAR
505.800,robot_2,EV_search_color,EV_path_clear,CLEAR
505.997,robot_2,EV_move_forward,EV_path_clear,CLEAR
506.219,robot_2,EV_search_color,EV_path_clear,CLEAR
506.368,robot_2,EV_search_color,EV_path_clear,CLEAR
506.489,robot_2,EV_search_color,EV_path_clear,CLEAR
506.592,robot_2,EV_move_forward,EV_path_clear,CLEAR
506.896,robot_2,EV_move_forward,EV_path_clear|EV_object_visible,CLEAR
507.188,robot_2,EV_move_forward,EV_path_clear,CLEAR
507.499,robot_2,EV_search_color,EV_path_clear,CLEAR
507.694,robot_2,EV_move_forward,EV_path_clear,CLEAR
507.983,robot_2,EV_move_forward,EV_path_clear,CLEAR
508.295,robot_2,EV_search_color,EV_path_clear,CLEAR
508.484,robot_2,EV_move_forward,EV_path_clear,CLEAR
508.783,robot_2,EV_search_color,EV_path_clear,CLEAR
508.973,robot_2,EV_move_forward,EV_path_clear|EV_object_visible,CLEAR
509.256,robot_2,EV_move_forward,EV_path_clear,CLEAR
509.511,robot_2,EV_search_color,EV_path_clear,CLEAR
509.680,robot_2,EV_search_color,EV_path_clear,CLEAR
509.910,robot_2,EV_search_color,EV_path_clear,CLEAR
510.088,robot_2,EV_search_color,EV_path_clear,CLEAR
510.274,robot_2,EV_move_forward,EV_path_clear,CLEAR
510.623,robot_2,EV_move_forward,EV_path_clear,CLEAR
510.883,robot_2,EV_move_forward,EV_path_clear|EV_object_visible,CLEAR
511.113,robot_2,EV_move_forward,EV_path_clear,CLEAR
511.375,robot_2,EV_move_forward,EV_path_clear,CLEAR
511.600,robot_2,EV_search_color,EV_path_clear,CLEAR
511.818,robot_2,EV_search_color,EV_path_clear,CLEAR
512.008,robot_2,EV_move_forward,EV_path_clear,CLEAR
512.284,robot_2,EV_search_color,EV_path_clear,CLEAR
512.417,robot_2,EV_move_forward,EV_path_clear,CLEAR
512.709,robot_2,EV_search_color,EV_path_clear,CLEAR
512.876,robot_2,EV_search_color,EV_path_clear,CLEAR
513.069,robot_2,EV_search_color,EV_path_clear|EV_object_visible,CLEAR
513.277,robot_2,EV_search_color,EV_path_clear,CLEAR
513.556,robot_2,EV_move_forward,EV_path_clear,CLEAR
513.801,robot_2,EV_move_forward,EV_path_clear,CLEAR
514.072,robot_2,EV_search_color,EV_path_clear,CLEAR
514.296,robot_2,EV_search_color,EV_path_clear,CLEAR
514.408,robot_2,EV_move_forward,EV_path_clear,CLEAR
514.691,robot_2,EV_search_color,EV_path_clear,CLEAR
514.870,robot_2,EV_search_color,EV_path_clear,CLEAR
515.018,robot_2,EV_search_color,EV_path_clear,CLEAR
515.163,robot_2,EV_search_color,EV_path_clear|EV_object_visible,CLEAR
515.378,robot_2,EV_move_forward,EV_path_clear,CLEAR
515.733,robot_2,EV_move_forward,EV_path_clear,CLEAR
515.991,robot_2,EV_move_forward,EV_path_clear,CLEAR
516.305,robot_2,EV_move_forward,EV_path_clear,CLEAR
516.578,robot_2,EV_move_forward,EV_path_clear,CLEAR
516.911,robot_2,EV_move_forward,EV_path_clear,CLEAR
517.162,robot_2,EV_search_color,EV_path_clear|EV_object_visible,CLEAR
517.382,robot_2,EV_move_forward,EV_path_clear,CLEAR
517.703,robot_2,EV_search_color,EV_path_clear,CLEAR
517.878,robot_2,EV_move_forward,EV_path_clear,CLEAR
518.183,robot_2,EV_search_color,EV_path_clear,CLEAR
518.402,robot_2,EV_move_forward,EV_path_clear,CLEAR
518.672,robot_2,EV_move_forward,EV_path_clear,CLEAR
518.998,robot_2,EV_move_forward,EV_path_clear,CLEAR
519.265,robot_2,EV_move_forward,EV_path_clear,CLEAR
519.585,robot_2,EV_move_forward,EV_path_clear|EV_object_visible,CLEAR
519.907,robot_2,EV_move_forward,EV_path_clear,CLEAR
520.187,robot_2,EV_search_color,EV_path_clear,CLEAR
520.371,robot_2,EV_move_forward,EV_path_clear,CLEAR
520.673,robot_2,EV_move_forward,EV_path_clear,CLEAR
520.961,robot_2,EV_move_forward,EV_path_clear,CLEAR
521.167,robot_2,EV_move_backward,EV_object_reached|EV_obstacle_front,CORNER
521.490,robot_2,EV_rotate_counterclockwise,EV_obstacle_front,CORNER
521.670,robot_2,EV_u_turn,EV_obstacle_front,CORNER
525.562,robot_2,EV_u_turn,EV_obstacle_right|EV_object_reached,RIGHT
525.684,robot_2,EV_rotate_counterclockwise,EV_obstacle_right,RIGHT
525.879,robot_2,EV_u_turn,EV_obstacle_right,RIGHT
525.973,robot_2,EV_rotate_counterclockwise,EV_obstacle_right,RIGHT
526.242,robot_2,EV_u_turn,EV_obstacle_right,RIGHT
526.324,robot_2,EV_u_turn,EV_obstacle_right,RIGHT
526.411,robot_2,EV_u_turn,EV_obstacle_right,RIGHT
526.514,robot_2,EV_u_turn,EV_obstacle_right,RIGHT
526.603,robot_2,EV_u_turn,EV_obstacle_right,RIGHT
526.706,robot_2,EV_rotate_counterclockwise,EV_obstacle_right,RIGHT
526.913,robot_2,EV_u_turn,EV_obstacle_right,RIGHT
526.977,robot_2,EV_u_turn,EV_obstacle_right,RIGHT
527.086,robot_2,EV_u_turn,EV_obstacle_right,RIGHT
527.172,robot_2,EV_u_turn,EV_obstacle_right,RIGHT
527.335,robot_2,EV_u_turn,EV_obstacle_right,RIGHT
527.484,robot_2,EV_rotate_counterclockwise,EV_obstacle_right,RIGHT
527.688,robot_2,EV_rotate_counterclockwise,EV_obstacle_right,RIGHT
527.872,robot_2,EV_rotate_counterclockwise,EV_obstacle_right,RIGHT
528.068,robot_2,EV_rotate_counterclockwise,EV_obstacle_right|EV_object_reached,RIGHT
528.299,robot_2,EV_rotate_counterclockwise,EV_obstacle_right,RIGHT
528.467,robot_2,EV_rotate_counterclockwise,EV_obstacle_right,RIGHT
528.677,robot_2,EV_u_turn,EV_obstacle_right,RIGHT
532.579,robot_2,EV_search_color,EV_object_reached|EV_path_clear,CLEAR
532.778,robot_2,EV_search_color,EV_path_clear,CLEAR
532.944,robot_2,EV_search_color,EV_path_clear,CLEAR
533.201,robot_2,EV_move_forward,EV_path_clear,CLEAR
533.526,robot_2,EV_move_forward,EV_path_clear,CLEAR
533.770,robot_2,EV_move_forward,EV_path_clear,CLEAR
534.000,robot_2,EV_move_forward,EV_path_clear,CLEAR
534.291,robot_2,EV_move_forward,EV_object_reached|EV_path_clear,CLEAR
534.598,robot_2,EV_search_color,EV_path_clear,CLEAR
534.777,robot_2,EV_search_color,EV_path_clear,CLEAR
534.913,robot_2,EV_search_color,EV_path_clear,CLEAR
535.082,robot_2,EV_search_color,EV_path_clear,CLEAR
535.270,robot_2,EV_search_color,EV_path_clear,CLEAR
535.463,robot_2,EV_search_color,EV_path_clear,CLEAR
535.618,robot_2,EV_search_color,EV_path_clear,CLEAR
535.795,robot_2,EV_search_color,EV_path_clear,CLEAR
536.002,robot_2,EV_search_color,EV_path_clear,CLEAR
536.166,robot_2,EV_search_color,EV_path_clear,CLEAR
536.357,robot_2,EV_search_color,EV_object_reached|EV_path_clear,CLEAR
536.511,robot_2,EV_move_forward,EV_path_clear,CLEAR
536.763,robot_2,EV_search_color,EV_path_clear,CLEAR
536.921,robot_2,EV_move_forward,EV_path_clear,CLEAR
537.172,robot_2,EV_search_color,EV_path_clear,CLEAR
537.394,robot_2,EV_move_forward,EV_path_clear,CLEAR
537.694,robot_2,EV_move_forward,EV_path_clear,CLEAR
537.991,robot_2,EV_search_color,EV_path_clear,CLEAR
538.184,robot_2,EV_search_color,EV_path_clear,CLEAR
538.364,robot_2,EV_move_forward,EV_path_clear,CLEAR
538.692,robot_2,EV_search_color,EV_object_reached|EV_path_clear,CLEAR
538.920,robot_2,EV_search_color,EV_path_clear,CLEAR
539.083,robot_2,EV_move_forward,EV_path_clear,CLEAR
539.356,robot_2,EV_search_color,EV_path_clear,CLEAR
539.560,robot_2,EV_move_forward,EV_path_clear,CLEAR
539.891,robot_2,EV_search_color,EV_path_clear,CLEAR
540.075,robot_2,EV_search_color,EV_path_clear,CLEAR
540.254,robot_2,EV_search_color,EV_path_clear,CLEAR
540.400,robot_2,EV_move_forward,EV_path_clear,CLEAR
540.754,robot_2,EV_move_forward,EV_path_clear,CLEAR
541.008,robot_2,EV_search_color,EV_path_clear|EV_object_visible,CLEAR
541.169,robot_2,EV_search_color,EV_path_clear,CLEAR
541.395,robot_2,EV_move_forward,EV_path_clear,CLEAR
541.724,robot_2,EV_move_forward,EV_path_clear,CLEAR
542.014,robot_2,EV_move_forward,EV_path_clear,CLEAR
542.301,robot_2,EV_move_forward,EV_path_clear,CLEAR
542.590,robot_2,EV_search_color,EV_path_clear,CLEAR
542.795,robot_2,EV_move_forward,EV_path_clear,CLEAR
543.068,robot_2,EV_search_color,EV_path_clear|EV_object_visible,CLEAR
543.296,robot_2,EV_move_forward,EV_path_clear,CLEAR
543.571,robot_2,EV_search_color,EV_path_clear,CLEAR
543.779,robot_2,EV_move_forward,EV_path_clear,CLEAR
544.099,robot_2,EV_move_forward,EV_path_clear,CLEAR
544.314,robot_2,EV_search_color,EV_path_clear,CLEAR
544.463,robot_2,EV_move_forward,EV_path_clear,CLEAR
544.705,robot_2,EV_move_forward,EV_path_clear,CLEAR
544.987,robot_2,EV_search_color,EV_path_clear,CLEAR
545.100,robot_2,EV_search_color,EV_path_clear,CLEAR
545.316,robot_2,EV_search_color,EV_path_clear|EV_object_visible,CLEAR
545.529,robot_2,EV_move_forward,EV_path_clear,CLEAR
545.807,robot_2,EV_search_color,EV_path_clear,CLEAR
545.988,robot_2,EV_move_forward,EV_path_clear,CLEAR
546.295,robot_2,EV_move_forward,EV_path_clear,CLEAR
546.605,robot_2,EV_move_forward,EV_path_clear,CLEAR
546.913,robot_2,EV_move_forward,EV_path_clear,CLEAR
547.201,robot_2,EV_search_color,EV_path_clear,CLEAR
547.306,robot_2,EV_move_forward,EV_path_clear,CLEAR
547.565,robot_2,EV_move_forward,EV_path_clear,CLEAR
547.797,robot_2,EV_search_color,EV_path_clear|EV_object_visible,CLEAR
548.005,robot_2,EV_search_color,EV_path_clear,CLEAR
548.161,robot_2,EV_search_color,EV_path_clear,CLEAR
548.293,robot_2,EV_search_color,EV_path_clear,CLEAR
548.506,robot_2,EV_search_color,EV_path_clear,CLEAR
548.658,robot_2,EV_move_forward,EV_path_clear,CLEAR
548.899,robot_2,EV_search_color,EV_path_clear,CLEAR
549.062,robot_2,EV_move_forward,EV_path_clear,CLEAR
549.299,robot_2,EV_move_forward,EV_path_clear,CLEAR
549.655,robot_2,EV_move_forward,EV_path_clear,CLEAR
550.000,robot_2,EV_move_forward,EV_path_clear|EV_object_visible,CLEAR
550.333,robot_2,EV_search_color,EV_path_clear,CLEAR
550.482,robot_2,EV_move_forward,EV_path_clear,CLEAR
550.713,robot_2,EV_search_color,EV_path_clear,CLEAR
550.862,robot_2,EV_move_forward,EV_path_clear,CLEAR
551.161,robot_2,EV_search_color,EV_path_clear,CLEAR
551.445,robot_2,EV_search_color,EV_path_clear,CLEAR
551.721,robot_2,EV_search_color,EV_path_clear,CLEAR
551.855,robot_2,EV_u_turn,EV_obstacle_left,LEFT
555.733,robot_2,EV_search_color,EV_path_clear|EV_object_visible,CLEAR
555.894,robot_2,EV_search_color,EV_path_clear,CLEAR
556.062,robot_2,EV_search_color,EV_path_clear|EV_object_visible,CLEAR
556.266,robot_2,EV_search_color,EV_path_clear,CLEAR
556.474,robot_2,EV_move_forward,EV_path_clear,CLEAR
556.692,robot_2,EV_move_forward,EV_path_clear,CLEAR
556.964,robot_2,EV_move_forward,EV_path_clear,CLEAR
557.199,robot_2,EV_move_forward,EV_path_clear,CLEAR
557.496,robot_2,EV_move_forward,EV_path_clear,CLEAR
557.774,robot_2,EV_move_forward,EV_path_clear,CLEAR
558.029,robot_2,EV_move_forward,EV_path_clear|EV_object_visible,CLEAR
558.300,robot_2,EV_move_forward,EV_path_clear,CLEAR
558.619,robot_2,EV_move_forward,EV_path_clear,CLEAR
558.906,robot_2,EV_move_forward,EV_path_clear,CLEAR
559.150,robot_2,EV_move_forward,EV_path_clear,CLEAR
559.366,robot_2,EV_move_forward,EV_path_clear,CLEAR
559.732,robot_2,EV_rotate_counterclockwise,EV_obstacle_right,RIGHT
559.949,robot_2,EV_u_turn,EV_obstacle_right|EV_object_visible,RIGHT
563.808,robot_2,EV_rotate_counterclockwise,EV_obstacle_right|EV_object_not_visible,RIGHT
563.949,robot_2,EV_rotate_counterclockwise,EV_obstacle_right,RIGHT
564.214,robot_2,EV_u_turn,EV_obstacle_right,RIGHT
564.327,robot_2,EV_rotate_counterclockwise,EV_obstacle_right,RIGHT
564.518,robot_2,EV_rotate_counterclockwise,EV_obstacle_right|EV_object_not_visible,RIGHT
564.791,robot_2,EV_u_turn,EV_obstacle_right,RIGHT
564.885,robot_2,EV_u_turn,EV_obstacle_right,RIGHT
564.999,robot_2,EV_u_turn,EV_obstacle_right,RIGHT
565.066,robot_2,EV_u_turn,EV_obstacle_right,RIGHT
565.163,robot_2,EV_u_turn,EV_obstacle_right,RIGHT
565.341,robot_2,EV_rotate_counterclockwise,EV_obstacle_right,RIGHT
565.516,robot_2,EV_rotate_counterclockwise,EV_obstacle_right,RIGHT
565.659,robot_2,EV_u_turn,EV_obstacle_right,RIGHT
565.784,robot_2,EV_u_turn,EV_obstacle_right,RIGHT
565.904,robot_2,EV_u_turn,EV_obstacle_right,RIGHT
569.685,robot_2,EV_move_forward,EV_path_clear|EV_object_visible,CLEAR
570.023,robot_2,EV_search_color,EV_path_clear,CLEAR
570.205,robot_2,EV_move_forward,EV_path_clear,CLEAR
570.411,robot_2,EV_search_color,EV_path_clear,CLEAR
570.602,robot_2,EV_move_forward,EV_path_clear,CLEAR
570.880,robot_2,EV_search_color,EV_path_clear|EV_object_visible,CLEAR
571.105,robot_2,EV_search_color,EV_path_clear,CLEAR
571.276,robot_2,EV_move_forward,EV_path_clear,CLEAR
571.494,robot_2,EV_move_forward,EV_path_clear,CLEAR
571.797,robot_2,EV_search_color,EV_path_clear,CLEAR
572.028,robot_2,EV_search_color,EV_path_clear,CLEAR
572.241,robot_2,EV_move_forward,EV_path_clear,CLEAR
572.507,robot_2,EV_search_color,EV_path_clear,CLEAR
572.673,robot_2,EV_search_color,EV_path_clear,CLEAR
572.810,robot_2,EV_search_color,EV_path_clear|EV_object_visible,CLEAR
573.000,robot_2,EV_move_forward,EV_path_clear,CLEAR
573.259,robot_2,EV_search_color,EV_path_clear,CLEAR
573.429,robot_2,EV_move_forward,EV_path_clear,CLEAR
573.687,robot_2,EV_search_color,EV_path_clear,CLEAR
573.908,robot_2,EV_search_color,EV_path_clear,CLEAR
574.119,robot_2,EV_search_color,EV_path_clear,CLEAR
574.316,robot_2,EV_move_forward,EV_path_clear,CLEAR
574.589,robot_2,EV_search_color,EV_path_clear,CLEAR
574.762,robot_2,EV_move_forward,EV_path_clear,CLEAR
575.014,robot_2,EV_search_color,EV_path_clear,CLEAR
575.174,robot_2,EV_move_forward,EV_path_clear,CLEAR
575.386,robot_2,EV_search_color,EV_path_clear|EV_object_visible,CLEAR
575.627,robot_2,EV_search_color,EV_path_clear,CLEAR
575.863,robot_2,EV_search_color,EV_path_clear,CLEAR
575.998,robot_2,EV_search_color,EV_path_clear,CLEAR
576.174,robot_2,EV_search_color,EV_path_clear,CLEAR
576.401,robot_2,EV_move_forward,EV_path_clear,CLEAR
576.727,robot_2,EV_move_forward,EV_path_clear,CLEAR
577.013,robot_2,EV_move_forward,EV_path_clear,CLEAR
577.286,robot_2,EV_move_forward,EV_path_clear,CLEAR
577.618,robot_2,EV_search_color,EV_path_clear|EV_object_visible,CLEAR
577.800,robot_2,EV_search_color,EV_path_clear,CLEAR
577.967,robot_2,EV_move_forward,EV_path_clear,CLEAR
578.209,robot_2,EV_search_color,EV_path_clear,CLEAR
578.382,robot_2,EV_search_color,EV_path_clear,CLEAR
578.584,robot_2,EV_move_forward,EV_path_clear,CLEAR
578.881,robot_2,EV_move_forward,EV_path_clear,CLEAR
579.209,robot_2,EV_search_color,EV_path_clear,CLEAR
579.354,robot_2,EV_search_color,EV_path_clear,CLEAR
579.477,robot_2,EV_search_color,EV_path_clear|EV_object_visible,CLEAR
579.611,robot_2,EV_move_forward,EV_path_clear,CLEAR
579.891,robot_2,EV_move_forward,EV_path_clear,CLEAR
580.198,robot_2,EV_move_forward,EV_path_clear,CLEAR
580.478,robot_2,EV_move_forward,EV_path_clear,CLEAR
580.772,robot_2,EV_move_forward,EV_path_clear,CLEAR
581.037,robot_2,EV_move_forward,EV_path_clear,CLEAR
581.303,robot_2,EV_search_color,EV_path_clear,CLEAR
581.485,robot_2,EV_move_forward,EV_path_clear,CLEAR
581.815,robot_2,EV_search_color,EV_path_clear|EV_object_visible,CLEAR
582.002,robot_2,EV_move_forward,EV_path_clear,CLEAR
582.263,robot_2,EV_move_forward,EV_path_clear,CLEAR
582.624,robot_2,EV_move_forward,EV_path_clear,CLEAR
582.856,robot_2,EV_search_color,EV_path_clear,CLEAR
582.995,robot_2,EV_search_color,EV_path_clear,CLEAR
583.256,robot_2,EV_search_color,EV_path_clear,CLEAR
583.490,robot_2,EV_move_forward,EV_path_clear,CLEAR
583.788,robot_2,EV_search_color,EV_path_clear|EV_object_visible,CLEAR
584.026,robot_2,EV_search_color,EV_path_clear,CLEAR
584.257,robot_2,EV_move_forward,EV_path_clear,CLEAR
584.512,robot_2,EV_move_forward,EV_path_clear,CLEAR
584.768,robot_2,EV_move_forward,EV_path_clear,CLEAR
585.065,robot_2,EV_search_color,EV_path_clear,CLEAR
585.275,robot_2,EV_search_color,EV_path_clear,CLEAR
585.445,robot_2,EV_search_color,EV_path_clear,CLEAR
585.601,robot_2,EV_move_forward,EV_path_clear,CLEAR
585.826,robot_2,EV_move_forward,EV_path_clear,CLEAR
586.039,robot_2,EV_move_forward,EV_path_clear,CLEAR
586.275,robot_2,EV_move_forward,EV_path_clear,CLEAR
586.525,robot_2,EV_move_forward,EV_path_clear,CLEAR
586.816,robot_2,EV_search_color,EV_path_clear,CLEAR
586.963,robot_2,EV_search_color,EV_path_clear,CLEAR
587.183,robot_2,EV_move_forward,EV_path_clear,CLEAR
587.444,robot_2,EV_move_forward,EV_path_clear,CLEAR
587.734,robot_2,EV_move_forward,EV_path_clear,CLEAR
588.043,robot_2,EV_move_forward,EV_path_clear,CLEAR
