stamp_sec,stamp_nsec,elapsed_s,robot,x,y
1788096395,21825703,2.013,robot_0,3.610,-0.286
1788096395,21880409,2.013,robot_1,-2.330,-0.722
1788096395,21908171,2.013,robot_2,2.743,0.351
1788096397,100099741,4.091,robot_0,3.610,-0.286
1788096397,100129315,4.091,robot_1,-2.330,-0.722
1788096397,100142167,4.091,robot_2,2.743,0.351
1788096398,324439180,5.316,robot_0,3.610,-0.286
1788096398,324504172,5.316,robot_1,-2.330,-0.722
1788096398,324540974,5.316,robot_2,2.743,0.351
1788096398,524917027,5.516,robot_0,3.610,-0.286
1788096398,525011831,5.516,robot_1,-2.304,-0.707
1788096398,525060695,5.516,robot_2,2.750,0.322
1788096398,744269513,5.736,robot_0,3.610,-0.286
1788096398,744305385,5.736,robot_1,-2.247,-0.674
1788096398,744319975,5.736,robot_2,2.763,0.269
1788096398,945402535,5.937,robot_0,3.610,-0.286
1788096398,945436761,5.937,robot_1,-2.201,-0.647
1788096398,945449760,5.937,robot_2,2.757,0.290
1788096399,145937287,6.137,robot_0,3.610,-0.286
1788096399,145971680,6.137,robot_1,-2.149,-0.616
1788096399,145987658,6.137,robot_2,2.748,0.329
1788096399,364173229,6.356,robot_0,3.610,-0.286
1788096399,364209184,6.356,robot_1,-2.097,-0.586
1788096399,364222613,6.356,robot_2,2.739,0.368
1788096399,584288109,6.576,robot_0,3.610,-0.286
1788096399,584347409,6.576,robot_1,-2.040,-0.553
1788096399,584377129,6.576,robot_2,2.737,0.375
1788096399,803605350,6.795,robot_0,3.610,-0.286
1788096399,803641928,6.795,robot_1,-1.983,-0.519
1788096399,803655031,6.795,robot_2,2.734,0.375
1788096400,6631224,6.998,robot_0,3.610,-0.285
1788096400,6688336,6.998,robot_1,-1.934,-0.490
1788096400,6712314,6.998,robot_2,2.732,0.375
1788096400,206596053,7.198,robot_0,3.610,-0.285
1788096400,206631000,7.198,robot_1,-1.882,-0.460
1788096400,206645720,7.198,robot_2,2.730,0.376
1788096400,425584886,7.417,robot_0,3.610,-0.284
1788096400,425633167,7.417,robot_1,-1.830,-0.430
1788096400,425653589,7.417,robot_2,2.728,0.377
1788096400,625776067,7.617,robot_0,3.610,-0.284
1788096400,625824618,7.617,robot_1,-1.779,-0.399
1788096400,625845803,7.617,robot_2,2.727,0.378
1788096400,845156628,7.836,robot_0,3.609,-0.283
1788096400,845192875,7.837,robot_1,-1.722,-0.366
1788096400,845214590,7.837,robot_2,2.727,0.378
1788096401,60929247,8.052,robot_0,3.609,-0.283
1788096401,60977208,8.052,robot_1,-1.672,-0.337
1788096401,61038691,8.052,robot_2,2.727,0.378
1788096401,261008968,8.252,robot_0,3.609,-0.283
1788096401,261047951,8.252,robot_1,-1.621,-0.307
1788096401,261062333,8.252,robot_2,2.727,0.378
1788096401,477126995,8.468,robot_0,3.608,-0.283
1788096401,477162814,8.468,robot_1,-1.569,-0.277
1788096401,477175194,8.469,robot_2,2.725,0.377
1788096401,677196264,8.669,robot_0,3.608,-0.283
1788096401,677230946,8.669,robot_1,-1.517,-0.246
1788096401,677242809,8.669,robot_2,2.676,0.381
1788096401,877422087,8.869,robot_0,3.607,-0.283
1788096401,877470772,8.869,robot_1,-1.465,-0.216
1788096401,877491273,8.869,robot_2,2.617,0.385
1788096402,97096880,9.088,robot_0,3.607,-0.283
1788096402,97134789,9.088,robot_1,-1.408,-0.183
1788096402,97146566,9.088,robot_2,2.551,0.390
1788096402,298125239,9.289,robot_0,3.606,-0.283
1788096402,298198536,9.290,robot_1,-1.356,-0.152
1788096402,298268057,9.290,robot_2,2.491,0.394
1788096402,509227870,9.501,robot_0,3.606,-0.283
1788096402,509274805,9.501,robot_1,-1.305,-0.122
1788096402,509300905,9.501,robot_2,2.431,0.398
1788096402,709619378,9.701,robot_0,3.606,-0.284
1788096402,709675559,9.701,robot_1,-1.253,-0.092
1788096402,709704891,9.701,robot_2,2.371,0.403
1788096402,910025850,9.901,robot_0,3.605,-0.284
1788096402,910056498,9.901,robot_1,-1.201,-0.062
1788096402,910069421,9.901,robot_2,2.311,0.407
1788096403,129131052,10.120,robot_0,3.644,-0.310
1788096403,129185233,10.121,robot_1,-1.144,-0.028
1788096403,129199675,10.121,robot_2,2.245,0.412
1788096403,330088311,10.321,robot_0,3.694,-0.344
1788096403,330134836,10.321,robot_1,-1.092,0.002
1788096403,330148441,10.321,robot_2,2.186,0.416
1788096403,549534750,10.541,robot_0,3.748,-0.381
1788096403,549570033,10.541,robot_1,-1.035,0.035
1788096403,549583544,10.541,robot_2,2.120,0.421
1788096403,750295204,10.742,robot_0,3.798,-0.415
1788096403,750356750,10.742,robot_1,-0.984,0.066
1788096403,750386001,10.742,robot_2,2.060,0.425
1788096403,970232961,10.962,robot_0,3.852,-0.452
1788096403,970268025,10.962,robot_1,-0.927,0.099
1788096403,970280787,10.962,robot_2,1.994,0.430
1788096404,189442570,11.181,robot_0,3.907,-0.489
1788096404,189479614,11.181,robot_1,-0.870,0.132
1788096404,189492712,11.181,robot_2,1.928,0.434
1788096404,390275853,11.382,robot_0,3.957,-0.522
1788096404,390322012,11.382,robot_1,-0.818,0.163
1788096404,390401144,11.382,robot_2,1.868,0.439
1788096404,605658347,11.597,robot_0,4.006,-0.556
1788096404,605692664,11.597,robot_1,-0.766,0.193
1788096404,605707116,11.597,robot_2,1.809,0.443
1788096404,825929280,11.817,robot_0,4.048,-0.584
1788096404,825965867,11.817,robot_1,-0.709,0.226
1788096404,825987970,11.817,robot_2,1.743,0.448
1788096405,39090944,12.030,robot_0,4.048,-0.584
1788096405,39124745,12.030,robot_1,-0.657,0.257
1788096405,39138479,12.030,robot_2,1.683,0.452
1788096405,258471421,12.250,robot_0,4.048,-0.584
1788096405,258508994,12.250,robot_1,-0.601,0.290
1788096405,258521364,12.250,robot_2,1.617,0.457
1788096405,459019399,12.450,robot_0,4.049,-0.583
1788096405,459112077,12.450,robot_1,-0.549,0.320
1788096405,459148256,12.450,robot_2,1.557,0.461
1788096405,670413150,12.662,robot_0,4.049,-0.583
1788096405,670449611,12.662,robot_1,-0.497,0.351
1788096405,670461770,12.662,robot_2,1.497,0.465
1788096405,870631669,12.862,robot_0,4.050,-0.583
1788096405,870672894,12.862,robot_1,-0.445,0.381
1788096405,870684820,12.862,robot_2,1.438,0.470
1788096406,81490417,13.073,robot_0,4.050,-0.583
1788096406,81555219,13.073,robot_1,-0.391,0.413
1788096406,81579981,13.073,robot_2,1.375,0.474
1788096406,301101998,13.292,robot_0,4.044,-0.621
1788096406,301145454,13.292,robot_1,-0.334,0.446
1788096406,301176723,13.293,robot_2,1.309,0.479
1788096406,517077475,13.508,robot_0,4.030,-0.679
1788096406,517154138,13.508,robot_1,-0.282,0.477
1788096406,517171770,13.509,robot_2,1.249,0.483
1788096406,735899516,13.727,robot_0,4.013,-0.743
1788096406,735940559,13.727,robot_1,-0.225,0.510
1788096406,735952945,13.727,robot_2,1.183,0.488
1788096406,936320471,13.928,robot_0,3.997,-0.801
1788096406,936391405,13.928,robot_1,-0.173,0.540
1788096406,936424169,13.928,robot_2,1.123,0.492
1788096407,136504155,14.128,robot_0,3.981,-0.859
1788096407,136544041,14.128,robot_1,-0.122,0.570
1788096407,136557222,14.128,robot_2,1.064,0.497
1788096407,355290347,14.347,robot_0,3.964,-0.922
1788096407,355334987,14.347,robot_1,-0.065,0.604
1788096407,355348334,14.347,robot_2,0.998,0.501
1788096407,555947737,14.547,robot_0,3.949,-0.980
1788096407,556019679,14.547,robot_1,-0.013,0.634
1788096407,556045870,14.547,robot_2,0.938,0.506
1788096407,755916544,14.747,robot_0,3.933,-1.038
1788096407,755974828,14.747,robot_1,0.033,0.661
1788096407,756038282,14.747,robot_2,0.878,0.510
1788096407,956114755,14.947,robot_0,3.918,-1.096
1788096407,956170244,14.948,robot_1,0.036,0.662
1788096407,956190552,14.948,robot_2,0.862,0.511
1788096408,175444854,15.167,robot_0,3.901,-1.160
1788096408,175494573,15.167,robot_1,0.036,0.662
1788096408,175518997,15.167,robot_2,0.862,0.511
1788096408,376085800,15.367,robot_0,3.885,-1.218
1788096408,376125387,15.367,robot_1,0.036,0.662
1788096408,376139940,15.367,robot_2,0.862,0.511
1788096408,595567776,15.587,robot_0,3.868,-1.282
1788096408,595604186,15.587,robot_1,0.036,0.662
1788096408,595618502,15.587,robot_2,0.862,0.511
1788096408,816313457,15.808,robot_0,3.851,-1.345
1788096408,816350922,15.808,robot_1,0.051,0.710
1788096408,816364917,15.808,robot_2,0.862,0.511
1788096409,35828629,16.027,robot_0,3.834,-1.409
1788096409,35868574,16.027,robot_1,0.067,0.774
1788096409,35882746,16.027,robot_2,0.862,0.511
1788096409,255344212,16.247,robot_0,3.817,-1.473
1788096409,255379434,16.247,robot_1,0.082,0.838
1788096409,255394001,16.247,robot_2,0.861,0.512
1788096409,455455135,16.447,robot_0,3.801,-1.531
1788096409,455490288,16.447,robot_1,0.095,0.897
1788096409,455503188,16.447,robot_2,0.861,0.512
1788096409,656966317,16.648,robot_0,3.786,-1.589
1788096409,657008623,16.648,robot_1,0.109,0.955
1788096409,657021890,16.648,robot_2,0.861,0.512
1788096409,858104157,16.849,robot_0,3.770,-1.647
1788096409,858212955,16.850,robot_1,0.122,1.013
1788096409,858249087,16.850,robot_2,0.861,0.513
1788096410,66461267,17.058,robot_0,3.754,-1.708
1788096410,66522662,17.058,robot_1,0.136,1.075
1788096410,66553097,17.058,robot_2,0.861,0.513
1788096410,266693198,17.258,robot_0,3.738,-1.766
1788096410,266784425,17.258,robot_1,0.150,1.133
1788096410,266797803,17.258,robot_2,0.860,0.513
1788096410,485423758,17.477,robot_0,3.721,-1.829
1788096410,485460727,17.477,robot_1,0.165,1.198
1788096410,485473507,17.477,robot_2,0.860,0.513
1788096410,685631333,17.677,robot_0,3.706,-1.887
1788096410,685690352,17.677,robot_1,0.178,1.256
1788096410,685718609,17.677,robot_2,0.860,0.513
1788096410,885915867,17.877,robot_0,3.690,-1.945
1788096410,885952503,17.877,robot_1,0.192,1.315
1788096410,885966698,17.877,robot_2,0.859,0.513
1788096411,101005850,18.092,robot_0,3.674,-2.003
1788096411,101039918,18.092,robot_1,0.205,1.373
1788096411,101051756,18.092,robot_2,0.859,0.513
1788096411,322424013,18.314,robot_0,3.657,-2.067
1788096411,322502622,18.314,robot_1,0.220,1.437
1788096411,322538164,18.314,robot_2,0.859,0.512
1788096411,531764637,18.523,robot_0,3.641,-2.128
1788096411,531809380,18.523,robot_1,0.234,1.499
1788096411,531821612,18.523,robot_2,0.858,0.512
1788096411,732015572,18.723,robot_0,3.626,-2.186
1788096411,732058995,18.723,robot_1,0.248,1.557
1788096411,732073968,18.723,robot_2,0.858,0.512
1788096411,951886940,18.943,robot_0,3.608,-2.249
1788096411,951932402,18.943,robot_1,0.262,1.622
1788096411,951952266,18.943,robot_2,0.858,0.512
1788096412,172274500,19.164,robot_0,3.591,-2.313
1788096412,172336395,19.164,robot_1,0.277,1.686
1788096412,172382733,19.164,robot_2,0.858,0.511
1788096412,391580555,19.383,robot_0,3.574,-2.377
1788096412,391617816,19.383,robot_1,0.292,1.750
1788096412,391635722,19.383,robot_2,0.860,0.511
1788096412,611343938,19.603,robot_0,3.557,-2.441
1788096412,611373560,19.603,robot_1,0.307,1.814
1788096412,611397448,19.603,robot_2,0.919,0.501
1788096412,831706338,19.823,robot_0,3.540,-2.504
1788096412,831742335,19.823,robot_1,0.322,1.879
1788096412,831757871,19.823,robot_2,0.984,0.489
1788096413,41789702,20.033,robot_0,3.524,-2.565
1788096413,41823963,20.033,robot_1,0.336,1.940
1788096413,41838320,20.033,robot_2,1.046,0.478
1788096413,261525646,20.253,robot_0,3.507,-2.629
1788096413,261558188,20.253,robot_1,0.351,2.004
1788096413,261572105,20.253,robot_2,1.111,0.467
1788096413,481999236,20.473,robot_0,3.490,-2.693
1788096413,482074412,20.473,robot_1,0.365,2.069
1788096413,482098846,20.473,robot_2,1.176,0.456
1788096413,701497615,20.693,robot_0,3.472,-2.756
1788096413,701539344,20.693,robot_1,0.380,2.133
1788096413,701551800,20.693,robot_2,1.241,0.444
1788096413,902425196,20.894,robot_0,3.457,-2.814
1788096413,902499057,20.894,robot_1,0.394,2.192
1788096413,902533231,20.894,robot_2,1.300,0.434
1788096414,112118238,21.103,robot_0,3.441,-2.875
1788096414,112178967,21.104,robot_1,0.408,2.253
1788096414,112204486,21.104,robot_2,1.362,0.423
1788096414,331859705,21.323,robot_0,3.423,-2.939
1788096414,331916628,21.323,robot_1,0.423,2.317
1788096414,331942661,21.323,robot_2,1.427,0.412
1788096414,532071077,21.523,robot_0,3.408,-2.997
1788096414,532132282,21.523,robot_1,0.436,2.376
1788096414,532157372,21.523,robot_2,1.486,0.402
1788096414,732321691,21.724,robot_0,3.392,-3.055
1788096414,732384428,21.724,robot_1,0.450,2.434
1788096414,732409570,21.724,robot_2,1.545,0.391
1788096414,951422189,21.943,robot_0,3.375,-3.119
1788096414,951474340,21.943,robot_1,0.465,2.499
1788096414,951493207,21.943,robot_2,1.610,0.380
1788096415,151498199,22.143,robot_0,3.360,-3.177
1788096415,151583394,22.143,robot_1,0.478,2.557
1788096415,151608210,22.143,robot_2,1.669,0.370
1788096415,352000675,22.343,robot_0,3.344,-3.235
1788096415,352058513,22.343,robot_1,0.492,2.615
1788096415,352079068,22.343,robot_2,1.728,0.360
1788096415,571700016,22.563,robot_0,3.327,-3.298
1788096415,571740900,22.563,robot_1,0.506,2.680
1788096415,571762273,22.563,robot_2,1.793,0.348
1788096415,791644350,22.783,robot_0,3.310,-3.362
1788096415,791678345,22.783,robot_1,0.521,2.744
1788096415,791689912,22.783,robot_2,1.858,0.337
1788096416,11229325,23.003,robot_0,3.293,-3.426
1788096416,11265867,23.003,robot_1,0.536,2.808
1788096416,11278221,23.003,robot_2,1.923,0.326
1788096416,232143293,23.223,robot_0,3.276,-3.490
1788096416,232179981,23.224,robot_1,0.551,2.873
1788096416,232191724,23.224,robot_2,1.988,0.314
1788096416,432345033,23.424,robot_0,3.260,-3.548
1788096416,432403877,23.424,robot_1,0.564,2.931
1788096416,432429312,23.424,robot_2,2.048,0.304
1788096416,651382367,23.643,robot_0,3.243,-3.611
1788096416,651429288,23.643,robot_1,0.579,2.995
1788096416,651450538,23.643,robot_2,2.113,0.293
1788096416,851899853,23.843,robot_0,3.228,-3.669
1788096416,851988398,23.843,robot_1,0.593,3.054
1788096416,852013155,23.843,robot_2,2.172,0.282
1788096417,70930654,24.062,robot_0,3.210,-3.733
1788096417,70993214,24.062,robot_1,0.607,3.118
1788096417,71006148,24.062,robot_2,2.237,0.271
1788096417,290964235,24.282,robot_0,3.193,-3.797
1788096417,291006834,24.282,robot_1,0.622,3.183
1788096417,291019537,24.282,robot_2,2.302,0.260
1788096417,491893350,24.483,robot_0,3.178,-3.855
1788096417,491930217,24.483,robot_1,0.636,3.241
1788096417,491942288,24.483,robot_2,2.361,0.249
1788096417,712283191,24.704,robot_0,3.161,-3.918
1788096417,712321241,24.704,robot_1,0.651,3.305
1788096417,712343666,24.704,robot_2,2.426,0.238
1788096417,931850434,24.923,robot_0,3.144,-3.982
1788096417,931915775,24.923,robot_1,0.665,3.370
1788096417,931943007,24.923,robot_2,2.491,0.227
1788096418,151119429,25.142,robot_0,3.127,-4.046
1788096418,151158851,25.142,robot_1,0.680,3.434
1788096418,151171469,25.143,robot_2,2.556,0.215
1788096418,351685386,25.343,robot_0,3.111,-4.104
1788096418,351749254,25.343,robot_1,0.694,3.492
1788096418,351775602,25.343,robot_2,2.615,0.205
1788096418,571201195,25.563,robot_0,3.094,-4.168
1788096418,571238470,25.563,robot_1,0.709,3.557
1788096418,571250631,25.563,robot_2,2.680,0.194
1788096418,771866089,25.763,robot_0,3.080,-4.221
1788096418,771903055,25.763,robot_1,0.722,3.615
1788096418,771915099,25.763,robot_2,2.739,0.183
1788096418,991448476,25.983,robot_0,3.079,-4.225
1788096418,991483682,25.983,robot_1,0.737,3.680
1788096418,991506821,25.983,robot_2,2.804,0.172
1788096419,211838429,26.203,robot_0,3.079,-4.225
1788096419,211875000,26.203,robot_1,0.752,3.744
1788096419,211898334,26.203,robot_2,2.869,0.161
1788096419,431933920,26.423,robot_0,3.080,-4.225
1788096419,431973516,26.423,robot_1,0.766,3.808
1788096419,431994719,26.423,robot_2,2.934,0.150
1788096419,651593729,26.643,robot_0,3.080,-4.226
1788096419,651629042,26.643,robot_1,0.781,3.872
1788096419,651645025,26.643,robot_2,2.999,0.138
1788096419,871519481,26.863,robot_0,3.080,-4.226
1788096419,871560127,26.863,robot_1,0.796,3.937
1788096419,871574936,26.863,robot_2,3.064,0.127
1788096420,91549466,27.083,robot_0,3.080,-4.227
1788096420,91608440,27.083,robot_1,0.811,4.001
1788096420,91636555,27.083,robot_2,3.129,0.116
1788096420,311245531,27.303,robot_0,3.081,-4.227
1788096420,311278630,27.303,robot_1,0.826,4.065
1788096420,311291303,27.303,robot_2,3.194,0.104
1788096420,511629019,27.503,robot_0,3.081,-4.228
1788096420,511664908,27.503,robot_1,0.839,4.124
1788096420,511678613,27.503,robot_2,3.253,0.094
1788096420,711895192,27.703,robot_0,3.040,-4.219
1788096420,711957569,27.703,robot_1,0.848,4.161
1788096420,711992004,27.703,robot_2,3.313,0.084
1788096420,930891312,27.922,robot_0,2.977,-4.199
1788096420,930926619,27.922,robot_1,0.848,4.161
1788096420,930940335,27.922,robot_2,3.378,0.072
1788096421,131798686,28.123,robot_0,2.920,-4.181
1788096421,131864152,28.123,robot_1,0.847,4.161
1788096421,131893380,28.123,robot_2,3.437,0.062
1788096421,351786253,28.343,robot_0,2.857,-4.160
1788096421,351823597,28.343,robot_1,0.847,4.161
1788096421,351837750,28.343,robot_2,3.502,0.051
1788096421,552545950,28.544,robot_0,2.800,-4.142
1788096421,552612774,28.544,robot_1,0.847,4.162
1788096421,552642599,28.544,robot_2,3.561,0.040
1788096421,771059479,28.762,robot_0,2.738,-4.121
1788096421,771097953,28.762,robot_1,0.847,4.162
1788096421,771112345,28.762,robot_2,3.626,0.029
1788096421,971623362,28.963,robot_0,2.681,-4.103
1788096421,971683554,28.963,robot_1,0.846,4.162
1788096421,971711482,28.963,robot_2,3.685,0.019
1788096422,171654862,29.163,robot_0,2.624,-4.084
1788096422,171710864,29.163,robot_1,0.846,4.163
1788096422,171740779,29.163,robot_2,3.744,0.008
1788096422,391091049,29.382,robot_0,2.561,-4.063
1788096422,391123047,29.382,robot_1,0.846,4.163
1788096422,391136467,29.382,robot_2,3.809,-0.003
1788096422,593104148,29.584,robot_0,2.507,-4.046
1788096422,593149002,29.584,robot_1,0.847,4.163
1788096422,593171601,29.585,robot_2,3.865,-0.013
1788096422,813281482,29.805,robot_0,2.444,-4.025
1788096422,813312857,29.805,robot_1,0.893,4.145
1788096422,813328405,29.805,robot_2,3.930,-0.024
1788096423,31485749,30.023,robot_0,2.384,-4.006
1788096423,31546320,30.023,robot_1,0.950,4.119
1788096423,31577000,30.023,robot_2,3.992,-0.035
1788096423,233286148,30.225,robot_0,2.324,-3.986
1788096423,233394001,30.225,robot_1,1.007,4.091
1788096423,233422370,30.225,robot_2,4.054,-0.046
1788096423,452832636,30.444,robot_0,2.261,-3.966
1788096423,452866238,30.444,robot_1,1.066,4.062
1788096423,452878589,30.444,robot_2,4.119,-0.057
1788096423,652857049,30.644,robot_0,2.204,-3.947
1788096423,652892987,30.644,robot_1,1.120,4.036
1788096423,652907198,30.644,robot_2,4.178,-0.067
1788096423,852902259,30.844,robot_0,2.147,-3.929
1788096423,852937787,30.844,robot_1,1.174,4.010
1788096423,852951318,30.844,robot_2,4.224,-0.075
1788096424,62916750,31.054,robot_0,2.090,-3.910
1788096424,62950325,31.054,robot_1,1.228,3.984
1788096424,62963735,31.054,robot_2,4.225,-0.075
1788096424,282919946,31.274,robot_0,2.027,-3.890
1788096424,282954236,31.274,robot_1,1.288,3.955
1788096424,282967591,31.274,robot_2,4.225,-0.075
1788096424,483301832,31.475,robot_0,1.970,-3.871
1788096424,483337686,31.475,robot_1,1.342,3.929
1788096424,483350788,31.475,robot_2,4.225,-0.075
1788096424,695675706,31.687,robot_0,1.913,-3.852
1788096424,695715912,31.687,robot_1,1.396,3.903
1788096424,695729132,31.687,robot_2,4.225,-0.074
1788096424,896226374,31.888,robot_0,1.856,-3.834
1788096424,896266157,31.888,robot_1,1.450,3.877
1788096424,896279170,31.888,robot_2,4.226,-0.074
1788096425,96413627,32.088,robot_0,1.799,-3.815
1788096425,96478512,32.088,robot_1,1.504,3.851
1788096425,96503101,32.088,robot_2,4.226,-0.074
1788096425,316992347,32.308,robot_0,1.737,-3.795
1788096425,317053376,32.308,robot_1,1.563,3.822
1788096425,317077850,32.308,robot_2,4.226,-0.074
1788096425,536581909,32.528,robot_0,1.674,-3.774
1788096425,536620392,32.528,robot_1,1.623,3.793
1788096425,536631747,32.528,robot_2,4.227,-0.074
1788096425,745809559,32.737,robot_0,1.614,-3.755
1788096425,745855663,32.737,robot_1,1.679,3.766
1788096425,745893338,32.737,robot_2,4.227,-0.074
1788096425,946600157,32.938,robot_0,1.557,-3.736
1788096425,946669622,32.938,robot_1,1.733,3.740
1788096425,946702795,32.938,robot_2,4.216,-0.110
1788096426,165890186,33.157,robot_0,1.494,-3.716
1788096426,165926118,33.157,robot_1,1.793,3.711
1788096426,165948465,33.157,robot_2,4.192,-0.172
1788096426,367027835,33.358,robot_0,1.437,-3.697
1788096426,367071220,33.358,robot_1,1.847,3.685
1788096426,367085932,33.358,robot_2,4.170,-0.228
1788096426,578997714,33.570,robot_0,1.380,-3.678
1788096426,579034840,33.570,robot_1,1.901,3.659
1788096426,579048731,33.570,robot_2,4.147,-0.283
1788096426,779683153,33.771,robot_0,1.323,-3.660
1788096426,779756479,33.771,robot_1,1.955,3.632
1788096426,779772759,33.771,robot_2,4.124,-0.339
1788096426,979900670,33.971,robot_0,1.266,-3.641
1788096426,979962800,33.971,robot_1,2.009,3.606
1788096426,979996394,33.971,robot_2,4.102,-0.394
1788096427,189495500,34.181,robot_0,1.206,-3.622
1788096427,189528463,34.181,robot_1,2.066,3.579
1788096427,189541372,34.181,robot_2,4.078,-0.453
1788096427,410121400,34.401,robot_0,1.143,-3.601
1788096427,410166701,34.402,robot_1,2.125,3.550
1788096427,410183733,34.402,robot_2,4.053,-0.514
1788096427,621850878,34.613,robot_0,1.086,-3.583
1788096427,621893262,34.613,robot_1,2.179,3.524
1788096427,621905013,34.613,robot_2,4.030,-0.569
1788096427,842236463,34.834,robot_0,1.023,-3.562
1788096427,842300573,34.834,robot_1,2.238,3.495
1788096427,842327355,34.834,robot_2,4.005,-0.630
1788096428,72943039,35.064,robot_0,0.961,-3.542
1788096428,72975675,35.064,robot_1,2.298,3.467
1788096428,72993710,35.064,robot_2,3.980,-0.691
1788096428,292393489,35.284,robot_0,0.898,-3.521
1788096428,292430915,35.284,robot_1,2.357,3.438
1788096428,292442766,35.284,robot_2,3.955,-0.752
1788096428,513683759,35.505,robot_0,0.835,-3.501
1788096428,513741308,35.505,robot_1,2.417,3.409
1788096428,513764580,35.505,robot_2,3.930,-0.814
1788096428,732675714,35.724,robot_0,0.772,-3.480
1788096428,732709189,35.724,robot_1,2.476,3.380
1788096428,732719336,35.724,robot_2,3.906,-0.875
1788096428,953311000,35.945,robot_0,0.710,-3.460
1788096428,953351271,35.945,robot_1,2.536,3.352
1788096428,953373433,35.945,robot_2,3.881,-0.936
1788096429,165757565,36.157,robot_0,0.653,-3.441
1788096429,165791662,36.157,robot_1,2.590,3.325
1788096429,165803441,36.157,robot_2,3.858,-0.991
1788096429,384803170,36.376,robot_0,0.590,-3.421
1788096429,384834679,36.376,robot_1,2.649,3.297
1788096429,384855545,36.376,robot_2,3.833,-1.052
1788096429,586198202,36.578,robot_0,0.533,-3.402
1788096429,586250048,36.578,robot_1,2.703,3.271
1788096429,586278846,36.578,robot_2,3.810,-1.108
1788096429,805566208,36.797,robot_0,0.470,-3.382
1788096429,805599365,36.797,robot_1,2.762,3.242
1788096429,805621701,36.797,robot_2,3.785,-1.169
1788096430,24935046,37.016,robot_0,0.407,-3.361
1788096430,24967648,37.016,robot_1,2.822,3.213
1788096430,24987274,37.016,robot_2,3.760,-1.230
1788096430,225878765,37.217,robot_0,0.350,-3.343
1788096430,225931865,37.217,robot_1,2.876,3.187
1788096430,225944232,37.217,robot_2,3.738,-1.286
1788096430,446385319,37.438,robot_0,0.288,-3.322
1788096430,446457021,37.438,robot_1,2.935,3.158
1788096430,446492993,37.438,robot_2,3.713,-1.347
1788096430,655185529,37.647,robot_0,0.228,-3.303
1788096430,655222518,37.647,robot_1,2.992,3.131
1788096430,655235485,37.647,robot_2,3.689,-1.405
1788096430,855363385,37.847,robot_0,0.171,-3.284
1788096430,855445218,37.847,robot_1,3.046,3.105
1788096430,855470534,37.847,robot_2,3.666,-1.461
1788096431,55785824,38.047,robot_0,0.114,-3.265
1788096431,55846428,38.047,robot_1,3.100,3.078
1788096431,55873959,38.047,robot_2,3.644,-1.516
1788096431,256968039,38.248,robot_0,0.059,-3.248
1788096431,257043131,38.248,robot_1,3.151,3.054
1788096431,257072614,38.248,robot_2,3.622,-1.569
1788096431,477136890,38.468,robot_0,-0.003,-3.227
1788096431,477195835,38.469,robot_1,3.211,3.025
1788096431,477223502,38.469,robot_2,3.597,-1.630
1788096431,677467529,38.669,robot_0,-0.060,-3.209
1788096431,677528673,38.669,robot_1,3.265,2.999
1788096431,677556335,38.669,robot_2,3.574,-1.686
1788096431,896784723,38.888,robot_0,-0.123,-3.188
1788096431,896818520,38.888,robot_1,3.324,2.970
1788096431,896834966,38.888,robot_2,3.550,-1.747
1788096432,97381516,39.089,robot_0,-0.180,-3.170
1788096432,97418353,39.089,robot_1,3.378,2.944
1788096432,97430738,39.089,robot_2,3.527,-1.802
1788096432,317073729,39.308,robot_0,-0.243,-3.149
1788096432,317147553,39.308,robot_1,3.437,2.915
1788096432,317171951,39.309,robot_2,3.502,-1.863
1788096432,537768995,39.529,robot_0,-0.306,-3.129
1788096432,537820500,39.529,robot_1,3.497,2.886
1788096432,537834821,39.529,robot_2,3.477,-1.925
1788096432,756835314,39.748,robot_0,-0.368,-3.108
1788096432,756868137,39.748,robot_1,3.556,2.858
1788096432,756879842,39.748,robot_2,3.452,-1.986
1788096432,957089936,39.948,robot_0,-0.425,-3.090
1788096432,957122502,39.948,robot_1,3.610,2.831
1788096432,957133573,39.948,robot_2,3.429,-2.041
1788096433,177760545,40.169,robot_0,-0.488,-3.069
1788096433,177814625,40.169,robot_1,3.670,2.803
1788096433,177861177,40.169,robot_2,3.404,-2.102
1788096433,396989394,40.388,robot_0,-0.551,-3.049
1788096433,397021661,40.388,robot_1,3.729,2.774
1788096433,397044617,40.388,robot_2,3.379,-2.163
1788096433,597227211,40.589,robot_0,-0.608,-3.030
1788096433,597285787,40.589,robot_1,3.783,2.748
1788096433,597314950,40.589,robot_2,3.357,-2.219
1788096433,797366196,40.789,robot_0,-0.665,-3.012
1788096433,797422969,40.789,robot_1,3.837,2.722
1788096433,797435070,40.789,robot_2,3.334,-2.275
1788096434,16792624,41.008,robot_0,-0.728,-2.991
1788096434,16827052,41.008,robot_1,3.897,2.693
1788096434,16840920,41.008,robot_2,3.309,-2.336
1788096434,227332736,41.219,robot_0,-0.788,-2.972
1788096434,227412273,41.219,robot_1,3.953,2.665
1788096434,227436212,41.219,robot_2,3.285,-2.394
1788096434,427826917,41.419,robot_0,-0.845,-2.953
1788096434,427900807,41.419,robot_1,4.007,2.639
1788096434,427932551,41.419,robot_2,3.263,-2.450
1788096434,646817798,41.638,robot_0,-0.907,-2.933
1788096434,646852661,41.638,robot_1,4.067,2.611
1788096434,646864611,41.638,robot_2,3.238,-2.511
1788096434,846831846,41.838,robot_0,-0.964,-2.914
1788096434,846878613,41.838,robot_1,4.121,2.584
1788096434,846896086,41.838,robot_2,3.215,-2.566
1788096435,47787711,42.039,robot_0,-1.022,-2.895
1788096435,47852074,42.039,robot_1,4.147,2.572
1788096435,47879373,42.039,robot_2,3.192,-2.622
1788096435,267551849,42.259,robot_0,-1.084,-2.875
1788096435,267584418,42.259,robot_1,4.147,2.572
1788096435,267596515,42.259,robot_2,3.167,-2.683
1788096435,467645112,42.459,robot_0,-1.141,-2.856
1788096435,467701982,42.459,robot_1,4.147,2.572
1788096435,467727869,42.459,robot_2,3.145,-2.738
1788096435,667863768,42.659,robot_0,-1.198,-2.838
1788096435,667894353,42.659,robot_1,4.147,2.573
1788096435,667906492,42.659,robot_2,3.122,-2.794
1788096435,887296049,42.879,robot_0,-1.261,-2.817
1788096435,887330492,42.879,robot_1,4.148,2.573
1788096435,887342263,42.879,robot_2,3.097,-2.855
1788096436,87494335,43.079,robot_0,-1.318,-2.799
1788096436,87558213,43.079,robot_1,4.148,2.573
1788096436,87576557,43.079,robot_2,3.075,-2.911
1788096436,287522025,43.279,robot_0,-1.375,-2.780
1788096436,287576532,43.279,robot_1,4.148,2.573
1788096436,287602688,43.279,robot_2,3.052,-2.966
1788096436,506639448,43.498,robot_0,-1.438,-2.760
1788096436,506672185,43.498,robot_1,4.146,2.526
1788096436,506684032,43.498,robot_2,3.027,-3.027
1788096436,717680073,43.709,robot_0,-1.498,-2.740
1788096436,717718144,43.709,robot_1,4.137,2.463
1788096436,717730291,43.709,robot_2,3.003,-3.086
1788096436,936569895,43.928,robot_0,-1.561,-2.720
1788096436,936604077,43.928,robot_1,4.128,2.398
1788096436,936616147,43.928,robot_2,2.978,-3.147
1788096437,137956682,44.129,robot_0,-1.618,-2.701
1788096437,138016403,44.129,robot_1,4.119,2.339
1788096437,138076839,44.129,robot_2,2.955,-3.202
1788096437,357248059,44.349,robot_0,-1.680,-2.680
1788096437,357303151,44.349,robot_1,4.110,2.273
1788096437,357320764,44.349,robot_2,2.931,-3.263
1788096437,577484985,44.569,robot_0,-1.743,-2.660
1788096437,577522178,44.569,robot_1,4.100,2.208
1788096437,577535320,44.569,robot_2,2.906,-3.324
1788096437,789391494,44.781,robot_0,-1.800,-2.641
1788096437,789437074,44.781,robot_1,4.092,2.149
1788096437,789455705,44.781,robot_2,2.883,-3.380
1788096438,9607429,45.001,robot_0,-1.863,-2.621
1788096438,9649928,45.001,robot_1,4.082,2.083
1788096438,9669140,45.001,robot_2,2.858,-3.441
1788096438,219731071,45.211,robot_0,-1.923,-2.601
1788096438,219773589,45.211,robot_1,4.073,2.021
1788096438,219792585,45.211,robot_2,2.834,-3.499
1788096438,439598195,45.431,robot_0,-1.986,-2.581
1788096438,439646348,45.431,robot_1,4.064,1.956
1788096438,439669394,45.431,robot_2,2.809,-3.561
1788096438,659805922,45.651,robot_0,-2.048,-2.560
1788096438,659882912,45.651,robot_1,4.054,1.890
1788096438,659920377,45.651,robot_2,2.784,-3.622
1788096438,878992365,45.870,robot_0,-2.111,-2.540
1788096438,879030513,45.870,robot_1,4.045,1.825
1788096438,879044100,45.870,robot_2,2.759,-3.683
1788096439,79664204,46.071,robot_0,-2.168,-2.521
1788096439,79720534,46.071,robot_1,4.036,1.766
1788096439,79748101,46.071,robot_2,2.737,-3.738
1788096439,280391957,46.272,robot_0,-2.225,-2.503
1788096439,280456650,46.272,robot_1,4.028,1.706
1788096439,280485842,46.272,robot_2,2.714,-3.794
1788096439,500185264,46.492,robot_0,-2.288,-2.482
1788096439,500248474,46.492,robot_1,4.018,1.641
1788096439,500276425,46.492,robot_2,2.689,-3.855
1788096439,710705766,46.702,robot_0,-2.348,-2.463
1788096439,710782607,46.702,robot_1,4.009,1.578
1788096439,710809168,46.702,robot_2,2.665,-3.913
1788096439,929956863,46.921,robot_0,-2.411,-2.442
1788096439,930016802,46.921,robot_1,4.000,1.513
1788096439,930045050,46.921,robot_2,2.640,-3.974
1788096440,149218809,47.141,robot_0,-2.473,-2.422
1788096440,149249902,47.141,robot_1,3.990,1.448
1788096440,149262551,47.141,robot_2,2.615,-4.036
1788096440,368989274,47.360,robot_0,-2.536,-2.401
1788096440,369027159,47.360,robot_1,3.981,1.383
1788096440,369040490,47.360,robot_2,2.590,-4.097
1788096440,569928508,47.561,robot_0,-2.593,-2.383
1788096440,569987842,47.561,robot_1,3.972,1.323
1788096440,570018600,47.561,robot_2,2.575,-4.135
1788096440,779556551,47.771,robot_0,-2.653,-2.363
1788096440,779601009,47.771,robot_1,3.963,1.261
1788096440,779613338,47.771,robot_2,2.575,-4.135
1788096440,998798458,47.990,robot_0,-2.716,-2.343
1788096440,998835160,47.990,robot_1,3.954,1.195
1788096440,998848051,47.990,robot_2,2.575,-4.135
1788096441,201364404,48.193,robot_0,-2.770,-2.325
1788096441,201428304,48.193,robot_1,3.946,1.139
1788096441,201456789,48.193,robot_2,2.576,-4.135
1788096441,401373882,48.393,robot_0,-2.827,-2.307
1788096441,401453667,48.393,robot_1,3.937,1.080
1788096441,401479330,48.393,robot_2,2.576,-4.135
1788096441,620506616,48.612,robot_0,-2.890,-2.286
1788096441,620560564,48.612,robot_1,3.927,1.014
1788096441,620577602,48.612,robot_2,2.576,-4.136
1788096441,839986009,48.831,robot_0,-2.952,-2.266
1788096441,840026083,48.831,robot_1,3.918,0.949
1788096441,840040057,48.831,robot_2,2.576,-4.136
1788096442,40725063,49.032,robot_0,-3.010,-2.247
1788096442,40761290,49.032,robot_1,3.909,0.890
1788096442,40774885,49.032,robot_2,2.576,-4.137
1788096442,252677767,49.244,robot_0,-3.069,-2.228
1788096442,252713956,49.244,robot_1,3.900,0.827
1788096442,252727462,49.244,robot_2,2.576,-4.137
1788096442,470290971,49.462,robot_0,-3.132,-2.207
1788096442,470327873,49.462,robot_1,3.891,0.762
1788096442,470342073,49.462,robot_2,2.532,-4.121
1788096442,670374465,49.662,robot_0,-3.189,-2.188
1788096442,670409772,49.662,robot_1,3.882,0.703
1788096442,670423071,49.662,robot_2,2.477,-4.096
1788096442,871136794,49.862,robot_0,-3.246,-2.170
1788096442,871185764,49.863,robot_1,3.874,0.643
1788096442,871206856,49.863,robot_2,2.422,-4.071
1788096443,90562813,50.082,robot_0,-3.309,-2.149
1788096443,90600217,50.082,robot_1,3.864,0.578
1788096443,90612146,50.082,robot_2,2.362,-4.044
1788096443,301505488,50.293,robot_0,-3.366,-2.131
1788096443,301542741,50.293,robot_1,3.856,0.519
1788096443,301556214,50.293,robot_2,2.308,-4.019
1788096443,522203161,50.514,robot_0,-3.429,-2.110
1788096443,522244991,50.514,robot_1,3.846,0.453
1788096443,522257193,50.514,robot_2,2.248,-3.991
1788096443,741677422,50.733,robot_0,-3.492,-2.090
1788096443,741715519,50.733,robot_1,3.837,0.388
1788096443,741728081,50.733,robot_2,2.188,-3.963
1788096443,941714645,50.933,robot_0,-3.549,-2.071
1788096443,941774554,50.933,robot_1,3.828,0.329
1788096443,941803963,50.933,robot_2,2.133,-3.938
1788096444,148317846,51.140,robot_0,-3.603,-2.054
1788096444,148363317,51.140,robot_1,3.820,0.272
1788096444,148385555,51.140,robot_2,2.082,-3.915
1788096444,368120981,51.359,robot_0,-3.666,-2.033
1788096444,368221874,51.360,robot_1,3.810,0.207
1788096444,368247438,51.360,robot_2,2.022,-3.887
1788096444,568175026,51.560,robot_0,-3.723,-2.015
1788096444,568214722,51.560,robot_1,3.802,0.147
1788096444,568235623,51.560,robot_2,1.967,-3.862
1788096444,780896010,51.772,robot_0,-3.780,-1.996
1788096444,780939546,51.772,robot_1,3.793,0.088
1788096444,780964396,51.772,robot_2,1.913,-3.837
1788096445,1618991,51.993,robot_0,-3.842,-1.975
1788096445,1681217,51.993,robot_1,3.784,0.023
1788096445,1709029,51.993,robot_2,1.853,-3.809
1788096445,221231894,52.213,robot_0,-3.905,-1.955
1788096445,221267342,52.213,robot_1,3.774,-0.043
1788096445,221281662,52.213,robot_2,1.793,-3.781
1788096445,441424292,52.433,robot_0,-3.968,-1.935
1788096445,441462277,52.433,robot_1,3.765,-0.108
1788096445,441476254,52.433,robot_2,1.733,-3.754
1788096445,641680022,52.633,robot_0,-4.025,-1.916
1788096445,641719053,52.633,robot_1,3.756,-0.167
1788096445,641733003,52.633,robot_2,1.678,-3.729
1788096445,850991799,52.842,robot_0,-4.061,-1.904
1788096445,851040686,52.842,robot_1,3.747,-0.230
1788096445,851060001,52.842,robot_2,1.621,-3.702
1788096446,51722702,53.043,robot_0,-4.061,-1.904
1788096446,51790295,53.043,robot_1,3.739,-0.289
1788096446,51819207,53.043,robot_2,1.567,-3.677
1788096446,264759905,53.256,robot_0,-4.061,-1.905
1788096446,264818318,53.256,robot_1,3.730,-0.348
1788096446,264846006,53.256,robot_2,1.512,-3.652
1788096446,483712389,53.475,robot_0,-4.062,-1.905
1788096446,483748205,53.475,robot_1,3.720,-0.414
1788096446,483761000,53.475,robot_2,1.452,-3.625
1788096446,698318325,53.690,robot_0,-4.062,-1.906
1788096446,698359920,53.690,robot_1,3.712,-0.473
1788096446,698375529,53.690,robot_2,1.398,-3.599
1788096446,917838146,53.909,robot_0,-4.063,-1.906
1788096446,917879361,53.909,robot_1,3.702,-0.538
1788096446,917894405,53.909,robot_2,1.338,-3.572
1788096447,118846326,54.110,robot_0,-4.063,-1.906
1788096447,118886634,54.110,robot_1,3.694,-0.598
1788096447,118899736,54.110,robot_2,1.283,-3.547
1788096447,319560887,54.311,robot_0,-4.064,-1.906
1788096447,319594790,54.311,robot_1,3.686,-0.654
1788096447,319608034,54.311,robot_2,1.231,-3.523
1788096447,539433240,54.531,robot_0,-4.060,-1.859
1788096447,539468211,54.531,robot_1,3.676,-0.719
1788096447,539481884,54.531,robot_2,1.172,-3.495
1788096447,751307577,54.743,robot_0,-4.051,-1.800
1788096447,751387146,54.743,robot_1,3.668,-0.779
1788096447,751427235,54.743,robot_2,1.117,-3.470
1788096447,970551311,54.962,robot_0,-4.041,-1.734
1788096447,970613785,54.962,robot_1,3.658,-0.844
1788096447,970643238,54.962,robot_2,1.057,-3.443
1788096448,190559204,55.182,robot_0,-4.030,-1.669
1788096448,190622478,55.182,robot_1,3.649,-0.910
1788096448,190650781,55.182,robot_2,0.997,-3.415
1788096448,410152398,55.401,robot_0,-4.019,-1.604
1788096448,410189621,55.402,robot_1,3.639,-0.975
1788096448,410202726,55.402,robot_2,0.937,-3.387
1788096448,610560386,55.602,robot_0,-4.010,-1.545
1788096448,610619430,55.602,robot_1,3.631,-1.034
1788096448,610645740,55.602,robot_2,0.883,-3.362
1788096448,824525001,55.816,robot_0,-4.000,-1.486
1788096448,824571632,55.816,robot_1,3.622,-1.094
1788096448,824589344,55.816,robot_2,0.828,-3.337
1788096449,24951581,56.016,robot_0,-3.991,-1.426
1788096449,25003679,56.016,robot_1,3.613,-1.153
1788096449,25017258,56.016,robot_2,0.774,-3.312
1788096449,244825454,56.236,robot_0,-3.980,-1.361
1788096449,244890595,56.236,robot_1,3.604,-1.218
1788096449,244917595,56.236,robot_2,0.714,-3.284
1788096449,464708678,56.456,robot_0,-3.969,-1.296
1788096449,464759099,56.456,robot_1,3.594,-1.284
1788096449,464769484,56.456,robot_2,0.654,-3.257
1788096449,684139517,56.675,robot_0,-3.959,-1.231
1788096449,684176803,56.676,robot_1,3.585,-1.349
1788096449,684188676,56.676,robot_2,0.594,-3.229
1788096449,884294600,56.876,robot_0,-3.949,-1.172
1788096449,884334095,56.876,robot_1,3.576,-1.408
1788096449,884346763,56.876,robot_2,0.539,-3.204
1788096450,84401246,57.076,robot_0,-3.939,-1.113
1788096450,84436047,57.076,robot_1,3.568,-1.468
1788096450,84447494,57.076,robot_2,0.485,-3.179
1788096450,304271047,57.296,robot_0,-3.929,-1.047
1788096450,304310194,57.296,robot_1,3.558,-1.533
1788096450,304321059,57.296,robot_2,0.425,-3.151
1788096450,504402210,57.496,robot_0,-3.919,-0.988
1788096450,504440035,57.496,robot_1,3.550,-1.592
1788096450,504451358,57.496,robot_2,0.370,-3.126
1788096450,705016747,57.696,robot_0,-3.910,-0.929
1788096450,705078419,57.696,robot_1,3.541,-1.652
1788096450,705103751,57.696,robot_2,0.316,-3.101
1788096450,914397908,57.906,robot_0,-3.899,-0.867
1788096450,914431952,57.906,robot_1,3.532,-1.714
1788096450,914443359,57.906,robot_2,0.259,-3.075
1788096451,114677502,58.106,robot_0,-3.890,-0.808
1788096451,114743669,58.106,robot_1,3.523,-1.773
1788096451,114770409,58.106,robot_2,0.204,-3.050
1788096451,315402704,58.307,robot_0,-3.881,-0.751
1788096451,315463148,58.307,robot_1,3.515,-1.830
1788096451,315488987,58.307,robot_2,0.152,-3.026
1788096451,515854333,58.507,robot_0,-3.871,-0.692
1788096451,515917455,58.507,robot_1,3.507,-1.889
1788096451,515942716,58.507,robot_2,0.098,-3.001
1788096451,735067308,58.726,robot_0,-3.860,-0.627
1788096451,735110817,58.726,robot_1,3.497,-1.955
1788096451,735122653,58.726,robot_2,0.038,-2.973
1788096451,954789762,58.946,robot_0,-3.850,-0.562
1788096451,954823933,58.946,robot_1,3.488,-2.020
1788096451,954836819,58.946,robot_2,-0.022,-2.945
1788096452,174724684,59.166,robot_0,-3.839,-0.497
1788096452,174761617,59.166,robot_1,3.478,-2.085
1788096452,174774400,59.166,robot_2,-0.082,-2.918
1788096452,384709384,59.376,robot_0,-3.829,-0.435
1788096452,384744465,59.376,robot_1,3.469,-2.148
1788096452,384756338,59.376,robot_2,-0.139,-2.891
1788096452,604453152,59.596,robot_0,-3.818,-0.369
1788096452,604487154,59.596,robot_1,3.460,-2.213
1788096452,604499072,59.596,robot_2,-0.199,-2.864
1788096452,804719192,59.796,robot_0,-3.809,-0.310
1788096452,804774133,59.796,robot_1,3.451,-2.272
1788096452,804783919,59.796,robot_2,-0.254,-2.839
1788096453,5185495,59.997,robot_0,-3.799,-0.251
1788096453,5257724,59.997,robot_1,3.442,-2.332
1788096453,5278344,59.997,robot_2,-0.308,-2.814
1788096453,224852757,60.216,robot_0,-3.789,-0.186
1788096453,224891636,60.216,robot_1,3.433,-2.397
1788096453,224905180,60.216,robot_2,-0.368,-2.786
1788096453,435485101,60.427,robot_0,-3.778,-0.124
1788096453,435540620,60.427,robot_1,3.424,-2.459
1788096453,435558873,60.427,robot_2,-0.425,-2.760
1788096453,654848758,60.646,robot_0,-3.768,-0.058
1788096453,654885277,60.646,robot_1,3.414,-2.525
1788096453,654896023,60.646,robot_2,-0.485,-2.732
1788096453,855062808,60.846,robot_0,-3.758,0.001
1788096453,855101085,60.846,robot_1,3.406,-2.584
1788096453,855111531,60.846,robot_2,-0.540,-2.707
1788096454,74585617,61.066,robot_0,-3.748,0.066
1788096454,74620038,61.066,robot_1,3.396,-2.649
1788096454,74632094,61.066,robot_2,-0.600,-2.679
1788096454,275116704,61.266,robot_0,-3.738,0.125
1788096454,275153281,61.266,robot_1,3.388,-2.709
1788096454,275165983,61.266,robot_2,-0.654,-2.654
1788096454,475212043,61.467,robot_0,-3.728,0.184
1788096454,475247542,61.467,robot_1,3.379,-2.768
1788096454,475259195,61.467,robot_2,-0.709,-2.629
1788096454,694751886,61.686,robot_0,-3.718,0.249
1788096454,694788877,61.686,robot_1,3.370,-2.833
1788096454,694800892,61.686,robot_2,-0.769,-2.602
1788096454,905439007,61.897,robot_0,-3.707,0.312
1788096454,905476225,61.897,robot_1,3.361,-2.896
1788096454,905489137,61.897,robot_2,-0.826,-2.575
1788096455,124969015,62.116,robot_0,-3.697,0.377
1788096455,125007305,62.116,robot_1,3.351,-2.961
1788096455,125019871,62.116,robot_2,-0.886,-2.548
1788096455,344933238,62.336,robot_0,-3.686,0.442
1788096455,344996388,62.336,robot_1,3.342,-3.026
1788096455,345024360,62.336,robot_2,-0.946,-2.520
1788096455,545026142,62.536,robot_0,-3.677,0.501
1788096455,545077548,62.536,robot_1,3.333,-3.086
1788096455,545099534,62.536,robot_2,-1.000,-2.495
1788096455,764869976,62.756,robot_0,-3.666,0.566
1788096455,764906521,62.756,robot_1,3.324,-3.151
1788096455,764920909,62.756,robot_2,-1.060,-2.467
1788096455,984283164,62.976,robot_0,-3.655,0.631
1788096455,984328535,62.976,robot_1,3.314,-3.216
1788096455,984343309,62.976,robot_2,-1.120,-2.440
1788096456,185143494,63.176,robot_0,-3.646,0.691
1788096456,185211315,63.177,robot_1,3.306,-3.276
1788096456,185229700,63.177,robot_2,-1.175,-2.415
1788096456,395044409,63.386,robot_0,-3.636,0.753
1788096456,395102912,63.386,robot_1,3.297,-3.338
1788096456,395124331,63.386,robot_2,-1.232,-2.388
1788096456,595118603,63.586,robot_0,-3.626,0.812
1788096456,595170105,63.587,robot_1,3.288,-3.398
1788096456,595193869,63.587,robot_2,-1.286,-2.363
1788096456,815131622,63.806,robot_0,-3.615,0.877
1788096456,815186930,63.807,robot_1,3.278,-3.463
1788096456,815213501,63.807,robot_2,-1.346,-2.335
1788096457,15685133,64.007,robot_0,-3.606,0.936
1788096457,15729178,64.007,robot_1,3.270,-3.522
1788096457,15748992,64.007,robot_2,-1.401,-2.310
1788096457,248072703,64.239,robot_0,-3.595,1.002
1788096457,248127400,64.239,robot_1,3.260,-3.588
1788096457,248153408,64.239,robot_2,-1.461,-2.283
1788096457,467581932,64.459,robot_0,-3.585,1.067
1788096457,467614605,64.459,robot_1,3.251,-3.653
1788096457,467628115,64.459,robot_2,-1.521,-2.255
1788096457,686863041,64.678,robot_0,-3.574,1.132
1788096457,686896405,64.678,robot_1,3.241,-3.718
1788096457,686910259,64.678,robot_2,-1.580,-2.227
1788096457,897921384,64.889,robot_0,-3.564,1.194
1788096457,897998659,64.889,robot_1,3.232,-3.781
1788096457,898028347,64.889,robot_2,-1.638,-2.201
1788096458,117299330,65.109,robot_0,-3.553,1.259
1788096458,117338253,65.109,robot_1,3.223,-3.846
1788096458,117355955,65.109,robot_2,-1.698,-2.173
1788096458,337093002,65.328,robot_0,-3.543,1.324
1788096458,337125848,65.328,robot_1,3.214,-3.911
1788096458,337139279,65.328,robot_2,-1.758,-2.146
1788096458,537484677,65.529,robot_0,-3.533,1.384
1788096458,537539304,65.529,robot_1,3.205,-3.971
1788096458,537568295,65.529,robot_2,-1.812,-2.121
1788096458,738115783,65.729,robot_0,-3.523,1.443
1788096458,738168769,65.730,robot_1,3.196,-4.030
1788096458,738198337,65.730,robot_2,-1.867,-2.096
1788096458,957267027,65.949,robot_0,-3.513,1.508
1788096458,957299597,65.949,robot_1,3.187,-4.095
1788096458,957313625,65.949,robot_2,-1.927,-2.068
1788096459,157302373,66.149,robot_0,-3.503,1.567
1788096459,157343977,66.149,robot_1,3.178,-4.155
1788096459,157360260,66.149,robot_2,-1.981,-2.043
1788096459,377780510,66.369,robot_0,-3.492,1.632
1788096459,377814826,66.369,robot_1,3.169,-4.220
1788096459,377828461,66.369,robot_2,-2.041,-2.015
1788096459,596692283,66.588,robot_0,-3.482,1.697
1788096459,596731750,66.588,robot_1,3.166,-4.240
1788096459,596745218,66.588,robot_2,-2.101,-1.988
1788096459,807867541,66.799,robot_0,-3.472,1.760
1788096459,807909458,66.799,robot_1,3.166,-4.240
1788096459,807927851,66.799,robot_2,-2.158,-1.961
1788096460,27696906,67.019,robot_0,-3.461,1.825
1788096460,27755287,67.019,robot_1,3.166,-4.240
1788096460,27783840,67.019,robot_2,-2.218,-1.934
1788096460,228054201,67.219,robot_0,-3.451,1.884
1788096460,228119028,67.219,robot_1,3.167,-4.240
1788096460,228145830,67.219,robot_2,-2.273,-1.909
1788096460,446829323,67.438,robot_0,-3.441,1.949
1788096460,446871023,67.438,robot_1,3.167,-4.240
1788096460,446890235,67.438,robot_2,-2.333,-1.881
1788096460,646937750,67.638,robot_0,-3.431,2.008
1788096460,646972986,67.638,robot_1,3.167,-4.241
1788096460,646993125,67.638,robot_2,-2.387,-1.856
1788096460,859239990,67.851,robot_0,-3.422,2.068
1788096460,859296135,67.851,robot_1,3.167,-4.241
1788096460,859324388,67.851,robot_2,-2.442,-1.831
1788096461,79065063,68.070,robot_0,-3.411,2.133
1788096461,79099876,68.070,robot_1,3.167,-4.242
1788096461,79117095,68.070,robot_2,-2.501,-1.803
1788096461,290605658,68.282,robot_0,-3.401,2.192
1788096461,290642541,68.282,robot_1,3.167,-4.242
1788096461,290656883,68.282,robot_2,-2.556,-1.778
1788096461,491428348,68.483,robot_0,-3.392,2.251
1788096461,491478003,68.483,robot_1,3.153,-4.239
1788096461,491501515,68.483,robot_2,-2.610,-1.753
1788096461,710507815,68.702,robot_0,-3.381,2.316
1788096461,710539970,68.702,robot_1,3.091,-4.219
1788096461,710553151,68.702,robot_2,-2.670,-1.725
1788096461,910715632,68.902,robot_0,-3.371,2.375
1788096461,910746969,68.902,robot_1,3.034,-4.199
1788096461,910763006,68.902,robot_2,-2.725,-1.700
1788096462,111643012,69.103,robot_0,-3.362,2.435
1788096462,111696961,69.103,robot_1,2.978,-4.178
1788096462,111725107,69.103,robot_2,-2.779,-1.675
1788096462,321220875,69.313,robot_0,-3.352,2.497
1788096462,321307271,69.313,robot_1,2.919,-4.156
1788096462,321336697,69.313,robot_2,-2.837,-1.649
1788096462,521651832,69.513,robot_0,-3.342,2.556
1788096462,521711194,69.513,robot_1,2.862,-4.136
1788096462,521740386,69.513,robot_2,-2.891,-1.624
1788096462,741297069,69.733,robot_0,-3.331,2.621
1788096462,741332255,69.733,robot_1,2.800,-4.113
1788096462,741346358,69.733,robot_2,-2.951,-1.596
1788096462,953845281,69.945,robot_0,-3.322,2.680
1788096462,953902121,69.945,robot_1,2.744,-4.093
1788096462,953913474,69.945,robot_2,-3.006,-1.571
1788096463,154019505,70.145,robot_0,-3.312,2.740
1788096463,154072148,70.145,robot_1,2.688,-4.072
1788096463,154096586,70.145,robot_2,-3.060,-1.546
1788096463,364905614,70.356,robot_0,-3.302,2.799
1788096463,365034377,70.356,robot_1,2.631,-4.051
1788096463,365061559,70.356,robot_2,-3.115,-1.521
1788096463,584079135,70.575,robot_0,-3.292,2.864
1788096463,584124353,70.575,robot_1,2.569,-4.029
1788096463,584134672,70.575,robot_2,-3.174,-1.493
1788096463,784430042,70.776,robot_0,-3.282,2.923
1788096463,784465380,70.776,robot_1,2.513,-4.008
1788096463,784477029,70.776,robot_2,-3.229,-1.468
1788096463,984563584,70.976,robot_0,-3.273,2.980
1788096463,984596990,70.976,robot_1,2.459,-3.989
1788096463,984608741,70.976,robot_2,-3.281,-1.444
1788096464,184777272,71.176,robot_0,-3.263,3.039
1788096464,184815502,71.176,robot_1,2.403,-3.968
1788096464,184830286,71.176,robot_2,-3.335,-1.419
1788096464,396815219,71.388,robot_0,-3.254,3.098
1788096464,396846732,71.388,robot_1,2.347,-3.948
1788096464,396859749,71.388,robot_2,-3.390,-1.394
1788096464,597760902,71.589,robot_0,-3.244,3.157
1788096464,597816003,71.589,robot_1,2.290,-3.927
1788096464,597843580,71.589,robot_2,-3.444,-1.369
1788096464,818043252,71.809,robot_0,-3.233,3.222
1788096464,818110655,71.809,robot_1,2.228,-3.904
1788096464,818139467,71.809,robot_2,-3.504,-1.341
1788096465,37307254,72.029,robot_0,-3.223,3.287
1788096465,37365967,72.029,robot_1,2.166,-3.882
1788096465,37393323,72.029,robot_2,-3.564,-1.314
1788096465,256493493,72.248,robot_0,-3.212,3.353
1788096465,256531801,72.248,robot_1,2.104,-3.859
1788096465,256546345,72.248,robot_2,-3.624,-1.286
1788096465,466549946,72.458,robot_0,-3.202,3.415
1788096465,466586019,72.458,robot_1,2.045,-3.837
1788096465,466601054,72.458,robot_2,-3.681,-1.260
1788096465,667346841,72.659,robot_0,-3.192,3.474
1788096465,667383101,72.659,robot_1,1.989,-3.817
1788096465,667397174,72.659,robot_2,-3.736,-1.235
1788096465,886657276,72.878,robot_0,-3.182,3.539
1788096465,886693601,72.878,robot_1,1.927,-3.794
1788096465,886717060,72.878,robot_2,-3.796,-1.207
1788096466,86709664,73.078,robot_0,-3.172,3.598
1788096466,86761295,73.078,robot_1,1.870,-3.774
1788096466,86778230,73.078,robot_2,-3.850,-1.182
1788096466,306810604,73.298,robot_0,-3.162,3.663
1788096466,306882943,73.298,robot_1,1.808,-3.751
1788096466,306901949,73.298,robot_2,-3.910,-1.154
1788096466,518281317,73.510,robot_0,-3.152,3.723
1788096466,518329750,73.510,robot_1,1.752,-3.730
1788096466,518342234,73.510,robot_2,-3.965,-1.129
1788096466,737542185,73.729,robot_0,-3.141,3.788
1788096466,737576907,73.729,robot_1,1.690,-3.708
1788096466,737590113,73.729,robot_2,-4.025,-1.102
1788096466,949304795,73.941,robot_0,-3.132,3.847
1788096466,949344186,73.941,robot_1,1.634,-3.687
1788096466,949355701,73.941,robot_2,-4.079,-1.076
1788096467,150101614,74.141,robot_0,-3.122,3.906
1788096467,150137319,74.141,robot_1,1.577,-3.667
1788096467,150149320,74.141,robot_2,-4.134,-1.051
1788096467,370152300,74.361,robot_0,-3.111,3.971
1788096467,370194541,74.362,robot_1,1.515,-3.644
1788096467,370209125,74.362,robot_2,-4.149,-1.044
1788096467,570473750,74.562,robot_0,-3.102,4.031
1788096467,570534132,74.562,robot_1,1.459,-3.623
1788096467,570556890,74.562,robot_2,-4.149,-1.044
1788096467,789436968,74.781,robot_0,-3.091,4.096
1788096467,789473047,74.781,robot_1,1.397,-3.601
1788096467,789483353,74.781,robot_2,-4.149,-1.045
1788096467,994791422,74.986,robot_0,-3.083,4.143
1788096467,994832521,74.986,robot_1,1.343,-3.581
1788096467,994846501,74.986,robot_2,-4.150,-1.045
1788096468,196293246,75.188,robot_0,-3.083,4.145
1788096468,196350512,75.188,robot_1,1.287,-3.561
1788096468,196373239,75.188,robot_2,-4.150,-1.045
1788096468,415646800,75.407,robot_0,-3.084,4.145
1788096468,415707551,75.407,robot_1,1.225,-3.538
1788096468,415733032,75.407,robot_2,-4.150,-1.045
1788096468,635468646,75.627,robot_0,-3.084,4.146
1788096468,635515484,75.627,robot_1,1.163,-3.515
1788096468,635530810,75.627,robot_2,-4.151,-1.037
1788096468,855459846,75.847,robot_0,-3.085,4.146
1788096468,855498026,75.847,robot_1,1.101,-3.493
1788096468,855510637,75.847,robot_2,-4.147,-0.974
1788096469,65437968,76.057,robot_0,-3.085,4.146
1788096469,65508908,76.057,robot_1,1.042,-3.471
1788096469,65536212,76.057,robot_2,-4.140,-0.912
1788096469,285597777,76.277,robot_0,-3.085,4.147
1788096469,285656315,76.277,robot_1,0.980,-3.449
1788096469,285681905,76.277,robot_2,-4.132,-0.846
1788096469,505567631,76.497,robot_0,-3.085,4.148
1788096469,505614976,76.497,robot_1,0.918,-3.426
1788096469,505634195,76.497,robot_2,-4.125,-0.780
1788096469,725222281,76.717,robot_0,-3.085,4.148
1788096469,725263868,76.717,robot_1,0.856,-3.403
1788096469,725278997,76.717,robot_2,-4.117,-0.715
1788096469,935854230,76.927,robot_0,-3.085,4.148
1788096469,935912691,76.927,robot_1,0.797,-3.382
1788096469,935936868,76.927,robot_2,-4.110,-0.652
1788096470,155874937,77.147,robot_0,-3.035,4.132
1788096470,155929126,77.147,robot_1,0.735,-3.359
1788096470,155952911,77.147,robot_2,-4.102,-0.587
1788096470,375511800,77.367,robot_0,-2.976,4.109
1788096470,375558182,77.367,robot_1,0.675,-3.337
1788096470,375570994,77.367,robot_2,-4.095,-0.524
1788096470,575749402,77.567,robot_0,-2.918,4.084
1788096470,575783996,77.567,robot_1,0.616,-3.316
1788096470,575795600,77.567,robot_2,-4.088,-0.462
1788096470,795140635,77.786,robot_0,-2.857,4.059
1788096470,795178247,77.787,robot_1,0.554,-3.293
1788096470,795189824,77.787,robot_2,-4.080,-0.396
1788096470,996000774,77.987,robot_0,-2.807,4.038
1788096470,996053896,77.987,robot_1,0.504,-3.275
1788096470,996078935,77.987,robot_2,-4.074,-0.342
1788096471,215256838,78.207,robot_0,-2.746,4.013
1788096471,215304272,78.207,robot_1,0.442,-3.252
1788096471,215320816,78.207,robot_2,-4.066,-0.277
1788096471,416054829,78.407,robot_0,-2.697,3.992
1788096471,416102698,78.407,robot_1,0.391,-3.234
1788096471,416120440,78.407,robot_2,-4.060,-0.223
1788096471,635292470,78.627,robot_0,-2.636,3.967
1788096471,635322819,78.627,robot_1,0.329,-3.211
1788096471,635336589,78.627,robot_2,-4.052,-0.158
1788096471,835534867,78.827,robot_0,-2.580,3.944
1788096471,835587536,78.827,robot_1,0.272,-3.190
1788096471,835614493,78.827,robot_2,-4.045,-0.098
1788096472,45699684,79.037,robot_0,-2.522,3.919
1788096472,45739452,79.037,robot_1,0.213,-3.169
1788096472,45765829,79.037,robot_2,-4.038,-0.035
1788096472,265281919,79.257,robot_0,-2.461,3.894
1788096472,265311208,79.257,robot_1,0.151,-3.146
1788096472,265324306,79.257,robot_2,-4.030,0.030
1788096472,469352076,79.461,robot_0,-2.409,3.872
1788096472,469380702,79.461,robot_1,0.098,-3.127
1788096472,469392832,79.461,robot_2,-4.024,0.087
1788096472,689448912,79.681,robot_0,-2.348,3.847
1788096472,689490914,79.681,robot_1,0.036,-3.104
1788096472,689502780,79.681,robot_2,-4.016,0.152
1788096472,890056782,79.881,robot_0,-2.292,3.824
1788096472,890131511,79.881,robot_1,-0.021,-3.083
1788096472,890154885,79.881,robot_2,-4.009,0.212
1788096473,110761432,80.102,robot_0,-2.234,3.800
1788096473,110815236,80.102,robot_1,-0.080,-3.062
1788096473,110842101,80.102,robot_2,-4.002,0.274
1788096473,310775536,80.302,robot_0,-2.179,3.776
1788096473,310814447,80.302,robot_1,-0.136,-3.041
1788096473,310830007,80.302,robot_2,-3.995,0.334
1788096473,523260624,80.515,robot_0,-2.123,3.753
1788096473,523294075,80.515,robot_1,-0.192,-3.021
1788096473,523306282,80.515,robot_2,-3.988,0.394
1788096473,723519641,80.715,robot_0,-2.068,3.730
1788096473,723550604,80.715,robot_1,-0.249,-3.000
1788096473,723563078,80.715,robot_2,-3.981,0.453
1788096473,944769128,80.936,robot_0,-2.010,3.706
1788096473,944801660,80.936,robot_1,-0.308,-2.978
1788096473,944814253,80.936,robot_2,-3.974,0.516
1788096474,164886780,81.156,robot_0,-1.949,3.681
1788096474,164921865,81.156,robot_1,-0.370,-2.956
1788096474,164933216,81.156,robot_2,-3.966,0.581
1788096474,364896982,81.356,robot_0,-1.893,3.658
1788096474,364936551,81.356,robot_1,-0.426,-2.935
1788096474,364949477,81.356,robot_2,-3.959,0.641
1788096474,583748361,81.575,robot_0,-1.838,3.635
1788096474,583782148,81.575,robot_1,-0.483,-2.915
1788096474,583796090,81.575,robot_2,-3.952,0.701
1788096474,804274542,81.796,robot_0,-1.777,3.609
1788096474,804314232,81.796,robot_1,-0.545,-2.892
1788096474,804325247,81.796,robot_2,-3.945,0.766
1788096475,6198195,81.998,robot_0,-1.724,3.587
1788096475,6255169,81.998,robot_1,-0.598,-2.872
1788096475,6280855,81.998,robot_2,-3.938,0.823
1788096475,225328282,82.217,robot_0,-1.664,3.562
1788096475,225369454,82.217,robot_1,-0.660,-2.850
1788096475,225388736,82.217,robot_2,-3.930,0.888
1788096475,445591197,82.437,robot_0,-1.603,3.537
1788096475,445626010,82.437,robot_1,-0.722,-2.827
1788096475,445640962,82.437,robot_2,-3.923,0.954
1788096475,646365485,82.638,robot_0,-1.550,3.515
1788096475,646399468,82.638,robot_1,-0.776,-2.808
1788096475,646413572,82.638,robot_2,-3.916,1.010
1788096475,866853384,82.858,robot_0,-1.489,3.489
1788096475,866886914,82.858,robot_1,-0.838,-2.785
1788096475,866905073,82.858,robot_2,-3.908,1.076
1788096476,67600207,83.059,robot_0,-1.434,3.466
1788096476,67656483,83.059,robot_1,-0.894,-2.764
1788096476,67688173,83.059,robot_2,-3.901,1.136
1788096476,286688023,83.278,robot_0,-1.373,3.441
1788096476,286737859,83.278,robot_1,-0.956,-2.742
1788096476,286765405,83.278,robot_2,-3.894,1.201
1788096476,487215438,83.479,robot_0,-1.317,3.418
1788096476,487298827,83.479,robot_1,-1.013,-2.721
1788096476,487324924,83.479,robot_2,-3.887,1.261
1788096476,706683649,83.698,robot_0,-1.256,3.392
1788096476,706736017,83.698,robot_1,-1.075,-2.699
1788096476,706756593,83.698,robot_2,-3.879,1.326
1788096476,926103420,83.917,robot_0,-1.195,3.367
1788096476,926141173,83.917,robot_1,-1.137,-2.676
1788096476,926154555,83.917,robot_2,-3.872,1.392
1788096477,127159881,84.119,robot_0,-1.140,3.344
1788096477,127206706,84.119,robot_1,-1.193,-2.655
1788096477,127218445,84.119,robot_2,-3.865,1.451
1788096477,327259230,84.319,robot_0,-1.085,3.321
1788096477,327315194,84.319,robot_1,-1.249,-2.635
1788096477,327338874,84.319,robot_2,-3.858,1.511
1788096477,536474236,84.528,robot_0,-1.029,3.298
1788096477,536506166,84.528,robot_1,-1.306,-2.614
1788096477,536516787,84.528,robot_2,-3.851,1.571
1788096477,737306554,84.729,robot_0,-0.974,3.275
1788096477,737341854,84.729,robot_1,-1.362,-2.594
1788096477,737351957,84.729,robot_2,-3.844,1.630
1788096477,956638143,84.948,robot_0,-0.913,3.249
1788096477,956673999,84.948,robot_1,-1.424,-2.571
1788096477,956684906,84.948,robot_2,-3.836,1.696
1788096478,167302861,85.159,robot_0,-0.855,3.225
1788096478,167347193,85.159,robot_1,-1.483,-2.549
1788096478,167367856,85.159,robot_2,-3.829,1.758
1788096478,367447537,85.359,robot_0,-0.799,3.202
1788096478,367479725,85.359,robot_1,-1.540,-2.529
1788096478,367489464,85.359,robot_2,-3.822,1.818
1788096478,587225100,85.579,robot_0,-0.739,3.177
1788096478,587280294,85.579,robot_1,-1.602,-2.506
1788096478,587301976,85.579,robot_2,-3.814,1.884
1788096478,806409435,85.798,robot_0,-0.678,3.151
1788096478,806443318,85.798,robot_1,-1.664,-2.484
1788096478,806453929,85.798,robot_2,-3.807,1.949
1788096479,6614768,85.998,robot_0,-0.622,3.128
1788096479,6649350,85.998,robot_1,-1.720,-2.463
1788096479,6662731,85.998,robot_2,-3.800,2.009
1788096479,207099703,86.198,robot_0,-0.567,3.105
1788096479,207128999,86.198,robot_1,-1.776,-2.442
1788096479,207139608,86.198,robot_2,-3.793,2.068
1788096479,427277343,86.419,robot_0,-0.506,3.080
1788096479,427333200,86.419,robot_1,-1.838,-2.420
1788096479,427357952,86.419,robot_2,-3.785,2.134
1788096479,646994039,86.638,robot_0,-0.445,3.055
1788096479,647024938,86.638,robot_1,-1.900,-2.397
1788096479,647035947,86.638,robot_2,-3.778,2.199
1788096479,867157116,86.859,robot_0,-0.384,3.029
1788096479,867204015,86.859,robot_1,-1.962,-2.374
1788096479,867225957,86.859,robot_2,-3.770,2.265
1788096480,77310792,87.069,robot_0,-0.326,3.005
1788096480,77343608,87.069,robot_1,-2.021,-2.353
1788096480,77356340,87.069,robot_2,-3.763,2.328
1788096480,296719492,87.288,robot_0,-0.265,2.980
1788096480,296764611,87.288,robot_1,-2.083,-2.330
1788096480,296784028,87.288,robot_2,-3.755,2.393
1788096480,502965847,87.494,robot_0,-0.210,2.957
1788096480,503009666,87.494,robot_1,-2.140,-2.310
1788096480,503026169,87.494,robot_2,-3.748,2.453
1788096480,707386829,87.699,robot_0,-0.151,2.932
1788096480,707421803,87.699,robot_1,-2.199,-2.288
1788096480,707434992,87.699,robot_2,-3.741,2.515
1788096480,927566787,87.919,robot_0,-0.090,2.907
1788096480,927623289,87.919,robot_1,-2.261,-2.265
1788096480,927649805,87.919,robot_2,-3.733,2.581
1788096481,127612434,88.119,robot_0,-0.035,2.884
1788096481,127673521,88.119,robot_1,-2.317,-2.245
1788096481,127701393,88.119,robot_2,-3.726,2.640
1788096481,347729012,88.339,robot_0,0.026,2.859
1788096481,347789711,88.339,robot_1,-2.379,-2.222
1788096481,347814680,88.339,robot_2,-3.719,2.706
1788096481,567407412,88.559,robot_0,0.087,2.833
1788096481,567441242,88.559,robot_1,-2.441,-2.200
1788096481,567452272,88.559,robot_2,-3.711,2.772
1788096481,786432006,88.778,robot_0,0.148,2.808
1788096481,786480899,88.778,robot_1,-2.503,-2.177
1788096481,786495721,88.778,robot_2,-3.703,2.837
1788096481,986992854,88.978,robot_0,0.203,2.785
1788096481,987053733,88.978,robot_1,-2.560,-2.156
1788096481,987077800,88.978,robot_2,-3.696,2.897
1788096482,187206211,89.179,robot_0,0.259,2.762
1788096482,187257468,89.179,robot_1,-2.616,-2.136
1788096482,187273640,89.179,robot_2,-3.689,2.956
1788096482,406684486,89.398,robot_0,0.319,2.736
1788096482,406719227,89.398,robot_1,-2.678,-2.113
1788096482,406731456,89.398,robot_2,-3.682,3.022
1788096482,606881534,89.598,robot_0,0.375,2.713
1788096482,606927223,89.598,robot_1,-2.734,-2.093
1788096482,606952227,89.598,robot_2,-3.675,3.081
1788096482,826637827,89.818,robot_0,0.436,2.688
1788096482,826690480,89.818,robot_1,-2.796,-2.070
1788096482,826711567,89.818,robot_2,-3.667,3.147
1788096483,36821223,90.028,robot_0,0.494,2.664
1788096483,36865603,90.028,robot_1,-2.856,-2.048
1788096483,36881924,90.028,robot_2,-3.660,3.210
1788096483,256638734,90.248,robot_0,0.555,2.638
1788096483,256667513,90.248,robot_1,-2.918,-2.026
1788096483,256680829,90.248,robot_2,-3.652,3.275
1788096483,456862796,90.448,robot_0,0.610,2.615
1788096483,456900164,90.448,robot_1,-2.974,-2.005
1788096483,456918379,90.448,robot_2,-3.645,3.335
1788096483,656969038,90.648,robot_0,0.666,2.592
1788096483,657097099,90.648,robot_1,-3.030,-1.985
1788096483,657125756,90.648,robot_2,-3.638,3.394
1788096483,857172199,90.849,robot_0,0.721,2.569
1788096483,857226004,90.849,robot_1,-3.087,-1.964
1788096483,857253459,90.849,robot_2,-3.631,3.454
1788096484,66974449,91.058,robot_0,0.779,2.545
1788096484,67013253,91.058,robot_1,-3.146,-1.942
1788096484,67028264,91.058,robot_2,-3.624,3.517
1788096484,287205895,91.279,robot_0,0.840,2.520
1788096484,287240732,91.279,robot_1,-3.208,-1.920
1788096484,287253752,91.279,robot_2,-3.616,3.582
1788096484,487316651,91.479,robot_0,0.896,2.496
1788096484,487371604,91.479,robot_1,-3.264,-1.899
1788096484,487398306,91.479,robot_2,-3.610,3.642
1788096484,707622223,91.699,robot_0,0.956,2.471
1788096484,707681382,91.699,robot_1,-3.326,-1.877
1788096484,707711331,91.699,robot_2,-3.602,3.707
1788096484,927369882,91.919,robot_0,1.017,2.446
1788096484,927431688,91.919,robot_1,-3.388,-1.854
1788096484,927456411,91.919,robot_2,-3.594,3.773
1788096485,146522761,92.138,robot_0,1.078,2.420
1788096485,146626053,92.138,robot_1,-3.450,-1.831
1788096485,146670491,92.138,robot_2,-3.587,3.838
1788096485,347049187,92.338,robot_0,1.134,2.397
1788096485,347087206,92.338,robot_1,-3.507,-1.811
1788096485,347102074,92.338,robot_2,-3.580,3.898
1788096485,547315611,92.539,robot_0,1.189,2.374
1788096485,547351518,92.539,robot_1,-3.563,-1.790
1788096485,547363065,92.539,robot_2,-3.573,3.958
1788096485,767421150,92.759,robot_0,1.250,2.349
1788096485,767471505,92.759,robot_1,-3.625,-1.767
1788096485,767481853,92.759,robot_2,-3.565,4.023
1788096485,986646651,92.978,robot_0,1.311,2.324
1788096485,986685464,92.978,robot_1,-3.687,-1.745
1788096485,986697892,92.978,robot_2,-3.557,4.089
1788096486,186650662,93.178,robot_0,1.366,2.300
1788096486,186682251,93.178,robot_1,-3.743,-1.724
1788096486,186695708,93.178,robot_2,-3.551,4.148
1788096486,387064871,93.378,robot_0,1.422,2.277
1788096486,387105769,93.378,robot_1,-3.800,-1.704
1788096486,387126512,93.378,robot_2,-3.544,4.208
1788096486,587257692,93.579,robot_0,1.477,2.254
1788096486,587305744,93.579,robot_1,-3.856,-1.683
1788096486,587328289,93.579,robot_2,-3.537,4.266
1788096486,806609770,93.798,robot_0,1.538,2.229
1788096486,806641003,93.798,robot_1,-3.918,-1.660
1788096486,806655353,93.798,robot_2,-3.536,4.275
1788096487,7651875,93.999,robot_0,1.593,2.206
1788096487,7702970,93.999,robot_1,-3.974,-1.640
1788096487,7727981,93.999,robot_2,-3.536,4.275
1788096487,227202226,94.219,robot_0,1.654,2.181
1788096487,227242666,94.219,robot_1,-4.036,-1.617
1788096487,227257946,94.219,robot_2,-3.536,4.276
1788096487,428078143,94.419,robot_0,1.710,2.157
1788096487,428162970,94.420,robot_1,-4.093,-1.597
1788096487,428188930,94.420,robot_2,-3.537,4.276
1788096487,647636902,94.639,robot_0,1.771,2.132
1788096487,647693770,94.639,robot_1,-4.155,-1.574
1788096487,647718062,94.639,robot_2,-3.537,4.276
1788096487,867012677,94.858,robot_0,1.832,2.107
1788096487,867074419,94.858,robot_1,-4.208,-1.554
1788096487,867100272,94.858,robot_2,-3.537,4.277
1788096488,67335394,95.059,robot_0,1.887,2.084
1788096488,67392024,95.059,robot_1,-4.210,-1.554
1788096488,67416867,95.059,robot_2,-3.537,4.277
1788096488,286500559,95.278,robot_0,1.948,2.058
1788096488,286534433,95.278,robot_1,-4.210,-1.554
1788096488,286546035,95.278,robot_2,-3.537,4.277
1788096488,507104165,95.498,robot_0,2.009,2.033
1788096488,507135976,95.498,robot_1,-4.211,-1.554
1788096488,507149224,95.498,robot_2,-3.537,4.278
1788096488,710741485,95.702,robot_0,2.061,2.011
1788096488,710778188,95.702,robot_1,-4.211,-1.555
1788096488,710790835,95.702,robot_2,-3.537,4.278
1788096488,929648188,95.921,robot_0,2.122,1.986
1788096488,929680999,95.921,robot_1,-4.211,-1.555
1788096488,929693967,95.921,robot_2,-3.505,4.264
1788096489,143857738,96.135,robot_0,2.178,1.963
1788096489,143896371,96.135,robot_1,-4.212,-1.555
1788096489,143910677,96.135,robot_2,-3.452,4.236
1788096489,363825318,96.355,robot_0,2.239,1.937
1788096489,363860258,96.355,robot_1,-4.212,-1.555
1788096489,363871668,96.355,robot_2,-3.394,4.204
1788096489,564291496,96.556,robot_0,2.291,1.915
1788096489,564325458,96.556,robot_1,-4.212,-1.555
1788096489,564337949,96.556,robot_2,-3.345,4.176
1788096489,784275800,96.776,robot_0,2.352,1.890
1788096489,784306104,96.776,robot_1,-4.201,-1.515
1788096489,784317034,96.776,robot_2,-3.287,4.143
1788096490,4147185,96.995,robot_0,2.413,1.865
1788096490,4177963,96.996,robot_1,-4.178,-1.453
1788096490,4188722,96.996,robot_2,-3.230,4.111
1788096490,217508118,97.209,robot_0,2.469,1.842
1788096490,217539137,97.209,robot_1,-4.157,-1.397
1788096490,217549872,97.209,robot_2,-3.177,4.082
1788096490,417749907,97.409,robot_0,2.524,1.818
1788096490,417784566,97.409,robot_1,-4.135,-1.341
1788096490,417800157,97.409,robot_2,-3.125,4.052
1788096490,624501388,97.616,robot_0,2.577,1.797
1788096490,624554980,97.616,robot_1,-4.115,-1.288
1788096490,624584045,97.616,robot_2,-3.075,4.025
1788096490,844596800,97.836,robot_0,2.638,1.771
1788096490,844653071,97.836,robot_1,-4.091,-1.227
1788096490,844680822,97.836,robot_2,-3.018,3.992
1788096491,76456444,98.068,robot_0,2.698,1.746
1788096491,76496566,98.068,robot_1,-4.068,-1.165
1788096491,76524395,98.068,robot_2,-2.960,3.960
1788096491,296667856,98.288,robot_0,2.759,1.720
1788096491,296708089,98.288,robot_1,-4.044,-1.103
1788096491,296724556,98.288,robot_2,-2.902,3.928
1788096491,516317948,98.508,robot_0,2.820,1.695
1788096491,516357906,98.508,robot_1,-4.020,-1.042
1788096491,516376671,98.508,robot_2,-2.845,3.895
1788096491,716751455,98.708,robot_0,2.876,1.672
1788096491,716784951,98.708,robot_1,-3.999,-0.986
1788096491,716799664,98.708,robot_2,-2.793,3.866
1788096491,936077476,98.927,robot_0,2.937,1.647
1788096491,936109020,98.927,robot_1,-3.975,-0.924
1788096491,936123388,98.927,robot_2,-2.735,3.834
1788096492,147198594,99.139,robot_0,2.992,1.624
1788096492,147230406,99.139,robot_1,-3.953,-0.868
1788096492,147243648,99.139,robot_2,-2.683,3.804
1788096492,347588615,99.339,robot_0,3.047,1.601
1788096492,347622077,99.339,robot_1,-3.932,-0.812
1788096492,347635665,99.339,robot_2,-2.630,3.775
1788096492,567864127,99.559,robot_0,3.108,1.575
1788096492,567894421,99.559,robot_1,-3.908,-0.751
1788096492,567908304,99.559,robot_2,-2.573,3.743
1788096492,787152249,99.778,robot_0,3.169,1.550
1788096492,787182599,99.779,robot_1,-3.884,-0.689
1788096492,787195511,99.779,robot_2,-2.515,3.711
1788096492,987217995,99.979,robot_0,3.225,1.527
1788096492,987250722,99.979,robot_1,-3.863,-0.633
1788096492,987263019,99.979,robot_2,-2.463,3.681
1788096493,187459706,100.179,robot_0,3.280,1.504
1788096493,187494853,100.179,robot_1,-3.841,-0.577
1788096493,187509059,100.179,robot_2,-2.410,3.652
1788096493,387674191,100.379,robot_0,3.335,1.481
1788096493,387709511,100.379,robot_1,-3.820,-0.521
1788096493,387724854,100.379,robot_2,-2.358,3.623
1788096493,587884276,100.579,robot_0,3.391,1.458
1788096493,587932875,100.579,robot_1,-3.798,-0.465
1788096493,587958188,100.579,robot_2,-2.306,3.593
1788096493,788404194,100.780,robot_0,3.446,1.434
1788096493,788440550,100.780,robot_1,-3.777,-0.409
1788096493,788457056,100.780,robot_2,-2.253,3.564
1788096494,7921418,100.999,robot_0,3.507,1.409
1788096494,7976267,100.999,robot_1,-3.753,-0.347
1788096494,8013964,100.999,robot_2,-2.196,3.532
1788096494,218030536,101.209,robot_0,3.563,1.386
1788096494,218059905,101.209,robot_1,-3.731,-0.291
1788096494,218078207,101.209,robot_2,-2.144,3.502
1788096494,418650033,101.410,robot_0,3.618,1.363
1788096494,418702605,101.410,robot_1,-3.710,-0.235
1788096494,418732167,101.410,robot_2,-2.091,3.473
1788096494,629291596,101.621,robot_0,3.673,1.340
1788096494,629350278,101.621,robot_1,-3.688,-0.179
1788096494,629378054,101.621,robot_2,-2.039,3.444
1788096494,848903737,101.840,robot_0,3.734,1.315
1788096494,848938486,101.840,robot_1,-3.665,-0.118
1788096494,848951565,101.840,robot_2,-1.981,3.411
1788096495,49124352,102.040,robot_0,3.790,1.291
1788096495,49180767,102.041,robot_1,-3.643,-0.062
1788096495,49208304,102.041,robot_2,-1.929,3.382
1788096495,269433405,102.261,robot_0,3.851,1.266
1788096495,269464886,102.261,robot_1,-3.619,-0.000
1788096495,269476643,102.261,robot_2,-1.871,3.350
1788096495,489325882,102.481,robot_0,3.912,1.241
1788096495,489363769,102.481,robot_1,-3.596,0.061
1788096495,489375899,102.481,robot_2,-1.814,3.317
1788096495,698595130,102.690,robot_0,3.970,1.217
1788096495,698632743,102.690,robot_1,-3.573,0.120
1788096495,698647006,102.690,robot_2,-1.759,3.287
1788096495,899154124,102.890,robot_0,4.025,1.193
1788096495,899187296,102.891,robot_1,-3.552,0.176
1788096495,899198593,102.891,robot_2,-1.707,3.257
1788096496,129225717,103.121,robot_0,4.086,1.168
1788096496,129274053,103.121,robot_1,-3.528,0.238
1788096496,129291924,103.121,robot_2,-1.649,3.225
1788096496,349459092,103.341,robot_0,4.146,1.143
1788096496,349492865,103.341,robot_1,-3.504,0.299
1788096496,349503599,103.341,robot_2,-1.591,3.193
1788096496,549634834,103.541,robot_0,4.154,1.140
1788096496,549668145,103.541,robot_1,-3.483,0.355
1788096496,549679141,103.541,robot_2,-1.539,3.163
1788096496,769713249,103.761,robot_0,4.155,1.140
1788096496,769752023,103.761,robot_1,-3.459,0.417
1788096496,769765527,103.761,robot_2,-1.482,3.131
1788096496,988818458,103.980,robot_0,4.155,1.141
1788096496,988856526,103.980,robot_1,-3.435,0.479
1788096496,988868191,103.980,robot_2,-1.424,3.099
1788096497,188959578,104.180,robot_0,4.155,1.141
1788096497,189006271,104.180,robot_1,-3.414,0.535
1788096497,189021628,104.180,robot_2,-1.372,3.069
1788096497,389453288,104.381,robot_0,4.156,1.141
1788096497,389505083,104.381,robot_1,-3.392,0.591
1788096497,389516566,104.381,robot_2,-1.319,3.040
1788096497,609777598,104.601,robot_0,4.156,1.141
1788096497,609814123,104.601,robot_1,-3.369,0.652
1788096497,609826825,104.601,robot_2,-1.262,3.008
1788096497,828949150,104.820,robot_0,4.157,1.126
1788096497,828999240,104.820,robot_1,-3.345,0.714
1788096497,829032095,104.820,robot_2,-1.204,2.976
1788096498,29000737,105.020,robot_0,4.155,1.067
1788096498,29056171,105.020,robot_1,-3.323,0.770
1788096498,29072747,105.020,robot_2,-1.152,2.946
1788096498,249383756,105.241,robot_0,4.149,1.001
1788096498,249432698,105.241,robot_1,-3.300,0.831
1788096498,249474375,105.241,robot_2,-1.094,2.914
1788096498,469218800,105.461,robot_0,4.143,0.936
1788096498,469255243,105.461,robot_1,-3.276,0.893
1788096498,469270096,105.461,robot_2,-1.037,2.882
1788096498,669365242,105.661,robot_0,4.138,0.876
1788096498,669403269,105.661,robot_1,-3.254,0.949
1788096498,669417529,105.661,robot_2,-0.984,2.852
1788096498,869561328,105.861,robot_0,4.133,0.816
1788096498,869595622,105.861,robot_1,-3.233,1.005
1788096498,869610438,105.861,robot_2,-0.932,2.823
1788096499,89155523,106.080,robot_0,4.127,0.750
1788096499,89192771,106.081,robot_1,-3.209,1.067
1788096499,89207082,106.081,robot_2,-0.874,2.791
1788096499,289489449,106.281,robot_0,4.122,0.690
1788096499,289536486,106.281,robot_1,-3.188,1.123
1788096499,289557007,106.281,robot_2,-0.822,2.761
1788096499,509252830,106.501,robot_0,4.116,0.625
1788096499,509286701,106.501,robot_1,-3.164,1.184
1788096499,509301125,106.501,robot_2,-0.765,2.729
1788096499,719826632,106.711,robot_0,4.111,0.562
1788096499,719890527,106.711,robot_1,-3.141,1.243
1788096499,719918691,106.711,robot_2,-0.710,2.698
1788096499,939721575,106.931,robot_0,4.105,0.496
1788096499,939765135,106.931,robot_1,-3.118,1.305
1788096499,939785025,106.931,robot_2,-0.652,2.666
1788096500,159966008,107.151,robot_0,4.099,0.430
1788096500,160026944,107.151,robot_1,-3.094,1.366
1788096500,160052350,107.151,robot_2,-0.594,2.634
1788096500,378841104,107.370,robot_0,4.093,0.365
1788096500,378878120,107.370,robot_1,-3.070,1.428
1788096500,378891277,107.370,robot_2,-0.537,2.601
1788096500,578889816,107.570,robot_0,4.088,0.305
1788096500,578926850,107.570,robot_1,-3.049,1.484
1788096500,578939657,107.570,robot_2,-0.485,2.572
1788096500,793659914,107.785,robot_0,4.083,0.245
1788096500,793722005,107.785,robot_1,-3.027,1.540
1788096500,793748052,107.785,robot_2,-0.432,2.543
1788096501,13496066,108.005,robot_0,4.077,0.179
1788096501,13532601,108.005,robot_1,-3.003,1.601
1788096501,13545374,108.005,robot_2,-0.375,2.510
1788096501,227642870,108.219,robot_0,4.072,0.120
1788096501,227680625,108.219,robot_1,-2.982,1.657
1788096501,227695333,108.219,robot_2,-0.322,2.481
1788096501,428023892,108.419,robot_0,4.066,0.060
1788096501,428085905,108.419,robot_1,-2.960,1.713
1788096501,428115665,108.419,robot_2,-0.270,2.452
1788096501,647686808,108.639,robot_0,4.061,-0.006
1788096501,647726122,108.639,robot_1,-2.937,1.775
1788096501,647739403,108.639,robot_2,-0.212,2.419
1788096501,867181243,108.859,robot_0,4.055,-0.072
1788096501,867212053,108.859,robot_1,-2.913,1.837
1788096501,867225548,108.859,robot_2,-0.155,2.387
1788096502,67600101,109.059,robot_0,4.050,-0.131
1788096502,67634822,109.059,robot_1,-2.891,1.893
1788096502,67647687,109.059,robot_2,-0.103,2.358
1788096502,278151905,109.270,robot_0,4.044,-0.194
1788096502,278209542,109.270,robot_1,-2.869,1.951
1788096502,278237103,109.270,robot_2,-0.048,2.327
1788096502,478863005,109.470,robot_0,4.039,-0.254
1788096502,478924076,109.470,robot_1,-2.847,2.007
1788096502,478952116,109.470,robot_2,0.005,2.298
1788096502,697906119,109.689,robot_0,4.033,-0.320
1788096502,697969778,109.689,robot_1,-2.824,2.069
1788096502,698003518,109.689,robot_2,0.062,2.265
1788096502,917751372,109.909,robot_0,4.027,-0.385
1788096502,917789458,109.909,robot_1,-2.800,2.131
1788096502,917804120,109.909,robot_2,0.120,2.233
1788096503,137576453,110.129,robot_0,4.021,-0.451
1788096503,137640601,110.129,robot_1,-2.776,2.192
1788096503,137669785,110.129,robot_2,0.177,2.201
1788096503,347598711,110.339,robot_0,4.016,-0.514
1788096503,347652745,110.339,robot_1,-2.754,2.251
1788096503,347679443,110.339,robot_2,0.232,2.170
1788096503,548051055,110.539,robot_0,4.011,-0.574
1788096503,548118626,110.539,robot_1,-2.732,2.307
1788096503,548154749,110.539,robot_2,0.285,2.141
1788096503,768293167,110.760,robot_0,4.005,-0.639
1788096503,768345991,110.760,robot_1,-2.708,2.369
1788096503,768370910,110.760,robot_2,0.342,2.108
1788096503,987452956,110.979,robot_0,3.999,-0.705
1788096503,987507462,110.979,robot_1,-2.685,2.430
1788096503,987532347,110.979,robot_2,0.400,2.076
1788096504,199365550,111.191,robot_0,3.994,-0.765
1788096504,199402571,111.191,robot_1,-2.663,2.486
1788096504,199414557,111.191,robot_2,0.452,2.047
1788096504,399590450,111.391,robot_0,3.989,-0.825
1788096504,399626547,111.391,robot_1,-2.642,2.542
1788096504,399638985,111.391,robot_2,0.505,2.017
1788096504,618643375,111.610,robot_0,3.983,-0.890
1788096504,618678732,111.610,robot_1,-2.618,2.604
1788096504,618689780,111.610,robot_2,0.562,1.985
1788096504,829298250,111.821,robot_0,3.977,-0.953
1788096504,829333913,111.821,robot_1,-2.595,2.663
1788096504,829346170,111.821,robot_2,0.617,1.954
1788096505,48594592,112.040,robot_0,3.971,-1.019
1788096505,48635060,112.040,robot_1,-2.571,2.724
1788096505,48646992,112.040,robot_2,0.675,1.922
1788096505,248851505,112.240,robot_0,3.966,-1.079
1788096505,248887365,112.240,robot_1,-2.550,2.780
1788096505,248899971,112.240,robot_2,0.727,1.893
1788096505,469211756,112.461,robot_0,3.960,-1.144
1788096505,469261564,112.461,robot_1,-2.526,2.842
1788096505,469286867,112.461,robot_2,0.785,1.860
1788096505,689127013,112.680,robot_0,3.955,-1.210
1788096505,689165721,112.681,robot_1,-2.503,2.903
1788096505,689178879,112.681,robot_2,0.842,1.828
1788096505,889233079,112.881,robot_0,3.949,-1.270
1788096505,889269606,112.881,robot_1,-2.481,2.959
1788096505,889281752,112.881,robot_2,0.894,1.799
1788096506,109176255,113.101,robot_0,3.944,-1.336
1788096506,109208572,113.101,robot_1,-2.457,3.021
1788096506,109219752,113.101,robot_2,0.952,1.767
1788096506,329162442,113.321,robot_0,3.938,-1.401
1788096506,329206554,113.321,robot_1,-2.434,3.083
1788096506,329223733,113.321,robot_2,1.010,1.734
1788096506,549168410,113.541,robot_0,3.932,-1.467
1788096506,549204037,113.541,robot_1,-2.410,3.144
1788096506,549216248,113.541,robot_2,1.067,1.702
1788096506,749512078,113.741,robot_0,3.927,-1.527
1788096506,749573663,113.741,robot_1,-2.388,3.200
1788096506,749598545,113.741,robot_2,1.120,1.673
1788096506,968750561,113.960,robot_0,3.921,-1.593
1788096506,968784548,113.960,robot_1,-2.365,3.262
1788096506,968797934,113.960,robot_2,1.177,1.640
1788096507,169033127,114.160,robot_0,3.916,-1.649
1788096507,169081030,114.160,robot_1,-2.344,3.315
1788096507,169095339,114.160,robot_2,1.227,1.612
1788096507,389021743,114.380,robot_0,3.910,-1.718
1788096507,389059875,114.380,robot_1,-2.319,3.379
1788096507,389073543,114.380,robot_2,1.287,1.579
1788096507,589471021,114.581,robot_0,3.905,-1.778
1788096507,589526877,114.581,robot_1,-2.298,3.435
1788096507,589549089,114.581,robot_2,1.339,1.549
1788096507,809168220,114.801,robot_0,3.899,-1.844
1788096507,809208216,114.801,robot_1,-2.274,3.497
1788096507,809221439,114.801,robot_2,1.397,1.517
1788096508,9676233,115.001,robot_0,3.894,-1.903
1788096508,9737528,115.001,robot_1,-2.253,3.553
1788096508,9767162,115.001,robot_2,1.449,1.488
1788096508,229465493,115.221,robot_0,3.888,-1.969
1788096508,229534223,115.221,robot_1,-2.229,3.615
1788096508,229563075,115.221,robot_2,1.507,1.456
1788096508,429614626,115.421,robot_0,3.883,-2.029
1788096508,429649479,115.421,robot_1,-2.207,3.671
1788096508,429662384,115.421,robot_2,1.559,1.426
1788096508,648613233,115.640,robot_0,3.877,-2.095
1788096508,648649703,115.640,robot_1,-2.184,3.732
1788096508,648663120,115.640,robot_2,1.617,1.394
1788096508,868612504,115.860,robot_0,3.871,-2.160
1788096508,868649295,115.860,robot_1,-2.160,3.794
1788096508,868662443,115.860,robot_2,1.674,1.362
1788096509,69511310,116.061,robot_0,3.866,-2.220
1788096509,69545734,116.061,robot_1,-2.139,3.850
1788096509,69558297,116.061,robot_2,1.727,1.332
1788096509,290255843,116.282,robot_0,3.860,-2.286
1788096509,290305619,116.282,robot_1,-2.115,3.911
1788096509,290328876,116.282,robot_2,1.784,1.300
1788096509,490714588,116.482,robot_0,3.855,-2.346
1788096509,490777024,116.482,robot_1,-2.093,3.967
1788096509,490804464,116.482,robot_2,1.837,1.271
1788096509,702491480,116.694,robot_0,3.849,-2.406
1788096509,702536751,116.694,robot_1,-2.072,4.023
1788096509,702557570,116.694,robot_2,1.889,1.241
1788096509,902530782,116.894,robot_0,3.844,-2.465
1788096509,902604558,116.894,robot_1,-2.050,4.079
1788096509,902645734,116.894,robot_2,1.941,1.212
1788096510,122030304,117.113,robot_0,3.838,-2.531
1788096510,122087940,117.113,robot_1,-2.035,4.118
1788096510,122108014,117.113,robot_2,1.999,1.180
1788096510,342532518,117.334,robot_0,3.833,-2.597
1788096510,342586190,117.334,robot_1,-2.036,4.118
1788096510,342612093,117.334,robot_2,2.056,1.147
1788096510,562363570,117.554,robot_0,3.827,-2.663
1788096510,562423179,117.554,robot_1,-2.036,4.118
1788096510,562451518,117.554,robot_2,2.114,1.115
1788096510,763375150,117.755,robot_0,3.822,-2.719
1788096510,763456392,117.755,robot_1,-2.036,4.118
1788096510,763480875,117.755,robot_2,2.164,1.087
1788096510,963410112,117.955,robot_0,3.816,-2.779
1788096510,963466228,117.955,robot_1,-2.036,4.119
1788096510,963492516,117.955,robot_2,2.216,1.058
1788096511,194476537,118.186,robot_0,3.811,-2.845
1788096511,194535347,118.186,robot_1,-2.037,4.119
1788096511,194563067,118.186,robot_2,2.274,1.026
1788096511,394748077,118.386,robot_0,3.805,-2.905
1788096511,394804528,118.386,robot_1,-2.037,4.119
1788096511,394831383,118.386,robot_2,2.326,0.996
1788096511,614416635,118.606,robot_0,3.800,-2.970
1788096511,614477243,118.606,robot_1,-2.037,4.120
1788096511,614512074,118.606,robot_2,2.383,0.964
1788096511,833863219,118.825,robot_0,3.794,-3.036
1788096511,833897833,118.825,robot_1,-2.033,4.119
1788096511,833912417,118.825,robot_2,2.441,0.932
1788096512,53747021,119.045,robot_0,3.788,-3.102
1788096512,53781187,119.045,robot_1,-1.978,4.100
1788096512,53794223,119.045,robot_2,2.499,0.899
1788096512,271425917,119.263,robot_0,3.783,-3.162
1788096512,271462516,119.263,robot_1,-1.922,4.077
1788096512,271477378,119.263,robot_2,2.551,0.870
1788096512,491463878,119.483,robot_0,3.777,-3.227
1788096512,491500600,119.483,robot_1,-1.862,4.051
1788096512,491514423,119.483,robot_2,2.608,0.838
1788096512,691782038,119.683,robot_0,3.772,-3.287
1788096512,691838188,119.683,robot_1,-1.806,4.027
1788096512,691865479,119.683,robot_2,2.661,0.808
1788096512,911401242,119.903,robot_0,3.766,-3.350
1788096512,911446216,119.903,robot_1,-1.748,4.003
1788096512,911467838,119.903,robot_2,2.716,0.778
1788096513,111640248,120.103,robot_0,3.761,-3.410
1788096513,111687425,120.103,robot_1,-1.693,3.979
1788096513,111701296,120.103,robot_2,2.768,0.748
1788096513,327924536,120.319,robot_0,3.756,-3.469
1788096513,327961036,120.319,robot_1,-1.638,3.956
1788096513,327973157,120.319,robot_2,2.820,0.719
1788096513,528169237,120.520,robot_0,3.750,-3.529
1788096513,528202984,120.520,robot_1,-1.583,3.932
1788096513,528214922,120.520,robot_2,2.873,0.690
1788096513,728873771,120.720,robot_0,3.745,-3.589
1788096513,728929956,120.720,robot_1,-1.528,3.909
1788096513,728954369,120.720,robot_2,2.925,0.660
1788096513,933000998,120.924,robot_0,3.740,-3.646
1788096513,933037844,120.924,robot_1,-1.475,3.886
1788096513,933051716,120.924,robot_2,2.975,0.632
1788096514,133553483,121.125,robot_0,3.735,-3.706
1788096514,133587619,121.125,robot_1,-1.420,3.863
1788096514,133600265,121.125,robot_2,3.027,0.603
1788096514,349433116,121.341,robot_0,3.730,-3.765
1788096514,349484062,121.341,robot_1,-1.365,3.839
1788096514,349495517,121.341,robot_2,3.079,0.574
1788096514,568801381,121.560,robot_0,3.724,-3.831
1788096514,568839532,121.560,robot_1,-1.304,3.814
1788096514,568866465,121.560,robot_2,3.137,0.541
1788096514,769876568,121.761,robot_0,3.719,-3.891
1788096514,769927340,121.761,robot_1,-1.249,3.790
1788096514,769942391,121.761,robot_2,3.189,0.512
1788096514,988789036,121.980,robot_0,3.713,-3.957
1788096514,988824558,121.980,robot_1,-1.188,3.764
1788096514,988839073,121.980,robot_2,3.247,0.480
1788096515,189146251,122.180,robot_0,3.708,-4.016
1788096515,189180293,122.181,robot_1,-1.133,3.741
1788096515,189194382,122.181,robot_2,3.299,0.450
1788096515,404515923,122.396,robot_0,3.702,-4.076
1788096515,404552193,122.396,robot_1,-1.078,3.717
1788096515,404566809,122.396,robot_2,3.352,0.421
1788096515,604513942,122.596,robot_0,3.697,-4.136
1788096515,604549039,122.596,robot_1,-1.022,3.694
1788096515,604563712,122.596,robot_2,3.404,0.392
1788096515,820192014,122.812,robot_0,3.692,-4.196
1788096515,820255284,122.812,robot_1,-0.967,3.670
1788096515,820293058,122.812,robot_2,3.456,0.362
1788096516,38787339,123.030,robot_0,3.686,-4.261
1788096516,38821341,123.030,robot_1,-0.907,3.644
1788096516,38834602,123.030,robot_2,3.514,0.330
1788096516,239175523,123.231,robot_0,3.685,-4.272
1788096516,239235587,123.231,robot_1,-0.851,3.621
1788096516,239261798,123.231,robot_2,3.566,0.301
1788096516,439574591,123.431,robot_0,3.685,-4.272
1788096516,439635809,123.431,robot_1,-0.796,3.597
1788096516,439661959,123.431,robot_2,3.619,0.272
1788096516,658816116,123.650,robot_0,3.686,-4.273
1788096516,658851727,123.650,robot_1,-0.735,3.572
1788096516,658864959,123.650,robot_2,3.676,0.239
1788096516,859103578,123.850,robot_0,3.686,-4.273
1788096516,859141579,123.850,robot_1,-0.680,3.548
1788096516,859155596,123.850,robot_2,3.728,0.210
1788096517,59729449,124.051,robot_0,3.687,-4.273
1788096517,59804187,124.051,robot_1,-0.625,3.525
1788096517,59828564,124.051,robot_2,3.781,0.181
1788096517,279001496,124.270,robot_0,3.687,-4.274
1788096517,279038366,124.270,robot_1,-0.564,3.499
1788096517,279049245,124.270,robot_2,3.838,0.148
1788096517,492248341,124.484,robot_0,3.687,-4.274
1788096517,492304389,124.484,robot_1,-0.509,3.475
1788096517,492327125,124.484,robot_2,3.891,0.119
1788096517,692397901,124.684,robot_0,3.687,-4.275
1788096517,692455120,124.684,robot_1,-0.454,3.452
1788096517,692479278,124.684,robot_2,3.943,0.090
1788096517,902203284,124.894,robot_0,3.687,-4.275
1788096517,902269075,124.894,robot_1,-0.396,3.427
1788096517,902298593,124.894,robot_2,3.998,0.059
1788096518,102396345,125.094,robot_0,3.677,-4.274
1788096518,102455719,125.094,robot_1,-0.341,3.404
1788096518,102479695,125.094,robot_2,4.050,0.029
1788096518,321757254,125.313,robot_0,3.615,-4.258
1788096518,321791256,125.313,robot_1,-0.280,3.378
1788096518,321804316,125.313,robot_2,4.078,0.014
1788096518,522250019,125.514,robot_0,3.558,-4.240
1788096518,522294429,125.514,robot_1,-0.225,3.354
1788096518,522313719,125.514,robot_2,4.078,0.014
1788096518,742606231,125.734,robot_0,3.495,-4.221
1788096518,742662434,125.734,robot_1,-0.164,3.328
1788096518,742689527,125.734,robot_2,4.079,0.014
1788096518,942650520,125.934,robot_0,3.438,-4.203
1788096518,942701316,125.934,robot_1,-0.109,3.305
1788096518,942728826,125.934,robot_2,4.079,0.014
1788096519,143102481,126.134,robot_0,3.380,-4.185
1788096519,143165862,126.135,robot_1,-0.054,3.281
1788096519,143201784,126.135,robot_2,4.079,0.015
1788096519,362302944,126.354,robot_0,3.317,-4.165
1788096519,362340326,126.354,robot_1,0.007,3.256
1788096519,362356196,126.354,robot_2,4.080,0.015
1788096519,582125267,126.573,robot_0,3.254,-4.145
1788096519,582164823,126.574,robot_1,0.068,3.230
1788096519,582179858,126.574,robot_2,4.080,0.013
1788096519,782249457,126.774,robot_0,3.197,-4.127
1788096519,782286363,126.774,robot_1,0.123,3.206
1788096519,782300207,126.774,robot_2,4.074,-0.035
1788096519,993475995,126.985,robot_0,3.140,-4.110
1788096519,993514391,126.985,robot_1,0.178,3.183
1788096519,993529837,126.985,robot_2,4.062,-0.094
1788096520,193722877,127.185,robot_0,3.083,-4.092
1788096520,193756317,127.185,robot_1,0.233,3.159
1788096520,193768939,127.185,robot_2,4.050,-0.153
1788096520,404184688,127.396,robot_0,3.023,-4.073
1788096520,404219954,127.396,robot_1,0.291,3.135
1788096520,404234097,127.396,robot_2,4.037,-0.215
1788096520,604341431,127.596,robot_0,2.965,-4.055
1788096520,604397982,127.596,robot_1,0.347,3.111
1788096520,604425209,127.596,robot_2,4.025,-0.273
1788096520,804647156,127.796,robot_0,2.908,-4.037
1788096520,804705382,127.796,robot_1,0.402,3.088
1788096520,804730432,127.796,robot_2,4.013,-0.332
1788096521,22495254,128.014,robot_0,2.851,-4.019
1788096521,22552934,128.014,robot_1,0.457,3.064
1788096521,22577586,128.014,robot_2,4.001,-0.391
1788096521,241811509,128.233,robot_0,2.788,-4.000
1788096521,241858608,128.233,robot_1,0.518,3.038
1788096521,241873692,128.233,robot_2,3.987,-0.455
1788096521,445990656,128.437,robot_0,2.736,-3.983
1788096521,446052112,128.437,robot_1,0.568,3.017
1788096521,446076904,128.437,robot_2,3.977,-0.508
1788096521,665079350,128.656,robot_0,2.673,-3.964
1788096521,665116117,128.656,robot_1,0.628,2.991
1788096521,665128980,128.656,robot_2,3.963,-0.573
1788096521,865118684,128.856,robot_0,2.616,-3.946
1788096521,865153110,128.856,robot_1,0.683,2.968
1788096521,865167327,128.857,robot_2,3.951,-0.632
1788096522,76648077,129.068,robot_0,2.559,-3.928
1788096522,76689459,129.068,robot_1,0.739,2.944
1788096522,76709445,129.068,robot_2,3.939,-0.690
1788096522,277042715,129.268,robot_0,2.501,-3.910
1788096522,277077087,129.268,robot_1,0.794,2.921
1788096522,277092978,129.268,robot_2,3.927,-0.749
1788096522,477223938,129.469,robot_0,2.444,-3.892
1788096522,477258121,129.469,robot_1,0.849,2.897
1788096522,477273355,129.469,robot_2,3.914,-0.808
1788096522,696778221,129.688,robot_0,2.381,-3.872
1788096522,696815348,129.688,robot_1,0.910,2.871
1788096522,696830738,129.688,robot_2,3.901,-0.873
1788096522,916650477,129.908,robot_0,2.318,-3.853
1788096522,916715245,129.908,robot_1,0.971,2.846
1788096522,916744067,129.908,robot_2,3.888,-0.937
1788096523,136831166,130.128,robot_0,2.255,-3.833
1788096523,136880735,130.128,robot_1,1.031,2.820
1788096523,136898383,130.128,robot_2,3.874,-1.002
1788096523,357201178,130.349,robot_0,2.192,-3.813
1788096523,357255467,130.349,robot_1,1.092,2.794
1788096523,357283148,130.349,robot_2,3.861,-1.066
1788096523,557337752,130.549,robot_0,2.135,-3.795
1788096523,557374566,130.549,robot_1,1.147,2.770
1788096523,557388286,130.549,robot_2,3.849,-1.125
1788096523,776129418,130.767,robot_0,2.072,-3.776
1788096523,776165262,130.768,robot_1,1.208,2.744
1788096523,776182375,130.768,robot_2,3.835,-1.190
1788096523,993184963,130.985,robot_0,2.015,-3.758
1788096523,993219572,130.985,robot_1,1.263,2.721
1788096523,993233501,130.985,robot_2,3.823,-1.249
1788096524,193472142,131.185,robot_0,1.957,-3.740
1788096524,193511520,131.185,robot_1,1.318,2.697
1788096524,193527153,131.185,robot_2,3.811,-1.307
1788096524,408700221,131.400,robot_0,1.900,-3.722
1788096524,408743598,131.400,robot_1,1.374,2.674
1788096524,408756320,131.400,robot_2,3.799,-1.366
1788096524,628369475,131.620,robot_0,1.837,-3.702
1788096524,628435999,131.620,robot_1,1.434,2.648
1788096524,628460956,131.620,robot_2,3.785,-1.431
1788096524,828390224,131.820,robot_0,1.780,-3.685
1788096524,828454497,131.820,robot_1,1.489,2.625
1788096524,828477886,131.820,robot_2,3.773,-1.489
1788096525,28793521,132.020,robot_0,1.723,-3.667
1788096525,28860421,132.020,robot_1,1.545,2.601
1788096525,28883987,132.020,robot_2,3.761,-1.548
1788096525,228933444,132.220,robot_0,1.665,-3.649
1788096525,229030110,132.220,robot_1,1.600,2.578
1788096525,229087040,132.220,robot_2,3.749,-1.607
1788096525,442683555,132.434,robot_0,1.608,-3.631
1788096525,442719302,132.434,robot_1,1.655,2.554
1788096525,442732710,132.434,robot_2,3.737,-1.666
1788096525,662435634,132.654,robot_0,1.545,-3.611
1788096525,662468193,132.654,robot_1,1.716,2.528
1788096525,662480939,132.654,robot_2,3.723,-1.730
1788096525,882194059,132.874,robot_0,1.482,-3.591
1788096525,882230710,132.874,robot_1,1.777,2.502
1788096525,882246585,132.874,robot_2,3.710,-1.795
1788096526,103078148,133.094,robot_0,1.419,-3.572
1788096526,103126733,133.094,robot_1,1.837,2.477
1788096526,103151562,133.094,robot_2,3.697,-1.860
1788096526,322917969,133.314,robot_0,1.356,-3.552
1788096526,322973051,133.314,robot_1,1.898,2.451
1788096526,323005453,133.314,robot_2,3.683,-1.924
1788096526,523218871,133.515,robot_0,1.302,-3.535
1788096526,523280750,133.515,robot_1,1.950,2.428
1788096526,523306357,133.515,robot_2,3.672,-1.980
1788096526,742459078,133.734,robot_0,1.239,-3.515
1788096526,742492460,133.734,robot_1,2.011,2.403
1788096526,742504600,133.734,robot_2,3.658,-2.045
1788096526,948949350,133.940,robot_0,1.181,-3.497
1788096526,949021588,133.940,robot_1,2.066,2.379
1788096526,949046704,133.940,robot_2,3.646,-2.103
1788096527,153903920,134.145,robot_0,1.121,-3.479
1788096527,153945960,134.145,robot_1,2.124,2.354
1788096527,153960512,134.145,robot_2,3.633,-2.165
1788096527,372543491,134.364,robot_0,1.058,-3.459
1788096527,372576718,134.364,robot_1,2.185,2.329
1788096527,372590078,134.364,robot_2,3.620,-2.230
1788096527,585289494,134.577,robot_0,1.001,-3.441
1788096527,585327264,134.577,robot_1,2.240,2.305
1788096527,585342248,134.577,robot_2,3.608,-2.288
1788096527,785471334,134.777,robot_0,0.944,-3.423
1788096527,785530606,134.777,robot_1,2.296,2.282
1788096527,785557558,134.777,robot_2,3.596,-2.347
1788096527,995286051,134.987,robot_0,0.884,-3.404
1788096527,995322374,134.987,robot_1,2.353,2.257
1788096527,995337795,134.987,robot_2,3.583,-2.409
1788096528,195607116,135.187,robot_0,0.826,-3.387
1788096528,195667282,135.187,robot_1,2.409,2.233
1788096528,195691679,135.187,robot_2,3.571,-2.468
1788096528,415809584,135.407,robot_0,0.763,-3.367
1788096528,415865518,135.407,robot_1,2.469,2.208
1788096528,415890145,135.407,robot_2,3.557,-2.532
1788096528,635567368,135.627,robot_0,0.700,-3.347
1788096528,635604996,135.627,robot_1,2.530,2.182
1788096528,635617519,135.627,robot_2,3.544,-2.597
1788096528,855459476,135.847,robot_0,0.637,-3.327
1788096528,855493390,135.847,robot_1,2.591,2.156
1788096528,855505837,135.847,robot_2,3.530,-2.662
1788096529,55705003,136.047,robot_0,0.580,-3.310
1788096529,55748319,136.047,robot_1,2.646,2.132
1788096529,55763089,136.047,robot_2,3.518,-2.720
1788096529,275461603,136.267,robot_0,0.517,-3.290
1788096529,275496663,136.267,robot_1,2.707,2.107
1788096529,275512246,136.267,robot_2,3.505,-2.785
1788096529,485685893,136.477,robot_0,0.457,-3.271
1788096529,485747615,136.477,robot_1,2.765,2.082
1788096529,485776249,136.477,robot_2,3.492,-2.847
1788096529,705084092,136.696,robot_0,0.394,-3.251
1788096529,705119623,136.696,robot_1,2.826,2.056
1788096529,705133070,136.696,robot_2,3.479,-2.911
1788096529,925618731,136.917,robot_0,0.331,-3.232
1788096529,925659107,136.917,robot_1,2.886,2.030
1788096529,925675879,136.917,robot_2,3.465,-2.976
1788096530,145135851,137.136,robot_0,0.268,-3.212
1788096530,145176134,137.137,robot_1,2.947,2.004
1788096530,145189411,137.137,robot_2,3.452,-3.041
1788096530,365836476,137.357,robot_0,0.205,-3.192
1788096530,365904174,137.357,robot_1,3.008,1.979
1788096530,365938771,137.357,robot_2,3.439,-3.105
1788096530,575879102,137.567,robot_0,0.148,-3.174
1788096530,575914772,137.567,robot_1,3.063,1.955
1788096530,575929492,137.567,robot_2,3.426,-3.164
1788096530,776271671,137.768,robot_0,0.090,-3.157
1788096530,776310142,137.768,robot_1,3.118,1.932
1788096530,776325156,137.768,robot_2,3.414,-3.223
1788096530,986536477,137.978,robot_0,0.030,-3.138
1788096530,986574889,137.978,robot_1,3.176,1.907
1788096530,986590708,137.978,robot_2,3.401,-3.284
1788096531,186631083,138.178,robot_0,-0.027,-3.120
1788096531,186667307,138.178,robot_1,3.231,1.883
1788096531,186681851,138.178,robot_2,3.389,-3.343
1788096531,406458501,138.398,robot_0,-0.090,-3.100
1788096531,406516138,138.398,robot_1,3.292,1.858
1788096531,406547040,138.398,robot_2,3.376,-3.408
1788096531,606512925,138.598,robot_0,-0.147,-3.082
1788096531,606572583,138.598,robot_1,3.347,1.834
1788096531,606598660,138.598,robot_2,3.364,-3.466
1788096531,825863976,138.817,robot_0,-0.210,-3.063
1788096531,825901442,138.817,robot_1,3.408,1.808
1788096531,825914473,138.817,robot_2,3.350,-3.531
1788096532,26566699,139.018,robot_0,-0.268,-3.045
1788096532,26622621,139.018,robot_1,3.463,1.785
1788096532,26646631,139.018,robot_2,3.338,-3.590
1788096532,226687237,139.218,robot_0,-0.325,-3.027
1788096532,226741966,139.218,robot_1,3.518,1.761
1788096532,226765078,139.218,robot_2,3.326,-3.649
1788096532,445906340,139.437,robot_0,-0.388,-3.007
1788096532,445938621,139.437,robot_1,3.579,1.735
1788096532,445949623,139.437,robot_2,3.313,-3.713
1788096532,645975165,139.637,robot_0,-0.445,-2.989
1788096532,646012941,139.637,robot_1,3.634,1.712
1788096532,646024365,139.637,robot_2,3.300,-3.772
1788096532,846912350,139.838,robot_0,-0.502,-2.971
1788096532,846969445,139.838,robot_1,3.690,1.688
1788096532,847003769,139.838,robot_2,3.288,-3.831
1788096533,56306817,140.048,robot_0,-0.562,-2.953
1788096533,56343193,140.048,robot_1,3.747,1.664
1788096533,56357325,140.048,robot_2,3.275,-3.892
1788096533,256429466,140.248,robot_0,-0.620,-2.935
1788096533,256461891,140.248,robot_1,3.803,1.640
1788096533,256475113,140.248,robot_2,3.263,-3.951
1788096533,476245272,140.468,robot_0,-0.683,-2.915
1788096533,476282042,140.468,robot_1,3.863,1.614
1788096533,476295207,140.468,robot_2,3.250,-4.016
1788096533,695893586,140.687,robot_0,-0.746,-2.895
1788096533,695929604,140.687,robot_1,3.924,1.588
1788096533,695941767,140.687,robot_2,3.236,-4.080
1788096533,915869058,140.907,robot_0,-0.809,-2.876
1788096533,915904504,140.907,robot_1,3.985,1.563
1788096533,915917605,140.907,robot_2,3.223,-4.145
1788096534,126425700,141.118,robot_0,-0.869,-2.857
1788096534,126468737,141.118,robot_1,4.020,1.548
1788096534,126486465,141.118,robot_2,3.210,-4.207
1788096534,346123117,141.337,robot_0,-0.932,-2.837
1788096534,346161220,141.337,robot_1,4.020,1.548
1788096534,346174142,141.338,robot_2,3.205,-4.232
1788096534,551650335,141.543,robot_0,-0.986,-2.820
1788096534,551710633,141.543,robot_1,4.020,1.548
1788096534,551737027,141.543,robot_2,3.205,-4.232
1788096534,751882506,141.743,robot_0,-1.044,-2.802
1788096534,751939111,141.743,robot_1,4.020,1.548
1788096534,751963916,141.743,robot_2,3.206,-4.232
1788096534,971861168,141.963,robot_0,-1.107,-2.782
1788096534,971924117,141.963,robot_1,4.021,1.549
1788096534,971949486,141.963,robot_2,3.206,-4.233
1788096535,190480531,142.182,robot_0,-1.170,-2.763
1788096535,190515492,142.182,robot_1,4.021,1.549
1788096535,190527616,142.182,robot_2,3.206,-4.233
1788096535,390946876,142.382,robot_0,-1.227,-2.745
1788096535,391010119,142.382,robot_1,4.029,1.505
1788096535,391036376,142.382,robot_2,3.206,-4.233
1788096535,600881753,142.592,robot_0,-1.287,-2.726
1788096535,600918886,142.592,robot_1,4.037,1.443
1788096535,600930915,142.592,robot_2,3.206,-4.234
1788096535,801478903,142.793,robot_0,-1.344,-2.708
1788096535,801538883,142.793,robot_1,4.043,1.383
1788096535,801563520,142.793,robot_2,3.206,-4.234
1788096536,20817433,143.012,robot_0,-1.407,-2.689
1788096536,20870570,143.012,robot_1,4.050,1.317
1788096536,20895214,143.012,robot_2,3.206,-4.234
1788096536,240986840,143.232,robot_0,-1.470,-2.669
1788096536,241022457,143.232,robot_1,4.056,1.252
1788096536,241037314,143.232,robot_2,3.196,-4.232
1788096536,460764236,143.452,robot_0,-1.533,-2.649
1788096536,460799083,143.452,robot_1,4.063,1.186
1788096536,460811965,143.452,robot_2,3.137,-4.209
1788096536,670813146,143.662,robot_0,-1.593,-2.630
1788096536,670844418,143.662,robot_1,4.070,1.123
1788096536,670859622,143.662,robot_2,3.079,-4.183
1788096536,890749373,143.882,robot_0,-1.656,-2.611
1788096536,890782793,143.882,robot_1,4.076,1.058
1788096536,890796922,143.882,robot_2,3.019,-4.156
1788096537,110577781,144.102,robot_0,-1.719,-2.591
1788096537,110612445,144.102,robot_1,4.083,0.992
1788096537,110626600,144.102,robot_2,2.959,-4.130
1788096537,330926608,144.322,robot_0,-1.782,-2.571
1788096537,330963287,144.322,robot_1,4.090,0.926
1788096537,330977154,144.322,robot_2,2.898,-4.103
1788096537,541001993,144.532,robot_0,-1.840,-2.553
1788096537,541046625,144.532,robot_1,4.096,0.867
1788096537,541069285,144.532,robot_2,2.844,-4.078
1788096537,761344101,144.753,robot_0,-1.903,-2.534
1788096537,761379138,144.753,robot_1,4.103,0.801
1788096537,761393428,144.753,robot_2,2.783,-4.051
1788096537,962532427,144.954,robot_0,-1.960,-2.516
1788096537,962590357,144.954,robot_1,4.109,0.741
1788096537,962618986,144.954,robot_2,2.729,-4.027
1788096538,173520921,145.165,robot_0,-2.017,-2.498
1788096538,173553437,145.165,robot_1,4.115,0.682
1788096538,173568324,145.165,robot_2,2.674,-4.002
1788096538,374273763,145.366,robot_0,-2.074,-2.480
1788096538,374317040,145.366,robot_1,4.121,0.622
1788096538,374335786,145.366,robot_2,2.619,-3.978
1788096538,584300471,145.576,robot_0,-2.134,-2.461
1788096538,584364834,145.576,robot_1,4.127,0.559
1788096538,584393396,145.576,robot_2,2.561,-3.952
1788096538,804074042,145.795,robot_0,-2.197,-2.442
1788096538,804135169,145.795,robot_1,4.134,0.494
1788096538,804161074,145.796,robot_2,2.501,-3.926
1788096539,22530387,146.014,robot_0,-2.258,-2.423
1788096539,22610414,146.014,robot_1,4.141,0.431
1788096539,22647552,146.014,robot_2,2.444,-3.900
1788096539,223539377,146.215,robot_0,-2.318,-2.404
1788096539,223571318,146.215,robot_1,4.147,0.368
1788096539,223583198,146.215,robot_2,2.386,-3.874
1788096539,423737802,146.415,robot_0,-2.375,-2.386
1788096539,423769034,146.415,robot_1,4.153,0.309
1788096539,423783674,146.415,robot_2,2.331,-3.850
1788096539,634129949,146.625,robot_0,-2.432,-2.368
1788096539,634163938,146.626,robot_1,4.159,0.249
1788096539,634181646,146.626,robot_2,2.276,-3.825
1788096539,834854953,146.826,robot_0,-2.490,-2.350
1788096539,834886808,146.826,robot_1,4.165,0.189
1788096539,834901330,146.826,robot_2,2.222,-3.801
1788096540,45164640,147.037,robot_0,-2.547,-2.332
1788096540,45217607,147.037,robot_1,4.172,0.130
1788096540,45244552,147.037,robot_2,2.167,-3.776
1788096540,264493993,147.256,robot_0,-2.610,-2.313
1788096540,264527926,147.256,robot_1,4.178,0.064
1788096540,264541636,147.256,robot_2,2.107,-3.750
1788096540,464984213,147.456,robot_0,-2.667,-2.295
1788096540,465018116,147.456,robot_1,4.184,0.004
1788096540,465031007,147.456,robot_2,2.052,-3.725
1788096540,666759249,147.658,robot_0,-2.721,-2.278
1788096540,666813752,147.658,robot_1,4.190,-0.052
1788096540,666840149,147.658,robot_2,2.000,-3.702
1788096540,866919060,147.858,robot_0,-2.779,-2.260
1788096540,866985468,147.858,robot_1,4.196,-0.112
1788096540,867017290,147.858,robot_2,1.945,-3.678
1788096541,78672412,148.070,robot_0,-2.836,-2.242
1788096541,78728924,148.070,robot_1,4.203,-0.172
1788096541,78755163,148.070,robot_2,1.890,-3.653
1788096541,297269965,148.289,robot_0,-2.899,-2.222
1788096541,297303420,148.289,robot_1,4.209,-0.237
1788096541,297317266,148.289,robot_2,1.830,-3.626
1788096541,497422505,148.489,robot_0,-2.956,-2.204
1788096541,497456382,148.489,robot_1,4.215,-0.297
1788096541,497469419,148.489,robot_2,1.775,-3.602
1788096541,697471046,148.689,robot_0,-3.014,-2.186
1788096541,697506268,148.689,robot_1,4.222,-0.357
1788096541,697519595,148.689,robot_2,1.720,-3.577
1788096541,897655084,148.889,robot_0,-3.071,-2.169
1788096541,897699912,148.889,robot_1,4.228,-0.416
1788096541,897717112,148.889,robot_2,1.665,-3.553
1788096542,108426610,149.100,robot_0,-3.131,-2.150
1788096542,108485940,149.100,robot_1,4.234,-0.479
1788096542,108512080,149.100,robot_2,1.608,-3.527
1788096542,327199258,149.319,robot_0,-3.194,-2.130
1788096542,327234532,149.319,robot_1,4.241,-0.545
1788096542,327247365,149.319,robot_2,1.548,-3.500
1788096542,527831642,149.519,robot_0,-3.251,-2.112
1788096542,527874061,149.519,robot_1,4.247,-0.604
1788096542,527888826,149.519,robot_2,1.493,-3.476
1788096542,727865164,149.719,robot_0,-3.308,-2.094
1788096542,727901543,149.719,robot_1,4.253,-0.662
1788096542,727916508,149.719,robot_2,1.438,-3.452
1788096542,927966282,149.919,robot_0,-3.366,-2.076
1788096542,928005798,149.919,robot_1,4.254,-0.669
1788096542,928020500,149.919,robot_2,1.383,-3.427
1788096543,137355482,150.129,robot_0,-3.426,-2.058
1788096543,137392249,150.129,robot_1,4.253,-0.673
1788096543,137407016,150.129,robot_2,1.326,-3.401
1788096543,337352112,150.329,robot_0,-3.483,-2.040
1788096543,337387044,150.329,robot_1,4.243,-0.724
1788096543,337401702,150.329,robot_2,1.271,-3.377
1788096543,557442301,150.549,robot_0,-3.546,-2.020
1788096543,557474523,150.549,robot_1,4.227,-0.788
1788096543,557488733,150.549,robot_2,1.211,-3.350
1788096543,777883684,150.769,robot_0,-3.609,-2.000
1788096543,777934874,150.769,robot_1,4.210,-0.852
1788096543,777962931,150.769,robot_2,1.150,-3.323
1788096543,997219884,150.989,robot_0,-3.672,-1.981
1788096543,997256478,150.989,robot_1,4.193,-0.916
1788096543,997269562,150.989,robot_2,1.090,-3.296
1788096544,207223893,151.199,robot_0,-3.732,-1.962
1788096544,207265589,151.199,robot_1,4.176,-0.977
1788096544,207288572,151.199,robot_2,1.032,-3.271
1788096544,407745936,151.399,robot_0,-3.790,-1.944
1788096544,407779095,151.399,robot_1,4.161,-1.035
1788096544,407792124,151.399,robot_2,0.978,-3.246
1788096544,609799953,151.601,robot_0,-3.844,-1.927
1788096544,609835638,151.601,robot_1,4.146,-1.090
1788096544,609849319,151.601,robot_2,0.926,-3.223
1788096544,810726912,151.802,robot_0,-3.901,-1.909
1788096544,810785993,151.802,robot_1,4.130,-1.148
1788096544,810812749,151.802,robot_2,0.871,-3.199
1788096545,30132673,152.021,robot_0,-3.964,-1.889
1788096545,30189240,152.022,robot_1,4.113,-1.211
1788096545,30216872,152.022,robot_2,0.811,-3.172
1788096545,249604780,152.241,robot_0,-4.027,-1.870
1788096545,249652937,152.241,robot_1,4.096,-1.275
1788096545,249674134,152.241,robot_2,0.750,-3.145
1788096545,469374466,152.461,robot_0,-4.090,-1.850
1788096545,469405131,152.461,robot_1,4.079,-1.339
1788096545,469418602,152.461,robot_2,0.690,-3.118
1788096545,679928817,152.671,robot_0,-4.145,-1.833
1788096545,679963066,152.671,robot_1,4.063,-1.400
1788096545,679974568,152.671,robot_2,0.632,-3.092
1788096545,880240929,152.872,robot_0,-4.149,-1.832
1788096545,880277457,152.872,robot_1,4.047,-1.458
1788096545,880291206,152.872,robot_2,0.578,-3.068
1788096546,89767520,153.081,robot_0,-4.150,-1.832
1788096546,89801091,153.081,robot_1,4.031,-1.518
1788096546,89814267,153.081,robot_2,0.520,-3.042
1788096546,310355555,153.302,robot_0,-4.150,-1.832
1788096546,310396765,153.302,robot_1,4.014,-1.582
1788096546,310410095,153.302,robot_2,0.460,-3.015
1788096546,529331437,153.521,robot_0,-4.150,-1.833
1788096546,529371702,153.521,robot_1,3.997,-1.646
1788096546,529385297,153.521,robot_2,0.400,-2.989
1788096546,729738647,153.721,robot_0,-4.151,-1.833
1788096546,729777046,153.721,robot_1,3.981,-1.704
1788096546,729791133,153.721,robot_2,0.345,-2.964
1788096546,930076029,153.921,robot_0,-4.151,-1.833
1788096546,930111991,153.921,robot_1,3.966,-1.762
1788096546,930126709,153.921,robot_2,0.290,-2.940
1788096547,139829359,154.131,robot_0,-4.152,-1.833
1788096547,139880291,154.131,robot_1,3.949,-1.823
1788096547,139915332,154.131,robot_2,0.232,-2.914
1788096547,359637791,154.351,robot_0,-4.151,-1.810
1788096547,359674379,154.351,robot_1,3.932,-1.886
1788096547,359688527,154.351,robot_2,0.172,-2.887
1788096547,559740103,154.551,robot_0,-4.142,-1.751
1788096547,559775038,154.551,robot_1,3.917,-1.944
1788096547,559789136,154.551,robot_2,0.117,-2.863
1788096547,779554937,154.771,robot_0,-4.131,-1.686
1788096547,779586872,154.771,robot_1,3.900,-2.008
1788096547,779600269,154.771,robot_2,0.057,-2.836
1788096547,979931503,154.971,robot_0,-4.120,-1.627
1788096547,979970011,154.971,robot_1,3.884,-2.066
1788096547,979991870,154.971,robot_2,0.002,-2.811
1788096548,199283437,155.191,robot_0,-4.109,-1.562
1788096548,199317424,155.191,robot_1,3.867,-2.130
1788096548,199329876,155.191,robot_2,-0.058,-2.785
1788096548,399438279,155.391,robot_0,-4.098,-1.503
1788096548,399470467,155.391,robot_1,3.851,-2.188
1788096548,399483777,155.391,robot_2,-0.113,-2.760
1788096548,599518267,155.591,robot_0,-4.088,-1.444
1788096548,599551366,155.591,robot_1,3.836,-2.246
1788096548,599565297,155.591,robot_2,-0.168,-2.736
1788096548,819255973,155.811,robot_0,-4.076,-1.379
1788096548,819301820,155.811,robot_1,3.819,-2.309
1788096548,819317321,155.811,robot_2,-0.228,-2.709
1788096549,19491642,156.011,robot_0,-4.066,-1.319
1788096549,19530744,156.011,robot_1,3.803,-2.367
1788096549,19546412,156.011,robot_2,-0.283,-2.684
1788096549,239578397,156.231,robot_0,-4.054,-1.255
1788096549,239614325,156.231,robot_1,3.786,-2.431
1788096549,239626493,156.231,robot_2,-0.343,-2.658
1788096549,439756329,156.431,robot_0,-4.044,-1.195
1788096549,439796632,156.431,robot_1,3.771,-2.489
1788096549,439812887,156.431,robot_2,-0.398,-2.633
1788096549,640082156,156.631,robot_0,-4.033,-1.136
1788096549,640118758,156.631,robot_1,3.755,-2.547
1788096549,640131431,156.631,robot_2,-0.453,-2.609
1788096549,859421811,156.851,robot_0,-4.021,-1.071
1788096549,859460185,156.851,robot_1,3.738,-2.611
1788096549,859474859,156.851,robot_2,-0.513,-2.582
1788096550,60710862,157.052,robot_0,-4.011,-1.012
1788096550,60767689,157.052,robot_1,3.722,-2.669
1788096550,60794278,157.052,robot_2,-0.568,-2.557
1788096550,280090389,157.271,robot_0,-3.999,-0.947
1788096550,280149959,157.271,robot_1,3.705,-2.732
1788096550,280177483,157.272,robot_2,-0.628,-2.530
1788096550,499750627,157.491,robot_0,-3.988,-0.882
1788096550,499784241,157.491,robot_1,3.688,-2.796
1788096550,499797964,157.491,robot_2,-0.688,-2.504
1788096550,719361117,157.711,robot_0,-3.976,-0.817
1788096550,719395954,157.711,robot_1,3.671,-2.860
1788096550,719410292,157.711,robot_2,-0.749,-2.477
1788096550,919956945,157.911,robot_0,-3.966,-0.758
1788096550,920010023,157.911,robot_1,3.655,-2.918
1788096550,920030876,157.911,robot_2,-0.803,-2.452
1788096551,123367295,158.115,robot_0,-3.956,-0.702
1788096551,123405678,158.115,robot_1,3.641,-2.973
1788096551,123420208,158.115,robot_2,-0.855,-2.429
1788096551,343327908,158.335,robot_0,-3.944,-0.637
1788096551,343361692,158.335,robot_1,3.624,-3.037
1788096551,343374399,158.335,robot_2,-0.916,-2.402
1788096551,544165742,158.536,robot_0,-3.934,-0.578
1788096551,544209522,158.536,robot_1,3.608,-3.095
1788096551,544226597,158.536,robot_2,-0.970,-2.378
1788096551,744485577,158.736,robot_0,-3.923,-0.519
1788096551,744520080,158.736,robot_1,3.593,-3.153
1788096551,744531972,158.736,robot_2,-1.025,-2.353
1788096551,963753870,158.955,robot_0,-3.912,-0.454
1788096551,963794612,158.955,robot_1,3.575,-3.216
1788096551,963810936,158.955,robot_2,-1.086,-2.326
1788096552,173426243,159.165,robot_0,-3.901,-0.392
1788096552,173462184,159.165,robot_1,3.559,-3.277
1788096552,173480341,159.165,robot_2,-1.143,-2.301
1788096552,394330672,159.386,robot_0,-3.889,-0.327
1788096552,394365705,159.386,robot_1,3.542,-3.341
1788096552,394377781,159.386,robot_2,-1.203,-2.274
1788096552,613227427,159.605,robot_0,-3.877,-0.262
1788096552,613260968,159.605,robot_1,3.525,-3.405
1788096552,613272352,159.605,robot_2,-1.264,-2.247
1788096552,813284029,159.805,robot_0,-3.867,-0.203
1788096552,813319511,159.805,robot_1,3.509,-3.463
1788096552,813330203,159.805,robot_2,-1.318,-2.223
1788096553,13518080,160.005,robot_0,-3.856,-0.144
1788096553,13551769,160.005,robot_1,3.494,-3.521
1788096553,13562530,160.005,robot_2,-1.373,-2.198
1788096553,214061374,160.205,robot_0,-3.846,-0.085
1788096553,214118215,160.205,robot_1,3.478,-3.579
1788096553,214140916,160.205,robot_2,-1.428,-2.174
1788096553,414522205,160.406,robot_0,-3.835,-0.026
1788096553,414578493,160.406,robot_1,3.463,-3.637
1788096553,414601125,160.406,robot_2,-1.483,-2.149
1788096553,633300046,160.625,robot_0,-3.824,0.039
1788096553,633333527,160.625,robot_1,3.446,-3.700
1788096553,633345984,160.625,robot_2,-1.543,-2.122
1788096553,833669055,160.825,robot_0,-3.813,0.098
1788096553,833702565,160.825,robot_1,3.430,-3.758
1788096553,833713520,160.825,robot_2,-1.598,-2.098
1788096554,53680178,161.045,robot_0,-3.802,0.163
1788096554,53714231,161.045,robot_1,3.413,-3.822
1788096554,53724944,161.045,robot_2,-1.658,-2.071
1788096554,253726522,161.245,robot_0,-3.791,0.222
1788096554,253759842,161.245,robot_1,3.397,-3.880
1788096554,253770562,161.245,robot_2,-1.713,-2.047
1788096554,474188034,161.466,robot_0,-3.780,0.287
1788096554,474245243,161.466,robot_1,3.380,-3.944
1788096554,474269120,161.466,robot_2,-1.773,-2.020
1788096554,694314268,161.686,robot_0,-3.768,0.352
1788096554,694372665,161.686,robot_1,3.363,-4.007
1788096554,694397356,161.686,robot_2,-1.834,-1.993
1788096554,894540280,161.886,robot_0,-3.758,0.411
1788096554,894599371,161.886,robot_1,3.348,-4.065
1788096554,894628427,161.886,robot_2,-1.888,-1.969
1788096555,114301245,162.106,robot_0,-3.746,0.476
1788096555,114363717,162.106,robot_1,3.331,-4.129
1788096555,114393985,162.106,robot_2,-1.949,-1.942
1788096555,333843928,162.325,robot_0,-3.734,0.541
1788096555,333878355,162.325,robot_1,3.313,-4.193
1788096555,333893319,162.325,robot_2,-2.009,-1.915
1788096555,553328031,162.545,robot_0,-3.723,0.606
1788096555,553359614,162.545,robot_1,3.305,-4.224
1788096555,553373163,162.545,robot_2,-2.069,-1.888
1788096555,753866013,162.745,robot_0,-3.712,0.665
1788096555,753897874,162.745,robot_1,3.305,-4.224
1788096555,753911155,162.745,robot_2,-2.124,-1.863
1788096555,954637131,162.946,robot_0,-3.702,0.724
1788096555,954695315,162.946,robot_1,3.306,-4.224
1788096555,954723085,162.946,robot_2,-2.179,-1.839
1788096556,173828944,163.165,robot_0,-3.690,0.789
1788096556,173861074,163.165,robot_1,3.306,-4.224
1788096556,173873754,163.165,robot_2,-2.239,-1.812
1788096556,393797815,163.385,robot_0,-3.679,0.854
1788096556,393832718,163.385,robot_1,3.306,-4.225
1788096556,393846840,163.385,robot_2,-2.299,-1.785
1788096556,603831624,163.595,robot_0,-3.668,0.916
1788096556,603867149,163.595,robot_1,3.306,-4.225
1788096556,603881121,163.595,robot_2,-2.357,-1.760
1788096556,803850686,163.795,robot_0,-3.657,0.975
1788096556,803881857,163.795,robot_1,3.306,-4.225
1788096556,803894608,163.795,robot_2,-2.412,-1.735
1788096557,24064967,164.015,robot_0,-3.646,1.040
1788096557,24099923,164.015,robot_1,3.307,-4.226
1788096557,24113237,164.015,robot_2,-2.472,-1.708
1788096557,233172223,164.225,robot_0,-3.635,1.102
1788096557,233204327,164.225,robot_1,3.303,-4.225
1788096557,233218079,164.225,robot_2,-2.530,-1.683
1788096557,433326608,164.425,robot_0,-3.624,1.162
1788096557,433356292,164.425,robot_1,3.252,-4.213
1788096557,433370859,164.425,robot_2,-2.584,-1.658
1788096557,634977343,164.626,robot_0,-3.614,1.218
1788096557,635048187,164.626,robot_1,3.198,-4.195
1788096557,635078210,164.626,robot_2,-2.636,-1.635
1788096557,835032533,164.826,robot_0,-3.604,1.277
1788096557,835064428,164.826,robot_1,3.140,-4.177
1788096557,835079291,164.826,robot_2,-2.691,-1.611
1788096558,54789219,165.046,robot_0,-3.592,1.342
1788096558,54823643,165.046,robot_1,3.078,-4.156
1788096558,54841121,165.046,robot_2,-2.752,-1.584
1788096558,254797786,165.246,robot_0,-3.582,1.401
1788096558,254831264,165.246,robot_1,3.021,-4.138
1788096558,254846797,165.246,robot_2,-2.806,-1.559
1788096558,455478472,165.447,robot_0,-3.571,1.460
1788096558,455512853,165.447,robot_1,2.964,-4.119
1788096558,455528026,165.447,robot_2,-2.861,-1.535
1788096558,665241037,165.657,robot_0,-3.560,1.522
1788096558,665291789,165.657,robot_1,2.904,-4.100
1788096558,665318922,165.657,robot_2,-2.919,-1.509
1788096558,865392515,165.857,robot_0,-3.549,1.581
1788096558,865441450,165.857,robot_1,2.847,-4.081
1788096558,865470011,165.857,robot_2,-2.973,-1.485
1788096559,66080896,166.057,robot_0,-3.539,1.640
1788096559,66147159,166.057,robot_1,2.790,-4.062
1788096559,66176198,166.058,robot_2,-3.028,-1.460
1788096559,266137149,166.257,robot_0,-3.528,1.699
1788096559,266188784,166.258,robot_1,2.733,-4.044
1788096559,266217000,166.258,robot_2,-3.083,-1.436
1788096559,484918528,166.476,robot_0,-3.517,1.764
1788096559,484950185,166.476,robot_1,2.670,-4.023
1788096559,484963430,166.476,robot_2,-3.143,-1.409
1788096559,695001255,166.686,robot_0,-3.506,1.826
1788096559,695034493,166.686,robot_1,2.610,-4.004
1788096559,695046377,166.686,robot_2,-3.201,-1.383
1788096559,895148824,166.886,robot_0,-3.495,1.885
1788096559,895187804,166.887,robot_1,2.553,-3.985
1788096559,895199606,166.887,robot_2,-3.256,-1.359
1788096560,95254754,167.087,robot_0,-3.485,1.944
1788096560,95306072,167.087,robot_1,2.496,-3.967
1788096560,95329976,167.087,robot_2,-3.310,-1.335
1788096560,315106752,167.306,robot_0,-3.473,2.009
1788096560,315137520,167.306,robot_1,2.433,-3.946
1788096560,315148777,167.306,robot_2,-3.371,-1.308
1788096560,515239181,167.507,robot_0,-3.463,2.068
1788096560,515277469,167.507,robot_1,2.376,-3.928
1788096560,515289457,167.507,robot_2,-3.426,-1.283
1788096560,724474371,167.716,robot_0,-3.452,2.130
1788096560,724506372,167.716,robot_1,2.316,-3.908
1788096560,724519825,167.716,robot_2,-3.483,-1.258
1788096560,925248635,167.917,robot_0,-3.441,2.189
1788096560,925300003,167.917,robot_1,2.259,-3.889
1788096560,925328489,167.917,robot_2,-3.538,-1.233
1788096561,127218315,168.119,robot_0,-3.431,2.245
1788096561,127271125,168.119,robot_1,2.205,-3.872
1788096561,127298513,168.119,robot_2,-3.590,-1.210
1788096561,346691342,168.338,robot_0,-3.420,2.310
1788096561,346722698,168.338,robot_1,2.142,-3.851
1788096561,346736589,168.338,robot_2,-3.650,-1.183
1788096561,567110928,168.558,robot_0,-3.408,2.375
1788096561,567151647,168.558,robot_1,2.079,-3.831
1788096561,567168213,168.559,robot_2,-3.711,-1.156
1788096561,767774764,168.759,robot_0,-3.398,2.435
1788096561,767831078,168.759,robot_1,2.022,-3.812
1788096561,767860794,168.759,robot_2,-3.765,-1.132
1788096561,987617069,168.979,robot_0,-3.386,2.500
1788096561,987671608,168.979,robot_1,1.960,-3.792
1788096561,987701314,168.979,robot_2,-3.826,-1.105
1788096562,197188298,169.189,robot_0,-3.375,2.562
1788096562,197245888,169.189,robot_1,1.900,-3.772
1788096562,197276955,169.189,robot_2,-3.883,-1.079
1788096562,417195276,169.409,robot_0,-3.363,2.627
1788096562,417238212,169.409,robot_1,1.837,-3.752
1788096562,417261685,169.409,robot_2,-3.943,-1.052
1788096562,626968478,169.618,robot_0,-3.352,2.689
1788096562,627024554,169.618,robot_1,1.777,-3.732
1788096562,627048374,169.618,robot_2,-4.001,-1.027
1788096562,847154723,169.839,robot_0,-3.341,2.754
1788096562,847216611,169.839,robot_1,1.714,-3.712
1788096562,847244584,169.839,robot_2,-4.061,-1.000
1788096563,66869183,170.058,robot_0,-3.329,2.818
1788096563,66899289,170.058,robot_1,1.652,-3.691
1788096563,66912866,170.058,robot_2,-4.079,-0.992
1788096563,269562790,170.261,robot_0,-3.319,2.875
1788096563,269601252,170.261,robot_1,1.597,-3.674
1788096563,269616003,170.261,robot_2,-4.080,-0.992
1788096563,489729218,170.481,robot_0,-3.308,2.940
1788096563,489770248,170.481,robot_1,1.535,-3.653
1788096563,489786573,170.481,robot_2,-4.080,-0.992
1788096563,710101241,170.701,robot_0,-3.296,3.005
1788096563,710144114,170.701,robot_1,1.472,-3.633
1788096563,710156251,170.701,robot_2,-4.080,-0.992
1788096563,910603741,170.902,robot_0,-3.286,3.064
1788096563,910645083,170.902,robot_1,1.415,-3.614
1788096563,910660660,170.902,robot_2,-4.081,-0.993
1788096564,116259425,171.108,robot_0,-3.276,3.120
1788096564,116293376,171.108,robot_1,1.361,-3.596
1788096564,116303480,171.108,robot_2,-4.081,-0.993
1788096564,335646993,171.327,robot_0,-3.264,3.185
1788096564,335683221,171.327,robot_1,1.298,-3.576
1788096564,335697410,171.327,robot_2,-4.082,-0.985
1788096564,536285215,171.528,robot_0,-3.254,3.244
1788096564,536330682,171.528,robot_1,1.241,-3.557
1788096564,536347861,171.528,robot_2,-4.080,-0.928
1788096564,755843330,171.747,robot_0,-3.242,3.309
1788096564,755877241,171.747,robot_1,1.178,-3.537
1788096564,755889578,171.747,robot_2,-4.075,-0.862
1788096564,975335824,171.967,robot_0,-3.230,3.374
1788096564,975367966,171.967,robot_1,1.115,-3.516
1788096564,975379401,171.967,robot_2,-4.069,-0.796
1788096565,186200155,172.178,robot_0,-3.219,3.436
1788096565,186235782,172.178,robot_1,1.056,-3.497
1788096565,186247500,172.178,robot_2,-4.064,-0.733
1788096565,386506769,172.378,robot_0,-3.209,3.495
1788096565,386557772,172.378,robot_1,0.999,-3.478
1788096565,386574096,172.378,robot_2,-4.059,-0.673
1788096565,605707852,172.597,robot_0,-3.197,3.560
1788096565,605738646,172.597,robot_1,0.936,-3.458
1788096565,605750307,172.597,robot_2,-4.053,-0.608
1788096565,805935693,172.797,robot_0,-3.187,3.619
1788096565,805969193,172.797,robot_1,0.879,-3.439
1788096565,805986647,172.797,robot_2,-4.048,-0.548
1788096566,25361357,173.017,robot_0,-3.175,3.684
1788096566,25396998,173.017,robot_1,0.816,-3.419
1788096566,25409027,173.017,robot_2,-4.042,-0.482
1788096566,240733888,173.232,robot_0,-3.165,3.743
1788096566,240772014,173.232,robot_1,0.759,-3.400
1788096566,240785080,173.232,robot_2,-4.037,-0.422
1788096566,441405481,173.433,robot_0,-3.154,3.802
1788096566,441450484,173.433,robot_1,0.702,-3.382
1788096566,441464794,173.433,robot_2,-4.032,-0.363
1788096566,662258996,173.654,robot_0,-3.143,3.867
1788096566,662303506,173.654,robot_1,0.639,-3.361
1788096566,662316411,173.654,robot_2,-4.026,-0.297
1788096566,881670523,173.873,robot_0,-3.131,3.932
1788096566,881725408,173.873,robot_1,0.576,-3.341
1788096566,881748993,173.873,robot_2,-4.021,-0.231
1788096567,81697818,174.073,robot_0,-3.121,3.991
1788096567,81758758,174.073,robot_1,0.519,-3.322
1788096567,81783111,174.073,robot_2,-4.015,-0.171
1788096567,282028325,174.273,robot_0,-3.110,4.050
1788096567,282064351,174.273,robot_1,0.462,-3.303
1788096567,282076078,174.273,robot_2,-4.010,-0.111
1788096567,500909318,174.492,robot_0,-3.098,4.115
1788096567,500941309,174.492,robot_1,0.400,-3.283
1788096567,500952919,174.492,robot_2,-4.005,-0.046
1788096567,701229490,174.693,robot_0,-3.088,4.174
1788096567,701265970,174.693,robot_1,0.343,-3.264
1788096567,701279210,174.693,robot_2,-3.999,0.014
1788096567,902213473,174.894,robot_0,-3.077,4.233
1788096567,902259080,174.894,robot_1,0.285,-3.246
1788096567,902279193,174.894,robot_2,-3.994,0.074
1788096568,120740753,175.112,robot_0,-3.074,4.253
1788096568,120775128,175.112,robot_1,0.223,-3.225
1788096568,120787761,175.112,robot_2,-3.989,0.140
1788096568,321681489,175.313,robot_0,-3.074,4.253
1788096568,321714373,175.313,robot_1,0.166,-3.207
1788096568,321727194,175.313,robot_2,-3.984,0.199
1788096568,540764261,175.532,robot_0,-3.075,4.253
1788096568,540799053,175.532,robot_1,0.103,-3.186
1788096568,540822543,175.532,robot_2,-3.978,0.265
1788096568,741005200,175.732,robot_0,-3.075,4.254
1788096568,741039995,175.732,robot_1,0.046,-3.168
1788096568,741052408,175.732,robot_2,-3.973,0.325
1788096568,941602086,175.933,robot_0,-3.076,4.254
1788096568,941636718,175.933,robot_1,-0.011,-3.149
1788096568,941649322,175.933,robot_2,-3.968,0.385
1788096569,161465575,176.153,robot_0,-3.076,4.255
1788096569,161522245,176.153,robot_1,-0.074,-3.129
1788096569,161548169,176.153,robot_2,-3.962,0.450
1788096569,362157077,176.354,robot_0,-3.076,4.255
1788096569,362210232,176.354,robot_1,-0.131,-3.110
1788096569,362236661,176.354,robot_2,-3.957,0.510
1788096569,580685507,176.572,robot_0,-3.076,4.256
1788096569,580716885,176.572,robot_1,-0.194,-3.090
1788096569,580729515,176.572,robot_2,-3.951,0.576
1788096569,790888283,176.782,robot_0,-3.068,4.255
1788096569,790922543,176.782,robot_1,-0.254,-3.070
1788096569,790935280,176.782,robot_2,-3.946,0.639
1788096569,992152755,176.984,robot_0,-3.012,4.246
1788096569,992204391,176.984,robot_1,-0.311,-3.051
1788096569,992229156,176.984,robot_2,-3.941,0.699
1788096570,211226744,177.203,robot_0,-2.947,4.231
1788096570,211268305,177.203,robot_1,-0.373,-3.031
1788096570,211283634,177.203,robot_2,-3.935,0.764
1788096570,430893908,177.422,robot_0,-2.883,4.216
1788096570,430929625,177.422,robot_1,-0.436,-3.010
1788096570,430941360,177.422,robot_2,-3.929,0.830
1788096570,650402056,177.642,robot_0,-2.825,4.202
1788096570,650444205,177.642,robot_1,-0.493,-2.992
1788096570,650459164,177.642,robot_2,-3.924,0.890
1788096570,850585588,177.842,robot_0,-2.766,4.189
1788096570,850623282,177.842,robot_1,-0.550,-2.973
1788096570,850636053,177.842,robot_2,-3.919,0.950
1788096571,69938836,178.061,robot_0,-2.702,4.174
1788096571,69997696,178.061,robot_1,-0.613,-2.953
1788096571,70011516,178.061,robot_2,-3.913,1.015
1788096571,282386004,178.274,robot_0,-2.644,4.160
1788096571,282430513,178.274,robot_1,-0.670,-2.934
1788096571,282449363,178.274,robot_2,-3.908,1.075
1788096571,502021767,178.493,robot_0,-2.579,4.145
1788096571,502055663,178.493,robot_1,-0.733,-2.914
1788096571,502069813,178.493,robot_2,-3.903,1.141
1788096571,712106339,178.703,robot_0,-2.518,4.131
1788096571,712138302,178.703,robot_1,-0.793,-2.894
1788096571,712151653,178.703,robot_2,-3.897,1.204
1788096571,932882681,178.924,robot_0,-2.454,4.116
1788096571,932919879,178.924,robot_1,-0.855,-2.874
1788096571,932934000,178.924,robot_2,-3.892,1.269
1788096572,151705294,179.143,robot_0,-2.389,4.101
1788096572,151736169,179.143,robot_1,-0.918,-2.853
1788096572,151750292,179.143,robot_2,-3.886,1.335
1788096572,352072865,179.343,robot_0,-2.331,4.087
1788096572,352109648,179.343,robot_1,-0.975,-2.835
1788096572,352123603,179.343,robot_2,-3.881,1.395
1788096572,552157059,179.544,robot_0,-2.272,4.073
1788096572,552216994,179.544,robot_1,-1.032,-2.816
1788096572,552243147,179.544,robot_2,-3.876,1.455
1788096572,763280265,179.755,robot_0,-2.214,4.060
1788096572,763314453,179.755,robot_1,-1.089,-2.797
1788096572,763326947,179.755,robot_2,-3.871,1.515
1788096572,982988963,179.974,robot_0,-2.150,4.045
1788096572,983025920,179.974,robot_1,-1.152,-2.777
1788096572,983039212,179.974,robot_2,-3.865,1.580
1788096573,198915054,180.190,robot_0,-2.091,4.031
1788096573,198958846,180.190,robot_1,-1.209,-2.758
1788096573,198974860,180.190,robot_2,-3.860,1.640
1788096573,418353755,180.410,robot_0,-2.027,4.016
1788096573,418387830,180.410,robot_1,-1.272,-2.738
1788096573,418403486,180.410,robot_2,-3.854,1.706
1788096573,618798971,180.610,robot_0,-1.969,4.003
1788096573,618848166,180.610,robot_1,-1.329,-2.719
1788096573,618870896,180.610,robot_2,-3.849,1.766
1788096573,819761463,180.811,robot_0,-1.913,3.990
1788096573,819796908,180.811,robot_1,-1.383,-2.702
1788096573,819809168,180.811,robot_2,-3.844,1.822
1788096574,20308492,181.012,robot_0,-1.855,3.976
1788096574,20345120,181.012,robot_1,-1.440,-2.683
1788096574,20356543,181.012,robot_2,-3.839,1.882
1788096574,232944817,181.224,robot_0,-1.796,3.962
1788096574,233022989,181.224,robot_1,-1.497,-2.664
1788096574,233048193,181.224,robot_2,-3.834,1.942
1788096574,452607890,181.444,robot_0,-1.732,3.947
1788096574,452645359,181.444,robot_1,-1.560,-2.644
1788096574,452656989,181.444,robot_2,-3.828,2.008
1788096574,672383648,181.664,robot_0,-1.668,3.932
1788096574,672437700,181.664,robot_1,-1.623,-2.624
1788096574,672459944,181.664,robot_2,-3.823,2.073
1788096574,872474785,181.864,robot_0,-1.609,3.919
1788096574,872513883,181.864,robot_1,-1.680,-2.605
1788096574,872530192,181.864,robot_2,-3.817,2.133
1788096575,92644406,182.084,robot_0,-1.545,3.904
1788096575,92678708,182.084,robot_1,-1.742,-2.584
1788096575,92690831,182.084,robot_2,-3.812,2.199
1788096575,301697960,182.293,robot_0,-1.484,3.889
1788096575,301731595,182.293,robot_1,-1.802,-2.565
1788096575,301744594,182.293,robot_2,-3.806,2.262
1788096575,521853051,182.513,robot_0,-1.419,3.874
1788096575,521886081,182.513,robot_1,-1.865,-2.544
1788096575,521898121,182.513,robot_2,-3.801,2.328
1788096575,742085369,182.733,robot_0,-1.355,3.859
1788096575,742121378,182.733,robot_1,-1.928,-2.524
1788096575,742134672,182.733,robot_2,-3.795,2.393
1788096575,942359570,182.934,robot_0,-1.297,3.846
1788096575,942418117,182.934,robot_1,-1.985,-2.505
1788096575,942445479,182.934,robot_2,-3.790,2.453
1788096576,162548000,183.154,robot_0,-1.232,3.831
1788096576,162599804,183.154,robot_1,-2.048,-2.485
1788096576,162621349,183.154,robot_2,-3.784,2.519
1788096576,381538213,183.373,robot_0,-1.168,3.816
1788096576,381576888,183.373,robot_1,-2.110,-2.464
1788096576,381591386,183.373,robot_2,-3.779,2.585
1788096576,601847098,183.593,robot_0,-1.104,3.801
1788096576,601880166,183.593,robot_1,-2.173,-2.444
1788096576,601892469,183.593,robot_2,-3.773,2.650
1788096576,802239535,183.794,robot_0,-1.045,3.787
1788096576,802273232,183.794,robot_1,-2.230,-2.425
1788096576,802284960,183.794,robot_2,-3.768,2.710
1788096577,2317019,183.994,robot_0,-0.987,3.773
1788096577,2385065,183.994,robot_1,-2.287,-2.407
1788096577,2417210,183.994,robot_2,-3.763,2.770
1788096577,221928976,184.213,robot_0,-0.923,3.758
1788096577,221963574,184.213,robot_1,-2.350,-2.386
1788096577,221974862,184.213,robot_2,-3.757,2.836
1788096577,442067791,184.433,robot_0,-0.858,3.743
1788096577,442100544,184.433,robot_1,-2.413,-2.366
1788096577,442110912,184.433,robot_2,-3.752,2.901
1788096577,661894692,184.653,robot_0,-0.794,3.728
1788096577,661928527,184.653,robot_1,-2.475,-2.345
1788096577,661939804,184.653,robot_2,-3.746,2.967
1788096577,861904707,184.853,robot_0,-0.736,3.715
1788096577,861942990,184.853,robot_1,-2.532,-2.327
1788096577,861955214,184.853,robot_2,-3.741,3.027
1788096578,62044423,185.053,robot_0,-0.677,3.701
1788096578,62086376,185.053,robot_1,-2.590,-2.308
1788096578,62098525,185.053,robot_2,-3.736,3.087
1788096578,262209289,185.254,robot_0,-0.619,3.688
1788096578,262243029,185.254,robot_1,-2.647,-2.290
1788096578,262257209,185.254,robot_2,-3.730,3.147
1788096578,482073386,185.473,robot_0,-0.555,3.673
1788096578,482105901,185.473,robot_1,-2.709,-2.269
1788096578,482119834,185.473,robot_2,-3.725,3.212
1788096578,701806974,185.693,robot_0,-0.490,3.658
1788096578,701837354,185.693,robot_1,-2.772,-2.249
1788096578,701851412,185.693,robot_2,-3.719,3.278
1788096578,902169821,185.894,robot_0,-0.432,3.644
1788096578,902201817,185.894,robot_1,-2.829,-2.230
1788096578,902216683,185.894,robot_2,-3.714,3.338
1788096579,102348578,186.094,robot_0,-0.374,3.630
1788096579,102382165,186.094,robot_1,-2.886,-2.211
1788096579,102396639,186.094,robot_2,-3.709,3.398
1788096579,312038854,186.303,robot_0,-0.312,3.616
1788096579,312087946,186.303,robot_1,-2.946,-2.192
1788096579,312110595,186.303,robot_2,-3.704,3.460
1788096579,532103831,186.523,robot_0,-0.248,3.601
1788096579,532137039,186.523,robot_1,-3.009,-2.171
1788096579,532150969,186.523,robot_2,-3.698,3.526
1788096579,732642602,186.724,robot_0,-0.189,3.587
1788096579,732696334,186.724,robot_1,-3.066,-2.153
1788096579,732723748,186.724,robot_2,-3.693,3.586
1788096579,951689081,186.943,robot_0,-0.125,3.572
1788096579,951722953,186.943,robot_1,-3.129,-2.132
1788096579,951736637,186.943,robot_2,-3.687,3.652
1788096580,152154317,187.143,robot_0,-0.067,3.559
1788096580,152186654,187.144,robot_1,-3.186,-2.114
1788096580,152199860,187.144,robot_2,-3.682,3.711
1788096580,362567172,187.354,robot_0,-0.005,3.544
1788096580,362621125,187.354,robot_1,-3.246,-2.094
1788096580,362648279,187.354,robot_2,-3.677,3.774
1788096580,582094636,187.573,robot_0,0.059,3.529
1788096580,582126322,187.573,robot_1,-3.308,-2.074
1788096580,582139565,187.573,robot_2,-3.671,3.840
1788096580,782150088,187.773,robot_0,0.117,3.516
1788096580,782180028,187.774,robot_1,-3.365,-2.055
1788096580,782192027,187.774,robot_2,-3.666,3.900
1788096580,982995760,187.974,robot_0,0.176,3.502
1788096580,983050518,187.974,robot_1,-3.422,-2.037
1788096580,983073821,187.974,robot_2,-3.661,3.960
1788096581,202004488,188.193,robot_0,0.240,3.487
1788096581,202037124,188.193,robot_1,-3.485,-2.016
1788096581,202049143,188.193,robot_2,-3.655,4.025
1788096581,421801048,188.413,robot_0,0.304,3.472
1788096581,421832789,188.413,robot_1,-3.548,-1.996
1788096581,421844796,188.413,robot_2,-3.649,4.091
1788096581,622215293,188.614,robot_0,0.363,3.458
1788096581,622258151,188.614,robot_1,-3.605,-1.977
1788096581,622276044,188.614,robot_2,-3.644,4.151
1788096581,841921836,188.833,robot_0,0.427,3.443
1788096581,841955169,188.833,robot_1,-3.668,-1.957
1788096581,841970708,188.833,robot_2,-3.639,4.217
1788096582,43233933,189.035,robot_0,0.485,3.430
1788096582,43268209,189.035,robot_1,-3.725,-1.938
1788096582,43283961,189.035,robot_2,-3.634,4.265
1788096582,262231954,189.254,robot_0,0.550,3.415
1788096582,262263072,189.254,robot_1,-3.787,-1.918
1788096582,262277271,189.254,robot_2,-3.634,4.266
1788096582,462302811,189.454,robot_0,0.608,3.401
1788096582,462353334,189.454,robot_1,-3.844,-1.899
1788096582,462381847,189.454,robot_2,-3.635,4.266
1788096582,682168961,189.674,robot_0,0.672,3.386
1788096582,682226644,189.674,robot_1,-3.907,-1.878
1788096582,682253358,189.674,robot_2,-3.635,4.267
1788096582,892419224,189.884,robot_0,0.734,3.372
1788096582,892474829,189.884,robot_1,-3.967,-1.859
1788096582,892501755,189.884,robot_2,-3.635,4.267
1788096583,92424167,190.084,robot_0,0.792,3.358
1788096583,92459972,190.084,robot_1,-4.024,-1.840
1788096583,92473168,190.084,robot_2,-3.636,4.267
1788096583,292847166,190.284,robot_0,0.851,3.345
1788096583,292903502,190.284,robot_1,-4.081,-1.822
1788096583,292930064,190.284,robot_2,-3.636,4.268
1788096583,511909555,190.503,robot_0,0.915,3.330
1788096583,511954930,190.503,robot_1,-4.143,-1.802
1788096583,511975323,190.503,robot_2,-3.636,4.268
1788096583,721469929,190.713,robot_0,0.973,3.316
1788096583,721530494,190.713,robot_1,-4.152,-1.799
1788096583,721559632,190.713,robot_2,-3.636,4.268
1788096583,923250906,190.915,robot_0,1.035,3.302
1788096583,923307264,190.915,robot_1,-4.152,-1.799
1788096583,923333537,190.915,robot_2,-3.636,4.269
1788096584,142313597,191.134,robot_0,1.099,3.287
1788096584,142367576,191.134,robot_1,-4.152,-1.799
1788096584,142392879,191.134,robot_2,-3.599,4.260
1788096584,351477486,191.343,robot_0,1.154,3.274
1788096584,351514842,191.343,robot_1,-4.152,-1.800
1788096584,351528960,191.343,robot_2,-3.544,4.243
1788096584,552135695,191.543,robot_0,1.213,3.260
1788096584,552215315,191.544,robot_1,-4.152,-1.800
1788096584,552253411,191.544,robot_2,-3.487,4.225
1788096584,771674860,191.763,robot_0,1.277,3.245
1788096584,771709313,191.763,robot_1,-4.153,-1.800
1788096584,771724247,191.763,robot_2,-3.425,4.204
1788096584,972342326,191.964,robot_0,1.336,3.231
1788096584,972376537,191.964,robot_1,-4.153,-1.800
1788096584,972390163,191.964,robot_2,-3.368,4.185
1788096585,191397904,192.183,robot_0,1.400,3.216
1788096585,191430057,192.183,robot_1,-4.154,-1.800
1788096585,191443550,192.183,robot_2,-3.305,4.165
1788096585,404000534,192.395,robot_0,1.458,3.203
1788096585,404034737,192.395,robot_1,-4.150,-1.783
1788096585,404048741,192.395,robot_2,-3.248,4.146
1788096585,623734538,192.615,robot_0,1.523,3.188
1788096585,623765514,192.615,robot_1,-4.130,-1.720
1788096585,623778509,192.615,robot_2,-3.185,4.125
1788096585,833795022,192.825,robot_0,1.584,3.173
1788096585,833827812,192.825,robot_1,-4.109,-1.661
1788096585,833841788,192.825,robot_2,-3.125,4.105
1788096586,34346378,193.026,robot_0,1.642,3.160
1788096586,34400651,193.026,robot_1,-4.089,-1.604
1788096586,34424509,193.026,robot_2,-3.068,4.087
1788096586,269394721,193.261,robot_0,1.707,3.145
1788096586,269430512,193.261,robot_1,-4.067,-1.542
1788096586,269443333,193.261,robot_2,-3.006,4.066
1788096586,488964830,193.480,robot_0,1.771,3.130
1788096586,489012375,193.480,robot_1,-4.045,-1.480
1788096586,489024300,193.480,robot_2,-2.943,4.045
1788096586,708828331,193.700,robot_0,1.835,3.115
1788096586,708870648,193.700,robot_1,-4.023,-1.418
1788096586,708888157,193.700,robot_2,-2.880,4.024
1788096586,919068055,193.910,robot_0,1.896,3.100
1788096586,919126953,193.910,robot_1,-4.002,-1.358
1788096586,919155074,193.910,robot_2,-2.821,4.005
1788096587,119135509,194.110,robot_0,1.955,3.087
1788096587,119169449,194.111,robot_1,-3.982,-1.302
1788096587,119182375,194.111,robot_2,-2.764,3.986
1788096587,333935029,194.325,robot_0,2.013,3.073
1788096587,334000054,194.325,robot_1,-3.962,-1.245
1788096587,334028496,194.325,robot_2,-2.707,3.967
1788096587,553696718,194.545,robot_0,2.078,3.058
1788096587,553772026,194.545,robot_1,-3.940,-1.183
1788096587,553808140,194.545,robot_2,-2.644,3.946
1788096587,753869846,194.745,robot_0,2.136,3.045
1788096587,753932487,194.745,robot_1,-3.920,-1.127
1788096587,753960255,194.745,robot_2,-2.587,3.928
1788096587,970498788,194.962,robot_0,2.194,3.031
1788096587,970551575,194.962,robot_1,-3.899,-1.070
1788096587,970578505,194.962,robot_2,-2.530,3.909
1788096588,189166582,195.181,robot_0,2.259,3.016
1788096588,189202002,195.181,robot_1,-3.877,-1.008
1788096588,189216641,195.181,robot_2,-2.467,3.888
1788096588,400154869,195.392,robot_0,2.317,3.002
1788096588,400244388,195.392,robot_1,-3.857,-0.951
1788096588,400272052,195.392,robot_2,-2.410,3.869
1788096588,619489700,195.611,robot_0,2.381,2.987
1788096588,619521187,195.611,robot_1,-3.835,-0.889
1788096588,619536826,195.611,robot_2,-2.348,3.849
1788096588,831159644,195.822,robot_0,2.440,2.974
1788096588,831193643,195.823,robot_1,-3.815,-0.833
1788096588,831206688,195.823,robot_2,-2.291,3.830
1788096589,50384457,196.042,robot_0,2.504,2.959
1788096589,50415432,196.042,robot_1,-3.793,-0.770
1788096589,50429469,196.042,robot_2,-2.228,3.809
1788096589,250443582,196.242,robot_0,2.563,2.945
1788096589,250475386,196.242,robot_1,-3.773,-0.714
1788096589,250491778,196.242,robot_2,-2.171,3.790
1788096589,451872190,196.443,robot_0,2.618,2.932
1788096589,451906299,196.443,robot_1,-3.754,-0.660
1788096589,451921493,196.443,robot_2,-2.117,3.772
1788096589,672081114,196.663,robot_0,2.682,2.917
1788096589,672127916,196.663,robot_1,-3.732,-0.598
1788096589,672145128,196.663,robot_2,-2.054,3.752
1788096589,884348640,196.876,robot_0,2.741,2.903
1788096589,884400942,196.876,robot_1,-3.712,-0.541
1788096589,884423879,196.876,robot_2,-1.997,3.733
1788096590,104238764,197.096,robot_0,2.805,2.888
1788096590,104269714,197.096,robot_1,-3.690,-0.479
1788096590,104282080,197.096,robot_2,-1.935,3.712
1788096590,304480507,197.296,robot_0,2.864,2.875
1788096590,304527062,197.296,robot_1,-3.669,-0.423
1788096590,304539601,197.296,robot_2,-1.878,3.694
1788096590,517116520,197.508,robot_0,2.919,2.862
1788096590,517162052,197.509,robot_1,-3.650,-0.369
1788096590,517182277,197.509,robot_2,-1.823,3.676
1788096590,736068368,197.727,robot_0,2.983,2.847
1788096590,736107897,197.727,robot_1,-3.628,-0.307
1788096590,736119906,197.727,robot_2,-1.761,3.655
1788096590,954853556,197.946,robot_0,3.042,2.833
1788096590,954910444,197.946,robot_1,-3.608,-0.250
1788096590,954934889,197.946,robot_2,-1.704,3.636
1788096591,173489842,198.165,robot_0,3.106,2.818
1788096591,173525232,198.165,robot_1,-3.586,-0.188
1788096591,173536864,198.165,robot_2,-1.641,3.615
1788096591,373738012,198.365,robot_0,3.164,2.805
1788096591,373784712,198.365,robot_1,-3.566,-0.131
1788096591,373798588,198.365,robot_2,-1.584,3.597
1788096591,574435456,198.566,robot_0,3.223,2.791
1788096591,574493899,198.566,robot_1,-3.546,-0.075
1788096591,574517394,198.566,robot_2,-1.527,3.578
1788096591,793525506,198.785,robot_0,3.287,2.776
1788096591,793563346,198.785,robot_1,-3.524,-0.013
1788096591,793574451,198.785,robot_2,-1.465,3.557
1788096592,4239492,198.996,robot_0,3.348,2.762
1788096592,4273413,198.996,robot_1,-3.503,0.047
1788096592,4284706,198.996,robot_2,-1.405,3.537
1788096592,204963024,199.196,robot_0,3.407,2.748
1788096592,205024220,199.196,robot_1,-3.483,0.103
1788096592,205049975,199.196,robot_2,-1.348,3.519
1788096592,423943317,199.415,robot_0,3.471,2.733
1788096592,423994412,199.415,robot_1,-3.461,0.165
1788096592,424014919,199.415,robot_2,-1.285,3.498
1788096592,643804626,199.635,robot_0,3.535,2.718
1788096592,643836870,199.635,robot_1,-3.438,0.228
1788096592,643849000,199.635,robot_2,-1.222,3.477
1788096592,863506437,199.855,robot_0,3.600,2.703
1788096592,863541258,199.855,robot_1,-3.416,0.290
1788096592,863553533,199.855,robot_2,-1.160,3.457
1788096593,74267171,200.066,robot_0,3.661,2.689
1788096593,74302610,200.066,robot_1,-3.395,0.349
1788096593,74317235,200.066,robot_2,-1.100,3.437
1788096593,294197135,200.286,robot_0,3.725,2.674
1788096593,294251923,200.286,robot_1,-3.373,0.411
1788096593,294274572,200.286,robot_2,-1.037,3.416
1788096593,513603780,200.505,robot_0,3.790,2.659
1788096593,513641228,200.505,robot_1,-3.351,0.473
1788096593,513653276,200.505,robot_2,-0.975,3.395
1788096593,733257974,200.725,robot_0,3.854,2.644
1788096593,733293082,200.725,robot_1,-3.329,0.536
1788096593,733306906,200.725,robot_2,-0.912,3.375
1788096593,945636844,200.937,robot_0,3.912,2.630
1788096593,945699396,200.937,robot_1,-3.309,0.592
1788096593,945724914,200.937,robot_2,-0.855,3.356
1788096594,146157181,201.138,robot_0,3.971,2.616
1788096594,146211984,201.138,robot_1,-3.289,0.649
1788096594,146240003,201.138,robot_2,-0.798,3.337
1788096594,365702004,201.357,robot_0,4.035,2.601
1788096594,365755012,201.357,robot_1,-3.267,0.711
1788096594,365778371,201.357,robot_2,-0.735,3.317
1788096594,576447822,201.568,robot_0,4.093,2.588
1788096594,576478610,201.568,robot_1,-3.247,0.767
1788096594,576491875,201.568,robot_2,-0.678,3.298
1788096594,778073376,201.769,robot_0,4.122,2.581
1788096594,778132196,201.769,robot_1,-3.227,0.824
1788096594,778161299,201.770,robot_2,-0.621,3.279
1788096594,996334698,201.988,robot_0,4.122,2.581
1788096594,996370295,201.988,robot_1,-3.204,0.886
1788096594,996384211,201.988,robot_2,-0.559,3.258
1788096595,216117195,202.207,robot_0,4.122,2.582
1788096595,216148947,202.207,robot_1,-3.182,0.948
1788096595,216162960,202.207,robot_2,-0.496,3.238
1788096595,423667056,202.415,robot_0,4.122,2.582
1788096595,423701972,202.415,robot_1,-3.162,1.005
1788096595,423716241,202.415,robot_2,-0.439,3.219
1788096595,626551534,202.618,robot_0,4.123,2.583
1788096595,626606655,202.618,robot_1,-3.141,1.064
1788096595,626633760,202.618,robot_2,-0.379,3.199
1788096595,826635899,202.818,robot_0,4.123,2.583
1788096595,826670704,202.818,robot_1,-3.121,1.121
1788096595,826684618,202.818,robot_2,-0.322,3.180
1788096596,38001987,203.029,robot_0,4.124,2.583
1788096596,38035376,203.029,robot_1,-3.101,1.177
1788096596,38049294,203.029,robot_2,-0.265,3.161
1788096596,257549045,203.249,robot_0,4.124,2.583
1788096596,257581559,203.249,robot_1,-3.079,1.240
1788096596,257594330,203.249,robot_2,-0.202,3.141
1788096596,468044274,203.459,robot_0,4.125,2.583
1788096596,468116747,203.459,robot_1,-3.058,1.299
1788096596,468143159,203.459,robot_2,-0.143,3.121
1788096596,668602251,203.660,robot_0,4.124,2.580
1788096596,668644431,203.660,robot_1,-3.038,1.355
1788096596,668665208,203.660,robot_2,-0.086,3.102
1788096596,888145813,203.879,robot_0,4.102,2.525
1788096596,888210145,203.880,robot_1,-3.016,1.418
1788096596,888238750,203.880,robot_2,-0.023,3.081
1788096597,104828320,204.096,robot_0,4.076,2.471
1788096597,104879041,204.096,robot_1,-2.995,1.474
1788096597,104901131,204.096,robot_2,0.034,3.063
1788096597,323684561,204.315,robot_0,4.047,2.412
1788096597,323716900,204.315,robot_1,-2.973,1.536
1788096597,323728020,204.315,robot_2,0.097,3.042
1788096597,540222286,204.532,robot_0,4.021,2.358
1788096597,540255742,204.532,robot_1,-2.953,1.593
1788096597,540266458,204.532,robot_2,0.154,3.023
1788096597,740397160,204.732,robot_0,3.995,2.304
1788096597,740429235,204.732,robot_1,-2.933,1.649
1788096597,740443784,204.732,robot_2,0.211,3.004
1788096597,941518909,204.933,robot_0,3.968,2.250
1788096597,941575845,204.933,robot_1,-2.913,1.706
1788096597,941603313,204.933,robot_2,0.268,2.986
1788096598,160550020,205.152,robot_0,3.940,2.191
1788096598,160590697,205.152,robot_1,-2.891,1.768
1788096598,160606372,205.152,robot_2,0.330,2.965
1788096598,380724825,205.372,robot_0,3.911,2.131
1788096598,380757953,205.372,robot_1,-2.869,1.830
1788096598,380770978,205.372,robot_2,0.393,2.944
1788096598,600593149,205.592,robot_0,3.882,2.072
1788096598,600628716,205.592,robot_1,-2.847,1.893
1788096598,600642345,205.592,robot_2,0.456,2.924
1788096598,800874150,205.792,robot_0,3.855,2.018
1788096598,800928966,205.792,robot_1,-2.827,1.949
1788096598,800955181,205.792,robot_2,0.513,2.905
1788096599,10787822,206.002,robot_0,3.828,1.961
1788096599,10823591,206.002,robot_1,-2.806,2.008
1788096599,10837581,206.002,robot_2,0.572,2.885
1788096599,230514498,206.222,robot_0,3.799,1.902
1788096599,230548084,206.222,robot_1,-2.784,2.071
1788096599,230561783,206.222,robot_2,0.635,2.864
1788096599,430842793,206.422,robot_0,3.773,1.848
1788096599,430877514,206.422,robot_1,-2.763,2.127
1788096599,430891480,206.422,robot_2,0.692,2.845
1788096599,649787216,206.641,robot_0,3.744,1.789
1788096599,649820737,206.641,robot_1,-2.741,2.189
1788096599,649834282,206.641,robot_2,0.755,2.825
1788096599,849896812,206.841,robot_0,3.717,1.735
1788096599,849931874,206.841,robot_1,-2.721,2.246
1788096599,849945675,206.841,robot_2,0.812,2.806
1788096600,60763739,207.052,robot_0,3.690,1.678
1788096600,60797840,207.052,robot_1,-2.700,2.305
1788096600,60810373,207.052,robot_2,0.872,2.786
1788096600,281083464,207.272,robot_0,3.661,1.619
1788096600,281127768,207.272,robot_1,-2.678,2.367
1788096600,281141132,207.272,robot_2,0.934,2.766
1788096600,492647303,207.484,robot_0,3.635,1.565
1788096600,492677219,207.484,robot_1,-2.658,2.424
1788096600,492688899,207.484,robot_2,0.991,2.747
1788096600,693874854,207.685,robot_0,3.608,1.511
1788096600,693906441,207.685,robot_1,-2.638,2.481
1788096600,693917140,207.685,robot_2,1.048,2.728
1788096600,912975653,207.904,robot_0,3.580,1.452
1788096600,913014501,207.904,robot_1,-2.616,2.543
1788096600,913026438,207.904,robot_2,1.111,2.707
1788096601,122732970,208.114,robot_0,3.552,1.395
1788096601,122762948,208.114,robot_1,-2.595,2.602
1788096601,122774038,208.114,robot_2,1.171,2.688
1788096601,322933187,208.314,robot_0,3.526,1.341
1788096601,322968338,208.314,robot_1,-2.575,2.659
1788096601,322994340,208.314,robot_2,1.228,2.669
1788096601,523215937,208.515,robot_0,3.499,1.287
1788096601,523267888,208.515,robot_1,-2.555,2.715
1788096601,523291507,208.515,robot_2,1.285,2.650
1788096601,723698712,208.715,robot_0,3.473,1.233
1788096601,723748715,208.715,robot_1,-2.534,2.772
1788096601,723772766,208.715,robot_2,1.342,2.631
1788096601,942681012,208.934,robot_0,3.444,1.174
1788096601,942715061,208.934,robot_1,-2.512,2.834
1788096601,942726293,208.934,robot_2,1.404,2.610
1788096602,142703847,209.134,robot_0,3.418,1.120
1788096602,142738956,209.134,robot_1,-2.492,2.890
1788096602,142753392,209.134,robot_2,1.461,2.592
1788096602,342994186,209.334,robot_0,3.392,1.066
1788096602,343027125,209.334,robot_1,-2.472,2.947
1788096602,343038332,209.334,robot_2,1.518,2.573
1788096602,543630742,209.535,robot_0,3.365,1.012
1788096602,543665342,209.535,robot_1,-2.452,3.004
1788096602,543677588,209.535,robot_2,1.575,2.554
1788096602,762690343,209.754,robot_0,3.336,0.953
1788096602,762726677,209.754,robot_1,-2.430,3.066
1788096602,762738947,209.754,robot_2,1.638,2.533
1788096602,972294135,209.964,robot_0,3.310,0.899
1788096602,972353054,209.964,robot_1,-2.410,3.122
1788096602,972378740,209.964,robot_2,1.695,2.515
1788096603,174199417,210.166,robot_0,3.283,0.842
1788096603,174257659,210.166,robot_1,-2.389,3.182
1788096603,174281382,210.166,robot_2,1.755,2.495
1788096603,393623665,210.385,robot_0,3.254,0.783
1788096603,393677935,210.385,robot_1,-2.367,3.244
1788096603,393701142,210.385,robot_2,1.817,2.474
1788096603,613305913,210.605,robot_0,3.225,0.724
1788096603,613369782,210.605,robot_1,-2.345,3.306
1788096603,613397057,210.605,robot_2,1.880,2.453
1788096603,833506877,210.825,robot_0,3.196,0.664
1788096603,833556217,210.825,robot_1,-2.323,3.368
1788096603,833570846,210.825,robot_2,1.943,2.433
1788096604,43694850,211.035,robot_0,3.168,0.608
1788096604,43731440,211.035,robot_1,-2.301,3.428
1788096604,43747719,211.035,robot_2,2.003,2.413
1788096604,263430560,211.255,robot_0,3.139,0.548
1788096604,263476667,211.255,robot_1,-2.279,3.490
1788096604,263495274,211.255,robot_2,2.065,2.392
1788096604,482970101,211.474,robot_0,3.112,0.492
1788096604,483009011,211.474,robot_1,-2.258,3.549
1788096604,483021392,211.474,robot_2,2.125,2.373
1788096604,683345078,211.675,robot_0,3.085,0.438
1788096604,683401769,211.675,robot_1,-2.238,3.606
1788096604,683425713,211.675,robot_2,2.182,2.354
1788096604,904508047,211.896,robot_0,3.057,0.378
1788096604,904548802,211.896,robot_1,-2.216,3.668
1788096604,904567099,211.896,robot_2,2.245,2.333
1788096605,112589912,212.104,robot_0,3.029,0.322
1788096605,112624476,212.104,robot_1,-2.195,3.727
1788096605,112647533,212.104,robot_2,2.305,2.313
1788096605,312793387,212.304,robot_0,3.003,0.268
1788096605,312825321,212.304,robot_1,-2.175,3.784
1788096605,312838341,212.304,robot_2,2.362,2.295
1788096605,513743443,212.505,robot_0,2.976,0.214
1788096605,513810122,212.505,robot_1,-2.155,3.840
1788096605,513838078,212.505,robot_2,2.419,2.276
1788096605,733150990,212.724,robot_0,2.947,0.154
1788096605,733194865,212.725,robot_1,-2.133,3.902
1788096605,733217519,212.725,robot_2,2.481,2.255
1788096605,933380624,212.925,robot_0,2.921,0.101
1788096605,933439829,212.925,robot_1,-2.113,3.959
1788096605,933470116,212.925,robot_2,2.538,2.236
1788096606,143279358,213.135,robot_0,2.894,0.044
1788096606,143313486,213.135,robot_1,-2.092,4.018
1788096606,143327610,213.135,robot_2,2.598,2.217
1788096606,344237153,213.336,robot_0,2.867,-0.010
1788096606,344270913,213.336,robot_1,-2.071,4.075
1788096606,344284559,213.336,robot_2,2.655,2.198
1788096606,563281396,213.555,robot_0,2.838,-0.069
1788096606,563336856,213.555,robot_1,-2.049,4.137
1788096606,563364813,213.555,robot_2,2.718,2.177
1788096606,763289537,213.755,robot_0,2.812,-0.123
1788096606,763326064,213.755,robot_1,-2.042,4.159
1788096606,763344601,213.755,robot_2,2.775,2.158
1788096606,974842939,213.966,robot_0,2.786,-0.177
1788096606,974919664,213.966,robot_1,-2.042,4.159
1788096606,974949089,213.966,robot_2,2.832,2.139
1788096607,194611847,214.186,robot_0,2.757,-0.237
1788096607,194667277,214.186,robot_1,-2.042,4.159
1788096607,194693503,214.186,robot_2,2.894,2.119
1788096607,394739552,214.386,robot_0,2.731,-0.290
1788096607,394805451,214.386,robot_1,-2.042,4.159
1788096607,394834864,214.386,robot_2,2.951,2.100
1788096607,605433852,214.597,robot_0,2.704,-0.344
1788096607,605498941,214.597,robot_1,-2.043,4.160
1788096607,605529323,214.597,robot_2,3.008,2.081
1788096607,826032471,214.817,robot_0,2.675,-0.404
1788096607,826067578,214.817,robot_1,-2.043,4.160
1788096607,826081376,214.817,robot_2,3.071,2.060
1788096608,44956221,215.036,robot_0,2.647,-0.463
1788096608,44991714,215.036,robot_1,-2.043,4.160
1788096608,45004592,215.036,robot_2,3.134,2.040
1788096608,245115664,215.236,robot_0,2.620,-0.517
1788096608,245146141,215.236,robot_1,-2.038,4.160
1788096608,245160286,215.236,robot_2,3.191,2.021
1788096608,465010721,215.456,robot_0,2.591,-0.576
1788096608,465046673,215.456,robot_1,-1.978,4.152
1788096608,465061540,215.456,robot_2,3.253,2.000
1788096608,675715896,215.667,robot_0,2.565,-0.630
1788096608,675766746,215.667,robot_1,-1.919,4.141
1788096608,675794663,215.667,robot_2,3.310,1.981
1788096608,876047354,215.867,robot_0,2.539,-0.684
1788096608,876092197,215.867,robot_1,-1.860,4.129
1788096608,876105431,215.867,robot_2,3.367,1.963
1788096609,76172083,216.068,robot_0,2.513,-0.738
1788096609,76225126,216.068,robot_1,-1.802,4.118
1788096609,76251815,216.068,robot_2,3.424,1.944
1788096609,276242174,216.268,robot_0,2.486,-0.792
1788096609,276274132,216.268,robot_1,-1.743,4.106
1788096609,276287485,216.268,robot_2,3.481,1.925
1788096609,496395728,216.488,robot_0,2.457,-0.851
1788096609,496447378,216.488,robot_1,-1.678,4.093
1788096609,496474462,216.488,robot_2,3.544,1.904
1788096609,696496336,216.688,robot_0,2.432,-0.903
1788096609,696529245,216.688,robot_1,-1.622,4.082
1788096609,696541175,216.688,robot_2,3.598,1.887
1788096609,896673503,216.888,robot_0,2.406,-0.957
1788096609,896706614,216.888,robot_1,-1.563,4.070
1788096609,896718298,216.888,robot_2,3.655,1.868
1788096610,106356969,217.098,robot_0,2.379,-1.013
1788096610,106407502,217.098,robot_1,-1.501,4.058
1788096610,106430876,217.098,robot_2,3.715,1.848
1788096610,306639280,217.298,robot_0,2.352,-1.067
1788096610,306717730,217.298,robot_1,-1.443,4.046
1788096610,306740669,217.298,robot_2,3.772,1.829
1788096610,517934704,217.509,robot_0,2.326,-1.121
1788096610,518015949,217.509,robot_1,-1.384,4.034
1788096610,518044961,217.509,robot_2,3.829,1.810
1788096610,737008286,217.728,robot_0,2.297,-1.180
1788096610,737043269,217.728,robot_1,-1.319,4.021
1788096610,737056274,217.728,robot_2,3.891,1.790
1788096610,937485832,217.929,robot_0,2.271,-1.234
1788096610,937523461,217.929,robot_1,-1.260,4.010
1788096610,937537513,217.929,robot_2,3.948,1.771
1788096611,148327617,218.140,robot_0,2.244,-1.288
1788096611,148363750,218.140,robot_1,-1.201,3.998
1788096611,148376751,218.140,robot_2,4.005,1.752
1788096611,348552082,218.340,robot_0,2.218,-1.342
1788096611,348589281,218.340,robot_1,-1.142,3.986
1788096611,348605208,218.340,robot_2,4.062,1.733
1788096611,548668479,218.540,robot_0,2.192,-1.396
1788096611,548699930,218.540,robot_1,-1.084,3.975
1788096611,548713347,218.540,robot_2,4.119,1.714
1788096611,768911169,218.760,robot_0,2.163,-1.456
1788096611,768945572,218.760,robot_1,-1.019,3.962
1788096611,768963512,218.760,robot_2,4.182,1.694
1788096611,988662172,218.980,robot_0,2.134,-1.515
1788096611,988725354,218.980,robot_1,-0.954,3.949
1788096611,988754257,218.980,robot_2,4.224,1.680
1788096612,198390328,219.190,robot_0,2.107,-1.572
1788096612,198424124,219.190,robot_1,-0.892,3.936
1788096612,198439944,219.190,robot_2,4.224,1.680
1788096612,398673062,219.390,robot_0,2.080,-1.625
1788096612,398707205,219.390,robot_1,-0.834,3.925
1788096612,398724744,219.390,robot_2,4.224,1.680
1788096612,608997461,219.600,robot_0,2.053,-1.682
1788096612,609054283,219.600,robot_1,-0.772,3.912
1788096612,609080925,219.600,robot_2,4.224,1.681
1788096612,828746456,219.820,robot_0,2.024,-1.741
1788096612,828780632,219.820,robot_1,-0.707,3.899
1788096612,828797536,219.820,robot_2,4.225,1.681
1788096613,28910413,220.020,robot_0,1.997,-1.795
1788096613,28945197,220.020,robot_1,-0.648,3.888
1788096613,28958861,220.020,robot_2,4.225,1.681
1788096613,232070709,220.223,robot_0,1.972,-1.847
1788096613,232107948,220.223,robot_1,-0.592,3.877
1788096613,232120137,220.223,robot_2,4.225,1.681
1788096613,432313927,220.424,robot_0,1.946,-1.901
1788096613,432347065,220.424,robot_1,-0.533,3.865
1788096613,432358365,220.424,robot_2,4.226,1.681
1788096613,636700163,220.628,robot_0,1.921,-1.952
1788096613,636754658,220.628,robot_1,-0.478,3.854
1788096613,636779200,220.628,robot_2,4.226,1.681
1788096613,855902725,220.847,robot_0,1.892,-2.011
1788096613,855937924,220.847,robot_1,-0.413,3.841
1788096613,855949135,220.847,robot_2,4.216,1.641
1788096614,69949626,221.061,robot_0,1.866,-2.065
1788096614,69991731,221.061,robot_1,-0.354,3.829
1788096614,70005394,221.061,robot_2,4.196,1.584
1788096614,270349458,221.262,robot_0,1.840,-2.119
1788096614,270393485,221.262,robot_1,-0.295,3.817
1788096614,270416366,221.262,robot_2,4.176,1.528
1788096614,490077697,221.481,robot_0,1.811,-2.178
1788096614,490124486,221.481,robot_1,-0.230,3.805
1788096614,490144448,221.481,robot_2,4.154,1.466
1788096614,690533661,221.682,robot_0,1.785,-2.232
1788096614,690596392,221.682,robot_1,-0.172,3.793
1788096614,690623501,221.682,robot_2,4.133,1.409
1788096614,890651145,221.882,robot_0,1.758,-2.286
1788096614,890710000,221.882,robot_1,-0.113,3.781
1788096614,890737891,221.882,robot_2,4.113,1.353
1788096615,107053178,222.098,robot_0,1.732,-2.340
1788096615,107107945,222.098,robot_1,-0.054,3.769
1788096615,107136771,222.098,robot_2,4.093,1.296
1788096615,326623289,222.318,robot_0,1.703,-2.399
1788096615,326683076,222.318,robot_1,0.011,3.756
1788096615,326713408,222.318,robot_2,4.071,1.234
1788096615,546094343,222.537,robot_0,1.674,-2.459
1788096615,546133686,222.537,robot_1,0.076,3.744
1788096615,546150720,222.537,robot_2,4.048,1.172
1788096615,757204945,222.749,robot_0,1.648,-2.513
1788096615,757250564,222.749,robot_1,0.134,3.732
1788096615,757270133,222.749,robot_2,4.028,1.116
1788096615,977098649,222.968,robot_0,1.619,-2.572
1788096615,977147898,222.968,robot_1,0.199,3.719
1788096615,977176107,222.969,robot_2,4.006,1.054
1788096616,197017247,223.188,robot_0,1.590,-2.631
1788096616,197073738,223.188,robot_1,0.264,3.706
1788096616,197110272,223.188,robot_2,3.983,0.992
1788096616,417124462,223.408,robot_0,1.561,-2.691
1788096616,417160675,223.408,robot_1,0.329,3.693
1788096616,417177636,223.409,robot_2,3.961,0.929
1788096616,619756666,223.611,robot_0,1.536,-2.742
1788096616,619791284,223.611,robot_1,0.385,3.682
1788096616,619803575,223.611,robot_2,3.942,0.876
1788096616,838615664,223.830,robot_0,1.507,-2.801
1788096616,838650781,223.830,robot_1,0.449,3.669
1788096616,838663400,223.830,robot_2,3.919,0.814
1788096617,39306954,224.031,robot_0,1.481,-2.855
1788096617,39367782,224.031,robot_1,0.508,3.657
1788096617,39396599,224.031,robot_2,3.899,0.757
1788096617,243410666,224.235,robot_0,1.456,-2.907
1788096617,243447993,224.235,robot_1,0.564,3.646
1788096617,243462115,224.235,robot_2,3.880,0.704
1788096617,464256899,224.456,robot_0,1.427,-2.966
1788096617,464290320,224.456,robot_1,0.629,3.633
1788096617,464301105,224.456,robot_2,3.858,0.641
1788096617,679831255,224.671,robot_0,1.401,-3.020
1788096617,679884038,224.671,robot_1,0.688,3.622
1788096617,679908734,224.671,robot_2,3.837,0.585
1788096617,899490208,224.891,robot_0,1.372,-3.079
1788096617,899520954,224.891,robot_1,0.752,3.609
1788096617,899533867,224.891,robot_2,3.815,0.523
1788096618,120278318,225.112,robot_0,1.343,-3.138
1788096618,120343785,225.112,robot_1,0.817,3.596
1788096618,120369252,225.112,robot_2,3.793,0.461
1788096618,340147801,225.331,robot_0,1.314,-3.198
1788096618,340218838,225.332,robot_1,0.882,3.583
1788096618,340247334,225.332,robot_2,3.770,0.399
1788096618,559481416,225.551,robot_0,1.285,-3.257
1788096618,559527535,225.551,robot_1,0.946,3.570
1788096618,559540068,225.551,robot_2,3.748,0.337
1788096618,760030637,225.751,robot_0,1.259,-3.311
1788096618,760095833,225.751,robot_1,1.005,3.558
1788096618,760121333,225.751,robot_2,3.728,0.280
1788096618,979420166,225.971,robot_0,1.230,-3.370
1788096618,979455355,225.971,robot_1,1.070,3.545
1788096618,979468728,225.971,robot_2,3.705,0.218
1788096619,179811334,226.171,robot_0,1.204,-3.424
1788096619,179846147,226.171,robot_1,1.129,3.534
1788096619,179858416,226.171,robot_2,3.685,0.162
1788096619,399708214,226.391,robot_0,1.175,-3.484
1788096619,399736506,226.391,robot_1,1.194,3.521
1788096619,399748040,226.391,robot_2,3.663,0.099
1788096619,619431977,226.611,robot_0,1.146,-3.543
1788096619,619465267,226.611,robot_1,1.258,3.508
1788096619,619477341,226.611,robot_2,3.640,0.037
1788096619,819475966,226.811,robot_0,1.120,-3.597
1788096619,819507287,226.811,robot_1,1.317,3.496
1788096619,819519263,226.811,robot_2,3.620,-0.019
1788096620,19854014,227.011,robot_0,1.093,-3.651
1788096620,19910290,227.011,robot_1,1.376,3.485
1788096620,19932268,227.011,robot_2,3.600,-0.076
1788096620,239040988,227.230,robot_0,1.065,-3.710
1788096620,239091249,227.230,robot_1,1.441,3.472
1788096620,239101196,227.230,robot_2,3.578,-0.138
1788096620,458924980,227.450,robot_0,1.036,-3.770
1788096620,458960125,227.450,robot_1,1.505,3.459
1788096620,458971040,227.450,robot_2,3.555,-0.200
1788096620,670166772,227.662,robot_0,1.008,-3.826
1788096620,670206889,227.662,robot_1,1.567,3.446
1788096620,670221530,227.662,robot_2,3.534,-0.259
1788096620,890031675,227.881,robot_0,0.979,-3.885
1788096620,890091088,227.881,robot_1,1.632,3.434
1788096620,890113009,227.881,robot_2,3.512,-0.321
1788096621,90915762,228.082,robot_0,0.953,-3.939
1788096621,90969658,228.082,robot_1,1.691,3.422
1788096621,90998671,228.082,robot_2,3.491,-0.378
1788096621,309385224,228.301,robot_0,0.924,-3.999
1788096621,309421144,228.301,robot_1,1.756,3.409
1788096621,309432944,228.301,robot_2,3.469,-0.440
1788096621,509533822,228.501,robot_0,0.898,-4.053
1788096621,509573697,228.501,robot_1,1.814,3.397
1788096621,509587951,228.501,robot_2,3.449,-0.496
1788096621,710556969,228.702,robot_0,0.871,-4.107
1788096621,710594594,228.702,robot_1,1.873,3.385
1788096621,710607696,228.702,robot_2,3.428,-0.553
1788096621,929525572,228.921,robot_0,0.849,-4.151
1788096621,929559056,228.921,robot_1,1.938,3.373
1788096621,929571374,228.921,robot_2,3.406,-0.615
1788096622,130113880,229.121,robot_0,0.850,-4.152
1788096622,130152642,229.121,robot_1,1.997,3.361
1788096622,130165782,229.122,robot_2,3.386,-0.671
1788096622,330623107,229.322,robot_0,0.850,-4.152
1788096622,330681645,229.322,robot_1,2.056,3.349
1788096622,330707715,229.322,robot_2,3.366,-0.728
1788096622,549403316,229.541,robot_0,0.850,-4.152
1788096622,549447459,229.541,robot_1,2.120,3.336
1788096622,549463328,229.541,robot_2,3.343,-0.790
1788096622,749611146,229.741,robot_0,0.851,-4.153
1788096622,749659280,229.741,robot_1,2.179,3.325
1788096622,749678665,229.741,robot_2,3.323,-0.846
1788096622,969212544,229.961,robot_0,0.851,-4.153
1788096622,969249258,229.961,robot_1,2.244,3.312
1788096622,969277401,229.961,robot_2,3.301,-0.909
1788096623,179938102,230.171,robot_0,0.851,-4.154
1788096623,180010092,230.171,robot_1,2.306,3.299
1788096623,180038369,230.171,robot_2,3.279,-0.968
1788096623,399667658,230.391,robot_0,0.816,-4.152
1788096623,399730872,230.391,robot_1,2.370,3.286
1788096623,399756241,230.391,robot_2,3.257,-1.030
1788096623,620188397,230.612,robot_0,0.750,-4.144
1788096623,620254595,230.612,robot_1,2.435,3.274
1788096623,620279333,230.612,robot_2,3.235,-1.092
1788096623,820445642,230.812,robot_0,0.691,-4.135
1788096623,820502345,230.812,robot_1,2.494,3.262
1788096623,820526758,230.812,robot_2,3.214,-1.148
1788096624,20513484,231.012,robot_0,0.632,-4.127
1788096624,20569231,231.012,robot_1,2.553,3.250
1788096624,20594044,231.012,robot_2,3.194,-1.205
1788096624,229708429,231.221,robot_0,0.569,-4.117
1788096624,229768132,231.221,robot_1,2.615,3.238
1788096624,229794128,231.221,robot_2,3.173,-1.264
1788096624,449797311,231.441,robot_0,0.504,-4.108
1788096624,449829169,231.441,robot_1,2.679,3.225
1788096624,449842574,231.441,robot_2,3.151,-1.326
1788096624,670047527,231.661,robot_0,0.439,-4.098
1788096624,670078442,231.661,robot_1,2.744,3.212
1788096624,670093598,231.661,robot_2,3.128,-1.388
1788096624,888999753,231.880,robot_0,0.373,-4.088
1788096624,889036082,231.880,robot_1,2.809,3.199
1788096624,889052423,231.880,robot_2,3.106,-1.451
1788096625,89924446,232.081,robot_0,0.314,-4.080
1788096625,89969155,232.081,robot_1,2.868,3.187
1788096625,89988414,232.081,robot_2,3.086,-1.507
1788096625,289971599,232.281,robot_0,0.255,-4.071
1788096625,290031907,232.281,robot_1,2.927,3.176
1788096625,290058924,232.281,robot_2,3.065,-1.564
1788096625,509858986,232.501,robot_0,0.189,-4.061
1788096625,509895472,232.501,robot_1,2.991,3.163
1788096625,509911346,232.501,robot_2,3.043,-1.626
1788096625,730254230,232.722,robot_0,0.124,-4.052
1788096625,730314356,232.722,robot_1,3.056,3.150
1788096625,730341591,232.722,robot_2,3.021,-1.688
1788096625,949607312,232.941,robot_0,0.059,-4.042
1788096625,949642069,232.941,robot_1,3.121,3.137
1788096625,949655675,232.941,robot_2,2.998,-1.750
1788096626,151280599,233.143,robot_0,-0.001,-4.033
1788096626,151317889,233.143,robot_1,3.180,3.125
1788096626,151331638,233.143,robot_2,2.978,-1.806
1788096626,370281476,233.362,robot_0,-0.066,-4.024
1788096626,370317722,233.362,robot_1,3.244,3.112
1788096626,370331692,233.362,robot_2,2.956,-1.868
1788096626,589568745,233.581,robot_0,-0.131,-4.014
1788096626,589604450,233.581,robot_1,3.309,3.099
1788096626,589618865,233.581,robot_2,2.933,-1.931
1788096626,790254464,233.782,robot_0,-0.191,-4.005
1788096626,790314084,233.782,robot_1,3.368,3.088
1788096626,790339061,233.782,robot_2,2.913,-1.987
1788096627,9267026,234.001,robot_0,-0.256,-3.996
1788096627,9304796,234.001,robot_1,3.433,3.075
1788096627,9317722,234.001,robot_2,2.891,-2.049
1788096627,210007663,234.201,robot_0,-0.315,-3.987
1788096627,210045152,234.201,robot_1,3.491,3.063
1788096627,210057049,234.201,robot_2,2.871,-2.106
1788096627,429671517,234.421,robot_0,-0.381,-3.977
1788096627,429704714,234.421,robot_1,3.556,3.050
1788096627,429717799,234.421,robot_2,2.848,-2.168
1788096627,649110593,234.640,robot_0,-0.446,-3.967
1788096627,649143545,234.640,robot_1,3.621,3.037
1788096627,649155716,234.640,robot_2,2.826,-2.230
1788096627,849951203,234.841,robot_0,-0.505,-3.959
1788096627,850013371,234.841,robot_1,3.680,3.026
1788096627,850043601,234.841,robot_2,2.806,-2.286
1788096628,69735284,235.061,robot_0,-0.570,-3.949
1788096628,69791008,235.061,robot_1,3.744,3.013
1788096628,69818704,235.061,robot_2,2.783,-2.348
1788096628,269945879,235.261,robot_0,-0.630,-3.940
1788096628,270012249,235.261,robot_1,3.803,3.001
1788096628,270051221,235.261,robot_2,2.763,-2.405
1788096628,470097418,235.461,robot_0,-0.689,-3.931
1788096628,470157321,235.461,robot_1,3.862,2.989
1788096628,470171182,235.462,robot_2,2.743,-2.461
1788096628,670166976,235.662,robot_0,-0.749,-3.923
1788096628,670201425,235.662,robot_1,3.921,2.978
1788096628,670215214,235.662,robot_2,2.722,-2.518
1788096628,889533347,235.881,robot_0,-0.814,-3.913
1788096628,889569420,235.881,robot_1,3.986,2.965
1788096628,889583760,235.881,robot_2,2.700,-2.580
1788096629,109315730,236.101,robot_0,-0.879,-3.903
1788096629,109356440,236.101,robot_1,4.050,2.952
1788096629,109370065,236.101,robot_2,2.678,-2.642
1788096629,309412551,236.301,robot_0,-0.938,-3.895
1788096629,309448014,236.301,robot_1,4.088,2.944
1788096629,309462138,236.301,robot_2,2.658,-2.698
1788096629,510085257,236.501,robot_0,-0.998,-3.886
1788096629,510128905,236.501,robot_1,4.088,2.944
1788096629,510148262,236.501,robot_2,2.637,-2.755
1788096629,719581524,236.711,robot_0,-1.060,-3.877
1788096629,719628294,236.711,robot_1,4.088,2.945
1788096629,719649703,236.711,robot_2,2.616,-2.814
1788096629,920869089,236.912,robot_0,-1.119,-3.868
1788096629,920925512,236.912,robot_1,4.088,2.945
1788096629,920953544,236.912,robot_2,2.596,-2.871
1788096630,145705373,237.137,robot_0,-1.185,-3.858
1788096630,145742605,237.137,robot_1,4.088,2.945
1788096630,145757399,237.137,robot_2,2.573,-2.933
1788096630,349557263,237.341,robot_0,-1.247,-3.849
1788096630,349596421,237.341,robot_1,4.089,2.946
1788096630,349610999,237.341,robot_2,2.552,-2.992
1788096630,569629779,237.561,robot_0,-1.312,-3.839
1788096630,569662740,237.561,robot_1,4.089,2.946
1788096630,569676832,237.561,robot_2,2.530,-3.054
1788096630,773541982,237.765,robot_0,-1.369,-3.831
1788096630,773582157,237.765,robot_1,4.089,2.946
1788096630,773596500,237.765,robot_2,2.510,-3.108
1788096630,993553878,237.985,robot_0,-1.434,-3.821
1788096630,993620802,237.985,robot_1,4.091,2.902
1788096630,993649262,237.985,robot_2,2.488,-3.170
1788096631,213160860,238.205,robot_0,-1.499,-3.812
1788096631,213195197,238.205,robot_1,4.088,2.836
1788096631,213210196,238.205,robot_2,2.466,-3.232
1788096631,413533335,238.405,robot_0,-1.559,-3.803
1788096631,413565767,238.405,robot_1,4.084,2.776
1788096631,413581207,238.405,robot_2,2.446,-3.289
1788096631,633280836,238.625,robot_0,-1.624,-3.793
1788096631,633313278,238.625,robot_1,4.080,2.710
1788096631,633327760,238.625,robot_2,2.423,-3.351
1788096631,843396480,238.835,robot_0,-1.686,-3.784
1788096631,843478175,238.835,robot_1,4.076,2.647
1788096631,843504700,238.835,robot_2,2.402,-3.410
1788096632,63779801,239.055,robot_0,-1.752,-3.775
1788096632,63829473,239.055,robot_1,4.072,2.581
1788096632,63843744,239.055,robot_2,2.380,-3.472
1788096632,283819922,239.275,robot_0,-1.817,-3.765
1788096632,283877853,239.275,robot_1,4.068,2.515
1788096632,283902641,239.275,robot_2,2.357,-3.534
1788096632,484027944,239.475,robot_0,-1.876,-3.756
1788096632,484064109,239.475,robot_1,4.064,2.455
1788096632,484076526,239.475,robot_2,2.337,-3.591
1788096632,693631810,239.685,robot_0,-1.939,-3.747
1788096632,693694600,239.685,robot_1,4.061,2.393
1788096632,693722990,239.685,robot_2,2.316,-3.650
1788096632,913432425,239.905,robot_0,-2.004,-3.737
1788096632,913467232,239.905,robot_1,4.057,2.327
1788096632,913481310,239.905,robot_2,2.293,-3.712
1788096633,113492653,240.105,robot_0,-2.063,-3.729
1788096633,113535952,240.105,robot_1,4.053,2.267
1788096633,113552707,240.105,robot_2,2.273,-3.769
1788096633,334485917,240.326,robot_0,-2.129,-3.719
1788096633,334555310,240.326,robot_1,4.049,2.201
1788096633,334581065,240.326,robot_2,2.251,-3.831
1788096633,552723169,240.544,robot_0,-2.194,-3.709
1788096633,552756635,240.544,robot_1,4.045,2.135
1788096633,552769816,240.544,robot_2,2.228,-3.893
1788096633,763933838,240.755,robot_0,-2.256,-3.700
1788096633,763972406,240.755,robot_1,4.041,2.072
1788096633,763993031,240.755,robot_2,2.207,-3.952
1788096633,964116277,240.955,robot_0,-2.316,-3.691
1788096633,964179984,240.956,robot_1,4.037,2.012
1788096633,964214382,240.956,robot_2,2.187,-4.009
1788096634,183866031,241.175,robot_0,-2.381,-3.682
1788096634,183923430,241.175,robot_1,4.033,1.946
1788096634,183954042,241.175,robot_2,2.165,-4.071
1788096634,403052442,241.394,robot_0,-2.446,-3.672
1788096634,403089425,241.394,robot_1,4.029,1.880
1788096634,403112877,241.394,robot_2,2.143,-4.129
1788096634,603463690,241.595,robot_0,-2.505,-3.663
1788096634,603504455,241.595,robot_1,4.026,1.821
1788096634,603523682,241.595,robot_2,2.142,-4.135
1788096634,803654328,241.795,robot_0,-2.565,-3.654
1788096634,803690639,241.795,robot_1,4.022,1.761
1788096634,803709440,241.795,robot_2,2.142,-4.135
1788096635,23156095,242.014,robot_0,-2.630,-3.645
1788096635,23195563,242.015,robot_1,4.018,1.695
1788096635,23211588,242.015,robot_2,2.142,-4.135
1788096635,223658430,242.215,robot_0,-2.689,-3.636
1788096635,223707040,242.215,robot_1,4.014,1.635
1788096635,223719768,242.215,robot_2,2.142,-4.135
1788096635,443087191,242.434,robot_0,-2.755,-3.626
1788096635,443120579,242.434,robot_1,4.010,1.569
1788096635,443132701,242.434,robot_2,2.143,-4.136
1788096635,643188296,242.635,robot_0,-2.814,-3.618
1788096635,643236186,242.635,robot_1,4.007,1.509
1788096635,643254916,242.635,robot_2,2.143,-4.136
1788096635,862747438,242.854,robot_0,-2.879,-3.608
1788096635,862780325,242.854,robot_1,4.003,1.443
1788096635,862792991,242.854,robot_2,2.128,-4.137
1788096636,63722470,243.055,robot_0,-2.939,-3.599
1788096636,63787328,243.055,robot_1,3.999,1.383
1788096636,63811960,243.055,robot_2,2.069,-4.138
1788096636,273743686,243.265,robot_0,-3.001,-3.590
1788096636,273797795,243.265,robot_1,3.995,1.320
1788096636,273824961,243.265,robot_2,2.006,-4.136
1788096636,473897742,243.465,robot_0,-3.060,-3.581
1788096636,473952864,243.465,robot_1,3.992,1.261
1788096636,473986845,243.465,robot_2,1.946,-4.133
1788096636,693238756,243.685,robot_0,-3.126,-3.572
1788096636,693283358,243.685,robot_1,3.988,1.195
1788096636,693304137,243.685,robot_2,1.880,-4.131
1788096636,893456880,243.885,robot_0,-3.185,-3.563
1788096636,893497440,243.885,robot_1,3.984,1.135
1788096636,893517107,243.885,robot_2,1.820,-4.129
1788096637,112799072,244.104,robot_0,-3.250,-3.553
1788096637,112841501,244.104,robot_1,3.980,1.069
1788096637,112861512,244.104,robot_2,1.754,-4.126
1788096637,323403523,244.315,robot_0,-3.313,-3.544
1788096637,323454814,244.315,robot_1,3.976,1.006
1788096637,323481958,244.315,robot_2,1.691,-4.124
1788096637,543123999,244.534,robot_0,-3.378,-3.534
1788096637,543156302,244.534,robot_1,3.972,0.940
1788096637,543170227,244.535,robot_2,1.625,-4.121
1788096637,743659182,244.735,robot_0,-3.437,-3.526
1788096637,743708861,244.735,robot_1,3.968,0.880
1788096637,743737206,244.735,robot_2,1.565,-4.119
1788096637,962833160,244.954,robot_0,-3.503,-3.516
1788096637,962868376,244.954,robot_1,3.964,0.814
1788096637,962888648,244.954,robot_2,1.499,-4.116
1788096638,163345778,245.155,robot_0,-3.562,-3.507
1788096638,163378677,245.155,robot_1,3.961,0.755
1788096638,163392552,245.155,robot_2,1.439,-4.114
1788096638,383148123,245.374,robot_0,-3.627,-3.497
1788096638,383181685,245.375,robot_1,3.957,0.689
1788096638,383196350,245.375,robot_2,1.373,-4.112
1788096638,602789180,245.594,robot_0,-3.693,-3.488
1788096638,602833792,245.594,robot_1,3.953,0.623
1788096638,602845131,245.594,robot_2,1.307,-4.109
1788096638,803624522,245.795,robot_0,-3.752,-3.479
1788096638,803691815,245.795,robot_1,3.949,0.563
1788096638,803718043,245.795,robot_2,1.247,-4.107
1788096639,23016907,246.014,robot_0,-3.817,-3.469
1788096639,23063848,246.014,robot_1,3.945,0.497
1788096639,23084363,246.014,robot_2,1.181,-4.104
1788096639,243300321,246.235,robot_0,-3.883,-3.460
1788096639,243333353,246.235,robot_1,3.941,0.431
1788096639,243347168,246.235,robot_2,1.115,-4.102
1788096639,463113858,246.454,robot_0,-3.948,-3.450
1788096639,463149161,246.454,robot_1,3.937,0.365
1788096639,463163088,246.454,robot_2,1.049,-4.099
1788096639,663256192,246.655,robot_0,-4.007,-3.441
1788096639,663290924,246.655,robot_1,3.933,0.305
1788096639,663305194,246.655,robot_2,0.989,-4.097
1788096639,883798037,246.875,robot_0,-4.072,-3.432
1788096639,883833108,246.875,robot_1,3.929,0.239
1788096639,883847385,246.875,robot_2,0.923,-4.094
1788096640,83880294,247.075,robot_0,-4.132,-3.423
1788096640,83936744,247.075,robot_1,3.926,0.180
1788096640,83965324,247.075,robot_2,0.863,-4.092
1788096640,303148028,247.294,robot_0,-4.197,-3.413
1788096640,303191666,247.295,robot_1,3.922,0.114
1788096640,303212782,247.295,robot_2,0.797,-4.090
1788096640,504114555,247.495,robot_0,-4.217,-3.410
1788096640,504166818,247.496,robot_1,3.918,0.054
1788096640,504184856,247.496,robot_2,0.738,-4.087
1788096640,706576489,247.698,robot_0,-4.217,-3.411
1788096640,706611211,247.698,robot_1,3.915,-0.003
1788096640,706625886,247.698,robot_2,0.681,-4.085
1788096640,926615139,247.918,robot_0,-4.217,-3.411
1788096640,926647824,247.918,robot_1,3.911,-0.069
1788096640,926660800,247.918,robot_2,0.615,-4.083
1788096641,146624536,248.138,robot_0,-4.218,-3.412
1788096641,146659127,248.138,robot_1,3.907,-0.135
1788096641,146674668,248.138,robot_2,0.549,-4.080
1788096641,365685014,248.357,robot_0,-4.218,-3.412
1788096641,365719840,248.357,robot_1,3.903,-0.201
1788096641,365734605,248.357,robot_2,0.483,-4.078
1788096641,566467736,248.558,robot_0,-4.218,-3.412
1788096641,566501236,248.558,robot_1,3.899,-0.261
1788096641,566518416,248.558,robot_2,0.423,-4.075
1788096641,776508878,248.768,robot_0,-4.219,-3.413
1788096641,776543919,248.768,robot_1,3.895,-0.323
1788096641,776559535,248.768,robot_2,0.360,-4.073
1788096641,977061479,248.968,robot_0,-4.219,-3.413
1788096641,977118770,248.968,robot_1,3.891,-0.383
1788096641,977146382,248.968,robot_2,0.300,-4.071
1788096642,196313428,249.188,robot_0,-4.220,-3.413
1788096642,196346109,249.188,robot_1,3.887,-0.449
1788096642,196358370,249.188,robot_2,0.234,-4.068
1788096642,397309236,249.389,robot_0,-4.218,-3.405
1788096642,397364425,249.389,robot_1,3.884,-0.509
1788096642,397389583,249.389,robot_2,0.174,-4.066
1788096642,616378372,249.608,robot_0,-4.199,-3.345
1788096642,616431719,249.608,robot_1,3.880,-0.575
1788096642,616457444,249.608,robot_2,0.108,-4.063
1788096642,826026043,249.817,robot_0,-4.176,-3.286
1788096642,826059091,249.817,robot_1,3.876,-0.638
1788096642,826071813,249.817,robot_2,0.045,-4.061
1788096643,26092243,250.017,robot_0,-4.155,-3.230
1788096643,26126324,250.017,robot_1,3.872,-0.698
1788096643,26140249,250.017,robot_2,-0.015,-4.059
1788096643,246035512,250.237,robot_0,-4.131,-3.168
1788096643,246070824,250.237,robot_1,3.868,-0.764
1788096643,246085388,250.237,robot_2,-0.081,-4.056
1788096643,446884039,250.438,robot_0,-4.109,-3.113
1788096643,446938726,250.438,robot_1,3.865,-0.824
1788096643,446967163,250.438,robot_2,-0.141,-4.054
1788096643,673916546,250.665,robot_0,-4.085,-3.051
1788096643,673952744,250.665,robot_1,3.861,-0.889
1788096643,673966915,250.665,robot_2,-0.207,-4.051
1788096643,876609287,250.868,robot_0,-4.062,-2.992
1788096643,876642953,250.868,robot_1,3.857,-0.952
1788096643,876657895,250.868,robot_2,-0.270,-4.049
1788096644,95897500,251.087,robot_0,-4.038,-2.931
1788096644,95931200,251.087,robot_1,3.853,-1.018
1788096644,95943995,251.087,robot_2,-0.336,-4.046
1788096644,296257417,251.288,robot_0,-4.017,-2.875
1788096644,296296404,251.288,robot_1,3.849,-1.078
1788096644,296314515,251.288,robot_2,-0.396,-4.044
1788096644,496394796,251.488,robot_0,-3.995,-2.819
1788096644,496455532,251.488,robot_1,3.846,-1.138
1788096644,496482667,251.488,robot_2,-0.456,-4.042
1788096644,716059327,251.707,robot_0,-3.971,-2.757
1788096644,716102197,251.707,robot_1,3.842,-1.204
1788096644,716120491,251.707,robot_2,-0.522,-4.039
1788096644,916506423,251.908,robot_0,-3.949,-2.701
1788096644,916563012,251.908,robot_1,3.838,-1.264
1788096644,916589108,251.908,robot_2,-0.582,-4.037
1788096645,136372901,252.128,robot_0,-3.925,-2.640
1788096645,136411816,252.128,robot_1,3.834,-1.330
1788096645,136426083,252.128,robot_2,-0.647,-4.034
1788096645,355668857,252.347,robot_0,-3.901,-2.578
1788096645,355701342,252.347,robot_1,3.830,-1.395
1788096645,355713697,252.347,robot_2,-0.713,-4.032
1788096645,555786217,252.547,robot_0,-3.880,-2.523
1788096645,555818605,252.547,robot_1,3.826,-1.455
1788096645,555830212,252.547,robot_2,-0.773,-4.030
1788096645,756626992,252.748,robot_0,-3.858,-2.467
1788096645,756669136,252.748,robot_1,3.823,-1.515
1788096645,756684626,252.748,robot_2,-0.833,-4.027
1788096645,976065141,252.967,robot_0,-3.834,-2.405
1788096645,976098972,252.967,robot_1,3.819,-1.581
1788096645,976111876,252.967,robot_2,-0.899,-4.025
1788096646,181876782,253.173,robot_0,-3.812,-2.349
1788096646,181910643,253.173,robot_1,3.815,-1.641
1788096646,181925684,253.173,robot_2,-0.959,-4.022
1788096646,386297531,253.378,robot_0,-3.789,-2.290
1788096646,386335393,253.378,robot_1,3.811,-1.704
1788096646,386349761,253.378,robot_2,-1.022,-4.020
1788096646,586437978,253.578,robot_0,-3.768,-2.235
1788096646,586482770,253.578,robot_1,3.807,-1.764
1788096646,586502782,253.578,robot_2,-1.082,-4.018
1788096646,798553394,253.790,robot_0,-3.746,-2.179
1788096646,798586002,253.790,robot_1,3.804,-1.824
1788096646,798601095,253.790,robot_2,-1.142,-4.015
1788096647,18154390,254.009,robot_0,-3.722,-2.117
1788096647,18200495,254.010,robot_1,3.800,-1.890
1788096647,18218705,254.010,robot_2,-1.208,-4.013
1788096647,227877117,254.219,robot_0,-3.699,-2.058
1788096647,227912383,254.219,robot_1,3.796,-1.952
1788096647,227925861,254.219,robot_2,-1.271,-4.011
1788096647,428082928,254.419,robot_0,-3.677,-2.002
1788096647,428123167,254.419,robot_1,3.792,-2.012
1788096647,428138042,254.419,robot_2,-1.331,-4.008
1788096647,628335368,254.620,robot_0,-3.656,-1.947
1788096647,628374281,254.620,robot_1,3.789,-2.072
1788096647,628389408,254.620,robot_2,-1.391,-4.006
1788096647,847880258,254.839,robot_0,-3.632,-1.885
1788096647,847913658,254.839,robot_1,3.785,-2.138
1788096647,847928611,254.839,robot_2,-1.457,-4.003
1788096648,48398190,255.040,robot_0,-3.610,-1.829
1788096648,48429540,255.040,robot_1,3.781,-2.198
1788096648,48443331,255.040,robot_2,-1.517,-4.001
1788096648,248441084,255.240,robot_0,-3.588,-1.773
1788096648,248476406,255.240,robot_1,3.777,-2.258
1788096648,248491746,255.240,robot_2,-1.577,-3.999
1788096648,467656653,255.459,robot_0,-3.564,-1.712
1788096648,467685020,255.459,robot_1,3.773,-2.324
1788096648,467698213,255.459,robot_2,-1.643,-3.996
1788096648,668763319,255.660,robot_0,-3.543,-1.656
1788096648,668807499,255.660,robot_1,3.770,-2.384
1788096648,668825804,255.660,robot_2,-1.703,-3.994
1788096648,869016439,255.860,robot_0,-3.521,-1.600
1788096648,869047575,255.860,robot_1,3.766,-2.444
1788096648,869060225,255.860,robot_2,-1.763,-3.992
1788096649,87666756,256.079,robot_0,-3.497,-1.538
1788096649,87696126,256.079,robot_1,3.762,-2.509
1788096649,87708488,256.079,robot_2,-1.829,-3.989
1788096649,287849568,256.279,robot_0,-3.475,-1.482
1788096649,287880956,256.279,robot_1,3.758,-2.569
1788096649,287893889,256.279,robot_2,-1.889,-3.987
1788096649,487924891,256.479,robot_0,-3.453,-1.426
1788096649,487954691,256.479,robot_1,3.755,-2.629
1788096649,487966556,256.479,robot_2,-1.949,-3.985
1788096649,690315079,256.682,robot_0,-3.432,-1.370
1788096649,690349017,256.682,robot_1,3.751,-2.689
1788096649,690363123,256.682,robot_2,-2.008,-3.982
1788096649,908535968,256.900,robot_0,-3.408,-1.309
1788096649,908570965,256.900,robot_1,3.747,-2.755
1788096649,908585260,256.900,robot_2,-2.074,-3.980
1788096650,127732577,257.119,robot_0,-3.384,-1.247
1788096650,127766147,257.119,robot_1,3.743,-2.821
1788096650,127779954,257.119,robot_2,-2.140,-3.977
1788096650,328016881,257.319,robot_0,-3.362,-1.192
1788096650,328051628,257.319,robot_1,3.739,-2.881
1788096650,328065195,257.319,robot_2,-2.200,-3.975
1788096650,528277287,257.520,robot_0,-3.340,-1.136
1788096650,528333352,257.520,robot_1,3.736,-2.941
1788096650,528359897,257.520,robot_2,-2.260,-3.973
1788096650,728940561,257.720,robot_0,-3.319,-1.080
1788096650,729011201,257.720,robot_1,3.732,-3.001
1788096650,729044370,257.720,robot_2,-2.320,-3.970
1788096650,948681239,257.940,robot_0,-3.295,-1.018
1788096650,948739502,257.940,robot_1,3.728,-3.066
1788096650,948766955,257.940,robot_2,-2.386,-3.968
1788096651,168566966,258.160,robot_0,-3.271,-0.957
1788096651,168597239,258.160,robot_1,3.724,-3.132
1788096651,168610363,258.160,robot_2,-2.452,-3.965
1788096651,387651416,258.379,robot_0,-3.247,-0.895
1788096651,387686889,258.379,robot_1,3.720,-3.198
1788096651,387701957,258.379,robot_2,-2.518,-3.963
1788096651,588163092,258.580,robot_0,-3.225,-0.839
1788096651,588197521,258.580,robot_1,3.716,-3.258
1788096651,588210585,258.580,robot_2,-2.578,-3.961
1788096651,788571953,258.780,robot_0,-3.203,-0.783
1788096651,788632837,258.780,robot_1,3.713,-3.318
1788096651,788660410,258.780,robot_2,-2.638,-3.958
1788096652,8366259,259.000,robot_0,-3.180,-0.722
1788096652,8398631,259.000,robot_1,3.709,-3.384
1788096652,8410014,259.000,robot_2,-2.704,-3.956
1788096652,208512181,259.200,robot_0,-3.158,-0.666
1788096652,208577805,259.200,robot_1,3.705,-3.444
1788096652,208607673,259.200,robot_2,-2.764,-3.953
1788096652,428381466,259.420,robot_0,-3.134,-0.604
1788096652,428415595,259.420,robot_1,3.701,-3.510
1788096652,428428632,259.420,robot_2,-2.830,-3.951
1788096652,628626343,259.620,robot_0,-3.112,-0.548
1788096652,628678436,259.620,robot_1,3.697,-3.569
1788096652,628703390,259.620,robot_2,-2.890,-3.949
1788096652,837952275,259.829,robot_0,-3.089,-0.490
1788096652,837998027,259.829,robot_1,3.694,-3.632
1788096652,838010181,259.829,robot_2,-2.953,-3.946
1788096653,58317028,260.050,robot_0,-3.065,-0.428
1788096653,58353783,260.050,robot_1,3.690,-3.698
1788096653,58368847,260.050,robot_2,-3.019,-3.944
1788096653,258507218,260.250,robot_0,-3.044,-0.372
1788096653,258540078,260.250,robot_1,3.686,-3.758
1788096653,258553838,260.250,robot_2,-3.079,-3.941
1788096653,478666722,260.470,robot_0,-3.020,-0.311
1788096653,478724089,260.470,robot_1,3.682,-3.824
1788096653,478751311,260.470,robot_2,-3.145,-3.939
1788096653,685065857,260.676,robot_0,-2.998,-0.255
1788096653,685125211,260.676,robot_1,3.678,-3.884
1788096653,685152401,260.676,robot_2,-3.205,-3.937
1788096653,888437580,260.880,robot_0,-2.975,-0.196
1788096653,888485050,260.880,robot_1,3.674,-3.947
1788096653,888507290,260.880,robot_2,-3.268,-3.934
1788096654,109937556,261.101,robot_0,-2.951,-0.135
1788096654,110010111,261.101,robot_1,3.670,-4.013
1788096654,110041936,261.101,robot_2,-3.333,-3.932
1788096654,328777478,261.320,robot_0,-2.927,-0.073
1788096654,328843416,261.320,robot_1,3.666,-4.079
1788096654,328872942,261.320,robot_2,-3.399,-3.929
1788096654,548093584,261.539,robot_0,-2.903,-0.012
1788096654,548131020,261.539,robot_1,3.662,-4.144
1788096654,548146874,261.539,robot_2,-3.465,-3.927
1788096654,748882561,261.740,robot_0,-2.882,0.044
1788096654,748928386,261.740,robot_1,3.659,-4.204
1788096654,748948340,261.740,robot_2,-3.525,-3.924
1788096654,968753156,261.960,robot_0,-2.858,0.106
1788096654,968801214,261.960,robot_1,3.657,-4.233
1788096654,968823975,261.960,robot_2,-3.591,-3.922
1788096655,188527973,262.180,robot_0,-2.834,0.167
1788096655,188589024,262.180,robot_1,3.657,-4.233
1788096655,188616665,262.180,robot_2,-3.657,-3.919
1788096655,408493828,262.400,robot_0,-2.810,0.229
1788096655,408528251,262.400,robot_1,3.658,-4.233
1788096655,408541709,262.400,robot_2,-3.723,-3.917
1788096655,628123623,262.619,robot_0,-2.786,0.290
1788096655,628178105,262.620,robot_1,3.658,-4.234
1788096655,628206046,262.620,robot_2,-3.789,-3.914
1788096655,828323533,262.820,robot_0,-2.764,0.346
1788096655,828381758,262.820,robot_1,3.658,-4.234
1788096655,828410141,262.820,robot_2,-3.849,-3.912
1788096656,28859403,263.020,robot_0,-2.743,0.402
1788096656,28914697,263.020,robot_1,3.658,-4.234
1788096656,28943255,263.020,robot_2,-3.909,-3.910
1788096656,248039500,263.239,robot_0,-2.719,0.464
1788096656,248079102,263.239,robot_1,3.659,-4.235
1788096656,248100032,263.239,robot_2,-3.975,-3.907
1788096656,448485336,263.440,robot_0,-2.697,0.520
1788096656,448540055,263.440,robot_1,3.659,-4.235
1788096656,448567913,263.440,robot_2,-4.035,-3.905
1788096656,667900396,263.659,robot_0,-2.673,0.581
1788096656,667934620,263.659,robot_1,3.659,-4.235
1788096656,667949082,263.659,robot_2,-4.101,-3.902
1788096656,868375765,263.860,robot_0,-2.651,0.637
1788096656,868436733,263.860,robot_1,3.651,-4.234
1788096656,868466436,263.860,robot_2,-4.161,-3.900
1788096657,87914417,264.079,robot_0,-2.627,0.699
1788096657,87947409,264.079,robot_1,3.589,-4.219
1788096657,87958750,264.079,robot_2,-4.227,-3.898
1788096657,288362988,264.280,robot_0,-2.606,0.755
1788096657,288414796,264.280,robot_1,3.532,-4.202
1788096657,288438817,264.280,robot_2,-4.287,-3.895
1788096657,508252125,264.500,robot_0,-2.582,0.816
1788096657,508281753,264.500,robot_1,3.469,-4.183
1788096657,508293357,264.500,robot_2,-4.325,-3.894
1788096657,709633686,264.701,robot_0,-2.560,0.872
1788096657,709689586,264.701,robot_1,3.411,-4.166
1788096657,709715082,264.701,robot_2,-4.325,-3.894
1788096657,928588259,264.920,robot_0,-2.536,0.934
1788096657,928640888,264.920,robot_1,3.348,-4.147
1788096657,928669297,264.920,robot_2,-4.325,-3.894
1788096658,148837246,265.140,robot_0,-2.512,0.995
1788096658,148895244,265.140,robot_1,3.285,-4.127
1788096658,148924754,265.140,robot_2,-4.325,-3.895
1788096658,367764292,265.359,robot_0,-2.488,1.057
1788096658,367795437,265.359,robot_1,3.222,-4.108
1788096658,367810324,265.359,robot_2,-4.325,-3.895
1788096658,568432505,265.560,robot_0,-2.467,1.113
1788096658,568485121,265.560,robot_1,3.164,-4.091
1788096658,568512772,265.560,robot_2,-4.326,-3.895
1788096658,768604886,265.760,robot_0,-2.445,1.168
1788096658,768641954,265.760,robot_1,3.107,-4.074
1788096658,768656800,265.760,robot_2,-4.326,-3.895
1788096658,987895086,265.979,robot_0,-2.421,1.230
1788096658,987928378,265.979,robot_1,3.044,-4.054
1788096658,987943483,265.979,robot_2,-4.326,-3.896
1788096659,199982347,266.191,robot_0,-2.399,1.286
1788096659,200021273,266.191,robot_1,2.986,-4.037
1788096659,200040821,266.191,robot_2,-4.327,-3.896
1788096659,420298851,266.412,robot_0,-2.375,1.347
1788096659,420340388,266.412,robot_1,2.923,-4.018
1788096659,420359631,266.412,robot_2,-4.327,-3.896
1788096659,639871658,266.631,robot_0,-2.351,1.409
1788096659,639927862,266.631,robot_1,2.860,-3.999
1788096659,639946615,266.631,robot_2,-4.328,-3.895
1788096659,850026499,266.841,robot_0,-2.328,1.468
1788096659,850062391,266.841,robot_1,2.800,-3.981
1788096659,850076362,266.841,robot_2,-4.322,-3.884
1788096660,70346506,267.062,robot_0,-2.305,1.529
1788096660,70402307,267.062,robot_1,2.736,-3.961
1788096660,70430772,267.062,robot_2,-4.287,-3.830
1788096660,279811131,267.271,robot_0,-2.282,1.588
1788096660,279870733,267.271,robot_1,2.676,-3.943
1788096660,279902035,267.271,robot_2,-4.251,-3.778
1788096660,499734035,267.491,robot_0,-2.258,1.649
1788096660,499767616,267.491,robot_1,2.613,-3.924
1788096660,499779244,267.491,robot_2,-4.213,-3.724
1788096660,700438035,267.692,robot_0,-2.237,1.702
1788096660,700496641,267.692,robot_1,2.558,-3.907
1788096660,700521242,267.692,robot_2,-4.180,-3.677
1788096660,919974346,267.911,robot_0,-2.213,1.764
1788096660,920019076,267.911,robot_1,2.495,-3.888
1788096660,920030375,267.911,robot_2,-4.142,-3.624
1788096661,139518547,268.131,robot_0,-2.189,1.826
1788096661,139554126,268.131,robot_1,2.432,-3.869
1788096661,139565504,268.131,robot_2,-4.104,-3.570
1788096661,339738941,268.331,robot_0,-2.168,1.881
1788096661,339793174,268.331,robot_1,2.375,-3.852
1788096661,339816436,268.331,robot_2,-4.070,-3.520
1788096661,539724796,268.531,robot_0,-2.146,1.937
1788096661,539758037,268.531,robot_1,2.317,-3.834
1788096661,539770531,268.531,robot_2,-4.035,-3.471
1788096661,740098322,268.731,robot_0,-2.124,1.993
1788096661,740134045,268.731,robot_1,2.260,-3.817
1788096661,740159659,268.731,robot_2,-4.001,-3.422
1788096661,959896788,268.951,robot_0,-2.100,2.055
1788096661,959942002,268.951,robot_1,2.197,-3.798
1788096661,959961152,268.951,robot_2,-3.963,-3.368
1788096662,160422833,269.152,robot_0,-2.079,2.111
1788096662,160468435,269.152,robot_1,2.139,-3.781
1788096662,160486455,269.152,robot_2,-3.928,-3.319
1788096662,380055586,269.371,robot_0,-2.055,2.172
1788096662,380092328,269.371,robot_1,2.076,-3.761
1788096662,380106535,269.371,robot_2,-3.890,-3.265
1788096662,580441865,269.572,robot_0,-2.033,2.228
1788096662,580497429,269.572,robot_1,2.019,-3.744
1788096662,580524369,269.572,robot_2,-3.856,-3.216
1788096662,782388673,269.774,robot_0,-2.012,2.281
1788096662,782451100,269.774,robot_1,1.964,-3.728
1788096662,782478786,269.774,robot_2,-3.823,-3.170
1788096663,2687439,269.994,robot_0,-1.988,2.343
1788096663,2719786,269.994,robot_1,1.901,-3.708
1788096663,2733828,269.994,robot_2,-3.785,-3.116
1788096663,202909779,270.194,robot_0,-1.967,2.399
1788096663,202962896,270.194,robot_1,1.844,-3.691
1788096663,202995497,270.194,robot_2,-3.750,-3.067
1788096663,407357456,270.399,robot_0,-1.946,2.452
1788096663,407393129,270.399,robot_1,1.789,-3.675
1788096663,407406778,270.399,robot_2,-3.718,-3.020
1788096663,607694801,270.599,robot_0,-1.924,2.508
1788096663,607725011,270.599,robot_1,1.732,-3.657
1788096663,607738757,270.599,robot_2,-3.683,-2.971
1788096663,820237364,270.812,robot_0,-1.902,2.564
1788096663,820270893,270.812,robot_1,1.674,-3.640
1788096663,820282652,270.812,robot_2,-3.649,-2.922
1788096664,20399355,271.012,robot_0,-1.881,2.620
1788096664,20440315,271.012,robot_1,1.617,-3.622
1788096664,20455739,271.012,robot_2,-3.614,-2.873
1788096664,240433182,271.232,robot_0,-1.857,2.681
1788096664,240492501,271.232,robot_1,1.554,-3.603
1788096664,240514941,271.232,robot_2,-3.576,-2.819
1788096664,460028095,271.451,robot_0,-1.833,2.743
1788096664,460076592,271.451,robot_1,1.490,-3.584
1788096664,460094806,271.451,robot_2,-3.538,-2.765
1788096664,679688826,271.671,robot_0,-1.809,2.804
1788096664,679721235,271.671,robot_1,1.427,-3.565
1788096664,679731418,271.671,robot_2,-3.500,-2.711
1788096664,889531625,271.881,robot_0,-1.786,2.863
1788096664,889571226,271.881,robot_1,1.367,-3.547
1788096664,889583525,271.881,robot_2,-3.464,-2.659
1788096665,109677216,272.101,robot_0,-1.762,2.924
1788096665,109708208,272.101,robot_1,1.304,-3.528
1788096665,109719903,272.101,robot_2,-3.426,-2.605
1788096665,310750581,272.302,robot_0,-1.742,2.978
1788096665,310789526,272.302,robot_1,1.249,-3.511
1788096665,310804253,272.302,robot_2,-3.393,-2.559
1788096665,511182390,272.503,robot_0,-1.720,3.033
1788096665,511218815,272.503,robot_1,1.192,-3.494
1788096665,511230104,272.503,robot_2,-3.359,-2.510
1788096665,730920535,272.722,robot_0,-1.696,3.095
1788096665,730955161,272.722,robot_1,1.129,-3.475
1788096665,730966395,272.722,robot_2,-3.321,-2.456
1788096665,950511143,272.942,robot_0,-1.672,3.157
1788096665,950546226,272.942,robot_1,1.065,-3.456
1788096665,950559230,272.942,robot_2,-3.283,-2.402
1788096666,151044156,273.142,robot_0,-1.650,3.212
1788096666,151109393,273.142,robot_1,1.008,-3.438
1788096666,151158614,273.143,robot_2,-3.248,-2.353
1788096666,371032760,273.362,robot_0,-1.626,3.274
1788096666,371097983,273.362,robot_1,0.945,-3.419
1788096666,371126853,273.362,robot_2,-3.210,-2.299
1788096666,571074544,273.562,robot_0,-1.605,3.330
1788096666,571108668,273.562,robot_1,0.887,-3.402
1788096666,571124652,273.562,robot_2,-3.176,-2.250
1788096666,790615134,273.782,robot_0,-1.583,3.386
1788096666,790653724,273.782,robot_1,0.830,-3.384
1788096666,790668986,273.782,robot_2,-3.141,-2.200
1788096667,10311164,274.002,robot_0,-1.559,3.447
1788096667,10366615,274.002,robot_1,0.767,-3.365
1788096667,10393812,274.002,robot_2,-3.103,-2.147
1788096667,211056835,274.202,robot_0,-1.537,3.503
1788096667,211106558,274.202,robot_1,0.709,-3.348
1788096667,211134301,274.202,robot_2,-3.068,-2.097
1788096667,421813405,274.413,robot_0,-1.515,3.559
1788096667,421845967,274.413,robot_1,0.652,-3.330
1788096667,421860623,274.413,robot_2,-3.034,-2.048
1788096667,640753419,274.632,robot_0,-1.492,3.621
1788096667,640783185,274.632,robot_1,0.589,-3.311
1788096667,640795509,274.632,robot_2,-2.996,-1.994
1788096667,841406343,274.833,robot_0,-1.470,3.677
1788096667,841437456,274.833,robot_1,0.531,-3.294
1788096667,841449489,274.833,robot_2,-2.961,-1.945
1788096668,61088243,275.052,robot_0,-1.446,3.738
1788096668,61133804,275.052,robot_1,0.468,-3.275
1788096668,61152563,275.052,robot_2,-2.923,-1.891
1788096668,262814387,275.254,robot_0,-1.424,3.794
1788096668,262862391,275.254,robot_1,0.411,-3.257
1788096668,262881801,275.254,robot_2,-2.889,-1.842
1788096668,471528173,275.463,robot_0,-1.401,3.853
1788096668,471576318,275.463,robot_1,0.350,-3.239
1788096668,471603424,275.463,robot_2,-2.853,-1.791
1788096668,690687221,275.682,robot_0,-1.377,3.914
1788096668,690719196,275.682,robot_1,0.287,-3.220
1788096668,690731245,275.682,robot_2,-2.815,-1.737
1788096668,890744773,275.882,robot_0,-1.356,3.970
1788096668,890778446,275.882,robot_1,0.230,-3.203
1788096668,890791490,275.882,robot_2,-2.780,-1.688
1788096669,90927912,276.082,robot_0,-1.334,4.026
1788096669,90962021,276.082,robot_1,0.172,-3.185
1788096669,90976378,276.082,robot_2,-2.746,-1.639
1788096669,301382346,276.293,robot_0,-1.312,4.082
1788096669,301416466,276.293,robot_1,0.115,-3.168
1788096669,301429926,276.293,robot_2,-2.711,-1.590
1788096669,501503255,276.493,robot_0,-1.305,4.101
1788096669,501534497,276.493,robot_1,0.058,-3.150
1788096669,501548042,276.493,robot_2,-2.677,-1.541
1788096669,722167364,276.714,robot_0,-1.305,4.101
1788096669,722232739,276.714,robot_1,-0.006,-3.131
1788096669,722266644,276.714,robot_2,-2.639,-1.487
1788096669,941395417,276.933,robot_0,-1.306,4.101
1788096669,941429047,276.933,robot_1,-0.069,-3.112
1788096669,941442042,276.933,robot_2,-2.601,-1.433
1788096670,141514971,277.133,robot_0,-1.306,4.102
1788096670,141565160,277.133,robot_1,-0.126,-3.095
1788096670,141588730,277.133,robot_2,-2.566,-1.383
1788096670,343965054,277.335,robot_0,-1.306,4.102
1788096670,344008743,277.335,robot_1,-0.181,-3.078
1788096670,344022571,277.335,robot_2,-2.533,-1.337
1788096670,543976842,277.535,robot_0,-1.307,4.103
1788096670,544029926,277.535,robot_1,-0.238,-3.061
1788096670,544044039,277.535,robot_2,-2.499,-1.288
1788096670,744163067,277.736,robot_0,-1.307,4.103
1788096670,744199161,277.736,robot_1,-0.296,-3.044
1788096670,744212903,277.736,robot_2,-2.464,-1.239
1788096670,954349243,277.946,robot_0,-1.304,4.103
1788096670,954406074,277.946,robot_1,-0.353,-3.026
1788096670,954433672,277.946,robot_2,-2.430,-1.190
1788096671,173838322,278.165,robot_0,-1.248,4.095
1788096671,173874344,278.165,robot_1,-0.416,-3.007
1788096671,173886310,278.165,robot_2,-2.392,-1.136
1788096671,388084625,278.379,robot_0,-1.189,4.082
1788096671,388140199,278.379,robot_1,-0.474,-2.990
1788096671,388152883,278.379,robot_2,-2.357,-1.087
1788096671,607898767,278.599,robot_0,-1.125,4.067
1788096671,607962121,278.599,robot_1,-0.537,-2.971
1788096671,607998851,278.599,robot_2,-2.319,-1.033
1788096671,808586884,278.800,robot_0,-1.067,4.053
1788096671,808648523,278.800,robot_1,-0.594,-2.953
1788096671,808677739,278.800,robot_2,-2.285,-0.984
1788096672,17944199,279.009,robot_0,-1.005,4.039
1788096672,18006396,279.009,robot_1,-0.655,-2.935
1788096672,18033142,279.009,robot_2,-2.248,-0.932
1788096672,238677581,279.230,robot_0,-0.941,4.024
1788096672,238740870,279.230,robot_1,-0.718,-2.916
1788096672,238775736,279.230,robot_2,-2.210,-0.878
1788096672,447197907,279.439,robot_0,-0.880,4.010
1788096672,447232831,279.439,robot_1,-0.778,-2.898
1788096672,447246524,279.439,robot_2,-2.174,-0.827
1788096672,647617451,279.639,robot_0,-0.821,3.997
1788096672,647649175,279.639,robot_1,-0.835,-2.880
1788096672,647661826,279.639,robot_2,-2.140,-0.777
1788096672,868022207,279.859,robot_0,-0.757,3.982
1788096672,868067870,279.859,robot_1,-0.899,-2.861
1788096672,868090934,279.859,robot_2,-2.102,-0.724
1788096673,68461780,280.060,robot_0,-0.698,3.969
1788096673,68527174,280.060,robot_1,-0.956,-2.844
1788096673,68555787,280.060,robot_2,-2.067,-0.674
1788096673,287832395,280.279,robot_0,-0.634,3.954
1788096673,287886948,280.279,robot_1,-1.019,-2.825
1788096673,287914973,280.279,robot_2,-2.029,-0.620
1788096673,497283140,280.489,robot_0,-0.573,3.940
1788096673,497315452,280.489,robot_1,-1.080,-2.806
1788096673,497328639,280.489,robot_2,-1.993,-0.569
1788096673,718265326,280.710,robot_0,-0.508,3.925
1788096673,718332347,280.710,robot_1,-1.143,-2.787
1788096673,718371050,280.710,robot_2,-1.955,-0.515
1788096673,920782344,280.912,robot_0,-0.453,3.912
1788096673,920814952,280.912,robot_1,-1.197,-2.771
1788096673,920828112,280.912,robot_2,-1.922,-0.468
1788096674,140148087,281.131,robot_0,-0.388,3.897
1788096674,140199449,281.132,robot_1,-1.260,-2.752
1788096674,140226505,281.132,robot_2,-1.884,-0.414
1788096674,359821993,281.351,robot_0,-0.324,3.883
1788096674,359884445,281.351,robot_1,-1.324,-2.732
1788096674,359912326,281.351,robot_2,-1.846,-0.360
1788096674,559870020,281.551,robot_0,-0.266,3.869
1788096674,559938638,281.551,robot_1,-1.381,-2.715
1788096674,559963472,281.551,robot_2,-1.812,-0.311
1788096674,760109333,281.751,robot_0,-0.207,3.856
1788096674,760172937,281.752,robot_1,-1.438,-2.698
1788096674,760197330,281.752,robot_2,-1.777,-0.262
1788096674,969962346,281.961,robot_0,-0.146,3.842
1788096674,970025287,281.961,robot_1,-1.499,-2.679
1788096674,970051148,281.961,robot_2,-1.741,-0.211
1788096675,170383610,282.162,robot_0,-0.087,3.828
1788096675,170449933,282.162,robot_1,-1.556,-2.662
1788096675,170474608,282.162,robot_2,-1.706,-0.162
1788096675,389768171,282.381,robot_0,-0.023,3.813
1788096675,389805236,282.381,robot_1,-1.619,-2.643
1788096675,389817471,282.381,robot_2,-1.668,-0.108
1788096675,590101524,282.581,robot_0,0.036,3.800
1788096675,590154917,282.581,robot_1,-1.677,-2.625
1788096675,590178747,282.582,robot_2,-1.634,-0.059
1788096675,790153694,282.782,robot_0,0.094,3.786
1788096675,790210626,282.782,robot_1,-1.734,-2.608
1788096675,790234976,282.782,robot_2,-1.599,-0.010
1788096675,999669926,282.991,robot_0,0.155,3.772
1788096675,999722003,282.991,robot_1,-1.794,-2.590
1788096675,999746041,282.991,robot_2,-1.563,0.042
1788096676,220204622,283.212,robot_0,0.220,3.758
1788096676,220237727,283.212,robot_1,-1.858,-2.571
1788096676,220249095,283.212,robot_2,-1.525,0.096
1788096676,420673929,283.412,robot_0,0.278,3.744
1788096676,420718765,283.412,robot_1,-1.915,-2.553
1788096676,420731089,283.412,robot_2,-1.491,0.145
1788096676,639640664,283.631,robot_0,0.343,3.729
1788096676,639676084,283.631,robot_1,-1.978,-2.534
1788096676,639687565,283.631,robot_2,-1.453,0.199
1788096676,850589248,283.842,robot_0,0.401,3.716
1788096676,850641910,283.842,robot_1,-2.036,-2.517
1788096676,850666174,283.842,robot_2,-1.418,0.248
1788096677,69973701,284.061,robot_0,0.465,3.701
1788096677,70015797,284.061,robot_1,-2.099,-2.498
1788096677,70028130,284.061,robot_2,-1.380,0.302
1788096677,270270126,284.262,robot_0,0.524,3.688
1788096677,270322429,284.262,robot_1,-2.156,-2.480
1788096677,270347090,284.262,robot_2,-1.346,0.351
1788096677,480205408,284.472,robot_0,0.585,3.674
1788096677,480254801,284.472,robot_1,-2.217,-2.462
1788096677,480292386,284.472,robot_2,-1.309,0.403
1788096677,699756286,284.691,robot_0,0.650,3.659
1788096677,699791033,284.691,robot_1,-2.280,-2.443
1788096677,699802775,284.691,robot_2,-1.271,0.457
1788096677,919643366,284.911,robot_0,0.714,3.644
1788096677,919678817,284.911,robot_1,-2.343,-2.424
1788096677,919691750,284.911,robot_2,-1.233,0.511
1788096678,120927226,285.112,robot_0,0.772,3.631
1788096678,120960973,285.112,robot_1,-2.400,-2.406
1788096678,120971299,285.112,robot_2,-1.199,0.560
1788096678,339694365,285.331,robot_0,0.837,3.616
1788096678,339729753,285.331,robot_1,-2.463,-2.387
1788096678,339741384,285.331,robot_2,-1.161,0.614
1788096678,539835306,285.531,robot_0,0.895,3.602
1788096678,539870781,285.531,robot_1,-2.521,-2.370
1788096678,539881644,285.531,robot_2,-1.126,0.663
1788096678,740391281,285.732,robot_0,0.954,3.589
1788096678,740423550,285.732,robot_1,-2.578,-2.353
1788096678,740435113,285.732,robot_2,-1.092,0.712
1788096678,950299046,285.942,robot_0,1.015,3.575
1788096678,950334739,285.942,robot_1,-2.639,-2.334
1788096678,950347371,285.942,robot_2,-1.055,0.763
1788096679,169767269,286.161,robot_0,1.079,3.560
1788096679,169810927,286.161,robot_1,-2.702,-2.315
1788096679,169833054,286.161,robot_2,-1.018,0.817
1788096679,370122013,286.361,robot_0,1.135,3.547
1788096679,370179716,286.362,robot_1,-2.756,-2.299
1788096679,370206427,286.362,robot_2,-0.985,0.864
1788096679,570487821,286.562,robot_0,1.196,3.533
1788096679,570547704,286.562,robot_1,-2.817,-2.280
1788096679,570575654,286.562,robot_2,-0.948,0.915
1788096679,770878492,286.762,robot_0,1.255,3.520
1788096679,770930922,286.762,robot_1,-2.874,-2.263
1788096679,770957881,286.762,robot_2,-0.914,0.964
1788096679,980471266,286.972,robot_0,1.316,3.506
1788096679,980540442,286.972,robot_1,-2.934,-2.245
1788096679,980570434,286.972,robot_2,-0.878,1.016
1788096680,180484040,287.172,robot_0,1.375,3.492
1788096680,180534559,287.172,robot_1,-2.992,-2.227
1788096680,180566213,287.172,robot_2,-0.843,1.065
1788096680,399335808,287.391,robot_0,1.439,3.477
1788096680,399366771,287.391,robot_1,-3.055,-2.208
1788096680,399382839,287.391,robot_2,-0.805,1.119
1788096680,599775337,287.591,robot_0,1.497,3.464
1788096680,599825158,287.591,robot_1,-3.112,-2.191
1788096680,599854602,287.591,robot_2,-0.771,1.168
1788096680,800771622,287.792,robot_0,1.556,3.450
1788096680,800822632,287.792,robot_1,-3.170,-2.174
1788096680,800852249,287.792,robot_2,-0.736,1.217
1788096681,20553142,288.012,robot_0,1.620,3.436
1788096681,20602904,288.012,robot_1,-3.233,-2.154
1788096681,20633606,288.012,robot_2,-0.698,1.271
1788096681,239482059,288.231,robot_0,1.685,3.421
1788096681,239516500,288.231,robot_1,-3.296,-2.135
1788096681,239530335,288.231,robot_2,-0.660,1.325
1788096681,439482460,288.431,robot_0,1.743,3.407
1788096681,439515992,288.431,robot_1,-3.354,-2.118
1788096681,439530228,288.431,robot_2,-0.626,1.374
1788096681,639854315,288.631,robot_0,1.801,3.394
1788096681,639884513,288.631,robot_1,-3.411,-2.100
1788096681,639895568,288.631,robot_2,-0.591,1.423
1788096681,860276528,288.852,robot_0,1.866,3.379
1788096681,860333731,288.852,robot_1,-3.474,-2.081
1788096681,860357841,288.852,robot_2,-0.553,1.477
1788096682,60364561,289.052,robot_0,1.924,3.366
1788096682,60420715,289.052,robot_1,-3.532,-2.064
1788096682,60445464,289.052,robot_2,-0.519,1.526
1788096682,280295442,289.272,robot_0,1.989,3.351
1788096682,280349620,289.272,robot_1,-3.595,-2.045
1788096682,280373451,289.272,robot_2,-0.481,1.580
1788096682,496310896,289.488,robot_0,2.047,3.337
1788096682,496371254,289.488,robot_1,-3.652,-2.027
1788096682,496398746,289.488,robot_2,-0.446,1.629
1788096682,696434488,289.688,robot_0,2.106,3.324
1788096682,696469848,289.688,robot_1,-3.710,-2.010
1788096682,696482726,289.688,robot_2,-0.412,1.678
1788096682,905872843,289.897,robot_0,2.167,3.310
1788096682,905909418,289.897,robot_1,-3.770,-1.992
1788096682,905924236,289.897,robot_2,-0.375,1.730
1788096683,106575384,290.098,robot_0,2.225,3.296
1788096683,106627667,290.098,robot_1,-3.827,-1.974
1788096683,106654744,290.098,robot_2,-0.341,1.779
1788096683,325804315,290.317,robot_0,2.290,3.282
1788096683,325837884,290.317,robot_1,-3.891,-1.955
1788096683,325851013,290.317,robot_2,-0.303,1.833
1788096683,536614232,290.528,robot_0,2.351,3.268
1788096683,536670889,290.528,robot_1,-3.951,-1.937
1788096683,536697951,290.528,robot_2,-0.267,1.885
1788096683,756017476,290.747,robot_0,2.415,3.253
1788096683,756052472,290.747,robot_1,-4.014,-1.918
1788096683,756068399,290.747,robot_2,-0.229,1.939
1788096683,956248018,290.948,robot_0,2.474,3.239
1788096683,956299710,290.948,robot_1,-4.071,-1.901
1788096683,956335054,290.948,robot_2,-0.194,1.988
1788096684,176302611,291.168,robot_0,2.538,3.225
1788096684,176336998,291.168,robot_1,-4.124,-1.885
1788096684,176350572,291.168,robot_2,-0.156,2.042
1788096684,396453179,291.388,robot_0,2.603,3.210
1788096684,396503097,291.388,robot_1,-4.125,-1.884
1788096684,396530928,291.388,robot_2,-0.118,2.096
1788096684,615556580,291.607,robot_0,2.667,3.195
1788096684,615596704,291.607,robot_1,-4.125,-1.885
1788096684,615611917,291.607,robot_2,-0.080,2.150
1788096684,816346303,291.808,robot_0,2.725,3.182
1788096684,816398299,291.808,robot_1,-4.125,-1.885
1788096684,816434905,291.808,robot_2,-0.046,2.199
1788096685,36695204,292.028,robot_0,2.787,3.167
1788096685,36730198,292.028,robot_1,-4.126,-1.885
1788096685,36744792,292.028,robot_2,-0.009,2.250
1788096685,237039493,292.228,robot_0,2.845,3.154
1788096685,237078813,292.228,robot_1,-4.126,-1.885
1788096685,237095030,292.228,robot_2,0.025,2.299
1788096685,437510971,292.429,robot_0,2.904,3.141
1788096685,437562479,292.429,robot_1,-4.126,-1.886
1788096685,437583509,292.429,robot_2,0.060,2.348
1788096685,656770331,292.648,robot_0,2.968,3.126
1788096685,656827376,292.648,robot_1,-4.127,-1.886
1788096685,656855891,292.648,robot_2,0.098,2.402
1788096685,856840952,292.848,robot_0,3.027,3.112
1788096685,856897131,292.848,robot_1,-4.127,-1.886
1788096685,856923637,292.848,robot_2,0.132,2.451
1788096686,58732426,293.050,robot_0,3.082,3.100
1788096686,58765741,293.050,robot_1,-4.128,-1.886
1788096686,58779474,293.050,robot_2,0.165,2.498
1788096686,278803007,293.270,robot_0,3.146,3.085
1788096686,278837892,293.270,robot_1,-4.111,-1.848
1788096686,278850483,293.270,robot_2,0.203,2.552
1788096686,489553464,293.481,robot_0,3.208,3.071
1788096686,489610783,293.481,robot_1,-4.082,-1.792
1788096686,489638949,293.481,robot_2,0.239,2.603
1788096686,709303966,293.701,robot_0,3.272,3.056
1788096686,709337644,293.701,robot_1,-4.050,-1.734
1788096686,709352050,293.701,robot_2,0.277,2.657
1788096686,922101063,293.913,robot_0,3.331,3.042
1788096686,922166927,293.914,robot_1,-4.022,-1.681
1788096686,922198228,293.914,robot_2,0.312,2.706
1788096687,142492697,294.134,robot_0,3.395,3.028
1788096687,142530070,294.134,robot_1,-3.990,-1.623
1788096687,142543409,294.134,robot_2,0.350,2.760
1788096687,361483452,294.353,robot_0,3.459,3.013
1788096687,361514946,294.353,robot_1,-3.958,-1.565
1788096687,361526919,294.353,robot_2,0.388,2.814
1788096687,573119631,294.564,robot_0,3.518,2.999
1788096687,573151317,294.564,robot_1,-3.929,-1.513
1788096687,573164148,294.564,robot_2,0.422,2.863
1788096687,773255973,294.765,robot_0,3.576,2.986
1788096687,773310912,294.765,robot_1,-3.901,-1.460
1788096687,773335759,294.765,robot_2,0.457,2.913
1788096687,983527457,294.975,robot_0,3.638,2.972
1788096687,983580121,294.975,robot_1,-3.871,-1.405
1788096687,983604712,294.975,robot_2,0.493,2.964
1788096688,202654483,295.194,robot_0,3.702,2.957
1788096688,202688108,295.194,robot_1,-3.839,-1.347
1788096688,202701315,295.194,robot_2,0.531,3.018
1788096688,423018315,295.414,robot_0,3.766,2.942
1788096688,423051527,295.414,robot_1,-3.807,-1.289
1788096688,423065180,295.414,robot_2,0.569,3.072
1788096688,644189940,295.636,robot_0,3.831,2.927
1788096688,644259389,295.636,robot_1,-3.776,-1.231
1788096688,644295720,295.636,robot_2,0.607,3.126
1788096688,863053647,295.854,robot_0,3.895,2.913
1788096688,863099636,295.854,robot_1,-3.744,-1.173
1788096688,863114462,295.854,robot_2,0.645,3.180
1788096689,73138611,296.064,robot_0,3.956,2.899
1788096689,73172254,296.065,robot_1,-3.714,-1.118
1788096689,73185879,296.065,robot_2,0.681,3.232
1788096689,273365766,296.265,robot_0,4.015,2.885
1788096689,273421391,296.265,robot_1,-3.685,-1.065
1788096689,273449726,296.265,robot_2,0.716,3.281
1788096689,492521834,296.484,robot_0,4.079,2.870
1788096689,492554607,296.484,robot_1,-3.653,-1.007
1788096689,492567706,296.484,robot_2,0.754,3.335
1788096689,693347071,296.685,robot_0,4.101,2.865
1788096689,693383942,296.685,robot_1,-3.625,-0.955
1788096689,693396277,296.685,robot_2,0.788,3.384
1788096689,924872110,296.916,robot_0,4.102,2.866
1788096689,924905262,296.916,robot_1,-3.593,-0.897
1788096689,924917190,296.916,robot_2,0.826,3.438
1788096690,125203422,297.117,robot_0,4.102,2.866
1788096690,125240284,297.117,robot_1,-3.564,-0.844
1788096690,125251836,297.117,robot_2,0.861,3.487
1788096690,345021729,297.336,robot_0,4.102,2.866
1788096690,345082297,297.336,robot_1,-3.532,-0.786
1788096690,345107935,297.336,robot_2,0.899,3.541
1788096690,555055884,297.546,robot_0,4.103,2.867
1788096690,555094792,297.546,robot_1,-3.504,-0.734
1788096690,555107658,297.546,robot_2,0.933,3.590
1788096690,775092355,297.766,robot_0,4.103,2.867
1788096690,775157170,297.766,robot_1,-3.472,-0.676
1788096690,775214905,297.767,robot_2,0.971,3.644
1788096690,994582523,297.986,robot_0,4.104,2.867
1788096690,994616518,297.986,robot_1,-3.440,-0.618
1788096690,994627411,297.986,robot_2,1.009,3.698
1788096691,214912985,298.206,robot_0,4.105,2.855
1788096691,214968238,298.206,robot_1,-3.409,-0.560
1788096691,215003331,298.206,robot_2,1.047,3.752
1788096691,415452795,298.407,robot_0,4.103,2.796
1788096691,415552012,298.407,robot_1,-3.380,-0.507
1788096691,415610949,298.407,robot_2,1.082,3.801
1788096691,624243241,298.616,robot_0,4.098,2.733
1788096691,624276397,298.616,robot_1,-3.350,-0.452
1788096691,624288349,298.616,robot_2,1.118,3.852
1788096691,824292121,298.816,robot_0,4.093,2.673
1788096691,824326579,298.816,robot_1,-3.321,-0.399
1788096691,824338747,298.816,robot_2,1.153,3.901
1788096692,25789580,299.017,robot_0,4.089,2.617
1788096692,25821915,299.017,robot_1,-3.294,-0.349
1788096692,25835398,299.017,robot_2,1.185,3.948
1788096692,225971007,299.217,robot_0,4.084,2.557
1788096692,226010381,299.217,robot_1,-3.265,-0.297
1788096692,226023842,299.217,robot_2,1.220,3.997
1788096692,445815198,299.437,robot_0,4.078,2.491
1788096692,445848811,299.437,robot_1,-3.233,-0.239
1788096692,445863448,299.437,robot_2,1.258,4.051
1788096692,646142844,299.637,robot_0,4.073,2.431
1788096692,646181681,299.638,robot_1,-3.205,-0.186
1788096692,646197866,299.638,robot_2,1.292,4.100
