stamp_sec,stamp_nsec,elapsed_s,robot,x,y
1789527747,38156516,4.295,robot_2,1.826,-0.012
1789527747,38370928,4.295,robot_1,1.321,-1.153
1789527747,38458796,4.295,robot_0,0.706,2.459
1789527749,925493671,7.182,robot_2,1.826,-0.012
1789527749,925577593,7.182,robot_1,1.321,-1.153
1789527749,925621220,7.182,robot_0,0.706,2.459
1789527754,305181900,11.562,robot_2,1.826,-0.012
1789527754,305265326,11.562,robot_1,1.321,-1.153
1789527754,305313510,11.562,robot_0,0.706,2.459
1789527754,527139449,11.784,robot_2,1.828,-0.016
1789527754,527225970,11.784,robot_1,1.316,-1.176
1789527754,527269061,11.784,robot_0,0.706,2.467
1789527754,736893714,11.993,robot_2,1.808,0.019
1789527754,736984830,11.993,robot_1,1.309,-1.217
1789527754,737028806,11.994,robot_0,0.708,2.509
1789527754,949432431,12.206,robot_2,1.794,0.044
1789527754,949562751,12.206,robot_1,1.303,-1.245
1789527754,949622178,12.206,robot_0,0.708,2.512
1789527755,168211630,12.425,robot_2,1.779,0.069
1789527755,168316959,12.425,robot_1,1.302,-1.252
1789527755,168372662,12.425,robot_0,0.708,2.512
1789527755,368433109,12.625,robot_2,1.779,0.069
1789527755,368526342,12.625,robot_1,1.302,-1.252
1789527755,368584010,12.625,robot_0,0.707,2.512
1789527755,572562079,12.829,robot_2,1.779,0.069
1789527755,572655663,12.829,robot_1,1.293,-1.270
1789527755,572704217,12.829,robot_0,0.707,2.512
1789527755,783703833,13.040,robot_2,1.779,0.069
1789527755,783786432,13.040,robot_1,1.276,-1.304
1789527755,783837370,13.040,robot_0,0.707,2.512
1789527756,3215024,13.260,robot_2,1.779,0.068
1789527756,3302388,13.260,robot_1,1.276,-1.304
1789527756,3349270,13.260,robot_0,0.706,2.512
1789527756,217388557,13.474,robot_2,1.779,0.068
1789527756,217481717,13.474,robot_1,1.276,-1.304
1789527756,217534322,13.474,robot_0,0.706,2.512
1789527756,433200502,13.690,robot_2,1.779,0.068
1789527756,433618879,13.690,robot_1,1.276,-1.304
1789527756,433681317,13.690,robot_0,0.706,2.511
1789527756,645590884,13.902,robot_2,1.779,0.069
1789527756,645653285,13.902,robot_1,1.277,-1.304
1789527756,645682504,13.902,robot_0,0.706,2.511
1789527756,874101496,14.131,robot_2,1.778,0.070
1789527756,874197890,14.131,robot_1,1.277,-1.304
1789527756,874247860,14.131,robot_0,0.706,2.511
1789527757,89683018,14.346,robot_2,1.778,0.071
1789527757,89775547,14.346,robot_1,1.277,-1.304
1789527757,89831761,14.346,robot_0,0.706,2.510
1789527757,302161175,14.559,robot_2,1.776,0.069
1789527757,302256870,14.559,robot_1,1.278,-1.304
1789527757,302313940,14.559,robot_0,0.706,2.510
1789527757,513385948,14.770,robot_2,1.759,0.058
1789527757,513495561,14.770,robot_1,1.278,-1.303
1789527757,513544204,14.770,robot_0,0.706,2.509
1789527757,722685753,14.979,robot_2,1.750,0.052
1789527757,722777246,14.979,robot_1,1.279,-1.303
1789527757,722832062,14.979,robot_0,0.706,2.509
1789527757,960339259,15.217,robot_2,1.722,0.030
1789527757,960431575,15.217,robot_1,1.278,-1.303
1789527757,960476943,15.217,robot_0,0.706,2.509
1789527758,185289662,15.442,robot_2,1.720,0.029
1789527758,185394062,15.442,robot_1,1.278,-1.303
1789527758,185440495,15.442,robot_0,0.706,2.508
1789527758,386202227,15.643,robot_2,1.762,0.061
1789527758,386754263,15.643,robot_1,1.278,-1.304
1789527758,386817880,15.643,robot_0,0.707,2.508
1789527758,591311581,15.848,robot_2,1.799,0.091
1789527758,591410168,15.848,robot_1,1.278,-1.304
1789527758,591467237,15.848,robot_0,0.706,2.507
1789527758,808506788,16.065,robot_2,1.810,0.099
1789527758,808601304,16.065,robot_1,1.278,-1.304
1789527758,808658394,16.065,robot_0,0.687,2.481
1789527759,18631293,16.275,robot_2,1.798,0.090
1789527759,18693089,16.275,robot_1,1.278,-1.304
1789527759,18722291,16.275,robot_0,0.688,2.481
1789527759,245408553,16.502,robot_2,1.798,0.090
1789527759,245491112,16.502,robot_1,1.278,-1.305
1789527759,245532980,16.502,robot_0,0.713,2.516
1789527759,458379717,16.715,robot_2,1.798,0.089
1789527759,458460239,16.715,robot_1,1.278,-1.305
1789527759,458503282,16.715,robot_0,0.712,2.514
1789527759,680564751,16.937,robot_2,1.780,0.059
1789527759,680643053,16.937,robot_1,1.278,-1.305
1789527759,680686122,16.937,robot_0,0.691,2.478
1789527759,888147967,17.145,robot_2,1.784,0.068
1789527759,888230601,17.145,robot_1,1.278,-1.305
1789527759,888299822,17.145,robot_0,0.683,2.465
1789527760,90769740,17.347,robot_2,1.786,0.072
1789527760,93797646,17.350,robot_1,1.276,-1.306
1789527760,93913551,17.350,robot_0,0.703,2.498
1789527760,312314750,17.569,robot_2,1.802,0.111
1789527760,312399882,17.569,robot_1,1.243,-1.312
1789527760,312441820,17.569,robot_0,0.723,2.533
1789527760,514187911,17.771,robot_2,1.814,0.143
1789527760,514284426,17.771,robot_1,1.226,-1.314
1789527760,514338420,17.771,robot_0,0.753,2.584
1789527760,727988126,17.984,robot_2,1.808,0.128
1789527760,728064345,17.985,robot_1,1.226,-1.314
1789527760,728110056,17.985,robot_0,0.785,2.639
1789527760,948614236,18.205,robot_2,1.809,0.128
1789527760,948709567,18.205,robot_1,1.226,-1.314
1789527760,948757211,18.205,robot_0,0.803,2.670
1789527761,160200142,18.417,robot_2,1.809,0.128
1789527761,160310351,18.417,robot_1,1.193,-1.314
1789527761,160366609,18.417,robot_0,0.804,2.671
1789527761,352007264,18.609,robot_2,1.809,0.128
1789527761,352099377,18.609,robot_1,1.170,-1.314
1789527761,352151417,18.609,robot_0,0.803,2.670
1789527761,556044354,18.813,robot_2,1.809,0.128
1789527761,556128480,18.813,robot_1,1.159,-1.313
1789527761,556172689,18.813,robot_0,0.790,2.647
1789527761,762597620,19.019,robot_2,1.810,0.128
1789527761,762687685,19.019,robot_1,1.119,-1.311
1789527761,765954276,19.024,robot_0,0.789,2.645
1789527761,963251297,19.220,robot_2,1.810,0.129
1789527761,963334580,19.220,robot_1,1.123,-1.311
1789527761,963384490,19.220,robot_0,0.789,2.645
1789527762,176482239,19.433,robot_2,1.810,0.129
1789527762,176571466,19.433,robot_1,1.135,-1.312
1789527762,176618015,19.433,robot_0,0.790,2.645
1789527762,412611871,19.669,robot_2,1.810,0.129
1789527762,412697195,19.669,robot_1,1.135,-1.312
1789527762,412742651,19.669,robot_0,0.790,2.645
1789527762,629480270,19.886,robot_2,1.810,0.129
1789527762,631462996,19.888,robot_1,1.135,-1.312
1789527762,631567982,19.888,robot_0,0.791,2.645
1789527762,849198331,20.106,robot_2,1.810,0.129
1789527762,849286600,20.106,robot_1,1.135,-1.313
1789527762,849335853,20.106,robot_0,0.791,2.645
1789527763,76357322,20.333,robot_2,1.810,0.130
1789527763,76455047,20.333,robot_1,1.135,-1.313
1789527763,76510914,20.333,robot_0,0.792,2.645
1789527763,288812617,20.545,robot_2,1.810,0.130
1789527763,288912494,20.545,robot_1,1.135,-1.313
1789527763,288959577,20.545,robot_0,0.792,2.645
1789527763,490452234,20.747,robot_2,1.810,0.130
1789527763,490558588,20.747,robot_1,1.135,-1.313
1789527763,490613677,20.747,robot_0,0.792,2.646
1789527763,739702001,20.996,robot_2,1.810,0.131
1789527763,739798806,20.996,robot_1,1.136,-1.313
1789527763,746308734,21.003,robot_0,0.792,2.646
1789527763,961085743,21.218,robot_2,1.810,0.131
1789527763,961181293,21.218,robot_1,1.136,-1.313
1789527763,961230280,21.218,robot_0,0.793,2.647
1789527764,168423828,21.425,robot_2,1.810,0.131
1789527764,168505578,21.425,robot_1,1.136,-1.313
1789527764,168548792,21.425,robot_0,0.793,2.647
1789527764,403121619,21.660,robot_2,1.811,0.132
1789527764,403229982,21.660,robot_1,1.137,-1.313
1789527764,403276018,21.660,robot_0,0.793,2.648
1789527764,611560622,21.868,robot_2,1.840,0.165
1789527764,611640964,21.868,robot_1,1.137,-1.313
1789527764,611686636,21.868,robot_0,0.793,2.648
1789527764,818756162,22.075,robot_2,1.863,0.190
1789527764,818840947,22.075,robot_1,1.137,-1.313
1789527764,818890276,22.075,robot_0,0.793,2.648
1789527765,19642700,22.276,robot_2,1.886,0.215
1789527765,19720641,22.276,robot_1,1.137,-1.313
1789527765,19765029,22.276,robot_0,0.792,2.649
1789527765,241883376,22.498,robot_2,1.915,0.247
1789527765,241960633,22.498,robot_1,1.138,-1.313
1789527765,242001189,22.498,robot_0,0.792,2.649
1789527765,456520441,22.713,robot_2,1.923,0.256
1789527765,456597091,22.713,robot_1,1.138,-1.313
1789527765,456635261,22.713,robot_0,0.792,2.649
1789527765,686052155,22.943,robot_2,1.886,0.215
1789527765,686124081,22.943,robot_1,1.138,-1.312
1789527765,686161634,22.943,robot_0,0.806,2.665
1789527765,892871068,23.149,robot_2,1.879,0.206
1789527765,892949493,23.149,robot_1,1.138,-1.312
1789527765,893003090,23.149,robot_0,0.831,2.694
1789527766,99161351,23.356,robot_2,1.878,0.206
1789527766,99237370,23.356,robot_1,1.160,-1.316
1789527766,99280382,23.356,robot_0,0.856,2.722
1789527766,318167845,23.575,robot_2,1.878,0.206
1789527766,318248920,23.575,robot_1,1.197,-1.324
1789527766,318290618,23.575,robot_0,0.879,2.749
1789527766,533065672,23.790,robot_2,1.888,0.220
1789527766,533151929,23.790,robot_1,1.190,-1.322
1789527766,533203293,23.790,robot_0,0.879,2.749
1789527766,756269183,24.013,robot_2,1.906,0.245
1789527766,756361180,24.013,robot_1,1.155,-1.309
1789527766,756404026,24.013,robot_0,0.879,2.748
1789527766,979557424,24.236,robot_2,1.902,0.240
1789527766,979647574,24.236,robot_1,1.164,-1.318
1789527766,979695705,24.236,robot_0,0.880,2.748
1789527767,181913019,24.438,robot_2,1.872,0.208
1789527767,182006603,24.439,robot_1,1.175,-1.327
1789527767,187943343,24.444,robot_0,0.880,2.747
1789527767,390406543,24.647,robot_2,1.845,0.182
1789527767,390483353,24.647,robot_1,1.150,-1.306
1789527767,390524321,24.647,robot_0,0.880,2.746
1789527767,597162120,24.854,robot_2,1.843,0.179
1789527767,597265954,24.854,robot_1,1.150,-1.306
1789527767,597310959,24.854,robot_0,0.880,2.746
1789527767,798410789,25.055,robot_2,1.843,0.179
1789527767,798490083,25.055,robot_1,1.150,-1.306
1789527767,798534718,25.055,robot_0,0.879,2.745
1789527768,13504380,25.270,robot_2,1.842,0.179
1789527768,13582768,25.270,robot_1,1.150,-1.306
1789527768,13622838,25.270,robot_0,0.879,2.745
1789527768,221972905,25.478,robot_2,1.842,0.179
1789527768,222049368,25.479,robot_1,1.149,-1.306
1789527768,222090378,25.479,robot_0,0.878,2.744
1789527768,431134498,25.688,robot_2,1.842,0.179
1789527768,431211418,25.688,robot_1,1.145,-1.282
1789527768,431255148,25.688,robot_0,0.878,2.744
1789527768,635400856,25.892,robot_2,1.841,0.179
1789527768,635486628,25.892,robot_1,1.141,-1.228
1789527768,635532044,25.892,robot_0,0.878,2.744
1789527768,849928568,26.106,robot_2,1.841,0.179
1789527768,850009543,26.107,robot_1,1.140,-1.183
1789527768,850052269,26.107,robot_0,0.878,2.744
1789527769,61842418,26.318,robot_2,1.841,0.179
1789527769,61930808,26.318,robot_1,1.140,-1.177
1789527769,61982277,26.318,robot_0,0.879,2.745
1789527769,270162978,26.527,robot_2,1.840,0.179
1789527769,270255645,26.527,robot_1,1.140,-1.177
1789527769,270305185,26.527,robot_0,0.879,2.745
1789527769,471826454,26.728,robot_2,1.840,0.179
1789527769,471917254,26.728,robot_1,1.140,-1.177
1789527769,471960987,26.728,robot_0,0.879,2.746
1789527769,675702532,26.932,robot_2,1.840,0.178
1789527769,675790392,26.932,robot_1,1.140,-1.177
1789527769,675864968,26.932,robot_0,0.879,2.746
1789527769,888661630,27.145,robot_2,1.840,0.178
1789527769,888736551,27.145,robot_1,1.140,-1.177
1789527769,888777446,27.145,robot_0,0.879,2.747
1789527770,98101421,27.355,robot_2,1.840,0.178
1789527770,98181731,27.355,robot_1,1.141,-1.177
1789527770,98233358,27.355,robot_0,0.879,2.747
1789527770,336967609,27.593,robot_2,1.840,0.177
1789527770,337048575,27.594,robot_1,1.141,-1.177
1789527770,337096877,27.594,robot_0,0.879,2.748
1789527770,548978004,27.805,robot_2,1.840,0.177
1789527770,549057862,27.806,robot_1,1.141,-1.176
1789527770,549096279,27.806,robot_0,0.878,2.748
1789527770,761864730,28.018,robot_2,1.840,0.177
1789527770,761939130,28.018,robot_1,1.141,-1.176
1789527770,761976860,28.018,robot_0,0.878,2.748
1789527770,963712070,28.220,robot_2,1.840,0.177
1789527770,963786658,28.220,robot_1,1.141,-1.176
1789527770,963825376,28.220,robot_0,0.878,2.749
1789527771,168274149,28.425,robot_2,1.841,0.177
1789527771,168347924,28.425,robot_1,1.141,-1.175
1789527771,168386629,28.425,robot_0,0.877,2.749
1789527771,378054007,28.635,robot_2,1.841,0.176
1789527771,378147970,28.635,robot_1,1.141,-1.175
1789527771,378199668,28.635,robot_0,0.877,2.749
1789527771,588548003,28.845,robot_2,1.847,0.187
1789527771,588630279,28.845,robot_1,1.141,-1.175
1789527771,588674003,28.845,robot_0,0.876,2.749
1789527771,808174907,29.065,robot_2,1.868,0.227
1789527771,808257911,29.065,robot_1,1.141,-1.175
1789527771,808307097,29.065,robot_0,0.876,2.749
1789527772,8177886,29.265,robot_2,1.877,0.248
1789527772,8257160,29.265,robot_1,1.141,-1.174
1789527772,8302250,29.265,robot_0,0.875,2.749
1789527772,234322488,29.491,robot_2,1.885,0.263
1789527772,234395886,29.491,robot_1,1.140,-1.174
1789527772,234433747,29.491,robot_0,0.875,2.748
1789527772,454774790,29.711,robot_2,1.885,0.263
1789527772,454865474,29.711,robot_1,1.140,-1.174
1789527772,454910295,29.711,robot_0,0.875,2.748
1789527772,683623580,29.940,robot_2,1.885,0.262
1789527772,683711576,29.940,robot_1,1.140,-1.174
1789527772,683762117,29.940,robot_0,0.900,2.703
1789527772,908290698,30.165,robot_2,1.882,0.223
1789527772,908371033,30.165,robot_1,1.139,-1.179
1789527772,908409113,30.165,robot_0,0.922,2.665
1789527773,122511552,30.379,robot_2,1.881,0.207
1789527773,122596131,30.379,robot_1,1.135,-1.208
1789527773,122645398,30.379,robot_0,0.936,2.639
1789527773,337184620,30.594,robot_2,1.878,0.166
1789527773,337268970,30.594,robot_1,1.135,-1.210
1789527773,337312305,30.594,robot_0,0.939,2.631
1789527773,539731934,30.796,robot_2,1.879,0.188
1789527773,539807867,30.796,robot_1,1.135,-1.210
1789527773,539849415,30.796,robot_0,0.950,2.599
1789527773,753279907,31.010,robot_2,1.881,0.180
1789527773,753356981,31.010,robot_1,1.124,-1.261
1789527773,753399128,31.010,robot_0,0.953,2.591
1789527773,969516500,31.226,robot_2,1.886,0.136
1789527773,969593842,31.226,robot_1,1.109,-1.325
1789527773,969638279,31.226,robot_0,0.963,2.538
1789527774,171117755,31.428,robot_2,1.888,0.115
1789527774,171205693,31.428,robot_1,1.098,-1.372
1789527774,171242722,31.428,robot_0,0.965,2.531
1789527774,383640372,31.640,robot_2,1.888,0.115
1789527774,383717593,31.640,robot_1,1.083,-1.439
1789527774,383760332,31.640,robot_0,0.966,2.503
1789527774,595899163,31.852,robot_2,1.888,0.115
1789527774,595985475,31.852,robot_1,1.081,-1.447
1789527774,596029599,31.853,robot_0,0.966,2.472
1789527774,800676552,32.057,robot_2,1.889,0.115
1789527774,800754706,32.057,robot_1,1.068,-1.498
1789527774,800795704,32.057,robot_0,0.966,2.471
1789527775,5343730,32.262,robot_2,1.889,0.115
1789527775,5427047,32.262,robot_1,1.051,-1.562
1789527775,5467654,32.262,robot_0,0.965,2.471
1789527775,212437777,32.469,robot_2,1.889,0.115
1789527775,212514479,32.469,robot_1,1.038,-1.611
1789527775,212550059,32.469,robot_0,0.965,2.471
1789527775,444464295,32.701,robot_2,1.889,0.116
1789527775,444546511,32.701,robot_1,1.018,-1.686
1789527775,444626453,32.701,robot_0,0.964,2.471
1789527775,666581524,32.923,robot_2,1.889,0.116
1789527775,666676142,32.923,robot_1,1.012,-1.706
1789527775,666722974,32.923,robot_0,0.964,2.471
1789527775,877100627,33.134,robot_2,1.889,0.116
1789527775,877179778,33.134,robot_1,1.012,-1.706
1789527775,877220995,33.134,robot_0,0.964,2.470
1789527776,91105330,33.348,robot_2,1.889,0.117
1789527776,91180831,33.348,robot_1,1.012,-1.706
1789527776,91228065,33.348,robot_0,0.964,2.470
1789527776,314379389,33.571,robot_2,1.889,0.117
1789527776,314472610,33.571,robot_1,1.012,-1.706
1789527776,314526982,33.571,robot_0,0.963,2.469
1789527776,550020957,33.808,robot_2,1.889,0.117
1789527776,551702487,33.808,robot_1,1.011,-1.706
1789527776,551767844,33.808,robot_0,0.963,2.469
1789527776,778765902,34.035,robot_2,1.889,0.118
1789527776,778850796,34.035,robot_1,1.011,-1.706
1789527776,778901581,34.035,robot_0,0.964,2.468
1789527777,4210550,34.261,robot_2,1.889,0.118
1789527777,4293786,34.261,robot_1,1.011,-1.706
1789527777,4342716,34.261,robot_0,0.964,2.468
1789527777,216483247,34.473,robot_2,1.888,0.118
1789527777,216573259,34.473,robot_1,1.011,-1.707
1789527777,216619171,34.473,robot_0,0.964,2.467
1789527777,422330136,34.679,robot_2,1.888,0.118
1789527777,422409555,34.679,robot_1,1.011,-1.707
1789527777,422448395,34.679,robot_0,0.964,2.467
1789527777,636395446,34.893,robot_2,1.888,0.118
1789527777,636483910,34.893,robot_1,1.011,-1.707
1789527777,636536092,34.893,robot_0,0.965,2.467
1789527777,849323690,35.106,robot_2,1.888,0.110
1789527777,849408791,35.106,robot_1,1.011,-1.707
1789527777,849459168,35.106,robot_0,0.965,2.467
1789527778,67457282,35.324,robot_2,1.891,0.048
1789527778,67537498,35.324,robot_1,1.011,-1.708
1789527778,67582352,35.324,robot_0,0.965,2.466
1789527778,269751696,35.526,robot_2,1.892,0.017
1789527778,269848552,35.526,robot_1,1.011,-1.708
1789527778,269907294,35.526,robot_0,0.966,2.466
1789527778,488022526,35.745,robot_2,1.893,-0.014
1789527778,488103060,35.745,robot_1,1.011,-1.708
1789527778,488141757,35.745,robot_0,0.966,2.466
1789527778,703786671,35.960,robot_2,1.893,-0.014
1789527778,703874803,35.960,robot_1,1.011,-1.709
1789527778,703918378,35.960,robot_0,0.967,2.466
1789527778,924567588,36.181,robot_2,1.894,-0.014
1789527778,924671328,36.181,robot_1,1.011,-1.709
1789527778,924712064,36.181,robot_0,0.953,2.505
1789527779,164854332,36.434,robot_2,1.894,-0.015
1789527779,177551012,36.434,robot_1,1.012,-1.709
1789527779,177596051,36.434,robot_0,0.919,2.585
1789527779,367306713,36.624,robot_2,1.862,-0.056
1789527779,367379236,36.624,robot_1,1.004,-1.732
1789527779,367421738,36.624,robot_0,0.898,2.633
1789527779,584723036,36.841,robot_2,1.855,-0.065
1789527779,584806394,36.841,robot_1,0.993,-1.766
1789527779,584847976,36.841,robot_0,0.884,2.663
1789527779,804077501,37.061,robot_2,1.862,-0.056
1789527779,804157339,37.061,robot_1,1.001,-1.742
1789527779,804203106,37.061,robot_0,0.884,2.663
1789527780,14683964,37.271,robot_2,1.823,-0.106
1789527780,14761524,37.271,robot_1,1.023,-1.673
1789527780,14799165,37.271,robot_0,0.881,2.672
1789527780,222553441,37.479,robot_2,1.818,-0.112
1789527780,222629432,37.479,robot_1,1.030,-1.649
1789527780,222665663,37.479,robot_0,0.866,2.716
1789527780,426178889,37.683,robot_2,1.795,-0.138
1789527780,426251895,37.683,robot_1,1.040,-1.622
1789527780,426288263,37.683,robot_0,0.859,2.738
1789527780,645086047,37.902,robot_2,1.818,-0.113
1789527780,645174021,37.902,robot_1,1.053,-1.591
1789527780,645217140,37.902,robot_0,0.845,2.771
1789527780,854865767,38.111,robot_2,1.815,-0.116
1789527780,854952551,38.111,robot_1,1.053,-1.591
1789527780,854996253,38.111,robot_0,0.848,2.764
1789527781,93282049,38.350,robot_2,1.810,-0.122
1789527781,93362619,38.350,robot_1,1.067,-1.553
1789527781,93404685,38.350,robot_0,0.829,2.806
1789527781,327072957,38.584,robot_2,1.774,-0.154
1789527781,327157954,38.584,robot_1,1.073,-1.540
1789527781,327194222,38.584,robot_0,0.818,2.832
1789527781,535244650,38.792,robot_2,1.749,-0.174
1789527781,535332652,38.792,robot_1,1.072,-1.541
1789527781,535394644,38.792,robot_0,0.818,2.832
1789527781,735506256,38.992,robot_2,1.729,-0.188
1789527781,735590060,38.992,robot_1,1.086,-1.495
1789527781,735634405,38.992,robot_0,0.802,2.853
1789527781,942592057,39.199,robot_2,1.708,-0.203
1789527781,942673726,39.199,robot_1,1.094,-1.473
1789527781,942714746,39.199,robot_0,0.767,2.893
1789527782,177360434,39.434,robot_2,1.708,-0.203
1789527782,177439488,39.434,robot_1,1.120,-1.402
1789527782,177480080,39.434,robot_0,0.719,2.945
1789527782,379224412,39.636,robot_2,1.708,-0.203
1789527782,379308862,39.636,robot_1,1.130,-1.374
1789527782,379345700,39.636,robot_0,0.726,2.937
1789527782,599079192,39.856,robot_2,1.707,-0.203
1789527782,599160375,39.856,robot_1,1.142,-1.334
1789527782,599201207,39.856,robot_0,0.728,2.934
1789527782,828873756,40.085,robot_2,1.707,-0.202
1789527782,828957915,40.085,robot_1,1.148,-1.294
1789527782,829001207,40.085,robot_0,0.694,2.971
1789527783,31189087,40.288,robot_2,1.707,-0.202
1789527783,31264455,40.288,robot_1,1.150,-1.256
1789527783,31307209,40.288,robot_0,0.693,2.973
1789527783,241865341,40.498,robot_2,1.706,-0.202
1789527783,241948371,40.498,robot_1,1.150,-1.244
1789527783,241989754,40.498,robot_0,0.653,3.005
1789527783,451231254,40.708,robot_2,1.706,-0.203
1789527783,451321181,40.708,robot_1,1.150,-1.244
1789527783,451370945,40.708,robot_0,0.625,3.025
1789527783,671241184,40.928,robot_2,1.706,-0.203
1789527783,671315729,40.928,robot_1,1.150,-1.244
1789527783,671361848,40.928,robot_0,0.625,3.026
1789527783,885291475,41.142,robot_2,1.706,-0.203
1789527783,885379489,41.142,robot_1,1.150,-1.244
1789527783,885429287,41.142,robot_0,0.625,3.026
1789527784,88426342,41.345,robot_2,1.705,-0.203
1789527784,88500294,41.345,robot_1,1.150,-1.244
1789527784,88538685,41.345,robot_0,0.625,3.026
1789527784,303886604,41.560,robot_2,1.705,-0.203
1789527784,303969103,41.560,robot_1,1.151,-1.244
1789527784,304004698,41.560,robot_0,0.625,3.027
1789527784,528072153,41.785,robot_2,1.705,-0.204
1789527784,528153028,41.785,robot_1,1.151,-1.244
1789527784,528194307,41.785,robot_0,0.625,3.027
1789527784,750079971,42.007,robot_2,1.705,-0.204
1789527784,750161757,42.007,robot_1,1.151,-1.244
1789527784,750203426,42.007,robot_0,0.625,3.028
1789527784,959703813,42.216,robot_2,1.705,-0.204
1789527784,959779001,42.216,robot_1,1.151,-1.243
1789527784,959820608,42.216,robot_0,0.624,3.028
1789527785,170237620,42.427,robot_2,1.705,-0.205
1789527785,170326588,42.427,robot_1,1.151,-1.243
1789527785,170376727,42.427,robot_0,0.624,3.029
1789527785,386056163,42.643,robot_2,1.705,-0.205
1789527785,386137518,42.643,robot_1,1.151,-1.243
1789527785,386175355,42.643,robot_0,0.624,3.029
1789527785,589700202,42.846,robot_2,1.705,-0.205
1789527785,589799752,42.846,robot_1,1.151,-1.242
1789527785,589849687,42.852,robot_0,0.623,3.029
1789527785,829524384,43.086,robot_2,1.705,-0.205
1789527785,829608135,43.086,robot_1,1.151,-1.242
1789527785,829650409,43.086,robot_0,0.623,3.029
1789527786,32057350,43.289,robot_2,1.705,-0.205
1789527786,32134836,43.289,robot_1,1.151,-1.242
1789527786,32173323,43.289,robot_0,0.622,3.029
1789527786,236776062,43.493,robot_2,1.706,-0.206
1789527786,236861422,43.493,robot_1,1.151,-1.242
1789527786,236905505,43.493,robot_0,0.622,3.029
1789527786,459233878,43.716,robot_2,1.711,-0.194
1789527786,459307320,43.716,robot_1,1.151,-1.241
1789527786,459346887,43.716,robot_0,0.621,3.029
1789527786,665205763,43.922,robot_2,1.733,-0.142
1789527786,665278633,43.922,robot_1,1.150,-1.241
1789527786,665315105,43.922,robot_0,0.621,3.029
1789527786,873793551,44.130,robot_2,1.740,-0.123
1789527786,873905884,44.130,robot_1,1.150,-1.241
1789527786,873954937,44.130,robot_0,0.620,3.029
1789527787,91169299,44.348,robot_2,1.734,-0.135
1789527787,91243213,44.348,robot_1,1.150,-1.241
1789527787,91286269,44.348,robot_0,0.620,3.028
1789527787,309871630,44.566,robot_2,1.725,-0.154
1789527787,309946300,44.566,robot_1,1.150,-1.241
1789527787,309984001,44.566,robot_0,0.599,3.045
1789527787,510043452,44.767,robot_2,1.725,-0.154
1789527787,510120357,44.767,robot_1,1.148,-1.264
1789527787,512557815,44.769,robot_0,0.569,3.068
1789527787,722159733,44.979,robot_2,1.731,-0.139
1789527787,722244319,44.979,robot_1,1.146,-1.298
1789527787,722291170,44.979,robot_0,0.542,3.089
1789527787,941528722,45.198,robot_2,1.746,-0.102
1789527787,941639533,45.198,robot_1,1.143,-1.346
1789527787,941681315,45.198,robot_0,0.537,3.093
1789527788,164758231,45.421,robot_2,1.748,-0.096
1789527788,164844057,45.428,robot_1,1.142,-1.378
1789527788,171607864,45.428,robot_0,0.537,3.094
1789527788,389964563,45.646,robot_2,1.760,-0.044
1789527788,390046443,45.647,robot_1,1.141,-1.383
1789527788,390089034,45.647,robot_0,0.559,3.068
1789527788,596758954,45.853,robot_2,1.765,-0.010
1789527788,596825218,45.853,robot_1,1.141,-1.383
1789527788,596854110,45.853,robot_0,0.588,3.032
1789527788,813314641,46.081,robot_2,1.766,-0.010
1789527788,824881116,46.081,robot_1,1.138,-1.408
1789527788,824944254,46.081,robot_0,0.590,3.030
1789527789,47239047,46.304,robot_2,1.766,-0.010
1789527789,47319940,46.304,robot_1,1.130,-1.453
1789527789,47361901,46.304,robot_0,0.597,3.021
1789527789,270566900,46.527,robot_2,1.766,-0.010
1789527789,270649840,46.527,robot_1,1.123,-1.502
1789527789,270688609,46.527,robot_0,0.638,2.975
1789527789,484938662,46.741,robot_2,1.767,-0.010
1789527789,485048160,46.742,robot_1,1.123,-1.502
1789527789,485095857,46.742,robot_0,0.679,2.927
1789527789,705413247,46.962,robot_2,1.767,-0.010
1789527789,705493591,46.962,robot_1,1.129,-1.487
1789527789,705531885,46.962,robot_0,0.700,2.903
1789527789,936276412,47.193,robot_2,1.767,-0.009
1789527789,936357594,47.193,robot_1,1.134,-1.475
1789527789,936398952,47.193,robot_0,0.700,2.903
1789527790,145303874,47.402,robot_2,1.767,-0.009
1789527790,145400691,47.402,robot_1,1.119,-1.496
1789527790,145452879,47.402,robot_0,0.700,2.903
1789527790,359429223,47.616,robot_2,1.767,-0.009
1789527790,359511789,47.616,robot_1,1.092,-1.528
1789527790,359550328,47.616,robot_0,0.700,2.902
1789527790,571873355,47.828,robot_2,1.767,-0.009
1789527790,571960884,47.828,robot_1,1.062,-1.561
1789527790,572001556,47.828,robot_0,0.700,2.902
1789527790,790326067,48.047,robot_2,1.767,-0.008
1789527790,790410186,48.047,robot_1,1.062,-1.561
1789527790,790455681,48.047,robot_0,0.698,2.902
1789527791,5285202,48.262,robot_2,1.767,-0.008
1789527791,5367238,48.262,robot_1,1.062,-1.561
1789527791,5402243,48.262,robot_0,0.661,2.906
1789527791,208531031,48.465,robot_2,1.767,-0.008
1789527791,208643224,48.465,robot_1,1.061,-1.561
1789527791,208714252,48.465,robot_0,0.650,2.907
1789527791,431233956,48.688,robot_2,1.767,-0.007
1789527791,431315898,48.688,robot_1,1.061,-1.561
1789527791,431354646,48.688,robot_0,0.650,2.907
1789527791,637759308,48.894,robot_2,1.767,-0.007
1789527791,637849078,48.894,robot_1,1.061,-1.561
1789527791,637899896,48.894,robot_0,0.650,2.906
1789527791,870469281,49.127,robot_2,1.766,-0.007
1789527791,870566418,49.127,robot_1,1.061,-1.561
1789527791,870605500,49.127,robot_0,0.650,2.906
1789527792,86196824,49.343,robot_2,1.766,-0.007
1789527792,86292475,49.343,robot_1,1.060,-1.561
1789527792,86336385,49.343,robot_0,0.650,2.906
1789527792,287157155,49.544,robot_2,1.766,-0.007
1789527792,287266058,49.544,robot_1,1.060,-1.561
1789527792,287315782,49.544,robot_0,0.651,2.905
1789527792,519463582,49.776,robot_2,1.766,-0.007
1789527792,519553285,49.776,robot_1,1.060,-1.561
1789527792,519597666,49.776,robot_0,0.651,2.905
1789527792,722116008,49.979,robot_2,1.769,0.003
1789527792,722199526,49.979,robot_1,1.060,-1.561
1789527792,722237703,49.979,robot_0,0.651,2.905
1789527792,932269517,50.189,robot_2,1.781,0.038
1789527792,932374946,50.189,robot_1,1.060,-1.561
1789527792,932417157,50.189,robot_0,0.652,2.905
1789527793,150126039,50.407,robot_2,1.795,0.081
1789527793,150223665,50.407,robot_1,1.060,-1.562
1789527793,150271286,50.407,robot_0,0.652,2.904
1789527793,367600131,50.624,robot_2,1.797,0.087
1789527793,367682360,50.624,robot_1,1.059,-1.562
1789527793,367721416,50.624,robot_0,0.652,2.904
1789527793,595815539,50.852,robot_2,1.783,0.043
1789527793,595912772,50.852,robot_1,1.059,-1.562
1789527793,595955519,50.852,robot_0,0.653,2.904
1789527793,813915559,51.070,robot_2,1.767,-0.003
1789527793,814009083,51.071,robot_1,1.059,-1.562
1789527793,814056924,51.071,robot_0,0.653,2.905
1789527794,16058404,51.273,robot_2,1.755,-0.038
1789527794,16148775,51.273,robot_1,1.059,-1.563
1789527794,16193539,51.273,robot_0,0.654,2.905
1789527794,226646329,51.483,robot_2,1.744,-0.072
1789527794,226733045,51.483,robot_1,1.060,-1.563
1789527794,226774928,51.483,robot_0,0.654,2.905
1789527794,433393699,51.690,robot_2,1.734,-0.102
1789527794,433468796,51.690,robot_1,1.054,-1.566
1789527794,433499903,51.690,robot_0,0.654,2.905
1789527794,654352234,51.911,robot_2,1.734,-0.102
1789527794,654436674,51.911,robot_1,1.020,-1.584
1789527794,654478945,51.911,robot_0,0.655,2.905
1789527794,859620721,52.116,robot_2,1.734,-0.102
1789527794,859705731,52.116,robot_1,0.989,-1.600
1789527794,859754626,52.116,robot_0,0.655,2.906
1789527795,67505400,52.324,robot_2,1.734,-0.102
1789527795,67583090,52.324,robot_1,0.990,-1.600
1789527795,67626153,52.324,robot_0,0.655,2.906
1789527795,294783583,52.551,robot_2,1.735,-0.102
1789527795,299444428,52.556,robot_1,1.035,-1.576
1789527795,299521971,52.556,robot_0,0.655,2.906
1789527795,499292219,52.756,robot_2,1.734,-0.102
1789527795,499381977,52.756,robot_1,1.081,-1.552
1789527795,499426907,52.756,robot_0,0.657,2.906
1789527795,721152695,52.978,robot_2,1.734,-0.102
1789527795,721232001,52.978,robot_1,1.112,-1.536
1789527795,721268224,52.978,robot_0,0.683,2.903
1789527795,956391776,53.213,robot_2,1.734,-0.102
1789527795,956482434,53.213,robot_1,1.112,-1.536
1789527795,956524434,53.213,robot_0,0.649,2.906
1789527796,172065841,53.429,robot_2,1.734,-0.102
1789527796,172135352,53.429,robot_1,1.136,-1.525
1789527796,172165682,53.429,robot_0,0.633,2.906
1789527796,377530659,53.634,robot_2,1.733,-0.102
1789527796,377616426,53.634,robot_1,1.132,-1.526
1789527796,377661375,53.634,robot_0,0.586,2.899
1789527796,604585836,53.861,robot_2,1.733,-0.102
1789527796,604671823,53.861,robot_1,1.115,-1.534
1789527796,604713664,53.861,robot_0,0.577,2.897
1789527796,814575208,54.071,robot_2,1.733,-0.103
1789527796,814683438,54.071,robot_1,1.116,-1.534
1789527796,814750246,54.071,robot_0,0.577,2.897
1789527797,15473269,54.272,robot_2,1.733,-0.103
1789527797,15561989,54.272,robot_1,1.153,-1.514
1789527797,15603788,54.272,robot_0,0.600,2.900
1789527797,215531888,54.472,robot_2,1.733,-0.103
1789527797,215622177,54.472,robot_1,1.185,-1.496
1789527797,215664468,54.472,robot_0,0.625,2.903
1789527797,441141784,54.698,robot_2,1.732,-0.103
1789527797,441227010,54.698,robot_1,1.214,-1.479
1789527797,441269242,54.698,robot_0,0.625,2.903
1789527797,655251585,54.912,robot_2,1.732,-0.103
1789527797,662881848,54.919,robot_1,1.250,-1.459
1789527797,663002644,54.919,robot_0,0.625,2.903
1789527797,872252567,55.129,robot_2,1.732,-0.104
1789527797,872339733,55.129,robot_1,1.302,-1.430
1789527797,872381784,55.129,robot_0,0.621,2.903
1789527798,83371963,55.340,robot_2,1.732,-0.104
1789527798,83482913,55.340,robot_1,1.326,-1.416
1789527798,83534595,55.340,robot_0,0.587,2.896
1789527798,281298673,55.538,robot_2,1.732,-0.104
1789527798,281386957,55.538,robot_1,1.340,-1.408
1789527798,281430126,55.538,robot_0,0.576,2.894
1789527798,494274851,55.751,robot_2,1.732,-0.104
1789527798,494362688,55.751,robot_1,1.340,-1.408
1789527798,494405175,55.751,robot_0,0.572,2.893
1789527798,708300073,55.965,robot_2,1.734,-0.104
1789527798,708387347,55.965,robot_1,1.340,-1.408
1789527798,708424273,55.965,robot_0,0.542,2.885
1789527798,942053262,56.199,robot_2,1.780,-0.090
1789527798,942136435,56.199,robot_1,1.340,-1.408
1789527798,942177437,56.199,robot_0,0.546,2.886
1789527799,153404887,56.410,robot_2,1.791,-0.086
1789527799,153489846,56.410,robot_1,1.340,-1.408
1789527799,153534913,56.410,robot_0,0.564,2.891
1789527799,358588618,56.615,robot_2,1.814,-0.077
1789527799,358670631,56.615,robot_1,1.350,-1.405
1789527799,358706807,56.615,robot_0,0.551,2.887
1789527799,561955590,56.818,robot_2,1.851,-0.061
1789527799,562043115,56.819,robot_1,1.403,-1.395
1789527799,562078127,56.819,robot_0,0.551,2.887
1789527799,779517191,57.036,robot_2,1.883,-0.047
1789527799,779595315,57.036,robot_1,1.434,-1.390
1789527799,779644109,57.036,robot_0,0.551,2.888
1789527800,12838522,57.269,robot_2,1.896,-0.042
1789527800,12927339,57.269,robot_1,1.423,-1.392
1789527800,12970922,57.269,robot_0,0.550,2.888
1789527800,220629227,57.477,robot_2,1.863,-0.057
1789527800,220746165,57.477,robot_1,1.385,-1.398
1789527800,220794841,57.477,robot_0,0.550,2.888
1789527800,443375076,57.700,robot_2,1.851,-0.062
1789527800,443462334,57.700,robot_1,1.374,-1.399
1789527800,443496245,57.700,robot_0,0.550,2.889
1789527800,643555557,57.900,robot_2,1.851,-0.062
1789527800,643650748,57.900,robot_1,1.383,-1.398
1789527800,643694326,57.900,robot_0,0.549,2.889
1789527800,856564130,58.113,robot_2,1.877,-0.050
1789527800,856658242,58.113,robot_1,1.421,-1.388
1789527800,856701795,58.113,robot_0,0.549,2.889
1789527801,70043410,58.327,robot_2,1.882,-0.048
1789527801,81980267,58.339,robot_1,1.430,-1.386
1789527801,82071899,58.339,robot_0,0.548,2.889
1789527801,302583442,58.559,robot_2,1.882,-0.048
1789527801,302671155,58.559,robot_1,1.480,-1.374
1789527801,302712315,58.559,robot_0,0.548,2.889
1789527801,519759434,58.776,robot_2,1.882,-0.049
1789527801,519839039,58.793,robot_1,1.548,-1.360
1789527801,536366745,58.793,robot_0,0.548,2.889
1789527801,739536910,58.996,robot_2,1.882,-0.049
1789527801,739621628,58.996,robot_1,1.600,-1.348
1789527801,739655028,58.996,robot_0,0.547,2.889
1789527801,977841181,59.234,robot_2,1.882,-0.049
1789527801,977937386,59.234,robot_1,1.617,-1.344
1789527801,977982644,59.234,robot_0,0.547,2.888
1789527802,189658377,59.446,robot_2,1.883,-0.049
1789527802,189759446,59.446,robot_1,1.617,-1.344
1789527802,189807301,59.446,robot_0,0.546,2.888
1789527802,414609364,59.671,robot_2,1.883,-0.049
1789527802,414690251,59.671,robot_1,1.617,-1.345
1789527802,414730233,59.671,robot_0,0.546,2.888
1789527802,619802819,59.876,robot_2,1.883,-0.049
1789527802,619891636,59.876,robot_1,1.617,-1.345
1789527802,619933235,59.876,robot_0,0.546,2.887
1789527802,850743406,60.107,robot_2,1.884,-0.049
1789527802,850826074,60.107,robot_1,1.618,-1.345
1789527802,850875736,60.107,robot_0,0.546,2.887
1789527803,56417796,60.313,robot_2,1.884,-0.049
1789527803,56506207,60.313,robot_1,1.618,-1.345
1789527803,56549892,60.313,robot_0,0.546,2.886
1789527803,266743311,60.523,robot_2,1.884,-0.049
1789527803,266822681,60.523,robot_1,1.618,-1.345
1789527803,266865832,60.523,robot_0,0.546,2.886
1789527803,484836360,60.741,robot_2,1.884,-0.048
1789527803,486428317,60.743,robot_1,1.618,-1.345
1789527803,486515591,60.743,robot_0,0.546,2.886
1789527803,691486883,60.948,robot_2,1.884,-0.048
1789527803,691584164,60.948,robot_1,1.619,-1.345
1789527803,691633185,60.948,robot_0,0.548,2.886
1789527803,900386648,61.157,robot_2,1.885,-0.048
1789527803,900457145,61.157,robot_1,1.619,-1.345
1789527803,900488813,61.157,robot_0,0.578,2.886
1789527804,105353929,61.362,robot_2,1.885,-0.048
1789527804,105435667,61.362,robot_1,1.619,-1.345
1789527804,105477521,61.362,robot_0,0.624,2.884
1789527804,335004185,61.592,robot_2,1.885,-0.047
1789527804,335092042,61.592,robot_1,1.620,-1.345
1789527804,335132459,61.592,robot_0,0.667,2.882
1789527804,546537248,61.803,robot_2,1.885,-0.047
1789527804,546628911,61.803,robot_1,1.620,-1.345
1789527804,546666475,61.803,robot_0,0.717,2.880
1789527804,775123344,62.032,robot_2,1.895,-0.046
1789527804,775225284,62.032,robot_1,1.620,-1.345
1789527804,775271687,62.032,robot_0,0.726,2.880
1789527805,9383498,62.266,robot_2,1.933,-0.041
1789527805,9463175,62.266,robot_1,1.620,-1.344
1789527805,9505737,62.266,robot_0,0.726,2.880
1789527805,225357079,62.482,robot_2,1.971,-0.037
1789527805,225430295,62.482,robot_1,1.620,-1.344
1789527805,225465610,62.482,robot_0,0.740,2.878
1789527805,428253821,62.685,robot_2,2.011,-0.032
1789527805,428335306,62.685,robot_1,1.620,-1.344
1789527805,428374994,62.685,robot_0,0.799,2.870
1789527805,635904101,62.892,robot_2,2.040,-0.029
1789527805,635995378,62.892,robot_1,1.620,-1.344
1789527805,636040814,62.893,robot_0,0.816,2.868
1789527805,839487785,63.096,robot_2,2.076,-0.025
1789527805,839568088,63.096,robot_1,1.645,-1.346
1789527805,839632075,63.096,robot_0,0.816,2.868
1789527806,51294062,63.308,robot_2,2.089,-0.023
1789527806,51372533,63.308,robot_1,1.674,-1.348
1789527806,51419240,63.308,robot_0,0.850,2.870
1789527806,275665227,63.532,robot_2,2.057,-0.029
1789527806,275805510,63.532,robot_1,1.674,-1.348
1789527806,276365042,63.533,robot_0,0.856,2.870
1789527806,487160410,63.744,robot_2,2.035,-0.034
1789527806,487240501,63.744,robot_1,1.674,-1.348
1789527806,487281873,63.744,robot_0,0.818,2.864
1789527806,691467393,63.948,robot_2,2.035,-0.034
1789527806,691554897,63.948,robot_1,1.661,-1.348
1789527806,691595599,63.948,robot_0,0.834,2.867
1789527806,911671614,64.168,robot_2,2.035,-0.034
1789527806,911746124,64.168,robot_1,1.624,-1.345
1789527806,911780274,64.168,robot_0,0.849,2.869
1789527807,126315721,64.383,robot_2,2.035,-0.033
1789527807,126392280,64.383,robot_1,1.628,-1.346
1789527807,126432547,64.383,robot_0,0.849,2.869
1789527807,343067355,64.600,robot_2,2.034,-0.033
1789527807,343148543,64.600,robot_1,1.660,-1.352
1789527807,343191207,64.600,robot_0,0.849,2.869
1789527807,548893531,64.805,robot_2,2.034,-0.033
1789527807,548980133,64.805,robot_1,1.701,-1.360
1789527807,549025893,64.806,robot_0,0.849,2.869
1789527807,775500569,65.032,robot_2,2.034,-0.033
1789527807,775596622,65.032,robot_1,1.726,-1.364
1789527807,775643851,65.032,robot_0,0.850,2.869
1789527807,984817524,65.241,robot_2,2.034,-0.033
1789527807,985093670,65.242,robot_1,1.726,-1.364
1789527807,985155390,65.242,robot_0,0.850,2.868
1789527808,188749381,65.445,robot_2,2.034,-0.033
1789527808,196052493,65.453,robot_1,1.726,-1.364
1789527808,196183685,65.453,robot_0,0.850,2.868
1789527808,408167114,65.665,robot_2,2.033,-0.033
1789527808,408246507,65.665,robot_1,1.726,-1.364
1789527808,408285209,65.665,robot_0,0.850,2.868
1789527808,639521073,65.896,robot_2,2.033,-0.032
1789527808,639629831,65.896,robot_1,1.726,-1.364
1789527808,639678463,65.896,robot_0,0.851,2.868
1789527808,848494803,66.105,robot_2,2.033,-0.032
1789527808,848579320,66.105,robot_1,1.726,-1.363
1789527808,848621026,66.105,robot_0,0.851,2.867
1789527809,70039005,66.327,robot_2,2.033,-0.033
1789527809,70135923,66.327,robot_1,1.725,-1.363
1789527809,70176945,66.327,robot_0,0.851,2.867
1789527809,292168812,66.549,robot_2,2.032,-0.033
1789527809,292259720,66.549,robot_1,1.725,-1.363
1789527809,292307009,66.549,robot_0,0.852,2.867
1789527809,552162044,66.809,robot_2,2.032,-0.033
1789527809,552255288,66.809,robot_1,1.725,-1.363
1789527809,552304667,66.809,robot_0,0.852,2.867
1789527809,762891131,67.019,robot_2,2.032,-0.033
1789527809,762990405,67.019,robot_1,1.725,-1.363
1789527809,763039328,67.020,robot_0,0.853,2.867
1789527809,972435557,67.229,robot_2,2.032,-0.033
1789527809,972523412,67.229,robot_1,1.724,-1.363
1789527809,972570355,67.229,robot_0,0.853,2.868
1789527810,200789012,67.457,robot_2,2.032,-0.033
1789527810,200884212,67.457,robot_1,1.724,-1.363
1789527810,200932985,67.457,robot_0,0.853,2.868
1789527810,412013129,67.669,robot_2,2.031,-0.034
1789527810,412094153,67.669,robot_1,1.724,-1.363
1789527810,412133664,67.669,robot_0,0.854,2.868
1789527810,615943960,67.872,robot_2,2.031,-0.034
1789527810,616026525,67.873,robot_1,1.724,-1.363
1789527810,616065533,67.873,robot_0,0.854,2.868
1789527810,839029392,68.096,robot_2,2.031,-0.034
1789527810,839112642,68.096,robot_1,1.723,-1.363
1789527810,839151506,68.096,robot_0,0.854,2.869
1789527811,51277829,68.308,robot_2,2.031,-0.034
1789527811,51356570,68.308,robot_1,1.723,-1.363
1789527811,51395515,68.308,robot_0,0.854,2.869
1789527811,266225762,68.523,robot_2,2.060,-0.036
1789527811,266305752,68.523,robot_1,1.723,-1.363
1789527811,266349484,68.523,robot_0,0.854,2.869
1789527811,473086754,68.730,robot_2,2.067,-0.036
1789527811,473165788,68.730,robot_1,1.723,-1.363
1789527811,473212747,68.730,robot_0,0.854,2.869
1789527811,698412005,68.955,robot_2,2.116,-0.041
1789527811,698488602,68.955,robot_1,1.705,-1.352
1789527811,698528028,68.955,robot_0,0.828,2.875
1789527811,901392336,69.158,robot_2,2.151,-0.045
1789527811,901472495,69.158,robot_1,1.678,-1.334
1789527811,901513312,69.158,robot_0,0.794,2.880
1789527812,111785935,69.368,robot_2,2.148,-0.045
1789527812,111869069,69.368,robot_1,1.680,-1.335
1789527812,111913204,69.368,robot_0,0.745,2.884
1789527812,313244324,69.570,robot_2,2.111,-0.047
1789527812,313323297,69.570,robot_1,1.713,-1.354
1789527812,313372684,69.570,robot_0,0.743,2.884
1789527812,527161807,69.784,robot_2,2.073,-0.049
1789527812,527223149,69.784,robot_1,1.724,-1.360
1789527812,527252018,69.784,robot_0,0.753,2.887
1789527812,737966627,69.994,robot_2,2.044,-0.051
1789527812,738049366,69.995,robot_1,1.724,-1.360
1789527812,738091799,69.995,robot_0,0.780,2.895
1789527812,963613167,70.220,robot_2,2.044,-0.051
1789527812,963693801,70.220,robot_1,1.764,-1.378
1789527812,963729746,70.220,robot_0,0.796,2.903
1789527813,178311133,70.435,robot_2,2.044,-0.051
1789527813,178390905,70.435,robot_1,1.803,-1.396
1789527813,178426722,70.435,robot_0,0.837,2.927
1789527813,379140649,70.636,robot_2,2.044,-0.050
1789527813,379213300,70.636,robot_1,1.806,-1.398
1789527813,379252511,70.636,robot_0,0.871,2.949
1789527813,594596227,70.851,robot_2,2.044,-0.050
1789527813,594667903,70.851,robot_1,1.840,-1.417
1789527813,594703397,70.851,robot_0,0.880,2.954
1789527813,797724639,71.054,robot_2,2.044,-0.050
1789527813,797806774,71.054,robot_1,1.880,-1.440
1789527813,797846188,71.054,robot_0,0.822,2.922
1789527814,4313192,71.261,robot_2,2.045,-0.049
1789527814,4389954,71.261,robot_1,1.880,-1.440
1789527814,4426461,71.261,robot_0,0.776,2.898
1789527814,207600006,71.464,robot_2,2.045,-0.049
1789527814,207676126,71.464,robot_1,1.854,-1.420
1789527814,207712347,71.464,robot_0,0.773,2.897
1789527814,424553215,71.681,robot_2,2.046,-0.049
1789527814,424639998,71.681,robot_1,1.855,-1.422
1789527814,424684256,71.681,robot_0,0.772,2.897
1789527814,624652932,71.881,robot_2,2.046,-0.049
1789527814,624721973,71.881,robot_1,1.882,-1.442
1789527814,624751717,71.881,robot_0,0.772,2.897
1789527814,850130625,72.107,robot_2,2.046,-0.049
1789527814,850217407,72.107,robot_1,1.891,-1.449
1789527814,850264064,72.107,robot_0,0.772,2.897
1789527815,83055479,72.340,robot_2,2.034,-0.082
1789527815,83139494,72.340,robot_1,1.891,-1.449
1789527815,83184669,72.340,robot_0,0.771,2.898
1789527815,313181008,72.570,robot_2,2.022,-0.113
1789527815,313254387,72.570,robot_1,1.891,-1.449
1789527815,313289794,72.570,robot_0,0.771,2.898
1789527815,530905878,72.787,robot_2,2.003,-0.163
1789527815,530977736,72.787,robot_1,1.891,-1.450
1789527815,531016966,72.788,robot_0,0.770,2.898
1789527815,736777987,72.993,robot_2,1.987,-0.205
1789527815,736866727,72.993,robot_1,1.891,-1.450
1789527815,736912047,72.993,robot_0,0.770,2.898
1789527815,943474587,73.200,robot_2,1.983,-0.216
1789527815,943551884,73.200,robot_1,1.891,-1.450
1789527815,943584494,73.200,robot_0,0.770,2.898
1789527816,149131787,73.406,robot_2,1.999,-0.175
1789527816,149211786,73.406,robot_1,1.891,-1.451
1789527816,149246196,73.406,robot_0,0.769,2.897
1789527816,361294030,73.618,robot_2,2.011,-0.143
1789527816,361371949,73.618,robot_1,1.891,-1.451
1789527816,361409438,73.618,robot_0,0.769,2.897
1789527816,575774445,73.832,robot_2,2.006,-0.154
1789527816,575868194,73.832,robot_1,1.891,-1.451
1789527816,575905630,73.834,robot_0,0.768,2.897
1789527816,778726906,74.035,robot_2,1.983,-0.207
1789527816,778804197,74.035,robot_1,1.892,-1.451
1789527816,778838094,74.035,robot_0,0.768,2.896
1789527816,988013733,74.245,robot_2,1.959,-0.262
1789527816,988097763,74.245,robot_1,1.892,-1.451
1789527816,988141763,74.245,robot_0,0.768,2.896
1789527817,203838338,74.460,robot_2,1.944,-0.296
1789527817,203921167,74.460,robot_1,1.892,-1.451
1789527817,203958645,74.460,robot_0,0.768,2.895
1789527817,427867289,74.684,robot_2,1.944,-0.296
1789527817,427956914,74.684,robot_1,1.892,-1.451
1789527817,428003128,74.684,robot_0,0.768,2.895
1789527817,644862111,74.906,robot_2,1.944,-0.296
1789527817,650040071,74.907,robot_1,1.893,-1.451
1789527817,650092887,74.907,robot_0,0.768,2.894
1789527817,857208598,75.114,robot_2,1.944,-0.296
1789527817,857313902,75.114,robot_1,1.893,-1.451
1789527817,857367555,75.114,robot_0,0.768,2.894
1789527818,73160317,75.330,robot_2,1.944,-0.296
1789527818,73251866,75.330,robot_1,1.893,-1.451
1789527818,73290308,75.330,robot_0,0.768,2.894
1789527818,288297345,75.545,robot_2,1.943,-0.296
1789527818,288417545,75.545,robot_1,1.894,-1.451
1789527818,288461961,75.545,robot_0,0.768,2.894
1789527818,497919155,75.754,robot_2,1.943,-0.297
1789527818,501560975,75.758,robot_1,1.896,-1.453
1789527818,501647182,75.758,robot_0,0.789,2.910
1789527818,719740864,75.976,robot_2,1.943,-0.297
1789527818,719829320,75.976,robot_1,1.925,-1.480
1789527818,719896878,75.976,robot_0,0.833,2.951
1789527818,933387329,76.190,robot_2,1.943,-0.297
1789527818,933506467,76.190,robot_1,1.955,-1.509
1789527818,933604647,76.190,robot_0,0.877,2.995
1789527819,140682475,76.397,robot_2,1.942,-0.297
1789527819,140769531,76.397,robot_1,1.983,-1.534
1789527819,140814125,76.397,robot_0,0.887,3.005
1789527819,359726480,76.616,robot_2,1.942,-0.297
1789527819,359805627,76.616,robot_1,1.988,-1.539
1789527819,359844024,76.616,robot_0,0.887,3.005
1789527819,567301211,76.824,robot_2,1.942,-0.298
1789527819,567385982,76.824,robot_1,1.988,-1.539
1789527819,567431901,76.824,robot_0,0.887,3.005
1789527819,781249563,77.038,robot_2,1.942,-0.298
1789527819,781723667,77.038,robot_1,1.988,-1.540
1789527819,781788088,77.038,robot_0,0.887,3.005
1789527819,987508271,77.244,robot_2,1.942,-0.298
1789527819,987603098,77.244,robot_1,1.988,-1.540
1789527819,987650576,77.244,robot_0,0.887,3.006
1789527820,206284922,77.463,robot_2,1.942,-0.299
1789527820,206359356,77.463,robot_1,1.987,-1.540
1789527820,206396826,77.463,robot_0,0.865,2.991
1789527820,409459246,77.666,robot_2,1.942,-0.299
1789527820,409537021,77.666,robot_1,1.987,-1.540
1789527820,409573312,77.666,robot_0,0.853,2.984
1789527820,641396127,77.898,robot_2,1.943,-0.299
1789527820,641481314,77.898,robot_1,1.986,-1.539
1789527820,641517560,77.898,robot_0,0.853,2.985
1789527820,843793247,78.100,robot_2,1.943,-0.299
1789527820,843892811,78.100,robot_1,1.986,-1.539
1789527820,843942664,78.100,robot_0,0.852,2.985
1789527821,57786657,78.314,robot_2,1.943,-0.299
1789527821,73728630,78.330,robot_1,1.986,-1.539
1789527821,73825796,78.330,robot_0,0.819,2.985
1789527821,272624712,78.529,robot_2,1.943,-0.300
1789527821,272719699,78.529,robot_1,1.986,-1.539
1789527821,272754504,78.529,robot_0,0.783,2.987
1789527821,474773794,78.731,robot_2,1.943,-0.300
1789527821,474867904,78.731,robot_1,1.985,-1.539
1789527821,474914701,78.731,robot_0,0.752,2.989
1789527821,681136738,78.938,robot_2,1.944,-0.300
1789527821,681219072,78.938,robot_1,1.985,-1.538
1789527821,681254724,78.938,robot_0,0.752,2.988
1789527821,888150455,79.145,robot_2,1.944,-0.300
1789527821,888233917,79.145,robot_1,1.985,-1.538
1789527821,888274928,79.145,robot_0,0.752,2.988
1789527822,105974927,79.362,robot_2,1.944,-0.300
1789527822,106065129,79.363,robot_1,1.982,-1.539
1789527822,106105814,79.363,robot_0,0.752,2.988
1789527822,318546015,79.575,robot_2,1.944,-0.300
1789527822,318626141,79.575,robot_1,1.951,-1.545
1789527822,318665088,79.575,robot_0,0.752,2.987
1789527822,526450537,79.783,robot_2,1.944,-0.300
1789527822,530207559,79.787,robot_1,1.914,-1.553
1789527822,530287243,79.787,robot_0,0.753,2.987
1789527822,728756786,79.985,robot_2,1.945,-0.300
1789527822,728841356,79.985,robot_1,1.903,-1.555
1789527822,728883274,79.985,robot_0,0.753,2.987
1789527822,943791342,80.200,robot_2,1.950,-0.322
1789527822,943880363,80.200,robot_1,1.903,-1.555
1789527822,943915111,80.200,robot_0,0.753,2.986
1789527823,166545027,80.423,robot_2,1.961,-0.366
1789527823,166627849,80.423,robot_1,1.903,-1.555
1789527823,166674201,80.423,robot_0,0.754,2.986
1789527823,381806740,80.638,robot_2,1.969,-0.399
1789527823,381900240,80.638,robot_1,1.903,-1.555
1789527823,381942353,80.638,robot_0,0.755,2.986
1789527823,592923117,80.849,robot_2,1.974,-0.422
1789527823,593001235,80.849,robot_1,1.903,-1.555
1789527823,593042314,80.850,robot_0,0.755,2.986
1789527823,811184388,81.068,robot_2,1.974,-0.422
1789527823,811262831,81.068,robot_1,1.903,-1.556
1789527823,811304492,81.068,robot_0,0.755,2.986
1789527824,22498332,81.279,robot_2,1.974,-0.422
1789527824,22572320,81.279,robot_1,1.903,-1.556
1789527824,22613596,81.279,robot_0,0.756,2.986
1789527824,250410442,81.507,robot_2,1.975,-0.422
1789527824,250509823,81.507,robot_1,1.904,-1.556
1789527824,250569177,81.507,robot_0,0.756,2.987
1789527824,482831174,81.739,robot_2,1.975,-0.421
1789527824,482898007,81.739,robot_1,1.904,-1.556
1789527824,482927591,81.739,robot_0,0.756,2.987
1789527824,685614723,81.942,robot_2,1.975,-0.421
1789527824,685701102,81.942,robot_1,1.904,-1.556
1789527824,685739891,81.942,robot_0,0.757,2.987
1789527824,898064352,82.155,robot_2,1.975,-0.421
1789527824,898132266,82.155,robot_1,1.904,-1.556
1789527824,898163670,82.155,robot_0,0.757,2.988
1789527825,105328575,82.362,robot_2,1.975,-0.420
1789527825,105412198,82.362,robot_1,1.905,-1.556
1789527825,105449964,82.362,robot_0,0.757,2.988
1789527825,307688567,82.564,robot_2,1.975,-0.420
1789527825,307766021,82.564,robot_1,1.905,-1.556
1789527825,307809796,82.564,robot_0,0.757,2.989
1789527825,516191278,82.773,robot_2,1.975,-0.420
1789527825,516274454,82.773,robot_1,1.905,-1.556
1789527825,516313397,82.773,robot_0,0.757,2.989
1789527825,735342001,82.992,robot_2,1.975,-0.419
1789527825,735422954,82.992,robot_1,1.905,-1.556
1789527825,735459266,82.992,robot_0,0.757,2.990
1789527825,945102010,83.202,robot_2,1.982,-0.413
1789527825,945170587,83.202,robot_1,1.906,-1.556
1789527825,945202730,83.202,robot_0,0.757,2.990
1789527826,154197396,83.411,robot_2,2.005,-0.390
1789527826,154287077,83.411,robot_1,1.906,-1.556
1789527826,154333341,83.411,robot_0,0.757,2.990
1789527826,369877110,83.626,robot_2,1.990,-0.406
1789527826,369962241,83.626,robot_1,1.906,-1.555
1789527826,369997474,83.626,robot_0,0.756,2.991
1789527826,604831947,83.861,robot_2,1.985,-0.412
1789527826,604963290,83.861,robot_1,1.906,-1.555
1789527826,605013479,83.862,robot_0,0.756,2.991
1789527826,801090470,84.058,robot_2,1.987,-0.411
1789527826,801170447,84.058,robot_1,1.892,-1.551
1789527826,801216265,84.058,robot_0,0.755,2.991
1789527827,23307546,84.280,robot_2,2.020,-0.396
1789527827,23379758,84.280,robot_1,1.853,-1.539
1789527827,23422722,84.280,robot_0,0.755,2.991
1789527827,243089267,84.500,robot_2,2.032,-0.391
1789527827,243161516,84.500,robot_1,1.805,-1.521
1789527827,243206502,84.500,robot_0,0.755,2.991
1789527827,454320123,84.711,robot_2,2.032,-0.391
1789527827,454399621,84.711,robot_1,1.773,-1.508
1789527827,454441944,84.711,robot_0,0.754,2.991
1789527827,672338612,84.929,robot_2,2.064,-0.390
1789527827,672416120,84.929,robot_1,1.736,-1.494
1789527827,672448990,84.929,robot_0,0.754,2.991
1789527827,882708151,85.139,robot_2,2.055,-0.389
1789527827,882783992,85.139,robot_1,1.747,-1.500
1789527827,882824871,85.139,robot_0,0.751,2.999
1789527828,90108624,85.347,robot_2,2.034,-0.388
1789527828,90183006,85.347,robot_1,1.763,-1.508
1789527828,90215360,85.347,robot_0,0.740,3.038
1789527828,306744686,85.563,robot_2,2.071,-0.389
1789527828,306810583,85.563,robot_1,1.729,-1.489
1789527828,306841262,85.563,robot_0,0.736,3.052
1789527828,507998942,85.765,robot_2,2.074,-0.390
1789527828,508066194,85.765,robot_1,1.701,-1.470
1789527828,508100858,85.765,robot_0,0.736,3.052
1789527828,714538565,85.971,robot_2,2.074,-0.390
1789527828,714608775,85.971,robot_1,1.699,-1.469
1789527828,714648553,85.971,robot_0,0.725,3.077
1789527828,923884752,86.180,robot_2,2.074,-0.390
1789527828,923948643,86.180,robot_1,1.678,-1.448
1789527828,923981599,86.180,robot_0,0.716,3.101
1789527829,140038199,86.397,robot_2,2.074,-0.390
1789527829,140111463,86.397,robot_1,1.677,-1.448
1789527829,140152844,86.397,robot_0,0.716,3.101
1789527829,345903185,86.602,robot_2,2.074,-0.389
1789527829,345978862,86.602,robot_1,1.677,-1.448
1789527829,346011840,86.602,robot_0,0.718,3.095
1789527829,557543671,86.818,robot_2,2.074,-0.389
1789527829,561344079,86.818,robot_1,1.677,-1.448
1789527829,561399835,86.818,robot_0,0.736,3.045
1789527829,781468944,87.038,robot_2,2.074,-0.389
1789527829,781549360,87.038,robot_1,1.678,-1.448
1789527829,781597339,87.038,robot_0,0.738,3.039
1789527829,989278598,87.246,robot_2,2.073,-0.389
1789527829,989354715,87.246,robot_1,1.678,-1.447
1789527829,989399783,87.246,robot_0,0.730,3.073
1789527830,203448347,87.460,robot_2,2.073,-0.388
1789527830,203567340,87.460,robot_1,1.678,-1.447
1789527830,203611893,87.460,robot_0,0.721,3.114
1789527830,404714280,87.661,robot_2,2.073,-0.388
1789527830,404796707,87.661,robot_1,1.678,-1.447
1789527830,404833084,87.661,robot_0,0.716,3.133
1789527830,617533113,87.874,robot_2,2.073,-0.388
1789527830,617616433,87.874,robot_1,1.678,-1.446
1789527830,617660134,87.874,robot_0,0.716,3.133
1789527830,830055152,88.087,robot_2,2.072,-0.388
1789527830,830124381,88.087,robot_1,1.678,-1.446
1789527830,830164060,88.087,robot_0,0.716,3.133
1789527831,47931734,88.304,robot_2,2.072,-0.388
1789527831,48036063,88.305,robot_1,1.678,-1.446
1789527831,48075296,88.305,robot_0,0.716,3.132
1789527831,265371189,88.522,robot_2,2.072,-0.388
1789527831,265449571,88.522,robot_1,1.677,-1.446
1789527831,265495141,88.522,robot_0,0.715,3.132
1789527831,471411759,88.728,robot_2,2.072,-0.388
1789527831,471487670,88.728,robot_1,1.677,-1.445
1789527831,471522979,88.729,robot_0,0.715,3.131
1789527831,697537218,88.954,robot_2,2.071,-0.388
1789527831,697617890,88.954,robot_1,1.677,-1.445
1789527831,697656557,88.954,robot_0,0.715,3.131
1789527831,907261715,89.164,robot_2,2.071,-0.389
1789527831,907334774,89.164,robot_1,1.677,-1.445
1789527831,907367944,89.164,robot_0,0.715,3.130
1789527832,116186701,89.373,robot_2,2.071,-0.389
1789527832,116257576,89.373,robot_1,1.676,-1.445
1789527832,116294692,89.373,robot_0,0.715,3.130
1789527832,327872722,89.584,robot_2,2.066,-0.387
1789527832,327943336,89.584,robot_1,1.676,-1.445
1789527832,327976395,89.584,robot_0,0.715,3.129
1789527832,534257906,89.791,robot_2,2.037,-0.374
1789527832,534320520,89.791,robot_1,1.676,-1.445
1789527832,534351138,89.791,robot_0,0.715,3.129
1789527832,744997171,90.002,robot_2,2.008,-0.361
1789527832,745083229,90.002,robot_1,1.675,-1.445
1789527832,745130774,90.002,robot_0,0.738,3.147
1789527832,967225323,90.224,robot_2,1.973,-0.346
1789527832,967302844,90.224,robot_1,1.675,-1.445
1789527832,967344667,90.224,robot_0,0.767,3.172
1789527833,170436722,90.427,robot_2,1.967,-0.343
1789527833,170515333,90.427,robot_1,1.673,-1.437
1789527833,170552772,90.427,robot_0,0.767,3.172
1789527833,376819770,90.633,robot_2,1.967,-0.343
1789527833,376909673,90.633,robot_1,1.664,-1.406
1789527833,376949623,90.633,robot_0,0.768,3.172
1789527833,599429461,90.856,robot_2,1.967,-0.343
1789527833,599505694,90.856,robot_1,1.668,-1.420
1789527833,599540876,90.856,robot_0,0.768,3.172
1789527833,806806901,91.063,robot_2,1.967,-0.342
1789527833,806896734,91.063,robot_1,1.673,-1.436
1789527833,806941530,91.063,robot_0,0.768,3.172
1789527834,9548295,91.266,robot_2,1.968,-0.342
1789527834,9622603,91.266,robot_1,1.668,-1.417
1789527834,9658774,91.266,robot_0,0.768,3.172
1789527834,218288365,91.475,robot_2,1.968,-0.342
1789527834,218374091,91.475,robot_1,1.662,-1.380
1789527834,218411286,91.475,robot_0,0.768,3.172
1789527834,420259021,91.677,robot_2,1.968,-0.342
1789527834,420358023,91.677,robot_1,1.661,-1.380
1789527834,420400187,91.677,robot_0,0.769,3.172
1789527834,620810800,91.877,robot_2,1.969,-0.342
1789527834,620897487,91.877,robot_1,1.664,-1.404
1789527834,620940690,91.877,robot_0,0.769,3.172
1789527834,834114781,92.091,robot_2,1.969,-0.342
1789527834,834200829,92.091,robot_1,1.667,-1.435
1789527834,834238510,92.091,robot_0,0.769,3.172
1789527835,36471207,92.293,robot_2,1.969,-0.342
1789527835,36553070,92.293,robot_1,1.665,-1.413
1789527835,36596500,92.293,robot_0,0.770,3.172
1789527835,241945918,92.498,robot_2,1.970,-0.343
1789527835,242031135,92.499,robot_1,1.666,-1.419
1789527835,242075692,92.499,robot_0,0.770,3.172
1789527835,460115903,92.717,robot_2,1.976,-0.334
1789527835,460200704,92.717,robot_1,1.668,-1.450
1789527835,460246149,92.717,robot_0,0.771,3.172
1789527835,667282089,92.924,robot_2,1.987,-0.318
1789527835,667359789,92.924,robot_1,1.668,-1.450
1789527835,667406817,92.924,robot_0,0.771,3.172
1789527835,890019749,93.147,robot_2,1.987,-0.319
1789527835,890110793,93.147,robot_1,1.668,-1.450
1789527835,890157328,93.147,robot_0,0.771,3.173
1789527836,99990545,93.356,robot_2,1.969,-0.353
1789527836,100064535,93.357,robot_1,1.668,-1.450
1789527836,100101892,93.357,robot_0,0.771,3.173
1789527836,328134094,93.585,robot_2,1.955,-0.380
1789527836,328210716,93.585,robot_1,1.668,-1.450
1789527836,328251268,93.585,robot_0,0.771,3.174
1789527836,536650643,93.793,robot_2,1.954,-0.384
1789527836,536719915,93.793,robot_1,1.667,-1.450
1789527836,536757345,93.793,robot_0,0.772,3.174
1789527836,743757892,94.000,robot_2,1.935,-0.422
1789527836,743824108,94.000,robot_1,1.667,-1.451
1789527836,743868972,94.000,robot_0,0.772,3.174
1789527836,972782112,94.229,robot_2,1.946,-0.399
1789527836,972871469,94.229,robot_1,1.667,-1.451
1789527836,972918679,94.229,robot_0,0.771,3.175
1789527837,205828225,94.462,robot_2,1.950,-0.393
1789527837,205905700,94.462,robot_1,1.667,-1.451
1789527837,205946117,94.462,robot_0,0.771,3.175
1789527837,407218602,94.664,robot_2,1.949,-0.393
1789527837,407293375,94.664,robot_1,1.667,-1.452
1789527837,407330292,94.664,robot_0,0.771,3.176
1789527837,608689342,94.865,robot_2,1.949,-0.393
1789527837,608766619,94.865,robot_1,1.667,-1.452
1789527837,608810303,94.865,robot_0,0.740,3.156
1789527837,847108233,95.104,robot_2,1.949,-0.411
1789527837,847183470,95.104,robot_1,1.667,-1.452
1789527837,847225066,95.104,robot_0,0.704,3.133
1789527838,58566898,95.315,robot_2,1.951,-0.444
1789527838,58633980,95.315,robot_1,1.667,-1.452
1789527838,58666824,95.315,robot_0,0.729,3.149
1789527838,274907486,95.531,robot_2,1.948,-0.416
1789527838,274980158,95.531,robot_1,1.667,-1.453
1789527838,275018574,95.532,robot_0,0.743,3.158
1789527838,492374818,95.749,robot_2,1.948,-0.412
1789527838,492447587,95.749,robot_1,1.668,-1.453
1789527838,492485252,95.749,robot_0,0.704,3.133
1789527838,709233033,95.966,robot_2,1.947,-0.412
1789527838,709307359,95.966,robot_1,1.668,-1.453
1789527838,709344584,95.966,robot_0,0.701,3.132
1789527838,925542504,96.182,robot_2,1.947,-0.412
1789527838,925622500,96.182,robot_1,1.668,-1.453
1789527838,925666318,96.182,robot_0,0.681,3.115
1789527839,132487651,96.389,robot_2,1.947,-0.412
1789527839,132556809,96.389,robot_1,1.668,-1.453
1789527839,132593697,96.389,robot_0,0.663,3.101
1789527839,337544470,96.594,robot_2,1.947,-0.412
1789527839,337624320,96.594,robot_1,1.662,-1.477
1789527839,337669010,96.594,robot_0,0.689,3.120
1789527839,547295307,96.804,robot_2,1.947,-0.412
1789527839,547371255,96.804,robot_1,1.653,-1.516
1789527839,547408451,96.804,robot_0,0.695,3.124
1789527839,760370775,97.017,robot_2,1.946,-0.413
1789527839,760441003,97.017,robot_1,1.641,-1.561
1789527839,760477756,97.017,robot_0,0.695,3.124
1789527839,968686118,97.225,robot_2,1.946,-0.413
1789527839,968779963,97.225,robot_1,1.640,-1.568
1789527839,968818439,97.225,robot_0,0.695,3.124
1789527840,168948383,97.425,robot_2,1.946,-0.413
1789527840,169025735,97.426,robot_1,1.640,-1.568
1789527840,169060936,97.426,robot_0,0.695,3.124
1789527840,392377982,97.649,robot_2,1.946,-0.414
1789527840,392461778,97.649,robot_1,1.639,-1.568
1789527840,392504042,97.649,robot_0,0.694,3.124
1789527840,613476863,97.870,robot_2,1.946,-0.414
1789527840,613560721,97.870,robot_1,1.639,-1.567
1789527840,613606518,97.870,robot_0,0.694,3.124
1789527840,816925734,98.073,robot_2,1.947,-0.414
1789527840,817001997,98.073,robot_1,1.639,-1.567
1789527840,817035839,98.074,robot_0,0.694,3.125
1789527841,27097941,98.284,robot_2,1.947,-0.414
1789527841,27175656,98.284,robot_1,1.639,-1.567
1789527841,27216702,98.284,robot_0,0.693,3.125
1789527841,240600364,98.497,robot_2,1.947,-0.414
1789527841,240683658,98.497,robot_1,1.639,-1.566
1789527841,240725247,98.497,robot_0,0.693,3.125
1789527841,461825627,98.718,robot_2,1.947,-0.415
1789527841,467436392,98.724,robot_1,1.639,-1.566
1789527841,467515556,98.724,robot_0,0.693,3.125
1789527841,675488090,98.932,robot_2,1.947,-0.415
1789527841,675592177,98.932,robot_1,1.639,-1.566
1789527841,675636326,98.932,robot_0,0.692,3.124
1789527841,899462758,99.156,robot_2,1.947,-0.415
1789527841,899535499,99.156,robot_1,1.639,-1.565
1789527841,899568915,99.156,robot_0,0.692,3.124
1789527842,108685438,99.365,robot_2,1.948,-0.415
1789527842,108755111,99.365,robot_1,1.661,-1.575
1789527842,108794638,99.365,robot_0,0.691,3.124
1789527842,314479648,99.571,robot_2,1.948,-0.415
1789527842,314558175,99.571,robot_1,1.683,-1.586
1789527842,314601051,99.571,robot_0,0.691,3.124
1789527842,520919568,99.777,robot_2,1.948,-0.415
1789527842,520999136,99.777,robot_1,1.684,-1.586
1789527842,521043012,99.778,robot_0,0.691,3.123
1789527842,736786355,99.993,robot_2,1.949,-0.415
1789527842,736870825,99.993,robot_1,1.694,-1.596
1789527842,736916027,99.993,robot_0,0.691,3.123
1789527842,952251022,100.209,robot_2,1.939,-0.391
1789527842,952322785,100.209,robot_1,1.715,-1.621
1789527842,952357303,100.209,robot_0,0.691,3.123
1789527843,166401306,100.423,robot_2,1.918,-0.341
1789527843,166480927,100.423,robot_1,1.716,-1.621
1789527843,166515415,100.423,robot_0,0.690,3.122
1789527843,372819529,100.629,robot_2,1.906,-0.314
1789527843,372896563,100.629,robot_1,1.716,-1.621
1789527843,372932662,100.629,robot_0,0.690,3.122
1789527843,575129316,100.832,robot_2,1.904,-0.308
1789527843,575208931,100.832,robot_1,1.715,-1.622
1789527843,575255954,100.832,robot_0,0.691,3.121
1789527843,785366005,101.042,robot_2,1.905,-0.309
1789527843,785458294,101.042,robot_1,1.715,-1.622
1789527843,785497681,101.042,robot_0,0.668,3.115
1789527844,17875821,101.274,robot_2,1.926,-0.332
1789527844,17953864,101.274,robot_1,1.715,-1.622
1789527844,17993352,101.274,robot_0,0.644,3.109
1789527844,223746692,101.480,robot_2,1.940,-0.346
1789527844,223917201,101.480,robot_1,1.715,-1.622
1789527844,223958712,101.480,robot_0,0.658,3.113
1789527844,419643192,101.676,robot_2,1.940,-0.346
1789527844,419715894,101.676,robot_1,1.715,-1.623
1789527844,419750342,101.676,robot_0,0.691,3.126
1789527844,630397189,101.887,robot_2,1.940,-0.346
1789527844,630482634,101.887,robot_1,1.715,-1.623
1789527844,630525373,101.887,robot_0,0.725,3.139
1789527844,847247255,102.104,robot_2,1.969,-0.354
1789527844,847327718,102.104,robot_1,1.715,-1.623
1789527844,847366600,102.104,robot_0,0.748,3.147
1789527845,64505418,102.321,robot_2,1.993,-0.360
1789527845,65702533,102.322,robot_1,1.715,-1.623
1789527845,65770645,102.322,robot_0,0.748,3.147
1789527845,271676343,102.528,robot_2,1.961,-0.353
1789527845,271761165,102.528,robot_1,1.716,-1.624
1789527845,271806893,102.528,robot_0,0.748,3.148
1789527845,479206471,102.736,robot_2,1.931,-0.343
1789527845,479283015,102.736,robot_1,1.716,-1.624
1789527845,479318614,102.736,robot_0,0.748,3.148
1789527845,682676918,102.939,robot_2,1.894,-0.327
1789527845,682754736,102.939,robot_1,1.716,-1.624
1789527845,682796733,102.939,robot_0,0.748,3.148
1789527845,896331282,103.153,robot_2,1.845,-0.301
1789527845,896432966,103.153,robot_1,1.716,-1.624
1789527845,896474421,103.153,robot_0,0.722,3.145
1789527846,100550051,103.357,robot_2,1.834,-0.296
1789527846,100633374,103.357,robot_1,1.717,-1.624
1789527846,100677077,103.357,robot_0,0.707,3.144
1789527846,300678702,103.557,robot_2,1.834,-0.295
1789527846,300762389,103.557,robot_1,1.717,-1.624
1789527846,300805829,103.557,robot_0,0.734,3.142
1789527846,500908887,103.757,robot_2,1.834,-0.295
1789527846,500997495,103.757,robot_1,1.717,-1.624
1789527846,501046304,103.758,robot_0,0.787,3.136
1789527846,714252576,103.971,robot_2,1.834,-0.295
1789527846,714326649,103.971,robot_1,1.718,-1.625
1789527846,714366484,103.971,robot_0,0.789,3.135
1789527846,934369253,104.191,robot_2,1.834,-0.295
1789527846,934443876,104.191,robot_1,1.733,-1.670
1789527846,934487052,104.191,robot_0,0.790,3.135
1789527847,136570900,104.393,robot_2,1.834,-0.294
1789527847,136639630,104.393,robot_1,1.735,-1.679
1789527847,136676991,104.393,robot_0,0.790,3.134
1789527847,340495665,104.597,robot_2,1.834,-0.294
1789527847,340565918,104.597,robot_1,1.735,-1.679
1789527847,340605867,104.597,robot_0,0.790,3.134
1789527847,557776359,104.814,robot_2,1.834,-0.294
1789527847,557862297,104.814,robot_1,1.730,-1.667
1789527847,557910790,104.814,robot_0,0.790,3.134
1789527847,764019948,105.021,robot_2,1.834,-0.294
1789527847,764093760,105.021,robot_1,1.716,-1.640
1789527847,764134754,105.021,robot_0,0.790,3.133
1789527847,967563699,105.224,robot_2,1.834,-0.294
1789527847,967648508,105.224,robot_1,1.729,-1.665
1789527847,967700861,105.224,robot_0,0.791,3.133
1789527848,185579916,105.442,robot_2,1.833,-0.293
1789527848,185659738,105.442,robot_1,1.730,-1.668
1789527848,185706904,105.442,robot_0,0.791,3.133
1789527848,412493694,105.669,robot_2,1.833,-0.293
1789527848,412573626,105.669,robot_1,1.722,-1.650
1789527848,412615805,105.669,robot_0,0.791,3.133
1789527848,644019711,105.901,robot_2,1.833,-0.293
1789527848,654882570,105.911,robot_1,1.708,-1.613
1789527848,654975421,105.911,robot_0,0.792,3.133
1789527848,856770029,106.113,robot_2,1.832,-0.293
1789527848,856847766,106.113,robot_1,1.704,-1.603
1789527848,856900105,106.113,robot_0,0.792,3.133
1789527849,67895281,106.324,robot_2,1.832,-0.293
1789527849,67978654,106.324,robot_1,1.699,-1.587
1789527849,68018375,106.325,robot_0,0.793,3.133
1789527849,296481423,106.553,robot_2,1.832,-0.294
1789527849,296580242,106.553,robot_1,1.711,-1.623
1789527849,296621211,106.553,robot_0,0.793,3.133
1789527849,492771520,106.749,robot_2,1.832,-0.294
1789527849,492860346,106.749,robot_1,1.711,-1.625
1789527849,492905899,106.749,robot_0,0.794,3.133
1789527849,697716425,106.954,robot_2,1.831,-0.294
1789527849,697798676,106.954,robot_1,1.711,-1.625
1789527849,697841229,106.954,robot_0,0.794,3.133
1789527849,924360884,107.181,robot_2,1.846,-0.307
1789527849,924439160,107.181,robot_1,1.711,-1.625
1789527849,924476944,107.181,robot_0,0.794,3.134
1789527850,131303383,107.388,robot_2,1.877,-0.332
1789527850,131389561,107.388,robot_1,1.711,-1.625
1789527850,131434057,107.388,robot_0,0.794,3.134
1789527850,348733140,107.605,robot_2,1.912,-0.362
1789527850,348832925,107.605,robot_1,1.711,-1.625
1789527850,348895106,107.605,robot_0,0.795,3.134
1789527850,545437355,107.802,robot_2,1.949,-0.393
1789527850,545498838,107.802,robot_1,1.712,-1.624
1789527850,545528871,107.802,robot_0,0.795,3.134
1789527850,763397428,108.020,robot_2,1.966,-0.407
1789527850,763475505,108.020,robot_1,1.712,-1.624
1789527850,763513750,108.020,robot_0,0.792,3.135
1789527850,967836727,108.225,robot_2,1.966,-0.406
1789527850,969070613,108.226,robot_1,1.712,-1.624
1789527850,969130562,108.226,robot_0,0.748,3.140
1789527851,195328521,108.452,robot_2,1.966,-0.406
1789527851,195407793,108.452,robot_1,1.712,-1.624
1789527851,195451298,108.452,robot_0,0.716,3.142
1789527851,410245142,108.667,robot_2,1.966,-0.406
1789527851,416459558,108.673,robot_1,1.712,-1.624
1789527851,416550032,108.673,robot_0,0.716,3.142
1789527851,611256978,108.868,robot_2,1.966,-0.406
1789527851,611332820,108.868,robot_1,1.712,-1.623
1789527851,611371954,108.868,robot_0,0.715,3.142
1789527851,814488035,109.071,robot_2,1.966,-0.407
1789527851,814563423,109.071,robot_1,1.712,-1.623
1789527851,814602157,109.071,robot_0,0.715,3.142
1789527852,27707306,109.284,robot_2,1.998,-0.429
1789527852,27801748,109.284,robot_1,1.712,-1.623
1789527852,27842622,109.286,robot_0,0.707,3.142
1789527852,224018177,109.481,robot_2,2.025,-0.446
1789527852,224091467,109.481,robot_1,1.712,-1.623
1789527852,224127782,109.481,robot_0,0.649,3.141
1789527852,441749537,109.698,robot_2,2.025,-0.446
1789527852,441829612,109.698,robot_1,1.712,-1.622
1789527852,441877119,109.698,robot_0,0.601,3.142
1789527852,641911101,109.898,robot_2,2.025,-0.447
1789527852,641987553,109.898,robot_1,1.712,-1.622
1789527852,642021959,109.899,robot_0,0.550,3.142
1789527852,848787052,110.105,robot_2,2.025,-0.447
1789527852,848863350,110.105,robot_1,1.712,-1.622
1789527852,848899303,110.105,robot_0,0.509,3.142
1789527853,81909160,110.338,robot_2,2.025,-0.447
1789527853,82126075,110.339,robot_1,1.711,-1.622
1789527853,82180470,110.339,robot_0,0.536,3.142
1789527853,290084239,110.547,robot_2,2.025,-0.447
1789527853,290163225,110.547,robot_1,1.713,-1.619
1789527853,290206588,110.547,robot_0,0.543,3.142
1789527853,493934734,110.750,robot_2,2.025,-0.448
1789527853,494012098,110.751,robot_1,1.727,-1.587
1789527853,494058671,110.751,robot_0,0.578,3.145
1789527853,704362589,110.961,robot_2,2.025,-0.448
1789527853,704441326,110.961,robot_1,1.733,-1.574
1789527853,704483614,110.961,robot_0,0.591,3.146
1789527853,915103876,111.172,robot_2,2.025,-0.448
1789527853,915192212,111.172,robot_1,1.713,-1.617
1789527853,915241515,111.172,robot_0,0.584,3.145
1789527854,120013410,111.377,robot_2,2.025,-0.448
1789527854,120086154,111.377,robot_1,1.694,-1.659
1789527854,120129569,111.377,robot_0,0.536,3.140
1789527854,329939860,111.586,robot_2,2.025,-0.448
1789527854,330014987,111.587,robot_1,1.692,-1.662
1789527854,330063140,111.587,robot_0,0.504,3.136
1789527854,539277628,111.796,robot_2,2.026,-0.449
1789527854,539347600,111.796,robot_1,1.692,-1.662
1789527854,539393477,111.796,robot_0,0.460,3.129
1789527854,756708838,112.013,robot_2,2.026,-0.449
1789527854,756779324,112.013,robot_1,1.674,-1.686
1789527854,756824557,112.013,robot_0,0.420,3.121
1789527854,963445460,112.220,robot_2,2.026,-0.449
1789527854,963516590,112.220,robot_1,1.669,-1.692
1789527854,963560515,112.220,robot_0,0.415,3.120
1789527855,175340146,112.432,robot_2,2.026,-0.449
1789527855,175411200,112.432,robot_1,1.659,-1.701
1789527855,175451090,112.432,robot_0,0.415,3.121
1789527855,378036885,112.635,robot_2,2.027,-0.449
1789527855,378116101,112.635,robot_1,1.628,-1.733
1789527855,378153646,112.635,robot_0,0.415,3.121
1789527855,604257826,112.861,robot_2,2.027,-0.449
1789527855,604328419,112.861,robot_1,1.618,-1.743
1789527855,604365629,112.861,robot_0,0.415,3.121
1789527855,842274703,113.099,robot_2,2.027,-0.448
1789527855,842353862,113.099,robot_1,1.614,-1.746
1789527855,842393934,113.099,robot_0,0.414,3.122
1789527856,44474573,113.301,robot_2,2.027,-0.448
1789527856,44553358,113.301,robot_1,1.586,-1.764
1789527856,44594334,113.301,robot_0,0.414,3.122
1789527856,257473471,113.514,robot_2,2.020,-0.440
1789527856,257564070,113.514,robot_1,1.554,-1.781
1789527856,257603749,113.514,robot_0,0.414,3.122
1789527856,486726162,113.743,robot_2,1.985,-0.396
1789527856,486803202,113.743,robot_1,1.521,-1.798
1789527856,486845272,113.743,robot_0,0.413,3.122
1789527856,697516089,113.954,robot_2,1.977,-0.385
1789527856,697595348,113.954,robot_1,1.529,-1.794
1789527856,697635721,113.954,robot_0,0.413,3.122
1789527856,911446331,114.168,robot_2,2.002,-0.413
1789527856,911525431,114.172,robot_1,1.545,-1.786
1789527856,915918555,114.172,robot_0,0.412,3.122
1789527857,112177304,114.369,robot_2,2.010,-0.422
1789527857,112252529,114.369,robot_1,1.525,-1.794
1789527857,112290723,114.369,robot_0,0.412,3.122
1789527857,337994792,114.594,robot_2,1.985,-0.395
1789527857,338067259,114.595,robot_1,1.501,-1.803
1789527857,338102334,114.595,robot_0,0.412,3.122
1789527857,550751524,114.807,robot_2,1.967,-0.376
1789527857,550817871,114.807,robot_1,1.501,-1.803
1789527857,550849806,114.807,robot_0,0.411,3.121
1789527857,759752840,115.016,robot_2,1.967,-0.376
1789527857,759832801,115.016,robot_1,1.501,-1.803
1789527857,759884291,115.016,robot_0,0.411,3.121
1789527857,961534576,115.218,robot_2,1.967,-0.376
1789527857,961611435,115.218,robot_1,1.501,-1.803
1789527857,961647554,115.218,robot_0,0.411,3.121
1789527858,170296676,115.427,robot_2,1.967,-0.376
1789527858,170386170,115.427,robot_1,1.501,-1.803
1789527858,170424368,115.427,robot_0,0.411,3.120
1789527858,386955461,115.643,robot_2,1.967,-0.376
1789527858,387038419,115.644,robot_1,1.500,-1.803
1789527858,387086049,115.644,robot_0,0.411,3.120
1789527858,611420964,115.868,robot_2,1.967,-0.375
1789527858,611496324,115.871,robot_1,1.500,-1.803
1789527858,614839932,115.875,robot_0,0.410,3.120
1789527858,827295435,116.084,robot_2,1.984,-0.375
1789527858,827375423,116.084,robot_1,1.500,-1.803
1789527858,827412158,116.084,robot_0,0.417,3.119
1789527859,28266519,116.285,robot_2,1.995,-0.374
1789527859,28347920,116.285,robot_1,1.499,-1.803
1789527859,28385946,116.285,robot_0,0.452,3.114
1789527859,239793003,116.496,robot_2,1.986,-0.375
1789527859,239876192,116.496,robot_1,1.499,-1.803
1789527859,239913171,116.496,robot_0,0.420,3.117
1789527859,454274000,116.711,robot_2,1.986,-0.375
1789527859,454355380,116.711,robot_1,1.499,-1.803
1789527859,454390919,116.711,robot_0,0.400,3.119
1789527859,682357942,116.939,robot_2,1.986,-0.374
1789527859,682442571,116.939,robot_1,1.499,-1.803
1789527859,682485655,116.939,robot_0,0.414,3.118
1789527859,931579810,117.188,robot_2,1.986,-0.374
1789527859,931653287,117.188,robot_1,1.498,-1.803
1789527859,931688377,117.188,robot_0,0.381,3.121
1789527860,165403228,117.422,robot_2,1.986,-0.374
1789527860,165475778,117.422,robot_1,1.498,-1.803
1789527860,165512932,117.422,robot_0,0.397,3.120
1789527860,374820998,117.631,robot_2,1.986,-0.374
1789527860,374903458,117.631,robot_1,1.498,-1.803
1789527860,374941147,117.631,robot_0,0.409,3.120
1789527860,575499074,117.832,robot_2,1.986,-0.374
1789527860,575564967,117.832,robot_1,1.498,-1.804
1789527860,575593226,117.832,robot_0,0.380,3.121
1789527860,785067604,118.042,robot_2,1.985,-0.373
1789527860,785146658,118.042,robot_1,1.498,-1.804
1789527860,785186354,118.042,robot_0,0.389,3.121
1789527861,17716000,118.274,robot_2,1.985,-0.373
1789527861,17800478,118.274,robot_1,1.498,-1.804
1789527861,17842456,118.274,robot_0,0.436,3.118
1789527861,261781180,118.518,robot_2,1.985,-0.373
1789527861,261865331,118.518,robot_1,1.498,-1.804
1789527861,261900508,118.518,robot_0,0.439,3.118
1789527861,476440947,118.734,robot_2,1.985,-0.373
1789527861,477628939,118.734,robot_1,1.520,-1.807
1789527861,477676393,118.734,robot_0,0.439,3.119
1789527861,682222196,118.939,robot_2,1.984,-0.373
1789527861,682314671,118.939,robot_1,1.576,-1.813
1789527861,682358600,118.939,robot_0,0.439,3.118
1789527861,892324397,119.149,robot_2,1.984,-0.374
1789527861,892395136,119.149,robot_1,1.586,-1.814
1789527861,892428305,119.149,robot_0,0.439,3.118
1789527862,99753639,119.356,robot_2,1.984,-0.374
1789527862,99833008,119.356,robot_1,1.586,-1.814
1789527862,99896893,119.356,robot_0,0.439,3.118
1789527862,319252625,119.576,robot_2,1.984,-0.374
1789527862,319328539,119.576,robot_1,1.586,-1.814
1789527862,319364510,119.576,robot_0,0.439,3.117
1789527862,530537057,119.787,robot_2,1.984,-0.374
1789527862,530628868,119.787,robot_1,1.586,-1.814
1789527862,530670254,119.787,robot_0,0.439,3.117
1789527862,737285896,119.994,robot_2,1.983,-0.374
1789527862,737370433,119.994,robot_1,1.593,-1.814
1789527862,737407091,119.994,robot_0,0.439,3.117
1789527862,943078969,120.200,robot_2,1.983,-0.375
1789527862,943155364,120.200,robot_1,1.641,-1.810
1789527862,943213377,120.200,robot_0,0.440,3.116
1789527863,159282709,120.416,robot_2,1.971,-0.370
1789527863,159376540,120.416,robot_1,1.674,-1.808
1789527863,159434118,120.416,robot_0,0.440,3.116
1789527863,386202284,120.643,robot_2,1.920,-0.352
1789527863,386308224,120.643,robot_1,1.754,-1.801
1789527863,386385360,120.643,robot_0,0.441,3.116
1789527863,584778944,120.841,robot_2,1.892,-0.342
1789527863,584883433,120.841,robot_1,1.768,-1.800
1789527863,584940521,120.841,robot_0,0.441,3.116
1789527863,803788708,121.060,robot_2,1.885,-0.339
1789527863,803890595,121.060,robot_1,1.779,-1.800
1789527863,803940018,121.060,robot_0,0.441,3.116
1789527864,18258293,121.275,robot_2,1.885,-0.339
1789527864,18348925,121.275,robot_1,1.807,-1.802
1789527864,18392705,121.275,robot_0,0.442,3.116
1789527864,238153237,121.495,robot_2,1.885,-0.340
1789527864,238242593,121.495,robot_1,1.790,-1.797
1789527864,238290224,121.495,robot_0,0.442,3.116
1789527864,452690193,121.709,robot_2,1.885,-0.340
1789527864,452773105,121.709,robot_1,1.780,-1.795
1789527864,452820115,121.709,robot_0,0.442,3.116
1789527864,671233183,121.928,robot_2,1.886,-0.340
1789527864,671321721,121.928,robot_1,1.781,-1.795
1789527864,671364702,121.928,robot_0,0.443,3.116
1789527864,889023871,122.146,robot_2,1.886,-0.340
1789527864,889106055,122.146,robot_1,1.780,-1.795
1789527864,889146634,122.146,robot_0,0.443,3.117
1789527865,103440205,122.360,robot_2,1.886,-0.341
1789527865,103517193,122.360,robot_1,1.780,-1.795
1789527865,103558491,122.360,robot_0,0.454,3.104
1789527865,325254129,122.582,robot_2,1.886,-0.341
1789527865,325329616,122.582,robot_1,1.780,-1.795
1789527865,325374755,122.582,robot_0,0.474,3.082
1789527865,563961698,122.820,robot_2,1.886,-0.341
1789527865,564072388,122.821,robot_1,1.781,-1.796
1789527865,564134832,122.821,robot_0,0.501,3.052
1789527865,764183280,123.021,robot_2,1.886,-0.341
1789527865,764274972,123.021,robot_1,1.781,-1.796
1789527865,764325457,123.021,robot_0,0.513,3.040
1789527865,996430513,123.253,robot_2,1.887,-0.341
1789527865,996536721,123.253,robot_1,1.781,-1.796
1789527865,996580521,123.253,robot_0,0.513,3.039
1789527866,196456856,123.453,robot_2,1.887,-0.341
1789527866,196541720,123.453,robot_1,1.781,-1.796
1789527866,196591194,123.453,robot_0,0.512,3.039
1789527866,417571339,123.674,robot_2,1.887,-0.341
1789527866,417672339,123.674,robot_1,1.781,-1.796
1789527866,417719966,123.674,robot_0,0.512,3.039
1789527866,625337944,123.882,robot_2,1.891,-0.312
1789527866,625422413,123.882,robot_1,1.781,-1.797
1789527866,625465577,123.882,robot_0,0.511,3.039
1789527866,847964573,124.104,robot_2,1.892,-0.300
1789527866,848049626,124.105,robot_1,1.781,-1.797
1789527866,848092110,124.105,robot_0,0.511,3.039
1789527867,72353793,124.329,robot_2,1.894,-0.308
1789527867,72438580,124.329,robot_1,1.782,-1.797
1789527867,72488025,124.329,robot_0,0.510,3.039
1789527867,272661949,124.529,robot_2,1.894,-0.308
1789527867,272736313,124.529,robot_1,1.782,-1.797
1789527867,272774869,124.529,robot_0,0.510,3.039
1789527867,492286913,124.749,robot_2,1.894,-0.308
1789527867,492365857,124.749,robot_1,1.782,-1.797
1789527867,492409897,124.749,robot_0,0.509,3.039
1789527867,713306501,124.970,robot_2,1.894,-0.308
1789527867,713392988,124.970,robot_1,1.783,-1.797
1789527867,713433121,124.970,robot_0,0.509,3.040
1789527867,920918092,125.177,robot_2,1.894,-0.308
1789527867,921002334,125.177,robot_1,1.783,-1.797
1789527867,921050649,125.178,robot_0,0.509,3.040
1789527868,123676551,125.380,robot_2,1.895,-0.308
1789527868,123756630,125.380,robot_1,1.783,-1.797
1789527868,123796418,125.380,robot_0,0.508,3.040
1789527868,326361642,125.583,robot_2,1.895,-0.307
1789527868,326450821,125.583,robot_1,1.783,-1.797
1789527868,326500069,125.583,robot_0,0.508,3.041
1789527868,564870418,125.821,robot_2,1.895,-0.307
1789527868,564951381,125.821,robot_1,1.783,-1.797
1789527868,564993069,125.825,robot_0,0.508,3.041
1789527868,781704330,126.038,robot_2,1.895,-0.307
1789527868,781786493,126.038,robot_1,1.783,-1.796
1789527868,781834772,126.038,robot_0,0.508,3.041
1789527868,984041492,126.241,robot_2,1.895,-0.307
1789527868,984140312,126.241,robot_1,1.790,-1.807
1789527868,984192569,126.241,robot_0,0.508,3.040
1789527869,191330050,126.448,robot_2,1.895,-0.306
1789527869,191416765,126.448,robot_1,1.808,-1.836
1789527869,191459712,126.448,robot_0,0.509,3.040
1789527869,392670516,126.649,robot_2,1.895,-0.306
1789527869,392750889,126.649,robot_1,1.804,-1.829
1789527869,392798029,126.649,robot_0,0.509,3.040
1789527869,601198059,126.858,robot_2,1.894,-0.306
1789527869,601277629,126.858,robot_1,1.814,-1.846
1789527869,601326725,126.858,robot_0,0.509,3.040
1789527869,801546111,127.058,robot_2,1.894,-0.306
1789527869,801646468,127.058,robot_1,1.835,-1.878
1789527869,820670311,127.077,robot_0,0.510,3.040
1789527870,14145058,127.271,robot_2,1.894,-0.305
1789527870,19225381,127.276,robot_1,1.851,-1.904
1789527870,19342609,127.276,robot_0,0.510,3.040
1789527870,220245221,127.477,robot_2,1.894,-0.305
1789527870,220342152,127.477,robot_1,1.860,-1.918
1789527870,220393580,127.477,robot_0,0.511,3.040
1789527870,443034335,127.700,robot_2,1.894,-0.305
1789527870,443133888,127.700,robot_1,1.860,-1.918
1789527870,443184579,127.700,robot_0,0.511,3.040
1789527870,675123441,127.932,robot_2,1.893,-0.305
1789527870,675218107,127.932,robot_1,1.859,-1.919
1789527870,677110642,127.935,robot_0,0.511,3.040
1789527870,889168655,128.146,robot_2,1.888,-0.329
1789527870,889249558,128.146,robot_1,1.859,-1.919
1789527870,889291225,128.146,robot_0,0.512,3.040
1789527871,100634675,128.357,robot_2,1.885,-0.348
1789527871,100724619,128.357,robot_1,1.859,-1.919
1789527871,100777817,128.357,robot_0,0.512,3.040
1789527871,302738861,128.559,robot_2,1.885,-0.347
1789527871,302812336,128.559,robot_1,1.858,-1.919
1789527871,302849631,128.559,robot_0,0.512,3.040
1789527871,512796679,128.769,robot_2,1.885,-0.320
1789527871,522741196,128.779,robot_1,1.858,-1.918
1789527871,522832960,128.779,robot_0,0.512,3.041
1789527871,717767443,128.974,robot_2,1.885,-0.302
1789527871,717847968,128.998,robot_1,1.858,-1.918
1789527871,741181302,128.998,robot_0,0.513,3.041
1789527871,951485563,129.208,robot_2,1.887,-0.324
1789527871,951571465,129.208,robot_1,1.858,-1.918
1789527871,951615484,129.208,robot_0,0.533,3.031
1789527872,163651698,129.420,robot_2,1.891,-0.353
1789527872,163730760,129.420,robot_1,1.857,-1.918
1789527872,163773050,129.420,robot_0,0.559,3.018
1789527872,393334574,129.650,robot_2,1.891,-0.353
1789527872,393411202,129.650,robot_1,1.857,-1.918
1789527872,393454059,129.650,robot_0,0.542,3.025
1789527872,605218188,129.862,robot_2,1.883,-0.338
1789527872,605303833,129.862,robot_1,1.857,-1.918
1789527872,605348053,129.862,robot_0,0.502,3.040
1789527872,832114319,130.089,robot_2,1.876,-0.324
1789527872,832203145,130.089,robot_1,1.857,-1.918
1789527872,832252034,130.089,robot_0,0.516,3.035
1789527873,54208975,130.311,robot_2,1.874,-0.320
1789527873,54293494,130.311,robot_1,1.857,-1.918
1789527873,54345062,130.311,robot_0,0.514,3.036
1789527873,256570177,130.513,robot_2,1.858,-0.294
1789527873,256653561,130.513,robot_1,1.858,-1.918
1789527873,256697524,130.513,robot_0,0.482,3.048
1789527873,502687730,130.759,robot_2,1.863,-0.301
1789527873,502771575,130.759,robot_1,1.858,-1.918
1789527873,502820229,130.759,robot_0,0.450,3.058
1789527873,730871409,130.987,robot_2,1.886,-0.341
1789527873,730955156,130.987,robot_1,1.858,-1.918
1789527873,731001823,130.987,robot_0,0.449,3.059
1789527873,949427514,131.206,robot_2,1.893,-0.352
1789527873,949517072,131.206,robot_1,1.859,-1.918
1789527873,949570473,131.206,robot_0,0.449,3.060
1789527874,172287289,131.429,robot_2,1.893,-0.352
1789527874,172363757,131.429,robot_1,1.859,-1.918
1789527874,172405058,131.429,robot_0,0.432,3.057
1789527874,385671407,131.642,robot_2,1.892,-0.352
1789527874,385755220,131.642,robot_1,1.859,-1.918
1789527874,385800382,131.642,robot_0,0.383,3.045
1789527874,592732553,131.849,robot_2,1.892,-0.353
1789527874,592820543,131.849,robot_1,1.859,-1.918
1789527874,592879513,131.849,robot_0,0.334,3.030
1789527874,816475752,132.073,robot_2,1.892,-0.353
1789527874,816575509,132.073,robot_1,1.859,-1.918
1789527874,816625986,132.073,robot_0,0.285,3.016
1789527875,18682309,132.275,robot_2,1.892,-0.353
1789527875,18788486,132.275,robot_1,1.860,-1.917
1789527875,18840352,132.275,robot_0,0.242,3.003
1789527875,240758999,132.497,robot_2,1.892,-0.353
1789527875,240845773,132.497,robot_1,1.860,-1.917
1789527875,240893213,132.497,robot_0,0.200,2.990
1789527875,444747841,132.701,robot_2,1.892,-0.354
1789527875,444837000,132.722,robot_1,1.860,-1.917
1789527875,465523388,132.722,robot_0,0.200,2.990
1789527875,647233650,132.904,robot_2,1.892,-0.354
1789527875,647315328,132.904,robot_1,1.860,-1.917
1789527875,647360000,132.904,robot_0,0.200,2.990
1789527875,853935286,133.110,robot_2,1.892,-0.354
1789527875,860340656,133.117,robot_1,1.860,-1.916
1789527875,860428784,133.117,robot_0,0.200,2.990
1789527876,76922336,133.333,robot_2,1.892,-0.354
1789527876,77001509,133.333,robot_1,1.860,-1.916
1789527876,77037631,133.334,robot_0,0.200,2.990
1789527876,302875747,133.559,robot_2,1.892,-0.354
1789527876,302972603,133.559,robot_1,1.870,-1.916
1789527876,303982790,133.560,robot_0,0.200,2.991
1789527876,517004711,133.774,robot_2,1.893,-0.355
1789527876,517096232,133.774,robot_1,1.908,-1.914
1789527876,517153890,133.774,robot_0,0.199,2.991
1789527876,742521418,133.999,robot_2,1.893,-0.355
1789527876,742606544,133.999,robot_1,1.908,-1.914
1789527876,742651371,133.999,robot_0,0.199,2.991
1789527876,965537306,134.222,robot_2,1.893,-0.355
1789527876,965612590,134.222,robot_1,1.897,-1.915
1789527876,965657764,134.222,robot_0,0.199,2.991
1789527877,168059810,134.425,robot_2,1.893,-0.355
1789527877,168169446,134.425,robot_1,1.850,-1.922
1789527877,168228608,134.425,robot_0,0.198,2.992
1789527877,396179522,134.653,robot_2,1.893,-0.355
1789527877,396258999,134.653,robot_1,1.837,-1.924
1789527877,409882805,134.666,robot_0,0.198,2.992
1789527877,618814652,134.875,robot_2,1.894,-0.352
1789527877,618910735,134.875,robot_1,1.853,-1.921
1789527877,618965619,134.875,robot_0,0.197,2.992
1789527877,828996685,135.086,robot_2,1.896,-0.297
1789527877,829101957,135.086,robot_1,1.858,-1.921
1789527877,829152109,135.086,robot_0,0.197,2.992
1789527878,27507416,135.284,robot_2,1.897,-0.271
1789527878,27586337,135.284,robot_1,1.885,-1.920
1789527878,27627793,135.284,robot_0,0.197,2.992
1789527878,242141972,135.499,robot_2,1.897,-0.276
1789527878,242228604,135.499,robot_1,1.887,-1.919
1789527878,242279715,135.499,robot_0,0.196,2.991
1789527878,442434366,135.699,robot_2,1.900,-0.309
1789527878,442519194,135.699,robot_1,1.845,-1.921
1789527878,442573486,135.699,robot_0,0.196,2.991
1789527878,669861369,135.926,robot_2,1.901,-0.318
1789527878,669964011,135.926,robot_1,1.817,-1.923
1789527878,670009065,135.926,robot_0,0.196,2.991
1789527878,884592539,136.141,robot_2,1.901,-0.318
1789527878,884676195,136.141,robot_1,1.811,-1.923
1789527878,884729707,136.141,robot_0,0.195,2.991
1789527879,96152223,136.353,robot_2,1.891,-0.277
1789527879,96241626,136.353,robot_1,1.831,-1.926
1789527879,96299529,136.353,robot_0,0.195,2.990
1789527879,326633811,136.583,robot_2,1.882,-0.247
1789527879,326710651,136.583,robot_1,1.847,-1.929
1789527879,326755128,136.583,robot_0,0.195,2.990
1789527879,535585729,136.792,robot_2,1.880,-0.242
1789527879,535668030,136.792,robot_1,1.810,-1.920
1789527879,535710300,136.792,robot_0,0.167,3.004
1789527879,748828395,137.005,robot_2,1.872,-0.214
1789527879,757552792,137.014,robot_1,1.820,-1.923
1789527879,757639117,137.014,robot_0,0.140,3.018
1789527879,972669132,137.229,robot_2,1.861,-0.179
1789527879,972758227,137.229,robot_1,1.829,-1.925
1789527879,972811507,137.229,robot_0,0.110,3.033
1789527880,183344848,137.440,robot_2,1.846,-0.140
1789527880,183431828,137.440,robot_1,1.829,-1.925
1789527880,183484112,137.440,robot_0,0.109,3.033
1789527880,416184092,137.673,robot_2,1.834,-0.110
1789527880,416280359,137.673,robot_1,1.829,-1.925
1789527880,416329625,137.673,robot_0,0.109,3.034
1789527880,615270310,137.872,robot_2,1.842,-0.128
1789527880,615351785,137.872,robot_1,1.829,-1.924
1789527880,615395509,137.872,robot_0,0.110,3.034
1789527880,833843121,138.095,robot_2,1.845,-0.134
1789527880,838635307,138.095,robot_1,1.829,-1.924
1789527880,838716292,138.095,robot_0,0.110,3.034
1789527881,48960048,138.305,robot_2,1.835,-0.112
1789527881,49035469,138.306,robot_1,1.829,-1.924
1789527881,49075481,138.306,robot_0,0.111,3.035
1789527881,262788331,138.519,robot_2,1.834,-0.111
1789527881,272097487,138.529,robot_1,1.829,-1.924
1789527881,272214022,138.529,robot_0,0.111,3.035
1789527881,464791596,138.721,robot_2,1.830,-0.101
1789527881,464880066,138.721,robot_1,1.828,-1.923
1789527881,464921830,138.721,robot_0,0.112,3.035
1789527881,667719094,138.924,robot_2,1.817,-0.069
1789527881,667807177,138.924,robot_1,1.828,-1.923
1789527881,679405477,138.936,robot_0,0.112,3.035
1789527881,869139387,139.126,robot_2,1.804,-0.039
1789527881,869229331,139.126,robot_1,1.828,-1.923
1789527881,869283140,139.126,robot_0,0.113,3.034
1789527882,74745359,139.331,robot_2,1.803,-0.038
1789527882,74820456,139.331,robot_1,1.828,-1.923
1789527882,74867857,139.331,robot_0,0.113,3.034
1789527882,283546365,139.540,robot_2,1.806,-0.044
1789527882,283630097,139.540,robot_1,1.828,-1.923
1789527882,283674633,139.540,robot_0,0.130,3.057
1789527882,509226107,139.766,robot_2,1.790,-0.012
1789527882,509311198,139.766,robot_1,1.827,-1.923
1789527882,509357417,139.766,robot_0,0.131,3.059
1789527882,714544257,139.971,robot_2,1.775,0.017
1789527882,724532650,139.981,robot_1,1.827,-1.923
1789527882,724679363,139.981,robot_0,0.111,3.033
1789527882,956548546,140.213,robot_2,1.772,0.023
1789527882,956633557,140.213,robot_1,1.827,-1.923
1789527882,956680395,140.213,robot_0,0.088,3.005
1789527883,173508015,140.430,robot_2,1.755,0.059
1789527883,173588359,140.430,robot_1,1.826,-1.923
1789527883,173631435,140.430,robot_0,0.088,3.004
1789527883,396636878,140.653,robot_2,1.753,0.066
1789527883,396729248,140.653,robot_1,1.826,-1.923
1789527883,396776325,140.653,robot_0,0.113,3.021
1789527883,603649177,140.860,robot_2,1.753,0.066
1789527883,603730828,140.860,robot_1,1.827,-1.925
1789527883,603774256,140.860,robot_0,0.123,3.027
1789527883,825072928,141.082,robot_2,1.752,0.066
1789527883,825163082,141.082,robot_1,1.861,-1.957
1789527883,825215692,141.082,robot_0,0.119,3.024
1789527884,42805452,141.299,robot_2,1.753,0.066
1789527884,56012510,141.313,robot_1,1.865,-1.962
1789527884,56104063,141.313,robot_0,0.135,3.036
1789527884,249600189,141.506,robot_2,1.753,0.066
1789527884,249683517,141.506,robot_1,1.889,-1.982
1789527884,249724405,141.506,robot_0,0.149,3.046
1789527884,479259938,141.736,robot_2,1.753,0.066
1789527884,479341892,141.736,robot_1,1.893,-1.985
1789527884,479389733,141.736,robot_0,0.149,3.046
1789527884,692622774,141.949,robot_2,1.753,0.067
1789527884,692704298,141.949,robot_1,1.916,-2.001
1789527884,692747193,141.949,robot_0,0.149,3.046
1789527884,901662979,142.158,robot_2,1.753,0.067
1789527884,901758089,142.158,robot_1,1.921,-2.005
1789527884,901815065,142.158,robot_0,0.149,3.046
1789527885,130347147,142.387,robot_2,1.753,0.067
1789527885,130433655,142.387,robot_1,1.954,-2.027
1789527885,130479485,142.387,robot_0,0.148,3.046
1789527885,335397943,142.592,robot_2,1.753,0.067
1789527885,335488152,142.592,robot_1,1.977,-2.043
1789527885,335533048,142.592,robot_0,0.148,3.046
1789527885,544769075,142.801,robot_2,1.753,0.068
1789527885,544839297,142.807,robot_1,1.977,-2.043
1789527885,550834899,142.807,robot_0,0.147,3.046
1789527885,783066712,143.040,robot_2,1.753,0.068
1789527885,783142914,143.040,robot_1,1.977,-2.043
1789527885,783181445,143.040,robot_0,0.147,3.046
1789527885,985315330,143.242,robot_2,1.753,0.068
1789527885,985393368,143.242,robot_1,1.976,-2.042
1789527885,985431559,143.242,robot_0,0.147,3.046
1789527886,206825335,143.463,robot_2,1.753,0.068
1789527886,206917393,143.463,robot_1,1.943,-2.025
1789527886,206960045,143.463,robot_0,0.146,3.046
1789527886,423564985,143.680,robot_2,1.753,0.069
1789527886,423659876,143.680,robot_1,1.910,-2.007
1789527886,423715629,143.680,robot_0,0.146,3.046
1789527886,661578030,143.918,robot_2,1.753,0.069
1789527886,661656774,143.918,robot_1,1.878,-1.990
1789527886,661707643,143.918,robot_0,0.146,3.046
1789527886,862129878,144.119,robot_2,1.752,0.069
1789527886,862205448,144.119,robot_1,1.872,-1.986
1789527886,862245630,144.119,robot_0,0.145,3.045
1789527887,82873547,144.339,robot_2,1.752,0.069
1789527887,82953656,144.339,robot_1,1.872,-1.986
1789527887,82996059,144.339,robot_0,0.145,3.045
1789527887,283335547,144.540,robot_2,1.752,0.069
1789527887,283416744,144.540,robot_1,1.872,-1.986
1789527887,283459629,144.540,robot_0,0.145,3.045
1789527887,495077617,144.752,robot_2,1.752,0.070
1789527887,495191799,144.752,robot_1,1.872,-1.986
1789527887,495246357,144.752,robot_0,0.145,3.044
1789527887,743549983,145.000,robot_2,1.758,0.105
1789527887,743654660,145.000,robot_1,1.873,-1.986
1789527887,743697282,145.000,robot_0,0.145,3.044
1789527887,952562769,145.209,robot_2,1.757,0.098
1789527887,952643493,145.209,robot_1,1.873,-1.986
1789527887,952685363,145.209,robot_0,0.145,3.044
1789527888,167450696,145.424,robot_2,1.755,0.087
1789527888,167533321,145.424,robot_1,1.873,-1.986
1789527888,167575322,145.424,robot_0,0.145,3.043
1789527888,371994876,145.628,robot_2,1.755,0.087
1789527888,392958140,145.649,robot_1,1.874,-1.986
1789527888,393064131,145.650,robot_0,0.145,3.043
1789527888,582500056,145.839,robot_2,1.755,0.087
1789527888,582586970,145.839,robot_1,1.874,-1.986
1789527888,582637763,145.839,robot_0,0.164,3.048
1789527888,791154513,146.048,robot_2,1.733,0.046
1789527888,791242179,146.048,robot_1,1.874,-1.986
1789527888,791293987,146.048,robot_0,0.194,3.058
1789527889,7746394,146.264,robot_2,1.714,0.012
1789527889,7831869,146.264,robot_1,1.875,-1.986
1789527889,7888609,146.264,robot_0,0.194,3.058
1789527889,211884438,146.468,robot_2,1.724,0.031
1789527889,211968440,146.468,robot_1,1.875,-1.986
1789527889,212011489,146.468,robot_0,0.194,3.057
1789527889,415741886,146.672,robot_2,1.740,0.060
1789527889,415811867,146.672,robot_1,1.874,-1.986
1789527889,415843100,146.672,robot_0,0.170,3.045
1789527889,643319943,146.900,robot_2,1.741,0.062
1789527889,653193649,146.910,robot_1,1.874,-1.986
1789527889,653286545,146.910,robot_0,0.142,3.030
1789527889,850238032,147.107,robot_2,1.741,0.062
1789527889,850321812,147.107,robot_1,1.874,-1.986
1789527889,852137537,147.109,robot_0,0.115,3.016
1789527890,68304322,147.325,robot_2,1.741,0.062
1789527890,68382756,147.325,robot_1,1.873,-1.986
1789527890,68423218,147.325,robot_0,0.161,3.040
1789527890,274031491,147.531,robot_2,1.741,0.062
1789527890,274113578,147.531,robot_1,1.873,-1.986
1789527890,274164070,147.531,robot_0,0.157,3.039
1789527890,480284105,147.759,robot_2,1.740,0.062
1789527890,502932519,147.760,robot_1,1.873,-1.986
1789527890,503121497,147.760,robot_0,0.127,3.024
1789527890,713825127,147.970,robot_2,1.740,0.062
1789527890,713910438,147.970,robot_1,1.873,-1.986
1789527890,713949296,147.970,robot_0,0.127,3.024
1789527890,931160683,148.188,robot_2,1.740,0.062
1789527890,931240505,148.188,robot_1,1.873,-1.987
1789527890,931281284,148.188,robot_0,0.127,3.024
1789527891,133514430,148.390,robot_2,1.740,0.062
1789527891,133602844,148.390,robot_1,1.872,-1.987
1789527891,133642486,148.390,robot_0,0.127,3.024
1789527891,344824413,148.601,robot_2,1.739,0.061
1789527891,344909137,148.601,robot_1,1.872,-1.987
1789527891,344948244,148.601,robot_0,0.127,3.024
1789527891,550731500,148.807,robot_2,1.739,0.061
1789527891,550809122,148.807,robot_1,1.872,-1.987
1789527891,550849765,148.816,robot_0,0.128,3.023
1789527891,770306287,149.027,robot_2,1.739,0.061
1789527891,770387685,149.027,robot_1,1.872,-1.988
1789527891,770431478,149.027,robot_0,0.128,3.023
1789527891,973226102,149.230,robot_2,1.739,0.061
1789527891,973306637,149.230,robot_1,1.872,-1.988
1789527891,973355162,149.230,robot_0,0.128,3.023
1789527892,208196646,149.465,robot_2,1.739,0.060
1789527892,208277346,149.465,robot_1,1.872,-1.988
1789527892,208321956,149.465,robot_0,0.129,3.023
1789527892,423540011,149.680,robot_2,1.739,0.060
1789527892,423619216,149.680,robot_1,1.873,-1.988
1789527892,423660699,149.680,robot_0,0.129,3.023
1789527892,631543023,149.888,robot_2,1.739,0.060
1789527892,631953530,149.888,robot_1,1.898,-1.971
1789527892,632028382,149.889,robot_0,0.130,3.023
1789527892,831553339,150.088,robot_2,1.739,0.060
1789527892,831636782,150.088,robot_1,1.924,-1.953
1789527892,831683846,150.088,robot_0,0.130,3.023
1789527893,50178407,150.307,robot_2,1.739,0.059
1789527893,50261098,150.307,robot_1,1.942,-1.939
1789527893,50310011,150.307,robot_0,0.130,3.023
1789527893,250695911,150.507,robot_2,1.740,0.059
1789527893,250772710,150.507,robot_1,1.949,-1.935
1789527893,250810866,150.507,robot_0,0.131,3.023
1789527893,461334351,150.718,robot_2,1.740,0.059
1789527893,461421249,150.718,robot_1,1.997,-1.906
1789527893,461471229,150.718,robot_0,0.131,3.023
1789527893,664831240,150.921,robot_2,1.740,0.059
1789527893,664911483,150.921,robot_1,2.009,-1.899
1789527893,664946189,150.921,robot_0,0.131,3.024
1789527893,867157957,151.124,robot_2,1.754,0.090
1789527893,867240570,151.124,robot_1,2.044,-1.878
1789527893,867279088,151.124,robot_0,0.132,3.024
1789527894,72847349,151.329,robot_2,1.766,0.121
1789527894,72930523,151.329,robot_1,2.092,-1.850
1789527894,72977783,151.329,robot_0,0.132,3.024
1789527894,289135938,151.546,robot_2,1.761,0.110
1789527894,289216976,151.546,robot_1,2.094,-1.849
1789527894,289258437,151.546,robot_0,0.132,3.025
1789527894,493267804,151.750,robot_2,1.745,0.079
1789527894,493338193,151.750,robot_1,2.131,-1.820
1789527894,493373536,151.750,robot_0,0.132,3.025
1789527894,694520716,151.951,robot_2,1.743,0.074
1789527894,694598117,151.951,robot_1,2.153,-1.803
1789527894,694640585,151.951,robot_0,0.132,3.025
1789527894,914954902,152.171,robot_2,1.725,0.043
1789527894,915056414,152.172,robot_1,2.153,-1.803
1789527894,915100802,152.175,robot_0,0.132,3.025
1789527895,128619169,152.385,robot_2,1.716,0.029
1789527895,128690284,152.385,robot_1,2.153,-1.803
1789527895,128725617,152.385,robot_0,0.125,3.026
1789527895,351287623,152.608,robot_2,1.721,0.036
1789527895,351362490,152.608,robot_1,2.153,-1.803
1789527895,351399647,152.608,robot_0,0.090,3.031
1789527895,559904683,152.816,robot_2,1.736,0.066
1789527895,559995144,152.816,robot_1,2.153,-1.803
1789527895,560048424,152.817,robot_0,0.036,3.037
1789527895,765679061,153.022,robot_2,1.743,0.081
1789527895,765756794,153.022,robot_1,2.154,-1.803
1789527895,765812873,153.022,robot_0,0.009,3.041
1789527895,984953205,153.241,robot_2,1.743,0.081
1789527895,985065849,153.242,robot_1,2.154,-1.803
1789527895,985112480,153.242,robot_0,-0.003,3.042
1789527896,183801937,153.440,robot_2,1.743,0.081
1789527896,183900169,153.440,robot_1,2.154,-1.803
1789527896,183947930,153.440,robot_0,-0.028,3.044
1789527896,389432826,153.646,robot_2,1.743,0.081
1789527896,389519157,153.646,robot_1,2.154,-1.803
1789527896,389572369,153.646,robot_0,-0.028,3.044
1789527896,599002636,153.856,robot_2,1.744,0.081
1789527896,599088448,153.856,robot_1,2.155,-1.803
1789527896,599138643,153.856,robot_0,-0.028,3.044
1789527896,803480763,154.060,robot_2,1.744,0.081
1789527896,803566051,154.060,robot_1,2.155,-1.803
1789527896,803607036,154.060,robot_0,-0.028,3.044
1789527897,15510088,154.272,robot_2,1.744,0.081
1789527897,15596611,154.272,robot_1,2.155,-1.803
1789527897,15642287,154.272,robot_0,-0.023,3.044
1789527897,224824020,154.481,robot_2,1.744,0.081
1789527897,227074978,154.484,robot_1,2.155,-1.803
1789527897,227152474,154.484,robot_0,0.007,3.045
1789527897,426992349,154.683,robot_2,1.745,0.082
1789527897,427077933,154.684,robot_1,2.155,-1.802
1789527897,427121419,154.684,robot_0,0.048,3.047
1789527897,628647959,154.885,robot_2,1.745,0.082
1789527897,628722444,154.885,robot_1,2.156,-1.802
1789527897,628760295,154.885,robot_0,0.074,3.048
1789527897,870811675,155.127,robot_2,1.745,0.082
1789527897,870900949,155.127,robot_1,2.156,-1.802
1789527897,870945443,155.127,robot_0,0.074,3.048
1789527898,87745090,155.344,robot_2,1.745,0.082
1789527898,87825120,155.344,robot_1,2.156,-1.801
1789527898,87875852,155.344,robot_0,0.074,3.048
1789527898,312911772,155.569,robot_2,1.745,0.082
1789527898,313002470,155.569,robot_1,2.156,-1.801
1789527898,313043105,155.570,robot_0,0.073,3.049
1789527898,518518941,155.775,robot_2,1.745,0.083
1789527898,518611570,155.775,robot_1,2.156,-1.801
1789527898,518665497,155.775,robot_0,0.073,3.049
1789527898,731799622,155.988,robot_2,1.745,0.083
1789527898,759132095,156.016,robot_1,2.156,-1.801
1789527898,759246169,156.016,robot_0,0.073,3.049
1789527898,938181138,156.195,robot_2,1.745,0.083
1789527898,938263095,156.195,robot_1,2.156,-1.801
1789527898,938313058,156.195,robot_0,0.072,3.049
1789527899,143018052,156.400,robot_2,1.745,0.083
1789527899,143115336,156.400,robot_1,2.155,-1.800
1789527899,143169560,156.400,robot_0,0.072,3.050
1789527899,344270814,156.601,robot_2,1.745,0.084
1789527899,344346970,156.601,robot_1,2.155,-1.800
1789527899,344390825,156.601,robot_0,0.072,3.050
1789527899,547037129,156.804,robot_2,1.745,0.084
1789527899,547136801,156.804,robot_1,2.139,-1.811
1789527899,547193510,156.804,robot_0,0.071,3.050
1789527899,766086719,157.023,robot_2,1.745,0.084
1789527899,766186006,157.023,robot_1,2.098,-1.836
1789527899,766234701,157.023,robot_0,0.071,3.050
1789527899,964281519,157.221,robot_2,1.752,0.090
1789527899,964371063,157.221,robot_1,2.062,-1.859
1789527899,964426023,157.221,robot_0,0.069,3.064
1789527900,173059173,157.430,robot_2,1.773,0.107
1789527900,173145737,157.430,robot_1,2.066,-1.856
1789527900,173192297,157.430,robot_0,0.066,3.091
1789527900,383192072,157.640,robot_2,1.781,0.113
1789527900,383279216,157.640,robot_1,2.069,-1.854
1789527900,383327067,157.640,robot_0,0.065,3.095
1789527900,613127157,157.870,robot_2,1.796,0.127
1789527900,613199676,157.870,robot_1,2.069,-1.854
1789527900,613242259,157.870,robot_0,0.065,3.095
1789527900,815861753,158.072,robot_2,1.807,0.137
1789527900,815931813,158.072,robot_1,2.068,-1.855
1789527900,815969936,158.072,robot_0,0.065,3.095
1789527901,18319472,158.275,robot_2,1.807,0.137
1789527901,18392961,158.275,robot_1,2.043,-1.880
1789527901,18434447,158.275,robot_0,0.064,3.095
1789527901,243900263,158.500,robot_2,1.791,0.125
1789527901,243981475,158.500,robot_1,2.018,-1.905
1789527901,244014789,158.501,robot_0,0.064,3.095
1789527901,457042398,158.714,robot_2,1.763,0.105
1789527901,457130021,158.714,robot_1,1.994,-1.928
1789527901,457171120,158.714,robot_0,0.064,3.094
1789527901,675182150,158.932,robot_2,1.794,0.120
1789527901,675278866,158.932,robot_1,1.994,-1.928
1789527901,675333577,158.932,robot_0,0.063,3.094
1789527901,885406944,159.142,robot_2,1.808,0.127
1789527901,885483856,159.142,robot_1,1.994,-1.928
1789527901,885524748,159.142,robot_0,0.063,3.093
1789527902,111382828,159.368,robot_2,1.839,0.143
1789527902,111462289,159.368,robot_1,1.990,-1.931
1789527902,111513139,159.368,robot_0,0.063,3.093
1789527902,320491637,159.577,robot_2,1.812,0.129
1789527902,320562585,159.577,robot_1,1.937,-1.964
1789527902,320601762,159.577,robot_0,0.063,3.092
1789527902,553765977,159.810,robot_2,1.805,0.125
1789527902,553849164,159.810,robot_1,1.915,-1.977
1789527902,553902526,159.810,robot_0,0.063,3.092
1789527902,756000572,160.013,robot_2,1.843,0.146
1789527902,756080404,160.013,robot_1,1.915,-1.977
1789527902,756124845,160.013,robot_0,0.064,3.092
1789527902,986627918,160.243,robot_2,1.851,0.151
1789527902,986711409,160.243,robot_1,1.915,-1.977
1789527902,986756090,160.243,robot_0,0.064,3.091
1789527903,192161224,160.449,robot_2,1.866,0.158
1789527903,192240526,160.449,robot_1,1.915,-1.977
1789527903,192283724,160.449,robot_0,0.064,3.091
1789527903,408740886,160.665,robot_2,1.902,0.177
1789527903,408828984,160.665,robot_1,1.915,-1.977
1789527903,408874386,160.665,robot_0,0.065,3.091
1789527903,612930010,160.869,robot_2,1.929,0.191
1789527903,613002450,160.869,robot_1,1.914,-1.977
1789527903,613046575,160.870,robot_0,0.065,3.090
1789527903,844664699,161.101,robot_2,1.929,0.191
1789527903,844731695,161.101,robot_1,1.914,-1.977
1789527903,844772269,161.101,robot_0,0.065,3.090
1789527904,63265474,161.320,robot_2,1.919,0.189
1789527904,63339059,161.320,robot_1,1.914,-1.977
1789527904,63374199,161.320,robot_0,0.066,3.090
1789527904,270798388,161.527,robot_2,1.865,0.180
1789527904,270876525,161.527,robot_1,1.914,-1.977
1789527904,270917303,161.527,robot_0,0.066,3.090
1789527904,498462193,161.755,robot_2,1.864,0.178
1789527904,498537358,161.755,robot_1,1.913,-1.977
1789527904,498577133,161.755,robot_0,0.065,3.090
1789527904,718470676,161.975,robot_2,1.876,0.179
1789527904,718554523,161.975,robot_1,1.913,-1.977
1789527904,718599209,161.975,robot_0,0.065,3.090
1789527904,920310854,162.177,robot_2,1.818,0.177
1789527904,920396471,162.177,robot_1,1.913,-1.977
1789527904,920442132,162.177,robot_0,0.065,3.091
1789527905,124135294,162.381,robot_2,1.819,0.177
1789527905,124209242,162.381,robot_1,1.913,-1.977
1789527905,124250347,162.381,robot_0,0.065,3.091
1789527905,344242860,162.601,robot_2,1.837,0.177
1789527905,344323502,162.601,robot_1,1.912,-1.978
1789527905,344366297,162.601,robot_0,0.039,3.066
1789527905,547352849,162.804,robot_2,1.837,0.177
1789527905,547428683,162.804,robot_1,1.912,-1.978
1789527905,547467224,162.804,robot_0,0.058,3.082
1789527905,767725313,163.024,robot_2,1.836,0.178
1789527905,767797370,163.024,robot_1,1.912,-1.978
1789527905,767843520,163.024,robot_0,0.089,3.108
1789527905,993695005,163.250,robot_2,1.836,0.178
1789527905,993770834,163.250,robot_1,1.912,-1.979
1789527905,993805984,163.250,robot_0,0.059,3.083
1789527906,223954306,163.480,robot_2,1.836,0.178
1789527906,224041885,163.481,robot_1,1.912,-1.979
1789527906,224087191,163.481,robot_0,0.027,3.055
1789527906,433703055,163.690,robot_2,1.836,0.178
1789527906,433772690,163.690,robot_1,1.912,-1.979
1789527906,433808990,163.690,robot_0,0.011,3.041
1789527906,637010979,163.894,robot_2,1.836,0.179
1789527906,637087397,163.894,robot_1,1.912,-1.979
1789527906,637125688,163.894,robot_0,0.011,3.041
1789527906,839087550,164.096,robot_2,1.835,0.179
1789527906,839161408,164.096,robot_1,1.950,-1.965
1789527906,839200862,164.096,robot_0,0.012,3.041
1789527907,50834256,164.307,robot_2,1.835,0.179
1789527907,50936728,164.307,robot_1,1.960,-1.960
1789527907,50975394,164.307,robot_0,0.012,3.041
1789527907,255089508,164.512,robot_2,1.835,0.179
1789527907,256150650,164.513,robot_1,1.942,-1.968
1789527907,256225598,164.513,robot_0,0.013,3.041
1789527907,472349893,164.729,robot_2,1.834,0.179
1789527907,472423318,164.729,robot_1,1.975,-1.955
1789527907,472463030,164.729,robot_0,0.013,3.041
1789527907,702250177,164.959,robot_2,1.834,0.178
1789527907,702325583,164.959,robot_1,1.961,-1.959
1789527907,702367750,164.959,robot_0,0.014,3.041
1789527907,912595911,165.169,robot_2,1.834,0.178
1789527907,912677029,165.169,robot_1,1.919,-1.970
1789527907,912723925,165.169,robot_0,0.014,3.041
1789527908,114798048,165.371,robot_2,1.834,0.178
1789527908,114879809,165.371,robot_1,1.882,-1.980
1789527908,114920812,165.371,robot_0,0.015,3.042
1789527908,331694976,165.588,robot_2,1.834,0.178
1789527908,331773606,165.588,robot_1,1.870,-1.983
1789527908,331816106,165.588,robot_0,0.015,3.042
1789527908,558788857,165.815,robot_2,1.833,0.178
1789527908,558871889,165.815,robot_1,1.918,-1.970
1789527908,558910932,165.815,robot_0,0.015,3.042
1789527908,784082374,166.041,robot_2,1.833,0.177
1789527908,784164116,166.041,robot_1,1.956,-1.959
1789527908,784199952,166.041,robot_0,0.015,3.043
1789527909,12984394,166.269,robot_2,1.833,0.177
1789527909,13059378,166.270,robot_1,1.960,-1.958
1789527909,13100762,166.270,robot_0,0.015,3.043
1789527909,233047534,166.490,robot_2,1.833,0.177
1789527909,233125271,166.490,robot_1,1.960,-1.958
1789527909,233168555,166.490,robot_0,0.015,3.044
1789527909,444435495,166.701,robot_2,1.856,0.180
1789527909,444510987,166.701,robot_1,1.960,-1.958
1789527909,444552114,166.701,robot_0,0.015,3.044
1789527909,649367255,166.906,robot_2,1.892,0.185
1789527909,649446385,166.906,robot_1,1.960,-1.959
1789527909,649491086,166.906,robot_0,0.015,3.044
1789527909,867453633,167.124,robot_2,1.927,0.191
1789527909,867532169,167.124,robot_1,1.961,-1.959
1789527909,867577332,167.124,robot_0,0.015,3.045
1789527910,86042347,167.343,robot_2,1.936,0.192
1789527910,86122752,167.343,robot_1,1.961,-1.959
1789527910,86165739,167.343,robot_0,0.015,3.045
1789527910,304184274,167.561,robot_2,2.004,0.197
1789527910,304268912,167.561,robot_1,1.961,-1.959
1789527910,304312918,167.561,robot_0,0.014,3.046
1789527910,524317590,167.781,robot_2,2.012,0.198
1789527910,524454482,167.781,robot_1,1.961,-1.959
1789527910,524498810,167.781,robot_0,0.014,3.046
1789527910,726087316,167.983,robot_2,2.035,0.199
1789527910,726174606,167.983,robot_1,1.962,-1.959
1789527910,726218490,167.983,robot_0,0.014,3.046
1789527910,927363053,168.184,robot_2,2.070,0.201
1789527910,927453878,168.184,robot_1,1.962,-1.959
1789527910,927493650,168.184,robot_0,0.013,3.046
1789527911,138108037,168.395,robot_2,2.057,0.201
1789527911,138202907,168.395,robot_1,1.962,-1.959
1789527911,138257119,168.395,robot_0,0.013,3.046
1789527911,350393437,168.607,robot_2,2.009,0.200
1789527911,350466755,168.607,robot_1,1.963,-1.959
1789527911,350511603,168.607,robot_0,0.012,3.046
1789527911,574231109,168.831,robot_2,1.973,0.200
1789527911,574308754,168.831,robot_1,1.963,-1.959
1789527911,574345886,168.831,robot_0,0.012,3.046
1789527911,778916241,169.035,robot_2,1.937,0.199
1789527911,778990695,169.035,robot_1,1.963,-1.958
1789527911,779028560,169.036,robot_0,0.011,3.045
1789527911,980564539,169.237,robot_2,1.894,0.198
1789527911,980646221,169.237,robot_1,1.963,-1.958
1789527911,980693299,169.237,robot_0,0.011,3.045
1789527912,200998632,169.457,robot_2,1.890,0.198
1789527912,201078360,169.458,robot_1,1.963,-1.958
1789527912,201128390,169.458,robot_0,0.011,3.045
1789527912,402140990,169.659,robot_2,1.939,0.196
1789527912,402205423,169.659,robot_1,1.963,-1.957
1789527912,402238111,169.659,robot_0,0.017,3.039
1789527912,604842667,169.861,robot_2,1.972,0.194
1789527912,604921705,169.861,robot_1,1.965,-1.957
1789527912,604954509,169.861,robot_0,0.037,3.015
1789527912,807829118,170.064,robot_2,2.028,0.191
1789527912,807919316,170.064,robot_1,2.000,-1.959
1789527912,807959987,170.064,robot_0,0.045,3.006
1789527913,14114768,170.271,robot_2,2.069,0.188
1789527913,14197807,170.271,robot_1,2.010,-1.960
1789527913,14244567,170.271,robot_0,0.045,3.006
1789527913,223327547,170.480,robot_2,2.051,0.188
1789527913,223405549,170.480,robot_1,1.968,-1.957
1789527913,223446011,170.480,robot_0,0.048,3.001
1789527913,424513965,170.681,robot_2,2.011,0.186
1789527913,424584107,170.681,robot_1,1.957,-1.957
1789527913,424632616,170.681,robot_0,0.074,2.949
1789527913,634731234,170.891,robot_2,1.975,0.185
1789527913,634806517,170.891,robot_1,1.918,-1.950
1789527913,634851222,170.891,robot_0,0.082,2.935
1789527913,840031661,171.097,robot_2,2.005,0.185
1789527913,840108672,171.097,robot_1,1.907,-1.948
1789527913,840154434,171.097,robot_0,0.082,2.935
1789527914,41328135,171.298,robot_2,2.051,0.187
1789527914,41403913,171.298,robot_1,1.936,-1.962
1789527914,41450810,171.298,robot_0,0.082,2.935
1789527914,247268543,171.504,robot_2,2.053,0.187
1789527914,247343831,171.504,robot_1,1.961,-1.976
1789527914,247383364,171.504,robot_0,0.082,2.935
1789527914,465907027,171.723,robot_2,2.102,0.193
1789527914,466715899,171.723,robot_1,1.936,-1.960
1789527914,466775567,171.723,robot_0,0.083,2.935
1789527914,697919812,171.954,robot_2,2.154,0.202
1789527914,698025577,171.955,robot_1,1.918,-1.945
1789527914,698080722,171.955,robot_0,0.086,2.957
1789527914,908241965,172.165,robot_2,2.129,0.198
1789527914,908321066,172.165,robot_1,1.883,-1.909
1789527914,908367468,172.165,robot_0,0.089,2.972
1789527915,110923546,172.367,robot_2,2.080,0.190
1789527915,110998705,172.367,robot_1,1.880,-1.905
1789527915,111034467,172.368,robot_0,0.089,2.972
1789527915,312154683,172.569,robot_2,2.052,0.185
1789527915,312240517,172.569,robot_1,1.880,-1.905
1789527915,312291225,172.569,robot_0,0.089,2.972
1789527915,536929553,172.793,robot_2,2.003,0.177
1789527915,538961338,172.795,robot_1,1.863,-1.877
1789527915,539040759,172.796,robot_0,0.090,2.972
1789527915,763459577,173.020,robot_2,1.966,0.171
1789527915,763536277,173.020,robot_1,1.844,-1.838
1789527915,763576379,173.020,robot_0,0.090,2.972
1789527915,992275901,173.249,robot_2,1.922,0.164
1789527915,992346449,173.249,robot_1,1.830,-1.803
1789527915,992386534,173.249,robot_0,0.089,2.972
1789527916,224544639,173.481,robot_2,1.962,0.170
1789527916,224617064,173.481,robot_1,1.822,-1.765
1789527916,224655135,173.481,robot_0,0.089,2.972
1789527916,443687695,173.700,robot_2,1.993,0.175
1789527916,443754554,173.700,robot_1,1.814,-1.717
1789527916,443790539,173.700,robot_0,0.088,2.972
1789527916,663846929,173.920,robot_2,1.965,0.171
1789527916,663934450,173.920,robot_1,1.814,-1.718
1789527916,663978310,173.920,robot_0,0.088,2.972
1789527916,874725205,174.132,robot_2,1.965,0.171
1789527916,876025789,174.133,robot_1,1.808,-1.681
1789527916,876082171,174.133,robot_0,0.087,2.972
1789527917,87262895,174.344,robot_2,1.930,0.170
1789527917,87350110,174.344,robot_1,1.807,-1.677
1789527917,87400633,174.344,robot_0,0.087,2.972
1789527917,297413604,174.554,robot_2,1.945,0.170
1789527917,297490278,174.554,robot_1,1.807,-1.677
1789527917,297527119,174.554,robot_0,0.087,2.971
1789527917,500575446,174.757,robot_2,2.000,0.172
1789527917,500654207,174.757,robot_1,1.807,-1.677
1789527917,500695572,174.757,robot_0,0.086,2.971
1789527917,716492566,174.973,robot_2,2.019,0.172
1789527917,716570663,174.973,robot_1,1.808,-1.677
1789527917,716613848,174.973,robot_0,0.086,2.970
1789527917,926424242,175.183,robot_2,2.037,0.175
1789527917,926498277,175.183,robot_1,1.808,-1.677
1789527917,928904810,175.185,robot_0,0.086,2.970
1789527918,141823434,175.398,robot_2,2.114,0.188
1789527918,141915203,175.398,robot_1,1.808,-1.676
1789527918,141956578,175.398,robot_0,0.086,2.970
1789527918,358106787,175.615,robot_2,2.170,0.198
1789527918,358175244,175.615,robot_1,1.808,-1.676
1789527918,358212982,175.615,robot_0,0.086,2.969
1789527918,568837480,175.825,robot_2,2.193,0.202
1789527918,568910038,175.825,robot_1,1.808,-1.676
1789527918,568953260,175.825,robot_0,0.086,2.969
1789527918,787676472,176.044,robot_2,2.194,0.202
1789527918,787758194,176.044,robot_1,1.808,-1.675
1789527918,787802589,176.044,robot_0,0.086,2.968
1789527919,16952374,176.273,robot_2,2.236,0.206
1789527919,17024240,176.274,robot_1,1.808,-1.675
1789527919,17066261,176.274,robot_0,0.086,2.968
1789527919,223229818,176.480,robot_2,2.271,0.209
1789527919,223303379,176.480,robot_1,1.808,-1.675
1789527919,223342034,176.480,robot_0,0.113,2.987
1789527919,436694908,176.693,robot_2,2.271,0.209
1789527919,436771378,176.693,robot_1,1.808,-1.674
1789527919,436813321,176.693,robot_0,0.136,3.005
1789527919,637973865,176.894,robot_2,2.271,0.209
1789527919,638048722,176.895,robot_1,1.807,-1.674
1789527919,638087912,176.895,robot_0,0.122,2.997
1789527919,842956686,177.099,robot_2,2.271,0.209
1789527919,843045904,177.100,robot_1,1.807,-1.674
1789527919,843094173,177.100,robot_0,0.091,2.980
1789527920,43018824,177.300,robot_2,2.272,0.208
1789527920,43091108,177.300,robot_1,1.807,-1.674
1789527920,43129294,177.300,robot_0,0.057,2.962
1789527920,270871257,177.527,robot_2,2.272,0.208
1789527920,270951314,177.527,robot_1,1.806,-1.674
1789527920,270995854,177.527,robot_0,0.014,2.939
1789527920,478891997,177.735,robot_2,2.272,0.208
1789527920,478961372,177.735,robot_1,1.806,-1.674
1789527920,478999811,177.735,robot_0,0.014,2.939
1789527920,693692644,177.950,robot_2,2.272,0.208
1789527920,693780627,177.950,robot_1,1.806,-1.674
1789527920,693829648,177.950,robot_0,0.013,2.939
1789527920,927521579,178.184,robot_2,2.273,0.208
1789527920,927611396,178.184,robot_1,1.808,-1.695
1789527920,927656893,178.184,robot_0,0.013,2.939
1789527921,137379373,178.394,robot_2,2.273,0.208
1789527921,137467697,178.394,robot_1,1.812,-1.742
1789527921,137522801,178.394,robot_0,0.013,2.940
1789527921,352729553,178.609,robot_2,2.273,0.208
1789527921,352817875,178.609,robot_1,1.817,-1.793
1789527921,352877830,178.609,robot_0,0.014,2.941
1789527921,561171527,178.818,robot_2,2.273,0.208
1789527921,561233180,178.818,robot_1,1.820,-1.822
1789527921,561265952,178.818,robot_0,0.014,2.941
1789527921,779610463,179.036,robot_2,2.274,0.208
1789527921,779686253,179.036,robot_1,1.823,-1.855
1789527921,779731619,179.036,robot_0,0.014,2.942
1789527921,988452209,179.245,robot_2,2.274,0.209
1789527921,988548808,179.245,robot_1,1.826,-1.888
1789527921,988589382,179.245,robot_0,0.015,2.942
1789527922,197251959,179.454,robot_2,2.274,0.209
1789527922,197329624,179.454,robot_1,1.828,-1.917
1789527922,197373997,179.454,robot_0,0.015,2.942
1789527922,403697766,179.660,robot_2,2.274,0.209
1789527922,403768634,179.660,robot_1,1.828,-1.919
1789527922,403807769,179.660,robot_0,0.016,2.942
1789527922,637004691,179.894,robot_2,2.274,0.209
1789527922,637083341,179.894,robot_1,1.829,-1.896
1789527922,637127193,179.894,robot_0,0.016,2.943
1789527922,845992651,180.102,robot_2,2.274,0.210
1789527922,846072569,180.103,robot_1,1.829,-1.896
1789527922,846111974,180.103,robot_0,0.016,2.943
1789527923,46425651,180.303,robot_2,2.244,0.213
1789527923,46513916,180.303,robot_1,1.829,-1.929
1789527923,46552405,180.303,robot_0,0.015,2.942
1789527923,257211318,180.514,robot_2,2.208,0.218
1789527923,257281003,180.514,robot_1,1.829,-1.902
1789527923,257319238,180.514,robot_0,0.015,2.942
1789527923,488102047,180.745,robot_2,2.145,0.231
1789527923,488175162,180.745,robot_1,1.828,-1.862
1789527923,488214191,180.745,robot_0,0.015,2.942
1789527923,690587184,180.947,robot_2,2.149,0.230
1789527923,690659170,180.947,robot_1,1.829,-1.892
1789527923,690701202,180.947,robot_0,0.015,2.941
1789527923,903953956,181.160,robot_2,2.168,0.226
1789527923,904025453,181.161,robot_1,1.829,-1.921
1789527923,904065932,181.161,robot_0,0.014,2.941
1789527924,126348860,181.383,robot_2,2.168,0.226
1789527924,126417980,181.383,robot_1,1.829,-1.921
1789527924,126452702,181.383,robot_0,0.014,2.941
1789527924,339992362,181.596,robot_2,2.182,0.227
1789527924,340069612,181.597,robot_1,1.827,-1.941
1789527924,342567980,181.599,robot_0,0.014,2.940
1789527924,548930656,181.805,robot_2,2.211,0.229
1789527924,549006934,181.805,robot_1,1.822,-1.988
1789527924,549045909,181.806,robot_0,0.014,2.940
1789527924,763313148,182.020,robot_2,2.211,0.229
1789527924,763380466,182.020,robot_1,1.820,-2.013
1789527924,763416111,182.020,robot_0,0.014,2.939
1789527924,978223722,182.235,robot_2,2.205,0.227
1789527924,978297966,182.235,robot_1,1.820,-2.022
1789527924,978337263,182.235,robot_0,0.014,2.939
1789527925,191314123,182.448,robot_2,2.169,0.207
1789527925,191389677,182.448,robot_1,1.819,-2.045
1789527925,191427940,182.448,robot_0,0.015,2.939
1789527925,410720718,182.667,robot_2,2.182,0.215
1789527925,410786997,182.667,robot_1,1.820,-2.026
1789527925,410821094,182.667,robot_0,0.015,2.938
1789527925,631736929,182.888,robot_2,2.186,0.218
1789527925,631809328,182.888,robot_1,1.820,-2.033
1789527925,631852242,182.888,robot_0,0.015,2.938
1789527925,835979620,183.092,robot_2,2.153,0.200
1789527925,836060711,183.093,robot_1,1.816,-2.084
1789527925,836109407,183.093,robot_0,0.016,2.938
1789527926,37385961,183.294,robot_2,2.153,0.200
1789527926,37461747,183.294,robot_1,1.817,-2.073
1789527926,37511612,183.294,robot_0,0.016,2.938
1789527926,243901888,183.500,robot_2,2.153,0.199
1789527926,243980472,183.500,robot_1,1.817,-2.073
1789527926,244029437,183.501,robot_0,0.017,2.938
1789527926,454504886,183.711,robot_2,2.153,0.200
1789527926,454582026,183.711,robot_1,1.817,-2.073
1789527926,454626315,183.711,robot_0,0.017,2.938
1789527926,677978437,183.934,robot_2,2.153,0.200
1789527926,678051810,183.935,robot_1,1.818,-2.073
1789527926,678090746,183.935,robot_0,0.012,2.963
1789527926,906978273,184.163,robot_2,2.152,0.200
1789527926,907079299,184.164,robot_1,1.818,-2.073
1789527926,907138982,184.164,robot_0,0.008,2.981
1789527927,118808031,184.375,robot_2,2.152,0.200
1789527927,118886932,184.375,robot_1,1.818,-2.073
1789527927,118924753,184.375,robot_0,0.009,2.981
1789527927,323590617,184.580,robot_2,2.152,0.200
1789527927,323666728,184.580,robot_1,1.817,-2.073
1789527927,323715306,184.580,robot_0,0.009,2.981
1789527927,533242731,184.790,robot_2,2.152,0.200
1789527927,533310884,184.790,robot_1,1.817,-2.073
1789527927,533345223,184.790,robot_0,0.028,2.966
1789527927,753314402,185.010,robot_2,2.151,0.200
1789527927,753384207,185.010,robot_1,1.817,-2.073
1789527927,753425439,185.010,robot_0,0.048,2.951
1789527927,964464659,185.221,robot_2,2.151,0.200
1789527927,964533228,185.221,robot_1,1.816,-2.073
1789527927,964568953,185.221,robot_0,0.012,2.976
1789527928,164734242,185.421,robot_2,2.151,0.200
1789527928,164803790,185.421,robot_1,1.816,-2.073
1789527928,164844002,185.421,robot_0,0.015,2.974
1789527928,370046380,185.627,robot_2,2.150,0.200
1789527928,370116627,185.627,robot_1,1.816,-2.074
1789527928,370156170,185.627,robot_0,0.048,2.951
1789527928,597085046,185.854,robot_2,2.150,0.200
1789527928,597170185,185.854,robot_1,1.816,-2.074
1789527928,597218769,185.854,robot_0,0.079,2.930
1789527928,797249715,186.054,robot_2,2.150,0.200
1789527928,797327157,186.054,robot_1,1.816,-2.074
1789527928,797369675,186.054,robot_0,0.051,2.947
1789527929,8638776,186.265,robot_2,2.150,0.200
1789527929,8741579,186.265,robot_1,1.816,-2.074
1789527929,8785097,186.265,robot_0,0.031,2.961
1789527929,203475393,186.460,robot_2,2.150,0.199
1789527929,203546170,186.460,robot_1,1.816,-2.075
1789527929,203583266,186.460,robot_0,0.030,2.961
1789527929,420087857,186.677,robot_2,2.150,0.199
1789527929,420161453,186.677,robot_1,1.816,-2.075
1789527929,420200338,186.677,robot_0,0.030,2.962
1789527929,625468433,186.882,robot_2,2.150,0.199
1789527929,625550639,186.882,robot_1,1.816,-2.075
1789527929,625596837,186.882,robot_0,0.030,2.962
1789527929,835740877,187.092,robot_2,2.119,0.196
1789527929,835820592,187.092,robot_1,1.816,-2.076
1789527929,835869318,187.092,robot_0,0.030,2.962
1789527930,63074423,187.320,robot_2,2.076,0.192
1789527930,63182254,187.320,robot_1,1.816,-2.076
1789527930,63228682,187.320,robot_0,0.030,2.963
1789527930,267119845,187.527,robot_2,2.034,0.188
1789527930,271024428,187.528,robot_1,1.816,-2.076
1789527930,271089306,187.528,robot_0,0.030,2.963
1789527930,506153958,187.763,robot_2,2.007,0.186
1789527930,506228771,187.763,robot_1,1.822,-2.067
1789527930,506266558,187.763,robot_0,0.030,2.964
1789527930,710814469,187.967,robot_2,2.007,0.186
1789527930,711308218,187.968,robot_1,1.837,-2.037
1789527930,711365963,187.968,robot_0,0.029,2.964
1789527930,929824535,188.186,robot_2,2.007,0.186
1789527930,929910157,188.186,robot_1,1.837,-2.037
1789527930,929963068,188.186,robot_0,0.029,2.964
1789527931,139068047,188.396,robot_2,2.007,0.187
1789527931,139149245,188.396,robot_1,1.837,-2.038
1789527931,139197113,188.396,robot_0,0.029,2.965
1789527931,352688656,188.609,robot_2,2.007,0.187
1789527931,352769145,188.609,robot_1,1.849,-2.007
1789527931,352808319,188.609,robot_0,0.028,2.965
1789527931,554553905,188.811,robot_2,2.007,0.187
1789527931,554637225,188.811,robot_1,1.853,-1.998
1789527931,554684377,188.811,robot_0,0.028,2.965
1789527931,776018725,189.033,robot_2,2.008,0.188
1789527931,776098173,189.033,robot_1,1.863,-1.959
1789527931,776147393,189.033,robot_0,0.027,2.965
1789527931,993677839,189.250,robot_2,2.008,0.188
1789527931,993746007,189.250,robot_1,1.868,-1.936
1789527931,993784332,189.250,robot_0,0.027,2.965
1789527932,216295406,189.473,robot_2,2.009,0.188
1789527932,216369500,189.473,robot_1,1.869,-1.936
1789527932,216409667,189.473,robot_0,0.026,2.964
1789527932,438585463,189.695,robot_2,2.009,0.188
1789527932,438656845,189.695,robot_1,1.866,-1.896
1789527932,438698257,189.695,robot_0,0.026,2.964
1789527932,657317298,189.914,robot_2,2.006,0.180
1789527932,657383376,189.914,robot_1,1.863,-1.853
1789527932,657420029,189.914,robot_0,0.026,2.964
1789527932,864558549,190.121,robot_2,1.997,0.154
1789527932,864613364,190.121,robot_1,1.865,-1.879
1789527932,864640134,190.121,robot_0,0.008,2.975
1789527933,72184161,190.329,robot_2,1.988,0.131
1789527933,72255152,190.329,robot_1,1.864,-1.869
1789527933,72291651,190.329,robot_0,-0.017,2.993
1789527933,279482044,190.536,robot_2,1.970,0.081
1789527933,279563107,190.536,robot_1,1.859,-1.806
1789527933,279606178,190.536,robot_0,0.003,2.979
1789527933,486532955,190.743,robot_2,1.951,0.027
1789527933,486611416,190.743,robot_1,1.855,-1.751
1789527933,486654764,190.743,robot_0,0.027,2.963
1789527933,705243912,190.962,robot_2,1.938,-0.010
1789527933,705314238,190.962,robot_1,1.855,-1.741
1789527933,705350829,190.962,robot_0,0.027,2.962
1789527933,910325924,191.171,robot_2,1.929,-0.034
1789527933,914794371,191.171,robot_1,1.855,-1.741
1789527933,914843291,191.171,robot_0,0.027,2.962
1789527934,129045883,191.386,robot_2,1.915,-0.070
1789527934,129112644,191.386,robot_1,1.855,-1.741
1789527934,129148468,191.386,robot_0,0.020,2.962
1789527934,343761004,191.600,robot_2,1.910,-0.082
1789527934,343831557,191.600,robot_1,1.855,-1.741
1789527934,343879169,191.600,robot_0,-0.026,2.964
1789527934,554095205,191.811,robot_2,1.909,-0.082
1789527934,554170422,191.811,robot_1,1.856,-1.741
1789527934,554210551,191.811,robot_0,-0.070,2.966
1789527934,771678997,192.028,robot_2,1.909,-0.082
1789527934,771750019,192.028,robot_1,1.856,-1.740
1789527934,771787233,192.028,robot_0,-0.087,2.967
1789527934,986367468,192.243,robot_2,1.909,-0.082
1789527934,986449147,192.243,robot_1,1.856,-1.740
1789527934,986496208,192.243,robot_0,-0.087,2.967
1789527935,216932940,192.473,robot_2,1.909,-0.082
1789527935,217012581,192.474,robot_1,1.856,-1.740
1789527935,217054161,192.474,robot_0,-0.087,2.967
1789527935,431946526,192.688,robot_2,1.908,-0.082
1789527935,432023665,192.689,robot_1,1.856,-1.739
1789527935,435039680,192.692,robot_0,-0.086,2.968
1789527935,653442611,192.910,robot_2,1.908,-0.082
1789527935,653509680,192.910,robot_1,1.856,-1.739
1789527935,653546819,192.910,robot_0,-0.086,2.969
1789527935,860471168,193.117,robot_2,1.908,-0.083
1789527935,868363688,193.125,robot_1,1.856,-1.739
1789527935,868457958,193.125,robot_0,-0.085,2.969
1789527936,67405544,193.324,robot_2,1.908,-0.083
1789527936,67486898,193.324,robot_1,1.856,-1.738
1789527936,67527255,193.324,robot_0,-0.085,2.969
1789527936,272032623,193.529,robot_2,1.908,-0.083
1789527936,272103117,193.529,robot_1,1.855,-1.738
1789527936,272141050,193.529,robot_0,-0.084,2.969
1789527936,487350077,193.744,robot_2,1.908,-0.083
1789527936,487433877,193.744,robot_1,1.855,-1.738
1789527936,487472404,193.744,robot_0,-0.083,2.969
1789527936,709978328,193.966,robot_2,1.908,-0.084
1789527936,710059950,193.967,robot_1,1.855,-1.738
1789527936,710100825,193.967,robot_0,-0.083,2.969
1789527936,932224009,194.189,robot_2,1.908,-0.084
1789527936,932333304,194.189,robot_1,1.855,-1.738
1789527936,932395056,194.189,robot_0,-0.071,2.992
1789527937,136270389,194.393,robot_2,1.908,-0.084
1789527937,136344290,194.393,robot_1,1.854,-1.738
1789527937,136386049,194.393,robot_0,-0.059,3.016
1789527937,346485572,194.603,robot_2,1.908,-0.085
1789527937,346556893,194.603,robot_1,1.854,-1.762
1789527937,346598391,194.603,robot_0,-0.067,3.000
1789527937,565215578,194.822,robot_2,1.908,-0.085
1789527937,565296141,194.822,robot_1,1.855,-1.794
1789527937,565343180,194.822,robot_0,-0.067,3.000
1789527937,787736735,195.044,robot_2,1.908,-0.085
1789527937,787823344,195.044,robot_1,1.853,-1.804
1789527937,787884362,195.044,robot_0,-0.068,3.000
1789527938,723614,195.257,robot_2,1.910,-0.082
1789527938,795121,195.257,robot_1,1.846,-1.834
1789527938,832764,195.257,robot_0,-0.068,3.000
1789527938,216358055,195.473,robot_2,1.927,-0.047
1789527938,216425050,195.473,robot_1,1.854,-1.810
1789527938,216456585,195.473,robot_0,-0.069,3.000
1789527938,428157774,195.685,robot_2,1.927,-0.046
1789527938,428240625,195.685,robot_1,1.855,-1.807
1789527938,428290661,195.685,robot_0,-0.069,3.000
1789527938,663203538,195.920,robot_2,1.927,-0.046
1789527938,663285420,195.920,robot_1,1.846,-1.834
1789527938,663333195,195.920,robot_0,-0.070,3.000
1789527938,885632058,196.142,robot_2,1.935,-0.011
1789527938,885711965,196.142,robot_1,1.856,-1.805
1789527938,885754701,196.142,robot_0,-0.070,3.000
1789527939,99246134,196.356,robot_2,1.945,0.066
1789527939,99328486,196.356,robot_1,1.845,-1.838
1789527939,99374208,196.356,robot_0,-0.070,2.999
1789527939,300407830,196.557,robot_2,1.950,0.105
1789527939,300481262,196.557,robot_1,1.843,-1.842
1789527939,300520115,196.557,robot_0,-0.070,2.999
1789527939,533358289,196.790,robot_2,1.957,0.163
1789527939,533442394,196.790,robot_1,1.843,-1.842
1789527939,533530497,196.790,robot_0,-0.071,2.998
1789527939,752213900,197.009,robot_2,1.961,0.195
1789527939,752310020,197.009,robot_1,1.843,-1.842
1789527939,752349371,197.009,robot_0,-0.071,2.998
1789527939,978885595,197.235,robot_2,1.962,0.228
1789527939,978953133,197.235,robot_1,1.839,-1.876
1789527939,978981563,197.235,robot_0,-0.071,2.997
1789527940,188906513,197.445,robot_2,1.962,0.224
1789527940,188982062,197.445,robot_1,1.833,-1.921
1789527940,189026838,197.446,robot_0,-0.071,2.997
1789527940,419649070,197.676,robot_2,1.962,0.195
1789527940,419733421,197.676,robot_1,1.836,-1.897
1789527940,419780163,197.676,robot_0,-0.070,2.997
1789527940,651762233,197.908,robot_2,1.962,0.191
1789527940,651844190,197.908,robot_1,1.842,-1.851
1789527940,651897282,197.908,robot_0,-0.070,2.996
1789527940,883957700,198.140,robot_2,1.962,0.191
1789527940,884037837,198.141,robot_1,1.842,-1.844
1789527940,884092142,198.141,robot_0,-0.070,2.996
1789527941,86547363,198.343,robot_2,1.962,0.191
1789527941,86617307,198.343,robot_1,1.842,-1.844
1789527941,86653445,198.343,robot_0,-0.069,2.996
1789527941,298974561,198.558,robot_2,1.963,0.191
1789527941,301542915,198.558,robot_1,1.843,-1.844
1789527941,301611487,198.558,robot_0,-0.069,2.996
1789527941,507825414,198.764,robot_2,1.963,0.191
1789527941,507911182,198.764,robot_1,1.843,-1.844
1789527941,507948626,198.764,robot_0,-0.069,2.996
1789527941,720546112,198.977,robot_2,1.963,0.192
1789527941,720617983,198.977,robot_1,1.843,-1.845
1789527941,720653007,198.977,robot_0,-0.069,2.996
1789527941,939900059,199.196,robot_2,1.963,0.192
1789527941,939975040,199.196,robot_1,1.844,-1.845
1789527941,940011101,199.196,robot_0,-0.070,2.996
1789527942,147397368,199.404,robot_2,1.963,0.192
1789527942,147470207,199.404,robot_1,1.844,-1.845
1789527942,147514015,199.404,robot_0,-0.070,2.996
1789527942,351114778,199.608,robot_2,1.963,0.192
1789527942,351195238,199.608,robot_1,1.844,-1.846
1789527942,351242109,199.608,robot_0,-0.070,2.996
1789527942,566454229,199.823,robot_2,1.963,0.193
1789527942,566532351,199.823,robot_1,1.844,-1.846
1789527942,566581238,199.823,robot_0,-0.070,2.996
1789527942,785541267,200.042,robot_2,1.963,0.193
1789527942,785623768,200.048,robot_1,1.843,-1.847
1789527942,791501815,200.048,robot_0,-0.090,2.987
1789527943,12424248,200.269,robot_2,1.963,0.193
1789527943,12495841,200.269,robot_1,1.783,-1.820
1789527943,12533844,200.269,robot_0,-0.139,2.964
1789527943,216485643,200.473,robot_2,1.963,0.194
1789527943,216572972,200.473,robot_1,1.745,-1.802
1789527943,216609836,200.473,robot_0,-0.172,2.950
1789527943,420253040,200.677,robot_2,1.963,0.194
1789527943,420333270,200.677,robot_1,1.704,-1.783
1789527943,420381131,200.677,robot_0,-0.206,2.934
1789527943,642154477,200.899,robot_2,1.963,0.194
1789527943,642228149,200.899,robot_1,1.704,-1.783
1789527943,642264901,200.899,robot_0,-0.206,2.934
1789527943,847607833,201.104,robot_2,1.962,0.194
1789527943,847849086,201.104,robot_1,1.704,-1.783
1789527943,847904417,201.104,robot_0,-0.206,2.935
1789527944,51532536,201.308,robot_2,1.962,0.194
1789527944,51603609,201.308,robot_1,1.704,-1.783
1789527944,51639864,201.308,robot_0,-0.206,2.936
1789527944,260715298,201.517,robot_2,1.956,0.164
1789527944,260788863,201.517,robot_1,1.704,-1.783
1789527944,260828811,201.517,robot_0,-0.206,2.936
1789527944,476208437,201.733,robot_2,1.947,0.119
1789527944,476286904,201.733,robot_1,1.704,-1.782
1789527944,476337308,201.733,robot_0,-0.206,2.937
1789527944,694433370,201.951,robot_2,1.943,0.101
1789527944,696655991,201.953,robot_1,1.704,-1.782
1789527944,696739362,201.953,robot_0,-0.205,2.937
1789527944,913451742,202.170,robot_2,1.962,0.144
1789527944,913536169,202.170,robot_1,1.704,-1.782
1789527944,913576041,202.170,robot_0,-0.205,2.938
1789527945,108230395,202.365,robot_2,1.976,0.175
1789527945,108307521,202.365,robot_1,1.704,-1.781
1789527945,108351446,202.365,robot_0,-0.204,2.938
1789527945,319375818,202.576,robot_2,1.969,0.160
1789527945,319453372,202.576,robot_1,1.703,-1.781
1789527945,319496833,202.576,robot_0,-0.204,2.938
1789527945,534555774,202.791,robot_2,1.963,0.147
1789527945,534634616,202.791,robot_1,1.703,-1.781
1789527945,534675368,202.791,robot_0,-0.203,2.938
1789527945,736828312,202.993,robot_2,1.971,0.164
1789527945,736916378,202.993,robot_1,1.703,-1.781
1789527945,736967459,202.993,robot_0,-0.203,2.938
1789527945,945740459,203.202,robot_2,1.980,0.182
1789527945,945821626,203.202,robot_1,1.703,-1.781
1789527945,947560670,203.204,robot_0,-0.203,2.938
1789527946,188412263,203.445,robot_2,1.993,0.210
1789527946,188506062,203.445,robot_1,1.702,-1.781
1789527946,188551722,203.445,robot_0,-0.203,2.938
1789527946,403701305,203.660,robot_2,1.988,0.200
1789527946,403790399,203.660,robot_1,1.702,-1.781
1789527946,403834250,203.660,robot_0,-0.204,2.938
1789527946,611722692,203.868,robot_2,1.964,0.145
1789527946,611817008,203.868,robot_1,1.702,-1.781
1789527946,613206001,203.870,robot_0,-0.204,2.938
1789527946,823508900,204.080,robot_2,1.969,0.156
1789527946,823622153,204.080,robot_1,1.702,-1.782
1789527946,823687034,204.080,robot_0,-0.204,2.937
1789527947,32219269,204.289,robot_2,1.985,0.193
1789527947,32310350,204.289,robot_1,1.701,-1.782
1789527947,32353759,204.289,robot_0,-0.205,2.937
1789527947,266958371,204.523,robot_2,1.990,0.203
1789527947,267029115,204.524,robot_1,1.701,-1.782
1789527947,267064143,204.524,robot_0,-0.205,2.937
1789527947,468138129,204.725,robot_2,1.990,0.203
1789527947,468218164,204.725,robot_1,1.729,-1.801
1789527947,468267137,204.725,robot_0,-0.205,2.936
1789527947,669801888,204.926,robot_2,1.990,0.203
1789527947,673452672,204.930,robot_1,1.738,-1.808
1789527947,673542247,204.930,robot_0,-0.205,2.936
1789527947,883648883,205.140,robot_2,1.989,0.203
1789527947,883727148,205.140,robot_1,1.738,-1.808
1789527947,883776892,205.140,robot_0,-0.205,2.935
1789527948,108999051,205.365,robot_2,1.989,0.203
1789527948,109071998,205.366,robot_1,1.738,-1.808
1789527948,109111906,205.366,robot_0,-0.205,2.935
1789527948,329132018,205.586,robot_2,1.989,0.203
1789527948,329211770,205.586,robot_1,1.738,-1.808
1789527948,329257679,205.586,robot_0,-0.205,2.934
1789527948,575727133,205.832,robot_2,1.988,0.203
1789527948,575824214,205.832,robot_1,1.746,-1.812
1789527948,575886591,205.832,robot_0,-0.205,2.934
1789527948,783155285,206.040,robot_2,1.988,0.202
1789527948,783244290,206.040,robot_1,1.780,-1.826
1789527948,783296564,206.040,robot_0,-0.204,2.934
1789527949,23795140,206.280,robot_2,1.988,0.202
1789527949,23879463,206.280,robot_1,1.784,-1.828
1789527949,23926048,206.280,robot_0,-0.204,2.933
1789527949,233604774,206.490,robot_2,1.988,0.202
1789527949,233689917,206.490,robot_1,1.784,-1.828
1789527949,233732205,206.490,robot_0,-0.204,2.933
1789527949,449327257,206.706,robot_2,1.988,0.202
1789527949,449425350,206.706,robot_1,1.777,-1.820
1789527949,449470718,206.706,robot_0,-0.203,2.933
1789527949,650152623,206.907,robot_2,1.988,0.201
1789527949,650236281,206.907,robot_1,1.750,-1.791
1789527949,650276819,206.907,robot_0,-0.203,2.933
1789527949,864464881,207.121,robot_2,1.988,0.201
1789527949,868396218,207.125,robot_1,1.729,-1.764
1789527949,868495569,207.125,robot_0,-0.203,2.933
1789527950,64932267,207.321,robot_2,1.988,0.201
1789527950,65016180,207.322,robot_1,1.701,-1.730
1789527950,65066629,207.322,robot_0,-0.203,2.933
1789527950,291209896,207.548,robot_2,1.988,0.201
1789527950,291297236,207.548,robot_1,1.695,-1.723
1789527950,291345835,207.548,robot_0,-0.202,2.937
1789527950,504539722,207.761,robot_2,1.988,0.200
1789527950,504616248,207.761,robot_1,1.695,-1.723
1789527950,504653623,207.761,robot_0,-0.185,2.980
1789527950,711764390,207.968,robot_2,1.988,0.200
1789527950,711830978,207.968,robot_1,1.695,-1.723
1789527950,711876217,207.968,robot_0,-0.183,2.987
1789527950,924479719,208.181,robot_2,1.989,0.200
1789527950,924551137,208.181,robot_1,1.695,-1.724
1789527950,924594915,208.181,robot_0,-0.163,3.030
1789527951,131295986,208.388,robot_2,1.989,0.200
1789527951,131369196,208.388,robot_1,1.695,-1.724
1789527951,131410996,208.388,robot_0,-0.163,3.030
1789527951,345652768,208.602,robot_2,1.976,0.183
1789527951,345727528,208.602,robot_1,1.695,-1.724
1789527951,345765842,208.602,robot_0,-0.164,3.030
1789527951,577289191,208.834,robot_2,1.950,0.148
1789527951,577367080,208.834,robot_1,1.695,-1.725
1789527951,577406073,208.834,robot_0,-0.191,3.004
1789527951,787762009,209.044,robot_2,1.929,0.119
1789527951,787838731,209.044,robot_1,1.695,-1.725
1789527951,787889785,209.044,robot_0,-0.218,2.981
1789527952,6454000,209.263,robot_2,1.926,0.114
1789527952,6522606,209.263,robot_1,1.695,-1.725
1789527952,6559343,209.263,robot_0,-0.254,2.951
1789527952,219901736,209.476,robot_2,1.926,0.114
1789527952,219978284,209.476,robot_1,1.696,-1.726
1789527952,220018627,209.477,robot_0,-0.262,2.944
1789527952,424105662,209.681,robot_2,1.926,0.114
1789527952,424185889,209.681,robot_1,1.712,-1.702
1789527952,424226004,209.681,robot_0,-0.262,2.944
1789527952,641178942,209.898,robot_2,1.926,0.114
1789527952,641264386,209.898,robot_1,1.723,-1.686
1789527952,641313861,209.898,robot_0,-0.262,2.944
1789527952,843278603,210.100,robot_2,1.927,0.114
1789527952,843367827,210.100,robot_1,1.723,-1.686
1789527952,843416839,210.100,robot_0,-0.261,2.944
1789527953,55257151,210.312,robot_2,1.927,0.114
1789527953,55344953,210.312,robot_1,1.757,-1.643
1789527953,55394540,210.312,robot_0,-0.261,2.944
1789527953,268163824,210.525,robot_2,1.927,0.115
1789527953,268246071,210.525,robot_1,1.783,-1.611
1789527953,268289307,210.525,robot_0,-0.260,2.944
1789527953,483724300,210.744,robot_2,1.928,0.115
1789527953,487423206,210.744,robot_1,1.783,-1.612
1789527953,487499964,210.744,robot_0,-0.260,2.944
1789527953,697564811,210.954,robot_2,1.928,0.115
1789527953,697640400,210.954,robot_1,1.784,-1.612
1789527953,697676148,210.954,robot_0,-0.259,2.944
1789527953,924674126,211.181,robot_2,1.928,0.116
1789527953,924744666,211.181,robot_1,1.784,-1.612
1789527953,924777516,211.181,robot_0,-0.259,2.945
1789527954,126470129,211.383,robot_2,1.956,0.110
1789527954,126543489,211.383,robot_1,1.784,-1.612
1789527954,126586939,211.383,robot_0,-0.243,2.935
1789527954,339831513,211.596,robot_2,1.984,0.105
1789527954,339924241,211.596,robot_1,1.785,-1.612
1789527954,339964590,211.603,robot_0,-0.215,2.919
1789527954,548865529,211.805,robot_2,1.985,0.104
1789527954,548940428,211.805,robot_1,1.785,-1.612
1789527954,548976845,211.805,robot_0,-0.186,2.901
1789527954,761822236,212.018,robot_2,1.985,0.105
1789527954,764952793,212.021,robot_1,1.785,-1.611
1789527954,765029653,212.022,robot_0,-0.184,2.901
1789527954,965198522,212.222,robot_2,1.985,0.105
1789527954,965283216,212.222,robot_1,1.785,-1.611
1789527954,965315847,212.222,robot_0,-0.216,2.915
1789527955,178007431,212.435,robot_2,1.985,0.105
1789527955,178084016,212.435,robot_1,1.786,-1.611
1789527955,178131217,212.435,robot_0,-0.238,2.924
1789527955,392650588,212.649,robot_2,1.985,0.105
1789527955,392721561,212.649,robot_1,1.786,-1.611
1789527955,392753081,212.649,robot_0,-0.272,2.936
1789527955,610929735,212.867,robot_2,1.984,0.106
1789527955,611015670,212.868,robot_1,1.786,-1.611
1789527955,611054386,212.868,robot_0,-0.283,2.940
1789527955,814139085,213.071,robot_2,1.984,0.106
1789527955,814202748,213.071,robot_1,1.786,-1.610
1789527955,814231225,213.071,robot_0,-0.283,2.940
1789527956,52208051,213.309,robot_2,1.984,0.106
1789527956,52286200,213.309,robot_1,1.786,-1.610
1789527956,52318615,213.309,robot_0,-0.283,2.940
1789527956,258427087,213.515,robot_2,1.984,0.106
1789527956,258502584,213.515,robot_1,1.786,-1.610
1789527956,258538938,213.515,robot_0,-0.283,2.941
1789527956,458780787,213.715,robot_2,1.983,0.106
1789527956,458875896,213.715,robot_1,1.786,-1.609
1789527956,458919594,213.715,robot_0,-0.283,2.941
1789527956,670432134,213.927,robot_2,1.983,0.106
1789527956,670514433,213.927,robot_1,1.786,-1.609
1789527956,670550218,213.927,robot_0,-0.284,2.942
1789527956,914082648,214.171,robot_2,1.983,0.106
1789527956,914163636,214.171,robot_1,1.785,-1.609
1789527956,914203399,214.171,robot_0,-0.284,2.942
1789527957,138468850,214.395,robot_2,1.982,0.106
1789527957,138600317,214.395,robot_1,1.785,-1.609
1789527957,138646731,214.395,robot_0,-0.284,2.942
1789527957,344402701,214.601,robot_2,1.982,0.106
1789527957,344484120,214.601,robot_1,1.751,-1.640
1789527957,344529435,214.601,robot_0,-0.285,2.942
1789527957,551997068,214.809,robot_2,1.982,0.106
1789527957,552079697,214.809,robot_1,1.719,-1.670
1789527957,552120210,214.809,robot_0,-0.285,2.942
1789527957,765294809,215.022,robot_2,1.982,0.105
1789527957,765365008,215.022,robot_1,1.733,-1.657
1789527957,765405367,215.022,robot_0,-0.286,2.942
1789527957,974080744,215.231,robot_2,1.982,0.105
1789527957,974155595,215.231,robot_1,1.762,-1.630
1789527957,974189162,215.231,robot_0,-0.286,2.942
1789527958,174217602,215.431,robot_2,1.982,0.105
1789527958,174289766,215.431,robot_1,1.785,-1.609
1789527958,174325557,215.431,robot_0,-0.287,2.942
1789527958,382746832,215.639,robot_2,1.981,0.105
1789527958,382833645,215.639,robot_1,1.788,-1.607
1789527958,382875913,215.639,robot_0,-0.287,2.942
1789527958,586012044,215.843,robot_2,1.981,0.104
1789527958,586090121,215.843,robot_1,1.788,-1.607
1789527958,586127334,215.843,robot_0,-0.287,2.942
1789527958,797382220,216.054,robot_2,1.981,0.104
1789527958,797455946,216.054,robot_1,1.760,-1.631
1789527958,797493959,216.054,robot_0,-0.288,2.941
1789527959,35652087,216.292,robot_2,1.986,0.105
1789527959,35764978,216.292,robot_1,1.731,-1.657
1789527959,35818727,216.292,robot_0,-0.288,2.941
1789527959,262853013,216.519,robot_2,2.017,0.113
1789527959,262939136,216.519,robot_1,1.709,-1.676
1789527959,262982908,216.519,robot_0,-0.288,2.941
1789527959,473147622,216.730,robot_2,2.018,0.113
1789527959,473231337,216.730,robot_1,1.729,-1.658
1789527959,473281436,216.730,robot_0,-0.285,2.939
1789527959,713295652,216.970,robot_2,2.020,0.114
1789527959,713388643,216.970,robot_1,1.731,-1.657
1789527959,713431617,216.970,robot_0,-0.232,2.925
1789527959,926303335,217.183,robot_2,2.056,0.131
1789527959,926395586,217.183,robot_1,1.731,-1.657
1789527959,926440528,217.183,robot_0,-0.210,2.920
1789527960,167373416,217.424,robot_2,2.079,0.142
1789527960,167465163,217.424,robot_1,1.732,-1.657
1789527960,167515628,217.424,robot_0,-0.210,2.919
1789527960,410954400,217.667,robot_2,2.133,0.169
1789527960,411043652,217.668,robot_1,1.731,-1.656
1789527960,411086146,217.668,robot_0,-0.203,2.919
1789527960,614662964,217.871,robot_2,2.141,0.173
1789527960,614749383,217.871,robot_1,1.731,-1.656
1789527960,614793486,217.871,robot_0,-0.165,2.926
1789527960,817023397,218.074,robot_2,2.145,0.176
1789527960,817105548,218.074,robot_1,1.731,-1.656
1789527960,817150655,218.074,robot_0,-0.158,2.927
1789527961,39564754,218.296,robot_2,2.172,0.199
1789527961,39641107,218.296,robot_1,1.731,-1.656
1789527961,39684771,218.296,robot_0,-0.129,2.940
1789527961,245180281,218.502,robot_2,2.176,0.203
1789527961,245269307,218.502,robot_1,1.730,-1.656
1789527961,245318824,218.502,robot_0,-0.115,2.947
1789527961,458507845,218.715,robot_2,2.177,0.203
1789527961,458591924,218.715,robot_1,1.730,-1.656
1789527961,458642130,218.715,robot_0,-0.095,2.959
1789527961,681430311,218.938,robot_2,2.177,0.202
1789527961,681518969,218.938,robot_1,1.730,-1.656
1789527961,681569753,218.938,robot_0,-0.091,2.961
1789527961,881863026,219.138,robot_2,2.177,0.202
1789527961,881940376,219.138,robot_1,1.729,-1.656
1789527961,881978141,219.138,robot_0,-0.052,2.976
1789527962,120899643,219.377,robot_2,2.178,0.202
1789527962,120978627,219.377,robot_1,1.729,-1.657
1789527962,121019420,219.390,robot_0,-0.036,2.982
1789527962,337085188,219.594,robot_2,2.178,0.202
1789527962,337170681,219.594,robot_1,1.729,-1.657
1789527962,337218928,219.594,robot_0,-0.027,2.986
1789527962,557837403,219.814,robot_2,2.178,0.203
1789527962,557908155,219.814,robot_1,1.729,-1.657
1789527962,557939579,219.814,robot_0,0.028,3.018
1789527962,770203798,220.027,robot_2,2.178,0.203
1789527962,770279606,220.027,robot_1,1.729,-1.657
1789527962,770323616,220.027,robot_0,0.057,3.036
1789527962,972932294,220.229,robot_2,2.179,0.203
1789527962,973020430,220.230,robot_1,1.729,-1.658
1789527962,973069622,220.230,robot_0,0.072,3.045
1789527963,182612360,220.439,robot_2,2.179,0.203
1789527963,182684434,220.439,robot_1,1.729,-1.658
1789527963,182718753,220.439,robot_0,0.074,3.046
1789527963,387497518,220.644,robot_2,2.179,0.203
1789527963,387579442,220.644,robot_1,1.729,-1.658
1789527963,387622786,220.644,robot_0,0.122,3.063
1789527963,613666522,220.870,robot_2,2.179,0.204
1789527963,613743146,220.870,robot_1,1.729,-1.659
1789527963,613782357,220.870,robot_0,0.147,3.071
1789527963,835315262,221.092,robot_2,2.179,0.204
1789527963,835401350,221.092,robot_1,1.729,-1.659
1789527963,835438897,221.092,robot_0,0.118,3.067
1789527964,38012617,221.295,robot_2,2.179,0.204
1789527964,38090042,221.295,robot_1,1.739,-1.654
1789527964,38130627,221.295,robot_0,0.095,3.064
1789527964,245696074,221.502,robot_2,2.179,0.204
1789527964,245769482,221.502,robot_1,1.788,-1.633
1789527964,245805123,221.502,robot_0,0.094,3.063
1789527964,451919099,221.708,robot_2,2.179,0.205
1789527964,451985140,221.708,robot_1,1.803,-1.626
1789527964,452017830,221.709,robot_0,0.055,3.054
1789527964,663148004,221.920,robot_2,2.179,0.205
1789527964,663228338,221.920,robot_1,1.803,-1.626
1789527964,663261975,221.920,robot_0,0.036,3.049
1789527964,902467326,222.159,robot_2,2.178,0.205
1789527964,902576697,222.159,robot_1,1.828,-1.623
1789527964,902619831,222.159,robot_0,0.053,3.053
1789527965,111906140,222.368,robot_2,2.128,0.160
1789527965,111983895,222.368,robot_1,1.833,-1.622
1789527965,112016666,222.369,robot_0,0.062,3.057
1789527965,325975550,222.582,robot_2,2.086,0.122
1789527965,326054760,222.583,robot_1,1.836,-1.621
1789527965,326088794,222.583,robot_0,0.113,3.080
1789527965,529164364,222.786,robot_2,2.053,0.093
1789527965,529235499,222.786,robot_1,1.878,-1.616
1789527965,529269725,222.786,robot_0,0.125,3.086
1789527965,731127222,222.988,robot_2,2.023,0.066
1789527965,731209129,222.988,robot_1,1.900,-1.612
1789527965,731254230,222.988,robot_0,0.088,3.067
1789527965,945818305,223.202,robot_2,1.997,0.046
1789527965,948519753,223.205,robot_1,1.916,-1.610
1789527965,948599871,223.205,robot_0,0.066,3.056
1789527966,148900268,223.409,robot_2,1.981,0.033
1789527966,157464388,223.414,robot_1,1.936,-1.609
1789527966,157562095,223.414,robot_0,0.058,3.052
1789527966,379134888,223.636,robot_2,2.004,0.049
1789527966,379221948,223.636,robot_1,1.936,-1.608
1789527966,379267640,223.636,robot_0,0.058,3.052
1789527966,583720025,223.840,robot_2,1.991,0.041
1789527966,583808671,223.840,robot_1,1.936,-1.608
1789527966,583847544,223.840,robot_0,0.058,3.053
1789527966,800870465,224.057,robot_2,1.991,0.040
1789527966,800959458,224.057,robot_1,1.936,-1.608
1789527966,800996479,224.057,robot_0,0.058,3.053
1789527967,3882195,224.260,robot_2,2.007,0.051
1789527967,3971621,224.260,robot_1,1.936,-1.608
1789527967,4014947,224.264,robot_0,0.058,3.054
1789527967,216880841,224.473,robot_2,2.031,0.066
1789527967,216957537,224.473,robot_1,1.936,-1.608
1789527967,216995092,224.473,robot_0,0.058,3.054
1789527967,453148452,224.710,robot_2,2.033,0.067
1789527967,453224302,224.710,robot_1,1.936,-1.608
1789527967,453264463,224.710,robot_0,0.058,3.055
1789527967,659749202,224.916,robot_2,2.033,0.067
1789527967,659829907,224.916,robot_1,1.936,-1.608
1789527967,659872903,224.916,robot_0,0.059,3.055
1789527967,864911554,225.121,robot_2,2.033,0.067
1789527967,864989884,225.121,robot_1,1.936,-1.609
1789527967,865030033,225.122,robot_0,0.059,3.056
1789527968,69763131,225.326,robot_2,2.032,0.068
1789527968,69842167,225.326,robot_1,1.937,-1.609
1789527968,69889739,225.326,robot_0,0.060,3.056
1789527968,287373032,225.544,robot_2,2.032,0.068
1789527968,287460761,225.544,robot_1,1.937,-1.609
1789527968,287502502,225.544,robot_0,0.060,3.056
1789527968,491970613,225.748,robot_2,2.032,0.068
1789527968,492055221,225.749,robot_1,1.937,-1.609
1789527968,492096073,225.749,robot_0,0.060,3.056
1789527968,709280906,225.966,robot_2,2.032,0.068
1789527968,709355402,225.966,robot_1,1.937,-1.610
1789527968,709388789,225.966,robot_0,0.060,3.056
1789527968,920642455,226.177,robot_2,2.031,0.068
1789527968,920719536,226.177,robot_1,1.937,-1.610
1789527968,920756292,226.177,robot_0,0.059,3.056
1789527969,140793563,226.397,robot_2,2.031,0.067
1789527969,140887402,226.397,robot_1,1.938,-1.610
1789527969,140925056,226.397,robot_0,0.059,3.055
1789527969,364149812,226.623,robot_2,2.031,0.067
1789527969,366089321,226.623,robot_1,1.938,-1.610
1789527969,366129305,226.623,robot_0,0.059,3.055
1789527969,578953986,226.835,robot_2,2.030,0.067
1789527969,579032840,226.836,robot_1,1.938,-1.610
1789527969,579072833,226.836,robot_0,0.059,3.054
1789527969,812149560,227.069,robot_2,2.030,0.067
1789527969,812218688,227.069,robot_1,1.939,-1.610
1789527969,812248985,227.069,robot_0,0.058,3.054
1789527970,13672601,227.270,robot_2,2.030,0.066
1789527970,13751415,227.270,robot_1,1.939,-1.609
1789527970,13795000,227.270,robot_0,0.059,3.053
1789527970,231368147,227.488,robot_2,2.030,0.066
1789527970,231466704,227.488,robot_1,1.939,-1.609
1789527970,231512866,227.488,robot_0,0.059,3.053
1789527970,437555473,227.694,robot_2,2.030,0.066
1789527970,437639925,227.694,robot_1,1.928,-1.598
1789527970,437682558,227.694,robot_0,0.059,3.052
1789527970,658168051,227.915,robot_2,2.030,0.066
1789527970,658239676,227.915,robot_1,1.877,-1.551
1789527970,658272613,227.915,robot_0,0.059,3.052
1789527970,879082430,228.136,robot_2,2.030,0.065
1789527970,894319756,228.151,robot_1,1.865,-1.540
1789527970,894415408,228.151,robot_0,0.059,3.052
1789527971,90925430,228.347,robot_2,2.016,0.057
1789527971,91001771,228.347,robot_1,1.865,-1.540
1789527971,91044164,228.348,robot_0,0.060,3.051
1789527971,315683781,228.572,robot_2,1.984,0.040
1789527971,315761056,228.572,robot_1,1.878,-1.550
1789527971,315803620,228.572,robot_0,0.060,3.051
1789527971,520717885,228.777,robot_2,1.945,0.019
1789527971,520794900,228.777,robot_1,1.888,-1.559
1789527971,520835197,228.777,robot_0,0.061,3.051
1789527971,720864705,228.977,robot_2,1.932,0.012
1789527971,724909395,228.981,robot_1,1.886,-1.558
1789527971,724992476,228.981,robot_0,0.061,3.051
1789527971,935592756,229.192,robot_2,1.932,0.012
1789527971,935664882,229.192,robot_1,1.836,-1.525
1789527971,935696891,229.192,robot_0,0.062,3.073
1789527972,176284043,229.433,robot_2,1.931,0.013
1789527972,176356141,229.433,robot_1,1.863,-1.543
1789527972,176389556,229.433,robot_0,0.062,3.117
1789527972,407390977,229.664,robot_2,1.932,0.013
1789527972,407476639,229.664,robot_1,1.866,-1.544
1789527972,407515535,229.664,robot_0,0.063,3.126
1789527972,617050458,229.874,robot_2,1.932,0.014
1789527972,617133402,229.874,robot_1,1.874,-1.549
1789527972,617176424,229.874,robot_0,0.070,3.190
1789527972,828383499,230.085,robot_2,1.932,0.014
1789527972,828462506,230.085,robot_1,1.902,-1.565
1789527972,828505744,230.085,robot_0,0.078,3.246
1789527973,50926995,230.307,robot_2,1.932,0.014
1789527973,51003429,230.307,robot_1,1.891,-1.559
1789527973,51037526,230.308,robot_0,0.082,3.284
1789527973,258160841,230.515,robot_2,1.932,0.015
1789527973,258233419,230.515,robot_1,1.855,-1.542
1789527973,258265761,230.515,robot_0,0.082,3.284
1789527973,474376457,230.731,robot_2,1.933,0.015
1789527973,474459793,230.731,robot_1,1.822,-1.524
1789527973,474495835,230.731,robot_0,0.083,3.286
1789527973,696233335,230.953,robot_2,1.933,0.014
1789527973,696315410,230.953,robot_1,1.835,-1.536
1789527973,696354918,230.953,robot_0,0.081,3.348
1789527973,915888620,231.172,robot_2,1.937,-0.015
1789527973,915965463,231.172,robot_1,1.845,-1.545
1789527973,916000309,231.182,robot_0,0.081,3.371
1789527974,120381167,231.377,robot_2,1.935,0.012
1789527974,120455197,231.377,robot_1,1.806,-1.511
1789527974,120490736,231.377,robot_0,0.080,3.371
1789527974,322639839,231.579,robot_2,1.933,0.047
1789527974,322715455,231.579,robot_1,1.805,-1.509
1789527974,322758947,231.579,robot_0,0.080,3.371
1789527974,523917908,231.780,robot_2,1.933,0.050
1789527974,523992730,231.780,robot_1,1.805,-1.509
1789527974,524031545,231.781,robot_0,0.079,3.372
1789527974,756169026,232.013,robot_2,1.927,0.091
1789527974,756244814,232.013,robot_1,1.805,-1.509
1789527974,756284676,232.013,robot_0,0.079,3.372
1789527974,977805914,232.234,robot_2,1.923,0.113
1789527974,977885942,232.234,robot_1,1.805,-1.509
1789527974,977924306,232.234,robot_0,0.079,3.372
1789527975,192584177,232.449,robot_2,1.919,0.134
1789527975,192660418,232.449,robot_1,1.805,-1.508
1789527975,192693349,232.449,robot_0,0.080,3.372
1789527975,410974729,232.667,robot_2,1.925,0.112
1789527975,411058953,232.668,robot_1,1.805,-1.508
1789527975,411105346,232.668,robot_0,0.080,3.372
1789527975,611634278,232.868,robot_2,1.929,0.095
1789527975,611704095,232.868,robot_1,1.805,-1.508
1789527975,611743371,232.868,robot_0,0.081,3.372
1789527975,812380971,233.069,robot_2,1.937,0.066
1789527975,812450055,233.069,robot_1,1.805,-1.508
1789527975,812488714,233.069,robot_0,0.081,3.372
1789527976,34592904,233.291,robot_2,1.946,0.027
1789527976,34672964,233.291,robot_1,1.805,-1.507
1789527976,34711941,233.291,robot_0,0.082,3.372
1789527976,235326104,233.492,robot_2,1.956,-0.018
1789527976,235404412,233.492,robot_1,1.805,-1.507
1789527976,235444258,233.492,robot_0,0.082,3.372
1789527976,435568011,233.692,robot_2,1.970,-0.077
1789527976,435652770,233.692,robot_1,1.804,-1.507
1789527976,435692946,233.692,robot_0,0.082,3.373
1789527976,645446589,233.902,robot_2,1.976,-0.102
1789527976,651062951,233.908,robot_1,1.804,-1.507
1789527976,651160331,233.908,robot_0,0.083,3.373
1789527976,872594199,234.129,robot_2,1.975,-0.102
1789527976,872687497,234.129,robot_1,1.804,-1.507
1789527976,872731870,234.129,robot_0,0.083,3.374
1789527977,73704420,234.330,robot_2,1.975,-0.102
1789527977,73791845,234.330,robot_1,1.803,-1.507
1789527977,73836489,234.330,robot_0,0.083,3.374
1789527977,289144814,234.546,robot_2,1.975,-0.103
1789527977,289243615,234.546,robot_1,1.803,-1.507
1789527977,289279321,234.546,robot_0,0.083,3.374
1789527977,492809265,234.749,robot_2,1.975,-0.103
1789527977,492900699,234.749,robot_1,1.803,-1.507
1789527977,492946780,234.749,robot_0,0.083,3.375
1789527977,710535014,234.967,robot_2,1.975,-0.103
1789527977,710630699,234.967,robot_1,1.802,-1.507
1789527977,710685669,234.967,robot_0,0.082,3.375
1789527977,915732342,235.172,robot_2,1.975,-0.103
1789527977,916941749,235.173,robot_1,1.802,-1.507
1789527977,917017287,235.174,robot_0,0.082,3.376
1789527978,136979537,235.393,robot_2,1.975,-0.104
1789527978,137057412,235.394,robot_1,1.807,-1.511
1789527978,137092869,235.394,robot_0,0.091,3.383
1789527978,351507292,235.608,robot_2,1.975,-0.104
1789527978,351586102,235.608,robot_1,1.835,-1.530
1789527978,351621702,235.608,robot_0,0.115,3.401
1789527978,566698501,235.823,robot_2,1.975,-0.104
1789527978,566777676,235.823,robot_1,1.810,-1.517
1789527978,566823742,235.823,robot_0,0.117,3.403
1789527978,785437574,236.042,robot_2,1.975,-0.104
1789527978,785511866,236.042,robot_1,1.778,-1.499
1789527978,785551086,236.042,robot_0,0.104,3.390
1789527978,987760684,236.244,robot_2,1.975,-0.105
1789527978,987832447,236.244,robot_1,1.793,-1.507
1789527978,987883700,236.244,robot_0,0.079,3.359
1789527979,212036406,236.469,robot_2,1.975,-0.105
1789527979,212108238,236.469,robot_1,1.799,-1.510
1789527979,212142176,236.469,robot_0,0.053,3.326
1789527979,412376078,236.669,robot_2,1.975,-0.105
1789527979,412451904,236.669,robot_1,1.837,-1.532
1789527979,412494495,236.669,robot_0,0.045,3.318
1789527979,615279987,236.872,robot_2,1.976,-0.105
1789527979,615361198,236.872,robot_1,1.858,-1.543
1789527979,615400390,236.872,robot_0,0.045,3.318
1789527979,830282675,237.087,robot_2,1.976,-0.105
1789527979,830364483,237.087,robot_1,1.828,-1.525
1789527979,830424710,237.087,robot_0,0.045,3.318
1789527980,33282152,237.290,robot_2,1.976,-0.105
1789527980,33353175,237.290,robot_1,1.796,-1.506
1789527980,33387028,237.290,robot_0,0.018,3.287
1789527980,234717240,237.491,robot_2,1.976,-0.105
1789527980,234796978,237.491,robot_1,1.802,-1.509
1789527980,234839898,237.491,robot_0,-0.015,3.250
1789527980,450265370,237.707,robot_2,1.977,-0.105
1789527980,450344030,237.707,robot_1,1.838,-1.531
1789527980,450380603,237.707,robot_0,-0.038,3.226
1789527980,661340270,237.918,robot_2,1.969,-0.057
1789527980,661442811,237.918,robot_1,1.840,-1.532
1789527980,661485154,237.918,robot_0,-0.039,3.225
1789527980,859849159,238.116,robot_2,1.960,-0.008
1789527980,859928643,238.116,robot_1,1.812,-1.511
1789527980,859957938,238.116,robot_0,-0.008,3.252
1789527981,72897990,238.329,robot_2,1.963,-0.024
1789527981,72994618,238.329,robot_1,1.798,-1.501
1789527981,73035761,238.331,robot_0,0.004,3.263
1789527981,283821040,238.540,robot_2,1.968,-0.063
1789527981,283904411,238.540,robot_1,1.834,-1.528
1789527981,283939547,238.540,robot_0,0.040,3.296
1789527981,499355859,238.756,robot_2,1.968,-0.063
1789527981,499436266,238.756,robot_1,1.823,-1.520
1789527981,499481956,238.756,robot_0,0.047,3.303
1789527981,703643165,238.960,robot_2,1.973,-0.098
1789527981,703728297,238.960,robot_1,1.804,-1.506
1789527981,703772941,238.960,robot_0,0.026,3.283
1789527981,928092278,239.185,robot_2,1.975,-0.115
1789527981,928168470,239.185,robot_1,1.804,-1.506
1789527981,928214547,239.185,robot_0,0.026,3.283
1789527982,138626000,239.395,robot_2,1.975,-0.115
1789527982,138702444,239.395,robot_1,1.768,-1.483
1789527982,138745867,239.395,robot_0,0.025,3.283
1789527982,347657706,239.604,robot_2,1.968,-0.087
1789527982,347740415,239.604,robot_1,1.732,-1.461
1789527982,347774769,239.604,robot_0,0.025,3.284
1789527982,548880904,239.805,robot_2,1.961,-0.063
1789527982,548961092,239.805,robot_1,1.725,-1.456
1789527982,548999411,239.805,robot_0,0.024,3.284
1789527982,768751823,240.025,robot_2,1.961,-0.063
1789527982,768834725,240.025,robot_1,1.725,-1.456
1789527982,768885127,240.025,robot_0,0.024,3.284
1789527982,969920504,240.226,robot_2,1.949,-0.030
1789527982,970001960,240.226,robot_1,1.724,-1.457
1789527982,970036756,240.227,robot_0,0.024,3.284
1789527983,181933589,240.438,robot_2,1.935,0.007
1789527983,182035127,240.439,robot_1,1.724,-1.457
1789527983,182073693,240.439,robot_0,0.023,3.284
1789527983,376320913,240.633,robot_2,1.914,0.059
1789527983,376399001,240.633,robot_1,1.724,-1.457
1789527983,376434017,240.633,robot_0,0.023,3.283
1789527983,583346249,240.840,robot_2,1.913,0.062
1789527983,583428673,240.840,robot_1,1.725,-1.457
1789527983,583467064,240.840,robot_0,0.022,3.283
1789527983,802597628,241.059,robot_2,1.924,0.034
1789527983,802678250,241.059,robot_1,1.725,-1.458
1789527983,802715324,241.059,robot_0,0.022,3.283
1789527984,12851009,241.269,robot_2,1.940,-0.005
1789527984,12927026,241.269,robot_1,1.725,-1.458
1789527984,12962240,241.269,robot_0,0.022,3.282
1789527984,217346808,241.474,robot_2,1.930,0.018
1789527984,217428458,241.474,robot_1,1.725,-1.458
1789527984,217473731,241.474,robot_0,0.022,3.282
1789527984,419217869,241.676,robot_2,1.921,0.041
1789527984,419296346,241.676,robot_1,1.725,-1.458
1789527984,419332310,241.676,robot_0,0.022,3.282
1789527984,627984333,241.884,robot_2,1.932,0.013
1789527984,628062740,241.885,robot_1,1.725,-1.458
1789527984,628096707,241.885,robot_0,0.021,3.281
1789527984,838910097,242.095,robot_2,1.933,0.012
1789527984,839000799,242.095,robot_1,1.726,-1.459
1789527984,839044780,242.096,robot_0,0.021,3.281
1789527985,44895760,242.305,robot_2,1.933,0.011
1789527985,48993528,242.306,robot_1,1.726,-1.459
1789527985,49065738,242.306,robot_0,0.022,3.280
1789527985,246689557,242.503,robot_2,1.933,0.012
1789527985,250760688,242.507,robot_1,1.726,-1.459
1789527985,250842895,242.507,robot_0,0.022,3.280
1789527985,469228127,242.726,robot_2,1.933,0.012
1789527985,469319295,242.726,robot_1,1.727,-1.459
1789527985,469355354,242.726,robot_0,0.022,3.280
1789527985,670076811,242.927,robot_2,1.933,0.012
1789527985,670157902,242.927,robot_1,1.727,-1.458
1789527985,670196328,242.927,robot_0,0.020,3.277
1789527985,900690567,243.157,robot_2,1.933,0.012
1789527985,900767732,243.157,robot_1,1.727,-1.458
1789527985,900829093,243.157,robot_0,-0.007,3.249
1789527986,108270633,243.365,robot_2,1.934,0.012
1789527986,108357728,243.365,robot_1,1.727,-1.458
1789527986,108401639,243.365,robot_0,-0.033,3.222
1789527986,310649496,243.567,robot_2,1.934,0.013
1789527986,310725353,243.567,robot_1,1.727,-1.458
1789527986,310764338,243.567,robot_0,-0.056,3.197
1789527986,518300423,243.775,robot_2,1.934,0.013
1789527986,518382966,243.775,robot_1,1.709,-1.445
1789527986,518421874,243.775,robot_0,-0.056,3.197
1789527986,730160189,243.987,robot_2,1.934,0.013
1789527986,730242337,243.987,robot_1,1.678,-1.427
1789527986,730282798,243.987,robot_0,-0.056,3.197
1789527986,932806846,244.189,robot_2,1.934,0.013
1789527986,935383482,244.192,robot_1,1.652,-1.412
1789527986,935464117,244.192,robot_0,-0.056,3.197
1789527987,133837333,244.390,robot_2,1.933,0.014
1789527987,133924560,244.390,robot_1,1.589,-1.373
1789527987,133965701,244.390,robot_0,-0.055,3.197
1789527987,338248560,244.595,robot_2,1.933,0.014
1789527987,338330425,244.595,robot_1,1.549,-1.347
1789527987,338364923,244.595,robot_0,-0.054,3.197
1789527987,562148482,244.819,robot_2,1.933,0.014
1789527987,562222861,244.819,robot_1,1.547,-1.346
1789527987,562256098,244.819,robot_0,-0.054,3.197
1789527987,781182716,245.038,robot_2,1.933,0.014
1789527987,781259577,245.038,robot_1,1.511,-1.323
1789527987,781296072,245.038,robot_0,-0.053,3.197
1789527987,998675428,245.255,robot_2,1.933,0.015
1789527987,998768890,245.255,robot_1,1.490,-1.308
1789527987,998805928,245.255,robot_0,-0.053,3.198
1789527988,202038189,245.459,robot_2,1.932,0.015
1789527988,202116510,245.459,robot_1,1.490,-1.308
1789527988,202155436,245.459,robot_0,-0.053,3.198
1789527988,417515107,245.674,robot_2,1.932,0.015
1789527988,417600357,245.674,robot_1,1.471,-1.285
1789527988,417645011,245.674,robot_0,-0.052,3.198
1789527988,640020203,245.897,robot_2,1.932,0.015
1789527988,640108495,245.897,robot_1,1.455,-1.264
1789527988,640153238,245.897,robot_0,-0.052,3.199
1789527988,857096117,246.114,robot_2,1.932,0.015
1789527988,857177894,246.114,robot_1,1.439,-1.229
1789527988,857209935,246.114,robot_0,-0.052,3.199
1789527989,61242434,246.318,robot_2,1.933,-0.004
1789527989,61323226,246.318,robot_1,1.426,-1.196
1789527989,61359339,246.318,robot_0,-0.052,3.199
1789527989,264640584,246.521,robot_2,1.937,-0.046
1789527989,264724721,246.521,robot_1,1.419,-1.176
1789527989,264770124,246.521,robot_0,-0.052,3.200
1789527989,484932786,246.741,robot_2,1.939,-0.072
1789527989,485018601,246.742,robot_1,1.397,-1.121
1789527989,485058992,246.742,robot_0,-0.052,3.200
1789527989,690868332,246.947,robot_2,1.938,-0.053
1789527989,690948080,246.947,robot_1,1.393,-1.110
1789527989,690982359,246.947,robot_0,-0.052,3.201
1789527989,902957280,247.159,robot_2,1.937,-0.049
1789527989,903033498,247.160,robot_1,1.393,-1.110
1789527989,903070327,247.160,robot_0,-0.053,3.201
1789527990,116734811,247.373,robot_2,1.931,-0.019
1789527990,116827898,247.373,robot_1,1.393,-1.111
1789527990,116881337,247.373,robot_0,-0.053,3.201
1789527990,326045225,247.583,robot_2,1.922,0.030
1789527990,326116579,247.583,robot_1,1.411,-1.155
1789527990,326147286,247.583,robot_0,-0.053,3.202
1789527990,538427312,247.795,robot_2,1.914,0.069
1789527990,538500728,247.795,robot_1,1.426,-1.192
1789527990,538531482,247.795,robot_0,-0.054,3.202
1789527990,756304506,248.013,robot_2,1.913,0.076
1789527990,756393499,248.013,robot_1,1.441,-1.229
1789527990,756427961,248.013,robot_0,-0.054,3.202
1789527990,968708845,248.225,robot_2,1.927,0.013
1789527990,968793707,248.225,robot_1,1.443,-1.234
1789527990,968835373,248.225,robot_0,-0.055,3.202
1789527991,171780804,248.428,robot_2,1.937,-0.037
1789527991,171853916,248.428,robot_1,1.443,-1.234
1789527991,171895203,248.428,robot_0,-0.055,3.202
1789527991,377404816,248.634,robot_2,1.949,-0.090
1789527991,377477242,248.634,robot_1,1.443,-1.234
1789527991,377511183,248.634,robot_0,-0.056,3.202
1789527991,594507170,248.851,robot_2,1.959,-0.134
1789527991,594582217,248.855,robot_1,1.444,-1.234
1789527991,598191364,248.855,robot_0,-0.056,3.202
1789527991,803891228,249.060,robot_2,1.959,-0.138
1789527991,810181753,249.067,robot_1,1.444,-1.233
1789527991,810254330,249.067,robot_0,-0.056,3.201
1789527992,16552186,249.273,robot_2,1.960,-0.138
1789527992,16623339,249.273,robot_1,1.444,-1.233
1789527992,16663492,249.273,robot_0,-0.057,3.201
1789527992,233679982,249.490,robot_2,1.958,-0.165
1789527992,233758207,249.490,robot_1,1.444,-1.233
1789527992,233791450,249.490,robot_0,-0.057,3.201
1789527992,441213764,249.698,robot_2,1.955,-0.191
1789527992,441288422,249.698,robot_1,1.444,-1.232
1789527992,441325536,249.698,robot_0,-0.057,3.201
1789527992,664374402,249.921,robot_2,1.946,-0.226
1789527992,664450117,249.921,robot_1,1.443,-1.232
1789527992,664488446,249.921,robot_0,-0.057,3.200
1789527992,866154611,250.123,robot_2,1.929,-0.274
1789527992,866253867,250.123,robot_1,1.444,-1.231
1789527992,866293751,250.123,robot_0,-0.022,3.191
1789527993,67127260,250.324,robot_2,1.912,-0.324
1789527993,67199004,250.324,robot_1,1.471,-1.208
1789527993,67231049,250.324,robot_0,-0.032,3.192
1789527993,276777368,250.533,robot_2,1.903,-0.349
1789527993,276835030,250.533,robot_1,1.490,-1.192
1789527993,276868842,250.533,robot_0,-0.048,3.194
1789527993,480433719,250.737,robot_2,1.903,-0.350
1789527993,483754491,250.740,robot_1,1.461,-1.214
1789527993,483828075,250.740,robot_0,-0.014,3.188
1789527993,690536424,250.947,robot_2,1.903,-0.350
1789527993,690614428,250.947,robot_1,1.425,-1.236
1789527993,690653361,250.947,robot_0,-0.006,3.185
1789527993,914728971,251.171,robot_2,1.903,-0.349
1789527993,914796494,251.171,robot_1,1.408,-1.243
1789527993,914826170,251.171,robot_0,0.028,3.164
1789527994,125972124,251.382,robot_2,1.903,-0.350
1789527994,126070077,251.383,robot_1,1.380,-1.247
1789527994,126107430,251.383,robot_0,0.063,3.141
1789527994,337840342,251.594,robot_2,1.902,-0.350
1789527994,337941925,251.594,robot_1,1.357,-1.250
1789527994,337992606,251.594,robot_0,0.069,3.137
1789527994,551411076,251.808,robot_2,1.902,-0.350
1789527994,551482127,251.808,robot_1,1.357,-1.250
1789527994,551524079,251.808,robot_0,0.069,3.137
1789527994,770388100,252.027,robot_2,1.902,-0.350
1789527994,770472366,252.027,robot_1,1.357,-1.250
1789527994,770523743,252.027,robot_0,0.070,3.136
1789527994,973769792,252.230,robot_2,1.902,-0.350
1789527994,973851339,252.237,robot_1,1.326,-1.242
1789527994,981026502,252.238,robot_0,0.104,3.131
1789527995,190025426,252.447,robot_2,1.901,-0.350
1789527995,190699960,252.447,robot_1,1.280,-1.227
1789527995,190776144,252.447,robot_0,0.134,3.127
1789527995,397284580,252.654,robot_2,1.901,-0.351
1789527995,397353123,252.654,robot_1,1.240,-1.212
1789527995,397391648,252.654,robot_0,0.099,3.129
1789527995,601558257,252.858,robot_2,1.901,-0.351
1789527995,601630550,252.858,robot_1,1.210,-1.201
1789527995,601669552,252.858,robot_0,0.094,3.129
1789527995,820939585,253.077,robot_2,1.901,-0.351
1789527995,821072616,253.078,robot_1,1.188,-1.193
1789527995,821132893,253.078,robot_0,0.051,3.130
1789527996,31308194,253.288,robot_2,1.901,-0.351
1789527996,31410309,253.288,robot_1,1.188,-1.193
1789527996,31463572,253.288,robot_0,0.015,3.130
1789527996,232731910,253.489,robot_2,1.901,-0.352
1789527996,232815053,253.489,robot_1,1.188,-1.193
1789527996,233896124,253.490,robot_0,-0.013,3.130
1789527996,442467262,253.699,robot_2,1.901,-0.352
1789527996,442547024,253.699,robot_1,1.188,-1.193
1789527996,442591835,253.699,robot_0,-0.013,3.130
1789527996,668070441,253.925,robot_2,1.902,-0.352
1789527996,668157416,253.925,robot_1,1.188,-1.192
1789527996,668200471,253.925,robot_0,-0.013,3.130
1789527996,871853601,254.128,robot_2,1.902,-0.352
1789527996,871948875,254.128,robot_1,1.188,-1.192
1789527996,872000443,254.128,robot_0,0.006,3.130
1789527997,75573098,254.332,robot_2,1.902,-0.353
1789527997,77957194,254.334,robot_1,1.188,-1.192
1789527997,78035484,254.335,robot_0,0.057,3.130
1789527997,289499823,254.546,robot_2,1.902,-0.352
1789527997,289574193,254.546,robot_1,1.188,-1.192
1789527997,289611007,254.546,robot_0,0.117,3.130
1789527997,510042554,254.767,robot_2,1.929,-0.317
1789527997,510123951,254.767,robot_1,1.188,-1.191
1789527997,510170067,254.767,robot_0,0.140,3.131
1789527997,749367168,255.006,robot_2,1.938,-0.306
1789527997,749462671,255.006,robot_1,1.187,-1.191
1789527997,749510882,255.006,robot_0,0.146,3.131
1789527997,960375117,255.217,robot_2,1.964,-0.276
1789527997,960473982,255.217,robot_1,1.187,-1.191
1789527997,960521424,255.217,robot_0,0.170,3.131
1789527998,169485605,255.426,robot_2,1.971,-0.267
1789527998,169559109,255.426,robot_1,1.187,-1.191
1789527998,169594680,255.426,robot_0,0.138,3.131
1789527998,388595769,255.645,robot_2,1.944,-0.294
1789527998,388667312,255.645,robot_1,1.186,-1.191
1789527998,388708155,255.645,robot_0,0.135,3.131
1789527998,589044715,255.846,robot_2,1.915,-0.323
1789527998,589128080,255.846,robot_1,1.186,-1.191
1789527998,589175117,255.846,robot_0,0.135,3.130
1789527998,812714135,256.069,robot_2,1.890,-0.348
1789527998,812788025,256.069,robot_1,1.186,-1.191
1789527998,812824907,256.069,robot_0,0.135,3.130
1789527999,13256097,256.270,robot_2,1.873,-0.364
1789527999,13317766,256.270,robot_1,1.186,-1.192
1789527999,13354176,256.270,robot_0,0.136,3.129
1789527999,226450369,256.483,robot_2,1.873,-0.364
1789527999,226523033,256.483,robot_1,1.185,-1.192
1789527999,226569558,256.483,robot_0,0.136,3.129
1789527999,445229051,256.702,robot_2,1.874,-0.364
1789527999,445356608,256.702,robot_1,1.185,-1.192
1789527999,445399557,256.702,robot_0,0.136,3.129
1789527999,660967461,256.917,robot_2,1.874,-0.364
1789527999,661038282,256.918,robot_1,1.226,-1.220
1789527999,661080911,256.918,robot_0,0.137,3.129
1789527999,873225282,257.130,robot_2,1.874,-0.364
1789527999,873297912,257.130,robot_1,1.235,-1.227
1789527999,873339312,257.130,robot_0,0.137,3.128
1789528000,91400255,257.348,robot_2,1.875,-0.364
1789528000,91474365,257.348,robot_1,1.222,-1.218
1789528000,99272050,257.356,robot_0,0.138,3.128
1789528000,305567574,257.562,robot_2,1.875,-0.364
1789528000,305641728,257.562,robot_1,1.267,-1.249
1789528000,305681509,257.562,robot_0,0.138,3.128
1789528000,514238659,257.771,robot_2,1.875,-0.364
1789528000,514318567,257.771,robot_1,1.319,-1.285
1789528000,514371582,257.771,robot_0,0.139,3.129
1789528000,719592840,257.976,robot_2,1.876,-0.364
1789528000,719670467,257.976,robot_1,1.334,-1.295
1789528000,719720558,257.976,robot_0,0.139,3.129
1789528000,952170164,258.209,robot_2,1.876,-0.364
1789528000,952242136,258.209,robot_1,1.316,-1.283
1789528000,952284887,258.209,robot_0,0.139,3.129
1789528001,167238946,258.424,robot_2,1.876,-0.363
1789528001,167328823,258.424,robot_1,1.287,-1.263
1789528001,167369951,258.424,robot_0,0.140,3.129
1789528001,363636856,258.620,robot_2,1.853,-0.356
1789528001,363719282,258.620,robot_1,1.270,-1.251
1789528001,363763743,258.620,robot_0,0.140,3.130
1789528001,571578435,258.828,robot_2,1.799,-0.345
1789528001,571663238,258.828,robot_1,1.270,-1.251
1789528001,571712053,258.828,robot_0,0.140,3.130
1789528001,803313994,259.060,robot_2,1.734,-0.333
1789528001,803396749,259.060,robot_1,1.271,-1.251
1789528001,803434515,259.060,robot_0,0.140,3.131
1789528002,21671641,259.278,robot_2,1.717,-0.330
1789528002,21754606,259.278,robot_1,1.291,-1.282
1789528002,21802134,259.278,robot_0,0.140,3.131
1789528002,245274125,259.502,robot_2,1.717,-0.330
1789528002,245354580,259.502,robot_1,1.303,-1.303
1789528002,245391702,259.502,robot_0,0.140,3.131
1789528002,448640754,259.705,robot_2,1.717,-0.329
1789528002,448715458,259.705,robot_1,1.317,-1.332
1789528002,448754419,259.705,robot_0,0.140,3.132
1789528002,678567217,259.935,robot_2,1.717,-0.329
1789528002,678642102,259.935,robot_1,1.343,-1.386
1789528002,678677894,259.935,robot_0,0.176,3.138
1789528002,899694546,260.156,robot_2,1.717,-0.329
1789528002,899768522,260.156,robot_1,1.362,-1.428
1789528002,899807229,260.156,robot_0,0.187,3.141
1789528003,114078042,260.371,robot_2,1.717,-0.329
1789528003,114150200,260.371,robot_1,1.375,-1.457
1789528003,114181415,260.371,robot_0,0.149,3.133
1789528003,415652310,260.672,robot_2,1.717,-0.328
1789528003,415724344,260.672,robot_1,1.390,-1.488
1789528003,415753472,260.672,robot_0,0.122,3.127
1789528003,636763577,260.893,robot_2,1.716,-0.328
1789528003,636840795,260.893,robot_1,1.390,-1.488
1789528003,636883877,260.893,robot_0,0.152,3.138
1789528003,846910387,261.103,robot_2,1.716,-0.328
1789528003,847003062,261.103,robot_1,1.390,-1.489
1789528003,847038049,261.104,robot_0,0.147,3.136
1789528004,56917223,261.313,robot_2,1.716,-0.328
1789528004,56991315,261.313,robot_1,1.390,-1.489
1789528004,57018496,261.314,robot_0,0.127,3.127
1789528004,272598778,261.529,robot_2,1.715,-0.328
1789528004,272674483,261.529,robot_1,1.390,-1.489
1789528004,272710410,261.529,robot_0,0.099,3.114
1789528004,475218939,261.732,robot_2,1.715,-0.328
1789528004,475286414,261.732,robot_1,1.390,-1.489
1789528004,475320113,261.732,robot_0,0.120,3.123
1789528004,682687647,261.939,robot_2,1.715,-0.328
1789528004,682764823,261.939,robot_1,1.390,-1.490
1789528004,682796193,261.939,robot_0,0.153,3.137
1789528004,890690579,262.147,robot_2,1.715,-0.328
1789528004,890764507,262.147,robot_1,1.390,-1.490
1789528004,890795860,262.147,robot_0,0.133,3.129
1789528005,106406516,262.363,robot_2,1.714,-0.328
1789528005,106487951,262.363,robot_1,1.390,-1.490
1789528005,106521001,262.363,robot_0,0.126,3.126
1789528005,313922073,262.570,robot_2,1.714,-0.329
1789528005,314003970,262.570,robot_1,1.390,-1.490
1789528005,314037335,262.571,robot_0,0.099,3.113
1789528005,519026756,262.776,robot_2,1.714,-0.329
1789528005,519109931,262.776,robot_1,1.390,-1.491
1789528005,519152829,262.776,robot_0,0.058,3.093
1789528005,736189032,262.993,robot_2,1.714,-0.329
1789528005,736272448,262.993,robot_1,1.390,-1.491
1789528005,736308367,262.993,robot_0,0.031,3.080
1789528005,941689121,263.198,robot_2,1.698,-0.320
1789528005,941762583,263.198,robot_1,1.390,-1.491
1789528005,941793543,263.198,robot_0,0.031,3.080
1789528006,165936043,263.422,robot_2,1.690,-0.316
1789528006,166013268,263.423,robot_1,1.390,-1.491
1789528006,166052541,263.423,robot_0,0.027,3.078
1789528006,382482372,263.639,robot_2,1.689,-0.316
1789528006,382555706,263.639,robot_1,1.391,-1.491
1789528006,382587542,263.639,robot_0,-0.009,3.047
1789528006,588973511,263.845,robot_2,1.689,-0.316
1789528006,589058763,263.846,robot_1,1.391,-1.491
1789528006,589098739,263.846,robot_0,-0.018,3.038
1789528006,800677772,264.057,robot_2,1.689,-0.316
1789528006,800742497,264.057,robot_1,1.391,-1.491
1789528006,800769368,264.057,robot_0,-0.019,3.039
1789528007,1886173,264.258,robot_2,1.689,-0.317
1789528007,1957568,264.258,robot_1,1.392,-1.491
1789528007,7384387,264.264,robot_0,-0.020,3.037
1789528007,208059282,264.465,robot_2,1.670,-0.323
1789528007,208135763,264.465,robot_1,1.391,-1.488
1789528007,208171170,264.465,robot_0,-0.048,2.995
1789528007,413416440,264.670,robot_2,1.652,-0.330
1789528007,413485896,264.670,robot_1,1.383,-1.450
1789528007,413517465,264.670,robot_0,-0.061,2.976
1789528007,633012429,264.890,robot_2,1.635,-0.338
1789528007,633080649,264.890,robot_1,1.378,-1.432
1789528007,633112049,264.890,robot_0,-0.077,2.957
1789528007,846312425,265.103,robot_2,1.600,-0.353
1789528007,846379948,265.103,robot_1,1.366,-1.397
1789528007,846413669,265.103,robot_0,-0.096,2.937
1789528008,64325309,265.321,robot_2,1.565,-0.369
1789528008,64387774,265.321,robot_1,1.365,-1.392
1789528008,64415923,265.321,robot_0,-0.096,2.936
1789528008,265037443,265.522,robot_2,1.548,-0.376
1789528008,265280179,265.522,robot_1,1.377,-1.422
1789528008,265316170,265.522,robot_0,-0.096,2.936
1789528008,467461085,265.724,robot_2,1.548,-0.376
1789528008,467526785,265.724,robot_1,1.393,-1.461
1789528008,467560752,265.724,robot_0,-0.096,2.937
1789528008,667895843,265.924,robot_2,1.548,-0.377
1789528008,667964542,265.924,robot_1,1.401,-1.480
1789528008,667995482,265.924,robot_0,-0.096,2.937
1789528008,893119968,266.151,robot_2,1.548,-0.377
1789528008,894314198,266.151,robot_1,1.401,-1.480
1789528008,894436403,266.151,robot_0,-0.097,2.937
1789528009,109490646,266.366,robot_2,1.549,-0.377
1789528009,109559821,266.366,robot_1,1.401,-1.480
1789528009,109594922,266.366,robot_0,-0.097,2.937
1789528009,333382664,266.601,robot_2,1.549,-0.377
1789528009,344992111,266.601,robot_1,1.401,-1.480
1789528009,345040328,266.602,robot_0,-0.098,2.937
1789528009,553221997,266.810,robot_2,1.549,-0.377
1789528009,553287119,266.810,robot_1,1.400,-1.480
1789528009,553321416,266.810,robot_0,-0.098,2.937
1789528009,766704824,267.023,robot_2,1.550,-0.377
1789528009,766770556,267.023,robot_1,1.400,-1.480
1789528009,766805031,267.023,robot_0,-0.099,2.937
1789528009,975911674,267.232,robot_2,1.550,-0.377
1789528009,975991632,267.232,robot_1,1.399,-1.480
1789528009,976026562,267.233,robot_0,-0.099,2.937
1789528010,199883384,267.456,robot_2,1.550,-0.377
1789528010,199942086,267.456,robot_1,1.399,-1.479
1789528010,199969599,267.456,robot_0,-0.099,2.937
1789528010,404239929,267.661,robot_2,1.551,-0.378
1789528010,404316626,267.661,robot_1,1.399,-1.479
1789528010,404359316,267.661,robot_0,-0.100,2.937
1789528010,612393409,267.869,robot_2,1.580,-0.404
1789528010,612460467,267.875,robot_1,1.399,-1.479
1789528010,618512036,267.875,robot_0,-0.100,2.936
1789528010,824785113,268.081,robot_2,1.588,-0.410
1789528010,824850814,268.097,robot_1,1.399,-1.478
1789528010,840586580,268.097,robot_0,-0.100,2.936
1789528011,31959558,268.288,robot_2,1.558,-0.387
1789528011,32026007,268.289,robot_1,1.392,-1.479
1789528011,32060546,268.289,robot_0,-0.100,2.936
1789528011,262347912,268.519,robot_2,1.554,-0.383
1789528011,262418009,268.519,robot_1,1.350,-1.482
1789528011,262463348,268.519,robot_0,-0.100,2.935
1789528011,467614395,268.724,robot_2,1.544,-0.372
1789528011,467680156,268.724,robot_1,1.345,-1.483
1789528011,467721011,268.724,robot_0,-0.100,2.935
1789528011,671830341,268.928,robot_2,1.517,-0.333
1789528011,671921688,268.928,robot_1,1.345,-1.483
1789528011,671968401,268.928,robot_0,-0.100,2.934
1789528011,882222648,269.139,robot_2,1.519,-0.341
1789528011,882295176,269.139,robot_1,1.345,-1.483
1789528011,882329792,269.139,robot_0,-0.100,2.934
1789528012,85277725,269.342,robot_2,1.528,-0.365
1789528012,85356275,269.342,robot_1,1.345,-1.484
1789528012,85400465,269.342,robot_0,-0.105,2.932
1789528012,329650951,269.586,robot_2,1.536,-0.379
1789528012,329731220,269.586,robot_1,1.345,-1.484
1789528012,329770033,269.586,robot_0,-0.143,2.917
1789528012,551430098,269.808,robot_2,1.559,-0.423
1789528012,551503063,269.808,robot_1,1.346,-1.484
1789528012,551549338,269.808,robot_0,-0.134,2.921
1789528012,763658668,270.020,robot_2,1.560,-0.424
1789528012,763731659,270.020,robot_1,1.346,-1.484
1789528012,763773333,270.020,robot_0,-0.117,2.929
1789528012,976470829,270.233,robot_2,1.560,-0.424
1789528012,976584095,270.233,robot_1,1.346,-1.484
1789528012,976630801,270.233,robot_0,-0.117,2.929
1789528013,175624062,270.432,robot_2,1.560,-0.424
1789528013,176808266,270.433,robot_1,1.346,-1.484
1789528013,176906087,270.433,robot_0,-0.141,2.917
1789528013,381823548,270.638,robot_2,1.560,-0.424
1789528013,381922850,270.638,robot_1,1.347,-1.484
1789528013,381967572,270.638,robot_0,-0.174,2.902
1789528013,637210782,270.894,robot_2,1.560,-0.424
1789528013,637291291,270.894,robot_1,1.347,-1.484
1789528013,637328462,270.894,robot_0,-0.208,2.885
1789528013,843090517,271.100,robot_2,1.560,-0.423
1789528013,843159061,271.100,robot_1,1.347,-1.484
1789528013,843197387,271.100,robot_0,-0.216,2.881
1789528014,48182520,271.305,robot_2,1.560,-0.423
1789528014,48247995,271.305,robot_1,1.347,-1.484
1789528014,48288055,271.305,robot_0,-0.216,2.881
1789528014,264849753,271.521,robot_2,1.560,-0.423
1789528014,264925551,271.521,robot_1,1.348,-1.484
1789528014,264970037,271.521,robot_0,-0.216,2.881
1789528014,466763337,271.723,robot_2,1.560,-0.423
1789528014,466834483,271.723,robot_1,1.348,-1.483
1789528014,466885997,271.723,robot_0,-0.215,2.881
1789528014,683575534,271.940,robot_2,1.560,-0.422
1789528014,683645600,271.940,robot_1,1.348,-1.483
1789528014,683691807,271.940,robot_0,-0.215,2.880
1789528014,899814107,272.156,robot_2,1.560,-0.422
1789528014,899893524,272.156,robot_1,1.348,-1.483
1789528014,899936071,272.156,robot_0,-0.214,2.880
1789528015,127063307,272.384,robot_2,1.560,-0.422
1789528015,127133602,272.384,robot_1,1.348,-1.483
1789528015,127166359,272.384,robot_0,-0.214,2.880
1789528015,327235184,272.584,robot_2,1.560,-0.422
1789528015,327307548,272.584,robot_1,1.342,-1.481
1789528015,327352469,272.584,robot_0,-0.213,2.880
1789528015,537085977,272.794,robot_2,1.559,-0.422
1789528015,537179540,272.794,robot_1,1.276,-1.468
1789528015,537222148,272.794,robot_0,-0.213,2.881
1789528015,748222999,273.005,robot_2,1.559,-0.421
1789528015,748296254,273.005,robot_1,1.261,-1.464
1789528015,748338263,273.005,robot_0,-0.213,2.882
1789528015,971233460,273.228,robot_2,1.559,-0.421
1789528015,971299623,273.228,robot_1,1.307,-1.472
1789528015,971344880,273.228,robot_0,-0.255,2.929
1789528016,189675897,273.446,robot_2,1.558,-0.421
1789528016,189749221,273.446,robot_1,1.302,-1.471
1789528016,189798404,273.446,robot_0,-0.282,2.961
1789528016,392133127,273.649,robot_2,1.558,-0.420
1789528016,392201676,273.649,robot_1,1.237,-1.460
1789528016,392242394,273.649,robot_0,-0.298,2.977
1789528016,605030147,273.862,robot_2,1.546,-0.380
1789528016,605096165,273.862,robot_1,1.228,-1.459
1789528016,605139653,273.862,robot_0,-0.322,3.000
1789528016,825762482,274.082,robot_2,1.542,-0.366
1789528016,825828621,274.082,robot_1,1.228,-1.459
1789528016,825873325,274.082,robot_0,-0.322,3.000
1789528017,38309433,274.295,robot_2,1.542,-0.366
1789528017,38381693,274.295,robot_1,1.228,-1.459
1789528017,38426278,274.295,robot_0,-0.322,3.000
1789528017,248933727,274.505,robot_2,1.542,-0.366
1789528017,248999215,274.505,robot_1,1.250,-1.462
1789528017,249034857,274.506,robot_0,-0.321,3.000
1789528017,449579591,274.706,robot_2,1.542,-0.366
1789528017,449641388,274.706,robot_1,1.250,-1.461
1789528017,449676508,274.706,robot_0,-0.321,3.001
1789528017,666004827,274.923,robot_2,1.537,-0.338
1789528017,666076856,274.923,robot_1,1.192,-1.451
1789528017,666124773,274.923,robot_0,-0.321,3.001
1789528017,895181305,275.152,robot_2,1.530,-0.297
1789528017,895252679,275.152,robot_1,1.177,-1.448
1789528017,895287296,275.152,robot_0,-0.321,3.002
1789528018,116694476,275.373,robot_2,1.523,-0.255
1789528018,116771975,275.373,robot_1,1.135,-1.437
1789528018,116806094,275.373,robot_0,-0.322,3.002
1789528018,329190842,275.586,robot_2,1.522,-0.252
1789528018,329262679,275.586,robot_1,1.101,-1.427
1789528018,329306504,275.586,robot_0,-0.322,3.003
1789528018,537113454,275.794,robot_2,1.522,-0.252
1789528018,537210977,275.794,robot_1,1.054,-1.414
1789528018,537271378,275.794,robot_0,-0.322,3.003
1789528018,744622626,276.001,robot_2,1.522,-0.252
1789528018,744725631,276.001,robot_1,0.996,-1.398
1789528018,744766414,276.001,robot_0,-0.322,3.003
1789528018,961567066,276.218,robot_2,1.522,-0.253
1789528018,961634929,276.218,robot_1,0.957,-1.387
1789528018,961668738,276.218,robot_0,-0.323,3.004
1789528019,185670519,276.442,robot_2,1.521,-0.253
1789528019,185737642,276.442,robot_1,0.951,-1.386
1789528019,185780249,276.442,robot_0,-0.323,3.004
1789528019,404352343,276.661,robot_2,1.521,-0.253
1789528019,404417868,276.661,robot_1,0.967,-1.392
1789528019,404450729,276.661,robot_0,-0.324,3.004
1789528019,606943180,276.863,robot_2,1.521,-0.254
1789528019,607010156,276.864,robot_1,0.999,-1.404
1789528019,607044701,276.864,robot_0,-0.324,3.004
1789528019,822191564,277.079,robot_2,1.521,-0.254
1789528019,822257964,277.079,robot_1,0.956,-1.388
1789528019,822294967,277.079,robot_0,-0.325,3.004
1789528020,22765338,277.279,robot_2,1.521,-0.254
1789528020,22817374,277.279,robot_1,0.937,-1.380
1789528020,22840954,277.279,robot_0,-0.325,3.004
1789528020,224444287,277.481,robot_2,1.516,-0.258
1789528020,224517696,277.481,robot_1,0.967,-1.392
1789528020,224562197,277.481,robot_0,-0.326,3.003
1789528020,438575174,277.695,robot_2,1.490,-0.273
1789528020,438645447,277.695,robot_1,0.967,-1.392
1789528020,438676184,277.695,robot_0,-0.330,3.008
1789528020,653978347,277.910,robot_2,1.482,-0.278
1789528020,654045077,277.911,robot_1,0.967,-1.392
1789528020,654076782,277.911,robot_0,-0.359,3.038
1789528020,861743587,278.118,robot_2,1.521,-0.260
1789528020,861811568,278.118,robot_1,0.967,-1.392
1789528020,861849425,278.118,robot_0,-0.360,3.039
1789528021,96296762,278.353,robot_2,1.537,-0.253
1789528021,96366345,278.353,robot_1,0.967,-1.392
1789528021,96399345,278.358,robot_0,-0.360,3.039
1789528021,303722772,278.560,robot_2,1.527,-0.257
1789528021,303791341,278.560,robot_1,0.967,-1.392
1789528021,303832528,278.560,robot_0,-0.360,3.039
1789528021,507788323,278.764,robot_2,1.563,-0.242
1789528021,507871161,278.764,robot_1,0.967,-1.392
1789528021,507913628,278.764,robot_0,-0.349,3.024
1789528021,713383446,278.970,robot_2,1.603,-0.225
1789528021,713455628,278.970,robot_1,0.967,-1.392
1789528021,713492050,278.970,robot_0,-0.337,3.008
1789528021,944772472,279.207,robot_2,1.640,-0.209
1789528021,950808292,279.207,robot_1,0.967,-1.391
1789528021,950872322,279.207,robot_0,-0.341,3.013
1789528022,156610726,279.413,robot_2,1.629,-0.214
1789528022,156676289,279.413,robot_1,0.967,-1.391
1789528022,156711578,279.416,robot_0,-0.374,3.051
1789528022,362854370,279.619,robot_2,1.600,-0.226
1789528022,362934703,279.619,robot_1,0.967,-1.391
1789528022,362972383,279.619,robot_0,-0.400,3.081
1789528022,575754939,279.832,robot_2,1.570,-0.238
1789528022,575826374,279.832,robot_1,0.967,-1.391
1789528022,575871053,279.832,robot_0,-0.414,3.097
1789528022,800212280,280.057,robot_2,1.546,-0.248
1789528022,800280197,280.057,robot_1,0.967,-1.390
1789528022,800321991,280.057,robot_0,-0.414,3.097
1789528023,12115876,280.269,robot_2,1.546,-0.248
1789528023,14162378,280.271,robot_1,0.966,-1.390
1789528023,14243742,280.271,robot_0,-0.414,3.097
1789528023,219990711,280.476,robot_2,1.547,-0.248
1789528023,220158996,280.477,robot_1,0.966,-1.390
1789528023,220202167,280.477,robot_0,-0.413,3.097
1789528023,421443838,280.678,robot_2,1.547,-0.248
1789528023,421514414,280.678,robot_1,0.966,-1.390
1789528023,421550143,280.690,robot_0,-0.412,3.097
1789528023,632630229,280.889,robot_2,1.547,-0.248
1789528023,632705985,280.889,robot_1,0.965,-1.390
1789528023,632744615,280.889,robot_0,-0.412,3.097
1789528023,838144165,281.095,robot_2,1.547,-0.248
1789528023,838223964,281.095,robot_1,0.965,-1.390
1789528023,838264395,281.095,robot_0,-0.411,3.097
1789528024,41277924,281.298,robot_2,1.548,-0.248
1789528024,41347621,281.298,robot_1,0.965,-1.390
1789528024,41386469,281.298,robot_0,-0.411,3.097
1789528024,256800739,281.513,robot_2,1.548,-0.248
1789528024,256879679,281.513,robot_1,0.965,-1.390
1789528024,256919278,281.513,robot_0,-0.411,3.096
1789528024,472238413,281.729,robot_2,1.548,-0.248
1789528024,472309323,281.729,robot_1,0.964,-1.390
1789528024,472343224,281.729,robot_0,-0.410,3.096
1789528024,695156261,281.952,robot_2,1.548,-0.248
1789528024,695232670,281.952,robot_1,0.964,-1.390
1789528024,695275340,281.952,robot_0,-0.416,3.093
1789528024,905781654,282.162,robot_2,1.549,-0.248
1789528024,905850059,282.162,robot_1,0.963,-1.386
1789528024,905902432,282.162,robot_0,-0.470,3.072
1789528025,115284261,282.372,robot_2,1.549,-0.248
1789528025,115340801,282.372,robot_1,0.952,-1.357
1789528025,115373122,282.372,robot_0,-0.486,3.066
1789528025,318949066,282.575,robot_2,1.549,-0.248
1789528025,319021067,282.576,robot_1,0.959,-1.380
1789528025,319056231,282.576,robot_0,-0.482,3.067
1789528025,543042483,282.800,robot_2,1.549,-0.248
1789528025,543115843,282.800,robot_1,0.959,-1.380
1789528025,543152478,282.800,robot_0,-0.481,3.067
1789528025,756055732,283.013,robot_2,1.549,-0.247
1789528025,756136209,283.013,robot_1,0.964,-1.389
1789528025,756179008,283.013,robot_0,-0.450,3.068
1789528025,979341397,283.236,robot_2,1.549,-0.247
1789528025,979429439,283.236,robot_1,1.001,-1.446
1789528025,979467753,283.236,robot_0,-0.425,3.069
1789528026,183470646,283.440,robot_2,1.549,-0.247
1789528026,183547753,283.440,robot_1,1.007,-1.454
1789528026,183593895,283.440,robot_0,-0.425,3.069
1789528026,397037051,283.654,robot_2,1.549,-0.246
1789528026,397122271,283.654,robot_1,1.007,-1.454
1789528026,397166744,283.654,robot_0,-0.425,3.069
1789528026,615475103,283.872,robot_2,1.549,-0.246
1789528026,615549395,283.872,robot_1,0.993,-1.436
1789528026,615589169,283.872,robot_0,-0.425,3.069
1789528026,828719569,284.085,robot_2,1.549,-0.246
1789528026,828804223,284.085,robot_1,0.969,-1.402
1789528026,828853555,284.085,robot_0,-0.425,3.070
1789528027,37952188,284.294,robot_2,1.549,-0.246
1789528027,38024041,284.295,robot_1,0.943,-1.366
1789528027,38063025,284.295,robot_0,-0.426,3.070
1789528027,255393863,284.512,robot_2,1.525,-0.253
1789528027,255483284,284.512,robot_1,0.927,-1.345
1789528027,255526974,284.512,robot_0,-0.426,3.070
1789528027,452298786,284.709,robot_2,1.500,-0.261
1789528027,452389685,284.709,robot_1,0.927,-1.344
1789528027,452434954,284.709,robot_0,-0.426,3.071
1789528027,656313299,284.913,robot_2,1.471,-0.271
1789528027,656386249,284.913,robot_1,0.927,-1.344
1789528027,656437786,284.913,robot_0,-0.426,3.071
1789528027,875932500,285.132,robot_2,1.429,-0.287
1789528027,876005284,285.132,robot_1,0.927,-1.344
1789528027,876052478,285.133,robot_0,-0.427,3.071
1789528028,105410315,285.362,robot_2,1.427,-0.287
1789528028,108943965,285.365,robot_1,0.928,-1.344
1789528028,109021127,285.366,robot_0,-0.427,3.071
1789528028,346811704,285.603,robot_2,1.427,-0.287
1789528028,346883518,285.603,robot_1,0.928,-1.344
1789528028,346921134,285.603,robot_0,-0.428,3.071
1789528028,549502299,285.806,robot_2,1.427,-0.287
1789528028,549571748,285.806,robot_1,0.929,-1.344
1789528028,549613798,285.806,robot_0,-0.428,3.071
1789528028,750353916,286.007,robot_2,1.427,-0.287
1789528028,750416038,286.007,robot_1,0.929,-1.344
1789528028,750458553,286.007,robot_0,-0.429,3.071
1789528028,963195168,286.220,robot_2,1.421,-0.294
1789528028,963275208,286.220,robot_1,0.929,-1.344
1789528028,963326766,286.220,robot_0,-0.429,3.070
1789528029,180987867,286.437,robot_2,1.401,-0.320
1789528029,181058899,286.438,robot_1,0.930,-1.345
1789528029,181099571,286.438,robot_0,-0.429,3.070
1789528029,393060404,286.650,robot_2,1.401,-0.321
1789528029,393135988,286.650,robot_1,0.903,-1.361
1789528029,393183537,286.650,robot_0,-0.430,3.070
1789528029,605684199,286.862,robot_2,1.401,-0.321
1789528029,605749401,286.862,robot_1,0.876,-1.377
1789528029,605789460,286.862,robot_0,-0.430,3.069
1789528029,823355302,287.080,robot_2,1.401,-0.321
1789528029,823419532,287.080,robot_1,0.899,-1.365
1789528029,823458097,287.080,robot_0,-0.430,3.069
1789528030,60704749,287.317,robot_2,1.401,-0.321
1789528030,60786491,287.317,robot_1,0.923,-1.353
1789528030,60832713,287.317,robot_0,-0.389,3.060
1789528030,292259135,287.549,robot_2,1.401,-0.321
1789528030,292331001,287.549,robot_1,0.896,-1.366
1789528030,292370610,287.549,robot_0,-0.349,3.053
1789528030,501588093,287.759,robot_2,1.401,-0.321
1789528030,502397554,287.759,robot_1,0.896,-1.366
1789528030,502444149,287.759,robot_0,-0.309,3.047
1789528030,737917809,287.994,robot_2,1.400,-0.321
1789528030,737994699,287.994,robot_1,0.896,-1.366
1789528030,738037930,287.995,robot_0,-0.258,3.040
1789528030,944794027,288.201,robot_2,1.400,-0.321
1789528030,945013287,288.202,robot_1,0.876,-1.375
1789528030,945070362,288.202,robot_0,-0.236,3.036
1789528031,169125498,288.426,robot_2,1.400,-0.320
1789528031,169205779,288.426,robot_1,0.849,-1.386
1789528031,169248248,288.426,robot_0,-0.199,3.031
1789528031,370766425,288.627,robot_2,1.400,-0.320
1789528031,370836057,288.627,robot_1,0.848,-1.387
1789528031,370894569,288.627,robot_0,-0.212,3.033
1789528031,589471407,288.846,robot_2,1.399,-0.320
1789528031,589546830,288.846,robot_1,0.802,-1.398
1789528031,589591227,288.846,robot_0,-0.218,3.034
1789528031,797287687,289.054,robot_2,1.399,-0.321
1789528031,797366392,289.054,robot_1,0.768,-1.405
1789528031,797403618,289.054,robot_0,-0.181,3.029
1789528032,11269099,289.268,robot_2,1.399,-0.321
1789528032,11371883,289.268,robot_1,0.784,-1.402
1789528032,11425497,289.268,robot_0,-0.154,3.025
1789528032,208936974,289.465,robot_2,1.399,-0.321
1789528032,209006001,289.465,robot_1,0.784,-1.402
1789528032,209047142,289.466,robot_0,-0.176,3.027
1789528032,422668340,289.679,robot_2,1.398,-0.321
1789528032,422751193,289.679,robot_1,0.805,-1.399
1789528032,422800045,289.679,robot_0,-0.185,3.028
1789528032,626864682,289.883,robot_2,1.398,-0.321
1789528032,626944975,289.883,robot_1,0.820,-1.396
1789528032,626990612,289.883,robot_0,-0.211,3.034
1789528032,831635149,290.088,robot_2,1.398,-0.321
1789528032,831711108,290.088,robot_1,0.856,-1.390
1789528032,831748687,290.088,robot_0,-0.216,3.035
1789528033,32601454,290.289,robot_2,1.398,-0.322
1789528033,32671618,290.289,robot_1,0.865,-1.388
1789528033,32709174,290.289,robot_0,-0.216,3.035
1789528033,237057364,290.494,robot_2,1.398,-0.322
1789528033,237138781,290.494,robot_1,0.828,-1.392
1789528033,237184355,290.494,robot_0,-0.216,3.034
1789528033,462444771,290.719,robot_2,1.398,-0.322
1789528033,462521128,290.719,robot_1,0.780,-1.398
1789528033,462560030,290.719,robot_0,-0.216,3.034
1789528033,672207251,290.929,robot_2,1.398,-0.322
1789528033,672280046,290.929,robot_1,0.747,-1.402
1789528033,672323032,290.929,robot_0,-0.216,3.033
1789528033,873961877,291.130,robot_2,1.430,-0.319
1789528033,874031691,291.131,robot_1,0.760,-1.400
1789528033,874070930,291.131,robot_0,-0.216,3.033
1789528034,75823516,291.332,robot_2,1.474,-0.311
1789528034,75912123,291.332,robot_1,0.746,-1.402
1789528034,75957420,291.332,robot_0,-0.216,3.033
1789528034,287124279,291.544,robot_2,1.506,-0.305
1789528034,287188849,291.544,robot_1,0.725,-1.404
1789528034,287228484,291.544,robot_0,-0.215,3.032
1789528034,507222670,291.764,robot_2,1.567,-0.292
1789528034,507294770,291.764,robot_1,0.725,-1.404
1789528034,507337163,291.764,robot_0,-0.215,3.032
1789528034,710087825,291.967,robot_2,1.606,-0.284
1789528034,710162138,291.967,robot_1,0.725,-1.404
1789528034,710198595,291.967,robot_0,-0.214,3.032
1789528034,920835875,292.178,robot_2,1.645,-0.276
1789528034,921468954,292.178,robot_1,0.725,-1.403
1789528034,921523408,292.178,robot_0,-0.214,3.032
1789528035,126765118,292.383,robot_2,1.712,-0.263
1789528035,126846481,292.383,robot_1,0.725,-1.403
1789528035,126895500,292.383,robot_0,-0.213,3.032
1789528035,336440414,292.593,robot_2,1.714,-0.262
1789528035,336515967,292.593,robot_1,0.725,-1.403
1789528035,336551453,292.593,robot_0,-0.213,3.032
1789528035,549580253,292.806,robot_2,1.715,-0.262
1789528035,549655520,292.806,robot_1,0.724,-1.403
1789528035,549694282,292.806,robot_0,-0.213,3.032
1789528035,750400469,293.007,robot_2,1.711,-0.265
1789528035,750487959,293.007,robot_1,0.724,-1.403
1789528035,750530162,293.007,robot_0,-0.212,3.032
1789528035,951993197,293.208,robot_2,1.693,-0.278
1789528035,952072096,293.209,robot_1,0.724,-1.403
1789528035,952110301,293.209,robot_0,-0.212,3.032
1789528036,165198657,293.422,robot_2,1.693,-0.279
1789528036,165273917,293.422,robot_1,0.724,-1.403
1789528036,165311535,293.422,robot_0,-0.212,3.033
1789528036,366062091,293.623,robot_2,1.698,-0.271
1789528036,366144233,293.623,robot_1,0.723,-1.403
1789528036,366187773,293.623,robot_0,-0.211,3.033
1789528036,570628810,293.833,robot_2,1.711,-0.251
1789528036,576693951,293.833,robot_1,0.723,-1.403
1789528036,576768732,293.833,robot_0,-0.193,3.024
1789528036,774330294,294.031,robot_2,1.737,-0.198
1789528036,774407080,294.031,robot_1,0.723,-1.403
1789528036,774441857,294.031,robot_0,-0.149,3.001
1789528036,987588205,294.244,robot_2,1.756,-0.161
1789528036,987664411,294.244,robot_1,0.723,-1.403
1789528036,987701916,294.244,robot_0,-0.118,2.986
1789528037,202295708,294.459,robot_2,1.757,-0.159
1789528037,202371471,294.459,robot_1,0.722,-1.403
1789528037,202406639,294.459,robot_0,-0.090,2.972
1789528037,422290655,294.679,robot_2,1.757,-0.159
1789528037,422361102,294.679,robot_1,0.722,-1.404
1789528037,422396950,294.679,robot_0,-0.090,2.972
1789528037,640569723,294.897,robot_2,1.757,-0.159
1789528037,640646888,294.897,robot_1,0.722,-1.404
1789528037,640681743,294.897,robot_0,-0.091,2.971
1789528037,859217416,295.116,robot_2,1.757,-0.159
1789528037,859300346,295.116,robot_1,0.722,-1.404
1789528037,859344575,295.116,robot_0,-0.091,2.971
1789528038,62460193,295.319,robot_2,1.758,-0.159
1789528038,62537623,295.319,robot_1,0.723,-1.405
1789528038,62582080,295.319,robot_0,-0.092,2.971
1789528038,273213013,295.530,robot_2,1.758,-0.159
1789528038,273284632,295.530,robot_1,0.768,-1.408
1789528038,273320841,295.530,robot_0,-0.092,2.971
1789528038,489498524,295.746,robot_2,1.758,-0.159
1789528038,489570128,295.746,robot_1,0.806,-1.410
1789528038,504950307,295.761,robot_0,-0.093,2.970
1789528038,692198326,295.949,robot_2,1.758,-0.159
1789528038,692266354,295.949,robot_1,0.806,-1.410
1789528038,692298103,295.949,robot_0,-0.093,2.971
1789528038,899410434,296.156,robot_2,1.759,-0.158
1789528038,899481786,296.156,robot_1,0.812,-1.412
1789528038,899518341,296.156,robot_0,-0.094,2.971
1789528039,107204640,296.364,robot_2,1.759,-0.158
1789528039,107278058,296.364,robot_1,0.843,-1.427
1789528039,107313154,296.364,robot_0,-0.095,2.971
1789528039,309261164,296.566,robot_2,1.759,-0.158
1789528039,309331646,296.566,robot_1,0.862,-1.438
1789528039,309363385,296.566,robot_0,-0.095,2.971
1789528039,526935227,296.783,robot_2,1.759,-0.157
1789528039,527012720,296.784,robot_1,0.899,-1.461
1789528039,527047394,296.784,robot_0,-0.066,2.999
1789528039,739206100,296.996,robot_2,1.759,-0.157
1789528039,739295909,296.996,robot_1,0.896,-1.459
1789528039,739341971,296.996,robot_0,-0.023,3.037
1789528039,953268973,297.210,robot_2,1.759,-0.157
1789528039,953347646,297.210,robot_1,0.860,-1.438
1789528039,953387925,297.210,robot_0,0.023,3.079
1789528040,168427942,297.425,robot_2,1.759,-0.157
1789528040,168512917,297.425,robot_1,0.860,-1.437
1789528040,168548658,297.425,robot_0,0.034,3.089
1789528040,383254078,297.640,robot_2,1.758,-0.156
1789528040,383339639,297.640,robot_1,0.864,-1.440
1789528040,383386256,297.640,robot_0,0.034,3.088
1789528040,602572046,297.859,robot_2,1.758,-0.156
1789528040,602652838,297.859,robot_1,0.864,-1.440
1789528040,602695665,297.859,robot_0,0.034,3.088
1789528040,807317132,298.064,robot_2,1.759,-0.154
1789528040,807402966,298.064,robot_1,0.864,-1.441
1789528040,807445738,298.064,robot_0,0.035,3.088
1789528041,38306924,298.295,robot_2,1.781,-0.123
1789528041,38382642,298.295,robot_1,0.864,-1.441
1789528041,38416302,298.295,robot_0,0.035,3.088
1789528041,243342683,298.500,robot_2,1.762,-0.150
1789528041,243413921,298.500,robot_1,0.864,-1.441
1789528041,243447557,298.500,robot_0,0.036,3.088
1789528041,457697725,298.714,robot_2,1.732,-0.190
1789528041,457767440,298.714,robot_1,0.864,-1.442
1789528041,457800842,298.714,robot_0,0.036,3.088
1789528041,663241140,298.920,robot_2,1.723,-0.200
1789528041,663324067,298.920,robot_1,0.865,-1.442
1789528041,663359507,298.920,robot_0,0.037,3.088
1789528041,866642719,299.123,robot_2,1.685,-0.228
1789528041,866714335,299.123,robot_1,0.865,-1.442
1789528041,866746576,299.123,robot_0,0.037,3.089
1789528042,75003201,299.332,robot_2,1.631,-0.255
1789528042,75073247,299.332,robot_1,0.865,-1.442
1789528042,75112354,299.332,robot_0,0.037,3.089
1789528042,281236564,299.538,robot_2,1.590,-0.272
1789528042,281313214,299.538,robot_1,0.865,-1.442
1789528042,281350974,299.538,robot_0,0.038,3.089
1789528042,500223028,299.757,robot_2,1.547,-0.289
1789528042,500302386,299.757,robot_1,0.866,-1.443
1789528042,500344396,299.757,robot_0,0.038,3.090
1789528042,706227309,299.963,robot_2,1.564,-0.282
1789528042,706306804,299.963,robot_1,0.866,-1.443
1789528042,706348074,299.963,robot_0,0.038,3.090
1789528042,916168340,300.173,robot_2,1.577,-0.277
1789528042,916238769,300.177,robot_1,0.866,-1.443
1789528042,920675835,300.177,robot_0,0.038,3.091
1789528043,130595659,300.387,robot_2,1.540,-0.290
1789528043,130667857,300.387,robot_1,0.867,-1.442
1789528043,130711948,300.387,robot_0,0.038,3.091
