stamp_sec,stamp_nsec,elapsed_s,robot,x,y
1789246844,756091405,3.100,robot_0,2.344,2.051
1789246844,756241807,3.100,robot_2,-1.780,-0.648
1789246844,756324087,3.100,robot_1,-0.630,-0.840
1789246846,212256146,4.556,robot_0,2.344,2.051
1789246846,212328619,4.556,robot_2,-1.780,-0.648
1789246846,212369638,4.556,robot_1,-0.630,-0.840
1789246849,995474356,8.339,robot_0,2.344,2.051
1789246849,995542534,8.339,robot_2,-1.780,-0.648
1789246849,995577613,8.339,robot_1,-0.630,-0.840
1789246850,255823708,8.600,robot_0,2.320,2.021
1789246850,255893661,8.600,robot_2,-1.780,-0.648
1789246850,255929803,8.600,robot_1,-0.630,-0.840
1789246850,466630116,8.811,robot_0,2.308,2.006
1789246850,466694067,8.811,robot_2,-1.781,-0.648
1789246850,466724559,8.811,robot_1,-0.630,-0.840
1789246850,677220177,9.021,robot_0,2.308,2.006
1789246850,677289890,9.021,robot_2,-1.781,-0.647
1789246850,677323555,9.021,robot_1,-0.665,-0.873
1789246850,878691861,9.223,robot_0,2.307,2.006
1789246850,878752195,9.223,robot_2,-1.774,-0.641
1789246850,878779750,9.223,robot_1,-0.718,-0.918
1789246851,91218964,9.435,robot_0,2.307,2.006
1789246851,91284826,9.435,robot_2,-1.724,-0.598
1789246851,91318131,9.435,robot_1,-0.704,-0.908
1789246851,294629814,9.639,robot_0,2.307,2.004
1789246851,294689604,9.639,robot_2,-1.682,-0.561
1789246851,294714828,9.639,robot_1,-0.669,-0.882
1789246851,507721207,9.852,robot_0,2.293,1.946
1789246851,507787254,9.852,robot_2,-1.637,-0.522
1789246851,507817419,9.852,robot_1,-0.685,-0.897
1789246851,715036415,10.059,robot_0,2.276,1.881
1789246851,715098649,10.059,robot_2,-1.634,-0.519
1789246851,715130132,10.059,robot_1,-0.719,-0.933
1789246851,928724435,10.273,robot_0,2.266,1.846
1789246851,928789412,10.273,robot_2,-1.634,-0.519
1789246851,928817588,10.273,robot_1,-0.719,-0.933
1789246852,129464375,10.473,robot_0,2.266,1.845
1789246852,129535593,10.473,robot_2,-1.635,-0.519
1789246852,129565779,10.473,robot_1,-0.719,-0.934
1789246852,337199126,10.681,robot_0,2.248,1.808
1789246852,337263353,10.681,robot_2,-1.635,-0.518
1789246852,337290579,10.681,robot_1,-0.718,-0.934
1789246852,561903335,10.906,robot_0,2.222,1.752
1789246852,561979777,10.906,robot_2,-1.636,-0.519
1789246852,562009151,10.906,robot_1,-0.718,-0.934
1789246852,776870216,11.121,robot_0,2.198,1.699
1789246852,776946042,11.121,robot_2,-1.637,-0.519
1789246852,776977327,11.121,robot_1,-0.719,-0.934
1789246852,997011126,11.341,robot_0,2.195,1.692
1789246852,997061154,11.341,robot_2,-1.637,-0.519
1789246852,997080472,11.341,robot_1,-0.719,-0.933
1789246853,218972995,11.563,robot_0,2.195,1.692
1789246853,219037080,11.563,robot_2,-1.638,-0.520
1789246853,219065953,11.563,robot_1,-0.719,-0.933
1789246853,430869274,11.775,robot_0,2.194,1.692
1789246853,430938762,11.775,robot_2,-1.638,-0.520
1789246853,430967068,11.775,robot_1,-0.720,-0.933
1789246853,657168605,12.001,robot_0,2.194,1.692
1789246853,657237466,12.001,robot_2,-1.638,-0.521
1789246853,657267110,12.001,robot_1,-0.720,-0.933
1789246853,866625273,12.211,robot_0,2.194,1.691
1789246853,866695255,12.211,robot_2,-1.638,-0.521
1789246853,866726822,12.211,robot_1,-0.721,-0.933
1789246854,86449608,12.430,robot_0,2.193,1.691
1789246854,86532181,12.430,robot_2,-1.638,-0.522
1789246854,86569848,12.430,robot_1,-0.722,-0.933
1789246854,305830903,12.650,robot_0,2.193,1.691
1789246854,305928417,12.650,robot_2,-1.638,-0.522
1789246854,305967274,12.650,robot_1,-0.722,-0.933
1789246854,527912254,12.872,robot_0,2.193,1.690
1789246854,527997790,12.872,robot_2,-1.637,-0.522
1789246854,528028886,12.872,robot_1,-0.723,-0.933
1789246854,731647418,13.078,robot_0,2.193,1.690
1789246854,734583139,13.078,robot_2,-1.637,-0.523
1789246854,734618327,13.079,robot_1,-0.723,-0.934
1789246854,949643304,13.294,robot_0,2.193,1.690
1789246854,949716123,13.294,robot_2,-1.636,-0.523
1789246854,949745814,13.294,robot_1,-0.723,-0.934
1789246855,161458596,13.505,robot_0,2.193,1.689
1789246855,161529823,13.505,robot_2,-1.636,-0.523
1789246855,161558440,13.505,robot_1,-0.723,-0.935
1789246855,383072242,13.727,robot_0,2.193,1.689
1789246855,383145291,13.727,robot_2,-1.635,-0.523
1789246855,383175376,13.727,robot_1,-0.723,-0.936
1789246855,653235550,13.997,robot_0,2.194,1.689
1789246855,653308632,13.997,robot_2,-1.635,-0.523
1789246855,653339375,13.997,robot_1,-0.720,-0.935
1789246855,880031746,14.224,robot_0,2.194,1.689
1789246855,885762620,14.230,robot_2,-1.634,-0.523
1789246855,885840697,14.230,robot_1,-0.654,-0.920
1789246856,104669601,14.449,robot_0,2.194,1.688
1789246856,104738902,14.449,robot_2,-1.634,-0.523
1789246856,104768509,14.449,robot_1,-0.653,-0.920
1789246856,334046648,14.678,robot_0,2.194,1.688
1789246856,334111367,14.678,robot_2,-1.634,-0.523
1789246856,334142093,14.678,robot_1,-0.653,-0.920
1789246856,552054857,14.896,robot_0,2.195,1.688
1789246856,552119875,14.896,robot_2,-1.633,-0.522
1789246856,552147477,14.896,robot_1,-0.671,-0.925
1789246856,770171002,15.114,robot_0,2.196,1.638
1789246856,770237814,15.114,robot_2,-1.633,-0.522
1789246856,770261864,15.114,robot_1,-0.718,-0.940
1789246856,993301533,15.337,robot_0,2.198,1.594
1789246856,993397438,15.337,robot_2,-1.642,-0.519
1789246856,993432263,15.337,robot_1,-0.726,-0.943
1789246857,192472358,15.536,robot_0,2.201,1.538
1789246857,192529350,15.536,robot_2,-1.722,-0.503
1789246857,192557101,15.536,robot_1,-0.777,-0.967
1789246857,409943300,15.754,robot_0,2.202,1.513
1789246857,410020419,15.754,robot_2,-1.742,-0.499
1789246857,410056980,15.754,robot_1,-0.815,-0.985
1789246857,624869790,15.969,robot_0,2.202,1.513
1789246857,628412215,15.972,robot_2,-1.743,-0.499
1789246857,628486596,15.972,robot_1,-0.865,-1.009
1789246857,832328118,16.176,robot_0,2.203,1.513
1789246857,832395021,16.176,robot_2,-1.789,-0.494
1789246857,832431117,16.176,robot_1,-0.872,-1.012
1789246858,44424514,16.388,robot_0,2.203,1.514
1789246858,44490212,16.388,robot_2,-1.795,-0.493
1789246858,44520053,16.388,robot_1,-0.872,-1.012
1789246858,258426514,16.602,robot_0,2.204,1.514
1789246858,258494043,16.602,robot_2,-1.743,-0.482
1789246858,258533140,16.602,robot_1,-0.872,-1.011
1789246858,459273429,16.803,robot_0,2.204,1.514
1789246858,459341448,16.803,robot_2,-1.727,-0.478
1789246858,459371240,16.803,robot_1,-0.872,-1.010
1789246858,668816760,17.013,robot_0,2.204,1.515
1789246858,668874613,17.013,robot_2,-1.727,-0.478
1789246858,668899954,17.013,robot_1,-0.871,-1.009
1789246858,873488950,17.217,robot_0,2.204,1.515
1789246858,873559197,17.217,robot_2,-1.727,-0.478
1789246858,873597582,17.217,robot_1,-0.871,-1.009
1789246859,83873660,17.428,robot_0,2.203,1.516
1789246859,83942206,17.428,robot_2,-1.722,-0.476
1789246859,83973577,17.428,robot_1,-0.870,-1.009
1789246859,297851518,17.642,robot_0,2.203,1.516
1789246859,297900794,17.642,robot_2,-1.668,-0.461
1789246859,297935566,17.642,robot_1,-0.869,-1.008
1789246859,528291258,17.872,robot_0,2.203,1.516
1789246859,528371721,17.872,robot_2,-1.628,-0.449
1789246859,528400583,17.872,robot_1,-0.868,-1.008
1789246859,723700715,18.068,robot_0,2.203,1.516
1789246859,727614959,18.072,robot_2,-1.594,-0.440
1789246859,727686487,18.072,robot_1,-0.868,-1.009
1789246859,933400563,18.277,robot_0,2.201,1.512
1789246859,933462431,18.277,robot_2,-1.594,-0.440
1789246859,933489625,18.277,robot_1,-0.873,-1.022
1789246860,133851103,18.478,robot_0,2.182,1.442
1789246860,133916445,18.478,robot_2,-1.595,-0.439
1789246860,133956758,18.478,robot_1,-0.889,-1.071
1789246860,336553960,18.680,robot_0,2.178,1.423
1789246860,336615717,18.681,robot_2,-1.595,-0.439
1789246860,336644563,18.681,robot_1,-0.890,-1.075
1789246860,542742532,18.887,robot_0,2.191,1.469
1789246860,542801708,18.887,robot_2,-1.596,-0.438
1789246860,542826441,18.887,robot_1,-0.891,-1.075
1789246860,743801633,19.088,robot_0,2.195,1.486
1789246860,743859538,19.088,robot_2,-1.596,-0.438
1789246860,743881300,19.088,robot_1,-0.891,-1.076
1789246860,965131679,19.309,robot_0,2.196,1.486
1789246860,965196514,19.309,robot_2,-1.597,-0.438
1789246860,965224807,19.309,robot_1,-0.892,-1.076
1789246861,187800080,19.532,robot_0,2.196,1.504
1789246861,187856884,19.532,robot_2,-1.598,-0.439
1789246861,187878197,19.532,robot_1,-0.892,-1.076
1789246861,397214712,19.741,robot_0,2.195,1.552
1789246861,397276811,19.741,robot_2,-1.598,-0.439
1789246861,397304676,19.741,robot_1,-0.893,-1.077
1789246861,611977775,19.956,robot_0,2.195,1.558
1789246861,612044073,19.956,robot_2,-1.599,-0.440
1789246861,612072461,19.956,robot_1,-0.893,-1.077
1789246861,824738927,20.169,robot_0,2.183,1.614
1789246861,824795768,20.169,robot_2,-1.599,-0.440
1789246861,824819954,20.169,robot_1,-0.893,-1.078
1789246862,30562015,20.374,robot_0,2.179,1.631
1789246862,30627393,20.375,robot_2,-1.599,-0.440
1789246862,30657299,20.375,robot_1,-0.893,-1.078
1789246862,245402617,20.589,robot_0,2.179,1.631
1789246862,245470873,20.589,robot_2,-1.599,-0.440
1789246862,245503150,20.589,robot_1,-0.893,-1.079
1789246862,452147479,20.796,robot_0,2.179,1.631
1789246862,452210297,20.796,robot_2,-1.599,-0.440
1789246862,452238035,20.796,robot_1,-0.893,-1.079
1789246862,655726394,21.000,robot_0,2.179,1.630
1789246862,655791996,21.000,robot_2,-1.599,-0.441
1789246862,655821961,21.000,robot_1,-0.892,-1.080
1789246862,859004589,21.203,robot_0,2.178,1.630
1789246862,859066470,21.203,robot_2,-1.599,-0.441
1789246862,859094152,21.203,robot_1,-0.892,-1.080
1789246863,69005097,21.413,robot_0,2.178,1.630
1789246863,69067823,21.413,robot_2,-1.599,-0.442
1789246863,69097274,21.413,robot_1,-0.891,-1.080
1789246863,274366296,21.618,robot_0,2.178,1.629
1789246863,274431492,21.618,robot_2,-1.598,-0.442
1789246863,274466003,21.618,robot_1,-0.891,-1.081
1789246863,489235054,21.833,robot_0,2.178,1.629
1789246863,489302273,21.833,robot_2,-1.598,-0.443
1789246863,489332791,21.833,robot_1,-0.890,-1.081
1789246863,705837575,22.050,robot_0,2.178,1.629
1789246863,705904886,22.050,robot_2,-1.597,-0.443
1789246863,705940364,22.050,robot_1,-0.890,-1.081
1789246863,908714890,22.253,robot_0,2.179,1.628
1789246863,908794561,22.253,robot_2,-1.597,-0.443
1789246863,908824813,22.253,robot_1,-0.882,-1.122
1789246864,130397135,22.474,robot_0,2.179,1.628
1789246864,130468156,22.474,robot_2,-1.596,-0.443
1789246864,130497032,22.474,robot_1,-0.884,-1.115
1789246864,331536998,22.675,robot_0,2.179,1.628
1789246864,331611615,22.676,robot_2,-1.596,-0.443
1789246864,331645419,22.682,robot_1,-0.894,-1.043
1789246864,555564709,22.899,robot_0,2.179,1.628
1789246864,555628470,22.900,robot_2,-1.595,-0.443
1789246864,555660879,22.900,robot_1,-0.896,-0.995
1789246864,765145646,23.109,robot_0,2.180,1.628
1789246864,765207962,23.109,robot_2,-1.595,-0.442
1789246864,765234299,23.109,robot_1,-0.895,-1.040
1789246864,995705740,23.340,robot_0,2.180,1.628
1789246864,995771240,23.340,robot_2,-1.594,-0.442
1789246864,995798481,23.340,robot_1,-0.895,-1.040
1789246865,209605680,23.554,robot_0,2.181,1.628
1789246865,209674205,23.554,robot_2,-1.594,-0.442
1789246865,209698934,23.554,robot_1,-0.886,-0.986
1789246865,415820361,23.760,robot_0,2.181,1.628
1789246865,415884613,23.760,robot_2,-1.594,-0.441
1789246865,415917828,23.760,robot_1,-0.878,-0.934
1789246865,621846913,23.966,robot_0,2.174,1.664
1789246865,621912232,23.966,robot_2,-1.594,-0.441
1789246865,621947446,23.966,robot_1,-0.877,-0.934
1789246865,829456606,24.173,robot_0,2.163,1.723
1789246865,829530749,24.173,robot_2,-1.594,-0.441
1789246865,829563349,24.173,robot_1,-0.877,-0.934
1789246866,33807950,24.378,robot_0,2.163,1.725
1789246866,33876154,24.378,robot_2,-1.594,-0.440
1789246866,33902849,24.378,robot_1,-0.877,-0.934
1789246866,261383038,24.605,robot_0,2.163,1.725
1789246866,261446396,24.605,robot_2,-1.594,-0.441
1789246866,261472941,24.605,robot_1,-0.876,-0.934
1789246866,476607102,24.821,robot_0,2.167,1.720
1789246866,476677561,24.821,robot_2,-1.594,-0.441
1789246866,476707266,24.821,robot_1,-0.876,-0.933
1789246866,761564184,25.105,robot_0,2.196,1.690
1789246866,761624471,25.106,robot_2,-1.624,-0.443
1789246866,761649244,25.106,robot_1,-0.875,-0.933
1789246866,993164790,25.337,robot_0,2.219,1.665
1789246866,993233990,25.337,robot_2,-1.639,-0.444
1789246866,993261170,25.337,robot_1,-0.875,-0.932
1789246867,204378066,25.548,robot_0,2.236,1.644
1789246867,204450419,25.548,robot_2,-1.603,-0.438
1789246867,204483589,25.548,robot_1,-0.875,-0.932
1789246867,407484145,25.751,robot_0,2.236,1.644
1789246867,407551060,25.751,robot_2,-1.561,-0.430
1789246867,407577509,25.751,robot_1,-0.875,-0.931
1789246867,611529742,25.955,robot_0,2.236,1.644
1789246867,611597140,25.955,robot_2,-1.520,-0.421
1789246867,611626118,25.956,robot_1,-0.875,-0.931
1789246867,835908193,26.180,robot_0,2.237,1.645
1789246867,835985245,26.180,robot_2,-1.469,-0.410
1789246867,836018014,26.180,robot_1,-0.875,-0.930
1789246868,47885461,26.392,robot_0,2.237,1.645
1789246868,47957861,26.392,robot_2,-1.418,-0.399
1789246868,47984694,26.392,robot_1,-0.876,-0.929
1789246868,256648881,26.601,robot_0,2.237,1.645
1789246868,256720408,26.601,robot_2,-1.405,-0.397
1789246868,256749820,26.601,robot_1,-0.876,-0.929
1789246868,469225329,26.813,robot_0,2.237,1.646
1789246868,469297351,26.813,robot_2,-1.405,-0.397
1789246868,469330322,26.813,robot_1,-0.876,-0.929
1789246868,673704789,27.018,robot_0,2.237,1.646
1789246868,673780453,27.018,robot_2,-1.372,-0.402
1789246868,673827400,27.018,robot_1,-0.877,-0.929
1789246868,895410875,27.239,robot_0,2.236,1.646
1789246868,895477370,27.239,robot_2,-1.337,-0.410
1789246868,895509417,27.239,robot_1,-0.878,-0.929
1789246869,96713450,27.441,robot_0,2.236,1.647
1789246869,96785179,27.441,robot_2,-1.394,-0.399
1789246869,96813066,27.441,robot_1,-0.878,-0.929
1789246869,308967331,27.653,robot_0,2.236,1.647
1789246869,309041111,27.653,robot_2,-1.440,-0.390
1789246869,309077284,27.653,robot_1,-0.875,-0.915
1789246869,510542505,27.854,robot_0,2.235,1.647
1789246869,510615835,27.855,robot_2,-1.416,-0.395
1789246869,510649800,27.855,robot_1,-0.865,-0.860
1789246869,711001993,28.055,robot_0,2.235,1.647
1789246869,711071440,28.055,robot_2,-1.416,-0.395
1789246869,711105197,28.055,robot_1,-0.868,-0.874
1789246869,940833844,28.285,robot_0,2.235,1.647
1789246869,940908599,28.285,robot_2,-1.416,-0.394
1789246869,940948591,28.285,robot_1,-0.868,-0.877
1789246870,170998681,28.515,robot_0,2.234,1.647
1789246870,171072981,28.515,robot_2,-1.417,-0.394
1789246870,171108133,28.515,robot_1,-0.858,-0.822
1789246870,387468626,28.731,robot_0,2.234,1.646
1789246870,387529971,28.731,robot_2,-1.417,-0.393
1789246870,387558518,28.731,robot_1,-0.847,-0.769
1789246870,598139246,28.942,robot_0,2.233,1.647
1789246870,598203587,28.942,robot_2,-1.417,-0.393
1789246870,598229566,28.942,robot_1,-0.840,-0.732
1789246870,820840510,29.165,robot_0,2.194,1.687
1789246870,820900841,29.165,robot_2,-1.418,-0.392
1789246870,820933662,29.165,robot_1,-0.837,-0.717
1789246871,33136977,29.377,robot_0,2.163,1.719
1789246871,33198516,29.377,robot_2,-1.418,-0.392
1789246871,33224759,29.377,robot_1,-0.851,-0.756
1789246871,255341304,29.599,robot_0,2.129,1.755
1789246871,255403732,29.599,robot_2,-1.419,-0.392
1789246871,255434191,29.599,robot_1,-0.856,-0.768
1789246871,468021605,29.812,robot_0,2.119,1.764
1789246871,468123488,29.812,robot_2,-1.419,-0.392
1789246871,468159556,29.812,robot_1,-0.897,-0.826
1789246871,673368420,30.017,robot_0,2.120,1.764
1789246871,673437449,30.017,robot_2,-1.420,-0.393
1789246871,673466754,30.017,robot_1,-0.924,-0.860
1789246871,896203946,30.240,robot_0,2.120,1.765
1789246871,896270915,30.240,robot_2,-1.420,-0.393
1789246871,896298297,30.240,robot_1,-0.925,-0.860
1789246872,110153290,30.454,robot_0,2.121,1.765
1789246872,110208428,30.454,robot_2,-1.421,-0.393
1789246872,110229936,30.454,robot_1,-0.928,-0.866
1789246872,316724034,30.661,robot_0,2.121,1.764
1789246872,316794355,30.661,robot_2,-1.421,-0.394
1789246872,316823237,30.661,robot_1,-0.958,-0.942
1789246872,523733148,30.868,robot_0,2.122,1.764
1789246872,523804451,30.868,robot_2,-1.421,-0.394
1789246872,523839392,30.868,robot_1,-0.958,-0.941
1789246872,740036433,31.084,robot_0,2.122,1.764
1789246872,740101234,31.084,robot_2,-1.453,-0.391
1789246872,740129781,31.084,robot_1,-0.957,-0.939
1789246872,951290798,31.295,robot_0,2.122,1.763
1789246872,951354523,31.295,robot_2,-1.499,-0.386
1789246872,951381212,31.295,robot_1,-0.987,-0.995
1789246873,160743495,31.505,robot_0,2.123,1.763
1789246873,160810016,31.505,robot_2,-1.551,-0.380
1789246873,160843338,31.505,robot_1,-1.010,-1.036
1789246873,368001174,31.712,robot_0,2.123,1.762
1789246873,368067261,31.712,robot_2,-1.597,-0.375
1789246873,368095590,31.712,robot_1,-1.047,-1.095
1789246873,571335291,31.915,robot_0,2.155,1.758
1789246873,571409681,31.915,robot_2,-1.598,-0.374
1789246873,571441415,31.915,robot_1,-1.066,-1.124
1789246873,775021505,32.119,robot_0,2.204,1.751
1789246873,775090784,32.119,robot_2,-1.597,-0.374
1789246873,775117722,32.119,robot_1,-1.106,-1.185
1789246873,982958566,32.327,robot_0,2.244,1.746
1789246873,983034264,32.329,robot_2,-1.597,-0.373
1789246873,985196470,32.329,robot_1,-1.119,-1.205
1789246874,190284736,32.534,robot_0,2.247,1.745
1789246874,190354163,32.534,robot_2,-1.597,-0.373
1789246874,190385644,32.534,robot_1,-1.099,-1.175
1789246874,392119170,32.736,robot_0,2.247,1.745
1789246874,392191077,32.736,robot_2,-1.596,-0.373
1789246874,392226446,32.736,robot_1,-1.116,-1.200
1789246874,602744159,32.947,robot_0,2.247,1.746
1789246874,602813294,32.947,robot_2,-1.595,-0.372
1789246874,602847511,32.947,robot_1,-1.116,-1.201
1789246874,814725362,33.159,robot_0,2.247,1.746
1789246874,814820385,33.159,robot_2,-1.595,-0.372
1789246874,814853983,33.159,robot_1,-1.117,-1.200
1789246875,15535258,33.359,robot_0,2.247,1.746
1789246875,15600880,33.359,robot_2,-1.594,-0.373
1789246875,15626857,33.360,robot_1,-1.118,-1.200
1789246875,227820055,33.572,robot_0,2.246,1.747
1789246875,227894806,33.572,robot_2,-1.593,-0.373
1789246875,227942975,33.572,robot_1,-1.118,-1.200
1789246875,435542198,33.779,robot_0,2.246,1.747
1789246875,435610295,33.780,robot_2,-1.593,-0.373
1789246875,435642322,33.780,robot_1,-1.119,-1.201
1789246875,651333425,33.995,robot_0,2.246,1.747
1789246875,651403829,33.995,robot_2,-1.593,-0.373
1789246875,651435800,33.995,robot_1,-1.119,-1.201
1789246875,870232916,34.214,robot_0,2.245,1.747
1789246875,870304652,34.214,robot_2,-1.593,-0.373
1789246875,870332438,34.214,robot_1,-1.119,-1.201
1789246876,86681906,34.431,robot_0,2.245,1.747
1789246876,86747804,34.431,robot_2,-1.594,-0.373
1789246876,86775799,34.431,robot_1,-1.120,-1.202
1789246876,295279009,34.639,robot_0,2.244,1.747
1789246876,295343800,34.639,robot_2,-1.594,-0.373
1789246876,295369111,34.639,robot_1,-1.120,-1.202
1789246876,501378137,34.845,robot_0,2.244,1.747
1789246876,501445762,34.845,robot_2,-1.595,-0.373
1789246876,501478557,34.845,robot_1,-1.120,-1.203
1789246876,714605928,35.059,robot_0,2.244,1.746
1789246876,714694360,35.059,robot_2,-1.595,-0.373
1789246876,714729024,35.059,robot_1,-1.120,-1.203
1789246876,922279355,35.266,robot_0,2.244,1.746
1789246876,922347555,35.266,robot_2,-1.596,-0.373
1789246876,922376960,35.266,robot_1,-1.120,-1.204
1789246877,130086551,35.474,robot_0,2.244,1.745
1789246877,130151632,35.474,robot_2,-1.596,-0.374
1789246877,130180594,35.474,robot_1,-1.120,-1.205
1789246877,339537431,35.683,robot_0,2.233,1.748
1789246877,339608021,35.684,robot_2,-1.596,-0.374
1789246877,343171402,35.687,robot_1,-1.119,-1.205
1789246877,544689854,35.889,robot_0,2.197,1.755
1789246877,544755982,35.889,robot_2,-1.597,-0.375
1789246877,544781929,35.889,robot_1,-1.119,-1.205
1789246877,745522748,36.089,robot_0,2.147,1.765
1789246877,745594934,36.089,robot_2,-1.597,-0.375
1789246877,745627172,36.090,robot_1,-1.102,-1.185
1789246877,970895519,36.315,robot_0,2.118,1.771
1789246877,970965413,36.315,robot_2,-1.597,-0.376
1789246877,970995502,36.315,robot_1,-1.086,-1.167
1789246878,181272563,36.525,robot_0,2.118,1.771
1789246878,181332004,36.525,robot_2,-1.596,-0.376
1789246878,181353474,36.525,robot_1,-1.033,-1.118
1789246878,384212880,36.728,robot_0,2.089,1.785
1789246878,384276797,36.728,robot_2,-1.596,-0.376
1789246878,384303413,36.728,robot_1,-1.014,-1.100
1789246878,597412220,36.941,robot_0,2.065,1.798
1789246878,597479185,36.941,robot_2,-1.596,-0.377
1789246878,597510602,36.941,robot_1,-1.049,-1.133
1789246878,816747251,37.161,robot_0,2.059,1.804
1789246878,816819718,37.161,robot_2,-1.580,-0.363
1789246878,816854043,37.161,robot_1,-1.057,-1.141
1789246879,43981841,37.388,robot_0,2.016,1.849
1789246879,44055485,37.388,robot_2,-1.535,-0.326
1789246879,44117283,37.388,robot_1,-1.056,-1.142
1789246879,252007554,37.596,robot_0,2.009,1.857
1789246879,252080673,37.596,robot_2,-1.538,-0.327
1789246879,252116525,37.596,robot_1,-1.057,-1.144
1789246879,460286083,37.804,robot_0,2.009,1.857
1789246879,460366533,37.804,robot_2,-1.578,-0.344
1789246879,460397329,37.804,robot_1,-1.079,-1.187
1789246879,667149499,38.011,robot_0,1.991,1.882
1789246879,667224529,38.011,robot_2,-1.573,-0.343
1789246879,667254374,38.011,robot_1,-1.088,-1.206
1789246879,882010219,38.226,robot_0,1.975,1.904
1789246879,882080660,38.226,robot_2,-1.514,-0.324
1789246879,882114973,38.226,robot_1,-1.091,-1.212
1789246880,92070540,38.436,robot_0,2.008,1.856
1789246880,92141121,38.436,robot_2,-1.445,-0.303
1789246880,92175764,38.436,robot_1,-1.114,-1.255
1789246880,311636571,38.656,robot_0,2.032,1.820
1789246880,311703345,38.656,robot_2,-1.379,-0.283
1789246880,311733520,38.656,robot_1,-1.135,-1.295
1789246880,514007890,38.858,robot_0,2.045,1.795
1789246880,514078247,38.858,robot_2,-1.316,-0.264
1789246880,514124940,38.858,robot_1,-1.138,-1.302
1789246880,724259377,39.068,robot_0,2.072,1.743
1789246880,724320843,39.068,robot_2,-1.308,-0.262
1789246880,724352560,39.068,robot_1,-1.139,-1.302
1789246880,935898760,39.280,robot_0,2.093,1.705
1789246880,935970617,39.280,robot_2,-1.309,-0.262
1789246880,936007247,39.280,robot_1,-1.139,-1.301
1789246881,136741961,39.481,robot_0,2.105,1.682
1789246881,149014736,39.493,robot_2,-1.283,-0.248
1789246881,149114403,39.493,robot_1,-1.139,-1.301
1789246881,367165551,39.711,robot_0,2.105,1.682
1789246881,367229791,39.711,robot_2,-1.222,-0.209
1789246881,367280909,39.711,robot_1,-1.140,-1.300
1789246881,581299499,39.925,robot_0,2.104,1.700
1789246881,581366309,39.925,robot_2,-1.191,-0.187
1789246881,581403306,39.925,robot_1,-1.140,-1.300
1789246881,786401834,40.130,robot_0,2.102,1.731
1789246881,786474426,40.130,robot_2,-1.142,-0.150
1789246881,786519958,40.130,robot_1,-1.140,-1.299
1789246881,986879533,40.331,robot_0,2.102,1.731
1789246881,986948989,40.331,robot_2,-1.165,-0.167
1789246881,986981636,40.331,robot_1,-1.140,-1.300
1789246882,188507792,40.532,robot_0,2.102,1.731
1789246882,188570745,40.532,robot_2,-1.174,-0.174
1789246882,188602290,40.532,robot_1,-1.139,-1.300
1789246882,410656202,40.755,robot_0,2.102,1.731
1789246882,410728141,40.755,robot_2,-1.174,-0.174
1789246882,410763720,40.755,robot_1,-1.139,-1.301
1789246882,614805141,40.959,robot_0,2.102,1.731
1789246882,614878075,40.959,robot_2,-1.173,-0.174
1789246882,614913053,40.959,robot_1,-1.139,-1.301
1789246882,840995355,41.185,robot_0,2.101,1.731
1789246882,841068510,41.185,robot_2,-1.173,-0.175
1789246882,841108051,41.185,robot_1,-1.138,-1.301
1789246883,47972517,41.392,robot_0,2.101,1.731
1789246883,48043186,41.392,robot_2,-1.172,-0.175
1789246883,48078151,41.392,robot_1,-1.138,-1.301
1789246883,254083809,41.598,robot_0,2.101,1.730
1789246883,254158228,41.598,robot_2,-1.172,-0.175
1789246883,254201092,41.598,robot_1,-1.137,-1.302
1789246883,469783698,41.814,robot_0,2.101,1.730
1789246883,471423932,41.815,robot_2,-1.171,-0.174
1789246883,471508508,41.815,robot_1,-1.137,-1.301
1789246883,678722803,42.023,robot_0,2.101,1.729
1789246883,678790953,42.023,robot_2,-1.171,-0.174
1789246883,678823822,42.023,robot_1,-1.136,-1.301
1789246883,884471329,42.228,robot_0,2.101,1.729
1789246883,884533727,42.228,robot_2,-1.171,-0.174
1789246883,884566779,42.228,robot_1,-1.136,-1.301
1789246884,132350241,42.476,robot_0,2.101,1.729
1789246884,132420055,42.476,robot_2,-1.170,-0.174
1789246884,132460030,42.476,robot_1,-1.135,-1.301
1789246884,346027678,42.690,robot_0,2.102,1.728
1789246884,346102939,42.690,robot_2,-1.170,-0.173
1789246884,346137383,42.690,robot_1,-1.135,-1.300
1789246884,588627128,42.933,robot_0,2.102,1.728
1789246884,588703967,42.933,robot_2,-1.170,-0.172
1789246884,588735701,42.933,robot_1,-1.135,-1.299
1789246884,804685806,43.149,robot_0,2.102,1.728
1789246884,804757844,43.152,robot_2,-1.170,-0.172
1789246884,807859451,43.152,robot_1,-1.112,-1.304
1789246885,32157398,43.376,robot_0,2.102,1.725
1789246885,32228698,43.376,robot_2,-1.170,-0.171
1789246885,32266326,43.376,robot_1,-1.063,-1.315
1789246885,243327298,43.587,robot_0,2.098,1.680
1789246885,243408006,43.587,robot_2,-1.170,-0.171
1789246885,243448310,43.587,robot_1,-1.018,-1.325
1789246885,492425353,43.836,robot_0,2.093,1.636
1789246885,492493454,43.836,robot_2,-1.171,-0.171
1789246885,492531199,43.836,robot_1,-0.996,-1.330
1789246885,711263615,44.055,robot_0,2.088,1.589
1789246885,711330462,44.055,robot_2,-1.171,-0.170
1789246885,711373648,44.055,robot_1,-0.996,-1.330
1789246885,919641392,44.264,robot_0,2.088,1.589
1789246885,919712049,44.264,robot_2,-1.172,-0.170
1789246885,919743011,44.264,robot_1,-0.996,-1.331
1789246886,129509230,44.473,robot_0,2.087,1.589
1789246886,129583678,44.473,robot_2,-1.171,-0.168
1789246886,129627921,44.474,robot_1,-0.997,-1.331
1789246886,345646642,44.690,robot_0,2.087,1.589
1789246886,345716434,44.690,robot_2,-1.160,-0.131
1789246886,345752685,44.690,robot_1,-0.997,-1.331
1789246886,565979349,44.910,robot_0,2.087,1.590
1789246886,566042118,44.910,robot_2,-1.145,-0.079
1789246886,566071854,44.910,robot_1,-0.998,-1.332
1789246886,767722240,45.112,robot_0,2.086,1.590
1789246886,767792163,45.112,robot_2,-1.132,-0.035
1789246886,767831504,45.112,robot_1,-0.999,-1.332
1789246886,968392639,45.312,robot_0,2.086,1.591
1789246886,968454268,45.312,robot_2,-1.128,-0.022
1789246886,968490224,45.312,robot_1,-1.000,-1.331
1789246887,174846922,45.519,robot_0,2.086,1.591
1789246887,174908707,45.519,robot_2,-1.128,-0.022
1789246887,174947518,45.519,robot_1,-1.000,-1.331
1789246887,385212005,45.729,robot_0,2.087,1.592
1789246887,385280976,45.729,robot_2,-1.129,-0.022
1789246887,385322965,45.729,robot_1,-1.001,-1.331
1789246887,596316728,45.940,robot_0,2.087,1.592
1789246887,596407586,45.940,robot_2,-1.129,-0.022
1789246887,596440798,45.940,robot_1,-1.001,-1.330
1789246887,814713143,46.159,robot_0,2.087,1.592
1789246887,814774449,46.159,robot_2,-1.130,-0.022
1789246887,814809457,46.159,robot_1,-1.001,-1.330
1789246888,21653316,46.366,robot_0,2.087,1.593
1789246888,21722718,46.366,robot_2,-1.130,-0.023
1789246888,21758799,46.366,robot_1,-1.001,-1.331
1789246888,230792554,46.575,robot_0,2.087,1.593
1789246888,230850267,46.575,robot_2,-1.131,-0.024
1789246888,230880016,46.575,robot_1,-1.000,-1.331
1789246888,432421870,46.776,robot_0,2.087,1.592
1789246888,432485008,46.776,robot_2,-1.131,-0.024
1789246888,432515685,46.776,robot_1,-1.000,-1.331
1789246888,656292560,47.000,robot_0,2.087,1.592
1789246888,656353368,47.000,robot_2,-1.131,-0.025
1789246888,656385493,47.000,robot_1,-0.999,-1.331
1789246888,874718052,47.219,robot_0,2.087,1.592
1789246888,874782734,47.219,robot_2,-1.131,-0.025
1789246888,874822322,47.219,robot_1,-0.998,-1.331
1789246889,87494684,47.431,robot_0,2.087,1.591
1789246889,87558080,47.431,robot_2,-1.121,-0.021
1789246889,87599341,47.431,robot_1,-0.998,-1.331
1789246889,291410311,47.635,robot_0,2.087,1.591
1789246889,291471855,47.635,robot_2,-1.057,0.009
1789246889,291509969,47.635,robot_1,-0.997,-1.330
1789246889,505803823,47.850,robot_0,2.087,1.590
1789246889,505867674,47.850,robot_2,-1.041,0.016
1789246889,505900615,47.850,robot_1,-0.997,-1.330
1789246889,711507796,48.055,robot_0,2.088,1.590
1789246889,711569998,48.055,robot_2,-0.985,0.056
1789246889,711605407,48.055,robot_1,-0.997,-1.330
1789246889,919078417,48.263,robot_0,2.088,1.590
1789246889,919680476,48.264,robot_2,-0.986,0.055
1789246889,919754412,48.264,robot_1,-0.997,-1.329
1789246890,128199681,48.472,robot_0,2.088,1.590
1789246890,128272809,48.472,robot_2,-1.006,0.040
1789246890,128310560,48.472,robot_1,-0.996,-1.328
1789246890,328242985,48.672,robot_0,2.089,1.590
1789246890,328309183,48.672,robot_2,-0.995,0.046
1789246890,328352585,48.672,robot_1,-0.996,-1.328
1789246890,548528152,48.892,robot_0,2.089,1.590
1789246890,548592821,48.892,robot_2,-0.928,0.080
1789246890,548631828,48.893,robot_1,-0.997,-1.327
1789246890,767752602,49.112,robot_0,2.089,1.590
1789246890,767816233,49.112,robot_2,-0.927,0.081
1789246890,767855655,49.112,robot_1,-0.997,-1.327
1789246890,979817801,49.324,robot_0,2.090,1.590
1789246890,979881824,49.324,robot_2,-0.927,0.082
1789246890,979917286,49.324,robot_1,-0.968,-1.310
1789246891,184390769,49.528,robot_0,2.098,1.580
1789246891,184456995,49.528,robot_2,-0.927,0.081
1789246891,184494854,49.528,robot_1,-0.935,-1.291
1789246891,389925533,49.734,robot_0,2.129,1.541
1789246891,389997232,49.734,robot_2,-0.935,0.076
1789246891,390041988,49.734,robot_1,-0.904,-1.274
1789246891,599681751,49.944,robot_0,2.155,1.509
1789246891,599745932,49.944,robot_2,-0.969,0.051
1789246891,599784493,49.944,robot_1,-0.873,-1.257
1789246891,799773304,50.144,robot_0,2.157,1.506
1789246891,799842189,50.144,robot_2,-0.975,0.046
1789246891,799886719,50.144,robot_1,-0.914,-1.280
1789246892,26950563,50.371,robot_0,2.178,1.483
1789246892,31083390,50.375,robot_2,-0.988,0.028
1789246892,31158584,50.375,robot_1,-0.934,-1.290
1789246892,246370461,50.590,robot_0,2.209,1.447
1789246892,246438301,50.590,robot_2,-1.014,-0.012
1789246892,246469829,50.590,robot_1,-0.904,-1.267
1789246892,459709342,50.804,robot_0,2.209,1.447
1789246892,459776484,50.804,robot_2,-1.036,-0.048
1789246892,459809845,50.804,robot_1,-0.871,-1.241
1789246892,668462587,51.012,robot_0,2.176,1.485
1789246892,668526541,51.012,robot_2,-1.062,-0.088
1789246892,668557658,51.012,robot_1,-0.860,-1.232
1789246892,885702623,51.230,robot_0,2.191,1.472
1789246892,885766440,51.230,robot_2,-1.083,-0.123
1789246892,885802122,51.230,robot_1,-0.915,-1.277
1789246893,98035900,51.442,robot_0,2.227,1.443
1789246893,98103463,51.442,robot_2,-1.091,-0.137
1789246893,98145274,51.442,robot_1,-0.917,-1.278
1789246893,308064038,51.652,robot_0,2.269,1.411
1789246893,308129642,51.652,robot_2,-1.116,-0.182
1789246893,308162561,51.652,robot_1,-0.883,-1.252
1789246893,523749234,51.868,robot_0,2.303,1.384
1789246893,523816858,51.868,robot_2,-1.119,-0.188
1789246893,523853161,51.868,robot_1,-0.875,-1.246
1789246893,748658189,52.093,robot_0,2.336,1.359
1789246893,748749040,52.093,robot_2,-1.119,-0.188
1789246893,748775900,52.093,robot_1,-0.876,-1.247
1789246893,967646786,52.312,robot_0,2.336,1.359
1789246893,967711639,52.312,robot_2,-1.124,-0.209
1789246893,967743535,52.312,robot_1,-0.925,-1.264
1789246894,177285841,52.521,robot_0,2.336,1.359
1789246894,177351104,52.521,robot_2,-1.138,-0.259
1789246894,177381167,52.521,robot_1,-0.953,-1.272
1789246894,385137029,52.729,robot_0,2.336,1.359
1789246894,385213596,52.729,robot_2,-1.148,-0.298
1789246894,385249034,52.729,robot_1,-0.914,-1.265
1789246894,585644127,52.930,robot_0,2.336,1.359
1789246894,585708741,52.930,robot_2,-1.152,-0.310
1789246894,585747458,52.930,robot_1,-0.915,-1.265
1789246894,799674449,53.144,robot_0,2.336,1.360
1789246894,799730968,53.144,robot_2,-1.151,-0.310
1789246894,799759912,53.144,robot_1,-0.938,-1.270
1789246895,6607943,53.351,robot_0,2.336,1.360
1789246895,6673874,53.351,robot_2,-1.149,-0.350
1789246895,6714484,53.351,robot_1,-0.938,-1.270
1789246895,229343925,53.573,robot_0,2.336,1.360
1789246895,229405111,53.573,robot_2,-1.143,-0.397
1789246895,229435111,53.573,robot_1,-0.938,-1.270
1789246895,447122124,53.791,robot_0,2.336,1.361
1789246895,447186911,53.791,robot_2,-1.148,-0.356
1789246895,447220945,53.791,robot_1,-0.938,-1.270
1789246895,662802858,54.007,robot_0,2.335,1.361
1789246895,662885777,54.007,robot_2,-1.153,-0.318
1789246895,662935573,54.007,robot_1,-0.938,-1.269
1789246895,887986583,54.232,robot_0,2.335,1.361
1789246895,888046975,54.232,robot_2,-1.165,-0.252
1789246895,888087843,54.232,robot_1,-0.938,-1.269
1789246896,95767640,54.440,robot_0,2.335,1.361
1789246896,95819744,54.440,robot_2,-1.177,-0.187
1789246896,95846618,54.440,robot_1,-0.939,-1.268
1789246896,298336791,54.642,robot_0,2.334,1.361
1789246896,298397506,54.642,robot_2,-1.187,-0.132
1789246896,298438181,54.642,robot_1,-0.939,-1.268
1789246896,499385645,54.843,robot_0,2.334,1.361
1789246896,499442775,54.843,robot_2,-1.191,-0.117
1789246896,499475384,54.843,robot_1,-0.940,-1.268
1789246896,708514672,55.052,robot_0,2.334,1.361
1789246896,708576289,55.052,robot_2,-1.213,-0.056
1789246896,708613437,55.053,robot_1,-0.940,-1.268
1789246896,912233913,55.256,robot_0,2.333,1.361
1789246896,912293258,55.256,robot_2,-1.210,-0.065
1789246896,912328599,55.256,robot_1,-0.941,-1.268
1789246897,120940195,55.465,robot_0,2.333,1.361
1789246897,121007967,55.465,robot_2,-1.201,-0.089
1789246897,121041330,55.465,robot_1,-0.941,-1.268
1789246897,333379221,55.677,robot_0,2.333,1.361
1789246897,333447294,55.677,robot_2,-1.200,-0.089
1789246897,333486510,55.677,robot_1,-0.942,-1.268
1789246897,557402475,55.901,robot_0,2.333,1.360
1789246897,557472908,55.901,robot_2,-1.200,-0.088
1789246897,557514803,55.901,robot_1,-0.942,-1.269
1789246897,778450466,56.122,robot_0,2.332,1.361
1789246897,778521853,56.122,robot_2,-1.200,-0.088
1789246897,778561909,56.122,robot_1,-0.943,-1.269
1789246897,988809449,56.333,robot_0,2.302,1.386
1789246897,988871338,56.333,robot_2,-1.200,-0.088
1789246897,988910288,56.333,robot_1,-0.943,-1.270
1789246898,213720664,56.558,robot_0,2.260,1.423
1789246898,213789182,56.558,robot_2,-1.199,-0.087
1789246898,213825620,56.558,robot_1,-0.943,-1.270
1789246898,431124214,56.775,robot_0,2.229,1.450
1789246898,431188772,56.775,robot_2,-1.199,-0.086
1789246898,431222111,56.775,robot_1,-0.920,-1.272
1789246898,659854416,57.004,robot_0,2.229,1.450
1789246898,659915241,57.004,robot_2,-1.200,-0.086
1789246898,659956120,57.004,robot_1,-0.837,-1.280
1789246898,866224442,57.210,robot_0,2.229,1.451
1789246898,866284241,57.210,robot_2,-1.200,-0.085
1789246898,866318863,57.210,robot_1,-0.771,-1.286
1789246899,68008394,57.412,robot_0,2.230,1.451
1789246899,68079090,57.412,robot_2,-1.200,-0.085
1789246899,68122935,57.412,robot_1,-0.798,-1.283
1789246899,284392734,57.628,robot_0,2.230,1.451
1789246899,284452819,57.628,robot_2,-1.200,-0.085
1789246899,284485543,57.628,robot_1,-0.805,-1.283
1789246899,486240138,57.830,robot_0,2.231,1.451
1789246899,486311288,57.830,robot_2,-1.201,-0.085
1789246899,486355576,57.830,robot_1,-0.787,-1.285
1789246899,706908961,58.051,robot_0,2.231,1.450
1789246899,706991844,58.051,robot_2,-1.201,-0.084
1789246899,707036999,58.051,robot_1,-0.787,-1.284
1789246899,926693177,58.271,robot_0,2.232,1.450
1789246899,926755150,58.271,robot_2,-1.202,-0.084
1789246899,926787430,58.271,robot_1,-0.766,-1.292
1789246900,144175320,58.488,robot_0,2.232,1.450
1789246900,144245642,58.488,robot_2,-1.202,-0.084
1789246900,144290296,58.488,robot_1,-0.712,-1.310
1789246900,346648525,58.691,robot_0,2.232,1.449
1789246900,346714815,58.691,robot_2,-1.203,-0.085
1789246900,346751628,58.691,robot_1,-0.636,-1.336
1789246900,553990277,58.898,robot_0,2.241,1.451
1789246900,554054425,58.898,robot_2,-1.203,-0.084
1789246900,554093640,58.898,robot_1,-0.597,-1.349
1789246900,773307040,59.117,robot_0,2.297,1.466
1789246900,773368224,59.117,robot_2,-1.213,-0.038
1789246900,773399880,59.117,robot_1,-0.637,-1.335
1789246900,982843506,59.327,robot_0,2.304,1.468
1789246900,982901672,59.327,robot_2,-1.212,-0.043
1789246900,982944710,59.327,robot_1,-0.637,-1.335
1789246901,196045181,59.540,robot_0,2.353,1.475
1789246901,196108711,59.540,robot_2,-1.191,-0.098
1789246901,201551697,59.545,robot_1,-0.625,-1.341
1789246901,417519860,59.761,robot_0,2.314,1.470
1789246901,417582680,59.761,robot_2,-1.186,-0.109
1789246901,417625643,59.762,robot_1,-0.564,-1.373
1789246901,627202103,59.971,robot_0,2.280,1.465
1789246901,627269682,59.971,robot_2,-1.147,-0.178
1789246901,627303863,59.971,robot_1,-0.541,-1.385
1789246901,851210045,60.203,robot_0,2.274,1.463
1789246901,859444563,60.203,robot_2,-1.114,-0.235
1789246901,859509916,60.203,robot_1,-0.541,-1.385
1789246902,63339542,60.407,robot_0,2.225,1.437
1789246902,63400395,60.407,robot_2,-1.098,-0.262
1789246902,63431350,60.407,robot_1,-0.541,-1.385
1789246902,267648738,60.612,robot_0,2.216,1.432
1789246902,267712032,60.612,robot_2,-1.114,-0.234
1789246902,267744176,60.612,robot_1,-0.541,-1.385
1789246902,479967310,60.824,robot_0,2.216,1.432
1789246902,480033116,60.824,robot_2,-1.092,-0.270
1789246902,480074692,60.824,robot_1,-0.541,-1.386
1789246902,690548549,61.034,robot_0,2.216,1.432
1789246902,690610895,61.035,robot_2,-1.087,-0.278
1789246902,690642586,61.035,robot_1,-0.541,-1.386
1789246902,894698164,61.239,robot_0,2.215,1.433
1789246902,894759109,61.239,robot_2,-1.087,-0.278
1789246902,894791458,61.239,robot_1,-0.541,-1.387
1789246903,111733035,61.456,robot_0,2.215,1.433
1789246903,111793557,61.456,robot_2,-1.074,-0.311
1789246903,111827664,61.456,robot_1,-0.541,-1.387
1789246903,324729325,61.669,robot_0,2.214,1.433
1789246903,324784796,61.669,robot_2,-1.071,-0.319
1789246903,324815747,61.669,robot_1,-0.540,-1.388
1789246903,538078096,61.882,robot_0,2.214,1.432
1789246903,538153691,61.882,robot_2,-1.052,-0.376
1789246903,538189040,61.882,robot_1,-0.540,-1.388
1789246903,757619005,62.102,robot_0,2.214,1.432
1789246903,757683411,62.102,robot_2,-1.039,-0.418
1789246903,757715463,62.102,robot_1,-0.540,-1.389
1789246903,963184146,62.307,robot_0,2.213,1.432
1789246903,963253187,62.307,robot_2,-1.039,-0.418
1789246903,963291581,62.307,robot_1,-0.539,-1.389
1789246904,167962056,62.512,robot_0,2.213,1.432
1789246904,168027191,62.512,robot_2,-1.039,-0.418
1789246904,168058809,62.512,robot_1,-0.539,-1.389
1789246904,386031669,62.730,robot_0,2.213,1.431
1789246904,386122546,62.730,robot_2,-1.039,-0.419
1789246904,386169390,62.730,robot_1,-0.538,-1.389
1789246904,597060952,62.941,robot_0,2.213,1.431
1789246904,597131713,62.941,robot_2,-1.040,-0.419
1789246904,597169706,62.941,robot_1,-0.537,-1.389
1789246904,813424724,63.157,robot_0,2.213,1.431
1789246904,813488385,63.157,robot_2,-1.040,-0.420
1789246904,813521400,63.157,robot_1,-0.537,-1.388
1789246905,30158692,63.374,robot_0,2.213,1.430
1789246905,30436898,63.374,robot_2,-1.040,-0.420
1789246905,30484072,63.380,robot_1,-0.537,-1.388
1789246905,239274204,63.583,robot_0,2.213,1.430
1789246905,239341057,63.583,robot_2,-1.040,-0.421
1789246905,239374599,63.583,robot_1,-0.536,-1.388
1789246905,472688451,63.817,robot_0,2.214,1.430
1789246905,472751731,63.817,robot_2,-1.040,-0.421
1789246905,472788462,63.817,robot_1,-0.536,-1.387
1789246905,675828155,64.020,robot_0,2.214,1.429
1789246905,675887452,64.020,robot_2,-1.039,-0.422
1789246905,675918023,64.020,robot_1,-0.530,-1.391
1789246905,885957640,64.230,robot_0,2.214,1.429
1789246905,886024561,64.230,robot_2,-1.039,-0.422
1789246905,886054289,64.230,robot_1,-0.495,-1.411
1789246906,91367199,64.435,robot_0,2.206,1.407
1789246906,91438637,64.435,robot_2,-1.039,-0.422
1789246906,91471635,64.435,robot_1,-0.450,-1.437
1789246906,307858927,64.652,robot_0,2.192,1.360
1789246906,307930078,64.652,robot_2,-1.038,-0.423
1789246906,307962535,64.652,robot_1,-0.407,-1.462
1789246906,517548475,64.861,robot_0,2.204,1.405
1789246906,517601649,64.861,robot_2,-1.038,-0.423
1789246906,517626290,64.862,robot_1,-0.395,-1.468
1789246906,721951997,65.066,robot_0,2.212,1.433
1789246906,722017214,65.066,robot_2,-1.037,-0.423
1789246906,722055110,65.066,robot_1,-0.396,-1.468
1789246906,944225978,65.288,robot_0,2.203,1.401
1789246906,944290807,65.288,robot_2,-1.038,-0.419
1789246906,944324264,65.288,robot_1,-0.396,-1.469
1789246907,162958798,65.507,robot_0,2.203,1.401
1789246907,163037039,65.507,robot_2,-1.053,-0.379
1789246907,163074131,65.507,robot_1,-0.397,-1.469
1789246907,372497104,65.716,robot_0,2.184,1.358
1789246907,372561708,65.716,robot_2,-1.050,-0.387
1789246907,372593266,65.716,robot_1,-0.398,-1.469
1789246907,583090617,65.927,robot_0,2.172,1.332
1789246907,583158464,65.927,robot_2,-1.036,-0.419
1789246907,583194881,65.927,robot_1,-0.398,-1.469
1789246907,786347344,66.130,robot_0,2.172,1.331
1789246907,786409208,66.130,robot_2,-1.036,-0.419
1789246907,786439093,66.130,robot_1,-0.399,-1.469
1789246908,3908633,66.349,robot_0,2.157,1.301
1789246908,5069948,66.349,robot_2,-1.036,-0.419
1789246908,5098565,66.349,robot_1,-0.400,-1.469
1789246908,218871676,66.563,robot_0,2.135,1.256
1789246908,218946210,66.563,robot_2,-1.037,-0.418
1789246908,218980762,66.563,robot_1,-0.400,-1.468
1789246908,420734246,66.765,robot_0,2.116,1.218
1789246908,420806989,66.765,robot_2,-1.080,-0.380
1789246908,420845561,66.765,robot_1,-0.400,-1.467
1789246908,620751545,66.965,robot_0,2.116,1.217
1789246908,620827145,66.965,robot_2,-1.112,-0.355
1789246908,620867807,66.965,robot_1,-0.401,-1.467
1789246908,829661950,67.174,robot_0,2.116,1.217
1789246908,829734241,67.174,robot_2,-1.073,-0.385
1789246908,833047493,67.177,robot_1,-0.426,-1.472
1789246909,38455662,67.382,robot_0,2.116,1.217
1789246909,38522463,67.382,robot_2,-1.093,-0.369
1789246909,38555737,67.382,robot_1,-0.466,-1.479
1789246909,247908994,67.592,robot_0,2.117,1.217
1789246909,247979754,67.592,robot_2,-1.123,-0.346
1789246909,248020016,67.592,robot_1,-0.511,-1.486
1789246909,463652459,67.808,robot_0,2.117,1.217
1789246909,463721957,67.808,robot_2,-1.123,-0.346
1789246909,463760454,67.808,robot_1,-0.512,-1.486
1789246909,672735115,68.017,robot_0,2.118,1.218
1789246909,672802937,68.017,robot_2,-1.123,-0.345
1789246909,672837273,68.021,robot_1,-0.512,-1.486
1789246909,875958093,68.220,robot_0,2.118,1.218
1789246909,876024847,68.220,robot_2,-1.123,-0.345
1789246909,876072195,68.220,robot_1,-0.512,-1.487
1789246910,80537356,68.424,robot_0,2.118,1.218
1789246910,80601426,68.424,robot_2,-1.123,-0.344
1789246910,80640195,68.425,robot_1,-0.511,-1.487
1789246910,317404467,68.661,robot_0,2.118,1.219
1789246910,317473369,68.661,robot_2,-1.123,-0.344
1789246910,317505560,68.661,robot_1,-0.511,-1.487
1789246910,518358056,68.862,robot_0,2.118,1.219
1789246910,518429376,68.862,robot_2,-1.123,-0.343
1789246910,518471837,68.862,robot_1,-0.511,-1.488
1789246910,730552237,69.075,robot_0,2.118,1.219
1789246910,731558534,69.075,robot_2,-1.124,-0.343
1789246910,731599872,69.075,robot_1,-0.510,-1.488
1789246910,937761014,69.282,robot_0,2.118,1.220
1789246910,937832986,69.282,robot_2,-1.124,-0.343
1789246910,937867210,69.282,robot_1,-0.510,-1.488
1789246911,142327312,69.486,robot_0,2.118,1.220
1789246911,142389056,69.486,robot_2,-1.124,-0.342
1789246911,142421694,69.486,robot_1,-0.509,-1.488
1789246911,349135651,69.693,robot_0,2.117,1.220
1789246911,349205619,69.693,robot_2,-1.125,-0.342
1789246911,349238626,69.693,robot_1,-0.509,-1.488
1789246911,557930570,69.902,robot_0,2.117,1.220
1789246911,558001064,69.902,robot_2,-1.125,-0.342
1789246911,558034272,69.902,robot_1,-0.508,-1.487
1789246911,758133306,70.102,robot_0,2.117,1.221
1789246911,758213037,70.102,robot_2,-1.126,-0.342
1789246911,758249136,70.102,robot_1,-0.508,-1.487
1789246911,978435883,70.322,robot_0,2.116,1.221
1789246911,978504690,70.322,robot_2,-1.126,-0.342
1789246911,978537839,70.322,robot_1,-0.507,-1.486
1789246912,195657078,70.540,robot_0,2.116,1.221
1789246912,202238192,70.546,robot_2,-1.127,-0.343
1789246912,202314139,70.546,robot_1,-0.507,-1.486
1789246912,415647624,70.760,robot_0,2.115,1.220
1789246912,415720515,70.760,robot_2,-1.127,-0.344
1789246912,415753975,70.760,robot_1,-0.507,-1.485
1789246912,643795909,70.988,robot_0,2.115,1.220
1789246912,644283044,70.988,robot_2,-1.103,-0.365
1789246912,644320259,70.988,robot_1,-0.507,-1.485
1789246912,857602905,71.202,robot_0,2.115,1.220
1789246912,857679128,71.202,robot_2,-1.058,-0.401
1789246912,857715945,71.202,robot_1,-0.504,-1.484
1789246913,81988332,71.426,robot_0,2.115,1.220
1789246913,82052499,71.426,robot_2,-1.033,-0.420
1789246913,82083577,71.426,robot_1,-0.459,-1.478
1789246913,296112130,71.640,robot_0,2.115,1.219
1789246913,296174491,71.640,robot_2,-0.987,-0.455
1789246913,296204563,71.640,robot_1,-0.444,-1.476
1789246913,503060648,71.847,robot_0,2.115,1.219
1789246913,503129307,71.847,robot_2,-0.950,-0.484
1789246913,503159609,71.847,robot_1,-0.414,-1.477
1789246913,711279877,72.055,robot_0,2.115,1.218
1789246913,711348435,72.055,robot_2,-0.981,-0.460
1789246913,711385732,72.055,robot_1,-0.436,-1.476
1789246913,913197009,72.257,robot_0,2.116,1.218
1789246913,913264092,72.257,robot_2,-1.014,-0.434
1789246913,913296045,72.257,robot_1,-0.492,-1.473
1789246914,122273220,72.466,robot_0,2.181,1.223
1789246914,122338300,72.466,robot_2,-1.053,-0.404
1789246914,122370451,72.466,robot_1,-0.495,-1.473
1789246914,331792877,72.676,robot_0,2.213,1.225
1789246914,331860323,72.676,robot_2,-1.056,-0.402
1789246914,331888863,72.676,robot_1,-0.456,-1.478
1789246914,534460196,72.878,robot_0,2.213,1.225
1789246914,534523273,72.878,robot_2,-1.056,-0.402
1789246914,534553731,72.878,robot_1,-0.433,-1.482
1789246914,739520537,73.083,robot_0,2.256,1.233
1789246914,739583810,73.083,robot_2,-1.055,-0.401
1789246914,739616012,73.084,robot_1,-0.433,-1.482
1789246914,949471010,73.293,robot_0,2.307,1.243
1789246914,949535819,73.293,robot_2,-1.055,-0.401
1789246914,949569526,73.293,robot_1,-0.435,-1.481
1789246915,178093817,73.522,robot_0,2.308,1.243
1789246915,178155873,73.522,robot_2,-1.054,-0.401
1789246915,178186557,73.522,robot_1,-0.506,-1.459
1789246915,383226266,73.727,robot_0,2.308,1.243
1789246915,383287878,73.727,robot_2,-1.053,-0.401
1789246915,383314760,73.727,robot_1,-0.592,-1.433
1789246915,613891932,73.958,robot_0,2.333,1.257
1789246915,613972136,73.958,robot_2,-1.053,-0.402
1789246915,614009879,73.958,robot_1,-0.620,-1.424
1789246915,821542870,74.165,robot_0,2.387,1.289
1789246915,821605960,74.166,robot_2,-1.052,-0.402
1789246915,821637848,74.166,robot_1,-0.640,-1.415
1789246916,22184547,74.366,robot_0,2.367,1.277
1789246916,22246584,74.366,robot_2,-1.052,-0.403
1789246916,22274807,74.366,robot_1,-0.687,-1.392
1789246916,240543072,74.584,robot_0,2.367,1.277
1789246916,240609839,74.585,robot_2,-1.052,-0.404
1789246916,240645829,74.585,robot_1,-0.687,-1.391
1789246916,454495357,74.798,robot_0,2.415,1.305
1789246916,454553402,74.798,robot_2,-1.052,-0.404
1789246916,454585025,74.798,robot_1,-0.687,-1.391
1789246916,659498865,75.003,robot_0,2.417,1.307
1789246916,659554962,75.003,robot_2,-1.052,-0.404
1789246916,659585198,75.003,robot_1,-0.687,-1.390
1789246916,866192484,75.210,robot_0,2.409,1.297
1789246916,866260382,75.210,robot_2,-1.082,-0.403
1789246916,866298286,75.210,robot_1,-0.687,-1.390
1789246917,68590913,75.413,robot_0,2.392,1.276
1789246917,68667652,75.413,robot_2,-1.113,-0.402
1789246917,68705203,75.413,robot_1,-0.688,-1.389
1789246917,272243190,75.616,robot_0,2.392,1.276
1789246917,272305057,75.616,robot_2,-1.067,-0.399
1789246917,272334798,75.616,robot_1,-0.688,-1.389
1789246917,499798017,75.844,robot_0,2.392,1.276
1789246917,499857367,75.844,robot_2,-1.044,-0.398
1789246917,499886821,75.844,robot_1,-0.688,-1.389
1789246917,710730465,76.055,robot_0,2.393,1.276
1789246917,710797219,76.055,robot_2,-1.068,-0.401
1789246917,710833400,76.055,robot_1,-0.689,-1.388
1789246917,912507288,76.256,robot_0,2.393,1.276
1789246917,915115302,76.259,robot_2,-1.130,-0.411
1789246917,915182845,76.259,robot_1,-0.689,-1.388
1789246918,123812972,76.468,robot_0,2.393,1.276
1789246918,123878183,76.468,robot_2,-1.144,-0.413
1789246918,123907921,76.468,robot_1,-0.690,-1.388
1789246918,329089041,76.673,robot_0,2.393,1.276
1789246918,329157725,76.673,robot_2,-1.144,-0.413
1789246918,329187007,76.673,robot_1,-0.690,-1.388
1789246918,539447211,76.883,robot_0,2.394,1.277
1789246918,539513744,76.883,robot_2,-1.145,-0.412
1789246918,539551676,76.883,robot_1,-0.691,-1.389
1789246918,762810951,77.107,robot_0,2.394,1.277
1789246918,762873976,77.107,robot_2,-1.145,-0.412
1789246918,762906175,77.116,robot_1,-0.691,-1.389
1789246918,999911157,77.344,robot_0,2.394,1.277
1789246918,999978939,77.344,robot_2,-1.146,-0.412
1789246919,12677,77.344,robot_1,-0.692,-1.389
1789246919,214798984,77.559,robot_0,2.394,1.278
1789246919,214860554,77.559,robot_2,-1.146,-0.412
1789246919,214895367,77.559,robot_1,-0.678,-1.397
1789246919,424961842,77.769,robot_0,2.394,1.278
1789246919,425015757,77.769,robot_2,-1.147,-0.412
1789246919,425039547,77.769,robot_1,-0.607,-1.436
1789246919,639326181,77.983,robot_0,2.394,1.278
1789246919,639379783,77.983,robot_2,-1.147,-0.412
1789246919,639409451,77.983,robot_1,-0.569,-1.457
1789246919,855036419,78.199,robot_0,2.394,1.279
1789246919,855088967,78.199,robot_2,-1.148,-0.412
1789246919,855120793,78.199,robot_1,-0.521,-1.483
1789246920,67310923,78.411,robot_0,2.393,1.279
1789246920,67361608,78.411,robot_2,-1.148,-0.412
1789246920,67386752,78.411,robot_1,-0.489,-1.502
1789246920,275498058,78.619,robot_0,2.393,1.279
1789246920,275563097,78.619,robot_2,-1.148,-0.412
1789246920,275597154,78.619,robot_1,-0.488,-1.503
1789246920,480491463,78.824,robot_0,2.393,1.280
1789246920,480556698,78.824,robot_2,-1.149,-0.413
1789246920,480591984,78.824,robot_1,-0.488,-1.503
1789246920,690869079,79.035,robot_0,2.417,1.320
1789246920,690937060,79.035,robot_2,-1.149,-0.413
1789246920,690966577,79.035,robot_1,-0.487,-1.503
1789246920,895276775,79.239,robot_0,2.426,1.337
1789246920,895337535,79.239,robot_2,-1.149,-0.414
1789246920,895375174,79.239,robot_1,-0.487,-1.503
1789246921,108394885,79.452,robot_0,2.394,1.281
1789246921,108459835,79.452,robot_2,-1.149,-0.414
1789246921,108497500,79.452,robot_1,-0.488,-1.503
1789246921,330058940,79.674,robot_0,2.356,1.215
1789246921,330136462,79.674,robot_2,-1.149,-0.415
1789246921,330164727,79.674,robot_1,-0.530,-1.474
1789246921,566667921,79.911,robot_0,2.355,1.214
1789246921,566738632,79.911,robot_2,-1.126,-0.409
1789246921,566775965,79.911,robot_1,-0.536,-1.470
1789246921,770132895,80.114,robot_0,2.355,1.214
1789246921,770192952,80.114,robot_2,-1.087,-0.398
1789246921,770217918,80.114,robot_1,-0.536,-1.470
1789246921,973757239,80.318,robot_0,2.353,1.198
1789246921,973830097,80.318,robot_2,-1.118,-0.407
1789246921,973869369,80.318,robot_1,-0.536,-1.471
1789246922,174829372,80.519,robot_0,2.351,1.152
1789246922,174889506,80.519,robot_2,-1.130,-0.411
1789246922,174915548,80.519,robot_1,-0.536,-1.471
1789246922,381603581,80.726,robot_0,2.350,1.100
1789246922,381665966,80.726,robot_2,-1.130,-0.411
1789246922,381693242,80.726,robot_1,-0.536,-1.472
1789246922,591467853,80.935,robot_0,2.350,1.075
1789246922,591540374,80.935,robot_2,-1.136,-0.414
1789246922,591577318,80.935,robot_1,-0.536,-1.472
1789246922,803908384,81.148,robot_0,2.350,1.075
1789246922,804000233,81.148,robot_2,-1.175,-0.429
1789246922,804029816,81.148,robot_1,-0.535,-1.473
1789246923,6840857,81.351,robot_0,2.350,1.075
1789246923,6907197,81.351,robot_2,-1.182,-0.432
1789246923,6944547,81.351,robot_1,-0.535,-1.473
1789246923,207460627,81.551,robot_0,2.349,1.075
1789246923,207525324,81.551,robot_2,-1.219,-0.440
1789246923,207556362,81.551,robot_1,-0.534,-1.473
1789246923,408347541,81.752,robot_0,2.349,1.074
1789246923,408408831,81.752,robot_2,-1.248,-0.446
1789246923,408440229,81.752,robot_1,-0.534,-1.474
1789246923,621089402,81.965,robot_0,2.349,1.074
1789246923,621158913,81.965,robot_2,-1.248,-0.446
1789246923,621196022,81.965,robot_1,-0.533,-1.474
1789246923,831351532,82.175,robot_0,2.348,1.074
1789246923,831417778,82.175,robot_2,-1.247,-0.447
1789246923,831451961,82.175,robot_1,-0.533,-1.474
1789246924,54836406,82.399,robot_0,2.348,1.073
1789246924,54903957,82.399,robot_2,-1.247,-0.447
1789246924,54941435,82.399,robot_1,-0.532,-1.473
1789246924,278307619,82.622,robot_0,2.348,1.073
1789246924,278367543,82.622,robot_2,-1.247,-0.448
1789246924,278401828,82.622,robot_1,-0.532,-1.473
1789246924,486424990,82.830,robot_0,2.349,1.073
1789246924,486502533,82.830,robot_2,-1.246,-0.448
1789246924,486532816,82.830,robot_1,-0.531,-1.473
1789246924,717708641,83.062,robot_0,2.349,1.072
1789246924,717780975,83.062,robot_2,-1.246,-0.448
1789246924,717809218,83.062,robot_1,-0.531,-1.472
1789246924,936733576,83.281,robot_0,2.349,1.072
1789246924,936804870,83.281,robot_2,-1.245,-0.448
1789246924,936840565,83.281,robot_1,-0.531,-1.472
1789246925,144056135,83.488,robot_0,2.349,1.072
1789246925,144124059,83.488,robot_2,-1.245,-0.448
1789246925,144152904,83.488,robot_1,-0.531,-1.473
1789246925,370111514,83.714,robot_0,2.350,1.072
1789246925,371068168,83.715,robot_2,-1.244,-0.447
1789246925,371119951,83.715,robot_1,-0.531,-1.473
1789246925,582065902,83.926,robot_0,2.350,1.072
1789246925,582127003,83.926,robot_2,-1.244,-0.447
1789246925,582154808,83.926,robot_1,-0.532,-1.473
1789246925,790409436,84.134,robot_0,2.350,1.073
1789246925,790467583,84.134,robot_2,-1.243,-0.447
1789246925,790498182,84.134,robot_1,-0.521,-1.494
1789246925,992926628,84.337,robot_0,2.353,1.151
1789246925,992987999,84.337,robot_2,-1.243,-0.446
1789246925,993034791,84.337,robot_1,-0.503,-1.536
1789246926,197444543,84.541,robot_0,2.354,1.195
1789246926,197502245,84.541,robot_2,-1.243,-0.446
1789246926,197531877,84.541,robot_1,-0.495,-1.555
1789246926,440625443,84.785,robot_0,2.354,1.154
1789246926,440686620,84.785,robot_2,-1.243,-0.445
1789246926,440717701,84.785,robot_1,-0.512,-1.513
1789246926,644460398,84.988,robot_0,2.353,1.112
1789246926,644526534,84.988,robot_2,-1.243,-0.445
1789246926,644562540,84.988,robot_1,-0.515,-1.506
1789246926,852424218,85.196,robot_0,2.352,1.062
1789246926,852492962,85.196,robot_2,-1.239,-0.442
1789246926,852527667,85.196,robot_1,-0.503,-1.551
1789246927,59727568,85.404,robot_0,2.352,1.031
1789246927,59788707,85.404,robot_2,-1.205,-0.419
1789246927,59821943,85.404,robot_1,-0.497,-1.574
1789246927,271386435,85.615,robot_0,2.351,1.031
1789246927,271455871,85.615,robot_2,-1.191,-0.409
1789246927,271494161,85.615,robot_1,-0.491,-1.605
1789246927,480083895,85.824,robot_0,2.351,1.031
1789246927,480151264,85.824,robot_2,-1.191,-0.409
1789246927,480186211,85.824,robot_1,-0.484,-1.649
1789246927,692653047,86.037,robot_0,2.351,1.031
1789246927,692722306,86.037,robot_2,-1.191,-0.409
1789246927,692755313,86.037,robot_1,-0.474,-1.708
1789246927,904204706,86.248,robot_0,2.350,1.031
1789246927,904273055,86.248,robot_2,-1.191,-0.409
1789246927,904308426,86.248,robot_1,-0.474,-1.712
1789246928,117778948,86.462,robot_0,2.350,1.032
1789246928,117841775,86.462,robot_2,-1.190,-0.408
1789246928,117872505,86.462,robot_1,-0.485,-1.643
1789246928,332035653,86.676,robot_0,2.350,1.032
1789246928,332104095,86.676,robot_2,-1.162,-0.380
1789246928,332135955,86.676,robot_1,-0.495,-1.581
1789246928,544849440,86.889,robot_0,2.350,1.033
1789246928,544910807,86.889,robot_2,-1.123,-0.341
1789246928,544957495,86.889,robot_1,-0.498,-1.565
1789246928,757737307,87.102,robot_0,2.350,1.033
1789246928,757797769,87.102,robot_2,-1.095,-0.312
1789246928,757839764,87.102,robot_1,-0.498,-1.565
1789246928,967335899,87.311,robot_0,2.350,1.034
1789246928,967415801,87.311,robot_2,-1.056,-0.272
1789246928,967775709,87.312,robot_1,-0.499,-1.564
1789246929,165189011,87.509,robot_0,2.350,1.034
1789246929,165252911,87.509,robot_2,-1.043,-0.260
1789246929,165289158,87.509,robot_1,-0.499,-1.564
1789246929,389897478,87.734,robot_0,2.403,0.995
1789246929,389966850,87.734,robot_2,-1.044,-0.260
1789246929,390002247,87.734,robot_1,-0.498,-1.564
1789246929,611797305,87.956,robot_0,2.410,0.989
1789246929,611859340,87.956,robot_2,-1.040,-0.252
1789246929,611893392,87.956,robot_1,-0.498,-1.564
1789246929,828497812,88.172,robot_0,2.410,0.989
1789246929,828554703,88.172,robot_2,-1.017,-0.203
1789246929,828588014,88.172,robot_1,-0.497,-1.564
1789246930,32101494,88.376,robot_0,2.410,0.989
1789246930,32168835,88.376,robot_2,-1.016,-0.200
1789246930,32211773,88.376,robot_1,-0.497,-1.564
1789246930,261857871,88.606,robot_0,2.410,0.988
1789246930,261918646,88.606,robot_2,-1.016,-0.200
1789246930,261963455,88.606,robot_1,-0.496,-1.564
1789246930,462494108,88.806,robot_0,2.410,0.988
1789246930,462553854,88.806,robot_2,-1.017,-0.200
1789246930,462594992,88.806,robot_1,-0.496,-1.563
1789246930,680467710,89.024,robot_0,2.410,0.988
1789246930,680523777,89.024,robot_2,-1.017,-0.200
1789246930,680564787,89.024,robot_1,-0.496,-1.563
1789246930,917029356,89.261,robot_0,2.411,0.987
1789246930,917091868,89.261,robot_2,-1.018,-0.200
1789246930,917124507,89.261,robot_1,-0.496,-1.562
1789246931,128055623,89.472,robot_0,2.411,0.987
1789246931,128109533,89.472,robot_2,-1.018,-0.201
1789246931,128142674,89.472,robot_1,-0.496,-1.561
1789246931,348481085,89.692,robot_0,2.411,0.987
1789246931,348547726,89.692,robot_2,-1.019,-0.201
1789246931,348587238,89.692,robot_1,-0.496,-1.561
1789246931,553769035,89.898,robot_0,2.412,0.987
1789246931,553829608,89.898,robot_2,-1.019,-0.201
1789246931,553866449,89.898,robot_1,-0.496,-1.560
1789246931,763407512,90.107,robot_0,2.412,0.987
1789246931,763470206,90.107,robot_2,-1.019,-0.202
1789246931,763512084,90.107,robot_1,-0.497,-1.560
1789246931,973323994,90.317,robot_0,2.412,0.987
1789246931,973387494,90.317,robot_2,-1.019,-0.202
1789246931,973426763,90.317,robot_1,-0.497,-1.560
1789246932,187271148,90.531,robot_0,2.413,0.987
1789246932,187322666,90.531,robot_2,-1.019,-0.203
1789246932,187349251,90.531,robot_1,-0.497,-1.559
1789246932,411443108,90.755,robot_0,2.413,0.987
1789246932,411506795,90.755,robot_2,-1.019,-0.203
1789246932,411543093,90.755,robot_1,-0.492,-1.550
1789246932,628105676,90.972,robot_0,2.413,0.987
1789246932,628170220,90.972,robot_2,-1.019,-0.204
1789246932,628210411,90.972,robot_1,-0.464,-1.502
1789246932,832419067,91.176,robot_0,2.421,0.982
1789246932,832474639,91.176,robot_2,-1.019,-0.204
1789246932,832509207,91.176,robot_1,-0.461,-1.498
1789246933,51934800,91.396,robot_0,2.466,0.950
1789246933,51998801,91.396,robot_2,-1.018,-0.205
1789246933,52031603,91.396,robot_1,-0.463,-1.501
1789246933,266665148,91.611,robot_0,2.474,0.944
1789246933,266721496,91.611,robot_2,-1.018,-0.205
1789246933,266756152,91.611,robot_1,-0.495,-1.542
1789246933,474476682,91.818,robot_0,2.490,0.932
1789246933,474532581,91.818,robot_2,-1.018,-0.205
1789246933,474565980,91.818,robot_1,-0.517,-1.569
1789246933,677074445,92.021,robot_0,2.524,0.907
1789246933,677134483,92.021,robot_2,-1.030,-0.231
1789246933,677175872,92.021,robot_1,-0.504,-1.548
1789246933,885064026,92.229,robot_0,2.528,0.904
1789246933,885123970,92.229,robot_2,-1.034,-0.241
1789246933,885154910,92.229,robot_1,-0.496,-1.533
1789246934,87451448,92.431,robot_0,2.528,0.904
1789246934,87512951,92.431,robot_2,-1.032,-0.232
1789246934,87555769,92.431,robot_1,-0.495,-1.530
1789246934,296942005,92.641,robot_0,2.528,0.904
1789246934,297006601,92.641,robot_2,-1.027,-0.186
1789246934,297046867,92.641,robot_1,-0.481,-1.488
1789246934,510726832,92.855,robot_0,2.514,0.926
1789246934,510776153,92.855,robot_2,-1.027,-0.179
1789246934,510802559,92.855,robot_1,-0.477,-1.475
1789246934,722488487,93.066,robot_0,2.495,0.962
1789246934,722554250,93.066,robot_2,-1.027,-0.179
1789246934,722588745,93.066,robot_1,-0.477,-1.475
1789246934,927945808,93.272,robot_0,2.505,0.942
1789246934,928012697,93.272,robot_2,-1.027,-0.179
1789246934,928053823,93.272,robot_1,-0.478,-1.475
1789246935,148643425,93.493,robot_0,2.534,0.889
1789246935,148708766,93.493,robot_2,-1.030,-0.235
1789246935,148744342,93.493,robot_1,-0.479,-1.475
1789246935,371440056,93.715,robot_0,2.560,0.842
1789246935,371524181,93.715,robot_2,-1.031,-0.254
1789246935,371567500,93.715,robot_1,-0.479,-1.476
1789246935,571807889,93.916,robot_0,2.576,0.813
1789246935,571870737,93.916,robot_2,-1.032,-0.241
1789246935,571911403,93.916,robot_1,-0.480,-1.476
1789246935,775186202,94.119,robot_0,2.576,0.813
1789246935,775253009,94.119,robot_2,-1.040,-0.182
1789246935,775293892,94.119,robot_1,-0.480,-1.476
1789246935,983896343,94.328,robot_0,2.575,0.813
1789246935,988004186,94.332,robot_2,-1.038,-0.195
1789246935,988069859,94.332,robot_1,-0.480,-1.477
1789246936,189380088,94.533,robot_0,2.575,0.813
1789246936,189432831,94.533,robot_2,-1.038,-0.201
1789246936,189465090,94.533,robot_1,-0.480,-1.477
1789246936,399927408,94.744,robot_0,2.574,0.813
1789246936,399985168,94.744,robot_2,-1.039,-0.253
1789246936,400016261,94.744,robot_1,-0.480,-1.478
1789246936,601988147,94.946,robot_0,2.574,0.813
1789246936,602049854,94.946,robot_2,-1.041,-0.299
1789246936,602081774,94.946,robot_1,-0.480,-1.478
1789246936,804898549,95.149,robot_0,2.573,0.814
1789246936,804969514,95.149,robot_2,-1.043,-0.351
1789246936,805009826,95.149,robot_1,-0.480,-1.479
1789246937,28251309,95.372,robot_0,2.573,0.814
1789246937,28313413,95.372,robot_2,-1.043,-0.358
1789246937,28352290,95.372,robot_1,-0.480,-1.479
1789246937,244971312,95.589,robot_0,2.573,0.815
1789246937,245027602,95.589,robot_2,-1.042,-0.358
1789246937,245062009,95.589,robot_1,-0.479,-1.480
1789246937,460447860,95.804,robot_0,2.573,0.815
1789246937,460493963,95.804,robot_2,-1.042,-0.358
1789246937,460520354,95.804,robot_1,-0.479,-1.480
1789246937,663298690,96.007,robot_0,2.573,0.816
1789246937,663353415,96.007,robot_2,-1.041,-0.358
1789246937,663388107,96.007,robot_1,-0.481,-1.491
1789246937,878418452,96.222,robot_0,2.617,0.801
1789246937,878480613,96.222,robot_2,-1.041,-0.357
1789246937,878531108,96.222,robot_1,-0.491,-1.527
1789246938,102701640,96.447,robot_0,2.667,0.784
1789246938,102760065,96.447,robot_2,-1.041,-0.356
1789246938,102792938,96.447,robot_1,-0.496,-1.542
1789246938,316487134,96.660,robot_0,2.667,0.784
1789246938,316542568,96.660,robot_2,-1.041,-0.356
1789246938,316573899,96.660,robot_1,-0.512,-1.583
1789246938,530596467,96.875,robot_0,2.667,0.784
1789246938,530654979,96.875,robot_2,-1.041,-0.355
1789246938,530687922,96.875,robot_1,-0.515,-1.589
1789246938,736729669,97.081,robot_0,2.667,0.783
1789246938,736793853,97.081,robot_2,-1.041,-0.355
1789246938,736833844,97.081,robot_1,-0.494,-1.538
1789246938,950261641,97.294,robot_0,2.667,0.783
1789246938,950327911,97.294,robot_2,-1.042,-0.354
1789246938,950367046,97.294,robot_1,-0.490,-1.527
1789246939,173555868,97.517,robot_0,2.668,0.782
1789246939,173615804,97.518,robot_2,-1.042,-0.354
1789246939,173650929,97.518,robot_1,-0.471,-1.495
1789246939,375067168,97.719,robot_0,2.663,0.788
1789246939,375125261,97.719,robot_2,-1.041,-0.354
1789246939,375159058,97.719,robot_1,-0.441,-1.445
1789246939,586948973,97.931,robot_0,2.640,0.769
1789246939,587000960,97.931,robot_2,-1.049,-0.359
1789246939,587028300,97.931,robot_1,-0.440,-1.443
1789246939,794392501,98.138,robot_0,2.629,0.749
1789246939,794458264,98.138,robot_2,-1.086,-0.380
1789246939,794490167,98.138,robot_1,-0.440,-1.443
1789246940,1985917,98.346,robot_0,2.625,0.717
1789246940,2040125,98.346,robot_2,-1.087,-0.379
1789246940,2072236,98.346,robot_1,-0.440,-1.443
1789246940,220275695,98.564,robot_0,2.632,0.691
1789246940,220332981,98.564,robot_2,-1.087,-0.379
1789246940,220365826,98.564,robot_1,-0.440,-1.442
1789246940,438383155,98.782,robot_0,2.647,0.667
1789246940,438442040,98.782,robot_2,-1.087,-0.379
1789246940,438468972,98.782,robot_1,-0.440,-1.442
1789246940,645607592,98.990,robot_0,2.645,0.668
1789246940,645669879,98.990,robot_2,-1.088,-0.379
1789246940,645697440,98.990,robot_1,-0.440,-1.443
1789246940,860202753,99.204,robot_0,2.642,0.671
1789246940,860258803,99.204,robot_2,-1.088,-0.378
1789246940,860287395,99.204,robot_1,-0.439,-1.443
1789246941,60479551,99.404,robot_0,2.638,0.672
1789246941,60541502,99.404,robot_2,-1.089,-0.379
1789246941,60574767,99.404,robot_1,-0.438,-1.443
1789246941,289967344,99.634,robot_0,2.634,0.672
1789246941,290048539,99.634,robot_2,-1.089,-0.379
1789246941,290086196,99.634,robot_1,-0.438,-1.443
1789246941,487695387,99.832,robot_0,2.633,0.672
1789246941,487761687,99.832,robot_2,-1.090,-0.379
1789246941,487797544,99.832,robot_1,-0.437,-1.443
1789246941,693559812,100.038,robot_0,2.677,0.690
1789246941,694320879,100.038,robot_2,-1.090,-0.379
1789246941,694365781,100.038,robot_1,-0.437,-1.442
1789246941,896078818,100.240,robot_0,2.692,0.711
1789246941,896138333,100.240,robot_2,-1.090,-0.380
1789246941,896167016,100.240,robot_1,-0.437,-1.442
1789246942,103644206,100.448,robot_0,2.702,0.735
1789246942,103704059,100.448,robot_2,-1.091,-0.380
1789246942,103740168,100.448,robot_1,-0.436,-1.442
1789246942,312600819,100.657,robot_0,2.703,0.748
1789246942,312667511,100.657,robot_2,-1.091,-0.380
1789246942,312701043,100.657,robot_1,-0.436,-1.441
1789246942,529336726,100.873,robot_0,2.694,0.755
1789246942,529401454,100.873,robot_2,-1.091,-0.381
1789246942,529430148,100.873,robot_1,-0.436,-1.441
1789246942,747587591,101.091,robot_0,2.677,0.760
1789246942,747646907,101.092,robot_2,-1.091,-0.381
1789246942,747682229,101.092,robot_1,-0.436,-1.440
1789246942,954427347,101.298,robot_0,2.668,0.767
1789246942,954486992,101.298,robot_2,-1.091,-0.382
1789246942,954518667,101.298,robot_1,-0.436,-1.440
1789246943,163401938,101.507,robot_0,2.665,0.790
1789246943,163461250,101.507,robot_2,-1.090,-0.382
1789246943,163491847,101.507,robot_1,-0.436,-1.440
1789246943,388052173,101.732,robot_0,2.678,0.814
1789246943,388125345,101.732,robot_2,-1.090,-0.382
1789246943,388157248,101.732,robot_1,-0.436,-1.439
1789246943,592417850,101.936,robot_0,2.684,0.834
1789246943,592478781,101.936,robot_2,-1.077,-0.375
1789246943,592511712,101.936,robot_1,-0.436,-1.439
1789246943,822332235,102.166,robot_0,2.684,0.860
1789246943,822395988,102.166,robot_2,-1.033,-0.356
1789246943,822437119,102.166,robot_1,-0.437,-1.438
1789246944,23358386,102.367,robot_0,2.682,0.870
1789246944,23428603,102.367,robot_2,-1.043,-0.356
1789246944,23461129,102.367,robot_1,-0.437,-1.438
1789246944,241080466,102.585,robot_0,2.662,0.867
1789246944,241149044,102.585,robot_2,-1.087,-0.359
1789246944,241186868,102.585,robot_1,-0.436,-1.438
1789246944,442913493,102.787,robot_0,2.635,0.893
1789246944,442992228,102.787,robot_2,-1.120,-0.361
1789246944,443026061,102.787,robot_1,-0.419,-1.412
1789246944,643196949,102.987,robot_0,2.598,0.924
1789246944,643258831,102.987,robot_2,-1.094,-0.360
1789246944,643288031,102.987,robot_1,-0.405,-1.390
1789246944,861456366,103.205,robot_0,2.567,0.951
1789246944,861519431,103.205,robot_2,-1.124,-0.357
1789246944,861557092,103.205,robot_1,-0.431,-1.440
1789246945,80353601,103.424,robot_0,2.543,0.981
1789246945,80410484,103.424,robot_2,-1.172,-0.353
1789246945,80442219,103.424,robot_1,-0.445,-1.466
1789246945,309209877,103.653,robot_0,2.535,0.996
1789246945,309264879,103.653,robot_2,-1.148,-0.355
1789246945,309297985,103.653,robot_1,-0.427,-1.431
1789246945,522953769,103.867,robot_0,2.536,0.994
1789246945,523016356,103.867,robot_2,-1.082,-0.361
1789246945,523052782,103.867,robot_1,-0.443,-1.453
1789246945,741881925,104.086,robot_0,2.536,0.993
1789246945,741955018,104.086,robot_2,-1.026,-0.367
1789246945,741985676,104.086,robot_1,-0.482,-1.502
1789246945,943892785,104.288,robot_0,2.536,0.993
1789246945,943964072,104.288,robot_2,-0.951,-0.374
1789246945,943995728,104.288,robot_1,-0.531,-1.559
1789246946,146434211,104.500,robot_0,2.534,0.983
1789246946,156381378,104.500,robot_2,-0.889,-0.379
1789246946,156417585,104.500,robot_1,-0.557,-1.591
1789246946,359958483,104.704,robot_0,2.519,0.934
1789246946,360018558,104.704,robot_2,-0.824,-0.385
1789246946,360048384,104.704,robot_1,-0.581,-1.615
1789246946,574492503,104.918,robot_0,2.519,0.933
1789246946,574554942,104.918,robot_2,-0.818,-0.386
1789246946,574589310,104.918,robot_1,-0.637,-1.670
1789246946,778388163,105.122,robot_0,2.519,0.933
1789246946,778449915,105.122,robot_2,-0.818,-0.387
1789246946,778486982,105.122,robot_1,-0.634,-1.667
1789246946,996179036,105.340,robot_0,2.483,0.885
1789246946,996247299,105.340,robot_2,-0.818,-0.387
1789246946,996280981,105.340,robot_1,-0.596,-1.637
1789246947,211184621,105.555,robot_0,2.439,0.828
1789246947,211244949,105.555,robot_2,-0.817,-0.388
1789246947,211277371,105.555,robot_1,-0.592,-1.634
1789246947,417176670,105.761,robot_0,2.416,0.797
1789246947,417232309,105.761,robot_2,-0.817,-0.388
1789246947,417263120,105.761,robot_1,-0.640,-1.672
1789246947,625940260,105.970,robot_0,2.436,0.817
1789246947,626000060,105.970,robot_2,-0.817,-0.388
1789246947,626028070,105.970,robot_1,-0.640,-1.673
1789246947,853850283,106.198,robot_0,2.448,0.829
1789246947,853910319,106.198,robot_2,-0.816,-0.388
1789246947,853946454,106.198,robot_1,-0.621,-1.666
1789246948,67074632,106.411,robot_0,2.448,0.829
1789246948,67138581,106.414,robot_2,-0.816,-0.388
1789246948,70206050,106.414,robot_1,-0.602,-1.660
1789246948,276301391,106.620,robot_0,2.447,0.829
1789246948,276348843,106.620,robot_2,-0.815,-0.388
1789246948,276371532,106.620,robot_1,-0.643,-1.663
1789246948,478490228,106.822,robot_0,2.447,0.830
1789246948,478555759,106.822,robot_2,-0.815,-0.388
1789246948,478582760,106.822,robot_1,-0.673,-1.663
1789246948,693570346,107.037,robot_0,2.446,0.830
1789246948,693622245,107.038,robot_2,-0.814,-0.388
1789246948,693644077,107.038,robot_1,-0.617,-1.670
1789246948,916529475,107.260,robot_0,2.446,0.829
1789246948,916588490,107.260,robot_2,-0.814,-0.388
1789246948,916618570,107.261,robot_1,-0.570,-1.676
1789246949,137775981,107.482,robot_0,2.445,0.829
1789246949,137825843,107.482,robot_2,-0.813,-0.387
1789246949,137849858,107.482,robot_1,-0.537,-1.681
1789246949,364494802,107.708,robot_0,2.445,0.829
1789246949,364557831,107.708,robot_2,-0.813,-0.387
1789246949,364588272,107.708,robot_1,-0.537,-1.680
1789246949,566946938,107.911,robot_0,2.445,0.829
1789246949,567004712,107.911,robot_2,-0.813,-0.386
1789246949,567029685,107.911,robot_1,-0.537,-1.680
1789246949,770070051,108.114,robot_0,2.444,0.828
1789246949,770126554,108.114,robot_2,-0.813,-0.386
1789246949,770158541,108.114,robot_1,-0.537,-1.679
1789246949,983085309,108.327,robot_0,2.444,0.828
1789246949,983142421,108.327,robot_2,-0.802,-0.387
1789246949,983174692,108.327,robot_1,-0.537,-1.679
1789246950,193405824,108.537,robot_0,2.444,0.827
1789246950,193480321,108.537,robot_2,-0.767,-0.392
1789246950,193512363,108.537,robot_1,-0.538,-1.678
1789246950,401469003,108.745,robot_0,2.444,0.827
1789246950,401523133,108.745,robot_2,-0.767,-0.392
1789246950,401548803,108.745,robot_1,-0.538,-1.678
1789246950,620004865,108.964,robot_0,2.444,0.826
1789246950,620071778,108.964,robot_2,-0.768,-0.392
1789246950,620103971,108.964,robot_1,-0.539,-1.678
1789246950,830396004,109.174,robot_0,2.445,0.826
1789246950,830454535,109.174,robot_2,-0.824,-0.383
1789246950,830485105,109.174,robot_1,-0.539,-1.678
1789246951,31334681,109.375,robot_0,2.445,0.825
1789246951,31401834,109.375,robot_2,-0.865,-0.378
1789246951,31434052,109.375,robot_1,-0.540,-1.678
1789246951,236139103,109.580,robot_0,2.467,0.844
1789246951,236209715,109.580,robot_2,-0.827,-0.383
1789246951,236243845,109.580,robot_1,-0.540,-1.678
1789246951,471885377,109.816,robot_0,2.529,0.894
1789246951,471949082,109.816,robot_2,-0.771,-0.391
1789246951,471971964,109.816,robot_1,-0.541,-1.678
1789246951,676474152,110.020,robot_0,2.504,0.872
1789246951,676528890,110.020,robot_2,-0.816,-0.384
1789246951,676556028,110.020,robot_1,-0.541,-1.679
1789246951,899283656,110.243,robot_0,2.481,0.851
1789246951,899346058,110.243,robot_2,-0.832,-0.382
1789246951,899381336,110.243,robot_1,-0.542,-1.679
1789246952,119202258,110.463,robot_0,2.484,0.854
1789246952,121435318,110.465,robot_2,-0.786,-0.386
1789246952,121514837,110.465,robot_1,-0.542,-1.680
1789246952,333208083,110.677,robot_0,2.536,0.900
1789246952,333271612,110.677,robot_2,-0.779,-0.387
1789246952,333307119,110.677,robot_1,-0.542,-1.680
1789246952,535932366,110.880,robot_0,2.596,0.954
1789246952,535997775,110.880,robot_2,-0.779,-0.386
1789246952,536031521,110.880,robot_1,-0.517,-1.685
1789246952,747360153,111.091,robot_0,2.644,0.996
1789246952,747419457,111.091,robot_2,-0.779,-0.386
1789246952,747457275,111.091,robot_1,-0.473,-1.692
1789246952,951297638,111.295,robot_0,2.647,0.999
1789246952,951362116,111.295,robot_2,-0.779,-0.385
1789246952,951394536,111.295,robot_1,-0.472,-1.693
1789246953,178547801,111.522,robot_0,2.668,1.041
1789246953,178610109,111.523,robot_2,-0.779,-0.385
1789246953,178647107,111.523,robot_1,-0.517,-1.694
1789246953,396882332,111.741,robot_0,2.659,1.063
1789246953,396956952,111.741,robot_2,-0.780,-0.385
1789246953,396990950,111.741,robot_1,-0.538,-1.696
1789246953,610992134,111.955,robot_0,2.636,1.024
1789246953,611052320,111.955,robot_2,-0.780,-0.385
1789246953,611088032,111.955,robot_1,-0.579,-1.699
1789246953,811305580,112.155,robot_0,2.630,1.003
1789246953,811366808,112.155,robot_2,-0.781,-0.384
1789246953,811395940,112.155,robot_1,-0.586,-1.700
1789246954,12403179,112.356,robot_0,2.631,0.984
1789246954,12471013,112.356,robot_2,-0.781,-0.384
1789246954,12506937,112.356,robot_1,-0.571,-1.700
1789246954,224401357,112.568,robot_0,2.639,0.966
1789246954,224454763,112.568,robot_2,-0.782,-0.385
1789246954,224484067,112.568,robot_1,-0.545,-1.701
1789246954,431944179,112.776,robot_0,2.663,0.940
1789246954,432010328,112.776,robot_2,-0.782,-0.385
1789246954,432044142,112.776,robot_1,-0.545,-1.701
1789246954,647950263,112.992,robot_0,2.676,0.915
1789246954,648017724,112.992,robot_2,-0.783,-0.385
1789246954,648050508,112.992,robot_1,-0.568,-1.698
1789246954,851131883,113.195,robot_0,2.709,0.897
1789246954,851192219,113.195,robot_2,-0.783,-0.386
1789246954,851219489,113.195,robot_1,-0.585,-1.695
1789246955,52798707,113.397,robot_0,2.725,0.894
1789246955,52856754,113.397,robot_2,-0.783,-0.386
1789246955,52884597,113.397,robot_1,-0.565,-1.699
1789246955,255733529,113.600,robot_0,2.711,0.895
1789246955,255799616,113.600,robot_2,-0.783,-0.386
1789246955,255837264,113.600,robot_1,-0.597,-1.690
1789246955,477014864,113.821,robot_0,2.696,0.899
1789246955,477077655,113.821,robot_2,-0.783,-0.387
1789246955,477110464,113.821,robot_1,-0.572,-1.697
1789246955,690611248,114.035,robot_0,2.679,0.907
1789246955,690666173,114.035,robot_2,-0.796,-0.387
1789246955,690698451,114.035,robot_1,-0.544,-1.704
1789246955,896031664,114.240,robot_0,2.667,0.919
1789246955,896093223,114.240,robot_2,-0.825,-0.389
1789246955,896125854,114.240,robot_1,-0.544,-1.705
1789246956,100972127,114.445,robot_0,2.665,0.939
1789246956,101036763,114.445,robot_2,-0.825,-0.389
1789246956,101066975,114.445,robot_1,-0.544,-1.705
1789246956,306574502,114.650,robot_0,2.679,0.964
1789246956,306628150,114.651,robot_2,-0.869,-0.396
1789246956,306657094,114.651,robot_1,-0.544,-1.706
1789246956,506706415,114.851,robot_0,2.685,0.984
1789246956,506767787,114.851,robot_2,-0.907,-0.402
1789246956,506806613,114.851,robot_1,-0.544,-1.706
1789246956,708532260,115.052,robot_0,2.688,0.988
1789246956,708592100,115.052,robot_2,-0.934,-0.406
1789246956,708619406,115.053,robot_1,-0.544,-1.707
1789246956,920816779,115.265,robot_0,2.699,0.937
1789246956,920874309,115.265,robot_2,-0.880,-0.398
1789246956,920902836,115.265,robot_1,-0.543,-1.707
1789246957,135743761,115.480,robot_0,2.705,0.857
1789246957,135820741,115.480,robot_2,-0.866,-0.396
1789246957,135858537,115.480,robot_1,-0.543,-1.707
1789246957,351289031,115.695,robot_0,2.696,0.881
1789246957,351345833,115.695,robot_2,-0.842,-0.393
1789246957,351373087,115.695,robot_1,-0.542,-1.707
1789246957,558406480,115.902,robot_0,2.690,0.922
1789246957,558470675,115.902,robot_2,-0.806,-0.392
1789246957,558500227,115.902,robot_1,-0.542,-1.707
1789246957,771837599,116.116,robot_0,2.694,0.952
1789246957,771894888,116.116,robot_2,-0.809,-0.390
1789246957,771928576,116.116,robot_1,-0.541,-1.707
1789246958,2042272,116.346,robot_0,2.674,0.990
1789246958,2104604,116.346,robot_2,-0.844,-0.374
1789246958,2135720,116.346,robot_1,-0.541,-1.707
1789246958,215880235,116.560,robot_0,2.664,1.029
1789246958,215944819,116.560,robot_2,-0.835,-0.379
1789246958,215974643,116.560,robot_1,-0.540,-1.707
1789246958,443992091,116.788,robot_0,2.681,1.052
1789246958,444049498,116.788,robot_2,-0.779,-0.408
1789246958,444075490,116.788,robot_1,-0.540,-1.707
1789246958,665449544,117.009,robot_0,2.732,1.066
1789246958,665505321,117.009,robot_2,-0.712,-0.444
1789246958,665536755,117.009,robot_1,-0.540,-1.706
1789246958,871634797,117.216,robot_0,2.751,1.068
1789246958,871690897,117.216,robot_2,-0.734,-0.433
1789246958,871719016,117.216,robot_1,-0.539,-1.706
1789246959,83062851,117.427,robot_0,2.751,1.067
1789246959,83118992,117.427,robot_2,-0.778,-0.409
1789246959,83146045,117.427,robot_1,-0.512,-1.713
1789246959,303286079,117.647,robot_0,2.751,1.067
1789246959,303342532,117.647,robot_2,-0.804,-0.395
1789246959,303371747,117.647,robot_1,-0.474,-1.724
1789246959,528730819,117.873,robot_0,2.745,1.067
1789246959,534036505,117.878,robot_2,-0.804,-0.395
1789246959,534108180,117.878,robot_1,-0.427,-1.738
1789246959,733797409,118.078,robot_0,2.731,1.066
1789246959,733853997,118.078,robot_2,-0.804,-0.396
1789246959,733883409,118.078,robot_1,-0.432,-1.737
1789246959,938812710,118.283,robot_0,2.711,1.069
1789246959,938877539,118.283,robot_2,-0.804,-0.396
1789246959,938911530,118.283,robot_1,-0.500,-1.717
1789246960,139562022,118.483,robot_0,2.696,1.074
1789246960,139625045,118.484,robot_2,-0.804,-0.397
1789246960,139656423,118.487,robot_1,-0.536,-1.706
1789246960,342660829,118.687,robot_0,2.678,1.081
1789246960,342727135,118.687,robot_2,-0.804,-0.397
1789246960,342764645,118.687,robot_1,-0.537,-1.707
1789246960,560011175,118.904,robot_0,2.665,1.106
1789246960,560084904,118.904,robot_2,-0.804,-0.397
1789246960,560125150,118.904,robot_1,-0.537,-1.707
1789246960,761364988,119.106,robot_0,2.669,1.127
1789246960,762026853,119.106,robot_2,-0.803,-0.398
1789246960,762071504,119.106,robot_1,-0.537,-1.707
1789246960,967232741,119.311,robot_0,2.680,1.147
1789246960,967301074,119.311,robot_2,-0.803,-0.398
1789246960,967337152,119.311,robot_1,-0.541,-1.704
1789246961,167297355,119.511,robot_0,2.686,1.172
1789246961,167359302,119.511,robot_2,-0.803,-0.398
1789246961,167393951,119.511,robot_1,-0.589,-1.656
1789246961,384198340,119.728,robot_0,2.686,1.177
1789246961,384268612,119.728,robot_2,-0.802,-0.398
1789246961,384308302,119.728,robot_1,-0.638,-1.607
1789246961,588287816,119.932,robot_0,2.683,1.171
1789246961,588344917,119.932,robot_2,-0.802,-0.399
1789246961,588375184,119.932,robot_1,-0.687,-1.558
1789246961,789441974,120.133,robot_0,2.676,1.140
1789246961,789502468,120.133,robot_2,-0.801,-0.399
1789246961,789531818,120.133,robot_1,-0.718,-1.527
1789246961,997081257,120.341,robot_0,2.655,1.168
1789246961,997139204,120.341,robot_2,-0.801,-0.398
1789246961,997173086,120.341,robot_1,-0.722,-1.522
1789246962,198893363,120.543,robot_0,2.634,1.212
1789246962,198959410,120.543,robot_2,-0.800,-0.398
1789246962,198995204,120.543,robot_1,-0.722,-1.522
1789246962,433561386,120.777,robot_0,2.625,1.251
1789246962,433617272,120.778,robot_2,-0.800,-0.398
1789246962,433644880,120.778,robot_1,-0.721,-1.522
1789246962,638076105,120.982,robot_0,2.628,1.277
1789246962,638128808,120.982,robot_2,-0.800,-0.398
1789246962,638155455,120.982,robot_1,-0.721,-1.521
1789246962,844430417,121.188,robot_0,2.632,1.284
1789246962,844490875,121.188,robot_2,-0.799,-0.397
1789246962,844525329,121.188,robot_1,-0.721,-1.520
1789246963,68575586,121.412,robot_0,2.634,1.286
1789246963,68638482,121.413,robot_2,-0.790,-0.402
1789246963,68675189,121.413,robot_1,-0.722,-1.520
1789246963,280900036,121.625,robot_0,2.635,1.286
1789246963,280968664,121.625,robot_2,-0.760,-0.418
1789246963,281003565,121.625,robot_1,-0.722,-1.519
1789246963,501838327,121.846,robot_0,2.634,1.285
1789246963,501890301,121.846,robot_2,-0.760,-0.418
1789246963,501917647,121.846,robot_1,-0.722,-1.519
1789246963,718266646,122.062,robot_0,2.632,1.284
1789246963,718324765,122.062,robot_2,-0.760,-0.417
1789246963,718360918,122.062,robot_1,-0.723,-1.519
1789246963,922844136,122.267,robot_0,2.630,1.282
1789246963,922904314,122.267,robot_2,-0.760,-0.417
1789246963,922936440,122.267,robot_1,-0.723,-1.518
1789246964,125261829,122.469,robot_0,2.629,1.280
1789246964,125329967,122.469,robot_2,-0.760,-0.417
1789246964,125379018,122.469,robot_1,-0.723,-1.518
1789246964,334296993,122.678,robot_0,2.628,1.278
1789246964,334352638,122.678,robot_2,-0.764,-0.417
1789246964,334382839,122.678,robot_1,-0.724,-1.518
1789246964,543612343,122.888,robot_0,2.627,1.277
1789246964,543666840,122.888,robot_2,-0.824,-0.412
1789246964,543696932,122.888,robot_1,-0.725,-1.518
1789246964,745776584,123.090,robot_0,2.627,1.275
1789246964,745837004,123.090,robot_2,-0.853,-0.410
1789246964,745869543,123.090,robot_1,-0.725,-1.519
1789246964,951439424,123.295,robot_0,2.627,1.274
1789246964,951497953,123.295,robot_2,-0.853,-0.410
1789246964,951527246,123.295,robot_1,-0.726,-1.519
1789246965,161367179,123.505,robot_0,2.627,1.274
1789246965,161428598,123.505,robot_2,-0.818,-0.400
1789246965,161458982,123.505,robot_1,-0.726,-1.519
1789246965,380571047,123.724,robot_0,2.626,1.273
1789246965,380656475,123.725,robot_2,-0.782,-0.386
1789246965,380694600,123.725,robot_1,-0.742,-1.500
1789246965,583849311,123.928,robot_0,2.626,1.273
1789246965,583905370,123.928,robot_2,-0.839,-0.408
1789246965,583940312,123.928,robot_1,-0.777,-1.457
1789246965,791868709,124.136,robot_0,2.626,1.272
1789246965,791937208,124.136,robot_2,-0.853,-0.413
1789246965,791971347,124.136,robot_1,-0.808,-1.420
1789246965,995042238,124.339,robot_0,2.626,1.272
1789246965,995098624,124.339,robot_2,-0.842,-0.409
1789246965,995127671,124.339,robot_1,-0.837,-1.384
1789246966,202934079,124.547,robot_0,2.626,1.271
1789246966,202994849,124.547,robot_2,-0.842,-0.409
1789246966,203025089,124.547,robot_1,-0.845,-1.374
1789246966,409888174,124.754,robot_0,2.654,1.278
1789246966,409950879,124.754,robot_2,-0.843,-0.408
1789246966,409986519,124.754,robot_1,-0.828,-1.399
1789246966,621035146,124.965,robot_0,2.714,1.301
1789246966,621093002,124.965,robot_2,-0.843,-0.408
1789246966,621122076,124.965,robot_1,-0.810,-1.429
1789246966,829097851,125.173,robot_0,2.702,1.308
1789246966,829162208,125.173,robot_2,-0.843,-0.408
1789246966,829194382,125.173,robot_1,-0.810,-1.429
1789246967,48683095,125.393,robot_0,2.655,1.297
1789246967,48740377,125.393,robot_2,-0.844,-0.408
1789246967,48769029,125.393,robot_1,-0.810,-1.429
1789246967,264471726,125.611,robot_0,2.627,1.285
1789246967,266903183,125.611,robot_2,-0.844,-0.408
1789246967,266949387,125.611,robot_1,-0.795,-1.447
1789246967,473505429,125.817,robot_0,2.611,1.271
1789246967,473565566,125.817,robot_2,-0.845,-0.408
1789246967,473595513,125.817,robot_1,-0.791,-1.453
1789246967,676732167,126.021,robot_0,2.603,1.254
1789246967,676794215,126.021,robot_2,-0.845,-0.408
1789246967,676831282,126.021,robot_1,-0.824,-1.423
1789246967,889297403,126.233,robot_0,2.598,1.219
1789246967,889360552,126.233,robot_2,-0.846,-0.408
1789246967,889392416,126.234,robot_1,-0.857,-1.393
1789246968,95644851,126.440,robot_0,2.603,1.182
1789246968,95702728,126.440,robot_2,-0.846,-0.409
1789246968,95738845,126.440,robot_1,-0.857,-1.393
1789246968,307562784,126.651,robot_0,2.615,1.133
1789246968,307626916,126.652,robot_2,-0.846,-0.409
1789246968,307662433,126.652,robot_1,-0.857,-1.393
1789246968,526865964,126.871,robot_0,2.616,1.132
1789246968,526936887,126.871,robot_2,-0.847,-0.410
1789246968,526965880,126.871,robot_1,-0.810,-1.409
1789246968,733041009,127.077,robot_0,2.615,1.129
1789246968,733097198,127.077,robot_2,-0.847,-0.410
1789246968,733125211,127.077,robot_1,-0.750,-1.424
1789246968,945095115,127.289,robot_0,2.614,1.126
1789246968,945151733,127.289,robot_2,-0.847,-0.411
1789246968,945180318,127.289,robot_1,-0.706,-1.436
1789246969,169480526,127.513,robot_0,2.612,1.124
1789246969,169545313,127.513,robot_2,-0.846,-0.411
1789246969,169580058,127.513,robot_1,-0.702,-1.437
1789246969,382293811,127.726,robot_0,2.611,1.124
1789246969,382354759,127.726,robot_2,-0.846,-0.412
1789246969,382389854,127.726,robot_1,-0.703,-1.437
1789246969,600021105,127.944,robot_0,2.610,1.124
1789246969,600077202,127.944,robot_2,-0.846,-0.412
1789246969,600110225,127.944,robot_1,-0.703,-1.438
1789246969,824380997,128.168,robot_0,2.609,1.124
1789246969,824439946,128.168,robot_2,-0.845,-0.411
1789246969,824470475,128.168,robot_1,-0.702,-1.438
1789246970,28209220,128.372,robot_0,2.609,1.125
1789246970,28267442,128.372,robot_2,-0.821,-0.385
1789246970,28296406,128.372,robot_1,-0.702,-1.439
1789246970,246834950,128.591,robot_0,2.610,1.126
1789246970,246885314,128.591,robot_2,-0.819,-0.383
1789246970,246912021,128.591,robot_1,-0.702,-1.439
1789246970,454235938,128.798,robot_0,2.610,1.126
1789246970,454296076,128.798,robot_2,-0.815,-0.377
1789246970,454324745,128.798,robot_1,-0.701,-1.440
1789246970,683287884,129.027,robot_0,2.632,1.107
1789246970,683342090,129.027,robot_2,-0.777,-0.333
1789246970,683373214,129.027,robot_1,-0.701,-1.440
1789246970,887525249,129.231,robot_0,2.663,1.076
1789246970,887601687,129.232,robot_2,-0.769,-0.325
1789246970,887638622,129.232,robot_1,-0.700,-1.440
1789246971,103299127,129.447,robot_0,2.663,1.076
1789246971,103362643,129.447,robot_2,-0.760,-0.318
1789246971,103404279,129.447,robot_1,-0.700,-1.440
1789246971,312485639,129.656,robot_0,2.663,1.076
1789246971,312551998,129.656,robot_2,-0.711,-0.280
1789246971,312588025,129.656,robot_1,-0.699,-1.440
1789246971,523836454,129.868,robot_0,2.662,1.075
1789246971,523890755,129.868,robot_2,-0.700,-0.271
1789246971,523935919,129.868,robot_1,-0.699,-1.440
1789246971,725413999,130.069,robot_0,2.662,1.075
1789246971,725476850,130.069,robot_2,-0.700,-0.272
1789246971,725518004,130.069,robot_1,-0.698,-1.440
1789246971,934784546,130.279,robot_0,2.662,1.074
1789246971,934840979,130.279,robot_2,-0.699,-0.272
1789246971,934878695,130.279,robot_1,-0.698,-1.439
1789246972,152393945,130.496,robot_0,2.662,1.074
1789246972,152448740,130.496,robot_2,-0.699,-0.272
1789246972,152483202,130.496,robot_1,-0.698,-1.439
1789246972,363225529,130.707,robot_0,2.663,1.073
1789246972,363278524,130.707,robot_2,-0.698,-0.272
1789246972,363310812,130.707,robot_1,-0.728,-1.424
1789246972,569885568,130.914,robot_0,2.663,1.073
1789246972,569949440,130.914,robot_2,-0.697,-0.272
1789246972,569983591,130.914,robot_1,-0.797,-1.393
1789246972,791692652,131.136,robot_0,2.663,1.073
1789246972,791750949,131.136,robot_2,-0.697,-0.272
1789246972,791786951,131.136,robot_1,-0.866,-1.361
1789246973,9818660,131.354,robot_0,2.664,1.072
1789246973,9869530,131.354,robot_2,-0.697,-0.271
1789246973,9899355,131.354,robot_1,-0.880,-1.353
1789246973,217731091,131.562,robot_0,2.664,1.072
1789246973,217787758,131.562,robot_2,-0.696,-0.271
1789246973,217818565,131.562,robot_1,-0.941,-1.317
1789246973,427965900,131.772,robot_0,2.665,1.072
1789246973,428024941,131.772,robot_2,-0.696,-0.270
1789246973,428059147,131.772,robot_1,-0.941,-1.316
1789246973,658940733,132.003,robot_0,2.665,1.072
1789246973,659001714,132.003,robot_2,-0.696,-0.270
1789246973,659038110,132.003,robot_1,-0.942,-1.316
1789246973,872913670,132.217,robot_0,2.666,1.073
1789246973,872977030,132.217,robot_2,-0.696,-0.269
1789246973,873010471,132.217,robot_1,-1.004,-1.303
1789246974,74184732,132.418,robot_0,2.666,1.073
1789246974,74243622,132.418,robot_2,-0.696,-0.269
1789246974,74279660,132.418,robot_1,-1.006,-1.303
1789246974,276308428,132.620,robot_0,2.665,1.072
1789246974,276368099,132.620,robot_2,-0.696,-0.268
1789246974,276415051,132.620,robot_1,-0.982,-1.314
1789246974,494363626,132.838,robot_0,2.665,1.053
1789246974,494438278,132.838,robot_2,-0.696,-0.268
1789246974,494471289,132.838,robot_1,-0.944,-1.336
1789246974,693554238,133.037,robot_0,2.686,1.023
1789246974,693616183,133.038,robot_2,-0.696,-0.268
1789246974,693646958,133.038,robot_1,-0.910,-1.356
1789246974,900707643,133.245,robot_0,2.714,1.017
1789246974,900780565,133.245,robot_2,-0.696,-0.268
1789246974,900813889,133.245,robot_1,-0.910,-1.356
1789246975,111787465,133.456,robot_0,2.714,1.015
1789246975,111850822,133.456,robot_2,-0.673,-0.257
1789246975,111882529,133.456,robot_1,-0.910,-1.356
1789246975,312809207,133.657,robot_0,2.697,1.019
1789246975,312868185,133.657,robot_2,-0.631,-0.237
1789246975,312901588,133.657,robot_1,-0.910,-1.355
1789246975,518660950,133.863,robot_0,2.684,1.024
1789246975,518716216,133.863,robot_2,-0.603,-0.225
1789246975,518741872,133.863,robot_1,-0.910,-1.355
1789246975,737422674,134.081,robot_0,2.668,1.037
1789246975,737486706,134.081,robot_2,-0.603,-0.225
1789246975,737522399,134.081,robot_1,-0.910,-1.354
1789246975,944583538,134.288,robot_0,2.664,1.053
1789246975,944642062,134.289,robot_2,-0.603,-0.224
1789246975,944672720,134.289,robot_1,-0.910,-1.354
1789246976,163569975,134.507,robot_0,2.677,1.075
1789246976,163625142,134.508,robot_2,-0.610,-0.231
1789246976,163652877,134.508,robot_1,-0.910,-1.353
1789246976,365671919,134.710,robot_0,2.686,1.100
1789246976,365728972,134.710,robot_2,-0.657,-0.287
1789246976,365760880,134.710,robot_1,-0.910,-1.353
1789246976,574248465,134.918,robot_0,2.686,1.130
1789246976,574314408,134.918,robot_2,-0.675,-0.310
1789246976,574354112,134.918,robot_1,-0.911,-1.352
1789246976,775193084,135.119,robot_0,2.682,1.156
1789246976,775254368,135.119,robot_2,-0.653,-0.287
1789246976,775289122,135.119,robot_1,-0.911,-1.352
1789246976,989630680,135.334,robot_0,2.681,1.155
1789246976,989685516,135.334,robot_2,-0.626,-0.260
1789246976,989713299,135.334,robot_1,-0.912,-1.352
1789246977,213105165,135.557,robot_0,2.655,1.170
1789246977,213174551,135.557,robot_2,-0.618,-0.252
1789246977,213212273,135.557,robot_1,-0.912,-1.352
1789246977,434228107,135.778,robot_0,2.625,1.205
1789246977,434290412,135.778,robot_2,-0.618,-0.252
1789246977,434319267,135.778,robot_1,-0.913,-1.352
1789246977,647856517,135.992,robot_0,2.590,1.248
1789246977,647928484,135.992,robot_2,-0.619,-0.251
1789246977,647964391,135.992,robot_1,-0.913,-1.352
1789246977,857703850,136.202,robot_0,2.572,1.280
1789246977,857761451,136.202,robot_2,-0.619,-0.251
1789246977,857791435,136.202,robot_1,-0.914,-1.352
1789246978,75126582,136.419,robot_0,2.566,1.305
1789246978,75211935,136.419,robot_2,-0.620,-0.251
1789246978,75244426,136.419,robot_1,-0.914,-1.353
1789246978,301123307,136.645,robot_0,2.570,1.341
1789246978,301178924,136.645,robot_2,-0.620,-0.251
1789246978,301205222,136.645,robot_1,-0.915,-1.353
1789246978,510983991,136.855,robot_0,2.586,1.388
1789246978,511035516,136.855,robot_2,-0.621,-0.252
1789246978,511064478,136.855,robot_1,-0.927,-1.342
1789246978,728547409,137.072,robot_0,2.606,1.429
1789246978,728624161,137.073,robot_2,-0.621,-0.252
1789246978,728660043,137.073,robot_1,-0.964,-1.311
1789246978,933752036,137.278,robot_0,2.589,1.394
1789246978,933814903,137.278,robot_2,-0.622,-0.252
1789246978,933850422,137.278,robot_1,-0.969,-1.306
1789246979,137334326,137.481,robot_0,2.562,1.339
1789246979,137386417,137.481,robot_2,-0.622,-0.253
1789246979,137409623,137.481,robot_1,-0.969,-1.307
1789246979,357153574,137.701,robot_0,2.569,1.352
1789246979,357219617,137.701,robot_2,-0.622,-0.253
1789246979,357254588,137.701,robot_1,-0.969,-1.307
1789246979,567973142,137.912,robot_0,2.539,1.291
1789246979,568037380,137.912,robot_2,-0.622,-0.254
1789246979,568070684,137.912,robot_1,-0.942,-1.315
1789246979,778601975,138.123,robot_0,2.532,1.276
1789246979,778776089,138.123,robot_2,-0.622,-0.254
1789246979,778817060,138.123,robot_1,-0.899,-1.324
1789246979,990037143,138.334,robot_0,2.531,1.276
1789246979,990095120,138.334,robot_2,-0.622,-0.255
1789246979,990130413,138.334,robot_1,-0.852,-1.332
1789246980,190592402,138.534,robot_0,2.531,1.276
1789246980,190650491,138.535,robot_2,-0.621,-0.255
1789246980,190684097,138.535,robot_1,-0.839,-1.334
1789246980,402210714,138.746,robot_0,2.531,1.276
1789246980,402277237,138.746,robot_2,-0.621,-0.255
1789246980,402308987,138.746,robot_1,-0.839,-1.334
1789246980,605929333,138.950,robot_0,2.531,1.276
1789246980,605989965,138.950,robot_2,-0.613,-0.248
1789246980,606024826,138.950,robot_1,-0.847,-1.334
1789246980,835288511,139.179,robot_0,2.531,1.276
1789246980,835347436,139.179,robot_2,-0.547,-0.187
1789246980,835378184,139.179,robot_1,-0.882,-1.332
1789246981,47897285,139.392,robot_0,2.530,1.276
1789246981,47963740,139.392,robot_2,-0.546,-0.186
1789246981,47994444,139.392,robot_1,-0.882,-1.332
1789246981,260778023,139.605,robot_0,2.530,1.276
1789246981,260839931,139.605,robot_2,-0.520,-0.157
1789246981,260864967,139.605,robot_1,-0.855,-1.323
1789246981,462864982,139.807,robot_0,2.529,1.275
1789246981,462932010,139.807,robot_2,-0.482,-0.113
1789246981,462967942,139.807,robot_1,-0.815,-1.307
1789246981,696332219,140.040,robot_0,2.529,1.275
1789246981,696403147,140.040,robot_2,-0.509,-0.145
1789246981,696440738,140.040,robot_1,-0.781,-1.288
1789246981,913482145,140.257,robot_0,2.529,1.275
1789246981,913554634,140.257,robot_2,-0.515,-0.152
1789246981,913589350,140.257,robot_1,-0.790,-1.292
1789246982,115585058,140.459,robot_0,2.529,1.274
1789246982,115644061,140.460,robot_2,-0.476,-0.115
1789246982,115674289,140.460,robot_1,-0.833,-1.308
1789246982,321612568,140.666,robot_0,2.529,1.274
1789246982,321676137,140.666,robot_2,-0.444,-0.085
1789246982,321712445,140.666,robot_1,-0.820,-1.303
1789246982,541782460,140.886,robot_0,2.529,1.273
1789246982,541843010,140.886,robot_2,-0.416,-0.057
1789246982,541872023,140.886,robot_1,-0.809,-1.299
1789246982,746416840,141.090,robot_0,2.529,1.273
1789246982,746481460,141.090,robot_2,-0.389,-0.030
1789246982,746516140,141.090,robot_1,-0.809,-1.300
1789246982,947986354,141.292,robot_0,2.529,1.272
1789246982,948052447,141.292,robot_2,-0.389,-0.030
1789246982,948089002,141.292,robot_1,-0.809,-1.300
1789246983,160283511,141.504,robot_0,2.529,1.272
1789246983,160348673,141.504,robot_2,-0.399,-0.038
1789246983,160385916,141.504,robot_1,-0.808,-1.300
1789246983,371245390,141.715,robot_0,2.530,1.272
1789246983,371304817,141.715,robot_2,-0.430,-0.066
1789246983,371334002,141.715,robot_1,-0.808,-1.301
1789246983,581893736,141.926,robot_0,2.530,1.271
1789246983,581962314,141.926,robot_2,-0.398,-0.041
1789246983,581996024,141.926,robot_1,-0.807,-1.301
1789246983,794648234,142.139,robot_0,2.531,1.269
1789246983,794708682,142.139,robot_2,-0.337,0.008
1789246983,794785193,142.139,robot_1,-0.807,-1.301
1789246984,7125003,142.351,robot_0,2.525,1.227
1789246984,7190193,142.351,robot_2,-0.324,0.018
1789246984,7220416,142.351,robot_1,-0.806,-1.301
1789246984,218444275,142.562,robot_0,2.518,1.176
1789246984,218501141,142.562,robot_2,-0.323,0.018
1789246984,218533777,142.562,robot_1,-0.806,-1.300
1789246984,429648533,142.774,robot_0,2.511,1.122
1789246984,429707450,142.774,robot_2,-0.323,0.018
1789246984,429743367,142.774,robot_1,-0.805,-1.300
1789246984,640784594,142.985,robot_0,2.509,1.107
1789246984,640851296,142.985,robot_2,-0.322,0.017
1789246984,640887897,142.985,robot_1,-0.805,-1.300
1789246984,872663161,143.217,robot_0,2.508,1.107
1789246984,872724550,143.217,robot_2,-0.322,0.017
1789246984,872755288,143.217,robot_1,-0.805,-1.299
1789246985,80526221,143.424,robot_0,2.508,1.108
1789246985,80585678,143.424,robot_2,-0.322,0.017
1789246985,80616963,143.425,robot_1,-0.804,-1.298
1789246985,309837276,143.654,robot_0,2.507,1.108
1789246985,309898898,143.654,robot_2,-0.321,0.018
1789246985,309942501,143.654,robot_1,-0.804,-1.298
1789246985,529151715,143.873,robot_0,2.507,1.109
1789246985,529214348,143.873,robot_2,-0.321,0.018
1789246985,529256617,143.873,robot_1,-0.805,-1.297
1789246985,733592993,144.077,robot_0,2.507,1.109
1789246985,733651506,144.099,robot_2,-0.320,0.018
1789246985,755361658,144.099,robot_1,-0.805,-1.297
1789246985,946254777,144.290,robot_0,2.507,1.110
1789246985,948069014,144.292,robot_2,-0.320,0.018
1789246985,948134890,144.292,robot_1,-0.805,-1.297
1789246986,165435914,144.509,robot_0,2.507,1.111
1789246986,165517952,144.509,robot_2,-0.320,0.019
1789246986,168320590,144.512,robot_1,-0.805,-1.297
1789246986,372080223,144.716,robot_0,2.507,1.111
1789246986,372142877,144.716,robot_2,-0.320,0.019
1789246986,372178266,144.716,robot_1,-0.836,-1.308
1789246986,607258808,144.951,robot_0,2.508,1.112
1789246986,607322199,144.951,robot_2,-0.320,0.020
1789246986,607362765,144.951,robot_1,-0.914,-1.339
1789246986,824102665,145.168,robot_0,2.508,1.112
1789246986,824155498,145.168,robot_2,-0.320,0.021
1789246986,824188390,145.168,robot_1,-0.989,-1.369
1789246987,30549421,145.374,robot_0,2.494,1.137
1789246987,30612848,145.375,robot_2,-0.320,0.021
1789246987,30653090,145.375,robot_1,-1.050,-1.394
1789246987,253698770,145.598,robot_0,2.477,1.168
1789246987,253761890,145.598,robot_2,-0.320,0.021
1789246987,253796891,145.598,robot_1,-1.120,-1.422
1789246987,474201652,145.818,robot_0,2.477,1.168
1789246987,474251637,145.818,robot_2,-0.321,0.022
1789246987,474280128,145.818,robot_1,-1.163,-1.440
1789246987,679759361,146.024,robot_0,2.477,1.168
1789246987,679819215,146.024,robot_2,-0.321,0.022
1789246987,679861086,146.024,robot_1,-1.138,-1.430
1789246987,894455618,146.238,robot_0,2.477,1.168
1789246987,894511451,146.238,robot_2,-0.322,0.022
1789246987,894540772,146.238,robot_1,-1.091,-1.413
1789246988,115074048,146.459,robot_0,2.477,1.168
1789246988,115133721,146.459,robot_2,-0.322,0.022
1789246988,115165263,146.459,robot_1,-1.052,-1.398
1789246988,326349227,146.670,robot_0,2.477,1.168
1789246988,326408279,146.670,robot_2,-0.322,0.022
1789246988,326446957,146.670,robot_1,-1.005,-1.381
1789246988,529569570,146.873,robot_0,2.476,1.167
1789246988,529628325,146.874,robot_2,-0.322,0.022
1789246988,529660301,146.874,robot_1,-0.964,-1.365
1789246988,734599540,147.079,robot_0,2.476,1.167
1789246988,734661462,147.079,robot_2,-0.323,0.021
1789246988,734701788,147.079,robot_1,-0.931,-1.353
1789246988,963040581,147.307,robot_0,2.476,1.166
1789246988,963106067,147.307,robot_2,-0.315,-0.013
1789246988,964480739,147.308,robot_1,-0.931,-1.353
1789246989,180562416,147.524,robot_0,2.476,1.165
1789246989,180616788,147.525,robot_2,-0.328,0.029
1789246989,180651609,147.525,robot_1,-0.931,-1.352
1789246989,401360974,147.745,robot_0,2.476,1.165
1789246989,401417778,147.745,robot_2,-0.337,0.060
1789246989,401457645,147.745,robot_1,-0.932,-1.352
1789246989,609125114,147.953,robot_0,2.476,1.164
1789246989,609188715,147.953,robot_2,-0.321,0.005
1789246989,609228756,147.953,robot_1,-0.932,-1.352
1789246989,827608822,148.172,robot_0,2.477,1.164
1789246989,827664469,148.172,robot_2,-0.322,0.009
1789246989,827695754,148.172,robot_1,-0.933,-1.352
1789246990,38762476,148.383,robot_0,2.477,1.164
1789246990,38826664,148.383,robot_2,-0.337,0.057
1789246990,38863701,148.383,robot_1,-0.933,-1.352
1789246990,239050184,148.583,robot_0,2.477,1.164
1789246990,239107234,148.583,robot_2,-0.347,0.094
1789246990,239143676,148.583,robot_1,-0.934,-1.352
1789246990,452850241,148.797,robot_0,2.478,1.163
1789246990,452909988,148.797,robot_2,-0.360,0.137
1789246990,452942863,148.797,robot_1,-0.934,-1.352
1789246990,654628358,148.999,robot_0,2.478,1.163
1789246990,654699763,148.999,robot_2,-0.360,0.137
1789246990,654733502,148.999,robot_1,-0.935,-1.352
1789246990,858413749,149.205,robot_0,2.479,1.163
1789246990,861427177,149.205,robot_2,-0.361,0.137
1789246990,861480476,149.205,robot_1,-0.935,-1.353
1789246991,72516578,149.416,robot_0,2.479,1.164
1789246991,72584040,149.416,robot_2,-0.361,0.137
1789246991,72619575,149.417,robot_1,-0.935,-1.353
1789246991,282453845,149.626,robot_0,2.479,1.164
1789246991,282515107,149.626,robot_2,-0.361,0.136
1789246991,282544942,149.626,robot_1,-0.935,-1.354
1789246991,492938093,149.837,robot_0,2.484,1.152
1789246991,493005446,149.837,robot_2,-0.362,0.136
1789246991,493038190,149.837,robot_1,-0.936,-1.354
1789246991,695143761,150.039,robot_0,2.498,1.121
1789246991,703258089,150.047,robot_2,-0.362,0.135
1789246991,703352689,150.047,robot_1,-0.935,-1.355
1789246991,905191180,150.249,robot_0,2.518,1.080
1789246991,905250201,150.249,robot_2,-0.362,0.135
1789246991,905287401,150.249,robot_1,-0.935,-1.355
1789246992,113230527,150.457,robot_0,2.498,1.121
1789246992,113300387,150.457,robot_2,-0.362,0.134
1789246992,113336781,150.457,robot_1,-0.950,-1.359
1789246992,347742499,150.692,robot_0,2.466,1.185
1789246992,347804336,150.692,robot_2,-0.361,0.134
1789246992,347836113,150.692,robot_1,-0.996,-1.369
1789246992,571554253,150.915,robot_0,2.442,1.235
1789246992,571611725,150.916,robot_2,-0.361,0.133
1789246992,571645245,150.916,robot_1,-0.968,-1.364
1789246992,793862374,151.138,robot_0,2.442,1.235
1789246992,793934216,151.138,robot_2,-0.361,0.133
1789246992,793970218,151.138,robot_1,-0.912,-1.361
1789246993,16683560,151.361,robot_0,2.460,1.206
1789246993,16737370,151.361,robot_2,-0.360,0.133
1789246993,16762938,151.361,robot_1,-0.851,-1.366
1789246993,235250518,151.579,robot_0,2.483,1.171
1789246993,235303954,151.579,robot_2,-0.360,0.132
1789246993,235342789,151.579,robot_1,-0.809,-1.379
1789246993,448929883,151.793,robot_0,2.484,1.170
1789246993,448989256,151.793,robot_2,-0.359,0.132
1789246993,449022152,151.793,robot_1,-0.733,-1.419
1789246993,659768985,152.004,robot_0,2.484,1.170
1789246993,659832735,152.004,robot_2,-0.359,0.133
1789246993,659872318,152.004,robot_1,-0.720,-1.426
1789246993,880217961,152.224,robot_0,2.484,1.170
1789246993,880275223,152.224,robot_2,-0.356,0.120
1789246993,880305837,152.224,robot_1,-0.720,-1.426
1789246994,94338333,152.438,robot_0,2.484,1.171
1789246994,94397536,152.438,robot_2,-0.345,0.073
1789246994,94431258,152.438,robot_1,-0.720,-1.426
1789246994,315797005,152.660,robot_0,2.485,1.171
1789246994,315850226,152.660,robot_2,-0.336,0.028
1789246994,315881571,152.660,robot_1,-0.734,-1.418
1789246994,523034145,152.867,robot_0,2.484,1.172
1789246994,523098821,152.867,robot_2,-0.330,0.001
1789246994,523141674,152.867,robot_1,-0.763,-1.402
1789246994,726278755,153.070,robot_0,2.484,1.172
1789246994,726340054,153.070,robot_2,-0.341,0.039
1789246994,726375438,153.070,robot_1,-0.763,-1.402
1789246994,929862140,153.274,robot_0,2.484,1.173
1789246994,929932267,153.274,robot_2,-0.363,0.107
1789246994,929964621,153.274,robot_1,-0.764,-1.403
1789246995,130139130,153.474,robot_0,2.484,1.173
1789246995,130199819,153.474,robot_2,-0.366,0.119
1789246995,130232245,153.474,robot_1,-0.764,-1.403
1789246995,347025928,153.691,robot_0,2.483,1.173
1789246995,347091400,153.691,robot_2,-0.376,0.148
1789246995,347129269,153.691,robot_1,-0.763,-1.404
1789246995,555170360,153.899,robot_0,2.483,1.174
1789246995,555232230,153.899,robot_2,-0.399,0.216
1789246995,555268589,153.899,robot_1,-0.763,-1.404
1789246995,779318964,154.123,robot_0,2.482,1.174
1789246995,779379920,154.123,robot_2,-0.403,0.226
1789246995,779405200,154.123,robot_1,-0.763,-1.405
1789246995,999615490,154.344,robot_0,2.482,1.174
1789246995,999675192,154.344,robot_2,-0.437,0.290
1789246995,999707455,154.344,robot_1,-0.762,-1.405
1789246996,212988227,154.557,robot_0,2.481,1.174
1789246996,213046427,154.557,robot_2,-0.465,0.340
1789246996,213079818,154.557,robot_1,-0.762,-1.405
1789246996,437240010,154.781,robot_0,2.481,1.174
1789246996,437299432,154.781,robot_2,-0.479,0.366
1789246996,437325656,154.781,robot_1,-0.762,-1.405
1789246996,656386669,155.000,robot_0,2.455,1.219
1789246996,656446138,155.000,robot_2,-0.522,0.432
1789246996,656478970,155.000,robot_1,-0.761,-1.405
1789246996,869242097,155.213,robot_0,2.434,1.256
1789246996,869309053,155.213,robot_2,-0.548,0.471
1789246996,869336551,155.213,robot_1,-0.760,-1.405
1789246997,75415946,155.419,robot_0,2.409,1.301
1789246997,75482256,155.419,robot_2,-0.592,0.536
1789246997,75513480,155.419,robot_1,-0.760,-1.405
1789246997,291251214,155.635,robot_0,2.406,1.306
1789246997,291309703,155.635,robot_2,-0.604,0.555
1789246997,291337447,155.635,robot_1,-0.759,-1.405
1789246997,513581798,155.857,robot_0,2.407,1.306
1789246997,513641563,155.858,robot_2,-0.640,0.596
1789246997,514716222,155.859,robot_1,-0.759,-1.404
1789246997,726701573,156.071,robot_0,2.407,1.306
1789246997,726767919,156.071,robot_2,-0.651,0.609
1789246997,726803913,156.071,robot_1,-0.759,-1.404
1789246997,929947581,156.274,robot_0,2.408,1.306
1789246997,930012292,156.274,robot_2,-0.650,0.609
1789246997,930048411,156.274,robot_1,-0.737,-1.416
1789246998,132523988,156.476,robot_0,2.409,1.306
1789246998,132583166,156.476,robot_2,-0.650,0.610
1789246998,132611841,156.477,robot_1,-0.715,-1.429
1789246998,363594641,156.708,robot_0,2.409,1.305
1789246998,363650568,156.708,robot_2,-0.650,0.610
1789246998,363685427,156.708,robot_1,-0.743,-1.410
1789246998,564984831,156.909,robot_0,2.410,1.304
1789246998,565057439,156.909,robot_2,-0.650,0.611
1789246998,565094026,156.909,robot_1,-0.799,-1.369
1789246998,771461656,157.115,robot_0,2.410,1.304
1789246998,771523696,157.115,robot_2,-0.650,0.611
1789246998,771560850,157.115,robot_1,-0.806,-1.364
1789246998,976786343,157.321,robot_0,2.410,1.303
1789246998,976865261,157.321,robot_2,-0.650,0.612
1789246998,976905863,157.321,robot_1,-0.853,-1.321
1789246999,203745303,157.548,robot_0,2.410,1.303
1789246999,203808329,157.548,robot_2,-0.651,0.612
1789246999,203837744,157.548,robot_1,-0.840,-1.333
1789246999,414204870,157.758,robot_0,2.410,1.303
1789246999,414266868,157.758,robot_2,-0.651,0.612
1789246999,414303324,157.758,robot_1,-0.805,-1.367
1789246999,626202582,157.970,robot_0,2.410,1.303
1789246999,626262989,157.970,robot_2,-0.651,0.613
1789246999,626292963,157.970,robot_1,-0.786,-1.385
1789246999,846221314,158.190,robot_0,2.410,1.303
1789246999,846284588,158.190,robot_2,-0.652,0.613
1789246999,846314166,158.190,robot_1,-0.770,-1.398
1789247000,71354314,158.415,robot_0,2.410,1.304
1789247000,71409683,158.415,robot_2,-0.652,0.613
1789247000,71440404,158.415,robot_1,-0.753,-1.410
1789247000,305252318,158.649,robot_0,2.409,1.304
1789247000,305313031,158.649,robot_2,-0.653,0.613
1789247000,305341778,158.649,robot_1,-0.813,-1.367
1789247000,509405478,158.853,robot_0,2.409,1.305
1789247000,509473439,158.853,robot_2,-0.654,0.613
1789247000,509501822,158.853,robot_1,-0.813,-1.367
1789247000,721233779,159.065,robot_0,2.408,1.305
1789247000,721293731,159.065,robot_2,-0.654,0.612
1789247000,721321814,159.065,robot_1,-0.799,-1.379
1789247000,925433756,159.269,robot_0,2.408,1.305
1789247000,925494800,159.269,robot_2,-0.654,0.612
1789247000,925531145,159.269,robot_1,-0.768,-1.408
1789247001,146690090,159.491,robot_0,2.407,1.305
1789247001,146749518,159.491,robot_2,-0.642,0.598
1789247001,146781011,159.491,robot_1,-0.796,-1.382
1789247001,356482398,159.700,robot_0,2.407,1.305
1789247001,359008708,159.703,robot_2,-0.613,0.562
1789247001,359068978,159.703,robot_1,-0.824,-1.357
1789247001,568830225,159.913,robot_0,2.406,1.305
1789247001,568884710,159.913,robot_2,-0.586,0.527
1789247001,568907861,159.913,robot_1,-0.824,-1.357
1789247001,770604001,160.115,robot_0,2.406,1.304
1789247001,770670426,160.115,robot_2,-0.586,0.526
1789247001,770704028,160.115,robot_1,-0.824,-1.356
1789247001,972074760,160.316,robot_0,2.405,1.304
1789247001,972138632,160.316,robot_2,-0.586,0.526
1789247001,972171287,160.316,robot_1,-0.823,-1.355
1789247002,185695805,160.530,robot_0,2.405,1.303
1789247002,185750395,160.530,robot_2,-0.556,0.496
1789247002,185774972,160.530,robot_1,-0.823,-1.355
1789247002,391185597,160.735,robot_0,2.405,1.303
1789247002,391240755,160.735,robot_2,-0.497,0.440
1789247002,391266330,160.735,robot_1,-0.824,-1.354
1789247002,605326144,160.949,robot_0,2.405,1.303
1789247002,605384701,160.949,robot_2,-0.461,0.406
1789247002,605411333,160.949,robot_1,-0.824,-1.354
1789247002,814777660,161.159,robot_0,2.405,1.303
1789247002,814825262,161.159,robot_2,-0.491,0.437
1789247002,814846374,161.159,robot_1,-0.824,-1.353
1789247003,31512198,161.375,robot_0,2.405,1.304
1789247003,31579187,161.375,robot_2,-0.520,0.467
1789247003,31603888,161.375,robot_1,-0.825,-1.353
1789247003,255067769,161.599,robot_0,2.406,1.304
1789247003,255112903,161.599,robot_2,-0.556,0.504
1789247003,255134210,161.599,robot_1,-0.825,-1.353
1789247003,469083435,161.816,robot_0,2.406,1.304
1789247003,472110209,161.816,robot_2,-0.567,0.514
1789247003,472163971,161.816,robot_1,-0.826,-1.353
1789247003,677235844,162.021,robot_0,2.407,1.305
1789247003,677299660,162.021,robot_2,-0.533,0.475
1789247003,677329056,162.021,robot_1,-0.826,-1.353
1789247003,897465595,162.241,robot_0,2.408,1.305
1789247003,897515847,162.241,robot_2,-0.510,0.442
1789247003,897541189,162.241,robot_1,-0.827,-1.353
1789247004,131683047,162.476,robot_0,2.408,1.305
1789247004,131738336,162.476,robot_2,-0.486,0.390
1789247004,131764909,162.476,robot_1,-0.827,-1.353
1789247004,347878156,162.692,robot_0,2.408,1.305
1789247004,347945212,162.692,robot_2,-0.470,0.351
1789247004,347979561,162.692,robot_1,-0.828,-1.353
1789247004,569848083,162.914,robot_0,2.411,1.340
1789247004,569901628,162.914,robot_2,-0.477,0.367
1789247004,569938657,162.914,robot_1,-0.828,-1.354
1789247004,792656686,163.137,robot_0,2.413,1.367
1789247004,792724694,163.137,robot_2,-0.477,0.367
1789247004,792757957,163.137,robot_1,-0.790,-1.389
1789247005,490982,163.344,robot_0,2.413,1.367
1789247005,565145,163.344,robot_2,-0.477,0.366
1789247005,596621,163.344,robot_1,-0.741,-1.434
1789247005,225053711,163.569,robot_0,2.414,1.366
1789247005,225119919,163.569,robot_2,-0.478,0.366
1789247005,225146028,163.569,robot_1,-0.703,-1.470
1789247005,454671645,163.799,robot_0,2.414,1.366
1789247005,454731354,163.799,robot_2,-0.478,0.365
1789247005,454757971,163.799,robot_1,-0.702,-1.470
1789247005,666160351,164.010,robot_0,2.414,1.366
1789247005,666223193,164.010,robot_2,-0.478,0.365
1789247005,666254850,164.010,robot_1,-0.662,-1.518
1789247005,880435469,164.224,robot_0,2.413,1.366
1789247005,880486102,164.224,robot_2,-0.478,0.364
1789247005,880507799,164.224,robot_1,-0.620,-1.573
1789247006,82494062,164.426,robot_0,2.413,1.366
1789247006,82553876,164.426,robot_2,-0.478,0.364
1789247006,82587125,164.426,robot_1,-0.579,-1.625
1789247006,288293197,164.632,robot_0,2.412,1.366
1789247006,288350973,164.632,robot_2,-0.477,0.363
1789247006,288380300,164.632,robot_1,-0.532,-1.685
1789247006,519972037,164.864,robot_0,2.412,1.366
1789247006,520030849,164.864,robot_2,-0.477,0.363
1789247006,520058531,164.864,robot_1,-0.540,-1.672
1789247006,723664806,165.068,robot_0,2.411,1.366
1789247006,725222193,165.069,robot_2,-0.477,0.363
1789247006,725297724,165.069,robot_1,-0.565,-1.632
1789247006,928268401,165.272,robot_0,2.411,1.365
1789247006,928330769,165.272,robot_2,-0.476,0.363
1789247006,928360499,165.272,robot_1,-0.569,-1.625
1789247007,148444575,165.492,robot_0,2.411,1.365
1789247007,148508502,165.492,robot_2,-0.475,0.362
1789247007,148537150,165.492,robot_1,-0.570,-1.625
1789247007,378131310,165.722,robot_0,2.411,1.364
1789247007,378190633,165.722,robot_2,-0.475,0.362
1789247007,378221982,165.722,robot_1,-0.570,-1.625
1789247007,595597009,165.939,robot_0,2.411,1.364
1789247007,595646290,165.940,robot_2,-0.474,0.363
1789247007,595668997,165.940,robot_1,-0.570,-1.626
1789247007,819009038,166.163,robot_0,2.411,1.363
1789247007,819068032,166.163,robot_2,-0.474,0.363
1789247007,819101064,166.163,robot_1,-0.570,-1.626
1789247008,22885853,166.367,robot_0,2.411,1.363
1789247008,22954012,166.367,robot_2,-0.465,0.345
1789247008,22991519,166.367,robot_1,-0.570,-1.627
1789247008,224939909,166.569,robot_0,2.412,1.362
1789247008,224997983,166.569,robot_2,-0.452,0.319
1789247008,225027720,166.569,robot_1,-0.570,-1.628
1789247008,432835279,166.777,robot_0,2.412,1.362
1789247008,432897068,166.777,robot_2,-0.451,0.319
1789247008,432938289,166.777,robot_1,-0.570,-1.628
1789247008,639477427,166.983,robot_0,2.394,1.339
1789247008,639536152,166.983,robot_2,-0.438,0.301
1789247008,639565603,166.983,robot_1,-0.570,-1.628
1789247008,858305514,167.202,robot_0,2.362,1.299
1789247008,858359220,167.202,robot_2,-0.423,0.283
1789247008,858389535,167.202,robot_1,-0.569,-1.629
1789247009,73988693,167.418,robot_0,2.329,1.258
1789247009,74046396,167.418,robot_2,-0.449,0.308
1789247009,74077511,167.418,robot_1,-0.569,-1.629
1789247009,300015054,167.644,robot_0,2.325,1.252
1789247009,300082049,167.644,robot_2,-0.503,0.354
1789247009,300112682,167.644,robot_1,-0.568,-1.629
1789247009,517241753,167.861,robot_0,2.325,1.252
1789247009,517313886,167.861,robot_2,-0.538,0.385
1789247009,517351461,167.861,robot_1,-0.567,-1.629
1789247009,720347673,168.064,robot_0,2.326,1.252
1789247009,720405892,168.064,robot_2,-0.572,0.413
1789247009,720436643,168.064,robot_1,-0.567,-1.629
1789247009,954324997,168.298,robot_0,2.326,1.252
1789247009,954389726,168.298,robot_2,-0.575,0.416
1789247009,954421247,168.298,robot_1,-0.566,-1.629
1789247010,173005550,168.517,robot_0,2.327,1.252
1789247010,173073922,168.517,robot_2,-0.643,0.459
1789247010,173107127,168.517,robot_1,-0.566,-1.629
1789247010,402991753,168.747,robot_0,2.327,1.253
1789247010,403060477,168.747,robot_2,-0.662,0.470
1789247010,403091111,168.747,robot_1,-0.576,-1.604
1789247010,629868988,168.974,robot_0,2.328,1.253
1789247010,629938307,168.974,robot_2,-0.654,0.465
1789247010,629970038,168.974,robot_1,-0.586,-1.567
1789247010,836837570,169.181,robot_0,2.328,1.254
1789247010,836909881,169.181,robot_2,-0.654,0.466
1789247010,836945859,169.181,robot_1,-0.588,-1.613
1789247011,45470236,169.389,robot_0,2.328,1.254
1789247011,45534082,169.389,robot_2,-0.653,0.466
1789247011,45562030,169.389,robot_1,-0.591,-1.662
1789247011,274074000,169.618,robot_0,2.318,1.254
1789247011,274141491,169.618,robot_2,-0.654,0.467
1789247011,274176686,169.618,robot_1,-0.591,-1.664
1789247011,477064878,169.821,robot_0,2.266,1.248
1789247011,477139116,169.821,robot_2,-0.654,0.467
1789247011,477175797,169.821,robot_1,-0.591,-1.664
1789247011,686522999,170.030,robot_0,2.266,1.248
1789247011,686588571,170.030,robot_2,-0.654,0.468
1789247011,686622587,170.031,robot_1,-0.591,-1.664
1789247011,898097516,170.242,robot_0,2.292,1.256
1789247011,898174164,170.242,robot_2,-0.654,0.468
1789247011,898205952,170.242,robot_1,-0.591,-1.664
1789247012,114154340,170.458,robot_0,2.311,1.261
1789247012,114214260,170.458,robot_2,-0.655,0.468
1789247012,114241168,170.458,robot_1,-0.590,-1.664
1789247012,328040215,170.672,robot_0,2.244,1.242
1789247012,328105880,170.672,robot_2,-0.655,0.469
1789247012,328133696,170.672,robot_1,-0.590,-1.664
1789247012,539074517,170.883,robot_0,2.176,1.223
1789247012,539145974,170.883,robot_2,-0.656,0.469
1789247012,539181102,170.883,robot_1,-0.590,-1.664
1789247012,747816840,171.092,robot_0,2.189,1.229
1789247012,747888665,171.092,robot_2,-0.656,0.469
1789247012,747930458,171.092,robot_1,-0.591,-1.716
1789247012,968910599,171.313,robot_0,2.226,1.244
1789247012,968990781,171.313,robot_2,-0.657,0.468
1789247012,969023586,171.313,robot_1,-0.591,-1.722
1789247013,192599867,171.537,robot_0,2.250,1.254
1789247013,192675585,171.537,robot_2,-0.657,0.468
1789247013,192711928,171.537,robot_1,-0.592,-1.772
1789247013,399745330,171.744,robot_0,2.286,1.267
1789247013,399806047,171.744,robot_2,-0.658,0.468
1789247013,399838759,171.744,robot_1,-0.593,-1.812
1789247013,609722506,171.954,robot_0,2.289,1.268
1789247013,609785293,171.954,robot_2,-0.658,0.467
1789247013,609816039,171.954,robot_1,-0.595,-1.866
1789247013,812378000,172.156,robot_0,2.289,1.268
1789247013,812451901,172.156,robot_2,-0.648,0.460
1789247013,812489334,172.156,robot_1,-0.595,-1.875
1789247014,15850902,172.360,robot_0,2.289,1.268
1789247014,15927989,172.360,robot_2,-0.611,0.433
1789247014,15963067,172.360,robot_1,-0.595,-1.875
1789247014,252162122,172.596,robot_0,2.288,1.268
1789247014,252220379,172.596,robot_2,-0.548,0.382
1789247014,252244935,172.596,robot_1,-0.596,-1.875
1789247014,454132365,172.798,robot_0,2.258,1.245
1789247014,454197585,172.798,robot_2,-0.516,0.356
1789247014,454222925,172.798,robot_1,-0.597,-1.874
1789247014,674345772,173.018,robot_0,2.240,1.229
1789247014,674419207,173.018,robot_2,-0.466,0.312
1789247014,674451668,173.018,robot_1,-0.597,-1.874
1789247014,891984801,173.236,robot_0,2.267,1.270
1789247014,892053208,173.236,robot_2,-0.430,0.280
1789247014,892085633,173.236,robot_1,-0.598,-1.873
1789247015,124738128,173.469,robot_0,2.280,1.293
1789247015,124787187,173.469,robot_2,-0.378,0.230
1789247015,124810076,173.469,robot_1,-0.598,-1.872
1789247015,335497896,173.679,robot_0,2.251,1.251
1789247015,335562842,173.679,robot_2,-0.316,0.169
1789247015,335593357,173.679,robot_1,-0.597,-1.871
1789247015,543837546,173.888,robot_0,2.211,1.198
1789247015,543899040,173.888,robot_2,-0.289,0.143
1789247015,543936814,173.888,robot_1,-0.597,-1.871
1789247015,766092961,174.110,robot_0,2.162,1.131
1789247015,766154276,174.110,robot_2,-0.266,0.118
1789247015,766186753,174.110,robot_1,-0.597,-1.870
1789247015,966239501,174.310,robot_0,2.153,1.119
1789247015,966304328,174.310,robot_2,-0.240,0.085
1789247015,966339490,174.310,robot_1,-0.581,-1.888
1789247016,187454776,174.531,robot_0,2.134,1.086
1789247016,187576317,174.531,robot_2,-0.222,0.057
1789247016,187614849,174.532,robot_1,-0.554,-1.925
1789247016,395639258,174.740,robot_0,2.113,1.043
1789247016,395704911,174.740,robot_2,-0.220,0.053
1789247016,395739910,174.740,robot_1,-0.533,-1.955
1789247016,601403162,174.945,robot_0,2.086,0.981
1789247016,601472797,174.945,robot_2,-0.203,-0.009
1789247016,601508912,174.945,robot_1,-0.533,-1.956
1789247016,811858276,175.156,robot_0,2.082,0.972
1789247016,811909966,175.156,robot_2,-0.200,-0.025
1789247016,811954925,175.156,robot_1,-0.533,-1.957
1789247017,30661378,175.375,robot_0,2.081,0.973
1789247017,30726477,175.375,robot_2,-0.200,-0.025
1789247017,30758656,175.375,robot_1,-0.533,-1.957
1789247017,244976164,175.589,robot_0,2.081,0.973
1789247017,245058254,175.589,robot_2,-0.201,-0.025
1789247017,245100927,175.589,robot_1,-0.533,-1.958
1789247017,455477304,175.799,robot_0,2.080,0.972
1789247017,455548094,175.799,robot_2,-0.201,-0.026
1789247017,455585015,175.799,robot_1,-0.533,-1.958
1789247017,673816989,176.018,robot_0,2.080,0.972
1789247017,673882645,176.018,robot_2,-0.201,-0.026
1789247017,673918175,176.018,robot_1,-0.533,-1.959
1789247017,892367933,176.236,robot_0,2.079,0.972
1789247017,892437398,176.236,robot_2,-0.201,-0.026
1789247017,892473259,176.236,robot_1,-0.533,-1.959
1789247018,119964914,176.470,robot_0,2.079,0.972
1789247018,126071541,176.470,robot_2,-0.202,-0.027
1789247018,126128385,176.470,robot_1,-0.533,-1.960
1789247018,333258095,176.677,robot_0,2.079,0.971
1789247018,333329598,176.677,robot_2,-0.202,-0.028
1789247018,333366937,176.677,robot_1,-0.532,-1.960
1789247018,548268167,176.892,robot_0,2.079,0.970
1789247018,548337349,176.893,robot_2,-0.201,-0.028
1789247018,549518634,176.893,robot_1,-0.532,-1.960
1789247018,763440487,177.107,robot_0,2.079,0.970
1789247018,763506724,177.107,robot_2,-0.201,-0.029
1789247018,763540138,177.107,robot_1,-0.531,-1.961
1789247018,964474579,177.313,robot_0,2.079,0.970
1789247018,969280337,177.313,robot_2,-0.201,-0.029
1789247018,969332747,177.313,robot_1,-0.531,-1.961
1789247019,178734182,177.524,robot_0,2.079,0.969
1789247019,179918547,177.524,robot_2,-0.200,-0.029
1789247019,179977588,177.524,robot_1,-0.530,-1.961
1789247019,378789505,177.723,robot_0,2.079,0.969
1789247019,378850412,177.723,robot_2,-0.200,-0.029
1789247019,378883073,177.723,robot_1,-0.530,-1.961
1789247019,593877408,177.938,robot_0,2.080,0.968
1789247019,593970166,177.938,robot_2,-0.199,-0.030
1789247019,594004239,177.938,robot_1,-0.529,-1.960
1789247019,794062326,178.138,robot_0,2.080,0.968
1789247019,794139906,178.138,robot_2,-0.199,-0.030
1789247019,794179661,178.138,robot_1,-0.535,-1.951
1789247020,15812351,178.360,robot_0,2.080,0.968
1789247020,15873960,178.360,robot_2,-0.199,-0.030
1789247020,15908937,178.360,robot_1,-0.559,-1.910
1789247020,225769623,178.570,robot_0,2.083,0.974
1789247020,225843416,178.570,robot_2,-0.199,-0.030
1789247020,225875014,178.570,robot_1,-0.564,-1.904
1789247020,449839898,178.794,robot_0,2.112,1.043
1789247020,449903713,178.794,robot_2,-0.199,-0.030
1789247020,449943576,178.794,robot_1,-0.550,-1.950
1789247020,661798774,179.006,robot_0,2.143,1.118
1789247020,661890184,179.006,robot_2,-0.199,-0.035
1789247020,661932824,179.006,robot_1,-0.536,-2.002
1789247020,872793247,179.217,robot_0,2.166,1.175
1789247020,872858206,179.217,robot_2,-0.199,-0.081
1789247020,872895926,179.217,robot_1,-0.522,-2.052
1789247021,82755770,179.427,robot_0,2.150,1.135
1789247021,82817840,179.427,robot_2,-0.200,-0.065
1789247021,82850974,179.427,robot_1,-0.507,-2.102
1789247021,295326364,179.639,robot_0,2.134,1.097
1789247021,295406467,179.639,robot_2,-0.201,-0.002
1789247021,295444736,179.639,robot_1,-0.504,-2.115
1789247021,513060756,179.857,robot_0,2.147,1.129
1789247021,513136186,179.857,robot_2,-0.202,0.018
1789247021,513167669,179.857,robot_1,-0.501,-2.133
1789247021,737016738,180.081,robot_0,2.162,1.164
1789247021,737085019,180.081,robot_2,-0.211,0.081
1789247021,737124257,180.081,robot_1,-0.493,-2.184
1789247021,947833341,180.292,robot_0,2.147,1.130
1789247021,951548362,180.295,robot_2,-0.212,0.088
1789247021,951644227,180.296,robot_1,-0.492,-2.190
1789247022,196485447,180.540,robot_0,2.133,1.098
1789247022,196551355,180.540,robot_2,-0.213,0.091
1789247022,196582241,180.540,robot_1,-0.493,-2.190
1789247022,423808875,180.768,robot_0,2.144,1.133
1789247022,423877193,180.768,robot_2,-0.244,0.144
1789247022,423909321,180.768,robot_1,-0.493,-2.190
1789247022,650667070,180.996,robot_0,2.161,1.189
1789247022,651694651,180.996,robot_2,-0.243,0.144
1789247022,651756602,180.996,robot_1,-0.493,-2.190
1789247022,867438484,181.211,robot_0,2.151,1.156
1789247022,867515608,181.211,robot_2,-0.204,0.110
1789247022,867547380,181.211,robot_1,-0.493,-2.190
1789247023,86406578,181.430,robot_0,2.149,1.149
1789247023,86463427,181.430,robot_2,-0.193,0.101
1789247023,86493714,181.430,robot_1,-0.492,-2.190
1789247023,308759679,181.653,robot_0,2.150,1.149
1789247023,308818837,181.653,robot_2,-0.193,0.101
1789247023,308853196,181.653,robot_1,-0.492,-2.189
1789247023,528282352,181.872,robot_0,2.150,1.149
1789247023,528335100,181.872,robot_2,-0.193,0.101
1789247023,528360717,181.872,robot_1,-0.491,-2.189
1789247023,731373871,182.075,robot_0,2.151,1.149
1789247023,731446785,182.075,robot_2,-0.192,0.102
1789247023,731477369,182.075,robot_1,-0.491,-2.189
1789247023,943972710,182.288,robot_0,2.151,1.150
1789247023,944039347,182.288,robot_2,-0.193,0.102
1789247023,944081059,182.288,robot_1,-0.491,-2.188
1789247024,186421566,182.530,robot_0,2.152,1.150
1789247024,186478211,182.530,robot_2,-0.193,0.103
1789247024,186516766,182.530,robot_1,-0.490,-2.188
1789247024,398733351,182.743,robot_0,2.152,1.151
1789247024,398797064,182.743,robot_2,-0.193,0.103
1789247024,398837049,182.743,robot_1,-0.490,-2.187
1789247024,604582376,182.948,robot_0,2.152,1.151
1789247024,604641012,182.949,robot_2,-0.193,0.104
1789247024,604676266,182.949,robot_1,-0.490,-2.186
1789247024,823035171,183.167,robot_0,2.152,1.152
1789247024,823094901,183.167,robot_2,-0.194,0.104
1789247024,823130472,183.167,robot_1,-0.491,-2.186
1789247025,33813023,183.378,robot_0,2.152,1.152
1789247025,33875320,183.378,robot_2,-0.194,0.104
1789247025,33910216,183.378,robot_1,-0.491,-2.185
1789247025,236983298,183.581,robot_0,2.152,1.153
1789247025,237051114,183.581,robot_2,-0.195,0.104
1789247025,237088269,183.581,robot_1,-0.491,-2.185
1789247025,460852191,183.805,robot_0,2.152,1.153
1789247025,461952634,183.806,robot_2,-0.195,0.104
1789247025,462062135,183.806,robot_1,-0.492,-2.185
1789247025,661201550,184.005,robot_0,2.151,1.153
1789247025,661267868,184.005,robot_2,-0.196,0.104
1789247025,661304013,184.005,robot_1,-0.492,-2.185
1789247025,878420345,184.222,robot_0,2.151,1.154
1789247025,878479143,184.222,robot_2,-0.196,0.104
1789247025,878509379,184.222,robot_1,-0.492,-2.185
1789247026,83286567,184.427,robot_0,2.151,1.154
1789247026,83344710,184.427,robot_2,-0.197,0.104
1789247026,83371461,184.427,robot_1,-0.492,-2.185
1789247026,291434244,184.635,robot_0,2.150,1.154
1789247026,291512731,184.635,robot_2,-0.206,0.113
1789247026,291555244,184.635,robot_1,-0.492,-2.185
1789247026,497013812,184.841,robot_0,2.149,1.154
1789247026,497078633,184.841,robot_2,-0.241,0.148
1789247026,497109746,184.841,robot_1,-0.516,-2.220
1789247026,699292957,185.043,robot_0,2.149,1.154
1789247026,699355726,185.043,robot_2,-0.246,0.153
1789247026,699391649,185.043,robot_1,-0.549,-2.268
1789247026,915274234,185.259,robot_0,2.141,1.186
1789247026,915335021,185.259,robot_2,-0.228,0.134
1789247026,915370459,185.259,robot_1,-0.551,-2.271
1789247027,128656125,185.473,robot_0,2.128,1.240
1789247027,128720442,185.473,robot_2,-0.195,0.091
1789247027,128754119,185.473,robot_1,-0.551,-2.271
1789247027,343506149,185.687,robot_0,2.117,1.286
1789247027,343568313,185.691,robot_2,-0.216,0.127
1789247027,347115644,185.691,robot_1,-0.551,-2.272
1789247027,544975796,185.889,robot_0,2.128,1.241
1789247027,545038628,185.889,robot_2,-0.226,0.143
1789247027,545075516,185.889,robot_1,-0.550,-2.271
1789247027,764143377,186.108,robot_0,2.134,1.216
1789247027,764211270,186.108,robot_2,-0.202,0.111
1789247027,764249988,186.108,robot_1,-0.512,-2.240
1789247027,976279736,186.320,robot_0,2.135,1.205
1789247027,976344459,186.320,robot_2,-0.168,0.067
1789247027,976378114,186.320,robot_1,-0.479,-2.214
1789247028,193038370,186.537,robot_0,2.136,1.150
1789247028,193095576,186.537,robot_2,-0.156,0.050
1789247028,193126558,186.537,robot_1,-0.436,-2.179
1789247028,393750442,186.738,robot_0,2.133,1.129
1789247028,393817127,186.738,robot_2,-0.135,0.014
1789247028,393854359,186.738,robot_1,-0.422,-2.168
1789247028,611806697,186.956,robot_0,2.118,1.079
1789247028,611874931,186.956,robot_2,-0.144,0.033
1789247028,611913210,186.956,robot_1,-0.422,-2.168
1789247028,812644628,187.157,robot_0,2.102,1.043
1789247028,812702046,187.157,robot_2,-0.158,0.063
1789247028,812731695,187.157,robot_1,-0.423,-2.167
1789247029,36489738,187.380,robot_0,2.094,1.025
1789247029,36549403,187.380,robot_2,-0.159,0.063
1789247029,36583789,187.380,robot_1,-0.424,-2.167
1789247029,257940333,187.602,robot_0,2.106,1.047
1789247029,257995945,187.602,robot_2,-0.159,0.063
1789247029,258028008,187.602,robot_1,-0.424,-2.167
1789247029,472356748,187.816,robot_0,2.093,1.025
1789247029,472415348,187.816,robot_2,-0.159,0.062
1789247029,472448819,187.816,robot_1,-0.425,-2.167
1789247029,684463955,188.028,robot_0,2.055,0.960
1789247029,684527205,188.028,robot_2,-0.159,0.062
1789247029,684563608,188.028,robot_1,-0.425,-2.168
1789247029,885065451,188.229,robot_0,2.019,0.899
1789247029,885132006,188.229,robot_2,-0.160,0.061
1789247029,885169212,188.229,robot_1,-0.426,-2.168
1789247030,112055975,188.456,robot_0,2.013,0.889
1789247030,112119379,188.456,robot_2,-0.160,0.061
1789247030,112156843,188.456,robot_1,-0.426,-2.169
1789247030,340595976,188.684,robot_0,2.013,0.888
1789247030,340654104,188.685,robot_2,-0.159,0.060
1789247030,340685549,188.685,robot_1,-0.450,-2.162
1789247030,564526541,188.908,robot_0,2.013,0.889
1789247030,564598481,188.908,robot_2,-0.159,0.060
1789247030,564640015,188.909,robot_1,-0.495,-2.150
1789247030,776519331,189.120,robot_0,2.013,0.889
1789247030,776593918,189.120,robot_2,-0.159,0.059
1789247030,776629101,189.121,robot_1,-0.497,-2.149
1789247031,6741938,189.351,robot_0,2.012,0.889
1789247031,6805878,189.351,robot_2,-0.158,0.059
1789247031,6840148,189.351,robot_1,-0.497,-2.148
1789247031,209156211,189.553,robot_0,2.011,0.889
1789247031,209231153,189.553,robot_2,-0.158,0.059
1789247031,209267026,189.553,robot_1,-0.497,-2.148
1789247031,418933940,189.763,robot_0,2.011,0.889
1789247031,419003250,189.763,robot_2,-0.157,0.059
1789247031,419040148,189.763,robot_1,-0.497,-2.148
1789247031,620512058,189.964,robot_0,2.010,0.889
1789247031,620578278,189.964,robot_2,-0.157,0.059
1789247031,620610870,189.965,robot_1,-0.497,-2.149
1789247031,820670636,190.165,robot_0,2.010,0.888
1789247031,820740498,190.165,robot_2,-0.156,0.059
1789247031,820780038,190.165,robot_1,-0.497,-2.149
1789247032,27425992,190.371,robot_0,2.010,0.888
1789247032,27495354,190.371,robot_2,-0.156,0.059
1789247032,27535654,190.371,robot_1,-0.497,-2.150
1789247032,254862871,190.599,robot_0,2.010,0.887
1789247032,254930807,190.599,robot_2,-0.165,0.075
1789247032,254965368,190.599,robot_1,-0.497,-2.150
1789247032,471240677,190.815,robot_0,2.009,0.887
1789247032,471304815,190.815,robot_2,-0.206,0.135
1789247032,471337265,190.815,robot_1,-0.497,-2.151
1789247032,675984517,191.020,robot_0,2.009,0.886
1789247032,676049179,191.020,robot_2,-0.227,0.163
1789247032,676079707,191.020,robot_1,-0.497,-2.151
1789247032,895439200,191.239,robot_0,2.009,0.886
1789247032,895509824,191.239,robot_2,-0.262,0.209
1789247032,895546675,191.239,robot_1,-0.496,-2.152
1789247033,109080164,191.453,robot_0,2.010,0.885
1789247033,109144186,191.453,robot_2,-0.241,0.182
1789247033,109176497,191.453,robot_1,-0.496,-2.152
1789247033,318319918,191.662,robot_0,2.010,0.885
1789247033,318388346,191.662,robot_2,-0.235,0.175
1789247033,318422371,191.662,robot_1,-0.495,-2.152
1789247033,521849326,191.866,robot_0,2.010,0.885
1789247033,521916264,191.866,robot_2,-0.246,0.186
1789247033,521959080,191.866,robot_1,-0.495,-2.152
1789247033,727612886,192.072,robot_0,2.010,0.885
1789247033,727678621,192.072,robot_2,-0.311,0.245
1789247033,727717561,192.072,robot_1,-0.494,-2.152
1789247033,931629759,192.276,robot_0,2.010,0.884
1789247033,931695463,192.276,robot_2,-0.329,0.260
1789247033,931735893,192.276,robot_1,-0.493,-2.152
1789247034,140304826,192.484,robot_0,2.004,0.876
1789247034,140371384,192.484,robot_2,-0.387,0.307
1789247034,140399113,192.484,robot_1,-0.493,-2.152
1789247034,343219888,192.687,robot_0,1.979,0.843
1789247034,343291566,192.687,robot_2,-0.441,0.350
1789247034,343323311,192.687,robot_1,-0.494,-2.150
1789247034,563904999,192.914,robot_0,2.005,0.877
1789247034,569742093,192.914,robot_2,-0.447,0.355
1789247034,569781728,192.914,robot_1,-0.535,-2.095
1789247034,774180201,193.118,robot_0,2.000,0.870
1789247034,774238256,193.118,robot_2,-0.447,0.355
1789247034,774265074,193.118,robot_1,-0.557,-2.065
1789247034,997063376,193.341,robot_0,1.974,0.831
1789247034,997135296,193.341,robot_2,-0.447,0.356
1789247034,997169350,193.341,robot_1,-0.576,-2.043
1789247035,226986400,193.571,robot_0,1.994,0.861
1789247035,227046622,193.571,robot_2,-0.447,0.356
1789247035,227077006,193.571,robot_1,-0.613,-2.002
1789247035,442265967,193.786,robot_0,2.023,0.906
1789247035,442333717,193.786,robot_2,-0.447,0.357
1789247035,442363965,193.786,robot_1,-0.660,-1.948
1789247035,668613946,194.013,robot_0,2.057,0.958
1789247035,668674052,194.013,robot_2,-0.447,0.357
1789247035,668700945,194.013,robot_1,-0.709,-1.890
1789247035,887109167,194.231,robot_0,2.050,0.947
1789247035,887174890,194.231,robot_2,-0.447,0.358
1789247035,887206709,194.231,robot_1,-0.714,-1.885
1789247036,92094216,194.436,robot_0,2.064,0.974
1789247036,92154473,194.436,robot_2,-0.448,0.358
1789247036,92180637,194.436,robot_1,-0.715,-1.885
1789247036,298978032,194.643,robot_0,2.081,1.012
1789247036,299050938,194.643,robot_2,-0.448,0.358
1789247036,299080316,194.643,robot_1,-0.708,-1.908
1789247036,504206972,194.848,robot_0,2.081,1.011
1789247036,504276831,194.848,robot_2,-0.449,0.359
1789247036,504310128,194.848,robot_1,-0.696,-1.961
1789247036,726399302,195.070,robot_0,2.081,1.011
1789247036,726472999,195.070,robot_2,-0.449,0.359
1789247036,726499996,195.070,robot_1,-0.693,-1.980
1789247036,958616658,195.303,robot_0,2.082,1.012
1789247036,958708387,195.303,robot_2,-0.450,0.359
1789247036,958740361,195.303,robot_1,-0.682,-2.040
1789247037,164426172,195.508,robot_0,2.082,1.012
1789247037,164484688,195.508,robot_2,-0.450,0.358
1789247037,164512075,195.508,robot_1,-0.675,-2.081
1789247037,378022231,195.722,robot_0,2.083,1.012
1789247037,378079044,195.722,robot_2,-0.451,0.358
1789247037,378104258,195.722,robot_1,-0.672,-2.098
1789247037,593119597,195.937,robot_0,2.083,1.012
1789247037,593194428,195.937,robot_2,-0.451,0.358
1789247037,593224770,195.937,robot_1,-0.673,-2.098
1789247037,801006333,196.145,robot_0,2.084,1.013
1789247037,801072473,196.145,robot_2,-0.465,0.370
1789247037,801104794,196.145,robot_1,-0.674,-2.098
1789247038,9307908,196.353,robot_0,2.084,1.013
1789247038,9367709,196.353,robot_2,-0.501,0.401
1789247038,9394703,196.353,robot_1,-0.668,-2.086
1789247038,209523089,196.553,robot_0,2.084,1.014
1789247038,209576579,196.553,robot_2,-0.504,0.404
1789247038,209596972,196.553,robot_1,-0.638,-2.038
1789247038,411676930,196.756,robot_0,2.084,1.014
1789247038,411737003,196.756,robot_2,-0.503,0.403
1789247038,411764977,196.756,robot_1,-0.657,-2.065
1789247038,617349742,196.961,robot_0,2.084,1.015
1789247038,617412179,196.961,robot_2,-0.455,0.349
1789247038,617438465,196.961,robot_1,-0.636,-2.035
1789247038,827026736,197.171,robot_0,2.083,1.015
1789247038,827092394,197.171,robot_2,-0.458,0.352
1789247038,827118474,197.171,robot_1,-0.607,-1.993
1789247039,44663126,197.389,robot_0,2.083,1.016
1789247039,44727490,197.389,robot_2,-0.492,0.391
1789247039,44755159,197.389,robot_1,-0.563,-1.931
1789247039,247423715,197.591,robot_0,2.083,1.016
1789247039,247479670,197.591,robot_2,-0.516,0.418
1789247039,247499552,197.591,robot_1,-0.557,-1.923
1789247039,447986417,197.792,robot_0,2.082,1.016
1789247039,448057979,197.792,robot_2,-0.545,0.451
1789247039,448089747,197.792,robot_1,-0.558,-1.922
1789247039,655947142,198.000,robot_0,2.084,1.024
1789247039,656009094,198.000,robot_2,-0.557,0.465
1789247039,656037956,198.000,robot_1,-0.558,-1.922
1789247039,876114441,198.220,robot_0,2.095,1.073
1789247039,876179934,198.220,robot_2,-0.528,0.426
1789247039,876212861,198.220,robot_1,-0.558,-1.922
1789247040,76691857,198.421,robot_0,2.096,1.078
1789247040,76759931,198.421,robot_2,-0.495,0.379
1789247040,76790734,198.421,robot_1,-0.530,-1.913
1789247040,294492671,198.638,robot_0,2.096,1.078
1789247040,294554396,198.638,robot_2,-0.492,0.376
1789247040,294582026,198.638,robot_1,-0.454,-1.896
1789247040,502794292,198.847,robot_0,2.099,1.052
1789247040,502861041,198.847,robot_2,-0.484,0.361
1789247040,502894762,198.847,robot_1,-0.399,-1.885
1789247040,704727226,199.049,robot_0,2.112,0.990
1789247040,704794315,199.049,robot_2,-0.472,0.339
1789247040,704831553,199.049,robot_1,-0.409,-1.888
1789247040,919279379,199.263,robot_0,2.129,0.917
1789247040,919344757,199.263,robot_2,-0.485,0.364
1789247040,919370777,199.263,robot_1,-0.456,-1.905
1789247041,128838300,199.473,robot_0,2.138,0.878
1789247041,128906320,199.473,robot_2,-0.485,0.364
1789247041,128942448,199.473,robot_1,-0.439,-1.898
1789247041,331532579,199.675,robot_0,2.126,0.929
1789247041,331600246,199.675,robot_2,-0.484,0.364
1789247041,331626803,199.676,robot_1,-0.451,-1.903
1789247041,537870578,199.882,robot_0,2.119,0.959
1789247041,537962956,199.882,robot_2,-0.485,0.364
1789247041,537996954,199.882,robot_1,-0.467,-1.909
1789247041,742027846,200.086,robot_0,2.125,0.928
1789247041,742089600,200.086,robot_2,-0.485,0.364
1789247041,742139742,200.086,robot_1,-0.428,-1.897
1789247041,948698058,200.293,robot_0,2.130,0.874
1789247041,948763992,200.293,robot_2,-0.485,0.364
1789247041,948797480,200.293,robot_1,-0.425,-1.895
1789247042,158420705,200.502,robot_0,2.131,0.810
1789247042,158483311,200.502,robot_2,-0.486,0.363
1789247042,158509696,200.502,robot_1,-0.425,-1.895
1789247042,370792773,200.715,robot_0,2.130,0.760
1789247042,370854516,200.715,robot_2,-0.486,0.363
1789247042,370881836,200.715,robot_1,-0.425,-1.896
1789247042,573169067,200.917,robot_0,2.133,0.775
1789247042,573230557,200.917,robot_2,-0.486,0.362
1789247042,573255522,200.917,robot_1,-0.425,-1.896
1789247042,784666469,201.129,robot_0,2.137,0.802
1789247042,784730728,201.129,robot_2,-0.486,0.362
1789247042,784761241,201.129,robot_1,-0.424,-1.897
1789247042,990795063,201.335,robot_0,2.137,0.802
1789247042,990865501,201.335,robot_2,-0.486,0.361
1789247042,990897132,201.335,robot_1,-0.424,-1.897
1789247043,212196073,201.556,robot_0,2.137,0.802
1789247043,212265301,201.556,robot_2,-0.485,0.361
1789247043,212299427,201.556,robot_1,-0.424,-1.897
1789247043,426743690,201.771,robot_0,2.136,0.802
1789247043,426809342,201.771,robot_2,-0.485,0.360
1789247043,426838397,201.771,robot_1,-0.423,-1.897
1789247043,645228564,201.989,robot_0,2.136,0.801
1789247043,645293706,201.989,robot_2,-0.484,0.360
1789247043,645323855,201.989,robot_1,-0.422,-1.897
1789247043,857073847,202.201,robot_0,2.135,0.801
1789247043,857140604,202.201,robot_2,-0.484,0.360
1789247043,857169097,202.201,robot_1,-0.422,-1.897
1789247044,58952620,202.403,robot_0,2.135,0.800
1789247044,64717720,202.409,robot_2,-0.483,0.360
1789247044,64790922,202.409,robot_1,-0.421,-1.897
1789247044,285704961,202.630,robot_0,2.135,0.800
1789247044,285773792,202.630,robot_2,-0.483,0.360
1789247044,285804207,202.630,robot_1,-0.421,-1.897
1789247044,496886911,202.841,robot_0,2.135,0.799
1789247044,496944212,202.841,robot_2,-0.483,0.360
1789247044,496970052,202.841,robot_1,-0.420,-1.896
1789247044,697071732,203.041,robot_0,2.135,0.799
1789247044,697131246,203.041,robot_2,-0.483,0.360
1789247044,697158831,203.041,robot_1,-0.420,-1.896
1789247044,897582742,203.241,robot_0,2.135,0.798
1789247044,897649165,203.242,robot_2,-0.468,0.321
1789247044,897678847,203.242,robot_1,-0.420,-1.895
1789247045,107512019,203.451,robot_0,2.135,0.798
1789247045,107578115,203.451,robot_2,-0.471,0.327
1789247045,107612758,203.452,robot_1,-0.420,-1.895
1789247045,314078269,203.658,robot_0,2.136,0.798
1789247045,314145950,203.658,robot_2,-0.489,0.369
1789247045,314174376,203.658,robot_1,-0.439,-1.893
1789247045,528449638,203.872,robot_0,2.136,0.797
1789247045,528549536,203.872,robot_2,-0.481,0.350
1789247045,528580322,203.872,robot_1,-0.490,-1.886
1789247045,743732139,204.088,robot_0,2.137,0.797
1789247045,743804433,204.088,robot_2,-0.481,0.350
1789247045,743839522,204.088,robot_1,-0.570,-1.877
1789247045,968826751,204.313,robot_0,2.137,0.797
1789247045,968885940,204.313,robot_2,-0.481,0.350
1789247045,968912208,204.313,robot_1,-0.616,-1.871
1789247046,172662172,204.517,robot_0,2.126,0.753
1789247046,172725058,204.517,robot_2,-0.469,0.317
1789247046,172753815,204.517,robot_1,-0.617,-1.871
1789247046,376618915,204.721,robot_0,2.119,0.721
1789247046,376686552,204.721,robot_2,-0.455,0.272
1789247046,376720772,204.721,robot_1,-0.589,-1.879
1789247046,601077425,204.945,robot_0,2.119,0.721
1789247046,601137384,204.945,robot_2,-0.446,0.246
1789247046,601165075,204.945,robot_1,-0.555,-1.889
1789247046,806840564,205.151,robot_0,2.127,0.744
1789247046,806918382,205.151,robot_2,-0.442,0.237
1789247046,806956453,205.151,robot_1,-0.555,-1.889
1789247047,20258706,205.364,robot_0,2.142,0.778
1789247047,20322922,205.364,robot_2,-0.428,0.211
1789247047,20354782,205.364,robot_1,-0.536,-1.891
1789247047,250160635,205.594,robot_0,2.122,0.733
1789247047,250223285,205.594,robot_2,-0.428,0.211
1789247047,250252120,205.594,robot_1,-0.488,-1.898
1789247047,454158753,205.798,robot_0,2.098,0.680
1789247047,454222001,205.798,robot_2,-0.428,0.211
1789247047,454248940,205.798,robot_1,-0.486,-1.899
1789247047,668022311,206.012,robot_0,2.094,0.671
1789247047,668085871,206.012,robot_2,-0.427,0.212
1789247047,668120499,206.012,robot_1,-0.486,-1.899
1789247047,887165588,206.233,robot_0,2.094,0.671
1789247047,889058718,206.233,robot_2,-0.427,0.212
1789247047,889109970,206.233,robot_1,-0.486,-1.900
1789247048,125984988,206.470,robot_0,2.094,0.672
1789247048,126045399,206.470,robot_2,-0.427,0.213
1789247048,126073075,206.470,robot_1,-0.486,-1.900
1789247048,336362467,206.680,robot_0,2.093,0.673
1789247048,336426780,206.680,robot_2,-0.427,0.214
1789247048,336452387,206.680,robot_1,-0.486,-1.899
1789247048,554050893,206.898,robot_0,2.093,0.673
1789247048,554111389,206.898,robot_2,-0.428,0.214
1789247048,554136906,206.898,robot_1,-0.486,-1.898
1789247048,773934779,207.118,robot_0,2.093,0.674
1789247048,774025344,207.118,robot_2,-0.428,0.214
1789247048,774053051,207.118,robot_1,-0.486,-1.898
1789247048,976638071,207.321,robot_0,2.093,0.675
1789247048,976703696,207.321,robot_2,-0.428,0.215
1789247048,976731509,207.321,robot_1,-0.486,-1.897
1789247049,189032748,207.533,robot_0,2.094,0.675
1789247049,189092190,207.533,robot_2,-0.429,0.215
1789247049,189118855,207.533,robot_1,-0.487,-1.897
1789247049,391231087,207.735,robot_0,2.094,0.676
1789247049,391298076,207.735,robot_2,-0.429,0.215
1789247049,391329144,207.735,robot_1,-0.487,-1.896
1789247049,598707814,207.943,robot_0,2.095,0.676
1789247049,598769307,207.943,robot_2,-0.430,0.215
1789247049,598802268,207.943,robot_1,-0.488,-1.896
1789247049,808055821,208.152,robot_0,2.095,0.676
1789247049,808117002,208.152,robot_2,-0.430,0.215
1789247049,808142734,208.152,robot_1,-0.488,-1.896
1789247050,10538917,208.354,robot_0,2.096,0.676
1789247050,10600917,208.354,robot_2,-0.431,0.215
1789247050,10629799,208.355,robot_1,-0.489,-1.896
1789247050,221327592,208.565,robot_0,2.096,0.676
1789247050,221388398,208.565,robot_2,-0.431,0.214
1789247050,221418881,208.565,robot_1,-0.489,-1.896
1789247050,442051398,208.787,robot_0,2.096,0.676
1789247050,442802372,208.787,robot_2,-0.406,0.168
1789247050,442846338,208.787,robot_1,-0.490,-1.896
1789247050,655567597,208.999,robot_0,2.096,0.676
1789247050,655629577,209.000,robot_2,-0.396,0.149
1789247050,655658677,209.000,robot_1,-0.490,-1.897
1789247050,872079298,209.216,robot_0,2.096,0.676
1789247050,872140512,209.216,robot_2,-0.368,0.097
1789247050,872172705,209.216,robot_1,-0.493,-1.894
1789247051,75196399,209.419,robot_0,2.095,0.676
1789247051,75258762,209.419,robot_2,-0.355,0.071
1789247051,75294204,209.419,robot_1,-0.526,-1.861
1789247051,289407355,209.633,robot_0,2.095,0.676
1789247051,289468820,209.633,robot_2,-0.333,0.034
1789247051,289503017,209.633,robot_1,-0.566,-1.821
1789247051,491483256,209.835,robot_0,2.094,0.675
1789247051,491540661,209.835,robot_2,-0.323,0.017
1789247051,491573524,209.835,robot_1,-0.597,-1.790
1789247051,705426366,210.049,robot_0,2.094,0.675
1789247051,705490088,210.049,robot_2,-0.282,-0.051
1789247051,705522632,210.049,robot_1,-0.618,-1.767
1789247051,942613344,210.287,robot_0,2.094,0.674
1789247051,942693881,210.287,robot_2,-0.273,-0.066
1789247051,942729968,210.287,robot_1,-0.578,-1.808
1789247052,157283903,210.501,robot_0,2.094,0.674
1789247052,157357664,210.501,robot_2,-0.249,-0.117
1789247052,157398921,210.501,robot_1,-0.581,-1.805
1789247052,378508627,210.722,robot_0,2.094,0.673
1789247052,378574948,210.722,robot_2,-0.261,-0.091
1789247052,378611225,210.723,robot_1,-0.595,-1.792
1789247052,595061863,210.939,robot_0,2.094,0.673
1789247052,595131406,210.939,robot_2,-0.265,-0.080
1789247052,595172041,210.939,robot_1,-0.595,-1.792
1789247052,808542836,211.152,robot_0,2.094,0.672
1789247052,808605887,211.153,robot_2,-0.266,-0.081
1789247052,808639452,211.153,robot_1,-0.606,-1.786
1789247053,11743215,211.356,robot_0,2.095,0.672
1789247053,11811573,211.356,robot_2,-0.266,-0.081
1789247053,11851802,211.356,robot_1,-0.634,-1.773
1789247053,212912910,211.557,robot_0,2.095,0.672
1789247053,212985785,211.557,robot_2,-0.266,-0.081
1789247053,213018737,211.557,robot_1,-0.634,-1.773
1789247053,413283244,211.757,robot_0,2.095,0.672
1789247053,413350218,211.757,robot_2,-0.266,-0.082
1789247053,413386451,211.757,robot_1,-0.634,-1.774
1789247053,641616994,211.986,robot_0,2.096,0.671
1789247053,641689768,211.986,robot_2,-0.266,-0.082
1789247053,641723058,211.986,robot_1,-0.634,-1.774
1789247053,847207458,212.191,robot_0,2.092,0.647
1789247053,847272370,212.191,robot_2,-0.266,-0.083
1789247053,847307832,212.191,robot_1,-0.634,-1.775
1789247054,48741921,212.393,robot_0,2.086,0.612
1789247054,48803410,212.393,robot_2,-0.266,-0.083
1789247054,48837667,212.393,robot_1,-0.634,-1.775
1789247054,251047130,212.595,robot_0,2.091,0.658
1789247054,251104561,212.595,robot_2,-0.266,-0.084
1789247054,251138007,212.595,robot_1,-0.634,-1.776
1789247054,459580532,212.803,robot_0,2.099,0.727
1789247054,459648679,212.804,robot_2,-0.266,-0.084
1789247054,459688787,212.804,robot_1,-0.633,-1.776
1789247054,667185864,213.011,robot_0,2.105,0.784
1789247054,667259928,213.011,robot_2,-0.265,-0.084
1789247054,667294443,213.011,robot_1,-0.633,-1.776
1789247054,873270737,213.217,robot_0,2.101,0.750
1789247054,873343915,213.217,robot_2,-0.265,-0.085
1789247054,873377312,213.217,robot_1,-0.632,-1.776
1789247055,86359771,213.430,robot_0,2.101,0.743
1789247055,86423799,213.430,robot_2,-0.264,-0.085
1789247055,86459271,213.430,robot_1,-0.631,-1.776
1789247055,309511512,213.653,robot_0,2.101,0.725
1789247055,309570579,213.653,robot_2,-0.264,-0.085
1789247055,309605424,213.653,robot_1,-0.631,-1.776
1789247055,515248262,213.859,robot_0,2.101,0.709
1789247055,515308385,213.859,robot_2,-0.263,-0.085
1789247055,515342452,213.859,robot_1,-0.630,-1.776
1789247055,717863611,214.062,robot_0,2.100,0.741
1789247055,717931465,214.062,robot_2,-0.262,-0.087
1789247055,717965489,214.062,robot_1,-0.630,-1.775
1789247055,939874104,214.284,robot_0,2.100,0.741
1789247055,939948438,214.284,robot_2,-0.244,-0.131
1789247055,939983829,214.284,robot_1,-0.630,-1.775
1789247056,165242377,214.509,robot_0,2.101,0.741
1789247056,165304366,214.509,robot_2,-0.257,-0.100
1789247056,165342090,214.509,robot_1,-0.651,-1.763
1789247056,381150959,214.725,robot_0,2.101,0.742
1789247056,381222334,214.725,robot_2,-0.266,-0.076
1789247056,381263712,214.725,robot_1,-0.690,-1.741
1789247056,591653759,214.936,robot_0,2.101,0.742
1789247056,591727733,214.936,robot_2,-0.254,-0.102
1789247056,591767884,214.936,robot_1,-0.691,-1.741
1789247056,813219984,215.157,robot_0,2.102,0.742
1789247056,813284298,215.157,robot_2,-0.235,-0.143
1789247056,813319127,215.157,robot_1,-0.691,-1.742
1789247057,24935249,215.369,robot_0,2.102,0.743
1789247057,25001020,215.369,robot_2,-0.225,-0.164
1789247057,25044008,215.369,robot_1,-0.677,-1.766
1789247057,241841092,215.586,robot_0,2.102,0.743
1789247057,241909463,215.586,robot_2,-0.207,-0.203
1789247057,241965609,215.586,robot_1,-0.688,-1.743
1789247057,477845291,215.822,robot_0,2.102,0.744
1789247057,481346325,215.825,robot_2,-0.199,-0.218
1789247057,481429919,215.825,robot_1,-0.705,-1.706
1789247057,698399613,216.042,robot_0,2.102,0.744
1789247057,698465606,216.042,robot_2,-0.199,-0.218
1789247057,698502854,216.042,robot_1,-0.688,-1.743
1789247057,945663539,216.290,robot_0,2.102,0.745
1789247057,945734582,216.290,robot_2,-0.199,-0.218
1789247057,945772256,216.290,robot_1,-0.681,-1.757
1789247058,175713285,216.520,robot_0,2.101,0.745
1789247058,175782060,216.520,robot_2,-0.241,-0.176
1789247058,175814672,216.520,robot_1,-0.692,-1.719
1789247058,396428320,216.740,robot_0,2.101,0.745
1789247058,396497770,216.740,robot_2,-0.247,-0.170
1789247058,396537750,216.740,robot_1,-0.705,-1.658
1789247058,600033999,216.944,robot_0,2.101,0.746
1789247058,600100188,216.944,robot_2,-0.281,-0.126
1789247058,600140694,216.944,robot_1,-0.705,-1.656
1789247058,827155615,217.171,robot_0,2.100,0.746
1789247058,827221061,217.171,robot_2,-0.289,-0.116
1789247058,827259526,217.171,robot_1,-0.705,-1.656
1789247059,37124227,217.381,robot_0,2.100,0.746
1789247059,37186625,217.381,robot_2,-0.272,-0.147
1789247059,37220447,217.381,robot_1,-0.705,-1.656
1789247059,262149270,217.606,robot_0,2.099,0.746
1789247059,262204889,217.606,robot_2,-0.271,-0.148
1789247059,262233075,217.606,robot_1,-0.704,-1.655
1789247059,476237112,217.820,robot_0,2.099,0.746
1789247059,476311148,217.820,robot_2,-0.271,-0.147
1789247059,476352806,217.820,robot_1,-0.704,-1.655
1789247059,694459913,218.038,robot_0,2.098,0.746
1789247059,694526546,218.038,robot_2,-0.271,-0.147
1789247059,694561185,218.038,robot_1,-0.704,-1.654
1789247059,912977078,218.257,robot_0,2.098,0.745
1789247059,913047700,218.257,robot_2,-0.270,-0.146
1789247059,913086832,218.257,robot_1,-0.703,-1.654
1789247060,118735818,218.463,robot_0,2.097,0.745
1789247060,118799968,218.463,robot_2,-0.270,-0.146
1789247060,118838543,218.463,robot_1,-0.703,-1.653
1789247060,331183407,218.675,robot_0,2.078,0.757
1789247060,331245965,218.675,robot_2,-0.270,-0.145
1789247060,331277267,218.675,robot_1,-0.703,-1.653
1789247060,543434080,218.887,robot_0,2.034,0.784
1789247060,543500326,218.887,robot_2,-0.270,-0.145
1789247060,543531434,218.887,robot_1,-0.704,-1.652
1789247060,747478224,219.091,robot_0,1.996,0.807
1789247060,747543519,219.091,robot_2,-0.271,-0.144
1789247060,747574990,219.091,robot_1,-0.704,-1.652
1789247060,962691915,219.307,robot_0,1.963,0.827
1789247060,962756156,219.307,robot_2,-0.271,-0.144
1789247060,965011667,219.309,robot_1,-0.704,-1.651
1789247061,168368486,219.512,robot_0,1.963,0.827
1789247061,168434403,219.512,robot_2,-0.271,-0.144
1789247061,168469990,219.512,robot_1,-0.705,-1.651
1789247061,385045135,219.729,robot_0,1.963,0.828
1789247061,385115340,219.729,robot_2,-0.272,-0.143
1789247061,385153145,219.729,robot_1,-0.705,-1.651
1789247061,592644275,219.937,robot_0,1.964,0.828
1789247061,596614073,219.941,robot_2,-0.272,-0.143
1789247061,596682252,219.941,robot_1,-0.706,-1.651
1789247061,815788428,220.160,robot_0,1.964,0.828
1789247061,815860470,220.160,robot_2,-0.273,-0.143
1789247061,815897652,220.160,robot_1,-0.706,-1.651
1789247062,25380415,220.369,robot_0,1.965,0.828
1789247062,25457776,220.369,robot_2,-0.273,-0.143
1789247062,25507697,220.369,robot_1,-0.709,-1.616
1789247062,230747296,220.575,robot_0,1.966,0.828
1789247062,230814960,220.575,robot_2,-0.274,-0.143
1789247062,230852819,220.575,robot_1,-0.711,-1.589
1789247062,457252512,220.801,robot_0,1.966,0.827
1789247062,457320601,220.801,robot_2,-0.274,-0.144
1789247062,457353760,220.801,robot_1,-0.711,-1.589
1789247062,663976043,221.008,robot_0,1.967,0.827
1789247062,664041288,221.008,robot_2,-0.274,-0.144
1789247062,664074363,221.008,robot_1,-0.712,-1.585
1789247062,866839257,221.211,robot_0,1.967,0.826
1789247062,866893207,221.211,robot_2,-0.274,-0.144
1789247062,866928231,221.211,robot_1,-0.715,-1.542
1789247063,69289954,221.413,robot_0,1.967,0.826
1789247063,69352695,221.413,robot_2,-0.291,-0.129
1789247063,69382996,221.413,robot_1,-0.715,-1.541
1789247063,273856440,221.618,robot_0,1.967,0.826
1789247063,273937148,221.618,robot_2,-0.285,-0.133
1789247063,273977343,221.618,robot_1,-0.714,-1.547
1789247063,492112789,221.839,robot_0,1.968,0.826
1789247063,495294970,221.839,robot_2,-0.260,-0.152
1789247063,495356246,221.839,robot_1,-0.698,-1.601
1789247063,692219221,222.036,robot_0,1.968,0.826
1789247063,692294552,222.036,robot_2,-0.291,-0.126
1789247063,692336051,222.036,robot_1,-0.673,-1.669
1789247063,920887767,222.265,robot_0,1.967,0.826
1789247063,920965039,222.265,robot_2,-0.330,-0.094
1789247063,921007370,222.265,robot_1,-0.660,-1.706
1789247064,137567190,222.481,robot_0,1.967,0.826
1789247064,137628426,222.482,robot_2,-0.366,-0.065
1789247064,137655778,222.482,robot_1,-0.640,-1.770
1789247064,341142883,222.685,robot_0,1.967,0.827
1789247064,341214826,222.685,robot_2,-0.397,-0.040
1789247064,341251576,222.685,robot_1,-0.628,-1.808
1789247064,544141538,222.888,robot_0,1.966,0.827
1789247064,544211721,222.888,robot_2,-0.434,-0.010
1789247064,544239948,222.888,robot_1,-0.637,-1.790
1789247064,773675585,223.118,robot_0,1.966,0.827
1789247064,773834988,223.118,robot_2,-0.449,0.002
1789247064,773961392,223.118,robot_1,-0.648,-1.767
1789247064,980426489,223.324,robot_0,1.965,0.827
1789247064,980501831,223.324,robot_2,-0.470,0.024
1789247064,980539507,223.324,robot_1,-0.648,-1.767
1789247065,184479177,223.528,robot_0,1.965,0.827
1789247065,184546398,223.528,robot_2,-0.489,0.045
1789247065,184579005,223.528,robot_1,-0.648,-1.768
1789247065,390565023,223.734,robot_0,1.964,0.827
1789247065,390638836,223.735,robot_2,-0.466,0.018
1789247065,390669255,223.735,robot_1,-0.649,-1.768
1789247065,609084377,223.953,robot_0,1.964,0.827
1789247065,609159633,223.953,robot_2,-0.459,0.009
1789247065,609197639,223.953,robot_1,-0.649,-1.768
1789247065,819906943,224.164,robot_0,1.964,0.827
1789247065,819979831,224.164,robot_2,-0.459,0.009
1789247065,820010558,224.164,robot_1,-0.649,-1.769
1789247066,29354050,224.373,robot_0,1.963,0.826
1789247066,29422459,224.373,robot_2,-0.459,0.008
1789247066,29456434,224.373,robot_1,-0.649,-1.769
1789247066,250773975,224.595,robot_0,1.963,0.826
1789247066,250841354,224.595,robot_2,-0.460,0.008
1789247066,250871067,224.595,robot_1,-0.649,-1.770
1789247066,469158762,224.813,robot_0,1.963,0.825
1789247066,469228969,224.813,robot_2,-0.460,0.008
1789247066,469260513,224.813,robot_1,-0.649,-1.770
1789247066,703299375,225.047,robot_0,1.963,0.825
1789247066,703370509,225.047,robot_2,-0.460,0.007
1789247066,703409369,225.047,robot_1,-0.649,-1.771
1789247066,919800317,225.264,robot_0,1.963,0.824
1789247066,919863937,225.264,robot_2,-0.460,0.007
1789247066,919893935,225.264,robot_1,-0.648,-1.771
1789247067,133974544,225.478,robot_0,1.963,0.824
1789247067,134045552,225.478,robot_2,-0.460,0.006
1789247067,134080927,225.478,robot_1,-0.648,-1.772
1789247067,349745274,225.694,robot_0,1.974,0.828
1789247067,349816676,225.694,robot_2,-0.459,0.006
1789247067,349844056,225.694,robot_1,-0.647,-1.772
1789247067,558377013,225.902,robot_0,2.018,0.848
1789247067,558441838,225.902,robot_2,-0.459,0.005
1789247067,558468065,225.902,robot_1,-0.647,-1.772
1789247067,762443787,226.106,robot_0,2.048,0.863
1789247067,762520012,226.106,robot_2,-0.459,0.005
1789247067,762553554,226.106,robot_1,-0.646,-1.772
1789247067,974958266,226.319,robot_0,2.087,0.880
1789247067,975027207,226.319,robot_2,-0.458,0.005
1789247067,975060084,226.319,robot_1,-0.646,-1.772
1789247068,176715578,226.521,robot_0,2.061,0.874
1789247068,176786402,226.521,robot_2,-0.458,0.005
1789247068,176819272,226.521,robot_1,-0.645,-1.772
1789247068,402328290,226.746,robot_0,2.036,0.868
1789247068,407987841,226.754,robot_2,-0.458,0.005
1789247068,410211917,226.754,robot_1,-0.645,-1.771
1789247068,636259741,226.980,robot_0,2.037,0.867
1789247068,636333501,226.980,robot_2,-0.457,0.005
1789247068,636369137,226.980,robot_1,-0.645,-1.771
1789247068,846245592,227.190,robot_0,2.071,0.886
1789247068,847317521,227.191,robot_2,-0.457,0.005
1789247068,847385503,227.191,robot_1,-0.645,-1.771
1789247069,76350372,227.420,robot_0,2.126,0.918
1789247069,76424825,227.420,robot_2,-0.456,0.005
1789247069,76463842,227.420,robot_1,-0.645,-1.772
1789247069,286067593,227.630,robot_0,2.166,0.941
1789247069,286141592,227.630,robot_2,-0.456,0.005
1789247069,286174952,227.630,robot_1,-0.639,-1.792
1789247069,502990543,227.847,robot_0,2.150,0.929
1789247069,503063084,227.847,robot_2,-0.456,0.005
1789247069,503097168,227.847,robot_1,-0.627,-1.831
1789247069,729953056,228.074,robot_0,2.135,0.917
1789247069,730032257,228.074,robot_2,-0.456,0.005
1789247069,730066733,228.074,robot_1,-0.622,-1.842
1789247069,944134798,228.288,robot_0,2.135,0.917
1789247069,944226575,228.288,robot_2,-0.456,0.005
1789247069,944267597,228.288,robot_1,-0.605,-1.883
1789247070,157594389,228.502,robot_0,2.135,0.917
1789247070,157667859,228.502,robot_2,-0.448,-0.012
1789247070,157698034,228.502,robot_1,-0.590,-1.918
1789247070,378407801,228.722,robot_0,2.136,0.917
1789247070,378472347,228.723,robot_2,-0.429,-0.049
1789247070,380259596,228.724,robot_1,-0.573,-1.956
1789247070,593740340,228.938,robot_0,2.136,0.917
1789247070,593825300,228.938,robot_2,-0.408,-0.088
1789247070,593856974,228.938,robot_1,-0.560,-1.987
1789247070,817732082,229.162,robot_0,2.136,0.917
1789247070,817799021,229.162,robot_2,-0.403,-0.098
1789247070,817829750,229.162,robot_1,-0.560,-1.987
1789247071,26151456,229.370,robot_0,2.137,0.917
1789247071,26223400,229.370,robot_2,-0.403,-0.098
1789247071,26256157,229.370,robot_1,-0.561,-1.987
1789247071,229534402,229.573,robot_0,2.137,0.917
1789247071,229608963,229.574,robot_2,-0.404,-0.098
1789247071,229647622,229.574,robot_1,-0.561,-1.987
1789247071,442093706,229.786,robot_0,2.138,0.917
1789247071,442175924,229.786,robot_2,-0.404,-0.098
1789247071,442208637,229.786,robot_1,-0.562,-1.987
1789247071,674312509,230.018,robot_0,2.138,0.917
1789247071,674384513,230.018,robot_2,-0.405,-0.098
1789247071,674416300,230.018,robot_1,-0.563,-1.986
1789247071,881346951,230.225,robot_0,2.138,0.918
1789247071,881413217,230.225,robot_2,-0.405,-0.097
1789247071,881444117,230.225,robot_1,-0.563,-1.986
1789247072,105689000,230.450,robot_0,2.139,0.918
1789247072,105760335,230.450,robot_2,-0.406,-0.097
1789247072,105796152,230.450,robot_1,-0.564,-1.985
1789247072,308600658,230.653,robot_0,2.139,0.919
1789247072,308659800,230.653,robot_2,-0.406,-0.096
1789247072,308684662,230.653,robot_1,-0.564,-1.985
1789247072,527265854,230.871,robot_0,2.139,0.919
1789247072,527334904,230.871,robot_2,-0.406,-0.096
1789247072,527366353,230.871,robot_1,-0.564,-1.984
1789247072,737719909,231.082,robot_0,2.139,0.920
1789247072,737792058,231.082,robot_2,-0.407,-0.095
1789247072,737826853,231.082,robot_1,-0.545,-1.983
1789247072,948262661,231.292,robot_0,2.139,0.920
1789247072,948334714,231.292,robot_2,-0.378,-0.093
1789247072,948366813,231.292,robot_1,-0.481,-1.979
1789247073,156993608,231.501,robot_0,2.138,0.920
1789247073,157067377,231.501,robot_2,-0.325,-0.089
1789247073,157105948,231.501,robot_1,-0.485,-1.980
1789247073,359596818,231.704,robot_0,2.138,0.921
1789247073,359673817,231.704,robot_2,-0.324,-0.089
1789247073,359712861,231.704,robot_1,-0.502,-1.980
1789247073,564334337,231.908,robot_0,2.138,0.921
1789247073,564396661,231.908,robot_2,-0.278,-0.085
1789247073,564428964,231.908,robot_1,-0.502,-1.981
1789247073,775285199,232.119,robot_0,2.138,0.921
1789247073,775354308,232.119,robot_2,-0.249,-0.083
1789247073,775393650,232.119,robot_1,-0.502,-1.981
1789247073,995222760,232.339,robot_0,2.137,0.921
1789247073,995318601,232.339,robot_2,-0.295,-0.087
1789247073,995359900,232.339,robot_1,-0.501,-1.981
1789247074,197465171,232.541,robot_0,2.146,0.938
1789247074,197537601,232.541,robot_2,-0.341,-0.090
1789247074,197576756,232.541,robot_1,-0.501,-1.982
1789247074,418263850,232.762,robot_0,2.165,0.978
1789247074,418335837,232.762,robot_2,-0.352,-0.091
1789247074,418374876,232.762,robot_1,-0.501,-1.982
1789247074,620266571,232.964,robot_0,2.184,1.017
1789247074,620331151,232.964,robot_2,-0.301,-0.091
1789247074,626860249,232.971,robot_1,-0.500,-1.982
1789247074,828650748,233.173,robot_0,2.199,1.046
1789247074,828712746,233.173,robot_2,-0.290,-0.092
1789247074,828746869,233.173,robot_1,-0.500,-1.983
1789247075,30584176,233.376,robot_0,2.219,1.088
1789247075,32118110,233.376,robot_2,-0.290,-0.092
1789247075,32158453,233.376,robot_1,-0.499,-1.983
1789247075,243040104,233.587,robot_0,2.200,1.049
1789247075,243110614,233.587,robot_2,-0.289,-0.092
1789247075,243151422,233.587,robot_1,-0.499,-1.983
1789247075,462366552,233.806,robot_0,2.190,1.028
1789247075,463907707,233.808,robot_2,-0.289,-0.093
1789247075,463985864,233.808,robot_1,-0.498,-1.982
1789247075,668000799,234.012,robot_0,2.162,0.985
1789247075,668075979,234.012,robot_2,-0.289,-0.093
1789247075,668112503,234.012,robot_1,-0.498,-1.982
1789247075,892192864,234.236,robot_0,2.128,0.936
1789247075,892270778,234.236,robot_2,-0.288,-0.094
1789247075,892313774,234.236,robot_1,-0.497,-1.982
1789247076,132584648,234.476,robot_0,2.117,0.920
1789247076,132662510,234.477,robot_2,-0.288,-0.094
1789247076,132698555,234.477,robot_1,-0.497,-1.981
1789247076,341343222,234.685,robot_0,2.144,0.962
1789247076,341416854,234.685,robot_2,-0.287,-0.094
1789247076,341457692,234.685,robot_1,-0.497,-1.981
1789247076,548214273,234.892,robot_0,2.163,0.991
1789247076,548280296,234.892,robot_2,-0.287,-0.094
1789247076,548321304,234.892,robot_1,-0.497,-1.980
1789247076,779342025,235.123,robot_0,2.145,0.960
1789247076,779478777,235.123,robot_2,-0.286,-0.094
1789247076,779517944,235.123,robot_1,-0.497,-1.980
1789247076,993887449,235.338,robot_0,2.120,0.912
1789247076,993954912,235.338,robot_2,-0.286,-0.093
1789247076,993985933,235.338,robot_1,-0.492,-1.980
1789247077,203935696,235.548,robot_0,2.125,0.924
1789247077,204008772,235.548,robot_2,-0.286,-0.093
1789247077,204046184,235.548,robot_1,-0.450,-1.980
1789247077,427127042,235.771,robot_0,2.128,0.934
1789247077,427181086,235.771,robot_2,-0.285,-0.093
1789247077,427208969,235.771,robot_1,-0.478,-1.980
1789247077,649515004,235.993,robot_0,2.139,0.972
1789247077,649585818,235.993,robot_2,-0.285,-0.092
1789247077,649621827,235.994,robot_1,-0.522,-1.980
1789247077,871595306,236.215,robot_0,2.152,1.020
1789247077,871658538,236.216,robot_2,-0.285,-0.092
1789247077,871689762,236.216,robot_1,-0.522,-1.980
1789247078,74176077,236.418,robot_0,2.161,1.052
1789247078,74243150,236.418,robot_2,-0.285,-0.091
1789247078,74276050,236.418,robot_1,-0.522,-1.980
1789247078,300529695,236.644,robot_0,2.148,1.007
1789247078,300592742,236.644,robot_2,-0.285,-0.091
1789247078,300624339,236.645,robot_1,-0.522,-1.980
1789247078,510741422,236.855,robot_0,2.156,1.034
1789247078,510809675,236.855,robot_2,-0.257,-0.087
1789247078,510850857,236.855,robot_1,-0.555,-1.981
1789247078,716042505,237.060,robot_0,2.162,1.056
1789247078,716102813,237.060,robot_2,-0.229,-0.082
1789247078,716138118,237.060,robot_1,-0.630,-1.988
1789247078,928928189,237.273,robot_0,2.162,1.056
1789247078,928997114,237.273,robot_2,-0.183,-0.075
1789247078,929039279,237.273,robot_1,-0.702,-1.995
1789247079,136877950,237.481,robot_0,2.162,1.056
1789247079,140010330,237.484,robot_2,-0.215,-0.080
1789247079,140077344,237.484,robot_1,-0.767,-2.002
1789247079,349604243,237.694,robot_0,2.161,1.056
1789247079,349675926,237.694,robot_2,-0.249,-0.085
1789247079,349713434,237.694,robot_1,-0.760,-2.002
1789247079,567675545,237.912,robot_0,2.161,1.056
1789247079,567744712,237.912,robot_2,-0.284,-0.095
1789247079,567781984,237.912,robot_1,-0.712,-1.999
1789247079,789505064,238.133,robot_0,2.160,1.055
1789247079,789576594,238.133,robot_2,-0.348,-0.116
1789247079,789620328,238.134,robot_1,-0.760,-2.002
1789247080,15226311,238.359,robot_0,2.160,1.055
1789247080,15324746,238.359,robot_2,-0.315,-0.105
1789247080,15369955,238.359,robot_1,-0.832,-2.007
1789247080,215063006,238.559,robot_0,2.160,1.055
1789247080,215127327,238.559,robot_2,-0.321,-0.107
1789247080,215159832,238.559,robot_1,-0.844,-2.008
1789247080,435236511,238.779,robot_0,2.160,1.054
1789247080,435299829,238.779,robot_2,-0.382,-0.127
1789247080,435326075,238.779,robot_1,-0.805,-2.005
1789247080,644548265,238.988,robot_0,2.160,1.054
1789247080,644620777,238.989,robot_2,-0.382,-0.127
1789247080,644652457,238.989,robot_1,-0.765,-2.004
1789247080,862115547,239.206,robot_0,2.160,1.053
1789247080,862183062,239.206,robot_2,-0.382,-0.127
1789247080,862214434,239.206,robot_1,-0.794,-2.005
1789247081,86468586,239.430,robot_0,2.160,1.053
1789247081,86534196,239.430,robot_2,-0.383,-0.126
1789247081,86562411,239.430,robot_1,-0.867,-2.008
1789247081,308865486,239.653,robot_0,2.160,1.052
1789247081,308946887,239.653,robot_2,-0.383,-0.126
1789247081,308984063,239.653,robot_1,-0.871,-2.008
1789247081,513381268,239.857,robot_0,2.161,1.052
1789247081,513448244,239.857,robot_2,-0.384,-0.126
1789247081,513485189,239.857,robot_1,-0.871,-2.008
1789247081,715201966,240.059,robot_0,2.161,1.052
1789247081,715270994,240.059,robot_2,-0.384,-0.126
1789247081,715306767,240.059,robot_1,-0.871,-2.007
1789247081,928406579,240.272,robot_0,2.161,1.051
1789247081,928461353,240.272,robot_2,-0.385,-0.126
1789247081,928486158,240.272,robot_1,-0.871,-2.007
1789247082,131680158,240.476,robot_0,2.154,1.028
1789247082,131745142,240.476,robot_2,-0.385,-0.126
1789247082,131772327,240.476,robot_1,-0.872,-2.007
1789247082,345109522,240.689,robot_0,2.137,0.978
1789247082,345173910,240.689,robot_2,-0.386,-0.126
1789247082,345201745,240.689,robot_1,-0.872,-2.006
1789247082,551430932,240.895,robot_0,2.125,0.942
1789247082,551496219,240.895,robot_2,-0.386,-0.126
1789247082,551528557,240.895,robot_1,-0.873,-2.006
1789247082,755225966,241.099,robot_0,2.122,0.932
1789247082,755292027,241.099,robot_2,-0.386,-0.127
1789247082,755323732,241.099,robot_1,-0.873,-2.006
1789247082,971983322,241.316,robot_0,2.121,0.932
1789247082,972067503,241.316,robot_2,-0.386,-0.127
1789247082,972105355,241.316,robot_1,-0.874,-2.006
1789247083,188588345,241.532,robot_0,2.121,0.932
1789247083,188656526,241.533,robot_2,-0.386,-0.128
1789247083,188691401,241.533,robot_1,-0.874,-2.006
1789247083,399091850,241.743,robot_0,2.121,0.933
1789247083,399158107,241.743,robot_2,-0.387,-0.128
1789247083,399186274,241.743,robot_1,-0.875,-2.007
1789247083,600415447,241.944,robot_0,2.120,0.933
1789247083,600478608,241.944,robot_2,-0.386,-0.129
1789247083,600509102,241.944,robot_1,-0.875,-2.007
1789247083,815622600,242.160,robot_0,2.120,0.934
1789247083,815691600,242.160,robot_2,-0.368,-0.124
1789247083,815726426,242.160,robot_1,-0.875,-2.008
1789247084,38904951,242.383,robot_0,2.120,0.935
1789247084,38996978,242.383,robot_2,-0.322,-0.110
1789247084,39035834,242.383,robot_1,-0.876,-2.008
1789247084,257408404,242.601,robot_0,2.121,0.935
1789247084,257474995,242.601,robot_2,-0.253,-0.090
1789247084,257507587,242.601,robot_1,-0.876,-2.009
1789247084,464910541,242.809,robot_0,2.121,0.936
1789247084,464982399,242.809,robot_2,-0.268,-0.094
1789247084,465014232,242.809,robot_1,-0.876,-2.009
1789247084,676639689,243.021,robot_0,2.121,0.936
1789247084,676702114,243.021,robot_2,-0.314,-0.108
1789247084,676732132,243.021,robot_1,-0.882,-2.011
1789247084,903854951,243.248,robot_0,2.101,0.960
1789247084,903928076,243.248,robot_2,-0.352,-0.119
1789247084,903965757,243.248,robot_1,-0.915,-2.018
1789247085,107478755,243.451,robot_0,2.124,0.934
1789247085,107544356,243.451,robot_2,-0.359,-0.121
1789247085,107583376,243.451,robot_1,-0.901,-2.012
1789247085,335834730,243.680,robot_0,2.149,0.905
1789247085,335896910,243.680,robot_2,-0.359,-0.121
1789247085,335935205,243.680,robot_1,-0.855,-1.987
1789247085,547659871,243.892,robot_0,2.148,0.905
1789247085,547725784,243.892,robot_2,-0.384,-0.125
1789247085,547754199,243.892,robot_1,-0.853,-1.987
1789247085,763143135,244.107,robot_0,2.148,0.904
1789247085,763210162,244.107,robot_2,-0.428,-0.131
1789247085,763235852,244.107,robot_1,-0.809,-1.946
1789247085,964772568,244.309,robot_0,2.148,0.904
1789247085,964836257,244.309,robot_2,-0.387,-0.125
1789247085,964862099,244.309,robot_1,-0.755,-1.895
1789247086,170931987,244.515,robot_0,2.148,0.903
1789247086,170995126,244.515,robot_2,-0.363,-0.121
1789247086,171025065,244.515,robot_1,-0.726,-1.867
1789247086,389870327,244.734,robot_0,2.148,0.903
1789247086,389946072,244.734,robot_2,-0.399,-0.127
1789247086,389983007,244.734,robot_1,-0.750,-1.890
1789247086,616076489,244.960,robot_0,2.148,0.902
1789247086,616146234,244.960,robot_2,-0.384,-0.126
1789247086,616177734,244.960,robot_1,-0.704,-1.846
1789247086,843859212,245.188,robot_0,2.148,0.902
1789247086,843929938,245.188,robot_2,-0.344,-0.126
1789247086,843965803,245.188,robot_1,-0.691,-1.834
1789247087,44660739,245.389,robot_0,2.149,0.901
1789247087,44733247,245.389,robot_2,-0.285,-0.127
1789247087,44771239,245.389,robot_1,-0.691,-1.834
1789247087,269049108,245.613,robot_0,2.149,0.901
1789247087,269121349,245.613,robot_2,-0.256,-0.127
1789247087,269157679,245.613,robot_1,-0.691,-1.834
1789247087,484095816,245.828,robot_0,2.150,0.901
1789247087,484167637,245.828,robot_2,-0.292,-0.131
1789247087,484206204,245.828,robot_1,-0.690,-1.835
1789247087,693580521,246.038,robot_0,2.150,0.901
1789247087,693667140,246.038,robot_2,-0.325,-0.134
1789247087,693704135,246.038,robot_1,-0.690,-1.835
1789247087,895684813,246.240,robot_0,2.151,0.901
1789247087,895751036,246.240,robot_2,-0.375,-0.140
1789247087,895781983,246.240,robot_1,-0.689,-1.835
1789247088,135144854,246.479,robot_0,2.151,0.901
1789247088,135209477,246.479,robot_2,-0.417,-0.145
1789247088,135242963,246.479,robot_1,-0.689,-1.834
1789247088,345265523,246.689,robot_0,2.152,0.901
1789247088,345331703,246.689,robot_2,-0.461,-0.150
1789247088,345363870,246.689,robot_1,-0.688,-1.834
1789247088,553983113,246.898,robot_0,2.152,0.901
1789247088,554048313,246.898,robot_2,-0.462,-0.150
1789247088,554080143,246.898,robot_1,-0.688,-1.834
1789247088,779142047,247.123,robot_0,2.178,0.868
1789247088,779452403,247.123,robot_2,-0.462,-0.149
1789247088,779504588,247.123,robot_1,-0.687,-1.833
1789247089,5419124,247.349,robot_0,2.196,0.845
1789247089,5483628,247.349,robot_2,-0.461,-0.149
1789247089,5510040,247.349,robot_1,-0.687,-1.833
1789247089,216277324,247.560,robot_0,2.197,0.846
1789247089,216338655,247.560,robot_2,-0.461,-0.148
1789247089,216368536,247.560,robot_1,-0.687,-1.832
1789247089,430399561,247.774,robot_0,2.169,0.870
1789247089,430471749,247.774,robot_2,-0.460,-0.148
1789247089,430508233,247.774,robot_1,-0.687,-1.832
1789247089,649429384,247.993,robot_0,2.127,0.906
1789247089,649501704,247.993,robot_2,-0.460,-0.147
1789247089,649540236,247.993,robot_1,-0.687,-1.831
1789247089,868259854,248.212,robot_0,2.149,0.886
1789247089,868338216,248.212,robot_2,-0.459,-0.147
1789247089,868372613,248.212,robot_1,-0.688,-1.831
1789247090,73865134,248.418,robot_0,2.171,0.866
1789247090,73940628,248.418,robot_2,-0.459,-0.147
1789247090,73975632,248.418,robot_1,-0.688,-1.830
1789247090,309814265,248.654,robot_0,2.139,0.896
1789247090,309882819,248.654,robot_2,-0.458,-0.148
1789247090,309917994,248.654,robot_1,-0.688,-1.830
1789247090,513656436,248.858,robot_0,2.139,0.895
1789247090,518471794,248.862,robot_2,-0.458,-0.148
1789247090,518547139,248.862,robot_1,-0.701,-1.838
1789247090,714990000,249.059,robot_0,2.137,0.897
1789247090,715060121,249.059,robot_2,-0.450,-0.131
1789247090,715094300,249.059,robot_1,-0.761,-1.870
1789247090,939025685,249.283,robot_0,2.092,0.939
1789247090,939090571,249.283,robot_2,-0.437,-0.100
1789247090,939117536,249.283,robot_1,-0.777,-1.878
1789247091,154205773,249.498,robot_0,2.106,0.926
1789247091,154281580,249.498,robot_2,-0.437,-0.100
1789247091,154317730,249.498,robot_1,-0.828,-1.899
1789247091,368456983,249.712,robot_0,2.115,0.918
1789247091,368524164,249.712,robot_2,-0.437,-0.100
1789247091,368553745,249.712,robot_1,-0.860,-1.912
1789247091,593694858,249.938,robot_0,2.143,0.895
1789247091,593763526,249.938,robot_2,-0.438,-0.100
1789247091,593793598,249.938,robot_1,-0.860,-1.912
1789247091,810550480,250.154,robot_0,2.164,0.878
1789247091,810625073,250.155,robot_2,-0.438,-0.100
1789247091,810653003,250.155,robot_1,-0.860,-1.912
1789247092,25853828,250.370,robot_0,2.164,0.878
1789247092,25929239,250.370,robot_2,-0.439,-0.101
1789247092,25967278,250.370,robot_1,-0.860,-1.912
1789247092,231230525,250.575,robot_0,2.186,0.860
1789247092,231301320,250.575,robot_2,-0.439,-0.101
1789247092,231335816,250.575,robot_1,-0.860,-1.911
1789247092,445688316,250.790,robot_0,2.215,0.833
1789247092,445804591,250.790,robot_2,-0.439,-0.101
1789247092,445837463,250.790,robot_1,-0.833,-1.890
1789247092,644709240,250.989,robot_0,2.249,0.802
1789247092,644792966,250.989,robot_2,-0.440,-0.102
1789247092,644830714,250.989,robot_1,-0.830,-1.887
1789247092,854219745,251.198,robot_0,2.274,0.780
1789247092,854288352,251.198,robot_2,-0.440,-0.102
1789247092,854317667,251.198,robot_1,-0.830,-1.887
1789247093,73906395,251.418,robot_0,2.274,0.780
1789247093,80681898,251.425,robot_2,-0.440,-0.103
1789247093,80785352,251.425,robot_1,-0.830,-1.887
1789247093,274437023,251.618,robot_0,2.274,0.780
1789247093,274505855,251.618,robot_2,-0.440,-0.103
1789247093,274538070,251.618,robot_1,-0.831,-1.886
1789247093,480946432,251.825,robot_0,2.275,0.781
1789247093,481009325,251.825,robot_2,-0.440,-0.104
1789247093,481045927,251.825,robot_1,-0.832,-1.886
1789247093,681028872,252.025,robot_0,2.274,0.781
1789247093,681093696,252.025,robot_2,-0.439,-0.104
1789247093,681126245,252.025,robot_1,-0.832,-1.886
1789247093,901191112,252.245,robot_0,2.274,0.782
1789247093,901255476,252.245,robot_2,-0.439,-0.104
1789247093,901285880,252.245,robot_1,-0.833,-1.887
1789247094,120651444,252.465,robot_0,2.274,0.782
1789247094,120713423,252.465,robot_2,-0.439,-0.105
1789247094,120746079,252.465,robot_1,-0.833,-1.887
1789247094,327742833,252.672,robot_0,2.273,0.783
1789247094,327819538,252.672,robot_2,-0.437,-0.103
1789247094,327849038,252.672,robot_1,-0.833,-1.887
1789247094,549683365,252.894,robot_0,2.273,0.783
1789247094,549748883,252.894,robot_2,-0.409,-0.044
1789247094,549777883,252.894,robot_1,-0.834,-1.888
1789247094,756878037,253.101,robot_0,2.272,0.783
1789247094,756955888,253.101,robot_2,-0.380,0.015
1789247094,756996854,253.101,robot_1,-0.834,-1.888
1789247094,977510451,253.321,robot_0,2.273,0.796
1789247094,977584280,253.321,robot_2,-0.352,0.072
1789247094,977623968,253.322,robot_1,-0.834,-1.889
1789247095,192071332,253.536,robot_0,2.274,0.809
1789247095,192135714,253.536,robot_2,-0.329,0.119
1789247095,192171700,253.536,robot_1,-0.834,-1.889
1789247095,411361622,253.755,robot_0,2.268,0.767
1789247095,411431693,253.755,robot_2,-0.309,0.164
1789247095,411464332,253.755,robot_1,-0.834,-1.890
1789247095,622076919,253.966,robot_0,2.274,0.792
1789247095,622133886,253.966,robot_2,-0.286,0.216
1789247095,622168077,253.966,robot_1,-0.834,-1.890
1789247095,848563158,254.192,robot_0,2.278,0.809
1789247095,848630071,254.193,robot_2,-0.258,0.278
1789247095,848668403,254.193,robot_1,-0.833,-1.891
1789247096,51290819,254.395,robot_0,2.275,0.785
1789247096,51356467,254.395,robot_2,-0.256,0.284
1789247096,51390406,254.395,robot_1,-0.833,-1.891
1789247096,263542403,254.607,robot_0,2.271,0.750
1789247096,263617701,254.608,robot_2,-0.269,0.256
1789247096,263661237,254.608,robot_1,-0.808,-1.869
1789247096,475953275,254.820,robot_0,2.270,0.741
1789247096,476025128,254.820,robot_2,-0.285,0.224
1789247096,476065739,254.820,robot_1,-0.764,-1.831
1789247096,680326268,255.024,robot_0,2.266,0.698
1789247096,680393173,255.024,robot_2,-0.285,0.224
1789247096,680430554,255.024,robot_1,-0.759,-1.827
1789247096,916272762,255.260,robot_0,2.266,0.692
1789247096,916337256,255.260,robot_2,-0.285,0.224
1789247096,916366694,255.260,robot_1,-0.724,-1.802
1789247097,119145925,255.463,robot_0,2.266,0.692
1789247097,119224613,255.463,robot_2,-0.285,0.225
1789247097,119267609,255.463,robot_1,-0.683,-1.774
1789247097,328297555,255.672,robot_0,2.265,0.692
1789247097,328400289,255.672,robot_2,-0.285,0.224
1789247097,328444538,255.672,robot_1,-0.683,-1.775
1789247097,550308795,255.894,robot_0,2.265,0.692
1789247097,550376115,255.894,robot_2,-0.285,0.224
1789247097,550410778,255.894,robot_1,-0.712,-1.798
1789247097,761282774,256.105,robot_0,2.265,0.692
1789247097,761352297,256.105,robot_2,-0.284,0.224
1789247097,761388506,256.105,robot_1,-0.693,-1.783
1789247097,963119553,256.307,robot_0,2.264,0.691
1789247097,963185829,256.307,robot_2,-0.284,0.224
1789247097,963221402,256.307,robot_1,-0.652,-1.755
1789247098,163307690,256.507,robot_0,2.264,0.691
1789247098,163379369,256.507,robot_2,-0.283,0.224
1789247098,163412449,256.507,robot_1,-0.594,-1.724
1789247098,384176882,256.728,robot_0,2.264,0.691
1789247098,384245113,256.728,robot_2,-0.283,0.224
1789247098,384281467,256.728,robot_1,-0.536,-1.694
1789247098,611877883,256.956,robot_0,2.264,0.690
1789247098,611954560,256.956,robot_2,-0.282,0.225
1789247098,611988770,256.956,robot_1,-0.555,-1.699
1789247098,830448241,257.174,robot_0,2.264,0.689
1789247098,830514473,257.174,robot_2,-0.282,0.225
1789247098,830546458,257.174,robot_1,-0.598,-1.711
1789247099,33756353,257.378,robot_0,2.264,0.689
1789247099,33826979,257.378,robot_2,-0.282,0.226
1789247099,33861368,257.378,robot_1,-0.603,-1.713
1789247099,236090053,257.580,robot_0,2.264,0.689
1789247099,236157919,257.580,robot_2,-0.281,0.226
1789247099,236199940,257.580,robot_1,-0.561,-1.707
1789247099,441305113,257.785,robot_0,2.264,0.688
1789247099,441378339,257.785,robot_2,-0.281,0.227
1789247099,441417554,257.785,robot_1,-0.517,-1.703
1789247099,646621829,257.991,robot_0,2.265,0.688
1789247099,647478523,257.991,robot_2,-0.282,0.227
1789247099,647527122,257.991,robot_1,-0.517,-1.704
1789247099,864729150,258.209,robot_0,2.265,0.688
1789247099,864791896,258.209,robot_2,-0.282,0.227
1789247099,864832477,258.209,robot_1,-0.517,-1.704
1789247100,75549359,258.419,robot_0,2.266,0.688
1789247100,75620311,258.420,robot_2,-0.282,0.228
1789247100,75652141,258.420,robot_1,-0.517,-1.704
1789247100,286267393,258.630,robot_0,2.262,0.671
1789247100,286347769,258.630,robot_2,-0.282,0.228
1789247100,286392303,258.630,robot_1,-0.516,-1.705
1789247100,512670566,258.857,robot_0,2.254,0.628
1789247100,512776069,258.857,robot_2,-0.272,0.237
1789247100,512816546,258.857,robot_1,-0.516,-1.705
1789247100,729691373,259.074,robot_0,2.253,0.627
1789247100,729763218,259.074,robot_2,-0.242,0.262
1789247100,729812432,259.074,robot_1,-0.516,-1.705
1789247100,932412987,259.276,robot_0,2.248,0.600
1789247100,932482608,259.276,robot_2,-0.236,0.267
1789247100,932521026,259.276,robot_1,-0.515,-1.706
1789247101,138578713,259.482,robot_0,2.241,0.566
1789247101,138628370,259.483,robot_2,-0.236,0.267
1789247101,138657858,259.483,robot_1,-0.515,-1.706
1789247101,365476649,259.709,robot_0,2.241,0.566
1789247101,365536676,259.709,robot_2,-0.236,0.267
1789247101,365568998,259.709,robot_1,-0.514,-1.706
1789247101,570659311,259.915,robot_0,2.241,0.613
1789247101,570723552,259.915,robot_2,-0.224,0.295
1789247101,570757030,259.915,robot_1,-0.514,-1.705
1789247101,772319488,260.116,robot_0,2.238,0.657
1789247101,772429465,260.116,robot_2,-0.212,0.327
1789247101,772471884,260.116,robot_1,-0.513,-1.705
1789247101,972440100,260.316,robot_0,2.238,0.660
1789247101,972510017,260.316,robot_2,-0.200,0.362
1789247101,972546197,260.316,robot_1,-0.513,-1.705
1789247102,183993403,260.528,robot_0,2.240,0.647
1789247102,184057850,260.528,robot_2,-0.200,0.362
1789247102,184088420,260.528,robot_1,-0.513,-1.705
1789247102,389644292,260.734,robot_0,2.248,0.602
1789247102,389713457,260.734,robot_2,-0.200,0.362
1789247102,389755349,260.734,robot_1,-0.512,-1.704
1789247102,601043053,260.945,robot_0,2.255,0.556
1789247102,601109470,260.945,robot_2,-0.196,0.398
1789247102,601146598,260.945,robot_1,-0.512,-1.704
1789247102,818418766,261.162,robot_0,2.256,0.554
1789247102,818483832,261.162,robot_2,-0.192,0.433
1789247102,818517419,261.162,robot_1,-0.512,-1.703
1789247103,38345176,261.382,robot_0,2.258,0.545
1789247103,38402514,261.382,robot_2,-0.191,0.458
1789247103,38437076,261.382,robot_1,-0.514,-1.703
1789247103,246645670,261.591,robot_0,2.268,0.506
1789247103,246713665,261.591,robot_2,-0.191,0.472
1789247103,246742719,261.591,robot_1,-0.565,-1.704
1789247103,447119201,261.791,robot_0,2.279,0.466
1789247103,447182489,261.791,robot_2,-0.189,0.431
1789247103,447214737,261.791,robot_1,-0.605,-1.704
1789247103,659249820,262.003,robot_0,2.289,0.425
1789247103,659312537,262.003,robot_2,-0.182,0.384
1789247103,659347556,262.003,robot_1,-0.572,-1.704
1789247103,864739200,262.209,robot_0,2.291,0.418
1789247103,864795177,262.209,robot_2,-0.166,0.312
1789247103,864827634,262.209,robot_1,-0.627,-1.705
1789247104,75912698,262.420,robot_0,2.292,0.418
1789247104,75977892,262.420,robot_2,-0.159,0.283
1789247104,76014177,262.420,robot_1,-0.678,-1.706
1789247104,277593672,262.621,robot_0,2.292,0.418
1789247104,277657652,262.622,robot_2,-0.159,0.281
1789247104,277692455,262.622,robot_1,-0.750,-1.707
1789247104,485917256,262.830,robot_0,2.292,0.419
1789247104,486001739,262.830,robot_2,-0.159,0.281
1789247104,486040302,262.830,robot_1,-0.781,-1.707
1789247104,698557447,263.042,robot_0,2.293,0.419
1789247104,699796919,263.044,robot_2,-0.159,0.281
1789247104,699873578,263.044,robot_1,-0.753,-1.709
1789247104,916211518,263.260,robot_0,2.293,0.420
1789247104,916274569,263.260,robot_2,-0.160,0.280
1789247104,916305191,263.260,robot_1,-0.722,-1.712
1789247105,123075749,263.467,robot_0,2.293,0.420
1789247105,123139537,263.467,robot_2,-0.160,0.280
1789247105,123170777,263.467,robot_1,-0.722,-1.712
1789247105,335114252,263.679,robot_0,2.292,0.421
1789247105,335181066,263.679,robot_2,-0.160,0.279
1789247105,335213238,263.679,robot_1,-0.750,-1.702
1789247105,545577398,263.889,robot_0,2.292,0.422
1789247105,545643632,263.890,robot_2,-0.160,0.279
1789247105,545685198,263.890,robot_1,-0.791,-1.683
1789247105,747276329,264.091,robot_0,2.292,0.422
1789247105,747339427,264.091,robot_2,-0.160,0.278
1789247105,747372833,264.091,robot_1,-0.743,-1.707
1789247105,961353075,264.305,robot_0,2.285,0.413
1789247105,961444703,264.305,robot_2,-0.160,0.278
1789247105,961486378,264.305,robot_1,-0.742,-1.708
1789247106,173431372,264.517,robot_0,2.241,0.354
1789247106,173547627,264.517,robot_2,-0.159,0.278
1789247106,173580291,264.517,robot_1,-0.737,-1.709
1789247106,385429818,264.729,robot_0,2.232,0.343
1789247106,385493452,264.729,robot_2,-0.159,0.277
1789247106,385526342,264.729,robot_1,-0.703,-1.714
1789247106,590153213,264.934,robot_0,2.232,0.343
1789247106,590226165,264.934,robot_2,-0.159,0.277
1789247106,590272569,264.934,robot_1,-0.703,-1.714
1789247106,793346320,265.137,robot_0,2.231,0.343
1789247106,793426676,265.137,robot_2,-0.158,0.277
1789247106,793464193,265.137,robot_1,-0.727,-1.710
1789247107,9463993,265.353,robot_0,2.231,0.343
1789247107,9544826,265.353,robot_2,-0.158,0.277
1789247107,9587511,265.353,robot_1,-0.782,-1.699
1789247107,224906251,265.569,robot_0,2.230,0.343
1789247107,224986772,265.569,robot_2,-0.157,0.277
1789247107,225030759,265.569,robot_1,-0.782,-1.699
1789247107,437392737,265.781,robot_0,2.230,0.343
1789247107,437468416,265.781,robot_2,-0.157,0.275
1789247107,437516110,265.781,robot_1,-0.782,-1.699
1789247107,643162058,265.987,robot_0,2.230,0.343
1789247107,643223841,265.987,robot_2,-0.148,0.235
1789247107,643256100,265.987,robot_1,-0.782,-1.698
1789247107,854358700,266.198,robot_0,2.229,0.342
1789247107,854426856,266.198,robot_2,-0.144,0.216
1789247107,854463934,266.198,robot_1,-0.782,-1.698
1789247108,60867892,266.405,robot_0,2.229,0.342
1789247108,60946403,266.405,robot_2,-0.145,0.222
1789247108,60982898,266.405,robot_1,-0.782,-1.697
1789247108,267655920,266.612,robot_0,2.229,0.342
1789247108,273039090,266.617,robot_2,-0.144,0.273
1789247108,273142762,266.617,robot_1,-0.783,-1.697
1789247108,472812416,266.817,robot_0,2.228,0.341
1789247108,472881096,266.817,robot_2,-0.142,0.302
1789247108,472916029,266.817,robot_1,-0.783,-1.697
1789247108,695175023,267.039,robot_0,2.228,0.341
1789247108,695244628,267.039,robot_2,-0.142,0.302
1789247108,695289611,267.039,robot_1,-0.784,-1.696
1789247108,914746999,267.259,robot_0,2.228,0.340
1789247108,914812014,267.259,robot_2,-0.142,0.302
1789247108,914843894,267.259,robot_1,-0.784,-1.696
1789247109,142561832,267.486,robot_0,2.229,0.340
1789247109,142627552,267.487,robot_2,-0.144,0.330
1789247109,142659764,267.487,robot_1,-0.785,-1.696
1789247109,346116929,267.690,robot_0,2.229,0.339
1789247109,350886762,267.695,robot_2,-0.146,0.371
1789247109,350969904,267.695,robot_1,-0.785,-1.697
1789247109,548640369,267.893,robot_0,2.229,0.339
1789247109,548703384,267.893,robot_2,-0.147,0.374
1789247109,548735378,267.893,robot_1,-0.786,-1.697
1789247109,775042836,268.119,robot_0,2.229,0.339
1789247109,775100380,268.119,robot_2,-0.164,0.434
1789247109,775127852,268.119,robot_1,-0.786,-1.697
1789247109,982274579,268.326,robot_0,2.230,0.338
1789247109,984966189,268.329,robot_2,-0.169,0.446
1789247109,985044049,268.329,robot_1,-0.787,-1.698
1789247110,189478315,268.533,robot_0,2.230,0.338
1789247110,189543623,268.533,robot_2,-0.158,0.410
1789247110,189573855,268.533,robot_1,-0.787,-1.698
1789247110,399402338,268.743,robot_0,2.231,0.340
1789247110,399506470,268.743,robot_2,-0.165,0.434
1789247110,399538766,268.743,robot_1,-0.787,-1.698
1789247110,609137139,268.953,robot_0,2.237,0.388
1789247110,609195702,268.953,robot_2,-0.171,0.454
1789247110,609227757,268.953,robot_1,-0.787,-1.699
1789247110,823435719,269.167,robot_0,2.238,0.395
1789247110,823495319,269.167,robot_2,-0.170,0.454
1789247110,823525548,269.167,robot_1,-0.829,-1.691
1789247111,29843199,269.374,robot_0,2.238,0.423
1789247111,29934942,269.374,robot_2,-0.170,0.454
1789247111,29965971,269.374,robot_1,-0.861,-1.685
1789247111,233795771,269.578,robot_0,2.237,0.492
1789247111,233855043,269.578,robot_2,-0.170,0.454
1789247111,233884875,269.578,robot_1,-0.821,-1.694
1789247111,450408022,269.794,robot_0,2.236,0.548
1789247111,450469869,269.794,robot_2,-0.170,0.455
1789247111,450500667,269.794,robot_1,-0.763,-1.708
1789247111,657298220,270.001,robot_0,2.237,0.533
1789247111,657368099,270.001,robot_2,-0.169,0.455
1789247111,657405461,270.001,robot_1,-0.735,-1.714
1789247111,882268791,270.226,robot_0,2.237,0.524
1789247111,882339880,270.226,robot_2,-0.169,0.456
1789247111,882379765,270.226,robot_1,-0.777,-1.704
1789247112,92716983,270.437,robot_0,2.233,0.548
1789247112,92783454,270.437,robot_2,-0.169,0.456
1789247112,92818443,270.437,robot_1,-0.803,-1.699
1789247112,311546989,270.655,robot_0,2.220,0.613
1789247112,311611524,270.656,robot_2,-0.169,0.457
1789247112,311641437,270.656,robot_1,-0.836,-1.692
1789247112,517050101,270.861,robot_0,2.218,0.620
1789247112,517114010,270.861,robot_2,-0.170,0.457
1789247112,517152369,270.861,robot_1,-0.836,-1.692
1789247112,726375349,271.070,robot_0,2.219,0.620
1789247112,726441286,271.070,robot_2,-0.170,0.457
1789247112,726474727,271.070,robot_1,-0.836,-1.692
1789247112,933539756,271.277,robot_0,2.219,0.621
1789247112,933612447,271.278,robot_2,-0.170,0.458
1789247112,933642986,271.278,robot_1,-0.817,-1.699
1789247113,143646440,271.488,robot_0,2.220,0.621
1789247113,143713895,271.488,robot_2,-0.171,0.458
1789247113,143747196,271.488,robot_1,-0.794,-1.709
1789247113,358552768,271.702,robot_0,2.220,0.621
1789247113,358638315,271.703,robot_2,-0.171,0.458
1789247113,358673669,271.703,robot_1,-0.749,-1.733
1789247113,565074405,271.909,robot_0,2.220,0.622
1789247113,565145435,271.909,robot_2,-0.172,0.458
1789247113,565186612,271.909,robot_1,-0.730,-1.744
1789247113,777713101,272.122,robot_0,2.220,0.622
1789247113,777777663,272.122,robot_2,-0.172,0.458
1789247113,777811348,272.122,robot_1,-0.725,-1.747
1789247113,995610541,272.340,robot_0,2.220,0.623
1789247113,995672822,272.340,robot_2,-0.172,0.458
1789247113,995707283,272.340,robot_1,-0.679,-1.777
1789247114,207210303,272.551,robot_0,2.220,0.623
1789247114,207275063,272.551,robot_2,-0.173,0.458
1789247114,207312666,272.551,robot_1,-0.659,-1.789
1789247114,414640401,272.759,robot_0,2.220,0.624
1789247114,414705754,272.759,robot_2,-0.173,0.458
1789247114,414742030,272.759,robot_1,-0.630,-1.813
1789247114,615863973,272.960,robot_0,2.220,0.624
1789247114,616983816,272.961,robot_2,-0.195,0.490
1789247114,617055279,272.961,robot_1,-0.580,-1.857
1789247114,837093814,273.181,robot_0,2.219,0.624
1789247114,837159895,273.181,robot_2,-0.210,0.512
1789247114,837192172,273.181,robot_1,-0.541,-1.892
1789247115,72028705,273.416,robot_0,2.219,0.625
1789247115,72095984,273.416,robot_2,-0.225,0.539
1789247115,72127670,273.416,robot_1,-0.493,-1.931
1789247115,297184275,273.641,robot_0,2.218,0.625
1789247115,297252303,273.641,robot_2,-0.248,0.578
1789247115,297287601,273.641,robot_1,-0.435,-1.975
1789247115,505595875,273.850,robot_0,2.218,0.625
1789247115,505669099,273.850,robot_2,-0.224,0.538
1789247115,505702181,273.850,robot_1,-0.432,-1.977
1789247115,735615529,274.080,robot_0,2.217,0.625
1789247115,735685602,274.080,robot_2,-0.201,0.498
1789247115,735721728,274.080,robot_1,-0.432,-1.977
1789247115,953520198,274.297,robot_0,2.217,0.625
1789247115,953582260,274.297,robot_2,-0.200,0.496
1789247115,953613421,274.298,robot_1,-0.432,-1.977
1789247116,169944745,274.514,robot_0,2.212,0.645
1789247116,170022841,274.514,robot_2,-0.179,0.455
1789247116,170060296,274.514,robot_1,-0.432,-1.978
1789247116,378835173,274.723,robot_0,2.202,0.686
1789247116,378918216,274.723,robot_2,-0.178,0.452
1789247116,378956092,274.723,robot_1,-0.432,-1.978
1789247116,598699367,274.943,robot_0,2.190,0.732
1789247116,598771727,274.943,robot_2,-0.157,0.421
1789247116,598810477,274.943,robot_1,-0.432,-1.979
1789247116,809786474,275.154,robot_0,2.184,0.755
1789247116,809857733,275.154,robot_2,-0.129,0.379
1789247116,809895454,275.154,robot_1,-0.432,-1.979
1789247117,36608345,275.381,robot_0,2.184,0.755
1789247117,36677477,275.381,robot_2,-0.116,0.358
1789247117,36712858,275.381,robot_1,-0.432,-1.980
1789247117,244778815,275.589,robot_0,2.185,0.755
1789247117,244862360,275.589,robot_2,-0.083,0.298
1789247117,244908392,275.589,robot_1,-0.432,-1.980
1789247117,458768390,275.803,robot_0,2.185,0.755
1789247117,458844296,275.803,robot_2,-0.081,0.293
1789247117,458886681,275.803,robot_1,-0.432,-1.980
1789247117,671657484,276.016,robot_0,2.186,0.754
1789247117,671720236,276.016,robot_2,-0.081,0.293
1789247117,671780081,276.016,robot_1,-0.431,-1.981
1789247117,886813447,276.231,robot_0,2.187,0.754
1789247117,886883791,276.231,robot_2,-0.081,0.293
1789247117,886919203,276.231,robot_1,-0.431,-1.981
1789247118,107522476,276.451,robot_0,2.187,0.753
1789247118,107591304,276.451,robot_2,-0.081,0.292
1789247118,107626318,276.452,robot_1,-0.430,-1.981
1789247118,319800961,276.664,robot_0,2.187,0.753
1789247118,319858768,276.664,robot_2,-0.082,0.292
1789247118,319890168,276.664,robot_1,-0.430,-1.981
1789247118,525940952,276.870,robot_0,2.187,0.752
1789247118,526011405,276.870,robot_2,-0.082,0.291
1789247118,526047539,276.870,robot_1,-0.429,-1.981
1789247118,742137913,277.098,robot_0,2.187,0.752
1789247118,754520773,277.098,robot_2,-0.082,0.291
1789247118,754598233,277.098,robot_1,-0.429,-1.981
1789247118,948295785,277.292,robot_0,2.155,0.758
1789247118,948361159,277.298,robot_2,-0.081,0.290
1789247118,953788990,277.298,robot_1,-0.428,-1.981
1789247119,179090534,277.523,robot_0,2.076,0.770
1789247119,179150544,277.523,robot_2,-0.081,0.290
1789247119,179183794,277.523,robot_1,-0.428,-1.981
1789247119,379407092,277.723,robot_0,2.032,0.777
1789247119,379470060,277.723,robot_2,-0.081,0.290
1789247119,379505156,277.723,robot_1,-0.414,-1.999
1789247119,581563825,277.925,robot_0,2.072,0.769
1789247119,581626712,277.926,robot_2,-0.080,0.289
1789247119,581661493,277.926,robot_1,-0.383,-2.038
1789247119,800375009,278.144,robot_0,2.091,0.766
1789247119,800442311,278.144,robot_2,-0.080,0.289
1789247119,800480739,278.144,robot_1,-0.353,-2.076
1789247120,20046886,278.364,robot_0,2.035,0.772
1789247120,20106922,278.364,robot_2,-0.079,0.289
1789247120,20138710,278.364,robot_1,-0.345,-2.086
1789247120,261568870,278.605,robot_0,1.976,0.773
1789247120,261634250,278.606,robot_2,-0.079,0.289
1789247120,261668835,278.606,robot_1,-0.371,-2.045
1789247120,471838662,278.816,robot_0,1.973,0.773
1789247120,471901920,278.816,robot_2,-0.078,0.289
1789247120,471951158,278.816,robot_1,-0.362,-2.059
1789247120,671905086,279.016,robot_0,1.973,0.772
1789247120,671970138,279.016,robot_2,-0.078,0.289
1789247120,672003752,279.016,robot_1,-0.381,-2.027
1789247120,875871063,279.220,robot_0,1.973,0.772
1789247120,875951243,279.220,robot_2,-0.078,0.290
1789247120,875987263,279.220,robot_1,-0.418,-1.965
1789247121,80816674,279.425,robot_0,1.973,0.772
1789247121,80878690,279.425,robot_2,-0.077,0.290
1789247121,80910597,279.425,robot_1,-0.451,-1.909
1789247121,288862580,279.633,robot_0,1.973,0.772
1789247121,288933010,279.633,robot_2,-0.089,0.304
1789247121,288968393,279.633,robot_1,-0.439,-1.929
1789247121,500812364,279.845,robot_0,1.973,0.773
1789247121,500883203,279.845,robot_2,-0.128,0.354
1789247121,500932423,279.845,robot_1,-0.431,-1.942
1789247121,713152191,280.057,robot_0,1.973,0.773
1789247121,713224702,280.057,robot_2,-0.177,0.418
1789247121,713256714,280.057,robot_1,-0.414,-1.979
1789247121,941820746,280.286,robot_0,1.973,0.774
1789247121,941894369,280.286,robot_2,-0.207,0.458
1789247121,941939438,280.286,robot_1,-0.402,-2.007
1789247122,150695462,280.495,robot_0,1.972,0.774
1789247122,150761020,280.495,robot_2,-0.249,0.509
1789247122,150788828,280.495,robot_1,-0.402,-2.007
1789247122,359250350,280.703,robot_0,1.972,0.775
1789247122,359303181,280.703,robot_2,-0.271,0.537
1789247122,359326937,280.703,robot_1,-0.402,-2.007
1789247122,564478312,280.908,robot_0,1.972,0.775
1789247122,564546699,280.908,robot_2,-0.294,0.560
1789247122,564577683,280.908,robot_1,-0.399,-2.011
1789247122,766293599,281.110,robot_0,1.971,0.775
1789247122,766359259,281.110,robot_2,-0.313,0.578
1789247122,766390044,281.110,robot_1,-0.370,-2.049
1789247122,981269290,281.325,robot_0,1.971,0.775
1789247122,981339923,281.325,robot_2,-0.302,0.564
1789247122,981378780,281.325,robot_1,-0.347,-2.076
1789247123,188928025,281.533,robot_0,1.970,0.775
1789247123,188988201,281.533,robot_2,-0.280,0.536
1789247123,189016667,281.533,robot_1,-0.323,-2.105
1789247123,391750253,281.736,robot_0,1.970,0.775
1789247123,391816488,281.736,robot_2,-0.278,0.535
1789247123,391851230,281.736,robot_1,-0.323,-2.105
1789247123,629218167,281.979,robot_0,1.969,0.775
1789247123,635033999,281.979,robot_2,-0.234,0.499
1789247123,635097361,281.979,robot_1,-0.324,-2.105
1789247123,844895130,282.189,robot_0,1.969,0.774
1789247123,844976463,282.189,robot_2,-0.232,0.498
1789247123,845015143,282.189,robot_1,-0.325,-2.106
1789247124,62081249,282.406,robot_0,1.969,0.774
1789247124,62146112,282.406,robot_2,-0.232,0.498
1789247124,62180625,282.406,robot_1,-0.326,-2.105
1789247124,272014387,282.616,robot_0,1.968,0.774
1789247124,272092806,282.616,robot_2,-0.232,0.499
1789247124,272132426,282.616,robot_1,-0.326,-2.105
1789247124,474144959,282.818,robot_0,1.969,0.774
1789247124,474212291,282.818,robot_2,-0.232,0.499
1789247124,474248134,282.818,robot_1,-0.327,-2.105
1789247124,679653804,283.024,robot_0,1.969,0.774
1789247124,679724615,283.024,robot_2,-0.232,0.500
1789247124,679762239,283.024,robot_1,-0.327,-2.104
1789247124,879704022,283.224,robot_0,1.969,0.774
1789247124,879765527,283.224,robot_2,-0.232,0.500
1789247124,879795982,283.224,robot_1,-0.327,-2.104
1789247125,103411462,283.447,robot_0,2.015,0.734
1789247125,103484292,283.447,robot_2,-0.232,0.501
1789247125,103524572,283.447,robot_1,-0.328,-2.103
1789247125,312248641,283.656,robot_0,2.038,0.714
1789247125,312314998,283.656,robot_2,-0.233,0.501
1789247125,312348514,283.656,robot_1,-0.328,-2.103
1789247125,516556887,283.860,robot_0,2.027,0.723
1789247125,516628906,283.861,robot_2,-0.233,0.501
1789247125,516664946,283.861,robot_1,-0.328,-2.103
1789247125,732468232,284.076,robot_0,2.079,0.678
1789247125,732537029,284.076,robot_2,-0.234,0.501
1789247125,732566279,284.076,robot_1,-0.327,-2.103
1789247125,946753252,284.291,robot_0,2.129,0.635
1789247125,946825656,284.291,robot_2,-0.234,0.501
1789247125,946857354,284.291,robot_1,-0.327,-2.104
1789247126,151034080,284.495,robot_0,2.181,0.589
1789247126,151100540,284.495,robot_2,-0.235,0.501
1789247126,151137551,284.495,robot_1,-0.327,-2.104
1789247126,364573516,284.708,robot_0,2.237,0.540
1789247126,364637568,284.709,robot_2,-0.235,0.501
1789247126,364680240,284.709,robot_1,-0.326,-2.104
1789247126,567478226,284.911,robot_0,2.270,0.511
1789247126,567541210,284.911,robot_2,-0.236,0.501
1789247126,567580290,284.911,robot_1,-0.326,-2.105
1789247126,773648999,285.118,robot_0,2.258,0.519
1789247126,773718092,285.118,robot_2,-0.236,0.501
1789247126,773756440,285.118,robot_1,-0.326,-2.105
1789247126,999246977,285.343,robot_0,2.219,0.544
1789247126,999303340,285.343,robot_2,-0.226,0.492
1789247126,999333080,285.343,robot_1,-0.325,-2.105
1789247127,226069836,285.570,robot_0,2.217,0.546
1789247127,226134115,285.570,robot_2,-0.171,0.445
1789247127,226167404,285.570,robot_1,-0.324,-2.105
1789247127,427204179,285.771,robot_0,2.217,0.546
1789247127,427271661,285.771,robot_2,-0.182,0.454
1789247127,427308111,285.771,robot_1,-0.324,-2.104
1789247127,638818642,285.983,robot_0,2.217,0.546
1789247127,638880830,285.983,robot_2,-0.196,0.466
1789247127,638911128,285.983,robot_1,-0.323,-2.104
1789247127,841395759,286.185,robot_0,2.217,0.546
1789247127,841443219,286.185,robot_2,-0.166,0.437
1789247127,841515579,286.185,robot_1,-0.323,-2.104
1789247128,50719836,286.395,robot_0,2.217,0.545
1789247128,50793525,286.395,robot_2,-0.178,0.454
1789247128,50827138,286.395,robot_1,-0.323,-2.103
1789247128,262041136,286.606,robot_0,2.217,0.545
1789247128,262112951,286.606,robot_2,-0.151,0.417
1789247128,262146817,286.606,robot_1,-0.323,-2.103
1789247128,476224780,286.820,robot_0,2.217,0.544
1789247128,476288647,286.820,robot_2,-0.118,0.371
1789247128,476315512,286.820,robot_1,-0.323,-2.102
1789247128,708399399,287.052,robot_0,2.217,0.543
1789247128,708467546,287.052,robot_2,-0.089,0.326
1789247128,708503916,287.052,robot_1,-0.323,-2.102
1789247128,911001173,287.255,robot_0,2.218,0.543
1789247128,911061081,287.255,robot_2,-0.065,0.280
1789247128,911095833,287.255,robot_1,-0.342,-2.103
1789247129,113645824,287.458,robot_0,2.218,0.543
1789247129,113707971,287.458,robot_2,-0.063,0.276
1789247129,113742413,287.458,robot_1,-0.405,-2.105
1789247129,323084131,287.667,robot_0,2.218,0.542
1789247129,323141887,287.667,robot_2,-0.063,0.276
1789247129,323174517,287.667,robot_1,-0.474,-2.108
1789247129,537389534,287.881,robot_0,2.219,0.542
1789247129,537455379,287.881,robot_2,-0.062,0.276
1789247129,537493252,287.881,robot_1,-0.516,-2.110
1789247129,754013696,288.098,robot_0,2.219,0.542
1789247129,754073350,288.098,robot_2,-0.063,0.276
1789247129,754111609,288.098,robot_1,-0.553,-2.112
1789247129,968701407,288.313,robot_0,2.220,0.542
1789247129,968773463,288.313,robot_2,-0.063,0.276
1789247129,968817732,288.313,robot_1,-0.531,-2.110
1789247130,174194016,288.518,robot_0,2.220,0.542
1789247130,174256488,288.518,robot_2,-0.063,0.276
1789247130,174289140,288.518,robot_1,-0.497,-2.107
1789247130,391112894,288.735,robot_0,2.221,0.543
1789247130,391185131,288.735,robot_2,-0.064,0.275
1789247130,391228774,288.735,robot_1,-0.462,-2.103
1789247130,607690262,288.952,robot_0,2.221,0.543
1789247130,607753023,288.952,robot_2,-0.064,0.275
1789247130,607787609,288.952,robot_1,-0.462,-2.103
1789247130,835629723,289.180,robot_0,2.221,0.543
1789247130,835691578,289.180,robot_2,-0.064,0.275
1789247130,835724363,289.180,robot_1,-0.501,-2.110
1789247131,61299675,289.405,robot_0,2.242,0.515
1789247131,61359640,289.405,robot_2,-0.064,0.274
1789247131,61391814,289.405,robot_1,-0.492,-2.108
1789247131,277697921,289.622,robot_0,2.248,0.508
1789247131,277765272,289.622,robot_2,-0.064,0.274
1789247131,277802572,289.622,robot_1,-0.477,-2.105
1789247131,494567709,289.838,robot_0,2.248,0.508
1789247131,494630510,289.839,robot_2,-0.064,0.273
1789247131,494674761,289.839,robot_1,-0.519,-2.110
1789247131,728355566,290.072,robot_0,2.248,0.509
1789247131,728418155,290.072,robot_2,-0.064,0.273
1789247131,728453864,290.072,robot_1,-0.548,-2.113
1789247131,931011619,290.275,robot_0,2.248,0.509
1789247131,931070156,290.275,robot_2,-0.064,0.272
1789247131,931100031,290.275,robot_1,-0.548,-2.112
1789247132,136972303,290.481,robot_0,2.248,0.509
1789247132,137041647,290.481,robot_2,-0.063,0.272
1789247132,137077206,290.481,robot_1,-0.548,-2.112
1789247132,355491069,290.699,robot_0,2.184,0.530
1789247132,355553679,290.699,robot_2,-0.063,0.272
1789247132,355591120,290.699,robot_1,-0.549,-2.111
1789247132,572860917,290.917,robot_0,2.169,0.534
1789247132,572937321,290.917,robot_2,-0.063,0.272
1789247132,572974549,290.917,robot_1,-0.549,-2.111
1789247132,775379271,291.119,robot_0,2.198,0.525
1789247132,775451904,291.119,robot_2,-0.061,0.278
1789247132,775495826,291.119,robot_1,-0.549,-2.111
1789247132,981578665,291.325,robot_0,2.192,0.526
1789247132,981636092,291.326,robot_2,-0.050,0.335
1789247132,981668162,291.326,robot_1,-0.550,-2.111
1789247133,192873842,291.537,robot_0,2.121,0.536
1789247133,192942410,291.537,robot_2,-0.049,0.339
1789247133,192974606,291.537,robot_1,-0.551,-2.111
1789247133,401944457,291.746,robot_0,2.110,0.537
1789247133,402013612,291.746,robot_2,-0.049,0.339
1789247133,402049220,291.746,robot_1,-0.551,-2.111
1789247133,625119222,291.969,robot_0,2.110,0.538
1789247133,625190596,291.969,robot_2,-0.049,0.339
1789247133,625225054,291.969,robot_1,-0.552,-2.111
1789247133,830004091,292.174,robot_0,2.110,0.538
1789247133,830075870,292.174,robot_2,-0.049,0.339
1789247133,830125077,292.174,robot_1,-0.552,-2.111
1789247134,42346171,292.386,robot_0,2.109,0.539
1789247134,42409075,292.386,robot_2,-0.062,0.297
1789247134,42442119,292.386,robot_1,-0.553,-2.112
1789247134,271747500,292.616,robot_0,2.109,0.539
1789247134,271813918,292.616,robot_2,-0.078,0.253
1789247134,271855403,292.616,robot_1,-0.553,-2.112
1789247134,483655502,292.828,robot_0,2.109,0.539
1789247134,483734742,292.828,robot_2,-0.075,0.265
1789247134,483775596,292.828,robot_1,-0.553,-2.113
1789247134,685590187,293.029,robot_0,2.108,0.540
1789247134,685649273,293.030,robot_2,-0.057,0.332
1789247134,685681521,293.030,robot_1,-0.553,-2.113
1789247134,890642947,293.235,robot_0,2.108,0.540
1789247134,890701970,293.235,robot_2,-0.052,0.351
1789247134,895349212,293.239,robot_1,-0.541,-2.113
1789247135,103496234,293.465,robot_0,2.107,0.540
1789247135,120746733,293.465,robot_2,-0.053,0.339
1789247135,120793061,293.465,robot_1,-0.493,-2.111
1789247135,323143430,293.667,robot_0,2.107,0.540
1789247135,323202034,293.667,robot_2,-0.053,0.312
1789247135,323233984,293.667,robot_1,-0.500,-2.113
1789247135,524533747,293.868,robot_0,2.106,0.539
1789247135,524600545,293.869,robot_2,-0.056,0.365
1789247135,524639723,293.869,robot_1,-0.523,-2.116
1789247135,726219919,294.070,robot_0,2.106,0.539
1789247135,726281525,294.070,robot_2,-0.059,0.419
1789247135,726315795,294.070,robot_1,-0.479,-2.110
1789247135,930442211,294.274,robot_0,2.106,0.539
1789247135,930510760,294.274,robot_2,-0.060,0.434
1789247135,930546952,294.274,robot_1,-0.481,-2.110
1789247136,137486506,294.481,robot_0,2.105,0.538
1789247136,137556293,294.481,robot_2,-0.069,0.483
1789247136,137599755,294.481,robot_1,-0.521,-2.116
1789247136,348162464,294.692,robot_0,2.105,0.538
1789247136,348240519,294.692,robot_2,-0.075,0.515
1789247136,348280452,294.692,robot_1,-0.539,-2.118
1789247136,562863260,294.907,robot_0,2.105,0.538
1789247136,562939990,294.907,robot_2,-0.075,0.515
1789247136,562974958,294.907,robot_1,-0.503,-2.115
1789247136,790373097,295.134,robot_0,2.105,0.537
1789247136,790441598,295.134,robot_2,-0.075,0.515
1789247136,790484182,295.134,robot_1,-0.501,-2.114
1789247136,992175797,295.336,robot_0,2.071,0.537
1789247136,992263352,295.336,robot_2,-0.074,0.515
1789247136,992307796,295.336,robot_1,-0.473,-2.119
1789247137,193486115,295.537,robot_0,2.029,0.537
1789247137,193557634,295.537,robot_2,-0.074,0.516
1789247137,193597259,295.537,robot_1,-0.468,-2.119
1789247137,437526511,295.781,robot_0,1.987,0.537
1789247137,437621024,295.782,robot_2,-0.074,0.516
1789247137,437659442,295.782,robot_1,-0.478,-2.115
1789247137,640807930,295.985,robot_0,1.968,0.536
1789247137,640875108,295.985,robot_2,-0.074,0.516
1789247137,640910271,295.985,robot_1,-0.457,-2.122
1789247137,844096754,296.188,robot_0,1.968,0.537
1789247137,844176170,296.188,robot_2,-0.074,0.517
1789247137,844218922,296.188,robot_1,-0.410,-2.138
1789247138,57406394,296.401,robot_0,1.968,0.537
1789247138,57472535,296.401,robot_2,-0.074,0.517
1789247138,57506222,296.401,robot_1,-0.408,-2.139
1789247138,268537078,296.612,robot_0,1.968,0.538
1789247138,268609352,296.613,robot_2,-0.074,0.518
1789247138,268649232,296.613,robot_1,-0.411,-2.138
1789247138,478743714,296.825,robot_0,1.968,0.538
1789247138,481020264,296.825,robot_2,-0.074,0.518
1789247138,481086997,296.825,robot_1,-0.438,-2.132
1789247138,681894130,297.026,robot_0,1.969,0.538
1789247138,681990778,297.026,robot_2,-0.074,0.518
1789247138,682024032,297.026,robot_1,-0.412,-2.138
1789247138,903414385,297.247,robot_0,1.969,0.539
1789247138,903482849,297.247,robot_2,-0.074,0.519
1789247138,903515627,297.247,robot_1,-0.397,-2.141
1789247139,124289656,297.468,robot_0,1.970,0.539
1789247139,138990265,297.483,robot_2,-0.075,0.519
1789247139,139079265,297.483,robot_1,-0.397,-2.141
1789247139,341096920,297.685,robot_0,1.971,0.539
1789247139,341151529,297.685,robot_2,-0.075,0.519
1789247139,341178419,297.685,robot_1,-0.397,-2.142
1789247139,553170308,297.897,robot_0,1.971,0.539
1789247139,553233961,297.897,robot_2,-0.076,0.519
1789247139,553263643,297.897,robot_1,-0.397,-2.142
1789247139,772120119,298.116,robot_0,1.957,0.488
1789247139,772184041,298.116,robot_2,-0.076,0.519
1789247139,772217381,298.116,robot_1,-0.397,-2.143
1789247139,992792019,298.337,robot_0,1.956,0.483
1789247139,992854746,298.337,robot_2,-0.076,0.519
1789247139,992884500,298.337,robot_1,-0.396,-2.143
1789247140,193694720,298.538,robot_0,1.957,0.485
1789247140,193757856,298.538,robot_2,-0.077,0.519
1789247140,193790537,298.538,robot_1,-0.396,-2.144
1789247140,404719980,298.749,robot_0,1.956,0.484
1789247140,404780721,298.749,robot_2,-0.077,0.519
1789247140,404824455,298.749,robot_1,-0.395,-2.144
1789247140,628868479,298.973,robot_0,1.927,0.442
1789247140,628938557,298.973,robot_2,-0.077,0.519
1789247140,628973701,298.973,robot_1,-0.395,-2.144
1789247140,846344580,299.190,robot_0,1.889,0.396
1789247140,846408376,299.190,robot_2,-0.096,0.552
1789247140,846440634,299.190,robot_1,-0.394,-2.144
1789247141,50059153,299.394,robot_0,1.887,0.393
1789247141,50119398,299.394,robot_2,-0.126,0.597
1789247141,50149203,299.394,robot_1,-0.394,-2.144
1789247141,263860350,299.608,robot_0,1.904,0.414
1789247141,263934966,299.608,robot_2,-0.135,0.610
1789247141,263965678,299.608,robot_1,-0.393,-2.143
1789247141,466740627,299.811,robot_0,1.863,0.364
1789247141,466796446,299.811,robot_2,-0.110,0.573
1789247141,466827181,299.811,robot_1,-0.393,-2.143
1789247141,676837857,300.021,robot_0,1.852,0.351
1789247141,676941210,300.021,robot_2,-0.080,0.528
1789247141,676970724,300.021,robot_1,-0.392,-2.142
1789247141,886543243,300.230,robot_0,1.818,0.318
1789247141,886604461,300.231,robot_2,-0.063,0.500
1789247141,886635037,300.231,robot_1,-0.392,-2.142
