[INFO] [launch]: All log files can be found below /home/ecem/sct_ws/src/llm_sct/RESULTS_LAST/baseline/balanced_delivery/batch_logs/ros_slot2/2026-09-15-18-08-14-128845-ecem-pc-68991
[INFO] [launch]: Default logging verbosity is set to INFO
[leo_delivery] randomized task layout with seed 1008
[spawn_multi_robots] run_id=run_20260915_180814_740670445 random_seed=1008 
[INFO] [ign gazebo-1]: process started with pid [69019]
[INFO] [image_bridge-2]: process started with pid [69021]
[INFO] [simulation_video_recorder-3]: process started with pid [69025]
[INFO] [coverage_counter-4]: process started with pid [69028]
[INFO] [bump_counter-5]: process started with pid [69032]
[INFO] [parameter_bridge-6]: process started with pid [69036]
[INFO] [robot_state_publisher-7]: process started with pid [69040]
[INFO] [create-8]: process started with pid [69051]
[INFO] [static_transform_publisher-9]: process started with pid [69055]
[INFO] [image_bridge-10]: process started with pid [69073]
[INFO] [robot_state_publisher-11]: process started with pid [69078]
[INFO] [create-12]: process started with pid [69082]
[INFO] [static_transform_publisher-13]: process started with pid [69095]
[INFO] [image_bridge-14]: process started with pid [69099]
[INFO] [robot_state_publisher-15]: process started with pid [69124]
[INFO] [create-16]: process started with pid [69136]
[INFO] [static_transform_publisher-17]: process started with pid [69154]
[INFO] [image_bridge-18]: process started with pid [69177]
[INFO] [parameter_bridge-19]: process started with pid [69201]
[static_transform_publisher-9] [WARN] [1789488495.107994352] []: Old-style arguments are deprecated; see --help for new-style arguments
[static_transform_publisher-9] [INFO] [1789488495.181441122] [robot_0_spawn_offset_tf]: Spinning until stopped - publishing transform
[static_transform_publisher-9] translation: ('0.705925', '2.458584', '0.000000')
[static_transform_publisher-9] rotation: ('0.000000', '0.000000', '-0.725656', '0.688057')
[static_transform_publisher-9] from 'odom' to 'robot_0/odom'
[static_transform_publisher-13] [WARN] [1789488495.218082897] []: Old-style arguments are deprecated; see --help for new-style arguments
[static_transform_publisher-13] [INFO] [1789488495.246799991] [robot_1_spawn_offset_tf]: Spinning until stopped - publishing transform
[static_transform_publisher-13] translation: ('1.320882', '-1.153010', '0.000000')
[static_transform_publisher-13] rotation: ('0.000000', '0.000000', '-0.771141', '0.636665')
[static_transform_publisher-13] from 'odom' to 'robot_1/odom'
[static_transform_publisher-17] [WARN] [1789488495.310703230] []: Old-style arguments are deprecated; see --help for new-style arguments
[static_transform_publisher-17] [INFO] [1789488495.361169272] [robot_2_spawn_offset_tf]: Spinning until stopped - publishing transform
[static_transform_publisher-17] translation: ('1.826252', '-0.012171', '0.000000')
[static_transform_publisher-17] rotation: ('0.000000', '0.000000', '-0.497929', '0.867218')
[static_transform_publisher-17] from 'odom' to 'robot_2/odom'
[robot_state_publisher-7] [INFO] [1789488495.457806082] [robot_0.robot_state_publisher]: got segment robot_0/antenna_link
[robot_state_publisher-7] [INFO] [1789488495.457949671] [robot_0.robot_state_publisher]: got segment robot_0/base_footprint
[robot_state_publisher-7] [INFO] [1789488495.457964050] [robot_0.robot_state_publisher]: got segment robot_0/base_link
[robot_state_publisher-7] [INFO] [1789488495.457974436] [robot_0.robot_state_publisher]: got segment robot_0/realsense_link
[robot_state_publisher-7] [INFO] [1789488495.457984298] [robot_0.robot_state_publisher]: got segment robot_0/rocker_L_link
[robot_state_publisher-7] [INFO] [1789488495.457993619] [robot_0.robot_state_publisher]: got segment robot_0/rocker_R_link
[robot_state_publisher-7] [INFO] [1789488495.458002996] [robot_0.robot_state_publisher]: got segment robot_0/wheel_FL_link
[robot_state_publisher-7] [INFO] [1789488495.458012512] [robot_0.robot_state_publisher]: got segment robot_0/wheel_FR_link
[robot_state_publisher-7] [INFO] [1789488495.458020726] [robot_0.robot_state_publisher]: got segment robot_0/wheel_RL_link
[robot_state_publisher-7] [INFO] [1789488495.458029053] [robot_0.robot_state_publisher]: got segment robot_0/wheel_RR_link
[create-8] [INFO] [1789488495.500879082] [robot_0.ros_gz_sim]: Requesting list of world names.
[create-12] [INFO] [1789488495.610309595] [robot_1.ros_gz_sim]: Requesting list of world names.
[create-16] [INFO] [1789488495.685273299] [robot_2.ros_gz_sim]: Requesting list of world names.
[robot_state_publisher-11] [INFO] [1789488495.859937111] [robot_1.robot_state_publisher]: got segment robot_1/antenna_link
[robot_state_publisher-11] [INFO] [1789488495.860073762] [robot_1.robot_state_publisher]: got segment robot_1/base_footprint
[robot_state_publisher-11] [INFO] [1789488495.860088145] [robot_1.robot_state_publisher]: got segment robot_1/base_link
[robot_state_publisher-11] [INFO] [1789488495.860097969] [robot_1.robot_state_publisher]: got segment robot_1/realsense_link
[robot_state_publisher-11] [INFO] [1789488495.860106839] [robot_1.robot_state_publisher]: got segment robot_1/rocker_L_link
[robot_state_publisher-11] [INFO] [1789488495.860116639] [robot_1.robot_state_publisher]: got segment robot_1/rocker_R_link
[robot_state_publisher-11] [INFO] [1789488495.860126671] [robot_1.robot_state_publisher]: got segment robot_1/wheel_FL_link
[robot_state_publisher-11] [INFO] [1789488495.860135805] [robot_1.robot_state_publisher]: got segment robot_1/wheel_FR_link
[robot_state_publisher-11] [INFO] [1789488495.860144455] [robot_1.robot_state_publisher]: got segment robot_1/wheel_RL_link
[robot_state_publisher-11] [INFO] [1789488495.860153406] [robot_1.robot_state_publisher]: got segment robot_1/wheel_RR_link
[parameter_bridge-6] [INFO] [1789488495.862490729] [all_robots_bridge]: Creating ROS->GZ Bridge: [/robot_0/cmd_vel (geometry_msgs/msg/Twist) -> /robot_0/cmd_vel (ignition.msgs.Twist)] (Lazy 0)
[parameter_bridge-6] [INFO] [1789488495.864095062] [all_robots_bridge]: Creating GZ->ROS Bridge: [/robot_0/odom (ignition.msgs.Odometry) -> /robot_0/odom (nav_msgs/msg/Odometry)] (Lazy 0)
[parameter_bridge-6] [INFO] [1789488495.896633400] [all_robots_bridge]: Creating GZ->ROS Bridge: [/robot_0/tf (ignition.msgs.Pose_V) -> /robot_0/tf (tf2_msgs/msg/TFMessage)] (Lazy 0)
[parameter_bridge-6] [INFO] [1789488495.897803035] [all_robots_bridge]: Creating GZ->ROS Bridge: [/robot_0/joint_states (ignition.msgs.Model) -> /robot_0/joint_states (sensor_msgs/msg/JointState)] (Lazy 0)
[parameter_bridge-6] [INFO] [1789488495.899060476] [all_robots_bridge]: Creating GZ->ROS Bridge: [/robot_0/depth_camera/depth_image (ignition.msgs.Image) -> /robot_0/depth_camera/depth_image (sensor_msgs/msg/Image)] (Lazy 0)
[parameter_bridge-6] [INFO] [1789488495.899694759] [all_robots_bridge]: Creating GZ->ROS Bridge: [/robot_0/depth_camera/camera_info (ignition.msgs.CameraInfo) -> /robot_0/depth_camera/camera_info (sensor_msgs/msg/CameraInfo)] (Lazy 0)
[parameter_bridge-6] [INFO] [1789488495.941159185] [all_robots_bridge]: Creating GZ->ROS Bridge: [/world/random_world/model/robot_0/link/robot_0/base_footprint/sensor/contact_sensor/contact (ignition.msgs.Contacts) -> /world/random_world/model/robot_0/link/robot_0/base_footprint/sensor/contact_sensor/contact (ros_gz_interfaces/msg/Contacts)] (Lazy 0)
[parameter_bridge-6] [INFO] [1789488495.965143883] [all_robots_bridge]: Creating ROS->GZ Bridge: [/robot_1/cmd_vel (geometry_msgs/msg/Twist) -> /robot_1/cmd_vel (ignition.msgs.Twist)] (Lazy 0)
[parameter_bridge-6] [INFO] [1789488495.983975051] [all_robots_bridge]: Creating GZ->ROS Bridge: [/robot_1/odom (ignition.msgs.Odometry) -> /robot_1/odom (nav_msgs/msg/Odometry)] (Lazy 0)
[parameter_bridge-6] [INFO] [1789488495.985618503] [all_robots_bridge]: Creating GZ->ROS Bridge: [/robot_1/tf (ignition.msgs.Pose_V) -> /robot_1/tf (tf2_msgs/msg/TFMessage)] (Lazy 0)
[parameter_bridge-6] [INFO] [1789488495.986220878] [all_robots_bridge]: Creating GZ->ROS Bridge: [/robot_1/joint_states (ignition.msgs.Model) -> /robot_1/joint_states (sensor_msgs/msg/JointState)] (Lazy 0)
[parameter_bridge-6] [INFO] [1789488495.996887774] [all_robots_bridge]: Creating GZ->ROS Bridge: [/robot_1/depth_camera/depth_image (ignition.msgs.Image) -> /robot_1/depth_camera/depth_image (sensor_msgs/msg/Image)] (Lazy 0)
[parameter_bridge-6] [INFO] [1789488496.014369809] [all_robots_bridge]: Creating GZ->ROS Bridge: [/robot_1/depth_camera/camera_info (ignition.msgs.CameraInfo) -> /robot_1/depth_camera/camera_info (sensor_msgs/msg/CameraInfo)] (Lazy 0)
[parameter_bridge-6] [INFO] [1789488496.024100842] [all_robots_bridge]: Creating GZ->ROS Bridge: [/world/random_world/model/robot_1/link/robot_1/base_footprint/sensor/contact_sensor/contact (ignition.msgs.Contacts) -> /world/random_world/model/robot_1/link/robot_1/base_footprint/sensor/contact_sensor/contact (ros_gz_interfaces/msg/Contacts)] (Lazy 0)
[parameter_bridge-6] [INFO] [1789488496.047417125] [all_robots_bridge]: Creating ROS->GZ Bridge: [/robot_2/cmd_vel (geometry_msgs/msg/Twist) -> /robot_2/cmd_vel (ignition.msgs.Twist)] (Lazy 0)
[parameter_bridge-6] [INFO] [1789488496.048073800] [all_robots_bridge]: Creating GZ->ROS Bridge: [/robot_2/odom (ignition.msgs.Odometry) -> /robot_2/odom (nav_msgs/msg/Odometry)] (Lazy 0)
[parameter_bridge-6] [INFO] [1789488496.048754869] [all_robots_bridge]: Creating GZ->ROS Bridge: [/robot_2/tf (ignition.msgs.Pose_V) -> /robot_2/tf (tf2_msgs/msg/TFMessage)] (Lazy 0)
[parameter_bridge-6] [INFO] [1789488496.049229470] [all_robots_bridge]: Creating GZ->ROS Bridge: [/robot_2/joint_states (ignition.msgs.Model) -> /robot_2/joint_states (sensor_msgs/msg/JointState)] (Lazy 0)
[parameter_bridge-6] [INFO] [1789488496.049848095] [all_robots_bridge]: Creating GZ->ROS Bridge: [/robot_2/depth_camera/depth_image (ignition.msgs.Image) -> /robot_2/depth_camera/depth_image (sensor_msgs/msg/Image)] (Lazy 0)
[parameter_bridge-6] [INFO] [1789488496.075120388] [all_robots_bridge]: Creating GZ->ROS Bridge: [/robot_2/depth_camera/camera_info (ignition.msgs.CameraInfo) -> /robot_2/depth_camera/camera_info (sensor_msgs/msg/CameraInfo)] (Lazy 0)
[parameter_bridge-6] [INFO] [1789488496.099208983] [all_robots_bridge]: Creating GZ->ROS Bridge: [/world/random_world/model/robot_2/link/robot_2/base_footprint/sensor/contact_sensor/contact (ignition.msgs.Contacts) -> /world/random_world/model/robot_2/link/robot_2/base_footprint/sensor/contact_sensor/contact (ros_gz_interfaces/msg/Contacts)] (Lazy 0)
[parameter_bridge-6] [INFO] [1789488496.120488882] [all_robots_bridge]: Creating GZ->ROS Bridge: [/world/random_world/dynamic_pose/info (ignition.msgs.Pose_V) -> /world/random_world/dynamic_pose/info (tf2_msgs/msg/TFMessage)] (Lazy 0)
[robot_state_publisher-15] [INFO] [1789488496.122498985] [robot_2.robot_state_publisher]: got segment robot_2/antenna_link
[robot_state_publisher-15] [INFO] [1789488496.122624316] [robot_2.robot_state_publisher]: got segment robot_2/base_footprint
[robot_state_publisher-15] [INFO] [1789488496.122640575] [robot_2.robot_state_publisher]: got segment robot_2/base_link
[robot_state_publisher-15] [INFO] [1789488496.122649667] [robot_2.robot_state_publisher]: got segment robot_2/realsense_link
[robot_state_publisher-15] [INFO] [1789488496.122658275] [robot_2.robot_state_publisher]: got segment robot_2/rocker_L_link
[robot_state_publisher-15] [INFO] [1789488496.122666929] [robot_2.robot_state_publisher]: got segment robot_2/rocker_R_link
[robot_state_publisher-15] [INFO] [1789488496.122675048] [robot_2.robot_state_publisher]: got segment robot_2/wheel_FL_link
[robot_state_publisher-15] [INFO] [1789488496.122682861] [robot_2.robot_state_publisher]: got segment robot_2/wheel_FR_link
[robot_state_publisher-15] [INFO] [1789488496.122690660] [robot_2.robot_state_publisher]: got segment robot_2/wheel_RL_link
[robot_state_publisher-15] [INFO] [1789488496.122697405] [robot_2.robot_state_publisher]: got segment robot_2/wheel_RR_link
[parameter_bridge-19] [INFO] [1789488496.254735429] [clock_bridge]: Creating GZ->ROS Bridge: [/clock (ignition.msgs.Clock) -> /clock (rosgraph_msgs/msg/Clock)] (Lazy 0)
[bump_counter-5] [INFO] [1789488497.375728690] [bump_counter]: [global] global_mode=True cooldown(robot)=0.80s cooldown(obs)=0.50s Logging to /home/ecem/sct_ws/src/llm_sct/RESULTS_LAST/baseline/balanced_delivery/seed_1008/supervisor/run_20260915_180814_740670445/bumps_global.csv
[simulation_video_recorder-3] [INFO] [1789488497.560442084] [simulation_video_recorder]: Simulation video recording disabled for this run
[create-8] [INFO] [1789488497.617242669] [robot_0.ros_gz_sim]: Waiting messages on topic [/robot_0/robot_description].
[create-16] [INFO] [1789488497.823754445] [robot_2.ros_gz_sim]: Waiting messages on topic [/robot_2/robot_description].
[create-8] [INFO] [1789488497.922754890] [robot_0.ros_gz_sim]: Requested creation of entity.
[create-8] [INFO] [1789488497.922809993] [robot_0.ros_gz_sim]: OK creation of entity.
[create-12] [INFO] [1789488497.923686628] [robot_1.ros_gz_sim]: Waiting messages on topic [/robot_1/robot_description].
[create-16] [INFO] [1789488497.925223452] [robot_2.ros_gz_sim]: Requested creation of entity.
[create-16] [INFO] [1789488497.925584627] [robot_2.ros_gz_sim]: OK creation of entity.
[create-12] [INFO] [1789488498.022539659] [robot_1.ros_gz_sim]: Requested creation of entity.
[create-12] [INFO] [1789488498.022596383] [robot_1.ros_gz_sim]: OK creation of entity.
[bump_counter-5] [INFO] [1789488498.048841969] [bump_counter]: [global] subscribed: /world/random_world/model/robot_0/link/robot_0/base_footprint/sensor/contact_sensor/contact
[bump_counter-5] [INFO] [1789488498.050660815] [bump_counter]: [global] subscribed: /world/random_world/model/robot_1/link/robot_1/base_footprint/sensor/contact_sensor/contact
[bump_counter-5] [INFO] [1789488498.051674866] [bump_counter]: [global] subscribed: /world/random_world/model/robot_2/link/robot_2/base_footprint/sensor/contact_sensor/contact
[INFO] [create-8]: process has finished cleanly [pid 69051]
[INFO] [create-16]: process has finished cleanly [pid 69136]
[INFO] [balanced_delivery_supervisor-20]: process started with pid [70012]
[INFO] [stuck_recovery-21]: process started with pid [70014]
[INFO] [balanced_delivery_supervisor-22]: process started with pid [70016]
[INFO] [stuck_recovery-23]: process started with pid [70018]
[INFO] [create-12]: process has finished cleanly [pid 69082]
[INFO] [balanced_delivery_supervisor-24]: process started with pid [70020]
[INFO] [stuck_recovery-25]: process started with pid [70022]
[stuck_recovery-23] [INFO] [1789488500.259621342] [robot_2.stuck_recovery]: Shared stuck recovery active: cmd_vel_supervisor -> cmd_vel (reverse -> turn -> forward)
[parameter_bridge-6] [INFO] [1789488500.260748285] [all_robots_bridge]: Passing message from ROS geometry_msgs/msg/Twist to Gazebo gz.msgs.Twist (showing msg only once per type)
[INFO] [image_processor-26]: process started with pid [70186]
[INFO] [color_detector-27]: process started with pid [70188]
[stuck_recovery-21] [INFO] [1789488500.298579740] [robot_0.stuck_recovery]: Shared stuck recovery active: cmd_vel_supervisor -> cmd_vel (reverse -> turn -> forward)
[INFO] [image_processor-28]: process started with pid [70202]
[INFO] [color_detector-29]: process started with pid [70204]
[INFO] [image_processor-30]: process started with pid [70221]
[INFO] [color_detector-31]: process started with pid [70230]
[stuck_recovery-25] [INFO] [1789488500.759572434] [robot_1.stuck_recovery]: Shared stuck recovery active: cmd_vel_supervisor -> cmd_vel (reverse -> turn -> forward)
[balanced_delivery_supervisor-20] [INFO] [1789488501.562796059] [robot_0.robot_supervisor]: Loaded initial mission 'balanced_delivery' from explicit YAML supervisor.yaml
[balanced_delivery_supervisor-20] [INFO] [1789488501.726830973] [robot_0.robot_supervisor]: Selected controllable event: EV_search_object
[ign gazebo-1] libEGL warning: egl: failed to create dri2 screen
[balanced_delivery_supervisor-20] [INFO] [1789488501.845182337] [robot_0.robot_supervisor]: Selected controllable event: EV_search_object
[ign gazebo-1] libEGL warning: egl: failed to create dri2 screen
[balanced_delivery_supervisor-20] [INFO] [1789488502.036244510] [robot_0.robot_supervisor]: Selected controllable event: EV_move_forward
[balanced_delivery_supervisor-20] [INFO] [1789488502.332143203] [robot_0.robot_supervisor]: Selected controllable event: EV_move_forward
[balanced_delivery_supervisor-22] [INFO] [1789488502.526354751] [robot_2.robot_supervisor]: Loaded initial mission 'balanced_delivery' from explicit YAML supervisor.yaml
[balanced_delivery_supervisor-20] [INFO] [1789488502.632964631] [robot_0.robot_supervisor]: Selected controllable event: EV_move_forward
[balanced_delivery_supervisor-22] [INFO] [1789488502.686914292] [robot_2.robot_supervisor]: Selected controllable event: EV_move_forward
[balanced_delivery_supervisor-24] [INFO] [1789488502.724630916] [robot_1.robot_supervisor]: Loaded initial mission 'balanced_delivery' from explicit YAML supervisor.yaml
[balanced_delivery_supervisor-24] [INFO] [1789488502.870594439] [robot_1.robot_supervisor]: Selected controllable event: EV_move_forward
[balanced_delivery_supervisor-20] [INFO] [1789488502.931299785] [robot_0.robot_supervisor]: Selected controllable event: EV_move_forward
[balanced_delivery_supervisor-22] [INFO] [1789488502.994543119] [robot_2.robot_supervisor]: Selected controllable event: EV_move_forward
[balanced_delivery_supervisor-24] [INFO] [1789488503.075484260] [robot_1.robot_supervisor]: Selected controllable event: EV_move_forward
[balanced_delivery_supervisor-20] [INFO] [1789488503.243186013] [robot_0.robot_supervisor]: Selected controllable event: EV_move_forward
[balanced_delivery_supervisor-22] [INFO] [1789488503.284950323] [robot_2.robot_supervisor]: Selected controllable event: EV_search_object
[balanced_delivery_supervisor-24] [INFO] [1789488503.374360712] [robot_1.robot_supervisor]: Selected controllable event: EV_search_object
[balanced_delivery_supervisor-22] [INFO] [1789488503.388247214] [robot_2.robot_supervisor]: Selected controllable event: EV_search_object
[balanced_delivery_supervisor-20] [INFO] [1789488503.444528389] [robot_0.robot_supervisor]: Selected controllable event: EV_search_object
[balanced_delivery_supervisor-24] [INFO] [1789488503.575665117] [robot_1.robot_supervisor]: Selected controllable event: EV_move_forward
[balanced_delivery_supervisor-22] [INFO] [1789488503.597237028] [robot_2.robot_supervisor]: Selected controllable event: EV_search_object
[balanced_delivery_supervisor-20] [INFO] [1789488503.638237346] [robot_0.robot_supervisor]: Selected controllable event: EV_move_forward
[balanced_delivery_supervisor-22] [INFO] [1789488503.701001382] [robot_2.robot_supervisor]: Selected controllable event: EV_move_forward
[balanced_delivery_supervisor-24] [INFO] [1789488503.883831152] [robot_1.robot_supervisor]: Selected controllable event: EV_search_object
[balanced_delivery_supervisor-20] [INFO] [1789488503.933525375] [robot_0.robot_supervisor]: Selected controllable event: EV_search_object
[balanced_delivery_supervisor-24] [INFO] [1789488503.987832187] [robot_1.robot_supervisor]: Selected controllable event: EV_move_forward
[balanced_delivery_supervisor-22] [INFO] [1789488504.000985131] [robot_2.robot_supervisor]: Selected controllable event: EV_move_forward
[balanced_delivery_supervisor-20] [INFO] [1789488504.131570386] [robot_0.robot_supervisor]: Selected controllable event: EV_search_object
[image_processor-28] [INFO] [1789488504.132288196] [robot_2.image_processor]: Argmin zone detector listening on '/robot_2/depth_camera/depth_image'
[image_processor-26] [INFO] [1789488504.168764837] [robot_0.image_processor]: Argmin zone detector listening on '/robot_0/depth_camera/depth_image'
[balanced_delivery_supervisor-20] [INFO] [1789488504.233240260] [robot_0.robot_supervisor]: Selected controllable event: EV_move_forward
[balanced_delivery_supervisor-24] [INFO] [1789488504.284269631] [robot_1.robot_supervisor]: Selected controllable event: EV_move_forward
[balanced_delivery_supervisor-22] [INFO] [1789488504.287488858] [robot_2.robot_supervisor]: Selected controllable event: EV_search_object
[image_processor-30] [INFO] [1789488504.292038716] [robot_1.image_processor]: Argmin zone detector listening on '/robot_1/depth_camera/depth_image'
[color_detector-31] [INFO] [1789488504.364914364] [robot_1.target_detector]: Color detector listening on RGB '/robot_1/depth_camera/image'; reached uses world poses
[color_detector-27] [INFO] [1789488504.387689122] [robot_0.target_detector]: Color detector listening on RGB '/robot_0/depth_camera/image'; reached uses world poses
[color_detector-29] [INFO] [1789488504.457112738] [robot_2.target_detector]: Color detector listening on RGB '/robot_2/depth_camera/image'; reached uses world poses
[balanced_delivery_supervisor-22] [INFO] [1789488504.477674061] [robot_2.robot_supervisor]: Selected controllable event: EV_move_forward
[balanced_delivery_supervisor-20] [INFO] [1789488504.523394986] [robot_0.robot_supervisor]: Selected controllable event: EV_search_object
[balanced_delivery_supervisor-24] [INFO] [1789488504.566512287] [robot_1.robot_supervisor]: Selected controllable event: EV_move_forward
[balanced_delivery_supervisor-20] [INFO] [1789488504.723190279] [robot_0.robot_supervisor]: Selected controllable event: EV_move_forward
[balanced_delivery_supervisor-22] [INFO] [1789488504.777685257] [robot_2.robot_supervisor]: Selected controllable event: EV_move_forward
[balanced_delivery_supervisor-24] [INFO] [1789488504.866529219] [robot_1.robot_supervisor]: Selected controllable event: EV_search_object
[balanced_delivery_supervisor-20] [INFO] [1789488505.022870608] [robot_0.robot_supervisor]: Selected controllable event: EV_move_forward
[balanced_delivery_supervisor-24] [INFO] [1789488505.066613532] [robot_1.robot_supervisor]: Selected controllable event: EV_move_forward
[balanced_delivery_supervisor-22] [INFO] [1789488505.077653832] [robot_2.robot_supervisor]: Selected controllable event: EV_search_object
[balanced_delivery_supervisor-22] [INFO] [1789488505.277645175] [robot_2.robot_supervisor]: Selected controllable event: EV_search_object
[balanced_delivery_supervisor-20] [INFO] [1789488505.323142482] [robot_0.robot_supervisor]: Selected controllable event: EV_move_forward
[balanced_delivery_supervisor-24] [INFO] [1789488505.366425537] [robot_1.robot_supervisor]: Selected controllable event: EV_move_forward
[balanced_delivery_supervisor-22] [INFO] [1789488505.477667200] [robot_2.robot_supervisor]: Selected controllable event: EV_move_forward
[balanced_delivery_supervisor-20] [INFO] [1789488505.623185128] [robot_0.robot_supervisor]: Selected controllable event: EV_move_forward
[balanced_delivery_supervisor-24] [INFO] [1789488505.666457057] [robot_1.robot_supervisor]: Selected controllable event: EV_move_forward
[balanced_delivery_supervisor-22] [INFO] [1789488505.777638083] [robot_2.robot_supervisor]: Selected controllable event: EV_search_object
[balanced_delivery_supervisor-20] [INFO] [1789488505.923277219] [robot_0.robot_supervisor]: Selected controllable event: EV_move_forward
[balanced_delivery_supervisor-24] [INFO] [1789488505.966524164] [robot_1.robot_supervisor]: Selected controllable event: EV_move_forward
[balanced_delivery_supervisor-22] [INFO] [1789488505.977545742] [robot_2.robot_supervisor]: Selected controllable event: EV_search_object
[balanced_delivery_supervisor-22] [INFO] [1789488506.177709128] [robot_2.robot_supervisor]: Selected controllable event: EV_search_object
[balanced_delivery_supervisor-20] [INFO] [1789488506.223267421] [robot_0.robot_supervisor]: Selected controllable event: EV_move_forward
[balanced_delivery_supervisor-24] [INFO] [1789488506.266495273] [robot_1.robot_supervisor]: Selected controllable event: EV_move_forward
[balanced_delivery_supervisor-22] [INFO] [1789488506.377680498] [robot_2.robot_supervisor]: Selected controllable event: EV_move_forward
[balanced_delivery_supervisor-20] [INFO] [1789488506.523214248] [robot_0.robot_supervisor]: Selected controllable event: EV_search_object
[balanced_delivery_supervisor-24] [INFO] [1789488506.566520166] [robot_1.robot_supervisor]: Selected controllable event: EV_search_object
[balanced_delivery_supervisor-20] [INFO] [1789488506.628057304] [robot_0.robot_supervisor]: Selected controllable event: EV_search_object
[balanced_delivery_supervisor-22] [INFO] [1789488506.677723763] [robot_2.robot_supervisor]: Selected controllable event: EV_move_forward
[balanced_delivery_supervisor-24] [INFO] [1789488506.766638369] [robot_1.robot_supervisor]: Selected controllable event: EV_move_forward
[balanced_delivery_supervisor-20] [INFO] [1789488506.826215658] [robot_0.robot_supervisor]: Selected controllable event: EV_move_forward
[balanced_delivery_supervisor-22] [INFO] [1789488506.977816490] [robot_2.robot_supervisor]: Selected controllable event: EV_search_object
[balanced_delivery_supervisor-24] [INFO] [1789488507.075694976] [robot_1.robot_supervisor]: Selected controllable event: EV_move_forward
[balanced_delivery_supervisor-22] [INFO] [1789488507.107572322] [robot_2.robot_supervisor]: Triggered uncontrollable event: EV_object_not_visible
[balanced_delivery_supervisor-22] [INFO] [1789488507.120028450] [robot_2.robot_supervisor]: Selected controllable event: EV_move_forward
[balanced_delivery_supervisor-20] [INFO] [1789488507.134043475] [robot_0.robot_supervisor]: Triggered uncontrollable event: EV_object_not_visible
[balanced_delivery_supervisor-20] [INFO] [1789488507.150483123] [robot_0.robot_supervisor]: Selected controllable event: EV_move_forward
[balanced_delivery_supervisor-24] [INFO] [1789488507.279401470] [robot_1.robot_supervisor]: Triggered uncontrollable event: EV_object_not_visible
[balanced_delivery_supervisor-24] [INFO] [1789488507.302040162] [robot_1.robot_supervisor]: Selected controllable event: EV_search_object
[balanced_delivery_supervisor-22] [INFO] [1789488507.388639292] [robot_2.robot_supervisor]: Selected controllable event: EV_move_forward
[balanced_delivery_supervisor-20] [INFO] [1789488507.424432943] [robot_0.robot_supervisor]: Selected controllable event: EV_move_forward
[balanced_delivery_supervisor-24] [INFO] [1789488507.487078555] [robot_1.robot_supervisor]: Selected controllable event: EV_search_object
[balanced_delivery_supervisor-22] [INFO] [1789488507.677823771] [robot_2.robot_supervisor]: Selected controllable event: EV_move_forward
[balanced_delivery_supervisor-24] [INFO] [1789488507.679540100] [robot_1.robot_supervisor]: Selected controllable event: EV_move_forward
[balanced_delivery_supervisor-20] [INFO] [1789488507.724356146] [robot_0.robot_supervisor]: Selected controllable event: EV_move_forward
[balanced_delivery_supervisor-22] [INFO] [1789488507.897570332] [robot_2.robot_supervisor]: ############################# REACHED: EV_object_reached #############################
[balanced_delivery_supervisor-22] [INFO] [1789488507.898465701] [robot_2.robot_supervisor]: Selected controllable event: EV_pick_up_object
[balanced_delivery_supervisor-24] [INFO] [1789488507.899906887] [robot_1.robot_supervisor]: Selected controllable event: EV_move_forward
[balanced_delivery_supervisor-22] [INFO] [1789488508.015535269] [robot_2.robot_supervisor]: Cargo 'robot_2_carried_generic_box' placed on robot.
[balanced_delivery_supervisor-20] [INFO] [1789488508.043051489] [robot_0.robot_supervisor]: Triggered uncontrollable event: EV_object_not_visible
[balanced_delivery_supervisor-20] [INFO] [1789488508.043842726] [robot_0.robot_supervisor]: Selected controllable event: EV_search_object
[balanced_delivery_supervisor-24] [INFO] [1789488508.187908025] [robot_1.robot_supervisor]: ############################# VISIBLE: EV_object_visible #############################
[balanced_delivery_supervisor-24] [INFO] [1789488508.188750946] [robot_1.robot_supervisor]: Selected controllable event: EV_move_forward
[balanced_delivery_supervisor-22] [INFO] [1789488508.194744320] [robot_2.robot_supervisor]: Selected controllable event: EV_search_zone
[balanced_delivery_supervisor-20] [INFO] [1789488508.229439553] [robot_0.robot_supervisor]: Selected controllable event: EV_move_forward
[balanced_delivery_supervisor-22] [INFO] [1789488508.404021254] [robot_2.robot_supervisor]: Selected controllable event: EV_move_forward
[balanced_delivery_supervisor-24] [INFO] [1789488508.473594933] [robot_1.robot_supervisor]: Selected controllable event: EV_approach_object
[balanced_delivery_supervisor-20] [INFO] [1789488508.539701518] [robot_0.robot_supervisor]: Selected controllable event: EV_move_forward
[balanced_delivery_supervisor-24] [INFO] [1789488508.679583668] [robot_1.robot_supervisor]: ############################# VISIBLE: EV_object_visible #############################
[balanced_delivery_supervisor-24] [INFO] [1789488508.680417798] [robot_1.robot_supervisor]: Selected controllable event: EV_approach_object
[balanced_delivery_supervisor-22] [INFO] [1789488508.692053695] [robot_2.robot_supervisor]: Triggered uncontrollable event: EV_zone_a_not_visible
[balanced_delivery_supervisor-22] [INFO] [1789488508.692758169] [robot_2.robot_supervisor]: Triggered uncontrollable event: EV_zone_b_not_visible
[balanced_delivery_supervisor-22] [INFO] [1789488508.693646346] [robot_2.robot_supervisor]: Selected controllable event: EV_search_zone
[balanced_delivery_supervisor-20] [INFO] [1789488508.840499107] [robot_0.robot_supervisor]: ############################# VISIBLE: EV_object_visible #############################
[balanced_delivery_supervisor-20] [INFO] [1789488508.841356250] [robot_0.robot_supervisor]: Selected controllable event: EV_approach_object
[balanced_delivery_supervisor-22] [INFO] [1789488508.889076773] [robot_2.robot_supervisor]: Selected controllable event: EV_search_zone
[balanced_delivery_supervisor-24] [INFO] [1789488508.968107032] [robot_1.robot_supervisor]: Selected controllable event: EV_move_forward
[balanced_delivery_supervisor-22] [INFO] [1789488509.005072013] [robot_2.robot_supervisor]: Selected controllable event: EV_search_zone
[balanced_delivery_supervisor-20] [INFO] [1789488509.138598662] [robot_0.robot_supervisor]: Selected controllable event: EV_move_forward
[balanced_delivery_supervisor-24] [INFO] [1789488509.186908090] [robot_1.robot_supervisor]: Selected controllable event: EV_approach_object
[balanced_delivery_supervisor-22] [INFO] [1789488509.193122100] [robot_2.robot_supervisor]: Selected controllable event: EV_search_zone
[balanced_delivery_supervisor-20] [INFO] [1789488509.368683118] [robot_0.robot_supervisor]: Selected controllable event: EV_move_forward
[balanced_delivery_supervisor-22] [INFO] [1789488509.388212621] [robot_2.robot_supervisor]: Selected controllable event: EV_search_zone
[balanced_delivery_supervisor-24] [INFO] [1789488509.402392609] [robot_1.robot_supervisor]: Selected controllable event: EV_move_forward
[balanced_delivery_supervisor-22] [INFO] [1789488509.507916176] [robot_2.robot_supervisor]: Triggered uncontrollable event: EV_zone_a_not_visible
[balanced_delivery_supervisor-22] [INFO] [1789488509.508578746] [robot_2.robot_supervisor]: Triggered uncontrollable event: EV_obstacle_left
[balanced_delivery_supervisor-22] [INFO] [1789488509.527477886] [robot_2.robot_supervisor]: Triggered uncontrollable event: EV_zone_b_not_visible
[balanced_delivery_supervisor-22] [INFO] [1789488509.528448394] [robot_2.robot_supervisor]: Selected controllable event: EV_u_turn
[balanced_delivery_supervisor-22] [INFO] [1789488509.529216260] [robot_2.robot_supervisor]: Starting FULL ROTATE (omega=1.000, have_odom=True, target_rad=3.142, timeout_s=3.500)
[balanced_delivery_supervisor-20] [INFO] [1789488509.626204764] [robot_0.robot_supervisor]: ############################# VISIBLE: EV_object_visible #############################
[balanced_delivery_supervisor-20] [INFO] [1789488509.658829874] [robot_0.robot_supervisor]: Selected controllable event: EV_move_forward
[balanced_delivery_supervisor-24] [INFO] [1789488509.710557051] [robot_1.robot_supervisor]: ############################# REACHED: EV_object_reached #############################
[balanced_delivery_supervisor-24] [INFO] [1789488509.713506989] [robot_1.robot_supervisor]: Selected controllable event: EV_pick_up_object
[balanced_delivery_supervisor-24] [INFO] [1789488509.749902525] [robot_1.robot_supervisor]: Cargo 'robot_1_carried_generic_box' placed on robot.
[balanced_delivery_supervisor-20] [INFO] [1789488509.933139957] [robot_0.robot_supervisor]: Selected controllable event: EV_move_forward
[balanced_delivery_supervisor-24] [INFO] [1789488509.991949938] [robot_1.robot_supervisor]: Selected controllable event: EV_search_zone
[balanced_delivery_supervisor-20] [INFO] [1789488510.162866897] [robot_0.robot_supervisor]: ############################# VISIBLE: EV_object_visible #############################
[balanced_delivery_supervisor-20] [INFO] [1789488510.163841866] [robot_0.robot_supervisor]: Selected controllable event: EV_approach_object
[balanced_delivery_supervisor-24] [INFO] [1789488510.186817711] [robot_1.robot_supervisor]: Selected controllable event: EV_move_forward
[balanced_delivery_supervisor-20] [INFO] [1789488510.435640054] [robot_0.robot_supervisor]: Selected controllable event: EV_move_forward
[balanced_delivery_supervisor-24] [INFO] [1789488510.492759513] [robot_1.robot_supervisor]: Triggered uncontrollable event: EV_zone_a_not_visible
[balanced_delivery_supervisor-24] [INFO] [1789488510.494615180] [robot_1.robot_supervisor]: Triggered uncontrollable event: EV_zone_b_not_visible
[balanced_delivery_supervisor-24] [INFO] [1789488510.502259266] [robot_1.robot_supervisor]: Selected controllable event: EV_move_forward
[balanced_delivery_supervisor-20] [INFO] [1789488510.753183444] [robot_0.robot_supervisor]: Selected controllable event: EV_move_forward
[balanced_delivery_supervisor-24] [INFO] [1789488510.779369017] [robot_1.robot_supervisor]: Selected controllable event: EV_move_forward
[balanced_delivery_supervisor-20] [INFO] [1789488511.034518630] [robot_0.robot_supervisor]: ############################# VISIBLE: EV_object_visible #############################
[balanced_delivery_supervisor-20] [INFO] [1789488511.037977975] [robot_0.robot_supervisor]: Selected controllable event: EV_move_forward
[balanced_delivery_supervisor-24] [INFO] [1789488511.087637287] [robot_1.robot_supervisor]: Triggered uncontrollable event: EV_zone_a_not_visible
[balanced_delivery_supervisor-24] [INFO] [1789488511.090185088] [robot_1.robot_supervisor]: Triggered uncontrollable event: EV_zone_b_not_visible
[balanced_delivery_supervisor-24] [INFO] [1789488511.098111546] [robot_1.robot_supervisor]: Selected controllable event: EV_move_forward
[balanced_delivery_supervisor-20] [INFO] [1789488511.349762116] [robot_0.robot_supervisor]: Selected controllable event: EV_move_forward
[balanced_delivery_supervisor-24] [INFO] [1789488511.401538206] [robot_1.robot_supervisor]: Selected controllable event: EV_move_forward
[balanced_delivery_supervisor-20] [INFO] [1789488511.642595671] [robot_0.robot_supervisor]: Selected controllable event: EV_move_forward
[balanced_delivery_supervisor-24] [INFO] [1789488511.687654022] [robot_1.robot_supervisor]: Selected controllable event: EV_search_zone
[balanced_delivery_supervisor-24] [INFO] [1789488511.878055404] [robot_1.robot_supervisor]: Triggered uncontrollable event: EV_zone_a_not_visible
[balanced_delivery_supervisor-24] [INFO] [1789488511.886141244] [robot_1.robot_supervisor]: Triggered uncontrollable event: EV_zone_b_not_visible
[balanced_delivery_supervisor-24] [INFO] [1789488511.890354073] [robot_1.robot_supervisor]: Selected controllable event: EV_move_forward
[balanced_delivery_supervisor-20] [INFO] [1789488511.930860078] [robot_0.robot_supervisor]: ############################# REACHED: EV_object_reached #############################
[balanced_delivery_supervisor-20] [INFO] [1789488511.937044032] [robot_0.robot_supervisor]: Selected controllable event: EV_move_forward
[balanced_delivery_supervisor-24] [INFO] [1789488512.197428015] [robot_1.robot_supervisor]: Selected controllable event: EV_move_forward
[balanced_delivery_supervisor-20] [INFO] [1789488512.247233994] [robot_0.robot_supervisor]: Selected controllable event: EV_move_forward
[balanced_delivery_supervisor-24] [INFO] [1789488512.490312374] [robot_1.robot_supervisor]: Selected controllable event: EV_move_forward
[balanced_delivery_supervisor-20] [INFO] [1789488512.540099275] [robot_0.robot_supervisor]: ############################# REACHED: EV_object_reached #############################
[balanced_delivery_supervisor-20] [INFO] [1789488512.544630648] [robot_0.robot_supervisor]: Selected controllable event: EV_move_forward
[balanced_delivery_supervisor-24] [INFO] [1789488512.777406552] [robot_1.robot_supervisor]: Triggered uncontrollable event: EV_zone_a_not_visible
[balanced_delivery_supervisor-24] [INFO] [1789488512.782318233] [robot_1.robot_supervisor]: Triggered uncontrollable event: EV_zone_b_not_visible
[balanced_delivery_supervisor-24] [INFO] [1789488512.783759298] [robot_1.robot_supervisor]: Selected controllable event: EV_move_forward
[balanced_delivery_supervisor-20] [INFO] [1789488512.830867930] [robot_0.robot_supervisor]: Selected controllable event: EV_move_forward
[balanced_delivery_supervisor-24] [INFO] [1789488513.081815204] [robot_1.robot_supervisor]: Selected controllable event: EV_search_zone
[balanced_delivery_supervisor-22] [INFO] [1789488513.092749556] [robot_2.robot_supervisor]: FULL ROTATE completed by timeout
[balanced_delivery_supervisor-20] [INFO] [1789488513.133299009] [robot_0.robot_supervisor]: Selected controllable event: EV_pick_up_object
[balanced_delivery_supervisor-20] [INFO] [1789488513.181321303] [robot_0.robot_supervisor]: Cargo 'robot_0_carried_generic_box' placed on robot.
[balanced_delivery_supervisor-24] [INFO] [1789488513.285128644] [robot_1.robot_supervisor]: Selected controllable event: EV_move_forward
[balanced_delivery_supervisor-22] [INFO] [1789488513.291617577] [robot_2.robot_supervisor]: Triggered uncontrollable event: EV_zone_a_not_visible
[balanced_delivery_supervisor-22] [INFO] [1789488513.292202942] [robot_2.robot_supervisor]: Triggered uncontrollable event: EV_zone_b_not_visible
[balanced_delivery_supervisor-22] [INFO] [1789488513.310102495] [robot_2.robot_supervisor]: Selected controllable event: EV_move_forward
[balanced_delivery_supervisor-20] [INFO] [1789488513.429355667] [robot_0.robot_supervisor]: Triggered uncontrollable event: EV_zone_b_not_visible
[balanced_delivery_supervisor-20] [INFO] [1789488513.434329432] [robot_0.robot_supervisor]: Selected controllable event: EV_search_zone
[balanced_delivery_supervisor-24] [INFO] [1789488513.566636270] [robot_1.robot_supervisor]: Triggered uncontrollable event: EV_zone_a_not_visible
[balanced_delivery_supervisor-24] [INFO] [1789488513.567257380] [robot_1.robot_supervisor]: Triggered uncontrollable event: EV_zone_b_not_visible
[balanced_delivery_supervisor-24] [INFO] [1789488513.567888616] [robot_1.robot_supervisor]: Selected controllable event: EV_move_forward
[balanced_delivery_supervisor-22] [INFO] [1789488513.589876379] [robot_2.robot_supervisor]: Selected controllable event: EV_search_zone
[balanced_delivery_supervisor-20] [INFO] [1789488513.631999936] [robot_0.robot_supervisor]: Selected controllable event: EV_move_forward
[balanced_delivery_supervisor-22] [INFO] [1789488513.702555622] [robot_2.robot_supervisor]: Selected controllable event: EV_search_zone
[balanced_delivery_supervisor-20] [INFO] [1789488513.846253503] [robot_0.robot_supervisor]: Triggered uncontrollable event: EV_zone_b_not_visible
[balanced_delivery_supervisor-20] [INFO] [1789488513.849973871] [robot_0.robot_supervisor]: Triggered uncontrollable event: EV_zone_a_reached
[balanced_delivery_supervisor-20] [INFO] [1789488513.856924269] [robot_0.robot_supervisor]: Selected controllable event: EV_search_zone
[balanced_delivery_supervisor-22] [INFO] [1789488513.881336672] [robot_2.robot_supervisor]: Triggered uncontrollable event: EV_zone_a_visible
[balanced_delivery_supervisor-22] [INFO] [1789488513.881914140] [robot_2.robot_supervisor]: Triggered uncontrollable event: EV_zone_b_not_visible
[balanced_delivery_supervisor-22] [INFO] [1789488513.882617131] [robot_2.robot_supervisor]: Selected controllable event: EV_move_forward
[balanced_delivery_supervisor-24] [INFO] [1789488513.884368511] [robot_1.robot_supervisor]: Triggered uncontrollable event: EV_zone_a_not_visible
[balanced_delivery_supervisor-24] [INFO] [1789488513.889681673] [robot_1.robot_supervisor]: Triggered uncontrollable event: EV_zone_b_not_visible
[balanced_delivery_supervisor-24] [INFO] [1789488513.894564390] [robot_1.robot_supervisor]: Selected controllable event: EV_move_forward
[balanced_delivery_supervisor-20] [INFO] [1789488514.038124631] [robot_0.robot_supervisor]: Selected controllable event: EV_move_forward
[balanced_delivery_supervisor-24] [INFO] [1789488514.179774929] [robot_1.robot_supervisor]: Selected controllable event: EV_search_zone
[balanced_delivery_supervisor-22] [INFO] [1789488514.188533060] [robot_2.robot_supervisor]: Selected controllable event: EV_move_forward
[color_detector-27] [INFO] [1789488514.224960196] [robot_0.target_detector]: RGB HEARTBEAT frames_total=10 recent_rate_hz=0.959 last_frame_age_s=0.508 status=OK
[color_detector-31] [INFO] [1789488514.228671290] [robot_1.target_detector]: RGB HEARTBEAT frames_total=10 recent_rate_hz=0.985 last_frame_age_s=0.442 status=OK
[color_detector-29] [INFO] [1789488514.238134349] [robot_2.target_detector]: RGB HEARTBEAT frames_total=10 recent_rate_hz=0.985 last_frame_age_s=0.456 status=OK
[balanced_delivery_supervisor-20] [INFO] [1789488514.341312839] [robot_0.robot_supervisor]: Triggered uncontrollable event: EV_zone_a_reached
[balanced_delivery_supervisor-20] [INFO] [1789488514.354274576] [robot_0.robot_supervisor]: Selected controllable event: EV_search_zone
[balanced_delivery_supervisor-24] [INFO] [1789488514.394755300] [robot_1.robot_supervisor]: Selected controllable event: EV_search_zone
[balanced_delivery_supervisor-22] [INFO] [1789488514.487691956] [robot_2.robot_supervisor]: Triggered uncontrollable event: EV_zone_a_visible
[balanced_delivery_supervisor-22] [INFO] [1789488514.498961001] [robot_2.robot_supervisor]: Triggered uncontrollable event: EV_zone_b_not_visible
[balanced_delivery_supervisor-22] [INFO] [1789488514.500970560] [robot_2.robot_supervisor]: Selected controllable event: EV_approach_zone
[balanced_delivery_supervisor-20] [INFO] [1789488514.555994340] [robot_0.robot_supervisor]: Triggered uncontrollable event: EV_zone_b_not_visible
[balanced_delivery_supervisor-20] [INFO] [1789488514.556816693] [robot_0.robot_supervisor]: Selected controllable event: EV_search_zone
[balanced_delivery_supervisor-24] [INFO] [1789488514.580705340] [robot_1.robot_supervisor]: Triggered uncontrollable event: EV_zone_a_not_visible
[balanced_delivery_supervisor-24] [INFO] [1789488514.587776248] [robot_1.robot_supervisor]: Triggered uncontrollable event: EV_zone_b_not_visible
[balanced_delivery_supervisor-24] [INFO] [1789488514.593530290] [robot_1.robot_supervisor]: Selected controllable event: EV_search_zone
[balanced_delivery_supervisor-20] [INFO] [1789488514.743563096] [robot_0.robot_supervisor]: Selected controllable event: EV_move_forward
[balanced_delivery_supervisor-24] [INFO] [1789488514.777702792] [robot_1.robot_supervisor]: Selected controllable event: EV_move_forward
[balanced_delivery_supervisor-22] [INFO] [1789488514.790341981] [robot_2.robot_supervisor]: Selected controllable event: EV_approach_zone
[balanced_delivery_supervisor-20] [INFO] [1789488514.977547140] [robot_0.robot_supervisor]: Selected controllable event: EV_move_forward
[balanced_delivery_supervisor-22] [INFO] [1789488515.011525035] [robot_2.robot_supervisor]: Selected controllable event: EV_move_forward
[balanced_delivery_supervisor-24] [INFO] [1789488515.075186434] [robot_1.robot_supervisor]: Selected controllable event: EV_move_forward
[balanced_delivery_supervisor-20] [INFO] [1789488515.232314007] [robot_0.robot_supervisor]: Triggered uncontrollable event: EV_zone_a_not_visible
[balanced_delivery_supervisor-20] [INFO] [1789488515.238454514] [robot_0.robot_supervisor]: Triggered uncontrollable event: EV_zone_b_not_visible
[balanced_delivery_supervisor-20] [INFO] [1789488515.248728256] [robot_0.robot_supervisor]: Selected controllable event: EV_move_forward
[balanced_delivery_supervisor-24] [INFO] [1789488515.279996072] [robot_1.robot_supervisor]: Triggered uncontrollable event: EV_zone_a_not_visible
[balanced_delivery_supervisor-24] [INFO] [1789488515.280706548] [robot_1.robot_supervisor]: Triggered uncontrollable event: EV_zone_b_not_visible
[balanced_delivery_supervisor-24] [INFO] [1789488515.291381356] [robot_1.robot_supervisor]: Selected controllable event: EV_search_zone
[balanced_delivery_supervisor-22] [INFO] [1789488515.313720392] [robot_2.robot_supervisor]: Triggered uncontrollable event: EV_zone_a_visible
[balanced_delivery_supervisor-22] [INFO] [1789488515.317359748] [robot_2.robot_supervisor]: Triggered uncontrollable event: EV_zone_b_visible
[balanced_delivery_supervisor-22] [INFO] [1789488515.319280869] [robot_2.robot_supervisor]: Selected controllable event: EV_move_forward
[balanced_delivery_supervisor-24] [INFO] [1789488515.477212117] [robot_1.robot_supervisor]: Selected controllable event: EV_search_zone
[balanced_delivery_supervisor-20] [INFO] [1789488515.528835535] [robot_0.robot_supervisor]: Selected controllable event: EV_move_forward
[balanced_delivery_supervisor-22] [INFO] [1789488515.587056921] [robot_2.robot_supervisor]: Selected controllable event: EV_approach_zone
[balanced_delivery_supervisor-24] [INFO] [1789488515.675692798] [robot_1.robot_supervisor]: Selected controllable event: EV_search_zone
[balanced_delivery_supervisor-20] [INFO] [1789488515.752349839] [robot_0.robot_supervisor]: Triggered uncontrollable event: EV_zone_a_not_visible
[balanced_delivery_supervisor-20] [INFO] [1789488515.765386551] [robot_0.robot_supervisor]: Selected controllable event: EV_move_forward
[balanced_delivery_supervisor-24] [INFO] [1789488515.797654369] [robot_1.robot_supervisor]: Selected controllable event: EV_move_forward
[balanced_delivery_supervisor-22] [INFO] [1789488515.797113435] [robot_2.robot_supervisor]: Selected controllable event: EV_move_forward
[balanced_delivery_supervisor-20] [INFO] [1789488516.039123915] [robot_0.robot_supervisor]: Triggered uncontrollable event: EV_zone_b_not_visible
[balanced_delivery_supervisor-20] [INFO] [1789488516.046160710] [robot_0.robot_supervisor]: Selected controllable event: EV_move_forward
[balanced_delivery_supervisor-24] [INFO] [1789488516.094291317] [robot_1.robot_supervisor]: Triggered uncontrollable event: EV_zone_a_not_visible
[balanced_delivery_supervisor-24] [INFO] [1789488516.094935307] [robot_1.robot_supervisor]: Triggered uncontrollable event: EV_zone_b_not_visible
[balanced_delivery_supervisor-24] [INFO] [1789488516.097714696] [robot_1.robot_supervisor]: Selected controllable event: EV_move_forward
[balanced_delivery_supervisor-22] [INFO] [1789488516.110558425] [robot_2.robot_supervisor]: Triggered uncontrollable event: EV_zone_a_visible
[balanced_delivery_supervisor-22] [INFO] [1789488516.111183719] [robot_2.robot_supervisor]: Triggered uncontrollable event: EV_zone_b_visible
[balanced_delivery_supervisor-22] [INFO] [1789488516.117216040] [robot_2.robot_supervisor]: Selected controllable event: EV_approach_zone
[balanced_delivery_supervisor-20] [INFO] [1789488516.352361055] [robot_0.robot_supervisor]: Selected controllable event: EV_move_forward
[balanced_delivery_supervisor-24] [INFO] [1789488516.376751067] [robot_1.robot_supervisor]: Selected controllable event: EV_move_forward
[balanced_delivery_supervisor-22] [INFO] [1789488516.394786067] [robot_2.robot_supervisor]: Selected controllable event: EV_move_forward
[balanced_delivery_supervisor-20] [INFO] [1789488516.646084674] [robot_0.robot_supervisor]: Triggered uncontrollable event: EV_zone_a_not_visible
[balanced_delivery_supervisor-20] [INFO] [1789488516.646637787] [robot_0.robot_supervisor]: Triggered uncontrollable event: EV_obstacle_left
[balanced_delivery_supervisor-20] [INFO] [1789488516.647137335] [robot_0.robot_supervisor]: Triggered uncontrollable event: EV_zone_b_not_visible
[balanced_delivery_supervisor-20] [INFO] [1789488516.663880265] [robot_0.robot_supervisor]: Selected controllable event: EV_u_turn
[balanced_delivery_supervisor-20] [INFO] [1789488516.664629254] [robot_0.robot_supervisor]: Starting FULL ROTATE (omega=1.000, have_odom=True, target_rad=3.142, timeout_s=3.500)
[balanced_delivery_supervisor-22] [INFO] [1789488516.684277708] [robot_2.robot_supervisor]: Triggered uncontrollable event: EV_zone_a_visible
[balanced_delivery_supervisor-22] [INFO] [1789488516.684911686] [robot_2.robot_supervisor]: Triggered uncontrollable event: EV_zone_b_visible
[balanced_delivery_supervisor-22] [INFO] [1789488516.685388594] [robot_2.robot_supervisor]: Triggered uncontrollable event: EV_obstacle_left
[balanced_delivery_supervisor-24] [INFO] [1789488516.687740290] [robot_1.robot_supervisor]: Triggered uncontrollable event: EV_zone_a_not_visible
[balanced_delivery_supervisor-24] [INFO] [1789488516.688218155] [robot_1.robot_supervisor]: Triggered uncontrollable event: EV_zone_b_not_visible
[balanced_delivery_supervisor-24] [INFO] [1789488516.688882956] [robot_1.robot_supervisor]: Selected controllable event: EV_search_zone
[balanced_delivery_supervisor-22] [INFO] [1789488516.706422967] [robot_2.robot_supervisor]: Selected controllable event: EV_rotate_clockwise
[balanced_delivery_supervisor-24] [INFO] [1789488516.872823050] [robot_1.robot_supervisor]: Selected controllable event: EV_search_zone
[balanced_delivery_supervisor-22] [INFO] [1789488516.892072612] [robot_2.robot_supervisor]: Triggered uncontrollable event: EV_obstacle_left
[balanced_delivery_supervisor-22] [INFO] [1789488516.892693452] [robot_2.robot_supervisor]: Selected controllable event: EV_rotate_clockwise
[balanced_delivery_supervisor-24] [INFO] [1789488516.984138305] [robot_1.robot_supervisor]: Selected controllable event: EV_move_forward
[balanced_delivery_supervisor-22] [INFO] [1789488517.093744344] [robot_2.robot_supervisor]: Triggered uncontrollable event: EV_obstacle_left
[balanced_delivery_supervisor-22] [INFO] [1789488517.094481270] [robot_2.robot_supervisor]: Selected controllable event: EV_rotate_clockwise
[balanced_delivery_supervisor-22] [INFO] [1789488517.196341025] [robot_2.robot_supervisor]: Triggered uncontrollable event: EV_obstacle_left
[balanced_delivery_supervisor-22] [INFO] [1789488517.197107937] [robot_2.robot_supervisor]: Selected controllable event: EV_u_turn
[balanced_delivery_supervisor-22] [INFO] [1789488517.197832096] [robot_2.robot_supervisor]: Starting FULL ROTATE (omega=1.000, have_odom=True, target_rad=3.142, timeout_s=3.500)
[balanced_delivery_supervisor-24] [INFO] [1789488517.283483246] [robot_1.robot_supervisor]: Triggered uncontrollable event: EV_zone_a_not_visible
[balanced_delivery_supervisor-24] [INFO] [1789488517.284059720] [robot_1.robot_supervisor]: Triggered uncontrollable event: EV_zone_b_not_visible
[balanced_delivery_supervisor-24] [INFO] [1789488517.284811559] [robot_1.robot_supervisor]: Selected controllable event: EV_search_zone
[balanced_delivery_supervisor-24] [INFO] [1789488517.468285618] [robot_1.robot_supervisor]: Selected controllable event: EV_move_forward
[balanced_delivery_supervisor-24] [INFO] [1789488517.690762757] [robot_1.robot_supervisor]: Selected controllable event: EV_move_forward
[balanced_delivery_supervisor-24] [INFO] [1789488517.989836493] [robot_1.robot_supervisor]: Triggered uncontrollable event: EV_zone_a_not_visible
[balanced_delivery_supervisor-24] [INFO] [1789488518.003926592] [robot_1.robot_supervisor]: Selected controllable event: EV_search_zone
[balanced_delivery_supervisor-24] [INFO] [1789488518.179893837] [robot_1.robot_supervisor]: Triggered uncontrollable event: EV_zone_b_not_visible
[balanced_delivery_supervisor-24] [INFO] [1789488518.185118245] [robot_1.robot_supervisor]: Selected controllable event: EV_move_forward
[balanced_delivery_supervisor-24] [INFO] [1789488518.392423880] [robot_1.robot_supervisor]: Selected controllable event: EV_search_zone
[balanced_delivery_supervisor-24] [INFO] [1789488518.590401267] [robot_1.robot_supervisor]: Selected controllable event: EV_move_forward
[balanced_delivery_supervisor-24] [INFO] [1789488518.881229577] [robot_1.robot_supervisor]: Triggered uncontrollable event: EV_zone_a_not_visible
[balanced_delivery_supervisor-24] [INFO] [1789488518.888756059] [robot_1.robot_supervisor]: Triggered uncontrollable event: EV_zone_b_not_visible
[balanced_delivery_supervisor-24] [INFO] [1789488518.896789930] [robot_1.robot_supervisor]: Selected controllable event: EV_move_forward
[balanced_delivery_supervisor-24] [INFO] [1789488519.167644471] [robot_1.robot_supervisor]: Selected controllable event: EV_move_forward
[balanced_delivery_supervisor-24] [INFO] [1789488519.498119522] [robot_1.robot_supervisor]: Triggered uncontrollable event: EV_zone_a_not_visible
[balanced_delivery_supervisor-24] [INFO] [1789488519.507288211] [robot_1.robot_supervisor]: Triggered uncontrollable event: EV_zone_b_not_visible
[balanced_delivery_supervisor-24] [INFO] [1789488519.517184481] [robot_1.robot_supervisor]: Selected controllable event: EV_move_forward
[balanced_delivery_supervisor-24] [INFO] [1789488519.772264717] [robot_1.robot_supervisor]: Selected controllable event: EV_search_zone
[balanced_delivery_supervisor-24] [INFO] [1789488519.881302935] [robot_1.robot_supervisor]: Selected controllable event: EV_search_zone
[balanced_delivery_supervisor-24] [INFO] [1789488520.088791225] [robot_1.robot_supervisor]: Triggered uncontrollable event: EV_zone_a_not_visible
[balanced_delivery_supervisor-24] [INFO] [1789488520.097713819] [robot_1.robot_supervisor]: Triggered uncontrollable event: EV_zone_b_not_visible
[balanced_delivery_supervisor-24] [INFO] [1789488520.104809343] [robot_1.robot_supervisor]: Selected controllable event: EV_search_zone
[balanced_delivery_supervisor-20] [INFO] [1789488520.232427651] [robot_0.robot_supervisor]: FULL ROTATE completed by timeout
[balanced_delivery_supervisor-24] [INFO] [1789488520.308686327] [robot_1.robot_supervisor]: Selected controllable event: EV_move_forward
[balanced_delivery_supervisor-20] [INFO] [1789488520.531061408] [robot_0.robot_supervisor]: Triggered uncontrollable event: EV_zone_a_not_visible
[balanced_delivery_supervisor-20] [INFO] [1789488520.533253538] [robot_0.robot_supervisor]: Triggered uncontrollable event: EV_zone_b_not_visible
[balanced_delivery_supervisor-20] [INFO] [1789488520.544148955] [robot_0.robot_supervisor]: Selected controllable event: EV_search_zone
[balanced_delivery_supervisor-24] [INFO] [1789488520.591731414] [robot_1.robot_supervisor]: Selected controllable event: EV_move_forward
[balanced_delivery_supervisor-20] [INFO] [1789488520.645472718] [robot_0.robot_supervisor]: Triggered uncontrollable event: EV_zone_a_not_visible
[balanced_delivery_supervisor-20] [INFO] [1789488520.656343704] [robot_0.robot_supervisor]: Selected controllable event: EV_search_zone
[balanced_delivery_supervisor-22] [INFO] [1789488520.714247544] [robot_2.robot_supervisor]: FULL ROTATE completed by timeout
[balanced_delivery_supervisor-20] [INFO] [1789488520.842798514] [robot_0.robot_supervisor]: Triggered uncontrollable event: EV_zone_b_not_visible
[balanced_delivery_supervisor-20] [INFO] [1789488520.843646261] [robot_0.robot_supervisor]: Selected controllable event: EV_search_zone
[balanced_delivery_supervisor-24] [INFO] [1789488520.878472967] [robot_1.robot_supervisor]: Triggered uncontrollable event: EV_zone_a_not_visible
[balanced_delivery_supervisor-24] [INFO] [1789488520.884312401] [robot_1.robot_supervisor]: Triggered uncontrollable event: EV_zone_b_not_visible
[balanced_delivery_supervisor-24] [INFO] [1789488520.894974206] [robot_1.robot_supervisor]: Selected controllable event: EV_move_forward
[balanced_delivery_supervisor-22] [INFO] [1789488520.998093282] [robot_2.robot_supervisor]: Triggered uncontrollable event: EV_zone_a_visible
[balanced_delivery_supervisor-22] [INFO] [1789488520.998706724] [robot_2.robot_supervisor]: Triggered uncontrollable event: EV_zone_b_visible
[balanced_delivery_supervisor-22] [INFO] [1789488520.999345931] [robot_2.robot_supervisor]: Selected controllable event: EV_approach_zone
[balanced_delivery_supervisor-20] [INFO] [1789488521.032876969] [robot_0.robot_supervisor]: Selected controllable event: EV_move_forward
[color_detector-31] [INFO] [1789488521.171787984] [robot_1.target_detector]: RGB HEARTBEAT frames_total=20 recent_rate_hz=1.440 last_frame_age_s=0.417 status=OK
[balanced_delivery_supervisor-24] [INFO] [1789488521.191820048] [robot_1.robot_supervisor]: Selected controllable event: EV_search_zone
[color_detector-29] [INFO] [1789488521.192449577] [robot_2.target_detector]: RGB HEARTBEAT frames_total=20 recent_rate_hz=1.438 last_frame_age_s=0.519 status=OK
[color_detector-27] [INFO] [1789488521.198391284] [robot_0.target_detector]: RGB HEARTBEAT frames_total=20 recent_rate_hz=1.434 last_frame_age_s=0.637 status=OK
[balanced_delivery_supervisor-20] [INFO] [1789488521.273118044] [robot_0.robot_supervisor]: Selected controllable event: EV_move_forward
[balanced_delivery_supervisor-22] [INFO] [1789488521.281411218] [robot_2.robot_supervisor]: Selected controllable event: EV_move_forward
[balanced_delivery_supervisor-24] [INFO] [1789488521.389599519] [robot_1.robot_supervisor]: Selected controllable event: EV_search_zone
[balanced_delivery_supervisor-24] [INFO] [1789488521.497790011] [robot_1.robot_supervisor]: Triggered uncontrollable event: EV_zone_a_not_visible
[balanced_delivery_supervisor-24] [INFO] [1789488521.498340859] [robot_1.robot_supervisor]: Triggered uncontrollable event: EV_zone_b_not_visible
[balanced_delivery_supervisor-24] [INFO] [1789488521.507055962] [robot_1.robot_supervisor]: Selected controllable event: EV_move_forward
[balanced_delivery_supervisor-20] [INFO] [1789488521.534981086] [robot_0.robot_supervisor]: Triggered uncontrollable event: EV_zone_a_visible
[balanced_delivery_supervisor-20] [INFO] [1789488521.542162286] [robot_0.robot_supervisor]: Triggered uncontrollable event: EV_zone_b_not_visible
[balanced_delivery_supervisor-20] [INFO] [1789488521.544104439] [robot_0.robot_supervisor]: Selected controllable event: EV_move_forward
[balanced_delivery_supervisor-22] [INFO] [1789488521.605487760] [robot_2.robot_supervisor]: Triggered uncontrollable event: EV_zone_a_visible
[balanced_delivery_supervisor-22] [INFO] [1789488521.606080109] [robot_2.robot_supervisor]: Triggered uncontrollable event: EV_zone_b_visible
[balanced_delivery_supervisor-22] [INFO] [1789488521.612844430] [robot_2.robot_supervisor]: Selected controllable event: EV_move_forward
[balanced_delivery_supervisor-24] [INFO] [1789488521.803172877] [robot_1.robot_supervisor]: Selected controllable event: EV_move_forward
[balanced_delivery_supervisor-20] [INFO] [1789488521.838833557] [robot_0.robot_supervisor]: Selected controllable event: EV_move_forward
[balanced_delivery_supervisor-22] [INFO] [1789488521.895844846] [robot_2.robot_supervisor]: Selected controllable event: EV_move_forward
[balanced_delivery_supervisor-20] [INFO] [1789488522.051880583] [robot_0.robot_supervisor]: Triggered uncontrollable event: EV_zone_a_visible
[balanced_delivery_supervisor-20] [INFO] [1789488522.052450767] [robot_0.robot_supervisor]: Triggered uncontrollable event: EV_zone_b_not_visible
[balanced_delivery_supervisor-20] [INFO] [1789488522.053165239] [robot_0.robot_supervisor]: Selected controllable event: EV_move_forward
[balanced_delivery_supervisor-24] [INFO] [1789488522.076665420] [robot_1.robot_supervisor]: Triggered uncontrollable event: EV_obstacle_front
[balanced_delivery_supervisor-24] [INFO] [1789488522.077434080] [robot_1.robot_supervisor]: Selected controllable event: EV_rotate_counterclockwise
[balanced_delivery_supervisor-22] [INFO] [1789488522.181885699] [robot_2.robot_supervisor]: Triggered uncontrollable event: EV_zone_a_visible
[balanced_delivery_supervisor-22] [INFO] [1789488522.182405877] [robot_2.robot_supervisor]: Triggered uncontrollable event: EV_zone_b_visible
[balanced_delivery_supervisor-22] [INFO] [1789488522.183076714] [robot_2.robot_supervisor]: Selected controllable event: EV_approach_zone
[balanced_delivery_supervisor-24] [INFO] [1789488522.279567024] [robot_1.robot_supervisor]: Triggered uncontrollable event: EV_zone_a_not_visible
[balanced_delivery_supervisor-24] [INFO] [1789488522.286390137] [robot_1.robot_supervisor]: Triggered uncontrollable event: EV_obstacle_front
[balanced_delivery_supervisor-24] [INFO] [1789488522.287042833] [robot_1.robot_supervisor]: Triggered uncontrollable event: EV_zone_b_not_visible
[balanced_delivery_supervisor-24] [INFO] [1789488522.298187497] [robot_1.robot_supervisor]: Selected controllable event: EV_u_turn
[balanced_delivery_supervisor-24] [INFO] [1789488522.303014530] [robot_1.robot_supervisor]: Starting FULL ROTATE (omega=1.000, have_odom=True, target_rad=3.142, timeout_s=3.500)
[balanced_delivery_supervisor-20] [INFO] [1789488522.347341963] [robot_0.robot_supervisor]: Selected controllable event: EV_move_forward
[balanced_delivery_supervisor-22] [INFO] [1789488522.387943964] [robot_2.robot_supervisor]: Selected controllable event: EV_approach_zone
[balanced_delivery_supervisor-20] [INFO] [1789488522.648974221] [robot_0.robot_supervisor]: Selected controllable event: EV_move_forward
[balanced_delivery_supervisor-22] [INFO] [1789488522.715227067] [robot_2.robot_supervisor]: Selected controllable event: EV_move_forward
[balanced_delivery_supervisor-20] [INFO] [1789488522.935899207] [robot_0.robot_supervisor]: Triggered uncontrollable event: EV_zone_a_visible
[balanced_delivery_supervisor-20] [INFO] [1789488522.936439297] [robot_0.robot_supervisor]: Triggered uncontrollable event: EV_zone_b_not_visible
[balanced_delivery_supervisor-20] [INFO] [1789488522.958457689] [robot_0.robot_supervisor]: Selected controllable event: EV_approach_zone
[balanced_delivery_supervisor-22] [INFO] [1789488522.986281626] [robot_2.robot_supervisor]: Triggered uncontrollable event: EV_zone_b_visible
[balanced_delivery_supervisor-22] [INFO] [1789488522.986905263] [robot_2.robot_supervisor]: Triggered uncontrollable event: EV_zone_a_not_visible
[balanced_delivery_supervisor-22] [INFO] [1789488522.995835967] [robot_2.robot_supervisor]: Selected controllable event: EV_move_forward
[balanced_delivery_supervisor-20] [INFO] [1789488523.231427118] [robot_0.robot_supervisor]: Selected controllable event: EV_approach_zone
[balanced_delivery_supervisor-22] [INFO] [1789488523.287609998] [robot_2.robot_supervisor]: Selected controllable event: EV_move_forward
[balanced_delivery_supervisor-20] [INFO] [1789488523.445220388] [robot_0.robot_supervisor]: Triggered uncontrollable event: EV_zone_b_not_visible
[balanced_delivery_supervisor-20] [INFO] [1789488523.451987718] [robot_0.robot_supervisor]: Triggered uncontrollable event: EV_zone_a_reached
[balanced_delivery_supervisor-20] [INFO] [1789488523.452769445] [robot_0.robot_supervisor]: Selected controllable event: EV_move_forward
[balanced_delivery_supervisor-22] [INFO] [1789488523.491591435] [robot_2.robot_supervisor]: Triggered uncontrollable event: EV_zone_a_not_visible
[balanced_delivery_supervisor-22] [INFO] [1789488523.492216041] [robot_2.robot_supervisor]: Triggered uncontrollable event: EV_zone_b_not_visible
[balanced_delivery_supervisor-22] [INFO] [1789488523.511228188] [robot_2.robot_supervisor]: Selected controllable event: EV_move_forward
[balanced_delivery_supervisor-20] [INFO] [1789488523.739459938] [robot_0.robot_supervisor]: Selected controllable event: EV_search_zone
[balanced_delivery_supervisor-22] [INFO] [1789488523.786773580] [robot_2.robot_supervisor]: Selected controllable event: EV_search_zone
[balanced_delivery_supervisor-20] [INFO] [1789488523.850820510] [robot_0.robot_supervisor]: Selected controllable event: EV_search_zone
[balanced_delivery_supervisor-22] [INFO] [1789488523.999662962] [robot_2.robot_supervisor]: Selected controllable event: EV_move_forward
[balanced_delivery_supervisor-20] [INFO] [1789488524.027881553] [robot_0.robot_supervisor]: Triggered uncontrollable event: EV_obstacle_front
[balanced_delivery_supervisor-20] [INFO] [1789488524.028449856] [robot_0.robot_supervisor]: Triggered uncontrollable event: EV_zone_b_not_visible
[balanced_delivery_supervisor-20] [INFO] [1789488524.028979715] [robot_0.robot_supervisor]: Triggered uncontrollable event: EV_zone_a_reached
[balanced_delivery_supervisor-20] [INFO] [1789488524.048559652] [robot_0.robot_supervisor]: Selected controllable event: EV_rotate_counterclockwise
[balanced_delivery_supervisor-20] [INFO] [1789488524.238492290] [robot_0.robot_supervisor]: Triggered uncontrollable event: EV_obstacle_front
[balanced_delivery_supervisor-20] [INFO] [1789488524.243634989] [robot_0.robot_supervisor]: Selected controllable event: EV_u_turn
[balanced_delivery_supervisor-20] [INFO] [1789488524.244318931] [robot_0.robot_supervisor]: Starting FULL ROTATE (omega=1.000, have_odom=True, target_rad=3.142, timeout_s=3.500)
[balanced_delivery_supervisor-22] [INFO] [1789488524.311411863] [robot_2.robot_supervisor]: Triggered uncontrollable event: EV_zone_a_not_visible
[balanced_delivery_supervisor-22] [INFO] [1789488524.312005118] [robot_2.robot_supervisor]: Triggered uncontrollable event: EV_zone_b_not_visible
[balanced_delivery_supervisor-22] [INFO] [1789488524.319275242] [robot_2.robot_supervisor]: Selected controllable event: EV_search_zone
[balanced_delivery_supervisor-22] [INFO] [1789488524.498686760] [robot_2.robot_supervisor]: Selected controllable event: EV_search_zone
[balanced_delivery_supervisor-22] [INFO] [1789488524.692504145] [robot_2.robot_supervisor]: Selected controllable event: EV_search_zone
[balanced_delivery_supervisor-22] [INFO] [1789488524.880909565] [robot_2.robot_supervisor]: Triggered uncontrollable event: EV_zone_a_not_visible
[balanced_delivery_supervisor-22] [INFO] [1789488524.881532658] [robot_2.robot_supervisor]: Triggered uncontrollable event: EV_zone_b_not_visible
[balanced_delivery_supervisor-22] [INFO] [1789488524.887705560] [robot_2.robot_supervisor]: Selected controllable event: EV_search_zone
[balanced_delivery_supervisor-22] [INFO] [1789488525.085892446] [robot_2.robot_supervisor]: Selected controllable event: EV_move_forward
[balanced_delivery_supervisor-22] [INFO] [1789488525.400901682] [robot_2.robot_supervisor]: Selected controllable event: EV_move_forward
[balanced_delivery_supervisor-22] [INFO] [1789488525.691406528] [robot_2.robot_supervisor]: Triggered uncontrollable event: EV_zone_a_not_visible
[balanced_delivery_supervisor-22] [INFO] [1789488525.692070967] [robot_2.robot_supervisor]: Triggered uncontrollable event: EV_zone_b_not_visible
[balanced_delivery_supervisor-22] [INFO] [1789488525.699241506] [robot_2.robot_supervisor]: Selected controllable event: EV_move_forward
[balanced_delivery_supervisor-24] [INFO] [1789488525.877571811] [robot_1.robot_supervisor]: FULL ROTATE completed by timeout
[balanced_delivery_supervisor-22] [INFO] [1789488525.983799953] [robot_2.robot_supervisor]: Triggered uncontrollable event: EV_zone_a_not_visible
[balanced_delivery_supervisor-22] [INFO] [1789488525.984312016] [robot_2.robot_supervisor]: Triggered uncontrollable event: EV_zone_b_not_visible
[balanced_delivery_supervisor-22] [INFO] [1789488525.984880612] [robot_2.robot_supervisor]: Selected controllable event: EV_search_zone
[balanced_delivery_supervisor-22] [INFO] [1789488526.099928288] [robot_2.robot_supervisor]: Selected controllable event: EV_move_forward
[balanced_delivery_supervisor-24] [INFO] [1789488526.191601405] [robot_1.robot_supervisor]: Triggered uncontrollable event: EV_zone_a_not_visible
[balanced_delivery_supervisor-24] [INFO] [1789488526.196387358] [robot_1.robot_supervisor]: Triggered uncontrollable event: EV_zone_b_not_visible
[balanced_delivery_supervisor-24] [INFO] [1789488526.200393358] [robot_1.robot_supervisor]: Selected controllable event: EV_search_zone
[balanced_delivery_supervisor-24] [INFO] [1789488526.375087493] [robot_1.robot_supervisor]: Selected controllable event: EV_search_zone
[balanced_delivery_supervisor-22] [INFO] [1789488526.378620990] [robot_2.robot_supervisor]: Selected controllable event: EV_search_zone
[balanced_delivery_supervisor-22] [INFO] [1789488526.479813800] [robot_2.robot_supervisor]: Selected controllable event: EV_search_zone
[balanced_delivery_supervisor-24] [INFO] [1789488526.480638508] [robot_1.robot_supervisor]: Selected controllable event: EV_move_forward
[balanced_delivery_supervisor-22] [INFO] [1789488526.683734022] [robot_2.robot_supervisor]: Triggered uncontrollable event: EV_zone_a_not_visible
[balanced_delivery_supervisor-22] [INFO] [1789488526.685513749] [robot_2.robot_supervisor]: Triggered uncontrollable event: EV_zone_b_not_visible
[balanced_delivery_supervisor-22] [INFO] [1789488526.686251455] [robot_2.robot_supervisor]: Selected controllable event: EV_search_zone
[balanced_delivery_supervisor-24] [INFO] [1789488526.686365767] [robot_1.robot_supervisor]: Triggered uncontrollable event: EV_zone_a_not_visible
[balanced_delivery_supervisor-24] [INFO] [1789488526.686950489] [robot_1.robot_supervisor]: Triggered uncontrollable event: EV_zone_b_not_visible
[balanced_delivery_supervisor-24] [INFO] [1789488526.687595464] [robot_1.robot_supervisor]: Selected controllable event: EV_search_zone
[balanced_delivery_supervisor-22] [INFO] [1789488526.790997811] [robot_2.robot_supervisor]: Selected controllable event: EV_search_zone
[balanced_delivery_supervisor-24] [INFO] [1789488526.866977894] [robot_1.robot_supervisor]: Selected controllable event: EV_search_zone
[balanced_delivery_supervisor-22] [INFO] [1789488526.897423714] [robot_2.robot_supervisor]: Selected controllable event: EV_search_zone
[balanced_delivery_supervisor-24] [INFO] [1789488527.000139447] [robot_1.robot_supervisor]: Selected controllable event: EV_move_forward
[balanced_delivery_supervisor-22] [INFO] [1789488527.008650162] [robot_2.robot_supervisor]: Selected controllable event: EV_move_forward
[balanced_delivery_supervisor-22] [INFO] [1789488527.291408946] [robot_2.robot_supervisor]: Triggered uncontrollable event: EV_zone_a_not_visible
[balanced_delivery_supervisor-24] [INFO] [1789488527.295697892] [robot_1.robot_supervisor]: Selected controllable event: EV_search_zone
[balanced_delivery_supervisor-22] [INFO] [1789488527.300335022] [robot_2.robot_supervisor]: Selected controllable event: EV_search_zone
[balanced_delivery_supervisor-24] [INFO] [1789488527.480546306] [robot_1.robot_supervisor]: Triggered uncontrollable event: EV_zone_a_not_visible
[balanced_delivery_supervisor-24] [INFO] [1789488527.481097116] [robot_1.robot_supervisor]: Triggered uncontrollable event: EV_zone_b_not_visible
[balanced_delivery_supervisor-24] [INFO] [1789488527.481779913] [robot_1.robot_supervisor]: Selected controllable event: EV_move_forward
[balanced_delivery_supervisor-22] [INFO] [1789488527.492711253] [robot_2.robot_supervisor]: Triggered uncontrollable event: EV_zone_b_not_visible
[balanced_delivery_supervisor-22] [INFO] [1789488527.502523295] [robot_2.robot_supervisor]: Selected controllable event: EV_search_zone
[balanced_delivery_supervisor-22] [INFO] [1789488527.605290498] [robot_2.robot_supervisor]: Selected controllable event: EV_search_zone
[balanced_delivery_supervisor-24] [INFO] [1789488527.783439147] [robot_1.robot_supervisor]: Selected controllable event: EV_search_zone
[balanced_delivery_supervisor-22] [INFO] [1789488527.799420825] [robot_2.robot_supervisor]: Selected controllable event: EV_search_zone
[balanced_delivery_supervisor-20] [INFO] [1789488527.829942766] [robot_0.robot_supervisor]: FULL ROTATE completed by timeout
[color_detector-29] [INFO] [1789488527.882634567] [robot_2.target_detector]: RGB HEARTBEAT frames_total=30 recent_rate_hz=1.493 last_frame_age_s=0.661 status=OK
[balanced_delivery_supervisor-24] [INFO] [1789488527.884643580] [robot_1.robot_supervisor]: Selected controllable event: EV_move_forward
[color_detector-27] [INFO] [1789488527.887715138] [robot_0.target_detector]: RGB HEARTBEAT frames_total=30 recent_rate_hz=1.495 last_frame_age_s=0.710 status=OK
[color_detector-31] [INFO] [1789488527.893716308] [robot_1.target_detector]: RGB HEARTBEAT frames_total=30 recent_rate_hz=1.488 last_frame_age_s=0.583 status=OK
[balanced_delivery_supervisor-22] [INFO] [1789488528.007647137] [robot_2.robot_supervisor]: Selected controllable event: EV_search_zone
[balanced_delivery_supervisor-20] [INFO] [1789488528.044437539] [robot_0.robot_supervisor]: Triggered uncontrollable event: EV_zone_b_visible
[balanced_delivery_supervisor-20] [INFO] [1789488528.045018243] [robot_0.robot_supervisor]: Triggered uncontrollable event: EV_zone_a_reached
[balanced_delivery_supervisor-20] [INFO] [1789488528.045748683] [robot_0.robot_supervisor]: Selected controllable event: EV_move_forward
[balanced_delivery_supervisor-24] [INFO] [1789488528.182096594] [robot_1.robot_supervisor]: Triggered uncontrollable event: EV_zone_a_not_visible
[balanced_delivery_supervisor-24] [INFO] [1789488528.182747249] [robot_1.robot_supervisor]: Triggered uncontrollable event: EV_zone_b_not_visible
[balanced_delivery_supervisor-22] [INFO] [1789488528.198453178] [robot_2.robot_supervisor]: Triggered uncontrollable event: EV_zone_a_not_visible
[balanced_delivery_supervisor-24] [INFO] [1789488528.200460700] [robot_1.robot_supervisor]: Selected controllable event: EV_move_forward
[balanced_delivery_supervisor-22] [INFO] [1789488528.205985786] [robot_2.robot_supervisor]: Triggered uncontrollable event: EV_zone_b_not_visible
[balanced_delivery_supervisor-22] [INFO] [1789488528.206779229] [robot_2.robot_supervisor]: Selected controllable event: EV_move_forward
[balanced_delivery_supervisor-20] [INFO] [1789488528.340797325] [robot_0.robot_supervisor]: Triggered uncontrollable event: EV_zone_b_visible
[balanced_delivery_supervisor-20] [INFO] [1789488528.341586573] [robot_0.robot_supervisor]: Selected controllable event: EV_move_forward
[balanced_delivery_supervisor-24] [INFO] [1789488528.475482390] [robot_1.robot_supervisor]: Selected controllable event: EV_move_forward
[balanced_delivery_supervisor-22] [INFO] [1789488528.496268620] [robot_2.robot_supervisor]: Selected controllable event: EV_move_forward
[balanced_delivery_supervisor-20] [INFO] [1789488528.543754370] [robot_0.robot_supervisor]: Selected controllable event: EV_approach_zone
[balanced_delivery_supervisor-22] [INFO] [1789488528.714373607] [robot_2.robot_supervisor]: Selected controllable event: EV_move_forward
[balanced_delivery_supervisor-24] [INFO] [1789488528.783353895] [robot_1.robot_supervisor]: Selected controllable event: EV_search_zone
[balanced_delivery_supervisor-20] [INFO] [1789488528.854911443] [robot_0.robot_supervisor]: Triggered uncontrollable event: EV_zone_b_visible
[balanced_delivery_supervisor-20] [INFO] [1789488528.855919603] [robot_0.robot_supervisor]: Triggered uncontrollable event: EV_zone_a_reached
[balanced_delivery_supervisor-20] [INFO] [1789488528.856671662] [robot_0.robot_supervisor]: Selected controllable event: EV_move_forward
[balanced_delivery_supervisor-22] [INFO] [1789488528.981849929] [robot_2.robot_supervisor]: Triggered uncontrollable event: EV_zone_a_not_visible
[balanced_delivery_supervisor-22] [INFO] [1789488528.982461623] [robot_2.robot_supervisor]: Triggered uncontrollable event: EV_zone_b_not_visible
[balanced_delivery_supervisor-24] [INFO] [1789488528.984864451] [robot_1.robot_supervisor]: Triggered uncontrollable event: EV_zone_a_not_visible
[balanced_delivery_supervisor-24] [INFO] [1789488528.985356833] [robot_1.robot_supervisor]: Triggered uncontrollable event: EV_zone_b_not_visible
[balanced_delivery_supervisor-24] [INFO] [1789488528.986053713] [robot_1.robot_supervisor]: Selected controllable event: EV_move_forward
[balanced_delivery_supervisor-22] [INFO] [1789488529.011922135] [robot_2.robot_supervisor]: Selected controllable event: EV_search_zone
[balanced_delivery_supervisor-20] [INFO] [1789488529.128271661] [robot_0.robot_supervisor]: Selected controllable event: EV_approach_zone
[balanced_delivery_supervisor-22] [INFO] [1789488529.195940792] [robot_2.robot_supervisor]: Selected controllable event: EV_move_forward
[balanced_delivery_supervisor-24] [INFO] [1789488529.290049247] [robot_1.robot_supervisor]: Selected controllable event: EV_search_zone
[balanced_delivery_supervisor-20] [INFO] [1789488529.333888366] [robot_0.robot_supervisor]: Selected controllable event: EV_move_forward
[balanced_delivery_supervisor-24] [INFO] [1789488529.470582287] [robot_1.robot_supervisor]: Selected controllable event: EV_move_forward
[balanced_delivery_supervisor-22] [INFO] [1789488529.485044637] [robot_2.robot_supervisor]: Selected controllable event: EV_move_forward
[balanced_delivery_supervisor-20] [INFO] [1789488529.539668156] [robot_0.robot_supervisor]: Triggered uncontrollable event: EV_zone_b_visible
[balanced_delivery_supervisor-20] [INFO] [1789488529.551142078] [robot_0.robot_supervisor]: Triggered uncontrollable event: EV_zone_a_not_visible
[balanced_delivery_supervisor-20] [INFO] [1789488529.551894406] [robot_0.robot_supervisor]: Selected controllable event: EV_move_forward
[balanced_delivery_supervisor-24] [INFO] [1789488529.684313809] [robot_1.robot_supervisor]: Triggered uncontrollable event: EV_zone_a_not_visible
[balanced_delivery_supervisor-24] [INFO] [1789488529.684916362] [robot_1.robot_supervisor]: Triggered uncontrollable event: EV_zone_b_not_visible
[balanced_delivery_supervisor-24] [INFO] [1789488529.693483939] [robot_1.robot_supervisor]: Selected controllable event: EV_search_zone
[balanced_delivery_supervisor-22] [INFO] [1789488529.701544966] [robot_2.robot_supervisor]: Triggered uncontrollable event: EV_zone_a_not_visible
[balanced_delivery_supervisor-22] [INFO] [1789488529.709070602] [robot_2.robot_supervisor]: Triggered uncontrollable event: EV_zone_b_not_visible
[balanced_delivery_supervisor-22] [INFO] [1789488529.709801677] [robot_2.robot_supervisor]: Selected controllable event: EV_move_forward
[balanced_delivery_supervisor-20] [INFO] [1789488529.846132268] [robot_0.robot_supervisor]: Selected controllable event: EV_approach_zone
[balanced_delivery_supervisor-24] [INFO] [1789488529.876646668] [robot_1.robot_supervisor]: Selected controllable event: EV_search_zone
[balanced_delivery_supervisor-22] [INFO] [1789488529.999677766] [robot_2.robot_supervisor]: Selected controllable event: EV_search_zone
[balanced_delivery_supervisor-24] [INFO] [1789488530.074546231] [robot_1.robot_supervisor]: Selected controllable event: EV_move_forward
[balanced_delivery_supervisor-20] [INFO] [1789488530.140882040] [robot_0.robot_supervisor]: Triggered uncontrollable event: EV_zone_a_not_visible
[balanced_delivery_supervisor-20] [INFO] [1789488530.141475747] [robot_0.robot_supervisor]: Triggered uncontrollable event: EV_zone_b_not_visible
[balanced_delivery_supervisor-20] [INFO] [1789488530.154384354] [robot_0.robot_supervisor]: Selected controllable event: EV_search_zone
[balanced_delivery_supervisor-22] [INFO] [1789488530.181447408] [robot_2.robot_supervisor]: Triggered uncontrollable event: EV_zone_a_not_visible
[balanced_delivery_supervisor-22] [INFO] [1789488530.181997912] [robot_2.robot_supervisor]: Triggered uncontrollable event: EV_zone_b_not_visible
[balanced_delivery_supervisor-22] [INFO] [1789488530.193876946] [robot_2.robot_supervisor]: Selected controllable event: EV_search_zone
[balanced_delivery_supervisor-20] [INFO] [1789488530.331572926] [robot_0.robot_supervisor]: Selected controllable event: EV_search_zone
[balanced_delivery_supervisor-24] [INFO] [1789488530.375741020] [robot_1.robot_supervisor]: Triggered uncontrollable event: EV_zone_a_not_visible
[balanced_delivery_supervisor-24] [INFO] [1789488530.383450666] [robot_1.robot_supervisor]: Triggered uncontrollable event: EV_zone_b_not_visible
[balanced_delivery_supervisor-22] [INFO] [1789488530.392238819] [robot_2.robot_supervisor]: Selected controllable event: EV_search_zone
[balanced_delivery_supervisor-24] [INFO] [1789488530.393361806] [robot_1.robot_supervisor]: Selected controllable event: EV_move_forward
[balanced_delivery_supervisor-20] [INFO] [1789488530.526739331] [robot_0.robot_supervisor]: Selected controllable event: EV_move_forward
[balanced_delivery_supervisor-22] [INFO] [1789488530.610289626] [robot_2.robot_supervisor]: Selected controllable event: EV_move_forward
[balanced_delivery_supervisor-24] [INFO] [1789488530.685385289] [robot_1.robot_supervisor]: Selected controllable event: EV_move_forward
[balanced_delivery_supervisor-20] [INFO] [1789488530.751323327] [robot_0.robot_supervisor]: Triggered uncontrollable event: EV_zone_a_not_visible
[balanced_delivery_supervisor-20] [INFO] [1789488530.751956109] [robot_0.robot_supervisor]: Triggered uncontrollable event: EV_zone_b_not_visible
[balanced_delivery_supervisor-20] [INFO] [1789488530.752608949] [robot_0.robot_supervisor]: Selected controllable event: EV_search_zone
[balanced_delivery_supervisor-22] [INFO] [1789488530.882994141] [robot_2.robot_supervisor]: Triggered uncontrollable event: EV_zone_a_not_visible
[balanced_delivery_supervisor-22] [INFO] [1789488530.901459078] [robot_2.robot_supervisor]: Triggered uncontrollable event: EV_zone_b_not_visible
[balanced_delivery_supervisor-22] [INFO] [1789488530.904216027] [robot_2.robot_supervisor]: Selected controllable event: EV_search_zone
[balanced_delivery_supervisor-20] [INFO] [1789488530.927453134] [robot_0.robot_supervisor]: Selected controllable event: EV_search_zone
[balanced_delivery_supervisor-24] [INFO] [1789488530.984727201] [robot_1.robot_supervisor]: Triggered uncontrollable event: EV_zone_a_not_visible
[balanced_delivery_supervisor-24] [INFO] [1789488530.993478462] [robot_1.robot_supervisor]: Triggered uncontrollable event: EV_zone_b_not_visible
[balanced_delivery_supervisor-24] [INFO] [1789488530.994181883] [robot_1.robot_supervisor]: Selected controllable event: EV_search_zone
[balanced_delivery_supervisor-20] [INFO] [1789488531.031958116] [robot_0.robot_supervisor]: Selected controllable event: EV_move_forward
[balanced_delivery_supervisor-22] [INFO] [1789488531.103026865] [robot_2.robot_supervisor]: Selected controllable event: EV_move_forward
[balanced_delivery_supervisor-24] [INFO] [1789488531.199473944] [robot_1.robot_supervisor]: Selected controllable event: EV_search_zone
[balanced_delivery_supervisor-20] [INFO] [1789488531.235122491] [robot_0.robot_supervisor]: Selected controllable event: EV_move_forward
[balanced_delivery_supervisor-24] [INFO] [1789488531.388356745] [robot_1.robot_supervisor]: Selected controllable event: EV_search_zone
[balanced_delivery_supervisor-22] [INFO] [1789488531.415111636] [robot_2.robot_supervisor]: Selected controllable event: EV_search_zone
[balanced_delivery_supervisor-20] [INFO] [1789488531.458509632] [robot_0.robot_supervisor]: Triggered uncontrollable event: EV_zone_a_not_visible
[balanced_delivery_supervisor-20] [INFO] [1789488531.459180970] [robot_0.robot_supervisor]: Triggered uncontrollable event: EV_zone_b_not_visible
[balanced_delivery_supervisor-20] [INFO] [1789488531.459979217] [robot_0.robot_supervisor]: Selected controllable event: EV_move_forward
[balanced_delivery_supervisor-24] [INFO] [1789488531.507608317] [robot_1.robot_supervisor]: Selected controllable event: EV_search_zone
[balanced_delivery_supervisor-22] [INFO] [1789488531.585090137] [robot_2.robot_supervisor]: Triggered uncontrollable event: EV_zone_a_not_visible
[balanced_delivery_supervisor-22] [INFO] [1789488531.603111055] [robot_2.robot_supervisor]: Triggered uncontrollable event: EV_zone_b_not_visible
[balanced_delivery_supervisor-22] [INFO] [1789488531.603849609] [robot_2.robot_supervisor]: Selected controllable event: EV_move_forward
[balanced_delivery_supervisor-24] [INFO] [1789488531.691834608] [robot_1.robot_supervisor]: Triggered uncontrollable event: EV_zone_a_not_visible
[balanced_delivery_supervisor-24] [INFO] [1789488531.699357049] [robot_1.robot_supervisor]: Triggered uncontrollable event: EV_zone_b_not_visible
[balanced_delivery_supervisor-24] [INFO] [1789488531.700208773] [robot_1.robot_supervisor]: Selected controllable event: EV_search_zone
[balanced_delivery_supervisor-20] [INFO] [1789488531.726093476] [robot_0.robot_supervisor]: Selected controllable event: EV_search_zone
[balanced_delivery_supervisor-20] [INFO] [1789488531.857202071] [robot_0.robot_supervisor]: Selected controllable event: EV_move_forward
[balanced_delivery_supervisor-24] [INFO] [1789488531.883068389] [robot_1.robot_supervisor]: Selected controllable event: EV_search_zone
[balanced_delivery_supervisor-22] [INFO] [1789488531.894188946] [robot_2.robot_supervisor]: Selected controllable event: EV_search_zone
[balanced_delivery_supervisor-24] [INFO] [1789488532.012300860] [robot_1.robot_supervisor]: Selected controllable event: EV_search_zone
[balanced_delivery_supervisor-22] [INFO] [1789488532.017735864] [robot_2.robot_supervisor]: Selected controllable event: EV_search_zone
[balanced_delivery_supervisor-20] [INFO] [1789488532.130818718] [robot_0.robot_supervisor]: Triggered uncontrollable event: EV_zone_a_not_visible
[balanced_delivery_supervisor-20] [INFO] [1789488532.135379421] [robot_0.robot_supervisor]: Triggered uncontrollable event: EV_zone_b_not_visible
[balanced_delivery_supervisor-20] [INFO] [1789488532.136143843] [robot_0.robot_supervisor]: Selected controllable event: EV_move_forward
[balanced_delivery_supervisor-24] [INFO] [1789488532.190647255] [robot_1.robot_supervisor]: Triggered uncontrollable event: EV_zone_a_not_visible
[balanced_delivery_supervisor-22] [INFO] [1789488532.190295215] [robot_2.robot_supervisor]: Triggered uncontrollable event: EV_zone_a_not_visible
[balanced_delivery_supervisor-22] [INFO] [1789488532.195288506] [robot_2.robot_supervisor]: Triggered uncontrollable event: EV_zone_b_not_visible
[balanced_delivery_supervisor-24] [INFO] [1789488532.198572578] [robot_1.robot_supervisor]: Triggered uncontrollable event: EV_zone_b_not_visible
[balanced_delivery_supervisor-22] [INFO] [1789488532.202700344] [robot_2.robot_supervisor]: Selected controllable event: EV_search_zone
[balanced_delivery_supervisor-24] [INFO] [1789488532.204468217] [robot_1.robot_supervisor]: Selected controllable event: EV_search_zone
[balanced_delivery_supervisor-24] [INFO] [1789488532.387009330] [robot_1.robot_supervisor]: Selected controllable event: EV_search_zone
[balanced_delivery_supervisor-22] [INFO] [1789488532.388570399] [robot_2.robot_supervisor]: Selected controllable event: EV_move_forward
[balanced_delivery_supervisor-20] [INFO] [1789488532.436415863] [robot_0.robot_supervisor]: Selected controllable event: EV_search_zone
[balanced_delivery_supervisor-24] [INFO] [1789488532.595974776] [robot_1.robot_supervisor]: Selected controllable event: EV_search_zone
[balanced_delivery_supervisor-20] [INFO] [1789488532.650240108] [robot_0.robot_supervisor]: Selected controllable event: EV_move_forward
[balanced_delivery_supervisor-22] [INFO] [1789488532.701720601] [robot_2.robot_supervisor]: Triggered uncontrollable event: EV_zone_a_not_visible
[balanced_delivery_supervisor-22] [INFO] [1789488532.706153789] [robot_2.robot_supervisor]: Triggered uncontrollable event: EV_zone_b_not_visible
[balanced_delivery_supervisor-22] [INFO] [1789488532.713152885] [robot_2.robot_supervisor]: Selected controllable event: EV_search_zone
[balanced_delivery_supervisor-24] [INFO] [1789488532.778764255] [robot_1.robot_supervisor]: Triggered uncontrollable event: EV_zone_a_not_visible
[balanced_delivery_supervisor-24] [INFO] [1789488532.779300050] [robot_1.robot_supervisor]: Triggered uncontrollable event: EV_zone_b_not_visible
[balanced_delivery_supervisor-24] [INFO] [1789488532.783654059] [robot_1.robot_supervisor]: Selected controllable event: EV_search_zone
[balanced_delivery_supervisor-22] [INFO] [1789488532.882900438] [robot_2.robot_supervisor]: Selected controllable event: EV_search_zone
[balanced_delivery_supervisor-20] [INFO] [1789488532.938354123] [robot_0.robot_supervisor]: Triggered uncontrollable event: EV_zone_a_not_visible
[balanced_delivery_supervisor-20] [INFO] [1789488532.938972031] [robot_0.robot_supervisor]: Triggered uncontrollable event: EV_zone_b_not_visible
[balanced_delivery_supervisor-20] [INFO] [1789488532.939588711] [robot_0.robot_supervisor]: Selected controllable event: EV_search_zone
[balanced_delivery_supervisor-24] [INFO] [1789488532.974991181] [robot_1.robot_supervisor]: Selected controllable event: EV_move_forward
[balanced_delivery_supervisor-20] [INFO] [1789488533.043181923] [robot_0.robot_supervisor]: Selected controllable event: EV_search_zone
[balanced_delivery_supervisor-22] [INFO] [1789488533.081983839] [robot_2.robot_supervisor]: Selected controllable event: EV_search_zone
[balanced_delivery_supervisor-22] [INFO] [1789488533.185839807] [robot_2.robot_supervisor]: Selected controllable event: EV_search_zone
[balanced_delivery_supervisor-20] [INFO] [1789488533.225708642] [robot_0.robot_supervisor]: Selected controllable event: EV_move_forward
[balanced_delivery_supervisor-24] [INFO] [1789488533.276877245] [robot_1.robot_supervisor]: Selected controllable event: EV_move_forward
[balanced_delivery_supervisor-22] [INFO] [1789488533.296305592] [robot_2.robot_supervisor]: Selected controllable event: EV_search_zone
[balanced_delivery_supervisor-24] [INFO] [1789488533.482989231] [robot_1.robot_supervisor]: Triggered uncontrollable event: EV_zone_a_not_visible
[balanced_delivery_supervisor-24] [INFO] [1789488533.483521569] [robot_1.robot_supervisor]: Triggered uncontrollable event: EV_zone_b_not_visible
[balanced_delivery_supervisor-24] [INFO] [1789488533.484183171] [robot_1.robot_supervisor]: Selected controllable event: EV_search_zone
[balanced_delivery_supervisor-22] [INFO] [1789488533.490203881] [robot_2.robot_supervisor]: Triggered uncontrollable event: EV_zone_a_not_visible
[balanced_delivery_supervisor-22] [INFO] [1789488533.490723334] [robot_2.robot_supervisor]: Triggered uncontrollable event: EV_zone_b_not_visible
[balanced_delivery_supervisor-22] [INFO] [1789488533.491365677] [robot_2.robot_supervisor]: Selected controllable event: EV_search_zone
[balanced_delivery_supervisor-20] [INFO] [1789488533.545506783] [robot_0.robot_supervisor]: Triggered uncontrollable event: EV_zone_a_not_visible
[balanced_delivery_supervisor-20] [INFO] [1789488533.550688806] [robot_0.robot_supervisor]: Triggered uncontrollable event: EV_zone_b_not_visible
[balanced_delivery_supervisor-20] [INFO] [1789488533.558720664] [robot_0.robot_supervisor]: Selected controllable event: EV_move_forward
[balanced_delivery_supervisor-24] [INFO] [1789488533.671639443] [robot_1.robot_supervisor]: Selected controllable event: EV_search_zone
[balanced_delivery_supervisor-22] [INFO] [1789488533.699381395] [robot_2.robot_supervisor]: Selected controllable event: EV_move_forward
[balanced_delivery_supervisor-20] [INFO] [1789488533.835734376] [robot_0.robot_supervisor]: Selected controllable event: EV_search_zone
[balanced_delivery_supervisor-24] [INFO] [1789488533.875176348] [robot_1.robot_supervisor]: Selected controllable event: EV_search_zone
[balanced_delivery_supervisor-22] [INFO] [1789488533.991472716] [robot_2.robot_supervisor]: Triggered uncontrollable event: EV_zone_a_not_visible
[balanced_delivery_supervisor-22] [INFO] [1789488533.991969111] [robot_2.robot_supervisor]: Triggered uncontrollable event: EV_zone_b_not_visible
[balanced_delivery_supervisor-22] [INFO] [1789488533.992576867] [robot_2.robot_supervisor]: Selected controllable event: EV_move_forward
[balanced_delivery_supervisor-20] [INFO] [1789488534.044376814] [robot_0.robot_supervisor]: Triggered uncontrollable event: EV_zone_a_not_visible
[balanced_delivery_supervisor-20] [INFO] [1789488534.044930023] [robot_0.robot_supervisor]: Triggered uncontrollable event: EV_zone_b_not_visible
[balanced_delivery_supervisor-20] [INFO] [1789488534.045603940] [robot_0.robot_supervisor]: Selected controllable event: EV_move_forward
[balanced_delivery_supervisor-24] [INFO] [1789488534.073548409] [robot_1.robot_supervisor]: Triggered uncontrollable event: EV_zone_a_not_visible
[balanced_delivery_supervisor-24] [INFO] [1789488534.074115414] [robot_1.robot_supervisor]: Triggered uncontrollable event: EV_zone_b_not_visible
[balanced_delivery_supervisor-24] [INFO] [1789488534.074763793] [robot_1.robot_supervisor]: Selected controllable event: EV_search_zone
[balanced_delivery_supervisor-22] [INFO] [1789488534.193880400] [robot_2.robot_supervisor]: Selected controllable event: EV_move_forward
[balanced_delivery_supervisor-24] [INFO] [1789488534.268638300] [robot_1.robot_supervisor]: Selected controllable event: EV_move_forward
[balanced_delivery_supervisor-20] [INFO] [1789488534.329736828] [robot_0.robot_supervisor]: Selected controllable event: EV_move_forward
[color_detector-31] [INFO] [1789488534.355878647] [robot_1.target_detector]: RGB HEARTBEAT frames_total=40 recent_rate_hz=1.547 last_frame_age_s=0.370 status=OK
[color_detector-29] [INFO] [1789488534.364785649] [robot_2.target_detector]: RGB HEARTBEAT frames_total=40 recent_rate_hz=1.543 last_frame_age_s=0.452 status=OK
[color_detector-27] [INFO] [1789488534.394348732] [robot_0.target_detector]: RGB HEARTBEAT frames_total=40 recent_rate_hz=1.537 last_frame_age_s=0.575 status=OK
[balanced_delivery_supervisor-22] [INFO] [1789488534.478340397] [robot_2.robot_supervisor]: Selected controllable event: EV_move_forward
[balanced_delivery_supervisor-24] [INFO] [1789488534.583166032] [robot_1.robot_supervisor]: Selected controllable event: EV_search_zone
[balanced_delivery_supervisor-20] [INFO] [1789488534.641773666] [robot_0.robot_supervisor]: Triggered uncontrollable event: EV_zone_a_not_visible
[balanced_delivery_supervisor-20] [INFO] [1789488534.653001984] [robot_0.robot_supervisor]: Triggered uncontrollable event: EV_obstacle_left
[balanced_delivery_supervisor-20] [INFO] [1789488534.653533625] [robot_0.robot_supervisor]: Triggered uncontrollable event: EV_zone_b_not_visible
[balanced_delivery_supervisor-20] [INFO] [1789488534.654203416] [robot_0.robot_supervisor]: Selected controllable event: EV_u_turn
[balanced_delivery_supervisor-20] [INFO] [1789488534.654775797] [robot_0.robot_supervisor]: Starting FULL ROTATE (omega=1.000, have_odom=True, target_rad=3.142, timeout_s=3.500)
[balanced_delivery_supervisor-24] [INFO] [1789488534.687001749] [robot_1.robot_supervisor]: Triggered uncontrollable event: EV_zone_a_not_visible
[balanced_delivery_supervisor-24] [INFO] [1789488534.687560726] [robot_1.robot_supervisor]: Triggered uncontrollable event: EV_zone_b_not_visible
[balanced_delivery_supervisor-22] [INFO] [1789488534.689404027] [robot_2.robot_supervisor]: Triggered uncontrollable event: EV_zone_a_not_visible
[balanced_delivery_supervisor-22] [INFO] [1789488534.689959198] [robot_2.robot_supervisor]: Triggered uncontrollable event: EV_zone_b_not_visible
[balanced_delivery_supervisor-22] [INFO] [1789488534.690595909] [robot_2.robot_supervisor]: Selected controllable event: EV_move_forward
[balanced_delivery_supervisor-24] [INFO] [1789488534.702917672] [robot_1.robot_supervisor]: Selected controllable event: EV_search_zone
[balanced_delivery_supervisor-24] [INFO] [1789488534.873595953] [robot_1.robot_supervisor]: Selected controllable event: EV_move_forward
[balanced_delivery_supervisor-22] [INFO] [1789488534.989888209] [robot_2.robot_supervisor]: Selected controllable event: EV_search_zone
[balanced_delivery_supervisor-24] [INFO] [1789488535.182025326] [robot_1.robot_supervisor]: Selected controllable event: EV_move_forward
[balanced_delivery_supervisor-22] [INFO] [1789488535.188924657] [robot_2.robot_supervisor]: Triggered uncontrollable event: EV_zone_a_not_visible
[balanced_delivery_supervisor-22] [INFO] [1789488535.193342672] [robot_2.robot_supervisor]: Triggered uncontrollable event: EV_zone_b_not_visible
[balanced_delivery_supervisor-22] [INFO] [1789488535.201461054] [robot_2.robot_supervisor]: Selected controllable event: EV_move_forward
[balanced_delivery_supervisor-24] [INFO] [1789488535.488194812] [robot_1.robot_supervisor]: Triggered uncontrollable event: EV_zone_b_visible
[balanced_delivery_supervisor-24] [INFO] [1789488535.488762684] [robot_1.robot_supervisor]: Triggered uncontrollable event: EV_zone_a_not_visible
[balanced_delivery_supervisor-24] [INFO] [1789488535.489462028] [robot_1.robot_supervisor]: Selected controllable event: EV_move_forward
[balanced_delivery_supervisor-22] [INFO] [1789488535.498164795] [robot_2.robot_supervisor]: Selected controllable event: EV_move_forward
[balanced_delivery_supervisor-24] [INFO] [1789488535.697331065] [robot_1.robot_supervisor]: Selected controllable event: EV_move_forward
[balanced_delivery_supervisor-22] [INFO] [1789488535.800033468] [robot_2.robot_supervisor]: Triggered uncontrollable event: EV_zone_a_not_visible
[balanced_delivery_supervisor-22] [INFO] [1789488535.800545268] [robot_2.robot_supervisor]: Triggered uncontrollable event: EV_zone_b_not_visible
[balanced_delivery_supervisor-22] [INFO] [1789488535.801189967] [robot_2.robot_supervisor]: Selected controllable event: EV_move_forward
[balanced_delivery_supervisor-24] [INFO] [1789488535.979658428] [robot_1.robot_supervisor]: Triggered uncontrollable event: EV_zone_b_visible
[balanced_delivery_supervisor-24] [INFO] [1789488535.985487845] [robot_1.robot_supervisor]: Triggered uncontrollable event: EV_zone_a_not_visible
[balanced_delivery_supervisor-24] [INFO] [1789488535.990548686] [robot_1.robot_supervisor]: Selected controllable event: EV_move_forward
[balanced_delivery_supervisor-22] [INFO] [1789488536.096949341] [robot_2.robot_supervisor]: Selected controllable event: EV_search_zone
[balanced_delivery_supervisor-22] [INFO] [1789488536.204460791] [robot_2.robot_supervisor]: Selected controllable event: EV_move_forward
[balanced_delivery_supervisor-24] [INFO] [1789488536.275953406] [robot_1.robot_supervisor]: Selected controllable event: EV_move_forward
[balanced_delivery_supervisor-22] [INFO] [1789488536.485572300] [robot_2.robot_supervisor]: Triggered uncontrollable event: EV_zone_a_not_visible
[balanced_delivery_supervisor-22] [INFO] [1789488536.486164731] [robot_2.robot_supervisor]: Triggered uncontrollable event: EV_zone_b_not_visible
[balanced_delivery_supervisor-24] [INFO] [1789488536.487274718] [robot_1.robot_supervisor]: Triggered uncontrollable event: EV_zone_b_visible
[balanced_delivery_supervisor-24] [INFO] [1789488536.487759363] [robot_1.robot_supervisor]: Triggered uncontrollable event: EV_zone_a_not_visible
[balanced_delivery_supervisor-24] [INFO] [1789488536.488171986] [robot_1.robot_supervisor]: Triggered uncontrollable event: EV_obstacle_front
[balanced_delivery_supervisor-24] [INFO] [1789488536.488813209] [robot_1.robot_supervisor]: Selected controllable event: EV_rotate_counterclockwise
[balanced_delivery_supervisor-22] [INFO] [1789488536.497728948] [robot_2.robot_supervisor]: Selected controllable event: EV_move_forward
[balanced_delivery_supervisor-24] [INFO] [1789488536.684420801] [robot_1.robot_supervisor]: Triggered uncontrollable event: EV_obstacle_front
[balanced_delivery_supervisor-24] [INFO] [1789488536.685197596] [robot_1.robot_supervisor]: Selected controllable event: EV_move_backward
[balanced_delivery_supervisor-22] [INFO] [1789488536.806309227] [robot_2.robot_supervisor]: Selected controllable event: EV_move_forward
[balanced_delivery_supervisor-24] [INFO] [1789488536.981917006] [robot_1.robot_supervisor]: Triggered uncontrollable event: EV_zone_a_not_visible
[balanced_delivery_supervisor-24] [INFO] [1789488536.982555005] [robot_1.robot_supervisor]: Triggered uncontrollable event: EV_obstacle_front
[balanced_delivery_supervisor-24] [INFO] [1789488536.983277242] [robot_1.robot_supervisor]: Selected controllable event: EV_rotate_counterclockwise
[balanced_delivery_supervisor-22] [INFO] [1789488537.086400072] [robot_2.robot_supervisor]: Triggered uncontrollable event: EV_zone_a_not_visible
[balanced_delivery_supervisor-22] [INFO] [1789488537.095006598] [robot_2.robot_supervisor]: Triggered uncontrollable event: EV_zone_b_not_visible
[balanced_delivery_supervisor-22] [INFO] [1789488537.100468794] [robot_2.robot_supervisor]: Selected controllable event: EV_search_zone
[balanced_delivery_supervisor-24] [INFO] [1789488537.180151371] [robot_1.robot_supervisor]: Triggered uncontrollable event: EV_zone_b_visible
[balanced_delivery_supervisor-24] [INFO] [1789488537.186617912] [robot_1.robot_supervisor]: Triggered uncontrollable event: EV_obstacle_front
[balanced_delivery_supervisor-24] [INFO] [1789488537.187289807] [robot_1.robot_supervisor]: Selected controllable event: EV_u_turn
[balanced_delivery_supervisor-24] [INFO] [1789488537.192621671] [robot_1.robot_supervisor]: Starting FULL ROTATE (omega=1.000, have_odom=True, target_rad=3.142, timeout_s=3.500)
[balanced_delivery_supervisor-22] [INFO] [1789488537.292351325] [robot_2.robot_supervisor]: Selected controllable event: EV_move_forward
[balanced_delivery_supervisor-22] [INFO] [1789488537.496608186] [robot_2.robot_supervisor]: Selected controllable event: EV_search_zone
[balanced_delivery_supervisor-22] [INFO] [1789488537.606281435] [robot_2.robot_supervisor]: Triggered uncontrollable event: EV_zone_a_not_visible
[balanced_delivery_supervisor-22] [INFO] [1789488537.607008391] [robot_2.robot_supervisor]: Selected controllable event: EV_move_forward
[balanced_delivery_supervisor-22] [INFO] [1789488537.881612707] [robot_2.robot_supervisor]: Triggered uncontrollable event: EV_zone_b_not_visible
[balanced_delivery_supervisor-22] [INFO] [1789488537.889180058] [robot_2.robot_supervisor]: Selected controllable event: EV_search_zone
[balanced_delivery_supervisor-22] [INFO] [1789488537.995071575] [robot_2.robot_supervisor]: Selected controllable event: EV_move_forward
[balanced_delivery_supervisor-20] [INFO] [1789488538.165062583] [robot_0.robot_supervisor]: FULL ROTATE completed by timeout
[balanced_delivery_supervisor-22] [INFO] [1789488538.293673712] [robot_2.robot_supervisor]: Triggered uncontrollable event: EV_zone_a_not_visible
[balanced_delivery_supervisor-22] [INFO] [1789488538.303155428] [robot_2.robot_supervisor]: Triggered uncontrollable event: EV_zone_b_not_visible
[balanced_delivery_supervisor-22] [INFO] [1789488538.307585672] [robot_2.robot_supervisor]: Selected controllable event: EV_move_forward
[balanced_delivery_supervisor-20] [INFO] [1789488538.438188001] [robot_0.robot_supervisor]: Triggered uncontrollable event: EV_zone_a_not_visible
[balanced_delivery_supervisor-20] [INFO] [1789488538.438775883] [robot_0.robot_supervisor]: Triggered uncontrollable event: EV_zone_b_not_visible
[balanced_delivery_supervisor-20] [INFO] [1789488538.456799745] [robot_0.robot_supervisor]: Selected controllable event: EV_move_forward
[balanced_delivery_supervisor-22] [INFO] [1789488538.609290699] [robot_2.robot_supervisor]: Selected controllable event: EV_search_zone
[balanced_delivery_supervisor-20] [INFO] [1789488538.746998037] [robot_0.robot_supervisor]: Selected controllable event: EV_search_zone
[balanced_delivery_supervisor-22] [INFO] [1789488538.795384263] [robot_2.robot_supervisor]: Selected controllable event: EV_search_zone
[balanced_delivery_supervisor-20] [INFO] [1789488538.858791106] [robot_0.robot_supervisor]: Selected controllable event: EV_search_zone
[balanced_delivery_supervisor-22] [INFO] [1789488539.013223461] [robot_2.robot_supervisor]: Selected controllable event: EV_move_forward
[balanced_delivery_supervisor-20] [INFO] [1789488539.054438131] [robot_0.robot_supervisor]: Triggered uncontrollable event: EV_zone_a_not_visible
[balanced_delivery_supervisor-20] [INFO] [1789488539.055089582] [robot_0.robot_supervisor]: Triggered uncontrollable event: EV_zone_b_not_visible
[balanced_delivery_supervisor-20] [INFO] [1789488539.059650976] [robot_0.robot_supervisor]: Selected controllable event: EV_move_forward
[balanced_delivery_supervisor-22] [INFO] [1789488539.289490765] [robot_2.robot_supervisor]: Triggered uncontrollable event: EV_zone_a_not_visible
[balanced_delivery_supervisor-22] [INFO] [1789488539.295481550] [robot_2.robot_supervisor]: Triggered uncontrollable event: EV_zone_b_not_visible
[balanced_delivery_supervisor-22] [INFO] [1789488539.300056079] [robot_2.robot_supervisor]: Selected controllable event: EV_move_forward
[balanced_delivery_supervisor-20] [INFO] [1789488539.339841926] [robot_0.robot_supervisor]: Selected controllable event: EV_search_zone
[balanced_delivery_supervisor-20] [INFO] [1789488539.532202526] [robot_0.robot_supervisor]: Selected controllable event: EV_move_forward
[balanced_delivery_supervisor-22] [INFO] [1789488539.591488512] [robot_2.robot_supervisor]: Selected controllable event: EV_move_forward
[balanced_delivery_supervisor-20] [INFO] [1789488539.746973356] [robot_0.robot_supervisor]: Triggered uncontrollable event: EV_zone_a_visible
[balanced_delivery_supervisor-20] [INFO] [1789488539.756292269] [robot_0.robot_supervisor]: Triggered uncontrollable event: EV_zone_b_not_visible
[balanced_delivery_supervisor-20] [INFO] [1789488539.767495952] [robot_0.robot_supervisor]: Selected controllable event: EV_approach_zone
[balanced_delivery_supervisor-22] [INFO] [1789488539.805495374] [robot_2.robot_supervisor]: Triggered uncontrollable event: EV_zone_a_not_visible
[balanced_delivery_supervisor-22] [INFO] [1789488539.811866536] [robot_2.robot_supervisor]: Selected controllable event: EV_search_zone
[balanced_delivery_supervisor-22] [INFO] [1789488539.983806002] [robot_2.robot_supervisor]: Triggered uncontrollable event: EV_zone_b_not_visible
[balanced_delivery_supervisor-22] [INFO] [1789488539.987195482] [robot_2.robot_supervisor]: Selected controllable event: EV_search_zone
[balanced_delivery_supervisor-20] [INFO] [1789488540.050965145] [robot_0.robot_supervisor]: Selected controllable event: EV_move_forward
[balanced_delivery_supervisor-22] [INFO] [1789488540.200201209] [robot_2.robot_supervisor]: Selected controllable event: EV_move_forward
[balanced_delivery_supervisor-20] [INFO] [1789488540.342047227] [robot_0.robot_supervisor]: Selected controllable event: EV_move_forward
[balanced_delivery_supervisor-22] [INFO] [1789488540.480468672] [robot_2.robot_supervisor]: Triggered uncontrollable event: EV_zone_a_not_visible
[balanced_delivery_supervisor-22] [INFO] [1789488540.494462735] [robot_2.robot_supervisor]: Selected controllable event: EV_move_forward
[balanced_delivery_supervisor-20] [INFO] [1789488540.644244108] [robot_0.robot_supervisor]: Triggered uncontrollable event: EV_zone_a_visible
[balanced_delivery_supervisor-20] [INFO] [1789488540.644906360] [robot_0.robot_supervisor]: Triggered uncontrollable event: EV_zone_b_not_visible
[balanced_delivery_supervisor-20] [INFO] [1789488540.654024272] [robot_0.robot_supervisor]: Selected controllable event: EV_move_forward
[balanced_delivery_supervisor-24] [INFO] [1789488540.789753364] [robot_1.robot_supervisor]: FULL ROTATE completed by timeout
[balanced_delivery_supervisor-22] [INFO] [1789488540.794399166] [robot_2.robot_supervisor]: Triggered uncontrollable event: EV_zone_b_not_visible
[balanced_delivery_supervisor-22] [INFO] [1789488540.807527879] [robot_2.robot_supervisor]: Selected controllable event: EV_move_forward
[balanced_delivery_supervisor-20] [INFO] [1789488540.941704021] [robot_0.robot_supervisor]: Selected controllable event: EV_approach_zone
[color_detector-27] [INFO] [1789488541.046663556] [robot_0.target_detector]: RGB HEARTBEAT frames_total=50 recent_rate_hz=1.507 last_frame_age_s=0.632 status=OK
[color_detector-31] [INFO] [1789488541.057769005] [robot_1.target_detector]: RGB HEARTBEAT frames_total=50 recent_rate_hz=1.492 last_frame_age_s=0.528 status=OK
[color_detector-29] [INFO] [1789488541.059636784] [robot_2.target_detector]: RGB HEARTBEAT frames_total=50 recent_rate_hz=1.498 last_frame_age_s=0.586 status=OK
[balanced_delivery_supervisor-22] [INFO] [1789488541.092663128] [robot_2.robot_supervisor]: Selected controllable event: EV_move_forward
[balanced_delivery_supervisor-24] [INFO] [1789488541.099601985] [robot_1.robot_supervisor]: Triggered uncontrollable event: EV_zone_b_visible
[balanced_delivery_supervisor-24] [INFO] [1789488541.100249620] [robot_1.robot_supervisor]: Triggered uncontrollable event: EV_zone_a_not_visible
[balanced_delivery_supervisor-24] [INFO] [1789488541.115209369] [robot_1.robot_supervisor]: Selected controllable event: EV_move_forward
[balanced_delivery_supervisor-20] [INFO] [1789488541.264858320] [robot_0.robot_supervisor]: Triggered uncontrollable event: EV_zone_a_visible
[balanced_delivery_supervisor-20] [INFO] [1789488541.265605864] [robot_0.robot_supervisor]: Selected controllable event: EV_move_forward
[balanced_delivery_supervisor-22] [INFO] [1789488541.296476345] [robot_2.robot_supervisor]: Selected controllable event: EV_move_forward
[balanced_delivery_supervisor-24] [INFO] [1789488541.379501109] [robot_1.robot_supervisor]: Triggered uncontrollable event: EV_zone_a_not_visible
[balanced_delivery_supervisor-24] [INFO] [1789488541.386421455] [robot_1.robot_supervisor]: Selected controllable event: EV_move_forward
[balanced_delivery_supervisor-22] [INFO] [1789488541.500844593] [robot_2.robot_supervisor]: Triggered uncontrollable event: EV_zone_a_visible
[balanced_delivery_supervisor-22] [INFO] [1789488541.506878064] [robot_2.robot_supervisor]: Triggered uncontrollable event: EV_zone_b_not_visible
[balanced_delivery_supervisor-22] [INFO] [1789488541.511769768] [robot_2.robot_supervisor]: Selected controllable event: EV_approach_zone
[balanced_delivery_supervisor-20] [INFO] [1789488541.541301747] [robot_0.robot_supervisor]: Triggered uncontrollable event: EV_zone_b_not_visible
[balanced_delivery_supervisor-20] [INFO] [1789488541.552510839] [robot_0.robot_supervisor]: Selected controllable event: EV_approach_zone
[balanced_delivery_supervisor-24] [INFO] [1789488541.594104684] [robot_1.robot_supervisor]: Triggered uncontrollable event: EV_zone_b_not_visible
[balanced_delivery_supervisor-24] [INFO] [1789488541.598519822] [robot_1.robot_supervisor]: Selected controllable event: EV_search_zone
[balanced_delivery_supervisor-22] [INFO] [1789488541.798024772] [robot_2.robot_supervisor]: Selected controllable event: EV_move_forward
[balanced_delivery_supervisor-24] [INFO] [1789488541.799253730] [robot_1.robot_supervisor]: Selected controllable event: EV_move_forward
[balanced_delivery_supervisor-20] [INFO] [1789488541.849595382] [robot_0.robot_supervisor]: Selected controllable event: EV_move_forward
[balanced_delivery_supervisor-22] [INFO] [1789488542.010104620] [robot_2.robot_supervisor]: Triggered uncontrollable event: EV_zone_a_visible
[balanced_delivery_supervisor-22] [INFO] [1789488542.013652404] [robot_2.robot_supervisor]: Selected controllable event: EV_approach_zone
[balanced_delivery_supervisor-24] [INFO] [1789488542.090620394] [robot_1.robot_supervisor]: Triggered uncontrollable event: EV_zone_a_not_visible
[balanced_delivery_supervisor-24] [INFO] [1789488542.096449601] [robot_1.robot_supervisor]: Selected controllable event: EV_move_forward
[balanced_delivery_supervisor-20] [INFO] [1789488542.137241256] [robot_0.robot_supervisor]: Triggered uncontrollable event: EV_zone_a_visible
[balanced_delivery_supervisor-20] [INFO] [1789488542.143991448] [robot_0.robot_supervisor]: Triggered uncontrollable event: EV_zone_b_not_visible
[balanced_delivery_supervisor-20] [INFO] [1789488542.144739277] [robot_0.robot_supervisor]: Selected controllable event: EV_move_forward
[balanced_delivery_supervisor-22] [INFO] [1789488542.307073138] [robot_2.robot_supervisor]: Triggered uncontrollable event: EV_zone_b_not_visible
[balanced_delivery_supervisor-22] [INFO] [1789488542.312223743] [robot_2.robot_supervisor]: Selected controllable event: EV_move_forward
[balanced_delivery_supervisor-24] [INFO] [1789488542.382170361] [robot_1.robot_supervisor]: Triggered uncontrollable event: EV_zone_b_not_visible
[balanced_delivery_supervisor-24] [INFO] [1789488542.382878586] [robot_1.robot_supervisor]: Selected controllable event: EV_search_zone
[balanced_delivery_supervisor-20] [INFO] [1789488542.437544311] [robot_0.robot_supervisor]: Selected controllable event: EV_move_forward
[balanced_delivery_supervisor-24] [INFO] [1789488542.486875893] [robot_1.robot_supervisor]: Selected controllable event: EV_search_zone
[balanced_delivery_supervisor-22] [INFO] [1789488542.593366261] [robot_2.robot_supervisor]: Selected controllable event: EV_approach_zone
[balanced_delivery_supervisor-24] [INFO] [1789488542.685884599] [robot_1.robot_supervisor]: Selected controllable event: EV_search_zone
[balanced_delivery_supervisor-20] [INFO] [1789488542.746111409] [robot_0.robot_supervisor]: Triggered uncontrollable event: EV_zone_a_visible
[balanced_delivery_supervisor-20] [INFO] [1789488542.746640316] [robot_0.robot_supervisor]: Triggered uncontrollable event: EV_zone_b_not_visible
[balanced_delivery_supervisor-20] [INFO] [1789488542.752711955] [robot_0.robot_supervisor]: Selected controllable event: EV_move_forward
[balanced_delivery_supervisor-24] [INFO] [1789488542.885013360] [robot_1.robot_supervisor]: Triggered uncontrollable event: EV_zone_a_not_visible
[balanced_delivery_supervisor-24] [INFO] [1789488542.891950029] [robot_1.robot_supervisor]: Triggered uncontrollable event: EV_zone_b_not_visible
[balanced_delivery_supervisor-22] [INFO] [1789488542.897791556] [robot_2.robot_supervisor]: Triggered uncontrollable event: EV_zone_a_visible
[balanced_delivery_supervisor-22] [INFO] [1789488542.898375052] [robot_2.robot_supervisor]: Triggered uncontrollable event: EV_zone_b_not_visible
[balanced_delivery_supervisor-24] [INFO] [1789488542.902708701] [robot_1.robot_supervisor]: Selected controllable event: EV_move_forward
[balanced_delivery_supervisor-22] [INFO] [1789488542.912156611] [robot_2.robot_supervisor]: Selected controllable event: EV_move_forward
[balanced_delivery_supervisor-20] [INFO] [1789488543.026843854] [robot_0.robot_supervisor]: Selected controllable event: EV_move_forward
[balanced_delivery_supervisor-24] [INFO] [1789488543.181480363] [robot_1.robot_supervisor]: Selected controllable event: EV_move_forward
[balanced_delivery_supervisor-22] [INFO] [1789488543.187617472] [robot_2.robot_supervisor]: Selected controllable event: EV_move_forward
[balanced_delivery_supervisor-20] [INFO] [1789488543.235210348] [robot_0.robot_supervisor]: Triggered uncontrollable event: EV_zone_a_visible
[balanced_delivery_supervisor-20] [INFO] [1789488543.235866575] [robot_0.robot_supervisor]: Triggered uncontrollable event: EV_zone_b_not_visible
[balanced_delivery_supervisor-20] [INFO] [1789488543.236516430] [robot_0.robot_supervisor]: Selected controllable event: EV_approach_zone
[balanced_delivery_supervisor-22] [INFO] [1789488543.392180640] [robot_2.robot_supervisor]: Triggered uncontrollable event: EV_zone_a_visible
[balanced_delivery_supervisor-22] [INFO] [1789488543.395146276] [robot_2.robot_supervisor]: Triggered uncontrollable event: EV_zone_b_not_visible
[balanced_delivery_supervisor-22] [INFO] [1789488543.404394956] [robot_2.robot_supervisor]: Selected controllable event: EV_approach_zone
[balanced_delivery_supervisor-24] [INFO] [1789488543.409942433] [robot_1.robot_supervisor]: Triggered uncontrollable event: EV_zone_a_not_visible
[balanced_delivery_supervisor-24] [INFO] [1789488543.411835577] [robot_1.robot_supervisor]: Triggered uncontrollable event: EV_obstacle_right
[balanced_delivery_supervisor-24] [INFO] [1789488543.412421263] [robot_1.robot_supervisor]: Triggered uncontrollable event: EV_zone_b_not_visible
[balanced_delivery_supervisor-24] [INFO] [1789488543.419077458] [robot_1.robot_supervisor]: Selected controllable event: EV_rotate_counterclockwise
[balanced_delivery_supervisor-20] [INFO] [1789488543.454126101] [robot_0.robot_supervisor]: Selected controllable event: EV_approach_zone
[balanced_delivery_supervisor-24] [INFO] [1789488543.566936748] [robot_1.robot_supervisor]: Triggered uncontrollable event: EV_obstacle_right
[balanced_delivery_supervisor-24] [INFO] [1789488543.567767942] [robot_1.robot_supervisor]: Selected controllable event: EV_rotate_counterclockwise
[balanced_delivery_supervisor-22] [INFO] [1789488543.691846039] [robot_2.robot_supervisor]: Selected controllable event: EV_move_forward
[balanced_delivery_supervisor-20] [INFO] [1789488543.736538800] [robot_0.robot_supervisor]: Selected controllable event: EV_move_forward
[balanced_delivery_supervisor-24] [INFO] [1789488543.773991732] [robot_1.robot_supervisor]: Triggered uncontrollable event: EV_obstacle_right
[balanced_delivery_supervisor-24] [INFO] [1789488543.774739978] [robot_1.robot_supervisor]: Selected controllable event: EV_rotate_counterclockwise
[balanced_delivery_supervisor-22] [INFO] [1789488543.926761258] [robot_2.robot_supervisor]: Selected controllable event: EV_approach_zone
[balanced_delivery_supervisor-20] [INFO] [1789488543.944719218] [robot_0.robot_supervisor]: Triggered uncontrollable event: EV_zone_a_reached
[balanced_delivery_supervisor-20] [INFO] [1789488543.945477120] [robot_0.robot_supervisor]: Selected controllable event: EV_search_zone
[balanced_delivery_supervisor-24] [INFO] [1789488543.979087361] [robot_1.robot_supervisor]: Triggered uncontrollable event: EV_zone_a_not_visible
[balanced_delivery_supervisor-24] [INFO] [1789488543.979694480] [robot_1.robot_supervisor]: Triggered uncontrollable event: EV_obstacle_right
[balanced_delivery_supervisor-24] [INFO] [1789488543.980231655] [robot_1.robot_supervisor]: Triggered uncontrollable event: EV_zone_b_not_visible
[balanced_delivery_supervisor-24] [INFO] [1789488544.004606086] [robot_1.robot_supervisor]: Selected controllable event: EV_rotate_counterclockwise
[balanced_delivery_supervisor-20] [INFO] [1789488544.139844293] [robot_0.robot_supervisor]: Triggered uncontrollable event: EV_zone_b_not_visible
[balanced_delivery_supervisor-20] [INFO] [1789488544.140692317] [robot_0.robot_supervisor]: Selected controllable event: EV_move_forward
[balanced_delivery_supervisor-24] [INFO] [1789488544.173842500] [robot_1.robot_supervisor]: Triggered uncontrollable event: EV_obstacle_right
[balanced_delivery_supervisor-24] [INFO] [1789488544.193088547] [robot_1.robot_supervisor]: Selected controllable event: EV_u_turn
[balanced_delivery_supervisor-24] [INFO] [1789488544.193742654] [robot_1.robot_supervisor]: Starting FULL ROTATE (omega=1.000, have_odom=True, target_rad=3.142, timeout_s=3.500)
[balanced_delivery_supervisor-22] [INFO] [1789488544.203081523] [robot_2.robot_supervisor]: Triggered uncontrollable event: EV_zone_a_visible
[balanced_delivery_supervisor-22] [INFO] [1789488544.203778400] [robot_2.robot_supervisor]: Triggered uncontrollable event: EV_zone_b_visible
[balanced_delivery_supervisor-22] [INFO] [1789488544.208664614] [robot_2.robot_supervisor]: Triggered uncontrollable event: EV_obstacle_left
[balanced_delivery_supervisor-22] [INFO] [1789488544.216513866] [robot_2.robot_supervisor]: Selected controllable event: EV_rotate_clockwise
[balanced_delivery_supervisor-22] [INFO] [1789488544.390323072] [robot_2.robot_supervisor]: Triggered uncontrollable event: EV_obstacle_left
[balanced_delivery_supervisor-22] [INFO] [1789488544.391035614] [robot_2.robot_supervisor]: Selected controllable event: EV_rotate_clockwise
[balanced_delivery_supervisor-20] [INFO] [1789488544.448068236] [robot_0.robot_supervisor]: Selected controllable event: EV_move_forward
[balanced_delivery_supervisor-22] [INFO] [1789488544.505291070] [robot_2.robot_supervisor]: Triggered uncontrollable event: EV_obstacle_left
[balanced_delivery_supervisor-22] [INFO] [1789488544.506012137] [robot_2.robot_supervisor]: Selected controllable event: EV_rotate_clockwise
[balanced_delivery_supervisor-22] [INFO] [1789488544.692370314] [robot_2.robot_supervisor]: Triggered uncontrollable event: EV_zone_a_visible
[balanced_delivery_supervisor-22] [INFO] [1789488544.697581507] [robot_2.robot_supervisor]: Triggered uncontrollable event: EV_zone_b_visible
[balanced_delivery_supervisor-22] [INFO] [1789488544.698158325] [robot_2.robot_supervisor]: Triggered uncontrollable event: EV_obstacle_left
[balanced_delivery_supervisor-22] [INFO] [1789488544.705626722] [robot_2.robot_supervisor]: Selected controllable event: EV_rotate_clockwise
[balanced_delivery_supervisor-20] [INFO] [1789488544.732802453] [robot_0.robot_supervisor]: Triggered uncontrollable event: EV_zone_b_not_visible
[balanced_delivery_supervisor-20] [INFO] [1789488544.742482539] [robot_0.robot_supervisor]: Triggered uncontrollable event: EV_zone_a_reached
[balanced_delivery_supervisor-20] [INFO] [1789488544.748377106] [robot_0.robot_supervisor]: Selected controllable event: EV_move_forward
[balanced_delivery_supervisor-22] [INFO] [1789488544.889240746] [robot_2.robot_supervisor]: Triggered uncontrollable event: EV_obstacle_left
[balanced_delivery_supervisor-22] [INFO] [1789488544.892367492] [robot_2.robot_supervisor]: Selected controllable event: EV_u_turn
[balanced_delivery_supervisor-22] [INFO] [1789488544.903100123] [robot_2.robot_supervisor]: Starting FULL ROTATE (omega=1.000, have_odom=True, target_rad=3.142, timeout_s=3.500)
[balanced_delivery_supervisor-20] [INFO] [1789488545.033606376] [robot_0.robot_supervisor]: Selected controllable event: EV_search_zone
[balanced_delivery_supervisor-20] [INFO] [1789488545.142581618] [robot_0.robot_supervisor]: Selected controllable event: EV_search_zone
[balanced_delivery_supervisor-20] [INFO] [1789488545.325141868] [robot_0.robot_supervisor]: Triggered uncontrollable event: EV_obstacle_front
[balanced_delivery_supervisor-20] [INFO] [1789488545.331435728] [robot_0.robot_supervisor]: Triggered uncontrollable event: EV_zone_b_not_visible
[balanced_delivery_supervisor-20] [INFO] [1789488545.333449989] [robot_0.robot_supervisor]: Triggered uncontrollable event: EV_zone_a_reached
[balanced_delivery_supervisor-20] [INFO] [1789488545.336530192] [robot_0.robot_supervisor]: Selected controllable event: EV_move_backward
[balanced_delivery_supervisor-20] [INFO] [1789488545.633030211] [robot_0.robot_supervisor]: Triggered uncontrollable event: EV_obstacle_front
[balanced_delivery_supervisor-20] [INFO] [1789488545.633819150] [robot_0.robot_supervisor]: Selected controllable event: EV_move_backward
[balanced_delivery_supervisor-20] [INFO] [1789488545.941182950] [robot_0.robot_supervisor]: Triggered uncontrollable event: EV_obstacle_front
[balanced_delivery_supervisor-20] [INFO] [1789488545.941693974] [robot_0.robot_supervisor]: Triggered uncontrollable event: EV_zone_b_not_visible
[balanced_delivery_supervisor-20] [INFO] [1789488545.942176212] [robot_0.robot_supervisor]: Triggered uncontrollable event: EV_zone_a_reached
[balanced_delivery_supervisor-20] [INFO] [1789488545.942815764] [robot_0.robot_supervisor]: Selected controllable event: EV_rotate_counterclockwise
[balanced_delivery_supervisor-20] [INFO] [1789488546.140593380] [robot_0.robot_supervisor]: Triggered uncontrollable event: EV_obstacle_front
[balanced_delivery_supervisor-20] [INFO] [1789488546.148036646] [robot_0.robot_supervisor]: Selected controllable event: EV_rotate_counterclockwise
[balanced_delivery_supervisor-20] [INFO] [1789488546.336700137] [robot_0.robot_supervisor]: Triggered uncontrollable event: EV_obstacle_front
[balanced_delivery_supervisor-20] [INFO] [1789488546.358186168] [robot_0.robot_supervisor]: Selected controllable event: EV_rotate_counterclockwise
[balanced_delivery_supervisor-20] [INFO] [1789488546.540891829] [robot_0.robot_supervisor]: Triggered uncontrollable event: EV_obstacle_front
[balanced_delivery_supervisor-20] [INFO] [1789488546.541411820] [robot_0.robot_supervisor]: Triggered uncontrollable event: EV_zone_b_not_visible
[balanced_delivery_supervisor-20] [INFO] [1789488546.541811127] [robot_0.robot_supervisor]: Triggered uncontrollable event: EV_zone_a_reached
[balanced_delivery_supervisor-20] [INFO] [1789488546.548798958] [robot_0.robot_supervisor]: Selected controllable event: EV_rotate_clockwise
[balanced_delivery_supervisor-20] [INFO] [1789488546.737298347] [robot_0.robot_supervisor]: Triggered uncontrollable event: EV_obstacle_front
[balanced_delivery_supervisor-20] [INFO] [1789488546.741770095] [robot_0.robot_supervisor]: Selected controllable event: EV_rotate_clockwise
[balanced_delivery_supervisor-20] [INFO] [1789488546.937351641] [robot_0.robot_supervisor]: Triggered uncontrollable event: EV_obstacle_front
[balanced_delivery_supervisor-20] [INFO] [1789488546.938079052] [robot_0.robot_supervisor]: Selected controllable event: EV_move_backward
[balanced_delivery_supervisor-20] [INFO] [1789488547.147364469] [robot_0.robot_supervisor]: Triggered uncontrollable event: EV_obstacle_right
[balanced_delivery_supervisor-20] [INFO] [1789488547.147948495] [robot_0.robot_supervisor]: Triggered uncontrollable event: EV_zone_b_not_visible
[balanced_delivery_supervisor-20] [INFO] [1789488547.148520464] [robot_0.robot_supervisor]: Triggered uncontrollable event: EV_zone_a_reached
[balanced_delivery_supervisor-20] [INFO] [1789488547.149371995] [robot_0.robot_supervisor]: Selected controllable event: EV_rotate_counterclockwise
[balanced_delivery_supervisor-20] [INFO] [1789488547.324642439] [robot_0.robot_supervisor]: Triggered uncontrollable event: EV_obstacle_right
[balanced_delivery_supervisor-20] [INFO] [1789488547.325423283] [robot_0.robot_supervisor]: Selected controllable event: EV_u_turn
[balanced_delivery_supervisor-20] [INFO] [1789488547.326067155] [robot_0.robot_supervisor]: Starting FULL ROTATE (omega=1.000, have_odom=True, target_rad=3.142, timeout_s=3.500)
[color_detector-27] [INFO] [1789488547.523007671] [robot_0.target_detector]: RGB HEARTBEAT frames_total=60 recent_rate_hz=1.540 last_frame_age_s=0.558 status=OK
[color_detector-31] [INFO] [1789488547.524305717] [robot_1.target_detector]: RGB HEARTBEAT frames_total=60 recent_rate_hz=1.548 last_frame_age_s=0.435 status=OK
[color_detector-29] [INFO] [1789488547.537421754] [robot_2.target_detector]: RGB HEARTBEAT frames_total=60 recent_rate_hz=1.539 last_frame_age_s=0.495 status=OK
[balanced_delivery_supervisor-24] [INFO] [1789488547.772449642] [robot_1.robot_supervisor]: FULL ROTATE completed by timeout
[balanced_delivery_supervisor-24] [INFO] [1789488547.984844649] [robot_1.robot_supervisor]: Triggered uncontrollable event: EV_zone_a_not_visible
[balanced_delivery_supervisor-24] [INFO] [1789488547.985625674] [robot_1.robot_supervisor]: Triggered uncontrollable event: EV_zone_b_not_visible
[balanced_delivery_supervisor-24] [INFO] [1789488547.990646851] [robot_1.robot_supervisor]: Selected controllable event: EV_search_zone
[balanced_delivery_supervisor-24] [INFO] [1789488548.176044783] [robot_1.robot_supervisor]: Selected controllable event: EV_move_forward
[balanced_delivery_supervisor-22] [INFO] [1789488548.487375480] [robot_2.robot_supervisor]: FULL ROTATE completed by timeout
[balanced_delivery_supervisor-24] [INFO] [1789488548.488149054] [robot_1.robot_supervisor]: Triggered uncontrollable event: EV_zone_a_not_visible
[balanced_delivery_supervisor-24] [INFO] [1789488548.497481002] [robot_1.robot_supervisor]: Triggered uncontrollable event: EV_zone_b_not_visible
[balanced_delivery_supervisor-24] [INFO] [1789488548.498287954] [robot_1.robot_supervisor]: Selected controllable event: EV_search_zone
[balanced_delivery_supervisor-24] [INFO] [1789488548.684765057] [robot_1.robot_supervisor]: Selected controllable event: EV_move_forward
[balanced_delivery_supervisor-22] [INFO] [1789488548.698565824] [robot_2.robot_supervisor]: Triggered uncontrollable event: EV_zone_a_visible
[balanced_delivery_supervisor-22] [INFO] [1789488548.699180323] [robot_2.robot_supervisor]: Triggered uncontrollable event: EV_zone_b_visible
[balanced_delivery_supervisor-22] [INFO] [1789488548.699542863] [robot_2.robot_supervisor]: Triggered uncontrollable event: EV_obstacle_right
[balanced_delivery_supervisor-22] [INFO] [1789488548.714889464] [robot_2.robot_supervisor]: Selected controllable event: EV_u_turn
[balanced_delivery_supervisor-22] [INFO] [1789488548.792858320] [robot_2.robot_supervisor]: Triggered uncontrollable event: EV_obstacle_right
[balanced_delivery_supervisor-22] [INFO] [1789488548.801736092] [robot_2.robot_supervisor]: Selected controllable event: EV_u_turn
[balanced_delivery_supervisor-22] [INFO] [1789488548.878708588] [robot_2.robot_supervisor]: Triggered uncontrollable event: EV_obstacle_right
[balanced_delivery_supervisor-22] [INFO] [1789488548.895708453] [robot_2.robot_supervisor]: Selected controllable event: EV_rotate_counterclockwise
[balanced_delivery_supervisor-22] [WARN] [1789488548.896588527] [robot_2.robot_supervisor]: no translation for 4.7s livelock detected; starting atomic escape (turn_sign=+1)
[balanced_delivery_supervisor-24] [INFO] [1789488548.902308694] [robot_1.robot_supervisor]: Selected controllable event: EV_move_forward
[balanced_delivery_supervisor-24] [INFO] [1789488549.110502592] [robot_1.robot_supervisor]: Selected controllable event: EV_search_zone
[balanced_delivery_supervisor-24] [INFO] [1789488549.278823728] [robot_1.robot_supervisor]: Triggered uncontrollable event: EV_zone_a_visible
[balanced_delivery_supervisor-24] [INFO] [1789488549.279557021] [robot_1.robot_supervisor]: Triggered uncontrollable event: EV_zone_b_not_visible
[balanced_delivery_supervisor-24] [INFO] [1789488549.280319761] [robot_1.robot_supervisor]: Selected controllable event: EV_move_forward
[balanced_delivery_supervisor-24] [INFO] [1789488549.580193041] [robot_1.robot_supervisor]: Selected controllable event: EV_approach_zone
[balanced_delivery_supervisor-24] [INFO] [1789488549.874248105] [robot_1.robot_supervisor]: Triggered uncontrollable event: EV_zone_a_visible
[balanced_delivery_supervisor-24] [INFO] [1789488549.875032330] [robot_1.robot_supervisor]: Selected controllable event: EV_approach_zone
[balanced_delivery_supervisor-24] [INFO] [1789488550.199901747] [robot_1.robot_supervisor]: Triggered uncontrollable event: EV_zone_b_not_visible
[balanced_delivery_supervisor-24] [INFO] [1789488550.205846843] [robot_1.robot_supervisor]: Selected controllable event: EV_move_forward
[balanced_delivery_supervisor-24] [INFO] [1789488550.500159881] [robot_1.robot_supervisor]: Selected controllable event: EV_approach_zone
[balanced_delivery_supervisor-24] [INFO] [1789488550.784763958] [robot_1.robot_supervisor]: Triggered uncontrollable event: EV_zone_a_visible
[balanced_delivery_supervisor-24] [INFO] [1789488550.800899577] [robot_1.robot_supervisor]: Triggered uncontrollable event: EV_zone_b_not_visible
[balanced_delivery_supervisor-24] [INFO] [1789488550.807365722] [robot_1.robot_supervisor]: Selected controllable event: EV_move_forward
[balanced_delivery_supervisor-20] [INFO] [1789488550.842734611] [robot_0.robot_supervisor]: FULL ROTATE completed by timeout
[balanced_delivery_supervisor-24] [INFO] [1789488551.078139469] [robot_1.robot_supervisor]: Selected controllable event: EV_move_forward
[balanced_delivery_supervisor-20] [INFO] [1789488551.140496272] [robot_0.robot_supervisor]: Triggered uncontrollable event: EV_zone_b_visible
[balanced_delivery_supervisor-20] [INFO] [1789488551.140975460] [robot_0.robot_supervisor]: Triggered uncontrollable event: EV_zone_a_reached
[balanced_delivery_supervisor-20] [INFO] [1789488551.153551121] [robot_0.robot_supervisor]: Selected controllable event: EV_move_forward
[balanced_delivery_supervisor-24] [INFO] [1789488551.287703925] [robot_1.robot_supervisor]: Triggered uncontrollable event: EV_zone_a_visible
[balanced_delivery_supervisor-24] [INFO] [1789488551.289674465] [robot_1.robot_supervisor]: Selected controllable event: EV_approach_zone
[balanced_delivery_supervisor-20] [INFO] [1789488551.430877072] [robot_0.robot_supervisor]: Selected controllable event: EV_approach_zone
[balanced_delivery_supervisor-22] [INFO] [1789488551.482718897] [robot_2.robot_supervisor]: Zone-livelock escape completed
[balanced_delivery_supervisor-24] [INFO] [1789488551.567012177] [robot_1.robot_supervisor]: Triggered uncontrollable event: EV_zone_b_visible
[balanced_delivery_supervisor-24] [INFO] [1789488551.567756680] [robot_1.robot_supervisor]: Selected controllable event: EV_approach_zone
[balanced_delivery_supervisor-22] [INFO] [1789488551.687574791] [robot_2.robot_supervisor]: Triggered uncontrollable event: EV_zone_a_visible
[balanced_delivery_supervisor-22] [INFO] [1789488551.688140970] [robot_2.robot_supervisor]: Triggered uncontrollable event: EV_zone_b_visible
[balanced_delivery_supervisor-22] [INFO] [1789488551.688725639] [robot_2.robot_supervisor]: Triggered uncontrollable event: EV_zone_a_not_visible
[balanced_delivery_supervisor-22] [INFO] [1789488551.701424506] [robot_2.robot_supervisor]: Triggered uncontrollable event: EV_zone_b_not_visible
[balanced_delivery_supervisor-22] [INFO] [1789488551.702198037] [robot_2.robot_supervisor]: Selected controllable event: EV_search_zone
[balanced_delivery_supervisor-20] [INFO] [1789488551.736230047] [robot_0.robot_supervisor]: Selected controllable event: EV_approach_zone
[balanced_delivery_supervisor-24] [INFO] [1789488551.772631968] [robot_1.robot_supervisor]: Selected controllable event: EV_move_forward
[balanced_delivery_supervisor-22] [INFO] [1789488551.906727298] [robot_2.robot_supervisor]: Triggered uncontrollable event: EV_zone_a_not_visible
[balanced_delivery_supervisor-22] [INFO] [1789488551.907462454] [robot_2.robot_supervisor]: Selected controllable event: EV_move_forward
[balanced_delivery_supervisor-20] [INFO] [1789488552.036161498] [robot_0.robot_supervisor]: Triggered uncontrollable event: EV_zone_b_visible
[balanced_delivery_supervisor-20] [INFO] [1789488552.043178744] [robot_0.robot_supervisor]: Triggered uncontrollable event: EV_zone_a_reached
[balanced_delivery_supervisor-20] [INFO] [1789488552.043948683] [robot_0.robot_supervisor]: Selected controllable event: EV_move_forward
[balanced_delivery_supervisor-24] [INFO] [1789488552.080455213] [robot_1.robot_supervisor]: Triggered uncontrollable event: EV_zone_a_visible
[balanced_delivery_supervisor-24] [INFO] [1789488552.085572245] [robot_1.robot_supervisor]: Triggered uncontrollable event: EV_zone_b_visible
[balanced_delivery_supervisor-24] [INFO] [1789488552.098044241] [robot_1.robot_supervisor]: Selected controllable event: EV_approach_zone
[balanced_delivery_supervisor-22] [INFO] [1789488552.178285665] [robot_2.robot_supervisor]: Triggered uncontrollable event: EV_zone_b_not_visible
[balanced_delivery_supervisor-22] [INFO] [1789488552.178908270] [robot_2.robot_supervisor]: Selected controllable event: EV_move_forward
[balanced_delivery_supervisor-20] [INFO] [1789488552.327598182] [robot_0.robot_supervisor]: Selected controllable event: EV_approach_zone
[balanced_delivery_supervisor-24] [INFO] [1789488552.370350420] [robot_1.robot_supervisor]: Selected controllable event: EV_approach_zone
[balanced_delivery_supervisor-22] [INFO] [1789488552.406380530] [robot_2.robot_supervisor]: Selected controllable event: EV_move_forward
[balanced_delivery_supervisor-20] [INFO] [1789488552.535263397] [robot_0.robot_supervisor]: Triggered uncontrollable event: EV_zone_a_not_visible
[balanced_delivery_supervisor-20] [INFO] [1789488552.535848589] [robot_0.robot_supervisor]: Triggered uncontrollable event: EV_zone_b_not_visible
[balanced_delivery_supervisor-20] [INFO] [1789488552.536570360] [robot_0.robot_supervisor]: Selected controllable event: EV_search_zone
[balanced_delivery_supervisor-24] [INFO] [1789488552.675970403] [robot_1.robot_supervisor]: Triggered uncontrollable event: EV_zone_a_visible
[balanced_delivery_supervisor-24] [INFO] [1789488552.684065256] [robot_1.robot_supervisor]: Triggered uncontrollable event: EV_zone_b_visible
[balanced_delivery_supervisor-24] [INFO] [1789488552.684816737] [robot_1.robot_supervisor]: Selected controllable event: EV_approach_zone
[balanced_delivery_supervisor-22] [INFO] [1789488552.703276219] [robot_2.robot_supervisor]: Triggered uncontrollable event: EV_zone_a_not_visible
[balanced_delivery_supervisor-22] [INFO] [1789488552.703837543] [robot_2.robot_supervisor]: Triggered uncontrollable event: EV_zone_b_not_visible
[balanced_delivery_supervisor-22] [INFO] [1789488552.707775453] [robot_2.robot_supervisor]: Selected controllable event: EV_search_zone
[balanced_delivery_supervisor-20] [INFO] [1789488552.745304455] [robot_0.robot_supervisor]: Selected controllable event: EV_move_forward
[balanced_delivery_supervisor-22] [INFO] [1789488552.896365923] [robot_2.robot_supervisor]: Selected controllable event: EV_search_zone
[balanced_delivery_supervisor-24] [INFO] [1789488552.990661594] [robot_1.robot_supervisor]: Selected controllable event: EV_move_forward
[balanced_delivery_supervisor-20] [INFO] [1789488553.038678836] [robot_0.robot_supervisor]: Selected controllable event: EV_search_zone
[balanced_delivery_supervisor-22] [INFO] [1789488553.098133171] [robot_2.robot_supervisor]: Selected controllable event: EV_move_forward
[balanced_delivery_supervisor-20] [INFO] [1789488553.237980878] [robot_0.robot_supervisor]: Triggered uncontrollable event: EV_zone_a_not_visible
[balanced_delivery_supervisor-20] [INFO] [1789488553.238597754] [robot_0.robot_supervisor]: Triggered uncontrollable event: EV_zone_b_not_visible
[balanced_delivery_supervisor-20] [INFO] [1789488553.239265098] [robot_0.robot_supervisor]: Selected controllable event: EV_search_zone
[balanced_delivery_supervisor-24] [INFO] [1789488553.305391021] [robot_1.robot_supervisor]: Triggered uncontrollable event: EV_zone_a_visible
[balanced_delivery_supervisor-24] [INFO] [1789488553.312657216] [robot_1.robot_supervisor]: Triggered uncontrollable event: EV_zone_b_visible
[balanced_delivery_supervisor-24] [INFO] [1789488553.313382733] [robot_1.robot_supervisor]: Triggered uncontrollable event: EV_obstacle_left
[balanced_delivery_supervisor-24] [INFO] [1789488553.314129625] [robot_1.robot_supervisor]: Selected controllable event: EV_rotate_clockwise
[balanced_delivery_supervisor-22] [INFO] [1789488553.393761655] [robot_2.robot_supervisor]: Triggered uncontrollable event: EV_zone_a_not_visible
[balanced_delivery_supervisor-22] [INFO] [1789488553.395563149] [robot_2.robot_supervisor]: Triggered uncontrollable event: EV_obstacle_left
[balanced_delivery_supervisor-22] [INFO] [1789488553.396106149] [robot_2.robot_supervisor]: Triggered uncontrollable event: EV_zone_b_not_visible
[balanced_delivery_supervisor-22] [INFO] [1789488553.403263785] [robot_2.robot_supervisor]: Selected controllable event: EV_rotate_clockwise
[balanced_delivery_supervisor-20] [INFO] [1789488553.432579787] [robot_0.robot_supervisor]: Selected controllable event: EV_search_zone
[balanced_delivery_supervisor-24] [INFO] [1789488553.470058956] [robot_1.robot_supervisor]: Triggered uncontrollable event: EV_obstacle_left
[balanced_delivery_supervisor-24] [INFO] [1789488553.479574340] [robot_1.robot_supervisor]: Selected controllable event: EV_u_turn
[balanced_delivery_supervisor-24] [INFO] [1789488553.482815694] [robot_1.robot_supervisor]: Starting FULL ROTATE (omega=1.000, have_odom=True, target_rad=3.142, timeout_s=3.500)
[balanced_delivery_supervisor-22] [INFO] [1789488553.607219566] [robot_2.robot_supervisor]: Triggered uncontrollable event: EV_obstacle_left
[balanced_delivery_supervisor-22] [INFO] [1789488553.607993365] [robot_2.robot_supervisor]: Selected controllable event: EV_rotate_clockwise
[balanced_delivery_supervisor-20] [INFO] [1789488553.629791330] [robot_0.robot_supervisor]: Selected controllable event: EV_search_zone
[balanced_delivery_supervisor-20] [INFO] [1789488553.735672669] [robot_0.robot_supervisor]: Triggered uncontrollable event: EV_zone_a_not_visible
[balanced_delivery_supervisor-20] [INFO] [1789488553.736416455] [robot_0.robot_supervisor]: Selected controllable event: EV_move_forward
[balanced_delivery_supervisor-22] [INFO] [1789488553.799282776] [robot_2.robot_supervisor]: Triggered uncontrollable event: EV_zone_a_not_visible
[balanced_delivery_supervisor-22] [INFO] [1789488553.813627751] [robot_2.robot_supervisor]: Triggered uncontrollable event: EV_obstacle_left
[balanced_delivery_supervisor-22] [INFO] [1789488553.816162514] [robot_2.robot_supervisor]: Selected controllable event: EV_u_turn
[balanced_delivery_supervisor-22] [INFO] [1789488553.820134040] [robot_2.robot_supervisor]: Starting FULL ROTATE (omega=1.000, have_odom=True, target_rad=3.142, timeout_s=3.500)
[balanced_delivery_supervisor-20] [INFO] [1789488553.940006006] [robot_0.robot_supervisor]: Triggered uncontrollable event: EV_zone_b_not_visible
[balanced_delivery_supervisor-20] [INFO] [1789488553.940788289] [robot_0.robot_supervisor]: Selected controllable event: EV_move_forward
[balanced_delivery_supervisor-20] [INFO] [1789488554.244059519] [robot_0.robot_supervisor]: Selected controllable event: EV_search_zone
[color_detector-31] [INFO] [1789488554.300704171] [robot_1.target_detector]: RGB HEARTBEAT frames_total=70 recent_rate_hz=1.474 last_frame_age_s=0.510 status=OK
[color_detector-27] [INFO] [1789488554.305203499] [robot_0.target_detector]: RGB HEARTBEAT frames_total=70 recent_rate_hz=1.474 last_frame_age_s=0.632 status=OK
[color_detector-29] [INFO] [1789488554.317915909] [robot_2.target_detector]: RGB HEARTBEAT frames_total=70 recent_rate_hz=1.481 last_frame_age_s=0.550 status=OK
[balanced_delivery_supervisor-20] [INFO] [1789488554.426640672] [robot_0.robot_supervisor]: Selected controllable event: EV_move_forward
[balanced_delivery_supervisor-20] [INFO] [1789488554.641367863] [robot_0.robot_supervisor]: Triggered uncontrollable event: EV_zone_a_not_visible
[balanced_delivery_supervisor-20] [INFO] [1789488554.650566574] [robot_0.robot_supervisor]: Triggered uncontrollable event: EV_zone_b_not_visible
[balanced_delivery_supervisor-20] [INFO] [1789488554.651412045] [robot_0.robot_supervisor]: Selected controllable event: EV_search_zone
[balanced_delivery_supervisor-20] [INFO] [1789488554.843364696] [robot_0.robot_supervisor]: Selected controllable event: EV_move_forward
[balanced_delivery_supervisor-20] [INFO] [1789488555.129607913] [robot_0.robot_supervisor]: Triggered uncontrollable event: EV_zone_a_not_visible
[balanced_delivery_supervisor-20] [INFO] [1789488555.153116005] [robot_0.robot_supervisor]: Triggered uncontrollable event: EV_zone_b_not_visible
[balanced_delivery_supervisor-20] [INFO] [1789488555.153980260] [robot_0.robot_supervisor]: Selected controllable event: EV_move_forward
[balanced_delivery_supervisor-20] [INFO] [1789488555.457004167] [robot_0.robot_supervisor]: Selected controllable event: EV_move_forward
[balanced_delivery_supervisor-20] [INFO] [1789488555.739986964] [robot_0.robot_supervisor]: Triggered uncontrollable event: EV_zone_a_not_visible
[balanced_delivery_supervisor-20] [INFO] [1789488555.745730560] [robot_0.robot_supervisor]: Selected controllable event: EV_move_forward
[balanced_delivery_supervisor-20] [INFO] [1789488556.033147892] [robot_0.robot_supervisor]: Triggered uncontrollable event: EV_zone_b_not_visible
[balanced_delivery_supervisor-20] [INFO] [1789488556.042984700] [robot_0.robot_supervisor]: Selected controllable event: EV_search_zone
[balanced_delivery_supervisor-20] [INFO] [1789488556.146943941] [robot_0.robot_supervisor]: Selected controllable event: EV_search_zone
[balanced_delivery_supervisor-20] [INFO] [1789488556.334631276] [robot_0.robot_supervisor]: Selected controllable event: EV_search_zone
[balanced_delivery_supervisor-20] [INFO] [1789488556.442558656] [robot_0.robot_supervisor]: Triggered uncontrollable event: EV_zone_a_not_visible
[balanced_delivery_supervisor-20] [INFO] [1789488556.443122459] [robot_0.robot_supervisor]: Triggered uncontrollable event: EV_zone_b_not_visible
[balanced_delivery_supervisor-20] [INFO] [1789488556.447125436] [robot_0.robot_supervisor]: Selected controllable event: EV_search_zone
[balanced_delivery_supervisor-20] [INFO] [1789488556.640361034] [robot_0.robot_supervisor]: Selected controllable event: EV_search_zone
[balanced_delivery_supervisor-20] [INFO] [1789488556.750304173] [robot_0.robot_supervisor]: Selected controllable event: EV_move_forward
[balanced_delivery_supervisor-20] [INFO] [1789488557.061564915] [robot_0.robot_supervisor]: Selected controllable event: EV_move_forward
[balanced_delivery_supervisor-24] [INFO] [1789488557.075931375] [robot_1.robot_supervisor]: FULL ROTATE completed by timeout
[balanced_delivery_supervisor-24] [INFO] [1789488557.284819013] [robot_1.robot_supervisor]: Triggered uncontrollable event: EV_zone_a_visible
[balanced_delivery_supervisor-24] [INFO] [1789488557.285461205] [robot_1.robot_supervisor]: Triggered uncontrollable event: EV_zone_b_visible
[balanced_delivery_supervisor-24] [INFO] [1789488557.299269703] [robot_1.robot_supervisor]: Selected controllable event: EV_approach_zone
[balanced_delivery_supervisor-20] [INFO] [1789488557.339290343] [robot_0.robot_supervisor]: Triggered uncontrollable event: EV_zone_a_not_visible
[balanced_delivery_supervisor-20] [INFO] [1789488557.339878978] [robot_0.robot_supervisor]: Triggered uncontrollable event: EV_zone_b_not_visible
[balanced_delivery_supervisor-20] [INFO] [1789488557.341913255] [robot_0.robot_supervisor]: Selected controllable event: EV_search_zone
[balanced_delivery_supervisor-22] [INFO] [1789488557.381968962] [robot_2.robot_supervisor]: FULL ROTATE completed by timeout
[balanced_delivery_supervisor-20] [INFO] [1789488557.452688128] [robot_0.robot_supervisor]: Selected controllable event: EV_search_zone
[balanced_delivery_supervisor-24] [INFO] [1789488557.578814113] [robot_1.robot_supervisor]: Selected controllable event: EV_approach_zone
[balanced_delivery_supervisor-22] [INFO] [1789488557.594054106] [robot_2.robot_supervisor]: Triggered uncontrollable event: EV_zone_a_not_visible
[balanced_delivery_supervisor-22] [INFO] [1789488557.594692151] [robot_2.robot_supervisor]: Triggered uncontrollable event: EV_zone_b_not_visible
[balanced_delivery_supervisor-22] [INFO] [1789488557.607821036] [robot_2.robot_supervisor]: Selected controllable event: EV_move_forward
[balanced_delivery_supervisor-20] [INFO] [1789488557.627909860] [robot_0.robot_supervisor]: Selected controllable event: EV_search_zone
[balanced_delivery_supervisor-20] [INFO] [1789488557.747609188] [robot_0.robot_supervisor]: Selected controllable event: EV_move_forward
[balanced_delivery_supervisor-24] [INFO] [1789488557.780732091] [robot_1.robot_supervisor]: Selected controllable event: EV_move_forward
[balanced_delivery_supervisor-22] [INFO] [1789488557.902179532] [robot_2.robot_supervisor]: Triggered uncontrollable event: EV_zone_a_not_visible
[balanced_delivery_supervisor-22] [INFO] [1789488557.907714041] [robot_2.robot_supervisor]: Triggered uncontrollable event: EV_zone_b_not_visible
[balanced_delivery_supervisor-22] [INFO] [1789488557.913298573] [robot_2.robot_supervisor]: Selected controllable event: EV_search_zone
[balanced_delivery_supervisor-20] [INFO] [1789488558.035909939] [robot_0.robot_supervisor]: Triggered uncontrollable event: EV_zone_a_not_visible
[balanced_delivery_supervisor-20] [INFO] [1789488558.036490994] [robot_0.robot_supervisor]: Triggered uncontrollable event: EV_zone_b_not_visible
[balanced_delivery_supervisor-20] [INFO] [1789488558.052549045] [robot_0.robot_supervisor]: Selected controllable event: EV_search_zone
[balanced_delivery_supervisor-22] [INFO] [1789488558.085051011] [robot_2.robot_supervisor]: Selected controllable event: EV_search_zone
[balanced_delivery_supervisor-24] [INFO] [1789488558.085754343] [robot_1.robot_supervisor]: Triggered uncontrollable event: EV_zone_b_visible
[balanced_delivery_supervisor-24] [INFO] [1789488558.091593360] [robot_1.robot_supervisor]: Triggered uncontrollable event: EV_zone_a_not_visible
[balanced_delivery_supervisor-24] [INFO] [1789488558.098400794] [robot_1.robot_supervisor]: Selected controllable event: EV_move_forward
[balanced_delivery_supervisor-22] [INFO] [1789488558.191516982] [robot_2.robot_supervisor]: Selected controllable event: EV_search_zone
[balanced_delivery_supervisor-20] [INFO] [1789488558.237118076] [robot_0.robot_supervisor]: Selected controllable event: EV_search_zone
[balanced_delivery_supervisor-24] [INFO] [1789488558.382845291] [robot_1.robot_supervisor]: Selected controllable event: EV_move_forward
[balanced_delivery_supervisor-22] [INFO] [1789488558.386523468] [robot_2.robot_supervisor]: Selected controllable event: EV_search_zone
[balanced_delivery_supervisor-20] [INFO] [1789488558.423971246] [robot_0.robot_supervisor]: Selected controllable event: EV_move_forward
[balanced_delivery_supervisor-22] [INFO] [1789488558.495887295] [robot_2.robot_supervisor]: Selected controllable event: EV_move_forward
[balanced_delivery_supervisor-20] [INFO] [1789488558.654455580] [robot_0.robot_supervisor]: Triggered uncontrollable event: EV_zone_a_not_visible
[balanced_delivery_supervisor-20] [INFO] [1789488558.655526933] [robot_0.robot_supervisor]: Triggered uncontrollable event: EV_zone_b_not_visible
[balanced_delivery_supervisor-20] [INFO] [1789488558.664415959] [robot_0.robot_supervisor]: Selected controllable event: EV_search_zone
[balanced_delivery_supervisor-24] [INFO] [1789488558.672604885] [robot_1.robot_supervisor]: Triggered uncontrollable event: EV_zone_a_not_visible
[balanced_delivery_supervisor-24] [INFO] [1789488558.685606984] [robot_1.robot_supervisor]: Triggered uncontrollable event: EV_zone_b_not_visible
[balanced_delivery_supervisor-24] [INFO] [1789488558.686351211] [robot_1.robot_supervisor]: Selected controllable event: EV_move_forward
[balanced_delivery_supervisor-22] [INFO] [1789488558.783822701] [robot_2.robot_supervisor]: Triggered uncontrollable event: EV_zone_a_not_visible
[balanced_delivery_supervisor-22] [INFO] [1789488558.784406078] [robot_2.robot_supervisor]: Triggered uncontrollable event: EV_zone_b_not_visible
[balanced_delivery_supervisor-22] [INFO] [1789488558.798699038] [robot_2.robot_supervisor]: Selected controllable event: EV_move_forward
[balanced_delivery_supervisor-20] [INFO] [1789488558.841798736] [robot_0.robot_supervisor]: Selected controllable event: EV_search_zone
[balanced_delivery_supervisor-24] [INFO] [1789488558.892555699] [robot_1.robot_supervisor]: Selected controllable event: EV_move_forward
[balanced_delivery_supervisor-22] [INFO] [1789488559.005100148] [robot_2.robot_supervisor]: Selected controllable event: EV_move_forward
[balanced_delivery_supervisor-20] [INFO] [1789488559.037201845] [robot_0.robot_supervisor]: Selected controllable event: EV_search_zone
[balanced_delivery_supervisor-20] [INFO] [1789488559.150452426] [robot_0.robot_supervisor]: Triggered uncontrollable event: EV_zone_a_not_visible
[balanced_delivery_supervisor-20] [INFO] [1789488559.151342259] [robot_0.robot_supervisor]: Selected controllable event: EV_search_zone
[balanced_delivery_supervisor-24] [INFO] [1789488559.209443898] [robot_1.robot_supervisor]: Selected controllable event: EV_move_forward
[balanced_delivery_supervisor-20] [INFO] [1789488559.254104203] [robot_0.robot_supervisor]: Triggered uncontrollable event: EV_zone_b_not_visible
[balanced_delivery_supervisor-20] [INFO] [1789488559.261134992] [robot_0.robot_supervisor]: Selected controllable event: EV_search_zone
[balanced_delivery_supervisor-22] [INFO] [1789488559.278082651] [robot_2.robot_supervisor]: Triggered uncontrollable event: EV_zone_a_visible
[balanced_delivery_supervisor-22] [INFO] [1789488559.291273463] [robot_2.robot_supervisor]: Triggered uncontrollable event: EV_zone_b_not_visible
[balanced_delivery_supervisor-22] [INFO] [1789488559.301901063] [robot_2.robot_supervisor]: Selected controllable event: EV_approach_zone
[balanced_delivery_supervisor-20] [INFO] [1789488559.433194197] [robot_0.robot_supervisor]: Selected controllable event: EV_search_zone
[balanced_delivery_supervisor-24] [INFO] [1789488559.490069946] [robot_1.robot_supervisor]: Triggered uncontrollable event: EV_zone_a_not_visible
[balanced_delivery_supervisor-24] [INFO] [1789488559.490607036] [robot_1.robot_supervisor]: Triggered uncontrollable event: EV_zone_b_not_visible
[balanced_delivery_supervisor-24] [INFO] [1789488559.506537751] [robot_1.robot_supervisor]: Selected controllable event: EV_move_forward
[balanced_delivery_supervisor-20] [INFO] [1789488559.550744108] [robot_0.robot_supervisor]: Selected controllable event: EV_search_zone
[balanced_delivery_supervisor-22] [INFO] [1789488559.596600242] [robot_2.robot_supervisor]: Selected controllable event: EV_move_forward
[balanced_delivery_supervisor-20] [INFO] [1789488559.732325952] [robot_0.robot_supervisor]: Selected controllable event: EV_move_forward
[balanced_delivery_supervisor-24] [INFO] [1789488559.766775172] [robot_1.robot_supervisor]: Selected controllable event: EV_search_zone
[balanced_delivery_supervisor-22] [INFO] [1789488559.806940076] [robot_2.robot_supervisor]: Selected controllable event: EV_move_forward
[balanced_delivery_supervisor-24] [INFO] [1789488559.980470087] [robot_1.robot_supervisor]: Triggered uncontrollable event: EV_zone_a_not_visible
[balanced_delivery_supervisor-24] [INFO] [1789488559.981030797] [robot_1.robot_supervisor]: Triggered uncontrollable event: EV_zone_b_not_visible
[balanced_delivery_supervisor-24] [INFO] [1789488559.981710808] [robot_1.robot_supervisor]: Selected controllable event: EV_move_forward
[balanced_delivery_supervisor-20] [INFO] [1789488560.033354572] [robot_0.robot_supervisor]: Triggered uncontrollable event: EV_zone_a_not_visible
[balanced_delivery_supervisor-20] [INFO] [1789488560.042619049] [robot_0.robot_supervisor]: Triggered uncontrollable event: EV_zone_b_not_visible
[balanced_delivery_supervisor-20] [INFO] [1789488560.043325347] [robot_0.robot_supervisor]: Selected controllable event: EV_search_zone
[balanced_delivery_supervisor-22] [INFO] [1789488560.105547743] [robot_2.robot_supervisor]: Triggered uncontrollable event: EV_zone_a_visible
[balanced_delivery_supervisor-22] [INFO] [1789488560.112802281] [robot_2.robot_supervisor]: Triggered uncontrollable event: EV_zone_b_not_visible
[balanced_delivery_supervisor-22] [INFO] [1789488560.113596005] [robot_2.robot_supervisor]: Selected controllable event: EV_move_forward
[balanced_delivery_supervisor-20] [INFO] [1789488560.149123459] [robot_0.robot_supervisor]: Selected controllable event: EV_move_forward
[balanced_delivery_supervisor-24] [INFO] [1789488560.184885676] [robot_1.robot_supervisor]: Selected controllable event: EV_move_forward
[balanced_delivery_supervisor-22] [INFO] [1789488560.396477623] [robot_2.robot_supervisor]: Selected controllable event: EV_approach_zone
[balanced_delivery_supervisor-20] [INFO] [1789488560.430358510] [robot_0.robot_supervisor]: Triggered uncontrollable event: EV_zone_a_not_visible
[balanced_delivery_supervisor-20] [INFO] [1789488560.452871329] [robot_0.robot_supervisor]: Selected controllable event: EV_move_forward
[balanced_delivery_supervisor-24] [INFO] [1789488560.488796681] [robot_1.robot_supervisor]: Selected controllable event: EV_search_zone
[balanced_delivery_supervisor-22] [INFO] [1789488560.598067644] [robot_2.robot_supervisor]: Triggered uncontrollable event: EV_zone_a_visible
[balanced_delivery_supervisor-22] [INFO] [1789488560.598582526] [robot_2.robot_supervisor]: Triggered uncontrollable event: EV_zone_b_visible
[balanced_delivery_supervisor-22] [INFO] [1789488560.617377255] [robot_2.robot_supervisor]: Selected controllable event: EV_approach_zone
[balanced_delivery_supervisor-24] [INFO] [1789488560.674587355] [robot_1.robot_supervisor]: Triggered uncontrollable event: EV_zone_a_not_visible
[balanced_delivery_supervisor-24] [INFO] [1789488560.675108862] [robot_1.robot_supervisor]: Triggered uncontrollable event: EV_obstacle_front
[balanced_delivery_supervisor-24] [INFO] [1789488560.675582272] [robot_1.robot_supervisor]: Triggered uncontrollable event: EV_zone_b_not_visible
[balanced_delivery_supervisor-24] [INFO] [1789488560.697355635] [robot_1.robot_supervisor]: Selected controllable event: EV_u_turn
[balanced_delivery_supervisor-24] [INFO] [1789488560.698025646] [robot_1.robot_supervisor]: Starting FULL ROTATE (omega=1.000, have_odom=True, target_rad=3.142, timeout_s=3.500)
[balanced_delivery_supervisor-20] [INFO] [1789488560.743693964] [robot_0.robot_supervisor]: Triggered uncontrollable event: EV_zone_b_not_visible
[balanced_delivery_supervisor-20] [INFO] [1789488560.751367457] [robot_0.robot_supervisor]: Selected controllable event: EV_move_forward
[balanced_delivery_supervisor-22] [INFO] [1789488560.882605439] [robot_2.robot_supervisor]: Selected controllable event: EV_move_forward
[color_detector-27] [INFO] [1789488560.890428110] [robot_0.target_detector]: RGB HEARTBEAT frames_total=80 recent_rate_hz=1.519 last_frame_age_s=0.521 status=OK
[color_detector-31] [INFO] [1789488560.891259712] [robot_1.target_detector]: RGB HEARTBEAT frames_total=80 recent_rate_hz=1.522 last_frame_age_s=0.378 status=OK
[color_detector-29] [INFO] [1789488560.893609537] [robot_2.target_detector]: RGB HEARTBEAT frames_total=80 recent_rate_hz=1.518 last_frame_age_s=0.449 status=OK
[balanced_delivery_supervisor-20] [INFO] [1789488561.033722000] [robot_0.robot_supervisor]: Triggered uncontrollable event: EV_zone_a_not_visible
[balanced_delivery_supervisor-20] [INFO] [1789488561.034487994] [robot_0.robot_supervisor]: Selected controllable event: EV_move_forward
[balanced_delivery_supervisor-22] [INFO] [1789488561.104802335] [robot_2.robot_supervisor]: Triggered uncontrollable event: EV_zone_a_visible
[balanced_delivery_supervisor-22] [INFO] [1789488561.117073473] [robot_2.robot_supervisor]: Triggered uncontrollable event: EV_zone_b_visible
[balanced_delivery_supervisor-22] [INFO] [1789488561.117754971] [robot_2.robot_supervisor]: Selected controllable event: EV_move_forward
[balanced_delivery_supervisor-20] [INFO] [1789488561.246269810] [robot_0.robot_supervisor]: Triggered uncontrollable event: EV_zone_b_not_visible
[balanced_delivery_supervisor-20] [INFO] [1789488561.251725457] [robot_0.robot_supervisor]: Selected controllable event: EV_search_zone
[balanced_delivery_supervisor-22] [INFO] [1789488561.401477610] [robot_2.robot_supervisor]: Selected controllable event: EV_approach_zone
[balanced_delivery_supervisor-20] [INFO] [1789488561.429522256] [robot_0.robot_supervisor]: Selected controllable event: EV_search_zone
[balanced_delivery_supervisor-20] [INFO] [1789488561.539911508] [robot_0.robot_supervisor]: Triggered uncontrollable event: EV_zone_a_not_visible
[balanced_delivery_supervisor-20] [INFO] [1789488561.540461636] [robot_0.robot_supervisor]: Triggered uncontrollable event: EV_zone_b_not_visible
[balanced_delivery_supervisor-20] [INFO] [1789488561.542247353] [robot_0.robot_supervisor]: Selected controllable event: EV_move_forward
[balanced_delivery_supervisor-22] [INFO] [1789488561.706604371] [robot_2.robot_supervisor]: Triggered uncontrollable event: EV_zone_a_visible
[balanced_delivery_supervisor-22] [INFO] [1789488561.718476096] [robot_2.robot_supervisor]: Triggered uncontrollable event: EV_zone_b_visible
[balanced_delivery_supervisor-22] [INFO] [1789488561.719147693] [robot_2.robot_supervisor]: Selected controllable event: EV_move_forward
[balanced_delivery_supervisor-20] [INFO] [1789488561.840828812] [robot_0.robot_supervisor]: Selected controllable event: EV_search_zone
[balanced_delivery_supervisor-22] [INFO] [1789488561.989938422] [robot_2.robot_supervisor]: Selected controllable event: EV_move_forward
[balanced_delivery_supervisor-20] [INFO] [1789488562.036196221] [robot_0.robot_supervisor]: Selected controllable event: EV_move_forward
[balanced_delivery_supervisor-22] [INFO] [1789488562.196767353] [robot_2.robot_supervisor]: Selected controllable event: EV_approach_zone
[balanced_delivery_supervisor-20] [INFO] [1789488562.342697534] [robot_0.robot_supervisor]: Triggered uncontrollable event: EV_zone_a_not_visible
[balanced_delivery_supervisor-20] [INFO] [1789488562.343241958] [robot_0.robot_supervisor]: Triggered uncontrollable event: EV_zone_b_not_visible
[balanced_delivery_supervisor-20] [INFO] [1789488562.343903215] [robot_0.robot_supervisor]: Selected controllable event: EV_search_zone
[balanced_delivery_supervisor-22] [INFO] [1789488562.500216126] [robot_2.robot_supervisor]: Triggered uncontrollable event: EV_zone_b_visible
[balanced_delivery_supervisor-22] [INFO] [1789488562.500777740] [robot_2.robot_supervisor]: Triggered uncontrollable event: EV_zone_a_reached
[balanced_delivery_supervisor-22] [INFO] [1789488562.501502765] [robot_2.robot_supervisor]: Selected controllable event: EV_move_forward
[balanced_delivery_supervisor-20] [INFO] [1789488562.541925518] [robot_0.robot_supervisor]: Selected controllable event: EV_search_zone
[balanced_delivery_supervisor-20] [INFO] [1789488562.748321081] [robot_0.robot_supervisor]: Triggered uncontrollable event: EV_zone_a_not_visible
[balanced_delivery_supervisor-20] [INFO] [1789488562.753658895] [robot_0.robot_supervisor]: Triggered uncontrollable event: EV_zone_b_not_visible
[balanced_delivery_supervisor-20] [INFO] [1789488562.757678144] [robot_0.robot_supervisor]: Selected controllable event: EV_search_zone
[balanced_delivery_supervisor-22] [INFO] [1789488562.782763803] [robot_2.robot_supervisor]: Triggered uncontrollable event: EV_zone_b_visible
[balanced_delivery_supervisor-22] [INFO] [1789488562.783355687] [robot_2.robot_supervisor]: Triggered uncontrollable event: EV_obstacle_front
[balanced_delivery_supervisor-22] [INFO] [1789488562.793016120] [robot_2.robot_supervisor]: Triggered uncontrollable event: EV_zone_a_reached
[balanced_delivery_supervisor-22] [INFO] [1789488562.793794279] [robot_2.robot_supervisor]: Selected controllable event: EV_move_backward
[balanced_delivery_supervisor-20] [INFO] [1789488562.937602982] [robot_0.robot_supervisor]: Selected controllable event: EV_move_forward
[balanced_delivery_supervisor-22] [INFO] [1789488563.097478963] [robot_2.robot_supervisor]: Triggered uncontrollable event: EV_obstacle_front
[balanced_delivery_supervisor-22] [INFO] [1789488563.098260412] [robot_2.robot_supervisor]: Selected controllable event: EV_move_backward
[balanced_delivery_supervisor-20] [INFO] [1789488563.230877258] [robot_0.robot_supervisor]: Selected controllable event: EV_search_zone
[balanced_delivery_supervisor-22] [INFO] [1789488563.308562318] [robot_2.robot_supervisor]: Triggered uncontrollable event: EV_obstacle_front
[balanced_delivery_supervisor-22] [INFO] [1789488563.317299999] [robot_2.robot_supervisor]: Selected controllable event: EV_rotate_counterclockwise
[balanced_delivery_supervisor-20] [INFO] [1789488563.453750721] [robot_0.robot_supervisor]: Triggered uncontrollable event: EV_zone_a_not_visible
[balanced_delivery_supervisor-20] [INFO] [1789488563.454479876] [robot_0.robot_supervisor]: Triggered uncontrollable event: EV_zone_b_not_visible
[balanced_delivery_supervisor-20] [INFO] [1789488563.462143651] [robot_0.robot_supervisor]: Selected controllable event: EV_move_forward
[balanced_delivery_supervisor-22] [INFO] [1789488563.501728146] [robot_2.robot_supervisor]: Triggered uncontrollable event: EV_zone_b_visible
[balanced_delivery_supervisor-22] [INFO] [1789488563.502480294] [robot_2.robot_supervisor]: Triggered uncontrollable event: EV_obstacle_front
[balanced_delivery_supervisor-22] [INFO] [1789488563.503047773] [robot_2.robot_supervisor]: Triggered uncontrollable event: EV_zone_a_reached
[balanced_delivery_supervisor-22] [INFO] [1789488563.503811802] [robot_2.robot_supervisor]: Selected controllable event: EV_move_backward
[balanced_delivery_supervisor-20] [INFO] [1789488563.733419919] [robot_0.robot_supervisor]: Selected controllable event: EV_move_forward
[balanced_delivery_supervisor-22] [INFO] [1789488563.793257062] [robot_2.robot_supervisor]: Triggered uncontrollable event: EV_obstacle_front
[balanced_delivery_supervisor-22] [INFO] [1789488563.794008594] [robot_2.robot_supervisor]: Selected controllable event: EV_rotate_counterclockwise
[balanced_delivery_supervisor-22] [INFO] [1789488563.907640856] [robot_2.robot_supervisor]: Triggered uncontrollable event: EV_obstacle_front
[balanced_delivery_supervisor-22] [INFO] [1789488563.915296859] [robot_2.robot_supervisor]: Selected controllable event: EV_rotate_clockwise
[balanced_delivery_supervisor-20] [INFO] [1789488563.964129701] [robot_0.robot_supervisor]: Selected controllable event: EV_move_forward
[balanced_delivery_supervisor-22] [INFO] [1789488564.089066403] [robot_2.robot_supervisor]: Triggered uncontrollable event: EV_obstacle_front
[balanced_delivery_supervisor-22] [INFO] [1789488564.091157629] [robot_2.robot_supervisor]: Selected controllable event: EV_u_turn
[balanced_delivery_supervisor-22] [INFO] [1789488564.091898789] [robot_2.robot_supervisor]: Starting FULL ROTATE (omega=1.000, have_odom=True, target_rad=3.142, timeout_s=3.500)
[balanced_delivery_supervisor-20] [INFO] [1789488564.240957821] [robot_0.robot_supervisor]: Triggered uncontrollable event: EV_zone_a_not_visible
[balanced_delivery_supervisor-20] [INFO] [1789488564.242703246] [robot_0.robot_supervisor]: Triggered uncontrollable event: EV_zone_b_not_visible
[balanced_delivery_supervisor-20] [INFO] [1789488564.251202403] [robot_0.robot_supervisor]: Selected controllable event: EV_search_zone
[balanced_delivery_supervisor-24] [INFO] [1789488564.274891132] [robot_1.robot_supervisor]: FULL ROTATE completed by timeout
[balanced_delivery_supervisor-20] [INFO] [1789488564.462454654] [robot_0.robot_supervisor]: Selected controllable event: EV_search_zone
[balanced_delivery_supervisor-24] [INFO] [1789488564.483955830] [robot_1.robot_supervisor]: Triggered uncontrollable event: EV_zone_a_not_visible
[balanced_delivery_supervisor-24] [INFO] [1789488564.484482356] [robot_1.robot_supervisor]: Triggered uncontrollable event: EV_zone_b_not_visible
[balanced_delivery_supervisor-24] [INFO] [1789488564.495984340] [robot_1.robot_supervisor]: Selected controllable event: EV_search_zone
[balanced_delivery_supervisor-20] [INFO] [1789488564.636466490] [robot_0.robot_supervisor]: Selected controllable event: EV_search_zone
[balanced_delivery_supervisor-24] [INFO] [1789488564.705330546] [robot_1.robot_supervisor]: Selected controllable event: EV_move_forward
[balanced_delivery_supervisor-20] [INFO] [1789488564.826369762] [robot_0.robot_supervisor]: Triggered uncontrollable event: EV_zone_a_not_visible
[balanced_delivery_supervisor-20] [INFO] [1789488564.849084110] [robot_0.robot_supervisor]: Triggered uncontrollable event: EV_obstacle_left
[balanced_delivery_supervisor-20] [INFO] [1789488564.849660569] [robot_0.robot_supervisor]: Triggered uncontrollable event: EV_zone_b_not_visible
[balanced_delivery_supervisor-20] [INFO] [1789488564.850407247] [robot_0.robot_supervisor]: Selected controllable event: EV_rotate_clockwise
[balanced_delivery_supervisor-24] [INFO] [1789488564.973432783] [robot_1.robot_supervisor]: Triggered uncontrollable event: EV_zone_a_not_visible
[balanced_delivery_supervisor-24] [INFO] [1789488564.982502547] [robot_1.robot_supervisor]: Triggered uncontrollable event: EV_zone_b_not_visible
[balanced_delivery_supervisor-24] [INFO] [1789488564.990741494] [robot_1.robot_supervisor]: Selected controllable event: EV_move_forward
[balanced_delivery_supervisor-20] [INFO] [1789488565.037517231] [robot_0.robot_supervisor]: Triggered uncontrollable event: EV_obstacle_left
[balanced_delivery_supervisor-20] [INFO] [1789488565.038299937] [robot_0.robot_supervisor]: Selected controllable event: EV_u_turn
[balanced_delivery_supervisor-20] [INFO] [1789488565.051262707] [robot_0.robot_supervisor]: Starting FULL ROTATE (omega=1.000, have_odom=True, target_rad=3.142, timeout_s=3.500)
[balanced_delivery_supervisor-24] [INFO] [1789488565.278541557] [robot_1.robot_supervisor]: Selected controllable event: EV_move_forward
[balanced_delivery_supervisor-24] [INFO] [1789488565.589463869] [robot_1.robot_supervisor]: Triggered uncontrollable event: EV_zone_a_not_visible
[balanced_delivery_supervisor-24] [INFO] [1789488565.590297923] [robot_1.robot_supervisor]: Selected controllable event: EV_move_forward
[balanced_delivery_supervisor-24] [INFO] [1789488565.886784376] [robot_1.robot_supervisor]: Triggered uncontrollable event: EV_zone_b_not_visible
[balanced_delivery_supervisor-24] [INFO] [1789488565.887522688] [robot_1.robot_supervisor]: Selected controllable event: EV_search_zone
[balanced_delivery_supervisor-24] [INFO] [1789488566.080927789] [robot_1.robot_supervisor]: Triggered uncontrollable event: EV_zone_a_not_visible
[balanced_delivery_supervisor-24] [INFO] [1789488566.081736029] [robot_1.robot_supervisor]: Selected controllable event: EV_move_forward
[balanced_delivery_supervisor-24] [INFO] [1789488566.378075466] [robot_1.robot_supervisor]: Triggered uncontrollable event: EV_zone_b_not_visible
[balanced_delivery_supervisor-24] [INFO] [1789488566.389227043] [robot_1.robot_supervisor]: Selected controllable event: EV_move_forward
[balanced_delivery_supervisor-24] [INFO] [1789488566.700683473] [robot_1.robot_supervisor]: Selected controllable event: EV_search_zone
[balanced_delivery_supervisor-24] [INFO] [1789488566.884545474] [robot_1.robot_supervisor]: Triggered uncontrollable event: EV_zone_a_not_visible
[balanced_delivery_supervisor-24] [INFO] [1789488566.892836529] [robot_1.robot_supervisor]: Triggered uncontrollable event: EV_zone_b_not_visible
[balanced_delivery_supervisor-24] [INFO] [1789488566.897486408] [robot_1.robot_supervisor]: Selected controllable event: EV_move_forward
[color_detector-29] [INFO] [1789488567.161328731] [robot_2.target_detector]: RGB HEARTBEAT frames_total=90 recent_rate_hz=1.591 last_frame_age_s=0.455 status=OK
[color_detector-31] [INFO] [1789488567.169693918] [robot_1.target_detector]: RGB HEARTBEAT frames_total=90 recent_rate_hz=1.588 last_frame_age_s=0.400 status=OK
[color_detector-27] [INFO] [1789488567.183406822] [robot_0.target_detector]: RGB HEARTBEAT frames_total=90 recent_rate_hz=1.593 last_frame_age_s=0.495 status=OK
[balanced_delivery_supervisor-24] [INFO] [1789488567.195917843] [robot_1.robot_supervisor]: Selected controllable event: EV_move_forward
[balanced_delivery_supervisor-24] [INFO] [1789488567.487590716] [robot_1.robot_supervisor]: Triggered uncontrollable event: EV_zone_a_not_visible
[balanced_delivery_supervisor-24] [INFO] [1789488567.488294216] [robot_1.robot_supervisor]: Triggered uncontrollable event: EV_zone_b_not_visible
[balanced_delivery_supervisor-24] [INFO] [1789488567.489101254] [robot_1.robot_supervisor]: Selected controllable event: EV_move_forward
[balanced_delivery_supervisor-22] [INFO] [1789488567.602318901] [robot_2.robot_supervisor]: FULL ROTATE completed by timeout
[balanced_delivery_supervisor-24] [INFO] [1789488567.698972929] [robot_1.robot_supervisor]: Selected controllable event: EV_search_zone
[balanced_delivery_supervisor-24] [INFO] [1789488567.879090793] [robot_1.robot_supervisor]: Selected controllable event: EV_move_forward
[balanced_delivery_supervisor-22] [INFO] [1789488567.907511120] [robot_2.robot_supervisor]: Triggered uncontrollable event: EV_zone_b_visible
[balanced_delivery_supervisor-22] [INFO] [1789488567.908072624] [robot_2.robot_supervisor]: Triggered uncontrollable event: EV_zone_a_reached
[balanced_delivery_supervisor-22] [INFO] [1789488567.908842853] [robot_2.robot_supervisor]: Selected controllable event: EV_move_forward
[balanced_delivery_supervisor-24] [INFO] [1789488568.187379422] [robot_1.robot_supervisor]: Triggered uncontrollable event: EV_zone_a_not_visible
[balanced_delivery_supervisor-24] [INFO] [1789488568.198931667] [robot_1.robot_supervisor]: Triggered uncontrollable event: EV_zone_b_not_visible
[balanced_delivery_supervisor-24] [INFO] [1789488568.200846531] [robot_1.robot_supervisor]: Selected controllable event: EV_move_forward
[balanced_delivery_supervisor-22] [INFO] [1789488568.200432396] [robot_2.robot_supervisor]: Triggered uncontrollable event: EV_zone_b_visible
[balanced_delivery_supervisor-22] [INFO] [1789488568.207460352] [robot_2.robot_supervisor]: Triggered uncontrollable event: EV_obstacle_right
[balanced_delivery_supervisor-22] [INFO] [1789488568.219377665] [robot_2.robot_supervisor]: Triggered uncontrollable event: EV_zone_a_reached
[balanced_delivery_supervisor-22] [INFO] [1789488568.220138406] [robot_2.robot_supervisor]: Selected controllable event: EV_rotate_counterclockwise
[balanced_delivery_supervisor-22] [INFO] [1789488568.388292785] [robot_2.robot_supervisor]: Triggered uncontrollable event: EV_obstacle_right
[balanced_delivery_supervisor-22] [INFO] [1789488568.393844076] [robot_2.robot_supervisor]: Selected controllable event: EV_u_turn
[balanced_delivery_supervisor-24] [INFO] [1789488568.479634248] [robot_1.robot_supervisor]: Selected controllable event: EV_move_forward
[balanced_delivery_supervisor-22] [INFO] [1789488568.490891553] [robot_2.robot_supervisor]: Triggered uncontrollable event: EV_obstacle_right
[balanced_delivery_supervisor-22] [INFO] [1789488568.491611801] [robot_2.robot_supervisor]: Selected controllable event: EV_u_turn
[balanced_delivery_supervisor-22] [INFO] [1789488568.587049795] [robot_2.robot_supervisor]: Triggered uncontrollable event: EV_obstacle_right
[balanced_delivery_supervisor-22] [INFO] [1789488568.587584980] [robot_2.robot_supervisor]: Selected controllable event: EV_u_turn
[balanced_delivery_supervisor-20] [INFO] [1789488568.642915373] [robot_0.robot_supervisor]: FULL ROTATE completed by timeout
[balanced_delivery_supervisor-22] [INFO] [1789488568.697141246] [robot_2.robot_supervisor]: Triggered uncontrollable event: EV_obstacle_right
[balanced_delivery_supervisor-22] [INFO] [1789488568.697791086] [robot_2.robot_supervisor]: Triggered uncontrollable event: EV_zone_b_not_visible
[balanced_delivery_supervisor-22] [INFO] [1789488568.708085946] [robot_2.robot_supervisor]: Triggered uncontrollable event: EV_zone_a_reached
[balanced_delivery_supervisor-22] [INFO] [1789488568.708805234] [robot_2.robot_supervisor]: Selected controllable event: EV_u_turn
[balanced_delivery_supervisor-24] [INFO] [1789488568.785795995] [robot_1.robot_supervisor]: Triggered uncontrollable event: EV_zone_a_not_visible
[balanced_delivery_supervisor-24] [INFO] [1789488568.787200001] [robot_1.robot_supervisor]: Triggered uncontrollable event: EV_zone_b_not_visible
[balanced_delivery_supervisor-24] [INFO] [1789488568.794292845] [robot_1.robot_supervisor]: Selected controllable event: EV_search_zone
[balanced_delivery_supervisor-22] [INFO] [1789488568.796533273] [robot_2.robot_supervisor]: Triggered uncontrollable event: EV_obstacle_right
[balanced_delivery_supervisor-22] [INFO] [1789488568.804117539] [robot_2.robot_supervisor]: Selected controllable event: EV_rotate_counterclockwise
[balanced_delivery_supervisor-20] [INFO] [1789488568.944347864] [robot_0.robot_supervisor]: Triggered uncontrollable event: EV_zone_a_visible
[balanced_delivery_supervisor-20] [INFO] [1789488568.945021181] [robot_0.robot_supervisor]: Triggered uncontrollable event: EV_zone_b_visible
[balanced_delivery_supervisor-20] [INFO] [1789488568.958408478] [robot_0.robot_supervisor]: Selected controllable event: EV_move_forward
[balanced_delivery_supervisor-24] [INFO] [1789488568.982076275] [robot_1.robot_supervisor]: Selected controllable event: EV_move_forward
[balanced_delivery_supervisor-22] [INFO] [1789488568.991951804] [robot_2.robot_supervisor]: Triggered uncontrollable event: EV_obstacle_right
[balanced_delivery_supervisor-22] [INFO] [1789488568.992750300] [robot_2.robot_supervisor]: Selected controllable event: EV_rotate_counterclockwise
[balanced_delivery_supervisor-22] [INFO] [1789488569.112569999] [robot_2.robot_supervisor]: Triggered uncontrollable event: EV_obstacle_right
[balanced_delivery_supervisor-22] [INFO] [1789488569.113461422] [robot_2.robot_supervisor]: Selected controllable event: EV_rotate_counterclockwise
[balanced_delivery_supervisor-20] [INFO] [1789488569.249347144] [robot_0.robot_supervisor]: Triggered uncontrollable event: EV_zone_a_visible
[balanced_delivery_supervisor-20] [INFO] [1789488569.250275194] [robot_0.robot_supervisor]: Selected controllable event: EV_approach_zone
[balanced_delivery_supervisor-24] [INFO] [1789488569.287440393] [robot_1.robot_supervisor]: Selected controllable event: EV_search_zone
[balanced_delivery_supervisor-22] [INFO] [1789488569.296155891] [robot_2.robot_supervisor]: Triggered uncontrollable event: EV_obstacle_right
[balanced_delivery_supervisor-22] [INFO] [1789488569.311097735] [robot_2.robot_supervisor]: Triggered uncontrollable event: EV_zone_a_reached
[balanced_delivery_supervisor-22] [INFO] [1789488569.311867482] [robot_2.robot_supervisor]: Selected controllable event: EV_u_turn
[balanced_delivery_supervisor-22] [INFO] [1789488569.407044166] [robot_2.robot_supervisor]: Triggered uncontrollable event: EV_obstacle_right
[balanced_delivery_supervisor-22] [INFO] [1789488569.410576788] [robot_2.robot_supervisor]: Triggered uncontrollable event: EV_zone_b_not_visible
[balanced_delivery_supervisor-22] [INFO] [1789488569.415431039] [robot_2.robot_supervisor]: Selected controllable event: EV_rotate_counterclockwise
[balanced_delivery_supervisor-24] [INFO] [1789488569.480910596] [robot_1.robot_supervisor]: Triggered uncontrollable event: EV_zone_a_not_visible
[balanced_delivery_supervisor-24] [INFO] [1789488569.485827071] [robot_1.robot_supervisor]: Triggered uncontrollable event: EV_zone_b_not_visible
[balanced_delivery_supervisor-24] [INFO] [1789488569.486617630] [robot_1.robot_supervisor]: Selected controllable event: EV_search_zone
[balanced_delivery_supervisor-20] [INFO] [1789488569.541625267] [robot_0.robot_supervisor]: Triggered uncontrollable event: EV_zone_b_visible
[balanced_delivery_supervisor-20] [INFO] [1789488569.543217728] [robot_0.robot_supervisor]: Selected controllable event: EV_move_forward
[balanced_delivery_supervisor-24] [INFO] [1789488569.591001629] [robot_1.robot_supervisor]: Selected controllable event: EV_move_forward
[balanced_delivery_supervisor-22] [INFO] [1789488569.606050753] [robot_2.robot_supervisor]: Triggered uncontrollable event: EV_obstacle_right
[balanced_delivery_supervisor-22] [INFO] [1789488569.606782417] [robot_2.robot_supervisor]: Selected controllable event: EV_rotate_counterclockwise
[balanced_delivery_supervisor-20] [INFO] [1789488569.749487603] [robot_0.robot_supervisor]: Selected controllable event: EV_move_forward
[balanced_delivery_supervisor-22] [INFO] [1789488569.787975355] [robot_2.robot_supervisor]: Triggered uncontrollable event: EV_obstacle_right
[balanced_delivery_supervisor-22] [INFO] [1789488569.788722376] [robot_2.robot_supervisor]: Selected controllable event: EV_rotate_counterclockwise
[balanced_delivery_supervisor-24] [INFO] [1789488569.875618773] [robot_1.robot_supervisor]: Selected controllable event: EV_move_forward
[balanced_delivery_supervisor-22] [INFO] [1789488569.903831687] [robot_2.robot_supervisor]: Triggered uncontrollable event: EV_obstacle_right
[balanced_delivery_supervisor-22] [INFO] [1789488569.904545986] [robot_2.robot_supervisor]: Selected controllable event: EV_u_turn
[balanced_delivery_supervisor-22] [INFO] [1789488569.993289421] [robot_2.robot_supervisor]: Triggered uncontrollable event: EV_obstacle_right
[balanced_delivery_supervisor-22] [INFO] [1789488570.003380618] [robot_2.robot_supervisor]: Selected controllable event: EV_rotate_counterclockwise
[balanced_delivery_supervisor-20] [INFO] [1789488570.034612542] [robot_0.robot_supervisor]: Triggered uncontrollable event: EV_zone_b_visible
[balanced_delivery_supervisor-20] [INFO] [1789488570.035165471] [robot_0.robot_supervisor]: Triggered uncontrollable event: EV_zone_a_not_visible
[balanced_delivery_supervisor-20] [INFO] [1789488570.035737365] [robot_0.robot_supervisor]: Selected controllable event: EV_move_forward
[balanced_delivery_supervisor-24] [INFO] [1789488570.078889289] [robot_1.robot_supervisor]: Selected controllable event: EV_search_zone
[balanced_delivery_supervisor-22] [INFO] [1789488570.113976489] [robot_2.robot_supervisor]: Triggered uncontrollable event: EV_zone_a_reached
[balanced_delivery_supervisor-22] [INFO] [1789488570.114691618] [robot_2.robot_supervisor]: Selected controllable event: EV_move_forward
[balanced_delivery_supervisor-24] [INFO] [1789488570.186090989] [robot_1.robot_supervisor]: Selected controllable event: EV_move_forward
[balanced_delivery_supervisor-20] [INFO] [1789488570.258717110] [robot_0.robot_supervisor]: Selected controllable event: EV_move_forward
[balanced_delivery_supervisor-22] [INFO] [1789488570.403349832] [robot_2.robot_supervisor]: Triggered uncontrollable event: EV_zone_b_not_visible
[balanced_delivery_supervisor-22] [INFO] [1789488570.404138329] [robot_2.robot_supervisor]: Selected controllable event: EV_move_forward
[balanced_delivery_supervisor-24] [INFO] [1789488570.488182966] [robot_1.robot_supervisor]: Triggered uncontrollable event: EV_zone_a_not_visible
[balanced_delivery_supervisor-24] [INFO] [1789488570.495218260] [robot_1.robot_supervisor]: Triggered uncontrollable event: EV_zone_b_not_visible
[balanced_delivery_supervisor-24] [INFO] [1789488570.503157379] [robot_1.robot_supervisor]: Selected controllable event: EV_move_forward
[balanced_delivery_supervisor-20] [INFO] [1789488570.537175824] [robot_0.robot_supervisor]: Selected controllable event: EV_move_forward
[balanced_delivery_supervisor-22] [INFO] [1789488570.708986264] [robot_2.robot_supervisor]: Triggered uncontrollable event: EV_zone_a_reached
[balanced_delivery_supervisor-22] [INFO] [1789488570.709974598] [robot_2.robot_supervisor]: Selected controllable event: EV_move_forward
[balanced_delivery_supervisor-20] [INFO] [1789488570.741120583] [robot_0.robot_supervisor]: Triggered uncontrollable event: EV_zone_a_not_visible
[balanced_delivery_supervisor-20] [INFO] [1789488570.741694092] [robot_0.robot_supervisor]: Triggered uncontrollable event: EV_zone_b_not_visible
[balanced_delivery_supervisor-20] [INFO] [1789488570.742430176] [robot_0.robot_supervisor]: Selected controllable event: EV_search_zone
[balanced_delivery_supervisor-24] [INFO] [1789488570.782362194] [robot_1.robot_supervisor]: Triggered uncontrollable event: EV_zone_a_not_visible
[balanced_delivery_supervisor-24] [INFO] [1789488570.783183030] [robot_1.robot_supervisor]: Selected controllable event: EV_search_zone
[balanced_delivery_supervisor-20] [INFO] [1789488570.943109099] [robot_0.robot_supervisor]: Selected controllable event: EV_search_zone
[balanced_delivery_supervisor-24] [INFO] [1789488570.983049553] [robot_1.robot_supervisor]: Triggered uncontrollable event: EV_zone_b_not_visible
[balanced_delivery_supervisor-24] [INFO] [1789488570.983803546] [robot_1.robot_supervisor]: Selected controllable event: EV_move_forward
[balanced_delivery_supervisor-22] [INFO] [1789488571.007818331] [robot_2.robot_supervisor]: Triggered uncontrollable event: EV_zone_b_not_visible
[balanced_delivery_supervisor-22] [INFO] [1789488571.008607301] [robot_2.robot_supervisor]: Selected controllable event: EV_search_zone
[balanced_delivery_supervisor-20] [INFO] [1789488571.143089761] [robot_0.robot_supervisor]: Selected controllable event: EV_search_zone
[balanced_delivery_supervisor-22] [INFO] [1789488571.180373097] [robot_2.robot_supervisor]: Selected controllable event: EV_move_forward
[balanced_delivery_supervisor-24] [INFO] [1789488571.270538775] [robot_1.robot_supervisor]: Selected controllable event: EV_search_zone
[balanced_delivery_supervisor-20] [INFO] [1789488571.330726234] [robot_0.robot_supervisor]: Selected controllable event: EV_move_forward
[balanced_delivery_supervisor-22] [INFO] [1789488571.393522601] [robot_2.robot_supervisor]: Selected controllable event: EV_search_zone
[balanced_delivery_supervisor-24] [INFO] [1789488571.399034862] [robot_1.robot_supervisor]: Selected controllable event: EV_move_forward
[balanced_delivery_supervisor-20] [INFO] [1789488571.568794691] [robot_0.robot_supervisor]: Triggered uncontrollable event: EV_zone_a_not_visible
[balanced_delivery_supervisor-20] [INFO] [1789488571.569429571] [robot_0.robot_supervisor]: Triggered uncontrollable event: EV_zone_b_not_visible
[balanced_delivery_supervisor-20] [INFO] [1789488571.570234436] [robot_0.robot_supervisor]: Selected controllable event: EV_move_forward
[balanced_delivery_supervisor-22] [INFO] [1789488571.598406392] [robot_2.robot_supervisor]: Triggered uncontrollable event: EV_zone_a_not_visible
[balanced_delivery_supervisor-22] [INFO] [1789488571.617161557] [robot_2.robot_supervisor]: Triggered uncontrollable event: EV_zone_b_not_visible
[balanced_delivery_supervisor-22] [INFO] [1789488571.618054240] [robot_2.robot_supervisor]: Selected controllable event: EV_move_forward
[balanced_delivery_supervisor-24] [INFO] [1789488571.688196944] [robot_1.robot_supervisor]: Triggered uncontrollable event: EV_zone_a_not_visible
[balanced_delivery_supervisor-24] [INFO] [1789488571.688813253] [robot_1.robot_supervisor]: Triggered uncontrollable event: EV_zone_b_not_visible
[balanced_delivery_supervisor-24] [INFO] [1789488571.689503250] [robot_1.robot_supervisor]: Selected controllable event: EV_search_zone
[balanced_delivery_supervisor-20] [INFO] [1789488571.834683647] [robot_0.robot_supervisor]: Selected controllable event: EV_search_zone
[balanced_delivery_supervisor-22] [INFO] [1789488571.881303373] [robot_2.robot_supervisor]: Selected controllable event: EV_move_forward
[balanced_delivery_supervisor-24] [INFO] [1789488571.890621666] [robot_1.robot_supervisor]: Selected controllable event: EV_search_zone
[balanced_delivery_supervisor-20] [INFO] [1789488572.024074316] [robot_0.robot_supervisor]: Selected controllable event: EV_move_forward
[balanced_delivery_supervisor-24] [INFO] [1789488572.082017240] [robot_1.robot_supervisor]: Selected controllable event: EV_move_forward
[balanced_delivery_supervisor-22] [INFO] [1789488572.121203892] [robot_2.robot_supervisor]: Selected controllable event: EV_search_zone
[balanced_delivery_supervisor-20] [INFO] [1789488572.233592235] [robot_0.robot_supervisor]: Triggered uncontrollable event: EV_zone_a_not_visible
[balanced_delivery_supervisor-20] [INFO] [1789488572.239163843] [robot_0.robot_supervisor]: Triggered uncontrollable event: EV_zone_b_not_visible
[balanced_delivery_supervisor-20] [INFO] [1789488572.243801248] [robot_0.robot_supervisor]: Selected controllable event: EV_search_zone
[balanced_delivery_supervisor-22] [INFO] [1789488572.303062275] [robot_2.robot_supervisor]: Triggered uncontrollable event: EV_zone_a_not_visible
[balanced_delivery_supervisor-22] [INFO] [1789488572.303706976] [robot_2.robot_supervisor]: Triggered uncontrollable event: EV_zone_b_not_visible
[balanced_delivery_supervisor-22] [INFO] [1789488572.304449106] [robot_2.robot_supervisor]: Selected controllable event: EV_move_forward
[balanced_delivery_supervisor-24] [INFO] [1789488572.388711211] [robot_1.robot_supervisor]: Triggered uncontrollable event: EV_zone_a_not_visible
[balanced_delivery_supervisor-24] [INFO] [1789488572.393448055] [robot_1.robot_supervisor]: Triggered uncontrollable event: EV_zone_b_not_visible
[balanced_delivery_supervisor-24] [INFO] [1789488572.401452813] [robot_1.robot_supervisor]: Selected controllable event: EV_move_forward
[balanced_delivery_supervisor-20] [INFO] [1789488572.442319629] [robot_0.robot_supervisor]: Selected controllable event: EV_move_forward
[balanced_delivery_supervisor-22] [INFO] [1789488572.580787740] [robot_2.robot_supervisor]: Selected controllable event: EV_move_forward
[balanced_delivery_supervisor-24] [INFO] [1789488572.673091795] [robot_1.robot_supervisor]: Selected controllable event: EV_search_zone
[balanced_delivery_supervisor-20] [INFO] [1789488572.751328654] [robot_0.robot_supervisor]: Selected controllable event: EV_search_zone
[balanced_delivery_supervisor-24] [INFO] [1789488572.778099247] [robot_1.robot_supervisor]: Selected controllable event: EV_move_forward
[balanced_delivery_supervisor-22] [INFO] [1789488572.787010724] [robot_2.robot_supervisor]: Triggered uncontrollable event: EV_zone_a_not_visible
[balanced_delivery_supervisor-22] [INFO] [1789488572.787713118] [robot_2.robot_supervisor]: Selected controllable event: EV_move_forward
[balanced_delivery_supervisor-20] [INFO] [1789488572.923894403] [robot_0.robot_supervisor]: Triggered uncontrollable event: EV_zone_a_not_visible
[balanced_delivery_supervisor-20] [INFO] [1789488572.924502097] [robot_0.robot_supervisor]: Triggered uncontrollable event: EV_zone_b_not_visible
[balanced_delivery_supervisor-20] [INFO] [1789488572.940421260] [robot_0.robot_supervisor]: Selected controllable event: EV_move_forward
[balanced_delivery_supervisor-24] [INFO] [1789488572.997737646] [robot_1.robot_supervisor]: Triggered uncontrollable event: EV_zone_a_not_visible
[balanced_delivery_supervisor-22] [INFO] [1789488573.000247381] [robot_2.robot_supervisor]: Triggered uncontrollable event: EV_zone_b_not_visible
[balanced_delivery_supervisor-22] [INFO] [1789488573.000978301] [robot_2.robot_supervisor]: Selected controllable event: EV_search_zone
[balanced_delivery_supervisor-24] [INFO] [1789488573.003198653] [robot_1.robot_supervisor]: Triggered uncontrollable event: EV_zone_b_not_visible
[balanced_delivery_supervisor-24] [INFO] [1789488573.003899967] [robot_1.robot_supervisor]: Selected controllable event: EV_move_forward
[balanced_delivery_supervisor-22] [INFO] [1789488573.203792325] [robot_2.robot_supervisor]: Selected controllable event: EV_search_zone
[balanced_delivery_supervisor-20] [INFO] [1789488573.231470742] [robot_0.robot_supervisor]: Selected controllable event: EV_move_forward
[balanced_delivery_supervisor-24] [INFO] [1789488573.287937544] [robot_1.robot_supervisor]: Selected controllable event: EV_move_forward
[balanced_delivery_supervisor-22] [INFO] [1789488573.385455506] [robot_2.robot_supervisor]: Selected controllable event: EV_search_zone
[balanced_delivery_supervisor-20] [INFO] [1789488573.441748964] [robot_0.robot_supervisor]: Triggered uncontrollable event: EV_zone_a_not_visible
[balanced_delivery_supervisor-20] [INFO] [1789488573.442364335] [robot_0.robot_supervisor]: Triggered uncontrollable event: EV_zone_b_not_visible
[balanced_delivery_supervisor-20] [INFO] [1789488573.454683965] [robot_0.robot_supervisor]: Selected controllable event: EV_search_zone
[balanced_delivery_supervisor-24] [INFO] [1789488573.569060265] [robot_1.robot_supervisor]: Triggered uncontrollable event: EV_zone_a_not_visible
[balanced_delivery_supervisor-24] [INFO] [1789488573.569621963] [robot_1.robot_supervisor]: Triggered uncontrollable event: EV_zone_b_not_visible
[balanced_delivery_supervisor-24] [INFO] [1789488573.570305877] [robot_1.robot_supervisor]: Selected controllable event: EV_move_forward
[balanced_delivery_supervisor-22] [INFO] [1789488573.587501951] [robot_2.robot_supervisor]: Triggered uncontrollable event: EV_zone_a_not_visible
[balanced_delivery_supervisor-22] [INFO] [1789488573.593180927] [robot_2.robot_supervisor]: Triggered uncontrollable event: EV_zone_b_not_visible
[balanced_delivery_supervisor-22] [INFO] [1789488573.597206440] [robot_2.robot_supervisor]: Selected controllable event: EV_move_forward
[balanced_delivery_supervisor-20] [INFO] [1789488573.634447358] [robot_0.robot_supervisor]: Selected controllable event: EV_search_zone
[balanced_delivery_supervisor-20] [INFO] [1789488573.826185148] [robot_0.robot_supervisor]: Selected controllable event: EV_search_zone
[color_detector-29] [INFO] [1789488573.855876176] [robot_2.target_detector]: RGB HEARTBEAT frames_total=100 recent_rate_hz=1.494 last_frame_age_s=0.497 status=OK
[color_detector-27] [INFO] [1789488573.859479949] [robot_0.target_detector]: RGB HEARTBEAT frames_total=100 recent_rate_hz=1.494 last_frame_age_s=0.568 status=OK
[color_detector-31] [INFO] [1789488573.859480215] [robot_1.target_detector]: RGB HEARTBEAT frames_total=100 recent_rate_hz=1.495 last_frame_age_s=0.449 status=OK
[balanced_delivery_supervisor-24] [INFO] [1789488573.885813476] [robot_1.robot_supervisor]: Selected controllable event: EV_search_zone
[balanced_delivery_supervisor-22] [INFO] [1789488573.891039456] [robot_2.robot_supervisor]: Selected controllable event: EV_move_forward
[balanced_delivery_supervisor-20] [INFO] [1789488573.947294167] [robot_0.robot_supervisor]: Selected controllable event: EV_search_zone
[balanced_delivery_supervisor-24] [INFO] [1789488574.083637823] [robot_1.robot_supervisor]: Selected controllable event: EV_move_forward
[balanced_delivery_supervisor-22] [INFO] [1789488574.094215384] [robot_2.robot_supervisor]: Triggered uncontrollable event: EV_zone_a_not_visible
[balanced_delivery_supervisor-22] [INFO] [1789488574.099512317] [robot_2.robot_supervisor]: Triggered uncontrollable event: EV_obstacle_right
[balanced_delivery_supervisor-22] [INFO] [1789488574.104795074] [robot_2.robot_supervisor]: Selected controllable event: EV_rotate_counterclockwise
[balanced_delivery_supervisor-20] [INFO] [1789488574.140993035] [robot_0.robot_supervisor]: Triggered uncontrollable event: EV_zone_a_not_visible
[balanced_delivery_supervisor-20] [INFO] [1789488574.141610734] [robot_0.robot_supervisor]: Triggered uncontrollable event: EV_zone_b_not_visible
[balanced_delivery_supervisor-20] [INFO] [1789488574.149192727] [robot_0.robot_supervisor]: Selected controllable event: EV_move_forward
[balanced_delivery_supervisor-22] [INFO] [1789488574.283704561] [robot_2.robot_supervisor]: Triggered uncontrollable event: EV_obstacle_right
[balanced_delivery_supervisor-22] [INFO] [1789488574.284406924] [robot_2.robot_supervisor]: Triggered uncontrollable event: EV_zone_b_not_visible
[balanced_delivery_supervisor-22] [INFO] [1789488574.296069271] [robot_2.robot_supervisor]: Selected controllable event: EV_u_turn
[balanced_delivery_supervisor-22] [INFO] [1789488574.296737566] [robot_2.robot_supervisor]: Starting FULL ROTATE (omega=1.000, have_odom=True, target_rad=3.142, timeout_s=3.500)
[balanced_delivery_supervisor-24] [INFO] [1789488574.370430853] [robot_1.robot_supervisor]: Triggered uncontrollable event: EV_zone_a_not_visible
[balanced_delivery_supervisor-24] [INFO] [1789488574.376422848] [robot_1.robot_supervisor]: Triggered uncontrollable event: EV_zone_b_not_visible
[balanced_delivery_supervisor-24] [INFO] [1789488574.385000030] [robot_1.robot_supervisor]: Selected controllable event: EV_search_zone
[balanced_delivery_supervisor-20] [INFO] [1789488574.429104476] [robot_0.robot_supervisor]: Selected controllable event: EV_search_zone
[balanced_delivery_supervisor-24] [INFO] [1789488574.489076051] [robot_1.robot_supervisor]: Selected controllable event: EV_move_forward
[balanced_delivery_supervisor-20] [INFO] [1789488574.538813407] [robot_0.robot_supervisor]: Selected controllable event: EV_search_zone
[balanced_delivery_supervisor-20] [INFO] [1789488574.736667253] [robot_0.robot_supervisor]: Selected controllable event: EV_search_zone
[balanced_delivery_supervisor-24] [INFO] [1789488574.769748591] [robot_1.robot_supervisor]: Selected controllable event: EV_move_forward
[balanced_delivery_supervisor-20] [INFO] [1789488574.944607476] [robot_0.robot_supervisor]: Triggered uncontrollable event: EV_zone_a_not_visible
[balanced_delivery_supervisor-20] [INFO] [1789488574.945196501] [robot_0.robot_supervisor]: Triggered uncontrollable event: EV_zone_b_not_visible
[balanced_delivery_supervisor-20] [INFO] [1789488574.967539188] [robot_0.robot_supervisor]: Selected controllable event: EV_move_forward
[balanced_delivery_supervisor-24] [INFO] [1789488575.079024066] [robot_1.robot_supervisor]: Triggered uncontrollable event: EV_zone_a_not_visible
[balanced_delivery_supervisor-24] [INFO] [1789488575.091557991] [robot_1.robot_supervisor]: Triggered uncontrollable event: EV_zone_b_not_visible
[balanced_delivery_supervisor-24] [INFO] [1789488575.095913988] [robot_1.robot_supervisor]: Selected controllable event: EV_search_zone
[balanced_delivery_supervisor-20] [INFO] [1789488575.237274015] [robot_0.robot_supervisor]: Selected controllable event: EV_search_zone
[balanced_delivery_supervisor-24] [INFO] [1789488575.271641585] [robot_1.robot_supervisor]: Selected controllable event: EV_move_forward
[balanced_delivery_supervisor-20] [INFO] [1789488575.429868016] [robot_0.robot_supervisor]: Triggered uncontrollable event: EV_zone_a_not_visible
[balanced_delivery_supervisor-20] [INFO] [1789488575.430479794] [robot_0.robot_supervisor]: Triggered uncontrollable event: EV_zone_b_not_visible
[balanced_delivery_supervisor-20] [INFO] [1789488575.453365452] [robot_0.robot_supervisor]: Selected controllable event: EV_search_zone
[balanced_delivery_supervisor-24] [INFO] [1789488575.490535490] [robot_1.robot_supervisor]: Triggered uncontrollable event: EV_zone_a_not_visible
[balanced_delivery_supervisor-24] [INFO] [1789488575.491341048] [robot_1.robot_supervisor]: Selected controllable event: EV_search_zone
[balanced_delivery_supervisor-20] [INFO] [1789488575.625329202] [robot_0.robot_supervisor]: Selected controllable event: EV_move_forward
[balanced_delivery_supervisor-24] [INFO] [1789488575.674070148] [robot_1.robot_supervisor]: Triggered uncontrollable event: EV_zone_b_not_visible
[balanced_delivery_supervisor-24] [INFO] [1789488575.674879367] [robot_1.robot_supervisor]: Selected controllable event: EV_search_zone
[balanced_delivery_supervisor-20] [INFO] [1789488575.828035621] [robot_0.robot_supervisor]: Selected controllable event: EV_search_zone
[balanced_delivery_supervisor-24] [INFO] [1789488575.869106795] [robot_1.robot_supervisor]: Selected controllable event: EV_search_zone
[balanced_delivery_supervisor-20] [INFO] [1789488575.941266700] [robot_0.robot_supervisor]: Selected controllable event: EV_search_zone
[balanced_delivery_supervisor-24] [INFO] [1789488576.103763541] [robot_1.robot_supervisor]: Selected controllable event: EV_move_forward
[balanced_delivery_supervisor-20] [INFO] [1789488576.139189099] [robot_0.robot_supervisor]: Triggered uncontrollable event: EV_zone_a_not_visible
[balanced_delivery_supervisor-20] [INFO] [1789488576.147909979] [robot_0.robot_supervisor]: Selected controllable event: EV_move_forward
[balanced_delivery_supervisor-24] [INFO] [1789488576.407288558] [robot_1.robot_supervisor]: Triggered uncontrollable event: EV_zone_a_not_visible
[balanced_delivery_supervisor-24] [INFO] [1789488576.410868200] [robot_1.robot_supervisor]: Triggered uncontrollable event: EV_obstacle_right
[balanced_delivery_supervisor-24] [INFO] [1789488576.414828962] [robot_1.robot_supervisor]: Triggered uncontrollable event: EV_zone_b_not_visible
[balanced_delivery_supervisor-24] [INFO] [1789488576.422429786] [robot_1.robot_supervisor]: Selected controllable event: EV_u_turn
[balanced_delivery_supervisor-24] [INFO] [1789488576.425246563] [robot_1.robot_supervisor]: Starting FULL ROTATE (omega=1.000, have_odom=True, target_rad=3.142, timeout_s=3.500)
[balanced_delivery_supervisor-20] [INFO] [1789488576.424681593] [robot_0.robot_supervisor]: Triggered uncontrollable event: EV_zone_b_not_visible
[balanced_delivery_supervisor-20] [INFO] [1789488576.432914478] [robot_0.robot_supervisor]: Selected controllable event: EV_search_zone
[balanced_delivery_supervisor-20] [INFO] [1789488576.635465932] [robot_0.robot_supervisor]: Selected controllable event: EV_search_zone
[balanced_delivery_supervisor-20] [INFO] [1789488576.851154249] [robot_0.robot_supervisor]: Selected controllable event: EV_move_forward
[balanced_delivery_supervisor-20] [INFO] [1789488577.053169629] [robot_0.robot_supervisor]: Triggered uncontrollable event: EV_zone_a_not_visible
[balanced_delivery_supervisor-20] [INFO] [1789488577.069952878] [robot_0.robot_supervisor]: Triggered uncontrollable event: EV_zone_b_not_visible
[balanced_delivery_supervisor-20] [INFO] [1789488577.075892122] [robot_0.robot_supervisor]: Selected controllable event: EV_search_zone
[balanced_delivery_supervisor-20] [INFO] [1789488577.232474627] [robot_0.robot_supervisor]: Selected controllable event: EV_move_forward
[balanced_delivery_supervisor-20] [INFO] [1789488577.542642680] [robot_0.robot_supervisor]: Selected controllable event: EV_search_zone
[balanced_delivery_supervisor-20] [INFO] [1789488577.747446639] [robot_0.robot_supervisor]: Triggered uncontrollable event: EV_zone_a_not_visible
[balanced_delivery_supervisor-20] [INFO] [1789488577.755236041] [robot_0.robot_supervisor]: Triggered uncontrollable event: EV_zone_b_not_visible
[balanced_delivery_supervisor-20] [INFO] [1789488577.759625374] [robot_0.robot_supervisor]: Selected controllable event: EV_search_zone
[balanced_delivery_supervisor-22] [INFO] [1789488577.884229970] [robot_2.robot_supervisor]: FULL ROTATE completed by timeout
[balanced_delivery_supervisor-20] [INFO] [1789488577.941396461] [robot_0.robot_supervisor]: Selected controllable event: EV_move_forward
[balanced_delivery_supervisor-22] [INFO] [1789488578.113554735] [robot_2.robot_supervisor]: Triggered uncontrollable event: EV_zone_a_not_visible
[balanced_delivery_supervisor-22] [INFO] [1789488578.116261340] [robot_2.robot_supervisor]: Triggered uncontrollable event: EV_zone_b_not_visible
[balanced_delivery_supervisor-22] [INFO] [1789488578.124000759] [robot_2.robot_supervisor]: Selected controllable event: EV_move_forward
[balanced_delivery_supervisor-20] [INFO] [1789488578.233899854] [robot_0.robot_supervisor]: Selected controllable event: EV_move_forward
[balanced_delivery_supervisor-22] [INFO] [1789488578.379144335] [robot_2.robot_supervisor]: Selected controllable event: EV_move_forward
[balanced_delivery_supervisor-20] [INFO] [1789488578.540712802] [robot_0.robot_supervisor]: Triggered uncontrollable event: EV_zone_a_not_visible
[balanced_delivery_supervisor-20] [INFO] [1789488578.546639065] [robot_0.robot_supervisor]: Triggered uncontrollable event: EV_zone_b_not_visible
[balanced_delivery_supervisor-20] [INFO] [1789488578.555726619] [robot_0.robot_supervisor]: Selected controllable event: EV_move_forward
[balanced_delivery_supervisor-22] [INFO] [1789488578.683772477] [robot_2.robot_supervisor]: Triggered uncontrollable event: EV_zone_a_visible
[balanced_delivery_supervisor-22] [INFO] [1789488578.684664187] [robot_2.robot_supervisor]: Triggered uncontrollable event: EV_zone_b_visible
[balanced_delivery_supervisor-22] [INFO] [1789488578.693080363] [robot_2.robot_supervisor]: Selected controllable event: EV_approach_zone
[balanced_delivery_supervisor-20] [INFO] [1789488578.844726911] [robot_0.robot_supervisor]: Selected controllable event: EV_move_forward
[balanced_delivery_supervisor-22] [INFO] [1789488578.995409461] [robot_2.robot_supervisor]: Selected controllable event: EV_move_forward
[balanced_delivery_supervisor-20] [INFO] [1789488579.156306934] [robot_0.robot_supervisor]: Triggered uncontrollable event: EV_zone_a_not_visible
[balanced_delivery_supervisor-20] [INFO] [1789488579.157108059] [robot_0.robot_supervisor]: Triggered uncontrollable event: EV_zone_b_not_visible
[balanced_delivery_supervisor-20] [INFO] [1789488579.163563361] [robot_0.robot_supervisor]: Selected controllable event: EV_move_forward
[balanced_delivery_supervisor-22] [INFO] [1789488579.292604544] [robot_2.robot_supervisor]: Triggered uncontrollable event: EV_zone_a_visible
[balanced_delivery_supervisor-22] [INFO] [1789488579.293270321] [robot_2.robot_supervisor]: Triggered uncontrollable event: EV_zone_b_visible
[balanced_delivery_supervisor-22] [INFO] [1789488579.294091446] [robot_2.robot_supervisor]: Selected controllable event: EV_move_forward
[balanced_delivery_supervisor-20] [INFO] [1789488579.437222709] [robot_0.robot_supervisor]: Selected controllable event: EV_move_forward
[balanced_delivery_supervisor-22] [INFO] [1789488579.598572842] [robot_2.robot_supervisor]: Selected controllable event: EV_move_forward
[balanced_delivery_supervisor-20] [INFO] [1789488579.745420551] [robot_0.robot_supervisor]: Selected controllable event: EV_search_zone
[balanced_delivery_supervisor-22] [INFO] [1789488579.888470326] [robot_2.robot_supervisor]: Selected controllable event: EV_move_forward
[balanced_delivery_supervisor-20] [INFO] [1789488579.949752263] [robot_0.robot_supervisor]: Triggered uncontrollable event: EV_zone_a_not_visible
[balanced_delivery_supervisor-20] [INFO] [1789488579.950407289] [robot_0.robot_supervisor]: Triggered uncontrollable event: EV_zone_b_not_visible
[balanced_delivery_supervisor-20] [INFO] [1789488579.963667042] [robot_0.robot_supervisor]: Selected controllable event: EV_search_zone
[balanced_delivery_supervisor-24] [INFO] [1789488579.987532989] [robot_1.robot_supervisor]: FULL ROTATE completed by timeout
[balanced_delivery_supervisor-22] [INFO] [1789488580.100134259] [robot_2.robot_supervisor]: Triggered uncontrollable event: EV_zone_a_visible
[balanced_delivery_supervisor-22] [INFO] [1789488580.104126216] [robot_2.robot_supervisor]: Triggered uncontrollable event: EV_zone_b_visible
[balanced_delivery_supervisor-22] [INFO] [1789488580.107197554] [robot_2.robot_supervisor]: Selected controllable event: EV_move_forward
[balanced_delivery_supervisor-20] [INFO] [1789488580.133174353] [robot_0.robot_supervisor]: Selected controllable event: EV_search_zone
[balanced_delivery_supervisor-24] [INFO] [1789488580.195509619] [robot_1.robot_supervisor]: Triggered uncontrollable event: EV_zone_a_not_visible
[balanced_delivery_supervisor-24] [INFO] [1789488580.196048424] [robot_1.robot_supervisor]: Triggered uncontrollable event: EV_zone_b_not_visible
[balanced_delivery_supervisor-24] [INFO] [1789488580.196739866] [robot_1.robot_supervisor]: Selected controllable event: EV_search_zone
[balanced_delivery_supervisor-20] [INFO] [1789488580.254413576] [robot_0.robot_supervisor]: Selected controllable event: EV_move_forward
[balanced_delivery_supervisor-24] [INFO] [1789488580.380862739] [robot_1.robot_supervisor]: Selected controllable event: EV_move_forward
[balanced_delivery_supervisor-22] [INFO] [1789488580.397550525] [robot_2.robot_supervisor]: Selected controllable event: EV_move_forward
[balanced_delivery_supervisor-20] [INFO] [1789488580.532827022] [robot_0.robot_supervisor]: Triggered uncontrollable event: EV_zone_a_not_visible
[balanced_delivery_supervisor-20] [INFO] [1789488580.533578712] [robot_0.robot_supervisor]: Selected controllable event: EV_move_forward
[balanced_delivery_supervisor-24] [INFO] [1789488580.701355087] [robot_1.robot_supervisor]: Selected controllable event: EV_move_forward
[balanced_delivery_supervisor-22] [INFO] [1789488580.703023274] [robot_2.robot_supervisor]: Triggered uncontrollable event: EV_zone_b_visible
[balanced_delivery_supervisor-22] [INFO] [1789488580.706942071] [robot_2.robot_supervisor]: Triggered uncontrollable event: EV_zone_a_reached
[balanced_delivery_supervisor-22] [INFO] [1789488580.716238029] [robot_2.robot_supervisor]: Selected controllable event: EV_approach_zone
[balanced_delivery_supervisor-20] [INFO] [1789488580.739328533] [robot_0.robot_supervisor]: Triggered uncontrollable event: EV_zone_b_not_visible
[balanced_delivery_supervisor-20] [INFO] [1789488580.758268616] [robot_0.robot_supervisor]: Selected controllable event: EV_move_forward
[balanced_delivery_supervisor-24] [INFO] [1789488580.989426444] [robot_1.robot_supervisor]: Triggered uncontrollable event: EV_zone_a_not_visible
[balanced_delivery_supervisor-24] [INFO] [1789488580.995091780] [robot_1.robot_supervisor]: Triggered uncontrollable event: EV_zone_b_not_visible
[balanced_delivery_supervisor-24] [INFO] [1789488581.004623945] [robot_1.robot_supervisor]: Selected controllable event: EV_move_forward
[balanced_delivery_supervisor-22] [INFO] [1789488581.004139680] [robot_2.robot_supervisor]: Selected controllable event: EV_move_forward
[balanced_delivery_supervisor-20] [INFO] [1789488581.057312309] [robot_0.robot_supervisor]: Selected controllable event: EV_search_zone
[color_detector-29] [INFO] [1789488581.092192677] [robot_2.target_detector]: RGB HEARTBEAT frames_total=110 recent_rate_hz=1.382 last_frame_age_s=0.516 status=OK
[color_detector-27] [INFO] [1789488581.099814027] [robot_0.target_detector]: RGB HEARTBEAT frames_total=110 recent_rate_hz=1.381 last_frame_age_s=0.614 status=OK
[color_detector-31] [INFO] [1789488581.121422680] [robot_1.target_detector]: RGB HEARTBEAT frames_total=110 recent_rate_hz=1.382 last_frame_age_s=0.441 status=OK
[balanced_delivery_supervisor-20] [INFO] [1789488581.240991528] [robot_0.robot_supervisor]: Triggered uncontrollable event: EV_zone_a_not_visible
[balanced_delivery_supervisor-20] [INFO] [1789488581.251740625] [robot_0.robot_supervisor]: Selected controllable event: EV_search_zone
[balanced_delivery_supervisor-24] [INFO] [1789488581.281997348] [robot_1.robot_supervisor]: Selected controllable event: EV_search_zone
[balanced_delivery_supervisor-22] [INFO] [1789488581.289959355] [robot_2.robot_supervisor]: Selected controllable event: EV_move_forward
[balanced_delivery_supervisor-24] [INFO] [1789488581.391304242] [robot_1.robot_supervisor]: Triggered uncontrollable event: EV_zone_a_visible
[balanced_delivery_supervisor-24] [INFO] [1789488581.398267730] [robot_1.robot_supervisor]: Triggered uncontrollable event: EV_zone_b_not_visible
[balanced_delivery_supervisor-24] [INFO] [1789488581.399051148] [robot_1.robot_supervisor]: Selected controllable event: EV_move_forward
[balanced_delivery_supervisor-20] [INFO] [1789488581.445705701] [robot_0.robot_supervisor]: Triggered uncontrollable event: EV_zone_b_not_visible
[balanced_delivery_supervisor-20] [INFO] [1789488581.457164780] [robot_0.robot_supervisor]: Selected controllable event: EV_move_forward
[balanced_delivery_supervisor-22] [INFO] [1789488581.497140716] [robot_2.robot_supervisor]: Triggered uncontrollable event: EV_zone_b_visible
[balanced_delivery_supervisor-22] [INFO] [1789488581.508262970] [robot_2.robot_supervisor]: Triggered uncontrollable event: EV_zone_a_reached
[balanced_delivery_supervisor-22] [INFO] [1789488581.509080531] [robot_2.robot_supervisor]: Selected controllable event: EV_move_forward
[balanced_delivery_supervisor-24] [INFO] [1789488581.684675475] [robot_1.robot_supervisor]: Selected controllable event: EV_approach_zone
[balanced_delivery_supervisor-20] [INFO] [1789488581.744714260] [robot_0.robot_supervisor]: Selected controllable event: EV_move_forward
[balanced_delivery_supervisor-22] [INFO] [1789488581.795581695] [robot_2.robot_supervisor]: Selected controllable event: EV_approach_zone
[balanced_delivery_supervisor-24] [INFO] [1789488581.992732245] [robot_1.robot_supervisor]: Selected controllable event: EV_approach_zone
[balanced_delivery_supervisor-20] [INFO] [1789488582.034769247] [robot_0.robot_supervisor]: Triggered uncontrollable event: EV_zone_a_not_visible
[balanced_delivery_supervisor-20] [INFO] [1789488582.035430212] [robot_0.robot_supervisor]: Triggered uncontrollable event: EV_zone_b_not_visible
[balanced_delivery_supervisor-20] [INFO] [1789488582.036235020] [robot_0.robot_supervisor]: Selected controllable event: EV_search_zone
[balanced_delivery_supervisor-22] [INFO] [1789488582.090676698] [robot_2.robot_supervisor]: Triggered uncontrollable event: EV_obstacle_front
[balanced_delivery_supervisor-22] [INFO] [1789488582.091321546] [robot_2.robot_supervisor]: Triggered uncontrollable event: EV_zone_a_reached
[balanced_delivery_supervisor-22] [INFO] [1789488582.110392209] [robot_2.robot_supervisor]: Selected controllable event: EV_rotate_clockwise
[balanced_delivery_supervisor-20] [INFO] [1789488582.248224008] [robot_0.robot_supervisor]: Selected controllable event: EV_search_zone
[balanced_delivery_supervisor-24] [INFO] [1789488582.289539295] [robot_1.robot_supervisor]: Triggered uncontrollable event: EV_zone_a_visible
[balanced_delivery_supervisor-24] [INFO] [1789488582.295689947] [robot_1.robot_supervisor]: Triggered uncontrollable event: EV_zone_b_not_visible
[balanced_delivery_supervisor-22] [INFO] [1789488582.297044816] [robot_2.robot_supervisor]: Triggered uncontrollable event: EV_zone_b_visible
[balanced_delivery_supervisor-22] [INFO] [1789488582.297734785] [robot_2.robot_supervisor]: Triggered uncontrollable event: EV_obstacle_front
[balanced_delivery_supervisor-24] [INFO] [1789488582.300631599] [robot_1.robot_supervisor]: Selected controllable event: EV_move_forward
[balanced_delivery_supervisor-22] [INFO] [1789488582.310056320] [robot_2.robot_supervisor]: Selected controllable event: EV_rotate_clockwise
[balanced_delivery_supervisor-20] [INFO] [1789488582.436536722] [robot_0.robot_supervisor]: Selected controllable event: EV_move_forward
[balanced_delivery_supervisor-22] [INFO] [1789488582.500259465] [robot_2.robot_supervisor]: Triggered uncontrollable event: EV_obstacle_front
[balanced_delivery_supervisor-22] [INFO] [1789488582.505776805] [robot_2.robot_supervisor]: Selected controllable event: EV_move_backward
[balanced_delivery_supervisor-24] [INFO] [1789488582.596567434] [robot_1.robot_supervisor]: Selected controllable event: EV_approach_zone
[balanced_delivery_supervisor-20] [INFO] [1789488582.647576650] [robot_0.robot_supervisor]: Selected controllable event: EV_search_zone
[balanced_delivery_supervisor-22] [INFO] [1789488582.781134348] [robot_2.robot_supervisor]: Triggered uncontrollable event: EV_obstacle_front
[balanced_delivery_supervisor-22] [INFO] [1789488582.781811147] [robot_2.robot_supervisor]: Selected controllable event: EV_u_turn
[balanced_delivery_supervisor-22] [INFO] [1789488582.782347750] [robot_2.robot_supervisor]: Starting FULL ROTATE (omega=1.000, have_odom=True, target_rad=3.142, timeout_s=3.500)
[balanced_delivery_supervisor-20] [INFO] [1789488582.869844824] [robot_0.robot_supervisor]: Triggered uncontrollable event: EV_zone_a_not_visible
[balanced_delivery_supervisor-20] [INFO] [1789488582.870516155] [robot_0.robot_supervisor]: Triggered uncontrollable event: EV_zone_b_not_visible
[balanced_delivery_supervisor-20] [INFO] [1789488582.871260282] [robot_0.robot_supervisor]: Selected controllable event: EV_move_forward
[balanced_delivery_supervisor-24] [INFO] [1789488582.879876806] [robot_1.robot_supervisor]: Selected controllable event: EV_approach_zone
[balanced_delivery_supervisor-20] [INFO] [1789488583.153743945] [robot_0.robot_supervisor]: Selected controllable event: EV_move_forward
[balanced_delivery_supervisor-24] [INFO] [1789488583.194337479] [robot_1.robot_supervisor]: Triggered uncontrollable event: EV_zone_a_visible
[balanced_delivery_supervisor-24] [INFO] [1789488583.203560463] [robot_1.robot_supervisor]: Triggered uncontrollable event: EV_zone_b_not_visible
[balanced_delivery_supervisor-24] [INFO] [1789488583.212636592] [robot_1.robot_supervisor]: Selected controllable event: EV_move_forward
[balanced_delivery_supervisor-20] [INFO] [1789488583.449223591] [robot_0.robot_supervisor]: Selected controllable event: EV_move_forward
[balanced_delivery_supervisor-24] [INFO] [1789488583.484393802] [robot_1.robot_supervisor]: Selected controllable event: EV_approach_zone
[balanced_delivery_supervisor-20] [INFO] [1789488583.730617819] [robot_0.robot_supervisor]: Triggered uncontrollable event: EV_zone_a_not_visible
[balanced_delivery_supervisor-20] [INFO] [1789488583.731267838] [robot_0.robot_supervisor]: Triggered uncontrollable event: EV_zone_b_not_visible
[balanced_delivery_supervisor-20] [INFO] [1789488583.746497589] [robot_0.robot_supervisor]: Selected controllable event: EV_move_forward
[balanced_delivery_supervisor-24] [INFO] [1789488583.797773711] [robot_1.robot_supervisor]: Selected controllable event: EV_approach_zone
[balanced_delivery_supervisor-20] [INFO] [1789488584.044352165] [robot_0.robot_supervisor]: Selected controllable event: EV_move_forward
[balanced_delivery_supervisor-24] [INFO] [1789488584.097072918] [robot_1.robot_supervisor]: Triggered uncontrollable event: EV_zone_a_visible
[balanced_delivery_supervisor-24] [INFO] [1789488584.097653182] [robot_1.robot_supervisor]: Triggered uncontrollable event: EV_zone_b_not_visible
[balanced_delivery_supervisor-24] [INFO] [1789488584.107226003] [robot_1.robot_supervisor]: Selected controllable event: EV_approach_zone
[balanced_delivery_supervisor-20] [INFO] [1789488584.328574092] [robot_0.robot_supervisor]: Selected controllable event: EV_search_zone
[balanced_delivery_supervisor-24] [INFO] [1789488584.386597308] [robot_1.robot_supervisor]: Selected controllable event: EV_move_forward
[balanced_delivery_supervisor-20] [INFO] [1789488584.440137190] [robot_0.robot_supervisor]: Triggered uncontrollable event: EV_zone_a_visible
[balanced_delivery_supervisor-20] [INFO] [1789488584.440789070] [robot_0.robot_supervisor]: Triggered uncontrollable event: EV_zone_b_not_visible
[balanced_delivery_supervisor-20] [INFO] [1789488584.455528411] [robot_0.robot_supervisor]: Selected controllable event: EV_move_forward
[balanced_delivery_supervisor-24] [INFO] [1789488584.677828674] [robot_1.robot_supervisor]: Triggered uncontrollable event: EV_zone_a_visible
[balanced_delivery_supervisor-24] [INFO] [1789488584.693007385] [robot_1.robot_supervisor]: Triggered uncontrollable event: EV_zone_b_visible
[balanced_delivery_supervisor-24] [INFO] [1789488584.693825938] [robot_1.robot_supervisor]: Selected controllable event: EV_approach_zone
[balanced_delivery_supervisor-20] [INFO] [1789488584.741826206] [robot_0.robot_supervisor]: Selected controllable event: EV_move_forward
[balanced_delivery_supervisor-24] [INFO] [1789488584.975231245] [robot_1.robot_supervisor]: Selected controllable event: EV_move_forward
[balanced_delivery_supervisor-20] [INFO] [1789488585.036078814] [robot_0.robot_supervisor]: Selected controllable event: EV_move_forward
[balanced_delivery_supervisor-24] [INFO] [1789488585.211504606] [robot_1.robot_supervisor]: Selected controllable event: EV_approach_zone
[balanced_delivery_supervisor-20] [INFO] [1789488585.351436483] [robot_0.robot_supervisor]: Triggered uncontrollable event: EV_zone_a_visible
[balanced_delivery_supervisor-20] [INFO] [1789488585.353164757] [robot_0.robot_supervisor]: Triggered uncontrollable event: EV_zone_b_not_visible
[balanced_delivery_supervisor-20] [INFO] [1789488585.354020068] [robot_0.robot_supervisor]: Selected controllable event: EV_move_forward
[balanced_delivery_supervisor-24] [INFO] [1789488585.490196850] [robot_1.robot_supervisor]: Triggered uncontrollable event: EV_zone_a_visible
[balanced_delivery_supervisor-24] [INFO] [1789488585.494785285] [robot_1.robot_supervisor]: Triggered uncontrollable event: EV_zone_b_visible
[balanced_delivery_supervisor-24] [INFO] [1789488585.502713102] [robot_1.robot_supervisor]: Selected controllable event: EV_move_forward
[balanced_delivery_supervisor-20] [INFO] [1789488585.635532222] [robot_0.robot_supervisor]: Selected controllable event: EV_approach_zone
[balanced_delivery_supervisor-24] [INFO] [1789488585.773749693] [robot_1.robot_supervisor]: Selected controllable event: EV_approach_zone
[balanced_delivery_supervisor-20] [INFO] [1789488585.847644897] [robot_0.robot_supervisor]: Triggered uncontrollable event: EV_zone_a_visible
[balanced_delivery_supervisor-20] [INFO] [1789488585.848353302] [robot_0.robot_supervisor]: Triggered uncontrollable event: EV_obstacle_left
[balanced_delivery_supervisor-20] [INFO] [1789488585.849139270] [robot_0.robot_supervisor]: Selected controllable event: EV_rotate_clockwise
[balanced_delivery_supervisor-24] [INFO] [1789488585.983321285] [robot_1.robot_supervisor]: Selected controllable event: EV_move_forward
[balanced_delivery_supervisor-20] [INFO] [1789488586.024693783] [robot_0.robot_supervisor]: Triggered uncontrollable event: EV_obstacle_left
[balanced_delivery_supervisor-20] [INFO] [1789488586.031236260] [robot_0.robot_supervisor]: Triggered uncontrollable event: EV_zone_b_not_visible
[balanced_delivery_supervisor-20] [INFO] [1789488586.036072140] [robot_0.robot_supervisor]: Selected controllable event: EV_rotate_clockwise
[balanced_delivery_supervisor-20] [INFO] [1789488586.236716666] [robot_0.robot_supervisor]: Triggered uncontrollable event: EV_obstacle_left
[balanced_delivery_supervisor-20] [INFO] [1789488586.238731088] [robot_0.robot_supervisor]: Selected controllable event: EV_u_turn
[balanced_delivery_supervisor-20] [INFO] [1789488586.250382450] [robot_0.robot_supervisor]: Starting FULL ROTATE (omega=1.000, have_odom=True, target_rad=3.142, timeout_s=3.500)
[balanced_delivery_supervisor-24] [INFO] [1789488586.286847212] [robot_1.robot_supervisor]: Triggered uncontrollable event: EV_zone_a_visible
[balanced_delivery_supervisor-24] [INFO] [1789488586.293213099] [robot_1.robot_supervisor]: Triggered uncontrollable event: EV_zone_b_visible
[balanced_delivery_supervisor-24] [INFO] [1789488586.299958638] [robot_1.robot_supervisor]: Selected controllable event: EV_move_forward
[balanced_delivery_supervisor-22] [INFO] [1789488586.303357358] [robot_2.robot_supervisor]: FULL ROTATE completed by timeout
[balanced_delivery_supervisor-22] [INFO] [1789488586.513179979] [robot_2.robot_supervisor]: Triggered uncontrollable event: EV_zone_b_visible
[balanced_delivery_supervisor-22] [INFO] [1789488586.513776531] [robot_2.robot_supervisor]: Triggered uncontrollable event: EV_zone_a_reached
[balanced_delivery_supervisor-22] [INFO] [1789488586.521723167] [robot_2.robot_supervisor]: Selected controllable event: EV_move_forward
[balanced_delivery_supervisor-24] [INFO] [1789488586.598210051] [robot_1.robot_supervisor]: Selected controllable event: EV_move_forward
[balanced_delivery_supervisor-22] [INFO] [1789488586.795026598] [robot_2.robot_supervisor]: Triggered uncontrollable event: EV_zone_b_visible
[balanced_delivery_supervisor-22] [INFO] [1789488586.795634522] [robot_2.robot_supervisor]: Triggered uncontrollable event: EV_obstacle_left
[balanced_delivery_supervisor-22] [INFO] [1789488586.796206667] [robot_2.robot_supervisor]: Triggered uncontrollable event: EV_zone_a_reached
[balanced_delivery_supervisor-22] [INFO] [1789488586.806506823] [robot_2.robot_supervisor]: Selected controllable event: EV_u_turn
[balanced_delivery_supervisor-24] [INFO] [1789488586.872177088] [robot_1.robot_supervisor]: Triggered uncontrollable event: EV_zone_a_visible
[balanced_delivery_supervisor-24] [INFO] [1789488586.872714860] [robot_1.robot_supervisor]: Triggered uncontrollable event: EV_zone_b_visible
[balanced_delivery_supervisor-24] [INFO] [1789488586.873620913] [robot_1.robot_supervisor]: Selected controllable event: EV_approach_zone
[balanced_delivery_supervisor-22] [INFO] [1789488586.883142912] [robot_2.robot_supervisor]: Triggered uncontrollable event: EV_obstacle_left
[balanced_delivery_supervisor-22] [INFO] [1789488586.889441805] [robot_2.robot_supervisor]: Selected controllable event: EV_rotate_clockwise
[balanced_delivery_supervisor-22] [WARN] [1789488586.899372548] [robot_2.robot_supervisor]: no translation for 4.6s livelock detected; starting atomic escape (turn_sign=-1)
[balanced_delivery_supervisor-24] [INFO] [1789488587.174813532] [robot_1.robot_supervisor]: Selected controllable event: EV_approach_zone
[balanced_delivery_supervisor-24] [INFO] [1789488587.377730407] [robot_1.robot_supervisor]: Triggered uncontrollable event: EV_zone_a_visible
[balanced_delivery_supervisor-24] [INFO] [1789488587.401179922] [robot_1.robot_supervisor]: Selected controllable event: EV_move_forward
[balanced_delivery_supervisor-24] [INFO] [1789488587.688587765] [robot_1.robot_supervisor]: Triggered uncontrollable event: EV_zone_b_visible
[balanced_delivery_supervisor-24] [INFO] [1789488587.702029581] [robot_1.robot_supervisor]: Selected controllable event: EV_approach_zone
[balanced_delivery_supervisor-24] [INFO] [1789488587.987868352] [robot_1.robot_supervisor]: Selected controllable event: EV_approach_zone
[balanced_delivery_supervisor-24] [INFO] [1789488588.303262644] [robot_1.robot_supervisor]: Selected controllable event: EV_move_forward
[balanced_delivery_supervisor-24] [INFO] [1789488588.594946368] [robot_1.robot_supervisor]: Triggered uncontrollable event: EV_zone_a_visible
[balanced_delivery_supervisor-24] [INFO] [1789488588.595617724] [robot_1.robot_supervisor]: Triggered uncontrollable event: EV_zone_b_visible
[balanced_delivery_supervisor-24] [INFO] [1789488588.596300735] [robot_1.robot_supervisor]: Selected controllable event: EV_move_forward
[color_detector-27] [INFO] [1789488588.605924389] [robot_0.target_detector]: RGB HEARTBEAT frames_total=120 recent_rate_hz=1.332 last_frame_age_s=0.552 status=OK
[color_detector-31] [INFO] [1789488588.609536063] [robot_1.target_detector]: RGB HEARTBEAT frames_total=120 recent_rate_hz=1.331 last_frame_age_s=0.299 status=OK
[color_detector-29] [INFO] [1789488588.646091573] [robot_2.target_detector]: RGB HEARTBEAT frames_total=120 recent_rate_hz=1.324 last_frame_age_s=0.443 status=OK
[balanced_delivery_supervisor-24] [INFO] [1789488588.887730691] [robot_1.robot_supervisor]: Selected controllable event: EV_approach_zone
[balanced_delivery_supervisor-24] [INFO] [1789488589.180441149] [robot_1.robot_supervisor]: Triggered uncontrollable event: EV_zone_a_visible
[balanced_delivery_supervisor-24] [INFO] [1789488589.188273611] [robot_1.robot_supervisor]: Triggered uncontrollable event: EV_zone_b_visible
[balanced_delivery_supervisor-24] [INFO] [1789488589.200013360] [robot_1.robot_supervisor]: Selected controllable event: EV_move_forward
[balanced_delivery_supervisor-22] [INFO] [1789488589.410362747] [robot_2.robot_supervisor]: Zone-livelock escape completed
[balanced_delivery_supervisor-24] [INFO] [1789488589.489131841] [robot_1.robot_supervisor]: Selected controllable event: EV_approach_zone
[balanced_delivery_supervisor-22] [INFO] [1789488589.601838000] [robot_2.robot_supervisor]: Triggered uncontrollable event: EV_zone_b_visible
[balanced_delivery_supervisor-22] [INFO] [1789488589.602649495] [robot_2.robot_supervisor]: Triggered uncontrollable event: EV_zone_b_not_visible
[balanced_delivery_supervisor-22] [INFO] [1789488589.603381900] [robot_2.robot_supervisor]: Triggered uncontrollable event: EV_zone_a_reached
[balanced_delivery_supervisor-22] [INFO] [1789488589.622730704] [robot_2.robot_supervisor]: Selected controllable event: EV_move_forward
[balanced_delivery_supervisor-24] [INFO] [1789488589.701584423] [robot_1.robot_supervisor]: Triggered uncontrollable event: EV_zone_a_visible
[balanced_delivery_supervisor-24] [INFO] [1789488589.712001338] [robot_1.robot_supervisor]: Triggered uncontrollable event: EV_zone_b_visible
[balanced_delivery_supervisor-24] [INFO] [1789488589.714205921] [robot_1.robot_supervisor]: Selected controllable event: EV_move_forward
[balanced_delivery_supervisor-20] [INFO] [1789488589.847980554] [robot_0.robot_supervisor]: FULL ROTATE completed by timeout
[balanced_delivery_supervisor-22] [INFO] [1789488589.891489805] [robot_2.robot_supervisor]: Selected controllable event: EV_search_zone
[balanced_delivery_supervisor-24] [INFO] [1789488589.978773263] [robot_1.robot_supervisor]: Selected controllable event: EV_approach_zone
[balanced_delivery_supervisor-22] [INFO] [1789488590.014317284] [robot_2.robot_supervisor]: Selected controllable event: EV_search_zone
[balanced_delivery_supervisor-20] [INFO] [1789488590.146690279] [robot_0.robot_supervisor]: Triggered uncontrollable event: EV_zone_a_visible
[balanced_delivery_supervisor-20] [INFO] [1789488590.161413517] [robot_0.robot_supervisor]: Triggered uncontrollable event: EV_zone_b_visible
[balanced_delivery_supervisor-20] [INFO] [1789488590.162283192] [robot_0.robot_supervisor]: Selected controllable event: EV_approach_zone
[balanced_delivery_supervisor-22] [INFO] [1789488590.197574037] [robot_2.robot_supervisor]: Triggered uncontrollable event: EV_obstacle_right
[balanced_delivery_supervisor-22] [INFO] [1789488590.198461886] [robot_2.robot_supervisor]: Selected controllable event: EV_rotate_counterclockwise
[balanced_delivery_supervisor-24] [INFO] [1789488590.211435886] [robot_1.robot_supervisor]: Selected controllable event: EV_move_forward
[balanced_delivery_supervisor-22] [INFO] [1789488590.310248374] [robot_2.robot_supervisor]: Triggered uncontrollable event: EV_zone_b_visible
[balanced_delivery_supervisor-22] [INFO] [1789488590.310876771] [robot_2.robot_supervisor]: Triggered uncontrollable event: EV_obstacle_right
[balanced_delivery_supervisor-22] [INFO] [1789488590.311495465] [robot_2.robot_supervisor]: Triggered uncontrollable event: EV_zone_a_reached
[balanced_delivery_supervisor-22] [INFO] [1789488590.326385982] [robot_2.robot_supervisor]: Selected controllable event: EV_rotate_counterclockwise
[balanced_delivery_supervisor-20] [INFO] [1789488590.442881171] [robot_0.robot_supervisor]: Triggered uncontrollable event: EV_zone_a_visible
[balanced_delivery_supervisor-20] [INFO] [1789488590.443568059] [robot_0.robot_supervisor]: Triggered uncontrollable event: EV_zone_b_visible
[balanced_delivery_supervisor-20] [INFO] [1789488590.444329501] [robot_0.robot_supervisor]: Selected controllable event: EV_move_forward
[balanced_delivery_supervisor-24] [INFO] [1789488590.491139897] [robot_1.robot_supervisor]: Triggered uncontrollable event: EV_zone_a_visible
[balanced_delivery_supervisor-24] [INFO] [1789488590.491927053] [robot_1.robot_supervisor]: Triggered uncontrollable event: EV_zone_b_visible
[balanced_delivery_supervisor-24] [INFO] [1789488590.497895960] [robot_1.robot_supervisor]: Selected controllable event: EV_approach_zone
[balanced_delivery_supervisor-22] [INFO] [1789488590.501473166] [robot_2.robot_supervisor]: Triggered uncontrollable event: EV_obstacle_right
[balanced_delivery_supervisor-22] [INFO] [1789488590.502245754] [robot_2.robot_supervisor]: Selected controllable event: EV_u_turn
[balanced_delivery_supervisor-22] [INFO] [1789488590.502953245] [robot_2.robot_supervisor]: Starting FULL ROTATE (omega=1.000, have_odom=True, target_rad=3.142, timeout_s=3.500)
[balanced_delivery_supervisor-20] [INFO] [1789488590.742163209] [robot_0.robot_supervisor]: Selected controllable event: EV_approach_zone
[balanced_delivery_supervisor-24] [INFO] [1789488590.800197208] [robot_1.robot_supervisor]: Selected controllable event: EV_move_forward
[balanced_delivery_supervisor-20] [INFO] [1789488590.945886652] [robot_0.robot_supervisor]: Triggered uncontrollable event: EV_zone_a_visible
[balanced_delivery_supervisor-20] [INFO] [1789488590.954881198] [robot_0.robot_supervisor]: Selected controllable event: EV_approach_zone
[balanced_delivery_supervisor-24] [INFO] [1789488591.089653014] [robot_1.robot_supervisor]: Triggered uncontrollable event: EV_zone_a_visible
[balanced_delivery_supervisor-24] [INFO] [1789488591.090371767] [robot_1.robot_supervisor]: Triggered uncontrollable event: EV_zone_b_visible
[balanced_delivery_supervisor-24] [INFO] [1789488591.097263244] [robot_1.robot_supervisor]: Selected controllable event: EV_approach_zone
[balanced_delivery_supervisor-20] [INFO] [1789488591.255831659] [robot_0.robot_supervisor]: Triggered uncontrollable event: EV_zone_b_visible
[balanced_delivery_supervisor-20] [INFO] [1789488591.256729130] [robot_0.robot_supervisor]: Selected controllable event: EV_move_forward
[balanced_delivery_supervisor-24] [INFO] [1789488591.391826995] [robot_1.robot_supervisor]: Selected controllable event: EV_move_forward
[balanced_delivery_supervisor-20] [INFO] [1789488591.556759389] [robot_0.robot_supervisor]: Selected controllable event: EV_approach_zone
[balanced_delivery_supervisor-24] [INFO] [1789488591.683667414] [robot_1.robot_supervisor]: Selected controllable event: EV_move_forward
[balanced_delivery_supervisor-20] [INFO] [1789488591.853639680] [robot_0.robot_supervisor]: Triggered uncontrollable event: EV_zone_a_visible
[balanced_delivery_supervisor-20] [INFO] [1789488591.854553097] [robot_0.robot_supervisor]: Selected controllable event: EV_approach_zone
[balanced_delivery_supervisor-24] [INFO] [1789488591.989836792] [robot_1.robot_supervisor]: Triggered uncontrollable event: EV_zone_a_visible
[balanced_delivery_supervisor-24] [INFO] [1789488591.991684417] [robot_1.robot_supervisor]: Triggered uncontrollable event: EV_zone_b_visible
[balanced_delivery_supervisor-24] [INFO] [1789488591.995766596] [robot_1.robot_supervisor]: Selected controllable event: EV_approach_zone
[balanced_delivery_supervisor-20] [INFO] [1789488592.057343415] [robot_0.robot_supervisor]: Triggered uncontrollable event: EV_zone_b_visible
[balanced_delivery_supervisor-20] [INFO] [1789488592.058251172] [robot_0.robot_supervisor]: Selected controllable event: EV_approach_zone
[balanced_delivery_supervisor-24] [INFO] [1789488592.301896140] [robot_1.robot_supervisor]: Selected controllable event: EV_approach_zone
[balanced_delivery_supervisor-20] [INFO] [1789488592.354567277] [robot_0.robot_supervisor]: Selected controllable event: EV_move_forward
[balanced_delivery_supervisor-24] [INFO] [1789488592.584235225] [robot_1.robot_supervisor]: Selected controllable event: EV_approach_zone
[balanced_delivery_supervisor-20] [INFO] [1789488592.638885860] [robot_0.robot_supervisor]: Triggered uncontrollable event: EV_zone_b_visible
[balanced_delivery_supervisor-20] [INFO] [1789488592.639538237] [robot_0.robot_supervisor]: Triggered uncontrollable event: EV_zone_a_not_visible
[balanced_delivery_supervisor-20] [INFO] [1789488592.661284849] [robot_0.robot_supervisor]: Selected controllable event: EV_approach_zone
[balanced_delivery_supervisor-24] [INFO] [1789488592.793298104] [robot_1.robot_supervisor]: Triggered uncontrollable event: EV_zone_a_visible
[balanced_delivery_supervisor-24] [INFO] [1789488592.794161356] [robot_1.robot_supervisor]: Triggered uncontrollable event: EV_zone_b_visible
[balanced_delivery_supervisor-24] [INFO] [1789488592.802251560] [robot_1.robot_supervisor]: Selected controllable event: EV_approach_zone
[balanced_delivery_supervisor-20] [INFO] [1789488592.936752605] [robot_0.robot_supervisor]: Selected controllable event: EV_approach_zone
[balanced_delivery_supervisor-24] [INFO] [1789488593.083173736] [robot_1.robot_supervisor]: Selected controllable event: EV_move_forward
[balanced_delivery_supervisor-20] [INFO] [1789488593.230916812] [robot_0.robot_supervisor]: Selected controllable event: EV_approach_zone
[balanced_delivery_supervisor-24] [INFO] [1789488593.387672415] [robot_1.robot_supervisor]: Selected controllable event: EV_move_forward
[balanced_delivery_supervisor-20] [INFO] [1789488593.451106354] [robot_0.robot_supervisor]: Triggered uncontrollable event: EV_zone_b_visible
[balanced_delivery_supervisor-20] [INFO] [1789488593.451762259] [robot_0.robot_supervisor]: Triggered uncontrollable event: EV_zone_a_not_visible
[balanced_delivery_supervisor-20] [INFO] [1789488593.457703077] [robot_0.robot_supervisor]: Selected controllable event: EV_approach_zone
[balanced_delivery_supervisor-24] [INFO] [1789488593.696467290] [robot_1.robot_supervisor]: Triggered uncontrollable event: EV_zone_a_visible
[balanced_delivery_supervisor-24] [INFO] [1789488593.697129395] [robot_1.robot_supervisor]: Triggered uncontrollable event: EV_zone_b_visible
[balanced_delivery_supervisor-24] [INFO] [1789488593.697993766] [robot_1.robot_supervisor]: Selected controllable event: EV_move_forward
[balanced_delivery_supervisor-20] [INFO] [1789488593.743069963] [robot_0.robot_supervisor]: Selected controllable event: EV_move_forward
[balanced_delivery_supervisor-24] [INFO] [1789488593.971251246] [robot_1.robot_supervisor]: Selected controllable event: EV_approach_zone
[balanced_delivery_supervisor-20] [INFO] [1789488594.026560382] [robot_0.robot_supervisor]: Selected controllable event: EV_approach_zone
[balanced_delivery_supervisor-22] [INFO] [1789488594.103502146] [robot_2.robot_supervisor]: FULL ROTATE completed by timeout
[balanced_delivery_supervisor-24] [INFO] [1789488594.183819485] [robot_1.robot_supervisor]: Selected controllable event: EV_approach_zone
[balanced_delivery_supervisor-20] [INFO] [1789488594.257314725] [robot_0.robot_supervisor]: Triggered uncontrollable event: EV_zone_a_not_visible
[balanced_delivery_supervisor-20] [INFO] [1789488594.258139324] [robot_0.robot_supervisor]: Selected controllable event: EV_approach_zone
[balanced_delivery_supervisor-22] [INFO] [1789488594.400429155] [robot_2.robot_supervisor]: Triggered uncontrollable event: EV_zone_b_visible
[balanced_delivery_supervisor-22] [INFO] [1789488594.408969381] [robot_2.robot_supervisor]: Triggered uncontrollable event: EV_zone_a_reached
[balanced_delivery_supervisor-22] [INFO] [1789488594.409726042] [robot_2.robot_supervisor]: Selected controllable event: EV_move_forward
[balanced_delivery_supervisor-24] [INFO] [1789488594.483603962] [robot_1.robot_supervisor]: Selected controllable event: EV_approach_zone
[balanced_delivery_supervisor-20] [INFO] [1789488594.542788631] [robot_0.robot_supervisor]: Triggered uncontrollable event: EV_zone_b_visible
[balanced_delivery_supervisor-20] [INFO] [1789488594.543680144] [robot_0.robot_supervisor]: Selected controllable event: EV_approach_zone
[balanced_delivery_supervisor-24] [INFO] [1789488594.694607485] [robot_1.robot_supervisor]: Triggered uncontrollable event: EV_zone_a_visible
[balanced_delivery_supervisor-24] [INFO] [1789488594.695347014] [robot_1.robot_supervisor]: Triggered uncontrollable event: EV_zone_b_visible
[balanced_delivery_supervisor-22] [INFO] [1789488594.707535327] [robot_2.robot_supervisor]: Triggered uncontrollable event: EV_zone_b_visible
[balanced_delivery_supervisor-22] [INFO] [1789488594.708169150] [robot_2.robot_supervisor]: Triggered uncontrollable event: EV_obstacle_right
[balanced_delivery_supervisor-22] [INFO] [1789488594.708811697] [robot_2.robot_supervisor]: Triggered uncontrollable event: EV_zone_a_reached
[balanced_delivery_supervisor-24] [INFO] [1789488594.709204066] [robot_1.robot_supervisor]: Selected controllable event: EV_move_forward
[balanced_delivery_supervisor-22] [INFO] [1789488594.729080841] [robot_2.robot_supervisor]: Selected controllable event: EV_rotate_counterclockwise
[balanced_delivery_supervisor-20] [INFO] [1789488594.747206216] [robot_0.robot_supervisor]: Selected controllable event: EV_approach_zone
[balanced_delivery_supervisor-22] [INFO] [1789488594.909036612] [robot_2.robot_supervisor]: Triggered uncontrollable event: EV_obstacle_right
[balanced_delivery_supervisor-22] [INFO] [1789488594.909924530] [robot_2.robot_supervisor]: Selected controllable event: EV_rotate_counterclockwise
[balanced_delivery_supervisor-24] [INFO] [1789488594.981419209] [robot_1.robot_supervisor]: Selected controllable event: EV_approach_zone
[balanced_delivery_supervisor-20] [INFO] [1789488595.032552616] [robot_0.robot_supervisor]: Triggered uncontrollable event: EV_zone_a_visible
[balanced_delivery_supervisor-20] [INFO] [1789488595.048874412] [robot_0.robot_supervisor]: Triggered uncontrollable event: EV_zone_b_visible
[balanced_delivery_supervisor-20] [INFO] [1789488595.049775750] [robot_0.robot_supervisor]: Selected controllable event: EV_move_forward
[balanced_delivery_supervisor-22] [INFO] [1789488595.080208690] [robot_2.robot_supervisor]: Triggered uncontrollable event: EV_obstacle_right
[balanced_delivery_supervisor-22] [INFO] [1789488595.096335966] [robot_2.robot_supervisor]: Triggered uncontrollable event: EV_zone_b_not_visible
[balanced_delivery_supervisor-22] [INFO] [1789488595.097070483] [robot_2.robot_supervisor]: Triggered uncontrollable event: EV_zone_a_reached
[balanced_delivery_supervisor-22] [INFO] [1789488595.097935590] [robot_2.robot_supervisor]: Selected controllable event: EV_u_turn
[balanced_delivery_supervisor-22] [INFO] [1789488595.187409705] [robot_2.robot_supervisor]: Triggered uncontrollable event: EV_obstacle_right
[balanced_delivery_supervisor-24] [INFO] [1789488595.189184099] [robot_1.robot_supervisor]: Triggered uncontrollable event: EV_zone_a_visible
[balanced_delivery_supervisor-24] [INFO] [1789488595.189849056] [robot_1.robot_supervisor]: Triggered uncontrollable event: EV_zone_b_visible
[balanced_delivery_supervisor-24] [INFO] [1789488595.190604959] [robot_1.robot_supervisor]: Selected controllable event: EV_approach_zone
[balanced_delivery_supervisor-22] [INFO] [1789488595.200569955] [robot_2.robot_supervisor]: Selected controllable event: EV_rotate_counterclockwise
[balanced_delivery_supervisor-20] [INFO] [1789488595.337602189] [robot_0.robot_supervisor]: Selected controllable event: EV_approach_zone
[balanced_delivery_supervisor-22] [INFO] [1789488595.402650301] [robot_2.robot_supervisor]: Triggered uncontrollable event: EV_obstacle_right
[balanced_delivery_supervisor-22] [INFO] [1789488595.403568560] [robot_2.robot_supervisor]: Selected controllable event: EV_u_turn
[balanced_delivery_supervisor-22] [INFO] [1789488595.485162909] [robot_2.robot_supervisor]: Triggered uncontrollable event: EV_obstacle_right
[balanced_delivery_supervisor-24] [INFO] [1789488595.487964743] [robot_1.robot_supervisor]: Selected controllable event: EV_approach_zone
[balanced_delivery_supervisor-22] [INFO] [1789488595.502249923] [robot_2.robot_supervisor]: Selected controllable event: EV_rotate_counterclockwise
[balanced_delivery_supervisor-20] [INFO] [1789488595.549964145] [robot_0.robot_supervisor]: Selected controllable event: EV_approach_zone
[balanced_delivery_supervisor-22] [INFO] [1789488595.710637621] [robot_2.robot_supervisor]: Triggered uncontrollable event: EV_obstacle_right
[balanced_delivery_supervisor-22] [INFO] [1789488595.711539196] [robot_2.robot_supervisor]: Selected controllable event: EV_u_turn
[balanced_delivery_supervisor-24] [INFO] [1789488595.811892407] [robot_1.robot_supervisor]: Selected controllable event: EV_move_forward
[balanced_delivery_supervisor-22] [INFO] [1789488595.813722324] [robot_2.robot_supervisor]: Triggered uncontrollable event: EV_obstacle_right
[balanced_delivery_supervisor-22] [INFO] [1789488595.819028495] [robot_2.robot_supervisor]: Selected controllable event: EV_u_turn
[balanced_delivery_supervisor-20] [INFO] [1789488595.867117917] [robot_0.robot_supervisor]: Triggered uncontrollable event: EV_zone_a_visible
[balanced_delivery_supervisor-20] [INFO] [1789488595.867822643] [robot_0.robot_supervisor]: Triggered uncontrollable event: EV_zone_b_visible
[balanced_delivery_supervisor-20] [INFO] [1789488595.868733868] [robot_0.robot_supervisor]: Selected controllable event: EV_move_forward
[balanced_delivery_supervisor-22] [INFO] [1789488595.905317526] [robot_2.robot_supervisor]: Triggered uncontrollable event: EV_zone_a_reached
[balanced_delivery_supervisor-22] [INFO] [1789488595.906296024] [robot_2.robot_supervisor]: Selected controllable event: EV_search_zone
[balanced_delivery_supervisor-22] [INFO] [1789488596.013665740] [robot_2.robot_supervisor]: Triggered uncontrollable event: EV_zone_b_not_visible
[balanced_delivery_supervisor-22] [INFO] [1789488596.014724000] [robot_2.robot_supervisor]: Selected controllable event: EV_move_forward
[balanced_delivery_supervisor-24] [INFO] [1789488596.086848535] [robot_1.robot_supervisor]: Triggered uncontrollable event: EV_zone_a_visible
[balanced_delivery_supervisor-24] [INFO] [1789488596.087633463] [robot_1.robot_supervisor]: Triggered uncontrollable event: EV_zone_b_visible
[balanced_delivery_supervisor-24] [INFO] [1789488596.088524675] [robot_1.robot_supervisor]: Selected controllable event: EV_approach_zone
[balanced_delivery_supervisor-20] [INFO] [1789488596.148410367] [robot_0.robot_supervisor]: Selected controllable event: EV_move_forward
[balanced_delivery_supervisor-22] [INFO] [1789488596.300140158] [robot_2.robot_supervisor]: Selected controllable event: EV_move_forward
[balanced_delivery_supervisor-24] [INFO] [1789488596.386241748] [robot_1.robot_supervisor]: Selected controllable event: EV_approach_zone
[balanced_delivery_supervisor-20] [INFO] [1789488596.458432279] [robot_0.robot_supervisor]: Selected controllable event: EV_approach_zone
[balanced_delivery_supervisor-22] [INFO] [1789488596.523489703] [robot_2.robot_supervisor]: Selected controllable event: EV_search_zone
[color_detector-29] [INFO] [1789488596.572112869] [robot_2.target_detector]: RGB HEARTBEAT frames_total=130 recent_rate_hz=1.262 last_frame_age_s=0.753 status=OK
[color_detector-27] [INFO] [1789488596.585725732] [robot_0.target_detector]: RGB HEARTBEAT frames_total=130 recent_rate_hz=1.253 last_frame_age_s=0.843 status=OK
[color_detector-31] [INFO] [1789488596.586952193] [robot_1.target_detector]: RGB HEARTBEAT frames_total=130 recent_rate_hz=1.257 last_frame_age_s=0.704 status=OK
[balanced_delivery_supervisor-24] [INFO] [1789488596.695597693] [robot_1.robot_supervisor]: Selected controllable event: EV_move_forward
[balanced_delivery_supervisor-22] [INFO] [1789488596.706521680] [robot_2.robot_supervisor]: Selected controllable event: EV_move_forward
[balanced_delivery_supervisor-20] [INFO] [1789488596.760251225] [robot_0.robot_supervisor]: Selected controllable event: EV_move_forward
[balanced_delivery_supervisor-22] [INFO] [1789488596.992727845] [robot_2.robot_supervisor]: Triggered uncontrollable event: EV_zone_b_not_visible
[balanced_delivery_supervisor-22] [INFO] [1789488596.993345958] [robot_2.robot_supervisor]: Triggered uncontrollable event: EV_zone_a_reached
[balanced_delivery_supervisor-22] [INFO] [1789488596.994200184] [robot_2.robot_supervisor]: Selected controllable event: EV_move_forward
[balanced_delivery_supervisor-24] [INFO] [1789488597.000775829] [robot_1.robot_supervisor]: Triggered uncontrollable event: EV_zone_a_visible
[balanced_delivery_supervisor-24] [INFO] [1789488597.001508998] [robot_1.robot_supervisor]: Triggered uncontrollable event: EV_zone_b_visible
[balanced_delivery_supervisor-24] [INFO] [1789488597.013662833] [robot_1.robot_supervisor]: Selected controllable event: EV_approach_zone
[balanced_delivery_supervisor-20] [INFO] [1789488597.054225139] [robot_0.robot_supervisor]: Triggered uncontrollable event: EV_zone_a_visible
[balanced_delivery_supervisor-20] [INFO] [1789488597.064843428] [robot_0.robot_supervisor]: Triggered uncontrollable event: EV_zone_b_visible
[balanced_delivery_supervisor-20] [INFO] [1789488597.067040251] [robot_0.robot_supervisor]: Selected controllable event: EV_approach_zone
[balanced_delivery_supervisor-22] [INFO] [1789488597.212934309] [robot_2.robot_supervisor]: Selected controllable event: EV_search_zone
[balanced_delivery_supervisor-24] [INFO] [1789488597.292951070] [robot_1.robot_supervisor]: Selected controllable event: EV_approach_zone
[balanced_delivery_supervisor-20] [INFO] [1789488597.341999737] [robot_0.robot_supervisor]: Selected controllable event: EV_move_forward
[balanced_delivery_supervisor-22] [INFO] [1789488597.395157118] [robot_2.robot_supervisor]: Selected controllable event: EV_move_forward
[balanced_delivery_supervisor-20] [INFO] [1789488597.545079257] [robot_0.robot_supervisor]: Selected controllable event: EV_approach_zone
[balanced_delivery_supervisor-24] [INFO] [1789488597.595421205] [robot_1.robot_supervisor]: Selected controllable event: EV_approach_zone
[balanced_delivery_supervisor-22] [INFO] [1789488597.705756310] [robot_2.robot_supervisor]: Triggered uncontrollable event: EV_zone_a_reached
[balanced_delivery_supervisor-22] [INFO] [1789488597.706741361] [robot_2.robot_supervisor]: Selected controllable event: EV_search_zone
[balanced_delivery_supervisor-24] [INFO] [1789488597.802803324] [robot_1.robot_supervisor]: Selected controllable event: EV_move_forward
[balanced_delivery_supervisor-20] [INFO] [1789488597.849427814] [robot_0.robot_supervisor]: Triggered uncontrollable event: EV_zone_a_visible
[balanced_delivery_supervisor-20] [INFO] [1789488597.850147378] [robot_0.robot_supervisor]: Triggered uncontrollable event: EV_zone_b_visible
[balanced_delivery_supervisor-20] [INFO] [1789488597.850942895] [robot_0.robot_supervisor]: Selected controllable event: EV_move_forward
[balanced_delivery_supervisor-22] [INFO] [1789488597.906175029] [robot_2.robot_supervisor]: Triggered uncontrollable event: EV_zone_b_not_visible
[balanced_delivery_supervisor-22] [INFO] [1789488597.920208178] [robot_2.robot_supervisor]: Selected controllable event: EV_search_zone
[balanced_delivery_supervisor-24] [INFO] [1789488598.081027427] [robot_1.robot_supervisor]: Triggered uncontrollable event: EV_zone_a_visible
[balanced_delivery_supervisor-24] [INFO] [1789488598.086359018] [robot_1.robot_supervisor]: Triggered uncontrollable event: EV_zone_b_visible
[balanced_delivery_supervisor-24] [INFO] [1789488598.087165428] [robot_1.robot_supervisor]: Selected controllable event: EV_move_forward
[balanced_delivery_supervisor-22] [INFO] [1789488598.101241419] [robot_2.robot_supervisor]: Selected controllable event: EV_search_zone
[balanced_delivery_supervisor-20] [INFO] [1789488598.135411571] [robot_0.robot_supervisor]: Selected controllable event: EV_move_forward
[balanced_delivery_supervisor-22] [INFO] [1789488598.203448244] [robot_2.robot_supervisor]: Selected controllable event: EV_search_zone
[balanced_delivery_supervisor-24] [INFO] [1789488598.302988499] [robot_1.robot_supervisor]: Selected controllable event: EV_approach_zone
[balanced_delivery_supervisor-20] [INFO] [1789488598.338638537] [robot_0.robot_supervisor]: Selected controllable event: EV_approach_zone
[balanced_delivery_supervisor-22] [INFO] [1789488598.409484011] [robot_2.robot_supervisor]: Selected controllable event: EV_move_forward
[balanced_delivery_supervisor-24] [INFO] [1789488598.588901415] [robot_1.robot_supervisor]: Triggered uncontrollable event: EV_zone_a_visible
[balanced_delivery_supervisor-24] [INFO] [1789488598.596383452] [robot_1.robot_supervisor]: Triggered uncontrollable event: EV_zone_b_visible
[balanced_delivery_supervisor-24] [INFO] [1789488598.607824901] [robot_1.robot_supervisor]: Selected controllable event: EV_move_forward
[balanced_delivery_supervisor-20] [INFO] [1789488598.652071782] [robot_0.robot_supervisor]: Triggered uncontrollable event: EV_zone_a_visible
[balanced_delivery_supervisor-20] [INFO] [1789488598.652965428] [robot_0.robot_supervisor]: Triggered uncontrollable event: EV_zone_b_visible
[balanced_delivery_supervisor-20] [INFO] [1789488598.653848636] [robot_0.robot_supervisor]: Selected controllable event: EV_move_forward
[balanced_delivery_supervisor-22] [INFO] [1789488598.700522181] [robot_2.robot_supervisor]: Triggered uncontrollable event: EV_zone_b_not_visible
[balanced_delivery_supervisor-22] [INFO] [1789488598.701218275] [robot_2.robot_supervisor]: Triggered uncontrollable event: EV_zone_a_reached
[balanced_delivery_supervisor-22] [INFO] [1789488598.702092161] [robot_2.robot_supervisor]: Selected controllable event: EV_search_zone
[balanced_delivery_supervisor-24] [INFO] [1789488598.900029799] [robot_1.robot_supervisor]: Selected controllable event: EV_approach_zone
[balanced_delivery_supervisor-22] [INFO] [1789488598.915081728] [robot_2.robot_supervisor]: Selected controllable event: EV_move_forward
[balanced_delivery_supervisor-20] [INFO] [1789488598.941051087] [robot_0.robot_supervisor]: Selected controllable event: EV_move_forward
[balanced_delivery_supervisor-22] [INFO] [1789488599.207022078] [robot_2.robot_supervisor]: Selected controllable event: EV_search_zone
[balanced_delivery_supervisor-24] [INFO] [1789488599.217990300] [robot_1.robot_supervisor]: Selected controllable event: EV_move_forward
[balanced_delivery_supervisor-20] [INFO] [1789488599.247235331] [robot_0.robot_supervisor]: Selected controllable event: EV_move_forward
[balanced_delivery_supervisor-22] [INFO] [1789488599.404315715] [robot_2.robot_supervisor]: Triggered uncontrollable event: EV_zone_b_not_visible
[balanced_delivery_supervisor-22] [INFO] [1789488599.404998814] [robot_2.robot_supervisor]: Triggered uncontrollable event: EV_zone_a_reached
[balanced_delivery_supervisor-22] [INFO] [1789488599.405794275] [robot_2.robot_supervisor]: Selected controllable event: EV_search_zone
[balanced_delivery_supervisor-24] [INFO] [1789488599.495230555] [robot_1.robot_supervisor]: Triggered uncontrollable event: EV_zone_a_visible
[balanced_delivery_supervisor-24] [INFO] [1789488599.502202260] [robot_1.robot_supervisor]: Triggered uncontrollable event: EV_zone_b_visible
[balanced_delivery_supervisor-24] [INFO] [1789488599.512393576] [robot_1.robot_supervisor]: Selected controllable event: EV_approach_zone
[balanced_delivery_supervisor-20] [INFO] [1789488599.536686524] [robot_0.robot_supervisor]: Triggered uncontrollable event: EV_zone_b_visible
[balanced_delivery_supervisor-20] [INFO] [1789488599.553776386] [robot_0.robot_supervisor]: Triggered uncontrollable event: EV_zone_a_reached
[balanced_delivery_supervisor-20] [INFO] [1789488599.561537012] [robot_0.robot_supervisor]: Selected controllable event: EV_approach_zone
[balanced_delivery_supervisor-22] [INFO] [1789488599.603478775] [robot_2.robot_supervisor]: Selected controllable event: EV_move_forward
[balanced_delivery_supervisor-24] [INFO] [1789488599.789433100] [robot_1.robot_supervisor]: Selected controllable event: EV_approach_zone
[balanced_delivery_supervisor-20] [INFO] [1789488599.853920756] [robot_0.robot_supervisor]: Selected controllable event: EV_move_forward
[balanced_delivery_supervisor-22] [INFO] [1789488599.913708713] [robot_2.robot_supervisor]: Selected controllable event: EV_move_forward
[balanced_delivery_supervisor-24] [INFO] [1789488600.097661233] [robot_1.robot_supervisor]: Selected controllable event: EV_move_forward
[balanced_delivery_supervisor-20] [INFO] [1789488600.145448026] [robot_0.robot_supervisor]: Triggered uncontrollable event: EV_zone_a_reached
[balanced_delivery_supervisor-20] [INFO] [1789488600.146413127] [robot_0.robot_supervisor]: Selected controllable event: EV_move_forward
[balanced_delivery_supervisor-22] [INFO] [1789488600.212814000] [robot_2.robot_supervisor]: Triggered uncontrollable event: EV_zone_a_not_visible
[balanced_delivery_supervisor-22] [INFO] [1789488600.213534576] [robot_2.robot_supervisor]: Triggered uncontrollable event: EV_zone_b_not_visible
[balanced_delivery_supervisor-22] [INFO] [1789488600.232167442] [robot_2.robot_supervisor]: Selected controllable event: EV_search_zone
[balanced_delivery_supervisor-24] [INFO] [1789488600.401012035] [robot_1.robot_supervisor]: Triggered uncontrollable event: EV_zone_a_visible
[balanced_delivery_supervisor-24] [INFO] [1789488600.401620614] [robot_1.robot_supervisor]: Triggered uncontrollable event: EV_zone_b_visible
[balanced_delivery_supervisor-24] [INFO] [1789488600.402448905] [robot_1.robot_supervisor]: Selected controllable event: EV_move_forward
[balanced_delivery_supervisor-22] [INFO] [1789488600.412240465] [robot_2.robot_supervisor]: Selected controllable event: EV_search_zone
[balanced_delivery_supervisor-20] [INFO] [1789488600.440245860] [robot_0.robot_supervisor]: Triggered uncontrollable event: EV_zone_b_visible
[balanced_delivery_supervisor-20] [INFO] [1789488600.449783645] [robot_0.robot_supervisor]: Selected controllable event: EV_move_forward
[balanced_delivery_supervisor-22] [INFO] [1789488600.600733064] [robot_2.robot_supervisor]: Selected controllable event: EV_search_zone
[balanced_delivery_supervisor-24] [INFO] [1789488600.698406859] [robot_1.robot_supervisor]: Selected controllable event: EV_approach_zone
[balanced_delivery_supervisor-22] [INFO] [1789488600.702750374] [robot_2.robot_supervisor]: Selected controllable event: EV_search_zone
[balanced_delivery_supervisor-20] [INFO] [1789488600.741316973] [robot_0.robot_supervisor]: Selected controllable event: EV_move_forward
[balanced_delivery_supervisor-22] [INFO] [1789488600.894325264] [robot_2.robot_supervisor]: Selected controllable event: EV_move_forward
[balanced_delivery_supervisor-24] [INFO] [1789488600.986457106] [robot_1.robot_supervisor]: Selected controllable event: EV_approach_zone
[balanced_delivery_supervisor-20] [INFO] [1789488601.049396526] [robot_0.robot_supervisor]: Triggered uncontrollable event: EV_zone_b_visible
[balanced_delivery_supervisor-20] [INFO] [1789488601.050149146] [robot_0.robot_supervisor]: Triggered uncontrollable event: EV_zone_a_reached
[balanced_delivery_supervisor-20] [INFO] [1789488601.050998329] [robot_0.robot_supervisor]: Selected controllable event: EV_move_forward
[balanced_delivery_supervisor-22] [INFO] [1789488601.205107235] [robot_2.robot_supervisor]: Triggered uncontrollable event: EV_zone_a_not_visible
[balanced_delivery_supervisor-22] [INFO] [1789488601.205846969] [robot_2.robot_supervisor]: Triggered uncontrollable event: EV_zone_b_not_visible
[balanced_delivery_supervisor-22] [INFO] [1789488601.206761781] [robot_2.robot_supervisor]: Selected controllable event: EV_move_forward
[balanced_delivery_supervisor-20] [INFO] [1789488601.254017535] [robot_0.robot_supervisor]: Selected controllable event: EV_approach_zone
[balanced_delivery_supervisor-24] [INFO] [1789488601.284510938] [robot_1.robot_supervisor]: Triggered uncontrollable event: EV_zone_a_visible
[balanced_delivery_supervisor-24] [INFO] [1789488601.285377437] [robot_1.robot_supervisor]: Triggered uncontrollable event: EV_zone_b_visible
[balanced_delivery_supervisor-24] [INFO] [1789488601.302392243] [robot_1.robot_supervisor]: Selected controllable event: EV_approach_zone
[balanced_delivery_supervisor-22] [INFO] [1789488601.489730826] [robot_2.robot_supervisor]: Selected controllable event: EV_search_zone
[balanced_delivery_supervisor-20] [INFO] [1789488601.538849085] [robot_0.robot_supervisor]: Selected controllable event: EV_move_forward
[balanced_delivery_supervisor-24] [INFO] [1789488601.593430041] [robot_1.robot_supervisor]: Selected controllable event: EV_approach_zone
[balanced_delivery_supervisor-22] [INFO] [1789488601.604097674] [robot_2.robot_supervisor]: Selected controllable event: EV_search_zone
[balanced_delivery_supervisor-22] [INFO] [1789488601.708657091] [robot_2.robot_supervisor]: Selected controllable event: EV_move_forward
[balanced_delivery_supervisor-20] [INFO] [1789488601.754541074] [robot_0.robot_supervisor]: Selected controllable event: EV_approach_zone
[balanced_delivery_supervisor-24] [INFO] [1789488601.806238219] [robot_1.robot_supervisor]: Selected controllable event: EV_approach_zone
[balanced_delivery_supervisor-22] [INFO] [1789488601.995308936] [robot_2.robot_supervisor]: Triggered uncontrollable event: EV_zone_a_not_visible
[balanced_delivery_supervisor-22] [INFO] [1789488602.001639696] [robot_2.robot_supervisor]: Triggered uncontrollable event: EV_zone_b_not_visible
[balanced_delivery_supervisor-22] [INFO] [1789488602.016081001] [robot_2.robot_supervisor]: Selected controllable event: EV_search_zone
[balanced_delivery_supervisor-20] [INFO] [1789488602.060205191] [robot_0.robot_supervisor]: Triggered uncontrollable event: EV_zone_b_visible
[balanced_delivery_supervisor-20] [INFO] [1789488602.074157024] [robot_0.robot_supervisor]: Triggered uncontrollable event: EV_zone_a_reached
[balanced_delivery_supervisor-20] [INFO] [1789488602.075016659] [robot_0.robot_supervisor]: Selected controllable event: EV_move_forward
[balanced_delivery_supervisor-24] [INFO] [1789488602.097397247] [robot_1.robot_supervisor]: Triggered uncontrollable event: EV_zone_a_visible
[balanced_delivery_supervisor-24] [INFO] [1789488602.102461724] [robot_1.robot_supervisor]: Triggered uncontrollable event: EV_zone_b_visible
[balanced_delivery_supervisor-24] [INFO] [1789488602.120166182] [robot_1.robot_supervisor]: Selected controllable event: EV_move_forward
[balanced_delivery_supervisor-22] [INFO] [1789488602.193520181] [robot_2.robot_supervisor]: Selected controllable event: EV_move_forward
[balanced_delivery_supervisor-20] [INFO] [1789488602.335392271] [robot_0.robot_supervisor]: Selected controllable event: EV_approach_zone
[balanced_delivery_supervisor-24] [INFO] [1789488602.379278948] [robot_1.robot_supervisor]: Selected controllable event: EV_approach_zone
[balanced_delivery_supervisor-22] [INFO] [1789488602.492472810] [robot_2.robot_supervisor]: Selected controllable event: EV_move_forward
[balanced_delivery_supervisor-20] [INFO] [1789488602.545836690] [robot_0.robot_supervisor]: Selected controllable event: EV_move_forward
[balanced_delivery_supervisor-24] [INFO] [1789488602.698668007] [robot_1.robot_supervisor]: Selected controllable event: EV_move_forward
[balanced_delivery_supervisor-22] [INFO] [1789488602.709641327] [robot_2.robot_supervisor]: Triggered uncontrollable event: EV_zone_a_not_visible
[balanced_delivery_supervisor-22] [INFO] [1789488602.710326203] [robot_2.robot_supervisor]: Triggered uncontrollable event: EV_zone_b_not_visible
[balanced_delivery_supervisor-22] [INFO] [1789488602.723279582] [robot_2.robot_supervisor]: Selected controllable event: EV_search_zone
[balanced_delivery_supervisor-20] [INFO] [1789488602.750282612] [robot_0.robot_supervisor]: Triggered uncontrollable event: EV_zone_b_visible
[balanced_delivery_supervisor-20] [INFO] [1789488602.750950341] [robot_0.robot_supervisor]: Triggered uncontrollable event: EV_zone_a_reached
[balanced_delivery_supervisor-20] [INFO] [1789488602.751789548] [robot_0.robot_supervisor]: Selected controllable event: EV_move_forward
[balanced_delivery_supervisor-22] [INFO] [1789488602.899325499] [robot_2.robot_supervisor]: Selected controllable event: EV_search_zone
[balanced_delivery_supervisor-24] [INFO] [1789488602.995491694] [robot_1.robot_supervisor]: Triggered uncontrollable event: EV_zone_a_visible
[balanced_delivery_supervisor-24] [INFO] [1789488602.996122308] [robot_1.robot_supervisor]: Triggered uncontrollable event: EV_zone_b_visible
[balanced_delivery_supervisor-24] [INFO] [1789488603.002451121] [robot_1.robot_supervisor]: Selected controllable event: EV_approach_zone
[balanced_delivery_supervisor-20] [INFO] [1789488603.033433519] [robot_0.robot_supervisor]: Selected controllable event: EV_move_forward
[balanced_delivery_supervisor-22] [INFO] [1789488603.093507938] [robot_2.robot_supervisor]: Selected controllable event: EV_search_zone
[balanced_delivery_supervisor-22] [INFO] [1789488603.206611773] [robot_2.robot_supervisor]: Selected controllable event: EV_move_forward
[balanced_delivery_supervisor-20] [INFO] [1789488603.238662617] [robot_0.robot_supervisor]: Selected controllable event: EV_approach_zone
[balanced_delivery_supervisor-24] [INFO] [1789488603.280876366] [robot_1.robot_supervisor]: Selected controllable event: EV_approach_zone
[balanced_delivery_supervisor-20] [INFO] [1789488603.443198222] [robot_0.robot_supervisor]: Triggered uncontrollable event: EV_zone_b_visible
[balanced_delivery_supervisor-20] [INFO] [1789488603.443907840] [robot_0.robot_supervisor]: Triggered uncontrollable event: EV_zone_a_reached
[balanced_delivery_supervisor-20] [INFO] [1789488603.444587866] [robot_0.robot_supervisor]: Selected controllable event: EV_approach_zone
[balanced_delivery_supervisor-24] [INFO] [1789488603.484635961] [robot_1.robot_supervisor]: Triggered uncontrollable event: EV_zone_a_visible
[balanced_delivery_supervisor-24] [INFO] [1789488603.492682746] [robot_1.robot_supervisor]: Triggered uncontrollable event: EV_zone_b_visible
[balanced_delivery_supervisor-24] [INFO] [1789488603.495029888] [robot_1.robot_supervisor]: Selected controllable event: EV_approach_zone
[balanced_delivery_supervisor-22] [INFO] [1789488603.503669716] [robot_2.robot_supervisor]: Triggered uncontrollable event: EV_zone_a_not_visible
[balanced_delivery_supervisor-22] [INFO] [1789488603.504372193] [robot_2.robot_supervisor]: Triggered uncontrollable event: EV_zone_b_not_visible
[balanced_delivery_supervisor-22] [INFO] [1789488603.519817263] [robot_2.robot_supervisor]: Selected controllable event: EV_search_zone
[balanced_delivery_supervisor-20] [INFO] [1789488603.648654073] [robot_0.robot_supervisor]: Selected controllable event: EV_approach_zone
[balanced_delivery_supervisor-22] [INFO] [1789488603.698052081] [robot_2.robot_supervisor]: Selected controllable event: EV_search_zone
[balanced_delivery_supervisor-24] [INFO] [1789488603.785494441] [robot_1.robot_supervisor]: Selected controllable event: EV_approach_zone
[balanced_delivery_supervisor-22] [INFO] [1789488603.896771511] [robot_2.robot_supervisor]: Selected controllable event: EV_move_forward
[balanced_delivery_supervisor-20] [INFO] [1789488603.944947304] [robot_0.robot_supervisor]: Selected controllable event: EV_move_forward
[balanced_delivery_supervisor-24] [INFO] [1789488604.109670257] [robot_1.robot_supervisor]: Selected controllable event: EV_move_forward
[balanced_delivery_supervisor-22] [INFO] [1789488604.118968632] [robot_2.robot_supervisor]: Selected controllable event: EV_move_forward
[balanced_delivery_supervisor-20] [INFO] [1789488604.156045774] [robot_0.robot_supervisor]: Triggered uncontrollable event: EV_zone_b_visible
[balanced_delivery_supervisor-20] [INFO] [1789488604.156685191] [robot_0.robot_supervisor]: Triggered uncontrollable event: EV_zone_a_reached
[balanced_delivery_supervisor-20] [INFO] [1789488604.157496539] [robot_0.robot_supervisor]: Selected controllable event: EV_approach_zone
[balanced_delivery_supervisor-22] [INFO] [1789488604.394371366] [robot_2.robot_supervisor]: Triggered uncontrollable event: EV_zone_a_not_visible
[balanced_delivery_supervisor-24] [INFO] [1789488604.402488922] [robot_1.robot_supervisor]: Triggered uncontrollable event: EV_zone_b_visible
[balanced_delivery_supervisor-24] [INFO] [1789488604.405737909] [robot_1.robot_supervisor]: Triggered uncontrollable event: EV_zone_a_not_visible
[balanced_delivery_supervisor-22] [INFO] [1789488604.411111116] [robot_2.robot_supervisor]: Triggered uncontrollable event: EV_zone_b_not_visible
[balanced_delivery_supervisor-24] [INFO] [1789488604.412795839] [robot_1.robot_supervisor]: Selected controllable event: EV_approach_zone
[balanced_delivery_supervisor-22] [INFO] [1789488604.417465322] [robot_2.robot_supervisor]: Selected controllable event: EV_search_zone
[balanced_delivery_supervisor-20] [INFO] [1789488604.436724543] [robot_0.robot_supervisor]: Selected controllable event: EV_move_forward
[balanced_delivery_supervisor-22] [INFO] [1789488604.588414372] [robot_2.robot_supervisor]: Selected controllable event: EV_move_forward
[color_detector-31] [INFO] [1789488604.677316843] [robot_1.target_detector]: RGB HEARTBEAT frames_total=140 recent_rate_hz=1.233 last_frame_age_s=0.523 status=OK
[balanced_delivery_supervisor-24] [INFO] [1789488604.680221938] [robot_1.robot_supervisor]: Selected controllable event: EV_approach_zone
[color_detector-27] [INFO] [1789488604.687939046] [robot_0.target_detector]: RGB HEARTBEAT frames_total=140 recent_rate_hz=1.234 last_frame_age_s=0.661 status=OK
[color_detector-29] [INFO] [1789488604.695796364] [robot_2.target_detector]: RGB HEARTBEAT frames_total=140 recent_rate_hz=1.234 last_frame_age_s=0.560 status=OK
[balanced_delivery_supervisor-20] [INFO] [1789488604.744284431] [robot_0.robot_supervisor]: Selected controllable event: EV_move_forward
[balanced_delivery_supervisor-22] [INFO] [1789488604.810043108] [robot_2.robot_supervisor]: Selected controllable event: EV_search_zone
[balanced_delivery_supervisor-24] [INFO] [1789488604.972401211] [robot_1.robot_supervisor]: Triggered uncontrollable event: EV_zone_a_not_visible
[balanced_delivery_supervisor-24] [INFO] [1789488604.979928342] [robot_1.robot_supervisor]: Selected controllable event: EV_approach_zone
[balanced_delivery_supervisor-22] [INFO] [1789488604.988063239] [robot_2.robot_supervisor]: Triggered uncontrollable event: EV_zone_a_not_visible
[balanced_delivery_supervisor-22] [INFO] [1789488604.990677842] [robot_2.robot_supervisor]: Triggered uncontrollable event: EV_zone_b_not_visible
[balanced_delivery_supervisor-22] [INFO] [1789488604.997446707] [robot_2.robot_supervisor]: Selected controllable event: EV_move_forward
[balanced_delivery_supervisor-20] [INFO] [1789488605.029472526] [robot_0.robot_supervisor]: Triggered uncontrollable event: EV_zone_b_visible
[balanced_delivery_supervisor-20] [INFO] [1789488605.030122870] [robot_0.robot_supervisor]: Triggered uncontrollable event: EV_zone_a_reached
[balanced_delivery_supervisor-20] [INFO] [1789488605.035302833] [robot_0.robot_supervisor]: Selected controllable event: EV_move_forward
[balanced_delivery_supervisor-24] [INFO] [1789488605.189611112] [robot_1.robot_supervisor]: Triggered uncontrollable event: EV_zone_b_visible
[balanced_delivery_supervisor-24] [INFO] [1789488605.195943474] [robot_1.robot_supervisor]: Selected controllable event: EV_move_forward
[balanced_delivery_supervisor-22] [INFO] [1789488605.289193134] [robot_2.robot_supervisor]: Selected controllable event: EV_move_forward
[balanced_delivery_supervisor-20] [INFO] [1789488605.326932828] [robot_0.robot_supervisor]: Selected controllable event: EV_move_forward
[balanced_delivery_supervisor-24] [INFO] [1789488605.489345028] [robot_1.robot_supervisor]: Selected controllable event: EV_move_forward
[balanced_delivery_supervisor-22] [INFO] [1789488605.496790853] [robot_2.robot_supervisor]: Selected controllable event: EV_search_zone
[balanced_delivery_supervisor-20] [INFO] [1789488605.556189123] [robot_0.robot_supervisor]: Selected controllable event: EV_approach_zone
[balanced_delivery_supervisor-22] [INFO] [1789488605.714199568] [robot_2.robot_supervisor]: Selected controllable event: EV_move_forward
[balanced_delivery_supervisor-24] [INFO] [1789488605.787595111] [robot_1.robot_supervisor]: Selected controllable event: EV_move_forward
[balanced_delivery_supervisor-20] [INFO] [1789488605.843180704] [robot_0.robot_supervisor]: Triggered uncontrollable event: EV_zone_b_visible
[balanced_delivery_supervisor-20] [INFO] [1789488605.851203363] [robot_0.robot_supervisor]: Triggered uncontrollable event: EV_zone_a_reached
[balanced_delivery_supervisor-20] [INFO] [1789488605.860333848] [robot_0.robot_supervisor]: Selected controllable event: EV_approach_zone
[balanced_delivery_supervisor-22] [INFO] [1789488605.989028236] [robot_2.robot_supervisor]: Triggered uncontrollable event: EV_zone_a_not_visible
[balanced_delivery_supervisor-22] [INFO] [1789488605.995507447] [robot_2.robot_supervisor]: Triggered uncontrollable event: EV_zone_b_not_visible
[balanced_delivery_supervisor-22] [INFO] [1789488606.002553808] [robot_2.robot_supervisor]: Selected controllable event: EV_move_forward
[balanced_delivery_supervisor-24] [INFO] [1789488606.087172018] [robot_1.robot_supervisor]: Triggered uncontrollable event: EV_zone_b_visible
[balanced_delivery_supervisor-24] [INFO] [1789488606.091121188] [robot_1.robot_supervisor]: Triggered uncontrollable event: EV_zone_a_not_visible
[balanced_delivery_supervisor-24] [INFO] [1789488606.100636277] [robot_1.robot_supervisor]: Selected controllable event: EV_move_forward
[balanced_delivery_supervisor-20] [INFO] [1789488606.131207764] [robot_0.robot_supervisor]: Selected controllable event: EV_move_forward
[balanced_delivery_supervisor-22] [INFO] [1789488606.309310891] [robot_2.robot_supervisor]: Selected controllable event: EV_search_zone
[balanced_delivery_supervisor-24] [INFO] [1789488606.406900371] [robot_1.robot_supervisor]: Selected controllable event: EV_approach_zone
[balanced_delivery_supervisor-20] [INFO] [1789488606.428210860] [robot_0.robot_supervisor]: Triggered uncontrollable event: EV_zone_b_visible
[balanced_delivery_supervisor-20] [INFO] [1789488606.428794397] [robot_0.robot_supervisor]: Triggered uncontrollable event: EV_zone_a_reached
[balanced_delivery_supervisor-20] [INFO] [1789488606.429478385] [robot_0.robot_supervisor]: Selected controllable event: EV_approach_zone
[balanced_delivery_supervisor-22] [INFO] [1789488606.511986761] [robot_2.robot_supervisor]: Triggered uncontrollable event: EV_zone_a_not_visible
[balanced_delivery_supervisor-22] [INFO] [1789488606.517269546] [robot_2.robot_supervisor]: Triggered uncontrollable event: EV_zone_b_not_visible
[balanced_delivery_supervisor-22] [INFO] [1789488606.524905617] [robot_2.robot_supervisor]: Selected controllable event: EV_search_zone
[balanced_delivery_supervisor-20] [INFO] [1789488606.647315636] [robot_0.robot_supervisor]: Selected controllable event: EV_move_forward
[balanced_delivery_supervisor-24] [INFO] [1789488606.695432982] [robot_1.robot_supervisor]: Triggered uncontrollable event: EV_zone_b_visible
[balanced_delivery_supervisor-24] [INFO] [1789488606.696097942] [robot_1.robot_supervisor]: Triggered uncontrollable event: EV_zone_a_not_visible
[balanced_delivery_supervisor-24] [INFO] [1789488606.700214550] [robot_1.robot_supervisor]: Selected controllable event: EV_move_forward
[balanced_delivery_supervisor-22] [INFO] [1789488606.710811557] [robot_2.robot_supervisor]: Selected controllable event: EV_search_zone
[balanced_delivery_supervisor-22] [INFO] [1789488606.889976200] [robot_2.robot_supervisor]: Selected controllable event: EV_search_zone
[balanced_delivery_supervisor-20] [INFO] [1789488606.932068334] [robot_0.robot_supervisor]: Selected controllable event: EV_move_forward
[balanced_delivery_supervisor-24] [INFO] [1789488606.972211409] [robot_1.robot_supervisor]: Selected controllable event: EV_approach_zone
[balanced_delivery_supervisor-22] [INFO] [1789488606.994845619] [robot_2.robot_supervisor]: Selected controllable event: EV_search_zone
[balanced_delivery_supervisor-20] [INFO] [1789488607.139940495] [robot_0.robot_supervisor]: Triggered uncontrollable event: EV_zone_b_visible
[balanced_delivery_supervisor-20] [INFO] [1789488607.140470059] [robot_0.robot_supervisor]: Triggered uncontrollable event: EV_zone_a_reached
[balanced_delivery_supervisor-20] [INFO] [1789488607.155304791] [robot_0.robot_supervisor]: Selected controllable event: EV_approach_zone
[balanced_delivery_supervisor-24] [INFO] [1789488607.178950105] [robot_1.robot_supervisor]: Selected controllable event: EV_approach_zone
[balanced_delivery_supervisor-22] [INFO] [1789488607.187323864] [robot_2.robot_supervisor]: Triggered uncontrollable event: EV_zone_a_not_visible
[balanced_delivery_supervisor-22] [INFO] [1789488607.188014342] [robot_2.robot_supervisor]: Selected controllable event: EV_move_forward
[balanced_delivery_supervisor-24] [INFO] [1789488607.387701031] [robot_1.robot_supervisor]: Triggered uncontrollable event: EV_zone_b_visible
[balanced_delivery_supervisor-24] [INFO] [1789488607.388336635] [robot_1.robot_supervisor]: Triggered uncontrollable event: EV_zone_a_not_visible
[balanced_delivery_supervisor-24] [INFO] [1789488607.398031507] [robot_1.robot_supervisor]: Triggered uncontrollable event: EV_obstacle_right
[balanced_delivery_supervisor-24] [INFO] [1789488607.398772722] [robot_1.robot_supervisor]: Selected controllable event: EV_rotate_counterclockwise
[balanced_delivery_supervisor-22] [INFO] [1789488607.402531762] [robot_2.robot_supervisor]: Triggered uncontrollable event: EV_zone_b_not_visible
[balanced_delivery_supervisor-22] [INFO] [1789488607.403314098] [robot_2.robot_supervisor]: Selected controllable event: EV_search_zone
[balanced_delivery_supervisor-20] [INFO] [1789488607.430985873] [robot_0.robot_supervisor]: Selected controllable event: EV_move_forward
[balanced_delivery_supervisor-24] [INFO] [1789488607.568962142] [robot_1.robot_supervisor]: Triggered uncontrollable event: EV_obstacle_right
[balanced_delivery_supervisor-24] [INFO] [1789488607.581361885] [robot_1.robot_supervisor]: Selected controllable event: EV_u_turn
[balanced_delivery_supervisor-24] [INFO] [1789488607.581971381] [robot_1.robot_supervisor]: Starting FULL ROTATE (omega=1.000, have_odom=True, target_rad=3.142, timeout_s=3.500)
[balanced_delivery_supervisor-22] [INFO] [1789488607.599086081] [robot_2.robot_supervisor]: Selected controllable event: EV_search_zone
[balanced_delivery_supervisor-20] [INFO] [1789488607.748913494] [robot_0.robot_supervisor]: Selected controllable event: EV_approach_zone
[balanced_delivery_supervisor-22] [INFO] [1789488607.787122796] [robot_2.robot_supervisor]: Selected controllable event: EV_move_forward
[balanced_delivery_supervisor-22] [INFO] [1789488607.995820522] [robot_2.robot_supervisor]: Triggered uncontrollable event: EV_zone_a_not_visible
[balanced_delivery_supervisor-22] [INFO] [1789488608.006067946] [robot_2.robot_supervisor]: Triggered uncontrollable event: EV_zone_b_not_visible
[balanced_delivery_supervisor-22] [INFO] [1789488608.009503831] [robot_2.robot_supervisor]: Selected controllable event: EV_move_forward
[balanced_delivery_supervisor-20] [INFO] [1789488608.041906124] [robot_0.robot_supervisor]: Triggered uncontrollable event: EV_zone_b_visible
[balanced_delivery_supervisor-20] [INFO] [1789488608.043450785] [robot_0.robot_supervisor]: Triggered uncontrollable event: EV_zone_a_not_visible
[balanced_delivery_supervisor-20] [INFO] [1789488608.050623061] [robot_0.robot_supervisor]: Selected controllable event: EV_approach_zone
[balanced_delivery_supervisor-22] [INFO] [1789488608.290136163] [robot_2.robot_supervisor]: Selected controllable event: EV_search_zone
[balanced_delivery_supervisor-20] [INFO] [1789488608.332314051] [robot_0.robot_supervisor]: Selected controllable event: EV_move_forward
[balanced_delivery_supervisor-22] [INFO] [1789488608.486559866] [robot_2.robot_supervisor]: Triggered uncontrollable event: EV_obstacle_left
[balanced_delivery_supervisor-22] [INFO] [1789488608.487307006] [robot_2.robot_supervisor]: Selected controllable event: EV_u_turn
[balanced_delivery_supervisor-22] [INFO] [1789488608.487845313] [robot_2.robot_supervisor]: Starting FULL ROTATE (omega=1.000, have_odom=True, target_rad=3.142, timeout_s=3.500)
[balanced_delivery_supervisor-20] [INFO] [1789488608.535029700] [robot_0.robot_supervisor]: Triggered uncontrollable event: EV_zone_b_visible
[balanced_delivery_supervisor-20] [INFO] [1789488608.535498508] [robot_0.robot_supervisor]: Triggered uncontrollable event: EV_zone_a_not_visible
[balanced_delivery_supervisor-20] [INFO] [1789488608.536222572] [robot_0.robot_supervisor]: Selected controllable event: EV_move_forward
[balanced_delivery_supervisor-20] [INFO] [1789488608.842922409] [robot_0.robot_supervisor]: Selected controllable event: EV_approach_zone
[balanced_delivery_supervisor-20] [INFO] [1789488609.145329423] [robot_0.robot_supervisor]: Triggered uncontrollable event: EV_zone_a_not_visible
[balanced_delivery_supervisor-20] [INFO] [1789488609.147090048] [robot_0.robot_supervisor]: Triggered uncontrollable event: EV_zone_b_reached
[balanced_delivery_supervisor-20] [INFO] [1789488609.158183592] [robot_0.robot_supervisor]: Selected controllable event: EV_search_zone
[balanced_delivery_supervisor-20] [INFO] [1789488609.336264927] [robot_0.robot_supervisor]: Selected controllable event: EV_search_zone
[balanced_delivery_supervisor-20] [INFO] [1789488609.536001543] [robot_0.robot_supervisor]: Selected controllable event: EV_search_zone
[balanced_delivery_supervisor-20] [INFO] [1789488609.725528523] [robot_0.robot_supervisor]: Selected controllable event: EV_move_forward
[balanced_delivery_supervisor-20] [INFO] [1789488609.927376303] [robot_0.robot_supervisor]: Triggered uncontrollable event: EV_zone_a_not_visible
[balanced_delivery_supervisor-20] [INFO] [1789488609.945237835] [robot_0.robot_supervisor]: Triggered uncontrollable event: EV_zone_b_reached
[balanced_delivery_supervisor-20] [INFO] [1789488609.945908530] [robot_0.robot_supervisor]: Triggered uncontrollable event: EV_obstacle_front
[balanced_delivery_supervisor-20] [INFO] [1789488609.946773063] [robot_0.robot_supervisor]: Selected controllable event: EV_rotate_clockwise
[balanced_delivery_supervisor-20] [INFO] [1789488610.147085376] [robot_0.robot_supervisor]: Triggered uncontrollable event: EV_obstacle_front
[balanced_delivery_supervisor-20] [INFO] [1789488610.147917929] [robot_0.robot_supervisor]: Selected controllable event: EV_u_turn
[balanced_delivery_supervisor-20] [INFO] [1789488610.148543275] [robot_0.robot_supervisor]: Starting FULL ROTATE (omega=1.000, have_odom=True, target_rad=3.142, timeout_s=3.500)
[balanced_delivery_supervisor-24] [INFO] [1789488611.084751564] [robot_1.robot_supervisor]: FULL ROTATE completed by timeout
[balanced_delivery_supervisor-24] [INFO] [1789488611.290373964] [robot_1.robot_supervisor]: Triggered uncontrollable event: EV_zone_b_visible
[balanced_delivery_supervisor-24] [INFO] [1789488611.298334536] [robot_1.robot_supervisor]: Triggered uncontrollable event: EV_zone_a_not_visible
[balanced_delivery_supervisor-24] [INFO] [1789488611.308661094] [robot_1.robot_supervisor]: Selected controllable event: EV_move_forward
[balanced_delivery_supervisor-24] [INFO] [1789488611.596786321] [robot_1.robot_supervisor]: Triggered uncontrollable event: EV_zone_b_visible
[balanced_delivery_supervisor-24] [INFO] [1789488611.597442159] [robot_1.robot_supervisor]: Triggered uncontrollable event: EV_zone_a_not_visible
[balanced_delivery_supervisor-24] [INFO] [1789488611.598331880] [robot_1.robot_supervisor]: Selected controllable event: EV_move_forward
[balanced_delivery_supervisor-24] [INFO] [1789488611.867184791] [robot_1.robot_supervisor]: Selected controllable event: EV_approach_zone
[color_detector-31] [INFO] [1789488611.981289235] [robot_1.target_detector]: RGB HEARTBEAT frames_total=150 recent_rate_hz=1.369 last_frame_age_s=0.511 status=OK
[color_detector-27] [INFO] [1789488611.985268840] [robot_0.target_detector]: RGB HEARTBEAT frames_total=150 recent_rate_hz=1.371 last_frame_age_s=0.678 status=OK
[color_detector-29] [INFO] [1789488611.990453419] [robot_2.target_detector]: RGB HEARTBEAT frames_total=150 recent_rate_hz=1.368 last_frame_age_s=0.589 status=OK
[balanced_delivery_supervisor-22] [INFO] [1789488611.992256618] [robot_2.robot_supervisor]: FULL ROTATE completed by timeout
[balanced_delivery_supervisor-24] [INFO] [1789488612.106974354] [robot_1.robot_supervisor]: Selected controllable event: EV_move_forward
[balanced_delivery_supervisor-22] [INFO] [1789488612.194148021] [robot_2.robot_supervisor]: Triggered uncontrollable event: EV_zone_a_visible
[balanced_delivery_supervisor-22] [INFO] [1789488612.194741719] [robot_2.robot_supervisor]: Triggered uncontrollable event: EV_zone_b_visible
[balanced_delivery_supervisor-22] [INFO] [1789488612.195485248] [robot_2.robot_supervisor]: Selected controllable event: EV_move_forward
[balanced_delivery_supervisor-24] [INFO] [1789488612.383621134] [robot_1.robot_supervisor]: Triggered uncontrollable event: EV_zone_a_not_visible
[balanced_delivery_supervisor-24] [INFO] [1789488612.393682990] [robot_1.robot_supervisor]: Triggered uncontrollable event: EV_zone_b_not_visible
[balanced_delivery_supervisor-24] [INFO] [1789488612.394438029] [robot_1.robot_supervisor]: Selected controllable event: EV_move_forward
[balanced_delivery_supervisor-22] [INFO] [1789488612.490969133] [robot_2.robot_supervisor]: Triggered uncontrollable event: EV_zone_a_visible
[balanced_delivery_supervisor-22] [INFO] [1789488612.494235606] [robot_2.robot_supervisor]: Triggered uncontrollable event: EV_zone_b_visible
[balanced_delivery_supervisor-22] [INFO] [1789488612.498545072] [robot_2.robot_supervisor]: Selected controllable event: EV_approach_zone
[balanced_delivery_supervisor-24] [INFO] [1789488612.682185510] [robot_1.robot_supervisor]: Selected controllable event: EV_move_forward
[balanced_delivery_supervisor-22] [INFO] [1789488612.787840930] [robot_2.robot_supervisor]: Selected controllable event: EV_approach_zone
[balanced_delivery_supervisor-24] [INFO] [1789488612.983132847] [robot_1.robot_supervisor]: Triggered uncontrollable event: EV_zone_a_not_visible
[balanced_delivery_supervisor-24] [INFO] [1789488612.991113321] [robot_1.robot_supervisor]: Triggered uncontrollable event: EV_zone_b_not_visible
[balanced_delivery_supervisor-24] [INFO] [1789488612.991768567] [robot_1.robot_supervisor]: Selected controllable event: EV_move_forward
[balanced_delivery_supervisor-22] [INFO] [1789488613.100772326] [robot_2.robot_supervisor]: Triggered uncontrollable event: EV_zone_a_visible
[balanced_delivery_supervisor-22] [INFO] [1789488613.101354866] [robot_2.robot_supervisor]: Triggered uncontrollable event: EV_zone_b_visible
[balanced_delivery_supervisor-22] [INFO] [1789488613.110423178] [robot_2.robot_supervisor]: Selected controllable event: EV_approach_zone
[balanced_delivery_supervisor-24] [INFO] [1789488613.305623863] [robot_1.robot_supervisor]: Selected controllable event: EV_search_zone
[balanced_delivery_supervisor-22] [INFO] [1789488613.382011551] [robot_2.robot_supervisor]: Selected controllable event: EV_approach_zone
[balanced_delivery_supervisor-24] [INFO] [1789488613.472153378] [robot_1.robot_supervisor]: Selected controllable event: EV_move_forward
[balanced_delivery_supervisor-22] [INFO] [1789488613.585828965] [robot_2.robot_supervisor]: Triggered uncontrollable event: EV_zone_a_visible
[balanced_delivery_supervisor-22] [INFO] [1789488613.586390826] [robot_2.robot_supervisor]: Triggered uncontrollable event: EV_zone_b_not_visible
[balanced_delivery_supervisor-22] [INFO] [1789488613.587060687] [robot_2.robot_supervisor]: Selected controllable event: EV_approach_zone
[balanced_delivery_supervisor-20] [INFO] [1789488613.744905886] [robot_0.robot_supervisor]: FULL ROTATE completed by timeout
[balanced_delivery_supervisor-24] [INFO] [1789488613.782936627] [robot_1.robot_supervisor]: Triggered uncontrollable event: EV_zone_a_not_visible
[balanced_delivery_supervisor-24] [INFO] [1789488613.783488300] [robot_1.robot_supervisor]: Triggered uncontrollable event: EV_zone_b_not_visible
[balanced_delivery_supervisor-24] [INFO] [1789488613.788131208] [robot_1.robot_supervisor]: Selected controllable event: EV_move_forward
[balanced_delivery_supervisor-22] [INFO] [1789488613.892477838] [robot_2.robot_supervisor]: Selected controllable event: EV_move_forward
[balanced_delivery_supervisor-20] [INFO] [1789488613.946080054] [robot_0.robot_supervisor]: Triggered uncontrollable event: EV_zone_a_not_visible
[balanced_delivery_supervisor-20] [INFO] [1789488613.956370547] [robot_0.robot_supervisor]: Triggered uncontrollable event: EV_zone_b_reached
[balanced_delivery_supervisor-20] [INFO] [1789488613.964475323] [robot_0.robot_supervisor]: Selected controllable event: EV_move_forward
[balanced_delivery_supervisor-24] [INFO] [1789488614.066472548] [robot_1.robot_supervisor]: Triggered uncontrollable event: EV_zone_a_not_visible
[balanced_delivery_supervisor-24] [INFO] [1789488614.067014523] [robot_1.robot_supervisor]: Triggered uncontrollable event: EV_zone_b_not_visible
[balanced_delivery_supervisor-24] [INFO] [1789488614.067673467] [robot_1.robot_supervisor]: Selected controllable event: EV_search_zone
[balanced_delivery_supervisor-24] [INFO] [1789488614.185504159] [robot_1.robot_supervisor]: Selected controllable event: EV_move_forward
[balanced_delivery_supervisor-22] [INFO] [1789488614.189418054] [robot_2.robot_supervisor]: Triggered uncontrollable event: EV_zone_b_not_visible
[balanced_delivery_supervisor-22] [INFO] [1789488614.189941017] [robot_2.robot_supervisor]: Triggered uncontrollable event: EV_zone_a_reached
[balanced_delivery_supervisor-22] [INFO] [1789488614.190639672] [robot_2.robot_supervisor]: Selected controllable event: EV_search_zone
[balanced_delivery_supervisor-20] [INFO] [1789488614.232384871] [robot_0.robot_supervisor]: Triggered uncontrollable event: EV_zone_a_not_visible
[balanced_delivery_supervisor-20] [INFO] [1789488614.233760006] [robot_0.robot_supervisor]: Triggered uncontrollable event: EV_zone_b_reached
[balanced_delivery_supervisor-20] [INFO] [1789488614.234753823] [robot_0.robot_supervisor]: Selected controllable event: EV_search_zone
[balanced_delivery_supervisor-20] [INFO] [1789488614.344153185] [robot_0.robot_supervisor]: Selected controllable event: EV_search_zone
[balanced_delivery_supervisor-22] [INFO] [1789488614.388330129] [robot_2.robot_supervisor]: Selected controllable event: EV_search_zone
[balanced_delivery_supervisor-24] [INFO] [1789488614.482244555] [robot_1.robot_supervisor]: Selected controllable event: EV_search_zone
[balanced_delivery_supervisor-20] [INFO] [1789488614.541065876] [robot_0.robot_supervisor]: Selected controllable event: EV_move_forward
[balanced_delivery_supervisor-22] [INFO] [1789488614.598100354] [robot_2.robot_supervisor]: Selected controllable event: EV_move_forward
[balanced_delivery_supervisor-24] [INFO] [1789488614.670233151] [robot_1.robot_supervisor]: Selected controllable event: EV_move_forward
[balanced_delivery_supervisor-20] [INFO] [1789488614.829021927] [robot_0.robot_supervisor]: Triggered uncontrollable event: EV_zone_a_not_visible
[balanced_delivery_supervisor-20] [INFO] [1789488614.839134170] [robot_0.robot_supervisor]: Triggered uncontrollable event: EV_zone_b_reached
[balanced_delivery_supervisor-20] [INFO] [1789488614.839895495] [robot_0.robot_supervisor]: Selected controllable event: EV_search_zone
[balanced_delivery_supervisor-24] [INFO] [1789488614.890741914] [robot_1.robot_supervisor]: Triggered uncontrollable event: EV_zone_a_not_visible
[balanced_delivery_supervisor-22] [INFO] [1789488614.900840921] [robot_2.robot_supervisor]: Triggered uncontrollable event: EV_zone_b_not_visible
[balanced_delivery_supervisor-22] [INFO] [1789488614.901459190] [robot_2.robot_supervisor]: Triggered uncontrollable event: EV_zone_a_reached
[balanced_delivery_supervisor-24] [INFO] [1789488614.902696973] [robot_1.robot_supervisor]: Triggered uncontrollable event: EV_zone_b_not_visible
[balanced_delivery_supervisor-24] [INFO] [1789488614.903400418] [robot_1.robot_supervisor]: Selected controllable event: EV_search_zone
[balanced_delivery_supervisor-22] [INFO] [1789488614.913303297] [robot_2.robot_supervisor]: Selected controllable event: EV_search_zone
[balanced_delivery_supervisor-20] [INFO] [1789488615.027907666] [robot_0.robot_supervisor]: Selected controllable event: EV_move_forward
[balanced_delivery_supervisor-24] [INFO] [1789488615.074902366] [robot_1.robot_supervisor]: Selected controllable event: EV_move_forward
[balanced_delivery_supervisor-22] [INFO] [1789488615.097203584] [robot_2.robot_supervisor]: Selected controllable event: EV_search_zone
[balanced_delivery_supervisor-22] [INFO] [1789488615.211715121] [robot_2.robot_supervisor]: Selected controllable event: EV_search_zone
[balanced_delivery_supervisor-20] [INFO] [1789488615.232763302] [robot_0.robot_supervisor]: Selected controllable event: EV_move_forward
[balanced_delivery_supervisor-24] [INFO] [1789488615.295384746] [robot_1.robot_supervisor]: Selected controllable event: EV_move_forward
[balanced_delivery_supervisor-22] [INFO] [1789488615.386645874] [robot_2.robot_supervisor]: Triggered uncontrollable event: EV_zone_b_not_visible
[balanced_delivery_supervisor-22] [INFO] [1789488615.393235645] [robot_2.robot_supervisor]: Triggered uncontrollable event: EV_zone_a_reached
[balanced_delivery_supervisor-22] [INFO] [1789488615.395991731] [robot_2.robot_supervisor]: Selected controllable event: EV_move_forward
[balanced_delivery_supervisor-24] [INFO] [1789488615.509218726] [robot_1.robot_supervisor]: Triggered uncontrollable event: EV_zone_a_not_visible
[balanced_delivery_supervisor-24] [INFO] [1789488615.509868379] [robot_1.robot_supervisor]: Triggered uncontrollable event: EV_zone_b_not_visible
[balanced_delivery_supervisor-24] [INFO] [1789488615.521483040] [robot_1.robot_supervisor]: Selected controllable event: EV_search_zone
[balanced_delivery_supervisor-20] [INFO] [1789488615.567983924] [robot_0.robot_supervisor]: Triggered uncontrollable event: EV_zone_a_not_visible
[balanced_delivery_supervisor-20] [INFO] [1789488615.568588449] [robot_0.robot_supervisor]: Triggered uncontrollable event: EV_zone_b_reached
[balanced_delivery_supervisor-20] [INFO] [1789488615.569260396] [robot_0.robot_supervisor]: Selected controllable event: EV_move_forward
[balanced_delivery_supervisor-24] [INFO] [1789488615.674362453] [robot_1.robot_supervisor]: Selected controllable event: EV_move_forward
[balanced_delivery_supervisor-22] [INFO] [1789488615.687244060] [robot_2.robot_supervisor]: Selected controllable event: EV_search_zone
[balanced_delivery_supervisor-22] [INFO] [1789488615.793085314] [robot_2.robot_supervisor]: Selected controllable event: EV_move_forward
[balanced_delivery_supervisor-20] [INFO] [1789488615.826937445] [robot_0.robot_supervisor]: Selected controllable event: EV_move_forward
[balanced_delivery_supervisor-24] [INFO] [1789488615.977352147] [robot_1.robot_supervisor]: Selected controllable event: EV_move_forward
[balanced_delivery_supervisor-22] [INFO] [1789488616.007117461] [robot_2.robot_supervisor]: Selected controllable event: EV_move_forward
[balanced_delivery_supervisor-20] [INFO] [1789488616.059245847] [robot_0.robot_supervisor]: Selected controllable event: EV_search_zone
[balanced_delivery_supervisor-20] [INFO] [1789488616.233126919] [robot_0.robot_supervisor]: Triggered uncontrollable event: EV_zone_a_not_visible
[balanced_delivery_supervisor-20] [INFO] [1789488616.240040009] [robot_0.robot_supervisor]: Triggered uncontrollable event: EV_zone_b_not_visible
[balanced_delivery_supervisor-20] [INFO] [1789488616.248192005] [robot_0.robot_supervisor]: Selected controllable event: EV_search_zone
[balanced_delivery_supervisor-24] [INFO] [1789488616.270106511] [robot_1.robot_supervisor]: Selected controllable event: EV_search_zone
[balanced_delivery_supervisor-22] [INFO] [1789488616.305869957] [robot_2.robot_supervisor]: Triggered uncontrollable event: EV_zone_a_not_visible
[balanced_delivery_supervisor-22] [INFO] [1789488616.306600833] [robot_2.robot_supervisor]: Triggered uncontrollable event: EV_zone_b_not_visible
[balanced_delivery_supervisor-22] [INFO] [1789488616.307271608] [robot_2.robot_supervisor]: Selected controllable event: EV_move_forward
[balanced_delivery_supervisor-20] [INFO] [1789488616.441070898] [robot_0.robot_supervisor]: Selected controllable event: EV_search_zone
[balanced_delivery_supervisor-24] [INFO] [1789488616.483946977] [robot_1.robot_supervisor]: Triggered uncontrollable event: EV_zone_a_not_visible
[balanced_delivery_supervisor-24] [INFO] [1789488616.484551508] [robot_1.robot_supervisor]: Triggered uncontrollable event: EV_zone_b_not_visible
[balanced_delivery_supervisor-24] [INFO] [1789488616.497210037] [robot_1.robot_supervisor]: Selected controllable event: EV_move_forward
[balanced_delivery_supervisor-22] [INFO] [1789488616.594503782] [robot_2.robot_supervisor]: Selected controllable event: EV_move_forward
[balanced_delivery_supervisor-20] [INFO] [1789488616.628464972] [robot_0.robot_supervisor]: Selected controllable event: EV_move_forward
[balanced_delivery_supervisor-24] [INFO] [1789488616.782237203] [robot_1.robot_supervisor]: Selected controllable event: EV_search_zone
[balanced_delivery_supervisor-22] [INFO] [1789488616.802847506] [robot_2.robot_supervisor]: Selected controllable event: EV_move_forward
[balanced_delivery_supervisor-20] [INFO] [1789488616.936524354] [robot_0.robot_supervisor]: Triggered uncontrollable event: EV_zone_a_not_visible
[balanced_delivery_supervisor-20] [INFO] [1789488616.943458595] [robot_0.robot_supervisor]: Triggered uncontrollable event: EV_zone_b_not_visible
[balanced_delivery_supervisor-20] [INFO] [1789488616.945316219] [robot_0.robot_supervisor]: Selected controllable event: EV_move_forward
[balanced_delivery_supervisor-24] [INFO] [1789488616.981398135] [robot_1.robot_supervisor]: Triggered uncontrollable event: EV_zone_a_not_visible
[balanced_delivery_supervisor-24] [INFO] [1789488616.989982814] [robot_1.robot_supervisor]: Triggered uncontrollable event: EV_zone_b_not_visible
[balanced_delivery_supervisor-24] [INFO] [1789488616.990640947] [robot_1.robot_supervisor]: Selected controllable event: EV_move_forward
[balanced_delivery_supervisor-22] [INFO] [1789488617.085444894] [robot_2.robot_supervisor]: Triggered uncontrollable event: EV_zone_a_not_visible
[balanced_delivery_supervisor-22] [INFO] [1789488617.086024639] [robot_2.robot_supervisor]: Triggered uncontrollable event: EV_zone_b_not_visible
[balanced_delivery_supervisor-22] [INFO] [1789488617.086737099] [robot_2.robot_supervisor]: Selected controllable event: EV_search_zone
[balanced_delivery_supervisor-20] [INFO] [1789488617.225947493] [robot_0.robot_supervisor]: Selected controllable event: EV_move_forward
[balanced_delivery_supervisor-22] [INFO] [1789488617.281519391] [robot_2.robot_supervisor]: Selected controllable event: EV_move_forward
[balanced_delivery_supervisor-24] [INFO] [1789488617.294276172] [robot_1.robot_supervisor]: Selected controllable event: EV_move_forward
[balanced_delivery_supervisor-20] [INFO] [1789488617.434741189] [robot_0.robot_supervisor]: Triggered uncontrollable event: EV_zone_a_not_visible
[balanced_delivery_supervisor-20] [INFO] [1789488617.437472060] [robot_0.robot_supervisor]: Triggered uncontrollable event: EV_obstacle_left
[balanced_delivery_supervisor-20] [INFO] [1789488617.443037298] [robot_0.robot_supervisor]: Triggered uncontrollable event: EV_zone_b_not_visible
[balanced_delivery_supervisor-20] [INFO] [1789488617.451030947] [robot_0.robot_supervisor]: Selected controllable event: EV_u_turn
[balanced_delivery_supervisor-20] [INFO] [1789488617.451703216] [robot_0.robot_supervisor]: Starting FULL ROTATE (omega=1.000, have_odom=True, target_rad=3.142, timeout_s=3.500)
[balanced_delivery_supervisor-22] [INFO] [1789488617.484994586] [robot_2.robot_supervisor]: Triggered uncontrollable event: EV_zone_a_not_visible
[balanced_delivery_supervisor-22] [INFO] [1789488617.485566091] [robot_2.robot_supervisor]: Triggered uncontrollable event: EV_zone_b_not_visible
[balanced_delivery_supervisor-22] [INFO] [1789488617.486308851] [robot_2.robot_supervisor]: Selected controllable event: EV_search_zone
[balanced_delivery_supervisor-24] [INFO] [1789488617.587228883] [robot_1.robot_supervisor]: Triggered uncontrollable event: EV_zone_a_not_visible
[balanced_delivery_supervisor-24] [INFO] [1789488617.593594023] [robot_1.robot_supervisor]: Triggered uncontrollable event: EV_zone_b_not_visible
[balanced_delivery_supervisor-24] [INFO] [1789488617.605668499] [robot_1.robot_supervisor]: Selected controllable event: EV_move_forward
[balanced_delivery_supervisor-22] [INFO] [1789488617.685395810] [robot_2.robot_supervisor]: Selected controllable event: EV_move_forward
[balanced_delivery_supervisor-24] [INFO] [1789488617.873992288] [robot_1.robot_supervisor]: Selected controllable event: EV_search_zone
[balanced_delivery_supervisor-22] [INFO] [1789488617.997590579] [robot_2.robot_supervisor]: Selected controllable event: EV_search_zone
[balanced_delivery_supervisor-24] [INFO] [1789488618.085133926] [robot_1.robot_supervisor]: Triggered uncontrollable event: EV_zone_a_not_visible
[balanced_delivery_supervisor-24] [INFO] [1789488618.087636460] [robot_1.robot_supervisor]: Selected controllable event: EV_search_zone
[balanced_delivery_supervisor-22] [INFO] [1789488618.179422617] [robot_2.robot_supervisor]: Triggered uncontrollable event: EV_zone_a_not_visible
[balanced_delivery_supervisor-22] [INFO] [1789488618.179948972] [robot_2.robot_supervisor]: Triggered uncontrollable event: EV_zone_b_not_visible
[balanced_delivery_supervisor-22] [INFO] [1789488618.191318691] [robot_2.robot_supervisor]: Selected controllable event: EV_move_forward
[balanced_delivery_supervisor-24] [INFO] [1789488618.283466636] [robot_1.robot_supervisor]: Triggered uncontrollable event: EV_zone_b_not_visible
[balanced_delivery_supervisor-24] [INFO] [1789488618.293402194] [robot_1.robot_supervisor]: Selected controllable event: EV_move_forward
[balanced_delivery_supervisor-22] [INFO] [1789488618.488729583] [robot_2.robot_supervisor]: Selected controllable event: EV_search_zone
[color_detector-29] [INFO] [1789488618.566137594] [robot_2.target_detector]: RGB HEARTBEAT frames_total=160 recent_rate_hz=1.519 last_frame_age_s=0.597 status=OK
[balanced_delivery_supervisor-24] [INFO] [1789488618.574080705] [robot_1.robot_supervisor]: Selected controllable event: EV_search_zone
[color_detector-27] [INFO] [1789488618.593387731] [robot_0.target_detector]: RGB HEARTBEAT frames_total=160 recent_rate_hz=1.512 last_frame_age_s=0.677 status=OK
[color_detector-31] [INFO] [1789488618.603501223] [robot_1.target_detector]: RGB HEARTBEAT frames_total=160 recent_rate_hz=1.510 last_frame_age_s=0.580 status=OK
[balanced_delivery_supervisor-24] [INFO] [1789488618.684364627] [robot_1.robot_supervisor]: Selected controllable event: EV_move_forward
[balanced_delivery_supervisor-22] [INFO] [1789488618.686950012] [robot_2.robot_supervisor]: Selected controllable event: EV_search_zone
[balanced_delivery_supervisor-22] [INFO] [1789488618.797260251] [robot_2.robot_supervisor]: Triggered uncontrollable event: EV_zone_a_not_visible
[balanced_delivery_supervisor-22] [INFO] [1789488618.803430314] [robot_2.robot_supervisor]: Triggered uncontrollable event: EV_zone_b_not_visible
[balanced_delivery_supervisor-22] [INFO] [1789488618.804259455] [robot_2.robot_supervisor]: Selected controllable event: EV_move_forward
[balanced_delivery_supervisor-24] [INFO] [1789488618.888484831] [robot_1.robot_supervisor]: Triggered uncontrollable event: EV_zone_a_not_visible
[balanced_delivery_supervisor-24] [INFO] [1789488618.889063396] [robot_1.robot_supervisor]: Triggered uncontrollable event: EV_zone_b_not_visible
[balanced_delivery_supervisor-24] [INFO] [1789488618.889905522] [robot_1.robot_supervisor]: Selected controllable event: EV_move_forward
[balanced_delivery_supervisor-22] [INFO] [1789488619.099652261] [robot_2.robot_supervisor]: Selected controllable event: EV_search_zone
[balanced_delivery_supervisor-24] [INFO] [1789488619.180764014] [robot_1.robot_supervisor]: Selected controllable event: EV_move_forward
[balanced_delivery_supervisor-22] [INFO] [1789488619.207772632] [robot_2.robot_supervisor]: Selected controllable event: EV_search_zone
[balanced_delivery_supervisor-22] [INFO] [1789488619.410629249] [robot_2.robot_supervisor]: Selected controllable event: EV_move_forward
[balanced_delivery_supervisor-24] [INFO] [1789488619.492739704] [robot_1.robot_supervisor]: Selected controllable event: EV_search_zone
[balanced_delivery_supervisor-24] [INFO] [1789488619.701098782] [robot_1.robot_supervisor]: Triggered uncontrollable event: EV_zone_a_not_visible
[balanced_delivery_supervisor-24] [INFO] [1789488619.701801471] [robot_1.robot_supervisor]: Triggered uncontrollable event: EV_zone_b_not_visible
[balanced_delivery_supervisor-24] [INFO] [1789488619.702667920] [robot_1.robot_supervisor]: Selected controllable event: EV_search_zone
[balanced_delivery_supervisor-22] [INFO] [1789488619.704198240] [robot_2.robot_supervisor]: Triggered uncontrollable event: EV_zone_a_not_visible
[balanced_delivery_supervisor-22] [INFO] [1789488619.704884106] [robot_2.robot_supervisor]: Triggered uncontrollable event: EV_obstacle_left
[balanced_delivery_supervisor-22] [INFO] [1789488619.705521305] [robot_2.robot_supervisor]: Triggered uncontrollable event: EV_zone_b_not_visible
[balanced_delivery_supervisor-22] [INFO] [1789488619.706316481] [robot_2.robot_supervisor]: Selected controllable event: EV_u_turn
[balanced_delivery_supervisor-22] [INFO] [1789488619.721269907] [robot_2.robot_supervisor]: Starting FULL ROTATE (omega=1.000, have_odom=True, target_rad=3.142, timeout_s=3.500)
[balanced_delivery_supervisor-24] [INFO] [1789488619.888117039] [robot_1.robot_supervisor]: Selected controllable event: EV_search_zone
[balanced_delivery_supervisor-24] [INFO] [1789488620.088311160] [robot_1.robot_supervisor]: Selected controllable event: EV_move_forward
[balanced_delivery_supervisor-24] [INFO] [1789488620.388924090] [robot_1.robot_supervisor]: Triggered uncontrollable event: EV_zone_a_not_visible
[balanced_delivery_supervisor-24] [INFO] [1789488620.401229056] [robot_1.robot_supervisor]: Selected controllable event: EV_move_forward
[balanced_delivery_supervisor-24] [INFO] [1789488620.695895277] [robot_1.robot_supervisor]: Triggered uncontrollable event: EV_zone_b_not_visible
[balanced_delivery_supervisor-24] [INFO] [1789488620.696983541] [robot_1.robot_supervisor]: Selected controllable event: EV_move_forward
[balanced_delivery_supervisor-20] [INFO] [1789488620.953444401] [robot_0.robot_supervisor]: FULL ROTATE completed by timeout
[balanced_delivery_supervisor-24] [INFO] [1789488620.998105777] [robot_1.robot_supervisor]: Selected controllable event: EV_move_forward
[balanced_delivery_supervisor-20] [INFO] [1789488621.255043239] [robot_0.robot_supervisor]: Triggered uncontrollable event: EV_zone_b_not_visible
[balanced_delivery_supervisor-20] [INFO] [1789488621.255864413] [robot_0.robot_supervisor]: Triggered uncontrollable event: EV_zone_a_reached
[balanced_delivery_supervisor-20] [INFO] [1789488621.256830795] [robot_0.robot_supervisor]: Selected controllable event: EV_move_forward
[balanced_delivery_supervisor-24] [INFO] [1789488621.282630298] [robot_1.robot_supervisor]: Triggered uncontrollable event: EV_zone_a_not_visible
[balanced_delivery_supervisor-24] [INFO] [1789488621.288296601] [robot_1.robot_supervisor]: Triggered uncontrollable event: EV_zone_b_not_visible
[balanced_delivery_supervisor-24] [INFO] [1789488621.297511745] [robot_1.robot_supervisor]: Selected controllable event: EV_search_zone
[balanced_delivery_supervisor-24] [INFO] [1789488621.492153946] [robot_1.robot_supervisor]: Selected controllable event: EV_move_forward
[balanced_delivery_supervisor-20] [INFO] [1789488621.554504615] [robot_0.robot_supervisor]: Selected controllable event: EV_search_zone
[balanced_delivery_supervisor-20] [INFO] [1789488621.746944401] [robot_0.robot_supervisor]: Selected controllable event: EV_move_forward
[balanced_delivery_supervisor-24] [INFO] [1789488621.790997245] [robot_1.robot_supervisor]: Selected controllable event: EV_search_zone
[balanced_delivery_supervisor-24] [INFO] [1789488622.001319379] [robot_1.robot_supervisor]: Selected controllable event: EV_move_forward
[balanced_delivery_supervisor-20] [INFO] [1789488622.050276572] [robot_0.robot_supervisor]: Triggered uncontrollable event: EV_zone_b_not_visible
[balanced_delivery_supervisor-20] [INFO] [1789488622.053621536] [robot_0.robot_supervisor]: Triggered uncontrollable event: EV_zone_a_reached
[balanced_delivery_supervisor-20] [INFO] [1789488622.054400851] [robot_0.robot_supervisor]: Selected controllable event: EV_move_forward
[balanced_delivery_supervisor-24] [INFO] [1789488622.274956086] [robot_1.robot_supervisor]: Triggered uncontrollable event: EV_zone_a_not_visible
[balanced_delivery_supervisor-24] [INFO] [1789488622.275522017] [robot_1.robot_supervisor]: Triggered uncontrollable event: EV_zone_b_not_visible
[balanced_delivery_supervisor-24] [INFO] [1789488622.276359459] [robot_1.robot_supervisor]: Selected controllable event: EV_move_forward
[balanced_delivery_supervisor-20] [INFO] [1789488622.327793998] [robot_0.robot_supervisor]: Selected controllable event: EV_move_forward
[balanced_delivery_supervisor-24] [INFO] [1789488622.576160456] [robot_1.robot_supervisor]: Selected controllable event: EV_search_zone
[balanced_delivery_supervisor-20] [INFO] [1789488622.647397953] [robot_0.robot_supervisor]: Selected controllable event: EV_search_zone
[balanced_delivery_supervisor-24] [INFO] [1789488622.780284653] [robot_1.robot_supervisor]: Selected controllable event: EV_search_zone
[balanced_delivery_supervisor-20] [INFO] [1789488622.841493297] [robot_0.robot_supervisor]: Triggered uncontrollable event: EV_zone_b_not_visible
[balanced_delivery_supervisor-20] [INFO] [1789488622.845802774] [robot_0.robot_supervisor]: Triggered uncontrollable event: EV_zone_a_reached
[balanced_delivery_supervisor-20] [INFO] [1789488622.846650623] [robot_0.robot_supervisor]: Selected controllable event: EV_search_zone
[balanced_delivery_supervisor-24] [INFO] [1789488622.894767765] [robot_1.robot_supervisor]: Selected controllable event: EV_search_zone
[balanced_delivery_supervisor-20] [INFO] [1789488623.057462367] [robot_0.robot_supervisor]: Selected controllable event: EV_move_forward
[balanced_delivery_supervisor-24] [INFO] [1789488623.107585433] [robot_1.robot_supervisor]: Triggered uncontrollable event: EV_zone_a_not_visible
[balanced_delivery_supervisor-24] [INFO] [1789488623.108292821] [robot_1.robot_supervisor]: Triggered uncontrollable event: EV_zone_b_not_visible
[balanced_delivery_supervisor-24] [INFO] [1789488623.111490631] [robot_1.robot_supervisor]: Selected controllable event: EV_search_zone
[balanced_delivery_supervisor-22] [INFO] [1789488623.283936157] [robot_2.robot_supervisor]: FULL ROTATE completed by timeout
[balanced_delivery_supervisor-24] [INFO] [1789488623.289442760] [robot_1.robot_supervisor]: Selected controllable event: EV_move_forward
[balanced_delivery_supervisor-20] [INFO] [1789488623.330465508] [robot_0.robot_supervisor]: Selected controllable event: EV_move_forward
[balanced_delivery_supervisor-22] [INFO] [1789488623.505084912] [robot_2.robot_supervisor]: Triggered uncontrollable event: EV_zone_a_not_visible
[balanced_delivery_supervisor-22] [INFO] [1789488623.505777476] [robot_2.robot_supervisor]: Triggered uncontrollable event: EV_obstacle_right
[balanced_delivery_supervisor-22] [INFO] [1789488623.506423261] [robot_2.robot_supervisor]: Triggered uncontrollable event: EV_zone_b_not_visible
[balanced_delivery_supervisor-22] [INFO] [1789488623.536212150] [robot_2.robot_supervisor]: Selected controllable event: EV_rotate_counterclockwise
[balanced_delivery_supervisor-24] [INFO] [1789488623.569788590] [robot_1.robot_supervisor]: Selected controllable event: EV_search_zone
[balanced_delivery_supervisor-20] [INFO] [1789488623.577337893] [robot_0.robot_supervisor]: Triggered uncontrollable event: EV_zone_a_reached
[balanced_delivery_supervisor-20] [INFO] [1789488623.588301701] [robot_0.robot_supervisor]: Selected controllable event: EV_move_forward
[balanced_delivery_supervisor-22] [INFO] [1789488623.696758771] [robot_2.robot_supervisor]: Triggered uncontrollable event: EV_zone_a_not_visible
[balanced_delivery_supervisor-24] [INFO] [1789488623.705229464] [robot_1.robot_supervisor]: Triggered uncontrollable event: EV_zone_a_not_visible
[balanced_delivery_supervisor-24] [INFO] [1789488623.705881151] [robot_1.robot_supervisor]: Triggered uncontrollable event: EV_zone_b_not_visible
[balanced_delivery_supervisor-22] [INFO] [1789488623.707068375] [robot_2.robot_supervisor]: Triggered uncontrollable event: EV_zone_b_not_visible
[balanced_delivery_supervisor-22] [INFO] [1789488623.710182774] [robot_2.robot_supervisor]: Selected controllable event: EV_move_forward
[balanced_delivery_supervisor-24] [INFO] [1789488623.717640783] [robot_1.robot_supervisor]: Selected controllable event: EV_search_zone
[balanced_delivery_supervisor-20] [INFO] [1789488623.854086920] [robot_0.robot_supervisor]: Triggered uncontrollable event: EV_zone_b_not_visible
[balanced_delivery_supervisor-20] [INFO] [1789488623.855059711] [robot_0.robot_supervisor]: Selected controllable event: EV_move_forward
[balanced_delivery_supervisor-24] [INFO] [1789488623.874628538] [robot_1.robot_supervisor]: Selected controllable event: EV_search_zone
[balanced_delivery_supervisor-22] [INFO] [1789488623.991704075] [robot_2.robot_supervisor]: Selected controllable event: EV_search_zone
[balanced_delivery_supervisor-24] [INFO] [1789488624.003767972] [robot_1.robot_supervisor]: Selected controllable event: EV_move_forward
[balanced_delivery_supervisor-22] [INFO] [1789488624.113705902] [robot_2.robot_supervisor]: Selected controllable event: EV_move_forward
[balanced_delivery_supervisor-20] [INFO] [1789488624.158181499] [robot_0.robot_supervisor]: Selected controllable event: EV_search_zone
[balanced_delivery_supervisor-24] [INFO] [1789488624.281564233] [robot_1.robot_supervisor]: Selected controllable event: EV_search_zone
[balanced_delivery_supervisor-22] [INFO] [1789488624.319658539] [robot_2.robot_supervisor]: Selected controllable event: EV_move_forward
[balanced_delivery_supervisor-20] [INFO] [1789488624.332116481] [robot_0.robot_supervisor]: Selected controllable event: EV_move_forward
[balanced_delivery_supervisor-24] [INFO] [1789488624.510729024] [robot_1.robot_supervisor]: Triggered uncontrollable event: EV_zone_a_not_visible
[balanced_delivery_supervisor-24] [INFO] [1789488624.511475275] [robot_1.robot_supervisor]: Triggered uncontrollable event: EV_zone_b_not_visible
[balanced_delivery_supervisor-24] [INFO] [1789488624.516299589] [robot_1.robot_supervisor]: Selected controllable event: EV_move_forward
[balanced_delivery_supervisor-20] [INFO] [1789488624.541069986] [robot_0.robot_supervisor]: Triggered uncontrollable event: EV_zone_b_visible
[balanced_delivery_supervisor-20] [INFO] [1789488624.545519447] [robot_0.robot_supervisor]: Triggered uncontrollable event: EV_zone_a_reached
[balanced_delivery_supervisor-20] [INFO] [1789488624.552834618] [robot_0.robot_supervisor]: Selected controllable event: EV_move_forward
[balanced_delivery_supervisor-22] [INFO] [1789488624.595811805] [robot_2.robot_supervisor]: Triggered uncontrollable event: EV_zone_a_not_visible
[balanced_delivery_supervisor-22] [INFO] [1789488624.599768621] [robot_2.robot_supervisor]: Triggered uncontrollable event: EV_zone_b_not_visible
[balanced_delivery_supervisor-22] [INFO] [1789488624.606393645] [robot_2.robot_supervisor]: Selected controllable event: EV_search_zone
[balanced_delivery_supervisor-24] [INFO] [1789488624.775744363] [robot_1.robot_supervisor]: Selected controllable event: EV_search_zone
[balanced_delivery_supervisor-22] [INFO] [1789488624.814183592] [robot_2.robot_supervisor]: Selected controllable event: EV_move_forward
[balanced_delivery_supervisor-20] [INFO] [1789488624.869261204] [robot_0.robot_supervisor]: Selected controllable event: EV_approach_zone
[balanced_delivery_supervisor-24] [INFO] [1789488624.889219014] [robot_1.robot_supervisor]: Selected controllable event: EV_move_forward
[balanced_delivery_supervisor-24] [INFO] [1789488625.093668709] [robot_1.robot_supervisor]: Selected controllable event: EV_search_zone
[balanced_delivery_supervisor-22] [INFO] [1789488625.114467250] [robot_2.robot_supervisor]: Triggered uncontrollable event: EV_zone_a_not_visible
[balanced_delivery_supervisor-22] [INFO] [1789488625.115282176] [robot_2.robot_supervisor]: Selected controllable event: EV_search_zone
[balanced_delivery_supervisor-20] [INFO] [1789488625.142641934] [robot_0.robot_supervisor]: Triggered uncontrollable event: EV_zone_a_not_visible
[balanced_delivery_supervisor-20] [INFO] [1789488625.144909370] [robot_0.robot_supervisor]: Triggered uncontrollable event: EV_zone_b_reached
[balanced_delivery_supervisor-20] [INFO] [1789488625.147996111] [robot_0.robot_supervisor]: Triggered uncontrollable event: EV_obstacle_left
[balanced_delivery_supervisor-20] [INFO] [1789488625.151213233] [robot_0.robot_supervisor]: Selected controllable event: EV_u_turn
[balanced_delivery_supervisor-20] [INFO] [1789488625.158021866] [robot_0.robot_supervisor]: Starting FULL ROTATE (omega=1.000, have_odom=True, target_rad=3.142, timeout_s=3.500)
[balanced_delivery_supervisor-24] [INFO] [1789488625.287044079] [robot_1.robot_supervisor]: Triggered uncontrollable event: EV_zone_a_not_visible
[balanced_delivery_supervisor-24] [INFO] [1789488625.287814532] [robot_1.robot_supervisor]: Triggered uncontrollable event: EV_zone_b_not_visible
[balanced_delivery_supervisor-24] [INFO] [1789488625.301735312] [robot_1.robot_supervisor]: Selected controllable event: EV_search_zone
[balanced_delivery_supervisor-22] [INFO] [1789488625.316165105] [robot_2.robot_supervisor]: Triggered uncontrollable event: EV_zone_b_not_visible
[balanced_delivery_supervisor-22] [INFO] [1789488625.317042625] [robot_2.robot_supervisor]: Selected controllable event: EV_search_zone
[balanced_delivery_supervisor-24] [INFO] [1789488625.471777168] [robot_1.robot_supervisor]: Selected controllable event: EV_move_forward
[balanced_delivery_supervisor-22] [INFO] [1789488625.482088602] [robot_2.robot_supervisor]: Selected controllable event: EV_search_zone
[balanced_delivery_supervisor-22] [INFO] [1789488625.599118913] [robot_2.robot_supervisor]: Selected controllable event: EV_search_zone
[balanced_delivery_supervisor-24] [INFO] [1789488625.697276763] [robot_1.robot_supervisor]: Selected controllable event: EV_search_zone
[balanced_delivery_supervisor-22] [INFO] [1789488625.794541067] [robot_2.robot_supervisor]: Selected controllable event: EV_move_forward
[balanced_delivery_supervisor-24] [INFO] [1789488625.801839845] [robot_1.robot_supervisor]: Selected controllable event: EV_search_zone
[balanced_delivery_supervisor-24] [INFO] [1789488625.988456884] [robot_1.robot_supervisor]: Selected controllable event: EV_search_zone
[balanced_delivery_supervisor-24] [INFO] [1789488626.095941104] [robot_1.robot_supervisor]: Triggered uncontrollable event: EV_zone_a_not_visible
[balanced_delivery_supervisor-24] [INFO] [1789488626.096600681] [robot_1.robot_supervisor]: Triggered uncontrollable event: EV_zone_b_not_visible
[balanced_delivery_supervisor-22] [INFO] [1789488626.105398914] [robot_2.robot_supervisor]: Triggered uncontrollable event: EV_zone_a_not_visible
[balanced_delivery_supervisor-22] [INFO] [1789488626.106044783] [robot_2.robot_supervisor]: Triggered uncontrollable event: EV_zone_b_not_visible
[balanced_delivery_supervisor-22] [INFO] [1789488626.106737174] [robot_2.robot_supervisor]: Selected controllable event: EV_search_zone
[balanced_delivery_supervisor-24] [INFO] [1789488626.113487495] [robot_1.robot_supervisor]: Selected controllable event: EV_move_forward
[balanced_delivery_supervisor-22] [INFO] [1789488626.292397485] [robot_2.robot_supervisor]: Selected controllable event: EV_move_forward
[balanced_delivery_supervisor-24] [INFO] [1789488626.370280026] [robot_1.robot_supervisor]: Selected controllable event: EV_search_zone
[color_detector-29] [INFO] [1789488626.467245239] [robot_2.target_detector]: RGB HEARTBEAT frames_total=170 recent_rate_hz=1.266 last_frame_age_s=0.606 status=OK
[color_detector-31] [INFO] [1789488626.485677196] [robot_1.target_detector]: RGB HEARTBEAT frames_total=170 recent_rate_hz=1.269 last_frame_age_s=0.560 status=OK
[color_detector-27] [INFO] [1789488626.497229295] [robot_0.target_detector]: RGB HEARTBEAT frames_total=170 recent_rate_hz=1.266 last_frame_age_s=0.700 status=OK
[balanced_delivery_supervisor-24] [INFO] [1789488626.498549632] [robot_1.robot_supervisor]: Selected controllable event: EV_search_zone
[balanced_delivery_supervisor-22] [INFO] [1789488626.506251651] [robot_2.robot_supervisor]: Selected controllable event: EV_search_zone
[balanced_delivery_supervisor-24] [INFO] [1789488626.681890899] [robot_1.robot_supervisor]: Selected controllable event: EV_search_zone
[balanced_delivery_supervisor-22] [INFO] [1789488626.684981846] [robot_2.robot_supervisor]: Triggered uncontrollable event: EV_zone_a_not_visible
[balanced_delivery_supervisor-22] [INFO] [1789488626.692245038] [robot_2.robot_supervisor]: Triggered uncontrollable event: EV_zone_b_not_visible
[balanced_delivery_supervisor-22] [INFO] [1789488626.698772046] [robot_2.robot_supervisor]: Selected controllable event: EV_move_forward
[balanced_delivery_supervisor-24] [INFO] [1789488626.868576357] [robot_1.robot_supervisor]: Triggered uncontrollable event: EV_zone_b_visible
[balanced_delivery_supervisor-24] [INFO] [1789488626.875333974] [robot_1.robot_supervisor]: Triggered uncontrollable event: EV_zone_a_not_visible
[balanced_delivery_supervisor-24] [INFO] [1789488626.882790728] [robot_1.robot_supervisor]: Selected controllable event: EV_approach_zone
[balanced_delivery_supervisor-22] [INFO] [1789488626.989067739] [robot_2.robot_supervisor]: Selected controllable event: EV_move_forward
[balanced_delivery_supervisor-24] [INFO] [1789488627.093757167] [robot_1.robot_supervisor]: Selected controllable event: EV_approach_zone
[balanced_delivery_supervisor-22] [INFO] [1789488627.305028268] [robot_2.robot_supervisor]: Triggered uncontrollable event: EV_zone_a_not_visible
[balanced_delivery_supervisor-22] [INFO] [1789488627.305749161] [robot_2.robot_supervisor]: Selected controllable event: EV_move_forward
[balanced_delivery_supervisor-24] [INFO] [1789488627.375181623] [robot_1.robot_supervisor]: Triggered uncontrollable event: EV_zone_b_visible
[balanced_delivery_supervisor-24] [INFO] [1789488627.394027325] [robot_1.robot_supervisor]: Triggered uncontrollable event: EV_zone_a_not_visible
[balanced_delivery_supervisor-24] [INFO] [1789488627.394809582] [robot_1.robot_supervisor]: Selected controllable event: EV_move_forward
[balanced_delivery_supervisor-22] [INFO] [1789488627.585807931] [robot_2.robot_supervisor]: Triggered uncontrollable event: EV_zone_b_not_visible
[balanced_delivery_supervisor-22] [INFO] [1789488627.601773686] [robot_2.robot_supervisor]: Selected controllable event: EV_move_forward
[balanced_delivery_supervisor-24] [INFO] [1789488627.694487213] [robot_1.robot_supervisor]: Selected controllable event: EV_move_forward
[balanced_delivery_supervisor-22] [INFO] [1789488627.895430886] [robot_2.robot_supervisor]: Selected controllable event: EV_move_forward
[balanced_delivery_supervisor-24] [INFO] [1789488627.996018137] [robot_1.robot_supervisor]: Selected controllable event: EV_approach_zone
[balanced_delivery_supervisor-22] [INFO] [1789488628.195705120] [robot_2.robot_supervisor]: Triggered uncontrollable event: EV_zone_a_visible
[balanced_delivery_supervisor-22] [INFO] [1789488628.196287497] [robot_2.robot_supervisor]: Triggered uncontrollable event: EV_zone_b_not_visible
[balanced_delivery_supervisor-22] [INFO] [1789488628.215407454] [robot_2.robot_supervisor]: Selected controllable event: EV_approach_zone
[balanced_delivery_supervisor-24] [INFO] [1789488628.287878645] [robot_1.robot_supervisor]: Triggered uncontrollable event: EV_zone_a_visible
[balanced_delivery_supervisor-24] [INFO] [1789488628.288422731] [robot_1.robot_supervisor]: Triggered uncontrollable event: EV_zone_b_visible
[balanced_delivery_supervisor-24] [INFO] [1789488628.289095755] [robot_1.robot_supervisor]: Selected controllable event: EV_approach_zone
[balanced_delivery_supervisor-22] [INFO] [1789488628.498318834] [robot_2.robot_supervisor]: Selected controllable event: EV_approach_zone
[balanced_delivery_supervisor-24] [INFO] [1789488628.581475759] [robot_1.robot_supervisor]: Selected controllable event: EV_approach_zone
[balanced_delivery_supervisor-20] [INFO] [1789488628.744400600] [robot_0.robot_supervisor]: FULL ROTATE completed by timeout
[balanced_delivery_supervisor-22] [INFO] [1789488628.816944184] [robot_2.robot_supervisor]: DELIVERED zone_a; balance=zone_a_has_extra
[balanced_delivery_supervisor-22] [INFO] [1789488628.817533533] [robot_2.robot_supervisor]: Triggered uncontrollable event: EV_zone_b_not_visible
[balanced_delivery_supervisor-22] [INFO] [1789488628.818063096] [robot_2.robot_supervisor]: Triggered uncontrollable event: EV_zone_a_reached
[balanced_delivery_supervisor-22] [INFO] [1789488628.818729039] [robot_2.robot_supervisor]: Selected controllable event: EV_drop_zone_a
[balanced_delivery_supervisor-24] [INFO] [1789488628.842771825] [robot_1.robot_supervisor]: RECEIVED zone_a; balance=zone_a_has_extra
[balanced_delivery_supervisor-20] [INFO] [1789488628.847016236] [robot_0.robot_supervisor]: RECEIVED zone_a; balance=zone_a_has_extra
[balanced_delivery_supervisor-22] [INFO] [1789488628.876233083] [robot_2.robot_supervisor]: Delivered cargo 'robot_2_carried_generic_box' removed.
[balanced_delivery_supervisor-24] [INFO] [1789488628.877903646] [robot_1.robot_supervisor]: Triggered uncontrollable event: EV_zone_a_visible
[balanced_delivery_supervisor-24] [INFO] [1789488628.878469952] [robot_1.robot_supervisor]: Triggered uncontrollable event: EV_received_delivered_zone_a
[balanced_delivery_supervisor-24] [INFO] [1789488628.883807657] [robot_1.robot_supervisor]: Selected controllable event: EV_approach_zone
[balanced_delivery_supervisor-22] [INFO] [1789488628.886311660] [robot_2.robot_supervisor]: Selected controllable event: EV_publish_delivered_zone_a
[balanced_delivery_supervisor-20] [INFO] [1789488628.943434068] [robot_0.robot_supervisor]: Triggered uncontrollable event: EV_zone_a_not_visible
[balanced_delivery_supervisor-20] [INFO] [1789488628.953086716] [robot_0.robot_supervisor]: Triggered uncontrollable event: EV_received_delivered_zone_a
[balanced_delivery_supervisor-20] [INFO] [1789488628.953679025] [robot_0.robot_supervisor]: Triggered uncontrollable event: EV_zone_b_reached
[balanced_delivery_supervisor-20] [INFO] [1789488628.954383504] [robot_0.robot_supervisor]: Selected controllable event: EV_move_forward
[balanced_delivery_supervisor-22] [INFO] [1789488628.986517349] [robot_2.robot_supervisor]: Selected controllable event: EV_move_forward
[balanced_delivery_supervisor-24] [INFO] [1789488629.085327520] [robot_1.robot_supervisor]: Triggered uncontrollable event: EV_zone_b_visible
[balanced_delivery_supervisor-24] [INFO] [1789488629.086097340] [robot_1.robot_supervisor]: Selected controllable event: EV_approach_zone
[balanced_delivery_supervisor-20] [INFO] [1789488629.238115337] [robot_0.robot_supervisor]: Triggered uncontrollable event: EV_zone_a_not_visible
[balanced_delivery_supervisor-20] [INFO] [1789488629.238759340] [robot_0.robot_supervisor]: Triggered uncontrollable event: EV_zone_b_reached
[balanced_delivery_supervisor-20] [INFO] [1789488629.239496832] [robot_0.robot_supervisor]: Selected controllable event: EV_search_zone
[balanced_delivery_supervisor-22] [INFO] [1789488629.278509439] [robot_2.robot_supervisor]: Selected controllable event: EV_search_object
[balanced_delivery_supervisor-20] [INFO] [1789488629.343554151] [robot_0.robot_supervisor]: Selected controllable event: EV_move_forward
[balanced_delivery_supervisor-24] [INFO] [1789488629.383313139] [robot_1.robot_supervisor]: Triggered uncontrollable event: EV_zone_a_visible
[balanced_delivery_supervisor-24] [INFO] [1789488629.389596172] [robot_1.robot_supervisor]: Triggered uncontrollable event: EV_zone_b_visible
[balanced_delivery_supervisor-24] [INFO] [1789488629.392573294] [robot_1.robot_supervisor]: Selected controllable event: EV_approach_zone
[balanced_delivery_supervisor-22] [INFO] [1789488629.484783320] [robot_2.robot_supervisor]: Triggered uncontrollable event: EV_object_not_visible
[balanced_delivery_supervisor-22] [INFO] [1789488629.485593503] [robot_2.robot_supervisor]: Selected controllable event: EV_search_object
[balanced_delivery_supervisor-22] [INFO] [1789488629.588422942] [robot_2.robot_supervisor]: Selected controllable event: EV_move_forward
[balanced_delivery_supervisor-20] [INFO] [1789488629.632646630] [robot_0.robot_supervisor]: Selected controllable event: EV_move_forward
[balanced_delivery_supervisor-24] [INFO] [1789488629.667898622] [robot_1.robot_supervisor]: Selected controllable event: EV_approach_zone
[balanced_delivery_supervisor-20] [INFO] [1789488629.843677797] [robot_0.robot_supervisor]: Selected controllable event: EV_search_zone
[balanced_delivery_supervisor-24] [INFO] [1789488629.879863024] [robot_1.robot_supervisor]: Selected controllable event: EV_move_forward
[balanced_delivery_supervisor-22] [INFO] [1789488629.894094126] [robot_2.robot_supervisor]: Selected controllable event: EV_move_forward
[balanced_delivery_supervisor-20] [INFO] [1789488630.040952122] [robot_0.robot_supervisor]: Triggered uncontrollable event: EV_zone_a_not_visible
[balanced_delivery_supervisor-20] [INFO] [1789488630.041533720] [robot_0.robot_supervisor]: Triggered uncontrollable event: EV_zone_b_reached
[balanced_delivery_supervisor-20] [INFO] [1789488630.042214498] [robot_0.robot_supervisor]: Selected controllable event: EV_move_forward
[balanced_delivery_supervisor-24] [INFO] [1789488630.091814595] [robot_1.robot_supervisor]: Selected controllable event: EV_move_forward
[balanced_delivery_supervisor-22] [INFO] [1789488630.183633234] [robot_2.robot_supervisor]: ############################# VISIBLE: EV_object_visible #############################
[balanced_delivery_supervisor-22] [INFO] [1789488630.188950068] [robot_2.robot_supervisor]: Selected controllable event: EV_move_forward
[balanced_delivery_supervisor-20] [INFO] [1789488630.335690549] [robot_0.robot_supervisor]: Selected controllable event: EV_search_zone
[balanced_delivery_supervisor-24] [INFO] [1789488630.379674717] [robot_1.robot_supervisor]: Triggered uncontrollable event: EV_zone_a_visible
[balanced_delivery_supervisor-24] [INFO] [1789488630.380224656] [robot_1.robot_supervisor]: Triggered uncontrollable event: EV_zone_b_visible
[balanced_delivery_supervisor-24] [INFO] [1789488630.380931223] [robot_1.robot_supervisor]: Selected controllable event: EV_approach_zone
[balanced_delivery_supervisor-22] [INFO] [1789488630.397305203] [robot_2.robot_supervisor]: Selected controllable event: EV_approach_object
[balanced_delivery_supervisor-20] [INFO] [1789488630.539810669] [robot_0.robot_supervisor]: Triggered uncontrollable event: EV_zone_a_not_visible
[balanced_delivery_supervisor-20] [INFO] [1789488630.540622809] [robot_0.robot_supervisor]: Selected controllable event: EV_search_zone
[balanced_delivery_supervisor-24] [INFO] [1789488630.676990481] [robot_1.robot_supervisor]: Triggered uncontrollable event: EV_zone_a_visible
[balanced_delivery_supervisor-24] [INFO] [1789488630.677607403] [robot_1.robot_supervisor]: Triggered uncontrollable event: EV_zone_b_visible
[balanced_delivery_supervisor-22] [INFO] [1789488630.684411534] [robot_2.robot_supervisor]: ############################# VISIBLE: EV_object_visible #############################
[balanced_delivery_supervisor-24] [INFO] [1789488630.686819368] [robot_1.robot_supervisor]: Selected controllable event: EV_move_forward
[balanced_delivery_supervisor-22] [INFO] [1789488630.702994805] [robot_2.robot_supervisor]: Triggered uncontrollable event: EV_obstacle_front
[balanced_delivery_supervisor-22] [INFO] [1789488630.703701420] [robot_2.robot_supervisor]: Selected controllable event: EV_rotate_clockwise
[balanced_delivery_supervisor-20] [INFO] [1789488630.738738646] [robot_0.robot_supervisor]: Triggered uncontrollable event: EV_zone_b_reached
[balanced_delivery_supervisor-20] [INFO] [1789488630.741041075] [robot_0.robot_supervisor]: Selected controllable event: EV_search_zone
[balanced_delivery_supervisor-22] [INFO] [1789488630.878261713] [robot_2.robot_supervisor]: Triggered uncontrollable event: EV_obstacle_front
[balanced_delivery_supervisor-22] [INFO] [1789488630.890387152] [robot_2.robot_supervisor]: Selected controllable event: EV_move_backward
[balanced_delivery_supervisor-20] [INFO] [1789488630.928966250] [robot_0.robot_supervisor]: Selected controllable event: EV_search_zone
[balanced_delivery_supervisor-24] [INFO] [1789488630.979332900] [robot_1.robot_supervisor]: Selected controllable event: EV_move_forward
[balanced_delivery_supervisor-20] [INFO] [1789488631.140995233] [robot_0.robot_supervisor]: Selected controllable event: EV_search_zone
[balanced_delivery_supervisor-22] [INFO] [1789488631.202880250] [robot_2.robot_supervisor]: Triggered uncontrollable event: EV_obstacle_front
[balanced_delivery_supervisor-22] [INFO] [1789488631.203560314] [robot_2.robot_supervisor]: Selected controllable event: EV_rotate_counterclockwise
[balanced_delivery_supervisor-20] [INFO] [1789488631.242087012] [robot_0.robot_supervisor]: Triggered uncontrollable event: EV_zone_a_not_visible
[balanced_delivery_supervisor-20] [INFO] [1789488631.242710763] [robot_0.robot_supervisor]: Triggered uncontrollable event: EV_zone_b_reached
[balanced_delivery_supervisor-20] [INFO] [1789488631.243431406] [robot_0.robot_supervisor]: Selected controllable event: EV_move_forward
[balanced_delivery_supervisor-24] [INFO] [1789488631.280750104] [robot_1.robot_supervisor]: Selected controllable event: EV_move_forward
[balanced_delivery_supervisor-22] [INFO] [1789488631.391396690] [robot_2.robot_supervisor]: ############################# VISIBLE: EV_object_visible #############################
[balanced_delivery_supervisor-22] [INFO] [1789488631.397460786] [robot_2.robot_supervisor]: Triggered uncontrollable event: EV_obstacle_front
[balanced_delivery_supervisor-22] [INFO] [1789488631.406949201] [robot_2.robot_supervisor]: Selected controllable event: EV_rotate_counterclockwise
[balanced_delivery_supervisor-20] [INFO] [1789488631.532062322] [robot_0.robot_supervisor]: Selected controllable event: EV_move_forward
[balanced_delivery_supervisor-22] [INFO] [1789488631.583707463] [robot_2.robot_supervisor]: Triggered uncontrollable event: EV_obstacle_front
[balanced_delivery_supervisor-24] [INFO] [1789488631.588800696] [robot_1.robot_supervisor]: Triggered uncontrollable event: EV_zone_a_visible
[balanced_delivery_supervisor-24] [INFO] [1789488631.589381647] [robot_1.robot_supervisor]: Triggered uncontrollable event: EV_zone_b_visible
[balanced_delivery_supervisor-24] [INFO] [1789488631.590103170] [robot_1.robot_supervisor]: Selected controllable event: EV_move_forward
[balanced_delivery_supervisor-22] [INFO] [1789488631.593403076] [robot_2.robot_supervisor]: Selected controllable event: EV_move_backward
[balanced_delivery_supervisor-20] [INFO] [1789488631.743963386] [robot_0.robot_supervisor]: Selected controllable event: EV_search_zone
[balanced_delivery_supervisor-20] [INFO] [1789488631.861528329] [robot_0.robot_supervisor]: Triggered uncontrollable event: EV_zone_a_not_visible
[balanced_delivery_supervisor-20] [INFO] [1789488631.862403487] [robot_0.robot_supervisor]: Selected controllable event: EV_search_zone
[balanced_delivery_supervisor-24] [INFO] [1789488631.893958467] [robot_1.robot_supervisor]: Selected controllable event: EV_move_forward
[balanced_delivery_supervisor-22] [INFO] [1789488631.897424144] [robot_2.robot_supervisor]: Triggered uncontrollable event: EV_obstacle_right
[balanced_delivery_supervisor-22] [INFO] [1789488631.901510584] [robot_2.robot_supervisor]: Selected controllable event: EV_rotate_counterclockwise
[balanced_delivery_supervisor-20] [INFO] [1789488632.031344945] [robot_0.robot_supervisor]: Triggered uncontrollable event: EV_zone_b_not_visible
[balanced_delivery_supervisor-20] [INFO] [1789488632.045024776] [robot_0.robot_supervisor]: Selected controllable event: EV_move_forward
[balanced_delivery_supervisor-22] [INFO] [1789488632.084388965] [robot_2.robot_supervisor]: ############################# VISIBLE: EV_object_visible #############################
[balanced_delivery_supervisor-22] [INFO] [1789488632.089285898] [robot_2.robot_supervisor]: Triggered uncontrollable event: EV_obstacle_right
[balanced_delivery_supervisor-22] [INFO] [1789488632.095661950] [robot_2.robot_supervisor]: Selected controllable event: EV_rotate_counterclockwise
[balanced_delivery_supervisor-24] [INFO] [1789488632.190512579] [robot_1.robot_supervisor]: Triggered uncontrollable event: EV_zone_a_visible
[balanced_delivery_supervisor-24] [INFO] [1789488632.191100053] [robot_1.robot_supervisor]: Triggered uncontrollable event: EV_zone_b_visible
[balanced_delivery_supervisor-24] [INFO] [1789488632.191841128] [robot_1.robot_supervisor]: Selected controllable event: EV_move_forward
[balanced_delivery_supervisor-22] [INFO] [1789488632.302379555] [robot_2.robot_supervisor]: Triggered uncontrollable event: EV_obstacle_right
[balanced_delivery_supervisor-22] [INFO] [1789488632.304399005] [robot_2.robot_supervisor]: Selected controllable event: EV_u_turn
[balanced_delivery_supervisor-22] [INFO] [1789488632.310489308] [robot_2.robot_supervisor]: Starting FULL ROTATE (omega=1.000, have_odom=True, target_rad=3.142, timeout_s=3.500)
[balanced_delivery_supervisor-20] [INFO] [1789488632.331363722] [robot_0.robot_supervisor]: Selected controllable event: EV_search_zone
[balanced_delivery_supervisor-24] [INFO] [1789488632.474694664] [robot_1.robot_supervisor]: Selected controllable event: EV_approach_zone
[balanced_delivery_supervisor-20] [INFO] [1789488632.543422629] [robot_0.robot_supervisor]: Selected controllable event: EV_move_forward
[balanced_delivery_supervisor-24] [INFO] [1789488632.770357424] [robot_1.robot_supervisor]: Triggered uncontrollable event: EV_zone_a_visible
[balanced_delivery_supervisor-24] [INFO] [1789488632.776519702] [robot_1.robot_supervisor]: Triggered uncontrollable event: EV_zone_b_visible
[balanced_delivery_supervisor-24] [INFO] [1789488632.785961926] [robot_1.robot_supervisor]: Selected controllable event: EV_move_forward
[balanced_delivery_supervisor-20] [INFO] [1789488632.841780976] [robot_0.robot_supervisor]: Triggered uncontrollable event: EV_zone_a_not_visible
[balanced_delivery_supervisor-20] [INFO] [1789488632.842372420] [robot_0.robot_supervisor]: Triggered uncontrollable event: EV_zone_b_not_visible
[balanced_delivery_supervisor-20] [INFO] [1789488632.843133738] [robot_0.robot_supervisor]: Selected controllable event: EV_search_zone
[color_detector-29] [INFO] [1789488633.027975409] [robot_2.target_detector]: RGB HEARTBEAT frames_total=180 recent_rate_hz=1.526 last_frame_age_s=0.386 status=OK
[color_detector-31] [INFO] [1789488633.028237625] [robot_1.target_detector]: RGB HEARTBEAT frames_total=180 recent_rate_hz=1.528 last_frame_age_s=0.349 status=OK
[color_detector-27] [INFO] [1789488633.030353098] [robot_0.target_detector]: RGB HEARTBEAT frames_total=180 recent_rate_hz=1.531 last_frame_age_s=0.521 status=OK
[balanced_delivery_supervisor-20] [INFO] [1789488633.035021352] [robot_0.robot_supervisor]: Selected controllable event: EV_move_forward
[balanced_delivery_supervisor-24] [INFO] [1789488633.067557548] [robot_1.robot_supervisor]: Selected controllable event: EV_move_forward
[balanced_delivery_supervisor-20] [INFO] [1789488633.236106805] [robot_0.robot_supervisor]: Triggered uncontrollable event: EV_zone_b_not_visible
[balanced_delivery_supervisor-20] [INFO] [1789488633.245650571] [robot_0.robot_supervisor]: Triggered uncontrollable event: EV_zone_a_reached
[balanced_delivery_supervisor-20] [INFO] [1789488633.250186542] [robot_0.robot_supervisor]: Selected controllable event: EV_move_forward
[balanced_delivery_supervisor-24] [INFO] [1789488633.293184952] [robot_1.robot_supervisor]: Triggered uncontrollable event: EV_zone_b_visible
[balanced_delivery_supervisor-24] [INFO] [1789488633.293870771] [robot_1.robot_supervisor]: Triggered uncontrollable event: EV_zone_a_not_visible
[balanced_delivery_supervisor-24] [INFO] [1789488633.294639790] [robot_1.robot_supervisor]: Selected controllable event: EV_approach_zone
[balanced_delivery_supervisor-20] [INFO] [1789488633.530032746] [robot_0.robot_supervisor]: Selected controllable event: EV_move_forward
[balanced_delivery_supervisor-24] [INFO] [1789488633.588461263] [robot_1.robot_supervisor]: Selected controllable event: EV_approach_zone
[balanced_delivery_supervisor-20] [INFO] [1789488633.747325314] [robot_0.robot_supervisor]: Selected controllable event: EV_move_forward
[balanced_delivery_supervisor-24] [INFO] [1789488633.881719343] [robot_1.robot_supervisor]: Selected controllable event: EV_approach_zone
[balanced_delivery_supervisor-20] [INFO] [1789488634.041457209] [robot_0.robot_supervisor]: Triggered uncontrollable event: EV_zone_b_not_visible
[balanced_delivery_supervisor-20] [INFO] [1789488634.050167742] [robot_0.robot_supervisor]: Triggered uncontrollable event: EV_zone_a_reached
[balanced_delivery_supervisor-20] [INFO] [1789488634.051106560] [robot_0.robot_supervisor]: Selected controllable event: EV_move_forward
[balanced_delivery_supervisor-24] [INFO] [1789488634.087029500] [robot_1.robot_supervisor]: Triggered uncontrollable event: EV_zone_b_visible
[balanced_delivery_supervisor-24] [INFO] [1789488634.087772007] [robot_1.robot_supervisor]: Triggered uncontrollable event: EV_zone_a_not_visible
[balanced_delivery_supervisor-24] [INFO] [1789488634.088581737] [robot_1.robot_supervisor]: Selected controllable event: EV_approach_zone
[balanced_delivery_supervisor-20] [INFO] [1789488634.365272427] [robot_0.robot_supervisor]: Selected controllable event: EV_search_zone
[balanced_delivery_supervisor-24] [INFO] [1789488634.377910646] [robot_1.robot_supervisor]: Selected controllable event: EV_move_forward
[balanced_delivery_supervisor-20] [INFO] [1789488634.534001255] [robot_0.robot_supervisor]: Triggered uncontrollable event: EV_zone_a_reached
[balanced_delivery_supervisor-20] [INFO] [1789488634.534807982] [robot_0.robot_supervisor]: Selected controllable event: EV_move_forward
[balanced_delivery_supervisor-24] [INFO] [1789488634.593246456] [robot_1.robot_supervisor]: Selected controllable event: EV_approach_zone
[balanced_delivery_supervisor-20] [INFO] [1789488634.828338336] [robot_0.robot_supervisor]: Triggered uncontrollable event: EV_zone_b_not_visible
[balanced_delivery_supervisor-20] [INFO] [1789488634.838019855] [robot_0.robot_supervisor]: Selected controllable event: EV_move_forward
[balanced_delivery_supervisor-24] [INFO] [1789488634.885222059] [robot_1.robot_supervisor]: Triggered uncontrollable event: EV_zone_b_visible
[balanced_delivery_supervisor-24] [INFO] [1789488634.885825772] [robot_1.robot_supervisor]: Triggered uncontrollable event: EV_zone_a_not_visible
[balanced_delivery_supervisor-24] [INFO] [1789488634.904217827] [robot_1.robot_supervisor]: Selected controllable event: EV_move_forward
[balanced_delivery_supervisor-20] [INFO] [1789488635.046069321] [robot_0.robot_supervisor]: Selected controllable event: EV_search_zone
[balanced_delivery_supervisor-24] [INFO] [1789488635.201750543] [robot_1.robot_supervisor]: Selected controllable event: EV_approach_zone
[balanced_delivery_supervisor-20] [INFO] [1789488635.256213690] [robot_0.robot_supervisor]: Selected controllable event: EV_move_forward
[balanced_delivery_supervisor-24] [INFO] [1789488635.494968650] [robot_1.robot_supervisor]: Selected controllable event: EV_approach_zone
[balanced_delivery_supervisor-20] [INFO] [1789488635.534451832] [robot_0.robot_supervisor]: Triggered uncontrollable event: EV_zone_b_not_visible
[balanced_delivery_supervisor-20] [INFO] [1789488635.552962039] [robot_0.robot_supervisor]: Triggered uncontrollable event: EV_zone_a_reached
[balanced_delivery_supervisor-20] [INFO] [1789488635.553747308] [robot_0.robot_supervisor]: Selected controllable event: EV_move_forward
[balanced_delivery_supervisor-24] [INFO] [1789488635.774550079] [robot_1.robot_supervisor]: Triggered uncontrollable event: EV_zone_b_visible
[balanced_delivery_supervisor-24] [INFO] [1789488635.778232476] [robot_1.robot_supervisor]: Triggered uncontrollable event: EV_zone_a_not_visible
[balanced_delivery_supervisor-24] [INFO] [1789488635.786463276] [robot_1.robot_supervisor]: Selected controllable event: EV_approach_zone
[balanced_delivery_supervisor-20] [INFO] [1789488635.834472537] [robot_0.robot_supervisor]: Selected controllable event: EV_search_zone
[balanced_delivery_supervisor-22] [INFO] [1789488635.885741571] [robot_2.robot_supervisor]: FULL ROTATE completed by timeout
[balanced_delivery_supervisor-20] [INFO] [1789488635.943470846] [robot_0.robot_supervisor]: Selected controllable event: EV_move_forward
[balanced_delivery_supervisor-24] [INFO] [1789488636.093381860] [robot_1.robot_supervisor]: Triggered uncontrollable event: EV_zone_a_not_visible
[balanced_delivery_supervisor-24] [INFO] [1789488636.094076249] [robot_1.robot_supervisor]: Selected controllable event: EV_approach_zone
[balanced_delivery_supervisor-22] [INFO] [1789488636.179310129] [robot_2.robot_supervisor]: ############################# VISIBLE: EV_object_visible #############################
[balanced_delivery_supervisor-22] [INFO] [1789488636.180018655] [robot_2.robot_supervisor]: Selected controllable event: EV_move_forward
[balanced_delivery_supervisor-20] [INFO] [1789488636.226506713] [robot_0.robot_supervisor]: Triggered uncontrollable event: EV_zone_b_not_visible
[balanced_delivery_supervisor-20] [INFO] [1789488636.232403124] [robot_0.robot_supervisor]: Triggered uncontrollable event: EV_zone_a_reached
[balanced_delivery_supervisor-20] [INFO] [1789488636.236483116] [robot_0.robot_supervisor]: Selected controllable event: EV_search_zone
[balanced_delivery_supervisor-20] [INFO] [1789488636.337875896] [robot_0.robot_supervisor]: Selected controllable event: EV_search_zone
[balanced_delivery_supervisor-24] [INFO] [1789488636.384618001] [robot_1.robot_supervisor]: Triggered uncontrollable event: EV_zone_b_visible
[balanced_delivery_supervisor-24] [INFO] [1789488636.390647277] [robot_1.robot_supervisor]: Selected controllable event: EV_approach_zone
[balanced_delivery_supervisor-22] [INFO] [1789488636.477584774] [robot_2.robot_supervisor]: Selected controllable event: EV_move_forward
[balanced_delivery_supervisor-20] [INFO] [1789488636.526179891] [robot_0.robot_supervisor]: Selected controllable event: EV_search_zone
[balanced_delivery_supervisor-22] [INFO] [1789488636.684157170] [robot_2.robot_supervisor]: ############################# VISIBLE: EV_object_visible #############################
[balanced_delivery_supervisor-22] [INFO] [1789488636.698253311] [robot_2.robot_supervisor]: Selected controllable event: EV_move_forward
[balanced_delivery_supervisor-24] [INFO] [1789488636.698334472] [robot_1.robot_supervisor]: Selected controllable event: EV_move_forward
[balanced_delivery_supervisor-20] [INFO] [1789488636.751728139] [robot_0.robot_supervisor]: Triggered uncontrollable event: EV_zone_b_not_visible
[balanced_delivery_supervisor-20] [INFO] [1789488636.759268789] [robot_0.robot_supervisor]: Triggered uncontrollable event: EV_zone_a_reached
[balanced_delivery_supervisor-20] [INFO] [1789488636.765882483] [robot_0.robot_supervisor]: Selected controllable event: EV_move_forward
[balanced_delivery_supervisor-24] [INFO] [1789488636.978897596] [robot_1.robot_supervisor]: Triggered uncontrollable event: EV_zone_b_visible
[balanced_delivery_supervisor-24] [INFO] [1789488636.979376579] [robot_1.robot_supervisor]: Triggered uncontrollable event: EV_zone_a_not_visible
[balanced_delivery_supervisor-24] [INFO] [1789488636.987125191] [robot_1.robot_supervisor]: Selected controllable event: EV_move_forward
[balanced_delivery_supervisor-22] [INFO] [1789488636.993095513] [robot_2.robot_supervisor]: Selected controllable event: EV_approach_object
[balanced_delivery_supervisor-20] [INFO] [1789488637.040846557] [robot_0.robot_supervisor]: Selected controllable event: EV_move_forward
[balanced_delivery_supervisor-24] [INFO] [1789488637.269631006] [robot_1.robot_supervisor]: Selected controllable event: EV_move_forward
[balanced_delivery_supervisor-22] [INFO] [1789488637.285605774] [robot_2.robot_supervisor]: ############################# VISIBLE: EV_object_visible #############################
[balanced_delivery_supervisor-22] [INFO] [1789488637.291816313] [robot_2.robot_supervisor]: Selected controllable event: EV_approach_object
[balanced_delivery_supervisor-20] [INFO] [1789488637.329741724] [robot_0.robot_supervisor]: Triggered uncontrollable event: EV_zone_b_not_visible
[balanced_delivery_supervisor-20] [INFO] [1789488637.330315617] [robot_0.robot_supervisor]: Triggered uncontrollable event: EV_zone_a_reached
[balanced_delivery_supervisor-20] [INFO] [1789488637.346173841] [robot_0.robot_supervisor]: Selected controllable event: EV_search_zone
[balanced_delivery_supervisor-24] [INFO] [1789488637.477404426] [robot_1.robot_supervisor]: Triggered uncontrollable event: EV_zone_a_not_visible
[balanced_delivery_supervisor-24] [INFO] [1789488637.477996790] [robot_1.robot_supervisor]: Triggered uncontrollable event: EV_zone_b_reached
[balanced_delivery_supervisor-24] [INFO] [1789488637.478634813] [robot_1.robot_supervisor]: Selected controllable event: EV_move_forward
[balanced_delivery_supervisor-20] [INFO] [1789488637.533847946] [robot_0.robot_supervisor]: Selected controllable event: EV_search_zone
[balanced_delivery_supervisor-22] [INFO] [1789488637.582144197] [robot_2.robot_supervisor]: Selected controllable event: EV_approach_object
[balanced_delivery_supervisor-24] [INFO] [1789488637.690162370] [robot_1.robot_supervisor]: Selected controllable event: EV_move_forward
[balanced_delivery_supervisor-20] [INFO] [1789488637.730731914] [robot_0.robot_supervisor]: Selected controllable event: EV_search_zone
[balanced_delivery_supervisor-22] [INFO] [1789488637.793214307] [robot_2.robot_supervisor]: Selected controllable event: EV_approach_object
[balanced_delivery_supervisor-20] [INFO] [1789488637.930174785] [robot_0.robot_supervisor]: Triggered uncontrollable event: EV_zone_b_not_visible
[balanced_delivery_supervisor-20] [INFO] [1789488637.930691718] [robot_0.robot_supervisor]: Triggered uncontrollable event: EV_zone_a_reached
[balanced_delivery_supervisor-20] [INFO] [1789488637.931334578] [robot_0.robot_supervisor]: Selected controllable event: EV_search_zone
[balanced_delivery_supervisor-24] [INFO] [1789488637.978341007] [robot_1.robot_supervisor]: Triggered uncontrollable event: EV_zone_a_not_visible
[balanced_delivery_supervisor-24] [INFO] [1789488637.978843792] [robot_1.robot_supervisor]: Triggered uncontrollable event: EV_zone_b_reached
[balanced_delivery_supervisor-24] [INFO] [1789488637.979351818] [robot_1.robot_supervisor]: Triggered uncontrollable event: EV_obstacle_front
[balanced_delivery_supervisor-24] [INFO] [1789488637.990201677] [robot_1.robot_supervisor]: Selected controllable event: EV_move_backward
[balanced_delivery_supervisor-22] [INFO] [1789488638.078712085] [robot_2.robot_supervisor]: ############################# VISIBLE: EV_object_visible #############################
[balanced_delivery_supervisor-22] [INFO] [1789488638.084921568] [robot_2.robot_supervisor]: Selected controllable event: EV_move_forward
[balanced_delivery_supervisor-20] [INFO] [1789488638.138270566] [robot_0.robot_supervisor]: Selected controllable event: EV_search_zone
[balanced_delivery_supervisor-24] [INFO] [1789488638.280051741] [robot_1.robot_supervisor]: DELIVERED zone_b; balance=equal
[balanced_delivery_supervisor-24] [INFO] [1789488638.280555527] [robot_1.robot_supervisor]: Triggered uncontrollable event: EV_obstacle_front
[balanced_delivery_supervisor-24] [INFO] [1789488638.281230011] [robot_1.robot_supervisor]: Selected controllable event: EV_drop_zone_b
[balanced_delivery_supervisor-20] [INFO] [1789488638.282045164] [robot_0.robot_supervisor]: RECEIVED zone_b; balance=equal
[balanced_delivery_supervisor-22] [INFO] [1789488638.292320213] [robot_2.robot_supervisor]: Selected controllable event: EV_approach_object
[balanced_delivery_supervisor-22] [INFO] [1789488638.315521498] [robot_2.robot_supervisor]: RECEIVED zone_b; balance=equal
[balanced_delivery_supervisor-24] [INFO] [1789488638.326991312] [robot_1.robot_supervisor]: Delivered cargo 'robot_1_carried_generic_box' removed.
[balanced_delivery_supervisor-20] [INFO] [1789488638.339599971] [robot_0.robot_supervisor]: Triggered uncontrollable event: EV_received_delivered_zone_b
[balanced_delivery_supervisor-20] [INFO] [1789488638.340291866] [robot_0.robot_supervisor]: Selected controllable event: EV_move_forward
[balanced_delivery_supervisor-24] [INFO] [1789488638.369011296] [robot_1.robot_supervisor]: Triggered uncontrollable event: EV_obstacle_front
[balanced_delivery_supervisor-24] [INFO] [1789488638.369676041] [robot_1.robot_supervisor]: Selected controllable event: EV_publish_delivered_zone_b
[balanced_delivery_supervisor-24] [INFO] [1789488638.479282088] [robot_1.robot_supervisor]: ############################# REACHED: EV_object_reached #############################
[balanced_delivery_supervisor-24] [INFO] [1789488638.492981596] [robot_1.robot_supervisor]: Triggered uncontrollable event: EV_obstacle_front
[balanced_delivery_supervisor-24] [INFO] [1789488638.496182469] [robot_1.robot_supervisor]: Selected controllable event: EV_pick_up_object
[balanced_delivery_supervisor-24] [INFO] [1789488638.507001754] [robot_1.robot_supervisor]: Cargo 'robot_1_carried_generic_box' placed on robot.
[balanced_delivery_supervisor-22] [INFO] [1789488638.583683896] [robot_2.robot_supervisor]: ############################# VISIBLE: EV_object_visible #############################
[balanced_delivery_supervisor-22] [INFO] [1789488638.586530059] [robot_2.robot_supervisor]: Triggered uncontrollable event: EV_received_delivered_zone_b
[balanced_delivery_supervisor-22] [INFO] [1789488638.601473598] [robot_2.robot_supervisor]: Selected controllable event: EV_move_forward
[balanced_delivery_supervisor-20] [INFO] [1789488638.636776898] [robot_0.robot_supervisor]: Triggered uncontrollable event: EV_obstacle_left
[balanced_delivery_supervisor-20] [INFO] [1789488638.637313944] [robot_0.robot_supervisor]: Triggered uncontrollable event: EV_zone_b_not_visible
[balanced_delivery_supervisor-20] [INFO] [1789488638.650410980] [robot_0.robot_supervisor]: Triggered uncontrollable event: EV_zone_a_reached
[balanced_delivery_supervisor-20] [INFO] [1789488638.651253062] [robot_0.robot_supervisor]: Selected controllable event: EV_u_turn
[balanced_delivery_supervisor-20] [INFO] [1789488638.651898268] [robot_0.robot_supervisor]: Starting FULL ROTATE (omega=1.000, have_odom=True, target_rad=3.142, timeout_s=3.500)
[balanced_delivery_supervisor-24] [INFO] [1789488638.772287652] [robot_1.robot_supervisor]: Triggered uncontrollable event: EV_obstacle_front
[balanced_delivery_supervisor-24] [INFO] [1789488638.778321277] [robot_1.robot_supervisor]: Selected controllable event: EV_rotate_clockwise
[balanced_delivery_supervisor-24] [INFO] [1789488638.882151104] [robot_1.robot_supervisor]: Triggered uncontrollable event: EV_obstacle_front
[balanced_delivery_supervisor-24] [INFO] [1789488638.891395748] [robot_1.robot_supervisor]: Selected controllable event: EV_rotate_clockwise
[balanced_delivery_supervisor-22] [INFO] [1789488638.893352879] [robot_2.robot_supervisor]: Selected controllable event: EV_move_forward
[balanced_delivery_supervisor-24] [INFO] [1789488639.067460973] [robot_1.robot_supervisor]: Triggered uncontrollable event: EV_obstacle_front
[balanced_delivery_supervisor-24] [INFO] [1789488639.068219010] [robot_1.robot_supervisor]: Selected controllable event: EV_u_turn
[balanced_delivery_supervisor-24] [INFO] [1789488639.068815076] [robot_1.robot_supervisor]: Starting FULL ROTATE (omega=1.000, have_odom=True, target_rad=3.142, timeout_s=3.500)
[balanced_delivery_supervisor-22] [INFO] [1789488639.185078445] [robot_2.robot_supervisor]: Selected controllable event: EV_approach_object
[color_detector-27] [INFO] [1789488639.456472827] [robot_0.target_detector]: RGB HEARTBEAT frames_total=190 recent_rate_hz=1.554 last_frame_age_s=0.432 status=OK
[color_detector-29] [INFO] [1789488639.458574893] [robot_2.target_detector]: RGB HEARTBEAT frames_total=190 recent_rate_hz=1.553 last_frame_age_s=0.326 status=OK
[color_detector-31] [INFO] [1789488639.460225745] [robot_1.target_detector]: RGB HEARTBEAT frames_total=190 recent_rate_hz=1.555 last_frame_age_s=0.317 status=OK
[balanced_delivery_supervisor-22] [INFO] [1789488639.505132140] [robot_2.robot_supervisor]: ############################# VISIBLE: EV_object_visible #############################
[balanced_delivery_supervisor-22] [INFO] [1789488639.505858746] [robot_2.robot_supervisor]: Selected controllable event: EV_move_forward
[balanced_delivery_supervisor-22] [INFO] [1789488639.777191912] [robot_2.robot_supervisor]: ############################# VISIBLE: EV_object_visible #############################
[balanced_delivery_supervisor-22] [INFO] [1789488639.790043283] [robot_2.robot_supervisor]: Selected controllable event: EV_move_forward
[balanced_delivery_supervisor-22] [INFO] [1789488640.084839199] [robot_2.robot_supervisor]: ############################# VISIBLE: EV_object_visible #############################
[balanced_delivery_supervisor-22] [INFO] [1789488640.096728606] [robot_2.robot_supervisor]: Selected controllable event: EV_move_forward
[balanced_delivery_supervisor-22] [INFO] [1789488640.379426402] [robot_2.robot_supervisor]: Selected controllable event: EV_move_forward
[balanced_delivery_supervisor-22] [INFO] [1789488640.587347638] [robot_2.robot_supervisor]: Selected controllable event: EV_move_forward
[balanced_delivery_supervisor-22] [INFO] [1789488640.882892330] [robot_2.robot_supervisor]: ############################# REACHED: EV_object_reached #############################
[balanced_delivery_supervisor-22] [INFO] [1789488640.883600461] [robot_2.robot_supervisor]: Selected controllable event: EV_move_forward
[balanced_delivery_supervisor-22] [INFO] [1789488641.088572168] [robot_2.robot_supervisor]: Selected controllable event: EV_move_forward
[balanced_delivery_supervisor-22] [INFO] [1789488641.379376016] [robot_2.robot_supervisor]: ############################# REACHED: EV_object_reached #############################
[balanced_delivery_supervisor-22] [INFO] [1789488641.387026148] [robot_2.robot_supervisor]: Selected controllable event: EV_pick_up_object
[balanced_delivery_supervisor-22] [INFO] [1789488641.403214473] [robot_2.robot_supervisor]: Cargo 'robot_2_carried_generic_box' placed on robot.
[balanced_delivery_supervisor-22] [INFO] [1789488641.685561505] [robot_2.robot_supervisor]: Selected controllable event: EV_move_forward
[balanced_delivery_supervisor-22] [INFO] [1789488641.995587718] [robot_2.robot_supervisor]: Triggered uncontrollable event: EV_zone_a_not_visible
[balanced_delivery_supervisor-22] [INFO] [1789488641.996227057] [robot_2.robot_supervisor]: Triggered uncontrollable event: EV_zone_b_not_visible
[balanced_delivery_supervisor-22] [INFO] [1789488641.996839137] [robot_2.robot_supervisor]: Selected controllable event: EV_move_forward
[balanced_delivery_supervisor-20] [INFO] [1789488642.227596896] [robot_0.robot_supervisor]: FULL ROTATE completed by timeout
[balanced_delivery_supervisor-22] [INFO] [1789488642.304814177] [robot_2.robot_supervisor]: Selected controllable event: EV_search_zone
[balanced_delivery_supervisor-20] [INFO] [1789488642.435260582] [robot_0.robot_supervisor]: Triggered uncontrollable event: EV_zone_b_visible
[balanced_delivery_supervisor-20] [INFO] [1789488642.435676933] [robot_0.robot_supervisor]: Triggered uncontrollable event: EV_zone_a_reached
[balanced_delivery_supervisor-20] [INFO] [1789488642.436186260] [robot_0.robot_supervisor]: Selected controllable event: EV_move_forward
[balanced_delivery_supervisor-22] [INFO] [1789488642.493157694] [robot_2.robot_supervisor]: Triggered uncontrollable event: EV_zone_a_not_visible
[balanced_delivery_supervisor-22] [INFO] [1789488642.497158542] [robot_2.robot_supervisor]: Triggered uncontrollable event: EV_obstacle_left
[balanced_delivery_supervisor-22] [INFO] [1789488642.498593196] [robot_2.robot_supervisor]: Triggered uncontrollable event: EV_zone_b_not_visible
[balanced_delivery_supervisor-22] [INFO] [1789488642.502481982] [robot_2.robot_supervisor]: Selected controllable event: EV_rotate_clockwise
[balanced_delivery_supervisor-24] [INFO] [1789488642.577760371] [robot_1.robot_supervisor]: FULL ROTATE completed by timeout
[balanced_delivery_supervisor-20] [INFO] [1789488642.641948039] [robot_0.robot_supervisor]: Selected controllable event: EV_move_forward
[balanced_delivery_supervisor-22] [INFO] [1789488642.700524979] [robot_2.robot_supervisor]: Triggered uncontrollable event: EV_obstacle_left
[balanced_delivery_supervisor-22] [INFO] [1789488642.701308829] [robot_2.robot_supervisor]: Selected controllable event: EV_u_turn
[balanced_delivery_supervisor-22] [INFO] [1789488642.701970968] [robot_2.robot_supervisor]: Starting FULL ROTATE (omega=1.000, have_odom=True, target_rad=3.142, timeout_s=3.500)
[balanced_delivery_supervisor-24] [INFO] [1789488642.789810310] [robot_1.robot_supervisor]: Triggered uncontrollable event: EV_zone_a_not_visible
[balanced_delivery_supervisor-24] [INFO] [1789488642.795777796] [robot_1.robot_supervisor]: Triggered uncontrollable event: EV_zone_b_reached
[balanced_delivery_supervisor-24] [INFO] [1789488642.804728924] [robot_1.robot_supervisor]: Selected controllable event: EV_move_forward
[balanced_delivery_supervisor-20] [INFO] [1789488642.938681229] [robot_0.robot_supervisor]: Selected controllable event: EV_approach_zone
[balanced_delivery_supervisor-24] [INFO] [1789488643.092698375] [robot_1.robot_supervisor]: Selected controllable event: EV_search_zone
[balanced_delivery_supervisor-20] [INFO] [1789488643.149908117] [robot_0.robot_supervisor]: Triggered uncontrollable event: EV_zone_b_visible
[balanced_delivery_supervisor-20] [INFO] [1789488643.150485473] [robot_0.robot_supervisor]: Triggered uncontrollable event: EV_zone_a_reached
[balanced_delivery_supervisor-20] [INFO] [1789488643.161547220] [robot_0.robot_supervisor]: Selected controllable event: EV_approach_zone
[balanced_delivery_supervisor-24] [INFO] [1789488643.299886280] [robot_1.robot_supervisor]: Triggered uncontrollable event: EV_zone_a_not_visible
[balanced_delivery_supervisor-24] [INFO] [1789488643.300724345] [robot_1.robot_supervisor]: Triggered uncontrollable event: EV_zone_b_reached
[balanced_delivery_supervisor-24] [INFO] [1789488643.307376536] [robot_1.robot_supervisor]: Selected controllable event: EV_move_forward
[balanced_delivery_supervisor-20] [INFO] [1789488643.430687236] [robot_0.robot_supervisor]: Selected controllable event: EV_approach_zone
[balanced_delivery_supervisor-24] [INFO] [1789488643.574102685] [robot_1.robot_supervisor]: Selected controllable event: EV_move_forward
[balanced_delivery_supervisor-20] [INFO] [1789488643.745238499] [robot_0.robot_supervisor]: Selected controllable event: EV_move_forward
[balanced_delivery_supervisor-24] [INFO] [1789488643.789695297] [robot_1.robot_supervisor]: Selected controllable event: EV_move_forward
[balanced_delivery_supervisor-20] [INFO] [1789488644.044914568] [robot_0.robot_supervisor]: Triggered uncontrollable event: EV_zone_b_visible
[balanced_delivery_supervisor-20] [INFO] [1789488644.045532185] [robot_0.robot_supervisor]: Triggered uncontrollable event: EV_zone_a_reached
[balanced_delivery_supervisor-20] [INFO] [1789488644.046278465] [robot_0.robot_supervisor]: Selected controllable event: EV_approach_zone
[balanced_delivery_supervisor-24] [INFO] [1789488644.071454455] [robot_1.robot_supervisor]: Triggered uncontrollable event: EV_zone_a_not_visible
[balanced_delivery_supervisor-24] [INFO] [1789488644.072171209] [robot_1.robot_supervisor]: Triggered uncontrollable event: EV_zone_b_reached
[balanced_delivery_supervisor-24] [INFO] [1789488644.084830438] [robot_1.robot_supervisor]: Selected controllable event: EV_search_zone
[balanced_delivery_supervisor-24] [INFO] [1789488644.280954975] [robot_1.robot_supervisor]: Selected controllable event: EV_search_zone
[balanced_delivery_supervisor-20] [INFO] [1789488644.328678581] [robot_0.robot_supervisor]: Selected controllable event: EV_approach_zone
[balanced_delivery_supervisor-24] [INFO] [1789488644.488977917] [robot_1.robot_supervisor]: Selected controllable event: EV_search_zone
[balanced_delivery_supervisor-20] [INFO] [1789488644.538086301] [robot_0.robot_supervisor]: Triggered uncontrollable event: EV_zone_b_visible
[balanced_delivery_supervisor-20] [INFO] [1789488644.538701769] [robot_0.robot_supervisor]: Triggered uncontrollable event: EV_zone_a_reached
[balanced_delivery_supervisor-20] [INFO] [1789488644.539487398] [robot_0.robot_supervisor]: Selected controllable event: EV_approach_zone
[balanced_delivery_supervisor-24] [INFO] [1789488644.693179460] [robot_1.robot_supervisor]: Triggered uncontrollable event: EV_zone_a_not_visible
[balanced_delivery_supervisor-24] [INFO] [1789488644.693842827] [robot_1.robot_supervisor]: Triggered uncontrollable event: EV_zone_b_reached
[balanced_delivery_supervisor-24] [INFO] [1789488644.697904569] [robot_1.robot_supervisor]: Selected controllable event: EV_move_forward
[balanced_delivery_supervisor-20] [INFO] [1789488644.841261699] [robot_0.robot_supervisor]: Selected controllable event: EV_approach_zone
[balanced_delivery_supervisor-24] [INFO] [1789488644.987392135] [robot_1.robot_supervisor]: Selected controllable event: EV_move_forward
[balanced_delivery_supervisor-20] [INFO] [1789488645.131134983] [robot_0.robot_supervisor]: Triggered uncontrollable event: EV_zone_b_visible
[balanced_delivery_supervisor-20] [INFO] [1789488645.131579337] [robot_0.robot_supervisor]: Triggered uncontrollable event: EV_zone_a_reached
[balanced_delivery_supervisor-20] [INFO] [1789488645.151041244] [robot_0.robot_supervisor]: Selected controllable event: EV_approach_zone
[balanced_delivery_supervisor-24] [INFO] [1789488645.276596040] [robot_1.robot_supervisor]: Triggered uncontrollable event: EV_zone_a_not_visible
[balanced_delivery_supervisor-24] [INFO] [1789488645.284543973] [robot_1.robot_supervisor]: Triggered uncontrollable event: EV_zone_b_reached
[balanced_delivery_supervisor-24] [INFO] [1789488645.297298712] [robot_1.robot_supervisor]: Selected controllable event: EV_search_zone
[balanced_delivery_supervisor-20] [INFO] [1789488645.428821464] [robot_0.robot_supervisor]: Selected controllable event: EV_approach_zone
[balanced_delivery_supervisor-24] [INFO] [1789488645.478785361] [robot_1.robot_supervisor]: Selected controllable event: EV_search_zone
[balanced_delivery_supervisor-20] [INFO] [1789488645.654579948] [robot_0.robot_supervisor]: Selected controllable event: EV_move_forward
[balanced_delivery_supervisor-24] [INFO] [1789488645.675224423] [robot_1.robot_supervisor]: Selected controllable event: EV_search_zone
[color_detector-29] [INFO] [1789488645.682480005] [robot_2.target_detector]: RGB HEARTBEAT frames_total=200 recent_rate_hz=1.607 last_frame_age_s=0.579 status=OK
[color_detector-27] [INFO] [1789488645.725055530] [robot_0.target_detector]: RGB HEARTBEAT frames_total=200 recent_rate_hz=1.595 last_frame_age_s=0.655 status=OK
[color_detector-31] [INFO] [1789488645.727888819] [robot_1.target_detector]: RGB HEARTBEAT frames_total=200 recent_rate_hz=1.596 last_frame_age_s=0.582 status=OK
[balanced_delivery_supervisor-24] [INFO] [1789488645.787876679] [robot_1.robot_supervisor]: Selected controllable event: EV_move_forward
[balanced_delivery_supervisor-20] [INFO] [1789488645.934353385] [robot_0.robot_supervisor]: Triggered uncontrollable event: EV_zone_b_visible
[balanced_delivery_supervisor-20] [INFO] [1789488645.935913200] [robot_0.robot_supervisor]: Triggered uncontrollable event: EV_zone_a_not_visible
[balanced_delivery_supervisor-20] [INFO] [1789488645.943839031] [robot_0.robot_supervisor]: Selected controllable event: EV_move_forward
[balanced_delivery_supervisor-24] [INFO] [1789488646.082597923] [robot_1.robot_supervisor]: Triggered uncontrollable event: EV_zone_a_not_visible
[balanced_delivery_supervisor-24] [INFO] [1789488646.087086914] [robot_1.robot_supervisor]: Triggered uncontrollable event: EV_zone_b_reached
[balanced_delivery_supervisor-24] [INFO] [1789488646.092720401] [robot_1.robot_supervisor]: Selected controllable event: EV_move_forward
[balanced_delivery_supervisor-20] [INFO] [1789488646.225772212] [robot_0.robot_supervisor]: Selected controllable event: EV_approach_zone
[balanced_delivery_supervisor-22] [INFO] [1789488646.302494097] [robot_2.robot_supervisor]: FULL ROTATE completed by timeout
[balanced_delivery_supervisor-24] [INFO] [1789488646.382527698] [robot_1.robot_supervisor]: Selected controllable event: EV_search_zone
[balanced_delivery_supervisor-20] [INFO] [1789488646.442825438] [robot_0.robot_supervisor]: Selected controllable event: EV_move_forward
[balanced_delivery_supervisor-22] [INFO] [1789488646.508190877] [robot_2.robot_supervisor]: Triggered uncontrollable event: EV_zone_a_not_visible
[balanced_delivery_supervisor-22] [INFO] [1789488646.508760914] [robot_2.robot_supervisor]: Triggered uncontrollable event: EV_obstacle_right
[balanced_delivery_supervisor-22] [INFO] [1789488646.519309834] [robot_2.robot_supervisor]: Triggered uncontrollable event: EV_zone_b_not_visible
[balanced_delivery_supervisor-22] [INFO] [1789488646.526678394] [robot_2.robot_supervisor]: Selected controllable event: EV_rotate_counterclockwise
[balanced_delivery_supervisor-22] [WARN] [1789488646.527397375] [robot_2.robot_supervisor]: no translation for 4.2s livelock detected; starting atomic escape (turn_sign=+1)
[balanced_delivery_supervisor-24] [INFO] [1789488646.570452854] [robot_1.robot_supervisor]: Selected controllable event: EV_search_zone
[balanced_delivery_supervisor-20] [INFO] [1789488646.648871357] [robot_0.robot_supervisor]: Triggered uncontrollable event: EV_zone_b_visible
[balanced_delivery_supervisor-20] [INFO] [1789488646.649652926] [robot_0.robot_supervisor]: Triggered uncontrollable event: EV_zone_a_not_visible
[balanced_delivery_supervisor-20] [INFO] [1789488646.668028698] [robot_0.robot_supervisor]: Selected controllable event: EV_move_forward
[balanced_delivery_supervisor-24] [INFO] [1789488646.768768317] [robot_1.robot_supervisor]: Triggered uncontrollable event: EV_zone_a_not_visible
[balanced_delivery_supervisor-24] [INFO] [1789488646.769306992] [robot_1.robot_supervisor]: Triggered uncontrollable event: EV_zone_b_not_visible
[balanced_delivery_supervisor-24] [INFO] [1789488646.784708602] [robot_1.robot_supervisor]: Selected controllable event: EV_move_forward
[balanced_delivery_supervisor-20] [INFO] [1789488646.934108625] [robot_0.robot_supervisor]: Selected controllable event: EV_approach_zone
[balanced_delivery_supervisor-24] [INFO] [1789488647.092326857] [robot_1.robot_supervisor]: Selected controllable event: EV_search_zone
[balanced_delivery_supervisor-20] [INFO] [1789488647.147775043] [robot_0.robot_supervisor]: Triggered uncontrollable event: EV_zone_a_not_visible
[balanced_delivery_supervisor-20] [INFO] [1789488647.164907764] [robot_0.robot_supervisor]: Selected controllable event: EV_move_forward
[balanced_delivery_supervisor-24] [INFO] [1789488647.267338204] [robot_1.robot_supervisor]: Triggered uncontrollable event: EV_zone_a_not_visible
[balanced_delivery_supervisor-24] [INFO] [1789488647.281522935] [robot_1.robot_supervisor]: Triggered uncontrollable event: EV_obstacle_left
[balanced_delivery_supervisor-24] [INFO] [1789488647.282113359] [robot_1.robot_supervisor]: Triggered uncontrollable event: EV_zone_b_not_visible
[balanced_delivery_supervisor-24] [INFO] [1789488647.282912648] [robot_1.robot_supervisor]: Selected controllable event: EV_u_turn
[balanced_delivery_supervisor-24] [INFO] [1789488647.283579928] [robot_1.robot_supervisor]: Starting FULL ROTATE (omega=1.000, have_odom=True, target_rad=3.142, timeout_s=3.500)
[balanced_delivery_supervisor-20] [INFO] [1789488647.435925519] [robot_0.robot_supervisor]: Triggered uncontrollable event: EV_zone_b_visible
[balanced_delivery_supervisor-20] [INFO] [1789488647.436716559] [robot_0.robot_supervisor]: Selected controllable event: EV_approach_zone
[balanced_delivery_supervisor-20] [INFO] [1789488647.664674448] [robot_0.robot_supervisor]: Selected controllable event: EV_move_forward
[balanced_delivery_supervisor-20] [INFO] [1789488647.923332705] [robot_0.robot_supervisor]: Triggered uncontrollable event: EV_zone_b_visible
[balanced_delivery_supervisor-20] [INFO] [1789488647.924982762] [robot_0.robot_supervisor]: Triggered uncontrollable event: EV_zone_a_not_visible
[balanced_delivery_supervisor-20] [INFO] [1789488647.925948006] [robot_0.robot_supervisor]: Selected controllable event: EV_approach_zone
[balanced_delivery_supervisor-20] [INFO] [1789488648.136423598] [robot_0.robot_supervisor]: Selected controllable event: EV_approach_zone
[balanced_delivery_supervisor-20] [INFO] [1789488648.447975639] [robot_0.robot_supervisor]: Selected controllable event: EV_approach_zone
[balanced_delivery_supervisor-20] [INFO] [1789488648.731482270] [robot_0.robot_supervisor]: Triggered uncontrollable event: EV_zone_b_visible
[balanced_delivery_supervisor-20] [INFO] [1789488648.732138568] [robot_0.robot_supervisor]: Triggered uncontrollable event: EV_zone_a_not_visible
[balanced_delivery_supervisor-20] [INFO] [1789488648.737426362] [robot_0.robot_supervisor]: Selected controllable event: EV_approach_zone
[balanced_delivery_supervisor-20] [INFO] [1789488649.054247938] [robot_0.robot_supervisor]: Selected controllable event: EV_approach_zone
[balanced_delivery_supervisor-22] [INFO] [1789488649.088571196] [robot_2.robot_supervisor]: Zone-livelock escape completed
[balanced_delivery_supervisor-20] [INFO] [1789488649.268616858] [robot_0.robot_supervisor]: Selected controllable event: EV_approach_zone
[balanced_delivery_supervisor-22] [INFO] [1789488649.287650535] [robot_2.robot_supervisor]: Triggered uncontrollable event: EV_zone_a_not_visible
[balanced_delivery_supervisor-22] [INFO] [1789488649.303180993] [robot_2.robot_supervisor]: Triggered uncontrollable event: EV_zone_b_not_visible
[balanced_delivery_supervisor-22] [INFO] [1789488649.303867845] [robot_2.robot_supervisor]: Selected controllable event: EV_move_forward
[balanced_delivery_supervisor-20] [INFO] [1789488649.530413590] [robot_0.robot_supervisor]: DELIVERED zone_b; balance=zone_b_has_extra
[balanced_delivery_supervisor-20] [INFO] [1789488649.537544977] [robot_0.robot_supervisor]: Triggered uncontrollable event: EV_zone_a_not_visible
[balanced_delivery_supervisor-20] [INFO] [1789488649.549051070] [robot_0.robot_supervisor]: Triggered uncontrollable event: EV_zone_b_reached
[balanced_delivery_supervisor-20] [INFO] [1789488649.549895815] [robot_0.robot_supervisor]: Selected controllable event: EV_drop_zone_b
[balanced_delivery_supervisor-24] [INFO] [1789488649.560810669] [robot_1.robot_supervisor]: RECEIVED zone_b; balance=zone_b_has_extra
[balanced_delivery_supervisor-22] [INFO] [1789488649.573175331] [robot_2.robot_supervisor]: RECEIVED zone_b; balance=zone_b_has_extra
[balanced_delivery_supervisor-20] [INFO] [1789488649.587510669] [robot_0.robot_supervisor]: Delivered cargo 'robot_0_carried_generic_box' removed.
[balanced_delivery_supervisor-22] [INFO] [1789488649.608447268] [robot_2.robot_supervisor]: Triggered uncontrollable event: EV_zone_a_visible
[balanced_delivery_supervisor-22] [INFO] [1789488649.608974816] [robot_2.robot_supervisor]: Triggered uncontrollable event: EV_zone_b_not_visible
[balanced_delivery_supervisor-22] [INFO] [1789488649.609469222] [robot_2.robot_supervisor]: Triggered uncontrollable event: EV_received_delivered_zone_b
[balanced_delivery_supervisor-22] [INFO] [1789488649.618948712] [robot_2.robot_supervisor]: Selected controllable event: EV_approach_zone
[balanced_delivery_supervisor-20] [INFO] [1789488649.632342050] [robot_0.robot_supervisor]: Selected controllable event: EV_publish_delivered_zone_b
[balanced_delivery_supervisor-20] [INFO] [1789488649.736246735] [robot_0.robot_supervisor]: Selected controllable event: EV_search_object
[balanced_delivery_supervisor-22] [INFO] [1789488649.887805570] [robot_2.robot_supervisor]: Selected controllable event: EV_move_forward
[balanced_delivery_supervisor-20] [INFO] [1789488649.927253507] [robot_0.robot_supervisor]: Selected controllable event: EV_move_forward
[balanced_delivery_supervisor-22] [INFO] [1789488650.182406997] [robot_2.robot_supervisor]: Triggered uncontrollable event: EV_zone_a_visible
[balanced_delivery_supervisor-22] [INFO] [1789488650.183056433] [robot_2.robot_supervisor]: Triggered uncontrollable event: EV_zone_b_visible
[balanced_delivery_supervisor-22] [INFO] [1789488650.183763343] [robot_2.robot_supervisor]: Selected controllable event: EV_move_forward
[balanced_delivery_supervisor-20] [INFO] [1789488650.235046905] [robot_0.robot_supervisor]: ############################# VISIBLE: EV_object_visible #############################
[balanced_delivery_supervisor-20] [INFO] [1789488650.235784550] [robot_0.robot_supervisor]: Selected controllable event: EV_move_forward
[balanced_delivery_supervisor-22] [INFO] [1789488650.502253944] [robot_2.robot_supervisor]: Selected controllable event: EV_approach_zone
[balanced_delivery_supervisor-20] [INFO] [1789488650.536353429] [robot_0.robot_supervisor]: Selected controllable event: EV_move_forward
[balanced_delivery_supervisor-20] [INFO] [1789488650.739433588] [robot_0.robot_supervisor]: ############################# VISIBLE: EV_object_visible #############################
[balanced_delivery_supervisor-20] [INFO] [1789488650.740040926] [robot_0.robot_supervisor]: Triggered uncontrollable event: EV_obstacle_front
[balanced_delivery_supervisor-20] [INFO] [1789488650.740791613] [robot_0.robot_supervisor]: Selected controllable event: EV_u_turn
[balanced_delivery_supervisor-20] [INFO] [1789488650.759686835] [robot_0.robot_supervisor]: Starting FULL ROTATE (omega=1.000, have_odom=True, target_rad=3.142, timeout_s=3.500)
[balanced_delivery_supervisor-22] [INFO] [1789488650.799108537] [robot_2.robot_supervisor]: Triggered uncontrollable event: EV_zone_a_visible
[balanced_delivery_supervisor-22] [INFO] [1789488650.808235535] [robot_2.robot_supervisor]: Selected controllable event: EV_move_forward
[balanced_delivery_supervisor-24] [INFO] [1789488650.869197427] [robot_1.robot_supervisor]: FULL ROTATE completed by timeout
[balanced_delivery_supervisor-22] [INFO] [1789488651.086346110] [robot_2.robot_supervisor]: Triggered uncontrollable event: EV_zone_b_visible
[balanced_delivery_supervisor-24] [INFO] [1789488651.089735333] [robot_1.robot_supervisor]: Triggered uncontrollable event: EV_zone_a_not_visible
[balanced_delivery_supervisor-24] [INFO] [1789488651.094701918] [robot_1.robot_supervisor]: Triggered uncontrollable event: EV_zone_b_not_visible
[balanced_delivery_supervisor-24] [INFO] [1789488651.095305479] [robot_1.robot_supervisor]: Triggered uncontrollable event: EV_received_delivered_zone_b
[balanced_delivery_supervisor-22] [INFO] [1789488651.102387829] [robot_2.robot_supervisor]: Selected controllable event: EV_move_forward
[balanced_delivery_supervisor-24] [INFO] [1789488651.107527495] [robot_1.robot_supervisor]: Selected controllable event: EV_search_zone
[balanced_delivery_supervisor-24] [INFO] [1789488651.287417348] [robot_1.robot_supervisor]: Selected controllable event: EV_move_forward
[balanced_delivery_supervisor-22] [INFO] [1789488651.392576551] [robot_2.robot_supervisor]: Triggered uncontrollable event: EV_zone_a_visible
[balanced_delivery_supervisor-22] [INFO] [1789488651.393176124] [robot_2.robot_supervisor]: Triggered uncontrollable event: EV_zone_b_visible
[balanced_delivery_supervisor-22] [INFO] [1789488651.413338263] [robot_2.robot_supervisor]: Selected controllable event: EV_move_forward
[balanced_delivery_supervisor-24] [INFO] [1789488651.574042660] [robot_1.robot_supervisor]: Triggered uncontrollable event: EV_zone_a_not_visible
[balanced_delivery_supervisor-24] [INFO] [1789488651.578380651] [robot_1.robot_supervisor]: Triggered uncontrollable event: EV_zone_b_not_visible
[balanced_delivery_supervisor-24] [INFO] [1789488651.579170779] [robot_1.robot_supervisor]: Selected controllable event: EV_move_forward
[balanced_delivery_supervisor-22] [INFO] [1789488651.679754289] [robot_2.robot_supervisor]: Selected controllable event: EV_approach_zone
[balanced_delivery_supervisor-24] [INFO] [1789488651.888989829] [robot_1.robot_supervisor]: Selected controllable event: EV_search_zone
[balanced_delivery_supervisor-22] [INFO] [1789488651.900142113] [robot_2.robot_supervisor]: Triggered uncontrollable event: EV_zone_a_visible
[balanced_delivery_supervisor-22] [INFO] [1789488651.900900088] [robot_2.robot_supervisor]: Selected controllable event: EV_move_forward
[balanced_delivery_supervisor-24] [INFO] [1789488652.071982085] [robot_1.robot_supervisor]: Triggered uncontrollable event: EV_zone_a_not_visible
[balanced_delivery_supervisor-24] [INFO] [1789488652.083198910] [robot_1.robot_supervisor]: Triggered uncontrollable event: EV_zone_b_not_visible
[balanced_delivery_supervisor-24] [INFO] [1789488652.087172278] [robot_1.robot_supervisor]: Selected controllable event: EV_search_zone
[balanced_delivery_supervisor-22] [INFO] [1789488652.188878568] [robot_2.robot_supervisor]: Triggered uncontrollable event: EV_zone_b_visible
[balanced_delivery_supervisor-22] [INFO] [1789488652.199439302] [robot_2.robot_supervisor]: Selected controllable event: EV_approach_zone
[balanced_delivery_supervisor-24] [INFO] [1789488652.282690576] [robot_1.robot_supervisor]: Selected controllable event: EV_search_zone
[color_detector-29] [INFO] [1789488652.368073849] [robot_2.target_detector]: RGB HEARTBEAT frames_total=210 recent_rate_hz=1.496 last_frame_age_s=0.537 status=OK
[color_detector-31] [INFO] [1789488652.373471408] [robot_1.target_detector]: RGB HEARTBEAT frames_total=210 recent_rate_hz=1.505 last_frame_age_s=0.497 status=OK
[color_detector-27] [INFO] [1789488652.374437449] [robot_0.target_detector]: RGB HEARTBEAT frames_total=210 recent_rate_hz=1.504 last_frame_age_s=0.607 status=OK
[balanced_delivery_supervisor-24] [INFO] [1789488652.468698163] [robot_1.robot_supervisor]: Selected controllable event: EV_search_zone
[balanced_delivery_supervisor-22] [INFO] [1789488652.496699020] [robot_2.robot_supervisor]: Selected controllable event: EV_approach_zone
[balanced_delivery_supervisor-24] [INFO] [1789488652.602296388] [robot_1.robot_supervisor]: Triggered uncontrollable event: EV_zone_a_not_visible
[balanced_delivery_supervisor-24] [INFO] [1789488652.603122801] [robot_1.robot_supervisor]: Selected controllable event: EV_move_forward
[balanced_delivery_supervisor-22] [INFO] [1789488652.804588854] [robot_2.robot_supervisor]: Triggered uncontrollable event: EV_zone_a_visible
[balanced_delivery_supervisor-22] [INFO] [1789488652.805164866] [robot_2.robot_supervisor]: Triggered uncontrollable event: EV_zone_b_visible
[balanced_delivery_supervisor-22] [INFO] [1789488652.819906592] [robot_2.robot_supervisor]: Selected controllable event: EV_approach_zone
[balanced_delivery_supervisor-24] [INFO] [1789488652.879794977] [robot_1.robot_supervisor]: Triggered uncontrollable event: EV_zone_b_not_visible
[balanced_delivery_supervisor-24] [INFO] [1789488652.880534276] [robot_1.robot_supervisor]: Selected controllable event: EV_move_forward
[balanced_delivery_supervisor-22] [INFO] [1789488653.084131338] [robot_2.robot_supervisor]: Selected controllable event: EV_move_forward
[balanced_delivery_supervisor-24] [INFO] [1789488653.088612657] [robot_1.robot_supervisor]: Selected controllable event: EV_move_forward
[balanced_delivery_supervisor-22] [INFO] [1789488653.290719985] [robot_2.robot_supervisor]: Triggered uncontrollable event: EV_zone_b_visible
[balanced_delivery_supervisor-24] [INFO] [1789488653.292316853] [robot_1.robot_supervisor]: Triggered uncontrollable event: EV_zone_a_not_visible
[balanced_delivery_supervisor-24] [INFO] [1789488653.292886336] [robot_1.robot_supervisor]: Triggered uncontrollable event: EV_obstacle_right
[balanced_delivery_supervisor-24] [INFO] [1789488653.293349392] [robot_1.robot_supervisor]: Triggered uncontrollable event: EV_zone_b_not_visible
[balanced_delivery_supervisor-22] [INFO] [1789488653.305012951] [robot_2.robot_supervisor]: Triggered uncontrollable event: EV_zone_a_reached
[balanced_delivery_supervisor-22] [INFO] [1789488653.305633619] [robot_2.robot_supervisor]: Selected controllable event: EV_move_forward
[balanced_delivery_supervisor-24] [INFO] [1789488653.310524302] [robot_1.robot_supervisor]: Selected controllable event: EV_rotate_counterclockwise
[balanced_delivery_supervisor-24] [INFO] [1789488653.491155713] [robot_1.robot_supervisor]: Triggered uncontrollable event: EV_obstacle_right
[balanced_delivery_supervisor-24] [INFO] [1789488653.491831508] [robot_1.robot_supervisor]: Selected controllable event: EV_u_turn
[balanced_delivery_supervisor-24] [INFO] [1789488653.492453522] [robot_1.robot_supervisor]: Starting FULL ROTATE (omega=1.000, have_odom=True, target_rad=3.142, timeout_s=3.500)
[balanced_delivery_supervisor-22] [INFO] [1789488653.578644446] [robot_2.robot_supervisor]: Selected controllable event: EV_move_forward
[balanced_delivery_supervisor-22] [INFO] [1789488653.794437863] [robot_2.robot_supervisor]: Triggered uncontrollable event: EV_zone_b_visible
[balanced_delivery_supervisor-22] [INFO] [1789488653.794915361] [robot_2.robot_supervisor]: Triggered uncontrollable event: EV_obstacle_right
[balanced_delivery_supervisor-22] [INFO] [1789488653.806915852] [robot_2.robot_supervisor]: Triggered uncontrollable event: EV_zone_a_reached
[balanced_delivery_supervisor-22] [INFO] [1789488653.807735874] [robot_2.robot_supervisor]: Selected controllable event: EV_rotate_counterclockwise
[balanced_delivery_supervisor-22] [INFO] [1789488653.982805343] [robot_2.robot_supervisor]: Triggered uncontrollable event: EV_obstacle_right
[balanced_delivery_supervisor-22] [INFO] [1789488653.983653629] [robot_2.robot_supervisor]: Selected controllable event: EV_rotate_counterclockwise
[balanced_delivery_supervisor-22] [INFO] [1789488654.090464937] [robot_2.robot_supervisor]: Triggered uncontrollable event: EV_obstacle_right
[balanced_delivery_supervisor-22] [INFO] [1789488654.091166707] [robot_2.robot_supervisor]: Selected controllable event: EV_u_turn
[balanced_delivery_supervisor-22] [INFO] [1789488654.091787028] [robot_2.robot_supervisor]: Starting FULL ROTATE (omega=1.000, have_odom=True, target_rad=3.142, timeout_s=3.500)
[balanced_delivery_supervisor-20] [INFO] [1789488654.334967452] [robot_0.robot_supervisor]: FULL ROTATE completed by timeout
[balanced_delivery_supervisor-20] [INFO] [1789488654.634081598] [robot_0.robot_supervisor]: ############################# VISIBLE: EV_object_visible #############################
[balanced_delivery_supervisor-20] [INFO] [1789488654.634793038] [robot_0.robot_supervisor]: Selected controllable event: EV_approach_object
[balanced_delivery_supervisor-20] [INFO] [1789488654.932418600] [robot_0.robot_supervisor]: ############################# VISIBLE: EV_object_visible #############################
[balanced_delivery_supervisor-20] [INFO] [1789488654.938713334] [robot_0.robot_supervisor]: Selected controllable event: EV_approach_object
[balanced_delivery_supervisor-20] [INFO] [1789488655.231832795] [robot_0.robot_supervisor]: Selected controllable event: EV_approach_object
[balanced_delivery_supervisor-20] [INFO] [1789488655.531656473] [robot_0.robot_supervisor]: ############################# VISIBLE: EV_object_visible #############################
[balanced_delivery_supervisor-20] [INFO] [1789488655.532476133] [robot_0.robot_supervisor]: Selected controllable event: EV_move_forward
[balanced_delivery_supervisor-20] [INFO] [1789488655.829005918] [robot_0.robot_supervisor]: Selected controllable event: EV_approach_object
[balanced_delivery_supervisor-20] [INFO] [1789488656.040786381] [robot_0.robot_supervisor]: ############################# REACHED: EV_object_reached #############################
[balanced_delivery_supervisor-20] [INFO] [1789488656.041493644] [robot_0.robot_supervisor]: Selected controllable event: EV_move_forward
[balanced_delivery_supervisor-20] [INFO] [1789488656.343551375] [robot_0.robot_supervisor]: Selected controllable event: EV_move_forward
[balanced_delivery_supervisor-20] [INFO] [1789488656.648530155] [robot_0.robot_supervisor]: Selected controllable event: EV_move_forward
[balanced_delivery_supervisor-20] [INFO] [1789488656.927654938] [robot_0.robot_supervisor]: ############################# REACHED: EV_object_reached #############################
[balanced_delivery_supervisor-20] [INFO] [1789488656.937563707] [robot_0.robot_supervisor]: Selected controllable event: EV_pick_up_object
[balanced_delivery_supervisor-20] [INFO] [1789488656.977046883] [robot_0.robot_supervisor]: Cargo 'robot_0_carried_generic_box' placed on robot.
[balanced_delivery_supervisor-24] [INFO] [1789488657.069463012] [robot_1.robot_supervisor]: FULL ROTATE completed by timeout
[balanced_delivery_supervisor-20] [INFO] [1789488657.240246334] [robot_0.robot_supervisor]: Selected controllable event: EV_search_zone
[balanced_delivery_supervisor-24] [INFO] [1789488657.271897408] [robot_1.robot_supervisor]: Triggered uncontrollable event: EV_zone_a_visible
[balanced_delivery_supervisor-24] [INFO] [1789488657.272493495] [robot_1.robot_supervisor]: Triggered uncontrollable event: EV_zone_b_not_visible
[balanced_delivery_supervisor-24] [INFO] [1789488657.284502034] [robot_1.robot_supervisor]: Selected controllable event: EV_move_forward
[balanced_delivery_supervisor-20] [INFO] [1789488657.350742567] [robot_0.robot_supervisor]: Selected controllable event: EV_search_zone
[balanced_delivery_supervisor-20] [INFO] [1789488657.528622758] [robot_0.robot_supervisor]: Triggered uncontrollable event: EV_zone_a_not_visible
[balanced_delivery_supervisor-20] [INFO] [1789488657.529136674] [robot_0.robot_supervisor]: Triggered uncontrollable event: EV_zone_b_not_visible
[balanced_delivery_supervisor-20] [INFO] [1789488657.544919612] [robot_0.robot_supervisor]: Selected controllable event: EV_move_forward
[balanced_delivery_supervisor-24] [INFO] [1789488657.578944011] [robot_1.robot_supervisor]: Triggered uncontrollable event: EV_zone_a_visible
[balanced_delivery_supervisor-24] [INFO] [1789488657.586330102] [robot_1.robot_supervisor]: Selected controllable event: EV_move_forward
[balanced_delivery_supervisor-22] [INFO] [1789488657.592037374] [robot_2.robot_supervisor]: FULL ROTATE completed by timeout
[balanced_delivery_supervisor-22] [INFO] [1789488657.800032871] [robot_2.robot_supervisor]: Triggered uncontrollable event: EV_zone_b_visible
[balanced_delivery_supervisor-22] [INFO] [1789488657.800619758] [robot_2.robot_supervisor]: Triggered uncontrollable event: EV_zone_a_reached
[balanced_delivery_supervisor-22] [INFO] [1789488657.810051637] [robot_2.robot_supervisor]: Selected controllable event: EV_move_forward
[balanced_delivery_supervisor-20] [INFO] [1789488657.830951395] [robot_0.robot_supervisor]: Selected controllable event: EV_search_zone
[balanced_delivery_supervisor-24] [INFO] [1789488657.874031838] [robot_1.robot_supervisor]: Triggered uncontrollable event: EV_zone_b_not_visible
[balanced_delivery_supervisor-24] [INFO] [1789488657.874753750] [robot_1.robot_supervisor]: Selected controllable event: EV_approach_zone
[balanced_delivery_supervisor-20] [INFO] [1789488658.029076652] [robot_0.robot_supervisor]: Selected controllable event: EV_move_forward
[balanced_delivery_supervisor-22] [INFO] [1789488658.097221525] [robot_2.robot_supervisor]: Selected controllable event: EV_approach_zone
[balanced_delivery_supervisor-24] [INFO] [1789488658.191753882] [robot_1.robot_supervisor]: Triggered uncontrollable event: EV_zone_a_visible
[balanced_delivery_supervisor-24] [INFO] [1789488658.207551021] [robot_1.robot_supervisor]: Triggered uncontrollable event: EV_obstacle_right
[balanced_delivery_supervisor-24] [INFO] [1789488658.208323708] [robot_1.robot_supervisor]: Selected controllable event: EV_u_turn
[balanced_delivery_supervisor-20] [INFO] [1789488658.238123889] [robot_0.robot_supervisor]: Triggered uncontrollable event: EV_zone_a_not_visible
[balanced_delivery_supervisor-20] [INFO] [1789488658.247468091] [robot_0.robot_supervisor]: Triggered uncontrollable event: EV_zone_b_not_visible
[balanced_delivery_supervisor-20] [INFO] [1789488658.248143593] [robot_0.robot_supervisor]: Selected controllable event: EV_search_zone
[balanced_delivery_supervisor-24] [INFO] [1789488658.286033706] [robot_1.robot_supervisor]: Triggered uncontrollable event: EV_zone_b_visible
[balanced_delivery_supervisor-24] [INFO] [1789488658.291021124] [robot_1.robot_supervisor]: Triggered uncontrollable event: EV_obstacle_right
[balanced_delivery_supervisor-24] [INFO] [1789488658.291861428] [robot_1.robot_supervisor]: Selected controllable event: EV_u_turn
[balanced_delivery_supervisor-24] [INFO] [1789488658.374378957] [robot_1.robot_supervisor]: Triggered uncontrollable event: EV_obstacle_right
[balanced_delivery_supervisor-24] [INFO] [1789488658.377514049] [robot_1.robot_supervisor]: Selected controllable event: EV_rotate_counterclockwise
[balanced_delivery_supervisor-22] [INFO] [1789488658.384411326] [robot_2.robot_supervisor]: Triggered uncontrollable event: EV_zone_b_not_visible
[balanced_delivery_supervisor-22] [INFO] [1789488658.388255094] [robot_2.robot_supervisor]: Triggered uncontrollable event: EV_zone_a_reached
[balanced_delivery_supervisor-22] [INFO] [1789488658.399014098] [robot_2.robot_supervisor]: Selected controllable event: EV_search_zone
[balanced_delivery_supervisor-20] [INFO] [1789488658.434364814] [robot_0.robot_supervisor]: Selected controllable event: EV_move_forward
[balanced_delivery_supervisor-24] [INFO] [1789488658.580053328] [robot_1.robot_supervisor]: Triggered uncontrollable event: EV_obstacle_right
[balanced_delivery_supervisor-24] [INFO] [1789488658.580865413] [robot_1.robot_supervisor]: Selected controllable event: EV_rotate_counterclockwise
[color_detector-27] [INFO] [1789488658.584664666] [robot_0.target_detector]: RGB HEARTBEAT frames_total=220 recent_rate_hz=1.611 last_frame_age_s=0.557 status=OK
[color_detector-29] [INFO] [1789488658.584817046] [robot_2.target_detector]: RGB HEARTBEAT frames_total=220 recent_rate_hz=1.609 last_frame_age_s=0.499 status=OK
[color_detector-31] [INFO] [1789488658.603392215] [robot_1.target_detector]: RGB HEARTBEAT frames_total=220 recent_rate_hz=1.605 last_frame_age_s=0.466 status=OK
[balanced_delivery_supervisor-22] [INFO] [1789488658.607565820] [robot_2.robot_supervisor]: Selected controllable event: EV_search_zone
[balanced_delivery_supervisor-24] [INFO] [1789488658.686754696] [robot_1.robot_supervisor]: Triggered uncontrollable event: EV_obstacle_right
[balanced_delivery_supervisor-24] [INFO] [1789488658.687490651] [robot_1.robot_supervisor]: Selected controllable event: EV_u_turn
[balanced_delivery_supervisor-20] [INFO] [1789488658.744358646] [robot_0.robot_supervisor]: Triggered uncontrollable event: EV_zone_a_not_visible
[balanced_delivery_supervisor-20] [INFO] [1789488658.759810785] [robot_0.robot_supervisor]: Triggered uncontrollable event: EV_zone_b_not_visible
[balanced_delivery_supervisor-20] [INFO] [1789488658.760549177] [robot_0.robot_supervisor]: Selected controllable event: EV_search_zone
[balanced_delivery_supervisor-24] [INFO] [1789488658.776872747] [robot_1.robot_supervisor]: Triggered uncontrollable event: EV_obstacle_right
[balanced_delivery_supervisor-24] [INFO] [1789488658.777577020] [robot_1.robot_supervisor]: Selected controllable event: EV_u_turn
[balanced_delivery_supervisor-22] [INFO] [1789488658.787211452] [robot_2.robot_supervisor]: Triggered uncontrollable event: EV_zone_a_reached
[balanced_delivery_supervisor-22] [INFO] [1789488658.799706082] [robot_2.robot_supervisor]: Selected controllable event: EV_move_forward
[balanced_delivery_supervisor-24] [INFO] [1789488658.884923078] [robot_1.robot_supervisor]: Triggered uncontrollable event: EV_zone_a_visible
[balanced_delivery_supervisor-24] [INFO] [1789488658.893497279] [robot_1.robot_supervisor]: Triggered uncontrollable event: EV_zone_b_visible
[balanced_delivery_supervisor-24] [INFO] [1789488658.900210976] [robot_1.robot_supervisor]: Triggered uncontrollable event: EV_obstacle_right
[balanced_delivery_supervisor-24] [INFO] [1789488658.900987826] [robot_1.robot_supervisor]: Selected controllable event: EV_u_turn
[balanced_delivery_supervisor-20] [INFO] [1789488658.940575374] [robot_0.robot_supervisor]: Selected controllable event: EV_search_zone
[balanced_delivery_supervisor-24] [INFO] [1789488658.992246139] [robot_1.robot_supervisor]: Triggered uncontrollable event: EV_obstacle_right
[balanced_delivery_supervisor-24] [INFO] [1789488658.997303540] [robot_1.robot_supervisor]: Selected controllable event: EV_u_turn
[balanced_delivery_supervisor-22] [INFO] [1789488659.093481714] [robot_2.robot_supervisor]: Triggered uncontrollable event: EV_zone_b_not_visible
[balanced_delivery_supervisor-22] [INFO] [1789488659.094152848] [robot_2.robot_supervisor]: Selected controllable event: EV_search_zone
[balanced_delivery_supervisor-24] [INFO] [1789488659.096530549] [robot_1.robot_supervisor]: Triggered uncontrollable event: EV_obstacle_right
[balanced_delivery_supervisor-24] [INFO] [1789488659.100370924] [robot_1.robot_supervisor]: Selected controllable event: EV_u_turn
[balanced_delivery_supervisor-20] [INFO] [1789488659.128459293] [robot_0.robot_supervisor]: Selected controllable event: EV_move_forward
[balanced_delivery_supervisor-24] [INFO] [1789488659.170702930] [robot_1.robot_supervisor]: Triggered uncontrollable event: EV_obstacle_right
[balanced_delivery_supervisor-24] [INFO] [1789488659.171408962] [robot_1.robot_supervisor]: Selected controllable event: EV_u_turn
[balanced_delivery_supervisor-24] [INFO] [1789488659.270891207] [robot_1.robot_supervisor]: Triggered uncontrollable event: EV_obstacle_right
[balanced_delivery_supervisor-24] [INFO] [1789488659.278522434] [robot_1.robot_supervisor]: Selected controllable event: EV_u_turn
[balanced_delivery_supervisor-22] [INFO] [1789488659.282755972] [robot_2.robot_supervisor]: Selected controllable event: EV_search_zone
[balanced_delivery_supervisor-20] [INFO] [1789488659.346603450] [robot_0.robot_supervisor]: Triggered uncontrollable event: EV_zone_a_not_visible
[balanced_delivery_supervisor-20] [INFO] [1789488659.347153495] [robot_0.robot_supervisor]: Triggered uncontrollable event: EV_zone_b_not_visible
[balanced_delivery_supervisor-20] [INFO] [1789488659.362646761] [robot_0.robot_supervisor]: Selected controllable event: EV_move_forward
[balanced_delivery_supervisor-24] [INFO] [1789488659.371782774] [robot_1.robot_supervisor]: Triggered uncontrollable event: EV_obstacle_right
[balanced_delivery_supervisor-24] [INFO] [1789488659.372451510] [robot_1.robot_supervisor]: Selected controllable event: EV_u_turn
[balanced_delivery_supervisor-22] [INFO] [1789488659.398472486] [robot_2.robot_supervisor]: Triggered uncontrollable event: EV_zone_b_not_visible
[balanced_delivery_supervisor-22] [INFO] [1789488659.398924589] [robot_2.robot_supervisor]: Triggered uncontrollable event: EV_zone_a_reached
[balanced_delivery_supervisor-22] [INFO] [1789488659.399442440] [robot_2.robot_supervisor]: Selected controllable event: EV_search_zone
[balanced_delivery_supervisor-24] [INFO] [1789488659.485341501] [robot_1.robot_supervisor]: Triggered uncontrollable event: EV_obstacle_right
[balanced_delivery_supervisor-24] [INFO] [1789488659.490974854] [robot_1.robot_supervisor]: Selected controllable event: EV_u_turn
[balanced_delivery_supervisor-24] [INFO] [1789488659.492740394] [robot_1.robot_supervisor]: Starting FULL ROTATE (omega=1.000, have_odom=True, target_rad=3.142, timeout_s=3.500)
[balanced_delivery_supervisor-22] [INFO] [1789488659.585878453] [robot_2.robot_supervisor]: Selected controllable event: EV_search_zone
[balanced_delivery_supervisor-20] [INFO] [1789488659.628247204] [robot_0.robot_supervisor]: Selected controllable event: EV_search_zone
[balanced_delivery_supervisor-20] [INFO] [1789488659.733811495] [robot_0.robot_supervisor]: Selected controllable event: EV_move_forward
[balanced_delivery_supervisor-22] [INFO] [1789488659.801879699] [robot_2.robot_supervisor]: Selected controllable event: EV_search_zone
[balanced_delivery_supervisor-22] [INFO] [1789488659.977671277] [robot_2.robot_supervisor]: Triggered uncontrollable event: EV_zone_b_not_visible
[balanced_delivery_supervisor-22] [INFO] [1789488659.978182934] [robot_2.robot_supervisor]: Triggered uncontrollable event: EV_zone_a_reached
[balanced_delivery_supervisor-22] [INFO] [1789488659.978879432] [robot_2.robot_supervisor]: Selected controllable event: EV_search_zone
[balanced_delivery_supervisor-20] [INFO] [1789488660.028730518] [robot_0.robot_supervisor]: Triggered uncontrollable event: EV_zone_a_not_visible
[balanced_delivery_supervisor-20] [INFO] [1789488660.029304903] [robot_0.robot_supervisor]: Triggered uncontrollable event: EV_zone_b_not_visible
[balanced_delivery_supervisor-20] [INFO] [1789488660.029947730] [robot_0.robot_supervisor]: Selected controllable event: EV_move_forward
[balanced_delivery_supervisor-22] [INFO] [1789488660.094894453] [robot_2.robot_supervisor]: Selected controllable event: EV_move_forward
[balanced_delivery_supervisor-20] [INFO] [1789488660.241389906] [robot_0.robot_supervisor]: Selected controllable event: EV_search_zone
[balanced_delivery_supervisor-22] [INFO] [1789488660.408104922] [robot_2.robot_supervisor]: Selected controllable event: EV_search_zone
[balanced_delivery_supervisor-20] [INFO] [1789488660.429034137] [robot_0.robot_supervisor]: Selected controllable event: EV_search_zone
[balanced_delivery_supervisor-20] [INFO] [1789488660.533998250] [robot_0.robot_supervisor]: Triggered uncontrollable event: EV_zone_a_not_visible
[balanced_delivery_supervisor-20] [INFO] [1789488660.534485723] [robot_0.robot_supervisor]: Triggered uncontrollable event: EV_zone_b_not_visible
[balanced_delivery_supervisor-20] [INFO] [1789488660.541193493] [robot_0.robot_supervisor]: Selected controllable event: EV_move_forward
[balanced_delivery_supervisor-22] [INFO] [1789488660.580097966] [robot_2.robot_supervisor]: Triggered uncontrollable event: EV_zone_a_not_visible
[balanced_delivery_supervisor-22] [INFO] [1789488660.586589510] [robot_2.robot_supervisor]: Triggered uncontrollable event: EV_zone_b_not_visible
[balanced_delivery_supervisor-22] [INFO] [1789488660.589593729] [robot_2.robot_supervisor]: Selected controllable event: EV_move_forward
[balanced_delivery_supervisor-20] [INFO] [1789488660.831917363] [robot_0.robot_supervisor]: Selected controllable event: EV_search_zone
[balanced_delivery_supervisor-22] [INFO] [1789488660.897514976] [robot_2.robot_supervisor]: Selected controllable event: EV_move_forward
[balanced_delivery_supervisor-20] [INFO] [1789488660.956521242] [robot_0.robot_supervisor]: Selected controllable event: EV_move_forward
[balanced_delivery_supervisor-22] [INFO] [1789488661.188584548] [robot_2.robot_supervisor]: Triggered uncontrollable event: EV_zone_a_not_visible
[balanced_delivery_supervisor-22] [INFO] [1789488661.189119344] [robot_2.robot_supervisor]: Triggered uncontrollable event: EV_zone_b_not_visible
[balanced_delivery_supervisor-22] [INFO] [1789488661.189697682] [robot_2.robot_supervisor]: Selected controllable event: EV_search_zone
[balanced_delivery_supervisor-20] [INFO] [1789488661.235213404] [robot_0.robot_supervisor]: Triggered uncontrollable event: EV_zone_a_not_visible
[balanced_delivery_supervisor-20] [INFO] [1789488661.242550618] [robot_0.robot_supervisor]: Triggered uncontrollable event: EV_zone_b_not_visible
[balanced_delivery_supervisor-20] [INFO] [1789488661.247654875] [robot_0.robot_supervisor]: Selected controllable event: EV_move_forward
[balanced_delivery_supervisor-22] [INFO] [1789488661.398316968] [robot_2.robot_supervisor]: Selected controllable event: EV_move_forward
[balanced_delivery_supervisor-20] [INFO] [1789488661.539530126] [robot_0.robot_supervisor]: Selected controllable event: EV_move_forward
[balanced_delivery_supervisor-22] [INFO] [1789488661.689188560] [robot_2.robot_supervisor]: Selected controllable event: EV_search_zone
[balanced_delivery_supervisor-20] [INFO] [1789488661.754865050] [robot_0.robot_supervisor]: Triggered uncontrollable event: EV_zone_a_not_visible
[balanced_delivery_supervisor-20] [INFO] [1789488661.763110123] [robot_0.robot_supervisor]: Triggered uncontrollable event: EV_zone_b_not_visible
[balanced_delivery_supervisor-20] [INFO] [1789488661.781449773] [robot_0.robot_supervisor]: Selected controllable event: EV_move_forward
[balanced_delivery_supervisor-22] [INFO] [1789488661.903163154] [robot_2.robot_supervisor]: Triggered uncontrollable event: EV_zone_a_not_visible
[balanced_delivery_supervisor-22] [INFO] [1789488661.903673647] [robot_2.robot_supervisor]: Triggered uncontrollable event: EV_zone_b_not_visible
[balanced_delivery_supervisor-22] [INFO] [1789488661.909556000] [robot_2.robot_supervisor]: Selected controllable event: EV_move_forward
[balanced_delivery_supervisor-20] [INFO] [1789488662.040139681] [robot_0.robot_supervisor]: Selected controllable event: EV_search_zone
[balanced_delivery_supervisor-22] [INFO] [1789488662.177868893] [robot_2.robot_supervisor]: Selected controllable event: EV_move_forward
[balanced_delivery_supervisor-20] [INFO] [1789488662.229105220] [robot_0.robot_supervisor]: Selected controllable event: EV_search_zone
[balanced_delivery_supervisor-20] [INFO] [1789488662.335315305] [robot_0.robot_supervisor]: Triggered uncontrollable event: EV_zone_a_not_visible
[balanced_delivery_supervisor-20] [INFO] [1789488662.335845703] [robot_0.robot_supervisor]: Triggered uncontrollable event: EV_zone_b_not_visible
[balanced_delivery_supervisor-20] [INFO] [1789488662.342748669] [robot_0.robot_supervisor]: Selected controllable event: EV_search_zone
[balanced_delivery_supervisor-22] [INFO] [1789488662.509903651] [robot_2.robot_supervisor]: Triggered uncontrollable event: EV_zone_a_not_visible
[balanced_delivery_supervisor-22] [INFO] [1789488662.510477966] [robot_2.robot_supervisor]: Triggered uncontrollable event: EV_zone_b_not_visible
[balanced_delivery_supervisor-22] [INFO] [1789488662.516618079] [robot_2.robot_supervisor]: Selected controllable event: EV_search_zone
[balanced_delivery_supervisor-20] [INFO] [1789488662.537932281] [robot_0.robot_supervisor]: Selected controllable event: EV_search_zone
[balanced_delivery_supervisor-22] [INFO] [1789488662.703390049] [robot_2.robot_supervisor]: Selected controllable event: EV_move_forward
[balanced_delivery_supervisor-20] [INFO] [1789488662.754449173] [robot_0.robot_supervisor]: Selected controllable event: EV_move_forward
[balanced_delivery_supervisor-22] [INFO] [1789488663.001808328] [robot_2.robot_supervisor]: Triggered uncontrollable event: EV_zone_a_not_visible
[balanced_delivery_supervisor-22] [INFO] [1789488663.010990029] [robot_2.robot_supervisor]: Triggered uncontrollable event: EV_zone_b_not_visible
[balanced_delivery_supervisor-22] [INFO] [1789488663.011935810] [robot_2.robot_supervisor]: Selected controllable event: EV_search_zone
[balanced_delivery_supervisor-20] [INFO] [1789488663.026684783] [robot_0.robot_supervisor]: Triggered uncontrollable event: EV_zone_a_not_visible
[balanced_delivery_supervisor-20] [INFO] [1789488663.032004915] [robot_0.robot_supervisor]: Triggered uncontrollable event: EV_zone_b_not_visible
[balanced_delivery_supervisor-20] [INFO] [1789488663.035390033] [robot_0.robot_supervisor]: Selected controllable event: EV_move_forward
[balanced_delivery_supervisor-24] [INFO] [1789488663.080620225] [robot_1.robot_supervisor]: FULL ROTATE completed by timeout
[balanced_delivery_supervisor-22] [INFO] [1789488663.179507564] [robot_2.robot_supervisor]: Selected controllable event: EV_move_forward
[balanced_delivery_supervisor-20] [INFO] [1789488663.339080992] [robot_0.robot_supervisor]: Selected controllable event: EV_search_zone
[balanced_delivery_supervisor-22] [INFO] [1789488663.380817995] [robot_2.robot_supervisor]: Selected controllable event: EV_search_zone
[balanced_delivery_supervisor-24] [INFO] [1789488663.384486925] [robot_1.robot_supervisor]: Triggered uncontrollable event: EV_zone_b_visible
[balanced_delivery_supervisor-24] [INFO] [1789488663.385062252] [robot_1.robot_supervisor]: Triggered uncontrollable event: EV_zone_a_not_visible
[balanced_delivery_supervisor-24] [INFO] [1789488663.389046622] [robot_1.robot_supervisor]: Selected controllable event: EV_move_forward
[balanced_delivery_supervisor-20] [INFO] [1789488663.443445800] [robot_0.robot_supervisor]: Selected controllable event: EV_move_forward
[balanced_delivery_supervisor-22] [INFO] [1789488663.503775410] [robot_2.robot_supervisor]: Selected controllable event: EV_search_zone
[balanced_delivery_supervisor-22] [INFO] [1789488663.679433320] [robot_2.robot_supervisor]: Triggered uncontrollable event: EV_zone_a_not_visible
[balanced_delivery_supervisor-22] [INFO] [1789488663.680010037] [robot_2.robot_supervisor]: Triggered uncontrollable event: EV_zone_b_not_visible
[balanced_delivery_supervisor-22] [INFO] [1789488663.686667575] [robot_2.robot_supervisor]: Selected controllable event: EV_move_forward
[balanced_delivery_supervisor-24] [INFO] [1789488663.692815617] [robot_1.robot_supervisor]: Selected controllable event: EV_approach_zone
[balanced_delivery_supervisor-20] [INFO] [1789488663.743432397] [robot_0.robot_supervisor]: Triggered uncontrollable event: EV_zone_a_not_visible
[balanced_delivery_supervisor-20] [INFO] [1789488663.747607306] [robot_0.robot_supervisor]: Triggered uncontrollable event: EV_zone_b_not_visible
[balanced_delivery_supervisor-20] [INFO] [1789488663.751508077] [robot_0.robot_supervisor]: Selected controllable event: EV_move_forward
[balanced_delivery_supervisor-22] [INFO] [1789488663.898037696] [robot_2.robot_supervisor]: Selected controllable event: EV_move_forward
[balanced_delivery_supervisor-24] [INFO] [1789488663.971737608] [robot_1.robot_supervisor]: Triggered uncontrollable event: EV_zone_b_visible
[balanced_delivery_supervisor-24] [INFO] [1789488663.972334263] [robot_1.robot_supervisor]: Triggered uncontrollable event: EV_zone_a_not_visible
[balanced_delivery_supervisor-24] [INFO] [1789488663.972988638] [robot_1.robot_supervisor]: Selected controllable event: EV_approach_zone
[balanced_delivery_supervisor-20] [INFO] [1789488664.037253750] [robot_0.robot_supervisor]: Selected controllable event: EV_move_forward
[balanced_delivery_supervisor-24] [INFO] [1789488664.176774261] [robot_1.robot_supervisor]: Selected controllable event: EV_move_forward
[balanced_delivery_supervisor-22] [INFO] [1789488664.190734322] [robot_2.robot_supervisor]: Selected controllable event: EV_move_forward
[balanced_delivery_supervisor-20] [INFO] [1789488664.244051707] [robot_0.robot_supervisor]: Selected controllable event: EV_move_forward
[balanced_delivery_supervisor-24] [INFO] [1789488664.468673077] [robot_1.robot_supervisor]: Triggered uncontrollable event: EV_zone_a_not_visible
[balanced_delivery_supervisor-24] [INFO] [1789488664.469239937] [robot_1.robot_supervisor]: Triggered uncontrollable event: EV_obstacle_right
[balanced_delivery_supervisor-24] [INFO] [1789488664.469743177] [robot_1.robot_supervisor]: Triggered uncontrollable event: EV_zone_b_not_visible
[balanced_delivery_supervisor-24] [INFO] [1789488664.470416713] [robot_1.robot_supervisor]: Selected controllable event: EV_rotate_counterclockwise
[balanced_delivery_supervisor-22] [INFO] [1789488664.487605533] [robot_2.robot_supervisor]: Triggered uncontrollable event: EV_zone_a_not_visible
[balanced_delivery_supervisor-22] [INFO] [1789488664.488164782] [robot_2.robot_supervisor]: Triggered uncontrollable event: EV_obstacle_right
[balanced_delivery_supervisor-22] [INFO] [1789488664.488686699] [robot_2.robot_supervisor]: Triggered uncontrollable event: EV_zone_b_not_visible
[balanced_delivery_supervisor-22] [INFO] [1789488664.489330658] [robot_2.robot_supervisor]: Selected controllable event: EV_rotate_counterclockwise
[balanced_delivery_supervisor-20] [INFO] [1789488664.532118667] [robot_0.robot_supervisor]: Triggered uncontrollable event: EV_zone_a_not_visible
[balanced_delivery_supervisor-20] [INFO] [1789488664.532618810] [robot_0.robot_supervisor]: Triggered uncontrollable event: EV_zone_b_not_visible
[balanced_delivery_supervisor-20] [INFO] [1789488664.533294684] [robot_0.robot_supervisor]: Selected controllable event: EV_move_forward
[balanced_delivery_supervisor-22] [INFO] [1789488664.601098559] [robot_2.robot_supervisor]: Triggered uncontrollable event: EV_obstacle_right
[balanced_delivery_supervisor-22] [INFO] [1789488664.604755049] [robot_2.robot_supervisor]: Selected controllable event: EV_u_turn
[balanced_delivery_supervisor-22] [INFO] [1789488664.605358640] [robot_2.robot_supervisor]: Starting FULL ROTATE (omega=1.000, have_odom=True, target_rad=3.142, timeout_s=3.500)
[balanced_delivery_supervisor-24] [INFO] [1789488664.676132373] [robot_1.robot_supervisor]: Triggered uncontrollable event: EV_obstacle_right
[balanced_delivery_supervisor-24] [INFO] [1789488664.676922423] [robot_1.robot_supervisor]: Selected controllable event: EV_rotate_counterclockwise
[balanced_delivery_supervisor-20] [INFO] [1789488664.738082599] [robot_0.robot_supervisor]: Selected controllable event: EV_search_zone
[balanced_delivery_supervisor-24] [INFO] [1789488664.779882159] [robot_1.robot_supervisor]: Triggered uncontrollable event: EV_obstacle_right
[balanced_delivery_supervisor-24] [INFO] [1789488664.780685999] [robot_1.robot_supervisor]: Selected controllable event: EV_rotate_counterclockwise
[color_detector-29] [INFO] [1789488664.782038808] [robot_2.target_detector]: RGB HEARTBEAT frames_total=230 recent_rate_hz=1.614 last_frame_age_s=0.537 status=OK
[color_detector-27] [INFO] [1789488664.785597089] [robot_0.target_detector]: RGB HEARTBEAT frames_total=230 recent_rate_hz=1.612 last_frame_age_s=0.585 status=OK
[color_detector-31] [INFO] [1789488664.792833153] [robot_1.target_detector]: RGB HEARTBEAT frames_total=230 recent_rate_hz=1.616 last_frame_age_s=0.526 status=OK
[balanced_delivery_supervisor-20] [INFO] [1789488664.944739416] [robot_0.robot_supervisor]: Triggered uncontrollable event: EV_zone_a_not_visible
[balanced_delivery_supervisor-20] [INFO] [1789488664.945464462] [robot_0.robot_supervisor]: Selected controllable event: EV_search_zone
[balanced_delivery_supervisor-24] [INFO] [1789488664.973565226] [robot_1.robot_supervisor]: Triggered uncontrollable event: EV_obstacle_right
[balanced_delivery_supervisor-24] [INFO] [1789488664.977962572] [robot_1.robot_supervisor]: Selected controllable event: EV_rotate_counterclockwise
[balanced_delivery_supervisor-24] [INFO] [1789488665.089416925] [robot_1.robot_supervisor]: Triggered uncontrollable event: EV_zone_a_not_visible
[balanced_delivery_supervisor-24] [INFO] [1789488665.089980407] [robot_1.robot_supervisor]: Triggered uncontrollable event: EV_obstacle_right
[balanced_delivery_supervisor-24] [INFO] [1789488665.095346629] [robot_1.robot_supervisor]: Triggered uncontrollable event: EV_zone_b_not_visible
[balanced_delivery_supervisor-24] [INFO] [1789488665.106025121] [robot_1.robot_supervisor]: Selected controllable event: EV_u_turn
[balanced_delivery_supervisor-20] [INFO] [1789488665.131825953] [robot_0.robot_supervisor]: Triggered uncontrollable event: EV_zone_b_not_visible
[balanced_delivery_supervisor-20] [INFO] [1789488665.149200983] [robot_0.robot_supervisor]: Selected controllable event: EV_move_forward
[balanced_delivery_supervisor-24] [INFO] [1789488665.171413464] [robot_1.robot_supervisor]: Triggered uncontrollable event: EV_obstacle_right
[balanced_delivery_supervisor-24] [INFO] [1789488665.172131435] [robot_1.robot_supervisor]: Selected controllable event: EV_u_turn
[balanced_delivery_supervisor-24] [INFO] [1789488665.280786949] [robot_1.robot_supervisor]: Triggered uncontrollable event: EV_obstacle_right
[balanced_delivery_supervisor-24] [INFO] [1789488665.281535769] [robot_1.robot_supervisor]: Selected controllable event: EV_rotate_counterclockwise
[balanced_delivery_supervisor-20] [INFO] [1789488665.432181751] [robot_0.robot_supervisor]: Selected controllable event: EV_search_zone
[balanced_delivery_supervisor-24] [INFO] [1789488665.496838890] [robot_1.robot_supervisor]: Triggered uncontrollable event: EV_obstacle_right
[balanced_delivery_supervisor-24] [INFO] [1789488665.497619287] [robot_1.robot_supervisor]: Selected controllable event: EV_u_turn
[balanced_delivery_supervisor-24] [INFO] [1789488665.514197717] [robot_1.robot_supervisor]: Starting FULL ROTATE (omega=1.000, have_odom=True, target_rad=3.142, timeout_s=3.500)
[balanced_delivery_supervisor-20] [INFO] [1789488665.545532338] [robot_0.robot_supervisor]: Triggered uncontrollable event: EV_zone_a_not_visible
[balanced_delivery_supervisor-20] [INFO] [1789488665.554072855] [robot_0.robot_supervisor]: Triggered uncontrollable event: EV_zone_b_not_visible
[balanced_delivery_supervisor-20] [INFO] [1789488665.554790019] [robot_0.robot_supervisor]: Selected controllable event: EV_move_forward
[balanced_delivery_supervisor-20] [INFO] [1789488665.825305699] [robot_0.robot_supervisor]: Selected controllable event: EV_move_forward
[balanced_delivery_supervisor-20] [INFO] [1789488666.056833595] [robot_0.robot_supervisor]: Selected controllable event: EV_search_zone
[balanced_delivery_supervisor-20] [INFO] [1789488666.251536191] [robot_0.robot_supervisor]: Triggered uncontrollable event: EV_zone_a_not_visible
[balanced_delivery_supervisor-20] [INFO] [1789488666.252315860] [robot_0.robot_supervisor]: Selected controllable event: EV_search_zone
[balanced_delivery_supervisor-20] [INFO] [1789488666.436120954] [robot_0.robot_supervisor]: Triggered uncontrollable event: EV_zone_b_not_visible
[balanced_delivery_supervisor-20] [INFO] [1789488666.446178474] [robot_0.robot_supervisor]: Selected controllable event: EV_search_zone
[balanced_delivery_supervisor-20] [INFO] [1789488666.641818033] [robot_0.robot_supervisor]: Selected controllable event: EV_move_forward
[balanced_delivery_supervisor-20] [INFO] [1789488666.930776430] [robot_0.robot_supervisor]: Triggered uncontrollable event: EV_zone_a_not_visible
[balanced_delivery_supervisor-20] [INFO] [1789488666.931368452] [robot_0.robot_supervisor]: Triggered uncontrollable event: EV_zone_b_not_visible
[balanced_delivery_supervisor-20] [INFO] [1789488666.948774454] [robot_0.robot_supervisor]: Selected controllable event: EV_move_forward
[balanced_delivery_supervisor-20] [INFO] [1789488667.229569353] [robot_0.robot_supervisor]: Selected controllable event: EV_search_zone
[balanced_delivery_supervisor-20] [INFO] [1789488667.430716117] [robot_0.robot_supervisor]: Selected controllable event: EV_search_zone
[balanced_delivery_supervisor-20] [INFO] [1789488667.632209205] [robot_0.robot_supervisor]: Triggered uncontrollable event: EV_zone_a_not_visible
[balanced_delivery_supervisor-20] [INFO] [1789488667.632736196] [robot_0.robot_supervisor]: Triggered uncontrollable event: EV_zone_b_not_visible
[balanced_delivery_supervisor-20] [INFO] [1789488667.633369800] [robot_0.robot_supervisor]: Selected controllable event: EV_move_forward
[balanced_delivery_supervisor-20] [INFO] [1789488667.928097059] [robot_0.robot_supervisor]: Selected controllable event: EV_search_zone
[balanced_delivery_supervisor-20] [INFO] [1789488668.040212722] [robot_0.robot_supervisor]: Triggered uncontrollable event: EV_zone_a_not_visible
[balanced_delivery_supervisor-20] [INFO] [1789488668.040744841] [robot_0.robot_supervisor]: Triggered uncontrollable event: EV_zone_b_not_visible
[balanced_delivery_supervisor-20] [INFO] [1789488668.041358520] [robot_0.robot_supervisor]: Selected controllable event: EV_move_forward
[balanced_delivery_supervisor-22] [INFO] [1789488668.182718919] [robot_2.robot_supervisor]: FULL ROTATE completed by timeout
[balanced_delivery_supervisor-20] [INFO] [1789488668.326863849] [robot_0.robot_supervisor]: Selected controllable event: EV_search_zone
[balanced_delivery_supervisor-22] [INFO] [1789488668.401870914] [robot_2.robot_supervisor]: Triggered uncontrollable event: EV_zone_a_visible
[balanced_delivery_supervisor-22] [INFO] [1789488668.402327661] [robot_2.robot_supervisor]: Triggered uncontrollable event: EV_zone_b_visible
[balanced_delivery_supervisor-22] [INFO] [1789488668.411809072] [robot_2.robot_supervisor]: Selected controllable event: EV_move_forward
[balanced_delivery_supervisor-20] [INFO] [1789488668.436276914] [robot_0.robot_supervisor]: Selected controllable event: EV_move_forward
[balanced_delivery_supervisor-22] [INFO] [1789488668.686736063] [robot_2.robot_supervisor]: Triggered uncontrollable event: EV_zone_a_visible
[balanced_delivery_supervisor-22] [INFO] [1789488668.689379963] [robot_2.robot_supervisor]: Triggered uncontrollable event: EV_zone_b_visible
[balanced_delivery_supervisor-22] [INFO] [1789488668.692469576] [robot_2.robot_supervisor]: Selected controllable event: EV_approach_zone
[balanced_delivery_supervisor-20] [INFO] [1789488668.734637860] [robot_0.robot_supervisor]: Triggered uncontrollable event: EV_zone_a_visible
[balanced_delivery_supervisor-20] [INFO] [1789488668.735224203] [robot_0.robot_supervisor]: Triggered uncontrollable event: EV_zone_b_not_visible
[balanced_delivery_supervisor-20] [INFO] [1789488668.738388010] [robot_0.robot_supervisor]: Selected controllable event: EV_move_forward
[balanced_delivery_supervisor-22] [INFO] [1789488668.894924986] [robot_2.robot_supervisor]: Selected controllable event: EV_approach_zone
[balanced_delivery_supervisor-20] [INFO] [1789488669.042754302] [robot_0.robot_supervisor]: Selected controllable event: EV_approach_zone
[balanced_delivery_supervisor-24] [INFO] [1789488669.090310239] [robot_1.robot_supervisor]: FULL ROTATE completed by timeout
[balanced_delivery_supervisor-22] [INFO] [1789488669.192119547] [robot_2.robot_supervisor]: Selected controllable event: EV_approach_zone
[balanced_delivery_supervisor-20] [INFO] [1789488669.334829705] [robot_0.robot_supervisor]: Triggered uncontrollable event: EV_zone_a_visible
[balanced_delivery_supervisor-20] [INFO] [1789488669.338030744] [robot_0.robot_supervisor]: Triggered uncontrollable event: EV_zone_b_not_visible
[balanced_delivery_supervisor-20] [INFO] [1789488669.345570202] [robot_0.robot_supervisor]: Selected controllable event: EV_approach_zone
[balanced_delivery_supervisor-24] [INFO] [1789488669.375257895] [robot_1.robot_supervisor]: Triggered uncontrollable event: EV_zone_a_not_visible
[balanced_delivery_supervisor-24] [INFO] [1789488669.379510632] [robot_1.robot_supervisor]: Triggered uncontrollable event: EV_zone_b_not_visible
[balanced_delivery_supervisor-24] [INFO] [1789488669.381363726] [robot_1.robot_supervisor]: Selected controllable event: EV_search_zone
[balanced_delivery_supervisor-22] [INFO] [1789488669.497722561] [robot_2.robot_supervisor]: Triggered uncontrollable event: EV_zone_a_visible
[balanced_delivery_supervisor-22] [INFO] [1789488669.498204900] [robot_2.robot_supervisor]: Triggered uncontrollable event: EV_zone_b_visible
[balanced_delivery_supervisor-22] [INFO] [1789488669.498910161] [robot_2.robot_supervisor]: Selected controllable event: EV_move_forward
[balanced_delivery_supervisor-24] [INFO] [1789488669.575172871] [robot_1.robot_supervisor]: Selected controllable event: EV_search_zone
[balanced_delivery_supervisor-20] [INFO] [1789488669.639821536] [robot_0.robot_supervisor]: Selected controllable event: EV_approach_zone
[balanced_delivery_supervisor-24] [INFO] [1789488669.680318786] [robot_1.robot_supervisor]: Selected controllable event: EV_search_zone
[balanced_delivery_supervisor-22] [INFO] [1789488669.701106071] [robot_2.robot_supervisor]: Selected controllable event: EV_move_forward
[balanced_delivery_supervisor-24] [INFO] [1789488669.868304033] [robot_1.robot_supervisor]: Triggered uncontrollable event: EV_zone_a_visible
[balanced_delivery_supervisor-24] [INFO] [1789488669.868868350] [robot_1.robot_supervisor]: Triggered uncontrollable event: EV_zone_b_not_visible
[balanced_delivery_supervisor-24] [INFO] [1789488669.869435322] [robot_1.robot_supervisor]: Selected controllable event: EV_approach_zone
[balanced_delivery_supervisor-20] [INFO] [1789488669.943142512] [robot_0.robot_supervisor]: Triggered uncontrollable event: EV_zone_a_visible
[balanced_delivery_supervisor-20] [INFO] [1789488669.943722889] [robot_0.robot_supervisor]: Triggered uncontrollable event: EV_zone_b_not_visible
[balanced_delivery_supervisor-20] [INFO] [1789488669.944305219] [robot_0.robot_supervisor]: Selected controllable event: EV_move_forward
[balanced_delivery_supervisor-22] [INFO] [1789488669.978832132] [robot_2.robot_supervisor]: Triggered uncontrollable event: EV_zone_a_visible
[balanced_delivery_supervisor-22] [INFO] [1789488669.980218722] [robot_2.robot_supervisor]: Triggered uncontrollable event: EV_zone_b_visible
[balanced_delivery_supervisor-22] [INFO] [1789488669.980947963] [robot_2.robot_supervisor]: Selected controllable event: EV_move_forward
[balanced_delivery_supervisor-24] [INFO] [1789488670.078934224] [robot_1.robot_supervisor]: Selected controllable event: EV_move_forward
[balanced_delivery_supervisor-22] [INFO] [1789488670.196913737] [robot_2.robot_supervisor]: Selected controllable event: EV_move_forward
[balanced_delivery_supervisor-20] [INFO] [1789488670.239415272] [robot_0.robot_supervisor]: Triggered uncontrollable event: EV_zone_a_visible
[balanced_delivery_supervisor-20] [INFO] [1789488670.239982324] [robot_0.robot_supervisor]: Triggered uncontrollable event: EV_zone_b_not_visible
[balanced_delivery_supervisor-20] [INFO] [1789488670.240590287] [robot_0.robot_supervisor]: Selected controllable event: EV_approach_zone
[balanced_delivery_supervisor-24] [INFO] [1789488670.381190947] [robot_1.robot_supervisor]: Triggered uncontrollable event: EV_zone_a_visible
[balanced_delivery_supervisor-24] [INFO] [1789488670.381785207] [robot_1.robot_supervisor]: Triggered uncontrollable event: EV_zone_b_not_visible
[balanced_delivery_supervisor-24] [INFO] [1789488670.384627457] [robot_1.robot_supervisor]: Selected controllable event: EV_move_forward
[balanced_delivery_supervisor-22] [INFO] [1789488670.399812026] [robot_2.robot_supervisor]: Triggered uncontrollable event: EV_zone_a_visible
[balanced_delivery_supervisor-22] [INFO] [1789488670.400411085] [robot_2.robot_supervisor]: Triggered uncontrollable event: EV_zone_b_visible
[balanced_delivery_supervisor-22] [INFO] [1789488670.401114586] [robot_2.robot_supervisor]: Selected controllable event: EV_move_forward
[balanced_delivery_supervisor-20] [INFO] [1789488670.544232848] [robot_0.robot_supervisor]: Selected controllable event: EV_approach_zone
[color_detector-29] [INFO] [1789488670.669806340] [robot_2.target_detector]: RGB HEARTBEAT frames_total=240 recent_rate_hz=1.698 last_frame_age_s=0.486 status=OK
[balanced_delivery_supervisor-24] [INFO] [1789488670.679136514] [robot_1.robot_supervisor]: Selected controllable event: EV_approach_zone
[balanced_delivery_supervisor-22] [INFO] [1789488670.688062949] [robot_2.robot_supervisor]: Selected controllable event: EV_approach_zone
[color_detector-27] [INFO] [1789488670.691730091] [robot_0.target_detector]: RGB HEARTBEAT frames_total=240 recent_rate_hz=1.693 last_frame_age_s=0.536 status=OK
[color_detector-31] [INFO] [1789488670.696210167] [robot_1.target_detector]: RGB HEARTBEAT frames_total=240 recent_rate_hz=1.694 last_frame_age_s=0.437 status=OK
[balanced_delivery_supervisor-20] [INFO] [1789488670.830300064] [robot_0.robot_supervisor]: Triggered uncontrollable event: EV_zone_a_visible
[balanced_delivery_supervisor-20] [INFO] [1789488670.830726141] [robot_0.robot_supervisor]: Triggered uncontrollable event: EV_zone_b_not_visible
[balanced_delivery_supervisor-20] [INFO] [1789488670.831228200] [robot_0.robot_supervisor]: Selected controllable event: EV_move_forward
[balanced_delivery_supervisor-24] [INFO] [1789488670.982269854] [robot_1.robot_supervisor]: Triggered uncontrollable event: EV_zone_a_visible
[balanced_delivery_supervisor-24] [INFO] [1789488670.983650327] [robot_1.robot_supervisor]: Triggered uncontrollable event: EV_zone_b_not_visible
[balanced_delivery_supervisor-24] [INFO] [1789488670.989562258] [robot_1.robot_supervisor]: Selected controllable event: EV_approach_zone
[balanced_delivery_supervisor-22] [INFO] [1789488670.993197795] [robot_2.robot_supervisor]: Triggered uncontrollable event: EV_zone_a_visible
[balanced_delivery_supervisor-22] [INFO] [1789488670.993729644] [robot_2.robot_supervisor]: Triggered uncontrollable event: EV_zone_b_visible
[balanced_delivery_supervisor-22] [INFO] [1789488670.994186259] [robot_2.robot_supervisor]: Triggered uncontrollable event: EV_obstacle_left
[balanced_delivery_supervisor-22] [INFO] [1789488671.000312862] [robot_2.robot_supervisor]: Selected controllable event: EV_u_turn
[balanced_delivery_supervisor-22] [INFO] [1789488671.004395823] [robot_2.robot_supervisor]: Starting FULL ROTATE (omega=1.000, have_odom=True, target_rad=3.142, timeout_s=3.500)
[balanced_delivery_supervisor-20] [INFO] [1789488671.038387162] [robot_0.robot_supervisor]: Selected controllable event: EV_move_forward
[balanced_delivery_supervisor-24] [INFO] [1789488671.285899490] [robot_1.robot_supervisor]: Selected controllable event: EV_approach_zone
[balanced_delivery_supervisor-20] [INFO] [1789488671.342946033] [robot_0.robot_supervisor]: Selected controllable event: EV_move_forward
[balanced_delivery_supervisor-20] [INFO] [1789488671.553349691] [robot_0.robot_supervisor]: DELIVERED zone_a; balance=equal
[balanced_delivery_supervisor-20] [INFO] [1789488671.560180843] [robot_0.robot_supervisor]: Triggered uncontrollable event: EV_zone_b_not_visible
[balanced_delivery_supervisor-20] [INFO] [1789488671.560711531] [robot_0.robot_supervisor]: Triggered uncontrollable event: EV_zone_a_reached
[balanced_delivery_supervisor-20] [INFO] [1789488671.561524667] [robot_0.robot_supervisor]: Selected controllable event: EV_drop_zone_a
[balanced_delivery_supervisor-24] [INFO] [1789488671.573808972] [robot_1.robot_supervisor]: Selected controllable event: EV_approach_zone
[balanced_delivery_supervisor-22] [INFO] [1789488671.586478018] [robot_2.robot_supervisor]: RECEIVED zone_a; balance=equal
[balanced_delivery_supervisor-24] [INFO] [1789488671.590279152] [robot_1.robot_supervisor]: RECEIVED zone_a; balance=equal
[balanced_delivery_supervisor-20] [INFO] [1789488671.618928425] [robot_0.robot_supervisor]: Delivered cargo 'robot_0_carried_generic_box' removed.
[balanced_delivery_supervisor-20] [INFO] [1789488671.649203672] [robot_0.robot_supervisor]: Selected controllable event: EV_move_forward
[balanced_delivery_supervisor-24] [INFO] [1789488671.789775409] [robot_1.robot_supervisor]: Triggered uncontrollable event: EV_zone_a_visible
[balanced_delivery_supervisor-24] [INFO] [1789488671.790629269] [robot_1.robot_supervisor]: Triggered uncontrollable event: EV_received_delivered_zone_a
[balanced_delivery_supervisor-24] [INFO] [1789488671.791085481] [robot_1.robot_supervisor]: Triggered uncontrollable event: EV_zone_b_not_visible
[balanced_delivery_supervisor-24] [INFO] [1789488671.803413034] [robot_1.robot_supervisor]: Selected controllable event: EV_move_forward
[balanced_delivery_supervisor-20] [INFO] [1789488671.927362530] [robot_0.robot_supervisor]: Selected controllable event: EV_search_object
[balanced_delivery_supervisor-20] [INFO] [1789488672.044074002] [robot_0.robot_supervisor]: Selected controllable event: EV_search_object
[balanced_delivery_supervisor-24] [INFO] [1789488672.089005422] [robot_1.robot_supervisor]: Selected controllable event: EV_move_forward
[balanced_delivery_supervisor-20] [INFO] [1789488672.224293363] [robot_0.robot_supervisor]: Selected controllable event: EV_publish_delivered_zone_a
[balanced_delivery_supervisor-20] [INFO] [1789488672.332952704] [robot_0.robot_supervisor]: Selected controllable event: EV_move_forward
[balanced_delivery_supervisor-24] [INFO] [1789488672.374780433] [robot_1.robot_supervisor]: Triggered uncontrollable event: EV_zone_a_visible
[balanced_delivery_supervisor-24] [INFO] [1789488672.375285927] [robot_1.robot_supervisor]: Triggered uncontrollable event: EV_zone_b_not_visible
[balanced_delivery_supervisor-24] [INFO] [1789488672.375885577] [robot_1.robot_supervisor]: Selected controllable event: EV_approach_zone
[balanced_delivery_supervisor-24] [INFO] [1789488672.586700361] [robot_1.robot_supervisor]: Selected controllable event: EV_move_forward
[balanced_delivery_supervisor-20] [INFO] [1789488672.623397007] [robot_0.robot_supervisor]: Triggered uncontrollable event: EV_obstacle_right
[balanced_delivery_supervisor-20] [INFO] [1789488672.624032198] [robot_0.robot_supervisor]: Selected controllable event: EV_rotate_counterclockwise
[balanced_delivery_supervisor-20] [INFO] [1789488672.730046411] [robot_0.robot_supervisor]: Triggered uncontrollable event: EV_obstacle_right
[balanced_delivery_supervisor-20] [INFO] [1789488672.732240409] [robot_0.robot_supervisor]: Selected controllable event: EV_u_turn
[balanced_delivery_supervisor-20] [INFO] [1789488672.733589359] [robot_0.robot_supervisor]: Starting FULL ROTATE (omega=1.000, have_odom=True, target_rad=3.142, timeout_s=3.500)
[balanced_delivery_supervisor-24] [INFO] [1789488672.880833333] [robot_1.robot_supervisor]: Triggered uncontrollable event: EV_zone_a_visible
[balanced_delivery_supervisor-24] [INFO] [1789488672.889436964] [robot_1.robot_supervisor]: Triggered uncontrollable event: EV_zone_b_not_visible
[balanced_delivery_supervisor-24] [INFO] [1789488672.892581114] [robot_1.robot_supervisor]: Selected controllable event: EV_approach_zone
[balanced_delivery_supervisor-24] [INFO] [1789488673.175415610] [robot_1.robot_supervisor]: Triggered uncontrollable event: EV_zone_a_visible
[balanced_delivery_supervisor-24] [INFO] [1789488673.176142611] [robot_1.robot_supervisor]: Selected controllable event: EV_move_forward
[balanced_delivery_supervisor-24] [INFO] [1789488673.478654166] [robot_1.robot_supervisor]: Triggered uncontrollable event: EV_zone_b_reached
[balanced_delivery_supervisor-24] [INFO] [1789488673.479350181] [robot_1.robot_supervisor]: Selected controllable event: EV_move_forward
[balanced_delivery_supervisor-24] [INFO] [1789488673.682183697] [robot_1.robot_supervisor]: Selected controllable event: EV_move_forward
[balanced_delivery_supervisor-24] [INFO] [1789488673.971530970] [robot_1.robot_supervisor]: Triggered uncontrollable event: EV_zone_a_visible
[balanced_delivery_supervisor-24] [INFO] [1789488673.976822987] [robot_1.robot_supervisor]: Triggered uncontrollable event: EV_zone_b_reached
[balanced_delivery_supervisor-24] [INFO] [1789488673.977491783] [robot_1.robot_supervisor]: Selected controllable event: EV_approach_zone
[balanced_delivery_supervisor-24] [INFO] [1789488674.188940798] [robot_1.robot_supervisor]: Selected controllable event: EV_approach_zone
[balanced_delivery_supervisor-24] [INFO] [1789488674.471712763] [robot_1.robot_supervisor]: Triggered uncontrollable event: EV_zone_a_visible
[balanced_delivery_supervisor-24] [INFO] [1789488674.472260844] [robot_1.robot_supervisor]: Triggered uncontrollable event: EV_zone_b_reached
[balanced_delivery_supervisor-24] [INFO] [1789488674.472919481] [robot_1.robot_supervisor]: Selected controllable event: EV_move_forward
[balanced_delivery_supervisor-22] [INFO] [1789488674.584632309] [robot_2.robot_supervisor]: FULL ROTATE completed by timeout
[balanced_delivery_supervisor-24] [INFO] [1789488674.686209448] [robot_1.robot_supervisor]: Selected controllable event: EV_approach_zone
[balanced_delivery_supervisor-22] [INFO] [1789488674.793964913] [robot_2.robot_supervisor]: Triggered uncontrollable event: EV_received_delivered_zone_a
[balanced_delivery_supervisor-22] [INFO] [1789488674.794506029] [robot_2.robot_supervisor]: Triggered uncontrollable event: EV_zone_b_not_visible
[balanced_delivery_supervisor-22] [INFO] [1789488674.794975277] [robot_2.robot_supervisor]: Triggered uncontrollable event: EV_zone_a_reached
[balanced_delivery_supervisor-22] [INFO] [1789488674.795672733] [robot_2.robot_supervisor]: Selected controllable event: EV_search_zone
[balanced_delivery_supervisor-24] [INFO] [1789488674.976173199] [robot_1.robot_supervisor]: Triggered uncontrollable event: EV_zone_a_visible
[balanced_delivery_supervisor-24] [INFO] [1789488674.983969730] [robot_1.robot_supervisor]: Triggered uncontrollable event: EV_zone_b_reached
[balanced_delivery_supervisor-24] [INFO] [1789488674.984659486] [robot_1.robot_supervisor]: Selected controllable event: EV_move_forward
[balanced_delivery_supervisor-22] [INFO] [1789488674.991969050] [robot_2.robot_supervisor]: Selected controllable event: EV_move_forward
[balanced_delivery_supervisor-22] [INFO] [1789488675.198486516] [robot_2.robot_supervisor]: Selected controllable event: EV_move_forward
[balanced_delivery_supervisor-24] [INFO] [1789488675.279863333] [robot_1.robot_supervisor]: Selected controllable event: EV_move_forward
[balanced_delivery_supervisor-22] [INFO] [1789488675.494937786] [robot_2.robot_supervisor]: Triggered uncontrollable event: EV_zone_a_not_visible
[balanced_delivery_supervisor-22] [INFO] [1789488675.495509074] [robot_2.robot_supervisor]: Triggered uncontrollable event: EV_zone_b_not_visible
[balanced_delivery_supervisor-22] [INFO] [1789488675.496185735] [robot_2.robot_supervisor]: Selected controllable event: EV_search_zone
[balanced_delivery_supervisor-24] [INFO] [1789488675.581124314] [robot_1.robot_supervisor]: Triggered uncontrollable event: EV_zone_a_visible
[balanced_delivery_supervisor-24] [INFO] [1789488675.587113673] [robot_1.robot_supervisor]: Triggered uncontrollable event: EV_zone_b_reached
[balanced_delivery_supervisor-24] [INFO] [1789488675.597336900] [robot_1.robot_supervisor]: Selected controllable event: EV_move_forward
[balanced_delivery_supervisor-22] [INFO] [1789488675.687554757] [robot_2.robot_supervisor]: Selected controllable event: EV_search_zone
[balanced_delivery_supervisor-24] [INFO] [1789488675.885294291] [robot_1.robot_supervisor]: Selected controllable event: EV_move_forward
[balanced_delivery_supervisor-22] [INFO] [1789488675.900373878] [robot_2.robot_supervisor]: Selected controllable event: EV_search_zone
[balanced_delivery_supervisor-24] [INFO] [1789488676.087461957] [robot_1.robot_supervisor]: Triggered uncontrollable event: EV_zone_a_visible
[balanced_delivery_supervisor-24] [INFO] [1789488676.087975468] [robot_1.robot_supervisor]: Triggered uncontrollable event: EV_zone_b_reached
[balanced_delivery_supervisor-24] [INFO] [1789488676.088617687] [robot_1.robot_supervisor]: Selected controllable event: EV_approach_zone
[balanced_delivery_supervisor-22] [INFO] [1789488676.105840719] [robot_2.robot_supervisor]: Triggered uncontrollable event: EV_zone_a_not_visible
[balanced_delivery_supervisor-22] [INFO] [1789488676.106465336] [robot_2.robot_supervisor]: Triggered uncontrollable event: EV_zone_b_not_visible
[balanced_delivery_supervisor-22] [INFO] [1789488676.110034321] [robot_2.robot_supervisor]: Selected controllable event: EV_move_forward
[color_detector-27] [INFO] [1789488676.296606656] [robot_0.target_detector]: RGB HEARTBEAT frames_total=250 recent_rate_hz=1.784 last_frame_age_s=0.481 status=OK
[color_detector-31] [INFO] [1789488676.308710709] [robot_1.target_detector]: RGB HEARTBEAT frames_total=250 recent_rate_hz=1.782 last_frame_age_s=0.386 status=OK
[color_detector-29] [INFO] [1789488676.310899876] [robot_2.target_detector]: RGB HEARTBEAT frames_total=250 recent_rate_hz=1.779 last_frame_age_s=0.421 status=OK
[balanced_delivery_supervisor-20] [INFO] [1789488676.344947663] [robot_0.robot_supervisor]: FULL ROTATE completed by timeout
[balanced_delivery_supervisor-24] [INFO] [1789488676.374005742] [robot_1.robot_supervisor]: Selected controllable event: EV_approach_zone
[balanced_delivery_supervisor-22] [INFO] [1789488676.389199427] [robot_2.robot_supervisor]: Selected controllable event: EV_search_zone
[balanced_delivery_supervisor-22] [INFO] [1789488676.498646982] [robot_2.robot_supervisor]: Triggered uncontrollable event: EV_zone_a_not_visible
[balanced_delivery_supervisor-22] [INFO] [1789488676.499156027] [robot_2.robot_supervisor]: Triggered uncontrollable event: EV_zone_b_not_visible
[balanced_delivery_supervisor-22] [INFO] [1789488676.505776885] [robot_2.robot_supervisor]: Selected controllable event: EV_search_zone
[balanced_delivery_supervisor-24] [INFO] [1789488676.581581855] [robot_1.robot_supervisor]: Triggered uncontrollable event: EV_zone_a_visible
[balanced_delivery_supervisor-24] [INFO] [1789488676.588263201] [robot_1.robot_supervisor]: Triggered uncontrollable event: EV_zone_b_reached
[balanced_delivery_supervisor-24] [INFO] [1789488676.598075844] [robot_1.robot_supervisor]: Selected controllable event: EV_approach_zone
[balanced_delivery_supervisor-20] [INFO] [1789488676.627799137] [robot_0.robot_supervisor]: Selected controllable event: EV_move_forward
[balanced_delivery_supervisor-22] [INFO] [1789488676.694538353] [robot_2.robot_supervisor]: Selected controllable event: EV_move_forward
[balanced_delivery_supervisor-20] [INFO] [1789488676.836091245] [robot_0.robot_supervisor]: Selected controllable event: EV_move_forward
[balanced_delivery_supervisor-24] [INFO] [1789488676.875698470] [robot_1.robot_supervisor]: Selected controllable event: EV_move_forward
[balanced_delivery_supervisor-22] [INFO] [1789488676.997746763] [robot_2.robot_supervisor]: Triggered uncontrollable event: EV_zone_a_not_visible
[balanced_delivery_supervisor-22] [INFO] [1789488676.998273649] [robot_2.robot_supervisor]: Triggered uncontrollable event: EV_zone_b_not_visible
[balanced_delivery_supervisor-22] [INFO] [1789488677.012936173] [robot_2.robot_supervisor]: Selected controllable event: EV_move_forward
[balanced_delivery_supervisor-24] [INFO] [1789488677.088735261] [robot_1.robot_supervisor]: Triggered uncontrollable event: EV_zone_a_visible
[balanced_delivery_supervisor-24] [INFO] [1789488677.097420121] [robot_1.robot_supervisor]: Triggered uncontrollable event: EV_zone_b_reached
[balanced_delivery_supervisor-24] [INFO] [1789488677.099322869] [robot_1.robot_supervisor]: Selected controllable event: EV_approach_zone
[balanced_delivery_supervisor-20] [INFO] [1789488677.137664511] [robot_0.robot_supervisor]: Selected controllable event: EV_search_object
[balanced_delivery_supervisor-22] [INFO] [1789488677.296985116] [robot_2.robot_supervisor]: Selected controllable event: EV_search_zone
[balanced_delivery_supervisor-20] [INFO] [1789488677.333009748] [robot_0.robot_supervisor]: Selected controllable event: EV_move_forward
[balanced_delivery_supervisor-24] [INFO] [1789488677.370922642] [robot_1.robot_supervisor]: Selected controllable event: EV_move_forward
[balanced_delivery_supervisor-22] [INFO] [1789488677.481783269] [robot_2.robot_supervisor]: Selected controllable event: EV_move_forward
[balanced_delivery_supervisor-24] [INFO] [1789488677.581103648] [robot_1.robot_supervisor]: Selected controllable event: EV_move_forward
[balanced_delivery_supervisor-20] [INFO] [1789488677.624551005] [robot_0.robot_supervisor]: Selected controllable event: EV_move_forward
[balanced_delivery_supervisor-22] [INFO] [1789488677.684724809] [robot_2.robot_supervisor]: Triggered uncontrollable event: EV_zone_a_not_visible
[balanced_delivery_supervisor-22] [INFO] [1789488677.685451365] [robot_2.robot_supervisor]: Triggered uncontrollable event: EV_zone_b_not_visible
[balanced_delivery_supervisor-22] [INFO] [1789488677.686155615] [robot_2.robot_supervisor]: Selected controllable event: EV_move_forward
[balanced_delivery_supervisor-20] [INFO] [1789488677.828526469] [robot_0.robot_supervisor]: Selected controllable event: EV_move_forward
[balanced_delivery_supervisor-24] [INFO] [1789488677.873327287] [robot_1.robot_supervisor]: Triggered uncontrollable event: EV_zone_a_visible
[balanced_delivery_supervisor-24] [INFO] [1789488677.878309171] [robot_1.robot_supervisor]: Triggered uncontrollable event: EV_zone_b_reached
[balanced_delivery_supervisor-24] [INFO] [1789488677.886016288] [robot_1.robot_supervisor]: Selected controllable event: EV_move_forward
[balanced_delivery_supervisor-22] [INFO] [1789488677.998807198] [robot_2.robot_supervisor]: Selected controllable event: EV_search_zone
[INFO] [coverage_counter-4]: process has finished cleanly [pid 69028]
[INFO] [launch]: process[coverage_counter-4] was required: shutting down launched system
[INFO] [color_detector-31]: sending signal 'SIGINT' to process[color_detector-31]
[INFO] [image_processor-30]: sending signal 'SIGINT' to process[image_processor-30]
[INFO] [color_detector-29]: sending signal 'SIGINT' to process[color_detector-29]
[INFO] [image_processor-28]: sending signal 'SIGINT' to process[image_processor-28]
[INFO] [color_detector-27]: sending signal 'SIGINT' to process[color_detector-27]
[INFO] [image_processor-26]: sending signal 'SIGINT' to process[image_processor-26]
[INFO] [stuck_recovery-25]: sending signal 'SIGINT' to process[stuck_recovery-25]
[INFO] [balanced_delivery_supervisor-24]: sending signal 'SIGINT' to process[balanced_delivery_supervisor-24]
[INFO] [stuck_recovery-23]: sending signal 'SIGINT' to process[stuck_recovery-23]
[INFO] [balanced_delivery_supervisor-22]: sending signal 'SIGINT' to process[balanced_delivery_supervisor-22]
[INFO] [stuck_recovery-21]: sending signal 'SIGINT' to process[stuck_recovery-21]
[INFO] [balanced_delivery_supervisor-20]: sending signal 'SIGINT' to process[balanced_delivery_supervisor-20]
[INFO] [parameter_bridge-19]: sending signal 'SIGINT' to process[parameter_bridge-19]
[INFO] [image_bridge-18]: sending signal 'SIGINT' to process[image_bridge-18]
[INFO] [parameter_bridge-19]: process has finished cleanly [pid 69201]
[INFO] [static_transform_publisher-17]: sending signal 'SIGINT' to process[static_transform_publisher-17]
[INFO] [robot_state_publisher-15]: sending signal 'SIGINT' to process[robot_state_publisher-15]
[INFO] [image_bridge-14]: sending signal 'SIGINT' to process[image_bridge-14]
[INFO] [static_transform_publisher-13]: sending signal 'SIGINT' to process[static_transform_publisher-13]
[INFO] [robot_state_publisher-11]: sending signal 'SIGINT' to process[robot_state_publisher-11]
[INFO] [image_bridge-10]: sending signal 'SIGINT' to process[image_bridge-10]
[INFO] [static_transform_publisher-9]: sending signal 'SIGINT' to process[static_transform_publisher-9]
[INFO] [robot_state_publisher-7]: sending signal 'SIGINT' to process[robot_state_publisher-7]
[INFO] [parameter_bridge-6]: sending signal 'SIGINT' to process[parameter_bridge-6]
[INFO] [bump_counter-5]: sending signal 'SIGINT' to process[bump_counter-5]
[INFO] [simulation_video_recorder-3]: sending signal 'SIGINT' to process[simulation_video_recorder-3]
[INFO] [parameter_bridge-6]: process has finished cleanly [pid 69036]
[INFO] [image_bridge-2]: sending signal 'SIGINT' to process[image_bridge-2]
[INFO] [ign gazebo-1]: sending signal 'SIGINT' to process[ign gazebo-1]
[balanced_delivery_supervisor-20] [INFO] [1789488678.127822099] [robot_0.robot_supervisor]: Selected controllable event: EV_search_object
[balanced_delivery_supervisor-20] [INFO] [1789488678.232242759] [robot_0.robot_supervisor]: Selected controllable event: EV_move_forward
[balanced_delivery_supervisor-24] [INFO] [1789488678.183228607] [robot_1.robot_supervisor]: Selected controllable event: EV_approach_zone
[balanced_delivery_supervisor-22] [INFO] [1789488678.187827305] [robot_2.robot_supervisor]: Selected controllable event: EV_move_forward
[balanced_delivery_supervisor-22] [INFO] [1789488678.403915260] [robot_2.robot_supervisor]: Triggered uncontrollable event: EV_zone_a_not_visible
[balanced_delivery_supervisor-22] [INFO] [1789488678.404489873] [robot_2.robot_supervisor]: Triggered uncontrollable event: EV_obstacle_right
[balanced_delivery_supervisor-22] [INFO] [1789488678.412092308] [robot_2.robot_supervisor]: Triggered uncontrollable event: EV_zone_b_not_visible
[balanced_delivery_supervisor-22] [INFO] [1789488678.417140506] [robot_2.robot_supervisor]: Selected controllable event: EV_u_turn
[balanced_delivery_supervisor-22] [INFO] [1789488678.417926922] [robot_2.robot_supervisor]: Starting FULL ROTATE (omega=1.000, have_odom=True, target_rad=3.142, timeout_s=3.500)
[balanced_delivery_supervisor-24] [INFO] [1789488678.405618331] [robot_1.robot_supervisor]: Selected controllable event: EV_move_forward
[balanced_delivery_supervisor-20] [INFO] [1789488678.440815094] [robot_0.robot_supervisor]: Selected controllable event: EV_move_forward
[balanced_delivery_supervisor-24] [INFO] [1789488678.693363729] [robot_1.robot_supervisor]: Selected controllable event: EV_approach_zone
[balanced_delivery_supervisor-20] [INFO] [1789488678.732465755] [robot_0.robot_supervisor]: Selected controllable event: EV_search_object
[balanced_delivery_supervisor-20] [INFO] [1789488678.933166112] [robot_0.robot_supervisor]: Selected controllable event: EV_move_forward
[parameter_bridge-19] [INFO] [1789488679.081623542] [rclcpp]: signal_handler(SIGINT/SIGTERM)
[image_bridge-18] [INFO] [1789488679.186259475] [rclcpp]: signal_handler(SIGINT/SIGTERM)
[static_transform_publisher-17] [INFO] [1789488679.214496322] [rclcpp]: signal_handler(SIGINT/SIGTERM)
[robot_state_publisher-15] [INFO] [1789488679.246931214] [rclcpp]: signal_handler(SIGINT/SIGTERM)
[image_bridge-14] [INFO] [1789488679.287613572] [rclcpp]: signal_handler(SIGINT/SIGTERM)
[static_transform_publisher-13] [INFO] [1789488679.322865051] [rclcpp]: signal_handler(SIGINT/SIGTERM)
[robot_state_publisher-11] [INFO] [1789488679.351401740] [rclcpp]: signal_handler(SIGINT/SIGTERM)
[image_bridge-10] [INFO] [1789488679.370019613] [rclcpp]: signal_handler(SIGINT/SIGTERM)
[static_transform_publisher-9] [INFO] [1789488679.432305798] [rclcpp]: signal_handler(SIGINT/SIGTERM)
[robot_state_publisher-7] [INFO] [1789488679.480545591] [rclcpp]: signal_handler(SIGINT/SIGTERM)
[parameter_bridge-6] [INFO] [1789488679.523936109] [rclcpp]: signal_handler(SIGINT/SIGTERM)
[image_bridge-2] [INFO] [1789488679.668365751] [rclcpp]: signal_handler(SIGINT/SIGTERM)
[color_detector-31] Traceback (most recent call last):
[color_detector-31]   File "/home/ecem/sct_ws/install/leo_image_processing/lib/leo_image_processing/color_detector", line 33, in <module>
[color_detector-31]     sys.exit(load_entry_point('leo-image-processing==0.0.0', 'console_scripts', 'color_detector')())
[color_detector-31]   File "/home/ecem/sct_ws/install/leo_image_processing/lib/python3.10/site-packages/color_detector.py", line 330, in main
[color_detector-31]     rclpy.shutdown()
[color_detector-31]   File "/opt/ros/humble/local/lib/python3.10/dist-packages/rclpy/__init__.py", line 130, in shutdown
[color_detector-31]     _shutdown(context=context)
[color_detector-31]   File "/opt/ros/humble/local/lib/python3.10/dist-packages/rclpy/utilities.py", line 58, in shutdown
[color_detector-31]     return context.shutdown()
[color_detector-31]   File "/opt/ros/humble/local/lib/python3.10/dist-packages/rclpy/context.py", line 102, in shutdown
[color_detector-31]     self.__context.shutdown()
[color_detector-31] rclpy._rclpy_pybind11.RCLError: failed to shutdown: rcl_shutdown already called on the given context, at ./src/rcl/init.c:241
[image_processor-30] Traceback (most recent call last):
[image_processor-30]   File "/home/ecem/sct_ws/install/leo_image_processing/lib/leo_image_processing/image_processor", line 33, in <module>
[image_processor-30]     sys.exit(load_entry_point('leo-image-processing==0.0.0', 'console_scripts', 'image_processor')())
[image_processor-30]   File "/home/ecem/sct_ws/install/leo_image_processing/lib/python3.10/site-packages/leo_image_processing.py", line 118, in main
[image_processor-30]     rclpy.shutdown()
[image_processor-30]   File "/opt/ros/humble/local/lib/python3.10/dist-packages/rclpy/__init__.py", line 130, in shutdown
[image_processor-30]     _shutdown(context=context)
[image_processor-30]   File "/opt/ros/humble/local/lib/python3.10/dist-packages/rclpy/utilities.py", line 58, in shutdown
[image_processor-30]     return context.shutdown()
[image_processor-30]   File "/opt/ros/humble/local/lib/python3.10/dist-packages/rclpy/context.py", line 102, in shutdown
[image_processor-30]     self.__context.shutdown()
[image_processor-30] rclpy._rclpy_pybind11.RCLError: failed to shutdown: rcl_shutdown already called on the given context, at ./src/rcl/init.c:241
[color_detector-29] Traceback (most recent call last):
[color_detector-29]   File "/home/ecem/sct_ws/install/leo_image_processing/lib/leo_image_processing/color_detector", line 33, in <module>
[color_detector-29]     sys.exit(load_entry_point('leo-image-processing==0.0.0', 'console_scripts', 'color_detector')())
[color_detector-29]   File "/home/ecem/sct_ws/install/leo_image_processing/lib/python3.10/site-packages/color_detector.py", line 330, in main
[color_detector-29]     rclpy.shutdown()
[color_detector-29]   File "/opt/ros/humble/local/lib/python3.10/dist-packages/rclpy/__init__.py", line 130, in shutdown
[color_detector-29]     _shutdown(context=context)
[color_detector-29]   File "/opt/ros/humble/local/lib/python3.10/dist-packages/rclpy/utilities.py", line 58, in shutdown
[color_detector-29]     return context.shutdown()
[color_detector-29]   File "/opt/ros/humble/local/lib/python3.10/dist-packages/rclpy/context.py", line 102, in shutdown
[color_detector-29]     self.__context.shutdown()
[color_detector-29] rclpy._rclpy_pybind11.RCLError: failed to shutdown: rcl_shutdown already called on the given context, at ./src/rcl/init.c:241
[image_processor-28] Traceback (most recent call last):
[image_processor-28]   File "/home/ecem/sct_ws/install/leo_image_processing/lib/leo_image_processing/image_processor", line 33, in <module>
[image_processor-28]     sys.exit(load_entry_point('leo-image-processing==0.0.0', 'console_scripts', 'image_processor')())
[image_processor-28]   File "/home/ecem/sct_ws/install/leo_image_processing/lib/python3.10/site-packages/leo_image_processing.py", line 118, in main
[image_processor-28]     rclpy.shutdown()
[image_processor-28]   File "/opt/ros/humble/local/lib/python3.10/dist-packages/rclpy/__init__.py", line 130, in shutdown
[image_processor-28]     _shutdown(context=context)
[image_processor-28]   File "/opt/ros/humble/local/lib/python3.10/dist-packages/rclpy/utilities.py", line 58, in shutdown
[image_processor-28]     return context.shutdown()
[image_processor-28]   File "/opt/ros/humble/local/lib/python3.10/dist-packages/rclpy/context.py", line 102, in shutdown
[image_processor-28]     self.__context.shutdown()
[image_processor-28] rclpy._rclpy_pybind11.RCLError: failed to shutdown: rcl_shutdown already called on the given context, at ./src/rcl/init.c:241
[ERROR] [color_detector-31]: process has died [pid 70230, exit code 1, cmd '/home/ecem/sct_ws/install/leo_image_processing/lib/leo_image_processing/color_detector --ros-args -r __node:=target_detector -r __ns:=/robot_1 --params-file /tmp/launch_params_bzvf4lyt --params-file /tmp/launch_params_o4vnf77r --params-file /tmp/launch_params_cai25lla --params-file /tmp/launch_params_l07d8j7h --params-file /tmp/launch_params_wby5lhzz --params-file /tmp/launch_params_8nrfi18d'].
[ERROR] [image_processor-30]: process has died [pid 70221, exit code 1, cmd '/home/ecem/sct_ws/install/leo_image_processing/lib/leo_image_processing/image_processor --ros-args -r __node:=image_processor -r __ns:=/robot_1 --params-file /tmp/launch_params_li8rh82n --params-file /tmp/launch_params_3a3pmz7w --params-file /tmp/launch_params_zwc8rgyb'].
[color_detector-27] Traceback (most recent call last):
[color_detector-27]   File "/home/ecem/sct_ws/install/leo_image_processing/lib/leo_image_processing/color_detector", line 33, in <module>
[color_detector-27]     sys.exit(load_entry_point('leo-image-processing==0.0.0', 'console_scripts', 'color_detector')())
[color_detector-27]   File "/home/ecem/sct_ws/install/leo_image_processing/lib/python3.10/site-packages/color_detector.py", line 330, in main
[color_detector-27]     rclpy.shutdown()
[color_detector-27]   File "/opt/ros/humble/local/lib/python3.10/dist-packages/rclpy/__init__.py", line 130, in shutdown
[ERROR] [image_processor-28]: process has died [pid 70202, exit code 1, cmd '/home/ecem/sct_ws/install/leo_image_processing/lib/leo_image_processing/image_processor --ros-args -r __node:=image_processor -r __ns:=/robot_2 --params-file /tmp/launch_params_a59utbk9 --params-file /tmp/launch_params_5lkw5fn0 --params-file /tmp/launch_params_488hf4ko'].
[color_detector-27]     _shutdown(context=context)
[color_detector-27]   File "/opt/ros/humble/local/lib/python3.10/dist-packages/rclpy/utilities.py", line 58, in shutdown
[color_detector-27]     return context.shutdown()
[color_detector-27]   File "/opt/ros/humble/local/lib/python3.10/dist-packages/rclpy/context.py", line 102, in shutdown
[color_detector-27]     self.__context.shutdown()
[color_detector-27] rclpy._rclpy_pybind11.RCLError: failed to shutdown: rcl_shutdown already called on the given context, at ./src/rcl/init.c:241
[image_processor-26] Traceback (most recent call last):
[image_processor-26]   File "/home/ecem/sct_ws/install/leo_image_processing/lib/leo_image_processing/image_processor", line 33, in <module>
[image_processor-26]     sys.exit(load_entry_point('leo-image-processing==0.0.0', 'console_scripts', 'image_processor')())
[image_processor-26]   File "/home/ecem/sct_ws/install/leo_image_processing/lib/python3.10/site-packages/leo_image_processing.py", line 118, in main
[image_processor-26]     rclpy.shutdown()
[image_processor-26]   File "/opt/ros/humble/local/lib/python3.10/dist-packages/rclpy/__init__.py", line 130, in shutdown
[image_processor-26]     _shutdown(context=context)
[image_processor-26]   File "/opt/ros/humble/local/lib/python3.10/dist-packages/rclpy/utilities.py", line 58, in shutdown
[image_processor-26]     return context.shutdown()
[image_processor-26]   File "/opt/ros/humble/local/lib/python3.10/dist-packages/rclpy/context.py", line 102, in shutdown
[image_processor-26]     self.__context.shutdown()
[image_processor-26] rclpy._rclpy_pybind11.RCLError: failed to shutdown: rcl_shutdown already called on the given context, at ./src/rcl/init.c:241
[ERROR] [color_detector-29]: process has died [pid 70204, exit code 1, cmd '/home/ecem/sct_ws/install/leo_image_processing/lib/leo_image_processing/color_detector --ros-args -r __node:=target_detector -r __ns:=/robot_2 --params-file /tmp/launch_params_f1c53s6b --params-file /tmp/launch_params_e7nytos5 --params-file /tmp/launch_params_x95ayaxx --params-file /tmp/launch_params_mccbkqou --params-file /tmp/launch_params_syaovbjj --params-file /tmp/launch_params_9zvhikx4'].
[INFO] [static_transform_publisher-17]: process has finished cleanly [pid 69154]
[INFO] [robot_state_publisher-15]: process has finished cleanly [pid 69124]
[INFO] [image_bridge-18]: process has finished cleanly [pid 69177]
[INFO] [static_transform_publisher-13]: process has finished cleanly [pid 69095]
[INFO] [image_bridge-14]: process has finished cleanly [pid 69099]
[stuck_recovery-25] Traceback (most recent call last):
[stuck_recovery-25]   File "/home/ecem/sct_ws/install/leo_image_processing/lib/leo_image_processing/stuck_recovery", line 33, in <module>
[stuck_recovery-25]     sys.exit(load_entry_point('leo-image-processing==0.0.0', 'console_scripts', 'stuck_recovery')())
[stuck_recovery-25]   File "/home/ecem/sct_ws/install/leo_image_processing/lib/python3.10/site-packages/stuck_recovery.py", line 294, in main
[ERROR] [color_detector-27]: process has died [pid 70188, exit code 1, cmd '/home/ecem/sct_ws/install/leo_image_processing/lib/leo_image_processing/color_detector --ros-args -r __node:=target_detector -r __ns:=/robot_0 --params-file /tmp/launch_params_3gab1ncx --params-file /tmp/launch_params_w9_zjhet --params-file /tmp/launch_params_bicphidj --params-file /tmp/launch_params_pmzpzuhk --params-file /tmp/launch_params_8ges7l8m --params-file /tmp/launch_params_w8uiy410'].
[stuck_recovery-25]     rclpy.shutdown()
[stuck_recovery-25]   File "/opt/ros/humble/local/lib/python3.10/dist-packages/rclpy/__init__.py", line 130, in shutdown
[stuck_recovery-25]     _shutdown(context=context)
[stuck_recovery-25]   File "/opt/ros/humble/local/lib/python3.10/dist-packages/rclpy/utilities.py", line 58, in shutdown
[stuck_recovery-25]     return context.shutdown()
[stuck_recovery-25]   File "/opt/ros/humble/local/lib/python3.10/dist-packages/rclpy/context.py", line 102, in shutdown
[stuck_recovery-25]     self.__context.shutdown()
[stuck_recovery-25] rclpy._rclpy_pybind11.RCLError: failed to shutdown: rcl_shutdown already called on the given context, at ./src/rcl/init.c:241
[INFO] [balanced_delivery_supervisor-24]: process has finished cleanly [pid 70020]
[stuck_recovery-21] Traceback (most recent call last):
[stuck_recovery-21]   File "/home/ecem/sct_ws/install/leo_image_processing/lib/leo_image_processing/stuck_recovery", line 33, in <module>
[stuck_recovery-21]     sys.exit(load_entry_point('leo-image-processing==0.0.0', 'console_scripts', 'stuck_recovery')())
[stuck_recovery-21]   File "/home/ecem/sct_ws/install/leo_image_processing/lib/python3.10/site-packages/stuck_recovery.py", line 294, in main
[stuck_recovery-21]     rclpy.shutdown()
[stuck_recovery-21]   File "/opt/ros/humble/local/lib/python3.10/dist-packages/rclpy/__init__.py", line 130, in shutdown
[stuck_recovery-21]     _shutdown(context=context)
[stuck_recovery-21]   File "/opt/ros/humble/local/lib/python3.10/dist-packages/rclpy/utilities.py", line 58, in shutdown
[stuck_recovery-21]     return context.shutdown()
[stuck_recovery-21]   File "/opt/ros/humble/local/lib/python3.10/dist-packages/rclpy/context.py", line 102, in shutdown
[stuck_recovery-21]     self.__context.shutdown()
[stuck_recovery-21] rclpy._rclpy_pybind11.RCLError: failed to shutdown: rcl_shutdown already called on the given context, at ./src/rcl/init.c:241
[stuck_recovery-23] Traceback (most recent call last):
[stuck_recovery-23]   File "/home/ecem/sct_ws/install/leo_image_processing/lib/leo_image_processing/stuck_recovery", line 33, in <module>
[stuck_recovery-23]     sys.exit(load_entry_point('leo-image-processing==0.0.0', 'console_scripts', 'stuck_recovery')())
[stuck_recovery-23]   File "/home/ecem/sct_ws/install/leo_image_processing/lib/python3.10/site-packages/stuck_recovery.py", line 294, in main
[stuck_recovery-23]     rclpy.shutdown()
[stuck_recovery-23]   File "/opt/ros/humble/local/lib/python3.10/dist-packages/rclpy/__init__.py", line 130, in shutdown
[stuck_recovery-23]     _shutdown(context=context)
[stuck_recovery-23]   File "/opt/ros/humble/local/lib/python3.10/dist-packages/rclpy/utilities.py", line 58, in shutdown
[stuck_recovery-23]     return context.shutdown()
[stuck_recovery-23]   File "/opt/ros/humble/local/lib/python3.10/dist-packages/rclpy/context.py", line 102, in shutdown
[stuck_recovery-23]     self.__context.shutdown()
[stuck_recovery-23] rclpy._rclpy_pybind11.RCLError: failed to shutdown: rcl_shutdown already called on the given context, at ./src/rcl/init.c:241
[INFO] [robot_state_publisher-11]: process has finished cleanly [pid 69078]
[INFO] [static_transform_publisher-9]: process has finished cleanly [pid 69055]
[INFO] [image_bridge-10]: process has finished cleanly [pid 69073]
[INFO] [balanced_delivery_supervisor-22]: process has finished cleanly [pid 70016]
[INFO] [robot_state_publisher-7]: process has finished cleanly [pid 69040]
[ERROR] [image_processor-26]: process has died [pid 70186, exit code 1, cmd '/home/ecem/sct_ws/install/leo_image_processing/lib/leo_image_processing/image_processor --ros-args -r __node:=image_processor -r __ns:=/robot_0 --params-file /tmp/launch_params_s8qw7qgw --params-file /tmp/launch_params_0u3kz0ui --params-file /tmp/launch_params_fewquhl7'].
[INFO] [balanced_delivery_supervisor-20]: process has finished cleanly [pid 70012]
[ERROR] [stuck_recovery-23]: process has died [pid 70018, exit code 1, cmd '/home/ecem/sct_ws/install/leo_image_processing/lib/leo_image_processing/stuck_recovery --ros-args -r __node:=stuck_recovery -r __ns:=/robot_2 --params-file /tmp/launch_params_ibpmg4w8 --params-file /tmp/launch_params_t95g0bpb --params-file /tmp/launch_params_bufcbzth --params-file /tmp/launch_params_xb2kfjjv --params-file /tmp/launch_params_9rmdvm4_ --params-file /tmp/launch_params_4x96zxre --params-file /tmp/launch_params_x0p4smlq --params-file /tmp/launch_params_ngj3bfh2 --params-file /tmp/launch_params_zvhjvynq --params-file /tmp/launch_params_8e5aqlz3'].
[ERROR] [stuck_recovery-21]: process has died [pid 70014, exit code 1, cmd '/home/ecem/sct_ws/install/leo_image_processing/lib/leo_image_processing/stuck_recovery --ros-args -r __node:=stuck_recovery -r __ns:=/robot_0 --params-file /tmp/launch_params_f7dxh87l --params-file /tmp/launch_params_rr8_ml7y --params-file /tmp/launch_params_fswgu7m7 --params-file /tmp/launch_params_sp546g1j --params-file /tmp/launch_params_yrcvip2v --params-file /tmp/launch_params_zhjr9mp2 --params-file /tmp/launch_params_cc08pfxf --params-file /tmp/launch_params_v2lb1y3g --params-file /tmp/launch_params_ss2bzsnv --params-file /tmp/launch_params_f_vkc5fy'].
[ERROR] [stuck_recovery-25]: process has died [pid 70022, exit code 1, cmd '/home/ecem/sct_ws/install/leo_image_processing/lib/leo_image_processing/stuck_recovery --ros-args -r __node:=stuck_recovery -r __ns:=/robot_1 --params-file /tmp/launch_params_in209ln8 --params-file /tmp/launch_params_9z099_72 --params-file /tmp/launch_params_po8v6e_x --params-file /tmp/launch_params_fzzqu6t6 --params-file /tmp/launch_params_k0sjhp4t --params-file /tmp/launch_params_6a5p74ky --params-file /tmp/launch_params_q4_xnql7 --params-file /tmp/launch_params_41wbkanm --params-file /tmp/launch_params_lwqrw1_n --params-file /tmp/launch_params_3gir65fn'].
[INFO] [image_bridge-2]: process has finished cleanly [pid 69021]
[bump_counter-5] Traceback (most recent call last):
[bump_counter-5]   File "/home/ecem/sct_ws/install/evaluation/lib/evaluation/bump_counter", line 33, in <module>
[bump_counter-5]     sys.exit(load_entry_point('evaluation==0.0.0', 'console_scripts', 'bump_counter')())
[bump_counter-5]   File "/home/ecem/sct_ws/install/evaluation/lib/python3.10/site-packages/evaluation/bump_counter.py", line 697, in main
[bump_counter-5]     rclpy.shutdown()
[bump_counter-5]   File "/opt/ros/humble/local/lib/python3.10/dist-packages/rclpy/__init__.py", line 130, in shutdown
[bump_counter-5]     _shutdown(context=context)
[bump_counter-5]   File "/opt/ros/humble/local/lib/python3.10/dist-packages/rclpy/utilities.py", line 58, in shutdown
[bump_counter-5]     return context.shutdown()
[bump_counter-5]   File "/opt/ros/humble/local/lib/python3.10/dist-packages/rclpy/context.py", line 102, in shutdown
[bump_counter-5]     self.__context.shutdown()
[bump_counter-5] rclpy._rclpy_pybind11.RCLError: failed to shutdown: rcl_shutdown already called on the given context, at ./src/rcl/init.c:241
[INFO] [simulation_video_recorder-3]: process has finished cleanly [pid 69025]
[ERROR] [bump_counter-5]: process has died [pid 69032, exit code 1, cmd '/home/ecem/sct_ws/install/evaluation/lib/evaluation/bump_counter --ros-args -r __node:=bump_counter --params-file /tmp/launch_params_kdyoehau --params-file /tmp/launch_params_z1la7fe2 --params-file /tmp/launch_params_8_mu_hqb --params-file /tmp/launch_params_6p7uo1jc --params-file /tmp/launch_params_4guzm4e6 --params-file /tmp/launch_params_tzbeeztz --params-file /tmp/launch_params_fff6sevh --params-file /tmp/launch_params_2i52pupt'].
[ERROR] [ign gazebo-1]: process[ign gazebo-1] failed to terminate '5' seconds after receiving 'SIGINT', escalating to 'SIGTERM'
[INFO] [ign gazebo-1]: sending signal 'SIGTERM' to process[ign gazebo-1]
[ERROR] [ign gazebo-1]: process has died [pid 69019, exit code -15, cmd 'ruby /usr/bin/ign gazebo /tmp/leo_delivery_no_overhead_camera_3flbxicz.sdf -s --headless-rendering -r -z 200 --force-version 6'].
[INFO] [launch]: process[ign gazebo-1] was required: shutting down launched system
