[INFO] [launch]: All log files can be found below /home/ecem/sct_ws/src/llm_sct/RESULTS_LAST/baseline/balanced_delivery/batch_logs/ros_slot1/2026-09-15-18-05-04-920731-ecem-pc-66175
[INFO] [launch]: Default logging verbosity is set to INFO
[leo_delivery] randomized task layout with seed 1002
[spawn_multi_robots] run_id=run_20260915_180505_305093732 random_seed=1002 
[INFO] [ign gazebo-1]: process started with pid [66188]
[INFO] [image_bridge-2]: process started with pid [66192]
[INFO] [simulation_video_recorder-3]: process started with pid [66202]
[INFO] [coverage_counter-4]: process started with pid [66218]
[INFO] [bump_counter-5]: process started with pid [66228]
[INFO] [parameter_bridge-6]: process started with pid [66243]
[INFO] [robot_state_publisher-7]: process started with pid [66266]
[INFO] [create-8]: process started with pid [66273]
[INFO] [static_transform_publisher-9]: process started with pid [66284]
[INFO] [image_bridge-10]: process started with pid [66310]
[INFO] [robot_state_publisher-11]: process started with pid [66323]
[INFO] [create-12]: process started with pid [66337]
[INFO] [static_transform_publisher-13]: process started with pid [66348]
[INFO] [image_bridge-14]: process started with pid [66383]
[INFO] [robot_state_publisher-15]: process started with pid [66426]
[INFO] [create-16]: process started with pid [66458]
[INFO] [static_transform_publisher-17]: process started with pid [66487]
[INFO] [image_bridge-18]: process started with pid [66514]
[INFO] [parameter_bridge-19]: process started with pid [66528]
[static_transform_publisher-9] [WARN] [1789488305.578019180] []: Old-style arguments are deprecated; see --help for new-style arguments
[static_transform_publisher-9] [INFO] [1789488305.639938300] [robot_0_spawn_offset_tf]: Spinning until stopped - publishing transform
[static_transform_publisher-9] translation: ('-1.789575', '1.463252', '0.000000')
[static_transform_publisher-9] rotation: ('0.000000', '0.000000', '0.952603', '0.304218')
[static_transform_publisher-9] from 'odom' to 'robot_0/odom'
[static_transform_publisher-13] [WARN] [1789488305.649901953] []: Old-style arguments are deprecated; see --help for new-style arguments
[static_transform_publisher-17] [WARN] [1789488305.721126943] []: Old-style arguments are deprecated; see --help for new-style arguments
[robot_state_publisher-7] [INFO] [1789488305.824271966] [robot_0.robot_state_publisher]: got segment robot_0/antenna_link
[robot_state_publisher-7] [INFO] [1789488305.824511211] [robot_0.robot_state_publisher]: got segment robot_0/base_footprint
[robot_state_publisher-7] [INFO] [1789488305.824527093] [robot_0.robot_state_publisher]: got segment robot_0/base_link
[robot_state_publisher-7] [INFO] [1789488305.824535898] [robot_0.robot_state_publisher]: got segment robot_0/realsense_link
[robot_state_publisher-7] [INFO] [1789488305.824542932] [robot_0.robot_state_publisher]: got segment robot_0/rocker_L_link
[robot_state_publisher-7] [INFO] [1789488305.824549862] [robot_0.robot_state_publisher]: got segment robot_0/rocker_R_link
[robot_state_publisher-7] [INFO] [1789488305.824557000] [robot_0.robot_state_publisher]: got segment robot_0/wheel_FL_link
[robot_state_publisher-7] [INFO] [1789488305.824563465] [robot_0.robot_state_publisher]: got segment robot_0/wheel_FR_link
[robot_state_publisher-7] [INFO] [1789488305.824570009] [robot_0.robot_state_publisher]: got segment robot_0/wheel_RL_link
[robot_state_publisher-7] [INFO] [1789488305.824576336] [robot_0.robot_state_publisher]: got segment robot_0/wheel_RR_link
[static_transform_publisher-17] [INFO] [1789488306.014006747] [robot_2_spawn_offset_tf]: Spinning until stopped - publishing transform
[static_transform_publisher-17] translation: ('0.689180', '-1.569506', '0.000000')
[static_transform_publisher-17] rotation: ('0.000000', '0.000000', '-0.823457', '0.567379')
[static_transform_publisher-17] from 'odom' to 'robot_2/odom'
[robot_state_publisher-11] [INFO] [1789488306.048866706] [robot_1.robot_state_publisher]: got segment robot_1/antenna_link
[robot_state_publisher-11] [INFO] [1789488306.048996901] [robot_1.robot_state_publisher]: got segment robot_1/base_footprint
[robot_state_publisher-11] [INFO] [1789488306.049011571] [robot_1.robot_state_publisher]: got segment robot_1/base_link
[robot_state_publisher-11] [INFO] [1789488306.049021297] [robot_1.robot_state_publisher]: got segment robot_1/realsense_link
[robot_state_publisher-11] [INFO] [1789488306.049030113] [robot_1.robot_state_publisher]: got segment robot_1/rocker_L_link
[robot_state_publisher-11] [INFO] [1789488306.049038802] [robot_1.robot_state_publisher]: got segment robot_1/rocker_R_link
[robot_state_publisher-11] [INFO] [1789488306.049047106] [robot_1.robot_state_publisher]: got segment robot_1/wheel_FL_link
[robot_state_publisher-11] [INFO] [1789488306.049055671] [robot_1.robot_state_publisher]: got segment robot_1/wheel_FR_link
[robot_state_publisher-11] [INFO] [1789488306.049063971] [robot_1.robot_state_publisher]: got segment robot_1/wheel_RL_link
[robot_state_publisher-11] [INFO] [1789488306.049072490] [robot_1.robot_state_publisher]: got segment robot_1/wheel_RR_link
[create-16] [INFO] [1789488306.249405280] [robot_2.ros_gz_sim]: Requesting list of world names.
[static_transform_publisher-13] [INFO] [1789488306.279877682] [robot_1_spawn_offset_tf]: Spinning until stopped - publishing transform
[static_transform_publisher-13] translation: ('0.143341', '2.261314', '0.000000')
[static_transform_publisher-13] rotation: ('0.000000', '0.000000', '0.700036', '0.714107')
[static_transform_publisher-13] from 'odom' to 'robot_1/odom'
[create-12] [INFO] [1789488306.387215775] [robot_1.ros_gz_sim]: Requesting list of world names.
[robot_state_publisher-15] [INFO] [1789488306.388372636] [robot_2.robot_state_publisher]: got segment robot_2/antenna_link
[robot_state_publisher-15] [INFO] [1789488306.388495234] [robot_2.robot_state_publisher]: got segment robot_2/base_footprint
[robot_state_publisher-15] [INFO] [1789488306.388512822] [robot_2.robot_state_publisher]: got segment robot_2/base_link
[robot_state_publisher-15] [INFO] [1789488306.388524916] [robot_2.robot_state_publisher]: got segment robot_2/realsense_link
[robot_state_publisher-15] [INFO] [1789488306.388534322] [robot_2.robot_state_publisher]: got segment robot_2/rocker_L_link
[robot_state_publisher-15] [INFO] [1789488306.388542836] [robot_2.robot_state_publisher]: got segment robot_2/rocker_R_link
[robot_state_publisher-15] [INFO] [1789488306.388550952] [robot_2.robot_state_publisher]: got segment robot_2/wheel_FL_link
[robot_state_publisher-15] [INFO] [1789488306.388559289] [robot_2.robot_state_publisher]: got segment robot_2/wheel_FR_link
[robot_state_publisher-15] [INFO] [1789488306.388567934] [robot_2.robot_state_publisher]: got segment robot_2/wheel_RL_link
[robot_state_publisher-15] [INFO] [1789488306.388576248] [robot_2.robot_state_publisher]: got segment robot_2/wheel_RR_link
[create-8] [INFO] [1789488306.531512636] [robot_0.ros_gz_sim]: Requesting list of world names.
[parameter_bridge-19] [INFO] [1789488306.542886872] [clock_bridge]: Creating GZ->ROS Bridge: [/clock (ignition.msgs.Clock) -> /clock (rosgraph_msgs/msg/Clock)] (Lazy 0)
[parameter_bridge-6] [INFO] [1789488306.557860705] [all_robots_bridge]: Creating ROS->GZ Bridge: [/robot_0/cmd_vel (geometry_msgs/msg/Twist) -> /robot_0/cmd_vel (ignition.msgs.Twist)] (Lazy 0)
[parameter_bridge-6] [INFO] [1789488306.579191804] [all_robots_bridge]: Creating GZ->ROS Bridge: [/robot_0/odom (ignition.msgs.Odometry) -> /robot_0/odom (nav_msgs/msg/Odometry)] (Lazy 0)
[parameter_bridge-6] [INFO] [1789488306.596991982] [all_robots_bridge]: Creating GZ->ROS Bridge: [/robot_0/tf (ignition.msgs.Pose_V) -> /robot_0/tf (tf2_msgs/msg/TFMessage)] (Lazy 0)
[parameter_bridge-6] [INFO] [1789488306.613659230] [all_robots_bridge]: Creating GZ->ROS Bridge: [/robot_0/joint_states (ignition.msgs.Model) -> /robot_0/joint_states (sensor_msgs/msg/JointState)] (Lazy 0)
[parameter_bridge-6] [INFO] [1789488306.637475305] [all_robots_bridge]: Creating GZ->ROS Bridge: [/robot_0/depth_camera/depth_image (ignition.msgs.Image) -> /robot_0/depth_camera/depth_image (sensor_msgs/msg/Image)] (Lazy 0)
[parameter_bridge-6] [INFO] [1789488306.651307145] [all_robots_bridge]: Creating GZ->ROS Bridge: [/robot_0/depth_camera/camera_info (ignition.msgs.CameraInfo) -> /robot_0/depth_camera/camera_info (sensor_msgs/msg/CameraInfo)] (Lazy 0)
[parameter_bridge-6] [INFO] [1789488306.662329843] [all_robots_bridge]: Creating GZ->ROS Bridge: [/world/random_world/model/robot_0/link/robot_0/base_footprint/sensor/contact_sensor/contact (ignition.msgs.Contacts) -> /world/random_world/model/robot_0/link/robot_0/base_footprint/sensor/contact_sensor/contact (ros_gz_interfaces/msg/Contacts)] (Lazy 0)
[parameter_bridge-6] [INFO] [1789488306.678748456] [all_robots_bridge]: Creating ROS->GZ Bridge: [/robot_1/cmd_vel (geometry_msgs/msg/Twist) -> /robot_1/cmd_vel (ignition.msgs.Twist)] (Lazy 0)
[parameter_bridge-6] [INFO] [1789488306.688576121] [all_robots_bridge]: Creating GZ->ROS Bridge: [/robot_1/odom (ignition.msgs.Odometry) -> /robot_1/odom (nav_msgs/msg/Odometry)] (Lazy 0)
[parameter_bridge-6] [INFO] [1789488306.700736159] [all_robots_bridge]: Creating GZ->ROS Bridge: [/robot_1/tf (ignition.msgs.Pose_V) -> /robot_1/tf (tf2_msgs/msg/TFMessage)] (Lazy 0)
[parameter_bridge-6] [INFO] [1789488306.717145629] [all_robots_bridge]: Creating GZ->ROS Bridge: [/robot_1/joint_states (ignition.msgs.Model) -> /robot_1/joint_states (sensor_msgs/msg/JointState)] (Lazy 0)
[parameter_bridge-6] [INFO] [1789488306.730255107] [all_robots_bridge]: Creating GZ->ROS Bridge: [/robot_1/depth_camera/depth_image (ignition.msgs.Image) -> /robot_1/depth_camera/depth_image (sensor_msgs/msg/Image)] (Lazy 0)
[parameter_bridge-6] [INFO] [1789488306.746549052] [all_robots_bridge]: Creating GZ->ROS Bridge: [/robot_1/depth_camera/camera_info (ignition.msgs.CameraInfo) -> /robot_1/depth_camera/camera_info (sensor_msgs/msg/CameraInfo)] (Lazy 0)
[parameter_bridge-6] [INFO] [1789488306.756760331] [all_robots_bridge]: Creating GZ->ROS Bridge: [/world/random_world/model/robot_1/link/robot_1/base_footprint/sensor/contact_sensor/contact (ignition.msgs.Contacts) -> /world/random_world/model/robot_1/link/robot_1/base_footprint/sensor/contact_sensor/contact (ros_gz_interfaces/msg/Contacts)] (Lazy 0)
[parameter_bridge-6] [INFO] [1789488306.764934202] [all_robots_bridge]: Creating ROS->GZ Bridge: [/robot_2/cmd_vel (geometry_msgs/msg/Twist) -> /robot_2/cmd_vel (ignition.msgs.Twist)] (Lazy 0)
[parameter_bridge-6] [INFO] [1789488306.775324687] [all_robots_bridge]: Creating GZ->ROS Bridge: [/robot_2/odom (ignition.msgs.Odometry) -> /robot_2/odom (nav_msgs/msg/Odometry)] (Lazy 0)
[parameter_bridge-6] [INFO] [1789488306.776590007] [all_robots_bridge]: Creating GZ->ROS Bridge: [/robot_2/tf (ignition.msgs.Pose_V) -> /robot_2/tf (tf2_msgs/msg/TFMessage)] (Lazy 0)
[parameter_bridge-6] [INFO] [1789488306.784724656] [all_robots_bridge]: Creating GZ->ROS Bridge: [/robot_2/joint_states (ignition.msgs.Model) -> /robot_2/joint_states (sensor_msgs/msg/JointState)] (Lazy 0)
[parameter_bridge-6] [INFO] [1789488306.792535533] [all_robots_bridge]: Creating GZ->ROS Bridge: [/robot_2/depth_camera/depth_image (ignition.msgs.Image) -> /robot_2/depth_camera/depth_image (sensor_msgs/msg/Image)] (Lazy 0)
[parameter_bridge-6] [INFO] [1789488306.793383946] [all_robots_bridge]: Creating GZ->ROS Bridge: [/robot_2/depth_camera/camera_info (ignition.msgs.CameraInfo) -> /robot_2/depth_camera/camera_info (sensor_msgs/msg/CameraInfo)] (Lazy 0)
[parameter_bridge-6] [INFO] [1789488306.804178903] [all_robots_bridge]: Creating GZ->ROS Bridge: [/world/random_world/model/robot_2/link/robot_2/base_footprint/sensor/contact_sensor/contact (ignition.msgs.Contacts) -> /world/random_world/model/robot_2/link/robot_2/base_footprint/sensor/contact_sensor/contact (ros_gz_interfaces/msg/Contacts)] (Lazy 0)
[parameter_bridge-6] [INFO] [1789488306.816454461] [all_robots_bridge]: Creating GZ->ROS Bridge: [/world/random_world/dynamic_pose/info (ignition.msgs.Pose_V) -> /world/random_world/dynamic_pose/info (tf2_msgs/msg/TFMessage)] (Lazy 0)
[simulation_video_recorder-3] [INFO] [1789488308.105410781] [simulation_video_recorder]: Simulation video recording disabled for this run
[bump_counter-5] [INFO] [1789488308.212435089] [bump_counter]: [global] global_mode=True cooldown(robot)=0.80s cooldown(obs)=0.50s Logging to /home/ecem/sct_ws/src/llm_sct/RESULTS_LAST/baseline/balanced_delivery/seed_1002/supervisor/run_20260915_180505_305093732/bumps_global.csv
[create-12] [INFO] [1789488308.253411356] [robot_1.ros_gz_sim]: Waiting messages on topic [/robot_1/robot_description].
[create-8] [INFO] [1789488308.352020149] [robot_0.ros_gz_sim]: Waiting messages on topic [/robot_0/robot_description].
[create-8] [INFO] [1789488308.457002262] [robot_0.ros_gz_sim]: Requested creation of entity.
[create-8] [INFO] [1789488308.457086047] [robot_0.ros_gz_sim]: OK creation of entity.
[create-12] [INFO] [1789488308.457559944] [robot_1.ros_gz_sim]: Requested creation of entity.
[create-12] [INFO] [1789488308.457605368] [robot_1.ros_gz_sim]: OK creation of entity.
[create-16] [INFO] [1789488308.458479462] [robot_2.ros_gz_sim]: Waiting messages on topic [/robot_2/robot_description].
[create-16] [INFO] [1789488308.475688139] [robot_2.ros_gz_sim]: Requested creation of entity.
[create-16] [INFO] [1789488308.475748759] [robot_2.ros_gz_sim]: OK creation of entity.
[INFO] [create-8]: process has finished cleanly [pid 66273]
[INFO] [create-16]: process has finished cleanly [pid 66458]
[INFO] [create-12]: process has finished cleanly [pid 66337]
[INFO] [balanced_delivery_supervisor-20]: process started with pid [67700]
[INFO] [stuck_recovery-21]: process started with pid [67703]
[INFO] [balanced_delivery_supervisor-22]: process started with pid [67712]
[INFO] [stuck_recovery-23]: process started with pid [67718]
[INFO] [balanced_delivery_supervisor-24]: process started with pid [67730]
[INFO] [stuck_recovery-25]: process started with pid [67733]
[bump_counter-5] [INFO] [1789488309.130740860] [bump_counter]: [global] subscribed: /world/random_world/model/robot_0/link/robot_0/base_footprint/sensor/contact_sensor/contact
[bump_counter-5] [INFO] [1789488309.140018221] [bump_counter]: [global] subscribed: /world/random_world/model/robot_1/link/robot_1/base_footprint/sensor/contact_sensor/contact
[bump_counter-5] [INFO] [1789488309.152541865] [bump_counter]: [global] subscribed: /world/random_world/model/robot_2/link/robot_2/base_footprint/sensor/contact_sensor/contact
[INFO] [image_processor-26]: process started with pid [67881]
[INFO] [color_detector-27]: process started with pid [67889]
[INFO] [image_processor-28]: process started with pid [67937]
[INFO] [color_detector-29]: process started with pid [67962]
[INFO] [image_processor-30]: process started with pid [68005]
[INFO] [color_detector-31]: process started with pid [68016]
[stuck_recovery-23] [INFO] [1789488312.432564195] [robot_2.stuck_recovery]: Shared stuck recovery active: cmd_vel_supervisor -> cmd_vel (reverse -> turn -> forward)
[parameter_bridge-6] [INFO] [1789488312.438111503] [all_robots_bridge]: Passing message from ROS geometry_msgs/msg/Twist to Gazebo gz.msgs.Twist (showing msg only once per type)
[stuck_recovery-21] [INFO] [1789488312.540145365] [robot_0.stuck_recovery]: Shared stuck recovery active: cmd_vel_supervisor -> cmd_vel (reverse -> turn -> forward)
[stuck_recovery-25] [INFO] [1789488313.059596652] [robot_1.stuck_recovery]: Shared stuck recovery active: cmd_vel_supervisor -> cmd_vel (reverse -> turn -> forward)
[ign gazebo-1] libEGL warning: egl: failed to create dri2 screen
[ign gazebo-1] libEGL warning: egl: failed to create dri2 screen
[balanced_delivery_supervisor-22] [INFO] [1789488315.705068398] [robot_2.robot_supervisor]: Loaded initial mission 'balanced_delivery' from explicit YAML supervisor.yaml
[image_processor-30] [INFO] [1789488315.860723283] [robot_1.image_processor]: Argmin zone detector listening on '/robot_1/depth_camera/depth_image'
[balanced_delivery_supervisor-22] [INFO] [1789488316.001377663] [robot_2.robot_supervisor]: Selected controllable event: EV_search_object
[balanced_delivery_supervisor-20] [INFO] [1789488316.082456787] [robot_0.robot_supervisor]: Loaded initial mission 'balanced_delivery' from explicit YAML supervisor.yaml
[balanced_delivery_supervisor-22] [INFO] [1789488316.109039421] [robot_2.robot_supervisor]: Selected controllable event: EV_move_forward
[balanced_delivery_supervisor-24] [INFO] [1789488316.237685503] [robot_1.robot_supervisor]: Loaded initial mission 'balanced_delivery' from explicit YAML supervisor.yaml
[balanced_delivery_supervisor-22] [INFO] [1789488316.344162951] [robot_2.robot_supervisor]: Selected controllable event: EV_move_forward
[balanced_delivery_supervisor-20] [INFO] [1789488316.584643131] [robot_0.robot_supervisor]: Selected controllable event: EV_search_object
[balanced_delivery_supervisor-22] [INFO] [1789488316.623092023] [robot_2.robot_supervisor]: Selected controllable event: EV_move_forward
[balanced_delivery_supervisor-24] [INFO] [1789488316.664737472] [robot_1.robot_supervisor]: Selected controllable event: EV_search_object
[balanced_delivery_supervisor-20] [INFO] [1789488316.723488182] [robot_0.robot_supervisor]: Selected controllable event: EV_move_forward
[balanced_delivery_supervisor-24] [INFO] [1789488316.808840105] [robot_1.robot_supervisor]: Selected controllable event: EV_search_object
[balanced_delivery_supervisor-22] [INFO] [1789488316.907281114] [robot_2.robot_supervisor]: Selected controllable event: EV_search_object
[balanced_delivery_supervisor-24] [INFO] [1789488317.028009519] [robot_1.robot_supervisor]: Selected controllable event: EV_move_forward
[balanced_delivery_supervisor-20] [INFO] [1789488317.061662261] [robot_0.robot_supervisor]: Selected controllable event: EV_move_forward
[balanced_delivery_supervisor-22] [INFO] [1789488317.123678284] [robot_2.robot_supervisor]: Selected controllable event: EV_move_forward
[color_detector-29] [INFO] [1789488317.185187175] [robot_2.target_detector]: Color detector listening on RGB '/robot_2/depth_camera/image'; reached uses world poses
[balanced_delivery_supervisor-24] [INFO] [1789488317.318009024] [robot_1.robot_supervisor]: Selected controllable event: EV_search_object
[balanced_delivery_supervisor-20] [INFO] [1789488317.329322753] [robot_0.robot_supervisor]: Selected controllable event: EV_move_forward
[image_processor-26] [INFO] [1789488317.360597836] [robot_0.image_processor]: Argmin zone detector listening on '/robot_0/depth_camera/depth_image'
[image_processor-28] [INFO] [1789488317.402724859] [robot_2.image_processor]: Argmin zone detector listening on '/robot_2/depth_camera/depth_image'
[balanced_delivery_supervisor-22] [INFO] [1789488317.409713071] [robot_2.robot_supervisor]: Selected controllable event: EV_move_forward
[balanced_delivery_supervisor-24] [INFO] [1789488317.509527298] [robot_1.robot_supervisor]: Selected controllable event: EV_search_object
[color_detector-27] [INFO] [1789488317.518803852] [robot_0.target_detector]: Color detector listening on RGB '/robot_0/depth_camera/image'; reached uses world poses
[color_detector-31] [INFO] [1789488317.524288662] [robot_1.target_detector]: Color detector listening on RGB '/robot_1/depth_camera/image'; reached uses world poses
[balanced_delivery_supervisor-20] [INFO] [1789488317.614419424] [robot_0.robot_supervisor]: Selected controllable event: EV_search_object
[balanced_delivery_supervisor-22] [INFO] [1789488317.701068487] [robot_2.robot_supervisor]: Selected controllable event: EV_search_object
[balanced_delivery_supervisor-24] [INFO] [1789488317.708523380] [robot_1.robot_supervisor]: Selected controllable event: EV_search_object
[balanced_delivery_supervisor-20] [INFO] [1789488317.814728505] [robot_0.robot_supervisor]: Selected controllable event: EV_search_object
[balanced_delivery_supervisor-22] [INFO] [1789488317.901118723] [robot_2.robot_supervisor]: Selected controllable event: EV_move_forward
[balanced_delivery_supervisor-24] [INFO] [1789488317.906080836] [robot_1.robot_supervisor]: Selected controllable event: EV_search_object
[balanced_delivery_supervisor-20] [INFO] [1789488318.019273443] [robot_0.robot_supervisor]: Selected controllable event: EV_move_forward
[balanced_delivery_supervisor-24] [INFO] [1789488318.107203899] [robot_1.robot_supervisor]: Selected controllable event: EV_move_forward
[balanced_delivery_supervisor-22] [INFO] [1789488318.200777537] [robot_2.robot_supervisor]: Selected controllable event: EV_move_forward
[balanced_delivery_supervisor-20] [INFO] [1789488318.314625786] [robot_0.robot_supervisor]: Selected controllable event: EV_move_forward
[balanced_delivery_supervisor-24] [INFO] [1789488318.405580673] [robot_1.robot_supervisor]: Selected controllable event: EV_search_object
[balanced_delivery_supervisor-22] [INFO] [1789488318.500797318] [robot_2.robot_supervisor]: Selected controllable event: EV_move_forward
[balanced_delivery_supervisor-24] [INFO] [1789488318.509192218] [robot_1.robot_supervisor]: Selected controllable event: EV_move_forward
[balanced_delivery_supervisor-20] [INFO] [1789488318.518848683] [robot_0.robot_supervisor]: Selected controllable event: EV_search_object
[balanced_delivery_supervisor-20] [INFO] [1789488318.714761150] [robot_0.robot_supervisor]: Selected controllable event: EV_move_forward
[balanced_delivery_supervisor-22] [INFO] [1789488318.800944096] [robot_2.robot_supervisor]: Selected controllable event: EV_move_forward
[balanced_delivery_supervisor-24] [INFO] [1789488318.808438004] [robot_1.robot_supervisor]: Selected controllable event: EV_search_object
[balanced_delivery_supervisor-24] [INFO] [1789488319.005553787] [robot_1.robot_supervisor]: Selected controllable event: EV_search_object
[balanced_delivery_supervisor-20] [INFO] [1789488319.014801512] [robot_0.robot_supervisor]: Selected controllable event: EV_move_forward
[balanced_delivery_supervisor-22] [INFO] [1789488319.100907374] [robot_2.robot_supervisor]: Selected controllable event: EV_move_forward
[balanced_delivery_supervisor-24] [INFO] [1789488319.108712171] [robot_1.robot_supervisor]: Selected controllable event: EV_move_forward
[balanced_delivery_supervisor-20] [INFO] [1789488319.316881115] [robot_0.robot_supervisor]: Selected controllable event: EV_move_forward
[balanced_delivery_supervisor-22] [INFO] [1789488319.400962816] [robot_2.robot_supervisor]: Selected controllable event: EV_move_forward
[balanced_delivery_supervisor-24] [INFO] [1789488319.408911304] [robot_1.robot_supervisor]: Selected controllable event: EV_search_object
[balanced_delivery_supervisor-24] [INFO] [1789488319.607073067] [robot_1.robot_supervisor]: Selected controllable event: EV_search_object
[balanced_delivery_supervisor-20] [INFO] [1789488319.617193783] [robot_0.robot_supervisor]: Selected controllable event: EV_move_forward
[balanced_delivery_supervisor-22] [INFO] [1789488319.700766705] [robot_2.robot_supervisor]: Selected controllable event: EV_move_forward
[balanced_delivery_supervisor-24] [INFO] [1789488319.709321913] [robot_1.robot_supervisor]: Selected controllable event: EV_move_forward
[balanced_delivery_supervisor-20] [INFO] [1789488319.914611642] [robot_0.robot_supervisor]: Selected controllable event: EV_search_object
[balanced_delivery_supervisor-22] [INFO] [1789488320.000664500] [robot_2.robot_supervisor]: Selected controllable event: EV_move_forward
[balanced_delivery_supervisor-24] [INFO] [1789488320.007832557] [robot_1.robot_supervisor]: Selected controllable event: EV_move_forward
[balanced_delivery_supervisor-20] [INFO] [1789488320.114628736] [robot_0.robot_supervisor]: Selected controllable event: EV_move_forward
[balanced_delivery_supervisor-22] [INFO] [1789488320.300735945] [robot_2.robot_supervisor]: Selected controllable event: EV_search_object
[balanced_delivery_supervisor-24] [INFO] [1789488320.310169769] [robot_1.robot_supervisor]: Selected controllable event: EV_move_forward
[balanced_delivery_supervisor-20] [INFO] [1789488320.324533241] [robot_0.robot_supervisor]: Selected controllable event: EV_move_forward
[balanced_delivery_supervisor-22] [INFO] [1789488320.500750536] [robot_2.robot_supervisor]: Selected controllable event: EV_search_object
[balanced_delivery_supervisor-22] [INFO] [1789488320.605195993] [robot_2.robot_supervisor]: Selected controllable event: EV_search_object
[balanced_delivery_supervisor-24] [INFO] [1789488320.606436361] [robot_1.robot_supervisor]: Selected controllable event: EV_search_object
[balanced_delivery_supervisor-20] [INFO] [1789488320.618361596] [robot_0.robot_supervisor]: Selected controllable event: EV_move_forward
[balanced_delivery_supervisor-22] [INFO] [1789488320.800661963] [robot_2.robot_supervisor]: Selected controllable event: EV_move_forward
[balanced_delivery_supervisor-24] [INFO] [1789488320.811509472] [robot_1.robot_supervisor]: Selected controllable event: EV_move_forward
[balanced_delivery_supervisor-20] [INFO] [1789488320.916763231] [robot_0.robot_supervisor]: Selected controllable event: EV_search_object
[balanced_delivery_supervisor-22] [INFO] [1789488321.101320636] [robot_2.robot_supervisor]: Selected controllable event: EV_move_forward
[balanced_delivery_supervisor-24] [INFO] [1789488321.108723332] [robot_1.robot_supervisor]: Selected controllable event: EV_move_forward
[balanced_delivery_supervisor-20] [INFO] [1789488321.116154902] [robot_0.robot_supervisor]: Selected controllable event: EV_search_object
[balanced_delivery_supervisor-20] [INFO] [1789488321.316992013] [robot_0.robot_supervisor]: Selected controllable event: EV_search_object
[balanced_delivery_supervisor-22] [INFO] [1789488321.401690398] [robot_2.robot_supervisor]: Selected controllable event: EV_search_object
[balanced_delivery_supervisor-24] [INFO] [1789488321.422934295] [robot_1.robot_supervisor]: ############################# REACHED: EV_object_reached #############################
[balanced_delivery_supervisor-24] [INFO] [1789488321.423920110] [robot_1.robot_supervisor]: Triggered uncontrollable event: EV_obstacle_left
[balanced_delivery_supervisor-24] [INFO] [1789488321.429026935] [robot_1.robot_supervisor]: Selected controllable event: EV_pick_up_object
[balanced_delivery_supervisor-20] [INFO] [1789488321.430183472] [robot_0.robot_supervisor]: ############################# REACHED: EV_object_reached #############################
[balanced_delivery_supervisor-20] [INFO] [1789488321.431347766] [robot_0.robot_supervisor]: Selected controllable event: EV_pick_up_object
[balanced_delivery_supervisor-24] [INFO] [1789488321.531160156] [robot_1.robot_supervisor]: Cargo 'robot_1_carried_generic_box' placed on robot.
[balanced_delivery_supervisor-20] [INFO] [1789488321.536139491] [robot_0.robot_supervisor]: Cargo 'robot_0_carried_generic_box' placed on robot.
[balanced_delivery_supervisor-22] [INFO] [1789488321.642780146] [robot_2.robot_supervisor]: Triggered uncontrollable event: EV_object_not_visible
[balanced_delivery_supervisor-22] [INFO] [1789488321.645456193] [robot_2.robot_supervisor]: Selected controllable event: EV_move_forward
[balanced_delivery_supervisor-24] [INFO] [1789488321.647246173] [robot_1.robot_supervisor]: Triggered uncontrollable event: EV_obstacle_left
[balanced_delivery_supervisor-24] [INFO] [1789488321.650661984] [robot_1.robot_supervisor]: Selected controllable event: EV_rotate_clockwise
[balanced_delivery_supervisor-20] [INFO] [1789488321.648544956] [robot_0.robot_supervisor]: Selected controllable event: EV_move_forward
[balanced_delivery_supervisor-24] [WARN] [1789488321.662145532] [robot_1.robot_supervisor]: no translation for 5.0s livelock detected; starting atomic escape (turn_sign=-1)
[balanced_delivery_supervisor-22] [INFO] [1789488321.947669585] [robot_2.robot_supervisor]: Selected controllable event: EV_search_object
[balanced_delivery_supervisor-20] [INFO] [1789488321.947793675] [robot_0.robot_supervisor]: Selected controllable event: EV_move_forward
[balanced_delivery_supervisor-22] [INFO] [1789488322.105816141] [robot_2.robot_supervisor]: Selected controllable event: EV_move_forward
[balanced_delivery_supervisor-20] [INFO] [1789488322.263602796] [robot_0.robot_supervisor]: Selected controllable event: EV_search_zone
[balanced_delivery_supervisor-22] [INFO] [1789488322.356275352] [robot_2.robot_supervisor]: Selected controllable event: EV_search_object
[balanced_delivery_supervisor-20] [INFO] [1789488322.471414696] [robot_0.robot_supervisor]: Selected controllable event: EV_search_zone
[balanced_delivery_supervisor-22] [INFO] [1789488322.513582659] [robot_2.robot_supervisor]: Selected controllable event: EV_move_forward
[balanced_delivery_supervisor-20] [INFO] [1789488322.673067508] [robot_0.robot_supervisor]: Selected controllable event: EV_move_forward
[balanced_delivery_supervisor-22] [INFO] [1789488322.822928680] [robot_2.robot_supervisor]: Triggered uncontrollable event: EV_object_not_visible
[balanced_delivery_supervisor-22] [INFO] [1789488322.840348347] [robot_2.robot_supervisor]: Selected controllable event: EV_move_forward
[balanced_delivery_supervisor-20] [INFO] [1789488322.954367320] [robot_0.robot_supervisor]: Triggered uncontrollable event: EV_zone_a_not_visible
[balanced_delivery_supervisor-20] [INFO] [1789488322.962419406] [robot_0.robot_supervisor]: Triggered uncontrollable event: EV_zone_b_not_visible
[balanced_delivery_supervisor-20] [INFO] [1789488322.972038252] [robot_0.robot_supervisor]: Selected controllable event: EV_search_zone
[balanced_delivery_supervisor-22] [INFO] [1789488323.143197215] [robot_2.robot_supervisor]: Selected controllable event: EV_move_forward
[balanced_delivery_supervisor-20] [INFO] [1789488323.150933124] [robot_0.robot_supervisor]: Selected controllable event: EV_search_zone
[balanced_delivery_supervisor-20] [INFO] [1789488323.370661740] [robot_0.robot_supervisor]: Selected controllable event: EV_move_forward
[balanced_delivery_supervisor-22] [INFO] [1789488323.398477706] [robot_2.robot_supervisor]: Selected controllable event: EV_search_object
[balanced_delivery_supervisor-22] [INFO] [1789488323.524109504] [robot_2.robot_supervisor]: Selected controllable event: EV_search_object
[balanced_delivery_supervisor-20] [INFO] [1789488323.640356207] [robot_0.robot_supervisor]: Triggered uncontrollable event: EV_zone_a_not_visible
[balanced_delivery_supervisor-22] [INFO] [1789488323.647487649] [robot_2.robot_supervisor]: Selected controllable event: EV_search_object
[balanced_delivery_supervisor-20] [INFO] [1789488323.657737269] [robot_0.robot_supervisor]: Selected controllable event: EV_move_forward
[balanced_delivery_supervisor-22] [INFO] [1789488323.826112082] [robot_2.robot_supervisor]: Triggered uncontrollable event: EV_object_not_visible
[balanced_delivery_supervisor-22] [INFO] [1789488323.842485115] [robot_2.robot_supervisor]: Selected controllable event: EV_move_forward
[balanced_delivery_supervisor-20] [INFO] [1789488323.943085537] [robot_0.robot_supervisor]: Triggered uncontrollable event: EV_zone_b_not_visible
[balanced_delivery_supervisor-20] [INFO] [1789488323.944070424] [robot_0.robot_supervisor]: Selected controllable event: EV_search_zone
[balanced_delivery_supervisor-22] [INFO] [1789488324.112767859] [robot_2.robot_supervisor]: Selected controllable event: EV_move_forward
[balanced_delivery_supervisor-24] [INFO] [1789488324.143629311] [robot_1.robot_supervisor]: Zone-livelock escape completed
[balanced_delivery_supervisor-20] [INFO] [1789488324.146618819] [robot_0.robot_supervisor]: Selected controllable event: EV_move_forward
[balanced_delivery_supervisor-22] [INFO] [1789488324.329750571] [robot_2.robot_supervisor]: Selected controllable event: EV_search_object
[balanced_delivery_supervisor-24] [INFO] [1789488324.412087251] [robot_1.robot_supervisor]: Triggered uncontrollable event: EV_zone_a_not_visible
[balanced_delivery_supervisor-24] [INFO] [1789488324.412825968] [robot_1.robot_supervisor]: Triggered uncontrollable event: EV_zone_b_not_visible
[balanced_delivery_supervisor-20] [INFO] [1789488324.424164828] [robot_0.robot_supervisor]: Selected controllable event: EV_search_zone
[balanced_delivery_supervisor-24] [INFO] [1789488324.428484593] [robot_1.robot_supervisor]: Selected controllable event: EV_move_forward
[balanced_delivery_supervisor-22] [INFO] [1789488324.518057852] [robot_2.robot_supervisor]: Selected controllable event: EV_search_object
[balanced_delivery_supervisor-22] [INFO] [1789488324.626334614] [robot_2.robot_supervisor]: Triggered uncontrollable event: EV_object_not_visible
[balanced_delivery_supervisor-24] [INFO] [1789488324.647430980] [robot_1.robot_supervisor]: Triggered uncontrollable event: EV_zone_a_not_visible
[balanced_delivery_supervisor-24] [INFO] [1789488324.657395319] [robot_1.robot_supervisor]: Triggered uncontrollable event: EV_zone_b_not_visible
[balanced_delivery_supervisor-24] [INFO] [1789488324.658530499] [robot_1.robot_supervisor]: Selected controllable event: EV_search_zone
[balanced_delivery_supervisor-22] [INFO] [1789488324.647619059] [robot_2.robot_supervisor]: Selected controllable event: EV_search_object
[balanced_delivery_supervisor-20] [INFO] [1789488324.661244834] [robot_0.robot_supervisor]: Triggered uncontrollable event: EV_zone_a_not_visible
[balanced_delivery_supervisor-20] [INFO] [1789488324.662032792] [robot_0.robot_supervisor]: Triggered uncontrollable event: EV_obstacle_left
[balanced_delivery_supervisor-20] [INFO] [1789488324.662642721] [robot_0.robot_supervisor]: Triggered uncontrollable event: EV_zone_b_not_visible
[balanced_delivery_supervisor-20] [INFO] [1789488324.670905260] [robot_0.robot_supervisor]: Selected controllable event: EV_rotate_clockwise
[balanced_delivery_supervisor-22] [INFO] [1789488324.814450949] [robot_2.robot_supervisor]: Selected controllable event: EV_search_object
[balanced_delivery_supervisor-20] [INFO] [1789488324.835456870] [robot_0.robot_supervisor]: Triggered uncontrollable event: EV_obstacle_left
[balanced_delivery_supervisor-24] [INFO] [1789488324.842291008] [robot_1.robot_supervisor]: Selected controllable event: EV_search_zone
[balanced_delivery_supervisor-20] [INFO] [1789488324.845701816] [robot_0.robot_supervisor]: Selected controllable event: EV_u_turn
[balanced_delivery_supervisor-20] [INFO] [1789488324.846492916] [robot_0.robot_supervisor]: Starting FULL ROTATE (omega=1.000, have_odom=True, target_rad=3.142, timeout_s=3.500)
[balanced_delivery_supervisor-22] [INFO] [1789488324.921240470] [robot_2.robot_supervisor]: Selected controllable event: EV_search_object
[balanced_delivery_supervisor-24] [INFO] [1789488325.020482058] [robot_1.robot_supervisor]: Selected controllable event: EV_move_forward
[balanced_delivery_supervisor-22] [INFO] [1789488325.110275745] [robot_2.robot_supervisor]: Selected controllable event: EV_move_forward
[balanced_delivery_supervisor-22] [INFO] [1789488325.336869052] [robot_2.robot_supervisor]: Selected controllable event: EV_move_forward
[balanced_delivery_supervisor-24] [INFO] [1789488325.340481002] [robot_1.robot_supervisor]: Triggered uncontrollable event: EV_zone_a_not_visible
[balanced_delivery_supervisor-24] [INFO] [1789488325.341437902] [robot_1.robot_supervisor]: Selected controllable event: EV_search_zone
[balanced_delivery_supervisor-24] [INFO] [1789488325.537007937] [robot_1.robot_supervisor]: Triggered uncontrollable event: EV_zone_b_not_visible
[balanced_delivery_supervisor-24] [INFO] [1789488325.549252755] [robot_1.robot_supervisor]: Selected controllable event: EV_move_forward
[balanced_delivery_supervisor-22] [INFO] [1789488325.624397935] [robot_2.robot_supervisor]: Triggered uncontrollable event: EV_object_not_visible
[balanced_delivery_supervisor-22] [INFO] [1789488325.632101330] [robot_2.robot_supervisor]: Selected controllable event: EV_search_object
[balanced_delivery_supervisor-22] [INFO] [1789488325.815555756] [robot_2.robot_supervisor]: Selected controllable event: EV_move_forward
[balanced_delivery_supervisor-24] [INFO] [1789488325.841699898] [robot_1.robot_supervisor]: Selected controllable event: EV_move_forward
[balanced_delivery_supervisor-22] [INFO] [1789488326.032275448] [robot_2.robot_supervisor]: Selected controllable event: EV_move_forward
[balanced_delivery_supervisor-24] [INFO] [1789488326.144554702] [robot_1.robot_supervisor]: Selected controllable event: EV_search_zone
[balanced_delivery_supervisor-22] [INFO] [1789488326.310846393] [robot_2.robot_supervisor]: Triggered uncontrollable event: EV_object_not_visible
[balanced_delivery_supervisor-22] [INFO] [1789488326.316160698] [robot_2.robot_supervisor]: Selected controllable event: EV_search_object
[balanced_delivery_supervisor-24] [INFO] [1789488326.340423235] [robot_1.robot_supervisor]: Triggered uncontrollable event: EV_zone_a_not_visible
[balanced_delivery_supervisor-24] [INFO] [1789488326.341449218] [robot_1.robot_supervisor]: Triggered uncontrollable event: EV_zone_b_not_visible
[balanced_delivery_supervisor-24] [INFO] [1789488326.351370241] [robot_1.robot_supervisor]: Selected controllable event: EV_move_forward
[balanced_delivery_supervisor-22] [INFO] [1789488326.515679687] [robot_2.robot_supervisor]: Selected controllable event: EV_move_forward
[balanced_delivery_supervisor-24] [INFO] [1789488326.632088534] [robot_1.robot_supervisor]: Selected controllable event: EV_move_forward
[balanced_delivery_supervisor-22] [INFO] [1789488326.832253916] [robot_2.robot_supervisor]: Selected controllable event: EV_move_forward
[balanced_delivery_supervisor-24] [INFO] [1789488326.844453114] [robot_1.robot_supervisor]: Selected controllable event: EV_move_forward
[balanced_delivery_supervisor-22] [INFO] [1789488327.126359594] [robot_2.robot_supervisor]: Selected controllable event: EV_move_forward
[balanced_delivery_supervisor-24] [INFO] [1789488327.130868067] [robot_1.robot_supervisor]: Selected controllable event: EV_search_zone
[balanced_delivery_supervisor-24] [INFO] [1789488327.313042136] [robot_1.robot_supervisor]: Triggered uncontrollable event: EV_zone_a_not_visible
[balanced_delivery_supervisor-24] [INFO] [1789488327.328448056] [robot_1.robot_supervisor]: Triggered uncontrollable event: EV_zone_b_not_visible
[balanced_delivery_supervisor-24] [INFO] [1789488327.330624253] [robot_1.robot_supervisor]: Selected controllable event: EV_search_zone
[balanced_delivery_supervisor-22] [INFO] [1789488327.459927716] [robot_2.robot_supervisor]: Triggered uncontrollable event: EV_object_not_visible
[balanced_delivery_supervisor-22] [INFO] [1789488327.460947223] [robot_2.robot_supervisor]: Selected controllable event: EV_search_object
[balanced_delivery_supervisor-24] [INFO] [1789488327.538697187] [robot_1.robot_supervisor]: Selected controllable event: EV_move_forward
[balanced_delivery_supervisor-22] [INFO] [1789488327.625528232] [robot_2.robot_supervisor]: Selected controllable event: EV_move_forward
[balanced_delivery_supervisor-24] [INFO] [1789488327.836325167] [robot_1.robot_supervisor]: Selected controllable event: EV_move_forward
[balanced_delivery_supervisor-22] [INFO] [1789488327.916570301] [robot_2.robot_supervisor]: Selected controllable event: EV_search_object
[balanced_delivery_supervisor-24] [INFO] [1789488328.105612754] [robot_1.robot_supervisor]: Triggered uncontrollable event: EV_zone_a_not_visible
[balanced_delivery_supervisor-24] [INFO] [1789488328.106549861] [robot_1.robot_supervisor]: Triggered uncontrollable event: EV_zone_b_not_visible
[balanced_delivery_supervisor-22] [INFO] [1789488328.107684963] [robot_2.robot_supervisor]: Selected controllable event: EV_move_forward
[balanced_delivery_supervisor-24] [INFO] [1789488328.124756344] [robot_1.robot_supervisor]: Selected controllable event: EV_search_zone
[balanced_delivery_supervisor-24] [INFO] [1789488328.334295202] [robot_1.robot_supervisor]: Selected controllable event: EV_search_zone
[balanced_delivery_supervisor-20] [INFO] [1789488328.352727252] [robot_0.robot_supervisor]: FULL ROTATE completed by timeout
[balanced_delivery_supervisor-22] [INFO] [1789488328.414652550] [robot_2.robot_supervisor]: Triggered uncontrollable event: EV_object_not_visible
[balanced_delivery_supervisor-22] [INFO] [1789488328.421290125] [robot_2.robot_supervisor]: Selected controllable event: EV_search_object
[balanced_delivery_supervisor-24] [INFO] [1789488328.447938068] [robot_1.robot_supervisor]: Selected controllable event: EV_search_zone
[balanced_delivery_supervisor-22] [INFO] [1789488328.534684625] [robot_2.robot_supervisor]: Selected controllable event: EV_move_forward
[balanced_delivery_supervisor-24] [INFO] [1789488328.626708166] [robot_1.robot_supervisor]: Selected controllable event: EV_move_forward
[balanced_delivery_supervisor-20] [INFO] [1789488328.635658291] [robot_0.robot_supervisor]: Triggered uncontrollable event: EV_zone_a_not_visible
[balanced_delivery_supervisor-20] [INFO] [1789488328.636503825] [robot_0.robot_supervisor]: Triggered uncontrollable event: EV_obstacle_right
[balanced_delivery_supervisor-20] [INFO] [1789488328.637254945] [robot_0.robot_supervisor]: Triggered uncontrollable event: EV_zone_b_not_visible
[balanced_delivery_supervisor-20] [INFO] [1789488328.656109111] [robot_0.robot_supervisor]: Selected controllable event: EV_u_turn
[balanced_delivery_supervisor-20] [INFO] [1789488328.757175479] [robot_0.robot_supervisor]: Triggered uncontrollable event: EV_obstacle_right
[balanced_delivery_supervisor-20] [INFO] [1789488328.758894499] [robot_0.robot_supervisor]: Selected controllable event: EV_u_turn
[balanced_delivery_supervisor-20] [INFO] [1789488328.831128124] [robot_0.robot_supervisor]: Triggered uncontrollable event: EV_obstacle_right
[balanced_delivery_supervisor-22] [INFO] [1789488328.831535876] [robot_2.robot_supervisor]: Selected controllable event: EV_search_object
[balanced_delivery_supervisor-20] [INFO] [1789488328.849508345] [robot_0.robot_supervisor]: Selected controllable event: EV_u_turn
[balanced_delivery_supervisor-24] [INFO] [1789488328.933737078] [robot_1.robot_supervisor]: Selected controllable event: EV_search_zone
[balanced_delivery_supervisor-20] [INFO] [1789488328.935136107] [robot_0.robot_supervisor]: Triggered uncontrollable event: EV_obstacle_right
[balanced_delivery_supervisor-20] [INFO] [1789488328.936264289] [robot_0.robot_supervisor]: Selected controllable event: EV_u_turn
[balanced_delivery_supervisor-22] [INFO] [1789488329.029568510] [robot_2.robot_supervisor]: Selected controllable event: EV_search_object
[balanced_delivery_supervisor-24] [INFO] [1789488329.044597922] [robot_1.robot_supervisor]: Selected controllable event: EV_search_zone
[balanced_delivery_supervisor-20] [INFO] [1789488329.047492855] [robot_0.robot_supervisor]: Triggered uncontrollable event: EV_obstacle_right
[balanced_delivery_supervisor-20] [INFO] [1789488329.048467411] [robot_0.robot_supervisor]: Selected controllable event: EV_rotate_counterclockwise
[balanced_delivery_supervisor-20] [WARN] [1789488329.049487687] [robot_0.robot_supervisor]: no translation for 4.6s livelock detected; starting atomic escape (turn_sign=+1)
[balanced_delivery_supervisor-22] [INFO] [1789488329.209180306] [robot_2.robot_supervisor]: Triggered uncontrollable event: EV_object_not_visible
[balanced_delivery_supervisor-22] [INFO] [1789488329.222600035] [robot_2.robot_supervisor]: Selected controllable event: EV_search_object
[balanced_delivery_supervisor-24] [INFO] [1789488329.223249898] [robot_1.robot_supervisor]: Triggered uncontrollable event: EV_zone_a_not_visible
[balanced_delivery_supervisor-24] [INFO] [1789488329.224076429] [robot_1.robot_supervisor]: Triggered uncontrollable event: EV_zone_b_not_visible
[balanced_delivery_supervisor-24] [INFO] [1789488329.240412414] [robot_1.robot_supervisor]: Selected controllable event: EV_move_forward
[balanced_delivery_supervisor-22] [INFO] [1789488329.412050376] [robot_2.robot_supervisor]: Selected controllable event: EV_search_object
[balanced_delivery_supervisor-24] [INFO] [1789488329.446473320] [robot_1.robot_supervisor]: Selected controllable event: EV_search_zone
[balanced_delivery_supervisor-22] [INFO] [1789488329.518535085] [robot_2.robot_supervisor]: Selected controllable event: EV_search_object
[balanced_delivery_supervisor-24] [INFO] [1789488329.631672418] [robot_1.robot_supervisor]: Selected controllable event: EV_move_forward
[balanced_delivery_supervisor-22] [INFO] [1789488329.645601305] [robot_2.robot_supervisor]: Selected controllable event: EV_move_forward
[balanced_delivery_supervisor-24] [INFO] [1789488329.908872627] [robot_1.robot_supervisor]: Selected controllable event: EV_move_forward
[balanced_delivery_supervisor-22] [INFO] [1789488329.933736635] [robot_2.robot_supervisor]: Selected controllable event: EV_search_object
[balanced_delivery_supervisor-22] [INFO] [1789488330.054915265] [robot_2.robot_supervisor]: Selected controllable event: EV_search_object
[balanced_delivery_supervisor-24] [INFO] [1789488330.147469713] [robot_1.robot_supervisor]: Triggered uncontrollable event: EV_zone_a_not_visible
[balanced_delivery_supervisor-24] [INFO] [1789488330.148269178] [robot_1.robot_supervisor]: Triggered uncontrollable event: EV_zone_b_not_visible
[balanced_delivery_supervisor-24] [INFO] [1789488330.170799683] [robot_1.robot_supervisor]: Selected controllable event: EV_move_forward
[balanced_delivery_supervisor-22] [INFO] [1789488330.210735439] [robot_2.robot_supervisor]: Triggered uncontrollable event: EV_object_not_visible
[balanced_delivery_supervisor-22] [INFO] [1789488330.220127558] [robot_2.robot_supervisor]: Selected controllable event: EV_move_forward
[balanced_delivery_supervisor-24] [INFO] [1789488330.427271162] [robot_1.robot_supervisor]: Selected controllable event: EV_search_zone
[balanced_delivery_supervisor-22] [INFO] [1789488330.512555838] [robot_2.robot_supervisor]: Selected controllable event: EV_search_object
[balanced_delivery_supervisor-24] [INFO] [1789488330.629523164] [robot_1.robot_supervisor]: Selected controllable event: EV_move_forward
[balanced_delivery_supervisor-22] [INFO] [1789488330.744590392] [robot_2.robot_supervisor]: Selected controllable event: EV_search_object
[color_detector-31] [INFO] [1789488330.825529128] [robot_1.target_detector]: RGB HEARTBEAT frames_total=10 recent_rate_hz=0.721 last_frame_age_s=0.851 status=OK
[color_detector-27] [INFO] [1789488330.838084666] [robot_0.target_detector]: RGB HEARTBEAT frames_total=10 recent_rate_hz=0.729 last_frame_age_s=0.768 status=OK
[color_detector-29] [INFO] [1789488330.855168450] [robot_2.target_detector]: RGB HEARTBEAT frames_total=10 recent_rate_hz=0.668 last_frame_age_s=0.745 status=OK
[balanced_delivery_supervisor-22] [INFO] [1789488330.905729489] [robot_2.robot_supervisor]: Selected controllable event: EV_search_object
[balanced_delivery_supervisor-24] [INFO] [1789488330.930629716] [robot_1.robot_supervisor]: Selected controllable event: EV_move_forward
[balanced_delivery_supervisor-22] [INFO] [1789488331.127434779] [robot_2.robot_supervisor]: Selected controllable event: EV_move_forward
[balanced_delivery_supervisor-24] [INFO] [1789488331.205150551] [robot_1.robot_supervisor]: Triggered uncontrollable event: EV_zone_a_not_visible
[balanced_delivery_supervisor-24] [INFO] [1789488331.205849423] [robot_1.robot_supervisor]: Triggered uncontrollable event: EV_zone_b_not_visible
[balanced_delivery_supervisor-24] [INFO] [1789488331.221948065] [robot_1.robot_supervisor]: Selected controllable event: EV_search_zone
[balanced_delivery_supervisor-22] [INFO] [1789488331.414683546] [robot_2.robot_supervisor]: Triggered uncontrollable event: EV_object_not_visible
[balanced_delivery_supervisor-22] [INFO] [1789488331.419468606] [robot_2.robot_supervisor]: Selected controllable event: EV_search_object
[balanced_delivery_supervisor-24] [INFO] [1789488331.424754381] [robot_1.robot_supervisor]: Selected controllable event: EV_search_zone
[balanced_delivery_supervisor-24] [INFO] [1789488331.528717033] [robot_1.robot_supervisor]: Selected controllable event: EV_search_zone
[balanced_delivery_supervisor-22] [INFO] [1789488331.528816326] [robot_2.robot_supervisor]: Selected controllable event: EV_move_forward
[balanced_delivery_supervisor-20] [INFO] [1789488331.556739888] [robot_0.robot_supervisor]: Zone-livelock escape completed
[balanced_delivery_supervisor-24] [INFO] [1789488331.727200383] [robot_1.robot_supervisor]: Selected controllable event: EV_move_forward
[balanced_delivery_supervisor-20] [INFO] [1789488331.751509893] [robot_0.robot_supervisor]: Triggered uncontrollable event: EV_zone_a_visible
[balanced_delivery_supervisor-20] [INFO] [1789488331.754156761] [robot_0.robot_supervisor]: Triggered uncontrollable event: EV_zone_b_not_visible
[balanced_delivery_supervisor-20] [INFO] [1789488331.765309676] [robot_0.robot_supervisor]: Selected controllable event: EV_move_forward
[balanced_delivery_supervisor-22] [INFO] [1789488331.801448944] [robot_2.robot_supervisor]: Selected controllable event: EV_move_forward
[balanced_delivery_supervisor-24] [INFO] [1789488331.933174762] [robot_1.robot_supervisor]: Selected controllable event: EV_search_zone
[balanced_delivery_supervisor-22] [INFO] [1789488332.005769936] [robot_2.robot_supervisor]: Selected controllable event: EV_search_object
[balanced_delivery_supervisor-24] [INFO] [1789488332.034725238] [robot_1.robot_supervisor]: Triggered uncontrollable event: EV_zone_a_not_visible
[balanced_delivery_supervisor-24] [INFO] [1789488332.035696426] [robot_1.robot_supervisor]: Selected controllable event: EV_move_forward
[balanced_delivery_supervisor-20] [INFO] [1789488332.043719064] [robot_0.robot_supervisor]: Triggered uncontrollable event: EV_zone_a_visible
[balanced_delivery_supervisor-20] [INFO] [1789488332.055697153] [robot_0.robot_supervisor]: Selected controllable event: EV_approach_zone
[balanced_delivery_supervisor-22] [INFO] [1789488332.217698970] [robot_2.robot_supervisor]: Triggered uncontrollable event: EV_object_not_visible
[balanced_delivery_supervisor-22] [INFO] [1789488332.218681160] [robot_2.robot_supervisor]: Selected controllable event: EV_search_object
[balanced_delivery_supervisor-24] [INFO] [1789488332.332973064] [robot_1.robot_supervisor]: Triggered uncontrollable event: EV_zone_b_not_visible
[balanced_delivery_supervisor-20] [INFO] [1789488332.333372671] [robot_0.robot_supervisor]: Triggered uncontrollable event: EV_zone_b_visible
[balanced_delivery_supervisor-20] [INFO] [1789488332.346463108] [robot_0.robot_supervisor]: Selected controllable event: EV_move_forward
[balanced_delivery_supervisor-24] [INFO] [1789488332.347441090] [robot_1.robot_supervisor]: Selected controllable event: EV_search_zone
[balanced_delivery_supervisor-22] [INFO] [1789488332.439486860] [robot_2.robot_supervisor]: Selected controllable event: EV_search_object
[balanced_delivery_supervisor-24] [INFO] [1789488332.529919328] [robot_1.robot_supervisor]: Selected controllable event: EV_search_zone
[balanced_delivery_supervisor-22] [INFO] [1789488332.618605266] [robot_2.robot_supervisor]: Selected controllable event: EV_move_forward
[balanced_delivery_supervisor-20] [INFO] [1789488332.657225396] [robot_0.robot_supervisor]: Selected controllable event: EV_approach_zone
[balanced_delivery_supervisor-24] [INFO] [1789488332.730932623] [robot_1.robot_supervisor]: Selected controllable event: EV_move_forward
[balanced_delivery_supervisor-22] [INFO] [1789488332.830697317] [robot_2.robot_supervisor]: Selected controllable event: EV_move_forward
[balanced_delivery_supervisor-20] [INFO] [1789488332.940454670] [robot_0.robot_supervisor]: Triggered uncontrollable event: EV_zone_a_visible
[balanced_delivery_supervisor-20] [INFO] [1789488332.947160301] [robot_0.robot_supervisor]: Selected controllable event: EV_approach_zone
[balanced_delivery_supervisor-24] [INFO] [1789488333.020034637] [robot_1.robot_supervisor]: Triggered uncontrollable event: EV_zone_a_not_visible
[balanced_delivery_supervisor-24] [INFO] [1789488333.020834577] [robot_1.robot_supervisor]: Triggered uncontrollable event: EV_zone_b_not_visible
[balanced_delivery_supervisor-24] [INFO] [1789488333.041778913] [robot_1.robot_supervisor]: Selected controllable event: EV_move_forward
[balanced_delivery_supervisor-22] [INFO] [1789488333.108700629] [robot_2.robot_supervisor]: Triggered uncontrollable event: EV_object_not_visible
[balanced_delivery_supervisor-22] [INFO] [1789488333.117590995] [robot_2.robot_supervisor]: Selected controllable event: EV_move_forward
[balanced_delivery_supervisor-20] [INFO] [1789488333.242197726] [robot_0.robot_supervisor]: Triggered uncontrollable event: EV_zone_b_visible
[balanced_delivery_supervisor-20] [INFO] [1789488333.245479263] [robot_0.robot_supervisor]: Selected controllable event: EV_move_forward
[balanced_delivery_supervisor-22] [INFO] [1789488333.332617477] [robot_2.robot_supervisor]: Selected controllable event: EV_search_object
[balanced_delivery_supervisor-24] [INFO] [1789488333.344724003] [robot_1.robot_supervisor]: Selected controllable event: EV_move_forward
[balanced_delivery_supervisor-22] [INFO] [1789488333.526137075] [robot_2.robot_supervisor]: Selected controllable event: EV_move_forward
[balanced_delivery_supervisor-20] [INFO] [1789488333.560231601] [robot_0.robot_supervisor]: Selected controllable event: EV_move_forward
[balanced_delivery_supervisor-24] [INFO] [1789488333.639235004] [robot_1.robot_supervisor]: Selected controllable event: EV_move_forward
[balanced_delivery_supervisor-22] [INFO] [1789488333.822764107] [robot_2.robot_supervisor]: Selected controllable event: EV_move_forward
[balanced_delivery_supervisor-20] [INFO] [1789488333.836475751] [robot_0.robot_supervisor]: Selected controllable event: EV_move_forward
[balanced_delivery_supervisor-24] [INFO] [1789488333.846446241] [robot_1.robot_supervisor]: Selected controllable event: EV_move_forward
[balanced_delivery_supervisor-20] [INFO] [1789488334.049170802] [robot_0.robot_supervisor]: Triggered uncontrollable event: EV_zone_a_visible
[balanced_delivery_supervisor-20] [INFO] [1789488334.064116233] [robot_0.robot_supervisor]: Triggered uncontrollable event: EV_zone_b_visible
[balanced_delivery_supervisor-20] [INFO] [1789488334.075751768] [robot_0.robot_supervisor]: Selected controllable event: EV_move_forward
[balanced_delivery_supervisor-22] [INFO] [1789488334.122078405] [robot_2.robot_supervisor]: Triggered uncontrollable event: EV_object_not_visible
[balanced_delivery_supervisor-22] [INFO] [1789488334.123066710] [robot_2.robot_supervisor]: Selected controllable event: EV_move_forward
[balanced_delivery_supervisor-24] [INFO] [1789488334.145105538] [robot_1.robot_supervisor]: Triggered uncontrollable event: EV_zone_b_visible
[balanced_delivery_supervisor-24] [INFO] [1789488334.150750048] [robot_1.robot_supervisor]: Triggered uncontrollable event: EV_zone_a_not_visible
[balanced_delivery_supervisor-24] [INFO] [1789488334.166029022] [robot_1.robot_supervisor]: Selected controllable event: EV_move_forward
[balanced_delivery_supervisor-20] [INFO] [1789488334.334202523] [robot_0.robot_supervisor]: Selected controllable event: EV_move_forward
[balanced_delivery_supervisor-22] [INFO] [1789488334.420706601] [robot_2.robot_supervisor]: Selected controllable event: EV_search_object
[balanced_delivery_supervisor-24] [INFO] [1789488334.428127264] [robot_1.robot_supervisor]: Selected controllable event: EV_move_forward
[balanced_delivery_supervisor-20] [INFO] [1789488334.554436697] [robot_0.robot_supervisor]: Selected controllable event: EV_move_forward
[balanced_delivery_supervisor-22] [INFO] [1789488334.612936509] [robot_2.robot_supervisor]: Selected controllable event: EV_search_object
[balanced_delivery_supervisor-24] [INFO] [1789488334.731799586] [robot_1.robot_supervisor]: Selected controllable event: EV_approach_zone
[balanced_delivery_supervisor-22] [INFO] [1789488334.732471354] [robot_2.robot_supervisor]: Selected controllable event: EV_search_object
[balanced_delivery_supervisor-20] [INFO] [1789488334.847903091] [robot_0.robot_supervisor]: Selected controllable event: EV_move_forward
[balanced_delivery_supervisor-24] [INFO] [1789488334.939427103] [robot_1.robot_supervisor]: Triggered uncontrollable event: EV_zone_b_visible
[balanced_delivery_supervisor-24] [INFO] [1789488334.943593481] [robot_1.robot_supervisor]: Triggered uncontrollable event: EV_zone_a_not_visible
[balanced_delivery_supervisor-22] [INFO] [1789488334.942588557] [robot_2.robot_supervisor]: Selected controllable event: EV_search_object
[balanced_delivery_supervisor-24] [INFO] [1789488334.951161242] [robot_1.robot_supervisor]: Selected controllable event: EV_move_forward
[balanced_delivery_supervisor-22] [INFO] [1789488335.108811089] [robot_2.robot_supervisor]: Triggered uncontrollable event: EV_object_not_visible
[balanced_delivery_supervisor-22] [INFO] [1789488335.109830912] [robot_2.robot_supervisor]: Selected controllable event: EV_move_forward
[balanced_delivery_supervisor-20] [INFO] [1789488335.152444877] [robot_0.robot_supervisor]: Triggered uncontrollable event: EV_zone_a_visible
[balanced_delivery_supervisor-20] [INFO] [1789488335.164383001] [robot_0.robot_supervisor]: Triggered uncontrollable event: EV_zone_b_visible
[balanced_delivery_supervisor-20] [INFO] [1789488335.165433328] [robot_0.robot_supervisor]: Selected controllable event: EV_move_forward
[balanced_delivery_supervisor-24] [INFO] [1789488335.218552699] [robot_1.robot_supervisor]: Selected controllable event: EV_move_forward
[balanced_delivery_supervisor-22] [INFO] [1789488335.413543046] [robot_2.robot_supervisor]: Selected controllable event: EV_search_object
[balanced_delivery_supervisor-20] [INFO] [1789488335.427952621] [robot_0.robot_supervisor]: Selected controllable event: EV_move_forward
[balanced_delivery_supervisor-24] [INFO] [1789488335.434860243] [robot_1.robot_supervisor]: Selected controllable event: EV_approach_zone
[balanced_delivery_supervisor-22] [INFO] [1789488335.644314422] [robot_2.robot_supervisor]: Selected controllable event: EV_move_forward
[balanced_delivery_supervisor-20] [INFO] [1789488335.727824817] [robot_0.robot_supervisor]: Selected controllable event: EV_move_forward
[balanced_delivery_supervisor-24] [INFO] [1789488335.759453534] [robot_1.robot_supervisor]: Triggered uncontrollable event: EV_obstacle_left
[balanced_delivery_supervisor-24] [INFO] [1789488335.775300663] [robot_1.robot_supervisor]: Selected controllable event: EV_u_turn
[balanced_delivery_supervisor-24] [INFO] [1789488335.779290293] [robot_1.robot_supervisor]: Starting FULL ROTATE (omega=1.000, have_odom=True, target_rad=3.142, timeout_s=3.500)
[balanced_delivery_supervisor-22] [INFO] [1789488335.915574660] [robot_2.robot_supervisor]: Triggered uncontrollable event: EV_object_not_visible
[balanced_delivery_supervisor-22] [INFO] [1789488335.939614761] [robot_2.robot_supervisor]: Selected controllable event: EV_move_forward
[balanced_delivery_supervisor-20] [INFO] [1789488335.947800882] [robot_0.robot_supervisor]: Triggered uncontrollable event: EV_zone_a_visible
[balanced_delivery_supervisor-20] [INFO] [1789488335.948507055] [robot_0.robot_supervisor]: Triggered uncontrollable event: EV_zone_b_visible
[balanced_delivery_supervisor-20] [INFO] [1789488335.949490072] [robot_0.robot_supervisor]: Selected controllable event: EV_move_forward
[balanced_delivery_supervisor-20] [INFO] [1789488336.222265030] [robot_0.robot_supervisor]: Selected controllable event: EV_move_forward
[balanced_delivery_supervisor-22] [INFO] [1789488336.224323787] [robot_2.robot_supervisor]: Selected controllable event: EV_search_object
[balanced_delivery_supervisor-22] [INFO] [1789488336.334751599] [robot_2.robot_supervisor]: Selected controllable event: EV_move_forward
[balanced_delivery_supervisor-20] [INFO] [1789488336.446179164] [robot_0.robot_supervisor]: Selected controllable event: EV_approach_zone
[balanced_delivery_supervisor-22] [INFO] [1789488336.625876084] [robot_2.robot_supervisor]: Selected controllable event: EV_search_object
[balanced_delivery_supervisor-20] [INFO] [1789488336.657169317] [robot_0.robot_supervisor]: Selected controllable event: EV_approach_zone
[balanced_delivery_supervisor-22] [INFO] [1789488336.730798855] [robot_2.robot_supervisor]: Selected controllable event: EV_move_forward
[balanced_delivery_supervisor-20] [INFO] [1789488336.947501881] [robot_0.robot_supervisor]: Triggered uncontrollable event: EV_zone_a_visible
[balanced_delivery_supervisor-20] [INFO] [1789488336.964813256] [robot_0.robot_supervisor]: Triggered uncontrollable event: EV_zone_b_visible
[balanced_delivery_supervisor-20] [INFO] [1789488336.965858581] [robot_0.robot_supervisor]: Selected controllable event: EV_approach_zone
[balanced_delivery_supervisor-22] [INFO] [1789488337.030647717] [robot_2.robot_supervisor]: Triggered uncontrollable event: EV_object_not_visible
[balanced_delivery_supervisor-22] [INFO] [1789488337.031573100] [robot_2.robot_supervisor]: Selected controllable event: EV_move_forward
[balanced_delivery_supervisor-20] [INFO] [1789488337.230309610] [robot_0.robot_supervisor]: Selected controllable event: EV_approach_zone
[balanced_delivery_supervisor-22] [INFO] [1789488337.301236317] [robot_2.robot_supervisor]: Selected controllable event: EV_search_object
[balanced_delivery_supervisor-22] [INFO] [1789488337.439086032] [robot_2.robot_supervisor]: Selected controllable event: EV_search_object
[balanced_delivery_supervisor-20] [INFO] [1789488337.442287397] [robot_0.robot_supervisor]: Selected controllable event: EV_move_forward
[balanced_delivery_supervisor-22] [INFO] [1789488337.639314525] [robot_2.robot_supervisor]: Selected controllable event: EV_move_forward
[balanced_delivery_supervisor-20] [INFO] [1789488337.754948734] [robot_0.robot_supervisor]: Triggered uncontrollable event: EV_zone_a_visible
[balanced_delivery_supervisor-20] [INFO] [1789488337.767590793] [robot_0.robot_supervisor]: Triggered uncontrollable event: EV_zone_b_visible
[balanced_delivery_supervisor-20] [INFO] [1789488337.770780711] [robot_0.robot_supervisor]: Selected controllable event: EV_approach_zone
[balanced_delivery_supervisor-22] [INFO] [1789488337.925932829] [robot_2.robot_supervisor]: ############################# VISIBLE: EV_object_visible #############################
[balanced_delivery_supervisor-22] [INFO] [1789488337.937802067] [robot_2.robot_supervisor]: Selected controllable event: EV_approach_object
[balanced_delivery_supervisor-20] [INFO] [1789488338.020444883] [robot_0.robot_supervisor]: Selected controllable event: EV_move_forward
[balanced_delivery_supervisor-22] [INFO] [1789488338.213802875] [robot_2.robot_supervisor]: Selected controllable event: EV_move_forward
[balanced_delivery_supervisor-20] [INFO] [1789488338.235516583] [robot_0.robot_supervisor]: Selected controllable event: EV_approach_zone
[balanced_delivery_supervisor-22] [INFO] [1789488338.526454822] [robot_2.robot_supervisor]: Selected controllable event: EV_approach_object
[balanced_delivery_supervisor-20] [INFO] [1789488338.563589658] [robot_0.robot_supervisor]: Selected controllable event: EV_move_forward
[balanced_delivery_supervisor-22] [INFO] [1789488338.828893332] [robot_2.robot_supervisor]: ############################# VISIBLE: EV_object_visible #############################
[balanced_delivery_supervisor-22] [INFO] [1789488338.838309565] [robot_2.robot_supervisor]: Selected controllable event: EV_move_forward
[balanced_delivery_supervisor-20] [INFO] [1789488338.839324158] [robot_0.robot_supervisor]: Triggered uncontrollable event: EV_zone_a_visible
[balanced_delivery_supervisor-20] [INFO] [1789488338.840093719] [robot_0.robot_supervisor]: Triggered uncontrollable event: EV_zone_b_visible
[balanced_delivery_supervisor-20] [INFO] [1789488338.858386671] [robot_0.robot_supervisor]: Selected controllable event: EV_approach_zone
[balanced_delivery_supervisor-20] [INFO] [1789488339.122144425] [robot_0.robot_supervisor]: Selected controllable event: EV_move_forward
[balanced_delivery_supervisor-22] [INFO] [1789488339.131449407] [robot_2.robot_supervisor]: Selected controllable event: EV_move_forward
[balanced_delivery_supervisor-24] [INFO] [1789488339.343916596] [robot_1.robot_supervisor]: FULL ROTATE completed by timeout
[balanced_delivery_supervisor-20] [INFO] [1789488339.360184697] [robot_0.robot_supervisor]: Selected controllable event: EV_move_forward
[balanced_delivery_supervisor-22] [INFO] [1789488339.432843656] [robot_2.robot_supervisor]: Selected controllable event: EV_approach_object
[balanced_delivery_supervisor-24] [INFO] [1789488339.532988308] [robot_1.robot_supervisor]: Triggered uncontrollable event: EV_zone_b_visible
[balanced_delivery_supervisor-24] [INFO] [1789488339.538849538] [robot_1.robot_supervisor]: Triggered uncontrollable event: EV_zone_a_not_visible
[balanced_delivery_supervisor-24] [INFO] [1789488339.539665023] [robot_1.robot_supervisor]: Triggered uncontrollable event: EV_obstacle_right
[balanced_delivery_supervisor-24] [INFO] [1789488339.540575795] [robot_1.robot_supervisor]: Selected controllable event: EV_u_turn
[balanced_delivery_supervisor-24] [INFO] [1789488339.625472845] [robot_1.robot_supervisor]: Triggered uncontrollable event: EV_zone_b_visible
[balanced_delivery_supervisor-24] [INFO] [1789488339.626255124] [robot_1.robot_supervisor]: Triggered uncontrollable event: EV_obstacle_right
[balanced_delivery_supervisor-24] [INFO] [1789488339.627111719] [robot_1.robot_supervisor]: Selected controllable event: EV_rotate_counterclockwise
[balanced_delivery_supervisor-20] [INFO] [1789488339.632007683] [robot_0.robot_supervisor]: Triggered uncontrollable event: EV_zone_a_visible
[balanced_delivery_supervisor-20] [INFO] [1789488339.632705668] [robot_0.robot_supervisor]: Triggered uncontrollable event: EV_zone_b_visible
[balanced_delivery_supervisor-20] [INFO] [1789488339.644558178] [robot_0.robot_supervisor]: Selected controllable event: EV_move_forward
[balanced_delivery_supervisor-24] [WARN] [1789488339.649576671] [robot_1.robot_supervisor]: no translation for 4.4s livelock detected; starting atomic escape (turn_sign=+1)
[balanced_delivery_supervisor-22] [INFO] [1789488339.717296811] [robot_2.robot_supervisor]: ############################# VISIBLE: EV_object_visible #############################
[balanced_delivery_supervisor-22] [INFO] [1789488339.722625482] [robot_2.robot_supervisor]: Selected controllable event: EV_approach_object
[balanced_delivery_supervisor-20] [INFO] [1789488339.919178259] [robot_0.robot_supervisor]: Selected controllable event: EV_approach_zone
[balanced_delivery_supervisor-22] [INFO] [1789488340.031980050] [robot_2.robot_supervisor]: Selected controllable event: EV_approach_object
[balanced_delivery_supervisor-20] [INFO] [1789488340.149306205] [robot_0.robot_supervisor]: Selected controllable event: EV_approach_zone
[color_detector-27] [INFO] [1789488340.267241951] [robot_0.target_detector]: RGB HEARTBEAT frames_total=20 recent_rate_hz=1.061 last_frame_age_s=0.790 status=OK
[color_detector-31] [INFO] [1789488340.285450143] [robot_1.target_detector]: RGB HEARTBEAT frames_total=20 recent_rate_hz=1.057 last_frame_age_s=0.856 status=OK
[color_detector-29] [INFO] [1789488340.301995547] [robot_2.target_detector]: RGB HEARTBEAT frames_total=20 recent_rate_hz=1.059 last_frame_age_s=0.761 status=OK
[balanced_delivery_supervisor-22] [INFO] [1789488340.341629084] [robot_2.robot_supervisor]: Selected controllable event: EV_approach_object
[balanced_delivery_supervisor-20] [INFO] [1789488340.461516919] [robot_0.robot_supervisor]: Selected controllable event: EV_approach_zone
[balanced_delivery_supervisor-22] [INFO] [1789488340.648718870] [robot_2.robot_supervisor]: ############################# VISIBLE: EV_object_visible #############################
[balanced_delivery_supervisor-22] [INFO] [1789488340.654964850] [robot_2.robot_supervisor]: Selected controllable event: EV_approach_object
[balanced_delivery_supervisor-20] [INFO] [1789488340.725621534] [robot_0.robot_supervisor]: Triggered uncontrollable event: EV_zone_a_visible
[balanced_delivery_supervisor-20] [INFO] [1789488340.726515185] [robot_0.robot_supervisor]: Triggered uncontrollable event: EV_zone_b_visible
[balanced_delivery_supervisor-20] [INFO] [1789488340.748001061] [robot_0.robot_supervisor]: Selected controllable event: EV_move_forward
[balanced_delivery_supervisor-22] [INFO] [1789488340.925783462] [robot_2.robot_supervisor]: Selected controllable event: EV_approach_object
[balanced_delivery_supervisor-20] [INFO] [1789488341.058715118] [robot_0.robot_supervisor]: Selected controllable event: EV_approach_zone
[balanced_delivery_supervisor-22] [INFO] [1789488341.221676783] [robot_2.robot_supervisor]: Selected controllable event: EV_move_forward
[balanced_delivery_supervisor-20] [INFO] [1789488341.343336667] [robot_0.robot_supervisor]: Selected controllable event: EV_approach_zone
[balanced_delivery_supervisor-22] [INFO] [1789488341.541899837] [robot_2.robot_supervisor]: Selected controllable event: EV_move_forward
[balanced_delivery_supervisor-20] [INFO] [1789488341.610526032] [robot_0.robot_supervisor]: Selected controllable event: EV_move_forward
[balanced_delivery_supervisor-22] [INFO] [1789488341.820498040] [robot_2.robot_supervisor]: ############################# VISIBLE: EV_object_visible #############################
[balanced_delivery_supervisor-22] [INFO] [1789488341.830468877] [robot_2.robot_supervisor]: Selected controllable event: EV_move_forward
[balanced_delivery_supervisor-20] [INFO] [1789488341.864450898] [robot_0.robot_supervisor]: Triggered uncontrollable event: EV_zone_a_visible
[balanced_delivery_supervisor-20] [INFO] [1789488341.865359081] [robot_0.robot_supervisor]: Triggered uncontrollable event: EV_zone_b_visible
[balanced_delivery_supervisor-20] [INFO] [1789488341.866467812] [robot_0.robot_supervisor]: Selected controllable event: EV_move_forward
[balanced_delivery_supervisor-22] [INFO] [1789488342.128071465] [robot_2.robot_supervisor]: Selected controllable event: EV_approach_object
[balanced_delivery_supervisor-20] [INFO] [1789488342.136691876] [robot_0.robot_supervisor]: Selected controllable event: EV_approach_zone
[balanced_delivery_supervisor-24] [INFO] [1789488342.229546218] [robot_1.robot_supervisor]: Zone-livelock escape completed
[balanced_delivery_supervisor-20] [INFO] [1789488342.429591682] [robot_0.robot_supervisor]: Selected controllable event: EV_approach_zone
[balanced_delivery_supervisor-22] [INFO] [1789488342.435719016] [robot_2.robot_supervisor]: Selected controllable event: EV_move_forward
[balanced_delivery_supervisor-24] [INFO] [1789488342.552541048] [robot_1.robot_supervisor]: Triggered uncontrollable event: EV_zone_b_visible
[balanced_delivery_supervisor-24] [INFO] [1789488342.553467784] [robot_1.robot_supervisor]: Triggered uncontrollable event: EV_zone_a_not_visible
[balanced_delivery_supervisor-24] [INFO] [1789488342.554343279] [robot_1.robot_supervisor]: Triggered uncontrollable event: EV_zone_b_not_visible
[balanced_delivery_supervisor-24] [INFO] [1789488342.578794078] [robot_1.robot_supervisor]: Selected controllable event: EV_move_forward
[balanced_delivery_supervisor-22] [INFO] [1789488342.656081029] [robot_2.robot_supervisor]: Selected controllable event: EV_move_forward
[balanced_delivery_supervisor-20] [INFO] [1789488342.669245490] [robot_0.robot_supervisor]: Selected controllable event: EV_move_forward
[balanced_delivery_supervisor-24] [INFO] [1789488342.832845531] [robot_1.robot_supervisor]: Triggered uncontrollable event: EV_zone_a_not_visible
[balanced_delivery_supervisor-24] [INFO] [1789488342.838564344] [robot_1.robot_supervisor]: Triggered uncontrollable event: EV_zone_b_not_visible
[balanced_delivery_supervisor-24] [INFO] [1789488342.846934244] [robot_1.robot_supervisor]: Selected controllable event: EV_move_forward
[balanced_delivery_supervisor-20] [INFO] [1789488342.933458135] [robot_0.robot_supervisor]: Triggered uncontrollable event: EV_zone_a_visible
[balanced_delivery_supervisor-22] [INFO] [1789488342.938114864] [robot_2.robot_supervisor]: ############################# REACHED: EV_object_reached #############################
[balanced_delivery_supervisor-22] [INFO] [1789488342.939468395] [robot_2.robot_supervisor]: Selected controllable event: EV_move_forward
[balanced_delivery_supervisor-20] [INFO] [1789488342.950926776] [robot_0.robot_supervisor]: Triggered uncontrollable event: EV_zone_b_visible
[balanced_delivery_supervisor-20] [INFO] [1789488342.952146239] [robot_0.robot_supervisor]: Selected controllable event: EV_approach_zone
[balanced_delivery_supervisor-24] [INFO] [1789488343.135845360] [robot_1.robot_supervisor]: Selected controllable event: EV_search_zone
[balanced_delivery_supervisor-22] [INFO] [1789488343.234698920] [robot_2.robot_supervisor]: Selected controllable event: EV_pick_up_object
[balanced_delivery_supervisor-20] [INFO] [1789488343.262531989] [robot_0.robot_supervisor]: Selected controllable event: EV_move_forward
[balanced_delivery_supervisor-22] [INFO] [1789488343.294709838] [robot_2.robot_supervisor]: Cargo 'robot_2_carried_generic_box' placed on robot.
[balanced_delivery_supervisor-24] [INFO] [1789488343.315700796] [robot_1.robot_supervisor]: Selected controllable event: EV_search_zone
[balanced_delivery_supervisor-22] [INFO] [1789488343.535463534] [robot_2.robot_supervisor]: Selected controllable event: EV_move_forward
[balanced_delivery_supervisor-24] [INFO] [1789488343.535490368] [robot_1.robot_supervisor]: Selected controllable event: EV_move_forward
[balanced_delivery_supervisor-20] [INFO] [1789488343.560467068] [robot_0.robot_supervisor]: Selected controllable event: EV_move_forward
[balanced_delivery_supervisor-24] [INFO] [1789488343.831443131] [robot_1.robot_supervisor]: Selected controllable event: EV_move_forward
[balanced_delivery_supervisor-20] [INFO] [1789488343.833373492] [robot_0.robot_supervisor]: Selected controllable event: EV_approach_zone
[balanced_delivery_supervisor-22] [INFO] [1789488343.839677655] [robot_2.robot_supervisor]: Selected controllable event: EV_search_zone
[balanced_delivery_supervisor-22] [INFO] [1789488344.016289467] [robot_2.robot_supervisor]: Selected controllable event: EV_move_forward
[balanced_delivery_supervisor-20] [INFO] [1789488344.060664164] [robot_0.robot_supervisor]: Selected controllable event: EV_move_forward
[balanced_delivery_supervisor-24] [INFO] [1789488344.156968949] [robot_1.robot_supervisor]: Triggered uncontrollable event: EV_zone_a_not_visible
[balanced_delivery_supervisor-24] [INFO] [1789488344.157828324] [robot_1.robot_supervisor]: Triggered uncontrollable event: EV_zone_b_not_visible
[balanced_delivery_supervisor-24] [INFO] [1789488344.174090221] [robot_1.robot_supervisor]: Selected controllable event: EV_move_forward
[balanced_delivery_supervisor-20] [INFO] [1789488344.340687974] [robot_0.robot_supervisor]: Triggered uncontrollable event: EV_zone_a_visible
[balanced_delivery_supervisor-20] [INFO] [1789488344.341536787] [robot_0.robot_supervisor]: Triggered uncontrollable event: EV_zone_b_visible
[balanced_delivery_supervisor-20] [INFO] [1789488344.342595872] [robot_0.robot_supervisor]: Selected controllable event: EV_move_forward
[balanced_delivery_supervisor-22] [INFO] [1789488344.348897448] [robot_2.robot_supervisor]: Triggered uncontrollable event: EV_zone_a_not_visible
[balanced_delivery_supervisor-22] [INFO] [1789488344.356021106] [robot_2.robot_supervisor]: Selected controllable event: EV_search_zone
[balanced_delivery_supervisor-24] [INFO] [1789488344.432980696] [robot_1.robot_supervisor]: Selected controllable event: EV_move_forward
[balanced_delivery_supervisor-22] [INFO] [1789488344.528282507] [robot_2.robot_supervisor]: Triggered uncontrollable event: EV_zone_b_reached
[balanced_delivery_supervisor-22] [INFO] [1789488344.542960265] [robot_2.robot_supervisor]: Selected controllable event: EV_search_zone
[balanced_delivery_supervisor-20] [INFO] [1789488344.669838570] [robot_0.robot_supervisor]: Selected controllable event: EV_move_forward
[balanced_delivery_supervisor-22] [INFO] [1789488344.719896957] [robot_2.robot_supervisor]: Selected controllable event: EV_search_zone
[balanced_delivery_supervisor-24] [INFO] [1789488344.727096268] [robot_1.robot_supervisor]: Selected controllable event: EV_move_forward
[balanced_delivery_supervisor-22] [INFO] [1789488344.850954685] [robot_2.robot_supervisor]: Selected controllable event: EV_move_forward
[balanced_delivery_supervisor-24] [INFO] [1789488344.935292797] [robot_1.robot_supervisor]: Selected controllable event: EV_search_zone
[balanced_delivery_supervisor-20] [INFO] [1789488344.941294251] [robot_0.robot_supervisor]: Selected controllable event: EV_approach_zone
[balanced_delivery_supervisor-24] [INFO] [1789488345.134256968] [robot_1.robot_supervisor]: Triggered uncontrollable event: EV_zone_a_not_visible
[balanced_delivery_supervisor-24] [INFO] [1789488345.143343002] [robot_1.robot_supervisor]: Selected controllable event: EV_move_forward
[balanced_delivery_supervisor-22] [INFO] [1789488345.143642456] [robot_2.robot_supervisor]: Selected controllable event: EV_search_zone
[balanced_delivery_supervisor-20] [INFO] [1789488345.247793465] [robot_0.robot_supervisor]: Triggered uncontrollable event: EV_zone_a_visible
[balanced_delivery_supervisor-20] [INFO] [1789488345.255229632] [robot_0.robot_supervisor]: Selected controllable event: EV_approach_zone
[balanced_delivery_supervisor-22] [INFO] [1789488345.315235883] [robot_2.robot_supervisor]: Triggered uncontrollable event: EV_zone_a_not_visible
[balanced_delivery_supervisor-22] [INFO] [1789488345.320552879] [robot_2.robot_supervisor]: Selected controllable event: EV_search_zone
[balanced_delivery_supervisor-22] [INFO] [1789488345.429838536] [robot_2.robot_supervisor]: Triggered uncontrollable event: EV_zone_b_reached
[balanced_delivery_supervisor-22] [INFO] [1789488345.430906587] [robot_2.robot_supervisor]: Selected controllable event: EV_move_forward
[balanced_delivery_supervisor-24] [INFO] [1789488345.434886727] [robot_1.robot_supervisor]: Triggered uncontrollable event: EV_zone_b_not_visible
[balanced_delivery_supervisor-24] [INFO] [1789488345.455902389] [robot_1.robot_supervisor]: Selected controllable event: EV_search_zone
[balanced_delivery_supervisor-20] [INFO] [1789488345.540360406] [robot_0.robot_supervisor]: Triggered uncontrollable event: EV_zone_b_visible
[balanced_delivery_supervisor-20] [INFO] [1789488345.541345212] [robot_0.robot_supervisor]: Selected controllable event: EV_approach_zone
[balanced_delivery_supervisor-22] [INFO] [1789488345.637903334] [robot_2.robot_supervisor]: Selected controllable event: EV_move_forward
[balanced_delivery_supervisor-24] [INFO] [1789488345.644270575] [robot_1.robot_supervisor]: Selected controllable event: EV_move_forward
[balanced_delivery_supervisor-20] [INFO] [1789488345.744411223] [robot_0.robot_supervisor]: Selected controllable event: EV_approach_zone
[balanced_delivery_supervisor-24] [INFO] [1789488345.914351704] [robot_1.robot_supervisor]: Selected controllable event: EV_move_forward
[balanced_delivery_supervisor-22] [INFO] [1789488345.947374360] [robot_2.robot_supervisor]: Selected controllable event: EV_search_zone
[balanced_delivery_supervisor-20] [INFO] [1789488345.974732521] [robot_0.robot_supervisor]: Selected controllable event: EV_approach_zone
[balanced_delivery_supervisor-22] [INFO] [1789488346.127987207] [robot_2.robot_supervisor]: Selected controllable event: EV_search_zone
[balanced_delivery_supervisor-24] [INFO] [1789488346.133774427] [robot_1.robot_supervisor]: Selected controllable event: EV_search_zone
[balanced_delivery_supervisor-20] [INFO] [1789488346.234223894] [robot_0.robot_supervisor]: Triggered uncontrollable event: EV_zone_a_visible
[balanced_delivery_supervisor-20] [INFO] [1789488346.235225630] [robot_0.robot_supervisor]: Selected controllable event: EV_approach_zone
[balanced_delivery_supervisor-24] [INFO] [1789488346.252976156] [robot_1.robot_supervisor]: Triggered uncontrollable event: EV_zone_a_not_visible
[balanced_delivery_supervisor-24] [INFO] [1789488346.253689209] [robot_1.robot_supervisor]: Triggered uncontrollable event: EV_zone_b_not_visible
[balanced_delivery_supervisor-24] [INFO] [1789488346.274384283] [robot_1.robot_supervisor]: Selected controllable event: EV_search_zone
[balanced_delivery_supervisor-22] [INFO] [1789488346.322064439] [robot_2.robot_supervisor]: Selected controllable event: EV_search_zone
[balanced_delivery_supervisor-24] [INFO] [1789488346.410967142] [robot_1.robot_supervisor]: Selected controllable event: EV_move_forward
[balanced_delivery_supervisor-22] [INFO] [1789488346.429059340] [robot_2.robot_supervisor]: Triggered uncontrollable event: EV_zone_a_not_visible
[balanced_delivery_supervisor-22] [INFO] [1789488346.430053002] [robot_2.robot_supervisor]: Selected controllable event: EV_search_zone
[balanced_delivery_supervisor-20] [INFO] [1789488346.465462708] [robot_0.robot_supervisor]: Triggered uncontrollable event: EV_zone_b_visible
[balanced_delivery_supervisor-20] [INFO] [1789488346.466561564] [robot_0.robot_supervisor]: Selected controllable event: EV_move_forward
[balanced_delivery_supervisor-22] [INFO] [1789488346.620201566] [robot_2.robot_supervisor]: Triggered uncontrollable event: EV_zone_b_reached
[balanced_delivery_supervisor-22] [INFO] [1789488346.621294864] [robot_2.robot_supervisor]: Selected controllable event: EV_search_zone
[balanced_delivery_supervisor-24] [INFO] [1789488346.729305522] [robot_1.robot_supervisor]: Selected controllable event: EV_search_zone
[balanced_delivery_supervisor-20] [INFO] [1789488346.750907916] [robot_0.robot_supervisor]: Selected controllable event: EV_move_forward
[balanced_delivery_supervisor-22] [INFO] [1789488346.823836865] [robot_2.robot_supervisor]: Selected controllable event: EV_move_forward
[balanced_delivery_supervisor-24] [INFO] [1789488346.951900866] [robot_1.robot_supervisor]: Selected controllable event: EV_move_forward
[balanced_delivery_supervisor-20] [INFO] [1789488347.043438233] [robot_0.robot_supervisor]: Selected controllable event: EV_approach_zone
[balanced_delivery_supervisor-22] [INFO] [1789488347.137384061] [robot_2.robot_supervisor]: Selected controllable event: EV_move_forward
[balanced_delivery_supervisor-24] [INFO] [1789488347.213675847] [robot_1.robot_supervisor]: Triggered uncontrollable event: EV_zone_a_not_visible
[balanced_delivery_supervisor-24] [INFO] [1789488347.214633903] [robot_1.robot_supervisor]: Triggered uncontrollable event: EV_zone_b_not_visible
[balanced_delivery_supervisor-24] [INFO] [1789488347.232152888] [robot_1.robot_supervisor]: Selected controllable event: EV_search_zone
[balanced_delivery_supervisor-20] [INFO] [1789488347.332622143] [robot_0.robot_supervisor]: Triggered uncontrollable event: EV_zone_a_visible
[balanced_delivery_supervisor-20] [INFO] [1789488347.345154235] [robot_0.robot_supervisor]: Triggered uncontrollable event: EV_zone_b_visible
[balanced_delivery_supervisor-20] [INFO] [1789488347.346283086] [robot_0.robot_supervisor]: Selected controllable event: EV_move_forward
[balanced_delivery_supervisor-22] [INFO] [1789488347.436098723] [robot_2.robot_supervisor]: Triggered uncontrollable event: EV_zone_a_not_visible
[balanced_delivery_supervisor-22] [INFO] [1789488347.440898202] [robot_2.robot_supervisor]: Triggered uncontrollable event: EV_zone_b_reached
[balanced_delivery_supervisor-24] [INFO] [1789488347.436193874] [robot_1.robot_supervisor]: Selected controllable event: EV_search_zone
[balanced_delivery_supervisor-22] [INFO] [1789488347.450632191] [robot_2.robot_supervisor]: Selected controllable event: EV_search_zone
[balanced_delivery_supervisor-24] [INFO] [1789488347.563549704] [robot_1.robot_supervisor]: Selected controllable event: EV_search_zone
[balanced_delivery_supervisor-20] [INFO] [1789488347.563686884] [robot_0.robot_supervisor]: Selected controllable event: EV_move_forward
[balanced_delivery_supervisor-22] [INFO] [1789488347.622374405] [robot_2.robot_supervisor]: Selected controllable event: EV_move_forward
[balanced_delivery_supervisor-24] [INFO] [1789488347.724769551] [robot_1.robot_supervisor]: Selected controllable event: EV_search_zone
[balanced_delivery_supervisor-20] [INFO] [1789488347.861921270] [robot_0.robot_supervisor]: Selected controllable event: EV_approach_zone
[balanced_delivery_supervisor-22] [INFO] [1789488347.922748479] [robot_2.robot_supervisor]: Selected controllable event: EV_search_zone
[balanced_delivery_supervisor-24] [INFO] [1789488347.926551525] [robot_1.robot_supervisor]: Selected controllable event: EV_move_forward
[balanced_delivery_supervisor-22] [INFO] [1789488348.140768644] [robot_2.robot_supervisor]: Selected controllable event: EV_move_forward
[balanced_delivery_supervisor-24] [INFO] [1789488348.147676452] [robot_1.robot_supervisor]: Selected controllable event: EV_search_zone
[balanced_delivery_supervisor-20] [INFO] [1789488348.152484331] [robot_0.robot_supervisor]: Selected controllable event: EV_approach_zone
[balanced_delivery_supervisor-24] [INFO] [1789488348.343377418] [robot_1.robot_supervisor]: Triggered uncontrollable event: EV_zone_a_not_visible
[balanced_delivery_supervisor-24] [INFO] [1789488348.350756675] [robot_1.robot_supervisor]: Selected controllable event: EV_move_forward
[balanced_delivery_supervisor-22] [INFO] [1789488348.411347921] [robot_2.robot_supervisor]: Triggered uncontrollable event: EV_zone_a_not_visible
[balanced_delivery_supervisor-22] [INFO] [1789488348.420142038] [robot_2.robot_supervisor]: Triggered uncontrollable event: EV_zone_b_reached
[balanced_delivery_supervisor-22] [INFO] [1789488348.422543796] [robot_2.robot_supervisor]: Selected controllable event: EV_search_zone
[balanced_delivery_supervisor-20] [INFO] [1789488348.452242543] [robot_0.robot_supervisor]: Triggered uncontrollable event: EV_zone_a_visible
[balanced_delivery_supervisor-20] [INFO] [1789488348.457917577] [robot_0.robot_supervisor]: Triggered uncontrollable event: EV_zone_b_visible
[balanced_delivery_supervisor-20] [INFO] [1789488348.470418121] [robot_0.robot_supervisor]: Selected controllable event: EV_move_forward
[balanced_delivery_supervisor-22] [INFO] [1789488348.545264931] [robot_2.robot_supervisor]: Selected controllable event: EV_move_forward
[balanced_delivery_supervisor-24] [INFO] [1789488348.631125525] [robot_1.robot_supervisor]: Triggered uncontrollable event: EV_zone_b_not_visible
[balanced_delivery_supervisor-24] [INFO] [1789488348.647974655] [robot_1.robot_supervisor]: Selected controllable event: EV_search_zone
[balanced_delivery_supervisor-20] [INFO] [1789488348.742671246] [robot_0.robot_supervisor]: Selected controllable event: EV_approach_zone
[balanced_delivery_supervisor-24] [INFO] [1789488348.814557644] [robot_1.robot_supervisor]: Selected controllable event: EV_move_forward
[balanced_delivery_supervisor-22] [INFO] [1789488348.838620320] [robot_2.robot_supervisor]: Selected controllable event: EV_search_zone
[balanced_delivery_supervisor-24] [INFO] [1789488349.016816860] [robot_1.robot_supervisor]: Selected controllable event: EV_move_forward
[balanced_delivery_supervisor-22] [INFO] [1789488349.039326161] [robot_2.robot_supervisor]: Selected controllable event: EV_move_forward
[balanced_delivery_supervisor-20] [INFO] [1789488349.044798466] [robot_0.robot_supervisor]: Selected controllable event: EV_approach_zone
[balanced_delivery_supervisor-20] [INFO] [1789488349.247765123] [robot_0.robot_supervisor]: Selected controllable event: EV_approach_zone
[balanced_delivery_supervisor-24] [INFO] [1789488349.252817237] [robot_1.robot_supervisor]: Selected controllable event: EV_move_forward
[balanced_delivery_supervisor-22] [INFO] [1789488349.326636606] [robot_2.robot_supervisor]: Selected controllable event: EV_move_forward
[balanced_delivery_supervisor-24] [INFO] [1789488349.526230332] [robot_1.robot_supervisor]: Triggered uncontrollable event: EV_zone_a_not_visible
[balanced_delivery_supervisor-24] [INFO] [1789488349.548969703] [robot_1.robot_supervisor]: Triggered uncontrollable event: EV_zone_b_not_visible
[balanced_delivery_supervisor-24] [INFO] [1789488349.550108076] [robot_1.robot_supervisor]: Selected controllable event: EV_move_forward
[balanced_delivery_supervisor-20] [INFO] [1789488349.561287219] [robot_0.robot_supervisor]: Triggered uncontrollable event: EV_zone_a_visible
[balanced_delivery_supervisor-20] [INFO] [1789488349.582494880] [robot_0.robot_supervisor]: Selected controllable event: EV_approach_zone
[balanced_delivery_supervisor-22] [INFO] [1789488349.613195835] [robot_2.robot_supervisor]: Triggered uncontrollable event: EV_zone_a_not_visible
[balanced_delivery_supervisor-22] [INFO] [1789488349.626430716] [robot_2.robot_supervisor]: Selected controllable event: EV_search_zone
[balanced_delivery_supervisor-24] [INFO] [1789488349.823183064] [robot_1.robot_supervisor]: Selected controllable event: EV_search_zone
[balanced_delivery_supervisor-22] [INFO] [1789488349.827041985] [robot_2.robot_supervisor]: Triggered uncontrollable event: EV_zone_b_reached
[balanced_delivery_supervisor-22] [INFO] [1789488349.836659103] [robot_2.robot_supervisor]: Selected controllable event: EV_move_forward
[balanced_delivery_supervisor-20] [INFO] [1789488349.831837027] [robot_0.robot_supervisor]: Triggered uncontrollable event: EV_zone_b_visible
[balanced_delivery_supervisor-20] [INFO] [1789488349.852955690] [robot_0.robot_supervisor]: Selected controllable event: EV_move_forward
[balanced_delivery_supervisor-24] [INFO] [1789488349.932961470] [robot_1.robot_supervisor]: Selected controllable event: EV_search_zone
[balanced_delivery_supervisor-24] [INFO] [1789488350.046442222] [robot_1.robot_supervisor]: Selected controllable event: EV_move_forward
[balanced_delivery_supervisor-20] [INFO] [1789488350.127761485] [robot_0.robot_supervisor]: Selected controllable event: EV_approach_zone
[balanced_delivery_supervisor-22] [INFO] [1789488350.143753529] [robot_2.robot_supervisor]: Selected controllable event: EV_move_forward
[balanced_delivery_supervisor-24] [INFO] [1789488350.354570406] [robot_1.robot_supervisor]: Triggered uncontrollable event: EV_zone_a_not_visible
[balanced_delivery_supervisor-24] [INFO] [1789488350.363166680] [robot_1.robot_supervisor]: Selected controllable event: EV_move_forward
[balanced_delivery_supervisor-20] [INFO] [1789488350.365973082] [robot_0.robot_supervisor]: Selected controllable event: EV_approach_zone
[balanced_delivery_supervisor-22] [INFO] [1789488350.401461473] [robot_2.robot_supervisor]: Selected controllable event: EV_search_zone
[balanced_delivery_supervisor-22] [INFO] [1789488350.524627719] [robot_2.robot_supervisor]: Triggered uncontrollable event: EV_zone_a_not_visible
[balanced_delivery_supervisor-22] [INFO] [1789488350.541103864] [robot_2.robot_supervisor]: Selected controllable event: EV_search_zone
[balanced_delivery_supervisor-24] [INFO] [1789488350.645878292] [robot_1.robot_supervisor]: Triggered uncontrollable event: EV_zone_b_not_visible
[balanced_delivery_supervisor-20] [INFO] [1789488350.652931549] [robot_0.robot_supervisor]: Triggered uncontrollable event: EV_zone_a_visible
[balanced_delivery_supervisor-20] [INFO] [1789488350.653835545] [robot_0.robot_supervisor]: Triggered uncontrollable event: EV_zone_b_visible
[balanced_delivery_supervisor-20] [INFO] [1789488350.654957745] [robot_0.robot_supervisor]: Selected controllable event: EV_move_forward
[balanced_delivery_supervisor-24] [INFO] [1789488350.657196553] [robot_1.robot_supervisor]: Selected controllable event: EV_move_forward
[balanced_delivery_supervisor-22] [INFO] [1789488350.722938651] [robot_2.robot_supervisor]: Triggered uncontrollable event: EV_zone_b_reached
[balanced_delivery_supervisor-22] [INFO] [1789488350.736396245] [robot_2.robot_supervisor]: Selected controllable event: EV_search_zone
[balanced_delivery_supervisor-24] [INFO] [1789488350.921084932] [robot_1.robot_supervisor]: Selected controllable event: EV_search_zone
[balanced_delivery_supervisor-22] [INFO] [1789488350.926763673] [robot_2.robot_supervisor]: Selected controllable event: EV_move_forward
[balanced_delivery_supervisor-20] [INFO] [1789488350.967006691] [robot_0.robot_supervisor]: Selected controllable event: EV_approach_zone
[balanced_delivery_supervisor-24] [INFO] [1789488351.036419906] [robot_1.robot_supervisor]: Selected controllable event: EV_move_forward
[color_detector-29] [INFO] [1789488351.069079394] [robot_2.target_detector]: RGB HEARTBEAT frames_total=30 recent_rate_hz=0.929 last_frame_age_s=0.689 status=OK
[color_detector-31] [INFO] [1789488351.101801233] [robot_1.target_detector]: RGB HEARTBEAT frames_total=30 recent_rate_hz=0.925 last_frame_age_s=0.838 status=OK
[color_detector-27] [INFO] [1789488351.113295881] [robot_0.target_detector]: RGB HEARTBEAT frames_total=30 recent_rate_hz=0.922 last_frame_age_s=0.809 status=OK
[balanced_delivery_supervisor-20] [INFO] [1789488351.178723922] [robot_0.robot_supervisor]: Selected controllable event: EV_move_forward
[balanced_delivery_supervisor-24] [INFO] [1789488351.245019510] [robot_1.robot_supervisor]: Selected controllable event: EV_search_zone
[balanced_delivery_supervisor-22] [INFO] [1789488351.264522253] [robot_2.robot_supervisor]: Selected controllable event: EV_move_forward
[balanced_delivery_supervisor-20] [INFO] [1789488351.439348813] [robot_0.robot_supervisor]: Triggered uncontrollable event: EV_zone_a_visible
[balanced_delivery_supervisor-24] [INFO] [1789488351.440926438] [robot_1.robot_supervisor]: Triggered uncontrollable event: EV_zone_a_not_visible
[balanced_delivery_supervisor-24] [INFO] [1789488351.441772258] [robot_1.robot_supervisor]: Triggered uncontrollable event: EV_zone_b_not_visible
[balanced_delivery_supervisor-20] [INFO] [1789488351.454962726] [robot_0.robot_supervisor]: Triggered uncontrollable event: EV_zone_b_visible
[balanced_delivery_supervisor-20] [INFO] [1789488351.456019350] [robot_0.robot_supervisor]: Selected controllable event: EV_approach_zone
[balanced_delivery_supervisor-24] [INFO] [1789488351.461546780] [robot_1.robot_supervisor]: Selected controllable event: EV_move_forward
[balanced_delivery_supervisor-22] [INFO] [1789488351.523663134] [robot_2.robot_supervisor]: Triggered uncontrollable event: EV_zone_a_not_visible
[balanced_delivery_supervisor-22] [INFO] [1789488351.534236285] [robot_2.robot_supervisor]: Triggered uncontrollable event: EV_zone_b_reached
[balanced_delivery_supervisor-22] [INFO] [1789488351.550946305] [robot_2.robot_supervisor]: Selected controllable event: EV_move_forward
[balanced_delivery_supervisor-24] [INFO] [1789488351.722236286] [robot_1.robot_supervisor]: Selected controllable event: EV_move_forward
[balanced_delivery_supervisor-20] [INFO] [1789488351.736724157] [robot_0.robot_supervisor]: Selected controllable event: EV_move_forward
[balanced_delivery_supervisor-22] [INFO] [1789488351.833922643] [robot_2.robot_supervisor]: Selected controllable event: EV_search_zone
[balanced_delivery_supervisor-24] [INFO] [1789488351.924046197] [robot_1.robot_supervisor]: Selected controllable event: EV_search_zone
[balanced_delivery_supervisor-24] [INFO] [1789488352.029726442] [robot_1.robot_supervisor]: Selected controllable event: EV_search_zone
[balanced_delivery_supervisor-22] [INFO] [1789488352.041297749] [robot_2.robot_supervisor]: Selected controllable event: EV_move_forward
[balanced_delivery_supervisor-20] [INFO] [1789488352.051992250] [robot_0.robot_supervisor]: Selected controllable event: EV_move_forward
[balanced_delivery_supervisor-24] [INFO] [1789488352.242182741] [robot_1.robot_supervisor]: Selected controllable event: EV_move_forward
[balanced_delivery_supervisor-20] [INFO] [1789488352.262383377] [robot_0.robot_supervisor]: Selected controllable event: EV_move_forward
[balanced_delivery_supervisor-22] [INFO] [1789488352.321291252] [robot_2.robot_supervisor]: Selected controllable event: EV_search_zone
[balanced_delivery_supervisor-22] [INFO] [1789488352.434797587] [robot_2.robot_supervisor]: Selected controllable event: EV_search_zone
[balanced_delivery_supervisor-24] [INFO] [1789488352.535102541] [robot_1.robot_supervisor]: Triggered uncontrollable event: EV_zone_a_not_visible
[balanced_delivery_supervisor-24] [INFO] [1789488352.536051151] [robot_1.robot_supervisor]: Triggered uncontrollable event: EV_zone_b_not_visible
[balanced_delivery_supervisor-24] [INFO] [1789488352.537083355] [robot_1.robot_supervisor]: Selected controllable event: EV_search_zone
[balanced_delivery_supervisor-20] [INFO] [1789488352.544735080] [robot_0.robot_supervisor]: Triggered uncontrollable event: EV_zone_a_visible
[balanced_delivery_supervisor-20] [INFO] [1789488352.545542714] [robot_0.robot_supervisor]: Triggered uncontrollable event: EV_zone_b_visible
[balanced_delivery_supervisor-20] [INFO] [1789488352.546548907] [robot_0.robot_supervisor]: Selected controllable event: EV_move_forward
[balanced_delivery_supervisor-22] [INFO] [1789488352.611243260] [robot_2.robot_supervisor]: Triggered uncontrollable event: EV_zone_a_not_visible
[balanced_delivery_supervisor-22] [INFO] [1789488352.619530879] [robot_2.robot_supervisor]: Triggered uncontrollable event: EV_zone_b_reached
[balanced_delivery_supervisor-22] [INFO] [1789488352.631461402] [robot_2.robot_supervisor]: Selected controllable event: EV_move_forward
[balanced_delivery_supervisor-24] [INFO] [1789488352.660145363] [robot_1.robot_supervisor]: Selected controllable event: EV_move_forward
[balanced_delivery_supervisor-20] [INFO] [1789488352.850349647] [robot_0.robot_supervisor]: Selected controllable event: EV_move_forward
[balanced_delivery_supervisor-24] [INFO] [1789488352.920811032] [robot_1.robot_supervisor]: Selected controllable event: EV_search_zone
[balanced_delivery_supervisor-22] [INFO] [1789488352.940916589] [robot_2.robot_supervisor]: Selected controllable event: EV_move_forward
[balanced_delivery_supervisor-24] [INFO] [1789488353.033309059] [robot_1.robot_supervisor]: Selected controllable event: EV_move_forward
[balanced_delivery_supervisor-20] [INFO] [1789488353.152163257] [robot_0.robot_supervisor]: Selected controllable event: EV_approach_zone
[balanced_delivery_supervisor-22] [INFO] [1789488353.243768742] [robot_2.robot_supervisor]: Selected controllable event: EV_search_zone
[balanced_delivery_supervisor-24] [INFO] [1789488353.312370913] [robot_1.robot_supervisor]: Triggered uncontrollable event: EV_zone_a_not_visible
[balanced_delivery_supervisor-24] [INFO] [1789488353.313351348] [robot_1.robot_supervisor]: Selected controllable event: EV_move_forward
[balanced_delivery_supervisor-20] [INFO] [1789488353.357241376] [robot_0.robot_supervisor]: Triggered uncontrollable event: EV_zone_a_visible
[balanced_delivery_supervisor-20] [INFO] [1789488353.369356015] [robot_0.robot_supervisor]: Selected controllable event: EV_approach_zone
[balanced_delivery_supervisor-22] [INFO] [1789488353.428570222] [robot_2.robot_supervisor]: Triggered uncontrollable event: EV_zone_a_not_visible
[balanced_delivery_supervisor-22] [INFO] [1789488353.429485083] [robot_2.robot_supervisor]: Selected controllable event: EV_search_zone
[balanced_delivery_supervisor-24] [INFO] [1789488353.533224149] [robot_1.robot_supervisor]: Triggered uncontrollable event: EV_zone_b_not_visible
[balanced_delivery_supervisor-24] [INFO] [1789488353.542155043] [robot_1.robot_supervisor]: Selected controllable event: EV_search_zone
[balanced_delivery_supervisor-22] [INFO] [1789488353.621881402] [robot_2.robot_supervisor]: Triggered uncontrollable event: EV_zone_b_reached
[balanced_delivery_supervisor-22] [INFO] [1789488353.639052335] [robot_2.robot_supervisor]: Selected controllable event: EV_search_zone
[balanced_delivery_supervisor-20] [INFO] [1789488353.661587515] [robot_0.robot_supervisor]: Triggered uncontrollable event: EV_zone_b_visible
[balanced_delivery_supervisor-20] [INFO] [1789488353.663419876] [robot_0.robot_supervisor]: Selected controllable event: EV_approach_zone
[balanced_delivery_supervisor-24] [INFO] [1789488353.754159419] [robot_1.robot_supervisor]: Selected controllable event: EV_move_forward
[balanced_delivery_supervisor-22] [INFO] [1789488353.835436809] [robot_2.robot_supervisor]: Selected controllable event: EV_move_forward
[balanced_delivery_supervisor-20] [INFO] [1789488353.941113520] [robot_0.robot_supervisor]: Selected controllable event: EV_approach_zone
[balanced_delivery_supervisor-24] [INFO] [1789488354.042647210] [robot_1.robot_supervisor]: Selected controllable event: EV_search_zone
[balanced_delivery_supervisor-22] [INFO] [1789488354.145821850] [robot_2.robot_supervisor]: Selected controllable event: EV_move_forward
[balanced_delivery_supervisor-20] [INFO] [1789488354.220123162] [robot_0.robot_supervisor]: Selected controllable event: EV_move_forward
[balanced_delivery_supervisor-24] [INFO] [1789488354.256708537] [robot_1.robot_supervisor]: Selected controllable event: EV_search_zone
[balanced_delivery_supervisor-22] [INFO] [1789488354.431529100] [robot_2.robot_supervisor]: Selected controllable event: EV_search_zone
[balanced_delivery_supervisor-24] [INFO] [1789488354.434942644] [robot_1.robot_supervisor]: Triggered uncontrollable event: EV_zone_a_not_visible
[balanced_delivery_supervisor-24] [INFO] [1789488354.441468173] [robot_1.robot_supervisor]: Triggered uncontrollable event: EV_zone_b_not_visible
[balanced_delivery_supervisor-20] [INFO] [1789488354.446597144] [robot_0.robot_supervisor]: Triggered uncontrollable event: EV_zone_a_visible
[balanced_delivery_supervisor-24] [INFO] [1789488354.448178161] [robot_1.robot_supervisor]: Selected controllable event: EV_search_zone
[balanced_delivery_supervisor-20] [INFO] [1789488354.455077082] [robot_0.robot_supervisor]: Triggered uncontrollable event: EV_zone_b_visible
[balanced_delivery_supervisor-20] [INFO] [1789488354.459961355] [robot_0.robot_supervisor]: Selected controllable event: EV_move_forward
[balanced_delivery_supervisor-22] [INFO] [1789488354.638105960] [robot_2.robot_supervisor]: Triggered uncontrollable event: EV_zone_a_not_visible
[balanced_delivery_supervisor-22] [INFO] [1789488354.650352551] [robot_2.robot_supervisor]: Triggered uncontrollable event: EV_zone_b_reached
[balanced_delivery_supervisor-22] [INFO] [1789488354.651492830] [robot_2.robot_supervisor]: Selected controllable event: EV_search_zone
[balanced_delivery_supervisor-24] [INFO] [1789488354.655829425] [robot_1.robot_supervisor]: Selected controllable event: EV_move_forward
[balanced_delivery_supervisor-20] [INFO] [1789488354.766791353] [robot_0.robot_supervisor]: Selected controllable event: EV_approach_zone
[balanced_delivery_supervisor-22] [INFO] [1789488354.835176217] [robot_2.robot_supervisor]: Selected controllable event: EV_move_forward
[balanced_delivery_supervisor-24] [INFO] [1789488354.928696739] [robot_1.robot_supervisor]: Selected controllable event: EV_move_forward
[balanced_delivery_supervisor-20] [INFO] [1789488355.041377380] [robot_0.robot_supervisor]: Selected controllable event: EV_move_forward
[balanced_delivery_supervisor-22] [INFO] [1789488355.131229331] [robot_2.robot_supervisor]: Selected controllable event: EV_move_forward
[balanced_delivery_supervisor-24] [INFO] [1789488355.141013759] [robot_1.robot_supervisor]: Selected controllable event: EV_search_zone
[balanced_delivery_supervisor-20] [INFO] [1789488355.269600137] [robot_0.robot_supervisor]: Selected controllable event: EV_approach_zone
[balanced_delivery_supervisor-24] [INFO] [1789488355.333499151] [robot_1.robot_supervisor]: Triggered uncontrollable event: EV_zone_a_not_visible
[balanced_delivery_supervisor-24] [INFO] [1789488355.346975188] [robot_1.robot_supervisor]: Triggered uncontrollable event: EV_zone_b_not_visible
[balanced_delivery_supervisor-24] [INFO] [1789488355.348135007] [robot_1.robot_supervisor]: Selected controllable event: EV_search_zone
[balanced_delivery_supervisor-22] [INFO] [1789488355.430143710] [robot_2.robot_supervisor]: Triggered uncontrollable event: EV_zone_a_not_visible
[balanced_delivery_supervisor-22] [INFO] [1789488355.431074452] [robot_2.robot_supervisor]: Selected controllable event: EV_search_zone
[balanced_delivery_supervisor-24] [INFO] [1789488355.543123530] [robot_1.robot_supervisor]: Selected controllable event: EV_search_zone
[balanced_delivery_supervisor-20] [INFO] [1789488355.550107696] [robot_0.robot_supervisor]: Triggered uncontrollable event: EV_zone_a_visible
[balanced_delivery_supervisor-20] [INFO] [1789488355.553789377] [robot_0.robot_supervisor]: Triggered uncontrollable event: EV_zone_b_visible
[balanced_delivery_supervisor-20] [INFO] [1789488355.566770174] [robot_0.robot_supervisor]: Selected controllable event: EV_move_forward
[balanced_delivery_supervisor-22] [INFO] [1789488355.622682060] [robot_2.robot_supervisor]: Triggered uncontrollable event: EV_zone_b_reached
[balanced_delivery_supervisor-22] [INFO] [1789488355.623683973] [robot_2.robot_supervisor]: Selected controllable event: EV_move_forward
[balanced_delivery_supervisor-24] [INFO] [1789488355.738341122] [robot_1.robot_supervisor]: Selected controllable event: EV_move_forward
[balanced_delivery_supervisor-20] [INFO] [1789488355.834255308] [robot_0.robot_supervisor]: Selected controllable event: EV_move_forward
[balanced_delivery_supervisor-22] [INFO] [1789488355.922568661] [robot_2.robot_supervisor]: Selected controllable event: EV_move_forward
[balanced_delivery_supervisor-24] [INFO] [1789488356.031431405] [robot_1.robot_supervisor]: Selected controllable event: EV_search_zone
[balanced_delivery_supervisor-20] [INFO] [1789488356.063095044] [robot_0.robot_supervisor]: Selected controllable event: EV_move_forward
[balanced_delivery_supervisor-22] [INFO] [1789488356.137036406] [robot_2.robot_supervisor]: Selected controllable event: EV_search_zone
[balanced_delivery_supervisor-24] [INFO] [1789488356.244276332] [robot_1.robot_supervisor]: Triggered uncontrollable event: EV_zone_a_not_visible
[balanced_delivery_supervisor-24] [INFO] [1789488356.245339678] [robot_1.robot_supervisor]: Selected controllable event: EV_search_zone
[balanced_delivery_supervisor-22] [INFO] [1789488356.319461308] [robot_2.robot_supervisor]: Selected controllable event: EV_move_forward
[balanced_delivery_supervisor-20] [INFO] [1789488356.350117396] [robot_0.robot_supervisor]: Triggered uncontrollable event: EV_zone_a_not_visible
[balanced_delivery_supervisor-20] [INFO] [1789488356.351245461] [robot_0.robot_supervisor]: Triggered uncontrollable event: EV_obstacle_left
[balanced_delivery_supervisor-20] [INFO] [1789488356.362926363] [robot_0.robot_supervisor]: Selected controllable event: EV_u_turn
[balanced_delivery_supervisor-20] [INFO] [1789488356.363937607] [robot_0.robot_supervisor]: Starting FULL ROTATE (omega=1.000, have_odom=True, target_rad=3.142, timeout_s=3.500)
[balanced_delivery_supervisor-24] [INFO] [1789488356.422805398] [robot_1.robot_supervisor]: Triggered uncontrollable event: EV_zone_b_not_visible
[balanced_delivery_supervisor-24] [INFO] [1789488356.423840170] [robot_1.robot_supervisor]: Selected controllable event: EV_search_zone
[balanced_delivery_supervisor-24] [INFO] [1789488356.535317427] [robot_1.robot_supervisor]: Selected controllable event: EV_search_zone
[balanced_delivery_supervisor-22] [INFO] [1789488356.624268852] [robot_2.robot_supervisor]: Triggered uncontrollable event: EV_zone_a_not_visible
[balanced_delivery_supervisor-22] [INFO] [1789488356.625090870] [robot_2.robot_supervisor]: Triggered uncontrollable event: EV_obstacle_right
[balanced_delivery_supervisor-22] [INFO] [1789488356.646130802] [robot_2.robot_supervisor]: Triggered uncontrollable event: EV_zone_b_reached
[balanced_delivery_supervisor-22] [INFO] [1789488356.647162389] [robot_2.robot_supervisor]: Selected controllable event: EV_u_turn
[balanced_delivery_supervisor-22] [INFO] [1789488356.648046085] [robot_2.robot_supervisor]: Starting FULL ROTATE (omega=1.000, have_odom=True, target_rad=3.142, timeout_s=3.500)
[balanced_delivery_supervisor-24] [INFO] [1789488356.723107721] [robot_1.robot_supervisor]: Selected controllable event: EV_search_zone
[balanced_delivery_supervisor-24] [INFO] [1789488356.831394896] [robot_1.robot_supervisor]: Selected controllable event: EV_move_forward
[balanced_delivery_supervisor-24] [INFO] [1789488357.130499220] [robot_1.robot_supervisor]: Triggered uncontrollable event: EV_zone_a_not_visible
[balanced_delivery_supervisor-24] [INFO] [1789488357.147428757] [robot_1.robot_supervisor]: Selected controllable event: EV_move_forward
[balanced_delivery_supervisor-24] [INFO] [1789488357.430594074] [robot_1.robot_supervisor]: Triggered uncontrollable event: EV_zone_b_not_visible
[balanced_delivery_supervisor-24] [INFO] [1789488357.431553248] [robot_1.robot_supervisor]: Selected controllable event: EV_search_zone
[balanced_delivery_supervisor-24] [INFO] [1789488357.636703366] [robot_1.robot_supervisor]: Selected controllable event: EV_search_zone
[balanced_delivery_supervisor-24] [INFO] [1789488357.827203740] [robot_1.robot_supervisor]: Selected controllable event: EV_search_zone
[balanced_delivery_supervisor-24] [INFO] [1789488357.941419400] [robot_1.robot_supervisor]: Selected controllable event: EV_search_zone
[balanced_delivery_supervisor-24] [INFO] [1789488358.137019648] [robot_1.robot_supervisor]: Triggered uncontrollable event: EV_obstacle_right
[balanced_delivery_supervisor-24] [INFO] [1789488358.138073953] [robot_1.robot_supervisor]: Selected controllable event: EV_rotate_counterclockwise
[balanced_delivery_supervisor-24] [INFO] [1789488358.251249389] [robot_1.robot_supervisor]: Triggered uncontrollable event: EV_zone_a_not_visible
[balanced_delivery_supervisor-24] [INFO] [1789488358.264730683] [robot_1.robot_supervisor]: Triggered uncontrollable event: EV_obstacle_right
[balanced_delivery_supervisor-24] [INFO] [1789488358.279398171] [robot_1.robot_supervisor]: Selected controllable event: EV_rotate_counterclockwise
[balanced_delivery_supervisor-24] [INFO] [1789488358.421352673] [robot_1.robot_supervisor]: Triggered uncontrollable event: EV_obstacle_right
[balanced_delivery_supervisor-24] [INFO] [1789488358.429901259] [robot_1.robot_supervisor]: Triggered uncontrollable event: EV_zone_b_not_visible
[balanced_delivery_supervisor-24] [INFO] [1789488358.435109846] [robot_1.robot_supervisor]: Selected controllable event: EV_u_turn
[balanced_delivery_supervisor-24] [INFO] [1789488358.451088441] [robot_1.robot_supervisor]: Starting FULL ROTATE (omega=1.000, have_odom=True, target_rad=3.142, timeout_s=3.500)
[balanced_delivery_supervisor-20] [INFO] [1789488359.939429458] [robot_0.robot_supervisor]: FULL ROTATE completed by timeout
[balanced_delivery_supervisor-22] [INFO] [1789488360.224106007] [robot_2.robot_supervisor]: FULL ROTATE completed by timeout
[balanced_delivery_supervisor-20] [INFO] [1789488360.237247973] [robot_0.robot_supervisor]: Triggered uncontrollable event: EV_zone_b_visible
[balanced_delivery_supervisor-20] [INFO] [1789488360.247135889] [robot_0.robot_supervisor]: Triggered uncontrollable event: EV_zone_a_not_visible
[balanced_delivery_supervisor-20] [INFO] [1789488360.254009742] [robot_0.robot_supervisor]: Triggered uncontrollable event: EV_obstacle_right
[balanced_delivery_supervisor-20] [INFO] [1789488360.255944365] [robot_0.robot_supervisor]: Selected controllable event: EV_u_turn
[balanced_delivery_supervisor-20] [INFO] [1789488360.346897895] [robot_0.robot_supervisor]: Triggered uncontrollable event: EV_obstacle_right
[balanced_delivery_supervisor-20] [INFO] [1789488360.351724541] [robot_0.robot_supervisor]: Selected controllable event: EV_u_turn
[balanced_delivery_supervisor-22] [INFO] [1789488360.422976759] [robot_2.robot_supervisor]: Triggered uncontrollable event: EV_zone_a_visible
[balanced_delivery_supervisor-22] [INFO] [1789488360.423642302] [robot_2.robot_supervisor]: Triggered uncontrollable event: EV_zone_b_reached
[balanced_delivery_supervisor-22] [INFO] [1789488360.424499671] [robot_2.robot_supervisor]: Selected controllable event: EV_approach_zone
[balanced_delivery_supervisor-20] [INFO] [1789488360.424148428] [robot_0.robot_supervisor]: Triggered uncontrollable event: EV_obstacle_right
[balanced_delivery_supervisor-20] [INFO] [1789488360.428482126] [robot_0.robot_supervisor]: Selected controllable event: EV_rotate_counterclockwise
[balanced_delivery_supervisor-20] [WARN] [1789488360.432625368] [robot_0.robot_supervisor]: no translation for 4.4s livelock detected; starting atomic escape (turn_sign=+1)
[color_detector-27] [INFO] [1789488360.653309414] [robot_0.target_detector]: RGB HEARTBEAT frames_total=40 recent_rate_hz=1.048 last_frame_age_s=0.811 status=OK
[color_detector-29] [INFO] [1789488360.662699268] [robot_2.target_detector]: RGB HEARTBEAT frames_total=40 recent_rate_hz=1.042 last_frame_age_s=0.736 status=OK
[color_detector-31] [INFO] [1789488360.663932484] [robot_1.target_detector]: RGB HEARTBEAT frames_total=40 recent_rate_hz=1.045 last_frame_age_s=0.875 status=OK
[balanced_delivery_supervisor-22] [INFO] [1789488360.726324104] [robot_2.robot_supervisor]: Selected controllable event: EV_approach_zone
[balanced_delivery_supervisor-22] [INFO] [1789488360.927860491] [robot_2.robot_supervisor]: Triggered uncontrollable event: EV_zone_a_visible
[balanced_delivery_supervisor-22] [INFO] [1789488360.947508649] [robot_2.robot_supervisor]: Selected controllable event: EV_move_forward
[balanced_delivery_supervisor-22] [INFO] [1789488361.226829060] [robot_2.robot_supervisor]: Triggered uncontrollable event: EV_zone_b_reached
[balanced_delivery_supervisor-22] [INFO] [1789488361.227874252] [robot_2.robot_supervisor]: Selected controllable event: EV_approach_zone
[balanced_delivery_supervisor-22] [INFO] [1789488361.435668014] [robot_2.robot_supervisor]: Selected controllable event: EV_move_forward
[balanced_delivery_supervisor-22] [INFO] [1789488361.730922246] [robot_2.robot_supervisor]: Selected controllable event: EV_approach_zone
[balanced_delivery_supervisor-22] [INFO] [1789488361.946146123] [robot_2.robot_supervisor]: Triggered uncontrollable event: EV_zone_a_visible
[balanced_delivery_supervisor-22] [INFO] [1789488361.950131691] [robot_2.robot_supervisor]: Triggered uncontrollable event: EV_obstacle_right
[balanced_delivery_supervisor-22] [INFO] [1789488361.964034000] [robot_2.robot_supervisor]: Triggered uncontrollable event: EV_zone_b_reached
[balanced_delivery_supervisor-22] [INFO] [1789488361.965023413] [robot_2.robot_supervisor]: Selected controllable event: EV_u_turn
[balanced_delivery_supervisor-22] [INFO] [1789488362.034407788] [robot_2.robot_supervisor]: Triggered uncontrollable event: EV_obstacle_right
[balanced_delivery_supervisor-24] [INFO] [1789488362.035413619] [robot_1.robot_supervisor]: FULL ROTATE completed by timeout
[balanced_delivery_supervisor-22] [INFO] [1789488362.053899517] [robot_2.robot_supervisor]: Selected controllable event: EV_u_turn
[balanced_delivery_supervisor-22] [INFO] [1789488362.119915099] [robot_2.robot_supervisor]: Triggered uncontrollable event: EV_obstacle_right
[balanced_delivery_supervisor-22] [INFO] [1789488362.120755540] [robot_2.robot_supervisor]: Selected controllable event: EV_u_turn
[balanced_delivery_supervisor-22] [INFO] [1789488362.208182774] [robot_2.robot_supervisor]: Triggered uncontrollable event: EV_obstacle_right
[balanced_delivery_supervisor-22] [INFO] [1789488362.209243926] [robot_2.robot_supervisor]: Selected controllable event: EV_u_turn
[balanced_delivery_supervisor-22] [INFO] [1789488362.319772004] [robot_2.robot_supervisor]: Triggered uncontrollable event: EV_obstacle_right
[balanced_delivery_supervisor-22] [INFO] [1789488362.320758878] [robot_2.robot_supervisor]: Selected controllable event: EV_rotate_counterclockwise
[balanced_delivery_supervisor-24] [INFO] [1789488362.335701657] [robot_1.robot_supervisor]: Triggered uncontrollable event: EV_zone_a_not_visible
[balanced_delivery_supervisor-24] [INFO] [1789488362.336717212] [robot_1.robot_supervisor]: Triggered uncontrollable event: EV_zone_b_not_visible
[balanced_delivery_supervisor-24] [INFO] [1789488362.337719965] [robot_1.robot_supervisor]: Selected controllable event: EV_search_zone
[balanced_delivery_supervisor-22] [INFO] [1789488362.531933203] [robot_2.robot_supervisor]: Triggered uncontrollable event: EV_obstacle_right
[balanced_delivery_supervisor-22] [INFO] [1789488362.534513867] [robot_2.robot_supervisor]: Selected controllable event: EV_rotate_counterclockwise
[balanced_delivery_supervisor-24] [INFO] [1789488362.543786342] [robot_1.robot_supervisor]: Selected controllable event: EV_search_zone
[balanced_delivery_supervisor-24] [INFO] [1789488362.651986598] [robot_1.robot_supervisor]: Selected controllable event: EV_move_forward
[balanced_delivery_supervisor-22] [INFO] [1789488362.748369083] [robot_2.robot_supervisor]: Triggered uncontrollable event: EV_obstacle_right
[balanced_delivery_supervisor-22] [INFO] [1789488362.749419225] [robot_2.robot_supervisor]: Selected controllable event: EV_u_turn
[balanced_delivery_supervisor-22] [INFO] [1789488362.770975957] [robot_2.robot_supervisor]: Starting FULL ROTATE (omega=1.000, have_odom=True, target_rad=3.142, timeout_s=3.500)
[balanced_delivery_supervisor-24] [INFO] [1789488362.926437064] [robot_1.robot_supervisor]: Triggered uncontrollable event: EV_zone_a_not_visible
[balanced_delivery_supervisor-24] [INFO] [1789488362.927349718] [robot_1.robot_supervisor]: Triggered uncontrollable event: EV_zone_b_not_visible
[balanced_delivery_supervisor-24] [INFO] [1789488362.932396678] [robot_1.robot_supervisor]: Selected controllable event: EV_search_zone
[balanced_delivery_supervisor-20] [INFO] [1789488363.035080969] [robot_0.robot_supervisor]: Zone-livelock escape completed
[balanced_delivery_supervisor-24] [INFO] [1789488363.046380377] [robot_1.robot_supervisor]: Selected controllable event: EV_search_zone
[balanced_delivery_supervisor-24] [INFO] [1789488363.221504127] [robot_1.robot_supervisor]: Selected controllable event: EV_search_zone
[balanced_delivery_supervisor-20] [INFO] [1789488363.236194941] [robot_0.robot_supervisor]: Triggered uncontrollable event: EV_zone_b_visible
[balanced_delivery_supervisor-20] [INFO] [1789488363.239362117] [robot_0.robot_supervisor]: Triggered uncontrollable event: EV_zone_a_not_visible
[balanced_delivery_supervisor-20] [INFO] [1789488363.250943208] [robot_0.robot_supervisor]: Triggered uncontrollable event: EV_zone_b_not_visible
[balanced_delivery_supervisor-20] [INFO] [1789488363.256967269] [robot_0.robot_supervisor]: Selected controllable event: EV_move_forward
[balanced_delivery_supervisor-24] [INFO] [1789488363.332240005] [robot_1.robot_supervisor]: Selected controllable event: EV_move_forward
[balanced_delivery_supervisor-20] [INFO] [1789488363.539881381] [robot_0.robot_supervisor]: Selected controllable event: EV_move_forward
[balanced_delivery_supervisor-24] [INFO] [1789488363.644223120] [robot_1.robot_supervisor]: Selected controllable event: EV_move_forward
[balanced_delivery_supervisor-20] [INFO] [1789488363.759314177] [robot_0.robot_supervisor]: Triggered uncontrollable event: EV_zone_a_not_visible
[balanced_delivery_supervisor-20] [INFO] [1789488363.773347369] [robot_0.robot_supervisor]: Selected controllable event: EV_move_forward
[balanced_delivery_supervisor-24] [INFO] [1789488363.930905749] [robot_1.robot_supervisor]: Triggered uncontrollable event: EV_zone_a_not_visible
[balanced_delivery_supervisor-24] [INFO] [1789488363.931698980] [robot_1.robot_supervisor]: Triggered uncontrollable event: EV_zone_b_not_visible
[balanced_delivery_supervisor-24] [INFO] [1789488363.938975391] [robot_1.robot_supervisor]: Selected controllable event: EV_move_forward
[balanced_delivery_supervisor-20] [INFO] [1789488364.027119142] [robot_0.robot_supervisor]: Triggered uncontrollable event: EV_zone_b_not_visible
[balanced_delivery_supervisor-20] [INFO] [1789488364.032548925] [robot_0.robot_supervisor]: Selected controllable event: EV_search_zone
[balanced_delivery_supervisor-20] [INFO] [1789488364.234286130] [robot_0.robot_supervisor]: Selected controllable event: EV_move_forward
[balanced_delivery_supervisor-24] [INFO] [1789488364.245398548] [robot_1.robot_supervisor]: Selected controllable event: EV_move_forward
[balanced_delivery_supervisor-24] [INFO] [1789488364.532378422] [robot_1.robot_supervisor]: Triggered uncontrollable event: EV_obstacle_right
[balanced_delivery_supervisor-24] [INFO] [1789488364.533413977] [robot_1.robot_supervisor]: Selected controllable event: EV_u_turn
[balanced_delivery_supervisor-24] [INFO] [1789488364.555502844] [robot_1.robot_supervisor]: Starting FULL ROTATE (omega=1.000, have_odom=True, target_rad=3.142, timeout_s=3.500)
[balanced_delivery_supervisor-20] [INFO] [1789488364.566080712] [robot_0.robot_supervisor]: Selected controllable event: EV_move_forward
[balanced_delivery_supervisor-20] [INFO] [1789488364.845083907] [robot_0.robot_supervisor]: Triggered uncontrollable event: EV_zone_a_not_visible
[balanced_delivery_supervisor-20] [INFO] [1789488364.845881003] [robot_0.robot_supervisor]: Triggered uncontrollable event: EV_zone_b_not_visible
[balanced_delivery_supervisor-20] [INFO] [1789488364.858660428] [robot_0.robot_supervisor]: Selected controllable event: EV_search_zone
[balanced_delivery_supervisor-20] [INFO] [1789488365.048539770] [robot_0.robot_supervisor]: Selected controllable event: EV_move_forward
[balanced_delivery_supervisor-20] [INFO] [1789488365.348455324] [robot_0.robot_supervisor]: Selected controllable event: EV_move_forward
[balanced_delivery_supervisor-20] [INFO] [1789488365.627632773] [robot_0.robot_supervisor]: Triggered uncontrollable event: EV_zone_a_not_visible
[balanced_delivery_supervisor-20] [INFO] [1789488365.634943781] [robot_0.robot_supervisor]: Triggered uncontrollable event: EV_zone_b_not_visible
[balanced_delivery_supervisor-20] [INFO] [1789488365.646358705] [robot_0.robot_supervisor]: Selected controllable event: EV_search_zone
[balanced_delivery_supervisor-20] [INFO] [1789488365.851302343] [robot_0.robot_supervisor]: Selected controllable event: EV_search_zone
[balanced_delivery_supervisor-20] [INFO] [1789488366.023325692] [robot_0.robot_supervisor]: Selected controllable event: EV_move_forward
[balanced_delivery_supervisor-20] [INFO] [1789488366.267440733] [robot_0.robot_supervisor]: Selected controllable event: EV_move_forward
[balanced_delivery_supervisor-22] [INFO] [1789488366.314053534] [robot_2.robot_supervisor]: FULL ROTATE completed by timeout
[balanced_delivery_supervisor-22] [INFO] [1789488366.515637715] [robot_2.robot_supervisor]: Triggered uncontrollable event: EV_zone_a_not_visible
[balanced_delivery_supervisor-22] [INFO] [1789488366.516446368] [robot_2.robot_supervisor]: Triggered uncontrollable event: EV_zone_b_reached
[balanced_delivery_supervisor-22] [INFO] [1789488366.517365785] [robot_2.robot_supervisor]: Selected controllable event: EV_move_forward
[balanced_delivery_supervisor-20] [INFO] [1789488366.541176376] [robot_0.robot_supervisor]: Selected controllable event: EV_search_zone
[balanced_delivery_supervisor-20] [INFO] [1789488366.650787043] [robot_0.robot_supervisor]: Triggered uncontrollable event: EV_zone_a_not_visible
[balanced_delivery_supervisor-20] [INFO] [1789488366.655654086] [robot_0.robot_supervisor]: Selected controllable event: EV_search_zone
[balanced_delivery_supervisor-22] [INFO] [1789488366.812476309] [robot_2.robot_supervisor]: Triggered uncontrollable event: EV_zone_a_not_visible
[balanced_delivery_supervisor-22] [INFO] [1789488366.813338125] [robot_2.robot_supervisor]: Triggered uncontrollable event: EV_zone_b_reached
[balanced_delivery_supervisor-22] [INFO] [1789488366.820474589] [robot_2.robot_supervisor]: Selected controllable event: EV_move_forward
[balanced_delivery_supervisor-20] [INFO] [1789488366.818620507] [robot_0.robot_supervisor]: Triggered uncontrollable event: EV_zone_b_not_visible
[balanced_delivery_supervisor-20] [INFO] [1789488366.843783894] [robot_0.robot_supervisor]: Selected controllable event: EV_move_forward
[balanced_delivery_supervisor-22] [INFO] [1789488367.040471164] [robot_2.robot_supervisor]: Selected controllable event: EV_move_forward
[balanced_delivery_supervisor-20] [INFO] [1789488367.131936682] [robot_0.robot_supervisor]: Selected controllable event: EV_search_zone
[balanced_delivery_supervisor-20] [INFO] [1789488367.244037124] [robot_0.robot_supervisor]: Selected controllable event: EV_move_forward
[balanced_delivery_supervisor-22] [INFO] [1789488367.343026985] [robot_2.robot_supervisor]: Selected controllable event: EV_move_forward
[balanced_delivery_supervisor-20] [INFO] [1789488367.548707391] [robot_0.robot_supervisor]: Triggered uncontrollable event: EV_zone_a_not_visible
[balanced_delivery_supervisor-20] [INFO] [1789488367.549520612] [robot_0.robot_supervisor]: Triggered uncontrollable event: EV_zone_b_not_visible
[balanced_delivery_supervisor-20] [INFO] [1789488367.569475288] [robot_0.robot_supervisor]: Selected controllable event: EV_move_forward
[balanced_delivery_supervisor-22] [INFO] [1789488367.612512743] [robot_2.robot_supervisor]: Triggered uncontrollable event: EV_zone_a_not_visible
[balanced_delivery_supervisor-22] [INFO] [1789488367.616814200] [robot_2.robot_supervisor]: Selected controllable event: EV_search_zone
[balanced_delivery_supervisor-22] [INFO] [1789488367.727345760] [robot_2.robot_supervisor]: Triggered uncontrollable event: EV_zone_b_reached
[balanced_delivery_supervisor-22] [INFO] [1789488367.738821490] [robot_2.robot_supervisor]: Selected controllable event: EV_move_forward
[balanced_delivery_supervisor-20] [INFO] [1789488367.835449281] [robot_0.robot_supervisor]: Selected controllable event: EV_search_zone
[balanced_delivery_supervisor-22] [INFO] [1789488368.032246737] [robot_2.robot_supervisor]: Selected controllable event: EV_search_zone
[balanced_delivery_supervisor-20] [INFO] [1789488368.047436537] [robot_0.robot_supervisor]: Selected controllable event: EV_search_zone
[balanced_delivery_supervisor-24] [INFO] [1789488368.132139563] [robot_1.robot_supervisor]: FULL ROTATE completed by timeout
[balanced_delivery_supervisor-22] [INFO] [1789488368.145605593] [robot_2.robot_supervisor]: Selected controllable event: EV_search_zone
[balanced_delivery_supervisor-20] [INFO] [1789488368.243779406] [robot_0.robot_supervisor]: Selected controllable event: EV_move_forward
[balanced_delivery_supervisor-22] [INFO] [1789488368.334228731] [robot_2.robot_supervisor]: Selected controllable event: EV_search_zone
[balanced_delivery_supervisor-24] [INFO] [1789488368.424693772] [robot_1.robot_supervisor]: Triggered uncontrollable event: EV_zone_a_not_visible
[balanced_delivery_supervisor-24] [INFO] [1789488368.425451124] [robot_1.robot_supervisor]: Triggered uncontrollable event: EV_zone_b_not_visible
[balanced_delivery_supervisor-24] [INFO] [1789488368.426453021] [robot_1.robot_supervisor]: Selected controllable event: EV_search_zone
[balanced_delivery_supervisor-22] [INFO] [1789488368.527166592] [robot_2.robot_supervisor]: Triggered uncontrollable event: EV_zone_a_not_visible
[balanced_delivery_supervisor-24] [INFO] [1789488368.528339208] [robot_1.robot_supervisor]: Selected controllable event: EV_move_forward
[balanced_delivery_supervisor-20] [INFO] [1789488368.549864543] [robot_0.robot_supervisor]: Triggered uncontrollable event: EV_zone_a_not_visible
[balanced_delivery_supervisor-20] [INFO] [1789488368.556764354] [robot_0.robot_supervisor]: Triggered uncontrollable event: EV_zone_b_not_visible
[balanced_delivery_supervisor-22] [INFO] [1789488368.553353878] [robot_2.robot_supervisor]: Selected controllable event: EV_move_forward
[balanced_delivery_supervisor-20] [INFO] [1789488368.564652916] [robot_0.robot_supervisor]: Selected controllable event: EV_move_forward
[balanced_delivery_supervisor-22] [INFO] [1789488368.822575894] [robot_2.robot_supervisor]: Triggered uncontrollable event: EV_zone_b_reached
[balanced_delivery_supervisor-22] [INFO] [1789488368.832489911] [robot_2.robot_supervisor]: Selected controllable event: EV_move_forward
[balanced_delivery_supervisor-24] [INFO] [1789488368.838543574] [robot_1.robot_supervisor]: Selected controllable event: EV_search_zone
[balanced_delivery_supervisor-20] [INFO] [1789488368.849136258] [robot_0.robot_supervisor]: Selected controllable event: EV_search_zone
[balanced_delivery_supervisor-20] [INFO] [1789488369.017021166] [robot_0.robot_supervisor]: Selected controllable event: EV_search_zone
[balanced_delivery_supervisor-24] [INFO] [1789488369.026075351] [robot_1.robot_supervisor]: Selected controllable event: EV_search_zone
[balanced_delivery_supervisor-22] [INFO] [1789488369.108634463] [robot_2.robot_supervisor]: Selected controllable event: EV_search_zone
[balanced_delivery_supervisor-20] [INFO] [1789488369.150153029] [robot_0.robot_supervisor]: Selected controllable event: EV_move_forward
[balanced_delivery_supervisor-24] [INFO] [1789488369.208641101] [robot_1.robot_supervisor]: Triggered uncontrollable event: EV_zone_a_not_visible
[balanced_delivery_supervisor-24] [INFO] [1789488369.226674504] [robot_1.robot_supervisor]: Triggered uncontrollable event: EV_zone_b_not_visible
[balanced_delivery_supervisor-24] [INFO] [1789488369.227690691] [robot_1.robot_supervisor]: Selected controllable event: EV_search_zone
[balanced_delivery_supervisor-22] [INFO] [1789488369.327278787] [robot_2.robot_supervisor]: Selected controllable event: EV_search_zone
[balanced_delivery_supervisor-24] [INFO] [1789488369.341447670] [robot_1.robot_supervisor]: Selected controllable event: EV_move_forward
[balanced_delivery_supervisor-20] [INFO] [1789488369.442047103] [robot_0.robot_supervisor]: Triggered uncontrollable event: EV_zone_a_not_visible
[balanced_delivery_supervisor-20] [INFO] [1789488369.442967352] [robot_0.robot_supervisor]: Triggered uncontrollable event: EV_zone_b_not_visible
[balanced_delivery_supervisor-20] [INFO] [1789488369.449313174] [robot_0.robot_supervisor]: Selected controllable event: EV_move_forward
[balanced_delivery_supervisor-22] [INFO] [1789488369.519786988] [robot_2.robot_supervisor]: Triggered uncontrollable event: EV_zone_a_not_visible
[balanced_delivery_supervisor-22] [INFO] [1789488369.520543274] [robot_2.robot_supervisor]: Triggered uncontrollable event: EV_zone_b_reached
[balanced_delivery_supervisor-22] [INFO] [1789488369.533839951] [robot_2.robot_supervisor]: Selected controllable event: EV_search_zone
[balanced_delivery_supervisor-24] [INFO] [1789488369.624744826] [robot_1.robot_supervisor]: Selected controllable event: EV_move_forward
[balanced_delivery_supervisor-20] [INFO] [1789488369.724692288] [robot_0.robot_supervisor]: Selected controllable event: EV_search_zone
[balanced_delivery_supervisor-22] [INFO] [1789488369.730353792] [robot_2.robot_supervisor]: Selected controllable event: EV_move_forward
[balanced_delivery_supervisor-20] [INFO] [1789488369.856060787] [robot_0.robot_supervisor]: Selected controllable event: EV_move_forward
[balanced_delivery_supervisor-24] [INFO] [1789488369.920843381] [robot_1.robot_supervisor]: Selected controllable event: EV_search_zone
[color_detector-31] [INFO] [1789488369.943360871] [robot_1.target_detector]: RGB HEARTBEAT frames_total=50 recent_rate_hz=1.077 last_frame_age_s=0.873 status=OK
[color_detector-27] [INFO] [1789488369.957603348] [robot_0.target_detector]: RGB HEARTBEAT frames_total=50 recent_rate_hz=1.075 last_frame_age_s=0.803 status=OK
[color_detector-29] [INFO] [1789488369.962035493] [robot_2.target_detector]: RGB HEARTBEAT frames_total=50 recent_rate_hz=1.075 last_frame_age_s=0.676 status=OK
[balanced_delivery_supervisor-22] [INFO] [1789488369.968765161] [robot_2.robot_supervisor]: Selected controllable event: EV_move_forward
[balanced_delivery_supervisor-24] [INFO] [1789488370.047215809] [robot_1.robot_supervisor]: Selected controllable event: EV_search_zone
[balanced_delivery_supervisor-20] [INFO] [1789488370.127172604] [robot_0.robot_supervisor]: Selected controllable event: EV_search_zone
[balanced_delivery_supervisor-22] [INFO] [1789488370.213455182] [robot_2.robot_supervisor]: Triggered uncontrollable event: EV_zone_a_not_visible
[balanced_delivery_supervisor-22] [INFO] [1789488370.220421005] [robot_2.robot_supervisor]: Selected controllable event: EV_move_forward
[balanced_delivery_supervisor-24] [INFO] [1789488370.232981248] [robot_1.robot_supervisor]: Triggered uncontrollable event: EV_zone_a_not_visible
[balanced_delivery_supervisor-24] [INFO] [1789488370.233741506] [robot_1.robot_supervisor]: Triggered uncontrollable event: EV_zone_b_not_visible
[balanced_delivery_supervisor-24] [INFO] [1789488370.260117272] [robot_1.robot_supervisor]: Selected controllable event: EV_move_forward
[balanced_delivery_supervisor-20] [INFO] [1789488370.348533387] [robot_0.robot_supervisor]: Triggered uncontrollable event: EV_zone_a_not_visible
[balanced_delivery_supervisor-20] [INFO] [1789488370.349323289] [robot_0.robot_supervisor]: Triggered uncontrollable event: EV_zone_b_not_visible
[balanced_delivery_supervisor-20] [INFO] [1789488370.360275049] [robot_0.robot_supervisor]: Selected controllable event: EV_search_zone
[balanced_delivery_supervisor-22] [INFO] [1789488370.521873984] [robot_2.robot_supervisor]: Triggered uncontrollable event: EV_zone_b_reached
[balanced_delivery_supervisor-22] [INFO] [1789488370.529513032] [robot_2.robot_supervisor]: Selected controllable event: EV_move_forward
[balanced_delivery_supervisor-20] [INFO] [1789488370.540560209] [robot_0.robot_supervisor]: Selected controllable event: EV_search_zone
[balanced_delivery_supervisor-24] [INFO] [1789488370.543310545] [robot_1.robot_supervisor]: Selected controllable event: EV_move_forward
[balanced_delivery_supervisor-20] [INFO] [1789488370.646480411] [robot_0.robot_supervisor]: Selected controllable event: EV_search_zone
[balanced_delivery_supervisor-22] [INFO] [1789488370.825178655] [robot_2.robot_supervisor]: Selected controllable event: EV_search_zone
[balanced_delivery_supervisor-24] [INFO] [1789488370.825361127] [robot_1.robot_supervisor]: Selected controllable event: EV_search_zone
[balanced_delivery_supervisor-20] [INFO] [1789488370.841738960] [robot_0.robot_supervisor]: Selected controllable event: EV_move_forward
[balanced_delivery_supervisor-22] [INFO] [1789488371.017407712] [robot_2.robot_supervisor]: Selected controllable event: EV_move_forward
[balanced_delivery_supervisor-24] [INFO] [1789488371.044415962] [robot_1.robot_supervisor]: Selected controllable event: EV_move_forward
[balanced_delivery_supervisor-20] [INFO] [1789488371.146218734] [robot_0.robot_supervisor]: Selected controllable event: EV_move_forward
[balanced_delivery_supervisor-22] [INFO] [1789488371.241220801] [robot_2.robot_supervisor]: Selected controllable event: EV_search_zone
[balanced_delivery_supervisor-24] [INFO] [1789488371.330154238] [robot_1.robot_supervisor]: Triggered uncontrollable event: EV_zone_a_not_visible
[balanced_delivery_supervisor-24] [INFO] [1789488371.335398854] [robot_1.robot_supervisor]: Triggered uncontrollable event: EV_zone_b_not_visible
[balanced_delivery_supervisor-24] [INFO] [1789488371.345231969] [robot_1.robot_supervisor]: Selected controllable event: EV_search_zone
[balanced_delivery_supervisor-20] [INFO] [1789488371.415327120] [robot_0.robot_supervisor]: Triggered uncontrollable event: EV_zone_a_not_visible
[balanced_delivery_supervisor-22] [INFO] [1789488371.439459450] [robot_2.robot_supervisor]: Triggered uncontrollable event: EV_zone_a_not_visible
[balanced_delivery_supervisor-22] [INFO] [1789488371.440279217] [robot_2.robot_supervisor]: Triggered uncontrollable event: EV_zone_b_not_visible
[balanced_delivery_supervisor-22] [INFO] [1789488371.441405574] [robot_2.robot_supervisor]: Selected controllable event: EV_search_zone
[balanced_delivery_supervisor-20] [INFO] [1789488371.442258427] [robot_0.robot_supervisor]: Triggered uncontrollable event: EV_zone_b_not_visible
[balanced_delivery_supervisor-20] [INFO] [1789488371.443440811] [robot_0.robot_supervisor]: Selected controllable event: EV_move_forward
[balanced_delivery_supervisor-24] [INFO] [1789488371.552315525] [robot_1.robot_supervisor]: Selected controllable event: EV_search_zone
[balanced_delivery_supervisor-22] [INFO] [1789488371.636657719] [robot_2.robot_supervisor]: Selected controllable event: EV_search_zone
[balanced_delivery_supervisor-20] [INFO] [1789488371.730269829] [robot_0.robot_supervisor]: Selected controllable event: EV_move_forward
[balanced_delivery_supervisor-24] [INFO] [1789488371.732635850] [robot_1.robot_supervisor]: Selected controllable event: EV_search_zone
[balanced_delivery_supervisor-22] [INFO] [1789488371.816414849] [robot_2.robot_supervisor]: Selected controllable event: EV_search_zone
[balanced_delivery_supervisor-24] [INFO] [1789488371.941738776] [robot_1.robot_supervisor]: Selected controllable event: EV_search_zone
[balanced_delivery_supervisor-22] [INFO] [1789488371.950495812] [robot_2.robot_supervisor]: Selected controllable event: EV_search_zone
[balanced_delivery_supervisor-20] [INFO] [1789488371.958568506] [robot_0.robot_supervisor]: Selected controllable event: EV_search_zone
[balanced_delivery_supervisor-22] [INFO] [1789488372.124599166] [robot_2.robot_supervisor]: Selected controllable event: EV_move_forward
[balanced_delivery_supervisor-20] [INFO] [1789488372.145742267] [robot_0.robot_supervisor]: Selected controllable event: EV_move_forward
[balanced_delivery_supervisor-24] [INFO] [1789488372.152471603] [robot_1.robot_supervisor]: Triggered uncontrollable event: EV_zone_a_not_visible
[balanced_delivery_supervisor-24] [INFO] [1789488372.153575053] [robot_1.robot_supervisor]: Selected controllable event: EV_search_zone
[balanced_delivery_supervisor-24] [INFO] [1789488372.333380969] [robot_1.robot_supervisor]: Triggered uncontrollable event: EV_zone_b_not_visible
[balanced_delivery_supervisor-24] [INFO] [1789488372.334444876] [robot_1.robot_supervisor]: Selected controllable event: EV_search_zone
[balanced_delivery_supervisor-22] [INFO] [1789488372.337810284] [robot_2.robot_supervisor]: Triggered uncontrollable event: EV_zone_a_not_visible
[balanced_delivery_supervisor-22] [INFO] [1789488372.338694069] [robot_2.robot_supervisor]: Triggered uncontrollable event: EV_zone_b_not_visible
[balanced_delivery_supervisor-22] [INFO] [1789488372.355866802] [robot_2.robot_supervisor]: Selected controllable event: EV_move_forward
[balanced_delivery_supervisor-20] [INFO] [1789488372.453472015] [robot_0.robot_supervisor]: Triggered uncontrollable event: EV_zone_a_not_visible
[balanced_delivery_supervisor-20] [INFO] [1789488372.460880797] [robot_0.robot_supervisor]: Triggered uncontrollable event: EV_zone_b_not_visible
[balanced_delivery_supervisor-20] [INFO] [1789488372.461828530] [robot_0.robot_supervisor]: Selected controllable event: EV_search_zone
[balanced_delivery_supervisor-24] [INFO] [1789488372.542539317] [robot_1.robot_supervisor]: Selected controllable event: EV_search_zone
[balanced_delivery_supervisor-22] [INFO] [1789488372.619996053] [robot_2.robot_supervisor]: Selected controllable event: EV_move_forward
[balanced_delivery_supervisor-20] [INFO] [1789488372.660464761] [robot_0.robot_supervisor]: Selected controllable event: EV_search_zone
[balanced_delivery_supervisor-24] [INFO] [1789488372.705462580] [robot_1.robot_supervisor]: Selected controllable event: EV_move_forward
[balanced_delivery_supervisor-20] [INFO] [1789488372.848728210] [robot_0.robot_supervisor]: Selected controllable event: EV_move_forward
[balanced_delivery_supervisor-22] [INFO] [1789488372.912611890] [robot_2.robot_supervisor]: Selected controllable event: EV_search_zone
[balanced_delivery_supervisor-24] [INFO] [1789488372.952546686] [robot_1.robot_supervisor]: Selected controllable event: EV_move_forward
[balanced_delivery_supervisor-22] [INFO] [1789488373.037067636] [robot_2.robot_supervisor]: Selected controllable event: EV_search_zone
[balanced_delivery_supervisor-20] [INFO] [1789488373.161122641] [robot_0.robot_supervisor]: Selected controllable event: EV_move_forward
[balanced_delivery_supervisor-24] [INFO] [1789488373.164653400] [robot_1.robot_supervisor]: Triggered uncontrollable event: EV_obstacle_right
[balanced_delivery_supervisor-24] [INFO] [1789488373.167225881] [robot_1.robot_supervisor]: Selected controllable event: EV_rotate_counterclockwise
[balanced_delivery_supervisor-22] [INFO] [1789488373.226734996] [robot_2.robot_supervisor]: Selected controllable event: EV_search_zone
[balanced_delivery_supervisor-24] [INFO] [1789488373.331365536] [robot_1.robot_supervisor]: Triggered uncontrollable event: EV_zone_a_not_visible
[balanced_delivery_supervisor-24] [INFO] [1789488373.352663161] [robot_1.robot_supervisor]: Triggered uncontrollable event: EV_obstacle_right
[balanced_delivery_supervisor-24] [INFO] [1789488373.354939392] [robot_1.robot_supervisor]: Triggered uncontrollable event: EV_zone_b_not_visible
[balanced_delivery_supervisor-24] [INFO] [1789488373.356050427] [robot_1.robot_supervisor]: Selected controllable event: EV_rotate_counterclockwise
[balanced_delivery_supervisor-22] [INFO] [1789488373.419419872] [robot_2.robot_supervisor]: Triggered uncontrollable event: EV_zone_a_not_visible
[balanced_delivery_supervisor-22] [INFO] [1789488373.420188460] [robot_2.robot_supervisor]: Triggered uncontrollable event: EV_zone_b_not_visible
[balanced_delivery_supervisor-22] [INFO] [1789488373.441134321] [robot_2.robot_supervisor]: Selected controllable event: EV_search_zone
[balanced_delivery_supervisor-20] [INFO] [1789488373.455287667] [robot_0.robot_supervisor]: Triggered uncontrollable event: EV_zone_a_not_visible
[balanced_delivery_supervisor-20] [INFO] [1789488373.458748844] [robot_0.robot_supervisor]: Triggered uncontrollable event: EV_zone_b_not_visible
[balanced_delivery_supervisor-20] [INFO] [1789488373.474472043] [robot_0.robot_supervisor]: Selected controllable event: EV_move_forward
[balanced_delivery_supervisor-24] [INFO] [1789488373.518431643] [robot_1.robot_supervisor]: Triggered uncontrollable event: EV_obstacle_right
[balanced_delivery_supervisor-24] [INFO] [1789488373.531584095] [robot_1.robot_supervisor]: Selected controllable event: EV_u_turn
[balanced_delivery_supervisor-24] [INFO] [1789488373.532577555] [robot_1.robot_supervisor]: Starting FULL ROTATE (omega=1.000, have_odom=True, target_rad=3.142, timeout_s=3.500)
[balanced_delivery_supervisor-22] [INFO] [1789488373.616051017] [robot_2.robot_supervisor]: Selected controllable event: EV_move_forward
[balanced_delivery_supervisor-20] [INFO] [1789488373.747885351] [robot_0.robot_supervisor]: Selected controllable event: EV_search_zone
[balanced_delivery_supervisor-22] [INFO] [1789488373.846097695] [robot_2.robot_supervisor]: Selected controllable event: EV_move_forward
[balanced_delivery_supervisor-20] [INFO] [1789488373.962690713] [robot_0.robot_supervisor]: Selected controllable event: EV_move_forward
[balanced_delivery_supervisor-22] [INFO] [1789488374.115085227] [robot_2.robot_supervisor]: Selected controllable event: EV_move_forward
[balanced_delivery_supervisor-20] [INFO] [1789488374.235972783] [robot_0.robot_supervisor]: Triggered uncontrollable event: EV_zone_a_not_visible
[balanced_delivery_supervisor-20] [INFO] [1789488374.248640932] [robot_0.robot_supervisor]: Triggered uncontrollable event: EV_zone_b_not_visible
[balanced_delivery_supervisor-20] [INFO] [1789488374.249649076] [robot_0.robot_supervisor]: Selected controllable event: EV_search_zone
[balanced_delivery_supervisor-22] [INFO] [1789488374.434897145] [robot_2.robot_supervisor]: Triggered uncontrollable event: EV_zone_a_not_visible
[balanced_delivery_supervisor-22] [INFO] [1789488374.435649226] [robot_2.robot_supervisor]: Triggered uncontrollable event: EV_zone_b_not_visible
[balanced_delivery_supervisor-22] [INFO] [1789488374.436555323] [robot_2.robot_supervisor]: Selected controllable event: EV_search_zone
[balanced_delivery_supervisor-20] [INFO] [1789488374.456231130] [robot_0.robot_supervisor]: Selected controllable event: EV_move_forward
[balanced_delivery_supervisor-22] [INFO] [1789488374.540529308] [robot_2.robot_supervisor]: Selected controllable event: EV_move_forward
[balanced_delivery_supervisor-20] [INFO] [1789488374.741524618] [robot_0.robot_supervisor]: Selected controllable event: EV_move_forward
[balanced_delivery_supervisor-22] [INFO] [1789488374.822601081] [robot_2.robot_supervisor]: Selected controllable event: EV_search_zone
[balanced_delivery_supervisor-22] [INFO] [1789488374.931796852] [robot_2.robot_supervisor]: Selected controllable event: EV_move_forward
[balanced_delivery_supervisor-20] [INFO] [1789488374.965170904] [robot_0.robot_supervisor]: Selected controllable event: EV_search_zone
[balanced_delivery_supervisor-20] [INFO] [1789488375.133734383] [robot_0.robot_supervisor]: Triggered uncontrollable event: EV_zone_a_not_visible
[balanced_delivery_supervisor-20] [INFO] [1789488375.134563147] [robot_0.robot_supervisor]: Selected controllable event: EV_search_zone
[balanced_delivery_supervisor-22] [INFO] [1789488375.229506595] [robot_2.robot_supervisor]: Triggered uncontrollable event: EV_zone_a_not_visible
[balanced_delivery_supervisor-22] [INFO] [1789488375.237543443] [robot_2.robot_supervisor]: Selected controllable event: EV_search_zone
[balanced_delivery_supervisor-20] [INFO] [1789488375.250077391] [robot_0.robot_supervisor]: Triggered uncontrollable event: EV_zone_b_not_visible
[balanced_delivery_supervisor-20] [INFO] [1789488375.261437733] [robot_0.robot_supervisor]: Selected controllable event: EV_move_forward
[balanced_delivery_supervisor-22] [INFO] [1789488375.412504993] [robot_2.robot_supervisor]: Triggered uncontrollable event: EV_zone_b_not_visible
[balanced_delivery_supervisor-22] [INFO] [1789488375.421721134] [robot_2.robot_supervisor]: Selected controllable event: EV_move_forward
[balanced_delivery_supervisor-20] [INFO] [1789488375.544221609] [robot_0.robot_supervisor]: Selected controllable event: EV_move_forward
[balanced_delivery_supervisor-22] [INFO] [1789488375.744909690] [robot_2.robot_supervisor]: Selected controllable event: EV_search_zone
[balanced_delivery_supervisor-20] [INFO] [1789488375.865211392] [robot_0.robot_supervisor]: Selected controllable event: EV_search_zone
[balanced_delivery_supervisor-22] [INFO] [1789488375.903089862] [robot_2.robot_supervisor]: Selected controllable event: EV_move_forward
[balanced_delivery_supervisor-20] [INFO] [1789488376.033553809] [robot_0.robot_supervisor]: Triggered uncontrollable event: EV_zone_a_not_visible
[balanced_delivery_supervisor-20] [INFO] [1789488376.038783476] [robot_0.robot_supervisor]: Triggered uncontrollable event: EV_zone_b_not_visible
[balanced_delivery_supervisor-20] [INFO] [1789488376.045226957] [robot_0.robot_supervisor]: Selected controllable event: EV_move_forward
[balanced_delivery_supervisor-22] [INFO] [1789488376.140114444] [robot_2.robot_supervisor]: Triggered uncontrollable event: EV_zone_a_not_visible
[balanced_delivery_supervisor-22] [INFO] [1789488376.140789537] [robot_2.robot_supervisor]: Triggered uncontrollable event: EV_zone_b_not_visible
[balanced_delivery_supervisor-22] [INFO] [1789488376.141641679] [robot_2.robot_supervisor]: Selected controllable event: EV_search_zone
[balanced_delivery_supervisor-22] [INFO] [1789488376.316285489] [robot_2.robot_supervisor]: Selected controllable event: EV_search_zone
[balanced_delivery_supervisor-20] [INFO] [1789488376.332037573] [robot_0.robot_supervisor]: Selected controllable event: EV_move_forward
[balanced_delivery_supervisor-22] [INFO] [1789488376.519606260] [robot_2.robot_supervisor]: Selected controllable event: EV_move_forward
[balanced_delivery_supervisor-20] [INFO] [1789488376.638291240] [robot_0.robot_supervisor]: Selected controllable event: EV_search_zone
[balanced_delivery_supervisor-22] [INFO] [1789488376.746892481] [robot_2.robot_supervisor]: Selected controllable event: EV_search_zone
[balanced_delivery_supervisor-20] [INFO] [1789488376.837118818] [robot_0.robot_supervisor]: Triggered uncontrollable event: EV_zone_a_not_visible
[balanced_delivery_supervisor-20] [INFO] [1789488376.838052180] [robot_0.robot_supervisor]: Selected controllable event: EV_search_zone
[balanced_delivery_supervisor-22] [INFO] [1789488376.938474588] [robot_2.robot_supervisor]: Triggered uncontrollable event: EV_zone_a_not_visible
[balanced_delivery_supervisor-22] [INFO] [1789488376.943723449] [robot_2.robot_supervisor]: Triggered uncontrollable event: EV_zone_b_not_visible
[balanced_delivery_supervisor-22] [INFO] [1789488376.950597359] [robot_2.robot_supervisor]: Selected controllable event: EV_search_zone
[balanced_delivery_supervisor-20] [INFO] [1789488377.042580867] [robot_0.robot_supervisor]: Triggered uncontrollable event: EV_zone_b_not_visible
[balanced_delivery_supervisor-20] [INFO] [1789488377.043460809] [robot_0.robot_supervisor]: Selected controllable event: EV_search_zone
[balanced_delivery_supervisor-24] [INFO] [1789488377.132323388] [robot_1.robot_supervisor]: FULL ROTATE completed by timeout
[balanced_delivery_supervisor-22] [INFO] [1789488377.154136158] [robot_2.robot_supervisor]: Selected controllable event: EV_move_forward
[balanced_delivery_supervisor-20] [INFO] [1789488377.247180886] [robot_0.robot_supervisor]: Selected controllable event: EV_move_forward
[balanced_delivery_supervisor-24] [INFO] [1789488377.337281671] [robot_1.robot_supervisor]: Triggered uncontrollable event: EV_zone_a_not_visible
[balanced_delivery_supervisor-24] [INFO] [1789488377.342349586] [robot_1.robot_supervisor]: Triggered uncontrollable event: EV_zone_b_not_visible
[balanced_delivery_supervisor-24] [INFO] [1789488377.352455979] [robot_1.robot_supervisor]: Selected controllable event: EV_move_forward
[balanced_delivery_supervisor-22] [INFO] [1789488377.419929195] [robot_2.robot_supervisor]: Selected controllable event: EV_move_forward
[balanced_delivery_supervisor-20] [INFO] [1789488377.540161338] [robot_0.robot_supervisor]: Selected controllable event: EV_search_zone
[balanced_delivery_supervisor-24] [INFO] [1789488377.612166917] [robot_1.robot_supervisor]: Selected controllable event: EV_move_forward
[balanced_delivery_supervisor-22] [INFO] [1789488377.748221149] [robot_2.robot_supervisor]: Selected controllable event: EV_search_zone
[balanced_delivery_supervisor-20] [INFO] [1789488377.748475140] [robot_0.robot_supervisor]: Selected controllable event: EV_search_zone
[balanced_delivery_supervisor-24] [INFO] [1789488377.835627072] [robot_1.robot_supervisor]: Triggered uncontrollable event: EV_zone_a_not_visible
[balanced_delivery_supervisor-24] [INFO] [1789488377.841732595] [robot_1.robot_supervisor]: Triggered uncontrollable event: EV_zone_b_not_visible
[balanced_delivery_supervisor-24] [INFO] [1789488377.842818925] [robot_1.robot_supervisor]: Selected controllable event: EV_move_forward
[balanced_delivery_supervisor-22] [INFO] [1789488377.928270000] [robot_2.robot_supervisor]: Triggered uncontrollable event: EV_zone_a_not_visible
[balanced_delivery_supervisor-22] [INFO] [1789488377.937777187] [robot_2.robot_supervisor]: Selected controllable event: EV_search_zone
[balanced_delivery_supervisor-20] [INFO] [1789488377.941289433] [robot_0.robot_supervisor]: Triggered uncontrollable event: EV_zone_a_not_visible
[balanced_delivery_supervisor-20] [INFO] [1789488377.941957918] [robot_0.robot_supervisor]: Triggered uncontrollable event: EV_zone_b_not_visible
[balanced_delivery_supervisor-20] [INFO] [1789488377.956688972] [robot_0.robot_supervisor]: Selected controllable event: EV_move_forward
[balanced_delivery_supervisor-24] [INFO] [1789488378.130669775] [robot_1.robot_supervisor]: Selected controllable event: EV_move_forward
[balanced_delivery_supervisor-22] [INFO] [1789488378.137560566] [robot_2.robot_supervisor]: Triggered uncontrollable event: EV_zone_b_not_visible
[balanced_delivery_supervisor-22] [INFO] [1789488378.162870936] [robot_2.robot_supervisor]: Selected controllable event: EV_move_forward
[balanced_delivery_supervisor-20] [INFO] [1789488378.235202296] [robot_0.robot_supervisor]: Selected controllable event: EV_move_forward
[balanced_delivery_supervisor-24] [INFO] [1789488378.337771772] [robot_1.robot_supervisor]: Selected controllable event: EV_move_forward
[balanced_delivery_supervisor-22] [INFO] [1789488378.401814812] [robot_2.robot_supervisor]: Selected controllable event: EV_move_forward
[balanced_delivery_supervisor-20] [INFO] [1789488378.443575569] [robot_0.robot_supervisor]: Selected controllable event: EV_search_zone
[balanced_delivery_supervisor-20] [INFO] [1789488378.560818218] [robot_0.robot_supervisor]: Selected controllable event: EV_move_forward
[balanced_delivery_supervisor-22] [INFO] [1789488378.633843334] [robot_2.robot_supervisor]: Selected controllable event: EV_move_forward
[balanced_delivery_supervisor-24] [INFO] [1789488378.641429917] [robot_1.robot_supervisor]: Triggered uncontrollable event: EV_zone_a_not_visible
[balanced_delivery_supervisor-24] [INFO] [1789488378.650748649] [robot_1.robot_supervisor]: Selected controllable event: EV_move_forward
[balanced_delivery_supervisor-20] [INFO] [1789488378.835739052] [robot_0.robot_supervisor]: Triggered uncontrollable event: EV_zone_a_not_visible
[balanced_delivery_supervisor-20] [INFO] [1789488378.836595296] [robot_0.robot_supervisor]: Triggered uncontrollable event: EV_obstacle_left
[balanced_delivery_supervisor-20] [INFO] [1789488378.837250829] [robot_0.robot_supervisor]: Triggered uncontrollable event: EV_zone_b_not_visible
[balanced_delivery_supervisor-20] [INFO] [1789488378.838070899] [robot_0.robot_supervisor]: Selected controllable event: EV_u_turn
[balanced_delivery_supervisor-20] [INFO] [1789488378.838840477] [robot_0.robot_supervisor]: Starting FULL ROTATE (omega=1.000, have_odom=True, target_rad=3.142, timeout_s=3.500)
[balanced_delivery_supervisor-22] [INFO] [1789488378.911930110] [robot_2.robot_supervisor]: Triggered uncontrollable event: EV_zone_a_not_visible
[balanced_delivery_supervisor-22] [INFO] [1789488378.918973705] [robot_2.robot_supervisor]: Triggered uncontrollable event: EV_zone_b_not_visible
[balanced_delivery_supervisor-22] [INFO] [1789488378.926184752] [robot_2.robot_supervisor]: Selected controllable event: EV_search_zone
[balanced_delivery_supervisor-24] [INFO] [1789488378.937571503] [robot_1.robot_supervisor]: Triggered uncontrollable event: EV_zone_b_not_visible
[balanced_delivery_supervisor-24] [INFO] [1789488378.938502700] [robot_1.robot_supervisor]: Selected controllable event: EV_move_forward
[balanced_delivery_supervisor-22] [INFO] [1789488379.138617424] [robot_2.robot_supervisor]: Selected controllable event: EV_move_forward
[balanced_delivery_supervisor-24] [INFO] [1789488379.244338635] [robot_1.robot_supervisor]: Selected controllable event: EV_search_zone
[color_detector-31] [INFO] [1789488379.311464455] [robot_1.target_detector]: RGB HEARTBEAT frames_total=60 recent_rate_hz=1.067 last_frame_age_s=0.791 status=OK
[color_detector-29] [INFO] [1789488379.313449362] [robot_2.target_detector]: RGB HEARTBEAT frames_total=60 recent_rate_hz=1.072 last_frame_age_s=0.639 status=OK
[color_detector-27] [INFO] [1789488379.320831563] [robot_0.target_detector]: RGB HEARTBEAT frames_total=60 recent_rate_hz=1.067 last_frame_age_s=0.729 status=OK
[balanced_delivery_supervisor-24] [INFO] [1789488379.426460738] [robot_1.robot_supervisor]: Selected controllable event: EV_move_forward
[balanced_delivery_supervisor-22] [INFO] [1789488379.438657825] [robot_2.robot_supervisor]: Selected controllable event: EV_move_forward
[balanced_delivery_supervisor-24] [INFO] [1789488379.646398893] [robot_1.robot_supervisor]: Triggered uncontrollable event: EV_zone_a_not_visible
[balanced_delivery_supervisor-24] [INFO] [1789488379.647422266] [robot_1.robot_supervisor]: Selected controllable event: EV_move_forward
[balanced_delivery_supervisor-22] [INFO] [1789488379.727422216] [robot_2.robot_supervisor]: Selected controllable event: EV_move_forward
[balanced_delivery_supervisor-24] [INFO] [1789488379.920395178] [robot_1.robot_supervisor]: Triggered uncontrollable event: EV_zone_b_not_visible
[balanced_delivery_supervisor-24] [INFO] [1789488379.921348922] [robot_1.robot_supervisor]: Selected controllable event: EV_search_zone
[balanced_delivery_supervisor-22] [INFO] [1789488380.024536969] [robot_2.robot_supervisor]: Triggered uncontrollable event: EV_zone_a_not_visible
[balanced_delivery_supervisor-22] [INFO] [1789488380.038201027] [robot_2.robot_supervisor]: Triggered uncontrollable event: EV_zone_b_not_visible
[balanced_delivery_supervisor-22] [INFO] [1789488380.039172551] [robot_2.robot_supervisor]: Selected controllable event: EV_search_zone
[balanced_delivery_supervisor-24] [INFO] [1789488380.043486115] [robot_1.robot_supervisor]: Selected controllable event: EV_search_zone
[balanced_delivery_supervisor-22] [INFO] [1789488380.216291038] [robot_2.robot_supervisor]: Selected controllable event: EV_search_zone
[balanced_delivery_supervisor-24] [INFO] [1789488380.231895318] [robot_1.robot_supervisor]: Selected controllable event: EV_move_forward
[balanced_delivery_supervisor-22] [INFO] [1789488380.333742641] [robot_2.robot_supervisor]: Selected controllable event: EV_move_forward
[balanced_delivery_supervisor-24] [INFO] [1789488380.535257113] [robot_1.robot_supervisor]: Triggered uncontrollable event: EV_zone_a_not_visible
[balanced_delivery_supervisor-24] [INFO] [1789488380.536377386] [robot_1.robot_supervisor]: Triggered uncontrollable event: EV_zone_b_not_visible
[balanced_delivery_supervisor-24] [INFO] [1789488380.541869923] [robot_1.robot_supervisor]: Selected controllable event: EV_move_forward
[balanced_delivery_supervisor-22] [INFO] [1789488380.617303988] [robot_2.robot_supervisor]: Triggered uncontrollable event: EV_zone_a_not_visible
[balanced_delivery_supervisor-22] [INFO] [1789488380.623870812] [robot_2.robot_supervisor]: Triggered uncontrollable event: EV_zone_b_not_visible
[balanced_delivery_supervisor-22] [INFO] [1789488380.634528277] [robot_2.robot_supervisor]: Selected controllable event: EV_search_zone
[balanced_delivery_supervisor-24] [INFO] [1789488380.823951215] [robot_1.robot_supervisor]: Selected controllable event: EV_move_forward
[balanced_delivery_supervisor-22] [INFO] [1789488380.828487768] [robot_2.robot_supervisor]: Selected controllable event: EV_move_forward
[balanced_delivery_supervisor-24] [INFO] [1789488381.127651248] [robot_1.robot_supervisor]: Selected controllable event: EV_move_forward
[balanced_delivery_supervisor-22] [INFO] [1789488381.132659510] [robot_2.robot_supervisor]: Selected controllable event: EV_search_zone
[balanced_delivery_supervisor-22] [INFO] [1789488381.245872729] [robot_2.robot_supervisor]: Selected controllable event: EV_move_forward
[balanced_delivery_supervisor-24] [INFO] [1789488381.349113124] [robot_1.robot_supervisor]: Triggered uncontrollable event: EV_zone_a_not_visible
[balanced_delivery_supervisor-24] [INFO] [1789488381.350143192] [robot_1.robot_supervisor]: Selected controllable event: EV_move_forward
[balanced_delivery_supervisor-22] [INFO] [1789488381.530543329] [robot_2.robot_supervisor]: Triggered uncontrollable event: EV_zone_a_not_visible
[balanced_delivery_supervisor-22] [INFO] [1789488381.541708535] [robot_2.robot_supervisor]: Triggered uncontrollable event: EV_zone_b_not_visible
[balanced_delivery_supervisor-22] [INFO] [1789488381.546119594] [robot_2.robot_supervisor]: Selected controllable event: EV_search_zone
[balanced_delivery_supervisor-24] [INFO] [1789488381.627904474] [robot_1.robot_supervisor]: Triggered uncontrollable event: EV_zone_b_not_visible
[balanced_delivery_supervisor-24] [INFO] [1789488381.645539105] [robot_1.robot_supervisor]: Selected controllable event: EV_move_forward
[balanced_delivery_supervisor-22] [INFO] [1789488381.728699234] [robot_2.robot_supervisor]: Selected controllable event: EV_search_zone
[balanced_delivery_supervisor-22] [INFO] [1789488381.909217111] [robot_2.robot_supervisor]: Selected controllable event: EV_search_zone
[balanced_delivery_supervisor-24] [INFO] [1789488381.937428733] [robot_1.robot_supervisor]: Selected controllable event: EV_search_zone
[balanced_delivery_supervisor-22] [INFO] [1789488382.038810525] [robot_2.robot_supervisor]: Selected controllable event: EV_search_zone
[balanced_delivery_supervisor-24] [INFO] [1789488382.122242798] [robot_1.robot_supervisor]: Selected controllable event: EV_move_forward
[balanced_delivery_supervisor-22] [INFO] [1789488382.214545691] [robot_2.robot_supervisor]: Selected controllable event: EV_search_zone
[balanced_delivery_supervisor-22] [INFO] [1789488382.328477183] [robot_2.robot_supervisor]: Triggered uncontrollable event: EV_zone_a_not_visible
[balanced_delivery_supervisor-22] [INFO] [1789488382.338318868] [robot_2.robot_supervisor]: Triggered uncontrollable event: EV_zone_b_not_visible
[balanced_delivery_supervisor-22] [INFO] [1789488382.341919685] [robot_2.robot_supervisor]: Selected controllable event: EV_search_zone
[balanced_delivery_supervisor-24] [INFO] [1789488382.423903056] [robot_1.robot_supervisor]: Triggered uncontrollable event: EV_zone_a_not_visible
[balanced_delivery_supervisor-24] [INFO] [1789488382.424792934] [robot_1.robot_supervisor]: Triggered uncontrollable event: EV_zone_b_not_visible
[balanced_delivery_supervisor-24] [INFO] [1789488382.425808177] [robot_1.robot_supervisor]: Selected controllable event: EV_move_forward
[balanced_delivery_supervisor-20] [INFO] [1789488382.453605053] [robot_0.robot_supervisor]: FULL ROTATE completed by timeout
[balanced_delivery_supervisor-22] [INFO] [1789488382.531651408] [robot_2.robot_supervisor]: Selected controllable event: EV_move_forward
[balanced_delivery_supervisor-20] [INFO] [1789488382.734978463] [robot_0.robot_supervisor]: Triggered uncontrollable event: EV_zone_a_visible
[balanced_delivery_supervisor-24] [INFO] [1789488382.743112666] [robot_1.robot_supervisor]: Selected controllable event: EV_move_forward
[balanced_delivery_supervisor-20] [INFO] [1789488382.751328556] [robot_0.robot_supervisor]: Triggered uncontrollable event: EV_obstacle_right
[balanced_delivery_supervisor-20] [INFO] [1789488382.752113071] [robot_0.robot_supervisor]: Triggered uncontrollable event: EV_zone_b_not_visible
[balanced_delivery_supervisor-20] [INFO] [1789488382.752992980] [robot_0.robot_supervisor]: Selected controllable event: EV_rotate_counterclockwise
[balanced_delivery_supervisor-22] [INFO] [1789488382.819345474] [robot_2.robot_supervisor]: Selected controllable event: EV_search_zone
[balanced_delivery_supervisor-22] [INFO] [1789488382.932946714] [robot_2.robot_supervisor]: Selected controllable event: EV_move_forward
[balanced_delivery_supervisor-20] [INFO] [1789488382.949579471] [robot_0.robot_supervisor]: Triggered uncontrollable event: EV_obstacle_right
[balanced_delivery_supervisor-20] [INFO] [1789488382.950583156] [robot_0.robot_supervisor]: Selected controllable event: EV_u_turn
[balanced_delivery_supervisor-24] [INFO] [1789488383.027438297] [robot_1.robot_supervisor]: Selected controllable event: EV_move_forward
[balanced_delivery_supervisor-20] [INFO] [1789488383.036374540] [robot_0.robot_supervisor]: Triggered uncontrollable event: EV_obstacle_right
[balanced_delivery_supervisor-20] [INFO] [1789488383.052819746] [robot_0.robot_supervisor]: Selected controllable event: EV_u_turn
[balanced_delivery_supervisor-20] [INFO] [1789488383.145156985] [robot_0.robot_supervisor]: Triggered uncontrollable event: EV_zone_a_visible
[balanced_delivery_supervisor-20] [INFO] [1789488383.150848022] [robot_0.robot_supervisor]: Selected controllable event: EV_move_forward
[balanced_delivery_supervisor-22] [INFO] [1789488383.219350884] [robot_2.robot_supervisor]: Triggered uncontrollable event: EV_zone_a_not_visible
[balanced_delivery_supervisor-22] [INFO] [1789488383.220156929] [robot_2.robot_supervisor]: Triggered uncontrollable event: EV_zone_b_not_visible
[balanced_delivery_supervisor-22] [INFO] [1789488383.222236665] [robot_2.robot_supervisor]: Selected controllable event: EV_move_forward
[balanced_delivery_supervisor-24] [INFO] [1789488383.242978206] [robot_1.robot_supervisor]: Triggered uncontrollable event: EV_zone_a_not_visible
[balanced_delivery_supervisor-24] [INFO] [1789488383.243749907] [robot_1.robot_supervisor]: Triggered uncontrollable event: EV_zone_b_not_visible
[balanced_delivery_supervisor-24] [INFO] [1789488383.256150228] [robot_1.robot_supervisor]: Selected controllable event: EV_move_forward
[balanced_delivery_supervisor-20] [INFO] [1789488383.446750891] [robot_0.robot_supervisor]: Triggered uncontrollable event: EV_zone_b_visible
[balanced_delivery_supervisor-20] [INFO] [1789488383.455958821] [robot_0.robot_supervisor]: Selected controllable event: EV_move_forward
[balanced_delivery_supervisor-22] [INFO] [1789488383.524217384] [robot_2.robot_supervisor]: Selected controllable event: EV_search_zone
[balanced_delivery_supervisor-24] [INFO] [1789488383.543046965] [robot_1.robot_supervisor]: Selected controllable event: EV_search_zone
[balanced_delivery_supervisor-22] [INFO] [1789488383.721959798] [robot_2.robot_supervisor]: Selected controllable event: EV_search_zone
[balanced_delivery_supervisor-20] [INFO] [1789488383.724024969] [robot_0.robot_supervisor]: Selected controllable event: EV_approach_zone
[balanced_delivery_supervisor-24] [INFO] [1789488383.724672910] [robot_1.robot_supervisor]: Selected controllable event: EV_move_forward
[balanced_delivery_supervisor-22] [INFO] [1789488383.923686485] [robot_2.robot_supervisor]: Selected controllable event: EV_search_zone
[balanced_delivery_supervisor-24] [INFO] [1789488383.941891368] [robot_1.robot_supervisor]: Triggered uncontrollable event: EV_zone_a_not_visible
[balanced_delivery_supervisor-24] [INFO] [1789488383.942891615] [robot_1.robot_supervisor]: Selected controllable event: EV_move_forward
[balanced_delivery_supervisor-20] [INFO] [1789488384.030552407] [robot_0.robot_supervisor]: Triggered uncontrollable event: EV_zone_a_visible
[balanced_delivery_supervisor-20] [INFO] [1789488384.038710806] [robot_0.robot_supervisor]: Triggered uncontrollable event: EV_zone_b_visible
[balanced_delivery_supervisor-20] [INFO] [1789488384.042471454] [robot_0.robot_supervisor]: Selected controllable event: EV_approach_zone
[balanced_delivery_supervisor-22] [INFO] [1789488384.133969045] [robot_2.robot_supervisor]: Triggered uncontrollable event: EV_zone_a_not_visible
[balanced_delivery_supervisor-22] [INFO] [1789488384.143072623] [robot_2.robot_supervisor]: Triggered uncontrollable event: EV_zone_b_not_visible
[balanced_delivery_supervisor-22] [INFO] [1789488384.153077716] [robot_2.robot_supervisor]: Selected controllable event: EV_search_zone
[balanced_delivery_supervisor-24] [INFO] [1789488384.223538654] [robot_1.robot_supervisor]: Triggered uncontrollable event: EV_zone_b_not_visible
[balanced_delivery_supervisor-24] [INFO] [1789488384.224365193] [robot_1.robot_supervisor]: Selected controllable event: EV_search_zone
[balanced_delivery_supervisor-22] [INFO] [1789488384.314187181] [robot_2.robot_supervisor]: Selected controllable event: EV_search_zone
[balanced_delivery_supervisor-20] [INFO] [1789488384.334295570] [robot_0.robot_supervisor]: Selected controllable event: EV_move_forward
[balanced_delivery_supervisor-22] [INFO] [1789488384.432825828] [robot_2.robot_supervisor]: Selected controllable event: EV_search_zone
[balanced_delivery_supervisor-24] [INFO] [1789488384.439008578] [robot_1.robot_supervisor]: Selected controllable event: EV_search_zone
[balanced_delivery_supervisor-24] [INFO] [1789488384.621336249] [robot_1.robot_supervisor]: Selected controllable event: EV_move_forward
[balanced_delivery_supervisor-20] [INFO] [1789488384.639135291] [robot_0.robot_supervisor]: Selected controllable event: EV_move_forward
[balanced_delivery_supervisor-22] [INFO] [1789488384.654753644] [robot_2.robot_supervisor]: Selected controllable event: EV_move_forward
[balanced_delivery_supervisor-24] [INFO] [1789488384.923064749] [robot_1.robot_supervisor]: Triggered uncontrollable event: EV_zone_a_not_visible
[balanced_delivery_supervisor-24] [INFO] [1789488384.923866240] [robot_1.robot_supervisor]: Triggered uncontrollable event: EV_zone_b_not_visible
[balanced_delivery_supervisor-24] [INFO] [1789488384.924746038] [robot_1.robot_supervisor]: Selected controllable event: EV_search_zone
[balanced_delivery_supervisor-22] [INFO] [1789488384.934898465] [robot_2.robot_supervisor]: Triggered uncontrollable event: EV_zone_a_not_visible
[balanced_delivery_supervisor-22] [INFO] [1789488384.941380224] [robot_2.robot_supervisor]: Triggered uncontrollable event: EV_zone_b_not_visible
[balanced_delivery_supervisor-20] [INFO] [1789488384.937793143] [robot_0.robot_supervisor]: Triggered uncontrollable event: EV_zone_a_visible
[balanced_delivery_supervisor-20] [INFO] [1789488384.945401316] [robot_0.robot_supervisor]: Triggered uncontrollable event: EV_zone_b_visible
[balanced_delivery_supervisor-22] [INFO] [1789488384.946455004] [robot_2.robot_supervisor]: Selected controllable event: EV_search_zone
[balanced_delivery_supervisor-20] [INFO] [1789488384.962265148] [robot_0.robot_supervisor]: Selected controllable event: EV_move_forward
[balanced_delivery_supervisor-24] [INFO] [1789488385.119173562] [robot_1.robot_supervisor]: Selected controllable event: EV_move_forward
[balanced_delivery_supervisor-22] [INFO] [1789488385.122705568] [robot_2.robot_supervisor]: Selected controllable event: EV_search_zone
[balanced_delivery_supervisor-20] [INFO] [1789488385.243132680] [robot_0.robot_supervisor]: Selected controllable event: EV_move_forward
[balanced_delivery_supervisor-22] [INFO] [1789488385.327890517] [robot_2.robot_supervisor]: Selected controllable event: EV_search_zone
[balanced_delivery_supervisor-24] [INFO] [1789488385.330512622] [robot_1.robot_supervisor]: Selected controllable event: EV_search_zone
[balanced_delivery_supervisor-24] [INFO] [1789488385.434610900] [robot_1.robot_supervisor]: Selected controllable event: EV_move_forward
[balanced_delivery_supervisor-20] [INFO] [1789488385.534175519] [robot_0.robot_supervisor]: Selected controllable event: EV_approach_zone
[balanced_delivery_supervisor-22] [INFO] [1789488385.538233123] [robot_2.robot_supervisor]: Selected controllable event: EV_move_forward
[balanced_delivery_supervisor-24] [INFO] [1789488385.729336289] [robot_1.robot_supervisor]: Triggered uncontrollable event: EV_zone_a_not_visible
[balanced_delivery_supervisor-24] [INFO] [1789488385.750331143] [robot_1.robot_supervisor]: Triggered uncontrollable event: EV_obstacle_right
[balanced_delivery_supervisor-24] [INFO] [1789488385.759495864] [robot_1.robot_supervisor]: Selected controllable event: EV_rotate_counterclockwise
[balanced_delivery_supervisor-22] [INFO] [1789488385.812335638] [robot_2.robot_supervisor]: Selected controllable event: EV_search_zone
[balanced_delivery_supervisor-20] [INFO] [1789488385.851058991] [robot_0.robot_supervisor]: Triggered uncontrollable event: EV_zone_a_visible
[balanced_delivery_supervisor-20] [INFO] [1789488385.856158041] [robot_0.robot_supervisor]: Triggered uncontrollable event: EV_zone_b_visible
[balanced_delivery_supervisor-20] [INFO] [1789488385.866765827] [robot_0.robot_supervisor]: Selected controllable event: EV_approach_zone
[balanced_delivery_supervisor-24] [INFO] [1789488385.934553659] [robot_1.robot_supervisor]: Triggered uncontrollable event: EV_obstacle_right
[balanced_delivery_supervisor-24] [INFO] [1789488385.935346968] [robot_1.robot_supervisor]: Triggered uncontrollable event: EV_zone_b_not_visible
[balanced_delivery_supervisor-24] [INFO] [1789488385.936269746] [robot_1.robot_supervisor]: Selected controllable event: EV_u_turn
[balanced_delivery_supervisor-24] [INFO] [1789488385.952127828] [robot_1.robot_supervisor]: Starting FULL ROTATE (omega=1.000, have_odom=True, target_rad=3.142, timeout_s=3.500)
[balanced_delivery_supervisor-22] [INFO] [1789488386.036598131] [robot_2.robot_supervisor]: Triggered uncontrollable event: EV_zone_a_visible
[balanced_delivery_supervisor-22] [INFO] [1789488386.055289519] [robot_2.robot_supervisor]: Triggered uncontrollable event: EV_zone_b_not_visible
[balanced_delivery_supervisor-22] [INFO] [1789488386.056279175] [robot_2.robot_supervisor]: Selected controllable event: EV_move_forward
[balanced_delivery_supervisor-20] [INFO] [1789488386.137225377] [robot_0.robot_supervisor]: Selected controllable event: EV_move_forward
[balanced_delivery_supervisor-22] [INFO] [1789488386.340562945] [robot_2.robot_supervisor]: Selected controllable event: EV_move_forward
[balanced_delivery_supervisor-20] [INFO] [1789488386.342240404] [robot_0.robot_supervisor]: Selected controllable event: EV_move_forward
[balanced_delivery_supervisor-22] [INFO] [1789488386.622280598] [robot_2.robot_supervisor]: Selected controllable event: EV_move_forward
[balanced_delivery_supervisor-20] [INFO] [1789488386.630443956] [robot_0.robot_supervisor]: Selected controllable event: EV_move_forward
[balanced_delivery_supervisor-22] [INFO] [1789488386.932176538] [robot_2.robot_supervisor]: Triggered uncontrollable event: EV_zone_a_visible
[balanced_delivery_supervisor-22] [INFO] [1789488386.943046060] [robot_2.robot_supervisor]: Triggered uncontrollable event: EV_zone_b_not_visible
[balanced_delivery_supervisor-20] [INFO] [1789488386.940655161] [robot_0.robot_supervisor]: Triggered uncontrollable event: EV_zone_a_visible
[balanced_delivery_supervisor-20] [INFO] [1789488386.941364531] [robot_0.robot_supervisor]: Triggered uncontrollable event: EV_zone_b_visible
[balanced_delivery_supervisor-22] [INFO] [1789488386.951001978] [robot_2.robot_supervisor]: Selected controllable event: EV_approach_zone
[balanced_delivery_supervisor-20] [INFO] [1789488386.959842546] [robot_0.robot_supervisor]: Selected controllable event: EV_move_forward
[balanced_delivery_supervisor-22] [INFO] [1789488387.238136094] [robot_2.robot_supervisor]: Selected controllable event: EV_approach_zone
[balanced_delivery_supervisor-20] [INFO] [1789488387.239231026] [robot_0.robot_supervisor]: Selected controllable event: EV_approach_zone
[balanced_delivery_supervisor-22] [INFO] [1789488387.521091331] [robot_2.robot_supervisor]: Selected controllable event: EV_approach_zone
[balanced_delivery_supervisor-20] [INFO] [1789488387.533810056] [robot_0.robot_supervisor]: Selected controllable event: EV_approach_zone
[balanced_delivery_supervisor-22] [INFO] [1789488387.723968238] [robot_2.robot_supervisor]: Selected controllable event: EV_approach_zone
[balanced_delivery_supervisor-20] [INFO] [1789488387.760106547] [robot_0.robot_supervisor]: Triggered uncontrollable event: EV_zone_b_visible
[balanced_delivery_supervisor-20] [INFO] [1789488387.760843288] [robot_0.robot_supervisor]: Triggered uncontrollable event: EV_zone_a_not_visible
[balanced_delivery_supervisor-20] [INFO] [1789488387.777843392] [robot_0.robot_supervisor]: Selected controllable event: EV_approach_zone
[balanced_delivery_supervisor-22] [INFO] [1789488388.009335750] [robot_2.robot_supervisor]: Triggered uncontrollable event: EV_zone_a_visible
[balanced_delivery_supervisor-22] [INFO] [1789488388.026204018] [robot_2.robot_supervisor]: Triggered uncontrollable event: EV_zone_b_visible
[balanced_delivery_supervisor-22] [INFO] [1789488388.027261708] [robot_2.robot_supervisor]: Selected controllable event: EV_approach_zone
[balanced_delivery_supervisor-20] [INFO] [1789488388.034442285] [robot_0.robot_supervisor]: Selected controllable event: EV_move_forward
[balanced_delivery_supervisor-20] [INFO] [1789488388.242492754] [robot_0.robot_supervisor]: Selected controllable event: EV_move_forward
[color_detector-27] [INFO] [1789488388.296344367] [robot_0.target_detector]: RGB HEARTBEAT frames_total=70 recent_rate_hz=1.114 last_frame_age_s=0.709 status=OK
[color_detector-31] [INFO] [1789488388.332499626] [robot_1.target_detector]: RGB HEARTBEAT frames_total=70 recent_rate_hz=1.112 last_frame_age_s=0.783 status=OK
[balanced_delivery_supervisor-22] [INFO] [1789488388.344305448] [robot_2.robot_supervisor]: Selected controllable event: EV_move_forward
[color_detector-29] [INFO] [1789488388.355960098] [robot_2.target_detector]: RGB HEARTBEAT frames_total=70 recent_rate_hz=1.105 last_frame_age_s=0.675 status=OK
[balanced_delivery_supervisor-20] [INFO] [1789488388.553732942] [robot_0.robot_supervisor]: Selected controllable event: EV_move_forward
[balanced_delivery_supervisor-22] [INFO] [1789488388.618555961] [robot_2.robot_supervisor]: Selected controllable event: EV_approach_zone
[balanced_delivery_supervisor-20] [INFO] [1789488388.851156460] [robot_0.robot_supervisor]: Triggered uncontrollable event: EV_zone_b_visible
[balanced_delivery_supervisor-20] [INFO] [1789488388.851888529] [robot_0.robot_supervisor]: Triggered uncontrollable event: EV_zone_a_not_visible
[balanced_delivery_supervisor-20] [INFO] [1789488388.855124227] [robot_0.robot_supervisor]: Selected controllable event: EV_move_forward
[balanced_delivery_supervisor-22] [INFO] [1789488388.932695602] [robot_2.robot_supervisor]: Triggered uncontrollable event: EV_zone_a_visible
[balanced_delivery_supervisor-22] [INFO] [1789488388.943858051] [robot_2.robot_supervisor]: Triggered uncontrollable event: EV_zone_b_visible
[balanced_delivery_supervisor-22] [INFO] [1789488388.944811008] [robot_2.robot_supervisor]: Selected controllable event: EV_approach_zone
[balanced_delivery_supervisor-20] [INFO] [1789488389.129672799] [robot_0.robot_supervisor]: Selected controllable event: EV_move_forward
[balanced_delivery_supervisor-22] [INFO] [1789488389.206668923] [robot_2.robot_supervisor]: Selected controllable event: EV_move_forward
[balanced_delivery_supervisor-20] [INFO] [1789488389.349826137] [robot_0.robot_supervisor]: Triggered uncontrollable event: EV_zone_a_not_visible
[balanced_delivery_supervisor-20] [INFO] [1789488389.350508727] [robot_0.robot_supervisor]: Triggered uncontrollable event: EV_obstacle_left
[balanced_delivery_supervisor-20] [INFO] [1789488389.351364154] [robot_0.robot_supervisor]: Selected controllable event: EV_u_turn
[balanced_delivery_supervisor-20] [INFO] [1789488389.368432836] [robot_0.robot_supervisor]: Starting FULL ROTATE (omega=1.000, have_odom=True, target_rad=3.142, timeout_s=3.500)
[balanced_delivery_supervisor-22] [INFO] [1789488389.443265127] [robot_2.robot_supervisor]: Triggered uncontrollable event: EV_zone_a_visible
[balanced_delivery_supervisor-22] [INFO] [1789488389.450938595] [robot_2.robot_supervisor]: Selected controllable event: EV_move_forward
[balanced_delivery_supervisor-24] [INFO] [1789488389.524523653] [robot_1.robot_supervisor]: FULL ROTATE completed by timeout
[balanced_delivery_supervisor-22] [INFO] [1789488389.734482151] [robot_2.robot_supervisor]: Triggered uncontrollable event: EV_zone_b_visible
[balanced_delivery_supervisor-22] [INFO] [1789488389.735550531] [robot_2.robot_supervisor]: Selected controllable event: EV_approach_zone
[balanced_delivery_supervisor-24] [INFO] [1789488389.827560841] [robot_1.robot_supervisor]: Triggered uncontrollable event: EV_zone_a_not_visible
[balanced_delivery_supervisor-24] [INFO] [1789488389.828439662] [robot_1.robot_supervisor]: Triggered uncontrollable event: EV_zone_b_not_visible
[balanced_delivery_supervisor-24] [INFO] [1789488389.854606984] [robot_1.robot_supervisor]: Selected controllable event: EV_move_forward
[balanced_delivery_supervisor-22] [INFO] [1789488390.009053312] [robot_2.robot_supervisor]: Selected controllable event: EV_move_forward
[balanced_delivery_supervisor-24] [INFO] [1789488390.161335870] [robot_1.robot_supervisor]: Selected controllable event: EV_search_zone
[balanced_delivery_supervisor-22] [INFO] [1789488390.213175058] [robot_2.robot_supervisor]: Selected controllable event: EV_approach_zone
[balanced_delivery_supervisor-24] [INFO] [1789488390.336004091] [robot_1.robot_supervisor]: Triggered uncontrollable event: EV_zone_a_visible
[balanced_delivery_supervisor-24] [INFO] [1789488390.336831181] [robot_1.robot_supervisor]: Triggered uncontrollable event: EV_zone_b_not_visible
[balanced_delivery_supervisor-24] [INFO] [1789488390.364166538] [robot_1.robot_supervisor]: Selected controllable event: EV_approach_zone
[balanced_delivery_supervisor-22] [INFO] [1789488390.523436393] [robot_2.robot_supervisor]: Triggered uncontrollable event: EV_zone_a_visible
[balanced_delivery_supervisor-22] [INFO] [1789488390.524284280] [robot_2.robot_supervisor]: Triggered uncontrollable event: EV_zone_b_visible
[balanced_delivery_supervisor-22] [INFO] [1789488390.536562462] [robot_2.robot_supervisor]: Selected controllable event: EV_approach_zone
[balanced_delivery_supervisor-24] [INFO] [1789488390.630593926] [robot_1.robot_supervisor]: Selected controllable event: EV_approach_zone
[balanced_delivery_supervisor-22] [INFO] [1789488390.812975206] [robot_2.robot_supervisor]: Selected controllable event: EV_move_forward
[balanced_delivery_supervisor-24] [INFO] [1789488390.842174524] [robot_1.robot_supervisor]: Selected controllable event: EV_approach_zone
[balanced_delivery_supervisor-22] [INFO] [1789488391.046554560] [robot_2.robot_supervisor]: Selected controllable event: EV_approach_zone
[balanced_delivery_supervisor-24] [INFO] [1789488391.151074817] [robot_1.robot_supervisor]: Selected controllable event: EV_move_forward
[balanced_delivery_supervisor-22] [INFO] [1789488391.336955234] [robot_2.robot_supervisor]: Selected controllable event: EV_move_forward
[balanced_delivery_supervisor-24] [INFO] [1789488391.444668165] [robot_1.robot_supervisor]: Triggered uncontrollable event: EV_zone_a_visible
[balanced_delivery_supervisor-24] [INFO] [1789488391.445516719] [robot_1.robot_supervisor]: Triggered uncontrollable event: EV_zone_b_visible
[balanced_delivery_supervisor-24] [INFO] [1789488391.446593406] [robot_1.robot_supervisor]: Selected controllable event: EV_approach_zone
[balanced_delivery_supervisor-22] [INFO] [1789488391.617545463] [robot_2.robot_supervisor]: Triggered uncontrollable event: EV_zone_a_visible
[balanced_delivery_supervisor-22] [INFO] [1789488391.622822197] [robot_2.robot_supervisor]: Triggered uncontrollable event: EV_zone_b_visible
[balanced_delivery_supervisor-22] [INFO] [1789488391.636074318] [robot_2.robot_supervisor]: Selected controllable event: EV_approach_zone
[balanced_delivery_supervisor-24] [INFO] [1789488391.731181567] [robot_1.robot_supervisor]: Selected controllable event: EV_approach_zone
[balanced_delivery_supervisor-22] [INFO] [1789488391.927487863] [robot_2.robot_supervisor]: Selected controllable event: EV_approach_zone
[balanced_delivery_supervisor-24] [INFO] [1789488392.021906674] [robot_1.robot_supervisor]: Selected controllable event: EV_move_forward
[balanced_delivery_supervisor-24] [INFO] [1789488392.236519300] [robot_1.robot_supervisor]: Triggered uncontrollable event: EV_zone_a_visible
[balanced_delivery_supervisor-24] [INFO] [1789488392.237357863] [robot_1.robot_supervisor]: Triggered uncontrollable event: EV_zone_b_visible
[balanced_delivery_supervisor-22] [INFO] [1789488392.237321782] [robot_2.robot_supervisor]: Selected controllable event: EV_approach_zone
[balanced_delivery_supervisor-24] [INFO] [1789488392.263488202] [robot_1.robot_supervisor]: Selected controllable event: EV_move_forward
[balanced_delivery_supervisor-22] [INFO] [1789488392.527481246] [robot_2.robot_supervisor]: Triggered uncontrollable event: EV_zone_a_visible
[balanced_delivery_supervisor-22] [INFO] [1789488392.528207676] [robot_2.robot_supervisor]: Triggered uncontrollable event: EV_zone_b_visible
[balanced_delivery_supervisor-24] [INFO] [1789488392.533396489] [robot_1.robot_supervisor]: Selected controllable event: EV_approach_zone
[balanced_delivery_supervisor-22] [INFO] [1789488392.550923719] [robot_2.robot_supervisor]: Selected controllable event: EV_move_forward
[balanced_delivery_supervisor-24] [INFO] [1789488392.811931887] [robot_1.robot_supervisor]: Selected controllable event: EV_move_forward
[balanced_delivery_supervisor-22] [INFO] [1789488392.824347842] [robot_2.robot_supervisor]: Selected controllable event: EV_approach_zone
[balanced_delivery_supervisor-20] [INFO] [1789488392.933975071] [robot_0.robot_supervisor]: FULL ROTATE completed by timeout
[balanced_delivery_supervisor-24] [INFO] [1789488393.041370853] [robot_1.robot_supervisor]: Selected controllable event: EV_approach_zone
[balanced_delivery_supervisor-22] [INFO] [1789488393.107387796] [robot_2.robot_supervisor]: Selected controllable event: EV_approach_zone
[balanced_delivery_supervisor-20] [INFO] [1789488393.237518283] [robot_0.robot_supervisor]: Triggered uncontrollable event: EV_zone_b_visible
[balanced_delivery_supervisor-20] [INFO] [1789488393.238229780] [robot_0.robot_supervisor]: Triggered uncontrollable event: EV_zone_a_not_visible
[balanced_delivery_supervisor-20] [INFO] [1789488393.239138727] [robot_0.robot_supervisor]: Selected controllable event: EV_move_forward
[balanced_delivery_supervisor-24] [INFO] [1789488393.326676775] [robot_1.robot_supervisor]: Triggered uncontrollable event: EV_zone_a_visible
[balanced_delivery_supervisor-24] [INFO] [1789488393.327480152] [robot_1.robot_supervisor]: Triggered uncontrollable event: EV_zone_b_visible
[balanced_delivery_supervisor-24] [INFO] [1789488393.328368471] [robot_1.robot_supervisor]: Selected controllable event: EV_approach_zone
[balanced_delivery_supervisor-22] [INFO] [1789488393.443446634] [robot_2.robot_supervisor]: Triggered uncontrollable event: EV_zone_a_visible
[balanced_delivery_supervisor-22] [INFO] [1789488393.451925636] [robot_2.robot_supervisor]: Triggered uncontrollable event: EV_zone_b_reached
[balanced_delivery_supervisor-22] [INFO] [1789488393.457323915] [robot_2.robot_supervisor]: Selected controllable event: EV_approach_zone
[balanced_delivery_supervisor-20] [INFO] [1789488393.534820594] [robot_0.robot_supervisor]: Triggered uncontrollable event: EV_zone_b_visible
[balanced_delivery_supervisor-20] [INFO] [1789488393.535782482] [robot_0.robot_supervisor]: Selected controllable event: EV_move_forward
[balanced_delivery_supervisor-24] [INFO] [1789488393.609614076] [robot_1.robot_supervisor]: Selected controllable event: EV_approach_zone
[balanced_delivery_supervisor-22] [INFO] [1789488393.718558585] [robot_2.robot_supervisor]: Selected controllable event: EV_move_forward
[balanced_delivery_supervisor-24] [INFO] [1789488393.828324421] [robot_1.robot_supervisor]: Selected controllable event: EV_move_forward
[balanced_delivery_supervisor-20] [INFO] [1789488393.842267965] [robot_0.robot_supervisor]: Selected controllable event: EV_approach_zone
[balanced_delivery_supervisor-22] [INFO] [1789488394.025338790] [robot_2.robot_supervisor]: Selected controllable event: EV_approach_zone
[balanced_delivery_supervisor-20] [INFO] [1789488394.052646108] [robot_0.robot_supervisor]: Selected controllable event: EV_approach_zone
[balanced_delivery_supervisor-24] [INFO] [1789488394.117304442] [robot_1.robot_supervisor]: Triggered uncontrollable event: EV_zone_a_visible
[balanced_delivery_supervisor-24] [INFO] [1789488394.118103786] [robot_1.robot_supervisor]: Triggered uncontrollable event: EV_zone_b_visible
[balanced_delivery_supervisor-24] [INFO] [1789488394.152423471] [robot_1.robot_supervisor]: Selected controllable event: EV_move_forward
[balanced_delivery_supervisor-22] [INFO] [1789488394.321754279] [robot_2.robot_supervisor]: Triggered uncontrollable event: EV_zone_a_visible
[balanced_delivery_supervisor-22] [INFO] [1789488394.330308023] [robot_2.robot_supervisor]: Triggered uncontrollable event: EV_zone_b_reached
[balanced_delivery_supervisor-22] [INFO] [1789488394.341997629] [robot_2.robot_supervisor]: Selected controllable event: EV_move_forward
[balanced_delivery_supervisor-20] [INFO] [1789488394.353194896] [robot_0.robot_supervisor]: Triggered uncontrollable event: EV_zone_b_visible
[balanced_delivery_supervisor-20] [INFO] [1789488394.353964399] [robot_0.robot_supervisor]: Triggered uncontrollable event: EV_zone_a_not_visible
[balanced_delivery_supervisor-20] [INFO] [1789488394.369504289] [robot_0.robot_supervisor]: Selected controllable event: EV_move_forward
[balanced_delivery_supervisor-24] [INFO] [1789488394.424167983] [robot_1.robot_supervisor]: Selected controllable event: EV_approach_zone
[balanced_delivery_supervisor-22] [INFO] [1789488394.633187234] [robot_2.robot_supervisor]: Selected controllable event: EV_approach_zone
[balanced_delivery_supervisor-20] [INFO] [1789488394.657659318] [robot_0.robot_supervisor]: Selected controllable event: EV_move_forward
[balanced_delivery_supervisor-24] [INFO] [1789488394.722545290] [robot_1.robot_supervisor]: Selected controllable event: EV_move_forward
[balanced_delivery_supervisor-22] [INFO] [1789488394.930505126] [robot_2.robot_supervisor]: Selected controllable event: EV_move_forward
[balanced_delivery_supervisor-20] [INFO] [1789488394.933253424] [robot_0.robot_supervisor]: Selected controllable event: EV_approach_zone
[balanced_delivery_supervisor-24] [INFO] [1789488394.941068117] [robot_1.robot_supervisor]: Selected controllable event: EV_approach_zone
[balanced_delivery_supervisor-22] [INFO] [1789488395.232790318] [robot_2.robot_supervisor]: Selected controllable event: EV_approach_zone
[balanced_delivery_supervisor-24] [INFO] [1789488395.242118390] [robot_1.robot_supervisor]: Triggered uncontrollable event: EV_zone_a_visible
[balanced_delivery_supervisor-24] [INFO] [1789488395.242986900] [robot_1.robot_supervisor]: Triggered uncontrollable event: EV_zone_b_visible
[balanced_delivery_supervisor-20] [INFO] [1789488395.255883621] [robot_0.robot_supervisor]: Selected controllable event: EV_move_forward
[balanced_delivery_supervisor-24] [INFO] [1789488395.263386839] [robot_1.robot_supervisor]: Selected controllable event: EV_approach_zone
[balanced_delivery_supervisor-20] [INFO] [1789488395.537692458] [robot_0.robot_supervisor]: Triggered uncontrollable event: EV_zone_b_visible
[balanced_delivery_supervisor-20] [INFO] [1789488395.538600491] [robot_0.robot_supervisor]: Triggered uncontrollable event: EV_zone_a_not_visible
[balanced_delivery_supervisor-20] [INFO] [1789488395.543012523] [robot_0.robot_supervisor]: Selected controllable event: EV_approach_zone
[balanced_delivery_supervisor-22] [INFO] [1789488395.541687756] [robot_2.robot_supervisor]: Triggered uncontrollable event: EV_zone_a_not_visible
[balanced_delivery_supervisor-22] [INFO] [1789488395.542556898] [robot_2.robot_supervisor]: Triggered uncontrollable event: EV_zone_b_reached
[balanced_delivery_supervisor-22] [INFO] [1789488395.543338380] [robot_2.robot_supervisor]: Triggered uncontrollable event: EV_obstacle_front
[balanced_delivery_supervisor-22] [INFO] [1789488395.544235507] [robot_2.robot_supervisor]: Selected controllable event: EV_rotate_counterclockwise
[balanced_delivery_supervisor-24] [INFO] [1789488395.544924163] [robot_1.robot_supervisor]: Selected controllable event: EV_move_forward
[balanced_delivery_supervisor-22] [INFO] [1789488395.745126624] [robot_2.robot_supervisor]: Triggered uncontrollable event: EV_obstacle_front
[balanced_delivery_supervisor-22] [INFO] [1789488395.755210085] [robot_2.robot_supervisor]: Selected controllable event: EV_u_turn
[balanced_delivery_supervisor-22] [INFO] [1789488395.762256045] [robot_2.robot_supervisor]: Starting FULL ROTATE (omega=1.000, have_odom=True, target_rad=3.142, timeout_s=3.500)
[balanced_delivery_supervisor-24] [INFO] [1789488395.840812213] [robot_1.robot_supervisor]: Selected controllable event: EV_approach_zone
[balanced_delivery_supervisor-20] [INFO] [1789488395.849728663] [robot_0.robot_supervisor]: Selected controllable event: EV_move_forward
[balanced_delivery_supervisor-20] [INFO] [1789488396.128700136] [robot_0.robot_supervisor]: Triggered uncontrollable event: EV_zone_a_not_visible
[balanced_delivery_supervisor-20] [INFO] [1789488396.137274837] [robot_0.robot_supervisor]: Triggered uncontrollable event: EV_zone_b_not_visible
[balanced_delivery_supervisor-24] [INFO] [1789488396.151563260] [robot_1.robot_supervisor]: Triggered uncontrollable event: EV_zone_a_visible
[balanced_delivery_supervisor-24] [INFO] [1789488396.152342571] [robot_1.robot_supervisor]: Triggered uncontrollable event: EV_zone_b_visible
[balanced_delivery_supervisor-20] [INFO] [1789488396.158134137] [robot_0.robot_supervisor]: Selected controllable event: EV_search_zone
[balanced_delivery_supervisor-24] [INFO] [1789488396.168736222] [robot_1.robot_supervisor]: Selected controllable event: EV_approach_zone
[balanced_delivery_supervisor-20] [INFO] [1789488396.353830795] [robot_0.robot_supervisor]: Selected controllable event: EV_search_zone
[balanced_delivery_supervisor-24] [INFO] [1789488396.433715115] [robot_1.robot_supervisor]: Selected controllable event: EV_move_forward
[balanced_delivery_supervisor-20] [INFO] [1789488396.534110286] [robot_0.robot_supervisor]: Selected controllable event: EV_search_zone
[balanced_delivery_supervisor-20] [INFO] [1789488396.656525663] [robot_0.robot_supervisor]: Selected controllable event: EV_search_zone
[balanced_delivery_supervisor-24] [INFO] [1789488396.731612066] [robot_1.robot_supervisor]: Selected controllable event: EV_approach_zone
[balanced_delivery_supervisor-20] [INFO] [1789488396.849159011] [robot_0.robot_supervisor]: Selected controllable event: EV_move_forward
[balanced_delivery_supervisor-24] [INFO] [1789488397.036576290] [robot_1.robot_supervisor]: Selected controllable event: EV_approach_zone
[balanced_delivery_supervisor-20] [INFO] [1789488397.064109151] [robot_0.robot_supervisor]: Selected controllable event: EV_search_zone
[balanced_delivery_supervisor-20] [INFO] [1789488397.243137644] [robot_0.robot_supervisor]: Triggered uncontrollable event: EV_zone_a_not_visible
[balanced_delivery_supervisor-20] [INFO] [1789488397.248479255] [robot_0.robot_supervisor]: Triggered uncontrollable event: EV_zone_b_not_visible
[balanced_delivery_supervisor-20] [INFO] [1789488397.255977102] [robot_0.robot_supervisor]: Selected controllable event: EV_move_forward
[balanced_delivery_supervisor-24] [INFO] [1789488397.337180686] [robot_1.robot_supervisor]: Triggered uncontrollable event: EV_zone_a_visible
[balanced_delivery_supervisor-24] [INFO] [1789488397.337991844] [robot_1.robot_supervisor]: Triggered uncontrollable event: EV_zone_b_visible
[balanced_delivery_supervisor-24] [INFO] [1789488397.354057211] [robot_1.robot_supervisor]: Selected controllable event: EV_approach_zone
[balanced_delivery_supervisor-20] [INFO] [1789488397.536888034] [robot_0.robot_supervisor]: Selected controllable event: EV_search_zone
[balanced_delivery_supervisor-24] [INFO] [1789488397.629373561] [robot_1.robot_supervisor]: Selected controllable event: EV_approach_zone
[balanced_delivery_supervisor-20] [INFO] [1789488397.664468351] [robot_0.robot_supervisor]: Selected controllable event: EV_move_forward
[color_detector-29] [INFO] [1789488397.893772207] [robot_2.target_detector]: RGB HEARTBEAT frames_total=80 recent_rate_hz=1.047 last_frame_age_s=0.767 status=OK
[color_detector-27] [INFO] [1789488397.902242409] [robot_0.target_detector]: RGB HEARTBEAT frames_total=80 recent_rate_hz=1.043 last_frame_age_s=0.790 status=OK
[color_detector-31] [INFO] [1789488397.915324520] [robot_1.target_detector]: RGB HEARTBEAT frames_total=80 recent_rate_hz=1.041 last_frame_age_s=0.924 status=OK
[balanced_delivery_supervisor-24] [INFO] [1789488397.940716347] [robot_1.robot_supervisor]: Selected controllable event: EV_move_forward
[balanced_delivery_supervisor-20] [INFO] [1789488397.958627630] [robot_0.robot_supervisor]: Selected controllable event: EV_move_forward
[balanced_delivery_supervisor-24] [INFO] [1789488398.226047501] [robot_1.robot_supervisor]: Triggered uncontrollable event: EV_zone_a_visible
[balanced_delivery_supervisor-24] [INFO] [1789488398.237968699] [robot_1.robot_supervisor]: Triggered uncontrollable event: EV_zone_b_visible
[balanced_delivery_supervisor-24] [INFO] [1789488398.239143229] [robot_1.robot_supervisor]: Selected controllable event: EV_approach_zone
[balanced_delivery_supervisor-20] [INFO] [1789488398.256291679] [robot_0.robot_supervisor]: Triggered uncontrollable event: EV_zone_a_not_visible
[balanced_delivery_supervisor-20] [INFO] [1789488398.257447449] [robot_0.robot_supervisor]: Selected controllable event: EV_move_forward
[balanced_delivery_supervisor-24] [INFO] [1789488398.544535608] [robot_1.robot_supervisor]: Selected controllable event: EV_approach_zone
[balanced_delivery_supervisor-20] [INFO] [1789488398.561131314] [robot_0.robot_supervisor]: Triggered uncontrollable event: EV_zone_b_not_visible
[balanced_delivery_supervisor-20] [INFO] [1789488398.563548747] [robot_0.robot_supervisor]: Selected controllable event: EV_move_forward
[balanced_delivery_supervisor-20] [INFO] [1789488398.835351650] [robot_0.robot_supervisor]: Selected controllable event: EV_move_forward
[balanced_delivery_supervisor-24] [INFO] [1789488398.852543971] [robot_1.robot_supervisor]: Selected controllable event: EV_approach_zone
[balanced_delivery_supervisor-20] [INFO] [1789488399.053746909] [robot_0.robot_supervisor]: Selected controllable event: EV_move_forward
[balanced_delivery_supervisor-24] [INFO] [1789488399.132140705] [robot_1.robot_supervisor]: Triggered uncontrollable event: EV_zone_a_visible
[balanced_delivery_supervisor-24] [INFO] [1789488399.140561648] [robot_1.robot_supervisor]: Triggered uncontrollable event: EV_zone_b_visible
[balanced_delivery_supervisor-24] [INFO] [1789488399.147619497] [robot_1.robot_supervisor]: Selected controllable event: EV_move_forward
[balanced_delivery_supervisor-22] [INFO] [1789488399.323213967] [robot_2.robot_supervisor]: FULL ROTATE completed by timeout
[balanced_delivery_supervisor-20] [INFO] [1789488399.326733981] [robot_0.robot_supervisor]: Triggered uncontrollable event: EV_zone_a_not_visible
[balanced_delivery_supervisor-20] [INFO] [1789488399.327462801] [robot_0.robot_supervisor]: Triggered uncontrollable event: EV_zone_b_not_visible
[balanced_delivery_supervisor-20] [INFO] [1789488399.342443726] [robot_0.robot_supervisor]: Selected controllable event: EV_search_zone
[balanced_delivery_supervisor-24] [INFO] [1789488399.425438891] [robot_1.robot_supervisor]: Selected controllable event: EV_approach_zone
[balanced_delivery_supervisor-20] [INFO] [1789488399.544153390] [robot_0.robot_supervisor]: Selected controllable event: EV_search_zone
[balanced_delivery_supervisor-22] [INFO] [1789488399.547609064] [robot_2.robot_supervisor]: Triggered uncontrollable event: EV_zone_a_not_visible
[balanced_delivery_supervisor-22] [INFO] [1789488399.548372567] [robot_2.robot_supervisor]: Triggered uncontrollable event: EV_zone_b_reached
[balanced_delivery_supervisor-22] [INFO] [1789488399.561277583] [robot_2.robot_supervisor]: Selected controllable event: EV_move_forward
[balanced_delivery_supervisor-24] [INFO] [1789488399.637536127] [robot_1.robot_supervisor]: Selected controllable event: EV_move_forward
[balanced_delivery_supervisor-20] [INFO] [1789488399.648133711] [robot_0.robot_supervisor]: Selected controllable event: EV_search_zone
[balanced_delivery_supervisor-22] [INFO] [1789488399.825646013] [robot_2.robot_supervisor]: Selected controllable event: EV_search_zone
[balanced_delivery_supervisor-20] [INFO] [1789488399.865372320] [robot_0.robot_supervisor]: Selected controllable event: EV_search_zone
[balanced_delivery_supervisor-24] [INFO] [1789488399.932383737] [robot_1.robot_supervisor]: Triggered uncontrollable event: EV_zone_a_visible
[balanced_delivery_supervisor-24] [INFO] [1789488399.935871287] [robot_1.robot_supervisor]: Selected controllable event: EV_approach_zone
[balanced_delivery_supervisor-22] [INFO] [1789488400.017328351] [robot_2.robot_supervisor]: Selected controllable event: EV_move_forward
[balanced_delivery_supervisor-20] [INFO] [1789488400.073808876] [robot_0.robot_supervisor]: Triggered uncontrollable event: EV_zone_a_not_visible
[balanced_delivery_supervisor-20] [INFO] [1789488400.074665672] [robot_0.robot_supervisor]: Triggered uncontrollable event: EV_zone_b_not_visible
[balanced_delivery_supervisor-20] [INFO] [1789488400.075497101] [robot_0.robot_supervisor]: Selected controllable event: EV_search_zone
[balanced_delivery_supervisor-22] [INFO] [1789488400.229798927] [robot_2.robot_supervisor]: Triggered uncontrollable event: EV_zone_a_not_visible
[balanced_delivery_supervisor-22] [INFO] [1789488400.232565982] [robot_2.robot_supervisor]: Triggered uncontrollable event: EV_zone_b_reached
[balanced_delivery_supervisor-22] [INFO] [1789488400.236722827] [robot_2.robot_supervisor]: Selected controllable event: EV_search_zone
[balanced_delivery_supervisor-24] [INFO] [1789488400.238327212] [robot_1.robot_supervisor]: Triggered uncontrollable event: EV_zone_b_visible
[balanced_delivery_supervisor-24] [INFO] [1789488400.246542554] [robot_1.robot_supervisor]: Selected controllable event: EV_move_forward
[balanced_delivery_supervisor-20] [INFO] [1789488400.239150677] [robot_0.robot_supervisor]: Selected controllable event: EV_search_zone
[balanced_delivery_supervisor-20] [INFO] [1789488400.435761270] [robot_0.robot_supervisor]: Selected controllable event: EV_search_zone
[balanced_delivery_supervisor-22] [INFO] [1789488400.439907617] [robot_2.robot_supervisor]: Selected controllable event: EV_search_zone
[balanced_delivery_supervisor-24] [INFO] [1789488400.513977488] [robot_1.robot_supervisor]: Selected controllable event: EV_approach_zone
[balanced_delivery_supervisor-22] [INFO] [1789488400.620237908] [robot_2.robot_supervisor]: Selected controllable event: EV_search_zone
[balanced_delivery_supervisor-20] [INFO] [1789488400.648092852] [robot_0.robot_supervisor]: Selected controllable event: EV_move_forward
[balanced_delivery_supervisor-24] [INFO] [1789488400.735581981] [robot_1.robot_supervisor]: Selected controllable event: EV_approach_zone
[balanced_delivery_supervisor-22] [INFO] [1789488400.763892171] [robot_2.robot_supervisor]: Selected controllable event: EV_search_zone
[balanced_delivery_supervisor-22] [INFO] [1789488400.912831427] [robot_2.robot_supervisor]: Selected controllable event: EV_move_forward
[balanced_delivery_supervisor-20] [INFO] [1789488400.929291367] [robot_0.robot_supervisor]: Triggered uncontrollable event: EV_zone_a_not_visible
[balanced_delivery_supervisor-20] [INFO] [1789488400.946387185] [robot_0.robot_supervisor]: Selected controllable event: EV_search_zone
[balanced_delivery_supervisor-24] [INFO] [1789488401.038967316] [robot_1.robot_supervisor]: Triggered uncontrollable event: EV_zone_a_visible
[balanced_delivery_supervisor-24] [INFO] [1789488401.039756487] [robot_1.robot_supervisor]: Triggered uncontrollable event: EV_zone_b_visible
[balanced_delivery_supervisor-24] [INFO] [1789488401.040688674] [robot_1.robot_supervisor]: Selected controllable event: EV_approach_zone
[balanced_delivery_supervisor-22] [INFO] [1789488401.134879109] [robot_2.robot_supervisor]: Triggered uncontrollable event: EV_zone_a_not_visible
[balanced_delivery_supervisor-22] [INFO] [1789488401.135608102] [robot_2.robot_supervisor]: Triggered uncontrollable event: EV_zone_b_reached
[balanced_delivery_supervisor-22] [INFO] [1789488401.145355093] [robot_2.robot_supervisor]: Selected controllable event: EV_move_forward
[balanced_delivery_supervisor-20] [INFO] [1789488401.143449603] [robot_0.robot_supervisor]: Triggered uncontrollable event: EV_zone_b_not_visible
[balanced_delivery_supervisor-20] [INFO] [1789488401.148004351] [robot_0.robot_supervisor]: Selected controllable event: EV_move_forward
[balanced_delivery_supervisor-24] [INFO] [1789488401.331611824] [robot_1.robot_supervisor]: Selected controllable event: EV_move_forward
[balanced_delivery_supervisor-20] [INFO] [1789488401.431079035] [robot_0.robot_supervisor]: Selected controllable event: EV_move_forward
[balanced_delivery_supervisor-22] [INFO] [1789488401.442139480] [robot_2.robot_supervisor]: Selected controllable event: EV_search_zone
[balanced_delivery_supervisor-22] [INFO] [1789488401.617060631] [robot_2.robot_supervisor]: Selected controllable event: EV_search_zone
[balanced_delivery_supervisor-24] [INFO] [1789488401.635078248] [robot_1.robot_supervisor]: Selected controllable event: EV_move_forward
[balanced_delivery_supervisor-20] [INFO] [1789488401.653247521] [robot_0.robot_supervisor]: Selected controllable event: EV_move_forward
[balanced_delivery_supervisor-22] [INFO] [1789488401.814932621] [robot_2.robot_supervisor]: Selected controllable event: EV_search_zone
[balanced_delivery_supervisor-24] [INFO] [1789488401.921230722] [robot_1.robot_supervisor]: Triggered uncontrollable event: EV_zone_a_visible
[balanced_delivery_supervisor-24] [INFO] [1789488401.925360036] [robot_1.robot_supervisor]: Triggered uncontrollable event: EV_zone_b_visible
[balanced_delivery_supervisor-20] [INFO] [1789488401.927365979] [robot_0.robot_supervisor]: Triggered uncontrollable event: EV_zone_a_not_visible
[balanced_delivery_supervisor-24] [INFO] [1789488401.929474030] [robot_1.robot_supervisor]: Selected controllable event: EV_move_forward
[balanced_delivery_supervisor-22] [INFO] [1789488401.931369424] [robot_2.robot_supervisor]: Selected controllable event: EV_move_forward
[balanced_delivery_supervisor-20] [INFO] [1789488401.933921993] [robot_0.robot_supervisor]: Selected controllable event: EV_move_forward
[balanced_delivery_supervisor-24] [INFO] [1789488402.135118002] [robot_1.robot_supervisor]: Selected controllable event: EV_move_forward
[balanced_delivery_supervisor-22] [INFO] [1789488402.214964856] [robot_2.robot_supervisor]: Triggered uncontrollable event: EV_zone_a_not_visible
[balanced_delivery_supervisor-22] [INFO] [1789488402.219141217] [robot_2.robot_supervisor]: Triggered uncontrollable event: EV_zone_b_reached
[balanced_delivery_supervisor-22] [INFO] [1789488402.228692547] [robot_2.robot_supervisor]: Selected controllable event: EV_move_forward
[balanced_delivery_supervisor-20] [INFO] [1789488402.242578440] [robot_0.robot_supervisor]: Triggered uncontrollable event: EV_zone_b_not_visible
[balanced_delivery_supervisor-20] [INFO] [1789488402.252126641] [robot_0.robot_supervisor]: Selected controllable event: EV_search_zone
[balanced_delivery_supervisor-20] [INFO] [1789488402.421555217] [robot_0.robot_supervisor]: Selected controllable event: EV_move_forward
[balanced_delivery_supervisor-24] [INFO] [1789488402.434050115] [robot_1.robot_supervisor]: Selected controllable event: EV_approach_zone
[balanced_delivery_supervisor-22] [INFO] [1789488402.552724082] [robot_2.robot_supervisor]: Selected controllable event: EV_move_forward
[balanced_delivery_supervisor-20] [INFO] [1789488402.668744444] [robot_0.robot_supervisor]: Selected controllable event: EV_search_zone
[balanced_delivery_supervisor-24] [INFO] [1789488402.751609895] [robot_1.robot_supervisor]: Triggered uncontrollable event: EV_zone_a_visible
[balanced_delivery_supervisor-24] [INFO] [1789488402.759388581] [robot_1.robot_supervisor]: Selected controllable event: EV_move_forward
[balanced_delivery_supervisor-22] [INFO] [1789488402.845362230] [robot_2.robot_supervisor]: Selected controllable event: EV_search_zone
[balanced_delivery_supervisor-20] [INFO] [1789488402.858679804] [robot_0.robot_supervisor]: Triggered uncontrollable event: EV_zone_a_not_visible
[balanced_delivery_supervisor-20] [INFO] [1789488402.872014302] [robot_0.robot_supervisor]: Triggered uncontrollable event: EV_zone_b_not_visible
[balanced_delivery_supervisor-20] [INFO] [1789488402.876886472] [robot_0.robot_supervisor]: Selected controllable event: EV_move_forward
[balanced_delivery_supervisor-24] [INFO] [1789488403.033227415] [robot_1.robot_supervisor]: Triggered uncontrollable event: EV_zone_b_visible
[balanced_delivery_supervisor-22] [INFO] [1789488403.036525171] [robot_2.robot_supervisor]: Triggered uncontrollable event: EV_zone_a_not_visible
[balanced_delivery_supervisor-22] [INFO] [1789488403.037265666] [robot_2.robot_supervisor]: Triggered uncontrollable event: EV_zone_b_reached
[balanced_delivery_supervisor-24] [INFO] [1789488403.038520563] [robot_1.robot_supervisor]: Selected controllable event: EV_move_forward
[balanced_delivery_supervisor-22] [INFO] [1789488403.050134257] [robot_2.robot_supervisor]: Selected controllable event: EV_move_forward
[balanced_delivery_supervisor-20] [INFO] [1789488403.137907620] [robot_0.robot_supervisor]: Selected controllable event: EV_search_zone
[balanced_delivery_supervisor-20] [INFO] [1789488403.321481834] [robot_0.robot_supervisor]: Selected controllable event: EV_search_zone
[balanced_delivery_supervisor-22] [INFO] [1789488403.326263670] [robot_2.robot_supervisor]: Selected controllable event: EV_search_zone
[balanced_delivery_supervisor-24] [INFO] [1789488403.340472435] [robot_1.robot_supervisor]: Selected controllable event: EV_move_forward
[balanced_delivery_supervisor-20] [INFO] [1789488403.533248233] [robot_0.robot_supervisor]: Selected controllable event: EV_search_zone
[balanced_delivery_supervisor-22] [INFO] [1789488403.554135702] [robot_2.robot_supervisor]: Selected controllable event: EV_search_zone
[balanced_delivery_supervisor-24] [INFO] [1789488403.616886241] [robot_1.robot_supervisor]: Selected controllable event: EV_move_forward
[balanced_delivery_supervisor-20] [INFO] [1789488403.661170223] [robot_0.robot_supervisor]: Selected controllable event: EV_move_forward
[balanced_delivery_supervisor-22] [INFO] [1789488403.722833494] [robot_2.robot_supervisor]: Selected controllable event: EV_search_zone
[balanced_delivery_supervisor-24] [INFO] [1789488403.910924386] [robot_1.robot_supervisor]: Triggered uncontrollable event: EV_zone_a_visible
[balanced_delivery_supervisor-24] [INFO] [1789488403.911686163] [robot_1.robot_supervisor]: Triggered uncontrollable event: EV_zone_b_visible
[balanced_delivery_supervisor-22] [INFO] [1789488403.920599702] [robot_2.robot_supervisor]: Triggered uncontrollable event: EV_zone_a_not_visible
[balanced_delivery_supervisor-22] [INFO] [1789488403.921402813] [robot_2.robot_supervisor]: Triggered uncontrollable event: EV_zone_b_reached
[balanced_delivery_supervisor-24] [INFO] [1789488403.932549558] [robot_1.robot_supervisor]: Selected controllable event: EV_approach_zone
[balanced_delivery_supervisor-22] [INFO] [1789488403.946048385] [robot_2.robot_supervisor]: Selected controllable event: EV_search_zone
[balanced_delivery_supervisor-20] [INFO] [1789488403.947335215] [robot_0.robot_supervisor]: Triggered uncontrollable event: EV_zone_a_not_visible
[balanced_delivery_supervisor-20] [INFO] [1789488403.948195928] [robot_0.robot_supervisor]: Triggered uncontrollable event: EV_zone_b_not_visible
[balanced_delivery_supervisor-20] [INFO] [1789488403.949146582] [robot_0.robot_supervisor]: Selected controllable event: EV_move_forward
[balanced_delivery_supervisor-22] [INFO] [1789488404.110062212] [robot_2.robot_supervisor]: Selected controllable event: EV_search_zone
[balanced_delivery_supervisor-22] [INFO] [1789488404.214241331] [robot_2.robot_supervisor]: Selected controllable event: EV_move_forward
[balanced_delivery_supervisor-24] [INFO] [1789488404.223845099] [robot_1.robot_supervisor]: Selected controllable event: EV_approach_zone
[balanced_delivery_supervisor-20] [INFO] [1789488404.244999232] [robot_0.robot_supervisor]: Selected controllable event: EV_search_zone
[balanced_delivery_supervisor-22] [INFO] [1789488404.427293189] [robot_2.robot_supervisor]: Selected controllable event: EV_search_zone
[balanced_delivery_supervisor-24] [INFO] [1789488404.435828037] [robot_1.robot_supervisor]: Selected controllable event: EV_approach_zone
[balanced_delivery_supervisor-20] [INFO] [1789488404.441925847] [robot_0.robot_supervisor]: Selected controllable event: EV_search_zone
[balanced_delivery_supervisor-22] [INFO] [1789488404.546514607] [robot_2.robot_supervisor]: Selected controllable event: EV_move_forward
[balanced_delivery_supervisor-20] [INFO] [1789488404.571482549] [robot_0.robot_supervisor]: Selected controllable event: EV_search_zone
[balanced_delivery_supervisor-24] [INFO] [1789488404.653192283] [robot_1.robot_supervisor]: Triggered uncontrollable event: EV_zone_a_visible
[balanced_delivery_supervisor-24] [INFO] [1789488404.666989610] [robot_1.robot_supervisor]: Selected controllable event: EV_approach_zone
[balanced_delivery_supervisor-20] [INFO] [1789488404.743619390] [robot_0.robot_supervisor]: Triggered uncontrollable event: EV_zone_a_not_visible
[balanced_delivery_supervisor-20] [INFO] [1789488404.752425231] [robot_0.robot_supervisor]: Triggered uncontrollable event: EV_zone_b_not_visible
[balanced_delivery_supervisor-20] [INFO] [1789488404.759230083] [robot_0.robot_supervisor]: Selected controllable event: EV_move_forward
[balanced_delivery_supervisor-22] [INFO] [1789488404.819765101] [robot_2.robot_supervisor]: Triggered uncontrollable event: EV_zone_a_not_visible
[balanced_delivery_supervisor-22] [INFO] [1789488404.821163797] [robot_2.robot_supervisor]: Triggered uncontrollable event: EV_zone_b_reached
[balanced_delivery_supervisor-22] [INFO] [1789488404.822145924] [robot_2.robot_supervisor]: Selected controllable event: EV_search_zone
[balanced_delivery_supervisor-24] [INFO] [1789488404.919997761] [robot_1.robot_supervisor]: Triggered uncontrollable event: EV_zone_b_visible
[balanced_delivery_supervisor-24] [INFO] [1789488404.937187988] [robot_1.robot_supervisor]: Selected controllable event: EV_move_forward
[balanced_delivery_supervisor-22] [INFO] [1789488405.011442366] [robot_2.robot_supervisor]: Selected controllable event: EV_search_zone
[balanced_delivery_supervisor-20] [INFO] [1789488405.031266393] [robot_0.robot_supervisor]: Selected controllable event: EV_move_forward
[balanced_delivery_supervisor-22] [INFO] [1789488405.129970418] [robot_2.robot_supervisor]: Selected controllable event: EV_search_zone
[balanced_delivery_supervisor-24] [INFO] [1789488405.240281918] [robot_1.robot_supervisor]: Selected controllable event: EV_move_forward
[balanced_delivery_supervisor-22] [INFO] [1789488405.310955102] [robot_2.robot_supervisor]: Selected controllable event: EV_move_forward
[balanced_delivery_supervisor-20] [INFO] [1789488405.332262391] [robot_0.robot_supervisor]: Selected controllable event: EV_search_zone
[balanced_delivery_supervisor-20] [INFO] [1789488405.456380087] [robot_0.robot_supervisor]: Selected controllable event: EV_search_zone
[balanced_delivery_supervisor-24] [INFO] [1789488405.529473269] [robot_1.robot_supervisor]: Selected controllable event: EV_approach_zone
[balanced_delivery_supervisor-22] [INFO] [1789488405.547267526] [robot_2.robot_supervisor]: Selected controllable event: EV_move_forward
[balanced_delivery_supervisor-20] [INFO] [1789488405.558468576] [robot_0.robot_supervisor]: Selected controllable event: EV_move_forward
[balanced_delivery_supervisor-24] [INFO] [1789488405.739487100] [robot_1.robot_supervisor]: Triggered uncontrollable event: EV_zone_a_visible
[balanced_delivery_supervisor-24] [INFO] [1789488405.748263336] [robot_1.robot_supervisor]: Triggered uncontrollable event: EV_zone_b_visible
[balanced_delivery_supervisor-24] [INFO] [1789488405.749355027] [robot_1.robot_supervisor]: Selected controllable event: EV_approach_zone
[balanced_delivery_supervisor-20] [INFO] [1789488405.767341332] [robot_0.robot_supervisor]: Triggered uncontrollable event: EV_zone_a_not_visible
[balanced_delivery_supervisor-20] [INFO] [1789488405.768255680] [robot_0.robot_supervisor]: Triggered uncontrollable event: EV_zone_b_not_visible
[balanced_delivery_supervisor-20] [INFO] [1789488405.783810182] [robot_0.robot_supervisor]: Selected controllable event: EV_search_zone
[balanced_delivery_supervisor-22] [INFO] [1789488405.806563532] [robot_2.robot_supervisor]: Triggered uncontrollable event: EV_zone_a_not_visible
[balanced_delivery_supervisor-22] [INFO] [1789488405.807372132] [robot_2.robot_supervisor]: Triggered uncontrollable event: EV_zone_b_reached
[balanced_delivery_supervisor-22] [INFO] [1789488405.831154610] [robot_2.robot_supervisor]: Selected controllable event: EV_search_zone
[balanced_delivery_supervisor-20] [INFO] [1789488405.927005683] [robot_0.robot_supervisor]: Selected controllable event: EV_search_zone
[balanced_delivery_supervisor-24] [INFO] [1789488406.020049789] [robot_1.robot_supervisor]: Selected controllable event: EV_move_forward
[balanced_delivery_supervisor-22] [INFO] [1789488406.023767214] [robot_2.robot_supervisor]: Selected controllable event: EV_move_forward
[balanced_delivery_supervisor-20] [INFO] [1789488406.040726734] [robot_0.robot_supervisor]: Selected controllable event: EV_move_forward
[balanced_delivery_supervisor-22] [INFO] [1789488406.228060090] [robot_2.robot_supervisor]: Selected controllable event: EV_move_forward
[balanced_delivery_supervisor-24] [INFO] [1789488406.243642796] [robot_1.robot_supervisor]: Selected controllable event: EV_approach_zone
[balanced_delivery_supervisor-20] [INFO] [1789488406.275436237] [robot_0.robot_supervisor]: Selected controllable event: EV_search_zone
[balanced_delivery_supervisor-24] [INFO] [1789488406.449423909] [robot_1.robot_supervisor]: Selected controllable event: EV_move_forward
[balanced_delivery_supervisor-20] [INFO] [1789488406.465841980] [robot_0.robot_supervisor]: Selected controllable event: EV_move_forward
[balanced_delivery_supervisor-22] [INFO] [1789488406.543525587] [robot_2.robot_supervisor]: Selected controllable event: EV_search_zone
[balanced_delivery_supervisor-24] [INFO] [1789488406.733164023] [robot_1.robot_supervisor]: Triggered uncontrollable event: EV_zone_a_visible
[balanced_delivery_supervisor-24] [INFO] [1789488406.737358718] [robot_1.robot_supervisor]: Triggered uncontrollable event: EV_zone_b_visible
[balanced_delivery_supervisor-22] [INFO] [1789488406.738867894] [robot_2.robot_supervisor]: Selected controllable event: EV_move_forward
[balanced_delivery_supervisor-24] [INFO] [1789488406.748309796] [robot_1.robot_supervisor]: Selected controllable event: EV_approach_zone
[balanced_delivery_supervisor-20] [INFO] [1789488406.753120764] [robot_0.robot_supervisor]: Triggered uncontrollable event: EV_zone_a_not_visible
[balanced_delivery_supervisor-20] [INFO] [1789488406.758600241] [robot_0.robot_supervisor]: Selected controllable event: EV_search_zone
[balanced_delivery_supervisor-20] [INFO] [1789488406.933451596] [robot_0.robot_supervisor]: Triggered uncontrollable event: EV_zone_b_not_visible
[balanced_delivery_supervisor-20] [INFO] [1789488406.934601189] [robot_0.robot_supervisor]: Selected controllable event: EV_move_forward
[balanced_delivery_supervisor-22] [INFO] [1789488407.026593066] [robot_2.robot_supervisor]: Triggered uncontrollable event: EV_zone_a_not_visible
[balanced_delivery_supervisor-22] [INFO] [1789488407.027489917] [robot_2.robot_supervisor]: Triggered uncontrollable event: EV_zone_b_not_visible
[balanced_delivery_supervisor-22] [INFO] [1789488407.028522690] [robot_2.robot_supervisor]: Selected controllable event: EV_search_zone
[balanced_delivery_supervisor-24] [INFO] [1789488407.028834693] [robot_1.robot_supervisor]: Selected controllable event: EV_approach_zone
[balanced_delivery_supervisor-22] [INFO] [1789488407.142879164] [robot_2.robot_supervisor]: Selected controllable event: EV_search_zone
[balanced_delivery_supervisor-20] [INFO] [1789488407.157566100] [robot_0.robot_supervisor]: Selected controllable event: EV_search_zone
[balanced_delivery_supervisor-22] [INFO] [1789488407.311619044] [robot_2.robot_supervisor]: Selected controllable event: EV_search_zone
[balanced_delivery_supervisor-24] [INFO] [1789488407.317269198] [robot_1.robot_supervisor]: Selected controllable event: EV_move_forward
[balanced_delivery_supervisor-20] [INFO] [1789488407.324830443] [robot_0.robot_supervisor]: Selected controllable event: EV_move_forward
[color_detector-27] [INFO] [1789488407.448592535] [robot_0.target_detector]: RGB HEARTBEAT frames_total=90 recent_rate_hz=1.046 last_frame_age_s=0.828 status=OK
[color_detector-31] [INFO] [1789488407.462748545] [robot_1.target_detector]: RGB HEARTBEAT frames_total=90 recent_rate_hz=1.047 last_frame_age_s=0.929 status=OK
[color_detector-29] [INFO] [1789488407.464994007] [robot_2.target_detector]: RGB HEARTBEAT frames_total=90 recent_rate_hz=1.045 last_frame_age_s=0.779 status=OK
[balanced_delivery_supervisor-24] [INFO] [1789488407.519147638] [robot_1.robot_supervisor]: Selected controllable event: EV_move_forward
[balanced_delivery_supervisor-22] [INFO] [1789488407.548211654] [robot_2.robot_supervisor]: Selected controllable event: EV_move_forward
[balanced_delivery_supervisor-20] [INFO] [1789488407.560060340] [robot_0.robot_supervisor]: Selected controllable event: EV_move_forward
[balanced_delivery_supervisor-24] [INFO] [1789488407.745039622] [robot_1.robot_supervisor]: Triggered uncontrollable event: EV_zone_a_visible
[balanced_delivery_supervisor-24] [INFO] [1789488407.751125832] [robot_1.robot_supervisor]: Triggered uncontrollable event: EV_zone_b_visible
[balanced_delivery_supervisor-24] [INFO] [1789488407.757924493] [robot_1.robot_supervisor]: Selected controllable event: EV_move_forward
[balanced_delivery_supervisor-22] [INFO] [1789488407.825753616] [robot_2.robot_supervisor]: Triggered uncontrollable event: EV_zone_a_not_visible
[balanced_delivery_supervisor-22] [INFO] [1789488407.833348720] [robot_2.robot_supervisor]: Selected controllable event: EV_search_zone
[balanced_delivery_supervisor-20] [INFO] [1789488407.839503805] [robot_0.robot_supervisor]: Triggered uncontrollable event: EV_zone_a_not_visible
[balanced_delivery_supervisor-20] [INFO] [1789488407.840304869] [robot_0.robot_supervisor]: Triggered uncontrollable event: EV_zone_b_not_visible
[balanced_delivery_supervisor-20] [INFO] [1789488407.841192740] [robot_0.robot_supervisor]: Selected controllable event: EV_move_forward
[balanced_delivery_supervisor-22] [INFO] [1789488408.016055436] [robot_2.robot_supervisor]: Triggered uncontrollable event: EV_zone_b_not_visible
[balanced_delivery_supervisor-22] [INFO] [1789488408.022246551] [robot_2.robot_supervisor]: Selected controllable event: EV_move_forward
[balanced_delivery_supervisor-24] [INFO] [1789488408.024362482] [robot_1.robot_supervisor]: Selected controllable event: EV_move_forward
[balanced_delivery_supervisor-20] [INFO] [1789488408.141596512] [robot_0.robot_supervisor]: Selected controllable event: EV_move_forward
[balanced_delivery_supervisor-24] [INFO] [1789488408.240662597] [robot_1.robot_supervisor]: Selected controllable event: EV_move_forward
[balanced_delivery_supervisor-22] [INFO] [1789488408.348422890] [robot_2.robot_supervisor]: Selected controllable event: EV_search_zone
[balanced_delivery_supervisor-20] [INFO] [1789488408.350130505] [robot_0.robot_supervisor]: Selected controllable event: EV_search_zone
[balanced_delivery_supervisor-22] [INFO] [1789488408.537425167] [robot_2.robot_supervisor]: Selected controllable event: EV_move_forward
[balanced_delivery_supervisor-24] [INFO] [1789488408.541617990] [robot_1.robot_supervisor]: Selected controllable event: EV_approach_zone
[balanced_delivery_supervisor-20] [INFO] [1789488408.565771086] [robot_0.robot_supervisor]: Selected controllable event: EV_search_zone
[balanced_delivery_supervisor-20] [INFO] [1789488408.748923966] [robot_0.robot_supervisor]: Triggered uncontrollable event: EV_zone_a_not_visible
[balanced_delivery_supervisor-20] [INFO] [1789488408.749783498] [robot_0.robot_supervisor]: Triggered uncontrollable event: EV_zone_b_not_visible
[balanced_delivery_supervisor-24] [INFO] [1789488408.758728921] [robot_1.robot_supervisor]: Triggered uncontrollable event: EV_zone_a_visible
[balanced_delivery_supervisor-24] [INFO] [1789488408.759635269] [robot_1.robot_supervisor]: Triggered uncontrollable event: EV_zone_b_visible
[balanced_delivery_supervisor-22] [INFO] [1789488408.760141027] [robot_2.robot_supervisor]: Selected controllable event: EV_move_forward
[balanced_delivery_supervisor-24] [INFO] [1789488408.767843982] [robot_1.robot_supervisor]: Selected controllable event: EV_approach_zone
[balanced_delivery_supervisor-20] [INFO] [1789488408.774930315] [robot_0.robot_supervisor]: Selected controllable event: EV_move_forward
[balanced_delivery_supervisor-22] [INFO] [1789488409.019692439] [robot_2.robot_supervisor]: Triggered uncontrollable event: EV_zone_a_not_visible
[balanced_delivery_supervisor-22] [INFO] [1789488409.027889159] [robot_2.robot_supervisor]: Triggered uncontrollable event: EV_zone_b_not_visible
[balanced_delivery_supervisor-22] [INFO] [1789488409.031041168] [robot_2.robot_supervisor]: Selected controllable event: EV_search_zone
[balanced_delivery_supervisor-24] [INFO] [1789488409.023345481] [robot_1.robot_supervisor]: Selected controllable event: EV_approach_zone
[balanced_delivery_supervisor-20] [INFO] [1789488409.041881178] [robot_0.robot_supervisor]: Selected controllable event: EV_move_forward
[balanced_delivery_supervisor-22] [INFO] [1789488409.219999411] [robot_2.robot_supervisor]: Selected controllable event: EV_search_zone
[balanced_delivery_supervisor-24] [INFO] [1789488409.240140212] [robot_1.robot_supervisor]: Selected controllable event: EV_approach_zone
[balanced_delivery_supervisor-20] [INFO] [1789488409.334275466] [robot_0.robot_supervisor]: Selected controllable event: EV_move_forward
[balanced_delivery_supervisor-22] [INFO] [1789488409.336515919] [robot_2.robot_supervisor]: Selected controllable event: EV_search_zone
[balanced_delivery_supervisor-24] [INFO] [1789488409.521455159] [robot_1.robot_supervisor]: Selected controllable event: EV_approach_zone
[balanced_delivery_supervisor-22] [INFO] [1789488409.526556568] [robot_2.robot_supervisor]: Selected controllable event: EV_search_zone
[balanced_delivery_supervisor-20] [INFO] [1789488409.553873082] [robot_0.robot_supervisor]: Selected controllable event: EV_search_zone
[balanced_delivery_supervisor-22] [INFO] [1789488409.637971753] [robot_2.robot_supervisor]: Selected controllable event: EV_move_forward
[balanced_delivery_supervisor-20] [INFO] [1789488409.665371167] [robot_0.robot_supervisor]: Selected controllable event: EV_search_zone
[balanced_delivery_supervisor-24] [INFO] [1789488409.822572777] [robot_1.robot_supervisor]: Triggered uncontrollable event: EV_zone_a_visible
[balanced_delivery_supervisor-24] [INFO] [1789488409.823456310] [robot_1.robot_supervisor]: Triggered uncontrollable event: EV_zone_b_visible
[balanced_delivery_supervisor-24] [INFO] [1789488409.824307047] [robot_1.robot_supervisor]: Selected controllable event: EV_move_forward
[balanced_delivery_supervisor-20] [INFO] [1789488409.845177325] [robot_0.robot_supervisor]: Triggered uncontrollable event: EV_zone_a_not_visible
[balanced_delivery_supervisor-20] [INFO] [1789488409.846105661] [robot_0.robot_supervisor]: Triggered uncontrollable event: EV_zone_b_not_visible
[balanced_delivery_supervisor-20] [INFO] [1789488409.869773255] [robot_0.robot_supervisor]: Selected controllable event: EV_search_zone
[balanced_delivery_supervisor-22] [INFO] [1789488409.918606685] [robot_2.robot_supervisor]: Triggered uncontrollable event: EV_zone_a_not_visible
[balanced_delivery_supervisor-22] [INFO] [1789488409.919431104] [robot_2.robot_supervisor]: Triggered uncontrollable event: EV_zone_b_not_visible
[balanced_delivery_supervisor-22] [INFO] [1789488409.930662302] [robot_2.robot_supervisor]: Selected controllable event: EV_move_forward
[balanced_delivery_supervisor-24] [INFO] [1789488410.035065296] [robot_1.robot_supervisor]: Selected controllable event: EV_move_forward
[balanced_delivery_supervisor-20] [INFO] [1789488410.053010518] [robot_0.robot_supervisor]: Selected controllable event: EV_move_forward
[balanced_delivery_supervisor-22] [INFO] [1789488410.208129028] [robot_2.robot_supervisor]: Selected controllable event: EV_search_zone
[balanced_delivery_supervisor-20] [INFO] [1789488410.318873750] [robot_0.robot_supervisor]: Selected controllable event: EV_move_forward
[balanced_delivery_supervisor-24] [INFO] [1789488410.329191110] [robot_1.robot_supervisor]: Selected controllable event: EV_move_forward
[balanced_delivery_supervisor-22] [INFO] [1789488410.331433859] [robot_2.robot_supervisor]: Selected controllable event: EV_search_zone
[balanced_delivery_supervisor-22] [INFO] [1789488410.531712453] [robot_2.robot_supervisor]: Selected controllable event: EV_search_zone
[balanced_delivery_supervisor-24] [INFO] [1789488410.541381029] [robot_1.robot_supervisor]: Triggered uncontrollable event: EV_obstacle_right
[balanced_delivery_supervisor-20] [INFO] [1789488410.545847746] [robot_0.robot_supervisor]: Selected controllable event: EV_search_zone
[balanced_delivery_supervisor-24] [INFO] [1789488410.553315871] [robot_1.robot_supervisor]: Selected controllable event: EV_u_turn
[balanced_delivery_supervisor-24] [INFO] [1789488410.566579935] [robot_1.robot_supervisor]: Starting FULL ROTATE (omega=1.000, have_odom=True, target_rad=3.142, timeout_s=3.500)
[balanced_delivery_supervisor-22] [INFO] [1789488410.706027076] [robot_2.robot_supervisor]: Selected controllable event: EV_search_zone
[balanced_delivery_supervisor-20] [INFO] [1789488410.739442110] [robot_0.robot_supervisor]: Triggered uncontrollable event: EV_zone_a_not_visible
[balanced_delivery_supervisor-20] [INFO] [1789488410.740141093] [robot_0.robot_supervisor]: Triggered uncontrollable event: EV_zone_b_not_visible
[balanced_delivery_supervisor-20] [INFO] [1789488410.741034312] [robot_0.robot_supervisor]: Selected controllable event: EV_move_forward
[balanced_delivery_supervisor-22] [INFO] [1789488410.934562228] [robot_2.robot_supervisor]: Triggered uncontrollable event: EV_zone_a_not_visible
[balanced_delivery_supervisor-22] [INFO] [1789488410.935306777] [robot_2.robot_supervisor]: Triggered uncontrollable event: EV_zone_b_not_visible
[balanced_delivery_supervisor-22] [INFO] [1789488410.951470081] [robot_2.robot_supervisor]: Selected controllable event: EV_move_forward
[balanced_delivery_supervisor-20] [INFO] [1789488411.052164774] [robot_0.robot_supervisor]: Selected controllable event: EV_search_zone
[balanced_delivery_supervisor-20] [INFO] [1789488411.220409239] [robot_0.robot_supervisor]: Selected controllable event: EV_move_forward
[balanced_delivery_supervisor-22] [INFO] [1789488411.235240878] [robot_2.robot_supervisor]: Selected controllable event: EV_move_forward
[balanced_delivery_supervisor-20] [INFO] [1789488411.453203650] [robot_0.robot_supervisor]: Selected controllable event: EV_search_zone
[balanced_delivery_supervisor-22] [INFO] [1789488411.512299832] [robot_2.robot_supervisor]: Selected controllable event: EV_move_forward
[balanced_delivery_supervisor-20] [INFO] [1789488411.642084506] [robot_0.robot_supervisor]: Triggered uncontrollable event: EV_zone_a_not_visible
[balanced_delivery_supervisor-20] [INFO] [1789488411.642828676] [robot_0.robot_supervisor]: Triggered uncontrollable event: EV_zone_b_not_visible
[balanced_delivery_supervisor-20] [INFO] [1789488411.643878217] [robot_0.robot_supervisor]: Selected controllable event: EV_search_zone
[balanced_delivery_supervisor-20] [INFO] [1789488411.748939943] [robot_0.robot_supervisor]: Selected controllable event: EV_search_zone
[balanced_delivery_supervisor-22] [INFO] [1789488411.824619552] [robot_2.robot_supervisor]: Triggered uncontrollable event: EV_zone_a_not_visible
[balanced_delivery_supervisor-22] [INFO] [1789488411.825539686] [robot_2.robot_supervisor]: Triggered uncontrollable event: EV_zone_b_not_visible
[balanced_delivery_supervisor-22] [INFO] [1789488411.826549893] [robot_2.robot_supervisor]: Selected controllable event: EV_move_forward
[balanced_delivery_supervisor-20] [INFO] [1789488411.955372593] [robot_0.robot_supervisor]: Selected controllable event: EV_move_forward
[balanced_delivery_supervisor-22] [INFO] [1789488412.035066840] [robot_2.robot_supervisor]: Selected controllable event: EV_search_zone
[balanced_delivery_supervisor-22] [INFO] [1789488412.229660988] [robot_2.robot_supervisor]: Selected controllable event: EV_move_forward
[balanced_delivery_supervisor-20] [INFO] [1789488412.234011048] [robot_0.robot_supervisor]: Selected controllable event: EV_search_zone
[balanced_delivery_supervisor-20] [INFO] [1789488412.370420909] [robot_0.robot_supervisor]: Selected controllable event: EV_move_forward
[balanced_delivery_supervisor-22] [INFO] [1789488412.446235798] [robot_2.robot_supervisor]: Selected controllable event: EV_move_forward
[balanced_delivery_supervisor-20] [INFO] [1789488412.633189822] [robot_0.robot_supervisor]: Triggered uncontrollable event: EV_zone_a_not_visible
[balanced_delivery_supervisor-20] [INFO] [1789488412.645148612] [robot_0.robot_supervisor]: Triggered uncontrollable event: EV_zone_b_not_visible
[balanced_delivery_supervisor-20] [INFO] [1789488412.649306492] [robot_0.robot_supervisor]: Selected controllable event: EV_move_forward
[balanced_delivery_supervisor-22] [INFO] [1789488412.732484190] [robot_2.robot_supervisor]: Triggered uncontrollable event: EV_zone_a_not_visible
[balanced_delivery_supervisor-22] [INFO] [1789488412.733312983] [robot_2.robot_supervisor]: Triggered uncontrollable event: EV_zone_b_not_visible
[balanced_delivery_supervisor-22] [INFO] [1789488412.742833519] [robot_2.robot_supervisor]: Selected controllable event: EV_search_zone
[balanced_delivery_supervisor-22] [INFO] [1789488412.924820269] [robot_2.robot_supervisor]: Selected controllable event: EV_search_zone
[balanced_delivery_supervisor-20] [INFO] [1789488412.947550322] [robot_0.robot_supervisor]: Selected controllable event: EV_search_zone
[balanced_delivery_supervisor-20] [INFO] [1789488413.140050378] [robot_0.robot_supervisor]: Selected controllable event: EV_search_zone
[balanced_delivery_supervisor-22] [INFO] [1789488413.141733717] [robot_2.robot_supervisor]: Selected controllable event: EV_search_zone
[balanced_delivery_supervisor-22] [INFO] [1789488413.325463823] [robot_2.robot_supervisor]: Selected controllable event: EV_move_forward
[balanced_delivery_supervisor-20] [INFO] [1789488413.350826687] [robot_0.robot_supervisor]: Triggered uncontrollable event: EV_zone_a_not_visible
[balanced_delivery_supervisor-20] [INFO] [1789488413.351582624] [robot_0.robot_supervisor]: Triggered uncontrollable event: EV_zone_b_not_visible
[balanced_delivery_supervisor-20] [INFO] [1789488413.358638927] [robot_0.robot_supervisor]: Selected controllable event: EV_search_zone
[balanced_delivery_supervisor-20] [INFO] [1789488413.531963262] [robot_0.robot_supervisor]: Selected controllable event: EV_search_zone
[balanced_delivery_supervisor-22] [INFO] [1789488413.637635615] [robot_2.robot_supervisor]: Triggered uncontrollable event: EV_zone_a_not_visible
[balanced_delivery_supervisor-22] [INFO] [1789488413.638380870] [robot_2.robot_supervisor]: Triggered uncontrollable event: EV_zone_b_not_visible
[balanced_delivery_supervisor-22] [INFO] [1789488413.648779825] [robot_2.robot_supervisor]: Selected controllable event: EV_search_zone
[balanced_delivery_supervisor-20] [INFO] [1789488413.742452934] [robot_0.robot_supervisor]: Selected controllable event: EV_move_forward
[balanced_delivery_supervisor-22] [INFO] [1789488413.824085264] [robot_2.robot_supervisor]: Selected controllable event: EV_search_zone
[balanced_delivery_supervisor-22] [INFO] [1789488414.026953018] [robot_2.robot_supervisor]: Selected controllable event: EV_move_forward
[balanced_delivery_supervisor-20] [INFO] [1789488414.041842690] [robot_0.robot_supervisor]: Selected controllable event: EV_move_forward
[balanced_delivery_supervisor-24] [INFO] [1789488414.118603210] [robot_1.robot_supervisor]: FULL ROTATE completed by timeout
[balanced_delivery_supervisor-20] [INFO] [1789488414.262612699] [robot_0.robot_supervisor]: Selected controllable event: EV_search_zone
[balanced_delivery_supervisor-22] [INFO] [1789488414.330111816] [robot_2.robot_supervisor]: Triggered uncontrollable event: EV_zone_a_not_visible
[balanced_delivery_supervisor-22] [INFO] [1789488414.335554656] [robot_2.robot_supervisor]: Selected controllable event: EV_search_zone
[balanced_delivery_supervisor-24] [INFO] [1789488414.437360210] [robot_1.robot_supervisor]: Triggered uncontrollable event: EV_zone_a_visible
[balanced_delivery_supervisor-24] [INFO] [1789488414.439306317] [robot_1.robot_supervisor]: Triggered uncontrollable event: EV_zone_b_visible
[balanced_delivery_supervisor-20] [INFO] [1789488414.443487536] [robot_0.robot_supervisor]: Triggered uncontrollable event: EV_zone_a_not_visible
[balanced_delivery_supervisor-24] [INFO] [1789488414.444700817] [robot_1.robot_supervisor]: Selected controllable event: EV_approach_zone
[balanced_delivery_supervisor-20] [INFO] [1789488414.449697963] [robot_0.robot_supervisor]: Triggered uncontrollable event: EV_zone_b_not_visible
[balanced_delivery_supervisor-20] [INFO] [1789488414.459766430] [robot_0.robot_supervisor]: Selected controllable event: EV_move_forward
[balanced_delivery_supervisor-22] [INFO] [1789488414.535704208] [robot_2.robot_supervisor]: Triggered uncontrollable event: EV_zone_b_not_visible
[balanced_delivery_supervisor-22] [INFO] [1789488414.548628641] [robot_2.robot_supervisor]: Selected controllable event: EV_search_zone
[balanced_delivery_supervisor-22] [INFO] [1789488414.724669006] [robot_2.robot_supervisor]: Selected controllable event: EV_move_forward
[balanced_delivery_supervisor-24] [INFO] [1789488414.737944212] [robot_1.robot_supervisor]: Selected controllable event: EV_approach_zone
[balanced_delivery_supervisor-20] [INFO] [1789488414.745412335] [robot_0.robot_supervisor]: Selected controllable event: EV_move_forward
[balanced_delivery_supervisor-22] [INFO] [1789488414.945705187] [robot_2.robot_supervisor]: Selected controllable event: EV_search_zone
[balanced_delivery_supervisor-20] [INFO] [1789488415.055840755] [robot_0.robot_supervisor]: Selected controllable event: EV_search_zone
[balanced_delivery_supervisor-24] [INFO] [1789488415.059527759] [robot_1.robot_supervisor]: Selected controllable event: EV_move_forward
[balanced_delivery_supervisor-22] [INFO] [1789488415.119737659] [robot_2.robot_supervisor]: Selected controllable event: EV_move_forward
[balanced_delivery_supervisor-20] [INFO] [1789488415.165166205] [robot_0.robot_supervisor]: Selected controllable event: EV_move_forward
[balanced_delivery_supervisor-22] [INFO] [1789488415.326585641] [robot_2.robot_supervisor]: Triggered uncontrollable event: EV_zone_a_not_visible
[balanced_delivery_supervisor-22] [INFO] [1789488415.327557824] [robot_2.robot_supervisor]: Selected controllable event: EV_move_forward
[balanced_delivery_supervisor-24] [INFO] [1789488415.333543605] [robot_1.robot_supervisor]: Triggered uncontrollable event: EV_zone_a_visible
[balanced_delivery_supervisor-24] [INFO] [1789488415.334320590] [robot_1.robot_supervisor]: Triggered uncontrollable event: EV_zone_b_visible
[balanced_delivery_supervisor-24] [INFO] [1789488415.335176606] [robot_1.robot_supervisor]: Selected controllable event: EV_move_forward
[balanced_delivery_supervisor-20] [INFO] [1789488415.448146120] [robot_0.robot_supervisor]: Triggered uncontrollable event: EV_zone_a_not_visible
[balanced_delivery_supervisor-20] [INFO] [1789488415.468176491] [robot_0.robot_supervisor]: Triggered uncontrollable event: EV_zone_b_not_visible
[balanced_delivery_supervisor-20] [INFO] [1789488415.469360960] [robot_0.robot_supervisor]: Selected controllable event: EV_move_forward
[balanced_delivery_supervisor-24] [INFO] [1789488415.554512733] [robot_1.robot_supervisor]: Selected controllable event: EV_approach_zone
[balanced_delivery_supervisor-22] [INFO] [1789488415.617690069] [robot_2.robot_supervisor]: Triggered uncontrollable event: EV_zone_b_not_visible
[balanced_delivery_supervisor-22] [INFO] [1789488415.618680005] [robot_2.robot_supervisor]: Selected controllable event: EV_move_forward
[balanced_delivery_supervisor-20] [INFO] [1789488415.749509743] [robot_0.robot_supervisor]: Selected controllable event: EV_move_forward
[balanced_delivery_supervisor-22] [INFO] [1789488415.823103226] [robot_2.robot_supervisor]: Selected controllable event: EV_search_zone
[balanced_delivery_supervisor-24] [INFO] [1789488415.863903183] [robot_1.robot_supervisor]: Selected controllable event: EV_move_forward
[balanced_delivery_supervisor-22] [INFO] [1789488415.930132432] [robot_2.robot_supervisor]: Selected controllable event: EV_search_zone
[balanced_delivery_supervisor-20] [INFO] [1789488416.072878889] [robot_0.robot_supervisor]: Selected controllable event: EV_move_forward
[balanced_delivery_supervisor-22] [INFO] [1789488416.124906644] [robot_2.robot_supervisor]: Selected controllable event: EV_search_zone
[balanced_delivery_supervisor-24] [INFO] [1789488416.127139606] [robot_1.robot_supervisor]: Triggered uncontrollable event: EV_zone_b_visible
[balanced_delivery_supervisor-24] [INFO] [1789488416.127904000] [robot_1.robot_supervisor]: Triggered uncontrollable event: EV_zone_a_not_visible
[balanced_delivery_supervisor-24] [INFO] [1789488416.129019857] [robot_1.robot_supervisor]: Selected controllable event: EV_move_forward
[balanced_delivery_supervisor-22] [INFO] [1789488416.239741665] [robot_2.robot_supervisor]: Triggered uncontrollable event: EV_zone_a_visible
[balanced_delivery_supervisor-22] [INFO] [1789488416.240757760] [robot_2.robot_supervisor]: Selected controllable event: EV_approach_zone
[balanced_delivery_supervisor-24] [INFO] [1789488416.342999805] [robot_1.robot_supervisor]: Selected controllable event: EV_approach_zone
[balanced_delivery_supervisor-20] [INFO] [1789488416.351152219] [robot_0.robot_supervisor]: Triggered uncontrollable event: EV_zone_a_not_visible
[balanced_delivery_supervisor-20] [INFO] [1789488416.351986569] [robot_0.robot_supervisor]: Triggered uncontrollable event: EV_zone_b_not_visible
[balanced_delivery_supervisor-20] [INFO] [1789488416.368286059] [robot_0.robot_supervisor]: Selected controllable event: EV_move_forward
[balanced_delivery_supervisor-22] [INFO] [1789488416.533791399] [robot_2.robot_supervisor]: Triggered uncontrollable event: EV_zone_b_not_visible
[balanced_delivery_supervisor-22] [INFO] [1789488416.534819592] [robot_2.robot_supervisor]: Selected controllable event: EV_move_forward
[balanced_delivery_supervisor-24] [INFO] [1789488416.614084107] [robot_1.robot_supervisor]: Selected controllable event: EV_move_forward
[balanced_delivery_supervisor-20] [INFO] [1789488416.640212086] [robot_0.robot_supervisor]: Selected controllable event: EV_search_zone
[balanced_delivery_supervisor-22] [INFO] [1789488416.737883232] [robot_2.robot_supervisor]: Selected controllable event: EV_move_forward
[color_detector-27] [INFO] [1789488416.775197154] [robot_0.target_detector]: RGB HEARTBEAT frames_total=100 recent_rate_hz=1.072 last_frame_age_s=0.744 status=OK
[color_detector-29] [INFO] [1789488416.775625976] [robot_2.target_detector]: RGB HEARTBEAT frames_total=100 recent_rate_hz=1.074 last_frame_age_s=0.687 status=OK
[color_detector-31] [INFO] [1789488416.781039896] [robot_1.target_detector]: RGB HEARTBEAT frames_total=100 recent_rate_hz=1.073 last_frame_age_s=0.832 status=OK
[balanced_delivery_supervisor-24] [INFO] [1789488416.828195382] [robot_1.robot_supervisor]: Selected controllable event: EV_approach_zone
[balanced_delivery_supervisor-20] [INFO] [1789488416.829412047] [robot_0.robot_supervisor]: Selected controllable event: EV_search_zone
[balanced_delivery_supervisor-20] [INFO] [1789488416.943048533] [robot_0.robot_supervisor]: Triggered uncontrollable event: EV_obstacle_left
[balanced_delivery_supervisor-20] [INFO] [1789488416.943969128] [robot_0.robot_supervisor]: Selected controllable event: EV_u_turn
[balanced_delivery_supervisor-20] [INFO] [1789488416.944734799] [robot_0.robot_supervisor]: Starting FULL ROTATE (omega=1.000, have_odom=True, target_rad=3.142, timeout_s=3.500)
[balanced_delivery_supervisor-22] [INFO] [1789488417.033415754] [robot_2.robot_supervisor]: Selected controllable event: EV_approach_zone
[balanced_delivery_supervisor-24] [INFO] [1789488417.135282003] [robot_1.robot_supervisor]: Triggered uncontrollable event: EV_zone_a_not_visible
[balanced_delivery_supervisor-24] [INFO] [1789488417.141269097] [robot_1.robot_supervisor]: Triggered uncontrollable event: EV_obstacle_left
[balanced_delivery_supervisor-24] [INFO] [1789488417.144751627] [robot_1.robot_supervisor]: Triggered uncontrollable event: EV_zone_b_not_visible
[balanced_delivery_supervisor-24] [INFO] [1789488417.153633999] [robot_1.robot_supervisor]: Selected controllable event: EV_u_turn
[balanced_delivery_supervisor-24] [INFO] [1789488417.156843874] [robot_1.robot_supervisor]: Starting FULL ROTATE (omega=1.000, have_odom=True, target_rad=3.142, timeout_s=3.500)
[balanced_delivery_supervisor-22] [INFO] [1789488417.337712319] [robot_2.robot_supervisor]: Triggered uncontrollable event: EV_zone_a_visible
[balanced_delivery_supervisor-22] [INFO] [1789488417.344027456] [robot_2.robot_supervisor]: Triggered uncontrollable event: EV_zone_b_not_visible
[balanced_delivery_supervisor-22] [INFO] [1789488417.353576874] [robot_2.robot_supervisor]: Selected controllable event: EV_move_forward
[balanced_delivery_supervisor-22] [INFO] [1789488417.625538495] [robot_2.robot_supervisor]: Selected controllable event: EV_move_forward
[balanced_delivery_supervisor-22] [INFO] [1789488417.934061002] [robot_2.robot_supervisor]: Triggered uncontrollable event: EV_zone_a_visible
[balanced_delivery_supervisor-22] [INFO] [1789488417.937088067] [robot_2.robot_supervisor]: Triggered uncontrollable event: EV_zone_b_not_visible
[balanced_delivery_supervisor-22] [INFO] [1789488417.941042616] [robot_2.robot_supervisor]: Selected controllable event: EV_move_forward
[balanced_delivery_supervisor-22] [INFO] [1789488418.228723208] [robot_2.robot_supervisor]: Selected controllable event: EV_move_forward
[balanced_delivery_supervisor-22] [INFO] [1789488418.438709504] [robot_2.robot_supervisor]: Selected controllable event: EV_approach_zone
[balanced_delivery_supervisor-22] [INFO] [1789488418.717234149] [robot_2.robot_supervisor]: Selected controllable event: EV_approach_zone
[balanced_delivery_supervisor-22] [INFO] [1789488419.017467640] [robot_2.robot_supervisor]: Triggered uncontrollable event: EV_zone_a_visible
[balanced_delivery_supervisor-22] [INFO] [1789488419.023760531] [robot_2.robot_supervisor]: Triggered uncontrollable event: EV_zone_b_not_visible
[balanced_delivery_supervisor-22] [INFO] [1789488419.033661963] [robot_2.robot_supervisor]: Selected controllable event: EV_move_forward
[balanced_delivery_supervisor-22] [INFO] [1789488419.334889063] [robot_2.robot_supervisor]: Selected controllable event: EV_approach_zone
[balanced_delivery_supervisor-22] [INFO] [1789488419.634202891] [robot_2.robot_supervisor]: Selected controllable event: EV_approach_zone
[balanced_delivery_supervisor-22] [INFO] [1789488419.845132192] [robot_2.robot_supervisor]: Selected controllable event: EV_approach_zone
[balanced_delivery_supervisor-22] [INFO] [1789488420.117141160] [robot_2.robot_supervisor]: Triggered uncontrollable event: EV_zone_a_visible
[balanced_delivery_supervisor-22] [INFO] [1789488420.117810214] [robot_2.robot_supervisor]: Triggered uncontrollable event: EV_zone_b_not_visible
[balanced_delivery_supervisor-22] [INFO] [1789488420.118779171] [robot_2.robot_supervisor]: Selected controllable event: EV_approach_zone
[balanced_delivery_supervisor-22] [INFO] [1789488420.405881563] [robot_2.robot_supervisor]: Selected controllable event: EV_move_forward
[balanced_delivery_supervisor-20] [INFO] [1789488420.468628049] [robot_0.robot_supervisor]: FULL ROTATE completed by timeout
[balanced_delivery_supervisor-22] [INFO] [1789488420.629072741] [robot_2.robot_supervisor]: Triggered uncontrollable event: EV_zone_a_visible
[balanced_delivery_supervisor-22] [INFO] [1789488420.630075615] [robot_2.robot_supervisor]: Selected controllable event: EV_move_forward
[balanced_delivery_supervisor-24] [INFO] [1789488420.717992130] [robot_1.robot_supervisor]: FULL ROTATE completed by timeout
[balanced_delivery_supervisor-20] [INFO] [1789488420.740968244] [robot_0.robot_supervisor]: Triggered uncontrollable event: EV_zone_a_visible
[balanced_delivery_supervisor-20] [INFO] [1789488420.747437366] [robot_0.robot_supervisor]: Triggered uncontrollable event: EV_zone_b_visible
[balanced_delivery_supervisor-20] [INFO] [1789488420.753086370] [robot_0.robot_supervisor]: Selected controllable event: EV_approach_zone
[balanced_delivery_supervisor-24] [INFO] [1789488420.919907161] [robot_1.robot_supervisor]: Triggered uncontrollable event: EV_zone_a_not_visible
[balanced_delivery_supervisor-24] [INFO] [1789488420.920656250] [robot_1.robot_supervisor]: Triggered uncontrollable event: EV_obstacle_right
[balanced_delivery_supervisor-22] [INFO] [1789488420.928898551] [robot_2.robot_supervisor]: Triggered uncontrollable event: EV_zone_b_not_visible
[balanced_delivery_supervisor-22] [INFO] [1789488420.929749871] [robot_2.robot_supervisor]: Selected controllable event: EV_move_forward
[balanced_delivery_supervisor-24] [INFO] [1789488420.937674205] [robot_1.robot_supervisor]: Triggered uncontrollable event: EV_zone_b_not_visible
[balanced_delivery_supervisor-24] [INFO] [1789488420.938557334] [robot_1.robot_supervisor]: Selected controllable event: EV_rotate_counterclockwise
[balanced_delivery_supervisor-24] [WARN] [1789488420.939367647] [robot_1.robot_supervisor]: no translation for 4.1s livelock detected; starting atomic escape (turn_sign=+1)
[balanced_delivery_supervisor-20] [INFO] [1789488421.046666149] [robot_0.robot_supervisor]: Selected controllable event: EV_approach_zone
[balanced_delivery_supervisor-22] [INFO] [1789488421.246401066] [robot_2.robot_supervisor]: Selected controllable event: EV_move_forward
[balanced_delivery_supervisor-20] [INFO] [1789488421.337712571] [robot_0.robot_supervisor]: Selected controllable event: EV_move_forward
[balanced_delivery_supervisor-22] [INFO] [1789488421.517417955] [robot_2.robot_supervisor]: Triggered uncontrollable event: EV_zone_a_visible
[balanced_delivery_supervisor-22] [INFO] [1789488421.523798543] [robot_2.robot_supervisor]: Selected controllable event: EV_move_forward
[balanced_delivery_supervisor-20] [INFO] [1789488421.636895226] [robot_0.robot_supervisor]: Triggered uncontrollable event: EV_zone_a_visible
[balanced_delivery_supervisor-20] [INFO] [1789488421.637629652] [robot_0.robot_supervisor]: Triggered uncontrollable event: EV_zone_b_visible
[balanced_delivery_supervisor-20] [INFO] [1789488421.638523976] [robot_0.robot_supervisor]: Selected controllable event: EV_move_forward
[balanced_delivery_supervisor-22] [INFO] [1789488421.827165678] [robot_2.robot_supervisor]: Triggered uncontrollable event: EV_zone_b_not_visible
[balanced_delivery_supervisor-22] [INFO] [1789488421.839133313] [robot_2.robot_supervisor]: Selected controllable event: EV_move_forward
[balanced_delivery_supervisor-20] [INFO] [1789488421.854532037] [robot_0.robot_supervisor]: Selected controllable event: EV_approach_zone
[balanced_delivery_supervisor-22] [INFO] [1789488422.118256842] [robot_2.robot_supervisor]: Selected controllable event: EV_approach_zone
[balanced_delivery_supervisor-20] [INFO] [1789488422.135845439] [robot_0.robot_supervisor]: Selected controllable event: EV_move_forward
[balanced_delivery_supervisor-20] [INFO] [1789488422.348284548] [robot_0.robot_supervisor]: Triggered uncontrollable event: EV_zone_a_visible
[balanced_delivery_supervisor-20] [INFO] [1789488422.349155116] [robot_0.robot_supervisor]: Triggered uncontrollable event: EV_zone_b_visible
[balanced_delivery_supervisor-20] [INFO] [1789488422.350055991] [robot_0.robot_supervisor]: Selected controllable event: EV_move_forward
[balanced_delivery_supervisor-22] [INFO] [1789488422.419053841] [robot_2.robot_supervisor]: Triggered uncontrollable event: EV_zone_a_visible
[balanced_delivery_supervisor-22] [INFO] [1789488422.427661510] [robot_2.robot_supervisor]: Triggered uncontrollable event: EV_zone_b_not_visible
[balanced_delivery_supervisor-22] [INFO] [1789488422.428491404] [robot_2.robot_supervisor]: Selected controllable event: EV_move_forward
[balanced_delivery_supervisor-20] [INFO] [1789488422.629421664] [robot_0.robot_supervisor]: Selected controllable event: EV_move_forward
[balanced_delivery_supervisor-22] [INFO] [1789488422.751391784] [robot_2.robot_supervisor]: Selected controllable event: EV_approach_zone
[balanced_delivery_supervisor-20] [INFO] [1789488422.930747169] [robot_0.robot_supervisor]: Selected controllable event: EV_approach_zone
[balanced_delivery_supervisor-22] [INFO] [1789488423.016136567] [robot_2.robot_supervisor]: Selected controllable event: EV_approach_zone
[balanced_delivery_supervisor-20] [INFO] [1789488423.248722272] [robot_0.robot_supervisor]: Triggered uncontrollable event: EV_zone_a_visible
[balanced_delivery_supervisor-20] [INFO] [1789488423.253846511] [robot_0.robot_supervisor]: Triggered uncontrollable event: EV_zone_b_visible
[balanced_delivery_supervisor-20] [INFO] [1789488423.260805646] [robot_0.robot_supervisor]: Selected controllable event: EV_move_forward
[balanced_delivery_supervisor-22] [INFO] [1789488423.327383339] [robot_2.robot_supervisor]: Triggered uncontrollable event: EV_zone_a_visible
[balanced_delivery_supervisor-22] [INFO] [1789488423.340461412] [robot_2.robot_supervisor]: Triggered uncontrollable event: EV_zone_b_not_visible
[balanced_delivery_supervisor-22] [INFO] [1789488423.341542193] [robot_2.robot_supervisor]: Selected controllable event: EV_move_forward
[balanced_delivery_supervisor-24] [INFO] [1789488423.426528350] [robot_1.robot_supervisor]: Zone-livelock escape completed
[balanced_delivery_supervisor-20] [INFO] [1789488423.531524257] [robot_0.robot_supervisor]: Selected controllable event: EV_move_forward
[balanced_delivery_supervisor-22] [INFO] [1789488423.605620335] [robot_2.robot_supervisor]: Selected controllable event: EV_move_forward
[balanced_delivery_supervisor-24] [INFO] [1789488423.628967111] [robot_1.robot_supervisor]: Triggered uncontrollable event: EV_zone_a_not_visible
[balanced_delivery_supervisor-24] [INFO] [1789488423.636248452] [robot_1.robot_supervisor]: Triggered uncontrollable event: EV_zone_b_not_visible
[balanced_delivery_supervisor-24] [INFO] [1789488423.643194005] [robot_1.robot_supervisor]: Selected controllable event: EV_move_forward
[balanced_delivery_supervisor-20] [INFO] [1789488423.760342046] [robot_0.robot_supervisor]: Selected controllable event: EV_approach_zone
[balanced_delivery_supervisor-22] [INFO] [1789488423.837471705] [robot_2.robot_supervisor]: Selected controllable event: EV_move_forward
[balanced_delivery_supervisor-24] [INFO] [1789488423.934739362] [robot_1.robot_supervisor]: Triggered uncontrollable event: EV_zone_a_not_visible
[balanced_delivery_supervisor-24] [INFO] [1789488423.935775730] [robot_1.robot_supervisor]: Selected controllable event: EV_move_forward
[balanced_delivery_supervisor-20] [INFO] [1789488424.032527653] [robot_0.robot_supervisor]: Triggered uncontrollable event: EV_zone_a_visible
[balanced_delivery_supervisor-20] [INFO] [1789488424.042729041] [robot_0.robot_supervisor]: Selected controllable event: EV_approach_zone
[balanced_delivery_supervisor-22] [INFO] [1789488424.117738132] [robot_2.robot_supervisor]: Triggered uncontrollable event: EV_zone_a_visible
[balanced_delivery_supervisor-22] [INFO] [1789488424.124125645] [robot_2.robot_supervisor]: Selected controllable event: EV_move_forward
[balanced_delivery_supervisor-24] [INFO] [1789488424.224182542] [robot_1.robot_supervisor]: Triggered uncontrollable event: EV_zone_b_not_visible
[balanced_delivery_supervisor-24] [INFO] [1789488424.232501948] [robot_1.robot_supervisor]: Selected controllable event: EV_search_zone
[balanced_delivery_supervisor-22] [INFO] [1789488424.330383222] [robot_2.robot_supervisor]: Triggered uncontrollable event: EV_zone_b_not_visible
[balanced_delivery_supervisor-22] [INFO] [1789488424.341530556] [robot_2.robot_supervisor]: Selected controllable event: EV_approach_zone
[balanced_delivery_supervisor-20] [INFO] [1789488424.346438774] [robot_0.robot_supervisor]: Triggered uncontrollable event: EV_zone_b_visible
[balanced_delivery_supervisor-20] [INFO] [1789488424.349287109] [robot_0.robot_supervisor]: Selected controllable event: EV_move_forward
[balanced_delivery_supervisor-24] [INFO] [1789488424.440685445] [robot_1.robot_supervisor]: Selected controllable event: EV_search_zone
[balanced_delivery_supervisor-22] [INFO] [1789488424.612080608] [robot_2.robot_supervisor]: Selected controllable event: EV_approach_zone
[balanced_delivery_supervisor-24] [INFO] [1789488424.621317991] [robot_1.robot_supervisor]: Selected controllable event: EV_move_forward
[balanced_delivery_supervisor-20] [INFO] [1789488424.666706431] [robot_0.robot_supervisor]: Selected controllable event: EV_move_forward
[balanced_delivery_supervisor-22] [INFO] [1789488424.820832896] [robot_2.robot_supervisor]: Selected controllable event: EV_approach_zone
[balanced_delivery_supervisor-24] [INFO] [1789488424.853588526] [robot_1.robot_supervisor]: Triggered uncontrollable event: EV_zone_a_not_visible
[balanced_delivery_supervisor-24] [INFO] [1789488424.854435483] [robot_1.robot_supervisor]: Selected controllable event: EV_move_forward
[balanced_delivery_supervisor-20] [INFO] [1789488424.958293384] [robot_0.robot_supervisor]: Selected controllable event: EV_approach_zone
[balanced_delivery_supervisor-24] [INFO] [1789488425.127640270] [robot_1.robot_supervisor]: Triggered uncontrollable event: EV_zone_b_not_visible
[balanced_delivery_supervisor-22] [INFO] [1789488425.128699372] [robot_2.robot_supervisor]: Triggered uncontrollable event: EV_zone_b_not_visible
[balanced_delivery_supervisor-24] [INFO] [1789488425.136663781] [robot_1.robot_supervisor]: Selected controllable event: EV_move_forward
[balanced_delivery_supervisor-22] [INFO] [1789488425.140491806] [robot_2.robot_supervisor]: Triggered uncontrollable event: EV_zone_a_reached
[balanced_delivery_supervisor-22] [INFO] [1789488425.146750096] [robot_2.robot_supervisor]: Selected controllable event: EV_move_forward
[balanced_delivery_supervisor-20] [INFO] [1789488425.246128143] [robot_0.robot_supervisor]: Triggered uncontrollable event: EV_zone_b_visible
[balanced_delivery_supervisor-20] [INFO] [1789488425.248396658] [robot_0.robot_supervisor]: Triggered uncontrollable event: EV_zone_a_not_visible
[balanced_delivery_supervisor-20] [INFO] [1789488425.258222487] [robot_0.robot_supervisor]: Selected controllable event: EV_move_forward
[balanced_delivery_supervisor-24] [INFO] [1789488425.419379252] [robot_1.robot_supervisor]: Selected controllable event: EV_move_forward
[color_detector-27] [INFO] [1789488425.423607168] [robot_0.target_detector]: RGB HEARTBEAT frames_total=110 recent_rate_hz=1.156 last_frame_age_s=0.481 status=OK
[balanced_delivery_supervisor-22] [INFO] [1789488425.429207111] [robot_2.robot_supervisor]: Selected controllable event: EV_move_forward
[color_detector-29] [INFO] [1789488425.446774515] [robot_2.target_detector]: RGB HEARTBEAT frames_total=110 recent_rate_hz=1.153 last_frame_age_s=0.444 status=OK
[color_detector-31] [INFO] [1789488425.447095008] [robot_1.target_detector]: RGB HEARTBEAT frames_total=110 recent_rate_hz=1.155 last_frame_age_s=0.669 status=OK
[balanced_delivery_supervisor-20] [INFO] [1789488425.562788968] [robot_0.robot_supervisor]: Selected controllable event: EV_approach_zone
[balanced_delivery_supervisor-24] [INFO] [1789488425.637253151] [robot_1.robot_supervisor]: Triggered uncontrollable event: EV_zone_a_not_visible
[balanced_delivery_supervisor-24] [INFO] [1789488425.638008136] [robot_1.robot_supervisor]: Triggered uncontrollable event: EV_zone_b_not_visible
[balanced_delivery_supervisor-24] [INFO] [1789488425.638901778] [robot_1.robot_supervisor]: Selected controllable event: EV_search_zone
[balanced_delivery_supervisor-22] [INFO] [1789488425.721197532] [robot_2.robot_supervisor]: DELIVERED zone_a; balance=zone_a_has_extra
[balanced_delivery_supervisor-22] [INFO] [1789488425.725000450] [robot_2.robot_supervisor]: Triggered uncontrollable event: EV_zone_a_reached
[balanced_delivery_supervisor-22] [INFO] [1789488425.733146323] [robot_2.robot_supervisor]: Selected controllable event: EV_drop_zone_a
[balanced_delivery_supervisor-20] [INFO] [1789488425.757013286] [robot_0.robot_supervisor]: RECEIVED zone_a; balance=zone_a_has_extra
[balanced_delivery_supervisor-24] [INFO] [1789488425.760367383] [robot_1.robot_supervisor]: RECEIVED zone_a; balance=zone_a_has_extra
[balanced_delivery_supervisor-22] [INFO] [1789488425.782724165] [robot_2.robot_supervisor]: Delivered cargo 'robot_2_carried_generic_box' removed.
[balanced_delivery_supervisor-24] [INFO] [1789488425.817071653] [robot_1.robot_supervisor]: Triggered uncontrollable event: EV_received_delivered_zone_a
[balanced_delivery_supervisor-22] [INFO] [1789488425.819121082] [robot_2.robot_supervisor]: Selected controllable event: EV_publish_delivered_zone_a
[balanced_delivery_supervisor-24] [INFO] [1789488425.824983112] [robot_1.robot_supervisor]: Selected controllable event: EV_move_forward
[balanced_delivery_supervisor-20] [INFO] [1789488425.853701381] [robot_0.robot_supervisor]: Triggered uncontrollable event: EV_zone_b_visible
[balanced_delivery_supervisor-20] [INFO] [1789488425.854439908] [robot_0.robot_supervisor]: Triggered uncontrollable event: EV_zone_a_not_visible
[balanced_delivery_supervisor-20] [INFO] [1789488425.855111325] [robot_0.robot_supervisor]: Triggered uncontrollable event: EV_received_delivered_zone_a
[balanced_delivery_supervisor-20] [INFO] [1789488425.870778223] [robot_0.robot_supervisor]: Selected controllable event: EV_approach_zone
[balanced_delivery_supervisor-22] [INFO] [1789488425.907302961] [robot_2.robot_supervisor]: Selected controllable event: EV_search_object
[balanced_delivery_supervisor-22] [INFO] [1789488426.129537999] [robot_2.robot_supervisor]: Selected controllable event: EV_search_object
[balanced_delivery_supervisor-24] [INFO] [1789488426.133803843] [robot_1.robot_supervisor]: Selected controllable event: EV_search_zone
[balanced_delivery_supervisor-20] [INFO] [1789488426.144990374] [robot_0.robot_supervisor]: Selected controllable event: EV_approach_zone
[balanced_delivery_supervisor-22] [INFO] [1789488426.327833495] [robot_2.robot_supervisor]: Selected controllable event: EV_search_object
[balanced_delivery_supervisor-24] [INFO] [1789488426.327586194] [robot_1.robot_supervisor]: Selected controllable event: EV_move_forward
[balanced_delivery_supervisor-20] [INFO] [1789488426.355018198] [robot_0.robot_supervisor]: Selected controllable event: EV_approach_zone
[balanced_delivery_supervisor-22] [INFO] [1789488426.515381594] [robot_2.robot_supervisor]: Selected controllable event: EV_search_object
[balanced_delivery_supervisor-24] [INFO] [1789488426.613822744] [robot_1.robot_supervisor]: Triggered uncontrollable event: EV_zone_a_not_visible
[balanced_delivery_supervisor-24] [INFO] [1789488426.620572938] [robot_1.robot_supervisor]: Triggered uncontrollable event: EV_zone_b_not_visible
[balanced_delivery_supervisor-24] [INFO] [1789488426.624769817] [robot_1.robot_supervisor]: Selected controllable event: EV_search_zone
[balanced_delivery_supervisor-20] [INFO] [1789488426.642250208] [robot_0.robot_supervisor]: Triggered uncontrollable event: EV_zone_a_visible
[balanced_delivery_supervisor-20] [INFO] [1789488426.658227064] [robot_0.robot_supervisor]: Triggered uncontrollable event: EV_zone_b_visible
[balanced_delivery_supervisor-20] [INFO] [1789488426.665041711] [robot_0.robot_supervisor]: Selected controllable event: EV_approach_zone
[balanced_delivery_supervisor-22] [INFO] [1789488426.739595162] [robot_2.robot_supervisor]: Triggered uncontrollable event: EV_obstacle_front
[balanced_delivery_supervisor-22] [INFO] [1789488426.746152830] [robot_2.robot_supervisor]: Triggered uncontrollable event: EV_object_not_visible
[balanced_delivery_supervisor-24] [INFO] [1789488426.744001114] [robot_1.robot_supervisor]: Selected controllable event: EV_move_forward
[balanced_delivery_supervisor-22] [INFO] [1789488426.754883077] [robot_2.robot_supervisor]: Selected controllable event: EV_rotate_clockwise
[balanced_delivery_supervisor-22] [INFO] [1789488426.904426519] [robot_2.robot_supervisor]: Triggered uncontrollable event: EV_obstacle_front
[balanced_delivery_supervisor-22] [INFO] [1789488426.913730700] [robot_2.robot_supervisor]: Selected controllable event: EV_move_backward
[balanced_delivery_supervisor-20] [INFO] [1789488426.939224017] [robot_0.robot_supervisor]: Selected controllable event: EV_approach_zone
[balanced_delivery_supervisor-24] [INFO] [1789488427.017434195] [robot_1.robot_supervisor]: Selected controllable event: EV_move_forward
[balanced_delivery_supervisor-22] [INFO] [1789488427.204525498] [robot_2.robot_supervisor]: Triggered uncontrollable event: EV_obstacle_front
[balanced_delivery_supervisor-22] [INFO] [1789488427.208691036] [robot_2.robot_supervisor]: Selected controllable event: EV_rotate_clockwise
[balanced_delivery_supervisor-20] [INFO] [1789488427.228266059] [robot_0.robot_supervisor]: Selected controllable event: EV_move_forward
[balanced_delivery_supervisor-24] [INFO] [1789488427.236943881] [robot_1.robot_supervisor]: Selected controllable event: EV_search_zone
[balanced_delivery_supervisor-24] [INFO] [1789488427.339348251] [robot_1.robot_supervisor]: Selected controllable event: EV_move_forward
[balanced_delivery_supervisor-22] [INFO] [1789488427.420883220] [robot_2.robot_supervisor]: Triggered uncontrollable event: EV_obstacle_front
[balanced_delivery_supervisor-22] [INFO] [1789488427.421824158] [robot_2.robot_supervisor]: Selected controllable event: EV_rotate_clockwise
[balanced_delivery_supervisor-20] [INFO] [1789488427.556553177] [robot_0.robot_supervisor]: Selected controllable event: EV_approach_zone
[balanced_delivery_supervisor-22] [INFO] [1789488427.627392624] [robot_2.robot_supervisor]: Triggered uncontrollable event: EV_obstacle_front
[balanced_delivery_supervisor-22] [INFO] [1789488427.628339272] [robot_2.robot_supervisor]: Selected controllable event: EV_u_turn
[balanced_delivery_supervisor-22] [INFO] [1789488427.641133092] [robot_2.robot_supervisor]: Starting FULL ROTATE (omega=1.000, have_odom=True, target_rad=3.142, timeout_s=3.500)
[balanced_delivery_supervisor-24] [INFO] [1789488427.637861040] [robot_1.robot_supervisor]: Triggered uncontrollable event: EV_zone_a_not_visible
[balanced_delivery_supervisor-24] [INFO] [1789488427.638696043] [robot_1.robot_supervisor]: Triggered uncontrollable event: EV_zone_b_not_visible
[balanced_delivery_supervisor-24] [INFO] [1789488427.659663169] [robot_1.robot_supervisor]: Selected controllable event: EV_move_forward
[balanced_delivery_supervisor-20] [INFO] [1789488427.846427417] [robot_0.robot_supervisor]: Triggered uncontrollable event: EV_zone_a_visible
[balanced_delivery_supervisor-20] [INFO] [1789488427.851655158] [robot_0.robot_supervisor]: Triggered uncontrollable event: EV_zone_b_visible
[balanced_delivery_supervisor-20] [INFO] [1789488427.859117060] [robot_0.robot_supervisor]: Selected controllable event: EV_move_forward
[balanced_delivery_supervisor-24] [INFO] [1789488427.920181838] [robot_1.robot_supervisor]: Selected controllable event: EV_search_zone
[balanced_delivery_supervisor-24] [INFO] [1789488428.127133954] [robot_1.robot_supervisor]: Selected controllable event: EV_search_zone
[balanced_delivery_supervisor-20] [INFO] [1789488428.143338687] [robot_0.robot_supervisor]: Selected controllable event: EV_approach_zone
[balanced_delivery_supervisor-24] [INFO] [1789488428.319765577] [robot_1.robot_supervisor]: Triggered uncontrollable event: EV_obstacle_left
[balanced_delivery_supervisor-24] [INFO] [1789488428.320710727] [robot_1.robot_supervisor]: Selected controllable event: EV_rotate_clockwise
[balanced_delivery_supervisor-24] [INFO] [1789488428.425497613] [robot_1.robot_supervisor]: Triggered uncontrollable event: EV_zone_a_not_visible
[balanced_delivery_supervisor-20] [INFO] [1789488428.433499443] [robot_0.robot_supervisor]: Selected controllable event: EV_move_forward
[balanced_delivery_supervisor-24] [INFO] [1789488428.433811699] [robot_1.robot_supervisor]: Triggered uncontrollable event: EV_obstacle_left
[balanced_delivery_supervisor-24] [INFO] [1789488428.447555075] [robot_1.robot_supervisor]: Triggered uncontrollable event: EV_zone_b_not_visible
[balanced_delivery_supervisor-24] [INFO] [1789488428.452329551] [robot_1.robot_supervisor]: Selected controllable event: EV_rotate_clockwise
[balanced_delivery_supervisor-24] [INFO] [1789488428.621487043] [robot_1.robot_supervisor]: Triggered uncontrollable event: EV_obstacle_left
[balanced_delivery_supervisor-24] [INFO] [1789488428.628817273] [robot_1.robot_supervisor]: Selected controllable event: EV_rotate_clockwise
[balanced_delivery_supervisor-20] [INFO] [1789488428.730542882] [robot_0.robot_supervisor]: Triggered uncontrollable event: EV_zone_a_visible
[balanced_delivery_supervisor-20] [INFO] [1789488428.739169975] [robot_0.robot_supervisor]: Triggered uncontrollable event: EV_zone_b_visible
[balanced_delivery_supervisor-20] [INFO] [1789488428.740082445] [robot_0.robot_supervisor]: Selected controllable event: EV_approach_zone
[balanced_delivery_supervisor-24] [INFO] [1789488428.818370844] [robot_1.robot_supervisor]: Triggered uncontrollable event: EV_obstacle_left
[balanced_delivery_supervisor-24] [INFO] [1789488428.820448569] [robot_1.robot_supervisor]: Selected controllable event: EV_rotate_clockwise
[balanced_delivery_supervisor-24] [INFO] [1789488429.030010135] [robot_1.robot_supervisor]: Triggered uncontrollable event: EV_obstacle_left
[balanced_delivery_supervisor-24] [INFO] [1789488429.040776441] [robot_1.robot_supervisor]: Selected controllable event: EV_u_turn
[balanced_delivery_supervisor-24] [INFO] [1789488429.041578297] [robot_1.robot_supervisor]: Starting FULL ROTATE (omega=1.000, have_odom=True, target_rad=3.142, timeout_s=3.500)
[balanced_delivery_supervisor-20] [INFO] [1789488429.059120522] [robot_0.robot_supervisor]: Selected controllable event: EV_approach_zone
[balanced_delivery_supervisor-20] [INFO] [1789488429.326103007] [robot_0.robot_supervisor]: Triggered uncontrollable event: EV_zone_a_visible
[balanced_delivery_supervisor-20] [INFO] [1789488429.344971405] [robot_0.robot_supervisor]: Selected controllable event: EV_approach_zone
[balanced_delivery_supervisor-20] [INFO] [1789488429.643313731] [robot_0.robot_supervisor]: Triggered uncontrollable event: EV_zone_b_visible
[balanced_delivery_supervisor-20] [INFO] [1789488429.644412239] [robot_0.robot_supervisor]: Selected controllable event: EV_approach_zone
[balanced_delivery_supervisor-20] [INFO] [1789488429.929775268] [robot_0.robot_supervisor]: Selected controllable event: EV_move_forward
[balanced_delivery_supervisor-20] [INFO] [1789488430.152374673] [robot_0.robot_supervisor]: Triggered uncontrollable event: EV_zone_a_visible
[balanced_delivery_supervisor-20] [INFO] [1789488430.153174602] [robot_0.robot_supervisor]: Triggered uncontrollable event: EV_obstacle_right
[balanced_delivery_supervisor-20] [INFO] [1789488430.154067651] [robot_0.robot_supervisor]: Selected controllable event: EV_rotate_counterclockwise
[balanced_delivery_supervisor-20] [INFO] [1789488430.336159243] [robot_0.robot_supervisor]: Triggered uncontrollable event: EV_zone_b_visible
[balanced_delivery_supervisor-20] [INFO] [1789488430.336839254] [robot_0.robot_supervisor]: Triggered uncontrollable event: EV_obstacle_right
[balanced_delivery_supervisor-20] [INFO] [1789488430.346046537] [robot_0.robot_supervisor]: Selected controllable event: EV_u_turn
[balanced_delivery_supervisor-20] [INFO] [1789488430.352662540] [robot_0.robot_supervisor]: Starting FULL ROTATE (omega=1.000, have_odom=True, target_rad=3.142, timeout_s=3.500)
[balanced_delivery_supervisor-22] [INFO] [1789488431.212219412] [robot_2.robot_supervisor]: FULL ROTATE completed by timeout
[balanced_delivery_supervisor-22] [INFO] [1789488431.521908544] [robot_2.robot_supervisor]: Triggered uncontrollable event: EV_object_not_visible
[balanced_delivery_supervisor-22] [INFO] [1789488431.522776092] [robot_2.robot_supervisor]: Selected controllable event: EV_search_object
[balanced_delivery_supervisor-22] [INFO] [1789488431.713272884] [robot_2.robot_supervisor]: Selected controllable event: EV_move_forward
[balanced_delivery_supervisor-22] [INFO] [1789488432.008097734] [robot_2.robot_supervisor]: Triggered uncontrollable event: EV_object_not_visible
[balanced_delivery_supervisor-22] [INFO] [1789488432.008957319] [robot_2.robot_supervisor]: Selected controllable event: EV_search_object
[balanced_delivery_supervisor-22] [INFO] [1789488432.124472046] [robot_2.robot_supervisor]: Selected controllable event: EV_search_object
[balanced_delivery_supervisor-22] [INFO] [1789488432.321827090] [robot_2.robot_supervisor]: Selected controllable event: EV_move_forward
[balanced_delivery_supervisor-24] [INFO] [1789488432.630697673] [robot_1.robot_supervisor]: FULL ROTATE completed by timeout
[balanced_delivery_supervisor-22] [INFO] [1789488432.638103396] [robot_2.robot_supervisor]: ############################# VISIBLE: EV_object_visible #############################
[balanced_delivery_supervisor-22] [INFO] [1789488432.650399690] [robot_2.robot_supervisor]: Selected controllable event: EV_move_forward
[balanced_delivery_supervisor-24] [INFO] [1789488432.826633555] [robot_1.robot_supervisor]: Triggered uncontrollable event: EV_zone_a_not_visible
[balanced_delivery_supervisor-24] [INFO] [1789488432.831809079] [robot_1.robot_supervisor]: Triggered uncontrollable event: EV_obstacle_right
[balanced_delivery_supervisor-24] [INFO] [1789488432.832477702] [robot_1.robot_supervisor]: Triggered uncontrollable event: EV_zone_b_not_visible
[balanced_delivery_supervisor-24] [INFO] [1789488432.843151903] [robot_1.robot_supervisor]: Selected controllable event: EV_rotate_counterclockwise
[balanced_delivery_supervisor-24] [WARN] [1789488432.846188361] [robot_1.robot_supervisor]: no translation for 4.9s livelock detected; starting atomic escape (turn_sign=+1)
[balanced_delivery_supervisor-22] [INFO] [1789488432.908761727] [robot_2.robot_supervisor]: Selected controllable event: EV_move_forward
[balanced_delivery_supervisor-22] [INFO] [1789488433.239556078] [robot_2.robot_supervisor]: Selected controllable event: EV_approach_object
[balanced_delivery_supervisor-22] [INFO] [1789488433.536258297] [robot_2.robot_supervisor]: ############################# VISIBLE: EV_object_visible #############################
[balanced_delivery_supervisor-22] [INFO] [1789488433.553031637] [robot_2.robot_supervisor]: Selected controllable event: EV_approach_object
[balanced_delivery_supervisor-22] [INFO] [1789488433.806383972] [robot_2.robot_supervisor]: Selected controllable event: EV_move_forward
[color_detector-29] [INFO] [1789488433.921416606] [robot_2.target_detector]: RGB HEARTBEAT frames_total=120 recent_rate_hz=1.180 last_frame_age_s=0.605 status=OK
[color_detector-31] [INFO] [1789488433.928998116] [robot_1.target_detector]: RGB HEARTBEAT frames_total=120 recent_rate_hz=1.178 last_frame_age_s=0.716 status=OK
[color_detector-27] [INFO] [1789488433.934528866] [robot_0.target_detector]: RGB HEARTBEAT frames_total=120 recent_rate_hz=1.176 last_frame_age_s=0.655 status=OK
[balanced_delivery_supervisor-20] [INFO] [1789488433.945078029] [robot_0.robot_supervisor]: FULL ROTATE completed by timeout
[balanced_delivery_supervisor-22] [INFO] [1789488434.035786135] [robot_2.robot_supervisor]: Selected controllable event: EV_approach_object
[balanced_delivery_supervisor-20] [INFO] [1789488434.160213832] [robot_0.robot_supervisor]: Triggered uncontrollable event: EV_zone_b_visible
[balanced_delivery_supervisor-20] [INFO] [1789488434.164317732] [robot_0.robot_supervisor]: Triggered uncontrollable event: EV_zone_a_not_visible
[balanced_delivery_supervisor-20] [INFO] [1789488434.175284967] [robot_0.robot_supervisor]: Selected controllable event: EV_move_forward
[balanced_delivery_supervisor-22] [INFO] [1789488434.324650739] [robot_2.robot_supervisor]: ############################# VISIBLE: EV_object_visible #############################
[balanced_delivery_supervisor-22] [INFO] [1789488434.325760078] [robot_2.robot_supervisor]: Selected controllable event: EV_move_forward
[balanced_delivery_supervisor-20] [INFO] [1789488434.444762408] [robot_0.robot_supervisor]: Triggered uncontrollable event: EV_zone_b_visible
[balanced_delivery_supervisor-20] [INFO] [1789488434.445612708] [robot_0.robot_supervisor]: Triggered uncontrollable event: EV_zone_a_not_visible
[balanced_delivery_supervisor-20] [INFO] [1789488434.446579196] [robot_0.robot_supervisor]: Selected controllable event: EV_approach_zone
[balanced_delivery_supervisor-22] [INFO] [1789488434.549812946] [robot_2.robot_supervisor]: Selected controllable event: EV_approach_object
[balanced_delivery_supervisor-20] [INFO] [1789488434.730215411] [robot_0.robot_supervisor]: Selected controllable event: EV_approach_zone
[balanced_delivery_supervisor-22] [INFO] [1789488434.810896664] [robot_2.robot_supervisor]: Selected controllable event: EV_move_forward
[balanced_delivery_supervisor-20] [INFO] [1789488434.950706910] [robot_0.robot_supervisor]: Selected controllable event: EV_approach_zone
[balanced_delivery_supervisor-22] [INFO] [1789488435.136619066] [robot_2.robot_supervisor]: Triggered uncontrollable event: EV_obstacle_left
[balanced_delivery_supervisor-22] [INFO] [1789488435.152968715] [robot_2.robot_supervisor]: Selected controllable event: EV_rotate_clockwise
[balanced_delivery_supervisor-20] [INFO] [1789488435.232818456] [robot_0.robot_supervisor]: Triggered uncontrollable event: EV_zone_b_visible
[balanced_delivery_supervisor-20] [INFO] [1789488435.235355018] [robot_0.robot_supervisor]: Triggered uncontrollable event: EV_zone_a_not_visible
[balanced_delivery_supervisor-20] [INFO] [1789488435.245543134] [robot_0.robot_supervisor]: Selected controllable event: EV_move_forward
[balanced_delivery_supervisor-22] [INFO] [1789488435.320380104] [robot_2.robot_supervisor]: ############################# VISIBLE: EV_object_visible #############################
[balanced_delivery_supervisor-22] [INFO] [1789488435.334861444] [robot_2.robot_supervisor]: Triggered uncontrollable event: EV_obstacle_left
[balanced_delivery_supervisor-22] [INFO] [1789488435.335786388] [robot_2.robot_supervisor]: Selected controllable event: EV_rotate_clockwise
[balanced_delivery_supervisor-24] [INFO] [1789488435.440598006] [robot_1.robot_supervisor]: Zone-livelock escape completed
[balanced_delivery_supervisor-22] [INFO] [1789488435.518770312] [robot_2.robot_supervisor]: Triggered uncontrollable event: EV_obstacle_left
[balanced_delivery_supervisor-20] [INFO] [1789488435.533088245] [robot_0.robot_supervisor]: Selected controllable event: EV_approach_zone
[balanced_delivery_supervisor-22] [INFO] [1789488435.533358704] [robot_2.robot_supervisor]: Selected controllable event: EV_rotate_clockwise
[balanced_delivery_supervisor-22] [INFO] [1789488435.726881195] [robot_2.robot_supervisor]: Triggered uncontrollable event: EV_obstacle_left
[balanced_delivery_supervisor-22] [INFO] [1789488435.727949565] [robot_2.robot_supervisor]: Selected controllable event: EV_u_turn
[balanced_delivery_supervisor-22] [INFO] [1789488435.728822374] [robot_2.robot_supervisor]: Starting FULL ROTATE (omega=1.000, have_odom=True, target_rad=3.142, timeout_s=3.500)
[balanced_delivery_supervisor-24] [INFO] [1789488435.744875314] [robot_1.robot_supervisor]: Triggered uncontrollable event: EV_zone_a_not_visible
[balanced_delivery_supervisor-24] [INFO] [1789488435.745821984] [robot_1.robot_supervisor]: Triggered uncontrollable event: EV_zone_b_not_visible
[balanced_delivery_supervisor-24] [INFO] [1789488435.758667457] [robot_1.robot_supervisor]: Selected controllable event: EV_move_forward
[balanced_delivery_supervisor-20] [INFO] [1789488435.862556729] [robot_0.robot_supervisor]: Selected controllable event: EV_approach_zone
[balanced_delivery_supervisor-24] [INFO] [1789488436.027392608] [robot_1.robot_supervisor]: Triggered uncontrollable event: EV_zone_a_visible
[balanced_delivery_supervisor-24] [INFO] [1789488436.028431497] [robot_1.robot_supervisor]: Selected controllable event: EV_move_forward
[balanced_delivery_supervisor-20] [INFO] [1789488436.146957227] [robot_0.robot_supervisor]: Triggered uncontrollable event: EV_zone_a_not_visible
[balanced_delivery_supervisor-20] [INFO] [1789488436.158000779] [robot_0.robot_supervisor]: Triggered uncontrollable event: EV_zone_b_not_visible
[balanced_delivery_supervisor-20] [INFO] [1789488436.161033473] [robot_0.robot_supervisor]: Selected controllable event: EV_search_zone
[balanced_delivery_supervisor-24] [INFO] [1789488436.240116126] [robot_1.robot_supervisor]: Triggered uncontrollable event: EV_zone_b_not_visible
[balanced_delivery_supervisor-24] [INFO] [1789488436.241187292] [robot_1.robot_supervisor]: Selected controllable event: EV_move_forward
[balanced_delivery_supervisor-20] [INFO] [1789488436.346335847] [robot_0.robot_supervisor]: Selected controllable event: EV_move_forward
[balanced_delivery_supervisor-24] [INFO] [1789488436.543960096] [robot_1.robot_supervisor]: Selected controllable event: EV_move_forward
[balanced_delivery_supervisor-20] [INFO] [1789488436.633728062] [robot_0.robot_supervisor]: Selected controllable event: EV_search_zone
[balanced_delivery_supervisor-20] [INFO] [1789488436.745680189] [robot_0.robot_supervisor]: Selected controllable event: EV_move_forward
[balanced_delivery_supervisor-24] [INFO] [1789488436.835292852] [robot_1.robot_supervisor]: Selected controllable event: EV_approach_zone
[balanced_delivery_supervisor-20] [INFO] [1789488437.054647461] [robot_0.robot_supervisor]: Triggered uncontrollable event: EV_zone_a_not_visible
[balanced_delivery_supervisor-20] [INFO] [1789488437.055559966] [robot_0.robot_supervisor]: Selected controllable event: EV_move_forward
[balanced_delivery_supervisor-24] [INFO] [1789488437.120364761] [robot_1.robot_supervisor]: Triggered uncontrollable event: EV_zone_a_visible
[balanced_delivery_supervisor-24] [INFO] [1789488437.121180262] [robot_1.robot_supervisor]: Triggered uncontrollable event: EV_zone_b_visible
[balanced_delivery_supervisor-24] [INFO] [1789488437.132637929] [robot_1.robot_supervisor]: Selected controllable event: EV_move_forward
[balanced_delivery_supervisor-20] [INFO] [1789488437.322487998] [robot_0.robot_supervisor]: Triggered uncontrollable event: EV_zone_b_not_visible
[balanced_delivery_supervisor-20] [INFO] [1789488437.338647226] [robot_0.robot_supervisor]: Selected controllable event: EV_move_forward
[balanced_delivery_supervisor-24] [INFO] [1789488437.423140041] [robot_1.robot_supervisor]: Selected controllable event: EV_approach_zone
[balanced_delivery_supervisor-20] [INFO] [1789488437.658157347] [robot_0.robot_supervisor]: Selected controllable event: EV_move_forward
[balanced_delivery_supervisor-24] [INFO] [1789488437.740360924] [robot_1.robot_supervisor]: Triggered uncontrollable event: EV_zone_a_visible
[balanced_delivery_supervisor-24] [INFO] [1789488437.750285359] [robot_1.robot_supervisor]: Selected controllable event: EV_move_forward
[balanced_delivery_supervisor-20] [INFO] [1789488437.943647647] [robot_0.robot_supervisor]: Triggered uncontrollable event: EV_zone_a_not_visible
[balanced_delivery_supervisor-20] [INFO] [1789488437.944386421] [robot_0.robot_supervisor]: Triggered uncontrollable event: EV_zone_b_not_visible
[balanced_delivery_supervisor-20] [INFO] [1789488437.963898905] [robot_0.robot_supervisor]: Selected controllable event: EV_move_forward
[balanced_delivery_supervisor-24] [INFO] [1789488438.030110556] [robot_1.robot_supervisor]: Triggered uncontrollable event: EV_zone_b_visible
[balanced_delivery_supervisor-24] [INFO] [1789488438.039596403] [robot_1.robot_supervisor]: Selected controllable event: EV_move_forward
[balanced_delivery_supervisor-20] [INFO] [1789488438.239037615] [robot_0.robot_supervisor]: Selected controllable event: EV_move_forward
[balanced_delivery_supervisor-24] [INFO] [1789488438.327193154] [robot_1.robot_supervisor]: Selected controllable event: EV_move_forward
[balanced_delivery_supervisor-20] [INFO] [1789488438.539717049] [robot_0.robot_supervisor]: Selected controllable event: EV_move_forward
[balanced_delivery_supervisor-24] [INFO] [1789488438.634629885] [robot_1.robot_supervisor]: Triggered uncontrollable event: EV_zone_a_visible
[balanced_delivery_supervisor-24] [INFO] [1789488438.663192390] [robot_1.robot_supervisor]: Selected controllable event: EV_move_forward
[balanced_delivery_supervisor-20] [INFO] [1789488438.760284213] [robot_0.robot_supervisor]: Triggered uncontrollable event: EV_zone_a_not_visible
[balanced_delivery_supervisor-20] [INFO] [1789488438.778753940] [robot_0.robot_supervisor]: Selected controllable event: EV_move_forward
[balanced_delivery_supervisor-24] [INFO] [1789488438.923600176] [robot_1.robot_supervisor]: Triggered uncontrollable event: EV_zone_b_visible
[balanced_delivery_supervisor-24] [INFO] [1789488438.930730449] [robot_1.robot_supervisor]: Selected controllable event: EV_approach_zone
[balanced_delivery_supervisor-20] [INFO] [1789488439.057269188] [robot_0.robot_supervisor]: Triggered uncontrollable event: EV_zone_b_not_visible
[balanced_delivery_supervisor-20] [INFO] [1789488439.058249610] [robot_0.robot_supervisor]: Selected controllable event: EV_move_forward
[balanced_delivery_supervisor-24] [INFO] [1789488439.232081311] [robot_1.robot_supervisor]: Selected controllable event: EV_move_forward
[balanced_delivery_supervisor-22] [INFO] [1789488439.333661530] [robot_2.robot_supervisor]: FULL ROTATE completed by timeout
[balanced_delivery_supervisor-20] [INFO] [1789488439.334034809] [robot_0.robot_supervisor]: Selected controllable event: EV_move_forward
[balanced_delivery_supervisor-24] [INFO] [1789488439.523651566] [robot_1.robot_supervisor]: Triggered uncontrollable event: EV_obstacle_right
[balanced_delivery_supervisor-24] [INFO] [1789488439.547013697] [robot_1.robot_supervisor]: Selected controllable event: EV_rotate_counterclockwise
[balanced_delivery_supervisor-20] [INFO] [1789488439.551576840] [robot_0.robot_supervisor]: Selected controllable event: EV_move_forward
[balanced_delivery_supervisor-22] [INFO] [1789488439.612820621] [robot_2.robot_supervisor]: ############################# VISIBLE: EV_object_visible #############################
[balanced_delivery_supervisor-22] [INFO] [1789488439.613845140] [robot_2.robot_supervisor]: Selected controllable event: EV_approach_object
[balanced_delivery_supervisor-24] [INFO] [1789488439.727789178] [robot_1.robot_supervisor]: Triggered uncontrollable event: EV_zone_a_visible
[balanced_delivery_supervisor-24] [INFO] [1789488439.733079508] [robot_1.robot_supervisor]: Triggered uncontrollable event: EV_zone_b_visible
[balanced_delivery_supervisor-24] [INFO] [1789488439.739154566] [robot_1.robot_supervisor]: Triggered uncontrollable event: EV_obstacle_right
[balanced_delivery_supervisor-24] [INFO] [1789488439.744080577] [robot_1.robot_supervisor]: Selected controllable event: EV_u_turn
[balanced_delivery_supervisor-24] [INFO] [1789488439.752289996] [robot_1.robot_supervisor]: Starting FULL ROTATE (omega=1.000, have_odom=True, target_rad=3.142, timeout_s=3.500)
[balanced_delivery_supervisor-20] [INFO] [1789488439.841282091] [robot_0.robot_supervisor]: Triggered uncontrollable event: EV_zone_a_not_visible
[balanced_delivery_supervisor-20] [INFO] [1789488439.845342327] [robot_0.robot_supervisor]: Triggered uncontrollable event: EV_obstacle_right
[balanced_delivery_supervisor-20] [INFO] [1789488439.853744549] [robot_0.robot_supervisor]: Triggered uncontrollable event: EV_zone_b_not_visible
[balanced_delivery_supervisor-20] [INFO] [1789488439.864606011] [robot_0.robot_supervisor]: Selected controllable event: EV_u_turn
[balanced_delivery_supervisor-20] [INFO] [1789488439.872197523] [robot_0.robot_supervisor]: Starting FULL ROTATE (omega=1.000, have_odom=True, target_rad=3.142, timeout_s=3.500)
[balanced_delivery_supervisor-22] [INFO] [1789488439.927234717] [robot_2.robot_supervisor]: ############################# VISIBLE: EV_object_visible #############################
[balanced_delivery_supervisor-22] [INFO] [1789488439.928244415] [robot_2.robot_supervisor]: Selected controllable event: EV_move_forward
[balanced_delivery_supervisor-22] [INFO] [1789488440.214866474] [robot_2.robot_supervisor]: Selected controllable event: EV_approach_object
[balanced_delivery_supervisor-22] [INFO] [1789488440.510687697] [robot_2.robot_supervisor]: Selected controllable event: EV_approach_object
[balanced_delivery_supervisor-22] [INFO] [1789488440.831785395] [robot_2.robot_supervisor]: ############################# VISIBLE: EV_object_visible #############################
[balanced_delivery_supervisor-22] [INFO] [1789488440.832831907] [robot_2.robot_supervisor]: Selected controllable event: EV_approach_object
[balanced_delivery_supervisor-22] [INFO] [1789488441.143201843] [robot_2.robot_supervisor]: Selected controllable event: EV_move_forward
[balanced_delivery_supervisor-22] [INFO] [1789488441.420781437] [robot_2.robot_supervisor]: Selected controllable event: EV_move_forward
[balanced_delivery_supervisor-22] [INFO] [1789488441.706602832] [robot_2.robot_supervisor]: ############################# VISIBLE: EV_object_visible #############################
[balanced_delivery_supervisor-22] [INFO] [1789488441.726517058] [robot_2.robot_supervisor]: Selected controllable event: EV_move_forward
[balanced_delivery_supervisor-22] [INFO] [1789488441.932357579] [robot_2.robot_supervisor]: Selected controllable event: EV_approach_object
[balanced_delivery_supervisor-22] [INFO] [1789488442.238031518] [robot_2.robot_supervisor]: Selected controllable event: EV_approach_object
[balanced_delivery_supervisor-22] [INFO] [1789488442.526992025] [robot_2.robot_supervisor]: ############################# VISIBLE: EV_object_visible #############################
[balanced_delivery_supervisor-22] [INFO] [1789488442.537677444] [robot_2.robot_supervisor]: Selected controllable event: EV_move_forward
[balanced_delivery_supervisor-22] [INFO] [1789488442.810013313] [robot_2.robot_supervisor]: Selected controllable event: EV_move_forward
[balanced_delivery_supervisor-22] [INFO] [1789488443.127017493] [robot_2.robot_supervisor]: Selected controllable event: EV_approach_object
[color_detector-29] [INFO] [1789488443.152713860] [robot_2.target_detector]: RGB HEARTBEAT frames_total=130 recent_rate_hz=1.083 last_frame_age_s=0.718 status=OK
[color_detector-31] [INFO] [1789488443.155430390] [robot_1.target_detector]: RGB HEARTBEAT frames_total=130 recent_rate_hz=1.083 last_frame_age_s=0.843 status=OK
[color_detector-27] [INFO] [1789488443.180267087] [robot_0.target_detector]: RGB HEARTBEAT frames_total=130 recent_rate_hz=1.081 last_frame_age_s=0.809 status=OK
[balanced_delivery_supervisor-24] [INFO] [1789488443.349387929] [robot_1.robot_supervisor]: FULL ROTATE completed by timeout
[balanced_delivery_supervisor-22] [INFO] [1789488443.411074463] [robot_2.robot_supervisor]: Selected controllable event: EV_approach_object
[balanced_delivery_supervisor-20] [INFO] [1789488443.448766380] [robot_0.robot_supervisor]: FULL ROTATE completed by timeout
[balanced_delivery_supervisor-24] [INFO] [1789488443.624090018] [robot_1.robot_supervisor]: Triggered uncontrollable event: EV_zone_a_visible
[balanced_delivery_supervisor-20] [INFO] [1789488443.629201187] [robot_0.robot_supervisor]: Triggered uncontrollable event: EV_zone_a_not_visible
[balanced_delivery_supervisor-20] [INFO] [1789488443.643160530] [robot_0.robot_supervisor]: Triggered uncontrollable event: EV_zone_b_not_visible
[balanced_delivery_supervisor-20] [INFO] [1789488443.644352495] [robot_0.robot_supervisor]: Selected controllable event: EV_move_forward
[balanced_delivery_supervisor-24] [INFO] [1789488443.647089824] [robot_1.robot_supervisor]: Triggered uncontrollable event: EV_zone_b_visible
[balanced_delivery_supervisor-24] [INFO] [1789488443.648153945] [robot_1.robot_supervisor]: Selected controllable event: EV_move_forward
[balanced_delivery_supervisor-22] [INFO] [1789488443.717046214] [robot_2.robot_supervisor]: ############################# VISIBLE: EV_object_visible #############################
[balanced_delivery_supervisor-22] [INFO] [1789488443.717956713] [robot_2.robot_supervisor]: Selected controllable event: EV_approach_object
[balanced_delivery_supervisor-20] [INFO] [1789488443.850823686] [robot_0.robot_supervisor]: Selected controllable event: EV_move_forward
[balanced_delivery_supervisor-24] [INFO] [1789488443.937081136] [robot_1.robot_supervisor]: Selected controllable event: EV_move_forward
[balanced_delivery_supervisor-22] [INFO] [1789488444.021665669] [robot_2.robot_supervisor]: Selected controllable event: EV_approach_object
[balanced_delivery_supervisor-20] [INFO] [1789488444.133384297] [robot_0.robot_supervisor]: Selected controllable event: EV_search_zone
[balanced_delivery_supervisor-24] [INFO] [1789488444.154687065] [robot_1.robot_supervisor]: Triggered uncontrollable event: EV_zone_a_visible
[balanced_delivery_supervisor-24] [INFO] [1789488444.155829064] [robot_1.robot_supervisor]: Selected controllable event: EV_approach_zone
[balanced_delivery_supervisor-20] [INFO] [1789488444.262385335] [robot_0.robot_supervisor]: Triggered uncontrollable event: EV_zone_a_not_visible
[balanced_delivery_supervisor-20] [INFO] [1789488444.280984928] [robot_0.robot_supervisor]: Selected controllable event: EV_search_zone
[balanced_delivery_supervisor-22] [INFO] [1789488444.315366361] [robot_2.robot_supervisor]: Selected controllable event: EV_approach_object
[balanced_delivery_supervisor-24] [INFO] [1789488444.426127911] [robot_1.robot_supervisor]: Triggered uncontrollable event: EV_zone_b_visible
[balanced_delivery_supervisor-24] [INFO] [1789488444.430157577] [robot_1.robot_supervisor]: Selected controllable event: EV_approach_zone
[balanced_delivery_supervisor-20] [INFO] [1789488444.442305718] [robot_0.robot_supervisor]: Triggered uncontrollable event: EV_zone_b_not_visible
[balanced_delivery_supervisor-20] [INFO] [1789488444.463549045] [robot_0.robot_supervisor]: Selected controllable event: EV_move_forward
[balanced_delivery_supervisor-22] [INFO] [1789488444.636618957] [robot_2.robot_supervisor]: ############################# VISIBLE: EV_object_visible #############################
[balanced_delivery_supervisor-22] [INFO] [1789488444.643833241] [robot_2.robot_supervisor]: Selected controllable event: EV_approach_object
[balanced_delivery_supervisor-20] [INFO] [1789488444.733427859] [robot_0.robot_supervisor]: Selected controllable event: EV_search_zone
[balanced_delivery_supervisor-24] [INFO] [1789488444.742465926] [robot_1.robot_supervisor]: Selected controllable event: EV_approach_zone
[balanced_delivery_supervisor-22] [INFO] [1789488444.908657735] [robot_2.robot_supervisor]: Selected controllable event: EV_move_forward
[balanced_delivery_supervisor-20] [INFO] [1789488444.947567044] [robot_0.robot_supervisor]: Selected controllable event: EV_move_forward
[balanced_delivery_supervisor-24] [INFO] [1789488445.013337784] [robot_1.robot_supervisor]: Selected controllable event: EV_move_forward
[balanced_delivery_supervisor-22] [INFO] [1789488445.233314689] [robot_2.robot_supervisor]: Selected controllable event: EV_approach_object
[balanced_delivery_supervisor-20] [INFO] [1789488445.255204795] [robot_0.robot_supervisor]: Triggered uncontrollable event: EV_zone_a_not_visible
[balanced_delivery_supervisor-20] [INFO] [1789488445.256054202] [robot_0.robot_supervisor]: Selected controllable event: EV_move_forward
[balanced_delivery_supervisor-24] [INFO] [1789488445.324057438] [robot_1.robot_supervisor]: Triggered uncontrollable event: EV_zone_b_visible
[balanced_delivery_supervisor-24] [INFO] [1789488445.330857588] [robot_1.robot_supervisor]: Triggered uncontrollable event: EV_zone_a_not_visible
[balanced_delivery_supervisor-24] [INFO] [1789488445.336637424] [robot_1.robot_supervisor]: Selected controllable event: EV_approach_zone
[balanced_delivery_supervisor-22] [INFO] [1789488445.521122558] [robot_2.robot_supervisor]: ############################# REACHED: EV_object_reached #############################
[balanced_delivery_supervisor-22] [INFO] [1789488445.530927153] [robot_2.robot_supervisor]: Selected controllable event: EV_move_forward
[balanced_delivery_supervisor-20] [INFO] [1789488445.546054757] [robot_0.robot_supervisor]: Triggered uncontrollable event: EV_zone_b_not_visible
[balanced_delivery_supervisor-20] [INFO] [1789488445.547085640] [robot_0.robot_supervisor]: Selected controllable event: EV_move_forward
[balanced_delivery_supervisor-24] [INFO] [1789488445.626668637] [robot_1.robot_supervisor]: Selected controllable event: EV_move_forward
[balanced_delivery_supervisor-22] [INFO] [1789488445.841074226] [robot_2.robot_supervisor]: Selected controllable event: EV_pick_up_object
[balanced_delivery_supervisor-20] [INFO] [1789488445.841493309] [robot_0.robot_supervisor]: Selected controllable event: EV_search_zone
[balanced_delivery_supervisor-22] [INFO] [1789488445.889313350] [robot_2.robot_supervisor]: Cargo 'robot_2_carried_generic_box' placed on robot.
[balanced_delivery_supervisor-24] [INFO] [1789488445.927332110] [robot_1.robot_supervisor]: Selected controllable event: EV_move_forward
[balanced_delivery_supervisor-20] [INFO] [1789488446.040150890] [robot_0.robot_supervisor]: Selected controllable event: EV_search_zone
[balanced_delivery_supervisor-22] [INFO] [1789488446.143372686] [robot_2.robot_supervisor]: Selected controllable event: EV_move_forward
[balanced_delivery_supervisor-24] [INFO] [1789488446.151205624] [robot_1.robot_supervisor]: Selected controllable event: EV_move_forward
[balanced_delivery_supervisor-20] [INFO] [1789488446.231260526] [robot_0.robot_supervisor]: Selected controllable event: EV_move_forward
[balanced_delivery_supervisor-22] [INFO] [1789488446.415500205] [robot_2.robot_supervisor]: Triggered uncontrollable event: EV_zone_a_not_visible
[balanced_delivery_supervisor-22] [INFO] [1789488446.425684473] [robot_2.robot_supervisor]: Triggered uncontrollable event: EV_zone_b_not_visible
[balanced_delivery_supervisor-22] [INFO] [1789488446.429862215] [robot_2.robot_supervisor]: Selected controllable event: EV_move_forward
[balanced_delivery_supervisor-24] [INFO] [1789488446.439740951] [robot_1.robot_supervisor]: Triggered uncontrollable event: EV_zone_a_not_visible
[balanced_delivery_supervisor-24] [INFO] [1789488446.442767654] [robot_1.robot_supervisor]: Triggered uncontrollable event: EV_zone_b_not_visible
[balanced_delivery_supervisor-20] [INFO] [1789488446.441142340] [robot_0.robot_supervisor]: Triggered uncontrollable event: EV_zone_a_not_visible
[balanced_delivery_supervisor-20] [INFO] [1789488446.441948812] [robot_0.robot_supervisor]: Triggered uncontrollable event: EV_zone_b_not_visible
[balanced_delivery_supervisor-24] [INFO] [1789488446.454485406] [robot_1.robot_supervisor]: Selected controllable event: EV_move_forward
[balanced_delivery_supervisor-20] [INFO] [1789488446.460931129] [robot_0.robot_supervisor]: Selected controllable event: EV_search_zone
[balanced_delivery_supervisor-20] [INFO] [1789488446.648429180] [robot_0.robot_supervisor]: Selected controllable event: EV_move_forward
[balanced_delivery_supervisor-22] [INFO] [1789488446.716385021] [robot_2.robot_supervisor]: Selected controllable event: EV_search_zone
[balanced_delivery_supervisor-24] [INFO] [1789488446.725748262] [robot_1.robot_supervisor]: Selected controllable event: EV_move_forward
[balanced_delivery_supervisor-22] [INFO] [1789488446.913829190] [robot_2.robot_supervisor]: Selected controllable event: EV_move_forward
[balanced_delivery_supervisor-24] [INFO] [1789488446.933519417] [robot_1.robot_supervisor]: Selected controllable event: EV_search_zone
[balanced_delivery_supervisor-20] [INFO] [1789488446.935758582] [robot_0.robot_supervisor]: Selected controllable event: EV_search_zone
[balanced_delivery_supervisor-22] [INFO] [1789488447.115707195] [robot_2.robot_supervisor]: Selected controllable event: EV_move_forward
[balanced_delivery_supervisor-24] [INFO] [1789488447.135236290] [robot_1.robot_supervisor]: Selected controllable event: EV_search_zone
[balanced_delivery_supervisor-20] [INFO] [1789488447.151145711] [robot_0.robot_supervisor]: Selected controllable event: EV_search_zone
[balanced_delivery_supervisor-24] [INFO] [1789488447.270194030] [robot_1.robot_supervisor]: Triggered uncontrollable event: EV_zone_a_not_visible
[balanced_delivery_supervisor-24] [INFO] [1789488447.271170102] [robot_1.robot_supervisor]: Selected controllable event: EV_search_zone
[balanced_delivery_supervisor-22] [INFO] [1789488447.344267561] [robot_2.robot_supervisor]: Selected controllable event: EV_move_forward
[balanced_delivery_supervisor-20] [INFO] [1789488447.346715125] [robot_0.robot_supervisor]: Triggered uncontrollable event: EV_zone_a_not_visible
[balanced_delivery_supervisor-20] [INFO] [1789488447.347551253] [robot_0.robot_supervisor]: Selected controllable event: EV_search_zone
[balanced_delivery_supervisor-24] [INFO] [1789488447.411318295] [robot_1.robot_supervisor]: Triggered uncontrollable event: EV_zone_b_not_visible
[balanced_delivery_supervisor-24] [INFO] [1789488447.421383137] [robot_1.robot_supervisor]: Selected controllable event: EV_search_zone
[balanced_delivery_supervisor-20] [INFO] [1789488447.541154870] [robot_0.robot_supervisor]: Triggered uncontrollable event: EV_zone_b_not_visible
[balanced_delivery_supervisor-20] [INFO] [1789488447.542106798] [robot_0.robot_supervisor]: Selected controllable event: EV_search_zone
[balanced_delivery_supervisor-22] [INFO] [1789488447.621819499] [robot_2.robot_supervisor]: Triggered uncontrollable event: EV_zone_a_not_visible
[balanced_delivery_supervisor-22] [INFO] [1789488447.638994851] [robot_2.robot_supervisor]: Triggered uncontrollable event: EV_zone_b_not_visible
[balanced_delivery_supervisor-24] [INFO] [1789488447.643965335] [robot_1.robot_supervisor]: Selected controllable event: EV_search_zone
[balanced_delivery_supervisor-22] [INFO] [1789488447.646372036] [robot_2.robot_supervisor]: Selected controllable event: EV_search_zone
[balanced_delivery_supervisor-20] [INFO] [1789488447.767696960] [robot_0.robot_supervisor]: Selected controllable event: EV_search_zone
[balanced_delivery_supervisor-24] [INFO] [1789488447.836140934] [robot_1.robot_supervisor]: Selected controllable event: EV_move_forward
[balanced_delivery_supervisor-22] [INFO] [1789488447.841479907] [robot_2.robot_supervisor]: Selected controllable event: EV_search_zone
[balanced_delivery_supervisor-20] [INFO] [1789488447.923716287] [robot_0.robot_supervisor]: Selected controllable event: EV_move_forward
[balanced_delivery_supervisor-22] [INFO] [1789488447.946674776] [robot_2.robot_supervisor]: Selected controllable event: EV_move_forward
[balanced_delivery_supervisor-24] [INFO] [1789488448.115434502] [robot_1.robot_supervisor]: Triggered uncontrollable event: EV_zone_a_not_visible
[balanced_delivery_supervisor-24] [INFO] [1789488448.123790273] [robot_1.robot_supervisor]: Triggered uncontrollable event: EV_zone_b_not_visible
[balanced_delivery_supervisor-24] [INFO] [1789488448.131662925] [robot_1.robot_supervisor]: Selected controllable event: EV_move_forward
[balanced_delivery_supervisor-20] [INFO] [1789488448.144100581] [robot_0.robot_supervisor]: Triggered uncontrollable event: EV_zone_a_not_visible
[balanced_delivery_supervisor-20] [INFO] [1789488448.144787772] [robot_0.robot_supervisor]: Triggered uncontrollable event: EV_zone_b_not_visible
[balanced_delivery_supervisor-20] [INFO] [1789488448.145706049] [robot_0.robot_supervisor]: Selected controllable event: EV_move_forward
[balanced_delivery_supervisor-22] [INFO] [1789488448.224817414] [robot_2.robot_supervisor]: Triggered uncontrollable event: EV_zone_a_not_visible
[balanced_delivery_supervisor-22] [INFO] [1789488448.225536334] [robot_2.robot_supervisor]: Triggered uncontrollable event: EV_zone_b_not_visible
[balanced_delivery_supervisor-22] [INFO] [1789488448.226266330] [robot_2.robot_supervisor]: Selected controllable event: EV_move_forward
[balanced_delivery_supervisor-20] [INFO] [1789488448.416548855] [robot_0.robot_supervisor]: Selected controllable event: EV_search_zone
[balanced_delivery_supervisor-24] [INFO] [1789488448.427833901] [robot_1.robot_supervisor]: Selected controllable event: EV_search_zone
[balanced_delivery_supervisor-22] [INFO] [1789488448.518558197] [robot_2.robot_supervisor]: Selected controllable event: EV_move_forward
[balanced_delivery_supervisor-24] [INFO] [1789488448.620530912] [robot_1.robot_supervisor]: Selected controllable event: EV_move_forward
[balanced_delivery_supervisor-20] [INFO] [1789488448.623813359] [robot_0.robot_supervisor]: Selected controllable event: EV_move_forward
[balanced_delivery_supervisor-22] [INFO] [1789488448.751716502] [robot_2.robot_supervisor]: Selected controllable event: EV_move_forward
[balanced_delivery_supervisor-20] [INFO] [1789488448.855554478] [robot_0.robot_supervisor]: Selected controllable event: EV_move_forward
[balanced_delivery_supervisor-24] [INFO] [1789488448.929525315] [robot_1.robot_supervisor]: Triggered uncontrollable event: EV_zone_a_not_visible
[balanced_delivery_supervisor-24] [INFO] [1789488448.935418304] [robot_1.robot_supervisor]: Triggered uncontrollable event: EV_zone_b_not_visible
[balanced_delivery_supervisor-24] [INFO] [1789488448.939955651] [robot_1.robot_supervisor]: Selected controllable event: EV_move_forward
[balanced_delivery_supervisor-22] [INFO] [1789488449.004292621] [robot_2.robot_supervisor]: Triggered uncontrollable event: EV_zone_a_not_visible
[balanced_delivery_supervisor-22] [INFO] [1789488449.006867022] [robot_2.robot_supervisor]: Triggered uncontrollable event: EV_zone_b_not_visible
[balanced_delivery_supervisor-22] [INFO] [1789488449.009487928] [robot_2.robot_supervisor]: Selected controllable event: EV_search_zone
[balanced_delivery_supervisor-20] [INFO] [1789488449.131910139] [robot_0.robot_supervisor]: Triggered uncontrollable event: EV_zone_a_not_visible
[balanced_delivery_supervisor-20] [INFO] [1789488449.132536140] [robot_0.robot_supervisor]: Triggered uncontrollable event: EV_zone_b_not_visible
[balanced_delivery_supervisor-20] [INFO] [1789488449.133324895] [robot_0.robot_supervisor]: Selected controllable event: EV_move_forward
[balanced_delivery_supervisor-24] [INFO] [1789488449.217259573] [robot_1.robot_supervisor]: Selected controllable event: EV_move_forward
[balanced_delivery_supervisor-22] [INFO] [1789488449.242084644] [robot_2.robot_supervisor]: Selected controllable event: EV_move_forward
[balanced_delivery_supervisor-24] [INFO] [1789488449.422911311] [robot_1.robot_supervisor]: Selected controllable event: EV_search_zone
[balanced_delivery_supervisor-20] [INFO] [1789488449.424735709] [robot_0.robot_supervisor]: Selected controllable event: EV_move_forward
[balanced_delivery_supervisor-24] [INFO] [1789488449.525965471] [robot_1.robot_supervisor]: Selected controllable event: EV_move_forward
[balanced_delivery_supervisor-22] [INFO] [1789488449.546691196] [robot_2.robot_supervisor]: Selected controllable event: EV_move_forward
[balanced_delivery_supervisor-20] [INFO] [1789488449.643652782] [robot_0.robot_supervisor]: Selected controllable event: EV_move_forward
[balanced_delivery_supervisor-24] [INFO] [1789488449.743368828] [robot_1.robot_supervisor]: Triggered uncontrollable event: EV_zone_a_not_visible
[balanced_delivery_supervisor-24] [INFO] [1789488449.763561279] [robot_1.robot_supervisor]: Selected controllable event: EV_search_zone
[balanced_delivery_supervisor-22] [INFO] [1789488449.822553953] [robot_2.robot_supervisor]: Selected controllable event: EV_search_zone
[balanced_delivery_supervisor-24] [INFO] [1789488449.926413523] [robot_1.robot_supervisor]: Triggered uncontrollable event: EV_zone_b_not_visible
[balanced_delivery_supervisor-24] [INFO] [1789488449.931768175] [robot_1.robot_supervisor]: Selected controllable event: EV_search_zone
[balanced_delivery_supervisor-20] [INFO] [1789488449.933388735] [robot_0.robot_supervisor]: Triggered uncontrollable event: EV_zone_a_not_visible
[balanced_delivery_supervisor-20] [INFO] [1789488449.934109217] [robot_0.robot_supervisor]: Triggered uncontrollable event: EV_zone_b_not_visible
[balanced_delivery_supervisor-20] [INFO] [1789488449.950190280] [robot_0.robot_supervisor]: Selected controllable event: EV_search_zone
[balanced_delivery_supervisor-22] [INFO] [1789488450.010364288] [robot_2.robot_supervisor]: Triggered uncontrollable event: EV_zone_a_not_visible
[balanced_delivery_supervisor-22] [INFO] [1789488450.022956470] [robot_2.robot_supervisor]: Triggered uncontrollable event: EV_zone_b_not_visible
[balanced_delivery_supervisor-22] [INFO] [1789488450.023827361] [robot_2.robot_supervisor]: Selected controllable event: EV_search_zone
[balanced_delivery_supervisor-24] [INFO] [1789488450.039798202] [robot_1.robot_supervisor]: Selected controllable event: EV_move_forward
[balanced_delivery_supervisor-20] [INFO] [1789488450.137633727] [robot_0.robot_supervisor]: Selected controllable event: EV_move_forward
[balanced_delivery_supervisor-22] [INFO] [1789488450.208348869] [robot_2.robot_supervisor]: Selected controllable event: EV_search_zone
[balanced_delivery_supervisor-24] [INFO] [1789488450.314521089] [robot_1.robot_supervisor]: Selected controllable event: EV_search_zone
[balanced_delivery_supervisor-22] [INFO] [1789488450.337068732] [robot_2.robot_supervisor]: Selected controllable event: EV_move_forward
[balanced_delivery_supervisor-20] [INFO] [1789488450.423607880] [robot_0.robot_supervisor]: Selected controllable event: EV_move_forward
[balanced_delivery_supervisor-24] [INFO] [1789488450.532301125] [robot_1.robot_supervisor]: Triggered uncontrollable event: EV_zone_a_not_visible
[balanced_delivery_supervisor-24] [INFO] [1789488450.533101354] [robot_1.robot_supervisor]: Triggered uncontrollable event: EV_zone_b_not_visible
[balanced_delivery_supervisor-24] [INFO] [1789488450.560207567] [robot_1.robot_supervisor]: Selected controllable event: EV_move_forward
[balanced_delivery_supervisor-22] [INFO] [1789488450.622086028] [robot_2.robot_supervisor]: Triggered uncontrollable event: EV_zone_a_not_visible
[balanced_delivery_supervisor-22] [INFO] [1789488450.632131486] [robot_2.robot_supervisor]: Selected controllable event: EV_search_zone
[balanced_delivery_supervisor-20] [INFO] [1789488450.644776011] [robot_0.robot_supervisor]: Triggered uncontrollable event: EV_zone_a_not_visible
[balanced_delivery_supervisor-20] [INFO] [1789488450.653911134] [robot_0.robot_supervisor]: Triggered uncontrollable event: EV_zone_b_not_visible
[balanced_delivery_supervisor-20] [INFO] [1789488450.662956449] [robot_0.robot_supervisor]: Selected controllable event: EV_search_zone
[balanced_delivery_supervisor-24] [INFO] [1789488450.825446040] [robot_1.robot_supervisor]: Selected controllable event: EV_move_forward
[balanced_delivery_supervisor-22] [INFO] [1789488450.829111520] [robot_2.robot_supervisor]: Triggered uncontrollable event: EV_zone_b_not_visible
[balanced_delivery_supervisor-22] [INFO] [1789488450.831013154] [robot_2.robot_supervisor]: Selected controllable event: EV_move_forward
[balanced_delivery_supervisor-20] [INFO] [1789488450.854809218] [robot_0.robot_supervisor]: Selected controllable event: EV_move_forward
[balanced_delivery_supervisor-22] [INFO] [1789488451.041081477] [robot_2.robot_supervisor]: Selected controllable event: EV_search_zone
[balanced_delivery_supervisor-24] [INFO] [1789488451.043612061] [robot_1.robot_supervisor]: Selected controllable event: EV_move_forward
[balanced_delivery_supervisor-20] [INFO] [1789488451.137225942] [robot_0.robot_supervisor]: Selected controllable event: EV_search_zone
[balanced_delivery_supervisor-22] [INFO] [1789488451.209372366] [robot_2.robot_supervisor]: Selected controllable event: EV_move_forward
[balanced_delivery_supervisor-24] [INFO] [1789488451.335248555] [robot_1.robot_supervisor]: Selected controllable event: EV_search_zone
[balanced_delivery_supervisor-20] [INFO] [1789488451.340461233] [robot_0.robot_supervisor]: Selected controllable event: EV_search_zone
[balanced_delivery_supervisor-22] [INFO] [1789488451.523147952] [robot_2.robot_supervisor]: Triggered uncontrollable event: EV_zone_a_not_visible
[balanced_delivery_supervisor-22] [INFO] [1789488451.523936408] [robot_2.robot_supervisor]: Triggered uncontrollable event: EV_zone_b_not_visible
[balanced_delivery_supervisor-22] [INFO] [1789488451.524813487] [robot_2.robot_supervisor]: Selected controllable event: EV_search_zone
[balanced_delivery_supervisor-24] [INFO] [1789488451.530210013] [robot_1.robot_supervisor]: Triggered uncontrollable event: EV_zone_a_not_visible
[balanced_delivery_supervisor-24] [INFO] [1789488451.535808124] [robot_1.robot_supervisor]: Triggered uncontrollable event: EV_zone_b_not_visible
[balanced_delivery_supervisor-24] [INFO] [1789488451.536748870] [robot_1.robot_supervisor]: Selected controllable event: EV_move_forward
[balanced_delivery_supervisor-20] [INFO] [1789488451.557482749] [robot_0.robot_supervisor]: Triggered uncontrollable event: EV_zone_a_not_visible
[balanced_delivery_supervisor-20] [INFO] [1789488451.558199687] [robot_0.robot_supervisor]: Triggered uncontrollable event: EV_zone_b_not_visible
[balanced_delivery_supervisor-20] [INFO] [1789488451.564682224] [robot_0.robot_supervisor]: Selected controllable event: EV_search_zone
[balanced_delivery_supervisor-22] [INFO] [1789488451.734082999] [robot_2.robot_supervisor]: Selected controllable event: EV_move_forward
[balanced_delivery_supervisor-20] [INFO] [1789488451.740699153] [robot_0.robot_supervisor]: Selected controllable event: EV_search_zone
[balanced_delivery_supervisor-24] [INFO] [1789488451.839577725] [robot_1.robot_supervisor]: Selected controllable event: EV_move_forward
[balanced_delivery_supervisor-20] [INFO] [1789488451.941905332] [robot_0.robot_supervisor]: Selected controllable event: EV_search_zone
[balanced_delivery_supervisor-22] [INFO] [1789488452.025247395] [robot_2.robot_supervisor]: Selected controllable event: EV_move_forward
[color_detector-29] [INFO] [1789488452.058973284] [robot_2.target_detector]: RGB HEARTBEAT frames_total=140 recent_rate_hz=1.123 last_frame_age_s=0.683 status=OK
[color_detector-31] [INFO] [1789488452.073138953] [robot_1.target_detector]: RGB HEARTBEAT frames_total=140 recent_rate_hz=1.121 last_frame_age_s=0.807 status=OK
[color_detector-27] [INFO] [1789488452.076892289] [robot_0.target_detector]: RGB HEARTBEAT frames_total=140 recent_rate_hz=1.125 last_frame_age_s=0.763 status=OK
[balanced_delivery_supervisor-24] [INFO] [1789488452.135018929] [robot_1.robot_supervisor]: Selected controllable event: EV_search_zone
[balanced_delivery_supervisor-20] [INFO] [1789488452.143328668] [robot_0.robot_supervisor]: Selected controllable event: EV_move_forward
[balanced_delivery_supervisor-22] [INFO] [1789488452.235551107] [robot_2.robot_supervisor]: Selected controllable event: EV_search_zone
[balanced_delivery_supervisor-24] [INFO] [1789488452.339975547] [robot_1.robot_supervisor]: Triggered uncontrollable event: EV_zone_a_not_visible
[balanced_delivery_supervisor-24] [INFO] [1789488452.346393187] [robot_1.robot_supervisor]: Triggered uncontrollable event: EV_zone_b_not_visible
[balanced_delivery_supervisor-24] [INFO] [1789488452.348600526] [robot_1.robot_supervisor]: Selected controllable event: EV_move_forward
[balanced_delivery_supervisor-20] [INFO] [1789488452.348244878] [robot_0.robot_supervisor]: Triggered uncontrollable event: EV_zone_a_not_visible
[balanced_delivery_supervisor-20] [INFO] [1789488452.361202274] [robot_0.robot_supervisor]: Triggered uncontrollable event: EV_zone_b_not_visible
[balanced_delivery_supervisor-20] [INFO] [1789488452.362070451] [robot_0.robot_supervisor]: Selected controllable event: EV_search_zone
[balanced_delivery_supervisor-22] [INFO] [1789488452.428045592] [robot_2.robot_supervisor]: Triggered uncontrollable event: EV_zone_a_not_visible
[balanced_delivery_supervisor-22] [INFO] [1789488452.433865971] [robot_2.robot_supervisor]: Triggered uncontrollable event: EV_zone_b_not_visible
[balanced_delivery_supervisor-22] [INFO] [1789488452.439449604] [robot_2.robot_supervisor]: Selected controllable event: EV_search_zone
[balanced_delivery_supervisor-20] [INFO] [1789488452.553362674] [robot_0.robot_supervisor]: Selected controllable event: EV_search_zone
[balanced_delivery_supervisor-22] [INFO] [1789488452.619494434] [robot_2.robot_supervisor]: Selected controllable event: EV_search_zone
[balanced_delivery_supervisor-24] [INFO] [1789488452.631031467] [robot_1.robot_supervisor]: Selected controllable event: EV_search_zone
[balanced_delivery_supervisor-22] [INFO] [1789488452.735254253] [robot_2.robot_supervisor]: Selected controllable event: EV_search_zone
[balanced_delivery_supervisor-20] [INFO] [1789488452.737891328] [robot_0.robot_supervisor]: Selected controllable event: EV_search_zone
[balanced_delivery_supervisor-24] [INFO] [1789488452.806516438] [robot_1.robot_supervisor]: Selected controllable event: EV_move_forward
[balanced_delivery_supervisor-20] [INFO] [1789488452.844956381] [robot_0.robot_supervisor]: Selected controllable event: EV_search_zone
[balanced_delivery_supervisor-22] [INFO] [1789488452.941906709] [robot_2.robot_supervisor]: Selected controllable event: EV_search_zone
[balanced_delivery_supervisor-24] [INFO] [1789488453.029060785] [robot_1.robot_supervisor]: Triggered uncontrollable event: EV_zone_a_not_visible
[balanced_delivery_supervisor-24] [INFO] [1789488453.029872520] [robot_1.robot_supervisor]: Selected controllable event: EV_move_forward
[balanced_delivery_supervisor-20] [INFO] [1789488453.030334598] [robot_0.robot_supervisor]: Selected controllable event: EV_move_forward
[balanced_delivery_supervisor-22] [INFO] [1789488453.121945893] [robot_2.robot_supervisor]: Selected controllable event: EV_search_zone
[balanced_delivery_supervisor-20] [INFO] [1789488453.236568903] [robot_0.robot_supervisor]: Triggered uncontrollable event: EV_zone_a_not_visible
[balanced_delivery_supervisor-20] [INFO] [1789488453.243962148] [robot_0.robot_supervisor]: Triggered uncontrollable event: EV_zone_b_not_visible
[balanced_delivery_supervisor-20] [INFO] [1789488453.244963787] [robot_0.robot_supervisor]: Selected controllable event: EV_move_forward
[balanced_delivery_supervisor-24] [INFO] [1789488453.314500876] [robot_1.robot_supervisor]: Triggered uncontrollable event: EV_zone_b_not_visible
[balanced_delivery_supervisor-24] [INFO] [1789488453.329037856] [robot_1.robot_supervisor]: Selected controllable event: EV_search_zone
[balanced_delivery_supervisor-22] [INFO] [1789488453.333136014] [robot_2.robot_supervisor]: Triggered uncontrollable event: EV_zone_a_not_visible
[balanced_delivery_supervisor-22] [INFO] [1789488453.333772941] [robot_2.robot_supervisor]: Triggered uncontrollable event: EV_zone_b_not_visible
[balanced_delivery_supervisor-22] [INFO] [1789488453.334574606] [robot_2.robot_supervisor]: Selected controllable event: EV_search_zone
[balanced_delivery_supervisor-22] [INFO] [1789488453.526337179] [robot_2.robot_supervisor]: Selected controllable event: EV_search_zone
[balanced_delivery_supervisor-24] [INFO] [1789488453.536559007] [robot_1.robot_supervisor]: Selected controllable event: EV_search_zone
[balanced_delivery_supervisor-20] [INFO] [1789488453.543249529] [robot_0.robot_supervisor]: Selected controllable event: EV_move_forward
[balanced_delivery_supervisor-22] [INFO] [1789488453.721020206] [robot_2.robot_supervisor]: Selected controllable event: EV_search_zone
[balanced_delivery_supervisor-24] [INFO] [1789488453.732378072] [robot_1.robot_supervisor]: Selected controllable event: EV_move_forward
[balanced_delivery_supervisor-22] [INFO] [1789488453.830305064] [robot_2.robot_supervisor]: Selected controllable event: EV_search_zone
[balanced_delivery_supervisor-20] [INFO] [1789488453.838174052] [robot_0.robot_supervisor]: Selected controllable event: EV_search_zone
[balanced_delivery_supervisor-20] [INFO] [1789488454.021091468] [robot_0.robot_supervisor]: Triggered uncontrollable event: EV_zone_a_visible
[balanced_delivery_supervisor-20] [INFO] [1789488454.021790007] [robot_0.robot_supervisor]: Triggered uncontrollable event: EV_zone_b_not_visible
[balanced_delivery_supervisor-20] [INFO] [1789488454.022624260] [robot_0.robot_supervisor]: Selected controllable event: EV_approach_zone
[balanced_delivery_supervisor-22] [INFO] [1789488454.024426370] [robot_2.robot_supervisor]: Triggered uncontrollable event: EV_zone_a_not_visible
[balanced_delivery_supervisor-22] [INFO] [1789488454.025052325] [robot_2.robot_supervisor]: Triggered uncontrollable event: EV_zone_b_not_visible
[balanced_delivery_supervisor-22] [INFO] [1789488454.025768838] [robot_2.robot_supervisor]: Selected controllable event: EV_search_zone
[balanced_delivery_supervisor-24] [INFO] [1789488454.031190714] [robot_1.robot_supervisor]: Triggered uncontrollable event: EV_zone_a_not_visible
[balanced_delivery_supervisor-24] [INFO] [1789488454.031870117] [robot_1.robot_supervisor]: Triggered uncontrollable event: EV_zone_b_not_visible
[balanced_delivery_supervisor-24] [INFO] [1789488454.032587266] [robot_1.robot_supervisor]: Selected controllable event: EV_move_forward
[balanced_delivery_supervisor-22] [INFO] [1789488454.210533092] [robot_2.robot_supervisor]: Selected controllable event: EV_move_forward
[balanced_delivery_supervisor-20] [INFO] [1789488454.325491063] [robot_0.robot_supervisor]: Selected controllable event: EV_approach_zone
[balanced_delivery_supervisor-24] [INFO] [1789488454.333588489] [robot_1.robot_supervisor]: Selected controllable event: EV_search_zone
[balanced_delivery_supervisor-22] [INFO] [1789488454.420550975] [robot_2.robot_supervisor]: Selected controllable event: EV_search_zone
[balanced_delivery_supervisor-24] [INFO] [1789488454.526955418] [robot_1.robot_supervisor]: Selected controllable event: EV_search_zone
[balanced_delivery_supervisor-20] [INFO] [1789488454.543117793] [robot_0.robot_supervisor]: Selected controllable event: EV_move_forward
[balanced_delivery_supervisor-22] [INFO] [1789488454.635616732] [robot_2.robot_supervisor]: Selected controllable event: EV_search_zone
[balanced_delivery_supervisor-24] [INFO] [1789488454.724362344] [robot_1.robot_supervisor]: Triggered uncontrollable event: EV_zone_a_not_visible
[balanced_delivery_supervisor-24] [INFO] [1789488454.724999517] [robot_1.robot_supervisor]: Triggered uncontrollable event: EV_zone_b_not_visible
[balanced_delivery_supervisor-24] [INFO] [1789488454.725821827] [robot_1.robot_supervisor]: Selected controllable event: EV_move_forward
[balanced_delivery_supervisor-22] [INFO] [1789488454.809466848] [robot_2.robot_supervisor]: Triggered uncontrollable event: EV_zone_a_not_visible
[balanced_delivery_supervisor-22] [INFO] [1789488454.810155717] [robot_2.robot_supervisor]: Triggered uncontrollable event: EV_zone_b_not_visible
[balanced_delivery_supervisor-22] [INFO] [1789488454.828524943] [robot_2.robot_supervisor]: Selected controllable event: EV_move_forward
[balanced_delivery_supervisor-20] [INFO] [1789488454.845776423] [robot_0.robot_supervisor]: Triggered uncontrollable event: EV_zone_a_visible
[balanced_delivery_supervisor-20] [INFO] [1789488454.853446615] [robot_0.robot_supervisor]: Triggered uncontrollable event: EV_zone_b_not_visible
[balanced_delivery_supervisor-20] [INFO] [1789488454.864709069] [robot_0.robot_supervisor]: Selected controllable event: EV_move_forward
[balanced_delivery_supervisor-24] [INFO] [1789488455.029000519] [robot_1.robot_supervisor]: Selected controllable event: EV_move_forward
[balanced_delivery_supervisor-22] [INFO] [1789488455.031180004] [robot_2.robot_supervisor]: Selected controllable event: EV_move_forward
[balanced_delivery_supervisor-20] [INFO] [1789488455.140135280] [robot_0.robot_supervisor]: Selected controllable event: EV_approach_zone
[balanced_delivery_supervisor-24] [INFO] [1789488455.320179399] [robot_1.robot_supervisor]: Selected controllable event: EV_move_forward
[balanced_delivery_supervisor-22] [INFO] [1789488455.330270564] [robot_2.robot_supervisor]: Selected controllable event: EV_move_forward
[balanced_delivery_supervisor-20] [INFO] [1789488455.353341516] [robot_0.robot_supervisor]: Selected controllable event: EV_move_forward
[balanced_delivery_supervisor-22] [INFO] [1789488455.614335998] [robot_2.robot_supervisor]: Triggered uncontrollable event: EV_zone_a_visible
[balanced_delivery_supervisor-22] [INFO] [1789488455.616200721] [robot_2.robot_supervisor]: Selected controllable event: EV_approach_zone
[balanced_delivery_supervisor-24] [INFO] [1789488455.624441391] [robot_1.robot_supervisor]: Triggered uncontrollable event: EV_zone_a_not_visible
[balanced_delivery_supervisor-24] [INFO] [1789488455.625224885] [robot_1.robot_supervisor]: Triggered uncontrollable event: EV_zone_b_not_visible
[balanced_delivery_supervisor-24] [INFO] [1789488455.626055360] [robot_1.robot_supervisor]: Selected controllable event: EV_move_forward
[balanced_delivery_supervisor-20] [INFO] [1789488455.638683493] [robot_0.robot_supervisor]: Triggered uncontrollable event: EV_zone_a_visible
[balanced_delivery_supervisor-20] [INFO] [1789488455.639331005] [robot_0.robot_supervisor]: Triggered uncontrollable event: EV_obstacle_right
[balanced_delivery_supervisor-20] [INFO] [1789488455.639932325] [robot_0.robot_supervisor]: Triggered uncontrollable event: EV_zone_b_not_visible
[balanced_delivery_supervisor-20] [INFO] [1789488455.640717621] [robot_0.robot_supervisor]: Selected controllable event: EV_rotate_counterclockwise
[balanced_delivery_supervisor-20] [INFO] [1789488455.856895327] [robot_0.robot_supervisor]: Triggered uncontrollable event: EV_obstacle_right
[balanced_delivery_supervisor-20] [INFO] [1789488455.857692485] [robot_0.robot_supervisor]: Selected controllable event: EV_rotate_counterclockwise
[balanced_delivery_supervisor-22] [INFO] [1789488455.926324899] [robot_2.robot_supervisor]: Triggered uncontrollable event: EV_zone_b_not_visible
[balanced_delivery_supervisor-22] [INFO] [1789488455.938084641] [robot_2.robot_supervisor]: Selected controllable event: EV_move_forward
[balanced_delivery_supervisor-24] [INFO] [1789488455.939635942] [robot_1.robot_supervisor]: Selected controllable event: EV_move_forward
[balanced_delivery_supervisor-20] [INFO] [1789488456.053415179] [robot_0.robot_supervisor]: Triggered uncontrollable event: EV_obstacle_right
[balanced_delivery_supervisor-20] [INFO] [1789488456.060592811] [robot_0.robot_supervisor]: Selected controllable event: EV_rotate_counterclockwise
[balanced_delivery_supervisor-24] [INFO] [1789488456.228043034] [robot_1.robot_supervisor]: Triggered uncontrollable event: EV_zone_a_not_visible
[balanced_delivery_supervisor-24] [INFO] [1789488456.228683998] [robot_1.robot_supervisor]: Triggered uncontrollable event: EV_zone_b_not_visible
[balanced_delivery_supervisor-20] [INFO] [1789488456.233997514] [robot_0.robot_supervisor]: Triggered uncontrollable event: EV_obstacle_right
[balanced_delivery_supervisor-20] [INFO] [1789488456.234926205] [robot_0.robot_supervisor]: Selected controllable event: EV_rotate_counterclockwise
[balanced_delivery_supervisor-24] [INFO] [1789488456.235598581] [robot_1.robot_supervisor]: Selected controllable event: EV_search_zone
[balanced_delivery_supervisor-22] [INFO] [1789488456.240082821] [robot_2.robot_supervisor]: Selected controllable event: EV_move_forward
[balanced_delivery_supervisor-24] [INFO] [1789488456.427543324] [robot_1.robot_supervisor]: Selected controllable event: EV_move_forward
[balanced_delivery_supervisor-20] [INFO] [1789488456.429295599] [robot_0.robot_supervisor]: Triggered uncontrollable event: EV_zone_a_visible
[balanced_delivery_supervisor-20] [INFO] [1789488456.429900982] [robot_0.robot_supervisor]: Triggered uncontrollable event: EV_obstacle_right
[balanced_delivery_supervisor-20] [INFO] [1789488456.430542503] [robot_0.robot_supervisor]: Triggered uncontrollable event: EV_zone_b_not_visible
[balanced_delivery_supervisor-20] [INFO] [1789488456.447598384] [robot_0.robot_supervisor]: Selected controllable event: EV_rotate_counterclockwise
[balanced_delivery_supervisor-22] [INFO] [1789488456.529651399] [robot_2.robot_supervisor]: Triggered uncontrollable event: EV_zone_a_visible
[balanced_delivery_supervisor-22] [INFO] [1789488456.536059078] [robot_2.robot_supervisor]: Triggered uncontrollable event: EV_zone_b_not_visible
[balanced_delivery_supervisor-22] [INFO] [1789488456.541933854] [robot_2.robot_supervisor]: Selected controllable event: EV_move_forward
[balanced_delivery_supervisor-20] [INFO] [1789488456.636472542] [robot_0.robot_supervisor]: Triggered uncontrollable event: EV_obstacle_right
[balanced_delivery_supervisor-20] [INFO] [1789488456.637364041] [robot_0.robot_supervisor]: Selected controllable event: EV_u_turn
[balanced_delivery_supervisor-20] [INFO] [1789488456.638083072] [robot_0.robot_supervisor]: Starting FULL ROTATE (omega=1.000, have_odom=True, target_rad=3.142, timeout_s=3.500)
[balanced_delivery_supervisor-24] [INFO] [1789488456.647391828] [robot_1.robot_supervisor]: Selected controllable event: EV_search_zone
[balanced_delivery_supervisor-24] [INFO] [1789488456.815342646] [robot_1.robot_supervisor]: Selected controllable event: EV_move_forward
[balanced_delivery_supervisor-22] [INFO] [1789488456.832867719] [robot_2.robot_supervisor]: Selected controllable event: EV_approach_zone
[balanced_delivery_supervisor-24] [INFO] [1789488457.016739382] [robot_1.robot_supervisor]: Triggered uncontrollable event: EV_zone_a_not_visible
[balanced_delivery_supervisor-24] [INFO] [1789488457.017423141] [robot_1.robot_supervisor]: Triggered uncontrollable event: EV_zone_b_not_visible
[balanced_delivery_supervisor-24] [INFO] [1789488457.018343580] [robot_1.robot_supervisor]: Selected controllable event: EV_search_zone
[balanced_delivery_supervisor-22] [INFO] [1789488457.119810336] [robot_2.robot_supervisor]: Triggered uncontrollable event: EV_zone_a_visible
[balanced_delivery_supervisor-22] [INFO] [1789488457.120438278] [robot_2.robot_supervisor]: Triggered uncontrollable event: EV_zone_b_not_visible
[balanced_delivery_supervisor-24] [INFO] [1789488457.130950783] [robot_1.robot_supervisor]: Selected controllable event: EV_search_zone
[balanced_delivery_supervisor-22] [INFO] [1789488457.142334310] [robot_2.robot_supervisor]: Selected controllable event: EV_move_forward
[balanced_delivery_supervisor-24] [INFO] [1789488457.331865963] [robot_1.robot_supervisor]: Selected controllable event: EV_move_forward
[balanced_delivery_supervisor-22] [INFO] [1789488457.420159301] [robot_2.robot_supervisor]: Selected controllable event: EV_move_forward
[balanced_delivery_supervisor-24] [INFO] [1789488457.635472272] [robot_1.robot_supervisor]: Selected controllable event: EV_search_zone
[balanced_delivery_supervisor-22] [INFO] [1789488457.640691552] [robot_2.robot_supervisor]: Selected controllable event: EV_move_forward
[balanced_delivery_supervisor-24] [INFO] [1789488457.829911734] [robot_1.robot_supervisor]: Triggered uncontrollable event: EV_zone_a_not_visible
[balanced_delivery_supervisor-24] [INFO] [1789488457.830720377] [robot_1.robot_supervisor]: Triggered uncontrollable event: EV_zone_b_not_visible
[balanced_delivery_supervisor-24] [INFO] [1789488457.835016144] [robot_1.robot_supervisor]: Selected controllable event: EV_move_forward
[balanced_delivery_supervisor-22] [INFO] [1789488457.921683488] [robot_2.robot_supervisor]: Triggered uncontrollable event: EV_zone_a_visible
[balanced_delivery_supervisor-22] [INFO] [1789488457.922373324] [robot_2.robot_supervisor]: Triggered uncontrollable event: EV_zone_b_not_visible
[balanced_delivery_supervisor-22] [INFO] [1789488457.930570014] [robot_2.robot_supervisor]: Selected controllable event: EV_move_forward
[balanced_delivery_supervisor-24] [INFO] [1789488458.127330092] [robot_1.robot_supervisor]: Selected controllable event: EV_move_forward
[balanced_delivery_supervisor-22] [INFO] [1789488458.220032094] [robot_2.robot_supervisor]: Selected controllable event: EV_approach_zone
[balanced_delivery_supervisor-24] [INFO] [1789488458.407943817] [robot_1.robot_supervisor]: Selected controllable event: EV_search_zone
[balanced_delivery_supervisor-22] [INFO] [1789488458.432727129] [robot_2.robot_supervisor]: Selected controllable event: EV_approach_zone
[balanced_delivery_supervisor-24] [INFO] [1789488458.624763824] [robot_1.robot_supervisor]: Triggered uncontrollable event: EV_zone_b_visible
[balanced_delivery_supervisor-24] [INFO] [1789488458.625511137] [robot_1.robot_supervisor]: Triggered uncontrollable event: EV_zone_a_not_visible
[balanced_delivery_supervisor-24] [INFO] [1789488458.626348904] [robot_1.robot_supervisor]: Selected controllable event: EV_move_forward
[balanced_delivery_supervisor-22] [INFO] [1789488458.734546965] [robot_2.robot_supervisor]: Triggered uncontrollable event: EV_zone_a_reached
[balanced_delivery_supervisor-22] [INFO] [1789488458.742951355] [robot_2.robot_supervisor]: Selected controllable event: EV_move_forward
[balanced_delivery_supervisor-24] [INFO] [1789488458.847954414] [robot_1.robot_supervisor]: Selected controllable event: EV_move_forward
[balanced_delivery_supervisor-22] [INFO] [1789488459.026537417] [robot_2.robot_supervisor]: Triggered uncontrollable event: EV_zone_b_not_visible
[balanced_delivery_supervisor-22] [INFO] [1789488459.037206719] [robot_2.robot_supervisor]: Selected controllable event: EV_search_zone
[balanced_delivery_supervisor-24] [INFO] [1789488459.104973962] [robot_1.robot_supervisor]: Selected controllable event: EV_move_forward
[balanced_delivery_supervisor-22] [INFO] [1789488459.232617502] [robot_2.robot_supervisor]: Selected controllable event: EV_move_forward
[balanced_delivery_supervisor-24] [INFO] [1789488459.335384518] [robot_1.robot_supervisor]: Triggered uncontrollable event: EV_zone_b_visible
[balanced_delivery_supervisor-24] [INFO] [1789488459.338361808] [robot_1.robot_supervisor]: Triggered uncontrollable event: EV_zone_a_not_visible
[balanced_delivery_supervisor-24] [INFO] [1789488459.343674580] [robot_1.robot_supervisor]: Selected controllable event: EV_approach_zone
[balanced_delivery_supervisor-22] [INFO] [1789488459.522136140] [robot_2.robot_supervisor]: Triggered uncontrollable event: EV_zone_b_not_visible
[balanced_delivery_supervisor-22] [INFO] [1789488459.528606605] [robot_2.robot_supervisor]: Triggered uncontrollable event: EV_zone_a_reached
[balanced_delivery_supervisor-22] [INFO] [1789488459.535628875] [robot_2.robot_supervisor]: Selected controllable event: EV_search_zone
[balanced_delivery_supervisor-24] [INFO] [1789488459.631511220] [robot_1.robot_supervisor]: Selected controllable event: EV_move_forward
[balanced_delivery_supervisor-22] [INFO] [1789488459.719774906] [robot_2.robot_supervisor]: Selected controllable event: EV_move_forward
[color_detector-27] [INFO] [1789488459.927214892] [robot_0.target_detector]: RGB HEARTBEAT frames_total=150 recent_rate_hz=1.272 last_frame_age_s=0.726 status=OK
[balanced_delivery_supervisor-24] [INFO] [1789488459.955098554] [robot_1.robot_supervisor]: Selected controllable event: EV_move_forward
[color_detector-31] [INFO] [1789488459.959678618] [robot_1.target_detector]: RGB HEARTBEAT frames_total=150 recent_rate_hz=1.268 last_frame_age_s=0.811 status=OK
[color_detector-29] [INFO] [1789488459.967759506] [robot_2.target_detector]: RGB HEARTBEAT frames_total=150 recent_rate_hz=1.264 last_frame_age_s=0.712 status=OK
[balanced_delivery_supervisor-22] [INFO] [1789488460.025327282] [robot_2.robot_supervisor]: Selected controllable event: EV_search_zone
[balanced_delivery_supervisor-20] [INFO] [1789488460.142138193] [robot_0.robot_supervisor]: FULL ROTATE completed by timeout
[balanced_delivery_supervisor-22] [INFO] [1789488460.221378345] [robot_2.robot_supervisor]: Triggered uncontrollable event: EV_obstacle_front
[balanced_delivery_supervisor-22] [INFO] [1789488460.222293670] [robot_2.robot_supervisor]: Triggered uncontrollable event: EV_zone_a_reached
[balanced_delivery_supervisor-22] [INFO] [1789488460.228659503] [robot_2.robot_supervisor]: Selected controllable event: EV_rotate_counterclockwise
[balanced_delivery_supervisor-24] [INFO] [1789488460.241000245] [robot_1.robot_supervisor]: Triggered uncontrollable event: EV_zone_b_visible
[balanced_delivery_supervisor-24] [INFO] [1789488460.248920038] [robot_1.robot_supervisor]: Triggered uncontrollable event: EV_zone_a_not_visible
[balanced_delivery_supervisor-24] [INFO] [1789488460.256908377] [robot_1.robot_supervisor]: Selected controllable event: EV_approach_zone
[balanced_delivery_supervisor-22] [INFO] [1789488460.335027339] [robot_2.robot_supervisor]: Triggered uncontrollable event: EV_obstacle_front
[balanced_delivery_supervisor-22] [INFO] [1789488460.335816052] [robot_2.robot_supervisor]: Triggered uncontrollable event: EV_zone_b_not_visible
[balanced_delivery_supervisor-22] [INFO] [1789488460.342807743] [robot_2.robot_supervisor]: Selected controllable event: EV_move_backward
[balanced_delivery_supervisor-20] [INFO] [1789488460.345708021] [robot_0.robot_supervisor]: Triggered uncontrollable event: EV_zone_a_visible
[balanced_delivery_supervisor-20] [INFO] [1789488460.346429180] [robot_0.robot_supervisor]: Triggered uncontrollable event: EV_zone_b_visible
[balanced_delivery_supervisor-20] [INFO] [1789488460.368029701] [robot_0.robot_supervisor]: Selected controllable event: EV_move_forward
[balanced_delivery_supervisor-24] [INFO] [1789488460.535772720] [robot_1.robot_supervisor]: Selected controllable event: EV_approach_zone
[balanced_delivery_supervisor-22] [INFO] [1789488460.630946310] [robot_2.robot_supervisor]: Triggered uncontrollable event: EV_obstacle_front
[balanced_delivery_supervisor-20] [INFO] [1789488460.637156356] [robot_0.robot_supervisor]: Selected controllable event: EV_approach_zone
[balanced_delivery_supervisor-22] [INFO] [1789488460.637614345] [robot_2.robot_supervisor]: Selected controllable event: EV_rotate_counterclockwise
[balanced_delivery_supervisor-22] [INFO] [1789488460.809503151] [robot_2.robot_supervisor]: Triggered uncontrollable event: EV_obstacle_front
[balanced_delivery_supervisor-22] [INFO] [1789488460.810300957] [robot_2.robot_supervisor]: Selected controllable event: EV_rotate_clockwise
[balanced_delivery_supervisor-24] [INFO] [1789488460.850201584] [robot_1.robot_supervisor]: Selected controllable event: EV_approach_zone
[balanced_delivery_supervisor-20] [INFO] [1789488460.946337044] [robot_0.robot_supervisor]: Selected controllable event: EV_move_forward
[balanced_delivery_supervisor-22] [INFO] [1789488461.015551731] [robot_2.robot_supervisor]: Triggered uncontrollable event: EV_obstacle_front
[balanced_delivery_supervisor-22] [INFO] [1789488461.024585004] [robot_2.robot_supervisor]: Selected controllable event: EV_rotate_counterclockwise
[balanced_delivery_supervisor-24] [INFO] [1789488461.138933774] [robot_1.robot_supervisor]: Triggered uncontrollable event: EV_zone_a_not_visible
[balanced_delivery_supervisor-24] [INFO] [1789488461.149604374] [robot_1.robot_supervisor]: Triggered uncontrollable event: EV_obstacle_right
[balanced_delivery_supervisor-24] [INFO] [1789488461.150468802] [robot_1.robot_supervisor]: Triggered uncontrollable event: EV_zone_b_reached
[balanced_delivery_supervisor-24] [INFO] [1789488461.151406092] [robot_1.robot_supervisor]: Selected controllable event: EV_u_turn
[balanced_delivery_supervisor-24] [INFO] [1789488461.152209745] [robot_1.robot_supervisor]: Starting FULL ROTATE (omega=1.000, have_odom=True, target_rad=3.142, timeout_s=3.500)
[balanced_delivery_supervisor-22] [INFO] [1789488461.228455559] [robot_2.robot_supervisor]: Triggered uncontrollable event: EV_obstacle_front
[balanced_delivery_supervisor-22] [INFO] [1789488461.238201123] [robot_2.robot_supervisor]: Triggered uncontrollable event: EV_zone_b_not_visible
[balanced_delivery_supervisor-20] [INFO] [1789488461.240174133] [robot_0.robot_supervisor]: Triggered uncontrollable event: EV_zone_b_visible
[balanced_delivery_supervisor-22] [INFO] [1789488461.245988237] [robot_2.robot_supervisor]: Triggered uncontrollable event: EV_zone_a_reached
[balanced_delivery_supervisor-20] [INFO] [1789488461.251267738] [robot_0.robot_supervisor]: Triggered uncontrollable event: EV_zone_a_not_visible
[balanced_delivery_supervisor-20] [INFO] [1789488461.252202565] [robot_0.robot_supervisor]: Selected controllable event: EV_move_forward
[balanced_delivery_supervisor-22] [INFO] [1789488461.257418249] [robot_2.robot_supervisor]: Selected controllable event: EV_rotate_counterclockwise
[balanced_delivery_supervisor-22] [INFO] [1789488461.422390750] [robot_2.robot_supervisor]: Triggered uncontrollable event: EV_obstacle_front
[balanced_delivery_supervisor-22] [INFO] [1789488461.434765830] [robot_2.robot_supervisor]: Selected controllable event: EV_rotate_counterclockwise
[balanced_delivery_supervisor-20] [INFO] [1789488461.526112171] [robot_0.robot_supervisor]: Selected controllable event: EV_approach_zone
[balanced_delivery_supervisor-22] [INFO] [1789488461.627361538] [robot_2.robot_supervisor]: Triggered uncontrollable event: EV_obstacle_front
[balanced_delivery_supervisor-22] [INFO] [1789488461.634870819] [robot_2.robot_supervisor]: Selected controllable event: EV_rotate_counterclockwise
[balanced_delivery_supervisor-20] [INFO] [1789488461.825963446] [robot_0.robot_supervisor]: Selected controllable event: EV_move_forward
[balanced_delivery_supervisor-22] [INFO] [1789488461.835778239] [robot_2.robot_supervisor]: Triggered uncontrollable event: EV_obstacle_front
[balanced_delivery_supervisor-22] [INFO] [1789488461.836715822] [robot_2.robot_supervisor]: Selected controllable event: EV_rotate_counterclockwise
[balanced_delivery_supervisor-22] [INFO] [1789488462.029910616] [robot_2.robot_supervisor]: Triggered uncontrollable event: EV_obstacle_right
[balanced_delivery_supervisor-22] [INFO] [1789488462.030672247] [robot_2.robot_supervisor]: Triggered uncontrollable event: EV_zone_a_reached
[balanced_delivery_supervisor-22] [INFO] [1789488462.031507607] [robot_2.robot_supervisor]: Selected controllable event: EV_rotate_counterclockwise
[balanced_delivery_supervisor-20] [INFO] [1789488462.117624199] [robot_0.robot_supervisor]: Triggered uncontrollable event: EV_zone_b_visible
[balanced_delivery_supervisor-20] [INFO] [1789488462.129424674] [robot_0.robot_supervisor]: Triggered uncontrollable event: EV_zone_a_not_visible
[balanced_delivery_supervisor-20] [INFO] [1789488462.130313010] [robot_0.robot_supervisor]: Selected controllable event: EV_approach_zone
[balanced_delivery_supervisor-22] [INFO] [1789488462.227929964] [robot_2.robot_supervisor]: Triggered uncontrollable event: EV_obstacle_right
[balanced_delivery_supervisor-22] [INFO] [1789488462.233055351] [robot_2.robot_supervisor]: Triggered uncontrollable event: EV_zone_b_not_visible
[balanced_delivery_supervisor-22] [INFO] [1789488462.244610686] [robot_2.robot_supervisor]: Selected controllable event: EV_u_turn
[balanced_delivery_supervisor-22] [INFO] [1789488462.245520244] [robot_2.robot_supervisor]: Starting FULL ROTATE (omega=1.000, have_odom=True, target_rad=3.142, timeout_s=3.500)
[balanced_delivery_supervisor-20] [INFO] [1789488462.346542432] [robot_0.robot_supervisor]: Selected controllable event: EV_approach_zone
[balanced_delivery_supervisor-20] [INFO] [1789488462.555735381] [robot_0.robot_supervisor]: Selected controllable event: EV_move_forward
[balanced_delivery_supervisor-20] [INFO] [1789488462.843237834] [robot_0.robot_supervisor]: Triggered uncontrollable event: EV_zone_a_not_visible
[balanced_delivery_supervisor-20] [INFO] [1789488462.848240293] [robot_0.robot_supervisor]: Triggered uncontrollable event: EV_zone_b_not_visible
[balanced_delivery_supervisor-20] [INFO] [1789488462.855989049] [robot_0.robot_supervisor]: Selected controllable event: EV_move_forward
[balanced_delivery_supervisor-20] [INFO] [1789488463.146178721] [robot_0.robot_supervisor]: Selected controllable event: EV_move_forward
[balanced_delivery_supervisor-20] [INFO] [1789488463.436118234] [robot_0.robot_supervisor]: Selected controllable event: EV_search_zone
[balanced_delivery_supervisor-20] [INFO] [1789488463.553176960] [robot_0.robot_supervisor]: Selected controllable event: EV_search_zone
[balanced_delivery_supervisor-20] [INFO] [1789488463.730992151] [robot_0.robot_supervisor]: Triggered uncontrollable event: EV_zone_a_not_visible
[balanced_delivery_supervisor-20] [INFO] [1789488463.745840259] [robot_0.robot_supervisor]: Triggered uncontrollable event: EV_zone_b_not_visible
[balanced_delivery_supervisor-20] [INFO] [1789488463.746914915] [robot_0.robot_supervisor]: Selected controllable event: EV_move_forward
[balanced_delivery_supervisor-20] [INFO] [1789488464.052481100] [robot_0.robot_supervisor]: Selected controllable event: EV_search_zone
[balanced_delivery_supervisor-20] [INFO] [1789488464.250487301] [robot_0.robot_supervisor]: Selected controllable event: EV_search_zone
[balanced_delivery_supervisor-20] [INFO] [1789488464.449224037] [robot_0.robot_supervisor]: Selected controllable event: EV_search_zone
[balanced_delivery_supervisor-20] [INFO] [1789488464.659830327] [robot_0.robot_supervisor]: Triggered uncontrollable event: EV_zone_a_not_visible
[balanced_delivery_supervisor-20] [INFO] [1789488464.664688954] [robot_0.robot_supervisor]: Triggered uncontrollable event: EV_zone_b_not_visible
[balanced_delivery_supervisor-20] [INFO] [1789488464.665637941] [robot_0.robot_supervisor]: Selected controllable event: EV_move_forward
[balanced_delivery_supervisor-24] [INFO] [1789488464.714625066] [robot_1.robot_supervisor]: FULL ROTATE completed by timeout
[balanced_delivery_supervisor-24] [INFO] [1789488464.918464304] [robot_1.robot_supervisor]: Triggered uncontrollable event: EV_zone_a_not_visible
[balanced_delivery_supervisor-24] [INFO] [1789488464.919228992] [robot_1.robot_supervisor]: Triggered uncontrollable event: EV_zone_b_reached
[balanced_delivery_supervisor-24] [INFO] [1789488464.940048027] [robot_1.robot_supervisor]: Selected controllable event: EV_move_forward
[balanced_delivery_supervisor-20] [INFO] [1789488464.945074569] [robot_0.robot_supervisor]: Selected controllable event: EV_move_forward
[balanced_delivery_supervisor-24] [INFO] [1789488465.241395202] [robot_1.robot_supervisor]: DELIVERED zone_b; balance=equal
[balanced_delivery_supervisor-24] [INFO] [1789488465.242359460] [robot_1.robot_supervisor]: Selected controllable event: EV_drop_zone_b
[balanced_delivery_supervisor-20] [INFO] [1789488465.255616029] [robot_0.robot_supervisor]: Selected controllable event: EV_move_forward
[balanced_delivery_supervisor-20] [INFO] [1789488465.295043658] [robot_0.robot_supervisor]: RECEIVED zone_b; balance=equal
[balanced_delivery_supervisor-22] [INFO] [1789488465.298723363] [robot_2.robot_supervisor]: RECEIVED zone_b; balance=equal
[balanced_delivery_supervisor-24] [INFO] [1789488465.325492383] [robot_1.robot_supervisor]: Delivered cargo 'robot_1_carried_generic_box' removed.
[balanced_delivery_supervisor-24] [INFO] [1789488465.327739349] [robot_1.robot_supervisor]: Selected controllable event: EV_move_forward
[balanced_delivery_supervisor-20] [INFO] [1789488465.542209343] [robot_0.robot_supervisor]: Triggered uncontrollable event: EV_zone_a_not_visible
[balanced_delivery_supervisor-20] [INFO] [1789488465.561556533] [robot_0.robot_supervisor]: Triggered uncontrollable event: EV_zone_b_not_visible
[balanced_delivery_supervisor-20] [INFO] [1789488465.562377174] [robot_0.robot_supervisor]: Triggered uncontrollable event: EV_received_delivered_zone_b
[balanced_delivery_supervisor-20] [INFO] [1789488465.566792125] [robot_0.robot_supervisor]: Selected controllable event: EV_move_forward
[balanced_delivery_supervisor-24] [INFO] [1789488465.635898811] [robot_1.robot_supervisor]: ############################# REACHED: EV_object_reached #############################
[balanced_delivery_supervisor-24] [INFO] [1789488465.642283398] [robot_1.robot_supervisor]: Selected controllable event: EV_move_forward
[balanced_delivery_supervisor-20] [INFO] [1789488465.830457833] [robot_0.robot_supervisor]: Selected controllable event: EV_move_forward
[balanced_delivery_supervisor-22] [INFO] [1789488465.831721909] [robot_2.robot_supervisor]: FULL ROTATE completed by timeout
[balanced_delivery_supervisor-24] [INFO] [1789488465.859434101] [robot_1.robot_supervisor]: Selected controllable event: EV_move_forward
[balanced_delivery_supervisor-22] [INFO] [1789488466.037122241] [robot_2.robot_supervisor]: Triggered uncontrollable event: EV_zone_b_visible
[balanced_delivery_supervisor-22] [INFO] [1789488466.037950241] [robot_2.robot_supervisor]: Triggered uncontrollable event: EV_zone_a_reached
[balanced_delivery_supervisor-22] [INFO] [1789488466.038733668] [robot_2.robot_supervisor]: Triggered uncontrollable event: EV_received_delivered_zone_b
[balanced_delivery_supervisor-20] [INFO] [1789488466.048045094] [robot_0.robot_supervisor]: Selected controllable event: EV_move_forward
[balanced_delivery_supervisor-22] [INFO] [1789488466.054387721] [robot_2.robot_supervisor]: Selected controllable event: EV_approach_zone
[balanced_delivery_supervisor-24] [INFO] [1789488466.157963806] [robot_1.robot_supervisor]: Selected controllable event: EV_publish_delivered_zone_b
[balanced_delivery_supervisor-24] [INFO] [1789488466.238453758] [robot_1.robot_supervisor]: Selected controllable event: EV_pick_up_object
[balanced_delivery_supervisor-24] [INFO] [1789488466.285902859] [robot_1.robot_supervisor]: Cargo 'robot_1_carried_generic_box' placed on robot.
[balanced_delivery_supervisor-20] [INFO] [1789488466.316779711] [robot_0.robot_supervisor]: Triggered uncontrollable event: EV_zone_a_not_visible
[balanced_delivery_supervisor-20] [INFO] [1789488466.318676453] [robot_0.robot_supervisor]: Triggered uncontrollable event: EV_zone_b_not_visible
[balanced_delivery_supervisor-20] [INFO] [1789488466.319680945] [robot_0.robot_supervisor]: Selected controllable event: EV_search_zone
[balanced_delivery_supervisor-22] [INFO] [1789488466.319646127] [robot_2.robot_supervisor]: Selected controllable event: EV_move_forward
[balanced_delivery_supervisor-20] [INFO] [1789488466.443775511] [robot_0.robot_supervisor]: Selected controllable event: EV_move_forward
[balanced_delivery_supervisor-24] [INFO] [1789488466.521680465] [robot_1.robot_supervisor]: Triggered uncontrollable event: EV_zone_a_not_visible
[balanced_delivery_supervisor-24] [INFO] [1789488466.522445074] [robot_1.robot_supervisor]: Triggered uncontrollable event: EV_zone_b_reached
[balanced_delivery_supervisor-22] [INFO] [1789488466.529688871] [robot_2.robot_supervisor]: Triggered uncontrollable event: EV_zone_b_visible
[balanced_delivery_supervisor-22] [INFO] [1789488466.530412948] [robot_2.robot_supervisor]: Triggered uncontrollable event: EV_zone_a_reached
[balanced_delivery_supervisor-24] [INFO] [1789488466.538431513] [robot_1.robot_supervisor]: Selected controllable event: EV_search_zone
[balanced_delivery_supervisor-22] [INFO] [1789488466.539503182] [robot_2.robot_supervisor]: Selected controllable event: EV_move_forward
[balanced_delivery_supervisor-20] [INFO] [1789488466.727430651] [robot_0.robot_supervisor]: Selected controllable event: EV_search_zone
[balanced_delivery_supervisor-24] [INFO] [1789488466.728473924] [robot_1.robot_supervisor]: Selected controllable event: EV_search_zone
[balanced_delivery_supervisor-22] [INFO] [1789488466.813766582] [robot_2.robot_supervisor]: Selected controllable event: EV_approach_zone
[balanced_delivery_supervisor-24] [INFO] [1789488466.933360208] [robot_1.robot_supervisor]: Selected controllable event: EV_move_forward
[balanced_delivery_supervisor-20] [INFO] [1789488466.935148125] [robot_0.robot_supervisor]: Selected controllable event: EV_search_zone
[balanced_delivery_supervisor-22] [INFO] [1789488467.118001319] [robot_2.robot_supervisor]: Selected controllable event: EV_approach_zone
[balanced_delivery_supervisor-20] [INFO] [1789488467.162697634] [robot_0.robot_supervisor]: Selected controllable event: EV_move_forward
[balanced_delivery_supervisor-24] [INFO] [1789488467.253135331] [robot_1.robot_supervisor]: Selected controllable event: EV_move_forward
[balanced_delivery_supervisor-22] [INFO] [1789488467.432918199] [robot_2.robot_supervisor]: Selected controllable event: EV_move_forward
[balanced_delivery_supervisor-20] [INFO] [1789488467.448291497] [robot_0.robot_supervisor]: Selected controllable event: EV_search_zone
[balanced_delivery_supervisor-24] [INFO] [1789488467.531817576] [robot_1.robot_supervisor]: Triggered uncontrollable event: EV_zone_a_not_visible
[balanced_delivery_supervisor-24] [INFO] [1789488467.533944503] [robot_1.robot_supervisor]: Triggered uncontrollable event: EV_zone_b_reached
[balanced_delivery_supervisor-24] [INFO] [1789488467.545720565] [robot_1.robot_supervisor]: Selected controllable event: EV_search_zone
[balanced_delivery_supervisor-20] [INFO] [1789488467.651782580] [robot_0.robot_supervisor]: Triggered uncontrollable event: EV_zone_a_not_visible
[balanced_delivery_supervisor-20] [INFO] [1789488467.652660665] [robot_0.robot_supervisor]: Triggered uncontrollable event: EV_zone_b_not_visible
[balanced_delivery_supervisor-20] [INFO] [1789488467.668655950] [robot_0.robot_supervisor]: Selected controllable event: EV_search_zone
[balanced_delivery_supervisor-22] [INFO] [1789488467.720021921] [robot_2.robot_supervisor]: Triggered uncontrollable event: EV_zone_b_visible
[balanced_delivery_supervisor-22] [INFO] [1789488467.724407060] [robot_2.robot_supervisor]: Triggered uncontrollable event: EV_zone_a_reached
[balanced_delivery_supervisor-22] [INFO] [1789488467.735592943] [robot_2.robot_supervisor]: Selected controllable event: EV_move_forward
[balanced_delivery_supervisor-24] [INFO] [1789488467.751366015] [robot_1.robot_supervisor]: Selected controllable event: EV_move_forward
[balanced_delivery_supervisor-20] [INFO] [1789488467.839453018] [robot_0.robot_supervisor]: Selected controllable event: EV_search_zone
[balanced_delivery_supervisor-20] [INFO] [1789488467.947229317] [robot_0.robot_supervisor]: Selected controllable event: EV_search_zone
[balanced_delivery_supervisor-22] [INFO] [1789488468.020024643] [robot_2.robot_supervisor]: Selected controllable event: EV_move_forward
[balanced_delivery_supervisor-24] [INFO] [1789488468.023303124] [robot_1.robot_supervisor]: Selected controllable event: EV_move_forward
[balanced_delivery_supervisor-20] [INFO] [1789488468.148633737] [robot_0.robot_supervisor]: Selected controllable event: EV_move_forward
[balanced_delivery_supervisor-22] [INFO] [1789488468.242413219] [robot_2.robot_supervisor]: Selected controllable event: EV_move_forward
[balanced_delivery_supervisor-24] [INFO] [1789488468.248028682] [robot_1.robot_supervisor]: Selected controllable event: EV_move_forward
[balanced_delivery_supervisor-20] [INFO] [1789488468.462654621] [robot_0.robot_supervisor]: Triggered uncontrollable event: EV_zone_a_not_visible
[balanced_delivery_supervisor-20] [INFO] [1789488468.472445469] [robot_0.robot_supervisor]: Selected controllable event: EV_move_forward
[balanced_delivery_supervisor-22] [INFO] [1789488468.515869322] [robot_2.robot_supervisor]: Triggered uncontrollable event: EV_zone_a_reached
[balanced_delivery_supervisor-22] [INFO] [1789488468.534685996] [robot_2.robot_supervisor]: Selected controllable event: EV_approach_zone
[balanced_delivery_supervisor-24] [INFO] [1789488468.536301143] [robot_1.robot_supervisor]: Triggered uncontrollable event: EV_zone_a_not_visible
[balanced_delivery_supervisor-24] [INFO] [1789488468.545757077] [robot_1.robot_supervisor]: Triggered uncontrollable event: EV_zone_b_reached
[balanced_delivery_supervisor-24] [INFO] [1789488468.560102311] [robot_1.robot_supervisor]: Selected controllable event: EV_search_zone
[balanced_delivery_supervisor-24] [INFO] [1789488468.723655148] [robot_1.robot_supervisor]: Selected controllable event: EV_move_forward
[balanced_delivery_supervisor-20] [INFO] [1789488468.754215710] [robot_0.robot_supervisor]: Triggered uncontrollable event: EV_zone_b_not_visible
[balanced_delivery_supervisor-20] [INFO] [1789488468.755255994] [robot_0.robot_supervisor]: Selected controllable event: EV_move_forward
[balanced_delivery_supervisor-22] [INFO] [1789488468.825343067] [robot_2.robot_supervisor]: Triggered uncontrollable event: EV_zone_b_visible
[balanced_delivery_supervisor-22] [INFO] [1789488468.826395386] [robot_2.robot_supervisor]: Selected controllable event: EV_move_forward
[color_detector-31] [INFO] [1789488469.033805094] [robot_1.target_detector]: RGB HEARTBEAT frames_total=160 recent_rate_hz=1.102 last_frame_age_s=0.821 status=OK
[balanced_delivery_supervisor-20] [INFO] [1789488469.033928017] [robot_0.robot_supervisor]: Selected controllable event: EV_move_forward
[color_detector-29] [INFO] [1789488469.037124799] [robot_2.target_detector]: RGB HEARTBEAT frames_total=160 recent_rate_hz=1.103 last_frame_age_s=0.653 status=OK
[balanced_delivery_supervisor-24] [INFO] [1789488469.040217827] [robot_1.robot_supervisor]: Selected controllable event: EV_move_forward
[color_detector-27] [INFO] [1789488469.053835845] [robot_0.target_detector]: RGB HEARTBEAT frames_total=160 recent_rate_hz=1.098 last_frame_age_s=0.697 status=OK
[balanced_delivery_supervisor-22] [INFO] [1789488469.132273733] [robot_2.robot_supervisor]: Selected controllable event: EV_move_forward
[balanced_delivery_supervisor-20] [INFO] [1789488469.261618535] [robot_0.robot_supervisor]: Selected controllable event: EV_search_zone
[balanced_delivery_supervisor-24] [INFO] [1789488469.319527408] [robot_1.robot_supervisor]: Triggered uncontrollable event: EV_zone_a_not_visible
[balanced_delivery_supervisor-24] [INFO] [1789488469.320412124] [robot_1.robot_supervisor]: Triggered uncontrollable event: EV_zone_b_not_visible
[balanced_delivery_supervisor-24] [INFO] [1789488469.331406763] [robot_1.robot_supervisor]: Selected controllable event: EV_move_forward
[balanced_delivery_supervisor-22] [INFO] [1789488469.423082210] [robot_2.robot_supervisor]: Triggered uncontrollable event: EV_zone_a_not_visible
[balanced_delivery_supervisor-22] [INFO] [1789488469.425212528] [robot_2.robot_supervisor]: Triggered uncontrollable event: EV_zone_b_not_visible
[balanced_delivery_supervisor-20] [INFO] [1789488469.442073063] [robot_0.robot_supervisor]: Triggered uncontrollable event: EV_zone_a_not_visible
[balanced_delivery_supervisor-22] [INFO] [1789488469.434834493] [robot_2.robot_supervisor]: Selected controllable event: EV_move_forward
[balanced_delivery_supervisor-20] [INFO] [1789488469.465070584] [robot_0.robot_supervisor]: Triggered uncontrollable event: EV_zone_b_not_visible
[balanced_delivery_supervisor-20] [INFO] [1789488469.466268991] [robot_0.robot_supervisor]: Selected controllable event: EV_move_forward
[balanced_delivery_supervisor-24] [INFO] [1789488469.538916050] [robot_1.robot_supervisor]: Selected controllable event: EV_move_forward
[balanced_delivery_supervisor-22] [INFO] [1789488469.722727205] [robot_2.robot_supervisor]: Selected controllable event: EV_move_forward
[balanced_delivery_supervisor-20] [INFO] [1789488469.734403364] [robot_0.robot_supervisor]: Selected controllable event: EV_move_forward
[balanced_delivery_supervisor-24] [INFO] [1789488469.816676583] [robot_1.robot_supervisor]: Selected controllable event: EV_move_forward
[balanced_delivery_supervisor-20] [INFO] [1789488469.954591619] [robot_0.robot_supervisor]: Selected controllable event: EV_move_forward
[balanced_delivery_supervisor-22] [INFO] [1789488470.029517121] [robot_2.robot_supervisor]: Selected controllable event: EV_search_zone
[balanced_delivery_supervisor-24] [INFO] [1789488470.120255698] [robot_1.robot_supervisor]: Triggered uncontrollable event: EV_zone_a_not_visible
[balanced_delivery_supervisor-24] [INFO] [1789488470.134299434] [robot_1.robot_supervisor]: Triggered uncontrollable event: EV_obstacle_left
[balanced_delivery_supervisor-24] [INFO] [1789488470.135239676] [robot_1.robot_supervisor]: Selected controllable event: EV_u_turn
[balanced_delivery_supervisor-24] [INFO] [1789488470.136062828] [robot_1.robot_supervisor]: Starting FULL ROTATE (omega=1.000, have_odom=True, target_rad=3.142, timeout_s=3.500)
[balanced_delivery_supervisor-20] [INFO] [1789488470.242605254] [robot_0.robot_supervisor]: Triggered uncontrollable event: EV_zone_a_not_visible
[balanced_delivery_supervisor-20] [INFO] [1789488470.243370076] [robot_0.robot_supervisor]: Triggered uncontrollable event: EV_obstacle_right
[balanced_delivery_supervisor-20] [INFO] [1789488470.244286934] [robot_0.robot_supervisor]: Selected controllable event: EV_rotate_counterclockwise
[balanced_delivery_supervisor-22] [INFO] [1789488470.246025966] [robot_2.robot_supervisor]: Selected controllable event: EV_search_zone
[balanced_delivery_supervisor-20] [INFO] [1789488470.426471439] [robot_0.robot_supervisor]: Triggered uncontrollable event: EV_obstacle_right
[balanced_delivery_supervisor-22] [INFO] [1789488470.428306940] [robot_2.robot_supervisor]: Triggered uncontrollable event: EV_zone_a_not_visible
[balanced_delivery_supervisor-22] [INFO] [1789488470.429084160] [robot_2.robot_supervisor]: Triggered uncontrollable event: EV_zone_b_not_visible
[balanced_delivery_supervisor-20] [INFO] [1789488470.441845202] [robot_0.robot_supervisor]: Triggered uncontrollable event: EV_zone_b_not_visible
[balanced_delivery_supervisor-20] [INFO] [1789488470.442834799] [robot_0.robot_supervisor]: Selected controllable event: EV_rotate_counterclockwise
[balanced_delivery_supervisor-22] [INFO] [1789488470.445403130] [robot_2.robot_supervisor]: Selected controllable event: EV_search_zone
[balanced_delivery_supervisor-20] [INFO] [1789488470.550442749] [robot_0.robot_supervisor]: Triggered uncontrollable event: EV_obstacle_right
[balanced_delivery_supervisor-20] [INFO] [1789488470.551611281] [robot_0.robot_supervisor]: Selected controllable event: EV_rotate_counterclockwise
[balanced_delivery_supervisor-22] [INFO] [1789488470.628388238] [robot_2.robot_supervisor]: Selected controllable event: EV_move_forward
[balanced_delivery_supervisor-20] [INFO] [1789488470.750165092] [robot_0.robot_supervisor]: Triggered uncontrollable event: EV_obstacle_right
[balanced_delivery_supervisor-20] [INFO] [1789488470.751167428] [robot_0.robot_supervisor]: Selected controllable event: EV_rotate_counterclockwise
[balanced_delivery_supervisor-22] [INFO] [1789488470.929887185] [robot_2.robot_supervisor]: Selected controllable event: EV_search_zone
[balanced_delivery_supervisor-20] [INFO] [1789488470.932061252] [robot_0.robot_supervisor]: Triggered uncontrollable event: EV_obstacle_right
[balanced_delivery_supervisor-20] [INFO] [1789488470.948207999] [robot_0.robot_supervisor]: Selected controllable event: EV_rotate_counterclockwise
[balanced_delivery_supervisor-20] [INFO] [1789488471.073616835] [robot_0.robot_supervisor]: Triggered uncontrollable event: EV_zone_a_not_visible
[balanced_delivery_supervisor-20] [INFO] [1789488471.074544138] [robot_0.robot_supervisor]: Triggered uncontrollable event: EV_obstacle_right
[balanced_delivery_supervisor-20] [INFO] [1789488471.089662463] [robot_0.robot_supervisor]: Selected controllable event: EV_u_turn
[balanced_delivery_supervisor-20] [INFO] [1789488471.090646645] [robot_0.robot_supervisor]: Starting FULL ROTATE (omega=1.000, have_odom=True, target_rad=3.142, timeout_s=3.500)
[balanced_delivery_supervisor-22] [INFO] [1789488471.126375476] [robot_2.robot_supervisor]: Selected controllable event: EV_move_forward
[balanced_delivery_supervisor-22] [INFO] [1789488471.423912932] [robot_2.robot_supervisor]: Triggered uncontrollable event: EV_zone_a_not_visible
[balanced_delivery_supervisor-22] [INFO] [1789488471.424711111] [robot_2.robot_supervisor]: Triggered uncontrollable event: EV_zone_b_not_visible
[balanced_delivery_supervisor-22] [INFO] [1789488471.431762737] [robot_2.robot_supervisor]: Selected controllable event: EV_move_forward
[balanced_delivery_supervisor-22] [INFO] [1789488471.718103888] [robot_2.robot_supervisor]: Selected controllable event: EV_search_zone
[balanced_delivery_supervisor-22] [INFO] [1789488471.846151143] [robot_2.robot_supervisor]: Selected controllable event: EV_move_forward
[balanced_delivery_supervisor-22] [INFO] [1789488472.143280353] [robot_2.robot_supervisor]: Triggered uncontrollable event: EV_zone_a_not_visible
[balanced_delivery_supervisor-22] [INFO] [1789488472.144125509] [robot_2.robot_supervisor]: Triggered uncontrollable event: EV_zone_b_not_visible
[balanced_delivery_supervisor-22] [INFO] [1789488472.164785237] [robot_2.robot_supervisor]: Selected controllable event: EV_search_zone
[balanced_delivery_supervisor-22] [INFO] [1789488472.331446644] [robot_2.robot_supervisor]: Selected controllable event: EV_search_zone
[balanced_delivery_supervisor-22] [INFO] [1789488472.520195609] [robot_2.robot_supervisor]: Selected controllable event: EV_search_zone
[balanced_delivery_supervisor-22] [INFO] [1789488472.631014740] [robot_2.robot_supervisor]: Selected controllable event: EV_search_zone
[balanced_delivery_supervisor-22] [INFO] [1789488472.827413486] [robot_2.robot_supervisor]: Selected controllable event: EV_move_forward
[balanced_delivery_supervisor-22] [INFO] [1789488473.045374484] [robot_2.robot_supervisor]: Triggered uncontrollable event: EV_zone_a_not_visible
[balanced_delivery_supervisor-22] [INFO] [1789488473.052660722] [robot_2.robot_supervisor]: Triggered uncontrollable event: EV_zone_b_not_visible
[balanced_delivery_supervisor-22] [INFO] [1789488473.053709977] [robot_2.robot_supervisor]: Selected controllable event: EV_search_zone
[balanced_delivery_supervisor-22] [INFO] [1789488473.227256769] [robot_2.robot_supervisor]: Selected controllable event: EV_search_zone
[balanced_delivery_supervisor-22] [INFO] [1789488473.337808761] [robot_2.robot_supervisor]: Selected controllable event: EV_move_forward
[balanced_delivery_supervisor-22] [INFO] [1789488473.546202130] [robot_2.robot_supervisor]: Selected controllable event: EV_move_forward
[balanced_delivery_supervisor-24] [INFO] [1789488473.736331205] [robot_1.robot_supervisor]: FULL ROTATE completed by timeout
[balanced_delivery_supervisor-22] [INFO] [1789488473.828242451] [robot_2.robot_supervisor]: Selected controllable event: EV_search_zone
[balanced_delivery_supervisor-22] [INFO] [1789488474.022322768] [robot_2.robot_supervisor]: Triggered uncontrollable event: EV_zone_a_not_visible
[balanced_delivery_supervisor-22] [INFO] [1789488474.037554141] [robot_2.robot_supervisor]: Triggered uncontrollable event: EV_zone_b_not_visible
[balanced_delivery_supervisor-22] [INFO] [1789488474.038634869] [robot_2.robot_supervisor]: Selected controllable event: EV_move_forward
[balanced_delivery_supervisor-24] [INFO] [1789488474.041753451] [robot_1.robot_supervisor]: Triggered uncontrollable event: EV_zone_a_not_visible
[balanced_delivery_supervisor-24] [INFO] [1789488474.057838772] [robot_1.robot_supervisor]: Triggered uncontrollable event: EV_obstacle_right
[balanced_delivery_supervisor-24] [INFO] [1789488474.058681715] [robot_1.robot_supervisor]: Triggered uncontrollable event: EV_zone_b_not_visible
[balanced_delivery_supervisor-24] [INFO] [1789488474.059668132] [robot_1.robot_supervisor]: Selected controllable event: EV_rotate_counterclockwise
[balanced_delivery_supervisor-24] [WARN] [1789488474.080439520] [robot_1.robot_supervisor]: no translation for 4.2s livelock detected; starting atomic escape (turn_sign=+1)
[balanced_delivery_supervisor-22] [INFO] [1789488474.312219237] [robot_2.robot_supervisor]: Selected controllable event: EV_search_zone
[balanced_delivery_supervisor-22] [INFO] [1789488474.456842904] [robot_2.robot_supervisor]: Selected controllable event: EV_move_forward
[balanced_delivery_supervisor-20] [INFO] [1789488474.648081542] [robot_0.robot_supervisor]: FULL ROTATE completed by timeout
[balanced_delivery_supervisor-22] [INFO] [1789488474.718008076] [robot_2.robot_supervisor]: Selected controllable event: EV_search_zone
[balanced_delivery_supervisor-20] [INFO] [1789488474.861824953] [robot_0.robot_supervisor]: Triggered uncontrollable event: EV_zone_a_not_visible
[balanced_delivery_supervisor-20] [INFO] [1789488474.876213392] [robot_0.robot_supervisor]: Triggered uncontrollable event: EV_zone_b_not_visible
[balanced_delivery_supervisor-20] [INFO] [1789488474.889566555] [robot_0.robot_supervisor]: Selected controllable event: EV_move_forward
[balanced_delivery_supervisor-22] [INFO] [1789488474.945971119] [robot_2.robot_supervisor]: Triggered uncontrollable event: EV_zone_a_not_visible
[balanced_delivery_supervisor-22] [INFO] [1789488474.953458230] [robot_2.robot_supervisor]: Triggered uncontrollable event: EV_zone_b_not_visible
[balanced_delivery_supervisor-22] [INFO] [1789488474.963795119] [robot_2.robot_supervisor]: Selected controllable event: EV_move_forward
[balanced_delivery_supervisor-20] [INFO] [1789488475.140499415] [robot_0.robot_supervisor]: Selected controllable event: EV_search_zone
[balanced_delivery_supervisor-22] [INFO] [1789488475.221742940] [robot_2.robot_supervisor]: Selected controllable event: EV_move_forward
[balanced_delivery_supervisor-20] [INFO] [1789488475.330998138] [robot_0.robot_supervisor]: Selected controllable event: EV_move_forward
[balanced_delivery_supervisor-22] [INFO] [1789488475.521473279] [robot_2.robot_supervisor]: Selected controllable event: EV_search_zone
[balanced_delivery_supervisor-22] [INFO] [1789488475.634989432] [robot_2.robot_supervisor]: Selected controllable event: EV_move_forward
[balanced_delivery_supervisor-20] [INFO] [1789488475.640559819] [robot_0.robot_supervisor]: Selected controllable event: EV_search_zone
[balanced_delivery_supervisor-20] [INFO] [1789488475.764346595] [robot_0.robot_supervisor]: Selected controllable event: EV_move_forward
[balanced_delivery_supervisor-22] [INFO] [1789488475.925594125] [robot_2.robot_supervisor]: Triggered uncontrollable event: EV_zone_a_not_visible
[balanced_delivery_supervisor-22] [INFO] [1789488475.932352243] [robot_2.robot_supervisor]: Triggered uncontrollable event: EV_zone_b_not_visible
[balanced_delivery_supervisor-22] [INFO] [1789488475.940426165] [robot_2.robot_supervisor]: Selected controllable event: EV_move_forward
[balanced_delivery_supervisor-20] [INFO] [1789488476.044088760] [robot_0.robot_supervisor]: Triggered uncontrollable event: EV_zone_a_not_visible
[balanced_delivery_supervisor-20] [INFO] [1789488476.055876010] [robot_0.robot_supervisor]: Triggered uncontrollable event: EV_zone_b_not_visible
[balanced_delivery_supervisor-20] [INFO] [1789488476.067217710] [robot_0.robot_supervisor]: Selected controllable event: EV_move_forward
[balanced_delivery_supervisor-22] [INFO] [1789488476.241262568] [robot_2.robot_supervisor]: Selected controllable event: EV_search_zone
[balanced_delivery_supervisor-20] [INFO] [1789488476.350373636] [robot_0.robot_supervisor]: Selected controllable event: EV_search_zone
[balanced_delivery_supervisor-22] [INFO] [1789488476.448171251] [robot_2.robot_supervisor]: Selected controllable event: EV_search_zone
[balanced_delivery_supervisor-24] [INFO] [1789488476.526959582] [robot_1.robot_supervisor]: Zone-livelock escape completed
[balanced_delivery_supervisor-20] [INFO] [1789488476.563931884] [robot_0.robot_supervisor]: Selected controllable event: EV_search_zone
[balanced_delivery_supervisor-22] [INFO] [1789488476.617507972] [robot_2.robot_supervisor]: Selected controllable event: EV_search_zone
[balanced_delivery_supervisor-20] [INFO] [1789488476.744140197] [robot_0.robot_supervisor]: Selected controllable event: EV_search_zone
[balanced_delivery_supervisor-24] [INFO] [1789488476.751218516] [robot_1.robot_supervisor]: Triggered uncontrollable event: EV_zone_a_not_visible
[balanced_delivery_supervisor-24] [INFO] [1789488476.752137117] [robot_1.robot_supervisor]: Triggered uncontrollable event: EV_zone_b_not_visible
[balanced_delivery_supervisor-24] [INFO] [1789488476.775257640] [robot_1.robot_supervisor]: Selected controllable event: EV_move_forward
[balanced_delivery_supervisor-22] [INFO] [1789488476.831043777] [robot_2.robot_supervisor]: Triggered uncontrollable event: EV_zone_a_not_visible
[balanced_delivery_supervisor-22] [INFO] [1789488476.843298828] [robot_2.robot_supervisor]: Selected controllable event: EV_search_zone
[balanced_delivery_supervisor-20] [INFO] [1789488476.928617917] [robot_0.robot_supervisor]: Triggered uncontrollable event: EV_zone_a_visible
[balanced_delivery_supervisor-20] [INFO] [1789488476.937513217] [robot_0.robot_supervisor]: Triggered uncontrollable event: EV_zone_b_not_visible
[balanced_delivery_supervisor-20] [INFO] [1789488476.938577263] [robot_0.robot_supervisor]: Selected controllable event: EV_approach_zone
[balanced_delivery_supervisor-22] [INFO] [1789488477.017809975] [robot_2.robot_supervisor]: Triggered uncontrollable event: EV_zone_b_not_visible
[balanced_delivery_supervisor-24] [INFO] [1789488477.022570719] [robot_1.robot_supervisor]: Selected controllable event: EV_move_forward
[balanced_delivery_supervisor-22] [INFO] [1789488477.042803121] [robot_2.robot_supervisor]: Selected controllable event: EV_search_zone
[balanced_delivery_supervisor-20] [INFO] [1789488477.142516090] [robot_0.robot_supervisor]: Selected controllable event: EV_move_forward
[balanced_delivery_supervisor-22] [INFO] [1789488477.212436524] [robot_2.robot_supervisor]: Selected controllable event: EV_search_zone
[balanced_delivery_supervisor-22] [INFO] [1789488477.334417091] [robot_2.robot_supervisor]: Selected controllable event: EV_move_forward
[balanced_delivery_supervisor-24] [INFO] [1789488477.354948514] [robot_1.robot_supervisor]: Selected controllable event: EV_move_forward
[balanced_delivery_supervisor-20] [INFO] [1789488477.449057545] [robot_0.robot_supervisor]: Selected controllable event: EV_approach_zone
[balanced_delivery_supervisor-22] [INFO] [1789488477.643174956] [robot_2.robot_supervisor]: Selected controllable event: EV_search_zone
[balanced_delivery_supervisor-24] [INFO] [1789488477.646477411] [robot_1.robot_supervisor]: Selected controllable event: EV_move_forward
[balanced_delivery_supervisor-20] [INFO] [1789488477.755069116] [robot_0.robot_supervisor]: Selected controllable event: EV_move_forward
[balanced_delivery_supervisor-22] [INFO] [1789488477.834225548] [robot_2.robot_supervisor]: Triggered uncontrollable event: EV_zone_a_not_visible
[balanced_delivery_supervisor-22] [INFO] [1789488477.847623538] [robot_2.robot_supervisor]: Selected controllable event: EV_search_zone
[balanced_delivery_supervisor-24] [INFO] [1789488477.926911402] [robot_1.robot_supervisor]: Triggered uncontrollable event: EV_zone_a_not_visible
[balanced_delivery_supervisor-24] [INFO] [1789488477.927673139] [robot_1.robot_supervisor]: Triggered uncontrollable event: EV_zone_b_not_visible
[balanced_delivery_supervisor-24] [INFO] [1789488477.928604026] [robot_1.robot_supervisor]: Selected controllable event: EV_search_zone
[balanced_delivery_supervisor-22] [INFO] [1789488478.011790850] [robot_2.robot_supervisor]: Triggered uncontrollable event: EV_zone_b_not_visible
[balanced_delivery_supervisor-22] [INFO] [1789488478.029471851] [robot_2.robot_supervisor]: Selected controllable event: EV_move_forward
[balanced_delivery_supervisor-20] [INFO] [1789488478.038248908] [robot_0.robot_supervisor]: Triggered uncontrollable event: EV_zone_a_visible
[balanced_delivery_supervisor-20] [INFO] [1789488478.041811882] [robot_0.robot_supervisor]: Triggered uncontrollable event: EV_zone_b_not_visible
[balanced_delivery_supervisor-20] [INFO] [1789488478.049233861] [robot_0.robot_supervisor]: Selected controllable event: EV_move_forward
[balanced_delivery_supervisor-24] [INFO] [1789488478.135825139] [robot_1.robot_supervisor]: Selected controllable event: EV_search_zone
[balanced_delivery_supervisor-24] [INFO] [1789488478.252403162] [robot_1.robot_supervisor]: Selected controllable event: EV_search_zone
[balanced_delivery_supervisor-22] [INFO] [1789488478.323862667] [robot_2.robot_supervisor]: Selected controllable event: EV_move_forward
[balanced_delivery_supervisor-20] [INFO] [1789488478.354158233] [robot_0.robot_supervisor]: Selected controllable event: EV_approach_zone
[balanced_delivery_supervisor-24] [INFO] [1789488478.425230808] [robot_1.robot_supervisor]: Selected controllable event: EV_move_forward
[color_detector-29] [INFO] [1789488478.479079328] [robot_2.target_detector]: RGB HEARTBEAT frames_total=170 recent_rate_hz=1.059 last_frame_age_s=0.729 status=OK
[color_detector-27] [INFO] [1789488478.484797843] [robot_0.target_detector]: RGB HEARTBEAT frames_total=170 recent_rate_hz=1.058 last_frame_age_s=0.778 status=OK
[color_detector-31] [INFO] [1789488478.510298554] [robot_1.target_detector]: RGB HEARTBEAT frames_total=170 recent_rate_hz=1.055 last_frame_age_s=0.875 status=OK
[balanced_delivery_supervisor-20] [INFO] [1789488478.634252673] [robot_0.robot_supervisor]: Selected controllable event: EV_approach_zone
[balanced_delivery_supervisor-22] [INFO] [1789488478.645910436] [robot_2.robot_supervisor]: Selected controllable event: EV_move_forward
[balanced_delivery_supervisor-24] [INFO] [1789488478.646612969] [robot_1.robot_supervisor]: Selected controllable event: EV_move_forward
[balanced_delivery_supervisor-22] [INFO] [1789488478.912912345] [robot_2.robot_supervisor]: Triggered uncontrollable event: EV_zone_a_not_visible
[balanced_delivery_supervisor-22] [INFO] [1789488478.922551621] [robot_2.robot_supervisor]: Triggered uncontrollable event: EV_zone_b_not_visible
[balanced_delivery_supervisor-22] [INFO] [1789488478.923525143] [robot_2.robot_supervisor]: Selected controllable event: EV_move_forward
[balanced_delivery_supervisor-24] [INFO] [1789488478.928592594] [robot_1.robot_supervisor]: Triggered uncontrollable event: EV_zone_a_not_visible
[balanced_delivery_supervisor-24] [INFO] [1789488478.929419658] [robot_1.robot_supervisor]: Triggered uncontrollable event: EV_zone_b_not_visible
[balanced_delivery_supervisor-24] [INFO] [1789488478.944902687] [robot_1.robot_supervisor]: Selected controllable event: EV_move_forward
[balanced_delivery_supervisor-20] [INFO] [1789488478.949023516] [robot_0.robot_supervisor]: Triggered uncontrollable event: EV_zone_a_visible
[balanced_delivery_supervisor-20] [INFO] [1789488478.949758264] [robot_0.robot_supervisor]: Triggered uncontrollable event: EV_zone_b_not_visible
[balanced_delivery_supervisor-20] [INFO] [1789488478.967140318] [robot_0.robot_supervisor]: Selected controllable event: EV_approach_zone
[balanced_delivery_supervisor-22] [INFO] [1789488479.142179919] [robot_2.robot_supervisor]: Selected controllable event: EV_move_forward
[balanced_delivery_supervisor-24] [INFO] [1789488479.230303134] [robot_1.robot_supervisor]: Selected controllable event: EV_move_forward
[balanced_delivery_supervisor-20] [INFO] [1789488479.244102690] [robot_0.robot_supervisor]: Selected controllable event: EV_move_forward
[balanced_delivery_supervisor-22] [INFO] [1789488479.427721709] [robot_2.robot_supervisor]: Selected controllable event: EV_search_zone
[balanced_delivery_supervisor-24] [INFO] [1789488479.513407073] [robot_1.robot_supervisor]: Selected controllable event: EV_search_zone
[balanced_delivery_supervisor-20] [INFO] [1789488479.546456439] [robot_0.robot_supervisor]: Selected controllable event: EV_approach_zone
[balanced_delivery_supervisor-22] [INFO] [1789488479.636092951] [robot_2.robot_supervisor]: Selected controllable event: EV_move_forward
[balanced_delivery_supervisor-24] [INFO] [1789488479.651549856] [robot_1.robot_supervisor]: Triggered uncontrollable event: EV_zone_a_not_visible
[balanced_delivery_supervisor-24] [INFO] [1789488479.661954281] [robot_1.robot_supervisor]: Selected controllable event: EV_move_forward
[balanced_delivery_supervisor-20] [INFO] [1789488479.748126316] [robot_0.robot_supervisor]: Triggered uncontrollable event: EV_zone_a_visible
[balanced_delivery_supervisor-20] [INFO] [1789488479.748836542] [robot_0.robot_supervisor]: Triggered uncontrollable event: EV_zone_b_not_visible
[balanced_delivery_supervisor-20] [INFO] [1789488479.749663439] [robot_0.robot_supervisor]: Selected controllable event: EV_approach_zone
[balanced_delivery_supervisor-22] [INFO] [1789488479.923690306] [robot_2.robot_supervisor]: Triggered uncontrollable event: EV_zone_a_not_visible
[balanced_delivery_supervisor-22] [INFO] [1789488479.935271649] [robot_2.robot_supervisor]: Triggered uncontrollable event: EV_zone_b_not_visible
[balanced_delivery_supervisor-22] [INFO] [1789488479.936114211] [robot_2.robot_supervisor]: Selected controllable event: EV_search_zone
[balanced_delivery_supervisor-24] [INFO] [1789488479.947803755] [robot_1.robot_supervisor]: Triggered uncontrollable event: EV_zone_b_not_visible
[balanced_delivery_supervisor-24] [INFO] [1789488479.954738571] [robot_1.robot_supervisor]: Selected controllable event: EV_search_zone
[balanced_delivery_supervisor-20] [INFO] [1789488480.051061546] [robot_0.robot_supervisor]: Selected controllable event: EV_approach_zone
[balanced_delivery_supervisor-22] [INFO] [1789488480.119207309] [robot_2.robot_supervisor]: Selected controllable event: EV_search_zone
[balanced_delivery_supervisor-24] [INFO] [1789488480.125729367] [robot_1.robot_supervisor]: Selected controllable event: EV_move_forward
[balanced_delivery_supervisor-22] [INFO] [1789488480.309810972] [robot_2.robot_supervisor]: Selected controllable event: EV_move_forward
[balanced_delivery_supervisor-20] [INFO] [1789488480.332447306] [robot_0.robot_supervisor]: Selected controllable event: EV_approach_zone
[balanced_delivery_supervisor-24] [INFO] [1789488480.430829846] [robot_1.robot_supervisor]: Selected controllable event: EV_search_zone
[balanced_delivery_supervisor-22] [INFO] [1789488480.530136152] [robot_2.robot_supervisor]: Selected controllable event: EV_move_forward
[balanced_delivery_supervisor-20] [INFO] [1789488480.549555947] [robot_0.robot_supervisor]: Triggered uncontrollable event: EV_zone_a_visible
[balanced_delivery_supervisor-20] [INFO] [1789488480.550491255] [robot_0.robot_supervisor]: Selected controllable event: EV_approach_zone
[balanced_delivery_supervisor-24] [INFO] [1789488480.650768252] [robot_1.robot_supervisor]: Triggered uncontrollable event: EV_zone_a_not_visible
[balanced_delivery_supervisor-24] [INFO] [1789488480.657286127] [robot_1.robot_supervisor]: Triggered uncontrollable event: EV_zone_b_not_visible
[balanced_delivery_supervisor-24] [INFO] [1789488480.663659314] [robot_1.robot_supervisor]: Selected controllable event: EV_search_zone
[balanced_delivery_supervisor-22] [INFO] [1789488480.740785199] [robot_2.robot_supervisor]: Triggered uncontrollable event: EV_zone_a_not_visible
[balanced_delivery_supervisor-22] [INFO] [1789488480.741496427] [robot_2.robot_supervisor]: Triggered uncontrollable event: EV_zone_b_not_visible
[balanced_delivery_supervisor-22] [INFO] [1789488480.742351020] [robot_2.robot_supervisor]: Selected controllable event: EV_search_zone
[balanced_delivery_supervisor-24] [INFO] [1789488480.826910442] [robot_1.robot_supervisor]: Selected controllable event: EV_move_forward
[balanced_delivery_supervisor-20] [INFO] [1789488480.854704063] [robot_0.robot_supervisor]: Triggered uncontrollable event: EV_zone_b_visible
[balanced_delivery_supervisor-20] [INFO] [1789488480.855760368] [robot_0.robot_supervisor]: Selected controllable event: EV_move_forward
[balanced_delivery_supervisor-22] [INFO] [1789488480.925614341] [robot_2.robot_supervisor]: Selected controllable event: EV_move_forward
[balanced_delivery_supervisor-22] [INFO] [1789488481.135001207] [robot_2.robot_supervisor]: Selected controllable event: EV_move_forward
[balanced_delivery_supervisor-24] [INFO] [1789488481.135990212] [robot_1.robot_supervisor]: Selected controllable event: EV_search_zone
[balanced_delivery_supervisor-20] [INFO] [1789488481.150044080] [robot_0.robot_supervisor]: Selected controllable event: EV_approach_zone
[balanced_delivery_supervisor-24] [INFO] [1789488481.325858803] [robot_1.robot_supervisor]: Selected controllable event: EV_search_zone
[balanced_delivery_supervisor-20] [INFO] [1789488481.355336631] [robot_0.robot_supervisor]: Selected controllable event: EV_move_forward
[balanced_delivery_supervisor-22] [INFO] [1789488481.429837868] [robot_2.robot_supervisor]: Selected controllable event: EV_move_forward
[balanced_delivery_supervisor-24] [INFO] [1789488481.532312420] [robot_1.robot_supervisor]: Triggered uncontrollable event: EV_zone_a_not_visible
[balanced_delivery_supervisor-24] [INFO] [1789488481.542266193] [robot_1.robot_supervisor]: Triggered uncontrollable event: EV_zone_b_not_visible
[balanced_delivery_supervisor-24] [INFO] [1789488481.549075407] [robot_1.robot_supervisor]: Selected controllable event: EV_move_forward
[balanced_delivery_supervisor-20] [INFO] [1789488481.660581457] [robot_0.robot_supervisor]: Triggered uncontrollable event: EV_zone_a_visible
[balanced_delivery_supervisor-20] [INFO] [1789488481.661344913] [robot_0.robot_supervisor]: Triggered uncontrollable event: EV_zone_b_visible
[balanced_delivery_supervisor-20] [INFO] [1789488481.662262031] [robot_0.robot_supervisor]: Selected controllable event: EV_move_forward
[balanced_delivery_supervisor-22] [INFO] [1789488481.715065320] [robot_2.robot_supervisor]: Triggered uncontrollable event: EV_zone_a_not_visible
[balanced_delivery_supervisor-22] [INFO] [1789488481.715893575] [robot_2.robot_supervisor]: Triggered uncontrollable event: EV_zone_b_not_visible
[balanced_delivery_supervisor-22] [INFO] [1789488481.729414208] [robot_2.robot_supervisor]: Selected controllable event: EV_move_forward
[balanced_delivery_supervisor-24] [INFO] [1789488481.829258205] [robot_1.robot_supervisor]: Selected controllable event: EV_search_zone
[balanced_delivery_supervisor-20] [INFO] [1789488481.931676496] [robot_0.robot_supervisor]: Selected controllable event: EV_approach_zone
[balanced_delivery_supervisor-24] [INFO] [1789488482.022314476] [robot_1.robot_supervisor]: Selected controllable event: EV_move_forward
[balanced_delivery_supervisor-22] [INFO] [1789488482.041327066] [robot_2.robot_supervisor]: Selected controllable event: EV_search_zone
[balanced_delivery_supervisor-20] [INFO] [1789488482.235974756] [robot_0.robot_supervisor]: Selected controllable event: EV_move_forward
[balanced_delivery_supervisor-22] [INFO] [1789488482.247508918] [robot_2.robot_supervisor]: Selected controllable event: EV_search_zone
[balanced_delivery_supervisor-24] [INFO] [1789488482.331664345] [robot_1.robot_supervisor]: Selected controllable event: EV_move_forward
[balanced_delivery_supervisor-22] [INFO] [1789488482.423687364] [robot_2.robot_supervisor]: Selected controllable event: EV_search_zone
[balanced_delivery_supervisor-20] [INFO] [1789488482.453457052] [robot_0.robot_supervisor]: Selected controllable event: EV_approach_zone
[balanced_delivery_supervisor-22] [INFO] [1789488482.540519641] [robot_2.robot_supervisor]: Triggered uncontrollable event: EV_zone_a_not_visible
[balanced_delivery_supervisor-22] [INFO] [1789488482.555689505] [robot_2.robot_supervisor]: Triggered uncontrollable event: EV_obstacle_right
[balanced_delivery_supervisor-22] [INFO] [1789488482.563321547] [robot_2.robot_supervisor]: Selected controllable event: EV_rotate_counterclockwise
[balanced_delivery_supervisor-24] [INFO] [1789488482.629378367] [robot_1.robot_supervisor]: Triggered uncontrollable event: EV_zone_a_not_visible
[balanced_delivery_supervisor-24] [INFO] [1789488482.641318170] [robot_1.robot_supervisor]: Triggered uncontrollable event: EV_zone_b_not_visible
[balanced_delivery_supervisor-24] [INFO] [1789488482.642640828] [robot_1.robot_supervisor]: Selected controllable event: EV_search_zone
[balanced_delivery_supervisor-22] [INFO] [1789488482.722908207] [robot_2.robot_supervisor]: Triggered uncontrollable event: EV_obstacle_right
[balanced_delivery_supervisor-22] [INFO] [1789488482.730513137] [robot_2.robot_supervisor]: Triggered uncontrollable event: EV_zone_b_not_visible
[balanced_delivery_supervisor-22] [INFO] [1789488482.745172718] [robot_2.robot_supervisor]: Selected controllable event: EV_u_turn
[balanced_delivery_supervisor-22] [INFO] [1789488482.746193140] [robot_2.robot_supervisor]: Starting FULL ROTATE (omega=1.000, have_odom=True, target_rad=3.142, timeout_s=3.500)
[balanced_delivery_supervisor-20] [INFO] [1789488482.746512467] [robot_0.robot_supervisor]: Triggered uncontrollable event: EV_zone_a_visible
[balanced_delivery_supervisor-20] [INFO] [1789488482.749992671] [robot_0.robot_supervisor]: Triggered uncontrollable event: EV_zone_b_visible
[balanced_delivery_supervisor-20] [INFO] [1789488482.751078591] [robot_0.robot_supervisor]: Selected controllable event: EV_move_forward
[balanced_delivery_supervisor-24] [INFO] [1789488482.846694009] [robot_1.robot_supervisor]: Selected controllable event: EV_search_zone
[balanced_delivery_supervisor-24] [INFO] [1789488483.025783160] [robot_1.robot_supervisor]: Selected controllable event: EV_move_forward
[balanced_delivery_supervisor-20] [INFO] [1789488483.053463738] [robot_0.robot_supervisor]: Selected controllable event: EV_move_forward
[balanced_delivery_supervisor-24] [INFO] [1789488483.258235772] [robot_1.robot_supervisor]: Selected controllable event: EV_move_forward
[balanced_delivery_supervisor-20] [INFO] [1789488483.344364895] [robot_0.robot_supervisor]: Selected controllable event: EV_approach_zone
[balanced_delivery_supervisor-24] [INFO] [1789488483.521546904] [robot_1.robot_supervisor]: Triggered uncontrollable event: EV_zone_a_not_visible
[balanced_delivery_supervisor-24] [INFO] [1789488483.539141799] [robot_1.robot_supervisor]: Triggered uncontrollable event: EV_obstacle_right
[balanced_delivery_supervisor-24] [INFO] [1789488483.540245039] [robot_1.robot_supervisor]: Selected controllable event: EV_rotate_counterclockwise
[balanced_delivery_supervisor-20] [INFO] [1789488483.628913306] [robot_0.robot_supervisor]: Triggered uncontrollable event: EV_zone_a_visible
[balanced_delivery_supervisor-20] [INFO] [1789488483.629968011] [robot_0.robot_supervisor]: Selected controllable event: EV_move_forward
[balanced_delivery_supervisor-24] [INFO] [1789488483.725561924] [robot_1.robot_supervisor]: Triggered uncontrollable event: EV_obstacle_right
[balanced_delivery_supervisor-24] [INFO] [1789488483.726372004] [robot_1.robot_supervisor]: Triggered uncontrollable event: EV_zone_b_not_visible
[balanced_delivery_supervisor-24] [INFO] [1789488483.727322127] [robot_1.robot_supervisor]: Selected controllable event: EV_u_turn
[balanced_delivery_supervisor-24] [INFO] [1789488483.747939613] [robot_1.robot_supervisor]: Starting FULL ROTATE (omega=1.000, have_odom=True, target_rad=3.142, timeout_s=3.500)
[balanced_delivery_supervisor-20] [INFO] [1789488483.846242376] [robot_0.robot_supervisor]: Triggered uncontrollable event: EV_zone_b_visible
[balanced_delivery_supervisor-20] [INFO] [1789488483.847242697] [robot_0.robot_supervisor]: Selected controllable event: EV_approach_zone
[balanced_delivery_supervisor-20] [INFO] [1789488484.132597357] [robot_0.robot_supervisor]: Selected controllable event: EV_approach_zone
[balanced_delivery_supervisor-20] [INFO] [1789488484.338515795] [robot_0.robot_supervisor]: Selected controllable event: EV_approach_zone
[balanced_delivery_supervisor-20] [INFO] [1789488484.560559905] [robot_0.robot_supervisor]: Selected controllable event: EV_move_forward
[balanced_delivery_supervisor-20] [INFO] [1789488484.824006164] [robot_0.robot_supervisor]: Triggered uncontrollable event: EV_zone_a_visible
[balanced_delivery_supervisor-20] [INFO] [1789488484.824804174] [robot_0.robot_supervisor]: Triggered uncontrollable event: EV_zone_b_visible
[balanced_delivery_supervisor-20] [INFO] [1789488484.835376106] [robot_0.robot_supervisor]: Selected controllable event: EV_move_forward
[balanced_delivery_supervisor-20] [INFO] [1789488485.131966745] [robot_0.robot_supervisor]: Selected controllable event: EV_approach_zone
[balanced_delivery_supervisor-20] [INFO] [1789488485.442555681] [robot_0.robot_supervisor]: Triggered uncontrollable event: EV_zone_a_visible
[balanced_delivery_supervisor-20] [INFO] [1789488485.443343792] [robot_0.robot_supervisor]: Triggered uncontrollable event: EV_zone_b_visible
[balanced_delivery_supervisor-20] [INFO] [1789488485.453589461] [robot_0.robot_supervisor]: Selected controllable event: EV_approach_zone
[balanced_delivery_supervisor-20] [INFO] [1789488485.749858207] [robot_0.robot_supervisor]: Selected controllable event: EV_approach_zone
[balanced_delivery_supervisor-20] [INFO] [1789488486.034470976] [robot_0.robot_supervisor]: Selected controllable event: EV_approach_zone
[balanced_delivery_supervisor-22] [INFO] [1789488486.307715987] [robot_2.robot_supervisor]: FULL ROTATE completed by timeout
[balanced_delivery_supervisor-20] [INFO] [1789488486.335130636] [robot_0.robot_supervisor]: Triggered uncontrollable event: EV_zone_a_visible
[balanced_delivery_supervisor-20] [INFO] [1789488486.336049988] [robot_0.robot_supervisor]: Selected controllable event: EV_approach_zone
[balanced_delivery_supervisor-22] [INFO] [1789488486.531531092] [robot_2.robot_supervisor]: Triggered uncontrollable event: EV_zone_a_visible
[balanced_delivery_supervisor-22] [INFO] [1789488486.532358323] [robot_2.robot_supervisor]: Triggered uncontrollable event: EV_zone_b_not_visible
[balanced_delivery_supervisor-22] [INFO] [1789488486.542224046] [robot_2.robot_supervisor]: Selected controllable event: EV_approach_zone
[balanced_delivery_supervisor-20] [INFO] [1789488486.635338165] [robot_0.robot_supervisor]: Triggered uncontrollable event: EV_zone_b_visible
[balanced_delivery_supervisor-20] [INFO] [1789488486.636257858] [robot_0.robot_supervisor]: Selected controllable event: EV_approach_zone
[balanced_delivery_supervisor-22] [INFO] [1789488486.817583818] [robot_2.robot_supervisor]: Selected controllable event: EV_move_forward
[balanced_delivery_supervisor-20] [INFO] [1789488486.859752644] [robot_0.robot_supervisor]: Selected controllable event: EV_move_forward
[balanced_delivery_supervisor-22] [INFO] [1789488487.026177858] [robot_2.robot_supervisor]: Selected controllable event: EV_approach_zone
[balanced_delivery_supervisor-20] [INFO] [1789488487.142804724] [robot_0.robot_supervisor]: Triggered uncontrollable event: EV_zone_a_visible
[balanced_delivery_supervisor-20] [INFO] [1789488487.157796502] [robot_0.robot_supervisor]: Triggered uncontrollable event: EV_zone_b_visible
[balanced_delivery_supervisor-20] [INFO] [1789488487.158643209] [robot_0.robot_supervisor]: Selected controllable event: EV_move_forward
[balanced_delivery_supervisor-22] [INFO] [1789488487.307247219] [robot_2.robot_supervisor]: Triggered uncontrollable event: EV_zone_a_visible
[balanced_delivery_supervisor-22] [INFO] [1789488487.320115682] [robot_2.robot_supervisor]: Triggered uncontrollable event: EV_zone_b_not_visible
[balanced_delivery_supervisor-22] [INFO] [1789488487.321061262] [robot_2.robot_supervisor]: Selected controllable event: EV_approach_zone
[balanced_delivery_supervisor-24] [INFO] [1789488487.333198640] [robot_1.robot_supervisor]: FULL ROTATE completed by timeout
[balanced_delivery_supervisor-20] [INFO] [1789488487.437276672] [robot_0.robot_supervisor]: Selected controllable event: EV_approach_zone
[balanced_delivery_supervisor-22] [INFO] [1789488487.531336123] [robot_2.robot_supervisor]: Selected controllable event: EV_approach_zone
[color_detector-29] [INFO] [1789488487.576613698] [robot_2.target_detector]: RGB HEARTBEAT frames_total=180 recent_rate_hz=1.101 last_frame_age_s=0.478 status=OK
[color_detector-31] [INFO] [1789488487.592974637] [robot_1.target_detector]: RGB HEARTBEAT frames_total=180 recent_rate_hz=1.103 last_frame_age_s=0.711 status=OK
[color_detector-27] [INFO] [1789488487.602546546] [robot_0.target_detector]: RGB HEARTBEAT frames_total=180 recent_rate_hz=1.099 last_frame_age_s=0.624 status=OK
[balanced_delivery_supervisor-24] [INFO] [1789488487.627469358] [robot_1.robot_supervisor]: Triggered uncontrollable event: EV_zone_a_not_visible
[balanced_delivery_supervisor-24] [INFO] [1789488487.638731387] [robot_1.robot_supervisor]: Triggered uncontrollable event: EV_zone_b_not_visible
[balanced_delivery_supervisor-24] [INFO] [1789488487.639642824] [robot_1.robot_supervisor]: Selected controllable event: EV_search_zone
[balanced_delivery_supervisor-20] [INFO] [1789488487.668429817] [robot_0.robot_supervisor]: Selected controllable event: EV_move_forward
[balanced_delivery_supervisor-24] [INFO] [1789488487.742970651] [robot_1.robot_supervisor]: Triggered uncontrollable event: EV_zone_a_not_visible
[balanced_delivery_supervisor-24] [INFO] [1789488487.749526248] [robot_1.robot_supervisor]: Selected controllable event: EV_search_zone
[balanced_delivery_supervisor-22] [INFO] [1789488487.815475540] [robot_2.robot_supervisor]: Selected controllable event: EV_approach_zone
[balanced_delivery_supervisor-24] [INFO] [1789488487.928186135] [robot_1.robot_supervisor]: Triggered uncontrollable event: EV_zone_b_not_visible
[balanced_delivery_supervisor-24] [INFO] [1789488487.933249849] [robot_1.robot_supervisor]: Selected controllable event: EV_move_forward
[balanced_delivery_supervisor-20] [INFO] [1789488487.934170079] [robot_0.robot_supervisor]: Triggered uncontrollable event: EV_zone_a_visible
[balanced_delivery_supervisor-20] [INFO] [1789488487.934821682] [robot_0.robot_supervisor]: Triggered uncontrollable event: EV_zone_b_visible
[balanced_delivery_supervisor-20] [INFO] [1789488487.935616048] [robot_0.robot_supervisor]: Selected controllable event: EV_move_forward
[balanced_delivery_supervisor-22] [INFO] [1789488488.113879222] [robot_2.robot_supervisor]: Triggered uncontrollable event: EV_zone_a_visible
[balanced_delivery_supervisor-22] [INFO] [1789488488.114529254] [robot_2.robot_supervisor]: Triggered uncontrollable event: EV_zone_b_visible
[balanced_delivery_supervisor-22] [INFO] [1789488488.127259624] [robot_2.robot_supervisor]: Selected controllable event: EV_move_forward
[balanced_delivery_supervisor-24] [INFO] [1789488488.223779316] [robot_1.robot_supervisor]: Selected controllable event: EV_search_zone
[balanced_delivery_supervisor-20] [INFO] [1789488488.236729584] [robot_0.robot_supervisor]: Selected controllable event: EV_move_forward
[INFO] [coverage_counter-4]: process has finished cleanly [pid 66218]
[INFO] [launch]: process[coverage_counter-4] was required: shutting down launched system
[INFO] [color_detector-31]: sending signal 'SIGINT' to process[color_detector-31]
[INFO] [image_processor-30]: sending signal 'SIGINT' to process[image_processor-30]
[INFO] [color_detector-29]: sending signal 'SIGINT' to process[color_detector-29]
[INFO] [image_processor-28]: sending signal 'SIGINT' to process[image_processor-28]
[INFO] [color_detector-27]: sending signal 'SIGINT' to process[color_detector-27]
[INFO] [image_processor-26]: sending signal 'SIGINT' to process[image_processor-26]
[INFO] [stuck_recovery-25]: sending signal 'SIGINT' to process[stuck_recovery-25]
[INFO] [balanced_delivery_supervisor-24]: sending signal 'SIGINT' to process[balanced_delivery_supervisor-24]
[INFO] [stuck_recovery-23]: sending signal 'SIGINT' to process[stuck_recovery-23]
[INFO] [balanced_delivery_supervisor-22]: sending signal 'SIGINT' to process[balanced_delivery_supervisor-22]
[INFO] [stuck_recovery-21]: sending signal 'SIGINT' to process[stuck_recovery-21]
[INFO] [balanced_delivery_supervisor-20]: sending signal 'SIGINT' to process[balanced_delivery_supervisor-20]
[INFO] [parameter_bridge-19]: sending signal 'SIGINT' to process[parameter_bridge-19]
[INFO] [image_bridge-18]: sending signal 'SIGINT' to process[image_bridge-18]
[INFO] [parameter_bridge-19]: process has finished cleanly [pid 66528]
[INFO] [static_transform_publisher-17]: sending signal 'SIGINT' to process[static_transform_publisher-17]
[INFO] [robot_state_publisher-15]: sending signal 'SIGINT' to process[robot_state_publisher-15]
[INFO] [image_bridge-14]: sending signal 'SIGINT' to process[image_bridge-14]
[INFO] [static_transform_publisher-13]: sending signal 'SIGINT' to process[static_transform_publisher-13]
[INFO] [robot_state_publisher-11]: sending signal 'SIGINT' to process[robot_state_publisher-11]
[INFO] [image_bridge-10]: sending signal 'SIGINT' to process[image_bridge-10]
[INFO] [static_transform_publisher-9]: sending signal 'SIGINT' to process[static_transform_publisher-9]
[INFO] [robot_state_publisher-7]: sending signal 'SIGINT' to process[robot_state_publisher-7]
[INFO] [parameter_bridge-6]: sending signal 'SIGINT' to process[parameter_bridge-6]
[INFO] [bump_counter-5]: sending signal 'SIGINT' to process[bump_counter-5]
[INFO] [simulation_video_recorder-3]: sending signal 'SIGINT' to process[simulation_video_recorder-3]
[INFO] [image_bridge-2]: sending signal 'SIGINT' to process[image_bridge-2]
[INFO] [ign gazebo-1]: sending signal 'SIGINT' to process[ign gazebo-1]
[balanced_delivery_supervisor-22] [INFO] [1789488488.416942391] [robot_2.robot_supervisor]: Selected controllable event: EV_approach_zone
[balanced_delivery_supervisor-24] [INFO] [1789488488.433308536] [robot_1.robot_supervisor]: Selected controllable event: EV_search_zone
[balanced_delivery_supervisor-20] [INFO] [1789488488.550103500] [robot_0.robot_supervisor]: Selected controllable event: EV_move_forward
[balanced_delivery_supervisor-24] [INFO] [1789488488.636059817] [robot_1.robot_supervisor]: Triggered uncontrollable event: EV_zone_b_visible
[balanced_delivery_supervisor-24] [INFO] [1789488488.642650947] [robot_1.robot_supervisor]: Triggered uncontrollable event: EV_zone_a_not_visible
[balanced_delivery_supervisor-24] [INFO] [1789488488.655787776] [robot_1.robot_supervisor]: Selected controllable event: EV_approach_zone
[balanced_delivery_supervisor-22] [INFO] [1789488488.670567103] [robot_2.robot_supervisor]: Selected controllable event: EV_move_forward
[balanced_delivery_supervisor-20] [INFO] [1789488488.878321331] [robot_0.robot_supervisor]: Triggered uncontrollable event: EV_zone_a_visible
[balanced_delivery_supervisor-20] [INFO] [1789488488.893387038] [robot_0.robot_supervisor]: Triggered uncontrollable event: EV_zone_b_visible
[balanced_delivery_supervisor-20] [INFO] [1789488488.902642845] [robot_0.robot_supervisor]: Selected controllable event: EV_move_forward
[balanced_delivery_supervisor-22] [INFO] [1789488488.919038751] [robot_2.robot_supervisor]: Triggered uncontrollable event: EV_zone_a_visible
[balanced_delivery_supervisor-22] [INFO] [1789488488.938472264] [robot_2.robot_supervisor]: Triggered uncontrollable event: EV_zone_b_visible
[balanced_delivery_supervisor-22] [INFO] [1789488488.948644469] [robot_2.robot_supervisor]: Selected controllable event: EV_approach_zone
[balanced_delivery_supervisor-24] [INFO] [1789488488.935239079] [robot_1.robot_supervisor]: Selected controllable event: EV_approach_zone
[balanced_delivery_supervisor-20] [INFO] [1789488489.145696553] [robot_0.robot_supervisor]: Selected controllable event: EV_approach_zone
[balanced_delivery_supervisor-22] [INFO] [1789488489.210901622] [robot_2.robot_supervisor]: Selected controllable event: EV_move_forward
[balanced_delivery_supervisor-24] [INFO] [1789488489.216304837] [robot_1.robot_supervisor]: Selected controllable event: EV_approach_zone
[balanced_delivery_supervisor-20] [INFO] [1789488489.439855975] [robot_0.robot_supervisor]: Selected controllable event: EV_approach_zone
[parameter_bridge-19] [INFO] [1789488489.581544754] [rclcpp]: signal_handler(SIGINT/SIGTERM)
[image_bridge-18] [INFO] [1789488489.598942759] [rclcpp]: signal_handler(SIGINT/SIGTERM)
[static_transform_publisher-17] [INFO] [1789488489.608473606] [rclcpp]: signal_handler(SIGINT/SIGTERM)
[robot_state_publisher-15] [INFO] [1789488489.626736183] [rclcpp]: signal_handler(SIGINT/SIGTERM)
[image_bridge-14] [INFO] [1789488489.747177563] [rclcpp]: signal_handler(SIGINT/SIGTERM)
[static_transform_publisher-13] [INFO] [1789488489.822168774] [rclcpp]: signal_handler(SIGINT/SIGTERM)
[robot_state_publisher-11] [INFO] [1789488489.889231521] [rclcpp]: signal_handler(SIGINT/SIGTERM)
[image_bridge-10] [INFO] [1789488489.948072361] [rclcpp]: signal_handler(SIGINT/SIGTERM)
[static_transform_publisher-9] [INFO] [1789488490.011900796] [rclcpp]: signal_handler(SIGINT/SIGTERM)
[robot_state_publisher-7] [INFO] [1789488490.054482559] [rclcpp]: signal_handler(SIGINT/SIGTERM)
[color_detector-31] Traceback (most recent call last):
[color_detector-31]   File "/home/ecem/sct_ws/install/leo_image_processing/lib/python3.10/site-packages/color_detector.py", line 325, in main
[color_detector-31]     rclpy.spin(node)
[color_detector-31]   File "/opt/ros/humble/local/lib/python3.10/dist-packages/rclpy/__init__.py", line 229, in spin
[color_detector-31]     executor.spin_once()
[color_detector-31]   File "/opt/ros/humble/local/lib/python3.10/dist-packages/rclpy/executors.py", line 773, in spin_once
[color_detector-31]     self._spin_once_impl(timeout_sec)
[color_detector-31]   File "/opt/ros/humble/local/lib/python3.10/dist-packages/rclpy/executors.py", line 770, in _spin_once_impl
[color_detector-31]     raise handler.exception()
[color_detector-31]   File "/opt/ros/humble/local/lib/python3.10/dist-packages/rclpy/task.py", line 254, in __call__
[color_detector-31]     self._handler.send(None)
[color_detector-31]   File "/opt/ros/humble/local/lib/python3.10/dist-packages/rclpy/executors.py", line 453, in handler
[color_detector-31]     arg = take_from_wait_list(entity)
[color_detector-31]   File "/opt/ros/humble/local/lib/python3.10/dist-packages/rclpy/executors.py", line 375, in _take_subscription
[color_detector-31]     msg_info = sub.handle.take_message(sub.msg_type, sub.raw)
[color_detector-31] RuntimeError: Unable to convert call argument to Python object (compile in debug mode for details)
[color_detector-31] 
[color_detector-31] During handling of the above exception, another exception occurred:
[color_detector-31] 
[color_detector-31] Traceback (most recent call last):
[color_detector-31]   File "/home/ecem/sct_ws/install/leo_image_processing/lib/leo_image_processing/color_detector", line 33, in <module>
[color_detector-31]     sys.exit(load_entry_point('leo-image-processing==0.0.0', 'console_scripts', 'color_detector')())
[color_detector-31]   File "/home/ecem/sct_ws/install/leo_image_processing/lib/python3.10/site-packages/color_detector.py", line 330, in main
[color_detector-31]     rclpy.shutdown()
[color_detector-31]   File "/opt/ros/humble/local/lib/python3.10/dist-packages/rclpy/__init__.py", line 130, in shutdown
[color_detector-31]     _shutdown(context=context)
[color_detector-31]   File "/opt/ros/humble/local/lib/python3.10/dist-packages/rclpy/utilities.py", line 58, in shutdown
[color_detector-31]     return context.shutdown()
[color_detector-31]   File "/opt/ros/humble/local/lib/python3.10/dist-packages/rclpy/context.py", line 102, in shutdown
[color_detector-31]     self.__context.shutdown()
[color_detector-31] rclpy._rclpy_pybind11.RCLError: failed to shutdown: rcl_shutdown already called on the given context, at ./src/rcl/init.c:241
[parameter_bridge-6] [INFO] [1789488490.123368385] [rclcpp]: signal_handler(SIGINT/SIGTERM)
[image_processor-30] Traceback (most recent call last):
[image_processor-30]   File "/home/ecem/sct_ws/install/leo_image_processing/lib/leo_image_processing/image_processor", line 33, in <module>
[image_processor-30]     sys.exit(load_entry_point('leo-image-processing==0.0.0', 'console_scripts', 'image_processor')())
[image_processor-30]   File "/home/ecem/sct_ws/install/leo_image_processing/lib/python3.10/site-packages/leo_image_processing.py", line 118, in main
[image_processor-30]     rclpy.shutdown()
[image_processor-30]   File "/opt/ros/humble/local/lib/python3.10/dist-packages/rclpy/__init__.py", line 130, in shutdown
[image_processor-30]     _shutdown(context=context)
[image_processor-30]   File "/opt/ros/humble/local/lib/python3.10/dist-packages/rclpy/utilities.py", line 58, in shutdown
[image_processor-30]     return context.shutdown()
[image_processor-30]   File "/opt/ros/humble/local/lib/python3.10/dist-packages/rclpy/context.py", line 102, in shutdown
[image_processor-30]     self.__context.shutdown()
[image_processor-30] rclpy._rclpy_pybind11.RCLError: failed to shutdown: rcl_shutdown already called on the given context, at ./src/rcl/init.c:241
[image_bridge-2] [INFO] [1789488490.338275320] [rclcpp]: signal_handler(SIGINT/SIGTERM)
[color_detector-29] Traceback (most recent call last):
[color_detector-29]   File "/home/ecem/sct_ws/install/leo_image_processing/lib/python3.10/site-packages/color_detector.py", line 325, in main
[color_detector-29]     rclpy.spin(node)
[color_detector-29]   File "/opt/ros/humble/local/lib/python3.10/dist-packages/rclpy/__init__.py", line 229, in spin
[color_detector-29]     executor.spin_once()
[color_detector-29]   File "/opt/ros/humble/local/lib/python3.10/dist-packages/rclpy/executors.py", line 773, in spin_once
[color_detector-29]     self._spin_once_impl(timeout_sec)
[color_detector-29]   File "/opt/ros/humble/local/lib/python3.10/dist-packages/rclpy/executors.py", line 770, in _spin_once_impl
[color_detector-29]     raise handler.exception()
[color_detector-29]   File "/opt/ros/humble/local/lib/python3.10/dist-packages/rclpy/task.py", line 254, in __call__
[color_detector-29]     self._handler.send(None)
[color_detector-29]   File "/opt/ros/humble/local/lib/python3.10/dist-packages/rclpy/executors.py", line 453, in handler
[color_detector-29]     arg = take_from_wait_list(entity)
[color_detector-29]   File "/opt/ros/humble/local/lib/python3.10/dist-packages/rclpy/executors.py", line 375, in _take_subscription
[color_detector-29]     msg_info = sub.handle.take_message(sub.msg_type, sub.raw)
[color_detector-29] RuntimeError: Unable to convert call argument to Python object (compile in debug mode for details)
[color_detector-29] 
[color_detector-29] During handling of the above exception, another exception occurred:
[color_detector-29] 
[color_detector-29] Traceback (most recent call last):
[color_detector-29]   File "/home/ecem/sct_ws/install/leo_image_processing/lib/leo_image_processing/color_detector", line 33, in <module>
[color_detector-29]     sys.exit(load_entry_point('leo-image-processing==0.0.0', 'console_scripts', 'color_detector')())
[color_detector-29]   File "/home/ecem/sct_ws/install/leo_image_processing/lib/python3.10/site-packages/color_detector.py", line 330, in main
[color_detector-29]     rclpy.shutdown()
[color_detector-29]   File "/opt/ros/humble/local/lib/python3.10/dist-packages/rclpy/__init__.py", line 130, in shutdown
[color_detector-29]     _shutdown(context=context)
[color_detector-29]   File "/opt/ros/humble/local/lib/python3.10/dist-packages/rclpy/utilities.py", line 58, in shutdown
[color_detector-29]     return context.shutdown()
[color_detector-29]   File "/opt/ros/humble/local/lib/python3.10/dist-packages/rclpy/context.py", line 102, in shutdown
[color_detector-29]     self.__context.shutdown()
[color_detector-29] rclpy._rclpy_pybind11.RCLError: failed to shutdown: rcl_shutdown already called on the given context, at ./src/rcl/init.c:241
[image_processor-28] Traceback (most recent call last):
[image_processor-28]   File "/home/ecem/sct_ws/install/leo_image_processing/lib/leo_image_processing/image_processor", line 33, in <module>
[image_processor-28]     sys.exit(load_entry_point('leo-image-processing==0.0.0', 'console_scripts', 'image_processor')())
[image_processor-28]   File "/home/ecem/sct_ws/install/leo_image_processing/lib/python3.10/site-packages/leo_image_processing.py", line 118, in main
[image_processor-28]     rclpy.shutdown()
[image_processor-28]   File "/opt/ros/humble/local/lib/python3.10/dist-packages/rclpy/__init__.py", line 130, in shutdown
[image_processor-28]     _shutdown(context=context)
[image_processor-28]   File "/opt/ros/humble/local/lib/python3.10/dist-packages/rclpy/utilities.py", line 58, in shutdown
[image_processor-28]     return context.shutdown()
[image_processor-28]   File "/opt/ros/humble/local/lib/python3.10/dist-packages/rclpy/context.py", line 102, in shutdown
[image_processor-28]     self.__context.shutdown()
[image_processor-28] rclpy._rclpy_pybind11.RCLError: failed to shutdown: rcl_shutdown already called on the given context, at ./src/rcl/init.c:241
[color_detector-27] Traceback (most recent call last):
[color_detector-27]   File "/home/ecem/sct_ws/install/leo_image_processing/lib/leo_image_processing/color_detector", line 33, in <module>
[color_detector-27]     sys.exit(load_entry_point('leo-image-processing==0.0.0', 'console_scripts', 'color_detector')())
[color_detector-27]   File "/home/ecem/sct_ws/install/leo_image_processing/lib/python3.10/site-packages/color_detector.py", line 330, in main
[color_detector-27]     rclpy.shutdown()
[color_detector-27]   File "/opt/ros/humble/local/lib/python3.10/dist-packages/rclpy/__init__.py", line 130, in shutdown
[color_detector-27]     _shutdown(context=context)
[color_detector-27]   File "/opt/ros/humble/local/lib/python3.10/dist-packages/rclpy/utilities.py", line 58, in shutdown
[color_detector-27]     return context.shutdown()
[color_detector-27]   File "/opt/ros/humble/local/lib/python3.10/dist-packages/rclpy/context.py", line 102, in shutdown
[color_detector-27]     self.__context.shutdown()
[color_detector-27] rclpy._rclpy_pybind11.RCLError: failed to shutdown: rcl_shutdown already called on the given context, at ./src/rcl/init.c:241
[image_processor-26] Traceback (most recent call last):
[image_processor-26]   File "/home/ecem/sct_ws/install/leo_image_processing/lib/leo_image_processing/image_processor", line 33, in <module>
[image_processor-26]     sys.exit(load_entry_point('leo-image-processing==0.0.0', 'console_scripts', 'image_processor')())
[image_processor-26]   File "/home/ecem/sct_ws/install/leo_image_processing/lib/python3.10/site-packages/leo_image_processing.py", line 118, in main
[image_processor-26]     rclpy.shutdown()
[image_processor-26]   File "/opt/ros/humble/local/lib/python3.10/dist-packages/rclpy/__init__.py", line 130, in shutdown
[image_processor-26]     _shutdown(context=context)
[image_processor-26]   File "/opt/ros/humble/local/lib/python3.10/dist-packages/rclpy/utilities.py", line 58, in shutdown
[image_processor-26]     return context.shutdown()
[image_processor-26]   File "/opt/ros/humble/local/lib/python3.10/dist-packages/rclpy/context.py", line 102, in shutdown
[image_processor-26]     self.__context.shutdown()
[image_processor-26] rclpy._rclpy_pybind11.RCLError: failed to shutdown: rcl_shutdown already called on the given context, at ./src/rcl/init.c:241
[INFO] [robot_state_publisher-15]: process has finished cleanly [pid 66426]
[INFO] [static_transform_publisher-17]: process has finished cleanly [pid 66487]
[ERROR] [color_detector-31]: process has died [pid 68016, exit code 1, cmd '/home/ecem/sct_ws/install/leo_image_processing/lib/leo_image_processing/color_detector --ros-args -r __node:=target_detector -r __ns:=/robot_1 --params-file /tmp/launch_params_346czr6c --params-file /tmp/launch_params_49ylvddh --params-file /tmp/launch_params_2thimflv --params-file /tmp/launch_params_fwg81lnz --params-file /tmp/launch_params_77hn5ekc --params-file /tmp/launch_params_mx8rs1_r'].
[balanced_delivery_supervisor-24] Traceback (most recent call last):
[balanced_delivery_supervisor-24]   File "/home/ecem/sct_ws/install/leo_delivery/lib/leo_delivery/balanced_delivery_supervisor", line 33, in <module>
[balanced_delivery_supervisor-24]     sys.exit(load_entry_point('leo-delivery==0.0.0', 'console_scripts', 'balanced_delivery_supervisor')())
[balanced_delivery_supervisor-24]   File "/home/ecem/sct_ws/install/leo_delivery/lib/python3.10/site-packages/leo_delivery/balanced_delivery_supervisor.py", line 331, in main
[balanced_delivery_supervisor-24]     rclpy.spin(node)
[balanced_delivery_supervisor-24]   File "/opt/ros/humble/local/lib/python3.10/dist-packages/rclpy/__init__.py", line 229, in spin
[balanced_delivery_supervisor-24]     executor.spin_once()
[balanced_delivery_supervisor-24]   File "/opt/ros/humble/local/lib/python3.10/dist-packages/rclpy/executors.py", line 773, in spin_once
[balanced_delivery_supervisor-24]     self._spin_once_impl(timeout_sec)
[balanced_delivery_supervisor-24]   File "/opt/ros/humble/local/lib/python3.10/dist-packages/rclpy/executors.py", line 770, in _spin_once_impl
[balanced_delivery_supervisor-24]     raise handler.exception()
[balanced_delivery_supervisor-24]   File "/opt/ros/humble/local/lib/python3.10/dist-packages/rclpy/task.py", line 254, in __call__
[balanced_delivery_supervisor-24]     self._handler.send(None)
[balanced_delivery_supervisor-24]   File "/opt/ros/humble/local/lib/python3.10/dist-packages/rclpy/executors.py", line 453, in handler
[balanced_delivery_supervisor-24]     arg = take_from_wait_list(entity)
[balanced_delivery_supervisor-24]   File "/opt/ros/humble/local/lib/python3.10/dist-packages/rclpy/executors.py", line 375, in _take_subscription
[balanced_delivery_supervisor-24]     msg_info = sub.handle.take_message(sub.msg_type, sub.raw)
[balanced_delivery_supervisor-24] RuntimeError: Unable to convert call argument to Python object (compile in debug mode for details)
[stuck_recovery-25] Traceback (most recent call last):
[stuck_recovery-25]   File "/home/ecem/sct_ws/install/leo_image_processing/lib/leo_image_processing/stuck_recovery", line 33, in <module>
[stuck_recovery-25]     sys.exit(load_entry_point('leo-image-processing==0.0.0', 'console_scripts', 'stuck_recovery')())
[stuck_recovery-25]   File "/home/ecem/sct_ws/install/leo_image_processing/lib/python3.10/site-packages/stuck_recovery.py", line 294, in main
[stuck_recovery-25]     rclpy.shutdown()
[stuck_recovery-25]   File "/opt/ros/humble/local/lib/python3.10/dist-packages/rclpy/__init__.py", line 130, in shutdown
[INFO] [static_transform_publisher-13]: process has finished cleanly [pid 66348]
[stuck_recovery-25]     _shutdown(context=context)
[stuck_recovery-25]   File "/opt/ros/humble/local/lib/python3.10/dist-packages/rclpy/utilities.py", line 58, in shutdown
[stuck_recovery-25]     return context.shutdown()
[stuck_recovery-25]   File "/opt/ros/humble/local/lib/python3.10/dist-packages/rclpy/context.py", line 102, in shutdown
[stuck_recovery-25]     self.__context.shutdown()
[stuck_recovery-25] rclpy._rclpy_pybind11.RCLError: failed to shutdown: rcl_shutdown already called on the given context, at ./src/rcl/init.c:241
[INFO] [image_bridge-18]: process has finished cleanly [pid 66514]
[INFO] [robot_state_publisher-11]: process has finished cleanly [pid 66323]
[INFO] [image_bridge-14]: process has finished cleanly [pid 66383]
[stuck_recovery-23] Traceback (most recent call last):
[stuck_recovery-23]   File "/home/ecem/sct_ws/install/leo_image_processing/lib/leo_image_processing/stuck_recovery", line 33, in <module>
[stuck_recovery-23]     sys.exit(load_entry_point('leo-image-processing==0.0.0', 'console_scripts', 'stuck_recovery')())
[stuck_recovery-23]   File "/home/ecem/sct_ws/install/leo_image_processing/lib/python3.10/site-packages/stuck_recovery.py", line 294, in main
[stuck_recovery-23]     rclpy.shutdown()
[stuck_recovery-23]   File "/opt/ros/humble/local/lib/python3.10/dist-packages/rclpy/__init__.py", line 130, in shutdown
[stuck_recovery-23]     _shutdown(context=context)
[stuck_recovery-23]   File "/opt/ros/humble/local/lib/python3.10/dist-packages/rclpy/utilities.py", line 58, in shutdown
[stuck_recovery-23]     return context.shutdown()
[stuck_recovery-23]   File "/opt/ros/humble/local/lib/python3.10/dist-packages/rclpy/context.py", line 102, in shutdown
[stuck_recovery-23]     self.__context.shutdown()
[stuck_recovery-23] rclpy._rclpy_pybind11.RCLError: failed to shutdown: rcl_shutdown already called on the given context, at ./src/rcl/init.c:241
[ERROR] [image_processor-30]: process has died [pid 68005, exit code 1, cmd '/home/ecem/sct_ws/install/leo_image_processing/lib/leo_image_processing/image_processor --ros-args -r __node:=image_processor -r __ns:=/robot_1 --params-file /tmp/launch_params_947gf02e --params-file /tmp/launch_params_1r5v1lbv --params-file /tmp/launch_params_srrk1ee0'].
[INFO] [static_transform_publisher-9]: process has finished cleanly [pid 66284]
[INFO] [image_bridge-10]: process has finished cleanly [pid 66310]
[INFO] [robot_state_publisher-7]: process has finished cleanly [pid 66266]
[ERROR] [image_processor-28]: process has died [pid 67937, exit code 1, cmd '/home/ecem/sct_ws/install/leo_image_processing/lib/leo_image_processing/image_processor --ros-args -r __node:=image_processor -r __ns:=/robot_2 --params-file /tmp/launch_params_pkz9f3sc --params-file /tmp/launch_params_tinpdzzq --params-file /tmp/launch_params_rkfkftxs'].
[stuck_recovery-21] Traceback (most recent call last):
[stuck_recovery-21]   File "/home/ecem/sct_ws/install/leo_image_processing/lib/leo_image_processing/stuck_recovery", line 33, in <module>
[stuck_recovery-21]     sys.exit(load_entry_point('leo-image-processing==0.0.0', 'console_scripts', 'stuck_recovery')())
[stuck_recovery-21]   File "/home/ecem/sct_ws/install/leo_image_processing/lib/python3.10/site-packages/stuck_recovery.py", line 294, in main
[stuck_recovery-21]     rclpy.shutdown()
[stuck_recovery-21]   File "/opt/ros/humble/local/lib/python3.10/dist-packages/rclpy/__init__.py", line 130, in shutdown
[stuck_recovery-21]     _shutdown(context=context)
[stuck_recovery-21]   File "/opt/ros/humble/local/lib/python3.10/dist-packages/rclpy/utilities.py", line 58, in shutdown
[stuck_recovery-21]     return context.shutdown()
[stuck_recovery-21]   File "/opt/ros/humble/local/lib/python3.10/dist-packages/rclpy/context.py", line 102, in shutdown
[stuck_recovery-21]     self.__context.shutdown()
[stuck_recovery-21] rclpy._rclpy_pybind11.RCLError: failed to shutdown: rcl_shutdown already called on the given context, at ./src/rcl/init.c:241
[ERROR] [color_detector-29]: process has died [pid 67962, exit code 1, cmd '/home/ecem/sct_ws/install/leo_image_processing/lib/leo_image_processing/color_detector --ros-args -r __node:=target_detector -r __ns:=/robot_2 --params-file /tmp/launch_params_c8u2upuk --params-file /tmp/launch_params_6dvmmx2f --params-file /tmp/launch_params_jaqucjp5 --params-file /tmp/launch_params_5cfhuugr --params-file /tmp/launch_params_71sv4nmw --params-file /tmp/launch_params_dn50gcgu'].
[INFO] [balanced_delivery_supervisor-22]: process has finished cleanly [pid 67712]
[ERROR] [parameter_bridge-6]: process has died [pid 66243, exit code -11, cmd '/opt/ros/humble/lib/ros_gz_bridge/parameter_bridge /robot_0/cmd_vel@geometry_msgs/msg/Twist]ignition.msgs.Twist /robot_0/odom@nav_msgs/msg/Odometry[ignition.msgs.Odometry /robot_0/tf@tf2_msgs/msg/TFMessage[ignition.msgs.Pose_V /robot_0/joint_states@sensor_msgs/msg/JointState[ignition.msgs.Model /robot_0/depth_camera/depth_image@sensor_msgs/msg/Image[ignition.msgs.Image /robot_0/depth_camera/camera_info@sensor_msgs/msg/CameraInfo[ignition.msgs.CameraInfo /world/random_world/model/robot_0/link/robot_0/base_footprint/sensor/contact_sensor/contact@ros_gz_interfaces/msg/Contacts[ignition.msgs.Contacts /robot_1/cmd_vel@geometry_msgs/msg/Twist]ignition.msgs.Twist /robot_1/odom@nav_msgs/msg/Odometry[ignition.msgs.Odometry /robot_1/tf@tf2_msgs/msg/TFMessage[ignition.msgs.Pose_V /robot_1/joint_states@sensor_msgs/msg/JointState[ignition.msgs.Model /robot_1/depth_camera/depth_image@sensor_msgs/msg/Image[ignition.msgs.Image /robot_1/depth_camera/camera_info@sensor_msgs/msg/CameraInfo[ignition.msgs.CameraInfo /world/random_world/model/robot_1/link/robot_1/base_footprint/sensor/contact_sensor/contact@ros_gz_interfaces/msg/Contacts[ignition.msgs.Contacts /robot_2/cmd_vel@geometry_msgs/msg/Twist]ignition.msgs.Twist /robot_2/odom@nav_msgs/msg/Odometry[ignition.msgs.Odometry /robot_2/tf@tf2_msgs/msg/TFMessage[ignition.msgs.Pose_V /robot_2/joint_states@sensor_msgs/msg/JointState[ignition.msgs.Model /robot_2/depth_camera/depth_image@sensor_msgs/msg/Image[ignition.msgs.Image /robot_2/depth_camera/camera_info@sensor_msgs/msg/CameraInfo[ignition.msgs.CameraInfo /world/random_world/model/robot_2/link/robot_2/base_footprint/sensor/contact_sensor/contact@ros_gz_interfaces/msg/Contacts[ignition.msgs.Contacts /world/random_world/dynamic_pose/info@tf2_msgs/msg/TFMessage[ignition.msgs.Pose_V /world/random_world/create@ros_gz_interfaces/srv/SpawnEntity /world/random_world/remove@ros_gz_interfaces/srv/DeleteEntity /world/random_world/set_pose@ros_gz_interfaces/srv/SetEntityPose --ros-args -r __node:=all_robots_bridge --params-file /tmp/launch_params_l59erlk2 -r /robot_0/tf:=/tf -r /robot_1/tf:=/tf -r /robot_2/tf:=/tf'].
[ERROR] [image_processor-26]: process has died [pid 67881, exit code 1, cmd '/home/ecem/sct_ws/install/leo_image_processing/lib/leo_image_processing/image_processor --ros-args -r __node:=image_processor -r __ns:=/robot_0 --params-file /tmp/launch_params_fqupg4qr --params-file /tmp/launch_params_vih1g0at --params-file /tmp/launch_params_8iat3fpl'].
[ERROR] [color_detector-27]: process has died [pid 67889, exit code 1, cmd '/home/ecem/sct_ws/install/leo_image_processing/lib/leo_image_processing/color_detector --ros-args -r __node:=target_detector -r __ns:=/robot_0 --params-file /tmp/launch_params_463ey7gt --params-file /tmp/launch_params__ndntz7f --params-file /tmp/launch_params_vtmku4zt --params-file /tmp/launch_params_gncte7da --params-file /tmp/launch_params_sclbnbxl --params-file /tmp/launch_params__npeossw'].
[INFO] [balanced_delivery_supervisor-20]: process has finished cleanly [pid 67700]
[INFO] [image_bridge-2]: process has finished cleanly [pid 66192]
[ERROR] [stuck_recovery-23]: process has died [pid 67718, exit code 1, cmd '/home/ecem/sct_ws/install/leo_image_processing/lib/leo_image_processing/stuck_recovery --ros-args -r __node:=stuck_recovery -r __ns:=/robot_2 --params-file /tmp/launch_params_fs_1j42v --params-file /tmp/launch_params_b9bf8jxi --params-file /tmp/launch_params_d28q3vqa --params-file /tmp/launch_params_x4n83jr6 --params-file /tmp/launch_params_dk52pdyt --params-file /tmp/launch_params_gogl4jdp --params-file /tmp/launch_params_rrzsmo86 --params-file /tmp/launch_params_vtl8_ipu --params-file /tmp/launch_params_p_pa9qls --params-file /tmp/launch_params__1fuhz22'].
[bump_counter-5] Traceback (most recent call last):
[bump_counter-5]   File "/home/ecem/sct_ws/install/evaluation/lib/evaluation/bump_counter", line 33, in <module>
[bump_counter-5]     sys.exit(load_entry_point('evaluation==0.0.0', 'console_scripts', 'bump_counter')())
[bump_counter-5]   File "/home/ecem/sct_ws/install/evaluation/lib/python3.10/site-packages/evaluation/bump_counter.py", line 697, in main
[bump_counter-5]     rclpy.shutdown()
[bump_counter-5]   File "/opt/ros/humble/local/lib/python3.10/dist-packages/rclpy/__init__.py", line 130, in shutdown
[bump_counter-5]     _shutdown(context=context)
[bump_counter-5]   File "/opt/ros/humble/local/lib/python3.10/dist-packages/rclpy/utilities.py", line 58, in shutdown
[bump_counter-5]     return context.shutdown()
[bump_counter-5]   File "/opt/ros/humble/local/lib/python3.10/dist-packages/rclpy/context.py", line 102, in shutdown
[bump_counter-5]     self.__context.shutdown()
[bump_counter-5] rclpy._rclpy_pybind11.RCLError: failed to shutdown: rcl_shutdown already called on the given context, at ./src/rcl/init.c:241
[ERROR] [stuck_recovery-25]: process has died [pid 67733, exit code 1, cmd '/home/ecem/sct_ws/install/leo_image_processing/lib/leo_image_processing/stuck_recovery --ros-args -r __node:=stuck_recovery -r __ns:=/robot_1 --params-file /tmp/launch_params_mwa891_p --params-file /tmp/launch_params_eevv1_x9 --params-file /tmp/launch_params_1nzongty --params-file /tmp/launch_params_3kh0_y49 --params-file /tmp/launch_params_ayswlrl4 --params-file /tmp/launch_params_6wzar1ms --params-file /tmp/launch_params_g93mn06t --params-file /tmp/launch_params_4xiy_ms0 --params-file /tmp/launch_params_4i0ouxff --params-file /tmp/launch_params_2uvx1h31'].
[ERROR] [balanced_delivery_supervisor-24]: process has died [pid 67730, exit code 1, cmd '/home/ecem/sct_ws/install/leo_delivery/lib/leo_delivery/balanced_delivery_supervisor --ros-args -r __node:=robot_supervisor -r __ns:=/robot_1 --params-file /tmp/launch_params_itbtul7p --params-file /tmp/launch_params_ikixscix --params-file /tmp/launch_params_o0gplq8q --params-file /tmp/launch_params_km6uuy53 --params-file /tmp/launch_params_lycmvjur --params-file /tmp/launch_params_ncaghd3s --params-file /tmp/launch_params_xmi0pjf3 --params-file /tmp/launch_params_6y_wwq9u --params-file /tmp/launch_params_9anqoj0g -r cmd_vel:=cmd_vel_supervisor'].
[ERROR] [stuck_recovery-21]: process has died [pid 67703, exit code 1, cmd '/home/ecem/sct_ws/install/leo_image_processing/lib/leo_image_processing/stuck_recovery --ros-args -r __node:=stuck_recovery -r __ns:=/robot_0 --params-file /tmp/launch_params_hnt8jvl4 --params-file /tmp/launch_params_11kw0_nk --params-file /tmp/launch_params_gwtez096 --params-file /tmp/launch_params_znjnc25x --params-file /tmp/launch_params_9o196kaf --params-file /tmp/launch_params_kuxefdy6 --params-file /tmp/launch_params_8d07_2td --params-file /tmp/launch_params_m7z527_6 --params-file /tmp/launch_params_0382qh5i --params-file /tmp/launch_params_qwifmals'].
[ERROR] [bump_counter-5]: process has died [pid 66228, exit code 1, cmd '/home/ecem/sct_ws/install/evaluation/lib/evaluation/bump_counter --ros-args -r __node:=bump_counter --params-file /tmp/launch_params_lq7gxmag --params-file /tmp/launch_params_wwbvwack --params-file /tmp/launch_params_aln9dwbn --params-file /tmp/launch_params_7u746snh --params-file /tmp/launch_params_sser5360 --params-file /tmp/launch_params_gqqu935v --params-file /tmp/launch_params_3ummj87g --params-file /tmp/launch_params_mrblxb3n'].
[INFO] [simulation_video_recorder-3]: process has finished cleanly [pid 66202]
[ERROR] [ign gazebo-1]: process[ign gazebo-1] failed to terminate '5' seconds after receiving 'SIGINT', escalating to 'SIGTERM'
[INFO] [ign gazebo-1]: sending signal 'SIGTERM' to process[ign gazebo-1]
[ERROR] [ign gazebo-1]: process has died [pid 66188, exit code -15, cmd 'ruby /usr/bin/ign gazebo /tmp/leo_delivery_no_overhead_camera_beyz2gan.sdf -s --headless-rendering -r -z 200 --force-version 6'].
[INFO] [launch]: process[ign gazebo-1] was required: shutting down launched system
