[INFO] [launch]: All log files can be found below /home/ecem/sct_ws/src/llm_sct/RESULTS_LAST/baseline/balanced_delivery/batch_logs/ros_slot3/2026-09-15-18-08-14-295153-ecem-pc-68992
[INFO] [launch]: Default logging verbosity is set to INFO
[leo_delivery] randomized task layout with seed 1009
[spawn_multi_robots] run_id=run_20260915_180815_017911509 random_seed=1009 
[INFO] [ign gazebo-1]: process started with pid [69166]
[INFO] [image_bridge-2]: process started with pid [69169]
[INFO] [simulation_video_recorder-3]: process started with pid [69173]
[INFO] [coverage_counter-4]: process started with pid [69175]
[INFO] [bump_counter-5]: process started with pid [69184]
[INFO] [parameter_bridge-6]: process started with pid [69186]
[INFO] [robot_state_publisher-7]: process started with pid [69199]
[INFO] [create-8]: process started with pid [69206]
[INFO] [static_transform_publisher-9]: process started with pid [69208]
[INFO] [image_bridge-10]: process started with pid [69212]
[INFO] [robot_state_publisher-11]: process started with pid [69228]
[INFO] [create-12]: process started with pid [69247]
[INFO] [static_transform_publisher-13]: process started with pid [69258]
[INFO] [image_bridge-14]: process started with pid [69263]
[INFO] [robot_state_publisher-15]: process started with pid [69266]
[INFO] [create-16]: process started with pid [69296]
[INFO] [static_transform_publisher-17]: process started with pid [69325]
[INFO] [image_bridge-18]: process started with pid [69352]
[INFO] [parameter_bridge-19]: process started with pid [69377]
[static_transform_publisher-9] [WARN] [1789488495.464083061] []: Old-style arguments are deprecated; see --help for new-style arguments
[static_transform_publisher-9] [INFO] [1789488495.575089147] [robot_0_spawn_offset_tf]: Spinning until stopped - publishing transform
[static_transform_publisher-9] translation: ('1.978764', '0.850087', '0.000000')
[static_transform_publisher-9] rotation: ('0.000000', '0.000000', '-0.911285', '0.411776')
[static_transform_publisher-9] from 'odom' to 'robot_0/odom'
[static_transform_publisher-13] [WARN] [1789488495.538526905] []: Old-style arguments are deprecated; see --help for new-style arguments
[static_transform_publisher-13] [INFO] [1789488495.646361950] [robot_1_spawn_offset_tf]: Spinning until stopped - publishing transform
[static_transform_publisher-13] translation: ('1.017307', '-2.060418', '0.000000')
[static_transform_publisher-13] rotation: ('0.000000', '0.000000', '-0.110304', '0.993898')
[static_transform_publisher-13] from 'odom' to 'robot_1/odom'
[static_transform_publisher-17] [WARN] [1789488495.688639051] []: Old-style arguments are deprecated; see --help for new-style arguments
[create-8] [INFO] [1789488495.782341477] [robot_0.ros_gz_sim]: Requesting list of world names.
[static_transform_publisher-17] [INFO] [1789488495.821133511] [robot_2_spawn_offset_tf]: Spinning until stopped - publishing transform
[static_transform_publisher-17] translation: ('0.208870', '1.311529', '0.000000')
[static_transform_publisher-17] rotation: ('0.000000', '0.000000', '-0.225645', '0.974210')
[static_transform_publisher-17] from 'odom' to 'robot_2/odom'
[create-12] [INFO] [1789488495.939629829] [robot_1.ros_gz_sim]: Requesting list of world names.
[parameter_bridge-6] [INFO] [1789488495.998218890] [all_robots_bridge]: Creating ROS->GZ Bridge: [/robot_0/cmd_vel (geometry_msgs/msg/Twist) -> /robot_0/cmd_vel (ignition.msgs.Twist)] (Lazy 0)
[parameter_bridge-6] [INFO] [1789488496.024705320] [all_robots_bridge]: Creating GZ->ROS Bridge: [/robot_0/odom (ignition.msgs.Odometry) -> /robot_0/odom (nav_msgs/msg/Odometry)] (Lazy 0)
[parameter_bridge-6] [INFO] [1789488496.035958484] [all_robots_bridge]: Creating GZ->ROS Bridge: [/robot_0/tf (ignition.msgs.Pose_V) -> /robot_0/tf (tf2_msgs/msg/TFMessage)] (Lazy 0)
[parameter_bridge-6] [INFO] [1789488496.059447222] [all_robots_bridge]: Creating GZ->ROS Bridge: [/robot_0/joint_states (ignition.msgs.Model) -> /robot_0/joint_states (sensor_msgs/msg/JointState)] (Lazy 0)
[parameter_bridge-6] [INFO] [1789488496.077689246] [all_robots_bridge]: Creating GZ->ROS Bridge: [/robot_0/depth_camera/depth_image (ignition.msgs.Image) -> /robot_0/depth_camera/depth_image (sensor_msgs/msg/Image)] (Lazy 0)
[parameter_bridge-6] [INFO] [1789488496.088287426] [all_robots_bridge]: Creating GZ->ROS Bridge: [/robot_0/depth_camera/camera_info (ignition.msgs.CameraInfo) -> /robot_0/depth_camera/camera_info (sensor_msgs/msg/CameraInfo)] (Lazy 0)
[parameter_bridge-6] [INFO] [1789488496.100601054] [all_robots_bridge]: Creating GZ->ROS Bridge: [/world/random_world/model/robot_0/link/robot_0/base_footprint/sensor/contact_sensor/contact (ignition.msgs.Contacts) -> /world/random_world/model/robot_0/link/robot_0/base_footprint/sensor/contact_sensor/contact (ros_gz_interfaces/msg/Contacts)] (Lazy 0)
[parameter_bridge-6] [INFO] [1789488496.112997872] [all_robots_bridge]: Creating ROS->GZ Bridge: [/robot_1/cmd_vel (geometry_msgs/msg/Twist) -> /robot_1/cmd_vel (ignition.msgs.Twist)] (Lazy 0)
[parameter_bridge-6] [INFO] [1789488496.124194133] [all_robots_bridge]: Creating GZ->ROS Bridge: [/robot_1/odom (ignition.msgs.Odometry) -> /robot_1/odom (nav_msgs/msg/Odometry)] (Lazy 0)
[parameter_bridge-6] [INFO] [1789488496.132544566] [all_robots_bridge]: Creating GZ->ROS Bridge: [/robot_1/tf (ignition.msgs.Pose_V) -> /robot_1/tf (tf2_msgs/msg/TFMessage)] (Lazy 0)
[parameter_bridge-6] [INFO] [1789488496.138066514] [all_robots_bridge]: Creating GZ->ROS Bridge: [/robot_1/joint_states (ignition.msgs.Model) -> /robot_1/joint_states (sensor_msgs/msg/JointState)] (Lazy 0)
[parameter_bridge-6] [INFO] [1789488496.150971638] [all_robots_bridge]: Creating GZ->ROS Bridge: [/robot_1/depth_camera/depth_image (ignition.msgs.Image) -> /robot_1/depth_camera/depth_image (sensor_msgs/msg/Image)] (Lazy 0)
[parameter_bridge-6] [INFO] [1789488496.162379362] [all_robots_bridge]: Creating GZ->ROS Bridge: [/robot_1/depth_camera/camera_info (ignition.msgs.CameraInfo) -> /robot_1/depth_camera/camera_info (sensor_msgs/msg/CameraInfo)] (Lazy 0)
[parameter_bridge-6] [INFO] [1789488496.174969020] [all_robots_bridge]: Creating GZ->ROS Bridge: [/world/random_world/model/robot_1/link/robot_1/base_footprint/sensor/contact_sensor/contact (ignition.msgs.Contacts) -> /world/random_world/model/robot_1/link/robot_1/base_footprint/sensor/contact_sensor/contact (ros_gz_interfaces/msg/Contacts)] (Lazy 0)
[parameter_bridge-6] [INFO] [1789488496.184037895] [all_robots_bridge]: Creating ROS->GZ Bridge: [/robot_2/cmd_vel (geometry_msgs/msg/Twist) -> /robot_2/cmd_vel (ignition.msgs.Twist)] (Lazy 0)
[parameter_bridge-6] [INFO] [1789488496.196050433] [all_robots_bridge]: Creating GZ->ROS Bridge: [/robot_2/odom (ignition.msgs.Odometry) -> /robot_2/odom (nav_msgs/msg/Odometry)] (Lazy 0)
[create-16] [INFO] [1789488496.196633746] [robot_2.ros_gz_sim]: Requesting list of world names.
[parameter_bridge-6] [INFO] [1789488496.204443772] [all_robots_bridge]: Creating GZ->ROS Bridge: [/robot_2/tf (ignition.msgs.Pose_V) -> /robot_2/tf (tf2_msgs/msg/TFMessage)] (Lazy 0)
[parameter_bridge-6] [INFO] [1789488496.209712366] [all_robots_bridge]: Creating GZ->ROS Bridge: [/robot_2/joint_states (ignition.msgs.Model) -> /robot_2/joint_states (sensor_msgs/msg/JointState)] (Lazy 0)
[parameter_bridge-6] [INFO] [1789488496.223375910] [all_robots_bridge]: Creating GZ->ROS Bridge: [/robot_2/depth_camera/depth_image (ignition.msgs.Image) -> /robot_2/depth_camera/depth_image (sensor_msgs/msg/Image)] (Lazy 0)
[parameter_bridge-6] [INFO] [1789488496.224619630] [all_robots_bridge]: Creating GZ->ROS Bridge: [/robot_2/depth_camera/camera_info (ignition.msgs.CameraInfo) -> /robot_2/depth_camera/camera_info (sensor_msgs/msg/CameraInfo)] (Lazy 0)
[parameter_bridge-6] [INFO] [1789488496.241655788] [all_robots_bridge]: Creating GZ->ROS Bridge: [/world/random_world/model/robot_2/link/robot_2/base_footprint/sensor/contact_sensor/contact (ignition.msgs.Contacts) -> /world/random_world/model/robot_2/link/robot_2/base_footprint/sensor/contact_sensor/contact (ros_gz_interfaces/msg/Contacts)] (Lazy 0)
[parameter_bridge-6] [INFO] [1789488496.263646207] [all_robots_bridge]: Creating GZ->ROS Bridge: [/world/random_world/dynamic_pose/info (ignition.msgs.Pose_V) -> /world/random_world/dynamic_pose/info (tf2_msgs/msg/TFMessage)] (Lazy 0)
[robot_state_publisher-7] [INFO] [1789488496.338956269] [robot_0.robot_state_publisher]: got segment robot_0/antenna_link
[robot_state_publisher-7] [INFO] [1789488496.339101142] [robot_0.robot_state_publisher]: got segment robot_0/base_footprint
[robot_state_publisher-7] [INFO] [1789488496.339121417] [robot_0.robot_state_publisher]: got segment robot_0/base_link
[robot_state_publisher-7] [INFO] [1789488496.339133049] [robot_0.robot_state_publisher]: got segment robot_0/realsense_link
[robot_state_publisher-7] [INFO] [1789488496.339143532] [robot_0.robot_state_publisher]: got segment robot_0/rocker_L_link
[robot_state_publisher-7] [INFO] [1789488496.339153241] [robot_0.robot_state_publisher]: got segment robot_0/rocker_R_link
[robot_state_publisher-7] [INFO] [1789488496.339162018] [robot_0.robot_state_publisher]: got segment robot_0/wheel_FL_link
[robot_state_publisher-7] [INFO] [1789488496.339171334] [robot_0.robot_state_publisher]: got segment robot_0/wheel_FR_link
[robot_state_publisher-7] [INFO] [1789488496.339180252] [robot_0.robot_state_publisher]: got segment robot_0/wheel_RL_link
[robot_state_publisher-7] [INFO] [1789488496.339189438] [robot_0.robot_state_publisher]: got segment robot_0/wheel_RR_link
[robot_state_publisher-11] [INFO] [1789488496.351166500] [robot_1.robot_state_publisher]: got segment robot_1/antenna_link
[robot_state_publisher-11] [INFO] [1789488496.351325863] [robot_1.robot_state_publisher]: got segment robot_1/base_footprint
[robot_state_publisher-11] [INFO] [1789488496.351345754] [robot_1.robot_state_publisher]: got segment robot_1/base_link
[robot_state_publisher-11] [INFO] [1789488496.351359133] [robot_1.robot_state_publisher]: got segment robot_1/realsense_link
[robot_state_publisher-11] [INFO] [1789488496.351371164] [robot_1.robot_state_publisher]: got segment robot_1/rocker_L_link
[robot_state_publisher-11] [INFO] [1789488496.351382938] [robot_1.robot_state_publisher]: got segment robot_1/rocker_R_link
[robot_state_publisher-11] [INFO] [1789488496.351394469] [robot_1.robot_state_publisher]: got segment robot_1/wheel_FL_link
[robot_state_publisher-11] [INFO] [1789488496.351405791] [robot_1.robot_state_publisher]: got segment robot_1/wheel_FR_link
[robot_state_publisher-11] [INFO] [1789488496.351417433] [robot_1.robot_state_publisher]: got segment robot_1/wheel_RL_link
[robot_state_publisher-11] [INFO] [1789488496.351427782] [robot_1.robot_state_publisher]: got segment robot_1/wheel_RR_link
[robot_state_publisher-15] [INFO] [1789488496.482496536] [robot_2.robot_state_publisher]: got segment robot_2/antenna_link
[robot_state_publisher-15] [INFO] [1789488496.482658552] [robot_2.robot_state_publisher]: got segment robot_2/base_footprint
[robot_state_publisher-15] [INFO] [1789488496.482675556] [robot_2.robot_state_publisher]: got segment robot_2/base_link
[robot_state_publisher-15] [INFO] [1789488496.482686278] [robot_2.robot_state_publisher]: got segment robot_2/realsense_link
[robot_state_publisher-15] [INFO] [1789488496.482695925] [robot_2.robot_state_publisher]: got segment robot_2/rocker_L_link
[robot_state_publisher-15] [INFO] [1789488496.482704940] [robot_2.robot_state_publisher]: got segment robot_2/rocker_R_link
[robot_state_publisher-15] [INFO] [1789488496.482713966] [robot_2.robot_state_publisher]: got segment robot_2/wheel_FL_link
[robot_state_publisher-15] [INFO] [1789488496.482723383] [robot_2.robot_state_publisher]: got segment robot_2/wheel_FR_link
[robot_state_publisher-15] [INFO] [1789488496.482732013] [robot_2.robot_state_publisher]: got segment robot_2/wheel_RL_link
[robot_state_publisher-15] [INFO] [1789488496.482740930] [robot_2.robot_state_publisher]: got segment robot_2/wheel_RR_link
[parameter_bridge-19] [INFO] [1789488496.627479428] [clock_bridge]: Creating GZ->ROS Bridge: [/clock (ignition.msgs.Clock) -> /clock (rosgraph_msgs/msg/Clock)] (Lazy 0)
[simulation_video_recorder-3] [INFO] [1789488498.157820665] [simulation_video_recorder]: Simulation video recording disabled for this run
[bump_counter-5] [INFO] [1789488498.211700712] [bump_counter]: [global] global_mode=True cooldown(robot)=0.80s cooldown(obs)=0.50s Logging to /home/ecem/sct_ws/src/llm_sct/RESULTS_LAST/baseline/balanced_delivery/seed_1009/supervisor/run_20260915_180815_017911509/bumps_global.csv
[create-8] [INFO] [1789488498.263130436] [robot_0.ros_gz_sim]: Waiting messages on topic [/robot_0/robot_description].
[create-16] [INFO] [1789488498.287760283] [robot_2.ros_gz_sim]: Waiting messages on topic [/robot_2/robot_description].
[create-8] [INFO] [1789488498.487546088] [robot_0.ros_gz_sim]: Requested creation of entity.
[create-8] [INFO] [1789488498.487622749] [robot_0.ros_gz_sim]: OK creation of entity.
[create-12] [INFO] [1789488498.490447476] [robot_1.ros_gz_sim]: Waiting messages on topic [/robot_1/robot_description].
[create-16] [INFO] [1789488498.493180033] [robot_2.ros_gz_sim]: Requested creation of entity.
[create-16] [INFO] [1789488498.493233854] [robot_2.ros_gz_sim]: OK creation of entity.
[create-12] [INFO] [1789488498.506923515] [robot_1.ros_gz_sim]: Requested creation of entity.
[create-12] [INFO] [1789488498.506977905] [robot_1.ros_gz_sim]: OK creation of entity.
[INFO] [create-8]: process has finished cleanly [pid 69206]
[INFO] [balanced_delivery_supervisor-20]: process started with pid [70033]
[INFO] [stuck_recovery-21]: process started with pid [70035]
[INFO] [create-16]: process has finished cleanly [pid 69296]
[INFO] [create-12]: process has finished cleanly [pid 69247]
[INFO] [balanced_delivery_supervisor-22]: process started with pid [70037]
[INFO] [stuck_recovery-23]: process started with pid [70039]
[INFO] [balanced_delivery_supervisor-24]: process started with pid [70045]
[INFO] [stuck_recovery-25]: process started with pid [70047]
[bump_counter-5] [INFO] [1789488499.127927892] [bump_counter]: [global] subscribed: /world/random_world/model/robot_0/link/robot_0/base_footprint/sensor/contact_sensor/contact
[bump_counter-5] [INFO] [1789488499.129249148] [bump_counter]: [global] subscribed: /world/random_world/model/robot_1/link/robot_1/base_footprint/sensor/contact_sensor/contact
[bump_counter-5] [INFO] [1789488499.142689158] [bump_counter]: [global] subscribed: /world/random_world/model/robot_2/link/robot_2/base_footprint/sensor/contact_sensor/contact
[INFO] [image_processor-26]: process started with pid [70242]
[INFO] [color_detector-27]: process started with pid [70244]
[INFO] [image_processor-28]: process started with pid [70256]
[INFO] [color_detector-29]: process started with pid [70265]
[INFO] [image_processor-30]: process started with pid [70305]
[INFO] [color_detector-31]: process started with pid [70309]
[stuck_recovery-21] [INFO] [1789488501.273524825] [robot_0.stuck_recovery]: Shared stuck recovery active: cmd_vel_supervisor -> cmd_vel (reverse -> turn -> forward)
[parameter_bridge-6] [INFO] [1789488501.309642409] [all_robots_bridge]: Passing message from ROS geometry_msgs/msg/Twist to Gazebo gz.msgs.Twist (showing msg only once per type)
[stuck_recovery-23] [INFO] [1789488502.027734140] [robot_2.stuck_recovery]: Shared stuck recovery active: cmd_vel_supervisor -> cmd_vel (reverse -> turn -> forward)
[stuck_recovery-25] [INFO] [1789488502.335891957] [robot_1.stuck_recovery]: Shared stuck recovery active: cmd_vel_supervisor -> cmd_vel (reverse -> turn -> forward)
[balanced_delivery_supervisor-20] [INFO] [1789488504.014295905] [robot_0.robot_supervisor]: Loaded initial mission 'balanced_delivery' from explicit YAML supervisor.yaml
[balanced_delivery_supervisor-20] [INFO] [1789488504.187641422] [robot_0.robot_supervisor]: Selected controllable event: EV_move_forward
[balanced_delivery_supervisor-22] [INFO] [1789488504.205695811] [robot_2.robot_supervisor]: Loaded initial mission 'balanced_delivery' from explicit YAML supervisor.yaml
[ign gazebo-1] libEGL warning: egl: failed to create dri2 screen
[ign gazebo-1] libEGL warning: egl: failed to create dri2 screen
[balanced_delivery_supervisor-22] [INFO] [1789488504.363708950] [robot_2.robot_supervisor]: Selected controllable event: EV_search_object
[balanced_delivery_supervisor-22] [INFO] [1789488504.466375367] [robot_2.robot_supervisor]: Selected controllable event: EV_search_object
[balanced_delivery_supervisor-20] [INFO] [1789488504.482656675] [robot_0.robot_supervisor]: Selected controllable event: EV_move_forward
[balanced_delivery_supervisor-24] [INFO] [1789488504.528947543] [robot_1.robot_supervisor]: Loaded initial mission 'balanced_delivery' from explicit YAML supervisor.yaml
[balanced_delivery_supervisor-22] [INFO] [1789488504.685444766] [robot_2.robot_supervisor]: Selected controllable event: EV_move_forward
[balanced_delivery_supervisor-20] [INFO] [1789488504.688948941] [robot_0.robot_supervisor]: Selected controllable event: EV_search_object
[balanced_delivery_supervisor-24] [INFO] [1789488504.740171516] [robot_1.robot_supervisor]: Selected controllable event: EV_move_forward
[balanced_delivery_supervisor-20] [INFO] [1789488504.900532892] [robot_0.robot_supervisor]: Selected controllable event: EV_move_forward
[balanced_delivery_supervisor-22] [INFO] [1789488504.904380009] [robot_2.robot_supervisor]: Selected controllable event: EV_search_object
[balanced_delivery_supervisor-24] [INFO] [1789488505.005142202] [robot_1.robot_supervisor]: Selected controllable event: EV_move_forward
[balanced_delivery_supervisor-22] [INFO] [1789488505.089318734] [robot_2.robot_supervisor]: Selected controllable event: EV_move_forward
[balanced_delivery_supervisor-20] [INFO] [1789488505.202605667] [robot_0.robot_supervisor]: Selected controllable event: EV_search_object
[balanced_delivery_supervisor-24] [INFO] [1789488505.296737010] [robot_1.robot_supervisor]: Selected controllable event: EV_search_object
[balanced_delivery_supervisor-22] [INFO] [1789488505.385392899] [robot_2.robot_supervisor]: Selected controllable event: EV_search_object
[balanced_delivery_supervisor-20] [INFO] [1789488505.389261273] [robot_0.robot_supervisor]: Selected controllable event: EV_move_forward
[balanced_delivery_supervisor-24] [INFO] [1789488505.421074204] [robot_1.robot_supervisor]: Selected controllable event: EV_search_object
[balanced_delivery_supervisor-22] [INFO] [1789488505.568394351] [robot_2.robot_supervisor]: Selected controllable event: EV_search_object
[balanced_delivery_supervisor-24] [INFO] [1789488505.613644921] [robot_1.robot_supervisor]: Selected controllable event: EV_search_object
[image_processor-28] [INFO] [1789488505.622874279] [robot_2.image_processor]: Argmin zone detector listening on '/robot_2/depth_camera/depth_image'
[balanced_delivery_supervisor-20] [INFO] [1789488505.692880090] [robot_0.robot_supervisor]: Selected controllable event: EV_move_forward
[balanced_delivery_supervisor-22] [INFO] [1789488505.780243948] [robot_2.robot_supervisor]: Selected controllable event: EV_search_object
[balanced_delivery_supervisor-24] [INFO] [1789488505.794758462] [robot_1.robot_supervisor]: Selected controllable event: EV_move_forward
[image_processor-26] [INFO] [1789488505.884834745] [robot_0.image_processor]: Argmin zone detector listening on '/robot_0/depth_camera/depth_image'
[balanced_delivery_supervisor-22] [INFO] [1789488505.970241974] [robot_2.robot_supervisor]: Selected controllable event: EV_search_object
[balanced_delivery_supervisor-20] [INFO] [1789488505.992372683] [robot_0.robot_supervisor]: Selected controllable event: EV_move_forward
[balanced_delivery_supervisor-24] [INFO] [1789488505.996709326] [robot_1.robot_supervisor]: Selected controllable event: EV_move_forward
[color_detector-29] [INFO] [1789488506.024037516] [robot_2.target_detector]: Color detector listening on RGB '/robot_2/depth_camera/image'; reached uses world poses
[image_processor-30] [INFO] [1789488506.088596754] [robot_1.image_processor]: Argmin zone detector listening on '/robot_1/depth_camera/depth_image'
[balanced_delivery_supervisor-22] [INFO] [1789488506.162805251] [robot_2.robot_supervisor]: Selected controllable event: EV_move_forward
[color_detector-31] [INFO] [1789488506.198862275] [robot_1.target_detector]: Color detector listening on RGB '/robot_1/depth_camera/image'; reached uses world poses
[color_detector-27] [INFO] [1789488506.226699166] [robot_0.target_detector]: Color detector listening on RGB '/robot_0/depth_camera/image'; reached uses world poses
[balanced_delivery_supervisor-20] [INFO] [1789488506.272376871] [robot_0.robot_supervisor]: Selected controllable event: EV_search_object
[balanced_delivery_supervisor-24] [INFO] [1789488506.282211162] [robot_1.robot_supervisor]: Selected controllable event: EV_search_object
[balanced_delivery_supervisor-22] [INFO] [1789488506.461275854] [robot_2.robot_supervisor]: Selected controllable event: EV_move_forward
[balanced_delivery_supervisor-20] [INFO] [1789488506.473117368] [robot_0.robot_supervisor]: Selected controllable event: EV_move_forward
[balanced_delivery_supervisor-24] [INFO] [1789488506.482265110] [robot_1.robot_supervisor]: Selected controllable event: EV_move_forward
[balanced_delivery_supervisor-22] [INFO] [1789488506.761221973] [robot_2.robot_supervisor]: Selected controllable event: EV_search_object
[balanced_delivery_supervisor-20] [INFO] [1789488506.773823427] [robot_0.robot_supervisor]: Selected controllable event: EV_move_forward
[balanced_delivery_supervisor-24] [INFO] [1789488506.782155681] [robot_1.robot_supervisor]: Selected controllable event: EV_move_forward
[balanced_delivery_supervisor-22] [INFO] [1789488506.865530960] [robot_2.robot_supervisor]: Selected controllable event: EV_search_object
[balanced_delivery_supervisor-22] [INFO] [1789488507.061484352] [robot_2.robot_supervisor]: Selected controllable event: EV_search_object
[balanced_delivery_supervisor-20] [INFO] [1789488507.073060672] [robot_0.robot_supervisor]: Selected controllable event: EV_move_forward
[balanced_delivery_supervisor-24] [INFO] [1789488507.082214445] [robot_1.robot_supervisor]: Selected controllable event: EV_search_object
[balanced_delivery_supervisor-22] [INFO] [1789488507.261350011] [robot_2.robot_supervisor]: Selected controllable event: EV_move_forward
[balanced_delivery_supervisor-24] [INFO] [1789488507.282331608] [robot_1.robot_supervisor]: Selected controllable event: EV_search_object
[balanced_delivery_supervisor-20] [INFO] [1789488507.373274290] [robot_0.robot_supervisor]: Selected controllable event: EV_move_forward
[balanced_delivery_supervisor-24] [INFO] [1789488507.482405607] [robot_1.robot_supervisor]: Selected controllable event: EV_move_forward
[balanced_delivery_supervisor-22] [INFO] [1789488507.561460724] [robot_2.robot_supervisor]: Selected controllable event: EV_search_object
[balanced_delivery_supervisor-20] [INFO] [1789488507.673322448] [robot_0.robot_supervisor]: Selected controllable event: EV_move_forward
[balanced_delivery_supervisor-22] [INFO] [1789488507.761333455] [robot_2.robot_supervisor]: Selected controllable event: EV_move_forward
[balanced_delivery_supervisor-24] [INFO] [1789488507.782192821] [robot_1.robot_supervisor]: Selected controllable event: EV_search_object
[balanced_delivery_supervisor-20] [INFO] [1789488507.876562061] [robot_0.robot_supervisor]: Selected controllable event: EV_search_object
[balanced_delivery_supervisor-24] [INFO] [1789488507.885478324] [robot_1.robot_supervisor]: Selected controllable event: EV_search_object
[balanced_delivery_supervisor-22] [INFO] [1789488508.061294466] [robot_2.robot_supervisor]: Selected controllable event: EV_move_forward
[balanced_delivery_supervisor-20] [INFO] [1789488508.072612315] [robot_0.robot_supervisor]: Selected controllable event: EV_move_forward
[balanced_delivery_supervisor-24] [INFO] [1789488508.082141502] [robot_1.robot_supervisor]: Selected controllable event: EV_search_object
[balanced_delivery_supervisor-24] [INFO] [1789488508.282183123] [robot_1.robot_supervisor]: Selected controllable event: EV_move_forward
[balanced_delivery_supervisor-22] [INFO] [1789488508.361332494] [robot_2.robot_supervisor]: Selected controllable event: EV_search_object
[balanced_delivery_supervisor-20] [INFO] [1789488508.373347206] [robot_0.robot_supervisor]: Selected controllable event: EV_move_forward
[balanced_delivery_supervisor-22] [INFO] [1789488508.561383521] [robot_2.robot_supervisor]: Selected controllable event: EV_search_object
[balanced_delivery_supervisor-24] [INFO] [1789488508.582159558] [robot_1.robot_supervisor]: Selected controllable event: EV_move_forward
[balanced_delivery_supervisor-20] [INFO] [1789488508.672447688] [robot_0.robot_supervisor]: Selected controllable event: EV_search_object
[balanced_delivery_supervisor-22] [INFO] [1789488508.762016986] [robot_2.robot_supervisor]: Selected controllable event: EV_search_object
[balanced_delivery_supervisor-20] [INFO] [1789488508.878412026] [robot_0.robot_supervisor]: Selected controllable event: EV_search_object
[balanced_delivery_supervisor-24] [INFO] [1789488508.885486712] [robot_1.robot_supervisor]: Selected controllable event: EV_search_object
[balanced_delivery_supervisor-22] [INFO] [1789488508.961424759] [robot_2.robot_supervisor]: Selected controllable event: EV_move_forward
[balanced_delivery_supervisor-20] [INFO] [1789488509.073225815] [robot_0.robot_supervisor]: Selected controllable event: EV_move_forward
[balanced_delivery_supervisor-24] [INFO] [1789488509.082876143] [robot_1.robot_supervisor]: Selected controllable event: EV_move_forward
[balanced_delivery_supervisor-22] [INFO] [1789488509.261381820] [robot_2.robot_supervisor]: Selected controllable event: EV_search_object
[balanced_delivery_supervisor-20] [INFO] [1789488509.275199535] [robot_0.robot_supervisor]: Selected controllable event: EV_move_forward
[balanced_delivery_supervisor-24] [INFO] [1789488509.382215881] [robot_1.robot_supervisor]: Selected controllable event: EV_move_forward
[balanced_delivery_supervisor-22] [INFO] [1789488509.463094160] [robot_2.robot_supervisor]: Selected controllable event: EV_move_forward
[balanced_delivery_supervisor-20] [INFO] [1789488509.477518902] [robot_0.robot_supervisor]: Selected controllable event: EV_search_object
[balanced_delivery_supervisor-24] [INFO] [1789488509.585680018] [robot_1.robot_supervisor]: Selected controllable event: EV_move_forward
[balanced_delivery_supervisor-22] [INFO] [1789488509.680979842] [robot_2.robot_supervisor]: ############################# REACHED: EV_object_reached #############################
[balanced_delivery_supervisor-20] [INFO] [1789488509.696798080] [robot_0.robot_supervisor]: Triggered uncontrollable event: EV_object_not_visible
[balanced_delivery_supervisor-20] [INFO] [1789488509.705556084] [robot_0.robot_supervisor]: Selected controllable event: EV_move_forward
[balanced_delivery_supervisor-22] [INFO] [1789488509.697525233] [robot_2.robot_supervisor]: Triggered uncontrollable event: EV_obstacle_right
[balanced_delivery_supervisor-22] [INFO] [1789488509.698443932] [robot_2.robot_supervisor]: Selected controllable event: EV_rotate_counterclockwise
[balanced_delivery_supervisor-22] [WARN] [1789488509.699467947] [robot_2.robot_supervisor]: no translation for 5.3s livelock detected; starting atomic escape (turn_sign=+1)
[balanced_delivery_supervisor-24] [INFO] [1789488509.801731091] [robot_1.robot_supervisor]: Triggered uncontrollable event: EV_object_not_visible
[balanced_delivery_supervisor-24] [INFO] [1789488509.802817878] [robot_1.robot_supervisor]: Selected controllable event: EV_move_forward
[balanced_delivery_supervisor-20] [INFO] [1789488509.985441800] [robot_0.robot_supervisor]: Selected controllable event: EV_move_forward
[balanced_delivery_supervisor-24] [INFO] [1789488510.084640716] [robot_1.robot_supervisor]: Selected controllable event: EV_move_forward
[balanced_delivery_supervisor-24] [INFO] [1789488510.297650460] [robot_1.robot_supervisor]: Selected controllable event: EV_search_object
[balanced_delivery_supervisor-20] [INFO] [1789488510.302106542] [robot_0.robot_supervisor]: Selected controllable event: EV_search_object
[balanced_delivery_supervisor-24] [INFO] [1789488510.418347607] [robot_1.robot_supervisor]: Selected controllable event: EV_move_forward
[balanced_delivery_supervisor-20] [INFO] [1789488510.499077988] [robot_0.robot_supervisor]: ############################# VISIBLE: EV_object_visible #############################
[balanced_delivery_supervisor-20] [INFO] [1789488510.503932544] [robot_0.robot_supervisor]: Selected controllable event: EV_approach_object
[balanced_delivery_supervisor-24] [INFO] [1789488510.724147148] [robot_1.robot_supervisor]: Triggered uncontrollable event: EV_obstacle_front
[balanced_delivery_supervisor-24] [INFO] [1789488510.724991332] [robot_1.robot_supervisor]: Triggered uncontrollable event: EV_object_not_visible
[balanced_delivery_supervisor-24] [INFO] [1789488510.725943953] [robot_1.robot_supervisor]: Selected controllable event: EV_u_turn
[balanced_delivery_supervisor-24] [INFO] [1789488510.726778910] [robot_1.robot_supervisor]: Starting FULL ROTATE (omega=1.000, have_odom=True, target_rad=3.142, timeout_s=3.500)
[balanced_delivery_supervisor-20] [INFO] [1789488510.800486606] [robot_0.robot_supervisor]: Selected controllable event: EV_move_forward
[balanced_delivery_supervisor-20] [INFO] [1789488511.100793406] [robot_0.robot_supervisor]: Selected controllable event: EV_approach_object
[balanced_delivery_supervisor-20] [INFO] [1789488511.405615651] [robot_0.robot_supervisor]: ############################# VISIBLE: EV_object_visible #############################
[balanced_delivery_supervisor-20] [INFO] [1789488511.406625824] [robot_0.robot_supervisor]: Selected controllable event: EV_approach_object
[balanced_delivery_supervisor-20] [INFO] [1789488511.696607875] [robot_0.robot_supervisor]: Selected controllable event: EV_move_forward
[balanced_delivery_supervisor-20] [INFO] [1789488511.992048694] [robot_0.robot_supervisor]: Selected controllable event: EV_move_forward
[balanced_delivery_supervisor-22] [INFO] [1789488512.211893875] [robot_2.robot_supervisor]: Zone-livelock escape completed
[balanced_delivery_supervisor-20] [INFO] [1789488512.278912565] [robot_0.robot_supervisor]: ############################# REACHED: EV_object_reached #############################
[balanced_delivery_supervisor-20] [INFO] [1789488512.281443854] [robot_0.robot_supervisor]: Triggered uncontrollable event: EV_obstacle_right
[balanced_delivery_supervisor-20] [INFO] [1789488512.284610925] [robot_0.robot_supervisor]: Selected controllable event: EV_u_turn
[balanced_delivery_supervisor-20] [INFO] [1789488512.290758425] [robot_0.robot_supervisor]: Starting FULL ROTATE (omega=1.000, have_odom=True, target_rad=3.142, timeout_s=3.500)
[balanced_delivery_supervisor-22] [INFO] [1789488512.475202240] [robot_2.robot_supervisor]: ############################# REACHED: EV_object_reached #############################
[balanced_delivery_supervisor-22] [INFO] [1789488512.489351206] [robot_2.robot_supervisor]: Selected controllable event: EV_pick_up_object
[balanced_delivery_supervisor-22] [INFO] [1789488512.609052866] [robot_2.robot_supervisor]: Cargo 'robot_2_carried_generic_box' placed on robot.
[balanced_delivery_supervisor-22] [INFO] [1789488512.763886740] [robot_2.robot_supervisor]: Selected controllable event: EV_move_forward
[balanced_delivery_supervisor-22] [INFO] [1789488513.076826317] [robot_2.robot_supervisor]: Triggered uncontrollable event: EV_zone_b_visible
[balanced_delivery_supervisor-22] [INFO] [1789488513.077446648] [robot_2.robot_supervisor]: Triggered uncontrollable event: EV_zone_a_not_visible
[balanced_delivery_supervisor-22] [INFO] [1789488513.078275044] [robot_2.robot_supervisor]: Selected controllable event: EV_move_forward
[balanced_delivery_supervisor-22] [INFO] [1789488513.378322746] [robot_2.robot_supervisor]: Selected controllable event: EV_move_forward
[balanced_delivery_supervisor-22] [INFO] [1789488513.691779050] [robot_2.robot_supervisor]: Selected controllable event: EV_approach_zone
[balanced_delivery_supervisor-22] [INFO] [1789488513.975080756] [robot_2.robot_supervisor]: Triggered uncontrollable event: EV_zone_b_visible
[balanced_delivery_supervisor-22] [INFO] [1789488513.982128680] [robot_2.robot_supervisor]: Triggered uncontrollable event: EV_zone_a_not_visible
[balanced_delivery_supervisor-22] [INFO] [1789488513.990894794] [robot_2.robot_supervisor]: Selected controllable event: EV_approach_zone
[balanced_delivery_supervisor-22] [INFO] [1789488514.274403095] [robot_2.robot_supervisor]: Selected controllable event: EV_move_forward
[balanced_delivery_supervisor-24] [INFO] [1789488514.308105090] [robot_1.robot_supervisor]: FULL ROTATE completed by timeout
[balanced_delivery_supervisor-22] [INFO] [1789488514.485091623] [robot_2.robot_supervisor]: Triggered uncontrollable event: EV_zone_a_not_visible
[balanced_delivery_supervisor-22] [INFO] [1789488514.485945343] [robot_2.robot_supervisor]: Selected controllable event: EV_approach_zone
[balanced_delivery_supervisor-24] [INFO] [1789488514.587285125] [robot_1.robot_supervisor]: ############################# VISIBLE: EV_object_visible #############################
[balanced_delivery_supervisor-24] [INFO] [1789488514.588147021] [robot_1.robot_supervisor]: Selected controllable event: EV_approach_object
[balanced_delivery_supervisor-22] [INFO] [1789488514.777272033] [robot_2.robot_supervisor]: Triggered uncontrollable event: EV_zone_b_not_visible
[balanced_delivery_supervisor-22] [INFO] [1789488514.780252745] [robot_2.robot_supervisor]: Selected controllable event: EV_move_forward
[balanced_delivery_supervisor-24] [INFO] [1789488514.899112880] [robot_1.robot_supervisor]: Selected controllable event: EV_approach_object
[balanced_delivery_supervisor-22] [INFO] [1789488515.092964963] [robot_2.robot_supervisor]: Selected controllable event: EV_search_zone
[balanced_delivery_supervisor-24] [INFO] [1789488515.207364691] [robot_1.robot_supervisor]: Selected controllable event: EV_approach_object
[balanced_delivery_supervisor-22] [INFO] [1789488515.280641657] [robot_2.robot_supervisor]: Triggered uncontrollable event: EV_zone_a_not_visible
[balanced_delivery_supervisor-22] [INFO] [1789488515.285745706] [robot_2.robot_supervisor]: Selected controllable event: EV_move_forward
[balanced_delivery_supervisor-24] [INFO] [1789488515.486085809] [robot_1.robot_supervisor]: ############################# VISIBLE: EV_object_visible #############################
[balanced_delivery_supervisor-24] [INFO] [1789488515.487049084] [robot_1.robot_supervisor]: Selected controllable event: EV_approach_object
[balanced_delivery_supervisor-22] [INFO] [1789488515.586838667] [robot_2.robot_supervisor]: Triggered uncontrollable event: EV_zone_b_not_visible
[balanced_delivery_supervisor-22] [INFO] [1789488515.592025574] [robot_2.robot_supervisor]: Selected controllable event: EV_search_zone
[balanced_delivery_supervisor-24] [INFO] [1789488515.703840266] [robot_1.robot_supervisor]: Selected controllable event: EV_move_forward
[balanced_delivery_supervisor-22] [INFO] [1789488515.782381133] [robot_2.robot_supervisor]: Selected controllable event: EV_search_zone
[balanced_delivery_supervisor-20] [INFO] [1789488515.789486492] [robot_0.robot_supervisor]: FULL ROTATE completed by timeout
[balanced_delivery_supervisor-24] [INFO] [1789488515.988422165] [robot_1.robot_supervisor]: Selected controllable event: EV_approach_object
[balanced_delivery_supervisor-22] [INFO] [1789488515.996675331] [robot_2.robot_supervisor]: Selected controllable event: EV_move_forward
[balanced_delivery_supervisor-20] [INFO] [1789488516.074957109] [robot_0.robot_supervisor]: ############################# REACHED: EV_object_reached #############################
[balanced_delivery_supervisor-20] [INFO] [1789488516.096184548] [robot_0.robot_supervisor]: Selected controllable event: EV_move_forward
[balanced_delivery_supervisor-22] [INFO] [1789488516.200088035] [robot_2.robot_supervisor]: Triggered uncontrollable event: EV_zone_a_not_visible
[balanced_delivery_supervisor-22] [INFO] [1789488516.200776425] [robot_2.robot_supervisor]: Triggered uncontrollable event: EV_zone_b_not_visible
[balanced_delivery_supervisor-22] [INFO] [1789488516.201698955] [robot_2.robot_supervisor]: Selected controllable event: EV_search_zone
[balanced_delivery_supervisor-24] [INFO] [1789488516.202416862] [robot_1.robot_supervisor]: ############################# VISIBLE: EV_object_visible #############################
[balanced_delivery_supervisor-24] [INFO] [1789488516.213498374] [robot_1.robot_supervisor]: Selected controllable event: EV_approach_object
[balanced_delivery_supervisor-22] [INFO] [1789488516.380378334] [robot_2.robot_supervisor]: Selected controllable event: EV_move_forward
[balanced_delivery_supervisor-20] [INFO] [1789488516.388131181] [robot_0.robot_supervisor]: Selected controllable event: EV_move_forward
[balanced_delivery_supervisor-24] [INFO] [1789488516.505354302] [robot_1.robot_supervisor]: Selected controllable event: EV_approach_object
[balanced_delivery_supervisor-22] [INFO] [1789488516.588813918] [robot_2.robot_supervisor]: Selected controllable event: EV_move_forward
[balanced_delivery_supervisor-20] [INFO] [1789488516.685546009] [robot_0.robot_supervisor]: Selected controllable event: EV_pick_up_object
[balanced_delivery_supervisor-24] [INFO] [1789488516.711177765] [robot_1.robot_supervisor]: Selected controllable event: EV_approach_object
[balanced_delivery_supervisor-20] [INFO] [1789488516.729175259] [robot_0.robot_supervisor]: Cargo 'robot_0_carried_generic_box' placed on robot.
[balanced_delivery_supervisor-22] [INFO] [1789488516.884102358] [robot_2.robot_supervisor]: Triggered uncontrollable event: EV_zone_a_not_visible
[balanced_delivery_supervisor-22] [INFO] [1789488516.891205590] [robot_2.robot_supervisor]: Triggered uncontrollable event: EV_zone_b_not_visible
[balanced_delivery_supervisor-22] [INFO] [1789488516.895914088] [robot_2.robot_supervisor]: Selected controllable event: EV_search_zone
[balanced_delivery_supervisor-20] [INFO] [1789488516.900830295] [robot_0.robot_supervisor]: Triggered uncontrollable event: EV_zone_a_visible
[balanced_delivery_supervisor-20] [INFO] [1789488516.903691959] [robot_0.robot_supervisor]: Triggered uncontrollable event: EV_zone_b_visible
[balanced_delivery_supervisor-20] [INFO] [1789488516.910848843] [robot_0.robot_supervisor]: Selected controllable event: EV_approach_zone
[balanced_delivery_supervisor-24] [INFO] [1789488517.015741413] [robot_1.robot_supervisor]: ############################# VISIBLE: EV_object_visible #############################
[balanced_delivery_supervisor-24] [INFO] [1789488517.017895665] [robot_1.robot_supervisor]: Selected controllable event: EV_move_forward
[balanced_delivery_supervisor-22] [INFO] [1789488517.089129395] [robot_2.robot_supervisor]: Selected controllable event: EV_search_zone
[balanced_delivery_supervisor-20] [INFO] [1789488517.205038070] [robot_0.robot_supervisor]: Selected controllable event: EV_approach_zone
[balanced_delivery_supervisor-22] [INFO] [1789488517.274110244] [robot_2.robot_supervisor]: Selected controllable event: EV_move_forward
[balanced_delivery_supervisor-24] [INFO] [1789488517.314717094] [robot_1.robot_supervisor]: Selected controllable event: EV_move_forward
[balanced_delivery_supervisor-20] [INFO] [1789488517.411100328] [robot_0.robot_supervisor]: Selected controllable event: EV_approach_zone
[color_detector-27] [INFO] [1789488517.411462262] [robot_0.target_detector]: RGB HEARTBEAT frames_total=10 recent_rate_hz=0.874 last_frame_age_s=0.714 status=OK
[color_detector-31] [INFO] [1789488517.433149384] [robot_1.target_detector]: RGB HEARTBEAT frames_total=10 recent_rate_hz=0.860 last_frame_age_s=0.604 status=OK
[color_detector-29] [INFO] [1789488517.436406624] [robot_2.target_detector]: RGB HEARTBEAT frames_total=10 recent_rate_hz=0.836 last_frame_age_s=0.669 status=OK
[balanced_delivery_supervisor-22] [INFO] [1789488517.500044719] [robot_2.robot_supervisor]: Selected controllable event: EV_move_forward
[balanced_delivery_supervisor-24] [INFO] [1789488517.585682412] [robot_1.robot_supervisor]: Selected controllable event: EV_approach_object
[balanced_delivery_supervisor-20] [INFO] [1789488517.685431751] [robot_0.robot_supervisor]: Triggered uncontrollable event: EV_zone_b_visible
[balanced_delivery_supervisor-20] [INFO] [1789488517.688969139] [robot_0.robot_supervisor]: Triggered uncontrollable event: EV_zone_a_not_visible
[balanced_delivery_supervisor-20] [INFO] [1789488517.689902066] [robot_0.robot_supervisor]: Selected controllable event: EV_approach_zone
[balanced_delivery_supervisor-22] [INFO] [1789488517.780136684] [robot_2.robot_supervisor]: Triggered uncontrollable event: EV_zone_a_not_visible
[balanced_delivery_supervisor-22] [INFO] [1789488517.780755016] [robot_2.robot_supervisor]: Triggered uncontrollable event: EV_zone_b_not_visible
[balanced_delivery_supervisor-22] [INFO] [1789488517.781562968] [robot_2.robot_supervisor]: Selected controllable event: EV_search_zone
[balanced_delivery_supervisor-24] [INFO] [1789488517.813106970] [robot_1.robot_supervisor]: ############################# REACHED: EV_object_reached #############################
[balanced_delivery_supervisor-24] [INFO] [1789488517.814053065] [robot_1.robot_supervisor]: Selected controllable event: EV_pick_up_object
[balanced_delivery_supervisor-24] [INFO] [1789488517.854036630] [robot_1.robot_supervisor]: Cargo 'robot_1_carried_generic_box' placed on robot.
[balanced_delivery_supervisor-22] [INFO] [1789488517.988479883] [robot_2.robot_supervisor]: Selected controllable event: EV_search_zone
[balanced_delivery_supervisor-20] [INFO] [1789488517.989821292] [robot_0.robot_supervisor]: Selected controllable event: EV_move_forward
[balanced_delivery_supervisor-24] [INFO] [1789488518.092558756] [robot_1.robot_supervisor]: Selected controllable event: EV_move_forward
[balanced_delivery_supervisor-22] [INFO] [1789488518.187787381] [robot_2.robot_supervisor]: Selected controllable event: EV_search_zone
[balanced_delivery_supervisor-20] [INFO] [1789488518.222605497] [robot_0.robot_supervisor]: Selected controllable event: EV_approach_zone
[balanced_delivery_supervisor-24] [INFO] [1789488518.317473704] [robot_1.robot_supervisor]: Selected controllable event: EV_search_zone
[balanced_delivery_supervisor-22] [INFO] [1789488518.386271534] [robot_2.robot_supervisor]: Selected controllable event: EV_move_forward
[balanced_delivery_supervisor-24] [INFO] [1789488518.427396000] [robot_1.robot_supervisor]: Selected controllable event: EV_move_forward
[balanced_delivery_supervisor-20] [INFO] [1789488518.510531477] [robot_0.robot_supervisor]: Triggered uncontrollable event: EV_zone_a_not_visible
[balanced_delivery_supervisor-20] [INFO] [1789488518.511283846] [robot_0.robot_supervisor]: Triggered uncontrollable event: EV_obstacle_left
[balanced_delivery_supervisor-20] [INFO] [1789488518.512187931] [robot_0.robot_supervisor]: Selected controllable event: EV_rotate_clockwise
[balanced_delivery_supervisor-22] [INFO] [1789488518.676633897] [robot_2.robot_supervisor]: Triggered uncontrollable event: EV_zone_a_not_visible
[balanced_delivery_supervisor-22] [INFO] [1789488518.677527370] [robot_2.robot_supervisor]: Selected controllable event: EV_search_zone
[balanced_delivery_supervisor-20] [INFO] [1789488518.693691991] [robot_0.robot_supervisor]: Triggered uncontrollable event: EV_zone_b_visible
[balanced_delivery_supervisor-20] [INFO] [1789488518.694581791] [robot_0.robot_supervisor]: Triggered uncontrollable event: EV_obstacle_left
[balanced_delivery_supervisor-20] [INFO] [1789488518.699861093] [robot_0.robot_supervisor]: Selected controllable event: EV_rotate_clockwise
[balanced_delivery_supervisor-24] [INFO] [1789488518.706287089] [robot_1.robot_supervisor]: Selected controllable event: EV_search_zone
[balanced_delivery_supervisor-22] [INFO] [1789488518.797972106] [robot_2.robot_supervisor]: Triggered uncontrollable event: EV_zone_b_not_visible
[balanced_delivery_supervisor-22] [INFO] [1789488518.798932584] [robot_2.robot_supervisor]: Selected controllable event: EV_search_zone
[balanced_delivery_supervisor-20] [INFO] [1789488518.903330495] [robot_0.robot_supervisor]: Triggered uncontrollable event: EV_obstacle_left
[balanced_delivery_supervisor-20] [INFO] [1789488518.910574839] [robot_0.robot_supervisor]: Selected controllable event: EV_u_turn
[balanced_delivery_supervisor-24] [INFO] [1789488518.911849409] [robot_1.robot_supervisor]: Triggered uncontrollable event: EV_zone_a_not_visible
[balanced_delivery_supervisor-24] [INFO] [1789488518.916732982] [robot_1.robot_supervisor]: Triggered uncontrollable event: EV_zone_b_not_visible
[balanced_delivery_supervisor-20] [INFO] [1789488518.918614688] [robot_0.robot_supervisor]: Starting FULL ROTATE (omega=1.000, have_odom=True, target_rad=3.142, timeout_s=3.500)
[balanced_delivery_supervisor-24] [INFO] [1789488518.926880138] [robot_1.robot_supervisor]: Selected controllable event: EV_move_forward
[balanced_delivery_supervisor-22] [INFO] [1789488518.992234099] [robot_2.robot_supervisor]: Selected controllable event: EV_search_zone
[balanced_delivery_supervisor-22] [INFO] [1789488519.178143520] [robot_2.robot_supervisor]: Selected controllable event: EV_move_forward
[balanced_delivery_supervisor-24] [INFO] [1789488519.207372811] [robot_1.robot_supervisor]: Selected controllable event: EV_move_forward
[balanced_delivery_supervisor-22] [INFO] [1789488519.471163245] [robot_2.robot_supervisor]: Triggered uncontrollable event: EV_zone_a_not_visible
[balanced_delivery_supervisor-22] [INFO] [1789488519.491123697] [robot_2.robot_supervisor]: Triggered uncontrollable event: EV_zone_b_not_visible
[balanced_delivery_supervisor-22] [INFO] [1789488519.492121273] [robot_2.robot_supervisor]: Selected controllable event: EV_search_zone
[balanced_delivery_supervisor-24] [INFO] [1789488519.492207843] [robot_1.robot_supervisor]: Triggered uncontrollable event: EV_zone_a_not_visible
[balanced_delivery_supervisor-24] [INFO] [1789488519.502479145] [robot_1.robot_supervisor]: Triggered uncontrollable event: EV_zone_b_not_visible
[balanced_delivery_supervisor-24] [INFO] [1789488519.503551884] [robot_1.robot_supervisor]: Selected controllable event: EV_move_forward
[balanced_delivery_supervisor-22] [INFO] [1789488519.699349608] [robot_2.robot_supervisor]: Selected controllable event: EV_search_zone
[balanced_delivery_supervisor-24] [INFO] [1789488519.802687572] [robot_1.robot_supervisor]: Selected controllable event: EV_search_zone
[balanced_delivery_supervisor-22] [INFO] [1789488519.878594545] [robot_2.robot_supervisor]: Selected controllable event: EV_search_zone
[balanced_delivery_supervisor-24] [INFO] [1789488519.924615605] [robot_1.robot_supervisor]: Selected controllable event: EV_move_forward
[balanced_delivery_supervisor-22] [INFO] [1789488519.998868285] [robot_2.robot_supervisor]: Selected controllable event: EV_move_forward
[balanced_delivery_supervisor-24] [INFO] [1789488520.219584344] [robot_1.robot_supervisor]: Triggered uncontrollable event: EV_zone_a_not_visible
[balanced_delivery_supervisor-24] [INFO] [1789488520.232962881] [robot_1.robot_supervisor]: Selected controllable event: EV_search_zone
[balanced_delivery_supervisor-22] [INFO] [1789488520.288484305] [robot_2.robot_supervisor]: Triggered uncontrollable event: EV_zone_a_not_visible
[balanced_delivery_supervisor-22] [INFO] [1789488520.295275225] [robot_2.robot_supervisor]: Triggered uncontrollable event: EV_zone_b_not_visible
[balanced_delivery_supervisor-22] [INFO] [1789488520.300456400] [robot_2.robot_supervisor]: Selected controllable event: EV_move_forward
[balanced_delivery_supervisor-24] [INFO] [1789488520.416015762] [robot_1.robot_supervisor]: Triggered uncontrollable event: EV_zone_b_not_visible
[balanced_delivery_supervisor-24] [INFO] [1789488520.416957742] [robot_1.robot_supervisor]: Selected controllable event: EV_search_zone
[balanced_delivery_supervisor-22] [INFO] [1789488520.569974553] [robot_2.robot_supervisor]: Selected controllable event: EV_search_zone
[balanced_delivery_supervisor-24] [INFO] [1789488520.620070621] [robot_1.robot_supervisor]: Selected controllable event: EV_search_zone
[balanced_delivery_supervisor-22] [INFO] [1789488520.700226522] [robot_2.robot_supervisor]: Selected controllable event: EV_move_forward
[balanced_delivery_supervisor-24] [INFO] [1789488520.788642289] [robot_1.robot_supervisor]: Selected controllable event: EV_move_forward
[balanced_delivery_supervisor-22] [INFO] [1789488520.902245973] [robot_2.robot_supervisor]: Selected controllable event: EV_search_zone
[balanced_delivery_supervisor-24] [INFO] [1789488521.008126008] [robot_1.robot_supervisor]: Selected controllable event: EV_move_forward
[balanced_delivery_supervisor-22] [INFO] [1789488521.078372241] [robot_2.robot_supervisor]: Triggered uncontrollable event: EV_zone_a_not_visible
[balanced_delivery_supervisor-22] [INFO] [1789488521.087187348] [robot_2.robot_supervisor]: Triggered uncontrollable event: EV_zone_b_not_visible
[balanced_delivery_supervisor-22] [INFO] [1789488521.088106930] [robot_2.robot_supervisor]: Selected controllable event: EV_move_forward
[balanced_delivery_supervisor-22] [INFO] [1789488521.298518110] [robot_2.robot_supervisor]: Selected controllable event: EV_move_forward
[balanced_delivery_supervisor-24] [INFO] [1789488521.309591672] [robot_1.robot_supervisor]: Triggered uncontrollable event: EV_zone_a_not_visible
[balanced_delivery_supervisor-24] [INFO] [1789488521.315872907] [robot_1.robot_supervisor]: Triggered uncontrollable event: EV_zone_b_not_visible
[balanced_delivery_supervisor-24] [INFO] [1789488521.316881248] [robot_1.robot_supervisor]: Selected controllable event: EV_search_zone
[balanced_delivery_supervisor-24] [INFO] [1789488521.517157426] [robot_1.robot_supervisor]: Selected controllable event: EV_search_zone
[balanced_delivery_supervisor-22] [INFO] [1789488521.578427768] [robot_2.robot_supervisor]: Selected controllable event: EV_search_zone
[balanced_delivery_supervisor-24] [INFO] [1789488521.703555713] [robot_1.robot_supervisor]: Selected controllable event: EV_search_zone
[balanced_delivery_supervisor-22] [INFO] [1789488521.719532480] [robot_2.robot_supervisor]: Selected controllable event: EV_search_zone
[balanced_delivery_supervisor-24] [INFO] [1789488521.820243320] [robot_1.robot_supervisor]: Selected controllable event: EV_move_forward
[balanced_delivery_supervisor-22] [INFO] [1789488521.877403533] [robot_2.robot_supervisor]: Triggered uncontrollable event: EV_zone_a_not_visible
[balanced_delivery_supervisor-22] [INFO] [1789488521.878152828] [robot_2.robot_supervisor]: Triggered uncontrollable event: EV_zone_b_not_visible
[balanced_delivery_supervisor-22] [INFO] [1789488521.882251409] [robot_2.robot_supervisor]: Selected controllable event: EV_search_zone
[balanced_delivery_supervisor-22] [INFO] [1789488522.077472979] [robot_2.robot_supervisor]: Selected controllable event: EV_move_forward
[balanced_delivery_supervisor-24] [INFO] [1789488522.109803938] [robot_1.robot_supervisor]: Triggered uncontrollable event: EV_zone_a_not_visible
[balanced_delivery_supervisor-24] [INFO] [1789488522.124775508] [robot_1.robot_supervisor]: Triggered uncontrollable event: EV_zone_b_not_visible
[balanced_delivery_supervisor-24] [INFO] [1789488522.125612844] [robot_1.robot_supervisor]: Selected controllable event: EV_search_zone
[balanced_delivery_supervisor-24] [INFO] [1789488522.308112974] [robot_1.robot_supervisor]: Selected controllable event: EV_move_forward
[balanced_delivery_supervisor-22] [INFO] [1789488522.394352612] [robot_2.robot_supervisor]: Selected controllable event: EV_search_zone
[balanced_delivery_supervisor-20] [INFO] [1789488522.477073092] [robot_0.robot_supervisor]: FULL ROTATE completed by timeout
[balanced_delivery_supervisor-22] [INFO] [1789488522.500508058] [robot_2.robot_supervisor]: Selected controllable event: EV_search_zone
[balanced_delivery_supervisor-24] [INFO] [1789488522.513064855] [robot_1.robot_supervisor]: Selected controllable event: EV_search_zone
[balanced_delivery_supervisor-22] [INFO] [1789488522.686918491] [robot_2.robot_supervisor]: Selected controllable event: EV_search_zone
[balanced_delivery_supervisor-24] [INFO] [1789488522.705215465] [robot_1.robot_supervisor]: Selected controllable event: EV_search_zone
[balanced_delivery_supervisor-20] [INFO] [1789488522.708075791] [robot_0.robot_supervisor]: Triggered uncontrollable event: EV_zone_b_visible
[balanced_delivery_supervisor-20] [INFO] [1789488522.708791248] [robot_0.robot_supervisor]: Triggered uncontrollable event: EV_zone_a_not_visible
[balanced_delivery_supervisor-20] [INFO] [1789488522.709672040] [robot_0.robot_supervisor]: Selected controllable event: EV_move_forward
[balanced_delivery_supervisor-22] [INFO] [1789488522.801261829] [robot_2.robot_supervisor]: Triggered uncontrollable event: EV_zone_a_not_visible
[balanced_delivery_supervisor-22] [INFO] [1789488522.802047846] [robot_2.robot_supervisor]: Triggered uncontrollable event: EV_zone_b_not_visible
[balanced_delivery_supervisor-22] [INFO] [1789488522.819218649] [robot_2.robot_supervisor]: Selected controllable event: EV_move_forward
[balanced_delivery_supervisor-24] [INFO] [1789488522.915924747] [robot_1.robot_supervisor]: Triggered uncontrollable event: EV_zone_a_not_visible
[balanced_delivery_supervisor-24] [INFO] [1789488522.916722498] [robot_1.robot_supervisor]: Triggered uncontrollable event: EV_zone_b_not_visible
[balanced_delivery_supervisor-24] [INFO] [1789488522.917718133] [robot_1.robot_supervisor]: Selected controllable event: EV_search_zone
[balanced_delivery_supervisor-20] [INFO] [1789488523.006227809] [robot_0.robot_supervisor]: Selected controllable event: EV_move_forward
[balanced_delivery_supervisor-22] [INFO] [1789488523.096691683] [robot_2.robot_supervisor]: Selected controllable event: EV_move_forward
[balanced_delivery_supervisor-24] [INFO] [1789488523.097146239] [robot_1.robot_supervisor]: Selected controllable event: EV_search_zone
[balanced_delivery_supervisor-20] [INFO] [1789488523.293320577] [robot_0.robot_supervisor]: Selected controllable event: EV_approach_zone
[balanced_delivery_supervisor-24] [INFO] [1789488523.309342625] [robot_1.robot_supervisor]: Selected controllable event: EV_move_forward
[balanced_delivery_supervisor-22] [INFO] [1789488523.367863122] [robot_2.robot_supervisor]: Selected controllable event: EV_move_forward
[balanced_delivery_supervisor-20] [INFO] [1789488523.513403698] [robot_0.robot_supervisor]: Triggered uncontrollable event: EV_zone_a_not_visible
[balanced_delivery_supervisor-20] [INFO] [1789488523.514279860] [robot_0.robot_supervisor]: Triggered uncontrollable event: EV_obstacle_right
[balanced_delivery_supervisor-20] [INFO] [1789488523.515173257] [robot_0.robot_supervisor]: Selected controllable event: EV_rotate_counterclockwise
[balanced_delivery_supervisor-22] [INFO] [1789488523.569818295] [robot_2.robot_supervisor]: Triggered uncontrollable event: EV_zone_a_not_visible
[balanced_delivery_supervisor-22] [INFO] [1789488523.570769256] [robot_2.robot_supervisor]: Selected controllable event: EV_move_forward
[balanced_delivery_supervisor-24] [INFO] [1789488523.596995809] [robot_1.robot_supervisor]: Selected controllable event: EV_move_forward
[balanced_delivery_supervisor-20] [INFO] [1789488523.701658339] [robot_0.robot_supervisor]: Triggered uncontrollable event: EV_zone_b_visible
[balanced_delivery_supervisor-20] [INFO] [1789488523.704627967] [robot_0.robot_supervisor]: Triggered uncontrollable event: EV_obstacle_right
[balanced_delivery_supervisor-20] [INFO] [1789488523.710982118] [robot_0.robot_supervisor]: Selected controllable event: EV_u_turn
[balanced_delivery_supervisor-20] [INFO] [1789488523.791236872] [robot_0.robot_supervisor]: Triggered uncontrollable event: EV_obstacle_right
[balanced_delivery_supervisor-20] [INFO] [1789488523.792108403] [robot_0.robot_supervisor]: Selected controllable event: EV_u_turn
[balanced_delivery_supervisor-24] [INFO] [1789488523.817219388] [robot_1.robot_supervisor]: Triggered uncontrollable event: EV_zone_a_not_visible
[balanced_delivery_supervisor-24] [INFO] [1789488523.827396970] [robot_1.robot_supervisor]: Triggered uncontrollable event: EV_zone_b_not_visible
[balanced_delivery_supervisor-24] [INFO] [1789488523.831960351] [robot_1.robot_supervisor]: Selected controllable event: EV_move_forward
[balanced_delivery_supervisor-22] [INFO] [1789488523.881974810] [robot_2.robot_supervisor]: Triggered uncontrollable event: EV_zone_b_not_visible
[balanced_delivery_supervisor-22] [INFO] [1789488523.902549764] [robot_2.robot_supervisor]: Selected controllable event: EV_move_forward
[balanced_delivery_supervisor-20] [INFO] [1789488523.903638092] [robot_0.robot_supervisor]: Triggered uncontrollable event: EV_obstacle_right
[balanced_delivery_supervisor-20] [INFO] [1789488523.904441692] [robot_0.robot_supervisor]: Selected controllable event: EV_u_turn
[balanced_delivery_supervisor-20] [INFO] [1789488523.990936489] [robot_0.robot_supervisor]: Triggered uncontrollable event: EV_obstacle_right
[balanced_delivery_supervisor-20] [INFO] [1789488523.996721000] [robot_0.robot_supervisor]: Selected controllable event: EV_rotate_counterclockwise
[balanced_delivery_supervisor-24] [INFO] [1789488524.097878683] [robot_1.robot_supervisor]: Selected controllable event: EV_search_zone
[balanced_delivery_supervisor-20] [INFO] [1789488524.187788676] [robot_0.robot_supervisor]: Triggered uncontrollable event: EV_obstacle_right
[balanced_delivery_supervisor-22] [INFO] [1789488524.190730335] [robot_2.robot_supervisor]: Selected controllable event: EV_search_zone
[balanced_delivery_supervisor-24] [INFO] [1789488524.199578861] [robot_1.robot_supervisor]: Selected controllable event: EV_move_forward
[balanced_delivery_supervisor-20] [INFO] [1789488524.203888957] [robot_0.robot_supervisor]: Selected controllable event: EV_rotate_counterclockwise
[balanced_delivery_supervisor-22] [INFO] [1789488524.378007821] [robot_2.robot_supervisor]: Triggered uncontrollable event: EV_obstacle_front
[balanced_delivery_supervisor-22] [INFO] [1789488524.396479736] [robot_2.robot_supervisor]: Selected controllable event: EV_rotate_counterclockwise
[balanced_delivery_supervisor-20] [INFO] [1789488524.411680391] [robot_0.robot_supervisor]: Triggered uncontrollable event: EV_zone_a_not_visible
[balanced_delivery_supervisor-20] [INFO] [1789488524.413444418] [robot_0.robot_supervisor]: Triggered uncontrollable event: EV_obstacle_right
[balanced_delivery_supervisor-20] [INFO] [1789488524.414149783] [robot_0.robot_supervisor]: Triggered uncontrollable event: EV_zone_b_not_visible
[balanced_delivery_supervisor-20] [INFO] [1789488524.434314985] [robot_0.robot_supervisor]: Selected controllable event: EV_rotate_counterclockwise
[balanced_delivery_supervisor-24] [INFO] [1789488524.506649254] [robot_1.robot_supervisor]: Triggered uncontrollable event: EV_zone_a_not_visible
[balanced_delivery_supervisor-24] [INFO] [1789488524.507556742] [robot_1.robot_supervisor]: Selected controllable event: EV_search_zone
[balanced_delivery_supervisor-22] [INFO] [1789488524.572501101] [robot_2.robot_supervisor]: Triggered uncontrollable event: EV_zone_a_not_visible
[balanced_delivery_supervisor-22] [INFO] [1789488524.582683054] [robot_2.robot_supervisor]: Triggered uncontrollable event: EV_obstacle_front
[balanced_delivery_supervisor-22] [INFO] [1789488524.591667699] [robot_2.robot_supervisor]: Triggered uncontrollable event: EV_zone_b_not_visible
[balanced_delivery_supervisor-22] [INFO] [1789488524.592640477] [robot_2.robot_supervisor]: Selected controllable event: EV_rotate_clockwise
[balanced_delivery_supervisor-20] [INFO] [1789488524.610948505] [robot_0.robot_supervisor]: Triggered uncontrollable event: EV_obstacle_right
[balanced_delivery_supervisor-20] [INFO] [1789488524.618364083] [robot_0.robot_supervisor]: Selected controllable event: EV_u_turn
[balanced_delivery_supervisor-20] [INFO] [1789488524.708992566] [robot_0.robot_supervisor]: Triggered uncontrollable event: EV_obstacle_right
[balanced_delivery_supervisor-20] [INFO] [1789488524.709890229] [robot_0.robot_supervisor]: Selected controllable event: EV_u_turn
[balanced_delivery_supervisor-24] [INFO] [1789488524.718635789] [robot_1.robot_supervisor]: Triggered uncontrollable event: EV_zone_b_not_visible
[balanced_delivery_supervisor-24] [INFO] [1789488524.719553242] [robot_1.robot_supervisor]: Selected controllable event: EV_search_zone
[balanced_delivery_supervisor-22] [INFO] [1789488524.775410792] [robot_2.robot_supervisor]: Triggered uncontrollable event: EV_obstacle_front
[balanced_delivery_supervisor-22] [INFO] [1789488524.780304767] [robot_2.robot_supervisor]: Selected controllable event: EV_u_turn
[balanced_delivery_supervisor-22] [INFO] [1789488524.782815833] [robot_2.robot_supervisor]: Starting FULL ROTATE (omega=1.000, have_odom=True, target_rad=3.142, timeout_s=3.500)
[balanced_delivery_supervisor-20] [INFO] [1789488524.807634755] [robot_0.robot_supervisor]: Triggered uncontrollable event: EV_obstacle_right
[balanced_delivery_supervisor-20] [INFO] [1789488524.808561076] [robot_0.robot_supervisor]: Selected controllable event: EV_rotate_counterclockwise
[balanced_delivery_supervisor-24] [INFO] [1789488524.899741135] [robot_1.robot_supervisor]: Selected controllable event: EV_search_zone
[balanced_delivery_supervisor-20] [INFO] [1789488524.992656350] [robot_0.robot_supervisor]: Triggered uncontrollable event: EV_obstacle_right
[balanced_delivery_supervisor-20] [INFO] [1789488524.993345391] [robot_0.robot_supervisor]: Selected controllable event: EV_u_turn
[balanced_delivery_supervisor-20] [INFO] [1789488525.012637602] [robot_0.robot_supervisor]: Starting FULL ROTATE (omega=1.000, have_odom=True, target_rad=3.142, timeout_s=3.500)
[balanced_delivery_supervisor-24] [INFO] [1789488525.099843116] [robot_1.robot_supervisor]: Selected controllable event: EV_search_zone
[balanced_delivery_supervisor-24] [INFO] [1789488525.222596556] [robot_1.robot_supervisor]: Selected controllable event: EV_search_zone
[balanced_delivery_supervisor-24] [INFO] [1789488525.407881552] [robot_1.robot_supervisor]: Triggered uncontrollable event: EV_zone_a_not_visible
[balanced_delivery_supervisor-24] [INFO] [1789488525.408711244] [robot_1.robot_supervisor]: Selected controllable event: EV_move_forward
[balanced_delivery_supervisor-24] [INFO] [1789488525.691681877] [robot_1.robot_supervisor]: Triggered uncontrollable event: EV_zone_b_not_visible
[balanced_delivery_supervisor-24] [INFO] [1789488525.692592831] [robot_1.robot_supervisor]: Selected controllable event: EV_search_zone
[color_detector-29] [INFO] [1789488525.808679364] [robot_2.target_detector]: RGB HEARTBEAT frames_total=20 recent_rate_hz=1.192 last_frame_age_s=0.622 status=OK
[color_detector-27] [INFO] [1789488525.821662635] [robot_0.target_detector]: RGB HEARTBEAT frames_total=20 recent_rate_hz=1.190 last_frame_age_s=0.726 status=OK
[color_detector-31] [INFO] [1789488525.830367447] [robot_1.target_detector]: RGB HEARTBEAT frames_total=20 recent_rate_hz=1.192 last_frame_age_s=0.453 status=OK
[balanced_delivery_supervisor-24] [INFO] [1789488525.885806026] [robot_1.robot_supervisor]: Selected controllable event: EV_search_zone
[balanced_delivery_supervisor-24] [INFO] [1789488526.023069222] [robot_1.robot_supervisor]: Selected controllable event: EV_search_zone
[balanced_delivery_supervisor-24] [INFO] [1789488526.192322737] [robot_1.robot_supervisor]: Triggered uncontrollable event: EV_zone_a_not_visible
[balanced_delivery_supervisor-24] [INFO] [1789488526.199090852] [robot_1.robot_supervisor]: Triggered uncontrollable event: EV_zone_b_not_visible
[balanced_delivery_supervisor-24] [INFO] [1789488526.203503958] [robot_1.robot_supervisor]: Selected controllable event: EV_search_zone
[balanced_delivery_supervisor-24] [INFO] [1789488526.398385419] [robot_1.robot_supervisor]: Selected controllable event: EV_search_zone
[balanced_delivery_supervisor-24] [INFO] [1789488526.503155444] [robot_1.robot_supervisor]: Selected controllable event: EV_move_forward
[balanced_delivery_supervisor-24] [INFO] [1789488526.815908669] [robot_1.robot_supervisor]: Triggered uncontrollable event: EV_zone_a_not_visible
[balanced_delivery_supervisor-24] [INFO] [1789488526.816736229] [robot_1.robot_supervisor]: Selected controllable event: EV_move_forward
[balanced_delivery_supervisor-24] [INFO] [1789488527.115282020] [robot_1.robot_supervisor]: Triggered uncontrollable event: EV_zone_b_not_visible
[balanced_delivery_supervisor-24] [INFO] [1789488527.116228376] [robot_1.robot_supervisor]: Selected controllable event: EV_move_forward
[balanced_delivery_supervisor-24] [INFO] [1789488527.402314865] [robot_1.robot_supervisor]: Selected controllable event: EV_search_zone
[balanced_delivery_supervisor-24] [INFO] [1789488527.619529658] [robot_1.robot_supervisor]: Selected controllable event: EV_move_forward
[balanced_delivery_supervisor-24] [INFO] [1789488527.902977815] [robot_1.robot_supervisor]: Triggered uncontrollable event: EV_zone_a_not_visible
[balanced_delivery_supervisor-24] [INFO] [1789488527.903759255] [robot_1.robot_supervisor]: Triggered uncontrollable event: EV_zone_b_not_visible
[balanced_delivery_supervisor-24] [INFO] [1789488527.904600598] [robot_1.robot_supervisor]: Selected controllable event: EV_move_forward
[balanced_delivery_supervisor-24] [INFO] [1789488528.121562143] [robot_1.robot_supervisor]: Selected controllable event: EV_move_forward
[balanced_delivery_supervisor-22] [INFO] [1789488528.404620294] [robot_2.robot_supervisor]: FULL ROTATE completed by timeout
[balanced_delivery_supervisor-24] [INFO] [1789488528.405672246] [robot_1.robot_supervisor]: Selected controllable event: EV_search_zone
[balanced_delivery_supervisor-24] [INFO] [1789488528.590924580] [robot_1.robot_supervisor]: Triggered uncontrollable event: EV_zone_a_not_visible
[balanced_delivery_supervisor-24] [INFO] [1789488528.591685449] [robot_1.robot_supervisor]: Triggered uncontrollable event: EV_zone_b_not_visible
[balanced_delivery_supervisor-20] [INFO] [1789488528.591625655] [robot_0.robot_supervisor]: FULL ROTATE completed by timeout
[balanced_delivery_supervisor-24] [INFO] [1789488528.603279154] [robot_1.robot_supervisor]: Selected controllable event: EV_search_zone
[balanced_delivery_supervisor-22] [INFO] [1789488528.691977915] [robot_2.robot_supervisor]: Triggered uncontrollable event: EV_zone_a_visible
[balanced_delivery_supervisor-22] [INFO] [1789488528.692598968] [robot_2.robot_supervisor]: Triggered uncontrollable event: EV_zone_b_not_visible
[balanced_delivery_supervisor-22] [INFO] [1789488528.693442602] [robot_2.robot_supervisor]: Selected controllable event: EV_approach_zone
[balanced_delivery_supervisor-24] [INFO] [1789488528.726214991] [robot_1.robot_supervisor]: Selected controllable event: EV_search_zone
[balanced_delivery_supervisor-20] [INFO] [1789488528.892150764] [robot_0.robot_supervisor]: Triggered uncontrollable event: EV_zone_a_not_visible
[balanced_delivery_supervisor-24] [INFO] [1789488528.897290690] [robot_1.robot_supervisor]: Selected controllable event: EV_move_forward
[balanced_delivery_supervisor-20] [INFO] [1789488528.905867110] [robot_0.robot_supervisor]: Triggered uncontrollable event: EV_zone_b_not_visible
[balanced_delivery_supervisor-20] [INFO] [1789488528.906743672] [robot_0.robot_supervisor]: Selected controllable event: EV_move_forward
[balanced_delivery_supervisor-22] [INFO] [1789488528.981649888] [robot_2.robot_supervisor]: Selected controllable event: EV_move_forward
[balanced_delivery_supervisor-24] [INFO] [1789488529.100358835] [robot_1.robot_supervisor]: Selected controllable event: EV_search_zone
[balanced_delivery_supervisor-20] [INFO] [1789488529.110996306] [robot_0.robot_supervisor]: Selected controllable event: EV_move_forward
[balanced_delivery_supervisor-22] [INFO] [1789488529.284369743] [robot_2.robot_supervisor]: Selected controllable event: EV_move_forward
[balanced_delivery_supervisor-24] [INFO] [1789488529.313534178] [robot_1.robot_supervisor]: Selected controllable event: EV_move_forward
[balanced_delivery_supervisor-20] [INFO] [1789488529.380707973] [robot_0.robot_supervisor]: Triggered uncontrollable event: EV_zone_a_not_visible
[balanced_delivery_supervisor-20] [INFO] [1789488529.381438457] [robot_0.robot_supervisor]: Triggered uncontrollable event: EV_zone_b_not_visible
[balanced_delivery_supervisor-20] [INFO] [1789488529.397626833] [robot_0.robot_supervisor]: Selected controllable event: EV_search_zone
[balanced_delivery_supervisor-22] [INFO] [1789488529.591769392] [robot_2.robot_supervisor]: Triggered uncontrollable event: EV_zone_a_visible
[balanced_delivery_supervisor-22] [INFO] [1789488529.597076356] [robot_2.robot_supervisor]: Triggered uncontrollable event: EV_zone_b_visible
[balanced_delivery_supervisor-20] [INFO] [1789488529.592789038] [robot_0.robot_supervisor]: Selected controllable event: EV_move_forward
[balanced_delivery_supervisor-24] [INFO] [1789488529.604114773] [robot_1.robot_supervisor]: Triggered uncontrollable event: EV_zone_a_not_visible
[balanced_delivery_supervisor-22] [INFO] [1789488529.610416941] [robot_2.robot_supervisor]: Selected controllable event: EV_move_forward
[balanced_delivery_supervisor-24] [INFO] [1789488529.619990301] [robot_1.robot_supervisor]: Triggered uncontrollable event: EV_zone_b_not_visible
[balanced_delivery_supervisor-24] [INFO] [1789488529.620843442] [robot_1.robot_supervisor]: Selected controllable event: EV_search_zone
[balanced_delivery_supervisor-20] [INFO] [1789488529.796754263] [robot_0.robot_supervisor]: Selected controllable event: EV_search_zone
[balanced_delivery_supervisor-24] [INFO] [1789488529.815351467] [robot_1.robot_supervisor]: Selected controllable event: EV_move_forward
[balanced_delivery_supervisor-22] [INFO] [1789488529.902848366] [robot_2.robot_supervisor]: Selected controllable event: EV_move_forward
[balanced_delivery_supervisor-20] [INFO] [1789488530.004218681] [robot_0.robot_supervisor]: Selected controllable event: EV_move_forward
[balanced_delivery_supervisor-24] [INFO] [1789488530.086002509] [robot_1.robot_supervisor]: Selected controllable event: EV_search_zone
[balanced_delivery_supervisor-22] [INFO] [1789488530.175547609] [robot_2.robot_supervisor]: Triggered uncontrollable event: EV_zone_a_visible
[balanced_delivery_supervisor-22] [INFO] [1789488530.181737327] [robot_2.robot_supervisor]: Triggered uncontrollable event: EV_zone_b_visible
[balanced_delivery_supervisor-22] [INFO] [1789488530.189610047] [robot_2.robot_supervisor]: Selected controllable event: EV_approach_zone
[balanced_delivery_supervisor-24] [INFO] [1789488530.209217589] [robot_1.robot_supervisor]: Triggered uncontrollable event: EV_zone_a_not_visible
[balanced_delivery_supervisor-24] [INFO] [1789488530.209933740] [robot_1.robot_supervisor]: Triggered uncontrollable event: EV_zone_b_not_visible
[balanced_delivery_supervisor-24] [INFO] [1789488530.210708983] [robot_1.robot_supervisor]: Selected controllable event: EV_search_zone
[balanced_delivery_supervisor-20] [INFO] [1789488530.296655975] [robot_0.robot_supervisor]: Triggered uncontrollable event: EV_zone_a_not_visible
[balanced_delivery_supervisor-20] [INFO] [1789488530.297312021] [robot_0.robot_supervisor]: Triggered uncontrollable event: EV_zone_b_not_visible
[balanced_delivery_supervisor-20] [INFO] [1789488530.308614674] [robot_0.robot_supervisor]: Selected controllable event: EV_move_forward
[balanced_delivery_supervisor-24] [INFO] [1789488530.393627719] [robot_1.robot_supervisor]: Selected controllable event: EV_search_zone
[balanced_delivery_supervisor-22] [INFO] [1789488530.484753751] [robot_2.robot_supervisor]: Selected controllable event: EV_move_forward
[balanced_delivery_supervisor-24] [INFO] [1789488530.515885142] [robot_1.robot_supervisor]: Selected controllable event: EV_move_forward
[balanced_delivery_supervisor-20] [INFO] [1789488530.603933327] [robot_0.robot_supervisor]: Selected controllable event: EV_move_forward
[balanced_delivery_supervisor-22] [INFO] [1789488530.699365514] [robot_2.robot_supervisor]: Selected controllable event: EV_move_forward
[balanced_delivery_supervisor-20] [INFO] [1789488530.805756001] [robot_0.robot_supervisor]: Triggered uncontrollable event: EV_zone_a_not_visible
[balanced_delivery_supervisor-20] [INFO] [1789488530.816766459] [robot_0.robot_supervisor]: Selected controllable event: EV_move_forward
[balanced_delivery_supervisor-24] [INFO] [1789488530.821856527] [robot_1.robot_supervisor]: Selected controllable event: EV_search_zone
[balanced_delivery_supervisor-22] [INFO] [1789488530.984389813] [robot_2.robot_supervisor]: Triggered uncontrollable event: EV_zone_a_visible
[balanced_delivery_supervisor-22] [INFO] [1789488530.989326150] [robot_2.robot_supervisor]: Triggered uncontrollable event: EV_zone_b_visible
[balanced_delivery_supervisor-22] [INFO] [1789488531.003706304] [robot_2.robot_supervisor]: Selected controllable event: EV_approach_zone
[balanced_delivery_supervisor-24] [INFO] [1789488531.006302709] [robot_1.robot_supervisor]: Triggered uncontrollable event: EV_zone_b_visible
[balanced_delivery_supervisor-24] [INFO] [1789488531.017632265] [robot_1.robot_supervisor]: Triggered uncontrollable event: EV_zone_a_not_visible
[balanced_delivery_supervisor-24] [INFO] [1789488531.018570994] [robot_1.robot_supervisor]: Selected controllable event: EV_move_forward
[balanced_delivery_supervisor-20] [INFO] [1789488531.080927086] [robot_0.robot_supervisor]: Triggered uncontrollable event: EV_zone_b_not_visible
[balanced_delivery_supervisor-20] [INFO] [1789488531.090937303] [robot_0.robot_supervisor]: Selected controllable event: EV_search_zone
[balanced_delivery_supervisor-22] [INFO] [1789488531.295067665] [robot_2.robot_supervisor]: Selected controllable event: EV_approach_zone
[balanced_delivery_supervisor-20] [INFO] [1789488531.300774258] [robot_0.robot_supervisor]: Selected controllable event: EV_search_zone
[balanced_delivery_supervisor-24] [INFO] [1789488531.302426416] [robot_1.robot_supervisor]: Selected controllable event: EV_move_forward
[balanced_delivery_supervisor-20] [INFO] [1789488531.503397096] [robot_0.robot_supervisor]: Selected controllable event: EV_search_zone
[balanced_delivery_supervisor-22] [INFO] [1789488531.592209424] [robot_2.robot_supervisor]: Selected controllable event: EV_move_forward
[balanced_delivery_supervisor-24] [INFO] [1789488531.600413382] [robot_1.robot_supervisor]: Selected controllable event: EV_move_forward
[balanced_delivery_supervisor-20] [INFO] [1789488531.677208642] [robot_0.robot_supervisor]: Triggered uncontrollable event: EV_zone_a_not_visible
[balanced_delivery_supervisor-20] [INFO] [1789488531.696837966] [robot_0.robot_supervisor]: Triggered uncontrollable event: EV_zone_b_not_visible
[balanced_delivery_supervisor-20] [INFO] [1789488531.697803589] [robot_0.robot_supervisor]: Selected controllable event: EV_move_forward
[balanced_delivery_supervisor-24] [INFO] [1789488531.804480165] [robot_1.robot_supervisor]: Triggered uncontrollable event: EV_zone_b_visible
[balanced_delivery_supervisor-24] [INFO] [1789488531.823083052] [robot_1.robot_supervisor]: Triggered uncontrollable event: EV_zone_a_not_visible
[balanced_delivery_supervisor-24] [INFO] [1789488531.824070731] [robot_1.robot_supervisor]: Selected controllable event: EV_move_forward
[balanced_delivery_supervisor-22] [INFO] [1789488531.876888628] [robot_2.robot_supervisor]: Triggered uncontrollable event: EV_zone_a_visible
[balanced_delivery_supervisor-22] [INFO] [1789488531.880392090] [robot_2.robot_supervisor]: Triggered uncontrollable event: EV_zone_b_visible
[balanced_delivery_supervisor-22] [INFO] [1789488531.884329197] [robot_2.robot_supervisor]: Selected controllable event: EV_move_forward
[balanced_delivery_supervisor-20] [INFO] [1789488531.907555152] [robot_0.robot_supervisor]: Selected controllable event: EV_move_forward
[balanced_delivery_supervisor-24] [INFO] [1789488532.097474673] [robot_1.robot_supervisor]: Selected controllable event: EV_move_forward
[balanced_delivery_supervisor-22] [INFO] [1789488532.189588242] [robot_2.robot_supervisor]: Selected controllable event: EV_move_forward
[balanced_delivery_supervisor-20] [INFO] [1789488532.194046885] [robot_0.robot_supervisor]: Selected controllable event: EV_move_forward
[balanced_delivery_supervisor-24] [INFO] [1789488532.304296922] [robot_1.robot_supervisor]: Selected controllable event: EV_approach_zone
[balanced_delivery_supervisor-20] [INFO] [1789488532.412352775] [robot_0.robot_supervisor]: Triggered uncontrollable event: EV_zone_a_not_visible
[balanced_delivery_supervisor-20] [INFO] [1789488532.436245611] [robot_0.robot_supervisor]: Selected controllable event: EV_search_zone
[balanced_delivery_supervisor-22] [INFO] [1789488532.487493417] [robot_2.robot_supervisor]: Triggered uncontrollable event: EV_zone_a_visible
[balanced_delivery_supervisor-22] [INFO] [1789488532.496273385] [robot_2.robot_supervisor]: Selected controllable event: EV_approach_zone
[balanced_delivery_supervisor-24] [INFO] [1789488532.516608952] [robot_1.robot_supervisor]: Selected controllable event: EV_approach_zone
[balanced_delivery_supervisor-20] [INFO] [1789488532.575148702] [robot_0.robot_supervisor]: Triggered uncontrollable event: EV_zone_b_not_visible
[balanced_delivery_supervisor-20] [INFO] [1789488532.593520957] [robot_0.robot_supervisor]: Selected controllable event: EV_search_zone
[balanced_delivery_supervisor-22] [INFO] [1789488532.783118406] [robot_2.robot_supervisor]: Triggered uncontrollable event: EV_zone_b_visible
[balanced_delivery_supervisor-22] [INFO] [1789488532.787259191] [robot_2.robot_supervisor]: Selected controllable event: EV_approach_zone
[balanced_delivery_supervisor-20] [INFO] [1789488532.791729817] [robot_0.robot_supervisor]: Selected controllable event: EV_move_forward
[balanced_delivery_supervisor-24] [INFO] [1789488532.811702125] [robot_1.robot_supervisor]: Triggered uncontrollable event: EV_zone_b_visible
[balanced_delivery_supervisor-24] [INFO] [1789488532.820333055] [robot_1.robot_supervisor]: Triggered uncontrollable event: EV_zone_a_not_visible
[balanced_delivery_supervisor-24] [INFO] [1789488532.829734452] [robot_1.robot_supervisor]: Selected controllable event: EV_approach_zone
[balanced_delivery_supervisor-22] [INFO] [1789488532.992431433] [robot_2.robot_supervisor]: Selected controllable event: EV_approach_zone
[balanced_delivery_supervisor-20] [INFO] [1789488533.016072393] [robot_0.robot_supervisor]: Selected controllable event: EV_move_forward
[balanced_delivery_supervisor-24] [INFO] [1789488533.109319330] [robot_1.robot_supervisor]: Selected controllable event: EV_approach_zone
[balanced_delivery_supervisor-20] [INFO] [1789488533.280609777] [robot_0.robot_supervisor]: Triggered uncontrollable event: EV_zone_a_not_visible
[balanced_delivery_supervisor-22] [INFO] [1789488533.290662274] [robot_2.robot_supervisor]: Triggered uncontrollable event: EV_zone_a_visible
[balanced_delivery_supervisor-22] [INFO] [1789488533.295260047] [robot_2.robot_supervisor]: Triggered uncontrollable event: EV_zone_b_visible
[balanced_delivery_supervisor-22] [INFO] [1789488533.302086661] [robot_2.robot_supervisor]: Selected controllable event: EV_move_forward
[balanced_delivery_supervisor-20] [INFO] [1789488533.296444095] [robot_0.robot_supervisor]: Triggered uncontrollable event: EV_zone_b_not_visible
[balanced_delivery_supervisor-20] [INFO] [1789488533.298842896] [robot_0.robot_supervisor]: Selected controllable event: EV_move_forward
[balanced_delivery_supervisor-24] [INFO] [1789488533.388581085] [robot_1.robot_supervisor]: Triggered uncontrollable event: EV_zone_b_visible
[balanced_delivery_supervisor-24] [INFO] [1789488533.412162547] [robot_1.robot_supervisor]: Triggered uncontrollable event: EV_zone_a_not_visible
[balanced_delivery_supervisor-24] [INFO] [1789488533.413021954] [robot_1.robot_supervisor]: Selected controllable event: EV_approach_zone
[balanced_delivery_supervisor-22] [INFO] [1789488533.574466322] [robot_2.robot_supervisor]: Selected controllable event: EV_approach_zone
[balanced_delivery_supervisor-20] [INFO] [1789488533.582287927] [robot_0.robot_supervisor]: Selected controllable event: EV_search_zone
[balanced_delivery_supervisor-24] [INFO] [1789488533.711531049] [robot_1.robot_supervisor]: Selected controllable event: EV_move_forward
[color_detector-27] [INFO] [1789488533.742705799] [robot_0.target_detector]: RGB HEARTBEAT frames_total=30 recent_rate_hz=1.262 last_frame_age_s=0.616 status=OK
[color_detector-31] [INFO] [1789488533.769690797] [robot_1.target_detector]: RGB HEARTBEAT frames_total=30 recent_rate_hz=1.255 last_frame_age_s=0.506 status=OK
[balanced_delivery_supervisor-22] [INFO] [1789488533.777940091] [robot_2.robot_supervisor]: Selected controllable event: EV_move_forward
[color_detector-29] [INFO] [1789488533.782737412] [robot_2.target_detector]: RGB HEARTBEAT frames_total=30 recent_rate_hz=1.254 last_frame_age_s=0.606 status=OK
[balanced_delivery_supervisor-20] [INFO] [1789488533.788719766] [robot_0.robot_supervisor]: Selected controllable event: EV_search_zone
[balanced_delivery_supervisor-20] [INFO] [1789488534.001246268] [robot_0.robot_supervisor]: Triggered uncontrollable event: EV_zone_a_not_visible
[balanced_delivery_supervisor-20] [INFO] [1789488534.010246135] [robot_0.robot_supervisor]: Triggered uncontrollable event: EV_zone_b_not_visible
[balanced_delivery_supervisor-20] [INFO] [1789488534.011121816] [robot_0.robot_supervisor]: Selected controllable event: EV_search_zone
[balanced_delivery_supervisor-24] [INFO] [1789488534.007164132] [robot_1.robot_supervisor]: Selected controllable event: EV_approach_zone
[balanced_delivery_supervisor-22] [INFO] [1789488534.086917353] [robot_2.robot_supervisor]: Triggered uncontrollable event: EV_zone_a_visible
[balanced_delivery_supervisor-22] [INFO] [1789488534.094171715] [robot_2.robot_supervisor]: Triggered uncontrollable event: EV_zone_b_visible
[balanced_delivery_supervisor-22] [INFO] [1789488534.094986973] [robot_2.robot_supervisor]: Selected controllable event: EV_approach_zone
[balanced_delivery_supervisor-20] [INFO] [1789488534.199450714] [robot_0.robot_supervisor]: Selected controllable event: EV_move_forward
[balanced_delivery_supervisor-24] [INFO] [1789488534.289096098] [robot_1.robot_supervisor]: DELIVERED zone_b; balance=zone_b_has_extra
[balanced_delivery_supervisor-24] [INFO] [1789488534.289834609] [robot_1.robot_supervisor]: Triggered uncontrollable event: EV_zone_a_not_visible
[balanced_delivery_supervisor-24] [INFO] [1789488534.299370683] [robot_1.robot_supervisor]: Triggered uncontrollable event: EV_zone_b_reached
[balanced_delivery_supervisor-24] [INFO] [1789488534.300144889] [robot_1.robot_supervisor]: Selected controllable event: EV_drop_zone_b
[balanced_delivery_supervisor-22] [INFO] [1789488534.321168678] [robot_2.robot_supervisor]: RECEIVED zone_b; balance=zone_b_has_extra
[balanced_delivery_supervisor-20] [INFO] [1789488534.335762189] [robot_0.robot_supervisor]: RECEIVED zone_b; balance=zone_b_has_extra
[balanced_delivery_supervisor-24] [INFO] [1789488534.344347275] [robot_1.robot_supervisor]: Delivered cargo 'robot_1_carried_generic_box' removed.
[balanced_delivery_supervisor-22] [INFO] [1789488534.380538939] [robot_2.robot_supervisor]: Triggered uncontrollable event: EV_received_delivered_zone_b
[balanced_delivery_supervisor-24] [INFO] [1789488534.390226228] [robot_1.robot_supervisor]: Selected controllable event: EV_publish_delivered_zone_b
[balanced_delivery_supervisor-22] [INFO] [1789488534.392416589] [robot_2.robot_supervisor]: Selected controllable event: EV_approach_zone
[balanced_delivery_supervisor-24] [INFO] [1789488534.483326396] [robot_1.robot_supervisor]: Selected controllable event: EV_search_object
[balanced_delivery_supervisor-20] [INFO] [1789488534.486124052] [robot_0.robot_supervisor]: Triggered uncontrollable event: EV_received_delivered_zone_b
[balanced_delivery_supervisor-20] [INFO] [1789488534.486942145] [robot_0.robot_supervisor]: Selected controllable event: EV_search_zone
[balanced_delivery_supervisor-22] [INFO] [1789488534.598055692] [robot_2.robot_supervisor]: Selected controllable event: EV_move_forward
[balanced_delivery_supervisor-24] [INFO] [1789488534.602253077] [robot_1.robot_supervisor]: Selected controllable event: EV_search_object
[balanced_delivery_supervisor-20] [INFO] [1789488534.606687217] [robot_0.robot_supervisor]: Selected controllable event: EV_search_zone
[balanced_delivery_supervisor-24] [INFO] [1789488534.794406547] [robot_1.robot_supervisor]: Triggered uncontrollable event: EV_object_not_visible
[balanced_delivery_supervisor-20] [INFO] [1789488534.797835238] [robot_0.robot_supervisor]: Triggered uncontrollable event: EV_zone_a_not_visible
[balanced_delivery_supervisor-20] [INFO] [1789488534.798433802] [robot_0.robot_supervisor]: Triggered uncontrollable event: EV_zone_b_not_visible
[balanced_delivery_supervisor-20] [INFO] [1789488534.799200877] [robot_0.robot_supervisor]: Selected controllable event: EV_move_forward
[balanced_delivery_supervisor-24] [INFO] [1789488534.816861883] [robot_1.robot_supervisor]: Selected controllable event: EV_move_forward
[balanced_delivery_supervisor-22] [INFO] [1789488534.885897101] [robot_2.robot_supervisor]: Triggered uncontrollable event: EV_zone_a_visible
[balanced_delivery_supervisor-22] [INFO] [1789488534.886567755] [robot_2.robot_supervisor]: Triggered uncontrollable event: EV_zone_b_visible
[balanced_delivery_supervisor-22] [INFO] [1789488534.887332599] [robot_2.robot_supervisor]: Selected controllable event: EV_move_forward
[balanced_delivery_supervisor-24] [INFO] [1789488535.092111437] [robot_1.robot_supervisor]: Selected controllable event: EV_search_object
[balanced_delivery_supervisor-20] [INFO] [1789488535.095533196] [robot_0.robot_supervisor]: Selected controllable event: EV_search_zone
[balanced_delivery_supervisor-22] [INFO] [1789488535.165595640] [robot_2.robot_supervisor]: Selected controllable event: EV_move_forward
[balanced_delivery_supervisor-24] [INFO] [1789488535.213759832] [robot_1.robot_supervisor]: Selected controllable event: EV_search_object
[balanced_delivery_supervisor-20] [INFO] [1789488535.291698953] [robot_0.robot_supervisor]: Selected controllable event: EV_move_forward
[balanced_delivery_supervisor-24] [INFO] [1789488535.408500206] [robot_1.robot_supervisor]: Selected controllable event: EV_search_object
[balanced_delivery_supervisor-22] [INFO] [1789488535.481863064] [robot_2.robot_supervisor]: Triggered uncontrollable event: EV_zone_a_visible
[balanced_delivery_supervisor-22] [INFO] [1789488535.482567777] [robot_2.robot_supervisor]: Triggered uncontrollable event: EV_obstacle_left
[balanced_delivery_supervisor-22] [INFO] [1789488535.503486153] [robot_2.robot_supervisor]: Selected controllable event: EV_rotate_clockwise
[balanced_delivery_supervisor-20] [INFO] [1789488535.585803627] [robot_0.robot_supervisor]: Triggered uncontrollable event: EV_zone_a_visible
[balanced_delivery_supervisor-20] [INFO] [1789488535.592990903] [robot_0.robot_supervisor]: Triggered uncontrollable event: EV_zone_b_not_visible
[balanced_delivery_supervisor-24] [INFO] [1789488535.593831019] [robot_1.robot_supervisor]: Triggered uncontrollable event: EV_obstacle_front
[balanced_delivery_supervisor-24] [INFO] [1789488535.594463255] [robot_1.robot_supervisor]: Triggered uncontrollable event: EV_object_not_visible
[balanced_delivery_supervisor-20] [INFO] [1789488535.598285571] [robot_0.robot_supervisor]: Selected controllable event: EV_move_forward
[balanced_delivery_supervisor-24] [INFO] [1789488535.599559324] [robot_1.robot_supervisor]: Selected controllable event: EV_u_turn
[balanced_delivery_supervisor-24] [INFO] [1789488535.603554496] [robot_1.robot_supervisor]: Starting FULL ROTATE (omega=1.000, have_odom=True, target_rad=3.142, timeout_s=3.500)
[balanced_delivery_supervisor-22] [INFO] [1789488535.689445532] [robot_2.robot_supervisor]: Triggered uncontrollable event: EV_zone_b_visible
[balanced_delivery_supervisor-22] [INFO] [1789488535.690095250] [robot_2.robot_supervisor]: Triggered uncontrollable event: EV_obstacle_left
[balanced_delivery_supervisor-22] [INFO] [1789488535.709026760] [robot_2.robot_supervisor]: Selected controllable event: EV_u_turn
[balanced_delivery_supervisor-22] [INFO] [1789488535.709877447] [robot_2.robot_supervisor]: Starting FULL ROTATE (omega=1.000, have_odom=True, target_rad=3.142, timeout_s=3.500)
[balanced_delivery_supervisor-20] [INFO] [1789488535.891153471] [robot_0.robot_supervisor]: Selected controllable event: EV_approach_zone
[balanced_delivery_supervisor-20] [INFO] [1789488536.102315401] [robot_0.robot_supervisor]: Selected controllable event: EV_approach_zone
[balanced_delivery_supervisor-20] [INFO] [1789488536.391394380] [robot_0.robot_supervisor]: Triggered uncontrollable event: EV_zone_a_visible
[balanced_delivery_supervisor-20] [INFO] [1789488536.392130138] [robot_0.robot_supervisor]: Triggered uncontrollable event: EV_zone_b_not_visible
[balanced_delivery_supervisor-20] [INFO] [1789488536.392917188] [robot_0.robot_supervisor]: Selected controllable event: EV_approach_zone
[balanced_delivery_supervisor-20] [INFO] [1789488536.682133682] [robot_0.robot_supervisor]: Selected controllable event: EV_move_forward
[balanced_delivery_supervisor-20] [INFO] [1789488537.007462987] [robot_0.robot_supervisor]: Triggered uncontrollable event: EV_zone_a_visible
[balanced_delivery_supervisor-20] [INFO] [1789488537.008175286] [robot_0.robot_supervisor]: Triggered uncontrollable event: EV_zone_b_not_visible
[balanced_delivery_supervisor-20] [INFO] [1789488537.026420626] [robot_0.robot_supervisor]: Selected controllable event: EV_approach_zone
[balanced_delivery_supervisor-20] [INFO] [1789488537.299335109] [robot_0.robot_supervisor]: Selected controllable event: EV_move_forward
[balanced_delivery_supervisor-20] [INFO] [1789488537.592455703] [robot_0.robot_supervisor]: Selected controllable event: EV_approach_zone
[balanced_delivery_supervisor-20] [INFO] [1789488537.886147655] [robot_0.robot_supervisor]: Triggered uncontrollable event: EV_zone_a_visible
[balanced_delivery_supervisor-20] [INFO] [1789488537.886924954] [robot_0.robot_supervisor]: Triggered uncontrollable event: EV_zone_b_not_visible
[balanced_delivery_supervisor-20] [INFO] [1789488537.887804430] [robot_0.robot_supervisor]: Selected controllable event: EV_move_forward
[balanced_delivery_supervisor-20] [INFO] [1789488538.180311045] [robot_0.robot_supervisor]: Selected controllable event: EV_move_forward
[balanced_delivery_supervisor-20] [INFO] [1789488538.498560705] [robot_0.robot_supervisor]: Triggered uncontrollable event: EV_zone_a_visible
[balanced_delivery_supervisor-20] [INFO] [1789488538.499407277] [robot_0.robot_supervisor]: Triggered uncontrollable event: EV_zone_b_not_visible
[balanced_delivery_supervisor-20] [INFO] [1789488538.523403087] [robot_0.robot_supervisor]: Selected controllable event: EV_approach_zone
[balanced_delivery_supervisor-20] [INFO] [1789488538.797117794] [robot_0.robot_supervisor]: Selected controllable event: EV_approach_zone
[balanced_delivery_supervisor-20] [INFO] [1789488539.001450792] [robot_0.robot_supervisor]: Selected controllable event: EV_approach_zone
[balanced_delivery_supervisor-24] [INFO] [1789488539.201909846] [robot_1.robot_supervisor]: FULL ROTATE completed by timeout
[balanced_delivery_supervisor-22] [INFO] [1789488539.267574530] [robot_2.robot_supervisor]: FULL ROTATE completed by timeout
[balanced_delivery_supervisor-20] [INFO] [1789488539.316003804] [robot_0.robot_supervisor]: Triggered uncontrollable event: EV_zone_a_visible
[balanced_delivery_supervisor-20] [INFO] [1789488539.326984609] [robot_0.robot_supervisor]: Selected controllable event: EV_move_forward
[balanced_delivery_supervisor-22] [INFO] [1789488539.472041505] [robot_2.robot_supervisor]: Triggered uncontrollable event: EV_zone_a_visible
[balanced_delivery_supervisor-22] [INFO] [1789488539.472765932] [robot_2.robot_supervisor]: Triggered uncontrollable event: EV_zone_b_visible
[balanced_delivery_supervisor-22] [INFO] [1789488539.487434237] [robot_2.robot_supervisor]: Selected controllable event: EV_approach_zone
[balanced_delivery_supervisor-24] [INFO] [1789488539.506730254] [robot_1.robot_supervisor]: Triggered uncontrollable event: EV_object_not_visible
[balanced_delivery_supervisor-24] [INFO] [1789488539.509453758] [robot_1.robot_supervisor]: Selected controllable event: EV_search_object
[balanced_delivery_supervisor-20] [INFO] [1789488539.581806441] [robot_0.robot_supervisor]: Triggered uncontrollable event: EV_zone_b_not_visible
[balanced_delivery_supervisor-20] [INFO] [1789488539.582737882] [robot_0.robot_supervisor]: Selected controllable event: EV_move_forward
[balanced_delivery_supervisor-24] [INFO] [1789488539.711055980] [robot_1.robot_supervisor]: Selected controllable event: EV_move_forward
[balanced_delivery_supervisor-22] [INFO] [1789488539.798461302] [robot_2.robot_supervisor]: Selected controllable event: EV_move_forward
[balanced_delivery_supervisor-20] [INFO] [1789488539.911358664] [robot_0.robot_supervisor]: Selected controllable event: EV_move_forward
[balanced_delivery_supervisor-24] [INFO] [1789488539.985869836] [robot_1.robot_supervisor]: Selected controllable event: EV_search_object
[balanced_delivery_supervisor-22] [INFO] [1789488540.097890460] [robot_2.robot_supervisor]: Selected controllable event: EV_move_forward
[balanced_delivery_supervisor-24] [INFO] [1789488540.114693940] [robot_1.robot_supervisor]: Selected controllable event: EV_move_forward
[balanced_delivery_supervisor-20] [INFO] [1789488540.193793485] [robot_0.robot_supervisor]: Triggered uncontrollable event: EV_zone_a_visible
[balanced_delivery_supervisor-20] [INFO] [1789488540.194481782] [robot_0.robot_supervisor]: Triggered uncontrollable event: EV_zone_b_not_visible
[balanced_delivery_supervisor-20] [INFO] [1789488540.195321231] [robot_0.robot_supervisor]: Selected controllable event: EV_move_forward
[balanced_delivery_supervisor-22] [INFO] [1789488540.388167228] [robot_2.robot_supervisor]: Triggered uncontrollable event: EV_zone_b_visible
[balanced_delivery_supervisor-22] [INFO] [1789488540.388943287] [robot_2.robot_supervisor]: Triggered uncontrollable event: EV_zone_a_not_visible
[balanced_delivery_supervisor-22] [INFO] [1789488540.389736374] [robot_2.robot_supervisor]: Selected controllable event: EV_approach_zone
[balanced_delivery_supervisor-24] [INFO] [1789488540.408621127] [robot_1.robot_supervisor]: Triggered uncontrollable event: EV_object_not_visible
[balanced_delivery_supervisor-24] [INFO] [1789488540.419747229] [robot_1.robot_supervisor]: Selected controllable event: EV_search_object
[balanced_delivery_supervisor-20] [INFO] [1789488540.497210223] [robot_0.robot_supervisor]: Selected controllable event: EV_move_forward
[balanced_delivery_supervisor-24] [INFO] [1789488540.606454960] [robot_1.robot_supervisor]: Selected controllable event: EV_search_object
[balanced_delivery_supervisor-22] [INFO] [1789488540.670474851] [robot_2.robot_supervisor]: Selected controllable event: EV_approach_zone
[balanced_delivery_supervisor-20] [INFO] [1789488540.785903189] [robot_0.robot_supervisor]: Selected controllable event: EV_move_forward
[balanced_delivery_supervisor-24] [INFO] [1789488540.814029584] [robot_1.robot_supervisor]: Selected controllable event: EV_move_forward
[balanced_delivery_supervisor-22] [INFO] [1789488540.875626722] [robot_2.robot_supervisor]: Selected controllable event: EV_approach_zone
[balanced_delivery_supervisor-20] [INFO] [1789488541.006245205] [robot_0.robot_supervisor]: Triggered uncontrollable event: EV_zone_a_visible
[balanced_delivery_supervisor-20] [INFO] [1789488541.009450220] [robot_0.robot_supervisor]: Triggered uncontrollable event: EV_zone_b_not_visible
[balanced_delivery_supervisor-20] [INFO] [1789488541.015596495] [robot_0.robot_supervisor]: Selected controllable event: EV_move_forward
[balanced_delivery_supervisor-24] [INFO] [1789488541.094432401] [robot_1.robot_supervisor]: Triggered uncontrollable event: EV_object_not_visible
[balanced_delivery_supervisor-24] [INFO] [1789488541.096642360] [robot_1.robot_supervisor]: Selected controllable event: EV_move_forward
[balanced_delivery_supervisor-22] [INFO] [1789488541.181910509] [robot_2.robot_supervisor]: Triggered uncontrollable event: EV_zone_b_visible
[balanced_delivery_supervisor-22] [INFO] [1789488541.190486130] [robot_2.robot_supervisor]: Triggered uncontrollable event: EV_zone_a_not_visible
[balanced_delivery_supervisor-22] [INFO] [1789488541.203862648] [robot_2.robot_supervisor]: Selected controllable event: EV_move_forward
[balanced_delivery_supervisor-20] [INFO] [1789488541.301362702] [robot_0.robot_supervisor]: Selected controllable event: EV_move_forward
[balanced_delivery_supervisor-24] [INFO] [1789488541.408358746] [robot_1.robot_supervisor]: Selected controllable event: EV_search_object
[balanced_delivery_supervisor-22] [INFO] [1789488541.491871239] [robot_2.robot_supervisor]: Selected controllable event: EV_move_forward
[color_detector-29] [INFO] [1789488541.584917572] [robot_2.target_detector]: RGB HEARTBEAT frames_total=40 recent_rate_hz=1.282 last_frame_age_s=0.640 status=OK
[color_detector-27] [INFO] [1789488541.590335880] [robot_0.target_detector]: RGB HEARTBEAT frames_total=40 recent_rate_hz=1.274 last_frame_age_s=0.728 status=OK
[color_detector-31] [INFO] [1789488541.596112073] [robot_1.target_detector]: RGB HEARTBEAT frames_total=40 recent_rate_hz=1.278 last_frame_age_s=0.616 status=OK
[balanced_delivery_supervisor-20] [INFO] [1789488541.607061603] [robot_0.robot_supervisor]: Selected controllable event: EV_move_forward
[balanced_delivery_supervisor-24] [INFO] [1789488541.617408595] [robot_1.robot_supervisor]: Selected controllable event: EV_search_object
[balanced_delivery_supervisor-22] [INFO] [1789488541.780839244] [robot_2.robot_supervisor]: Selected controllable event: EV_approach_zone
[balanced_delivery_supervisor-24] [INFO] [1789488541.803524750] [robot_1.robot_supervisor]: Selected controllable event: EV_search_object
[balanced_delivery_supervisor-20] [INFO] [1789488541.905211669] [robot_0.robot_supervisor]: Triggered uncontrollable event: EV_zone_a_visible
[balanced_delivery_supervisor-20] [INFO] [1789488541.908176815] [robot_0.robot_supervisor]: Triggered uncontrollable event: EV_zone_b_not_visible
[balanced_delivery_supervisor-20] [INFO] [1789488541.917505105] [robot_0.robot_supervisor]: Selected controllable event: EV_move_forward
[balanced_delivery_supervisor-24] [INFO] [1789488542.007674944] [robot_1.robot_supervisor]: Triggered uncontrollable event: EV_object_not_visible
[balanced_delivery_supervisor-24] [INFO] [1789488542.011890576] [robot_1.robot_supervisor]: Selected controllable event: EV_move_forward
[balanced_delivery_supervisor-22] [INFO] [1789488542.088960331] [robot_2.robot_supervisor]: Triggered uncontrollable event: EV_zone_a_not_visible
[balanced_delivery_supervisor-22] [INFO] [1789488542.093547015] [robot_2.robot_supervisor]: Triggered uncontrollable event: EV_zone_b_not_visible
[balanced_delivery_supervisor-22] [INFO] [1789488542.102376958] [robot_2.robot_supervisor]: Selected controllable event: EV_move_forward
[balanced_delivery_supervisor-20] [INFO] [1789488542.205582725] [robot_0.robot_supervisor]: Selected controllable event: EV_move_forward
[balanced_delivery_supervisor-24] [INFO] [1789488542.302224926] [robot_1.robot_supervisor]: Selected controllable event: EV_move_forward
[balanced_delivery_supervisor-22] [INFO] [1789488542.383826046] [robot_2.robot_supervisor]: Selected controllable event: EV_search_zone
[balanced_delivery_supervisor-22] [INFO] [1789488542.492202142] [robot_2.robot_supervisor]: Selected controllable event: EV_search_zone
[balanced_delivery_supervisor-20] [INFO] [1789488542.507377413] [robot_0.robot_supervisor]: Selected controllable event: EV_approach_zone
[balanced_delivery_supervisor-24] [INFO] [1789488542.615101021] [robot_1.robot_supervisor]: Selected controllable event: EV_search_object
[balanced_delivery_supervisor-22] [INFO] [1789488542.695405786] [robot_2.robot_supervisor]: Triggered uncontrollable event: EV_zone_a_not_visible
[balanced_delivery_supervisor-22] [INFO] [1789488542.696212087] [robot_2.robot_supervisor]: Triggered uncontrollable event: EV_zone_b_not_visible
[balanced_delivery_supervisor-22] [INFO] [1789488542.712523774] [robot_2.robot_supervisor]: Selected controllable event: EV_search_zone
[balanced_delivery_supervisor-20] [INFO] [1789488542.790450450] [robot_0.robot_supervisor]: Triggered uncontrollable event: EV_zone_a_visible
[balanced_delivery_supervisor-20] [INFO] [1789488542.795542459] [robot_0.robot_supervisor]: Triggered uncontrollable event: EV_zone_b_not_visible
[balanced_delivery_supervisor-24] [INFO] [1789488542.792229057] [robot_1.robot_supervisor]: Triggered uncontrollable event: EV_object_not_visible
[balanced_delivery_supervisor-24] [INFO] [1789488542.793079905] [robot_1.robot_supervisor]: Selected controllable event: EV_search_object
[balanced_delivery_supervisor-20] [INFO] [1789488542.802842242] [robot_0.robot_supervisor]: Selected controllable event: EV_approach_zone
[balanced_delivery_supervisor-22] [INFO] [1789488542.871574392] [robot_2.robot_supervisor]: Selected controllable event: EV_move_forward
[balanced_delivery_supervisor-24] [INFO] [1789488543.015656777] [robot_1.robot_supervisor]: Selected controllable event: EV_search_object
[balanced_delivery_supervisor-22] [INFO] [1789488543.086782301] [robot_2.robot_supervisor]: Selected controllable event: EV_move_forward
[balanced_delivery_supervisor-20] [INFO] [1789488543.103707978] [robot_0.robot_supervisor]: Selected controllable event: EV_move_forward
[balanced_delivery_supervisor-24] [INFO] [1789488543.220367745] [robot_1.robot_supervisor]: Selected controllable event: EV_search_object
[balanced_delivery_supervisor-22] [INFO] [1789488543.366203025] [robot_2.robot_supervisor]: Selected controllable event: EV_search_zone
[balanced_delivery_supervisor-20] [INFO] [1789488543.395372608] [robot_0.robot_supervisor]: Triggered uncontrollable event: EV_zone_a_visible
[balanced_delivery_supervisor-24] [INFO] [1789488543.402047129] [robot_1.robot_supervisor]: Selected controllable event: EV_search_object
[balanced_delivery_supervisor-20] [INFO] [1789488543.404602775] [robot_0.robot_supervisor]: Triggered uncontrollable event: EV_zone_b_not_visible
[balanced_delivery_supervisor-20] [INFO] [1789488543.405450590] [robot_0.robot_supervisor]: Selected controllable event: EV_move_forward
[balanced_delivery_supervisor-22] [INFO] [1789488543.484615752] [robot_2.robot_supervisor]: Triggered uncontrollable event: EV_zone_a_not_visible
[balanced_delivery_supervisor-22] [INFO] [1789488543.490382108] [robot_2.robot_supervisor]: Selected controllable event: EV_move_forward
[balanced_delivery_supervisor-24] [INFO] [1789488543.620178938] [robot_1.robot_supervisor]: Triggered uncontrollable event: EV_object_not_visible
[balanced_delivery_supervisor-24] [INFO] [1789488543.622341416] [robot_1.robot_supervisor]: Selected controllable event: EV_search_object
[balanced_delivery_supervisor-20] [INFO] [1789488543.682681193] [robot_0.robot_supervisor]: Selected controllable event: EV_move_forward
[balanced_delivery_supervisor-22] [INFO] [1789488543.769907142] [robot_2.robot_supervisor]: Triggered uncontrollable event: EV_zone_b_not_visible
[balanced_delivery_supervisor-22] [INFO] [1789488543.770822254] [robot_2.robot_supervisor]: Selected controllable event: EV_search_zone
[balanced_delivery_supervisor-24] [INFO] [1789488543.809551129] [robot_1.robot_supervisor]: Selected controllable event: EV_move_forward
[balanced_delivery_supervisor-22] [INFO] [1789488543.872788024] [robot_2.robot_supervisor]: Selected controllable event: EV_move_forward
[balanced_delivery_supervisor-20] [INFO] [1789488543.902762309] [robot_0.robot_supervisor]: Selected controllable event: EV_move_forward
[balanced_delivery_supervisor-22] [INFO] [1789488544.102281715] [robot_2.robot_supervisor]: Selected controllable event: EV_search_zone
[balanced_delivery_supervisor-24] [INFO] [1789488544.115507692] [robot_1.robot_supervisor]: Selected controllable event: EV_search_object
[balanced_delivery_supervisor-20] [INFO] [1789488544.196384635] [robot_0.robot_supervisor]: Triggered uncontrollable event: EV_zone_a_visible
[balanced_delivery_supervisor-20] [INFO] [1789488544.197040139] [robot_0.robot_supervisor]: Triggered uncontrollable event: EV_zone_b_not_visible
[balanced_delivery_supervisor-20] [INFO] [1789488544.218113227] [robot_0.robot_supervisor]: Selected controllable event: EV_approach_zone
[balanced_delivery_supervisor-22] [INFO] [1789488544.282088547] [robot_2.robot_supervisor]: Triggered uncontrollable event: EV_zone_a_not_visible
[balanced_delivery_supervisor-22] [INFO] [1789488544.286161090] [robot_2.robot_supervisor]: Triggered uncontrollable event: EV_zone_b_not_visible
[balanced_delivery_supervisor-22] [INFO] [1789488544.291438954] [robot_2.robot_supervisor]: Selected controllable event: EV_move_forward
[balanced_delivery_supervisor-24] [INFO] [1789488544.308489552] [robot_1.robot_supervisor]: Triggered uncontrollable event: EV_obstacle_right
[balanced_delivery_supervisor-24] [INFO] [1789488544.309210357] [robot_1.robot_supervisor]: Triggered uncontrollable event: EV_object_not_visible
[balanced_delivery_supervisor-24] [INFO] [1789488544.315606555] [robot_1.robot_supervisor]: Selected controllable event: EV_u_turn
[balanced_delivery_supervisor-24] [INFO] [1789488544.322339859] [robot_1.robot_supervisor]: Starting FULL ROTATE (omega=1.000, have_odom=True, target_rad=3.142, timeout_s=3.500)
[balanced_delivery_supervisor-20] [INFO] [1789488544.494159800] [robot_0.robot_supervisor]: Selected controllable event: EV_move_forward
[balanced_delivery_supervisor-22] [INFO] [1789488544.583923620] [robot_2.robot_supervisor]: Selected controllable event: EV_search_zone
[balanced_delivery_supervisor-22] [INFO] [1789488544.771137607] [robot_2.robot_supervisor]: Selected controllable event: EV_search_zone
[balanced_delivery_supervisor-20] [INFO] [1789488544.796791055] [robot_0.robot_supervisor]: Selected controllable event: EV_move_forward
[balanced_delivery_supervisor-22] [INFO] [1789488544.893556835] [robot_2.robot_supervisor]: Selected controllable event: EV_move_forward
[balanced_delivery_supervisor-22] [INFO] [1789488545.095611633] [robot_2.robot_supervisor]: Triggered uncontrollable event: EV_zone_a_not_visible
[balanced_delivery_supervisor-20] [INFO] [1789488545.100973852] [robot_0.robot_supervisor]: Triggered uncontrollable event: EV_zone_a_visible
[balanced_delivery_supervisor-20] [INFO] [1789488545.101638793] [robot_0.robot_supervisor]: Triggered uncontrollable event: EV_zone_b_not_visible
[balanced_delivery_supervisor-22] [INFO] [1789488545.104200888] [robot_2.robot_supervisor]: Triggered uncontrollable event: EV_zone_b_not_visible
[balanced_delivery_supervisor-22] [INFO] [1789488545.104968972] [robot_2.robot_supervisor]: Selected controllable event: EV_move_forward
[balanced_delivery_supervisor-20] [INFO] [1789488545.120287880] [robot_0.robot_supervisor]: Selected controllable event: EV_approach_zone
[balanced_delivery_supervisor-22] [INFO] [1789488545.388200555] [robot_2.robot_supervisor]: Selected controllable event: EV_move_forward
[balanced_delivery_supervisor-20] [INFO] [1789488545.392737544] [robot_0.robot_supervisor]: Selected controllable event: EV_approach_zone
[balanced_delivery_supervisor-22] [INFO] [1789488545.685536745] [robot_2.robot_supervisor]: Selected controllable event: EV_search_zone
[balanced_delivery_supervisor-20] [INFO] [1789488545.691087754] [robot_0.robot_supervisor]: Triggered uncontrollable event: EV_zone_a_visible
[balanced_delivery_supervisor-20] [INFO] [1789488545.704077396] [robot_0.robot_supervisor]: Selected controllable event: EV_move_forward
[balanced_delivery_supervisor-22] [INFO] [1789488545.800690831] [robot_2.robot_supervisor]: Triggered uncontrollable event: EV_zone_a_not_visible
[balanced_delivery_supervisor-22] [INFO] [1789488545.801395471] [robot_2.robot_supervisor]: Triggered uncontrollable event: EV_zone_b_not_visible
[balanced_delivery_supervisor-22] [INFO] [1789488545.805478990] [robot_2.robot_supervisor]: Selected controllable event: EV_move_forward
[balanced_delivery_supervisor-20] [INFO] [1789488545.990174237] [robot_0.robot_supervisor]: Triggered uncontrollable event: EV_zone_b_not_visible
[balanced_delivery_supervisor-20] [INFO] [1789488546.002467734] [robot_0.robot_supervisor]: Selected controllable event: EV_move_forward
[balanced_delivery_supervisor-22] [INFO] [1789488546.082941081] [robot_2.robot_supervisor]: Selected controllable event: EV_move_forward
[balanced_delivery_supervisor-22] [INFO] [1789488546.287476554] [robot_2.robot_supervisor]: Selected controllable event: EV_search_zone
[balanced_delivery_supervisor-20] [INFO] [1789488546.300114398] [robot_0.robot_supervisor]: Selected controllable event: EV_move_forward
[balanced_delivery_supervisor-22] [INFO] [1789488546.495925209] [robot_2.robot_supervisor]: Triggered uncontrollable event: EV_zone_a_not_visible
[balanced_delivery_supervisor-22] [INFO] [1789488546.496863606] [robot_2.robot_supervisor]: Selected controllable event: EV_search_zone
[balanced_delivery_supervisor-20] [INFO] [1789488546.585878431] [robot_0.robot_supervisor]: Triggered uncontrollable event: EV_zone_a_visible
[balanced_delivery_supervisor-20] [INFO] [1789488546.586538834] [robot_0.robot_supervisor]: Triggered uncontrollable event: EV_zone_b_not_visible
[balanced_delivery_supervisor-20] [INFO] [1789488546.603556414] [robot_0.robot_supervisor]: Selected controllable event: EV_move_forward
[balanced_delivery_supervisor-22] [INFO] [1789488546.682891820] [robot_2.robot_supervisor]: Triggered uncontrollable event: EV_zone_b_not_visible
[balanced_delivery_supervisor-22] [INFO] [1789488546.683750989] [robot_2.robot_supervisor]: Selected controllable event: EV_move_forward
[balanced_delivery_supervisor-20] [INFO] [1789488546.896582594] [robot_0.robot_supervisor]: Selected controllable event: EV_approach_zone
[balanced_delivery_supervisor-22] [INFO] [1789488546.983173414] [robot_2.robot_supervisor]: Selected controllable event: EV_search_zone
[balanced_delivery_supervisor-20] [INFO] [1789488547.108447640] [robot_0.robot_supervisor]: Selected controllable event: EV_move_forward
[balanced_delivery_supervisor-22] [INFO] [1789488547.167604777] [robot_2.robot_supervisor]: Selected controllable event: EV_search_zone
[balanced_delivery_supervisor-22] [INFO] [1789488547.293478743] [robot_2.robot_supervisor]: Triggered uncontrollable event: EV_zone_a_not_visible
[balanced_delivery_supervisor-22] [INFO] [1789488547.294295851] [robot_2.robot_supervisor]: Triggered uncontrollable event: EV_zone_b_not_visible
[balanced_delivery_supervisor-22] [INFO] [1789488547.314772853] [robot_2.robot_supervisor]: Selected controllable event: EV_search_zone
[balanced_delivery_supervisor-20] [INFO] [1789488547.404986502] [robot_0.robot_supervisor]: Triggered uncontrollable event: EV_zone_a_visible
[balanced_delivery_supervisor-20] [INFO] [1789488547.405635922] [robot_0.robot_supervisor]: Triggered uncontrollable event: EV_zone_b_not_visible
[balanced_delivery_supervisor-20] [INFO] [1789488547.406544982] [robot_0.robot_supervisor]: Selected controllable event: EV_approach_zone
[balanced_delivery_supervisor-22] [INFO] [1789488547.483355223] [robot_2.robot_supervisor]: Selected controllable event: EV_move_forward
[balanced_delivery_supervisor-20] [INFO] [1789488547.687667088] [robot_0.robot_supervisor]: Selected controllable event: EV_move_forward
[balanced_delivery_supervisor-22] [INFO] [1789488547.807648671] [robot_2.robot_supervisor]: Selected controllable event: EV_move_forward
[balanced_delivery_supervisor-24] [INFO] [1789488547.886097216] [robot_1.robot_supervisor]: FULL ROTATE completed by timeout
[balanced_delivery_supervisor-20] [INFO] [1789488547.974496460] [robot_0.robot_supervisor]: Triggered uncontrollable event: EV_zone_a_visible
[balanced_delivery_supervisor-20] [INFO] [1789488547.975306844] [robot_0.robot_supervisor]: Selected controllable event: EV_move_forward
[balanced_delivery_supervisor-22] [INFO] [1789488548.072664975] [robot_2.robot_supervisor]: Triggered uncontrollable event: EV_zone_a_not_visible
[balanced_delivery_supervisor-22] [INFO] [1789488548.079462012] [robot_2.robot_supervisor]: Selected controllable event: EV_move_forward
[balanced_delivery_supervisor-24] [INFO] [1789488548.209398712] [robot_1.robot_supervisor]: Triggered uncontrollable event: EV_object_not_visible
[balanced_delivery_supervisor-24] [INFO] [1789488548.217165835] [robot_1.robot_supervisor]: Selected controllable event: EV_search_object
[balanced_delivery_supervisor-20] [INFO] [1789488548.300311929] [robot_0.robot_supervisor]: Triggered uncontrollable event: EV_zone_b_not_visible
[balanced_delivery_supervisor-20] [INFO] [1789488548.301274459] [robot_0.robot_supervisor]: Selected controllable event: EV_move_forward
[balanced_delivery_supervisor-22] [INFO] [1789488548.387013433] [robot_2.robot_supervisor]: Triggered uncontrollable event: EV_zone_b_not_visible
[balanced_delivery_supervisor-22] [INFO] [1789488548.400300252] [robot_2.robot_supervisor]: Selected controllable event: EV_move_forward
[balanced_delivery_supervisor-24] [INFO] [1789488548.412333647] [robot_1.robot_supervisor]: Selected controllable event: EV_move_forward
[balanced_delivery_supervisor-20] [INFO] [1789488548.589837774] [robot_0.robot_supervisor]: Selected controllable event: EV_move_forward
[balanced_delivery_supervisor-22] [INFO] [1789488548.668937271] [robot_2.robot_supervisor]: Selected controllable event: EV_move_forward
[balanced_delivery_supervisor-24] [INFO] [1789488548.699336355] [robot_1.robot_supervisor]: Selected controllable event: EV_move_forward
[balanced_delivery_supervisor-20] [INFO] [1789488548.875151980] [robot_0.robot_supervisor]: Triggered uncontrollable event: EV_zone_a_visible
[balanced_delivery_supervisor-22] [INFO] [1789488548.887132460] [robot_2.robot_supervisor]: Triggered uncontrollable event: EV_zone_a_not_visible
[balanced_delivery_supervisor-22] [INFO] [1789488548.887885714] [robot_2.robot_supervisor]: Triggered uncontrollable event: EV_zone_b_not_visible
[balanced_delivery_supervisor-22] [INFO] [1789488548.888752765] [robot_2.robot_supervisor]: Selected controllable event: EV_search_zone
[balanced_delivery_supervisor-20] [INFO] [1789488548.892160352] [robot_0.robot_supervisor]: Triggered uncontrollable event: EV_zone_b_not_visible
[balanced_delivery_supervisor-20] [INFO] [1789488548.893031104] [robot_0.robot_supervisor]: Selected controllable event: EV_approach_zone
[balanced_delivery_supervisor-24] [INFO] [1789488548.998907847] [robot_1.robot_supervisor]: Triggered uncontrollable event: EV_object_not_visible
[balanced_delivery_supervisor-24] [INFO] [1789488549.011628485] [robot_1.robot_supervisor]: Selected controllable event: EV_search_object
[balanced_delivery_supervisor-22] [INFO] [1789488549.087339997] [robot_2.robot_supervisor]: Selected controllable event: EV_search_zone
[balanced_delivery_supervisor-20] [INFO] [1789488549.183774235] [robot_0.robot_supervisor]: Selected controllable event: EV_approach_zone
[balanced_delivery_supervisor-24] [INFO] [1789488549.212842092] [robot_1.robot_supervisor]: Selected controllable event: EV_move_forward
[balanced_delivery_supervisor-22] [INFO] [1789488549.279982838] [robot_2.robot_supervisor]: Selected controllable event: EV_move_forward
[color_detector-29] [INFO] [1789488549.417987708] [robot_2.target_detector]: RGB HEARTBEAT frames_total=50 recent_rate_hz=1.276 last_frame_age_s=0.757 status=OK
[color_detector-27] [INFO] [1789488549.421875947] [robot_0.target_detector]: RGB HEARTBEAT frames_total=50 recent_rate_hz=1.277 last_frame_age_s=0.790 status=OK
[color_detector-31] [INFO] [1789488549.425494901] [robot_1.target_detector]: RGB HEARTBEAT frames_total=50 recent_rate_hz=1.277 last_frame_age_s=0.711 status=OK
[balanced_delivery_supervisor-20] [INFO] [1789488549.489005168] [robot_0.robot_supervisor]: Selected controllable event: EV_move_forward
[balanced_delivery_supervisor-24] [INFO] [1789488549.504787834] [robot_1.robot_supervisor]: Selected controllable event: EV_search_object
[balanced_delivery_supervisor-22] [INFO] [1789488549.572610394] [robot_2.robot_supervisor]: Selected controllable event: EV_move_forward
[balanced_delivery_supervisor-20] [INFO] [1789488549.693067687] [robot_0.robot_supervisor]: Triggered uncontrollable event: EV_zone_a_visible
[balanced_delivery_supervisor-20] [INFO] [1789488549.693889083] [robot_0.robot_supervisor]: Triggered uncontrollable event: EV_zone_b_not_visible
[balanced_delivery_supervisor-24] [INFO] [1789488549.709895421] [robot_1.robot_supervisor]: Selected controllable event: EV_search_object
[balanced_delivery_supervisor-20] [INFO] [1789488549.713973139] [robot_0.robot_supervisor]: Selected controllable event: EV_move_forward
[balanced_delivery_supervisor-22] [INFO] [1789488549.792825168] [robot_2.robot_supervisor]: Triggered uncontrollable event: EV_zone_a_not_visible
[balanced_delivery_supervisor-22] [INFO] [1789488549.793533927] [robot_2.robot_supervisor]: Triggered uncontrollable event: EV_zone_b_not_visible
[balanced_delivery_supervisor-22] [INFO] [1789488549.794361450] [robot_2.robot_supervisor]: Selected controllable event: EV_move_forward
[balanced_delivery_supervisor-24] [INFO] [1789488549.903571345] [robot_1.robot_supervisor]: Triggered uncontrollable event: EV_object_not_visible
[balanced_delivery_supervisor-24] [INFO] [1789488549.914928444] [robot_1.robot_supervisor]: Selected controllable event: EV_search_object
[balanced_delivery_supervisor-20] [INFO] [1789488550.008694692] [robot_0.robot_supervisor]: Selected controllable event: EV_move_forward
[balanced_delivery_supervisor-22] [INFO] [1789488550.081595275] [robot_2.robot_supervisor]: Selected controllable event: EV_move_forward
[balanced_delivery_supervisor-24] [INFO] [1789488550.110591142] [robot_1.robot_supervisor]: Selected controllable event: EV_search_object
[balanced_delivery_supervisor-22] [INFO] [1789488550.297839387] [robot_2.robot_supervisor]: Selected controllable event: EV_move_forward
[balanced_delivery_supervisor-20] [INFO] [1789488550.311892592] [robot_0.robot_supervisor]: Selected controllable event: EV_approach_zone
[balanced_delivery_supervisor-24] [INFO] [1789488550.312512424] [robot_1.robot_supervisor]: Selected controllable event: EV_search_object
[balanced_delivery_supervisor-24] [INFO] [1789488550.487753844] [robot_1.robot_supervisor]: Triggered uncontrollable event: EV_obstacle_right
[balanced_delivery_supervisor-24] [INFO] [1789488550.488511683] [robot_1.robot_supervisor]: Triggered uncontrollable event: EV_object_not_visible
[balanced_delivery_supervisor-24] [INFO] [1789488550.507145859] [robot_1.robot_supervisor]: Selected controllable event: EV_u_turn
[balanced_delivery_supervisor-24] [INFO] [1789488550.508047089] [robot_1.robot_supervisor]: Starting FULL ROTATE (omega=1.000, have_odom=True, target_rad=3.142, timeout_s=3.500)
[balanced_delivery_supervisor-22] [INFO] [1789488550.577712163] [robot_2.robot_supervisor]: Triggered uncontrollable event: EV_zone_a_not_visible
[balanced_delivery_supervisor-22] [INFO] [1789488550.591582345] [robot_2.robot_supervisor]: Triggered uncontrollable event: EV_zone_b_not_visible
[balanced_delivery_supervisor-22] [INFO] [1789488550.592454335] [robot_2.robot_supervisor]: Selected controllable event: EV_move_forward
[balanced_delivery_supervisor-20] [INFO] [1789488550.594515357] [robot_0.robot_supervisor]: Triggered uncontrollable event: EV_zone_a_visible
[balanced_delivery_supervisor-20] [INFO] [1789488550.597579099] [robot_0.robot_supervisor]: Triggered uncontrollable event: EV_zone_b_not_visible
[balanced_delivery_supervisor-20] [INFO] [1789488550.602796493] [robot_0.robot_supervisor]: Selected controllable event: EV_approach_zone
[balanced_delivery_supervisor-22] [INFO] [1789488550.873807522] [robot_2.robot_supervisor]: Selected controllable event: EV_search_zone
[balanced_delivery_supervisor-20] [INFO] [1789488550.902277504] [robot_0.robot_supervisor]: Selected controllable event: EV_approach_zone
[balanced_delivery_supervisor-22] [INFO] [1789488550.997481354] [robot_2.robot_supervisor]: Selected controllable event: EV_move_forward
[balanced_delivery_supervisor-20] [INFO] [1789488551.127836226] [robot_0.robot_supervisor]: Selected controllable event: EV_approach_zone
[balanced_delivery_supervisor-22] [INFO] [1789488551.271992786] [robot_2.robot_supervisor]: Triggered uncontrollable event: EV_zone_a_not_visible
[balanced_delivery_supervisor-22] [INFO] [1789488551.279609855] [robot_2.robot_supervisor]: Selected controllable event: EV_search_zone
[balanced_delivery_supervisor-22] [INFO] [1789488551.384949305] [robot_2.robot_supervisor]: Triggered uncontrollable event: EV_zone_b_not_visible
[balanced_delivery_supervisor-22] [INFO] [1789488551.389912553] [robot_2.robot_supervisor]: Selected controllable event: EV_search_zone
[balanced_delivery_supervisor-20] [INFO] [1789488551.388844048] [robot_0.robot_supervisor]: Triggered uncontrollable event: EV_zone_a_visible
[balanced_delivery_supervisor-20] [INFO] [1789488551.394720802] [robot_0.robot_supervisor]: Triggered uncontrollable event: EV_zone_b_not_visible
[balanced_delivery_supervisor-20] [INFO] [1789488551.395538303] [robot_0.robot_supervisor]: Selected controllable event: EV_approach_zone
[balanced_delivery_supervisor-22] [INFO] [1789488551.579723790] [robot_2.robot_supervisor]: Selected controllable event: EV_search_zone
[balanced_delivery_supervisor-20] [INFO] [1789488551.603536128] [robot_0.robot_supervisor]: Selected controllable event: EV_approach_zone
[balanced_delivery_supervisor-22] [INFO] [1789488551.783757436] [robot_2.robot_supervisor]: Selected controllable event: EV_search_zone
[balanced_delivery_supervisor-22] [INFO] [1789488551.888333721] [robot_2.robot_supervisor]: Selected controllable event: EV_move_forward
[balanced_delivery_supervisor-20] [INFO] [1789488551.917090967] [robot_0.robot_supervisor]: Selected controllable event: EV_move_forward
[balanced_delivery_supervisor-22] [INFO] [1789488552.097980698] [robot_2.robot_supervisor]: Triggered uncontrollable event: EV_zone_a_not_visible
[balanced_delivery_supervisor-22] [INFO] [1789488552.098989170] [robot_2.robot_supervisor]: Selected controllable event: EV_search_zone
[balanced_delivery_supervisor-20] [INFO] [1789488552.185915324] [robot_0.robot_supervisor]: Triggered uncontrollable event: EV_zone_a_visible
[balanced_delivery_supervisor-20] [INFO] [1789488552.195061563] [robot_0.robot_supervisor]: Triggered uncontrollable event: EV_zone_b_not_visible
[balanced_delivery_supervisor-20] [INFO] [1789488552.206635869] [robot_0.robot_supervisor]: Selected controllable event: EV_move_forward
[balanced_delivery_supervisor-22] [INFO] [1789488552.281645928] [robot_2.robot_supervisor]: Triggered uncontrollable event: EV_zone_b_not_visible
[balanced_delivery_supervisor-22] [INFO] [1789488552.286916596] [robot_2.robot_supervisor]: Selected controllable event: EV_search_zone
[balanced_delivery_supervisor-22] [INFO] [1789488552.482216083] [robot_2.robot_supervisor]: Selected controllable event: EV_move_forward
[balanced_delivery_supervisor-20] [INFO] [1789488552.484976906] [robot_0.robot_supervisor]: Selected controllable event: EV_approach_zone
[balanced_delivery_supervisor-22] [INFO] [1789488552.774275987] [robot_2.robot_supervisor]: Selected controllable event: EV_search_zone
[balanced_delivery_supervisor-20] [INFO] [1789488552.807107290] [robot_0.robot_supervisor]: Triggered uncontrollable event: EV_zone_a_visible
[balanced_delivery_supervisor-20] [INFO] [1789488552.807718086] [robot_0.robot_supervisor]: Triggered uncontrollable event: EV_zone_b_not_visible
[balanced_delivery_supervisor-20] [INFO] [1789488552.808629304] [robot_0.robot_supervisor]: Selected controllable event: EV_move_forward
[balanced_delivery_supervisor-22] [INFO] [1789488552.895402567] [robot_2.robot_supervisor]: Triggered uncontrollable event: EV_zone_a_not_visible
[balanced_delivery_supervisor-22] [INFO] [1789488552.896261890] [robot_2.robot_supervisor]: Selected controllable event: EV_move_forward
[balanced_delivery_supervisor-20] [INFO] [1789488553.098211522] [robot_0.robot_supervisor]: Selected controllable event: EV_approach_zone
[balanced_delivery_supervisor-22] [INFO] [1789488553.173156466] [robot_2.robot_supervisor]: Triggered uncontrollable event: EV_zone_b_not_visible
[balanced_delivery_supervisor-22] [INFO] [1789488553.186970667] [robot_2.robot_supervisor]: Selected controllable event: EV_search_zone
[balanced_delivery_supervisor-22] [INFO] [1789488553.380513566] [robot_2.robot_supervisor]: Selected controllable event: EV_move_forward
[balanced_delivery_supervisor-20] [INFO] [1789488553.409581878] [robot_0.robot_supervisor]: Selected controllable event: EV_approach_zone
[balanced_delivery_supervisor-22] [INFO] [1789488553.680157893] [robot_2.robot_supervisor]: Triggered uncontrollable event: EV_zone_a_not_visible
[balanced_delivery_supervisor-22] [INFO] [1789488553.683825991] [robot_2.robot_supervisor]: Triggered uncontrollable event: EV_zone_b_not_visible
[balanced_delivery_supervisor-22] [INFO] [1789488553.684702756] [robot_2.robot_supervisor]: Selected controllable event: EV_move_forward
[balanced_delivery_supervisor-20] [INFO] [1789488553.690043909] [robot_0.robot_supervisor]: Triggered uncontrollable event: EV_zone_a_visible
[balanced_delivery_supervisor-20] [INFO] [1789488553.698833617] [robot_0.robot_supervisor]: Triggered uncontrollable event: EV_zone_b_not_visible
[balanced_delivery_supervisor-20] [INFO] [1789488553.699820459] [robot_0.robot_supervisor]: Selected controllable event: EV_move_forward
[balanced_delivery_supervisor-22] [INFO] [1789488553.985682923] [robot_2.robot_supervisor]: Selected controllable event: EV_move_forward
[balanced_delivery_supervisor-20] [INFO] [1789488554.005733943] [robot_0.robot_supervisor]: Selected controllable event: EV_move_forward
[balanced_delivery_supervisor-24] [INFO] [1789488554.028490032] [robot_1.robot_supervisor]: FULL ROTATE completed by timeout
[balanced_delivery_supervisor-20] [INFO] [1789488554.276740645] [robot_0.robot_supervisor]: Triggered uncontrollable event: EV_zone_a_visible
[balanced_delivery_supervisor-20] [INFO] [1789488554.277641395] [robot_0.robot_supervisor]: Selected controllable event: EV_approach_zone
[balanced_delivery_supervisor-22] [INFO] [1789488554.289323055] [robot_2.robot_supervisor]: Selected controllable event: EV_search_zone
[balanced_delivery_supervisor-24] [INFO] [1789488554.317798067] [robot_1.robot_supervisor]: ############################# VISIBLE: EV_object_visible #############################
[balanced_delivery_supervisor-24] [INFO] [1789488554.318710349] [robot_1.robot_supervisor]: Selected controllable event: EV_approach_object
[balanced_delivery_supervisor-22] [INFO] [1789488554.484567813] [robot_2.robot_supervisor]: Triggered uncontrollable event: EV_zone_a_not_visible
[balanced_delivery_supervisor-22] [INFO] [1789488554.485236536] [robot_2.robot_supervisor]: Triggered uncontrollable event: EV_zone_b_not_visible
[balanced_delivery_supervisor-22] [INFO] [1789488554.486128827] [robot_2.robot_supervisor]: Selected controllable event: EV_search_zone
[balanced_delivery_supervisor-20] [INFO] [1789488554.510934466] [robot_0.robot_supervisor]: Triggered uncontrollable event: EV_zone_b_not_visible
[balanced_delivery_supervisor-20] [INFO] [1789488554.511828198] [robot_0.robot_supervisor]: Selected controllable event: EV_approach_zone
[balanced_delivery_supervisor-24] [INFO] [1789488554.597423300] [robot_1.robot_supervisor]: ############################# VISIBLE: EV_object_visible #############################
[balanced_delivery_supervisor-24] [INFO] [1789488554.598412880] [robot_1.robot_supervisor]: Selected controllable event: EV_approach_object
[balanced_delivery_supervisor-22] [INFO] [1789488554.691696344] [robot_2.robot_supervisor]: Selected controllable event: EV_search_zone
[balanced_delivery_supervisor-20] [INFO] [1789488554.798863547] [robot_0.robot_supervisor]: Selected controllable event: EV_move_forward
[balanced_delivery_supervisor-22] [INFO] [1789488554.878580900] [robot_2.robot_supervisor]: Selected controllable event: EV_move_forward
[balanced_delivery_supervisor-24] [INFO] [1789488554.899715652] [robot_1.robot_supervisor]: Selected controllable event: EV_move_forward
[balanced_delivery_supervisor-20] [INFO] [1789488555.007970651] [robot_0.robot_supervisor]: Selected controllable event: EV_approach_zone
[balanced_delivery_supervisor-22] [INFO] [1789488555.112966870] [robot_2.robot_supervisor]: Selected controllable event: EV_move_forward
[balanced_delivery_supervisor-24] [INFO] [1789488555.114354847] [robot_1.robot_supervisor]: Selected controllable event: EV_approach_object
[balanced_delivery_supervisor-20] [INFO] [1789488555.291545636] [robot_0.robot_supervisor]: Triggered uncontrollable event: EV_zone_a_visible
[balanced_delivery_supervisor-20] [INFO] [1789488555.292455129] [robot_0.robot_supervisor]: Triggered uncontrollable event: EV_zone_b_not_visible
[balanced_delivery_supervisor-20] [INFO] [1789488555.293430862] [robot_0.robot_supervisor]: Selected controllable event: EV_move_forward
[balanced_delivery_supervisor-22] [INFO] [1789488555.389700752] [robot_2.robot_supervisor]: Triggered uncontrollable event: EV_zone_a_not_visible
[balanced_delivery_supervisor-22] [INFO] [1789488555.393776353] [robot_2.robot_supervisor]: Triggered uncontrollable event: EV_zone_b_not_visible
[balanced_delivery_supervisor-22] [INFO] [1789488555.394622630] [robot_2.robot_supervisor]: Selected controllable event: EV_move_forward
[balanced_delivery_supervisor-24] [INFO] [1789488555.401842239] [robot_1.robot_supervisor]: ############################# VISIBLE: EV_object_visible #############################
[balanced_delivery_supervisor-24] [INFO] [1789488555.402786361] [robot_1.robot_supervisor]: Selected controllable event: EV_move_forward
[balanced_delivery_supervisor-20] [INFO] [1789488555.586831457] [robot_0.robot_supervisor]: Selected controllable event: EV_move_forward
[balanced_delivery_supervisor-24] [INFO] [1789488555.692653356] [robot_1.robot_supervisor]: Selected controllable event: EV_move_forward
[balanced_delivery_supervisor-22] [INFO] [1789488555.695683422] [robot_2.robot_supervisor]: Selected controllable event: EV_move_forward
[balanced_delivery_supervisor-20] [INFO] [1789488555.793677237] [robot_0.robot_supervisor]: Selected controllable event: EV_approach_zone
[balanced_delivery_supervisor-24] [INFO] [1789488555.895984401] [robot_1.robot_supervisor]: Selected controllable event: EV_move_forward
[balanced_delivery_supervisor-22] [INFO] [1789488555.905806758] [robot_2.robot_supervisor]: Selected controllable event: EV_search_zone
[balanced_delivery_supervisor-20] [INFO] [1789488556.089705159] [robot_0.robot_supervisor]: Triggered uncontrollable event: EV_zone_a_visible
[balanced_delivery_supervisor-20] [INFO] [1789488556.090350084] [robot_0.robot_supervisor]: Triggered uncontrollable event: EV_zone_b_not_visible
[balanced_delivery_supervisor-20] [INFO] [1789488556.091235434] [robot_0.robot_supervisor]: Selected controllable event: EV_approach_zone
[balanced_delivery_supervisor-22] [INFO] [1789488556.098207124] [robot_2.robot_supervisor]: Triggered uncontrollable event: EV_zone_a_not_visible
[balanced_delivery_supervisor-22] [INFO] [1789488556.098996155] [robot_2.robot_supervisor]: Triggered uncontrollable event: EV_zone_b_not_visible
[balanced_delivery_supervisor-22] [INFO] [1789488556.099827509] [robot_2.robot_supervisor]: Selected controllable event: EV_move_forward
[balanced_delivery_supervisor-24] [INFO] [1789488556.211657727] [robot_1.robot_supervisor]: ############################# VISIBLE: EV_object_visible #############################
[balanced_delivery_supervisor-24] [INFO] [1789488556.212564749] [robot_1.robot_supervisor]: Selected controllable event: EV_approach_object
[balanced_delivery_supervisor-20] [INFO] [1789488556.396966658] [robot_0.robot_supervisor]: Selected controllable event: EV_move_forward
[balanced_delivery_supervisor-22] [INFO] [1789488556.398628455] [robot_2.robot_supervisor]: Selected controllable event: EV_move_forward
[balanced_delivery_supervisor-24] [INFO] [1789488556.499603842] [robot_1.robot_supervisor]: Selected controllable event: EV_approach_object
[balanced_delivery_supervisor-22] [INFO] [1789488556.687976767] [robot_2.robot_supervisor]: Selected controllable event: EV_move_forward
[balanced_delivery_supervisor-20] [INFO] [1789488556.709744520] [robot_0.robot_supervisor]: Triggered uncontrollable event: EV_zone_b_not_visible
[balanced_delivery_supervisor-20] [INFO] [1789488556.714498298] [robot_0.robot_supervisor]: Triggered uncontrollable event: EV_zone_a_reached
[balanced_delivery_supervisor-20] [INFO] [1789488556.723746802] [robot_0.robot_supervisor]: Selected controllable event: EV_search_zone
[balanced_delivery_supervisor-24] [INFO] [1789488556.785484269] [robot_1.robot_supervisor]: ############################# VISIBLE: EV_object_visible #############################
[balanced_delivery_supervisor-24] [INFO] [1789488556.786380829] [robot_1.robot_supervisor]: Selected controllable event: EV_move_forward
[balanced_delivery_supervisor-22] [INFO] [1789488556.897281238] [robot_2.robot_supervisor]: Triggered uncontrollable event: EV_zone_a_not_visible
[balanced_delivery_supervisor-22] [INFO] [1789488556.903369711] [robot_2.robot_supervisor]: Triggered uncontrollable event: EV_zone_b_not_visible
[balanced_delivery_supervisor-20] [INFO] [1789488556.907534860] [robot_0.robot_supervisor]: Selected controllable event: EV_move_forward
[balanced_delivery_supervisor-22] [INFO] [1789488556.914215977] [robot_2.robot_supervisor]: Selected controllable event: EV_move_forward
[balanced_delivery_supervisor-24] [INFO] [1789488557.083968083] [robot_1.robot_supervisor]: Selected controllable event: EV_move_forward
[balanced_delivery_supervisor-22] [INFO] [1789488557.173830162] [robot_2.robot_supervisor]: Selected controllable event: EV_search_zone
[balanced_delivery_supervisor-20] [INFO] [1789488557.190447899] [robot_0.robot_supervisor]: Selected controllable event: EV_move_forward
[color_detector-31] [INFO] [1789488557.296224775] [robot_1.target_detector]: RGB HEARTBEAT frames_total=60 recent_rate_hz=1.271 last_frame_age_s=0.633 status=OK
[balanced_delivery_supervisor-24] [INFO] [1789488557.309412827] [robot_1.robot_supervisor]: Selected controllable event: EV_move_forward
[color_detector-29] [INFO] [1789488557.314909087] [robot_2.target_detector]: RGB HEARTBEAT frames_total=60 recent_rate_hz=1.267 last_frame_age_s=0.647 status=OK
[color_detector-27] [INFO] [1789488557.320631321] [robot_0.target_detector]: RGB HEARTBEAT frames_total=60 recent_rate_hz=1.266 last_frame_age_s=0.798 status=OK
[balanced_delivery_supervisor-22] [INFO] [1789488557.387396214] [robot_2.robot_supervisor]: Selected controllable event: EV_move_forward
[balanced_delivery_supervisor-20] [INFO] [1789488557.488443941] [robot_0.robot_supervisor]: Triggered uncontrollable event: EV_zone_a_reached
[balanced_delivery_supervisor-20] [INFO] [1789488557.489396669] [robot_0.robot_supervisor]: Selected controllable event: EV_search_zone
[balanced_delivery_supervisor-20] [INFO] [1789488557.600391976] [robot_0.robot_supervisor]: Triggered uncontrollable event: EV_zone_b_not_visible
[balanced_delivery_supervisor-20] [INFO] [1789488557.603382425] [robot_0.robot_supervisor]: Selected controllable event: EV_move_forward
[balanced_delivery_supervisor-24] [INFO] [1789488557.618883376] [robot_1.robot_supervisor]: ############################# VISIBLE: EV_object_visible #############################
[balanced_delivery_supervisor-24] [INFO] [1789488557.619864787] [robot_1.robot_supervisor]: Selected controllable event: EV_approach_object
[balanced_delivery_supervisor-22] [INFO] [1789488557.669678309] [robot_2.robot_supervisor]: Triggered uncontrollable event: EV_zone_a_not_visible
[balanced_delivery_supervisor-22] [INFO] [1789488557.670376151] [robot_2.robot_supervisor]: Triggered uncontrollable event: EV_zone_b_not_visible
[balanced_delivery_supervisor-22] [INFO] [1789488557.683666885] [robot_2.robot_supervisor]: Selected controllable event: EV_move_forward
[balanced_delivery_supervisor-22] [INFO] [1789488557.891096643] [robot_2.robot_supervisor]: Selected controllable event: EV_search_zone
[balanced_delivery_supervisor-24] [INFO] [1789488557.897910745] [robot_1.robot_supervisor]: Selected controllable event: EV_move_forward
[balanced_delivery_supervisor-20] [INFO] [1789488557.916864642] [robot_0.robot_supervisor]: Selected controllable event: EV_search_zone
[balanced_delivery_supervisor-22] [INFO] [1789488558.082562480] [robot_2.robot_supervisor]: Selected controllable event: EV_search_zone
[balanced_delivery_supervisor-20] [INFO] [1789488558.093617992] [robot_0.robot_supervisor]: Selected controllable event: EV_move_forward
[balanced_delivery_supervisor-24] [INFO] [1789488558.192176710] [robot_1.robot_supervisor]: Selected controllable event: EV_approach_object
[balanced_delivery_supervisor-22] [INFO] [1789488558.265475252] [robot_2.robot_supervisor]: Selected controllable event: EV_search_zone
[balanced_delivery_supervisor-20] [INFO] [1789488558.304665853] [robot_0.robot_supervisor]: Selected controllable event: EV_move_forward
[balanced_delivery_supervisor-22] [INFO] [1789488558.374510882] [robot_2.robot_supervisor]: Selected controllable event: EV_search_zone
[balanced_delivery_supervisor-24] [INFO] [1789488558.411682379] [robot_1.robot_supervisor]: Selected controllable event: EV_approach_object
[balanced_delivery_supervisor-22] [INFO] [1789488558.498431772] [robot_2.robot_supervisor]: Triggered uncontrollable event: EV_zone_a_not_visible
[balanced_delivery_supervisor-22] [INFO] [1789488558.499299524] [robot_2.robot_supervisor]: Triggered uncontrollable event: EV_zone_b_not_visible
[balanced_delivery_supervisor-22] [INFO] [1789488558.500174116] [robot_2.robot_supervisor]: Selected controllable event: EV_move_forward
[balanced_delivery_supervisor-20] [INFO] [1789488558.596596507] [robot_0.robot_supervisor]: Triggered uncontrollable event: EV_obstacle_front
[balanced_delivery_supervisor-20] [INFO] [1789488558.601233868] [robot_0.robot_supervisor]: Triggered uncontrollable event: EV_zone_b_not_visible
[balanced_delivery_supervisor-20] [INFO] [1789488558.602001306] [robot_0.robot_supervisor]: Triggered uncontrollable event: EV_zone_a_reached
[balanced_delivery_supervisor-20] [INFO] [1789488558.602808064] [robot_0.robot_supervisor]: Selected controllable event: EV_move_backward
[balanced_delivery_supervisor-24] [INFO] [1789488558.689728534] [robot_1.robot_supervisor]: ############################# VISIBLE: EV_object_visible #############################
[balanced_delivery_supervisor-24] [INFO] [1789488558.692910078] [robot_1.robot_supervisor]: Selected controllable event: EV_approach_object
[balanced_delivery_supervisor-22] [INFO] [1789488558.792545260] [robot_2.robot_supervisor]: Selected controllable event: EV_search_zone
[balanced_delivery_supervisor-20] [INFO] [1789488558.903958915] [robot_0.robot_supervisor]: Triggered uncontrollable event: EV_obstacle_front
[balanced_delivery_supervisor-20] [INFO] [1789488558.911337305] [robot_0.robot_supervisor]: Selected controllable event: EV_u_turn
[balanced_delivery_supervisor-20] [INFO] [1789488558.916732496] [robot_0.robot_supervisor]: Starting FULL ROTATE (omega=1.000, have_odom=True, target_rad=3.142, timeout_s=3.500)
[balanced_delivery_supervisor-22] [INFO] [1789488558.973336889] [robot_2.robot_supervisor]: Selected controllable event: EV_move_forward
[balanced_delivery_supervisor-24] [INFO] [1789488559.006591103] [robot_1.robot_supervisor]: Selected controllable event: EV_approach_object
[balanced_delivery_supervisor-22] [INFO] [1789488559.206683508] [robot_2.robot_supervisor]: Selected controllable event: EV_move_forward
[balanced_delivery_supervisor-24] [INFO] [1789488559.322720077] [robot_1.robot_supervisor]: Selected controllable event: EV_move_forward
[balanced_delivery_supervisor-22] [INFO] [1789488559.499571793] [robot_2.robot_supervisor]: Triggered uncontrollable event: EV_zone_a_not_visible
[balanced_delivery_supervisor-22] [INFO] [1789488559.500477730] [robot_2.robot_supervisor]: Triggered uncontrollable event: EV_zone_b_not_visible
[balanced_delivery_supervisor-22] [INFO] [1789488559.509557449] [robot_2.robot_supervisor]: Selected controllable event: EV_move_forward
[balanced_delivery_supervisor-24] [INFO] [1789488559.584883477] [robot_1.robot_supervisor]: ############################# VISIBLE: EV_object_visible #############################
[balanced_delivery_supervisor-24] [INFO] [1789488559.603142202] [robot_1.robot_supervisor]: Selected controllable event: EV_move_forward
[balanced_delivery_supervisor-22] [INFO] [1789488559.778439214] [robot_2.robot_supervisor]: Selected controllable event: EV_move_forward
[balanced_delivery_supervisor-24] [INFO] [1789488559.811060855] [robot_1.robot_supervisor]: Selected controllable event: EV_move_forward
[balanced_delivery_supervisor-22] [INFO] [1789488560.080398386] [robot_2.robot_supervisor]: Triggered uncontrollable event: EV_zone_a_not_visible
[balanced_delivery_supervisor-24] [INFO] [1789488560.089383105] [robot_1.robot_supervisor]: Selected controllable event: EV_move_forward
[balanced_delivery_supervisor-22] [INFO] [1789488560.090931153] [robot_2.robot_supervisor]: Selected controllable event: EV_search_zone
[balanced_delivery_supervisor-22] [INFO] [1789488560.289797460] [robot_2.robot_supervisor]: Triggered uncontrollable event: EV_zone_b_not_visible
[balanced_delivery_supervisor-22] [INFO] [1789488560.295545978] [robot_2.robot_supervisor]: Selected controllable event: EV_move_forward
[balanced_delivery_supervisor-24] [INFO] [1789488560.298717612] [robot_1.robot_supervisor]: ############################# VISIBLE: EV_object_visible #############################
[balanced_delivery_supervisor-24] [INFO] [1789488560.299605054] [robot_1.robot_supervisor]: Selected controllable event: EV_approach_object
[balanced_delivery_supervisor-22] [INFO] [1789488560.577218794] [robot_2.robot_supervisor]: Selected controllable event: EV_search_zone
[balanced_delivery_supervisor-24] [INFO] [1789488560.597112725] [robot_1.robot_supervisor]: Selected controllable event: EV_approach_object
[balanced_delivery_supervisor-22] [INFO] [1789488560.781933484] [robot_2.robot_supervisor]: Selected controllable event: EV_search_zone
[balanced_delivery_supervisor-24] [INFO] [1789488560.901210164] [robot_1.robot_supervisor]: Selected controllable event: EV_approach_object
[balanced_delivery_supervisor-22] [INFO] [1789488560.904190025] [robot_2.robot_supervisor]: Selected controllable event: EV_search_zone
[balanced_delivery_supervisor-22] [INFO] [1789488561.088688580] [robot_2.robot_supervisor]: Triggered uncontrollable event: EV_zone_a_not_visible
[balanced_delivery_supervisor-22] [INFO] [1789488561.090398960] [robot_2.robot_supervisor]: Triggered uncontrollable event: EV_zone_b_not_visible
[balanced_delivery_supervisor-22] [INFO] [1789488561.091237478] [robot_2.robot_supervisor]: Selected controllable event: EV_move_forward
[balanced_delivery_supervisor-24] [INFO] [1789488561.197325000] [robot_1.robot_supervisor]: ############################# VISIBLE: EV_object_visible #############################
[balanced_delivery_supervisor-24] [INFO] [1789488561.210227832] [robot_1.robot_supervisor]: Selected controllable event: EV_move_forward
[balanced_delivery_supervisor-22] [INFO] [1789488561.366332559] [robot_2.robot_supervisor]: Selected controllable event: EV_search_zone
[balanced_delivery_supervisor-22] [INFO] [1789488561.485157660] [robot_2.robot_supervisor]: Selected controllable event: EV_search_zone
[balanced_delivery_supervisor-24] [INFO] [1789488561.504910762] [robot_1.robot_supervisor]: Selected controllable event: EV_move_forward
[balanced_delivery_supervisor-22] [INFO] [1789488561.690180787] [robot_2.robot_supervisor]: Triggered uncontrollable event: EV_zone_a_not_visible
[balanced_delivery_supervisor-22] [INFO] [1789488561.691099826] [robot_2.robot_supervisor]: Selected controllable event: EV_move_forward
[balanced_delivery_supervisor-24] [INFO] [1789488561.806046560] [robot_1.robot_supervisor]: ############################# VISIBLE: EV_object_visible #############################
[balanced_delivery_supervisor-24] [INFO] [1789488561.806897541] [robot_1.robot_supervisor]: Selected controllable event: EV_approach_object
[balanced_delivery_supervisor-22] [INFO] [1789488561.978551708] [robot_2.robot_supervisor]: Triggered uncontrollable event: EV_zone_b_not_visible
[balanced_delivery_supervisor-22] [INFO] [1789488561.984082681] [robot_2.robot_supervisor]: Selected controllable event: EV_search_zone
[balanced_delivery_supervisor-24] [INFO] [1789488562.093511029] [robot_1.robot_supervisor]: Selected controllable event: EV_approach_object
[balanced_delivery_supervisor-22] [INFO] [1789488562.170047075] [robot_2.robot_supervisor]: Selected controllable event: EV_move_forward
[balanced_delivery_supervisor-24] [INFO] [1789488562.315619980] [robot_1.robot_supervisor]: Selected controllable event: EV_move_forward
[balanced_delivery_supervisor-22] [INFO] [1789488562.387100522] [robot_2.robot_supervisor]: Triggered uncontrollable event: EV_zone_a_not_visible
[balanced_delivery_supervisor-22] [INFO] [1789488562.387937871] [robot_2.robot_supervisor]: Selected controllable event: EV_search_zone
[balanced_delivery_supervisor-20] [INFO] [1789488562.481132809] [robot_0.robot_supervisor]: FULL ROTATE completed by timeout
[balanced_delivery_supervisor-22] [INFO] [1789488562.579344136] [robot_2.robot_supervisor]: Triggered uncontrollable event: EV_zone_b_not_visible
[balanced_delivery_supervisor-22] [INFO] [1789488562.580332271] [robot_2.robot_supervisor]: Selected controllable event: EV_search_zone
[balanced_delivery_supervisor-24] [INFO] [1789488562.593972907] [robot_1.robot_supervisor]: ############################# VISIBLE: EV_object_visible #############################
[balanced_delivery_supervisor-24] [INFO] [1789488562.603710748] [robot_1.robot_supervisor]: Selected controllable event: EV_approach_object
[balanced_delivery_supervisor-20] [INFO] [1789488562.695205719] [robot_0.robot_supervisor]: Triggered uncontrollable event: EV_zone_b_not_visible
[balanced_delivery_supervisor-20] [INFO] [1789488562.695973256] [robot_0.robot_supervisor]: Triggered uncontrollable event: EV_zone_a_reached
[balanced_delivery_supervisor-20] [INFO] [1789488562.697133531] [robot_0.robot_supervisor]: Selected controllable event: EV_search_zone
[balanced_delivery_supervisor-22] [INFO] [1789488562.775536832] [robot_2.robot_supervisor]: Selected controllable event: EV_search_zone
[balanced_delivery_supervisor-20] [INFO] [1789488562.882585204] [robot_0.robot_supervisor]: Selected controllable event: EV_move_forward
[balanced_delivery_supervisor-22] [INFO] [1789488562.894900718] [robot_2.robot_supervisor]: Selected controllable event: EV_move_forward
[balanced_delivery_supervisor-24] [INFO] [1789488562.909548333] [robot_1.robot_supervisor]: Selected controllable event: EV_approach_object
[balanced_delivery_supervisor-22] [INFO] [1789488563.097166367] [robot_2.robot_supervisor]: Selected controllable event: EV_move_forward
[balanced_delivery_supervisor-20] [INFO] [1789488563.201446771] [robot_0.robot_supervisor]: Triggered uncontrollable event: EV_zone_b_visible
[balanced_delivery_supervisor-24] [INFO] [1789488563.215098718] [robot_1.robot_supervisor]: Selected controllable event: EV_move_forward
[balanced_delivery_supervisor-20] [INFO] [1789488563.215229145] [robot_0.robot_supervisor]: Triggered uncontrollable event: EV_zone_a_reached
[balanced_delivery_supervisor-20] [INFO] [1789488563.223987612] [robot_0.robot_supervisor]: Selected controllable event: EV_approach_zone
[balanced_delivery_supervisor-22] [INFO] [1789488563.378901152] [robot_2.robot_supervisor]: Triggered uncontrollable event: EV_zone_a_not_visible
[balanced_delivery_supervisor-22] [INFO] [1789488563.385354223] [robot_2.robot_supervisor]: Triggered uncontrollable event: EV_obstacle_right
[balanced_delivery_supervisor-22] [INFO] [1789488563.392731651] [robot_2.robot_supervisor]: Triggered uncontrollable event: EV_zone_b_not_visible
[balanced_delivery_supervisor-22] [INFO] [1789488563.399070906] [robot_2.robot_supervisor]: Selected controllable event: EV_u_turn
[balanced_delivery_supervisor-22] [INFO] [1789488563.409717401] [robot_2.robot_supervisor]: Starting FULL ROTATE (omega=1.000, have_odom=True, target_rad=3.142, timeout_s=3.500)
[balanced_delivery_supervisor-20] [INFO] [1789488563.490410287] [robot_0.robot_supervisor]: Selected controllable event: EV_approach_zone
[balanced_delivery_supervisor-24] [INFO] [1789488563.510257886] [robot_1.robot_supervisor]: ############################# REACHED: EV_object_reached #############################
[balanced_delivery_supervisor-24] [INFO] [1789488563.521176199] [robot_1.robot_supervisor]: Selected controllable event: EV_pick_up_object
[balanced_delivery_supervisor-24] [INFO] [1789488563.551498010] [robot_1.robot_supervisor]: Cargo 'robot_1_carried_generic_box' placed on robot.
[balanced_delivery_supervisor-24] [INFO] [1789488563.786063253] [robot_1.robot_supervisor]: Selected controllable event: EV_search_zone
[balanced_delivery_supervisor-20] [INFO] [1789488563.809193395] [robot_0.robot_supervisor]: Selected controllable event: EV_approach_zone
[balanced_delivery_supervisor-24] [INFO] [1789488563.887390033] [robot_1.robot_supervisor]: Selected controllable event: EV_search_zone
[balanced_delivery_supervisor-24] [INFO] [1789488564.022723733] [robot_1.robot_supervisor]: Selected controllable event: EV_move_forward
[balanced_delivery_supervisor-20] [INFO] [1789488564.111063566] [robot_0.robot_supervisor]: Triggered uncontrollable event: EV_zone_a_reached
[balanced_delivery_supervisor-20] [INFO] [1789488564.111952737] [robot_0.robot_supervisor]: Selected controllable event: EV_move_forward
[balanced_delivery_supervisor-24] [INFO] [1789488564.313922359] [robot_1.robot_supervisor]: Triggered uncontrollable event: EV_zone_a_not_visible
[balanced_delivery_supervisor-24] [INFO] [1789488564.314689988] [robot_1.robot_supervisor]: Triggered uncontrollable event: EV_zone_b_not_visible
[balanced_delivery_supervisor-24] [INFO] [1789488564.324091703] [robot_1.robot_supervisor]: Selected controllable event: EV_search_zone
[balanced_delivery_supervisor-20] [INFO] [1789488564.389219110] [robot_0.robot_supervisor]: Triggered uncontrollable event: EV_zone_b_visible
[balanced_delivery_supervisor-20] [INFO] [1789488564.390114525] [robot_0.robot_supervisor]: Selected controllable event: EV_approach_zone
[balanced_delivery_supervisor-24] [INFO] [1789488564.514618527] [robot_1.robot_supervisor]: Selected controllable event: EV_move_forward
[balanced_delivery_supervisor-20] [INFO] [1789488564.596266419] [robot_0.robot_supervisor]: Selected controllable event: EV_approach_zone
[balanced_delivery_supervisor-24] [INFO] [1789488564.783799534] [robot_1.robot_supervisor]: Selected controllable event: EV_move_forward
[balanced_delivery_supervisor-20] [INFO] [1789488564.913162166] [robot_0.robot_supervisor]: Triggered uncontrollable event: EV_zone_a_reached
[balanced_delivery_supervisor-20] [INFO] [1789488564.913989778] [robot_0.robot_supervisor]: Selected controllable event: EV_move_forward
[balanced_delivery_supervisor-24] [INFO] [1789488564.994135624] [robot_1.robot_supervisor]: Selected controllable event: EV_search_zone
[balanced_delivery_supervisor-24] [INFO] [1789488565.117150190] [robot_1.robot_supervisor]: Triggered uncontrollable event: EV_zone_a_not_visible
[balanced_delivery_supervisor-24] [INFO] [1789488565.120019480] [robot_1.robot_supervisor]: Selected controllable event: EV_search_zone
[balanced_delivery_supervisor-20] [INFO] [1789488565.196976618] [robot_0.robot_supervisor]: Triggered uncontrollable event: EV_zone_b_visible
[balanced_delivery_supervisor-20] [INFO] [1789488565.201251209] [robot_0.robot_supervisor]: Selected controllable event: EV_move_forward
[balanced_delivery_supervisor-24] [INFO] [1789488565.306028869] [robot_1.robot_supervisor]: Triggered uncontrollable event: EV_zone_b_not_visible
[balanced_delivery_supervisor-24] [INFO] [1789488565.317350681] [robot_1.robot_supervisor]: Selected controllable event: EV_move_forward
[balanced_delivery_supervisor-20] [INFO] [1789488565.506781267] [robot_0.robot_supervisor]: Selected controllable event: EV_move_forward
[balanced_delivery_supervisor-24] [INFO] [1789488565.603904000] [robot_1.robot_supervisor]: Selected controllable event: EV_search_zone
[color_detector-27] [INFO] [1789488565.625351590] [robot_0.target_detector]: RGB HEARTBEAT frames_total=70 recent_rate_hz=1.205 last_frame_age_s=0.786 status=OK
[color_detector-31] [INFO] [1789488565.631012775] [robot_1.target_detector]: RGB HEARTBEAT frames_total=70 recent_rate_hz=1.200 last_frame_age_s=0.620 status=OK
[color_detector-29] [INFO] [1789488565.633633476] [robot_2.target_detector]: RGB HEARTBEAT frames_total=70 recent_rate_hz=1.203 last_frame_age_s=0.715 status=OK
[balanced_delivery_supervisor-20] [INFO] [1789488565.801621374] [robot_0.robot_supervisor]: Triggered uncontrollable event: EV_zone_b_visible
[balanced_delivery_supervisor-20] [INFO] [1789488565.802369883] [robot_0.robot_supervisor]: Triggered uncontrollable event: EV_zone_a_reached
[balanced_delivery_supervisor-24] [INFO] [1789488565.808089072] [robot_1.robot_supervisor]: Selected controllable event: EV_search_zone
[balanced_delivery_supervisor-20] [INFO] [1789488565.820753441] [robot_0.robot_supervisor]: Selected controllable event: EV_approach_zone
[balanced_delivery_supervisor-24] [INFO] [1789488565.915716228] [robot_1.robot_supervisor]: Triggered uncontrollable event: EV_zone_a_not_visible
[balanced_delivery_supervisor-24] [INFO] [1789488565.916627561] [robot_1.robot_supervisor]: Selected controllable event: EV_search_zone
[balanced_delivery_supervisor-20] [INFO] [1789488566.095697114] [robot_0.robot_supervisor]: Selected controllable event: EV_approach_zone
[balanced_delivery_supervisor-24] [INFO] [1789488566.100802497] [robot_1.robot_supervisor]: Triggered uncontrollable event: EV_zone_b_not_visible
[balanced_delivery_supervisor-24] [INFO] [1789488566.116367680] [robot_1.robot_supervisor]: Selected controllable event: EV_search_zone
[balanced_delivery_supervisor-24] [INFO] [1789488566.312904889] [robot_1.robot_supervisor]: Selected controllable event: EV_move_forward
[balanced_delivery_supervisor-20] [INFO] [1789488566.391170630] [robot_0.robot_supervisor]: Selected controllable event: EV_approach_zone
[balanced_delivery_supervisor-24] [INFO] [1789488566.609464129] [robot_1.robot_supervisor]: Selected controllable event: EV_move_forward
[balanced_delivery_supervisor-20] [INFO] [1789488566.684873045] [robot_0.robot_supervisor]: Triggered uncontrollable event: EV_zone_b_visible
[balanced_delivery_supervisor-20] [INFO] [1789488566.690053254] [robot_0.robot_supervisor]: Triggered uncontrollable event: EV_zone_a_not_visible
[balanced_delivery_supervisor-20] [INFO] [1789488566.700558991] [robot_0.robot_supervisor]: Selected controllable event: EV_approach_zone
[balanced_delivery_supervisor-24] [INFO] [1789488566.816140705] [robot_1.robot_supervisor]: Triggered uncontrollable event: EV_zone_a_not_visible
[balanced_delivery_supervisor-24] [INFO] [1789488566.816868121] [robot_1.robot_supervisor]: Triggered uncontrollable event: EV_zone_b_not_visible
[balanced_delivery_supervisor-24] [INFO] [1789488566.817805523] [robot_1.robot_supervisor]: Selected controllable event: EV_move_forward
[balanced_delivery_supervisor-20] [INFO] [1789488566.911528479] [robot_0.robot_supervisor]: Selected controllable event: EV_move_forward
[balanced_delivery_supervisor-22] [INFO] [1789488566.964839183] [robot_2.robot_supervisor]: FULL ROTATE completed by timeout
[balanced_delivery_supervisor-24] [INFO] [1789488567.117057592] [robot_1.robot_supervisor]: Selected controllable event: EV_search_zone
[balanced_delivery_supervisor-22] [INFO] [1789488567.188630365] [robot_2.robot_supervisor]: Triggered uncontrollable event: EV_zone_a_visible
[balanced_delivery_supervisor-22] [INFO] [1789488567.195487655] [robot_2.robot_supervisor]: Triggered uncontrollable event: EV_zone_b_visible
[balanced_delivery_supervisor-20] [INFO] [1789488567.193806563] [robot_0.robot_supervisor]: Selected controllable event: EV_approach_zone
[balanced_delivery_supervisor-22] [INFO] [1789488567.198562339] [robot_2.robot_supervisor]: Selected controllable event: EV_move_forward
[balanced_delivery_supervisor-24] [INFO] [1789488567.323113560] [robot_1.robot_supervisor]: Selected controllable event: EV_move_forward
[balanced_delivery_supervisor-22] [INFO] [1789488567.468637441] [robot_2.robot_supervisor]: Selected controllable event: EV_move_forward
[balanced_delivery_supervisor-20] [INFO] [1789488567.502754875] [robot_0.robot_supervisor]: Triggered uncontrollable event: EV_zone_a_not_visible
[balanced_delivery_supervisor-20] [INFO] [1789488567.515525347] [robot_0.robot_supervisor]: Selected controllable event: EV_approach_zone
[balanced_delivery_supervisor-24] [INFO] [1789488567.606714921] [robot_1.robot_supervisor]: Selected controllable event: EV_move_forward
[balanced_delivery_supervisor-22] [INFO] [1789488567.690620660] [robot_2.robot_supervisor]: Triggered uncontrollable event: EV_zone_a_visible
[balanced_delivery_supervisor-22] [INFO] [1789488567.691432575] [robot_2.robot_supervisor]: Triggered uncontrollable event: EV_zone_b_visible
[balanced_delivery_supervisor-22] [INFO] [1789488567.696685262] [robot_2.robot_supervisor]: Selected controllable event: EV_approach_zone
[balanced_delivery_supervisor-20] [INFO] [1789488567.787472149] [robot_0.robot_supervisor]: Triggered uncontrollable event: EV_zone_b_visible
[balanced_delivery_supervisor-20] [INFO] [1789488567.788336457] [robot_0.robot_supervisor]: Selected controllable event: EV_move_forward
[balanced_delivery_supervisor-24] [INFO] [1789488567.822996102] [robot_1.robot_supervisor]: Triggered uncontrollable event: EV_zone_a_not_visible
[balanced_delivery_supervisor-24] [INFO] [1789488567.823643391] [robot_1.robot_supervisor]: Triggered uncontrollable event: EV_zone_b_not_visible
[balanced_delivery_supervisor-24] [INFO] [1789488567.837839491] [robot_1.robot_supervisor]: Selected controllable event: EV_move_forward
[balanced_delivery_supervisor-20] [INFO] [1789488567.989664510] [robot_0.robot_supervisor]: Selected controllable event: EV_approach_zone
[balanced_delivery_supervisor-22] [INFO] [1789488567.989988540] [robot_2.robot_supervisor]: Selected controllable event: EV_move_forward
[balanced_delivery_supervisor-24] [INFO] [1789488568.105225534] [robot_1.robot_supervisor]: Selected controllable event: EV_search_zone
[balanced_delivery_supervisor-22] [INFO] [1789488568.200388173] [robot_2.robot_supervisor]: Selected controllable event: EV_approach_zone
[balanced_delivery_supervisor-24] [INFO] [1789488568.213060093] [robot_1.robot_supervisor]: Selected controllable event: EV_move_forward
[balanced_delivery_supervisor-20] [INFO] [1789488568.294392161] [robot_0.robot_supervisor]: Triggered uncontrollable event: EV_zone_a_not_visible
[balanced_delivery_supervisor-20] [INFO] [1789488568.295274346] [robot_0.robot_supervisor]: Selected controllable event: EV_approach_zone
[balanced_delivery_supervisor-22] [INFO] [1789488568.478412049] [robot_2.robot_supervisor]: Triggered uncontrollable event: EV_zone_a_visible
[balanced_delivery_supervisor-22] [INFO] [1789488568.489377784] [robot_2.robot_supervisor]: Triggered uncontrollable event: EV_zone_b_visible
[balanced_delivery_supervisor-22] [INFO] [1789488568.493123948] [robot_2.robot_supervisor]: Selected controllable event: EV_move_forward
[balanced_delivery_supervisor-24] [INFO] [1789488568.503185796] [robot_1.robot_supervisor]: Triggered uncontrollable event: EV_zone_a_not_visible
[balanced_delivery_supervisor-24] [INFO] [1789488568.515562669] [robot_1.robot_supervisor]: Triggered uncontrollable event: EV_zone_b_not_visible
[balanced_delivery_supervisor-24] [INFO] [1789488568.521812175] [robot_1.robot_supervisor]: Selected controllable event: EV_move_forward
[balanced_delivery_supervisor-20] [INFO] [1789488568.581035217] [robot_0.robot_supervisor]: Triggered uncontrollable event: EV_zone_b_visible
[balanced_delivery_supervisor-20] [INFO] [1789488568.581903533] [robot_0.robot_supervisor]: Selected controllable event: EV_approach_zone
[balanced_delivery_supervisor-24] [INFO] [1789488568.788897941] [robot_1.robot_supervisor]: Selected controllable event: EV_move_forward
[balanced_delivery_supervisor-22] [INFO] [1789488568.795044406] [robot_2.robot_supervisor]: Selected controllable event: EV_approach_zone
[balanced_delivery_supervisor-20] [INFO] [1789488568.901940062] [robot_0.robot_supervisor]: Selected controllable event: EV_move_forward
[balanced_delivery_supervisor-24] [INFO] [1789488569.017900784] [robot_1.robot_supervisor]: Selected controllable event: EV_move_forward
[balanced_delivery_supervisor-22] [INFO] [1789488569.084764893] [robot_2.robot_supervisor]: Selected controllable event: EV_approach_zone
[balanced_delivery_supervisor-20] [INFO] [1789488569.197671897] [robot_0.robot_supervisor]: Triggered uncontrollable event: EV_zone_b_visible
[balanced_delivery_supervisor-20] [INFO] [1789488569.198433868] [robot_0.robot_supervisor]: Triggered uncontrollable event: EV_zone_a_not_visible
[balanced_delivery_supervisor-20] [INFO] [1789488569.199340698] [robot_0.robot_supervisor]: Selected controllable event: EV_approach_zone
[balanced_delivery_supervisor-24] [INFO] [1789488569.227689201] [robot_1.robot_supervisor]: Selected controllable event: EV_search_zone
[balanced_delivery_supervisor-22] [INFO] [1789488569.300145162] [robot_2.robot_supervisor]: Triggered uncontrollable event: EV_zone_a_visible
[balanced_delivery_supervisor-22] [INFO] [1789488569.304076170] [robot_2.robot_supervisor]: Triggered uncontrollable event: EV_zone_b_visible
[balanced_delivery_supervisor-22] [INFO] [1789488569.311458360] [robot_2.robot_supervisor]: Selected controllable event: EV_approach_zone
[balanced_delivery_supervisor-24] [INFO] [1789488569.420571601] [robot_1.robot_supervisor]: Triggered uncontrollable event: EV_zone_a_not_visible
[balanced_delivery_supervisor-24] [INFO] [1789488569.421312775] [robot_1.robot_supervisor]: Triggered uncontrollable event: EV_zone_b_not_visible
[balanced_delivery_supervisor-24] [INFO] [1789488569.427515761] [robot_1.robot_supervisor]: Selected controllable event: EV_move_forward
[balanced_delivery_supervisor-20] [INFO] [1789488569.509939231] [robot_0.robot_supervisor]: Selected controllable event: EV_approach_zone
[balanced_delivery_supervisor-22] [INFO] [1789488569.588676617] [robot_2.robot_supervisor]: Selected controllable event: EV_move_forward
[balanced_delivery_supervisor-24] [INFO] [1789488569.705296078] [robot_1.robot_supervisor]: Selected controllable event: EV_search_zone
[balanced_delivery_supervisor-20] [INFO] [1789488569.789700391] [robot_0.robot_supervisor]: Selected controllable event: EV_approach_zone
[balanced_delivery_supervisor-24] [INFO] [1789488569.813377842] [robot_1.robot_supervisor]: Selected controllable event: EV_move_forward
[balanced_delivery_supervisor-22] [INFO] [1789488569.877945305] [robot_2.robot_supervisor]: Selected controllable event: EV_move_forward
[balanced_delivery_supervisor-24] [INFO] [1789488570.016947716] [robot_1.robot_supervisor]: Selected controllable event: EV_move_forward
[balanced_delivery_supervisor-20] [INFO] [1789488570.099428103] [robot_0.robot_supervisor]: Triggered uncontrollable event: EV_zone_b_visible
[balanced_delivery_supervisor-20] [INFO] [1789488570.107451326] [robot_0.robot_supervisor]: Triggered uncontrollable event: EV_zone_a_not_visible
[balanced_delivery_supervisor-20] [INFO] [1789488570.108301297] [robot_0.robot_supervisor]: Selected controllable event: EV_move_forward
[balanced_delivery_supervisor-22] [INFO] [1789488570.190959799] [robot_2.robot_supervisor]: Triggered uncontrollable event: EV_zone_b_visible
[balanced_delivery_supervisor-22] [INFO] [1789488570.191730241] [robot_2.robot_supervisor]: Triggered uncontrollable event: EV_zone_a_not_visible
[balanced_delivery_supervisor-22] [INFO] [1789488570.192623575] [robot_2.robot_supervisor]: Selected controllable event: EV_approach_zone
[balanced_delivery_supervisor-24] [INFO] [1789488570.301502434] [robot_1.robot_supervisor]: Triggered uncontrollable event: EV_zone_a_not_visible
[balanced_delivery_supervisor-24] [INFO] [1789488570.302341305] [robot_1.robot_supervisor]: Triggered uncontrollable event: EV_zone_b_not_visible
[balanced_delivery_supervisor-24] [INFO] [1789488570.319818507] [robot_1.robot_supervisor]: Selected controllable event: EV_search_zone
[balanced_delivery_supervisor-20] [INFO] [1789488570.389415341] [robot_0.robot_supervisor]: Selected controllable event: EV_approach_zone
[balanced_delivery_supervisor-22] [INFO] [1789488570.394969835] [robot_2.robot_supervisor]: Selected controllable event: EV_approach_zone
[balanced_delivery_supervisor-24] [INFO] [1789488570.500980643] [robot_1.robot_supervisor]: Selected controllable event: EV_move_forward
[balanced_delivery_supervisor-22] [INFO] [1789488570.671091393] [robot_2.robot_supervisor]: Selected controllable event: EV_move_forward
[balanced_delivery_supervisor-20] [INFO] [1789488570.694441394] [robot_0.robot_supervisor]: Selected controllable event: EV_move_forward
[balanced_delivery_supervisor-24] [INFO] [1789488570.721654961] [robot_1.robot_supervisor]: Selected controllable event: EV_move_forward
[balanced_delivery_supervisor-22] [INFO] [1789488570.896995704] [robot_2.robot_supervisor]: Triggered uncontrollable event: EV_zone_a_not_visible
[balanced_delivery_supervisor-22] [INFO] [1789488570.900315618] [robot_2.robot_supervisor]: Selected controllable event: EV_approach_zone
[balanced_delivery_supervisor-24] [INFO] [1789488570.929940428] [robot_1.robot_supervisor]: Selected controllable event: EV_move_forward
[balanced_delivery_supervisor-20] [INFO] [1789488570.993198713] [robot_0.robot_supervisor]: Triggered uncontrollable event: EV_zone_b_visible
[balanced_delivery_supervisor-20] [INFO] [1789488570.994219781] [robot_0.robot_supervisor]: Triggered uncontrollable event: EV_zone_a_not_visible
[balanced_delivery_supervisor-20] [INFO] [1789488571.006157576] [robot_0.robot_supervisor]: Selected controllable event: EV_move_forward
[balanced_delivery_supervisor-22] [INFO] [1789488571.182657291] [robot_2.robot_supervisor]: Triggered uncontrollable event: EV_zone_b_visible
[balanced_delivery_supervisor-22] [INFO] [1789488571.193041352] [robot_2.robot_supervisor]: Selected controllable event: EV_move_forward
[balanced_delivery_supervisor-24] [INFO] [1789488571.201096733] [robot_1.robot_supervisor]: Triggered uncontrollable event: EV_zone_a_not_visible
[balanced_delivery_supervisor-24] [INFO] [1789488571.201858608] [robot_1.robot_supervisor]: Triggered uncontrollable event: EV_zone_b_not_visible
[balanced_delivery_supervisor-24] [INFO] [1789488571.208135061] [robot_1.robot_supervisor]: Selected controllable event: EV_search_zone
[balanced_delivery_supervisor-20] [INFO] [1789488571.290409301] [robot_0.robot_supervisor]: Selected controllable event: EV_approach_zone
[balanced_delivery_supervisor-24] [INFO] [1789488571.317012633] [robot_1.robot_supervisor]: Selected controllable event: EV_search_zone
[balanced_delivery_supervisor-22] [INFO] [1789488571.487630107] [robot_2.robot_supervisor]: Selected controllable event: EV_move_forward
[balanced_delivery_supervisor-24] [INFO] [1789488571.501808663] [robot_1.robot_supervisor]: Selected controllable event: EV_search_zone
[balanced_delivery_supervisor-20] [INFO] [1789488571.519526334] [robot_0.robot_supervisor]: Selected controllable event: EV_approach_zone
[balanced_delivery_supervisor-24] [INFO] [1789488571.615954469] [robot_1.robot_supervisor]: Selected controllable event: EV_move_forward
[balanced_delivery_supervisor-22] [INFO] [1789488571.784077108] [robot_2.robot_supervisor]: Triggered uncontrollable event: EV_zone_b_visible
[balanced_delivery_supervisor-22] [INFO] [1789488571.791290264] [robot_2.robot_supervisor]: Triggered uncontrollable event: EV_zone_a_not_visible
[balanced_delivery_supervisor-22] [INFO] [1789488571.796089333] [robot_2.robot_supervisor]: Selected controllable event: EV_move_forward
[balanced_delivery_supervisor-20] [INFO] [1789488571.802735539] [robot_0.robot_supervisor]: Triggered uncontrollable event: EV_zone_b_visible
[balanced_delivery_supervisor-20] [INFO] [1789488571.803424128] [robot_0.robot_supervisor]: Triggered uncontrollable event: EV_zone_a_not_visible
[balanced_delivery_supervisor-20] [INFO] [1789488571.811497067] [robot_0.robot_supervisor]: Selected controllable event: EV_move_forward
[balanced_delivery_supervisor-24] [INFO] [1789488571.923845396] [robot_1.robot_supervisor]: Triggered uncontrollable event: EV_zone_a_not_visible
[balanced_delivery_supervisor-24] [INFO] [1789488571.924561242] [robot_1.robot_supervisor]: Triggered uncontrollable event: EV_zone_b_not_visible
[balanced_delivery_supervisor-24] [INFO] [1789488571.925368341] [robot_1.robot_supervisor]: Selected controllable event: EV_move_forward
[balanced_delivery_supervisor-22] [INFO] [1789488572.085566061] [robot_2.robot_supervisor]: Selected controllable event: EV_approach_zone
[balanced_delivery_supervisor-20] [INFO] [1789488572.102656997] [robot_0.robot_supervisor]: Selected controllable event: EV_approach_zone
[balanced_delivery_supervisor-24] [INFO] [1789488572.199997934] [robot_1.robot_supervisor]: Selected controllable event: EV_move_forward
[balanced_delivery_supervisor-20] [INFO] [1789488572.376052579] [robot_0.robot_supervisor]: Selected controllable event: EV_approach_zone
[balanced_delivery_supervisor-22] [INFO] [1789488572.400159028] [robot_2.robot_supervisor]: Selected controllable event: EV_approach_zone
[balanced_delivery_supervisor-24] [INFO] [1789488572.403062292] [robot_1.robot_supervisor]: Selected controllable event: EV_search_zone
[balanced_delivery_supervisor-24] [INFO] [1789488572.521535958] [robot_1.robot_supervisor]: Selected controllable event: EV_move_forward
[balanced_delivery_supervisor-20] [INFO] [1789488572.596480659] [robot_0.robot_supervisor]: Triggered uncontrollable event: EV_zone_b_visible
[balanced_delivery_supervisor-20] [INFO] [1789488572.601662422] [robot_0.robot_supervisor]: Triggered uncontrollable event: EV_zone_a_not_visible
[balanced_delivery_supervisor-20] [INFO] [1789488572.602758631] [robot_0.robot_supervisor]: Selected controllable event: EV_move_forward
[balanced_delivery_supervisor-22] [INFO] [1789488572.682872928] [robot_2.robot_supervisor]: Triggered uncontrollable event: EV_zone_a_visible
[balanced_delivery_supervisor-22] [INFO] [1789488572.683647039] [robot_2.robot_supervisor]: Triggered uncontrollable event: EV_zone_b_visible
[balanced_delivery_supervisor-22] [INFO] [1789488572.684426386] [robot_2.robot_supervisor]: Selected controllable event: EV_approach_zone
[balanced_delivery_supervisor-24] [INFO] [1789488572.798808996] [robot_1.robot_supervisor]: Triggered uncontrollable event: EV_zone_a_not_visible
[balanced_delivery_supervisor-24] [INFO] [1789488572.799498215] [robot_1.robot_supervisor]: Triggered uncontrollable event: EV_zone_b_not_visible
[balanced_delivery_supervisor-24] [INFO] [1789488572.813780291] [robot_1.robot_supervisor]: Selected controllable event: EV_move_forward
[balanced_delivery_supervisor-20] [INFO] [1789488572.901697686] [robot_0.robot_supervisor]: Selected controllable event: EV_approach_zone
[balanced_delivery_supervisor-22] [INFO] [1789488572.984890562] [robot_2.robot_supervisor]: Selected controllable event: EV_move_forward
[balanced_delivery_supervisor-24] [INFO] [1789488573.016956448] [robot_1.robot_supervisor]: Selected controllable event: EV_move_forward
[balanced_delivery_supervisor-20] [INFO] [1789488573.211357539] [robot_0.robot_supervisor]: Triggered uncontrollable event: EV_zone_a_not_visible
[balanced_delivery_supervisor-20] [INFO] [1789488573.212171119] [robot_0.robot_supervisor]: Selected controllable event: EV_move_forward
[balanced_delivery_supervisor-22] [INFO] [1789488573.272227990] [robot_2.robot_supervisor]: Triggered uncontrollable event: EV_zone_a_visible
[balanced_delivery_supervisor-22] [INFO] [1789488573.273123023] [robot_2.robot_supervisor]: Selected controllable event: EV_approach_zone
[balanced_delivery_supervisor-24] [INFO] [1789488573.305125984] [robot_1.robot_supervisor]: Selected controllable event: EV_search_zone
[balanced_delivery_supervisor-24] [INFO] [1789488573.419700447] [robot_1.robot_supervisor]: Triggered uncontrollable event: EV_zone_a_not_visible
[balanced_delivery_supervisor-24] [INFO] [1789488573.420346580] [robot_1.robot_supervisor]: Triggered uncontrollable event: EV_zone_b_not_visible
[balanced_delivery_supervisor-24] [INFO] [1789488573.435021157] [robot_1.robot_supervisor]: Selected controllable event: EV_search_zone
[balanced_delivery_supervisor-22] [INFO] [1789488573.483712200] [robot_2.robot_supervisor]: Triggered uncontrollable event: EV_zone_b_visible
[balanced_delivery_supervisor-22] [INFO] [1789488573.496769073] [robot_2.robot_supervisor]: Selected controllable event: EV_approach_zone
[balanced_delivery_supervisor-20] [INFO] [1789488573.497646870] [robot_0.robot_supervisor]: Triggered uncontrollable event: EV_zone_b_visible
[balanced_delivery_supervisor-20] [INFO] [1789488573.504028136] [robot_0.robot_supervisor]: Selected controllable event: EV_approach_zone
[balanced_delivery_supervisor-24] [INFO] [1789488573.619454093] [robot_1.robot_supervisor]: Selected controllable event: EV_search_zone
[color_detector-31] [INFO] [1789488573.769090658] [robot_1.target_detector]: RGB HEARTBEAT frames_total=80 recent_rate_hz=1.228 last_frame_age_s=0.513 status=OK
[color_detector-27] [INFO] [1789488573.776266174] [robot_0.target_detector]: RGB HEARTBEAT frames_total=80 recent_rate_hz=1.226 last_frame_age_s=0.636 status=OK
[balanced_delivery_supervisor-20] [INFO] [1789488573.778567601] [robot_0.robot_supervisor]: Selected controllable event: EV_move_forward
[color_detector-29] [INFO] [1789488573.792119748] [robot_2.target_detector]: RGB HEARTBEAT frames_total=80 recent_rate_hz=1.227 last_frame_age_s=0.583 status=OK
[balanced_delivery_supervisor-24] [INFO] [1789488573.793016443] [robot_1.robot_supervisor]: Selected controllable event: EV_search_zone
[balanced_delivery_supervisor-22] [INFO] [1789488573.799637353] [robot_2.robot_supervisor]: Selected controllable event: EV_move_forward
[balanced_delivery_supervisor-24] [INFO] [1789488573.917037132] [robot_1.robot_supervisor]: Selected controllable event: EV_search_zone
[balanced_delivery_supervisor-20] [INFO] [1789488573.998969238] [robot_0.robot_supervisor]: Triggered uncontrollable event: EV_zone_b_visible
[balanced_delivery_supervisor-20] [INFO] [1789488573.999616827] [robot_0.robot_supervisor]: Triggered uncontrollable event: EV_zone_a_not_visible
[balanced_delivery_supervisor-20] [INFO] [1789488574.000425055] [robot_0.robot_supervisor]: Selected controllable event: EV_move_forward
[balanced_delivery_supervisor-22] [INFO] [1789488574.071109407] [robot_2.robot_supervisor]: Triggered uncontrollable event: EV_zone_a_visible
[balanced_delivery_supervisor-22] [INFO] [1789488574.072014629] [robot_2.robot_supervisor]: Selected controllable event: EV_move_forward
[balanced_delivery_supervisor-24] [INFO] [1789488574.095125863] [robot_1.robot_supervisor]: Triggered uncontrollable event: EV_zone_a_not_visible
[balanced_delivery_supervisor-24] [INFO] [1789488574.099048345] [robot_1.robot_supervisor]: Selected controllable event: EV_search_zone
[balanced_delivery_supervisor-22] [INFO] [1789488574.288114980] [robot_2.robot_supervisor]: Triggered uncontrollable event: EV_zone_b_visible
[balanced_delivery_supervisor-20] [INFO] [1789488574.295769036] [robot_0.robot_supervisor]: Selected controllable event: EV_approach_zone
[balanced_delivery_supervisor-22] [INFO] [1789488574.292332679] [robot_2.robot_supervisor]: Selected controllable event: EV_approach_zone
[balanced_delivery_supervisor-24] [INFO] [1789488574.314911885] [robot_1.robot_supervisor]: Triggered uncontrollable event: EV_zone_b_not_visible
[balanced_delivery_supervisor-24] [INFO] [1789488574.322970455] [robot_1.robot_supervisor]: Selected controllable event: EV_move_forward
[balanced_delivery_supervisor-20] [INFO] [1789488574.584176351] [robot_0.robot_supervisor]: Selected controllable event: EV_approach_zone
[balanced_delivery_supervisor-22] [INFO] [1789488574.598547336] [robot_2.robot_supervisor]: Selected controllable event: EV_move_forward
[balanced_delivery_supervisor-24] [INFO] [1789488574.617082487] [robot_1.robot_supervisor]: Selected controllable event: EV_search_zone
[balanced_delivery_supervisor-24] [INFO] [1789488574.797417671] [robot_1.robot_supervisor]: Selected controllable event: EV_search_zone
[balanced_delivery_supervisor-22] [INFO] [1789488574.892803789] [robot_2.robot_supervisor]: Triggered uncontrollable event: EV_obstacle_left
[balanced_delivery_supervisor-22] [INFO] [1789488574.893729636] [robot_2.robot_supervisor]: Selected controllable event: EV_rotate_clockwise
[balanced_delivery_supervisor-24] [INFO] [1789488574.929143075] [robot_1.robot_supervisor]: Selected controllable event: EV_search_zone
[balanced_delivery_supervisor-20] [INFO] [1789488574.933041958] [robot_0.robot_supervisor]: Triggered uncontrollable event: EV_zone_a_not_visible
[balanced_delivery_supervisor-20] [INFO] [1789488574.934041938] [robot_0.robot_supervisor]: Triggered uncontrollable event: EV_zone_b_reached
[balanced_delivery_supervisor-20] [INFO] [1789488574.934928692] [robot_0.robot_supervisor]: Selected controllable event: EV_search_zone
[balanced_delivery_supervisor-22] [INFO] [1789488575.072070025] [robot_2.robot_supervisor]: Triggered uncontrollable event: EV_zone_a_visible
[balanced_delivery_supervisor-22] [INFO] [1789488575.084835516] [robot_2.robot_supervisor]: Triggered uncontrollable event: EV_zone_b_visible
[balanced_delivery_supervisor-22] [INFO] [1789488575.087242504] [robot_2.robot_supervisor]: Triggered uncontrollable event: EV_obstacle_left
[balanced_delivery_supervisor-22] [INFO] [1789488575.088147116] [robot_2.robot_supervisor]: Selected controllable event: EV_u_turn
[balanced_delivery_supervisor-20] [INFO] [1789488575.102529407] [robot_0.robot_supervisor]: Selected controllable event: EV_move_forward
[balanced_delivery_supervisor-22] [INFO] [1789488575.103259404] [robot_2.robot_supervisor]: Starting FULL ROTATE (omega=1.000, have_odom=True, target_rad=3.142, timeout_s=3.500)
[balanced_delivery_supervisor-24] [INFO] [1789488575.115020671] [robot_1.robot_supervisor]: Triggered uncontrollable event: EV_zone_a_not_visible
[balanced_delivery_supervisor-24] [INFO] [1789488575.115678836] [robot_1.robot_supervisor]: Triggered uncontrollable event: EV_zone_b_not_visible
[balanced_delivery_supervisor-24] [INFO] [1789488575.116575519] [robot_1.robot_supervisor]: Selected controllable event: EV_move_forward
[balanced_delivery_supervisor-20] [INFO] [1789488575.388584805] [robot_0.robot_supervisor]: Selected controllable event: EV_move_forward
[balanced_delivery_supervisor-24] [INFO] [1789488575.409355939] [robot_1.robot_supervisor]: Selected controllable event: EV_move_forward
[balanced_delivery_supervisor-20] [INFO] [1789488575.602762834] [robot_0.robot_supervisor]: Triggered uncontrollable event: EV_zone_a_not_visible
[balanced_delivery_supervisor-20] [INFO] [1789488575.615829935] [robot_0.robot_supervisor]: Selected controllable event: EV_move_forward
[balanced_delivery_supervisor-24] [INFO] [1789488575.710683024] [robot_1.robot_supervisor]: Triggered uncontrollable event: EV_zone_a_not_visible
[balanced_delivery_supervisor-24] [INFO] [1789488575.717337921] [robot_1.robot_supervisor]: Selected controllable event: EV_move_forward
[balanced_delivery_supervisor-20] [INFO] [1789488575.898555975] [robot_0.robot_supervisor]: Triggered uncontrollable event: EV_zone_b_reached
[balanced_delivery_supervisor-20] [INFO] [1789488575.910143561] [robot_0.robot_supervisor]: Selected controllable event: EV_move_forward
[balanced_delivery_supervisor-24] [INFO] [1789488576.023219146] [robot_1.robot_supervisor]: Triggered uncontrollable event: EV_zone_b_not_visible
[balanced_delivery_supervisor-24] [INFO] [1789488576.024302983] [robot_1.robot_supervisor]: Selected controllable event: EV_search_zone
[balanced_delivery_supervisor-20] [INFO] [1789488576.203675120] [robot_0.robot_supervisor]: Selected controllable event: EV_search_zone
[balanced_delivery_supervisor-24] [INFO] [1789488576.210736613] [robot_1.robot_supervisor]: Selected controllable event: EV_search_zone
[balanced_delivery_supervisor-20] [INFO] [1789488576.380229317] [robot_0.robot_supervisor]: Selected controllable event: EV_move_forward
[balanced_delivery_supervisor-24] [INFO] [1789488576.431326951] [robot_1.robot_supervisor]: Selected controllable event: EV_search_zone
[balanced_delivery_supervisor-20] [INFO] [1789488576.590813104] [robot_0.robot_supervisor]: Triggered uncontrollable event: EV_zone_a_not_visible
[balanced_delivery_supervisor-24] [INFO] [1789488576.604963369] [robot_1.robot_supervisor]: Selected controllable event: EV_search_zone
[balanced_delivery_supervisor-20] [INFO] [1789488576.605833011] [robot_0.robot_supervisor]: Triggered uncontrollable event: EV_zone_b_reached
[balanced_delivery_supervisor-20] [INFO] [1789488576.606585672] [robot_0.robot_supervisor]: Triggered uncontrollable event: EV_obstacle_front
[balanced_delivery_supervisor-20] [INFO] [1789488576.607486869] [robot_0.robot_supervisor]: Selected controllable event: EV_u_turn
[balanced_delivery_supervisor-20] [INFO] [1789488576.624681360] [robot_0.robot_supervisor]: Starting FULL ROTATE (omega=1.000, have_odom=True, target_rad=3.142, timeout_s=3.500)
[balanced_delivery_supervisor-24] [INFO] [1789488576.822179340] [robot_1.robot_supervisor]: Triggered uncontrollable event: EV_zone_a_not_visible
[balanced_delivery_supervisor-24] [INFO] [1789488576.828653707] [robot_1.robot_supervisor]: Triggered uncontrollable event: EV_zone_b_not_visible
[balanced_delivery_supervisor-24] [INFO] [1789488576.833016741] [robot_1.robot_supervisor]: Selected controllable event: EV_move_forward
[balanced_delivery_supervisor-24] [INFO] [1789488577.099026680] [robot_1.robot_supervisor]: Selected controllable event: EV_move_forward
[balanced_delivery_supervisor-24] [INFO] [1789488577.307444918] [robot_1.robot_supervisor]: Selected controllable event: EV_search_zone
[balanced_delivery_supervisor-24] [INFO] [1789488577.521306653] [robot_1.robot_supervisor]: Triggered uncontrollable event: EV_zone_a_not_visible
[balanced_delivery_supervisor-24] [INFO] [1789488577.522348135] [robot_1.robot_supervisor]: Selected controllable event: EV_search_zone
[balanced_delivery_supervisor-24] [INFO] [1789488577.697177469] [robot_1.robot_supervisor]: Triggered uncontrollable event: EV_zone_b_not_visible
[balanced_delivery_supervisor-24] [INFO] [1789488577.712931822] [robot_1.robot_supervisor]: Selected controllable event: EV_move_forward
[balanced_delivery_supervisor-24] [INFO] [1789488578.008003530] [robot_1.robot_supervisor]: Selected controllable event: EV_move_forward
[balanced_delivery_supervisor-24] [INFO] [1789488578.216340012] [robot_1.robot_supervisor]: Triggered uncontrollable event: EV_obstacle_left
[balanced_delivery_supervisor-24] [INFO] [1789488578.217378768] [robot_1.robot_supervisor]: Selected controllable event: EV_u_turn
[balanced_delivery_supervisor-24] [INFO] [1789488578.235908873] [robot_1.robot_supervisor]: Starting FULL ROTATE (omega=1.000, have_odom=True, target_rad=3.142, timeout_s=3.500)
[balanced_delivery_supervisor-22] [INFO] [1789488578.688168316] [robot_2.robot_supervisor]: FULL ROTATE completed by timeout
[balanced_delivery_supervisor-22] [INFO] [1789488578.989349252] [robot_2.robot_supervisor]: Triggered uncontrollable event: EV_zone_a_visible
[balanced_delivery_supervisor-22] [INFO] [1789488579.001738204] [robot_2.robot_supervisor]: Triggered uncontrollable event: EV_zone_b_visible
[balanced_delivery_supervisor-22] [INFO] [1789488579.002429151] [robot_2.robot_supervisor]: Triggered uncontrollable event: EV_obstacle_right
[balanced_delivery_supervisor-22] [INFO] [1789488579.014785049] [robot_2.robot_supervisor]: Selected controllable event: EV_rotate_counterclockwise
[balanced_delivery_supervisor-22] [WARN] [1789488579.015650702] [robot_2.robot_supervisor]: no translation for 4.4s livelock detected; starting atomic escape (turn_sign=+1)
[balanced_delivery_supervisor-20] [INFO] [1789488580.207437780] [robot_0.robot_supervisor]: FULL ROTATE completed by timeout
[balanced_delivery_supervisor-20] [INFO] [1789488580.494294338] [robot_0.robot_supervisor]: Triggered uncontrollable event: EV_zone_a_not_visible
[balanced_delivery_supervisor-20] [INFO] [1789488580.495005611] [robot_0.robot_supervisor]: Triggered uncontrollable event: EV_zone_b_reached
[balanced_delivery_supervisor-20] [INFO] [1789488580.495884997] [robot_0.robot_supervisor]: Selected controllable event: EV_move_forward
[balanced_delivery_supervisor-20] [INFO] [1789488580.788381086] [robot_0.robot_supervisor]: Triggered uncontrollable event: EV_zone_a_not_visible
[balanced_delivery_supervisor-20] [INFO] [1789488580.807727290] [robot_0.robot_supervisor]: Triggered uncontrollable event: EV_zone_b_reached
[balanced_delivery_supervisor-20] [INFO] [1789488580.808696349] [robot_0.robot_supervisor]: Selected controllable event: EV_move_forward
[balanced_delivery_supervisor-20] [INFO] [1789488581.106601816] [robot_0.robot_supervisor]: Selected controllable event: EV_search_zone
[balanced_delivery_supervisor-20] [INFO] [1789488581.299741253] [robot_0.robot_supervisor]: Selected controllable event: EV_move_forward
[balanced_delivery_supervisor-22] [INFO] [1789488581.475949653] [robot_2.robot_supervisor]: Zone-livelock escape completed
[balanced_delivery_supervisor-20] [INFO] [1789488581.601749183] [robot_0.robot_supervisor]: Triggered uncontrollable event: EV_zone_a_not_visible
[balanced_delivery_supervisor-20] [INFO] [1789488581.607440191] [robot_0.robot_supervisor]: Selected controllable event: EV_search_zone
[balanced_delivery_supervisor-22] [INFO] [1789488581.681892703] [robot_2.robot_supervisor]: Triggered uncontrollable event: EV_zone_a_visible
[balanced_delivery_supervisor-22] [INFO] [1789488581.682688946] [robot_2.robot_supervisor]: Triggered uncontrollable event: EV_zone_b_visible
[balanced_delivery_supervisor-22] [INFO] [1789488581.698753128] [robot_2.robot_supervisor]: Triggered uncontrollable event: EV_zone_a_not_visible
[balanced_delivery_supervisor-22] [INFO] [1789488581.699520802] [robot_2.robot_supervisor]: Triggered uncontrollable event: EV_zone_b_not_visible
[balanced_delivery_supervisor-22] [INFO] [1789488581.700399290] [robot_2.robot_supervisor]: Selected controllable event: EV_search_zone
[balanced_delivery_supervisor-24] [INFO] [1789488581.726581482] [robot_1.robot_supervisor]: FULL ROTATE completed by timeout
[balanced_delivery_supervisor-20] [INFO] [1789488581.789032524] [robot_0.robot_supervisor]: Triggered uncontrollable event: EV_zone_b_reached
[balanced_delivery_supervisor-20] [INFO] [1789488581.811294266] [robot_0.robot_supervisor]: Selected controllable event: EV_search_zone
[balanced_delivery_supervisor-22] [INFO] [1789488581.867877808] [robot_2.robot_supervisor]: Triggered uncontrollable event: EV_zone_b_not_visible
[balanced_delivery_supervisor-22] [INFO] [1789488581.868792058] [robot_2.robot_supervisor]: Selected controllable event: EV_move_forward
[balanced_delivery_supervisor-20] [INFO] [1789488581.986351667] [robot_0.robot_supervisor]: Selected controllable event: EV_search_zone
[balanced_delivery_supervisor-24] [INFO] [1789488581.998922790] [robot_1.robot_supervisor]: Triggered uncontrollable event: EV_zone_a_not_visible
[balanced_delivery_supervisor-24] [INFO] [1789488581.999682167] [robot_1.robot_supervisor]: Triggered uncontrollable event: EV_obstacle_right
[balanced_delivery_supervisor-24] [INFO] [1789488582.011646537] [robot_1.robot_supervisor]: Triggered uncontrollable event: EV_zone_b_not_visible
[balanced_delivery_supervisor-24] [INFO] [1789488582.012643999] [robot_1.robot_supervisor]: Selected controllable event: EV_u_turn
[balanced_delivery_supervisor-20] [INFO] [1789488582.104362027] [robot_0.robot_supervisor]: Selected controllable event: EV_move_forward
[balanced_delivery_supervisor-24] [INFO] [1789488582.110107793] [robot_1.robot_supervisor]: Triggered uncontrollable event: EV_obstacle_right
[balanced_delivery_supervisor-24] [INFO] [1789488582.111070819] [robot_1.robot_supervisor]: Selected controllable event: EV_rotate_counterclockwise
[balanced_delivery_supervisor-24] [WARN] [1789488582.125528707] [robot_1.robot_supervisor]: no translation for 4.4s livelock detected; starting atomic escape (turn_sign=+1)
[balanced_delivery_supervisor-22] [INFO] [1789488582.175694261] [robot_2.robot_supervisor]: Selected controllable event: EV_search_zone
[balanced_delivery_supervisor-22] [INFO] [1789488582.281014003] [robot_2.robot_supervisor]: Selected controllable event: EV_move_forward
[color_detector-31] [INFO] [1789488582.310814414] [robot_1.target_detector]: RGB HEARTBEAT frames_total=90 recent_rate_hz=1.173 last_frame_age_s=0.646 status=OK
[color_detector-29] [INFO] [1789488582.323739463] [robot_2.target_detector]: RGB HEARTBEAT frames_total=90 recent_rate_hz=1.170 last_frame_age_s=0.758 status=OK
[color_detector-27] [INFO] [1789488582.350882876] [robot_0.target_detector]: RGB HEARTBEAT frames_total=90 recent_rate_hz=1.169 last_frame_age_s=0.856 status=OK
[balanced_delivery_supervisor-20] [INFO] [1789488582.410532761] [robot_0.robot_supervisor]: Selected controllable event: EV_search_zone
[balanced_delivery_supervisor-22] [INFO] [1789488582.579321241] [robot_2.robot_supervisor]: Triggered uncontrollable event: EV_zone_a_not_visible
[balanced_delivery_supervisor-20] [INFO] [1789488582.585453504] [robot_0.robot_supervisor]: Triggered uncontrollable event: EV_zone_a_not_visible
[balanced_delivery_supervisor-20] [INFO] [1789488582.589498319] [robot_0.robot_supervisor]: Triggered uncontrollable event: EV_zone_b_reached
[balanced_delivery_supervisor-20] [INFO] [1789488582.591304079] [robot_0.robot_supervisor]: Selected controllable event: EV_search_zone
[balanced_delivery_supervisor-22] [INFO] [1789488582.593582384] [robot_2.robot_supervisor]: Selected controllable event: EV_search_zone
[balanced_delivery_supervisor-22] [INFO] [1789488582.695805469] [robot_2.robot_supervisor]: Triggered uncontrollable event: EV_zone_b_not_visible
[balanced_delivery_supervisor-22] [INFO] [1789488582.714001415] [robot_2.robot_supervisor]: Selected controllable event: EV_search_zone
[balanced_delivery_supervisor-20] [INFO] [1789488582.793776402] [robot_0.robot_supervisor]: Selected controllable event: EV_move_forward
[balanced_delivery_supervisor-22] [INFO] [1789488582.894556081] [robot_2.robot_supervisor]: Selected controllable event: EV_move_forward
[balanced_delivery_supervisor-20] [INFO] [1789488583.105776840] [robot_0.robot_supervisor]: Selected controllable event: EV_move_forward
[balanced_delivery_supervisor-22] [INFO] [1789488583.181692931] [robot_2.robot_supervisor]: Selected controllable event: EV_search_zone
[balanced_delivery_supervisor-22] [INFO] [1789488583.298609809] [robot_2.robot_supervisor]: Selected controllable event: EV_move_forward
[balanced_delivery_supervisor-20] [INFO] [1789488583.414576687] [robot_0.robot_supervisor]: Selected controllable event: EV_move_forward
[balanced_delivery_supervisor-22] [INFO] [1789488583.570779882] [robot_2.robot_supervisor]: Triggered uncontrollable event: EV_zone_a_not_visible
[balanced_delivery_supervisor-22] [INFO] [1789488583.591084937] [robot_2.robot_supervisor]: Selected controllable event: EV_move_forward
[balanced_delivery_supervisor-20] [INFO] [1789488583.689646845] [robot_0.robot_supervisor]: Triggered uncontrollable event: EV_zone_a_not_visible
[balanced_delivery_supervisor-20] [INFO] [1789488583.691468510] [robot_0.robot_supervisor]: Triggered uncontrollable event: EV_zone_b_reached
[balanced_delivery_supervisor-20] [INFO] [1789488583.704313012] [robot_0.robot_supervisor]: Selected controllable event: EV_search_zone
[balanced_delivery_supervisor-22] [INFO] [1789488583.868786900] [robot_2.robot_supervisor]: Triggered uncontrollable event: EV_zone_b_not_visible
[balanced_delivery_supervisor-22] [INFO] [1789488583.869784685] [robot_2.robot_supervisor]: Selected controllable event: EV_move_forward
[balanced_delivery_supervisor-20] [INFO] [1789488583.901774686] [robot_0.robot_supervisor]: Selected controllable event: EV_search_zone
[balanced_delivery_supervisor-20] [INFO] [1789488584.104761308] [robot_0.robot_supervisor]: Selected controllable event: EV_move_forward
[balanced_delivery_supervisor-22] [INFO] [1789488584.173740418] [robot_2.robot_supervisor]: Selected controllable event: EV_search_zone
[balanced_delivery_supervisor-22] [INFO] [1789488584.304788620] [robot_2.robot_supervisor]: Selected controllable event: EV_move_forward
[balanced_delivery_supervisor-20] [INFO] [1789488584.403348897] [robot_0.robot_supervisor]: Triggered uncontrollable event: EV_zone_a_not_visible
[balanced_delivery_supervisor-20] [INFO] [1789488584.409793997] [robot_0.robot_supervisor]: Triggered uncontrollable event: EV_zone_b_reached
[balanced_delivery_supervisor-20] [INFO] [1789488584.418256836] [robot_0.robot_supervisor]: Selected controllable event: EV_move_forward
[balanced_delivery_supervisor-22] [INFO] [1789488584.576505088] [robot_2.robot_supervisor]: Triggered uncontrollable event: EV_zone_a_not_visible
[balanced_delivery_supervisor-22] [INFO] [1789488584.577284691] [robot_2.robot_supervisor]: Triggered uncontrollable event: EV_zone_b_not_visible
[balanced_delivery_supervisor-22] [INFO] [1789488584.578201030] [robot_2.robot_supervisor]: Selected controllable event: EV_search_zone
[balanced_delivery_supervisor-24] [INFO] [1789488584.602515756] [robot_1.robot_supervisor]: Zone-livelock escape completed
[balanced_delivery_supervisor-20] [INFO] [1789488584.698870367] [robot_0.robot_supervisor]: Selected controllable event: EV_search_zone
[balanced_delivery_supervisor-22] [INFO] [1789488584.780499569] [robot_2.robot_supervisor]: Selected controllable event: EV_search_zone
[balanced_delivery_supervisor-24] [INFO] [1789488584.813270110] [robot_1.robot_supervisor]: Triggered uncontrollable event: EV_zone_a_not_visible
[balanced_delivery_supervisor-24] [INFO] [1789488584.814092048] [robot_1.robot_supervisor]: Triggered uncontrollable event: EV_zone_b_not_visible
[balanced_delivery_supervisor-24] [INFO] [1789488584.830627040] [robot_1.robot_supervisor]: Selected controllable event: EV_move_forward
[balanced_delivery_supervisor-20] [INFO] [1789488584.885473423] [robot_0.robot_supervisor]: Selected controllable event: EV_move_forward
[balanced_delivery_supervisor-22] [INFO] [1789488585.000320090] [robot_2.robot_supervisor]: Selected controllable event: EV_search_zone
[balanced_delivery_supervisor-20] [INFO] [1789488585.135550801] [robot_0.robot_supervisor]: Selected controllable event: EV_move_forward
[balanced_delivery_supervisor-24] [INFO] [1789488585.145222949] [robot_1.robot_supervisor]: Selected controllable event: EV_search_zone
[balanced_delivery_supervisor-22] [INFO] [1789488585.183819542] [robot_2.robot_supervisor]: Selected controllable event: EV_search_zone
[balanced_delivery_supervisor-22] [INFO] [1789488585.292172864] [robot_2.robot_supervisor]: Triggered uncontrollable event: EV_zone_a_not_visible
[balanced_delivery_supervisor-22] [INFO] [1789488585.292869018] [robot_2.robot_supervisor]: Triggered uncontrollable event: EV_zone_b_not_visible
[balanced_delivery_supervisor-22] [INFO] [1789488585.293675422] [robot_2.robot_supervisor]: Selected controllable event: EV_search_zone
[balanced_delivery_supervisor-24] [INFO] [1789488585.307245987] [robot_1.robot_supervisor]: Triggered uncontrollable event: EV_zone_a_not_visible
[balanced_delivery_supervisor-24] [INFO] [1789488585.308230842] [robot_1.robot_supervisor]: Selected controllable event: EV_move_forward
[balanced_delivery_supervisor-20] [INFO] [1789488585.393211782] [robot_0.robot_supervisor]: Triggered uncontrollable event: EV_zone_a_not_visible
[balanced_delivery_supervisor-20] [INFO] [1789488585.403191109] [robot_0.robot_supervisor]: Triggered uncontrollable event: EV_zone_b_reached
[balanced_delivery_supervisor-20] [INFO] [1789488585.404348384] [robot_0.robot_supervisor]: Selected controllable event: EV_search_zone
[balanced_delivery_supervisor-22] [INFO] [1789488585.468427096] [robot_2.robot_supervisor]: Selected controllable event: EV_search_zone
[balanced_delivery_supervisor-22] [INFO] [1789488585.581832584] [robot_2.robot_supervisor]: Selected controllable event: EV_move_forward
[balanced_delivery_supervisor-20] [INFO] [1789488585.603402386] [robot_0.robot_supervisor]: Selected controllable event: EV_move_forward
[balanced_delivery_supervisor-24] [INFO] [1789488585.604694341] [robot_1.robot_supervisor]: Triggered uncontrollable event: EV_zone_b_not_visible
[balanced_delivery_supervisor-24] [INFO] [1789488585.612763356] [robot_1.robot_supervisor]: Selected controllable event: EV_search_zone
[balanced_delivery_supervisor-24] [INFO] [1789488585.797293673] [robot_1.robot_supervisor]: Selected controllable event: EV_move_forward
[balanced_delivery_supervisor-20] [INFO] [1789488585.806041037] [robot_0.robot_supervisor]: Selected controllable event: EV_move_forward
[balanced_delivery_supervisor-22] [INFO] [1789488585.877913736] [robot_2.robot_supervisor]: Selected controllable event: EV_move_forward
[balanced_delivery_supervisor-22] [INFO] [1789488586.086922161] [robot_2.robot_supervisor]: Triggered uncontrollable event: EV_zone_a_not_visible
[balanced_delivery_supervisor-20] [INFO] [1789488586.092035818] [robot_0.robot_supervisor]: Triggered uncontrollable event: EV_zone_a_not_visible
[balanced_delivery_supervisor-20] [INFO] [1789488586.092809707] [robot_0.robot_supervisor]: Triggered uncontrollable event: EV_zone_b_not_visible
[balanced_delivery_supervisor-20] [INFO] [1789488586.093674707] [robot_0.robot_supervisor]: Selected controllable event: EV_move_forward
[balanced_delivery_supervisor-22] [INFO] [1789488586.102878878] [robot_2.robot_supervisor]: Selected controllable event: EV_search_zone
[balanced_delivery_supervisor-24] [INFO] [1789488586.110452126] [robot_1.robot_supervisor]: Selected controllable event: EV_search_zone
[balanced_delivery_supervisor-24] [INFO] [1789488586.284461908] [robot_1.robot_supervisor]: Triggered uncontrollable event: EV_zone_a_not_visible
[balanced_delivery_supervisor-22] [INFO] [1789488586.285711433] [robot_2.robot_supervisor]: Triggered uncontrollable event: EV_zone_b_not_visible
[balanced_delivery_supervisor-22] [INFO] [1789488586.299269234] [robot_2.robot_supervisor]: Selected controllable event: EV_search_zone
[balanced_delivery_supervisor-24] [INFO] [1789488586.300426616] [robot_1.robot_supervisor]: Triggered uncontrollable event: EV_zone_b_not_visible
[balanced_delivery_supervisor-24] [INFO] [1789488586.301137485] [robot_1.robot_supervisor]: Selected controllable event: EV_search_zone
[balanced_delivery_supervisor-20] [INFO] [1789488586.303752215] [robot_0.robot_supervisor]: Selected controllable event: EV_search_zone
[balanced_delivery_supervisor-22] [INFO] [1789488586.480662394] [robot_2.robot_supervisor]: Selected controllable event: EV_move_forward
[balanced_delivery_supervisor-20] [INFO] [1789488586.504739397] [robot_0.robot_supervisor]: Selected controllable event: EV_move_forward
[balanced_delivery_supervisor-24] [INFO] [1789488586.520630116] [robot_1.robot_supervisor]: Selected controllable event: EV_search_zone
[balanced_delivery_supervisor-22] [INFO] [1789488586.686694141] [robot_2.robot_supervisor]: Selected controllable event: EV_move_forward
[balanced_delivery_supervisor-24] [INFO] [1789488586.713937986] [robot_1.robot_supervisor]: Selected controllable event: EV_move_forward
[balanced_delivery_supervisor-20] [INFO] [1789488586.809439246] [robot_0.robot_supervisor]: Selected controllable event: EV_search_zone
[balanced_delivery_supervisor-24] [INFO] [1789488586.988121799] [robot_1.robot_supervisor]: Selected controllable event: EV_move_forward
[balanced_delivery_supervisor-22] [INFO] [1789488586.996405925] [robot_2.robot_supervisor]: Triggered uncontrollable event: EV_zone_a_not_visible
[balanced_delivery_supervisor-22] [INFO] [1789488586.997134983] [robot_2.robot_supervisor]: Triggered uncontrollable event: EV_zone_b_not_visible
[balanced_delivery_supervisor-22] [INFO] [1789488586.998034545] [robot_2.robot_supervisor]: Selected controllable event: EV_search_zone
[balanced_delivery_supervisor-20] [INFO] [1789488586.998768496] [robot_0.robot_supervisor]: Triggered uncontrollable event: EV_zone_a_not_visible
[balanced_delivery_supervisor-20] [INFO] [1789488587.002613129] [robot_0.robot_supervisor]: Triggered uncontrollable event: EV_zone_b_not_visible
[balanced_delivery_supervisor-20] [INFO] [1789488587.003567568] [robot_0.robot_supervisor]: Selected controllable event: EV_move_forward
[balanced_delivery_supervisor-22] [INFO] [1789488587.167267981] [robot_2.robot_supervisor]: Selected controllable event: EV_search_zone
[balanced_delivery_supervisor-24] [INFO] [1789488587.196451819] [robot_1.robot_supervisor]: Triggered uncontrollable event: EV_zone_a_not_visible
[balanced_delivery_supervisor-24] [INFO] [1789488587.197129378] [robot_1.robot_supervisor]: Triggered uncontrollable event: EV_zone_b_not_visible
[balanced_delivery_supervisor-24] [INFO] [1789488587.198133872] [robot_1.robot_supervisor]: Selected controllable event: EV_search_zone
[balanced_delivery_supervisor-22] [INFO] [1789488587.287114224] [robot_2.robot_supervisor]: Selected controllable event: EV_move_forward
[balanced_delivery_supervisor-20] [INFO] [1789488587.291650812] [robot_0.robot_supervisor]: Selected controllable event: EV_search_zone
[balanced_delivery_supervisor-24] [INFO] [1789488587.303928487] [robot_1.robot_supervisor]: Selected controllable event: EV_move_forward
[balanced_delivery_supervisor-20] [INFO] [1789488587.399131554] [robot_0.robot_supervisor]: Selected controllable event: EV_move_forward
[balanced_delivery_supervisor-24] [INFO] [1789488587.525162429] [robot_1.robot_supervisor]: Selected controllable event: EV_move_forward
[balanced_delivery_supervisor-22] [INFO] [1789488587.619892787] [robot_2.robot_supervisor]: Selected controllable event: EV_move_forward
[balanced_delivery_supervisor-20] [INFO] [1789488587.705339252] [robot_0.robot_supervisor]: Selected controllable event: EV_search_zone
[balanced_delivery_supervisor-24] [INFO] [1789488587.797800285] [robot_1.robot_supervisor]: Selected controllable event: EV_search_zone
[balanced_delivery_supervisor-22] [INFO] [1789488587.877089342] [robot_2.robot_supervisor]: Triggered uncontrollable event: EV_zone_a_not_visible
[balanced_delivery_supervisor-22] [INFO] [1789488587.877966230] [robot_2.robot_supervisor]: Triggered uncontrollable event: EV_zone_b_not_visible
[balanced_delivery_supervisor-20] [INFO] [1789488587.881406702] [robot_0.robot_supervisor]: Triggered uncontrollable event: EV_zone_a_not_visible
[balanced_delivery_supervisor-20] [INFO] [1789488587.882204346] [robot_0.robot_supervisor]: Triggered uncontrollable event: EV_zone_b_not_visible
[balanced_delivery_supervisor-20] [INFO] [1789488587.897147992] [robot_0.robot_supervisor]: Selected controllable event: EV_search_zone
[balanced_delivery_supervisor-22] [INFO] [1789488587.900645401] [robot_2.robot_supervisor]: Selected controllable event: EV_move_forward
[balanced_delivery_supervisor-24] [INFO] [1789488588.001498365] [robot_1.robot_supervisor]: Triggered uncontrollable event: EV_zone_a_not_visible
[balanced_delivery_supervisor-24] [INFO] [1789488588.002255156] [robot_1.robot_supervisor]: Triggered uncontrollable event: EV_zone_b_not_visible
[balanced_delivery_supervisor-24] [INFO] [1789488588.019474930] [robot_1.robot_supervisor]: Selected controllable event: EV_move_forward
[balanced_delivery_supervisor-20] [INFO] [1789488588.099096462] [robot_0.robot_supervisor]: Selected controllable event: EV_search_zone
[balanced_delivery_supervisor-22] [INFO] [1789488588.176513689] [robot_2.robot_supervisor]: Selected controllable event: EV_search_zone
[balanced_delivery_supervisor-24] [INFO] [1789488588.305204823] [robot_1.robot_supervisor]: Selected controllable event: EV_search_zone
[balanced_delivery_supervisor-20] [INFO] [1789488588.312806877] [robot_0.robot_supervisor]: Selected controllable event: EV_move_forward
[balanced_delivery_supervisor-22] [INFO] [1789488588.380898220] [robot_2.robot_supervisor]: Selected controllable event: EV_move_forward
[balanced_delivery_supervisor-24] [INFO] [1789488588.500188206] [robot_1.robot_supervisor]: Selected controllable event: EV_search_zone
[balanced_delivery_supervisor-20] [INFO] [1789488588.518906240] [robot_0.robot_supervisor]: Selected controllable event: EV_move_forward
[balanced_delivery_supervisor-22] [INFO] [1789488588.674121574] [robot_2.robot_supervisor]: Triggered uncontrollable event: EV_zone_a_not_visible
[balanced_delivery_supervisor-22] [INFO] [1789488588.685685687] [robot_2.robot_supervisor]: Selected controllable event: EV_move_forward
[balanced_delivery_supervisor-24] [INFO] [1789488588.698129513] [robot_1.robot_supervisor]: Triggered uncontrollable event: EV_zone_a_not_visible
[balanced_delivery_supervisor-24] [INFO] [1789488588.699009471] [robot_1.robot_supervisor]: Selected controllable event: EV_search_zone
[balanced_delivery_supervisor-20] [INFO] [1789488588.792831398] [robot_0.robot_supervisor]: Triggered uncontrollable event: EV_zone_a_not_visible
[balanced_delivery_supervisor-20] [INFO] [1789488588.811738386] [robot_0.robot_supervisor]: Triggered uncontrollable event: EV_zone_b_not_visible
[balanced_delivery_supervisor-20] [INFO] [1789488588.812580401] [robot_0.robot_supervisor]: Selected controllable event: EV_search_zone
[balanced_delivery_supervisor-24] [INFO] [1789488588.811669008] [robot_1.robot_supervisor]: Triggered uncontrollable event: EV_zone_b_not_visible
[balanced_delivery_supervisor-24] [INFO] [1789488588.813392932] [robot_1.robot_supervisor]: Selected controllable event: EV_search_zone
[balanced_delivery_supervisor-20] [INFO] [1789488588.977955681] [robot_0.robot_supervisor]: Selected controllable event: EV_move_forward
[balanced_delivery_supervisor-22] [INFO] [1789488588.989869029] [robot_2.robot_supervisor]: Triggered uncontrollable event: EV_zone_b_not_visible
[balanced_delivery_supervisor-22] [INFO] [1789488588.990699772] [robot_2.robot_supervisor]: Selected controllable event: EV_move_forward
[balanced_delivery_supervisor-24] [INFO] [1789488589.002003168] [robot_1.robot_supervisor]: Selected controllable event: EV_move_forward
[balanced_delivery_supervisor-20] [INFO] [1789488589.203119875] [robot_0.robot_supervisor]: Selected controllable event: EV_move_forward
[balanced_delivery_supervisor-24] [INFO] [1789488589.218984502] [robot_1.robot_supervisor]: Selected controllable event: EV_search_zone
[balanced_delivery_supervisor-22] [INFO] [1789488589.279816742] [robot_2.robot_supervisor]: Selected controllable event: EV_search_zone
[balanced_delivery_supervisor-24] [INFO] [1789488589.414464977] [robot_1.robot_supervisor]: Selected controllable event: EV_move_forward
[balanced_delivery_supervisor-20] [INFO] [1789488589.419306295] [robot_0.robot_supervisor]: Triggered uncontrollable event: EV_zone_a_visible
[balanced_delivery_supervisor-20] [INFO] [1789488589.420331943] [robot_0.robot_supervisor]: Selected controllable event: EV_move_forward
[balanced_delivery_supervisor-22] [INFO] [1789488589.479949247] [robot_2.robot_supervisor]: Triggered uncontrollable event: EV_zone_a_not_visible
[balanced_delivery_supervisor-22] [INFO] [1789488589.494832883] [robot_2.robot_supervisor]: Selected controllable event: EV_search_zone
[balanced_delivery_supervisor-22] [INFO] [1789488589.664664511] [robot_2.robot_supervisor]: Triggered uncontrollable event: EV_zone_b_not_visible
[balanced_delivery_supervisor-22] [INFO] [1789488589.665638120] [robot_2.robot_supervisor]: Selected controllable event: EV_search_zone
[balanced_delivery_supervisor-20] [INFO] [1789488589.711249170] [robot_0.robot_supervisor]: Triggered uncontrollable event: EV_zone_b_not_visible
[balanced_delivery_supervisor-20] [INFO] [1789488589.712164994] [robot_0.robot_supervisor]: Selected controllable event: EV_move_forward
[balanced_delivery_supervisor-24] [INFO] [1789488589.711332667] [robot_1.robot_supervisor]: Triggered uncontrollable event: EV_zone_a_not_visible
[balanced_delivery_supervisor-24] [INFO] [1789488589.719825620] [robot_1.robot_supervisor]: Triggered uncontrollable event: EV_zone_b_not_visible
[balanced_delivery_supervisor-24] [INFO] [1789488589.722881436] [robot_1.robot_supervisor]: Selected controllable event: EV_search_zone
[balanced_delivery_supervisor-22] [INFO] [1789488589.770270451] [robot_2.robot_supervisor]: Selected controllable event: EV_search_zone
[balanced_delivery_supervisor-22] [INFO] [1789488589.887449371] [robot_2.robot_supervisor]: Selected controllable event: EV_search_zone
[balanced_delivery_supervisor-24] [INFO] [1789488589.896797586] [robot_1.robot_supervisor]: Selected controllable event: EV_search_zone
[balanced_delivery_supervisor-22] [INFO] [1789488589.994671468] [robot_2.robot_supervisor]: Selected controllable event: EV_search_zone
[balanced_delivery_supervisor-20] [INFO] [1789488589.996354156] [robot_0.robot_supervisor]: Selected controllable event: EV_approach_zone
[balanced_delivery_supervisor-24] [INFO] [1789488590.027391395] [robot_1.robot_supervisor]: Selected controllable event: EV_move_forward
[balanced_delivery_supervisor-22] [INFO] [1789488590.098127918] [robot_2.robot_supervisor]: Selected controllable event: EV_search_zone
[balanced_delivery_supervisor-22] [INFO] [1789488590.289542010] [robot_2.robot_supervisor]: Selected controllable event: EV_move_forward
[balanced_delivery_supervisor-24] [INFO] [1789488590.297741269] [robot_1.robot_supervisor]: Selected controllable event: EV_move_forward
[balanced_delivery_supervisor-20] [INFO] [1789488590.305375066] [robot_0.robot_supervisor]: Selected controllable event: EV_move_forward
[balanced_delivery_supervisor-22] [INFO] [1789488590.497343971] [robot_2.robot_supervisor]: Triggered uncontrollable event: EV_zone_a_not_visible
[balanced_delivery_supervisor-22] [INFO] [1789488590.517996785] [robot_2.robot_supervisor]: Selected controllable event: EV_search_zone
[balanced_delivery_supervisor-24] [INFO] [1789488590.591501213] [robot_1.robot_supervisor]: Triggered uncontrollable event: EV_zone_a_not_visible
[balanced_delivery_supervisor-24] [INFO] [1789488590.597394191] [robot_1.robot_supervisor]: Triggered uncontrollable event: EV_zone_b_not_visible
[balanced_delivery_supervisor-20] [INFO] [1789488590.607938986] [robot_0.robot_supervisor]: Triggered uncontrollable event: EV_zone_a_visible
[balanced_delivery_supervisor-20] [INFO] [1789488590.608684602] [robot_0.robot_supervisor]: Triggered uncontrollable event: EV_zone_b_not_visible
[balanced_delivery_supervisor-24] [INFO] [1789488590.610654378] [robot_1.robot_supervisor]: Selected controllable event: EV_search_zone
[balanced_delivery_supervisor-20] [INFO] [1789488590.625756646] [robot_0.robot_supervisor]: Selected controllable event: EV_approach_zone
[balanced_delivery_supervisor-22] [INFO] [1789488590.678235654] [robot_2.robot_supervisor]: Triggered uncontrollable event: EV_zone_b_not_visible
[balanced_delivery_supervisor-22] [INFO] [1789488590.691264344] [robot_2.robot_supervisor]: Selected controllable event: EV_move_forward
[balanced_delivery_supervisor-24] [INFO] [1789488590.815638659] [robot_1.robot_supervisor]: Selected controllable event: EV_search_zone
[balanced_delivery_supervisor-20] [INFO] [1789488590.901502743] [robot_0.robot_supervisor]: Selected controllable event: EV_move_forward
[balanced_delivery_supervisor-22] [INFO] [1789488590.994975710] [robot_2.robot_supervisor]: Selected controllable event: EV_search_zone
[balanced_delivery_supervisor-24] [INFO] [1789488591.009357159] [robot_1.robot_supervisor]: Selected controllable event: EV_search_zone
[color_detector-27] [INFO] [1789488591.130704314] [robot_0.target_detector]: RGB HEARTBEAT frames_total=100 recent_rate_hz=1.137 last_frame_age_s=0.787 status=OK
[color_detector-29] [INFO] [1789488591.163513337] [robot_2.target_detector]: RGB HEARTBEAT frames_total=100 recent_rate_hz=1.131 last_frame_age_s=0.726 status=OK
[color_detector-31] [INFO] [1789488591.168459222] [robot_1.target_detector]: RGB HEARTBEAT frames_total=100 recent_rate_hz=1.128 last_frame_age_s=0.717 status=OK
[balanced_delivery_supervisor-20] [INFO] [1789488591.192101713] [robot_0.robot_supervisor]: Selected controllable event: EV_approach_zone
[balanced_delivery_supervisor-22] [INFO] [1789488591.209034022] [robot_2.robot_supervisor]: Selected controllable event: EV_search_zone
[balanced_delivery_supervisor-24] [INFO] [1789488591.223283858] [robot_1.robot_supervisor]: Selected controllable event: EV_search_zone
[balanced_delivery_supervisor-22] [INFO] [1789488591.388498730] [robot_2.robot_supervisor]: Triggered uncontrollable event: EV_zone_a_not_visible
[balanced_delivery_supervisor-22] [INFO] [1789488591.397055781] [robot_2.robot_supervisor]: Selected controllable event: EV_move_forward
[balanced_delivery_supervisor-24] [INFO] [1789488591.401078050] [robot_1.robot_supervisor]: Triggered uncontrollable event: EV_zone_a_not_visible
[balanced_delivery_supervisor-24] [INFO] [1789488591.409597367] [robot_1.robot_supervisor]: Selected controllable event: EV_move_forward
[balanced_delivery_supervisor-20] [INFO] [1789488591.497233575] [robot_0.robot_supervisor]: Triggered uncontrollable event: EV_zone_a_visible
[balanced_delivery_supervisor-20] [INFO] [1789488591.507729964] [robot_0.robot_supervisor]: Triggered uncontrollable event: EV_zone_b_not_visible
[balanced_delivery_supervisor-20] [INFO] [1789488591.516861825] [robot_0.robot_supervisor]: Selected controllable event: EV_move_forward
[balanced_delivery_supervisor-22] [INFO] [1789488591.667846409] [robot_2.robot_supervisor]: Triggered uncontrollable event: EV_zone_b_not_visible
[balanced_delivery_supervisor-22] [INFO] [1789488591.668718362] [robot_2.robot_supervisor]: Selected controllable event: EV_move_forward
[balanced_delivery_supervisor-24] [INFO] [1789488591.715761578] [robot_1.robot_supervisor]: Triggered uncontrollable event: EV_zone_b_not_visible
[balanced_delivery_supervisor-24] [INFO] [1789488591.724273679] [robot_1.robot_supervisor]: Selected controllable event: EV_move_forward
[balanced_delivery_supervisor-20] [INFO] [1789488591.786642739] [robot_0.robot_supervisor]: Selected controllable event: EV_approach_zone
[balanced_delivery_supervisor-22] [INFO] [1789488591.894065608] [robot_2.robot_supervisor]: Selected controllable event: EV_move_forward
[balanced_delivery_supervisor-20] [INFO] [1789488591.992832082] [robot_0.robot_supervisor]: Selected controllable event: EV_move_forward
[balanced_delivery_supervisor-24] [INFO] [1789488592.031904656] [robot_1.robot_supervisor]: Selected controllable event: EV_search_zone
[balanced_delivery_supervisor-24] [INFO] [1789488592.200145123] [robot_1.robot_supervisor]: Selected controllable event: EV_search_zone
[balanced_delivery_supervisor-20] [INFO] [1789488592.211361099] [robot_0.robot_supervisor]: Selected controllable event: EV_approach_zone
[balanced_delivery_supervisor-22] [INFO] [1789488592.215421820] [robot_2.robot_supervisor]: Selected controllable event: EV_move_forward
[balanced_delivery_supervisor-24] [INFO] [1789488592.304527194] [robot_1.robot_supervisor]: Selected controllable event: EV_move_forward
[balanced_delivery_supervisor-22] [INFO] [1789488592.502265720] [robot_2.robot_supervisor]: Triggered uncontrollable event: EV_zone_a_not_visible
[balanced_delivery_supervisor-22] [INFO] [1789488592.503055847] [robot_2.robot_supervisor]: Triggered uncontrollable event: EV_zone_b_not_visible
[balanced_delivery_supervisor-20] [INFO] [1789488592.505954263] [robot_0.robot_supervisor]: Triggered uncontrollable event: EV_zone_a_visible
[balanced_delivery_supervisor-20] [INFO] [1789488592.506764940] [robot_0.robot_supervisor]: Triggered uncontrollable event: EV_zone_b_not_visible
[balanced_delivery_supervisor-20] [INFO] [1789488592.507632673] [robot_0.robot_supervisor]: Selected controllable event: EV_move_forward
[balanced_delivery_supervisor-24] [INFO] [1789488592.519069734] [robot_1.robot_supervisor]: Triggered uncontrollable event: EV_zone_a_not_visible
[balanced_delivery_supervisor-22] [INFO] [1789488592.522545793] [robot_2.robot_supervisor]: Selected controllable event: EV_search_zone
[balanced_delivery_supervisor-24] [INFO] [1789488592.526128729] [robot_1.robot_supervisor]: Triggered uncontrollable event: EV_zone_b_not_visible
[balanced_delivery_supervisor-24] [INFO] [1789488592.529148894] [robot_1.robot_supervisor]: Selected controllable event: EV_search_zone
[balanced_delivery_supervisor-22] [INFO] [1789488592.672103261] [robot_2.robot_supervisor]: Selected controllable event: EV_move_forward
[balanced_delivery_supervisor-24] [INFO] [1789488592.709298708] [robot_1.robot_supervisor]: Selected controllable event: EV_move_forward
[balanced_delivery_supervisor-20] [INFO] [1789488592.710387975] [robot_0.robot_supervisor]: Selected controllable event: EV_move_forward
[balanced_delivery_supervisor-22] [INFO] [1789488592.885508547] [robot_2.robot_supervisor]: Selected controllable event: EV_search_zone
[balanced_delivery_supervisor-24] [INFO] [1789488592.923457295] [robot_1.robot_supervisor]: Selected controllable event: EV_move_forward
[balanced_delivery_supervisor-20] [INFO] [1789488593.000282235] [robot_0.robot_supervisor]: Selected controllable event: EV_approach_zone
[balanced_delivery_supervisor-22] [INFO] [1789488593.109188115] [robot_2.robot_supervisor]: Selected controllable event: EV_move_forward
[balanced_delivery_supervisor-20] [INFO] [1789488593.214985785] [robot_0.robot_supervisor]: Selected controllable event: EV_approach_zone
[balanced_delivery_supervisor-24] [INFO] [1789488593.218511199] [robot_1.robot_supervisor]: Selected controllable event: EV_search_zone
[balanced_delivery_supervisor-22] [INFO] [1789488593.399767833] [robot_2.robot_supervisor]: Triggered uncontrollable event: EV_zone_a_not_visible
[balanced_delivery_supervisor-22] [INFO] [1789488593.400592744] [robot_2.robot_supervisor]: Triggered uncontrollable event: EV_zone_b_not_visible
[balanced_delivery_supervisor-24] [INFO] [1789488593.409506234] [robot_1.robot_supervisor]: Triggered uncontrollable event: EV_zone_a_not_visible
[balanced_delivery_supervisor-24] [INFO] [1789488593.410271728] [robot_1.robot_supervisor]: Triggered uncontrollable event: EV_obstacle_right
[balanced_delivery_supervisor-24] [INFO] [1789488593.418628076] [robot_1.robot_supervisor]: Triggered uncontrollable event: EV_zone_b_not_visible
[balanced_delivery_supervisor-24] [INFO] [1789488593.427031390] [robot_1.robot_supervisor]: Selected controllable event: EV_u_turn
[balanced_delivery_supervisor-22] [INFO] [1789488593.422769756] [robot_2.robot_supervisor]: Selected controllable event: EV_move_forward
[balanced_delivery_supervisor-24] [INFO] [1789488593.437762207] [robot_1.robot_supervisor]: Starting FULL ROTATE (omega=1.000, have_odom=True, target_rad=3.142, timeout_s=3.500)
[balanced_delivery_supervisor-20] [INFO] [1789488593.483237579] [robot_0.robot_supervisor]: Triggered uncontrollable event: EV_zone_a_visible
[balanced_delivery_supervisor-20] [INFO] [1789488593.483979113] [robot_0.robot_supervisor]: Triggered uncontrollable event: EV_zone_b_not_visible
[balanced_delivery_supervisor-20] [INFO] [1789488593.504725312] [robot_0.robot_supervisor]: Selected controllable event: EV_approach_zone
[balanced_delivery_supervisor-22] [INFO] [1789488593.694864717] [robot_2.robot_supervisor]: Selected controllable event: EV_search_zone
[balanced_delivery_supervisor-20] [INFO] [1789488593.775887130] [robot_0.robot_supervisor]: Selected controllable event: EV_approach_zone
[balanced_delivery_supervisor-22] [INFO] [1789488593.886942567] [robot_2.robot_supervisor]: Selected controllable event: EV_move_forward
[balanced_delivery_supervisor-20] [INFO] [1789488593.979836825] [robot_0.robot_supervisor]: Selected controllable event: EV_move_forward
[balanced_delivery_supervisor-22] [INFO] [1789488594.193792034] [robot_2.robot_supervisor]: Selected controllable event: EV_search_zone
[balanced_delivery_supervisor-20] [INFO] [1789488594.273537368] [robot_0.robot_supervisor]: Triggered uncontrollable event: EV_zone_a_visible
[balanced_delivery_supervisor-20] [INFO] [1789488594.289421222] [robot_0.robot_supervisor]: Triggered uncontrollable event: EV_zone_b_not_visible
[balanced_delivery_supervisor-20] [INFO] [1789488594.300363395] [robot_0.robot_supervisor]: Selected controllable event: EV_move_forward
[balanced_delivery_supervisor-22] [INFO] [1789488594.379146557] [robot_2.robot_supervisor]: Triggered uncontrollable event: EV_zone_a_visible
[balanced_delivery_supervisor-22] [INFO] [1789488594.380050606] [robot_2.robot_supervisor]: Triggered uncontrollable event: EV_zone_b_not_visible
[balanced_delivery_supervisor-22] [INFO] [1789488594.398509876] [robot_2.robot_supervisor]: Selected controllable event: EV_move_forward
[balanced_delivery_supervisor-20] [INFO] [1789488594.601754450] [robot_0.robot_supervisor]: Selected controllable event: EV_move_forward
[balanced_delivery_supervisor-22] [INFO] [1789488594.679587062] [robot_2.robot_supervisor]: Selected controllable event: EV_approach_zone
[balanced_delivery_supervisor-20] [INFO] [1789488594.909210263] [robot_0.robot_supervisor]: Selected controllable event: EV_approach_zone
[balanced_delivery_supervisor-22] [INFO] [1789488594.968718069] [robot_2.robot_supervisor]: Selected controllable event: EV_approach_zone
[balanced_delivery_supervisor-22] [INFO] [1789488595.183417630] [robot_2.robot_supervisor]: Triggered uncontrollable event: EV_zone_a_visible
[balanced_delivery_supervisor-20] [INFO] [1789488595.194776461] [robot_0.robot_supervisor]: Triggered uncontrollable event: EV_zone_a_visible
[balanced_delivery_supervisor-20] [INFO] [1789488595.199664789] [robot_0.robot_supervisor]: Triggered uncontrollable event: EV_zone_b_not_visible
[balanced_delivery_supervisor-22] [INFO] [1789488595.200373645] [robot_2.robot_supervisor]: Triggered uncontrollable event: EV_zone_b_not_visible
[balanced_delivery_supervisor-22] [INFO] [1789488595.201351502] [robot_2.robot_supervisor]: Selected controllable event: EV_move_forward
[balanced_delivery_supervisor-20] [INFO] [1789488595.218615751] [robot_0.robot_supervisor]: Selected controllable event: EV_approach_zone
[balanced_delivery_supervisor-22] [INFO] [1789488595.472566604] [robot_2.robot_supervisor]: Selected controllable event: EV_move_forward
[balanced_delivery_supervisor-20] [INFO] [1789488595.483819049] [robot_0.robot_supervisor]: Selected controllable event: EV_approach_zone
[balanced_delivery_supervisor-22] [INFO] [1789488595.685401153] [robot_2.robot_supervisor]: Selected controllable event: EV_move_forward
[balanced_delivery_supervisor-20] [INFO] [1789488595.708873986] [robot_0.robot_supervisor]: Selected controllable event: EV_move_forward
[balanced_delivery_supervisor-22] [INFO] [1789488595.890032818] [robot_2.robot_supervisor]: Selected controllable event: EV_move_forward
[balanced_delivery_supervisor-20] [INFO] [1789488595.981139077] [robot_0.robot_supervisor]: Triggered uncontrollable event: EV_zone_a_visible
[balanced_delivery_supervisor-20] [INFO] [1789488595.990068639] [robot_0.robot_supervisor]: Triggered uncontrollable event: EV_zone_b_not_visible
[balanced_delivery_supervisor-20] [INFO] [1789488595.996488373] [robot_0.robot_supervisor]: Selected controllable event: EV_approach_zone
[balanced_delivery_supervisor-22] [INFO] [1789488596.191217942] [robot_2.robot_supervisor]: Triggered uncontrollable event: EV_zone_a_visible
[balanced_delivery_supervisor-22] [INFO] [1789488596.208511422] [robot_2.robot_supervisor]: Triggered uncontrollable event: EV_zone_b_not_visible
[balanced_delivery_supervisor-22] [INFO] [1789488596.209682709] [robot_2.robot_supervisor]: Selected controllable event: EV_approach_zone
[balanced_delivery_supervisor-20] [INFO] [1789488596.299652907] [robot_0.robot_supervisor]: Selected controllable event: EV_approach_zone
[balanced_delivery_supervisor-22] [INFO] [1789488596.491931947] [robot_2.robot_supervisor]: Selected controllable event: EV_approach_zone
[balanced_delivery_supervisor-20] [INFO] [1789488596.600805775] [robot_0.robot_supervisor]: Selected controllable event: EV_approach_zone
[balanced_delivery_supervisor-22] [INFO] [1789488596.803925852] [robot_2.robot_supervisor]: Selected controllable event: EV_move_forward
[balanced_delivery_supervisor-20] [INFO] [1789488596.903119772] [robot_0.robot_supervisor]: Triggered uncontrollable event: EV_zone_a_visible
[balanced_delivery_supervisor-20] [INFO] [1789488596.905925471] [robot_0.robot_supervisor]: Selected controllable event: EV_move_forward
[balanced_delivery_supervisor-24] [INFO] [1789488597.021898546] [robot_1.robot_supervisor]: FULL ROTATE completed by timeout
[balanced_delivery_supervisor-22] [INFO] [1789488597.084627398] [robot_2.robot_supervisor]: Triggered uncontrollable event: EV_zone_a_visible
[balanced_delivery_supervisor-22] [INFO] [1789488597.103266787] [robot_2.robot_supervisor]: Triggered uncontrollable event: EV_zone_b_not_visible
[balanced_delivery_supervisor-22] [INFO] [1789488597.104299582] [robot_2.robot_supervisor]: Selected controllable event: EV_approach_zone
[balanced_delivery_supervisor-20] [INFO] [1789488597.198051995] [robot_0.robot_supervisor]: Triggered uncontrollable event: EV_zone_b_not_visible
[balanced_delivery_supervisor-20] [INFO] [1789488597.201256427] [robot_0.robot_supervisor]: Selected controllable event: EV_approach_zone
[balanced_delivery_supervisor-24] [INFO] [1789488597.296769507] [robot_1.robot_supervisor]: Triggered uncontrollable event: EV_zone_a_not_visible
[balanced_delivery_supervisor-24] [INFO] [1789488597.311548434] [robot_1.robot_supervisor]: Triggered uncontrollable event: EV_zone_b_not_visible
[balanced_delivery_supervisor-24] [INFO] [1789488597.312547965] [robot_1.robot_supervisor]: Selected controllable event: EV_search_zone
[balanced_delivery_supervisor-22] [INFO] [1789488597.384167144] [robot_2.robot_supervisor]: Selected controllable event: EV_approach_zone
[balanced_delivery_supervisor-20] [INFO] [1789488597.488541499] [robot_0.robot_supervisor]: Selected controllable event: EV_approach_zone
[balanced_delivery_supervisor-24] [INFO] [1789488597.499992886] [robot_1.robot_supervisor]: Selected controllable event: EV_move_forward
[balanced_delivery_supervisor-22] [INFO] [1789488597.590820692] [robot_2.robot_supervisor]: Selected controllable event: EV_move_forward
[balanced_delivery_supervisor-20] [INFO] [1789488597.697035696] [robot_0.robot_supervisor]: Selected controllable event: EV_move_forward
[balanced_delivery_supervisor-24] [INFO] [1789488597.833123693] [robot_1.robot_supervisor]: Selected controllable event: EV_search_zone
[balanced_delivery_supervisor-22] [INFO] [1789488597.888409171] [robot_2.robot_supervisor]: Selected controllable event: EV_move_forward
[balanced_delivery_supervisor-20] [INFO] [1789488597.911513662] [robot_0.robot_supervisor]: Triggered uncontrollable event: EV_zone_b_not_visible
[balanced_delivery_supervisor-20] [INFO] [1789488597.912215251] [robot_0.robot_supervisor]: Triggered uncontrollable event: EV_zone_a_reached
[balanced_delivery_supervisor-20] [INFO] [1789488597.925304940] [robot_0.robot_supervisor]: Selected controllable event: EV_search_zone
[balanced_delivery_supervisor-24] [INFO] [1789488598.000735663] [robot_1.robot_supervisor]: Triggered uncontrollable event: EV_zone_a_not_visible
[balanced_delivery_supervisor-24] [INFO] [1789488598.015225082] [robot_1.robot_supervisor]: Selected controllable event: EV_search_zone
[balanced_delivery_supervisor-20] [INFO] [1789488598.109228168] [robot_0.robot_supervisor]: Selected controllable event: EV_move_forward
[balanced_delivery_supervisor-22] [INFO] [1789488598.181503314] [robot_2.robot_supervisor]: Triggered uncontrollable event: EV_zone_a_visible
[balanced_delivery_supervisor-22] [INFO] [1789488598.182342085] [robot_2.robot_supervisor]: Triggered uncontrollable event: EV_zone_b_not_visible
[balanced_delivery_supervisor-22] [INFO] [1789488598.183262029] [robot_2.robot_supervisor]: Selected controllable event: EV_approach_zone
[balanced_delivery_supervisor-24] [INFO] [1789488598.208831842] [robot_1.robot_supervisor]: Triggered uncontrollable event: EV_zone_b_not_visible
[balanced_delivery_supervisor-24] [INFO] [1789488598.215901610] [robot_1.robot_supervisor]: Selected controllable event: EV_move_forward
[balanced_delivery_supervisor-20] [INFO] [1789488598.378257928] [robot_0.robot_supervisor]: Selected controllable event: EV_move_forward
[balanced_delivery_supervisor-22] [INFO] [1789488598.488519208] [robot_2.robot_supervisor]: Selected controllable event: EV_approach_zone
[balanced_delivery_supervisor-24] [INFO] [1789488598.522533624] [robot_1.robot_supervisor]: Selected controllable event: EV_move_forward
[balanced_delivery_supervisor-20] [INFO] [1789488598.580959033] [robot_0.robot_supervisor]: Selected controllable event: EV_search_zone
[balanced_delivery_supervisor-20] [INFO] [1789488598.701173628] [robot_0.robot_supervisor]: Selected controllable event: EV_search_zone
[balanced_delivery_supervisor-22] [INFO] [1789488598.787385581] [robot_2.robot_supervisor]: Selected controllable event: EV_move_forward
[balanced_delivery_supervisor-24] [INFO] [1789488598.801239132] [robot_1.robot_supervisor]: Selected controllable event: EV_search_zone
[balanced_delivery_supervisor-20] [INFO] [1789488598.883734957] [robot_0.robot_supervisor]: Triggered uncontrollable event: EV_obstacle_front
[balanced_delivery_supervisor-20] [INFO] [1789488598.894036307] [robot_0.robot_supervisor]: Triggered uncontrollable event: EV_zone_b_not_visible
[balanced_delivery_supervisor-20] [INFO] [1789488598.894843359] [robot_0.robot_supervisor]: Triggered uncontrollable event: EV_zone_a_reached
[balanced_delivery_supervisor-20] [INFO] [1789488598.895796837] [robot_0.robot_supervisor]: Selected controllable event: EV_rotate_counterclockwise
[balanced_delivery_supervisor-24] [INFO] [1789488599.003385095] [robot_1.robot_supervisor]: Triggered uncontrollable event: EV_zone_a_not_visible
[balanced_delivery_supervisor-24] [INFO] [1789488599.015848849] [robot_1.robot_supervisor]: Triggered uncontrollable event: EV_zone_b_not_visible
[balanced_delivery_supervisor-24] [INFO] [1789488599.016938491] [robot_1.robot_supervisor]: Selected controllable event: EV_move_forward
[balanced_delivery_supervisor-22] [INFO] [1789488599.090253357] [robot_2.robot_supervisor]: Triggered uncontrollable event: EV_zone_a_visible
[balanced_delivery_supervisor-22] [INFO] [1789488599.091347955] [robot_2.robot_supervisor]: Triggered uncontrollable event: EV_zone_b_not_visible
[balanced_delivery_supervisor-22] [INFO] [1789488599.095151802] [robot_2.robot_supervisor]: Selected controllable event: EV_move_forward
[balanced_delivery_supervisor-20] [INFO] [1789488599.105406595] [robot_0.robot_supervisor]: Triggered uncontrollable event: EV_obstacle_front
[balanced_delivery_supervisor-20] [INFO] [1789488599.106413895] [robot_0.robot_supervisor]: Selected controllable event: EV_move_backward
[balanced_delivery_supervisor-24] [INFO] [1789488599.306566199] [robot_1.robot_supervisor]: Selected controllable event: EV_search_zone
[balanced_delivery_supervisor-22] [INFO] [1789488599.385898122] [robot_2.robot_supervisor]: Selected controllable event: EV_move_forward
[balanced_delivery_supervisor-20] [INFO] [1789488599.403190416] [robot_0.robot_supervisor]: Triggered uncontrollable event: EV_obstacle_front
[balanced_delivery_supervisor-20] [INFO] [1789488599.413539080] [robot_0.robot_supervisor]: Selected controllable event: EV_rotate_counterclockwise
[balanced_delivery_supervisor-24] [INFO] [1789488599.509843093] [robot_1.robot_supervisor]: Selected controllable event: EV_move_forward
[balanced_delivery_supervisor-20] [INFO] [1789488599.591444526] [robot_0.robot_supervisor]: Triggered uncontrollable event: EV_obstacle_front
[balanced_delivery_supervisor-20] [INFO] [1789488599.615573650] [robot_0.robot_supervisor]: Selected controllable event: EV_move_backward
[balanced_delivery_supervisor-22] [INFO] [1789488599.687607901] [robot_2.robot_supervisor]: Triggered uncontrollable event: EV_zone_a_visible
[balanced_delivery_supervisor-22] [INFO] [1789488599.694564825] [robot_2.robot_supervisor]: Selected controllable event: EV_approach_zone
[balanced_delivery_supervisor-24] [INFO] [1789488599.817068441] [robot_1.robot_supervisor]: Triggered uncontrollable event: EV_zone_a_not_visible
[balanced_delivery_supervisor-24] [INFO] [1789488599.833193198] [robot_1.robot_supervisor]: Selected controllable event: EV_move_forward
[balanced_delivery_supervisor-20] [INFO] [1789488599.910049281] [robot_0.robot_supervisor]: Triggered uncontrollable event: EV_obstacle_front
[balanced_delivery_supervisor-20] [INFO] [1789488599.910869641] [robot_0.robot_supervisor]: Triggered uncontrollable event: EV_zone_b_not_visible
[balanced_delivery_supervisor-20] [INFO] [1789488599.916468391] [robot_0.robot_supervisor]: Triggered uncontrollable event: EV_zone_a_reached
[balanced_delivery_supervisor-20] [INFO] [1789488599.923533845] [robot_0.robot_supervisor]: Selected controllable event: EV_rotate_clockwise
[balanced_delivery_supervisor-22] [INFO] [1789488599.974671643] [robot_2.robot_supervisor]: Triggered uncontrollable event: EV_zone_b_not_visible
[balanced_delivery_supervisor-22] [INFO] [1789488599.981545928] [robot_2.robot_supervisor]: Selected controllable event: EV_move_forward
[balanced_delivery_supervisor-20] [INFO] [1789488600.107528909] [robot_0.robot_supervisor]: Triggered uncontrollable event: EV_obstacle_front
[balanced_delivery_supervisor-20] [INFO] [1789488600.108567626] [robot_0.robot_supervisor]: Selected controllable event: EV_rotate_clockwise
[balanced_delivery_supervisor-24] [INFO] [1789488600.128684230] [robot_1.robot_supervisor]: Triggered uncontrollable event: EV_zone_b_not_visible
[balanced_delivery_supervisor-24] [INFO] [1789488600.134523793] [robot_1.robot_supervisor]: Selected controllable event: EV_search_zone
[balanced_delivery_supervisor-22] [INFO] [1789488600.192062068] [robot_2.robot_supervisor]: Selected controllable event: EV_move_forward
[balanced_delivery_supervisor-20] [INFO] [1789488600.302087096] [robot_0.robot_supervisor]: Triggered uncontrollable event: EV_obstacle_front
[balanced_delivery_supervisor-24] [INFO] [1789488600.311704229] [robot_1.robot_supervisor]: Selected controllable event: EV_move_forward
[balanced_delivery_supervisor-20] [INFO] [1789488600.312529849] [robot_0.robot_supervisor]: Selected controllable event: EV_move_backward
[color_detector-29] [INFO] [1789488600.447660091] [robot_2.target_detector]: RGB HEARTBEAT frames_total=110 recent_rate_hz=1.077 last_frame_age_s=0.810 status=OK
[color_detector-27] [INFO] [1789488600.468245155] [robot_0.target_detector]: RGB HEARTBEAT frames_total=110 recent_rate_hz=1.072 last_frame_age_s=0.885 status=OK
[color_detector-31] [INFO] [1789488600.485425839] [robot_1.target_detector]: RGB HEARTBEAT frames_total=110 recent_rate_hz=1.074 last_frame_age_s=0.737 status=OK
[balanced_delivery_supervisor-22] [INFO] [1789488600.495635486] [robot_2.robot_supervisor]: Selected controllable event: EV_move_forward
[balanced_delivery_supervisor-24] [INFO] [1789488600.591180177] [robot_1.robot_supervisor]: Selected controllable event: EV_move_forward
[balanced_delivery_supervisor-20] [INFO] [1789488600.595139372] [robot_0.robot_supervisor]: Triggered uncontrollable event: EV_obstacle_front
[balanced_delivery_supervisor-20] [INFO] [1789488600.606916263] [robot_0.robot_supervisor]: Selected controllable event: EV_u_turn
[balanced_delivery_supervisor-20] [INFO] [1789488600.608017392] [robot_0.robot_supervisor]: Starting FULL ROTATE (omega=1.000, have_odom=True, target_rad=3.142, timeout_s=3.500)
[balanced_delivery_supervisor-22] [INFO] [1789488600.770185544] [robot_2.robot_supervisor]: Triggered uncontrollable event: EV_zone_a_visible
[balanced_delivery_supervisor-22] [INFO] [1789488600.777650860] [robot_2.robot_supervisor]: Selected controllable event: EV_move_forward
[balanced_delivery_supervisor-24] [INFO] [1789488600.815596477] [robot_1.robot_supervisor]: Selected controllable event: EV_search_zone
[balanced_delivery_supervisor-22] [INFO] [1789488600.999242215] [robot_2.robot_supervisor]: Triggered uncontrollable event: EV_zone_b_not_visible
[balanced_delivery_supervisor-22] [INFO] [1789488601.004541713] [robot_2.robot_supervisor]: Selected controllable event: EV_approach_zone
[balanced_delivery_supervisor-24] [INFO] [1789488601.011541075] [robot_1.robot_supervisor]: Triggered uncontrollable event: EV_zone_a_not_visible
[balanced_delivery_supervisor-24] [INFO] [1789488601.012296159] [robot_1.robot_supervisor]: Triggered uncontrollable event: EV_zone_b_not_visible
[balanced_delivery_supervisor-24] [INFO] [1789488601.013177619] [robot_1.robot_supervisor]: Selected controllable event: EV_search_zone
[balanced_delivery_supervisor-24] [INFO] [1789488601.193909482] [robot_1.robot_supervisor]: Selected controllable event: EV_search_zone
[balanced_delivery_supervisor-22] [INFO] [1789488601.262843915] [robot_2.robot_supervisor]: Selected controllable event: EV_approach_zone
[balanced_delivery_supervisor-24] [INFO] [1789488601.297014061] [robot_1.robot_supervisor]: Selected controllable event: EV_search_zone
[balanced_delivery_supervisor-22] [INFO] [1789488601.492677542] [robot_2.robot_supervisor]: Selected controllable event: EV_move_forward
[balanced_delivery_supervisor-24] [INFO] [1789488601.504755514] [robot_1.robot_supervisor]: Selected controllable event: EV_search_zone
[balanced_delivery_supervisor-24] [INFO] [1789488601.620259866] [robot_1.robot_supervisor]: Selected controllable event: EV_move_forward
[balanced_delivery_supervisor-22] [INFO] [1789488601.784256852] [robot_2.robot_supervisor]: Triggered uncontrollable event: EV_zone_a_visible
[balanced_delivery_supervisor-22] [INFO] [1789488601.792845687] [robot_2.robot_supervisor]: Triggered uncontrollable event: EV_zone_b_not_visible
[balanced_delivery_supervisor-22] [INFO] [1789488601.800432812] [robot_2.robot_supervisor]: Selected controllable event: EV_move_forward
[balanced_delivery_supervisor-24] [INFO] [1789488601.911277968] [robot_1.robot_supervisor]: Triggered uncontrollable event: EV_zone_a_not_visible
[balanced_delivery_supervisor-24] [INFO] [1789488601.925667499] [robot_1.robot_supervisor]: Triggered uncontrollable event: EV_zone_b_not_visible
[balanced_delivery_supervisor-24] [INFO] [1789488601.926746444] [robot_1.robot_supervisor]: Selected controllable event: EV_search_zone
[balanced_delivery_supervisor-22] [INFO] [1789488602.082247140] [robot_2.robot_supervisor]: Selected controllable event: EV_move_forward
[balanced_delivery_supervisor-24] [INFO] [1789488602.086508224] [robot_1.robot_supervisor]: Selected controllable event: EV_search_zone
[balanced_delivery_supervisor-22] [INFO] [1789488602.303439079] [robot_2.robot_supervisor]: Selected controllable event: EV_approach_zone
[balanced_delivery_supervisor-24] [INFO] [1789488602.316916947] [robot_1.robot_supervisor]: Selected controllable event: EV_move_forward
[balanced_delivery_supervisor-24] [INFO] [1789488602.525279269] [robot_1.robot_supervisor]: Selected controllable event: EV_move_forward
[balanced_delivery_supervisor-22] [INFO] [1789488602.602106393] [robot_2.robot_supervisor]: Triggered uncontrollable event: EV_zone_a_visible
[balanced_delivery_supervisor-22] [INFO] [1789488602.602843477] [robot_2.robot_supervisor]: Triggered uncontrollable event: EV_zone_b_not_visible
[balanced_delivery_supervisor-22] [INFO] [1789488602.603769424] [robot_2.robot_supervisor]: Selected controllable event: EV_move_forward
[balanced_delivery_supervisor-24] [INFO] [1789488602.817029065] [robot_1.robot_supervisor]: Triggered uncontrollable event: EV_zone_a_not_visible
[balanced_delivery_supervisor-24] [INFO] [1789488602.817859210] [robot_1.robot_supervisor]: Triggered uncontrollable event: EV_zone_b_not_visible
[balanced_delivery_supervisor-24] [INFO] [1789488602.818728861] [robot_1.robot_supervisor]: Selected controllable event: EV_search_zone
[balanced_delivery_supervisor-22] [INFO] [1789488602.879435605] [robot_2.robot_supervisor]: Selected controllable event: EV_approach_zone
[balanced_delivery_supervisor-24] [INFO] [1789488603.019086261] [robot_1.robot_supervisor]: Selected controllable event: EV_search_zone
[balanced_delivery_supervisor-22] [INFO] [1789488603.093275308] [robot_2.robot_supervisor]: Selected controllable event: EV_move_forward
[balanced_delivery_supervisor-24] [INFO] [1789488603.207171823] [robot_1.robot_supervisor]: Selected controllable event: EV_search_zone
[balanced_delivery_supervisor-24] [INFO] [1789488603.310259246] [robot_1.robot_supervisor]: Selected controllable event: EV_move_forward
[balanced_delivery_supervisor-22] [INFO] [1789488603.403148274] [robot_2.robot_supervisor]: Selected controllable event: EV_approach_zone
[balanced_delivery_supervisor-24] [INFO] [1789488603.598172468] [robot_1.robot_supervisor]: Triggered uncontrollable event: EV_zone_a_not_visible
[balanced_delivery_supervisor-24] [INFO] [1789488603.610679135] [robot_1.robot_supervisor]: Selected controllable event: EV_move_forward
[balanced_delivery_supervisor-22] [INFO] [1789488603.681449958] [robot_2.robot_supervisor]: Triggered uncontrollable event: EV_zone_a_visible
[balanced_delivery_supervisor-22] [INFO] [1789488603.686158377] [robot_2.robot_supervisor]: Triggered uncontrollable event: EV_zone_b_not_visible
[balanced_delivery_supervisor-22] [INFO] [1789488603.687543413] [robot_2.robot_supervisor]: Selected controllable event: EV_approach_zone
[balanced_delivery_supervisor-24] [INFO] [1789488603.914218021] [robot_1.robot_supervisor]: Triggered uncontrollable event: EV_zone_b_not_visible
[balanced_delivery_supervisor-24] [INFO] [1789488603.927541490] [robot_1.robot_supervisor]: Selected controllable event: EV_move_forward
[balanced_delivery_supervisor-22] [INFO] [1789488603.976643069] [robot_2.robot_supervisor]: Selected controllable event: EV_move_forward
[balanced_delivery_supervisor-20] [INFO] [1789488604.186486095] [robot_0.robot_supervisor]: FULL ROTATE completed by timeout
[balanced_delivery_supervisor-22] [INFO] [1789488604.189236726] [robot_2.robot_supervisor]: Selected controllable event: EV_approach_zone
[balanced_delivery_supervisor-24] [INFO] [1789488604.207173376] [robot_1.robot_supervisor]: Selected controllable event: EV_move_forward
[balanced_delivery_supervisor-20] [INFO] [1789488604.405223231] [robot_0.robot_supervisor]: Triggered uncontrollable event: EV_zone_b_not_visible
[balanced_delivery_supervisor-20] [INFO] [1789488604.406085334] [robot_0.robot_supervisor]: Triggered uncontrollable event: EV_zone_a_reached
[balanced_delivery_supervisor-20] [INFO] [1789488604.406982257] [robot_0.robot_supervisor]: Selected controllable event: EV_move_forward
[balanced_delivery_supervisor-22] [INFO] [1789488604.473890464] [robot_2.robot_supervisor]: Triggered uncontrollable event: EV_zone_a_visible
[balanced_delivery_supervisor-22] [INFO] [1789488604.474673415] [robot_2.robot_supervisor]: Triggered uncontrollable event: EV_zone_b_not_visible
[balanced_delivery_supervisor-22] [INFO] [1789488604.482110392] [robot_2.robot_supervisor]: Selected controllable event: EV_move_forward
[balanced_delivery_supervisor-24] [INFO] [1789488604.490281674] [robot_1.robot_supervisor]: Triggered uncontrollable event: EV_zone_a_not_visible
[balanced_delivery_supervisor-24] [INFO] [1789488604.491024363] [robot_1.robot_supervisor]: Triggered uncontrollable event: EV_zone_b_not_visible
[balanced_delivery_supervisor-24] [INFO] [1789488604.511581570] [robot_1.robot_supervisor]: Selected controllable event: EV_move_forward
[balanced_delivery_supervisor-20] [INFO] [1789488604.712714534] [robot_0.robot_supervisor]: Selected controllable event: EV_move_forward
[balanced_delivery_supervisor-22] [INFO] [1789488604.778177342] [robot_2.robot_supervisor]: Selected controllable event: EV_approach_zone
[balanced_delivery_supervisor-24] [INFO] [1789488604.810596556] [robot_1.robot_supervisor]: Selected controllable event: EV_search_zone
[balanced_delivery_supervisor-20] [INFO] [1789488604.987639492] [robot_0.robot_supervisor]: Selected controllable event: EV_move_forward
[balanced_delivery_supervisor-24] [INFO] [1789488605.004359612] [robot_1.robot_supervisor]: Selected controllable event: EV_move_forward
[balanced_delivery_supervisor-22] [INFO] [1789488605.094937407] [robot_2.robot_supervisor]: Selected controllable event: EV_move_forward
[balanced_delivery_supervisor-20] [INFO] [1789488605.213340502] [robot_0.robot_supervisor]: Triggered uncontrollable event: EV_zone_b_visible
[balanced_delivery_supervisor-20] [INFO] [1789488605.218344495] [robot_0.robot_supervisor]: Triggered uncontrollable event: EV_zone_a_reached
[balanced_delivery_supervisor-20] [INFO] [1789488605.227986316] [robot_0.robot_supervisor]: Selected controllable event: EV_approach_zone
[balanced_delivery_supervisor-24] [INFO] [1789488605.225483544] [robot_1.robot_supervisor]: Selected controllable event: EV_search_zone
[balanced_delivery_supervisor-22] [INFO] [1789488605.381735980] [robot_2.robot_supervisor]: Triggered uncontrollable event: EV_zone_a_visible
[balanced_delivery_supervisor-22] [INFO] [1789488605.386676280] [robot_2.robot_supervisor]: Triggered uncontrollable event: EV_zone_b_not_visible
[balanced_delivery_supervisor-22] [INFO] [1789488605.387607039] [robot_2.robot_supervisor]: Selected controllable event: EV_move_forward
[balanced_delivery_supervisor-24] [INFO] [1789488605.389160136] [robot_1.robot_supervisor]: Triggered uncontrollable event: EV_zone_a_not_visible
[balanced_delivery_supervisor-24] [INFO] [1789488605.397092815] [robot_1.robot_supervisor]: Triggered uncontrollable event: EV_zone_b_not_visible
[balanced_delivery_supervisor-24] [INFO] [1789488605.407046193] [robot_1.robot_supervisor]: Selected controllable event: EV_move_forward
[balanced_delivery_supervisor-20] [INFO] [1789488605.485022379] [robot_0.robot_supervisor]: Selected controllable event: EV_approach_zone
[balanced_delivery_supervisor-22] [INFO] [1789488605.682944711] [robot_2.robot_supervisor]: Selected controllable event: EV_approach_zone
[balanced_delivery_supervisor-20] [INFO] [1789488605.704380477] [robot_0.robot_supervisor]: Selected controllable event: EV_move_forward
[balanced_delivery_supervisor-24] [INFO] [1789488605.722467093] [robot_1.robot_supervisor]: Selected controllable event: EV_search_zone
[balanced_delivery_supervisor-24] [INFO] [1789488605.919489611] [robot_1.robot_supervisor]: Selected controllable event: EV_search_zone
[balanced_delivery_supervisor-22] [INFO] [1789488606.003733489] [robot_2.robot_supervisor]: Selected controllable event: EV_move_forward
[balanced_delivery_supervisor-20] [INFO] [1789488606.019634739] [robot_0.robot_supervisor]: Triggered uncontrollable event: EV_zone_a_reached
[balanced_delivery_supervisor-20] [INFO] [1789488606.024773120] [robot_0.robot_supervisor]: Selected controllable event: EV_approach_zone
[balanced_delivery_supervisor-24] [INFO] [1789488606.112972062] [robot_1.robot_supervisor]: Triggered uncontrollable event: EV_zone_a_not_visible
[balanced_delivery_supervisor-24] [INFO] [1789488606.127427555] [robot_1.robot_supervisor]: Triggered uncontrollable event: EV_obstacle_right
[balanced_delivery_supervisor-24] [INFO] [1789488606.128404512] [robot_1.robot_supervisor]: Selected controllable event: EV_u_turn
[balanced_delivery_supervisor-24] [INFO] [1789488606.129231815] [robot_1.robot_supervisor]: Starting FULL ROTATE (omega=1.000, have_odom=True, target_rad=3.142, timeout_s=3.500)
[balanced_delivery_supervisor-22] [INFO] [1789488606.285939419] [robot_2.robot_supervisor]: Triggered uncontrollable event: EV_zone_a_visible
[balanced_delivery_supervisor-22] [INFO] [1789488606.286898060] [robot_2.robot_supervisor]: Triggered uncontrollable event: EV_zone_b_not_visible
[balanced_delivery_supervisor-22] [INFO] [1789488606.287748585] [robot_2.robot_supervisor]: Selected controllable event: EV_approach_zone
[balanced_delivery_supervisor-20] [INFO] [1789488606.311049410] [robot_0.robot_supervisor]: Triggered uncontrollable event: EV_zone_b_visible
[balanced_delivery_supervisor-20] [INFO] [1789488606.311918052] [robot_0.robot_supervisor]: Selected controllable event: EV_move_forward
[balanced_delivery_supervisor-22] [INFO] [1789488606.574904346] [robot_2.robot_supervisor]: Selected controllable event: EV_approach_zone
[balanced_delivery_supervisor-20] [INFO] [1789488606.593296463] [robot_0.robot_supervisor]: Selected controllable event: EV_approach_zone
[balanced_delivery_supervisor-22] [INFO] [1789488606.798982680] [robot_2.robot_supervisor]: Selected controllable event: EV_move_forward
[balanced_delivery_supervisor-20] [INFO] [1789488606.873470956] [robot_0.robot_supervisor]: Triggered uncontrollable event: EV_zone_a_reached
[balanced_delivery_supervisor-20] [INFO] [1789488606.886453528] [robot_0.robot_supervisor]: Selected controllable event: EV_approach_zone
[balanced_delivery_supervisor-22] [INFO] [1789488607.087417355] [robot_2.robot_supervisor]: Triggered uncontrollable event: EV_zone_a_visible
[balanced_delivery_supervisor-22] [INFO] [1789488607.088093678] [robot_2.robot_supervisor]: Triggered uncontrollable event: EV_zone_b_not_visible
[balanced_delivery_supervisor-22] [INFO] [1789488607.092493138] [robot_2.robot_supervisor]: Selected controllable event: EV_move_forward
[balanced_delivery_supervisor-20] [INFO] [1789488607.088912445] [robot_0.robot_supervisor]: Triggered uncontrollable event: EV_zone_b_visible
[balanced_delivery_supervisor-20] [INFO] [1789488607.101642384] [robot_0.robot_supervisor]: Selected controllable event: EV_approach_zone
[balanced_delivery_supervisor-22] [INFO] [1789488607.362686593] [robot_2.robot_supervisor]: Selected controllable event: EV_approach_zone
[balanced_delivery_supervisor-20] [INFO] [1789488607.397823390] [robot_0.robot_supervisor]: Selected controllable event: EV_approach_zone
[balanced_delivery_supervisor-20] [INFO] [1789488607.679538174] [robot_0.robot_supervisor]: Triggered uncontrollable event: EV_zone_b_visible
[balanced_delivery_supervisor-22] [INFO] [1789488607.680304916] [robot_2.robot_supervisor]: Selected controllable event: EV_approach_zone
[balanced_delivery_supervisor-20] [INFO] [1789488607.691550522] [robot_0.robot_supervisor]: Triggered uncontrollable event: EV_zone_a_not_visible
[balanced_delivery_supervisor-20] [INFO] [1789488607.696131930] [robot_0.robot_supervisor]: Selected controllable event: EV_move_forward
[balanced_delivery_supervisor-22] [INFO] [1789488607.886736421] [robot_2.robot_supervisor]: Triggered uncontrollable event: EV_zone_a_visible
[balanced_delivery_supervisor-22] [INFO] [1789488607.887410530] [robot_2.robot_supervisor]: Triggered uncontrollable event: EV_zone_b_not_visible
[balanced_delivery_supervisor-22] [INFO] [1789488607.888124654] [robot_2.robot_supervisor]: Selected controllable event: EV_move_forward
[balanced_delivery_supervisor-20] [INFO] [1789488607.985374173] [robot_0.robot_supervisor]: Selected controllable event: EV_approach_zone
[balanced_delivery_supervisor-22] [INFO] [1789488608.164968915] [robot_2.robot_supervisor]: Selected controllable event: EV_move_forward
[balanced_delivery_supervisor-20] [INFO] [1789488608.192292081] [robot_0.robot_supervisor]: Selected controllable event: EV_approach_zone
[balanced_delivery_supervisor-22] [INFO] [1789488608.385552203] [robot_2.robot_supervisor]: Selected controllable event: EV_move_forward
[balanced_delivery_supervisor-20] [INFO] [1789488608.510393942] [robot_0.robot_supervisor]: Triggered uncontrollable event: EV_zone_b_visible
[balanced_delivery_supervisor-20] [INFO] [1789488608.511021267] [robot_0.robot_supervisor]: Triggered uncontrollable event: EV_zone_a_not_visible
[balanced_delivery_supervisor-20] [INFO] [1789488608.511756247] [robot_0.robot_supervisor]: Selected controllable event: EV_approach_zone
[balanced_delivery_supervisor-22] [INFO] [1789488608.670783304] [robot_2.robot_supervisor]: Triggered uncontrollable event: EV_zone_a_visible
[balanced_delivery_supervisor-22] [INFO] [1789488608.671480177] [robot_2.robot_supervisor]: Triggered uncontrollable event: EV_zone_b_not_visible
[balanced_delivery_supervisor-22] [INFO] [1789488608.685287450] [robot_2.robot_supervisor]: Selected controllable event: EV_approach_zone
[balanced_delivery_supervisor-20] [INFO] [1789488608.784884948] [robot_0.robot_supervisor]: Selected controllable event: EV_move_forward
[balanced_delivery_supervisor-22] [INFO] [1789488608.983269713] [robot_2.robot_supervisor]: Selected controllable event: EV_approach_zone
[color_detector-31] [INFO] [1789488609.058970668] [robot_1.target_detector]: RGB HEARTBEAT frames_total=120 recent_rate_hz=1.165 last_frame_age_s=0.505 status=OK
[color_detector-27] [INFO] [1789488609.084166841] [robot_0.target_detector]: RGB HEARTBEAT frames_total=120 recent_rate_hz=1.159 last_frame_age_s=0.727 status=OK
[color_detector-29] [INFO] [1789488609.091720686] [robot_2.target_detector]: RGB HEARTBEAT frames_total=120 recent_rate_hz=1.157 last_frame_age_s=0.663 status=OK
[balanced_delivery_supervisor-20] [INFO] [1789488609.095588255] [robot_0.robot_supervisor]: Selected controllable event: EV_move_forward
[balanced_delivery_supervisor-22] [INFO] [1789488609.304490055] [robot_2.robot_supervisor]: Selected controllable event: EV_move_forward
[balanced_delivery_supervisor-20] [INFO] [1789488609.392402795] [robot_0.robot_supervisor]: Triggered uncontrollable event: EV_zone_b_visible
[balanced_delivery_supervisor-20] [INFO] [1789488609.399750374] [robot_0.robot_supervisor]: Triggered uncontrollable event: EV_zone_a_not_visible
[balanced_delivery_supervisor-20] [INFO] [1789488609.400596477] [robot_0.robot_supervisor]: Selected controllable event: EV_move_forward
[balanced_delivery_supervisor-22] [INFO] [1789488609.597186868] [robot_2.robot_supervisor]: Triggered uncontrollable event: EV_zone_a_visible
[balanced_delivery_supervisor-22] [INFO] [1789488609.597885988] [robot_2.robot_supervisor]: Triggered uncontrollable event: EV_zone_b_not_visible
[balanced_delivery_supervisor-22] [INFO] [1789488609.598730420] [robot_2.robot_supervisor]: Selected controllable event: EV_move_forward
[balanced_delivery_supervisor-24] [INFO] [1789488609.700929745] [robot_1.robot_supervisor]: FULL ROTATE completed by timeout
[balanced_delivery_supervisor-20] [INFO] [1789488609.703959229] [robot_0.robot_supervisor]: Selected controllable event: EV_move_forward
[balanced_delivery_supervisor-22] [INFO] [1789488609.897532512] [robot_2.robot_supervisor]: Selected controllable event: EV_move_forward
[balanced_delivery_supervisor-20] [INFO] [1789488609.995778532] [robot_0.robot_supervisor]: Selected controllable event: EV_approach_zone
[balanced_delivery_supervisor-24] [INFO] [1789488609.985843892] [robot_1.robot_supervisor]: Triggered uncontrollable event: EV_zone_a_not_visible
[balanced_delivery_supervisor-24] [INFO] [1789488610.010045939] [robot_1.robot_supervisor]: Triggered uncontrollable event: EV_zone_b_not_visible
[balanced_delivery_supervisor-24] [INFO] [1789488610.010988426] [robot_1.robot_supervisor]: Selected controllable event: EV_move_forward
[balanced_delivery_supervisor-22] [INFO] [1789488610.176656458] [robot_2.robot_supervisor]: Selected controllable event: EV_move_forward
[balanced_delivery_supervisor-20] [INFO] [1789488610.200621945] [robot_0.robot_supervisor]: Triggered uncontrollable event: EV_zone_a_not_visible
[balanced_delivery_supervisor-20] [INFO] [1789488610.201678195] [robot_0.robot_supervisor]: Selected controllable event: EV_move_forward
[balanced_delivery_supervisor-24] [INFO] [1789488610.290414520] [robot_1.robot_supervisor]: Triggered uncontrollable event: EV_zone_a_not_visible
[balanced_delivery_supervisor-24] [INFO] [1789488610.309087635] [robot_1.robot_supervisor]: Selected controllable event: EV_search_zone
[balanced_delivery_supervisor-22] [INFO] [1789488610.480489046] [robot_2.robot_supervisor]: Triggered uncontrollable event: EV_zone_a_visible
[balanced_delivery_supervisor-22] [INFO] [1789488610.481274132] [robot_2.robot_supervisor]: Triggered uncontrollable event: EV_zone_b_not_visible
[balanced_delivery_supervisor-22] [INFO] [1789488610.494117927] [robot_2.robot_supervisor]: Selected controllable event: EV_approach_zone
[balanced_delivery_supervisor-20] [INFO] [1789488610.499638165] [robot_0.robot_supervisor]: Triggered uncontrollable event: EV_zone_b_visible
[balanced_delivery_supervisor-20] [INFO] [1789488610.503931050] [robot_0.robot_supervisor]: Selected controllable event: EV_approach_zone
[balanced_delivery_supervisor-24] [INFO] [1789488610.499953266] [robot_1.robot_supervisor]: Triggered uncontrollable event: EV_zone_b_not_visible
[balanced_delivery_supervisor-24] [INFO] [1789488610.500830849] [robot_1.robot_supervisor]: Selected controllable event: EV_move_forward
[balanced_delivery_supervisor-22] [INFO] [1789488610.784829364] [robot_2.robot_supervisor]: Selected controllable event: EV_move_forward
[balanced_delivery_supervisor-20] [INFO] [1789488610.797212383] [robot_0.robot_supervisor]: Selected controllable event: EV_approach_zone
[balanced_delivery_supervisor-24] [INFO] [1789488610.798140712] [robot_1.robot_supervisor]: Selected controllable event: EV_move_forward
[balanced_delivery_supervisor-22] [INFO] [1789488610.996074798] [robot_2.robot_supervisor]: Selected controllable event: EV_approach_zone
[balanced_delivery_supervisor-20] [INFO] [1789488611.034613507] [robot_0.robot_supervisor]: Triggered uncontrollable event: EV_zone_a_not_visible
[balanced_delivery_supervisor-20] [INFO] [1789488611.035586225] [robot_0.robot_supervisor]: Selected controllable event: EV_approach_zone
[balanced_delivery_supervisor-24] [INFO] [1789488611.124437544] [robot_1.robot_supervisor]: Selected controllable event: EV_move_forward
[balanced_delivery_supervisor-22] [INFO] [1789488611.206676902] [robot_2.robot_supervisor]: Triggered uncontrollable event: EV_zone_a_visible
[balanced_delivery_supervisor-22] [INFO] [1789488611.207515709] [robot_2.robot_supervisor]: Triggered uncontrollable event: EV_zone_b_not_visible
[balanced_delivery_supervisor-22] [INFO] [1789488611.214981711] [robot_2.robot_supervisor]: Selected controllable event: EV_approach_zone
[balanced_delivery_supervisor-20] [INFO] [1789488611.292810110] [robot_0.robot_supervisor]: Triggered uncontrollable event: EV_zone_b_visible
[balanced_delivery_supervisor-20] [INFO] [1789488611.307239567] [robot_0.robot_supervisor]: Selected controllable event: EV_move_forward
[balanced_delivery_supervisor-24] [INFO] [1789488611.413201313] [robot_1.robot_supervisor]: Triggered uncontrollable event: EV_zone_a_not_visible
[balanced_delivery_supervisor-24] [INFO] [1789488611.416292276] [robot_1.robot_supervisor]: Triggered uncontrollable event: EV_zone_b_not_visible
[balanced_delivery_supervisor-24] [INFO] [1789488611.433618690] [robot_1.robot_supervisor]: Selected controllable event: EV_move_forward
[balanced_delivery_supervisor-22] [INFO] [1789488611.482924167] [robot_2.robot_supervisor]: Selected controllable event: EV_approach_zone
[balanced_delivery_supervisor-20] [INFO] [1789488611.594173678] [robot_0.robot_supervisor]: Selected controllable event: EV_move_forward
[balanced_delivery_supervisor-24] [INFO] [1789488611.684350127] [robot_1.robot_supervisor]: Selected controllable event: EV_move_forward
[balanced_delivery_supervisor-22] [INFO] [1789488611.690037886] [robot_2.robot_supervisor]: Selected controllable event: EV_approach_zone
[balanced_delivery_supervisor-24] [INFO] [1789488611.903232196] [robot_1.robot_supervisor]: Selected controllable event: EV_search_zone
[balanced_delivery_supervisor-20] [INFO] [1789488611.913104777] [robot_0.robot_supervisor]: Triggered uncontrollable event: EV_zone_a_not_visible
[balanced_delivery_supervisor-20] [INFO] [1789488611.914091763] [robot_0.robot_supervisor]: Selected controllable event: EV_move_forward
[balanced_delivery_supervisor-22] [INFO] [1789488611.969288984] [robot_2.robot_supervisor]: Selected controllable event: EV_move_forward
[balanced_delivery_supervisor-24] [INFO] [1789488612.117480489] [robot_1.robot_supervisor]: Triggered uncontrollable event: EV_zone_a_not_visible
[balanced_delivery_supervisor-24] [INFO] [1789488612.134234439] [robot_1.robot_supervisor]: Selected controllable event: EV_move_forward
[balanced_delivery_supervisor-22] [INFO] [1789488612.181335982] [robot_2.robot_supervisor]: Triggered uncontrollable event: EV_zone_a_visible
[balanced_delivery_supervisor-22] [INFO] [1789488612.181997397] [robot_2.robot_supervisor]: Triggered uncontrollable event: EV_zone_b_not_visible
[balanced_delivery_supervisor-22] [INFO] [1789488612.182940224] [robot_2.robot_supervisor]: Selected controllable event: EV_move_forward
[balanced_delivery_supervisor-20] [INFO] [1789488612.205035338] [robot_0.robot_supervisor]: Triggered uncontrollable event: EV_zone_b_visible
[balanced_delivery_supervisor-20] [INFO] [1789488612.205970117] [robot_0.robot_supervisor]: Selected controllable event: EV_approach_zone
[balanced_delivery_supervisor-24] [INFO] [1789488612.408911531] [robot_1.robot_supervisor]: Triggered uncontrollable event: EV_zone_b_not_visible
[balanced_delivery_supervisor-24] [INFO] [1789488612.422041392] [robot_1.robot_supervisor]: Selected controllable event: EV_search_zone
[balanced_delivery_supervisor-22] [INFO] [1789488612.476750141] [robot_2.robot_supervisor]: Selected controllable event: EV_move_forward
[balanced_delivery_supervisor-20] [INFO] [1789488612.489958959] [robot_0.robot_supervisor]: Selected controllable event: EV_move_forward
[balanced_delivery_supervisor-24] [INFO] [1789488612.598792426] [robot_1.robot_supervisor]: Selected controllable event: EV_move_forward
[balanced_delivery_supervisor-20] [INFO] [1789488612.697069229] [robot_0.robot_supervisor]: Selected controllable event: EV_approach_zone
[balanced_delivery_supervisor-22] [INFO] [1789488612.785634173] [robot_2.robot_supervisor]: Selected controllable event: EV_move_forward
[balanced_delivery_supervisor-24] [INFO] [1789488612.805644709] [robot_1.robot_supervisor]: Selected controllable event: EV_search_zone
[balanced_delivery_supervisor-20] [INFO] [1789488612.987184824] [robot_0.robot_supervisor]: Triggered uncontrollable event: EV_zone_b_visible
[balanced_delivery_supervisor-20] [INFO] [1789488612.987837979] [robot_0.robot_supervisor]: Triggered uncontrollable event: EV_zone_a_not_visible
[balanced_delivery_supervisor-20] [INFO] [1789488612.988618243] [robot_0.robot_supervisor]: Selected controllable event: EV_approach_zone
[balanced_delivery_supervisor-24] [INFO] [1789488613.012405735] [robot_1.robot_supervisor]: Triggered uncontrollable event: EV_zone_a_not_visible
[balanced_delivery_supervisor-24] [INFO] [1789488613.014561271] [robot_1.robot_supervisor]: Selected controllable event: EV_move_forward
[balanced_delivery_supervisor-22] [INFO] [1789488613.083098374] [robot_2.robot_supervisor]: Triggered uncontrollable event: EV_zone_a_visible
[balanced_delivery_supervisor-22] [INFO] [1789488613.083882282] [robot_2.robot_supervisor]: Triggered uncontrollable event: EV_zone_b_not_visible
[balanced_delivery_supervisor-22] [INFO] [1789488613.084710391] [robot_2.robot_supervisor]: Selected controllable event: EV_approach_zone
[balanced_delivery_supervisor-20] [INFO] [1789488613.273940022] [robot_0.robot_supervisor]: Selected controllable event: EV_approach_zone
[balanced_delivery_supervisor-22] [INFO] [1789488613.294816897] [robot_2.robot_supervisor]: Selected controllable event: EV_move_forward
[balanced_delivery_supervisor-24] [INFO] [1789488613.318680053] [robot_1.robot_supervisor]: Triggered uncontrollable event: EV_zone_b_not_visible
[balanced_delivery_supervisor-24] [INFO] [1789488613.321766580] [robot_1.robot_supervisor]: Selected controllable event: EV_search_zone
[balanced_delivery_supervisor-24] [INFO] [1789488613.491287914] [robot_1.robot_supervisor]: Selected controllable event: EV_search_zone
[balanced_delivery_supervisor-22] [INFO] [1789488613.500025466] [robot_2.robot_supervisor]: Selected controllable event: EV_move_forward
[balanced_delivery_supervisor-20] [INFO] [1789488613.511112207] [robot_0.robot_supervisor]: Selected controllable event: EV_move_forward
[balanced_delivery_supervisor-24] [INFO] [1789488613.617345381] [robot_1.robot_supervisor]: Selected controllable event: EV_move_forward
[balanced_delivery_supervisor-22] [INFO] [1789488613.773751004] [robot_2.robot_supervisor]: Triggered uncontrollable event: EV_zone_a_visible
[balanced_delivery_supervisor-22] [INFO] [1789488613.790021906] [robot_2.robot_supervisor]: Triggered uncontrollable event: EV_zone_b_not_visible
[balanced_delivery_supervisor-22] [INFO] [1789488613.790822036] [robot_2.robot_supervisor]: Selected controllable event: EV_move_forward
[balanced_delivery_supervisor-20] [INFO] [1789488613.811352865] [robot_0.robot_supervisor]: Triggered uncontrollable event: EV_zone_b_visible
[balanced_delivery_supervisor-20] [INFO] [1789488613.816713034] [robot_0.robot_supervisor]: Triggered uncontrollable event: EV_zone_a_not_visible
[balanced_delivery_supervisor-20] [INFO] [1789488613.818476881] [robot_0.robot_supervisor]: Selected controllable event: EV_approach_zone
[balanced_delivery_supervisor-24] [INFO] [1789488613.883121916] [robot_1.robot_supervisor]: Triggered uncontrollable event: EV_zone_a_not_visible
[balanced_delivery_supervisor-24] [INFO] [1789488613.896689758] [robot_1.robot_supervisor]: Triggered uncontrollable event: EV_zone_b_not_visible
[balanced_delivery_supervisor-24] [INFO] [1789488613.897617436] [robot_1.robot_supervisor]: Selected controllable event: EV_search_zone
[balanced_delivery_supervisor-24] [INFO] [1789488614.089961956] [robot_1.robot_supervisor]: Selected controllable event: EV_search_zone
[balanced_delivery_supervisor-22] [INFO] [1789488614.094936813] [robot_2.robot_supervisor]: Selected controllable event: EV_move_forward
[balanced_delivery_supervisor-20] [INFO] [1789488614.108198517] [robot_0.robot_supervisor]: Selected controllable event: EV_approach_zone
[balanced_delivery_supervisor-24] [INFO] [1789488614.284347315] [robot_1.robot_supervisor]: Selected controllable event: EV_move_forward
[balanced_delivery_supervisor-22] [INFO] [1789488614.299238294] [robot_2.robot_supervisor]: Selected controllable event: EV_move_forward
[balanced_delivery_supervisor-20] [INFO] [1789488614.393594891] [robot_0.robot_supervisor]: Triggered uncontrollable event: EV_zone_b_visible
[balanced_delivery_supervisor-20] [INFO] [1789488614.400537967] [robot_0.robot_supervisor]: Triggered uncontrollable event: EV_zone_a_not_visible
[balanced_delivery_supervisor-20] [INFO] [1789488614.405209060] [robot_0.robot_supervisor]: Selected controllable event: EV_move_forward
[balanced_delivery_supervisor-24] [INFO] [1789488614.507767846] [robot_1.robot_supervisor]: Triggered uncontrollable event: EV_zone_a_not_visible
[balanced_delivery_supervisor-24] [INFO] [1789488614.508709679] [robot_1.robot_supervisor]: Triggered uncontrollable event: EV_zone_b_not_visible
[balanced_delivery_supervisor-24] [INFO] [1789488614.517169302] [robot_1.robot_supervisor]: Selected controllable event: EV_search_zone
[balanced_delivery_supervisor-22] [INFO] [1789488614.581210944] [robot_2.robot_supervisor]: Triggered uncontrollable event: EV_zone_a_visible
[balanced_delivery_supervisor-22] [INFO] [1789488614.591757585] [robot_2.robot_supervisor]: Triggered uncontrollable event: EV_zone_b_not_visible
[balanced_delivery_supervisor-22] [INFO] [1789488614.595474465] [robot_2.robot_supervisor]: Selected controllable event: EV_approach_zone
[balanced_delivery_supervisor-20] [INFO] [1789488614.680552972] [robot_0.robot_supervisor]: Selected controllable event: EV_approach_zone
[balanced_delivery_supervisor-24] [INFO] [1789488614.709625741] [robot_1.robot_supervisor]: Selected controllable event: EV_move_forward
[balanced_delivery_supervisor-22] [INFO] [1789488614.884138268] [robot_2.robot_supervisor]: Selected controllable event: EV_move_forward
[balanced_delivery_supervisor-20] [INFO] [1789488614.989739443] [robot_0.robot_supervisor]: Selected controllable event: EV_move_forward
[balanced_delivery_supervisor-24] [INFO] [1789488615.011667332] [robot_1.robot_supervisor]: Selected controllable event: EV_move_forward
[balanced_delivery_supervisor-22] [INFO] [1789488615.098872607] [robot_2.robot_supervisor]: Selected controllable event: EV_approach_zone
[balanced_delivery_supervisor-20] [INFO] [1789488615.191384989] [robot_0.robot_supervisor]: Triggered uncontrollable event: EV_zone_a_not_visible
[balanced_delivery_supervisor-20] [INFO] [1789488615.200832240] [robot_0.robot_supervisor]: Triggered uncontrollable event: EV_zone_b_reached
[balanced_delivery_supervisor-20] [INFO] [1789488615.205256840] [robot_0.robot_supervisor]: Selected controllable event: EV_move_forward
[balanced_delivery_supervisor-24] [INFO] [1789488615.286144272] [robot_1.robot_supervisor]: Triggered uncontrollable event: EV_zone_a_not_visible
[balanced_delivery_supervisor-24] [INFO] [1789488615.302665953] [robot_1.robot_supervisor]: Selected controllable event: EV_search_zone
[balanced_delivery_supervisor-22] [INFO] [1789488615.382654102] [robot_2.robot_supervisor]: Triggered uncontrollable event: EV_zone_a_visible
[balanced_delivery_supervisor-22] [INFO] [1789488615.389307385] [robot_2.robot_supervisor]: Triggered uncontrollable event: EV_zone_b_not_visible
[balanced_delivery_supervisor-22] [INFO] [1789488615.390254970] [robot_2.robot_supervisor]: Selected controllable event: EV_move_forward
[balanced_delivery_supervisor-20] [INFO] [1789488615.489496826] [robot_0.robot_supervisor]: Selected controllable event: EV_search_zone
[balanced_delivery_supervisor-24] [INFO] [1789488615.495530207] [robot_1.robot_supervisor]: Triggered uncontrollable event: EV_zone_b_not_visible
[balanced_delivery_supervisor-24] [INFO] [1789488615.508776207] [robot_1.robot_supervisor]: Selected controllable event: EV_move_forward
[balanced_delivery_supervisor-20] [INFO] [1789488615.600240925] [robot_0.robot_supervisor]: Selected controllable event: EV_move_forward
[balanced_delivery_supervisor-22] [INFO] [1789488615.685900001] [robot_2.robot_supervisor]: Selected controllable event: EV_move_forward
[balanced_delivery_supervisor-24] [INFO] [1789488615.821946439] [robot_1.robot_supervisor]: Selected controllable event: EV_move_forward
[balanced_delivery_supervisor-20] [INFO] [1789488615.896537816] [robot_0.robot_supervisor]: Selected controllable event: EV_move_forward
[balanced_delivery_supervisor-22] [INFO] [1789488615.982146604] [robot_2.robot_supervisor]: Selected controllable event: EV_move_forward
[balanced_delivery_supervisor-24] [INFO] [1789488616.097061719] [robot_1.robot_supervisor]: Selected controllable event: EV_search_zone
[balanced_delivery_supervisor-20] [INFO] [1789488616.202304721] [robot_0.robot_supervisor]: Triggered uncontrollable event: EV_zone_a_not_visible
[balanced_delivery_supervisor-20] [INFO] [1789488616.211729647] [robot_0.robot_supervisor]: Triggered uncontrollable event: EV_zone_b_reached
[balanced_delivery_supervisor-20] [INFO] [1789488616.215509610] [robot_0.robot_supervisor]: Triggered uncontrollable event: EV_obstacle_front
[balanced_delivery_supervisor-20] [INFO] [1789488616.221927805] [robot_0.robot_supervisor]: Selected controllable event: EV_move_backward
[balanced_delivery_supervisor-22] [INFO] [1789488616.295637518] [robot_2.robot_supervisor]: Triggered uncontrollable event: EV_zone_a_visible
[balanced_delivery_supervisor-22] [INFO] [1789488616.296467214] [robot_2.robot_supervisor]: Triggered uncontrollable event: EV_zone_b_not_visible
[balanced_delivery_supervisor-22] [INFO] [1789488616.306846475] [robot_2.robot_supervisor]: Selected controllable event: EV_move_forward
[balanced_delivery_supervisor-24] [INFO] [1789488616.309328142] [robot_1.robot_supervisor]: Triggered uncontrollable event: EV_zone_a_not_visible
[balanced_delivery_supervisor-24] [INFO] [1789488616.315370562] [robot_1.robot_supervisor]: Triggered uncontrollable event: EV_zone_b_not_visible
[balanced_delivery_supervisor-24] [INFO] [1789488616.320613441] [robot_1.robot_supervisor]: Selected controllable event: EV_move_forward
[balanced_delivery_supervisor-20] [INFO] [1789488616.495490488] [robot_0.robot_supervisor]: Triggered uncontrollable event: EV_obstacle_front
[balanced_delivery_supervisor-20] [INFO] [1789488616.496457162] [robot_0.robot_supervisor]: Selected controllable event: EV_rotate_clockwise
[balanced_delivery_supervisor-22] [INFO] [1789488616.602600271] [robot_2.robot_supervisor]: Selected controllable event: EV_move_forward
[balanced_delivery_supervisor-24] [INFO] [1789488616.622413925] [robot_1.robot_supervisor]: Selected controllable event: EV_search_zone
[balanced_delivery_supervisor-20] [INFO] [1789488616.682046532] [robot_0.robot_supervisor]: Triggered uncontrollable event: EV_obstacle_front
[balanced_delivery_supervisor-20] [INFO] [1789488616.701872947] [robot_0.robot_supervisor]: Selected controllable event: EV_rotate_counterclockwise
[balanced_delivery_supervisor-24] [INFO] [1789488616.798531224] [robot_1.robot_supervisor]: Selected controllable event: EV_search_zone
[balanced_delivery_supervisor-22] [INFO] [1789488616.894729282] [robot_2.robot_supervisor]: Selected controllable event: EV_approach_zone
[balanced_delivery_supervisor-20] [INFO] [1789488616.913515761] [robot_0.robot_supervisor]: Triggered uncontrollable event: EV_zone_a_not_visible
[balanced_delivery_supervisor-20] [INFO] [1789488616.914169112] [robot_0.robot_supervisor]: Triggered uncontrollable event: EV_zone_b_reached
[balanced_delivery_supervisor-20] [INFO] [1789488616.914794147] [robot_0.robot_supervisor]: Triggered uncontrollable event: EV_obstacle_front
[balanced_delivery_supervisor-20] [INFO] [1789488616.915616349] [robot_0.robot_supervisor]: Selected controllable event: EV_move_backward
[balanced_delivery_supervisor-24] [INFO] [1789488616.984056714] [robot_1.robot_supervisor]: Selected controllable event: EV_search_zone
[balanced_delivery_supervisor-24] [INFO] [1789488617.121983872] [robot_1.robot_supervisor]: Triggered uncontrollable event: EV_zone_a_not_visible
[balanced_delivery_supervisor-24] [INFO] [1789488617.130432277] [robot_1.robot_supervisor]: Triggered uncontrollable event: EV_zone_b_not_visible
[balanced_delivery_supervisor-24] [INFO] [1789488617.131303659] [robot_1.robot_supervisor]: Selected controllable event: EV_search_zone
[balanced_delivery_supervisor-22] [INFO] [1789488617.170844599] [robot_2.robot_supervisor]: Triggered uncontrollable event: EV_zone_a_visible
[balanced_delivery_supervisor-22] [INFO] [1789488617.180033527] [robot_2.robot_supervisor]: Triggered uncontrollable event: EV_zone_b_not_visible
[balanced_delivery_supervisor-22] [INFO] [1789488617.182196012] [robot_2.robot_supervisor]: Selected controllable event: EV_approach_zone
[balanced_delivery_supervisor-20] [INFO] [1789488617.194999137] [robot_0.robot_supervisor]: Triggered uncontrollable event: EV_obstacle_front
[balanced_delivery_supervisor-20] [INFO] [1789488617.204145530] [robot_0.robot_supervisor]: Selected controllable event: EV_rotate_clockwise
[balanced_delivery_supervisor-24] [INFO] [1789488617.286235194] [robot_1.robot_supervisor]: Selected controllable event: EV_move_forward
[color_detector-31] [INFO] [1789488617.314320517] [robot_1.target_detector]: RGB HEARTBEAT frames_total=130 recent_rate_hz=1.211 last_frame_age_s=0.403 status=OK
[color_detector-27] [INFO] [1789488617.320577317] [robot_0.target_detector]: RGB HEARTBEAT frames_total=130 recent_rate_hz=1.214 last_frame_age_s=0.626 status=OK
[color_detector-29] [INFO] [1789488617.331812044] [robot_2.target_detector]: RGB HEARTBEAT frames_total=130 recent_rate_hz=1.214 last_frame_age_s=0.494 status=OK
[balanced_delivery_supervisor-22] [INFO] [1789488617.402293790] [robot_2.robot_supervisor]: Selected controllable event: EV_approach_zone
[balanced_delivery_supervisor-20] [INFO] [1789488617.409670296] [robot_0.robot_supervisor]: Triggered uncontrollable event: EV_obstacle_front
[balanced_delivery_supervisor-20] [INFO] [1789488617.410542577] [robot_0.robot_supervisor]: Selected controllable event: EV_u_turn
[balanced_delivery_supervisor-20] [INFO] [1789488617.411315362] [robot_0.robot_supervisor]: Starting FULL ROTATE (omega=1.000, have_odom=True, target_rad=3.142, timeout_s=3.500)
[balanced_delivery_supervisor-24] [INFO] [1789488617.506341854] [robot_1.robot_supervisor]: Selected controllable event: EV_search_zone
[balanced_delivery_supervisor-24] [INFO] [1789488617.697307166] [robot_1.robot_supervisor]: Triggered uncontrollable event: EV_zone_a_not_visible
[balanced_delivery_supervisor-22] [INFO] [1789488617.702625199] [robot_2.robot_supervisor]: Triggered uncontrollable event: EV_zone_a_visible
[balanced_delivery_supervisor-22] [INFO] [1789488617.703326275] [robot_2.robot_supervisor]: Triggered uncontrollable event: EV_zone_b_not_visible
[balanced_delivery_supervisor-24] [INFO] [1789488617.705075310] [robot_1.robot_supervisor]: Triggered uncontrollable event: EV_zone_b_not_visible
[balanced_delivery_supervisor-24] [INFO] [1789488617.710762966] [robot_1.robot_supervisor]: Selected controllable event: EV_move_forward
[balanced_delivery_supervisor-22] [INFO] [1789488617.715418763] [robot_2.robot_supervisor]: Selected controllable event: EV_move_forward
[balanced_delivery_supervisor-22] [INFO] [1789488617.984072515] [robot_2.robot_supervisor]: Selected controllable event: EV_move_forward
[balanced_delivery_supervisor-24] [INFO] [1789488617.991590576] [robot_1.robot_supervisor]: Selected controllable event: EV_search_zone
[balanced_delivery_supervisor-24] [INFO] [1789488618.214042290] [robot_1.robot_supervisor]: Selected controllable event: EV_move_forward
[balanced_delivery_supervisor-22] [INFO] [1789488618.294720993] [robot_2.robot_supervisor]: Selected controllable event: EV_move_forward
[balanced_delivery_supervisor-24] [INFO] [1789488618.510591983] [robot_1.robot_supervisor]: Triggered uncontrollable event: EV_zone_a_not_visible
[balanced_delivery_supervisor-24] [INFO] [1789488618.511323550] [robot_1.robot_supervisor]: Triggered uncontrollable event: EV_zone_b_not_visible
[balanced_delivery_supervisor-24] [INFO] [1789488618.530612833] [robot_1.robot_supervisor]: Selected controllable event: EV_move_forward
[balanced_delivery_supervisor-22] [INFO] [1789488618.572500658] [robot_2.robot_supervisor]: Triggered uncontrollable event: EV_zone_a_visible
[balanced_delivery_supervisor-22] [INFO] [1789488618.578821445] [robot_2.robot_supervisor]: Triggered uncontrollable event: EV_zone_b_not_visible
[balanced_delivery_supervisor-22] [INFO] [1789488618.593767796] [robot_2.robot_supervisor]: Selected controllable event: EV_approach_zone
[balanced_delivery_supervisor-24] [INFO] [1789488618.794337909] [robot_1.robot_supervisor]: Selected controllable event: EV_move_forward
[balanced_delivery_supervisor-22] [INFO] [1789488618.869601941] [robot_2.robot_supervisor]: Selected controllable event: EV_move_forward
[balanced_delivery_supervisor-24] [INFO] [1789488619.016295573] [robot_1.robot_supervisor]: Selected controllable event: EV_move_forward
[balanced_delivery_supervisor-22] [INFO] [1789488619.088926505] [robot_2.robot_supervisor]: Selected controllable event: EV_approach_zone
[balanced_delivery_supervisor-24] [INFO] [1789488619.308228132] [robot_1.robot_supervisor]: Triggered uncontrollable event: EV_zone_a_not_visible
[balanced_delivery_supervisor-24] [INFO] [1789488619.309020576] [robot_1.robot_supervisor]: Triggered uncontrollable event: EV_zone_b_not_visible
[balanced_delivery_supervisor-24] [INFO] [1789488619.328088693] [robot_1.robot_supervisor]: Selected controllable event: EV_move_forward
[balanced_delivery_supervisor-22] [INFO] [1789488619.406916578] [robot_2.robot_supervisor]: Triggered uncontrollable event: EV_zone_a_visible
[balanced_delivery_supervisor-22] [INFO] [1789488619.407841578] [robot_2.robot_supervisor]: Triggered uncontrollable event: EV_zone_b_not_visible
[balanced_delivery_supervisor-22] [INFO] [1789488619.408830748] [robot_2.robot_supervisor]: Selected controllable event: EV_approach_zone
[balanced_delivery_supervisor-24] [INFO] [1789488619.615916458] [robot_1.robot_supervisor]: Selected controllable event: EV_move_forward
[balanced_delivery_supervisor-22] [INFO] [1789488619.682217679] [robot_2.robot_supervisor]: Selected controllable event: EV_approach_zone
[balanced_delivery_supervisor-22] [INFO] [1789488619.884135701] [robot_2.robot_supervisor]: Selected controllable event: EV_move_forward
[balanced_delivery_supervisor-24] [INFO] [1789488619.894974907] [robot_1.robot_supervisor]: Selected controllable event: EV_move_forward
[balanced_delivery_supervisor-22] [INFO] [1789488620.191160622] [robot_2.robot_supervisor]: Triggered uncontrollable event: EV_zone_a_visible
[balanced_delivery_supervisor-22] [INFO] [1789488620.200872126] [robot_2.robot_supervisor]: Triggered uncontrollable event: EV_zone_b_not_visible
[balanced_delivery_supervisor-22] [INFO] [1789488620.203557043] [robot_2.robot_supervisor]: Selected controllable event: EV_approach_zone
[balanced_delivery_supervisor-24] [INFO] [1789488620.214953448] [robot_1.robot_supervisor]: Triggered uncontrollable event: EV_zone_a_not_visible
[balanced_delivery_supervisor-24] [INFO] [1789488620.215781863] [robot_1.robot_supervisor]: Triggered uncontrollable event: EV_obstacle_left
[balanced_delivery_supervisor-24] [INFO] [1789488620.216557345] [robot_1.robot_supervisor]: Triggered uncontrollable event: EV_zone_b_not_visible
[balanced_delivery_supervisor-24] [INFO] [1789488620.236838327] [robot_1.robot_supervisor]: Selected controllable event: EV_u_turn
[balanced_delivery_supervisor-24] [INFO] [1789488620.237801244] [robot_1.robot_supervisor]: Starting FULL ROTATE (omega=1.000, have_odom=True, target_rad=3.142, timeout_s=3.500)
[balanced_delivery_supervisor-22] [INFO] [1789488620.478469859] [robot_2.robot_supervisor]: Selected controllable event: EV_move_forward
[balanced_delivery_supervisor-22] [INFO] [1789488620.682790689] [robot_2.robot_supervisor]: Selected controllable event: EV_approach_zone
[balanced_delivery_supervisor-22] [INFO] [1789488620.889897083] [robot_2.robot_supervisor]: Triggered uncontrollable event: EV_zone_a_visible
[balanced_delivery_supervisor-22] [INFO] [1789488620.895400170] [robot_2.robot_supervisor]: Selected controllable event: EV_move_forward
[balanced_delivery_supervisor-20] [INFO] [1789488620.991140310] [robot_0.robot_supervisor]: FULL ROTATE completed by timeout
[balanced_delivery_supervisor-22] [INFO] [1789488621.217228394] [robot_2.robot_supervisor]: Triggered uncontrollable event: EV_zone_b_not_visible
[balanced_delivery_supervisor-22] [INFO] [1789488621.222198426] [robot_2.robot_supervisor]: Selected controllable event: EV_move_forward
[balanced_delivery_supervisor-20] [INFO] [1789488621.311489337] [robot_0.robot_supervisor]: Triggered uncontrollable event: EV_zone_a_not_visible
[balanced_delivery_supervisor-20] [INFO] [1789488621.324501029] [robot_0.robot_supervisor]: Triggered uncontrollable event: EV_zone_b_reached
[balanced_delivery_supervisor-20] [INFO] [1789488621.325538037] [robot_0.robot_supervisor]: Selected controllable event: EV_move_forward
[balanced_delivery_supervisor-22] [INFO] [1789488621.481311763] [robot_2.robot_supervisor]: Selected controllable event: EV_approach_zone
[balanced_delivery_supervisor-20] [INFO] [1789488621.601303861] [robot_0.robot_supervisor]: Selected controllable event: EV_move_forward
[balanced_delivery_supervisor-22] [INFO] [1789488621.778150766] [robot_2.robot_supervisor]: Triggered uncontrollable event: EV_zone_a_visible
[balanced_delivery_supervisor-22] [INFO] [1789488621.779207160] [robot_2.robot_supervisor]: Selected controllable event: EV_move_forward
[balanced_delivery_supervisor-20] [INFO] [1789488621.904264973] [robot_0.robot_supervisor]: Triggered uncontrollable event: EV_zone_a_not_visible
[balanced_delivery_supervisor-20] [INFO] [1789488621.909699699] [robot_0.robot_supervisor]: Triggered uncontrollable event: EV_zone_b_reached
[balanced_delivery_supervisor-20] [INFO] [1789488621.910691349] [robot_0.robot_supervisor]: Selected controllable event: EV_move_forward
[balanced_delivery_supervisor-22] [INFO] [1789488621.993318435] [robot_2.robot_supervisor]: Triggered uncontrollable event: EV_zone_b_not_visible
[balanced_delivery_supervisor-22] [INFO] [1789488621.999455344] [robot_2.robot_supervisor]: Selected controllable event: EV_approach_zone
[balanced_delivery_supervisor-20] [INFO] [1789488622.202572652] [robot_0.robot_supervisor]: Selected controllable event: EV_search_zone
[balanced_delivery_supervisor-22] [INFO] [1789488622.280093625] [robot_2.robot_supervisor]: Selected controllable event: EV_move_forward
[balanced_delivery_supervisor-20] [INFO] [1789488622.404731101] [robot_0.robot_supervisor]: Selected controllable event: EV_search_zone
[balanced_delivery_supervisor-20] [INFO] [1789488622.596008261] [robot_0.robot_supervisor]: Triggered uncontrollable event: EV_zone_a_not_visible
[balanced_delivery_supervisor-22] [INFO] [1789488622.596774469] [robot_2.robot_supervisor]: Selected controllable event: EV_approach_zone
[balanced_delivery_supervisor-20] [INFO] [1789488622.612691661] [robot_0.robot_supervisor]: Selected controllable event: EV_move_forward
[balanced_delivery_supervisor-22] [INFO] [1789488622.875399312] [robot_2.robot_supervisor]: Triggered uncontrollable event: EV_zone_a_visible
[balanced_delivery_supervisor-22] [INFO] [1789488622.879562015] [robot_2.robot_supervisor]: Triggered uncontrollable event: EV_zone_b_not_visible
[balanced_delivery_supervisor-20] [INFO] [1789488622.875974068] [robot_0.robot_supervisor]: Triggered uncontrollable event: EV_zone_b_reached
[balanced_delivery_supervisor-22] [INFO] [1789488622.889235516] [robot_2.robot_supervisor]: Selected controllable event: EV_approach_zone
[balanced_delivery_supervisor-20] [INFO] [1789488622.893311049] [robot_0.robot_supervisor]: Selected controllable event: EV_search_zone
[balanced_delivery_supervisor-20] [INFO] [1789488623.091286427] [robot_0.robot_supervisor]: Selected controllable event: EV_move_forward
[balanced_delivery_supervisor-22] [INFO] [1789488623.181393874] [robot_2.robot_supervisor]: Selected controllable event: EV_move_forward
[balanced_delivery_supervisor-20] [INFO] [1789488623.309904498] [robot_0.robot_supervisor]: Selected controllable event: EV_move_forward
[balanced_delivery_supervisor-22] [INFO] [1789488623.405251789] [robot_2.robot_supervisor]: Selected controllable event: EV_approach_zone
[balanced_delivery_supervisor-20] [INFO] [1789488623.594625689] [robot_0.robot_supervisor]: Triggered uncontrollable event: EV_zone_a_not_visible
[balanced_delivery_supervisor-20] [INFO] [1789488623.611582739] [robot_0.robot_supervisor]: Triggered uncontrollable event: EV_zone_b_reached
[balanced_delivery_supervisor-20] [INFO] [1789488623.621113060] [robot_0.robot_supervisor]: Selected controllable event: EV_move_forward
[balanced_delivery_supervisor-22] [INFO] [1789488623.679383482] [robot_2.robot_supervisor]: Triggered uncontrollable event: EV_zone_a_visible
[balanced_delivery_supervisor-22] [INFO] [1789488623.680160460] [robot_2.robot_supervisor]: Triggered uncontrollable event: EV_zone_b_not_visible
[balanced_delivery_supervisor-22] [INFO] [1789488623.681085139] [robot_2.robot_supervisor]: Selected controllable event: EV_move_forward
[balanced_delivery_supervisor-24] [INFO] [1789488623.803859210] [robot_1.robot_supervisor]: FULL ROTATE completed by timeout
[balanced_delivery_supervisor-20] [INFO] [1789488623.887207212] [robot_0.robot_supervisor]: Selected controllable event: EV_search_zone
[balanced_delivery_supervisor-22] [INFO] [1789488623.983588086] [robot_2.robot_supervisor]: Selected controllable event: EV_approach_zone
[balanced_delivery_supervisor-24] [INFO] [1789488624.024161215] [robot_1.robot_supervisor]: Triggered uncontrollable event: EV_zone_a_not_visible
[balanced_delivery_supervisor-24] [INFO] [1789488624.035221763] [robot_1.robot_supervisor]: Triggered uncontrollable event: EV_obstacle_right
[balanced_delivery_supervisor-24] [INFO] [1789488624.042196047] [robot_1.robot_supervisor]: Triggered uncontrollable event: EV_zone_b_not_visible
[balanced_delivery_supervisor-24] [INFO] [1789488624.043168443] [robot_1.robot_supervisor]: Selected controllable event: EV_u_turn
[balanced_delivery_supervisor-20] [INFO] [1789488624.112234172] [robot_0.robot_supervisor]: Selected controllable event: EV_search_zone
[balanced_delivery_supervisor-24] [INFO] [1789488624.117889353] [robot_1.robot_supervisor]: Triggered uncontrollable event: EV_obstacle_right
[balanced_delivery_supervisor-24] [INFO] [1789488624.126844235] [robot_1.robot_supervisor]: Selected controllable event: EV_u_turn
[balanced_delivery_supervisor-24] [INFO] [1789488624.193040488] [robot_1.robot_supervisor]: Triggered uncontrollable event: EV_obstacle_right
[balanced_delivery_supervisor-22] [INFO] [1789488624.194636422] [robot_2.robot_supervisor]: Selected controllable event: EV_move_forward
[balanced_delivery_supervisor-24] [INFO] [1789488624.229233111] [robot_1.robot_supervisor]: Selected controllable event: EV_rotate_counterclockwise
[balanced_delivery_supervisor-20] [INFO] [1789488624.298849790] [robot_0.robot_supervisor]: Selected controllable event: EV_search_zone
[balanced_delivery_supervisor-24] [INFO] [1789488624.404063633] [robot_1.robot_supervisor]: Triggered uncontrollable event: EV_obstacle_right
[balanced_delivery_supervisor-24] [INFO] [1789488624.414082561] [robot_1.robot_supervisor]: Selected controllable event: EV_rotate_counterclockwise
[balanced_delivery_supervisor-20] [INFO] [1789488624.499236267] [robot_0.robot_supervisor]: Triggered uncontrollable event: EV_zone_a_not_visible
[balanced_delivery_supervisor-20] [INFO] [1789488624.501961749] [robot_0.robot_supervisor]: Triggered uncontrollable event: EV_zone_b_reached
[balanced_delivery_supervisor-22] [INFO] [1789488624.492846491] [robot_2.robot_supervisor]: Triggered uncontrollable event: EV_zone_a_visible
[balanced_delivery_supervisor-22] [INFO] [1789488624.511802829] [robot_2.robot_supervisor]: Triggered uncontrollable event: EV_zone_b_not_visible
[balanced_delivery_supervisor-22] [INFO] [1789488624.512710762] [robot_2.robot_supervisor]: Selected controllable event: EV_move_forward
[balanced_delivery_supervisor-20] [INFO] [1789488624.511963155] [robot_0.robot_supervisor]: Selected controllable event: EV_move_forward
[balanced_delivery_supervisor-24] [INFO] [1789488624.620463412] [robot_1.robot_supervisor]: Triggered uncontrollable event: EV_zone_a_not_visible
[balanced_delivery_supervisor-24] [INFO] [1789488624.628490002] [robot_1.robot_supervisor]: Triggered uncontrollable event: EV_obstacle_right
[balanced_delivery_supervisor-24] [INFO] [1789488624.636996119] [robot_1.robot_supervisor]: Triggered uncontrollable event: EV_zone_b_not_visible
[balanced_delivery_supervisor-24] [INFO] [1789488624.639281365] [robot_1.robot_supervisor]: Selected controllable event: EV_u_turn
[balanced_delivery_supervisor-24] [INFO] [1789488624.713514053] [robot_1.robot_supervisor]: Triggered uncontrollable event: EV_obstacle_right
[balanced_delivery_supervisor-24] [INFO] [1789488624.714408615] [robot_1.robot_supervisor]: Selected controllable event: EV_u_turn
[balanced_delivery_supervisor-22] [INFO] [1789488624.778194663] [robot_2.robot_supervisor]: Selected controllable event: EV_approach_zone
[balanced_delivery_supervisor-20] [INFO] [1789488624.789691302] [robot_0.robot_supervisor]: Selected controllable event: EV_move_forward
[balanced_delivery_supervisor-24] [INFO] [1789488624.813754887] [robot_1.robot_supervisor]: Triggered uncontrollable event: EV_obstacle_right
[balanced_delivery_supervisor-24] [INFO] [1789488624.824732560] [robot_1.robot_supervisor]: Selected controllable event: EV_rotate_counterclockwise
[balanced_delivery_supervisor-20] [INFO] [1789488625.000981542] [robot_0.robot_supervisor]: Selected controllable event: EV_move_forward
[balanced_delivery_supervisor-24] [INFO] [1789488625.012576710] [robot_1.robot_supervisor]: Triggered uncontrollable event: EV_obstacle_right
[balanced_delivery_supervisor-24] [INFO] [1789488625.018342767] [robot_1.robot_supervisor]: Selected controllable event: EV_u_turn
[balanced_delivery_supervisor-22] [INFO] [1789488625.087345702] [robot_2.robot_supervisor]: Selected controllable event: EV_approach_zone
[balanced_delivery_supervisor-24] [INFO] [1789488625.118394676] [robot_1.robot_supervisor]: Triggered uncontrollable event: EV_obstacle_right
[balanced_delivery_supervisor-24] [INFO] [1789488625.119572536] [robot_1.robot_supervisor]: Selected controllable event: EV_rotate_counterclockwise
[balanced_delivery_supervisor-20] [INFO] [1789488625.234361819] [robot_0.robot_supervisor]: Selected controllable event: EV_move_forward
[balanced_delivery_supervisor-24] [INFO] [1789488625.328396280] [robot_1.robot_supervisor]: Triggered uncontrollable event: EV_obstacle_right
[balanced_delivery_supervisor-24] [INFO] [1789488625.329341191] [robot_1.robot_supervisor]: Selected controllable event: EV_u_turn
[balanced_delivery_supervisor-22] [INFO] [1789488625.391600616] [robot_2.robot_supervisor]: Selected controllable event: EV_move_forward
[balanced_delivery_supervisor-24] [INFO] [1789488625.403497647] [robot_1.robot_supervisor]: Selected controllable event: EV_move_forward
[balanced_delivery_supervisor-20] [INFO] [1789488625.502532995] [robot_0.robot_supervisor]: Triggered uncontrollable event: EV_zone_a_not_visible
[balanced_delivery_supervisor-20] [INFO] [1789488625.506584760] [robot_0.robot_supervisor]: Triggered uncontrollable event: EV_zone_b_reached
[balanced_delivery_supervisor-20] [INFO] [1789488625.512739984] [robot_0.robot_supervisor]: Selected controllable event: EV_search_zone
[balanced_delivery_supervisor-22] [INFO] [1789488625.597267610] [robot_2.robot_supervisor]: Triggered uncontrollable event: EV_zone_a_visible
[balanced_delivery_supervisor-22] [INFO] [1789488625.610993385] [robot_2.robot_supervisor]: Triggered uncontrollable event: EV_zone_b_not_visible
[balanced_delivery_supervisor-22] [INFO] [1789488625.612051475] [robot_2.robot_supervisor]: Selected controllable event: EV_move_forward
[balanced_delivery_supervisor-20] [INFO] [1789488625.696310676] [robot_0.robot_supervisor]: Selected controllable event: EV_move_forward
[balanced_delivery_supervisor-24] [INFO] [1789488625.710682173] [robot_1.robot_supervisor]: Triggered uncontrollable event: EV_zone_a_not_visible
[balanced_delivery_supervisor-24] [INFO] [1789488625.711514504] [robot_1.robot_supervisor]: Triggered uncontrollable event: EV_zone_b_not_visible
[balanced_delivery_supervisor-24] [INFO] [1789488625.712545358] [robot_1.robot_supervisor]: Selected controllable event: EV_move_forward
[balanced_delivery_supervisor-22] [INFO] [1789488625.882445398] [robot_2.robot_supervisor]: Selected controllable event: EV_move_forward
[balanced_delivery_supervisor-20] [INFO] [1789488625.907660000] [robot_0.robot_supervisor]: Selected controllable event: EV_search_zone
[balanced_delivery_supervisor-24] [INFO] [1789488626.005684387] [robot_1.robot_supervisor]: Selected controllable event: EV_search_zone
[color_detector-27] [INFO] [1789488626.105617613] [robot_0.target_detector]: RGB HEARTBEAT frames_total=140 recent_rate_hz=1.138 last_frame_age_s=0.842 status=OK
[balanced_delivery_supervisor-20] [INFO] [1789488626.107644386] [robot_0.robot_supervisor]: Selected controllable event: EV_move_forward
[balanced_delivery_supervisor-24] [INFO] [1789488626.110286997] [robot_1.robot_supervisor]: Selected controllable event: EV_move_forward
[color_detector-29] [INFO] [1789488626.114547410] [robot_2.target_detector]: RGB HEARTBEAT frames_total=140 recent_rate_hz=1.139 last_frame_age_s=0.789 status=OK
[color_detector-31] [INFO] [1789488626.129988514] [robot_1.target_detector]: RGB HEARTBEAT frames_total=140 recent_rate_hz=1.136 last_frame_age_s=0.763 status=OK
[balanced_delivery_supervisor-22] [INFO] [1789488626.169930672] [robot_2.robot_supervisor]: Selected controllable event: EV_approach_zone
[balanced_delivery_supervisor-24] [INFO] [1789488626.316558453] [robot_1.robot_supervisor]: Selected controllable event: EV_move_forward
[balanced_delivery_supervisor-20] [INFO] [1789488626.391562480] [robot_0.robot_supervisor]: Triggered uncontrollable event: EV_zone_a_not_visible
[balanced_delivery_supervisor-20] [INFO] [1789488626.392271178] [robot_0.robot_supervisor]: Triggered uncontrollable event: EV_zone_b_not_visible
[balanced_delivery_supervisor-22] [INFO] [1789488626.403247224] [robot_2.robot_supervisor]: Triggered uncontrollable event: EV_zone_b_not_visible
[balanced_delivery_supervisor-22] [INFO] [1789488626.403970665] [robot_2.robot_supervisor]: Triggered uncontrollable event: EV_zone_a_reached
[balanced_delivery_supervisor-22] [INFO] [1789488626.404791182] [robot_2.robot_supervisor]: Selected controllable event: EV_move_forward
[balanced_delivery_supervisor-20] [INFO] [1789488626.407768208] [robot_0.robot_supervisor]: Selected controllable event: EV_move_forward
[balanced_delivery_supervisor-24] [INFO] [1789488626.592723963] [robot_1.robot_supervisor]: Triggered uncontrollable event: EV_zone_a_not_visible
[balanced_delivery_supervisor-24] [INFO] [1789488626.614831195] [robot_1.robot_supervisor]: Triggered uncontrollable event: EV_zone_b_not_visible
[balanced_delivery_supervisor-24] [INFO] [1789488626.620674154] [robot_1.robot_supervisor]: Selected controllable event: EV_search_zone
[balanced_delivery_supervisor-22] [INFO] [1789488626.679150146] [robot_2.robot_supervisor]: DELIVERED zone_a; balance=equal
[balanced_delivery_supervisor-22] [INFO] [1789488626.680116790] [robot_2.robot_supervisor]: Selected controllable event: EV_drop_zone_a
[balanced_delivery_supervisor-20] [INFO] [1789488626.697720677] [robot_0.robot_supervisor]: Selected controllable event: EV_search_zone
[balanced_delivery_supervisor-24] [INFO] [1789488626.733459338] [robot_1.robot_supervisor]: RECEIVED zone_a; balance=equal
[balanced_delivery_supervisor-22] [INFO] [1789488626.735646542] [robot_2.robot_supervisor]: Delivered cargo 'robot_2_carried_generic_box' removed.
[balanced_delivery_supervisor-20] [INFO] [1789488626.737166722] [robot_0.robot_supervisor]: RECEIVED zone_a; balance=equal
[balanced_delivery_supervisor-22] [INFO] [1789488626.771790002] [robot_2.robot_supervisor]: Selected controllable event: EV_search_object
[balanced_delivery_supervisor-24] [INFO] [1789488626.810867819] [robot_1.robot_supervisor]: Triggered uncontrollable event: EV_received_delivered_zone_a
[balanced_delivery_supervisor-24] [INFO] [1789488626.811840528] [robot_1.robot_supervisor]: Selected controllable event: EV_move_forward
[balanced_delivery_supervisor-20] [INFO] [1789488626.812754128] [robot_0.robot_supervisor]: Triggered uncontrollable event: EV_received_delivered_zone_a
[balanced_delivery_supervisor-20] [INFO] [1789488626.813651310] [robot_0.robot_supervisor]: Selected controllable event: EV_search_zone
[balanced_delivery_supervisor-22] [INFO] [1789488626.992903101] [robot_2.robot_supervisor]: Selected controllable event: EV_move_forward
[balanced_delivery_supervisor-20] [INFO] [1789488626.996257424] [robot_0.robot_supervisor]: Selected controllable event: EV_search_zone
[balanced_delivery_supervisor-24] [INFO] [1789488627.113191163] [robot_1.robot_supervisor]: Selected controllable event: EV_move_forward
[balanced_delivery_supervisor-20] [INFO] [1789488627.115346033] [robot_0.robot_supervisor]: Selected controllable event: EV_search_zone
[balanced_delivery_supervisor-22] [INFO] [1789488627.279595216] [robot_2.robot_supervisor]: Triggered uncontrollable event: EV_obstacle_front
[balanced_delivery_supervisor-20] [INFO] [1789488627.295210793] [robot_0.robot_supervisor]: Triggered uncontrollable event: EV_zone_a_not_visible
[balanced_delivery_supervisor-20] [INFO] [1789488627.295943646] [robot_0.robot_supervisor]: Triggered uncontrollable event: EV_zone_b_not_visible
[balanced_delivery_supervisor-20] [INFO] [1789488627.296826051] [robot_0.robot_supervisor]: Selected controllable event: EV_move_forward
[balanced_delivery_supervisor-22] [INFO] [1789488627.297121710] [robot_2.robot_supervisor]: Triggered uncontrollable event: EV_object_not_visible
[balanced_delivery_supervisor-22] [INFO] [1789488627.301879812] [robot_2.robot_supervisor]: Selected controllable event: EV_rotate_counterclockwise
[balanced_delivery_supervisor-24] [INFO] [1789488627.396429611] [robot_1.robot_supervisor]: Triggered uncontrollable event: EV_zone_a_not_visible
[balanced_delivery_supervisor-24] [INFO] [1789488627.397321598] [robot_1.robot_supervisor]: Triggered uncontrollable event: EV_zone_b_not_visible
[balanced_delivery_supervisor-24] [INFO] [1789488627.408934381] [robot_1.robot_supervisor]: Selected controllable event: EV_move_forward
[balanced_delivery_supervisor-22] [INFO] [1789488627.492836514] [robot_2.robot_supervisor]: Triggered uncontrollable event: EV_obstacle_front
[balanced_delivery_supervisor-22] [INFO] [1789488627.496811415] [robot_2.robot_supervisor]: Selected controllable event: EV_move_backward
[balanced_delivery_supervisor-20] [INFO] [1789488627.596569232] [robot_0.robot_supervisor]: Selected controllable event: EV_search_zone
[balanced_delivery_supervisor-24] [INFO] [1789488627.695397392] [robot_1.robot_supervisor]: Selected controllable event: EV_search_zone
[balanced_delivery_supervisor-20] [INFO] [1789488627.778890220] [robot_0.robot_supervisor]: Selected controllable event: EV_search_zone
[balanced_delivery_supervisor-22] [INFO] [1789488627.782144694] [robot_2.robot_supervisor]: Triggered uncontrollable event: EV_obstacle_front
[balanced_delivery_supervisor-22] [INFO] [1789488627.783019918] [robot_2.robot_supervisor]: Selected controllable event: EV_publish_delivered_zone_a
[balanced_delivery_supervisor-20] [INFO] [1789488627.897206845] [robot_0.robot_supervisor]: Triggered uncontrollable event: EV_zone_a_not_visible
[balanced_delivery_supervisor-20] [INFO] [1789488627.898084804] [robot_0.robot_supervisor]: Selected controllable event: EV_search_zone
[balanced_delivery_supervisor-22] [INFO] [1789488627.898663067] [robot_2.robot_supervisor]: Triggered uncontrollable event: EV_obstacle_front
[balanced_delivery_supervisor-22] [INFO] [1789488627.899511872] [robot_2.robot_supervisor]: Selected controllable event: EV_rotate_clockwise
[balanced_delivery_supervisor-24] [INFO] [1789488627.915132678] [robot_1.robot_supervisor]: Selected controllable event: EV_search_zone
[balanced_delivery_supervisor-20] [INFO] [1789488628.073161868] [robot_0.robot_supervisor]: Triggered uncontrollable event: EV_zone_b_not_visible
[balanced_delivery_supervisor-24] [INFO] [1789488628.095972294] [robot_1.robot_supervisor]: Triggered uncontrollable event: EV_zone_a_not_visible
[balanced_delivery_supervisor-20] [INFO] [1789488628.096485264] [robot_0.robot_supervisor]: Selected controllable event: EV_move_forward
[balanced_delivery_supervisor-22] [INFO] [1789488628.099203373] [robot_2.robot_supervisor]: Triggered uncontrollable event: EV_obstacle_front
[balanced_delivery_supervisor-22] [INFO] [1789488628.099921667] [robot_2.robot_supervisor]: Triggered uncontrollable event: EV_object_not_visible
[balanced_delivery_supervisor-22] [INFO] [1789488628.100795270] [robot_2.robot_supervisor]: Selected controllable event: EV_move_backward
[balanced_delivery_supervisor-24] [INFO] [1789488628.104714277] [robot_1.robot_supervisor]: Triggered uncontrollable event: EV_zone_b_not_visible
[balanced_delivery_supervisor-24] [INFO] [1789488628.117769662] [robot_1.robot_supervisor]: Selected controllable event: EV_search_zone
[balanced_delivery_supervisor-24] [INFO] [1789488628.303162811] [robot_1.robot_supervisor]: Selected controllable event: EV_search_zone
[balanced_delivery_supervisor-22] [INFO] [1789488628.367625163] [robot_2.robot_supervisor]: Triggered uncontrollable event: EV_obstacle_front
[balanced_delivery_supervisor-22] [INFO] [1789488628.389202957] [robot_2.robot_supervisor]: Selected controllable event: EV_rotate_counterclockwise
[balanced_delivery_supervisor-20] [INFO] [1789488628.401280919] [robot_0.robot_supervisor]: Selected controllable event: EV_search_zone
[balanced_delivery_supervisor-24] [INFO] [1789488628.406714364] [robot_1.robot_supervisor]: Selected controllable event: EV_move_forward
[balanced_delivery_supervisor-22] [INFO] [1789488628.562722141] [robot_2.robot_supervisor]: Triggered uncontrollable event: EV_obstacle_front
[balanced_delivery_supervisor-22] [INFO] [1789488628.563439102] [robot_2.robot_supervisor]: Selected controllable event: EV_u_turn
[balanced_delivery_supervisor-22] [INFO] [1789488628.576041736] [robot_2.robot_supervisor]: Starting FULL ROTATE (omega=1.000, have_odom=True, target_rad=3.142, timeout_s=3.500)
[balanced_delivery_supervisor-20] [INFO] [1789488628.598865748] [robot_0.robot_supervisor]: Selected controllable event: EV_move_forward
[balanced_delivery_supervisor-24] [INFO] [1789488628.730944682] [robot_1.robot_supervisor]: Selected controllable event: EV_search_zone
[balanced_delivery_supervisor-24] [INFO] [1789488628.892754086] [robot_1.robot_supervisor]: Triggered uncontrollable event: EV_zone_a_not_visible
[balanced_delivery_supervisor-20] [INFO] [1789488628.907546007] [robot_0.robot_supervisor]: Triggered uncontrollable event: EV_zone_a_visible
[balanced_delivery_supervisor-20] [INFO] [1789488628.908127629] [robot_0.robot_supervisor]: Triggered uncontrollable event: EV_zone_b_not_visible
[balanced_delivery_supervisor-20] [INFO] [1789488628.914593015] [robot_0.robot_supervisor]: Selected controllable event: EV_move_forward
[balanced_delivery_supervisor-24] [INFO] [1789488628.912711566] [robot_1.robot_supervisor]: Triggered uncontrollable event: EV_zone_b_not_visible
[balanced_delivery_supervisor-24] [INFO] [1789488628.913549010] [robot_1.robot_supervisor]: Selected controllable event: EV_move_forward
[balanced_delivery_supervisor-24] [INFO] [1789488629.192154618] [robot_1.robot_supervisor]: Selected controllable event: EV_move_forward
[balanced_delivery_supervisor-20] [INFO] [1789488629.203344475] [robot_0.robot_supervisor]: Selected controllable event: EV_approach_zone
[balanced_delivery_supervisor-24] [INFO] [1789488629.511403199] [robot_1.robot_supervisor]: Selected controllable event: EV_search_zone
[balanced_delivery_supervisor-20] [INFO] [1789488629.513751399] [robot_0.robot_supervisor]: Triggered uncontrollable event: EV_zone_a_visible
[balanced_delivery_supervisor-20] [INFO] [1789488629.519135120] [robot_0.robot_supervisor]: Selected controllable event: EV_move_forward
[balanced_delivery_supervisor-24] [INFO] [1789488629.712207831] [robot_1.robot_supervisor]: Triggered uncontrollable event: EV_zone_a_not_visible
[balanced_delivery_supervisor-24] [INFO] [1789488629.712977637] [robot_1.robot_supervisor]: Triggered uncontrollable event: EV_zone_b_not_visible
[balanced_delivery_supervisor-24] [INFO] [1789488629.713887740] [robot_1.robot_supervisor]: Selected controllable event: EV_move_forward
[balanced_delivery_supervisor-20] [INFO] [1789488629.799173383] [robot_0.robot_supervisor]: Triggered uncontrollable event: EV_zone_b_not_visible
[balanced_delivery_supervisor-20] [INFO] [1789488629.805549393] [robot_0.robot_supervisor]: Selected controllable event: EV_move_forward
[balanced_delivery_supervisor-24] [INFO] [1789488629.994679072] [robot_1.robot_supervisor]: Selected controllable event: EV_move_forward
[balanced_delivery_supervisor-20] [INFO] [1789488630.097983602] [robot_0.robot_supervisor]: Selected controllable event: EV_approach_zone
[balanced_delivery_supervisor-24] [INFO] [1789488630.207979019] [robot_1.robot_supervisor]: Selected controllable event: EV_move_forward
[balanced_delivery_supervisor-20] [INFO] [1789488630.405263922] [robot_0.robot_supervisor]: Triggered uncontrollable event: EV_zone_a_visible
[balanced_delivery_supervisor-20] [INFO] [1789488630.405882389] [robot_0.robot_supervisor]: Triggered uncontrollable event: EV_zone_b_not_visible
[balanced_delivery_supervisor-20] [INFO] [1789488630.406668687] [robot_0.robot_supervisor]: Selected controllable event: EV_move_forward
[balanced_delivery_supervisor-24] [INFO] [1789488630.495824968] [robot_1.robot_supervisor]: Triggered uncontrollable event: EV_zone_a_not_visible
[balanced_delivery_supervisor-24] [INFO] [1789488630.497915856] [robot_1.robot_supervisor]: Triggered uncontrollable event: EV_zone_b_not_visible
[balanced_delivery_supervisor-24] [INFO] [1789488630.500784302] [robot_1.robot_supervisor]: Selected controllable event: EV_move_forward
[balanced_delivery_supervisor-20] [INFO] [1789488630.694877895] [robot_0.robot_supervisor]: Selected controllable event: EV_move_forward
[balanced_delivery_supervisor-24] [INFO] [1789488630.804744150] [robot_1.robot_supervisor]: Selected controllable event: EV_move_forward
[balanced_delivery_supervisor-20] [INFO] [1789488630.981930604] [robot_0.robot_supervisor]: Selected controllable event: EV_move_forward
[balanced_delivery_supervisor-24] [INFO] [1789488631.099591543] [robot_1.robot_supervisor]: Selected controllable event: EV_move_forward
[balanced_delivery_supervisor-20] [INFO] [1789488631.202701841] [robot_0.robot_supervisor]: Triggered uncontrollable event: EV_zone_a_visible
[balanced_delivery_supervisor-20] [INFO] [1789488631.203364951] [robot_0.robot_supervisor]: Triggered uncontrollable event: EV_zone_b_not_visible
[balanced_delivery_supervisor-20] [INFO] [1789488631.204187476] [robot_0.robot_supervisor]: Selected controllable event: EV_approach_zone
[balanced_delivery_supervisor-24] [INFO] [1789488631.307748946] [robot_1.robot_supervisor]: Triggered uncontrollable event: EV_zone_a_not_visible
[balanced_delivery_supervisor-24] [INFO] [1789488631.313183936] [robot_1.robot_supervisor]: Triggered uncontrollable event: EV_obstacle_left
[balanced_delivery_supervisor-24] [INFO] [1789488631.322470076] [robot_1.robot_supervisor]: Selected controllable event: EV_rotate_clockwise
[balanced_delivery_supervisor-20] [INFO] [1789488631.497631506] [robot_0.robot_supervisor]: Selected controllable event: EV_move_forward
[balanced_delivery_supervisor-24] [INFO] [1789488631.504352306] [robot_1.robot_supervisor]: Triggered uncontrollable event: EV_obstacle_left
[balanced_delivery_supervisor-24] [INFO] [1789488631.507418045] [robot_1.robot_supervisor]: Triggered uncontrollable event: EV_zone_b_not_visible
[balanced_delivery_supervisor-24] [INFO] [1789488631.519415038] [robot_1.robot_supervisor]: Selected controllable event: EV_u_turn
[balanced_delivery_supervisor-24] [INFO] [1789488631.526039059] [robot_1.robot_supervisor]: Starting FULL ROTATE (omega=1.000, have_odom=True, target_rad=3.142, timeout_s=3.500)
[balanced_delivery_supervisor-20] [INFO] [1789488631.815620323] [robot_0.robot_supervisor]: Triggered uncontrollable event: EV_obstacle_right
[balanced_delivery_supervisor-20] [INFO] [1789488631.825102609] [robot_0.robot_supervisor]: Selected controllable event: EV_u_turn
[balanced_delivery_supervisor-20] [INFO] [1789488631.840770665] [robot_0.robot_supervisor]: Starting FULL ROTATE (omega=1.000, have_odom=True, target_rad=3.142, timeout_s=3.500)
[balanced_delivery_supervisor-22] [INFO] [1789488632.070804543] [robot_2.robot_supervisor]: FULL ROTATE completed by timeout
[balanced_delivery_supervisor-22] [INFO] [1789488632.296411270] [robot_2.robot_supervisor]: ############################# VISIBLE: EV_object_visible #############################
[balanced_delivery_supervisor-22] [INFO] [1789488632.297335418] [robot_2.robot_supervisor]: Selected controllable event: EV_move_forward
[balanced_delivery_supervisor-22] [INFO] [1789488632.577183417] [robot_2.robot_supervisor]: Selected controllable event: EV_approach_object
[balanced_delivery_supervisor-22] [INFO] [1789488632.873703638] [robot_2.robot_supervisor]: ############################# VISIBLE: EV_object_visible #############################
[balanced_delivery_supervisor-22] [INFO] [1789488632.881624745] [robot_2.robot_supervisor]: Triggered uncontrollable event: EV_obstacle_front
[balanced_delivery_supervisor-22] [INFO] [1789488632.891473237] [robot_2.robot_supervisor]: Selected controllable event: EV_rotate_counterclockwise
[balanced_delivery_supervisor-22] [WARN] [1789488632.892196124] [robot_2.robot_supervisor]: no translation for 5.6s livelock detected; starting atomic escape (turn_sign=+1)
[color_detector-27] [INFO] [1789488634.176250599] [robot_0.target_detector]: RGB HEARTBEAT frames_total=150 recent_rate_hz=1.240 last_frame_age_s=0.789 status=OK
[color_detector-31] [INFO] [1789488634.185150200] [robot_1.target_detector]: RGB HEARTBEAT frames_total=150 recent_rate_hz=1.239 last_frame_age_s=0.748 status=OK
[color_detector-29] [INFO] [1789488634.197527678] [robot_2.target_detector]: RGB HEARTBEAT frames_total=150 recent_rate_hz=1.239 last_frame_age_s=0.790 status=OK
[balanced_delivery_supervisor-24] [INFO] [1789488635.120649809] [robot_1.robot_supervisor]: FULL ROTATE completed by timeout
[balanced_delivery_supervisor-22] [INFO] [1789488635.372802777] [robot_2.robot_supervisor]: Zone-livelock escape completed
[balanced_delivery_supervisor-20] [INFO] [1789488635.391333172] [robot_0.robot_supervisor]: FULL ROTATE completed by timeout
[balanced_delivery_supervisor-24] [INFO] [1789488635.414962196] [robot_1.robot_supervisor]: Triggered uncontrollable event: EV_zone_a_visible
[balanced_delivery_supervisor-24] [INFO] [1789488635.415714977] [robot_1.robot_supervisor]: Triggered uncontrollable event: EV_zone_b_not_visible
[balanced_delivery_supervisor-24] [INFO] [1789488635.416621444] [robot_1.robot_supervisor]: Selected controllable event: EV_approach_zone
[balanced_delivery_supervisor-22] [INFO] [1789488635.673870541] [robot_2.robot_supervisor]: ############################# VISIBLE: EV_object_visible #############################
[balanced_delivery_supervisor-22] [INFO] [1789488635.683704762] [robot_2.robot_supervisor]: Selected controllable event: EV_approach_object
[balanced_delivery_supervisor-20] [INFO] [1789488635.699896990] [robot_0.robot_supervisor]: Triggered uncontrollable event: EV_zone_a_visible
[balanced_delivery_supervisor-20] [INFO] [1789488635.700578769] [robot_0.robot_supervisor]: Triggered uncontrollable event: EV_zone_b_not_visible
[balanced_delivery_supervisor-20] [INFO] [1789488635.701443145] [robot_0.robot_supervisor]: Selected controllable event: EV_move_forward
[balanced_delivery_supervisor-24] [INFO] [1789488635.705478629] [robot_1.robot_supervisor]: Selected controllable event: EV_approach_zone
[balanced_delivery_supervisor-24] [INFO] [1789488635.907676703] [robot_1.robot_supervisor]: Selected controllable event: EV_move_forward
[balanced_delivery_supervisor-20] [INFO] [1789488635.987936051] [robot_0.robot_supervisor]: Selected controllable event: EV_approach_zone
[balanced_delivery_supervisor-22] [INFO] [1789488635.993970092] [robot_2.robot_supervisor]: Selected controllable event: EV_approach_object
[balanced_delivery_supervisor-24] [INFO] [1789488636.119037383] [robot_1.robot_supervisor]: Selected controllable event: EV_approach_zone
[balanced_delivery_supervisor-22] [INFO] [1789488636.277164068] [robot_2.robot_supervisor]: ############################# VISIBLE: EV_object_visible #############################
[balanced_delivery_supervisor-22] [INFO] [1789488636.279713106] [robot_2.robot_supervisor]: Selected controllable event: EV_approach_object
[balanced_delivery_supervisor-20] [INFO] [1789488636.278692932] [robot_0.robot_supervisor]: Triggered uncontrollable event: EV_zone_a_visible
[balanced_delivery_supervisor-20] [INFO] [1789488636.285828983] [robot_0.robot_supervisor]: Triggered uncontrollable event: EV_zone_b_not_visible
[balanced_delivery_supervisor-20] [INFO] [1789488636.296997609] [robot_0.robot_supervisor]: Selected controllable event: EV_approach_zone
[balanced_delivery_supervisor-24] [INFO] [1789488636.393570607] [robot_1.robot_supervisor]: Triggered uncontrollable event: EV_zone_a_visible
[balanced_delivery_supervisor-24] [INFO] [1789488636.398394673] [robot_1.robot_supervisor]: Triggered uncontrollable event: EV_zone_b_visible
[balanced_delivery_supervisor-24] [INFO] [1789488636.403490195] [robot_1.robot_supervisor]: Selected controllable event: EV_move_forward
[balanced_delivery_supervisor-22] [INFO] [1789488636.577566683] [robot_2.robot_supervisor]: Selected controllable event: EV_move_forward
[balanced_delivery_supervisor-20] [INFO] [1789488636.586039658] [robot_0.robot_supervisor]: Selected controllable event: EV_move_forward
[balanced_delivery_supervisor-24] [INFO] [1789488636.693760541] [robot_1.robot_supervisor]: Selected controllable event: EV_approach_zone
[balanced_delivery_supervisor-20] [INFO] [1789488636.787994537] [robot_0.robot_supervisor]: Selected controllable event: EV_move_forward
[balanced_delivery_supervisor-22] [INFO] [1789488636.873659800] [robot_2.robot_supervisor]: Selected controllable event: EV_move_forward
[balanced_delivery_supervisor-24] [INFO] [1789488636.997820321] [robot_1.robot_supervisor]: Triggered uncontrollable event: EV_zone_a_visible
[balanced_delivery_supervisor-24] [INFO] [1789488637.007823457] [robot_1.robot_supervisor]: Selected controllable event: EV_approach_zone
[balanced_delivery_supervisor-20] [INFO] [1789488637.080484240] [robot_0.robot_supervisor]: Triggered uncontrollable event: EV_zone_a_visible
[balanced_delivery_supervisor-20] [INFO] [1789488637.100607208] [robot_0.robot_supervisor]: Triggered uncontrollable event: EV_zone_b_not_visible
[balanced_delivery_supervisor-20] [INFO] [1789488637.101476070] [robot_0.robot_supervisor]: Selected controllable event: EV_approach_zone
[balanced_delivery_supervisor-22] [INFO] [1789488637.186268715] [robot_2.robot_supervisor]: ############################# VISIBLE: EV_object_visible #############################
[balanced_delivery_supervisor-22] [INFO] [1789488637.194197221] [robot_2.robot_supervisor]: Selected controllable event: EV_move_forward
[balanced_delivery_supervisor-24] [INFO] [1789488637.293678940] [robot_1.robot_supervisor]: Triggered uncontrollable event: EV_zone_b_visible
[balanced_delivery_supervisor-24] [INFO] [1789488637.313727039] [robot_1.robot_supervisor]: Selected controllable event: EV_approach_zone
[balanced_delivery_supervisor-20] [INFO] [1789488637.395007663] [robot_0.robot_supervisor]: Selected controllable event: EV_approach_zone
[balanced_delivery_supervisor-22] [INFO] [1789488637.501881483] [robot_2.robot_supervisor]: Selected controllable event: EV_approach_object
[balanced_delivery_supervisor-24] [INFO] [1789488637.599194145] [robot_1.robot_supervisor]: Selected controllable event: EV_move_forward
[balanced_delivery_supervisor-20] [INFO] [1789488637.685986467] [robot_0.robot_supervisor]: Triggered uncontrollable event: EV_zone_a_not_visible
[balanced_delivery_supervisor-20] [INFO] [1789488637.686618961] [robot_0.robot_supervisor]: Triggered uncontrollable event: EV_zone_b_not_visible
[balanced_delivery_supervisor-20] [INFO] [1789488637.687359039] [robot_0.robot_supervisor]: Selected controllable event: EV_move_forward
[balanced_delivery_supervisor-22] [INFO] [1789488637.795460601] [robot_2.robot_supervisor]: ############################# VISIBLE: EV_object_visible #############################
[balanced_delivery_supervisor-22] [INFO] [1789488637.796275505] [robot_2.robot_supervisor]: Selected controllable event: EV_move_forward
[balanced_delivery_supervisor-24] [INFO] [1789488637.887698979] [robot_1.robot_supervisor]: Triggered uncontrollable event: EV_zone_a_visible
[balanced_delivery_supervisor-24] [INFO] [1789488637.897913751] [robot_1.robot_supervisor]: Triggered uncontrollable event: EV_zone_b_visible
[balanced_delivery_supervisor-24] [INFO] [1789488637.908186425] [robot_1.robot_supervisor]: Selected controllable event: EV_move_forward
[balanced_delivery_supervisor-20] [INFO] [1789488637.990269225] [robot_0.robot_supervisor]: Selected controllable event: EV_move_forward
[balanced_delivery_supervisor-22] [INFO] [1789488638.070372007] [robot_2.robot_supervisor]: Selected controllable event: EV_approach_object
[balanced_delivery_supervisor-24] [INFO] [1789488638.211449956] [robot_1.robot_supervisor]: Selected controllable event: EV_approach_zone
[balanced_delivery_supervisor-20] [INFO] [1789488638.280176786] [robot_0.robot_supervisor]: Triggered uncontrollable event: EV_zone_a_not_visible
[balanced_delivery_supervisor-20] [INFO] [1789488638.283142173] [robot_0.robot_supervisor]: Triggered uncontrollable event: EV_zone_b_not_visible
[balanced_delivery_supervisor-20] [INFO] [1789488638.290124247] [robot_0.robot_supervisor]: Selected controllable event: EV_move_forward
[balanced_delivery_supervisor-22] [INFO] [1789488638.365932356] [robot_2.robot_supervisor]: ############################# VISIBLE: EV_object_visible #############################
[balanced_delivery_supervisor-22] [INFO] [1789488638.366738649] [robot_2.robot_supervisor]: Selected controllable event: EV_move_forward
[balanced_delivery_supervisor-24] [INFO] [1789488638.499174214] [robot_1.robot_supervisor]: Triggered uncontrollable event: EV_zone_a_visible
[balanced_delivery_supervisor-24] [INFO] [1789488638.508024507] [robot_1.robot_supervisor]: Triggered uncontrollable event: EV_zone_b_visible
[balanced_delivery_supervisor-24] [INFO] [1789488638.508836981] [robot_1.robot_supervisor]: Selected controllable event: EV_move_forward
[balanced_delivery_supervisor-20] [INFO] [1789488638.579818815] [robot_0.robot_supervisor]: Selected controllable event: EV_move_forward
[balanced_delivery_supervisor-22] [INFO] [1789488638.594943795] [robot_2.robot_supervisor]: Selected controllable event: EV_move_forward
[balanced_delivery_supervisor-24] [INFO] [1789488638.802842397] [robot_1.robot_supervisor]: Selected controllable event: EV_move_forward
[balanced_delivery_supervisor-22] [INFO] [1789488638.871849182] [robot_2.robot_supervisor]: Selected controllable event: EV_approach_object
[balanced_delivery_supervisor-20] [INFO] [1789488638.879961357] [robot_0.robot_supervisor]: Selected controllable event: EV_move_forward
[balanced_delivery_supervisor-20] [INFO] [1789488639.088233091] [robot_0.robot_supervisor]: Triggered uncontrollable event: EV_zone_a_not_visible
[balanced_delivery_supervisor-20] [INFO] [1789488639.088694361] [robot_0.robot_supervisor]: Triggered uncontrollable event: EV_zone_b_not_visible
[balanced_delivery_supervisor-20] [INFO] [1789488639.089248052] [robot_0.robot_supervisor]: Selected controllable event: EV_search_zone
[balanced_delivery_supervisor-24] [INFO] [1789488639.110137945] [robot_1.robot_supervisor]: Selected controllable event: EV_move_forward
[balanced_delivery_supervisor-22] [INFO] [1789488639.183776409] [robot_2.robot_supervisor]: Selected controllable event: EV_approach_object
[balanced_delivery_supervisor-20] [INFO] [1789488639.192005767] [robot_0.robot_supervisor]: Selected controllable event: EV_search_zone
[balanced_delivery_supervisor-20] [INFO] [1789488639.296577009] [robot_0.robot_supervisor]: Selected controllable event: EV_move_forward
[balanced_delivery_supervisor-24] [INFO] [1789488639.390911137] [robot_1.robot_supervisor]: Triggered uncontrollable event: EV_zone_a_visible
[balanced_delivery_supervisor-24] [INFO] [1789488639.396996574] [robot_1.robot_supervisor]: Triggered uncontrollable event: EV_zone_b_visible
[balanced_delivery_supervisor-24] [INFO] [1789488639.405484501] [robot_1.robot_supervisor]: Selected controllable event: EV_approach_zone
[balanced_delivery_supervisor-22] [INFO] [1789488639.469293755] [robot_2.robot_supervisor]: ############################# REACHED: EV_object_reached #############################
[balanced_delivery_supervisor-22] [INFO] [1789488639.470136934] [robot_2.robot_supervisor]: Selected controllable event: EV_pick_up_object
[balanced_delivery_supervisor-22] [INFO] [1789488639.502503463] [robot_2.robot_supervisor]: Cargo 'robot_2_carried_generic_box' placed on robot.
[balanced_delivery_supervisor-20] [INFO] [1789488639.587339570] [robot_0.robot_supervisor]: Triggered uncontrollable event: EV_zone_a_not_visible
[balanced_delivery_supervisor-20] [INFO] [1789488639.596440221] [robot_0.robot_supervisor]: Triggered uncontrollable event: EV_zone_b_not_visible
[balanced_delivery_supervisor-20] [INFO] [1789488639.608411268] [robot_0.robot_supervisor]: Selected controllable event: EV_search_zone
[balanced_delivery_supervisor-22] [INFO] [1789488639.689322020] [robot_2.robot_supervisor]: Triggered uncontrollable event: EV_zone_a_not_visible
[balanced_delivery_supervisor-22] [INFO] [1789488639.690004830] [robot_2.robot_supervisor]: Triggered uncontrollable event: EV_zone_b_not_visible
[balanced_delivery_supervisor-22] [INFO] [1789488639.690742049] [robot_2.robot_supervisor]: Selected controllable event: EV_move_forward
[balanced_delivery_supervisor-24] [INFO] [1789488639.705662511] [robot_1.robot_supervisor]: Selected controllable event: EV_move_forward
[balanced_delivery_supervisor-20] [INFO] [1789488639.792680449] [robot_0.robot_supervisor]: Selected controllable event: EV_search_zone
[balanced_delivery_supervisor-22] [INFO] [1789488639.976164789] [robot_2.robot_supervisor]: Selected controllable event: EV_search_zone
[balanced_delivery_supervisor-20] [INFO] [1789488639.994892909] [robot_0.robot_supervisor]: Selected controllable event: EV_search_zone
[balanced_delivery_supervisor-24] [INFO] [1789488640.000738019] [robot_1.robot_supervisor]: Triggered uncontrollable event: EV_zone_a_visible
[balanced_delivery_supervisor-24] [INFO] [1789488640.001330806] [robot_1.robot_supervisor]: Triggered uncontrollable event: EV_zone_b_visible
[balanced_delivery_supervisor-24] [INFO] [1789488640.007492193] [robot_1.robot_supervisor]: Selected controllable event: EV_approach_zone
[balanced_delivery_supervisor-22] [INFO] [1789488640.172974507] [robot_2.robot_supervisor]: Selected controllable event: EV_search_zone
[balanced_delivery_supervisor-20] [INFO] [1789488640.186607036] [robot_0.robot_supervisor]: Selected controllable event: EV_search_zone
[balanced_delivery_supervisor-24] [INFO] [1789488640.295025828] [robot_1.robot_supervisor]: Selected controllable event: EV_approach_zone
[balanced_delivery_supervisor-20] [INFO] [1789488640.299710386] [robot_0.robot_supervisor]: Triggered uncontrollable event: EV_zone_a_not_visible
[balanced_delivery_supervisor-20] [INFO] [1789488640.300370967] [robot_0.robot_supervisor]: Triggered uncontrollable event: EV_obstacle_right
[balanced_delivery_supervisor-20] [INFO] [1789488640.315868399] [robot_0.robot_supervisor]: Selected controllable event: EV_u_turn
[balanced_delivery_supervisor-20] [INFO] [1789488640.316613730] [robot_0.robot_supervisor]: Starting FULL ROTATE (omega=1.000, have_odom=True, target_rad=3.142, timeout_s=3.500)
[balanced_delivery_supervisor-22] [INFO] [1789488640.388678452] [robot_2.robot_supervisor]: Triggered uncontrollable event: EV_zone_a_not_visible
[balanced_delivery_supervisor-22] [INFO] [1789488640.392341541] [robot_2.robot_supervisor]: Triggered uncontrollable event: EV_zone_b_not_visible
[balanced_delivery_supervisor-22] [INFO] [1789488640.393105787] [robot_2.robot_supervisor]: Selected controllable event: EV_move_forward
[balanced_delivery_supervisor-24] [INFO] [1789488640.501792413] [robot_1.robot_supervisor]: Triggered uncontrollable event: EV_zone_a_visible
[balanced_delivery_supervisor-24] [INFO] [1789488640.502411640] [robot_1.robot_supervisor]: Triggered uncontrollable event: EV_zone_b_visible
[balanced_delivery_supervisor-24] [INFO] [1789488640.518449171] [robot_1.robot_supervisor]: Selected controllable event: EV_approach_zone
[balanced_delivery_supervisor-22] [INFO] [1789488640.674622447] [robot_2.robot_supervisor]: Selected controllable event: EV_move_forward
[balanced_delivery_supervisor-24] [INFO] [1789488640.798928580] [robot_1.robot_supervisor]: Selected controllable event: EV_move_forward
[balanced_delivery_supervisor-22] [INFO] [1789488640.982750938] [robot_2.robot_supervisor]: Selected controllable event: EV_search_zone
[balanced_delivery_supervisor-24] [INFO] [1789488641.100331871] [robot_1.robot_supervisor]: Triggered uncontrollable event: EV_zone_a_visible
[balanced_delivery_supervisor-24] [INFO] [1789488641.101103269] [robot_1.robot_supervisor]: Selected controllable event: EV_move_forward
[balanced_delivery_supervisor-22] [INFO] [1789488641.168370516] [robot_2.robot_supervisor]: Triggered uncontrollable event: EV_zone_a_not_visible
[balanced_delivery_supervisor-22] [INFO] [1789488641.168944701] [robot_2.robot_supervisor]: Triggered uncontrollable event: EV_zone_b_not_visible
[balanced_delivery_supervisor-22] [INFO] [1789488641.184399292] [robot_2.robot_supervisor]: Selected controllable event: EV_search_zone
[balanced_delivery_supervisor-22] [INFO] [1789488641.287584651] [robot_2.robot_supervisor]: Selected controllable event: EV_search_zone
[balanced_delivery_supervisor-24] [INFO] [1789488641.308930832] [robot_1.robot_supervisor]: Triggered uncontrollable event: EV_zone_b_visible
[balanced_delivery_supervisor-24] [INFO] [1789488641.318053665] [robot_1.robot_supervisor]: Selected controllable event: EV_move_forward
[balanced_delivery_supervisor-22] [INFO] [1789488641.485738877] [robot_2.robot_supervisor]: Selected controllable event: EV_search_zone
[color_detector-27] [INFO] [1789488641.558593464] [robot_0.target_detector]: RGB HEARTBEAT frames_total=160 recent_rate_hz=1.353 last_frame_age_s=0.626 status=OK
[color_detector-29] [INFO] [1789488641.588247058] [robot_2.target_detector]: RGB HEARTBEAT frames_total=160 recent_rate_hz=1.350 last_frame_age_s=0.620 status=OK
[color_detector-31] [INFO] [1789488641.594071918] [robot_1.target_detector]: RGB HEARTBEAT frames_total=160 recent_rate_hz=1.351 last_frame_age_s=0.537 status=OK
[balanced_delivery_supervisor-24] [INFO] [1789488641.598549036] [robot_1.robot_supervisor]: Selected controllable event: EV_approach_zone
[balanced_delivery_supervisor-22] [INFO] [1789488641.683935035] [robot_2.robot_supervisor]: Selected controllable event: EV_search_zone
[balanced_delivery_supervisor-24] [INFO] [1789488641.807010259] [robot_1.robot_supervisor]: Triggered uncontrollable event: EV_zone_a_visible
[balanced_delivery_supervisor-24] [INFO] [1789488641.807615898] [robot_1.robot_supervisor]: Triggered uncontrollable event: EV_zone_b_visible
[balanced_delivery_supervisor-24] [INFO] [1789488641.816020017] [robot_1.robot_supervisor]: Selected controllable event: EV_approach_zone
[balanced_delivery_supervisor-22] [INFO] [1789488641.867299181] [robot_2.robot_supervisor]: Triggered uncontrollable event: EV_zone_a_not_visible
[balanced_delivery_supervisor-22] [INFO] [1789488641.867968064] [robot_2.robot_supervisor]: Triggered uncontrollable event: EV_zone_b_not_visible
[balanced_delivery_supervisor-22] [INFO] [1789488641.887526490] [robot_2.robot_supervisor]: Selected controllable event: EV_move_forward
[balanced_delivery_supervisor-24] [INFO] [1789488642.102990668] [robot_1.robot_supervisor]: Selected controllable event: EV_move_forward
[balanced_delivery_supervisor-22] [INFO] [1789488642.172068217] [robot_2.robot_supervisor]: Selected controllable event: EV_move_forward
[balanced_delivery_supervisor-24] [INFO] [1789488642.392888894] [robot_1.robot_supervisor]: Selected controllable event: EV_move_forward
[balanced_delivery_supervisor-22] [INFO] [1789488642.496912420] [robot_2.robot_supervisor]: Triggered uncontrollable event: EV_zone_a_not_visible
[balanced_delivery_supervisor-22] [INFO] [1789488642.511396830] [robot_2.robot_supervisor]: Selected controllable event: EV_move_forward
[balanced_delivery_supervisor-24] [INFO] [1789488642.613497700] [robot_1.robot_supervisor]: Triggered uncontrollable event: EV_zone_a_visible
[balanced_delivery_supervisor-24] [INFO] [1789488642.620895993] [robot_1.robot_supervisor]: Selected controllable event: EV_approach_zone
[balanced_delivery_supervisor-22] [INFO] [1789488642.775047150] [robot_2.robot_supervisor]: Triggered uncontrollable event: EV_zone_b_not_visible
[balanced_delivery_supervisor-22] [INFO] [1789488642.797487472] [robot_2.robot_supervisor]: Selected controllable event: EV_search_zone
[balanced_delivery_supervisor-24] [INFO] [1789488642.895580589] [robot_1.robot_supervisor]: Triggered uncontrollable event: EV_zone_b_visible
[balanced_delivery_supervisor-24] [INFO] [1789488642.896377076] [robot_1.robot_supervisor]: Selected controllable event: EV_move_forward
[balanced_delivery_supervisor-22] [INFO] [1789488642.965251801] [robot_2.robot_supervisor]: Selected controllable event: EV_search_zone
[balanced_delivery_supervisor-22] [INFO] [1789488643.084734123] [robot_2.robot_supervisor]: Selected controllable event: EV_move_forward
[balanced_delivery_supervisor-24] [INFO] [1789488643.199806694] [robot_1.robot_supervisor]: Selected controllable event: EV_move_forward
[balanced_delivery_supervisor-22] [INFO] [1789488643.393422889] [robot_2.robot_supervisor]: Triggered uncontrollable event: EV_zone_a_not_visible
[balanced_delivery_supervisor-22] [INFO] [1789488643.394572255] [robot_2.robot_supervisor]: Triggered uncontrollable event: EV_zone_b_not_visible
[balanced_delivery_supervisor-22] [INFO] [1789488643.395606004] [robot_2.robot_supervisor]: Selected controllable event: EV_move_forward
[balanced_delivery_supervisor-24] [INFO] [1789488643.499735109] [robot_1.robot_supervisor]: Triggered uncontrollable event: EV_zone_a_visible
[balanced_delivery_supervisor-24] [INFO] [1789488643.509622536] [robot_1.robot_supervisor]: Triggered uncontrollable event: EV_zone_b_visible
[balanced_delivery_supervisor-24] [INFO] [1789488643.516123012] [robot_1.robot_supervisor]: Selected controllable event: EV_approach_zone
[balanced_delivery_supervisor-22] [INFO] [1789488643.666535021] [robot_2.robot_supervisor]: Selected controllable event: EV_search_zone
[balanced_delivery_supervisor-22] [INFO] [1789488643.776259005] [robot_2.robot_supervisor]: Selected controllable event: EV_search_zone
[balanced_delivery_supervisor-24] [INFO] [1789488643.810659653] [robot_1.robot_supervisor]: Selected controllable event: EV_move_forward
[balanced_delivery_supervisor-20] [INFO] [1789488643.889420005] [robot_0.robot_supervisor]: FULL ROTATE completed by timeout
[balanced_delivery_supervisor-22] [INFO] [1789488643.965877427] [robot_2.robot_supervisor]: Selected controllable event: EV_move_forward
[balanced_delivery_supervisor-24] [INFO] [1789488644.034153840] [robot_1.robot_supervisor]: Selected controllable event: EV_move_forward
[balanced_delivery_supervisor-22] [INFO] [1789488644.167992786] [robot_2.robot_supervisor]: Triggered uncontrollable event: EV_zone_a_not_visible
[balanced_delivery_supervisor-22] [INFO] [1789488644.168726109] [robot_2.robot_supervisor]: Triggered uncontrollable event: EV_zone_b_not_visible
[balanced_delivery_supervisor-22] [INFO] [1789488644.169617519] [robot_2.robot_supervisor]: Selected controllable event: EV_search_zone
[balanced_delivery_supervisor-20] [INFO] [1789488644.192803456] [robot_0.robot_supervisor]: Triggered uncontrollable event: EV_zone_b_visible
[balanced_delivery_supervisor-20] [INFO] [1789488644.193511788] [robot_0.robot_supervisor]: Triggered uncontrollable event: EV_zone_a_not_visible
[balanced_delivery_supervisor-20] [INFO] [1789488644.213162147] [robot_0.robot_supervisor]: Selected controllable event: EV_move_forward
[balanced_delivery_supervisor-24] [INFO] [1789488644.307912751] [robot_1.robot_supervisor]: Triggered uncontrollable event: EV_zone_a_visible
[balanced_delivery_supervisor-24] [INFO] [1789488644.310986097] [robot_1.robot_supervisor]: Triggered uncontrollable event: EV_zone_b_visible
[balanced_delivery_supervisor-24] [INFO] [1789488644.318737536] [robot_1.robot_supervisor]: Selected controllable event: EV_move_forward
[balanced_delivery_supervisor-22] [INFO] [1789488644.382081884] [robot_2.robot_supervisor]: Selected controllable event: EV_search_zone
[balanced_delivery_supervisor-20] [INFO] [1789488644.494439592] [robot_0.robot_supervisor]: Selected controllable event: EV_approach_zone
[balanced_delivery_supervisor-22] [INFO] [1789488644.586071913] [robot_2.robot_supervisor]: Selected controllable event: EV_search_zone
[balanced_delivery_supervisor-24] [INFO] [1789488644.605902112] [robot_1.robot_supervisor]: Selected controllable event: EV_move_forward
[balanced_delivery_supervisor-22] [INFO] [1789488644.688063030] [robot_2.robot_supervisor]: Selected controllable event: EV_search_zone
[balanced_delivery_supervisor-20] [INFO] [1789488644.708164909] [robot_0.robot_supervisor]: Selected controllable event: EV_move_forward
[balanced_delivery_supervisor-22] [INFO] [1789488644.872967248] [robot_2.robot_supervisor]: Selected controllable event: EV_search_zone
[balanced_delivery_supervisor-24] [INFO] [1789488644.902527329] [robot_1.robot_supervisor]: Selected controllable event: EV_move_forward
[balanced_delivery_supervisor-20] [INFO] [1789488645.013948448] [robot_0.robot_supervisor]: Triggered uncontrollable event: EV_zone_b_visible
[balanced_delivery_supervisor-20] [INFO] [1789488645.014892658] [robot_0.robot_supervisor]: Triggered uncontrollable event: EV_zone_a_not_visible
[balanced_delivery_supervisor-20] [INFO] [1789488645.015860242] [robot_0.robot_supervisor]: Selected controllable event: EV_move_forward
[balanced_delivery_supervisor-22] [INFO] [1789488645.090207584] [robot_2.robot_supervisor]: Triggered uncontrollable event: EV_zone_a_not_visible
[balanced_delivery_supervisor-22] [INFO] [1789488645.090900302] [robot_2.robot_supervisor]: Triggered uncontrollable event: EV_zone_b_not_visible
[balanced_delivery_supervisor-22] [INFO] [1789488645.091709506] [robot_2.robot_supervisor]: Selected controllable event: EV_search_zone
[balanced_delivery_supervisor-24] [INFO] [1789488645.185725227] [robot_1.robot_supervisor]: Triggered uncontrollable event: EV_zone_a_visible
[balanced_delivery_supervisor-24] [INFO] [1789488645.196869884] [robot_1.robot_supervisor]: Triggered uncontrollable event: EV_zone_b_visible
[balanced_delivery_supervisor-24] [INFO] [1789488645.197909814] [robot_1.robot_supervisor]: Selected controllable event: EV_move_forward
[balanced_delivery_supervisor-22] [INFO] [1789488645.281881083] [robot_2.robot_supervisor]: Selected controllable event: EV_move_forward
[balanced_delivery_supervisor-20] [INFO] [1789488645.293648884] [robot_0.robot_supervisor]: Selected controllable event: EV_approach_zone
[balanced_delivery_supervisor-24] [INFO] [1789488645.485736612] [robot_1.robot_supervisor]: Selected controllable event: EV_approach_zone
[balanced_delivery_supervisor-22] [INFO] [1789488645.491518644] [robot_2.robot_supervisor]: Selected controllable event: EV_search_zone
[balanced_delivery_supervisor-20] [INFO] [1789488645.619996296] [robot_0.robot_supervisor]: Selected controllable event: EV_approach_zone
[balanced_delivery_supervisor-22] [INFO] [1789488645.698173879] [robot_2.robot_supervisor]: Selected controllable event: EV_move_forward
[balanced_delivery_supervisor-24] [INFO] [1789488645.788669308] [robot_1.robot_supervisor]: Triggered uncontrollable event: EV_zone_a_visible
[balanced_delivery_supervisor-24] [INFO] [1789488645.801643895] [robot_1.robot_supervisor]: Triggered uncontrollable event: EV_zone_b_visible
[balanced_delivery_supervisor-24] [INFO] [1789488645.802582883] [robot_1.robot_supervisor]: Selected controllable event: EV_move_forward
[balanced_delivery_supervisor-20] [INFO] [1789488645.895237164] [robot_0.robot_supervisor]: Triggered uncontrollable event: EV_zone_b_visible
[balanced_delivery_supervisor-20] [INFO] [1789488645.896215242] [robot_0.robot_supervisor]: Triggered uncontrollable event: EV_zone_a_not_visible
[balanced_delivery_supervisor-20] [INFO] [1789488645.900364718] [robot_0.robot_supervisor]: Selected controllable event: EV_approach_zone
[balanced_delivery_supervisor-22] [INFO] [1789488645.977931031] [robot_2.robot_supervisor]: Triggered uncontrollable event: EV_zone_a_not_visible
[balanced_delivery_supervisor-22] [INFO] [1789488645.982016822] [robot_2.robot_supervisor]: Triggered uncontrollable event: EV_zone_b_not_visible
[balanced_delivery_supervisor-22] [INFO] [1789488645.990495363] [robot_2.robot_supervisor]: Selected controllable event: EV_move_forward
[balanced_delivery_supervisor-24] [INFO] [1789488646.103246059] [robot_1.robot_supervisor]: Selected controllable event: EV_approach_zone
[balanced_delivery_supervisor-20] [INFO] [1789488646.188388958] [robot_0.robot_supervisor]: Selected controllable event: EV_approach_zone
[balanced_delivery_supervisor-22] [INFO] [1789488646.272171955] [robot_2.robot_supervisor]: Selected controllable event: EV_move_forward
[balanced_delivery_supervisor-24] [INFO] [1789488646.324655917] [robot_1.robot_supervisor]: Selected controllable event: EV_approach_zone
[balanced_delivery_supervisor-20] [INFO] [1789488646.413332858] [robot_0.robot_supervisor]: Selected controllable event: EV_move_forward
[balanced_delivery_supervisor-22] [INFO] [1789488646.487516292] [robot_2.robot_supervisor]: Selected controllable event: EV_move_forward
[balanced_delivery_supervisor-24] [INFO] [1789488646.595434368] [robot_1.robot_supervisor]: Selected controllable event: EV_move_forward
[balanced_delivery_supervisor-20] [INFO] [1789488646.615637197] [robot_0.robot_supervisor]: Triggered uncontrollable event: EV_zone_a_not_visible
[balanced_delivery_supervisor-20] [INFO] [1789488646.616626870] [robot_0.robot_supervisor]: Selected controllable event: EV_approach_zone
[balanced_delivery_supervisor-22] [INFO] [1789488646.789826269] [robot_2.robot_supervisor]: Triggered uncontrollable event: EV_zone_a_not_visible
[balanced_delivery_supervisor-22] [INFO] [1789488646.790618252] [robot_2.robot_supervisor]: Triggered uncontrollable event: EV_zone_b_not_visible
[balanced_delivery_supervisor-22] [INFO] [1789488646.791504541] [robot_2.robot_supervisor]: Selected controllable event: EV_search_zone
[balanced_delivery_supervisor-24] [INFO] [1789488646.804056366] [robot_1.robot_supervisor]: Triggered uncontrollable event: EV_zone_a_visible
[balanced_delivery_supervisor-24] [INFO] [1789488646.805966651] [robot_1.robot_supervisor]: Triggered uncontrollable event: EV_zone_b_visible
[balanced_delivery_supervisor-24] [INFO] [1789488646.812831575] [robot_1.robot_supervisor]: Selected controllable event: EV_approach_zone
[balanced_delivery_supervisor-20] [INFO] [1789488646.906972781] [robot_0.robot_supervisor]: Triggered uncontrollable event: EV_zone_b_visible
[balanced_delivery_supervisor-20] [INFO] [1789488646.922343108] [robot_0.robot_supervisor]: Selected controllable event: EV_move_forward
[balanced_delivery_supervisor-22] [INFO] [1789488646.966632230] [robot_2.robot_supervisor]: Selected controllable event: EV_move_forward
[balanced_delivery_supervisor-24] [INFO] [1789488647.107186562] [robot_1.robot_supervisor]: Selected controllable event: EV_move_forward
[balanced_delivery_supervisor-20] [INFO] [1789488647.204155884] [robot_0.robot_supervisor]: Selected controllable event: EV_approach_zone
[balanced_delivery_supervisor-22] [INFO] [1789488647.268101435] [robot_2.robot_supervisor]: Selected controllable event: EV_search_zone
[balanced_delivery_supervisor-22] [INFO] [1789488647.385156373] [robot_2.robot_supervisor]: Triggered uncontrollable event: EV_zone_a_not_visible
[balanced_delivery_supervisor-22] [INFO] [1789488647.386175803] [robot_2.robot_supervisor]: Selected controllable event: EV_move_forward
[balanced_delivery_supervisor-24] [INFO] [1789488647.402686059] [robot_1.robot_supervisor]: Triggered uncontrollable event: EV_zone_a_visible
[balanced_delivery_supervisor-24] [INFO] [1789488647.403758537] [robot_1.robot_supervisor]: Selected controllable event: EV_approach_zone
[balanced_delivery_supervisor-20] [INFO] [1789488647.492932679] [robot_0.robot_supervisor]: Triggered uncontrollable event: EV_zone_b_visible
[balanced_delivery_supervisor-20] [INFO] [1789488647.495644586] [robot_0.robot_supervisor]: Triggered uncontrollable event: EV_zone_a_not_visible
[balanced_delivery_supervisor-20] [INFO] [1789488647.509949708] [robot_0.robot_supervisor]: Selected controllable event: EV_approach_zone
[balanced_delivery_supervisor-22] [INFO] [1789488647.693059635] [robot_2.robot_supervisor]: Triggered uncontrollable event: EV_zone_b_not_visible
[balanced_delivery_supervisor-22] [INFO] [1789488647.704659926] [robot_2.robot_supervisor]: Selected controllable event: EV_move_forward
[balanced_delivery_supervisor-24] [INFO] [1789488647.712589323] [robot_1.robot_supervisor]: Triggered uncontrollable event: EV_zone_b_visible
[balanced_delivery_supervisor-24] [INFO] [1789488647.724483538] [robot_1.robot_supervisor]: Selected controllable event: EV_approach_zone
[balanced_delivery_supervisor-20] [INFO] [1789488647.794553512] [robot_0.robot_supervisor]: Selected controllable event: EV_approach_zone
[balanced_delivery_supervisor-22] [INFO] [1789488647.972793261] [robot_2.robot_supervisor]: Selected controllable event: EV_search_zone
[balanced_delivery_supervisor-24] [INFO] [1789488647.989635925] [robot_1.robot_supervisor]: Selected controllable event: EV_move_forward
[balanced_delivery_supervisor-22] [INFO] [1789488648.098861391] [robot_2.robot_supervisor]: Selected controllable event: EV_search_zone
[balanced_delivery_supervisor-20] [INFO] [1789488648.111824539] [robot_0.robot_supervisor]: Selected controllable event: EV_approach_zone
[balanced_delivery_supervisor-24] [INFO] [1789488648.293292907] [robot_1.robot_supervisor]: Triggered uncontrollable event: EV_zone_a_visible
[balanced_delivery_supervisor-22] [INFO] [1789488648.297453578] [robot_2.robot_supervisor]: Triggered uncontrollable event: EV_zone_a_not_visible
[balanced_delivery_supervisor-22] [INFO] [1789488648.298333254] [robot_2.robot_supervisor]: Selected controllable event: EV_search_zone
[balanced_delivery_supervisor-24] [INFO] [1789488648.309283881] [robot_1.robot_supervisor]: Selected controllable event: EV_approach_zone
[balanced_delivery_supervisor-20] [INFO] [1789488648.391109457] [robot_0.robot_supervisor]: Triggered uncontrollable event: EV_zone_b_visible
[balanced_delivery_supervisor-20] [INFO] [1789488648.406458346] [robot_0.robot_supervisor]: Triggered uncontrollable event: EV_zone_a_not_visible
[balanced_delivery_supervisor-20] [INFO] [1789488648.407415409] [robot_0.robot_supervisor]: Selected controllable event: EV_approach_zone
[balanced_delivery_supervisor-22] [INFO] [1789488648.474946013] [robot_2.robot_supervisor]: Triggered uncontrollable event: EV_zone_b_not_visible
[balanced_delivery_supervisor-22] [INFO] [1789488648.475816473] [robot_2.robot_supervisor]: Selected controllable event: EV_search_zone
[balanced_delivery_supervisor-24] [INFO] [1789488648.608345071] [robot_1.robot_supervisor]: Triggered uncontrollable event: EV_zone_b_visible
[balanced_delivery_supervisor-20] [INFO] [1789488648.609824380] [robot_0.robot_supervisor]: Selected controllable event: EV_move_forward
[balanced_delivery_supervisor-24] [INFO] [1789488648.618239345] [robot_1.robot_supervisor]: Selected controllable event: EV_move_forward
[balanced_delivery_supervisor-22] [INFO] [1789488648.666218280] [robot_2.robot_supervisor]: Selected controllable event: EV_move_forward
[balanced_delivery_supervisor-22] [INFO] [1789488648.882195196] [robot_2.robot_supervisor]: Selected controllable event: EV_search_zone
[balanced_delivery_supervisor-20] [INFO] [1789488648.896229376] [robot_0.robot_supervisor]: Selected controllable event: EV_move_forward
[balanced_delivery_supervisor-24] [INFO] [1789488648.905587636] [robot_1.robot_supervisor]: Selected controllable event: EV_approach_zone
[balanced_delivery_supervisor-22] [INFO] [1789488649.083409518] [robot_2.robot_supervisor]: Selected controllable event: EV_search_zone
[balanced_delivery_supervisor-22] [INFO] [1789488649.190351435] [robot_2.robot_supervisor]: Triggered uncontrollable event: EV_zone_a_not_visible
[balanced_delivery_supervisor-22] [INFO] [1789488649.193406460] [robot_2.robot_supervisor]: Triggered uncontrollable event: EV_zone_b_not_visible
[balanced_delivery_supervisor-24] [INFO] [1789488649.190770332] [robot_1.robot_supervisor]: Triggered uncontrollable event: EV_zone_a_visible
[balanced_delivery_supervisor-22] [INFO] [1789488649.200846249] [robot_2.robot_supervisor]: Selected controllable event: EV_search_zone
[balanced_delivery_supervisor-20] [INFO] [1789488649.200932182] [robot_0.robot_supervisor]: Triggered uncontrollable event: EV_zone_b_visible
[balanced_delivery_supervisor-24] [INFO] [1789488649.208276791] [robot_1.robot_supervisor]: Selected controllable event: EV_move_forward
[balanced_delivery_supervisor-20] [INFO] [1789488649.219244020] [robot_0.robot_supervisor]: Triggered uncontrollable event: EV_zone_a_not_visible
[balanced_delivery_supervisor-20] [INFO] [1789488649.220170009] [robot_0.robot_supervisor]: Selected controllable event: EV_move_forward
[balanced_delivery_supervisor-22] [INFO] [1789488649.376840580] [robot_2.robot_supervisor]: Selected controllable event: EV_move_forward
[balanced_delivery_supervisor-24] [INFO] [1789488649.498570393] [robot_1.robot_supervisor]: Triggered uncontrollable event: EV_zone_b_visible
[balanced_delivery_supervisor-20] [INFO] [1789488649.509579199] [robot_0.robot_supervisor]: Selected controllable event: EV_approach_zone
[balanced_delivery_supervisor-24] [INFO] [1789488649.514175696] [robot_1.robot_supervisor]: Selected controllable event: EV_move_forward
[balanced_delivery_supervisor-22] [INFO] [1789488649.586969399] [robot_2.robot_supervisor]: Selected controllable event: EV_move_forward
[color_detector-29] [INFO] [1789488649.753733042] [robot_2.target_detector]: RGB HEARTBEAT frames_total=170 recent_rate_hz=1.225 last_frame_age_s=0.702 status=OK
[color_detector-27] [INFO] [1789488649.757471327] [robot_0.target_detector]: RGB HEARTBEAT frames_total=170 recent_rate_hz=1.220 last_frame_age_s=0.755 status=OK
[color_detector-31] [INFO] [1789488649.761288750] [robot_1.target_detector]: RGB HEARTBEAT frames_total=170 recent_rate_hz=1.224 last_frame_age_s=0.668 status=OK
[balanced_delivery_supervisor-20] [INFO] [1789488649.797680180] [robot_0.robot_supervisor]: Selected controllable event: EV_approach_zone
[balanced_delivery_supervisor-24] [INFO] [1789488649.811327039] [robot_1.robot_supervisor]: Selected controllable event: EV_approach_zone
[balanced_delivery_supervisor-22] [INFO] [1789488649.894974759] [robot_2.robot_supervisor]: Selected controllable event: EV_move_forward
[balanced_delivery_supervisor-20] [INFO] [1789488650.089635089] [robot_0.robot_supervisor]: DELIVERED zone_b; balance=zone_b_has_extra
[balanced_delivery_supervisor-20] [INFO] [1789488650.097789575] [robot_0.robot_supervisor]: Triggered uncontrollable event: EV_zone_a_not_visible
[balanced_delivery_supervisor-20] [INFO] [1789488650.098543895] [robot_0.robot_supervisor]: Triggered uncontrollable event: EV_zone_b_reached
[balanced_delivery_supervisor-20] [INFO] [1789488650.099458274] [robot_0.robot_supervisor]: Selected controllable event: EV_drop_zone_b
[balanced_delivery_supervisor-24] [INFO] [1789488650.098515315] [robot_1.robot_supervisor]: Triggered uncontrollable event: EV_zone_a_visible
[balanced_delivery_supervisor-24] [INFO] [1789488650.104567610] [robot_1.robot_supervisor]: Triggered uncontrollable event: EV_zone_b_visible
[balanced_delivery_supervisor-24] [INFO] [1789488650.110332596] [robot_1.robot_supervisor]: Selected controllable event: EV_approach_zone
[balanced_delivery_supervisor-22] [INFO] [1789488650.131243947] [robot_2.robot_supervisor]: RECEIVED zone_b; balance=zone_b_has_extra
[balanced_delivery_supervisor-24] [INFO] [1789488650.134182065] [robot_1.robot_supervisor]: RECEIVED zone_b; balance=zone_b_has_extra
[balanced_delivery_supervisor-20] [INFO] [1789488650.157695743] [robot_0.robot_supervisor]: Delivered cargo 'robot_0_carried_generic_box' removed.
[balanced_delivery_supervisor-22] [INFO] [1789488650.186491303] [robot_2.robot_supervisor]: Triggered uncontrollable event: EV_zone_a_not_visible
[balanced_delivery_supervisor-22] [INFO] [1789488650.195504629] [robot_2.robot_supervisor]: Triggered uncontrollable event: EV_zone_b_not_visible
[balanced_delivery_supervisor-22] [INFO] [1789488650.197476006] [robot_2.robot_supervisor]: Triggered uncontrollable event: EV_received_delivered_zone_b
[balanced_delivery_supervisor-22] [INFO] [1789488650.198283922] [robot_2.robot_supervisor]: Selected controllable event: EV_search_zone
[balanced_delivery_supervisor-20] [INFO] [1789488650.205149621] [robot_0.robot_supervisor]: Selected controllable event: EV_move_forward
[balanced_delivery_supervisor-22] [INFO] [1789488650.385731732] [robot_2.robot_supervisor]: Selected controllable event: EV_move_forward
[balanced_delivery_supervisor-24] [INFO] [1789488650.413918934] [robot_1.robot_supervisor]: Triggered uncontrollable event: EV_received_delivered_zone_b
[balanced_delivery_supervisor-24] [INFO] [1789488650.423588968] [robot_1.robot_supervisor]: Selected controllable event: EV_approach_zone
[balanced_delivery_supervisor-20] [INFO] [1789488650.492933805] [robot_0.robot_supervisor]: Selected controllable event: EV_publish_delivered_zone_b
[balanced_delivery_supervisor-20] [INFO] [1789488650.597804936] [robot_0.robot_supervisor]: Selected controllable event: EV_search_object
[balanced_delivery_supervisor-24] [INFO] [1789488650.692603949] [robot_1.robot_supervisor]: Selected controllable event: EV_approach_zone
[balanced_delivery_supervisor-22] [INFO] [1789488650.697765819] [robot_2.robot_supervisor]: Selected controllable event: EV_move_forward
[balanced_delivery_supervisor-20] [INFO] [1789488650.781136939] [robot_0.robot_supervisor]: ############################# VISIBLE: EV_object_visible #############################
[balanced_delivery_supervisor-20] [INFO] [1789488650.782061893] [robot_0.robot_supervisor]: Selected controllable event: EV_move_forward
[balanced_delivery_supervisor-24] [INFO] [1789488650.913112842] [robot_1.robot_supervisor]: Triggered uncontrollable event: EV_zone_a_visible
[balanced_delivery_supervisor-24] [INFO] [1789488650.917498660] [robot_1.robot_supervisor]: Selected controllable event: EV_move_forward
[balanced_delivery_supervisor-22] [INFO] [1789488650.969126952] [robot_2.robot_supervisor]: Triggered uncontrollable event: EV_zone_a_not_visible
[balanced_delivery_supervisor-22] [INFO] [1789488650.974943927] [robot_2.robot_supervisor]: Triggered uncontrollable event: EV_zone_b_not_visible
[balanced_delivery_supervisor-22] [INFO] [1789488650.977056704] [robot_2.robot_supervisor]: Selected controllable event: EV_move_forward
[balanced_delivery_supervisor-20] [INFO] [1789488650.986345111] [robot_0.robot_supervisor]: Selected controllable event: EV_approach_object
[balanced_delivery_supervisor-24] [INFO] [1789488651.200617358] [robot_1.robot_supervisor]: Triggered uncontrollable event: EV_zone_b_visible
[balanced_delivery_supervisor-24] [INFO] [1789488651.201547685] [robot_1.robot_supervisor]: Selected controllable event: EV_move_forward
[balanced_delivery_supervisor-20] [INFO] [1789488651.278471332] [robot_0.robot_supervisor]: Selected controllable event: EV_move_forward
[balanced_delivery_supervisor-22] [INFO] [1789488651.294343117] [robot_2.robot_supervisor]: Selected controllable event: EV_move_forward
[balanced_delivery_supervisor-24] [INFO] [1789488651.406761845] [robot_1.robot_supervisor]: Selected controllable event: EV_approach_zone
[balanced_delivery_supervisor-20] [INFO] [1789488651.502219596] [robot_0.robot_supervisor]: Triggered uncontrollable event: EV_obstacle_front
[balanced_delivery_supervisor-20] [INFO] [1789488651.520181266] [robot_0.robot_supervisor]: Selected controllable event: EV_rotate_clockwise
[balanced_delivery_supervisor-22] [INFO] [1789488651.601209564] [robot_2.robot_supervisor]: Triggered uncontrollable event: EV_zone_a_not_visible
[balanced_delivery_supervisor-22] [INFO] [1789488651.601909434] [robot_2.robot_supervisor]: Triggered uncontrollable event: EV_zone_b_not_visible
[balanced_delivery_supervisor-22] [INFO] [1789488651.602811661] [robot_2.robot_supervisor]: Selected controllable event: EV_search_zone
[balanced_delivery_supervisor-24] [INFO] [1789488651.620918395] [robot_1.robot_supervisor]: Triggered uncontrollable event: EV_zone_a_visible
[balanced_delivery_supervisor-24] [INFO] [1789488651.621737837] [robot_1.robot_supervisor]: Selected controllable event: EV_approach_zone
[balanced_delivery_supervisor-20] [INFO] [1789488651.690826645] [robot_0.robot_supervisor]: Triggered uncontrollable event: EV_obstacle_front
[balanced_delivery_supervisor-20] [INFO] [1789488651.704843626] [robot_0.robot_supervisor]: Triggered uncontrollable event: EV_object_not_visible
[balanced_delivery_supervisor-20] [INFO] [1789488651.707163909] [robot_0.robot_supervisor]: Selected controllable event: EV_u_turn
[balanced_delivery_supervisor-20] [INFO] [1789488651.715995148] [robot_0.robot_supervisor]: Starting FULL ROTATE (omega=1.000, have_odom=True, target_rad=3.142, timeout_s=3.500)
[balanced_delivery_supervisor-22] [INFO] [1789488651.771418892] [robot_2.robot_supervisor]: Selected controllable event: EV_move_forward
[balanced_delivery_supervisor-24] [INFO] [1789488651.897401419] [robot_1.robot_supervisor]: Triggered uncontrollable event: EV_zone_b_visible
[balanced_delivery_supervisor-24] [INFO] [1789488651.902726038] [robot_1.robot_supervisor]: Selected controllable event: EV_approach_zone
[balanced_delivery_supervisor-22] [INFO] [1789488652.071814910] [robot_2.robot_supervisor]: Selected controllable event: EV_move_forward
[balanced_delivery_supervisor-24] [INFO] [1789488652.202086755] [robot_1.robot_supervisor]: Selected controllable event: EV_move_forward
[balanced_delivery_supervisor-22] [INFO] [1789488652.376314513] [robot_2.robot_supervisor]: Triggered uncontrollable event: EV_zone_a_not_visible
[balanced_delivery_supervisor-22] [INFO] [1789488652.380997868] [robot_2.robot_supervisor]: Selected controllable event: EV_move_forward
[balanced_delivery_supervisor-24] [INFO] [1789488652.511914828] [robot_1.robot_supervisor]: Triggered uncontrollable event: EV_zone_a_visible
[balanced_delivery_supervisor-24] [INFO] [1789488652.512672687] [robot_1.robot_supervisor]: Triggered uncontrollable event: EV_zone_b_visible
[balanced_delivery_supervisor-24] [INFO] [1789488652.513652822] [robot_1.robot_supervisor]: Selected controllable event: EV_move_forward
[balanced_delivery_supervisor-22] [INFO] [1789488652.670963034] [robot_2.robot_supervisor]: Triggered uncontrollable event: EV_zone_b_not_visible
[balanced_delivery_supervisor-22] [INFO] [1789488652.682705928] [robot_2.robot_supervisor]: Selected controllable event: EV_move_forward
[balanced_delivery_supervisor-24] [INFO] [1789488652.805367888] [robot_1.robot_supervisor]: Selected controllable event: EV_move_forward
[balanced_delivery_supervisor-22] [INFO] [1789488652.886387752] [robot_2.robot_supervisor]: Selected controllable event: EV_move_forward
[balanced_delivery_supervisor-24] [INFO] [1789488653.020459790] [robot_1.robot_supervisor]: Selected controllable event: EV_move_forward
[balanced_delivery_supervisor-22] [INFO] [1789488653.186843287] [robot_2.robot_supervisor]: Triggered uncontrollable event: EV_zone_a_not_visible
[balanced_delivery_supervisor-22] [INFO] [1789488653.187515443] [robot_2.robot_supervisor]: Triggered uncontrollable event: EV_obstacle_right
[balanced_delivery_supervisor-22] [INFO] [1789488653.201561613] [robot_2.robot_supervisor]: Selected controllable event: EV_rotate_counterclockwise
[balanced_delivery_supervisor-24] [INFO] [1789488653.304476824] [robot_1.robot_supervisor]: Triggered uncontrollable event: EV_zone_a_visible
[balanced_delivery_supervisor-24] [INFO] [1789488653.316866128] [robot_1.robot_supervisor]: Selected controllable event: EV_move_forward
[balanced_delivery_supervisor-22] [INFO] [1789488653.383115522] [robot_2.robot_supervisor]: Triggered uncontrollable event: EV_obstacle_right
[balanced_delivery_supervisor-22] [INFO] [1789488653.383857800] [robot_2.robot_supervisor]: Triggered uncontrollable event: EV_zone_b_not_visible
[balanced_delivery_supervisor-22] [INFO] [1789488653.384652165] [robot_2.robot_supervisor]: Selected controllable event: EV_rotate_counterclockwise
[balanced_delivery_supervisor-22] [INFO] [1789488653.581313801] [robot_2.robot_supervisor]: Triggered uncontrollable event: EV_obstacle_right
[balanced_delivery_supervisor-22] [INFO] [1789488653.589037987] [robot_2.robot_supervisor]: Selected controllable event: EV_rotate_counterclockwise
[balanced_delivery_supervisor-24] [INFO] [1789488653.608029427] [robot_1.robot_supervisor]: Triggered uncontrollable event: EV_zone_b_visible
[balanced_delivery_supervisor-24] [INFO] [1789488653.609033702] [robot_1.robot_supervisor]: Selected controllable event: EV_approach_zone
[balanced_delivery_supervisor-22] [INFO] [1789488653.699334728] [robot_2.robot_supervisor]: Triggered uncontrollable event: EV_obstacle_right
[balanced_delivery_supervisor-22] [INFO] [1789488653.706551414] [robot_2.robot_supervisor]: Selected controllable event: EV_u_turn
[balanced_delivery_supervisor-22] [INFO] [1789488653.707355852] [robot_2.robot_supervisor]: Starting FULL ROTATE (omega=1.000, have_odom=True, target_rad=3.142, timeout_s=3.500)
[balanced_delivery_supervisor-24] [INFO] [1789488653.905067804] [robot_1.robot_supervisor]: Selected controllable event: EV_move_forward
[balanced_delivery_supervisor-24] [INFO] [1789488654.206596843] [robot_1.robot_supervisor]: Triggered uncontrollable event: EV_zone_a_visible
[balanced_delivery_supervisor-24] [INFO] [1789488654.207386885] [robot_1.robot_supervisor]: Triggered uncontrollable event: EV_zone_b_visible
[balanced_delivery_supervisor-24] [INFO] [1789488654.208168684] [robot_1.robot_supervisor]: Selected controllable event: EV_move_forward
[balanced_delivery_supervisor-24] [INFO] [1789488654.520869561] [robot_1.robot_supervisor]: Selected controllable event: EV_approach_zone
[balanced_delivery_supervisor-24] [INFO] [1789488654.789139758] [robot_1.robot_supervisor]: Triggered uncontrollable event: EV_zone_a_visible
[balanced_delivery_supervisor-24] [INFO] [1789488654.789763523] [robot_1.robot_supervisor]: Triggered uncontrollable event: EV_zone_b_visible
[balanced_delivery_supervisor-24] [INFO] [1789488654.808606254] [robot_1.robot_supervisor]: Selected controllable event: EV_approach_zone
[balanced_delivery_supervisor-24] [INFO] [1789488655.089790660] [robot_1.robot_supervisor]: Selected controllable event: EV_move_forward
[balanced_delivery_supervisor-20] [INFO] [1789488655.286685160] [robot_0.robot_supervisor]: FULL ROTATE completed by timeout
[balanced_delivery_supervisor-24] [INFO] [1789488655.300458859] [robot_1.robot_supervisor]: Selected controllable event: EV_move_forward
[balanced_delivery_supervisor-20] [INFO] [1789488655.493252134] [robot_0.robot_supervisor]: ############################# VISIBLE: EV_object_visible #############################
[balanced_delivery_supervisor-24] [INFO] [1789488655.505024550] [robot_1.robot_supervisor]: Triggered uncontrollable event: EV_zone_a_visible
[balanced_delivery_supervisor-20] [INFO] [1789488655.507789222] [robot_0.robot_supervisor]: Selected controllable event: EV_move_forward
[balanced_delivery_supervisor-24] [INFO] [1789488655.527787190] [robot_1.robot_supervisor]: Triggered uncontrollable event: EV_zone_b_visible
[balanced_delivery_supervisor-24] [INFO] [1789488655.528729178] [robot_1.robot_supervisor]: Selected controllable event: EV_move_forward
[balanced_delivery_supervisor-20] [INFO] [1789488655.786991153] [robot_0.robot_supervisor]: Selected controllable event: EV_approach_object
[balanced_delivery_supervisor-24] [INFO] [1789488655.789535197] [robot_1.robot_supervisor]: Selected controllable event: EV_approach_zone
[balanced_delivery_supervisor-20] [INFO] [1789488656.001756241] [robot_0.robot_supervisor]: Selected controllable event: EV_move_forward
[balanced_delivery_supervisor-24] [INFO] [1789488656.011755935] [robot_1.robot_supervisor]: Selected controllable event: EV_move_forward
[balanced_delivery_supervisor-20] [INFO] [1789488656.279291621] [robot_0.robot_supervisor]: ############################# VISIBLE: EV_object_visible #############################
[balanced_delivery_supervisor-20] [INFO] [1789488656.284137336] [robot_0.robot_supervisor]: Selected controllable event: EV_move_forward
[balanced_delivery_supervisor-24] [INFO] [1789488656.311240947] [robot_1.robot_supervisor]: Triggered uncontrollable event: EV_zone_b_visible
[balanced_delivery_supervisor-24] [INFO] [1789488656.317642648] [robot_1.robot_supervisor]: Triggered uncontrollable event: EV_zone_a_not_visible
[balanced_delivery_supervisor-24] [INFO] [1789488656.323544662] [robot_1.robot_supervisor]: Selected controllable event: EV_move_forward
[balanced_delivery_supervisor-20] [INFO] [1789488656.495884418] [robot_0.robot_supervisor]: Selected controllable event: EV_move_forward
[balanced_delivery_supervisor-24] [INFO] [1789488656.600139392] [robot_1.robot_supervisor]: Selected controllable event: EV_approach_zone
[balanced_delivery_supervisor-20] [INFO] [1789488656.719044666] [robot_0.robot_supervisor]: Selected controllable event: EV_approach_object
[balanced_delivery_supervisor-24] [INFO] [1789488656.815967169] [robot_1.robot_supervisor]: Selected controllable event: EV_approach_zone
[balanced_delivery_supervisor-20] [INFO] [1789488656.986638948] [robot_0.robot_supervisor]: ############################# VISIBLE: EV_object_visible #############################
[balanced_delivery_supervisor-20] [INFO] [1789488656.994660955] [robot_0.robot_supervisor]: Selected controllable event: EV_approach_object
[balanced_delivery_supervisor-24] [INFO] [1789488657.090465136] [robot_1.robot_supervisor]: Triggered uncontrollable event: EV_zone_b_visible
[balanced_delivery_supervisor-24] [INFO] [1789488657.096349804] [robot_1.robot_supervisor]: Triggered uncontrollable event: EV_zone_a_not_visible
[balanced_delivery_supervisor-24] [INFO] [1789488657.104354087] [robot_1.robot_supervisor]: Selected controllable event: EV_move_forward
[balanced_delivery_supervisor-22] [INFO] [1789488657.281729940] [robot_2.robot_supervisor]: FULL ROTATE completed by timeout
[balanced_delivery_supervisor-20] [INFO] [1789488657.288164233] [robot_0.robot_supervisor]: Selected controllable event: EV_approach_object
[balanced_delivery_supervisor-24] [INFO] [1789488657.401463023] [robot_1.robot_supervisor]: Selected controllable event: EV_approach_zone
[balanced_delivery_supervisor-22] [INFO] [1789488657.577241077] [robot_2.robot_supervisor]: Triggered uncontrollable event: EV_zone_a_visible
[balanced_delivery_supervisor-20] [INFO] [1789488657.582805447] [robot_0.robot_supervisor]: Selected controllable event: EV_move_forward
[balanced_delivery_supervisor-22] [INFO] [1789488657.587289697] [robot_2.robot_supervisor]: Triggered uncontrollable event: EV_zone_b_visible
[balanced_delivery_supervisor-22] [INFO] [1789488657.588113599] [robot_2.robot_supervisor]: Selected controllable event: EV_approach_zone
[color_detector-29] [INFO] [1789488657.612955147] [robot_2.target_detector]: RGB HEARTBEAT frames_total=180 recent_rate_hz=1.272 last_frame_age_s=0.661 status=OK
[color_detector-31] [INFO] [1789488657.618740609] [robot_1.target_detector]: RGB HEARTBEAT frames_total=180 recent_rate_hz=1.273 last_frame_age_s=0.628 status=OK
[color_detector-27] [INFO] [1789488657.627575207] [robot_0.target_detector]: RGB HEARTBEAT frames_total=180 recent_rate_hz=1.270 last_frame_age_s=0.738 status=OK
[balanced_delivery_supervisor-24] [INFO] [1789488657.704187521] [robot_1.robot_supervisor]: Selected controllable event: EV_approach_zone
[balanced_delivery_supervisor-22] [INFO] [1789488657.862175120] [robot_2.robot_supervisor]: Selected controllable event: EV_approach_zone
[balanced_delivery_supervisor-20] [INFO] [1789488657.890738522] [robot_0.robot_supervisor]: ############################# VISIBLE: EV_object_visible #############################
[balanced_delivery_supervisor-20] [INFO] [1789488657.891672692] [robot_0.robot_supervisor]: Selected controllable event: EV_move_forward
[balanced_delivery_supervisor-24] [INFO] [1789488658.005966678] [robot_1.robot_supervisor]: Triggered uncontrollable event: EV_zone_a_not_visible
[balanced_delivery_supervisor-24] [INFO] [1789488658.006718496] [robot_1.robot_supervisor]: Selected controllable event: EV_move_forward
[balanced_delivery_supervisor-22] [INFO] [1789488658.081572500] [robot_2.robot_supervisor]: Triggered uncontrollable event: EV_zone_a_visible
[balanced_delivery_supervisor-22] [INFO] [1789488658.091496443] [robot_2.robot_supervisor]: Triggered uncontrollable event: EV_zone_b_visible
[balanced_delivery_supervisor-22] [INFO] [1789488658.102580666] [robot_2.robot_supervisor]: Selected controllable event: EV_move_forward
[balanced_delivery_supervisor-20] [INFO] [1789488658.187354454] [robot_0.robot_supervisor]: Selected controllable event: EV_approach_object
[balanced_delivery_supervisor-24] [INFO] [1789488658.320398416] [robot_1.robot_supervisor]: Triggered uncontrollable event: EV_zone_b_visible
[balanced_delivery_supervisor-24] [INFO] [1789488658.321254830] [robot_1.robot_supervisor]: Selected controllable event: EV_approach_zone
[balanced_delivery_supervisor-22] [INFO] [1789488658.375103942] [robot_2.robot_supervisor]: Selected controllable event: EV_move_forward
[balanced_delivery_supervisor-20] [INFO] [1789488658.497484323] [robot_0.robot_supervisor]: Selected controllable event: EV_approach_object
[balanced_delivery_supervisor-22] [INFO] [1789488658.582703522] [robot_2.robot_supervisor]: Selected controllable event: EV_approach_zone
[balanced_delivery_supervisor-24] [INFO] [1789488658.611364611] [robot_1.robot_supervisor]: Selected controllable event: EV_move_forward
[balanced_delivery_supervisor-20] [INFO] [1789488658.787519842] [robot_0.robot_supervisor]: ############################# VISIBLE: EV_object_visible #############################
[balanced_delivery_supervisor-20] [INFO] [1789488658.805159819] [robot_0.robot_supervisor]: Selected controllable event: EV_approach_object
[balanced_delivery_supervisor-22] [INFO] [1789488658.893104496] [robot_2.robot_supervisor]: Triggered uncontrollable event: EV_zone_a_visible
[balanced_delivery_supervisor-22] [INFO] [1789488658.893834632] [robot_2.robot_supervisor]: Triggered uncontrollable event: EV_zone_b_visible
[balanced_delivery_supervisor-22] [INFO] [1789488658.894601015] [robot_2.robot_supervisor]: Selected controllable event: EV_move_forward
[balanced_delivery_supervisor-24] [INFO] [1789488658.908790946] [robot_1.robot_supervisor]: Triggered uncontrollable event: EV_zone_b_visible
[balanced_delivery_supervisor-24] [INFO] [1789488658.909320335] [robot_1.robot_supervisor]: Triggered uncontrollable event: EV_zone_a_not_visible
[balanced_delivery_supervisor-24] [INFO] [1789488658.910097388] [robot_1.robot_supervisor]: Selected controllable event: EV_move_forward
[balanced_delivery_supervisor-20] [INFO] [1789488659.099600973] [robot_0.robot_supervisor]: Selected controllable event: EV_move_forward
[balanced_delivery_supervisor-22] [INFO] [1789488659.180748617] [robot_2.robot_supervisor]: Selected controllable event: EV_move_forward
[balanced_delivery_supervisor-24] [INFO] [1789488659.188015939] [robot_1.robot_supervisor]: Selected controllable event: EV_approach_zone
[balanced_delivery_supervisor-22] [INFO] [1789488659.382401146] [robot_2.robot_supervisor]: Triggered uncontrollable event: EV_zone_a_visible
[balanced_delivery_supervisor-22] [INFO] [1789488659.383125145] [robot_2.robot_supervisor]: Selected controllable event: EV_approach_zone
[balanced_delivery_supervisor-20] [INFO] [1789488659.388655455] [robot_0.robot_supervisor]: ############################# REACHED: EV_object_reached #############################
[balanced_delivery_supervisor-20] [INFO] [1789488659.389270037] [robot_0.robot_supervisor]: Selected controllable event: EV_move_forward
[balanced_delivery_supervisor-24] [INFO] [1789488659.402160751] [robot_1.robot_supervisor]: Selected controllable event: EV_move_forward
[balanced_delivery_supervisor-20] [INFO] [1789488659.604249664] [robot_0.robot_supervisor]: Selected controllable event: EV_pick_up_object
[balanced_delivery_supervisor-20] [INFO] [1789488659.648350161] [robot_0.robot_supervisor]: Cargo 'robot_0_carried_generic_box' placed on robot.
[balanced_delivery_supervisor-22] [INFO] [1789488659.673789434] [robot_2.robot_supervisor]: Triggered uncontrollable event: EV_zone_b_visible
[balanced_delivery_supervisor-22] [INFO] [1789488659.674630192] [robot_2.robot_supervisor]: Selected controllable event: EV_approach_zone
[balanced_delivery_supervisor-24] [INFO] [1789488659.684312893] [robot_1.robot_supervisor]: Triggered uncontrollable event: EV_zone_b_visible
[balanced_delivery_supervisor-24] [INFO] [1789488659.684950766] [robot_1.robot_supervisor]: Triggered uncontrollable event: EV_zone_a_not_visible
[balanced_delivery_supervisor-24] [INFO] [1789488659.701957212] [robot_1.robot_supervisor]: Selected controllable event: EV_approach_zone
[balanced_delivery_supervisor-20] [INFO] [1789488659.887508049] [robot_0.robot_supervisor]: Selected controllable event: EV_search_zone
[balanced_delivery_supervisor-22] [INFO] [1789488659.970208795] [robot_2.robot_supervisor]: Selected controllable event: EV_move_forward
[balanced_delivery_supervisor-24] [INFO] [1789488659.988310562] [robot_1.robot_supervisor]: Selected controllable event: EV_move_forward
[balanced_delivery_supervisor-20] [INFO] [1789488660.093961612] [robot_0.robot_supervisor]: Triggered uncontrollable event: EV_zone_a_not_visible
[balanced_delivery_supervisor-20] [INFO] [1789488660.094576692] [robot_0.robot_supervisor]: Triggered uncontrollable event: EV_zone_b_not_visible
[balanced_delivery_supervisor-20] [INFO] [1789488660.095317640] [robot_0.robot_supervisor]: Selected controllable event: EV_move_forward
[balanced_delivery_supervisor-24] [INFO] [1789488660.211959566] [robot_1.robot_supervisor]: Triggered uncontrollable event: EV_zone_a_not_visible
[balanced_delivery_supervisor-24] [INFO] [1789488660.212786838] [robot_1.robot_supervisor]: Selected controllable event: EV_approach_zone
[balanced_delivery_supervisor-22] [INFO] [1789488660.292410480] [robot_2.robot_supervisor]: Triggered uncontrollable event: EV_zone_b_visible
[balanced_delivery_supervisor-22] [INFO] [1789488660.293062419] [robot_2.robot_supervisor]: Triggered uncontrollable event: EV_zone_a_not_visible
[balanced_delivery_supervisor-22] [INFO] [1789488660.293831143] [robot_2.robot_supervisor]: Selected controllable event: EV_move_forward
[balanced_delivery_supervisor-20] [INFO] [1789488660.307050668] [robot_0.robot_supervisor]: Selected controllable event: EV_search_zone
[balanced_delivery_supervisor-24] [INFO] [1789488660.493469403] [robot_1.robot_supervisor]: Triggered uncontrollable event: EV_zone_b_visible
[balanced_delivery_supervisor-24] [INFO] [1789488660.494371966] [robot_1.robot_supervisor]: Selected controllable event: EV_approach_zone
[balanced_delivery_supervisor-20] [INFO] [1789488660.498186143] [robot_0.robot_supervisor]: Selected controllable event: EV_search_zone
[balanced_delivery_supervisor-22] [INFO] [1789488660.568501896] [robot_2.robot_supervisor]: Selected controllable event: EV_move_forward
[balanced_delivery_supervisor-20] [INFO] [1789488660.686842958] [robot_0.robot_supervisor]: Selected controllable event: EV_search_zone
[balanced_delivery_supervisor-20] [INFO] [1789488660.797339223] [robot_0.robot_supervisor]: Triggered uncontrollable event: EV_zone_a_not_visible
[balanced_delivery_supervisor-20] [INFO] [1789488660.797961020] [robot_0.robot_supervisor]: Selected controllable event: EV_move_forward
[balanced_delivery_supervisor-24] [INFO] [1789488660.808344097] [robot_1.robot_supervisor]: Selected controllable event: EV_approach_zone
[balanced_delivery_supervisor-22] [INFO] [1789488660.875095454] [robot_2.robot_supervisor]: Triggered uncontrollable event: EV_zone_a_not_visible
[balanced_delivery_supervisor-22] [INFO] [1789488660.894174387] [robot_2.robot_supervisor]: Selected controllable event: EV_approach_zone
[balanced_delivery_supervisor-24] [INFO] [1789488661.016129253] [robot_1.robot_supervisor]: Triggered uncontrollable event: EV_zone_b_visible
[balanced_delivery_supervisor-24] [INFO] [1789488661.016735957] [robot_1.robot_supervisor]: Triggered uncontrollable event: EV_zone_a_not_visible
[balanced_delivery_supervisor-24] [INFO] [1789488661.032870476] [robot_1.robot_supervisor]: Selected controllable event: EV_move_forward
[balanced_delivery_supervisor-20] [INFO] [1789488661.087201354] [robot_0.robot_supervisor]: Triggered uncontrollable event: EV_zone_b_not_visible
[balanced_delivery_supervisor-20] [INFO] [1789488661.109005714] [robot_0.robot_supervisor]: Selected controllable event: EV_move_forward
[balanced_delivery_supervisor-22] [INFO] [1789488661.187089432] [robot_2.robot_supervisor]: Triggered uncontrollable event: EV_zone_b_visible
[balanced_delivery_supervisor-22] [INFO] [1789488661.187959605] [robot_2.robot_supervisor]: Selected controllable event: EV_move_forward
[balanced_delivery_supervisor-24] [INFO] [1789488661.312339167] [robot_1.robot_supervisor]: Selected controllable event: EV_move_forward
[balanced_delivery_supervisor-20] [INFO] [1789488661.393423350] [robot_0.robot_supervisor]: Selected controllable event: EV_search_zone
[balanced_delivery_supervisor-22] [INFO] [1789488661.497557933] [robot_2.robot_supervisor]: Selected controllable event: EV_approach_zone
[balanced_delivery_supervisor-24] [INFO] [1789488661.525281606] [robot_1.robot_supervisor]: Selected controllable event: EV_move_forward
[balanced_delivery_supervisor-20] [INFO] [1789488661.600470732] [robot_0.robot_supervisor]: Triggered uncontrollable event: EV_zone_a_not_visible
[balanced_delivery_supervisor-20] [INFO] [1789488661.601120798] [robot_0.robot_supervisor]: Triggered uncontrollable event: EV_zone_b_not_visible
[balanced_delivery_supervisor-20] [INFO] [1789488661.615977508] [robot_0.robot_supervisor]: Selected controllable event: EV_search_zone
[balanced_delivery_supervisor-20] [INFO] [1789488661.783445297] [robot_0.robot_supervisor]: Selected controllable event: EV_search_zone
[balanced_delivery_supervisor-22] [INFO] [1789488661.783586779] [robot_2.robot_supervisor]: Triggered uncontrollable event: EV_zone_b_visible
[balanced_delivery_supervisor-22] [INFO] [1789488661.789351810] [robot_2.robot_supervisor]: Triggered uncontrollable event: EV_zone_a_not_visible
[balanced_delivery_supervisor-22] [INFO] [1789488661.790209375] [robot_2.robot_supervisor]: Selected controllable event: EV_move_forward
[balanced_delivery_supervisor-24] [INFO] [1789488661.814151201] [robot_1.robot_supervisor]: Triggered uncontrollable event: EV_zone_b_visible
[balanced_delivery_supervisor-24] [INFO] [1789488661.814839137] [robot_1.robot_supervisor]: Triggered uncontrollable event: EV_zone_a_not_visible
[balanced_delivery_supervisor-24] [INFO] [1789488661.815645064] [robot_1.robot_supervisor]: Selected controllable event: EV_move_forward
[balanced_delivery_supervisor-20] [INFO] [1789488661.904182077] [robot_0.robot_supervisor]: Selected controllable event: EV_search_zone
[balanced_delivery_supervisor-20] [INFO] [1789488662.072199649] [robot_0.robot_supervisor]: Selected controllable event: EV_move_forward
[balanced_delivery_supervisor-22] [INFO] [1789488662.075248245] [robot_2.robot_supervisor]: Selected controllable event: EV_approach_zone
[balanced_delivery_supervisor-24] [INFO] [1789488662.087461931] [robot_1.robot_supervisor]: Selected controllable event: EV_approach_zone
[balanced_delivery_supervisor-24] [INFO] [1789488662.292524676] [robot_1.robot_supervisor]: Selected controllable event: EV_approach_zone
[balanced_delivery_supervisor-22] [INFO] [1789488662.383408628] [robot_2.robot_supervisor]: Triggered uncontrollable event: EV_zone_b_visible
[balanced_delivery_supervisor-22] [INFO] [1789488662.396303547] [robot_2.robot_supervisor]: Triggered uncontrollable event: EV_zone_a_not_visible
[balanced_delivery_supervisor-22] [INFO] [1789488662.397239543] [robot_2.robot_supervisor]: Selected controllable event: EV_move_forward
[balanced_delivery_supervisor-20] [INFO] [1789488662.401478692] [robot_0.robot_supervisor]: Triggered uncontrollable event: EV_zone_a_visible
[balanced_delivery_supervisor-20] [INFO] [1789488662.402180146] [robot_0.robot_supervisor]: Triggered uncontrollable event: EV_zone_b_not_visible
[balanced_delivery_supervisor-20] [INFO] [1789488662.418427514] [robot_0.robot_supervisor]: Selected controllable event: EV_approach_zone
[balanced_delivery_supervisor-24] [INFO] [1789488662.499514841] [robot_1.robot_supervisor]: Triggered uncontrollable event: EV_zone_b_visible
[balanced_delivery_supervisor-24] [INFO] [1789488662.509627228] [robot_1.robot_supervisor]: Triggered uncontrollable event: EV_zone_a_not_visible
[balanced_delivery_supervisor-24] [INFO] [1789488662.510602816] [robot_1.robot_supervisor]: Selected controllable event: EV_approach_zone
[balanced_delivery_supervisor-22] [INFO] [1789488662.675439084] [robot_2.robot_supervisor]: Selected controllable event: EV_move_forward
[balanced_delivery_supervisor-20] [INFO] [1789488662.700120356] [robot_0.robot_supervisor]: Selected controllable event: EV_approach_zone
[balanced_delivery_supervisor-24] [INFO] [1789488662.804924913] [robot_1.robot_supervisor]: Selected controllable event: EV_approach_zone
[balanced_delivery_supervisor-20] [INFO] [1789488662.907125020] [robot_0.robot_supervisor]: Selected controllable event: EV_approach_zone
[balanced_delivery_supervisor-22] [INFO] [1789488662.989140165] [robot_2.robot_supervisor]: Selected controllable event: EV_move_forward
[balanced_delivery_supervisor-24] [INFO] [1789488663.094326148] [robot_1.robot_supervisor]: Triggered uncontrollable event: EV_zone_b_visible
[balanced_delivery_supervisor-24] [INFO] [1789488663.097371898] [robot_1.robot_supervisor]: Triggered uncontrollable event: EV_zone_a_not_visible
[balanced_delivery_supervisor-24] [INFO] [1789488663.100403557] [robot_1.robot_supervisor]: Selected controllable event: EV_approach_zone
[balanced_delivery_supervisor-20] [INFO] [1789488663.177622339] [robot_0.robot_supervisor]: Triggered uncontrollable event: EV_zone_a_visible
[balanced_delivery_supervisor-20] [INFO] [1789488663.188882033] [robot_0.robot_supervisor]: Triggered uncontrollable event: EV_zone_b_not_visible
[balanced_delivery_supervisor-20] [INFO] [1789488663.189694354] [robot_0.robot_supervisor]: Selected controllable event: EV_move_forward
[balanced_delivery_supervisor-22] [INFO] [1789488663.277676574] [robot_2.robot_supervisor]: Triggered uncontrollable event: EV_zone_b_visible
[balanced_delivery_supervisor-22] [INFO] [1789488663.285488271] [robot_2.robot_supervisor]: Triggered uncontrollable event: EV_zone_a_not_visible
[balanced_delivery_supervisor-22] [INFO] [1789488663.286327218] [robot_2.robot_supervisor]: Selected controllable event: EV_move_forward
[balanced_delivery_supervisor-24] [INFO] [1789488663.312587986] [robot_1.robot_supervisor]: Selected controllable event: EV_approach_zone
[balanced_delivery_supervisor-20] [INFO] [1789488663.492471533] [robot_0.robot_supervisor]: Selected controllable event: EV_move_forward
[balanced_delivery_supervisor-22] [INFO] [1789488663.582246685] [robot_2.robot_supervisor]: Selected controllable event: EV_move_forward
[balanced_delivery_supervisor-24] [INFO] [1789488663.602087504] [robot_1.robot_supervisor]: Selected controllable event: EV_move_forward
[balanced_delivery_supervisor-20] [INFO] [1789488663.793899405] [robot_0.robot_supervisor]: Selected controllable event: EV_move_forward
[balanced_delivery_supervisor-22] [INFO] [1789488663.796008034] [robot_2.robot_supervisor]: Selected controllable event: EV_move_forward
[balanced_delivery_supervisor-24] [INFO] [1789488663.895487153] [robot_1.robot_supervisor]: Selected controllable event: EV_move_forward
[balanced_delivery_supervisor-20] [INFO] [1789488664.093880173] [robot_0.robot_supervisor]: Triggered uncontrollable event: EV_zone_a_visible
[balanced_delivery_supervisor-20] [INFO] [1789488664.094641829] [robot_0.robot_supervisor]: Triggered uncontrollable event: EV_zone_b_not_visible
[balanced_delivery_supervisor-20] [INFO] [1789488664.095439779] [robot_0.robot_supervisor]: Selected controllable event: EV_approach_zone
[balanced_delivery_supervisor-22] [INFO] [1789488664.100582274] [robot_2.robot_supervisor]: Triggered uncontrollable event: EV_zone_b_visible
[balanced_delivery_supervisor-22] [INFO] [1789488664.101199223] [robot_2.robot_supervisor]: Triggered uncontrollable event: EV_zone_a_not_visible
[balanced_delivery_supervisor-22] [INFO] [1789488664.118347943] [robot_2.robot_supervisor]: Selected controllable event: EV_approach_zone
[balanced_delivery_supervisor-24] [INFO] [1789488664.213572630] [robot_1.robot_supervisor]: Triggered uncontrollable event: EV_zone_a_not_visible
[balanced_delivery_supervisor-24] [INFO] [1789488664.214291174] [robot_1.robot_supervisor]: Triggered uncontrollable event: EV_zone_b_reached
[balanced_delivery_supervisor-24] [INFO] [1789488664.230169538] [robot_1.robot_supervisor]: Selected controllable event: EV_move_forward
[balanced_delivery_supervisor-20] [INFO] [1789488664.305315004] [robot_0.robot_supervisor]: Selected controllable event: EV_move_forward
[balanced_delivery_supervisor-22] [INFO] [1789488664.394469973] [robot_2.robot_supervisor]: Selected controllable event: EV_approach_zone
[balanced_delivery_supervisor-24] [INFO] [1789488664.508717782] [robot_1.robot_supervisor]: Selected controllable event: EV_search_zone
[balanced_delivery_supervisor-20] [INFO] [1789488664.604423194] [robot_0.robot_supervisor]: Triggered uncontrollable event: EV_zone_a_visible
[balanced_delivery_supervisor-20] [INFO] [1789488664.614092480] [robot_0.robot_supervisor]: Selected controllable event: EV_move_forward
[balanced_delivery_supervisor-22] [INFO] [1789488664.680062579] [robot_2.robot_supervisor]: Selected controllable event: EV_approach_zone
[balanced_delivery_supervisor-24] [INFO] [1789488664.702002731] [robot_1.robot_supervisor]: Selected controllable event: EV_move_forward
[balanced_delivery_supervisor-20] [INFO] [1789488664.900182055] [robot_0.robot_supervisor]: Triggered uncontrollable event: EV_zone_b_not_visible
[balanced_delivery_supervisor-20] [INFO] [1789488664.908620265] [robot_0.robot_supervisor]: Selected controllable event: EV_approach_zone
[balanced_delivery_supervisor-24] [INFO] [1789488664.916411537] [robot_1.robot_supervisor]: Triggered uncontrollable event: EV_zone_a_not_visible
[balanced_delivery_supervisor-24] [INFO] [1789488664.918122217] [robot_1.robot_supervisor]: Triggered uncontrollable event: EV_zone_b_reached
[balanced_delivery_supervisor-24] [INFO] [1789488664.920098197] [robot_1.robot_supervisor]: Selected controllable event: EV_move_forward
[balanced_delivery_supervisor-22] [INFO] [1789488664.993643245] [robot_2.robot_supervisor]: Triggered uncontrollable event: EV_zone_b_visible
[balanced_delivery_supervisor-22] [INFO] [1789488664.994316464] [robot_2.robot_supervisor]: Triggered uncontrollable event: EV_zone_a_not_visible
[balanced_delivery_supervisor-22] [INFO] [1789488664.995124565] [robot_2.robot_supervisor]: Selected controllable event: EV_move_forward
[color_detector-29] [INFO] [1789488665.183697051] [robot_2.target_detector]: RGB HEARTBEAT frames_total=190 recent_rate_hz=1.321 last_frame_age_s=0.540 status=OK
[color_detector-31] [INFO] [1789488665.193624895] [robot_1.target_detector]: RGB HEARTBEAT frames_total=190 recent_rate_hz=1.322 last_frame_age_s=0.462 status=OK
[color_detector-27] [INFO] [1789488665.195088659] [robot_0.target_detector]: RGB HEARTBEAT frames_total=190 recent_rate_hz=1.323 last_frame_age_s=0.643 status=OK
[balanced_delivery_supervisor-24] [INFO] [1789488665.196973895] [robot_1.robot_supervisor]: Selected controllable event: EV_move_forward
[balanced_delivery_supervisor-20] [INFO] [1789488665.203325026] [robot_0.robot_supervisor]: Selected controllable event: EV_approach_zone
[balanced_delivery_supervisor-22] [INFO] [1789488665.269425660] [robot_2.robot_supervisor]: Selected controllable event: EV_move_forward
[balanced_delivery_supervisor-20] [INFO] [1789488665.486179842] [robot_0.robot_supervisor]: Triggered uncontrollable event: EV_zone_a_visible
[balanced_delivery_supervisor-20] [INFO] [1789488665.486893783] [robot_0.robot_supervisor]: Triggered uncontrollable event: EV_zone_b_not_visible
[balanced_delivery_supervisor-22] [INFO] [1789488665.487790913] [robot_2.robot_supervisor]: Triggered uncontrollable event: EV_zone_b_visible
[balanced_delivery_supervisor-22] [INFO] [1789488665.488480096] [robot_2.robot_supervisor]: Triggered uncontrollable event: EV_zone_a_not_visible
[balanced_delivery_supervisor-22] [INFO] [1789488665.490295214] [robot_2.robot_supervisor]: Triggered uncontrollable event: EV_obstacle_right
[balanced_delivery_supervisor-20] [INFO] [1789488665.493747531] [robot_0.robot_supervisor]: Selected controllable event: EV_move_forward
[balanced_delivery_supervisor-22] [INFO] [1789488665.498092823] [robot_2.robot_supervisor]: Selected controllable event: EV_u_turn
[balanced_delivery_supervisor-22] [INFO] [1789488665.508545205] [robot_2.robot_supervisor]: Starting FULL ROTATE (omega=1.000, have_odom=True, target_rad=3.142, timeout_s=3.500)
[balanced_delivery_supervisor-24] [INFO] [1789488665.514413738] [robot_1.robot_supervisor]: Triggered uncontrollable event: EV_zone_a_not_visible
[balanced_delivery_supervisor-24] [INFO] [1789488665.518505476] [robot_1.robot_supervisor]: Triggered uncontrollable event: EV_obstacle_front
[balanced_delivery_supervisor-24] [INFO] [1789488665.521720582] [robot_1.robot_supervisor]: Selected controllable event: EV_rotate_clockwise
[balanced_delivery_supervisor-24] [INFO] [1789488665.712037595] [robot_1.robot_supervisor]: Triggered uncontrollable event: EV_zone_b_reached
[balanced_delivery_supervisor-24] [INFO] [1789488665.712702349] [robot_1.robot_supervisor]: Triggered uncontrollable event: EV_obstacle_front
[balanced_delivery_supervisor-24] [INFO] [1789488665.715585989] [robot_1.robot_supervisor]: Selected controllable event: EV_rotate_clockwise
[balanced_delivery_supervisor-20] [INFO] [1789488665.788773359] [robot_0.robot_supervisor]: Selected controllable event: EV_move_forward
[balanced_delivery_supervisor-24] [INFO] [1789488665.888314128] [robot_1.robot_supervisor]: Triggered uncontrollable event: EV_obstacle_front
[balanced_delivery_supervisor-24] [INFO] [1789488665.907430684] [robot_1.robot_supervisor]: Selected controllable event: EV_u_turn
[balanced_delivery_supervisor-24] [INFO] [1789488665.908227677] [robot_1.robot_supervisor]: Starting FULL ROTATE (omega=1.000, have_odom=True, target_rad=3.142, timeout_s=3.500)
[balanced_delivery_supervisor-20] [INFO] [1789488666.007189418] [robot_0.robot_supervisor]: Selected controllable event: EV_move_forward
[balanced_delivery_supervisor-20] [INFO] [1789488666.304125259] [robot_0.robot_supervisor]: Triggered uncontrollable event: EV_zone_a_visible
[balanced_delivery_supervisor-20] [INFO] [1789488666.306099791] [robot_0.robot_supervisor]: Triggered uncontrollable event: EV_zone_b_not_visible
[balanced_delivery_supervisor-20] [INFO] [1789488666.309144635] [robot_0.robot_supervisor]: Selected controllable event: EV_move_forward
[balanced_delivery_supervisor-20] [INFO] [1789488666.592250998] [robot_0.robot_supervisor]: Selected controllable event: EV_move_forward
[balanced_delivery_supervisor-20] [INFO] [1789488666.793573322] [robot_0.robot_supervisor]: Selected controllable event: EV_move_forward
[balanced_delivery_supervisor-20] [INFO] [1789488667.094031758] [robot_0.robot_supervisor]: Triggered uncontrollable event: EV_zone_a_visible
[balanced_delivery_supervisor-20] [INFO] [1789488667.094651988] [robot_0.robot_supervisor]: Triggered uncontrollable event: EV_zone_b_not_visible
[balanced_delivery_supervisor-20] [INFO] [1789488667.100638043] [robot_0.robot_supervisor]: Selected controllable event: EV_move_forward
[balanced_delivery_supervisor-20] [INFO] [1789488667.381093219] [robot_0.robot_supervisor]: Selected controllable event: EV_move_forward
[balanced_delivery_supervisor-20] [INFO] [1789488667.584784495] [robot_0.robot_supervisor]: Selected controllable event: EV_move_forward
[balanced_delivery_supervisor-20] [INFO] [1789488667.901967224] [robot_0.robot_supervisor]: Triggered uncontrollable event: EV_zone_a_visible
[balanced_delivery_supervisor-20] [INFO] [1789488667.902586617] [robot_0.robot_supervisor]: Triggered uncontrollable event: EV_zone_b_not_visible
[balanced_delivery_supervisor-20] [INFO] [1789488667.903407817] [robot_0.robot_supervisor]: Selected controllable event: EV_move_forward
[balanced_delivery_supervisor-20] [INFO] [1789488668.202982727] [robot_0.robot_supervisor]: Selected controllable event: EV_approach_zone
[balanced_delivery_supervisor-20] [INFO] [1789488668.473545951] [robot_0.robot_supervisor]: Triggered uncontrollable event: EV_zone_b_not_visible
[balanced_delivery_supervisor-20] [INFO] [1789488668.474254790] [robot_0.robot_supervisor]: Triggered uncontrollable event: EV_zone_a_reached
[balanced_delivery_supervisor-20] [INFO] [1789488668.496901933] [robot_0.robot_supervisor]: Selected controllable event: EV_move_forward
[balanced_delivery_supervisor-20] [INFO] [1789488668.814227906] [robot_0.robot_supervisor]: Selected controllable event: EV_search_zone
[balanced_delivery_supervisor-20] [INFO] [1789488668.995834651] [robot_0.robot_supervisor]: Triggered uncontrollable event: EV_obstacle_front
[balanced_delivery_supervisor-20] [INFO] [1789488668.996752208] [robot_0.robot_supervisor]: Selected controllable event: EV_u_turn
[balanced_delivery_supervisor-20] [INFO] [1789488668.997468290] [robot_0.robot_supervisor]: Starting FULL ROTATE (omega=1.000, have_odom=True, target_rad=3.142, timeout_s=3.500)
[balanced_delivery_supervisor-22] [INFO] [1789488669.073274092] [robot_2.robot_supervisor]: FULL ROTATE completed by timeout
[balanced_delivery_supervisor-22] [INFO] [1789488669.369783808] [robot_2.robot_supervisor]: Triggered uncontrollable event: EV_zone_b_visible
[balanced_delivery_supervisor-22] [INFO] [1789488669.370366895] [robot_2.robot_supervisor]: Triggered uncontrollable event: EV_zone_a_not_visible
[balanced_delivery_supervisor-22] [INFO] [1789488669.383309496] [robot_2.robot_supervisor]: Selected controllable event: EV_approach_zone
[balanced_delivery_supervisor-24] [INFO] [1789488669.507998835] [robot_1.robot_supervisor]: FULL ROTATE completed by timeout
[balanced_delivery_supervisor-22] [INFO] [1789488669.667425395] [robot_2.robot_supervisor]: Selected controllable event: EV_approach_zone
[balanced_delivery_supervisor-24] [INFO] [1789488669.794496301] [robot_1.robot_supervisor]: Triggered uncontrollable event: EV_zone_a_not_visible
[balanced_delivery_supervisor-24] [INFO] [1789488669.798846677] [robot_1.robot_supervisor]: Triggered uncontrollable event: EV_zone_b_reached
[balanced_delivery_supervisor-24] [INFO] [1789488669.802471338] [robot_1.robot_supervisor]: Selected controllable event: EV_search_zone
[balanced_delivery_supervisor-22] [INFO] [1789488669.878159214] [robot_2.robot_supervisor]: Triggered uncontrollable event: EV_zone_b_visible
[balanced_delivery_supervisor-22] [INFO] [1789488669.878708903] [robot_2.robot_supervisor]: Triggered uncontrollable event: EV_zone_a_not_visible
[balanced_delivery_supervisor-22] [INFO] [1789488669.879441318] [robot_2.robot_supervisor]: Selected controllable event: EV_approach_zone
[balanced_delivery_supervisor-24] [INFO] [1789488669.993389881] [robot_1.robot_supervisor]: Triggered uncontrollable event: EV_zone_b_reached
[balanced_delivery_supervisor-24] [INFO] [1789488669.996411972] [robot_1.robot_supervisor]: Selected controllable event: EV_move_forward
[balanced_delivery_supervisor-22] [INFO] [1789488670.082532218] [robot_2.robot_supervisor]: Selected controllable event: EV_approach_zone
[balanced_delivery_supervisor-22] [INFO] [1789488670.288555178] [robot_2.robot_supervisor]: Selected controllable event: EV_approach_zone
[balanced_delivery_supervisor-24] [INFO] [1789488670.289474479] [robot_1.robot_supervisor]: Selected controllable event: EV_search_zone
[balanced_delivery_supervisor-24] [INFO] [1789488670.499238682] [robot_1.robot_supervisor]: Triggered uncontrollable event: EV_zone_a_not_visible
[balanced_delivery_supervisor-24] [INFO] [1789488670.500070117] [robot_1.robot_supervisor]: Selected controllable event: EV_search_zone
[balanced_delivery_supervisor-22] [INFO] [1789488670.581531040] [robot_2.robot_supervisor]: Triggered uncontrollable event: EV_zone_a_not_visible
[balanced_delivery_supervisor-22] [INFO] [1789488670.583455299] [robot_2.robot_supervisor]: Triggered uncontrollable event: EV_zone_b_not_visible
[balanced_delivery_supervisor-22] [INFO] [1789488670.585402713] [robot_2.robot_supervisor]: Selected controllable event: EV_search_zone
[balanced_delivery_supervisor-24] [INFO] [1789488670.707747282] [robot_1.robot_supervisor]: Triggered uncontrollable event: EV_zone_b_reached
[balanced_delivery_supervisor-24] [INFO] [1789488670.720150746] [robot_1.robot_supervisor]: Selected controllable event: EV_move_forward
[balanced_delivery_supervisor-22] [INFO] [1789488670.791923531] [robot_2.robot_supervisor]: Selected controllable event: EV_move_forward
[balanced_delivery_supervisor-24] [INFO] [1789488671.016878298] [robot_1.robot_supervisor]: Selected controllable event: EV_search_zone
[balanced_delivery_supervisor-22] [INFO] [1789488671.087721410] [robot_2.robot_supervisor]: Selected controllable event: EV_move_forward
[balanced_delivery_supervisor-24] [INFO] [1789488671.120197402] [robot_1.robot_supervisor]: Selected controllable event: EV_move_forward
[balanced_delivery_supervisor-22] [INFO] [1789488671.372695943] [robot_2.robot_supervisor]: Triggered uncontrollable event: EV_zone_a_not_visible
[balanced_delivery_supervisor-22] [INFO] [1789488671.376074965] [robot_2.robot_supervisor]: Triggered uncontrollable event: EV_zone_b_not_visible
[balanced_delivery_supervisor-22] [INFO] [1789488671.376908525] [robot_2.robot_supervisor]: Selected controllable event: EV_move_forward
[balanced_delivery_supervisor-24] [INFO] [1789488671.393198929] [robot_1.robot_supervisor]: Triggered uncontrollable event: EV_zone_a_not_visible
[balanced_delivery_supervisor-24] [INFO] [1789488671.399011277] [robot_1.robot_supervisor]: Triggered uncontrollable event: EV_zone_b_reached
[balanced_delivery_supervisor-24] [INFO] [1789488671.401130671] [robot_1.robot_supervisor]: Selected controllable event: EV_search_zone
[balanced_delivery_supervisor-24] [INFO] [1789488671.599128360] [robot_1.robot_supervisor]: Selected controllable event: EV_move_forward
[balanced_delivery_supervisor-22] [INFO] [1789488671.668010276] [robot_2.robot_supervisor]: Selected controllable event: EV_search_zone
[balanced_delivery_supervisor-22] [INFO] [1789488671.875592017] [robot_2.robot_supervisor]: Selected controllable event: EV_move_forward
[balanced_delivery_supervisor-24] [INFO] [1789488671.890051270] [robot_1.robot_supervisor]: Selected controllable event: EV_search_zone
[balanced_delivery_supervisor-24] [INFO] [1789488672.115786015] [robot_1.robot_supervisor]: Triggered uncontrollable event: EV_zone_a_not_visible
[balanced_delivery_supervisor-24] [INFO] [1789488672.116513118] [robot_1.robot_supervisor]: Triggered uncontrollable event: EV_zone_b_reached
[balanced_delivery_supervisor-24] [INFO] [1789488672.117293555] [robot_1.robot_supervisor]: Selected controllable event: EV_search_zone
[balanced_delivery_supervisor-22] [INFO] [1789488672.168715895] [robot_2.robot_supervisor]: Triggered uncontrollable event: EV_zone_a_not_visible
[balanced_delivery_supervisor-22] [INFO] [1789488672.170490677] [robot_2.robot_supervisor]: Triggered uncontrollable event: EV_zone_b_not_visible
[balanced_delivery_supervisor-22] [INFO] [1789488672.177778465] [robot_2.robot_supervisor]: Selected controllable event: EV_move_forward
[balanced_delivery_supervisor-24] [INFO] [1789488672.303681501] [robot_1.robot_supervisor]: Selected controllable event: EV_search_zone
[color_detector-29] [INFO] [1789488672.468003454] [robot_2.target_detector]: RGB HEARTBEAT frames_total=200 recent_rate_hz=1.374 last_frame_age_s=0.539 status=OK
[color_detector-27] [INFO] [1789488672.490838643] [robot_0.target_detector]: RGB HEARTBEAT frames_total=200 recent_rate_hz=1.369 last_frame_age_s=0.636 status=OK
[balanced_delivery_supervisor-22] [INFO] [1789488672.498829375] [robot_2.robot_supervisor]: Selected controllable event: EV_search_zone
[color_detector-31] [INFO] [1789488672.505290241] [robot_1.target_detector]: RGB HEARTBEAT frames_total=200 recent_rate_hz=1.366 last_frame_age_s=0.536 status=OK
[balanced_delivery_supervisor-24] [INFO] [1789488672.518624685] [robot_1.robot_supervisor]: Selected controllable event: EV_search_zone
[balanced_delivery_supervisor-20] [INFO] [1789488672.582924444] [robot_0.robot_supervisor]: FULL ROTATE completed by timeout
[balanced_delivery_supervisor-22] [INFO] [1789488672.676862727] [robot_2.robot_supervisor]: Triggered uncontrollable event: EV_zone_a_not_visible
[balanced_delivery_supervisor-22] [INFO] [1789488672.677780064] [robot_2.robot_supervisor]: Selected controllable event: EV_search_zone
[balanced_delivery_supervisor-24] [INFO] [1789488672.699098998] [robot_1.robot_supervisor]: Selected controllable event: EV_search_zone
[balanced_delivery_supervisor-20] [INFO] [1789488672.787315890] [robot_0.robot_supervisor]: Triggered uncontrollable event: EV_zone_b_not_visible
[balanced_delivery_supervisor-20] [INFO] [1789488672.787969895] [robot_0.robot_supervisor]: Triggered uncontrollable event: EV_zone_a_reached
[balanced_delivery_supervisor-20] [INFO] [1789488672.788515453] [robot_0.robot_supervisor]: Selected controllable event: EV_move_forward
[balanced_delivery_supervisor-22] [INFO] [1789488672.875546014] [robot_2.robot_supervisor]: Triggered uncontrollable event: EV_zone_b_not_visible
[balanced_delivery_supervisor-22] [INFO] [1789488672.878728557] [robot_2.robot_supervisor]: Selected controllable event: EV_move_forward
[balanced_delivery_supervisor-24] [INFO] [1789488672.907216469] [robot_1.robot_supervisor]: Triggered uncontrollable event: EV_zone_a_not_visible
[balanced_delivery_supervisor-24] [INFO] [1789488672.907867989] [robot_1.robot_supervisor]: Triggered uncontrollable event: EV_zone_b_reached
[balanced_delivery_supervisor-24] [INFO] [1789488672.908623012] [robot_1.robot_supervisor]: Selected controllable event: EV_move_forward
[balanced_delivery_supervisor-20] [INFO] [1789488673.089925399] [robot_0.robot_supervisor]: Selected controllable event: EV_move_forward
[balanced_delivery_supervisor-22] [INFO] [1789488673.184637097] [robot_2.robot_supervisor]: Selected controllable event: EV_search_zone
[balanced_delivery_supervisor-24] [INFO] [1789488673.187893022] [robot_1.robot_supervisor]: Selected controllable event: EV_move_forward
[balanced_delivery_supervisor-22] [INFO] [1789488673.294938848] [robot_2.robot_supervisor]: Selected controllable event: EV_search_zone
[balanced_delivery_supervisor-20] [INFO] [1789488673.308776432] [robot_0.robot_supervisor]: Triggered uncontrollable event: EV_zone_a_reached
[balanced_delivery_supervisor-20] [INFO] [1789488673.309752092] [robot_0.robot_supervisor]: Selected controllable event: EV_move_forward
[balanced_delivery_supervisor-24] [INFO] [1789488673.396160606] [robot_1.robot_supervisor]: Triggered uncontrollable event: EV_zone_a_not_visible
[balanced_delivery_supervisor-24] [INFO] [1789488673.410141955] [robot_1.robot_supervisor]: Selected controllable event: EV_search_zone
[balanced_delivery_supervisor-22] [INFO] [1789488673.478835225] [robot_2.robot_supervisor]: Triggered uncontrollable event: EV_zone_a_not_visible
[balanced_delivery_supervisor-22] [INFO] [1789488673.479507276] [robot_2.robot_supervisor]: Triggered uncontrollable event: EV_zone_b_not_visible
[balanced_delivery_supervisor-22] [INFO] [1789488673.495470667] [robot_2.robot_supervisor]: Selected controllable event: EV_search_zone
[balanced_delivery_supervisor-20] [INFO] [1789488673.583328129] [robot_0.robot_supervisor]: Triggered uncontrollable event: EV_zone_b_visible
[balanced_delivery_supervisor-20] [INFO] [1789488673.591381473] [robot_0.robot_supervisor]: Selected controllable event: EV_approach_zone
[balanced_delivery_supervisor-24] [INFO] [1789488673.598882782] [robot_1.robot_supervisor]: Triggered uncontrollable event: EV_zone_b_reached
[balanced_delivery_supervisor-24] [INFO] [1789488673.599721270] [robot_1.robot_supervisor]: Selected controllable event: EV_search_zone
[balanced_delivery_supervisor-22] [INFO] [1789488673.689719988] [robot_2.robot_supervisor]: Selected controllable event: EV_move_forward
[balanced_delivery_supervisor-24] [INFO] [1789488673.704248457] [robot_1.robot_supervisor]: Selected controllable event: EV_move_forward
[balanced_delivery_supervisor-20] [INFO] [1789488673.803790069] [robot_0.robot_supervisor]: Selected controllable event: EV_move_forward
[balanced_delivery_supervisor-22] [INFO] [1789488673.891309431] [robot_2.robot_supervisor]: Selected controllable event: EV_search_zone
[balanced_delivery_supervisor-24] [INFO] [1789488674.005668367] [robot_1.robot_supervisor]: Selected controllable event: EV_move_forward
[balanced_delivery_supervisor-22] [INFO] [1789488674.086960728] [robot_2.robot_supervisor]: Selected controllable event: EV_move_forward
[balanced_delivery_supervisor-20] [INFO] [1789488674.110631337] [robot_0.robot_supervisor]: Triggered uncontrollable event: EV_zone_a_reached
[balanced_delivery_supervisor-20] [INFO] [1789488674.111849616] [robot_0.robot_supervisor]: Selected controllable event: EV_move_forward
[balanced_delivery_supervisor-24] [INFO] [1789488674.296983408] [robot_1.robot_supervisor]: Triggered uncontrollable event: EV_zone_a_not_visible
[balanced_delivery_supervisor-24] [INFO] [1789488674.306926559] [robot_1.robot_supervisor]: Triggered uncontrollable event: EV_zone_b_reached
[balanced_delivery_supervisor-24] [INFO] [1789488674.311002996] [robot_1.robot_supervisor]: Triggered uncontrollable event: EV_obstacle_left
[balanced_delivery_supervisor-24] [INFO] [1789488674.315073119] [robot_1.robot_supervisor]: Selected controllable event: EV_u_turn
[balanced_delivery_supervisor-24] [INFO] [1789488674.320285242] [robot_1.robot_supervisor]: Starting FULL ROTATE (omega=1.000, have_odom=True, target_rad=3.142, timeout_s=3.500)
[balanced_delivery_supervisor-22] [INFO] [1789488674.367846143] [robot_2.robot_supervisor]: Triggered uncontrollable event: EV_zone_a_not_visible
[balanced_delivery_supervisor-22] [INFO] [1789488674.368553996] [robot_2.robot_supervisor]: Triggered uncontrollable event: EV_zone_b_not_visible
[balanced_delivery_supervisor-22] [INFO] [1789488674.381546066] [robot_2.robot_supervisor]: Selected controllable event: EV_search_zone
[balanced_delivery_supervisor-20] [INFO] [1789488674.397966286] [robot_0.robot_supervisor]: Triggered uncontrollable event: EV_zone_b_visible
[balanced_delivery_supervisor-20] [INFO] [1789488674.403121529] [robot_0.robot_supervisor]: Selected controllable event: EV_approach_zone
[balanced_delivery_supervisor-22] [INFO] [1789488674.495485557] [robot_2.robot_supervisor]: Selected controllable event: EV_move_forward
[balanced_delivery_supervisor-20] [INFO] [1789488674.690315867] [robot_0.robot_supervisor]: Selected controllable event: EV_move_forward
[balanced_delivery_supervisor-22] [INFO] [1789488674.777183530] [robot_2.robot_supervisor]: Selected controllable event: EV_search_zone
[balanced_delivery_supervisor-22] [INFO] [1789488674.881813069] [robot_2.robot_supervisor]: Triggered uncontrollable event: EV_zone_a_not_visible
[balanced_delivery_supervisor-22] [INFO] [1789488674.888232242] [robot_2.robot_supervisor]: Selected controllable event: EV_search_zone
[balanced_delivery_supervisor-20] [INFO] [1789488674.978388402] [robot_0.robot_supervisor]: Triggered uncontrollable event: EV_zone_b_visible
[balanced_delivery_supervisor-20] [INFO] [1789488674.978972175] [robot_0.robot_supervisor]: Triggered uncontrollable event: EV_zone_a_not_visible
[balanced_delivery_supervisor-20] [INFO] [1789488674.979769059] [robot_0.robot_supervisor]: Selected controllable event: EV_move_forward
[balanced_delivery_supervisor-22] [INFO] [1789488675.095943130] [robot_2.robot_supervisor]: Triggered uncontrollable event: EV_zone_b_not_visible
[balanced_delivery_supervisor-22] [INFO] [1789488675.098965128] [robot_2.robot_supervisor]: Selected controllable event: EV_move_forward
[balanced_delivery_supervisor-20] [INFO] [1789488675.276015962] [robot_0.robot_supervisor]: Selected controllable event: EV_move_forward
[balanced_delivery_supervisor-22] [INFO] [1789488675.387475710] [robot_2.robot_supervisor]: Selected controllable event: EV_move_forward
[balanced_delivery_supervisor-20] [INFO] [1789488675.488879554] [robot_0.robot_supervisor]: Triggered uncontrollable event: EV_zone_a_not_visible
[balanced_delivery_supervisor-20] [INFO] [1789488675.489719813] [robot_0.robot_supervisor]: Selected controllable event: EV_move_forward
[balanced_delivery_supervisor-22] [INFO] [1789488675.591493291] [robot_2.robot_supervisor]: Triggered uncontrollable event: EV_zone_a_not_visible
[balanced_delivery_supervisor-22] [INFO] [1789488675.596907167] [robot_2.robot_supervisor]: Selected controllable event: EV_move_forward
[balanced_delivery_supervisor-20] [INFO] [1789488675.801498714] [robot_0.robot_supervisor]: Triggered uncontrollable event: EV_zone_b_visible
[balanced_delivery_supervisor-20] [INFO] [1789488675.802263842] [robot_0.robot_supervisor]: Selected controllable event: EV_approach_zone
[balanced_delivery_supervisor-22] [INFO] [1789488675.889122385] [robot_2.robot_supervisor]: Triggered uncontrollable event: EV_zone_b_not_visible
[balanced_delivery_supervisor-22] [INFO] [1789488675.898632915] [robot_2.robot_supervisor]: Selected controllable event: EV_move_forward
[balanced_delivery_supervisor-20] [INFO] [1789488676.090953668] [robot_0.robot_supervisor]: Selected controllable event: EV_move_forward
[balanced_delivery_supervisor-22] [INFO] [1789488676.198096508] [robot_2.robot_supervisor]: Selected controllable event: EV_search_zone
[balanced_delivery_supervisor-22] [INFO] [1789488676.370786020] [robot_2.robot_supervisor]: Triggered uncontrollable event: EV_zone_a_not_visible
[balanced_delivery_supervisor-22] [INFO] [1789488676.376793846] [robot_2.robot_supervisor]: Triggered uncontrollable event: EV_zone_b_not_visible
[balanced_delivery_supervisor-20] [INFO] [1789488676.385467530] [robot_0.robot_supervisor]: Triggered uncontrollable event: EV_zone_b_visible
[balanced_delivery_supervisor-22] [INFO] [1789488676.386366004] [robot_2.robot_supervisor]: Selected controllable event: EV_move_forward
[balanced_delivery_supervisor-20] [INFO] [1789488676.397453512] [robot_0.robot_supervisor]: Triggered uncontrollable event: EV_zone_a_not_visible
[balanced_delivery_supervisor-20] [INFO] [1789488676.398248217] [robot_0.robot_supervisor]: Selected controllable event: EV_move_forward
[balanced_delivery_supervisor-22] [INFO] [1789488676.676037659] [robot_2.robot_supervisor]: Selected controllable event: EV_search_zone
[balanced_delivery_supervisor-20] [INFO] [1789488676.689477746] [robot_0.robot_supervisor]: Selected controllable event: EV_approach_zone
[balanced_delivery_supervisor-22] [INFO] [1789488676.784068271] [robot_2.robot_supervisor]: Selected controllable event: EV_search_zone
[balanced_delivery_supervisor-22] [INFO] [1789488676.963050921] [robot_2.robot_supervisor]: Selected controllable event: EV_move_forward
[balanced_delivery_supervisor-20] [INFO] [1789488677.018073919] [robot_0.robot_supervisor]: Triggered uncontrollable event: EV_zone_a_not_visible
[balanced_delivery_supervisor-20] [INFO] [1789488677.018873662] [robot_0.robot_supervisor]: Selected controllable event: EV_approach_zone
[balanced_delivery_supervisor-22] [INFO] [1789488677.181625027] [robot_2.robot_supervisor]: Triggered uncontrollable event: EV_zone_a_not_visible
[balanced_delivery_supervisor-22] [INFO] [1789488677.182298601] [robot_2.robot_supervisor]: Triggered uncontrollable event: EV_zone_b_not_visible
[balanced_delivery_supervisor-22] [INFO] [1789488677.195221532] [robot_2.robot_supervisor]: Selected controllable event: EV_move_forward
[balanced_delivery_supervisor-20] [INFO] [1789488677.296766036] [robot_0.robot_supervisor]: Triggered uncontrollable event: EV_zone_b_visible
[balanced_delivery_supervisor-20] [INFO] [1789488677.306262935] [robot_0.robot_supervisor]: Selected controllable event: EV_approach_zone
[balanced_delivery_supervisor-22] [INFO] [1789488677.485032284] [robot_2.robot_supervisor]: Selected controllable event: EV_move_forward
[balanced_delivery_supervisor-20] [INFO] [1789488677.590511187] [robot_0.robot_supervisor]: Selected controllable event: EV_approach_zone
[balanced_delivery_supervisor-22] [INFO] [1789488677.688277180] [robot_2.robot_supervisor]: Selected controllable event: EV_search_zone
[balanced_delivery_supervisor-22] [INFO] [1789488677.789706668] [robot_2.robot_supervisor]: Triggered uncontrollable event: EV_zone_a_not_visible
[balanced_delivery_supervisor-22] [INFO] [1789488677.796894621] [robot_2.robot_supervisor]: Selected controllable event: EV_move_forward
[balanced_delivery_supervisor-20] [INFO] [1789488677.898891823] [robot_0.robot_supervisor]: Triggered uncontrollable event: EV_zone_b_visible
[balanced_delivery_supervisor-20] [INFO] [1789488677.899533550] [robot_0.robot_supervisor]: Triggered uncontrollable event: EV_zone_a_not_visible
[balanced_delivery_supervisor-20] [INFO] [1789488677.907208633] [robot_0.robot_supervisor]: Selected controllable event: EV_move_forward
[balanced_delivery_supervisor-24] [INFO] [1789488677.914782641] [robot_1.robot_supervisor]: FULL ROTATE completed by timeout
[balanced_delivery_supervisor-22] [INFO] [1789488678.087327577] [robot_2.robot_supervisor]: Triggered uncontrollable event: EV_zone_b_not_visible
[balanced_delivery_supervisor-22] [INFO] [1789488678.088353499] [robot_2.robot_supervisor]: Selected controllable event: EV_move_forward
[balanced_delivery_supervisor-20] [INFO] [1789488678.201312395] [robot_0.robot_supervisor]: Selected controllable event: EV_move_forward
[balanced_delivery_supervisor-24] [INFO] [1789488678.206483285] [robot_1.robot_supervisor]: Triggered uncontrollable event: EV_zone_a_not_visible
[balanced_delivery_supervisor-24] [INFO] [1789488678.209489297] [robot_1.robot_supervisor]: Triggered uncontrollable event: EV_obstacle_right
[balanced_delivery_supervisor-24] [INFO] [1789488678.214035141] [robot_1.robot_supervisor]: Triggered uncontrollable event: EV_zone_b_reached
[balanced_delivery_supervisor-24] [INFO] [1789488678.223838681] [robot_1.robot_supervisor]: Selected controllable event: EV_u_turn
[balanced_delivery_supervisor-24] [INFO] [1789488678.297542087] [robot_1.robot_supervisor]: Triggered uncontrollable event: EV_obstacle_right
[balanced_delivery_supervisor-24] [INFO] [1789488678.318098703] [robot_1.robot_supervisor]: Selected controllable event: EV_u_turn
[balanced_delivery_supervisor-24] [INFO] [1789488678.402025949] [robot_1.robot_supervisor]: Triggered uncontrollable event: EV_obstacle_right
[balanced_delivery_supervisor-22] [INFO] [1789488678.407774886] [robot_2.robot_supervisor]: Selected controllable event: EV_search_zone
[balanced_delivery_supervisor-24] [INFO] [1789488678.420639138] [robot_1.robot_supervisor]: Selected controllable event: EV_rotate_counterclockwise
[balanced_delivery_supervisor-20] [INFO] [1789488678.506015980] [robot_0.robot_supervisor]: Triggered uncontrollable event: EV_zone_b_visible
[balanced_delivery_supervisor-20] [INFO] [1789488678.506755769] [robot_0.robot_supervisor]: Triggered uncontrollable event: EV_zone_a_not_visible
[balanced_delivery_supervisor-20] [INFO] [1789488678.522412943] [robot_0.robot_supervisor]: Selected controllable event: EV_approach_zone
[balanced_delivery_supervisor-22] [INFO] [1789488678.572399698] [robot_2.robot_supervisor]: Triggered uncontrollable event: EV_zone_a_not_visible
[balanced_delivery_supervisor-22] [INFO] [1789488678.573069109] [robot_2.robot_supervisor]: Triggered uncontrollable event: EV_zone_b_not_visible
[balanced_delivery_supervisor-22] [INFO] [1789488678.590557490] [robot_2.robot_supervisor]: Selected controllable event: EV_move_forward
[balanced_delivery_supervisor-24] [INFO] [1789488678.617115890] [robot_1.robot_supervisor]: Triggered uncontrollable event: EV_zone_a_not_visible
[balanced_delivery_supervisor-24] [INFO] [1789488678.621159651] [robot_1.robot_supervisor]: Triggered uncontrollable event: EV_zone_b_reached
[balanced_delivery_supervisor-24] [INFO] [1789488678.634774243] [robot_1.robot_supervisor]: Selected controllable event: EV_move_forward
[INFO] [coverage_counter-4]: process has finished cleanly [pid 69175]
[INFO] [launch]: process[coverage_counter-4] was required: shutting down launched system
[INFO] [color_detector-31]: sending signal 'SIGINT' to process[color_detector-31]
[INFO] [image_processor-30]: sending signal 'SIGINT' to process[image_processor-30]
[INFO] [color_detector-29]: sending signal 'SIGINT' to process[color_detector-29]
[INFO] [image_processor-28]: sending signal 'SIGINT' to process[image_processor-28]
[INFO] [color_detector-27]: sending signal 'SIGINT' to process[color_detector-27]
[INFO] [image_processor-26]: sending signal 'SIGINT' to process[image_processor-26]
[INFO] [stuck_recovery-25]: sending signal 'SIGINT' to process[stuck_recovery-25]
[INFO] [balanced_delivery_supervisor-24]: sending signal 'SIGINT' to process[balanced_delivery_supervisor-24]
[INFO] [stuck_recovery-23]: sending signal 'SIGINT' to process[stuck_recovery-23]
[INFO] [balanced_delivery_supervisor-22]: sending signal 'SIGINT' to process[balanced_delivery_supervisor-22]
[INFO] [stuck_recovery-21]: sending signal 'SIGINT' to process[stuck_recovery-21]
[INFO] [balanced_delivery_supervisor-20]: sending signal 'SIGINT' to process[balanced_delivery_supervisor-20]
[INFO] [parameter_bridge-19]: sending signal 'SIGINT' to process[parameter_bridge-19]
[INFO] [image_bridge-18]: sending signal 'SIGINT' to process[image_bridge-18]
[INFO] [static_transform_publisher-17]: sending signal 'SIGINT' to process[static_transform_publisher-17]
[INFO] [robot_state_publisher-15]: sending signal 'SIGINT' to process[robot_state_publisher-15]
[INFO] [parameter_bridge-19]: process has finished cleanly [pid 69377]
[INFO] [image_bridge-14]: sending signal 'SIGINT' to process[image_bridge-14]
[INFO] [static_transform_publisher-13]: sending signal 'SIGINT' to process[static_transform_publisher-13]
[INFO] [robot_state_publisher-11]: sending signal 'SIGINT' to process[robot_state_publisher-11]
[INFO] [image_bridge-10]: sending signal 'SIGINT' to process[image_bridge-10]
[INFO] [static_transform_publisher-9]: sending signal 'SIGINT' to process[static_transform_publisher-9]
[INFO] [robot_state_publisher-7]: sending signal 'SIGINT' to process[robot_state_publisher-7]
[INFO] [parameter_bridge-6]: sending signal 'SIGINT' to process[parameter_bridge-6]
[INFO] [bump_counter-5]: sending signal 'SIGINT' to process[bump_counter-5]
[INFO] [simulation_video_recorder-3]: sending signal 'SIGINT' to process[simulation_video_recorder-3]
[INFO] [parameter_bridge-6]: process has finished cleanly [pid 69186]
[INFO] [image_bridge-2]: sending signal 'SIGINT' to process[image_bridge-2]
[INFO] [ign gazebo-1]: sending signal 'SIGINT' to process[ign gazebo-1]
[balanced_delivery_supervisor-20] [INFO] [1789488678.785599462] [robot_0.robot_supervisor]: Selected controllable event: EV_move_forward
[balanced_delivery_supervisor-22] [INFO] [1789488678.876500939] [robot_2.robot_supervisor]: Selected controllable event: EV_move_forward
[balanced_delivery_supervisor-24] [INFO] [1789488678.894939806] [robot_1.robot_supervisor]: Selected controllable event: EV_move_forward
[balanced_delivery_supervisor-20] [INFO] [1789488679.110552062] [robot_0.robot_supervisor]: Selected controllable event: EV_approach_zone
[balanced_delivery_supervisor-24] [INFO] [1789488679.118617179] [robot_1.robot_supervisor]: Selected controllable event: EV_search_zone
[balanced_delivery_supervisor-22] [INFO] [1789488679.208743949] [robot_2.robot_supervisor]: Selected controllable event: EV_move_forward
[balanced_delivery_supervisor-24] [INFO] [1789488679.308052614] [robot_1.robot_supervisor]: Selected controllable event: EV_search_zone
[balanced_delivery_supervisor-20] [INFO] [1789488679.372030067] [robot_0.robot_supervisor]: Triggered uncontrollable event: EV_zone_b_visible
[balanced_delivery_supervisor-20] [INFO] [1789488679.372658744] [robot_0.robot_supervisor]: Triggered uncontrollable event: EV_zone_a_not_visible
[balanced_delivery_supervisor-20] [INFO] [1789488679.382757558] [robot_0.robot_supervisor]: Selected controllable event: EV_move_forward
[balanced_delivery_supervisor-24] [INFO] [1789488679.434433207] [robot_1.robot_supervisor]: Selected controllable event: EV_move_forward
[balanced_delivery_supervisor-22] [INFO] [1789488679.508551093] [robot_2.robot_supervisor]: Selected controllable event: EV_search_zone
[parameter_bridge-19] [INFO] [1789488679.623482235] [rclcpp]: signal_handler(SIGINT/SIGTERM)
[image_bridge-18] [INFO] [1789488679.634545433] [rclcpp]: signal_handler(SIGINT/SIGTERM)
[static_transform_publisher-17] [INFO] [1789488679.651690321] [rclcpp]: signal_handler(SIGINT/SIGTERM)
[robot_state_publisher-15] [INFO] [1789488679.848349532] [rclcpp]: signal_handler(SIGINT/SIGTERM)
[image_bridge-14] [INFO] [1789488679.923124744] [rclcpp]: signal_handler(SIGINT/SIGTERM)
[static_transform_publisher-13] [INFO] [1789488679.989956948] [rclcpp]: signal_handler(SIGINT/SIGTERM)
[robot_state_publisher-11] [INFO] [1789488680.006749732] [rclcpp]: signal_handler(SIGINT/SIGTERM)
[image_bridge-10] [INFO] [1789488680.033819959] [rclcpp]: signal_handler(SIGINT/SIGTERM)
[static_transform_publisher-9] [INFO] [1789488680.099225820] [rclcpp]: signal_handler(SIGINT/SIGTERM)
[robot_state_publisher-7] [INFO] [1789488680.169646886] [rclcpp]: signal_handler(SIGINT/SIGTERM)
[parameter_bridge-6] [INFO] [1789488680.283525610] [rclcpp]: signal_handler(SIGINT/SIGTERM)
[image_processor-30] Traceback (most recent call last):
[image_processor-30]   File "/home/ecem/sct_ws/install/leo_image_processing/lib/leo_image_processing/image_processor", line 33, in <module>
[image_processor-30]     sys.exit(load_entry_point('leo-image-processing==0.0.0', 'console_scripts', 'image_processor')())
[image_processor-30]   File "/home/ecem/sct_ws/install/leo_image_processing/lib/python3.10/site-packages/leo_image_processing.py", line 118, in main
[image_processor-30]     rclpy.shutdown()
[image_processor-30]   File "/opt/ros/humble/local/lib/python3.10/dist-packages/rclpy/__init__.py", line 130, in shutdown
[image_processor-30]     _shutdown(context=context)
[image_processor-30]   File "/opt/ros/humble/local/lib/python3.10/dist-packages/rclpy/utilities.py", line 58, in shutdown
[image_processor-30]     return context.shutdown()
[image_processor-30]   File "/opt/ros/humble/local/lib/python3.10/dist-packages/rclpy/context.py", line 102, in shutdown
[image_processor-30]     self.__context.shutdown()
[image_processor-30] rclpy._rclpy_pybind11.RCLError: failed to shutdown: rcl_shutdown already called on the given context, at ./src/rcl/init.c:241
[image_bridge-2] [INFO] [1789488680.440784371] [rclcpp]: signal_handler(SIGINT/SIGTERM)
[color_detector-31] Traceback (most recent call last):
[color_detector-31]   File "/home/ecem/sct_ws/install/leo_image_processing/lib/python3.10/site-packages/color_detector.py", line 325, in main
[color_detector-31]     rclpy.spin(node)
[color_detector-31]   File "/opt/ros/humble/local/lib/python3.10/dist-packages/rclpy/__init__.py", line 229, in spin
[color_detector-31]     executor.spin_once()
[color_detector-31]   File "/opt/ros/humble/local/lib/python3.10/dist-packages/rclpy/executors.py", line 773, in spin_once
[color_detector-31]     self._spin_once_impl(timeout_sec)
[color_detector-31]   File "/opt/ros/humble/local/lib/python3.10/dist-packages/rclpy/executors.py", line 770, in _spin_once_impl
[color_detector-31]     raise handler.exception()
[color_detector-31]   File "/opt/ros/humble/local/lib/python3.10/dist-packages/rclpy/task.py", line 254, in __call__
[color_detector-31]     self._handler.send(None)
[color_detector-31]   File "/opt/ros/humble/local/lib/python3.10/dist-packages/rclpy/executors.py", line 453, in handler
[color_detector-31]     arg = take_from_wait_list(entity)
[color_detector-31]   File "/opt/ros/humble/local/lib/python3.10/dist-packages/rclpy/executors.py", line 375, in _take_subscription
[color_detector-31]     msg_info = sub.handle.take_message(sub.msg_type, sub.raw)
[color_detector-31] RuntimeError: Unable to convert call argument to Python object (compile in debug mode for details)
[color_detector-31] 
[color_detector-31] During handling of the above exception, another exception occurred:
[color_detector-31] 
[color_detector-31] Traceback (most recent call last):
[color_detector-31]   File "/home/ecem/sct_ws/install/leo_image_processing/lib/leo_image_processing/color_detector", line 33, in <module>
[color_detector-31]     sys.exit(load_entry_point('leo-image-processing==0.0.0', 'console_scripts', 'color_detector')())
[color_detector-31]   File "/home/ecem/sct_ws/install/leo_image_processing/lib/python3.10/site-packages/color_detector.py", line 330, in main
[color_detector-31]     rclpy.shutdown()
[color_detector-31]   File "/opt/ros/humble/local/lib/python3.10/dist-packages/rclpy/__init__.py", line 130, in shutdown
[color_detector-31]     _shutdown(context=context)
[color_detector-31]   File "/opt/ros/humble/local/lib/python3.10/dist-packages/rclpy/utilities.py", line 58, in shutdown
[color_detector-31]     return context.shutdown()
[color_detector-31]   File "/opt/ros/humble/local/lib/python3.10/dist-packages/rclpy/context.py", line 102, in shutdown
[color_detector-31]     self.__context.shutdown()
[color_detector-31] rclpy._rclpy_pybind11.RCLError: failed to shutdown: rcl_shutdown already called on the given context, at ./src/rcl/init.c:241
[color_detector-29] Traceback (most recent call last):
[color_detector-29]   File "/home/ecem/sct_ws/install/leo_image_processing/lib/leo_image_processing/color_detector", line 33, in <module>
[color_detector-29]     sys.exit(load_entry_point('leo-image-processing==0.0.0', 'console_scripts', 'color_detector')())
[color_detector-29]   File "/home/ecem/sct_ws/install/leo_image_processing/lib/python3.10/site-packages/color_detector.py", line 330, in main
[color_detector-29]     rclpy.shutdown()
[color_detector-29]   File "/opt/ros/humble/local/lib/python3.10/dist-packages/rclpy/__init__.py", line 130, in shutdown
[color_detector-29]     _shutdown(context=context)
[color_detector-29]   File "/opt/ros/humble/local/lib/python3.10/dist-packages/rclpy/utilities.py", line 58, in shutdown
[color_detector-29]     return context.shutdown()
[color_detector-29]   File "/opt/ros/humble/local/lib/python3.10/dist-packages/rclpy/context.py", line 102, in shutdown
[color_detector-29]     self.__context.shutdown()
[color_detector-29] rclpy._rclpy_pybind11.RCLError: failed to shutdown: rcl_shutdown already called on the given context, at ./src/rcl/init.c:241
[image_processor-28] Traceback (most recent call last):
[image_processor-28]   File "/home/ecem/sct_ws/install/leo_image_processing/lib/leo_image_processing/image_processor", line 33, in <module>
[image_processor-28]     sys.exit(load_entry_point('leo-image-processing==0.0.0', 'console_scripts', 'image_processor')())
[image_processor-28]   File "/home/ecem/sct_ws/install/leo_image_processing/lib/python3.10/site-packages/leo_image_processing.py", line 118, in main
[image_processor-28]     rclpy.shutdown()
[image_processor-28]   File "/opt/ros/humble/local/lib/python3.10/dist-packages/rclpy/__init__.py", line 130, in shutdown
[image_processor-28]     _shutdown(context=context)
[image_processor-28]   File "/opt/ros/humble/local/lib/python3.10/dist-packages/rclpy/utilities.py", line 58, in shutdown
[image_processor-28]     return context.shutdown()
[image_processor-28]   File "/opt/ros/humble/local/lib/python3.10/dist-packages/rclpy/context.py", line 102, in shutdown
[image_processor-28]     self.__context.shutdown()
[image_processor-28] rclpy._rclpy_pybind11.RCLError: failed to shutdown: rcl_shutdown already called on the given context, at ./src/rcl/init.c:241
[ERROR] [image_processor-30]: process has died [pid 70305, exit code 1, cmd '/home/ecem/sct_ws/install/leo_image_processing/lib/leo_image_processing/image_processor --ros-args -r __node:=image_processor -r __ns:=/robot_1 --params-file /tmp/launch_params__xp2f9em --params-file /tmp/launch_params_9pj_hi4k --params-file /tmp/launch_params_r8o4ybgs'].
[image_processor-26] Traceback (most recent call last):
[image_processor-26]   File "/home/ecem/sct_ws/install/leo_image_processing/lib/leo_image_processing/image_processor", line 33, in <module>
[image_processor-26]     sys.exit(load_entry_point('leo-image-processing==0.0.0', 'console_scripts', 'image_processor')())
[image_processor-26]   File "/home/ecem/sct_ws/install/leo_image_processing/lib/python3.10/site-packages/leo_image_processing.py", line 118, in main
[image_processor-26]     rclpy.shutdown()
[image_processor-26]   File "/opt/ros/humble/local/lib/python3.10/dist-packages/rclpy/__init__.py", line 130, in shutdown
[image_processor-26]     _shutdown(context=context)
[image_processor-26]   File "/opt/ros/humble/local/lib/python3.10/dist-packages/rclpy/utilities.py", line 58, in shutdown
[image_processor-26]     return context.shutdown()
[image_processor-26]   File "/opt/ros/humble/local/lib/python3.10/dist-packages/rclpy/context.py", line 102, in shutdown
[image_processor-26]     self.__context.shutdown()
[image_processor-26] rclpy._rclpy_pybind11.RCLError: failed to shutdown: rcl_shutdown already called on the given context, at ./src/rcl/init.c:241
[color_detector-27] Traceback (most recent call last):
[color_detector-27]   File "/home/ecem/sct_ws/install/leo_image_processing/lib/python3.10/site-packages/color_detector.py", line 325, in main
[color_detector-27]     rclpy.spin(node)
[color_detector-27]   File "/opt/ros/humble/local/lib/python3.10/dist-packages/rclpy/__init__.py", line 229, in spin
[color_detector-27]     executor.spin_once()
[color_detector-27]   File "/opt/ros/humble/local/lib/python3.10/dist-packages/rclpy/executors.py", line 773, in spin_once
[color_detector-27]     self._spin_once_impl(timeout_sec)
[color_detector-27]   File "/opt/ros/humble/local/lib/python3.10/dist-packages/rclpy/executors.py", line 770, in _spin_once_impl
[color_detector-27]     raise handler.exception()
[color_detector-27]   File "/opt/ros/humble/local/lib/python3.10/dist-packages/rclpy/task.py", line 254, in __call__
[color_detector-27]     self._handler.send(None)
[color_detector-27]   File "/opt/ros/humble/local/lib/python3.10/dist-packages/rclpy/executors.py", line 453, in handler
[color_detector-27]     arg = take_from_wait_list(entity)
[color_detector-27]   File "/opt/ros/humble/local/lib/python3.10/dist-packages/rclpy/executors.py", line 375, in _take_subscription
[color_detector-27]     msg_info = sub.handle.take_message(sub.msg_type, sub.raw)
[color_detector-27] RuntimeError: Unable to convert call argument to Python object (compile in debug mode for details)
[color_detector-27] 
[color_detector-27] During handling of the above exception, another exception occurred:
[color_detector-27] 
[color_detector-27] Traceback (most recent call last):
[color_detector-27]   File "/home/ecem/sct_ws/install/leo_image_processing/lib/leo_image_processing/color_detector", line 33, in <module>
[color_detector-27]     sys.exit(load_entry_point('leo-image-processing==0.0.0', 'console_scripts', 'color_detector')())
[color_detector-27]   File "/home/ecem/sct_ws/install/leo_image_processing/lib/python3.10/site-packages/color_detector.py", line 330, in main
[color_detector-27]     rclpy.shutdown()
[color_detector-27]   File "/opt/ros/humble/local/lib/python3.10/dist-packages/rclpy/__init__.py", line 130, in shutdown
[color_detector-27]     _shutdown(context=context)
[color_detector-27]   File "/opt/ros/humble/local/lib/python3.10/dist-packages/rclpy/utilities.py", line 58, in shutdown
[color_detector-27]     return context.shutdown()
[color_detector-27]   File "/opt/ros/humble/local/lib/python3.10/dist-packages/rclpy/context.py", line 102, in shutdown
[color_detector-27]     self.__context.shutdown()
[color_detector-27] rclpy._rclpy_pybind11.RCLError: failed to shutdown: rcl_shutdown already called on the given context, at ./src/rcl/init.c:241
[INFO] [image_bridge-18]: process has finished cleanly [pid 69352]
[INFO] [static_transform_publisher-17]: process has finished cleanly [pid 69325]
[ERROR] [image_processor-26]: process has died [pid 70242, exit code 1, cmd '/home/ecem/sct_ws/install/leo_image_processing/lib/leo_image_processing/image_processor --ros-args -r __node:=image_processor -r __ns:=/robot_0 --params-file /tmp/launch_params_uz0l0rjh --params-file /tmp/launch_params_vyssrox8 --params-file /tmp/launch_params_hrrsyras'].
[INFO] [robot_state_publisher-15]: process has finished cleanly [pid 69266]
[ERROR] [color_detector-31]: process has died [pid 70309, exit code 1, cmd '/home/ecem/sct_ws/install/leo_image_processing/lib/leo_image_processing/color_detector --ros-args -r __node:=target_detector -r __ns:=/robot_1 --params-file /tmp/launch_params_rhjnj9q1 --params-file /tmp/launch_params_e4jvhkh4 --params-file /tmp/launch_params_wdxaibqz --params-file /tmp/launch_params_kdrmatgk --params-file /tmp/launch_params_ry1j2kt5 --params-file /tmp/launch_params_hng081_r'].
[INFO] [static_transform_publisher-13]: process has finished cleanly [pid 69258]
[INFO] [image_bridge-14]: process has finished cleanly [pid 69263]
[INFO] [robot_state_publisher-11]: process has finished cleanly [pid 69228]
[ERROR] [color_detector-29]: process has died [pid 70265, exit code 1, cmd '/home/ecem/sct_ws/install/leo_image_processing/lib/leo_image_processing/color_detector --ros-args -r __node:=target_detector -r __ns:=/robot_2 --params-file /tmp/launch_params_eiigi0pc --params-file /tmp/launch_params_2vpepp3x --params-file /tmp/launch_params_6oehbjgo --params-file /tmp/launch_params_lty2qv8i --params-file /tmp/launch_params_d7bi0mx6 --params-file /tmp/launch_params_ephwetk6'].
[ERROR] [image_processor-28]: process has died [pid 70256, exit code 1, cmd '/home/ecem/sct_ws/install/leo_image_processing/lib/leo_image_processing/image_processor --ros-args -r __node:=image_processor -r __ns:=/robot_2 --params-file /tmp/launch_params_32kbvsxs --params-file /tmp/launch_params_jf8dcfzd --params-file /tmp/launch_params_395r_i_8'].
[stuck_recovery-25] Traceback (most recent call last):
[stuck_recovery-25]   File "/home/ecem/sct_ws/install/leo_image_processing/lib/leo_image_processing/stuck_recovery", line 33, in <module>
[stuck_recovery-25]     sys.exit(load_entry_point('leo-image-processing==0.0.0', 'console_scripts', 'stuck_recovery')())
[stuck_recovery-25]   File "/home/ecem/sct_ws/install/leo_image_processing/lib/python3.10/site-packages/stuck_recovery.py", line 294, in main
[stuck_recovery-25]     rclpy.shutdown()
[stuck_recovery-25]   File "/opt/ros/humble/local/lib/python3.10/dist-packages/rclpy/__init__.py", line 130, in shutdown
[stuck_recovery-25]     _shutdown(context=context)
[stuck_recovery-25]   File "/opt/ros/humble/local/lib/python3.10/dist-packages/rclpy/utilities.py", line 58, in shutdown
[stuck_recovery-25]     return context.shutdown()
[stuck_recovery-25]   File "/opt/ros/humble/local/lib/python3.10/dist-packages/rclpy/context.py", line 102, in shutdown
[INFO] [static_transform_publisher-9]: process has finished cleanly [pid 69208]
[stuck_recovery-25]     self.__context.shutdown()
[stuck_recovery-25] rclpy._rclpy_pybind11.RCLError: failed to shutdown: rcl_shutdown already called on the given context, at ./src/rcl/init.c:241
[INFO] [image_bridge-10]: process has finished cleanly [pid 69212]
[stuck_recovery-21] Traceback (most recent call last):
[stuck_recovery-21]   File "/home/ecem/sct_ws/install/leo_image_processing/lib/leo_image_processing/stuck_recovery", line 33, in <module>
[stuck_recovery-21]     sys.exit(load_entry_point('leo-image-processing==0.0.0', 'console_scripts', 'stuck_recovery')())
[stuck_recovery-21]   File "/home/ecem/sct_ws/install/leo_image_processing/lib/python3.10/site-packages/stuck_recovery.py", line 294, in main
[stuck_recovery-21]     rclpy.shutdown()
[stuck_recovery-21]   File "/opt/ros/humble/local/lib/python3.10/dist-packages/rclpy/__init__.py", line 130, in shutdown
[stuck_recovery-21]     _shutdown(context=context)
[stuck_recovery-21]   File "/opt/ros/humble/local/lib/python3.10/dist-packages/rclpy/utilities.py", line 58, in shutdown
[stuck_recovery-21]     return context.shutdown()
[stuck_recovery-21]   File "/opt/ros/humble/local/lib/python3.10/dist-packages/rclpy/context.py", line 102, in shutdown
[stuck_recovery-21]     self.__context.shutdown()
[stuck_recovery-21] rclpy._rclpy_pybind11.RCLError: failed to shutdown: rcl_shutdown already called on the given context, at ./src/rcl/init.c:241
[stuck_recovery-23] Traceback (most recent call last):
[stuck_recovery-23]   File "/home/ecem/sct_ws/install/leo_image_processing/lib/leo_image_processing/stuck_recovery", line 33, in <module>
[stuck_recovery-23]     sys.exit(load_entry_point('leo-image-processing==0.0.0', 'console_scripts', 'stuck_recovery')())
[stuck_recovery-23]   File "/home/ecem/sct_ws/install/leo_image_processing/lib/python3.10/site-packages/stuck_recovery.py", line 294, in main
[stuck_recovery-23]     rclpy.shutdown()
[stuck_recovery-23]   File "/opt/ros/humble/local/lib/python3.10/dist-packages/rclpy/__init__.py", line 130, in shutdown
[stuck_recovery-23]     _shutdown(context=context)
[stuck_recovery-23]   File "/opt/ros/humble/local/lib/python3.10/dist-packages/rclpy/utilities.py", line 58, in shutdown
[stuck_recovery-23]     return context.shutdown()
[stuck_recovery-23]   File "/opt/ros/humble/local/lib/python3.10/dist-packages/rclpy/context.py", line 102, in shutdown
[stuck_recovery-23]     self.__context.shutdown()
[stuck_recovery-23] rclpy._rclpy_pybind11.RCLError: failed to shutdown: rcl_shutdown already called on the given context, at ./src/rcl/init.c:241
[balanced_delivery_supervisor-22] Traceback (most recent call last):
[balanced_delivery_supervisor-22]   File "/home/ecem/sct_ws/install/leo_delivery/lib/leo_delivery/balanced_delivery_supervisor", line 33, in <module>
[balanced_delivery_supervisor-22]     sys.exit(load_entry_point('leo-delivery==0.0.0', 'console_scripts', 'balanced_delivery_supervisor')())
[balanced_delivery_supervisor-22]   File "/home/ecem/sct_ws/install/leo_delivery/lib/python3.10/site-packages/leo_delivery/balanced_delivery_supervisor.py", line 331, in main
[balanced_delivery_supervisor-22]     rclpy.spin(node)
[balanced_delivery_supervisor-22]   File "/opt/ros/humble/local/lib/python3.10/dist-packages/rclpy/__init__.py", line 229, in spin
[balanced_delivery_supervisor-22]     executor.spin_once()
[balanced_delivery_supervisor-22]   File "/opt/ros/humble/local/lib/python3.10/dist-packages/rclpy/executors.py", line 773, in spin_once
[balanced_delivery_supervisor-22]     self._spin_once_impl(timeout_sec)
[balanced_delivery_supervisor-22]   File "/opt/ros/humble/local/lib/python3.10/dist-packages/rclpy/executors.py", line 770, in _spin_once_impl
[balanced_delivery_supervisor-22]     raise handler.exception()
[balanced_delivery_supervisor-22]   File "/opt/ros/humble/local/lib/python3.10/dist-packages/rclpy/task.py", line 254, in __call__
[balanced_delivery_supervisor-22]     self._handler.send(None)
[balanced_delivery_supervisor-22]   File "/opt/ros/humble/local/lib/python3.10/dist-packages/rclpy/executors.py", line 453, in handler
[balanced_delivery_supervisor-22]     arg = take_from_wait_list(entity)
[balanced_delivery_supervisor-22]   File "/opt/ros/humble/local/lib/python3.10/dist-packages/rclpy/executors.py", line 375, in _take_subscription
[balanced_delivery_supervisor-22]     msg_info = sub.handle.take_message(sub.msg_type, sub.raw)
[balanced_delivery_supervisor-22] RuntimeError: Unable to convert call argument to Python object (compile in debug mode for details)
[INFO] [robot_state_publisher-7]: process has finished cleanly [pid 69199]
[ERROR] [color_detector-27]: process has died [pid 70244, exit code 1, cmd '/home/ecem/sct_ws/install/leo_image_processing/lib/leo_image_processing/color_detector --ros-args -r __node:=target_detector -r __ns:=/robot_0 --params-file /tmp/launch_params_8saax53h --params-file /tmp/launch_params_9c__9fy8 --params-file /tmp/launch_params_jka8x4n2 --params-file /tmp/launch_params_dn44zeg4 --params-file /tmp/launch_params_vxl2hqv7 --params-file /tmp/launch_params_osfb4u_0'].
[balanced_delivery_supervisor-24] Traceback (most recent call last):
[balanced_delivery_supervisor-24]   File "/home/ecem/sct_ws/install/leo_delivery/lib/leo_delivery/balanced_delivery_supervisor", line 33, in <module>
[balanced_delivery_supervisor-24]     sys.exit(load_entry_point('leo-delivery==0.0.0', 'console_scripts', 'balanced_delivery_supervisor')())
[balanced_delivery_supervisor-24]   File "/home/ecem/sct_ws/install/leo_delivery/lib/python3.10/site-packages/leo_delivery/balanced_delivery_supervisor.py", line 331, in main
[balanced_delivery_supervisor-24]     rclpy.spin(node)
[balanced_delivery_supervisor-24]   File "/opt/ros/humble/local/lib/python3.10/dist-packages/rclpy/__init__.py", line 229, in spin
[balanced_delivery_supervisor-24]     executor.spin_once()
[balanced_delivery_supervisor-24]   File "/opt/ros/humble/local/lib/python3.10/dist-packages/rclpy/executors.py", line 773, in spin_once
[balanced_delivery_supervisor-24]     self._spin_once_impl(timeout_sec)
[balanced_delivery_supervisor-24]   File "/opt/ros/humble/local/lib/python3.10/dist-packages/rclpy/executors.py", line 770, in _spin_once_impl
[balanced_delivery_supervisor-24]     raise handler.exception()
[balanced_delivery_supervisor-24]   File "/opt/ros/humble/local/lib/python3.10/dist-packages/rclpy/task.py", line 254, in __call__
[balanced_delivery_supervisor-24]     self._handler.send(None)
[balanced_delivery_supervisor-24]   File "/opt/ros/humble/local/lib/python3.10/dist-packages/rclpy/executors.py", line 453, in handler
[balanced_delivery_supervisor-24]     arg = take_from_wait_list(entity)
[balanced_delivery_supervisor-24]   File "/opt/ros/humble/local/lib/python3.10/dist-packages/rclpy/executors.py", line 375, in _take_subscription
[balanced_delivery_supervisor-24]     msg_info = sub.handle.take_message(sub.msg_type, sub.raw)
[balanced_delivery_supervisor-24] RuntimeError: Unable to convert call argument to Python object (compile in debug mode for details)
[INFO] [balanced_delivery_supervisor-20]: process has finished cleanly [pid 70033]
[ERROR] [stuck_recovery-25]: process has died [pid 70047, exit code 1, cmd '/home/ecem/sct_ws/install/leo_image_processing/lib/leo_image_processing/stuck_recovery --ros-args -r __node:=stuck_recovery -r __ns:=/robot_1 --params-file /tmp/launch_params_y0hpprog --params-file /tmp/launch_params_8gk1i8ly --params-file /tmp/launch_params_t9_8owit --params-file /tmp/launch_params_ocej1lnz --params-file /tmp/launch_params_fqp9sjal --params-file /tmp/launch_params_wykeklra --params-file /tmp/launch_params_5f52w0sk --params-file /tmp/launch_params_uvmpzgcv --params-file /tmp/launch_params_2mevzbhs --params-file /tmp/launch_params_0w8k2iqc'].
[ERROR] [stuck_recovery-21]: process has died [pid 70035, exit code 1, cmd '/home/ecem/sct_ws/install/leo_image_processing/lib/leo_image_processing/stuck_recovery --ros-args -r __node:=stuck_recovery -r __ns:=/robot_0 --params-file /tmp/launch_params_m7rva4ys --params-file /tmp/launch_params_gkocstft --params-file /tmp/launch_params_de73aovv --params-file /tmp/launch_params_rvgtfjea --params-file /tmp/launch_params_herwh_o8 --params-file /tmp/launch_params_a9dyeopw --params-file /tmp/launch_params_4il92xfr --params-file /tmp/launch_params_76cix9oa --params-file /tmp/launch_params_v4ty0j1r --params-file /tmp/launch_params_tarhu1mr'].
[INFO] [image_bridge-2]: process has finished cleanly [pid 69169]
[ERROR] [stuck_recovery-23]: process has died [pid 70039, exit code 1, cmd '/home/ecem/sct_ws/install/leo_image_processing/lib/leo_image_processing/stuck_recovery --ros-args -r __node:=stuck_recovery -r __ns:=/robot_2 --params-file /tmp/launch_params_0059mosu --params-file /tmp/launch_params_07rcziy8 --params-file /tmp/launch_params_5fq1dp6a --params-file /tmp/launch_params_pugwnq0p --params-file /tmp/launch_params_1x370_kb --params-file /tmp/launch_params_adh66md4 --params-file /tmp/launch_params_j20c9h21 --params-file /tmp/launch_params_4q7eb2q1 --params-file /tmp/launch_params_273_lir6 --params-file /tmp/launch_params_315f8t8w'].
[ERROR] [balanced_delivery_supervisor-24]: process has died [pid 70045, exit code 1, cmd '/home/ecem/sct_ws/install/leo_delivery/lib/leo_delivery/balanced_delivery_supervisor --ros-args -r __node:=robot_supervisor -r __ns:=/robot_1 --params-file /tmp/launch_params_93d2tdj1 --params-file /tmp/launch_params_pzbviaer --params-file /tmp/launch_params_lhyvuab6 --params-file /tmp/launch_params_us_mgvvd --params-file /tmp/launch_params_79i4qgsz --params-file /tmp/launch_params_a4yj4_yz --params-file /tmp/launch_params_kusldmhs --params-file /tmp/launch_params_rjoc6uee --params-file /tmp/launch_params_ky4p5bui -r cmd_vel:=cmd_vel_supervisor'].
[ERROR] [balanced_delivery_supervisor-22]: process has died [pid 70037, exit code 1, cmd '/home/ecem/sct_ws/install/leo_delivery/lib/leo_delivery/balanced_delivery_supervisor --ros-args -r __node:=robot_supervisor -r __ns:=/robot_2 --params-file /tmp/launch_params_xb_niwo2 --params-file /tmp/launch_params_tvwdyoes --params-file /tmp/launch_params_65woox8g --params-file /tmp/launch_params_7u1eo39v --params-file /tmp/launch_params_1us1uq1c --params-file /tmp/launch_params_pw10c6rj --params-file /tmp/launch_params_nr4y4qj5 --params-file /tmp/launch_params__iznq5fr --params-file /tmp/launch_params_oma2jcdl -r cmd_vel:=cmd_vel_supervisor'].
[bump_counter-5] Traceback (most recent call last):
[bump_counter-5]   File "/home/ecem/sct_ws/install/evaluation/lib/evaluation/bump_counter", line 33, in <module>
[bump_counter-5]     sys.exit(load_entry_point('evaluation==0.0.0', 'console_scripts', 'bump_counter')())
[bump_counter-5]   File "/home/ecem/sct_ws/install/evaluation/lib/python3.10/site-packages/evaluation/bump_counter.py", line 697, in main
[bump_counter-5]     rclpy.shutdown()
[bump_counter-5]   File "/opt/ros/humble/local/lib/python3.10/dist-packages/rclpy/__init__.py", line 130, in shutdown
[bump_counter-5]     _shutdown(context=context)
[bump_counter-5]   File "/opt/ros/humble/local/lib/python3.10/dist-packages/rclpy/utilities.py", line 58, in shutdown
[bump_counter-5]     return context.shutdown()
[bump_counter-5]   File "/opt/ros/humble/local/lib/python3.10/dist-packages/rclpy/context.py", line 102, in shutdown
[bump_counter-5]     self.__context.shutdown()
[bump_counter-5] rclpy._rclpy_pybind11.RCLError: failed to shutdown: rcl_shutdown already called on the given context, at ./src/rcl/init.c:241
[INFO] [simulation_video_recorder-3]: process has finished cleanly [pid 69173]
[ERROR] [bump_counter-5]: process has died [pid 69184, exit code 1, cmd '/home/ecem/sct_ws/install/evaluation/lib/evaluation/bump_counter --ros-args -r __node:=bump_counter --params-file /tmp/launch_params_7uebz932 --params-file /tmp/launch_params_06mq5el0 --params-file /tmp/launch_params_19nkibed --params-file /tmp/launch_params_nwk7t08d --params-file /tmp/launch_params_a5hvqug6 --params-file /tmp/launch_params_3ao6eia5 --params-file /tmp/launch_params__8foe55q --params-file /tmp/launch_params_i7a4mi3c'].
[ERROR] [ign gazebo-1]: process[ign gazebo-1] failed to terminate '5' seconds after receiving 'SIGINT', escalating to 'SIGTERM'
[INFO] [ign gazebo-1]: sending signal 'SIGTERM' to process[ign gazebo-1]
[ERROR] [ign gazebo-1]: process has died [pid 69166, exit code -15, cmd 'ruby /usr/bin/ign gazebo /tmp/leo_delivery_no_overhead_camera_a7v9eitz.sdf -s --headless-rendering -r -z 200 --force-version 6'].
[INFO] [launch]: process[ign gazebo-1] was required: shutting down launched system
