[INFO] [launch]: All log files can be found below /home/ecem/sct_ws/src/llm_sct/RESULTS_LAST/baseline/balanced_delivery/batch_logs/ros_slot2/2026-09-15-18-05-04-923954-ecem-pc-66172
[INFO] [launch]: Default logging verbosity is set to INFO
[leo_delivery] randomized task layout with seed 1003
[spawn_multi_robots] run_id=run_20260915_180505_295634328 random_seed=1003 
[INFO] [ign gazebo-1]: process started with pid [66179]
[INFO] [image_bridge-2]: process started with pid [66182]
[INFO] [simulation_video_recorder-3]: process started with pid [66184]
[INFO] [coverage_counter-4]: process started with pid [66186]
[INFO] [bump_counter-5]: process started with pid [66196]
[INFO] [parameter_bridge-6]: process started with pid [66212]
[INFO] [robot_state_publisher-7]: process started with pid [66237]
[INFO] [create-8]: process started with pid [66249]
[INFO] [static_transform_publisher-9]: process started with pid [66263]
[INFO] [image_bridge-10]: process started with pid [66277]
[INFO] [robot_state_publisher-11]: process started with pid [66293]
[INFO] [create-12]: process started with pid [66321]
[INFO] [static_transform_publisher-13]: process started with pid [66346]
[INFO] [image_bridge-14]: process started with pid [66394]
[INFO] [robot_state_publisher-15]: process started with pid [66424]
[INFO] [create-16]: process started with pid [66443]
[INFO] [static_transform_publisher-17]: process started with pid [66467]
[INFO] [image_bridge-18]: process started with pid [66496]
[INFO] [parameter_bridge-19]: process started with pid [66517]
[static_transform_publisher-9] [WARN] [1789488305.544156361] []: Old-style arguments are deprecated; see --help for new-style arguments
[static_transform_publisher-9] [INFO] [1789488305.620709222] [robot_0_spawn_offset_tf]: Spinning until stopped - publishing transform
[static_transform_publisher-9] translation: ('0.525497', '1.064531', '0.000000')
[static_transform_publisher-9] rotation: ('0.000000', '0.000000', '-0.246755', '0.969078')
[static_transform_publisher-9] from 'odom' to 'robot_0/odom'
[static_transform_publisher-13] [WARN] [1789488305.643511334] []: Old-style arguments are deprecated; see --help for new-style arguments
[static_transform_publisher-17] [WARN] [1789488305.771394860] []: Old-style arguments are deprecated; see --help for new-style arguments
[robot_state_publisher-7] [INFO] [1789488305.876050964] [robot_0.robot_state_publisher]: got segment robot_0/antenna_link
[robot_state_publisher-7] [INFO] [1789488305.877979729] [robot_0.robot_state_publisher]: got segment robot_0/base_footprint
[robot_state_publisher-7] [INFO] [1789488305.878649629] [robot_0.robot_state_publisher]: got segment robot_0/base_link
[robot_state_publisher-7] [INFO] [1789488305.878666651] [robot_0.robot_state_publisher]: got segment robot_0/realsense_link
[robot_state_publisher-7] [INFO] [1789488305.878676365] [robot_0.robot_state_publisher]: got segment robot_0/rocker_L_link
[robot_state_publisher-7] [INFO] [1789488305.878684948] [robot_0.robot_state_publisher]: got segment robot_0/rocker_R_link
[robot_state_publisher-7] [INFO] [1789488305.878693402] [robot_0.robot_state_publisher]: got segment robot_0/wheel_FL_link
[robot_state_publisher-7] [INFO] [1789488305.878701779] [robot_0.robot_state_publisher]: got segment robot_0/wheel_FR_link
[robot_state_publisher-7] [INFO] [1789488305.878709959] [robot_0.robot_state_publisher]: got segment robot_0/wheel_RL_link
[robot_state_publisher-7] [INFO] [1789488305.878718059] [robot_0.robot_state_publisher]: got segment robot_0/wheel_RR_link
[static_transform_publisher-13] [INFO] [1789488305.993021702] [robot_1_spawn_offset_tf]: Spinning until stopped - publishing transform
[static_transform_publisher-13] translation: ('0.196126', '-3.090207', '0.000000')
[static_transform_publisher-13] rotation: ('0.000000', '0.000000', '0.816960', '0.576695')
[static_transform_publisher-13] from 'odom' to 'robot_1/odom'
[static_transform_publisher-17] [INFO] [1789488306.097782656] [robot_2_spawn_offset_tf]: Spinning until stopped - publishing transform
[static_transform_publisher-17] translation: ('1.566173', '-1.616760', '0.000000')
[static_transform_publisher-17] rotation: ('0.000000', '0.000000', '0.988871', '0.148774')
[static_transform_publisher-17] from 'odom' to 'robot_2/odom'
[robot_state_publisher-11] [INFO] [1789488306.116716563] [robot_1.robot_state_publisher]: got segment robot_1/antenna_link
[robot_state_publisher-11] [INFO] [1789488306.116843319] [robot_1.robot_state_publisher]: got segment robot_1/base_footprint
[robot_state_publisher-11] [INFO] [1789488306.123768444] [robot_1.robot_state_publisher]: got segment robot_1/base_link
[robot_state_publisher-11] [INFO] [1789488306.123798600] [robot_1.robot_state_publisher]: got segment robot_1/realsense_link
[robot_state_publisher-11] [INFO] [1789488306.123809452] [robot_1.robot_state_publisher]: got segment robot_1/rocker_L_link
[robot_state_publisher-11] [INFO] [1789488306.123819101] [robot_1.robot_state_publisher]: got segment robot_1/rocker_R_link
[robot_state_publisher-11] [INFO] [1789488306.123828223] [robot_1.robot_state_publisher]: got segment robot_1/wheel_FL_link
[robot_state_publisher-11] [INFO] [1789488306.123839156] [robot_1.robot_state_publisher]: got segment robot_1/wheel_FR_link
[robot_state_publisher-11] [INFO] [1789488306.123848320] [robot_1.robot_state_publisher]: got segment robot_1/wheel_RL_link
[robot_state_publisher-11] [INFO] [1789488306.123863169] [robot_1.robot_state_publisher]: got segment robot_1/wheel_RR_link
[parameter_bridge-19] [INFO] [1789488306.331206466] [clock_bridge]: Creating GZ->ROS Bridge: [/clock (ignition.msgs.Clock) -> /clock (rosgraph_msgs/msg/Clock)] (Lazy 0)
[create-12] [INFO] [1789488306.510790413] [robot_1.ros_gz_sim]: Requesting list of world names.
[parameter_bridge-6] [INFO] [1789488306.531181306] [all_robots_bridge]: Creating ROS->GZ Bridge: [/robot_0/cmd_vel (geometry_msgs/msg/Twist) -> /robot_0/cmd_vel (ignition.msgs.Twist)] (Lazy 0)
[create-16] [INFO] [1789488306.534114192] [robot_2.ros_gz_sim]: Requesting list of world names.
[create-8] [INFO] [1789488306.557569204] [robot_0.ros_gz_sim]: Requesting list of world names.
[parameter_bridge-6] [INFO] [1789488306.570997856] [all_robots_bridge]: Creating GZ->ROS Bridge: [/robot_0/odom (ignition.msgs.Odometry) -> /robot_0/odom (nav_msgs/msg/Odometry)] (Lazy 0)
[parameter_bridge-6] [INFO] [1789488306.586579665] [all_robots_bridge]: Creating GZ->ROS Bridge: [/robot_0/tf (ignition.msgs.Pose_V) -> /robot_0/tf (tf2_msgs/msg/TFMessage)] (Lazy 0)
[parameter_bridge-6] [INFO] [1789488306.598125035] [all_robots_bridge]: Creating GZ->ROS Bridge: [/robot_0/joint_states (ignition.msgs.Model) -> /robot_0/joint_states (sensor_msgs/msg/JointState)] (Lazy 0)
[parameter_bridge-6] [INFO] [1789488306.617163712] [all_robots_bridge]: Creating GZ->ROS Bridge: [/robot_0/depth_camera/depth_image (ignition.msgs.Image) -> /robot_0/depth_camera/depth_image (sensor_msgs/msg/Image)] (Lazy 0)
[parameter_bridge-6] [INFO] [1789488306.629011152] [all_robots_bridge]: Creating GZ->ROS Bridge: [/robot_0/depth_camera/camera_info (ignition.msgs.CameraInfo) -> /robot_0/depth_camera/camera_info (sensor_msgs/msg/CameraInfo)] (Lazy 0)
[parameter_bridge-6] [INFO] [1789488306.639526173] [all_robots_bridge]: Creating GZ->ROS Bridge: [/world/random_world/model/robot_0/link/robot_0/base_footprint/sensor/contact_sensor/contact (ignition.msgs.Contacts) -> /world/random_world/model/robot_0/link/robot_0/base_footprint/sensor/contact_sensor/contact (ros_gz_interfaces/msg/Contacts)] (Lazy 0)
[robot_state_publisher-15] [INFO] [1789488306.646996273] [robot_2.robot_state_publisher]: got segment robot_2/antenna_link
[robot_state_publisher-15] [INFO] [1789488306.647154958] [robot_2.robot_state_publisher]: got segment robot_2/base_footprint
[robot_state_publisher-15] [INFO] [1789488306.647172993] [robot_2.robot_state_publisher]: got segment robot_2/base_link
[robot_state_publisher-15] [INFO] [1789488306.647184003] [robot_2.robot_state_publisher]: got segment robot_2/realsense_link
[robot_state_publisher-15] [INFO] [1789488306.647193341] [robot_2.robot_state_publisher]: got segment robot_2/rocker_L_link
[robot_state_publisher-15] [INFO] [1789488306.647202503] [robot_2.robot_state_publisher]: got segment robot_2/rocker_R_link
[robot_state_publisher-15] [INFO] [1789488306.647211452] [robot_2.robot_state_publisher]: got segment robot_2/wheel_FL_link
[robot_state_publisher-15] [INFO] [1789488306.647220530] [robot_2.robot_state_publisher]: got segment robot_2/wheel_FR_link
[robot_state_publisher-15] [INFO] [1789488306.647229413] [robot_2.robot_state_publisher]: got segment robot_2/wheel_RL_link
[robot_state_publisher-15] [INFO] [1789488306.647238921] [robot_2.robot_state_publisher]: got segment robot_2/wheel_RR_link
[parameter_bridge-6] [INFO] [1789488306.657164325] [all_robots_bridge]: Creating ROS->GZ Bridge: [/robot_1/cmd_vel (geometry_msgs/msg/Twist) -> /robot_1/cmd_vel (ignition.msgs.Twist)] (Lazy 0)
[parameter_bridge-6] [INFO] [1789488306.664592227] [all_robots_bridge]: Creating GZ->ROS Bridge: [/robot_1/odom (ignition.msgs.Odometry) -> /robot_1/odom (nav_msgs/msg/Odometry)] (Lazy 0)
[parameter_bridge-6] [INFO] [1789488306.677763682] [all_robots_bridge]: Creating GZ->ROS Bridge: [/robot_1/tf (ignition.msgs.Pose_V) -> /robot_1/tf (tf2_msgs/msg/TFMessage)] (Lazy 0)
[parameter_bridge-6] [INFO] [1789488306.691287795] [all_robots_bridge]: Creating GZ->ROS Bridge: [/robot_1/joint_states (ignition.msgs.Model) -> /robot_1/joint_states (sensor_msgs/msg/JointState)] (Lazy 0)
[parameter_bridge-6] [INFO] [1789488306.707468198] [all_robots_bridge]: Creating GZ->ROS Bridge: [/robot_1/depth_camera/depth_image (ignition.msgs.Image) -> /robot_1/depth_camera/depth_image (sensor_msgs/msg/Image)] (Lazy 0)
[parameter_bridge-6] [INFO] [1789488306.719536417] [all_robots_bridge]: Creating GZ->ROS Bridge: [/robot_1/depth_camera/camera_info (ignition.msgs.CameraInfo) -> /robot_1/depth_camera/camera_info (sensor_msgs/msg/CameraInfo)] (Lazy 0)
[parameter_bridge-6] [INFO] [1789488306.730521958] [all_robots_bridge]: Creating GZ->ROS Bridge: [/world/random_world/model/robot_1/link/robot_1/base_footprint/sensor/contact_sensor/contact (ignition.msgs.Contacts) -> /world/random_world/model/robot_1/link/robot_1/base_footprint/sensor/contact_sensor/contact (ros_gz_interfaces/msg/Contacts)] (Lazy 0)
[parameter_bridge-6] [INFO] [1789488306.742252193] [all_robots_bridge]: Creating ROS->GZ Bridge: [/robot_2/cmd_vel (geometry_msgs/msg/Twist) -> /robot_2/cmd_vel (ignition.msgs.Twist)] (Lazy 0)
[parameter_bridge-6] [INFO] [1789488306.752280983] [all_robots_bridge]: Creating GZ->ROS Bridge: [/robot_2/odom (ignition.msgs.Odometry) -> /robot_2/odom (nav_msgs/msg/Odometry)] (Lazy 0)
[parameter_bridge-6] [INFO] [1789488306.765983065] [all_robots_bridge]: Creating GZ->ROS Bridge: [/robot_2/tf (ignition.msgs.Pose_V) -> /robot_2/tf (tf2_msgs/msg/TFMessage)] (Lazy 0)
[parameter_bridge-6] [INFO] [1789488306.771674305] [all_robots_bridge]: Creating GZ->ROS Bridge: [/robot_2/joint_states (ignition.msgs.Model) -> /robot_2/joint_states (sensor_msgs/msg/JointState)] (Lazy 0)
[parameter_bridge-6] [INFO] [1789488306.782314598] [all_robots_bridge]: Creating GZ->ROS Bridge: [/robot_2/depth_camera/depth_image (ignition.msgs.Image) -> /robot_2/depth_camera/depth_image (sensor_msgs/msg/Image)] (Lazy 0)
[parameter_bridge-6] [INFO] [1789488306.791520448] [all_robots_bridge]: Creating GZ->ROS Bridge: [/robot_2/depth_camera/camera_info (ignition.msgs.CameraInfo) -> /robot_2/depth_camera/camera_info (sensor_msgs/msg/CameraInfo)] (Lazy 0)
[parameter_bridge-6] [INFO] [1789488306.805398019] [all_robots_bridge]: Creating GZ->ROS Bridge: [/world/random_world/model/robot_2/link/robot_2/base_footprint/sensor/contact_sensor/contact (ignition.msgs.Contacts) -> /world/random_world/model/robot_2/link/robot_2/base_footprint/sensor/contact_sensor/contact (ros_gz_interfaces/msg/Contacts)] (Lazy 0)
[parameter_bridge-6] [INFO] [1789488306.815806926] [all_robots_bridge]: Creating GZ->ROS Bridge: [/world/random_world/dynamic_pose/info (ignition.msgs.Pose_V) -> /world/random_world/dynamic_pose/info (tf2_msgs/msg/TFMessage)] (Lazy 0)
[simulation_video_recorder-3] [INFO] [1789488307.402179566] [simulation_video_recorder]: Simulation video recording disabled for this run
[bump_counter-5] [INFO] [1789488308.095793416] [bump_counter]: [global] global_mode=True cooldown(robot)=0.80s cooldown(obs)=0.50s Logging to /home/ecem/sct_ws/src/llm_sct/RESULTS_LAST/baseline/balanced_delivery/seed_1003/supervisor/run_20260915_180505_295634328/bumps_global.csv
[create-16] [INFO] [1789488308.233447601] [robot_2.ros_gz_sim]: Waiting messages on topic [/robot_2/robot_description].
[create-12] [INFO] [1789488308.334197248] [robot_1.ros_gz_sim]: Waiting messages on topic [/robot_1/robot_description].
[create-16] [INFO] [1789488308.432080194] [robot_2.ros_gz_sim]: Requested creation of entity.
[create-16] [INFO] [1789488308.432143851] [robot_2.ros_gz_sim]: OK creation of entity.
[create-12] [INFO] [1789488308.434772242] [robot_1.ros_gz_sim]: Requested creation of entity.
[create-12] [INFO] [1789488308.434826236] [robot_1.ros_gz_sim]: OK creation of entity.
[create-8] [INFO] [1789488308.436199197] [robot_0.ros_gz_sim]: Waiting messages on topic [/robot_0/robot_description].
[create-8] [INFO] [1789488308.451638122] [robot_0.ros_gz_sim]: Requested creation of entity.
[create-8] [INFO] [1789488308.451827381] [robot_0.ros_gz_sim]: OK creation of entity.
[INFO] [create-12]: process has finished cleanly [pid 66321]
[INFO] [create-16]: process has finished cleanly [pid 66443]
[INFO] [create-8]: process has finished cleanly [pid 66249]
[INFO] [balanced_delivery_supervisor-20]: process started with pid [67692]
[INFO] [stuck_recovery-21]: process started with pid [67694]
[INFO] [balanced_delivery_supervisor-22]: process started with pid [67702]
[INFO] [stuck_recovery-23]: process started with pid [67705]
[INFO] [balanced_delivery_supervisor-24]: process started with pid [67716]
[INFO] [stuck_recovery-25]: process started with pid [67724]
[bump_counter-5] [INFO] [1789488309.026471047] [bump_counter]: [global] subscribed: /world/random_world/model/robot_0/link/robot_0/base_footprint/sensor/contact_sensor/contact
[bump_counter-5] [INFO] [1789488309.027800247] [bump_counter]: [global] subscribed: /world/random_world/model/robot_1/link/robot_1/base_footprint/sensor/contact_sensor/contact
[bump_counter-5] [INFO] [1789488309.035967115] [bump_counter]: [global] subscribed: /world/random_world/model/robot_2/link/robot_2/base_footprint/sensor/contact_sensor/contact
[INFO] [image_processor-26]: process started with pid [67866]
[INFO] [color_detector-27]: process started with pid [67884]
[INFO] [image_processor-28]: process started with pid [67902]
[INFO] [color_detector-29]: process started with pid [67908]
[INFO] [image_processor-30]: process started with pid [67968]
[INFO] [color_detector-31]: process started with pid [67976]
[stuck_recovery-23] [INFO] [1789488311.709727716] [robot_2.stuck_recovery]: Shared stuck recovery active: cmd_vel_supervisor -> cmd_vel (reverse -> turn -> forward)
[parameter_bridge-6] [INFO] [1789488311.744052575] [all_robots_bridge]: Passing message from ROS geometry_msgs/msg/Twist to Gazebo gz.msgs.Twist (showing msg only once per type)
[stuck_recovery-21] [INFO] [1789488311.745241250] [robot_1.stuck_recovery]: Shared stuck recovery active: cmd_vel_supervisor -> cmd_vel (reverse -> turn -> forward)
[stuck_recovery-25] [INFO] [1789488312.235731712] [robot_0.stuck_recovery]: Shared stuck recovery active: cmd_vel_supervisor -> cmd_vel (reverse -> turn -> forward)
[ign gazebo-1] libEGL warning: egl: failed to create dri2 screen
[ign gazebo-1] libEGL warning: egl: failed to create dri2 screen
[balanced_delivery_supervisor-20] [INFO] [1789488314.557356349] [robot_1.robot_supervisor]: Loaded initial mission 'balanced_delivery' from explicit YAML supervisor.yaml
[balanced_delivery_supervisor-20] [INFO] [1789488314.794385904] [robot_1.robot_supervisor]: Selected controllable event: EV_search_object
[balanced_delivery_supervisor-22] [INFO] [1789488314.896137656] [robot_2.robot_supervisor]: Loaded initial mission 'balanced_delivery' from explicit YAML supervisor.yaml
[balanced_delivery_supervisor-20] [INFO] [1789488314.940948475] [robot_1.robot_supervisor]: Selected controllable event: EV_move_forward
[balanced_delivery_supervisor-22] [INFO] [1789488315.061881645] [robot_2.robot_supervisor]: Selected controllable event: EV_search_object
[balanced_delivery_supervisor-20] [INFO] [1789488315.188994670] [robot_1.robot_supervisor]: Selected controllable event: EV_move_forward
[balanced_delivery_supervisor-22] [INFO] [1789488315.193256314] [robot_2.robot_supervisor]: Selected controllable event: EV_search_object
[balanced_delivery_supervisor-22] [INFO] [1789488315.367633295] [robot_2.robot_supervisor]: Selected controllable event: EV_search_object
[balanced_delivery_supervisor-20] [INFO] [1789488315.436721166] [robot_1.robot_supervisor]: Selected controllable event: EV_move_forward
[balanced_delivery_supervisor-24] [INFO] [1789488315.509525959] [robot_0.robot_supervisor]: Loaded initial mission 'balanced_delivery' from explicit YAML supervisor.yaml
[balanced_delivery_supervisor-22] [INFO] [1789488315.543728665] [robot_2.robot_supervisor]: Selected controllable event: EV_search_object
[balanced_delivery_supervisor-20] [INFO] [1789488315.672168986] [robot_1.robot_supervisor]: Selected controllable event: EV_search_object
[balanced_delivery_supervisor-22] [INFO] [1789488315.705416017] [robot_2.robot_supervisor]: Selected controllable event: EV_search_object
[balanced_delivery_supervisor-20] [INFO] [1789488315.856451156] [robot_1.robot_supervisor]: Selected controllable event: EV_move_forward
[balanced_delivery_supervisor-22] [INFO] [1789488315.880830935] [robot_2.robot_supervisor]: Selected controllable event: EV_move_forward
[balanced_delivery_supervisor-24] [INFO] [1789488316.008684480] [robot_0.robot_supervisor]: Selected controllable event: EV_search_object
[balanced_delivery_supervisor-20] [INFO] [1789488316.147117851] [robot_1.robot_supervisor]: Selected controllable event: EV_move_forward
[balanced_delivery_supervisor-22] [INFO] [1789488316.153842832] [robot_2.robot_supervisor]: Selected controllable event: EV_search_object
[balanced_delivery_supervisor-24] [INFO] [1789488316.175848736] [robot_0.robot_supervisor]: Selected controllable event: EV_search_object
[image_processor-28] [INFO] [1789488316.203821134] [robot_2.image_processor]: Argmin zone detector listening on '/robot_2/depth_camera/depth_image'
[image_processor-26] [INFO] [1789488316.315607982] [robot_1.image_processor]: Argmin zone detector listening on '/robot_1/depth_camera/depth_image'
[balanced_delivery_supervisor-22] [INFO] [1789488316.347348987] [robot_2.robot_supervisor]: Selected controllable event: EV_move_forward
[balanced_delivery_supervisor-24] [INFO] [1789488316.366747749] [robot_0.robot_supervisor]: Selected controllable event: EV_move_forward
[balanced_delivery_supervisor-20] [INFO] [1789488316.447754012] [robot_1.robot_supervisor]: Selected controllable event: EV_search_object
[balanced_delivery_supervisor-24] [INFO] [1789488316.582523703] [robot_0.robot_supervisor]: Selected controllable event: EV_search_object
[balanced_delivery_supervisor-20] [INFO] [1789488316.646055407] [robot_1.robot_supervisor]: Selected controllable event: EV_move_forward
[balanced_delivery_supervisor-22] [INFO] [1789488316.662465769] [robot_2.robot_supervisor]: Selected controllable event: EV_search_object
[balanced_delivery_supervisor-24] [INFO] [1789488316.768606699] [robot_0.robot_supervisor]: Selected controllable event: EV_search_object
[image_processor-30] [INFO] [1789488316.812882629] [robot_0.image_processor]: Argmin zone detector listening on '/robot_0/depth_camera/depth_image'
[balanced_delivery_supervisor-22] [INFO] [1789488316.841689580] [robot_2.robot_supervisor]: Selected controllable event: EV_search_object
[balanced_delivery_supervisor-20] [INFO] [1789488316.932963026] [robot_1.robot_supervisor]: Selected controllable event: EV_move_forward
[balanced_delivery_supervisor-24] [INFO] [1789488316.963090913] [robot_0.robot_supervisor]: Selected controllable event: EV_search_object
[color_detector-27] [INFO] [1789488317.014665142] [robot_1.target_detector]: Color detector listening on RGB '/robot_1/depth_camera/image'; reached uses world poses
[color_detector-29] [INFO] [1789488317.016543605] [robot_2.target_detector]: Color detector listening on RGB '/robot_2/depth_camera/image'; reached uses world poses
[color_detector-31] [INFO] [1789488317.026802703] [robot_0.target_detector]: Color detector listening on RGB '/robot_0/depth_camera/image'; reached uses world poses
[balanced_delivery_supervisor-22] [INFO] [1789488317.037026572] [robot_2.robot_supervisor]: Selected controllable event: EV_move_forward
[balanced_delivery_supervisor-24] [INFO] [1789488317.160516072] [robot_0.robot_supervisor]: Selected controllable event: EV_search_object
[balanced_delivery_supervisor-20] [INFO] [1789488317.232599462] [robot_1.robot_supervisor]: Selected controllable event: EV_move_forward
[balanced_delivery_supervisor-22] [INFO] [1789488317.338602197] [robot_2.robot_supervisor]: Selected controllable event: EV_move_forward
[balanced_delivery_supervisor-24] [INFO] [1789488317.360224073] [robot_0.robot_supervisor]: Selected controllable event: EV_move_forward
[balanced_delivery_supervisor-20] [INFO] [1789488317.532412602] [robot_1.robot_supervisor]: Selected controllable event: EV_move_forward
[balanced_delivery_supervisor-22] [INFO] [1789488317.636999263] [robot_2.robot_supervisor]: Selected controllable event: EV_move_forward
[balanced_delivery_supervisor-24] [INFO] [1789488317.660211526] [robot_0.robot_supervisor]: Selected controllable event: EV_search_object
[balanced_delivery_supervisor-20] [INFO] [1789488317.832570918] [robot_1.robot_supervisor]: Selected controllable event: EV_move_forward
[balanced_delivery_supervisor-24] [INFO] [1789488317.868538329] [robot_0.robot_supervisor]: Selected controllable event: EV_move_forward
[balanced_delivery_supervisor-22] [INFO] [1789488317.937591746] [robot_2.robot_supervisor]: Selected controllable event: EV_search_object
[balanced_delivery_supervisor-20] [INFO] [1789488318.132818165] [robot_1.robot_supervisor]: Selected controllable event: EV_move_forward
[balanced_delivery_supervisor-22] [INFO] [1789488318.137369298] [robot_2.robot_supervisor]: Selected controllable event: EV_move_forward
[balanced_delivery_supervisor-24] [INFO] [1789488318.160200281] [robot_0.robot_supervisor]: Selected controllable event: EV_search_object
[balanced_delivery_supervisor-24] [INFO] [1789488318.360115075] [robot_0.robot_supervisor]: Selected controllable event: EV_search_object
[balanced_delivery_supervisor-20] [INFO] [1789488318.433023944] [robot_1.robot_supervisor]: Selected controllable event: EV_move_forward
[balanced_delivery_supervisor-22] [INFO] [1789488318.440217678] [robot_2.robot_supervisor]: Selected controllable event: EV_search_object
[balanced_delivery_supervisor-24] [INFO] [1789488318.560178071] [robot_0.robot_supervisor]: Selected controllable event: EV_move_forward
[balanced_delivery_supervisor-22] [INFO] [1789488318.646079175] [robot_2.robot_supervisor]: Selected controllable event: EV_search_object
[balanced_delivery_supervisor-20] [INFO] [1789488318.732734380] [robot_1.robot_supervisor]: Selected controllable event: EV_move_forward
[balanced_delivery_supervisor-24] [INFO] [1789488318.763671780] [robot_0.robot_supervisor]: Selected controllable event: EV_search_object
[balanced_delivery_supervisor-22] [INFO] [1789488318.838832907] [robot_2.robot_supervisor]: Selected controllable event: EV_move_forward
[balanced_delivery_supervisor-24] [INFO] [1789488318.960387206] [robot_0.robot_supervisor]: Selected controllable event: EV_search_object
[balanced_delivery_supervisor-20] [INFO] [1789488319.034465989] [robot_1.robot_supervisor]: Selected controllable event: EV_search_object
[balanced_delivery_supervisor-22] [INFO] [1789488319.139838327] [robot_2.robot_supervisor]: Selected controllable event: EV_search_object
[balanced_delivery_supervisor-24] [INFO] [1789488319.160106217] [robot_0.robot_supervisor]: Selected controllable event: EV_move_forward
[balanced_delivery_supervisor-20] [INFO] [1789488319.233242074] [robot_1.robot_supervisor]: Selected controllable event: EV_search_object
[balanced_delivery_supervisor-22] [INFO] [1789488319.244605762] [robot_2.robot_supervisor]: Selected controllable event: EV_move_forward
[balanced_delivery_supervisor-20] [INFO] [1789488319.432838977] [robot_1.robot_supervisor]: Selected controllable event: EV_search_object
[balanced_delivery_supervisor-24] [INFO] [1789488319.460180673] [robot_0.robot_supervisor]: Selected controllable event: EV_move_forward
[balanced_delivery_supervisor-22] [INFO] [1789488319.537315560] [robot_2.robot_supervisor]: Selected controllable event: EV_move_forward
[balanced_delivery_supervisor-20] [INFO] [1789488319.632742046] [robot_1.robot_supervisor]: Selected controllable event: EV_move_forward
[balanced_delivery_supervisor-24] [INFO] [1789488319.760153356] [robot_0.robot_supervisor]: Selected controllable event: EV_move_forward
[balanced_delivery_supervisor-22] [INFO] [1789488319.837526273] [robot_2.robot_supervisor]: Selected controllable event: EV_search_object
[balanced_delivery_supervisor-20] [INFO] [1789488319.932666325] [robot_1.robot_supervisor]: Selected controllable event: EV_move_forward
[balanced_delivery_supervisor-22] [INFO] [1789488319.939430103] [robot_2.robot_supervisor]: Selected controllable event: EV_move_forward
[balanced_delivery_supervisor-24] [INFO] [1789488320.060434746] [robot_0.robot_supervisor]: Selected controllable event: EV_search_object
[balanced_delivery_supervisor-20] [INFO] [1789488320.233191373] [robot_1.robot_supervisor]: Selected controllable event: EV_search_object
[balanced_delivery_supervisor-22] [INFO] [1789488320.242277055] [robot_2.robot_supervisor]: Selected controllable event: EV_search_object
[balanced_delivery_supervisor-24] [INFO] [1789488320.260188832] [robot_0.robot_supervisor]: Selected controllable event: EV_move_forward
[balanced_delivery_supervisor-20] [INFO] [1789488320.432666345] [robot_1.robot_supervisor]: Selected controllable event: EV_move_forward
[balanced_delivery_supervisor-22] [INFO] [1789488320.440099306] [robot_2.robot_supervisor]: Selected controllable event: EV_move_forward
[balanced_delivery_supervisor-24] [INFO] [1789488320.560096449] [robot_0.robot_supervisor]: Selected controllable event: EV_move_forward
[balanced_delivery_supervisor-20] [INFO] [1789488320.732752997] [robot_1.robot_supervisor]: Selected controllable event: EV_search_object
[balanced_delivery_supervisor-22] [INFO] [1789488320.739578558] [robot_2.robot_supervisor]: Selected controllable event: EV_search_object
[balanced_delivery_supervisor-22] [INFO] [1789488320.844460336] [robot_2.robot_supervisor]: Selected controllable event: EV_search_object
[balanced_delivery_supervisor-24] [INFO] [1789488320.861456925] [robot_0.robot_supervisor]: Selected controllable event: EV_move_forward
[balanced_delivery_supervisor-20] [INFO] [1789488320.932724591] [robot_1.robot_supervisor]: Selected controllable event: EV_move_forward
[balanced_delivery_supervisor-22] [INFO] [1789488321.038455691] [robot_2.robot_supervisor]: Selected controllable event: EV_move_forward
[balanced_delivery_supervisor-24] [INFO] [1789488321.184643956] [robot_0.robot_supervisor]: Selected controllable event: EV_search_object
[balanced_delivery_supervisor-20] [INFO] [1789488321.240693936] [robot_1.robot_supervisor]: Triggered uncontrollable event: EV_object_not_visible
[balanced_delivery_supervisor-20] [INFO] [1789488321.255522788] [robot_1.robot_supervisor]: Selected controllable event: EV_search_object
[balanced_delivery_supervisor-22] [INFO] [1789488321.271107248] [robot_2.robot_supervisor]: ############################# REACHED: EV_object_reached #############################
[balanced_delivery_supervisor-22] [INFO] [1789488321.299711828] [robot_2.robot_supervisor]: Triggered uncontrollable event: EV_obstacle_right
[balanced_delivery_supervisor-22] [INFO] [1789488321.301091066] [robot_2.robot_supervisor]: Selected controllable event: EV_u_turn
[balanced_delivery_supervisor-22] [INFO] [1789488321.305823660] [robot_2.robot_supervisor]: Starting FULL ROTATE (omega=1.000, have_odom=True, target_rad=3.142, timeout_s=3.500)
[balanced_delivery_supervisor-24] [INFO] [1789488321.369591253] [robot_0.robot_supervisor]: Triggered uncontrollable event: EV_object_not_visible
[balanced_delivery_supervisor-24] [INFO] [1789488321.370820480] [robot_0.robot_supervisor]: Selected controllable event: EV_search_object
[balanced_delivery_supervisor-20] [INFO] [1789488321.470451450] [robot_1.robot_supervisor]: Selected controllable event: EV_move_forward
[balanced_delivery_supervisor-24] [INFO] [1789488321.560342894] [robot_0.robot_supervisor]: Selected controllable event: EV_move_forward
[balanced_delivery_supervisor-20] [INFO] [1789488321.752191656] [robot_1.robot_supervisor]: Selected controllable event: EV_move_forward
[balanced_delivery_supervisor-24] [INFO] [1789488321.788300051] [robot_0.robot_supervisor]: Selected controllable event: EV_move_forward
[balanced_delivery_supervisor-20] [INFO] [1789488321.965559974] [robot_1.robot_supervisor]: Selected controllable event: EV_move_forward
[balanced_delivery_supervisor-24] [INFO] [1789488322.090868294] [robot_0.robot_supervisor]: Selected controllable event: EV_search_object
[balanced_delivery_supervisor-20] [INFO] [1789488322.235668873] [robot_1.robot_supervisor]: ############################# VISIBLE: EV_object_visible #############################
[balanced_delivery_supervisor-20] [INFO] [1789488322.236745925] [robot_1.robot_supervisor]: Selected controllable event: EV_move_forward
[balanced_delivery_supervisor-24] [INFO] [1789488322.298221723] [robot_0.robot_supervisor]: Triggered uncontrollable event: EV_obstacle_left
[balanced_delivery_supervisor-24] [INFO] [1789488322.299419721] [robot_0.robot_supervisor]: Selected controllable event: EV_u_turn
[balanced_delivery_supervisor-24] [INFO] [1789488322.300356337] [robot_0.robot_supervisor]: Starting FULL ROTATE (omega=1.000, have_odom=True, target_rad=3.142, timeout_s=3.500)
[balanced_delivery_supervisor-20] [INFO] [1789488322.552001888] [robot_1.robot_supervisor]: Selected controllable event: EV_move_forward
[balanced_delivery_supervisor-20] [INFO] [1789488322.838295191] [robot_1.robot_supervisor]: Selected controllable event: EV_move_forward
[balanced_delivery_supervisor-20] [INFO] [1789488323.045646002] [robot_1.robot_supervisor]: Selected controllable event: EV_approach_object
[balanced_delivery_supervisor-20] [INFO] [1789488323.253145709] [robot_1.robot_supervisor]: ############################# VISIBLE: EV_object_visible #############################
[balanced_delivery_supervisor-20] [INFO] [1789488323.259858013] [robot_1.robot_supervisor]: Selected controllable event: EV_approach_object
[balanced_delivery_supervisor-20] [INFO] [1789488323.546532076] [robot_1.robot_supervisor]: Selected controllable event: EV_move_forward
[balanced_delivery_supervisor-20] [INFO] [1789488323.872845590] [robot_1.robot_supervisor]: Selected controllable event: EV_move_forward
[balanced_delivery_supervisor-20] [INFO] [1789488324.142178326] [robot_1.robot_supervisor]: ############################# VISIBLE: EV_object_visible #############################
[balanced_delivery_supervisor-20] [INFO] [1789488324.152979880] [robot_1.robot_supervisor]: Selected controllable event: EV_move_forward
[balanced_delivery_supervisor-20] [INFO] [1789488324.447620184] [robot_1.robot_supervisor]: Selected controllable event: EV_move_forward
[balanced_delivery_supervisor-20] [INFO] [1789488324.663943936] [robot_1.robot_supervisor]: Selected controllable event: EV_move_forward
[balanced_delivery_supervisor-22] [INFO] [1789488324.857964676] [robot_2.robot_supervisor]: FULL ROTATE completed by timeout
[balanced_delivery_supervisor-20] [INFO] [1789488324.953691245] [robot_1.robot_supervisor]: Selected controllable event: EV_approach_object
[balanced_delivery_supervisor-22] [INFO] [1789488325.154899437] [robot_2.robot_supervisor]: ############################# REACHED: EV_object_reached #############################
[balanced_delivery_supervisor-22] [INFO] [1789488325.165655008] [robot_2.robot_supervisor]: Selected controllable event: EV_move_forward
[balanced_delivery_supervisor-20] [INFO] [1789488325.241684172] [robot_1.robot_supervisor]: ############################# VISIBLE: EV_object_visible #############################
[balanced_delivery_supervisor-20] [INFO] [1789488325.250920293] [robot_1.robot_supervisor]: Selected controllable event: EV_approach_object
[balanced_delivery_supervisor-22] [INFO] [1789488325.458764974] [robot_2.robot_supervisor]: Selected controllable event: EV_move_forward
[balanced_delivery_supervisor-20] [INFO] [1789488325.538835015] [robot_1.robot_supervisor]: Selected controllable event: EV_move_forward
[balanced_delivery_supervisor-22] [INFO] [1789488325.746272243] [robot_2.robot_supervisor]: ############################# REACHED: EV_object_reached #############################
[balanced_delivery_supervisor-22] [INFO] [1789488325.753680695] [robot_2.robot_supervisor]: Triggered uncontrollable event: EV_obstacle_left
[balanced_delivery_supervisor-22] [INFO] [1789488325.762811837] [robot_2.robot_supervisor]: Selected controllable event: EV_u_turn
[balanced_delivery_supervisor-22] [INFO] [1789488325.847310554] [robot_2.robot_supervisor]: Triggered uncontrollable event: EV_obstacle_left
[balanced_delivery_supervisor-20] [INFO] [1789488325.851335135] [robot_1.robot_supervisor]: ############################# VISIBLE: EV_object_visible #############################
[balanced_delivery_supervisor-22] [INFO] [1789488325.853204523] [robot_2.robot_supervisor]: Selected controllable event: EV_rotate_clockwise
[balanced_delivery_supervisor-20] [INFO] [1789488325.857498755] [robot_1.robot_supervisor]: Selected controllable event: EV_approach_object
[balanced_delivery_supervisor-22] [WARN] [1789488325.860814744] [robot_2.robot_supervisor]: no translation for 10.8s livelock detected; starting atomic escape (turn_sign=-1)
[balanced_delivery_supervisor-24] [INFO] [1789488325.885711176] [robot_0.robot_supervisor]: FULL ROTATE completed by timeout
[balanced_delivery_supervisor-24] [INFO] [1789488326.070536208] [robot_0.robot_supervisor]: ############################# REACHED: EV_object_reached #############################
[balanced_delivery_supervisor-24] [INFO] [1789488326.083286930] [robot_0.robot_supervisor]: Triggered uncontrollable event: EV_obstacle_right
[balanced_delivery_supervisor-24] [INFO] [1789488326.084192873] [robot_0.robot_supervisor]: Selected controllable event: EV_u_turn
[balanced_delivery_supervisor-20] [INFO] [1789488326.136574307] [robot_1.robot_supervisor]: Selected controllable event: EV_approach_object
[balanced_delivery_supervisor-24] [INFO] [1789488326.159857517] [robot_0.robot_supervisor]: Triggered uncontrollable event: EV_obstacle_right
[balanced_delivery_supervisor-24] [INFO] [1789488326.160813581] [robot_0.robot_supervisor]: Selected controllable event: EV_u_turn
[balanced_delivery_supervisor-24] [INFO] [1789488326.273960902] [robot_0.robot_supervisor]: Triggered uncontrollable event: EV_obstacle_right
[balanced_delivery_supervisor-24] [INFO] [1789488326.283792777] [robot_0.robot_supervisor]: Selected controllable event: EV_pick_up_object
[balanced_delivery_supervisor-24] [INFO] [1789488326.405748170] [robot_0.robot_supervisor]: Cargo 'robot_0_carried_generic_box' placed on robot.
[balanced_delivery_supervisor-20] [INFO] [1789488326.437009735] [robot_1.robot_supervisor]: Selected controllable event: EV_move_forward
[balanced_delivery_supervisor-24] [INFO] [1789488326.572267211] [robot_0.robot_supervisor]: Triggered uncontrollable event: EV_zone_a_visible
[balanced_delivery_supervisor-24] [INFO] [1789488326.572974567] [robot_0.robot_supervisor]: Triggered uncontrollable event: EV_zone_b_not_visible
[balanced_delivery_supervisor-24] [INFO] [1789488326.581417877] [robot_0.robot_supervisor]: Selected controllable event: EV_approach_zone
[balanced_delivery_supervisor-20] [INFO] [1789488326.648425889] [robot_1.robot_supervisor]: ############################# VISIBLE: EV_object_visible #############################
[balanced_delivery_supervisor-20] [INFO] [1789488326.649503053] [robot_1.robot_supervisor]: Selected controllable event: EV_approach_object
[balanced_delivery_supervisor-24] [INFO] [1789488326.896209380] [robot_0.robot_supervisor]: Selected controllable event: EV_approach_zone
[balanced_delivery_supervisor-20] [INFO] [1789488326.943447883] [robot_1.robot_supervisor]: Selected controllable event: EV_approach_object
[balanced_delivery_supervisor-24] [INFO] [1789488327.185804762] [robot_0.robot_supervisor]: Selected controllable event: EV_approach_zone
[balanced_delivery_supervisor-20] [INFO] [1789488327.263138285] [robot_1.robot_supervisor]: Selected controllable event: EV_approach_object
[balanced_delivery_supervisor-24] [INFO] [1789488327.482012479] [robot_0.robot_supervisor]: Selected controllable event: EV_move_forward
[balanced_delivery_supervisor-20] [INFO] [1789488327.566395556] [robot_1.robot_supervisor]: Selected controllable event: EV_move_forward
[balanced_delivery_supervisor-24] [INFO] [1789488327.781992717] [robot_0.robot_supervisor]: Triggered uncontrollable event: EV_zone_a_visible
[balanced_delivery_supervisor-24] [INFO] [1789488327.783015338] [robot_0.robot_supervisor]: Triggered uncontrollable event: EV_zone_b_not_visible
[balanced_delivery_supervisor-24] [INFO] [1789488327.783968555] [robot_0.robot_supervisor]: Selected controllable event: EV_move_forward
[balanced_delivery_supervisor-20] [INFO] [1789488327.845673180] [robot_1.robot_supervisor]: ############################# VISIBLE: EV_object_visible #############################
[balanced_delivery_supervisor-20] [INFO] [1789488327.846849341] [robot_1.robot_supervisor]: Selected controllable event: EV_approach_object
[balanced_delivery_supervisor-24] [INFO] [1789488328.076902009] [robot_0.robot_supervisor]: Selected controllable event: EV_approach_zone
[balanced_delivery_supervisor-20] [INFO] [1789488328.136621136] [robot_1.robot_supervisor]: Selected controllable event: EV_move_forward
[balanced_delivery_supervisor-20] [INFO] [1789488328.357232111] [robot_1.robot_supervisor]: Selected controllable event: EV_approach_object
[balanced_delivery_supervisor-22] [INFO] [1789488328.373943701] [robot_2.robot_supervisor]: Zone-livelock escape completed
[balanced_delivery_supervisor-24] [INFO] [1789488328.382644992] [robot_0.robot_supervisor]: Selected controllable event: EV_approach_zone
[balanced_delivery_supervisor-22] [INFO] [1789488328.652318857] [robot_2.robot_supervisor]: ############################# REACHED: EV_object_reached #############################
[balanced_delivery_supervisor-22] [INFO] [1789488328.658558699] [robot_2.robot_supervisor]: Selected controllable event: EV_move_forward
[balanced_delivery_supervisor-20] [INFO] [1789488328.668305495] [robot_1.robot_supervisor]: ############################# VISIBLE: EV_object_visible #############################
[balanced_delivery_supervisor-20] [INFO] [1789488328.672411340] [robot_1.robot_supervisor]: Selected controllable event: EV_move_forward
[balanced_delivery_supervisor-24] [INFO] [1789488328.682562222] [robot_0.robot_supervisor]: Triggered uncontrollable event: EV_zone_a_visible
[balanced_delivery_supervisor-24] [INFO] [1789488328.706780641] [robot_0.robot_supervisor]: Triggered uncontrollable event: EV_zone_b_not_visible
[balanced_delivery_supervisor-24] [INFO] [1789488328.710654395] [robot_0.robot_supervisor]: Selected controllable event: EV_move_forward
[balanced_delivery_supervisor-22] [INFO] [1789488328.866320394] [robot_2.robot_supervisor]: Selected controllable event: EV_move_forward
[balanced_delivery_supervisor-20] [INFO] [1789488328.941070634] [robot_1.robot_supervisor]: Selected controllable event: EV_approach_object
[balanced_delivery_supervisor-24] [INFO] [1789488328.998155740] [robot_0.robot_supervisor]: Selected controllable event: EV_move_forward
[balanced_delivery_supervisor-22] [INFO] [1789488329.167429334] [robot_2.robot_supervisor]: Selected controllable event: EV_move_forward
[balanced_delivery_supervisor-20] [INFO] [1789488329.239316869] [robot_1.robot_supervisor]: Selected controllable event: EV_move_forward
[balanced_delivery_supervisor-24] [INFO] [1789488329.295730093] [robot_0.robot_supervisor]: Selected controllable event: EV_move_forward
[balanced_delivery_supervisor-22] [INFO] [1789488329.376509014] [robot_2.robot_supervisor]: Selected controllable event: EV_move_forward
[balanced_delivery_supervisor-20] [INFO] [1789488329.473340585] [robot_1.robot_supervisor]: Selected controllable event: EV_move_forward
[balanced_delivery_supervisor-24] [INFO] [1789488329.579646271] [robot_0.robot_supervisor]: Triggered uncontrollable event: EV_zone_a_visible
[balanced_delivery_supervisor-24] [INFO] [1789488329.590446654] [robot_0.robot_supervisor]: Selected controllable event: EV_approach_zone
[balanced_delivery_supervisor-22] [INFO] [1789488329.674505774] [robot_2.robot_supervisor]: ############################# REACHED: EV_object_reached #############################
[balanced_delivery_supervisor-22] [INFO] [1789488329.675583186] [robot_2.robot_supervisor]: Selected controllable event: EV_move_forward
[balanced_delivery_supervisor-20] [INFO] [1789488329.750503074] [robot_1.robot_supervisor]: ############################# VISIBLE: EV_object_visible #############################
[balanced_delivery_supervisor-20] [INFO] [1789488329.767579618] [robot_1.robot_supervisor]: Selected controllable event: EV_move_forward
[balanced_delivery_supervisor-24] [INFO] [1789488329.885396173] [robot_0.robot_supervisor]: Triggered uncontrollable event: EV_zone_b_not_visible
[balanced_delivery_supervisor-24] [INFO] [1789488329.886397299] [robot_0.robot_supervisor]: Selected controllable event: EV_move_forward
[balanced_delivery_supervisor-22] [INFO] [1789488329.948572382] [robot_2.robot_supervisor]: Selected controllable event: EV_pick_up_object
[balanced_delivery_supervisor-22] [INFO] [1789488330.002217640] [robot_2.robot_supervisor]: Cargo 'robot_2_carried_generic_box' placed on robot.
[balanced_delivery_supervisor-20] [INFO] [1789488330.035635963] [robot_1.robot_supervisor]: Selected controllable event: EV_move_forward
[balanced_delivery_supervisor-24] [INFO] [1789488330.177346530] [robot_0.robot_supervisor]: Selected controllable event: EV_move_forward
[balanced_delivery_supervisor-22] [INFO] [1789488330.250588059] [robot_2.robot_supervisor]: Selected controllable event: EV_search_zone
[balanced_delivery_supervisor-22] [INFO] [1789488330.362124059] [robot_2.robot_supervisor]: Selected controllable event: EV_move_forward
[color_detector-29] [INFO] [1789488330.364711933] [robot_2.target_detector]: RGB HEARTBEAT frames_total=10 recent_rate_hz=0.728 last_frame_age_s=0.989 status=OK
[balanced_delivery_supervisor-20] [INFO] [1789488330.366918825] [robot_1.robot_supervisor]: Selected controllable event: EV_move_forward
[color_detector-31] [INFO] [1789488330.367223664] [robot_0.target_detector]: RGB HEARTBEAT frames_total=10 recent_rate_hz=0.728 last_frame_age_s=0.844 status=OK
[color_detector-27] [INFO] [1789488330.382295464] [robot_1.target_detector]: RGB HEARTBEAT frames_total=10 recent_rate_hz=0.714 last_frame_age_s=0.925 status=OK
[balanced_delivery_supervisor-24] [INFO] [1789488330.403998408] [robot_0.robot_supervisor]: Selected controllable event: EV_approach_zone
[balanced_delivery_supervisor-22] [INFO] [1789488330.575421496] [robot_2.robot_supervisor]: Triggered uncontrollable event: EV_zone_a_not_visible
[balanced_delivery_supervisor-22] [INFO] [1789488330.598393430] [robot_2.robot_supervisor]: Selected controllable event: EV_move_forward
[balanced_delivery_supervisor-20] [INFO] [1789488330.660222654] [robot_1.robot_supervisor]: ############################# REACHED: EV_object_reached #############################
[balanced_delivery_supervisor-20] [INFO] [1789488330.666371740] [robot_1.robot_supervisor]: Selected controllable event: EV_pick_up_object
[balanced_delivery_supervisor-20] [INFO] [1789488330.702801040] [robot_1.robot_supervisor]: Cargo 'robot_1_carried_generic_box' placed on robot.
[balanced_delivery_supervisor-24] [INFO] [1789488330.706390717] [robot_0.robot_supervisor]: Triggered uncontrollable event: EV_zone_a_visible
[balanced_delivery_supervisor-24] [INFO] [1789488330.723563861] [robot_0.robot_supervisor]: Selected controllable event: EV_move_forward
[balanced_delivery_supervisor-22] [INFO] [1789488330.863160150] [robot_2.robot_supervisor]: Triggered uncontrollable event: EV_zone_b_not_visible
[balanced_delivery_supervisor-22] [INFO] [1789488330.874043027] [robot_2.robot_supervisor]: Selected controllable event: EV_move_forward
[balanced_delivery_supervisor-20] [INFO] [1789488330.939635528] [robot_1.robot_supervisor]: Selected controllable event: EV_move_forward
[balanced_delivery_supervisor-24] [INFO] [1789488330.986920899] [robot_0.robot_supervisor]: Triggered uncontrollable event: EV_zone_b_reached
[balanced_delivery_supervisor-24] [INFO] [1789488331.001057779] [robot_0.robot_supervisor]: Selected controllable event: EV_approach_zone
[balanced_delivery_supervisor-22] [INFO] [1789488331.137754478] [robot_2.robot_supervisor]: Selected controllable event: EV_move_forward
[balanced_delivery_supervisor-20] [INFO] [1789488331.160203984] [robot_1.robot_supervisor]: Selected controllable event: EV_move_forward
[balanced_delivery_supervisor-24] [INFO] [1789488331.261960176] [robot_0.robot_supervisor]: Selected controllable event: EV_approach_zone
[balanced_delivery_supervisor-20] [INFO] [1789488331.464545617] [robot_1.robot_supervisor]: Selected controllable event: EV_search_zone
[balanced_delivery_supervisor-22] [INFO] [1789488331.466958688] [robot_2.robot_supervisor]: Selected controllable event: EV_search_zone
[balanced_delivery_supervisor-24] [INFO] [1789488331.499511951] [robot_0.robot_supervisor]: Selected controllable event: EV_approach_zone
[balanced_delivery_supervisor-20] [INFO] [1789488331.645925977] [robot_1.robot_supervisor]: Triggered uncontrollable event: EV_zone_a_visible
[balanced_delivery_supervisor-20] [INFO] [1789488331.655041116] [robot_1.robot_supervisor]: Selected controllable event: EV_approach_zone
[balanced_delivery_supervisor-22] [INFO] [1789488331.667676183] [robot_2.robot_supervisor]: Triggered uncontrollable event: EV_zone_a_not_visible
[balanced_delivery_supervisor-22] [INFO] [1789488331.680934036] [robot_2.robot_supervisor]: Triggered uncontrollable event: EV_obstacle_right
[balanced_delivery_supervisor-22] [INFO] [1789488331.688594978] [robot_2.robot_supervisor]: Triggered uncontrollable event: EV_zone_b_not_visible
[balanced_delivery_supervisor-22] [INFO] [1789488331.689576654] [robot_2.robot_supervisor]: Selected controllable event: EV_rotate_counterclockwise
[balanced_delivery_supervisor-24] [INFO] [1789488331.764929045] [robot_0.robot_supervisor]: Triggered uncontrollable event: EV_zone_a_visible
[balanced_delivery_supervisor-24] [INFO] [1789488331.786898502] [robot_0.robot_supervisor]: Selected controllable event: EV_move_forward
[balanced_delivery_supervisor-22] [INFO] [1789488331.871043309] [robot_2.robot_supervisor]: Triggered uncontrollable event: EV_obstacle_right
[balanced_delivery_supervisor-22] [INFO] [1789488331.893552710] [robot_2.robot_supervisor]: Selected controllable event: EV_u_turn
[balanced_delivery_supervisor-22] [INFO] [1789488331.894387774] [robot_2.robot_supervisor]: Starting FULL ROTATE (omega=1.000, have_odom=True, target_rad=3.142, timeout_s=3.500)
[balanced_delivery_supervisor-20] [INFO] [1789488331.950055723] [robot_1.robot_supervisor]: Triggered uncontrollable event: EV_zone_b_visible
[balanced_delivery_supervisor-20] [INFO] [1789488331.956595620] [robot_1.robot_supervisor]: Selected controllable event: EV_approach_zone
[balanced_delivery_supervisor-24] [INFO] [1789488331.989106879] [robot_0.robot_supervisor]: Triggered uncontrollable event: EV_zone_b_reached
[balanced_delivery_supervisor-24] [INFO] [1789488332.002388041] [robot_0.robot_supervisor]: Selected controllable event: EV_approach_zone
[balanced_delivery_supervisor-20] [INFO] [1789488332.249035123] [robot_1.robot_supervisor]: Selected controllable event: EV_approach_zone
[balanced_delivery_supervisor-24] [INFO] [1789488332.265727319] [robot_0.robot_supervisor]: Selected controllable event: EV_approach_zone
[balanced_delivery_supervisor-20] [INFO] [1789488332.461202256] [robot_1.robot_supervisor]: Selected controllable event: EV_move_forward
[balanced_delivery_supervisor-24] [INFO] [1789488332.590266085] [robot_0.robot_supervisor]: Triggered uncontrollable event: EV_zone_a_visible
[balanced_delivery_supervisor-24] [INFO] [1789488332.591315578] [robot_0.robot_supervisor]: Selected controllable event: EV_move_forward
[balanced_delivery_supervisor-20] [INFO] [1789488332.669164339] [robot_1.robot_supervisor]: Triggered uncontrollable event: EV_zone_a_visible
[balanced_delivery_supervisor-20] [INFO] [1789488332.678385528] [robot_1.robot_supervisor]: Triggered uncontrollable event: EV_zone_b_visible
[balanced_delivery_supervisor-20] [INFO] [1789488332.688582476] [robot_1.robot_supervisor]: Selected controllable event: EV_approach_zone
[balanced_delivery_supervisor-24] [INFO] [1789488332.883968377] [robot_0.robot_supervisor]: Triggered uncontrollable event: EV_zone_b_reached
[balanced_delivery_supervisor-24] [INFO] [1789488332.904774301] [robot_0.robot_supervisor]: Selected controllable event: EV_move_forward
[balanced_delivery_supervisor-20] [INFO] [1789488332.951904816] [robot_1.robot_supervisor]: Selected controllable event: EV_move_forward
[balanced_delivery_supervisor-20] [INFO] [1789488333.169381799] [robot_1.robot_supervisor]: Selected controllable event: EV_move_forward
[balanced_delivery_supervisor-24] [INFO] [1789488333.198570093] [robot_0.robot_supervisor]: Selected controllable event: EV_move_forward
[balanced_delivery_supervisor-24] [INFO] [1789488333.400223680] [robot_0.robot_supervisor]: Selected controllable event: EV_approach_zone
[balanced_delivery_supervisor-20] [INFO] [1789488333.478739139] [robot_1.robot_supervisor]: Selected controllable event: EV_approach_zone
[balanced_delivery_supervisor-24] [INFO] [1789488333.697094382] [robot_0.robot_supervisor]: Triggered uncontrollable event: EV_zone_a_visible
[balanced_delivery_supervisor-24] [INFO] [1789488333.698002859] [robot_0.robot_supervisor]: Triggered uncontrollable event: EV_zone_b_reached
[balanced_delivery_supervisor-24] [INFO] [1789488333.720877247] [robot_0.robot_supervisor]: Selected controllable event: EV_move_forward
[balanced_delivery_supervisor-20] [INFO] [1789488333.747527400] [robot_1.robot_supervisor]: Triggered uncontrollable event: EV_zone_a_visible
[balanced_delivery_supervisor-20] [INFO] [1789488333.750775335] [robot_1.robot_supervisor]: Triggered uncontrollable event: EV_zone_b_visible
[balanced_delivery_supervisor-20] [INFO] [1789488333.765992858] [robot_1.robot_supervisor]: Selected controllable event: EV_approach_zone
[balanced_delivery_supervisor-24] [INFO] [1789488333.983758328] [robot_0.robot_supervisor]: Selected controllable event: EV_approach_zone
[balanced_delivery_supervisor-20] [INFO] [1789488334.063771339] [robot_1.robot_supervisor]: Selected controllable event: EV_approach_zone
[balanced_delivery_supervisor-24] [INFO] [1789488334.298229130] [robot_0.robot_supervisor]: Selected controllable event: EV_move_forward
[balanced_delivery_supervisor-20] [INFO] [1789488334.386949765] [robot_1.robot_supervisor]: Selected controllable event: EV_move_forward
[balanced_delivery_supervisor-24] [INFO] [1789488334.594404037] [robot_0.robot_supervisor]: Triggered uncontrollable event: EV_zone_a_visible
[balanced_delivery_supervisor-24] [INFO] [1789488334.606968374] [robot_0.robot_supervisor]: Selected controllable event: EV_move_forward
[balanced_delivery_supervisor-20] [INFO] [1789488334.642314999] [robot_1.robot_supervisor]: Triggered uncontrollable event: EV_zone_a_visible
[balanced_delivery_supervisor-20] [INFO] [1789488334.647780955] [robot_1.robot_supervisor]: Triggered uncontrollable event: EV_zone_b_visible
[balanced_delivery_supervisor-20] [INFO] [1789488334.648770372] [robot_1.robot_supervisor]: Selected controllable event: EV_move_forward
[balanced_delivery_supervisor-24] [INFO] [1789488334.872679752] [robot_0.robot_supervisor]: Triggered uncontrollable event: EV_zone_b_reached
[balanced_delivery_supervisor-24] [INFO] [1789488334.886115996] [robot_0.robot_supervisor]: Selected controllable event: EV_approach_zone
[balanced_delivery_supervisor-20] [INFO] [1789488334.940992765] [robot_1.robot_supervisor]: Selected controllable event: EV_move_forward
[balanced_delivery_supervisor-24] [INFO] [1789488335.101341263] [robot_0.robot_supervisor]: Selected controllable event: EV_approach_zone
[balanced_delivery_supervisor-20] [INFO] [1789488335.146386020] [robot_1.robot_supervisor]: Selected controllable event: EV_approach_zone
[balanced_delivery_supervisor-24] [INFO] [1789488335.314504923] [robot_0.robot_supervisor]: Selected controllable event: EV_approach_zone
[balanced_delivery_supervisor-20] [INFO] [1789488335.392431427] [robot_1.robot_supervisor]: Selected controllable event: EV_move_forward
[balanced_delivery_supervisor-22] [INFO] [1789488335.468874677] [robot_2.robot_supervisor]: FULL ROTATE completed by timeout
[balanced_delivery_supervisor-24] [INFO] [1789488335.589205105] [robot_0.robot_supervisor]: Triggered uncontrollable event: EV_zone_a_visible
[balanced_delivery_supervisor-24] [INFO] [1789488335.593765597] [robot_0.robot_supervisor]: Triggered uncontrollable event: EV_zone_b_not_visible
[balanced_delivery_supervisor-24] [INFO] [1789488335.608231048] [robot_0.robot_supervisor]: Selected controllable event: EV_approach_zone
[balanced_delivery_supervisor-20] [INFO] [1789488335.641794197] [robot_1.robot_supervisor]: Triggered uncontrollable event: EV_zone_a_visible
[balanced_delivery_supervisor-20] [INFO] [1789488335.642513177] [robot_1.robot_supervisor]: Triggered uncontrollable event: EV_zone_b_visible
[balanced_delivery_supervisor-20] [INFO] [1789488335.652805718] [robot_1.robot_supervisor]: Selected controllable event: EV_move_forward
[balanced_delivery_supervisor-22] [INFO] [1789488335.773607136] [robot_2.robot_supervisor]: Triggered uncontrollable event: EV_zone_a_not_visible
[balanced_delivery_supervisor-22] [INFO] [1789488335.774427743] [robot_2.robot_supervisor]: Triggered uncontrollable event: EV_zone_b_not_visible
[balanced_delivery_supervisor-22] [INFO] [1789488335.784704577] [robot_2.robot_supervisor]: Selected controllable event: EV_search_zone
[balanced_delivery_supervisor-20] [INFO] [1789488335.861115043] [robot_1.robot_supervisor]: Selected controllable event: EV_move_forward
[balanced_delivery_supervisor-24] [INFO] [1789488335.875655658] [robot_0.robot_supervisor]: Selected controllable event: EV_approach_zone
[balanced_delivery_supervisor-22] [INFO] [1789488335.959649477] [robot_2.robot_supervisor]: Selected controllable event: EV_search_zone
[balanced_delivery_supervisor-22] [INFO] [1789488336.073683811] [robot_2.robot_supervisor]: Selected controllable event: EV_move_forward
[balanced_delivery_supervisor-24] [INFO] [1789488336.092823643] [robot_0.robot_supervisor]: Selected controllable event: EV_move_forward
[balanced_delivery_supervisor-20] [INFO] [1789488336.149954442] [robot_1.robot_supervisor]: Selected controllable event: EV_approach_zone
[balanced_delivery_supervisor-22] [INFO] [1789488336.277138312] [robot_2.robot_supervisor]: Selected controllable event: EV_search_zone
[balanced_delivery_supervisor-24] [INFO] [1789488336.387887979] [robot_0.robot_supervisor]: Selected controllable event: EV_move_forward
[balanced_delivery_supervisor-20] [INFO] [1789488336.446347947] [robot_1.robot_supervisor]: Triggered uncontrollable event: EV_zone_a_visible
[balanced_delivery_supervisor-20] [INFO] [1789488336.450450969] [robot_1.robot_supervisor]: Triggered uncontrollable event: EV_zone_b_visible
[balanced_delivery_supervisor-20] [INFO] [1789488336.453845454] [robot_1.robot_supervisor]: Selected controllable event: EV_approach_zone
[balanced_delivery_supervisor-22] [INFO] [1789488336.461042251] [robot_2.robot_supervisor]: Triggered uncontrollable event: EV_zone_a_not_visible
[balanced_delivery_supervisor-22] [INFO] [1789488336.461925902] [robot_2.robot_supervisor]: Triggered uncontrollable event: EV_zone_b_not_visible
[balanced_delivery_supervisor-22] [INFO] [1789488336.479695821] [robot_2.robot_supervisor]: Selected controllable event: EV_search_zone
[balanced_delivery_supervisor-24] [INFO] [1789488336.594518881] [robot_0.robot_supervisor]: Triggered uncontrollable event: EV_zone_a_visible
[balanced_delivery_supervisor-24] [INFO] [1789488336.595376086] [robot_0.robot_supervisor]: Triggered uncontrollable event: EV_zone_b_not_visible
[balanced_delivery_supervisor-24] [INFO] [1789488336.619160497] [robot_0.robot_supervisor]: Selected controllable event: EV_approach_zone
[balanced_delivery_supervisor-22] [INFO] [1789488336.663038106] [robot_2.robot_supervisor]: Selected controllable event: EV_search_zone
[balanced_delivery_supervisor-20] [INFO] [1789488336.754115494] [robot_1.robot_supervisor]: Selected controllable event: EV_approach_zone
[balanced_delivery_supervisor-22] [INFO] [1789488336.862220495] [robot_2.robot_supervisor]: Selected controllable event: EV_search_zone
[balanced_delivery_supervisor-24] [INFO] [1789488336.895303472] [robot_0.robot_supervisor]: Selected controllable event: EV_move_forward
[balanced_delivery_supervisor-20] [INFO] [1789488336.972727134] [robot_1.robot_supervisor]: Selected controllable event: EV_approach_zone
[balanced_delivery_supervisor-22] [INFO] [1789488337.068965456] [robot_2.robot_supervisor]: Selected controllable event: EV_move_forward
[balanced_delivery_supervisor-24] [INFO] [1789488337.193209497] [robot_0.robot_supervisor]: Selected controllable event: EV_move_forward
[balanced_delivery_supervisor-20] [INFO] [1789488337.254338577] [robot_1.robot_supervisor]: Selected controllable event: EV_move_forward
[balanced_delivery_supervisor-22] [INFO] [1789488337.387446034] [robot_2.robot_supervisor]: Triggered uncontrollable event: EV_zone_a_not_visible
[balanced_delivery_supervisor-22] [INFO] [1789488337.388348124] [robot_2.robot_supervisor]: Triggered uncontrollable event: EV_obstacle_right
[balanced_delivery_supervisor-22] [INFO] [1789488337.389241031] [robot_2.robot_supervisor]: Triggered uncontrollable event: EV_zone_b_not_visible
[balanced_delivery_supervisor-22] [INFO] [1789488337.390260954] [robot_2.robot_supervisor]: Selected controllable event: EV_u_turn
[balanced_delivery_supervisor-22] [INFO] [1789488337.437423923] [robot_2.robot_supervisor]: Triggered uncontrollable event: EV_obstacle_right
[balanced_delivery_supervisor-22] [INFO] [1789488337.455386465] [robot_2.robot_supervisor]: Selected controllable event: EV_u_turn
[balanced_delivery_supervisor-24] [INFO] [1789488337.469148820] [robot_0.robot_supervisor]: Triggered uncontrollable event: EV_zone_a_visible
[balanced_delivery_supervisor-24] [INFO] [1789488337.485700425] [robot_0.robot_supervisor]: Selected controllable event: EV_approach_zone
[balanced_delivery_supervisor-22] [INFO] [1789488337.569987679] [robot_2.robot_supervisor]: Triggered uncontrollable event: EV_obstacle_right
[balanced_delivery_supervisor-22] [INFO] [1789488337.582888968] [robot_2.robot_supervisor]: Selected controllable event: EV_rotate_counterclockwise
[balanced_delivery_supervisor-22] [WARN] [1789488337.583863748] [robot_2.robot_supervisor]: no translation for 5.9s livelock detected; starting atomic escape (turn_sign=+1)
[balanced_delivery_supervisor-20] [INFO] [1789488337.590720476] [robot_1.robot_supervisor]: Triggered uncontrollable event: EV_zone_a_visible
[balanced_delivery_supervisor-20] [INFO] [1789488337.591715561] [robot_1.robot_supervisor]: Triggered uncontrollable event: EV_zone_b_visible
[balanced_delivery_supervisor-20] [INFO] [1789488337.592784562] [robot_1.robot_supervisor]: Selected controllable event: EV_approach_zone
[balanced_delivery_supervisor-24] [INFO] [1789488337.687177422] [robot_0.robot_supervisor]: Triggered uncontrollable event: EV_zone_b_not_visible
[balanced_delivery_supervisor-24] [INFO] [1789488337.707383611] [robot_0.robot_supervisor]: Selected controllable event: EV_move_forward
[balanced_delivery_supervisor-20] [INFO] [1789488337.864773556] [robot_1.robot_supervisor]: Selected controllable event: EV_move_forward
[balanced_delivery_supervisor-24] [INFO] [1789488337.988389467] [robot_0.robot_supervisor]: Selected controllable event: EV_move_forward
[balanced_delivery_supervisor-20] [INFO] [1789488338.167945766] [robot_1.robot_supervisor]: Selected controllable event: EV_move_forward
[balanced_delivery_supervisor-24] [INFO] [1789488338.210297901] [robot_0.robot_supervisor]: Selected controllable event: EV_approach_zone
[balanced_delivery_supervisor-20] [INFO] [1789488338.446647616] [robot_1.robot_supervisor]: Triggered uncontrollable event: EV_zone_a_visible
[balanced_delivery_supervisor-20] [INFO] [1789488338.451599142] [robot_1.robot_supervisor]: Triggered uncontrollable event: EV_zone_b_visible
[balanced_delivery_supervisor-20] [INFO] [1789488338.462651633] [robot_1.robot_supervisor]: Selected controllable event: EV_approach_zone
[balanced_delivery_supervisor-24] [INFO] [1789488338.482021454] [robot_0.robot_supervisor]: Triggered uncontrollable event: EV_zone_b_not_visible
[balanced_delivery_supervisor-24] [INFO] [1789488338.482819973] [robot_0.robot_supervisor]: Triggered uncontrollable event: EV_zone_a_reached
[balanced_delivery_supervisor-24] [INFO] [1789488338.503440230] [robot_0.robot_supervisor]: Selected controllable event: EV_move_forward
[balanced_delivery_supervisor-24] [INFO] [1789488338.704942580] [robot_0.robot_supervisor]: Selected controllable event: EV_search_zone
[balanced_delivery_supervisor-20] [INFO] [1789488338.764093491] [robot_1.robot_supervisor]: Selected controllable event: EV_move_forward
[balanced_delivery_supervisor-24] [INFO] [1789488338.875040883] [robot_0.robot_supervisor]: Selected controllable event: EV_move_forward
[balanced_delivery_supervisor-20] [INFO] [1789488339.070015594] [robot_1.robot_supervisor]: Selected controllable event: EV_approach_zone
[balanced_delivery_supervisor-24] [INFO] [1789488339.077865315] [robot_0.robot_supervisor]: Selected controllable event: EV_search_zone
[balanced_delivery_supervisor-24] [INFO] [1789488339.194597450] [robot_0.robot_supervisor]: Selected controllable event: EV_search_zone
[balanced_delivery_supervisor-20] [INFO] [1789488339.344794893] [robot_1.robot_supervisor]: Triggered uncontrollable event: EV_zone_a_visible
[balanced_delivery_supervisor-20] [INFO] [1789488339.345657497] [robot_1.robot_supervisor]: Triggered uncontrollable event: EV_zone_b_visible
[balanced_delivery_supervisor-20] [INFO] [1789488339.362292217] [robot_1.robot_supervisor]: Selected controllable event: EV_move_forward
[balanced_delivery_supervisor-24] [INFO] [1789488339.372918078] [robot_0.robot_supervisor]: Triggered uncontrollable event: EV_obstacle_front
[balanced_delivery_supervisor-24] [INFO] [1789488339.373714293] [robot_0.robot_supervisor]: Triggered uncontrollable event: EV_zone_a_reached
[balanced_delivery_supervisor-24] [INFO] [1789488339.389781605] [robot_0.robot_supervisor]: Selected controllable event: EV_rotate_clockwise
[balanced_delivery_supervisor-24] [INFO] [1789488339.603405092] [robot_0.robot_supervisor]: Triggered uncontrollable event: EV_obstacle_front
[balanced_delivery_supervisor-24] [INFO] [1789488339.613563356] [robot_0.robot_supervisor]: Triggered uncontrollable event: EV_zone_b_not_visible
[balanced_delivery_supervisor-24] [INFO] [1789488339.617116921] [robot_0.robot_supervisor]: Selected controllable event: EV_rotate_counterclockwise
[balanced_delivery_supervisor-20] [INFO] [1789488339.667156630] [robot_1.robot_supervisor]: Selected controllable event: EV_move_forward
[balanced_delivery_supervisor-24] [INFO] [1789488339.774199351] [robot_0.robot_supervisor]: Triggered uncontrollable event: EV_obstacle_front
[balanced_delivery_supervisor-24] [INFO] [1789488339.775149197] [robot_0.robot_supervisor]: Selected controllable event: EV_rotate_clockwise
[balanced_delivery_supervisor-24] [INFO] [1789488339.890530150] [robot_0.robot_supervisor]: Triggered uncontrollable event: EV_obstacle_front
[balanced_delivery_supervisor-24] [INFO] [1789488339.891459450] [robot_0.robot_supervisor]: Selected controllable event: EV_rotate_clockwise
[balanced_delivery_supervisor-20] [INFO] [1789488339.946863620] [robot_1.robot_supervisor]: Selected controllable event: EV_approach_zone
[color_detector-29] [INFO] [1789488339.967913956] [robot_2.target_detector]: RGB HEARTBEAT frames_total=20 recent_rate_hz=1.042 last_frame_age_s=0.809 status=OK
[color_detector-31] [INFO] [1789488339.980345539] [robot_0.target_detector]: RGB HEARTBEAT frames_total=20 recent_rate_hz=1.040 last_frame_age_s=0.703 status=OK
[color_detector-27] [INFO] [1789488339.994178111] [robot_1.target_detector]: RGB HEARTBEAT frames_total=20 recent_rate_hz=1.041 last_frame_age_s=0.755 status=OK
[balanced_delivery_supervisor-22] [INFO] [1789488340.064427386] [robot_2.robot_supervisor]: Zone-livelock escape completed
[balanced_delivery_supervisor-24] [INFO] [1789488340.108031008] [robot_0.robot_supervisor]: Triggered uncontrollable event: EV_obstacle_front
[balanced_delivery_supervisor-24] [INFO] [1789488340.108748992] [robot_0.robot_supervisor]: Selected controllable event: EV_rotate_clockwise
[balanced_delivery_supervisor-20] [INFO] [1789488340.165093448] [robot_1.robot_supervisor]: Selected controllable event: EV_approach_zone
[balanced_delivery_supervisor-24] [INFO] [1789488340.270445776] [robot_0.robot_supervisor]: Triggered uncontrollable event: EV_obstacle_front
[balanced_delivery_supervisor-22] [INFO] [1789488340.275607268] [robot_2.robot_supervisor]: Triggered uncontrollable event: EV_zone_a_not_visible
[balanced_delivery_supervisor-22] [INFO] [1789488340.284908661] [robot_2.robot_supervisor]: Triggered uncontrollable event: EV_zone_b_not_visible
[balanced_delivery_supervisor-22] [INFO] [1789488340.290546129] [robot_2.robot_supervisor]: Selected controllable event: EV_move_forward
[balanced_delivery_supervisor-24] [INFO] [1789488340.293310109] [robot_0.robot_supervisor]: Selected controllable event: EV_move_backward
[balanced_delivery_supervisor-20] [INFO] [1789488340.460211766] [robot_1.robot_supervisor]: Triggered uncontrollable event: EV_zone_a_visible
[balanced_delivery_supervisor-20] [INFO] [1789488340.463415184] [robot_1.robot_supervisor]: Triggered uncontrollable event: EV_zone_b_visible
[balanced_delivery_supervisor-20] [INFO] [1789488340.484619876] [robot_1.robot_supervisor]: Selected controllable event: EV_move_forward
[balanced_delivery_supervisor-22] [INFO] [1789488340.570588755] [robot_2.robot_supervisor]: Selected controllable event: EV_search_zone
[balanced_delivery_supervisor-24] [INFO] [1789488340.583577725] [robot_0.robot_supervisor]: Triggered uncontrollable event: EV_obstacle_front
[balanced_delivery_supervisor-24] [INFO] [1789488340.584475126] [robot_0.robot_supervisor]: Triggered uncontrollable event: EV_zone_b_not_visible
[balanced_delivery_supervisor-24] [INFO] [1789488340.602011423] [robot_0.robot_supervisor]: Triggered uncontrollable event: EV_zone_a_reached
[balanced_delivery_supervisor-24] [INFO] [1789488340.603180206] [robot_0.robot_supervisor]: Selected controllable event: EV_rotate_counterclockwise
[balanced_delivery_supervisor-24] [WARN] [1789488340.604216103] [robot_0.robot_supervisor]: alternating turn command (displacement_m=0.036) livelock detected; starting atomic escape (turn_sign=+1)
[balanced_delivery_supervisor-20] [INFO] [1789488340.739102566] [robot_1.robot_supervisor]: Selected controllable event: EV_move_forward
[balanced_delivery_supervisor-22] [INFO] [1789488340.773414583] [robot_2.robot_supervisor]: Selected controllable event: EV_move_forward
[balanced_delivery_supervisor-20] [INFO] [1789488340.990257348] [robot_1.robot_supervisor]: Selected controllable event: EV_approach_zone
[balanced_delivery_supervisor-22] [INFO] [1789488341.073070326] [robot_2.robot_supervisor]: Selected controllable event: EV_search_zone
[balanced_delivery_supervisor-22] [INFO] [1789488341.260341112] [robot_2.robot_supervisor]: Triggered uncontrollable event: EV_zone_a_not_visible
[balanced_delivery_supervisor-22] [INFO] [1789488341.261269583] [robot_2.robot_supervisor]: Triggered uncontrollable event: EV_zone_b_not_visible
[balanced_delivery_supervisor-20] [INFO] [1789488341.275391707] [robot_1.robot_supervisor]: Triggered uncontrollable event: EV_zone_a_visible
[balanced_delivery_supervisor-22] [INFO] [1789488341.275684140] [robot_2.robot_supervisor]: Selected controllable event: EV_search_zone
[balanced_delivery_supervisor-20] [INFO] [1789488341.298178458] [robot_1.robot_supervisor]: Selected controllable event: EV_move_forward
[balanced_delivery_supervisor-22] [INFO] [1789488341.438316522] [robot_2.robot_supervisor]: Selected controllable event: EV_search_zone
[balanced_delivery_supervisor-20] [INFO] [1789488341.571106014] [robot_1.robot_supervisor]: Triggered uncontrollable event: EV_zone_b_visible
[balanced_delivery_supervisor-20] [INFO] [1789488341.572653986] [robot_1.robot_supervisor]: Selected controllable event: EV_approach_zone
[balanced_delivery_supervisor-22] [INFO] [1789488341.571638056] [robot_2.robot_supervisor]: Selected controllable event: EV_move_forward
[balanced_delivery_supervisor-20] [INFO] [1789488341.862610303] [robot_1.robot_supervisor]: Selected controllable event: EV_approach_zone
[balanced_delivery_supervisor-22] [INFO] [1789488341.868788660] [robot_2.robot_supervisor]: Selected controllable event: EV_move_forward
[balanced_delivery_supervisor-22] [INFO] [1789488342.086845617] [robot_2.robot_supervisor]: Selected controllable event: EV_move_forward
[balanced_delivery_supervisor-20] [INFO] [1789488342.185871520] [robot_1.robot_supervisor]: Selected controllable event: EV_move_forward
[balanced_delivery_supervisor-22] [INFO] [1789488342.382874545] [robot_2.robot_supervisor]: Triggered uncontrollable event: EV_zone_a_visible
[balanced_delivery_supervisor-22] [INFO] [1789488342.383878305] [robot_2.robot_supervisor]: Triggered uncontrollable event: EV_zone_b_not_visible
[balanced_delivery_supervisor-22] [INFO] [1789488342.403896508] [robot_2.robot_supervisor]: Selected controllable event: EV_approach_zone
[balanced_delivery_supervisor-20] [INFO] [1789488342.442459792] [robot_1.robot_supervisor]: Triggered uncontrollable event: EV_zone_a_visible
[balanced_delivery_supervisor-20] [INFO] [1789488342.457777193] [robot_1.robot_supervisor]: Selected controllable event: EV_move_forward
[balanced_delivery_supervisor-22] [INFO] [1789488342.680217216] [robot_2.robot_supervisor]: Selected controllable event: EV_approach_zone
[balanced_delivery_supervisor-20] [INFO] [1789488342.683966266] [robot_1.robot_supervisor]: Triggered uncontrollable event: EV_zone_b_visible
[balanced_delivery_supervisor-20] [INFO] [1789488342.685412705] [robot_1.robot_supervisor]: Selected controllable event: EV_move_forward
[balanced_delivery_supervisor-22] [INFO] [1789488342.946642581] [robot_2.robot_supervisor]: Selected controllable event: EV_move_forward
[balanced_delivery_supervisor-20] [INFO] [1789488342.970467811] [robot_1.robot_supervisor]: Selected controllable event: EV_move_forward
[balanced_delivery_supervisor-24] [INFO] [1789488343.089901665] [robot_0.robot_supervisor]: Zone-livelock escape completed
[balanced_delivery_supervisor-22] [INFO] [1789488343.156695023] [robot_2.robot_supervisor]: Selected controllable event: EV_approach_zone
[balanced_delivery_supervisor-20] [INFO] [1789488343.273780269] [robot_1.robot_supervisor]: Selected controllable event: EV_move_forward
[balanced_delivery_supervisor-24] [INFO] [1789488343.303981557] [robot_0.robot_supervisor]: Triggered uncontrollable event: EV_obstacle_right
[balanced_delivery_supervisor-24] [INFO] [1789488343.304951741] [robot_0.robot_supervisor]: Triggered uncontrollable event: EV_zone_b_not_visible
[balanced_delivery_supervisor-24] [INFO] [1789488343.305709768] [robot_0.robot_supervisor]: Triggered uncontrollable event: EV_zone_a_reached
[balanced_delivery_supervisor-24] [INFO] [1789488343.328844496] [robot_0.robot_supervisor]: Selected controllable event: EV_u_turn
[balanced_delivery_supervisor-24] [INFO] [1789488343.329926406] [robot_0.robot_supervisor]: Starting FULL ROTATE (omega=1.000, have_odom=True, target_rad=3.142, timeout_s=3.500)
[balanced_delivery_supervisor-22] [INFO] [1789488343.458375091] [robot_2.robot_supervisor]: Triggered uncontrollable event: EV_zone_a_visible
[balanced_delivery_supervisor-22] [INFO] [1789488343.462643005] [robot_2.robot_supervisor]: Triggered uncontrollable event: EV_zone_b_visible
[balanced_delivery_supervisor-22] [INFO] [1789488343.463724070] [robot_2.robot_supervisor]: Selected controllable event: EV_approach_zone
[balanced_delivery_supervisor-20] [INFO] [1789488343.561511454] [robot_1.robot_supervisor]: Triggered uncontrollable event: EV_zone_a_visible
[balanced_delivery_supervisor-20] [INFO] [1789488343.562517197] [robot_1.robot_supervisor]: Triggered uncontrollable event: EV_zone_b_visible
[balanced_delivery_supervisor-20] [INFO] [1789488343.578554480] [robot_1.robot_supervisor]: Selected controllable event: EV_move_forward
[balanced_delivery_supervisor-22] [INFO] [1789488343.765280700] [robot_2.robot_supervisor]: Selected controllable event: EV_move_forward
[balanced_delivery_supervisor-20] [INFO] [1789488343.867186697] [robot_1.robot_supervisor]: Selected controllable event: EV_approach_zone
[balanced_delivery_supervisor-22] [INFO] [1789488343.980020369] [robot_2.robot_supervisor]: Selected controllable event: EV_move_forward
[balanced_delivery_supervisor-20] [INFO] [1789488344.166699817] [robot_1.robot_supervisor]: Selected controllable event: EV_approach_zone
[balanced_delivery_supervisor-22] [INFO] [1789488344.265760445] [robot_2.robot_supervisor]: Selected controllable event: EV_approach_zone
[balanced_delivery_supervisor-20] [INFO] [1789488344.448781875] [robot_1.robot_supervisor]: Selected controllable event: EV_approach_zone
[balanced_delivery_supervisor-22] [INFO] [1789488344.586778525] [robot_2.robot_supervisor]: Triggered uncontrollable event: EV_zone_a_visible
[balanced_delivery_supervisor-22] [INFO] [1789488344.601686339] [robot_2.robot_supervisor]: Triggered uncontrollable event: EV_zone_b_visible
[balanced_delivery_supervisor-22] [INFO] [1789488344.612452595] [robot_2.robot_supervisor]: Selected controllable event: EV_approach_zone
[balanced_delivery_supervisor-20] [INFO] [1789488344.752222747] [robot_1.robot_supervisor]: Triggered uncontrollable event: EV_zone_a_visible
[balanced_delivery_supervisor-20] [INFO] [1789488344.764741579] [robot_1.robot_supervisor]: Triggered uncontrollable event: EV_zone_b_visible
[balanced_delivery_supervisor-20] [INFO] [1789488344.769312738] [robot_1.robot_supervisor]: Selected controllable event: EV_move_forward
[balanced_delivery_supervisor-22] [INFO] [1789488344.861403077] [robot_2.robot_supervisor]: Selected controllable event: EV_approach_zone
[balanced_delivery_supervisor-20] [INFO] [1789488345.052691106] [robot_1.robot_supervisor]: Selected controllable event: EV_approach_zone
[balanced_delivery_supervisor-22] [INFO] [1789488345.075444313] [robot_2.robot_supervisor]: Selected controllable event: EV_move_forward
[balanced_delivery_supervisor-20] [INFO] [1789488345.272969765] [robot_1.robot_supervisor]: Selected controllable event: EV_approach_zone
[balanced_delivery_supervisor-22] [INFO] [1789488345.379903921] [robot_2.robot_supervisor]: Selected controllable event: EV_move_forward
[balanced_delivery_supervisor-20] [INFO] [1789488345.491608291] [robot_1.robot_supervisor]: Triggered uncontrollable event: EV_zone_a_visible
[balanced_delivery_supervisor-20] [INFO] [1789488345.499254878] [robot_1.robot_supervisor]: Selected controllable event: EV_approach_zone
[balanced_delivery_supervisor-22] [INFO] [1789488345.673450501] [robot_2.robot_supervisor]: Triggered uncontrollable event: EV_zone_a_visible
[balanced_delivery_supervisor-22] [INFO] [1789488345.674345890] [robot_2.robot_supervisor]: Triggered uncontrollable event: EV_zone_b_visible
[balanced_delivery_supervisor-22] [INFO] [1789488345.688446489] [robot_2.robot_supervisor]: Selected controllable event: EV_approach_zone
[balanced_delivery_supervisor-20] [INFO] [1789488345.756565602] [robot_1.robot_supervisor]: Triggered uncontrollable event: EV_zone_b_visible
[balanced_delivery_supervisor-20] [INFO] [1789488345.757597528] [robot_1.robot_supervisor]: Selected controllable event: EV_move_forward
[balanced_delivery_supervisor-22] [INFO] [1789488345.963195283] [robot_2.robot_supervisor]: Selected controllable event: EV_move_forward
[balanced_delivery_supervisor-20] [INFO] [1789488346.040293988] [robot_1.robot_supervisor]: Selected controllable event: EV_approach_zone
[balanced_delivery_supervisor-22] [INFO] [1789488346.247279729] [robot_2.robot_supervisor]: Selected controllable event: EV_approach_zone
[balanced_delivery_supervisor-20] [INFO] [1789488346.362113596] [robot_1.robot_supervisor]: Selected controllable event: EV_move_forward
[balanced_delivery_supervisor-22] [INFO] [1789488346.469544107] [robot_2.robot_supervisor]: Triggered uncontrollable event: EV_zone_a_visible
[balanced_delivery_supervisor-22] [INFO] [1789488346.470348320] [robot_2.robot_supervisor]: Triggered uncontrollable event: EV_zone_b_visible
[balanced_delivery_supervisor-22] [INFO] [1789488346.488618036] [robot_2.robot_supervisor]: Selected controllable event: EV_move_forward
[balanced_delivery_supervisor-20] [INFO] [1789488346.674824983] [robot_1.robot_supervisor]: Triggered uncontrollable event: EV_zone_a_visible
[balanced_delivery_supervisor-20] [INFO] [1789488346.675657565] [robot_1.robot_supervisor]: Triggered uncontrollable event: EV_zone_b_visible
[balanced_delivery_supervisor-20] [INFO] [1789488346.691275775] [robot_1.robot_supervisor]: Selected controllable event: EV_approach_zone
[balanced_delivery_supervisor-22] [INFO] [1789488346.766237825] [robot_2.robot_supervisor]: Selected controllable event: EV_approach_zone
[balanced_delivery_supervisor-24] [INFO] [1789488346.878690766] [robot_0.robot_supervisor]: FULL ROTATE completed by timeout
[balanced_delivery_supervisor-20] [INFO] [1789488346.956897754] [robot_1.robot_supervisor]: Selected controllable event: EV_move_forward
[balanced_delivery_supervisor-24] [INFO] [1789488347.083347033] [robot_0.robot_supervisor]: Triggered uncontrollable event: EV_zone_b_visible
[balanced_delivery_supervisor-24] [INFO] [1789488347.084178162] [robot_0.robot_supervisor]: Triggered uncontrollable event: EV_zone_a_reached
[balanced_delivery_supervisor-22] [INFO] [1789488347.092920138] [robot_2.robot_supervisor]: Selected controllable event: EV_move_forward
[balanced_delivery_supervisor-24] [INFO] [1789488347.113670923] [robot_0.robot_supervisor]: Selected controllable event: EV_approach_zone
[balanced_delivery_supervisor-20] [INFO] [1789488347.275724827] [robot_1.robot_supervisor]: Selected controllable event: EV_move_forward
[balanced_delivery_supervisor-22] [INFO] [1789488347.354635107] [robot_2.robot_supervisor]: Triggered uncontrollable event: EV_zone_a_visible
[balanced_delivery_supervisor-22] [INFO] [1789488347.368168211] [robot_2.robot_supervisor]: Triggered uncontrollable event: EV_zone_b_visible
[balanced_delivery_supervisor-22] [INFO] [1789488347.369427779] [robot_2.robot_supervisor]: Selected controllable event: EV_approach_zone
[balanced_delivery_supervisor-24] [INFO] [1789488347.371182985] [robot_0.robot_supervisor]: Triggered uncontrollable event: EV_zone_a_reached
[balanced_delivery_supervisor-24] [INFO] [1789488347.374534126] [robot_0.robot_supervisor]: Selected controllable event: EV_approach_zone
[balanced_delivery_supervisor-20] [INFO] [1789488347.574819770] [robot_1.robot_supervisor]: Triggered uncontrollable event: EV_zone_a_visible
[balanced_delivery_supervisor-20] [INFO] [1789488347.584975902] [robot_1.robot_supervisor]: Triggered uncontrollable event: EV_zone_b_visible
[balanced_delivery_supervisor-20] [INFO] [1789488347.586311476] [robot_1.robot_supervisor]: Selected controllable event: EV_move_forward
[balanced_delivery_supervisor-24] [INFO] [1789488347.599654808] [robot_0.robot_supervisor]: Triggered uncontrollable event: EV_zone_b_visible
[balanced_delivery_supervisor-24] [INFO] [1789488347.611519098] [robot_0.robot_supervisor]: Selected controllable event: EV_move_forward
[balanced_delivery_supervisor-22] [INFO] [1789488347.688752029] [robot_2.robot_supervisor]: Selected controllable event: EV_approach_zone
[balanced_delivery_supervisor-20] [INFO] [1789488347.864905019] [robot_1.robot_supervisor]: Selected controllable event: EV_approach_zone
[balanced_delivery_supervisor-24] [INFO] [1789488347.883192900] [robot_0.robot_supervisor]: Selected controllable event: EV_move_forward
[balanced_delivery_supervisor-22] [INFO] [1789488347.946386304] [robot_2.robot_supervisor]: Selected controllable event: EV_move_forward
[balanced_delivery_supervisor-20] [INFO] [1789488348.181423956] [robot_1.robot_supervisor]: Selected controllable event: EV_move_forward
[balanced_delivery_supervisor-22] [INFO] [1789488348.185707641] [robot_2.robot_supervisor]: Selected controllable event: EV_approach_zone
[balanced_delivery_supervisor-24] [INFO] [1789488348.227207181] [robot_0.robot_supervisor]: Selected controllable event: EV_approach_zone
[balanced_delivery_supervisor-20] [INFO] [1789488348.450933726] [robot_1.robot_supervisor]: Triggered uncontrollable event: EV_zone_a_visible
[balanced_delivery_supervisor-22] [INFO] [1789488348.454430114] [robot_2.robot_supervisor]: Triggered uncontrollable event: EV_zone_a_visible
[balanced_delivery_supervisor-20] [INFO] [1789488348.467107992] [robot_1.robot_supervisor]: Selected controllable event: EV_move_forward
[balanced_delivery_supervisor-22] [INFO] [1789488348.473534226] [robot_2.robot_supervisor]: Triggered uncontrollable event: EV_zone_b_visible
[balanced_delivery_supervisor-22] [INFO] [1789488348.474636636] [robot_2.robot_supervisor]: Selected controllable event: EV_move_forward
[balanced_delivery_supervisor-24] [INFO] [1789488348.506259986] [robot_0.robot_supervisor]: Triggered uncontrollable event: EV_zone_a_reached
[balanced_delivery_supervisor-24] [INFO] [1789488348.512587723] [robot_0.robot_supervisor]: Selected controllable event: EV_move_forward
[balanced_delivery_supervisor-20] [INFO] [1789488348.685807549] [robot_1.robot_supervisor]: Triggered uncontrollable event: EV_zone_b_visible
[balanced_delivery_supervisor-20] [INFO] [1789488348.692880565] [robot_1.robot_supervisor]: Selected controllable event: EV_approach_zone
[balanced_delivery_supervisor-22] [INFO] [1789488348.757710553] [robot_2.robot_supervisor]: Selected controllable event: EV_move_forward
[balanced_delivery_supervisor-24] [INFO] [1789488348.789431667] [robot_0.robot_supervisor]: Triggered uncontrollable event: EV_zone_b_visible
[balanced_delivery_supervisor-24] [INFO] [1789488348.799253497] [robot_0.robot_supervisor]: Selected controllable event: EV_approach_zone
[balanced_delivery_supervisor-20] [INFO] [1789488348.955928515] [robot_1.robot_supervisor]: Selected controllable event: EV_approach_zone
[balanced_delivery_supervisor-24] [INFO] [1789488349.014136272] [robot_0.robot_supervisor]: Selected controllable event: EV_move_forward
[balanced_delivery_supervisor-22] [INFO] [1789488349.066913246] [robot_2.robot_supervisor]: Selected controllable event: EV_move_forward
[balanced_delivery_supervisor-20] [INFO] [1789488349.160515966] [robot_1.robot_supervisor]: Selected controllable event: EV_move_forward
[balanced_delivery_supervisor-24] [INFO] [1789488349.219564003] [robot_0.robot_supervisor]: Selected controllable event: EV_move_forward
[balanced_delivery_supervisor-22] [INFO] [1789488349.270808208] [robot_2.robot_supervisor]: Selected controllable event: EV_move_forward
[balanced_delivery_supervisor-20] [INFO] [1789488349.458992077] [robot_1.robot_supervisor]: Selected controllable event: EV_move_forward
[balanced_delivery_supervisor-24] [INFO] [1789488349.493358063] [robot_0.robot_supervisor]: Selected controllable event: EV_move_forward
[balanced_delivery_supervisor-22] [INFO] [1789488349.588519816] [robot_2.robot_supervisor]: Triggered uncontrollable event: EV_zone_a_visible
[balanced_delivery_supervisor-22] [INFO] [1789488349.589495787] [robot_2.robot_supervisor]: Selected controllable event: EV_approach_zone
[balanced_delivery_supervisor-20] [INFO] [1789488349.764097438] [robot_1.robot_supervisor]: Triggered uncontrollable event: EV_zone_a_visible
[balanced_delivery_supervisor-20] [INFO] [1789488349.764962526] [robot_1.robot_supervisor]: Triggered uncontrollable event: EV_zone_b_visible
[balanced_delivery_supervisor-20] [INFO] [1789488349.765995263] [robot_1.robot_supervisor]: Selected controllable event: EV_move_forward
[balanced_delivery_supervisor-24] [INFO] [1789488349.793502503] [robot_0.robot_supervisor]: Triggered uncontrollable event: EV_zone_b_visible
[balanced_delivery_supervisor-24] [INFO] [1789488349.805743075] [robot_0.robot_supervisor]: Triggered uncontrollable event: EV_zone_a_not_visible
[balanced_delivery_supervisor-24] [INFO] [1789488349.813796531] [robot_0.robot_supervisor]: Selected controllable event: EV_move_forward
[balanced_delivery_supervisor-22] [INFO] [1789488349.864263274] [robot_2.robot_supervisor]: Triggered uncontrollable event: EV_zone_b_visible
[balanced_delivery_supervisor-22] [INFO] [1789488349.877263148] [robot_2.robot_supervisor]: Selected controllable event: EV_approach_zone
[balanced_delivery_supervisor-20] [INFO] [1789488350.072906538] [robot_1.robot_supervisor]: Selected controllable event: EV_move_forward
[balanced_delivery_supervisor-24] [INFO] [1789488350.076862650] [robot_0.robot_supervisor]: Selected controllable event: EV_approach_zone
[balanced_delivery_supervisor-22] [INFO] [1789488350.144232094] [robot_2.robot_supervisor]: Selected controllable event: EV_move_forward
[color_detector-31] [INFO] [1789488350.217371833] [robot_0.target_detector]: RGB HEARTBEAT frames_total=30 recent_rate_hz=0.977 last_frame_age_s=0.614 status=OK
[color_detector-29] [INFO] [1789488350.234727497] [robot_2.target_detector]: RGB HEARTBEAT frames_total=30 recent_rate_hz=0.974 last_frame_age_s=0.799 status=OK
[color_detector-27] [INFO] [1789488350.247082544] [robot_1.target_detector]: RGB HEARTBEAT frames_total=30 recent_rate_hz=0.974 last_frame_age_s=0.703 status=OK
[balanced_delivery_supervisor-24] [INFO] [1789488350.382477544] [robot_0.robot_supervisor]: Selected controllable event: EV_move_forward
[balanced_delivery_supervisor-20] [INFO] [1789488350.382534110] [robot_1.robot_supervisor]: Selected controllable event: EV_move_forward
[balanced_delivery_supervisor-22] [INFO] [1789488350.392227573] [robot_2.robot_supervisor]: Selected controllable event: EV_move_forward
[balanced_delivery_supervisor-22] [INFO] [1789488350.657718026] [robot_2.robot_supervisor]: Triggered uncontrollable event: EV_zone_a_visible
[balanced_delivery_supervisor-22] [INFO] [1789488350.665240383] [robot_2.robot_supervisor]: Triggered uncontrollable event: EV_zone_b_visible
[balanced_delivery_supervisor-20] [INFO] [1789488350.660439937] [robot_1.robot_supervisor]: Triggered uncontrollable event: EV_zone_a_visible
[balanced_delivery_supervisor-20] [INFO] [1789488350.661223378] [robot_1.robot_supervisor]: Triggered uncontrollable event: EV_zone_b_visible
[balanced_delivery_supervisor-22] [INFO] [1789488350.672339378] [robot_2.robot_supervisor]: Selected controllable event: EV_approach_zone
[balanced_delivery_supervisor-20] [INFO] [1789488350.673696010] [robot_1.robot_supervisor]: Selected controllable event: EV_approach_zone
[balanced_delivery_supervisor-24] [INFO] [1789488350.690312282] [robot_0.robot_supervisor]: Triggered uncontrollable event: EV_zone_a_not_visible
[balanced_delivery_supervisor-24] [INFO] [1789488350.691209081] [robot_0.robot_supervisor]: Triggered uncontrollable event: EV_zone_b_reached
[balanced_delivery_supervisor-24] [INFO] [1789488350.705402356] [robot_0.robot_supervisor]: Selected controllable event: EV_move_forward
[balanced_delivery_supervisor-20] [INFO] [1789488350.961577291] [robot_1.robot_supervisor]: Selected controllable event: EV_approach_zone
[balanced_delivery_supervisor-22] [INFO] [1789488350.969491539] [robot_2.robot_supervisor]: Selected controllable event: EV_approach_zone
[balanced_delivery_supervisor-24] [INFO] [1789488351.003615197] [robot_0.robot_supervisor]: DELIVERED zone_b; balance=zone_b_has_extra
[balanced_delivery_supervisor-24] [INFO] [1789488351.012896217] [robot_0.robot_supervisor]: Selected controllable event: EV_drop_zone_b
[balanced_delivery_supervisor-20] [INFO] [1789488351.042547726] [robot_1.robot_supervisor]: RECEIVED zone_b; balance=zone_b_has_extra
[balanced_delivery_supervisor-22] [INFO] [1789488351.044009254] [robot_2.robot_supervisor]: RECEIVED zone_b; balance=zone_b_has_extra
[balanced_delivery_supervisor-24] [INFO] [1789488351.073200942] [robot_0.robot_supervisor]: Delivered cargo 'robot_0_carried_generic_box' removed.
[balanced_delivery_supervisor-24] [INFO] [1789488351.096608226] [robot_0.robot_supervisor]: Selected controllable event: EV_move_forward
[balanced_delivery_supervisor-20] [INFO] [1789488351.265338089] [robot_1.robot_supervisor]: Triggered uncontrollable event: EV_received_delivered_zone_b
[balanced_delivery_supervisor-20] [INFO] [1789488351.272707999] [robot_1.robot_supervisor]: Selected controllable event: EV_move_forward
[balanced_delivery_supervisor-22] [INFO] [1789488351.288121214] [robot_2.robot_supervisor]: Triggered uncontrollable event: EV_received_delivered_zone_b
[balanced_delivery_supervisor-22] [INFO] [1789488351.289369357] [robot_2.robot_supervisor]: Selected controllable event: EV_approach_zone
[balanced_delivery_supervisor-24] [INFO] [1789488351.401367905] [robot_0.robot_supervisor]: Selected controllable event: EV_search_object
[balanced_delivery_supervisor-20] [INFO] [1789488351.549248346] [robot_1.robot_supervisor]: Triggered uncontrollable event: EV_zone_a_visible
[balanced_delivery_supervisor-20] [INFO] [1789488351.550113035] [robot_1.robot_supervisor]: Triggered uncontrollable event: EV_zone_b_visible
[balanced_delivery_supervisor-22] [INFO] [1789488351.573062506] [robot_2.robot_supervisor]: Triggered uncontrollable event: EV_zone_a_visible
[balanced_delivery_supervisor-20] [INFO] [1789488351.573222217] [robot_1.robot_supervisor]: Selected controllable event: EV_approach_zone
[balanced_delivery_supervisor-22] [INFO] [1789488351.585522812] [robot_2.robot_supervisor]: Triggered uncontrollable event: EV_zone_b_visible
[balanced_delivery_supervisor-22] [INFO] [1789488351.586713297] [robot_2.robot_supervisor]: Selected controllable event: EV_approach_zone
[balanced_delivery_supervisor-24] [INFO] [1789488351.596483818] [robot_0.robot_supervisor]: ############################# VISIBLE: EV_object_visible #############################
[balanced_delivery_supervisor-24] [INFO] [1789488351.597378776] [robot_0.robot_supervisor]: Triggered uncontrollable event: EV_obstacle_right
[balanced_delivery_supervisor-24] [INFO] [1789488351.598476811] [robot_0.robot_supervisor]: Selected controllable event: EV_rotate_counterclockwise
[balanced_delivery_supervisor-24] [INFO] [1789488351.794062287] [robot_0.robot_supervisor]: Triggered uncontrollable event: EV_obstacle_right
[balanced_delivery_supervisor-24] [INFO] [1789488351.795166703] [robot_0.robot_supervisor]: Selected controllable event: EV_rotate_counterclockwise
[balanced_delivery_supervisor-20] [INFO] [1789488351.871776235] [robot_1.robot_supervisor]: Selected controllable event: EV_move_forward
[balanced_delivery_supervisor-22] [INFO] [1789488351.876112934] [robot_2.robot_supervisor]: Selected controllable event: EV_approach_zone
[balanced_delivery_supervisor-24] [INFO] [1789488351.908941914] [robot_0.robot_supervisor]: Triggered uncontrollable event: EV_obstacle_right
[balanced_delivery_supervisor-24] [INFO] [1789488351.910032012] [robot_0.robot_supervisor]: Selected controllable event: EV_rotate_counterclockwise
[balanced_delivery_supervisor-24] [INFO] [1789488352.081896810] [robot_0.robot_supervisor]: Triggered uncontrollable event: EV_obstacle_right
[balanced_delivery_supervisor-24] [INFO] [1789488352.096153254] [robot_0.robot_supervisor]: Selected controllable event: EV_u_turn
[balanced_delivery_supervisor-24] [INFO] [1789488352.097252176] [robot_0.robot_supervisor]: Starting FULL ROTATE (omega=1.000, have_odom=True, target_rad=3.142, timeout_s=3.500)
[balanced_delivery_supervisor-20] [INFO] [1789488352.173149941] [robot_1.robot_supervisor]: Selected controllable event: EV_approach_zone
[balanced_delivery_supervisor-22] [INFO] [1789488352.175020785] [robot_2.robot_supervisor]: Selected controllable event: EV_move_forward
[balanced_delivery_supervisor-20] [INFO] [1789488352.396344609] [robot_1.robot_supervisor]: Selected controllable event: EV_move_forward
[balanced_delivery_supervisor-22] [INFO] [1789488352.469828651] [robot_2.robot_supervisor]: Triggered uncontrollable event: EV_zone_a_visible
[balanced_delivery_supervisor-22] [INFO] [1789488352.476915173] [robot_2.robot_supervisor]: Selected controllable event: EV_approach_zone
[balanced_delivery_supervisor-20] [INFO] [1789488352.661973535] [robot_1.robot_supervisor]: Triggered uncontrollable event: EV_zone_a_visible
[balanced_delivery_supervisor-20] [INFO] [1789488352.664083805] [robot_1.robot_supervisor]: Triggered uncontrollable event: EV_zone_b_visible
[balanced_delivery_supervisor-20] [INFO] [1789488352.673253065] [robot_1.robot_supervisor]: Selected controllable event: EV_approach_zone
[balanced_delivery_supervisor-22] [INFO] [1789488352.741924574] [robot_2.robot_supervisor]: Triggered uncontrollable event: EV_zone_b_visible
[balanced_delivery_supervisor-22] [INFO] [1789488352.759053444] [robot_2.robot_supervisor]: Selected controllable event: EV_move_forward
[balanced_delivery_supervisor-20] [INFO] [1789488352.952608414] [robot_1.robot_supervisor]: Selected controllable event: EV_move_forward
[balanced_delivery_supervisor-22] [INFO] [1789488352.970307085] [robot_2.robot_supervisor]: Selected controllable event: EV_move_forward
[balanced_delivery_supervisor-22] [INFO] [1789488353.179464818] [robot_2.robot_supervisor]: Selected controllable event: EV_move_forward
[balanced_delivery_supervisor-20] [INFO] [1789488353.270747074] [robot_1.robot_supervisor]: Selected controllable event: EV_approach_zone
[balanced_delivery_supervisor-22] [INFO] [1789488353.458492389] [robot_2.robot_supervisor]: Triggered uncontrollable event: EV_zone_a_visible
[balanced_delivery_supervisor-22] [INFO] [1789488353.471278203] [robot_2.robot_supervisor]: Triggered uncontrollable event: EV_zone_b_visible
[balanced_delivery_supervisor-22] [INFO] [1789488353.472261615] [robot_2.robot_supervisor]: Selected controllable event: EV_move_forward
[balanced_delivery_supervisor-20] [INFO] [1789488353.547215150] [robot_1.robot_supervisor]: Triggered uncontrollable event: EV_zone_a_visible
[balanced_delivery_supervisor-20] [INFO] [1789488353.550662562] [robot_1.robot_supervisor]: Triggered uncontrollable event: EV_zone_b_reached
[balanced_delivery_supervisor-20] [INFO] [1789488353.558240257] [robot_1.robot_supervisor]: Selected controllable event: EV_approach_zone
[balanced_delivery_supervisor-22] [INFO] [1789488353.780406814] [robot_2.robot_supervisor]: Selected controllable event: EV_move_forward
[balanced_delivery_supervisor-20] [INFO] [1789488353.877315981] [robot_1.robot_supervisor]: Selected controllable event: EV_move_forward
[balanced_delivery_supervisor-22] [INFO] [1789488354.066843003] [robot_2.robot_supervisor]: Selected controllable event: EV_approach_zone
[balanced_delivery_supervisor-20] [INFO] [1789488354.157558026] [robot_1.robot_supervisor]: Selected controllable event: EV_approach_zone
[balanced_delivery_supervisor-22] [INFO] [1789488354.360125902] [robot_2.robot_supervisor]: Selected controllable event: EV_approach_zone
[balanced_delivery_supervisor-20] [INFO] [1789488354.366490953] [robot_1.robot_supervisor]: Triggered uncontrollable event: EV_obstacle_front
[balanced_delivery_supervisor-20] [INFO] [1789488354.373795070] [robot_1.robot_supervisor]: Selected controllable event: EV_rotate_clockwise
[balanced_delivery_supervisor-20] [INFO] [1789488354.563573703] [robot_1.robot_supervisor]: Triggered uncontrollable event: EV_zone_a_visible
[balanced_delivery_supervisor-20] [INFO] [1789488354.568095281] [robot_1.robot_supervisor]: Triggered uncontrollable event: EV_zone_b_reached
[balanced_delivery_supervisor-20] [INFO] [1789488354.581494689] [robot_1.robot_supervisor]: Triggered uncontrollable event: EV_obstacle_front
[balanced_delivery_supervisor-20] [INFO] [1789488354.582967101] [robot_1.robot_supervisor]: Selected controllable event: EV_move_backward
[balanced_delivery_supervisor-22] [INFO] [1789488354.663804077] [robot_2.robot_supervisor]: Triggered uncontrollable event: EV_zone_a_visible
[balanced_delivery_supervisor-22] [INFO] [1789488354.668071252] [robot_2.robot_supervisor]: Triggered uncontrollable event: EV_zone_b_visible
[balanced_delivery_supervisor-22] [INFO] [1789488354.677589238] [robot_2.robot_supervisor]: Selected controllable event: EV_move_forward
[balanced_delivery_supervisor-20] [INFO] [1789488354.857184754] [robot_1.robot_supervisor]: Triggered uncontrollable event: EV_obstacle_front
[balanced_delivery_supervisor-20] [INFO] [1789488354.858391422] [robot_1.robot_supervisor]: Selected controllable event: EV_move_backward
[balanced_delivery_supervisor-22] [INFO] [1789488354.962469643] [robot_2.robot_supervisor]: Selected controllable event: EV_move_forward
[balanced_delivery_supervisor-20] [INFO] [1789488355.161476050] [robot_1.robot_supervisor]: Triggered uncontrollable event: EV_obstacle_front
[balanced_delivery_supervisor-20] [INFO] [1789488355.169685810] [robot_1.robot_supervisor]: Selected controllable event: EV_move_backward
[balanced_delivery_supervisor-22] [INFO] [1789488355.265123962] [robot_2.robot_supervisor]: Selected controllable event: EV_approach_zone
[balanced_delivery_supervisor-20] [INFO] [1789488355.466666183] [robot_1.robot_supervisor]: Triggered uncontrollable event: EV_zone_a_visible
[balanced_delivery_supervisor-20] [INFO] [1789488355.467472516] [robot_1.robot_supervisor]: Triggered uncontrollable event: EV_obstacle_front
[balanced_delivery_supervisor-20] [INFO] [1789488355.491432930] [robot_1.robot_supervisor]: Selected controllable event: EV_rotate_clockwise
[balanced_delivery_supervisor-22] [INFO] [1789488355.553648190] [robot_2.robot_supervisor]: Triggered uncontrollable event: EV_zone_a_visible
[balanced_delivery_supervisor-22] [INFO] [1789488355.558485758] [robot_2.robot_supervisor]: Triggered uncontrollable event: EV_zone_b_visible
[balanced_delivery_supervisor-22] [INFO] [1789488355.569133228] [robot_2.robot_supervisor]: Selected controllable event: EV_approach_zone
[balanced_delivery_supervisor-20] [INFO] [1789488355.653126082] [robot_1.robot_supervisor]: Triggered uncontrollable event: EV_zone_b_reached
[balanced_delivery_supervisor-20] [INFO] [1789488355.676576137] [robot_1.robot_supervisor]: Triggered uncontrollable event: EV_obstacle_front
[balanced_delivery_supervisor-20] [INFO] [1789488355.677679354] [robot_1.robot_supervisor]: Selected controllable event: EV_rotate_clockwise
[balanced_delivery_supervisor-24] [INFO] [1789488355.689792960] [robot_0.robot_supervisor]: FULL ROTATE completed by timeout
[balanced_delivery_supervisor-20] [INFO] [1789488355.839664048] [robot_1.robot_supervisor]: Triggered uncontrollable event: EV_obstacle_front
[balanced_delivery_supervisor-20] [INFO] [1789488355.851179476] [robot_1.robot_supervisor]: Selected controllable event: EV_rotate_clockwise
[balanced_delivery_supervisor-22] [INFO] [1789488355.869113128] [robot_2.robot_supervisor]: Selected controllable event: EV_move_forward
[balanced_delivery_supervisor-20] [INFO] [1789488355.962429131] [robot_1.robot_supervisor]: Triggered uncontrollable event: EV_obstacle_front
[balanced_delivery_supervisor-20] [INFO] [1789488355.963398291] [robot_1.robot_supervisor]: Selected controllable event: EV_u_turn
[balanced_delivery_supervisor-20] [INFO] [1789488355.979774133] [robot_1.robot_supervisor]: Starting FULL ROTATE (omega=1.000, have_odom=True, target_rad=3.142, timeout_s=3.500)
[balanced_delivery_supervisor-24] [INFO] [1789488355.985669553] [robot_0.robot_supervisor]: ############################# VISIBLE: EV_object_visible #############################
[balanced_delivery_supervisor-24] [INFO] [1789488355.986559244] [robot_0.robot_supervisor]: Selected controllable event: EV_publish_delivered_zone_b
[balanced_delivery_supervisor-22] [INFO] [1789488356.074462995] [robot_2.robot_supervisor]: Selected controllable event: EV_move_forward
[balanced_delivery_supervisor-24] [INFO] [1789488356.099039293] [robot_0.robot_supervisor]: Selected controllable event: EV_approach_object
[balanced_delivery_supervisor-22] [INFO] [1789488356.360401411] [robot_2.robot_supervisor]: Triggered uncontrollable event: EV_zone_a_visible
[balanced_delivery_supervisor-22] [INFO] [1789488356.363569509] [robot_2.robot_supervisor]: Triggered uncontrollable event: EV_zone_b_visible
[balanced_delivery_supervisor-22] [INFO] [1789488356.374217942] [robot_2.robot_supervisor]: Selected controllable event: EV_move_forward
[balanced_delivery_supervisor-24] [INFO] [1789488356.375633606] [robot_0.robot_supervisor]: Selected controllable event: EV_move_forward
[balanced_delivery_supervisor-24] [INFO] [1789488356.594425234] [robot_0.robot_supervisor]: ############################# VISIBLE: EV_object_visible #############################
[balanced_delivery_supervisor-24] [INFO] [1789488356.595502410] [robot_0.robot_supervisor]: Selected controllable event: EV_move_forward
[balanced_delivery_supervisor-22] [INFO] [1789488356.677724176] [robot_2.robot_supervisor]: Selected controllable event: EV_approach_zone
[balanced_delivery_supervisor-24] [INFO] [1789488356.882880370] [robot_0.robot_supervisor]: Selected controllable event: EV_move_forward
[balanced_delivery_supervisor-22] [INFO] [1789488356.965831740] [robot_2.robot_supervisor]: Selected controllable event: EV_approach_zone
[balanced_delivery_supervisor-24] [INFO] [1789488357.094754040] [robot_0.robot_supervisor]: Selected controllable event: EV_approach_object
[balanced_delivery_supervisor-22] [INFO] [1789488357.181272896] [robot_2.robot_supervisor]: Triggered uncontrollable event: EV_zone_a_visible
[balanced_delivery_supervisor-22] [INFO] [1789488357.199204780] [robot_2.robot_supervisor]: Triggered uncontrollable event: EV_zone_b_visible
[balanced_delivery_supervisor-22] [INFO] [1789488357.200270052] [robot_2.robot_supervisor]: Selected controllable event: EV_approach_zone
[balanced_delivery_supervisor-24] [INFO] [1789488357.388400818] [robot_0.robot_supervisor]: ############################# REACHED: EV_object_reached #############################
[balanced_delivery_supervisor-24] [INFO] [1789488357.389500070] [robot_0.robot_supervisor]: Selected controllable event: EV_move_forward
[balanced_delivery_supervisor-22] [INFO] [1789488357.486147659] [robot_2.robot_supervisor]: Selected controllable event: EV_approach_zone
[balanced_delivery_supervisor-24] [INFO] [1789488357.677239583] [robot_0.robot_supervisor]: Selected controllable event: EV_pick_up_object
[balanced_delivery_supervisor-24] [INFO] [1789488357.718975980] [robot_0.robot_supervisor]: Cargo 'robot_0_carried_generic_box' placed on robot.
[balanced_delivery_supervisor-22] [INFO] [1789488357.749204017] [robot_2.robot_supervisor]: Selected controllable event: EV_approach_zone
[balanced_delivery_supervisor-24] [INFO] [1789488357.963482501] [robot_0.robot_supervisor]: Selected controllable event: EV_move_forward
[balanced_delivery_supervisor-22] [INFO] [1789488358.054212541] [robot_2.robot_supervisor]: Selected controllable event: EV_move_forward
[balanced_delivery_supervisor-24] [INFO] [1789488358.186909151] [robot_0.robot_supervisor]: Selected controllable event: EV_move_forward
[balanced_delivery_supervisor-22] [INFO] [1789488358.347485759] [robot_2.robot_supervisor]: Triggered uncontrollable event: EV_zone_a_visible
[balanced_delivery_supervisor-22] [INFO] [1789488358.350790499] [robot_2.robot_supervisor]: Triggered uncontrollable event: EV_zone_b_visible
[balanced_delivery_supervisor-22] [INFO] [1789488358.358194104] [robot_2.robot_supervisor]: Selected controllable event: EV_approach_zone
[balanced_delivery_supervisor-24] [INFO] [1789488358.476021255] [robot_0.robot_supervisor]: Triggered uncontrollable event: EV_zone_a_not_visible
[balanced_delivery_supervisor-24] [INFO] [1789488358.477185226] [robot_0.robot_supervisor]: Triggered uncontrollable event: EV_zone_b_reached
[balanced_delivery_supervisor-24] [INFO] [1789488358.478145891] [robot_0.robot_supervisor]: Selected controllable event: EV_search_zone
[balanced_delivery_supervisor-22] [INFO] [1789488358.565349918] [robot_2.robot_supervisor]: Selected controllable event: EV_approach_zone
[balanced_delivery_supervisor-24] [INFO] [1789488358.593280292] [robot_0.robot_supervisor]: Selected controllable event: EV_search_zone
[balanced_delivery_supervisor-24] [INFO] [1789488358.792489114] [robot_0.robot_supervisor]: Selected controllable event: EV_move_forward
[balanced_delivery_supervisor-22] [INFO] [1789488358.859172994] [robot_2.robot_supervisor]: Selected controllable event: EV_approach_zone
[balanced_delivery_supervisor-24] [INFO] [1789488359.086168200] [robot_0.robot_supervisor]: Selected controllable event: EV_search_zone
[balanced_delivery_supervisor-22] [INFO] [1789488359.168411183] [robot_2.robot_supervisor]: Triggered uncontrollable event: EV_zone_a_visible
[balanced_delivery_supervisor-22] [INFO] [1789488359.178645173] [robot_2.robot_supervisor]: Triggered uncontrollable event: EV_zone_b_visible
[balanced_delivery_supervisor-22] [INFO] [1789488359.184124209] [robot_2.robot_supervisor]: Triggered uncontrollable event: EV_obstacle_left
[balanced_delivery_supervisor-22] [INFO] [1789488359.185075336] [robot_2.robot_supervisor]: Selected controllable event: EV_u_turn
[balanced_delivery_supervisor-22] [INFO] [1789488359.193931567] [robot_2.robot_supervisor]: Starting FULL ROTATE (omega=1.000, have_odom=True, target_rad=3.142, timeout_s=3.500)
[balanced_delivery_supervisor-24] [INFO] [1789488359.192469603] [robot_0.robot_supervisor]: Selected controllable event: EV_move_forward
[balanced_delivery_supervisor-24] [INFO] [1789488359.483092496] [robot_0.robot_supervisor]: Triggered uncontrollable event: EV_zone_a_not_visible
[balanced_delivery_supervisor-24] [INFO] [1789488359.483809933] [robot_0.robot_supervisor]: Triggered uncontrollable event: EV_zone_b_not_visible
[balanced_delivery_supervisor-24] [INFO] [1789488359.484769413] [robot_0.robot_supervisor]: Selected controllable event: EV_search_zone
[balanced_delivery_supervisor-20] [INFO] [1789488359.571829688] [robot_1.robot_supervisor]: FULL ROTATE completed by timeout
[color_detector-31] [INFO] [1789488359.655965612] [robot_0.target_detector]: RGB HEARTBEAT frames_total=40 recent_rate_hz=1.061 last_frame_age_s=0.453 status=OK
[color_detector-29] [INFO] [1789488359.679294745] [robot_2.target_detector]: RGB HEARTBEAT frames_total=40 recent_rate_hz=1.059 last_frame_age_s=0.685 status=OK
[color_detector-27] [INFO] [1789488359.687447082] [robot_1.target_detector]: RGB HEARTBEAT frames_total=40 recent_rate_hz=1.059 last_frame_age_s=0.522 status=OK
[balanced_delivery_supervisor-24] [INFO] [1789488359.692703755] [robot_0.robot_supervisor]: Selected controllable event: EV_move_forward
[balanced_delivery_supervisor-20] [INFO] [1789488359.780459881] [robot_1.robot_supervisor]: Triggered uncontrollable event: EV_zone_a_visible
[balanced_delivery_supervisor-20] [INFO] [1789488359.781284047] [robot_1.robot_supervisor]: Triggered uncontrollable event: EV_zone_b_reached
[balanced_delivery_supervisor-20] [INFO] [1789488359.802650173] [robot_1.robot_supervisor]: Selected controllable event: EV_approach_zone
[balanced_delivery_supervisor-24] [INFO] [1789488359.977026441] [robot_0.robot_supervisor]: Triggered uncontrollable event: EV_zone_a_not_visible
[balanced_delivery_supervisor-24] [INFO] [1789488359.986276573] [robot_0.robot_supervisor]: Selected controllable event: EV_move_forward
[balanced_delivery_supervisor-20] [INFO] [1789488360.063329144] [robot_1.robot_supervisor]: Triggered uncontrollable event: EV_zone_a_visible
[balanced_delivery_supervisor-20] [INFO] [1789488360.064062237] [robot_1.robot_supervisor]: Triggered uncontrollable event: EV_zone_b_reached
[balanced_delivery_supervisor-20] [INFO] [1789488360.064988281] [robot_1.robot_supervisor]: Selected controllable event: EV_move_forward
[balanced_delivery_supervisor-24] [INFO] [1789488360.277608061] [robot_0.robot_supervisor]: Triggered uncontrollable event: EV_zone_b_not_visible
[balanced_delivery_supervisor-24] [INFO] [1789488360.278571729] [robot_0.robot_supervisor]: Selected controllable event: EV_search_zone
[balanced_delivery_supervisor-20] [INFO] [1789488360.366271646] [robot_1.robot_supervisor]: Selected controllable event: EV_move_forward
[balanced_delivery_supervisor-24] [INFO] [1789488360.402963331] [robot_0.robot_supervisor]: Selected controllable event: EV_move_forward
[balanced_delivery_supervisor-20] [INFO] [1789488360.658524288] [robot_1.robot_supervisor]: Selected controllable event: EV_approach_zone
[balanced_delivery_supervisor-24] [INFO] [1789488360.697317934] [robot_0.robot_supervisor]: Selected controllable event: EV_search_zone
[balanced_delivery_supervisor-24] [INFO] [1789488360.865602468] [robot_0.robot_supervisor]: Triggered uncontrollable event: EV_zone_a_not_visible
[balanced_delivery_supervisor-24] [INFO] [1789488360.866580439] [robot_0.robot_supervisor]: Selected controllable event: EV_search_zone
[balanced_delivery_supervisor-20] [INFO] [1789488360.954155555] [robot_1.robot_supervisor]: Triggered uncontrollable event: EV_zone_a_visible
[balanced_delivery_supervisor-20] [INFO] [1789488360.959355629] [robot_1.robot_supervisor]: Triggered uncontrollable event: EV_zone_b_reached
[balanced_delivery_supervisor-20] [INFO] [1789488360.960234726] [robot_1.robot_supervisor]: Selected controllable event: EV_approach_zone
[balanced_delivery_supervisor-24] [INFO] [1789488360.989173506] [robot_0.robot_supervisor]: Triggered uncontrollable event: EV_zone_b_not_visible
[balanced_delivery_supervisor-24] [INFO] [1789488361.006907215] [robot_0.robot_supervisor]: Selected controllable event: EV_search_zone
[balanced_delivery_supervisor-24] [INFO] [1789488361.196392997] [robot_0.robot_supervisor]: Selected controllable event: EV_move_forward
[balanced_delivery_supervisor-20] [INFO] [1789488361.252714950] [robot_1.robot_supervisor]: Selected controllable event: EV_move_forward
[balanced_delivery_supervisor-24] [INFO] [1789488361.402421412] [robot_0.robot_supervisor]: Selected controllable event: EV_move_forward
[balanced_delivery_supervisor-20] [INFO] [1789488361.559429418] [robot_1.robot_supervisor]: Selected controllable event: EV_move_forward
[balanced_delivery_supervisor-24] [INFO] [1789488361.681630502] [robot_0.robot_supervisor]: Triggered uncontrollable event: EV_zone_a_not_visible
[balanced_delivery_supervisor-24] [INFO] [1789488361.682555336] [robot_0.robot_supervisor]: Selected controllable event: EV_search_zone
[balanced_delivery_supervisor-24] [INFO] [1789488361.788261812] [robot_0.robot_supervisor]: Triggered uncontrollable event: EV_zone_b_not_visible
[balanced_delivery_supervisor-24] [INFO] [1789488361.807333762] [robot_0.robot_supervisor]: Selected controllable event: EV_search_zone
[balanced_delivery_supervisor-20] [INFO] [1789488361.870555031] [robot_1.robot_supervisor]: Triggered uncontrollable event: EV_zone_a_not_visible
[balanced_delivery_supervisor-20] [INFO] [1789488361.871282820] [robot_1.robot_supervisor]: Triggered uncontrollable event: EV_zone_b_reached
[balanced_delivery_supervisor-20] [INFO] [1789488361.896422146] [robot_1.robot_supervisor]: Selected controllable event: EV_search_zone
[balanced_delivery_supervisor-24] [INFO] [1789488361.997269882] [robot_0.robot_supervisor]: Selected controllable event: EV_search_zone
[balanced_delivery_supervisor-20] [INFO] [1789488362.067626597] [robot_1.robot_supervisor]: Selected controllable event: EV_move_forward
[balanced_delivery_supervisor-24] [INFO] [1789488362.119298999] [robot_0.robot_supervisor]: Selected controllable event: EV_move_forward
[balanced_delivery_supervisor-24] [INFO] [1789488362.366577099] [robot_0.robot_supervisor]: Selected controllable event: EV_search_zone
[balanced_delivery_supervisor-20] [INFO] [1789488362.382636274] [robot_1.robot_supervisor]: Selected controllable event: EV_move_forward
[balanced_delivery_supervisor-24] [INFO] [1789488362.498689002] [robot_0.robot_supervisor]: Selected controllable event: EV_search_zone
[balanced_delivery_supervisor-20] [INFO] [1789488362.659440854] [robot_1.robot_supervisor]: Triggered uncontrollable event: EV_zone_a_not_visible
[balanced_delivery_supervisor-20] [INFO] [1789488362.667018005] [robot_1.robot_supervisor]: Triggered uncontrollable event: EV_zone_b_reached
[balanced_delivery_supervisor-20] [INFO] [1789488362.687574495] [robot_1.robot_supervisor]: Selected controllable event: EV_search_zone
[balanced_delivery_supervisor-24] [INFO] [1789488362.702436732] [robot_0.robot_supervisor]: Triggered uncontrollable event: EV_zone_a_not_visible
[balanced_delivery_supervisor-24] [INFO] [1789488362.705563114] [robot_0.robot_supervisor]: Triggered uncontrollable event: EV_zone_b_not_visible
[balanced_delivery_supervisor-24] [INFO] [1789488362.715718556] [robot_0.robot_supervisor]: Selected controllable event: EV_search_zone
[balanced_delivery_supervisor-22] [INFO] [1789488362.770187730] [robot_2.robot_supervisor]: FULL ROTATE completed by timeout
[balanced_delivery_supervisor-20] [INFO] [1789488362.850504451] [robot_1.robot_supervisor]: Selected controllable event: EV_search_zone
[balanced_delivery_supervisor-24] [INFO] [1789488362.910160219] [robot_0.robot_supervisor]: Selected controllable event: EV_search_zone
[balanced_delivery_supervisor-20] [INFO] [1789488362.965681026] [robot_1.robot_supervisor]: Selected controllable event: EV_move_forward
[balanced_delivery_supervisor-22] [INFO] [1789488362.976609710] [robot_2.robot_supervisor]: Triggered uncontrollable event: EV_zone_a_visible
[balanced_delivery_supervisor-22] [INFO] [1789488362.977440836] [robot_2.robot_supervisor]: Triggered uncontrollable event: EV_zone_b_visible
[balanced_delivery_supervisor-22] [INFO] [1789488362.987400131] [robot_2.robot_supervisor]: Selected controllable event: EV_move_forward
[balanced_delivery_supervisor-24] [INFO] [1789488363.090163570] [robot_0.robot_supervisor]: Selected controllable event: EV_search_zone
[balanced_delivery_supervisor-22] [INFO] [1789488363.253799980] [robot_2.robot_supervisor]: Selected controllable event: EV_move_forward
[balanced_delivery_supervisor-20] [INFO] [1789488363.263722469] [robot_1.robot_supervisor]: Selected controllable event: EV_move_forward
[balanced_delivery_supervisor-24] [INFO] [1789488363.305628600] [robot_0.robot_supervisor]: Selected controllable event: EV_move_forward
[balanced_delivery_supervisor-20] [INFO] [1789488363.544870272] [robot_1.robot_supervisor]: Triggered uncontrollable event: EV_zone_a_not_visible
[balanced_delivery_supervisor-22] [INFO] [1789488363.552519230] [robot_2.robot_supervisor]: Triggered uncontrollable event: EV_zone_b_visible
[balanced_delivery_supervisor-22] [INFO] [1789488363.555635398] [robot_2.robot_supervisor]: Triggered uncontrollable event: EV_zone_a_not_visible
[balanced_delivery_supervisor-20] [INFO] [1789488363.556353423] [robot_1.robot_supervisor]: Triggered uncontrollable event: EV_zone_b_reached
[balanced_delivery_supervisor-20] [INFO] [1789488363.562769293] [robot_1.robot_supervisor]: Selected controllable event: EV_search_zone
[balanced_delivery_supervisor-22] [INFO] [1789488363.566263824] [robot_2.robot_supervisor]: Selected controllable event: EV_approach_zone
[balanced_delivery_supervisor-24] [INFO] [1789488363.606341198] [robot_0.robot_supervisor]: Triggered uncontrollable event: EV_zone_a_not_visible
[balanced_delivery_supervisor-24] [INFO] [1789488363.607125531] [robot_0.robot_supervisor]: Triggered uncontrollable event: EV_zone_b_not_visible
[balanced_delivery_supervisor-24] [INFO] [1789488363.618042476] [robot_0.robot_supervisor]: Selected controllable event: EV_move_forward
[balanced_delivery_supervisor-20] [INFO] [1789488363.769383969] [robot_1.robot_supervisor]: Selected controllable event: EV_move_forward
[balanced_delivery_supervisor-22] [INFO] [1789488363.849162276] [robot_2.robot_supervisor]: Selected controllable event: EV_approach_zone
[balanced_delivery_supervisor-24] [INFO] [1789488363.889830787] [robot_0.robot_supervisor]: Selected controllable event: EV_search_zone
[balanced_delivery_supervisor-24] [INFO] [1789488364.003704855] [robot_0.robot_supervisor]: Selected controllable event: EV_search_zone
[balanced_delivery_supervisor-20] [INFO] [1789488364.071478911] [robot_1.robot_supervisor]: Selected controllable event: EV_move_forward
[balanced_delivery_supervisor-22] [INFO] [1789488364.147728559] [robot_2.robot_supervisor]: Selected controllable event: EV_move_forward
[balanced_delivery_supervisor-24] [INFO] [1789488364.190566791] [robot_0.robot_supervisor]: Selected controllable event: EV_search_zone
[balanced_delivery_supervisor-22] [INFO] [1789488364.363302930] [robot_2.robot_supervisor]: Triggered uncontrollable event: EV_zone_b_visible
[balanced_delivery_supervisor-20] [INFO] [1789488364.363597073] [robot_1.robot_supervisor]: Triggered uncontrollable event: EV_zone_a_not_visible
[balanced_delivery_supervisor-20] [INFO] [1789488364.364281840] [robot_1.robot_supervisor]: Triggered uncontrollable event: EV_zone_b_reached
[balanced_delivery_supervisor-20] [INFO] [1789488364.366206966] [robot_1.robot_supervisor]: Selected controllable event: EV_search_zone
[balanced_delivery_supervisor-22] [INFO] [1789488364.370292117] [robot_2.robot_supervisor]: Triggered uncontrollable event: EV_zone_a_not_visible
[balanced_delivery_supervisor-22] [INFO] [1789488364.383840863] [robot_2.robot_supervisor]: Selected controllable event: EV_move_forward
[balanced_delivery_supervisor-24] [INFO] [1789488364.395654251] [robot_0.robot_supervisor]: Triggered uncontrollable event: EV_zone_a_not_visible
[balanced_delivery_supervisor-24] [INFO] [1789488364.403230192] [robot_0.robot_supervisor]: Selected controllable event: EV_search_zone
[balanced_delivery_supervisor-20] [INFO] [1789488364.544953556] [robot_1.robot_supervisor]: Selected controllable event: EV_move_forward
[balanced_delivery_supervisor-24] [INFO] [1789488364.607013539] [robot_0.robot_supervisor]: Triggered uncontrollable event: EV_zone_b_not_visible
[balanced_delivery_supervisor-24] [INFO] [1789488364.610269380] [robot_0.robot_supervisor]: Selected controllable event: EV_move_forward
[balanced_delivery_supervisor-22] [INFO] [1789488364.674510641] [robot_2.robot_supervisor]: Selected controllable event: EV_approach_zone
[balanced_delivery_supervisor-20] [INFO] [1789488364.764952526] [robot_1.robot_supervisor]: Selected controllable event: EV_search_zone
[balanced_delivery_supervisor-24] [INFO] [1789488364.895091963] [robot_0.robot_supervisor]: Selected controllable event: EV_move_forward
[balanced_delivery_supervisor-22] [INFO] [1789488364.951291529] [robot_2.robot_supervisor]: Selected controllable event: EV_move_forward
[balanced_delivery_supervisor-20] [INFO] [1789488364.954826689] [robot_1.robot_supervisor]: Selected controllable event: EV_move_forward
[balanced_delivery_supervisor-24] [INFO] [1789488365.111479475] [robot_0.robot_supervisor]: Selected controllable event: EV_search_zone
[balanced_delivery_supervisor-20] [INFO] [1789488365.158004972] [robot_1.robot_supervisor]: Triggered uncontrollable event: EV_zone_a_not_visible
[balanced_delivery_supervisor-20] [INFO] [1789488365.158979623] [robot_1.robot_supervisor]: Selected controllable event: EV_move_forward
[balanced_delivery_supervisor-22] [INFO] [1789488365.183120469] [robot_2.robot_supervisor]: Triggered uncontrollable event: EV_zone_a_not_visible
[balanced_delivery_supervisor-22] [INFO] [1789488365.197156934] [robot_2.robot_supervisor]: Triggered uncontrollable event: EV_zone_b_not_visible
[balanced_delivery_supervisor-22] [INFO] [1789488365.212409636] [robot_2.robot_supervisor]: Selected controllable event: EV_move_forward
[balanced_delivery_supervisor-24] [INFO] [1789488365.299038398] [robot_0.robot_supervisor]: Triggered uncontrollable event: EV_zone_a_not_visible
[balanced_delivery_supervisor-24] [INFO] [1789488365.299849020] [robot_0.robot_supervisor]: Triggered uncontrollable event: EV_zone_b_not_visible
[balanced_delivery_supervisor-24] [INFO] [1789488365.321996394] [robot_0.robot_supervisor]: Selected controllable event: EV_search_zone
[balanced_delivery_supervisor-20] [INFO] [1789488365.441324778] [robot_1.robot_supervisor]: Triggered uncontrollable event: EV_zone_b_reached
[balanced_delivery_supervisor-20] [INFO] [1789488365.442415543] [robot_1.robot_supervisor]: Selected controllable event: EV_search_zone
[balanced_delivery_supervisor-22] [INFO] [1789488365.470611873] [robot_2.robot_supervisor]: Selected controllable event: EV_search_zone
[balanced_delivery_supervisor-24] [INFO] [1789488365.476368254] [robot_0.robot_supervisor]: Selected controllable event: EV_search_zone
[balanced_delivery_supervisor-20] [INFO] [1789488365.560192202] [robot_1.robot_supervisor]: Selected controllable event: EV_move_forward
[balanced_delivery_supervisor-24] [INFO] [1789488365.592036046] [robot_0.robot_supervisor]: Selected controllable event: EV_move_forward
[balanced_delivery_supervisor-22] [INFO] [1789488365.663684660] [robot_2.robot_supervisor]: Selected controllable event: EV_move_forward
[balanced_delivery_supervisor-20] [INFO] [1789488365.764038827] [robot_1.robot_supervisor]: Selected controllable event: EV_search_zone
[balanced_delivery_supervisor-24] [INFO] [1789488365.794480799] [robot_0.robot_supervisor]: Selected controllable event: EV_search_zone
[balanced_delivery_supervisor-20] [INFO] [1789488365.958769561] [robot_1.robot_supervisor]: Selected controllable event: EV_move_forward
[balanced_delivery_supervisor-22] [INFO] [1789488365.959953152] [robot_2.robot_supervisor]: Selected controllable event: EV_move_forward
[balanced_delivery_supervisor-24] [INFO] [1789488365.987117567] [robot_0.robot_supervisor]: Selected controllable event: EV_search_zone
[balanced_delivery_supervisor-22] [INFO] [1789488366.170207454] [robot_2.robot_supervisor]: Triggered uncontrollable event: EV_zone_a_not_visible
[balanced_delivery_supervisor-22] [INFO] [1789488366.181291389] [robot_2.robot_supervisor]: Triggered uncontrollable event: EV_zone_b_not_visible
[balanced_delivery_supervisor-22] [INFO] [1789488366.182184575] [robot_2.robot_supervisor]: Selected controllable event: EV_move_forward
[balanced_delivery_supervisor-24] [INFO] [1789488366.200179417] [robot_0.robot_supervisor]: Triggered uncontrollable event: EV_zone_a_visible
[balanced_delivery_supervisor-24] [INFO] [1789488366.201218309] [robot_0.robot_supervisor]: Selected controllable event: EV_move_forward
[balanced_delivery_supervisor-20] [INFO] [1789488366.248082642] [robot_1.robot_supervisor]: Triggered uncontrollable event: EV_zone_a_not_visible
[balanced_delivery_supervisor-20] [INFO] [1789488366.257497957] [robot_1.robot_supervisor]: Triggered uncontrollable event: EV_zone_b_reached
[balanced_delivery_supervisor-20] [INFO] [1789488366.262839975] [robot_1.robot_supervisor]: Selected controllable event: EV_search_zone
[balanced_delivery_supervisor-22] [INFO] [1789488366.454192723] [robot_2.robot_supervisor]: Selected controllable event: EV_move_forward
[balanced_delivery_supervisor-20] [INFO] [1789488366.460458221] [robot_1.robot_supervisor]: Selected controllable event: EV_search_zone
[balanced_delivery_supervisor-24] [INFO] [1789488366.479509416] [robot_0.robot_supervisor]: Triggered uncontrollable event: EV_zone_b_not_visible
[balanced_delivery_supervisor-24] [INFO] [1789488366.488497266] [robot_0.robot_supervisor]: Selected controllable event: EV_approach_zone
[balanced_delivery_supervisor-20] [INFO] [1789488366.670526214] [robot_1.robot_supervisor]: Selected controllable event: EV_search_zone
[balanced_delivery_supervisor-20] [INFO] [1789488366.773620428] [robot_1.robot_supervisor]: Selected controllable event: EV_search_zone
[balanced_delivery_supervisor-24] [INFO] [1789488366.779520050] [robot_0.robot_supervisor]: Selected controllable event: EV_approach_zone
[balanced_delivery_supervisor-22] [INFO] [1789488366.780967619] [robot_2.robot_supervisor]: Selected controllable event: EV_move_forward
[balanced_delivery_supervisor-20] [INFO] [1789488366.972571815] [robot_1.robot_supervisor]: Selected controllable event: EV_move_forward
[balanced_delivery_supervisor-24] [INFO] [1789488367.001998303] [robot_0.robot_supervisor]: Triggered uncontrollable event: EV_zone_a_visible
[balanced_delivery_supervisor-24] [INFO] [1789488367.002999690] [robot_0.robot_supervisor]: Selected controllable event: EV_approach_zone
[balanced_delivery_supervisor-22] [INFO] [1789488367.061821528] [robot_2.robot_supervisor]: Triggered uncontrollable event: EV_zone_a_not_visible
[balanced_delivery_supervisor-22] [INFO] [1789488367.062631457] [robot_2.robot_supervisor]: Triggered uncontrollable event: EV_zone_b_not_visible
[balanced_delivery_supervisor-22] [INFO] [1789488367.079968649] [robot_2.robot_supervisor]: Selected controllable event: EV_move_forward
[balanced_delivery_supervisor-20] [INFO] [1789488367.265431317] [robot_1.robot_supervisor]: Triggered uncontrollable event: EV_zone_a_not_visible
[balanced_delivery_supervisor-20] [INFO] [1789488367.274970564] [robot_1.robot_supervisor]: Triggered uncontrollable event: EV_zone_b_reached
[balanced_delivery_supervisor-20] [INFO] [1789488367.275898591] [robot_1.robot_supervisor]: Selected controllable event: EV_move_forward
[balanced_delivery_supervisor-24] [INFO] [1789488367.295708294] [robot_0.robot_supervisor]: Triggered uncontrollable event: EV_zone_b_not_visible
[balanced_delivery_supervisor-24] [INFO] [1789488367.296674677] [robot_0.robot_supervisor]: Selected controllable event: EV_approach_zone
[balanced_delivery_supervisor-22] [INFO] [1789488367.368431774] [robot_2.robot_supervisor]: Selected controllable event: EV_search_zone
[balanced_delivery_supervisor-20] [INFO] [1789488367.561475285] [robot_1.robot_supervisor]: Selected controllable event: EV_search_zone
[balanced_delivery_supervisor-22] [INFO] [1789488367.563598907] [robot_2.robot_supervisor]: Selected controllable event: EV_move_forward
[balanced_delivery_supervisor-24] [INFO] [1789488367.605239076] [robot_0.robot_supervisor]: Selected controllable event: EV_move_forward
[balanced_delivery_supervisor-20] [INFO] [1789488367.669295617] [robot_1.robot_supervisor]: Selected controllable event: EV_move_forward
[balanced_delivery_supervisor-22] [INFO] [1789488367.847978720] [robot_2.robot_supervisor]: Triggered uncontrollable event: EV_zone_a_not_visible
[balanced_delivery_supervisor-22] [INFO] [1789488367.848662295] [robot_2.robot_supervisor]: Triggered uncontrollable event: EV_zone_b_not_visible
[balanced_delivery_supervisor-24] [INFO] [1789488367.868403164] [robot_0.robot_supervisor]: Triggered uncontrollable event: EV_zone_a_visible
[balanced_delivery_supervisor-22] [INFO] [1789488367.872647238] [robot_2.robot_supervisor]: Selected controllable event: EV_search_zone
[balanced_delivery_supervisor-24] [INFO] [1789488367.885495473] [robot_0.robot_supervisor]: Selected controllable event: EV_move_forward
[balanced_delivery_supervisor-20] [INFO] [1789488367.964927473] [robot_1.robot_supervisor]: Triggered uncontrollable event: EV_zone_a_not_visible
[balanced_delivery_supervisor-20] [INFO] [1789488367.965701663] [robot_1.robot_supervisor]: Triggered uncontrollable event: EV_zone_b_reached
[balanced_delivery_supervisor-20] [INFO] [1789488367.966674476] [robot_1.robot_supervisor]: Selected controllable event: EV_move_forward
[balanced_delivery_supervisor-22] [INFO] [1789488368.041152970] [robot_2.robot_supervisor]: Selected controllable event: EV_search_zone
[balanced_delivery_supervisor-24] [INFO] [1789488368.087140412] [robot_0.robot_supervisor]: Triggered uncontrollable event: EV_zone_b_not_visible
[balanced_delivery_supervisor-24] [INFO] [1789488368.088089793] [robot_0.robot_supervisor]: Selected controllable event: EV_approach_zone
[balanced_delivery_supervisor-22] [INFO] [1789488368.253269282] [robot_2.robot_supervisor]: Selected controllable event: EV_move_forward
[balanced_delivery_supervisor-20] [INFO] [1789488368.265712173] [robot_1.robot_supervisor]: Selected controllable event: EV_move_forward
[balanced_delivery_supervisor-24] [INFO] [1789488368.300039816] [robot_0.robot_supervisor]: Selected controllable event: EV_move_forward
[color_detector-29] [INFO] [1789488368.418441792] [robot_2.target_detector]: RGB HEARTBEAT frames_total=50 recent_rate_hz=1.144 last_frame_age_s=0.767 status=OK
[color_detector-31] [INFO] [1789488368.426700264] [robot_0.target_detector]: RGB HEARTBEAT frames_total=50 recent_rate_hz=1.140 last_frame_age_s=0.617 status=OK
[color_detector-27] [INFO] [1789488368.440740894] [robot_1.target_detector]: RGB HEARTBEAT frames_total=50 recent_rate_hz=1.142 last_frame_age_s=0.703 status=OK
[balanced_delivery_supervisor-22] [INFO] [1789488368.561480073] [robot_2.robot_supervisor]: Selected controllable event: EV_search_zone
[balanced_delivery_supervisor-20] [INFO] [1789488368.567694763] [robot_1.robot_supervisor]: Selected controllable event: EV_move_forward
[balanced_delivery_supervisor-24] [INFO] [1789488368.582802317] [robot_0.robot_supervisor]: Selected controllable event: EV_move_forward
[balanced_delivery_supervisor-22] [INFO] [1789488368.676742478] [robot_2.robot_supervisor]: Triggered uncontrollable event: EV_zone_a_not_visible
[balanced_delivery_supervisor-22] [INFO] [1789488368.677760457] [robot_2.robot_supervisor]: Selected controllable event: EV_move_forward
[balanced_delivery_supervisor-20] [INFO] [1789488368.850368921] [robot_1.robot_supervisor]: Triggered uncontrollable event: EV_zone_a_not_visible
[balanced_delivery_supervisor-20] [INFO] [1789488368.864723121] [robot_1.robot_supervisor]: Selected controllable event: EV_search_zone
[balanced_delivery_supervisor-24] [INFO] [1789488368.868279135] [robot_0.robot_supervisor]: Selected controllable event: EV_move_forward
[balanced_delivery_supervisor-22] [INFO] [1789488368.974356264] [robot_2.robot_supervisor]: Triggered uncontrollable event: EV_zone_b_not_visible
[balanced_delivery_supervisor-22] [INFO] [1789488368.975296670] [robot_2.robot_supervisor]: Selected controllable event: EV_move_forward
[balanced_delivery_supervisor-20] [INFO] [1789488369.060966372] [robot_1.robot_supervisor]: Triggered uncontrollable event: EV_zone_b_reached
[balanced_delivery_supervisor-20] [INFO] [1789488369.061976581] [robot_1.robot_supervisor]: Selected controllable event: EV_move_forward
[balanced_delivery_supervisor-24] [INFO] [1789488369.092029108] [robot_0.robot_supervisor]: Triggered uncontrollable event: EV_zone_b_not_visible
[balanced_delivery_supervisor-24] [INFO] [1789488369.092730774] [robot_0.robot_supervisor]: Triggered uncontrollable event: EV_zone_a_reached
[balanced_delivery_supervisor-24] [INFO] [1789488369.093658049] [robot_0.robot_supervisor]: Selected controllable event: EV_move_forward
[balanced_delivery_supervisor-22] [INFO] [1789488369.255203485] [robot_2.robot_supervisor]: Selected controllable event: EV_search_zone
[balanced_delivery_supervisor-20] [INFO] [1789488369.266401588] [robot_1.robot_supervisor]: Selected controllable event: EV_search_zone
[balanced_delivery_supervisor-24] [INFO] [1789488369.391094510] [robot_0.robot_supervisor]: Selected controllable event: EV_search_zone
[balanced_delivery_supervisor-22] [INFO] [1789488369.452181435] [robot_2.robot_supervisor]: Selected controllable event: EV_move_forward
[balanced_delivery_supervisor-20] [INFO] [1789488369.461287864] [robot_1.robot_supervisor]: Selected controllable event: EV_search_zone
[balanced_delivery_supervisor-24] [INFO] [1789488369.501600578] [robot_0.robot_supervisor]: Selected controllable event: EV_move_forward
[balanced_delivery_supervisor-20] [INFO] [1789488369.572695686] [robot_1.robot_supervisor]: Selected controllable event: EV_search_zone
[balanced_delivery_supervisor-22] [INFO] [1789488369.657901612] [robot_2.robot_supervisor]: Triggered uncontrollable event: EV_zone_a_not_visible
[balanced_delivery_supervisor-22] [INFO] [1789488369.658668223] [robot_2.robot_supervisor]: Triggered uncontrollable event: EV_zone_b_not_visible
[balanced_delivery_supervisor-22] [INFO] [1789488369.680213564] [robot_2.robot_supervisor]: Selected controllable event: EV_move_forward
[balanced_delivery_supervisor-20] [INFO] [1789488369.763870976] [robot_1.robot_supervisor]: Triggered uncontrollable event: EV_zone_a_not_visible
[balanced_delivery_supervisor-20] [INFO] [1789488369.764724968] [robot_1.robot_supervisor]: Triggered uncontrollable event: EV_zone_b_reached
[balanced_delivery_supervisor-20] [INFO] [1789488369.781006032] [robot_1.robot_supervisor]: Selected controllable event: EV_move_forward
[balanced_delivery_supervisor-24] [INFO] [1789488369.795513797] [robot_0.robot_supervisor]: Triggered uncontrollable event: EV_zone_b_not_visible
[balanced_delivery_supervisor-24] [INFO] [1789488369.807848733] [robot_0.robot_supervisor]: Triggered uncontrollable event: EV_zone_a_reached
[balanced_delivery_supervisor-24] [INFO] [1789488369.808894625] [robot_0.robot_supervisor]: Selected controllable event: EV_search_zone
[balanced_delivery_supervisor-22] [INFO] [1789488369.961661563] [robot_2.robot_supervisor]: Selected controllable event: EV_move_forward
[balanced_delivery_supervisor-24] [INFO] [1789488370.004948320] [robot_0.robot_supervisor]: Selected controllable event: EV_search_zone
[balanced_delivery_supervisor-20] [INFO] [1789488370.046579487] [robot_1.robot_supervisor]: Selected controllable event: EV_move_forward
[balanced_delivery_supervisor-22] [INFO] [1789488370.171543615] [robot_2.robot_supervisor]: Selected controllable event: EV_search_zone
[balanced_delivery_supervisor-24] [INFO] [1789488370.198269719] [robot_0.robot_supervisor]: Selected controllable event: EV_move_forward
[balanced_delivery_supervisor-20] [INFO] [1789488370.346422257] [robot_1.robot_supervisor]: Selected controllable event: EV_search_zone
[balanced_delivery_supervisor-22] [INFO] [1789488370.358491949] [robot_2.robot_supervisor]: Selected controllable event: EV_search_zone
[balanced_delivery_supervisor-20] [INFO] [1789488370.474833746] [robot_1.robot_supervisor]: Selected controllable event: EV_search_zone
[balanced_delivery_supervisor-24] [INFO] [1789488370.489017467] [robot_0.robot_supervisor]: Selected controllable event: EV_move_forward
[balanced_delivery_supervisor-22] [INFO] [1789488370.567682397] [robot_2.robot_supervisor]: Triggered uncontrollable event: EV_zone_a_not_visible
[balanced_delivery_supervisor-22] [INFO] [1789488370.578287075] [robot_2.robot_supervisor]: Triggered uncontrollable event: EV_zone_b_not_visible
[balanced_delivery_supervisor-22] [INFO] [1789488370.579296484] [robot_2.robot_supervisor]: Selected controllable event: EV_move_forward
[balanced_delivery_supervisor-20] [INFO] [1789488370.651312898] [robot_1.robot_supervisor]: Triggered uncontrollable event: EV_zone_a_not_visible
[balanced_delivery_supervisor-20] [INFO] [1789488370.660731582] [robot_1.robot_supervisor]: Triggered uncontrollable event: EV_zone_b_reached
[balanced_delivery_supervisor-20] [INFO] [1789488370.661670177] [robot_1.robot_supervisor]: Selected controllable event: EV_search_zone
[balanced_delivery_supervisor-24] [INFO] [1789488370.691148241] [robot_0.robot_supervisor]: Triggered uncontrollable event: EV_obstacle_front
[balanced_delivery_supervisor-24] [INFO] [1789488370.695701775] [robot_0.robot_supervisor]: Triggered uncontrollable event: EV_zone_b_not_visible
[balanced_delivery_supervisor-24] [INFO] [1789488370.706157438] [robot_0.robot_supervisor]: Triggered uncontrollable event: EV_zone_a_reached
[balanced_delivery_supervisor-24] [INFO] [1789488370.707092318] [robot_0.robot_supervisor]: Selected controllable event: EV_move_backward
[balanced_delivery_supervisor-22] [INFO] [1789488370.844328209] [robot_2.robot_supervisor]: Selected controllable event: EV_search_zone
[balanced_delivery_supervisor-20] [INFO] [1789488370.854784113] [robot_1.robot_supervisor]: Selected controllable event: EV_move_forward
[balanced_delivery_supervisor-24] [INFO] [1789488370.964903084] [robot_0.robot_supervisor]: Triggered uncontrollable event: EV_obstacle_front
[balanced_delivery_supervisor-24] [INFO] [1789488370.965811998] [robot_0.robot_supervisor]: Selected controllable event: EV_rotate_counterclockwise
[balanced_delivery_supervisor-22] [INFO] [1789488371.064113224] [robot_2.robot_supervisor]: Selected controllable event: EV_move_forward
[balanced_delivery_supervisor-20] [INFO] [1789488371.159079135] [robot_1.robot_supervisor]: Selected controllable event: EV_move_forward
[balanced_delivery_supervisor-24] [INFO] [1789488371.170889395] [robot_0.robot_supervisor]: Triggered uncontrollable event: EV_obstacle_front
[balanced_delivery_supervisor-24] [INFO] [1789488371.190072892] [robot_0.robot_supervisor]: Selected controllable event: EV_u_turn
[balanced_delivery_supervisor-24] [INFO] [1789488371.191065825] [robot_0.robot_supervisor]: Starting FULL ROTATE (omega=1.000, have_odom=True, target_rad=3.142, timeout_s=3.500)
[balanced_delivery_supervisor-22] [INFO] [1789488371.351306130] [robot_2.robot_supervisor]: Triggered uncontrollable event: EV_zone_a_not_visible
[balanced_delivery_supervisor-22] [INFO] [1789488371.367381606] [robot_2.robot_supervisor]: Selected controllable event: EV_move_forward
[balanced_delivery_supervisor-20] [INFO] [1789488371.449822633] [robot_1.robot_supervisor]: Triggered uncontrollable event: EV_zone_a_not_visible
[balanced_delivery_supervisor-20] [INFO] [1789488371.452974155] [robot_1.robot_supervisor]: Triggered uncontrollable event: EV_zone_b_reached
[balanced_delivery_supervisor-20] [INFO] [1789488371.459625371] [robot_1.robot_supervisor]: Selected controllable event: EV_move_forward
[balanced_delivery_supervisor-22] [INFO] [1789488371.654273669] [robot_2.robot_supervisor]: Triggered uncontrollable event: EV_zone_b_not_visible
[balanced_delivery_supervisor-22] [INFO] [1789488371.678316036] [robot_2.robot_supervisor]: Selected controllable event: EV_move_forward
[balanced_delivery_supervisor-20] [INFO] [1789488371.759174754] [robot_1.robot_supervisor]: Selected controllable event: EV_move_forward
[balanced_delivery_supervisor-22] [INFO] [1789488371.953352094] [robot_2.robot_supervisor]: Selected controllable event: EV_move_forward
[balanced_delivery_supervisor-20] [INFO] [1789488372.057160539] [robot_1.robot_supervisor]: Selected controllable event: EV_search_zone
[balanced_delivery_supervisor-22] [INFO] [1789488372.163316450] [robot_2.robot_supervisor]: Selected controllable event: EV_search_zone
[balanced_delivery_supervisor-20] [INFO] [1789488372.175340221] [robot_1.robot_supervisor]: Selected controllable event: EV_move_forward
[balanced_delivery_supervisor-22] [INFO] [1789488372.290532599] [robot_2.robot_supervisor]: Selected controllable event: EV_search_zone
[balanced_delivery_supervisor-22] [INFO] [1789488372.443133182] [robot_2.robot_supervisor]: Triggered uncontrollable event: EV_zone_a_not_visible
[balanced_delivery_supervisor-20] [INFO] [1789488372.458682436] [robot_1.robot_supervisor]: Triggered uncontrollable event: EV_zone_a_not_visible
[balanced_delivery_supervisor-20] [INFO] [1789488372.459556007] [robot_1.robot_supervisor]: Triggered uncontrollable event: EV_zone_b_reached
[balanced_delivery_supervisor-20] [INFO] [1789488372.460586565] [robot_1.robot_supervisor]: Selected controllable event: EV_search_zone
[balanced_delivery_supervisor-22] [INFO] [1789488372.462621584] [robot_2.robot_supervisor]: Triggered uncontrollable event: EV_zone_b_not_visible
[balanced_delivery_supervisor-22] [INFO] [1789488372.463735687] [robot_2.robot_supervisor]: Selected controllable event: EV_move_forward
[balanced_delivery_supervisor-22] [INFO] [1789488372.670968997] [robot_2.robot_supervisor]: Selected controllable event: EV_move_forward
[balanced_delivery_supervisor-20] [INFO] [1789488372.681516481] [robot_1.robot_supervisor]: Selected controllable event: EV_search_zone
[balanced_delivery_supervisor-20] [INFO] [1789488372.860703542] [robot_1.robot_supervisor]: Selected controllable event: EV_search_zone
[balanced_delivery_supervisor-22] [INFO] [1789488372.965585460] [robot_2.robot_supervisor]: Selected controllable event: EV_move_forward
[balanced_delivery_supervisor-20] [INFO] [1789488372.984360377] [robot_1.robot_supervisor]: Selected controllable event: EV_search_zone
[balanced_delivery_supervisor-20] [INFO] [1789488373.159567593] [robot_1.robot_supervisor]: Selected controllable event: EV_search_zone
[balanced_delivery_supervisor-22] [INFO] [1789488373.198464296] [robot_2.robot_supervisor]: Selected controllable event: EV_search_zone
[balanced_delivery_supervisor-22] [INFO] [1789488373.345208151] [robot_2.robot_supervisor]: Triggered uncontrollable event: EV_zone_a_not_visible
[balanced_delivery_supervisor-22] [INFO] [1789488373.358372213] [robot_2.robot_supervisor]: Triggered uncontrollable event: EV_zone_b_not_visible
[balanced_delivery_supervisor-22] [INFO] [1789488373.359567895] [robot_2.robot_supervisor]: Selected controllable event: EV_search_zone
[balanced_delivery_supervisor-20] [INFO] [1789488373.363039682] [robot_1.robot_supervisor]: Triggered uncontrollable event: EV_zone_a_not_visible
[balanced_delivery_supervisor-20] [INFO] [1789488373.367842303] [robot_1.robot_supervisor]: Triggered uncontrollable event: EV_zone_b_reached
[balanced_delivery_supervisor-20] [INFO] [1789488373.384492125] [robot_1.robot_supervisor]: Selected controllable event: EV_move_forward
[balanced_delivery_supervisor-22] [INFO] [1789488373.479792069] [robot_2.robot_supervisor]: Selected controllable event: EV_move_forward
[balanced_delivery_supervisor-20] [INFO] [1789488373.666277669] [robot_1.robot_supervisor]: Selected controllable event: EV_move_forward
[balanced_delivery_supervisor-22] [INFO] [1789488373.704518774] [robot_2.robot_supervisor]: Selected controllable event: EV_search_zone
[balanced_delivery_supervisor-22] [INFO] [1789488373.857243890] [robot_2.robot_supervisor]: Selected controllable event: EV_move_forward
[balanced_delivery_supervisor-20] [INFO] [1789488373.974311334] [robot_1.robot_supervisor]: Selected controllable event: EV_move_forward
[balanced_delivery_supervisor-22] [INFO] [1789488374.164737368] [robot_2.robot_supervisor]: Selected controllable event: EV_move_forward
[balanced_delivery_supervisor-20] [INFO] [1789488374.271701712] [robot_1.robot_supervisor]: Triggered uncontrollable event: EV_zone_a_not_visible
[balanced_delivery_supervisor-20] [INFO] [1789488374.295779283] [robot_1.robot_supervisor]: Selected controllable event: EV_search_zone
[balanced_delivery_supervisor-22] [INFO] [1789488374.470724536] [robot_2.robot_supervisor]: Triggered uncontrollable event: EV_zone_a_not_visible
[balanced_delivery_supervisor-22] [INFO] [1789488374.471524000] [robot_2.robot_supervisor]: Triggered uncontrollable event: EV_zone_b_not_visible
[balanced_delivery_supervisor-22] [INFO] [1789488374.472439834] [robot_2.robot_supervisor]: Selected controllable event: EV_move_forward
[balanced_delivery_supervisor-20] [INFO] [1789488374.475238324] [robot_1.robot_supervisor]: Triggered uncontrollable event: EV_zone_b_reached
[balanced_delivery_supervisor-20] [INFO] [1789488374.496414785] [robot_1.robot_supervisor]: Selected controllable event: EV_search_zone
[balanced_delivery_supervisor-20] [INFO] [1789488374.667712289] [robot_1.robot_supervisor]: Selected controllable event: EV_search_zone
[balanced_delivery_supervisor-22] [INFO] [1789488374.748011882] [robot_2.robot_supervisor]: Selected controllable event: EV_search_zone
[balanced_delivery_supervisor-24] [INFO] [1789488374.782609792] [robot_0.robot_supervisor]: FULL ROTATE completed by timeout
[balanced_delivery_supervisor-20] [INFO] [1789488374.847498650] [robot_1.robot_supervisor]: Selected controllable event: EV_search_zone
[balanced_delivery_supervisor-22] [INFO] [1789488374.868624838] [robot_2.robot_supervisor]: Selected controllable event: EV_search_zone
[balanced_delivery_supervisor-20] [INFO] [1789488375.048352709] [robot_1.robot_supervisor]: Selected controllable event: EV_move_forward
[balanced_delivery_supervisor-24] [INFO] [1789488375.078512869] [robot_0.robot_supervisor]: Triggered uncontrollable event: EV_zone_b_not_visible
[balanced_delivery_supervisor-22] [INFO] [1789488375.084106877] [robot_2.robot_supervisor]: Selected controllable event: EV_search_zone
[balanced_delivery_supervisor-24] [INFO] [1789488375.100512636] [robot_0.robot_supervisor]: Triggered uncontrollable event: EV_zone_a_reached
[balanced_delivery_supervisor-24] [INFO] [1789488375.106935457] [robot_0.robot_supervisor]: Selected controllable event: EV_search_zone
[balanced_delivery_supervisor-22] [INFO] [1789488375.239096110] [robot_2.robot_supervisor]: Triggered uncontrollable event: EV_zone_a_not_visible
[balanced_delivery_supervisor-22] [INFO] [1789488375.239704727] [robot_2.robot_supervisor]: Triggered uncontrollable event: EV_zone_b_not_visible
[balanced_delivery_supervisor-22] [INFO] [1789488375.264290178] [robot_2.robot_supervisor]: Selected controllable event: EV_search_zone
[balanced_delivery_supervisor-24] [INFO] [1789488375.270975406] [robot_0.robot_supervisor]: Selected controllable event: EV_search_zone
[balanced_delivery_supervisor-20] [INFO] [1789488375.349202261] [robot_1.robot_supervisor]: Triggered uncontrollable event: EV_zone_a_not_visible
[balanced_delivery_supervisor-20] [INFO] [1789488375.350068575] [robot_1.robot_supervisor]: Triggered uncontrollable event: EV_zone_b_reached
[balanced_delivery_supervisor-20] [INFO] [1789488375.374053263] [robot_1.robot_supervisor]: Selected controllable event: EV_move_forward
[balanced_delivery_supervisor-24] [INFO] [1789488375.392956954] [robot_0.robot_supervisor]: Triggered uncontrollable event: EV_zone_b_visible
[balanced_delivery_supervisor-24] [INFO] [1789488375.396397605] [robot_0.robot_supervisor]: Triggered uncontrollable event: EV_zone_a_reached
[balanced_delivery_supervisor-24] [INFO] [1789488375.405094964] [robot_0.robot_supervisor]: Selected controllable event: EV_move_forward
[balanced_delivery_supervisor-22] [INFO] [1789488375.458486883] [robot_2.robot_supervisor]: Selected controllable event: EV_search_zone
[balanced_delivery_supervisor-20] [INFO] [1789488375.668942136] [robot_1.robot_supervisor]: Selected controllable event: EV_move_forward
[balanced_delivery_supervisor-24] [INFO] [1789488375.671084229] [robot_0.robot_supervisor]: Selected controllable event: EV_move_forward
[balanced_delivery_supervisor-22] [INFO] [1789488375.671253810] [robot_2.robot_supervisor]: Selected controllable event: EV_move_forward
[balanced_delivery_supervisor-20] [INFO] [1789488375.940185076] [robot_1.robot_supervisor]: Selected controllable event: EV_search_zone
[balanced_delivery_supervisor-24] [INFO] [1789488375.972756427] [robot_0.robot_supervisor]: Selected controllable event: EV_move_forward
[balanced_delivery_supervisor-22] [INFO] [1789488375.977441068] [robot_2.robot_supervisor]: Selected controllable event: EV_move_forward
[balanced_delivery_supervisor-20] [INFO] [1789488376.147034817] [robot_1.robot_supervisor]: Selected controllable event: EV_move_forward
[balanced_delivery_supervisor-24] [INFO] [1789488376.178122349] [robot_0.robot_supervisor]: Selected controllable event: EV_move_forward
[balanced_delivery_supervisor-22] [INFO] [1789488376.268938366] [robot_2.robot_supervisor]: Triggered uncontrollable event: EV_zone_a_not_visible
[balanced_delivery_supervisor-22] [INFO] [1789488376.269692821] [robot_2.robot_supervisor]: Triggered uncontrollable event: EV_zone_b_not_visible
[balanced_delivery_supervisor-22] [INFO] [1789488376.270563254] [robot_2.robot_supervisor]: Selected controllable event: EV_move_forward
[balanced_delivery_supervisor-20] [INFO] [1789488376.351811059] [robot_1.robot_supervisor]: Triggered uncontrollable event: EV_zone_a_visible
[balanced_delivery_supervisor-20] [INFO] [1789488376.352598118] [robot_1.robot_supervisor]: Triggered uncontrollable event: EV_zone_b_reached
[balanced_delivery_supervisor-20] [INFO] [1789488376.353488080] [robot_1.robot_supervisor]: Selected controllable event: EV_move_forward
[balanced_delivery_supervisor-24] [INFO] [1789488376.499420919] [robot_0.robot_supervisor]: Triggered uncontrollable event: EV_zone_b_visible
[balanced_delivery_supervisor-24] [INFO] [1789488376.502092429] [robot_0.robot_supervisor]: Triggered uncontrollable event: EV_zone_a_reached
[balanced_delivery_supervisor-24] [INFO] [1789488376.511625789] [robot_0.robot_supervisor]: Selected controllable event: EV_approach_zone
[balanced_delivery_supervisor-22] [INFO] [1789488376.553692612] [robot_2.robot_supervisor]: Selected controllable event: EV_move_forward
[balanced_delivery_supervisor-20] [INFO] [1789488376.650808383] [robot_1.robot_supervisor]: Selected controllable event: EV_approach_zone
[balanced_delivery_supervisor-22] [INFO] [1789488376.762209714] [robot_2.robot_supervisor]: Selected controllable event: EV_move_forward
[balanced_delivery_supervisor-24] [INFO] [1789488376.797131741] [robot_0.robot_supervisor]: Selected controllable event: EV_approach_zone
[balanced_delivery_supervisor-20] [INFO] [1789488376.944310421] [robot_1.robot_supervisor]: Selected controllable event: EV_move_forward
[balanced_delivery_supervisor-22] [INFO] [1789488377.072742636] [robot_2.robot_supervisor]: Triggered uncontrollable event: EV_zone_a_not_visible
[balanced_delivery_supervisor-22] [INFO] [1789488377.073514933] [robot_2.robot_supervisor]: Triggered uncontrollable event: EV_zone_b_not_visible
[balanced_delivery_supervisor-22] [INFO] [1789488377.074443589] [robot_2.robot_supervisor]: Selected controllable event: EV_search_zone
[balanced_delivery_supervisor-24] [INFO] [1789488377.094331734] [robot_0.robot_supervisor]: Selected controllable event: EV_approach_zone
[balanced_delivery_supervisor-20] [INFO] [1789488377.245501677] [robot_1.robot_supervisor]: Triggered uncontrollable event: EV_zone_a_visible
[balanced_delivery_supervisor-20] [INFO] [1789488377.246211233] [robot_1.robot_supervisor]: Triggered uncontrollable event: EV_zone_b_reached
[balanced_delivery_supervisor-20] [INFO] [1789488377.264931543] [robot_1.robot_supervisor]: Selected controllable event: EV_approach_zone
[balanced_delivery_supervisor-22] [INFO] [1789488377.282427419] [robot_2.robot_supervisor]: Selected controllable event: EV_search_zone
[balanced_delivery_supervisor-24] [INFO] [1789488377.388256196] [robot_0.robot_supervisor]: Triggered uncontrollable event: EV_zone_b_visible
[balanced_delivery_supervisor-24] [INFO] [1789488377.388957672] [robot_0.robot_supervisor]: Triggered uncontrollable event: EV_zone_a_reached
[balanced_delivery_supervisor-24] [INFO] [1789488377.408931185] [robot_0.robot_supervisor]: Selected controllable event: EV_approach_zone
[balanced_delivery_supervisor-22] [INFO] [1789488377.473675852] [robot_2.robot_supervisor]: Selected controllable event: EV_move_forward
[balanced_delivery_supervisor-20] [INFO] [1789488377.571226869] [robot_1.robot_supervisor]: Selected controllable event: EV_move_forward
[color_detector-27] [INFO] [1789488377.609211933] [robot_1.target_detector]: RGB HEARTBEAT frames_total=60 recent_rate_hz=1.091 last_frame_age_s=0.650 status=OK
[color_detector-29] [INFO] [1789488377.622986492] [robot_2.target_detector]: RGB HEARTBEAT frames_total=60 recent_rate_hz=1.090 last_frame_age_s=0.717 status=OK
[color_detector-31] [INFO] [1789488377.628608114] [robot_0.target_detector]: RGB HEARTBEAT frames_total=60 recent_rate_hz=1.085 last_frame_age_s=0.591 status=OK
[balanced_delivery_supervisor-24] [INFO] [1789488377.670184586] [robot_0.robot_supervisor]: Selected controllable event: EV_move_forward
[balanced_delivery_supervisor-20] [INFO] [1789488377.775788118] [robot_1.robot_supervisor]: Selected controllable event: EV_approach_zone
[balanced_delivery_supervisor-22] [INFO] [1789488377.792795961] [robot_2.robot_supervisor]: Selected controllable event: EV_search_zone
[balanced_delivery_supervisor-24] [INFO] [1789488377.895154481] [robot_0.robot_supervisor]: Selected controllable event: EV_approach_zone
[balanced_delivery_supervisor-22] [INFO] [1789488377.974479177] [robot_2.robot_supervisor]: Triggered uncontrollable event: EV_zone_a_not_visible
[balanced_delivery_supervisor-22] [INFO] [1789488377.975264518] [robot_2.robot_supervisor]: Triggered uncontrollable event: EV_zone_b_not_visible
[balanced_delivery_supervisor-22] [INFO] [1789488377.976260828] [robot_2.robot_supervisor]: Selected controllable event: EV_move_forward
[balanced_delivery_supervisor-20] [INFO] [1789488377.982748016] [robot_1.robot_supervisor]: Triggered uncontrollable event: EV_zone_a_visible
[balanced_delivery_supervisor-20] [INFO] [1789488377.983434975] [robot_1.robot_supervisor]: Triggered uncontrollable event: EV_zone_b_reached
[balanced_delivery_supervisor-20] [INFO] [1789488378.002148157] [robot_1.robot_supervisor]: Selected controllable event: EV_move_forward
[balanced_delivery_supervisor-24] [INFO] [1789488378.190281509] [robot_0.robot_supervisor]: Triggered uncontrollable event: EV_zone_b_visible
[balanced_delivery_supervisor-24] [INFO] [1789488378.191040175] [robot_0.robot_supervisor]: Triggered uncontrollable event: EV_zone_a_reached
[balanced_delivery_supervisor-24] [INFO] [1789488378.194568231] [robot_0.robot_supervisor]: Selected controllable event: EV_approach_zone
[balanced_delivery_supervisor-20] [INFO] [1789488378.247202537] [robot_1.robot_supervisor]: Selected controllable event: EV_move_forward
[balanced_delivery_supervisor-22] [INFO] [1789488378.264484883] [robot_2.robot_supervisor]: Selected controllable event: EV_move_forward
[balanced_delivery_supervisor-20] [INFO] [1789488378.461110942] [robot_1.robot_supervisor]: Selected controllable event: EV_approach_zone
[balanced_delivery_supervisor-24] [INFO] [1789488378.491253831] [robot_0.robot_supervisor]: Selected controllable event: EV_approach_zone
[balanced_delivery_supervisor-22] [INFO] [1789488378.573268006] [robot_2.robot_supervisor]: Selected controllable event: EV_search_zone
[balanced_delivery_supervisor-20] [INFO] [1789488378.663873462] [robot_1.robot_supervisor]: Selected controllable event: EV_move_forward
[balanced_delivery_supervisor-24] [INFO] [1789488378.713462259] [robot_0.robot_supervisor]: Selected controllable event: EV_approach_zone
[balanced_delivery_supervisor-22] [INFO] [1789488378.770790817] [robot_2.robot_supervisor]: Triggered uncontrollable event: EV_zone_a_not_visible
[balanced_delivery_supervisor-22] [INFO] [1789488378.771687251] [robot_2.robot_supervisor]: Triggered uncontrollable event: EV_zone_b_not_visible
[balanced_delivery_supervisor-22] [INFO] [1789488378.772592434] [robot_2.robot_supervisor]: Selected controllable event: EV_search_zone
[balanced_delivery_supervisor-22] [INFO] [1789488378.953939635] [robot_2.robot_supervisor]: Selected controllable event: EV_search_zone
[balanced_delivery_supervisor-20] [INFO] [1789488378.957375199] [robot_1.robot_supervisor]: Triggered uncontrollable event: EV_zone_a_visible
[balanced_delivery_supervisor-20] [INFO] [1789488378.958038545] [robot_1.robot_supervisor]: Triggered uncontrollable event: EV_zone_b_reached
[balanced_delivery_supervisor-20] [INFO] [1789488378.974616274] [robot_1.robot_supervisor]: Selected controllable event: EV_move_forward
[balanced_delivery_supervisor-24] [INFO] [1789488378.992479339] [robot_0.robot_supervisor]: Triggered uncontrollable event: EV_zone_b_visible
[balanced_delivery_supervisor-24] [INFO] [1789488378.993191876] [robot_0.robot_supervisor]: Triggered uncontrollable event: EV_zone_a_reached
[balanced_delivery_supervisor-24] [INFO] [1789488379.013195462] [robot_0.robot_supervisor]: Selected controllable event: EV_approach_zone
[balanced_delivery_supervisor-22] [INFO] [1789488379.059295297] [robot_2.robot_supervisor]: Selected controllable event: EV_search_zone
[balanced_delivery_supervisor-22] [INFO] [1789488379.253564811] [robot_2.robot_supervisor]: Selected controllable event: EV_search_zone
[balanced_delivery_supervisor-20] [INFO] [1789488379.264821281] [robot_1.robot_supervisor]: Selected controllable event: EV_approach_zone
[balanced_delivery_supervisor-24] [INFO] [1789488379.284376628] [robot_0.robot_supervisor]: Selected controllable event: EV_approach_zone
[balanced_delivery_supervisor-22] [INFO] [1789488379.453348159] [robot_2.robot_supervisor]: Selected controllable event: EV_search_zone
[balanced_delivery_supervisor-24] [INFO] [1789488379.501099572] [robot_0.robot_supervisor]: Selected controllable event: EV_approach_zone
[balanced_delivery_supervisor-20] [INFO] [1789488379.556219663] [robot_1.robot_supervisor]: Selected controllable event: EV_approach_zone
[balanced_delivery_supervisor-22] [INFO] [1789488379.644752387] [robot_2.robot_supervisor]: Triggered uncontrollable event: EV_zone_a_not_visible
[balanced_delivery_supervisor-22] [INFO] [1789488379.658392936] [robot_2.robot_supervisor]: Triggered uncontrollable event: EV_zone_b_not_visible
[balanced_delivery_supervisor-22] [INFO] [1789488379.659167676] [robot_2.robot_supervisor]: Selected controllable event: EV_search_zone
[balanced_delivery_supervisor-20] [INFO] [1789488379.770973058] [robot_1.robot_supervisor]: Triggered uncontrollable event: EV_zone_a_visible
[balanced_delivery_supervisor-24] [INFO] [1789488379.797297751] [robot_0.robot_supervisor]: Selected controllable event: EV_move_forward
[balanced_delivery_supervisor-20] [INFO] [1789488379.798139045] [robot_1.robot_supervisor]: Selected controllable event: EV_move_forward
[balanced_delivery_supervisor-22] [INFO] [1789488379.873327654] [robot_2.robot_supervisor]: Selected controllable event: EV_search_zone
[balanced_delivery_supervisor-22] [INFO] [1789488380.057338143] [robot_2.robot_supervisor]: Selected controllable event: EV_search_zone
[balanced_delivery_supervisor-20] [INFO] [1789488380.072503315] [robot_1.robot_supervisor]: Triggered uncontrollable event: EV_zone_b_reached
[balanced_delivery_supervisor-20] [INFO] [1789488380.073377722] [robot_1.robot_supervisor]: Selected controllable event: EV_move_forward
[balanced_delivery_supervisor-24] [INFO] [1789488380.083975719] [robot_0.robot_supervisor]: Triggered uncontrollable event: EV_zone_b_visible
[balanced_delivery_supervisor-24] [INFO] [1789488380.084771807] [robot_0.robot_supervisor]: Triggered uncontrollable event: EV_zone_a_not_visible
[balanced_delivery_supervisor-24] [INFO] [1789488380.085811795] [robot_0.robot_supervisor]: Selected controllable event: EV_approach_zone
[balanced_delivery_supervisor-22] [INFO] [1789488380.280059840] [robot_2.robot_supervisor]: Selected controllable event: EV_move_forward
[balanced_delivery_supervisor-20] [INFO] [1789488380.341764218] [robot_1.robot_supervisor]: Selected controllable event: EV_approach_zone
[balanced_delivery_supervisor-24] [INFO] [1789488380.371273060] [robot_0.robot_supervisor]: Selected controllable event: EV_approach_zone
[balanced_delivery_supervisor-22] [INFO] [1789488380.549216335] [robot_2.robot_supervisor]: Triggered uncontrollable event: EV_zone_a_not_visible
[balanced_delivery_supervisor-20] [INFO] [1789488380.562123943] [robot_1.robot_supervisor]: Triggered uncontrollable event: EV_zone_a_visible
[balanced_delivery_supervisor-20] [INFO] [1789488380.562848965] [robot_1.robot_supervisor]: Triggered uncontrollable event: EV_zone_b_reached
[balanced_delivery_supervisor-20] [INFO] [1789488380.563818605] [robot_1.robot_supervisor]: Selected controllable event: EV_approach_zone
[balanced_delivery_supervisor-22] [INFO] [1789488380.569123704] [robot_2.robot_supervisor]: Triggered uncontrollable event: EV_zone_b_not_visible
[balanced_delivery_supervisor-22] [INFO] [1789488380.570046672] [robot_2.robot_supervisor]: Selected controllable event: EV_move_forward
[balanced_delivery_supervisor-24] [INFO] [1789488380.593643151] [robot_0.robot_supervisor]: Triggered uncontrollable event: EV_zone_a_not_visible
[balanced_delivery_supervisor-24] [INFO] [1789488380.594556321] [robot_0.robot_supervisor]: Triggered uncontrollable event: EV_zone_b_reached
[balanced_delivery_supervisor-24] [INFO] [1789488380.595501259] [robot_0.robot_supervisor]: Selected controllable event: EV_search_zone
[balanced_delivery_supervisor-24] [INFO] [1789488380.788689056] [robot_0.robot_supervisor]: Selected controllable event: EV_search_zone
[balanced_delivery_supervisor-20] [INFO] [1789488380.852315741] [robot_1.robot_supervisor]: Selected controllable event: EV_approach_zone
[balanced_delivery_supervisor-22] [INFO] [1789488380.855168505] [robot_2.robot_supervisor]: Selected controllable event: EV_move_forward
[balanced_delivery_supervisor-24] [INFO] [1789488380.981668292] [robot_0.robot_supervisor]: Selected controllable event: EV_move_forward
[balanced_delivery_supervisor-22] [INFO] [1789488381.146166715] [robot_2.robot_supervisor]: Selected controllable event: EV_search_zone
[balanced_delivery_supervisor-20] [INFO] [1789488381.177598398] [robot_1.robot_supervisor]: Selected controllable event: EV_move_forward
[balanced_delivery_supervisor-24] [INFO] [1789488381.204255475] [robot_0.robot_supervisor]: Selected controllable event: EV_move_forward
[balanced_delivery_supervisor-22] [INFO] [1789488381.362764130] [robot_2.robot_supervisor]: Triggered uncontrollable event: EV_zone_a_not_visible
[balanced_delivery_supervisor-22] [INFO] [1789488381.363663713] [robot_2.robot_supervisor]: Triggered uncontrollable event: EV_zone_b_not_visible
[balanced_delivery_supervisor-22] [INFO] [1789488381.364594298] [robot_2.robot_supervisor]: Selected controllable event: EV_move_forward
[balanced_delivery_supervisor-20] [INFO] [1789488381.457588212] [robot_1.robot_supervisor]: Triggered uncontrollable event: EV_zone_a_visible
[balanced_delivery_supervisor-20] [INFO] [1789488381.458476894] [robot_1.robot_supervisor]: Triggered uncontrollable event: EV_zone_b_reached
[balanced_delivery_supervisor-20] [INFO] [1789488381.459423483] [robot_1.robot_supervisor]: Selected controllable event: EV_approach_zone
[balanced_delivery_supervisor-24] [INFO] [1789488381.489792605] [robot_0.robot_supervisor]: Triggered uncontrollable event: EV_zone_a_not_visible
[balanced_delivery_supervisor-24] [INFO] [1789488381.490530887] [robot_0.robot_supervisor]: Triggered uncontrollable event: EV_zone_b_reached
[balanced_delivery_supervisor-24] [INFO] [1789488381.508828858] [robot_0.robot_supervisor]: Selected controllable event: EV_move_forward
[balanced_delivery_supervisor-22] [INFO] [1789488381.649249705] [robot_2.robot_supervisor]: Selected controllable event: EV_move_forward
[balanced_delivery_supervisor-20] [INFO] [1789488381.757525581] [robot_1.robot_supervisor]: Selected controllable event: EV_approach_zone
[balanced_delivery_supervisor-24] [INFO] [1789488381.784794826] [robot_0.robot_supervisor]: Selected controllable event: EV_move_forward
[balanced_delivery_supervisor-22] [INFO] [1789488381.963924123] [robot_2.robot_supervisor]: Selected controllable event: EV_search_zone
[balanced_delivery_supervisor-20] [INFO] [1789488382.043710370] [robot_1.robot_supervisor]: Selected controllable event: EV_approach_zone
[balanced_delivery_supervisor-24] [INFO] [1789488382.073190496] [robot_0.robot_supervisor]: Selected controllable event: EV_move_forward
[balanced_delivery_supervisor-22] [INFO] [1789488382.171916225] [robot_2.robot_supervisor]: Triggered uncontrollable event: EV_zone_a_not_visible
[balanced_delivery_supervisor-22] [INFO] [1789488382.172622130] [robot_2.robot_supervisor]: Triggered uncontrollable event: EV_zone_b_not_visible
[balanced_delivery_supervisor-22] [INFO] [1789488382.191792563] [robot_2.robot_supervisor]: Selected controllable event: EV_search_zone
[balanced_delivery_supervisor-20] [INFO] [1789488382.259701993] [robot_1.robot_supervisor]: Triggered uncontrollable event: EV_zone_a_visible
[balanced_delivery_supervisor-20] [INFO] [1789488382.260426144] [robot_1.robot_supervisor]: Triggered uncontrollable event: EV_zone_b_reached
[balanced_delivery_supervisor-20] [INFO] [1789488382.261294209] [robot_1.robot_supervisor]: Selected controllable event: EV_move_forward
[balanced_delivery_supervisor-22] [INFO] [1789488382.364548060] [robot_2.robot_supervisor]: Selected controllable event: EV_search_zone
[balanced_delivery_supervisor-24] [INFO] [1789488382.391870174] [robot_0.robot_supervisor]: Triggered uncontrollable event: EV_zone_a_not_visible
[balanced_delivery_supervisor-24] [INFO] [1789488382.392841685] [robot_0.robot_supervisor]: Triggered uncontrollable event: EV_zone_b_reached
[balanced_delivery_supervisor-24] [INFO] [1789488382.393522369] [robot_0.robot_supervisor]: Triggered uncontrollable event: EV_obstacle_front
[balanced_delivery_supervisor-24] [INFO] [1789488382.394309683] [robot_0.robot_supervisor]: Selected controllable event: EV_rotate_clockwise
[balanced_delivery_supervisor-20] [INFO] [1789488382.544113185] [robot_1.robot_supervisor]: Selected controllable event: EV_move_forward
[balanced_delivery_supervisor-22] [INFO] [1789488382.563303184] [robot_2.robot_supervisor]: Selected controllable event: EV_search_zone
[balanced_delivery_supervisor-24] [INFO] [1789488382.590981821] [robot_0.robot_supervisor]: Triggered uncontrollable event: EV_obstacle_front
[balanced_delivery_supervisor-24] [INFO] [1789488382.592023243] [robot_0.robot_supervisor]: Selected controllable event: EV_u_turn
[balanced_delivery_supervisor-24] [INFO] [1789488382.592802853] [robot_0.robot_supervisor]: Starting FULL ROTATE (omega=1.000, have_odom=True, target_rad=3.142, timeout_s=3.500)
[balanced_delivery_supervisor-22] [INFO] [1789488382.665273652] [robot_2.robot_supervisor]: Selected controllable event: EV_search_zone
[balanced_delivery_supervisor-20] [INFO] [1789488382.762536241] [robot_1.robot_supervisor]: Selected controllable event: EV_approach_zone
[balanced_delivery_supervisor-22] [INFO] [1789488382.857902901] [robot_2.robot_supervisor]: Selected controllable event: EV_search_zone
[balanced_delivery_supervisor-22] [INFO] [1789488383.058320653] [robot_2.robot_supervisor]: Triggered uncontrollable event: EV_zone_a_not_visible
[balanced_delivery_supervisor-22] [INFO] [1789488383.059011102] [robot_2.robot_supervisor]: Triggered uncontrollable event: EV_zone_b_not_visible
[balanced_delivery_supervisor-20] [INFO] [1789488383.074735298] [robot_1.robot_supervisor]: Triggered uncontrollable event: EV_zone_a_visible
[balanced_delivery_supervisor-22] [INFO] [1789488383.081976898] [robot_2.robot_supervisor]: Selected controllable event: EV_move_forward
[balanced_delivery_supervisor-20] [INFO] [1789488383.084243337] [robot_1.robot_supervisor]: Selected controllable event: EV_move_forward
[balanced_delivery_supervisor-20] [INFO] [1789488383.359922541] [robot_1.robot_supervisor]: Triggered uncontrollable event: EV_zone_b_reached
[balanced_delivery_supervisor-20] [INFO] [1789488383.367916092] [robot_1.robot_supervisor]: Selected controllable event: EV_approach_zone
[balanced_delivery_supervisor-22] [INFO] [1789488383.369489147] [robot_2.robot_supervisor]: Selected controllable event: EV_search_zone
[balanced_delivery_supervisor-22] [INFO] [1789488383.569359388] [robot_2.robot_supervisor]: Selected controllable event: EV_search_zone
[balanced_delivery_supervisor-20] [INFO] [1789488383.644689182] [robot_1.robot_supervisor]: Selected controllable event: EV_move_forward
[balanced_delivery_supervisor-22] [INFO] [1789488383.746010501] [robot_2.robot_supervisor]: Selected controllable event: EV_search_zone
[balanced_delivery_supervisor-20] [INFO] [1789488383.847819837] [robot_1.robot_supervisor]: Triggered uncontrollable event: EV_obstacle_left
[balanced_delivery_supervisor-20] [INFO] [1789488383.860531937] [robot_1.robot_supervisor]: Selected controllable event: EV_rotate_clockwise
[balanced_delivery_supervisor-22] [INFO] [1789488383.962887882] [robot_2.robot_supervisor]: Triggered uncontrollable event: EV_zone_a_not_visible
[balanced_delivery_supervisor-22] [INFO] [1789488383.969051737] [robot_2.robot_supervisor]: Triggered uncontrollable event: EV_zone_b_not_visible
[balanced_delivery_supervisor-22] [INFO] [1789488383.975119503] [robot_2.robot_supervisor]: Selected controllable event: EV_search_zone
[balanced_delivery_supervisor-20] [INFO] [1789488384.045963506] [robot_1.robot_supervisor]: Triggered uncontrollable event: EV_zone_a_visible
[balanced_delivery_supervisor-20] [INFO] [1789488384.046688249] [robot_1.robot_supervisor]: Triggered uncontrollable event: EV_obstacle_left
[balanced_delivery_supervisor-20] [INFO] [1789488384.057091083] [robot_1.robot_supervisor]: Triggered uncontrollable event: EV_zone_b_not_visible
[balanced_delivery_supervisor-20] [INFO] [1789488384.063394913] [robot_1.robot_supervisor]: Selected controllable event: EV_u_turn
[balanced_delivery_supervisor-20] [INFO] [1789488384.072618484] [robot_1.robot_supervisor]: Starting FULL ROTATE (omega=1.000, have_odom=True, target_rad=3.142, timeout_s=3.500)
[balanced_delivery_supervisor-22] [INFO] [1789488384.152076944] [robot_2.robot_supervisor]: Selected controllable event: EV_move_forward
[balanced_delivery_supervisor-22] [INFO] [1789488384.361274592] [robot_2.robot_supervisor]: Selected controllable event: EV_move_forward
[balanced_delivery_supervisor-22] [INFO] [1789488384.681266654] [robot_2.robot_supervisor]: Triggered uncontrollable event: EV_zone_a_not_visible
[balanced_delivery_supervisor-22] [INFO] [1789488384.682051675] [robot_2.robot_supervisor]: Triggered uncontrollable event: EV_zone_b_not_visible
[balanced_delivery_supervisor-22] [INFO] [1789488384.705166710] [robot_2.robot_supervisor]: Selected controllable event: EV_search_zone
[balanced_delivery_supervisor-22] [INFO] [1789488384.861906224] [robot_2.robot_supervisor]: Selected controllable event: EV_search_zone
[balanced_delivery_supervisor-22] [INFO] [1789488385.057256740] [robot_2.robot_supervisor]: Selected controllable event: EV_search_zone
[balanced_delivery_supervisor-22] [INFO] [1789488385.253649269] [robot_2.robot_supervisor]: Selected controllable event: EV_move_forward
[balanced_delivery_supervisor-22] [INFO] [1789488385.494793194] [robot_2.robot_supervisor]: Triggered uncontrollable event: EV_zone_a_visible
[balanced_delivery_supervisor-22] [INFO] [1789488385.495724526] [robot_2.robot_supervisor]: Selected controllable event: EV_approach_zone
[balanced_delivery_supervisor-22] [INFO] [1789488385.753897153] [robot_2.robot_supervisor]: Triggered uncontrollable event: EV_zone_b_not_visible
[balanced_delivery_supervisor-22] [INFO] [1789488385.761325825] [robot_2.robot_supervisor]: Selected controllable event: EV_approach_zone
[balanced_delivery_supervisor-22] [INFO] [1789488385.972260277] [robot_2.robot_supervisor]: Selected controllable event: EV_approach_zone
[balanced_delivery_supervisor-24] [INFO] [1789488386.193358121] [robot_0.robot_supervisor]: FULL ROTATE completed by timeout
[color_detector-31] [INFO] [1789488386.221368750] [robot_0.target_detector]: RGB HEARTBEAT frames_total=70 recent_rate_hz=1.165 last_frame_age_s=0.722 status=OK
[color_detector-29] [INFO] [1789488386.249774619] [robot_2.target_detector]: RGB HEARTBEAT frames_total=70 recent_rate_hz=1.155 last_frame_age_s=0.847 status=OK
[color_detector-27] [INFO] [1789488386.269701826] [robot_1.target_detector]: RGB HEARTBEAT frames_total=70 recent_rate_hz=1.155 last_frame_age_s=0.799 status=OK
[balanced_delivery_supervisor-22] [INFO] [1789488386.286498599] [robot_2.robot_supervisor]: Selected controllable event: EV_approach_zone
[balanced_delivery_supervisor-24] [INFO] [1789488386.478418819] [robot_0.robot_supervisor]: Triggered uncontrollable event: EV_zone_a_not_visible
[balanced_delivery_supervisor-24] [INFO] [1789488386.479318815] [robot_0.robot_supervisor]: Triggered uncontrollable event: EV_zone_b_reached
[balanced_delivery_supervisor-24] [INFO] [1789488386.496879197] [robot_0.robot_supervisor]: Selected controllable event: EV_move_forward
[balanced_delivery_supervisor-22] [INFO] [1789488386.555814572] [robot_2.robot_supervisor]: Triggered uncontrollable event: EV_zone_a_visible
[balanced_delivery_supervisor-22] [INFO] [1789488386.556679055] [robot_2.robot_supervisor]: Triggered uncontrollable event: EV_zone_b_visible
[balanced_delivery_supervisor-22] [INFO] [1789488386.575720401] [robot_2.robot_supervisor]: Selected controllable event: EV_approach_zone
[balanced_delivery_supervisor-24] [INFO] [1789488386.779337635] [robot_0.robot_supervisor]: Triggered uncontrollable event: EV_zone_a_not_visible
[balanced_delivery_supervisor-24] [INFO] [1789488386.785766806] [robot_0.robot_supervisor]: Triggered uncontrollable event: EV_zone_b_reached
[balanced_delivery_supervisor-24] [INFO] [1789488386.792308871] [robot_0.robot_supervisor]: Selected controllable event: EV_move_forward
[balanced_delivery_supervisor-22] [INFO] [1789488386.866473408] [robot_2.robot_supervisor]: Selected controllable event: EV_approach_zone
[balanced_delivery_supervisor-24] [INFO] [1789488387.078078335] [robot_0.robot_supervisor]: Selected controllable event: EV_move_forward
[balanced_delivery_supervisor-22] [INFO] [1789488387.173287909] [robot_2.robot_supervisor]: Selected controllable event: EV_move_forward
[balanced_delivery_supervisor-24] [INFO] [1789488387.281983600] [robot_0.robot_supervisor]: Selected controllable event: EV_move_forward
[balanced_delivery_supervisor-22] [INFO] [1789488387.467336495] [robot_2.robot_supervisor]: Triggered uncontrollable event: EV_zone_a_visible
[balanced_delivery_supervisor-22] [INFO] [1789488387.468027031] [robot_2.robot_supervisor]: Triggered uncontrollable event: EV_zone_b_visible
[balanced_delivery_supervisor-22] [INFO] [1789488387.480931859] [robot_2.robot_supervisor]: Selected controllable event: EV_move_forward
[balanced_delivery_supervisor-24] [INFO] [1789488387.489125691] [robot_0.robot_supervisor]: Selected controllable event: EV_move_forward
[balanced_delivery_supervisor-20] [INFO] [1789488387.645804173] [robot_1.robot_supervisor]: FULL ROTATE completed by timeout
[balanced_delivery_supervisor-22] [INFO] [1789488387.764588396] [robot_2.robot_supervisor]: Selected controllable event: EV_approach_zone
[balanced_delivery_supervisor-24] [INFO] [1789488387.779538628] [robot_0.robot_supervisor]: Triggered uncontrollable event: EV_zone_a_not_visible
[balanced_delivery_supervisor-24] [INFO] [1789488387.780365666] [robot_0.robot_supervisor]: Triggered uncontrollable event: EV_zone_b_reached
[balanced_delivery_supervisor-24] [INFO] [1789488387.802448952] [robot_0.robot_supervisor]: Selected controllable event: EV_search_zone
[balanced_delivery_supervisor-20] [INFO] [1789488387.960398421] [robot_1.robot_supervisor]: Triggered uncontrollable event: EV_zone_a_visible
[balanced_delivery_supervisor-20] [INFO] [1789488387.961134580] [robot_1.robot_supervisor]: Triggered uncontrollable event: EV_obstacle_right
[balanced_delivery_supervisor-20] [INFO] [1789488387.961891886] [robot_1.robot_supervisor]: Triggered uncontrollable event: EV_zone_b_not_visible
[balanced_delivery_supervisor-20] [INFO] [1789488387.962738508] [robot_1.robot_supervisor]: Selected controllable event: EV_u_turn
[balanced_delivery_supervisor-24] [INFO] [1789488387.969068173] [robot_0.robot_supervisor]: Selected controllable event: EV_move_forward
[balanced_delivery_supervisor-22] [INFO] [1789488388.050578298] [robot_2.robot_supervisor]: Selected controllable event: EV_approach_zone
[balanced_delivery_supervisor-20] [INFO] [1789488388.058736788] [robot_1.robot_supervisor]: Triggered uncontrollable event: EV_obstacle_right
[balanced_delivery_supervisor-20] [INFO] [1789488388.059597373] [robot_1.robot_supervisor]: Selected controllable event: EV_u_turn
[balanced_delivery_supervisor-20] [INFO] [1789488388.157117694] [robot_1.robot_supervisor]: Triggered uncontrollable event: EV_obstacle_right
[balanced_delivery_supervisor-20] [INFO] [1789488388.158111278] [robot_1.robot_supervisor]: Selected controllable event: EV_u_turn
[balanced_delivery_supervisor-24] [INFO] [1789488388.198388100] [robot_0.robot_supervisor]: Selected controllable event: EV_move_forward
[balanced_delivery_supervisor-20] [INFO] [1789488388.272687012] [robot_1.robot_supervisor]: Triggered uncontrollable event: EV_obstacle_right
[balanced_delivery_supervisor-20] [INFO] [1789488388.273637562] [robot_1.robot_supervisor]: Selected controllable event: EV_u_turn
[balanced_delivery_supervisor-22] [INFO] [1789488388.280808378] [robot_2.robot_supervisor]: Triggered uncontrollable event: EV_zone_a_visible
[balanced_delivery_supervisor-22] [INFO] [1789488388.281848312] [robot_2.robot_supervisor]: Selected controllable event: EV_move_forward
[balanced_delivery_supervisor-20] [INFO] [1789488388.340305180] [robot_1.robot_supervisor]: Triggered uncontrollable event: EV_zone_a_visible
[balanced_delivery_supervisor-20] [INFO] [1789488388.366377033] [robot_1.robot_supervisor]: Triggered uncontrollable event: EV_obstacle_right
[balanced_delivery_supervisor-20] [INFO] [1789488388.372355996] [robot_1.robot_supervisor]: Selected controllable event: EV_u_turn
[balanced_delivery_supervisor-20] [INFO] [1789488388.442356916] [robot_1.robot_supervisor]: Triggered uncontrollable event: EV_obstacle_right
[balanced_delivery_supervisor-20] [INFO] [1789488388.448798282] [robot_1.robot_supervisor]: Triggered uncontrollable event: EV_zone_b_not_visible
[balanced_delivery_supervisor-20] [INFO] [1789488388.462722920] [robot_1.robot_supervisor]: Selected controllable event: EV_rotate_counterclockwise
[balanced_delivery_supervisor-20] [WARN] [1789488388.467969823] [robot_1.robot_supervisor]: no translation for 4.8s livelock detected; starting atomic escape (turn_sign=+1)
[balanced_delivery_supervisor-24] [INFO] [1789488388.467067995] [robot_0.robot_supervisor]: Triggered uncontrollable event: EV_zone_a_not_visible
[balanced_delivery_supervisor-24] [INFO] [1789488388.481725264] [robot_0.robot_supervisor]: Selected controllable event: EV_search_zone
[balanced_delivery_supervisor-22] [INFO] [1789488388.560378539] [robot_2.robot_supervisor]: Triggered uncontrollable event: EV_zone_b_visible
[balanced_delivery_supervisor-22] [INFO] [1789488388.561416284] [robot_2.robot_supervisor]: Selected controllable event: EV_approach_zone
[balanced_delivery_supervisor-24] [INFO] [1789488388.597686927] [robot_0.robot_supervisor]: Triggered uncontrollable event: EV_zone_b_reached
[balanced_delivery_supervisor-24] [INFO] [1789488388.598723731] [robot_0.robot_supervisor]: Selected controllable event: EV_search_zone
[balanced_delivery_supervisor-24] [INFO] [1789488388.769235855] [robot_0.robot_supervisor]: Selected controllable event: EV_move_forward
[balanced_delivery_supervisor-22] [INFO] [1789488388.866606168] [robot_2.robot_supervisor]: Selected controllable event: EV_move_forward
[balanced_delivery_supervisor-24] [INFO] [1789488388.984878307] [robot_0.robot_supervisor]: Selected controllable event: EV_search_zone
[balanced_delivery_supervisor-22] [INFO] [1789488389.155168371] [robot_2.robot_supervisor]: Selected controllable event: EV_approach_zone
[balanced_delivery_supervisor-24] [INFO] [1789488389.163707390] [robot_0.robot_supervisor]: Selected controllable event: EV_move_forward
[balanced_delivery_supervisor-24] [INFO] [1789488389.372982380] [robot_0.robot_supervisor]: Triggered uncontrollable event: EV_zone_a_not_visible
[balanced_delivery_supervisor-24] [INFO] [1789488389.384647450] [robot_0.robot_supervisor]: Selected controllable event: EV_search_zone
[balanced_delivery_supervisor-22] [INFO] [1789488389.478964363] [robot_2.robot_supervisor]: Triggered uncontrollable event: EV_zone_a_visible
[balanced_delivery_supervisor-22] [INFO] [1789488389.479777957] [robot_2.robot_supervisor]: Triggered uncontrollable event: EV_zone_b_visible
[balanced_delivery_supervisor-22] [INFO] [1789488389.495833998] [robot_2.robot_supervisor]: Selected controllable event: EV_move_forward
[balanced_delivery_supervisor-24] [INFO] [1789488389.579210319] [robot_0.robot_supervisor]: Triggered uncontrollable event: EV_zone_b_reached
[balanced_delivery_supervisor-24] [INFO] [1789488389.582119522] [robot_0.robot_supervisor]: Selected controllable event: EV_move_forward
[balanced_delivery_supervisor-22] [INFO] [1789488389.759012525] [robot_2.robot_supervisor]: Selected controllable event: EV_approach_zone
[balanced_delivery_supervisor-24] [INFO] [1789488389.789745295] [robot_0.robot_supervisor]: Selected controllable event: EV_move_forward
[balanced_delivery_supervisor-22] [INFO] [1789488390.046863075] [robot_2.robot_supervisor]: Triggered uncontrollable event: EV_zone_a_visible
[balanced_delivery_supervisor-22] [INFO] [1789488390.047598333] [robot_2.robot_supervisor]: Triggered uncontrollable event: EV_zone_b_visible
[balanced_delivery_supervisor-22] [INFO] [1789488390.063922411] [robot_2.robot_supervisor]: Selected controllable event: EV_approach_zone
[balanced_delivery_supervisor-24] [INFO] [1789488390.078875025] [robot_0.robot_supervisor]: Triggered uncontrollable event: EV_zone_a_not_visible
[balanced_delivery_supervisor-24] [INFO] [1789488390.084713562] [robot_0.robot_supervisor]: Selected controllable event: EV_search_zone
[balanced_delivery_supervisor-24] [INFO] [1789488390.279983036] [robot_0.robot_supervisor]: Triggered uncontrollable event: EV_zone_b_reached
[balanced_delivery_supervisor-24] [INFO] [1789488390.290083310] [robot_0.robot_supervisor]: Selected controllable event: EV_move_forward
[balanced_delivery_supervisor-22] [INFO] [1789488390.351956475] [robot_2.robot_supervisor]: Selected controllable event: EV_approach_zone
[balanced_delivery_supervisor-22] [INFO] [1789488390.566227034] [robot_2.robot_supervisor]: Selected controllable event: EV_approach_zone
[balanced_delivery_supervisor-24] [INFO] [1789488390.597348016] [robot_0.robot_supervisor]: Selected controllable event: EV_search_zone
[balanced_delivery_supervisor-24] [INFO] [1789488390.826113935] [robot_0.robot_supervisor]: Selected controllable event: EV_move_forward
[balanced_delivery_supervisor-22] [INFO] [1789488390.861678657] [robot_2.robot_supervisor]: Selected controllable event: EV_approach_zone
[balanced_delivery_supervisor-20] [INFO] [1789488391.043908599] [robot_1.robot_supervisor]: Zone-livelock escape completed
[balanced_delivery_supervisor-24] [INFO] [1789488391.093624632] [robot_0.robot_supervisor]: Triggered uncontrollable event: EV_zone_a_not_visible
[balanced_delivery_supervisor-24] [INFO] [1789488391.102295440] [robot_0.robot_supervisor]: Selected controllable event: EV_move_forward
[balanced_delivery_supervisor-22] [INFO] [1789488391.165533330] [robot_2.robot_supervisor]: Triggered uncontrollable event: EV_zone_a_visible
[balanced_delivery_supervisor-22] [INFO] [1789488391.166433552] [robot_2.robot_supervisor]: Triggered uncontrollable event: EV_zone_b_visible
[balanced_delivery_supervisor-22] [INFO] [1789488391.183881272] [robot_2.robot_supervisor]: Selected controllable event: EV_move_forward
[balanced_delivery_supervisor-20] [INFO] [1789488391.242185554] [robot_1.robot_supervisor]: Triggered uncontrollable event: EV_zone_a_not_visible
[balanced_delivery_supervisor-20] [INFO] [1789488391.246402099] [robot_1.robot_supervisor]: Triggered uncontrollable event: EV_zone_b_reached
[balanced_delivery_supervisor-20] [INFO] [1789488391.259865826] [robot_1.robot_supervisor]: Selected controllable event: EV_search_zone
[balanced_delivery_supervisor-24] [INFO] [1789488391.413221077] [robot_0.robot_supervisor]: Triggered uncontrollable event: EV_zone_b_reached
[balanced_delivery_supervisor-24] [INFO] [1789488391.421629006] [robot_0.robot_supervisor]: Selected controllable event: EV_move_forward
[balanced_delivery_supervisor-20] [INFO] [1789488391.465037142] [robot_1.robot_supervisor]: Selected controllable event: EV_move_forward
[balanced_delivery_supervisor-22] [INFO] [1789488391.480754269] [robot_2.robot_supervisor]: Selected controllable event: EV_approach_zone
[balanced_delivery_supervisor-24] [INFO] [1789488391.705830403] [robot_0.robot_supervisor]: Selected controllable event: EV_search_zone
[balanced_delivery_supervisor-20] [INFO] [1789488391.755150176] [robot_1.robot_supervisor]: Selected controllable event: EV_move_forward
[balanced_delivery_supervisor-22] [INFO] [1789488391.763301630] [robot_2.robot_supervisor]: Selected controllable event: EV_move_forward
[balanced_delivery_supervisor-24] [INFO] [1789488391.906230727] [robot_0.robot_supervisor]: Selected controllable event: EV_move_forward
[balanced_delivery_supervisor-22] [INFO] [1789488391.966626041] [robot_2.robot_supervisor]: Triggered uncontrollable event: EV_zone_a_visible
[balanced_delivery_supervisor-22] [INFO] [1789488391.967742089] [robot_2.robot_supervisor]: Selected controllable event: EV_move_forward
[balanced_delivery_supervisor-20] [INFO] [1789488392.058596051] [robot_1.robot_supervisor]: Triggered uncontrollable event: EV_zone_a_not_visible
[balanced_delivery_supervisor-20] [INFO] [1789488392.059446404] [robot_1.robot_supervisor]: Triggered uncontrollable event: EV_zone_b_reached
[balanced_delivery_supervisor-20] [INFO] [1789488392.086592595] [robot_1.robot_supervisor]: Selected controllable event: EV_search_zone
[balanced_delivery_supervisor-24] [INFO] [1789488392.187685879] [robot_0.robot_supervisor]: Triggered uncontrollable event: EV_zone_a_not_visible
[balanced_delivery_supervisor-24] [INFO] [1789488392.188840473] [robot_0.robot_supervisor]: Selected controllable event: EV_move_forward
[balanced_delivery_supervisor-20] [INFO] [1789488392.240176943] [robot_1.robot_supervisor]: Selected controllable event: EV_search_zone
[balanced_delivery_supervisor-22] [INFO] [1789488392.248553831] [robot_2.robot_supervisor]: Triggered uncontrollable event: EV_zone_b_visible
[balanced_delivery_supervisor-22] [INFO] [1789488392.264112103] [robot_2.robot_supervisor]: Selected controllable event: EV_approach_zone
[balanced_delivery_supervisor-20] [INFO] [1789488392.349663255] [robot_1.robot_supervisor]: Selected controllable event: EV_search_zone
[balanced_delivery_supervisor-22] [INFO] [1789488392.477222337] [robot_2.robot_supervisor]: Selected controllable event: EV_approach_zone
[balanced_delivery_supervisor-24] [INFO] [1789488392.499629601] [robot_0.robot_supervisor]: Triggered uncontrollable event: EV_zone_b_not_visible
[balanced_delivery_supervisor-24] [INFO] [1789488392.500587080] [robot_0.robot_supervisor]: Selected controllable event: EV_search_zone
[balanced_delivery_supervisor-20] [INFO] [1789488392.553983462] [robot_1.robot_supervisor]: Selected controllable event: EV_search_zone
[balanced_delivery_supervisor-20] [INFO] [1789488392.660977300] [robot_1.robot_supervisor]: Selected controllable event: EV_search_zone
[balanced_delivery_supervisor-24] [INFO] [1789488392.692256530] [robot_0.robot_supervisor]: Selected controllable event: EV_search_zone
[balanced_delivery_supervisor-22] [INFO] [1789488392.749257211] [robot_2.robot_supervisor]: Selected controllable event: EV_approach_zone
[balanced_delivery_supervisor-24] [INFO] [1789488392.796326016] [robot_0.robot_supervisor]: Selected controllable event: EV_move_forward
[balanced_delivery_supervisor-20] [INFO] [1789488392.857919663] [robot_1.robot_supervisor]: Selected controllable event: EV_search_zone
[balanced_delivery_supervisor-22] [INFO] [1789488392.967079560] [robot_2.robot_supervisor]: Triggered uncontrollable event: EV_zone_a_visible
[balanced_delivery_supervisor-22] [INFO] [1789488392.970111131] [robot_2.robot_supervisor]: Triggered uncontrollable event: EV_zone_b_visible
[balanced_delivery_supervisor-22] [INFO] [1789488392.984125161] [robot_2.robot_supervisor]: Selected controllable event: EV_approach_zone
[balanced_delivery_supervisor-20] [INFO] [1789488393.052396636] [robot_1.robot_supervisor]: Triggered uncontrollable event: EV_zone_a_not_visible
[balanced_delivery_supervisor-20] [INFO] [1789488393.063161368] [robot_1.robot_supervisor]: Triggered uncontrollable event: EV_zone_b_reached
[balanced_delivery_supervisor-20] [INFO] [1789488393.072761272] [robot_1.robot_supervisor]: Selected controllable event: EV_move_forward
[balanced_delivery_supervisor-24] [INFO] [1789488393.081242538] [robot_0.robot_supervisor]: Triggered uncontrollable event: EV_zone_a_not_visible
[balanced_delivery_supervisor-24] [INFO] [1789488393.088954958] [robot_0.robot_supervisor]: Triggered uncontrollable event: EV_zone_b_not_visible
[balanced_delivery_supervisor-24] [INFO] [1789488393.089984823] [robot_0.robot_supervisor]: Selected controllable event: EV_search_zone
[balanced_delivery_supervisor-22] [INFO] [1789488393.255244207] [robot_2.robot_supervisor]: Selected controllable event: EV_approach_zone
[balanced_delivery_supervisor-24] [INFO] [1789488393.287948903] [robot_0.robot_supervisor]: Selected controllable event: EV_move_forward
[balanced_delivery_supervisor-20] [INFO] [1789488393.373732639] [robot_1.robot_supervisor]: Selected controllable event: EV_search_zone
[balanced_delivery_supervisor-22] [INFO] [1789488393.483607412] [robot_2.robot_supervisor]: Selected controllable event: EV_approach_zone
[balanced_delivery_supervisor-20] [INFO] [1789488393.577505925] [robot_1.robot_supervisor]: Selected controllable event: EV_search_zone
[balanced_delivery_supervisor-24] [INFO] [1789488393.582522623] [robot_0.robot_supervisor]: Selected controllable event: EV_move_forward
[balanced_delivery_supervisor-20] [INFO] [1789488393.704691075] [robot_1.robot_supervisor]: Selected controllable event: EV_search_zone
[balanced_delivery_supervisor-22] [INFO] [1789488393.765643860] [robot_2.robot_supervisor]: Selected controllable event: EV_move_forward
[balanced_delivery_supervisor-24] [INFO] [1789488393.795680933] [robot_0.robot_supervisor]: Selected controllable event: EV_move_forward
[balanced_delivery_supervisor-20] [INFO] [1789488393.871658773] [robot_1.robot_supervisor]: Triggered uncontrollable event: EV_zone_a_not_visible
[balanced_delivery_supervisor-20] [INFO] [1789488393.880662465] [robot_1.robot_supervisor]: Triggered uncontrollable event: EV_zone_b_reached
[balanced_delivery_supervisor-20] [INFO] [1789488393.888070692] [robot_1.robot_supervisor]: Selected controllable event: EV_move_forward
[balanced_delivery_supervisor-22] [INFO] [1789488394.072355714] [robot_2.robot_supervisor]: Triggered uncontrollable event: EV_zone_a_visible
[balanced_delivery_supervisor-22] [INFO] [1789488394.080340785] [robot_2.robot_supervisor]: Triggered uncontrollable event: EV_zone_b_visible
[balanced_delivery_supervisor-22] [INFO] [1789488394.087896802] [robot_2.robot_supervisor]: Selected controllable event: EV_approach_zone
[balanced_delivery_supervisor-24] [INFO] [1789488394.098121528] [robot_0.robot_supervisor]: Triggered uncontrollable event: EV_zone_a_not_visible
[balanced_delivery_supervisor-24] [INFO] [1789488394.112219052] [robot_0.robot_supervisor]: Triggered uncontrollable event: EV_zone_b_not_visible
[balanced_delivery_supervisor-24] [INFO] [1789488394.122739697] [robot_0.robot_supervisor]: Selected controllable event: EV_search_zone
[balanced_delivery_supervisor-20] [INFO] [1789488394.170896346] [robot_1.robot_supervisor]: Selected controllable event: EV_search_zone
[balanced_delivery_supervisor-24] [INFO] [1789488394.277475486] [robot_0.robot_supervisor]: Selected controllable event: EV_search_zone
[balanced_delivery_supervisor-20] [INFO] [1789488394.371590539] [robot_1.robot_supervisor]: Selected controllable event: EV_search_zone
[balanced_delivery_supervisor-22] [INFO] [1789488394.382547997] [robot_2.robot_supervisor]: Selected controllable event: EV_approach_zone
[balanced_delivery_supervisor-24] [INFO] [1789488394.411386953] [robot_0.robot_supervisor]: Selected controllable event: EV_move_forward
[balanced_delivery_supervisor-20] [INFO] [1789488394.575584422] [robot_1.robot_supervisor]: Selected controllable event: EV_search_zone
[balanced_delivery_supervisor-22] [INFO] [1789488394.689042993] [robot_2.robot_supervisor]: Selected controllable event: EV_approach_zone
[balanced_delivery_supervisor-24] [INFO] [1789488394.695013044] [robot_0.robot_supervisor]: Selected controllable event: EV_search_zone
[balanced_delivery_supervisor-20] [INFO] [1789488394.775526580] [robot_1.robot_supervisor]: Triggered uncontrollable event: EV_zone_a_not_visible
[balanced_delivery_supervisor-20] [INFO] [1789488394.776690253] [robot_1.robot_supervisor]: Selected controllable event: EV_search_zone
[balanced_delivery_supervisor-24] [INFO] [1789488394.890100706] [robot_0.robot_supervisor]: Triggered uncontrollable event: EV_zone_a_not_visible
[balanced_delivery_supervisor-24] [INFO] [1789488394.895161135] [robot_0.robot_supervisor]: Triggered uncontrollable event: EV_zone_b_not_visible
[balanced_delivery_supervisor-24] [INFO] [1789488394.914268831] [robot_0.robot_supervisor]: Selected controllable event: EV_move_forward
[balanced_delivery_supervisor-20] [INFO] [1789488394.940623679] [robot_1.robot_supervisor]: Triggered uncontrollable event: EV_zone_b_reached
[balanced_delivery_supervisor-20] [INFO] [1789488394.941553330] [robot_1.robot_supervisor]: Selected controllable event: EV_move_forward
[balanced_delivery_supervisor-22] [INFO] [1789488394.976510310] [robot_2.robot_supervisor]: Triggered uncontrollable event: EV_zone_a_visible
[balanced_delivery_supervisor-22] [INFO] [1789488394.994558654] [robot_2.robot_supervisor]: Triggered uncontrollable event: EV_zone_b_visible
[balanced_delivery_supervisor-22] [INFO] [1789488394.995625214] [robot_2.robot_supervisor]: Selected controllable event: EV_move_forward
[balanced_delivery_supervisor-20] [INFO] [1789488395.149720286] [robot_1.robot_supervisor]: Selected controllable event: EV_move_forward
[balanced_delivery_supervisor-24] [INFO] [1789488395.202011728] [robot_0.robot_supervisor]: Selected controllable event: EV_move_forward
[balanced_delivery_supervisor-22] [INFO] [1789488395.268028458] [robot_2.robot_supervisor]: Selected controllable event: EV_move_forward
[balanced_delivery_supervisor-20] [INFO] [1789488395.357799776] [robot_1.robot_supervisor]: Selected controllable event: EV_move_forward
[balanced_delivery_supervisor-24] [INFO] [1789488395.477169953] [robot_0.robot_supervisor]: Selected controllable event: EV_search_zone
[color_detector-31] [INFO] [1789488395.516941122] [robot_0.target_detector]: RGB HEARTBEAT frames_total=80 recent_rate_hz=1.075 last_frame_age_s=0.808 status=OK
[color_detector-29] [INFO] [1789488395.522281967] [robot_2.target_detector]: RGB HEARTBEAT frames_total=80 recent_rate_hz=1.078 last_frame_age_s=0.903 status=OK
[color_detector-27] [INFO] [1789488395.524118202] [robot_1.target_detector]: RGB HEARTBEAT frames_total=80 recent_rate_hz=1.081 last_frame_age_s=0.852 status=OK
[balanced_delivery_supervisor-22] [INFO] [1789488395.557467774] [robot_2.robot_supervisor]: Selected controllable event: EV_move_forward
[balanced_delivery_supervisor-20] [INFO] [1789488395.586265645] [robot_1.robot_supervisor]: Selected controllable event: EV_move_forward
[balanced_delivery_supervisor-24] [INFO] [1789488395.593534631] [robot_0.robot_supervisor]: Selected controllable event: EV_move_forward
[balanced_delivery_supervisor-20] [INFO] [1789488395.855628643] [robot_1.robot_supervisor]: Triggered uncontrollable event: EV_zone_a_not_visible
[balanced_delivery_supervisor-20] [INFO] [1789488395.856437063] [robot_1.robot_supervisor]: Triggered uncontrollable event: EV_obstacle_right
[balanced_delivery_supervisor-20] [INFO] [1789488395.867291140] [robot_1.robot_supervisor]: Triggered uncontrollable event: EV_zone_b_reached
[balanced_delivery_supervisor-20] [INFO] [1789488395.876911282] [robot_1.robot_supervisor]: Selected controllable event: EV_rotate_counterclockwise
[balanced_delivery_supervisor-24] [INFO] [1789488395.881531306] [robot_0.robot_supervisor]: Triggered uncontrollable event: EV_zone_a_not_visible
[balanced_delivery_supervisor-24] [INFO] [1789488395.882354905] [robot_0.robot_supervisor]: Triggered uncontrollable event: EV_zone_b_not_visible
[balanced_delivery_supervisor-22] [INFO] [1789488395.895111031] [robot_2.robot_supervisor]: Triggered uncontrollable event: EV_zone_a_visible
[balanced_delivery_supervisor-22] [INFO] [1789488395.895953232] [robot_2.robot_supervisor]: Triggered uncontrollable event: EV_zone_b_visible
[balanced_delivery_supervisor-22] [INFO] [1789488395.896873884] [robot_2.robot_supervisor]: Selected controllable event: EV_move_forward
[balanced_delivery_supervisor-24] [INFO] [1789488395.903785913] [robot_0.robot_supervisor]: Selected controllable event: EV_move_forward
[balanced_delivery_supervisor-20] [INFO] [1789488396.053639159] [robot_1.robot_supervisor]: Triggered uncontrollable event: EV_obstacle_right
[balanced_delivery_supervisor-20] [INFO] [1789488396.059534812] [robot_1.robot_supervisor]: Selected controllable event: EV_u_turn
[balanced_delivery_supervisor-20] [INFO] [1789488396.067667327] [robot_1.robot_supervisor]: Starting FULL ROTATE (omega=1.000, have_odom=True, target_rad=3.142, timeout_s=3.500)
[balanced_delivery_supervisor-22] [INFO] [1789488396.161970400] [robot_2.robot_supervisor]: Selected controllable event: EV_approach_zone
[balanced_delivery_supervisor-24] [INFO] [1789488396.168557827] [robot_0.robot_supervisor]: Selected controllable event: EV_search_zone
[balanced_delivery_supervisor-24] [INFO] [1789488396.281944512] [robot_0.robot_supervisor]: Selected controllable event: EV_move_forward
[balanced_delivery_supervisor-22] [INFO] [1789488396.478441615] [robot_2.robot_supervisor]: Selected controllable event: EV_approach_zone
[balanced_delivery_supervisor-24] [INFO] [1789488396.627257590] [robot_0.robot_supervisor]: Selected controllable event: EV_move_forward
[balanced_delivery_supervisor-22] [INFO] [1789488396.710155566] [robot_2.robot_supervisor]: Selected controllable event: EV_move_forward
[balanced_delivery_supervisor-24] [INFO] [1789488396.875133811] [robot_0.robot_supervisor]: Triggered uncontrollable event: EV_zone_a_not_visible
[balanced_delivery_supervisor-24] [INFO] [1789488396.880740184] [robot_0.robot_supervisor]: Selected controllable event: EV_move_forward
[balanced_delivery_supervisor-22] [INFO] [1789488396.938131908] [robot_2.robot_supervisor]: Triggered uncontrollable event: EV_zone_a_visible
[balanced_delivery_supervisor-22] [INFO] [1789488396.960381179] [robot_2.robot_supervisor]: Triggered uncontrollable event: EV_zone_b_visible
[balanced_delivery_supervisor-22] [INFO] [1789488396.961583542] [robot_2.robot_supervisor]: Selected controllable event: EV_approach_zone
[balanced_delivery_supervisor-22] [INFO] [1789488397.169297439] [robot_2.robot_supervisor]: Selected controllable event: EV_move_forward
[balanced_delivery_supervisor-24] [INFO] [1789488397.199400010] [robot_0.robot_supervisor]: Triggered uncontrollable event: EV_zone_b_not_visible
[balanced_delivery_supervisor-24] [INFO] [1789488397.213287478] [robot_0.robot_supervisor]: Selected controllable event: EV_move_forward
[balanced_delivery_supervisor-22] [INFO] [1789488397.465246089] [robot_2.robot_supervisor]: Selected controllable event: EV_move_forward
[balanced_delivery_supervisor-24] [INFO] [1789488397.503886879] [robot_0.robot_supervisor]: Selected controllable event: EV_search_zone
[balanced_delivery_supervisor-24] [INFO] [1789488397.697335715] [robot_0.robot_supervisor]: Selected controllable event: EV_move_forward
[balanced_delivery_supervisor-22] [INFO] [1789488397.778535887] [robot_2.robot_supervisor]: Selected controllable event: EV_move_forward
[balanced_delivery_supervisor-24] [INFO] [1789488397.904818969] [robot_0.robot_supervisor]: Triggered uncontrollable event: EV_zone_a_not_visible
[balanced_delivery_supervisor-24] [INFO] [1789488397.905959973] [robot_0.robot_supervisor]: Selected controllable event: EV_move_forward
[balanced_delivery_supervisor-22] [INFO] [1789488398.077940210] [robot_2.robot_supervisor]: Triggered uncontrollable event: EV_zone_a_visible
[balanced_delivery_supervisor-22] [INFO] [1789488398.080098673] [robot_2.robot_supervisor]: Triggered uncontrollable event: EV_zone_b_visible
[balanced_delivery_supervisor-22] [INFO] [1789488398.099639194] [robot_2.robot_supervisor]: Selected controllable event: EV_move_forward
[balanced_delivery_supervisor-24] [INFO] [1789488398.199428307] [robot_0.robot_supervisor]: Triggered uncontrollable event: EV_zone_b_not_visible
[balanced_delivery_supervisor-24] [INFO] [1789488398.202739626] [robot_0.robot_supervisor]: Selected controllable event: EV_move_forward
[balanced_delivery_supervisor-22] [INFO] [1789488398.386082089] [robot_2.robot_supervisor]: Selected controllable event: EV_move_forward
[balanced_delivery_supervisor-24] [INFO] [1789488398.485252555] [robot_0.robot_supervisor]: Selected controllable event: EV_search_zone
[balanced_delivery_supervisor-24] [INFO] [1789488398.593042924] [robot_0.robot_supervisor]: Selected controllable event: EV_move_forward
[balanced_delivery_supervisor-22] [INFO] [1789488398.681240803] [robot_2.robot_supervisor]: Selected controllable event: EV_approach_zone
[balanced_delivery_supervisor-24] [INFO] [1789488398.885339558] [robot_0.robot_supervisor]: Triggered uncontrollable event: EV_zone_a_not_visible
[balanced_delivery_supervisor-24] [INFO] [1789488398.902884162] [robot_0.robot_supervisor]: Triggered uncontrollable event: EV_zone_b_not_visible
[balanced_delivery_supervisor-24] [INFO] [1789488398.903891732] [robot_0.robot_supervisor]: Selected controllable event: EV_search_zone
[balanced_delivery_supervisor-22] [INFO] [1789488398.964549926] [robot_2.robot_supervisor]: Triggered uncontrollable event: EV_zone_a_visible
[balanced_delivery_supervisor-22] [INFO] [1789488398.966534707] [robot_2.robot_supervisor]: Triggered uncontrollable event: EV_zone_b_visible
[balanced_delivery_supervisor-22] [INFO] [1789488398.981152332] [robot_2.robot_supervisor]: Selected controllable event: EV_approach_zone
[balanced_delivery_supervisor-24] [INFO] [1789488399.072546477] [robot_0.robot_supervisor]: Selected controllable event: EV_move_forward
[balanced_delivery_supervisor-22] [INFO] [1789488399.278651533] [robot_2.robot_supervisor]: Selected controllable event: EV_approach_zone
[balanced_delivery_supervisor-24] [INFO] [1789488399.388890416] [robot_0.robot_supervisor]: Selected controllable event: EV_search_zone
[balanced_delivery_supervisor-20] [INFO] [1789488399.566835573] [robot_1.robot_supervisor]: FULL ROTATE completed by timeout
[balanced_delivery_supervisor-22] [INFO] [1789488399.582008361] [robot_2.robot_supervisor]: Triggered uncontrollable event: EV_zone_a_visible
[balanced_delivery_supervisor-22] [INFO] [1789488399.582961592] [robot_2.robot_supervisor]: Selected controllable event: EV_move_forward
[balanced_delivery_supervisor-24] [INFO] [1789488399.601253505] [robot_0.robot_supervisor]: Selected controllable event: EV_move_forward
[balanced_delivery_supervisor-20] [INFO] [1789488399.852264938] [robot_1.robot_supervisor]: Triggered uncontrollable event: EV_zone_a_not_visible
[balanced_delivery_supervisor-20] [INFO] [1789488399.853016698] [robot_1.robot_supervisor]: Triggered uncontrollable event: EV_zone_b_not_visible
[balanced_delivery_supervisor-22] [INFO] [1789488399.864830800] [robot_2.robot_supervisor]: Triggered uncontrollable event: EV_zone_b_visible
[balanced_delivery_supervisor-20] [INFO] [1789488399.870118261] [robot_1.robot_supervisor]: Selected controllable event: EV_move_forward
[balanced_delivery_supervisor-22] [INFO] [1789488399.877772723] [robot_2.robot_supervisor]: Selected controllable event: EV_approach_zone
[balanced_delivery_supervisor-24] [INFO] [1789488399.896454505] [robot_0.robot_supervisor]: Triggered uncontrollable event: EV_zone_a_not_visible
[balanced_delivery_supervisor-24] [INFO] [1789488399.904920322] [robot_0.robot_supervisor]: Triggered uncontrollable event: EV_zone_b_not_visible
[balanced_delivery_supervisor-24] [INFO] [1789488399.912383688] [robot_0.robot_supervisor]: Selected controllable event: EV_move_forward
[balanced_delivery_supervisor-20] [INFO] [1789488400.151620572] [robot_1.robot_supervisor]: Selected controllable event: EV_move_forward
[balanced_delivery_supervisor-22] [INFO] [1789488400.174214625] [robot_2.robot_supervisor]: Selected controllable event: EV_approach_zone
[balanced_delivery_supervisor-24] [INFO] [1789488400.206614343] [robot_0.robot_supervisor]: Selected controllable event: EV_move_forward
[balanced_delivery_supervisor-20] [INFO] [1789488400.372115344] [robot_1.robot_supervisor]: Selected controllable event: EV_search_zone
[balanced_delivery_supervisor-22] [INFO] [1789488400.477821216] [robot_2.robot_supervisor]: Triggered uncontrollable event: EV_zone_a_visible
[balanced_delivery_supervisor-22] [INFO] [1789488400.494462532] [robot_2.robot_supervisor]: Triggered uncontrollable event: EV_zone_b_visible
[balanced_delivery_supervisor-22] [INFO] [1789488400.495366687] [robot_2.robot_supervisor]: Selected controllable event: EV_move_forward
[balanced_delivery_supervisor-24] [INFO] [1789488400.494463961] [robot_0.robot_supervisor]: Selected controllable event: EV_search_zone
[balanced_delivery_supervisor-20] [INFO] [1789488400.557813354] [robot_1.robot_supervisor]: Triggered uncontrollable event: EV_zone_a_not_visible
[balanced_delivery_supervisor-20] [INFO] [1789488400.566318719] [robot_1.robot_supervisor]: Triggered uncontrollable event: EV_zone_b_not_visible
[balanced_delivery_supervisor-20] [INFO] [1789488400.569760582] [robot_1.robot_supervisor]: Selected controllable event: EV_search_zone
[balanced_delivery_supervisor-24] [INFO] [1789488400.675845886] [robot_0.robot_supervisor]: Triggered uncontrollable event: EV_zone_a_not_visible
[balanced_delivery_supervisor-24] [INFO] [1789488400.684329812] [robot_0.robot_supervisor]: Triggered uncontrollable event: EV_zone_b_not_visible
[balanced_delivery_supervisor-24] [INFO] [1789488400.689996829] [robot_0.robot_supervisor]: Selected controllable event: EV_search_zone
[balanced_delivery_supervisor-22] [INFO] [1789488400.763219596] [robot_2.robot_supervisor]: Selected controllable event: EV_approach_zone
[balanced_delivery_supervisor-20] [INFO] [1789488400.760840616] [robot_1.robot_supervisor]: Selected controllable event: EV_move_forward
[balanced_delivery_supervisor-24] [INFO] [1789488400.864944981] [robot_0.robot_supervisor]: Selected controllable event: EV_search_zone
[balanced_delivery_supervisor-22] [INFO] [1789488400.969625030] [robot_2.robot_supervisor]: Selected controllable event: EV_move_forward
[balanced_delivery_supervisor-24] [INFO] [1789488400.987620499] [robot_0.robot_supervisor]: Selected controllable event: EV_search_zone
[balanced_delivery_supervisor-20] [INFO] [1789488401.053178419] [robot_1.robot_supervisor]: Selected controllable event: EV_search_zone
[balanced_delivery_supervisor-24] [INFO] [1789488401.094538427] [robot_0.robot_supervisor]: Selected controllable event: EV_move_forward
[balanced_delivery_supervisor-20] [INFO] [1789488401.179288687] [robot_1.robot_supervisor]: Selected controllable event: EV_move_forward
[balanced_delivery_supervisor-22] [INFO] [1789488401.265327392] [robot_2.robot_supervisor]: Selected controllable event: EV_move_forward
[balanced_delivery_supervisor-24] [INFO] [1789488401.385862568] [robot_0.robot_supervisor]: Selected controllable event: EV_search_zone
[balanced_delivery_supervisor-20] [INFO] [1789488401.453946341] [robot_1.robot_supervisor]: Triggered uncontrollable event: EV_zone_a_not_visible
[balanced_delivery_supervisor-20] [INFO] [1789488401.459615081] [robot_1.robot_supervisor]: Triggered uncontrollable event: EV_zone_b_reached
[balanced_delivery_supervisor-20] [INFO] [1789488401.467996692] [robot_1.robot_supervisor]: Selected controllable event: EV_move_forward
[balanced_delivery_supervisor-22] [INFO] [1789488401.569475224] [robot_2.robot_supervisor]: Triggered uncontrollable event: EV_zone_a_visible
[balanced_delivery_supervisor-22] [INFO] [1789488401.576615013] [robot_2.robot_supervisor]: Triggered uncontrollable event: EV_zone_b_reached
[balanced_delivery_supervisor-22] [INFO] [1789488401.577548308] [robot_2.robot_supervisor]: Selected controllable event: EV_approach_zone
[balanced_delivery_supervisor-24] [INFO] [1789488401.581662591] [robot_0.robot_supervisor]: Triggered uncontrollable event: EV_zone_a_not_visible
[balanced_delivery_supervisor-24] [INFO] [1789488401.586107904] [robot_0.robot_supervisor]: Triggered uncontrollable event: EV_zone_b_not_visible
[balanced_delivery_supervisor-24] [INFO] [1789488401.589576098] [robot_0.robot_supervisor]: Selected controllable event: EV_search_zone
[balanced_delivery_supervisor-20] [INFO] [1789488401.743702142] [robot_1.robot_supervisor]: Selected controllable event: EV_search_zone
[balanced_delivery_supervisor-24] [INFO] [1789488401.820890150] [robot_0.robot_supervisor]: Selected controllable event: EV_search_zone
[balanced_delivery_supervisor-22] [INFO] [1789488401.869130995] [robot_2.robot_supervisor]: Selected controllable event: EV_move_forward
[balanced_delivery_supervisor-20] [INFO] [1789488401.877282004] [robot_1.robot_supervisor]: Selected controllable event: EV_move_forward
[balanced_delivery_supervisor-24] [INFO] [1789488401.973749240] [robot_0.robot_supervisor]: Selected controllable event: EV_search_zone
[balanced_delivery_supervisor-24] [INFO] [1789488402.108462046] [robot_0.robot_supervisor]: Selected controllable event: EV_move_forward
[balanced_delivery_supervisor-20] [INFO] [1789488402.156504607] [robot_1.robot_supervisor]: Selected controllable event: EV_search_zone
[balanced_delivery_supervisor-22] [INFO] [1789488402.172583551] [robot_2.robot_supervisor]: Triggered uncontrollable event: EV_obstacle_front
[balanced_delivery_supervisor-22] [INFO] [1789488402.201566579] [robot_2.robot_supervisor]: Selected controllable event: EV_move_backward
[balanced_delivery_supervisor-20] [INFO] [1789488402.360355633] [robot_1.robot_supervisor]: Triggered uncontrollable event: EV_zone_a_not_visible
[balanced_delivery_supervisor-20] [INFO] [1789488402.366021320] [robot_1.robot_supervisor]: Triggered uncontrollable event: EV_zone_b_reached
[balanced_delivery_supervisor-20] [INFO] [1789488402.377639482] [robot_1.robot_supervisor]: Selected controllable event: EV_move_forward
[balanced_delivery_supervisor-24] [INFO] [1789488402.390966630] [robot_0.robot_supervisor]: Triggered uncontrollable event: EV_zone_a_not_visible
[balanced_delivery_supervisor-24] [INFO] [1789488402.391691833] [robot_0.robot_supervisor]: Triggered uncontrollable event: EV_obstacle_right
[balanced_delivery_supervisor-24] [INFO] [1789488402.392451585] [robot_0.robot_supervisor]: Triggered uncontrollable event: EV_zone_b_not_visible
[balanced_delivery_supervisor-24] [INFO] [1789488402.410679407] [robot_0.robot_supervisor]: Selected controllable event: EV_rotate_counterclockwise
[balanced_delivery_supervisor-22] [INFO] [1789488402.451306253] [robot_2.robot_supervisor]: Triggered uncontrollable event: EV_zone_a_visible
[balanced_delivery_supervisor-22] [INFO] [1789488402.454628781] [robot_2.robot_supervisor]: Triggered uncontrollable event: EV_zone_b_reached
[balanced_delivery_supervisor-22] [INFO] [1789488402.455381132] [robot_2.robot_supervisor]: Triggered uncontrollable event: EV_obstacle_front
[balanced_delivery_supervisor-22] [INFO] [1789488402.466046126] [robot_2.robot_supervisor]: Selected controllable event: EV_move_backward
[balanced_delivery_supervisor-24] [INFO] [1789488402.597224849] [robot_0.robot_supervisor]: Triggered uncontrollable event: EV_obstacle_right
[balanced_delivery_supervisor-24] [INFO] [1789488402.616377405] [robot_0.robot_supervisor]: Selected controllable event: EV_rotate_counterclockwise
[balanced_delivery_supervisor-20] [INFO] [1789488402.654678283] [robot_1.robot_supervisor]: Selected controllable event: EV_move_forward
[balanced_delivery_supervisor-22] [INFO] [1789488402.767019718] [robot_2.robot_supervisor]: Triggered uncontrollable event: EV_obstacle_front
[balanced_delivery_supervisor-22] [INFO] [1789488402.768122454] [robot_2.robot_supervisor]: Selected controllable event: EV_u_turn
[balanced_delivery_supervisor-24] [INFO] [1789488402.782250846] [robot_0.robot_supervisor]: Triggered uncontrollable event: EV_obstacle_right
[balanced_delivery_supervisor-24] [INFO] [1789488402.783266626] [robot_0.robot_supervisor]: Selected controllable event: EV_rotate_counterclockwise
[balanced_delivery_supervisor-22] [INFO] [1789488402.783999801] [robot_2.robot_supervisor]: Starting FULL ROTATE (omega=1.000, have_odom=True, target_rad=3.142, timeout_s=3.500)
[balanced_delivery_supervisor-20] [INFO] [1789488402.964822988] [robot_1.robot_supervisor]: Selected controllable event: EV_move_forward
[balanced_delivery_supervisor-24] [INFO] [1789488402.974772512] [robot_0.robot_supervisor]: Triggered uncontrollable event: EV_obstacle_right
[balanced_delivery_supervisor-24] [INFO] [1789488402.987768862] [robot_0.robot_supervisor]: Selected controllable event: EV_u_turn
[balanced_delivery_supervisor-24] [INFO] [1789488402.988743219] [robot_0.robot_supervisor]: Starting FULL ROTATE (omega=1.000, have_odom=True, target_rad=3.142, timeout_s=3.500)
[balanced_delivery_supervisor-20] [INFO] [1789488403.237141635] [robot_1.robot_supervisor]: Triggered uncontrollable event: EV_zone_a_not_visible
[balanced_delivery_supervisor-20] [INFO] [1789488403.253043134] [robot_1.robot_supervisor]: Selected controllable event: EV_search_zone
[balanced_delivery_supervisor-20] [INFO] [1789488403.450108867] [robot_1.robot_supervisor]: Triggered uncontrollable event: EV_zone_b_reached
[balanced_delivery_supervisor-20] [INFO] [1789488403.459421690] [robot_1.robot_supervisor]: Selected controllable event: EV_move_forward
[balanced_delivery_supervisor-20] [INFO] [1789488403.764772266] [robot_1.robot_supervisor]: Selected controllable event: EV_move_forward
[balanced_delivery_supervisor-20] [INFO] [1789488404.074393278] [robot_1.robot_supervisor]: Selected controllable event: EV_move_forward
[balanced_delivery_supervisor-20] [INFO] [1789488404.350636187] [robot_1.robot_supervisor]: Triggered uncontrollable event: EV_zone_a_not_visible
[balanced_delivery_supervisor-20] [INFO] [1789488404.351399272] [robot_1.robot_supervisor]: Triggered uncontrollable event: EV_zone_b_reached
[balanced_delivery_supervisor-20] [INFO] [1789488404.368598378] [robot_1.robot_supervisor]: Selected controllable event: EV_search_zone
[balanced_delivery_supervisor-20] [INFO] [1789488404.559823957] [robot_1.robot_supervisor]: Selected controllable event: EV_move_forward
[color_detector-29] [INFO] [1789488404.854459538] [robot_2.target_detector]: RGB HEARTBEAT frames_total=90 recent_rate_hz=1.072 last_frame_age_s=0.745 status=OK
[color_detector-27] [INFO] [1789488404.877551533] [robot_1.target_detector]: RGB HEARTBEAT frames_total=90 recent_rate_hz=1.068 last_frame_age_s=0.642 status=OK
[color_detector-31] [INFO] [1789488404.880360303] [robot_0.target_detector]: RGB HEARTBEAT frames_total=90 recent_rate_hz=1.069 last_frame_age_s=0.613 status=OK
[balanced_delivery_supervisor-20] [INFO] [1789488404.882045135] [robot_1.robot_supervisor]: Selected controllable event: EV_search_zone
[balanced_delivery_supervisor-20] [INFO] [1789488405.061911310] [robot_1.robot_supervisor]: Triggered uncontrollable event: EV_zone_a_not_visible
[balanced_delivery_supervisor-20] [INFO] [1789488405.063003865] [robot_1.robot_supervisor]: Selected controllable event: EV_move_forward
[balanced_delivery_supervisor-20] [INFO] [1789488405.351554655] [robot_1.robot_supervisor]: Triggered uncontrollable event: EV_zone_b_reached
[balanced_delivery_supervisor-20] [INFO] [1789488405.352530454] [robot_1.robot_supervisor]: Selected controllable event: EV_search_zone
[balanced_delivery_supervisor-20] [INFO] [1789488405.577849852] [robot_1.robot_supervisor]: Selected controllable event: EV_move_forward
[balanced_delivery_supervisor-20] [INFO] [1789488405.835234803] [robot_1.robot_supervisor]: Selected controllable event: EV_move_forward
[balanced_delivery_supervisor-20] [INFO] [1789488406.049702175] [robot_1.robot_supervisor]: Selected controllable event: EV_search_zone
[balanced_delivery_supervisor-20] [INFO] [1789488406.151303394] [robot_1.robot_supervisor]: Selected controllable event: EV_move_forward
[balanced_delivery_supervisor-22] [INFO] [1789488406.269497866] [robot_2.robot_supervisor]: FULL ROTATE completed by timeout
[balanced_delivery_supervisor-20] [INFO] [1789488406.478261995] [robot_1.robot_supervisor]: Triggered uncontrollable event: EV_zone_a_not_visible
[balanced_delivery_supervisor-20] [INFO] [1789488406.483043310] [robot_1.robot_supervisor]: Triggered uncontrollable event: EV_zone_b_reached
[balanced_delivery_supervisor-20] [INFO] [1789488406.490653018] [robot_1.robot_supervisor]: Selected controllable event: EV_search_zone
[balanced_delivery_supervisor-22] [INFO] [1789488406.542091083] [robot_2.robot_supervisor]: Triggered uncontrollable event: EV_zone_a_visible
[balanced_delivery_supervisor-22] [INFO] [1789488406.553800918] [robot_2.robot_supervisor]: Triggered uncontrollable event: EV_zone_b_reached
[balanced_delivery_supervisor-22] [INFO] [1789488406.555022200] [robot_2.robot_supervisor]: Selected controllable event: EV_move_forward
[balanced_delivery_supervisor-24] [INFO] [1789488406.594549060] [robot_0.robot_supervisor]: FULL ROTATE completed by timeout
[balanced_delivery_supervisor-20] [INFO] [1789488406.670923572] [robot_1.robot_supervisor]: Selected controllable event: EV_move_forward
[balanced_delivery_supervisor-22] [INFO] [1789488406.871305905] [robot_2.robot_supervisor]: Selected controllable event: EV_move_forward
[balanced_delivery_supervisor-24] [INFO] [1789488406.889957331] [robot_0.robot_supervisor]: Triggered uncontrollable event: EV_zone_a_visible
[balanced_delivery_supervisor-24] [INFO] [1789488406.890785074] [robot_0.robot_supervisor]: Triggered uncontrollable event: EV_zone_b_not_visible
[balanced_delivery_supervisor-24] [INFO] [1789488406.916009074] [robot_0.robot_supervisor]: Selected controllable event: EV_move_forward
[balanced_delivery_supervisor-20] [INFO] [1789488406.948353273] [robot_1.robot_supervisor]: Selected controllable event: EV_search_zone
[balanced_delivery_supervisor-20] [INFO] [1789488407.072645359] [robot_1.robot_supervisor]: Selected controllable event: EV_search_zone
[balanced_delivery_supervisor-24] [INFO] [1789488407.164356201] [robot_0.robot_supervisor]: Selected controllable event: EV_approach_zone
[balanced_delivery_supervisor-22] [INFO] [1789488407.171990703] [robot_2.robot_supervisor]: Triggered uncontrollable event: EV_zone_a_visible
[balanced_delivery_supervisor-22] [INFO] [1789488407.172754602] [robot_2.robot_supervisor]: Triggered uncontrollable event: EV_zone_b_reached
[balanced_delivery_supervisor-22] [INFO] [1789488407.173834099] [robot_2.robot_supervisor]: Selected controllable event: EV_approach_zone
[balanced_delivery_supervisor-20] [INFO] [1789488407.263969713] [robot_1.robot_supervisor]: Triggered uncontrollable event: EV_zone_a_not_visible
[balanced_delivery_supervisor-20] [INFO] [1789488407.271905819] [robot_1.robot_supervisor]: Triggered uncontrollable event: EV_zone_b_reached
[balanced_delivery_supervisor-20] [INFO] [1789488407.287760033] [robot_1.robot_supervisor]: Selected controllable event: EV_search_zone
[balanced_delivery_supervisor-22] [INFO] [1789488407.379997442] [robot_2.robot_supervisor]: Selected controllable event: EV_approach_zone
[balanced_delivery_supervisor-24] [INFO] [1789488407.383120006] [robot_0.robot_supervisor]: Triggered uncontrollable event: EV_zone_a_visible
[balanced_delivery_supervisor-24] [INFO] [1789488407.383946757] [robot_0.robot_supervisor]: Triggered uncontrollable event: EV_zone_b_not_visible
[balanced_delivery_supervisor-24] [INFO] [1789488407.401997991] [robot_0.robot_supervisor]: Selected controllable event: EV_approach_zone
[balanced_delivery_supervisor-20] [INFO] [1789488407.439325579] [robot_1.robot_supervisor]: Selected controllable event: EV_search_zone
[balanced_delivery_supervisor-20] [INFO] [1789488407.556127921] [robot_1.robot_supervisor]: Selected controllable event: EV_move_forward
[balanced_delivery_supervisor-22] [INFO] [1789488407.661699341] [robot_2.robot_supervisor]: Selected controllable event: EV_approach_zone
[balanced_delivery_supervisor-24] [INFO] [1789488407.717246355] [robot_0.robot_supervisor]: Selected controllable event: EV_move_forward
[balanced_delivery_supervisor-20] [INFO] [1789488407.768207089] [robot_1.robot_supervisor]: Selected controllable event: EV_move_forward
[balanced_delivery_supervisor-22] [INFO] [1789488407.957728307] [robot_2.robot_supervisor]: Selected controllable event: EV_move_forward
[balanced_delivery_supervisor-24] [INFO] [1789488407.995868979] [robot_0.robot_supervisor]: Selected controllable event: EV_approach_zone
[balanced_delivery_supervisor-20] [INFO] [1789488408.067549305] [robot_1.robot_supervisor]: Selected controllable event: EV_search_zone
[balanced_delivery_supervisor-22] [INFO] [1789488408.171478852] [robot_2.robot_supervisor]: Triggered uncontrollable event: EV_zone_a_not_visible
[balanced_delivery_supervisor-22] [INFO] [1789488408.172365075] [robot_2.robot_supervisor]: Triggered uncontrollable event: EV_zone_b_reached
[balanced_delivery_supervisor-22] [INFO] [1789488408.173308179] [robot_2.robot_supervisor]: Selected controllable event: EV_search_zone
[balanced_delivery_supervisor-20] [INFO] [1789488408.254082320] [robot_1.robot_supervisor]: Triggered uncontrollable event: EV_zone_a_not_visible
[balanced_delivery_supervisor-20] [INFO] [1789488408.257295023] [robot_1.robot_supervisor]: Triggered uncontrollable event: EV_zone_b_reached
[balanced_delivery_supervisor-20] [INFO] [1789488408.262698693] [robot_1.robot_supervisor]: Selected controllable event: EV_search_zone
[balanced_delivery_supervisor-24] [INFO] [1789488408.287279189] [robot_0.robot_supervisor]: Triggered uncontrollable event: EV_zone_a_visible
[balanced_delivery_supervisor-24] [INFO] [1789488408.288114928] [robot_0.robot_supervisor]: Triggered uncontrollable event: EV_zone_b_visible
[balanced_delivery_supervisor-24] [INFO] [1789488408.305312695] [robot_0.robot_supervisor]: Selected controllable event: EV_move_forward
[balanced_delivery_supervisor-22] [INFO] [1789488408.360950824] [robot_2.robot_supervisor]: Selected controllable event: EV_search_zone
[balanced_delivery_supervisor-20] [INFO] [1789488408.445542415] [robot_1.robot_supervisor]: Selected controllable event: EV_search_zone
[balanced_delivery_supervisor-20] [INFO] [1789488408.556251916] [robot_1.robot_supervisor]: Selected controllable event: EV_move_forward
[balanced_delivery_supervisor-22] [INFO] [1789488408.566449447] [robot_2.robot_supervisor]: Selected controllable event: EV_move_forward
[balanced_delivery_supervisor-24] [INFO] [1789488408.605617070] [robot_0.robot_supervisor]: Selected controllable event: EV_approach_zone
[balanced_delivery_supervisor-20] [INFO] [1789488408.777431999] [robot_1.robot_supervisor]: Selected controllable event: EV_move_forward
[balanced_delivery_supervisor-22] [INFO] [1789488408.857245047] [robot_2.robot_supervisor]: Selected controllable event: EV_search_zone
[balanced_delivery_supervisor-24] [INFO] [1789488408.881332177] [robot_0.robot_supervisor]: Selected controllable event: EV_approach_zone
[balanced_delivery_supervisor-22] [INFO] [1789488408.963470015] [robot_2.robot_supervisor]: Triggered uncontrollable event: EV_zone_a_not_visible
[balanced_delivery_supervisor-22] [INFO] [1789488408.969259283] [robot_2.robot_supervisor]: Selected controllable event: EV_move_forward
[balanced_delivery_supervisor-20] [INFO] [1789488409.057351791] [robot_1.robot_supervisor]: Selected controllable event: EV_move_forward
[balanced_delivery_supervisor-24] [INFO] [1789488409.087468575] [robot_0.robot_supervisor]: Selected controllable event: EV_move_forward
[balanced_delivery_supervisor-22] [INFO] [1789488409.266385054] [robot_2.robot_supervisor]: Triggered uncontrollable event: EV_zone_b_reached
[balanced_delivery_supervisor-22] [INFO] [1789488409.267383487] [robot_2.robot_supervisor]: Selected controllable event: EV_move_forward
[balanced_delivery_supervisor-20] [INFO] [1789488409.266694874] [robot_1.robot_supervisor]: Triggered uncontrollable event: EV_zone_a_not_visible
[balanced_delivery_supervisor-20] [INFO] [1789488409.272242865] [robot_1.robot_supervisor]: Triggered uncontrollable event: EV_zone_b_reached
[balanced_delivery_supervisor-20] [INFO] [1789488409.274330180] [robot_1.robot_supervisor]: Selected controllable event: EV_search_zone
[balanced_delivery_supervisor-24] [INFO] [1789488409.387507353] [robot_0.robot_supervisor]: Triggered uncontrollable event: EV_zone_a_visible
[balanced_delivery_supervisor-24] [INFO] [1789488409.388377198] [robot_0.robot_supervisor]: Triggered uncontrollable event: EV_zone_b_visible
[balanced_delivery_supervisor-24] [INFO] [1789488409.389271479] [robot_0.robot_supervisor]: Selected controllable event: EV_move_forward
[balanced_delivery_supervisor-20] [INFO] [1789488409.447922116] [robot_1.robot_supervisor]: Selected controllable event: EV_move_forward
[balanced_delivery_supervisor-22] [INFO] [1789488409.574648629] [robot_2.robot_supervisor]: Selected controllable event: EV_search_zone
[balanced_delivery_supervisor-24] [INFO] [1789488409.702605253] [robot_0.robot_supervisor]: Selected controllable event: EV_move_forward
[balanced_delivery_supervisor-20] [INFO] [1789488409.777844469] [robot_1.robot_supervisor]: Selected controllable event: EV_search_zone
[balanced_delivery_supervisor-22] [INFO] [1789488409.792696015] [robot_2.robot_supervisor]: Selected controllable event: EV_move_forward
[balanced_delivery_supervisor-24] [INFO] [1789488409.912990608] [robot_0.robot_supervisor]: Selected controllable event: EV_move_forward
[balanced_delivery_supervisor-20] [INFO] [1789488409.954025722] [robot_1.robot_supervisor]: Selected controllable event: EV_search_zone
[balanced_delivery_supervisor-22] [INFO] [1789488410.067245940] [robot_2.robot_supervisor]: Triggered uncontrollable event: EV_zone_a_not_visible
[balanced_delivery_supervisor-22] [INFO] [1789488410.075832908] [robot_2.robot_supervisor]: Triggered uncontrollable event: EV_zone_b_reached
[balanced_delivery_supervisor-22] [INFO] [1789488410.077019444] [robot_2.robot_supervisor]: Selected controllable event: EV_move_forward
[balanced_delivery_supervisor-20] [INFO] [1789488410.166352338] [robot_1.robot_supervisor]: Triggered uncontrollable event: EV_zone_a_not_visible
[balanced_delivery_supervisor-20] [INFO] [1789488410.166990121] [robot_1.robot_supervisor]: Triggered uncontrollable event: EV_zone_b_not_visible
[balanced_delivery_supervisor-20] [INFO] [1789488410.180731439] [robot_1.robot_supervisor]: Selected controllable event: EV_search_zone
[balanced_delivery_supervisor-24] [INFO] [1789488410.190631097] [robot_0.robot_supervisor]: Triggered uncontrollable event: EV_zone_a_visible
[balanced_delivery_supervisor-24] [INFO] [1789488410.202424690] [robot_0.robot_supervisor]: Triggered uncontrollable event: EV_zone_b_visible
[balanced_delivery_supervisor-24] [INFO] [1789488410.211262937] [robot_0.robot_supervisor]: Selected controllable event: EV_move_forward
[balanced_delivery_supervisor-22] [INFO] [1789488410.345540368] [robot_2.robot_supervisor]: Selected controllable event: EV_move_forward
[balanced_delivery_supervisor-20] [INFO] [1789488410.372550132] [robot_1.robot_supervisor]: Selected controllable event: EV_search_zone
[balanced_delivery_supervisor-24] [INFO] [1789488410.493702717] [robot_0.robot_supervisor]: Selected controllable event: EV_approach_zone
[balanced_delivery_supervisor-20] [INFO] [1789488410.544927822] [robot_1.robot_supervisor]: Selected controllable event: EV_search_zone
[balanced_delivery_supervisor-20] [INFO] [1789488410.653858214] [robot_1.robot_supervisor]: Selected controllable event: EV_move_forward
[balanced_delivery_supervisor-22] [INFO] [1789488410.684495419] [robot_2.robot_supervisor]: Selected controllable event: EV_search_zone
[balanced_delivery_supervisor-24] [INFO] [1789488410.778795804] [robot_0.robot_supervisor]: Selected controllable event: EV_approach_zone
[balanced_delivery_supervisor-20] [INFO] [1789488410.868750702] [robot_1.robot_supervisor]: Selected controllable event: EV_search_zone
[balanced_delivery_supervisor-22] [INFO] [1789488410.887183988] [robot_2.robot_supervisor]: Triggered uncontrollable event: EV_zone_a_not_visible
[balanced_delivery_supervisor-22] [INFO] [1789488410.887992452] [robot_2.robot_supervisor]: Triggered uncontrollable event: EV_zone_b_reached
[balanced_delivery_supervisor-22] [INFO] [1789488410.888650502] [robot_2.robot_supervisor]: Selected controllable event: EV_search_zone
[balanced_delivery_supervisor-24] [INFO] [1789488410.982791198] [robot_0.robot_supervisor]: Selected controllable event: EV_approach_zone
[balanced_delivery_supervisor-20] [INFO] [1789488411.044581583] [robot_1.robot_supervisor]: Triggered uncontrollable event: EV_zone_a_not_visible
[balanced_delivery_supervisor-20] [INFO] [1789488411.051050395] [robot_1.robot_supervisor]: Triggered uncontrollable event: EV_zone_b_not_visible
[balanced_delivery_supervisor-20] [INFO] [1789488411.061578879] [robot_1.robot_supervisor]: Selected controllable event: EV_move_forward
[balanced_delivery_supervisor-22] [INFO] [1789488411.068932553] [robot_2.robot_supervisor]: Selected controllable event: EV_search_zone
[balanced_delivery_supervisor-24] [INFO] [1789488411.261258255] [robot_0.robot_supervisor]: Triggered uncontrollable event: EV_zone_a_visible
[balanced_delivery_supervisor-22] [INFO] [1789488411.266590526] [robot_2.robot_supervisor]: Selected controllable event: EV_search_zone
[balanced_delivery_supervisor-20] [INFO] [1789488411.272556332] [robot_1.robot_supervisor]: Selected controllable event: EV_search_zone
[balanced_delivery_supervisor-24] [INFO] [1789488411.286142726] [robot_0.robot_supervisor]: Triggered uncontrollable event: EV_zone_b_visible
[balanced_delivery_supervisor-24] [INFO] [1789488411.287247508] [robot_0.robot_supervisor]: Selected controllable event: EV_approach_zone
[balanced_delivery_supervisor-20] [INFO] [1789488411.454470762] [robot_1.robot_supervisor]: Selected controllable event: EV_search_zone
[balanced_delivery_supervisor-22] [INFO] [1789488411.455569759] [robot_2.robot_supervisor]: Selected controllable event: EV_move_forward
[balanced_delivery_supervisor-24] [INFO] [1789488411.585202922] [robot_0.robot_supervisor]: Selected controllable event: EV_approach_zone
[balanced_delivery_supervisor-22] [INFO] [1789488411.657354805] [robot_2.robot_supervisor]: Selected controllable event: EV_search_zone
[balanced_delivery_supervisor-20] [INFO] [1789488411.664376186] [robot_1.robot_supervisor]: Selected controllable event: EV_search_zone
[balanced_delivery_supervisor-24] [INFO] [1789488411.807104267] [robot_0.robot_supervisor]: Selected controllable event: EV_move_forward
[balanced_delivery_supervisor-20] [INFO] [1789488411.849970519] [robot_1.robot_supervisor]: Selected controllable event: EV_move_forward
[balanced_delivery_supervisor-22] [INFO] [1789488411.860545041] [robot_2.robot_supervisor]: Triggered uncontrollable event: EV_zone_a_not_visible
[balanced_delivery_supervisor-22] [INFO] [1789488411.882047207] [robot_2.robot_supervisor]: Selected controllable event: EV_move_forward
[balanced_delivery_supervisor-24] [INFO] [1789488412.089892478] [robot_0.robot_supervisor]: Triggered uncontrollable event: EV_zone_a_visible
[balanced_delivery_supervisor-24] [INFO] [1789488412.093110110] [robot_0.robot_supervisor]: Triggered uncontrollable event: EV_zone_b_visible
[balanced_delivery_supervisor-24] [INFO] [1789488412.098418420] [robot_0.robot_supervisor]: Selected controllable event: EV_move_forward
[balanced_delivery_supervisor-22] [INFO] [1789488412.162394881] [robot_2.robot_supervisor]: Triggered uncontrollable event: EV_zone_b_reached
[balanced_delivery_supervisor-20] [INFO] [1789488412.164997137] [robot_1.robot_supervisor]: Triggered uncontrollable event: EV_zone_a_not_visible
[balanced_delivery_supervisor-20] [INFO] [1789488412.165866230] [robot_1.robot_supervisor]: Triggered uncontrollable event: EV_zone_b_not_visible
[balanced_delivery_supervisor-20] [INFO] [1789488412.166709510] [robot_1.robot_supervisor]: Selected controllable event: EV_move_forward
[balanced_delivery_supervisor-22] [INFO] [1789488412.174286855] [robot_2.robot_supervisor]: Selected controllable event: EV_move_forward
[balanced_delivery_supervisor-24] [INFO] [1789488412.391042144] [robot_0.robot_supervisor]: Selected controllable event: EV_move_forward
[balanced_delivery_supervisor-20] [INFO] [1789488412.450896747] [robot_1.robot_supervisor]: Selected controllable event: EV_search_zone
[balanced_delivery_supervisor-22] [INFO] [1789488412.451707928] [robot_2.robot_supervisor]: Selected controllable event: EV_search_zone
[balanced_delivery_supervisor-24] [INFO] [1789488412.592615672] [robot_0.robot_supervisor]: Selected controllable event: EV_move_forward
[balanced_delivery_supervisor-22] [INFO] [1789488412.649299092] [robot_2.robot_supervisor]: Selected controllable event: EV_search_zone
[balanced_delivery_supervisor-20] [INFO] [1789488412.663603030] [robot_1.robot_supervisor]: Selected controllable event: EV_move_forward
[balanced_delivery_supervisor-22] [INFO] [1789488412.839783446] [robot_2.robot_supervisor]: Triggered uncontrollable event: EV_zone_a_not_visible
[balanced_delivery_supervisor-22] [INFO] [1789488412.840508072] [robot_2.robot_supervisor]: Triggered uncontrollable event: EV_zone_b_reached
[balanced_delivery_supervisor-22] [INFO] [1789488412.859314768] [robot_2.robot_supervisor]: Selected controllable event: EV_search_zone
[balanced_delivery_supervisor-20] [INFO] [1789488412.865009316] [robot_1.robot_supervisor]: Selected controllable event: EV_move_forward
[balanced_delivery_supervisor-24] [INFO] [1789488412.892278416] [robot_0.robot_supervisor]: Selected controllable event: EV_approach_zone
[balanced_delivery_supervisor-22] [INFO] [1789488412.962931026] [robot_2.robot_supervisor]: Selected controllable event: EV_move_forward
[balanced_delivery_supervisor-20] [INFO] [1789488413.153054398] [robot_1.robot_supervisor]: Triggered uncontrollable event: EV_zone_a_not_visible
[balanced_delivery_supervisor-20] [INFO] [1789488413.157073139] [robot_1.robot_supervisor]: Triggered uncontrollable event: EV_zone_b_not_visible
[balanced_delivery_supervisor-20] [INFO] [1789488413.168384090] [robot_1.robot_supervisor]: Selected controllable event: EV_search_zone
[balanced_delivery_supervisor-24] [INFO] [1789488413.184357137] [robot_0.robot_supervisor]: Triggered uncontrollable event: EV_zone_a_visible
[balanced_delivery_supervisor-24] [INFO] [1789488413.185094771] [robot_0.robot_supervisor]: Triggered uncontrollable event: EV_zone_b_visible
[balanced_delivery_supervisor-24] [INFO] [1789488413.186027306] [robot_0.robot_supervisor]: Selected controllable event: EV_approach_zone
[balanced_delivery_supervisor-22] [INFO] [1789488413.266231996] [robot_2.robot_supervisor]: Selected controllable event: EV_move_forward
[balanced_delivery_supervisor-20] [INFO] [1789488413.353874414] [robot_1.robot_supervisor]: Selected controllable event: EV_move_forward
[balanced_delivery_supervisor-24] [INFO] [1789488413.478882603] [robot_0.robot_supervisor]: Selected controllable event: EV_move_forward
[balanced_delivery_supervisor-22] [INFO] [1789488413.564573292] [robot_2.robot_supervisor]: Selected controllable event: EV_search_zone
[balanced_delivery_supervisor-20] [INFO] [1789488413.653880620] [robot_1.robot_supervisor]: Selected controllable event: EV_search_zone
[balanced_delivery_supervisor-22] [INFO] [1789488413.761629960] [robot_2.robot_supervisor]: Triggered uncontrollable event: EV_zone_a_not_visible
[balanced_delivery_supervisor-22] [INFO] [1789488413.762319099] [robot_2.robot_supervisor]: Triggered uncontrollable event: EV_zone_b_reached
[balanced_delivery_supervisor-22] [INFO] [1789488413.763180237] [robot_2.robot_supervisor]: Selected controllable event: EV_move_forward
[balanced_delivery_supervisor-24] [INFO] [1789488413.768494282] [robot_0.robot_supervisor]: Selected controllable event: EV_move_forward
[balanced_delivery_supervisor-20] [INFO] [1789488413.773288683] [robot_1.robot_supervisor]: Triggered uncontrollable event: EV_zone_a_not_visible
[balanced_delivery_supervisor-20] [INFO] [1789488413.787104572] [robot_1.robot_supervisor]: Selected controllable event: EV_search_zone
[balanced_delivery_supervisor-20] [INFO] [1789488413.955184724] [robot_1.robot_supervisor]: Triggered uncontrollable event: EV_zone_b_not_visible
[balanced_delivery_supervisor-20] [INFO] [1789488413.956154252] [robot_1.robot_supervisor]: Selected controllable event: EV_search_zone
[balanced_delivery_supervisor-24] [INFO] [1789488413.981106819] [robot_0.robot_supervisor]: Triggered uncontrollable event: EV_zone_a_visible
[balanced_delivery_supervisor-24] [INFO] [1789488413.987181293] [robot_0.robot_supervisor]: Triggered uncontrollable event: EV_zone_b_visible
[balanced_delivery_supervisor-24] [INFO] [1789488413.996432228] [robot_0.robot_supervisor]: Selected controllable event: EV_approach_zone
[balanced_delivery_supervisor-22] [INFO] [1789488414.053959187] [robot_2.robot_supervisor]: Selected controllable event: EV_move_forward
[balanced_delivery_supervisor-20] [INFO] [1789488414.159698996] [robot_1.robot_supervisor]: Selected controllable event: EV_move_forward
[color_detector-27] [INFO] [1789488414.248751777] [robot_1.target_detector]: RGB HEARTBEAT frames_total=100 recent_rate_hz=1.067 last_frame_age_s=0.607 status=OK
[color_detector-29] [INFO] [1789488414.259392799] [robot_2.target_detector]: RGB HEARTBEAT frames_total=100 recent_rate_hz=1.064 last_frame_age_s=0.747 status=OK
[color_detector-31] [INFO] [1789488414.262377764] [robot_0.target_detector]: RGB HEARTBEAT frames_total=100 recent_rate_hz=1.065 last_frame_age_s=0.524 status=OK
[balanced_delivery_supervisor-24] [INFO] [1789488414.295029161] [robot_0.robot_supervisor]: Selected controllable event: EV_move_forward
[balanced_delivery_supervisor-22] [INFO] [1789488414.363386328] [robot_2.robot_supervisor]: Selected controllable event: EV_search_zone
[balanced_delivery_supervisor-20] [INFO] [1789488414.468315148] [robot_1.robot_supervisor]: Selected controllable event: EV_search_zone
[balanced_delivery_supervisor-22] [INFO] [1789488414.470873320] [robot_2.robot_supervisor]: Selected controllable event: EV_move_forward
[balanced_delivery_supervisor-24] [INFO] [1789488414.613245214] [robot_0.robot_supervisor]: Selected controllable event: EV_move_forward
[balanced_delivery_supervisor-20] [INFO] [1789488414.663727964] [robot_1.robot_supervisor]: Triggered uncontrollable event: EV_zone_a_not_visible
[balanced_delivery_supervisor-20] [INFO] [1789488414.664431826] [robot_1.robot_supervisor]: Triggered uncontrollable event: EV_zone_b_not_visible
[balanced_delivery_supervisor-20] [INFO] [1789488414.681344438] [robot_1.robot_supervisor]: Selected controllable event: EV_move_forward
[balanced_delivery_supervisor-22] [INFO] [1789488414.776646195] [robot_2.robot_supervisor]: Triggered uncontrollable event: EV_zone_a_not_visible
[balanced_delivery_supervisor-22] [INFO] [1789488414.777408196] [robot_2.robot_supervisor]: Triggered uncontrollable event: EV_zone_b_not_visible
[balanced_delivery_supervisor-22] [INFO] [1789488414.795468111] [robot_2.robot_supervisor]: Selected controllable event: EV_move_forward
[balanced_delivery_supervisor-24] [INFO] [1789488414.891885899] [robot_0.robot_supervisor]: Triggered uncontrollable event: EV_zone_a_visible
[balanced_delivery_supervisor-24] [INFO] [1789488414.892839995] [robot_0.robot_supervisor]: Triggered uncontrollable event: EV_zone_b_visible
[balanced_delivery_supervisor-24] [INFO] [1789488414.893754580] [robot_0.robot_supervisor]: Selected controllable event: EV_approach_zone
[balanced_delivery_supervisor-20] [INFO] [1789488414.959044064] [robot_1.robot_supervisor]: Selected controllable event: EV_search_zone
[balanced_delivery_supervisor-22] [INFO] [1789488415.073594132] [robot_2.robot_supervisor]: Selected controllable event: EV_move_forward
[balanced_delivery_supervisor-20] [INFO] [1789488415.154084159] [robot_1.robot_supervisor]: Selected controllable event: EV_move_forward
[balanced_delivery_supervisor-24] [INFO] [1789488415.181255493] [robot_0.robot_supervisor]: Selected controllable event: EV_move_forward
[balanced_delivery_supervisor-20] [INFO] [1789488415.360816255] [robot_1.robot_supervisor]: Triggered uncontrollable event: EV_zone_a_not_visible
[balanced_delivery_supervisor-22] [INFO] [1789488415.375328467] [robot_2.robot_supervisor]: Triggered uncontrollable event: EV_zone_a_not_visible
[balanced_delivery_supervisor-22] [INFO] [1789488415.376311593] [robot_2.robot_supervisor]: Selected controllable event: EV_move_forward
[balanced_delivery_supervisor-20] [INFO] [1789488415.381972666] [robot_1.robot_supervisor]: Selected controllable event: EV_move_forward
[balanced_delivery_supervisor-24] [INFO] [1789488415.499040349] [robot_0.robot_supervisor]: Triggered uncontrollable event: EV_zone_b_visible
[balanced_delivery_supervisor-24] [INFO] [1789488415.518030606] [robot_0.robot_supervisor]: Triggered uncontrollable event: EV_zone_a_not_visible
[balanced_delivery_supervisor-24] [INFO] [1789488415.519212403] [robot_0.robot_supervisor]: Selected controllable event: EV_approach_zone
[balanced_delivery_supervisor-22] [INFO] [1789488415.581397143] [robot_2.robot_supervisor]: Triggered uncontrollable event: EV_zone_b_not_visible
[balanced_delivery_supervisor-22] [INFO] [1789488415.590998546] [robot_2.robot_supervisor]: Selected controllable event: EV_move_forward
[balanced_delivery_supervisor-20] [INFO] [1789488415.656449071] [robot_1.robot_supervisor]: Triggered uncontrollable event: EV_zone_b_not_visible
[balanced_delivery_supervisor-20] [INFO] [1789488415.657600575] [robot_1.robot_supervisor]: Selected controllable event: EV_search_zone
[balanced_delivery_supervisor-24] [INFO] [1789488415.779906054] [robot_0.robot_supervisor]: Selected controllable event: EV_move_forward
[balanced_delivery_supervisor-22] [INFO] [1789488415.858883183] [robot_2.robot_supervisor]: Selected controllable event: EV_move_forward
[balanced_delivery_supervisor-20] [INFO] [1789488415.869342640] [robot_1.robot_supervisor]: Selected controllable event: EV_search_zone
[balanced_delivery_supervisor-24] [INFO] [1789488415.990800401] [robot_0.robot_supervisor]: Selected controllable event: EV_approach_zone
[balanced_delivery_supervisor-20] [INFO] [1789488416.054788725] [robot_1.robot_supervisor]: Selected controllable event: EV_search_zone
[balanced_delivery_supervisor-22] [INFO] [1789488416.066353446] [robot_2.robot_supervisor]: Selected controllable event: EV_move_forward
[balanced_delivery_supervisor-20] [INFO] [1789488416.259737551] [robot_1.robot_supervisor]: Selected controllable event: EV_search_zone
[balanced_delivery_supervisor-24] [INFO] [1789488416.291522695] [robot_0.robot_supervisor]: Selected controllable event: EV_approach_zone
[balanced_delivery_supervisor-22] [INFO] [1789488416.366149541] [robot_2.robot_supervisor]: Triggered uncontrollable event: EV_zone_a_not_visible
[balanced_delivery_supervisor-20] [INFO] [1789488416.378682704] [robot_1.robot_supervisor]: Triggered uncontrollable event: EV_zone_a_not_visible
[balanced_delivery_supervisor-20] [INFO] [1789488416.379586552] [robot_1.robot_supervisor]: Selected controllable event: EV_move_forward
[balanced_delivery_supervisor-22] [INFO] [1789488416.381951586] [robot_2.robot_supervisor]: Triggered uncontrollable event: EV_zone_b_not_visible
[balanced_delivery_supervisor-22] [INFO] [1789488416.382923313] [robot_2.robot_supervisor]: Selected controllable event: EV_move_forward
[balanced_delivery_supervisor-24] [INFO] [1789488416.498053410] [robot_0.robot_supervisor]: Triggered uncontrollable event: EV_zone_b_visible
[balanced_delivery_supervisor-24] [INFO] [1789488416.498849483] [robot_0.robot_supervisor]: Triggered uncontrollable event: EV_zone_a_not_visible
[balanced_delivery_supervisor-24] [INFO] [1789488416.499849480] [robot_0.robot_supervisor]: Selected controllable event: EV_approach_zone
[balanced_delivery_supervisor-20] [INFO] [1789488416.644428080] [robot_1.robot_supervisor]: Triggered uncontrollable event: EV_zone_b_not_visible
[balanced_delivery_supervisor-22] [INFO] [1789488416.656710737] [robot_2.robot_supervisor]: Selected controllable event: EV_search_zone
[balanced_delivery_supervisor-20] [INFO] [1789488416.657747523] [robot_1.robot_supervisor]: Selected controllable event: EV_move_forward
[balanced_delivery_supervisor-24] [INFO] [1789488416.780213390] [robot_0.robot_supervisor]: Selected controllable event: EV_move_forward
[balanced_delivery_supervisor-20] [INFO] [1789488416.868093660] [robot_1.robot_supervisor]: Selected controllable event: EV_search_zone
[balanced_delivery_supervisor-22] [INFO] [1789488416.881257142] [robot_2.robot_supervisor]: Selected controllable event: EV_search_zone
[balanced_delivery_supervisor-24] [INFO] [1789488416.992343289] [robot_0.robot_supervisor]: Selected controllable event: EV_move_forward
[balanced_delivery_supervisor-20] [INFO] [1789488417.048793551] [robot_1.robot_supervisor]: Selected controllable event: EV_search_zone
[balanced_delivery_supervisor-22] [INFO] [1789488417.051097871] [robot_2.robot_supervisor]: Selected controllable event: EV_move_forward
[balanced_delivery_supervisor-22] [INFO] [1789488417.262916076] [robot_2.robot_supervisor]: Triggered uncontrollable event: EV_zone_a_not_visible
[balanced_delivery_supervisor-22] [INFO] [1789488417.277137046] [robot_2.robot_supervisor]: Selected controllable event: EV_search_zone
[balanced_delivery_supervisor-20] [INFO] [1789488417.265297538] [robot_1.robot_supervisor]: Selected controllable event: EV_search_zone
[balanced_delivery_supervisor-24] [INFO] [1789488417.276638447] [robot_0.robot_supervisor]: Selected controllable event: EV_approach_zone
[balanced_delivery_supervisor-22] [INFO] [1789488417.388954113] [robot_2.robot_supervisor]: Triggered uncontrollable event: EV_zone_b_not_visible
[balanced_delivery_supervisor-22] [INFO] [1789488417.390017948] [robot_2.robot_supervisor]: Selected controllable event: EV_search_zone
[balanced_delivery_supervisor-20] [INFO] [1789488417.455130653] [robot_1.robot_supervisor]: Triggered uncontrollable event: EV_zone_a_not_visible
[balanced_delivery_supervisor-20] [INFO] [1789488417.455896362] [robot_1.robot_supervisor]: Triggered uncontrollable event: EV_zone_b_not_visible
[balanced_delivery_supervisor-20] [INFO] [1789488417.456870050] [robot_1.robot_supervisor]: Selected controllable event: EV_search_zone
[balanced_delivery_supervisor-22] [INFO] [1789488417.566453962] [robot_2.robot_supervisor]: Selected controllable event: EV_search_zone
[balanced_delivery_supervisor-24] [INFO] [1789488417.566936141] [robot_0.robot_supervisor]: Triggered uncontrollable event: EV_zone_b_visible
[balanced_delivery_supervisor-24] [INFO] [1789488417.567650329] [robot_0.robot_supervisor]: Triggered uncontrollable event: EV_zone_a_not_visible
[balanced_delivery_supervisor-24] [INFO] [1789488417.581896541] [robot_0.robot_supervisor]: Selected controllable event: EV_approach_zone
[balanced_delivery_supervisor-20] [INFO] [1789488417.658323996] [robot_1.robot_supervisor]: Selected controllable event: EV_move_forward
[balanced_delivery_supervisor-22] [INFO] [1789488417.776869906] [robot_2.robot_supervisor]: Selected controllable event: EV_search_zone
[balanced_delivery_supervisor-20] [INFO] [1789488417.871578236] [robot_1.robot_supervisor]: Selected controllable event: EV_move_forward
[balanced_delivery_supervisor-24] [INFO] [1789488417.900162162] [robot_0.robot_supervisor]: Selected controllable event: EV_approach_zone
[balanced_delivery_supervisor-22] [INFO] [1789488417.965813424] [robot_2.robot_supervisor]: Selected controllable event: EV_move_forward
[balanced_delivery_supervisor-20] [INFO] [1789488418.135671263] [robot_1.robot_supervisor]: Selected controllable event: EV_move_forward
[balanced_delivery_supervisor-24] [INFO] [1789488418.180344179] [robot_0.robot_supervisor]: Selected controllable event: EV_approach_zone
[balanced_delivery_supervisor-22] [INFO] [1789488418.275494968] [robot_2.robot_supervisor]: Triggered uncontrollable event: EV_zone_a_not_visible
[balanced_delivery_supervisor-22] [INFO] [1789488418.280329867] [robot_2.robot_supervisor]: Triggered uncontrollable event: EV_zone_b_not_visible
[balanced_delivery_supervisor-22] [INFO] [1789488418.281396987] [robot_2.robot_supervisor]: Selected controllable event: EV_move_forward
[balanced_delivery_supervisor-20] [INFO] [1789488418.437844005] [robot_1.robot_supervisor]: Triggered uncontrollable event: EV_zone_a_not_visible
[balanced_delivery_supervisor-20] [INFO] [1789488418.448217433] [robot_1.robot_supervisor]: Triggered uncontrollable event: EV_zone_b_not_visible
[balanced_delivery_supervisor-20] [INFO] [1789488418.449118721] [robot_1.robot_supervisor]: Selected controllable event: EV_move_forward
[balanced_delivery_supervisor-24] [INFO] [1789488418.487891483] [robot_0.robot_supervisor]: Triggered uncontrollable event: EV_zone_a_not_visible
[balanced_delivery_supervisor-24] [INFO] [1789488418.500285233] [robot_0.robot_supervisor]: Triggered uncontrollable event: EV_zone_b_reached
[balanced_delivery_supervisor-24] [INFO] [1789488418.507284824] [robot_0.robot_supervisor]: Selected controllable event: EV_search_zone
[balanced_delivery_supervisor-22] [INFO] [1789488418.565350927] [robot_2.robot_supervisor]: Selected controllable event: EV_search_zone
[balanced_delivery_supervisor-20] [INFO] [1789488418.672440818] [robot_1.robot_supervisor]: Selected controllable event: EV_search_zone
[balanced_delivery_supervisor-24] [INFO] [1789488418.678529460] [robot_0.robot_supervisor]: Selected controllable event: EV_move_forward
[balanced_delivery_supervisor-22] [INFO] [1789488418.765341191] [robot_2.robot_supervisor]: Selected controllable event: EV_search_zone
[balanced_delivery_supervisor-20] [INFO] [1789488418.865367746] [robot_1.robot_supervisor]: Selected controllable event: EV_move_forward
[balanced_delivery_supervisor-24] [INFO] [1789488418.910124851] [robot_0.robot_supervisor]: Selected controllable event: EV_search_zone
[balanced_delivery_supervisor-22] [INFO] [1789488418.975293778] [robot_2.robot_supervisor]: Selected controllable event: EV_move_forward
[balanced_delivery_supervisor-24] [INFO] [1789488419.082621887] [robot_0.robot_supervisor]: Selected controllable event: EV_move_forward
[balanced_delivery_supervisor-20] [INFO] [1789488419.160917544] [robot_1.robot_supervisor]: Triggered uncontrollable event: EV_zone_a_visible
[balanced_delivery_supervisor-20] [INFO] [1789488419.169873270] [robot_1.robot_supervisor]: Triggered uncontrollable event: EV_zone_b_not_visible
[balanced_delivery_supervisor-20] [INFO] [1789488419.177250433] [robot_1.robot_supervisor]: Selected controllable event: EV_approach_zone
[balanced_delivery_supervisor-22] [INFO] [1789488419.258190110] [robot_2.robot_supervisor]: Triggered uncontrollable event: EV_zone_a_not_visible
[balanced_delivery_supervisor-22] [INFO] [1789488419.258993388] [robot_2.robot_supervisor]: Triggered uncontrollable event: EV_zone_b_not_visible
[balanced_delivery_supervisor-22] [INFO] [1789488419.286724304] [robot_2.robot_supervisor]: Selected controllable event: EV_move_forward
[balanced_delivery_supervisor-24] [INFO] [1789488419.307510593] [robot_0.robot_supervisor]: Triggered uncontrollable event: EV_zone_a_not_visible
[balanced_delivery_supervisor-24] [INFO] [1789488419.310538967] [robot_0.robot_supervisor]: Triggered uncontrollable event: EV_zone_b_reached
[balanced_delivery_supervisor-24] [INFO] [1789488419.322140092] [robot_0.robot_supervisor]: Selected controllable event: EV_search_zone
[balanced_delivery_supervisor-20] [INFO] [1789488419.462269982] [robot_1.robot_supervisor]: Selected controllable event: EV_move_forward
[balanced_delivery_supervisor-24] [INFO] [1789488419.480531420] [robot_0.robot_supervisor]: Selected controllable event: EV_move_forward
[balanced_delivery_supervisor-22] [INFO] [1789488419.564836030] [robot_2.robot_supervisor]: Selected controllable event: EV_search_zone
[balanced_delivery_supervisor-24] [INFO] [1789488419.691876930] [robot_0.robot_supervisor]: Selected controllable event: EV_move_forward
[balanced_delivery_supervisor-20] [INFO] [1789488419.746427903] [robot_1.robot_supervisor]: Selected controllable event: EV_move_forward
[balanced_delivery_supervisor-22] [INFO] [1789488419.776609992] [robot_2.robot_supervisor]: Selected controllable event: EV_move_forward
[balanced_delivery_supervisor-24] [INFO] [1789488419.974622716] [robot_0.robot_supervisor]: Selected controllable event: EV_search_zone
[balanced_delivery_supervisor-20] [INFO] [1789488420.038085142] [robot_1.robot_supervisor]: Triggered uncontrollable event: EV_zone_a_visible
[balanced_delivery_supervisor-20] [INFO] [1789488420.038711695] [robot_1.robot_supervisor]: Triggered uncontrollable event: EV_zone_b_not_visible
[balanced_delivery_supervisor-20] [INFO] [1789488420.057322898] [robot_1.robot_supervisor]: Selected controllable event: EV_move_forward
[balanced_delivery_supervisor-22] [INFO] [1789488420.058526200] [robot_2.robot_supervisor]: Triggered uncontrollable event: EV_zone_a_not_visible
[balanced_delivery_supervisor-22] [INFO] [1789488420.059230648] [robot_2.robot_supervisor]: Triggered uncontrollable event: EV_zone_b_not_visible
[balanced_delivery_supervisor-22] [INFO] [1789488420.075043158] [robot_2.robot_supervisor]: Selected controllable event: EV_search_zone
[balanced_delivery_supervisor-24] [INFO] [1789488420.094324941] [robot_0.robot_supervisor]: Triggered uncontrollable event: EV_zone_a_not_visible
[balanced_delivery_supervisor-24] [INFO] [1789488420.104055266] [robot_0.robot_supervisor]: Triggered uncontrollable event: EV_zone_b_reached
[balanced_delivery_supervisor-24] [INFO] [1789488420.104900709] [robot_0.robot_supervisor]: Triggered uncontrollable event: EV_obstacle_front
[balanced_delivery_supervisor-24] [INFO] [1789488420.109885957] [robot_0.robot_supervisor]: Selected controllable event: EV_rotate_counterclockwise
[balanced_delivery_supervisor-22] [INFO] [1789488420.253135728] [robot_2.robot_supervisor]: Selected controllable event: EV_move_forward
[balanced_delivery_supervisor-24] [INFO] [1789488420.274367514] [robot_0.robot_supervisor]: Triggered uncontrollable event: EV_obstacle_front
[balanced_delivery_supervisor-24] [INFO] [1789488420.288174082] [robot_0.robot_supervisor]: Selected controllable event: EV_rotate_clockwise
[balanced_delivery_supervisor-20] [INFO] [1789488420.354503089] [robot_1.robot_supervisor]: Selected controllable event: EV_approach_zone
[balanced_delivery_supervisor-24] [INFO] [1789488420.492253594] [robot_0.robot_supervisor]: Triggered uncontrollable event: EV_obstacle_front
[balanced_delivery_supervisor-24] [INFO] [1789488420.493194467] [robot_0.robot_supervisor]: Selected controllable event: EV_u_turn
[balanced_delivery_supervisor-24] [INFO] [1789488420.498463062] [robot_0.robot_supervisor]: Starting FULL ROTATE (omega=1.000, have_odom=True, target_rad=3.142, timeout_s=3.500)
[balanced_delivery_supervisor-22] [INFO] [1789488420.564285304] [robot_2.robot_supervisor]: Selected controllable event: EV_search_zone
[balanced_delivery_supervisor-20] [INFO] [1789488420.670649496] [robot_1.robot_supervisor]: Selected controllable event: EV_move_forward
[balanced_delivery_supervisor-22] [INFO] [1789488420.743523146] [robot_2.robot_supervisor]: Selected controllable event: EV_search_zone
[balanced_delivery_supervisor-22] [INFO] [1789488420.867859670] [robot_2.robot_supervisor]: Triggered uncontrollable event: EV_zone_a_not_visible
[balanced_delivery_supervisor-22] [INFO] [1789488420.868747069] [robot_2.robot_supervisor]: Selected controllable event: EV_search_zone
[balanced_delivery_supervisor-20] [INFO] [1789488420.961115324] [robot_1.robot_supervisor]: Triggered uncontrollable event: EV_zone_a_visible
[balanced_delivery_supervisor-20] [INFO] [1789488420.968895274] [robot_1.robot_supervisor]: Triggered uncontrollable event: EV_obstacle_left
[balanced_delivery_supervisor-20] [INFO] [1789488420.969571566] [robot_1.robot_supervisor]: Triggered uncontrollable event: EV_zone_b_not_visible
[balanced_delivery_supervisor-20] [INFO] [1789488420.981330913] [robot_1.robot_supervisor]: Selected controllable event: EV_u_turn
[balanced_delivery_supervisor-20] [INFO] [1789488420.985450139] [robot_1.robot_supervisor]: Starting FULL ROTATE (omega=1.000, have_odom=True, target_rad=3.142, timeout_s=3.500)
[balanced_delivery_supervisor-22] [INFO] [1789488421.060075013] [robot_2.robot_supervisor]: Triggered uncontrollable event: EV_zone_b_not_visible
[balanced_delivery_supervisor-22] [INFO] [1789488421.061033442] [robot_2.robot_supervisor]: Selected controllable event: EV_search_zone
[balanced_delivery_supervisor-22] [INFO] [1789488421.251829157] [robot_2.robot_supervisor]: Selected controllable event: EV_move_forward
[balanced_delivery_supervisor-22] [INFO] [1789488421.474390418] [robot_2.robot_supervisor]: Selected controllable event: EV_move_forward
[balanced_delivery_supervisor-22] [INFO] [1789488421.753912407] [robot_2.robot_supervisor]: Triggered uncontrollable event: EV_zone_a_not_visible
[balanced_delivery_supervisor-22] [INFO] [1789488421.754600684] [robot_2.robot_supervisor]: Triggered uncontrollable event: EV_zone_b_not_visible
[balanced_delivery_supervisor-22] [INFO] [1789488421.775020660] [robot_2.robot_supervisor]: Selected controllable event: EV_search_zone
[balanced_delivery_supervisor-22] [INFO] [1789488421.971126847] [robot_2.robot_supervisor]: Selected controllable event: EV_move_forward
[balanced_delivery_supervisor-22] [INFO] [1789488422.260654742] [robot_2.robot_supervisor]: Selected controllable event: EV_search_zone
[balanced_delivery_supervisor-22] [INFO] [1789488422.477403353] [robot_2.robot_supervisor]: Selected controllable event: EV_move_forward
[balanced_delivery_supervisor-22] [INFO] [1789488422.757674073] [robot_2.robot_supervisor]: Triggered uncontrollable event: EV_zone_a_not_visible
[balanced_delivery_supervisor-22] [INFO] [1789488422.765640618] [robot_2.robot_supervisor]: Triggered uncontrollable event: EV_zone_b_not_visible
[balanced_delivery_supervisor-22] [INFO] [1789488422.769953491] [robot_2.robot_supervisor]: Selected controllable event: EV_search_zone
[balanced_delivery_supervisor-22] [INFO] [1789488422.958949332] [robot_2.robot_supervisor]: Selected controllable event: EV_move_forward
[color_detector-29] [INFO] [1789488423.169712111] [robot_2.target_detector]: RGB HEARTBEAT frames_total=110 recent_rate_hz=1.122 last_frame_age_s=0.726 status=OK
[color_detector-27] [INFO] [1789488423.185113321] [robot_1.target_detector]: RGB HEARTBEAT frames_total=110 recent_rate_hz=1.119 last_frame_age_s=0.651 status=OK
[balanced_delivery_supervisor-22] [INFO] [1789488423.188918880] [robot_2.robot_supervisor]: Selected controllable event: EV_move_forward
[color_detector-31] [INFO] [1789488423.189152540] [robot_0.target_detector]: RGB HEARTBEAT frames_total=110 recent_rate_hz=1.120 last_frame_age_s=0.631 status=OK
[balanced_delivery_supervisor-22] [INFO] [1789488423.464153631] [robot_2.robot_supervisor]: Triggered uncontrollable event: EV_zone_a_not_visible
[balanced_delivery_supervisor-22] [INFO] [1789488423.464942146] [robot_2.robot_supervisor]: Triggered uncontrollable event: EV_zone_b_not_visible
[balanced_delivery_supervisor-22] [INFO] [1789488423.465890834] [robot_2.robot_supervisor]: Selected controllable event: EV_move_forward
[balanced_delivery_supervisor-22] [INFO] [1789488423.761095088] [robot_2.robot_supervisor]: Selected controllable event: EV_search_zone
[balanced_delivery_supervisor-22] [INFO] [1789488423.957088519] [robot_2.robot_supervisor]: Selected controllable event: EV_move_forward
[balanced_delivery_supervisor-24] [INFO] [1789488424.093822451] [robot_0.robot_supervisor]: FULL ROTATE completed by timeout
[balanced_delivery_supervisor-22] [INFO] [1789488424.170797366] [robot_2.robot_supervisor]: Triggered uncontrollable event: EV_zone_a_not_visible
[balanced_delivery_supervisor-22] [INFO] [1789488424.171799116] [robot_2.robot_supervisor]: Selected controllable event: EV_move_forward
[balanced_delivery_supervisor-24] [INFO] [1789488424.393226966] [robot_0.robot_supervisor]: Triggered uncontrollable event: EV_zone_a_not_visible
[balanced_delivery_supervisor-24] [INFO] [1789488424.393926892] [robot_0.robot_supervisor]: Triggered uncontrollable event: EV_zone_b_reached
[balanced_delivery_supervisor-24] [INFO] [1789488424.394740922] [robot_0.robot_supervisor]: Selected controllable event: EV_search_zone
[balanced_delivery_supervisor-22] [INFO] [1789488424.452147272] [robot_2.robot_supervisor]: Triggered uncontrollable event: EV_zone_b_not_visible
[balanced_delivery_supervisor-22] [INFO] [1789488424.460318615] [robot_2.robot_supervisor]: Selected controllable event: EV_move_forward
[balanced_delivery_supervisor-20] [INFO] [1789488424.544194240] [robot_1.robot_supervisor]: FULL ROTATE completed by timeout
[balanced_delivery_supervisor-24] [INFO] [1789488424.585975286] [robot_0.robot_supervisor]: Selected controllable event: EV_move_forward
[balanced_delivery_supervisor-22] [INFO] [1789488424.667638730] [robot_2.robot_supervisor]: Selected controllable event: EV_search_zone
[balanced_delivery_supervisor-20] [INFO] [1789488424.765898253] [robot_1.robot_supervisor]: Triggered uncontrollable event: EV_zone_a_visible
[balanced_delivery_supervisor-20] [INFO] [1789488424.766700455] [robot_1.robot_supervisor]: Triggered uncontrollable event: EV_obstacle_right
[balanced_delivery_supervisor-20] [INFO] [1789488424.767435137] [robot_1.robot_supervisor]: Triggered uncontrollable event: EV_zone_b_not_visible
[balanced_delivery_supervisor-20] [INFO] [1789488424.788169926] [robot_1.robot_supervisor]: Selected controllable event: EV_rotate_counterclockwise
[balanced_delivery_supervisor-20] [WARN] [1789488424.789054993] [robot_1.robot_supervisor]: no translation for 4.1s livelock detected; starting atomic escape (turn_sign=+1)
[balanced_delivery_supervisor-22] [INFO] [1789488424.865201874] [robot_2.robot_supervisor]: Selected controllable event: EV_search_zone
[balanced_delivery_supervisor-24] [INFO] [1789488424.885258567] [robot_0.robot_supervisor]: Selected controllable event: EV_move_forward
[balanced_delivery_supervisor-22] [INFO] [1789488425.060148403] [robot_2.robot_supervisor]: Triggered uncontrollable event: EV_zone_a_not_visible
[balanced_delivery_supervisor-22] [INFO] [1789488425.061137040] [robot_2.robot_supervisor]: Selected controllable event: EV_search_zone
[balanced_delivery_supervisor-24] [INFO] [1789488425.194256069] [robot_0.robot_supervisor]: Triggered uncontrollable event: EV_zone_a_not_visible
[balanced_delivery_supervisor-24] [INFO] [1789488425.211976090] [robot_0.robot_supervisor]: Triggered uncontrollable event: EV_zone_b_reached
[balanced_delivery_supervisor-24] [INFO] [1789488425.212938022] [robot_0.robot_supervisor]: Selected controllable event: EV_move_forward
[balanced_delivery_supervisor-22] [INFO] [1789488425.249445369] [robot_2.robot_supervisor]: Triggered uncontrollable event: EV_zone_b_not_visible
[balanced_delivery_supervisor-22] [INFO] [1789488425.254961219] [robot_2.robot_supervisor]: Selected controllable event: EV_search_zone
[balanced_delivery_supervisor-22] [INFO] [1789488425.359262837] [robot_2.robot_supervisor]: Selected controllable event: EV_search_zone
[balanced_delivery_supervisor-24] [INFO] [1789488425.486672774] [robot_0.robot_supervisor]: Selected controllable event: EV_move_forward
[balanced_delivery_supervisor-22] [INFO] [1789488425.568732105] [robot_2.robot_supervisor]: Selected controllable event: EV_move_forward
[balanced_delivery_supervisor-24] [INFO] [1789488425.799070127] [robot_0.robot_supervisor]: Selected controllable event: EV_search_zone
[balanced_delivery_supervisor-22] [INFO] [1789488425.867269477] [robot_2.robot_supervisor]: Triggered uncontrollable event: EV_zone_a_not_visible
[balanced_delivery_supervisor-22] [INFO] [1789488425.881032601] [robot_2.robot_supervisor]: Selected controllable event: EV_move_forward
[balanced_delivery_supervisor-24] [INFO] [1789488425.997520131] [robot_0.robot_supervisor]: Triggered uncontrollable event: EV_zone_a_not_visible
[balanced_delivery_supervisor-24] [INFO] [1789488425.998480430] [robot_0.robot_supervisor]: Selected controllable event: EV_move_forward
[balanced_delivery_supervisor-22] [INFO] [1789488426.173146796] [robot_2.robot_supervisor]: Triggered uncontrollable event: EV_zone_b_not_visible
[balanced_delivery_supervisor-22] [INFO] [1789488426.174203367] [robot_2.robot_supervisor]: Selected controllable event: EV_move_forward
[balanced_delivery_supervisor-24] [INFO] [1789488426.207417765] [robot_0.robot_supervisor]: Triggered uncontrollable event: EV_zone_b_reached
[balanced_delivery_supervisor-24] [INFO] [1789488426.208348489] [robot_0.robot_supervisor]: Selected controllable event: EV_move_forward
[balanced_delivery_supervisor-22] [INFO] [1789488426.457709172] [robot_2.robot_supervisor]: Selected controllable event: EV_move_forward
[balanced_delivery_supervisor-24] [INFO] [1789488426.476167713] [robot_0.robot_supervisor]: Selected controllable event: EV_search_zone
[balanced_delivery_supervisor-24] [INFO] [1789488426.583186101] [robot_0.robot_supervisor]: Selected controllable event: EV_search_zone
[balanced_delivery_supervisor-22] [INFO] [1789488426.761457315] [robot_2.robot_supervisor]: Triggered uncontrollable event: EV_zone_a_not_visible
[balanced_delivery_supervisor-22] [INFO] [1789488426.765371696] [robot_2.robot_supervisor]: Selected controllable event: EV_search_zone
[balanced_delivery_supervisor-24] [INFO] [1789488426.785231336] [robot_0.robot_supervisor]: Selected controllable event: EV_search_zone
[balanced_delivery_supervisor-22] [INFO] [1789488426.887103356] [robot_2.robot_supervisor]: Triggered uncontrollable event: EV_zone_b_not_visible
[balanced_delivery_supervisor-22] [INFO] [1789488426.888171131] [robot_2.robot_supervisor]: Selected controllable event: EV_search_zone
[balanced_delivery_supervisor-24] [INFO] [1789488426.993030591] [robot_0.robot_supervisor]: Triggered uncontrollable event: EV_zone_a_not_visible
[balanced_delivery_supervisor-24] [INFO] [1789488427.004070856] [robot_0.robot_supervisor]: Selected controllable event: EV_move_forward
[balanced_delivery_supervisor-22] [INFO] [1789488427.087367469] [robot_2.robot_supervisor]: Selected controllable event: EV_move_forward
[balanced_delivery_supervisor-24] [INFO] [1789488427.292768690] [robot_0.robot_supervisor]: Triggered uncontrollable event: EV_zone_b_reached
[balanced_delivery_supervisor-24] [INFO] [1789488427.297865689] [robot_0.robot_supervisor]: Selected controllable event: EV_search_zone
[balanced_delivery_supervisor-20] [INFO] [1789488427.349202521] [robot_1.robot_supervisor]: Zone-livelock escape completed
[balanced_delivery_supervisor-22] [INFO] [1789488427.361256581] [robot_2.robot_supervisor]: Selected controllable event: EV_search_zone
[balanced_delivery_supervisor-24] [INFO] [1789488427.485150696] [robot_0.robot_supervisor]: Selected controllable event: EV_move_forward
[balanced_delivery_supervisor-20] [INFO] [1789488427.550066763] [robot_1.robot_supervisor]: Triggered uncontrollable event: EV_zone_a_visible
[balanced_delivery_supervisor-20] [INFO] [1789488427.550797632] [robot_1.robot_supervisor]: Triggered uncontrollable event: EV_zone_a_not_visible
[balanced_delivery_supervisor-20] [INFO] [1789488427.560254382] [robot_1.robot_supervisor]: Triggered uncontrollable event: EV_zone_b_not_visible
[balanced_delivery_supervisor-22] [INFO] [1789488427.565152870] [robot_2.robot_supervisor]: Selected controllable event: EV_search_zone
[balanced_delivery_supervisor-20] [INFO] [1789488427.567006228] [robot_1.robot_supervisor]: Selected controllable event: EV_search_zone
[balanced_delivery_supervisor-22] [INFO] [1789488427.746679145] [robot_2.robot_supervisor]: Selected controllable event: EV_move_forward
[balanced_delivery_supervisor-20] [INFO] [1789488427.779161766] [robot_1.robot_supervisor]: Selected controllable event: EV_search_zone
[balanced_delivery_supervisor-24] [INFO] [1789488427.805166393] [robot_0.robot_supervisor]: Selected controllable event: EV_search_zone
[balanced_delivery_supervisor-20] [INFO] [1789488427.963798398] [robot_1.robot_supervisor]: Triggered uncontrollable event: EV_zone_a_not_visible
[balanced_delivery_supervisor-20] [INFO] [1789488427.964777556] [robot_1.robot_supervisor]: Selected controllable event: EV_move_forward
[balanced_delivery_supervisor-22] [INFO] [1789488427.967270078] [robot_2.robot_supervisor]: Triggered uncontrollable event: EV_zone_a_not_visible
[balanced_delivery_supervisor-22] [INFO] [1789488427.968026995] [robot_2.robot_supervisor]: Triggered uncontrollable event: EV_zone_b_not_visible
[balanced_delivery_supervisor-22] [INFO] [1789488427.968830639] [robot_2.robot_supervisor]: Selected controllable event: EV_move_forward
[balanced_delivery_supervisor-24] [INFO] [1789488428.010746925] [robot_0.robot_supervisor]: Triggered uncontrollable event: EV_zone_a_not_visible
[balanced_delivery_supervisor-24] [INFO] [1789488428.020784620] [robot_0.robot_supervisor]: Selected controllable event: EV_search_zone
[balanced_delivery_supervisor-24] [INFO] [1789488428.172584147] [robot_0.robot_supervisor]: Triggered uncontrollable event: EV_zone_b_not_visible
[balanced_delivery_supervisor-24] [INFO] [1789488428.182219233] [robot_0.robot_supervisor]: Selected controllable event: EV_search_zone
[balanced_delivery_supervisor-22] [INFO] [1789488428.248034211] [robot_2.robot_supervisor]: Selected controllable event: EV_search_zone
[balanced_delivery_supervisor-20] [INFO] [1789488428.261429720] [robot_1.robot_supervisor]: Triggered uncontrollable event: EV_zone_b_not_visible
[balanced_delivery_supervisor-20] [INFO] [1789488428.262465059] [robot_1.robot_supervisor]: Selected controllable event: EV_search_zone
[balanced_delivery_supervisor-22] [INFO] [1789488428.351420065] [robot_2.robot_supervisor]: Selected controllable event: EV_search_zone
[balanced_delivery_supervisor-24] [INFO] [1789488428.391599474] [robot_0.robot_supervisor]: Selected controllable event: EV_search_zone
[balanced_delivery_supervisor-20] [INFO] [1789488428.440790312] [robot_1.robot_supervisor]: Selected controllable event: EV_move_forward
[balanced_delivery_supervisor-24] [INFO] [1789488428.511444962] [robot_0.robot_supervisor]: Selected controllable event: EV_move_forward
[balanced_delivery_supervisor-22] [INFO] [1789488428.573439164] [robot_2.robot_supervisor]: Selected controllable event: EV_move_forward
[balanced_delivery_supervisor-20] [INFO] [1789488428.646648626] [robot_1.robot_supervisor]: Selected controllable event: EV_move_forward
[balanced_delivery_supervisor-24] [INFO] [1789488428.795270803] [robot_0.robot_supervisor]: Triggered uncontrollable event: EV_zone_a_not_visible
[balanced_delivery_supervisor-24] [INFO] [1789488428.804293200] [robot_0.robot_supervisor]: Selected controllable event: EV_search_zone
[balanced_delivery_supervisor-22] [INFO] [1789488428.865780622] [robot_2.robot_supervisor]: Triggered uncontrollable event: EV_zone_a_not_visible
[balanced_delivery_supervisor-20] [INFO] [1789488428.868607054] [robot_1.robot_supervisor]: Triggered uncontrollable event: EV_zone_a_not_visible
[balanced_delivery_supervisor-22] [INFO] [1789488428.878312104] [robot_2.robot_supervisor]: Triggered uncontrollable event: EV_zone_b_not_visible
[balanced_delivery_supervisor-22] [INFO] [1789488428.880525091] [robot_2.robot_supervisor]: Selected controllable event: EV_search_zone
[balanced_delivery_supervisor-20] [INFO] [1789488428.887783124] [robot_1.robot_supervisor]: Triggered uncontrollable event: EV_zone_b_not_visible
[balanced_delivery_supervisor-20] [INFO] [1789488428.888833921] [robot_1.robot_supervisor]: Selected controllable event: EV_move_forward
[balanced_delivery_supervisor-24] [INFO] [1789488428.990404719] [robot_0.robot_supervisor]: Triggered uncontrollable event: EV_zone_b_not_visible
[balanced_delivery_supervisor-24] [INFO] [1789488428.991364855] [robot_0.robot_supervisor]: Selected controllable event: EV_move_forward
[balanced_delivery_supervisor-22] [INFO] [1789488429.046049004] [robot_2.robot_supervisor]: Selected controllable event: EV_move_forward
[balanced_delivery_supervisor-20] [INFO] [1789488429.156983051] [robot_1.robot_supervisor]: Selected controllable event: EV_search_zone
[balanced_delivery_supervisor-22] [INFO] [1789488429.256832107] [robot_2.robot_supervisor]: Selected controllable event: EV_search_zone
[balanced_delivery_supervisor-24] [INFO] [1789488429.289552041] [robot_0.robot_supervisor]: Selected controllable event: EV_search_zone
[balanced_delivery_supervisor-20] [INFO] [1789488429.345936221] [robot_1.robot_supervisor]: Selected controllable event: EV_search_zone
[balanced_delivery_supervisor-22] [INFO] [1789488429.448840846] [robot_2.robot_supervisor]: Triggered uncontrollable event: EV_zone_a_not_visible
[balanced_delivery_supervisor-22] [INFO] [1789488429.449814227] [robot_2.robot_supervisor]: Selected controllable event: EV_search_zone
[balanced_delivery_supervisor-20] [INFO] [1789488429.459780418] [robot_1.robot_supervisor]: Selected controllable event: EV_search_zone
[balanced_delivery_supervisor-24] [INFO] [1789488429.468078540] [robot_0.robot_supervisor]: Selected controllable event: EV_search_zone
[balanced_delivery_supervisor-24] [INFO] [1789488429.576496897] [robot_0.robot_supervisor]: Triggered uncontrollable event: EV_zone_a_not_visible
[balanced_delivery_supervisor-24] [INFO] [1789488429.577345226] [robot_0.robot_supervisor]: Selected controllable event: EV_search_zone
[balanced_delivery_supervisor-22] [INFO] [1789488429.650585969] [robot_2.robot_supervisor]: Triggered uncontrollable event: EV_zone_b_not_visible
[balanced_delivery_supervisor-22] [INFO] [1789488429.655974790] [robot_2.robot_supervisor]: Selected controllable event: EV_search_zone
[balanced_delivery_supervisor-20] [INFO] [1789488429.661427544] [robot_1.robot_supervisor]: Triggered uncontrollable event: EV_zone_a_not_visible
[balanced_delivery_supervisor-20] [INFO] [1789488429.662148051] [robot_1.robot_supervisor]: Triggered uncontrollable event: EV_zone_b_not_visible
[balanced_delivery_supervisor-20] [INFO] [1789488429.666309902] [robot_1.robot_supervisor]: Selected controllable event: EV_move_forward
[balanced_delivery_supervisor-24] [INFO] [1789488429.692942671] [robot_0.robot_supervisor]: Triggered uncontrollable event: EV_zone_b_not_visible
[balanced_delivery_supervisor-24] [INFO] [1789488429.699589023] [robot_0.robot_supervisor]: Selected controllable event: EV_move_forward
[balanced_delivery_supervisor-22] [INFO] [1789488429.764372204] [robot_2.robot_supervisor]: Selected controllable event: EV_search_zone
[balanced_delivery_supervisor-20] [INFO] [1789488429.948443156] [robot_1.robot_supervisor]: Selected controllable event: EV_search_zone
[balanced_delivery_supervisor-22] [INFO] [1789488429.949122363] [robot_2.robot_supervisor]: Selected controllable event: EV_move_forward
[balanced_delivery_supervisor-24] [INFO] [1789488429.982250446] [robot_0.robot_supervisor]: Selected controllable event: EV_move_forward
[balanced_delivery_supervisor-22] [INFO] [1789488430.160043457] [robot_2.robot_supervisor]: Selected controllable event: EV_search_zone
[balanced_delivery_supervisor-20] [INFO] [1789488430.172933245] [robot_1.robot_supervisor]: Selected controllable event: EV_search_zone
[balanced_delivery_supervisor-22] [INFO] [1789488430.265081644] [robot_2.robot_supervisor]: Selected controllable event: EV_move_forward
[balanced_delivery_supervisor-24] [INFO] [1789488430.299218181] [robot_0.robot_supervisor]: Selected controllable event: EV_move_forward
[balanced_delivery_supervisor-20] [INFO] [1789488430.362844921] [robot_1.robot_supervisor]: Triggered uncontrollable event: EV_zone_a_not_visible
[balanced_delivery_supervisor-20] [INFO] [1789488430.370443490] [robot_1.robot_supervisor]: Selected controllable event: EV_move_forward
[balanced_delivery_supervisor-22] [INFO] [1789488430.548458361] [robot_2.robot_supervisor]: Triggered uncontrollable event: EV_zone_a_not_visible
[balanced_delivery_supervisor-22] [INFO] [1789488430.559965020] [robot_2.robot_supervisor]: Triggered uncontrollable event: EV_zone_b_not_visible
[balanced_delivery_supervisor-22] [INFO] [1789488430.567599268] [robot_2.robot_supervisor]: Selected controllable event: EV_search_zone
[balanced_delivery_supervisor-24] [INFO] [1789488430.582427950] [robot_0.robot_supervisor]: Triggered uncontrollable event: EV_zone_a_not_visible
[balanced_delivery_supervisor-24] [INFO] [1789488430.583103310] [robot_0.robot_supervisor]: Triggered uncontrollable event: EV_zone_b_not_visible
[balanced_delivery_supervisor-24] [INFO] [1789488430.590548964] [robot_0.robot_supervisor]: Selected controllable event: EV_search_zone
[balanced_delivery_supervisor-20] [INFO] [1789488430.651480179] [robot_1.robot_supervisor]: Triggered uncontrollable event: EV_zone_b_not_visible
[balanced_delivery_supervisor-20] [INFO] [1789488430.665534425] [robot_1.robot_supervisor]: Selected controllable event: EV_search_zone
[balanced_delivery_supervisor-22] [INFO] [1789488430.756637501] [robot_2.robot_supervisor]: Selected controllable event: EV_move_forward
[balanced_delivery_supervisor-24] [INFO] [1789488430.783089602] [robot_0.robot_supervisor]: Selected controllable event: EV_move_forward
[balanced_delivery_supervisor-20] [INFO] [1789488430.869296319] [robot_1.robot_supervisor]: Selected controllable event: EV_search_zone
[balanced_delivery_supervisor-24] [INFO] [1789488430.986709885] [robot_0.robot_supervisor]: Selected controllable event: EV_search_zone
[balanced_delivery_supervisor-20] [INFO] [1789488431.037208431] [robot_1.robot_supervisor]: Selected controllable event: EV_search_zone
[balanced_delivery_supervisor-22] [INFO] [1789488431.061162567] [robot_2.robot_supervisor]: Selected controllable event: EV_search_zone
[balanced_delivery_supervisor-20] [INFO] [1789488431.139393384] [robot_1.robot_supervisor]: Selected controllable event: EV_search_zone
[balanced_delivery_supervisor-22] [INFO] [1789488431.172942851] [robot_2.robot_supervisor]: Selected controllable event: EV_move_forward
[balanced_delivery_supervisor-24] [INFO] [1789488431.183358458] [robot_0.robot_supervisor]: Selected controllable event: EV_search_zone
[balanced_delivery_supervisor-20] [INFO] [1789488431.269137732] [robot_1.robot_supervisor]: Triggered uncontrollable event: EV_zone_a_not_visible
[balanced_delivery_supervisor-20] [INFO] [1789488431.269848915] [robot_1.robot_supervisor]: Triggered uncontrollable event: EV_zone_b_not_visible
[balanced_delivery_supervisor-20] [INFO] [1789488431.270715886] [robot_1.robot_supervisor]: Selected controllable event: EV_move_forward
[balanced_delivery_supervisor-24] [INFO] [1789488431.374517026] [robot_0.robot_supervisor]: Triggered uncontrollable event: EV_zone_a_not_visible
[balanced_delivery_supervisor-24] [INFO] [1789488431.375105209] [robot_0.robot_supervisor]: Triggered uncontrollable event: EV_zone_b_not_visible
[balanced_delivery_supervisor-24] [INFO] [1789488431.389598733] [robot_0.robot_supervisor]: Selected controllable event: EV_search_zone
[balanced_delivery_supervisor-22] [INFO] [1789488431.471074251] [robot_2.robot_supervisor]: Triggered uncontrollable event: EV_zone_a_not_visible
[balanced_delivery_supervisor-22] [INFO] [1789488431.484679923] [robot_2.robot_supervisor]: Triggered uncontrollable event: EV_zone_b_not_visible
[balanced_delivery_supervisor-22] [INFO] [1789488431.485541487] [robot_2.robot_supervisor]: Selected controllable event: EV_search_zone
[balanced_delivery_supervisor-20] [INFO] [1789488431.556134676] [robot_1.robot_supervisor]: Selected controllable event: EV_move_forward
[balanced_delivery_supervisor-24] [INFO] [1789488431.574420985] [robot_0.robot_supervisor]: Selected controllable event: EV_move_forward
[balanced_delivery_supervisor-22] [INFO] [1789488431.652430773] [robot_2.robot_supervisor]: Selected controllable event: EV_move_forward
[color_detector-29] [INFO] [1789488431.770769617] [robot_2.target_detector]: RGB HEARTBEAT frames_total=120 recent_rate_hz=1.163 last_frame_age_s=0.642 status=OK
[color_detector-27] [INFO] [1789488431.783899754] [robot_1.target_detector]: RGB HEARTBEAT frames_total=120 recent_rate_hz=1.163 last_frame_age_s=0.629 status=OK
[color_detector-31] [INFO] [1789488431.787024910] [robot_0.target_detector]: RGB HEARTBEAT frames_total=120 recent_rate_hz=1.163 last_frame_age_s=0.513 status=OK
[balanced_delivery_supervisor-20] [INFO] [1789488431.835021465] [robot_1.robot_supervisor]: Selected controllable event: EV_search_zone
[balanced_delivery_supervisor-22] [INFO] [1789488431.871790120] [robot_2.robot_supervisor]: Selected controllable event: EV_move_forward
[balanced_delivery_supervisor-24] [INFO] [1789488431.891537447] [robot_0.robot_supervisor]: Selected controllable event: EV_move_forward
[balanced_delivery_supervisor-20] [INFO] [1789488431.956171704] [robot_1.robot_supervisor]: Triggered uncontrollable event: EV_zone_a_not_visible
[balanced_delivery_supervisor-20] [INFO] [1789488431.960941665] [robot_1.robot_supervisor]: Selected controllable event: EV_move_forward
[balanced_delivery_supervisor-22] [INFO] [1789488432.156145808] [robot_2.robot_supervisor]: Triggered uncontrollable event: EV_zone_a_not_visible
[balanced_delivery_supervisor-22] [INFO] [1789488432.156771481] [robot_2.robot_supervisor]: Triggered uncontrollable event: EV_zone_b_not_visible
[balanced_delivery_supervisor-22] [INFO] [1789488432.169797387] [robot_2.robot_supervisor]: Selected controllable event: EV_move_forward
[balanced_delivery_supervisor-24] [INFO] [1789488432.174011917] [robot_0.robot_supervisor]: Triggered uncontrollable event: EV_zone_a_not_visible
[balanced_delivery_supervisor-24] [INFO] [1789488432.174703039] [robot_0.robot_supervisor]: Triggered uncontrollable event: EV_zone_b_not_visible
[balanced_delivery_supervisor-24] [INFO] [1789488432.175628992] [robot_0.robot_supervisor]: Selected controllable event: EV_search_zone
[balanced_delivery_supervisor-20] [INFO] [1789488432.242842466] [robot_1.robot_supervisor]: Triggered uncontrollable event: EV_zone_b_not_visible
[balanced_delivery_supervisor-20] [INFO] [1789488432.257432776] [robot_1.robot_supervisor]: Selected controllable event: EV_move_forward
[balanced_delivery_supervisor-24] [INFO] [1789488432.292229463] [robot_0.robot_supervisor]: Selected controllable event: EV_search_zone
[balanced_delivery_supervisor-22] [INFO] [1789488432.451935011] [robot_2.robot_supervisor]: Selected controllable event: EV_move_forward
[balanced_delivery_supervisor-24] [INFO] [1789488432.473295577] [robot_0.robot_supervisor]: Selected controllable event: EV_search_zone
[balanced_delivery_supervisor-20] [INFO] [1789488432.564935236] [robot_1.robot_supervisor]: Selected controllable event: EV_move_forward
[balanced_delivery_supervisor-24] [INFO] [1789488432.593349229] [robot_0.robot_supervisor]: Selected controllable event: EV_search_zone
[balanced_delivery_supervisor-22] [INFO] [1789488432.756088803] [robot_2.robot_supervisor]: Selected controllable event: EV_move_forward
[balanced_delivery_supervisor-24] [INFO] [1789488432.784626124] [robot_0.robot_supervisor]: Selected controllable event: EV_search_zone
[balanced_delivery_supervisor-20] [INFO] [1789488432.847151998] [robot_1.robot_supervisor]: Triggered uncontrollable event: EV_zone_a_not_visible
[balanced_delivery_supervisor-20] [INFO] [1789488432.849219827] [robot_1.robot_supervisor]: Selected controllable event: EV_move_forward
[balanced_delivery_supervisor-24] [INFO] [1789488432.984368363] [robot_0.robot_supervisor]: Triggered uncontrollable event: EV_zone_a_not_visible
[balanced_delivery_supervisor-24] [INFO] [1789488432.985046043] [robot_0.robot_supervisor]: Triggered uncontrollable event: EV_zone_b_not_visible
[balanced_delivery_supervisor-24] [INFO] [1789488433.001093825] [robot_0.robot_supervisor]: Selected controllable event: EV_move_forward
[balanced_delivery_supervisor-22] [INFO] [1789488433.060840736] [robot_2.robot_supervisor]: Triggered uncontrollable event: EV_zone_a_not_visible
[balanced_delivery_supervisor-22] [INFO] [1789488433.061663028] [robot_2.robot_supervisor]: Triggered uncontrollable event: EV_zone_b_not_visible
[balanced_delivery_supervisor-22] [INFO] [1789488433.062619442] [robot_2.robot_supervisor]: Selected controllable event: EV_move_forward
[balanced_delivery_supervisor-20] [INFO] [1789488433.063690720] [robot_1.robot_supervisor]: Triggered uncontrollable event: EV_zone_b_not_visible
[balanced_delivery_supervisor-20] [INFO] [1789488433.064585062] [robot_1.robot_supervisor]: Selected controllable event: EV_search_zone
[balanced_delivery_supervisor-20] [INFO] [1789488433.244945930] [robot_1.robot_supervisor]: Selected controllable event: EV_search_zone
[balanced_delivery_supervisor-24] [INFO] [1789488433.288948210] [robot_0.robot_supervisor]: Selected controllable event: EV_move_forward
[balanced_delivery_supervisor-22] [INFO] [1789488433.363216034] [robot_2.robot_supervisor]: Selected controllable event: EV_search_zone
[balanced_delivery_supervisor-20] [INFO] [1789488433.363362400] [robot_1.robot_supervisor]: Selected controllable event: EV_search_zone
[balanced_delivery_supervisor-20] [INFO] [1789488433.540157568] [robot_1.robot_supervisor]: Selected controllable event: EV_search_zone
[balanced_delivery_supervisor-24] [INFO] [1789488433.569179550] [robot_0.robot_supervisor]: Selected controllable event: EV_search_zone
[balanced_delivery_supervisor-22] [INFO] [1789488433.570895388] [robot_2.robot_supervisor]: Selected controllable event: EV_search_zone
[balanced_delivery_supervisor-20] [INFO] [1789488433.661764125] [robot_1.robot_supervisor]: Selected controllable event: EV_search_zone
[balanced_delivery_supervisor-24] [INFO] [1789488433.709833874] [robot_0.robot_supervisor]: Selected controllable event: EV_move_forward
[balanced_delivery_supervisor-22] [INFO] [1789488433.761551888] [robot_2.robot_supervisor]: Triggered uncontrollable event: EV_zone_a_not_visible
[balanced_delivery_supervisor-22] [INFO] [1789488433.762266290] [robot_2.robot_supervisor]: Triggered uncontrollable event: EV_zone_b_not_visible
[balanced_delivery_supervisor-22] [INFO] [1789488433.781950732] [robot_2.robot_supervisor]: Selected controllable event: EV_move_forward
[balanced_delivery_supervisor-20] [INFO] [1789488433.852948081] [robot_1.robot_supervisor]: Triggered uncontrollable event: EV_zone_a_not_visible
[balanced_delivery_supervisor-20] [INFO] [1789488433.873877992] [robot_1.robot_supervisor]: Triggered uncontrollable event: EV_zone_b_not_visible
[balanced_delivery_supervisor-20] [INFO] [1789488433.874674486] [robot_1.robot_supervisor]: Selected controllable event: EV_search_zone
[balanced_delivery_supervisor-24] [INFO] [1789488433.976782994] [robot_0.robot_supervisor]: Triggered uncontrollable event: EV_zone_a_not_visible
[balanced_delivery_supervisor-24] [INFO] [1789488433.977420440] [robot_0.robot_supervisor]: Triggered uncontrollable event: EV_zone_b_not_visible
[balanced_delivery_supervisor-24] [INFO] [1789488433.994740494] [robot_0.robot_supervisor]: Selected controllable event: EV_move_forward
[balanced_delivery_supervisor-22] [INFO] [1789488434.053678188] [robot_2.robot_supervisor]: Selected controllable event: EV_search_zone
[balanced_delivery_supervisor-20] [INFO] [1789488434.057244301] [robot_1.robot_supervisor]: Selected controllable event: EV_move_forward
[balanced_delivery_supervisor-22] [INFO] [1789488434.166842663] [robot_2.robot_supervisor]: Selected controllable event: EV_search_zone
[balanced_delivery_supervisor-24] [INFO] [1789488434.296770725] [robot_0.robot_supervisor]: Selected controllable event: EV_move_forward
[balanced_delivery_supervisor-22] [INFO] [1789488434.349560887] [robot_2.robot_supervisor]: Selected controllable event: EV_move_forward
[balanced_delivery_supervisor-20] [INFO] [1789488434.363387730] [robot_1.robot_supervisor]: Selected controllable event: EV_search_zone
[balanced_delivery_supervisor-20] [INFO] [1789488434.473675397] [robot_1.robot_supervisor]: Selected controllable event: EV_move_forward
[balanced_delivery_supervisor-22] [INFO] [1789488434.555299759] [robot_2.robot_supervisor]: Triggered uncontrollable event: EV_zone_a_not_visible
[balanced_delivery_supervisor-22] [INFO] [1789488434.571549585] [robot_2.robot_supervisor]: Selected controllable event: EV_move_forward
[balanced_delivery_supervisor-24] [INFO] [1789488434.592384806] [robot_0.robot_supervisor]: Selected controllable event: EV_search_zone
[balanced_delivery_supervisor-20] [INFO] [1789488434.746296467] [robot_1.robot_supervisor]: Triggered uncontrollable event: EV_zone_a_not_visible
[balanced_delivery_supervisor-20] [INFO] [1789488434.747106309] [robot_1.robot_supervisor]: Triggered uncontrollable event: EV_obstacle_right
[balanced_delivery_supervisor-20] [INFO] [1789488434.768819303] [robot_1.robot_supervisor]: Triggered uncontrollable event: EV_zone_b_not_visible
[balanced_delivery_supervisor-20] [INFO] [1789488434.769845909] [robot_1.robot_supervisor]: Selected controllable event: EV_rotate_counterclockwise
[balanced_delivery_supervisor-24] [INFO] [1789488434.773053095] [robot_0.robot_supervisor]: Triggered uncontrollable event: EV_zone_a_not_visible
[balanced_delivery_supervisor-24] [INFO] [1789488434.773738416] [robot_0.robot_supervisor]: Triggered uncontrollable event: EV_zone_b_not_visible
[balanced_delivery_supervisor-24] [INFO] [1789488434.795892588] [robot_0.robot_supervisor]: Selected controllable event: EV_move_forward
[balanced_delivery_supervisor-22] [INFO] [1789488434.874582062] [robot_2.robot_supervisor]: Triggered uncontrollable event: EV_zone_b_not_visible
[balanced_delivery_supervisor-22] [INFO] [1789488434.887799509] [robot_2.robot_supervisor]: Selected controllable event: EV_move_forward
[balanced_delivery_supervisor-20] [INFO] [1789488434.954242153] [robot_1.robot_supervisor]: Triggered uncontrollable event: EV_obstacle_right
[balanced_delivery_supervisor-20] [INFO] [1789488434.955206618] [robot_1.robot_supervisor]: Selected controllable event: EV_u_turn
[balanced_delivery_supervisor-20] [INFO] [1789488434.971572847] [robot_1.robot_supervisor]: Starting FULL ROTATE (omega=1.000, have_odom=True, target_rad=3.142, timeout_s=3.500)
[balanced_delivery_supervisor-24] [INFO] [1789488435.100096233] [robot_0.robot_supervisor]: Selected controllable event: EV_search_zone
[balanced_delivery_supervisor-22] [INFO] [1789488435.155227131] [robot_2.robot_supervisor]: Selected controllable event: EV_search_zone
[balanced_delivery_supervisor-22] [INFO] [1789488435.280297449] [robot_2.robot_supervisor]: Selected controllable event: EV_move_forward
[balanced_delivery_supervisor-24] [INFO] [1789488435.280732871] [robot_0.robot_supervisor]: Selected controllable event: EV_search_zone
[balanced_delivery_supervisor-24] [INFO] [1789488435.475215438] [robot_0.robot_supervisor]: Selected controllable event: EV_move_forward
[balanced_delivery_supervisor-22] [INFO] [1789488435.566269475] [robot_2.robot_supervisor]: Triggered uncontrollable event: EV_zone_a_not_visible
[balanced_delivery_supervisor-22] [INFO] [1789488435.567121149] [robot_2.robot_supervisor]: Triggered uncontrollable event: EV_zone_b_not_visible
[balanced_delivery_supervisor-22] [INFO] [1789488435.568079249] [robot_2.robot_supervisor]: Selected controllable event: EV_search_zone
[balanced_delivery_supervisor-24] [INFO] [1789488435.682783266] [robot_0.robot_supervisor]: Triggered uncontrollable event: EV_zone_a_not_visible
[balanced_delivery_supervisor-24] [INFO] [1789488435.696280375] [robot_0.robot_supervisor]: Triggered uncontrollable event: EV_zone_b_not_visible
[balanced_delivery_supervisor-24] [INFO] [1789488435.707620159] [robot_0.robot_supervisor]: Selected controllable event: EV_search_zone
[balanced_delivery_supervisor-22] [INFO] [1789488435.776137798] [robot_2.robot_supervisor]: Selected controllable event: EV_move_forward
[balanced_delivery_supervisor-24] [INFO] [1789488435.880534385] [robot_0.robot_supervisor]: Selected controllable event: EV_move_forward
[balanced_delivery_supervisor-22] [INFO] [1789488436.057881122] [robot_2.robot_supervisor]: Selected controllable event: EV_search_zone
[balanced_delivery_supervisor-24] [INFO] [1789488436.091645547] [robot_0.robot_supervisor]: Selected controllable event: EV_move_forward
[balanced_delivery_supervisor-22] [INFO] [1789488436.257181755] [robot_2.robot_supervisor]: Selected controllable event: EV_move_forward
[balanced_delivery_supervisor-24] [INFO] [1789488436.403147055] [robot_0.robot_supervisor]: Selected controllable event: EV_move_forward
[balanced_delivery_supervisor-22] [INFO] [1789488436.460144471] [robot_2.robot_supervisor]: Triggered uncontrollable event: EV_zone_a_not_visible
[balanced_delivery_supervisor-22] [INFO] [1789488436.460951980] [robot_2.robot_supervisor]: Triggered uncontrollable event: EV_zone_b_not_visible
[balanced_delivery_supervisor-22] [INFO] [1789488436.471283797] [robot_2.robot_supervisor]: Selected controllable event: EV_move_forward
[balanced_delivery_supervisor-24] [INFO] [1789488436.690061235] [robot_0.robot_supervisor]: Triggered uncontrollable event: EV_zone_a_not_visible
[balanced_delivery_supervisor-24] [INFO] [1789488436.690840184] [robot_0.robot_supervisor]: Triggered uncontrollable event: EV_zone_b_not_visible
[balanced_delivery_supervisor-24] [INFO] [1789488436.691675236] [robot_0.robot_supervisor]: Selected controllable event: EV_search_zone
[balanced_delivery_supervisor-22] [INFO] [1789488436.765152270] [robot_2.robot_supervisor]: Selected controllable event: EV_move_forward
[balanced_delivery_supervisor-24] [INFO] [1789488436.795066727] [robot_0.robot_supervisor]: Selected controllable event: EV_move_forward
[balanced_delivery_supervisor-22] [INFO] [1789488437.053227416] [robot_2.robot_supervisor]: Selected controllable event: EV_search_zone
[balanced_delivery_supervisor-24] [INFO] [1789488437.092164448] [robot_0.robot_supervisor]: Selected controllable event: EV_move_forward
[balanced_delivery_supervisor-22] [INFO] [1789488437.277406856] [robot_2.robot_supervisor]: Triggered uncontrollable event: EV_zone_a_not_visible
[balanced_delivery_supervisor-22] [INFO] [1789488437.294335147] [robot_2.robot_supervisor]: Selected controllable event: EV_search_zone
[balanced_delivery_supervisor-24] [INFO] [1789488437.379608117] [robot_0.robot_supervisor]: Selected controllable event: EV_search_zone
[balanced_delivery_supervisor-22] [INFO] [1789488437.465896663] [robot_2.robot_supervisor]: Triggered uncontrollable event: EV_zone_b_not_visible
[balanced_delivery_supervisor-22] [INFO] [1789488437.469904683] [robot_2.robot_supervisor]: Selected controllable event: EV_search_zone
[balanced_delivery_supervisor-24] [INFO] [1789488437.577165837] [robot_0.robot_supervisor]: Triggered uncontrollable event: EV_zone_a_visible
[balanced_delivery_supervisor-24] [INFO] [1789488437.584434725] [robot_0.robot_supervisor]: Triggered uncontrollable event: EV_zone_b_not_visible
[balanced_delivery_supervisor-24] [INFO] [1789488437.593813746] [robot_0.robot_supervisor]: Selected controllable event: EV_approach_zone
[balanced_delivery_supervisor-22] [INFO] [1789488437.660003916] [robot_2.robot_supervisor]: Selected controllable event: EV_search_zone
[balanced_delivery_supervisor-22] [INFO] [1789488437.847269301] [robot_2.robot_supervisor]: Selected controllable event: EV_move_forward
[balanced_delivery_supervisor-24] [INFO] [1789488437.874868475] [robot_0.robot_supervisor]: Selected controllable event: EV_move_forward
[balanced_delivery_supervisor-22] [INFO] [1789488438.073356022] [robot_2.robot_supervisor]: Selected controllable event: EV_move_forward
[balanced_delivery_supervisor-24] [INFO] [1789488438.087314337] [robot_0.robot_supervisor]: Selected controllable event: EV_approach_zone
[balanced_delivery_supervisor-22] [INFO] [1789488438.358267590] [robot_2.robot_supervisor]: Triggered uncontrollable event: EV_zone_a_not_visible
[balanced_delivery_supervisor-22] [INFO] [1789488438.361652625] [robot_2.robot_supervisor]: Triggered uncontrollable event: EV_zone_b_not_visible
[balanced_delivery_supervisor-22] [INFO] [1789488438.362527238] [robot_2.robot_supervisor]: Selected controllable event: EV_search_zone
[balanced_delivery_supervisor-24] [INFO] [1789488438.368708169] [robot_0.robot_supervisor]: Triggered uncontrollable event: EV_zone_a_visible
[balanced_delivery_supervisor-24] [INFO] [1789488438.386560515] [robot_0.robot_supervisor]: Triggered uncontrollable event: EV_zone_b_not_visible
[balanced_delivery_supervisor-24] [INFO] [1789488438.396610832] [robot_0.robot_supervisor]: Selected controllable event: EV_approach_zone
[balanced_delivery_supervisor-20] [INFO] [1789488438.467562357] [robot_1.robot_supervisor]: FULL ROTATE completed by timeout
[balanced_delivery_supervisor-22] [INFO] [1789488438.565228556] [robot_2.robot_supervisor]: Selected controllable event: EV_search_zone
[balanced_delivery_supervisor-24] [INFO] [1789488438.687203149] [robot_0.robot_supervisor]: Selected controllable event: EV_move_forward
[balanced_delivery_supervisor-20] [INFO] [1789488438.759010821] [robot_1.robot_supervisor]: Triggered uncontrollable event: EV_zone_a_not_visible
[balanced_delivery_supervisor-20] [INFO] [1789488438.759813521] [robot_1.robot_supervisor]: Triggered uncontrollable event: EV_zone_b_not_visible
[balanced_delivery_supervisor-20] [INFO] [1789488438.760708288] [robot_1.robot_supervisor]: Selected controllable event: EV_search_zone
[balanced_delivery_supervisor-22] [INFO] [1789488438.765834225] [robot_2.robot_supervisor]: Selected controllable event: EV_move_forward
[balanced_delivery_supervisor-24] [INFO] [1789488438.902316615] [robot_0.robot_supervisor]: Selected controllable event: EV_move_forward
[balanced_delivery_supervisor-20] [INFO] [1789488438.966053441] [robot_1.robot_supervisor]: Selected controllable event: EV_search_zone
[balanced_delivery_supervisor-22] [INFO] [1789488439.075260355] [robot_2.robot_supervisor]: Triggered uncontrollable event: EV_zone_a_visible
[balanced_delivery_supervisor-22] [INFO] [1789488439.080000669] [robot_2.robot_supervisor]: Selected controllable event: EV_approach_zone
[balanced_delivery_supervisor-20] [INFO] [1789488439.152748220] [robot_1.robot_supervisor]: Selected controllable event: EV_search_zone
[balanced_delivery_supervisor-24] [INFO] [1789488439.185358830] [robot_0.robot_supervisor]: Triggered uncontrollable event: EV_zone_a_visible
[balanced_delivery_supervisor-24] [INFO] [1789488439.186300178] [robot_0.robot_supervisor]: Selected controllable event: EV_approach_zone
[balanced_delivery_supervisor-20] [INFO] [1789488439.255255387] [robot_1.robot_supervisor]: Triggered uncontrollable event: EV_zone_a_not_visible
[balanced_delivery_supervisor-20] [INFO] [1789488439.275166767] [robot_1.robot_supervisor]: Triggered uncontrollable event: EV_zone_b_not_visible
[balanced_delivery_supervisor-20] [INFO] [1789488439.276167401] [robot_1.robot_supervisor]: Selected controllable event: EV_move_forward
[balanced_delivery_supervisor-22] [INFO] [1789488439.360169942] [robot_2.robot_supervisor]: Triggered uncontrollable event: EV_zone_b_not_visible
[balanced_delivery_supervisor-22] [INFO] [1789488439.366444802] [robot_2.robot_supervisor]: Selected controllable event: EV_approach_zone
[balanced_delivery_supervisor-24] [INFO] [1789488439.489377373] [robot_0.robot_supervisor]: Triggered uncontrollable event: EV_zone_b_not_visible
[balanced_delivery_supervisor-24] [INFO] [1789488439.500680093] [robot_0.robot_supervisor]: Selected controllable event: EV_approach_zone
[balanced_delivery_supervisor-20] [INFO] [1789488439.542271835] [robot_1.robot_supervisor]: Selected controllable event: EV_move_forward
[balanced_delivery_supervisor-22] [INFO] [1789488439.663962991] [robot_2.robot_supervisor]: Selected controllable event: EV_approach_zone
[balanced_delivery_supervisor-24] [INFO] [1789488439.799635925] [robot_0.robot_supervisor]: Selected controllable event: EV_move_forward
[balanced_delivery_supervisor-20] [INFO] [1789488439.833125057] [robot_1.robot_supervisor]: Selected controllable event: EV_move_forward
[balanced_delivery_supervisor-22] [INFO] [1789488439.973251874] [robot_2.robot_supervisor]: Selected controllable event: EV_approach_zone
[balanced_delivery_supervisor-20] [INFO] [1789488440.065891390] [robot_1.robot_supervisor]: Selected controllable event: EV_search_zone
[balanced_delivery_supervisor-24] [INFO] [1789488440.070254554] [robot_0.robot_supervisor]: Selected controllable event: EV_move_forward
[balanced_delivery_supervisor-20] [INFO] [1789488440.236271677] [robot_1.robot_supervisor]: Triggered uncontrollable event: EV_zone_a_not_visible
[balanced_delivery_supervisor-22] [INFO] [1789488440.257077573] [robot_2.robot_supervisor]: Triggered uncontrollable event: EV_zone_a_visible
[balanced_delivery_supervisor-22] [INFO] [1789488440.257905117] [robot_2.robot_supervisor]: Triggered uncontrollable event: EV_zone_b_visible
[balanced_delivery_supervisor-20] [INFO] [1789488440.263004910] [robot_1.robot_supervisor]: Triggered uncontrollable event: EV_zone_b_not_visible
[balanced_delivery_supervisor-20] [INFO] [1789488440.263936955] [robot_1.robot_supervisor]: Selected controllable event: EV_search_zone
[balanced_delivery_supervisor-22] [INFO] [1789488440.277590673] [robot_2.robot_supervisor]: Selected controllable event: EV_approach_zone
[balanced_delivery_supervisor-24] [INFO] [1789488440.292587620] [robot_0.robot_supervisor]: Triggered uncontrollable event: EV_zone_a_visible
[balanced_delivery_supervisor-24] [INFO] [1789488440.293477146] [robot_0.robot_supervisor]: Triggered uncontrollable event: EV_zone_b_not_visible
[balanced_delivery_supervisor-24] [INFO] [1789488440.294453340] [robot_0.robot_supervisor]: Selected controllable event: EV_approach_zone
[balanced_delivery_supervisor-20] [INFO] [1789488440.438118253] [robot_1.robot_supervisor]: Selected controllable event: EV_move_forward
[balanced_delivery_supervisor-22] [INFO] [1789488440.555880582] [robot_2.robot_supervisor]: Selected controllable event: EV_move_forward
[balanced_delivery_supervisor-24] [INFO] [1789488440.576237521] [robot_0.robot_supervisor]: Selected controllable event: EV_approach_zone
[balanced_delivery_supervisor-20] [INFO] [1789488440.648730329] [robot_1.robot_supervisor]: Selected controllable event: EV_move_forward
[color_detector-31] [INFO] [1789488440.870096838] [robot_0.target_detector]: RGB HEARTBEAT frames_total=130 recent_rate_hz=1.101 last_frame_age_s=0.764 status=OK
[color_detector-27] [INFO] [1789488440.875461368] [robot_1.target_detector]: RGB HEARTBEAT frames_total=130 recent_rate_hz=1.100 last_frame_age_s=0.831 status=OK
[balanced_delivery_supervisor-22] [INFO] [1789488440.885653013] [robot_2.robot_supervisor]: Selected controllable event: EV_approach_zone
[color_detector-29] [INFO] [1789488440.889771882] [robot_2.target_detector]: RGB HEARTBEAT frames_total=130 recent_rate_hz=1.099 last_frame_age_s=0.860 status=OK
[balanced_delivery_supervisor-24] [INFO] [1789488440.892320451] [robot_0.robot_supervisor]: Selected controllable event: EV_approach_zone
[balanced_delivery_supervisor-20] [INFO] [1789488440.967478472] [robot_1.robot_supervisor]: Selected controllable event: EV_move_forward
[balanced_delivery_supervisor-24] [INFO] [1789488441.116410106] [robot_0.robot_supervisor]: Selected controllable event: EV_approach_zone
[balanced_delivery_supervisor-22] [INFO] [1789488441.175388826] [robot_2.robot_supervisor]: Triggered uncontrollable event: EV_zone_a_visible
[balanced_delivery_supervisor-22] [INFO] [1789488441.176183369] [robot_2.robot_supervisor]: Triggered uncontrollable event: EV_zone_b_visible
[balanced_delivery_supervisor-22] [INFO] [1789488441.199511801] [robot_2.robot_supervisor]: Selected controllable event: EV_move_forward
[balanced_delivery_supervisor-20] [INFO] [1789488441.272345726] [robot_1.robot_supervisor]: Triggered uncontrollable event: EV_zone_a_not_visible
[balanced_delivery_supervisor-20] [INFO] [1789488441.273199532] [robot_1.robot_supervisor]: Triggered uncontrollable event: EV_obstacle_right
[balanced_delivery_supervisor-20] [INFO] [1789488441.273932115] [robot_1.robot_supervisor]: Triggered uncontrollable event: EV_zone_b_not_visible
[balanced_delivery_supervisor-20] [INFO] [1789488441.299146434] [robot_1.robot_supervisor]: Selected controllable event: EV_rotate_counterclockwise
[balanced_delivery_supervisor-24] [INFO] [1789488441.381818653] [robot_0.robot_supervisor]: Triggered uncontrollable event: EV_zone_b_not_visible
[balanced_delivery_supervisor-24] [INFO] [1789488441.382731746] [robot_0.robot_supervisor]: Triggered uncontrollable event: EV_zone_a_reached
[balanced_delivery_supervisor-24] [INFO] [1789488441.383843684] [robot_0.robot_supervisor]: Selected controllable event: EV_move_forward
[balanced_delivery_supervisor-20] [INFO] [1789488441.454150555] [robot_1.robot_supervisor]: Triggered uncontrollable event: EV_obstacle_right
[balanced_delivery_supervisor-20] [INFO] [1789488441.455118797] [robot_1.robot_supervisor]: Selected controllable event: EV_rotate_counterclockwise
[balanced_delivery_supervisor-22] [INFO] [1789488441.466256206] [robot_2.robot_supervisor]: Selected controllable event: EV_approach_zone
[balanced_delivery_supervisor-20] [INFO] [1789488441.561756869] [robot_1.robot_supervisor]: Triggered uncontrollable event: EV_obstacle_right
[balanced_delivery_supervisor-20] [INFO] [1789488441.562793590] [robot_1.robot_supervisor]: Selected controllable event: EV_u_turn
[balanced_delivery_supervisor-20] [INFO] [1789488441.563729603] [robot_1.robot_supervisor]: Starting FULL ROTATE (omega=1.000, have_odom=True, target_rad=3.142, timeout_s=3.500)
[balanced_delivery_supervisor-24] [INFO] [1789488441.610440102] [robot_0.robot_supervisor]: Selected controllable event: EV_move_forward
[balanced_delivery_supervisor-22] [INFO] [1789488441.756462731] [robot_2.robot_supervisor]: Selected controllable event: EV_move_forward
[balanced_delivery_supervisor-24] [INFO] [1789488441.861790777] [robot_0.robot_supervisor]: Selected controllable event: EV_move_forward
[balanced_delivery_supervisor-22] [INFO] [1789488441.967644513] [robot_2.robot_supervisor]: Triggered uncontrollable event: EV_zone_a_visible
[balanced_delivery_supervisor-22] [INFO] [1789488441.987779658] [robot_2.robot_supervisor]: Selected controllable event: EV_move_forward
[balanced_delivery_supervisor-24] [INFO] [1789488442.081883457] [robot_0.robot_supervisor]: Triggered uncontrollable event: EV_obstacle_front
[balanced_delivery_supervisor-24] [INFO] [1789488442.082697624] [robot_0.robot_supervisor]: Triggered uncontrollable event: EV_zone_a_reached
[balanced_delivery_supervisor-24] [INFO] [1789488442.106494272] [robot_0.robot_supervisor]: Selected controllable event: EV_move_backward
[balanced_delivery_supervisor-22] [INFO] [1789488442.262206507] [robot_2.robot_supervisor]: Triggered uncontrollable event: EV_zone_b_visible
[balanced_delivery_supervisor-22] [INFO] [1789488442.275442198] [robot_2.robot_supervisor]: Selected controllable event: EV_move_forward
[balanced_delivery_supervisor-24] [INFO] [1789488442.381881761] [robot_0.robot_supervisor]: DELIVERED zone_a; balance=equal
[balanced_delivery_supervisor-24] [INFO] [1789488442.382758792] [robot_0.robot_supervisor]: Triggered uncontrollable event: EV_obstacle_front
[balanced_delivery_supervisor-24] [INFO] [1789488442.402141477] [robot_0.robot_supervisor]: Triggered uncontrollable event: EV_zone_b_not_visible
[balanced_delivery_supervisor-24] [INFO] [1789488442.403018933] [robot_0.robot_supervisor]: Selected controllable event: EV_drop_zone_a
[balanced_delivery_supervisor-22] [INFO] [1789488442.415629735] [robot_2.robot_supervisor]: RECEIVED zone_a; balance=equal
[balanced_delivery_supervisor-20] [INFO] [1789488442.428114584] [robot_1.robot_supervisor]: RECEIVED zone_a; balance=equal
[balanced_delivery_supervisor-24] [INFO] [1789488442.472782800] [robot_0.robot_supervisor]: Delivered cargo 'robot_0_carried_generic_box' removed.
[balanced_delivery_supervisor-24] [INFO] [1789488442.491202764] [robot_0.robot_supervisor]: Triggered uncontrollable event: EV_obstacle_front
[balanced_delivery_supervisor-24] [INFO] [1789488442.492357610] [robot_0.robot_supervisor]: Selected controllable event: EV_move_backward
[balanced_delivery_supervisor-22] [INFO] [1789488442.564034622] [robot_2.robot_supervisor]: Triggered uncontrollable event: EV_received_delivered_zone_a
[balanced_delivery_supervisor-22] [INFO] [1789488442.565070927] [robot_2.robot_supervisor]: Selected controllable event: EV_move_forward
[balanced_delivery_supervisor-24] [INFO] [1789488442.763974861] [robot_0.robot_supervisor]: Triggered uncontrollable event: EV_obstacle_front
[balanced_delivery_supervisor-24] [INFO] [1789488442.781316164] [robot_0.robot_supervisor]: Selected controllable event: EV_publish_delivered_zone_a
[balanced_delivery_supervisor-22] [INFO] [1789488442.782071885] [robot_2.robot_supervisor]: Selected controllable event: EV_approach_zone
[balanced_delivery_supervisor-24] [INFO] [1789488442.884158570] [robot_0.robot_supervisor]: Triggered uncontrollable event: EV_obstacle_front
[balanced_delivery_supervisor-24] [INFO] [1789488442.892169442] [robot_0.robot_supervisor]: Selected controllable event: EV_rotate_clockwise
[balanced_delivery_supervisor-22] [INFO] [1789488443.058027061] [robot_2.robot_supervisor]: Triggered uncontrollable event: EV_zone_a_visible
[balanced_delivery_supervisor-22] [INFO] [1789488443.072984540] [robot_2.robot_supervisor]: Triggered uncontrollable event: EV_zone_b_visible
[balanced_delivery_supervisor-22] [INFO] [1789488443.073911843] [robot_2.robot_supervisor]: Selected controllable event: EV_approach_zone
[balanced_delivery_supervisor-24] [INFO] [1789488443.087749654] [robot_0.robot_supervisor]: Triggered uncontrollable event: EV_obstacle_front
[balanced_delivery_supervisor-24] [INFO] [1789488443.088879237] [robot_0.robot_supervisor]: Selected controllable event: EV_move_backward
[balanced_delivery_supervisor-22] [INFO] [1789488443.363160511] [robot_2.robot_supervisor]: Selected controllable event: EV_move_forward
[balanced_delivery_supervisor-24] [INFO] [1789488443.399556263] [robot_0.robot_supervisor]: Triggered uncontrollable event: EV_obstacle_front
[balanced_delivery_supervisor-24] [INFO] [1789488443.400574453] [robot_0.robot_supervisor]: Selected controllable event: EV_move_backward
[balanced_delivery_supervisor-22] [INFO] [1789488443.675927368] [robot_2.robot_supervisor]: Selected controllable event: EV_approach_zone
[balanced_delivery_supervisor-24] [INFO] [1789488443.687830080] [robot_0.robot_supervisor]: Triggered uncontrollable event: EV_obstacle_front
[balanced_delivery_supervisor-24] [INFO] [1789488443.688590388] [robot_0.robot_supervisor]: Selected controllable event: EV_rotate_counterclockwise
[balanced_delivery_supervisor-24] [INFO] [1789488443.888248903] [robot_0.robot_supervisor]: Triggered uncontrollable event: EV_obstacle_front
[balanced_delivery_supervisor-24] [INFO] [1789488443.908499748] [robot_0.robot_supervisor]: Selected controllable event: EV_move_backward
[balanced_delivery_supervisor-22] [INFO] [1789488443.983415468] [robot_2.robot_supervisor]: Triggered uncontrollable event: EV_zone_a_visible
[balanced_delivery_supervisor-22] [INFO] [1789488443.984158740] [robot_2.robot_supervisor]: Triggered uncontrollable event: EV_zone_b_visible
[balanced_delivery_supervisor-22] [INFO] [1789488443.985148546] [robot_2.robot_supervisor]: Selected controllable event: EV_move_forward
[balanced_delivery_supervisor-24] [INFO] [1789488444.178176003] [robot_0.robot_supervisor]: Triggered uncontrollable event: EV_obstacle_front
[balanced_delivery_supervisor-24] [INFO] [1789488444.187956528] [robot_0.robot_supervisor]: Selected controllable event: EV_rotate_counterclockwise
[balanced_delivery_supervisor-22] [INFO] [1789488444.258655618] [robot_2.robot_supervisor]: Selected controllable event: EV_move_forward
[balanced_delivery_supervisor-24] [INFO] [1789488444.375765973] [robot_0.robot_supervisor]: Triggered uncontrollable event: EV_obstacle_front
[balanced_delivery_supervisor-24] [INFO] [1789488444.389251363] [robot_0.robot_supervisor]: Selected controllable event: EV_rotate_counterclockwise
[balanced_delivery_supervisor-24] [INFO] [1789488444.563369632] [robot_0.robot_supervisor]: Triggered uncontrollable event: EV_obstacle_front
[balanced_delivery_supervisor-22] [INFO] [1789488444.545830560] [robot_2.robot_supervisor]: Selected controllable event: EV_approach_zone
[balanced_delivery_supervisor-24] [INFO] [1789488444.584045387] [robot_0.robot_supervisor]: Selected controllable event: EV_u_turn
[balanced_delivery_supervisor-24] [INFO] [1789488444.584937630] [robot_0.robot_supervisor]: Starting FULL ROTATE (omega=1.000, have_odom=True, target_rad=3.142, timeout_s=3.500)
[balanced_delivery_supervisor-22] [INFO] [1789488444.863184329] [robot_2.robot_supervisor]: Triggered uncontrollable event: EV_zone_a_visible
[balanced_delivery_supervisor-22] [INFO] [1789488444.863941091] [robot_2.robot_supervisor]: Triggered uncontrollable event: EV_zone_b_visible
[balanced_delivery_supervisor-22] [INFO] [1789488444.864813336] [robot_2.robot_supervisor]: Selected controllable event: EV_approach_zone
[balanced_delivery_supervisor-20] [INFO] [1789488445.144246277] [robot_1.robot_supervisor]: FULL ROTATE completed by timeout
[balanced_delivery_supervisor-22] [INFO] [1789488445.161167994] [robot_2.robot_supervisor]: Selected controllable event: EV_approach_zone
[balanced_delivery_supervisor-20] [INFO] [1789488445.465362679] [robot_1.robot_supervisor]: Triggered uncontrollable event: EV_zone_a_not_visible
[balanced_delivery_supervisor-20] [INFO] [1789488445.466183826] [robot_1.robot_supervisor]: Triggered uncontrollable event: EV_received_delivered_zone_a
[balanced_delivery_supervisor-20] [INFO] [1789488445.466770933] [robot_1.robot_supervisor]: Triggered uncontrollable event: EV_zone_b_not_visible
[balanced_delivery_supervisor-20] [INFO] [1789488445.467797983] [robot_1.robot_supervisor]: Selected controllable event: EV_move_forward
[balanced_delivery_supervisor-22] [INFO] [1789488445.477392612] [robot_2.robot_supervisor]: Selected controllable event: EV_move_forward
[balanced_delivery_supervisor-20] [INFO] [1789488445.756214753] [robot_1.robot_supervisor]: Triggered uncontrollable event: EV_zone_a_not_visible
[balanced_delivery_supervisor-20] [INFO] [1789488445.757208192] [robot_1.robot_supervisor]: Selected controllable event: EV_move_forward
[balanced_delivery_supervisor-22] [INFO] [1789488445.769338888] [robot_2.robot_supervisor]: Triggered uncontrollable event: EV_zone_a_visible
[balanced_delivery_supervisor-22] [INFO] [1789488445.770153806] [robot_2.robot_supervisor]: Triggered uncontrollable event: EV_zone_b_visible
[balanced_delivery_supervisor-22] [INFO] [1789488445.786145283] [robot_2.robot_supervisor]: Selected controllable event: EV_approach_zone
[balanced_delivery_supervisor-22] [INFO] [1789488446.049307342] [robot_2.robot_supervisor]: Selected controllable event: EV_move_forward
[balanced_delivery_supervisor-20] [INFO] [1789488446.066669747] [robot_1.robot_supervisor]: Triggered uncontrollable event: EV_zone_b_visible
[balanced_delivery_supervisor-20] [INFO] [1789488446.067648045] [robot_1.robot_supervisor]: Selected controllable event: EV_move_forward
[balanced_delivery_supervisor-22] [INFO] [1789488446.264520842] [robot_2.robot_supervisor]: Selected controllable event: EV_approach_zone
[balanced_delivery_supervisor-20] [INFO] [1789488446.348483385] [robot_1.robot_supervisor]: Selected controllable event: EV_approach_zone
[balanced_delivery_supervisor-22] [INFO] [1789488446.567942114] [robot_2.robot_supervisor]: Selected controllable event: EV_move_forward
[balanced_delivery_supervisor-20] [INFO] [1789488446.578574173] [robot_1.robot_supervisor]: Selected controllable event: EV_move_forward
[balanced_delivery_supervisor-22] [INFO] [1789488446.843040055] [robot_2.robot_supervisor]: Triggered uncontrollable event: EV_zone_a_visible
[balanced_delivery_supervisor-22] [INFO] [1789488446.843785961] [robot_2.robot_supervisor]: Triggered uncontrollable event: EV_zone_b_visible
[balanced_delivery_supervisor-22] [INFO] [1789488446.855697101] [robot_2.robot_supervisor]: Selected controllable event: EV_approach_zone
[balanced_delivery_supervisor-20] [INFO] [1789488446.864295422] [robot_1.robot_supervisor]: Triggered uncontrollable event: EV_zone_b_visible
[balanced_delivery_supervisor-20] [INFO] [1789488446.867840319] [robot_1.robot_supervisor]: Triggered uncontrollable event: EV_zone_a_not_visible
[balanced_delivery_supervisor-20] [INFO] [1789488446.869943766] [robot_1.robot_supervisor]: Selected controllable event: EV_approach_zone
[balanced_delivery_supervisor-20] [INFO] [1789488447.152780657] [robot_1.robot_supervisor]: Selected controllable event: EV_approach_zone
[balanced_delivery_supervisor-22] [INFO] [1789488447.174561310] [robot_2.robot_supervisor]: Selected controllable event: EV_approach_zone
[balanced_delivery_supervisor-20] [INFO] [1789488447.460651347] [robot_1.robot_supervisor]: Triggered uncontrollable event: EV_zone_b_visible
[balanced_delivery_supervisor-20] [INFO] [1789488447.463725657] [robot_1.robot_supervisor]: Triggered uncontrollable event: EV_zone_a_not_visible
[balanced_delivery_supervisor-22] [INFO] [1789488447.449834323] [robot_2.robot_supervisor]: Triggered uncontrollable event: EV_zone_a_visible
[balanced_delivery_supervisor-22] [INFO] [1789488447.466728803] [robot_2.robot_supervisor]: Triggered uncontrollable event: EV_zone_b_reached
[balanced_delivery_supervisor-22] [INFO] [1789488447.467626251] [robot_2.robot_supervisor]: Selected controllable event: EV_move_forward
[balanced_delivery_supervisor-20] [INFO] [1789488447.470350352] [robot_1.robot_supervisor]: Selected controllable event: EV_move_forward
[balanced_delivery_supervisor-22] [INFO] [1789488447.670123918] [robot_2.robot_supervisor]: Selected controllable event: EV_approach_zone
[balanced_delivery_supervisor-20] [INFO] [1789488447.749125122] [robot_1.robot_supervisor]: Selected controllable event: EV_approach_zone
[balanced_delivery_supervisor-22] [INFO] [1789488447.950438026] [robot_2.robot_supervisor]: Selected controllable event: EV_move_forward
[balanced_delivery_supervisor-20] [INFO] [1789488448.078927238] [robot_1.robot_supervisor]: Selected controllable event: EV_approach_zone
[balanced_delivery_supervisor-24] [INFO] [1789488448.185937075] [robot_0.robot_supervisor]: FULL ROTATE completed by timeout
[balanced_delivery_supervisor-22] [INFO] [1789488448.242984851] [robot_2.robot_supervisor]: Triggered uncontrollable event: EV_zone_a_visible
[balanced_delivery_supervisor-22] [INFO] [1789488448.243637975] [robot_2.robot_supervisor]: Triggered uncontrollable event: EV_obstacle_front
[balanced_delivery_supervisor-22] [INFO] [1789488448.259200844] [robot_2.robot_supervisor]: Selected controllable event: EV_rotate_counterclockwise
[balanced_delivery_supervisor-20] [INFO] [1789488448.348230974] [robot_1.robot_supervisor]: Triggered uncontrollable event: EV_zone_b_visible
[balanced_delivery_supervisor-20] [INFO] [1789488448.348886094] [robot_1.robot_supervisor]: Triggered uncontrollable event: EV_zone_a_not_visible
[balanced_delivery_supervisor-20] [INFO] [1789488448.349713790] [robot_1.robot_supervisor]: Selected controllable event: EV_move_forward
[balanced_delivery_supervisor-22] [INFO] [1789488448.370216063] [robot_2.robot_supervisor]: Triggered uncontrollable event: EV_zone_b_reached
[balanced_delivery_supervisor-22] [INFO] [1789488448.376540827] [robot_2.robot_supervisor]: Triggered uncontrollable event: EV_obstacle_front
[balanced_delivery_supervisor-22] [INFO] [1789488448.390537724] [robot_2.robot_supervisor]: Selected controllable event: EV_rotate_counterclockwise
[balanced_delivery_supervisor-24] [INFO] [1789488448.487575218] [robot_0.robot_supervisor]: Selected controllable event: EV_move_forward
[balanced_delivery_supervisor-22] [INFO] [1789488448.553279033] [robot_2.robot_supervisor]: Triggered uncontrollable event: EV_obstacle_front
[balanced_delivery_supervisor-22] [INFO] [1789488448.554186195] [robot_2.robot_supervisor]: Selected controllable event: EV_move_backward
[balanced_delivery_supervisor-20] [INFO] [1789488448.653005036] [robot_1.robot_supervisor]: Selected controllable event: EV_move_forward
[balanced_delivery_supervisor-24] [INFO] [1789488448.771737858] [robot_0.robot_supervisor]: Selected controllable event: EV_move_forward
[balanced_delivery_supervisor-20] [INFO] [1789488448.864986112] [robot_1.robot_supervisor]: Selected controllable event: EV_approach_zone
[balanced_delivery_supervisor-22] [INFO] [1789488448.891340544] [robot_2.robot_supervisor]: Triggered uncontrollable event: EV_obstacle_front
[balanced_delivery_supervisor-22] [INFO] [1789488448.892229033] [robot_2.robot_supervisor]: Selected controllable event: EV_rotate_clockwise
[balanced_delivery_supervisor-22] [INFO] [1789488449.041785766] [robot_2.robot_supervisor]: Triggered uncontrollable event: EV_zone_a_visible
[balanced_delivery_supervisor-22] [INFO] [1789488449.042404560] [robot_2.robot_supervisor]: Triggered uncontrollable event: EV_zone_b_reached
[balanced_delivery_supervisor-22] [INFO] [1789488449.056138467] [robot_2.robot_supervisor]: Triggered uncontrollable event: EV_obstacle_front
[balanced_delivery_supervisor-22] [INFO] [1789488449.060244850] [robot_2.robot_supervisor]: Selected controllable event: EV_u_turn
[balanced_delivery_supervisor-24] [INFO] [1789488449.064818480] [robot_0.robot_supervisor]: Selected controllable event: EV_move_forward
[balanced_delivery_supervisor-22] [INFO] [1789488449.065392327] [robot_2.robot_supervisor]: Starting FULL ROTATE (omega=1.000, have_odom=True, target_rad=3.142, timeout_s=3.500)
[balanced_delivery_supervisor-20] [INFO] [1789488449.160550180] [robot_1.robot_supervisor]: Triggered uncontrollable event: EV_zone_b_visible
[balanced_delivery_supervisor-20] [INFO] [1789488449.161243884] [robot_1.robot_supervisor]: Triggered uncontrollable event: EV_zone_a_not_visible
[balanced_delivery_supervisor-20] [INFO] [1789488449.162061572] [robot_1.robot_supervisor]: Selected controllable event: EV_move_forward
[balanced_delivery_supervisor-24] [INFO] [1789488449.291940039] [robot_0.robot_supervisor]: Selected controllable event: EV_search_object
[balanced_delivery_supervisor-20] [INFO] [1789488449.451805341] [robot_1.robot_supervisor]: Selected controllable event: EV_approach_zone
[balanced_delivery_supervisor-24] [INFO] [1789488449.470971207] [robot_0.robot_supervisor]: Selected controllable event: EV_move_forward
[color_detector-29] [INFO] [1789488449.654302552] [robot_2.target_detector]: RGB HEARTBEAT frames_total=140 recent_rate_hz=1.141 last_frame_age_s=0.713 status=OK
[balanced_delivery_supervisor-24] [INFO] [1789488449.677196735] [robot_0.robot_supervisor]: Selected controllable event: EV_move_forward
[color_detector-31] [INFO] [1789488449.690576756] [robot_0.target_detector]: RGB HEARTBEAT frames_total=140 recent_rate_hz=1.134 last_frame_age_s=0.583 status=OK
[color_detector-27] [INFO] [1789488449.699048746] [robot_1.target_detector]: RGB HEARTBEAT frames_total=140 recent_rate_hz=1.133 last_frame_age_s=0.689 status=OK
[balanced_delivery_supervisor-20] [INFO] [1789488449.767842151] [robot_1.robot_supervisor]: Selected controllable event: EV_move_forward
[balanced_delivery_supervisor-24] [INFO] [1789488449.975538915] [robot_0.robot_supervisor]: Selected controllable event: EV_search_object
[balanced_delivery_supervisor-20] [INFO] [1789488450.041184459] [robot_1.robot_supervisor]: Triggered uncontrollable event: EV_zone_b_visible
[balanced_delivery_supervisor-20] [INFO] [1789488450.041821323] [robot_1.robot_supervisor]: Triggered uncontrollable event: EV_zone_a_not_visible
[balanced_delivery_supervisor-20] [INFO] [1789488450.042662079] [robot_1.robot_supervisor]: Selected controllable event: EV_approach_zone
[balanced_delivery_supervisor-24] [INFO] [1789488450.173273724] [robot_0.robot_supervisor]: Selected controllable event: EV_search_object
[balanced_delivery_supervisor-20] [INFO] [1789488450.250489168] [robot_1.robot_supervisor]: Selected controllable event: EV_approach_zone
[balanced_delivery_supervisor-24] [INFO] [1789488450.289530976] [robot_0.robot_supervisor]: Selected controllable event: EV_search_object
[balanced_delivery_supervisor-20] [INFO] [1789488450.453373437] [robot_1.robot_supervisor]: Selected controllable event: EV_approach_zone
[balanced_delivery_supervisor-24] [INFO] [1789488450.476060151] [robot_0.robot_supervisor]: Selected controllable event: EV_move_forward
[balanced_delivery_supervisor-20] [INFO] [1789488450.666020902] [robot_1.robot_supervisor]: Selected controllable event: EV_approach_zone
[balanced_delivery_supervisor-24] [INFO] [1789488450.777876321] [robot_0.robot_supervisor]: Selected controllable event: EV_search_object
[balanced_delivery_supervisor-20] [INFO] [1789488450.954575904] [robot_1.robot_supervisor]: Triggered uncontrollable event: EV_zone_b_visible
[balanced_delivery_supervisor-20] [INFO] [1789488450.964935234] [robot_1.robot_supervisor]: Triggered uncontrollable event: EV_zone_a_not_visible
[balanced_delivery_supervisor-24] [INFO] [1789488450.971480346] [robot_0.robot_supervisor]: Selected controllable event: EV_move_forward
[balanced_delivery_supervisor-20] [INFO] [1789488450.975229965] [robot_1.robot_supervisor]: Selected controllable event: EV_move_forward
[balanced_delivery_supervisor-24] [INFO] [1789488451.180466145] [robot_0.robot_supervisor]: Selected controllable event: EV_move_forward
[balanced_delivery_supervisor-20] [INFO] [1789488451.248346660] [robot_1.robot_supervisor]: Selected controllable event: EV_move_forward
[balanced_delivery_supervisor-24] [INFO] [1789488451.493563542] [robot_0.robot_supervisor]: Selected controllable event: EV_move_forward
[balanced_delivery_supervisor-20] [INFO] [1789488451.557411505] [robot_1.robot_supervisor]: Selected controllable event: EV_approach_zone
[balanced_delivery_supervisor-24] [INFO] [1789488451.773400721] [robot_0.robot_supervisor]: Selected controllable event: EV_search_object
[balanced_delivery_supervisor-20] [INFO] [1789488451.849030473] [robot_1.robot_supervisor]: Triggered uncontrollable event: EV_zone_b_visible
[balanced_delivery_supervisor-20] [INFO] [1789488451.849712502] [robot_1.robot_supervisor]: Triggered uncontrollable event: EV_zone_a_not_visible
[balanced_delivery_supervisor-20] [INFO] [1789488451.863207686] [robot_1.robot_supervisor]: Selected controllable event: EV_move_forward
[balanced_delivery_supervisor-24] [INFO] [1789488451.887993273] [robot_0.robot_supervisor]: Selected controllable event: EV_move_forward
[balanced_delivery_supervisor-20] [INFO] [1789488452.142887488] [robot_1.robot_supervisor]: Selected controllable event: EV_move_forward
[balanced_delivery_supervisor-24] [INFO] [1789488452.179031949] [robot_0.robot_supervisor]: Selected controllable event: EV_move_forward
[balanced_delivery_supervisor-20] [INFO] [1789488452.362524038] [robot_1.robot_supervisor]: Selected controllable event: EV_move_forward
[balanced_delivery_supervisor-24] [INFO] [1789488452.484890820] [robot_0.robot_supervisor]: Selected controllable event: EV_move_forward
[balanced_delivery_supervisor-20] [INFO] [1789488452.669086229] [robot_1.robot_supervisor]: DELIVERED zone_b; balance=zone_b_has_extra
[balanced_delivery_supervisor-20] [INFO] [1789488452.674229954] [robot_1.robot_supervisor]: Triggered uncontrollable event: EV_zone_a_not_visible
[balanced_delivery_supervisor-22] [INFO] [1789488452.670373202] [robot_2.robot_supervisor]: FULL ROTATE completed by timeout
[balanced_delivery_supervisor-20] [INFO] [1789488452.682078415] [robot_1.robot_supervisor]: Triggered uncontrollable event: EV_zone_b_reached
[balanced_delivery_supervisor-20] [INFO] [1789488452.685043676] [robot_1.robot_supervisor]: Selected controllable event: EV_drop_zone_b
[balanced_delivery_supervisor-24] [INFO] [1789488452.685880204] [robot_0.robot_supervisor]: RECEIVED zone_b; balance=zone_b_has_extra
[balanced_delivery_supervisor-22] [INFO] [1789488452.718820537] [robot_2.robot_supervisor]: RECEIVED zone_b; balance=zone_b_has_extra
[balanced_delivery_supervisor-20] [INFO] [1789488452.737327692] [robot_1.robot_supervisor]: Delivered cargo 'robot_1_carried_generic_box' removed.
[balanced_delivery_supervisor-20] [INFO] [1789488452.758958356] [robot_1.robot_supervisor]: Selected controllable event: EV_search_object
[balanced_delivery_supervisor-24] [INFO] [1789488452.784566180] [robot_0.robot_supervisor]: Triggered uncontrollable event: EV_received_delivered_zone_b
[balanced_delivery_supervisor-24] [INFO] [1789488452.785431822] [robot_0.robot_supervisor]: Selected controllable event: EV_search_object
[balanced_delivery_supervisor-20] [INFO] [1789488452.953318539] [robot_1.robot_supervisor]: Selected controllable event: EV_search_object
[balanced_delivery_supervisor-22] [INFO] [1789488452.964951738] [robot_2.robot_supervisor]: Triggered uncontrollable event: EV_zone_a_not_visible
[balanced_delivery_supervisor-22] [INFO] [1789488452.965607198] [robot_2.robot_supervisor]: Triggered uncontrollable event: EV_zone_b_reached
[balanced_delivery_supervisor-22] [INFO] [1789488452.966232323] [robot_2.robot_supervisor]: Triggered uncontrollable event: EV_received_delivered_zone_b
[balanced_delivery_supervisor-24] [INFO] [1789488452.966976190] [robot_0.robot_supervisor]: Selected controllable event: EV_search_object
[balanced_delivery_supervisor-22] [INFO] [1789488452.983189760] [robot_2.robot_supervisor]: Selected controllable event: EV_search_zone
[balanced_delivery_supervisor-24] [INFO] [1789488453.092757859] [robot_0.robot_supervisor]: Selected controllable event: EV_move_forward
[balanced_delivery_supervisor-20] [INFO] [1789488453.145890928] [robot_1.robot_supervisor]: Selected controllable event: EV_publish_delivered_zone_b
[balanced_delivery_supervisor-22] [INFO] [1789488453.167275682] [robot_2.robot_supervisor]: Selected controllable event: EV_search_zone
[balanced_delivery_supervisor-20] [INFO] [1789488453.249220080] [robot_1.robot_supervisor]: Selected controllable event: EV_search_object
[balanced_delivery_supervisor-20] [INFO] [1789488453.353211116] [robot_1.robot_supervisor]: ############################# VISIBLE: EV_object_visible #############################
[balanced_delivery_supervisor-20] [INFO] [1789488453.353957425] [robot_1.robot_supervisor]: Triggered uncontrollable event: EV_obstacle_front
[balanced_delivery_supervisor-20] [INFO] [1789488453.354765282] [robot_1.robot_supervisor]: Selected controllable event: EV_move_backward
[balanced_delivery_supervisor-22] [INFO] [1789488453.356831085] [robot_2.robot_supervisor]: Triggered uncontrollable event: EV_zone_a_not_visible
[balanced_delivery_supervisor-22] [INFO] [1789488453.358243564] [robot_2.robot_supervisor]: Triggered uncontrollable event: EV_zone_b_reached
[balanced_delivery_supervisor-22] [INFO] [1789488453.359027374] [robot_2.robot_supervisor]: Selected controllable event: EV_move_forward
[balanced_delivery_supervisor-24] [INFO] [1789488453.381148659] [robot_0.robot_supervisor]: Selected controllable event: EV_search_object
[balanced_delivery_supervisor-22] [INFO] [1789488453.566274106] [robot_2.robot_supervisor]: Selected controllable event: EV_move_forward
[balanced_delivery_supervisor-24] [INFO] [1789488453.591496074] [robot_0.robot_supervisor]: Selected controllable event: EV_search_object
[balanced_delivery_supervisor-20] [INFO] [1789488453.655183090] [robot_1.robot_supervisor]: Triggered uncontrollable event: EV_obstacle_front
[balanced_delivery_supervisor-20] [INFO] [1789488453.662644760] [robot_1.robot_supervisor]: Selected controllable event: EV_move_backward
[balanced_delivery_supervisor-24] [INFO] [1789488453.764825412] [robot_0.robot_supervisor]: Selected controllable event: EV_search_object
[balanced_delivery_supervisor-22] [INFO] [1789488453.780494628] [robot_2.robot_supervisor]: Selected controllable event: EV_search_zone
[balanced_delivery_supervisor-20] [INFO] [1789488453.941622040] [robot_1.robot_supervisor]: Selected controllable event: EV_move_forward
[balanced_delivery_supervisor-22] [INFO] [1789488453.950638788] [robot_2.robot_supervisor]: Triggered uncontrollable event: EV_zone_a_not_visible
[balanced_delivery_supervisor-22] [INFO] [1789488453.951334970] [robot_2.robot_supervisor]: Triggered uncontrollable event: EV_zone_b_reached
[balanced_delivery_supervisor-22] [INFO] [1789488453.952160583] [robot_2.robot_supervisor]: Selected controllable event: EV_search_zone
[balanced_delivery_supervisor-24] [INFO] [1789488453.968529517] [robot_0.robot_supervisor]: Selected controllable event: EV_move_forward
[balanced_delivery_supervisor-22] [INFO] [1789488454.150759509] [robot_2.robot_supervisor]: Selected controllable event: EV_search_zone
[balanced_delivery_supervisor-20] [INFO] [1789488454.232287021] [robot_1.robot_supervisor]: ############################# VISIBLE: EV_object_visible #############################
[balanced_delivery_supervisor-20] [INFO] [1789488454.258344092] [robot_1.robot_supervisor]: Selected controllable event: EV_move_forward
[balanced_delivery_supervisor-22] [INFO] [1789488454.259402510] [robot_2.robot_supervisor]: Selected controllable event: EV_search_zone
[balanced_delivery_supervisor-24] [INFO] [1789488454.275954001] [robot_0.robot_supervisor]: Selected controllable event: EV_search_object
[balanced_delivery_supervisor-24] [INFO] [1789488454.391743946] [robot_0.robot_supervisor]: Selected controllable event: EV_search_object
[balanced_delivery_supervisor-22] [INFO] [1789488454.462102267] [robot_2.robot_supervisor]: Selected controllable event: EV_search_zone
[balanced_delivery_supervisor-20] [INFO] [1789488454.539564044] [robot_1.robot_supervisor]: Selected controllable event: EV_approach_object
[balanced_delivery_supervisor-22] [INFO] [1789488454.563626327] [robot_2.robot_supervisor]: Triggered uncontrollable event: EV_zone_a_not_visible
[balanced_delivery_supervisor-22] [INFO] [1789488454.564604637] [robot_2.robot_supervisor]: Selected controllable event: EV_move_forward
[balanced_delivery_supervisor-24] [INFO] [1789488454.587820000] [robot_0.robot_supervisor]: Selected controllable event: EV_search_object
[balanced_delivery_supervisor-20] [INFO] [1789488454.764197657] [robot_1.robot_supervisor]: ############################# VISIBLE: EV_object_visible #############################
[balanced_delivery_supervisor-20] [INFO] [1789488454.764858828] [robot_1.robot_supervisor]: Triggered uncontrollable event: EV_obstacle_left
[balanced_delivery_supervisor-20] [INFO] [1789488454.765620581] [robot_1.robot_supervisor]: Selected controllable event: EV_u_turn
[balanced_delivery_supervisor-20] [INFO] [1789488454.775603005] [robot_1.robot_supervisor]: Starting FULL ROTATE (omega=1.000, have_odom=True, target_rad=3.142, timeout_s=3.500)
[balanced_delivery_supervisor-24] [INFO] [1789488454.779231724] [robot_0.robot_supervisor]: Selected controllable event: EV_search_object
[balanced_delivery_supervisor-22] [INFO] [1789488454.849766555] [robot_2.robot_supervisor]: Triggered uncontrollable event: EV_zone_b_reached
[balanced_delivery_supervisor-22] [INFO] [1789488454.862967494] [robot_2.robot_supervisor]: Selected controllable event: EV_search_zone
[balanced_delivery_supervisor-24] [INFO] [1789488454.988369316] [robot_0.robot_supervisor]: Selected controllable event: EV_search_object
[balanced_delivery_supervisor-22] [INFO] [1789488455.072939437] [robot_2.robot_supervisor]: Selected controllable event: EV_search_zone
[balanced_delivery_supervisor-24] [INFO] [1789488455.174221988] [robot_0.robot_supervisor]: Selected controllable event: EV_move_forward
[balanced_delivery_supervisor-22] [INFO] [1789488455.258107105] [robot_2.robot_supervisor]: Selected controllable event: EV_move_forward
[balanced_delivery_supervisor-22] [INFO] [1789488455.465037117] [robot_2.robot_supervisor]: Triggered uncontrollable event: EV_zone_a_not_visible
[balanced_delivery_supervisor-22] [INFO] [1789488455.465698764] [robot_2.robot_supervisor]: Triggered uncontrollable event: EV_zone_b_reached
[balanced_delivery_supervisor-22] [INFO] [1789488455.483635413] [robot_2.robot_supervisor]: Selected controllable event: EV_move_forward
[balanced_delivery_supervisor-24] [INFO] [1789488455.492794618] [robot_0.robot_supervisor]: Selected controllable event: EV_search_object
[balanced_delivery_supervisor-24] [INFO] [1789488455.682255103] [robot_0.robot_supervisor]: Selected controllable event: EV_search_object
[balanced_delivery_supervisor-22] [INFO] [1789488455.756891577] [robot_2.robot_supervisor]: Selected controllable event: EV_search_zone
[balanced_delivery_supervisor-22] [INFO] [1789488455.860525127] [robot_2.robot_supervisor]: Selected controllable event: EV_search_zone
[balanced_delivery_supervisor-24] [INFO] [1789488455.869735197] [robot_0.robot_supervisor]: Selected controllable event: EV_search_object
[balanced_delivery_supervisor-22] [INFO] [1789488456.057080717] [robot_2.robot_supervisor]: Selected controllable event: EV_search_zone
[balanced_delivery_supervisor-24] [INFO] [1789488456.075770567] [robot_0.robot_supervisor]: Selected controllable event: EV_search_object
[balanced_delivery_supervisor-22] [INFO] [1789488456.255730457] [robot_2.robot_supervisor]: Triggered uncontrollable event: EV_zone_a_not_visible
[balanced_delivery_supervisor-22] [INFO] [1789488456.269952618] [robot_2.robot_supervisor]: Triggered uncontrollable event: EV_zone_b_reached
[balanced_delivery_supervisor-22] [INFO] [1789488456.270744895] [robot_2.robot_supervisor]: Selected controllable event: EV_move_forward
[balanced_delivery_supervisor-24] [INFO] [1789488456.278957316] [robot_0.robot_supervisor]: Selected controllable event: EV_search_object
[balanced_delivery_supervisor-24] [INFO] [1789488456.486496290] [robot_0.robot_supervisor]: Selected controllable event: EV_move_forward
[balanced_delivery_supervisor-22] [INFO] [1789488456.550810546] [robot_2.robot_supervisor]: Selected controllable event: EV_search_zone
[balanced_delivery_supervisor-22] [INFO] [1789488456.671089061] [robot_2.robot_supervisor]: Selected controllable event: EV_search_zone
[balanced_delivery_supervisor-24] [INFO] [1789488456.791434305] [robot_0.robot_supervisor]: Selected controllable event: EV_move_forward
[balanced_delivery_supervisor-22] [INFO] [1789488456.866201661] [robot_2.robot_supervisor]: Triggered uncontrollable event: EV_zone_a_not_visible
[balanced_delivery_supervisor-22] [INFO] [1789488456.867181515] [robot_2.robot_supervisor]: Selected controllable event: EV_search_zone
[balanced_delivery_supervisor-22] [INFO] [1789488457.051778899] [robot_2.robot_supervisor]: Triggered uncontrollable event: EV_zone_b_not_visible
[balanced_delivery_supervisor-22] [INFO] [1789488457.052618277] [robot_2.robot_supervisor]: Selected controllable event: EV_search_zone
[balanced_delivery_supervisor-24] [INFO] [1789488457.066990159] [robot_0.robot_supervisor]: Selected controllable event: EV_move_forward
[balanced_delivery_supervisor-22] [INFO] [1789488457.156857403] [robot_2.robot_supervisor]: Selected controllable event: EV_move_forward
[balanced_delivery_supervisor-24] [INFO] [1789488457.366943923] [robot_0.robot_supervisor]: Selected controllable event: EV_search_object
[color_detector-29] [INFO] [1789488457.443093904] [robot_2.target_detector]: RGB HEARTBEAT frames_total=150 recent_rate_hz=1.281 last_frame_age_s=0.659 status=OK
[balanced_delivery_supervisor-22] [INFO] [1789488457.445638655] [robot_2.robot_supervisor]: Selected controllable event: EV_search_zone
[color_detector-31] [INFO] [1789488457.446274435] [robot_0.target_detector]: RGB HEARTBEAT frames_total=150 recent_rate_hz=1.290 last_frame_age_s=0.561 status=OK
[color_detector-27] [INFO] [1789488457.446842827] [robot_1.target_detector]: RGB HEARTBEAT frames_total=150 recent_rate_hz=1.291 last_frame_age_s=0.620 status=OK
[balanced_delivery_supervisor-24] [INFO] [1789488457.487586174] [robot_0.robot_supervisor]: Selected controllable event: EV_search_object
[balanced_delivery_supervisor-22] [INFO] [1789488457.656901099] [robot_2.robot_supervisor]: Triggered uncontrollable event: EV_zone_a_not_visible
[balanced_delivery_supervisor-22] [INFO] [1789488457.657604147] [robot_2.robot_supervisor]: Triggered uncontrollable event: EV_zone_b_not_visible
[balanced_delivery_supervisor-22] [INFO] [1789488457.658382977] [robot_2.robot_supervisor]: Selected controllable event: EV_search_zone
[balanced_delivery_supervisor-24] [INFO] [1789488457.669691443] [robot_0.robot_supervisor]: Selected controllable event: EV_search_object
[balanced_delivery_supervisor-22] [INFO] [1789488457.852272927] [robot_2.robot_supervisor]: Selected controllable event: EV_search_zone
[balanced_delivery_supervisor-24] [INFO] [1789488457.883481612] [robot_0.robot_supervisor]: Selected controllable event: EV_search_object
[balanced_delivery_supervisor-22] [INFO] [1789488458.057923238] [robot_2.robot_supervisor]: Selected controllable event: EV_search_zone
[balanced_delivery_supervisor-24] [INFO] [1789488458.065343034] [robot_0.robot_supervisor]: Selected controllable event: EV_move_forward
[balanced_delivery_supervisor-22] [INFO] [1789488458.252401485] [robot_2.robot_supervisor]: Selected controllable event: EV_search_zone
[balanced_delivery_supervisor-20] [INFO] [1789488458.335759239] [robot_1.robot_supervisor]: FULL ROTATE completed by timeout
[balanced_delivery_supervisor-22] [INFO] [1789488458.356925267] [robot_2.robot_supervisor]: Selected controllable event: EV_move_forward
[balanced_delivery_supervisor-24] [INFO] [1789488458.375938904] [robot_0.robot_supervisor]: Selected controllable event: EV_search_object
[balanced_delivery_supervisor-20] [INFO] [1789488458.541665657] [robot_1.robot_supervisor]: ############################# VISIBLE: EV_object_visible #############################
[balanced_delivery_supervisor-20] [INFO] [1789488458.542548639] [robot_1.robot_supervisor]: Selected controllable event: EV_approach_object
[balanced_delivery_supervisor-24] [INFO] [1789488458.588114863] [robot_0.robot_supervisor]: Selected controllable event: EV_move_forward
[balanced_delivery_supervisor-22] [INFO] [1789488458.650785341] [robot_2.robot_supervisor]: Triggered uncontrollable event: EV_zone_a_not_visible
[balanced_delivery_supervisor-22] [INFO] [1789488458.669060113] [robot_2.robot_supervisor]: Triggered uncontrollable event: EV_zone_b_not_visible
[balanced_delivery_supervisor-22] [INFO] [1789488458.670187833] [robot_2.robot_supervisor]: Selected controllable event: EV_move_forward
[balanced_delivery_supervisor-20] [INFO] [1789488458.768079045] [robot_1.robot_supervisor]: ############################# VISIBLE: EV_object_visible #############################
[balanced_delivery_supervisor-20] [INFO] [1789488458.773375338] [robot_1.robot_supervisor]: Selected controllable event: EV_approach_object
[balanced_delivery_supervisor-24] [INFO] [1789488458.881444178] [robot_0.robot_supervisor]: Selected controllable event: EV_search_object
[balanced_delivery_supervisor-22] [INFO] [1789488458.948983275] [robot_2.robot_supervisor]: Selected controllable event: EV_search_zone
[balanced_delivery_supervisor-24] [INFO] [1789488458.986245250] [robot_0.robot_supervisor]: Selected controllable event: EV_move_forward
[balanced_delivery_supervisor-20] [INFO] [1789488459.047157463] [robot_1.robot_supervisor]: Selected controllable event: EV_approach_object
[balanced_delivery_supervisor-22] [INFO] [1789488459.078523676] [robot_2.robot_supervisor]: Selected controllable event: EV_search_zone
[balanced_delivery_supervisor-22] [INFO] [1789488459.257685545] [robot_2.robot_supervisor]: Selected controllable event: EV_move_forward
[balanced_delivery_supervisor-24] [INFO] [1789488459.264371734] [robot_0.robot_supervisor]: Selected controllable event: EV_move_forward
[balanced_delivery_supervisor-20] [INFO] [1789488459.361619753] [robot_1.robot_supervisor]: Selected controllable event: EV_approach_object
[balanced_delivery_supervisor-24] [INFO] [1789488459.472790115] [robot_0.robot_supervisor]: Selected controllable event: EV_search_object
[balanced_delivery_supervisor-22] [INFO] [1789488459.544028615] [robot_2.robot_supervisor]: Triggered uncontrollable event: EV_zone_a_not_visible
[balanced_delivery_supervisor-22] [INFO] [1789488459.555699620] [robot_2.robot_supervisor]: Triggered uncontrollable event: EV_zone_b_not_visible
[balanced_delivery_supervisor-22] [INFO] [1789488459.561470838] [robot_2.robot_supervisor]: Selected controllable event: EV_move_forward
[balanced_delivery_supervisor-20] [INFO] [1789488459.659708173] [robot_1.robot_supervisor]: ############################# VISIBLE: EV_object_visible #############################
[balanced_delivery_supervisor-24] [INFO] [1789488459.667455615] [robot_0.robot_supervisor]: Selected controllable event: EV_move_forward
[balanced_delivery_supervisor-20] [INFO] [1789488459.677155180] [robot_1.robot_supervisor]: Selected controllable event: EV_move_forward
[balanced_delivery_supervisor-22] [INFO] [1789488459.880203304] [robot_2.robot_supervisor]: Selected controllable event: EV_search_zone
[balanced_delivery_supervisor-20] [INFO] [1789488459.951941537] [robot_1.robot_supervisor]: Selected controllable event: EV_approach_object
[balanced_delivery_supervisor-24] [INFO] [1789488459.970802698] [robot_0.robot_supervisor]: Selected controllable event: EV_move_forward
[balanced_delivery_supervisor-22] [INFO] [1789488460.062585169] [robot_2.robot_supervisor]: Selected controllable event: EV_move_forward
[balanced_delivery_supervisor-20] [INFO] [1789488460.260374698] [robot_1.robot_supervisor]: Triggered uncontrollable event: EV_object_not_visible
[balanced_delivery_supervisor-20] [INFO] [1789488460.263004045] [robot_1.robot_supervisor]: Selected controllable event: EV_search_object
[balanced_delivery_supervisor-24] [INFO] [1789488460.293934960] [robot_0.robot_supervisor]: Selected controllable event: EV_search_object
[balanced_delivery_supervisor-22] [INFO] [1789488460.370447461] [robot_2.robot_supervisor]: Triggered uncontrollable event: EV_zone_a_not_visible
[balanced_delivery_supervisor-22] [INFO] [1789488460.371232362] [robot_2.robot_supervisor]: Triggered uncontrollable event: EV_zone_b_not_visible
[balanced_delivery_supervisor-22] [INFO] [1789488460.392210136] [robot_2.robot_supervisor]: Selected controllable event: EV_move_forward
[balanced_delivery_supervisor-24] [INFO] [1789488460.470301374] [robot_0.robot_supervisor]: Selected controllable event: EV_move_forward
[balanced_delivery_supervisor-20] [INFO] [1789488460.470811463] [robot_1.robot_supervisor]: Selected controllable event: EV_move_forward
[balanced_delivery_supervisor-22] [INFO] [1789488460.645567534] [robot_2.robot_supervisor]: Selected controllable event: EV_search_zone
[balanced_delivery_supervisor-20] [INFO] [1789488460.758586246] [robot_1.robot_supervisor]: Selected controllable event: EV_search_object
[balanced_delivery_supervisor-22] [INFO] [1789488460.766586769] [robot_2.robot_supervisor]: Selected controllable event: EV_search_zone
[balanced_delivery_supervisor-24] [INFO] [1789488460.783605944] [robot_0.robot_supervisor]: Selected controllable event: EV_search_object
[balanced_delivery_supervisor-20] [INFO] [1789488460.946815954] [robot_1.robot_supervisor]: Selected controllable event: EV_search_object
[balanced_delivery_supervisor-22] [INFO] [1789488460.960644736] [robot_2.robot_supervisor]: Triggered uncontrollable event: EV_zone_a_not_visible
[balanced_delivery_supervisor-22] [INFO] [1789488460.961677012] [robot_2.robot_supervisor]: Selected controllable event: EV_move_forward
[balanced_delivery_supervisor-24] [INFO] [1789488460.972785841] [robot_0.robot_supervisor]: Selected controllable event: EV_search_object
[balanced_delivery_supervisor-24] [INFO] [1789488461.102142651] [robot_0.robot_supervisor]: Selected controllable event: EV_move_forward
[balanced_delivery_supervisor-20] [INFO] [1789488461.141791009] [robot_1.robot_supervisor]: Triggered uncontrollable event: EV_object_not_visible
[balanced_delivery_supervisor-20] [INFO] [1789488461.145143447] [robot_1.robot_supervisor]: Selected controllable event: EV_move_forward
[balanced_delivery_supervisor-22] [INFO] [1789488461.266209469] [robot_2.robot_supervisor]: Triggered uncontrollable event: EV_zone_b_not_visible
[balanced_delivery_supervisor-22] [INFO] [1789488461.283394680] [robot_2.robot_supervisor]: Selected controllable event: EV_search_zone
[balanced_delivery_supervisor-24] [INFO] [1789488461.396147549] [robot_0.robot_supervisor]: Selected controllable event: EV_move_forward
[balanced_delivery_supervisor-20] [INFO] [1789488461.457033966] [robot_1.robot_supervisor]: Selected controllable event: EV_search_object
[balanced_delivery_supervisor-22] [INFO] [1789488461.468440509] [robot_2.robot_supervisor]: Selected controllable event: EV_move_forward
[balanced_delivery_supervisor-20] [INFO] [1789488461.639694943] [robot_1.robot_supervisor]: Selected controllable event: EV_search_object
[balanced_delivery_supervisor-24] [INFO] [1789488461.706151504] [robot_0.robot_supervisor]: Selected controllable event: EV_search_object
[balanced_delivery_supervisor-20] [INFO] [1789488461.767629314] [robot_1.robot_supervisor]: Selected controllable event: EV_search_object
[balanced_delivery_supervisor-22] [INFO] [1789488461.773155916] [robot_2.robot_supervisor]: Selected controllable event: EV_move_forward
[balanced_delivery_supervisor-24] [INFO] [1789488461.876035233] [robot_0.robot_supervisor]: Selected controllable event: EV_search_object
[balanced_delivery_supervisor-20] [INFO] [1789488461.941074670] [robot_1.robot_supervisor]: Triggered uncontrollable event: EV_object_not_visible
[balanced_delivery_supervisor-20] [INFO] [1789488461.960537072] [robot_1.robot_supervisor]: Selected controllable event: EV_move_forward
[balanced_delivery_supervisor-24] [INFO] [1789488461.980822087] [robot_0.robot_supervisor]: Selected controllable event: EV_search_object
[balanced_delivery_supervisor-22] [INFO] [1789488462.064172801] [robot_2.robot_supervisor]: Triggered uncontrollable event: EV_zone_a_not_visible
[balanced_delivery_supervisor-22] [INFO] [1789488462.072841295] [robot_2.robot_supervisor]: Triggered uncontrollable event: EV_zone_b_not_visible
[balanced_delivery_supervisor-22] [INFO] [1789488462.073794514] [robot_2.robot_supervisor]: Selected controllable event: EV_move_forward
[balanced_delivery_supervisor-24] [INFO] [1789488462.199647586] [robot_0.robot_supervisor]: Selected controllable event: EV_move_forward
[balanced_delivery_supervisor-20] [INFO] [1789488462.239014446] [robot_1.robot_supervisor]: Selected controllable event: EV_move_forward
[balanced_delivery_supervisor-22] [INFO] [1789488462.357135723] [robot_2.robot_supervisor]: Selected controllable event: EV_move_forward
[balanced_delivery_supervisor-20] [INFO] [1789488462.468221350] [robot_1.robot_supervisor]: Selected controllable event: EV_search_object
[balanced_delivery_supervisor-24] [INFO] [1789488462.489403163] [robot_0.robot_supervisor]: Selected controllable event: EV_move_forward
[balanced_delivery_supervisor-22] [INFO] [1789488462.574210323] [robot_2.robot_supervisor]: Selected controllable event: EV_search_zone
[balanced_delivery_supervisor-20] [INFO] [1789488462.638962731] [robot_1.robot_supervisor]: Selected controllable event: EV_search_object
[balanced_delivery_supervisor-22] [INFO] [1789488462.676729289] [robot_2.robot_supervisor]: Triggered uncontrollable event: EV_zone_a_not_visible
[balanced_delivery_supervisor-22] [INFO] [1789488462.677621443] [robot_2.robot_supervisor]: Selected controllable event: EV_search_zone
[balanced_delivery_supervisor-20] [INFO] [1789488462.754521723] [robot_1.robot_supervisor]: Selected controllable event: EV_search_object
[balanced_delivery_supervisor-24] [INFO] [1789488462.781232489] [robot_0.robot_supervisor]: Selected controllable event: EV_move_forward
[balanced_delivery_supervisor-22] [INFO] [1789488462.863891912] [robot_2.robot_supervisor]: Triggered uncontrollable event: EV_zone_b_not_visible
[balanced_delivery_supervisor-22] [INFO] [1789488462.867051155] [robot_2.robot_supervisor]: Selected controllable event: EV_move_forward
[balanced_delivery_supervisor-20] [INFO] [1789488462.958143219] [robot_1.robot_supervisor]: Triggered uncontrollable event: EV_object_not_visible
[balanced_delivery_supervisor-20] [INFO] [1789488462.963221766] [robot_1.robot_supervisor]: Selected controllable event: EV_search_object
[balanced_delivery_supervisor-24] [INFO] [1789488463.066839435] [robot_0.robot_supervisor]: Selected controllable event: EV_search_object
[balanced_delivery_supervisor-22] [INFO] [1789488463.069042797] [robot_2.robot_supervisor]: Selected controllable event: EV_move_forward
[balanced_delivery_supervisor-20] [INFO] [1789488463.136657769] [robot_1.robot_supervisor]: Selected controllable event: EV_move_forward
[balanced_delivery_supervisor-24] [INFO] [1789488463.267963680] [robot_0.robot_supervisor]: Selected controllable event: EV_move_forward
[balanced_delivery_supervisor-22] [INFO] [1789488463.367175724] [robot_2.robot_supervisor]: Selected controllable event: EV_search_zone
[balanced_delivery_supervisor-20] [INFO] [1789488463.475411162] [robot_1.robot_supervisor]: Selected controllable event: EV_search_object
[balanced_delivery_supervisor-22] [INFO] [1789488463.485253097] [robot_2.robot_supervisor]: Selected controllable event: EV_move_forward
[balanced_delivery_supervisor-24] [INFO] [1789488463.597094343] [robot_0.robot_supervisor]: Selected controllable event: EV_move_forward
[balanced_delivery_supervisor-20] [INFO] [1789488463.668422711] [robot_1.robot_supervisor]: Triggered uncontrollable event: EV_obstacle_right
[balanced_delivery_supervisor-20] [INFO] [1789488463.669410602] [robot_1.robot_supervisor]: Selected controllable event: EV_rotate_counterclockwise
[balanced_delivery_supervisor-22] [INFO] [1789488463.749042159] [robot_2.robot_supervisor]: Triggered uncontrollable event: EV_zone_a_not_visible
[balanced_delivery_supervisor-22] [INFO] [1789488463.756472078] [robot_2.robot_supervisor]: Triggered uncontrollable event: EV_zone_b_not_visible
[balanced_delivery_supervisor-22] [INFO] [1789488463.770177143] [robot_2.robot_supervisor]: Selected controllable event: EV_move_forward
[balanced_delivery_supervisor-20] [INFO] [1789488463.865783286] [robot_1.robot_supervisor]: Triggered uncontrollable event: EV_obstacle_right
[balanced_delivery_supervisor-20] [INFO] [1789488463.881986682] [robot_1.robot_supervisor]: Triggered uncontrollable event: EV_object_not_visible
[balanced_delivery_supervisor-20] [INFO] [1789488463.883090807] [robot_1.robot_supervisor]: Selected controllable event: EV_u_turn
[balanced_delivery_supervisor-24] [INFO] [1789488463.892687918] [robot_0.robot_supervisor]: Triggered uncontrollable event: EV_obstacle_right
[balanced_delivery_supervisor-20] [INFO] [1789488463.895277745] [robot_1.robot_supervisor]: Starting FULL ROTATE (omega=1.000, have_odom=True, target_rad=3.142, timeout_s=3.500)
[balanced_delivery_supervisor-24] [INFO] [1789488463.907614790] [robot_0.robot_supervisor]: Selected controllable event: EV_rotate_counterclockwise
[balanced_delivery_supervisor-24] [INFO] [1789488464.068441022] [robot_0.robot_supervisor]: Triggered uncontrollable event: EV_obstacle_right
[balanced_delivery_supervisor-24] [INFO] [1789488464.069404592] [robot_0.robot_supervisor]: Selected controllable event: EV_rotate_counterclockwise
[balanced_delivery_supervisor-22] [INFO] [1789488464.071740793] [robot_2.robot_supervisor]: Selected controllable event: EV_move_forward
[balanced_delivery_supervisor-24] [INFO] [1789488464.193700464] [robot_0.robot_supervisor]: Triggered uncontrollable event: EV_obstacle_right
[balanced_delivery_supervisor-24] [INFO] [1789488464.194859232] [robot_0.robot_supervisor]: Selected controllable event: EV_rotate_counterclockwise
[balanced_delivery_supervisor-24] [INFO] [1789488464.375074170] [robot_0.robot_supervisor]: Triggered uncontrollable event: EV_obstacle_right
[balanced_delivery_supervisor-24] [INFO] [1789488464.375774018] [robot_0.robot_supervisor]: Selected controllable event: EV_u_turn
[balanced_delivery_supervisor-24] [INFO] [1789488464.376499678] [robot_0.robot_supervisor]: Starting FULL ROTATE (omega=1.000, have_odom=True, target_rad=3.142, timeout_s=3.500)
[balanced_delivery_supervisor-22] [INFO] [1789488464.382700675] [robot_2.robot_supervisor]: Selected controllable event: EV_move_forward
[balanced_delivery_supervisor-22] [INFO] [1789488464.664781920] [robot_2.robot_supervisor]: Triggered uncontrollable event: EV_zone_a_not_visible
[balanced_delivery_supervisor-22] [INFO] [1789488464.669662531] [robot_2.robot_supervisor]: Triggered uncontrollable event: EV_zone_b_not_visible
[balanced_delivery_supervisor-22] [INFO] [1789488464.680152282] [robot_2.robot_supervisor]: Selected controllable event: EV_move_forward
[balanced_delivery_supervisor-22] [INFO] [1789488464.964145640] [robot_2.robot_supervisor]: Selected controllable event: EV_search_zone
[balanced_delivery_supervisor-22] [INFO] [1789488465.162763295] [robot_2.robot_supervisor]: Selected controllable event: EV_move_forward
[balanced_delivery_supervisor-22] [INFO] [1789488465.457526492] [robot_2.robot_supervisor]: Triggered uncontrollable event: EV_zone_a_not_visible
[balanced_delivery_supervisor-22] [INFO] [1789488465.462731951] [robot_2.robot_supervisor]: Triggered uncontrollable event: EV_zone_b_not_visible
[balanced_delivery_supervisor-22] [INFO] [1789488465.472449555] [robot_2.robot_supervisor]: Selected controllable event: EV_search_zone
[balanced_delivery_supervisor-22] [INFO] [1789488465.666564417] [robot_2.robot_supervisor]: Selected controllable event: EV_search_zone
[balanced_delivery_supervisor-22] [INFO] [1789488465.861124520] [robot_2.robot_supervisor]: Selected controllable event: EV_move_forward
[color_detector-31] [INFO] [1789488465.935182750] [robot_0.target_detector]: RGB HEARTBEAT frames_total=160 recent_rate_hz=1.179 last_frame_age_s=0.576 status=OK
[color_detector-29] [INFO] [1789488465.965326862] [robot_2.target_detector]: RGB HEARTBEAT frames_total=160 recent_rate_hz=1.173 last_frame_age_s=0.817 status=OK
[color_detector-27] [INFO] [1789488465.976605870] [robot_1.target_detector]: RGB HEARTBEAT frames_total=160 recent_rate_hz=1.175 last_frame_age_s=0.681 status=OK
[balanced_delivery_supervisor-22] [INFO] [1789488466.180389576] [robot_2.robot_supervisor]: Triggered uncontrollable event: EV_zone_a_not_visible
[balanced_delivery_supervisor-22] [INFO] [1789488466.181537347] [robot_2.robot_supervisor]: Selected controllable event: EV_move_forward
[balanced_delivery_supervisor-22] [INFO] [1789488466.449161912] [robot_2.robot_supervisor]: Triggered uncontrollable event: EV_zone_b_not_visible
[balanced_delivery_supervisor-22] [INFO] [1789488466.475289491] [robot_2.robot_supervisor]: Selected controllable event: EV_move_forward
[balanced_delivery_supervisor-22] [INFO] [1789488466.743565273] [robot_2.robot_supervisor]: Selected controllable event: EV_move_forward
[balanced_delivery_supervisor-22] [INFO] [1789488466.957039985] [robot_2.robot_supervisor]: Selected controllable event: EV_move_forward
[balanced_delivery_supervisor-22] [INFO] [1789488467.282181459] [robot_2.robot_supervisor]: Triggered uncontrollable event: EV_zone_a_visible
[balanced_delivery_supervisor-22] [INFO] [1789488467.282971362] [robot_2.robot_supervisor]: Triggered uncontrollable event: EV_zone_b_not_visible
[balanced_delivery_supervisor-22] [INFO] [1789488467.284968083] [robot_2.robot_supervisor]: Selected controllable event: EV_approach_zone
[balanced_delivery_supervisor-20] [INFO] [1789488467.457901856] [robot_1.robot_supervisor]: FULL ROTATE completed by timeout
[balanced_delivery_supervisor-22] [INFO] [1789488467.564031121] [robot_2.robot_supervisor]: Selected controllable event: EV_approach_zone
[balanced_delivery_supervisor-20] [INFO] [1789488467.667217069] [robot_1.robot_supervisor]: ############################# VISIBLE: EV_object_visible #############################
[balanced_delivery_supervisor-20] [INFO] [1789488467.668260106] [robot_1.robot_supervisor]: Selected controllable event: EV_approach_object
[balanced_delivery_supervisor-22] [INFO] [1789488467.776620525] [robot_2.robot_supervisor]: Selected controllable event: EV_move_forward
[balanced_delivery_supervisor-24] [INFO] [1789488467.891006032] [robot_0.robot_supervisor]: FULL ROTATE completed by timeout
[balanced_delivery_supervisor-20] [INFO] [1789488467.945269291] [robot_1.robot_supervisor]: ############################# VISIBLE: EV_object_visible #############################
[balanced_delivery_supervisor-20] [INFO] [1789488467.963664951] [robot_1.robot_supervisor]: Selected controllable event: EV_approach_object
[balanced_delivery_supervisor-22] [INFO] [1789488468.053655067] [robot_2.robot_supervisor]: Triggered uncontrollable event: EV_zone_a_visible
[balanced_delivery_supervisor-22] [INFO] [1789488468.061256244] [robot_2.robot_supervisor]: Triggered uncontrollable event: EV_zone_b_not_visible
[balanced_delivery_supervisor-22] [INFO] [1789488468.076472389] [robot_2.robot_supervisor]: Selected controllable event: EV_approach_zone
[balanced_delivery_supervisor-24] [INFO] [1789488468.187936389] [robot_0.robot_supervisor]: Selected controllable event: EV_move_forward
[balanced_delivery_supervisor-20] [INFO] [1789488468.242438972] [robot_1.robot_supervisor]: Selected controllable event: EV_move_forward
[balanced_delivery_supervisor-22] [INFO] [1789488468.347059463] [robot_2.robot_supervisor]: Selected controllable event: EV_move_forward
[balanced_delivery_supervisor-20] [INFO] [1789488468.467180880] [robot_1.robot_supervisor]: Selected controllable event: EV_approach_object
[balanced_delivery_supervisor-24] [INFO] [1789488468.471219590] [robot_0.robot_supervisor]: Selected controllable event: EV_move_forward
[balanced_delivery_supervisor-22] [INFO] [1789488468.568667138] [robot_2.robot_supervisor]: Selected controllable event: EV_move_forward
[balanced_delivery_supervisor-24] [INFO] [1789488468.690670396] [robot_0.robot_supervisor]: Selected controllable event: EV_search_object
[balanced_delivery_supervisor-20] [INFO] [1789488468.771556789] [robot_1.robot_supervisor]: ############################# VISIBLE: EV_object_visible #############################
[balanced_delivery_supervisor-20] [INFO] [1789488468.772598878] [robot_1.robot_supervisor]: Selected controllable event: EV_move_forward
[balanced_delivery_supervisor-22] [INFO] [1789488468.863154680] [robot_2.robot_supervisor]: Triggered uncontrollable event: EV_zone_a_visible
[balanced_delivery_supervisor-22] [INFO] [1789488468.868968234] [robot_2.robot_supervisor]: Triggered uncontrollable event: EV_zone_b_not_visible
[balanced_delivery_supervisor-24] [INFO] [1789488468.873271028] [robot_0.robot_supervisor]: Selected controllable event: EV_search_object
[balanced_delivery_supervisor-22] [INFO] [1789488468.880922671] [robot_2.robot_supervisor]: Selected controllable event: EV_move_forward
[balanced_delivery_supervisor-20] [INFO] [1789488469.046168313] [robot_1.robot_supervisor]: Selected controllable event: EV_approach_object
[balanced_delivery_supervisor-24] [INFO] [1789488469.080993000] [robot_0.robot_supervisor]: Selected controllable event: EV_move_forward
[balanced_delivery_supervisor-22] [INFO] [1789488469.155931887] [robot_2.robot_supervisor]: Selected controllable event: EV_approach_zone
[balanced_delivery_supervisor-20] [INFO] [1789488469.344109686] [robot_1.robot_supervisor]: Selected controllable event: EV_move_forward
[balanced_delivery_supervisor-24] [INFO] [1789488469.393878593] [robot_0.robot_supervisor]: Selected controllable event: EV_search_object
[balanced_delivery_supervisor-22] [INFO] [1789488469.445426320] [robot_2.robot_supervisor]: Selected controllable event: EV_move_forward
[balanced_delivery_supervisor-20] [INFO] [1789488469.566480351] [robot_1.robot_supervisor]: Selected controllable event: EV_approach_object
[balanced_delivery_supervisor-24] [INFO] [1789488469.576143956] [robot_0.robot_supervisor]: Selected controllable event: EV_search_object
[balanced_delivery_supervisor-22] [INFO] [1789488469.763736906] [robot_2.robot_supervisor]: Triggered uncontrollable event: EV_zone_a_visible
[balanced_delivery_supervisor-22] [INFO] [1789488469.776558265] [robot_2.robot_supervisor]: Triggered uncontrollable event: EV_obstacle_right
[balanced_delivery_supervisor-22] [INFO] [1789488469.779849852] [robot_2.robot_supervisor]: Triggered uncontrollable event: EV_zone_b_not_visible
[balanced_delivery_supervisor-24] [INFO] [1789488469.781100543] [robot_0.robot_supervisor]: Triggered uncontrollable event: EV_obstacle_left
[balanced_delivery_supervisor-24] [INFO] [1789488469.787348891] [robot_0.robot_supervisor]: Selected controllable event: EV_u_turn
[balanced_delivery_supervisor-22] [INFO] [1789488469.789666274] [robot_2.robot_supervisor]: Selected controllable event: EV_u_turn
[balanced_delivery_supervisor-22] [INFO] [1789488469.795621710] [robot_2.robot_supervisor]: Starting FULL ROTATE (omega=1.000, have_odom=True, target_rad=3.142, timeout_s=3.500)
[balanced_delivery_supervisor-20] [INFO] [1789488469.843742731] [robot_1.robot_supervisor]: Triggered uncontrollable event: EV_object_not_visible
[balanced_delivery_supervisor-20] [INFO] [1789488469.844769379] [robot_1.robot_supervisor]: Selected controllable event: EV_search_object
[balanced_delivery_supervisor-24] [INFO] [1789488469.893846871] [robot_0.robot_supervisor]: Triggered uncontrollable event: EV_obstacle_left
[balanced_delivery_supervisor-24] [INFO] [1789488469.907544825] [robot_0.robot_supervisor]: Selected controllable event: EV_rotate_clockwise
[balanced_delivery_supervisor-20] [INFO] [1789488470.066399931] [robot_1.robot_supervisor]: Selected controllable event: EV_search_object
[balanced_delivery_supervisor-24] [INFO] [1789488470.078400797] [robot_0.robot_supervisor]: Triggered uncontrollable event: EV_obstacle_left
[balanced_delivery_supervisor-24] [INFO] [1789488470.087881322] [robot_0.robot_supervisor]: Selected controllable event: EV_rotate_clockwise
[balanced_delivery_supervisor-20] [INFO] [1789488470.254611840] [robot_1.robot_supervisor]: Selected controllable event: EV_move_forward
[balanced_delivery_supervisor-24] [INFO] [1789488470.293595729] [robot_0.robot_supervisor]: Triggered uncontrollable event: EV_obstacle_left
[balanced_delivery_supervisor-24] [INFO] [1789488470.294569119] [robot_0.robot_supervisor]: Selected controllable event: EV_rotate_clockwise
[balanced_delivery_supervisor-24] [INFO] [1789488470.492954809] [robot_0.robot_supervisor]: Triggered uncontrollable event: EV_obstacle_left
[balanced_delivery_supervisor-24] [INFO] [1789488470.493882657] [robot_0.robot_supervisor]: Selected controllable event: EV_rotate_clockwise
[balanced_delivery_supervisor-20] [INFO] [1789488470.554073161] [robot_1.robot_supervisor]: Selected controllable event: EV_move_forward
[balanced_delivery_supervisor-24] [INFO] [1789488470.677097399] [robot_0.robot_supervisor]: Triggered uncontrollable event: EV_obstacle_left
[balanced_delivery_supervisor-24] [INFO] [1789488470.681663687] [robot_0.robot_supervisor]: Selected controllable event: EV_u_turn
[balanced_delivery_supervisor-24] [INFO] [1789488470.689319137] [robot_0.robot_supervisor]: Starting FULL ROTATE (omega=1.000, have_odom=True, target_rad=3.142, timeout_s=3.500)
[balanced_delivery_supervisor-20] [INFO] [1789488470.854696657] [robot_1.robot_supervisor]: Triggered uncontrollable event: EV_object_not_visible
[balanced_delivery_supervisor-20] [INFO] [1789488470.870405764] [robot_1.robot_supervisor]: Selected controllable event: EV_move_forward
[balanced_delivery_supervisor-20] [INFO] [1789488471.149048775] [robot_1.robot_supervisor]: Selected controllable event: EV_move_forward
[balanced_delivery_supervisor-20] [INFO] [1789488471.471699366] [robot_1.robot_supervisor]: Selected controllable event: EV_move_forward
[balanced_delivery_supervisor-20] [INFO] [1789488471.740768441] [robot_1.robot_supervisor]: Triggered uncontrollable event: EV_object_not_visible
[balanced_delivery_supervisor-20] [INFO] [1789488471.750784295] [robot_1.robot_supervisor]: Selected controllable event: EV_move_forward
[balanced_delivery_supervisor-20] [INFO] [1789488472.042282645] [robot_1.robot_supervisor]: Selected controllable event: EV_move_forward
[balanced_delivery_supervisor-20] [INFO] [1789488472.358376742] [robot_1.robot_supervisor]: Selected controllable event: EV_move_forward
[balanced_delivery_supervisor-20] [INFO] [1789488472.676613211] [robot_1.robot_supervisor]: Triggered uncontrollable event: EV_object_not_visible
[balanced_delivery_supervisor-20] [INFO] [1789488472.677760979] [robot_1.robot_supervisor]: Selected controllable event: EV_move_forward
[balanced_delivery_supervisor-20] [INFO] [1789488472.944770251] [robot_1.robot_supervisor]: Selected controllable event: EV_move_forward
[balanced_delivery_supervisor-20] [INFO] [1789488473.163609036] [robot_1.robot_supervisor]: Selected controllable event: EV_move_forward
[balanced_delivery_supervisor-22] [INFO] [1789488473.344895913] [robot_2.robot_supervisor]: FULL ROTATE completed by timeout
[balanced_delivery_supervisor-20] [INFO] [1789488473.464898720] [robot_1.robot_supervisor]: Triggered uncontrollable event: EV_obstacle_left
[balanced_delivery_supervisor-20] [INFO] [1789488473.496102845] [robot_1.robot_supervisor]: Selected controllable event: EV_rotate_clockwise
[balanced_delivery_supervisor-22] [INFO] [1789488473.652187898] [robot_2.robot_supervisor]: Triggered uncontrollable event: EV_zone_a_visible
[balanced_delivery_supervisor-22] [INFO] [1789488473.653074518] [robot_2.robot_supervisor]: Triggered uncontrollable event: EV_zone_b_visible
[balanced_delivery_supervisor-22] [INFO] [1789488473.657454806] [robot_2.robot_supervisor]: Selected controllable event: EV_approach_zone
[balanced_delivery_supervisor-20] [INFO] [1789488473.658843237] [robot_1.robot_supervisor]: Triggered uncontrollable event: EV_obstacle_left
[balanced_delivery_supervisor-20] [INFO] [1789488473.660849476] [robot_1.robot_supervisor]: Triggered uncontrollable event: EV_object_not_visible
[balanced_delivery_supervisor-20] [INFO] [1789488473.666339702] [robot_1.robot_supervisor]: Selected controllable event: EV_u_turn
[balanced_delivery_supervisor-20] [INFO] [1789488473.676696523] [robot_1.robot_supervisor]: Starting FULL ROTATE (omega=1.000, have_odom=True, target_rad=3.142, timeout_s=3.500)
[balanced_delivery_supervisor-22] [INFO] [1789488473.971505462] [robot_2.robot_supervisor]: Selected controllable event: EV_move_forward
[balanced_delivery_supervisor-22] [INFO] [1789488474.265615694] [robot_2.robot_supervisor]: Selected controllable event: EV_move_forward
[balanced_delivery_supervisor-24] [INFO] [1789488474.273498901] [robot_0.robot_supervisor]: FULL ROTATE completed by timeout
[balanced_delivery_supervisor-22] [INFO] [1789488474.569120726] [robot_2.robot_supervisor]: Triggered uncontrollable event: EV_zone_a_visible
[balanced_delivery_supervisor-22] [INFO] [1789488474.572548090] [robot_2.robot_supervisor]: Triggered uncontrollable event: EV_zone_b_visible
[balanced_delivery_supervisor-22] [INFO] [1789488474.576773506] [robot_2.robot_supervisor]: Selected controllable event: EV_approach_zone
[balanced_delivery_supervisor-24] [INFO] [1789488474.584444751] [robot_0.robot_supervisor]: Triggered uncontrollable event: EV_obstacle_right
[balanced_delivery_supervisor-24] [INFO] [1789488474.605931454] [robot_0.robot_supervisor]: Selected controllable event: EV_u_turn
[balanced_delivery_supervisor-24] [INFO] [1789488474.687566333] [robot_0.robot_supervisor]: Triggered uncontrollable event: EV_obstacle_right
[balanced_delivery_supervisor-24] [INFO] [1789488474.688645500] [robot_0.robot_supervisor]: Selected controllable event: EV_u_turn
[balanced_delivery_supervisor-24] [INFO] [1789488474.779760210] [robot_0.robot_supervisor]: Triggered uncontrollable event: EV_obstacle_right
[balanced_delivery_supervisor-24] [INFO] [1789488474.785506579] [robot_0.robot_supervisor]: Selected controllable event: EV_u_turn
[balanced_delivery_supervisor-24] [INFO] [1789488474.865442189] [robot_0.robot_supervisor]: Triggered uncontrollable event: EV_obstacle_right
[balanced_delivery_supervisor-22] [INFO] [1789488474.870565380] [robot_2.robot_supervisor]: Selected controllable event: EV_approach_zone
[balanced_delivery_supervisor-24] [INFO] [1789488474.891768115] [robot_0.robot_supervisor]: Selected controllable event: EV_u_turn
[balanced_delivery_supervisor-24] [INFO] [1789488474.980278486] [robot_0.robot_supervisor]: Triggered uncontrollable event: EV_obstacle_right
[balanced_delivery_supervisor-24] [INFO] [1789488474.996991301] [robot_0.robot_supervisor]: Selected controllable event: EV_u_turn
[balanced_delivery_supervisor-22] [INFO] [1789488475.075157075] [robot_2.robot_supervisor]: Selected controllable event: EV_move_forward
[balanced_delivery_supervisor-24] [INFO] [1789488475.091532381] [robot_0.robot_supervisor]: Triggered uncontrollable event: EV_obstacle_right
[balanced_delivery_supervisor-24] [INFO] [1789488475.096220289] [robot_0.robot_supervisor]: Selected controllable event: EV_rotate_counterclockwise
[balanced_delivery_supervisor-24] [WARN] [1789488475.108940797] [robot_0.robot_supervisor]: no translation for 5.2s livelock detected; starting atomic escape (turn_sign=+1)
[color_detector-27] [INFO] [1789488475.240276321] [robot_1.target_detector]: RGB HEARTBEAT frames_total=170 recent_rate_hz=1.077 last_frame_age_s=0.839 status=OK
[color_detector-31] [INFO] [1789488475.244092680] [robot_0.target_detector]: RGB HEARTBEAT frames_total=170 recent_rate_hz=1.075 last_frame_age_s=0.783 status=OK
[color_detector-29] [INFO] [1789488475.245063810] [robot_2.target_detector]: RGB HEARTBEAT frames_total=170 recent_rate_hz=1.080 last_frame_age_s=0.949 status=OK
[balanced_delivery_supervisor-22] [INFO] [1789488475.357762274] [robot_2.robot_supervisor]: Selected controllable event: EV_move_forward
[balanced_delivery_supervisor-22] [INFO] [1789488475.575160131] [robot_2.robot_supervisor]: Triggered uncontrollable event: EV_zone_a_visible
[balanced_delivery_supervisor-22] [INFO] [1789488475.575900782] [robot_2.robot_supervisor]: Triggered uncontrollable event: EV_zone_b_visible
[balanced_delivery_supervisor-22] [INFO] [1789488475.595799860] [robot_2.robot_supervisor]: Selected controllable event: EV_approach_zone
[balanced_delivery_supervisor-22] [INFO] [1789488475.855892899] [robot_2.robot_supervisor]: Selected controllable event: EV_approach_zone
[balanced_delivery_supervisor-22] [INFO] [1789488476.163885397] [robot_2.robot_supervisor]: Selected controllable event: EV_approach_zone
[balanced_delivery_supervisor-22] [INFO] [1789488476.369059770] [robot_2.robot_supervisor]: Triggered uncontrollable event: EV_zone_a_visible
[balanced_delivery_supervisor-22] [INFO] [1789488476.369822240] [robot_2.robot_supervisor]: Triggered uncontrollable event: EV_zone_b_visible
[balanced_delivery_supervisor-22] [INFO] [1789488476.388871889] [robot_2.robot_supervisor]: Selected controllable event: EV_approach_zone
[balanced_delivery_supervisor-22] [INFO] [1789488476.655265726] [robot_2.robot_supervisor]: Selected controllable event: EV_move_forward
[balanced_delivery_supervisor-22] [INFO] [1789488476.962495823] [robot_2.robot_supervisor]: Selected controllable event: EV_approach_zone
[balanced_delivery_supervisor-20] [INFO] [1789488477.249497276] [robot_1.robot_supervisor]: FULL ROTATE completed by timeout
[balanced_delivery_supervisor-22] [INFO] [1789488477.252295130] [robot_2.robot_supervisor]: Triggered uncontrollable event: EV_zone_a_not_visible
[balanced_delivery_supervisor-22] [INFO] [1789488477.274330947] [robot_2.robot_supervisor]: Selected controllable event: EV_move_forward
[balanced_delivery_supervisor-20] [INFO] [1789488477.542017159] [robot_1.robot_supervisor]: Triggered uncontrollable event: EV_obstacle_right
[balanced_delivery_supervisor-20] [INFO] [1789488477.553624387] [robot_1.robot_supervisor]: Triggered uncontrollable event: EV_object_not_visible
[balanced_delivery_supervisor-20] [INFO] [1789488477.555878727] [robot_1.robot_supervisor]: Selected controllable event: EV_u_turn
[balanced_delivery_supervisor-22] [INFO] [1789488477.567505031] [robot_2.robot_supervisor]: Triggered uncontrollable event: EV_zone_b_visible
[balanced_delivery_supervisor-22] [INFO] [1789488477.568514568] [robot_2.robot_supervisor]: Selected controllable event: EV_move_forward
[balanced_delivery_supervisor-20] [INFO] [1789488477.661061415] [robot_1.robot_supervisor]: Triggered uncontrollable event: EV_obstacle_right
[balanced_delivery_supervisor-20] [INFO] [1789488477.662081837] [robot_1.robot_supervisor]: Selected controllable event: EV_rotate_counterclockwise
[balanced_delivery_supervisor-24] [INFO] [1789488477.682302197] [robot_0.robot_supervisor]: Zone-livelock escape completed
[balanced_delivery_supervisor-20] [WARN] [1789488477.684505962] [robot_1.robot_supervisor]: no translation for 4.5s livelock detected; starting atomic escape (turn_sign=+1)
[balanced_delivery_supervisor-22] [INFO] [1789488477.846455670] [robot_2.robot_supervisor]: Selected controllable event: EV_move_forward
[balanced_delivery_supervisor-24] [INFO] [1789488477.995443573] [robot_0.robot_supervisor]: Selected controllable event: EV_move_forward
[balanced_delivery_supervisor-22] [INFO] [1789488478.166303084] [robot_2.robot_supervisor]: Triggered uncontrollable event: EV_zone_a_not_visible
[balanced_delivery_supervisor-22] [INFO] [1789488478.167001803] [robot_2.robot_supervisor]: Triggered uncontrollable event: EV_zone_b_reached
[balanced_delivery_supervisor-22] [INFO] [1789488478.186464631] [robot_2.robot_supervisor]: Selected controllable event: EV_search_zone
[balanced_delivery_supervisor-24] [INFO] [1789488478.269350128] [robot_0.robot_supervisor]: Triggered uncontrollable event: EV_obstacle_left
[balanced_delivery_supervisor-24] [INFO] [1789488478.274636987] [robot_0.robot_supervisor]: Selected controllable event: EV_u_turn
[balanced_delivery_supervisor-24] [INFO] [1789488478.279496811] [robot_0.robot_supervisor]: Starting FULL ROTATE (omega=1.000, have_odom=True, target_rad=3.142, timeout_s=3.500)
[balanced_delivery_supervisor-22] [INFO] [1789488478.370751404] [robot_2.robot_supervisor]: Selected controllable event: EV_move_forward
[balanced_delivery_supervisor-22] [INFO] [1789488478.665334232] [robot_2.robot_supervisor]: Selected controllable event: EV_move_forward
[balanced_delivery_supervisor-22] [INFO] [1789488478.985180243] [robot_2.robot_supervisor]: Selected controllable event: EV_search_zone
[balanced_delivery_supervisor-22] [INFO] [1789488479.148513408] [robot_2.robot_supervisor]: Triggered uncontrollable event: EV_zone_a_not_visible
[balanced_delivery_supervisor-22] [INFO] [1789488479.149247228] [robot_2.robot_supervisor]: Triggered uncontrollable event: EV_zone_b_reached
[balanced_delivery_supervisor-22] [INFO] [1789488479.170841216] [robot_2.robot_supervisor]: Selected controllable event: EV_move_forward
[balanced_delivery_supervisor-22] [INFO] [1789488479.460916983] [robot_2.robot_supervisor]: Selected controllable event: EV_move_forward
[balanced_delivery_supervisor-22] [INFO] [1789488479.762312209] [robot_2.robot_supervisor]: Selected controllable event: EV_search_zone
[balanced_delivery_supervisor-22] [INFO] [1789488479.952058877] [robot_2.robot_supervisor]: Triggered uncontrollable event: EV_zone_a_not_visible
[balanced_delivery_supervisor-22] [INFO] [1789488479.956910069] [robot_2.robot_supervisor]: Triggered uncontrollable event: EV_zone_b_reached
[balanced_delivery_supervisor-22] [INFO] [1789488479.967312919] [robot_2.robot_supervisor]: Triggered uncontrollable event: EV_obstacle_front
[balanced_delivery_supervisor-22] [INFO] [1789488479.968364168] [robot_2.robot_supervisor]: Selected controllable event: EV_rotate_clockwise
[balanced_delivery_supervisor-20] [INFO] [1789488480.143531094] [robot_1.robot_supervisor]: Zone-livelock escape completed
[balanced_delivery_supervisor-22] [INFO] [1789488480.151500835] [robot_2.robot_supervisor]: Triggered uncontrollable event: EV_obstacle_front
[balanced_delivery_supervisor-22] [INFO] [1789488480.159571760] [robot_2.robot_supervisor]: Selected controllable event: EV_rotate_clockwise
[balanced_delivery_supervisor-22] [INFO] [1789488480.354688186] [robot_2.robot_supervisor]: Triggered uncontrollable event: EV_obstacle_front
[balanced_delivery_supervisor-22] [INFO] [1789488480.365282735] [robot_2.robot_supervisor]: Selected controllable event: EV_move_backward
[balanced_delivery_supervisor-20] [INFO] [1789488480.436333281] [robot_1.robot_supervisor]: Triggered uncontrollable event: EV_object_not_visible
[balanced_delivery_supervisor-20] [INFO] [1789488480.442408008] [robot_1.robot_supervisor]: Selected controllable event: EV_search_object
[balanced_delivery_supervisor-20] [INFO] [1789488480.646976586] [robot_1.robot_supervisor]: Selected controllable event: EV_search_object
[balanced_delivery_supervisor-22] [INFO] [1789488480.659896088] [robot_2.robot_supervisor]: Triggered uncontrollable event: EV_obstacle_front
[balanced_delivery_supervisor-22] [INFO] [1789488480.660911987] [robot_2.robot_supervisor]: Selected controllable event: EV_u_turn
[balanced_delivery_supervisor-22] [INFO] [1789488480.683565412] [robot_2.robot_supervisor]: Starting FULL ROTATE (omega=1.000, have_odom=True, target_rad=3.142, timeout_s=3.500)
[balanced_delivery_supervisor-20] [INFO] [1789488480.762145345] [robot_1.robot_supervisor]: Selected controllable event: EV_search_object
[balanced_delivery_supervisor-20] [INFO] [1789488480.966080353] [robot_1.robot_supervisor]: Triggered uncontrollable event: EV_object_not_visible
[balanced_delivery_supervisor-20] [INFO] [1789488480.980346953] [robot_1.robot_supervisor]: Selected controllable event: EV_move_forward
[balanced_delivery_supervisor-20] [INFO] [1789488481.263255520] [robot_1.robot_supervisor]: Selected controllable event: EV_move_forward
[balanced_delivery_supervisor-20] [INFO] [1789488481.554110853] [robot_1.robot_supervisor]: Selected controllable event: EV_move_forward
[balanced_delivery_supervisor-20] [INFO] [1789488481.772658702] [robot_1.robot_supervisor]: Triggered uncontrollable event: EV_object_not_visible
[balanced_delivery_supervisor-24] [INFO] [1789488481.781919156] [robot_0.robot_supervisor]: FULL ROTATE completed by timeout
[balanced_delivery_supervisor-20] [INFO] [1789488481.793317428] [robot_1.robot_supervisor]: Selected controllable event: EV_search_object
[balanced_delivery_supervisor-20] [INFO] [1789488481.947514413] [robot_1.robot_supervisor]: Selected controllable event: EV_move_forward
[balanced_delivery_supervisor-24] [INFO] [1789488481.972026523] [robot_0.robot_supervisor]: Selected controllable event: EV_move_forward
[balanced_delivery_supervisor-20] [INFO] [1789488482.265452024] [robot_1.robot_supervisor]: Selected controllable event: EV_move_forward
[balanced_delivery_supervisor-24] [INFO] [1789488482.297019748] [robot_0.robot_supervisor]: Selected controllable event: EV_move_forward
[balanced_delivery_supervisor-24] [INFO] [1789488482.582008748] [robot_0.robot_supervisor]: Selected controllable event: EV_search_object
[balanced_delivery_supervisor-20] [INFO] [1789488482.585492366] [robot_1.robot_supervisor]: Selected controllable event: EV_move_forward
[balanced_delivery_supervisor-24] [INFO] [1789488482.780225278] [robot_0.robot_supervisor]: Selected controllable event: EV_move_forward
[balanced_delivery_supervisor-20] [INFO] [1789488482.855208815] [robot_1.robot_supervisor]: Triggered uncontrollable event: EV_object_not_visible
[balanced_delivery_supervisor-20] [INFO] [1789488482.860060152] [robot_1.robot_supervisor]: Selected controllable event: EV_move_forward
[balanced_delivery_supervisor-24] [INFO] [1789488483.076772082] [robot_0.robot_supervisor]: Selected controllable event: EV_search_object
[balanced_delivery_supervisor-20] [INFO] [1789488483.164140215] [robot_1.robot_supervisor]: Selected controllable event: EV_search_object
[balanced_delivery_supervisor-24] [INFO] [1789488483.278122926] [robot_0.robot_supervisor]: Selected controllable event: EV_move_forward
[balanced_delivery_supervisor-20] [INFO] [1789488483.347371634] [robot_1.robot_supervisor]: Selected controllable event: EV_search_object
[balanced_delivery_supervisor-24] [INFO] [1789488483.485192146] [robot_0.robot_supervisor]: Selected controllable event: EV_move_forward
[balanced_delivery_supervisor-20] [INFO] [1789488483.560189515] [robot_1.robot_supervisor]: Selected controllable event: EV_search_object
[balanced_delivery_supervisor-20] [INFO] [1789488483.753290711] [robot_1.robot_supervisor]: Triggered uncontrollable event: EV_object_not_visible
[balanced_delivery_supervisor-20] [INFO] [1789488483.766594569] [robot_1.robot_supervisor]: Selected controllable event: EV_move_forward
[balanced_delivery_supervisor-24] [INFO] [1789488483.794327554] [robot_0.robot_supervisor]: Selected controllable event: EV_search_object
[balanced_delivery_supervisor-24] [INFO] [1789488483.986063772] [robot_0.robot_supervisor]: Selected controllable event: EV_move_forward
[balanced_delivery_supervisor-20] [INFO] [1789488484.056284212] [robot_1.robot_supervisor]: Selected controllable event: EV_search_object
[balanced_delivery_supervisor-20] [INFO] [1789488484.254719285] [robot_1.robot_supervisor]: Selected controllable event: EV_move_forward
[color_detector-27] [INFO] [1789488484.259501206] [robot_1.target_detector]: RGB HEARTBEAT frames_total=180 recent_rate_hz=1.108 last_frame_age_s=0.769 status=OK
[balanced_delivery_supervisor-22] [INFO] [1789488484.272080779] [robot_2.robot_supervisor]: FULL ROTATE completed by timeout
[color_detector-29] [INFO] [1789488484.278553485] [robot_2.target_detector]: RGB HEARTBEAT frames_total=180 recent_rate_hz=1.104 last_frame_age_s=0.844 status=OK
[color_detector-31] [INFO] [1789488484.294181952] [robot_0.target_detector]: RGB HEARTBEAT frames_total=180 recent_rate_hz=1.103 last_frame_age_s=0.742 status=OK
[balanced_delivery_supervisor-24] [INFO] [1789488484.305717573] [robot_0.robot_supervisor]: Selected controllable event: EV_move_forward
[balanced_delivery_supervisor-22] [INFO] [1789488484.550658327] [robot_2.robot_supervisor]: Triggered uncontrollable event: EV_zone_a_not_visible
[balanced_delivery_supervisor-22] [INFO] [1789488484.551423465] [robot_2.robot_supervisor]: Triggered uncontrollable event: EV_zone_b_reached
[balanced_delivery_supervisor-20] [INFO] [1789488484.555368197] [robot_1.robot_supervisor]: Selected controllable event: EV_search_object
[balanced_delivery_supervisor-22] [INFO] [1789488484.573464991] [robot_2.robot_supervisor]: Selected controllable event: EV_move_forward
[balanced_delivery_supervisor-24] [INFO] [1789488484.576950262] [robot_0.robot_supervisor]: Selected controllable event: EV_move_forward
[balanced_delivery_supervisor-20] [INFO] [1789488484.751295677] [robot_1.robot_supervisor]: Triggered uncontrollable event: EV_object_not_visible
[balanced_delivery_supervisor-20] [INFO] [1789488484.757040147] [robot_1.robot_supervisor]: Selected controllable event: EV_move_forward
[balanced_delivery_supervisor-24] [INFO] [1789488484.870916984] [robot_0.robot_supervisor]: Selected controllable event: EV_search_object
[balanced_delivery_supervisor-22] [INFO] [1789488484.879084098] [robot_2.robot_supervisor]: Selected controllable event: EV_move_forward
[balanced_delivery_supervisor-24] [INFO] [1789488484.976109164] [robot_0.robot_supervisor]: Selected controllable event: EV_search_object
[balanced_delivery_supervisor-20] [INFO] [1789488485.045790847] [robot_1.robot_supervisor]: Selected controllable event: EV_search_object
[balanced_delivery_supervisor-22] [INFO] [1789488485.158468562] [robot_2.robot_supervisor]: Selected controllable event: EV_search_zone
[balanced_delivery_supervisor-20] [INFO] [1789488485.165163257] [robot_1.robot_supervisor]: Selected controllable event: EV_move_forward
[balanced_delivery_supervisor-24] [INFO] [1789488485.174182255] [robot_0.robot_supervisor]: Selected controllable event: EV_move_forward
[balanced_delivery_supervisor-22] [INFO] [1789488485.348341027] [robot_2.robot_supervisor]: Triggered uncontrollable event: EV_zone_a_not_visible
[balanced_delivery_supervisor-22] [INFO] [1789488485.363303666] [robot_2.robot_supervisor]: Triggered uncontrollable event: EV_zone_b_reached
[balanced_delivery_supervisor-22] [INFO] [1789488485.364123718] [robot_2.robot_supervisor]: Selected controllable event: EV_search_zone
[balanced_delivery_supervisor-20] [INFO] [1789488485.454924789] [robot_1.robot_supervisor]: Triggered uncontrollable event: EV_object_not_visible
[balanced_delivery_supervisor-20] [INFO] [1789488485.466110637] [robot_1.robot_supervisor]: Selected controllable event: EV_search_object
[balanced_delivery_supervisor-22] [INFO] [1789488485.468936814] [robot_2.robot_supervisor]: Selected controllable event: EV_search_zone
[balanced_delivery_supervisor-24] [INFO] [1789488485.472043800] [robot_0.robot_supervisor]: Selected controllable event: EV_search_object
[balanced_delivery_supervisor-20] [INFO] [1789488485.646810266] [robot_1.robot_supervisor]: Selected controllable event: EV_search_object
[balanced_delivery_supervisor-22] [INFO] [1789488485.651149052] [robot_2.robot_supervisor]: Selected controllable event: EV_move_forward
[balanced_delivery_supervisor-24] [INFO] [1789488485.679362339] [robot_0.robot_supervisor]: Selected controllable event: EV_search_object
[balanced_delivery_supervisor-20] [INFO] [1789488485.835441432] [robot_1.robot_supervisor]: Selected controllable event: EV_search_object
[balanced_delivery_supervisor-22] [INFO] [1789488485.852737016] [robot_2.robot_supervisor]: Selected controllable event: EV_search_zone
[balanced_delivery_supervisor-24] [INFO] [1789488485.875076721] [robot_0.robot_supervisor]: Selected controllable event: EV_move_forward
[balanced_delivery_supervisor-22] [INFO] [1789488486.038341927] [robot_2.robot_supervisor]: Triggered uncontrollable event: EV_zone_a_not_visible
[balanced_delivery_supervisor-22] [INFO] [1789488486.039304264] [robot_2.robot_supervisor]: Selected controllable event: EV_search_zone
[balanced_delivery_supervisor-20] [INFO] [1789488486.064221268] [robot_1.robot_supervisor]: Selected controllable event: EV_search_object
[balanced_delivery_supervisor-24] [INFO] [1789488486.079531677] [robot_0.robot_supervisor]: Selected controllable event: EV_search_object
[balanced_delivery_supervisor-22] [INFO] [1789488486.158706343] [robot_2.robot_supervisor]: Triggered uncontrollable event: EV_zone_b_reached
[balanced_delivery_supervisor-22] [INFO] [1789488486.159648727] [robot_2.robot_supervisor]: Selected controllable event: EV_move_forward
[balanced_delivery_supervisor-24] [INFO] [1789488486.195525358] [robot_0.robot_supervisor]: Triggered uncontrollable event: EV_obstacle_left
[balanced_delivery_supervisor-24] [INFO] [1789488486.196435373] [robot_0.robot_supervisor]: Selected controllable event: EV_u_turn
[balanced_delivery_supervisor-24] [INFO] [1789488486.214379747] [robot_0.robot_supervisor]: Starting FULL ROTATE (omega=1.000, have_odom=True, target_rad=3.142, timeout_s=3.500)
[balanced_delivery_supervisor-20] [INFO] [1789488486.236500927] [robot_1.robot_supervisor]: Triggered uncontrollable event: EV_object_not_visible
[balanced_delivery_supervisor-20] [INFO] [1789488486.246413832] [robot_1.robot_supervisor]: Selected controllable event: EV_search_object
[balanced_delivery_supervisor-20] [INFO] [1789488486.371149128] [robot_1.robot_supervisor]: Selected controllable event: EV_search_object
[balanced_delivery_supervisor-22] [INFO] [1789488486.451749670] [robot_2.robot_supervisor]: Selected controllable event: EV_search_zone
[balanced_delivery_supervisor-20] [INFO] [1789488486.539104840] [robot_1.robot_supervisor]: Selected controllable event: EV_search_object
[balanced_delivery_supervisor-22] [INFO] [1789488486.638205309] [robot_2.robot_supervisor]: Selected controllable event: EV_search_zone
[balanced_delivery_supervisor-20] [INFO] [1789488486.647594042] [robot_1.robot_supervisor]: Selected controllable event: EV_search_object
[balanced_delivery_supervisor-20] [INFO] [1789488486.755491937] [robot_1.robot_supervisor]: Selected controllable event: EV_move_forward
[balanced_delivery_supervisor-22] [INFO] [1789488486.759961692] [robot_2.robot_supervisor]: Selected controllable event: EV_search_zone
[balanced_delivery_supervisor-22] [INFO] [1789488486.874907530] [robot_2.robot_supervisor]: Triggered uncontrollable event: EV_zone_a_not_visible
[balanced_delivery_supervisor-22] [INFO] [1789488486.875598995] [robot_2.robot_supervisor]: Triggered uncontrollable event: EV_zone_b_reached
[balanced_delivery_supervisor-22] [INFO] [1789488486.876371993] [robot_2.robot_supervisor]: Selected controllable event: EV_search_zone
[balanced_delivery_supervisor-22] [INFO] [1789488487.069872799] [robot_2.robot_supervisor]: Selected controllable event: EV_search_zone
[balanced_delivery_supervisor-20] [INFO] [1789488487.073509895] [robot_1.robot_supervisor]: Triggered uncontrollable event: EV_object_not_visible
[balanced_delivery_supervisor-20] [INFO] [1789488487.074408252] [robot_1.robot_supervisor]: Selected controllable event: EV_search_object
[balanced_delivery_supervisor-20] [INFO] [1789488487.242736741] [robot_1.robot_supervisor]: Selected controllable event: EV_move_forward
[balanced_delivery_supervisor-22] [INFO] [1789488487.245372301] [robot_2.robot_supervisor]: Selected controllable event: EV_move_forward
[balanced_delivery_supervisor-20] [INFO] [1789488487.564594978] [robot_1.robot_supervisor]: Selected controllable event: EV_move_forward
[balanced_delivery_supervisor-22] [INFO] [1789488487.577492040] [robot_2.robot_supervisor]: Triggered uncontrollable event: EV_zone_a_not_visible
[balanced_delivery_supervisor-22] [INFO] [1789488487.578380013] [robot_2.robot_supervisor]: Selected controllable event: EV_search_zone
[balanced_delivery_supervisor-22] [INFO] [1789488487.778062056] [robot_2.robot_supervisor]: Triggered uncontrollable event: EV_zone_b_reached
[balanced_delivery_supervisor-22] [INFO] [1789488487.788390490] [robot_2.robot_supervisor]: Selected controllable event: EV_search_zone
[balanced_delivery_supervisor-20] [INFO] [1789488487.845683455] [robot_1.robot_supervisor]: Triggered uncontrollable event: EV_obstacle_right
[balanced_delivery_supervisor-20] [INFO] [1789488487.846419241] [robot_1.robot_supervisor]: Triggered uncontrollable event: EV_object_not_visible
[balanced_delivery_supervisor-20] [INFO] [1789488487.856725783] [robot_1.robot_supervisor]: Selected controllable event: EV_rotate_counterclockwise
[balanced_delivery_supervisor-22] [INFO] [1789488487.954170515] [robot_2.robot_supervisor]: Selected controllable event: EV_move_forward
[balanced_delivery_supervisor-20] [INFO] [1789488488.042510316] [robot_1.robot_supervisor]: Triggered uncontrollable event: EV_obstacle_right
[balanced_delivery_supervisor-20] [INFO] [1789488488.047521849] [robot_1.robot_supervisor]: Selected controllable event: EV_rotate_counterclockwise
[balanced_delivery_supervisor-22] [INFO] [1789488488.170759642] [robot_2.robot_supervisor]: Selected controllable event: EV_search_zone
[balanced_delivery_supervisor-20] [INFO] [1789488488.262685002] [robot_1.robot_supervisor]: Triggered uncontrollable event: EV_obstacle_right
[balanced_delivery_supervisor-20] [INFO] [1789488488.263504188] [robot_1.robot_supervisor]: Selected controllable event: EV_u_turn
[balanced_delivery_supervisor-20] [INFO] [1789488488.264294331] [robot_1.robot_supervisor]: Starting FULL ROTATE (omega=1.000, have_odom=True, target_rad=3.142, timeout_s=3.500)
[balanced_delivery_supervisor-22] [INFO] [1789488488.342151177] [robot_2.robot_supervisor]: Triggered uncontrollable event: EV_zone_a_not_visible
[balanced_delivery_supervisor-22] [INFO] [1789488488.344057653] [robot_2.robot_supervisor]: Triggered uncontrollable event: EV_zone_b_reached
[balanced_delivery_supervisor-22] [INFO] [1789488488.349046213] [robot_2.robot_supervisor]: Selected controllable event: EV_search_zone
[INFO] [coverage_counter-4]: process has finished cleanly [pid 66186]
[INFO] [launch]: process[coverage_counter-4] was required: shutting down launched system
[INFO] [color_detector-31]: sending signal 'SIGINT' to process[color_detector-31]
[INFO] [image_processor-30]: sending signal 'SIGINT' to process[image_processor-30]
[INFO] [color_detector-29]: sending signal 'SIGINT' to process[color_detector-29]
[INFO] [image_processor-28]: sending signal 'SIGINT' to process[image_processor-28]
[INFO] [color_detector-27]: sending signal 'SIGINT' to process[color_detector-27]
[INFO] [image_processor-26]: sending signal 'SIGINT' to process[image_processor-26]
[INFO] [stuck_recovery-25]: sending signal 'SIGINT' to process[stuck_recovery-25]
[INFO] [balanced_delivery_supervisor-24]: sending signal 'SIGINT' to process[balanced_delivery_supervisor-24]
[INFO] [stuck_recovery-23]: sending signal 'SIGINT' to process[stuck_recovery-23]
[INFO] [balanced_delivery_supervisor-22]: sending signal 'SIGINT' to process[balanced_delivery_supervisor-22]
[INFO] [stuck_recovery-21]: sending signal 'SIGINT' to process[stuck_recovery-21]
[INFO] [balanced_delivery_supervisor-20]: sending signal 'SIGINT' to process[balanced_delivery_supervisor-20]
[INFO] [parameter_bridge-19]: sending signal 'SIGINT' to process[parameter_bridge-19]
[INFO] [image_bridge-18]: sending signal 'SIGINT' to process[image_bridge-18]
[INFO] [parameter_bridge-19]: process has finished cleanly [pid 66517]
[INFO] [static_transform_publisher-17]: sending signal 'SIGINT' to process[static_transform_publisher-17]
[INFO] [robot_state_publisher-15]: sending signal 'SIGINT' to process[robot_state_publisher-15]
[INFO] [image_bridge-14]: sending signal 'SIGINT' to process[image_bridge-14]
[INFO] [static_transform_publisher-13]: sending signal 'SIGINT' to process[static_transform_publisher-13]
[INFO] [robot_state_publisher-11]: sending signal 'SIGINT' to process[robot_state_publisher-11]
[INFO] [image_bridge-10]: sending signal 'SIGINT' to process[image_bridge-10]
[INFO] [static_transform_publisher-9]: sending signal 'SIGINT' to process[static_transform_publisher-9]
[INFO] [robot_state_publisher-7]: sending signal 'SIGINT' to process[robot_state_publisher-7]
[INFO] [parameter_bridge-6]: sending signal 'SIGINT' to process[parameter_bridge-6]
[INFO] [bump_counter-5]: sending signal 'SIGINT' to process[bump_counter-5]
[INFO] [simulation_video_recorder-3]: sending signal 'SIGINT' to process[simulation_video_recorder-3]
[INFO] [parameter_bridge-6]: process has finished cleanly [pid 66212]
[INFO] [image_bridge-2]: sending signal 'SIGINT' to process[image_bridge-2]
[INFO] [ign gazebo-1]: sending signal 'SIGINT' to process[ign gazebo-1]
[balanced_delivery_supervisor-22] [INFO] [1789488488.549831659] [robot_2.robot_supervisor]: Selected controllable event: EV_move_forward
[balanced_delivery_supervisor-22] [INFO] [1789488488.783648994] [robot_2.robot_supervisor]: Selected controllable event: EV_move_forward
[balanced_delivery_supervisor-22] [INFO] [1789488489.071705961] [robot_2.robot_supervisor]: Selected controllable event: EV_move_forward
[balanced_delivery_supervisor-22] [INFO] [1789488489.349237809] [robot_2.robot_supervisor]: Selected controllable event: EV_move_forward
[balanced_delivery_supervisor-22] [INFO] [1789488489.642499413] [robot_2.robot_supervisor]: Selected controllable event: EV_search_zone
[parameter_bridge-19] [INFO] [1789488489.919773496] [rclcpp]: signal_handler(SIGINT/SIGTERM)
[ERROR] [image_processor-28]: process has died [pid 67902, exit code 1, cmd '/home/ecem/sct_ws/install/leo_image_processing/lib/leo_image_processing/image_processor --ros-args -r __node:=image_processor -r __ns:=/robot_2 --params-file /tmp/launch_params_l_wuq1y8 --params-file /tmp/launch_params_4mzbw0uv --params-file /tmp/launch_params_ucsiidm4'].
[image_bridge-18] [INFO] [1789488490.034790766] [rclcpp]: signal_handler(SIGINT/SIGTERM)
[static_transform_publisher-17] [INFO] [1789488490.098713830] [rclcpp]: signal_handler(SIGINT/SIGTERM)
[robot_state_publisher-15] [INFO] [1789488490.168821456] [rclcpp]: signal_handler(SIGINT/SIGTERM)
[image_bridge-14] [INFO] [1789488490.224920652] [rclcpp]: signal_handler(SIGINT/SIGTERM)
[static_transform_publisher-13] [INFO] [1789488490.258456084] [rclcpp]: signal_handler(SIGINT/SIGTERM)
[robot_state_publisher-11] [INFO] [1789488490.310117590] [rclcpp]: signal_handler(SIGINT/SIGTERM)
[image_bridge-10] [INFO] [1789488490.348370068] [rclcpp]: signal_handler(SIGINT/SIGTERM)
[color_detector-31] Traceback (most recent call last):
[color_detector-31]   File "/home/ecem/sct_ws/install/leo_image_processing/lib/python3.10/site-packages/color_detector.py", line 325, in main
[color_detector-31]     rclpy.spin(node)
[color_detector-31]   File "/opt/ros/humble/local/lib/python3.10/dist-packages/rclpy/__init__.py", line 229, in spin
[color_detector-31]     executor.spin_once()
[color_detector-31]   File "/opt/ros/humble/local/lib/python3.10/dist-packages/rclpy/executors.py", line 773, in spin_once
[color_detector-31]     self._spin_once_impl(timeout_sec)
[color_detector-31]   File "/opt/ros/humble/local/lib/python3.10/dist-packages/rclpy/executors.py", line 770, in _spin_once_impl
[color_detector-31]     raise handler.exception()
[color_detector-31]   File "/opt/ros/humble/local/lib/python3.10/dist-packages/rclpy/task.py", line 254, in __call__
[color_detector-31]     self._handler.send(None)
[color_detector-31]   File "/opt/ros/humble/local/lib/python3.10/dist-packages/rclpy/executors.py", line 453, in handler
[color_detector-31]     arg = take_from_wait_list(entity)
[color_detector-31]   File "/opt/ros/humble/local/lib/python3.10/dist-packages/rclpy/executors.py", line 375, in _take_subscription
[color_detector-31]     msg_info = sub.handle.take_message(sub.msg_type, sub.raw)
[color_detector-31] RuntimeError: Unable to convert call argument to Python object (compile in debug mode for details)
[color_detector-31] 
[color_detector-31] During handling of the above exception, another exception occurred:
[color_detector-31] 
[color_detector-31] Traceback (most recent call last):
[color_detector-31]   File "/home/ecem/sct_ws/install/leo_image_processing/lib/leo_image_processing/color_detector", line 33, in <module>
[color_detector-31]     sys.exit(load_entry_point('leo-image-processing==0.0.0', 'console_scripts', 'color_detector')())
[color_detector-31]   File "/home/ecem/sct_ws/install/leo_image_processing/lib/python3.10/site-packages/color_detector.py", line 330, in main
[color_detector-31]     rclpy.shutdown()
[color_detector-31]   File "/opt/ros/humble/local/lib/python3.10/dist-packages/rclpy/__init__.py", line 130, in shutdown
[color_detector-31]     _shutdown(context=context)
[color_detector-31]   File "/opt/ros/humble/local/lib/python3.10/dist-packages/rclpy/utilities.py", line 58, in shutdown
[color_detector-31]     return context.shutdown()
[color_detector-31]   File "/opt/ros/humble/local/lib/python3.10/dist-packages/rclpy/context.py", line 102, in shutdown
[color_detector-31]     self.__context.shutdown()
[color_detector-31] rclpy._rclpy_pybind11.RCLError: failed to shutdown: rcl_shutdown already called on the given context, at ./src/rcl/init.c:241
[static_transform_publisher-9] [INFO] [1789488490.427087697] [rclcpp]: signal_handler(SIGINT/SIGTERM)
[robot_state_publisher-7] [INFO] [1789488490.453491093] [rclcpp]: signal_handler(SIGINT/SIGTERM)
[image_processor-30] Traceback (most recent call last):
[image_processor-30]   File "/home/ecem/sct_ws/install/leo_image_processing/lib/leo_image_processing/image_processor", line 33, in <module>
[image_processor-30]     sys.exit(load_entry_point('leo-image-processing==0.0.0', 'console_scripts', 'image_processor')())
[image_processor-30]   File "/home/ecem/sct_ws/install/leo_image_processing/lib/python3.10/site-packages/leo_image_processing.py", line 118, in main
[image_processor-30]     rclpy.shutdown()
[image_processor-30]   File "/opt/ros/humble/local/lib/python3.10/dist-packages/rclpy/__init__.py", line 130, in shutdown
[image_processor-30]     _shutdown(context=context)
[image_processor-30]   File "/opt/ros/humble/local/lib/python3.10/dist-packages/rclpy/utilities.py", line 58, in shutdown
[image_processor-30]     return context.shutdown()
[image_processor-30]   File "/opt/ros/humble/local/lib/python3.10/dist-packages/rclpy/context.py", line 102, in shutdown
[image_processor-30]     self.__context.shutdown()
[image_processor-30] rclpy._rclpy_pybind11.RCLError: failed to shutdown: rcl_shutdown already called on the given context, at ./src/rcl/init.c:241
[parameter_bridge-6] [INFO] [1789488490.565956780] [rclcpp]: signal_handler(SIGINT/SIGTERM)
[image_processor-28] Traceback (most recent call last):
[image_processor-28]   File "/home/ecem/sct_ws/install/leo_image_processing/lib/leo_image_processing/image_processor", line 33, in <module>
[image_processor-28]     sys.exit(load_entry_point('leo-image-processing==0.0.0', 'console_scripts', 'image_processor')())
[image_processor-28]   File "/home/ecem/sct_ws/install/leo_image_processing/lib/python3.10/site-packages/leo_image_processing.py", line 118, in main
[image_processor-28]     rclpy.shutdown()
[image_processor-28]   File "/opt/ros/humble/local/lib/python3.10/dist-packages/rclpy/__init__.py", line 130, in shutdown
[image_processor-28]     _shutdown(context=context)
[image_processor-28]   File "/opt/ros/humble/local/lib/python3.10/dist-packages/rclpy/utilities.py", line 58, in shutdown
[image_processor-28]     return context.shutdown()
[image_processor-28]   File "/opt/ros/humble/local/lib/python3.10/dist-packages/rclpy/context.py", line 102, in shutdown
[image_processor-28]     self.__context.shutdown()
[image_processor-28] rclpy._rclpy_pybind11.RCLError: failed to shutdown: rcl_shutdown already called on the given context, at ./src/rcl/init.c:241
[color_detector-29] Traceback (most recent call last):
[color_detector-29]   File "/home/ecem/sct_ws/install/leo_image_processing/lib/leo_image_processing/color_detector", line 33, in <module>
[color_detector-29]     sys.exit(load_entry_point('leo-image-processing==0.0.0', 'console_scripts', 'color_detector')())
[color_detector-29]   File "/home/ecem/sct_ws/install/leo_image_processing/lib/python3.10/site-packages/color_detector.py", line 330, in main
[INFO] [static_transform_publisher-17]: process has finished cleanly [pid 66467]
[color_detector-29]     rclpy.shutdown()
[color_detector-29]   File "/opt/ros/humble/local/lib/python3.10/dist-packages/rclpy/__init__.py", line 130, in shutdown
[color_detector-29]     _shutdown(context=context)
[color_detector-29]   File "/opt/ros/humble/local/lib/python3.10/dist-packages/rclpy/utilities.py", line 58, in shutdown
[color_detector-29]     return context.shutdown()
[color_detector-29]   File "/opt/ros/humble/local/lib/python3.10/dist-packages/rclpy/context.py", line 102, in shutdown
[color_detector-29]     self.__context.shutdown()
[color_detector-29] rclpy._rclpy_pybind11.RCLError: failed to shutdown: rcl_shutdown already called on the given context, at ./src/rcl/init.c:241
[image_processor-26] Traceback (most recent call last):
[image_processor-26]   File "/home/ecem/sct_ws/install/leo_image_processing/lib/leo_image_processing/image_processor", line 33, in <module>
[image_processor-26]     sys.exit(load_entry_point('leo-image-processing==0.0.0', 'console_scripts', 'image_processor')())
[image_processor-26]   File "/home/ecem/sct_ws/install/leo_image_processing/lib/python3.10/site-packages/leo_image_processing.py", line 118, in main
[image_processor-26]     rclpy.shutdown()
[image_processor-26]   File "/opt/ros/humble/local/lib/python3.10/dist-packages/rclpy/__init__.py", line 130, in shutdown
[image_processor-26]     _shutdown(context=context)
[image_processor-26]   File "/opt/ros/humble/local/lib/python3.10/dist-packages/rclpy/utilities.py", line 58, in shutdown
[image_processor-26]     return context.shutdown()
[image_processor-26]   File "/opt/ros/humble/local/lib/python3.10/dist-packages/rclpy/context.py", line 102, in shutdown
[image_processor-26]     self.__context.shutdown()
[image_processor-26] rclpy._rclpy_pybind11.RCLError: failed to shutdown: rcl_shutdown already called on the given context, at ./src/rcl/init.c:241
[image_bridge-2] [INFO] [1789488490.922594534] [rclcpp]: signal_handler(SIGINT/SIGTERM)
[color_detector-27] Traceback (most recent call last):
[color_detector-27]   File "/home/ecem/sct_ws/install/leo_image_processing/lib/python3.10/site-packages/color_detector.py", line 325, in main
[color_detector-27]     rclpy.spin(node)
[color_detector-27]   File "/opt/ros/humble/local/lib/python3.10/dist-packages/rclpy/__init__.py", line 229, in spin
[color_detector-27]     executor.spin_once()
[color_detector-27]   File "/opt/ros/humble/local/lib/python3.10/dist-packages/rclpy/executors.py", line 773, in spin_once
[color_detector-27]     self._spin_once_impl(timeout_sec)
[color_detector-27]   File "/opt/ros/humble/local/lib/python3.10/dist-packages/rclpy/executors.py", line 770, in _spin_once_impl
[color_detector-27]     raise handler.exception()
[color_detector-27]   File "/opt/ros/humble/local/lib/python3.10/dist-packages/rclpy/task.py", line 254, in __call__
[color_detector-27]     self._handler.send(None)
[color_detector-27]   File "/opt/ros/humble/local/lib/python3.10/dist-packages/rclpy/executors.py", line 453, in handler
[color_detector-27]     arg = take_from_wait_list(entity)
[color_detector-27]   File "/opt/ros/humble/local/lib/python3.10/dist-packages/rclpy/executors.py", line 375, in _take_subscription
[color_detector-27]     msg_info = sub.handle.take_message(sub.msg_type, sub.raw)
[color_detector-27] RuntimeError: Unable to convert call argument to Python object (compile in debug mode for details)
[color_detector-27] 
[color_detector-27] During handling of the above exception, another exception occurred:
[color_detector-27] 
[color_detector-27] Traceback (most recent call last):
[color_detector-27]   File "/home/ecem/sct_ws/install/leo_image_processing/lib/leo_image_processing/color_detector", line 33, in <module>
[color_detector-27]     sys.exit(load_entry_point('leo-image-processing==0.0.0', 'console_scripts', 'color_detector')())
[color_detector-27]   File "/home/ecem/sct_ws/install/leo_image_processing/lib/python3.10/site-packages/color_detector.py", line 330, in main
[color_detector-27]     rclpy.shutdown()
[color_detector-27]   File "/opt/ros/humble/local/lib/python3.10/dist-packages/rclpy/__init__.py", line 130, in shutdown
[color_detector-27]     _shutdown(context=context)
[color_detector-27]   File "/opt/ros/humble/local/lib/python3.10/dist-packages/rclpy/utilities.py", line 58, in shutdown
[color_detector-27]     return context.shutdown()
[color_detector-27]   File "/opt/ros/humble/local/lib/python3.10/dist-packages/rclpy/context.py", line 102, in shutdown
[color_detector-27]     self.__context.shutdown()
[color_detector-27] rclpy._rclpy_pybind11.RCLError: failed to shutdown: rcl_shutdown already called on the given context, at ./src/rcl/init.c:241
[INFO] [image_bridge-18]: process has finished cleanly [pid 66496]
[INFO] [robot_state_publisher-15]: process has finished cleanly [pid 66424]
[ERROR] [color_detector-31]: process has died [pid 67976, exit code 1, cmd '/home/ecem/sct_ws/install/leo_image_processing/lib/leo_image_processing/color_detector --ros-args -r __node:=target_detector -r __ns:=/robot_0 --params-file /tmp/launch_params_fdi4o880 --params-file /tmp/launch_params_mgeolch9 --params-file /tmp/launch_params_fydy65j4 --params-file /tmp/launch_params_wgi5ena2 --params-file /tmp/launch_params_drlkmict --params-file /tmp/launch_params_k505bfhn'].
[INFO] [static_transform_publisher-13]: process has finished cleanly [pid 66346]
[balanced_delivery_supervisor-22] Traceback (most recent call last):
[balanced_delivery_supervisor-22]   File "/home/ecem/sct_ws/install/leo_delivery/lib/leo_delivery/balanced_delivery_supervisor", line 33, in <module>
[balanced_delivery_supervisor-24] Traceback (most recent call last):
[balanced_delivery_supervisor-24]   File "/home/ecem/sct_ws/install/leo_delivery/lib/leo_delivery/balanced_delivery_supervisor", line 33, in <module>
[balanced_delivery_supervisor-24]     sys.exit(load_entry_point('leo-delivery==0.0.0', 'console_scripts', 'balanced_delivery_supervisor')())
[balanced_delivery_supervisor-24]   File "/home/ecem/sct_ws/install/leo_delivery/lib/python3.10/site-packages/leo_delivery/balanced_delivery_supervisor.py", line 331, in main
[balanced_delivery_supervisor-24]     rclpy.spin(node)
[balanced_delivery_supervisor-24]   File "/opt/ros/humble/local/lib/python3.10/dist-packages/rclpy/__init__.py", line 229, in spin
[balanced_delivery_supervisor-24]     executor.spin_once()
[balanced_delivery_supervisor-24]   File "/opt/ros/humble/local/lib/python3.10/dist-packages/rclpy/executors.py", line 773, in spin_once
[balanced_delivery_supervisor-24]     self._spin_once_impl(timeout_sec)
[balanced_delivery_supervisor-24]   File "/opt/ros/humble/local/lib/python3.10/dist-packages/rclpy/executors.py", line 770, in _spin_once_impl
[balanced_delivery_supervisor-24]     raise handler.exception()
[balanced_delivery_supervisor-24]   File "/opt/ros/humble/local/lib/python3.10/dist-packages/rclpy/task.py", line 254, in __call__
[balanced_delivery_supervisor-24]     self._handler.send(None)
[balanced_delivery_supervisor-24]   File "/opt/ros/humble/local/lib/python3.10/dist-packages/rclpy/executors.py", line 453, in handler
[balanced_delivery_supervisor-24]     arg = take_from_wait_list(entity)
[balanced_delivery_supervisor-24]   File "/opt/ros/humble/local/lib/python3.10/dist-packages/rclpy/executors.py", line 375, in _take_subscription
[balanced_delivery_supervisor-24]     msg_info = sub.handle.take_message(sub.msg_type, sub.raw)
[balanced_delivery_supervisor-24] RuntimeError: Unable to convert call argument to Python object (compile in debug mode for details)
[balanced_delivery_supervisor-22]     sys.exit(load_entry_point('leo-delivery==0.0.0', 'console_scripts', 'balanced_delivery_supervisor')())
[balanced_delivery_supervisor-22]   File "/home/ecem/sct_ws/install/leo_delivery/lib/python3.10/site-packages/leo_delivery/balanced_delivery_supervisor.py", line 331, in main
[balanced_delivery_supervisor-22]     rclpy.spin(node)
[balanced_delivery_supervisor-22]   File "/opt/ros/humble/local/lib/python3.10/dist-packages/rclpy/__init__.py", line 229, in spin
[balanced_delivery_supervisor-22]     executor.spin_once()
[balanced_delivery_supervisor-22]   File "/opt/ros/humble/local/lib/python3.10/dist-packages/rclpy/executors.py", line 773, in spin_once
[balanced_delivery_supervisor-22]     self._spin_once_impl(timeout_sec)
[balanced_delivery_supervisor-22]   File "/opt/ros/humble/local/lib/python3.10/dist-packages/rclpy/executors.py", line 770, in _spin_once_impl
[balanced_delivery_supervisor-22]     raise handler.exception()
[balanced_delivery_supervisor-22]   File "/opt/ros/humble/local/lib/python3.10/dist-packages/rclpy/task.py", line 254, in __call__
[balanced_delivery_supervisor-22]     self._handler.send(None)
[balanced_delivery_supervisor-22]   File "/opt/ros/humble/local/lib/python3.10/dist-packages/rclpy/executors.py", line 453, in handler
[balanced_delivery_supervisor-22]     arg = take_from_wait_list(entity)
[balanced_delivery_supervisor-22]   File "/opt/ros/humble/local/lib/python3.10/dist-packages/rclpy/executors.py", line 375, in _take_subscription
[balanced_delivery_supervisor-22]     msg_info = sub.handle.take_message(sub.msg_type, sub.raw)
[balanced_delivery_supervisor-22] RuntimeError: Unable to convert call argument to Python object (compile in debug mode for details)
[INFO] [image_bridge-14]: process has finished cleanly [pid 66394]
[INFO] [robot_state_publisher-11]: process has finished cleanly [pid 66293]
[ERROR] [image_processor-30]: process has died [pid 67968, exit code 1, cmd '/home/ecem/sct_ws/install/leo_image_processing/lib/leo_image_processing/image_processor --ros-args -r __node:=image_processor -r __ns:=/robot_0 --params-file /tmp/launch_params_a0y17nv1 --params-file /tmp/launch_params_sxyar4oc --params-file /tmp/launch_params_4sqqnyhd'].
[stuck_recovery-25] Traceback (most recent call last):
[stuck_recovery-25]   File "/home/ecem/sct_ws/install/leo_image_processing/lib/leo_image_processing/stuck_recovery", line 33, in <module>
[stuck_recovery-25]     sys.exit(load_entry_point('leo-image-processing==0.0.0', 'console_scripts', 'stuck_recovery')())
[stuck_recovery-25]   File "/home/ecem/sct_ws/install/leo_image_processing/lib/python3.10/site-packages/stuck_recovery.py", line 294, in main
[stuck_recovery-25]     rclpy.shutdown()
[stuck_recovery-25]   File "/opt/ros/humble/local/lib/python3.10/dist-packages/rclpy/__init__.py", line 130, in shutdown
[stuck_recovery-25]     _shutdown(context=context)
[stuck_recovery-25]   File "/opt/ros/humble/local/lib/python3.10/dist-packages/rclpy/utilities.py", line 58, in shutdown
[stuck_recovery-25]     return context.shutdown()
[stuck_recovery-25]   File "/opt/ros/humble/local/lib/python3.10/dist-packages/rclpy/context.py", line 102, in shutdown
[stuck_recovery-25]     self.__context.shutdown()
[stuck_recovery-25] rclpy._rclpy_pybind11.RCLError: failed to shutdown: rcl_shutdown already called on the given context, at ./src/rcl/init.c:241
[stuck_recovery-23] Traceback (most recent call last):
[stuck_recovery-23]   File "/home/ecem/sct_ws/install/leo_image_processing/lib/leo_image_processing/stuck_recovery", line 33, in <module>
[stuck_recovery-23]     sys.exit(load_entry_point('leo-image-processing==0.0.0', 'console_scripts', 'stuck_recovery')())
[stuck_recovery-23]   File "/home/ecem/sct_ws/install/leo_image_processing/lib/python3.10/site-packages/stuck_recovery.py", line 294, in main
[stuck_recovery-23]     rclpy.shutdown()
[stuck_recovery-23]   File "/opt/ros/humble/local/lib/python3.10/dist-packages/rclpy/__init__.py", line 130, in shutdown
[stuck_recovery-23]     _shutdown(context=context)
[stuck_recovery-23]   File "/opt/ros/humble/local/lib/python3.10/dist-packages/rclpy/utilities.py", line 58, in shutdown
[stuck_recovery-23]     return context.shutdown()
[stuck_recovery-23]   File "/opt/ros/humble/local/lib/python3.10/dist-packages/rclpy/context.py", line 102, in shutdown
[stuck_recovery-23]     self.__context.shutdown()
[stuck_recovery-23] rclpy._rclpy_pybind11.RCLError: failed to shutdown: rcl_shutdown already called on the given context, at ./src/rcl/init.c:241
[INFO] [static_transform_publisher-9]: process has finished cleanly [pid 66263]
[INFO] [image_bridge-10]: process has finished cleanly [pid 66277]
[INFO] [robot_state_publisher-7]: process has finished cleanly [pid 66237]
[stuck_recovery-21] Traceback (most recent call last):
[stuck_recovery-21]   File "/home/ecem/sct_ws/install/leo_image_processing/lib/leo_image_processing/stuck_recovery", line 33, in <module>
[stuck_recovery-21]     sys.exit(load_entry_point('leo-image-processing==0.0.0', 'console_scripts', 'stuck_recovery')())
[stuck_recovery-21]   File "/home/ecem/sct_ws/install/leo_image_processing/lib/python3.10/site-packages/stuck_recovery.py", line 294, in main
[stuck_recovery-21]     rclpy.shutdown()
[stuck_recovery-21]   File "/opt/ros/humble/local/lib/python3.10/dist-packages/rclpy/__init__.py", line 130, in shutdown
[stuck_recovery-21]     _shutdown(context=context)
[stuck_recovery-21]   File "/opt/ros/humble/local/lib/python3.10/dist-packages/rclpy/utilities.py", line 58, in shutdown
[stuck_recovery-21]     return context.shutdown()
[stuck_recovery-21]   File "/opt/ros/humble/local/lib/python3.10/dist-packages/rclpy/context.py", line 102, in shutdown
[stuck_recovery-21]     self.__context.shutdown()
[stuck_recovery-21] rclpy._rclpy_pybind11.RCLError: failed to shutdown: rcl_shutdown already called on the given context, at ./src/rcl/init.c:241
[ERROR] [color_detector-29]: process has died [pid 67908, exit code 1, cmd '/home/ecem/sct_ws/install/leo_image_processing/lib/leo_image_processing/color_detector --ros-args -r __node:=target_detector -r __ns:=/robot_2 --params-file /tmp/launch_params_vxiaeij_ --params-file /tmp/launch_params_hq2khihu --params-file /tmp/launch_params_zuh064oe --params-file /tmp/launch_params_b17jav6z --params-file /tmp/launch_params_zbrml837 --params-file /tmp/launch_params_75m533nn'].
[ERROR] [image_processor-26]: process has died [pid 67866, exit code 1, cmd '/home/ecem/sct_ws/install/leo_image_processing/lib/leo_image_processing/image_processor --ros-args -r __node:=image_processor -r __ns:=/robot_1 --params-file /tmp/launch_params_1p5ywyvt --params-file /tmp/launch_params_y_j_63cg --params-file /tmp/launch_params_v2bubyjr'].
[INFO] [balanced_delivery_supervisor-20]: process has finished cleanly [pid 67692]
[ERROR] [color_detector-27]: process has died [pid 67884, exit code 1, cmd '/home/ecem/sct_ws/install/leo_image_processing/lib/leo_image_processing/color_detector --ros-args -r __node:=target_detector -r __ns:=/robot_1 --params-file /tmp/launch_params_uoar4f8o --params-file /tmp/launch_params_ffqqr4js --params-file /tmp/launch_params_stcb0wdl --params-file /tmp/launch_params_5gsk4lse --params-file /tmp/launch_params_9k8dl33g --params-file /tmp/launch_params_w20qyku2'].
[ERROR] [stuck_recovery-25]: process has died [pid 67724, exit code 1, cmd '/home/ecem/sct_ws/install/leo_image_processing/lib/leo_image_processing/stuck_recovery --ros-args -r __node:=stuck_recovery -r __ns:=/robot_0 --params-file /tmp/launch_params_sej8c7z7 --params-file /tmp/launch_params_nkh5iesx --params-file /tmp/launch_params_74iade93 --params-file /tmp/launch_params_r94uedk4 --params-file /tmp/launch_params_d9gliexu --params-file /tmp/launch_params_rdr9wlfu --params-file /tmp/launch_params_umwyu1f4 --params-file /tmp/launch_params_h266n3i7 --params-file /tmp/launch_params_ku_qlnpz --params-file /tmp/launch_params_yet4eb5d'].
[ERROR] [balanced_delivery_supervisor-24]: process has died [pid 67716, exit code 1, cmd '/home/ecem/sct_ws/install/leo_delivery/lib/leo_delivery/balanced_delivery_supervisor --ros-args -r __node:=robot_supervisor -r __ns:=/robot_0 --params-file /tmp/launch_params_pwvda8lr --params-file /tmp/launch_params_4b4y4yim --params-file /tmp/launch_params_a8k8hmgm --params-file /tmp/launch_params_psr9f6wh --params-file /tmp/launch_params_3ykpv2nh --params-file /tmp/launch_params_na39jusr --params-file /tmp/launch_params_dj20aopl --params-file /tmp/launch_params_cpufvsz7 --params-file /tmp/launch_params_wcoldt8g -r cmd_vel:=cmd_vel_supervisor'].
[ERROR] [stuck_recovery-23]: process has died [pid 67705, exit code 1, cmd '/home/ecem/sct_ws/install/leo_image_processing/lib/leo_image_processing/stuck_recovery --ros-args -r __node:=stuck_recovery -r __ns:=/robot_2 --params-file /tmp/launch_params_pnwb2hox --params-file /tmp/launch_params_i4qcqv0p --params-file /tmp/launch_params_h4249m18 --params-file /tmp/launch_params_mrl37e9u --params-file /tmp/launch_params_08oy6a71 --params-file /tmp/launch_params_wrvpam3f --params-file /tmp/launch_params_c9skdgud --params-file /tmp/launch_params_ctdept3b --params-file /tmp/launch_params_7ytvavyl --params-file /tmp/launch_params_duy07uc7'].
[ERROR] [balanced_delivery_supervisor-22]: process has died [pid 67702, exit code 1, cmd '/home/ecem/sct_ws/install/leo_delivery/lib/leo_delivery/balanced_delivery_supervisor --ros-args -r __node:=robot_supervisor -r __ns:=/robot_2 --params-file /tmp/launch_params_dnqe9n2g --params-file /tmp/launch_params_7pxrz7ic --params-file /tmp/launch_params_kmv0sajg --params-file /tmp/launch_params_ntcv6nf6 --params-file /tmp/launch_params_4pxb6zzv --params-file /tmp/launch_params__17c4xhi --params-file /tmp/launch_params_pizfknk3 --params-file /tmp/launch_params_01tvljwj --params-file /tmp/launch_params_uuprsdgy -r cmd_vel:=cmd_vel_supervisor'].
[bump_counter-5] Traceback (most recent call last):
[bump_counter-5]   File "/home/ecem/sct_ws/install/evaluation/lib/evaluation/bump_counter", line 33, in <module>
[bump_counter-5]     sys.exit(load_entry_point('evaluation==0.0.0', 'console_scripts', 'bump_counter')())
[bump_counter-5]   File "/home/ecem/sct_ws/install/evaluation/lib/python3.10/site-packages/evaluation/bump_counter.py", line 697, in main
[bump_counter-5]     rclpy.shutdown()
[bump_counter-5]   File "/opt/ros/humble/local/lib/python3.10/dist-packages/rclpy/__init__.py", line 130, in shutdown
[bump_counter-5]     _shutdown(context=context)
[bump_counter-5]   File "/opt/ros/humble/local/lib/python3.10/dist-packages/rclpy/utilities.py", line 58, in shutdown
[bump_counter-5]     return context.shutdown()
[bump_counter-5]   File "/opt/ros/humble/local/lib/python3.10/dist-packages/rclpy/context.py", line 102, in shutdown
[bump_counter-5]     self.__context.shutdown()
[bump_counter-5] rclpy._rclpy_pybind11.RCLError: failed to shutdown: rcl_shutdown already called on the given context, at ./src/rcl/init.c:241
[INFO] [image_bridge-2]: process has finished cleanly [pid 66182]
[ERROR] [stuck_recovery-21]: process has died [pid 67694, exit code 1, cmd '/home/ecem/sct_ws/install/leo_image_processing/lib/leo_image_processing/stuck_recovery --ros-args -r __node:=stuck_recovery -r __ns:=/robot_1 --params-file /tmp/launch_params_azwnp69b --params-file /tmp/launch_params_5mfi56kx --params-file /tmp/launch_params_iu8dcxey --params-file /tmp/launch_params__qpvaga1 --params-file /tmp/launch_params_e69nrfxu --params-file /tmp/launch_params_s8epl_dg --params-file /tmp/launch_params_ajqd54g1 --params-file /tmp/launch_params_pyzs66ow --params-file /tmp/launch_params_1miv0trs --params-file /tmp/launch_params_jc0ppuoj'].
[ERROR] [bump_counter-5]: process has died [pid 66196, exit code 1, cmd '/home/ecem/sct_ws/install/evaluation/lib/evaluation/bump_counter --ros-args -r __node:=bump_counter --params-file /tmp/launch_params_2ukto_7v --params-file /tmp/launch_params_31s2sgor --params-file /tmp/launch_params__y30pf49 --params-file /tmp/launch_params_c7ss7ice --params-file /tmp/launch_params_ttkhn5zg --params-file /tmp/launch_params_bwljqupl --params-file /tmp/launch_params_tigdgkl2 --params-file /tmp/launch_params_u68xyk9q'].
[INFO] [simulation_video_recorder-3]: process has finished cleanly [pid 66184]
[ERROR] [ign gazebo-1]: process[ign gazebo-1] failed to terminate '5' seconds after receiving 'SIGINT', escalating to 'SIGTERM'
[INFO] [ign gazebo-1]: sending signal 'SIGTERM' to process[ign gazebo-1]
[ERROR] [ign gazebo-1]: process has died [pid 66179, exit code -15, cmd 'ruby /usr/bin/ign gazebo /tmp/leo_delivery_no_overhead_camera_fhx0blav.sdf -s --headless-rendering -r -z 200 --force-version 6'].
[INFO] [launch]: process[ign gazebo-1] was required: shutting down launched system
