[INFO] [launch]: All log files can be found below /home/ecem/sct_ws/src/llm_sct/RESULTS_LAST/baseline/balanced_delivery/batch_logs/ros_slot4/2026-09-15-18-05-04-922731-ecem-pc-66177
[INFO] [launch]: Default logging verbosity is set to INFO
[leo_delivery] randomized task layout with seed 1005
[spawn_multi_robots] run_id=run_20260915_180505_309260404 random_seed=1005 
[INFO] [ign gazebo-1]: process started with pid [66208]
[INFO] [image_bridge-2]: process started with pid [66215]
[INFO] [simulation_video_recorder-3]: process started with pid [66230]
[INFO] [coverage_counter-4]: process started with pid [66241]
[INFO] [bump_counter-5]: process started with pid [66248]
[INFO] [parameter_bridge-6]: process started with pid [66259]
[INFO] [robot_state_publisher-7]: process started with pid [66268]
[INFO] [create-8]: process started with pid [66287]
[INFO] [static_transform_publisher-9]: process started with pid [66306]
[INFO] [image_bridge-10]: process started with pid [66326]
[INFO] [robot_state_publisher-11]: process started with pid [66347]
[INFO] [create-12]: process started with pid [66375]
[INFO] [static_transform_publisher-13]: process started with pid [66397]
[INFO] [image_bridge-14]: process started with pid [66437]
[INFO] [robot_state_publisher-15]: process started with pid [66456]
[INFO] [create-16]: process started with pid [66481]
[INFO] [static_transform_publisher-17]: process started with pid [66492]
[INFO] [image_bridge-18]: process started with pid [66536]
[INFO] [parameter_bridge-19]: process started with pid [66551]
[static_transform_publisher-9] [WARN] [1789488305.592224993] []: Old-style arguments are deprecated; see --help for new-style arguments
[static_transform_publisher-13] [WARN] [1789488305.671906081] []: Old-style arguments are deprecated; see --help for new-style arguments
[static_transform_publisher-17] [WARN] [1789488305.774620529] []: Old-style arguments are deprecated; see --help for new-style arguments
[static_transform_publisher-13] [INFO] [1789488305.891689776] [robot_1_spawn_offset_tf]: Spinning until stopped - publishing transform
[static_transform_publisher-13] translation: ('1.493959', '0.495447', '0.000000')
[static_transform_publisher-13] rotation: ('0.000000', '0.000000', '0.022603', '0.999745')
[static_transform_publisher-13] from 'odom' to 'robot_1/odom'
[static_transform_publisher-9] [INFO] [1789488306.056521831] [robot_0_spawn_offset_tf]: Spinning until stopped - publishing transform
[static_transform_publisher-9] translation: ('-0.866838', '2.851049', '0.000000')
[static_transform_publisher-9] rotation: ('0.000000', '0.000000', '-0.997252', '0.074088')
[static_transform_publisher-9] from 'odom' to 'robot_0/odom'
[robot_state_publisher-7] [INFO] [1789488306.115278324] [robot_0.robot_state_publisher]: got segment robot_0/antenna_link
[robot_state_publisher-7] [INFO] [1789488306.136235749] [robot_0.robot_state_publisher]: got segment robot_0/base_footprint
[robot_state_publisher-7] [INFO] [1789488306.136331037] [robot_0.robot_state_publisher]: got segment robot_0/base_link
[robot_state_publisher-7] [INFO] [1789488306.136347016] [robot_0.robot_state_publisher]: got segment robot_0/realsense_link
[robot_state_publisher-7] [INFO] [1789488306.136357852] [robot_0.robot_state_publisher]: got segment robot_0/rocker_L_link
[robot_state_publisher-7] [INFO] [1789488306.136368086] [robot_0.robot_state_publisher]: got segment robot_0/rocker_R_link
[robot_state_publisher-7] [INFO] [1789488306.136378353] [robot_0.robot_state_publisher]: got segment robot_0/wheel_FL_link
[robot_state_publisher-7] [INFO] [1789488306.136388890] [robot_0.robot_state_publisher]: got segment robot_0/wheel_FR_link
[robot_state_publisher-7] [INFO] [1789488306.136399276] [robot_0.robot_state_publisher]: got segment robot_0/wheel_RL_link
[robot_state_publisher-7] [INFO] [1789488306.136410396] [robot_0.robot_state_publisher]: got segment robot_0/wheel_RR_link
[create-12] [INFO] [1789488306.211616264] [robot_1.ros_gz_sim]: Requesting list of world names.
[static_transform_publisher-17] [INFO] [1789488306.373680835] [robot_2_spawn_offset_tf]: Spinning until stopped - publishing transform
[static_transform_publisher-17] translation: ('-0.404744', '1.734697', '0.000000')
[static_transform_publisher-17] rotation: ('0.000000', '0.000000', '-0.163342', '0.986570')
[static_transform_publisher-17] from 'odom' to 'robot_2/odom'
[robot_state_publisher-11] [INFO] [1789488306.394379526] [robot_1.robot_state_publisher]: got segment robot_1/antenna_link
[robot_state_publisher-11] [INFO] [1789488306.394520113] [robot_1.robot_state_publisher]: got segment robot_1/base_footprint
[robot_state_publisher-11] [INFO] [1789488306.394541279] [robot_1.robot_state_publisher]: got segment robot_1/base_link
[robot_state_publisher-11] [INFO] [1789488306.394553920] [robot_1.robot_state_publisher]: got segment robot_1/realsense_link
[robot_state_publisher-11] [INFO] [1789488306.394564809] [robot_1.robot_state_publisher]: got segment robot_1/rocker_L_link
[robot_state_publisher-11] [INFO] [1789488306.394574672] [robot_1.robot_state_publisher]: got segment robot_1/rocker_R_link
[robot_state_publisher-11] [INFO] [1789488306.394583663] [robot_1.robot_state_publisher]: got segment robot_1/wheel_FL_link
[robot_state_publisher-11] [INFO] [1789488306.394592833] [robot_1.robot_state_publisher]: got segment robot_1/wheel_FR_link
[robot_state_publisher-11] [INFO] [1789488306.394601729] [robot_1.robot_state_publisher]: got segment robot_1/wheel_RL_link
[robot_state_publisher-11] [INFO] [1789488306.394611261] [robot_1.robot_state_publisher]: got segment robot_1/wheel_RR_link
[robot_state_publisher-15] [INFO] [1789488306.506411993] [robot_2.robot_state_publisher]: got segment robot_2/antenna_link
[robot_state_publisher-15] [INFO] [1789488306.506561131] [robot_2.robot_state_publisher]: got segment robot_2/base_footprint
[robot_state_publisher-15] [INFO] [1789488306.506580132] [robot_2.robot_state_publisher]: got segment robot_2/base_link
[robot_state_publisher-15] [INFO] [1789488306.506592323] [robot_2.robot_state_publisher]: got segment robot_2/realsense_link
[robot_state_publisher-15] [INFO] [1789488306.506603798] [robot_2.robot_state_publisher]: got segment robot_2/rocker_L_link
[robot_state_publisher-15] [INFO] [1789488306.506613853] [robot_2.robot_state_publisher]: got segment robot_2/rocker_R_link
[robot_state_publisher-15] [INFO] [1789488306.506623863] [robot_2.robot_state_publisher]: got segment robot_2/wheel_FL_link
[robot_state_publisher-15] [INFO] [1789488306.506633638] [robot_2.robot_state_publisher]: got segment robot_2/wheel_FR_link
[robot_state_publisher-15] [INFO] [1789488306.506643539] [robot_2.robot_state_publisher]: got segment robot_2/wheel_RL_link
[robot_state_publisher-15] [INFO] [1789488306.506653499] [robot_2.robot_state_publisher]: got segment robot_2/wheel_RR_link
[create-8] [INFO] [1789488306.526311689] [robot_0.ros_gz_sim]: Requesting list of world names.
[create-16] [INFO] [1789488306.530753142] [robot_2.ros_gz_sim]: Requesting list of world names.
[parameter_bridge-6] [INFO] [1789488306.558231900] [all_robots_bridge]: Creating ROS->GZ Bridge: [/robot_0/cmd_vel (geometry_msgs/msg/Twist) -> /robot_0/cmd_vel (ignition.msgs.Twist)] (Lazy 0)
[parameter_bridge-6] [INFO] [1789488306.577552933] [all_robots_bridge]: Creating GZ->ROS Bridge: [/robot_0/odom (ignition.msgs.Odometry) -> /robot_0/odom (nav_msgs/msg/Odometry)] (Lazy 0)
[parameter_bridge-6] [INFO] [1789488306.594870180] [all_robots_bridge]: Creating GZ->ROS Bridge: [/robot_0/tf (ignition.msgs.Pose_V) -> /robot_0/tf (tf2_msgs/msg/TFMessage)] (Lazy 0)
[parameter_bridge-6] [INFO] [1789488306.608941878] [all_robots_bridge]: Creating GZ->ROS Bridge: [/robot_0/joint_states (ignition.msgs.Model) -> /robot_0/joint_states (sensor_msgs/msg/JointState)] (Lazy 0)
[parameter_bridge-6] [INFO] [1789488306.622777714] [all_robots_bridge]: Creating GZ->ROS Bridge: [/robot_0/depth_camera/depth_image (ignition.msgs.Image) -> /robot_0/depth_camera/depth_image (sensor_msgs/msg/Image)] (Lazy 0)
[parameter_bridge-6] [INFO] [1789488306.623824583] [all_robots_bridge]: Creating GZ->ROS Bridge: [/robot_0/depth_camera/camera_info (ignition.msgs.CameraInfo) -> /robot_0/depth_camera/camera_info (sensor_msgs/msg/CameraInfo)] (Lazy 0)
[parameter_bridge-19] [INFO] [1789488306.633797492] [clock_bridge]: Creating GZ->ROS Bridge: [/clock (ignition.msgs.Clock) -> /clock (rosgraph_msgs/msg/Clock)] (Lazy 0)
[parameter_bridge-6] [INFO] [1789488306.655382080] [all_robots_bridge]: Creating GZ->ROS Bridge: [/world/random_world/model/robot_0/link/robot_0/base_footprint/sensor/contact_sensor/contact (ignition.msgs.Contacts) -> /world/random_world/model/robot_0/link/robot_0/base_footprint/sensor/contact_sensor/contact (ros_gz_interfaces/msg/Contacts)] (Lazy 0)
[parameter_bridge-6] [INFO] [1789488306.676351128] [all_robots_bridge]: Creating ROS->GZ Bridge: [/robot_1/cmd_vel (geometry_msgs/msg/Twist) -> /robot_1/cmd_vel (ignition.msgs.Twist)] (Lazy 0)
[parameter_bridge-6] [INFO] [1789488306.677228086] [all_robots_bridge]: Creating GZ->ROS Bridge: [/robot_1/odom (ignition.msgs.Odometry) -> /robot_1/odom (nav_msgs/msg/Odometry)] (Lazy 0)
[parameter_bridge-6] [INFO] [1789488306.678215597] [all_robots_bridge]: Creating GZ->ROS Bridge: [/robot_1/tf (ignition.msgs.Pose_V) -> /robot_1/tf (tf2_msgs/msg/TFMessage)] (Lazy 0)
[parameter_bridge-6] [INFO] [1789488306.692041004] [all_robots_bridge]: Creating GZ->ROS Bridge: [/robot_1/joint_states (ignition.msgs.Model) -> /robot_1/joint_states (sensor_msgs/msg/JointState)] (Lazy 0)
[parameter_bridge-6] [INFO] [1789488306.693261148] [all_robots_bridge]: Creating GZ->ROS Bridge: [/robot_1/depth_camera/depth_image (ignition.msgs.Image) -> /robot_1/depth_camera/depth_image (sensor_msgs/msg/Image)] (Lazy 0)
[parameter_bridge-6] [INFO] [1789488306.694238205] [all_robots_bridge]: Creating GZ->ROS Bridge: [/robot_1/depth_camera/camera_info (ignition.msgs.CameraInfo) -> /robot_1/depth_camera/camera_info (sensor_msgs/msg/CameraInfo)] (Lazy 0)
[parameter_bridge-6] [INFO] [1789488306.710782703] [all_robots_bridge]: Creating GZ->ROS Bridge: [/world/random_world/model/robot_1/link/robot_1/base_footprint/sensor/contact_sensor/contact (ignition.msgs.Contacts) -> /world/random_world/model/robot_1/link/robot_1/base_footprint/sensor/contact_sensor/contact (ros_gz_interfaces/msg/Contacts)] (Lazy 0)
[parameter_bridge-6] [INFO] [1789488306.729499321] [all_robots_bridge]: Creating ROS->GZ Bridge: [/robot_2/cmd_vel (geometry_msgs/msg/Twist) -> /robot_2/cmd_vel (ignition.msgs.Twist)] (Lazy 0)
[parameter_bridge-6] [INFO] [1789488306.738645829] [all_robots_bridge]: Creating GZ->ROS Bridge: [/robot_2/odom (ignition.msgs.Odometry) -> /robot_2/odom (nav_msgs/msg/Odometry)] (Lazy 0)
[parameter_bridge-6] [INFO] [1789488306.746750053] [all_robots_bridge]: Creating GZ->ROS Bridge: [/robot_2/tf (ignition.msgs.Pose_V) -> /robot_2/tf (tf2_msgs/msg/TFMessage)] (Lazy 0)
[parameter_bridge-6] [INFO] [1789488306.755715741] [all_robots_bridge]: Creating GZ->ROS Bridge: [/robot_2/joint_states (ignition.msgs.Model) -> /robot_2/joint_states (sensor_msgs/msg/JointState)] (Lazy 0)
[parameter_bridge-6] [INFO] [1789488306.767572792] [all_robots_bridge]: Creating GZ->ROS Bridge: [/robot_2/depth_camera/depth_image (ignition.msgs.Image) -> /robot_2/depth_camera/depth_image (sensor_msgs/msg/Image)] (Lazy 0)
[parameter_bridge-6] [INFO] [1789488306.781910819] [all_robots_bridge]: Creating GZ->ROS Bridge: [/robot_2/depth_camera/camera_info (ignition.msgs.CameraInfo) -> /robot_2/depth_camera/camera_info (sensor_msgs/msg/CameraInfo)] (Lazy 0)
[parameter_bridge-6] [INFO] [1789488306.793685261] [all_robots_bridge]: Creating GZ->ROS Bridge: [/world/random_world/model/robot_2/link/robot_2/base_footprint/sensor/contact_sensor/contact (ignition.msgs.Contacts) -> /world/random_world/model/robot_2/link/robot_2/base_footprint/sensor/contact_sensor/contact (ros_gz_interfaces/msg/Contacts)] (Lazy 0)
[parameter_bridge-6] [INFO] [1789488306.804533724] [all_robots_bridge]: Creating GZ->ROS Bridge: [/world/random_world/dynamic_pose/info (ignition.msgs.Pose_V) -> /world/random_world/dynamic_pose/info (tf2_msgs/msg/TFMessage)] (Lazy 0)
[create-12] [INFO] [1789488308.258899021] [robot_1.ros_gz_sim]: Waiting messages on topic [/robot_1/robot_description].
[simulation_video_recorder-3] [INFO] [1789488308.273144745] [simulation_video_recorder]: Simulation video recording disabled for this run
[create-16] [INFO] [1789488308.363388504] [robot_2.ros_gz_sim]: Waiting messages on topic [/robot_2/robot_description].
[create-12] [INFO] [1789488308.463594062] [robot_1.ros_gz_sim]: Requested creation of entity.
[create-12] [INFO] [1789488308.463650316] [robot_1.ros_gz_sim]: OK creation of entity.
[create-16] [INFO] [1789488308.463936293] [robot_2.ros_gz_sim]: Requested creation of entity.
[create-16] [INFO] [1789488308.463981814] [robot_2.ros_gz_sim]: OK creation of entity.
[create-8] [INFO] [1789488308.466796769] [robot_0.ros_gz_sim]: Waiting messages on topic [/robot_0/robot_description].
[create-8] [INFO] [1789488308.489087285] [robot_0.ros_gz_sim]: Requested creation of entity.
[create-8] [INFO] [1789488308.489150142] [robot_0.ros_gz_sim]: OK creation of entity.
[bump_counter-5] [INFO] [1789488308.512018205] [bump_counter]: [global] global_mode=True cooldown(robot)=0.80s cooldown(obs)=0.50s Logging to /home/ecem/sct_ws/src/llm_sct/RESULTS_LAST/baseline/balanced_delivery/seed_1005/supervisor/run_20260915_180505_309260404/bumps_global.csv
[INFO] [create-12]: process has finished cleanly [pid 66375]
[INFO] [create-16]: process has finished cleanly [pid 66481]
[INFO] [create-8]: process has finished cleanly [pid 66287]
[INFO] [balanced_delivery_supervisor-20]: process started with pid [67696]
[INFO] [stuck_recovery-21]: process started with pid [67698]
[INFO] [balanced_delivery_supervisor-22]: process started with pid [67708]
[INFO] [stuck_recovery-23]: process started with pid [67710]
[INFO] [balanced_delivery_supervisor-24]: process started with pid [67727]
[INFO] [stuck_recovery-25]: process started with pid [67729]
[bump_counter-5] [INFO] [1789488309.398874122] [bump_counter]: [global] subscribed: /world/random_world/model/robot_0/link/robot_0/base_footprint/sensor/contact_sensor/contact
[bump_counter-5] [INFO] [1789488309.413541919] [bump_counter]: [global] subscribed: /world/random_world/model/robot_1/link/robot_1/base_footprint/sensor/contact_sensor/contact
[bump_counter-5] [INFO] [1789488309.418713543] [bump_counter]: [global] subscribed: /world/random_world/model/robot_2/link/robot_2/base_footprint/sensor/contact_sensor/contact
[INFO] [image_processor-26]: process started with pid [67867]
[INFO] [color_detector-27]: process started with pid [67883]
[INFO] [image_processor-28]: process started with pid [67904]
[INFO] [color_detector-29]: process started with pid [67926]
[INFO] [image_processor-30]: process started with pid [67967]
[INFO] [color_detector-31]: process started with pid [67974]
[stuck_recovery-25] [INFO] [1789488311.723422715] [robot_0.stuck_recovery]: Shared stuck recovery active: cmd_vel_supervisor -> cmd_vel (reverse -> turn -> forward)
[parameter_bridge-6] [INFO] [1789488311.738324079] [all_robots_bridge]: Passing message from ROS geometry_msgs/msg/Twist to Gazebo gz.msgs.Twist (showing msg only once per type)
[stuck_recovery-21] [INFO] [1789488312.456621718] [robot_1.stuck_recovery]: Shared stuck recovery active: cmd_vel_supervisor -> cmd_vel (reverse -> turn -> forward)
[stuck_recovery-23] [INFO] [1789488313.241626926] [robot_2.stuck_recovery]: Shared stuck recovery active: cmd_vel_supervisor -> cmd_vel (reverse -> turn -> forward)
[ign gazebo-1] libEGL warning: egl: failed to create dri2 screen
[ign gazebo-1] libEGL warning: egl: failed to create dri2 screen
[balanced_delivery_supervisor-20] [INFO] [1789488315.487054233] [robot_1.robot_supervisor]: Loaded initial mission 'balanced_delivery' from explicit YAML supervisor.yaml
[balanced_delivery_supervisor-22] [INFO] [1789488315.521026848] [robot_2.robot_supervisor]: Loaded initial mission 'balanced_delivery' from explicit YAML supervisor.yaml
[balanced_delivery_supervisor-20] [INFO] [1789488315.869704088] [robot_1.robot_supervisor]: Selected controllable event: EV_search_object
[balanced_delivery_supervisor-22] [INFO] [1789488315.883376029] [robot_2.robot_supervisor]: Selected controllable event: EV_move_forward
[balanced_delivery_supervisor-20] [INFO] [1789488316.075064152] [robot_1.robot_supervisor]: Selected controllable event: EV_move_forward
[balanced_delivery_supervisor-22] [INFO] [1789488316.096868607] [robot_2.robot_supervisor]: Selected controllable event: EV_move_forward
[image_processor-30] [INFO] [1789488316.210963012] [robot_0.image_processor]: Argmin zone detector listening on '/robot_0/depth_camera/depth_image'
[balanced_delivery_supervisor-20] [INFO] [1789488316.382619248] [robot_1.robot_supervisor]: Selected controllable event: EV_move_forward
[balanced_delivery_supervisor-22] [INFO] [1789488316.390903894] [robot_2.robot_supervisor]: Selected controllable event: EV_search_object
[balanced_delivery_supervisor-22] [INFO] [1789488316.594639629] [robot_2.robot_supervisor]: Selected controllable event: EV_move_forward
[balanced_delivery_supervisor-20] [INFO] [1789488316.659637497] [robot_1.robot_supervisor]: Selected controllable event: EV_search_object
[balanced_delivery_supervisor-24] [INFO] [1789488316.684991759] [robot_0.robot_supervisor]: Loaded initial mission 'balanced_delivery' from explicit YAML supervisor.yaml
[balanced_delivery_supervisor-20] [INFO] [1789488316.860561889] [robot_1.robot_supervisor]: Selected controllable event: EV_move_forward
[balanced_delivery_supervisor-22] [INFO] [1789488316.919396782] [robot_2.robot_supervisor]: Selected controllable event: EV_move_forward
[balanced_delivery_supervisor-24] [INFO] [1789488316.931676755] [robot_0.robot_supervisor]: Selected controllable event: EV_search_object
[image_processor-28] [INFO] [1789488317.037429950] [robot_2.image_processor]: Argmin zone detector listening on '/robot_2/depth_camera/depth_image'
[balanced_delivery_supervisor-20] [INFO] [1789488317.062671975] [robot_1.robot_supervisor]: Selected controllable event: EV_move_forward
[balanced_delivery_supervisor-24] [INFO] [1789488317.085474146] [robot_0.robot_supervisor]: Selected controllable event: EV_search_object
[balanced_delivery_supervisor-22] [INFO] [1789488317.176868925] [robot_2.robot_supervisor]: Selected controllable event: EV_move_forward
[image_processor-26] [INFO] [1789488317.240650236] [robot_1.image_processor]: Argmin zone detector listening on '/robot_1/depth_camera/depth_image'
[color_detector-29] [INFO] [1789488317.254287821] [robot_2.target_detector]: Color detector listening on RGB '/robot_2/depth_camera/image'; reached uses world poses
[balanced_delivery_supervisor-24] [INFO] [1789488317.275103846] [robot_0.robot_supervisor]: Selected controllable event: EV_search_object
[color_detector-31] [INFO] [1789488317.350522886] [robot_0.target_detector]: Color detector listening on RGB '/robot_0/depth_camera/image'; reached uses world poses
[balanced_delivery_supervisor-20] [INFO] [1789488317.351495235] [robot_1.robot_supervisor]: Selected controllable event: EV_search_object
[color_detector-27] [INFO] [1789488317.399648043] [robot_1.target_detector]: Color detector listening on RGB '/robot_1/depth_camera/image'; reached uses world poses
[balanced_delivery_supervisor-22] [INFO] [1789488317.469595104] [robot_2.robot_supervisor]: Selected controllable event: EV_move_forward
[balanced_delivery_supervisor-24] [INFO] [1789488317.473919259] [robot_0.robot_supervisor]: Selected controllable event: EV_search_object
[balanced_delivery_supervisor-20] [INFO] [1789488317.546805916] [robot_1.robot_supervisor]: Selected controllable event: EV_move_forward
[balanced_delivery_supervisor-24] [INFO] [1789488317.672557885] [robot_0.robot_supervisor]: Selected controllable event: EV_search_object
[balanced_delivery_supervisor-22] [INFO] [1789488317.769388614] [robot_2.robot_supervisor]: Selected controllable event: EV_move_forward
[balanced_delivery_supervisor-20] [INFO] [1789488317.846844140] [robot_1.robot_supervisor]: Selected controllable event: EV_move_forward
[balanced_delivery_supervisor-24] [INFO] [1789488317.884446101] [robot_0.robot_supervisor]: Selected controllable event: EV_move_forward
[balanced_delivery_supervisor-22] [INFO] [1789488318.069640827] [robot_2.robot_supervisor]: Selected controllable event: EV_search_object
[balanced_delivery_supervisor-20] [INFO] [1789488318.146980314] [robot_1.robot_supervisor]: Selected controllable event: EV_search_object
[balanced_delivery_supervisor-24] [INFO] [1789488318.179860657] [robot_0.robot_supervisor]: Selected controllable event: EV_search_object
[balanced_delivery_supervisor-22] [INFO] [1789488318.269617485] [robot_2.robot_supervisor]: Selected controllable event: EV_search_object
[balanced_delivery_supervisor-20] [INFO] [1789488318.346904582] [robot_1.robot_supervisor]: Selected controllable event: EV_move_forward
[balanced_delivery_supervisor-24] [INFO] [1789488318.374237556] [robot_0.robot_supervisor]: Selected controllable event: EV_move_forward
[balanced_delivery_supervisor-22] [INFO] [1789488318.469826862] [robot_2.robot_supervisor]: Selected controllable event: EV_move_forward
[balanced_delivery_supervisor-20] [INFO] [1789488318.552308949] [robot_1.robot_supervisor]: Selected controllable event: EV_move_forward
[balanced_delivery_supervisor-24] [INFO] [1789488318.674467530] [robot_0.robot_supervisor]: Selected controllable event: EV_search_object
[balanced_delivery_supervisor-22] [INFO] [1789488318.769839021] [robot_2.robot_supervisor]: Selected controllable event: EV_move_forward
[balanced_delivery_supervisor-20] [INFO] [1789488318.847077210] [robot_1.robot_supervisor]: Selected controllable event: EV_search_object
[balanced_delivery_supervisor-24] [INFO] [1789488318.872901974] [robot_0.robot_supervisor]: Selected controllable event: EV_search_object
[balanced_delivery_supervisor-20] [INFO] [1789488319.047246280] [robot_1.robot_supervisor]: Selected controllable event: EV_move_forward
[balanced_delivery_supervisor-22] [INFO] [1789488319.069937176] [robot_2.robot_supervisor]: Selected controllable event: EV_search_object
[balanced_delivery_supervisor-24] [INFO] [1789488319.075652224] [robot_0.robot_supervisor]: Selected controllable event: EV_move_forward
[balanced_delivery_supervisor-22] [INFO] [1789488319.269880371] [robot_2.robot_supervisor]: Selected controllable event: EV_move_forward
[balanced_delivery_supervisor-24] [INFO] [1789488319.277909729] [robot_0.robot_supervisor]: Selected controllable event: EV_move_forward
[balanced_delivery_supervisor-20] [INFO] [1789488319.347193712] [robot_1.robot_supervisor]: Selected controllable event: EV_search_object
[balanced_delivery_supervisor-20] [INFO] [1789488319.548350074] [robot_1.robot_supervisor]: Selected controllable event: EV_move_forward
[balanced_delivery_supervisor-22] [INFO] [1789488319.570800844] [robot_2.robot_supervisor]: Selected controllable event: EV_move_forward
[balanced_delivery_supervisor-24] [INFO] [1789488319.573401137] [robot_0.robot_supervisor]: Selected controllable event: EV_move_forward
[balanced_delivery_supervisor-20] [INFO] [1789488319.847182191] [robot_1.robot_supervisor]: Selected controllable event: EV_search_object
[balanced_delivery_supervisor-22] [INFO] [1789488319.871986673] [robot_2.robot_supervisor]: Selected controllable event: EV_move_forward
[balanced_delivery_supervisor-24] [INFO] [1789488319.880317656] [robot_0.robot_supervisor]: Selected controllable event: EV_search_object
[balanced_delivery_supervisor-20] [INFO] [1789488320.046936797] [robot_1.robot_supervisor]: Selected controllable event: EV_move_forward
[balanced_delivery_supervisor-24] [INFO] [1789488320.075184946] [robot_0.robot_supervisor]: Selected controllable event: EV_move_forward
[balanced_delivery_supervisor-22] [INFO] [1789488320.169693905] [robot_2.robot_supervisor]: Selected controllable event: EV_move_forward
[balanced_delivery_supervisor-20] [INFO] [1789488320.347182721] [robot_1.robot_supervisor]: Selected controllable event: EV_search_object
[balanced_delivery_supervisor-24] [INFO] [1789488320.374370407] [robot_0.robot_supervisor]: Selected controllable event: EV_search_object
[balanced_delivery_supervisor-22] [INFO] [1789488320.469605090] [robot_2.robot_supervisor]: Selected controllable event: EV_move_forward
[balanced_delivery_supervisor-20] [INFO] [1789488320.548044496] [robot_1.robot_supervisor]: Selected controllable event: EV_move_forward
[balanced_delivery_supervisor-24] [INFO] [1789488320.573186002] [robot_0.robot_supervisor]: Selected controllable event: EV_search_object
[balanced_delivery_supervisor-22] [INFO] [1789488320.770563192] [robot_2.robot_supervisor]: Selected controllable event: EV_search_object
[balanced_delivery_supervisor-24] [INFO] [1789488320.774023820] [robot_0.robot_supervisor]: Selected controllable event: EV_move_forward
[balanced_delivery_supervisor-20] [INFO] [1789488320.847070998] [robot_1.robot_supervisor]: Selected controllable event: EV_move_forward
[balanced_delivery_supervisor-22] [INFO] [1789488320.976975364] [robot_2.robot_supervisor]: Selected controllable event: EV_search_object
[balanced_delivery_supervisor-20] [INFO] [1789488321.052584587] [robot_1.robot_supervisor]: Selected controllable event: EV_search_object
[balanced_delivery_supervisor-24] [INFO] [1789488321.072983257] [robot_0.robot_supervisor]: Selected controllable event: EV_search_object
[balanced_delivery_supervisor-22] [INFO] [1789488321.169919329] [robot_2.robot_supervisor]: Triggered uncontrollable event: EV_obstacle_front
[balanced_delivery_supervisor-22] [INFO] [1789488321.170588088] [robot_2.robot_supervisor]: Triggered uncontrollable event: EV_object_not_visible
[balanced_delivery_supervisor-22] [INFO] [1789488321.171443543] [robot_2.robot_supervisor]: Selected controllable event: EV_rotate_counterclockwise
[balanced_delivery_supervisor-22] [WARN] [1789488321.201172571] [robot_2.robot_supervisor]: no translation for 5.3s livelock detected; starting atomic escape (turn_sign=+1)
[balanced_delivery_supervisor-20] [INFO] [1789488321.286736644] [robot_1.robot_supervisor]: Triggered uncontrollable event: EV_object_not_visible
[balanced_delivery_supervisor-20] [INFO] [1789488321.288029436] [robot_1.robot_supervisor]: Selected controllable event: EV_search_object
[balanced_delivery_supervisor-24] [INFO] [1789488321.311621675] [robot_0.robot_supervisor]: Selected controllable event: EV_move_forward
[balanced_delivery_supervisor-20] [INFO] [1789488321.475468503] [robot_1.robot_supervisor]: Selected controllable event: EV_move_forward
[balanced_delivery_supervisor-24] [INFO] [1789488321.599019703] [robot_0.robot_supervisor]: ############################# REACHED: EV_object_reached #############################
[balanced_delivery_supervisor-24] [INFO] [1789488321.602617788] [robot_0.robot_supervisor]: Selected controllable event: EV_pick_up_object
[balanced_delivery_supervisor-24] [INFO] [1789488321.692475636] [robot_0.robot_supervisor]: Cargo 'robot_0_carried_generic_box' placed on robot.
[balanced_delivery_supervisor-20] [INFO] [1789488321.747825336] [robot_1.robot_supervisor]: Selected controllable event: EV_move_forward
[balanced_delivery_supervisor-24] [INFO] [1789488321.913689497] [robot_0.robot_supervisor]: Selected controllable event: EV_move_forward
[balanced_delivery_supervisor-20] [INFO] [1789488321.977917687] [robot_1.robot_supervisor]: Selected controllable event: EV_search_object
[balanced_delivery_supervisor-20] [INFO] [1789488322.169124756] [robot_1.robot_supervisor]: Selected controllable event: EV_move_forward
[balanced_delivery_supervisor-24] [INFO] [1789488322.187734823] [robot_0.robot_supervisor]: Selected controllable event: EV_search_zone
[balanced_delivery_supervisor-24] [INFO] [1789488322.326295584] [robot_0.robot_supervisor]: Selected controllable event: EV_move_forward
[balanced_delivery_supervisor-20] [INFO] [1789488322.459004044] [robot_1.robot_supervisor]: Triggered uncontrollable event: EV_object_not_visible
[balanced_delivery_supervisor-20] [INFO] [1789488322.470443249] [robot_1.robot_supervisor]: Selected controllable event: EV_search_object
[balanced_delivery_supervisor-20] [INFO] [1789488322.588304190] [robot_1.robot_supervisor]: Selected controllable event: EV_search_object
[balanced_delivery_supervisor-24] [INFO] [1789488322.585830627] [robot_0.robot_supervisor]: Triggered uncontrollable event: EV_zone_a_not_visible
[balanced_delivery_supervisor-24] [INFO] [1789488322.595979297] [robot_0.robot_supervisor]: Triggered uncontrollable event: EV_zone_b_not_visible
[balanced_delivery_supervisor-24] [INFO] [1789488322.609658111] [robot_0.robot_supervisor]: Selected controllable event: EV_search_zone
[balanced_delivery_supervisor-20] [INFO] [1789488322.773798669] [robot_1.robot_supervisor]: Selected controllable event: EV_search_object
[balanced_delivery_supervisor-24] [INFO] [1789488322.790415349] [robot_0.robot_supervisor]: Selected controllable event: EV_move_forward
[balanced_delivery_supervisor-20] [INFO] [1789488322.974664619] [robot_1.robot_supervisor]: Selected controllable event: EV_search_object
[balanced_delivery_supervisor-24] [INFO] [1789488323.007373786] [robot_0.robot_supervisor]: Selected controllable event: EV_move_forward
[balanced_delivery_supervisor-20] [INFO] [1789488323.195728994] [robot_1.robot_supervisor]: Selected controllable event: EV_search_object
[balanced_delivery_supervisor-24] [INFO] [1789488323.285606866] [robot_0.robot_supervisor]: Selected controllable event: EV_search_zone
[balanced_delivery_supervisor-20] [INFO] [1789488323.360119698] [robot_1.robot_supervisor]: Triggered uncontrollable event: EV_object_not_visible
[balanced_delivery_supervisor-20] [INFO] [1789488323.362634929] [robot_1.robot_supervisor]: Selected controllable event: EV_search_object
[balanced_delivery_supervisor-24] [INFO] [1789488323.417866327] [robot_0.robot_supervisor]: Triggered uncontrollable event: EV_zone_a_not_visible
[balanced_delivery_supervisor-24] [INFO] [1789488323.431843376] [robot_0.robot_supervisor]: Selected controllable event: EV_move_forward
[balanced_delivery_supervisor-20] [INFO] [1789488323.476333645] [robot_1.robot_supervisor]: Selected controllable event: EV_move_forward
[balanced_delivery_supervisor-22] [INFO] [1789488323.634373975] [robot_2.robot_supervisor]: Zone-livelock escape completed
[balanced_delivery_supervisor-24] [INFO] [1789488323.696994152] [robot_0.robot_supervisor]: Triggered uncontrollable event: EV_zone_b_not_visible
[balanced_delivery_supervisor-24] [INFO] [1789488323.698070223] [robot_0.robot_supervisor]: Selected controllable event: EV_move_forward
[balanced_delivery_supervisor-20] [INFO] [1789488323.757039423] [robot_1.robot_supervisor]: Selected controllable event: EV_search_object
[balanced_delivery_supervisor-20] [INFO] [1789488323.881364988] [robot_1.robot_supervisor]: Selected controllable event: EV_move_forward
[balanced_delivery_supervisor-22] [INFO] [1789488323.903714726] [robot_2.robot_supervisor]: ############################# VISIBLE: EV_object_visible #############################
[balanced_delivery_supervisor-22] [INFO] [1789488323.908878458] [robot_2.robot_supervisor]: Triggered uncontrollable event: EV_obstacle_right
[balanced_delivery_supervisor-22] [INFO] [1789488323.923586767] [robot_2.robot_supervisor]: Selected controllable event: EV_rotate_counterclockwise
[balanced_delivery_supervisor-24] [INFO] [1789488323.992591469] [robot_0.robot_supervisor]: Selected controllable event: EV_move_forward
[balanced_delivery_supervisor-22] [INFO] [1789488324.094768058] [robot_2.robot_supervisor]: Triggered uncontrollable event: EV_obstacle_right
[balanced_delivery_supervisor-22] [INFO] [1789488324.112837539] [robot_2.robot_supervisor]: Selected controllable event: EV_u_turn
[balanced_delivery_supervisor-22] [INFO] [1789488324.113896032] [robot_2.robot_supervisor]: Starting FULL ROTATE (omega=1.000, have_odom=True, target_rad=3.142, timeout_s=3.500)
[balanced_delivery_supervisor-20] [INFO] [1789488324.191886138] [robot_1.robot_supervisor]: Selected controllable event: EV_search_object
[balanced_delivery_supervisor-24] [INFO] [1789488324.323972804] [robot_0.robot_supervisor]: Selected controllable event: EV_move_forward
[balanced_delivery_supervisor-20] [INFO] [1789488324.375840528] [robot_1.robot_supervisor]: Triggered uncontrollable event: EV_object_not_visible
[balanced_delivery_supervisor-20] [INFO] [1789488324.376919056] [robot_1.robot_supervisor]: Selected controllable event: EV_search_object
[balanced_delivery_supervisor-20] [INFO] [1789488324.573133029] [robot_1.robot_supervisor]: Selected controllable event: EV_search_object
[balanced_delivery_supervisor-24] [INFO] [1789488324.610113993] [robot_0.robot_supervisor]: Triggered uncontrollable event: EV_zone_a_not_visible
[balanced_delivery_supervisor-24] [INFO] [1789488324.626236008] [robot_0.robot_supervisor]: Triggered uncontrollable event: EV_zone_b_not_visible
[balanced_delivery_supervisor-24] [INFO] [1789488324.628005653] [robot_0.robot_supervisor]: Selected controllable event: EV_move_forward
[balanced_delivery_supervisor-20] [INFO] [1789488324.757772194] [robot_1.robot_supervisor]: Selected controllable event: EV_move_forward
[balanced_delivery_supervisor-24] [INFO] [1789488324.889288190] [robot_0.robot_supervisor]: Selected controllable event: EV_move_forward
[balanced_delivery_supervisor-20] [INFO] [1789488325.066736483] [robot_1.robot_supervisor]: Selected controllable event: EV_move_forward
[balanced_delivery_supervisor-24] [INFO] [1789488325.094324121] [robot_0.robot_supervisor]: Selected controllable event: EV_move_forward
[balanced_delivery_supervisor-20] [INFO] [1789488325.281866842] [robot_1.robot_supervisor]: Triggered uncontrollable event: EV_object_not_visible
[balanced_delivery_supervisor-20] [INFO] [1789488325.288135577] [robot_1.robot_supervisor]: Selected controllable event: EV_move_forward
[balanced_delivery_supervisor-24] [INFO] [1789488325.415710896] [robot_0.robot_supervisor]: Triggered uncontrollable event: EV_zone_a_not_visible
[balanced_delivery_supervisor-24] [INFO] [1789488325.425164647] [robot_0.robot_supervisor]: Triggered uncontrollable event: EV_zone_b_not_visible
[balanced_delivery_supervisor-24] [INFO] [1789488325.431091295] [robot_0.robot_supervisor]: Selected controllable event: EV_move_forward
[balanced_delivery_supervisor-20] [INFO] [1789488325.561768880] [robot_1.robot_supervisor]: Selected controllable event: EV_search_object
[balanced_delivery_supervisor-24] [INFO] [1789488325.705128730] [robot_0.robot_supervisor]: Selected controllable event: EV_move_forward
[balanced_delivery_supervisor-20] [INFO] [1789488325.759259803] [robot_1.robot_supervisor]: Selected controllable event: EV_move_forward
[balanced_delivery_supervisor-20] [INFO] [1789488325.970290560] [robot_1.robot_supervisor]: Selected controllable event: EV_move_forward
[balanced_delivery_supervisor-24] [INFO] [1789488325.984754708] [robot_0.robot_supervisor]: Selected controllable event: EV_search_zone
[balanced_delivery_supervisor-24] [INFO] [1789488326.200236222] [robot_0.robot_supervisor]: Selected controllable event: EV_search_zone
[balanced_delivery_supervisor-20] [INFO] [1789488326.277873071] [robot_1.robot_supervisor]: ############################# VISIBLE: EV_object_visible #############################
[balanced_delivery_supervisor-20] [INFO] [1789488326.295461744] [robot_1.robot_supervisor]: Selected controllable event: EV_approach_object
[balanced_delivery_supervisor-24] [INFO] [1789488326.401517704] [robot_0.robot_supervisor]: Triggered uncontrollable event: EV_zone_a_not_visible
[balanced_delivery_supervisor-24] [INFO] [1789488326.402358948] [robot_0.robot_supervisor]: Triggered uncontrollable event: EV_zone_b_not_visible
[balanced_delivery_supervisor-24] [INFO] [1789488326.403309244] [robot_0.robot_supervisor]: Selected controllable event: EV_move_forward
[balanced_delivery_supervisor-20] [INFO] [1789488326.562173487] [robot_1.robot_supervisor]: Selected controllable event: EV_move_forward
[balanced_delivery_supervisor-24] [INFO] [1789488326.615630801] [robot_0.robot_supervisor]: Selected controllable event: EV_move_forward
[balanced_delivery_supervisor-20] [INFO] [1789488326.856941569] [robot_1.robot_supervisor]: Selected controllable event: EV_approach_object
[balanced_delivery_supervisor-24] [INFO] [1789488326.881431987] [robot_0.robot_supervisor]: Selected controllable event: EV_move_forward
[balanced_delivery_supervisor-20] [INFO] [1789488327.103879420] [robot_1.robot_supervisor]: ############################# VISIBLE: EV_object_visible #############################
[balanced_delivery_supervisor-20] [INFO] [1789488327.104988009] [robot_1.robot_supervisor]: Selected controllable event: EV_approach_object
[balanced_delivery_supervisor-24] [INFO] [1789488327.212314100] [robot_0.robot_supervisor]: Selected controllable event: EV_move_forward
[balanced_delivery_supervisor-20] [INFO] [1789488327.365768237] [robot_1.robot_supervisor]: Selected controllable event: EV_approach_object
[balanced_delivery_supervisor-24] [INFO] [1789488327.501686372] [robot_0.robot_supervisor]: Triggered uncontrollable event: EV_zone_a_not_visible
[balanced_delivery_supervisor-24] [INFO] [1789488327.502643194] [robot_0.robot_supervisor]: Triggered uncontrollable event: EV_zone_b_not_visible
[balanced_delivery_supervisor-24] [INFO] [1789488327.503715926] [robot_0.robot_supervisor]: Selected controllable event: EV_search_zone
[balanced_delivery_supervisor-20] [INFO] [1789488327.581720421] [robot_1.robot_supervisor]: Selected controllable event: EV_approach_object
[balanced_delivery_supervisor-24] [INFO] [1789488327.619466123] [robot_0.robot_supervisor]: Selected controllable event: EV_move_forward
[balanced_delivery_supervisor-22] [INFO] [1789488327.693515286] [robot_2.robot_supervisor]: FULL ROTATE completed by timeout
[balanced_delivery_supervisor-20] [INFO] [1789488327.865889183] [robot_1.robot_supervisor]: Selected controllable event: EV_move_forward
[balanced_delivery_supervisor-22] [INFO] [1789488327.893421687] [robot_2.robot_supervisor]: ############################# VISIBLE: EV_object_visible #############################
[balanced_delivery_supervisor-22] [INFO] [1789488327.894599123] [robot_2.robot_supervisor]: Selected controllable event: EV_approach_object
[balanced_delivery_supervisor-24] [INFO] [1789488327.918347889] [robot_0.robot_supervisor]: Selected controllable event: EV_search_zone
[balanced_delivery_supervisor-20] [INFO] [1789488328.083713009] [robot_1.robot_supervisor]: Selected controllable event: EV_move_forward
[balanced_delivery_supervisor-24] [INFO] [1789488328.104075629] [robot_0.robot_supervisor]: Selected controllable event: EV_search_zone
[balanced_delivery_supervisor-22] [INFO] [1789488328.187780322] [robot_2.robot_supervisor]: Selected controllable event: EV_move_forward
[balanced_delivery_supervisor-24] [INFO] [1789488328.213301884] [robot_0.robot_supervisor]: Selected controllable event: EV_search_zone
[balanced_delivery_supervisor-20] [INFO] [1789488328.366276891] [robot_1.robot_supervisor]: ############################# VISIBLE: EV_object_visible #############################
[balanced_delivery_supervisor-20] [INFO] [1789488328.376253890] [robot_1.robot_supervisor]: Selected controllable event: EV_move_forward
[balanced_delivery_supervisor-24] [INFO] [1789488328.412096605] [robot_0.robot_supervisor]: Triggered uncontrollable event: EV_zone_a_not_visible
[balanced_delivery_supervisor-24] [INFO] [1789488328.412994041] [robot_0.robot_supervisor]: Triggered uncontrollable event: EV_zone_b_not_visible
[balanced_delivery_supervisor-24] [INFO] [1789488328.435099027] [robot_0.robot_supervisor]: Selected controllable event: EV_move_forward
[balanced_delivery_supervisor-22] [INFO] [1789488328.489087654] [robot_2.robot_supervisor]: ############################# VISIBLE: EV_object_visible #############################
[balanced_delivery_supervisor-22] [INFO] [1789488328.500471198] [robot_2.robot_supervisor]: Selected controllable event: EV_move_forward
[balanced_delivery_supervisor-20] [INFO] [1789488328.653061335] [robot_1.robot_supervisor]: Selected controllable event: EV_approach_object
[balanced_delivery_supervisor-24] [INFO] [1789488328.697243108] [robot_0.robot_supervisor]: Selected controllable event: EV_search_zone
[balanced_delivery_supervisor-22] [INFO] [1789488328.772726296] [robot_2.robot_supervisor]: Selected controllable event: EV_approach_object
[balanced_delivery_supervisor-24] [INFO] [1789488328.809561261] [robot_0.robot_supervisor]: Selected controllable event: EV_search_zone
[balanced_delivery_supervisor-20] [INFO] [1789488328.874405274] [robot_1.robot_supervisor]: Selected controllable event: EV_approach_object
[balanced_delivery_supervisor-22] [INFO] [1789488328.980009279] [robot_2.robot_supervisor]: Selected controllable event: EV_approach_object
[balanced_delivery_supervisor-24] [INFO] [1789488328.981663553] [robot_0.robot_supervisor]: Selected controllable event: EV_search_zone
[balanced_delivery_supervisor-24] [INFO] [1789488329.101271145] [robot_0.robot_supervisor]: Selected controllable event: EV_search_zone
[balanced_delivery_supervisor-20] [INFO] [1789488329.174473663] [robot_1.robot_supervisor]: ############################# VISIBLE: EV_object_visible #############################
[balanced_delivery_supervisor-20] [INFO] [1789488329.175395895] [robot_1.robot_supervisor]: Selected controllable event: EV_approach_object
[balanced_delivery_supervisor-22] [INFO] [1789488329.195328169] [robot_2.robot_supervisor]: ############################# VISIBLE: EV_object_visible #############################
[balanced_delivery_supervisor-22] [INFO] [1789488329.204049451] [robot_2.robot_supervisor]: Selected controllable event: EV_approach_object
[balanced_delivery_supervisor-24] [INFO] [1789488329.283350470] [robot_0.robot_supervisor]: Triggered uncontrollable event: EV_zone_a_not_visible
[balanced_delivery_supervisor-24] [INFO] [1789488329.301788298] [robot_0.robot_supervisor]: Triggered uncontrollable event: EV_zone_b_not_visible
[balanced_delivery_supervisor-24] [INFO] [1789488329.302873501] [robot_0.robot_supervisor]: Selected controllable event: EV_move_forward
[balanced_delivery_supervisor-20] [INFO] [1789488329.468781675] [robot_1.robot_supervisor]: Selected controllable event: EV_move_forward
[balanced_delivery_supervisor-22] [INFO] [1789488329.506113856] [robot_2.robot_supervisor]: Selected controllable event: EV_approach_object
[balanced_delivery_supervisor-24] [INFO] [1789488329.589137088] [robot_0.robot_supervisor]: Selected controllable event: EV_search_zone
[balanced_delivery_supervisor-20] [INFO] [1789488329.764686940] [robot_1.robot_supervisor]: Selected controllable event: EV_approach_object
[balanced_delivery_supervisor-22] [INFO] [1789488329.798043983] [robot_2.robot_supervisor]: Selected controllable event: EV_move_forward
[balanced_delivery_supervisor-24] [INFO] [1789488329.805212749] [robot_0.robot_supervisor]: Selected controllable event: EV_search_zone
[balanced_delivery_supervisor-24] [INFO] [1789488330.023674076] [robot_0.robot_supervisor]: Selected controllable event: EV_move_forward
[balanced_delivery_supervisor-20] [INFO] [1789488330.064682989] [robot_1.robot_supervisor]: Selected controllable event: EV_approach_object
[balanced_delivery_supervisor-22] [INFO] [1789488330.090968974] [robot_2.robot_supervisor]: Selected controllable event: EV_approach_object
[balanced_delivery_supervisor-24] [INFO] [1789488330.299096526] [robot_0.robot_supervisor]: Triggered uncontrollable event: EV_zone_a_not_visible
[balanced_delivery_supervisor-24] [INFO] [1789488330.303366513] [robot_0.robot_supervisor]: Selected controllable event: EV_move_forward
[balanced_delivery_supervisor-20] [INFO] [1789488330.373678850] [robot_1.robot_supervisor]: ############################# VISIBLE: EV_object_visible #############################
[balanced_delivery_supervisor-20] [INFO] [1789488330.374610424] [robot_1.robot_supervisor]: Selected controllable event: EV_move_forward
[balanced_delivery_supervisor-22] [INFO] [1789488330.399707238] [robot_2.robot_supervisor]: ############################# VISIBLE: EV_object_visible #############################
[balanced_delivery_supervisor-22] [INFO] [1789488330.404825592] [robot_2.robot_supervisor]: Selected controllable event: EV_move_forward
[balanced_delivery_supervisor-24] [INFO] [1789488330.578218430] [robot_0.robot_supervisor]: Triggered uncontrollable event: EV_zone_b_not_visible
[balanced_delivery_supervisor-24] [INFO] [1789488330.588290260] [robot_0.robot_supervisor]: Selected controllable event: EV_search_zone
[balanced_delivery_supervisor-20] [INFO] [1789488330.670464153] [robot_1.robot_supervisor]: Selected controllable event: EV_move_forward
[balanced_delivery_supervisor-22] [INFO] [1789488330.711489674] [robot_2.robot_supervisor]: Selected controllable event: EV_move_forward
[balanced_delivery_supervisor-24] [INFO] [1789488330.782029508] [robot_0.robot_supervisor]: Selected controllable event: EV_move_forward
[color_detector-29] [INFO] [1789488330.799193299] [robot_2.target_detector]: RGB HEARTBEAT frames_total=10 recent_rate_hz=0.685 last_frame_age_s=0.721 status=OK
[color_detector-31] [INFO] [1789488330.814505782] [robot_0.target_detector]: RGB HEARTBEAT frames_total=10 recent_rate_hz=0.720 last_frame_age_s=0.620 status=OK
[color_detector-27] [INFO] [1789488330.827663296] [robot_1.target_detector]: RGB HEARTBEAT frames_total=10 recent_rate_hz=0.728 last_frame_age_s=0.833 status=OK
[balanced_delivery_supervisor-20] [INFO] [1789488330.982618425] [robot_1.robot_supervisor]: Selected controllable event: EV_move_forward
[balanced_delivery_supervisor-22] [INFO] [1789488331.022756692] [robot_2.robot_supervisor]: Selected controllable event: EV_move_forward
[balanced_delivery_supervisor-24] [INFO] [1789488331.105509864] [robot_0.robot_supervisor]: Selected controllable event: EV_search_zone
[balanced_delivery_supervisor-20] [INFO] [1789488331.261990861] [robot_1.robot_supervisor]: ############################# VISIBLE: EV_object_visible #############################
[balanced_delivery_supervisor-20] [INFO] [1789488331.267347696] [robot_1.robot_supervisor]: Selected controllable event: EV_approach_object
[balanced_delivery_supervisor-22] [INFO] [1789488331.280654514] [robot_2.robot_supervisor]: ############################# VISIBLE: EV_object_visible #############################
[balanced_delivery_supervisor-22] [INFO] [1789488331.296209750] [robot_2.robot_supervisor]: Selected controllable event: EV_move_forward
[balanced_delivery_supervisor-24] [INFO] [1789488331.302554063] [robot_0.robot_supervisor]: Triggered uncontrollable event: EV_zone_a_not_visible
[balanced_delivery_supervisor-24] [INFO] [1789488331.303349903] [robot_0.robot_supervisor]: Triggered uncontrollable event: EV_zone_b_not_visible
[balanced_delivery_supervisor-24] [INFO] [1789488331.315679942] [robot_0.robot_supervisor]: Selected controllable event: EV_search_zone
[balanced_delivery_supervisor-20] [INFO] [1789488331.486720568] [robot_1.robot_supervisor]: Selected controllable event: EV_move_forward
[balanced_delivery_supervisor-24] [INFO] [1789488331.501668621] [robot_0.robot_supervisor]: Selected controllable event: EV_search_zone
[balanced_delivery_supervisor-22] [INFO] [1789488331.592141444] [robot_2.robot_supervisor]: Selected controllable event: EV_move_forward
[balanced_delivery_supervisor-24] [INFO] [1789488331.708565942] [robot_0.robot_supervisor]: Selected controllable event: EV_move_forward
[balanced_delivery_supervisor-20] [INFO] [1789488331.775206015] [robot_1.robot_supervisor]: Selected controllable event: EV_move_forward
[balanced_delivery_supervisor-22] [INFO] [1789488331.900149138] [robot_2.robot_supervisor]: Selected controllable event: EV_approach_object
[balanced_delivery_supervisor-24] [INFO] [1789488331.996809852] [robot_0.robot_supervisor]: Selected controllable event: EV_move_forward
[balanced_delivery_supervisor-20] [INFO] [1789488332.085358849] [robot_1.robot_supervisor]: ############################# VISIBLE: EV_object_visible #############################
[balanced_delivery_supervisor-20] [INFO] [1789488332.086213921] [robot_1.robot_supervisor]: Triggered uncontrollable event: EV_obstacle_left
[balanced_delivery_supervisor-20] [INFO] [1789488332.087217642] [robot_1.robot_supervisor]: Selected controllable event: EV_u_turn
[balanced_delivery_supervisor-20] [INFO] [1789488332.109352798] [robot_1.robot_supervisor]: Starting FULL ROTATE (omega=1.000, have_odom=True, target_rad=3.142, timeout_s=3.500)
[balanced_delivery_supervisor-22] [INFO] [1789488332.204745245] [robot_2.robot_supervisor]: ############################# VISIBLE: EV_object_visible #############################
[balanced_delivery_supervisor-24] [INFO] [1789488332.208219901] [robot_0.robot_supervisor]: Triggered uncontrollable event: EV_zone_a_not_visible
[balanced_delivery_supervisor-22] [INFO] [1789488332.210780022] [robot_2.robot_supervisor]: Triggered uncontrollable event: EV_obstacle_front
[balanced_delivery_supervisor-24] [INFO] [1789488332.215928400] [robot_0.robot_supervisor]: Triggered uncontrollable event: EV_zone_b_not_visible
[balanced_delivery_supervisor-22] [INFO] [1789488332.216279815] [robot_2.robot_supervisor]: Selected controllable event: EV_rotate_clockwise
[balanced_delivery_supervisor-24] [INFO] [1789488332.232479794] [robot_0.robot_supervisor]: Selected controllable event: EV_move_forward
[balanced_delivery_supervisor-22] [INFO] [1789488332.375348214] [robot_2.robot_supervisor]: Triggered uncontrollable event: EV_obstacle_front
[balanced_delivery_supervisor-22] [INFO] [1789488332.380569806] [robot_2.robot_supervisor]: Selected controllable event: EV_rotate_counterclockwise
[balanced_delivery_supervisor-24] [INFO] [1789488332.508495469] [robot_0.robot_supervisor]: Selected controllable event: EV_move_forward
[balanced_delivery_supervisor-22] [INFO] [1789488332.598567946] [robot_2.robot_supervisor]: Triggered uncontrollable event: EV_obstacle_front
[balanced_delivery_supervisor-22] [INFO] [1789488332.601647408] [robot_2.robot_supervisor]: Selected controllable event: EV_rotate_clockwise
[balanced_delivery_supervisor-24] [INFO] [1789488332.731336874] [robot_0.robot_supervisor]: Selected controllable event: EV_move_forward
[balanced_delivery_supervisor-22] [INFO] [1789488332.772563218] [robot_2.robot_supervisor]: Triggered uncontrollable event: EV_obstacle_front
[balanced_delivery_supervisor-22] [INFO] [1789488332.784182683] [robot_2.robot_supervisor]: Selected controllable event: EV_move_backward
[balanced_delivery_supervisor-24] [INFO] [1789488333.000018042] [robot_0.robot_supervisor]: Selected controllable event: EV_search_zone
[balanced_delivery_supervisor-22] [INFO] [1789488333.098205460] [robot_2.robot_supervisor]: ############################# VISIBLE: EV_object_visible #############################
[balanced_delivery_supervisor-22] [INFO] [1789488333.099913000] [robot_2.robot_supervisor]: Triggered uncontrollable event: EV_obstacle_left
[balanced_delivery_supervisor-22] [INFO] [1789488333.112017214] [robot_2.robot_supervisor]: Selected controllable event: EV_u_turn
[balanced_delivery_supervisor-22] [INFO] [1789488333.114182669] [robot_2.robot_supervisor]: Starting FULL ROTATE (omega=1.000, have_odom=True, target_rad=3.142, timeout_s=3.500)
[balanced_delivery_supervisor-24] [INFO] [1789488333.115723277] [robot_0.robot_supervisor]: Triggered uncontrollable event: EV_zone_a_not_visible
[balanced_delivery_supervisor-24] [INFO] [1789488333.116874720] [robot_0.robot_supervisor]: Selected controllable event: EV_move_forward
[balanced_delivery_supervisor-24] [INFO] [1789488333.399339285] [robot_0.robot_supervisor]: Triggered uncontrollable event: EV_zone_b_not_visible
[balanced_delivery_supervisor-24] [INFO] [1789488333.400420162] [robot_0.robot_supervisor]: Selected controllable event: EV_move_forward
[balanced_delivery_supervisor-24] [INFO] [1789488333.698941609] [robot_0.robot_supervisor]: Selected controllable event: EV_search_zone
[balanced_delivery_supervisor-24] [INFO] [1789488333.805319159] [robot_0.robot_supervisor]: Selected controllable event: EV_search_zone
[balanced_delivery_supervisor-24] [INFO] [1789488333.997097999] [robot_0.robot_supervisor]: Selected controllable event: EV_move_forward
[balanced_delivery_supervisor-24] [INFO] [1789488334.278691605] [robot_0.robot_supervisor]: Triggered uncontrollable event: EV_zone_b_visible
[balanced_delivery_supervisor-24] [INFO] [1789488334.299972070] [robot_0.robot_supervisor]: Triggered uncontrollable event: EV_zone_a_not_visible
[balanced_delivery_supervisor-24] [INFO] [1789488334.301077242] [robot_0.robot_supervisor]: Selected controllable event: EV_approach_zone
[balanced_delivery_supervisor-24] [INFO] [1789488334.605197654] [robot_0.robot_supervisor]: Selected controllable event: EV_approach_zone
[balanced_delivery_supervisor-24] [INFO] [1789488334.822477618] [robot_0.robot_supervisor]: Selected controllable event: EV_move_forward
[balanced_delivery_supervisor-24] [INFO] [1789488335.085245004] [robot_0.robot_supervisor]: Selected controllable event: EV_move_forward
[balanced_delivery_supervisor-24] [INFO] [1789488335.303910209] [robot_0.robot_supervisor]: Triggered uncontrollable event: EV_zone_b_visible
[balanced_delivery_supervisor-24] [INFO] [1789488335.312292827] [robot_0.robot_supervisor]: Triggered uncontrollable event: EV_zone_a_not_visible
[balanced_delivery_supervisor-24] [INFO] [1789488335.322368011] [robot_0.robot_supervisor]: Selected controllable event: EV_approach_zone
[balanced_delivery_supervisor-24] [INFO] [1789488335.602160249] [robot_0.robot_supervisor]: Selected controllable event: EV_move_forward
[balanced_delivery_supervisor-20] [INFO] [1789488335.665803372] [robot_1.robot_supervisor]: FULL ROTATE completed by timeout
[balanced_delivery_supervisor-24] [INFO] [1789488335.887971347] [robot_0.robot_supervisor]: Selected controllable event: EV_approach_zone
[balanced_delivery_supervisor-20] [INFO] [1789488335.981633082] [robot_1.robot_supervisor]: ############################# VISIBLE: EV_object_visible #############################
[balanced_delivery_supervisor-20] [INFO] [1789488335.982751302] [robot_1.robot_supervisor]: Selected controllable event: EV_approach_object
[balanced_delivery_supervisor-24] [INFO] [1789488336.208799302] [robot_0.robot_supervisor]: Triggered uncontrollable event: EV_zone_b_visible
[balanced_delivery_supervisor-24] [INFO] [1789488336.209632876] [robot_0.robot_supervisor]: Triggered uncontrollable event: EV_zone_a_not_visible
[balanced_delivery_supervisor-24] [INFO] [1789488336.210633429] [robot_0.robot_supervisor]: Selected controllable event: EV_move_forward
[balanced_delivery_supervisor-20] [INFO] [1789488336.288260339] [robot_1.robot_supervisor]: Selected controllable event: EV_move_forward
[balanced_delivery_supervisor-24] [INFO] [1789488336.422390298] [robot_0.robot_supervisor]: Selected controllable event: EV_approach_zone
[balanced_delivery_supervisor-20] [INFO] [1789488336.580244035] [robot_1.robot_supervisor]: Selected controllable event: EV_move_forward
[balanced_delivery_supervisor-22] [INFO] [1789488336.695538718] [robot_2.robot_supervisor]: FULL ROTATE completed by timeout
[balanced_delivery_supervisor-24] [INFO] [1789488336.712318443] [robot_0.robot_supervisor]: Selected controllable event: EV_move_forward
[balanced_delivery_supervisor-20] [INFO] [1789488336.871288170] [robot_1.robot_supervisor]: Selected controllable event: EV_move_forward
[balanced_delivery_supervisor-22] [INFO] [1789488336.982430067] [robot_2.robot_supervisor]: ############################# VISIBLE: EV_object_visible #############################
[balanced_delivery_supervisor-24] [INFO] [1789488336.989454791] [robot_0.robot_supervisor]: Selected controllable event: EV_approach_zone
[balanced_delivery_supervisor-22] [INFO] [1789488337.010021052] [robot_2.robot_supervisor]: Triggered uncontrollable event: EV_obstacle_right
[balanced_delivery_supervisor-22] [INFO] [1789488337.011177616] [robot_2.robot_supervisor]: Selected controllable event: EV_u_turn
[balanced_delivery_supervisor-22] [INFO] [1789488337.096662041] [robot_2.robot_supervisor]: ############################# VISIBLE: EV_object_visible #############################
[balanced_delivery_supervisor-22] [INFO] [1789488337.097550424] [robot_2.robot_supervisor]: Triggered uncontrollable event: EV_obstacle_right
[balanced_delivery_supervisor-22] [INFO] [1789488337.098586370] [robot_2.robot_supervisor]: Selected controllable event: EV_rotate_counterclockwise
[balanced_delivery_supervisor-22] [WARN] [1789488337.099415384] [robot_2.robot_supervisor]: no translation for 4.7s livelock detected; starting atomic escape (turn_sign=+1)
[balanced_delivery_supervisor-20] [INFO] [1789488337.156313285] [robot_1.robot_supervisor]: ############################# VISIBLE: EV_object_visible #############################
[balanced_delivery_supervisor-20] [INFO] [1789488337.169803299] [robot_1.robot_supervisor]: Selected controllable event: EV_approach_object
[balanced_delivery_supervisor-24] [INFO] [1789488337.198793271] [robot_0.robot_supervisor]: Triggered uncontrollable event: EV_zone_b_visible
[balanced_delivery_supervisor-24] [INFO] [1789488337.207868800] [robot_0.robot_supervisor]: Triggered uncontrollable event: EV_zone_a_not_visible
[balanced_delivery_supervisor-24] [INFO] [1789488337.211203919] [robot_0.robot_supervisor]: Selected controllable event: EV_approach_zone
[balanced_delivery_supervisor-20] [INFO] [1789488337.469095354] [robot_1.robot_supervisor]: Selected controllable event: EV_approach_object
[balanced_delivery_supervisor-24] [INFO] [1789488337.497902335] [robot_0.robot_supervisor]: Selected controllable event: EV_move_forward
[balanced_delivery_supervisor-20] [INFO] [1789488337.767575190] [robot_1.robot_supervisor]: Selected controllable event: EV_move_forward
[balanced_delivery_supervisor-24] [INFO] [1789488337.781177325] [robot_0.robot_supervisor]: Selected controllable event: EV_approach_zone
[balanced_delivery_supervisor-20] [INFO] [1789488337.973807599] [robot_1.robot_supervisor]: Selected controllable event: EV_move_forward
[balanced_delivery_supervisor-24] [INFO] [1789488338.006751292] [robot_0.robot_supervisor]: Selected controllable event: EV_move_forward
[balanced_delivery_supervisor-20] [INFO] [1789488338.257285795] [robot_1.robot_supervisor]: ############################# VISIBLE: EV_object_visible #############################
[balanced_delivery_supervisor-20] [INFO] [1789488338.275066202] [robot_1.robot_supervisor]: Selected controllable event: EV_approach_object
[balanced_delivery_supervisor-24] [INFO] [1789488338.307285190] [robot_0.robot_supervisor]: Triggered uncontrollable event: EV_zone_b_visible
[balanced_delivery_supervisor-24] [INFO] [1789488338.308138134] [robot_0.robot_supervisor]: Triggered uncontrollable event: EV_zone_a_not_visible
[balanced_delivery_supervisor-24] [INFO] [1789488338.309195084] [robot_0.robot_supervisor]: Selected controllable event: EV_move_forward
[balanced_delivery_supervisor-24] [INFO] [1789488338.521349752] [robot_0.robot_supervisor]: Selected controllable event: EV_move_forward
[balanced_delivery_supervisor-20] [INFO] [1789488338.559203039] [robot_1.robot_supervisor]: Selected controllable event: EV_approach_object
[balanced_delivery_supervisor-24] [INFO] [1789488338.799153110] [robot_0.robot_supervisor]: Selected controllable event: EV_move_forward
[balanced_delivery_supervisor-20] [INFO] [1789488338.849493964] [robot_1.robot_supervisor]: Selected controllable event: EV_move_forward
[balanced_delivery_supervisor-20] [INFO] [1789488339.077531041] [robot_1.robot_supervisor]: Triggered uncontrollable event: EV_object_not_visible
[balanced_delivery_supervisor-20] [INFO] [1789488339.099299368] [robot_1.robot_supervisor]: Selected controllable event: EV_move_forward
[balanced_delivery_supervisor-24] [INFO] [1789488339.100001618] [robot_0.robot_supervisor]: Selected controllable event: EV_approach_zone
[balanced_delivery_supervisor-24] [INFO] [1789488339.311240066] [robot_0.robot_supervisor]: Triggered uncontrollable event: EV_zone_a_visible
[balanced_delivery_supervisor-24] [INFO] [1789488339.312083683] [robot_0.robot_supervisor]: Triggered uncontrollable event: EV_zone_b_visible
[balanced_delivery_supervisor-24] [INFO] [1789488339.313028443] [robot_0.robot_supervisor]: Selected controllable event: EV_approach_zone
[balanced_delivery_supervisor-20] [INFO] [1789488339.365542693] [robot_1.robot_supervisor]: Selected controllable event: EV_search_object
[balanced_delivery_supervisor-20] [INFO] [1789488339.578622296] [robot_1.robot_supervisor]: Selected controllable event: EV_search_object
[balanced_delivery_supervisor-24] [INFO] [1789488339.603449785] [robot_0.robot_supervisor]: Selected controllable event: EV_move_forward
[balanced_delivery_supervisor-22] [INFO] [1789488339.681570358] [robot_2.robot_supervisor]: Zone-livelock escape completed
[balanced_delivery_supervisor-20] [INFO] [1789488339.774557568] [robot_1.robot_supervisor]: Selected controllable event: EV_move_forward
[balanced_delivery_supervisor-22] [INFO] [1789488339.880172666] [robot_2.robot_supervisor]: ############################# VISIBLE: EV_object_visible #############################
[balanced_delivery_supervisor-24] [INFO] [1789488339.890003813] [robot_0.robot_supervisor]: Selected controllable event: EV_move_forward
[balanced_delivery_supervisor-22] [INFO] [1789488339.903549268] [robot_2.robot_supervisor]: Triggered uncontrollable event: EV_obstacle_right
[balanced_delivery_supervisor-22] [INFO] [1789488339.904354239] [robot_2.robot_supervisor]: Selected controllable event: EV_rotate_counterclockwise
[balanced_delivery_supervisor-20] [INFO] [1789488340.065384176] [robot_1.robot_supervisor]: Triggered uncontrollable event: EV_obstacle_left
[balanced_delivery_supervisor-20] [INFO] [1789488340.076419645] [robot_1.robot_supervisor]: Triggered uncontrollable event: EV_object_not_visible
[balanced_delivery_supervisor-20] [INFO] [1789488340.080437102] [robot_1.robot_supervisor]: Selected controllable event: EV_u_turn
[balanced_delivery_supervisor-22] [INFO] [1789488340.091926754] [robot_2.robot_supervisor]: ############################# VISIBLE: EV_object_visible #############################
[balanced_delivery_supervisor-20] [INFO] [1789488340.094131506] [robot_1.robot_supervisor]: Starting FULL ROTATE (omega=1.000, have_odom=True, target_rad=3.142, timeout_s=3.500)
[balanced_delivery_supervisor-22] [INFO] [1789488340.103475748] [robot_2.robot_supervisor]: Selected controllable event: EV_approach_object
[balanced_delivery_supervisor-24] [INFO] [1789488340.183609068] [robot_0.robot_supervisor]: Triggered uncontrollable event: EV_zone_a_visible
[balanced_delivery_supervisor-24] [INFO] [1789488340.200880090] [robot_0.robot_supervisor]: Triggered uncontrollable event: EV_zone_b_visible
[balanced_delivery_supervisor-24] [INFO] [1789488340.201797696] [robot_0.robot_supervisor]: Selected controllable event: EV_approach_zone
[balanced_delivery_supervisor-22] [INFO] [1789488340.410711162] [robot_2.robot_supervisor]: Selected controllable event: EV_move_forward
[balanced_delivery_supervisor-24] [INFO] [1789488340.504242793] [robot_0.robot_supervisor]: Selected controllable event: EV_approach_zone
[balanced_delivery_supervisor-22] [INFO] [1789488340.682643621] [robot_2.robot_supervisor]: Selected controllable event: EV_approach_object
[balanced_delivery_supervisor-24] [INFO] [1789488340.798278803] [robot_0.robot_supervisor]: Selected controllable event: EV_approach_zone
[color_detector-27] [INFO] [1789488340.828823748] [robot_1.target_detector]: RGB HEARTBEAT frames_total=20 recent_rate_hz=0.999 last_frame_age_s=0.904 status=OK
[color_detector-31] [INFO] [1789488340.833186181] [robot_0.target_detector]: RGB HEARTBEAT frames_total=20 recent_rate_hz=0.998 last_frame_age_s=0.825 status=OK
[color_detector-29] [INFO] [1789488340.834409189] [robot_2.target_detector]: RGB HEARTBEAT frames_total=20 recent_rate_hz=0.998 last_frame_age_s=0.857 status=OK
[balanced_delivery_supervisor-22] [INFO] [1789488341.002801744] [robot_2.robot_supervisor]: Selected controllable event: EV_approach_object
[balanced_delivery_supervisor-24] [INFO] [1789488341.005232548] [robot_0.robot_supervisor]: Selected controllable event: EV_approach_zone
[balanced_delivery_supervisor-24] [INFO] [1789488341.285354658] [robot_0.robot_supervisor]: Triggered uncontrollable event: EV_zone_a_visible
[balanced_delivery_supervisor-24] [INFO] [1789488341.296241608] [robot_0.robot_supervisor]: Triggered uncontrollable event: EV_zone_b_visible
[balanced_delivery_supervisor-24] [INFO] [1789488341.305774921] [robot_0.robot_supervisor]: Selected controllable event: EV_approach_zone
[balanced_delivery_supervisor-22] [INFO] [1789488341.285638385] [robot_2.robot_supervisor]: ############################# VISIBLE: EV_object_visible #############################
[balanced_delivery_supervisor-22] [INFO] [1789488341.292369051] [robot_2.robot_supervisor]: Selected controllable event: EV_approach_object
[balanced_delivery_supervisor-22] [INFO] [1789488341.614536235] [robot_2.robot_supervisor]: Selected controllable event: EV_approach_object
[balanced_delivery_supervisor-24] [INFO] [1789488341.620366318] [robot_0.robot_supervisor]: Selected controllable event: EV_move_forward
[balanced_delivery_supervisor-24] [INFO] [1789488341.893685344] [robot_0.robot_supervisor]: Selected controllable event: EV_approach_zone
[balanced_delivery_supervisor-22] [INFO] [1789488341.901099407] [robot_2.robot_supervisor]: Selected controllable event: EV_move_forward
[balanced_delivery_supervisor-24] [INFO] [1789488342.113060484] [robot_0.robot_supervisor]: Selected controllable event: EV_move_forward
[balanced_delivery_supervisor-22] [INFO] [1789488342.192343553] [robot_2.robot_supervisor]: Selected controllable event: EV_move_forward
[balanced_delivery_supervisor-24] [INFO] [1789488342.407655487] [robot_0.robot_supervisor]: Triggered uncontrollable event: EV_zone_a_visible
[balanced_delivery_supervisor-24] [INFO] [1789488342.408772677] [robot_0.robot_supervisor]: Selected controllable event: EV_move_forward
[balanced_delivery_supervisor-22] [INFO] [1789488342.505593770] [robot_2.robot_supervisor]: ############################# VISIBLE: EV_object_visible #############################
[balanced_delivery_supervisor-22] [INFO] [1789488342.515910369] [robot_2.robot_supervisor]: Selected controllable event: EV_move_forward
[balanced_delivery_supervisor-24] [INFO] [1789488342.735337456] [robot_0.robot_supervisor]: Triggered uncontrollable event: EV_zone_b_visible
[balanced_delivery_supervisor-24] [INFO] [1789488342.736516020] [robot_0.robot_supervisor]: Selected controllable event: EV_move_forward
[balanced_delivery_supervisor-22] [INFO] [1789488342.808265920] [robot_2.robot_supervisor]: Selected controllable event: EV_approach_object
[balanced_delivery_supervisor-24] [INFO] [1789488342.991206629] [robot_0.robot_supervisor]: Selected controllable event: EV_move_forward
[balanced_delivery_supervisor-22] [INFO] [1789488343.093462962] [robot_2.robot_supervisor]: Selected controllable event: EV_approach_object
[balanced_delivery_supervisor-24] [INFO] [1789488343.200042295] [robot_0.robot_supervisor]: Selected controllable event: EV_move_forward
[balanced_delivery_supervisor-22] [INFO] [1789488343.408743947] [robot_2.robot_supervisor]: Triggered uncontrollable event: EV_obstacle_left
[balanced_delivery_supervisor-22] [INFO] [1789488343.409818610] [robot_2.robot_supervisor]: Selected controllable event: EV_u_turn
[balanced_delivery_supervisor-22] [INFO] [1789488343.425517062] [robot_2.robot_supervisor]: Starting FULL ROTATE (omega=1.000, have_odom=True, target_rad=3.142, timeout_s=3.500)
[balanced_delivery_supervisor-24] [INFO] [1789488343.503442388] [robot_0.robot_supervisor]: Triggered uncontrollable event: EV_zone_a_visible
[balanced_delivery_supervisor-24] [INFO] [1789488343.517291541] [robot_0.robot_supervisor]: Selected controllable event: EV_approach_zone
[balanced_delivery_supervisor-20] [INFO] [1789488343.694144429] [robot_1.robot_supervisor]: FULL ROTATE completed by timeout
[balanced_delivery_supervisor-24] [INFO] [1789488343.789521026] [robot_0.robot_supervisor]: Triggered uncontrollable event: EV_zone_b_visible
[balanced_delivery_supervisor-24] [INFO] [1789488343.799337578] [robot_0.robot_supervisor]: Selected controllable event: EV_approach_zone
[balanced_delivery_supervisor-20] [INFO] [1789488343.984598589] [robot_1.robot_supervisor]: Triggered uncontrollable event: EV_object_not_visible
[balanced_delivery_supervisor-20] [INFO] [1789488343.993016187] [robot_1.robot_supervisor]: Selected controllable event: EV_search_object
[balanced_delivery_supervisor-24] [INFO] [1789488344.009051482] [robot_0.robot_supervisor]: Selected controllable event: EV_move_forward
[balanced_delivery_supervisor-20] [INFO] [1789488344.179065377] [robot_1.robot_supervisor]: Selected controllable event: EV_search_object
[balanced_delivery_supervisor-24] [INFO] [1789488344.287288603] [robot_0.robot_supervisor]: Selected controllable event: EV_move_forward
[balanced_delivery_supervisor-20] [INFO] [1789488344.378205077] [robot_1.robot_supervisor]: Selected controllable event: EV_move_forward
[balanced_delivery_supervisor-24] [INFO] [1789488344.491218732] [robot_0.robot_supervisor]: Selected controllable event: EV_approach_zone
[balanced_delivery_supervisor-20] [INFO] [1789488344.696298111] [robot_1.robot_supervisor]: Triggered uncontrollable event: EV_object_not_visible
[balanced_delivery_supervisor-20] [INFO] [1789488344.697524400] [robot_1.robot_supervisor]: Selected controllable event: EV_search_object
[balanced_delivery_supervisor-24] [INFO] [1789488344.717206922] [robot_0.robot_supervisor]: Triggered uncontrollable event: EV_zone_a_visible
[balanced_delivery_supervisor-24] [INFO] [1789488344.731056854] [robot_0.robot_supervisor]: Triggered uncontrollable event: EV_zone_b_visible
[balanced_delivery_supervisor-24] [INFO] [1789488344.732030328] [robot_0.robot_supervisor]: Selected controllable event: EV_approach_zone
[balanced_delivery_supervisor-20] [INFO] [1789488344.872228174] [robot_1.robot_supervisor]: Selected controllable event: EV_search_object
[balanced_delivery_supervisor-24] [INFO] [1789488345.011552437] [robot_0.robot_supervisor]: Selected controllable event: EV_move_forward
[balanced_delivery_supervisor-20] [INFO] [1789488345.080900504] [robot_1.robot_supervisor]: Selected controllable event: EV_move_forward
[balanced_delivery_supervisor-24] [INFO] [1789488345.308544274] [robot_0.robot_supervisor]: Selected controllable event: EV_move_forward
[balanced_delivery_supervisor-20] [INFO] [1789488345.371978163] [robot_1.robot_supervisor]: Selected controllable event: EV_move_forward
[balanced_delivery_supervisor-24] [INFO] [1789488345.604170545] [robot_0.robot_supervisor]: Selected controllable event: EV_move_forward
[balanced_delivery_supervisor-20] [INFO] [1789488345.662359897] [robot_1.robot_supervisor]: Triggered uncontrollable event: EV_obstacle_right
[balanced_delivery_supervisor-20] [INFO] [1789488345.668357654] [robot_1.robot_supervisor]: Triggered uncontrollable event: EV_object_not_visible
[balanced_delivery_supervisor-20] [INFO] [1789488345.676584262] [robot_1.robot_supervisor]: Selected controllable event: EV_u_turn
[balanced_delivery_supervisor-20] [INFO] [1789488345.764741940] [robot_1.robot_supervisor]: Triggered uncontrollable event: EV_obstacle_right
[balanced_delivery_supervisor-20] [INFO] [1789488345.782667079] [robot_1.robot_supervisor]: Selected controllable event: EV_u_turn
[balanced_delivery_supervisor-20] [INFO] [1789488345.881948238] [robot_1.robot_supervisor]: Triggered uncontrollable event: EV_obstacle_right
[balanced_delivery_supervisor-20] [INFO] [1789488345.888582565] [robot_1.robot_supervisor]: Selected controllable event: EV_rotate_counterclockwise
[balanced_delivery_supervisor-24] [INFO] [1789488345.904506005] [robot_0.robot_supervisor]: Triggered uncontrollable event: EV_zone_b_visible
[balanced_delivery_supervisor-24] [INFO] [1789488345.905338502] [robot_0.robot_supervisor]: Triggered uncontrollable event: EV_zone_a_not_visible
[balanced_delivery_supervisor-24] [INFO] [1789488345.906304329] [robot_0.robot_supervisor]: Selected controllable event: EV_approach_zone
[balanced_delivery_supervisor-20] [INFO] [1789488346.069315871] [robot_1.robot_supervisor]: Triggered uncontrollable event: EV_obstacle_right
[balanced_delivery_supervisor-20] [INFO] [1789488346.075840589] [robot_1.robot_supervisor]: Selected controllable event: EV_u_turn
[balanced_delivery_supervisor-20] [INFO] [1789488346.163862068] [robot_1.robot_supervisor]: Triggered uncontrollable event: EV_obstacle_right
[balanced_delivery_supervisor-24] [INFO] [1789488346.180064987] [robot_0.robot_supervisor]: Selected controllable event: EV_approach_zone
[balanced_delivery_supervisor-20] [INFO] [1789488346.181906644] [robot_1.robot_supervisor]: Selected controllable event: EV_rotate_counterclockwise
[balanced_delivery_supervisor-20] [INFO] [1789488346.360978831] [robot_1.robot_supervisor]: Triggered uncontrollable event: EV_obstacle_right
[balanced_delivery_supervisor-20] [INFO] [1789488346.381687670] [robot_1.robot_supervisor]: Selected controllable event: EV_u_turn
[balanced_delivery_supervisor-20] [INFO] [1789488346.383066961] [robot_1.robot_supervisor]: Starting FULL ROTATE (omega=1.000, have_odom=True, target_rad=3.142, timeout_s=3.500)
[balanced_delivery_supervisor-24] [INFO] [1789488346.410652451] [robot_0.robot_supervisor]: Selected controllable event: EV_approach_zone
[balanced_delivery_supervisor-24] [INFO] [1789488346.701870431] [robot_0.robot_supervisor]: Selected controllable event: EV_approach_zone
[balanced_delivery_supervisor-22] [INFO] [1789488346.917978540] [robot_2.robot_supervisor]: FULL ROTATE completed by timeout
[balanced_delivery_supervisor-24] [INFO] [1789488346.988731069] [robot_0.robot_supervisor]: Triggered uncontrollable event: EV_zone_b_visible
[balanced_delivery_supervisor-24] [INFO] [1789488347.003483864] [robot_0.robot_supervisor]: Triggered uncontrollable event: EV_zone_a_not_visible
[balanced_delivery_supervisor-24] [INFO] [1789488347.004587407] [robot_0.robot_supervisor]: Selected controllable event: EV_approach_zone
[balanced_delivery_supervisor-22] [INFO] [1789488347.206355184] [robot_2.robot_supervisor]: ############################# VISIBLE: EV_object_visible #############################
[balanced_delivery_supervisor-22] [INFO] [1789488347.217000596] [robot_2.robot_supervisor]: Selected controllable event: EV_move_forward
[balanced_delivery_supervisor-24] [INFO] [1789488347.311342129] [robot_0.robot_supervisor]: Selected controllable event: EV_move_forward
[balanced_delivery_supervisor-22] [INFO] [1789488347.491603512] [robot_2.robot_supervisor]: Selected controllable event: EV_move_forward
[balanced_delivery_supervisor-24] [INFO] [1789488347.619219469] [robot_0.robot_supervisor]: Selected controllable event: EV_approach_zone
[balanced_delivery_supervisor-22] [INFO] [1789488347.708387244] [robot_2.robot_supervisor]: ############################# VISIBLE: EV_object_visible #############################
[balanced_delivery_supervisor-22] [INFO] [1789488347.719250529] [robot_2.robot_supervisor]: Triggered uncontrollable event: EV_obstacle_right
[balanced_delivery_supervisor-22] [INFO] [1789488347.720561100] [robot_2.robot_supervisor]: Selected controllable event: EV_u_turn
[balanced_delivery_supervisor-22] [INFO] [1789488347.774838620] [robot_2.robot_supervisor]: Triggered uncontrollable event: EV_obstacle_right
[balanced_delivery_supervisor-22] [INFO] [1789488347.788122770] [robot_2.robot_supervisor]: Selected controllable event: EV_rotate_counterclockwise
[balanced_delivery_supervisor-22] [INFO] [1789488347.901619608] [robot_2.robot_supervisor]: Triggered uncontrollable event: EV_obstacle_right
[balanced_delivery_supervisor-22] [INFO] [1789488347.915063332] [robot_2.robot_supervisor]: Selected controllable event: EV_u_turn
[balanced_delivery_supervisor-24] [INFO] [1789488347.904401511] [robot_0.robot_supervisor]: Triggered uncontrollable event: EV_zone_b_visible
[balanced_delivery_supervisor-24] [INFO] [1789488347.905364077] [robot_0.robot_supervisor]: Triggered uncontrollable event: EV_zone_a_not_visible
[balanced_delivery_supervisor-24] [INFO] [1789488347.921806454] [robot_0.robot_supervisor]: Selected controllable event: EV_approach_zone
[balanced_delivery_supervisor-22] [INFO] [1789488347.979749535] [robot_2.robot_supervisor]: Triggered uncontrollable event: EV_obstacle_right
[balanced_delivery_supervisor-22] [INFO] [1789488347.991656603] [robot_2.robot_supervisor]: Selected controllable event: EV_rotate_counterclockwise
[balanced_delivery_supervisor-24] [INFO] [1789488348.201095364] [robot_0.robot_supervisor]: Selected controllable event: EV_approach_zone
[balanced_delivery_supervisor-22] [INFO] [1789488348.214061413] [robot_2.robot_supervisor]: Triggered uncontrollable event: EV_obstacle_right
[balanced_delivery_supervisor-22] [INFO] [1789488348.228681640] [robot_2.robot_supervisor]: Selected controllable event: EV_u_turn
[balanced_delivery_supervisor-22] [INFO] [1789488348.274036843] [robot_2.robot_supervisor]: Triggered uncontrollable event: EV_obstacle_right
[balanced_delivery_supervisor-22] [INFO] [1789488348.290009773] [robot_2.robot_supervisor]: Selected controllable event: EV_u_turn
[balanced_delivery_supervisor-22] [INFO] [1789488348.376531897] [robot_2.robot_supervisor]: Triggered uncontrollable event: EV_obstacle_right
[balanced_delivery_supervisor-22] [INFO] [1789488348.392740129] [robot_2.robot_supervisor]: Selected controllable event: EV_u_turn
[balanced_delivery_supervisor-22] [INFO] [1789488348.491770816] [robot_2.robot_supervisor]: Triggered uncontrollable event: EV_obstacle_right
[balanced_delivery_supervisor-22] [INFO] [1789488348.501096112] [robot_2.robot_supervisor]: Selected controllable event: EV_rotate_counterclockwise
[balanced_delivery_supervisor-24] [INFO] [1789488348.500190343] [robot_0.robot_supervisor]: Selected controllable event: EV_move_forward
[balanced_delivery_supervisor-22] [INFO] [1789488348.709923870] [robot_2.robot_supervisor]: Triggered uncontrollable event: EV_obstacle_right
[balanced_delivery_supervisor-22] [INFO] [1789488348.710960565] [robot_2.robot_supervisor]: Selected controllable event: EV_u_turn
[balanced_delivery_supervisor-24] [INFO] [1789488348.715247477] [robot_0.robot_supervisor]: Selected controllable event: EV_move_forward
[balanced_delivery_supervisor-22] [INFO] [1789488348.800314451] [robot_2.robot_supervisor]: Selected controllable event: EV_move_forward
[balanced_delivery_supervisor-24] [INFO] [1789488349.013767040] [robot_0.robot_supervisor]: Triggered uncontrollable event: EV_zone_b_visible
[balanced_delivery_supervisor-24] [INFO] [1789488349.014844707] [robot_0.robot_supervisor]: Triggered uncontrollable event: EV_zone_a_not_visible
[balanced_delivery_supervisor-24] [INFO] [1789488349.027707282] [robot_0.robot_supervisor]: Selected controllable event: EV_move_forward
[balanced_delivery_supervisor-22] [INFO] [1789488349.112159547] [robot_2.robot_supervisor]: ############################# VISIBLE: EV_object_visible #############################
[balanced_delivery_supervisor-22] [INFO] [1789488349.121816413] [robot_2.robot_supervisor]: Selected controllable event: EV_approach_object
[balanced_delivery_supervisor-24] [INFO] [1789488349.317111946] [robot_0.robot_supervisor]: Selected controllable event: EV_approach_zone
[balanced_delivery_supervisor-22] [INFO] [1789488349.388171021] [robot_2.robot_supervisor]: Selected controllable event: EV_approach_object
[balanced_delivery_supervisor-24] [INFO] [1789488349.603018535] [robot_0.robot_supervisor]: Selected controllable event: EV_approach_zone
[balanced_delivery_supervisor-22] [INFO] [1789488349.606762376] [robot_2.robot_supervisor]: Selected controllable event: EV_move_forward
[balanced_delivery_supervisor-24] [INFO] [1789488349.874301838] [robot_0.robot_supervisor]: Triggered uncontrollable event: EV_zone_b_visible
[balanced_delivery_supervisor-22] [INFO] [1789488349.877572732] [robot_2.robot_supervisor]: ############################# VISIBLE: EV_object_visible #############################
[balanced_delivery_supervisor-22] [INFO] [1789488349.881576570] [robot_2.robot_supervisor]: Selected controllable event: EV_move_forward
[balanced_delivery_supervisor-24] [INFO] [1789488349.895611230] [robot_0.robot_supervisor]: Triggered uncontrollable event: EV_zone_a_reached
[balanced_delivery_supervisor-24] [INFO] [1789488349.896817841] [robot_0.robot_supervisor]: Selected controllable event: EV_move_forward
[balanced_delivery_supervisor-20] [INFO] [1789488349.972475744] [robot_1.robot_supervisor]: FULL ROTATE completed by timeout
[balanced_delivery_supervisor-22] [INFO] [1789488350.175660412] [robot_2.robot_supervisor]: Selected controllable event: EV_move_forward
[balanced_delivery_supervisor-24] [INFO] [1789488350.203471445] [robot_0.robot_supervisor]: Selected controllable event: EV_move_forward
[balanced_delivery_supervisor-20] [INFO] [1789488350.283907170] [robot_1.robot_supervisor]: ############################# VISIBLE: EV_object_visible #############################
[balanced_delivery_supervisor-20] [INFO] [1789488350.296073970] [robot_1.robot_supervisor]: Selected controllable event: EV_approach_object
[balanced_delivery_supervisor-22] [INFO] [1789488350.388790875] [robot_2.robot_supervisor]: Selected controllable event: EV_move_forward
[balanced_delivery_supervisor-24] [INFO] [1789488350.503766251] [robot_0.robot_supervisor]: Selected controllable event: EV_approach_zone
[balanced_delivery_supervisor-20] [INFO] [1789488350.577225026] [robot_1.robot_supervisor]: Selected controllable event: EV_move_forward
[balanced_delivery_supervisor-22] [INFO] [1789488350.592315509] [robot_2.robot_supervisor]: Selected controllable event: EV_move_forward
[balanced_delivery_supervisor-24] [INFO] [1789488350.713221668] [robot_0.robot_supervisor]: Selected controllable event: EV_move_forward
[balanced_delivery_supervisor-22] [INFO] [1789488350.871981846] [robot_2.robot_supervisor]: Selected controllable event: EV_approach_object
[balanced_delivery_supervisor-20] [INFO] [1789488350.885698349] [robot_1.robot_supervisor]: ############################# VISIBLE: EV_object_visible #############################
[balanced_delivery_supervisor-20] [INFO] [1789488350.886734151] [robot_1.robot_supervisor]: Selected controllable event: EV_approach_object
[balanced_delivery_supervisor-24] [INFO] [1789488351.004351665] [robot_0.robot_supervisor]: Triggered uncontrollable event: EV_obstacle_front
[balanced_delivery_supervisor-24] [INFO] [1789488351.008862238] [robot_0.robot_supervisor]: Selected controllable event: EV_rotate_clockwise
[balanced_delivery_supervisor-22] [INFO] [1789488351.089653478] [robot_2.robot_supervisor]: ############################# VISIBLE: EV_object_visible #############################
[balanced_delivery_supervisor-22] [INFO] [1789488351.090792808] [robot_2.robot_supervisor]: Selected controllable event: EV_approach_object
[balanced_delivery_supervisor-20] [INFO] [1789488351.183270632] [robot_1.robot_supervisor]: Selected controllable event: EV_approach_object
[balanced_delivery_supervisor-24] [INFO] [1789488351.211882276] [robot_0.robot_supervisor]: Triggered uncontrollable event: EV_zone_b_visible
[balanced_delivery_supervisor-24] [INFO] [1789488351.214163723] [robot_0.robot_supervisor]: Triggered uncontrollable event: EV_obstacle_front
[balanced_delivery_supervisor-24] [INFO] [1789488351.232934496] [robot_0.robot_supervisor]: Triggered uncontrollable event: EV_zone_a_reached
[balanced_delivery_supervisor-24] [INFO] [1789488351.236906661] [robot_0.robot_supervisor]: Selected controllable event: EV_u_turn
[balanced_delivery_supervisor-24] [INFO] [1789488351.250998934] [robot_0.robot_supervisor]: Starting FULL ROTATE (omega=1.000, have_odom=True, target_rad=3.142, timeout_s=3.500)
[balanced_delivery_supervisor-22] [INFO] [1789488351.400545788] [robot_2.robot_supervisor]: Selected controllable event: EV_move_forward
[balanced_delivery_supervisor-20] [INFO] [1789488351.468922114] [robot_1.robot_supervisor]: Selected controllable event: EV_move_forward
[color_detector-29] [INFO] [1789488351.658785215] [robot_2.target_detector]: RGB HEARTBEAT frames_total=30 recent_rate_hz=0.923 last_frame_age_s=0.816 status=OK
[color_detector-31] [INFO] [1789488351.669058271] [robot_0.target_detector]: RGB HEARTBEAT frames_total=30 recent_rate_hz=0.923 last_frame_age_s=0.736 status=OK
[color_detector-27] [INFO] [1789488351.678501641] [robot_1.target_detector]: RGB HEARTBEAT frames_total=30 recent_rate_hz=0.923 last_frame_age_s=0.958 status=OK
[balanced_delivery_supervisor-20] [INFO] [1789488351.688444207] [robot_1.robot_supervisor]: Selected controllable event: EV_move_forward
[balanced_delivery_supervisor-22] [INFO] [1789488351.700209342] [robot_2.robot_supervisor]: Selected controllable event: EV_approach_object
[balanced_delivery_supervisor-20] [INFO] [1789488351.949737486] [robot_1.robot_supervisor]: ############################# VISIBLE: EV_object_visible #############################
[balanced_delivery_supervisor-20] [INFO] [1789488351.950665725] [robot_1.robot_supervisor]: Selected controllable event: EV_approach_object
[balanced_delivery_supervisor-22] [INFO] [1789488352.024286515] [robot_2.robot_supervisor]: ############################# VISIBLE: EV_object_visible #############################
[balanced_delivery_supervisor-22] [INFO] [1789488352.039909009] [robot_2.robot_supervisor]: Selected controllable event: EV_approach_object
[balanced_delivery_supervisor-20] [INFO] [1789488352.250174210] [robot_1.robot_supervisor]: Selected controllable event: EV_approach_object
[balanced_delivery_supervisor-22] [INFO] [1789488352.294464980] [robot_2.robot_supervisor]: Selected controllable event: EV_move_forward
[balanced_delivery_supervisor-20] [INFO] [1789488352.462607245] [robot_1.robot_supervisor]: Selected controllable event: EV_move_forward
[balanced_delivery_supervisor-22] [INFO] [1789488352.506578046] [robot_2.robot_supervisor]: Selected controllable event: EV_move_forward
[balanced_delivery_supervisor-20] [INFO] [1789488352.678199451] [robot_1.robot_supervisor]: Selected controllable event: EV_move_forward
[balanced_delivery_supervisor-22] [INFO] [1789488352.815299439] [robot_2.robot_supervisor]: Selected controllable event: EV_move_forward
[balanced_delivery_supervisor-20] [INFO] [1789488352.955314747] [robot_1.robot_supervisor]: ############################# VISIBLE: EV_object_visible #############################
[balanced_delivery_supervisor-20] [INFO] [1789488352.974907972] [robot_1.robot_supervisor]: Selected controllable event: EV_approach_object
[balanced_delivery_supervisor-22] [INFO] [1789488353.080993751] [robot_2.robot_supervisor]: ############################# VISIBLE: EV_object_visible #############################
[balanced_delivery_supervisor-22] [INFO] [1789488353.086418505] [robot_2.robot_supervisor]: Selected controllable event: EV_move_forward
[balanced_delivery_supervisor-20] [INFO] [1789488353.267012374] [robot_1.robot_supervisor]: Selected controllable event: EV_approach_object
[balanced_delivery_supervisor-22] [INFO] [1789488353.297158539] [robot_2.robot_supervisor]: Selected controllable event: EV_move_forward
[balanced_delivery_supervisor-20] [INFO] [1789488353.575844220] [robot_1.robot_supervisor]: Selected controllable event: EV_approach_object
[balanced_delivery_supervisor-22] [INFO] [1789488353.607483391] [robot_2.robot_supervisor]: Selected controllable event: EV_move_forward
[balanced_delivery_supervisor-20] [INFO] [1789488353.874723275] [robot_1.robot_supervisor]: ############################# VISIBLE: EV_object_visible #############################
[balanced_delivery_supervisor-20] [INFO] [1789488353.875759803] [robot_1.robot_supervisor]: Selected controllable event: EV_move_forward
[balanced_delivery_supervisor-22] [INFO] [1789488353.910659081] [robot_2.robot_supervisor]: ############################# REACHED: EV_object_reached #############################
[balanced_delivery_supervisor-22] [INFO] [1789488353.911811634] [robot_2.robot_supervisor]: Selected controllable event: EV_pick_up_object
[balanced_delivery_supervisor-22] [INFO] [1789488353.984184404] [robot_2.robot_supervisor]: Cargo 'robot_2_carried_generic_box' placed on robot.
[balanced_delivery_supervisor-20] [INFO] [1789488354.171761705] [robot_1.robot_supervisor]: Selected controllable event: EV_approach_object
[balanced_delivery_supervisor-22] [INFO] [1789488354.202098358] [robot_2.robot_supervisor]: Triggered uncontrollable event: EV_zone_b_not_visible
[balanced_delivery_supervisor-22] [INFO] [1789488354.210974503] [robot_2.robot_supervisor]: Selected controllable event: EV_search_zone
[balanced_delivery_supervisor-22] [INFO] [1789488354.407571864] [robot_2.robot_supervisor]: Selected controllable event: EV_move_forward
[balanced_delivery_supervisor-20] [INFO] [1789488354.473075646] [robot_1.robot_supervisor]: Selected controllable event: EV_move_forward
[balanced_delivery_supervisor-22] [INFO] [1789488354.628347910] [robot_2.robot_supervisor]: Selected controllable event: EV_search_zone
[balanced_delivery_supervisor-20] [INFO] [1789488354.788094649] [robot_1.robot_supervisor]: Selected controllable event: EV_move_forward
[balanced_delivery_supervisor-22] [INFO] [1789488354.800870068] [robot_2.robot_supervisor]: Selected controllable event: EV_search_zone
[balanced_delivery_supervisor-24] [INFO] [1789488354.805286170] [robot_0.robot_supervisor]: FULL ROTATE completed by timeout
[balanced_delivery_supervisor-22] [INFO] [1789488354.986233779] [robot_2.robot_supervisor]: Triggered uncontrollable event: EV_zone_a_reached
[balanced_delivery_supervisor-22] [INFO] [1789488354.989567040] [robot_2.robot_supervisor]: Selected controllable event: EV_move_forward
[balanced_delivery_supervisor-20] [INFO] [1789488355.074282616] [robot_1.robot_supervisor]: ############################# VISIBLE: EV_object_visible #############################
[balanced_delivery_supervisor-20] [INFO] [1789488355.084244687] [robot_1.robot_supervisor]: Selected controllable event: EV_move_forward
[balanced_delivery_supervisor-24] [INFO] [1789488355.106194831] [robot_0.robot_supervisor]: Triggered uncontrollable event: EV_zone_b_visible
[balanced_delivery_supervisor-24] [INFO] [1789488355.113757535] [robot_0.robot_supervisor]: Triggered uncontrollable event: EV_zone_a_reached
[balanced_delivery_supervisor-24] [INFO] [1789488355.122420303] [robot_0.robot_supervisor]: Selected controllable event: EV_approach_zone
[balanced_delivery_supervisor-22] [INFO] [1789488355.295950611] [robot_2.robot_supervisor]: Triggered uncontrollable event: EV_zone_b_not_visible
[balanced_delivery_supervisor-22] [INFO] [1789488355.303751620] [robot_2.robot_supervisor]: Selected controllable event: EV_search_zone
[balanced_delivery_supervisor-20] [INFO] [1789488355.364388929] [robot_1.robot_supervisor]: Selected controllable event: EV_move_forward
[balanced_delivery_supervisor-24] [INFO] [1789488355.412653057] [robot_0.robot_supervisor]: Triggered uncontrollable event: EV_zone_b_visible
[balanced_delivery_supervisor-24] [INFO] [1789488355.413790606] [robot_0.robot_supervisor]: Selected controllable event: EV_approach_zone
[balanced_delivery_supervisor-22] [INFO] [1789488355.502634408] [robot_2.robot_supervisor]: Selected controllable event: EV_move_forward
[balanced_delivery_supervisor-20] [INFO] [1789488355.680293347] [robot_1.robot_supervisor]: Selected controllable event: EV_move_forward
[balanced_delivery_supervisor-24] [INFO] [1789488355.683392396] [robot_0.robot_supervisor]: Selected controllable event: EV_approach_zone
[balanced_delivery_supervisor-22] [INFO] [1789488355.790591074] [robot_2.robot_supervisor]: Selected controllable event: EV_move_forward
[balanced_delivery_supervisor-20] [INFO] [1789488355.969990506] [robot_1.robot_supervisor]: ############################# VISIBLE: EV_object_visible #############################
[balanced_delivery_supervisor-20] [INFO] [1789488355.971315323] [robot_1.robot_supervisor]: Selected controllable event: EV_approach_object
[balanced_delivery_supervisor-24] [INFO] [1789488355.984630395] [robot_0.robot_supervisor]: Selected controllable event: EV_approach_zone
[balanced_delivery_supervisor-22] [INFO] [1789488356.090502914] [robot_2.robot_supervisor]: Triggered uncontrollable event: EV_zone_b_not_visible
[balanced_delivery_supervisor-22] [INFO] [1789488356.101393786] [robot_2.robot_supervisor]: Triggered uncontrollable event: EV_zone_a_reached
[balanced_delivery_supervisor-22] [INFO] [1789488356.109779573] [robot_2.robot_supervisor]: Selected controllable event: EV_move_forward
[balanced_delivery_supervisor-20] [INFO] [1789488356.174925457] [robot_1.robot_supervisor]: Selected controllable event: EV_approach_object
[balanced_delivery_supervisor-24] [INFO] [1789488356.308166460] [robot_0.robot_supervisor]: Triggered uncontrollable event: EV_zone_b_visible
[balanced_delivery_supervisor-24] [INFO] [1789488356.308930434] [robot_0.robot_supervisor]: Triggered uncontrollable event: EV_zone_a_reached
[balanced_delivery_supervisor-24] [INFO] [1789488356.319704926] [robot_0.robot_supervisor]: Selected controllable event: EV_approach_zone
[balanced_delivery_supervisor-22] [INFO] [1789488356.385816156] [robot_2.robot_supervisor]: Selected controllable event: EV_move_forward
[balanced_delivery_supervisor-20] [INFO] [1789488356.464454793] [robot_1.robot_supervisor]: Selected controllable event: EV_approach_object
[balanced_delivery_supervisor-22] [INFO] [1789488356.599502048] [robot_2.robot_supervisor]: Selected controllable event: EV_search_zone
[balanced_delivery_supervisor-24] [INFO] [1789488356.608905332] [robot_0.robot_supervisor]: Selected controllable event: EV_approach_zone
[balanced_delivery_supervisor-20] [INFO] [1789488356.696414983] [robot_1.robot_supervisor]: Selected controllable event: EV_move_forward
[balanced_delivery_supervisor-22] [INFO] [1789488356.788207556] [robot_2.robot_supervisor]: Selected controllable event: EV_move_forward
[balanced_delivery_supervisor-24] [INFO] [1789488356.918256132] [robot_0.robot_supervisor]: Selected controllable event: EV_move_forward
[balanced_delivery_supervisor-20] [INFO] [1789488356.957459427] [robot_1.robot_supervisor]: ############################# VISIBLE: EV_object_visible #############################
[balanced_delivery_supervisor-20] [INFO] [1789488356.973424852] [robot_1.robot_supervisor]: Selected controllable event: EV_approach_object
[balanced_delivery_supervisor-22] [INFO] [1789488357.108083895] [robot_2.robot_supervisor]: Triggered uncontrollable event: EV_zone_b_not_visible
[balanced_delivery_supervisor-22] [INFO] [1789488357.117242323] [robot_2.robot_supervisor]: Triggered uncontrollable event: EV_zone_a_reached
[balanced_delivery_supervisor-22] [INFO] [1789488357.118310303] [robot_2.robot_supervisor]: Selected controllable event: EV_move_forward
[balanced_delivery_supervisor-24] [INFO] [1789488357.197014150] [robot_0.robot_supervisor]: Triggered uncontrollable event: EV_zone_b_visible
[balanced_delivery_supervisor-24] [INFO] [1789488357.211918561] [robot_0.robot_supervisor]: Triggered uncontrollable event: EV_obstacle_left
[balanced_delivery_supervisor-24] [INFO] [1789488357.212818193] [robot_0.robot_supervisor]: Triggered uncontrollable event: EV_zone_a_reached
[balanced_delivery_supervisor-24] [INFO] [1789488357.213762083] [robot_0.robot_supervisor]: Selected controllable event: EV_rotate_clockwise
[balanced_delivery_supervisor-20] [INFO] [1789488357.264777897] [robot_1.robot_supervisor]: Selected controllable event: EV_move_forward
[balanced_delivery_supervisor-24] [INFO] [1789488357.394673877] [robot_0.robot_supervisor]: Triggered uncontrollable event: EV_obstacle_left
[balanced_delivery_supervisor-22] [INFO] [1789488357.395884359] [robot_2.robot_supervisor]: Selected controllable event: EV_move_forward
[balanced_delivery_supervisor-24] [INFO] [1789488357.405401419] [robot_0.robot_supervisor]: Selected controllable event: EV_u_turn
[balanced_delivery_supervisor-24] [INFO] [1789488357.408117635] [robot_0.robot_supervisor]: Starting FULL ROTATE (omega=1.000, have_odom=True, target_rad=3.142, timeout_s=3.500)
[balanced_delivery_supervisor-20] [INFO] [1789488357.580072505] [robot_1.robot_supervisor]: Selected controllable event: EV_approach_object
[balanced_delivery_supervisor-22] [INFO] [1789488357.703832554] [robot_2.robot_supervisor]: Selected controllable event: EV_move_forward
[balanced_delivery_supervisor-20] [INFO] [1789488357.847374028] [robot_1.robot_supervisor]: Selected controllable event: EV_approach_object
[balanced_delivery_supervisor-22] [INFO] [1789488357.977720097] [robot_2.robot_supervisor]: Triggered uncontrollable event: EV_zone_a_not_visible
[balanced_delivery_supervisor-22] [INFO] [1789488357.992796568] [robot_2.robot_supervisor]: Triggered uncontrollable event: EV_zone_b_not_visible
[balanced_delivery_supervisor-22] [INFO] [1789488357.996270700] [robot_2.robot_supervisor]: Selected controllable event: EV_search_zone
[balanced_delivery_supervisor-20] [INFO] [1789488358.064713538] [robot_1.robot_supervisor]: ############################# VISIBLE: EV_object_visible #############################
[balanced_delivery_supervisor-20] [INFO] [1789488358.065846193] [robot_1.robot_supervisor]: Selected controllable event: EV_move_forward
[balanced_delivery_supervisor-22] [INFO] [1789488358.219651158] [robot_2.robot_supervisor]: Selected controllable event: EV_search_zone
[balanced_delivery_supervisor-20] [INFO] [1789488358.359458461] [robot_1.robot_supervisor]: Selected controllable event: EV_move_forward
[balanced_delivery_supervisor-22] [INFO] [1789488358.403574568] [robot_2.robot_supervisor]: Selected controllable event: EV_search_zone
[balanced_delivery_supervisor-22] [INFO] [1789488358.511206227] [robot_2.robot_supervisor]: Selected controllable event: EV_move_forward
[balanced_delivery_supervisor-20] [INFO] [1789488358.586447718] [robot_1.robot_supervisor]: Selected controllable event: EV_move_forward
[balanced_delivery_supervisor-22] [INFO] [1789488358.801268359] [robot_2.robot_supervisor]: Triggered uncontrollable event: EV_zone_a_not_visible
[balanced_delivery_supervisor-22] [INFO] [1789488358.809949874] [robot_2.robot_supervisor]: Selected controllable event: EV_search_zone
[balanced_delivery_supervisor-20] [INFO] [1789488358.868665831] [robot_1.robot_supervisor]: ############################# VISIBLE: EV_object_visible #############################
[balanced_delivery_supervisor-20] [INFO] [1789488358.869676169] [robot_1.robot_supervisor]: Selected controllable event: EV_approach_object
[balanced_delivery_supervisor-22] [INFO] [1789488359.008100942] [robot_2.robot_supervisor]: Triggered uncontrollable event: EV_zone_b_not_visible
[balanced_delivery_supervisor-22] [INFO] [1789488359.011424719] [robot_2.robot_supervisor]: Selected controllable event: EV_move_forward
[balanced_delivery_supervisor-20] [INFO] [1789488359.182257600] [robot_1.robot_supervisor]: Selected controllable event: EV_move_forward
[balanced_delivery_supervisor-22] [INFO] [1789488359.279739642] [robot_2.robot_supervisor]: Selected controllable event: EV_search_zone
[balanced_delivery_supervisor-22] [INFO] [1789488359.401810714] [robot_2.robot_supervisor]: Selected controllable event: EV_search_zone
[balanced_delivery_supervisor-20] [INFO] [1789488359.478744416] [robot_1.robot_supervisor]: Selected controllable event: EV_approach_object
[balanced_delivery_supervisor-22] [INFO] [1789488359.581331955] [robot_2.robot_supervisor]: Selected controllable event: EV_search_zone
[balanced_delivery_supervisor-22] [INFO] [1789488359.708973320] [robot_2.robot_supervisor]: Triggered uncontrollable event: EV_zone_a_not_visible
[balanced_delivery_supervisor-22] [INFO] [1789488359.709970265] [robot_2.robot_supervisor]: Selected controllable event: EV_search_zone
[balanced_delivery_supervisor-20] [INFO] [1789488359.774038131] [robot_1.robot_supervisor]: ############################# VISIBLE: EV_object_visible #############################
[balanced_delivery_supervisor-20] [INFO] [1789488359.799494136] [robot_1.robot_supervisor]: Selected controllable event: EV_move_forward
[balanced_delivery_supervisor-22] [INFO] [1789488359.870243218] [robot_2.robot_supervisor]: Triggered uncontrollable event: EV_zone_b_not_visible
[balanced_delivery_supervisor-22] [INFO] [1789488359.882666549] [robot_2.robot_supervisor]: Selected controllable event: EV_move_forward
[balanced_delivery_supervisor-20] [INFO] [1789488360.085981560] [robot_1.robot_supervisor]: Selected controllable event: EV_move_forward
[balanced_delivery_supervisor-22] [INFO] [1789488360.093320660] [robot_2.robot_supervisor]: Selected controllable event: EV_search_zone
[balanced_delivery_supervisor-22] [INFO] [1789488360.306630105] [robot_2.robot_supervisor]: Selected controllable event: EV_move_forward
[balanced_delivery_supervisor-20] [INFO] [1789488360.387106490] [robot_1.robot_supervisor]: Selected controllable event: EV_approach_object
[balanced_delivery_supervisor-22] [INFO] [1789488360.620699666] [robot_2.robot_supervisor]: Selected controllable event: EV_move_forward
[balanced_delivery_supervisor-20] [INFO] [1789488360.672252993] [robot_1.robot_supervisor]: ############################# VISIBLE: EV_object_visible #############################
[balanced_delivery_supervisor-20] [INFO] [1789488360.673353247] [robot_1.robot_supervisor]: Selected controllable event: EV_move_forward
[balanced_delivery_supervisor-22] [INFO] [1789488360.884413433] [robot_2.robot_supervisor]: Triggered uncontrollable event: EV_zone_a_not_visible
[balanced_delivery_supervisor-22] [INFO] [1789488360.885408344] [robot_2.robot_supervisor]: Triggered uncontrollable event: EV_zone_b_not_visible
[balanced_delivery_supervisor-20] [INFO] [1789488360.888936622] [robot_1.robot_supervisor]: Selected controllable event: EV_approach_object
[balanced_delivery_supervisor-22] [INFO] [1789488360.905454669] [robot_2.robot_supervisor]: Selected controllable event: EV_move_forward
[balanced_delivery_supervisor-24] [INFO] [1789488361.000662667] [robot_0.robot_supervisor]: FULL ROTATE completed by timeout
[balanced_delivery_supervisor-20] [INFO] [1789488361.170667863] [robot_1.robot_supervisor]: Selected controllable event: EV_approach_object
[balanced_delivery_supervisor-22] [INFO] [1789488361.193034080] [robot_2.robot_supervisor]: Selected controllable event: EV_move_forward
[balanced_delivery_supervisor-24] [INFO] [1789488361.212305126] [robot_0.robot_supervisor]: Triggered uncontrollable event: EV_obstacle_front
[balanced_delivery_supervisor-24] [INFO] [1789488361.216001685] [robot_0.robot_supervisor]: Triggered uncontrollable event: EV_zone_b_not_visible
[balanced_delivery_supervisor-24] [INFO] [1789488361.221623119] [robot_0.robot_supervisor]: Triggered uncontrollable event: EV_zone_a_reached
[balanced_delivery_supervisor-24] [INFO] [1789488361.222709813] [robot_0.robot_supervisor]: Selected controllable event: EV_u_turn
[balanced_delivery_supervisor-24] [INFO] [1789488361.282731954] [robot_0.robot_supervisor]: Triggered uncontrollable event: EV_obstacle_front
[balanced_delivery_supervisor-24] [INFO] [1789488361.301985389] [robot_0.robot_supervisor]: Selected controllable event: EV_rotate_clockwise
[balanced_delivery_supervisor-24] [WARN] [1789488361.303200199] [robot_0.robot_supervisor]: no translation for 4.7s livelock detected; starting atomic escape (turn_sign=-1)
[color_detector-29] [INFO] [1789488361.366725981] [robot_2.target_detector]: RGB HEARTBEAT frames_total=40 recent_rate_hz=1.030 last_frame_age_s=0.776 status=OK
[color_detector-31] [INFO] [1789488361.381275091] [robot_0.target_detector]: RGB HEARTBEAT frames_total=40 recent_rate_hz=1.030 last_frame_age_s=0.720 status=OK
[balanced_delivery_supervisor-22] [INFO] [1789488361.398790167] [robot_2.robot_supervisor]: Selected controllable event: EV_search_zone
[color_detector-27] [INFO] [1789488361.403104243] [robot_1.target_detector]: RGB HEARTBEAT frames_total=40 recent_rate_hz=1.028 last_frame_age_s=0.928 status=OK
[balanced_delivery_supervisor-20] [INFO] [1789488361.454919680] [robot_1.robot_supervisor]: Selected controllable event: EV_approach_object
[balanced_delivery_supervisor-22] [INFO] [1789488361.608407038] [robot_2.robot_supervisor]: Triggered uncontrollable event: EV_zone_a_not_visible
[balanced_delivery_supervisor-22] [INFO] [1789488361.614178222] [robot_2.robot_supervisor]: Selected controllable event: EV_move_forward
[balanced_delivery_supervisor-20] [INFO] [1789488361.658144334] [robot_1.robot_supervisor]: ############################# VISIBLE: EV_object_visible #############################
[balanced_delivery_supervisor-20] [INFO] [1789488361.659166208] [robot_1.robot_supervisor]: Selected controllable event: EV_move_forward
[balanced_delivery_supervisor-20] [INFO] [1789488361.863269122] [robot_1.robot_supervisor]: Selected controllable event: EV_approach_object
[balanced_delivery_supervisor-22] [INFO] [1789488361.911506740] [robot_2.robot_supervisor]: Triggered uncontrollable event: EV_zone_b_not_visible
[balanced_delivery_supervisor-22] [INFO] [1789488361.912443291] [robot_2.robot_supervisor]: Selected controllable event: EV_search_zone
[balanced_delivery_supervisor-22] [INFO] [1789488362.099095816] [robot_2.robot_supervisor]: Selected controllable event: EV_move_forward
[balanced_delivery_supervisor-20] [INFO] [1789488362.168525761] [robot_1.robot_supervisor]: Selected controllable event: EV_approach_object
[balanced_delivery_supervisor-20] [INFO] [1789488362.392753616] [robot_1.robot_supervisor]: Selected controllable event: EV_move_forward
[balanced_delivery_supervisor-22] [INFO] [1789488362.412125307] [robot_2.robot_supervisor]: Selected controllable event: EV_search_zone
[balanced_delivery_supervisor-22] [INFO] [1789488362.628882966] [robot_2.robot_supervisor]: Triggered uncontrollable event: EV_zone_a_not_visible
[balanced_delivery_supervisor-22] [INFO] [1789488362.630748945] [robot_2.robot_supervisor]: Selected controllable event: EV_search_zone
[balanced_delivery_supervisor-20] [INFO] [1789488362.650542298] [robot_1.robot_supervisor]: ############################# VISIBLE: EV_object_visible #############################
[balanced_delivery_supervisor-20] [INFO] [1789488362.667813753] [robot_1.robot_supervisor]: Selected controllable event: EV_approach_object
[balanced_delivery_supervisor-22] [INFO] [1789488362.807997563] [robot_2.robot_supervisor]: Triggered uncontrollable event: EV_zone_b_not_visible
[balanced_delivery_supervisor-22] [INFO] [1789488362.820661720] [robot_2.robot_supervisor]: Selected controllable event: EV_search_zone
[balanced_delivery_supervisor-20] [INFO] [1789488362.977236143] [robot_1.robot_supervisor]: Selected controllable event: EV_approach_object
[balanced_delivery_supervisor-22] [INFO] [1789488362.980784603] [robot_2.robot_supervisor]: Selected controllable event: EV_move_forward
[balanced_delivery_supervisor-22] [INFO] [1789488363.195583715] [robot_2.robot_supervisor]: Selected controllable event: EV_search_zone
[balanced_delivery_supervisor-20] [INFO] [1789488363.287232546] [robot_1.robot_supervisor]: Selected controllable event: EV_move_forward
[balanced_delivery_supervisor-22] [INFO] [1789488363.418712446] [robot_2.robot_supervisor]: Selected controllable event: EV_search_zone
[balanced_delivery_supervisor-20] [INFO] [1789488363.583618444] [robot_1.robot_supervisor]: ############################# VISIBLE: EV_object_visible #############################
[balanced_delivery_supervisor-20] [INFO] [1789488363.595688108] [robot_1.robot_supervisor]: Selected controllable event: EV_move_forward
[balanced_delivery_supervisor-22] [INFO] [1789488363.623471485] [robot_2.robot_supervisor]: Triggered uncontrollable event: EV_zone_a_not_visible
[balanced_delivery_supervisor-22] [INFO] [1789488363.624490456] [robot_2.robot_supervisor]: Selected controllable event: EV_search_zone
[balanced_delivery_supervisor-22] [INFO] [1789488363.800274055] [robot_2.robot_supervisor]: Triggered uncontrollable event: EV_zone_b_not_visible
[balanced_delivery_supervisor-24] [INFO] [1789488363.804022452] [robot_0.robot_supervisor]: Zone-livelock escape completed
[balanced_delivery_supervisor-22] [INFO] [1789488363.815483152] [robot_2.robot_supervisor]: Selected controllable event: EV_search_zone
[balanced_delivery_supervisor-20] [INFO] [1789488363.891839837] [robot_1.robot_supervisor]: Selected controllable event: EV_approach_object
[balanced_delivery_supervisor-22] [INFO] [1789488363.991682576] [robot_2.robot_supervisor]: Selected controllable event: EV_move_forward
[balanced_delivery_supervisor-24] [INFO] [1789488364.008755510] [robot_0.robot_supervisor]: Triggered uncontrollable event: EV_obstacle_front
[balanced_delivery_supervisor-24] [INFO] [1789488364.017829205] [robot_0.robot_supervisor]: Triggered uncontrollable event: EV_zone_b_not_visible
[balanced_delivery_supervisor-24] [INFO] [1789488364.021126272] [robot_0.robot_supervisor]: Triggered uncontrollable event: EV_zone_a_reached
[balanced_delivery_supervisor-24] [INFO] [1789488364.023538938] [robot_0.robot_supervisor]: Selected controllable event: EV_u_turn
[balanced_delivery_supervisor-24] [INFO] [1789488364.034373417] [robot_0.robot_supervisor]: Starting FULL ROTATE (omega=1.000, have_odom=True, target_rad=3.142, timeout_s=3.500)
[balanced_delivery_supervisor-20] [INFO] [1789488364.174907004] [robot_1.robot_supervisor]: Selected controllable event: EV_move_forward
[balanced_delivery_supervisor-22] [INFO] [1789488364.301418804] [robot_2.robot_supervisor]: Selected controllable event: EV_search_zone
[balanced_delivery_supervisor-22] [INFO] [1789488364.403146188] [robot_2.robot_supervisor]: Selected controllable event: EV_move_forward
[balanced_delivery_supervisor-20] [INFO] [1789488364.472616460] [robot_1.robot_supervisor]: Selected controllable event: EV_move_forward
[balanced_delivery_supervisor-22] [INFO] [1789488364.700773807] [robot_2.robot_supervisor]: Triggered uncontrollable event: EV_zone_a_not_visible
[balanced_delivery_supervisor-22] [INFO] [1789488364.710844597] [robot_2.robot_supervisor]: Triggered uncontrollable event: EV_zone_b_not_visible
[balanced_delivery_supervisor-22] [INFO] [1789488364.711906874] [robot_2.robot_supervisor]: Selected controllable event: EV_move_forward
[balanced_delivery_supervisor-20] [INFO] [1789488364.773047067] [robot_1.robot_supervisor]: ############################# VISIBLE: EV_object_visible #############################
[balanced_delivery_supervisor-20] [INFO] [1789488364.781474218] [robot_1.robot_supervisor]: Selected controllable event: EV_move_forward
[balanced_delivery_supervisor-22] [INFO] [1789488364.922864842] [robot_2.robot_supervisor]: Selected controllable event: EV_search_zone
[balanced_delivery_supervisor-20] [INFO] [1789488365.072749640] [robot_1.robot_supervisor]: Selected controllable event: EV_approach_object
[balanced_delivery_supervisor-22] [INFO] [1789488365.102703291] [robot_2.robot_supervisor]: Selected controllable event: EV_search_zone
[balanced_delivery_supervisor-22] [INFO] [1789488365.307634699] [robot_2.robot_supervisor]: Selected controllable event: EV_search_zone
[balanced_delivery_supervisor-20] [INFO] [1789488365.393394718] [robot_1.robot_supervisor]: Selected controllable event: EV_approach_object
[balanced_delivery_supervisor-22] [INFO] [1789488365.516226410] [robot_2.robot_supervisor]: Selected controllable event: EV_search_zone
[balanced_delivery_supervisor-20] [INFO] [1789488365.652638614] [robot_1.robot_supervisor]: ############################# VISIBLE: EV_object_visible #############################
[balanced_delivery_supervisor-20] [INFO] [1789488365.653645028] [robot_1.robot_supervisor]: Selected controllable event: EV_approach_object
[balanced_delivery_supervisor-22] [INFO] [1789488365.693120017] [robot_2.robot_supervisor]: Triggered uncontrollable event: EV_zone_a_not_visible
[balanced_delivery_supervisor-22] [INFO] [1789488365.694230501] [robot_2.robot_supervisor]: Selected controllable event: EV_move_forward
[balanced_delivery_supervisor-20] [INFO] [1789488365.870166092] [robot_1.robot_supervisor]: Selected controllable event: EV_move_forward
[balanced_delivery_supervisor-22] [INFO] [1789488366.007273463] [robot_2.robot_supervisor]: Triggered uncontrollable event: EV_zone_b_not_visible
[balanced_delivery_supervisor-22] [INFO] [1789488366.008303306] [robot_2.robot_supervisor]: Selected controllable event: EV_search_zone
[balanced_delivery_supervisor-20] [INFO] [1789488366.161895976] [robot_1.robot_supervisor]: Selected controllable event: EV_approach_object
[balanced_delivery_supervisor-22] [INFO] [1789488366.198284322] [robot_2.robot_supervisor]: Selected controllable event: EV_move_forward
[balanced_delivery_supervisor-20] [INFO] [1789488366.372478914] [robot_1.robot_supervisor]: Selected controllable event: EV_move_forward
[balanced_delivery_supervisor-22] [INFO] [1789488366.479310560] [robot_2.robot_supervisor]: Selected controllable event: EV_search_zone
[balanced_delivery_supervisor-22] [INFO] [1789488366.606337506] [robot_2.robot_supervisor]: Triggered uncontrollable event: EV_zone_a_not_visible
[balanced_delivery_supervisor-22] [INFO] [1789488366.611775790] [robot_2.robot_supervisor]: Selected controllable event: EV_move_forward
[balanced_delivery_supervisor-20] [INFO] [1789488366.672552844] [robot_1.robot_supervisor]: ############################# VISIBLE: EV_object_visible #############################
[balanced_delivery_supervisor-20] [INFO] [1789488366.679491994] [robot_1.robot_supervisor]: Selected controllable event: EV_move_forward
[balanced_delivery_supervisor-22] [INFO] [1789488366.896132800] [robot_2.robot_supervisor]: Triggered uncontrollable event: EV_zone_b_not_visible
[balanced_delivery_supervisor-22] [INFO] [1789488366.903358149] [robot_2.robot_supervisor]: Selected controllable event: EV_move_forward
[balanced_delivery_supervisor-20] [INFO] [1789488366.979621331] [robot_1.robot_supervisor]: Selected controllable event: EV_move_forward
[balanced_delivery_supervisor-22] [INFO] [1789488367.200720486] [robot_2.robot_supervisor]: Selected controllable event: EV_move_forward
[balanced_delivery_supervisor-20] [INFO] [1789488367.271448210] [robot_1.robot_supervisor]: Selected controllable event: EV_approach_object
[balanced_delivery_supervisor-22] [INFO] [1789488367.512065276] [robot_2.robot_supervisor]: Triggered uncontrollable event: EV_zone_a_not_visible
[balanced_delivery_supervisor-22] [INFO] [1789488367.513213531] [robot_2.robot_supervisor]: Selected controllable event: EV_search_zone
[balanced_delivery_supervisor-20] [INFO] [1789488367.552666589] [robot_1.robot_supervisor]: ############################# REACHED: EV_object_reached #############################
[balanced_delivery_supervisor-20] [INFO] [1789488367.571828900] [robot_1.robot_supervisor]: Triggered uncontrollable event: EV_obstacle_right
[balanced_delivery_supervisor-20] [INFO] [1789488367.572787845] [robot_1.robot_supervisor]: Selected controllable event: EV_u_turn
[balanced_delivery_supervisor-20] [INFO] [1789488367.573700270] [robot_1.robot_supervisor]: Starting FULL ROTATE (omega=1.000, have_odom=True, target_rad=3.142, timeout_s=3.500)
[balanced_delivery_supervisor-24] [INFO] [1789488367.607090029] [robot_0.robot_supervisor]: FULL ROTATE completed by timeout
[balanced_delivery_supervisor-22] [INFO] [1789488367.693097095] [robot_2.robot_supervisor]: Triggered uncontrollable event: EV_zone_b_not_visible
[balanced_delivery_supervisor-22] [INFO] [1789488367.703315767] [robot_2.robot_supervisor]: Selected controllable event: EV_search_zone
[balanced_delivery_supervisor-22] [INFO] [1789488367.880678982] [robot_2.robot_supervisor]: Selected controllable event: EV_search_zone
[balanced_delivery_supervisor-24] [INFO] [1789488367.888951717] [robot_0.robot_supervisor]: Triggered uncontrollable event: EV_obstacle_right
[balanced_delivery_supervisor-24] [INFO] [1789488367.889657407] [robot_0.robot_supervisor]: Triggered uncontrollable event: EV_zone_b_not_visible
[balanced_delivery_supervisor-24] [INFO] [1789488367.890318050] [robot_0.robot_supervisor]: Triggered uncontrollable event: EV_zone_a_reached
[balanced_delivery_supervisor-24] [INFO] [1789488367.913190814] [robot_0.robot_supervisor]: Selected controllable event: EV_rotate_counterclockwise
[balanced_delivery_supervisor-22] [INFO] [1789488368.002638583] [robot_2.robot_supervisor]: Selected controllable event: EV_move_forward
[balanced_delivery_supervisor-24] [INFO] [1789488368.091517602] [robot_0.robot_supervisor]: Triggered uncontrollable event: EV_obstacle_right
[balanced_delivery_supervisor-24] [INFO] [1789488368.092594396] [robot_0.robot_supervisor]: Selected controllable event: EV_rotate_counterclockwise
[balanced_delivery_supervisor-24] [INFO] [1789488368.288896050] [robot_0.robot_supervisor]: Triggered uncontrollable event: EV_obstacle_right
[balanced_delivery_supervisor-24] [INFO] [1789488368.297306251] [robot_0.robot_supervisor]: Selected controllable event: EV_u_turn
[balanced_delivery_supervisor-22] [INFO] [1789488368.294361289] [robot_2.robot_supervisor]: Selected controllable event: EV_search_zone
[balanced_delivery_supervisor-22] [INFO] [1789488368.405332668] [robot_2.robot_supervisor]: Selected controllable event: EV_search_zone
[balanced_delivery_supervisor-24] [INFO] [1789488368.424139492] [robot_0.robot_supervisor]: Triggered uncontrollable event: EV_obstacle_right
[balanced_delivery_supervisor-24] [INFO] [1789488368.438578619] [robot_0.robot_supervisor]: Selected controllable event: EV_rotate_counterclockwise
[balanced_delivery_supervisor-22] [INFO] [1789488368.585930436] [robot_2.robot_supervisor]: Triggered uncontrollable event: EV_zone_a_not_visible
[balanced_delivery_supervisor-22] [INFO] [1789488368.596003696] [robot_2.robot_supervisor]: Triggered uncontrollable event: EV_zone_b_not_visible
[balanced_delivery_supervisor-22] [INFO] [1789488368.603452781] [robot_2.robot_supervisor]: Selected controllable event: EV_move_forward
[balanced_delivery_supervisor-24] [INFO] [1789488368.609178504] [robot_0.robot_supervisor]: Triggered uncontrollable event: EV_obstacle_right
[balanced_delivery_supervisor-24] [INFO] [1789488368.610276358] [robot_0.robot_supervisor]: Selected controllable event: EV_rotate_counterclockwise
[balanced_delivery_supervisor-24] [INFO] [1789488368.799195627] [robot_0.robot_supervisor]: Triggered uncontrollable event: EV_zone_b_not_visible
[balanced_delivery_supervisor-24] [INFO] [1789488368.799963968] [robot_0.robot_supervisor]: Triggered uncontrollable event: EV_zone_a_reached
[balanced_delivery_supervisor-24] [INFO] [1789488368.816290247] [robot_0.robot_supervisor]: Selected controllable event: EV_move_forward
[balanced_delivery_supervisor-22] [INFO] [1789488368.900725316] [robot_2.robot_supervisor]: Selected controllable event: EV_move_forward
[balanced_delivery_supervisor-24] [INFO] [1789488369.090203901] [robot_0.robot_supervisor]: Selected controllable event: EV_search_zone
[balanced_delivery_supervisor-22] [INFO] [1789488369.113455933] [robot_2.robot_supervisor]: Selected controllable event: EV_search_zone
[balanced_delivery_supervisor-24] [INFO] [1789488369.311833640] [robot_0.robot_supervisor]: Selected controllable event: EV_search_zone
[balanced_delivery_supervisor-22] [INFO] [1789488369.324563103] [robot_2.robot_supervisor]: Selected controllable event: EV_move_forward
[balanced_delivery_supervisor-24] [INFO] [1789488369.511501882] [robot_0.robot_supervisor]: Selected controllable event: EV_move_forward
[balanced_delivery_supervisor-22] [INFO] [1789488369.576470470] [robot_2.robot_supervisor]: Triggered uncontrollable event: EV_zone_a_not_visible
[balanced_delivery_supervisor-22] [INFO] [1789488369.577509073] [robot_2.robot_supervisor]: Selected controllable event: EV_move_forward
[balanced_delivery_supervisor-24] [INFO] [1789488369.808731542] [robot_0.robot_supervisor]: Triggered uncontrollable event: EV_zone_b_not_visible
[balanced_delivery_supervisor-24] [INFO] [1789488369.809575507] [robot_0.robot_supervisor]: Triggered uncontrollable event: EV_zone_a_reached
[balanced_delivery_supervisor-24] [INFO] [1789488369.819939898] [robot_0.robot_supervisor]: Selected controllable event: EV_search_zone
[balanced_delivery_supervisor-22] [INFO] [1789488369.899058492] [robot_2.robot_supervisor]: Triggered uncontrollable event: EV_zone_b_not_visible
[balanced_delivery_supervisor-22] [INFO] [1789488369.905433885] [robot_2.robot_supervisor]: Selected controllable event: EV_search_zone
[balanced_delivery_supervisor-24] [INFO] [1789488370.017371453] [robot_0.robot_supervisor]: Selected controllable event: EV_move_forward
[balanced_delivery_supervisor-22] [INFO] [1789488370.082743051] [robot_2.robot_supervisor]: Selected controllable event: EV_move_forward
[balanced_delivery_supervisor-24] [INFO] [1789488370.301535895] [robot_0.robot_supervisor]: Selected controllable event: EV_move_forward
[balanced_delivery_supervisor-22] [INFO] [1789488370.399841513] [robot_2.robot_supervisor]: Selected controllable event: EV_move_forward
[balanced_delivery_supervisor-24] [INFO] [1789488370.516249568] [robot_0.robot_supervisor]: Selected controllable event: EV_move_forward
[balanced_delivery_supervisor-22] [INFO] [1789488370.690075684] [robot_2.robot_supervisor]: Triggered uncontrollable event: EV_zone_a_not_visible
[balanced_delivery_supervisor-22] [INFO] [1789488370.690815118] [robot_2.robot_supervisor]: Triggered uncontrollable event: EV_zone_b_not_visible
[balanced_delivery_supervisor-22] [INFO] [1789488370.712878756] [robot_2.robot_supervisor]: Selected controllable event: EV_search_zone
[balanced_delivery_supervisor-24] [INFO] [1789488370.797909963] [robot_0.robot_supervisor]: Triggered uncontrollable event: EV_zone_b_not_visible
[balanced_delivery_supervisor-24] [INFO] [1789488370.802193768] [robot_0.robot_supervisor]: Triggered uncontrollable event: EV_zone_a_reached
[balanced_delivery_supervisor-24] [INFO] [1789488370.815070176] [robot_0.robot_supervisor]: Selected controllable event: EV_move_forward
[balanced_delivery_supervisor-22] [INFO] [1789488370.885665885] [robot_2.robot_supervisor]: Selected controllable event: EV_move_forward
[balanced_delivery_supervisor-24] [INFO] [1789488371.092792692] [robot_0.robot_supervisor]: Selected controllable event: EV_search_zone
[balanced_delivery_supervisor-22] [INFO] [1789488371.115868516] [robot_2.robot_supervisor]: Selected controllable event: EV_move_forward
[color_detector-31] [INFO] [1789488371.140428541] [robot_0.target_detector]: RGB HEARTBEAT frames_total=50 recent_rate_hz=1.025 last_frame_age_s=0.553 status=OK
[color_detector-27] [INFO] [1789488371.149904175] [robot_1.target_detector]: RGB HEARTBEAT frames_total=50 recent_rate_hz=1.027 last_frame_age_s=0.738 status=OK
[balanced_delivery_supervisor-20] [INFO] [1789488371.167931100] [robot_1.robot_supervisor]: FULL ROTATE completed by timeout
[color_detector-29] [INFO] [1789488371.177077268] [robot_2.target_detector]: RGB HEARTBEAT frames_total=50 recent_rate_hz=1.021 last_frame_age_s=0.684 status=OK
[balanced_delivery_supervisor-24] [INFO] [1789488371.312970977] [robot_0.robot_supervisor]: Selected controllable event: EV_search_zone
[balanced_delivery_supervisor-22] [INFO] [1789488371.326819389] [robot_2.robot_supervisor]: Selected controllable event: EV_move_forward
[balanced_delivery_supervisor-20] [INFO] [1789488371.381831720] [robot_1.robot_supervisor]: ############################# REACHED: EV_object_reached #############################
[balanced_delivery_supervisor-20] [INFO] [1789488371.382929020] [robot_1.robot_supervisor]: Selected controllable event: EV_move_forward
[balanced_delivery_supervisor-24] [INFO] [1789488371.513903212] [robot_0.robot_supervisor]: Triggered uncontrollable event: EV_zone_a_reached
[balanced_delivery_supervisor-24] [INFO] [1789488371.516209637] [robot_0.robot_supervisor]: Selected controllable event: EV_move_forward
[balanced_delivery_supervisor-22] [INFO] [1789488371.611055588] [robot_2.robot_supervisor]: Triggered uncontrollable event: EV_zone_a_not_visible
[balanced_delivery_supervisor-22] [INFO] [1789488371.617600866] [robot_2.robot_supervisor]: Triggered uncontrollable event: EV_zone_b_not_visible
[balanced_delivery_supervisor-22] [INFO] [1789488371.619733256] [robot_2.robot_supervisor]: Selected controllable event: EV_search_zone
[balanced_delivery_supervisor-20] [INFO] [1789488371.682813099] [robot_1.robot_supervisor]: ############################# REACHED: EV_object_reached #############################
[balanced_delivery_supervisor-20] [INFO] [1789488371.684028973] [robot_1.robot_supervisor]: Selected controllable event: EV_pick_up_object
[balanced_delivery_supervisor-20] [INFO] [1789488371.735075297] [robot_1.robot_supervisor]: Cargo 'robot_1_carried_generic_box' placed on robot.
[balanced_delivery_supervisor-24] [INFO] [1789488371.802658191] [robot_0.robot_supervisor]: Triggered uncontrollable event: EV_zone_b_not_visible
[balanced_delivery_supervisor-22] [INFO] [1789488371.803641215] [robot_2.robot_supervisor]: Selected controllable event: EV_search_zone
[balanced_delivery_supervisor-24] [INFO] [1789488371.812744913] [robot_0.robot_supervisor]: Selected controllable event: EV_move_forward
[balanced_delivery_supervisor-20] [INFO] [1789488371.961881069] [robot_1.robot_supervisor]: Selected controllable event: EV_move_forward
[balanced_delivery_supervisor-22] [INFO] [1789488372.004704189] [robot_2.robot_supervisor]: Selected controllable event: EV_search_zone
[balanced_delivery_supervisor-24] [INFO] [1789488372.104935442] [robot_0.robot_supervisor]: Selected controllable event: EV_move_forward
[balanced_delivery_supervisor-20] [INFO] [1789488372.164019641] [robot_1.robot_supervisor]: Selected controllable event: EV_move_forward
[balanced_delivery_supervisor-22] [INFO] [1789488372.196771856] [robot_2.robot_supervisor]: Selected controllable event: EV_move_forward
[balanced_delivery_supervisor-24] [INFO] [1789488372.409356874] [robot_0.robot_supervisor]: Selected controllable event: EV_search_zone
[balanced_delivery_supervisor-20] [INFO] [1789488372.461670480] [robot_1.robot_supervisor]: Selected controllable event: EV_search_zone
[balanced_delivery_supervisor-22] [INFO] [1789488372.493170440] [robot_2.robot_supervisor]: Selected controllable event: EV_search_zone
[balanced_delivery_supervisor-24] [INFO] [1789488372.606453878] [robot_0.robot_supervisor]: Selected controllable event: EV_search_zone
[balanced_delivery_supervisor-22] [INFO] [1789488372.688606482] [robot_2.robot_supervisor]: Triggered uncontrollable event: EV_zone_a_not_visible
[balanced_delivery_supervisor-20] [INFO] [1789488372.694316306] [robot_1.robot_supervisor]: Triggered uncontrollable event: EV_zone_a_visible
[balanced_delivery_supervisor-20] [INFO] [1789488372.700209147] [robot_1.robot_supervisor]: Triggered uncontrollable event: EV_zone_b_not_visible
[balanced_delivery_supervisor-22] [INFO] [1789488372.707457189] [robot_2.robot_supervisor]: Selected controllable event: EV_search_zone
[balanced_delivery_supervisor-20] [INFO] [1789488372.710734732] [robot_1.robot_supervisor]: Selected controllable event: EV_approach_zone
[balanced_delivery_supervisor-24] [INFO] [1789488372.818193518] [robot_0.robot_supervisor]: Triggered uncontrollable event: EV_zone_b_not_visible
[balanced_delivery_supervisor-24] [INFO] [1789488372.818919988] [robot_0.robot_supervisor]: Triggered uncontrollable event: EV_zone_a_reached
[balanced_delivery_supervisor-24] [INFO] [1789488372.831503503] [robot_0.robot_supervisor]: Selected controllable event: EV_move_forward
[balanced_delivery_supervisor-22] [INFO] [1789488372.900889794] [robot_2.robot_supervisor]: Triggered uncontrollable event: EV_zone_b_not_visible
[balanced_delivery_supervisor-22] [INFO] [1789488372.901953170] [robot_2.robot_supervisor]: Selected controllable event: EV_search_zone
[balanced_delivery_supervisor-20] [INFO] [1789488372.974363458] [robot_1.robot_supervisor]: Selected controllable event: EV_approach_zone
[balanced_delivery_supervisor-22] [INFO] [1789488373.022259204] [robot_2.robot_supervisor]: Selected controllable event: EV_move_forward
[balanced_delivery_supervisor-24] [INFO] [1789488373.092189466] [robot_0.robot_supervisor]: Selected controllable event: EV_search_zone
[balanced_delivery_supervisor-24] [INFO] [1789488373.230105936] [robot_0.robot_supervisor]: Selected controllable event: EV_move_forward
[balanced_delivery_supervisor-20] [INFO] [1789488373.278414771] [robot_1.robot_supervisor]: Selected controllable event: EV_move_forward
[balanced_delivery_supervisor-22] [INFO] [1789488373.308652070] [robot_2.robot_supervisor]: Selected controllable event: EV_search_zone
[balanced_delivery_supervisor-24] [INFO] [1789488373.485807855] [robot_0.robot_supervisor]: Selected controllable event: EV_move_forward
[balanced_delivery_supervisor-22] [INFO] [1789488373.496515121] [robot_2.robot_supervisor]: Selected controllable event: EV_move_forward
[balanced_delivery_supervisor-20] [INFO] [1789488373.582100328] [robot_1.robot_supervisor]: Triggered uncontrollable event: EV_zone_a_visible
[balanced_delivery_supervisor-20] [INFO] [1789488373.592115955] [robot_1.robot_supervisor]: Selected controllable event: EV_approach_zone
[balanced_delivery_supervisor-22] [INFO] [1789488373.703272236] [robot_2.robot_supervisor]: Triggered uncontrollable event: EV_zone_a_not_visible
[balanced_delivery_supervisor-24] [INFO] [1789488373.711156547] [robot_0.robot_supervisor]: Selected controllable event: EV_move_forward
[balanced_delivery_supervisor-22] [INFO] [1789488373.721554020] [robot_2.robot_supervisor]: Selected controllable event: EV_search_zone
[balanced_delivery_supervisor-20] [INFO] [1789488373.861993240] [robot_1.robot_supervisor]: Triggered uncontrollable event: EV_zone_b_not_visible
[balanced_delivery_supervisor-20] [INFO] [1789488373.869142686] [robot_1.robot_supervisor]: Selected controllable event: EV_move_forward
[balanced_delivery_supervisor-22] [INFO] [1789488373.890459122] [robot_2.robot_supervisor]: Triggered uncontrollable event: EV_zone_b_not_visible
[balanced_delivery_supervisor-22] [INFO] [1789488373.905979026] [robot_2.robot_supervisor]: Selected controllable event: EV_move_forward
[balanced_delivery_supervisor-24] [INFO] [1789488373.983640589] [robot_0.robot_supervisor]: Triggered uncontrollable event: EV_zone_b_not_visible
[balanced_delivery_supervisor-24] [INFO] [1789488373.984385678] [robot_0.robot_supervisor]: Triggered uncontrollable event: EV_zone_a_reached
[balanced_delivery_supervisor-24] [INFO] [1789488374.004567129] [robot_0.robot_supervisor]: Selected controllable event: EV_search_zone
[balanced_delivery_supervisor-20] [INFO] [1789488374.098171188] [robot_1.robot_supervisor]: Selected controllable event: EV_approach_zone
[balanced_delivery_supervisor-22] [INFO] [1789488374.186734859] [robot_2.robot_supervisor]: Selected controllable event: EV_search_zone
[balanced_delivery_supervisor-24] [INFO] [1789488374.189601739] [robot_0.robot_supervisor]: Selected controllable event: EV_search_zone
[balanced_delivery_supervisor-22] [INFO] [1789488374.311389401] [robot_2.robot_supervisor]: Selected controllable event: EV_search_zone
[balanced_delivery_supervisor-20] [INFO] [1789488374.396433604] [robot_1.robot_supervisor]: Selected controllable event: EV_move_forward
[balanced_delivery_supervisor-24] [INFO] [1789488374.400239899] [robot_0.robot_supervisor]: Selected controllable event: EV_search_zone
[balanced_delivery_supervisor-22] [INFO] [1789488374.508420692] [robot_2.robot_supervisor]: Selected controllable event: EV_move_forward
[balanced_delivery_supervisor-24] [INFO] [1789488374.605415339] [robot_0.robot_supervisor]: Selected controllable event: EV_search_zone
[balanced_delivery_supervisor-20] [INFO] [1789488374.679024110] [robot_1.robot_supervisor]: Triggered uncontrollable event: EV_zone_a_visible
[balanced_delivery_supervisor-20] [INFO] [1789488374.694331681] [robot_1.robot_supervisor]: Triggered uncontrollable event: EV_zone_b_not_visible
[balanced_delivery_supervisor-20] [INFO] [1789488374.700533140] [robot_1.robot_supervisor]: Selected controllable event: EV_approach_zone
[balanced_delivery_supervisor-22] [INFO] [1789488374.796795171] [robot_2.robot_supervisor]: Triggered uncontrollable event: EV_zone_a_not_visible
[balanced_delivery_supervisor-22] [INFO] [1789488374.797605994] [robot_2.robot_supervisor]: Triggered uncontrollable event: EV_zone_b_not_visible
[balanced_delivery_supervisor-22] [INFO] [1789488374.806575794] [robot_2.robot_supervisor]: Selected controllable event: EV_search_zone
[balanced_delivery_supervisor-24] [INFO] [1789488374.808804647] [robot_0.robot_supervisor]: Triggered uncontrollable event: EV_zone_a_not_visible
[balanced_delivery_supervisor-24] [INFO] [1789488374.809589442] [robot_0.robot_supervisor]: Triggered uncontrollable event: EV_zone_b_not_visible
[balanced_delivery_supervisor-24] [INFO] [1789488374.825625552] [robot_0.robot_supervisor]: Selected controllable event: EV_search_zone
[balanced_delivery_supervisor-20] [INFO] [1789488374.961262310] [robot_1.robot_supervisor]: Selected controllable event: EV_approach_zone
[balanced_delivery_supervisor-22] [INFO] [1789488374.987970501] [robot_2.robot_supervisor]: Selected controllable event: EV_move_forward
[balanced_delivery_supervisor-24] [INFO] [1789488375.016144548] [robot_0.robot_supervisor]: Selected controllable event: EV_move_forward
[balanced_delivery_supervisor-20] [INFO] [1789488375.177897357] [robot_1.robot_supervisor]: Selected controllable event: EV_approach_zone
[balanced_delivery_supervisor-22] [INFO] [1789488375.198547738] [robot_2.robot_supervisor]: Selected controllable event: EV_move_forward
[balanced_delivery_supervisor-24] [INFO] [1789488375.296300326] [robot_0.robot_supervisor]: Selected controllable event: EV_move_forward
[balanced_delivery_supervisor-22] [INFO] [1789488375.400752103] [robot_2.robot_supervisor]: Selected controllable event: EV_move_forward
[balanced_delivery_supervisor-20] [INFO] [1789488375.482692127] [robot_1.robot_supervisor]: Selected controllable event: EV_move_forward
[balanced_delivery_supervisor-22] [INFO] [1789488375.609086926] [robot_2.robot_supervisor]: Triggered uncontrollable event: EV_zone_a_not_visible
[balanced_delivery_supervisor-22] [INFO] [1789488375.609986499] [robot_2.robot_supervisor]: Selected controllable event: EV_search_zone
[balanced_delivery_supervisor-24] [INFO] [1789488375.624513414] [robot_0.robot_supervisor]: Selected controllable event: EV_move_forward
[balanced_delivery_supervisor-20] [INFO] [1789488375.766306248] [robot_1.robot_supervisor]: Triggered uncontrollable event: EV_zone_b_not_visible
[balanced_delivery_supervisor-20] [INFO] [1789488375.770464851] [robot_1.robot_supervisor]: Triggered uncontrollable event: EV_zone_a_reached
[balanced_delivery_supervisor-20] [INFO] [1789488375.780324468] [robot_1.robot_supervisor]: Selected controllable event: EV_search_zone
[balanced_delivery_supervisor-22] [INFO] [1789488375.821075760] [robot_2.robot_supervisor]: Triggered uncontrollable event: EV_zone_b_not_visible
[balanced_delivery_supervisor-22] [INFO] [1789488375.840985872] [robot_2.robot_supervisor]: Selected controllable event: EV_move_forward
[balanced_delivery_supervisor-24] [INFO] [1789488375.887802983] [robot_0.robot_supervisor]: Triggered uncontrollable event: EV_zone_a_not_visible
[balanced_delivery_supervisor-24] [INFO] [1789488375.903140886] [robot_0.robot_supervisor]: Triggered uncontrollable event: EV_zone_b_not_visible
[balanced_delivery_supervisor-24] [INFO] [1789488375.904068684] [robot_0.robot_supervisor]: Selected controllable event: EV_move_forward
[balanced_delivery_supervisor-20] [INFO] [1789488375.971397922] [robot_1.robot_supervisor]: Selected controllable event: EV_move_forward
[balanced_delivery_supervisor-22] [INFO] [1789488376.098094520] [robot_2.robot_supervisor]: Selected controllable event: EV_move_forward
[balanced_delivery_supervisor-24] [INFO] [1789488376.194136598] [robot_0.robot_supervisor]: Selected controllable event: EV_move_forward
[balanced_delivery_supervisor-20] [INFO] [1789488376.268623238] [robot_1.robot_supervisor]: Selected controllable event: EV_move_forward
[balanced_delivery_supervisor-22] [INFO] [1789488376.307049299] [robot_2.robot_supervisor]: Selected controllable event: EV_search_zone
[balanced_delivery_supervisor-24] [INFO] [1789488376.404575896] [robot_0.robot_supervisor]: Selected controllable event: EV_search_zone
[balanced_delivery_supervisor-20] [INFO] [1789488376.482097284] [robot_1.robot_supervisor]: Triggered uncontrollable event: EV_obstacle_front
[balanced_delivery_supervisor-20] [INFO] [1789488376.483034708] [robot_1.robot_supervisor]: Selected controllable event: EV_rotate_clockwise
[balanced_delivery_supervisor-22] [INFO] [1789488376.505518758] [robot_2.robot_supervisor]: Selected controllable event: EV_move_forward
[balanced_delivery_supervisor-24] [INFO] [1789488376.513351896] [robot_0.robot_supervisor]: Selected controllable event: EV_search_zone
[balanced_delivery_supervisor-20] [INFO] [1789488376.661329105] [robot_1.robot_supervisor]: Triggered uncontrollable event: EV_obstacle_front
[balanced_delivery_supervisor-20] [INFO] [1789488376.663061636] [robot_1.robot_supervisor]: Triggered uncontrollable event: EV_zone_b_not_visible
[balanced_delivery_supervisor-20] [INFO] [1789488376.669722138] [robot_1.robot_supervisor]: Triggered uncontrollable event: EV_zone_a_reached
[balanced_delivery_supervisor-24] [INFO] [1789488376.678350798] [robot_0.robot_supervisor]: Triggered uncontrollable event: EV_zone_a_not_visible
[balanced_delivery_supervisor-20] [INFO] [1789488376.681022708] [robot_1.robot_supervisor]: Selected controllable event: EV_rotate_counterclockwise
[balanced_delivery_supervisor-24] [INFO] [1789488376.689293736] [robot_0.robot_supervisor]: Selected controllable event: EV_move_forward
[balanced_delivery_supervisor-22] [INFO] [1789488376.796219907] [robot_2.robot_supervisor]: Triggered uncontrollable event: EV_zone_a_not_visible
[balanced_delivery_supervisor-22] [INFO] [1789488376.797155478] [robot_2.robot_supervisor]: Triggered uncontrollable event: EV_zone_b_not_visible
[balanced_delivery_supervisor-22] [INFO] [1789488376.808386570] [robot_2.robot_supervisor]: Selected controllable event: EV_move_forward
[balanced_delivery_supervisor-20] [INFO] [1789488376.884063525] [robot_1.robot_supervisor]: Triggered uncontrollable event: EV_obstacle_front
[balanced_delivery_supervisor-20] [INFO] [1789488376.888489260] [robot_1.robot_supervisor]: Selected controllable event: EV_rotate_clockwise
[balanced_delivery_supervisor-24] [INFO] [1789488376.918228866] [robot_0.robot_supervisor]: Triggered uncontrollable event: EV_zone_b_not_visible
[balanced_delivery_supervisor-24] [INFO] [1789488376.919308034] [robot_0.robot_supervisor]: Selected controllable event: EV_search_zone
[balanced_delivery_supervisor-20] [INFO] [1789488377.082608212] [robot_1.robot_supervisor]: Triggered uncontrollable event: EV_obstacle_front
[balanced_delivery_supervisor-22] [INFO] [1789488377.094970340] [robot_2.robot_supervisor]: Selected controllable event: EV_search_zone
[balanced_delivery_supervisor-24] [INFO] [1789488377.096547578] [robot_0.robot_supervisor]: Selected controllable event: EV_move_forward
[balanced_delivery_supervisor-20] [INFO] [1789488377.098174936] [robot_1.robot_supervisor]: Selected controllable event: EV_move_backward
[balanced_delivery_supervisor-22] [INFO] [1789488377.202957389] [robot_2.robot_supervisor]: Selected controllable event: EV_move_forward
[balanced_delivery_supervisor-20] [INFO] [1789488377.358969007] [robot_1.robot_supervisor]: Triggered uncontrollable event: EV_obstacle_front
[balanced_delivery_supervisor-20] [INFO] [1789488377.374828849] [robot_1.robot_supervisor]: Selected controllable event: EV_move_backward
[balanced_delivery_supervisor-24] [INFO] [1789488377.392218944] [robot_0.robot_supervisor]: Selected controllable event: EV_move_forward
[balanced_delivery_supervisor-22] [INFO] [1789488377.410395282] [robot_2.robot_supervisor]: Selected controllable event: EV_search_zone
[balanced_delivery_supervisor-22] [INFO] [1789488377.603029029] [robot_2.robot_supervisor]: Selected controllable event: EV_search_zone
[balanced_delivery_supervisor-24] [INFO] [1789488377.607805358] [robot_0.robot_supervisor]: Selected controllable event: EV_search_zone
[balanced_delivery_supervisor-20] [INFO] [1789488377.667892265] [robot_1.robot_supervisor]: Triggered uncontrollable event: EV_obstacle_front
[balanced_delivery_supervisor-20] [INFO] [1789488377.668719528] [robot_1.robot_supervisor]: Triggered uncontrollable event: EV_zone_b_not_visible
[balanced_delivery_supervisor-20] [INFO] [1789488377.681298972] [robot_1.robot_supervisor]: Triggered uncontrollable event: EV_zone_a_reached
[balanced_delivery_supervisor-20] [INFO] [1789488377.684942450] [robot_1.robot_supervisor]: Selected controllable event: EV_rotate_counterclockwise
[balanced_delivery_supervisor-22] [INFO] [1789488377.782180093] [robot_2.robot_supervisor]: Triggered uncontrollable event: EV_zone_b_visible
[balanced_delivery_supervisor-22] [INFO] [1789488377.787793008] [robot_2.robot_supervisor]: Triggered uncontrollable event: EV_zone_a_not_visible
[balanced_delivery_supervisor-22] [INFO] [1789488377.799625111] [robot_2.robot_supervisor]: Selected controllable event: EV_approach_zone
[balanced_delivery_supervisor-24] [INFO] [1789488377.800202839] [robot_0.robot_supervisor]: Triggered uncontrollable event: EV_zone_a_not_visible
[balanced_delivery_supervisor-24] [INFO] [1789488377.801337802] [robot_0.robot_supervisor]: Triggered uncontrollable event: EV_zone_b_not_visible
[balanced_delivery_supervisor-24] [INFO] [1789488377.802299692] [robot_0.robot_supervisor]: Selected controllable event: EV_search_zone
[balanced_delivery_supervisor-20] [INFO] [1789488377.865276260] [robot_1.robot_supervisor]: Triggered uncontrollable event: EV_obstacle_front
[balanced_delivery_supervisor-20] [INFO] [1789488377.867391936] [robot_1.robot_supervisor]: Selected controllable event: EV_rotate_counterclockwise
[balanced_delivery_supervisor-24] [INFO] [1789488377.994608479] [robot_0.robot_supervisor]: Selected controllable event: EV_search_zone
[balanced_delivery_supervisor-20] [INFO] [1789488378.063548860] [robot_1.robot_supervisor]: Triggered uncontrollable event: EV_obstacle_front
[balanced_delivery_supervisor-20] [INFO] [1789488378.071506274] [robot_1.robot_supervisor]: Selected controllable event: EV_move_backward
[balanced_delivery_supervisor-22] [INFO] [1789488378.088728017] [robot_2.robot_supervisor]: Selected controllable event: EV_approach_zone
[balanced_delivery_supervisor-24] [INFO] [1789488378.195028780] [robot_0.robot_supervisor]: Selected controllable event: EV_search_zone
[balanced_delivery_supervisor-20] [INFO] [1789488378.302053738] [robot_1.robot_supervisor]: Triggered uncontrollable event: EV_obstacle_front
[balanced_delivery_supervisor-20] [INFO] [1789488378.302957584] [robot_1.robot_supervisor]: Selected controllable event: EV_u_turn
[balanced_delivery_supervisor-22] [INFO] [1789488378.302240701] [robot_2.robot_supervisor]: Selected controllable event: EV_move_forward
[balanced_delivery_supervisor-20] [INFO] [1789488378.321104860] [robot_1.robot_supervisor]: Starting FULL ROTATE (omega=1.000, have_odom=True, target_rad=3.142, timeout_s=3.500)
[balanced_delivery_supervisor-24] [INFO] [1789488378.444748663] [robot_0.robot_supervisor]: Selected controllable event: EV_search_zone
[balanced_delivery_supervisor-24] [INFO] [1789488378.603053966] [robot_0.robot_supervisor]: Selected controllable event: EV_search_zone
[balanced_delivery_supervisor-22] [INFO] [1789488378.610092038] [robot_2.robot_supervisor]: Triggered uncontrollable event: EV_zone_b_visible
[balanced_delivery_supervisor-22] [INFO] [1789488378.610768282] [robot_2.robot_supervisor]: Triggered uncontrollable event: EV_zone_a_not_visible
[balanced_delivery_supervisor-22] [INFO] [1789488378.611725529] [robot_2.robot_supervisor]: Selected controllable event: EV_move_forward
[balanced_delivery_supervisor-24] [INFO] [1789488378.710341058] [robot_0.robot_supervisor]: Triggered uncontrollable event: EV_zone_a_not_visible
[balanced_delivery_supervisor-24] [INFO] [1789488378.724550092] [robot_0.robot_supervisor]: Triggered uncontrollable event: EV_zone_b_not_visible
[balanced_delivery_supervisor-24] [INFO] [1789488378.725590810] [robot_0.robot_supervisor]: Selected controllable event: EV_search_zone
[balanced_delivery_supervisor-22] [INFO] [1789488378.880849184] [robot_2.robot_supervisor]: Selected controllable event: EV_approach_zone
[balanced_delivery_supervisor-24] [INFO] [1789488378.893935459] [robot_0.robot_supervisor]: Selected controllable event: EV_search_zone
[balanced_delivery_supervisor-24] [INFO] [1789488379.074879749] [robot_0.robot_supervisor]: Selected controllable event: EV_search_zone
[balanced_delivery_supervisor-22] [INFO] [1789488379.212441597] [robot_2.robot_supervisor]: Selected controllable event: EV_approach_zone
[balanced_delivery_supervisor-24] [INFO] [1789488379.217845913] [robot_0.robot_supervisor]: Selected controllable event: EV_move_forward
[balanced_delivery_supervisor-24] [INFO] [1789488379.500731307] [robot_0.robot_supervisor]: Selected controllable event: EV_move_forward
[balanced_delivery_supervisor-22] [INFO] [1789488379.531772709] [robot_2.robot_supervisor]: Selected controllable event: EV_approach_zone
[balanced_delivery_supervisor-24] [INFO] [1789488379.795309888] [robot_0.robot_supervisor]: Triggered uncontrollable event: EV_zone_a_not_visible
[balanced_delivery_supervisor-24] [INFO] [1789488379.804215518] [robot_0.robot_supervisor]: Selected controllable event: EV_move_forward
[balanced_delivery_supervisor-22] [INFO] [1789488379.805449375] [robot_2.robot_supervisor]: Triggered uncontrollable event: EV_zone_a_visible
[balanced_delivery_supervisor-22] [INFO] [1789488379.818815332] [robot_2.robot_supervisor]: Triggered uncontrollable event: EV_zone_b_visible
[balanced_delivery_supervisor-22] [INFO] [1789488379.823509635] [robot_2.robot_supervisor]: Selected controllable event: EV_move_forward
[balanced_delivery_supervisor-24] [INFO] [1789488380.089492010] [robot_0.robot_supervisor]: Triggered uncontrollable event: EV_zone_b_not_visible
[balanced_delivery_supervisor-24] [INFO] [1789488380.101629996] [robot_0.robot_supervisor]: Selected controllable event: EV_search_zone
[balanced_delivery_supervisor-22] [INFO] [1789488380.107575302] [robot_2.robot_supervisor]: Selected controllable event: EV_move_forward
[balanced_delivery_supervisor-24] [INFO] [1789488380.222365095] [robot_0.robot_supervisor]: Selected controllable event: EV_move_forward
[balanced_delivery_supervisor-22] [INFO] [1789488380.385762051] [robot_2.robot_supervisor]: Triggered uncontrollable event: EV_zone_a_visible
[balanced_delivery_supervisor-22] [INFO] [1789488380.403667742] [robot_2.robot_supervisor]: Selected controllable event: EV_approach_zone
[balanced_delivery_supervisor-24] [INFO] [1789488380.481391074] [robot_0.robot_supervisor]: Triggered uncontrollable event: EV_zone_a_not_visible
[balanced_delivery_supervisor-24] [INFO] [1789488380.488726730] [robot_0.robot_supervisor]: Selected controllable event: EV_move_forward
[balanced_delivery_supervisor-22] [INFO] [1789488380.686578213] [robot_2.robot_supervisor]: Triggered uncontrollable event: EV_zone_b_visible
[balanced_delivery_supervisor-22] [INFO] [1789488380.703876691] [robot_2.robot_supervisor]: Selected controllable event: EV_approach_zone
[balanced_delivery_supervisor-24] [INFO] [1789488380.808968862] [robot_0.robot_supervisor]: Triggered uncontrollable event: EV_zone_b_not_visible
[balanced_delivery_supervisor-24] [INFO] [1789488380.819843082] [robot_0.robot_supervisor]: Selected controllable event: EV_search_zone
[balanced_delivery_supervisor-24] [INFO] [1789488380.982570405] [robot_0.robot_supervisor]: Selected controllable event: EV_search_zone
[balanced_delivery_supervisor-22] [INFO] [1789488381.010651841] [robot_2.robot_supervisor]: Selected controllable event: EV_approach_zone
[color_detector-31] [INFO] [1789488381.116720775] [robot_0.target_detector]: RGB HEARTBEAT frames_total=60 recent_rate_hz=1.002 last_frame_age_s=0.754 status=OK
[color_detector-29] [INFO] [1789488381.121953303] [robot_2.target_detector]: RGB HEARTBEAT frames_total=60 recent_rate_hz=1.004 last_frame_age_s=0.815 status=OK
[color_detector-27] [INFO] [1789488381.136104816] [robot_1.target_detector]: RGB HEARTBEAT frames_total=60 recent_rate_hz=0.998 last_frame_age_s=0.887 status=OK
[balanced_delivery_supervisor-24] [INFO] [1789488381.231801735] [robot_0.robot_supervisor]: Selected controllable event: EV_search_zone
[balanced_delivery_supervisor-22] [INFO] [1789488381.316163479] [robot_2.robot_supervisor]: Selected controllable event: EV_approach_zone
[balanced_delivery_supervisor-24] [INFO] [1789488381.407448159] [robot_0.robot_supervisor]: Triggered uncontrollable event: EV_zone_a_not_visible
[balanced_delivery_supervisor-24] [INFO] [1789488381.422030043] [robot_0.robot_supervisor]: Selected controllable event: EV_search_zone
[balanced_delivery_supervisor-22] [INFO] [1789488381.589117408] [robot_2.robot_supervisor]: Triggered uncontrollable event: EV_zone_b_visible
[balanced_delivery_supervisor-22] [INFO] [1789488381.613931947] [robot_2.robot_supervisor]: Triggered uncontrollable event: EV_zone_a_reached
[balanced_delivery_supervisor-22] [INFO] [1789488381.615016796] [robot_2.robot_supervisor]: Selected controllable event: EV_move_forward
[balanced_delivery_supervisor-24] [INFO] [1789488381.622939416] [robot_0.robot_supervisor]: Triggered uncontrollable event: EV_zone_b_not_visible
[balanced_delivery_supervisor-24] [INFO] [1789488381.624058137] [robot_0.robot_supervisor]: Selected controllable event: EV_search_zone
[balanced_delivery_supervisor-24] [INFO] [1789488381.783248313] [robot_0.robot_supervisor]: Selected controllable event: EV_search_zone
[balanced_delivery_supervisor-20] [INFO] [1789488381.868839150] [robot_1.robot_supervisor]: FULL ROTATE completed by timeout
[balanced_delivery_supervisor-22] [INFO] [1789488381.904154178] [robot_2.robot_supervisor]: Selected controllable event: EV_approach_zone
[balanced_delivery_supervisor-24] [INFO] [1789488381.909618849] [robot_0.robot_supervisor]: Selected controllable event: EV_move_forward
[balanced_delivery_supervisor-20] [INFO] [1789488382.073322906] [robot_1.robot_supervisor]: Triggered uncontrollable event: EV_zone_b_not_visible
[balanced_delivery_supervisor-20] [INFO] [1789488382.089714541] [robot_1.robot_supervisor]: Triggered uncontrollable event: EV_zone_a_reached
[balanced_delivery_supervisor-20] [INFO] [1789488382.090747298] [robot_1.robot_supervisor]: Selected controllable event: EV_search_zone
[balanced_delivery_supervisor-22] [INFO] [1789488382.207929737] [robot_2.robot_supervisor]: Selected controllable event: EV_approach_zone
[balanced_delivery_supervisor-24] [INFO] [1789488382.230622416] [robot_0.robot_supervisor]: Selected controllable event: EV_search_zone
[balanced_delivery_supervisor-20] [INFO] [1789488382.268919840] [robot_1.robot_supervisor]: Selected controllable event: EV_move_forward
[balanced_delivery_supervisor-24] [INFO] [1789488382.401932807] [robot_0.robot_supervisor]: Selected controllable event: EV_search_zone
[balanced_delivery_supervisor-22] [INFO] [1789488382.506068246] [robot_2.robot_supervisor]: Triggered uncontrollable event: EV_zone_b_visible
[balanced_delivery_supervisor-22] [INFO] [1789488382.506836445] [robot_2.robot_supervisor]: Triggered uncontrollable event: EV_zone_a_reached
[balanced_delivery_supervisor-22] [INFO] [1789488382.524018899] [robot_2.robot_supervisor]: Selected controllable event: EV_move_forward
[balanced_delivery_supervisor-20] [INFO] [1789488382.580819688] [robot_1.robot_supervisor]: Triggered uncontrollable event: EV_zone_b_visible
[balanced_delivery_supervisor-20] [INFO] [1789488382.581615758] [robot_1.robot_supervisor]: Triggered uncontrollable event: EV_zone_a_reached
[balanced_delivery_supervisor-24] [INFO] [1789488382.585655796] [robot_0.robot_supervisor]: Triggered uncontrollable event: EV_zone_a_not_visible
[balanced_delivery_supervisor-24] [INFO] [1789488382.606046755] [robot_0.robot_supervisor]: Triggered uncontrollable event: EV_zone_b_not_visible
[balanced_delivery_supervisor-20] [INFO] [1789488382.608512360] [robot_1.robot_supervisor]: Selected controllable event: EV_approach_zone
[balanced_delivery_supervisor-24] [INFO] [1789488382.620650899] [robot_0.robot_supervisor]: Selected controllable event: EV_search_zone
[balanced_delivery_supervisor-22] [INFO] [1789488382.787681012] [robot_2.robot_supervisor]: Selected controllable event: EV_move_forward
[balanced_delivery_supervisor-24] [INFO] [1789488382.809751461] [robot_0.robot_supervisor]: Selected controllable event: EV_search_zone
[balanced_delivery_supervisor-20] [INFO] [1789488382.852248465] [robot_1.robot_supervisor]: Selected controllable event: EV_move_forward
[balanced_delivery_supervisor-24] [INFO] [1789488382.983518262] [robot_0.robot_supervisor]: Selected controllable event: EV_move_forward
[balanced_delivery_supervisor-22] [INFO] [1789488382.998223621] [robot_2.robot_supervisor]: Selected controllable event: EV_approach_zone
[balanced_delivery_supervisor-20] [INFO] [1789488383.088793346] [robot_1.robot_supervisor]: Selected controllable event: EV_move_forward
[balanced_delivery_supervisor-24] [INFO] [1789488383.299819725] [robot_0.robot_supervisor]: Selected controllable event: EV_move_forward
[balanced_delivery_supervisor-22] [INFO] [1789488383.302360451] [robot_2.robot_supervisor]: Triggered uncontrollable event: EV_obstacle_left
[balanced_delivery_supervisor-22] [INFO] [1789488383.303340530] [robot_2.robot_supervisor]: Selected controllable event: EV_u_turn
[balanced_delivery_supervisor-22] [INFO] [1789488383.327465060] [robot_2.robot_supervisor]: Starting FULL ROTATE (omega=1.000, have_odom=True, target_rad=3.142, timeout_s=3.500)
[balanced_delivery_supervisor-20] [INFO] [1789488383.375459676] [robot_1.robot_supervisor]: Triggered uncontrollable event: EV_zone_b_visible
[balanced_delivery_supervisor-20] [INFO] [1789488383.376355430] [robot_1.robot_supervisor]: Triggered uncontrollable event: EV_zone_a_reached
[balanced_delivery_supervisor-20] [INFO] [1789488383.377237489] [robot_1.robot_supervisor]: Selected controllable event: EV_approach_zone
[balanced_delivery_supervisor-24] [INFO] [1789488383.579337609] [robot_0.robot_supervisor]: Triggered uncontrollable event: EV_zone_a_not_visible
[balanced_delivery_supervisor-24] [INFO] [1789488383.587943908] [robot_0.robot_supervisor]: Triggered uncontrollable event: EV_zone_b_not_visible
[balanced_delivery_supervisor-24] [INFO] [1789488383.588986562] [robot_0.robot_supervisor]: Selected controllable event: EV_search_zone
[balanced_delivery_supervisor-20] [INFO] [1789488383.675051799] [robot_1.robot_supervisor]: Selected controllable event: EV_move_forward
[balanced_delivery_supervisor-24] [INFO] [1789488383.702135146] [robot_0.robot_supervisor]: Selected controllable event: EV_search_zone
[balanced_delivery_supervisor-24] [INFO] [1789488383.893114912] [robot_0.robot_supervisor]: Selected controllable event: EV_search_zone
[balanced_delivery_supervisor-20] [INFO] [1789488383.984600921] [robot_1.robot_supervisor]: Selected controllable event: EV_move_forward
[balanced_delivery_supervisor-24] [INFO] [1789488384.010996502] [robot_0.robot_supervisor]: Selected controllable event: EV_move_forward
[balanced_delivery_supervisor-20] [INFO] [1789488384.282843651] [robot_1.robot_supervisor]: Triggered uncontrollable event: EV_zone_b_visible
[balanced_delivery_supervisor-20] [INFO] [1789488384.283661019] [robot_1.robot_supervisor]: Triggered uncontrollable event: EV_zone_a_reached
[balanced_delivery_supervisor-20] [INFO] [1789488384.284603519] [robot_1.robot_supervisor]: Selected controllable event: EV_move_forward
[balanced_delivery_supervisor-24] [INFO] [1789488384.312016999] [robot_0.robot_supervisor]: Triggered uncontrollable event: EV_zone_a_not_visible
[balanced_delivery_supervisor-24] [INFO] [1789488384.319776371] [robot_0.robot_supervisor]: Selected controllable event: EV_move_forward
[balanced_delivery_supervisor-20] [INFO] [1789488384.572749770] [robot_1.robot_supervisor]: Selected controllable event: EV_approach_zone
[balanced_delivery_supervisor-24] [INFO] [1789488384.602326060] [robot_0.robot_supervisor]: Triggered uncontrollable event: EV_zone_b_visible
[balanced_delivery_supervisor-24] [INFO] [1789488384.608534905] [robot_0.robot_supervisor]: Selected controllable event: EV_approach_zone
[balanced_delivery_supervisor-20] [INFO] [1789488384.776878726] [robot_1.robot_supervisor]: Selected controllable event: EV_move_forward
[balanced_delivery_supervisor-24] [INFO] [1789488384.898927376] [robot_0.robot_supervisor]: Selected controllable event: EV_approach_zone
[balanced_delivery_supervisor-20] [INFO] [1789488385.063910368] [robot_1.robot_supervisor]: Selected controllable event: EV_move_forward
[balanced_delivery_supervisor-24] [INFO] [1789488385.209466624] [robot_0.robot_supervisor]: Triggered uncontrollable event: EV_zone_a_not_visible
[balanced_delivery_supervisor-24] [INFO] [1789488385.225817412] [robot_0.robot_supervisor]: Selected controllable event: EV_approach_zone
[balanced_delivery_supervisor-20] [INFO] [1789488385.310923544] [robot_1.robot_supervisor]: Triggered uncontrollable event: EV_zone_b_visible
[balanced_delivery_supervisor-20] [INFO] [1789488385.311728973] [robot_1.robot_supervisor]: Triggered uncontrollable event: EV_zone_a_reached
[balanced_delivery_supervisor-20] [INFO] [1789488385.327840930] [robot_1.robot_supervisor]: Selected controllable event: EV_move_forward
[balanced_delivery_supervisor-24] [INFO] [1789488385.508888082] [robot_0.robot_supervisor]: Triggered uncontrollable event: EV_zone_b_visible
[balanced_delivery_supervisor-24] [INFO] [1789488385.516489824] [robot_0.robot_supervisor]: Selected controllable event: EV_approach_zone
[balanced_delivery_supervisor-20] [INFO] [1789488385.569170157] [robot_1.robot_supervisor]: Selected controllable event: EV_move_forward
[balanced_delivery_supervisor-24] [INFO] [1789488385.813992205] [robot_0.robot_supervisor]: Selected controllable event: EV_approach_zone
[balanced_delivery_supervisor-20] [INFO] [1789488385.864725241] [robot_1.robot_supervisor]: Selected controllable event: EV_move_forward
[balanced_delivery_supervisor-24] [INFO] [1789488386.089814203] [robot_0.robot_supervisor]: Selected controllable event: EV_move_forward
[balanced_delivery_supervisor-20] [INFO] [1789488386.161346788] [robot_1.robot_supervisor]: Triggered uncontrollable event: EV_zone_a_not_visible
[balanced_delivery_supervisor-20] [INFO] [1789488386.170225135] [robot_1.robot_supervisor]: Selected controllable event: EV_approach_zone
[balanced_delivery_supervisor-24] [INFO] [1789488386.326088419] [robot_0.robot_supervisor]: Selected controllable event: EV_move_forward
[balanced_delivery_supervisor-20] [INFO] [1789488386.375255152] [robot_1.robot_supervisor]: Triggered uncontrollable event: EV_zone_b_visible
[balanced_delivery_supervisor-20] [INFO] [1789488386.386346455] [robot_1.robot_supervisor]: Selected controllable event: EV_approach_zone
[balanced_delivery_supervisor-24] [INFO] [1789488386.581497777] [robot_0.robot_supervisor]: Triggered uncontrollable event: EV_zone_b_visible
[balanced_delivery_supervisor-24] [INFO] [1789488386.584630745] [robot_0.robot_supervisor]: Triggered uncontrollable event: EV_zone_a_not_visible
[balanced_delivery_supervisor-24] [INFO] [1789488386.585556827] [robot_0.robot_supervisor]: Selected controllable event: EV_approach_zone
[balanced_delivery_supervisor-20] [INFO] [1789488386.661795629] [robot_1.robot_supervisor]: Selected controllable event: EV_move_forward
[balanced_delivery_supervisor-24] [INFO] [1789488386.813822994] [robot_0.robot_supervisor]: Selected controllable event: EV_approach_zone
[balanced_delivery_supervisor-22] [INFO] [1789488386.884952784] [robot_2.robot_supervisor]: FULL ROTATE completed by timeout
[balanced_delivery_supervisor-20] [INFO] [1789488386.987055323] [robot_1.robot_supervisor]: Selected controllable event: EV_move_forward
[balanced_delivery_supervisor-22] [INFO] [1789488387.088817503] [robot_2.robot_supervisor]: Triggered uncontrollable event: EV_zone_b_visible
[balanced_delivery_supervisor-22] [INFO] [1789488387.089512069] [robot_2.robot_supervisor]: Triggered uncontrollable event: EV_zone_a_reached
[balanced_delivery_supervisor-22] [INFO] [1789488387.090434609] [robot_2.robot_supervisor]: Selected controllable event: EV_move_forward
[balanced_delivery_supervisor-24] [INFO] [1789488387.099068035] [robot_0.robot_supervisor]: Selected controllable event: EV_move_forward
[balanced_delivery_supervisor-20] [INFO] [1789488387.270181498] [robot_1.robot_supervisor]: Triggered uncontrollable event: EV_zone_b_visible
[balanced_delivery_supervisor-20] [INFO] [1789488387.277784543] [robot_1.robot_supervisor]: Triggered uncontrollable event: EV_zone_a_not_visible
[balanced_delivery_supervisor-20] [INFO] [1789488387.281173685] [robot_1.robot_supervisor]: Selected controllable event: EV_move_forward
[balanced_delivery_supervisor-22] [INFO] [1789488387.393443860] [robot_2.robot_supervisor]: Triggered uncontrollable event: EV_zone_b_visible
[balanced_delivery_supervisor-22] [INFO] [1789488387.403276025] [robot_2.robot_supervisor]: Triggered uncontrollable event: EV_zone_a_reached
[balanced_delivery_supervisor-22] [INFO] [1789488387.404186532] [robot_2.robot_supervisor]: Selected controllable event: EV_approach_zone
[balanced_delivery_supervisor-24] [INFO] [1789488387.399982964] [robot_0.robot_supervisor]: Triggered uncontrollable event: EV_zone_b_visible
[balanced_delivery_supervisor-24] [INFO] [1789488387.400744899] [robot_0.robot_supervisor]: Triggered uncontrollable event: EV_zone_a_not_visible
[balanced_delivery_supervisor-24] [INFO] [1789488387.401556126] [robot_0.robot_supervisor]: Triggered uncontrollable event: EV_obstacle_front
[balanced_delivery_supervisor-24] [INFO] [1789488387.418861829] [robot_0.robot_supervisor]: Selected controllable event: EV_rotate_counterclockwise
[balanced_delivery_supervisor-20] [INFO] [1789488387.557552455] [robot_1.robot_supervisor]: Selected controllable event: EV_move_forward
[balanced_delivery_supervisor-24] [INFO] [1789488387.581356379] [robot_0.robot_supervisor]: Triggered uncontrollable event: EV_obstacle_front
[balanced_delivery_supervisor-24] [INFO] [1789488387.599394659] [robot_0.robot_supervisor]: Selected controllable event: EV_u_turn
[balanced_delivery_supervisor-24] [INFO] [1789488387.606987029] [robot_0.robot_supervisor]: Starting FULL ROTATE (omega=1.000, have_odom=True, target_rad=3.142, timeout_s=3.500)
[balanced_delivery_supervisor-22] [INFO] [1789488387.697197123] [robot_2.robot_supervisor]: Selected controllable event: EV_move_forward
[balanced_delivery_supervisor-20] [INFO] [1789488387.777725274] [robot_1.robot_supervisor]: Selected controllable event: EV_move_forward
[balanced_delivery_supervisor-22] [INFO] [1789488387.988458260] [robot_2.robot_supervisor]: Selected controllable event: EV_approach_zone
[balanced_delivery_supervisor-20] [INFO] [1789488388.088322919] [robot_1.robot_supervisor]: Selected controllable event: EV_approach_zone
[balanced_delivery_supervisor-22] [INFO] [1789488388.192385347] [robot_2.robot_supervisor]: Triggered uncontrollable event: EV_zone_b_visible
[balanced_delivery_supervisor-22] [INFO] [1789488388.193249437] [robot_2.robot_supervisor]: Triggered uncontrollable event: EV_zone_a_reached
[balanced_delivery_supervisor-22] [INFO] [1789488388.205539145] [robot_2.robot_supervisor]: Selected controllable event: EV_approach_zone
[balanced_delivery_supervisor-20] [INFO] [1789488388.355260040] [robot_1.robot_supervisor]: Triggered uncontrollable event: EV_zone_b_visible
[balanced_delivery_supervisor-20] [INFO] [1789488388.371178374] [robot_1.robot_supervisor]: Triggered uncontrollable event: EV_zone_a_not_visible
[balanced_delivery_supervisor-20] [INFO] [1789488388.372295473] [robot_1.robot_supervisor]: Selected controllable event: EV_approach_zone
[balanced_delivery_supervisor-22] [INFO] [1789488388.500994326] [robot_2.robot_supervisor]: Selected controllable event: EV_approach_zone
[balanced_delivery_supervisor-20] [INFO] [1789488388.662033737] [robot_1.robot_supervisor]: Selected controllable event: EV_move_forward
[balanced_delivery_supervisor-22] [INFO] [1789488388.815530735] [robot_2.robot_supervisor]: Selected controllable event: EV_approach_zone
[balanced_delivery_supervisor-20] [INFO] [1789488388.872759344] [robot_1.robot_supervisor]: Selected controllable event: EV_approach_zone
[balanced_delivery_supervisor-22] [INFO] [1789488389.106575109] [robot_2.robot_supervisor]: Selected controllable event: EV_move_forward
[balanced_delivery_supervisor-20] [INFO] [1789488389.187758299] [robot_1.robot_supervisor]: Triggered uncontrollable event: EV_zone_b_visible
[balanced_delivery_supervisor-20] [INFO] [1789488389.188503382] [robot_1.robot_supervisor]: Triggered uncontrollable event: EV_zone_a_not_visible
[balanced_delivery_supervisor-20] [INFO] [1789488389.193885611] [robot_1.robot_supervisor]: Selected controllable event: EV_approach_zone
[balanced_delivery_supervisor-22] [INFO] [1789488389.404419961] [robot_2.robot_supervisor]: Triggered uncontrollable event: EV_zone_b_visible
[balanced_delivery_supervisor-22] [INFO] [1789488389.412638587] [robot_2.robot_supervisor]: Triggered uncontrollable event: EV_zone_a_reached
[balanced_delivery_supervisor-22] [INFO] [1789488389.413654993] [robot_2.robot_supervisor]: Selected controllable event: EV_move_forward
[balanced_delivery_supervisor-20] [INFO] [1789488389.465968181] [robot_1.robot_supervisor]: Selected controllable event: EV_move_forward
[balanced_delivery_supervisor-22] [INFO] [1789488389.681553393] [robot_2.robot_supervisor]: Selected controllable event: EV_move_forward
[balanced_delivery_supervisor-20] [INFO] [1789488389.770275549] [robot_1.robot_supervisor]: Selected controllable event: EV_approach_zone
[balanced_delivery_supervisor-22] [INFO] [1789488389.897308055] [robot_2.robot_supervisor]: Selected controllable event: EV_approach_zone
[balanced_delivery_supervisor-20] [INFO] [1789488390.083979375] [robot_1.robot_supervisor]: Triggered uncontrollable event: EV_zone_b_visible
[balanced_delivery_supervisor-20] [INFO] [1789488390.090399896] [robot_1.robot_supervisor]: Triggered uncontrollable event: EV_zone_a_not_visible
[balanced_delivery_supervisor-20] [INFO] [1789488390.097502845] [robot_1.robot_supervisor]: Selected controllable event: EV_move_forward
[balanced_delivery_supervisor-22] [INFO] [1789488390.184253900] [robot_2.robot_supervisor]: Triggered uncontrollable event: EV_zone_b_not_visible
[balanced_delivery_supervisor-22] [INFO] [1789488390.195437405] [robot_2.robot_supervisor]: Triggered uncontrollable event: EV_zone_a_reached
[balanced_delivery_supervisor-22] [INFO] [1789488390.196550012] [robot_2.robot_supervisor]: Selected controllable event: EV_move_forward
[balanced_delivery_supervisor-20] [INFO] [1789488390.382883005] [robot_1.robot_supervisor]: Selected controllable event: EV_approach_zone
[balanced_delivery_supervisor-22] [INFO] [1789488390.420779628] [robot_2.robot_supervisor]: Selected controllable event: EV_search_zone
[balanced_delivery_supervisor-22] [INFO] [1789488390.579690108] [robot_2.robot_supervisor]: Selected controllable event: EV_move_forward
[balanced_delivery_supervisor-20] [INFO] [1789488390.664467143] [robot_1.robot_supervisor]: Selected controllable event: EV_approach_zone
[balanced_delivery_supervisor-22] [INFO] [1789488390.784498475] [robot_2.robot_supervisor]: Selected controllable event: EV_search_zone
[color_detector-31] [INFO] [1789488390.814715752] [robot_0.target_detector]: RGB HEARTBEAT frames_total=70 recent_rate_hz=1.031 last_frame_age_s=0.807 status=OK
[color_detector-27] [INFO] [1789488390.833746027] [robot_1.target_detector]: RGB HEARTBEAT frames_total=70 recent_rate_hz=1.031 last_frame_age_s=0.942 status=OK
[color_detector-29] [INFO] [1789488390.850297060] [robot_2.target_detector]: RGB HEARTBEAT frames_total=70 recent_rate_hz=1.033 last_frame_age_s=0.816 status=OK
[balanced_delivery_supervisor-20] [INFO] [1789488390.872288083] [robot_1.robot_supervisor]: Selected controllable event: EV_move_forward
[balanced_delivery_supervisor-22] [INFO] [1789488391.013455335] [robot_2.robot_supervisor]: Triggered uncontrollable event: EV_zone_a_reached
[balanced_delivery_supervisor-22] [INFO] [1789488391.017627872] [robot_2.robot_supervisor]: Selected controllable event: EV_move_forward
[balanced_delivery_supervisor-20] [INFO] [1789488391.174693589] [robot_1.robot_supervisor]: Triggered uncontrollable event: EV_zone_b_visible
[balanced_delivery_supervisor-20] [INFO] [1789488391.182152997] [robot_1.robot_supervisor]: Triggered uncontrollable event: EV_zone_a_not_visible
[balanced_delivery_supervisor-20] [INFO] [1789488391.184467128] [robot_1.robot_supervisor]: Selected controllable event: EV_move_forward
[balanced_delivery_supervisor-24] [INFO] [1789488391.206995783] [robot_0.robot_supervisor]: FULL ROTATE completed by timeout
[balanced_delivery_supervisor-22] [INFO] [1789488391.303714414] [robot_2.robot_supervisor]: Triggered uncontrollable event: EV_zone_b_not_visible
[balanced_delivery_supervisor-22] [INFO] [1789488391.304926841] [robot_2.robot_supervisor]: Selected controllable event: EV_search_zone
[balanced_delivery_supervisor-24] [INFO] [1789488391.426058549] [robot_0.robot_supervisor]: Triggered uncontrollable event: EV_zone_a_visible
[balanced_delivery_supervisor-24] [INFO] [1789488391.426947257] [robot_0.robot_supervisor]: Triggered uncontrollable event: EV_zone_b_visible
[balanced_delivery_supervisor-24] [INFO] [1789488391.455240313] [robot_0.robot_supervisor]: Selected controllable event: EV_approach_zone
[balanced_delivery_supervisor-20] [INFO] [1789488391.460407730] [robot_1.robot_supervisor]: Selected controllable event: EV_move_forward
[balanced_delivery_supervisor-22] [INFO] [1789488391.489467068] [robot_2.robot_supervisor]: Selected controllable event: EV_search_zone
[balanced_delivery_supervisor-20] [INFO] [1789488391.683482526] [robot_1.robot_supervisor]: Selected controllable event: EV_move_forward
[balanced_delivery_supervisor-24] [INFO] [1789488391.709446061] [robot_0.robot_supervisor]: Selected controllable event: EV_move_forward
[balanced_delivery_supervisor-22] [INFO] [1789488391.713515327] [robot_2.robot_supervisor]: Selected controllable event: EV_move_forward
[balanced_delivery_supervisor-20] [INFO] [1789488391.983397934] [robot_1.robot_supervisor]: Triggered uncontrollable event: EV_zone_b_visible
[balanced_delivery_supervisor-20] [INFO] [1789488391.984315174] [robot_1.robot_supervisor]: Triggered uncontrollable event: EV_zone_a_not_visible
[balanced_delivery_supervisor-20] [INFO] [1789488391.995066554] [robot_1.robot_supervisor]: Selected controllable event: EV_approach_zone
[balanced_delivery_supervisor-22] [INFO] [1789488391.999814136] [robot_2.robot_supervisor]: Selected controllable event: EV_move_forward
[balanced_delivery_supervisor-24] [INFO] [1789488392.016302620] [robot_0.robot_supervisor]: Selected controllable event: EV_approach_zone
[balanced_delivery_supervisor-20] [INFO] [1789488392.292278898] [robot_1.robot_supervisor]: Selected controllable event: EV_move_forward
[balanced_delivery_supervisor-24] [INFO] [1789488392.298492061] [robot_0.robot_supervisor]: Triggered uncontrollable event: EV_zone_a_visible
[balanced_delivery_supervisor-24] [INFO] [1789488392.299384186] [robot_0.robot_supervisor]: Triggered uncontrollable event: EV_zone_b_visible
[balanced_delivery_supervisor-22] [INFO] [1789488392.300121879] [robot_2.robot_supervisor]: Triggered uncontrollable event: EV_zone_b_not_visible
[balanced_delivery_supervisor-22] [INFO] [1789488392.301090395] [robot_2.robot_supervisor]: Triggered uncontrollable event: EV_zone_a_reached
[balanced_delivery_supervisor-24] [INFO] [1789488392.309798825] [robot_0.robot_supervisor]: Selected controllable event: EV_approach_zone
[balanced_delivery_supervisor-22] [INFO] [1789488392.309860101] [robot_2.robot_supervisor]: Selected controllable event: EV_move_forward
[balanced_delivery_supervisor-20] [INFO] [1789488392.567310799] [robot_1.robot_supervisor]: Selected controllable event: EV_move_forward
[balanced_delivery_supervisor-24] [INFO] [1789488392.585650298] [robot_0.robot_supervisor]: Selected controllable event: EV_approach_zone
[balanced_delivery_supervisor-22] [INFO] [1789488392.598392710] [robot_2.robot_supervisor]: Selected controllable event: EV_move_forward
[balanced_delivery_supervisor-24] [INFO] [1789488392.810725397] [robot_0.robot_supervisor]: Selected controllable event: EV_approach_zone
[balanced_delivery_supervisor-20] [INFO] [1789488392.881749365] [robot_1.robot_supervisor]: Selected controllable event: EV_move_forward
[balanced_delivery_supervisor-22] [INFO] [1789488392.904140063] [robot_2.robot_supervisor]: Selected controllable event: EV_move_forward
[balanced_delivery_supervisor-24] [INFO] [1789488393.082656957] [robot_0.robot_supervisor]: Selected controllable event: EV_approach_zone
[balanced_delivery_supervisor-22] [INFO] [1789488393.112182073] [robot_2.robot_supervisor]: Triggered uncontrollable event: EV_zone_b_not_visible
[balanced_delivery_supervisor-22] [INFO] [1789488393.112966957] [robot_2.robot_supervisor]: Triggered uncontrollable event: EV_zone_a_reached
[balanced_delivery_supervisor-22] [INFO] [1789488393.126997792] [robot_2.robot_supervisor]: Selected controllable event: EV_search_zone
[balanced_delivery_supervisor-20] [INFO] [1789488393.179637781] [robot_1.robot_supervisor]: Triggered uncontrollable event: EV_zone_b_visible
[balanced_delivery_supervisor-20] [INFO] [1789488393.186320073] [robot_1.robot_supervisor]: Triggered uncontrollable event: EV_zone_a_not_visible
[balanced_delivery_supervisor-20] [INFO] [1789488393.194717766] [robot_1.robot_supervisor]: Selected controllable event: EV_move_forward
[balanced_delivery_supervisor-22] [INFO] [1789488393.283490235] [robot_2.robot_supervisor]: Selected controllable event: EV_move_forward
[balanced_delivery_supervisor-24] [INFO] [1789488393.289791587] [robot_0.robot_supervisor]: Triggered uncontrollable event: EV_zone_a_visible
[balanced_delivery_supervisor-24] [INFO] [1789488393.302819313] [robot_0.robot_supervisor]: Triggered uncontrollable event: EV_zone_b_visible
[balanced_delivery_supervisor-24] [INFO] [1789488393.303918032] [robot_0.robot_supervisor]: Selected controllable event: EV_move_forward
[balanced_delivery_supervisor-20] [INFO] [1789488393.464887651] [robot_1.robot_supervisor]: Selected controllable event: EV_approach_zone
[balanced_delivery_supervisor-22] [INFO] [1789488393.488965362] [robot_2.robot_supervisor]: Selected controllable event: EV_search_zone
[balanced_delivery_supervisor-24] [INFO] [1789488393.610685317] [robot_0.robot_supervisor]: Selected controllable event: EV_approach_zone
[balanced_delivery_supervisor-20] [INFO] [1789488393.681213487] [robot_1.robot_supervisor]: Selected controllable event: EV_approach_zone
[balanced_delivery_supervisor-22] [INFO] [1789488393.697974198] [robot_2.robot_supervisor]: Selected controllable event: EV_move_forward
[balanced_delivery_supervisor-20] [INFO] [1789488393.884820142] [robot_1.robot_supervisor]: Selected controllable event: EV_approach_zone
[balanced_delivery_supervisor-22] [INFO] [1789488393.904106320] [robot_2.robot_supervisor]: Selected controllable event: EV_search_zone
[balanced_delivery_supervisor-24] [INFO] [1789488393.925644482] [robot_0.robot_supervisor]: Selected controllable event: EV_move_forward
[balanced_delivery_supervisor-22] [INFO] [1789488394.094782383] [robot_2.robot_supervisor]: Triggered uncontrollable event: EV_zone_a_reached
[balanced_delivery_supervisor-22] [INFO] [1789488394.103371287] [robot_2.robot_supervisor]: Selected controllable event: EV_search_zone
[balanced_delivery_supervisor-20] [INFO] [1789488394.178740151] [robot_1.robot_supervisor]: Triggered uncontrollable event: EV_zone_b_visible
[balanced_delivery_supervisor-20] [INFO] [1789488394.179635322] [robot_1.robot_supervisor]: Triggered uncontrollable event: EV_zone_a_not_visible
[balanced_delivery_supervisor-24] [INFO] [1789488394.182638502] [robot_0.robot_supervisor]: Triggered uncontrollable event: EV_zone_a_visible
[balanced_delivery_supervisor-24] [INFO] [1789488394.183455767] [robot_0.robot_supervisor]: Triggered uncontrollable event: EV_zone_b_not_visible
[balanced_delivery_supervisor-20] [INFO] [1789488394.201924747] [robot_1.robot_supervisor]: Selected controllable event: EV_approach_zone
[balanced_delivery_supervisor-24] [INFO] [1789488394.204824119] [robot_0.robot_supervisor]: Selected controllable event: EV_move_forward
[balanced_delivery_supervisor-22] [INFO] [1789488394.300537496] [robot_2.robot_supervisor]: Triggered uncontrollable event: EV_zone_b_not_visible
[balanced_delivery_supervisor-22] [INFO] [1789488394.307647833] [robot_2.robot_supervisor]: Selected controllable event: EV_move_forward
[balanced_delivery_supervisor-20] [INFO] [1789488394.459502522] [robot_1.robot_supervisor]: Selected controllable event: EV_approach_zone
[balanced_delivery_supervisor-24] [INFO] [1789488394.485360675] [robot_0.robot_supervisor]: Selected controllable event: EV_approach_zone
[balanced_delivery_supervisor-22] [INFO] [1789488394.540694516] [robot_2.robot_supervisor]: Selected controllable event: EV_move_forward
[balanced_delivery_supervisor-20] [INFO] [1789488394.688435181] [robot_1.robot_supervisor]: Selected controllable event: EV_approach_zone
[balanced_delivery_supervisor-24] [INFO] [1789488394.807235821] [robot_0.robot_supervisor]: Selected controllable event: EV_approach_zone
[balanced_delivery_supervisor-22] [INFO] [1789488394.825343337] [robot_2.robot_supervisor]: Selected controllable event: EV_move_forward
[balanced_delivery_supervisor-20] [INFO] [1789488394.987744697] [robot_1.robot_supervisor]: Triggered uncontrollable event: EV_zone_a_not_visible
[balanced_delivery_supervisor-20] [INFO] [1789488395.011726006] [robot_1.robot_supervisor]: Selected controllable event: EV_move_forward
[balanced_delivery_supervisor-22] [INFO] [1789488395.107272847] [robot_2.robot_supervisor]: Triggered uncontrollable event: EV_zone_a_reached
[balanced_delivery_supervisor-22] [INFO] [1789488395.108337427] [robot_2.robot_supervisor]: Selected controllable event: EV_move_forward
[balanced_delivery_supervisor-24] [INFO] [1789488395.114781370] [robot_0.robot_supervisor]: Selected controllable event: EV_approach_zone
[balanced_delivery_supervisor-20] [INFO] [1789488395.273167994] [robot_1.robot_supervisor]: Triggered uncontrollable event: EV_zone_b_visible
[balanced_delivery_supervisor-20] [INFO] [1789488395.282108504] [robot_1.robot_supervisor]: Selected controllable event: EV_move_forward
[balanced_delivery_supervisor-24] [INFO] [1789488395.408499723] [robot_0.robot_supervisor]: Triggered uncontrollable event: EV_zone_a_visible
[balanced_delivery_supervisor-24] [INFO] [1789488395.410134250] [robot_0.robot_supervisor]: Triggered uncontrollable event: EV_zone_b_not_visible
[balanced_delivery_supervisor-22] [INFO] [1789488395.409018471] [robot_2.robot_supervisor]: Triggered uncontrollable event: EV_zone_b_not_visible
[balanced_delivery_supervisor-22] [INFO] [1789488395.417291353] [robot_2.robot_supervisor]: Selected controllable event: EV_move_forward
[balanced_delivery_supervisor-24] [INFO] [1789488395.426450672] [robot_0.robot_supervisor]: Selected controllable event: EV_approach_zone
[balanced_delivery_supervisor-20] [INFO] [1789488395.578493303] [robot_1.robot_supervisor]: Selected controllable event: EV_approach_zone
[balanced_delivery_supervisor-24] [INFO] [1789488395.689385231] [robot_0.robot_supervisor]: Selected controllable event: EV_approach_zone
[balanced_delivery_supervisor-22] [INFO] [1789488395.709155080] [robot_2.robot_supervisor]: Selected controllable event: EV_move_forward
[balanced_delivery_supervisor-20] [INFO] [1789488395.895231019] [robot_1.robot_supervisor]: Selected controllable event: EV_move_forward
[balanced_delivery_supervisor-22] [INFO] [1789488395.998756346] [robot_2.robot_supervisor]: Selected controllable event: EV_search_zone
[balanced_delivery_supervisor-24] [INFO] [1789488396.002316195] [robot_0.robot_supervisor]: Selected controllable event: EV_approach_zone
[balanced_delivery_supervisor-20] [INFO] [1789488396.160114025] [robot_1.robot_supervisor]: Triggered uncontrollable event: EV_zone_b_visible
[balanced_delivery_supervisor-20] [INFO] [1789488396.177230449] [robot_1.robot_supervisor]: Triggered uncontrollable event: EV_zone_a_not_visible
[balanced_delivery_supervisor-20] [INFO] [1789488396.178390231] [robot_1.robot_supervisor]: Selected controllable event: EV_move_forward
[balanced_delivery_supervisor-22] [INFO] [1789488396.182568824] [robot_2.robot_supervisor]: Triggered uncontrollable event: EV_zone_b_not_visible
[balanced_delivery_supervisor-22] [INFO] [1789488396.193173968] [robot_2.robot_supervisor]: Triggered uncontrollable event: EV_zone_a_reached
[balanced_delivery_supervisor-22] [INFO] [1789488396.194346010] [robot_2.robot_supervisor]: Selected controllable event: EV_search_zone
[balanced_delivery_supervisor-24] [INFO] [1789488396.212361435] [robot_0.robot_supervisor]: Triggered uncontrollable event: EV_zone_a_visible
[balanced_delivery_supervisor-24] [INFO] [1789488396.223811093] [robot_0.robot_supervisor]: Triggered uncontrollable event: EV_zone_b_not_visible
[balanced_delivery_supervisor-24] [INFO] [1789488396.233271927] [robot_0.robot_supervisor]: Selected controllable event: EV_move_forward
[balanced_delivery_supervisor-22] [INFO] [1789488396.387954439] [robot_2.robot_supervisor]: Selected controllable event: EV_search_zone
[balanced_delivery_supervisor-20] [INFO] [1789488396.489992544] [robot_1.robot_supervisor]: Selected controllable event: EV_move_forward
[balanced_delivery_supervisor-24] [INFO] [1789488396.498461266] [robot_0.robot_supervisor]: Selected controllable event: EV_approach_zone
[balanced_delivery_supervisor-22] [INFO] [1789488396.514287503] [robot_2.robot_supervisor]: Selected controllable event: EV_move_forward
[balanced_delivery_supervisor-20] [INFO] [1789488396.789407227] [robot_1.robot_supervisor]: Selected controllable event: EV_move_forward
[balanced_delivery_supervisor-22] [INFO] [1789488396.792507881] [robot_2.robot_supervisor]: Selected controllable event: EV_move_forward
[balanced_delivery_supervisor-24] [INFO] [1789488396.817812505] [robot_0.robot_supervisor]: Selected controllable event: EV_approach_zone
[balanced_delivery_supervisor-20] [INFO] [1789488397.074267229] [robot_1.robot_supervisor]: Selected controllable event: EV_approach_zone
[balanced_delivery_supervisor-24] [INFO] [1789488397.110753399] [robot_0.robot_supervisor]: Selected controllable event: EV_approach_zone
[balanced_delivery_supervisor-22] [INFO] [1789488397.117513393] [robot_2.robot_supervisor]: Selected controllable event: EV_search_zone
[balanced_delivery_supervisor-22] [INFO] [1789488397.282332900] [robot_2.robot_supervisor]: Triggered uncontrollable event: EV_zone_b_not_visible
[balanced_delivery_supervisor-22] [INFO] [1789488397.298539940] [robot_2.robot_supervisor]: Triggered uncontrollable event: EV_zone_a_reached
[balanced_delivery_supervisor-22] [INFO] [1789488397.302934704] [robot_2.robot_supervisor]: Selected controllable event: EV_move_forward
[balanced_delivery_supervisor-20] [INFO] [1789488397.375461431] [robot_1.robot_supervisor]: Triggered uncontrollable event: EV_zone_a_not_visible
[balanced_delivery_supervisor-20] [INFO] [1789488397.376311935] [robot_1.robot_supervisor]: Triggered uncontrollable event: EV_zone_b_reached
[balanced_delivery_supervisor-24] [INFO] [1789488397.391775726] [robot_0.robot_supervisor]: Triggered uncontrollable event: EV_zone_b_not_visible
[balanced_delivery_supervisor-24] [INFO] [1789488397.392610133] [robot_0.robot_supervisor]: Triggered uncontrollable event: EV_zone_a_reached
[balanced_delivery_supervisor-20] [INFO] [1789488397.394649807] [robot_1.robot_supervisor]: Selected controllable event: EV_search_zone
[balanced_delivery_supervisor-24] [INFO] [1789488397.415981702] [robot_0.robot_supervisor]: Selected controllable event: EV_move_forward
[balanced_delivery_supervisor-20] [INFO] [1789488397.564603536] [robot_1.robot_supervisor]: Selected controllable event: EV_search_zone
[balanced_delivery_supervisor-22] [INFO] [1789488397.612833098] [robot_2.robot_supervisor]: Selected controllable event: EV_move_forward
[balanced_delivery_supervisor-20] [INFO] [1789488397.681480280] [robot_1.robot_supervisor]: Selected controllable event: EV_search_zone
[balanced_delivery_supervisor-24] [INFO] [1789488397.706808496] [robot_0.robot_supervisor]: Selected controllable event: EV_move_forward
[balanced_delivery_supervisor-20] [INFO] [1789488397.876742358] [robot_1.robot_supervisor]: Selected controllable event: EV_move_forward
[balanced_delivery_supervisor-22] [INFO] [1789488397.902696321] [robot_2.robot_supervisor]: Selected controllable event: EV_search_zone
[balanced_delivery_supervisor-24] [INFO] [1789488398.004804373] [robot_0.robot_supervisor]: Selected controllable event: EV_move_forward
[balanced_delivery_supervisor-22] [INFO] [1789488398.006515063] [robot_2.robot_supervisor]: Selected controllable event: EV_move_forward
[balanced_delivery_supervisor-20] [INFO] [1789488398.104677702] [robot_1.robot_supervisor]: Selected controllable event: EV_move_forward
[balanced_delivery_supervisor-24] [INFO] [1789488398.288416636] [robot_0.robot_supervisor]: Triggered uncontrollable event: EV_obstacle_front
[balanced_delivery_supervisor-24] [INFO] [1789488398.297470105] [robot_0.robot_supervisor]: Selected controllable event: EV_u_turn
[balanced_delivery_supervisor-24] [INFO] [1789488398.301308335] [robot_0.robot_supervisor]: Starting FULL ROTATE (omega=1.000, have_odom=True, target_rad=3.142, timeout_s=3.500)
[balanced_delivery_supervisor-22] [INFO] [1789488398.303653831] [robot_2.robot_supervisor]: Triggered uncontrollable event: EV_zone_a_reached
[balanced_delivery_supervisor-22] [INFO] [1789488398.324977594] [robot_2.robot_supervisor]: Selected controllable event: EV_search_zone
[balanced_delivery_supervisor-20] [INFO] [1789488398.364761751] [robot_1.robot_supervisor]: Triggered uncontrollable event: EV_zone_a_not_visible
[balanced_delivery_supervisor-20] [INFO] [1789488398.368195253] [robot_1.robot_supervisor]: Triggered uncontrollable event: EV_zone_b_reached
[balanced_delivery_supervisor-20] [INFO] [1789488398.372978908] [robot_1.robot_supervisor]: Triggered uncontrollable event: EV_obstacle_front
[balanced_delivery_supervisor-20] [INFO] [1789488398.384309138] [robot_1.robot_supervisor]: Selected controllable event: EV_rotate_clockwise
[balanced_delivery_supervisor-22] [INFO] [1789488398.483518757] [robot_2.robot_supervisor]: Triggered uncontrollable event: EV_zone_b_not_visible
[balanced_delivery_supervisor-22] [INFO] [1789488398.493423353] [robot_2.robot_supervisor]: Selected controllable event: EV_move_forward
[balanced_delivery_supervisor-20] [INFO] [1789488398.571547269] [robot_1.robot_supervisor]: Triggered uncontrollable event: EV_obstacle_front
[balanced_delivery_supervisor-20] [INFO] [1789488398.580321755] [robot_1.robot_supervisor]: Selected controllable event: EV_rotate_clockwise
[balanced_delivery_supervisor-20] [INFO] [1789488398.784976397] [robot_1.robot_supervisor]: Triggered uncontrollable event: EV_obstacle_front
[balanced_delivery_supervisor-20] [INFO] [1789488398.798190142] [robot_1.robot_supervisor]: Selected controllable event: EV_move_backward
[balanced_delivery_supervisor-22] [INFO] [1789488398.809011264] [robot_2.robot_supervisor]: Selected controllable event: EV_move_forward
[balanced_delivery_supervisor-22] [INFO] [1789488399.082447837] [robot_2.robot_supervisor]: Selected controllable event: EV_move_forward
[balanced_delivery_supervisor-20] [INFO] [1789488399.091756065] [robot_1.robot_supervisor]: Triggered uncontrollable event: EV_obstacle_left
[balanced_delivery_supervisor-20] [INFO] [1789488399.092843250] [robot_1.robot_supervisor]: Selected controllable event: EV_u_turn
[balanced_delivery_supervisor-20] [INFO] [1789488399.107137029] [robot_1.robot_supervisor]: Starting FULL ROTATE (omega=1.000, have_odom=True, target_rad=3.142, timeout_s=3.500)
[balanced_delivery_supervisor-22] [INFO] [1789488399.308529869] [robot_2.robot_supervisor]: Triggered uncontrollable event: EV_zone_a_not_visible
[balanced_delivery_supervisor-22] [INFO] [1789488399.316174841] [robot_2.robot_supervisor]: Triggered uncontrollable event: EV_zone_b_not_visible
[balanced_delivery_supervisor-22] [INFO] [1789488399.322207933] [robot_2.robot_supervisor]: Selected controllable event: EV_move_forward
[balanced_delivery_supervisor-22] [INFO] [1789488399.595878806] [robot_2.robot_supervisor]: Selected controllable event: EV_move_forward
[balanced_delivery_supervisor-22] [INFO] [1789488399.890932473] [robot_2.robot_supervisor]: Selected controllable event: EV_search_zone
[balanced_delivery_supervisor-22] [INFO] [1789488400.076224565] [robot_2.robot_supervisor]: Selected controllable event: EV_search_zone
[balanced_delivery_supervisor-22] [INFO] [1789488400.203865561] [robot_2.robot_supervisor]: Triggered uncontrollable event: EV_zone_a_not_visible
[balanced_delivery_supervisor-22] [INFO] [1789488400.218293583] [robot_2.robot_supervisor]: Selected controllable event: EV_move_forward
[balanced_delivery_supervisor-22] [INFO] [1789488400.484399340] [robot_2.robot_supervisor]: Triggered uncontrollable event: EV_zone_b_not_visible
[balanced_delivery_supervisor-22] [INFO] [1789488400.499302708] [robot_2.robot_supervisor]: Selected controllable event: EV_search_zone
[balanced_delivery_supervisor-22] [INFO] [1789488400.703490705] [robot_2.robot_supervisor]: Selected controllable event: EV_move_forward
[balanced_delivery_supervisor-22] [INFO] [1789488400.914092497] [robot_2.robot_supervisor]: Selected controllable event: EV_search_zone
[color_detector-27] [INFO] [1789488400.936816155] [robot_1.target_detector]: RGB HEARTBEAT frames_total=80 recent_rate_hz=0.990 last_frame_age_s=0.886 status=OK
[color_detector-31] [INFO] [1789488400.940249205] [robot_0.target_detector]: RGB HEARTBEAT frames_total=80 recent_rate_hz=0.988 last_frame_age_s=0.768 status=OK
[color_detector-29] [INFO] [1789488400.943746754] [robot_2.target_detector]: RGB HEARTBEAT frames_total=80 recent_rate_hz=0.986 last_frame_age_s=0.813 status=OK
[balanced_delivery_supervisor-22] [INFO] [1789488401.112317574] [robot_2.robot_supervisor]: Selected controllable event: EV_move_forward
[balanced_delivery_supervisor-22] [INFO] [1789488401.410626509] [robot_2.robot_supervisor]: Triggered uncontrollable event: EV_zone_a_not_visible
[balanced_delivery_supervisor-22] [INFO] [1789488401.411420706] [robot_2.robot_supervisor]: Triggered uncontrollable event: EV_zone_b_not_visible
[balanced_delivery_supervisor-22] [INFO] [1789488401.418501342] [robot_2.robot_supervisor]: Selected controllable event: EV_move_forward
[balanced_delivery_supervisor-22] [INFO] [1789488401.694509304] [robot_2.robot_supervisor]: Selected controllable event: EV_move_forward
[balanced_delivery_supervisor-24] [INFO] [1789488401.885061476] [robot_0.robot_supervisor]: FULL ROTATE completed by timeout
[balanced_delivery_supervisor-22] [INFO] [1789488401.910646008] [robot_2.robot_supervisor]: Selected controllable event: EV_search_zone
[balanced_delivery_supervisor-24] [INFO] [1789488402.105170980] [robot_0.robot_supervisor]: DELIVERED zone_a; balance=zone_a_has_extra
[balanced_delivery_supervisor-22] [INFO] [1789488402.108516542] [robot_2.robot_supervisor]: Selected controllable event: EV_move_forward
[balanced_delivery_supervisor-24] [INFO] [1789488402.123559780] [robot_0.robot_supervisor]: Triggered uncontrollable event: EV_zone_b_not_visible
[balanced_delivery_supervisor-24] [INFO] [1789488402.129994751] [robot_0.robot_supervisor]: Triggered uncontrollable event: EV_zone_a_reached
[balanced_delivery_supervisor-24] [INFO] [1789488402.131087882] [robot_0.robot_supervisor]: Selected controllable event: EV_drop_zone_a
[balanced_delivery_supervisor-20] [INFO] [1789488402.169562099] [robot_1.robot_supervisor]: RECEIVED zone_a; balance=zone_a_has_extra
[balanced_delivery_supervisor-22] [INFO] [1789488402.190102647] [robot_2.robot_supervisor]: RECEIVED zone_a; balance=zone_a_has_extra
[balanced_delivery_supervisor-24] [INFO] [1789488402.209476122] [robot_0.robot_supervisor]: Delivered cargo 'robot_0_carried_generic_box' removed.
[balanced_delivery_supervisor-24] [INFO] [1789488402.217761124] [robot_0.robot_supervisor]: Selected controllable event: EV_publish_delivered_zone_a
[balanced_delivery_supervisor-24] [INFO] [1789488402.303704052] [robot_0.robot_supervisor]: ############################# REACHED: EV_object_reached #############################
[balanced_delivery_supervisor-24] [INFO] [1789488402.305143586] [robot_0.robot_supervisor]: Selected controllable event: EV_pick_up_object
[balanced_delivery_supervisor-24] [INFO] [1789488402.376619258] [robot_0.robot_supervisor]: Cargo 'robot_0_carried_generic_box' placed on robot.
[balanced_delivery_supervisor-22] [INFO] [1789488402.399284069] [robot_2.robot_supervisor]: Triggered uncontrollable event: EV_zone_a_not_visible
[balanced_delivery_supervisor-22] [INFO] [1789488402.400209638] [robot_2.robot_supervisor]: Triggered uncontrollable event: EV_received_delivered_zone_a
[balanced_delivery_supervisor-22] [INFO] [1789488402.401061468] [robot_2.robot_supervisor]: Triggered uncontrollable event: EV_zone_b_not_visible
[balanced_delivery_supervisor-22] [INFO] [1789488402.419166960] [robot_2.robot_supervisor]: Selected controllable event: EV_move_forward
[balanced_delivery_supervisor-24] [INFO] [1789488402.592213789] [robot_0.robot_supervisor]: Triggered uncontrollable event: EV_zone_b_not_visible
[balanced_delivery_supervisor-24] [INFO] [1789488402.598863972] [robot_0.robot_supervisor]: Selected controllable event: EV_move_forward
[balanced_delivery_supervisor-20] [INFO] [1789488402.666315213] [robot_1.robot_supervisor]: FULL ROTATE completed by timeout
[balanced_delivery_supervisor-22] [INFO] [1789488402.719434738] [robot_2.robot_supervisor]: Selected controllable event: EV_move_forward
[balanced_delivery_supervisor-24] [INFO] [1789488402.813257180] [robot_0.robot_supervisor]: Selected controllable event: EV_move_forward
[balanced_delivery_supervisor-20] [INFO] [1789488402.876088169] [robot_1.robot_supervisor]: Triggered uncontrollable event: EV_zone_a_not_visible
[balanced_delivery_supervisor-20] [INFO] [1789488402.889053584] [robot_1.robot_supervisor]: Triggered uncontrollable event: EV_received_delivered_zone_a
[balanced_delivery_supervisor-20] [INFO] [1789488402.894780520] [robot_1.robot_supervisor]: Triggered uncontrollable event: EV_zone_b_reached
[balanced_delivery_supervisor-20] [INFO] [1789488402.902942283] [robot_1.robot_supervisor]: Selected controllable event: EV_move_forward
[balanced_delivery_supervisor-22] [INFO] [1789488402.994244842] [robot_2.robot_supervisor]: Selected controllable event: EV_move_forward
[balanced_delivery_supervisor-24] [INFO] [1789488403.095872651] [robot_0.robot_supervisor]: Selected controllable event: EV_search_zone
[balanced_delivery_supervisor-20] [INFO] [1789488403.165491719] [robot_1.robot_supervisor]: Selected controllable event: EV_move_forward
[balanced_delivery_supervisor-24] [INFO] [1789488403.203447082] [robot_0.robot_supervisor]: Selected controllable event: EV_move_forward
[balanced_delivery_supervisor-22] [INFO] [1789488403.309034693] [robot_2.robot_supervisor]: Selected controllable event: EV_move_forward
[balanced_delivery_supervisor-20] [INFO] [1789488403.391757989] [robot_1.robot_supervisor]: Triggered uncontrollable event: EV_zone_a_not_visible
[balanced_delivery_supervisor-20] [INFO] [1789488403.400652764] [robot_1.robot_supervisor]: Triggered uncontrollable event: EV_zone_b_reached
[balanced_delivery_supervisor-20] [INFO] [1789488403.406169884] [robot_1.robot_supervisor]: Selected controllable event: EV_search_zone
[balanced_delivery_supervisor-24] [INFO] [1789488403.412688207] [robot_0.robot_supervisor]: Selected controllable event: EV_search_zone
[balanced_delivery_supervisor-20] [INFO] [1789488403.579288817] [robot_1.robot_supervisor]: Selected controllable event: EV_search_zone
[balanced_delivery_supervisor-24] [INFO] [1789488403.589665080] [robot_0.robot_supervisor]: Triggered uncontrollable event: EV_zone_b_not_visible
[balanced_delivery_supervisor-24] [INFO] [1789488403.590487125] [robot_0.robot_supervisor]: Triggered uncontrollable event: EV_zone_a_reached
[balanced_delivery_supervisor-22] [INFO] [1789488403.594286328] [robot_2.robot_supervisor]: Triggered uncontrollable event: EV_zone_a_not_visible
[balanced_delivery_supervisor-24] [INFO] [1789488403.611359100] [robot_0.robot_supervisor]: Selected controllable event: EV_search_zone
[balanced_delivery_supervisor-22] [INFO] [1789488403.615510407] [robot_2.robot_supervisor]: Triggered uncontrollable event: EV_zone_b_not_visible
[balanced_delivery_supervisor-22] [INFO] [1789488403.616577735] [robot_2.robot_supervisor]: Selected controllable event: EV_search_zone
[balanced_delivery_supervisor-20] [INFO] [1789488403.774094685] [robot_1.robot_supervisor]: Selected controllable event: EV_move_forward
[balanced_delivery_supervisor-24] [INFO] [1789488403.775468649] [robot_0.robot_supervisor]: Selected controllable event: EV_search_zone
[balanced_delivery_supervisor-22] [INFO] [1789488403.784000090] [robot_2.robot_supervisor]: Selected controllable event: EV_search_zone
[balanced_delivery_supervisor-24] [INFO] [1789488403.900360861] [robot_0.robot_supervisor]: Selected controllable event: EV_search_zone
[balanced_delivery_supervisor-22] [INFO] [1789488403.985541597] [robot_2.robot_supervisor]: Selected controllable event: EV_move_forward
[balanced_delivery_supervisor-20] [INFO] [1789488404.067256958] [robot_1.robot_supervisor]: Selected controllable event: EV_search_zone
[balanced_delivery_supervisor-24] [INFO] [1789488404.090531147] [robot_0.robot_supervisor]: Selected controllable event: EV_search_zone
[balanced_delivery_supervisor-20] [INFO] [1789488404.172473931] [robot_1.robot_supervisor]: Selected controllable event: EV_search_zone
[balanced_delivery_supervisor-22] [INFO] [1789488404.214558983] [robot_2.robot_supervisor]: Selected controllable event: EV_move_forward
[balanced_delivery_supervisor-24] [INFO] [1789488404.279487740] [robot_0.robot_supervisor]: Selected controllable event: EV_move_forward
[balanced_delivery_supervisor-20] [INFO] [1789488404.347732516] [robot_1.robot_supervisor]: Triggered uncontrollable event: EV_zone_a_not_visible
[balanced_delivery_supervisor-20] [INFO] [1789488404.365532186] [robot_1.robot_supervisor]: Selected controllable event: EV_move_forward
[balanced_delivery_supervisor-22] [INFO] [1789488404.474802729] [robot_2.robot_supervisor]: Triggered uncontrollable event: EV_zone_a_not_visible
[balanced_delivery_supervisor-22] [INFO] [1789488404.484127888] [robot_2.robot_supervisor]: Triggered uncontrollable event: EV_zone_b_not_visible
[balanced_delivery_supervisor-22] [INFO] [1789488404.490051187] [robot_2.robot_supervisor]: Selected controllable event: EV_move_forward
[balanced_delivery_supervisor-24] [INFO] [1789488404.585678204] [robot_0.robot_supervisor]: Triggered uncontrollable event: EV_zone_b_not_visible
[balanced_delivery_supervisor-20] [INFO] [1789488404.593457251] [robot_1.robot_supervisor]: Triggered uncontrollable event: EV_zone_b_reached
[balanced_delivery_supervisor-24] [INFO] [1789488404.597488034] [robot_0.robot_supervisor]: Triggered uncontrollable event: EV_zone_a_reached
[balanced_delivery_supervisor-24] [INFO] [1789488404.604204032] [robot_0.robot_supervisor]: Selected controllable event: EV_move_forward
[balanced_delivery_supervisor-20] [INFO] [1789488404.608713217] [robot_1.robot_supervisor]: Selected controllable event: EV_search_zone
[balanced_delivery_supervisor-20] [INFO] [1789488404.771372825] [robot_1.robot_supervisor]: Selected controllable event: EV_search_zone
[balanced_delivery_supervisor-24] [INFO] [1789488404.815732193] [robot_0.robot_supervisor]: Selected controllable event: EV_move_forward
[balanced_delivery_supervisor-22] [INFO] [1789488404.818910586] [robot_2.robot_supervisor]: Selected controllable event: EV_search_zone
[balanced_delivery_supervisor-20] [INFO] [1789488404.898925193] [robot_1.robot_supervisor]: Selected controllable event: EV_move_forward
[balanced_delivery_supervisor-22] [INFO] [1789488404.995297126] [robot_2.robot_supervisor]: Selected controllable event: EV_move_forward
[balanced_delivery_supervisor-24] [INFO] [1789488405.086892118] [robot_0.robot_supervisor]: Selected controllable event: EV_search_zone
[balanced_delivery_supervisor-20] [INFO] [1789488405.161402223] [robot_1.robot_supervisor]: Selected controllable event: EV_search_zone
[balanced_delivery_supervisor-24] [INFO] [1789488405.209122032] [robot_0.robot_supervisor]: Selected controllable event: EV_move_forward
[balanced_delivery_supervisor-22] [INFO] [1789488405.299681481] [robot_2.robot_supervisor]: Selected controllable event: EV_search_zone
[balanced_delivery_supervisor-20] [INFO] [1789488405.376269611] [robot_1.robot_supervisor]: Triggered uncontrollable event: EV_zone_a_not_visible
[balanced_delivery_supervisor-20] [INFO] [1789488405.389705973] [robot_1.robot_supervisor]: Selected controllable event: EV_move_forward
[balanced_delivery_supervisor-22] [INFO] [1789488405.426537688] [robot_2.robot_supervisor]: Triggered uncontrollable event: EV_zone_a_not_visible
[balanced_delivery_supervisor-22] [INFO] [1789488405.427600603] [robot_2.robot_supervisor]: Selected controllable event: EV_search_zone
[balanced_delivery_supervisor-24] [INFO] [1789488405.496099235] [robot_0.robot_supervisor]: Triggered uncontrollable event: EV_zone_a_reached
[balanced_delivery_supervisor-24] [INFO] [1789488405.507386473] [robot_0.robot_supervisor]: Selected controllable event: EV_move_forward
[balanced_delivery_supervisor-22] [INFO] [1789488405.629861108] [robot_2.robot_supervisor]: Triggered uncontrollable event: EV_zone_b_not_visible
[balanced_delivery_supervisor-22] [INFO] [1789488405.641764508] [robot_2.robot_supervisor]: Selected controllable event: EV_move_forward
[balanced_delivery_supervisor-20] [INFO] [1789488405.661168683] [robot_1.robot_supervisor]: Triggered uncontrollable event: EV_zone_b_reached
[balanced_delivery_supervisor-20] [INFO] [1789488405.662416355] [robot_1.robot_supervisor]: Selected controllable event: EV_move_forward
[balanced_delivery_supervisor-24] [INFO] [1789488405.809804253] [robot_0.robot_supervisor]: Triggered uncontrollable event: EV_zone_b_not_visible
[balanced_delivery_supervisor-24] [INFO] [1789488405.813181488] [robot_0.robot_supervisor]: Selected controllable event: EV_search_zone
[balanced_delivery_supervisor-20] [INFO] [1789488405.881570327] [robot_1.robot_supervisor]: Selected controllable event: EV_move_forward
[balanced_delivery_supervisor-22] [INFO] [1789488405.901426550] [robot_2.robot_supervisor]: Selected controllable event: EV_move_forward
[balanced_delivery_supervisor-24] [INFO] [1789488406.011630783] [robot_0.robot_supervisor]: Selected controllable event: EV_move_forward
[balanced_delivery_supervisor-20] [INFO] [1789488406.098650401] [robot_1.robot_supervisor]: Selected controllable event: EV_search_zone
[balanced_delivery_supervisor-22] [INFO] [1789488406.187394988] [robot_2.robot_supervisor]: Selected controllable event: EV_search_zone
[balanced_delivery_supervisor-20] [INFO] [1789488406.290952530] [robot_1.robot_supervisor]: Selected controllable event: EV_search_zone
[balanced_delivery_supervisor-24] [INFO] [1789488406.314791384] [robot_0.robot_supervisor]: Selected controllable event: EV_search_zone
[balanced_delivery_supervisor-22] [INFO] [1789488406.392366892] [robot_2.robot_supervisor]: Selected controllable event: EV_move_forward
[balanced_delivery_supervisor-20] [INFO] [1789488406.482195536] [robot_1.robot_supervisor]: Triggered uncontrollable event: EV_zone_a_not_visible
[balanced_delivery_supervisor-20] [INFO] [1789488406.483519575] [robot_1.robot_supervisor]: Triggered uncontrollable event: EV_zone_b_reached
[balanced_delivery_supervisor-20] [INFO] [1789488406.484650307] [robot_1.robot_supervisor]: Selected controllable event: EV_move_forward
[balanced_delivery_supervisor-24] [INFO] [1789488406.510721165] [robot_0.robot_supervisor]: Triggered uncontrollable event: EV_zone_a_reached
[balanced_delivery_supervisor-24] [INFO] [1789488406.511707298] [robot_0.robot_supervisor]: Selected controllable event: EV_search_zone
[balanced_delivery_supervisor-22] [INFO] [1789488406.608044868] [robot_2.robot_supervisor]: Triggered uncontrollable event: EV_zone_a_not_visible
[balanced_delivery_supervisor-22] [INFO] [1789488406.621001708] [robot_2.robot_supervisor]: Triggered uncontrollable event: EV_zone_b_not_visible
[balanced_delivery_supervisor-22] [INFO] [1789488406.622297556] [robot_2.robot_supervisor]: Selected controllable event: EV_move_forward
[balanced_delivery_supervisor-24] [INFO] [1789488406.713667210] [robot_0.robot_supervisor]: Triggered uncontrollable event: EV_zone_b_not_visible
[balanced_delivery_supervisor-24] [INFO] [1789488406.721307504] [robot_0.robot_supervisor]: Selected controllable event: EV_move_forward
[balanced_delivery_supervisor-20] [INFO] [1789488406.756271215] [robot_1.robot_supervisor]: Selected controllable event: EV_move_forward
[balanced_delivery_supervisor-22] [INFO] [1789488406.883530672] [robot_2.robot_supervisor]: Selected controllable event: EV_move_forward
[balanced_delivery_supervisor-20] [INFO] [1789488406.984339011] [robot_1.robot_supervisor]: Selected controllable event: EV_search_zone
[balanced_delivery_supervisor-24] [INFO] [1789488407.013105759] [robot_0.robot_supervisor]: Selected controllable event: EV_search_zone
[balanced_delivery_supervisor-22] [INFO] [1789488407.121264262] [robot_2.robot_supervisor]: Selected controllable event: EV_move_forward
[balanced_delivery_supervisor-20] [INFO] [1789488407.178232091] [robot_1.robot_supervisor]: Selected controllable event: EV_search_zone
[balanced_delivery_supervisor-24] [INFO] [1789488407.212588622] [robot_0.robot_supervisor]: Selected controllable event: EV_search_zone
[balanced_delivery_supervisor-20] [INFO] [1789488407.298577523] [robot_1.robot_supervisor]: Selected controllable event: EV_move_forward
[balanced_delivery_supervisor-22] [INFO] [1789488407.383622917] [robot_2.robot_supervisor]: Selected controllable event: EV_search_zone
[balanced_delivery_supervisor-24] [INFO] [1789488407.402393378] [robot_0.robot_supervisor]: Selected controllable event: EV_search_zone
[balanced_delivery_supervisor-20] [INFO] [1789488407.587642066] [robot_1.robot_supervisor]: Triggered uncontrollable event: EV_zone_a_not_visible
[balanced_delivery_supervisor-20] [INFO] [1789488407.588502823] [robot_1.robot_supervisor]: Triggered uncontrollable event: EV_zone_b_reached
[balanced_delivery_supervisor-20] [INFO] [1789488407.589335722] [robot_1.robot_supervisor]: Triggered uncontrollable event: EV_obstacle_left
[balanced_delivery_supervisor-22] [INFO] [1789488407.595919352] [robot_2.robot_supervisor]: Triggered uncontrollable event: EV_zone_a_not_visible
[balanced_delivery_supervisor-24] [INFO] [1789488407.598718414] [robot_0.robot_supervisor]: Triggered uncontrollable event: EV_zone_a_reached
[balanced_delivery_supervisor-24] [INFO] [1789488407.604292584] [robot_0.robot_supervisor]: Selected controllable event: EV_search_zone
[balanced_delivery_supervisor-22] [INFO] [1789488407.600956306] [robot_2.robot_supervisor]: Triggered uncontrollable event: EV_obstacle_left
[balanced_delivery_supervisor-22] [INFO] [1789488407.606268724] [robot_2.robot_supervisor]: Selected controllable event: EV_u_turn
[balanced_delivery_supervisor-20] [INFO] [1789488407.605062281] [robot_1.robot_supervisor]: Selected controllable event: EV_u_turn
[balanced_delivery_supervisor-20] [INFO] [1789488407.606158442] [robot_1.robot_supervisor]: Starting FULL ROTATE (omega=1.000, have_odom=True, target_rad=3.142, timeout_s=3.500)
[balanced_delivery_supervisor-22] [INFO] [1789488407.624290158] [robot_2.robot_supervisor]: Starting FULL ROTATE (omega=1.000, have_odom=True, target_rad=3.142, timeout_s=3.500)
[balanced_delivery_supervisor-24] [INFO] [1789488407.784865686] [robot_0.robot_supervisor]: Triggered uncontrollable event: EV_zone_b_not_visible
[balanced_delivery_supervisor-24] [INFO] [1789488407.805158549] [robot_0.robot_supervisor]: Selected controllable event: EV_search_zone
[balanced_delivery_supervisor-24] [INFO] [1789488408.018578318] [robot_0.robot_supervisor]: Selected controllable event: EV_search_zone
[balanced_delivery_supervisor-24] [INFO] [1789488408.202218377] [robot_0.robot_supervisor]: Selected controllable event: EV_move_forward
[balanced_delivery_supervisor-24] [INFO] [1789488408.505680421] [robot_0.robot_supervisor]: Selected controllable event: EV_move_forward
[balanced_delivery_supervisor-24] [INFO] [1789488408.720599377] [robot_0.robot_supervisor]: Triggered uncontrollable event: EV_zone_a_reached
[balanced_delivery_supervisor-24] [INFO] [1789488408.731906226] [robot_0.robot_supervisor]: Selected controllable event: EV_move_forward
[balanced_delivery_supervisor-24] [INFO] [1789488408.987806747] [robot_0.robot_supervisor]: Triggered uncontrollable event: EV_zone_b_not_visible
[balanced_delivery_supervisor-24] [INFO] [1789488408.995507569] [robot_0.robot_supervisor]: Selected controllable event: EV_search_zone
[balanced_delivery_supervisor-24] [INFO] [1789488409.117906100] [robot_0.robot_supervisor]: Selected controllable event: EV_search_zone
[balanced_delivery_supervisor-24] [INFO] [1789488409.289156757] [robot_0.robot_supervisor]: Selected controllable event: EV_search_zone
[balanced_delivery_supervisor-24] [INFO] [1789488409.500782318] [robot_0.robot_supervisor]: Selected controllable event: EV_move_forward
[balanced_delivery_supervisor-24] [INFO] [1789488409.792212703] [robot_0.robot_supervisor]: Triggered uncontrollable event: EV_zone_a_not_visible
[balanced_delivery_supervisor-24] [INFO] [1789488409.797517570] [robot_0.robot_supervisor]: Triggered uncontrollable event: EV_zone_b_not_visible
[balanced_delivery_supervisor-24] [INFO] [1789488409.810103042] [robot_0.robot_supervisor]: Selected controllable event: EV_search_zone
[balanced_delivery_supervisor-24] [INFO] [1789488409.923515754] [robot_0.robot_supervisor]: Selected controllable event: EV_move_forward
[balanced_delivery_supervisor-24] [INFO] [1789488410.214294283] [robot_0.robot_supervisor]: Selected controllable event: EV_move_forward
[balanced_delivery_supervisor-24] [INFO] [1789488410.509955525] [robot_0.robot_supervisor]: Selected controllable event: EV_search_zone
[balanced_delivery_supervisor-24] [INFO] [1789488410.703107985] [robot_0.robot_supervisor]: Triggered uncontrollable event: EV_zone_a_not_visible
[balanced_delivery_supervisor-24] [INFO] [1789488410.704143815] [robot_0.robot_supervisor]: Selected controllable event: EV_move_forward
[balanced_delivery_supervisor-24] [INFO] [1789488411.007108372] [robot_0.robot_supervisor]: Triggered uncontrollable event: EV_zone_b_not_visible
[balanced_delivery_supervisor-24] [INFO] [1789488411.008120445] [robot_0.robot_supervisor]: Selected controllable event: EV_move_forward
[color_detector-29] [INFO] [1789488411.148099056] [robot_2.target_detector]: RGB HEARTBEAT frames_total=90 recent_rate_hz=0.980 last_frame_age_s=0.644 status=OK
[color_detector-31] [INFO] [1789488411.154782511] [robot_0.target_detector]: RGB HEARTBEAT frames_total=90 recent_rate_hz=0.979 last_frame_age_s=0.564 status=OK
[balanced_delivery_supervisor-20] [INFO] [1789488411.164012539] [robot_1.robot_supervisor]: FULL ROTATE completed by timeout
[color_detector-27] [INFO] [1789488411.171972656] [robot_1.target_detector]: RGB HEARTBEAT frames_total=90 recent_rate_hz=0.977 last_frame_age_s=0.762 status=OK
[balanced_delivery_supervisor-22] [INFO] [1789488411.207018483] [robot_2.robot_supervisor]: FULL ROTATE completed by timeout
[balanced_delivery_supervisor-24] [INFO] [1789488411.307509514] [robot_0.robot_supervisor]: Selected controllable event: EV_move_forward
[balanced_delivery_supervisor-20] [INFO] [1789488411.480180943] [robot_1.robot_supervisor]: Triggered uncontrollable event: EV_zone_a_not_visible
[balanced_delivery_supervisor-20] [INFO] [1789488411.497525736] [robot_1.robot_supervisor]: Triggered uncontrollable event: EV_obstacle_right
[balanced_delivery_supervisor-20] [INFO] [1789488411.498366405] [robot_1.robot_supervisor]: Triggered uncontrollable event: EV_zone_b_reached
[balanced_delivery_supervisor-20] [INFO] [1789488411.499388942] [robot_1.robot_supervisor]: Selected controllable event: EV_u_turn
[balanced_delivery_supervisor-22] [INFO] [1789488411.504478637] [robot_2.robot_supervisor]: Triggered uncontrollable event: EV_zone_a_not_visible
[balanced_delivery_supervisor-22] [INFO] [1789488411.505332360] [robot_2.robot_supervisor]: Triggered uncontrollable event: EV_obstacle_right
[balanced_delivery_supervisor-22] [INFO] [1789488411.506056030] [robot_2.robot_supervisor]: Triggered uncontrollable event: EV_zone_b_not_visible
[balanced_delivery_supervisor-22] [INFO] [1789488411.521217259] [robot_2.robot_supervisor]: Selected controllable event: EV_u_turn
[balanced_delivery_supervisor-24] [INFO] [1789488411.580620664] [robot_0.robot_supervisor]: Triggered uncontrollable event: EV_zone_a_not_visible
[balanced_delivery_supervisor-24] [INFO] [1789488411.583681514] [robot_0.robot_supervisor]: Triggered uncontrollable event: EV_zone_b_not_visible
[balanced_delivery_supervisor-20] [INFO] [1789488411.585685813] [robot_1.robot_supervisor]: Triggered uncontrollable event: EV_obstacle_right
[balanced_delivery_supervisor-20] [INFO] [1789488411.586626257] [robot_1.robot_supervisor]: Selected controllable event: EV_u_turn
[balanced_delivery_supervisor-22] [INFO] [1789488411.589697222] [robot_2.robot_supervisor]: Triggered uncontrollable event: EV_obstacle_right
[balanced_delivery_supervisor-22] [INFO] [1789488411.590600970] [robot_2.robot_supervisor]: Selected controllable event: EV_u_turn
[balanced_delivery_supervisor-24] [INFO] [1789488411.600796509] [robot_0.robot_supervisor]: Selected controllable event: EV_search_zone
[balanced_delivery_supervisor-20] [INFO] [1789488411.652967852] [robot_1.robot_supervisor]: Triggered uncontrollable event: EV_obstacle_right
[balanced_delivery_supervisor-20] [INFO] [1789488411.676161206] [robot_1.robot_supervisor]: Selected controllable event: EV_u_turn
[balanced_delivery_supervisor-22] [INFO] [1789488411.699018370] [robot_2.robot_supervisor]: Triggered uncontrollable event: EV_obstacle_right
[balanced_delivery_supervisor-22] [INFO] [1789488411.707443618] [robot_2.robot_supervisor]: Selected controllable event: EV_rotate_counterclockwise
[balanced_delivery_supervisor-20] [INFO] [1789488411.771058110] [robot_1.robot_supervisor]: Triggered uncontrollable event: EV_obstacle_right
[balanced_delivery_supervisor-20] [INFO] [1789488411.790634243] [robot_1.robot_supervisor]: Selected controllable event: EV_u_turn
[balanced_delivery_supervisor-24] [INFO] [1789488411.794147403] [robot_0.robot_supervisor]: Selected controllable event: EV_search_zone
[balanced_delivery_supervisor-22] [INFO] [1789488411.813842615] [robot_2.robot_supervisor]: Triggered uncontrollable event: EV_obstacle_right
[balanced_delivery_supervisor-22] [INFO] [1789488411.834862534] [robot_2.robot_supervisor]: Selected controllable event: EV_u_turn
[balanced_delivery_supervisor-20] [INFO] [1789488411.884397997] [robot_1.robot_supervisor]: Triggered uncontrollable event: EV_obstacle_right
[balanced_delivery_supervisor-22] [INFO] [1789488411.906261526] [robot_2.robot_supervisor]: Triggered uncontrollable event: EV_obstacle_right
[balanced_delivery_supervisor-22] [INFO] [1789488411.907235452] [robot_2.robot_supervisor]: Selected controllable event: EV_u_turn
[balanced_delivery_supervisor-20] [INFO] [1789488411.909793115] [robot_1.robot_supervisor]: Selected controllable event: EV_rotate_counterclockwise
[balanced_delivery_supervisor-24] [INFO] [1789488411.989171974] [robot_0.robot_supervisor]: Selected controllable event: EV_search_zone
[balanced_delivery_supervisor-22] [INFO] [1789488412.008647337] [robot_2.robot_supervisor]: Triggered uncontrollable event: EV_obstacle_right
[balanced_delivery_supervisor-22] [INFO] [1789488412.009606869] [robot_2.robot_supervisor]: Selected controllable event: EV_u_turn
[balanced_delivery_supervisor-22] [INFO] [1789488412.083429744] [robot_2.robot_supervisor]: Triggered uncontrollable event: EV_obstacle_right
[balanced_delivery_supervisor-20] [INFO] [1789488412.089087441] [robot_1.robot_supervisor]: Triggered uncontrollable event: EV_obstacle_right
[balanced_delivery_supervisor-22] [INFO] [1789488412.099441513] [robot_2.robot_supervisor]: Selected controllable event: EV_rotate_counterclockwise
[balanced_delivery_supervisor-20] [INFO] [1789488412.104930309] [robot_1.robot_supervisor]: Selected controllable event: EV_rotate_counterclockwise
[balanced_delivery_supervisor-24] [INFO] [1789488412.176716440] [robot_0.robot_supervisor]: Selected controllable event: EV_search_zone
[balanced_delivery_supervisor-20] [INFO] [1789488412.281553805] [robot_1.robot_supervisor]: Triggered uncontrollable event: EV_obstacle_right
[balanced_delivery_supervisor-20] [INFO] [1789488412.282595049] [robot_1.robot_supervisor]: Selected controllable event: EV_rotate_counterclockwise
[balanced_delivery_supervisor-22] [INFO] [1789488412.301251007] [robot_2.robot_supervisor]: Triggered uncontrollable event: EV_obstacle_right
[balanced_delivery_supervisor-22] [INFO] [1789488412.317163443] [robot_2.robot_supervisor]: Selected controllable event: EV_u_turn
[balanced_delivery_supervisor-24] [INFO] [1789488412.320236715] [robot_0.robot_supervisor]: Selected controllable event: EV_move_forward
[balanced_delivery_supervisor-22] [INFO] [1789488412.417872957] [robot_2.robot_supervisor]: Triggered uncontrollable event: EV_obstacle_right
[balanced_delivery_supervisor-22] [INFO] [1789488412.434023716] [robot_2.robot_supervisor]: Selected controllable event: EV_u_turn
[balanced_delivery_supervisor-20] [INFO] [1789488412.485812241] [robot_1.robot_supervisor]: Triggered uncontrollable event: EV_zone_a_not_visible
[balanced_delivery_supervisor-20] [INFO] [1789488412.492074851] [robot_1.robot_supervisor]: Triggered uncontrollable event: EV_obstacle_right
[balanced_delivery_supervisor-20] [INFO] [1789488412.502778843] [robot_1.robot_supervisor]: Selected controllable event: EV_rotate_counterclockwise
[balanced_delivery_supervisor-22] [INFO] [1789488412.504451102] [robot_2.robot_supervisor]: Selected controllable event: EV_search_zone
[balanced_delivery_supervisor-24] [INFO] [1789488412.585690843] [robot_0.robot_supervisor]: Selected controllable event: EV_search_zone
[balanced_delivery_supervisor-20] [INFO] [1789488412.673394568] [robot_1.robot_supervisor]: Triggered uncontrollable event: EV_obstacle_right
[balanced_delivery_supervisor-20] [INFO] [1789488412.674152186] [robot_1.robot_supervisor]: Triggered uncontrollable event: EV_zone_b_reached
[balanced_delivery_supervisor-22] [INFO] [1789488412.678256572] [robot_2.robot_supervisor]: Triggered uncontrollable event: EV_zone_a_not_visible
[balanced_delivery_supervisor-22] [INFO] [1789488412.690484532] [robot_2.robot_supervisor]: Triggered uncontrollable event: EV_zone_b_not_visible
[balanced_delivery_supervisor-22] [INFO] [1789488412.691398056] [robot_2.robot_supervisor]: Selected controllable event: EV_search_zone
[balanced_delivery_supervisor-20] [INFO] [1789488412.695593280] [robot_1.robot_supervisor]: Selected controllable event: EV_u_turn
[balanced_delivery_supervisor-20] [INFO] [1789488412.770151379] [robot_1.robot_supervisor]: Triggered uncontrollable event: EV_obstacle_right
[balanced_delivery_supervisor-20] [INFO] [1789488412.771130270] [robot_1.robot_supervisor]: Selected controllable event: EV_rotate_counterclockwise
[balanced_delivery_supervisor-24] [INFO] [1789488412.800119763] [robot_0.robot_supervisor]: Triggered uncontrollable event: EV_zone_a_not_visible
[balanced_delivery_supervisor-24] [INFO] [1789488412.802375116] [robot_0.robot_supervisor]: Triggered uncontrollable event: EV_zone_b_not_visible
[balanced_delivery_supervisor-24] [INFO] [1789488412.807262861] [robot_0.robot_supervisor]: Selected controllable event: EV_move_forward
[balanced_delivery_supervisor-22] [INFO] [1789488412.810799053] [robot_2.robot_supervisor]: Selected controllable event: EV_search_zone
[balanced_delivery_supervisor-20] [INFO] [1789488412.880282506] [robot_1.robot_supervisor]: Triggered uncontrollable event: EV_obstacle_right
[balanced_delivery_supervisor-20] [INFO] [1789488412.881243316] [robot_1.robot_supervisor]: Selected controllable event: EV_u_turn
[balanced_delivery_supervisor-20] [INFO] [1789488412.951752188] [robot_1.robot_supervisor]: Triggered uncontrollable event: EV_obstacle_right
[balanced_delivery_supervisor-20] [INFO] [1789488412.952739885] [robot_1.robot_supervisor]: Selected controllable event: EV_rotate_counterclockwise
[balanced_delivery_supervisor-22] [INFO] [1789488412.990398339] [robot_2.robot_supervisor]: Selected controllable event: EV_move_forward
[balanced_delivery_supervisor-24] [INFO] [1789488413.085269312] [robot_0.robot_supervisor]: Selected controllable event: EV_move_forward
[balanced_delivery_supervisor-20] [INFO] [1789488413.167936161] [robot_1.robot_supervisor]: Triggered uncontrollable event: EV_obstacle_right
[balanced_delivery_supervisor-20] [INFO] [1789488413.183700717] [robot_1.robot_supervisor]: Selected controllable event: EV_u_turn
[balanced_delivery_supervisor-22] [INFO] [1789488413.216218752] [robot_2.robot_supervisor]: Selected controllable event: EV_move_forward
[balanced_delivery_supervisor-20] [INFO] [1789488413.274080687] [robot_1.robot_supervisor]: Triggered uncontrollable event: EV_obstacle_right
[balanced_delivery_supervisor-20] [INFO] [1789488413.275007856] [robot_1.robot_supervisor]: Selected controllable event: EV_rotate_counterclockwise
[balanced_delivery_supervisor-24] [INFO] [1789488413.326067536] [robot_0.robot_supervisor]: Selected controllable event: EV_search_zone
[balanced_delivery_supervisor-20] [INFO] [1789488413.453180951] [robot_1.robot_supervisor]: Triggered uncontrollable event: EV_zone_a_not_visible
[balanced_delivery_supervisor-20] [INFO] [1789488413.463912842] [robot_1.robot_supervisor]: Triggered uncontrollable event: EV_zone_b_reached
[balanced_delivery_supervisor-20] [INFO] [1789488413.464875965] [robot_1.robot_supervisor]: Selected controllable event: EV_search_zone
[balanced_delivery_supervisor-22] [INFO] [1789488413.503803571] [robot_2.robot_supervisor]: Triggered uncontrollable event: EV_zone_a_not_visible
[balanced_delivery_supervisor-22] [INFO] [1789488413.504675748] [robot_2.robot_supervisor]: Triggered uncontrollable event: EV_zone_b_not_visible
[balanced_delivery_supervisor-22] [INFO] [1789488413.505561681] [robot_2.robot_supervisor]: Selected controllable event: EV_search_zone
[balanced_delivery_supervisor-24] [INFO] [1789488413.510402816] [robot_0.robot_supervisor]: Selected controllable event: EV_search_zone
[balanced_delivery_supervisor-20] [INFO] [1789488413.676174264] [robot_1.robot_supervisor]: Selected controllable event: EV_search_zone
[balanced_delivery_supervisor-24] [INFO] [1789488413.684736332] [robot_0.robot_supervisor]: Triggered uncontrollable event: EV_zone_a_not_visible
[balanced_delivery_supervisor-24] [INFO] [1789488413.704619271] [robot_0.robot_supervisor]: Triggered uncontrollable event: EV_zone_b_not_visible
[balanced_delivery_supervisor-24] [INFO] [1789488413.705670916] [robot_0.robot_supervisor]: Selected controllable event: EV_search_zone
[balanced_delivery_supervisor-22] [INFO] [1789488413.709426270] [robot_2.robot_supervisor]: Selected controllable event: EV_search_zone
[balanced_delivery_supervisor-24] [INFO] [1789488413.836588792] [robot_0.robot_supervisor]: Selected controllable event: EV_move_forward
[balanced_delivery_supervisor-22] [INFO] [1789488413.870205023] [robot_2.robot_supervisor]: Selected controllable event: EV_search_zone
[balanced_delivery_supervisor-20] [INFO] [1789488413.880554622] [robot_1.robot_supervisor]: Selected controllable event: EV_move_forward
[balanced_delivery_supervisor-22] [INFO] [1789488413.995470030] [robot_2.robot_supervisor]: Selected controllable event: EV_move_forward
[balanced_delivery_supervisor-20] [INFO] [1789488414.084288390] [robot_1.robot_supervisor]: Selected controllable event: EV_search_zone
[balanced_delivery_supervisor-24] [INFO] [1789488414.113333175] [robot_0.robot_supervisor]: Selected controllable event: EV_move_forward
[balanced_delivery_supervisor-20] [INFO] [1789488414.198429554] [robot_1.robot_supervisor]: Selected controllable event: EV_search_zone
[balanced_delivery_supervisor-22] [INFO] [1789488414.282971348] [robot_2.robot_supervisor]: Selected controllable event: EV_move_forward
[balanced_delivery_supervisor-20] [INFO] [1789488414.386575169] [robot_1.robot_supervisor]: Triggered uncontrollable event: EV_zone_a_not_visible
[balanced_delivery_supervisor-20] [INFO] [1789488414.387335585] [robot_1.robot_supervisor]: Triggered uncontrollable event: EV_zone_b_reached
[balanced_delivery_supervisor-20] [INFO] [1789488414.388285904] [robot_1.robot_supervisor]: Selected controllable event: EV_search_zone
[balanced_delivery_supervisor-24] [INFO] [1789488414.397420601] [robot_0.robot_supervisor]: Selected controllable event: EV_search_zone
[balanced_delivery_supervisor-22] [INFO] [1789488414.502558389] [robot_2.robot_supervisor]: Triggered uncontrollable event: EV_zone_a_not_visible
[balanced_delivery_supervisor-22] [INFO] [1789488414.503496349] [robot_2.robot_supervisor]: Triggered uncontrollable event: EV_zone_b_not_visible
[balanced_delivery_supervisor-22] [INFO] [1789488414.504583517] [robot_2.robot_supervisor]: Selected controllable event: EV_search_zone
[balanced_delivery_supervisor-20] [INFO] [1789488414.565230211] [robot_1.robot_supervisor]: Selected controllable event: EV_move_forward
[balanced_delivery_supervisor-24] [INFO] [1789488414.609598565] [robot_0.robot_supervisor]: Triggered uncontrollable event: EV_zone_a_not_visible
[balanced_delivery_supervisor-24] [INFO] [1789488414.624131995] [robot_0.robot_supervisor]: Triggered uncontrollable event: EV_zone_b_not_visible
[balanced_delivery_supervisor-24] [INFO] [1789488414.628646396] [robot_0.robot_supervisor]: Selected controllable event: EV_move_forward
[balanced_delivery_supervisor-22] [INFO] [1789488414.723535600] [robot_2.robot_supervisor]: Selected controllable event: EV_move_forward
[balanced_delivery_supervisor-20] [INFO] [1789488414.881922538] [robot_1.robot_supervisor]: Selected controllable event: EV_move_forward
[balanced_delivery_supervisor-24] [INFO] [1789488414.915907761] [robot_0.robot_supervisor]: Selected controllable event: EV_move_forward
[balanced_delivery_supervisor-22] [INFO] [1789488414.981611654] [robot_2.robot_supervisor]: Selected controllable event: EV_search_zone
[balanced_delivery_supervisor-22] [INFO] [1789488415.101541299] [robot_2.robot_supervisor]: Selected controllable event: EV_move_forward
[balanced_delivery_supervisor-20] [INFO] [1789488415.159930541] [robot_1.robot_supervisor]: Selected controllable event: EV_move_forward
[balanced_delivery_supervisor-24] [INFO] [1789488415.184582788] [robot_0.robot_supervisor]: Selected controllable event: EV_search_zone
[balanced_delivery_supervisor-22] [INFO] [1789488415.317033636] [robot_2.robot_supervisor]: Selected controllable event: EV_move_forward
[balanced_delivery_supervisor-24] [INFO] [1789488415.321148995] [robot_0.robot_supervisor]: Selected controllable event: EV_move_forward
[balanced_delivery_supervisor-20] [INFO] [1789488415.370879809] [robot_1.robot_supervisor]: Triggered uncontrollable event: EV_zone_a_visible
[balanced_delivery_supervisor-20] [INFO] [1789488415.375885855] [robot_1.robot_supervisor]: Triggered uncontrollable event: EV_zone_b_reached
[balanced_delivery_supervisor-20] [INFO] [1789488415.390221805] [robot_1.robot_supervisor]: Selected controllable event: EV_approach_zone
[balanced_delivery_supervisor-24] [INFO] [1789488415.583442811] [robot_0.robot_supervisor]: Triggered uncontrollable event: EV_zone_a_not_visible
[balanced_delivery_supervisor-24] [INFO] [1789488415.600218778] [robot_0.robot_supervisor]: Triggered uncontrollable event: EV_zone_b_not_visible
[balanced_delivery_supervisor-24] [INFO] [1789488415.601302522] [robot_0.robot_supervisor]: Selected controllable event: EV_move_forward
[balanced_delivery_supervisor-20] [INFO] [1789488415.602955229] [robot_1.robot_supervisor]: Selected controllable event: EV_approach_zone
[balanced_delivery_supervisor-22] [INFO] [1789488415.610790345] [robot_2.robot_supervisor]: Triggered uncontrollable event: EV_zone_a_visible
[balanced_delivery_supervisor-22] [INFO] [1789488415.611785988] [robot_2.robot_supervisor]: Triggered uncontrollable event: EV_zone_b_not_visible
[balanced_delivery_supervisor-22] [INFO] [1789488415.638080715] [robot_2.robot_supervisor]: Selected controllable event: EV_approach_zone
[balanced_delivery_supervisor-24] [INFO] [1789488415.884511415] [robot_0.robot_supervisor]: Selected controllable event: EV_move_forward
[balanced_delivery_supervisor-20] [INFO] [1789488415.874841034] [robot_1.robot_supervisor]: Selected controllable event: EV_approach_zone
[balanced_delivery_supervisor-22] [INFO] [1789488415.912149012] [robot_2.robot_supervisor]: Selected controllable event: EV_approach_zone
[balanced_delivery_supervisor-20] [INFO] [1789488416.173712697] [robot_1.robot_supervisor]: Selected controllable event: EV_approach_zone
[balanced_delivery_supervisor-24] [INFO] [1789488416.201276287] [robot_0.robot_supervisor]: Selected controllable event: EV_move_forward
[balanced_delivery_supervisor-22] [INFO] [1789488416.226505582] [robot_2.robot_supervisor]: Selected controllable event: EV_move_forward
[balanced_delivery_supervisor-20] [INFO] [1789488416.473748160] [robot_1.robot_supervisor]: Triggered uncontrollable event: EV_zone_a_visible
[balanced_delivery_supervisor-20] [INFO] [1789488416.474673171] [robot_1.robot_supervisor]: Triggered uncontrollable event: EV_zone_b_reached
[balanced_delivery_supervisor-20] [INFO] [1789488416.475769193] [robot_1.robot_supervisor]: Selected controllable event: EV_move_forward
[balanced_delivery_supervisor-22] [INFO] [1789488416.502526076] [robot_2.robot_supervisor]: Triggered uncontrollable event: EV_zone_a_visible
[balanced_delivery_supervisor-22] [INFO] [1789488416.503322408] [robot_2.robot_supervisor]: Triggered uncontrollable event: EV_zone_b_not_visible
[balanced_delivery_supervisor-24] [INFO] [1789488416.507641662] [robot_0.robot_supervisor]: Triggered uncontrollable event: EV_zone_a_not_visible
[balanced_delivery_supervisor-24] [INFO] [1789488416.508453348] [robot_0.robot_supervisor]: Triggered uncontrollable event: EV_zone_b_not_visible
[balanced_delivery_supervisor-24] [INFO] [1789488416.516675548] [robot_0.robot_supervisor]: Selected controllable event: EV_move_forward
[balanced_delivery_supervisor-22] [INFO] [1789488416.517692836] [robot_2.robot_supervisor]: Selected controllable event: EV_approach_zone
[balanced_delivery_supervisor-20] [INFO] [1789488416.790038554] [robot_1.robot_supervisor]: Selected controllable event: EV_move_forward
[balanced_delivery_supervisor-24] [INFO] [1789488416.802317364] [robot_0.robot_supervisor]: Selected controllable event: EV_move_forward
[balanced_delivery_supervisor-22] [INFO] [1789488416.813455531] [robot_2.robot_supervisor]: Selected controllable event: EV_move_forward
[balanced_delivery_supervisor-20] [INFO] [1789488417.060123140] [robot_1.robot_supervisor]: Selected controllable event: EV_approach_zone
[balanced_delivery_supervisor-24] [INFO] [1789488417.107336468] [robot_0.robot_supervisor]: Selected controllable event: EV_move_forward
[balanced_delivery_supervisor-22] [INFO] [1789488417.123832620] [robot_2.robot_supervisor]: Selected controllable event: EV_approach_zone
[balanced_delivery_supervisor-20] [INFO] [1789488417.395386787] [robot_1.robot_supervisor]: Triggered uncontrollable event: EV_zone_a_visible
[balanced_delivery_supervisor-20] [INFO] [1789488417.396125706] [robot_1.robot_supervisor]: Triggered uncontrollable event: EV_zone_b_reached
[balanced_delivery_supervisor-20] [INFO] [1789488417.397045091] [robot_1.robot_supervisor]: Selected controllable event: EV_approach_zone
[balanced_delivery_supervisor-22] [INFO] [1789488417.400446232] [robot_2.robot_supervisor]: Triggered uncontrollable event: EV_zone_a_visible
[balanced_delivery_supervisor-22] [INFO] [1789488417.405714575] [robot_2.robot_supervisor]: Triggered uncontrollable event: EV_zone_b_not_visible
[balanced_delivery_supervisor-22] [INFO] [1789488417.412429062] [robot_2.robot_supervisor]: Selected controllable event: EV_approach_zone
[balanced_delivery_supervisor-24] [INFO] [1789488417.409913379] [robot_0.robot_supervisor]: Triggered uncontrollable event: EV_zone_a_not_visible
[balanced_delivery_supervisor-24] [INFO] [1789488417.420656847] [robot_0.robot_supervisor]: Triggered uncontrollable event: EV_zone_b_not_visible
[balanced_delivery_supervisor-24] [INFO] [1789488417.421690608] [robot_0.robot_supervisor]: Selected controllable event: EV_move_forward
[balanced_delivery_supervisor-20] [INFO] [1789488417.659668549] [robot_1.robot_supervisor]: Selected controllable event: EV_move_forward
[balanced_delivery_supervisor-22] [INFO] [1789488417.685556953] [robot_2.robot_supervisor]: Selected controllable event: EV_approach_zone
[balanced_delivery_supervisor-24] [INFO] [1789488417.685768727] [robot_0.robot_supervisor]: Selected controllable event: EV_search_zone
[balanced_delivery_supervisor-24] [INFO] [1789488417.790821555] [robot_0.robot_supervisor]: Selected controllable event: EV_search_zone
[balanced_delivery_supervisor-20] [INFO] [1789488417.901706806] [robot_1.robot_supervisor]: Selected controllable event: EV_move_forward
[balanced_delivery_supervisor-24] [INFO] [1789488417.904258161] [robot_0.robot_supervisor]: Selected controllable event: EV_move_forward
[balanced_delivery_supervisor-22] [INFO] [1789488417.993954828] [robot_2.robot_supervisor]: Selected controllable event: EV_move_forward
[balanced_delivery_supervisor-20] [INFO] [1789488418.173061565] [robot_1.robot_supervisor]: Triggered uncontrollable event: EV_zone_a_visible
[balanced_delivery_supervisor-20] [INFO] [1789488418.174086380] [robot_1.robot_supervisor]: Selected controllable event: EV_approach_zone
[balanced_delivery_supervisor-24] [INFO] [1789488418.209244404] [robot_0.robot_supervisor]: Selected controllable event: EV_search_zone
[balanced_delivery_supervisor-22] [INFO] [1789488418.215349984] [robot_2.robot_supervisor]: Selected controllable event: EV_approach_zone
[balanced_delivery_supervisor-24] [INFO] [1789488418.382106363] [robot_0.robot_supervisor]: Triggered uncontrollable event: EV_zone_a_not_visible
[balanced_delivery_supervisor-24] [INFO] [1789488418.390652956] [robot_0.robot_supervisor]: Triggered uncontrollable event: EV_zone_b_not_visible
[balanced_delivery_supervisor-20] [INFO] [1789488418.395071545] [robot_1.robot_supervisor]: Triggered uncontrollable event: EV_zone_b_reached
[balanced_delivery_supervisor-24] [INFO] [1789488418.407660329] [robot_0.robot_supervisor]: Selected controllable event: EV_search_zone
[balanced_delivery_supervisor-20] [INFO] [1789488418.412973364] [robot_1.robot_supervisor]: Selected controllable event: EV_approach_zone
[balanced_delivery_supervisor-22] [INFO] [1789488418.505897471] [robot_2.robot_supervisor]: Triggered uncontrollable event: EV_zone_a_visible
[balanced_delivery_supervisor-22] [INFO] [1789488418.506624798] [robot_2.robot_supervisor]: Triggered uncontrollable event: EV_zone_b_not_visible
[balanced_delivery_supervisor-22] [INFO] [1789488418.507479305] [robot_2.robot_supervisor]: Selected controllable event: EV_approach_zone
[balanced_delivery_supervisor-24] [INFO] [1789488418.586188035] [robot_0.robot_supervisor]: Selected controllable event: EV_search_zone
[balanced_delivery_supervisor-20] [INFO] [1789488418.679420301] [robot_1.robot_supervisor]: Selected controllable event: EV_move_forward
[balanced_delivery_supervisor-24] [INFO] [1789488418.791213010] [robot_0.robot_supervisor]: Selected controllable event: EV_search_zone
[balanced_delivery_supervisor-22] [INFO] [1789488418.795384269] [robot_2.robot_supervisor]: Selected controllable event: EV_move_forward
[balanced_delivery_supervisor-20] [INFO] [1789488418.970036560] [robot_1.robot_supervisor]: Selected controllable event: EV_approach_zone
[balanced_delivery_supervisor-24] [INFO] [1789488419.023327403] [robot_0.robot_supervisor]: Selected controllable event: EV_move_forward
[balanced_delivery_supervisor-22] [INFO] [1789488419.118942321] [robot_2.robot_supervisor]: Selected controllable event: EV_approach_zone
[balanced_delivery_supervisor-20] [INFO] [1789488419.265538560] [robot_1.robot_supervisor]: Triggered uncontrollable event: EV_zone_a_visible
[balanced_delivery_supervisor-20] [INFO] [1789488419.283374767] [robot_1.robot_supervisor]: Triggered uncontrollable event: EV_zone_b_not_visible
[balanced_delivery_supervisor-20] [INFO] [1789488419.284348910] [robot_1.robot_supervisor]: Selected controllable event: EV_approach_zone
[balanced_delivery_supervisor-24] [INFO] [1789488419.304022403] [robot_0.robot_supervisor]: Triggered uncontrollable event: EV_zone_a_not_visible
[balanced_delivery_supervisor-24] [INFO] [1789488419.306034793] [robot_0.robot_supervisor]: Triggered uncontrollable event: EV_zone_b_not_visible
[balanced_delivery_supervisor-24] [INFO] [1789488419.314281141] [robot_0.robot_supervisor]: Selected controllable event: EV_move_forward
[balanced_delivery_supervisor-22] [INFO] [1789488419.387916247] [robot_2.robot_supervisor]: Triggered uncontrollable event: EV_zone_a_visible
[balanced_delivery_supervisor-22] [INFO] [1789488419.400584670] [robot_2.robot_supervisor]: Triggered uncontrollable event: EV_zone_b_not_visible
[balanced_delivery_supervisor-22] [INFO] [1789488419.401690989] [robot_2.robot_supervisor]: Selected controllable event: EV_move_forward
[balanced_delivery_supervisor-20] [INFO] [1789488419.547918640] [robot_1.robot_supervisor]: Selected controllable event: EV_approach_zone
[balanced_delivery_supervisor-24] [INFO] [1789488419.603793564] [robot_0.robot_supervisor]: Selected controllable event: EV_search_zone
[balanced_delivery_supervisor-22] [INFO] [1789488419.684863351] [robot_2.robot_supervisor]: Selected controllable event: EV_approach_zone
[balanced_delivery_supervisor-20] [INFO] [1789488419.750407875] [robot_1.robot_supervisor]: Selected controllable event: EV_move_forward
[balanced_delivery_supervisor-24] [INFO] [1789488419.802958285] [robot_0.robot_supervisor]: Selected controllable event: EV_search_zone
[balanced_delivery_supervisor-22] [INFO] [1789488419.925871266] [robot_2.robot_supervisor]: Selected controllable event: EV_approach_zone
[balanced_delivery_supervisor-20] [INFO] [1789488419.979915167] [robot_1.robot_supervisor]: Selected controllable event: EV_approach_zone
[balanced_delivery_supervisor-24] [INFO] [1789488420.002775065] [robot_0.robot_supervisor]: Selected controllable event: EV_move_forward
[balanced_delivery_supervisor-22] [INFO] [1789488420.183866218] [robot_2.robot_supervisor]: Triggered uncontrollable event: EV_zone_a_visible
[balanced_delivery_supervisor-22] [INFO] [1789488420.184672303] [robot_2.robot_supervisor]: Triggered uncontrollable event: EV_zone_b_visible
[balanced_delivery_supervisor-22] [INFO] [1789488420.185627781] [robot_2.robot_supervisor]: Selected controllable event: EV_approach_zone
[balanced_delivery_supervisor-20] [INFO] [1789488420.290788965] [robot_1.robot_supervisor]: Triggered uncontrollable event: EV_zone_a_not_visible
[balanced_delivery_supervisor-20] [INFO] [1789488420.291620358] [robot_1.robot_supervisor]: Triggered uncontrollable event: EV_zone_b_not_visible
[balanced_delivery_supervisor-20] [INFO] [1789488420.302658633] [robot_1.robot_supervisor]: Selected controllable event: EV_search_zone
[balanced_delivery_supervisor-24] [INFO] [1789488420.302483270] [robot_0.robot_supervisor]: Triggered uncontrollable event: EV_zone_a_not_visible
[balanced_delivery_supervisor-24] [INFO] [1789488420.308603416] [robot_0.robot_supervisor]: Triggered uncontrollable event: EV_zone_b_not_visible
[balanced_delivery_supervisor-24] [INFO] [1789488420.309592172] [robot_0.robot_supervisor]: Selected controllable event: EV_move_forward
[balanced_delivery_supervisor-20] [INFO] [1789488420.470594665] [robot_1.robot_supervisor]: Selected controllable event: EV_move_forward
[balanced_delivery_supervisor-22] [INFO] [1789488420.475110415] [robot_2.robot_supervisor]: Selected controllable event: EV_approach_zone
[balanced_delivery_supervisor-24] [INFO] [1789488420.584684569] [robot_0.robot_supervisor]: Selected controllable event: EV_search_zone
[balanced_delivery_supervisor-20] [INFO] [1789488420.685678562] [robot_1.robot_supervisor]: Selected controllable event: EV_search_zone
[balanced_delivery_supervisor-22] [INFO] [1789488420.705494142] [robot_2.robot_supervisor]: Selected controllable event: EV_move_forward
[balanced_delivery_supervisor-24] [INFO] [1789488420.800184111] [robot_0.robot_supervisor]: Selected controllable event: EV_move_forward
[color_detector-31] [INFO] [1789488420.831511510] [robot_0.target_detector]: RGB HEARTBEAT frames_total=100 recent_rate_hz=1.034 last_frame_age_s=0.727 status=OK
[color_detector-27] [INFO] [1789488420.847421453] [robot_1.target_detector]: RGB HEARTBEAT frames_total=100 recent_rate_hz=1.034 last_frame_age_s=0.895 status=OK
[color_detector-29] [INFO] [1789488420.861546238] [robot_2.target_detector]: RGB HEARTBEAT frames_total=100 recent_rate_hz=1.032 last_frame_age_s=0.799 status=OK
[balanced_delivery_supervisor-20] [INFO] [1789488420.868477610] [robot_1.robot_supervisor]: Selected controllable event: EV_search_zone
[balanced_delivery_supervisor-20] [INFO] [1789488420.985191028] [robot_1.robot_supervisor]: Selected controllable event: EV_search_zone
[balanced_delivery_supervisor-22] [INFO] [1789488420.998091123] [robot_2.robot_supervisor]: Selected controllable event: EV_move_forward
[balanced_delivery_supervisor-24] [INFO] [1789488421.094007473] [robot_0.robot_supervisor]: Selected controllable event: EV_search_zone
[balanced_delivery_supervisor-20] [INFO] [1789488421.172803497] [robot_1.robot_supervisor]: Triggered uncontrollable event: EV_zone_a_not_visible
[balanced_delivery_supervisor-20] [INFO] [1789488421.173547482] [robot_1.robot_supervisor]: Triggered uncontrollable event: EV_zone_b_not_visible
[balanced_delivery_supervisor-20] [INFO] [1789488421.186239022] [robot_1.robot_supervisor]: Selected controllable event: EV_move_forward
[balanced_delivery_supervisor-22] [INFO] [1789488421.200121313] [robot_2.robot_supervisor]: Triggered uncontrollable event: EV_zone_a_visible
[balanced_delivery_supervisor-22] [INFO] [1789488421.200846601] [robot_2.robot_supervisor]: Triggered uncontrollable event: EV_zone_b_visible
[balanced_delivery_supervisor-22] [INFO] [1789488421.201750898] [robot_2.robot_supervisor]: Selected controllable event: EV_approach_zone
[balanced_delivery_supervisor-24] [INFO] [1789488421.295329123] [robot_0.robot_supervisor]: Triggered uncontrollable event: EV_zone_a_not_visible
[balanced_delivery_supervisor-24] [INFO] [1789488421.309363859] [robot_0.robot_supervisor]: Triggered uncontrollable event: EV_zone_b_not_visible
[balanced_delivery_supervisor-24] [INFO] [1789488421.317492029] [robot_0.robot_supervisor]: Selected controllable event: EV_move_forward
[balanced_delivery_supervisor-20] [INFO] [1789488421.470549634] [robot_1.robot_supervisor]: Selected controllable event: EV_move_forward
[balanced_delivery_supervisor-22] [INFO] [1789488421.492332577] [robot_2.robot_supervisor]: Selected controllable event: EV_approach_zone
[balanced_delivery_supervisor-24] [INFO] [1789488421.586424596] [robot_0.robot_supervisor]: Selected controllable event: EV_search_zone
[balanced_delivery_supervisor-20] [INFO] [1789488421.694884049] [robot_1.robot_supervisor]: Selected controllable event: EV_move_forward
[balanced_delivery_supervisor-22] [INFO] [1789488421.699316449] [robot_2.robot_supervisor]: Selected controllable event: EV_move_forward
[balanced_delivery_supervisor-24] [INFO] [1789488421.718558429] [robot_0.robot_supervisor]: Selected controllable event: EV_search_zone
[balanced_delivery_supervisor-24] [INFO] [1789488421.890720335] [robot_0.robot_supervisor]: Selected controllable event: EV_search_zone
[balanced_delivery_supervisor-20] [INFO] [1789488421.972157630] [robot_1.robot_supervisor]: Triggered uncontrollable event: EV_zone_a_visible
[balanced_delivery_supervisor-20] [INFO] [1789488421.987456494] [robot_1.robot_supervisor]: Triggered uncontrollable event: EV_zone_b_not_visible
[balanced_delivery_supervisor-20] [INFO] [1789488421.988497704] [robot_1.robot_supervisor]: Selected controllable event: EV_move_forward
[balanced_delivery_supervisor-22] [INFO] [1789488421.997580284] [robot_2.robot_supervisor]: Triggered uncontrollable event: EV_zone_a_visible
[balanced_delivery_supervisor-24] [INFO] [1789488422.021123785] [robot_0.robot_supervisor]: Selected controllable event: EV_search_zone
[balanced_delivery_supervisor-22] [INFO] [1789488422.022187982] [robot_2.robot_supervisor]: Selected controllable event: EV_approach_zone
[balanced_delivery_supervisor-24] [INFO] [1789488422.191803700] [robot_0.robot_supervisor]: Triggered uncontrollable event: EV_zone_b_visible
[balanced_delivery_supervisor-24] [INFO] [1789488422.209868428] [robot_0.robot_supervisor]: Triggered uncontrollable event: EV_zone_a_not_visible
[balanced_delivery_supervisor-24] [INFO] [1789488422.210830434] [robot_0.robot_supervisor]: Selected controllable event: EV_approach_zone
[balanced_delivery_supervisor-20] [INFO] [1789488422.258364388] [robot_1.robot_supervisor]: Selected controllable event: EV_approach_zone
[balanced_delivery_supervisor-22] [INFO] [1789488422.305361273] [robot_2.robot_supervisor]: Triggered uncontrollable event: EV_zone_b_visible
[balanced_delivery_supervisor-22] [INFO] [1789488422.306178504] [robot_2.robot_supervisor]: Selected controllable event: EV_move_forward
[balanced_delivery_supervisor-20] [INFO] [1789488422.475125664] [robot_1.robot_supervisor]: Selected controllable event: EV_approach_zone
[balanced_delivery_supervisor-24] [INFO] [1789488422.490996335] [robot_0.robot_supervisor]: Selected controllable event: EV_approach_zone
[balanced_delivery_supervisor-22] [INFO] [1789488422.612301959] [robot_2.robot_supervisor]: Selected controllable event: EV_move_forward
[balanced_delivery_supervisor-20] [INFO] [1789488422.778118232] [robot_1.robot_supervisor]: Triggered uncontrollable event: EV_zone_a_visible
[balanced_delivery_supervisor-20] [INFO] [1789488422.779076415] [robot_1.robot_supervisor]: Selected controllable event: EV_approach_zone
[balanced_delivery_supervisor-24] [INFO] [1789488422.793665512] [robot_0.robot_supervisor]: Selected controllable event: EV_move_forward
[balanced_delivery_supervisor-22] [INFO] [1789488422.883335300] [robot_2.robot_supervisor]: Triggered uncontrollable event: EV_zone_a_reached
[balanced_delivery_supervisor-22] [INFO] [1789488422.893019002] [robot_2.robot_supervisor]: Selected controllable event: EV_move_forward
[balanced_delivery_supervisor-24] [INFO] [1789488423.018845259] [robot_0.robot_supervisor]: Triggered uncontrollable event: EV_zone_b_visible
[balanced_delivery_supervisor-24] [INFO] [1789488423.026144624] [robot_0.robot_supervisor]: Triggered uncontrollable event: EV_zone_a_not_visible
[balanced_delivery_supervisor-24] [INFO] [1789488423.035606904] [robot_0.robot_supervisor]: Selected controllable event: EV_approach_zone
[balanced_delivery_supervisor-20] [INFO] [1789488423.071648339] [robot_1.robot_supervisor]: Triggered uncontrollable event: EV_zone_b_not_visible
[balanced_delivery_supervisor-20] [INFO] [1789488423.083302511] [robot_1.robot_supervisor]: Selected controllable event: EV_move_forward
[balanced_delivery_supervisor-22] [INFO] [1789488423.185814662] [robot_2.robot_supervisor]: Triggered uncontrollable event: EV_zone_b_visible
[balanced_delivery_supervisor-22] [INFO] [1789488423.214131370] [robot_2.robot_supervisor]: Selected controllable event: EV_move_forward
[balanced_delivery_supervisor-24] [INFO] [1789488423.304004137] [robot_0.robot_supervisor]: Selected controllable event: EV_move_forward
[balanced_delivery_supervisor-20] [INFO] [1789488423.370071638] [robot_1.robot_supervisor]: Selected controllable event: EV_move_forward
[balanced_delivery_supervisor-22] [INFO] [1789488423.505491675] [robot_2.robot_supervisor]: Selected controllable event: EV_move_forward
[balanced_delivery_supervisor-24] [INFO] [1789488423.598121125] [robot_0.robot_supervisor]: Selected controllable event: EV_approach_zone
[balanced_delivery_supervisor-20] [INFO] [1789488423.647789913] [robot_1.robot_supervisor]: Selected controllable event: EV_approach_zone
[balanced_delivery_supervisor-22] [INFO] [1789488423.783953623] [robot_2.robot_supervisor]: Triggered uncontrollable event: EV_obstacle_right
[balanced_delivery_supervisor-22] [INFO] [1789488423.799253355] [robot_2.robot_supervisor]: Selected controllable event: EV_u_turn
[balanced_delivery_supervisor-22] [INFO] [1789488423.800284740] [robot_2.robot_supervisor]: Starting FULL ROTATE (omega=1.000, have_odom=True, target_rad=3.142, timeout_s=3.500)
[balanced_delivery_supervisor-24] [INFO] [1789488423.906280102] [robot_0.robot_supervisor]: Triggered uncontrollable event: EV_zone_b_visible
[balanced_delivery_supervisor-24] [INFO] [1789488423.913251831] [robot_0.robot_supervisor]: Triggered uncontrollable event: EV_zone_a_not_visible
[balanced_delivery_supervisor-24] [INFO] [1789488423.922470187] [robot_0.robot_supervisor]: Selected controllable event: EV_move_forward
[balanced_delivery_supervisor-20] [INFO] [1789488423.980240356] [robot_1.robot_supervisor]: Triggered uncontrollable event: EV_zone_a_visible
[balanced_delivery_supervisor-20] [INFO] [1789488423.991105455] [robot_1.robot_supervisor]: Triggered uncontrollable event: EV_zone_b_not_visible
[balanced_delivery_supervisor-20] [INFO] [1789488423.992122530] [robot_1.robot_supervisor]: Selected controllable event: EV_approach_zone
[balanced_delivery_supervisor-24] [INFO] [1789488424.190949989] [robot_0.robot_supervisor]: Selected controllable event: EV_approach_zone
[balanced_delivery_supervisor-20] [INFO] [1789488424.265266824] [robot_1.robot_supervisor]: Selected controllable event: EV_approach_zone
[balanced_delivery_supervisor-24] [INFO] [1789488424.409838859] [robot_0.robot_supervisor]: Selected controllable event: EV_approach_zone
[balanced_delivery_supervisor-20] [INFO] [1789488424.581558658] [robot_1.robot_supervisor]: Selected controllable event: EV_approach_zone
[balanced_delivery_supervisor-24] [INFO] [1789488424.710477174] [robot_0.robot_supervisor]: Selected controllable event: EV_approach_zone
[balanced_delivery_supervisor-20] [INFO] [1789488424.878344628] [robot_1.robot_supervisor]: Triggered uncontrollable event: EV_zone_a_visible
[balanced_delivery_supervisor-20] [INFO] [1789488424.879094704] [robot_1.robot_supervisor]: Triggered uncontrollable event: EV_zone_b_not_visible
[balanced_delivery_supervisor-20] [INFO] [1789488424.893876451] [robot_1.robot_supervisor]: Selected controllable event: EV_move_forward
[balanced_delivery_supervisor-24] [INFO] [1789488425.021669375] [robot_0.robot_supervisor]: Triggered uncontrollable event: EV_zone_a_not_visible
[balanced_delivery_supervisor-24] [INFO] [1789488425.022750339] [robot_0.robot_supervisor]: Selected controllable event: EV_move_forward
[balanced_delivery_supervisor-20] [INFO] [1789488425.174716974] [robot_1.robot_supervisor]: Selected controllable event: EV_move_forward
[balanced_delivery_supervisor-24] [INFO] [1789488425.296997097] [robot_0.robot_supervisor]: Triggered uncontrollable event: EV_zone_b_visible
[balanced_delivery_supervisor-24] [INFO] [1789488425.301411605] [robot_0.robot_supervisor]: Selected controllable event: EV_approach_zone
[balanced_delivery_supervisor-20] [INFO] [1789488425.464682895] [robot_1.robot_supervisor]: Selected controllable event: EV_move_forward
[balanced_delivery_supervisor-24] [INFO] [1789488425.512018260] [robot_0.robot_supervisor]: Selected controllable event: EV_approach_zone
[balanced_delivery_supervisor-20] [INFO] [1789488425.685981518] [robot_1.robot_supervisor]: Triggered uncontrollable event: EV_zone_a_visible
[balanced_delivery_supervisor-20] [INFO] [1789488425.697273447] [robot_1.robot_supervisor]: Triggered uncontrollable event: EV_zone_b_not_visible
[balanced_delivery_supervisor-20] [INFO] [1789488425.716827774] [robot_1.robot_supervisor]: Selected controllable event: EV_move_forward
[balanced_delivery_supervisor-24] [INFO] [1789488425.805899188] [robot_0.robot_supervisor]: Triggered uncontrollable event: EV_zone_b_visible
[balanced_delivery_supervisor-24] [INFO] [1789488425.806697382] [robot_0.robot_supervisor]: Triggered uncontrollable event: EV_zone_a_not_visible
[balanced_delivery_supervisor-24] [INFO] [1789488425.825459853] [robot_0.robot_supervisor]: Selected controllable event: EV_approach_zone
[balanced_delivery_supervisor-20] [INFO] [1789488425.996716996] [robot_1.robot_supervisor]: Selected controllable event: EV_approach_zone
[balanced_delivery_supervisor-24] [INFO] [1789488426.108968429] [robot_0.robot_supervisor]: Selected controllable event: EV_move_forward
[balanced_delivery_supervisor-20] [INFO] [1789488426.271540763] [robot_1.robot_supervisor]: Selected controllable event: EV_move_forward
[balanced_delivery_supervisor-24] [INFO] [1789488426.425312979] [robot_0.robot_supervisor]: Selected controllable event: EV_move_forward
[balanced_delivery_supervisor-20] [INFO] [1789488426.493949988] [robot_1.robot_supervisor]: Selected controllable event: EV_approach_zone
[balanced_delivery_supervisor-24] [INFO] [1789488426.691091698] [robot_0.robot_supervisor]: Triggered uncontrollable event: EV_zone_b_visible
[balanced_delivery_supervisor-24] [INFO] [1789488426.697389478] [robot_0.robot_supervisor]: Triggered uncontrollable event: EV_zone_a_not_visible
[balanced_delivery_supervisor-24] [INFO] [1789488426.711144721] [robot_0.robot_supervisor]: Selected controllable event: EV_move_forward
[balanced_delivery_supervisor-20] [INFO] [1789488426.784388759] [robot_1.robot_supervisor]: Triggered uncontrollable event: EV_zone_a_visible
[balanced_delivery_supervisor-20] [INFO] [1789488426.785230382] [robot_1.robot_supervisor]: Triggered uncontrollable event: EV_zone_b_not_visible
[balanced_delivery_supervisor-20] [INFO] [1789488426.786264645] [robot_1.robot_supervisor]: Selected controllable event: EV_approach_zone
[balanced_delivery_supervisor-24] [INFO] [1789488427.000793583] [robot_0.robot_supervisor]: Selected controllable event: EV_move_forward
[balanced_delivery_supervisor-20] [INFO] [1789488427.067550155] [robot_1.robot_supervisor]: Selected controllable event: EV_approach_zone
[balanced_delivery_supervisor-22] [INFO] [1789488427.307947530] [robot_2.robot_supervisor]: FULL ROTATE completed by timeout
[balanced_delivery_supervisor-24] [INFO] [1789488427.332454723] [robot_0.robot_supervisor]: Selected controllable event: EV_move_forward
[balanced_delivery_supervisor-20] [INFO] [1789488427.372946942] [robot_1.robot_supervisor]: Selected controllable event: EV_approach_zone
[balanced_delivery_supervisor-22] [INFO] [1789488427.512976130] [robot_2.robot_supervisor]: Triggered uncontrollable event: EV_zone_b_visible
[balanced_delivery_supervisor-22] [INFO] [1789488427.513790506] [robot_2.robot_supervisor]: Triggered uncontrollable event: EV_zone_a_reached
[balanced_delivery_supervisor-22] [INFO] [1789488427.514720809] [robot_2.robot_supervisor]: Selected controllable event: EV_approach_zone
[balanced_delivery_supervisor-20] [INFO] [1789488427.578857318] [robot_1.robot_supervisor]: Triggered uncontrollable event: EV_zone_a_visible
[balanced_delivery_supervisor-24] [INFO] [1789488427.583341914] [robot_0.robot_supervisor]: Selected controllable event: EV_approach_zone
[balanced_delivery_supervisor-20] [INFO] [1789488427.592986443] [robot_1.robot_supervisor]: Selected controllable event: EV_approach_zone
[balanced_delivery_supervisor-22] [INFO] [1789488427.782186941] [robot_2.robot_supervisor]: Triggered uncontrollable event: EV_zone_b_visible
[balanced_delivery_supervisor-22] [INFO] [1789488427.788858676] [robot_2.robot_supervisor]: Triggered uncontrollable event: EV_zone_a_reached
[balanced_delivery_supervisor-22] [INFO] [1789488427.797810396] [robot_2.robot_supervisor]: Selected controllable event: EV_approach_zone
[balanced_delivery_supervisor-20] [INFO] [1789488427.861152563] [robot_1.robot_supervisor]: Triggered uncontrollable event: EV_zone_b_not_visible
[balanced_delivery_supervisor-20] [INFO] [1789488427.877419186] [robot_1.robot_supervisor]: Selected controllable event: EV_approach_zone
[balanced_delivery_supervisor-24] [INFO] [1789488427.904402171] [robot_0.robot_supervisor]: Triggered uncontrollable event: EV_zone_b_visible
[balanced_delivery_supervisor-24] [INFO] [1789488427.905320053] [robot_0.robot_supervisor]: Triggered uncontrollable event: EV_zone_a_not_visible
[balanced_delivery_supervisor-24] [INFO] [1789488427.906329991] [robot_0.robot_supervisor]: Selected controllable event: EV_approach_zone
[balanced_delivery_supervisor-22] [INFO] [1789488428.096614443] [robot_2.robot_supervisor]: Selected controllable event: EV_move_forward
[balanced_delivery_supervisor-20] [INFO] [1789488428.154306561] [robot_1.robot_supervisor]: Selected controllable event: EV_move_forward
[balanced_delivery_supervisor-24] [INFO] [1789488428.214289965] [robot_0.robot_supervisor]: Selected controllable event: EV_approach_zone
[balanced_delivery_supervisor-20] [INFO] [1789488428.365743191] [robot_1.robot_supervisor]: Selected controllable event: EV_move_forward
[balanced_delivery_supervisor-22] [INFO] [1789488428.390739172] [robot_2.robot_supervisor]: Selected controllable event: EV_approach_zone
[balanced_delivery_supervisor-24] [INFO] [1789488428.495537509] [robot_0.robot_supervisor]: Selected controllable event: EV_approach_zone
[balanced_delivery_supervisor-20] [INFO] [1789488428.664865751] [robot_1.robot_supervisor]: Triggered uncontrollable event: EV_zone_a_visible
[balanced_delivery_supervisor-20] [INFO] [1789488428.665752982] [robot_1.robot_supervisor]: Triggered uncontrollable event: EV_zone_b_not_visible
[balanced_delivery_supervisor-20] [INFO] [1789488428.666586810] [robot_1.robot_supervisor]: Selected controllable event: EV_approach_zone
[balanced_delivery_supervisor-22] [INFO] [1789488428.705984682] [robot_2.robot_supervisor]: Triggered uncontrollable event: EV_zone_b_visible
[balanced_delivery_supervisor-24] [INFO] [1789488428.714482418] [robot_0.robot_supervisor]: Triggered uncontrollable event: EV_zone_b_visible
[balanced_delivery_supervisor-24] [INFO] [1789488428.717242862] [robot_0.robot_supervisor]: Triggered uncontrollable event: EV_zone_a_not_visible
[balanced_delivery_supervisor-24] [INFO] [1789488428.718292281] [robot_0.robot_supervisor]: Selected controllable event: EV_move_forward
[balanced_delivery_supervisor-22] [INFO] [1789488428.722599189] [robot_2.robot_supervisor]: Triggered uncontrollable event: EV_zone_a_reached
[balanced_delivery_supervisor-22] [INFO] [1789488428.725845874] [robot_2.robot_supervisor]: Selected controllable event: EV_approach_zone
[balanced_delivery_supervisor-22] [INFO] [1789488428.975567763] [robot_2.robot_supervisor]: Selected controllable event: EV_approach_zone
[balanced_delivery_supervisor-20] [INFO] [1789488428.986156586] [robot_1.robot_supervisor]: Selected controllable event: EV_move_forward
[balanced_delivery_supervisor-24] [INFO] [1789488429.017237253] [robot_0.robot_supervisor]: Selected controllable event: EV_move_forward
[balanced_delivery_supervisor-22] [INFO] [1789488429.191009984] [robot_2.robot_supervisor]: Selected controllable event: EV_approach_zone
[balanced_delivery_supervisor-20] [INFO] [1789488429.276257028] [robot_1.robot_supervisor]: Selected controllable event: EV_approach_zone
[balanced_delivery_supervisor-24] [INFO] [1789488429.310787723] [robot_0.robot_supervisor]: Selected controllable event: EV_approach_zone
[balanced_delivery_supervisor-22] [INFO] [1789488429.489593461] [robot_2.robot_supervisor]: Selected controllable event: EV_move_forward
[balanced_delivery_supervisor-20] [INFO] [1789488429.582197508] [robot_1.robot_supervisor]: Triggered uncontrollable event: EV_zone_a_visible
[balanced_delivery_supervisor-24] [INFO] [1789488429.587017200] [robot_0.robot_supervisor]: Selected controllable event: EV_move_forward
[balanced_delivery_supervisor-20] [INFO] [1789488429.597888241] [robot_1.robot_supervisor]: Triggered uncontrollable event: EV_zone_b_not_visible
[balanced_delivery_supervisor-20] [INFO] [1789488429.605387713] [robot_1.robot_supervisor]: Selected controllable event: EV_move_forward
[balanced_delivery_supervisor-22] [INFO] [1789488429.705847453] [robot_2.robot_supervisor]: Triggered uncontrollable event: EV_zone_b_visible
[balanced_delivery_supervisor-22] [INFO] [1789488429.711041287] [robot_2.robot_supervisor]: Triggered uncontrollable event: EV_zone_a_reached
[balanced_delivery_supervisor-22] [INFO] [1789488429.714874427] [robot_2.robot_supervisor]: Selected controllable event: EV_move_forward
[balanced_delivery_supervisor-20] [INFO] [1789488429.857171360] [robot_1.robot_supervisor]: Selected controllable event: EV_move_forward
[balanced_delivery_supervisor-24] [INFO] [1789488429.884412335] [robot_0.robot_supervisor]: Triggered uncontrollable event: EV_zone_b_visible
[balanced_delivery_supervisor-24] [INFO] [1789488429.893795036] [robot_0.robot_supervisor]: Triggered uncontrollable event: EV_zone_a_not_visible
[balanced_delivery_supervisor-24] [INFO] [1789488429.909575374] [robot_0.robot_supervisor]: Selected controllable event: EV_move_forward
[balanced_delivery_supervisor-22] [INFO] [1789488429.989537289] [robot_2.robot_supervisor]: Selected controllable event: EV_move_forward
[balanced_delivery_supervisor-20] [INFO] [1789488430.070247668] [robot_1.robot_supervisor]: Selected controllable event: EV_approach_zone
[balanced_delivery_supervisor-24] [INFO] [1789488430.190838203] [robot_0.robot_supervisor]: Selected controllable event: EV_approach_zone
[balanced_delivery_supervisor-22] [INFO] [1789488430.199152196] [robot_2.robot_supervisor]: Selected controllable event: EV_approach_zone
[color_detector-29] [INFO] [1789488430.227222023] [robot_2.target_detector]: RGB HEARTBEAT frames_total=110 recent_rate_hz=1.065 last_frame_age_s=0.789 status=OK
[color_detector-31] [INFO] [1789488430.229404219] [robot_0.target_detector]: RGB HEARTBEAT frames_total=110 recent_rate_hz=1.064 last_frame_age_s=0.682 status=OK
[color_detector-27] [INFO] [1789488430.230137854] [robot_1.target_detector]: RGB HEARTBEAT frames_total=110 recent_rate_hz=1.066 last_frame_age_s=0.857 status=OK
[balanced_delivery_supervisor-20] [INFO] [1789488430.275932270] [robot_1.robot_supervisor]: Selected controllable event: EV_approach_zone
[balanced_delivery_supervisor-22] [INFO] [1789488430.409739285] [robot_2.robot_supervisor]: Selected controllable event: EV_approach_zone
[balanced_delivery_supervisor-24] [INFO] [1789488430.497454095] [robot_0.robot_supervisor]: Selected controllable event: EV_approach_zone
[balanced_delivery_supervisor-20] [INFO] [1789488430.568158179] [robot_1.robot_supervisor]: Triggered uncontrollable event: EV_zone_a_visible
[balanced_delivery_supervisor-20] [INFO] [1789488430.568847446] [robot_1.robot_supervisor]: Triggered uncontrollable event: EV_zone_b_not_visible
[balanced_delivery_supervisor-20] [INFO] [1789488430.579821326] [robot_1.robot_supervisor]: Selected controllable event: EV_approach_zone
[balanced_delivery_supervisor-22] [INFO] [1789488430.706004923] [robot_2.robot_supervisor]: Triggered uncontrollable event: EV_zone_b_not_visible
[balanced_delivery_supervisor-22] [INFO] [1789488430.706757144] [robot_2.robot_supervisor]: Triggered uncontrollable event: EV_zone_a_reached
[balanced_delivery_supervisor-22] [INFO] [1789488430.707662829] [robot_2.robot_supervisor]: Selected controllable event: EV_move_forward
[balanced_delivery_supervisor-24] [INFO] [1789488430.807167786] [robot_0.robot_supervisor]: Triggered uncontrollable event: EV_zone_b_visible
[balanced_delivery_supervisor-24] [INFO] [1789488430.810438021] [robot_0.robot_supervisor]: Triggered uncontrollable event: EV_zone_a_not_visible
[balanced_delivery_supervisor-24] [INFO] [1789488430.827938783] [robot_0.robot_supervisor]: Selected controllable event: EV_move_forward
[balanced_delivery_supervisor-20] [INFO] [1789488430.866835165] [robot_1.robot_supervisor]: Selected controllable event: EV_approach_zone
[balanced_delivery_supervisor-22] [INFO] [1789488430.995358476] [robot_2.robot_supervisor]: Selected controllable event: EV_search_zone
[balanced_delivery_supervisor-20] [INFO] [1789488431.105813612] [robot_1.robot_supervisor]: Selected controllable event: EV_approach_zone
[balanced_delivery_supervisor-22] [INFO] [1789488431.106834482] [robot_2.robot_supervisor]: Selected controllable event: EV_move_forward
[balanced_delivery_supervisor-24] [INFO] [1789488431.109569022] [robot_0.robot_supervisor]: Selected controllable event: EV_move_forward
[balanced_delivery_supervisor-20] [INFO] [1789488431.384093661] [robot_1.robot_supervisor]: Selected controllable event: EV_move_forward
[balanced_delivery_supervisor-22] [INFO] [1789488431.386433131] [robot_2.robot_supervisor]: Selected controllable event: EV_search_zone
[balanced_delivery_supervisor-24] [INFO] [1789488431.403603467] [robot_0.robot_supervisor]: Selected controllable event: EV_approach_zone
[balanced_delivery_supervisor-22] [INFO] [1789488431.587679582] [robot_2.robot_supervisor]: Triggered uncontrollable event: EV_zone_a_not_visible
[balanced_delivery_supervisor-22] [INFO] [1789488431.588634140] [robot_2.robot_supervisor]: Selected controllable event: EV_move_forward
[balanced_delivery_supervisor-20] [INFO] [1789488431.668192304] [robot_1.robot_supervisor]: Triggered uncontrollable event: EV_zone_b_not_visible
[balanced_delivery_supervisor-24] [INFO] [1789488431.689938264] [robot_0.robot_supervisor]: Triggered uncontrollable event: EV_zone_a_not_visible
[balanced_delivery_supervisor-24] [INFO] [1789488431.690920317] [robot_0.robot_supervisor]: Selected controllable event: EV_move_forward
[balanced_delivery_supervisor-20] [INFO] [1789488431.690260055] [robot_1.robot_supervisor]: Triggered uncontrollable event: EV_zone_a_reached
[balanced_delivery_supervisor-20] [INFO] [1789488431.706518136] [robot_1.robot_supervisor]: Selected controllable event: EV_move_forward
[balanced_delivery_supervisor-24] [INFO] [1789488431.897994895] [robot_0.robot_supervisor]: Triggered uncontrollable event: EV_zone_b_visible
[balanced_delivery_supervisor-24] [INFO] [1789488431.898921994] [robot_0.robot_supervisor]: Selected controllable event: EV_approach_zone
[balanced_delivery_supervisor-22] [INFO] [1789488431.898701945] [robot_2.robot_supervisor]: Triggered uncontrollable event: EV_zone_b_not_visible
[balanced_delivery_supervisor-22] [INFO] [1789488431.906462737] [robot_2.robot_supervisor]: Selected controllable event: EV_search_zone
[balanced_delivery_supervisor-20] [INFO] [1789488431.976264439] [robot_1.robot_supervisor]: Selected controllable event: EV_move_forward
[balanced_delivery_supervisor-22] [INFO] [1789488432.110588762] [robot_2.robot_supervisor]: Selected controllable event: EV_move_forward
[balanced_delivery_supervisor-20] [INFO] [1789488432.181215022] [robot_1.robot_supervisor]: Selected controllable event: EV_search_zone
[balanced_delivery_supervisor-24] [INFO] [1789488432.208481379] [robot_0.robot_supervisor]: Selected controllable event: EV_move_forward
[balanced_delivery_supervisor-20] [INFO] [1789488432.375071339] [robot_1.robot_supervisor]: Triggered uncontrollable event: EV_obstacle_front
[balanced_delivery_supervisor-20] [INFO] [1789488432.375989411] [robot_1.robot_supervisor]: Triggered uncontrollable event: EV_zone_b_not_visible
[balanced_delivery_supervisor-22] [INFO] [1789488432.380916362] [robot_2.robot_supervisor]: Triggered uncontrollable event: EV_zone_a_not_visible
[balanced_delivery_supervisor-20] [INFO] [1789488432.386127486] [robot_1.robot_supervisor]: Triggered uncontrollable event: EV_zone_a_reached
[balanced_delivery_supervisor-22] [INFO] [1789488432.388136538] [robot_2.robot_supervisor]: Triggered uncontrollable event: EV_zone_b_not_visible
[balanced_delivery_supervisor-20] [INFO] [1789488432.401303014] [robot_1.robot_supervisor]: Selected controllable event: EV_rotate_clockwise
[balanced_delivery_supervisor-22] [INFO] [1789488432.394068741] [robot_2.robot_supervisor]: Selected controllable event: EV_move_forward
[balanced_delivery_supervisor-24] [INFO] [1789488432.521921273] [robot_0.robot_supervisor]: Triggered uncontrollable event: EV_zone_b_visible
[balanced_delivery_supervisor-24] [INFO] [1789488432.522770280] [robot_0.robot_supervisor]: Triggered uncontrollable event: EV_zone_a_not_visible
[balanced_delivery_supervisor-24] [INFO] [1789488432.542231875] [robot_0.robot_supervisor]: Selected controllable event: EV_move_forward
[balanced_delivery_supervisor-20] [INFO] [1789488432.582472012] [robot_1.robot_supervisor]: Triggered uncontrollable event: EV_obstacle_front
[balanced_delivery_supervisor-20] [INFO] [1789488432.589262913] [robot_1.robot_supervisor]: Selected controllable event: EV_rotate_clockwise
[balanced_delivery_supervisor-22] [INFO] [1789488432.682719960] [robot_2.robot_supervisor]: Selected controllable event: EV_search_zone
[balanced_delivery_supervisor-20] [INFO] [1789488432.762667736] [robot_1.robot_supervisor]: Triggered uncontrollable event: EV_obstacle_front
[balanced_delivery_supervisor-20] [INFO] [1789488432.767460624] [robot_1.robot_supervisor]: Selected controllable event: EV_rotate_clockwise
[balanced_delivery_supervisor-22] [INFO] [1789488432.798789944] [robot_2.robot_supervisor]: Selected controllable event: EV_search_zone
[balanced_delivery_supervisor-24] [INFO] [1789488432.815422272] [robot_0.robot_supervisor]: Selected controllable event: EV_move_forward
[balanced_delivery_supervisor-22] [INFO] [1789488432.971104199] [robot_2.robot_supervisor]: Selected controllable event: EV_search_zone
[balanced_delivery_supervisor-20] [INFO] [1789488432.981042815] [robot_1.robot_supervisor]: Triggered uncontrollable event: EV_obstacle_front
[balanced_delivery_supervisor-20] [INFO] [1789488432.981841128] [robot_1.robot_supervisor]: Selected controllable event: EV_rotate_counterclockwise
[balanced_delivery_supervisor-22] [INFO] [1789488433.086835856] [robot_2.robot_supervisor]: Selected controllable event: EV_search_zone
[balanced_delivery_supervisor-24] [INFO] [1789488433.094827469] [robot_0.robot_supervisor]: Selected controllable event: EV_move_forward
[balanced_delivery_supervisor-20] [INFO] [1789488433.163703943] [robot_1.robot_supervisor]: Triggered uncontrollable event: EV_obstacle_front
[balanced_delivery_supervisor-20] [INFO] [1789488433.164551392] [robot_1.robot_supervisor]: Triggered uncontrollable event: EV_zone_a_reached
[balanced_delivery_supervisor-20] [INFO] [1789488433.165575292] [robot_1.robot_supervisor]: Selected controllable event: EV_u_turn
[balanced_delivery_supervisor-20] [INFO] [1789488433.185387280] [robot_1.robot_supervisor]: Starting FULL ROTATE (omega=1.000, have_odom=True, target_rad=3.142, timeout_s=3.500)
[balanced_delivery_supervisor-22] [INFO] [1789488433.202380133] [robot_2.robot_supervisor]: Triggered uncontrollable event: EV_zone_a_not_visible
[balanced_delivery_supervisor-22] [INFO] [1789488433.203261004] [robot_2.robot_supervisor]: Selected controllable event: EV_move_forward
[balanced_delivery_supervisor-24] [INFO] [1789488433.399229173] [robot_0.robot_supervisor]: Triggered uncontrollable event: EV_zone_b_visible
[balanced_delivery_supervisor-24] [INFO] [1789488433.400012850] [robot_0.robot_supervisor]: Triggered uncontrollable event: EV_zone_a_not_visible
[balanced_delivery_supervisor-24] [INFO] [1789488433.416148719] [robot_0.robot_supervisor]: Selected controllable event: EV_approach_zone
[balanced_delivery_supervisor-22] [INFO] [1789488433.505053043] [robot_2.robot_supervisor]: Triggered uncontrollable event: EV_zone_b_not_visible
[balanced_delivery_supervisor-22] [INFO] [1789488433.509121345] [robot_2.robot_supervisor]: Selected controllable event: EV_move_forward
[balanced_delivery_supervisor-24] [INFO] [1789488433.708620398] [robot_0.robot_supervisor]: Selected controllable event: EV_move_forward
[balanced_delivery_supervisor-22] [INFO] [1789488433.800042550] [robot_2.robot_supervisor]: Selected controllable event: EV_move_forward
[balanced_delivery_supervisor-24] [INFO] [1789488433.986480063] [robot_0.robot_supervisor]: Selected controllable event: EV_approach_zone
[balanced_delivery_supervisor-22] [INFO] [1789488434.017313839] [robot_2.robot_supervisor]: Selected controllable event: EV_search_zone
[balanced_delivery_supervisor-22] [INFO] [1789488434.186238278] [robot_2.robot_supervisor]: Triggered uncontrollable event: EV_zone_a_not_visible
[balanced_delivery_supervisor-22] [INFO] [1789488434.189510514] [robot_2.robot_supervisor]: Selected controllable event: EV_search_zone
[balanced_delivery_supervisor-24] [INFO] [1789488434.206513986] [robot_0.robot_supervisor]: Selected controllable event: EV_move_forward
[balanced_delivery_supervisor-22] [INFO] [1789488434.395234712] [robot_2.robot_supervisor]: Triggered uncontrollable event: EV_zone_b_not_visible
[balanced_delivery_supervisor-22] [INFO] [1789488434.411017074] [robot_2.robot_supervisor]: Selected controllable event: EV_move_forward
[balanced_delivery_supervisor-24] [INFO] [1789488434.488434467] [robot_0.robot_supervisor]: Triggered uncontrollable event: EV_zone_b_visible
[balanced_delivery_supervisor-24] [INFO] [1789488434.500747997] [robot_0.robot_supervisor]: Triggered uncontrollable event: EV_zone_a_not_visible
[balanced_delivery_supervisor-24] [INFO] [1789488434.512295114] [robot_0.robot_supervisor]: Selected controllable event: EV_approach_zone
[balanced_delivery_supervisor-22] [INFO] [1789488434.702329915] [robot_2.robot_supervisor]: Selected controllable event: EV_search_zone
[balanced_delivery_supervisor-24] [INFO] [1789488434.799426230] [robot_0.robot_supervisor]: Selected controllable event: EV_move_forward
[balanced_delivery_supervisor-22] [INFO] [1789488434.899805676] [robot_2.robot_supervisor]: Selected controllable event: EV_move_forward
[balanced_delivery_supervisor-24] [INFO] [1789488435.096446429] [robot_0.robot_supervisor]: Selected controllable event: EV_approach_zone
[balanced_delivery_supervisor-22] [INFO] [1789488435.179567856] [robot_2.robot_supervisor]: Triggered uncontrollable event: EV_zone_a_not_visible
[balanced_delivery_supervisor-22] [INFO] [1789488435.180553070] [robot_2.robot_supervisor]: Selected controllable event: EV_move_forward
[balanced_delivery_supervisor-24] [INFO] [1789488435.415060264] [robot_0.robot_supervisor]: Triggered uncontrollable event: EV_zone_b_visible
[balanced_delivery_supervisor-24] [INFO] [1789488435.419685264] [robot_0.robot_supervisor]: Triggered uncontrollable event: EV_zone_a_not_visible
[balanced_delivery_supervisor-24] [INFO] [1789488435.425556249] [robot_0.robot_supervisor]: Selected controllable event: EV_move_forward
[balanced_delivery_supervisor-22] [INFO] [1789488435.485150161] [robot_2.robot_supervisor]: Triggered uncontrollable event: EV_zone_b_not_visible
[balanced_delivery_supervisor-22] [INFO] [1789488435.486090486] [robot_2.robot_supervisor]: Selected controllable event: EV_search_zone
[balanced_delivery_supervisor-22] [INFO] [1789488435.681287494] [robot_2.robot_supervisor]: Selected controllable event: EV_move_forward
[balanced_delivery_supervisor-24] [INFO] [1789488435.685896344] [robot_0.robot_supervisor]: Selected controllable event: EV_approach_zone
[balanced_delivery_supervisor-24] [INFO] [1789488435.911788571] [robot_0.robot_supervisor]: Selected controllable event: EV_approach_zone
[balanced_delivery_supervisor-22] [INFO] [1789488435.935339322] [robot_2.robot_supervisor]: Selected controllable event: EV_move_forward
[balanced_delivery_supervisor-24] [INFO] [1789488436.123174591] [robot_0.robot_supervisor]: Selected controllable event: EV_approach_zone
[balanced_delivery_supervisor-22] [INFO] [1789488436.183702614] [robot_2.robot_supervisor]: Selected controllable event: EV_move_forward
[balanced_delivery_supervisor-24] [INFO] [1789488436.400422447] [robot_0.robot_supervisor]: DELIVERED zone_b; balance=equal
[balanced_delivery_supervisor-24] [INFO] [1789488436.401243293] [robot_0.robot_supervisor]: Triggered uncontrollable event: EV_zone_a_not_visible
[balanced_delivery_supervisor-22] [INFO] [1789488436.404240292] [robot_2.robot_supervisor]: Triggered uncontrollable event: EV_zone_a_not_visible
[balanced_delivery_supervisor-22] [INFO] [1789488436.410100210] [robot_2.robot_supervisor]: Triggered uncontrollable event: EV_zone_b_not_visible
[balanced_delivery_supervisor-22] [INFO] [1789488436.413350987] [robot_2.robot_supervisor]: Selected controllable event: EV_search_zone
[balanced_delivery_supervisor-24] [INFO] [1789488436.415739556] [robot_0.robot_supervisor]: Triggered uncontrollable event: EV_zone_b_reached
[balanced_delivery_supervisor-24] [INFO] [1789488436.416738785] [robot_0.robot_supervisor]: Selected controllable event: EV_drop_zone_b
[balanced_delivery_supervisor-20] [INFO] [1789488436.447433504] [robot_1.robot_supervisor]: RECEIVED zone_b; balance=equal
[balanced_delivery_supervisor-24] [INFO] [1789488436.478040161] [robot_0.robot_supervisor]: Delivered cargo 'robot_0_carried_generic_box' removed.
[balanced_delivery_supervisor-22] [INFO] [1789488436.482620265] [robot_2.robot_supervisor]: RECEIVED zone_b; balance=equal
[balanced_delivery_supervisor-24] [INFO] [1789488436.504831959] [robot_0.robot_supervisor]: Selected controllable event: EV_publish_delivered_zone_b
[balanced_delivery_supervisor-24] [INFO] [1789488436.594180271] [robot_0.robot_supervisor]: Selected controllable event: EV_search_object
[balanced_delivery_supervisor-22] [INFO] [1789488436.603929842] [robot_2.robot_supervisor]: Triggered uncontrollable event: EV_received_delivered_zone_b
[balanced_delivery_supervisor-22] [INFO] [1789488436.607213265] [robot_2.robot_supervisor]: Selected controllable event: EV_move_forward
[balanced_delivery_supervisor-20] [INFO] [1789488436.776614267] [robot_1.robot_supervisor]: FULL ROTATE completed by timeout
[balanced_delivery_supervisor-24] [INFO] [1789488436.780052179] [robot_0.robot_supervisor]: Selected controllable event: EV_search_object
[balanced_delivery_supervisor-24] [INFO] [1789488436.883210075] [robot_0.robot_supervisor]: Selected controllable event: EV_search_object
[balanced_delivery_supervisor-22] [INFO] [1789488436.908115207] [robot_2.robot_supervisor]: Selected controllable event: EV_move_forward
[balanced_delivery_supervisor-20] [INFO] [1789488436.979006296] [robot_1.robot_supervisor]: Triggered uncontrollable event: EV_obstacle_right
[balanced_delivery_supervisor-20] [INFO] [1789488436.979920032] [robot_1.robot_supervisor]: Triggered uncontrollable event: EV_zone_b_not_visible
[balanced_delivery_supervisor-20] [INFO] [1789488436.980653209] [robot_1.robot_supervisor]: Triggered uncontrollable event: EV_zone_a_reached
[balanced_delivery_supervisor-24] [INFO] [1789488436.986661659] [robot_0.robot_supervisor]: Selected controllable event: EV_move_forward
[balanced_delivery_supervisor-20] [INFO] [1789488437.001350812] [robot_1.robot_supervisor]: Triggered uncontrollable event: EV_received_delivered_zone_b
[balanced_delivery_supervisor-20] [INFO] [1789488437.008388703] [robot_1.robot_supervisor]: Selected controllable event: EV_rotate_counterclockwise
[balanced_delivery_supervisor-20] [WARN] [1789488437.019636382] [robot_1.robot_supervisor]: no translation for 4.4s livelock detected; starting atomic escape (turn_sign=+1)
[balanced_delivery_supervisor-22] [INFO] [1789488437.113757271] [robot_2.robot_supervisor]: Selected controllable event: EV_move_forward
[balanced_delivery_supervisor-24] [INFO] [1789488437.191323171] [robot_0.robot_supervisor]: Selected controllable event: EV_move_forward
[balanced_delivery_supervisor-22] [INFO] [1789488437.381575336] [robot_2.robot_supervisor]: Triggered uncontrollable event: EV_zone_a_not_visible
[balanced_delivery_supervisor-22] [INFO] [1789488437.390235347] [robot_2.robot_supervisor]: Triggered uncontrollable event: EV_zone_b_not_visible
[balanced_delivery_supervisor-22] [INFO] [1789488437.398208783] [robot_2.robot_supervisor]: Selected controllable event: EV_move_forward
[balanced_delivery_supervisor-24] [INFO] [1789488437.488592666] [robot_0.robot_supervisor]: Selected controllable event: EV_search_object
[balanced_delivery_supervisor-24] [INFO] [1789488437.607715613] [robot_0.robot_supervisor]: Selected controllable event: EV_move_forward
[balanced_delivery_supervisor-22] [INFO] [1789488437.687476279] [robot_2.robot_supervisor]: Selected controllable event: EV_search_zone
[balanced_delivery_supervisor-22] [INFO] [1789488437.808330616] [robot_2.robot_supervisor]: Selected controllable event: EV_move_forward
[balanced_delivery_supervisor-24] [INFO] [1789488437.890220974] [robot_0.robot_supervisor]: Selected controllable event: EV_move_forward
[balanced_delivery_supervisor-22] [INFO] [1789488438.116375704] [robot_2.robot_supervisor]: Selected controllable event: EV_move_forward
[balanced_delivery_supervisor-24] [INFO] [1789488438.198971954] [robot_0.robot_supervisor]: Triggered uncontrollable event: EV_obstacle_front
[balanced_delivery_supervisor-24] [INFO] [1789488438.218637507] [robot_0.robot_supervisor]: Selected controllable event: EV_rotate_clockwise
[balanced_delivery_supervisor-24] [INFO] [1789488438.381117998] [robot_0.robot_supervisor]: Triggered uncontrollable event: EV_obstacle_front
[balanced_delivery_supervisor-24] [INFO] [1789488438.382179950] [robot_0.robot_supervisor]: Selected controllable event: EV_rotate_counterclockwise
[balanced_delivery_supervisor-22] [INFO] [1789488438.412747389] [robot_2.robot_supervisor]: Triggered uncontrollable event: EV_zone_a_not_visible
[balanced_delivery_supervisor-22] [INFO] [1789488438.413546241] [robot_2.robot_supervisor]: Triggered uncontrollable event: EV_zone_b_not_visible
[balanced_delivery_supervisor-22] [INFO] [1789488438.414658591] [robot_2.robot_supervisor]: Selected controllable event: EV_move_forward
[balanced_delivery_supervisor-24] [INFO] [1789488438.594757600] [robot_0.robot_supervisor]: Triggered uncontrollable event: EV_obstacle_front
[balanced_delivery_supervisor-24] [INFO] [1789488438.595724519] [robot_0.robot_supervisor]: Selected controllable event: EV_rotate_counterclockwise
[balanced_delivery_supervisor-22] [INFO] [1789488438.704296007] [robot_2.robot_supervisor]: Selected controllable event: EV_search_zone
[balanced_delivery_supervisor-24] [INFO] [1789488438.799794045] [robot_0.robot_supervisor]: Triggered uncontrollable event: EV_obstacle_front
[balanced_delivery_supervisor-24] [INFO] [1789488438.800795654] [robot_0.robot_supervisor]: Selected controllable event: EV_u_turn
[balanced_delivery_supervisor-24] [INFO] [1789488438.815385456] [robot_0.robot_supervisor]: Starting FULL ROTATE (omega=1.000, have_odom=True, target_rad=3.142, timeout_s=3.500)
[balanced_delivery_supervisor-22] [INFO] [1789488438.904643178] [robot_2.robot_supervisor]: Selected controllable event: EV_move_forward
[balanced_delivery_supervisor-22] [INFO] [1789488439.211017137] [robot_2.robot_supervisor]: Triggered uncontrollable event: EV_zone_a_not_visible
[balanced_delivery_supervisor-22] [INFO] [1789488439.211873696] [robot_2.robot_supervisor]: Triggered uncontrollable event: EV_obstacle_left
[balanced_delivery_supervisor-22] [INFO] [1789488439.212637219] [robot_2.robot_supervisor]: Triggered uncontrollable event: EV_zone_b_not_visible
[balanced_delivery_supervisor-22] [INFO] [1789488439.213627175] [robot_2.robot_supervisor]: Selected controllable event: EV_u_turn
[balanced_delivery_supervisor-22] [INFO] [1789488439.229820451] [robot_2.robot_supervisor]: Starting FULL ROTATE (omega=1.000, have_odom=True, target_rad=3.142, timeout_s=3.500)
[balanced_delivery_supervisor-20] [INFO] [1789488439.480298538] [robot_1.robot_supervisor]: Zone-livelock escape completed
[balanced_delivery_supervisor-20] [INFO] [1789488439.696395890] [robot_1.robot_supervisor]: Triggered uncontrollable event: EV_zone_b_not_visible
[balanced_delivery_supervisor-20] [INFO] [1789488439.700973030] [robot_1.robot_supervisor]: Triggered uncontrollable event: EV_zone_a_reached
[balanced_delivery_supervisor-20] [INFO] [1789488439.702086323] [robot_1.robot_supervisor]: Selected controllable event: EV_move_forward
[color_detector-31] [INFO] [1789488439.879018155] [robot_0.target_detector]: RGB HEARTBEAT frames_total=120 recent_rate_hz=1.036 last_frame_age_s=0.827 status=OK
[color_detector-27] [INFO] [1789488439.881583016] [robot_1.target_detector]: RGB HEARTBEAT frames_total=120 recent_rate_hz=1.036 last_frame_age_s=0.944 status=OK
[color_detector-29] [INFO] [1789488439.900900817] [robot_2.target_detector]: RGB HEARTBEAT frames_total=120 recent_rate_hz=1.035 last_frame_age_s=0.934 status=OK
[balanced_delivery_supervisor-20] [INFO] [1789488439.980273338] [robot_1.robot_supervisor]: Selected controllable event: EV_move_forward
[balanced_delivery_supervisor-20] [INFO] [1789488440.269231368] [robot_1.robot_supervisor]: Triggered uncontrollable event: EV_zone_b_not_visible
[balanced_delivery_supervisor-20] [INFO] [1789488440.286273846] [robot_1.robot_supervisor]: Triggered uncontrollable event: EV_zone_a_reached
[balanced_delivery_supervisor-20] [INFO] [1789488440.292185467] [robot_1.robot_supervisor]: Selected controllable event: EV_search_zone
[balanced_delivery_supervisor-20] [INFO] [1789488440.472496823] [robot_1.robot_supervisor]: Selected controllable event: EV_search_zone
[balanced_delivery_supervisor-20] [INFO] [1789488440.577778394] [robot_1.robot_supervisor]: Selected controllable event: EV_search_zone
[balanced_delivery_supervisor-20] [INFO] [1789488440.763996091] [robot_1.robot_supervisor]: Selected controllable event: EV_move_forward
[balanced_delivery_supervisor-20] [INFO] [1789488440.995079559] [robot_1.robot_supervisor]: Selected controllable event: EV_move_forward
[balanced_delivery_supervisor-20] [INFO] [1789488441.266205197] [robot_1.robot_supervisor]: Triggered uncontrollable event: EV_zone_b_visible
[balanced_delivery_supervisor-20] [INFO] [1789488441.267124635] [robot_1.robot_supervisor]: Triggered uncontrollable event: EV_zone_a_reached
[balanced_delivery_supervisor-20] [INFO] [1789488441.288809452] [robot_1.robot_supervisor]: Selected controllable event: EV_move_forward
[balanced_delivery_supervisor-20] [INFO] [1789488441.565141537] [robot_1.robot_supervisor]: Selected controllable event: EV_approach_zone
[balanced_delivery_supervisor-20] [INFO] [1789488441.789670626] [robot_1.robot_supervisor]: Selected controllable event: EV_move_forward
[balanced_delivery_supervisor-20] [INFO] [1789488442.062863266] [robot_1.robot_supervisor]: Selected controllable event: EV_approach_zone
[balanced_delivery_supervisor-24] [INFO] [1789488442.302235749] [robot_0.robot_supervisor]: FULL ROTATE completed by timeout
[balanced_delivery_supervisor-20] [INFO] [1789488442.379510936] [robot_1.robot_supervisor]: Triggered uncontrollable event: EV_zone_b_visible
[balanced_delivery_supervisor-20] [INFO] [1789488442.399099988] [robot_1.robot_supervisor]: Triggered uncontrollable event: EV_zone_a_reached
[balanced_delivery_supervisor-20] [INFO] [1789488442.410786297] [robot_1.robot_supervisor]: Selected controllable event: EV_approach_zone
[balanced_delivery_supervisor-24] [INFO] [1789488442.603194306] [robot_0.robot_supervisor]: Selected controllable event: EV_search_object
[balanced_delivery_supervisor-20] [INFO] [1789488442.651633661] [robot_1.robot_supervisor]: Selected controllable event: EV_move_forward
[balanced_delivery_supervisor-22] [INFO] [1789488442.770911803] [robot_2.robot_supervisor]: FULL ROTATE completed by timeout
[balanced_delivery_supervisor-24] [INFO] [1789488442.790764573] [robot_0.robot_supervisor]: Selected controllable event: EV_move_forward
[balanced_delivery_supervisor-20] [INFO] [1789488442.863646041] [robot_1.robot_supervisor]: Selected controllable event: EV_approach_zone
[balanced_delivery_supervisor-22] [INFO] [1789488442.983671070] [robot_2.robot_supervisor]: Triggered uncontrollable event: EV_zone_a_not_visible
[balanced_delivery_supervisor-22] [INFO] [1789488442.997517785] [robot_2.robot_supervisor]: Triggered uncontrollable event: EV_obstacle_right
[balanced_delivery_supervisor-22] [INFO] [1789488442.998346382] [robot_2.robot_supervisor]: Triggered uncontrollable event: EV_zone_b_not_visible
[balanced_delivery_supervisor-22] [INFO] [1789488442.999606211] [robot_2.robot_supervisor]: Selected controllable event: EV_u_turn
[balanced_delivery_supervisor-20] [INFO] [1789488443.071608669] [robot_1.robot_supervisor]: Selected controllable event: EV_approach_zone
[balanced_delivery_supervisor-22] [INFO] [1789488443.092143990] [robot_2.robot_supervisor]: Triggered uncontrollable event: EV_obstacle_right
[balanced_delivery_supervisor-22] [INFO] [1789488443.093087281] [robot_2.robot_supervisor]: Selected controllable event: EV_rotate_counterclockwise
[balanced_delivery_supervisor-22] [WARN] [1789488443.093824645] [robot_2.robot_supervisor]: no translation for 4.4s livelock detected; starting atomic escape (turn_sign=+1)
[balanced_delivery_supervisor-24] [INFO] [1789488443.104827401] [robot_0.robot_supervisor]: Selected controllable event: EV_search_object
[balanced_delivery_supervisor-20] [INFO] [1789488443.282212457] [robot_1.robot_supervisor]: Triggered uncontrollable event: EV_zone_a_reached
[balanced_delivery_supervisor-20] [INFO] [1789488443.283440414] [robot_1.robot_supervisor]: Selected controllable event: EV_approach_zone
[balanced_delivery_supervisor-24] [INFO] [1789488443.289390155] [robot_0.robot_supervisor]: Selected controllable event: EV_move_forward
[balanced_delivery_supervisor-20] [INFO] [1789488443.569697683] [robot_1.robot_supervisor]: Triggered uncontrollable event: EV_zone_b_visible
[balanced_delivery_supervisor-20] [INFO] [1789488443.570873061] [robot_1.robot_supervisor]: Selected controllable event: EV_approach_zone
[balanced_delivery_supervisor-24] [INFO] [1789488443.574291507] [robot_0.robot_supervisor]: Selected controllable event: EV_search_object
[balanced_delivery_supervisor-24] [INFO] [1789488443.710564552] [robot_0.robot_supervisor]: Selected controllable event: EV_search_object
[balanced_delivery_supervisor-20] [INFO] [1789488443.777167647] [robot_1.robot_supervisor]: Selected controllable event: EV_move_forward
[balanced_delivery_supervisor-24] [INFO] [1789488443.902564796] [robot_0.robot_supervisor]: Selected controllable event: EV_search_object
[balanced_delivery_supervisor-20] [INFO] [1789488443.994250153] [robot_1.robot_supervisor]: Selected controllable event: EV_move_forward
[balanced_delivery_supervisor-24] [INFO] [1789488444.083367070] [robot_0.robot_supervisor]: Selected controllable event: EV_move_forward
[balanced_delivery_supervisor-20] [INFO] [1789488444.272923587] [robot_1.robot_supervisor]: Triggered uncontrollable event: EV_zone_b_visible
[balanced_delivery_supervisor-20] [INFO] [1789488444.280588495] [robot_1.robot_supervisor]: Triggered uncontrollable event: EV_zone_a_reached
[balanced_delivery_supervisor-20] [INFO] [1789488444.291772700] [robot_1.robot_supervisor]: Selected controllable event: EV_move_forward
[balanced_delivery_supervisor-24] [INFO] [1789488444.397593143] [robot_0.robot_supervisor]: Selected controllable event: EV_move_forward
[balanced_delivery_supervisor-20] [INFO] [1789488444.567419470] [robot_1.robot_supervisor]: Selected controllable event: EV_approach_zone
[balanced_delivery_supervisor-24] [INFO] [1789488444.683969955] [robot_0.robot_supervisor]: Selected controllable event: EV_move_forward
[balanced_delivery_supervisor-20] [INFO] [1789488444.769250877] [robot_1.robot_supervisor]: Selected controllable event: EV_approach_zone
[balanced_delivery_supervisor-20] [INFO] [1789488444.990420271] [robot_1.robot_supervisor]: Selected controllable event: EV_move_forward
[balanced_delivery_supervisor-24] [INFO] [1789488444.998563845] [robot_0.robot_supervisor]: Selected controllable event: EV_move_forward
[balanced_delivery_supervisor-20] [INFO] [1789488445.275227699] [robot_1.robot_supervisor]: Triggered uncontrollable event: EV_zone_b_visible
[balanced_delivery_supervisor-20] [INFO] [1789488445.291960370] [robot_1.robot_supervisor]: Triggered uncontrollable event: EV_zone_a_not_visible
[balanced_delivery_supervisor-20] [INFO] [1789488445.292920316] [robot_1.robot_supervisor]: Selected controllable event: EV_move_forward
[balanced_delivery_supervisor-24] [INFO] [1789488445.297370552] [robot_0.robot_supervisor]: Selected controllable event: EV_search_object
[balanced_delivery_supervisor-24] [INFO] [1789488445.509377581] [robot_0.robot_supervisor]: Selected controllable event: EV_search_object
[balanced_delivery_supervisor-20] [INFO] [1789488445.566662607] [robot_1.robot_supervisor]: Selected controllable event: EV_approach_zone
[balanced_delivery_supervisor-22] [INFO] [1789488445.681587630] [robot_2.robot_supervisor]: Zone-livelock escape completed
[balanced_delivery_supervisor-24] [INFO] [1789488445.698025478] [robot_0.robot_supervisor]: Selected controllable event: EV_move_forward
[balanced_delivery_supervisor-20] [INFO] [1789488445.882698299] [robot_1.robot_supervisor]: Selected controllable event: EV_move_forward
[balanced_delivery_supervisor-22] [INFO] [1789488445.904283562] [robot_2.robot_supervisor]: Triggered uncontrollable event: EV_zone_a_not_visible
[balanced_delivery_supervisor-22] [INFO] [1789488445.911107411] [robot_2.robot_supervisor]: Triggered uncontrollable event: EV_zone_b_not_visible
[balanced_delivery_supervisor-22] [INFO] [1789488445.922319915] [robot_2.robot_supervisor]: Selected controllable event: EV_move_forward
[balanced_delivery_supervisor-24] [INFO] [1789488446.004406612] [robot_0.robot_supervisor]: Selected controllable event: EV_move_forward
[balanced_delivery_supervisor-20] [INFO] [1789488446.199724074] [robot_1.robot_supervisor]: Triggered uncontrollable event: EV_zone_a_not_visible
[balanced_delivery_supervisor-22] [INFO] [1789488446.205102115] [robot_2.robot_supervisor]: Selected controllable event: EV_move_forward
[balanced_delivery_supervisor-20] [INFO] [1789488446.226837204] [robot_1.robot_supervisor]: Triggered uncontrollable event: EV_obstacle_right
[balanced_delivery_supervisor-20] [INFO] [1789488446.229572006] [robot_1.robot_supervisor]: Selected controllable event: EV_rotate_counterclockwise
[balanced_delivery_supervisor-24] [INFO] [1789488446.300420357] [robot_0.robot_supervisor]: Selected controllable event: EV_search_object
[balanced_delivery_supervisor-20] [INFO] [1789488446.373421683] [robot_1.robot_supervisor]: Triggered uncontrollable event: EV_zone_b_visible
[balanced_delivery_supervisor-20] [INFO] [1789488446.374260699] [robot_1.robot_supervisor]: Triggered uncontrollable event: EV_obstacle_right
[balanced_delivery_supervisor-20] [INFO] [1789488446.375219774] [robot_1.robot_supervisor]: Selected controllable event: EV_u_turn
[balanced_delivery_supervisor-20] [INFO] [1789488446.386125021] [robot_1.robot_supervisor]: Starting FULL ROTATE (omega=1.000, have_odom=True, target_rad=3.142, timeout_s=3.500)
[balanced_delivery_supervisor-24] [INFO] [1789488446.407377637] [robot_0.robot_supervisor]: Triggered uncontrollable event: EV_obstacle_right
[balanced_delivery_supervisor-24] [INFO] [1789488446.419724879] [robot_0.robot_supervisor]: Selected controllable event: EV_rotate_counterclockwise
[balanced_delivery_supervisor-22] [INFO] [1789488446.502297576] [robot_2.robot_supervisor]: Triggered uncontrollable event: EV_zone_a_not_visible
[balanced_delivery_supervisor-22] [INFO] [1789488446.505887381] [robot_2.robot_supervisor]: Triggered uncontrollable event: EV_zone_b_not_visible
[balanced_delivery_supervisor-22] [INFO] [1789488446.506766199] [robot_2.robot_supervisor]: Selected controllable event: EV_search_zone
[balanced_delivery_supervisor-24] [INFO] [1789488446.585289707] [robot_0.robot_supervisor]: Triggered uncontrollable event: EV_obstacle_right
[balanced_delivery_supervisor-24] [INFO] [1789488446.593657371] [robot_0.robot_supervisor]: Selected controllable event: EV_rotate_counterclockwise
[balanced_delivery_supervisor-22] [INFO] [1789488446.709076212] [robot_2.robot_supervisor]: Selected controllable event: EV_move_forward
[balanced_delivery_supervisor-24] [INFO] [1789488446.797423130] [robot_0.robot_supervisor]: Triggered uncontrollable event: EV_obstacle_right
[balanced_delivery_supervisor-24] [INFO] [1789488446.799213010] [robot_0.robot_supervisor]: Selected controllable event: EV_rotate_counterclockwise
[balanced_delivery_supervisor-22] [INFO] [1789488446.999561410] [robot_2.robot_supervisor]: Selected controllable event: EV_search_zone
[balanced_delivery_supervisor-24] [INFO] [1789488447.001975430] [robot_0.robot_supervisor]: Triggered uncontrollable event: EV_obstacle_right
[balanced_delivery_supervisor-24] [INFO] [1789488447.002890969] [robot_0.robot_supervisor]: Selected controllable event: EV_rotate_counterclockwise
[balanced_delivery_supervisor-22] [INFO] [1789488447.187015461] [robot_2.robot_supervisor]: Selected controllable event: EV_search_zone
[balanced_delivery_supervisor-24] [INFO] [1789488447.216156885] [robot_0.robot_supervisor]: Triggered uncontrollable event: EV_obstacle_right
[balanced_delivery_supervisor-24] [INFO] [1789488447.217208093] [robot_0.robot_supervisor]: Selected controllable event: EV_rotate_counterclockwise
[balanced_delivery_supervisor-22] [INFO] [1789488447.302754826] [robot_2.robot_supervisor]: Triggered uncontrollable event: EV_zone_a_not_visible
[balanced_delivery_supervisor-22] [INFO] [1789488447.303694114] [robot_2.robot_supervisor]: Selected controllable event: EV_search_zone
[balanced_delivery_supervisor-24] [INFO] [1789488447.389316408] [robot_0.robot_supervisor]: Triggered uncontrollable event: EV_obstacle_right
[balanced_delivery_supervisor-24] [INFO] [1789488447.403100903] [robot_0.robot_supervisor]: Selected controllable event: EV_u_turn
[balanced_delivery_supervisor-24] [INFO] [1789488447.408476051] [robot_0.robot_supervisor]: Starting FULL ROTATE (omega=1.000, have_odom=True, target_rad=3.142, timeout_s=3.500)
[balanced_delivery_supervisor-22] [INFO] [1789488447.477777642] [robot_2.robot_supervisor]: Triggered uncontrollable event: EV_zone_b_not_visible
[balanced_delivery_supervisor-22] [INFO] [1789488447.492091046] [robot_2.robot_supervisor]: Selected controllable event: EV_search_zone
[balanced_delivery_supervisor-22] [INFO] [1789488447.609918675] [robot_2.robot_supervisor]: Selected controllable event: EV_search_zone
[balanced_delivery_supervisor-22] [INFO] [1789488447.808136234] [robot_2.robot_supervisor]: Selected controllable event: EV_search_zone
[balanced_delivery_supervisor-22] [INFO] [1789488447.912104782] [robot_2.robot_supervisor]: Selected controllable event: EV_search_zone
[balanced_delivery_supervisor-22] [INFO] [1789488448.116811255] [robot_2.robot_supervisor]: Selected controllable event: EV_search_zone
[balanced_delivery_supervisor-22] [INFO] [1789488448.299363547] [robot_2.robot_supervisor]: Triggered uncontrollable event: EV_zone_a_not_visible
[balanced_delivery_supervisor-22] [INFO] [1789488448.310806372] [robot_2.robot_supervisor]: Triggered uncontrollable event: EV_zone_b_not_visible
[balanced_delivery_supervisor-22] [INFO] [1789488448.311857324] [robot_2.robot_supervisor]: Selected controllable event: EV_move_forward
[balanced_delivery_supervisor-22] [INFO] [1789488448.602254087] [robot_2.robot_supervisor]: Selected controllable event: EV_search_zone
[balanced_delivery_supervisor-22] [INFO] [1789488448.786123484] [robot_2.robot_supervisor]: Selected controllable event: EV_move_forward
[balanced_delivery_supervisor-22] [INFO] [1789488449.006816664] [robot_2.robot_supervisor]: Triggered uncontrollable event: EV_zone_a_visible
[balanced_delivery_supervisor-22] [INFO] [1789488449.007817378] [robot_2.robot_supervisor]: Selected controllable event: EV_move_forward
[balanced_delivery_supervisor-22] [INFO] [1789488449.279570798] [robot_2.robot_supervisor]: Triggered uncontrollable event: EV_zone_b_not_visible
[balanced_delivery_supervisor-22] [INFO] [1789488449.280491528] [robot_2.robot_supervisor]: Selected controllable event: EV_move_forward
[balanced_delivery_supervisor-22] [INFO] [1789488449.492621141] [robot_2.robot_supervisor]: Selected controllable event: EV_move_forward
[color_detector-29] [INFO] [1789488449.690088130] [robot_2.target_detector]: RGB HEARTBEAT frames_total=130 recent_rate_hz=1.023 last_frame_age_s=0.730 status=OK
[color_detector-31] [INFO] [1789488449.692009885] [robot_0.target_detector]: RGB HEARTBEAT frames_total=130 recent_rate_hz=1.019 last_frame_age_s=0.651 status=OK
[color_detector-27] [INFO] [1789488449.695842058] [robot_1.target_detector]: RGB HEARTBEAT frames_total=130 recent_rate_hz=1.018 last_frame_age_s=0.794 status=OK
[balanced_delivery_supervisor-22] [INFO] [1789488449.708472669] [robot_2.robot_supervisor]: Selected controllable event: EV_approach_zone
[balanced_delivery_supervisor-20] [INFO] [1789488449.967588951] [robot_1.robot_supervisor]: FULL ROTATE completed by timeout
[balanced_delivery_supervisor-22] [INFO] [1789488449.992375329] [robot_2.robot_supervisor]: Triggered uncontrollable event: EV_zone_a_visible
[balanced_delivery_supervisor-22] [INFO] [1789488450.010473859] [robot_2.robot_supervisor]: Triggered uncontrollable event: EV_zone_b_not_visible
[balanced_delivery_supervisor-22] [INFO] [1789488450.015880899] [robot_2.robot_supervisor]: Selected controllable event: EV_move_forward
[balanced_delivery_supervisor-20] [INFO] [1789488450.176035237] [robot_1.robot_supervisor]: Triggered uncontrollable event: EV_zone_b_visible
[balanced_delivery_supervisor-20] [INFO] [1789488450.185015947] [robot_1.robot_supervisor]: Triggered uncontrollable event: EV_zone_a_not_visible
[balanced_delivery_supervisor-20] [INFO] [1789488450.186002363] [robot_1.robot_supervisor]: Selected controllable event: EV_move_forward
[balanced_delivery_supervisor-22] [INFO] [1789488450.289750384] [robot_2.robot_supervisor]: Selected controllable event: EV_move_forward
[balanced_delivery_supervisor-20] [INFO] [1789488450.468378196] [robot_1.robot_supervisor]: Selected controllable event: EV_move_forward
[balanced_delivery_supervisor-22] [INFO] [1789488450.579642579] [robot_2.robot_supervisor]: Selected controllable event: EV_approach_zone
[balanced_delivery_supervisor-20] [INFO] [1789488450.771177658] [robot_1.robot_supervisor]: Triggered uncontrollable event: EV_zone_a_not_visible
[balanced_delivery_supervisor-20] [INFO] [1789488450.772119079] [robot_1.robot_supervisor]: Selected controllable event: EV_approach_zone
[balanced_delivery_supervisor-22] [INFO] [1789488450.802585153] [robot_2.robot_supervisor]: Triggered uncontrollable event: EV_zone_a_visible
[balanced_delivery_supervisor-22] [INFO] [1789488450.803561728] [robot_2.robot_supervisor]: Selected controllable event: EV_move_forward
[balanced_delivery_supervisor-24] [INFO] [1789488450.991549199] [robot_0.robot_supervisor]: FULL ROTATE completed by timeout
[balanced_delivery_supervisor-20] [INFO] [1789488451.049935248] [robot_1.robot_supervisor]: Triggered uncontrollable event: EV_zone_b_visible
[balanced_delivery_supervisor-20] [INFO] [1789488451.053120252] [robot_1.robot_supervisor]: Selected controllable event: EV_approach_zone
[balanced_delivery_supervisor-22] [INFO] [1789488451.097102949] [robot_2.robot_supervisor]: Triggered uncontrollable event: EV_zone_b_not_visible
[balanced_delivery_supervisor-22] [INFO] [1789488451.104462233] [robot_2.robot_supervisor]: Selected controllable event: EV_move_forward
[balanced_delivery_supervisor-20] [INFO] [1789488451.265276743] [robot_1.robot_supervisor]: Selected controllable event: EV_approach_zone
[balanced_delivery_supervisor-24] [INFO] [1789488451.293464502] [robot_0.robot_supervisor]: Selected controllable event: EV_search_object
[balanced_delivery_supervisor-22] [INFO] [1789488451.399299944] [robot_2.robot_supervisor]: Selected controllable event: EV_move_forward
[balanced_delivery_supervisor-20] [INFO] [1789488451.476787611] [robot_1.robot_supervisor]: Selected controllable event: EV_approach_zone
[balanced_delivery_supervisor-24] [INFO] [1789488451.484320243] [robot_0.robot_supervisor]: Selected controllable event: EV_move_forward
[balanced_delivery_supervisor-22] [INFO] [1789488451.607029347] [robot_2.robot_supervisor]: Selected controllable event: EV_move_forward
[balanced_delivery_supervisor-24] [INFO] [1789488451.689016825] [robot_0.robot_supervisor]: Selected controllable event: EV_search_object
[balanced_delivery_supervisor-20] [INFO] [1789488451.776807869] [robot_1.robot_supervisor]: Triggered uncontrollable event: EV_zone_a_not_visible
[balanced_delivery_supervisor-20] [INFO] [1789488451.791714638] [robot_1.robot_supervisor]: Selected controllable event: EV_move_forward
[balanced_delivery_supervisor-24] [INFO] [1789488451.803766577] [robot_0.robot_supervisor]: Selected controllable event: EV_move_forward
[balanced_delivery_supervisor-22] [INFO] [1789488451.907034249] [robot_2.robot_supervisor]: Triggered uncontrollable event: EV_zone_a_visible
[balanced_delivery_supervisor-22] [INFO] [1789488451.907824510] [robot_2.robot_supervisor]: Triggered uncontrollable event: EV_zone_b_not_visible
[balanced_delivery_supervisor-22] [INFO] [1789488451.908661384] [robot_2.robot_supervisor]: Selected controllable event: EV_approach_zone
[balanced_delivery_supervisor-24] [INFO] [1789488452.008463907] [robot_0.robot_supervisor]: Selected controllable event: EV_move_forward
[balanced_delivery_supervisor-20] [INFO] [1789488452.060001532] [robot_1.robot_supervisor]: Triggered uncontrollable event: EV_zone_b_visible
[balanced_delivery_supervisor-20] [INFO] [1789488452.068542232] [robot_1.robot_supervisor]: Selected controllable event: EV_move_forward
[balanced_delivery_supervisor-22] [INFO] [1789488452.198502998] [robot_2.robot_supervisor]: Selected controllable event: EV_move_forward
[balanced_delivery_supervisor-24] [INFO] [1789488452.276332613] [robot_0.robot_supervisor]: Selected controllable event: EV_move_forward
[balanced_delivery_supervisor-20] [INFO] [1789488452.361710279] [robot_1.robot_supervisor]: Selected controllable event: EV_move_forward
[balanced_delivery_supervisor-24] [INFO] [1789488452.494709471] [robot_0.robot_supervisor]: Selected controllable event: EV_move_forward
[balanced_delivery_supervisor-22] [INFO] [1789488452.525789959] [robot_2.robot_supervisor]: Selected controllable event: EV_move_forward
[balanced_delivery_supervisor-20] [INFO] [1789488452.697808296] [robot_1.robot_supervisor]: Triggered uncontrollable event: EV_zone_a_not_visible
[balanced_delivery_supervisor-20] [INFO] [1789488452.717095253] [robot_1.robot_supervisor]: Triggered uncontrollable event: EV_zone_b_not_visible
[balanced_delivery_supervisor-20] [INFO] [1789488452.720399172] [robot_1.robot_supervisor]: Selected controllable event: EV_search_zone
[balanced_delivery_supervisor-24] [INFO] [1789488452.800184211] [robot_0.robot_supervisor]: Selected controllable event: EV_search_object
[balanced_delivery_supervisor-22] [INFO] [1789488452.804125999] [robot_2.robot_supervisor]: Triggered uncontrollable event: EV_zone_a_visible
[balanced_delivery_supervisor-22] [INFO] [1789488452.804862261] [robot_2.robot_supervisor]: Triggered uncontrollable event: EV_zone_b_not_visible
[balanced_delivery_supervisor-22] [INFO] [1789488452.826876791] [robot_2.robot_supervisor]: Selected controllable event: EV_move_forward
[balanced_delivery_supervisor-20] [INFO] [1789488452.861374334] [robot_1.robot_supervisor]: Selected controllable event: EV_search_zone
[balanced_delivery_supervisor-20] [INFO] [1789488452.970294367] [robot_1.robot_supervisor]: Selected controllable event: EV_move_forward
[balanced_delivery_supervisor-24] [INFO] [1789488452.978626880] [robot_0.robot_supervisor]: Selected controllable event: EV_search_object
[balanced_delivery_supervisor-22] [INFO] [1789488453.109255798] [robot_2.robot_supervisor]: Selected controllable event: EV_move_forward
[balanced_delivery_supervisor-24] [INFO] [1789488453.196032031] [robot_0.robot_supervisor]: Selected controllable event: EV_move_forward
[balanced_delivery_supervisor-20] [INFO] [1789488453.265552052] [robot_1.robot_supervisor]: Selected controllable event: EV_move_forward
[balanced_delivery_supervisor-22] [INFO] [1789488453.388542114] [robot_2.robot_supervisor]: Selected controllable event: EV_approach_zone
[balanced_delivery_supervisor-24] [INFO] [1789488453.496808745] [robot_0.robot_supervisor]: Selected controllable event: EV_search_object
[balanced_delivery_supervisor-20] [INFO] [1789488453.571442863] [robot_1.robot_supervisor]: Triggered uncontrollable event: EV_zone_a_not_visible
[balanced_delivery_supervisor-20] [INFO] [1789488453.572203090] [robot_1.robot_supervisor]: Triggered uncontrollable event: EV_zone_b_not_visible
[balanced_delivery_supervisor-20] [INFO] [1789488453.586711353] [robot_1.robot_supervisor]: Selected controllable event: EV_search_zone
[balanced_delivery_supervisor-24] [INFO] [1789488453.619649890] [robot_0.robot_supervisor]: Selected controllable event: EV_move_forward
[balanced_delivery_supervisor-22] [INFO] [1789488453.710055436] [robot_2.robot_supervisor]: Triggered uncontrollable event: EV_zone_b_not_visible
[balanced_delivery_supervisor-22] [INFO] [1789488453.718235713] [robot_2.robot_supervisor]: Triggered uncontrollable event: EV_zone_a_reached
[balanced_delivery_supervisor-22] [INFO] [1789488453.719132004] [robot_2.robot_supervisor]: Selected controllable event: EV_move_forward
[balanced_delivery_supervisor-20] [INFO] [1789488453.768347932] [robot_1.robot_supervisor]: Selected controllable event: EV_search_zone
[balanced_delivery_supervisor-24] [INFO] [1789488453.877679994] [robot_0.robot_supervisor]: Selected controllable event: EV_move_forward
[balanced_delivery_supervisor-20] [INFO] [1789488453.977840780] [robot_1.robot_supervisor]: Selected controllable event: EV_search_zone
[balanced_delivery_supervisor-22] [INFO] [1789488453.997626499] [robot_2.robot_supervisor]: Selected controllable event: EV_move_forward
[balanced_delivery_supervisor-20] [INFO] [1789488454.172620119] [robot_1.robot_supervisor]: Selected controllable event: EV_move_forward
[balanced_delivery_supervisor-24] [INFO] [1789488454.224778718] [robot_0.robot_supervisor]: Selected controllable event: EV_search_object
[balanced_delivery_supervisor-22] [INFO] [1789488454.275260124] [robot_2.robot_supervisor]: Selected controllable event: EV_move_forward
[balanced_delivery_supervisor-24] [INFO] [1789488454.390214068] [robot_0.robot_supervisor]: Selected controllable event: EV_search_object
[balanced_delivery_supervisor-20] [INFO] [1789488454.451347164] [robot_1.robot_supervisor]: Triggered uncontrollable event: EV_zone_a_not_visible
[balanced_delivery_supervisor-20] [INFO] [1789488454.454404599] [robot_1.robot_supervisor]: Triggered uncontrollable event: EV_zone_b_not_visible
[balanced_delivery_supervisor-20] [INFO] [1789488454.460727500] [robot_1.robot_supervisor]: Selected controllable event: EV_move_forward
[balanced_delivery_supervisor-22] [INFO] [1789488454.503375436] [robot_2.robot_supervisor]: Triggered uncontrollable event: EV_obstacle_front
[balanced_delivery_supervisor-22] [INFO] [1789488454.504109565] [robot_2.robot_supervisor]: Triggered uncontrollable event: EV_zone_b_not_visible
[balanced_delivery_supervisor-22] [INFO] [1789488454.504846405] [robot_2.robot_supervisor]: Triggered uncontrollable event: EV_zone_a_reached
[balanced_delivery_supervisor-22] [INFO] [1789488454.505811816] [robot_2.robot_supervisor]: Selected controllable event: EV_u_turn
[balanced_delivery_supervisor-22] [INFO] [1789488454.521790089] [robot_2.robot_supervisor]: Starting FULL ROTATE (omega=1.000, have_odom=True, target_rad=3.142, timeout_s=3.500)
[balanced_delivery_supervisor-24] [INFO] [1789488454.593243677] [robot_0.robot_supervisor]: Selected controllable event: EV_search_object
[balanced_delivery_supervisor-20] [INFO] [1789488454.668260514] [robot_1.robot_supervisor]: Selected controllable event: EV_move_forward
[balanced_delivery_supervisor-24] [INFO] [1789488454.784426941] [robot_0.robot_supervisor]: Selected controllable event: EV_move_forward
[balanced_delivery_supervisor-20] [INFO] [1789488454.967097257] [robot_1.robot_supervisor]: Selected controllable event: EV_search_zone
[balanced_delivery_supervisor-24] [INFO] [1789488454.996958659] [robot_0.robot_supervisor]: Selected controllable event: EV_search_object
[balanced_delivery_supervisor-24] [INFO] [1789488455.116797281] [robot_0.robot_supervisor]: Selected controllable event: EV_move_forward
[balanced_delivery_supervisor-20] [INFO] [1789488455.183632025] [robot_1.robot_supervisor]: Selected controllable event: EV_move_forward
[balanced_delivery_supervisor-24] [INFO] [1789488455.378316425] [robot_0.robot_supervisor]: Selected controllable event: EV_search_object
[balanced_delivery_supervisor-20] [INFO] [1789488455.467475283] [robot_1.robot_supervisor]: Triggered uncontrollable event: EV_zone_a_not_visible
[balanced_delivery_supervisor-20] [INFO] [1789488455.476592904] [robot_1.robot_supervisor]: Triggered uncontrollable event: EV_zone_b_not_visible
[balanced_delivery_supervisor-20] [INFO] [1789488455.477643325] [robot_1.robot_supervisor]: Selected controllable event: EV_search_zone
[balanced_delivery_supervisor-24] [INFO] [1789488455.603373794] [robot_0.robot_supervisor]: Selected controllable event: EV_move_forward
[balanced_delivery_supervisor-20] [INFO] [1789488455.665370769] [robot_1.robot_supervisor]: Selected controllable event: EV_move_forward
[balanced_delivery_supervisor-20] [INFO] [1789488455.879157115] [robot_1.robot_supervisor]: Selected controllable event: EV_search_zone
[balanced_delivery_supervisor-24] [INFO] [1789488455.925166018] [robot_0.robot_supervisor]: Selected controllable event: EV_search_object
[balanced_delivery_supervisor-20] [INFO] [1789488456.087358560] [robot_1.robot_supervisor]: Selected controllable event: EV_search_zone
[balanced_delivery_supervisor-24] [INFO] [1789488456.113892328] [robot_0.robot_supervisor]: Selected controllable event: EV_search_object
[balanced_delivery_supervisor-20] [INFO] [1789488456.278147004] [robot_1.robot_supervisor]: Triggered uncontrollable event: EV_zone_a_not_visible
[balanced_delivery_supervisor-20] [INFO] [1789488456.282200031] [robot_1.robot_supervisor]: Triggered uncontrollable event: EV_zone_b_not_visible
[balanced_delivery_supervisor-24] [INFO] [1789488456.283613773] [robot_0.robot_supervisor]: Selected controllable event: EV_move_forward
[balanced_delivery_supervisor-20] [INFO] [1789488456.290623913] [robot_1.robot_supervisor]: Selected controllable event: EV_search_zone
[balanced_delivery_supervisor-20] [INFO] [1789488456.466861085] [robot_1.robot_supervisor]: Selected controllable event: EV_move_forward
[balanced_delivery_supervisor-24] [INFO] [1789488456.577634945] [robot_0.robot_supervisor]: Selected controllable event: EV_search_object
[balanced_delivery_supervisor-20] [INFO] [1789488456.674495018] [robot_1.robot_supervisor]: Selected controllable event: EV_search_zone
[balanced_delivery_supervisor-24] [INFO] [1789488456.682776698] [robot_0.robot_supervisor]: Selected controllable event: EV_move_forward
[balanced_delivery_supervisor-20] [INFO] [1789488456.783980997] [robot_1.robot_supervisor]: Selected controllable event: EV_search_zone
[balanced_delivery_supervisor-24] [INFO] [1789488456.924786940] [robot_0.robot_supervisor]: Selected controllable event: EV_search_object
[balanced_delivery_supervisor-20] [INFO] [1789488456.971314293] [robot_1.robot_supervisor]: Triggered uncontrollable event: EV_zone_a_not_visible
[balanced_delivery_supervisor-20] [INFO] [1789488456.989885777] [robot_1.robot_supervisor]: Selected controllable event: EV_move_forward
[balanced_delivery_supervisor-24] [INFO] [1789488457.110510013] [robot_0.robot_supervisor]: Selected controllable event: EV_search_object
[balanced_delivery_supervisor-20] [INFO] [1789488457.273000072] [robot_1.robot_supervisor]: Triggered uncontrollable event: EV_zone_b_not_visible
[balanced_delivery_supervisor-24] [INFO] [1789488457.283810854] [robot_0.robot_supervisor]: Selected controllable event: EV_move_forward
[balanced_delivery_supervisor-20] [INFO] [1789488457.284682987] [robot_1.robot_supervisor]: Selected controllable event: EV_move_forward
[balanced_delivery_supervisor-24] [INFO] [1789488457.504351115] [robot_0.robot_supervisor]: Selected controllable event: EV_search_object
[balanced_delivery_supervisor-20] [INFO] [1789488457.563794954] [robot_1.robot_supervisor]: Selected controllable event: EV_search_zone
[balanced_delivery_supervisor-20] [INFO] [1789488457.669584889] [robot_1.robot_supervisor]: Selected controllable event: EV_move_forward
[balanced_delivery_supervisor-24] [INFO] [1789488457.711650724] [robot_0.robot_supervisor]: Selected controllable event: EV_move_forward
[balanced_delivery_supervisor-20] [INFO] [1789488457.876504285] [robot_1.robot_supervisor]: Triggered uncontrollable event: EV_zone_a_not_visible
[balanced_delivery_supervisor-20] [INFO] [1789488457.877490965] [robot_1.robot_supervisor]: Selected controllable event: EV_move_forward
[balanced_delivery_supervisor-24] [INFO] [1789488458.001167360] [robot_0.robot_supervisor]: Triggered uncontrollable event: EV_obstacle_left
[balanced_delivery_supervisor-24] [INFO] [1789488458.002079341] [robot_0.robot_supervisor]: Selected controllable event: EV_u_turn
[balanced_delivery_supervisor-24] [INFO] [1789488458.002984316] [robot_0.robot_supervisor]: Starting FULL ROTATE (omega=1.000, have_odom=True, target_rad=3.142, timeout_s=3.500)
[balanced_delivery_supervisor-22] [INFO] [1789488458.072717988] [robot_2.robot_supervisor]: FULL ROTATE completed by timeout
[balanced_delivery_supervisor-20] [INFO] [1789488458.167168234] [robot_1.robot_supervisor]: Triggered uncontrollable event: EV_zone_b_not_visible
[balanced_delivery_supervisor-20] [INFO] [1789488458.168065714] [robot_1.robot_supervisor]: Selected controllable event: EV_search_zone
[balanced_delivery_supervisor-22] [INFO] [1789488458.274506821] [robot_2.robot_supervisor]: Triggered uncontrollable event: EV_zone_b_visible
[balanced_delivery_supervisor-22] [INFO] [1789488458.275309387] [robot_2.robot_supervisor]: Triggered uncontrollable event: EV_zone_a_reached
[balanced_delivery_supervisor-22] [INFO] [1789488458.292161648] [robot_2.robot_supervisor]: Selected controllable event: EV_search_zone
[balanced_delivery_supervisor-20] [INFO] [1789488458.365138047] [robot_1.robot_supervisor]: Selected controllable event: EV_move_forward
[balanced_delivery_supervisor-22] [INFO] [1789488458.400111789] [robot_2.robot_supervisor]: Selected controllable event: EV_search_zone
[balanced_delivery_supervisor-22] [INFO] [1789488458.578674066] [robot_2.robot_supervisor]: Selected controllable event: EV_move_forward
[color_detector-27] [INFO] [1789488458.612676151] [robot_1.target_detector]: RGB HEARTBEAT frames_total=140 recent_rate_hz=1.121 last_frame_age_s=0.873 status=OK
[color_detector-31] [INFO] [1789488458.631835069] [robot_0.target_detector]: RGB HEARTBEAT frames_total=140 recent_rate_hz=1.120 last_frame_age_s=0.681 status=OK
[balanced_delivery_supervisor-20] [INFO] [1789488458.652231293] [robot_1.robot_supervisor]: Selected controllable event: EV_search_zone
[color_detector-29] [INFO] [1789488458.660439845] [robot_2.target_detector]: RGB HEARTBEAT frames_total=140 recent_rate_hz=1.114 last_frame_age_s=0.802 status=OK
[balanced_delivery_supervisor-20] [INFO] [1789488458.770573242] [robot_1.robot_supervisor]: Triggered uncontrollable event: EV_obstacle_left
[balanced_delivery_supervisor-20] [INFO] [1789488458.778843627] [robot_1.robot_supervisor]: Selected controllable event: EV_u_turn
[balanced_delivery_supervisor-20] [INFO] [1789488458.779772038] [robot_1.robot_supervisor]: Starting FULL ROTATE (omega=1.000, have_odom=True, target_rad=3.142, timeout_s=3.500)
[balanced_delivery_supervisor-22] [INFO] [1789488458.806281105] [robot_2.robot_supervisor]: Selected controllable event: EV_move_forward
[balanced_delivery_supervisor-22] [INFO] [1789488459.112240475] [robot_2.robot_supervisor]: Triggered uncontrollable event: EV_zone_b_visible
[balanced_delivery_supervisor-22] [INFO] [1789488459.113041146] [robot_2.robot_supervisor]: Triggered uncontrollable event: EV_zone_a_reached
[balanced_delivery_supervisor-22] [INFO] [1789488459.128168683] [robot_2.robot_supervisor]: Selected controllable event: EV_approach_zone
[balanced_delivery_supervisor-22] [INFO] [1789488459.384045185] [robot_2.robot_supervisor]: Selected controllable event: EV_approach_zone
[balanced_delivery_supervisor-22] [INFO] [1789488459.610249927] [robot_2.robot_supervisor]: Selected controllable event: EV_approach_zone
[balanced_delivery_supervisor-22] [INFO] [1789488459.896573836] [robot_2.robot_supervisor]: Triggered uncontrollable event: EV_zone_b_visible
[balanced_delivery_supervisor-22] [INFO] [1789488459.897320142] [robot_2.robot_supervisor]: Triggered uncontrollable event: EV_zone_a_reached
[balanced_delivery_supervisor-22] [INFO] [1789488459.912830414] [robot_2.robot_supervisor]: Selected controllable event: EV_approach_zone
[balanced_delivery_supervisor-22] [INFO] [1789488460.173782872] [robot_2.robot_supervisor]: Selected controllable event: EV_approach_zone
[balanced_delivery_supervisor-22] [INFO] [1789488460.413565344] [robot_2.robot_supervisor]: Selected controllable event: EV_approach_zone
[balanced_delivery_supervisor-22] [INFO] [1789488460.713841561] [robot_2.robot_supervisor]: Selected controllable event: EV_approach_zone
[balanced_delivery_supervisor-22] [INFO] [1789488460.982817882] [robot_2.robot_supervisor]: Triggered uncontrollable event: EV_zone_b_visible
[balanced_delivery_supervisor-22] [INFO] [1789488460.983615828] [robot_2.robot_supervisor]: Triggered uncontrollable event: EV_zone_a_reached
[balanced_delivery_supervisor-22] [INFO] [1789488460.991646791] [robot_2.robot_supervisor]: Selected controllable event: EV_move_forward
[balanced_delivery_supervisor-22] [INFO] [1789488461.202886836] [robot_2.robot_supervisor]: Selected controllable event: EV_approach_zone
[balanced_delivery_supervisor-22] [INFO] [1789488461.498445404] [robot_2.robot_supervisor]: Selected controllable event: EV_move_forward
[balanced_delivery_supervisor-24] [INFO] [1789488461.503527226] [robot_0.robot_supervisor]: FULL ROTATE completed by timeout
[balanced_delivery_supervisor-24] [INFO] [1789488461.697537111] [robot_0.robot_supervisor]: Triggered uncontrollable event: EV_obstacle_right
[balanced_delivery_supervisor-22] [INFO] [1789488461.707473569] [robot_2.robot_supervisor]: Triggered uncontrollable event: EV_zone_b_visible
[balanced_delivery_supervisor-22] [INFO] [1789488461.708223951] [robot_2.robot_supervisor]: Triggered uncontrollable event: EV_zone_a_reached
[balanced_delivery_supervisor-24] [INFO] [1789488461.711659829] [robot_0.robot_supervisor]: Selected controllable event: EV_u_turn
[balanced_delivery_supervisor-22] [INFO] [1789488461.715466060] [robot_2.robot_supervisor]: Selected controllable event: EV_approach_zone
[balanced_delivery_supervisor-24] [INFO] [1789488461.799264010] [robot_0.robot_supervisor]: Triggered uncontrollable event: EV_obstacle_right
[balanced_delivery_supervisor-24] [INFO] [1789488461.800287547] [robot_0.robot_supervisor]: Selected controllable event: EV_rotate_counterclockwise
[balanced_delivery_supervisor-24] [WARN] [1789488461.811316584] [robot_0.robot_supervisor]: no translation for 4.7s livelock detected; starting atomic escape (turn_sign=+1)
[balanced_delivery_supervisor-22] [INFO] [1789488461.987645430] [robot_2.robot_supervisor]: Selected controllable event: EV_move_forward
[balanced_delivery_supervisor-22] [INFO] [1789488462.298178386] [robot_2.robot_supervisor]: Selected controllable event: EV_approach_zone
[balanced_delivery_supervisor-20] [INFO] [1789488462.382885505] [robot_1.robot_supervisor]: FULL ROTATE completed by timeout
[balanced_delivery_supervisor-22] [INFO] [1789488462.586370355] [robot_2.robot_supervisor]: Triggered uncontrollable event: EV_zone_b_visible
[balanced_delivery_supervisor-22] [INFO] [1789488462.595774303] [robot_2.robot_supervisor]: Triggered uncontrollable event: EV_zone_a_reached
[balanced_delivery_supervisor-22] [INFO] [1789488462.603960357] [robot_2.robot_supervisor]: Selected controllable event: EV_approach_zone
[balanced_delivery_supervisor-20] [INFO] [1789488462.659871253] [robot_1.robot_supervisor]: Triggered uncontrollable event: EV_zone_a_not_visible
[balanced_delivery_supervisor-20] [INFO] [1789488462.664022006] [robot_1.robot_supervisor]: Triggered uncontrollable event: EV_obstacle_right
[balanced_delivery_supervisor-20] [INFO] [1789488462.675094771] [robot_1.robot_supervisor]: Triggered uncontrollable event: EV_zone_b_not_visible
[balanced_delivery_supervisor-20] [INFO] [1789488462.680796680] [robot_1.robot_supervisor]: Selected controllable event: EV_rotate_counterclockwise
[balanced_delivery_supervisor-20] [WARN] [1789488462.688501162] [robot_1.robot_supervisor]: no translation for 4.5s livelock detected; starting atomic escape (turn_sign=+1)
[balanced_delivery_supervisor-22] [INFO] [1789488462.898291387] [robot_2.robot_supervisor]: Selected controllable event: EV_move_forward
[balanced_delivery_supervisor-22] [INFO] [1789488463.213344629] [robot_2.robot_supervisor]: Selected controllable event: EV_approach_zone
[balanced_delivery_supervisor-22] [INFO] [1789488463.507207517] [robot_2.robot_supervisor]: Triggered uncontrollable event: EV_obstacle_left
[balanced_delivery_supervisor-22] [INFO] [1789488463.508457565] [robot_2.robot_supervisor]: Triggered uncontrollable event: EV_zone_a_reached
[balanced_delivery_supervisor-22] [INFO] [1789488463.515726341] [robot_2.robot_supervisor]: Selected controllable event: EV_u_turn
[balanced_delivery_supervisor-22] [INFO] [1789488463.526748363] [robot_2.robot_supervisor]: Starting FULL ROTATE (omega=1.000, have_odom=True, target_rad=3.142, timeout_s=3.500)
[balanced_delivery_supervisor-24] [INFO] [1789488464.391611504] [robot_0.robot_supervisor]: Zone-livelock escape completed
[balanced_delivery_supervisor-24] [INFO] [1789488464.607380785] [robot_0.robot_supervisor]: Selected controllable event: EV_search_object
[balanced_delivery_supervisor-24] [INFO] [1789488464.782646125] [robot_0.robot_supervisor]: Selected controllable event: EV_move_forward
[balanced_delivery_supervisor-24] [INFO] [1789488464.998758955] [robot_0.robot_supervisor]: Selected controllable event: EV_move_forward
[balanced_delivery_supervisor-20] [INFO] [1789488465.181373609] [robot_1.robot_supervisor]: Zone-livelock escape completed
[balanced_delivery_supervisor-24] [INFO] [1789488465.203836078] [robot_0.robot_supervisor]: Selected controllable event: EV_move_forward
[balanced_delivery_supervisor-20] [INFO] [1789488465.466177967] [robot_1.robot_supervisor]: Triggered uncontrollable event: EV_zone_a_not_visible
[balanced_delivery_supervisor-20] [INFO] [1789488465.476005566] [robot_1.robot_supervisor]: Triggered uncontrollable event: EV_obstacle_left
[balanced_delivery_supervisor-20] [INFO] [1789488465.476763702] [robot_1.robot_supervisor]: Triggered uncontrollable event: EV_zone_b_not_visible
[balanced_delivery_supervisor-20] [INFO] [1789488465.477740401] [robot_1.robot_supervisor]: Selected controllable event: EV_u_turn
[balanced_delivery_supervisor-20] [INFO] [1789488465.478606341] [robot_1.robot_supervisor]: Starting FULL ROTATE (omega=1.000, have_odom=True, target_rad=3.142, timeout_s=3.500)
[balanced_delivery_supervisor-24] [INFO] [1789488465.508077222] [robot_0.robot_supervisor]: Selected controllable event: EV_move_forward
[balanced_delivery_supervisor-24] [INFO] [1789488465.792171094] [robot_0.robot_supervisor]: Selected controllable event: EV_move_forward
[balanced_delivery_supervisor-24] [INFO] [1789488466.101662826] [robot_0.robot_supervisor]: Selected controllable event: EV_search_object
[balanced_delivery_supervisor-24] [INFO] [1789488466.311474616] [robot_0.robot_supervisor]: Selected controllable event: EV_move_forward
[balanced_delivery_supervisor-24] [INFO] [1789488466.582523336] [robot_0.robot_supervisor]: Selected controllable event: EV_move_forward
[balanced_delivery_supervisor-24] [INFO] [1789488466.807937327] [robot_0.robot_supervisor]: Selected controllable event: EV_search_object
[balanced_delivery_supervisor-24] [INFO] [1789488466.993480844] [robot_0.robot_supervisor]: Selected controllable event: EV_search_object
[balanced_delivery_supervisor-22] [INFO] [1789488467.077732840] [robot_2.robot_supervisor]: FULL ROTATE completed by timeout
[balanced_delivery_supervisor-24] [INFO] [1789488467.203240122] [robot_0.robot_supervisor]: Selected controllable event: EV_move_forward
[balanced_delivery_supervisor-22] [INFO] [1789488467.418950925] [robot_2.robot_supervisor]: Triggered uncontrollable event: EV_zone_b_visible
[balanced_delivery_supervisor-22] [INFO] [1789488467.429310994] [robot_2.robot_supervisor]: Triggered uncontrollable event: EV_zone_a_reached
[balanced_delivery_supervisor-22] [INFO] [1789488467.443907229] [robot_2.robot_supervisor]: Selected controllable event: EV_approach_zone
[balanced_delivery_supervisor-24] [INFO] [1789488467.518754608] [robot_0.robot_supervisor]: Selected controllable event: EV_move_forward
[balanced_delivery_supervisor-22] [INFO] [1789488467.695717493] [robot_2.robot_supervisor]: Selected controllable event: EV_approach_zone
[balanced_delivery_supervisor-24] [INFO] [1789488467.813289690] [robot_0.robot_supervisor]: Selected controllable event: EV_move_forward
[color_detector-29] [INFO] [1789488467.905718011] [robot_2.target_detector]: RGB HEARTBEAT frames_total=150 recent_rate_hz=1.080 last_frame_age_s=0.791 status=OK
[color_detector-27] [INFO] [1789488467.911914155] [robot_1.target_detector]: RGB HEARTBEAT frames_total=150 recent_rate_hz=1.075 last_frame_age_s=0.881 status=OK
[color_detector-31] [INFO] [1789488467.916049809] [robot_0.target_detector]: RGB HEARTBEAT frames_total=150 recent_rate_hz=1.075 last_frame_age_s=0.621 status=OK
[balanced_delivery_supervisor-22] [INFO] [1789488467.981546099] [robot_2.robot_supervisor]: Selected controllable event: EV_move_forward
[balanced_delivery_supervisor-24] [INFO] [1789488468.098209543] [robot_0.robot_supervisor]: Selected controllable event: EV_search_object
[balanced_delivery_supervisor-24] [INFO] [1789488468.274578469] [robot_0.robot_supervisor]: Selected controllable event: EV_move_forward
[balanced_delivery_supervisor-22] [INFO] [1789488468.279814888] [robot_2.robot_supervisor]: Triggered uncontrollable event: EV_zone_b_visible
[balanced_delivery_supervisor-22] [INFO] [1789488468.280740946] [robot_2.robot_supervisor]: Triggered uncontrollable event: EV_zone_a_reached
[balanced_delivery_supervisor-22] [INFO] [1789488468.310023561] [robot_2.robot_supervisor]: Selected controllable event: EV_approach_zone
[balanced_delivery_supervisor-24] [INFO] [1789488468.487288377] [robot_0.robot_supervisor]: Selected controllable event: EV_move_forward
[balanced_delivery_supervisor-22] [INFO] [1789488468.601210652] [robot_2.robot_supervisor]: Selected controllable event: EV_move_forward
[balanced_delivery_supervisor-24] [INFO] [1789488468.714360371] [robot_0.robot_supervisor]: Selected controllable event: EV_move_forward
[balanced_delivery_supervisor-22] [INFO] [1789488468.886690728] [robot_2.robot_supervisor]: Selected controllable event: EV_approach_zone
[balanced_delivery_supervisor-20] [INFO] [1789488468.979777165] [robot_1.robot_supervisor]: FULL ROTATE completed by timeout
[balanced_delivery_supervisor-24] [INFO] [1789488468.998606028] [robot_0.robot_supervisor]: Selected controllable event: EV_move_forward
[balanced_delivery_supervisor-22] [INFO] [1789488469.107555850] [robot_2.robot_supervisor]: Selected controllable event: EV_approach_zone
[balanced_delivery_supervisor-20] [INFO] [1789488469.265382221] [robot_1.robot_supervisor]: Triggered uncontrollable event: EV_zone_a_visible
[balanced_delivery_supervisor-20] [INFO] [1789488469.270873440] [robot_1.robot_supervisor]: Triggered uncontrollable event: EV_zone_b_not_visible
[balanced_delivery_supervisor-20] [INFO] [1789488469.274219296] [robot_1.robot_supervisor]: Selected controllable event: EV_move_forward
[balanced_delivery_supervisor-24] [INFO] [1789488469.309251437] [robot_0.robot_supervisor]: Selected controllable event: EV_search_object
[balanced_delivery_supervisor-22] [INFO] [1789488469.405939389] [robot_2.robot_supervisor]: Triggered uncontrollable event: EV_zone_b_visible
[balanced_delivery_supervisor-22] [INFO] [1789488469.406807068] [robot_2.robot_supervisor]: Triggered uncontrollable event: EV_zone_a_not_visible
[balanced_delivery_supervisor-22] [INFO] [1789488469.407879574] [robot_2.robot_supervisor]: Selected controllable event: EV_move_forward
[balanced_delivery_supervisor-24] [INFO] [1789488469.495330138] [robot_0.robot_supervisor]: Selected controllable event: EV_move_forward
[balanced_delivery_supervisor-20] [INFO] [1789488469.572092904] [robot_1.robot_supervisor]: Selected controllable event: EV_approach_zone
[balanced_delivery_supervisor-22] [INFO] [1789488469.693408046] [robot_2.robot_supervisor]: Selected controllable event: EV_move_forward
[balanced_delivery_supervisor-24] [INFO] [1789488469.709066502] [robot_0.robot_supervisor]: Selected controllable event: EV_move_forward
[balanced_delivery_supervisor-20] [INFO] [1789488469.875018983] [robot_1.robot_supervisor]: Selected controllable event: EV_approach_zone
[balanced_delivery_supervisor-22] [INFO] [1789488469.997141519] [robot_2.robot_supervisor]: Selected controllable event: EV_move_forward
[balanced_delivery_supervisor-24] [INFO] [1789488470.014872699] [robot_0.robot_supervisor]: Selected controllable event: EV_move_forward
[balanced_delivery_supervisor-20] [INFO] [1789488470.164638736] [robot_1.robot_supervisor]: Triggered uncontrollable event: EV_zone_a_visible
[balanced_delivery_supervisor-20] [INFO] [1789488470.168336062] [robot_1.robot_supervisor]: Triggered uncontrollable event: EV_zone_b_not_visible
[balanced_delivery_supervisor-20] [INFO] [1789488470.175929862] [robot_1.robot_supervisor]: Selected controllable event: EV_approach_zone
[balanced_delivery_supervisor-24] [INFO] [1789488470.280462455] [robot_0.robot_supervisor]: Selected controllable event: EV_move_forward
[balanced_delivery_supervisor-22] [INFO] [1789488470.293385851] [robot_2.robot_supervisor]: Triggered uncontrollable event: EV_zone_a_not_visible
[balanced_delivery_supervisor-22] [INFO] [1789488470.294282916] [robot_2.robot_supervisor]: Triggered uncontrollable event: EV_zone_b_not_visible
[balanced_delivery_supervisor-22] [INFO] [1789488470.308781675] [robot_2.robot_supervisor]: Selected controllable event: EV_search_zone
[balanced_delivery_supervisor-20] [INFO] [1789488470.488312116] [robot_1.robot_supervisor]: Selected controllable event: EV_approach_zone
[balanced_delivery_supervisor-24] [INFO] [1789488470.488895724] [robot_0.robot_supervisor]: Selected controllable event: EV_move_forward
[balanced_delivery_supervisor-22] [INFO] [1789488470.508198376] [robot_2.robot_supervisor]: Selected controllable event: EV_move_forward
[balanced_delivery_supervisor-20] [INFO] [1789488470.773849043] [robot_1.robot_supervisor]: Selected controllable event: EV_move_forward
[balanced_delivery_supervisor-24] [INFO] [1789488470.805192018] [robot_0.robot_supervisor]: Selected controllable event: EV_search_object
[balanced_delivery_supervisor-22] [INFO] [1789488470.806350476] [robot_2.robot_supervisor]: Selected controllable event: EV_search_zone
[balanced_delivery_supervisor-22] [INFO] [1789488470.985349319] [robot_2.robot_supervisor]: Selected controllable event: EV_move_forward
[balanced_delivery_supervisor-24] [INFO] [1789488471.023883573] [robot_0.robot_supervisor]: Selected controllable event: EV_search_object
[balanced_delivery_supervisor-20] [INFO] [1789488471.082932351] [robot_1.robot_supervisor]: Triggered uncontrollable event: EV_zone_a_visible
[balanced_delivery_supervisor-20] [INFO] [1789488471.086217657] [robot_1.robot_supervisor]: Selected controllable event: EV_move_forward
[balanced_delivery_supervisor-24] [INFO] [1789488471.199847816] [robot_0.robot_supervisor]: Selected controllable event: EV_move_forward
[balanced_delivery_supervisor-22] [INFO] [1789488471.293884059] [robot_2.robot_supervisor]: Triggered uncontrollable event: EV_zone_a_not_visible
[balanced_delivery_supervisor-22] [INFO] [1789488471.315076819] [robot_2.robot_supervisor]: Triggered uncontrollable event: EV_zone_b_not_visible
[balanced_delivery_supervisor-22] [INFO] [1789488471.316093100] [robot_2.robot_supervisor]: Selected controllable event: EV_move_forward
[balanced_delivery_supervisor-20] [INFO] [1789488471.373905597] [robot_1.robot_supervisor]: Triggered uncontrollable event: EV_zone_b_not_visible
[balanced_delivery_supervisor-20] [INFO] [1789488471.392011182] [robot_1.robot_supervisor]: Selected controllable event: EV_move_forward
[balanced_delivery_supervisor-24] [INFO] [1789488471.502869389] [robot_0.robot_supervisor]: Selected controllable event: EV_move_forward
[balanced_delivery_supervisor-22] [INFO] [1789488471.596782975] [robot_2.robot_supervisor]: Selected controllable event: EV_move_forward
[balanced_delivery_supervisor-20] [INFO] [1789488471.660814407] [robot_1.robot_supervisor]: Selected controllable event: EV_approach_zone
[balanced_delivery_supervisor-24] [INFO] [1789488471.719062482] [robot_0.robot_supervisor]: Selected controllable event: EV_search_object
[balanced_delivery_supervisor-22] [INFO] [1789488471.826309572] [robot_2.robot_supervisor]: Selected controllable event: EV_move_forward
[balanced_delivery_supervisor-24] [INFO] [1789488471.881111179] [robot_0.robot_supervisor]: Selected controllable event: EV_search_object
[balanced_delivery_supervisor-20] [INFO] [1789488471.881699707] [robot_1.robot_supervisor]: Selected controllable event: EV_move_forward
[balanced_delivery_supervisor-24] [INFO] [1789488472.018200633] [robot_0.robot_supervisor]: Selected controllable event: EV_move_forward
[balanced_delivery_supervisor-22] [INFO] [1789488472.118914309] [robot_2.robot_supervisor]: Selected controllable event: EV_move_forward
[balanced_delivery_supervisor-20] [INFO] [1789488472.176129322] [robot_1.robot_supervisor]: Selected controllable event: EV_approach_zone
[balanced_delivery_supervisor-24] [INFO] [1789488472.300234786] [robot_0.robot_supervisor]: Selected controllable event: EV_search_object
[balanced_delivery_supervisor-22] [INFO] [1789488472.381652578] [robot_2.robot_supervisor]: Triggered uncontrollable event: EV_zone_a_not_visible
[balanced_delivery_supervisor-22] [INFO] [1789488472.393290522] [robot_2.robot_supervisor]: Triggered uncontrollable event: EV_zone_b_not_visible
[balanced_delivery_supervisor-22] [INFO] [1789488472.401514931] [robot_2.robot_supervisor]: Selected controllable event: EV_move_forward
[balanced_delivery_supervisor-24] [INFO] [1789488472.407813207] [robot_0.robot_supervisor]: Selected controllable event: EV_search_object
[balanced_delivery_supervisor-20] [INFO] [1789488472.469340761] [robot_1.robot_supervisor]: Triggered uncontrollable event: EV_zone_a_visible
[balanced_delivery_supervisor-20] [INFO] [1789488472.474669331] [robot_1.robot_supervisor]: Triggered uncontrollable event: EV_zone_b_not_visible
[balanced_delivery_supervisor-20] [INFO] [1789488472.490140848] [robot_1.robot_supervisor]: Selected controllable event: EV_move_forward
[balanced_delivery_supervisor-24] [INFO] [1789488472.596828546] [robot_0.robot_supervisor]: Selected controllable event: EV_move_forward
[balanced_delivery_supervisor-22] [INFO] [1789488472.617543776] [robot_2.robot_supervisor]: Selected controllable event: EV_search_zone
[balanced_delivery_supervisor-20] [INFO] [1789488472.773622495] [robot_1.robot_supervisor]: Selected controllable event: EV_move_forward
[balanced_delivery_supervisor-22] [INFO] [1789488472.811603921] [robot_2.robot_supervisor]: Selected controllable event: EV_search_zone
[balanced_delivery_supervisor-24] [INFO] [1789488472.907050385] [robot_0.robot_supervisor]: Selected controllable event: EV_move_forward
[balanced_delivery_supervisor-20] [INFO] [1789488472.989769420] [robot_1.robot_supervisor]: Selected controllable event: EV_approach_zone
[balanced_delivery_supervisor-22] [INFO] [1789488472.996581448] [robot_2.robot_supervisor]: Selected controllable event: EV_move_forward
[balanced_delivery_supervisor-24] [INFO] [1789488473.208115527] [robot_0.robot_supervisor]: Selected controllable event: EV_search_object
[balanced_delivery_supervisor-22] [INFO] [1789488473.231227538] [robot_2.robot_supervisor]: Selected controllable event: EV_search_zone
[balanced_delivery_supervisor-20] [INFO] [1789488473.260456655] [robot_1.robot_supervisor]: Triggered uncontrollable event: EV_zone_a_not_visible
[balanced_delivery_supervisor-20] [INFO] [1789488473.264693146] [robot_1.robot_supervisor]: Triggered uncontrollable event: EV_zone_b_not_visible
[balanced_delivery_supervisor-20] [INFO] [1789488473.270257645] [robot_1.robot_supervisor]: Selected controllable event: EV_move_forward
[balanced_delivery_supervisor-22] [INFO] [1789488473.393839202] [robot_2.robot_supervisor]: Triggered uncontrollable event: EV_zone_a_not_visible
[balanced_delivery_supervisor-22] [INFO] [1789488473.394643090] [robot_2.robot_supervisor]: Triggered uncontrollable event: EV_zone_b_not_visible
[balanced_delivery_supervisor-22] [INFO] [1789488473.395773722] [robot_2.robot_supervisor]: Selected controllable event: EV_search_zone
[balanced_delivery_supervisor-24] [INFO] [1789488473.399710777] [robot_0.robot_supervisor]: Selected controllable event: EV_move_forward
[balanced_delivery_supervisor-20] [INFO] [1789488473.564282486] [robot_1.robot_supervisor]: Selected controllable event: EV_search_zone
[balanced_delivery_supervisor-22] [INFO] [1789488473.614536675] [robot_2.robot_supervisor]: Selected controllable event: EV_move_forward
[balanced_delivery_supervisor-20] [INFO] [1789488473.673886982] [robot_1.robot_supervisor]: Selected controllable event: EV_move_forward
[balanced_delivery_supervisor-24] [INFO] [1789488473.691522490] [robot_0.robot_supervisor]: Selected controllable event: EV_search_object
[balanced_delivery_supervisor-22] [INFO] [1789488473.890631268] [robot_2.robot_supervisor]: Selected controllable event: EV_search_zone
[balanced_delivery_supervisor-24] [INFO] [1789488473.896592927] [robot_0.robot_supervisor]: Selected controllable event: EV_search_object
[balanced_delivery_supervisor-20] [INFO] [1789488473.985102523] [robot_1.robot_supervisor]: Selected controllable event: EV_search_zone
[balanced_delivery_supervisor-24] [INFO] [1789488474.001029779] [robot_0.robot_supervisor]: Selected controllable event: EV_search_object
[balanced_delivery_supervisor-22] [INFO] [1789488474.005522967] [robot_2.robot_supervisor]: Selected controllable event: EV_search_zone
[balanced_delivery_supervisor-20] [INFO] [1789488474.167247802] [robot_1.robot_supervisor]: Selected controllable event: EV_move_forward
[balanced_delivery_supervisor-22] [INFO] [1789488474.190208006] [robot_2.robot_supervisor]: Selected controllable event: EV_move_forward
[balanced_delivery_supervisor-24] [INFO] [1789488474.222990562] [robot_0.robot_supervisor]: Selected controllable event: EV_search_object
[balanced_delivery_supervisor-24] [INFO] [1789488474.378093585] [robot_0.robot_supervisor]: Selected controllable event: EV_move_forward
[balanced_delivery_supervisor-22] [INFO] [1789488474.420478294] [robot_2.robot_supervisor]: Triggered uncontrollable event: EV_zone_a_not_visible
[balanced_delivery_supervisor-22] [INFO] [1789488474.432317202] [robot_2.robot_supervisor]: Triggered uncontrollable event: EV_obstacle_right
[balanced_delivery_supervisor-22] [INFO] [1789488474.439500039] [robot_2.robot_supervisor]: Triggered uncontrollable event: EV_zone_b_not_visible
[balanced_delivery_supervisor-22] [INFO] [1789488474.448925466] [robot_2.robot_supervisor]: Selected controllable event: EV_rotate_counterclockwise
[balanced_delivery_supervisor-20] [INFO] [1789488474.498055728] [robot_1.robot_supervisor]: Triggered uncontrollable event: EV_zone_a_not_visible
[balanced_delivery_supervisor-20] [INFO] [1789488474.503590190] [robot_1.robot_supervisor]: Triggered uncontrollable event: EV_zone_b_not_visible
[balanced_delivery_supervisor-20] [INFO] [1789488474.512083691] [robot_1.robot_supervisor]: Selected controllable event: EV_search_zone
[balanced_delivery_supervisor-24] [INFO] [1789488474.606733683] [robot_0.robot_supervisor]: Selected controllable event: EV_move_forward
[balanced_delivery_supervisor-22] [INFO] [1789488474.608578110] [robot_2.robot_supervisor]: Triggered uncontrollable event: EV_obstacle_right
[balanced_delivery_supervisor-22] [INFO] [1789488474.621161565] [robot_2.robot_supervisor]: Selected controllable event: EV_rotate_counterclockwise
[balanced_delivery_supervisor-20] [INFO] [1789488474.687550853] [robot_1.robot_supervisor]: Selected controllable event: EV_move_forward
[balanced_delivery_supervisor-22] [INFO] [1789488474.794260796] [robot_2.robot_supervisor]: Triggered uncontrollable event: EV_obstacle_right
[balanced_delivery_supervisor-22] [INFO] [1789488474.802271563] [robot_2.robot_supervisor]: Selected controllable event: EV_u_turn
[balanced_delivery_supervisor-22] [INFO] [1789488474.803266458] [robot_2.robot_supervisor]: Starting FULL ROTATE (omega=1.000, have_odom=True, target_rad=3.142, timeout_s=3.500)
[balanced_delivery_supervisor-24] [INFO] [1789488474.890826604] [robot_0.robot_supervisor]: Selected controllable event: EV_search_object
[balanced_delivery_supervisor-20] [INFO] [1789488474.966832921] [robot_1.robot_supervisor]: Selected controllable event: EV_search_zone
[balanced_delivery_supervisor-24] [INFO] [1789488475.113317725] [robot_0.robot_supervisor]: Selected controllable event: EV_search_object
[balanced_delivery_supervisor-20] [INFO] [1789488475.183569219] [robot_1.robot_supervisor]: Selected controllable event: EV_move_forward
[balanced_delivery_supervisor-24] [INFO] [1789488475.220829241] [robot_0.robot_supervisor]: Selected controllable event: EV_move_forward
[balanced_delivery_supervisor-20] [INFO] [1789488475.485380663] [robot_1.robot_supervisor]: Triggered uncontrollable event: EV_zone_a_not_visible
[balanced_delivery_supervisor-20] [INFO] [1789488475.491353191] [robot_1.robot_supervisor]: Triggered uncontrollable event: EV_zone_b_not_visible
[balanced_delivery_supervisor-20] [INFO] [1789488475.503880644] [robot_1.robot_supervisor]: Selected controllable event: EV_search_zone
[balanced_delivery_supervisor-24] [INFO] [1789488475.506974691] [robot_0.robot_supervisor]: Selected controllable event: EV_search_object
[balanced_delivery_supervisor-20] [INFO] [1789488475.674804297] [robot_1.robot_supervisor]: Selected controllable event: EV_move_forward
[balanced_delivery_supervisor-24] [INFO] [1789488475.708673316] [robot_0.robot_supervisor]: Selected controllable event: EV_search_object
[balanced_delivery_supervisor-24] [INFO] [1789488475.882522411] [robot_0.robot_supervisor]: Selected controllable event: EV_search_object
[balanced_delivery_supervisor-20] [INFO] [1789488475.889419842] [robot_1.robot_supervisor]: Selected controllable event: EV_search_zone
[balanced_delivery_supervisor-20] [INFO] [1789488476.089590828] [robot_1.robot_supervisor]: Selected controllable event: EV_search_zone
[balanced_delivery_supervisor-24] [INFO] [1789488476.095023830] [robot_0.robot_supervisor]: Selected controllable event: EV_search_object
[balanced_delivery_supervisor-20] [INFO] [1789488476.263250825] [robot_1.robot_supervisor]: Triggered uncontrollable event: EV_zone_a_not_visible
[balanced_delivery_supervisor-20] [INFO] [1789488476.264368592] [robot_1.robot_supervisor]: Selected controllable event: EV_move_forward
[balanced_delivery_supervisor-24] [INFO] [1789488476.301444200] [robot_0.robot_supervisor]: Selected controllable event: EV_search_object
[balanced_delivery_supervisor-24] [INFO] [1789488476.509017483] [robot_0.robot_supervisor]: Selected controllable event: EV_move_forward
[balanced_delivery_supervisor-20] [INFO] [1789488476.567436556] [robot_1.robot_supervisor]: Triggered uncontrollable event: EV_zone_b_not_visible
[balanced_delivery_supervisor-20] [INFO] [1789488476.575897471] [robot_1.robot_supervisor]: Selected controllable event: EV_search_zone
[balanced_delivery_supervisor-20] [INFO] [1789488476.781899733] [robot_1.robot_supervisor]: Selected controllable event: EV_move_forward
[balanced_delivery_supervisor-24] [INFO] [1789488476.788494593] [robot_0.robot_supervisor]: Selected controllable event: EV_search_object
[balanced_delivery_supervisor-24] [INFO] [1789488476.916185235] [robot_0.robot_supervisor]: Selected controllable event: EV_move_forward
[balanced_delivery_supervisor-20] [INFO] [1789488477.070619775] [robot_1.robot_supervisor]: Selected controllable event: EV_move_forward
[balanced_delivery_supervisor-24] [INFO] [1789488477.175533619] [robot_0.robot_supervisor]: Selected controllable event: EV_move_forward
[balanced_delivery_supervisor-20] [INFO] [1789488477.364187176] [robot_1.robot_supervisor]: Triggered uncontrollable event: EV_zone_a_not_visible
[balanced_delivery_supervisor-20] [INFO] [1789488477.377964360] [robot_1.robot_supervisor]: Selected controllable event: EV_move_forward
[balanced_delivery_supervisor-24] [INFO] [1789488477.417507016] [robot_0.robot_supervisor]: Selected controllable event: EV_search_object
[balanced_delivery_supervisor-24] [INFO] [1789488477.590892370] [robot_0.robot_supervisor]: Selected controllable event: EV_search_object
[balanced_delivery_supervisor-20] [INFO] [1789488477.670332099] [robot_1.robot_supervisor]: Triggered uncontrollable event: EV_zone_b_not_visible
[balanced_delivery_supervisor-20] [INFO] [1789488477.674176641] [robot_1.robot_supervisor]: Selected controllable event: EV_move_forward
[balanced_delivery_supervisor-24] [INFO] [1789488477.776486648] [robot_0.robot_supervisor]: Selected controllable event: EV_search_object
[balanced_delivery_supervisor-20] [INFO] [1789488477.885821654] [robot_1.robot_supervisor]: Selected controllable event: EV_move_forward
[balanced_delivery_supervisor-24] [INFO] [1789488477.897893784] [robot_0.robot_supervisor]: Selected controllable event: EV_search_object
[balanced_delivery_supervisor-24] [INFO] [1789488478.084018548] [robot_0.robot_supervisor]: Selected controllable event: EV_search_object
[color_detector-31] [INFO] [1789488478.113473490] [robot_0.target_detector]: RGB HEARTBEAT frames_total=160 recent_rate_hz=0.981 last_frame_age_s=0.714 status=OK
[color_detector-29] [INFO] [1789488478.128488536] [robot_2.target_detector]: RGB HEARTBEAT frames_total=160 recent_rate_hz=0.978 last_frame_age_s=0.774 status=OK
[color_detector-27] [INFO] [1789488478.131326515] [robot_1.target_detector]: RGB HEARTBEAT frames_total=160 recent_rate_hz=0.980 last_frame_age_s=0.891 status=OK
[balanced_delivery_supervisor-20] [INFO] [1789488478.194039047] [robot_1.robot_supervisor]: Selected controllable event: EV_move_forward
[balanced_delivery_supervisor-24] [INFO] [1789488478.198502468] [robot_0.robot_supervisor]: Selected controllable event: EV_search_object
[balanced_delivery_supervisor-22] [INFO] [1789488478.393361907] [robot_2.robot_supervisor]: FULL ROTATE completed by timeout
[balanced_delivery_supervisor-24] [INFO] [1789488478.395040118] [robot_0.robot_supervisor]: Selected controllable event: EV_search_object
[balanced_delivery_supervisor-20] [INFO] [1789488478.491103503] [robot_1.robot_supervisor]: Triggered uncontrollable event: EV_zone_a_visible
[balanced_delivery_supervisor-20] [INFO] [1789488478.491841999] [robot_1.robot_supervisor]: Triggered uncontrollable event: EV_zone_b_not_visible
[balanced_delivery_supervisor-20] [INFO] [1789488478.492829327] [robot_1.robot_supervisor]: Selected controllable event: EV_move_forward
[balanced_delivery_supervisor-24] [INFO] [1789488478.504331877] [robot_0.robot_supervisor]: Selected controllable event: EV_move_forward
[balanced_delivery_supervisor-22] [INFO] [1789488478.701574355] [robot_2.robot_supervisor]: Triggered uncontrollable event: EV_zone_a_not_visible
[balanced_delivery_supervisor-22] [INFO] [1789488478.706183172] [robot_2.robot_supervisor]: Triggered uncontrollable event: EV_zone_b_not_visible
[balanced_delivery_supervisor-22] [INFO] [1789488478.714040183] [robot_2.robot_supervisor]: Selected controllable event: EV_move_forward
[balanced_delivery_supervisor-20] [INFO] [1789488478.761402094] [robot_1.robot_supervisor]: Selected controllable event: EV_move_forward
[balanced_delivery_supervisor-24] [INFO] [1789488478.812554322] [robot_0.robot_supervisor]: Selected controllable event: EV_search_object
[balanced_delivery_supervisor-20] [INFO] [1789488478.964407643] [robot_1.robot_supervisor]: Selected controllable event: EV_move_forward
[balanced_delivery_supervisor-22] [INFO] [1789488478.991795927] [robot_2.robot_supervisor]: Selected controllable event: EV_move_forward
[balanced_delivery_supervisor-24] [INFO] [1789488478.995197644] [robot_0.robot_supervisor]: Selected controllable event: EV_move_forward
[balanced_delivery_supervisor-20] [INFO] [1789488479.261581584] [robot_1.robot_supervisor]: Selected controllable event: EV_approach_zone
[balanced_delivery_supervisor-22] [INFO] [1789488479.296513838] [robot_2.robot_supervisor]: Selected controllable event: EV_search_zone
[balanced_delivery_supervisor-24] [INFO] [1789488479.308009259] [robot_0.robot_supervisor]: Selected controllable event: EV_move_forward
[balanced_delivery_supervisor-22] [INFO] [1789488479.498257409] [robot_2.robot_supervisor]: Triggered uncontrollable event: EV_zone_a_not_visible
[balanced_delivery_supervisor-22] [INFO] [1789488479.510184994] [robot_2.robot_supervisor]: Triggered uncontrollable event: EV_zone_b_not_visible
[balanced_delivery_supervisor-22] [INFO] [1789488479.515762170] [robot_2.robot_supervisor]: Selected controllable event: EV_move_forward
[balanced_delivery_supervisor-20] [INFO] [1789488479.581060139] [robot_1.robot_supervisor]: Triggered uncontrollable event: EV_zone_a_visible
[balanced_delivery_supervisor-24] [INFO] [1789488479.585168403] [robot_0.robot_supervisor]: Selected controllable event: EV_move_forward
[balanced_delivery_supervisor-20] [INFO] [1789488479.592759854] [robot_1.robot_supervisor]: Triggered uncontrollable event: EV_zone_b_not_visible
[balanced_delivery_supervisor-20] [INFO] [1789488479.593739872] [robot_1.robot_supervisor]: Selected controllable event: EV_approach_zone
[balanced_delivery_supervisor-22] [INFO] [1789488479.793121432] [robot_2.robot_supervisor]: Selected controllable event: EV_move_forward
[balanced_delivery_supervisor-20] [INFO] [1789488479.865128169] [robot_1.robot_supervisor]: Selected controllable event: EV_approach_zone
[balanced_delivery_supervisor-24] [INFO] [1789488479.893362189] [robot_0.robot_supervisor]: Selected controllable event: EV_search_object
[balanced_delivery_supervisor-22] [INFO] [1789488480.072167025] [robot_2.robot_supervisor]: Selected controllable event: EV_move_forward
[balanced_delivery_supervisor-24] [INFO] [1789488480.114735614] [robot_0.robot_supervisor]: Selected controllable event: EV_move_forward
[balanced_delivery_supervisor-20] [INFO] [1789488480.173392919] [robot_1.robot_supervisor]: Selected controllable event: EV_approach_zone
[balanced_delivery_supervisor-22] [INFO] [1789488480.292490623] [robot_2.robot_supervisor]: Selected controllable event: EV_search_zone
[balanced_delivery_supervisor-22] [INFO] [1789488480.404163850] [robot_2.robot_supervisor]: Triggered uncontrollable event: EV_zone_a_visible
[balanced_delivery_supervisor-22] [INFO] [1789488480.405105191] [robot_2.robot_supervisor]: Selected controllable event: EV_approach_zone
[balanced_delivery_supervisor-24] [INFO] [1789488480.417097209] [robot_0.robot_supervisor]: Selected controllable event: EV_move_forward
[balanced_delivery_supervisor-20] [INFO] [1789488480.474363308] [robot_1.robot_supervisor]: Triggered uncontrollable event: EV_zone_a_visible
[balanced_delivery_supervisor-20] [INFO] [1789488480.500325162] [robot_1.robot_supervisor]: Triggered uncontrollable event: EV_zone_b_not_visible
[balanced_delivery_supervisor-20] [INFO] [1789488480.501336070] [robot_1.robot_supervisor]: Selected controllable event: EV_approach_zone
[balanced_delivery_supervisor-22] [INFO] [1789488480.694041347] [robot_2.robot_supervisor]: Triggered uncontrollable event: EV_zone_b_not_visible
[balanced_delivery_supervisor-22] [INFO] [1789488480.695044952] [robot_2.robot_supervisor]: Selected controllable event: EV_approach_zone
[balanced_delivery_supervisor-24] [INFO] [1789488480.688845538] [robot_0.robot_supervisor]: Selected controllable event: EV_search_object
[balanced_delivery_supervisor-20] [INFO] [1789488480.750816195] [robot_1.robot_supervisor]: Selected controllable event: EV_move_forward
[balanced_delivery_supervisor-24] [INFO] [1789488480.812501735] [robot_0.robot_supervisor]: Selected controllable event: EV_move_forward
[balanced_delivery_supervisor-22] [INFO] [1789488480.970489110] [robot_2.robot_supervisor]: Selected controllable event: EV_move_forward
[balanced_delivery_supervisor-20] [INFO] [1789488481.051951422] [robot_1.robot_supervisor]: Selected controllable event: EV_move_forward
[balanced_delivery_supervisor-24] [INFO] [1789488481.088583461] [robot_0.robot_supervisor]: Selected controllable event: EV_move_forward
[balanced_delivery_supervisor-22] [INFO] [1789488481.210984342] [robot_2.robot_supervisor]: Selected controllable event: EV_move_forward
[balanced_delivery_supervisor-20] [INFO] [1789488481.272549856] [robot_1.robot_supervisor]: Triggered uncontrollable event: EV_zone_a_visible
[balanced_delivery_supervisor-20] [INFO] [1789488481.297671324] [robot_1.robot_supervisor]: Selected controllable event: EV_move_forward
[balanced_delivery_supervisor-24] [INFO] [1789488481.410199078] [robot_0.robot_supervisor]: Selected controllable event: EV_search_object
[balanced_delivery_supervisor-22] [INFO] [1789488481.510923627] [robot_2.robot_supervisor]: Triggered uncontrollable event: EV_zone_a_visible
[balanced_delivery_supervisor-22] [INFO] [1789488481.511863980] [robot_2.robot_supervisor]: Triggered uncontrollable event: EV_zone_b_not_visible
[balanced_delivery_supervisor-22] [INFO] [1789488481.512763240] [robot_2.robot_supervisor]: Selected controllable event: EV_approach_zone
[balanced_delivery_supervisor-20] [INFO] [1789488481.565173615] [robot_1.robot_supervisor]: Triggered uncontrollable event: EV_zone_b_not_visible
[balanced_delivery_supervisor-20] [INFO] [1789488481.583401402] [robot_1.robot_supervisor]: Selected controllable event: EV_approach_zone
[balanced_delivery_supervisor-24] [INFO] [1789488481.588689605] [robot_0.robot_supervisor]: Selected controllable event: EV_search_object
[balanced_delivery_supervisor-22] [INFO] [1789488481.805570913] [robot_2.robot_supervisor]: Selected controllable event: EV_move_forward
[balanced_delivery_supervisor-24] [INFO] [1789488481.810526745] [robot_0.robot_supervisor]: Selected controllable event: EV_move_forward
[balanced_delivery_supervisor-20] [INFO] [1789488481.871272282] [robot_1.robot_supervisor]: Selected controllable event: EV_move_forward
[balanced_delivery_supervisor-22] [INFO] [1789488482.087514745] [robot_2.robot_supervisor]: Selected controllable event: EV_approach_zone
[balanced_delivery_supervisor-24] [INFO] [1789488482.090927851] [robot_0.robot_supervisor]: Selected controllable event: EV_move_forward
[balanced_delivery_supervisor-20] [INFO] [1789488482.194228656] [robot_1.robot_supervisor]: Selected controllable event: EV_approach_zone
[balanced_delivery_supervisor-24] [INFO] [1789488482.294424637] [robot_0.robot_supervisor]: Selected controllable event: EV_search_object
[balanced_delivery_supervisor-22] [INFO] [1789488482.328044207] [robot_2.robot_supervisor]: Selected controllable event: EV_move_forward
[balanced_delivery_supervisor-20] [INFO] [1789488482.398046513] [robot_1.robot_supervisor]: Triggered uncontrollable event: EV_zone_a_visible
[balanced_delivery_supervisor-20] [INFO] [1789488482.398885782] [robot_1.robot_supervisor]: Triggered uncontrollable event: EV_zone_b_not_visible
[balanced_delivery_supervisor-20] [INFO] [1789488482.422106917] [robot_1.robot_supervisor]: Selected controllable event: EV_approach_zone
[balanced_delivery_supervisor-24] [INFO] [1789488482.502545951] [robot_0.robot_supervisor]: Selected controllable event: EV_search_object
[balanced_delivery_supervisor-22] [INFO] [1789488482.590595443] [robot_2.robot_supervisor]: Triggered uncontrollable event: EV_zone_a_visible
[balanced_delivery_supervisor-22] [INFO] [1789488482.613166543] [robot_2.robot_supervisor]: Triggered uncontrollable event: EV_zone_b_not_visible
[balanced_delivery_supervisor-22] [INFO] [1789488482.614225185] [robot_2.robot_supervisor]: Selected controllable event: EV_approach_zone
[balanced_delivery_supervisor-20] [INFO] [1789488482.655464233] [robot_1.robot_supervisor]: Selected controllable event: EV_move_forward
[balanced_delivery_supervisor-24] [INFO] [1789488482.676144298] [robot_0.robot_supervisor]: Selected controllable event: EV_search_object
[balanced_delivery_supervisor-24] [INFO] [1789488482.828275063] [robot_0.robot_supervisor]: Selected controllable event: EV_search_object
[balanced_delivery_supervisor-22] [INFO] [1789488482.871049050] [robot_2.robot_supervisor]: Selected controllable event: EV_approach_zone
[balanced_delivery_supervisor-20] [INFO] [1789488482.970704437] [robot_1.robot_supervisor]: Selected controllable event: EV_approach_zone
[balanced_delivery_supervisor-24] [INFO] [1789488483.010619569] [robot_0.robot_supervisor]: Selected controllable event: EV_move_forward
[balanced_delivery_supervisor-22] [INFO] [1789488483.091733759] [robot_2.robot_supervisor]: Selected controllable event: EV_move_forward
[balanced_delivery_supervisor-20] [INFO] [1789488483.180743783] [robot_1.robot_supervisor]: Selected controllable event: EV_approach_zone
[balanced_delivery_supervisor-24] [INFO] [1789488483.286576461] [robot_0.robot_supervisor]: Selected controllable event: EV_search_object
[balanced_delivery_supervisor-22] [INFO] [1789488483.370795054] [robot_2.robot_supervisor]: Selected controllable event: EV_move_forward
[balanced_delivery_supervisor-20] [INFO] [1789488483.465561590] [robot_1.robot_supervisor]: Triggered uncontrollable event: EV_zone_b_not_visible
[balanced_delivery_supervisor-20] [INFO] [1789488483.471939706] [robot_1.robot_supervisor]: Triggered uncontrollable event: EV_zone_a_reached
[balanced_delivery_supervisor-20] [INFO] [1789488483.478502857] [robot_1.robot_supervisor]: Selected controllable event: EV_move_forward
[balanced_delivery_supervisor-24] [INFO] [1789488483.500336738] [robot_0.robot_supervisor]: Selected controllable event: EV_move_forward
[balanced_delivery_supervisor-22] [INFO] [1789488483.600037300] [robot_2.robot_supervisor]: Triggered uncontrollable event: EV_zone_a_visible
[balanced_delivery_supervisor-22] [INFO] [1789488483.605586464] [robot_2.robot_supervisor]: Triggered uncontrollable event: EV_zone_b_not_visible
[balanced_delivery_supervisor-22] [INFO] [1789488483.619924219] [robot_2.robot_supervisor]: Selected controllable event: EV_approach_zone
[balanced_delivery_supervisor-20] [INFO] [1789488483.780934999] [robot_1.robot_supervisor]: DELIVERED zone_a; balance=zone_a_has_extra
[balanced_delivery_supervisor-20] [INFO] [1789488483.793680259] [robot_1.robot_supervisor]: Selected controllable event: EV_drop_zone_a
[balanced_delivery_supervisor-24] [INFO] [1789488483.814899935] [robot_0.robot_supervisor]: Selected controllable event: EV_move_forward
[balanced_delivery_supervisor-22] [INFO] [1789488483.848761249] [robot_2.robot_supervisor]: RECEIVED zone_a; balance=zone_a_has_extra
[balanced_delivery_supervisor-24] [INFO] [1789488483.852244304] [robot_0.robot_supervisor]: RECEIVED zone_a; balance=zone_a_has_extra
[balanced_delivery_supervisor-20] [INFO] [1789488483.858737082] [robot_1.robot_supervisor]: Delivered cargo 'robot_1_carried_generic_box' removed.
[balanced_delivery_supervisor-20] [INFO] [1789488483.882961155] [robot_1.robot_supervisor]: Selected controllable event: EV_search_object
[balanced_delivery_supervisor-22] [INFO] [1789488483.904860438] [robot_2.robot_supervisor]: Triggered uncontrollable event: EV_received_delivered_zone_a
[balanced_delivery_supervisor-22] [INFO] [1789488483.911480307] [robot_2.robot_supervisor]: Selected controllable event: EV_approach_zone
[balanced_delivery_supervisor-20] [INFO] [1789488484.056315290] [robot_1.robot_supervisor]: Selected controllable event: EV_move_forward
[balanced_delivery_supervisor-24] [INFO] [1789488484.101701734] [robot_0.robot_supervisor]: Triggered uncontrollable event: EV_received_delivered_zone_a
[balanced_delivery_supervisor-24] [INFO] [1789488484.113160399] [robot_0.robot_supervisor]: Selected controllable event: EV_move_forward
[balanced_delivery_supervisor-22] [INFO] [1789488484.185896346] [robot_2.robot_supervisor]: Selected controllable event: EV_approach_zone
[balanced_delivery_supervisor-20] [INFO] [1789488484.283918768] [robot_1.robot_supervisor]: Triggered uncontrollable event: EV_obstacle_front
[balanced_delivery_supervisor-20] [INFO] [1789488484.305667023] [robot_1.robot_supervisor]: Selected controllable event: EV_move_backward
[balanced_delivery_supervisor-24] [INFO] [1789488484.399321762] [robot_0.robot_supervisor]: Selected controllable event: EV_move_forward
[balanced_delivery_supervisor-22] [INFO] [1789488484.494506618] [robot_2.robot_supervisor]: Selected controllable event: EV_approach_zone
[balanced_delivery_supervisor-20] [INFO] [1789488484.567172238] [robot_1.robot_supervisor]: ############################# REACHED: EV_object_reached #############################
[balanced_delivery_supervisor-20] [INFO] [1789488484.572674344] [robot_1.robot_supervisor]: Triggered uncontrollable event: EV_obstacle_front
[balanced_delivery_supervisor-20] [INFO] [1789488484.579906937] [robot_1.robot_supervisor]: Selected controllable event: EV_rotate_clockwise
[balanced_delivery_supervisor-24] [INFO] [1789488484.692849347] [robot_0.robot_supervisor]: Selected controllable event: EV_search_object
[balanced_delivery_supervisor-20] [INFO] [1789488484.767892649] [robot_1.robot_supervisor]: Triggered uncontrollable event: EV_obstacle_front
[balanced_delivery_supervisor-20] [INFO] [1789488484.777224136] [robot_1.robot_supervisor]: Selected controllable event: EV_rotate_clockwise
[balanced_delivery_supervisor-22] [INFO] [1789488484.807384972] [robot_2.robot_supervisor]: Triggered uncontrollable event: EV_zone_a_visible
[balanced_delivery_supervisor-22] [INFO] [1789488484.815374369] [robot_2.robot_supervisor]: Triggered uncontrollable event: EV_zone_b_not_visible
[balanced_delivery_supervisor-22] [INFO] [1789488484.825045183] [robot_2.robot_supervisor]: Selected controllable event: EV_approach_zone
[balanced_delivery_supervisor-24] [INFO] [1789488484.899505526] [robot_0.robot_supervisor]: Selected controllable event: EV_search_object
[balanced_delivery_supervisor-20] [INFO] [1789488484.950399374] [robot_1.robot_supervisor]: Triggered uncontrollable event: EV_obstacle_front
[balanced_delivery_supervisor-20] [INFO] [1789488484.954698858] [robot_1.robot_supervisor]: Selected controllable event: EV_u_turn
[balanced_delivery_supervisor-20] [INFO] [1789488484.967976224] [robot_1.robot_supervisor]: Starting FULL ROTATE (omega=1.000, have_odom=True, target_rad=3.142, timeout_s=3.500)
[balanced_delivery_supervisor-24] [INFO] [1789488485.093812611] [robot_0.robot_supervisor]: Selected controllable event: EV_move_forward
[balanced_delivery_supervisor-22] [INFO] [1789488485.104280526] [robot_2.robot_supervisor]: Selected controllable event: EV_approach_zone
[balanced_delivery_supervisor-22] [INFO] [1789488485.380045469] [robot_2.robot_supervisor]: Triggered uncontrollable event: EV_zone_a_reached
[balanced_delivery_supervisor-22] [INFO] [1789488485.392914046] [robot_2.robot_supervisor]: Selected controllable event: EV_move_forward
[balanced_delivery_supervisor-24] [INFO] [1789488485.396722279] [robot_0.robot_supervisor]: Selected controllable event: EV_search_object
[balanced_delivery_supervisor-22] [INFO] [1789488485.598357676] [robot_2.robot_supervisor]: Triggered uncontrollable event: EV_zone_b_not_visible
[balanced_delivery_supervisor-22] [INFO] [1789488485.599305123] [robot_2.robot_supervisor]: Selected controllable event: EV_search_zone
[balanced_delivery_supervisor-24] [INFO] [1789488485.615650786] [robot_0.robot_supervisor]: Selected controllable event: EV_search_object
[balanced_delivery_supervisor-24] [INFO] [1789488485.787494408] [robot_0.robot_supervisor]: Selected controllable event: EV_move_forward
[balanced_delivery_supervisor-22] [INFO] [1789488485.802884571] [robot_2.robot_supervisor]: Selected controllable event: EV_search_zone
[balanced_delivery_supervisor-22] [INFO] [1789488485.995989746] [robot_2.robot_supervisor]: Selected controllable event: EV_move_forward
[balanced_delivery_supervisor-24] [INFO] [1789488486.074581374] [robot_0.robot_supervisor]: Selected controllable event: EV_search_object
[balanced_delivery_supervisor-24] [INFO] [1789488486.290574534] [robot_0.robot_supervisor]: Selected controllable event: EV_search_object
[balanced_delivery_supervisor-22] [INFO] [1789488486.311288881] [robot_2.robot_supervisor]: Triggered uncontrollable event: EV_obstacle_left
[balanced_delivery_supervisor-22] [INFO] [1789488486.322672799] [robot_2.robot_supervisor]: Triggered uncontrollable event: EV_zone_b_not_visible
[balanced_delivery_supervisor-22] [INFO] [1789488486.330574200] [robot_2.robot_supervisor]: Triggered uncontrollable event: EV_zone_a_reached
[balanced_delivery_supervisor-22] [INFO] [1789488486.332732089] [robot_2.robot_supervisor]: Selected controllable event: EV_rotate_clockwise
[balanced_delivery_supervisor-24] [INFO] [1789488486.472771279] [robot_0.robot_supervisor]: Selected controllable event: EV_move_forward
[balanced_delivery_supervisor-22] [INFO] [1789488486.493223058] [robot_2.robot_supervisor]: Triggered uncontrollable event: EV_obstacle_left
[balanced_delivery_supervisor-22] [INFO] [1789488486.501884797] [robot_2.robot_supervisor]: Selected controllable event: EV_rotate_clockwise
[balanced_delivery_supervisor-22] [INFO] [1789488486.708821538] [robot_2.robot_supervisor]: Triggered uncontrollable event: EV_obstacle_left
[balanced_delivery_supervisor-22] [INFO] [1789488486.718478247] [robot_2.robot_supervisor]: Selected controllable event: EV_u_turn
[balanced_delivery_supervisor-22] [INFO] [1789488486.727102391] [robot_2.robot_supervisor]: Starting FULL ROTATE (omega=1.000, have_odom=True, target_rad=3.142, timeout_s=3.500)
[balanced_delivery_supervisor-24] [INFO] [1789488486.797612902] [robot_0.robot_supervisor]: Selected controllable event: EV_move_forward
[balanced_delivery_supervisor-24] [INFO] [1789488487.107227616] [robot_0.robot_supervisor]: Selected controllable event: EV_search_object
[balanced_delivery_supervisor-24] [INFO] [1789488487.292762782] [robot_0.robot_supervisor]: Selected controllable event: EV_search_object
[balanced_delivery_supervisor-24] [INFO] [1789488487.503650617] [robot_0.robot_supervisor]: Selected controllable event: EV_move_forward
[color_detector-29] [INFO] [1789488487.719603652] [robot_2.target_detector]: RGB HEARTBEAT frames_total=170 recent_rate_hz=1.043 last_frame_age_s=0.739 status=OK
[color_detector-31] [INFO] [1789488487.733978713] [robot_0.target_detector]: RGB HEARTBEAT frames_total=170 recent_rate_hz=1.040 last_frame_age_s=0.611 status=OK
[color_detector-27] [INFO] [1789488487.745786349] [robot_1.target_detector]: RGB HEARTBEAT frames_total=170 recent_rate_hz=1.039 last_frame_age_s=0.844 status=OK
[balanced_delivery_supervisor-24] [INFO] [1789488487.796319895] [robot_0.robot_supervisor]: Selected controllable event: EV_move_forward
[balanced_delivery_supervisor-24] [INFO] [1789488488.087747332] [robot_0.robot_supervisor]: Selected controllable event: EV_move_forward
[balanced_delivery_supervisor-24] [INFO] [1789488488.402144264] [robot_0.robot_supervisor]: Selected controllable event: EV_search_object
[balanced_delivery_supervisor-20] [INFO] [1789488488.549398629] [robot_1.robot_supervisor]: FULL ROTATE completed by timeout
[balanced_delivery_supervisor-24] [INFO] [1789488488.583431434] [robot_0.robot_supervisor]: Selected controllable event: EV_move_forward
[INFO] [coverage_counter-4]: process has finished cleanly [pid 66241]
[INFO] [launch]: process[coverage_counter-4] was required: shutting down launched system
[INFO] [color_detector-31]: sending signal 'SIGINT' to process[color_detector-31]
[INFO] [image_processor-30]: sending signal 'SIGINT' to process[image_processor-30]
[INFO] [color_detector-29]: sending signal 'SIGINT' to process[color_detector-29]
[INFO] [image_processor-28]: sending signal 'SIGINT' to process[image_processor-28]
[INFO] [color_detector-27]: sending signal 'SIGINT' to process[color_detector-27]
[INFO] [image_processor-26]: sending signal 'SIGINT' to process[image_processor-26]
[INFO] [stuck_recovery-25]: sending signal 'SIGINT' to process[stuck_recovery-25]
[INFO] [balanced_delivery_supervisor-24]: sending signal 'SIGINT' to process[balanced_delivery_supervisor-24]
[INFO] [stuck_recovery-23]: sending signal 'SIGINT' to process[stuck_recovery-23]
[INFO] [balanced_delivery_supervisor-22]: sending signal 'SIGINT' to process[balanced_delivery_supervisor-22]
[INFO] [stuck_recovery-21]: sending signal 'SIGINT' to process[stuck_recovery-21]
[INFO] [balanced_delivery_supervisor-20]: sending signal 'SIGINT' to process[balanced_delivery_supervisor-20]
[INFO] [parameter_bridge-19]: sending signal 'SIGINT' to process[parameter_bridge-19]
[INFO] [image_bridge-18]: sending signal 'SIGINT' to process[image_bridge-18]
[INFO] [parameter_bridge-19]: process has finished cleanly [pid 66551]
[INFO] [static_transform_publisher-17]: sending signal 'SIGINT' to process[static_transform_publisher-17]
[INFO] [robot_state_publisher-15]: sending signal 'SIGINT' to process[robot_state_publisher-15]
[INFO] [image_bridge-14]: sending signal 'SIGINT' to process[image_bridge-14]
[INFO] [static_transform_publisher-13]: sending signal 'SIGINT' to process[static_transform_publisher-13]
[INFO] [robot_state_publisher-11]: sending signal 'SIGINT' to process[robot_state_publisher-11]
[INFO] [image_bridge-10]: sending signal 'SIGINT' to process[image_bridge-10]
[INFO] [static_transform_publisher-9]: sending signal 'SIGINT' to process[static_transform_publisher-9]
[INFO] [robot_state_publisher-7]: sending signal 'SIGINT' to process[robot_state_publisher-7]
[INFO] [parameter_bridge-6]: sending signal 'SIGINT' to process[parameter_bridge-6]
[INFO] [bump_counter-5]: sending signal 'SIGINT' to process[bump_counter-5]
[INFO] [simulation_video_recorder-3]: sending signal 'SIGINT' to process[simulation_video_recorder-3]
[INFO] [parameter_bridge-6]: process has finished cleanly [pid 66259]
[INFO] [image_bridge-2]: sending signal 'SIGINT' to process[image_bridge-2]
[INFO] [ign gazebo-1]: sending signal 'SIGINT' to process[ign gazebo-1]
[INFO] [static_transform_publisher-17]: process has finished cleanly [pid 66492]
[balanced_delivery_supervisor-20] [INFO] [1789488488.771897104] [robot_1.robot_supervisor]: ############################# REACHED: EV_object_reached #############################
[balanced_delivery_supervisor-20] [INFO] [1789488488.773000330] [robot_1.robot_supervisor]: Selected controllable event: EV_publish_delivered_zone_a
[balanced_delivery_supervisor-20] [INFO] [1789488488.873453912] [robot_1.robot_supervisor]: Selected controllable event: EV_pick_up_object
[balanced_delivery_supervisor-20] [INFO] [1789488488.899282833] [robot_1.robot_supervisor]: Cargo 'robot_1_carried_generic_box' placed on robot.
[INFO] [image_bridge-18]: process has finished cleanly [pid 66536]
[INFO] [robot_state_publisher-15]: process has finished cleanly [pid 66456]
[ERROR] [image_processor-30]: process has died [pid 67967, exit code 1, cmd '/home/ecem/sct_ws/install/leo_image_processing/lib/leo_image_processing/image_processor --ros-args -r __node:=image_processor -r __ns:=/robot_0 --params-file /tmp/launch_params_h8m2qp9y --params-file /tmp/launch_params_t1stcwf1 --params-file /tmp/launch_params_be7e10vo'].
[balanced_delivery_supervisor-24] [INFO] [1789488488.806162319] [robot_0.robot_supervisor]: Selected controllable event: EV_move_forward
[balanced_delivery_supervisor-24] [INFO] [1789488489.091795458] [robot_0.robot_supervisor]: Selected controllable event: EV_search_object
[balanced_delivery_supervisor-20] [INFO] [1789488489.184889343] [robot_1.robot_supervisor]: Selected controllable event: EV_move_forward
[balanced_delivery_supervisor-24] [INFO] [1789488489.211653040] [robot_0.robot_supervisor]: Selected controllable event: EV_move_forward
[balanced_delivery_supervisor-20] [INFO] [1789488489.449106088] [robot_1.robot_supervisor]: Selected controllable event: EV_search_zone
[ERROR] [color_detector-29]: process has died [pid 67926, exit code 1, cmd '/home/ecem/sct_ws/install/leo_image_processing/lib/leo_image_processing/color_detector --ros-args -r __node:=target_detector -r __ns:=/robot_2 --params-file /tmp/launch_params_2b6_glt6 --params-file /tmp/launch_params_mkvyxg28 --params-file /tmp/launch_params_730j9ws9 --params-file /tmp/launch_params_um7go7ez --params-file /tmp/launch_params_zqo6qm5m --params-file /tmp/launch_params_wmn4vs5s'].
[balanced_delivery_supervisor-24] [INFO] [1789488489.538335886] [robot_0.robot_supervisor]: Selected controllable event: EV_move_forward
[ERROR] [color_detector-31]: process has died [pid 67974, exit code 1, cmd '/home/ecem/sct_ws/install/leo_image_processing/lib/leo_image_processing/color_detector --ros-args -r __node:=target_detector -r __ns:=/robot_0 --params-file /tmp/launch_params_ozsyv0_y --params-file /tmp/launch_params_lhnnjjcx --params-file /tmp/launch_params_ucea7o0e --params-file /tmp/launch_params_q1490er_ --params-file /tmp/launch_params_qnic83qs --params-file /tmp/launch_params_ex6i9aq5'].
[INFO] [static_transform_publisher-13]: process has finished cleanly [pid 66397]
[balanced_delivery_supervisor-20] [INFO] [1789488489.582237514] [robot_1.robot_supervisor]: Selected controllable event: EV_search_zone
[balanced_delivery_supervisor-20] [INFO] [1789488489.707065129] [robot_1.robot_supervisor]: Selected controllable event: EV_move_forward
[balanced_delivery_supervisor-20] [INFO] [1789488489.993176482] [robot_1.robot_supervisor]: Selected controllable event: EV_move_forward
[parameter_bridge-19] [INFO] [1789488490.182184561] [rclcpp]: signal_handler(SIGINT/SIGTERM)
[INFO] [image_bridge-14]: process has finished cleanly [pid 66437]
[image_bridge-18] [INFO] [1789488490.280949503] [rclcpp]: signal_handler(SIGINT/SIGTERM)
[static_transform_publisher-17] [INFO] [1789488490.381035778] [rclcpp]: signal_handler(SIGINT/SIGTERM)
[robot_state_publisher-15] [INFO] [1789488490.448634191] [rclcpp]: signal_handler(SIGINT/SIGTERM)
[image_bridge-14] [INFO] [1789488490.521163581] [rclcpp]: signal_handler(SIGINT/SIGTERM)
[color_detector-31] Traceback (most recent call last):
[color_detector-31]   File "/home/ecem/sct_ws/install/leo_image_processing/lib/python3.10/site-packages/color_detector.py", line 325, in main
[color_detector-31]     rclpy.spin(node)
[color_detector-31]   File "/opt/ros/humble/local/lib/python3.10/dist-packages/rclpy/__init__.py", line 229, in spin
[color_detector-31]     executor.spin_once()
[color_detector-31]   File "/opt/ros/humble/local/lib/python3.10/dist-packages/rclpy/executors.py", line 773, in spin_once
[color_detector-31]     self._spin_once_impl(timeout_sec)
[color_detector-31]   File "/opt/ros/humble/local/lib/python3.10/dist-packages/rclpy/executors.py", line 770, in _spin_once_impl
[color_detector-31]     raise handler.exception()
[color_detector-31]   File "/opt/ros/humble/local/lib/python3.10/dist-packages/rclpy/task.py", line 254, in __call__
[color_detector-31]     self._handler.send(None)
[color_detector-31]   File "/opt/ros/humble/local/lib/python3.10/dist-packages/rclpy/executors.py", line 453, in handler
[color_detector-31]     arg = take_from_wait_list(entity)
[color_detector-31]   File "/opt/ros/humble/local/lib/python3.10/dist-packages/rclpy/executors.py", line 375, in _take_subscription
[color_detector-31]     msg_info = sub.handle.take_message(sub.msg_type, sub.raw)
[color_detector-31] RuntimeError: Unable to convert call argument to Python object (compile in debug mode for details)
[color_detector-31] 
[color_detector-31] During handling of the above exception, another exception occurred:
[color_detector-31] 
[color_detector-31] Traceback (most recent call last):
[color_detector-31]   File "/home/ecem/sct_ws/install/leo_image_processing/lib/leo_image_processing/color_detector", line 33, in <module>
[color_detector-31]     sys.exit(load_entry_point('leo-image-processing==0.0.0', 'console_scripts', 'color_detector')())
[color_detector-31]   File "/home/ecem/sct_ws/install/leo_image_processing/lib/python3.10/site-packages/color_detector.py", line 330, in main
[color_detector-31]     rclpy.shutdown()
[color_detector-31]   File "/opt/ros/humble/local/lib/python3.10/dist-packages/rclpy/__init__.py", line 130, in shutdown
[color_detector-31]     _shutdown(context=context)
[color_detector-31]   File "/opt/ros/humble/local/lib/python3.10/dist-packages/rclpy/utilities.py", line 58, in shutdown
[color_detector-31]     return context.shutdown()
[color_detector-31]   File "/opt/ros/humble/local/lib/python3.10/dist-packages/rclpy/context.py", line 102, in shutdown
[color_detector-31]     self.__context.shutdown()
[color_detector-31] rclpy._rclpy_pybind11.RCLError: failed to shutdown: rcl_shutdown already called on the given context, at ./src/rcl/init.c:241
[image_processor-30] Traceback (most recent call last):
[image_processor-30]   File "/home/ecem/sct_ws/install/leo_image_processing/lib/leo_image_processing/image_processor", line 33, in <module>
[image_processor-30]     sys.exit(load_entry_point('leo-image-processing==0.0.0', 'console_scripts', 'image_processor')())
[image_processor-30]   File "/home/ecem/sct_ws/install/leo_image_processing/lib/python3.10/site-packages/leo_image_processing.py", line 118, in main
[image_processor-30]     rclpy.shutdown()
[image_processor-30]   File "/opt/ros/humble/local/lib/python3.10/dist-packages/rclpy/__init__.py", line 130, in shutdown
[image_processor-30]     _shutdown(context=context)
[image_processor-30]   File "/opt/ros/humble/local/lib/python3.10/dist-packages/rclpy/utilities.py", line 58, in shutdown
[image_processor-30]     return context.shutdown()
[image_processor-30]   File "/opt/ros/humble/local/lib/python3.10/dist-packages/rclpy/context.py", line 102, in shutdown
[image_processor-30]     self.__context.shutdown()
[image_processor-30] rclpy._rclpy_pybind11.RCLError: failed to shutdown: rcl_shutdown already called on the given context, at ./src/rcl/init.c:241
[ERROR] [image_processor-28]: process has died [pid 67904, exit code 1, cmd '/home/ecem/sct_ws/install/leo_image_processing/lib/leo_image_processing/image_processor --ros-args -r __node:=image_processor -r __ns:=/robot_2 --params-file /tmp/launch_params_cd6y6wpj --params-file /tmp/launch_params_g8k36c8y --params-file /tmp/launch_params_x54jbjrs'].
[static_transform_publisher-13] [INFO] [1789488490.593692435] [rclcpp]: signal_handler(SIGINT/SIGTERM)
[color_detector-29] Traceback (most recent call last):
[color_detector-29]   File "/home/ecem/sct_ws/install/leo_image_processing/lib/leo_image_processing/color_detector", line 33, in <module>
[color_detector-29]     sys.exit(load_entry_point('leo-image-processing==0.0.0', 'console_scripts', 'color_detector')())
[color_detector-29]   File "/home/ecem/sct_ws/install/leo_image_processing/lib/python3.10/site-packages/color_detector.py", line 330, in main
[color_detector-29]     rclpy.shutdown()
[color_detector-29]   File "/opt/ros/humble/local/lib/python3.10/dist-packages/rclpy/__init__.py", line 130, in shutdown
[color_detector-29]     _shutdown(context=context)
[color_detector-29]   File "/opt/ros/humble/local/lib/python3.10/dist-packages/rclpy/utilities.py", line 58, in shutdown
[color_detector-29]     return context.shutdown()
[color_detector-29]   File "/opt/ros/humble/local/lib/python3.10/dist-packages/rclpy/context.py", line 102, in shutdown
[color_detector-29]     self.__context.shutdown()
[color_detector-29] rclpy._rclpy_pybind11.RCLError: failed to shutdown: rcl_shutdown already called on the given context, at ./src/rcl/init.c:241
[robot_state_publisher-11] [INFO] [1789488490.698939673] [rclcpp]: signal_handler(SIGINT/SIGTERM)
[INFO] [robot_state_publisher-11]: process has finished cleanly [pid 66347]
[image_processor-28] Traceback (most recent call last):
[image_processor-28]   File "/home/ecem/sct_ws/install/leo_image_processing/lib/leo_image_processing/image_processor", line 33, in <module>
[image_processor-28]     sys.exit(load_entry_point('leo-image-processing==0.0.0', 'console_scripts', 'image_processor')())
[image_processor-28]   File "/home/ecem/sct_ws/install/leo_image_processing/lib/python3.10/site-packages/leo_image_processing.py", line 118, in main
[image_processor-28]     rclpy.shutdown()
[image_processor-28]   File "/opt/ros/humble/local/lib/python3.10/dist-packages/rclpy/__init__.py", line 130, in shutdown
[image_processor-28]     _shutdown(context=context)
[image_processor-28]   File "/opt/ros/humble/local/lib/python3.10/dist-packages/rclpy/utilities.py", line 58, in shutdown
[image_processor-28]     return context.shutdown()
[image_processor-28]   File "/opt/ros/humble/local/lib/python3.10/dist-packages/rclpy/context.py", line 102, in shutdown
[image_processor-28]     self.__context.shutdown()
[image_processor-28] rclpy._rclpy_pybind11.RCLError: failed to shutdown: rcl_shutdown already called on the given context, at ./src/rcl/init.c:241
[image_bridge-10] [INFO] [1789488490.824074118] [rclcpp]: signal_handler(SIGINT/SIGTERM)
[static_transform_publisher-9] [INFO] [1789488490.909638537] [rclcpp]: signal_handler(SIGINT/SIGTERM)
[robot_state_publisher-7] [INFO] [1789488491.072468330] [rclcpp]: signal_handler(SIGINT/SIGTERM)
[parameter_bridge-6] [INFO] [1789488491.176153253] [rclcpp]: signal_handler(SIGINT/SIGTERM)
[image_processor-26] Traceback (most recent call last):
[image_processor-26]   File "/home/ecem/sct_ws/install/leo_image_processing/lib/leo_image_processing/image_processor", line 33, in <module>
[image_processor-26]     sys.exit(load_entry_point('leo-image-processing==0.0.0', 'console_scripts', 'image_processor')())
[image_processor-26]   File "/home/ecem/sct_ws/install/leo_image_processing/lib/python3.10/site-packages/leo_image_processing.py", line 118, in main
[image_processor-26]     rclpy.shutdown()
[image_processor-26]   File "/opt/ros/humble/local/lib/python3.10/dist-packages/rclpy/__init__.py", line 130, in shutdown
[image_processor-26]     _shutdown(context=context)
[image_processor-26]   File "/opt/ros/humble/local/lib/python3.10/dist-packages/rclpy/utilities.py", line 58, in shutdown
[image_processor-26]     return context.shutdown()
[image_processor-26]   File "/opt/ros/humble/local/lib/python3.10/dist-packages/rclpy/context.py", line 102, in shutdown
[image_processor-26]     self.__context.shutdown()
[image_processor-26] rclpy._rclpy_pybind11.RCLError: failed to shutdown: rcl_shutdown already called on the given context, at ./src/rcl/init.c:241
[color_detector-27] Traceback (most recent call last):
[color_detector-27]   File "/home/ecem/sct_ws/install/leo_image_processing/lib/python3.10/site-packages/color_detector.py", line 325, in main
[color_detector-27]     rclpy.spin(node)
[color_detector-27]   File "/opt/ros/humble/local/lib/python3.10/dist-packages/rclpy/__init__.py", line 229, in spin
[color_detector-27]     executor.spin_once()
[color_detector-27]   File "/opt/ros/humble/local/lib/python3.10/dist-packages/rclpy/executors.py", line 773, in spin_once
[color_detector-27]     self._spin_once_impl(timeout_sec)
[color_detector-27]   File "/opt/ros/humble/local/lib/python3.10/dist-packages/rclpy/executors.py", line 770, in _spin_once_impl
[color_detector-27]     raise handler.exception()
[color_detector-27]   File "/opt/ros/humble/local/lib/python3.10/dist-packages/rclpy/task.py", line 254, in __call__
[color_detector-27]     self._handler.send(None)
[color_detector-27]   File "/opt/ros/humble/local/lib/python3.10/dist-packages/rclpy/executors.py", line 453, in handler
[color_detector-27]     arg = take_from_wait_list(entity)
[color_detector-27]   File "/opt/ros/humble/local/lib/python3.10/dist-packages/rclpy/executors.py", line 375, in _take_subscription
[color_detector-27]     msg_info = sub.handle.take_message(sub.msg_type, sub.raw)
[color_detector-27] RuntimeError: Unable to convert call argument to Python object (compile in debug mode for details)
[color_detector-27] 
[color_detector-27] During handling of the above exception, another exception occurred:
[color_detector-27] 
[color_detector-27] Traceback (most recent call last):
[color_detector-27]   File "/home/ecem/sct_ws/install/leo_image_processing/lib/leo_image_processing/color_detector", line 33, in <module>
[color_detector-27]     sys.exit(load_entry_point('leo-image-processing==0.0.0', 'console_scripts', 'color_detector')())
[color_detector-27]   File "/home/ecem/sct_ws/install/leo_image_processing/lib/python3.10/site-packages/color_detector.py", line 330, in main
[color_detector-27]     rclpy.shutdown()
[color_detector-27]   File "/opt/ros/humble/local/lib/python3.10/dist-packages/rclpy/__init__.py", line 130, in shutdown
[color_detector-27]     _shutdown(context=context)
[color_detector-27]   File "/opt/ros/humble/local/lib/python3.10/dist-packages/rclpy/utilities.py", line 58, in shutdown
[color_detector-27]     return context.shutdown()
[color_detector-27]   File "/opt/ros/humble/local/lib/python3.10/dist-packages/rclpy/context.py", line 102, in shutdown
[color_detector-27]     self.__context.shutdown()
[color_detector-27] rclpy._rclpy_pybind11.RCLError: failed to shutdown: rcl_shutdown already called on the given context, at ./src/rcl/init.c:241
[image_bridge-2] [INFO] [1789488491.510895021] [rclcpp]: signal_handler(SIGINT/SIGTERM)
[balanced_delivery_supervisor-24] Traceback (most recent call last):
[balanced_delivery_supervisor-24]   File "/home/ecem/sct_ws/install/leo_delivery/lib/leo_delivery/balanced_delivery_supervisor", line 33, in <module>
[balanced_delivery_supervisor-24]     sys.exit(load_entry_point('leo-delivery==0.0.0', 'console_scripts', 'balanced_delivery_supervisor')())
[balanced_delivery_supervisor-24]   File "/home/ecem/sct_ws/install/leo_delivery/lib/python3.10/site-packages/leo_delivery/balanced_delivery_supervisor.py", line 331, in main
[balanced_delivery_supervisor-24]     rclpy.spin(node)
[balanced_delivery_supervisor-24]   File "/opt/ros/humble/local/lib/python3.10/dist-packages/rclpy/__init__.py", line 229, in spin
[balanced_delivery_supervisor-24]     executor.spin_once()
[balanced_delivery_supervisor-24]   File "/opt/ros/humble/local/lib/python3.10/dist-packages/rclpy/executors.py", line 773, in spin_once
[balanced_delivery_supervisor-24]     self._spin_once_impl(timeout_sec)
[balanced_delivery_supervisor-24]   File "/opt/ros/humble/local/lib/python3.10/dist-packages/rclpy/executors.py", line 770, in _spin_once_impl
[balanced_delivery_supervisor-24]     raise handler.exception()
[balanced_delivery_supervisor-24]   File "/opt/ros/humble/local/lib/python3.10/dist-packages/rclpy/task.py", line 254, in __call__
[balanced_delivery_supervisor-24]     self._handler.send(None)
[balanced_delivery_supervisor-24]   File "/opt/ros/humble/local/lib/python3.10/dist-packages/rclpy/executors.py", line 453, in handler
[balanced_delivery_supervisor-24]     arg = take_from_wait_list(entity)
[balanced_delivery_supervisor-24]   File "/opt/ros/humble/local/lib/python3.10/dist-packages/rclpy/executors.py", line 375, in _take_subscription
[balanced_delivery_supervisor-24]     msg_info = sub.handle.take_message(sub.msg_type, sub.raw)
[balanced_delivery_supervisor-24] RuntimeError: Unable to convert call argument to Python object (compile in debug mode for details)
[stuck_recovery-25] Traceback (most recent call last):
[stuck_recovery-25]   File "/home/ecem/sct_ws/install/leo_image_processing/lib/leo_image_processing/stuck_recovery", line 33, in <module>
[stuck_recovery-25]     sys.exit(load_entry_point('leo-image-processing==0.0.0', 'console_scripts', 'stuck_recovery')())
[stuck_recovery-25]   File "/home/ecem/sct_ws/install/leo_image_processing/lib/python3.10/site-packages/stuck_recovery.py", line 294, in main
[stuck_recovery-25]     rclpy.shutdown()
[stuck_recovery-25]   File "/opt/ros/humble/local/lib/python3.10/dist-packages/rclpy/__init__.py", line 130, in shutdown
[stuck_recovery-25]     _shutdown(context=context)
[stuck_recovery-25]   File "/opt/ros/humble/local/lib/python3.10/dist-packages/rclpy/utilities.py", line 58, in shutdown
[stuck_recovery-25]     return context.shutdown()
[stuck_recovery-25]   File "/opt/ros/humble/local/lib/python3.10/dist-packages/rclpy/context.py", line 102, in shutdown
[stuck_recovery-25]     self.__context.shutdown()
[stuck_recovery-25] rclpy._rclpy_pybind11.RCLError: failed to shutdown: rcl_shutdown already called on the given context, at ./src/rcl/init.c:241
[stuck_recovery-23] Traceback (most recent call last):
[stuck_recovery-23]   File "/home/ecem/sct_ws/install/leo_image_processing/lib/leo_image_processing/stuck_recovery", line 33, in <module>
[stuck_recovery-23]     sys.exit(load_entry_point('leo-image-processing==0.0.0', 'console_scripts', 'stuck_recovery')())
[stuck_recovery-23]   File "/home/ecem/sct_ws/install/leo_image_processing/lib/python3.10/site-packages/stuck_recovery.py", line 294, in main
[stuck_recovery-23]     rclpy.shutdown()
[stuck_recovery-23]   File "/opt/ros/humble/local/lib/python3.10/dist-packages/rclpy/__init__.py", line 130, in shutdown
[stuck_recovery-23]     _shutdown(context=context)
[stuck_recovery-23]   File "/opt/ros/humble/local/lib/python3.10/dist-packages/rclpy/utilities.py", line 58, in shutdown
[stuck_recovery-23]     return context.shutdown()
[stuck_recovery-23]   File "/opt/ros/humble/local/lib/python3.10/dist-packages/rclpy/context.py", line 102, in shutdown
[stuck_recovery-23]     self.__context.shutdown()
[stuck_recovery-23] rclpy._rclpy_pybind11.RCLError: failed to shutdown: rcl_shutdown already called on the given context, at ./src/rcl/init.c:241
[balanced_delivery_supervisor-22] Traceback (most recent call last):
[balanced_delivery_supervisor-22]   File "/home/ecem/sct_ws/install/leo_delivery/lib/leo_delivery/balanced_delivery_supervisor", line 33, in <module>
[balanced_delivery_supervisor-22]     sys.exit(load_entry_point('leo-delivery==0.0.0', 'console_scripts', 'balanced_delivery_supervisor')())
[balanced_delivery_supervisor-22]   File "/home/ecem/sct_ws/install/leo_delivery/lib/python3.10/site-packages/leo_delivery/balanced_delivery_supervisor.py", line 331, in main
[balanced_delivery_supervisor-22]     rclpy.spin(node)
[balanced_delivery_supervisor-22]   File "/opt/ros/humble/local/lib/python3.10/dist-packages/rclpy/__init__.py", line 229, in spin
[balanced_delivery_supervisor-22]     executor.spin_once()
[balanced_delivery_supervisor-22]   File "/opt/ros/humble/local/lib/python3.10/dist-packages/rclpy/executors.py", line 773, in spin_once
[balanced_delivery_supervisor-22]     self._spin_once_impl(timeout_sec)
[balanced_delivery_supervisor-22]   File "/opt/ros/humble/local/lib/python3.10/dist-packages/rclpy/executors.py", line 770, in _spin_once_impl
[balanced_delivery_supervisor-22]     raise handler.exception()
[balanced_delivery_supervisor-22]   File "/opt/ros/humble/local/lib/python3.10/dist-packages/rclpy/task.py", line 254, in __call__
[balanced_delivery_supervisor-22]     self._handler.send(None)
[balanced_delivery_supervisor-22]   File "/opt/ros/humble/local/lib/python3.10/dist-packages/rclpy/executors.py", line 453, in handler
[balanced_delivery_supervisor-22]     arg = take_from_wait_list(entity)
[balanced_delivery_supervisor-22]   File "/opt/ros/humble/local/lib/python3.10/dist-packages/rclpy/executors.py", line 375, in _take_subscription
[balanced_delivery_supervisor-22]     msg_info = sub.handle.take_message(sub.msg_type, sub.raw)
[balanced_delivery_supervisor-22] RuntimeError: Unable to convert call argument to Python object (compile in debug mode for details)
[stuck_recovery-21] Traceback (most recent call last):
[stuck_recovery-21]   File "/home/ecem/sct_ws/install/leo_image_processing/lib/leo_image_processing/stuck_recovery", line 33, in <module>
[stuck_recovery-21]     sys.exit(load_entry_point('leo-image-processing==0.0.0', 'console_scripts', 'stuck_recovery')())
[stuck_recovery-21]   File "/home/ecem/sct_ws/install/leo_image_processing/lib/python3.10/site-packages/stuck_recovery.py", line 294, in main
[stuck_recovery-21]     rclpy.shutdown()
[stuck_recovery-21]   File "/opt/ros/humble/local/lib/python3.10/dist-packages/rclpy/__init__.py", line 130, in shutdown
[stuck_recovery-21]     _shutdown(context=context)
[stuck_recovery-21]   File "/opt/ros/humble/local/lib/python3.10/dist-packages/rclpy/utilities.py", line 58, in shutdown
[stuck_recovery-21]     return context.shutdown()
[stuck_recovery-21]   File "/opt/ros/humble/local/lib/python3.10/dist-packages/rclpy/context.py", line 102, in shutdown
[stuck_recovery-21]     self.__context.shutdown()
[stuck_recovery-21] rclpy._rclpy_pybind11.RCLError: failed to shutdown: rcl_shutdown already called on the given context, at ./src/rcl/init.c:241
[INFO] [static_transform_publisher-9]: process has finished cleanly [pid 66306]
[INFO] [image_bridge-10]: process has finished cleanly [pid 66326]
[INFO] [balanced_delivery_supervisor-20]: process has finished cleanly [pid 67696]
[ERROR] [image_processor-26]: process has died [pid 67867, exit code 1, cmd '/home/ecem/sct_ws/install/leo_image_processing/lib/leo_image_processing/image_processor --ros-args -r __node:=image_processor -r __ns:=/robot_1 --params-file /tmp/launch_params_5nao6ko9 --params-file /tmp/launch_params_qowbqw5n --params-file /tmp/launch_params_r4jpc51p'].
[ERROR] [color_detector-27]: process has died [pid 67883, exit code 1, cmd '/home/ecem/sct_ws/install/leo_image_processing/lib/leo_image_processing/color_detector --ros-args -r __node:=target_detector -r __ns:=/robot_1 --params-file /tmp/launch_params_1gv3fdci --params-file /tmp/launch_params_z3ativ83 --params-file /tmp/launch_params_banp5j5s --params-file /tmp/launch_params_b_qu86gn --params-file /tmp/launch_params_sju1skeu --params-file /tmp/launch_params_0xz1t9j0'].
[INFO] [robot_state_publisher-7]: process has finished cleanly [pid 66268]
[ERROR] [stuck_recovery-25]: process has died [pid 67729, exit code 1, cmd '/home/ecem/sct_ws/install/leo_image_processing/lib/leo_image_processing/stuck_recovery --ros-args -r __node:=stuck_recovery -r __ns:=/robot_0 --params-file /tmp/launch_params_xu1x4qxa --params-file /tmp/launch_params_k9pq6n4p --params-file /tmp/launch_params_ujva1ee5 --params-file /tmp/launch_params_s6to60_s --params-file /tmp/launch_params_g5xy2h97 --params-file /tmp/launch_params_928rvsoy --params-file /tmp/launch_params_7dy7ny95 --params-file /tmp/launch_params_4an4ohvn --params-file /tmp/launch_params_2zybam9g --params-file /tmp/launch_params_47zz_kfr'].
[ERROR] [stuck_recovery-23]: process has died [pid 67710, exit code 1, cmd '/home/ecem/sct_ws/install/leo_image_processing/lib/leo_image_processing/stuck_recovery --ros-args -r __node:=stuck_recovery -r __ns:=/robot_2 --params-file /tmp/launch_params_wg9_oijg --params-file /tmp/launch_params_r9qo1cnu --params-file /tmp/launch_params_4r73gdpu --params-file /tmp/launch_params_mgwtnc3w --params-file /tmp/launch_params_o30q7_f6 --params-file /tmp/launch_params_rqx953eb --params-file /tmp/launch_params_twodekfd --params-file /tmp/launch_params_17h9vlyo --params-file /tmp/launch_params_0pchxc2n --params-file /tmp/launch_params_uc8tdve8'].
[ERROR] [stuck_recovery-21]: process has died [pid 67698, exit code 1, cmd '/home/ecem/sct_ws/install/leo_image_processing/lib/leo_image_processing/stuck_recovery --ros-args -r __node:=stuck_recovery -r __ns:=/robot_1 --params-file /tmp/launch_params_1985w53v --params-file /tmp/launch_params_l2yzcrvi --params-file /tmp/launch_params_pr1vm8vj --params-file /tmp/launch_params_aot8o3k1 --params-file /tmp/launch_params_2pk0liv3 --params-file /tmp/launch_params_u7jsgxqe --params-file /tmp/launch_params_ofwh8ydl --params-file /tmp/launch_params_vzzfxp_a --params-file /tmp/launch_params_t6wh1buw --params-file /tmp/launch_params_1ev33ro6'].
[ERROR] [balanced_delivery_supervisor-24]: process has died [pid 67727, exit code 1, cmd '/home/ecem/sct_ws/install/leo_delivery/lib/leo_delivery/balanced_delivery_supervisor --ros-args -r __node:=robot_supervisor -r __ns:=/robot_0 --params-file /tmp/launch_params_5ypg7rr3 --params-file /tmp/launch_params_9wnng3c9 --params-file /tmp/launch_params_jsq5vnoc --params-file /tmp/launch_params_o_5g_cxk --params-file /tmp/launch_params_scdytbpj --params-file /tmp/launch_params_ub26wl03 --params-file /tmp/launch_params_0nhyti2s --params-file /tmp/launch_params_rwl_xjqu --params-file /tmp/launch_params_gfsbaads -r cmd_vel:=cmd_vel_supervisor'].
[ERROR] [balanced_delivery_supervisor-22]: process has died [pid 67708, exit code 1, cmd '/home/ecem/sct_ws/install/leo_delivery/lib/leo_delivery/balanced_delivery_supervisor --ros-args -r __node:=robot_supervisor -r __ns:=/robot_2 --params-file /tmp/launch_params_79ki2xq6 --params-file /tmp/launch_params_c1x8crr4 --params-file /tmp/launch_params_iigi1_7n --params-file /tmp/launch_params_h0wihj8c --params-file /tmp/launch_params_s22hyvo2 --params-file /tmp/launch_params_x81niksg --params-file /tmp/launch_params_fvzu_1pm --params-file /tmp/launch_params_b5awl59n --params-file /tmp/launch_params_7i13dk3l -r cmd_vel:=cmd_vel_supervisor'].
[bump_counter-5] Traceback (most recent call last):
[bump_counter-5]   File "/home/ecem/sct_ws/install/evaluation/lib/evaluation/bump_counter", line 33, in <module>
[bump_counter-5]     sys.exit(load_entry_point('evaluation==0.0.0', 'console_scripts', 'bump_counter')())
[bump_counter-5]   File "/home/ecem/sct_ws/install/evaluation/lib/python3.10/site-packages/evaluation/bump_counter.py", line 697, in main
[bump_counter-5]     rclpy.shutdown()
[bump_counter-5]   File "/opt/ros/humble/local/lib/python3.10/dist-packages/rclpy/__init__.py", line 130, in shutdown
[bump_counter-5]     _shutdown(context=context)
[bump_counter-5]   File "/opt/ros/humble/local/lib/python3.10/dist-packages/rclpy/utilities.py", line 58, in shutdown
[bump_counter-5]     return context.shutdown()
[bump_counter-5]   File "/opt/ros/humble/local/lib/python3.10/dist-packages/rclpy/context.py", line 102, in shutdown
[bump_counter-5]     self.__context.shutdown()
[bump_counter-5] rclpy._rclpy_pybind11.RCLError: failed to shutdown: rcl_shutdown already called on the given context, at ./src/rcl/init.c:241
[INFO] [simulation_video_recorder-3]: process has finished cleanly [pid 66230]
[ERROR] [bump_counter-5]: process has died [pid 66248, exit code 1, cmd '/home/ecem/sct_ws/install/evaluation/lib/evaluation/bump_counter --ros-args -r __node:=bump_counter --params-file /tmp/launch_params_8vuywaat --params-file /tmp/launch_params_wi3r48ej --params-file /tmp/launch_params_0ovid8ag --params-file /tmp/launch_params_jc35wcqi --params-file /tmp/launch_params_zqsa7q00 --params-file /tmp/launch_params_kk8texlc --params-file /tmp/launch_params_n2o5rqgi --params-file /tmp/launch_params_nlx9wmfn'].
[INFO] [image_bridge-2]: process has finished cleanly [pid 66215]
[ERROR] [ign gazebo-1]: process[ign gazebo-1] failed to terminate '5' seconds after receiving 'SIGINT', escalating to 'SIGTERM'
[INFO] [ign gazebo-1]: sending signal 'SIGTERM' to process[ign gazebo-1]
[ERROR] [ign gazebo-1]: process has died [pid 66208, exit code -15, cmd 'ruby /usr/bin/ign gazebo /tmp/leo_delivery_no_overhead_camera_st3zicir.sdf -s --headless-rendering -r -z 200 --force-version 6'].
[INFO] [launch]: process[ign gazebo-1] was required: shutting down launched system
