[INFO] [1789488502.526354751] [robot_2.robot_supervisor]: Loaded initial mission 'balanced_delivery' from explicit YAML supervisor.yaml
[INFO] [1789488502.686914292] [robot_2.robot_supervisor]: Selected controllable event: EV_move_forward
[INFO] [1789488502.994543119] [robot_2.robot_supervisor]: Selected controllable event: EV_move_forward
[INFO] [1789488503.284950323] [robot_2.robot_supervisor]: Selected controllable event: EV_search_object
[INFO] [1789488503.388247214] [robot_2.robot_supervisor]: Selected controllable event: EV_search_object
[INFO] [1789488503.597237028] [robot_2.robot_supervisor]: Selected controllable event: EV_search_object
[INFO] [1789488503.701001382] [robot_2.robot_supervisor]: Selected controllable event: EV_move_forward
[INFO] [1789488504.000985131] [robot_2.robot_supervisor]: Selected controllable event: EV_move_forward
[INFO] [1789488504.287488858] [robot_2.robot_supervisor]: Selected controllable event: EV_search_object
[INFO] [1789488504.477674061] [robot_2.robot_supervisor]: Selected controllable event: EV_move_forward
[INFO] [1789488504.777685257] [robot_2.robot_supervisor]: Selected controllable event: EV_move_forward
[INFO] [1789488505.077653832] [robot_2.robot_supervisor]: Selected controllable event: EV_search_object
[INFO] [1789488505.277645175] [robot_2.robot_supervisor]: Selected controllable event: EV_search_object
[INFO] [1789488505.477667200] [robot_2.robot_supervisor]: Selected controllable event: EV_move_forward
[INFO] [1789488505.777638083] [robot_2.robot_supervisor]: Selected controllable event: EV_search_object
[INFO] [1789488505.977545742] [robot_2.robot_supervisor]: Selected controllable event: EV_search_object
[INFO] [1789488506.177709128] [robot_2.robot_supervisor]: Selected controllable event: EV_search_object
[INFO] [1789488506.377680498] [robot_2.robot_supervisor]: Selected controllable event: EV_move_forward
[INFO] [1789488506.677723763] [robot_2.robot_supervisor]: Selected controllable event: EV_move_forward
[INFO] [1789488506.977816490] [robot_2.robot_supervisor]: Selected controllable event: EV_search_object
[INFO] [1789488507.107572322] [robot_2.robot_supervisor]: Triggered uncontrollable event: EV_object_not_visible
[INFO] [1789488507.120028450] [robot_2.robot_supervisor]: Selected controllable event: EV_move_forward
[INFO] [1789488507.388639292] [robot_2.robot_supervisor]: Selected controllable event: EV_move_forward
[INFO] [1789488507.677823771] [robot_2.robot_supervisor]: Selected controllable event: EV_move_forward
[INFO] [1789488507.897570332] [robot_2.robot_supervisor]: ############################# REACHED: EV_object_reached #############################
[INFO] [1789488507.898465701] [robot_2.robot_supervisor]: Selected controllable event: EV_pick_up_object
[INFO] [1789488508.015535269] [robot_2.robot_supervisor]: Cargo 'robot_2_carried_generic_box' placed on robot.
[INFO] [1789488508.194744320] [robot_2.robot_supervisor]: Selected controllable event: EV_search_zone
[INFO] [1789488508.404021254] [robot_2.robot_supervisor]: Selected controllable event: EV_move_forward
[INFO] [1789488508.692053695] [robot_2.robot_supervisor]: Triggered uncontrollable event: EV_zone_a_not_visible
[INFO] [1789488508.692758169] [robot_2.robot_supervisor]: Triggered uncontrollable event: EV_zone_b_not_visible
[INFO] [1789488508.693646346] [robot_2.robot_supervisor]: Selected controllable event: EV_search_zone
[INFO] [1789488508.889076773] [robot_2.robot_supervisor]: Selected controllable event: EV_search_zone
[INFO] [1789488509.005072013] [robot_2.robot_supervisor]: Selected controllable event: EV_search_zone
[INFO] [1789488509.193122100] [robot_2.robot_supervisor]: Selected controllable event: EV_search_zone
[INFO] [1789488509.388212621] [robot_2.robot_supervisor]: Selected controllable event: EV_search_zone
[INFO] [1789488509.507916176] [robot_2.robot_supervisor]: Triggered uncontrollable event: EV_zone_a_not_visible
[INFO] [1789488509.508578746] [robot_2.robot_supervisor]: Triggered uncontrollable event: EV_obstacle_left
[INFO] [1789488509.527477886] [robot_2.robot_supervisor]: Triggered uncontrollable event: EV_zone_b_not_visible
[INFO] [1789488509.528448394] [robot_2.robot_supervisor]: Selected controllable event: EV_u_turn
[INFO] [1789488509.529216260] [robot_2.robot_supervisor]: Starting FULL ROTATE (omega=1.000, have_odom=True, target_rad=3.142, timeout_s=3.500)
[INFO] [1789488513.092749556] [robot_2.robot_supervisor]: FULL ROTATE completed by timeout
[INFO] [1789488513.291617577] [robot_2.robot_supervisor]: Triggered uncontrollable event: EV_zone_a_not_visible
[INFO] [1789488513.292202942] [robot_2.robot_supervisor]: Triggered uncontrollable event: EV_zone_b_not_visible
[INFO] [1789488513.310102495] [robot_2.robot_supervisor]: Selected controllable event: EV_move_forward
[INFO] [1789488513.589876379] [robot_2.robot_supervisor]: Selected controllable event: EV_search_zone
[INFO] [1789488513.702555622] [robot_2.robot_supervisor]: Selected controllable event: EV_search_zone
[INFO] [1789488513.881336672] [robot_2.robot_supervisor]: Triggered uncontrollable event: EV_zone_a_visible
[INFO] [1789488513.881914140] [robot_2.robot_supervisor]: Triggered uncontrollable event: EV_zone_b_not_visible
[INFO] [1789488513.882617131] [robot_2.robot_supervisor]: Selected controllable event: EV_move_forward
[INFO] [1789488514.188533060] [robot_2.robot_supervisor]: Selected controllable event: EV_move_forward
[INFO] [1789488514.487691956] [robot_2.robot_supervisor]: Triggered uncontrollable event: EV_zone_a_visible
[INFO] [1789488514.498961001] [robot_2.robot_supervisor]: Triggered uncontrollable event: EV_zone_b_not_visible
[INFO] [1789488514.500970560] [robot_2.robot_supervisor]: Selected controllable event: EV_approach_zone
[INFO] [1789488514.790341981] [robot_2.robot_supervisor]: Selected controllable event: EV_approach_zone
[INFO] [1789488515.011525035] [robot_2.robot_supervisor]: Selected controllable event: EV_move_forward
[INFO] [1789488515.313720392] [robot_2.robot_supervisor]: Triggered uncontrollable event: EV_zone_a_visible
[INFO] [1789488515.317359748] [robot_2.robot_supervisor]: Triggered uncontrollable event: EV_zone_b_visible
[INFO] [1789488515.319280869] [robot_2.robot_supervisor]: Selected controllable event: EV_move_forward
[INFO] [1789488515.587056921] [robot_2.robot_supervisor]: Selected controllable event: EV_approach_zone
[INFO] [1789488515.797113435] [robot_2.robot_supervisor]: Selected controllable event: EV_move_forward
[INFO] [1789488516.110558425] [robot_2.robot_supervisor]: Triggered uncontrollable event: EV_zone_a_visible
[INFO] [1789488516.111183719] [robot_2.robot_supervisor]: Triggered uncontrollable event: EV_zone_b_visible
[INFO] [1789488516.117216040] [robot_2.robot_supervisor]: Selected controllable event: EV_approach_zone
[INFO] [1789488516.394786067] [robot_2.robot_supervisor]: Selected controllable event: EV_move_forward
[INFO] [1789488516.684277708] [robot_2.robot_supervisor]: Triggered uncontrollable event: EV_zone_a_visible
[INFO] [1789488516.684911686] [robot_2.robot_supervisor]: Triggered uncontrollable event: EV_zone_b_visible
[INFO] [1789488516.685388594] [robot_2.robot_supervisor]: Triggered uncontrollable event: EV_obstacle_left
[INFO] [1789488516.706422967] [robot_2.robot_supervisor]: Selected controllable event: EV_rotate_clockwise
[INFO] [1789488516.892072612] [robot_2.robot_supervisor]: Triggered uncontrollable event: EV_obstacle_left
[INFO] [1789488516.892693452] [robot_2.robot_supervisor]: Selected controllable event: EV_rotate_clockwise
[INFO] [1789488517.093744344] [robot_2.robot_supervisor]: Triggered uncontrollable event: EV_obstacle_left
[INFO] [1789488517.094481270] [robot_2.robot_supervisor]: Selected controllable event: EV_rotate_clockwise
[INFO] [1789488517.196341025] [robot_2.robot_supervisor]: Triggered uncontrollable event: EV_obstacle_left
[INFO] [1789488517.197107937] [robot_2.robot_supervisor]: Selected controllable event: EV_u_turn
[INFO] [1789488517.197832096] [robot_2.robot_supervisor]: Starting FULL ROTATE (omega=1.000, have_odom=True, target_rad=3.142, timeout_s=3.500)
[INFO] [1789488520.714247544] [robot_2.robot_supervisor]: FULL ROTATE completed by timeout
[INFO] [1789488520.998093282] [robot_2.robot_supervisor]: Triggered uncontrollable event: EV_zone_a_visible
[INFO] [1789488520.998706724] [robot_2.robot_supervisor]: Triggered uncontrollable event: EV_zone_b_visible
[INFO] [1789488520.999345931] [robot_2.robot_supervisor]: Selected controllable event: EV_approach_zone
[INFO] [1789488521.281411218] [robot_2.robot_supervisor]: Selected controllable event: EV_move_forward
[INFO] [1789488521.605487760] [robot_2.robot_supervisor]: Triggered uncontrollable event: EV_zone_a_visible
[INFO] [1789488521.606080109] [robot_2.robot_supervisor]: Triggered uncontrollable event: EV_zone_b_visible
[INFO] [1789488521.612844430] [robot_2.robot_supervisor]: Selected controllable event: EV_move_forward
[INFO] [1789488521.895844846] [robot_2.robot_supervisor]: Selected controllable event: EV_move_forward
[INFO] [1789488522.181885699] [robot_2.robot_supervisor]: Triggered uncontrollable event: EV_zone_a_visible
[INFO] [1789488522.182405877] [robot_2.robot_supervisor]: Triggered uncontrollable event: EV_zone_b_visible
[INFO] [1789488522.183076714] [robot_2.robot_supervisor]: Selected controllable event: EV_approach_zone
[INFO] [1789488522.387943964] [robot_2.robot_supervisor]: Selected controllable event: EV_approach_zone
[INFO] [1789488522.715227067] [robot_2.robot_supervisor]: Selected controllable event: EV_move_forward
[INFO] [1789488522.986281626] [robot_2.robot_supervisor]: Triggered uncontrollable event: EV_zone_b_visible
[INFO] [1789488522.986905263] [robot_2.robot_supervisor]: Triggered uncontrollable event: EV_zone_a_not_visible
[INFO] [1789488522.995835967] [robot_2.robot_supervisor]: Selected controllable event: EV_move_forward
[INFO] [1789488523.287609998] [robot_2.robot_supervisor]: Selected controllable event: EV_move_forward
[INFO] [1789488523.491591435] [robot_2.robot_supervisor]: Triggered uncontrollable event: EV_zone_a_not_visible
[INFO] [1789488523.492216041] [robot_2.robot_supervisor]: Triggered uncontrollable event: EV_zone_b_not_visible
[INFO] [1789488523.511228188] [robot_2.robot_supervisor]: Selected controllable event: EV_move_forward
[INFO] [1789488523.786773580] [robot_2.robot_supervisor]: Selected controllable event: EV_search_zone
[INFO] [1789488523.999662962] [robot_2.robot_supervisor]: Selected controllable event: EV_move_forward
[INFO] [1789488524.311411863] [robot_2.robot_supervisor]: Triggered uncontrollable event: EV_zone_a_not_visible
[INFO] [1789488524.312005118] [robot_2.robot_supervisor]: Triggered uncontrollable event: EV_zone_b_not_visible
[INFO] [1789488524.319275242] [robot_2.robot_supervisor]: Selected controllable event: EV_search_zone
[INFO] [1789488524.498686760] [robot_2.robot_supervisor]: Selected controllable event: EV_search_zone
[INFO] [1789488524.692504145] [robot_2.robot_supervisor]: Selected controllable event: EV_search_zone
[INFO] [1789488524.880909565] [robot_2.robot_supervisor]: Triggered uncontrollable event: EV_zone_a_not_visible
[INFO] [1789488524.881532658] [robot_2.robot_supervisor]: Triggered uncontrollable event: EV_zone_b_not_visible
[INFO] [1789488524.887705560] [robot_2.robot_supervisor]: Selected controllable event: EV_search_zone
[INFO] [1789488525.085892446] [robot_2.robot_supervisor]: Selected controllable event: EV_move_forward
[INFO] [1789488525.400901682] [robot_2.robot_supervisor]: Selected controllable event: EV_move_forward
[INFO] [1789488525.691406528] [robot_2.robot_supervisor]: Triggered uncontrollable event: EV_zone_a_not_visible
[INFO] [1789488525.692070967] [robot_2.robot_supervisor]: Triggered uncontrollable event: EV_zone_b_not_visible
[INFO] [1789488525.699241506] [robot_2.robot_supervisor]: Selected controllable event: EV_move_forward
[INFO] [1789488525.983799953] [robot_2.robot_supervisor]: Triggered uncontrollable event: EV_zone_a_not_visible
[INFO] [1789488525.984312016] [robot_2.robot_supervisor]: Triggered uncontrollable event: EV_zone_b_not_visible
[INFO] [1789488525.984880612] [robot_2.robot_supervisor]: Selected controllable event: EV_search_zone
[INFO] [1789488526.099928288] [robot_2.robot_supervisor]: Selected controllable event: EV_move_forward
[INFO] [1789488526.378620990] [robot_2.robot_supervisor]: Selected controllable event: EV_search_zone
[INFO] [1789488526.479813800] [robot_2.robot_supervisor]: Selected controllable event: EV_search_zone
[INFO] [1789488526.683734022] [robot_2.robot_supervisor]: Triggered uncontrollable event: EV_zone_a_not_visible
[INFO] [1789488526.685513749] [robot_2.robot_supervisor]: Triggered uncontrollable event: EV_zone_b_not_visible
[INFO] [1789488526.686251455] [robot_2.robot_supervisor]: Selected controllable event: EV_search_zone
[INFO] [1789488526.790997811] [robot_2.robot_supervisor]: Selected controllable event: EV_search_zone
[INFO] [1789488526.897423714] [robot_2.robot_supervisor]: Selected controllable event: EV_search_zone
[INFO] [1789488527.008650162] [robot_2.robot_supervisor]: Selected controllable event: EV_move_forward
[INFO] [1789488527.291408946] [robot_2.robot_supervisor]: Triggered uncontrollable event: EV_zone_a_not_visible
[INFO] [1789488527.300335022] [robot_2.robot_supervisor]: Selected controllable event: EV_search_zone
[INFO] [1789488527.492711253] [robot_2.robot_supervisor]: Triggered uncontrollable event: EV_zone_b_not_visible
[INFO] [1789488527.502523295] [robot_2.robot_supervisor]: Selected controllable event: EV_search_zone
[INFO] [1789488527.605290498] [robot_2.robot_supervisor]: Selected controllable event: EV_search_zone
[INFO] [1789488527.799420825] [robot_2.robot_supervisor]: Selected controllable event: EV_search_zone
[INFO] [1789488528.007647137] [robot_2.robot_supervisor]: Selected controllable event: EV_search_zone
[INFO] [1789488528.198453178] [robot_2.robot_supervisor]: Triggered uncontrollable event: EV_zone_a_not_visible
[INFO] [1789488528.205985786] [robot_2.robot_supervisor]: Triggered uncontrollable event: EV_zone_b_not_visible
[INFO] [1789488528.206779229] [robot_2.robot_supervisor]: Selected controllable event: EV_move_forward
[INFO] [1789488528.496268620] [robot_2.robot_supervisor]: Selected controllable event: EV_move_forward
[INFO] [1789488528.714373607] [robot_2.robot_supervisor]: Selected controllable event: EV_move_forward
[INFO] [1789488528.981849929] [robot_2.robot_supervisor]: Triggered uncontrollable event: EV_zone_a_not_visible
[INFO] [1789488528.982461623] [robot_2.robot_supervisor]: Triggered uncontrollable event: EV_zone_b_not_visible
[INFO] [1789488529.011922135] [robot_2.robot_supervisor]: Selected controllable event: EV_search_zone
[INFO] [1789488529.195940792] [robot_2.robot_supervisor]: Selected controllable event: EV_move_forward
[INFO] [1789488529.485044637] [robot_2.robot_supervisor]: Selected controllable event: EV_move_forward
[INFO] [1789488529.701544966] [robot_2.robot_supervisor]: Triggered uncontrollable event: EV_zone_a_not_visible
[INFO] [1789488529.709070602] [robot_2.robot_supervisor]: Triggered uncontrollable event: EV_zone_b_not_visible
[INFO] [1789488529.709801677] [robot_2.robot_supervisor]: Selected controllable event: EV_move_forward
[INFO] [1789488529.999677766] [robot_2.robot_supervisor]: Selected controllable event: EV_search_zone
[INFO] [1789488530.181447408] [robot_2.robot_supervisor]: Triggered uncontrollable event: EV_zone_a_not_visible
[INFO] [1789488530.181997912] [robot_2.robot_supervisor]: Triggered uncontrollable event: EV_zone_b_not_visible
[INFO] [1789488530.193876946] [robot_2.robot_supervisor]: Selected controllable event: EV_search_zone
[INFO] [1789488530.392238819] [robot_2.robot_supervisor]: Selected controllable event: EV_search_zone
[INFO] [1789488530.610289626] [robot_2.robot_supervisor]: Selected controllable event: EV_move_forward
[INFO] [1789488530.882994141] [robot_2.robot_supervisor]: Triggered uncontrollable event: EV_zone_a_not_visible
[INFO] [1789488530.901459078] [robot_2.robot_supervisor]: Triggered uncontrollable event: EV_zone_b_not_visible
[INFO] [1789488530.904216027] [robot_2.robot_supervisor]: Selected controllable event: EV_search_zone
[INFO] [1789488531.103026865] [robot_2.robot_supervisor]: Selected controllable event: EV_move_forward
[INFO] [1789488531.415111636] [robot_2.robot_supervisor]: Selected controllable event: EV_search_zone
[INFO] [1789488531.585090137] [robot_2.robot_supervisor]: Triggered uncontrollable event: EV_zone_a_not_visible
[INFO] [1789488531.603111055] [robot_2.robot_supervisor]: Triggered uncontrollable event: EV_zone_b_not_visible
[INFO] [1789488531.603849609] [robot_2.robot_supervisor]: Selected controllable event: EV_move_forward
[INFO] [1789488531.894188946] [robot_2.robot_supervisor]: Selected controllable event: EV_search_zone
[INFO] [1789488532.017735864] [robot_2.robot_supervisor]: Selected controllable event: EV_search_zone
[INFO] [1789488532.190295215] [robot_2.robot_supervisor]: Triggered uncontrollable event: EV_zone_a_not_visible
[INFO] [1789488532.195288506] [robot_2.robot_supervisor]: Triggered uncontrollable event: EV_zone_b_not_visible
[INFO] [1789488532.202700344] [robot_2.robot_supervisor]: Selected controllable event: EV_search_zone
[INFO] [1789488532.388570399] [robot_2.robot_supervisor]: Selected controllable event: EV_move_forward
[INFO] [1789488532.701720601] [robot_2.robot_supervisor]: Triggered uncontrollable event: EV_zone_a_not_visible
[INFO] [1789488532.706153789] [robot_2.robot_supervisor]: Triggered uncontrollable event: EV_zone_b_not_visible
[INFO] [1789488532.713152885] [robot_2.robot_supervisor]: Selected controllable event: EV_search_zone
[INFO] [1789488532.882900438] [robot_2.robot_supervisor]: Selected controllable event: EV_search_zone
[INFO] [1789488533.081983839] [robot_2.robot_supervisor]: Selected controllable event: EV_search_zone
[INFO] [1789488533.185839807] [robot_2.robot_supervisor]: Selected controllable event: EV_search_zone
[INFO] [1789488533.296305592] [robot_2.robot_supervisor]: Selected controllable event: EV_search_zone
[INFO] [1789488533.490203881] [robot_2.robot_supervisor]: Triggered uncontrollable event: EV_zone_a_not_visible
[INFO] [1789488533.490723334] [robot_2.robot_supervisor]: Triggered uncontrollable event: EV_zone_b_not_visible
[INFO] [1789488533.491365677] [robot_2.robot_supervisor]: Selected controllable event: EV_search_zone
[INFO] [1789488533.699381395] [robot_2.robot_supervisor]: Selected controllable event: EV_move_forward
[INFO] [1789488533.991472716] [robot_2.robot_supervisor]: Triggered uncontrollable event: EV_zone_a_not_visible
[INFO] [1789488533.991969111] [robot_2.robot_supervisor]: Triggered uncontrollable event: EV_zone_b_not_visible
[INFO] [1789488533.992576867] [robot_2.robot_supervisor]: Selected controllable event: EV_move_forward
[INFO] [1789488534.193880400] [robot_2.robot_supervisor]: Selected controllable event: EV_move_forward
[INFO] [1789488534.478340397] [robot_2.robot_supervisor]: Selected controllable event: EV_move_forward
[INFO] [1789488534.689404027] [robot_2.robot_supervisor]: Triggered uncontrollable event: EV_zone_a_not_visible
[INFO] [1789488534.689959198] [robot_2.robot_supervisor]: Triggered uncontrollable event: EV_zone_b_not_visible
[INFO] [1789488534.690595909] [robot_2.robot_supervisor]: Selected controllable event: EV_move_forward
[INFO] [1789488534.989888209] [robot_2.robot_supervisor]: Selected controllable event: EV_search_zone
[INFO] [1789488535.188924657] [robot_2.robot_supervisor]: Triggered uncontrollable event: EV_zone_a_not_visible
[INFO] [1789488535.193342672] [robot_2.robot_supervisor]: Triggered uncontrollable event: EV_zone_b_not_visible
[INFO] [1789488535.201461054] [robot_2.robot_supervisor]: Selected controllable event: EV_move_forward
[INFO] [1789488535.498164795] [robot_2.robot_supervisor]: Selected controllable event: EV_move_forward
[INFO] [1789488535.800033468] [robot_2.robot_supervisor]: Triggered uncontrollable event: EV_zone_a_not_visible
[INFO] [1789488535.800545268] [robot_2.robot_supervisor]: Triggered uncontrollable event: EV_zone_b_not_visible
[INFO] [1789488535.801189967] [robot_2.robot_supervisor]: Selected controllable event: EV_move_forward
[INFO] [1789488536.096949341] [robot_2.robot_supervisor]: Selected controllable event: EV_search_zone
[INFO] [1789488536.204460791] [robot_2.robot_supervisor]: Selected controllable event: EV_move_forward
[INFO] [1789488536.485572300] [robot_2.robot_supervisor]: Triggered uncontrollable event: EV_zone_a_not_visible
[INFO] [1789488536.486164731] [robot_2.robot_supervisor]: Triggered uncontrollable event: EV_zone_b_not_visible
[INFO] [1789488536.497728948] [robot_2.robot_supervisor]: Selected controllable event: EV_move_forward
[INFO] [1789488536.806309227] [robot_2.robot_supervisor]: Selected controllable event: EV_move_forward
[INFO] [1789488537.086400072] [robot_2.robot_supervisor]: Triggered uncontrollable event: EV_zone_a_not_visible
[INFO] [1789488537.095006598] [robot_2.robot_supervisor]: Triggered uncontrollable event: EV_zone_b_not_visible
[INFO] [1789488537.100468794] [robot_2.robot_supervisor]: Selected controllable event: EV_search_zone
[INFO] [1789488537.292351325] [robot_2.robot_supervisor]: Selected controllable event: EV_move_forward
[INFO] [1789488537.496608186] [robot_2.robot_supervisor]: Selected controllable event: EV_search_zone
[INFO] [1789488537.606281435] [robot_2.robot_supervisor]: Triggered uncontrollable event: EV_zone_a_not_visible
[INFO] [1789488537.607008391] [robot_2.robot_supervisor]: Selected controllable event: EV_move_forward
[INFO] [1789488537.881612707] [robot_2.robot_supervisor]: Triggered uncontrollable event: EV_zone_b_not_visible
[INFO] [1789488537.889180058] [robot_2.robot_supervisor]: Selected controllable event: EV_search_zone
[INFO] [1789488537.995071575] [robot_2.robot_supervisor]: Selected controllable event: EV_move_forward
[INFO] [1789488538.293673712] [robot_2.robot_supervisor]: Triggered uncontrollable event: EV_zone_a_not_visible
[INFO] [1789488538.303155428] [robot_2.robot_supervisor]: Triggered uncontrollable event: EV_zone_b_not_visible
[INFO] [1789488538.307585672] [robot_2.robot_supervisor]: Selected controllable event: EV_move_forward
[INFO] [1789488538.609290699] [robot_2.robot_supervisor]: Selected controllable event: EV_search_zone
[INFO] [1789488538.795384263] [robot_2.robot_supervisor]: Selected controllable event: EV_search_zone
[INFO] [1789488539.013223461] [robot_2.robot_supervisor]: Selected controllable event: EV_move_forward
[INFO] [1789488539.289490765] [robot_2.robot_supervisor]: Triggered uncontrollable event: EV_zone_a_not_visible
[INFO] [1789488539.295481550] [robot_2.robot_supervisor]: Triggered uncontrollable event: EV_zone_b_not_visible
[INFO] [1789488539.300056079] [robot_2.robot_supervisor]: Selected controllable event: EV_move_forward
[INFO] [1789488539.591488512] [robot_2.robot_supervisor]: Selected controllable event: EV_move_forward
[INFO] [1789488539.805495374] [robot_2.robot_supervisor]: Triggered uncontrollable event: EV_zone_a_not_visible
[INFO] [1789488539.811866536] [robot_2.robot_supervisor]: Selected controllable event: EV_search_zone
[INFO] [1789488539.983806002] [robot_2.robot_supervisor]: Triggered uncontrollable event: EV_zone_b_not_visible
[INFO] [1789488539.987195482] [robot_2.robot_supervisor]: Selected controllable event: EV_search_zone
[INFO] [1789488540.200201209] [robot_2.robot_supervisor]: Selected controllable event: EV_move_forward
[INFO] [1789488540.480468672] [robot_2.robot_supervisor]: Triggered uncontrollable event: EV_zone_a_not_visible
[INFO] [1789488540.494462735] [robot_2.robot_supervisor]: Selected controllable event: EV_move_forward
[INFO] [1789488540.794399166] [robot_2.robot_supervisor]: Triggered uncontrollable event: EV_zone_b_not_visible
[INFO] [1789488540.807527879] [robot_2.robot_supervisor]: Selected controllable event: EV_move_forward
[INFO] [1789488541.092663128] [robot_2.robot_supervisor]: Selected controllable event: EV_move_forward
[INFO] [1789488541.296476345] [robot_2.robot_supervisor]: Selected controllable event: EV_move_forward
[INFO] [1789488541.500844593] [robot_2.robot_supervisor]: Triggered uncontrollable event: EV_zone_a_visible
[INFO] [1789488541.506878064] [robot_2.robot_supervisor]: Triggered uncontrollable event: EV_zone_b_not_visible
[INFO] [1789488541.511769768] [robot_2.robot_supervisor]: Selected controllable event: EV_approach_zone
[INFO] [1789488541.798024772] [robot_2.robot_supervisor]: Selected controllable event: EV_move_forward
[INFO] [1789488542.010104620] [robot_2.robot_supervisor]: Triggered uncontrollable event: EV_zone_a_visible
[INFO] [1789488542.013652404] [robot_2.robot_supervisor]: Selected controllable event: EV_approach_zone
[INFO] [1789488542.307073138] [robot_2.robot_supervisor]: Triggered uncontrollable event: EV_zone_b_not_visible
[INFO] [1789488542.312223743] [robot_2.robot_supervisor]: Selected controllable event: EV_move_forward
[INFO] [1789488542.593366261] [robot_2.robot_supervisor]: Selected controllable event: EV_approach_zone
[INFO] [1789488542.897791556] [robot_2.robot_supervisor]: Triggered uncontrollable event: EV_zone_a_visible
[INFO] [1789488542.898375052] [robot_2.robot_supervisor]: Triggered uncontrollable event: EV_zone_b_not_visible
[INFO] [1789488542.912156611] [robot_2.robot_supervisor]: Selected controllable event: EV_move_forward
[INFO] [1789488543.187617472] [robot_2.robot_supervisor]: Selected controllable event: EV_move_forward
[INFO] [1789488543.392180640] [robot_2.robot_supervisor]: Triggered uncontrollable event: EV_zone_a_visible
[INFO] [1789488543.395146276] [robot_2.robot_supervisor]: Triggered uncontrollable event: EV_zone_b_not_visible
[INFO] [1789488543.404394956] [robot_2.robot_supervisor]: Selected controllable event: EV_approach_zone
[INFO] [1789488543.691846039] [robot_2.robot_supervisor]: Selected controllable event: EV_move_forward
[INFO] [1789488543.926761258] [robot_2.robot_supervisor]: Selected controllable event: EV_approach_zone
[INFO] [1789488544.203081523] [robot_2.robot_supervisor]: Triggered uncontrollable event: EV_zone_a_visible
[INFO] [1789488544.203778400] [robot_2.robot_supervisor]: Triggered uncontrollable event: EV_zone_b_visible
[INFO] [1789488544.208664614] [robot_2.robot_supervisor]: Triggered uncontrollable event: EV_obstacle_left
[INFO] [1789488544.216513866] [robot_2.robot_supervisor]: Selected controllable event: EV_rotate_clockwise
[INFO] [1789488544.390323072] [robot_2.robot_supervisor]: Triggered uncontrollable event: EV_obstacle_left
[INFO] [1789488544.391035614] [robot_2.robot_supervisor]: Selected controllable event: EV_rotate_clockwise
[INFO] [1789488544.505291070] [robot_2.robot_supervisor]: Triggered uncontrollable event: EV_obstacle_left
[INFO] [1789488544.506012137] [robot_2.robot_supervisor]: Selected controllable event: EV_rotate_clockwise
[INFO] [1789488544.692370314] [robot_2.robot_supervisor]: Triggered uncontrollable event: EV_zone_a_visible
[INFO] [1789488544.697581507] [robot_2.robot_supervisor]: Triggered uncontrollable event: EV_zone_b_visible
[INFO] [1789488544.698158325] [robot_2.robot_supervisor]: Triggered uncontrollable event: EV_obstacle_left
[INFO] [1789488544.705626722] [robot_2.robot_supervisor]: Selected controllable event: EV_rotate_clockwise
[INFO] [1789488544.889240746] [robot_2.robot_supervisor]: Triggered uncontrollable event: EV_obstacle_left
[INFO] [1789488544.892367492] [robot_2.robot_supervisor]: Selected controllable event: EV_u_turn
[INFO] [1789488544.903100123] [robot_2.robot_supervisor]: Starting FULL ROTATE (omega=1.000, have_odom=True, target_rad=3.142, timeout_s=3.500)
[INFO] [1789488548.487375480] [robot_2.robot_supervisor]: FULL ROTATE completed by timeout
[INFO] [1789488548.698565824] [robot_2.robot_supervisor]: Triggered uncontrollable event: EV_zone_a_visible
[INFO] [1789488548.699180323] [robot_2.robot_supervisor]: Triggered uncontrollable event: EV_zone_b_visible
[INFO] [1789488548.699542863] [robot_2.robot_supervisor]: Triggered uncontrollable event: EV_obstacle_right
[INFO] [1789488548.714889464] [robot_2.robot_supervisor]: Selected controllable event: EV_u_turn
[INFO] [1789488548.792858320] [robot_2.robot_supervisor]: Triggered uncontrollable event: EV_obstacle_right
[INFO] [1789488548.801736092] [robot_2.robot_supervisor]: Selected controllable event: EV_u_turn
[INFO] [1789488548.878708588] [robot_2.robot_supervisor]: Triggered uncontrollable event: EV_obstacle_right
[INFO] [1789488548.895708453] [robot_2.robot_supervisor]: Selected controllable event: EV_rotate_counterclockwise
[WARN] [1789488548.896588527] [robot_2.robot_supervisor]: no translation for 4.7s livelock detected; starting atomic escape (turn_sign=+1)
[INFO] [1789488551.482718897] [robot_2.robot_supervisor]: Zone-livelock escape completed
[INFO] [1789488551.687574791] [robot_2.robot_supervisor]: Triggered uncontrollable event: EV_zone_a_visible
[INFO] [1789488551.688140970] [robot_2.robot_supervisor]: Triggered uncontrollable event: EV_zone_b_visible
[INFO] [1789488551.688725639] [robot_2.robot_supervisor]: Triggered uncontrollable event: EV_zone_a_not_visible
[INFO] [1789488551.701424506] [robot_2.robot_supervisor]: Triggered uncontrollable event: EV_zone_b_not_visible
[INFO] [1789488551.702198037] [robot_2.robot_supervisor]: Selected controllable event: EV_search_zone
[INFO] [1789488551.906727298] [robot_2.robot_supervisor]: Triggered uncontrollable event: EV_zone_a_not_visible
[INFO] [1789488551.907462454] [robot_2.robot_supervisor]: Selected controllable event: EV_move_forward
[INFO] [1789488552.178285665] [robot_2.robot_supervisor]: Triggered uncontrollable event: EV_zone_b_not_visible
[INFO] [1789488552.178908270] [robot_2.robot_supervisor]: Selected controllable event: EV_move_forward
[INFO] [1789488552.406380530] [robot_2.robot_supervisor]: Selected controllable event: EV_move_forward
[INFO] [1789488552.703276219] [robot_2.robot_supervisor]: Triggered uncontrollable event: EV_zone_a_not_visible
[INFO] [1789488552.703837543] [robot_2.robot_supervisor]: Triggered uncontrollable event: EV_zone_b_not_visible
[INFO] [1789488552.707775453] [robot_2.robot_supervisor]: Selected controllable event: EV_search_zone
[INFO] [1789488552.896365923] [robot_2.robot_supervisor]: Selected controllable event: EV_search_zone
[INFO] [1789488553.098133171] [robot_2.robot_supervisor]: Selected controllable event: EV_move_forward
[INFO] [1789488553.393761655] [robot_2.robot_supervisor]: Triggered uncontrollable event: EV_zone_a_not_visible
[INFO] [1789488553.395563149] [robot_2.robot_supervisor]: Triggered uncontrollable event: EV_obstacle_left
[INFO] [1789488553.396106149] [robot_2.robot_supervisor]: Triggered uncontrollable event: EV_zone_b_not_visible
[INFO] [1789488553.403263785] [robot_2.robot_supervisor]: Selected controllable event: EV_rotate_clockwise
[INFO] [1789488553.607219566] [robot_2.robot_supervisor]: Triggered uncontrollable event: EV_obstacle_left
[INFO] [1789488553.607993365] [robot_2.robot_supervisor]: Selected controllable event: EV_rotate_clockwise
[INFO] [1789488553.799282776] [robot_2.robot_supervisor]: Triggered uncontrollable event: EV_zone_a_not_visible
[INFO] [1789488553.813627751] [robot_2.robot_supervisor]: Triggered uncontrollable event: EV_obstacle_left
[INFO] [1789488553.816162514] [robot_2.robot_supervisor]: Selected controllable event: EV_u_turn
[INFO] [1789488553.820134040] [robot_2.robot_supervisor]: Starting FULL ROTATE (omega=1.000, have_odom=True, target_rad=3.142, timeout_s=3.500)
[INFO] [1789488557.381968962] [robot_2.robot_supervisor]: FULL ROTATE completed by timeout
[INFO] [1789488557.594054106] [robot_2.robot_supervisor]: Triggered uncontrollable event: EV_zone_a_not_visible
[INFO] [1789488557.594692151] [robot_2.robot_supervisor]: Triggered uncontrollable event: EV_zone_b_not_visible
[INFO] [1789488557.607821036] [robot_2.robot_supervisor]: Selected controllable event: EV_move_forward
[INFO] [1789488557.902179532] [robot_2.robot_supervisor]: Triggered uncontrollable event: EV_zone_a_not_visible
[INFO] [1789488557.907714041] [robot_2.robot_supervisor]: Triggered uncontrollable event: EV_zone_b_not_visible
[INFO] [1789488557.913298573] [robot_2.robot_supervisor]: Selected controllable event: EV_search_zone
[INFO] [1789488558.085051011] [robot_2.robot_supervisor]: Selected controllable event: EV_search_zone
[INFO] [1789488558.191516982] [robot_2.robot_supervisor]: Selected controllable event: EV_search_zone
[INFO] [1789488558.386523468] [robot_2.robot_supervisor]: Selected controllable event: EV_search_zone
[INFO] [1789488558.495887295] [robot_2.robot_supervisor]: Selected controllable event: EV_move_forward
[INFO] [1789488558.783822701] [robot_2.robot_supervisor]: Triggered uncontrollable event: EV_zone_a_not_visible
[INFO] [1789488558.784406078] [robot_2.robot_supervisor]: Triggered uncontrollable event: EV_zone_b_not_visible
[INFO] [1789488558.798699038] [robot_2.robot_supervisor]: Selected controllable event: EV_move_forward
[INFO] [1789488559.005100148] [robot_2.robot_supervisor]: Selected controllable event: EV_move_forward
[INFO] [1789488559.278082651] [robot_2.robot_supervisor]: Triggered uncontrollable event: EV_zone_a_visible
[INFO] [1789488559.291273463] [robot_2.robot_supervisor]: Triggered uncontrollable event: EV_zone_b_not_visible
[INFO] [1789488559.301901063] [robot_2.robot_supervisor]: Selected controllable event: EV_approach_zone
[INFO] [1789488559.596600242] [robot_2.robot_supervisor]: Selected controllable event: EV_move_forward
[INFO] [1789488559.806940076] [robot_2.robot_supervisor]: Selected controllable event: EV_move_forward
[INFO] [1789488560.105547743] [robot_2.robot_supervisor]: Triggered uncontrollable event: EV_zone_a_visible
[INFO] [1789488560.112802281] [robot_2.robot_supervisor]: Triggered uncontrollable event: EV_zone_b_not_visible
[INFO] [1789488560.113596005] [robot_2.robot_supervisor]: Selected controllable event: EV_move_forward
[INFO] [1789488560.396477623] [robot_2.robot_supervisor]: Selected controllable event: EV_approach_zone
[INFO] [1789488560.598067644] [robot_2.robot_supervisor]: Triggered uncontrollable event: EV_zone_a_visible
[INFO] [1789488560.598582526] [robot_2.robot_supervisor]: Triggered uncontrollable event: EV_zone_b_visible
[INFO] [1789488560.617377255] [robot_2.robot_supervisor]: Selected controllable event: EV_approach_zone
[INFO] [1789488560.882605439] [robot_2.robot_supervisor]: Selected controllable event: EV_move_forward
[INFO] [1789488561.104802335] [robot_2.robot_supervisor]: Triggered uncontrollable event: EV_zone_a_visible
[INFO] [1789488561.117073473] [robot_2.robot_supervisor]: Triggered uncontrollable event: EV_zone_b_visible
[INFO] [1789488561.117754971] [robot_2.robot_supervisor]: Selected controllable event: EV_move_forward
[INFO] [1789488561.401477610] [robot_2.robot_supervisor]: Selected controllable event: EV_approach_zone
[INFO] [1789488561.706604371] [robot_2.robot_supervisor]: Triggered uncontrollable event: EV_zone_a_visible
[INFO] [1789488561.718476096] [robot_2.robot_supervisor]: Triggered uncontrollable event: EV_zone_b_visible
[INFO] [1789488561.719147693] [robot_2.robot_supervisor]: Selected controllable event: EV_move_forward
[INFO] [1789488561.989938422] [robot_2.robot_supervisor]: Selected controllable event: EV_move_forward
[INFO] [1789488562.196767353] [robot_2.robot_supervisor]: Selected controllable event: EV_approach_zone
[INFO] [1789488562.500216126] [robot_2.robot_supervisor]: Triggered uncontrollable event: EV_zone_b_visible
[INFO] [1789488562.500777740] [robot_2.robot_supervisor]: Triggered uncontrollable event: EV_zone_a_reached
[INFO] [1789488562.501502765] [robot_2.robot_supervisor]: Selected controllable event: EV_move_forward
[INFO] [1789488562.782763803] [robot_2.robot_supervisor]: Triggered uncontrollable event: EV_zone_b_visible
[INFO] [1789488562.783355687] [robot_2.robot_supervisor]: Triggered uncontrollable event: EV_obstacle_front
[INFO] [1789488562.793016120] [robot_2.robot_supervisor]: Triggered uncontrollable event: EV_zone_a_reached
[INFO] [1789488562.793794279] [robot_2.robot_supervisor]: Selected controllable event: EV_move_backward
[INFO] [1789488563.097478963] [robot_2.robot_supervisor]: Triggered uncontrollable event: EV_obstacle_front
[INFO] [1789488563.098260412] [robot_2.robot_supervisor]: Selected controllable event: EV_move_backward
[INFO] [1789488563.308562318] [robot_2.robot_supervisor]: Triggered uncontrollable event: EV_obstacle_front
[INFO] [1789488563.317299999] [robot_2.robot_supervisor]: Selected controllable event: EV_rotate_counterclockwise
[INFO] [1789488563.501728146] [robot_2.robot_supervisor]: Triggered uncontrollable event: EV_zone_b_visible
[INFO] [1789488563.502480294] [robot_2.robot_supervisor]: Triggered uncontrollable event: EV_obstacle_front
[INFO] [1789488563.503047773] [robot_2.robot_supervisor]: Triggered uncontrollable event: EV_zone_a_reached
[INFO] [1789488563.503811802] [robot_2.robot_supervisor]: Selected controllable event: EV_move_backward
[INFO] [1789488563.793257062] [robot_2.robot_supervisor]: Triggered uncontrollable event: EV_obstacle_front
[INFO] [1789488563.794008594] [robot_2.robot_supervisor]: Selected controllable event: EV_rotate_counterclockwise
[INFO] [1789488563.907640856] [robot_2.robot_supervisor]: Triggered uncontrollable event: EV_obstacle_front
[INFO] [1789488563.915296859] [robot_2.robot_supervisor]: Selected controllable event: EV_rotate_clockwise
[INFO] [1789488564.089066403] [robot_2.robot_supervisor]: Triggered uncontrollable event: EV_obstacle_front
[INFO] [1789488564.091157629] [robot_2.robot_supervisor]: Selected controllable event: EV_u_turn
[INFO] [1789488564.091898789] [robot_2.robot_supervisor]: Starting FULL ROTATE (omega=1.000, have_odom=True, target_rad=3.142, timeout_s=3.500)
[INFO] [1789488567.602318901] [robot_2.robot_supervisor]: FULL ROTATE completed by timeout
[INFO] [1789488567.907511120] [robot_2.robot_supervisor]: Triggered uncontrollable event: EV_zone_b_visible
[INFO] [1789488567.908072624] [robot_2.robot_supervisor]: Triggered uncontrollable event: EV_zone_a_reached
[INFO] [1789488567.908842853] [robot_2.robot_supervisor]: Selected controllable event: EV_move_forward
[INFO] [1789488568.200432396] [robot_2.robot_supervisor]: Triggered uncontrollable event: EV_zone_b_visible
[INFO] [1789488568.207460352] [robot_2.robot_supervisor]: Triggered uncontrollable event: EV_obstacle_right
[INFO] [1789488568.219377665] [robot_2.robot_supervisor]: Triggered uncontrollable event: EV_zone_a_reached
[INFO] [1789488568.220138406] [robot_2.robot_supervisor]: Selected controllable event: EV_rotate_counterclockwise
[INFO] [1789488568.388292785] [robot_2.robot_supervisor]: Triggered uncontrollable event: EV_obstacle_right
[INFO] [1789488568.393844076] [robot_2.robot_supervisor]: Selected controllable event: EV_u_turn
[INFO] [1789488568.490891553] [robot_2.robot_supervisor]: Triggered uncontrollable event: EV_obstacle_right
[INFO] [1789488568.491611801] [robot_2.robot_supervisor]: Selected controllable event: EV_u_turn
[INFO] [1789488568.587049795] [robot_2.robot_supervisor]: Triggered uncontrollable event: EV_obstacle_right
[INFO] [1789488568.587584980] [robot_2.robot_supervisor]: Selected controllable event: EV_u_turn
[INFO] [1789488568.697141246] [robot_2.robot_supervisor]: Triggered uncontrollable event: EV_obstacle_right
[INFO] [1789488568.697791086] [robot_2.robot_supervisor]: Triggered uncontrollable event: EV_zone_b_not_visible
[INFO] [1789488568.708085946] [robot_2.robot_supervisor]: Triggered uncontrollable event: EV_zone_a_reached
[INFO] [1789488568.708805234] [robot_2.robot_supervisor]: Selected controllable event: EV_u_turn
[INFO] [1789488568.796533273] [robot_2.robot_supervisor]: Triggered uncontrollable event: EV_obstacle_right
[INFO] [1789488568.804117539] [robot_2.robot_supervisor]: Selected controllable event: EV_rotate_counterclockwise
[INFO] [1789488568.991951804] [robot_2.robot_supervisor]: Triggered uncontrollable event: EV_obstacle_right
[INFO] [1789488568.992750300] [robot_2.robot_supervisor]: Selected controllable event: EV_rotate_counterclockwise
[INFO] [1789488569.112569999] [robot_2.robot_supervisor]: Triggered uncontrollable event: EV_obstacle_right
[INFO] [1789488569.113461422] [robot_2.robot_supervisor]: Selected controllable event: EV_rotate_counterclockwise
[INFO] [1789488569.296155891] [robot_2.robot_supervisor]: Triggered uncontrollable event: EV_obstacle_right
[INFO] [1789488569.311097735] [robot_2.robot_supervisor]: Triggered uncontrollable event: EV_zone_a_reached
[INFO] [1789488569.311867482] [robot_2.robot_supervisor]: Selected controllable event: EV_u_turn
[INFO] [1789488569.407044166] [robot_2.robot_supervisor]: Triggered uncontrollable event: EV_obstacle_right
[INFO] [1789488569.410576788] [robot_2.robot_supervisor]: Triggered uncontrollable event: EV_zone_b_not_visible
[INFO] [1789488569.415431039] [robot_2.robot_supervisor]: Selected controllable event: EV_rotate_counterclockwise
[INFO] [1789488569.606050753] [robot_2.robot_supervisor]: Triggered uncontrollable event: EV_obstacle_right
[INFO] [1789488569.606782417] [robot_2.robot_supervisor]: Selected controllable event: EV_rotate_counterclockwise
[INFO] [1789488569.787975355] [robot_2.robot_supervisor]: Triggered uncontrollable event: EV_obstacle_right
[INFO] [1789488569.788722376] [robot_2.robot_supervisor]: Selected controllable event: EV_rotate_counterclockwise
[INFO] [1789488569.903831687] [robot_2.robot_supervisor]: Triggered uncontrollable event: EV_obstacle_right
[INFO] [1789488569.904545986] [robot_2.robot_supervisor]: Selected controllable event: EV_u_turn
[INFO] [1789488569.993289421] [robot_2.robot_supervisor]: Triggered uncontrollable event: EV_obstacle_right
[INFO] [1789488570.003380618] [robot_2.robot_supervisor]: Selected controllable event: EV_rotate_counterclockwise
[INFO] [1789488570.113976489] [robot_2.robot_supervisor]: Triggered uncontrollable event: EV_zone_a_reached
[INFO] [1789488570.114691618] [robot_2.robot_supervisor]: Selected controllable event: EV_move_forward
[INFO] [1789488570.403349832] [robot_2.robot_supervisor]: Triggered uncontrollable event: EV_zone_b_not_visible
[INFO] [1789488570.404138329] [robot_2.robot_supervisor]: Selected controllable event: EV_move_forward
[INFO] [1789488570.708986264] [robot_2.robot_supervisor]: Triggered uncontrollable event: EV_zone_a_reached
[INFO] [1789488570.709974598] [robot_2.robot_supervisor]: Selected controllable event: EV_move_forward
[INFO] [1789488571.007818331] [robot_2.robot_supervisor]: Triggered uncontrollable event: EV_zone_b_not_visible
[INFO] [1789488571.008607301] [robot_2.robot_supervisor]: Selected controllable event: EV_search_zone
[INFO] [1789488571.180373097] [robot_2.robot_supervisor]: Selected controllable event: EV_move_forward
[INFO] [1789488571.393522601] [robot_2.robot_supervisor]: Selected controllable event: EV_search_zone
[INFO] [1789488571.598406392] [robot_2.robot_supervisor]: Triggered uncontrollable event: EV_zone_a_not_visible
[INFO] [1789488571.617161557] [robot_2.robot_supervisor]: Triggered uncontrollable event: EV_zone_b_not_visible
[INFO] [1789488571.618054240] [robot_2.robot_supervisor]: Selected controllable event: EV_move_forward
[INFO] [1789488571.881303373] [robot_2.robot_supervisor]: Selected controllable event: EV_move_forward
[INFO] [1789488572.121203892] [robot_2.robot_supervisor]: Selected controllable event: EV_search_zone
[INFO] [1789488572.303062275] [robot_2.robot_supervisor]: Triggered uncontrollable event: EV_zone_a_not_visible
[INFO] [1789488572.303706976] [robot_2.robot_supervisor]: Triggered uncontrollable event: EV_zone_b_not_visible
[INFO] [1789488572.304449106] [robot_2.robot_supervisor]: Selected controllable event: EV_move_forward
[INFO] [1789488572.580787740] [robot_2.robot_supervisor]: Selected controllable event: EV_move_forward
[INFO] [1789488572.787010724] [robot_2.robot_supervisor]: Triggered uncontrollable event: EV_zone_a_not_visible
[INFO] [1789488572.787713118] [robot_2.robot_supervisor]: Selected controllable event: EV_move_forward
[INFO] [1789488573.000247381] [robot_2.robot_supervisor]: Triggered uncontrollable event: EV_zone_b_not_visible
[INFO] [1789488573.000978301] [robot_2.robot_supervisor]: Selected controllable event: EV_search_zone
[INFO] [1789488573.203792325] [robot_2.robot_supervisor]: Selected controllable event: EV_search_zone
[INFO] [1789488573.385455506] [robot_2.robot_supervisor]: Selected controllable event: EV_search_zone
[INFO] [1789488573.587501951] [robot_2.robot_supervisor]: Triggered uncontrollable event: EV_zone_a_not_visible
[INFO] [1789488573.593180927] [robot_2.robot_supervisor]: Triggered uncontrollable event: EV_zone_b_not_visible
[INFO] [1789488573.597206440] [robot_2.robot_supervisor]: Selected controllable event: EV_move_forward
[INFO] [1789488573.891039456] [robot_2.robot_supervisor]: Selected controllable event: EV_move_forward
[INFO] [1789488574.094215384] [robot_2.robot_supervisor]: Triggered uncontrollable event: EV_zone_a_not_visible
[INFO] [1789488574.099512317] [robot_2.robot_supervisor]: Triggered uncontrollable event: EV_obstacle_right
[INFO] [1789488574.104795074] [robot_2.robot_supervisor]: Selected controllable event: EV_rotate_counterclockwise
[INFO] [1789488574.283704561] [robot_2.robot_supervisor]: Triggered uncontrollable event: EV_obstacle_right
[INFO] [1789488574.284406924] [robot_2.robot_supervisor]: Triggered uncontrollable event: EV_zone_b_not_visible
[INFO] [1789488574.296069271] [robot_2.robot_supervisor]: Selected controllable event: EV_u_turn
[INFO] [1789488574.296737566] [robot_2.robot_supervisor]: Starting FULL ROTATE (omega=1.000, have_odom=True, target_rad=3.142, timeout_s=3.500)
[INFO] [1789488577.884229970] [robot_2.robot_supervisor]: FULL ROTATE completed by timeout
[INFO] [1789488578.113554735] [robot_2.robot_supervisor]: Triggered uncontrollable event: EV_zone_a_not_visible
[INFO] [1789488578.116261340] [robot_2.robot_supervisor]: Triggered uncontrollable event: EV_zone_b_not_visible
[INFO] [1789488578.124000759] [robot_2.robot_supervisor]: Selected controllable event: EV_move_forward
[INFO] [1789488578.379144335] [robot_2.robot_supervisor]: Selected controllable event: EV_move_forward
[INFO] [1789488578.683772477] [robot_2.robot_supervisor]: Triggered uncontrollable event: EV_zone_a_visible
[INFO] [1789488578.684664187] [robot_2.robot_supervisor]: Triggered uncontrollable event: EV_zone_b_visible
[INFO] [1789488578.693080363] [robot_2.robot_supervisor]: Selected controllable event: EV_approach_zone
[INFO] [1789488578.995409461] [robot_2.robot_supervisor]: Selected controllable event: EV_move_forward
[INFO] [1789488579.292604544] [robot_2.robot_supervisor]: Triggered uncontrollable event: EV_zone_a_visible
[INFO] [1789488579.293270321] [robot_2.robot_supervisor]: Triggered uncontrollable event: EV_zone_b_visible
[INFO] [1789488579.294091446] [robot_2.robot_supervisor]: Selected controllable event: EV_move_forward
[INFO] [1789488579.598572842] [robot_2.robot_supervisor]: Selected controllable event: EV_move_forward
[INFO] [1789488579.888470326] [robot_2.robot_supervisor]: Selected controllable event: EV_move_forward
[INFO] [1789488580.100134259] [robot_2.robot_supervisor]: Triggered uncontrollable event: EV_zone_a_visible
[INFO] [1789488580.104126216] [robot_2.robot_supervisor]: Triggered uncontrollable event: EV_zone_b_visible
[INFO] [1789488580.107197554] [robot_2.robot_supervisor]: Selected controllable event: EV_move_forward
[INFO] [1789488580.397550525] [robot_2.robot_supervisor]: Selected controllable event: EV_move_forward
[INFO] [1789488580.703023274] [robot_2.robot_supervisor]: Triggered uncontrollable event: EV_zone_b_visible
[INFO] [1789488580.706942071] [robot_2.robot_supervisor]: Triggered uncontrollable event: EV_zone_a_reached
[INFO] [1789488580.716238029] [robot_2.robot_supervisor]: Selected controllable event: EV_approach_zone
[INFO] [1789488581.004139680] [robot_2.robot_supervisor]: Selected controllable event: EV_move_forward
[INFO] [1789488581.289959355] [robot_2.robot_supervisor]: Selected controllable event: EV_move_forward
[INFO] [1789488581.497140716] [robot_2.robot_supervisor]: Triggered uncontrollable event: EV_zone_b_visible
[INFO] [1789488581.508262970] [robot_2.robot_supervisor]: Triggered uncontrollable event: EV_zone_a_reached
[INFO] [1789488581.509080531] [robot_2.robot_supervisor]: Selected controllable event: EV_move_forward
[INFO] [1789488581.795581695] [robot_2.robot_supervisor]: Selected controllable event: EV_approach_zone
[INFO] [1789488582.090676698] [robot_2.robot_supervisor]: Triggered uncontrollable event: EV_obstacle_front
[INFO] [1789488582.091321546] [robot_2.robot_supervisor]: Triggered uncontrollable event: EV_zone_a_reached
[INFO] [1789488582.110392209] [robot_2.robot_supervisor]: Selected controllable event: EV_rotate_clockwise
[INFO] [1789488582.297044816] [robot_2.robot_supervisor]: Triggered uncontrollable event: EV_zone_b_visible
[INFO] [1789488582.297734785] [robot_2.robot_supervisor]: Triggered uncontrollable event: EV_obstacle_front
[INFO] [1789488582.310056320] [robot_2.robot_supervisor]: Selected controllable event: EV_rotate_clockwise
[INFO] [1789488582.500259465] [robot_2.robot_supervisor]: Triggered uncontrollable event: EV_obstacle_front
[INFO] [1789488582.505776805] [robot_2.robot_supervisor]: Selected controllable event: EV_move_backward
[INFO] [1789488582.781134348] [robot_2.robot_supervisor]: Triggered uncontrollable event: EV_obstacle_front
[INFO] [1789488582.781811147] [robot_2.robot_supervisor]: Selected controllable event: EV_u_turn
[INFO] [1789488582.782347750] [robot_2.robot_supervisor]: Starting FULL ROTATE (omega=1.000, have_odom=True, target_rad=3.142, timeout_s=3.500)
[INFO] [1789488586.303357358] [robot_2.robot_supervisor]: FULL ROTATE completed by timeout
[INFO] [1789488586.513179979] [robot_2.robot_supervisor]: Triggered uncontrollable event: EV_zone_b_visible
[INFO] [1789488586.513776531] [robot_2.robot_supervisor]: Triggered uncontrollable event: EV_zone_a_reached
[INFO] [1789488586.521723167] [robot_2.robot_supervisor]: Selected controllable event: EV_move_forward
[INFO] [1789488586.795026598] [robot_2.robot_supervisor]: Triggered uncontrollable event: EV_zone_b_visible
[INFO] [1789488586.795634522] [robot_2.robot_supervisor]: Triggered uncontrollable event: EV_obstacle_left
[INFO] [1789488586.796206667] [robot_2.robot_supervisor]: Triggered uncontrollable event: EV_zone_a_reached
[INFO] [1789488586.806506823] [robot_2.robot_supervisor]: Selected controllable event: EV_u_turn
[INFO] [1789488586.883142912] [robot_2.robot_supervisor]: Triggered uncontrollable event: EV_obstacle_left
[INFO] [1789488586.889441805] [robot_2.robot_supervisor]: Selected controllable event: EV_rotate_clockwise
[WARN] [1789488586.899372548] [robot_2.robot_supervisor]: no translation for 4.6s livelock detected; starting atomic escape (turn_sign=-1)
[INFO] [1789488589.410362747] [robot_2.robot_supervisor]: Zone-livelock escape completed
[INFO] [1789488589.601838000] [robot_2.robot_supervisor]: Triggered uncontrollable event: EV_zone_b_visible
[INFO] [1789488589.602649495] [robot_2.robot_supervisor]: Triggered uncontrollable event: EV_zone_b_not_visible
[INFO] [1789488589.603381900] [robot_2.robot_supervisor]: Triggered uncontrollable event: EV_zone_a_reached
[INFO] [1789488589.622730704] [robot_2.robot_supervisor]: Selected controllable event: EV_move_forward
[INFO] [1789488589.891489805] [robot_2.robot_supervisor]: Selected controllable event: EV_search_zone
[INFO] [1789488590.014317284] [robot_2.robot_supervisor]: Selected controllable event: EV_search_zone
[INFO] [1789488590.197574037] [robot_2.robot_supervisor]: Triggered uncontrollable event: EV_obstacle_right
[INFO] [1789488590.198461886] [robot_2.robot_supervisor]: Selected controllable event: EV_rotate_counterclockwise
[INFO] [1789488590.310248374] [robot_2.robot_supervisor]: Triggered uncontrollable event: EV_zone_b_visible
[INFO] [1789488590.310876771] [robot_2.robot_supervisor]: Triggered uncontrollable event: EV_obstacle_right
[INFO] [1789488590.311495465] [robot_2.robot_supervisor]: Triggered uncontrollable event: EV_zone_a_reached
[INFO] [1789488590.326385982] [robot_2.robot_supervisor]: Selected controllable event: EV_rotate_counterclockwise
[INFO] [1789488590.501473166] [robot_2.robot_supervisor]: Triggered uncontrollable event: EV_obstacle_right
[INFO] [1789488590.502245754] [robot_2.robot_supervisor]: Selected controllable event: EV_u_turn
[INFO] [1789488590.502953245] [robot_2.robot_supervisor]: Starting FULL ROTATE (omega=1.000, have_odom=True, target_rad=3.142, timeout_s=3.500)
[INFO] [1789488594.103502146] [robot_2.robot_supervisor]: FULL ROTATE completed by timeout
[INFO] [1789488594.400429155] [robot_2.robot_supervisor]: Triggered uncontrollable event: EV_zone_b_visible
[INFO] [1789488594.408969381] [robot_2.robot_supervisor]: Triggered uncontrollable event: EV_zone_a_reached
[INFO] [1789488594.409726042] [robot_2.robot_supervisor]: Selected controllable event: EV_move_forward
[INFO] [1789488594.707535327] [robot_2.robot_supervisor]: Triggered uncontrollable event: EV_zone_b_visible
[INFO] [1789488594.708169150] [robot_2.robot_supervisor]: Triggered uncontrollable event: EV_obstacle_right
[INFO] [1789488594.708811697] [robot_2.robot_supervisor]: Triggered uncontrollable event: EV_zone_a_reached
[INFO] [1789488594.729080841] [robot_2.robot_supervisor]: Selected controllable event: EV_rotate_counterclockwise
[INFO] [1789488594.909036612] [robot_2.robot_supervisor]: Triggered uncontrollable event: EV_obstacle_right
[INFO] [1789488594.909924530] [robot_2.robot_supervisor]: Selected controllable event: EV_rotate_counterclockwise
[INFO] [1789488595.080208690] [robot_2.robot_supervisor]: Triggered uncontrollable event: EV_obstacle_right
[INFO] [1789488595.096335966] [robot_2.robot_supervisor]: Triggered uncontrollable event: EV_zone_b_not_visible
[INFO] [1789488595.097070483] [robot_2.robot_supervisor]: Triggered uncontrollable event: EV_zone_a_reached
[INFO] [1789488595.097935590] [robot_2.robot_supervisor]: Selected controllable event: EV_u_turn
[INFO] [1789488595.187409705] [robot_2.robot_supervisor]: Triggered uncontrollable event: EV_obstacle_right
[INFO] [1789488595.200569955] [robot_2.robot_supervisor]: Selected controllable event: EV_rotate_counterclockwise
[INFO] [1789488595.402650301] [robot_2.robot_supervisor]: Triggered uncontrollable event: EV_obstacle_right
[INFO] [1789488595.403568560] [robot_2.robot_supervisor]: Selected controllable event: EV_u_turn
[INFO] [1789488595.485162909] [robot_2.robot_supervisor]: Triggered uncontrollable event: EV_obstacle_right
[INFO] [1789488595.502249923] [robot_2.robot_supervisor]: Selected controllable event: EV_rotate_counterclockwise
[INFO] [1789488595.710637621] [robot_2.robot_supervisor]: Triggered uncontrollable event: EV_obstacle_right
[INFO] [1789488595.711539196] [robot_2.robot_supervisor]: Selected controllable event: EV_u_turn
[INFO] [1789488595.813722324] [robot_2.robot_supervisor]: Triggered uncontrollable event: EV_obstacle_right
[INFO] [1789488595.819028495] [robot_2.robot_supervisor]: Selected controllable event: EV_u_turn
[INFO] [1789488595.905317526] [robot_2.robot_supervisor]: Triggered uncontrollable event: EV_zone_a_reached
[INFO] [1789488595.906296024] [robot_2.robot_supervisor]: Selected controllable event: EV_search_zone
[INFO] [1789488596.013665740] [robot_2.robot_supervisor]: Triggered uncontrollable event: EV_zone_b_not_visible
[INFO] [1789488596.014724000] [robot_2.robot_supervisor]: Selected controllable event: EV_move_forward
[INFO] [1789488596.300140158] [robot_2.robot_supervisor]: Selected controllable event: EV_move_forward
[INFO] [1789488596.523489703] [robot_2.robot_supervisor]: Selected controllable event: EV_search_zone
[INFO] [1789488596.706521680] [robot_2.robot_supervisor]: Selected controllable event: EV_move_forward
[INFO] [1789488596.992727845] [robot_2.robot_supervisor]: Triggered uncontrollable event: EV_zone_b_not_visible
[INFO] [1789488596.993345958] [robot_2.robot_supervisor]: Triggered uncontrollable event: EV_zone_a_reached
[INFO] [1789488596.994200184] [robot_2.robot_supervisor]: Selected controllable event: EV_move_forward
[INFO] [1789488597.212934309] [robot_2.robot_supervisor]: Selected controllable event: EV_search_zone
[INFO] [1789488597.395157118] [robot_2.robot_supervisor]: Selected controllable event: EV_move_forward
[INFO] [1789488597.705756310] [robot_2.robot_supervisor]: Triggered uncontrollable event: EV_zone_a_reached
[INFO] [1789488597.706741361] [robot_2.robot_supervisor]: Selected controllable event: EV_search_zone
[INFO] [1789488597.906175029] [robot_2.robot_supervisor]: Triggered uncontrollable event: EV_zone_b_not_visible
[INFO] [1789488597.920208178] [robot_2.robot_supervisor]: Selected controllable event: EV_search_zone
[INFO] [1789488598.101241419] [robot_2.robot_supervisor]: Selected controllable event: EV_search_zone
[INFO] [1789488598.203448244] [robot_2.robot_supervisor]: Selected controllable event: EV_search_zone
[INFO] [1789488598.409484011] [robot_2.robot_supervisor]: Selected controllable event: EV_move_forward
[INFO] [1789488598.700522181] [robot_2.robot_supervisor]: Triggered uncontrollable event: EV_zone_b_not_visible
[INFO] [1789488598.701218275] [robot_2.robot_supervisor]: Triggered uncontrollable event: EV_zone_a_reached
[INFO] [1789488598.702092161] [robot_2.robot_supervisor]: Selected controllable event: EV_search_zone
[INFO] [1789488598.915081728] [robot_2.robot_supervisor]: Selected controllable event: EV_move_forward
[INFO] [1789488599.207022078] [robot_2.robot_supervisor]: Selected controllable event: EV_search_zone
[INFO] [1789488599.404315715] [robot_2.robot_supervisor]: Triggered uncontrollable event: EV_zone_b_not_visible
[INFO] [1789488599.404998814] [robot_2.robot_supervisor]: Triggered uncontrollable event: EV_zone_a_reached
[INFO] [1789488599.405794275] [robot_2.robot_supervisor]: Selected controllable event: EV_search_zone
[INFO] [1789488599.603478775] [robot_2.robot_supervisor]: Selected controllable event: EV_move_forward
[INFO] [1789488599.913708713] [robot_2.robot_supervisor]: Selected controllable event: EV_move_forward
[INFO] [1789488600.212814000] [robot_2.robot_supervisor]: Triggered uncontrollable event: EV_zone_a_not_visible
[INFO] [1789488600.213534576] [robot_2.robot_supervisor]: Triggered uncontrollable event: EV_zone_b_not_visible
[INFO] [1789488600.232167442] [robot_2.robot_supervisor]: Selected controllable event: EV_search_zone
[INFO] [1789488600.412240465] [robot_2.robot_supervisor]: Selected controllable event: EV_search_zone
[INFO] [1789488600.600733064] [robot_2.robot_supervisor]: Selected controllable event: EV_search_zone
[INFO] [1789488600.702750374] [robot_2.robot_supervisor]: Selected controllable event: EV_search_zone
[INFO] [1789488600.894325264] [robot_2.robot_supervisor]: Selected controllable event: EV_move_forward
[INFO] [1789488601.205107235] [robot_2.robot_supervisor]: Triggered uncontrollable event: EV_zone_a_not_visible
[INFO] [1789488601.205846969] [robot_2.robot_supervisor]: Triggered uncontrollable event: EV_zone_b_not_visible
[INFO] [1789488601.206761781] [robot_2.robot_supervisor]: Selected controllable event: EV_move_forward
[INFO] [1789488601.489730826] [robot_2.robot_supervisor]: Selected controllable event: EV_search_zone
[INFO] [1789488601.604097674] [robot_2.robot_supervisor]: Selected controllable event: EV_search_zone
[INFO] [1789488601.708657091] [robot_2.robot_supervisor]: Selected controllable event: EV_move_forward
[INFO] [1789488601.995308936] [robot_2.robot_supervisor]: Triggered uncontrollable event: EV_zone_a_not_visible
[INFO] [1789488602.001639696] [robot_2.robot_supervisor]: Triggered uncontrollable event: EV_zone_b_not_visible
[INFO] [1789488602.016081001] [robot_2.robot_supervisor]: Selected controllable event: EV_search_zone
[INFO] [1789488602.193520181] [robot_2.robot_supervisor]: Selected controllable event: EV_move_forward
[INFO] [1789488602.492472810] [robot_2.robot_supervisor]: Selected controllable event: EV_move_forward
[INFO] [1789488602.709641327] [robot_2.robot_supervisor]: Triggered uncontrollable event: EV_zone_a_not_visible
[INFO] [1789488602.710326203] [robot_2.robot_supervisor]: Triggered uncontrollable event: EV_zone_b_not_visible
[INFO] [1789488602.723279582] [robot_2.robot_supervisor]: Selected controllable event: EV_search_zone
[INFO] [1789488602.899325499] [robot_2.robot_supervisor]: Selected controllable event: EV_search_zone
[INFO] [1789488603.093507938] [robot_2.robot_supervisor]: Selected controllable event: EV_search_zone
[INFO] [1789488603.206611773] [robot_2.robot_supervisor]: Selected controllable event: EV_move_forward
[INFO] [1789488603.503669716] [robot_2.robot_supervisor]: Triggered uncontrollable event: EV_zone_a_not_visible
[INFO] [1789488603.504372193] [robot_2.robot_supervisor]: Triggered uncontrollable event: EV_zone_b_not_visible
[INFO] [1789488603.519817263] [robot_2.robot_supervisor]: Selected controllable event: EV_search_zone
[INFO] [1789488603.698052081] [robot_2.robot_supervisor]: Selected controllable event: EV_search_zone
[INFO] [1789488603.896771511] [robot_2.robot_supervisor]: Selected controllable event: EV_move_forward
[INFO] [1789488604.118968632] [robot_2.robot_supervisor]: Selected controllable event: EV_move_forward
[INFO] [1789488604.394371366] [robot_2.robot_supervisor]: Triggered uncontrollable event: EV_zone_a_not_visible
[INFO] [1789488604.411111116] [robot_2.robot_supervisor]: Triggered uncontrollable event: EV_zone_b_not_visible
[INFO] [1789488604.417465322] [robot_2.robot_supervisor]: Selected controllable event: EV_search_zone
[INFO] [1789488604.588414372] [robot_2.robot_supervisor]: Selected controllable event: EV_move_forward
[INFO] [1789488604.810043108] [robot_2.robot_supervisor]: Selected controllable event: EV_search_zone
[INFO] [1789488604.988063239] [robot_2.robot_supervisor]: Triggered uncontrollable event: EV_zone_a_not_visible
[INFO] [1789488604.990677842] [robot_2.robot_supervisor]: Triggered uncontrollable event: EV_zone_b_not_visible
[INFO] [1789488604.997446707] [robot_2.robot_supervisor]: Selected controllable event: EV_move_forward
[INFO] [1789488605.289193134] [robot_2.robot_supervisor]: Selected controllable event: EV_move_forward
[INFO] [1789488605.496790853] [robot_2.robot_supervisor]: Selected controllable event: EV_search_zone
[INFO] [1789488605.714199568] [robot_2.robot_supervisor]: Selected controllable event: EV_move_forward
[INFO] [1789488605.989028236] [robot_2.robot_supervisor]: Triggered uncontrollable event: EV_zone_a_not_visible
[INFO] [1789488605.995507447] [robot_2.robot_supervisor]: Triggered uncontrollable event: EV_zone_b_not_visible
[INFO] [1789488606.002553808] [robot_2.robot_supervisor]: Selected controllable event: EV_move_forward
[INFO] [1789488606.309310891] [robot_2.robot_supervisor]: Selected controllable event: EV_search_zone
[INFO] [1789488606.511986761] [robot_2.robot_supervisor]: Triggered uncontrollable event: EV_zone_a_not_visible
[INFO] [1789488606.517269546] [robot_2.robot_supervisor]: Triggered uncontrollable event: EV_zone_b_not_visible
[INFO] [1789488606.524905617] [robot_2.robot_supervisor]: Selected controllable event: EV_search_zone
[INFO] [1789488606.710811557] [robot_2.robot_supervisor]: Selected controllable event: EV_search_zone
[INFO] [1789488606.889976200] [robot_2.robot_supervisor]: Selected controllable event: EV_search_zone
[INFO] [1789488606.994845619] [robot_2.robot_supervisor]: Selected controllable event: EV_search_zone
[INFO] [1789488607.187323864] [robot_2.robot_supervisor]: Triggered uncontrollable event: EV_zone_a_not_visible
[INFO] [1789488607.188014342] [robot_2.robot_supervisor]: Selected controllable event: EV_move_forward
[INFO] [1789488607.402531762] [robot_2.robot_supervisor]: Triggered uncontrollable event: EV_zone_b_not_visible
[INFO] [1789488607.403314098] [robot_2.robot_supervisor]: Selected controllable event: EV_search_zone
[INFO] [1789488607.599086081] [robot_2.robot_supervisor]: Selected controllable event: EV_search_zone
[INFO] [1789488607.787122796] [robot_2.robot_supervisor]: Selected controllable event: EV_move_forward
[INFO] [1789488607.995820522] [robot_2.robot_supervisor]: Triggered uncontrollable event: EV_zone_a_not_visible
[INFO] [1789488608.006067946] [robot_2.robot_supervisor]: Triggered uncontrollable event: EV_zone_b_not_visible
[INFO] [1789488608.009503831] [robot_2.robot_supervisor]: Selected controllable event: EV_move_forward
[INFO] [1789488608.290136163] [robot_2.robot_supervisor]: Selected controllable event: EV_search_zone
[INFO] [1789488608.486559866] [robot_2.robot_supervisor]: Triggered uncontrollable event: EV_obstacle_left
[INFO] [1789488608.487307006] [robot_2.robot_supervisor]: Selected controllable event: EV_u_turn
[INFO] [1789488608.487845313] [robot_2.robot_supervisor]: Starting FULL ROTATE (omega=1.000, have_odom=True, target_rad=3.142, timeout_s=3.500)
[INFO] [1789488611.992256618] [robot_2.robot_supervisor]: FULL ROTATE completed by timeout
[INFO] [1789488612.194148021] [robot_2.robot_supervisor]: Triggered uncontrollable event: EV_zone_a_visible
[INFO] [1789488612.194741719] [robot_2.robot_supervisor]: Triggered uncontrollable event: EV_zone_b_visible
[INFO] [1789488612.195485248] [robot_2.robot_supervisor]: Selected controllable event: EV_move_forward
[INFO] [1789488612.490969133] [robot_2.robot_supervisor]: Triggered uncontrollable event: EV_zone_a_visible
[INFO] [1789488612.494235606] [robot_2.robot_supervisor]: Triggered uncontrollable event: EV_zone_b_visible
[INFO] [1789488612.498545072] [robot_2.robot_supervisor]: Selected controllable event: EV_approach_zone
[INFO] [1789488612.787840930] [robot_2.robot_supervisor]: Selected controllable event: EV_approach_zone
[INFO] [1789488613.100772326] [robot_2.robot_supervisor]: Triggered uncontrollable event: EV_zone_a_visible
[INFO] [1789488613.101354866] [robot_2.robot_supervisor]: Triggered uncontrollable event: EV_zone_b_visible
[INFO] [1789488613.110423178] [robot_2.robot_supervisor]: Selected controllable event: EV_approach_zone
[INFO] [1789488613.382011551] [robot_2.robot_supervisor]: Selected controllable event: EV_approach_zone
[INFO] [1789488613.585828965] [robot_2.robot_supervisor]: Triggered uncontrollable event: EV_zone_a_visible
[INFO] [1789488613.586390826] [robot_2.robot_supervisor]: Triggered uncontrollable event: EV_zone_b_not_visible
[INFO] [1789488613.587060687] [robot_2.robot_supervisor]: Selected controllable event: EV_approach_zone
[INFO] [1789488613.892477838] [robot_2.robot_supervisor]: Selected controllable event: EV_move_forward
[INFO] [1789488614.189418054] [robot_2.robot_supervisor]: Triggered uncontrollable event: EV_zone_b_not_visible
[INFO] [1789488614.189941017] [robot_2.robot_supervisor]: Triggered uncontrollable event: EV_zone_a_reached
[INFO] [1789488614.190639672] [robot_2.robot_supervisor]: Selected controllable event: EV_search_zone
[INFO] [1789488614.388330129] [robot_2.robot_supervisor]: Selected controllable event: EV_search_zone
[INFO] [1789488614.598100354] [robot_2.robot_supervisor]: Selected controllable event: EV_move_forward
[INFO] [1789488614.900840921] [robot_2.robot_supervisor]: Triggered uncontrollable event: EV_zone_b_not_visible
[INFO] [1789488614.901459190] [robot_2.robot_supervisor]: Triggered uncontrollable event: EV_zone_a_reached
[INFO] [1789488614.913303297] [robot_2.robot_supervisor]: Selected controllable event: EV_search_zone
[INFO] [1789488615.097203584] [robot_2.robot_supervisor]: Selected controllable event: EV_search_zone
[INFO] [1789488615.211715121] [robot_2.robot_supervisor]: Selected controllable event: EV_search_zone
[INFO] [1789488615.386645874] [robot_2.robot_supervisor]: Triggered uncontrollable event: EV_zone_b_not_visible
[INFO] [1789488615.393235645] [robot_2.robot_supervisor]: Triggered uncontrollable event: EV_zone_a_reached
[INFO] [1789488615.395991731] [robot_2.robot_supervisor]: Selected controllable event: EV_move_forward
[INFO] [1789488615.687244060] [robot_2.robot_supervisor]: Selected controllable event: EV_search_zone
[INFO] [1789488615.793085314] [robot_2.robot_supervisor]: Selected controllable event: EV_move_forward
[INFO] [1789488616.007117461] [robot_2.robot_supervisor]: Selected controllable event: EV_move_forward
[INFO] [1789488616.305869957] [robot_2.robot_supervisor]: Triggered uncontrollable event: EV_zone_a_not_visible
[INFO] [1789488616.306600833] [robot_2.robot_supervisor]: Triggered uncontrollable event: EV_zone_b_not_visible
[INFO] [1789488616.307271608] [robot_2.robot_supervisor]: Selected controllable event: EV_move_forward
[INFO] [1789488616.594503782] [robot_2.robot_supervisor]: Selected controllable event: EV_move_forward
[INFO] [1789488616.802847506] [robot_2.robot_supervisor]: Selected controllable event: EV_move_forward
[INFO] [1789488617.085444894] [robot_2.robot_supervisor]: Triggered uncontrollable event: EV_zone_a_not_visible
[INFO] [1789488617.086024639] [robot_2.robot_supervisor]: Triggered uncontrollable event: EV_zone_b_not_visible
[INFO] [1789488617.086737099] [robot_2.robot_supervisor]: Selected controllable event: EV_search_zone
[INFO] [1789488617.281519391] [robot_2.robot_supervisor]: Selected controllable event: EV_move_forward
[INFO] [1789488617.484994586] [robot_2.robot_supervisor]: Triggered uncontrollable event: EV_zone_a_not_visible
[INFO] [1789488617.485566091] [robot_2.robot_supervisor]: Triggered uncontrollable event: EV_zone_b_not_visible
[INFO] [1789488617.486308851] [robot_2.robot_supervisor]: Selected controllable event: EV_search_zone
[INFO] [1789488617.685395810] [robot_2.robot_supervisor]: Selected controllable event: EV_move_forward
[INFO] [1789488617.997590579] [robot_2.robot_supervisor]: Selected controllable event: EV_search_zone
[INFO] [1789488618.179422617] [robot_2.robot_supervisor]: Triggered uncontrollable event: EV_zone_a_not_visible
[INFO] [1789488618.179948972] [robot_2.robot_supervisor]: Triggered uncontrollable event: EV_zone_b_not_visible
[INFO] [1789488618.191318691] [robot_2.robot_supervisor]: Selected controllable event: EV_move_forward
[INFO] [1789488618.488729583] [robot_2.robot_supervisor]: Selected controllable event: EV_search_zone
[INFO] [1789488618.686950012] [robot_2.robot_supervisor]: Selected controllable event: EV_search_zone
[INFO] [1789488618.797260251] [robot_2.robot_supervisor]: Triggered uncontrollable event: EV_zone_a_not_visible
[INFO] [1789488618.803430314] [robot_2.robot_supervisor]: Triggered uncontrollable event: EV_zone_b_not_visible
[INFO] [1789488618.804259455] [robot_2.robot_supervisor]: Selected controllable event: EV_move_forward
[INFO] [1789488619.099652261] [robot_2.robot_supervisor]: Selected controllable event: EV_search_zone
[INFO] [1789488619.207772632] [robot_2.robot_supervisor]: Selected controllable event: EV_search_zone
[INFO] [1789488619.410629249] [robot_2.robot_supervisor]: Selected controllable event: EV_move_forward
[INFO] [1789488619.704198240] [robot_2.robot_supervisor]: Triggered uncontrollable event: EV_zone_a_not_visible
[INFO] [1789488619.704884106] [robot_2.robot_supervisor]: Triggered uncontrollable event: EV_obstacle_left
[INFO] [1789488619.705521305] [robot_2.robot_supervisor]: Triggered uncontrollable event: EV_zone_b_not_visible
[INFO] [1789488619.706316481] [robot_2.robot_supervisor]: Selected controllable event: EV_u_turn
[INFO] [1789488619.721269907] [robot_2.robot_supervisor]: Starting FULL ROTATE (omega=1.000, have_odom=True, target_rad=3.142, timeout_s=3.500)
[INFO] [1789488623.283936157] [robot_2.robot_supervisor]: FULL ROTATE completed by timeout
[INFO] [1789488623.505084912] [robot_2.robot_supervisor]: Triggered uncontrollable event: EV_zone_a_not_visible
[INFO] [1789488623.505777476] [robot_2.robot_supervisor]: Triggered uncontrollable event: EV_obstacle_right
[INFO] [1789488623.506423261] [robot_2.robot_supervisor]: Triggered uncontrollable event: EV_zone_b_not_visible
[INFO] [1789488623.536212150] [robot_2.robot_supervisor]: Selected controllable event: EV_rotate_counterclockwise
[INFO] [1789488623.696758771] [robot_2.robot_supervisor]: Triggered uncontrollable event: EV_zone_a_not_visible
[INFO] [1789488623.707068375] [robot_2.robot_supervisor]: Triggered uncontrollable event: EV_zone_b_not_visible
[INFO] [1789488623.710182774] [robot_2.robot_supervisor]: Selected controllable event: EV_move_forward
[INFO] [1789488623.991704075] [robot_2.robot_supervisor]: Selected controllable event: EV_search_zone
[INFO] [1789488624.113705902] [robot_2.robot_supervisor]: Selected controllable event: EV_move_forward
[INFO] [1789488624.319658539] [robot_2.robot_supervisor]: Selected controllable event: EV_move_forward
[INFO] [1789488624.595811805] [robot_2.robot_supervisor]: Triggered uncontrollable event: EV_zone_a_not_visible
[INFO] [1789488624.599768621] [robot_2.robot_supervisor]: Triggered uncontrollable event: EV_zone_b_not_visible
[INFO] [1789488624.606393645] [robot_2.robot_supervisor]: Selected controllable event: EV_search_zone
[INFO] [1789488624.814183592] [robot_2.robot_supervisor]: Selected controllable event: EV_move_forward
[INFO] [1789488625.114467250] [robot_2.robot_supervisor]: Triggered uncontrollable event: EV_zone_a_not_visible
[INFO] [1789488625.115282176] [robot_2.robot_supervisor]: Selected controllable event: EV_search_zone
[INFO] [1789488625.316165105] [robot_2.robot_supervisor]: Triggered uncontrollable event: EV_zone_b_not_visible
[INFO] [1789488625.317042625] [robot_2.robot_supervisor]: Selected controllable event: EV_search_zone
[INFO] [1789488625.482088602] [robot_2.robot_supervisor]: Selected controllable event: EV_search_zone
[INFO] [1789488625.599118913] [robot_2.robot_supervisor]: Selected controllable event: EV_search_zone
[INFO] [1789488625.794541067] [robot_2.robot_supervisor]: Selected controllable event: EV_move_forward
[INFO] [1789488626.105398914] [robot_2.robot_supervisor]: Triggered uncontrollable event: EV_zone_a_not_visible
[INFO] [1789488626.106044783] [robot_2.robot_supervisor]: Triggered uncontrollable event: EV_zone_b_not_visible
[INFO] [1789488626.106737174] [robot_2.robot_supervisor]: Selected controllable event: EV_search_zone
[INFO] [1789488626.292397485] [robot_2.robot_supervisor]: Selected controllable event: EV_move_forward
[INFO] [1789488626.506251651] [robot_2.robot_supervisor]: Selected controllable event: EV_search_zone
[INFO] [1789488626.684981846] [robot_2.robot_supervisor]: Triggered uncontrollable event: EV_zone_a_not_visible
[INFO] [1789488626.692245038] [robot_2.robot_supervisor]: Triggered uncontrollable event: EV_zone_b_not_visible
[INFO] [1789488626.698772046] [robot_2.robot_supervisor]: Selected controllable event: EV_move_forward
[INFO] [1789488626.989067739] [robot_2.robot_supervisor]: Selected controllable event: EV_move_forward
[INFO] [1789488627.305028268] [robot_2.robot_supervisor]: Triggered uncontrollable event: EV_zone_a_not_visible
[INFO] [1789488627.305749161] [robot_2.robot_supervisor]: Selected controllable event: EV_move_forward
[INFO] [1789488627.585807931] [robot_2.robot_supervisor]: Triggered uncontrollable event: EV_zone_b_not_visible
[INFO] [1789488627.601773686] [robot_2.robot_supervisor]: Selected controllable event: EV_move_forward
[INFO] [1789488627.895430886] [robot_2.robot_supervisor]: Selected controllable event: EV_move_forward
[INFO] [1789488628.195705120] [robot_2.robot_supervisor]: Triggered uncontrollable event: EV_zone_a_visible
[INFO] [1789488628.196287497] [robot_2.robot_supervisor]: Triggered uncontrollable event: EV_zone_b_not_visible
[INFO] [1789488628.215407454] [robot_2.robot_supervisor]: Selected controllable event: EV_approach_zone
[INFO] [1789488628.498318834] [robot_2.robot_supervisor]: Selected controllable event: EV_approach_zone
[INFO] [1789488628.816944184] [robot_2.robot_supervisor]: DELIVERED zone_a; balance=zone_a_has_extra
[INFO] [1789488628.817533533] [robot_2.robot_supervisor]: Triggered uncontrollable event: EV_zone_b_not_visible
[INFO] [1789488628.818063096] [robot_2.robot_supervisor]: Triggered uncontrollable event: EV_zone_a_reached
[INFO] [1789488628.818729039] [robot_2.robot_supervisor]: Selected controllable event: EV_drop_zone_a
[INFO] [1789488628.876233083] [robot_2.robot_supervisor]: Delivered cargo 'robot_2_carried_generic_box' removed.
[INFO] [1789488628.886311660] [robot_2.robot_supervisor]: Selected controllable event: EV_publish_delivered_zone_a
[INFO] [1789488628.986517349] [robot_2.robot_supervisor]: Selected controllable event: EV_move_forward
[INFO] [1789488629.278509439] [robot_2.robot_supervisor]: Selected controllable event: EV_search_object
[INFO] [1789488629.484783320] [robot_2.robot_supervisor]: Triggered uncontrollable event: EV_object_not_visible
[INFO] [1789488629.485593503] [robot_2.robot_supervisor]: Selected controllable event: EV_search_object
[INFO] [1789488629.588422942] [robot_2.robot_supervisor]: Selected controllable event: EV_move_forward
[INFO] [1789488629.894094126] [robot_2.robot_supervisor]: Selected controllable event: EV_move_forward
[INFO] [1789488630.183633234] [robot_2.robot_supervisor]: ############################# VISIBLE: EV_object_visible #############################
[INFO] [1789488630.188950068] [robot_2.robot_supervisor]: Selected controllable event: EV_move_forward
[INFO] [1789488630.397305203] [robot_2.robot_supervisor]: Selected controllable event: EV_approach_object
[INFO] [1789488630.684411534] [robot_2.robot_supervisor]: ############################# VISIBLE: EV_object_visible #############################
[INFO] [1789488630.702994805] [robot_2.robot_supervisor]: Triggered uncontrollable event: EV_obstacle_front
[INFO] [1789488630.703701420] [robot_2.robot_supervisor]: Selected controllable event: EV_rotate_clockwise
[INFO] [1789488630.878261713] [robot_2.robot_supervisor]: Triggered uncontrollable event: EV_obstacle_front
[INFO] [1789488630.890387152] [robot_2.robot_supervisor]: Selected controllable event: EV_move_backward
[INFO] [1789488631.202880250] [robot_2.robot_supervisor]: Triggered uncontrollable event: EV_obstacle_front
[INFO] [1789488631.203560314] [robot_2.robot_supervisor]: Selected controllable event: EV_rotate_counterclockwise
[INFO] [1789488631.391396690] [robot_2.robot_supervisor]: ############################# VISIBLE: EV_object_visible #############################
[INFO] [1789488631.397460786] [robot_2.robot_supervisor]: Triggered uncontrollable event: EV_obstacle_front
[INFO] [1789488631.406949201] [robot_2.robot_supervisor]: Selected controllable event: EV_rotate_counterclockwise
[INFO] [1789488631.583707463] [robot_2.robot_supervisor]: Triggered uncontrollable event: EV_obstacle_front
[INFO] [1789488631.593403076] [robot_2.robot_supervisor]: Selected controllable event: EV_move_backward
[INFO] [1789488631.897424144] [robot_2.robot_supervisor]: Triggered uncontrollable event: EV_obstacle_right
[INFO] [1789488631.901510584] [robot_2.robot_supervisor]: Selected controllable event: EV_rotate_counterclockwise
[INFO] [1789488632.084388965] [robot_2.robot_supervisor]: ############################# VISIBLE: EV_object_visible #############################
[INFO] [1789488632.089285898] [robot_2.robot_supervisor]: Triggered uncontrollable event: EV_obstacle_right
[INFO] [1789488632.095661950] [robot_2.robot_supervisor]: Selected controllable event: EV_rotate_counterclockwise
[INFO] [1789488632.302379555] [robot_2.robot_supervisor]: Triggered uncontrollable event: EV_obstacle_right
[INFO] [1789488632.304399005] [robot_2.robot_supervisor]: Selected controllable event: EV_u_turn
[INFO] [1789488632.310489308] [robot_2.robot_supervisor]: Starting FULL ROTATE (omega=1.000, have_odom=True, target_rad=3.142, timeout_s=3.500)
[INFO] [1789488635.885741571] [robot_2.robot_supervisor]: FULL ROTATE completed by timeout
[INFO] [1789488636.179310129] [robot_2.robot_supervisor]: ############################# VISIBLE: EV_object_visible #############################
[INFO] [1789488636.180018655] [robot_2.robot_supervisor]: Selected controllable event: EV_move_forward
[INFO] [1789488636.477584774] [robot_2.robot_supervisor]: Selected controllable event: EV_move_forward
[INFO] [1789488636.684157170] [robot_2.robot_supervisor]: ############################# VISIBLE: EV_object_visible #############################
[INFO] [1789488636.698253311] [robot_2.robot_supervisor]: Selected controllable event: EV_move_forward
[INFO] [1789488636.993095513] [robot_2.robot_supervisor]: Selected controllable event: EV_approach_object
[INFO] [1789488637.285605774] [robot_2.robot_supervisor]: ############################# VISIBLE: EV_object_visible #############################
[INFO] [1789488637.291816313] [robot_2.robot_supervisor]: Selected controllable event: EV_approach_object
[INFO] [1789488637.582144197] [robot_2.robot_supervisor]: Selected controllable event: EV_approach_object
[INFO] [1789488637.793214307] [robot_2.robot_supervisor]: Selected controllable event: EV_approach_object
[INFO] [1789488638.078712085] [robot_2.robot_supervisor]: ############################# VISIBLE: EV_object_visible #############################
[INFO] [1789488638.084921568] [robot_2.robot_supervisor]: Selected controllable event: EV_move_forward
[INFO] [1789488638.292320213] [robot_2.robot_supervisor]: Selected controllable event: EV_approach_object
[INFO] [1789488638.315521498] [robot_2.robot_supervisor]: RECEIVED zone_b; balance=equal
[INFO] [1789488638.583683896] [robot_2.robot_supervisor]: ############################# VISIBLE: EV_object_visible #############################
[INFO] [1789488638.586530059] [robot_2.robot_supervisor]: Triggered uncontrollable event: EV_received_delivered_zone_b
[INFO] [1789488638.601473598] [robot_2.robot_supervisor]: Selected controllable event: EV_move_forward
[INFO] [1789488638.893352879] [robot_2.robot_supervisor]: Selected controllable event: EV_move_forward
[INFO] [1789488639.185078445] [robot_2.robot_supervisor]: Selected controllable event: EV_approach_object
[INFO] [1789488639.505132140] [robot_2.robot_supervisor]: ############################# VISIBLE: EV_object_visible #############################
[INFO] [1789488639.505858746] [robot_2.robot_supervisor]: Selected controllable event: EV_move_forward
[INFO] [1789488639.777191912] [robot_2.robot_supervisor]: ############################# VISIBLE: EV_object_visible #############################
[INFO] [1789488639.790043283] [robot_2.robot_supervisor]: Selected controllable event: EV_move_forward
[INFO] [1789488640.084839199] [robot_2.robot_supervisor]: ############################# VISIBLE: EV_object_visible #############################
[INFO] [1789488640.096728606] [robot_2.robot_supervisor]: Selected controllable event: EV_move_forward
[INFO] [1789488640.379426402] [robot_2.robot_supervisor]: Selected controllable event: EV_move_forward
[INFO] [1789488640.587347638] [robot_2.robot_supervisor]: Selected controllable event: EV_move_forward
[INFO] [1789488640.882892330] [robot_2.robot_supervisor]: ############################# REACHED: EV_object_reached #############################
[INFO] [1789488640.883600461] [robot_2.robot_supervisor]: Selected controllable event: EV_move_forward
[INFO] [1789488641.088572168] [robot_2.robot_supervisor]: Selected controllable event: EV_move_forward
[INFO] [1789488641.379376016] [robot_2.robot_supervisor]: ############################# REACHED: EV_object_reached #############################
[INFO] [1789488641.387026148] [robot_2.robot_supervisor]: Selected controllable event: EV_pick_up_object
[INFO] [1789488641.403214473] [robot_2.robot_supervisor]: Cargo 'robot_2_carried_generic_box' placed on robot.
[INFO] [1789488641.685561505] [robot_2.robot_supervisor]: Selected controllable event: EV_move_forward
[INFO] [1789488641.995587718] [robot_2.robot_supervisor]: Triggered uncontrollable event: EV_zone_a_not_visible
[INFO] [1789488641.996227057] [robot_2.robot_supervisor]: Triggered uncontrollable event: EV_zone_b_not_visible
[INFO] [1789488641.996839137] [robot_2.robot_supervisor]: Selected controllable event: EV_move_forward
[INFO] [1789488642.304814177] [robot_2.robot_supervisor]: Selected controllable event: EV_search_zone
[INFO] [1789488642.493157694] [robot_2.robot_supervisor]: Triggered uncontrollable event: EV_zone_a_not_visible
[INFO] [1789488642.497158542] [robot_2.robot_supervisor]: Triggered uncontrollable event: EV_obstacle_left
[INFO] [1789488642.498593196] [robot_2.robot_supervisor]: Triggered uncontrollable event: EV_zone_b_not_visible
[INFO] [1789488642.502481982] [robot_2.robot_supervisor]: Selected controllable event: EV_rotate_clockwise
[INFO] [1789488642.700524979] [robot_2.robot_supervisor]: Triggered uncontrollable event: EV_obstacle_left
[INFO] [1789488642.701308829] [robot_2.robot_supervisor]: Selected controllable event: EV_u_turn
[INFO] [1789488642.701970968] [robot_2.robot_supervisor]: Starting FULL ROTATE (omega=1.000, have_odom=True, target_rad=3.142, timeout_s=3.500)
[INFO] [1789488646.302494097] [robot_2.robot_supervisor]: FULL ROTATE completed by timeout
[INFO] [1789488646.508190877] [robot_2.robot_supervisor]: Triggered uncontrollable event: EV_zone_a_not_visible
[INFO] [1789488646.508760914] [robot_2.robot_supervisor]: Triggered uncontrollable event: EV_obstacle_right
[INFO] [1789488646.519309834] [robot_2.robot_supervisor]: Triggered uncontrollable event: EV_zone_b_not_visible
[INFO] [1789488646.526678394] [robot_2.robot_supervisor]: Selected controllable event: EV_rotate_counterclockwise
[WARN] [1789488646.527397375] [robot_2.robot_supervisor]: no translation for 4.2s livelock detected; starting atomic escape (turn_sign=+1)
[INFO] [1789488649.088571196] [robot_2.robot_supervisor]: Zone-livelock escape completed
[INFO] [1789488649.287650535] [robot_2.robot_supervisor]: Triggered uncontrollable event: EV_zone_a_not_visible
[INFO] [1789488649.303180993] [robot_2.robot_supervisor]: Triggered uncontrollable event: EV_zone_b_not_visible
[INFO] [1789488649.303867845] [robot_2.robot_supervisor]: Selected controllable event: EV_move_forward
[INFO] [1789488649.573175331] [robot_2.robot_supervisor]: RECEIVED zone_b; balance=zone_b_has_extra
[INFO] [1789488649.608447268] [robot_2.robot_supervisor]: Triggered uncontrollable event: EV_zone_a_visible
[INFO] [1789488649.608974816] [robot_2.robot_supervisor]: Triggered uncontrollable event: EV_zone_b_not_visible
[INFO] [1789488649.609469222] [robot_2.robot_supervisor]: Triggered uncontrollable event: EV_received_delivered_zone_b
[INFO] [1789488649.618948712] [robot_2.robot_supervisor]: Selected controllable event: EV_approach_zone
[INFO] [1789488649.887805570] [robot_2.robot_supervisor]: Selected controllable event: EV_move_forward
[INFO] [1789488650.182406997] [robot_2.robot_supervisor]: Triggered uncontrollable event: EV_zone_a_visible
[INFO] [1789488650.183056433] [robot_2.robot_supervisor]: Triggered uncontrollable event: EV_zone_b_visible
[INFO] [1789488650.183763343] [robot_2.robot_supervisor]: Selected controllable event: EV_move_forward
[INFO] [1789488650.502253944] [robot_2.robot_supervisor]: Selected controllable event: EV_approach_zone
[INFO] [1789488650.799108537] [robot_2.robot_supervisor]: Triggered uncontrollable event: EV_zone_a_visible
[INFO] [1789488650.808235535] [robot_2.robot_supervisor]: Selected controllable event: EV_move_forward
[INFO] [1789488651.086346110] [robot_2.robot_supervisor]: Triggered uncontrollable event: EV_zone_b_visible
[INFO] [1789488651.102387829] [robot_2.robot_supervisor]: Selected controllable event: EV_move_forward
[INFO] [1789488651.392576551] [robot_2.robot_supervisor]: Triggered uncontrollable event: EV_zone_a_visible
[INFO] [1789488651.393176124] [robot_2.robot_supervisor]: Triggered uncontrollable event: EV_zone_b_visible
[INFO] [1789488651.413338263] [robot_2.robot_supervisor]: Selected controllable event: EV_move_forward
[INFO] [1789488651.679754289] [robot_2.robot_supervisor]: Selected controllable event: EV_approach_zone
[INFO] [1789488651.900142113] [robot_2.robot_supervisor]: Triggered uncontrollable event: EV_zone_a_visible
[INFO] [1789488651.900900088] [robot_2.robot_supervisor]: Selected controllable event: EV_move_forward
[INFO] [1789488652.188878568] [robot_2.robot_supervisor]: Triggered uncontrollable event: EV_zone_b_visible
[INFO] [1789488652.199439302] [robot_2.robot_supervisor]: Selected controllable event: EV_approach_zone
[INFO] [1789488652.496699020] [robot_2.robot_supervisor]: Selected controllable event: EV_approach_zone
[INFO] [1789488652.804588854] [robot_2.robot_supervisor]: Triggered uncontrollable event: EV_zone_a_visible
[INFO] [1789488652.805164866] [robot_2.robot_supervisor]: Triggered uncontrollable event: EV_zone_b_visible
[INFO] [1789488652.819906592] [robot_2.robot_supervisor]: Selected controllable event: EV_approach_zone
[INFO] [1789488653.084131338] [robot_2.robot_supervisor]: Selected controllable event: EV_move_forward
[INFO] [1789488653.290719985] [robot_2.robot_supervisor]: Triggered uncontrollable event: EV_zone_b_visible
[INFO] [1789488653.305012951] [robot_2.robot_supervisor]: Triggered uncontrollable event: EV_zone_a_reached
[INFO] [1789488653.305633619] [robot_2.robot_supervisor]: Selected controllable event: EV_move_forward
[INFO] [1789488653.578644446] [robot_2.robot_supervisor]: Selected controllable event: EV_move_forward
[INFO] [1789488653.794437863] [robot_2.robot_supervisor]: Triggered uncontrollable event: EV_zone_b_visible
[INFO] [1789488653.794915361] [robot_2.robot_supervisor]: Triggered uncontrollable event: EV_obstacle_right
[INFO] [1789488653.806915852] [robot_2.robot_supervisor]: Triggered uncontrollable event: EV_zone_a_reached
[INFO] [1789488653.807735874] [robot_2.robot_supervisor]: Selected controllable event: EV_rotate_counterclockwise
[INFO] [1789488653.982805343] [robot_2.robot_supervisor]: Triggered uncontrollable event: EV_obstacle_right
[INFO] [1789488653.983653629] [robot_2.robot_supervisor]: Selected controllable event: EV_rotate_counterclockwise
[INFO] [1789488654.090464937] [robot_2.robot_supervisor]: Triggered uncontrollable event: EV_obstacle_right
[INFO] [1789488654.091166707] [robot_2.robot_supervisor]: Selected controllable event: EV_u_turn
[INFO] [1789488654.091787028] [robot_2.robot_supervisor]: Starting FULL ROTATE (omega=1.000, have_odom=True, target_rad=3.142, timeout_s=3.500)
[INFO] [1789488657.592037374] [robot_2.robot_supervisor]: FULL ROTATE completed by timeout
[INFO] [1789488657.800032871] [robot_2.robot_supervisor]: Triggered uncontrollable event: EV_zone_b_visible
[INFO] [1789488657.800619758] [robot_2.robot_supervisor]: Triggered uncontrollable event: EV_zone_a_reached
[INFO] [1789488657.810051637] [robot_2.robot_supervisor]: Selected controllable event: EV_move_forward
[INFO] [1789488658.097221525] [robot_2.robot_supervisor]: Selected controllable event: EV_approach_zone
[INFO] [1789488658.384411326] [robot_2.robot_supervisor]: Triggered uncontrollable event: EV_zone_b_not_visible
[INFO] [1789488658.388255094] [robot_2.robot_supervisor]: Triggered uncontrollable event: EV_zone_a_reached
[INFO] [1789488658.399014098] [robot_2.robot_supervisor]: Selected controllable event: EV_search_zone
[INFO] [1789488658.607565820] [robot_2.robot_supervisor]: Selected controllable event: EV_search_zone
[INFO] [1789488658.787211452] [robot_2.robot_supervisor]: Triggered uncontrollable event: EV_zone_a_reached
[INFO] [1789488658.799706082] [robot_2.robot_supervisor]: Selected controllable event: EV_move_forward
[INFO] [1789488659.093481714] [robot_2.robot_supervisor]: Triggered uncontrollable event: EV_zone_b_not_visible
[INFO] [1789488659.094152848] [robot_2.robot_supervisor]: Selected controllable event: EV_search_zone
[INFO] [1789488659.282755972] [robot_2.robot_supervisor]: Selected controllable event: EV_search_zone
[INFO] [1789488659.398472486] [robot_2.robot_supervisor]: Triggered uncontrollable event: EV_zone_b_not_visible
[INFO] [1789488659.398924589] [robot_2.robot_supervisor]: Triggered uncontrollable event: EV_zone_a_reached
[INFO] [1789488659.399442440] [robot_2.robot_supervisor]: Selected controllable event: EV_search_zone
[INFO] [1789488659.585878453] [robot_2.robot_supervisor]: Selected controllable event: EV_search_zone
[INFO] [1789488659.801879699] [robot_2.robot_supervisor]: Selected controllable event: EV_search_zone
[INFO] [1789488659.977671277] [robot_2.robot_supervisor]: Triggered uncontrollable event: EV_zone_b_not_visible
[INFO] [1789488659.978182934] [robot_2.robot_supervisor]: Triggered uncontrollable event: EV_zone_a_reached
[INFO] [1789488659.978879432] [robot_2.robot_supervisor]: Selected controllable event: EV_search_zone
[INFO] [1789488660.094894453] [robot_2.robot_supervisor]: Selected controllable event: EV_move_forward
[INFO] [1789488660.408104922] [robot_2.robot_supervisor]: Selected controllable event: EV_search_zone
[INFO] [1789488660.580097966] [robot_2.robot_supervisor]: Triggered uncontrollable event: EV_zone_a_not_visible
[INFO] [1789488660.586589510] [robot_2.robot_supervisor]: Triggered uncontrollable event: EV_zone_b_not_visible
[INFO] [1789488660.589593729] [robot_2.robot_supervisor]: Selected controllable event: EV_move_forward
[INFO] [1789488660.897514976] [robot_2.robot_supervisor]: Selected controllable event: EV_move_forward
[INFO] [1789488661.188584548] [robot_2.robot_supervisor]: Triggered uncontrollable event: EV_zone_a_not_visible
[INFO] [1789488661.189119344] [robot_2.robot_supervisor]: Triggered uncontrollable event: EV_zone_b_not_visible
[INFO] [1789488661.189697682] [robot_2.robot_supervisor]: Selected controllable event: EV_search_zone
[INFO] [1789488661.398316968] [robot_2.robot_supervisor]: Selected controllable event: EV_move_forward
[INFO] [1789488661.689188560] [robot_2.robot_supervisor]: Selected controllable event: EV_search_zone
[INFO] [1789488661.903163154] [robot_2.robot_supervisor]: Triggered uncontrollable event: EV_zone_a_not_visible
[INFO] [1789488661.903673647] [robot_2.robot_supervisor]: Triggered uncontrollable event: EV_zone_b_not_visible
[INFO] [1789488661.909556000] [robot_2.robot_supervisor]: Selected controllable event: EV_move_forward
[INFO] [1789488662.177868893] [robot_2.robot_supervisor]: Selected controllable event: EV_move_forward
[INFO] [1789488662.509903651] [robot_2.robot_supervisor]: Triggered uncontrollable event: EV_zone_a_not_visible
[INFO] [1789488662.510477966] [robot_2.robot_supervisor]: Triggered uncontrollable event: EV_zone_b_not_visible
[INFO] [1789488662.516618079] [robot_2.robot_supervisor]: Selected controllable event: EV_search_zone
[INFO] [1789488662.703390049] [robot_2.robot_supervisor]: Selected controllable event: EV_move_forward
[INFO] [1789488663.001808328] [robot_2.robot_supervisor]: Triggered uncontrollable event: EV_zone_a_not_visible
[INFO] [1789488663.010990029] [robot_2.robot_supervisor]: Triggered uncontrollable event: EV_zone_b_not_visible
[INFO] [1789488663.011935810] [robot_2.robot_supervisor]: Selected controllable event: EV_search_zone
[INFO] [1789488663.179507564] [robot_2.robot_supervisor]: Selected controllable event: EV_move_forward
[INFO] [1789488663.380817995] [robot_2.robot_supervisor]: Selected controllable event: EV_search_zone
[INFO] [1789488663.503775410] [robot_2.robot_supervisor]: Selected controllable event: EV_search_zone
[INFO] [1789488663.679433320] [robot_2.robot_supervisor]: Triggered uncontrollable event: EV_zone_a_not_visible
[INFO] [1789488663.680010037] [robot_2.robot_supervisor]: Triggered uncontrollable event: EV_zone_b_not_visible
[INFO] [1789488663.686667575] [robot_2.robot_supervisor]: Selected controllable event: EV_move_forward
[INFO] [1789488663.898037696] [robot_2.robot_supervisor]: Selected controllable event: EV_move_forward
[INFO] [1789488664.190734322] [robot_2.robot_supervisor]: Selected controllable event: EV_move_forward
[INFO] [1789488664.487605533] [robot_2.robot_supervisor]: Triggered uncontrollable event: EV_zone_a_not_visible
[INFO] [1789488664.488164782] [robot_2.robot_supervisor]: Triggered uncontrollable event: EV_obstacle_right
[INFO] [1789488664.488686699] [robot_2.robot_supervisor]: Triggered uncontrollable event: EV_zone_b_not_visible
[INFO] [1789488664.489330658] [robot_2.robot_supervisor]: Selected controllable event: EV_rotate_counterclockwise
[INFO] [1789488664.601098559] [robot_2.robot_supervisor]: Triggered uncontrollable event: EV_obstacle_right
[INFO] [1789488664.604755049] [robot_2.robot_supervisor]: Selected controllable event: EV_u_turn
[INFO] [1789488664.605358640] [robot_2.robot_supervisor]: Starting FULL ROTATE (omega=1.000, have_odom=True, target_rad=3.142, timeout_s=3.500)
[INFO] [1789488668.182718919] [robot_2.robot_supervisor]: FULL ROTATE completed by timeout
[INFO] [1789488668.401870914] [robot_2.robot_supervisor]: Triggered uncontrollable event: EV_zone_a_visible
[INFO] [1789488668.402327661] [robot_2.robot_supervisor]: Triggered uncontrollable event: EV_zone_b_visible
[INFO] [1789488668.411809072] [robot_2.robot_supervisor]: Selected controllable event: EV_move_forward
[INFO] [1789488668.686736063] [robot_2.robot_supervisor]: Triggered uncontrollable event: EV_zone_a_visible
[INFO] [1789488668.689379963] [robot_2.robot_supervisor]: Triggered uncontrollable event: EV_zone_b_visible
[INFO] [1789488668.692469576] [robot_2.robot_supervisor]: Selected controllable event: EV_approach_zone
[INFO] [1789488668.894924986] [robot_2.robot_supervisor]: Selected controllable event: EV_approach_zone
[INFO] [1789488669.192119547] [robot_2.robot_supervisor]: Selected controllable event: EV_approach_zone
[INFO] [1789488669.497722561] [robot_2.robot_supervisor]: Triggered uncontrollable event: EV_zone_a_visible
[INFO] [1789488669.498204900] [robot_2.robot_supervisor]: Triggered uncontrollable event: EV_zone_b_visible
[INFO] [1789488669.498910161] [robot_2.robot_supervisor]: Selected controllable event: EV_move_forward
[INFO] [1789488669.701106071] [robot_2.robot_supervisor]: Selected controllable event: EV_move_forward
[INFO] [1789488669.978832132] [robot_2.robot_supervisor]: Triggered uncontrollable event: EV_zone_a_visible
[INFO] [1789488669.980218722] [robot_2.robot_supervisor]: Triggered uncontrollable event: EV_zone_b_visible
[INFO] [1789488669.980947963] [robot_2.robot_supervisor]: Selected controllable event: EV_move_forward
[INFO] [1789488670.196913737] [robot_2.robot_supervisor]: Selected controllable event: EV_move_forward
[INFO] [1789488670.399812026] [robot_2.robot_supervisor]: Triggered uncontrollable event: EV_zone_a_visible
[INFO] [1789488670.400411085] [robot_2.robot_supervisor]: Triggered uncontrollable event: EV_zone_b_visible
[INFO] [1789488670.401114586] [robot_2.robot_supervisor]: Selected controllable event: EV_move_forward
[INFO] [1789488670.688062949] [robot_2.robot_supervisor]: Selected controllable event: EV_approach_zone
[INFO] [1789488670.993197795] [robot_2.robot_supervisor]: Triggered uncontrollable event: EV_zone_a_visible
[INFO] [1789488670.993729644] [robot_2.robot_supervisor]: Triggered uncontrollable event: EV_zone_b_visible
[INFO] [1789488670.994186259] [robot_2.robot_supervisor]: Triggered uncontrollable event: EV_obstacle_left
[INFO] [1789488671.000312862] [robot_2.robot_supervisor]: Selected controllable event: EV_u_turn
[INFO] [1789488671.004395823] [robot_2.robot_supervisor]: Starting FULL ROTATE (omega=1.000, have_odom=True, target_rad=3.142, timeout_s=3.500)
[INFO] [1789488671.586478018] [robot_2.robot_supervisor]: RECEIVED zone_a; balance=equal
[INFO] [1789488674.584632309] [robot_2.robot_supervisor]: FULL ROTATE completed by timeout
[INFO] [1789488674.793964913] [robot_2.robot_supervisor]: Triggered uncontrollable event: EV_received_delivered_zone_a
[INFO] [1789488674.794506029] [robot_2.robot_supervisor]: Triggered uncontrollable event: EV_zone_b_not_visible
[INFO] [1789488674.794975277] [robot_2.robot_supervisor]: Triggered uncontrollable event: EV_zone_a_reached
[INFO] [1789488674.795672733] [robot_2.robot_supervisor]: Selected controllable event: EV_search_zone
[INFO] [1789488674.991969050] [robot_2.robot_supervisor]: Selected controllable event: EV_move_forward
[INFO] [1789488675.198486516] [robot_2.robot_supervisor]: Selected controllable event: EV_move_forward
[INFO] [1789488675.494937786] [robot_2.robot_supervisor]: Triggered uncontrollable event: EV_zone_a_not_visible
[INFO] [1789488675.495509074] [robot_2.robot_supervisor]: Triggered uncontrollable event: EV_zone_b_not_visible
[INFO] [1789488675.496185735] [robot_2.robot_supervisor]: Selected controllable event: EV_search_zone
[INFO] [1789488675.687554757] [robot_2.robot_supervisor]: Selected controllable event: EV_search_zone
[INFO] [1789488675.900373878] [robot_2.robot_supervisor]: Selected controllable event: EV_search_zone
[INFO] [1789488676.105840719] [robot_2.robot_supervisor]: Triggered uncontrollable event: EV_zone_a_not_visible
[INFO] [1789488676.106465336] [robot_2.robot_supervisor]: Triggered uncontrollable event: EV_zone_b_not_visible
[INFO] [1789488676.110034321] [robot_2.robot_supervisor]: Selected controllable event: EV_move_forward
[INFO] [1789488676.389199427] [robot_2.robot_supervisor]: Selected controllable event: EV_search_zone
[INFO] [1789488676.498646982] [robot_2.robot_supervisor]: Triggered uncontrollable event: EV_zone_a_not_visible
[INFO] [1789488676.499156027] [robot_2.robot_supervisor]: Triggered uncontrollable event: EV_zone_b_not_visible
[INFO] [1789488676.505776885] [robot_2.robot_supervisor]: Selected controllable event: EV_search_zone
[INFO] [1789488676.694538353] [robot_2.robot_supervisor]: Selected controllable event: EV_move_forward
[INFO] [1789488676.997746763] [robot_2.robot_supervisor]: Triggered uncontrollable event: EV_zone_a_not_visible
[INFO] [1789488676.998273649] [robot_2.robot_supervisor]: Triggered uncontrollable event: EV_zone_b_not_visible
[INFO] [1789488677.012936173] [robot_2.robot_supervisor]: Selected controllable event: EV_move_forward
[INFO] [1789488677.296985116] [robot_2.robot_supervisor]: Selected controllable event: EV_search_zone
[INFO] [1789488677.481783269] [robot_2.robot_supervisor]: Selected controllable event: EV_move_forward
[INFO] [1789488677.684724809] [robot_2.robot_supervisor]: Triggered uncontrollable event: EV_zone_a_not_visible
[INFO] [1789488677.685451365] [robot_2.robot_supervisor]: Triggered uncontrollable event: EV_zone_b_not_visible
[INFO] [1789488677.686155615] [robot_2.robot_supervisor]: Selected controllable event: EV_move_forward
[INFO] [1789488677.998807198] [robot_2.robot_supervisor]: Selected controllable event: EV_search_zone
[INFO] [1789488678.187827305] [robot_2.robot_supervisor]: Selected controllable event: EV_move_forward
[INFO] [1789488678.403915260] [robot_2.robot_supervisor]: Triggered uncontrollable event: EV_zone_a_not_visible
[INFO] [1789488678.404489873] [robot_2.robot_supervisor]: Triggered uncontrollable event: EV_obstacle_right
[INFO] [1789488678.412092308] [robot_2.robot_supervisor]: Triggered uncontrollable event: EV_zone_b_not_visible
[INFO] [1789488678.417140506] [robot_2.robot_supervisor]: Selected controllable event: EV_u_turn
[INFO] [1789488678.417926922] [robot_2.robot_supervisor]: Starting FULL ROTATE (omega=1.000, have_odom=True, target_rad=3.142, timeout_s=3.500)
