[INFO] [1789492724.914638360] [robot_0.robot_supervisor]: Loaded initial mission 'balanced_delivery' from explicit YAML supervisor.yaml
[INFO] [1789492725.028825961] [robot_0.robot_supervisor]: Selected controllable event: EV_approach_object
[INFO] [1789492725.328378040] [robot_0.robot_supervisor]: Selected controllable event: EV_approach_color
[INFO] [1789492725.627410408] [robot_0.robot_supervisor]: Selected controllable event: EV_approach_object
[INFO] [1789492725.927188688] [robot_0.robot_supervisor]: Selected controllable event: EV_search_color
[INFO] [1789492726.127657533] [robot_0.robot_supervisor]: Selected controllable event: EV_search_object
[INFO] [1789492726.328237929] [robot_0.robot_supervisor]: Selected controllable event: EV_approach_color
[INFO] [1789492726.627164678] [robot_0.robot_supervisor]: Selected controllable event: EV_search_object
[INFO] [1789492726.828080461] [robot_0.robot_supervisor]: Selected controllable event: EV_move_forward
[INFO] [1789492727.128226783] [robot_0.robot_supervisor]: Selected controllable event: EV_search_color
[INFO] [1789492727.327959779] [robot_0.robot_supervisor]: Selected controllable event: EV_search_object
[INFO] [1789492727.528128875] [robot_0.robot_supervisor]: Selected controllable event: EV_search_color
[INFO] [1789492727.727003690] [robot_0.robot_supervisor]: Selected controllable event: EV_approach_color
[INFO] [1789492728.028212184] [robot_0.robot_supervisor]: Selected controllable event: EV_search_color
[INFO] [1789492728.228154979] [robot_0.robot_supervisor]: Selected controllable event: EV_approach_object
[INFO] [1789492728.527300081] [robot_0.robot_supervisor]: Selected controllable event: EV_approach_object
[INFO] [1789492728.831242098] [robot_0.robot_supervisor]: Triggered uncontrollable event: EV_obstacle_left
[INFO] [1789492728.832378983] [robot_0.robot_supervisor]: Triggered uncontrollable event: EV_object_not_visible
[INFO] [1789492728.833233484] [robot_0.robot_supervisor]: Selected controllable event: EV_u_turn
[INFO] [1789492728.834010168] [robot_0.robot_supervisor]: Starting FULL ROTATE (omega=1.000, have_odom=False, target_rad=3.142, timeout_s=3.500)
[INFO] [1789492730.626795056] [robot_0.robot_supervisor]: FULL ROTATE completed by odom (accum_rad=3.327)
[INFO] [1789492730.827666338] [robot_0.robot_supervisor]: ############################# VISIBLE: EV_object_visible #############################
[INFO] [1789492730.828440114] [robot_0.robot_supervisor]: Selected controllable event: EV_search_color
[INFO] [1789492731.027485119] [robot_0.robot_supervisor]: Selected controllable event: EV_approach_color
[INFO] [1789492731.328288354] [robot_0.robot_supervisor]: ############################# VISIBLE: EV_object_visible #############################
[INFO] [1789492731.329896552] [robot_0.robot_supervisor]: Selected controllable event: EV_search_color
[INFO] [1789492731.528861369] [robot_0.robot_supervisor]: ############################# VISIBLE: EV_object_visible #############################
[INFO] [1789492731.529945551] [robot_0.robot_supervisor]: Selected controllable event: EV_search_color
[INFO] [1789492731.727198732] [robot_0.robot_supervisor]: ############################# VISIBLE: EV_object_visible #############################
[INFO] [1789492731.727936487] [robot_0.robot_supervisor]: Selected controllable event: EV_approach_color
[INFO] [1789492732.028326781] [robot_0.robot_supervisor]: ############################# VISIBLE: EV_object_visible #############################
[INFO] [1789492732.029881806] [robot_0.robot_supervisor]: Selected controllable event: EV_approach_object
[INFO] [1789492732.327911867] [robot_0.robot_supervisor]: ############################# VISIBLE: EV_object_visible #############################
[INFO] [1789492732.328988792] [robot_0.robot_supervisor]: Selected controllable event: EV_search_color
[INFO] [1789492732.526994338] [robot_0.robot_supervisor]: ############################# VISIBLE: EV_object_visible #############################
[INFO] [1789492732.528035675] [robot_0.robot_supervisor]: Selected controllable event: EV_approach_object
[INFO] [1789492732.827986204] [robot_0.robot_supervisor]: ############################# VISIBLE: EV_object_visible #############################
[INFO] [1789492732.830680267] [robot_0.robot_supervisor]: Selected controllable event: EV_search_object
[INFO] [1789492733.028167076] [robot_0.robot_supervisor]: ############################# VISIBLE: EV_object_visible #############################
[INFO] [1789492733.029716947] [robot_0.robot_supervisor]: Selected controllable event: EV_approach_color
[INFO] [1789492733.328356346] [robot_0.robot_supervisor]: ############################# VISIBLE: EV_object_visible #############################
[INFO] [1789492733.329917531] [robot_0.robot_supervisor]: Selected controllable event: EV_approach_object
[INFO] [1789492733.630720148] [robot_0.robot_supervisor]: ############################# VISIBLE: EV_object_visible #############################
[INFO] [1789492733.632284648] [robot_0.robot_supervisor]: Selected controllable event: EV_move_forward
[INFO] [1789492733.928586837] [robot_0.robot_supervisor]: ############################# VISIBLE: EV_object_visible #############################
[INFO] [1789492733.929827649] [robot_0.robot_supervisor]: Selected controllable event: EV_search_object
[INFO] [1789492734.129817681] [robot_0.robot_supervisor]: ############################# REACHED: EV_object_reached #############################
[INFO] [1789492734.130937749] [robot_0.robot_supervisor]: Selected controllable event: EV_search_color
[INFO] [1789492734.331182974] [robot_0.robot_supervisor]: Selected controllable event: EV_approach_object
[INFO] [1789492734.628007741] [robot_0.robot_supervisor]: Triggered uncontrollable event: EV_obstacle_right
[INFO] [1789492734.628665268] [robot_0.robot_supervisor]: ############################# REACHED: EV_object_reached #############################
[INFO] [1789492734.629468063] [robot_0.robot_supervisor]: Selected controllable event: EV_pick_up_object
[INFO] [1789492734.733879682] [robot_0.robot_supervisor]: Cargo 'robot_0_carried_generic_box' placed on robot.
[INFO] [1789492734.928249511] [robot_0.robot_supervisor]: Selected controllable event: EV_search_color
[INFO] [1789492735.128388436] [robot_0.robot_supervisor]: Triggered uncontrollable event: EV_red_not_visible
[INFO] [1789492735.129575509] [robot_0.robot_supervisor]: Triggered uncontrollable event: EV_blue_not_visible
[INFO] [1789492735.131049027] [robot_0.robot_supervisor]: Selected controllable event: EV_search_object
[INFO] [1789492735.327771897] [robot_0.robot_supervisor]: Triggered uncontrollable event: EV_red_not_visible
[INFO] [1789492735.328561735] [robot_0.robot_supervisor]: Triggered uncontrollable event: EV_blue_not_visible
[INFO] [1789492735.329721516] [robot_0.robot_supervisor]: Selected controllable event: EV_approach_object
[INFO] [1789492735.628740290] [robot_0.robot_supervisor]: Triggered uncontrollable event: EV_red_not_visible
[INFO] [1789492735.629986710] [robot_0.robot_supervisor]: Triggered uncontrollable event: EV_blue_not_visible
[INFO] [1789492735.631427039] [robot_0.robot_supervisor]: Selected controllable event: EV_move_forward
[INFO] [1789492735.929709057] [robot_0.robot_supervisor]: Triggered uncontrollable event: EV_red_not_visible
[INFO] [1789492735.930690034] [robot_0.robot_supervisor]: Triggered uncontrollable event: EV_blue_not_visible
[INFO] [1789492735.931832055] [robot_0.robot_supervisor]: Selected controllable event: EV_move_forward
[INFO] [1789492736.228362516] [robot_0.robot_supervisor]: Triggered uncontrollable event: EV_red_not_visible
[INFO] [1789492736.229315114] [robot_0.robot_supervisor]: Triggered uncontrollable event: EV_blue_not_visible
[INFO] [1789492736.230916128] [robot_0.robot_supervisor]: Selected controllable event: EV_approach_color
[INFO] [1789492736.527831045] [robot_0.robot_supervisor]: Triggered uncontrollable event: EV_red_not_visible
[INFO] [1789492736.528813440] [robot_0.robot_supervisor]: Triggered uncontrollable event: EV_blue_not_visible
[INFO] [1789492736.529718408] [robot_0.robot_supervisor]: Selected controllable event: EV_search_object
[INFO] [1789492736.727787643] [robot_0.robot_supervisor]: Triggered uncontrollable event: EV_red_not_visible
[INFO] [1789492736.728368440] [robot_0.robot_supervisor]: Triggered uncontrollable event: EV_blue_not_visible
[INFO] [1789492736.729170349] [robot_0.robot_supervisor]: Selected controllable event: EV_approach_object
[INFO] [1789492737.028153726] [robot_0.robot_supervisor]: Triggered uncontrollable event: EV_red_not_visible
[INFO] [1789492737.029242798] [robot_0.robot_supervisor]: Triggered uncontrollable event: EV_blue_not_visible
[INFO] [1789492737.030571975] [robot_0.robot_supervisor]: Selected controllable event: EV_approach_color
[INFO] [1789492737.328557726] [robot_0.robot_supervisor]: Triggered uncontrollable event: EV_red_not_visible
[INFO] [1789492737.329800084] [robot_0.robot_supervisor]: Triggered uncontrollable event: EV_blue_not_visible
[INFO] [1789492737.331275458] [robot_0.robot_supervisor]: Selected controllable event: EV_approach_object
[INFO] [1789492737.628223760] [robot_0.robot_supervisor]: Triggered uncontrollable event: EV_red_not_visible
[INFO] [1789492737.629435148] [robot_0.robot_supervisor]: Triggered uncontrollable event: EV_blue_not_visible
[INFO] [1789492737.630968379] [robot_0.robot_supervisor]: Selected controllable event: EV_search_color
[INFO] [1789492737.828245534] [robot_0.robot_supervisor]: Triggered uncontrollable event: EV_red_not_visible
[INFO] [1789492737.829348058] [robot_0.robot_supervisor]: Triggered uncontrollable event: EV_blue_not_visible
[INFO] [1789492737.830618360] [robot_0.robot_supervisor]: Selected controllable event: EV_approach_color
[INFO] [1789492738.128196585] [robot_0.robot_supervisor]: Triggered uncontrollable event: EV_red_not_visible
[INFO] [1789492738.129240643] [robot_0.robot_supervisor]: Triggered uncontrollable event: EV_blue_not_visible
[INFO] [1789492738.130464200] [robot_0.robot_supervisor]: Selected controllable event: EV_approach_object
[INFO] [1789492738.428089823] [robot_0.robot_supervisor]: Triggered uncontrollable event: EV_obstacle_right
[INFO] [1789492738.428999130] [robot_0.robot_supervisor]: Triggered uncontrollable event: EV_red_not_visible
[INFO] [1789492738.429947664] [robot_0.robot_supervisor]: Triggered uncontrollable event: EV_blue_not_visible
[INFO] [1789492738.430979707] [robot_0.robot_supervisor]: Selected controllable event: EV_u_turn
[INFO] [1789492738.431914404] [robot_0.robot_supervisor]: Starting FULL ROTATE (omega=1.000, have_odom=True, target_rad=3.142, timeout_s=3.500)
[INFO] [1789492740.128220196] [robot_0.robot_supervisor]: FULL ROTATE completed by odom (accum_rad=3.148)
[INFO] [1789492740.428489554] [robot_0.robot_supervisor]: Triggered uncontrollable event: EV_blue_visible
[INFO] [1789492740.429107332] [robot_0.robot_supervisor]: Triggered uncontrollable event: EV_red_visible
[INFO] [1789492740.429842750] [robot_0.robot_supervisor]: Selected controllable event: EV_search_object
[INFO] [1789492740.627806990] [robot_0.robot_supervisor]: Selected delivery destination zone_a
[INFO] [1789492740.628888751] [robot_0.robot_supervisor]: Triggered uncontrollable event: EV_blue_visible
[INFO] [1789492740.629761469] [robot_0.robot_supervisor]: Triggered uncontrollable event: EV_red_visible
[INFO] [1789492740.630978851] [robot_0.robot_supervisor]: Selected controllable event: EV_drop_zone_red
[INFO] [1789492740.728167935] [robot_0.robot_supervisor]: Selected controllable event: EV_approach_color
[INFO] [1789492741.027807438] [robot_0.robot_supervisor]: Triggered uncontrollable event: EV_blue_visible
[INFO] [1789492741.028465300] [robot_0.robot_supervisor]: Triggered uncontrollable event: EV_red_visible
[INFO] [1789492741.029151603] [robot_0.robot_supervisor]: Selected controllable event: EV_approach_color
[INFO] [1789492741.327809989] [robot_0.robot_supervisor]: Triggered uncontrollable event: EV_blue_visible
[INFO] [1789492741.328343955] [robot_0.robot_supervisor]: Triggered uncontrollable event: EV_red_visible
[INFO] [1789492741.329011627] [robot_0.robot_supervisor]: Selected controllable event: EV_search_color
[INFO] [1789492741.527874220] [robot_0.robot_supervisor]: Selected controllable event: EV_search_object
[INFO] [1789492741.728514576] [robot_0.robot_supervisor]: Triggered uncontrollable event: EV_blue_visible
[INFO] [1789492741.729455912] [robot_0.robot_supervisor]: Triggered uncontrollable event: EV_red_visible
[INFO] [1789492741.730618778] [robot_0.robot_supervisor]: Selected controllable event: EV_approach_color
[INFO] [1789492742.028923974] [robot_0.robot_supervisor]: Triggered uncontrollable event: EV_blue_visible
[INFO] [1789492742.030034061] [robot_0.robot_supervisor]: Triggered uncontrollable event: EV_red_visible
[INFO] [1789492742.031371189] [robot_0.robot_supervisor]: Selected controllable event: EV_search_color
[INFO] [1789492742.228714071] [robot_0.robot_supervisor]: Triggered uncontrollable event: EV_blue_visible
[INFO] [1789492742.229732972] [robot_0.robot_supervisor]: Triggered uncontrollable event: EV_red_visible
[INFO] [1789492742.230406460] [robot_0.robot_supervisor]: Selected controllable event: EV_approach_object
[INFO] [1789492742.528938786] [robot_0.robot_supervisor]: Triggered uncontrollable event: EV_blue_visible
[INFO] [1789492742.530108799] [robot_0.robot_supervisor]: Triggered uncontrollable event: EV_red_visible
[INFO] [1789492742.531570447] [robot_0.robot_supervisor]: Selected controllable event: EV_approach_object
[INFO] [1789492742.827912248] [robot_0.robot_supervisor]: Triggered uncontrollable event: EV_blue_visible
[INFO] [1789492742.828737002] [robot_0.robot_supervisor]: Triggered uncontrollable event: EV_red_visible
[INFO] [1789492742.829648724] [robot_0.robot_supervisor]: Selected controllable event: EV_move_forward
[INFO] [1789492743.128343652] [robot_0.robot_supervisor]: Triggered uncontrollable event: EV_red_visible
[INFO] [1789492743.129412770] [robot_0.robot_supervisor]: Triggered uncontrollable event: EV_blue_not_visible
[INFO] [1789492743.130256454] [robot_0.robot_supervisor]: Selected controllable event: EV_search_object
[INFO] [1789492743.329971872] [robot_0.robot_supervisor]: Triggered uncontrollable event: EV_red_visible
[INFO] [1789492743.331132143] [robot_0.robot_supervisor]: Triggered uncontrollable event: EV_blue_not_visible
[INFO] [1789492743.332138244] [robot_0.robot_supervisor]: Selected controllable event: EV_approach_color
[INFO] [1789492743.627477444] [robot_0.robot_supervisor]: Triggered uncontrollable event: EV_red_visible
[INFO] [1789492743.628092670] [robot_0.robot_supervisor]: Triggered uncontrollable event: EV_blue_not_visible
[INFO] [1789492743.629560759] [robot_0.robot_supervisor]: Selected controllable event: EV_approach_object
[INFO] [1789492743.928991862] [robot_0.robot_supervisor]: Triggered uncontrollable event: EV_red_visible
[INFO] [1789492743.929675950] [robot_0.robot_supervisor]: Triggered uncontrollable event: EV_blue_not_visible
[INFO] [1789492743.930582278] [robot_0.robot_supervisor]: Selected controllable event: EV_move_forward
[INFO] [1789492744.229116468] [robot_0.robot_supervisor]: Triggered uncontrollable event: EV_red_visible
[INFO] [1789492744.230225595] [robot_0.robot_supervisor]: Triggered uncontrollable event: EV_blue_not_visible
[INFO] [1789492744.231539392] [robot_0.robot_supervisor]: Selected controllable event: EV_search_color
[INFO] [1789492744.427772147] [robot_0.robot_supervisor]: Triggered uncontrollable event: EV_red_not_visible
[INFO] [1789492744.428388726] [robot_0.robot_supervisor]: Triggered uncontrollable event: EV_blue_not_visible
[INFO] [1789492744.429390951] [robot_0.robot_supervisor]: Selected controllable event: EV_approach_color
[INFO] [1789492744.728478933] [robot_0.robot_supervisor]: Triggered uncontrollable event: EV_red_not_visible
[INFO] [1789492744.729501413] [robot_0.robot_supervisor]: Triggered uncontrollable event: EV_blue_not_visible
[INFO] [1789492744.730690323] [robot_0.robot_supervisor]: Selected controllable event: EV_approach_object
[INFO] [1789492745.027425553] [robot_0.robot_supervisor]: Triggered uncontrollable event: EV_red_not_visible
[INFO] [1789492745.028134415] [robot_0.robot_supervisor]: Triggered uncontrollable event: EV_blue_not_visible
[INFO] [1789492745.029424021] [robot_0.robot_supervisor]: Selected controllable event: EV_search_color
[INFO] [1789492745.228970292] [robot_0.robot_supervisor]: Selected controllable event: EV_approach_object
[INFO] [1789492745.528889803] [robot_0.robot_supervisor]: Triggered uncontrollable event: EV_red_not_visible
[INFO] [1789492745.529995914] [robot_0.robot_supervisor]: Triggered uncontrollable event: EV_blue_not_visible
[INFO] [1789492745.531278935] [robot_0.robot_supervisor]: Selected controllable event: EV_approach_color
[INFO] [1789492745.827805508] [robot_0.robot_supervisor]: Triggered uncontrollable event: EV_red_not_visible
[INFO] [1789492745.828627516] [robot_0.robot_supervisor]: Triggered uncontrollable event: EV_blue_not_visible
[INFO] [1789492745.829524540] [robot_0.robot_supervisor]: Selected controllable event: EV_search_color
[INFO] [1789492746.027807404] [robot_0.robot_supervisor]: Selected controllable event: EV_search_color
[INFO] [1789492746.227631182] [robot_0.robot_supervisor]: Triggered uncontrollable event: EV_red_not_visible
[INFO] [1789492746.228271253] [robot_0.robot_supervisor]: Triggered uncontrollable event: EV_blue_not_visible
[INFO] [1789492746.229061863] [robot_0.robot_supervisor]: Selected controllable event: EV_move_forward
[INFO] [1789492746.527694669] [robot_0.robot_supervisor]: Triggered uncontrollable event: EV_red_not_visible
[INFO] [1789492746.528520228] [robot_0.robot_supervisor]: Triggered uncontrollable event: EV_blue_not_visible
[INFO] [1789492746.529461030] [robot_0.robot_supervisor]: Selected controllable event: EV_search_object
[INFO] [1789492746.728545238] [robot_0.robot_supervisor]: Triggered uncontrollable event: EV_red_not_visible
[INFO] [1789492746.729817428] [robot_0.robot_supervisor]: Triggered uncontrollable event: EV_blue_not_visible
[INFO] [1789492746.731284715] [robot_0.robot_supervisor]: Selected controllable event: EV_approach_object
[INFO] [1789492747.027623010] [robot_0.robot_supervisor]: Triggered uncontrollable event: EV_obstacle_right
[INFO] [1789492747.028342117] [robot_0.robot_supervisor]: Triggered uncontrollable event: EV_red_not_visible
[INFO] [1789492747.028908154] [robot_0.robot_supervisor]: Triggered uncontrollable event: EV_blue_not_visible
[INFO] [1789492747.029654285] [robot_0.robot_supervisor]: Selected controllable event: EV_u_turn
[INFO] [1789492747.030283399] [robot_0.robot_supervisor]: Starting FULL ROTATE (omega=1.000, have_odom=True, target_rad=3.142, timeout_s=3.500)
[INFO] [1789492748.831143393] [robot_0.robot_supervisor]: FULL ROTATE completed by odom (accum_rad=3.236)
[INFO] [1789492749.129243632] [robot_0.robot_supervisor]: Triggered uncontrollable event: EV_blue_visible
[INFO] [1789492749.129796915] [robot_0.robot_supervisor]: Triggered uncontrollable event: EV_red_not_visible
[INFO] [1789492749.130394419] [robot_0.robot_supervisor]: Triggered uncontrollable event: EV_blue_not_visible
[INFO] [1789492749.131410872] [robot_0.robot_supervisor]: Selected controllable event: EV_approach_object
[INFO] [1789492749.427396886] [robot_0.robot_supervisor]: Triggered uncontrollable event: EV_blue_visible
[INFO] [1789492749.428105008] [robot_0.robot_supervisor]: Triggered uncontrollable event: EV_red_visible
[INFO] [1789492749.428830366] [robot_0.robot_supervisor]: Selected controllable event: EV_approach_color
[INFO] [1789492749.728280380] [robot_0.robot_supervisor]: Triggered uncontrollable event: EV_blue_visible
[INFO] [1789492749.728927935] [robot_0.robot_supervisor]: Triggered uncontrollable event: EV_red_visible
[INFO] [1789492749.729751004] [robot_0.robot_supervisor]: Selected controllable event: EV_approach_color
[INFO] [1789492750.028093047] [robot_0.robot_supervisor]: Triggered uncontrollable event: EV_blue_visible
[INFO] [1789492750.028778094] [robot_0.robot_supervisor]: Triggered uncontrollable event: EV_red_visible
[INFO] [1789492750.029584773] [robot_0.robot_supervisor]: Selected controllable event: EV_approach_object
[INFO] [1789492750.329259497] [robot_0.robot_supervisor]: Triggered uncontrollable event: EV_blue_visible
[INFO] [1789492750.330038040] [robot_0.robot_supervisor]: Triggered uncontrollable event: EV_red_visible
[INFO] [1789492750.330890605] [robot_0.robot_supervisor]: Selected controllable event: EV_search_object
[INFO] [1789492750.529088307] [robot_0.robot_supervisor]: Triggered uncontrollable event: EV_blue_visible
[INFO] [1789492750.530312834] [robot_0.robot_supervisor]: Triggered uncontrollable event: EV_red_visible
[INFO] [1789492750.531744675] [robot_0.robot_supervisor]: Selected controllable event: EV_move_forward
[INFO] [1789492750.829358136] [robot_0.robot_supervisor]: Triggered uncontrollable event: EV_blue_visible
[INFO] [1789492750.830285491] [robot_0.robot_supervisor]: Triggered uncontrollable event: EV_red_visible
[INFO] [1789492750.831872280] [robot_0.robot_supervisor]: Selected controllable event: EV_move_forward
[INFO] [1789492751.127549168] [robot_0.robot_supervisor]: Triggered uncontrollable event: EV_blue_visible
[INFO] [1789492751.128088595] [robot_0.robot_supervisor]: Triggered uncontrollable event: EV_red_visible
[INFO] [1789492751.128869108] [robot_0.robot_supervisor]: Selected controllable event: EV_approach_object
[INFO] [1789492751.428444992] [robot_0.robot_supervisor]: Triggered uncontrollable event: EV_blue_visible
[INFO] [1789492751.429410126] [robot_0.robot_supervisor]: Triggered uncontrollable event: EV_red_visible
[INFO] [1789492751.430562208] [robot_0.robot_supervisor]: Selected controllable event: EV_approach_object
[INFO] [1789492751.728615800] [robot_0.robot_supervisor]: Triggered uncontrollable event: EV_blue_visible
[INFO] [1789492751.729574385] [robot_0.robot_supervisor]: Triggered uncontrollable event: EV_red_visible
[INFO] [1789492751.730733443] [robot_0.robot_supervisor]: Selected controllable event: EV_approach_color
[INFO] [1789492752.029724791] [robot_0.robot_supervisor]: Triggered uncontrollable event: EV_blue_visible
[INFO] [1789492752.030366687] [robot_0.robot_supervisor]: Triggered uncontrollable event: EV_red_visible
[INFO] [1789492752.031146314] [robot_0.robot_supervisor]: Selected controllable event: EV_approach_object
[INFO] [1789492752.328578905] [robot_0.robot_supervisor]: Triggered uncontrollable event: EV_blue_visible
[INFO] [1789492752.329104187] [robot_0.robot_supervisor]: Triggered uncontrollable event: EV_red_visible
[INFO] [1789492752.329800895] [robot_0.robot_supervisor]: Selected controllable event: EV_search_object
[INFO] [1789492752.527266683] [robot_0.robot_supervisor]: Triggered uncontrollable event: EV_blue_visible
[INFO] [1789492752.527741666] [robot_0.robot_supervisor]: Triggered uncontrollable event: EV_red_visible
[INFO] [1789492752.528352325] [robot_0.robot_supervisor]: Triggered uncontrollable event: EV_obstacle_front
[INFO] [1789492752.529074197] [robot_0.robot_supervisor]: Selected controllable event: EV_rotate_clockwise
[INFO] [1789492752.728440241] [robot_0.robot_supervisor]: Triggered uncontrollable event: EV_blue_visible
[INFO] [1789492752.729378871] [robot_0.robot_supervisor]: Triggered uncontrollable event: EV_red_visible
[INFO] [1789492752.730232432] [robot_0.robot_supervisor]: Triggered uncontrollable event: EV_obstacle_front
[INFO] [1789492752.731402776] [robot_0.robot_supervisor]: Selected controllable event: EV_move_backward
[INFO] [1789492753.028696711] [robot_0.robot_supervisor]: Triggered uncontrollable event: EV_blue_visible
[INFO] [1789492753.029385579] [robot_0.robot_supervisor]: Triggered uncontrollable event: EV_red_visible
[INFO] [1789492753.030104160] [robot_0.robot_supervisor]: Triggered uncontrollable event: EV_obstacle_front
[INFO] [1789492753.031142139] [robot_0.robot_supervisor]: Selected controllable event: EV_rotate_counterclockwise
[INFO] [1789492753.228135822] [robot_0.robot_supervisor]: Triggered uncontrollable event: EV_blue_visible
[INFO] [1789492753.229057041] [robot_0.robot_supervisor]: Triggered uncontrollable event: EV_red_visible
[INFO] [1789492753.229989940] [robot_0.robot_supervisor]: Triggered uncontrollable event: EV_obstacle_front
[INFO] [1789492753.231186671] [robot_0.robot_supervisor]: Selected controllable event: EV_rotate_counterclockwise
[INFO] [1789492753.429944693] [robot_0.robot_supervisor]: Triggered uncontrollable event: EV_blue_visible
[INFO] [1789492753.431134356] [robot_0.robot_supervisor]: Triggered uncontrollable event: EV_red_visible
[INFO] [1789492753.432909337] [robot_0.robot_supervisor]: Selected controllable event: EV_search_color
[INFO] [1789492753.629172070] [robot_0.robot_supervisor]: Selected controllable event: EV_move_forward
[INFO] [1789492753.928977404] [robot_0.robot_supervisor]: Triggered uncontrollable event: EV_blue_visible
[INFO] [1789492753.930021722] [robot_0.robot_supervisor]: Triggered uncontrollable event: EV_red_visible
[INFO] [1789492753.931294586] [robot_0.robot_supervisor]: Selected controllable event: EV_search_color
[INFO] [1789492754.129669860] [robot_0.robot_supervisor]: Selected controllable event: EV_move_forward
[INFO] [1789492754.427556109] [robot_0.robot_supervisor]: Triggered uncontrollable event: EV_blue_visible
[INFO] [1789492754.428080599] [robot_0.robot_supervisor]: Triggered uncontrollable event: EV_red_visible
[INFO] [1789492754.429064606] [robot_0.robot_supervisor]: Selected controllable event: EV_search_object
[INFO] [1789492754.630737012] [robot_0.robot_supervisor]: Triggered uncontrollable event: EV_red_visible
[INFO] [1789492754.631938450] [robot_0.robot_supervisor]: Triggered uncontrollable event: EV_blue_not_visible
[INFO] [1789492754.633252234] [robot_0.robot_supervisor]: Selected controllable event: EV_approach_object
[INFO] [1789492754.929258327] [robot_0.robot_supervisor]: Triggered uncontrollable event: EV_red_not_visible
[INFO] [1789492754.930285193] [robot_0.robot_supervisor]: Triggered uncontrollable event: EV_blue_not_visible
[INFO] [1789492754.931113314] [robot_0.robot_supervisor]: Selected controllable event: EV_search_object
[INFO] [1789492755.128945806] [robot_0.robot_supervisor]: Triggered uncontrollable event: EV_red_not_visible
[INFO] [1789492755.129905180] [robot_0.robot_supervisor]: Triggered uncontrollable event: EV_blue_not_visible
[INFO] [1789492755.130923953] [robot_0.robot_supervisor]: Selected controllable event: EV_move_forward
[INFO] [1789492755.427728824] [robot_0.robot_supervisor]: Triggered uncontrollable event: EV_red_not_visible
[INFO] [1789492755.428350558] [robot_0.robot_supervisor]: Triggered uncontrollable event: EV_blue_not_visible
[INFO] [1789492755.429200166] [robot_0.robot_supervisor]: Selected controllable event: EV_move_forward
[INFO] [1789492755.727315660] [robot_0.robot_supervisor]: Triggered uncontrollable event: EV_red_not_visible
[INFO] [1789492755.727913227] [robot_0.robot_supervisor]: Triggered uncontrollable event: EV_blue_not_visible
[INFO] [1789492755.728772971] [robot_0.robot_supervisor]: Selected controllable event: EV_search_object
[INFO] [1789492755.927869795] [robot_0.robot_supervisor]: Triggered uncontrollable event: EV_red_not_visible
[INFO] [1789492755.928652566] [robot_0.robot_supervisor]: Triggered uncontrollable event: EV_blue_not_visible
[INFO] [1789492755.929589483] [robot_0.robot_supervisor]: Selected controllable event: EV_search_object
[INFO] [1789492756.033784105] [robot_0.robot_supervisor]: Selected controllable event: EV_move_forward
[INFO] [1789492756.327315295] [robot_0.robot_supervisor]: Triggered uncontrollable event: EV_red_not_visible
[INFO] [1789492756.327869387] [robot_0.robot_supervisor]: Triggered uncontrollable event: EV_blue_not_visible
[INFO] [1789492756.328549608] [robot_0.robot_supervisor]: Selected controllable event: EV_search_color
[INFO] [1789492756.528913455] [robot_0.robot_supervisor]: Triggered uncontrollable event: EV_red_not_visible
[INFO] [1789492756.529505189] [robot_0.robot_supervisor]: Triggered uncontrollable event: EV_blue_not_visible
[INFO] [1789492756.530742193] [robot_0.robot_supervisor]: Selected controllable event: EV_search_color
[INFO] [1789492756.729684087] [robot_0.robot_supervisor]: Triggered uncontrollable event: EV_red_not_visible
[INFO] [1789492756.731646853] [robot_0.robot_supervisor]: Triggered uncontrollable event: EV_blue_not_visible
[INFO] [1789492756.732970058] [robot_0.robot_supervisor]: Selected controllable event: EV_move_forward
[INFO] [1789492757.028476888] [robot_0.robot_supervisor]: Triggered uncontrollable event: EV_red_not_visible
[INFO] [1789492757.029294664] [robot_0.robot_supervisor]: Triggered uncontrollable event: EV_blue_not_visible
[INFO] [1789492757.030131491] [robot_0.robot_supervisor]: Selected controllable event: EV_approach_color
[INFO] [1789492757.327134565] [robot_0.robot_supervisor]: Triggered uncontrollable event: EV_red_not_visible
[INFO] [1789492757.327660288] [robot_0.robot_supervisor]: Triggered uncontrollable event: EV_blue_not_visible
[INFO] [1789492757.328778928] [robot_0.robot_supervisor]: Selected controllable event: EV_approach_object
[INFO] [1789492757.631118785] [robot_0.robot_supervisor]: Triggered uncontrollable event: EV_red_not_visible
[INFO] [1789492757.632166864] [robot_0.robot_supervisor]: Triggered uncontrollable event: EV_blue_not_visible
[INFO] [1789492757.633586974] [robot_0.robot_supervisor]: Selected controllable event: EV_move_forward
[INFO] [1789492757.928362018] [robot_0.robot_supervisor]: Triggered uncontrollable event: EV_red_not_visible
[INFO] [1789492757.930821802] [robot_0.robot_supervisor]: Triggered uncontrollable event: EV_blue_not_visible
[INFO] [1789492757.931982759] [robot_0.robot_supervisor]: Selected controllable event: EV_approach_color
[INFO] [1789492758.229116482] [robot_0.robot_supervisor]: Triggered uncontrollable event: EV_red_not_visible
[INFO] [1789492758.229619009] [robot_0.robot_supervisor]: Triggered uncontrollable event: EV_blue_not_visible
[INFO] [1789492758.230083033] [robot_0.robot_supervisor]: Triggered uncontrollable event: EV_obstacle_front
[INFO] [1789492758.230804374] [robot_0.robot_supervisor]: Selected controllable event: EV_rotate_clockwise
[INFO] [1789492758.431085497] [robot_0.robot_supervisor]: Triggered uncontrollable event: EV_obstacle_left
[INFO] [1789492758.432417546] [robot_0.robot_supervisor]: Triggered uncontrollable event: EV_red_not_visible
[INFO] [1789492758.433468723] [robot_0.robot_supervisor]: Triggered uncontrollable event: EV_blue_not_visible
[INFO] [1789492758.435030084] [robot_0.robot_supervisor]: Selected controllable event: EV_rotate_clockwise
[INFO] [1789492758.627597338] [robot_0.robot_supervisor]: Triggered uncontrollable event: EV_obstacle_left
[INFO] [1789492758.628493836] [robot_0.robot_supervisor]: Selected controllable event: EV_rotate_clockwise
[INFO] [1789492758.828703344] [robot_0.robot_supervisor]: Triggered uncontrollable event: EV_obstacle_left
[INFO] [1789492758.829670917] [robot_0.robot_supervisor]: Triggered uncontrollable event: EV_red_not_visible
[INFO] [1789492758.830234330] [robot_0.robot_supervisor]: Triggered uncontrollable event: EV_blue_not_visible
[INFO] [1789492758.830942809] [robot_0.robot_supervisor]: Selected controllable event: EV_u_turn
[INFO] [1789492758.831688129] [robot_0.robot_supervisor]: Starting FULL ROTATE (omega=1.000, have_odom=True, target_rad=3.142, timeout_s=3.500)
[INFO] [1789492760.628485550] [robot_0.robot_supervisor]: FULL ROTATE completed by odom (accum_rad=3.264)
[INFO] [1789492760.829382136] [robot_0.robot_supervisor]: Triggered uncontrollable event: EV_red_not_visible
[INFO] [1789492760.829926279] [robot_0.robot_supervisor]: Triggered uncontrollable event: EV_blue_not_visible
[INFO] [1789492760.830606810] [robot_0.robot_supervisor]: Selected controllable event: EV_search_color
[INFO] [1789492761.030571259] [robot_0.robot_supervisor]: Triggered uncontrollable event: EV_red_not_visible
[INFO] [1789492761.031289079] [robot_0.robot_supervisor]: Triggered uncontrollable event: EV_blue_not_visible
[INFO] [1789492761.032063850] [robot_0.robot_supervisor]: Selected controllable event: EV_move_forward
[INFO] [1789492761.329884379] [robot_0.robot_supervisor]: Triggered uncontrollable event: EV_red_not_visible
[INFO] [1789492761.330456026] [robot_0.robot_supervisor]: Triggered uncontrollable event: EV_blue_not_visible
[INFO] [1789492761.331149299] [robot_0.robot_supervisor]: Selected controllable event: EV_approach_object
[INFO] [1789492761.629677478] [robot_0.robot_supervisor]: Triggered uncontrollable event: EV_blue_visible
[INFO] [1789492761.630385494] [robot_0.robot_supervisor]: Triggered uncontrollable event: EV_red_not_visible
[INFO] [1789492761.631281704] [robot_0.robot_supervisor]: Selected controllable event: EV_approach_object
[INFO] [1789492761.929099267] [robot_0.robot_supervisor]: Triggered uncontrollable event: EV_blue_visible
[INFO] [1789492761.929621669] [robot_0.robot_supervisor]: Triggered uncontrollable event: EV_red_visible
[INFO] [1789492761.930245267] [robot_0.robot_supervisor]: Selected controllable event: EV_approach_object
[INFO] [1789492762.231612801] [robot_0.robot_supervisor]: Triggered uncontrollable event: EV_blue_visible
[INFO] [1789492762.234234443] [robot_0.robot_supervisor]: Triggered uncontrollable event: EV_red_visible
[INFO] [1789492762.235554489] [robot_0.robot_supervisor]: Selected controllable event: EV_approach_object
[INFO] [1789492762.529488013] [robot_0.robot_supervisor]: Triggered uncontrollable event: EV_blue_visible
[INFO] [1789492762.530074615] [robot_0.robot_supervisor]: Triggered uncontrollable event: EV_red_visible
[INFO] [1789492762.530695790] [robot_0.robot_supervisor]: Selected controllable event: EV_approach_object
[INFO] [1789492762.828691061] [robot_0.robot_supervisor]: Triggered uncontrollable event: EV_blue_visible
[INFO] [1789492762.829398342] [robot_0.robot_supervisor]: Triggered uncontrollable event: EV_red_visible
[INFO] [1789492762.830358586] [robot_0.robot_supervisor]: Selected controllable event: EV_approach_color
[INFO] [1789492763.127824138] [robot_0.robot_supervisor]: Triggered uncontrollable event: EV_blue_visible
[INFO] [1789492763.128284645] [robot_0.robot_supervisor]: Triggered uncontrollable event: EV_red_visible
[INFO] [1789492763.128859377] [robot_0.robot_supervisor]: Selected controllable event: EV_approach_object
[INFO] [1789492763.429584645] [robot_0.robot_supervisor]: Triggered uncontrollable event: EV_blue_visible
[INFO] [1789492763.430377278] [robot_0.robot_supervisor]: Triggered uncontrollable event: EV_red_visible
[INFO] [1789492763.431404519] [robot_0.robot_supervisor]: Selected controllable event: EV_approach_color
[INFO] [1789492763.729010757] [robot_0.robot_supervisor]: Triggered uncontrollable event: EV_blue_visible
[INFO] [1789492763.729477095] [robot_0.robot_supervisor]: Triggered uncontrollable event: EV_red_visible
[INFO] [1789492763.730056007] [robot_0.robot_supervisor]: Selected controllable event: EV_search_color
[INFO] [1789492763.929842413] [robot_0.robot_supervisor]: Triggered uncontrollable event: EV_blue_visible
[INFO] [1789492763.930342165] [robot_0.robot_supervisor]: Triggered uncontrollable event: EV_red_visible
[INFO] [1789492763.930983473] [robot_0.robot_supervisor]: Selected controllable event: EV_search_object
[INFO] [1789492764.127909101] [robot_0.robot_supervisor]: Selected controllable event: EV_search_object
[INFO] [1789492764.229776585] [robot_0.robot_supervisor]: Triggered uncontrollable event: EV_blue_visible
[INFO] [1789492764.230284647] [robot_0.robot_supervisor]: Triggered uncontrollable event: EV_red_visible
[INFO] [1789492764.230833949] [robot_0.robot_supervisor]: Selected controllable event: EV_search_color
[INFO] [1789492764.430168217] [robot_0.robot_supervisor]: Triggered uncontrollable event: EV_blue_visible
[INFO] [1789492764.430668583] [robot_0.robot_supervisor]: Triggered uncontrollable event: EV_red_visible
[INFO] [1789492764.431303603] [robot_0.robot_supervisor]: Selected controllable event: EV_search_color
[INFO] [1789492764.629804690] [robot_0.robot_supervisor]: Selected controllable event: EV_approach_object
[INFO] [1789492764.929596016] [robot_0.robot_supervisor]: Triggered uncontrollable event: EV_blue_visible
[INFO] [1789492764.930123092] [robot_0.robot_supervisor]: Triggered uncontrollable event: EV_red_visible
[INFO] [1789492764.930817659] [robot_0.robot_supervisor]: Selected controllable event: EV_search_object
[INFO] [1789492765.128298238] [robot_0.robot_supervisor]: Selected controllable event: EV_approach_object
[INFO] [1789492765.430980541] [robot_0.robot_supervisor]: Triggered uncontrollable event: EV_blue_visible
[INFO] [1789492765.431759697] [robot_0.robot_supervisor]: Triggered uncontrollable event: EV_red_visible
[INFO] [1789492765.432760021] [robot_0.robot_supervisor]: Selected controllable event: EV_approach_color
[INFO] [1789492765.731013590] [robot_0.robot_supervisor]: Triggered uncontrollable event: EV_red_not_visible
[INFO] [1789492765.731832837] [robot_0.robot_supervisor]: Triggered uncontrollable event: EV_blue_not_visible
[INFO] [1789492765.733028094] [robot_0.robot_supervisor]: Selected controllable event: EV_move_forward
[INFO] [1789492766.029909643] [robot_0.robot_supervisor]: Triggered uncontrollable event: EV_red_not_visible
[INFO] [1789492766.030825970] [robot_0.robot_supervisor]: Triggered uncontrollable event: EV_blue_not_visible
[INFO] [1789492766.031873971] [robot_0.robot_supervisor]: Selected controllable event: EV_search_color
[INFO] [1789492766.230772951] [robot_0.robot_supervisor]: Triggered uncontrollable event: EV_red_not_visible
[INFO] [1789492766.231618067] [robot_0.robot_supervisor]: Triggered uncontrollable event: EV_blue_not_visible
[INFO] [1789492766.232689456] [robot_0.robot_supervisor]: Selected controllable event: EV_search_color
[INFO] [1789492766.429017417] [robot_0.robot_supervisor]: Triggered uncontrollable event: EV_red_not_visible
[INFO] [1789492766.429510647] [robot_0.robot_supervisor]: Triggered uncontrollable event: EV_blue_not_visible
[INFO] [1789492766.430098361] [robot_0.robot_supervisor]: Selected controllable event: EV_approach_object
[INFO] [1789492766.729037376] [robot_0.robot_supervisor]: Triggered uncontrollable event: EV_red_not_visible
[INFO] [1789492766.729769346] [robot_0.robot_supervisor]: Triggered uncontrollable event: EV_blue_not_visible
[INFO] [1789492766.730837395] [robot_0.robot_supervisor]: Selected controllable event: EV_approach_object
[INFO] [1789492767.031658462] [robot_0.robot_supervisor]: Triggered uncontrollable event: EV_red_not_visible
[INFO] [1789492767.032739125] [robot_0.robot_supervisor]: Triggered uncontrollable event: EV_blue_not_visible
[INFO] [1789492767.034010791] [robot_0.robot_supervisor]: Selected controllable event: EV_approach_object
[INFO] [1789492767.330230113] [robot_0.robot_supervisor]: Triggered uncontrollable event: EV_red_not_visible
[INFO] [1789492767.330975714] [robot_0.robot_supervisor]: Triggered uncontrollable event: EV_blue_not_visible
[INFO] [1789492767.331917075] [robot_0.robot_supervisor]: Selected controllable event: EV_search_object
[INFO] [1789492767.530054240] [robot_0.robot_supervisor]: Triggered uncontrollable event: EV_red_not_visible
[INFO] [1789492767.530498670] [robot_0.robot_supervisor]: Triggered uncontrollable event: EV_blue_not_visible
[INFO] [1789492767.531010254] [robot_0.robot_supervisor]: Selected controllable event: EV_approach_color
[INFO] [1789492767.828296367] [robot_0.robot_supervisor]: Triggered uncontrollable event: EV_red_visible
[INFO] [1789492767.828899211] [robot_0.robot_supervisor]: Triggered uncontrollable event: EV_blue_not_visible
[INFO] [1789492767.829508987] [robot_0.robot_supervisor]: Selected controllable event: EV_approach_color
[INFO] [1789492768.126678283] [robot_0.robot_supervisor]: Triggered uncontrollable event: EV_blue_visible
[INFO] [1789492768.127084225] [robot_0.robot_supervisor]: Triggered uncontrollable event: EV_red_visible
[INFO] [1789492768.127477934] [robot_0.robot_supervisor]: Selected controllable event: EV_search_object
[INFO] [1789492768.326574846] [robot_0.robot_supervisor]: Triggered uncontrollable event: EV_blue_visible
[INFO] [1789492768.327108316] [robot_0.robot_supervisor]: Triggered uncontrollable event: EV_red_visible
[INFO] [1789492768.327526622] [robot_0.robot_supervisor]: Selected controllable event: EV_approach_color
[INFO] [1789492768.627316703] [robot_0.robot_supervisor]: Triggered uncontrollable event: EV_blue_visible
[INFO] [1789492768.627846606] [robot_0.robot_supervisor]: Triggered uncontrollable event: EV_red_visible
[INFO] [1789492768.628523570] [robot_0.robot_supervisor]: Selected controllable event: EV_approach_color
[INFO] [1789492768.926791299] [robot_0.robot_supervisor]: Triggered uncontrollable event: EV_blue_visible
[INFO] [1789492768.927279705] [robot_0.robot_supervisor]: Triggered uncontrollable event: EV_red_visible
[INFO] [1789492768.927829124] [robot_0.robot_supervisor]: Selected controllable event: EV_search_color
[INFO] [1789492768.935051457] [robot_0.robot_supervisor]: RECEIVED zone_a; balance=zone_a_has_extra
[INFO] [1789492769.126578347] [robot_0.robot_supervisor]: Triggered uncontrollable event: EV_recieve_drop_zone_red
[INFO] [1789492769.127137326] [robot_0.robot_supervisor]: Selected controllable event: EV_approach_object
[INFO] [1789492769.426772355] [robot_0.robot_supervisor]: Triggered uncontrollable event: EV_blue_visible
[INFO] [1789492769.427191980] [robot_0.robot_supervisor]: Triggered uncontrollable event: EV_red_visible
[INFO] [1789492769.427555349] [robot_0.robot_supervisor]: Selected controllable event: EV_move_forward
[INFO] [1789492769.727025045] [robot_0.robot_supervisor]: Triggered uncontrollable event: EV_blue_visible
[INFO] [1789492769.727458191] [robot_0.robot_supervisor]: Triggered uncontrollable event: EV_obstacle_right
[INFO] [1789492769.727823491] [robot_0.robot_supervisor]: Triggered uncontrollable event: EV_red_reached
[INFO] [1789492769.728325963] [robot_0.robot_supervisor]: Selected controllable event: EV_u_turn
[INFO] [1789492769.728755839] [robot_0.robot_supervisor]: Starting FULL ROTATE (omega=1.000, have_odom=True, target_rad=3.142, timeout_s=3.500)
[INFO] [1789492771.426730183] [robot_0.robot_supervisor]: FULL ROTATE completed by odom (accum_rad=3.158)
[WARN] [1789492771.626757807] [robot_0.robot_supervisor]: Rejected unbalanced drop for zone_a
[INFO] [1789492771.627088734] [robot_0.robot_supervisor]: Triggered uncontrollable event: EV_red_reached
[INFO] [1789492771.627315022] [robot_0.robot_supervisor]: Triggered uncontrollable event: EV_blue_not_visible
[INFO] [1789492771.627641370] [robot_0.robot_supervisor]: Selected controllable event: EV_drop_object
[INFO] [1789492771.926632449] [robot_0.robot_supervisor]: Triggered uncontrollable event: EV_red_reached
[INFO] [1789492771.926917100] [robot_0.robot_supervisor]: Triggered uncontrollable event: EV_blue_not_visible
[INFO] [1789492771.927278528] [robot_0.robot_supervisor]: Selected controllable event: EV_search_color
[INFO] [1789492772.126541832] [robot_0.robot_supervisor]: Selected controllable event: EV_move_forward
[INFO] [1789492772.427033111] [robot_0.robot_supervisor]: Triggered uncontrollable event: EV_red_reached
[INFO] [1789492772.427483886] [robot_0.robot_supervisor]: Triggered uncontrollable event: EV_blue_not_visible
[INFO] [1789492772.428075381] [robot_0.robot_supervisor]: Selected controllable event: EV_search_object
[INFO] [1789492772.627051233] [robot_0.robot_supervisor]: Selected controllable event: EV_approach_object
[INFO] [1789492772.926842330] [robot_0.robot_supervisor]: Triggered uncontrollable event: EV_red_reached
[INFO] [1789492772.927279020] [robot_0.robot_supervisor]: Triggered uncontrollable event: EV_blue_not_visible
[INFO] [1789492772.927819353] [robot_0.robot_supervisor]: Selected controllable event: EV_search_object
[INFO] [1789492773.126612136] [robot_0.robot_supervisor]: Selected controllable event: EV_approach_object
[INFO] [1789492773.426523335] [robot_0.robot_supervisor]: Triggered uncontrollable event: EV_red_reached
[INFO] [1789492773.426787729] [robot_0.robot_supervisor]: Triggered uncontrollable event: EV_blue_not_visible
[INFO] [1789492773.427126956] [robot_0.robot_supervisor]: Selected controllable event: EV_move_forward
[INFO] [1789492773.726443015] [robot_0.robot_supervisor]: Triggered uncontrollable event: EV_red_not_visible
[INFO] [1789492773.726687782] [robot_0.robot_supervisor]: Triggered uncontrollable event: EV_blue_not_visible
[INFO] [1789492773.727026772] [robot_0.robot_supervisor]: Selected controllable event: EV_move_forward
[INFO] [1789492774.026381689] [robot_0.robot_supervisor]: Triggered uncontrollable event: EV_red_not_visible
[INFO] [1789492774.026665448] [robot_0.robot_supervisor]: Triggered uncontrollable event: EV_blue_not_visible
[INFO] [1789492774.027077171] [robot_0.robot_supervisor]: Selected controllable event: EV_search_object
[INFO] [1789492774.226924456] [robot_0.robot_supervisor]: Triggered uncontrollable event: EV_red_not_visible
[INFO] [1789492774.227336930] [robot_0.robot_supervisor]: Triggered uncontrollable event: EV_blue_not_visible
[INFO] [1789492774.227917209] [robot_0.robot_supervisor]: Selected controllable event: EV_search_object
[INFO] [1789492774.427061068] [robot_0.robot_supervisor]: Triggered uncontrollable event: EV_red_not_visible
[INFO] [1789492774.427508165] [robot_0.robot_supervisor]: Triggered uncontrollable event: EV_blue_not_visible
[INFO] [1789492774.428081369] [robot_0.robot_supervisor]: Selected controllable event: EV_approach_object
[INFO] [1789492774.727088602] [robot_0.robot_supervisor]: Triggered uncontrollable event: EV_red_not_visible
[INFO] [1789492774.727519253] [robot_0.robot_supervisor]: Triggered uncontrollable event: EV_blue_not_visible
[INFO] [1789492774.728013156] [robot_0.robot_supervisor]: Selected controllable event: EV_approach_color
[INFO] [1789492775.026686295] [robot_0.robot_supervisor]: Triggered uncontrollable event: EV_red_not_visible
[INFO] [1789492775.027221257] [robot_0.robot_supervisor]: Triggered uncontrollable event: EV_blue_not_visible
[INFO] [1789492775.027735428] [robot_0.robot_supervisor]: Selected controllable event: EV_search_object
[INFO] [1789492775.227058701] [robot_0.robot_supervisor]: Triggered uncontrollable event: EV_red_not_visible
[INFO] [1789492775.227422417] [robot_0.robot_supervisor]: Triggered uncontrollable event: EV_blue_not_visible
[INFO] [1789492775.227846911] [robot_0.robot_supervisor]: Selected controllable event: EV_approach_color
[INFO] [1789492775.526601593] [robot_0.robot_supervisor]: Triggered uncontrollable event: EV_red_not_visible
[INFO] [1789492775.526866630] [robot_0.robot_supervisor]: Triggered uncontrollable event: EV_blue_not_visible
[INFO] [1789492775.527188332] [robot_0.robot_supervisor]: Selected controllable event: EV_search_object
[INFO] [1789492775.726611559] [robot_0.robot_supervisor]: Triggered uncontrollable event: EV_red_not_visible
[INFO] [1789492775.726862163] [robot_0.robot_supervisor]: Triggered uncontrollable event: EV_blue_not_visible
[INFO] [1789492775.727174225] [robot_0.robot_supervisor]: Selected controllable event: EV_search_color
[INFO] [1789492775.927091044] [robot_0.robot_supervisor]: Triggered uncontrollable event: EV_red_not_visible
[INFO] [1789492775.927554597] [robot_0.robot_supervisor]: Triggered uncontrollable event: EV_blue_not_visible
[INFO] [1789492775.928158752] [robot_0.robot_supervisor]: Selected controllable event: EV_move_forward
[INFO] [1789492776.227142848] [robot_0.robot_supervisor]: Triggered uncontrollable event: EV_blue_visible
[INFO] [1789492776.227423248] [robot_0.robot_supervisor]: Triggered uncontrollable event: EV_red_not_visible
[INFO] [1789492776.227758839] [robot_0.robot_supervisor]: Selected controllable event: EV_approach_color
[INFO] [1789492776.526718605] [robot_0.robot_supervisor]: Triggered uncontrollable event: EV_blue_visible
[INFO] [1789492776.527025946] [robot_0.robot_supervisor]: Triggered uncontrollable event: EV_red_not_visible
[INFO] [1789492776.527389844] [robot_0.robot_supervisor]: Selected controllable event: EV_approach_object
[INFO] [1789492776.826627155] [robot_0.robot_supervisor]: Triggered uncontrollable event: EV_blue_visible
[INFO] [1789492776.826938108] [robot_0.robot_supervisor]: Triggered uncontrollable event: EV_red_not_visible
[INFO] [1789492776.827295242] [robot_0.robot_supervisor]: Selected controllable event: EV_search_color
[INFO] [1789492777.026909049] [robot_0.robot_supervisor]: Triggered uncontrollable event: EV_blue_visible
[INFO] [1789492777.027482429] [robot_0.robot_supervisor]: Triggered uncontrollable event: EV_red_visible
[INFO] [1789492777.028079508] [robot_0.robot_supervisor]: Selected controllable event: EV_search_color
[INFO] [1789492777.226700227] [robot_0.robot_supervisor]: Triggered uncontrollable event: EV_blue_visible
[INFO] [1789492777.226998451] [robot_0.robot_supervisor]: Triggered uncontrollable event: EV_red_visible
[INFO] [1789492777.227351235] [robot_0.robot_supervisor]: Selected controllable event: EV_move_forward
[INFO] [1789492777.526548149] [robot_0.robot_supervisor]: Triggered uncontrollable event: EV_blue_visible
[INFO] [1789492777.526890718] [robot_0.robot_supervisor]: Triggered uncontrollable event: EV_red_visible
[INFO] [1789492777.527250150] [robot_0.robot_supervisor]: Selected controllable event: EV_search_color
[INFO] [1789492777.726691984] [robot_0.robot_supervisor]: Triggered uncontrollable event: EV_blue_visible
[INFO] [1789492777.726982092] [robot_0.robot_supervisor]: Triggered uncontrollable event: EV_obstacle_right
[INFO] [1789492777.727224516] [robot_0.robot_supervisor]: Triggered uncontrollable event: EV_red_reached
[INFO] [1789492777.727575651] [robot_0.robot_supervisor]: Selected controllable event: EV_u_turn
[INFO] [1789492777.727909131] [robot_0.robot_supervisor]: Starting FULL ROTATE (omega=1.000, have_odom=True, target_rad=3.142, timeout_s=3.500)
[INFO] [1789492779.326401184] [robot_0.robot_supervisor]: FULL ROTATE completed by odom (accum_rad=3.198)
[INFO] [1789492779.626972557] [robot_0.robot_supervisor]: Triggered uncontrollable event: EV_red_reached
[INFO] [1789492779.627396836] [robot_0.robot_supervisor]: Triggered uncontrollable event: EV_blue_not_visible
[INFO] [1789492779.627951126] [robot_0.robot_supervisor]: Selected controllable event: EV_search_object
[INFO] [1789492779.826897454] [robot_0.robot_supervisor]: Triggered uncontrollable event: EV_red_reached
[INFO] [1789492779.827332911] [robot_0.robot_supervisor]: Triggered uncontrollable event: EV_blue_not_visible
[INFO] [1789492779.827885058] [robot_0.robot_supervisor]: Selected controllable event: EV_approach_color
[INFO] [1789492780.126632680] [robot_0.robot_supervisor]: Triggered uncontrollable event: EV_red_reached
[INFO] [1789492780.127120967] [robot_0.robot_supervisor]: Triggered uncontrollable event: EV_blue_not_visible
[INFO] [1789492780.127605538] [robot_0.robot_supervisor]: Selected controllable event: EV_search_color
[INFO] [1789492780.326457703] [robot_0.robot_supervisor]: Triggered uncontrollable event: EV_red_not_visible
[INFO] [1789492780.326847870] [robot_0.robot_supervisor]: Triggered uncontrollable event: EV_blue_not_visible
[INFO] [1789492780.327319703] [robot_0.robot_supervisor]: Selected controllable event: EV_approach_color
[INFO] [1789492780.626830251] [robot_0.robot_supervisor]: Triggered uncontrollable event: EV_red_not_visible
[INFO] [1789492780.627277538] [robot_0.robot_supervisor]: Triggered uncontrollable event: EV_blue_not_visible
[INFO] [1789492780.627794920] [robot_0.robot_supervisor]: Selected controllable event: EV_approach_color
[INFO] [1789492780.926763906] [robot_0.robot_supervisor]: Triggered uncontrollable event: EV_red_not_visible
[INFO] [1789492780.927216700] [robot_0.robot_supervisor]: Triggered uncontrollable event: EV_blue_not_visible
[INFO] [1789492780.927769989] [robot_0.robot_supervisor]: Selected controllable event: EV_search_color
[INFO] [1789492781.126509714] [robot_0.robot_supervisor]: Selected controllable event: EV_approach_color
[INFO] [1789492781.426635429] [robot_0.robot_supervisor]: Triggered uncontrollable event: EV_red_not_visible
[INFO] [1789492781.426913092] [robot_0.robot_supervisor]: Triggered uncontrollable event: EV_blue_not_visible
[INFO] [1789492781.427254087] [robot_0.robot_supervisor]: Selected controllable event: EV_move_forward
[INFO] [1789492781.726464729] [robot_0.robot_supervisor]: Triggered uncontrollable event: EV_red_not_visible
[INFO] [1789492781.726737939] [robot_0.robot_supervisor]: Triggered uncontrollable event: EV_blue_not_visible
[INFO] [1789492781.727071967] [robot_0.robot_supervisor]: Selected controllable event: EV_approach_object
[INFO] [1789492782.026516692] [robot_0.robot_supervisor]: Triggered uncontrollable event: EV_red_not_visible
[INFO] [1789492782.026795069] [robot_0.robot_supervisor]: Triggered uncontrollable event: EV_blue_not_visible
[INFO] [1789492782.027108910] [robot_0.robot_supervisor]: Selected controllable event: EV_move_forward
[INFO] [1789492782.326604853] [robot_0.robot_supervisor]: Triggered uncontrollable event: EV_red_not_visible
[INFO] [1789492782.326884738] [robot_0.robot_supervisor]: Triggered uncontrollable event: EV_blue_not_visible
[INFO] [1789492782.327228807] [robot_0.robot_supervisor]: Selected controllable event: EV_search_object
[INFO] [1789492782.526470271] [robot_0.robot_supervisor]: Triggered uncontrollable event: EV_red_not_visible
[INFO] [1789492782.526747953] [robot_0.robot_supervisor]: Triggered uncontrollable event: EV_blue_not_visible
[INFO] [1789492782.527145977] [robot_0.robot_supervisor]: Selected controllable event: EV_approach_object
[INFO] [1789492782.826546110] [robot_0.robot_supervisor]: Triggered uncontrollable event: EV_obstacle_right
[INFO] [1789492782.826813550] [robot_0.robot_supervisor]: Triggered uncontrollable event: EV_red_not_visible
[INFO] [1789492782.827047154] [robot_0.robot_supervisor]: Triggered uncontrollable event: EV_blue_not_visible
[INFO] [1789492782.827444803] [robot_0.robot_supervisor]: Selected controllable event: EV_rotate_counterclockwise
[INFO] [1789492783.026756613] [robot_0.robot_supervisor]: Triggered uncontrollable event: EV_obstacle_right
[INFO] [1789492783.027225110] [robot_0.robot_supervisor]: Triggered uncontrollable event: EV_red_not_visible
[INFO] [1789492783.027485839] [robot_0.robot_supervisor]: Triggered uncontrollable event: EV_blue_not_visible
[INFO] [1789492783.027888285] [robot_0.robot_supervisor]: Selected controllable event: EV_u_turn
[INFO] [1789492783.028327165] [robot_0.robot_supervisor]: Starting FULL ROTATE (omega=1.000, have_odom=True, target_rad=3.142, timeout_s=3.500)
[INFO] [1789492784.626830634] [robot_0.robot_supervisor]: FULL ROTATE completed by odom (accum_rad=3.180)
[INFO] [1789492784.927098036] [robot_0.robot_supervisor]: Triggered uncontrollable event: EV_blue_visible
[INFO] [1789492784.927525994] [robot_0.robot_supervisor]: Triggered uncontrollable event: EV_red_visible
[INFO] [1789492784.928081507] [robot_0.robot_supervisor]: Selected controllable event: EV_move_forward
[INFO] [1789492785.226991444] [robot_0.robot_supervisor]: Triggered uncontrollable event: EV_red_visible
[INFO] [1789492785.227412496] [robot_0.robot_supervisor]: Triggered uncontrollable event: EV_blue_not_visible
[INFO] [1789492785.227976426] [robot_0.robot_supervisor]: Selected controllable event: EV_search_color
[INFO] [1789492785.426521620] [robot_0.robot_supervisor]: Triggered uncontrollable event: EV_red_visible
[INFO] [1789492785.426801364] [robot_0.robot_supervisor]: Triggered uncontrollable event: EV_blue_not_visible
[INFO] [1789492785.427149244] [robot_0.robot_supervisor]: Selected controllable event: EV_move_forward
[INFO] [1789492785.726899127] [robot_0.robot_supervisor]: Triggered uncontrollable event: EV_red_visible
[INFO] [1789492785.727319374] [robot_0.robot_supervisor]: Triggered uncontrollable event: EV_blue_not_visible
[INFO] [1789492785.727840116] [robot_0.robot_supervisor]: Selected controllable event: EV_move_forward
[INFO] [1789492786.026483497] [robot_0.robot_supervisor]: Triggered uncontrollable event: EV_red_not_visible
[INFO] [1789492786.026767042] [robot_0.robot_supervisor]: Triggered uncontrollable event: EV_blue_not_visible
[INFO] [1789492786.027130934] [robot_0.robot_supervisor]: Selected controllable event: EV_approach_object
[INFO] [1789492786.326421164] [robot_0.robot_supervisor]: Triggered uncontrollable event: EV_red_not_visible
[INFO] [1789492786.326664114] [robot_0.robot_supervisor]: Triggered uncontrollable event: EV_blue_not_visible
[INFO] [1789492786.326974813] [robot_0.robot_supervisor]: Selected controllable event: EV_search_color
[INFO] [1789492786.526408509] [robot_0.robot_supervisor]: Triggered uncontrollable event: EV_red_not_visible
[INFO] [1789492786.526653475] [robot_0.robot_supervisor]: Triggered uncontrollable event: EV_blue_not_visible
[INFO] [1789492786.526977968] [robot_0.robot_supervisor]: Selected controllable event: EV_approach_object
[INFO] [1789492786.826753527] [robot_0.robot_supervisor]: Triggered uncontrollable event: EV_red_not_visible
[INFO] [1789492786.827014163] [robot_0.robot_supervisor]: Triggered uncontrollable event: EV_blue_not_visible
[INFO] [1789492786.827313948] [robot_0.robot_supervisor]: Selected controllable event: EV_move_forward
[INFO] [1789492787.126883241] [robot_0.robot_supervisor]: Triggered uncontrollable event: EV_red_not_visible
[INFO] [1789492787.127317052] [robot_0.robot_supervisor]: Triggered uncontrollable event: EV_blue_not_visible
[INFO] [1789492787.127871839] [robot_0.robot_supervisor]: Selected controllable event: EV_search_color
[INFO] [1789492787.326404638] [robot_0.robot_supervisor]: Triggered uncontrollable event: EV_red_not_visible
[INFO] [1789492787.326656970] [robot_0.robot_supervisor]: Triggered uncontrollable event: EV_blue_not_visible
[INFO] [1789492787.326992061] [robot_0.robot_supervisor]: Selected controllable event: EV_search_object
[INFO] [1789492787.526878510] [robot_0.robot_supervisor]: Triggered uncontrollable event: EV_red_not_visible
[INFO] [1789492787.527308942] [robot_0.robot_supervisor]: Triggered uncontrollable event: EV_blue_not_visible
[INFO] [1789492787.527844304] [robot_0.robot_supervisor]: Selected controllable event: EV_approach_color
[INFO] [1789492787.826960060] [robot_0.robot_supervisor]: Triggered uncontrollable event: EV_red_not_visible
[INFO] [1789492787.827388947] [robot_0.robot_supervisor]: Triggered uncontrollable event: EV_blue_not_visible
[INFO] [1789492787.827958849] [robot_0.robot_supervisor]: Selected controllable event: EV_search_object
[INFO] [1789492788.026545508] [robot_0.robot_supervisor]: Triggered uncontrollable event: EV_red_not_visible
[INFO] [1789492788.027049332] [robot_0.robot_supervisor]: Triggered uncontrollable event: EV_blue_not_visible
[INFO] [1789492788.027647099] [robot_0.robot_supervisor]: Selected controllable event: EV_move_forward
[INFO] [1789492788.326575325] [robot_0.robot_supervisor]: Triggered uncontrollable event: EV_red_not_visible
[INFO] [1789492788.326879138] [robot_0.robot_supervisor]: Triggered uncontrollable event: EV_blue_not_visible
[INFO] [1789492788.327203607] [robot_0.robot_supervisor]: Selected controllable event: EV_search_color
[INFO] [1789492788.526423288] [robot_0.robot_supervisor]: Triggered uncontrollable event: EV_red_not_visible
[INFO] [1789492788.526664509] [robot_0.robot_supervisor]: Triggered uncontrollable event: EV_blue_not_visible
[INFO] [1789492788.526975737] [robot_0.robot_supervisor]: Selected controllable event: EV_approach_color
[INFO] [1789492788.826439278] [robot_0.robot_supervisor]: Triggered uncontrollable event: EV_red_not_visible
[INFO] [1789492788.826705349] [robot_0.robot_supervisor]: Triggered uncontrollable event: EV_blue_not_visible
[INFO] [1789492788.827033981] [robot_0.robot_supervisor]: Selected controllable event: EV_approach_color
[INFO] [1789492789.127017146] [robot_0.robot_supervisor]: Triggered uncontrollable event: EV_red_not_visible
[INFO] [1789492789.127451230] [robot_0.robot_supervisor]: Triggered uncontrollable event: EV_blue_not_visible
[INFO] [1789492789.127996921] [robot_0.robot_supervisor]: Selected controllable event: EV_approach_object
[INFO] [1789492789.426751393] [robot_0.robot_supervisor]: Triggered uncontrollable event: EV_obstacle_left
[INFO] [1789492789.427170611] [robot_0.robot_supervisor]: Triggered uncontrollable event: EV_red_not_visible
[INFO] [1789492789.427581595] [robot_0.robot_supervisor]: Triggered uncontrollable event: EV_blue_not_visible
[INFO] [1789492789.428168131] [robot_0.robot_supervisor]: Selected controllable event: EV_u_turn
[INFO] [1789492789.428683769] [robot_0.robot_supervisor]: Starting FULL ROTATE (omega=1.000, have_odom=True, target_rad=3.142, timeout_s=3.500)
[INFO] [1789492791.027084193] [robot_0.robot_supervisor]: FULL ROTATE completed by odom (accum_rad=3.208)
[INFO] [1789492791.326694817] [robot_0.robot_supervisor]: Triggered uncontrollable event: EV_blue_visible
[INFO] [1789492791.327020711] [robot_0.robot_supervisor]: Triggered uncontrollable event: EV_red_visible
[INFO] [1789492791.327410492] [robot_0.robot_supervisor]: Selected controllable event: EV_search_object
[INFO] [1789492791.527081975] [robot_0.robot_supervisor]: Triggered uncontrollable event: EV_blue_visible
[INFO] [1789492791.527373841] [robot_0.robot_supervisor]: Triggered uncontrollable event: EV_red_visible
[INFO] [1789492791.527720288] [robot_0.robot_supervisor]: Selected controllable event: EV_move_forward
[INFO] [1789492791.826458408] [robot_0.robot_supervisor]: Triggered uncontrollable event: EV_red_visible
[INFO] [1789492791.826722808] [robot_0.robot_supervisor]: Triggered uncontrollable event: EV_blue_not_visible
[INFO] [1789492791.827059041] [robot_0.robot_supervisor]: Selected controllable event: EV_search_object
[INFO] [1789492792.026674256] [robot_0.robot_supervisor]: Triggered uncontrollable event: EV_red_visible
[INFO] [1789492792.026964441] [robot_0.robot_supervisor]: Triggered uncontrollable event: EV_blue_not_visible
[INFO] [1789492792.027327724] [robot_0.robot_supervisor]: Selected controllable event: EV_approach_object
[INFO] [1789492792.326631242] [robot_0.robot_supervisor]: Triggered uncontrollable event: EV_red_not_visible
[INFO] [1789492792.327114633] [robot_0.robot_supervisor]: Triggered uncontrollable event: EV_blue_not_visible
[INFO] [1789492792.327535609] [robot_0.robot_supervisor]: Selected controllable event: EV_search_color
[INFO] [1789492792.526491435] [robot_0.robot_supervisor]: Triggered uncontrollable event: EV_red_not_visible
[INFO] [1789492792.526769902] [robot_0.robot_supervisor]: Triggered uncontrollable event: EV_blue_not_visible
[INFO] [1789492792.527140795] [robot_0.robot_supervisor]: Selected controllable event: EV_approach_object
[INFO] [1789492792.826461673] [robot_0.robot_supervisor]: Triggered uncontrollable event: EV_red_not_visible
[INFO] [1789492792.826729889] [robot_0.robot_supervisor]: Triggered uncontrollable event: EV_blue_not_visible
[INFO] [1789492792.827065895] [robot_0.robot_supervisor]: Selected controllable event: EV_search_color
[INFO] [1789492793.026903177] [robot_0.robot_supervisor]: Triggered uncontrollable event: EV_red_not_visible
[INFO] [1789492793.027325081] [robot_0.robot_supervisor]: Triggered uncontrollable event: EV_blue_not_visible
[INFO] [1789492793.027935378] [robot_0.robot_supervisor]: Selected controllable event: EV_search_object
[INFO] [1789492793.226881557] [robot_0.robot_supervisor]: Triggered uncontrollable event: EV_red_not_visible
[INFO] [1789492793.227292260] [robot_0.robot_supervisor]: Triggered uncontrollable event: EV_blue_not_visible
[INFO] [1789492793.227821269] [robot_0.robot_supervisor]: Selected controllable event: EV_approach_color
[INFO] [1789492793.526756019] [robot_0.robot_supervisor]: Triggered uncontrollable event: EV_red_not_visible
[INFO] [1789492793.527195320] [robot_0.robot_supervisor]: Triggered uncontrollable event: EV_blue_not_visible
[INFO] [1789492793.527717770] [robot_0.robot_supervisor]: Selected controllable event: EV_search_object
[INFO] [1789492793.727051660] [robot_0.robot_supervisor]: Triggered uncontrollable event: EV_red_not_visible
[INFO] [1789492793.727490577] [robot_0.robot_supervisor]: Triggered uncontrollable event: EV_blue_not_visible
[INFO] [1789492793.728082046] [robot_0.robot_supervisor]: Selected controllable event: EV_approach_color
[INFO] [1789492794.026812087] [robot_0.robot_supervisor]: Triggered uncontrollable event: EV_red_not_visible
[INFO] [1789492794.027245414] [robot_0.robot_supervisor]: Triggered uncontrollable event: EV_blue_not_visible
[INFO] [1789492794.027822240] [robot_0.robot_supervisor]: Selected controllable event: EV_move_forward
[INFO] [1789492794.327028419] [robot_0.robot_supervisor]: Triggered uncontrollable event: EV_red_not_visible
[INFO] [1789492794.327501346] [robot_0.robot_supervisor]: Triggered uncontrollable event: EV_blue_not_visible
[INFO] [1789492794.328127872] [robot_0.robot_supervisor]: Selected controllable event: EV_search_object
[INFO] [1789492794.526594157] [robot_0.robot_supervisor]: Triggered uncontrollable event: EV_red_not_visible
[INFO] [1789492794.526898905] [robot_0.robot_supervisor]: Triggered uncontrollable event: EV_blue_not_visible
[INFO] [1789492794.527274082] [robot_0.robot_supervisor]: Selected controllable event: EV_approach_object
[INFO] [1789492794.826941095] [robot_0.robot_supervisor]: Triggered uncontrollable event: EV_red_not_visible
[INFO] [1789492794.827372974] [robot_0.robot_supervisor]: Triggered uncontrollable event: EV_blue_not_visible
[INFO] [1789492794.827926818] [robot_0.robot_supervisor]: Selected controllable event: EV_search_color
[INFO] [1789492795.026459932] [robot_0.robot_supervisor]: Triggered uncontrollable event: EV_red_not_visible
[INFO] [1789492795.026732914] [robot_0.robot_supervisor]: Triggered uncontrollable event: EV_blue_not_visible
[INFO] [1789492795.027080427] [robot_0.robot_supervisor]: Selected controllable event: EV_approach_color
[INFO] [1789492795.326720448] [robot_0.robot_supervisor]: Triggered uncontrollable event: EV_red_not_visible
[INFO] [1789492795.327009345] [robot_0.robot_supervisor]: Triggered uncontrollable event: EV_blue_not_visible
[INFO] [1789492795.327418764] [robot_0.robot_supervisor]: Selected controllable event: EV_search_object
[INFO] [1789492795.526501509] [robot_0.robot_supervisor]: Triggered uncontrollable event: EV_red_not_visible
[INFO] [1789492795.526766740] [robot_0.robot_supervisor]: Triggered uncontrollable event: EV_blue_not_visible
[INFO] [1789492795.527108974] [robot_0.robot_supervisor]: Selected controllable event: EV_search_color
[INFO] [1789492795.726944993] [robot_0.robot_supervisor]: Triggered uncontrollable event: EV_red_not_visible
[INFO] [1789492795.727233952] [robot_0.robot_supervisor]: Triggered uncontrollable event: EV_blue_not_visible
[INFO] [1789492795.727547973] [robot_0.robot_supervisor]: Selected controllable event: EV_search_color
[INFO] [1789492795.926489886] [robot_0.robot_supervisor]: Triggered uncontrollable event: EV_red_not_visible
[INFO] [1789492795.926764828] [robot_0.robot_supervisor]: Triggered uncontrollable event: EV_blue_not_visible
[INFO] [1789492795.927131513] [robot_0.robot_supervisor]: Selected controllable event: EV_search_object
[INFO] [1789492796.127042530] [robot_0.robot_supervisor]: Selected controllable event: EV_approach_object
[INFO] [1789492796.426630121] [robot_0.robot_supervisor]: Triggered uncontrollable event: EV_blue_visible
[INFO] [1789492796.427048312] [robot_0.robot_supervisor]: Triggered uncontrollable event: EV_red_not_visible
[INFO] [1789492796.427342191] [robot_0.robot_supervisor]: Triggered uncontrollable event: EV_blue_not_visible
[INFO] [1789492796.427738556] [robot_0.robot_supervisor]: Selected controllable event: EV_approach_object
[INFO] [1789492796.726694170] [robot_0.robot_supervisor]: Triggered uncontrollable event: EV_blue_visible
[INFO] [1789492796.727020392] [robot_0.robot_supervisor]: Triggered uncontrollable event: EV_red_visible
[INFO] [1789492796.727357288] [robot_0.robot_supervisor]: Selected controllable event: EV_search_object
[INFO] [1789492796.926596794] [robot_0.robot_supervisor]: Triggered uncontrollable event: EV_blue_visible
[INFO] [1789492796.926878735] [robot_0.robot_supervisor]: Triggered uncontrollable event: EV_red_visible
[INFO] [1789492796.927219186] [robot_0.robot_supervisor]: Selected controllable event: EV_approach_object
[INFO] [1789492797.226620870] [robot_0.robot_supervisor]: Triggered uncontrollable event: EV_blue_visible
[INFO] [1789492797.226920269] [robot_0.robot_supervisor]: Triggered uncontrollable event: EV_red_visible
[INFO] [1789492797.227271642] [robot_0.robot_supervisor]: Selected controllable event: EV_search_object
[INFO] [1789492797.426731615] [robot_0.robot_supervisor]: Triggered uncontrollable event: EV_blue_visible
[INFO] [1789492797.427007165] [robot_0.robot_supervisor]: Triggered uncontrollable event: EV_red_visible
[INFO] [1789492797.427336241] [robot_0.robot_supervisor]: Selected controllable event: EV_approach_object
[INFO] [1789492797.726934976] [robot_0.robot_supervisor]: Triggered uncontrollable event: EV_blue_visible
[INFO] [1789492797.727221601] [robot_0.robot_supervisor]: Triggered uncontrollable event: EV_red_visible
[INFO] [1789492797.727580606] [robot_0.robot_supervisor]: Selected controllable event: EV_search_color
[INFO] [1789492797.926796863] [robot_0.robot_supervisor]: Triggered uncontrollable event: EV_blue_visible
[INFO] [1789492797.927092953] [robot_0.robot_supervisor]: Triggered uncontrollable event: EV_red_visible
[INFO] [1789492797.927461432] [robot_0.robot_supervisor]: Selected controllable event: EV_approach_color
[INFO] [1789492798.226748234] [robot_0.robot_supervisor]: Triggered uncontrollable event: EV_blue_visible
[INFO] [1789492798.227068873] [robot_0.robot_supervisor]: Triggered uncontrollable event: EV_red_visible
[INFO] [1789492798.227470791] [robot_0.robot_supervisor]: Selected controllable event: EV_approach_object
[INFO] [1789492798.527202062] [robot_0.robot_supervisor]: Triggered uncontrollable event: EV_blue_visible
[INFO] [1789492798.527526388] [robot_0.robot_supervisor]: Triggered uncontrollable event: EV_red_visible
[INFO] [1789492798.527914878] [robot_0.robot_supervisor]: Selected controllable event: EV_approach_object
[INFO] [1789492798.826701135] [robot_0.robot_supervisor]: Triggered uncontrollable event: EV_blue_visible
[INFO] [1789492798.826992099] [robot_0.robot_supervisor]: Triggered uncontrollable event: EV_red_visible
[INFO] [1789492798.827351067] [robot_0.robot_supervisor]: Selected controllable event: EV_move_forward
[INFO] [1789492799.127034861] [robot_0.robot_supervisor]: Triggered uncontrollable event: EV_blue_visible
[INFO] [1789492799.127476504] [robot_0.robot_supervisor]: Triggered uncontrollable event: EV_red_visible
[INFO] [1789492799.128038323] [robot_0.robot_supervisor]: Selected controllable event: EV_approach_object
[INFO] [1789492799.427065980] [robot_0.robot_supervisor]: Triggered uncontrollable event: EV_obstacle_left
[INFO] [1789492799.427491537] [robot_0.robot_supervisor]: Triggered uncontrollable event: EV_blue_visible
[INFO] [1789492799.427862472] [robot_0.robot_supervisor]: Triggered uncontrollable event: EV_red_visible
[INFO] [1789492799.428424960] [robot_0.robot_supervisor]: Selected controllable event: EV_rotate_clockwise
[INFO] [1789492799.626908755] [robot_0.robot_supervisor]: Triggered uncontrollable event: EV_obstacle_left
[INFO] [1789492799.627478707] [robot_0.robot_supervisor]: Selected controllable event: EV_u_turn
[INFO] [1789492799.627936744] [robot_0.robot_supervisor]: Starting FULL ROTATE (omega=1.000, have_odom=True, target_rad=3.142, timeout_s=3.500)
[INFO] [1789492801.426500381] [robot_0.robot_supervisor]: FULL ROTATE completed by odom (accum_rad=3.262)
[INFO] [1789492801.626697980] [robot_0.robot_supervisor]: Triggered uncontrollable event: EV_blue_visible
[INFO] [1789492801.626987065] [robot_0.robot_supervisor]: Triggered uncontrollable event: EV_red_visible
[INFO] [1789492801.627324463] [robot_0.robot_supervisor]: Selected controllable event: EV_approach_color
[INFO] [1789492801.926919549] [robot_0.robot_supervisor]: Triggered uncontrollable event: EV_red_visible
[INFO] [1789492801.927180001] [robot_0.robot_supervisor]: Triggered uncontrollable event: EV_blue_not_visible
[INFO] [1789492801.927500957] [robot_0.robot_supervisor]: Selected controllable event: EV_search_color
[INFO] [1789492802.127175828] [robot_0.robot_supervisor]: Selected controllable event: EV_approach_object
[INFO] [1789492802.426723895] [robot_0.robot_supervisor]: Triggered uncontrollable event: EV_red_not_visible
[INFO] [1789492802.427267065] [robot_0.robot_supervisor]: Triggered uncontrollable event: EV_blue_not_visible
[INFO] [1789492802.427884023] [robot_0.robot_supervisor]: Selected controllable event: EV_search_color
[INFO] [1789492802.627230846] [robot_0.robot_supervisor]: Selected controllable event: EV_move_forward
[INFO] [1789492802.926389394] [robot_0.robot_supervisor]: Triggered uncontrollable event: EV_red_not_visible
[INFO] [1789492802.926709040] [robot_0.robot_supervisor]: Triggered uncontrollable event: EV_blue_not_visible
[INFO] [1789492802.927062393] [robot_0.robot_supervisor]: Selected controllable event: EV_search_color
[INFO] [1789492803.126543674] [robot_0.robot_supervisor]: Selected controllable event: EV_approach_object
[INFO] [1789492803.426588753] [robot_0.robot_supervisor]: Triggered uncontrollable event: EV_red_not_visible
[INFO] [1789492803.426882646] [robot_0.robot_supervisor]: Triggered uncontrollable event: EV_blue_not_visible
[INFO] [1789492803.427232786] [robot_0.robot_supervisor]: Selected controllable event: EV_approach_object
[INFO] [1789492803.726511570] [robot_0.robot_supervisor]: Triggered uncontrollable event: EV_red_not_visible
[INFO] [1789492803.726778488] [robot_0.robot_supervisor]: Triggered uncontrollable event: EV_blue_not_visible
[INFO] [1789492803.727128050] [robot_0.robot_supervisor]: Selected controllable event: EV_approach_color
[INFO] [1789492804.026431076] [robot_0.robot_supervisor]: Triggered uncontrollable event: EV_red_not_visible
[INFO] [1789492804.026677616] [robot_0.robot_supervisor]: Triggered uncontrollable event: EV_blue_not_visible
[INFO] [1789492804.027001940] [robot_0.robot_supervisor]: Selected controllable event: EV_approach_color
[INFO] [1789492804.327051774] [robot_0.robot_supervisor]: Triggered uncontrollable event: EV_red_not_visible
[INFO] [1789492804.327506869] [robot_0.robot_supervisor]: Triggered uncontrollable event: EV_blue_not_visible
[INFO] [1789492804.328085583] [robot_0.robot_supervisor]: Selected controllable event: EV_approach_object
[INFO] [1789492804.626477073] [robot_0.robot_supervisor]: Triggered uncontrollable event: EV_red_not_visible
[INFO] [1789492804.626778106] [robot_0.robot_supervisor]: Triggered uncontrollable event: EV_blue_not_visible
[INFO] [1789492804.627138023] [robot_0.robot_supervisor]: Selected controllable event: EV_search_object
[INFO] [1789492804.826453728] [robot_0.robot_supervisor]: Triggered uncontrollable event: EV_red_not_visible
[INFO] [1789492804.826833592] [robot_0.robot_supervisor]: Triggered uncontrollable event: EV_blue_not_visible
[INFO] [1789492804.827342555] [robot_0.robot_supervisor]: Selected controllable event: EV_move_forward
[INFO] [1789492805.126484660] [robot_0.robot_supervisor]: Triggered uncontrollable event: EV_red_not_visible
[INFO] [1789492805.126754516] [robot_0.robot_supervisor]: Triggered uncontrollable event: EV_blue_not_visible
[INFO] [1789492805.127107204] [robot_0.robot_supervisor]: Selected controllable event: EV_approach_color
[INFO] [1789492805.427165089] [robot_0.robot_supervisor]: Triggered uncontrollable event: EV_obstacle_right
[INFO] [1789492805.427588075] [robot_0.robot_supervisor]: Triggered uncontrollable event: EV_red_not_visible
[INFO] [1789492805.427985973] [robot_0.robot_supervisor]: Triggered uncontrollable event: EV_blue_not_visible
[INFO] [1789492805.428582063] [robot_0.robot_supervisor]: Selected controllable event: EV_u_turn
[INFO] [1789492805.429116575] [robot_0.robot_supervisor]: Starting FULL ROTATE (omega=1.000, have_odom=True, target_rad=3.142, timeout_s=3.500)
[INFO] [1789492807.227601712] [robot_0.robot_supervisor]: FULL ROTATE completed by odom (accum_rad=3.328)
[INFO] [1789492807.526500740] [robot_0.robot_supervisor]: Triggered uncontrollable event: EV_red_not_visible
[INFO] [1789492807.526761293] [robot_0.robot_supervisor]: Triggered uncontrollable event: EV_blue_not_visible
[INFO] [1789492807.527082626] [robot_0.robot_supervisor]: Selected controllable event: EV_move_forward
[INFO] [1789492807.826512884] [robot_0.robot_supervisor]: Triggered uncontrollable event: EV_blue_visible
[INFO] [1789492807.826820449] [robot_0.robot_supervisor]: Triggered uncontrollable event: EV_red_not_visible
[INFO] [1789492807.827166822] [robot_0.robot_supervisor]: Selected controllable event: EV_search_color
[INFO] [1789492808.027804876] [robot_0.robot_supervisor]: Triggered uncontrollable event: EV_blue_visible
[INFO] [1789492808.028427361] [robot_0.robot_supervisor]: Triggered uncontrollable event: EV_red_not_visible
[INFO] [1789492808.029252892] [robot_0.robot_supervisor]: Selected controllable event: EV_approach_object
[INFO] [1789492808.326662001] [robot_0.robot_supervisor]: Triggered uncontrollable event: EV_blue_visible
[INFO] [1789492808.326983322] [robot_0.robot_supervisor]: Triggered uncontrollable event: EV_red_not_visible
[INFO] [1789492808.327357599] [robot_0.robot_supervisor]: Selected controllable event: EV_search_object
[INFO] [1789492808.526583191] [robot_0.robot_supervisor]: Triggered uncontrollable event: EV_blue_visible
[INFO] [1789492808.526844254] [robot_0.robot_supervisor]: Triggered uncontrollable event: EV_red_not_visible
[INFO] [1789492808.527189948] [robot_0.robot_supervisor]: Selected controllable event: EV_search_color
[INFO] [1789492808.727001223] [robot_0.robot_supervisor]: Triggered uncontrollable event: EV_blue_visible
[INFO] [1789492808.727441489] [robot_0.robot_supervisor]: Triggered uncontrollable event: EV_red_visible
[INFO] [1789492808.728001303] [robot_0.robot_supervisor]: Selected controllable event: EV_move_forward
[INFO] [1789492809.026968727] [robot_0.robot_supervisor]: Triggered uncontrollable event: EV_blue_visible
[INFO] [1789492809.027378530] [robot_0.robot_supervisor]: Triggered uncontrollable event: EV_red_visible
[INFO] [1789492809.027911394] [robot_0.robot_supervisor]: Selected controllable event: EV_search_color
[INFO] [1789492809.226557851] [robot_0.robot_supervisor]: Triggered uncontrollable event: EV_blue_visible
[INFO] [1789492809.226828384] [robot_0.robot_supervisor]: Triggered uncontrollable event: EV_red_visible
[INFO] [1789492809.227158451] [robot_0.robot_supervisor]: Selected controllable event: EV_search_object
[INFO] [1789492809.334589031] [robot_0.robot_supervisor]: RECEIVED zone_b; balance=equal
[INFO] [1789492809.427042499] [robot_0.robot_supervisor]: Triggered uncontrollable event: EV_blue_visible
[INFO] [1789492809.427470346] [robot_0.robot_supervisor]: Triggered uncontrollable event: EV_red_visible
[INFO] [1789492809.427841312] [robot_0.robot_supervisor]: Triggered uncontrollable event: EV_recieve_drop_zone_blue
[INFO] [1789492809.428396143] [robot_0.robot_supervisor]: Selected controllable event: EV_search_object
[INFO] [1789492809.626763487] [robot_0.robot_supervisor]: Selected controllable event: EV_move_forward
[INFO] [1789492809.926604980] [robot_0.robot_supervisor]: Triggered uncontrollable event: EV_obstacle_left
[INFO] [1789492809.926888413] [robot_0.robot_supervisor]: Triggered uncontrollable event: EV_blue_visible
[INFO] [1789492809.927107070] [robot_0.robot_supervisor]: Triggered uncontrollable event: EV_red_visible
[INFO] [1789492809.927440384] [robot_0.robot_supervisor]: Selected controllable event: EV_rotate_clockwise
[INFO] [1789492810.126553401] [robot_0.robot_supervisor]: Triggered uncontrollable event: EV_obstacle_left
[INFO] [1789492810.126929421] [robot_0.robot_supervisor]: Selected controllable event: EV_rotate_clockwise
[INFO] [1789492810.327145054] [robot_0.robot_supervisor]: Triggered uncontrollable event: EV_obstacle_left
[INFO] [1789492810.327615928] [robot_0.robot_supervisor]: Triggered uncontrollable event: EV_blue_visible
[INFO] [1789492810.328031729] [robot_0.robot_supervisor]: Triggered uncontrollable event: EV_red_visible
[INFO] [1789492810.328635753] [robot_0.robot_supervisor]: Selected controllable event: EV_rotate_clockwise
[INFO] [1789492810.527189610] [robot_0.robot_supervisor]: Triggered uncontrollable event: EV_obstacle_left
[INFO] [1789492810.527643138] [robot_0.robot_supervisor]: Triggered uncontrollable event: EV_red_visible
[INFO] [1789492810.528041275] [robot_0.robot_supervisor]: Triggered uncontrollable event: EV_blue_not_visible
[INFO] [1789492810.528677140] [robot_0.robot_supervisor]: Selected controllable event: EV_u_turn
[INFO] [1789492810.529241079] [robot_0.robot_supervisor]: Starting FULL ROTATE (omega=1.000, have_odom=True, target_rad=3.142, timeout_s=3.500)
[INFO] [1789492812.326720836] [robot_0.robot_supervisor]: FULL ROTATE completed by odom (accum_rad=3.262)
[INFO] [1789492812.527134787] [robot_0.robot_supervisor]: Triggered uncontrollable event: EV_red_not_visible
[INFO] [1789492812.527596494] [robot_0.robot_supervisor]: Triggered uncontrollable event: EV_blue_not_visible
[INFO] [1789492812.528148492] [robot_0.robot_supervisor]: Selected controllable event: EV_approach_color
[INFO] [1789492812.827064523] [robot_0.robot_supervisor]: Triggered uncontrollable event: EV_red_not_visible
[INFO] [1789492812.827477328] [robot_0.robot_supervisor]: Triggered uncontrollable event: EV_blue_not_visible
[INFO] [1789492812.828049906] [robot_0.robot_supervisor]: Selected controllable event: EV_search_color
[INFO] [1789492813.026688177] [robot_0.robot_supervisor]: Triggered uncontrollable event: EV_red_not_visible
[INFO] [1789492813.027049478] [robot_0.robot_supervisor]: Triggered uncontrollable event: EV_blue_not_visible
[INFO] [1789492813.027395168] [robot_0.robot_supervisor]: Selected controllable event: EV_approach_object
[INFO] [1789492813.327097497] [robot_0.robot_supervisor]: Triggered uncontrollable event: EV_red_not_visible
[INFO] [1789492813.327505002] [robot_0.robot_supervisor]: Triggered uncontrollable event: EV_blue_not_visible
[INFO] [1789492813.328045329] [robot_0.robot_supervisor]: Selected controllable event: EV_approach_object
[INFO] [1789492813.626648361] [robot_0.robot_supervisor]: Triggered uncontrollable event: EV_red_not_visible
[INFO] [1789492813.626976383] [robot_0.robot_supervisor]: Triggered uncontrollable event: EV_blue_not_visible
[INFO] [1789492813.627368809] [robot_0.robot_supervisor]: Selected controllable event: EV_move_forward
[INFO] [1789492813.927234093] [robot_0.robot_supervisor]: Triggered uncontrollable event: EV_red_not_visible
[INFO] [1789492813.927673898] [robot_0.robot_supervisor]: Triggered uncontrollable event: EV_blue_not_visible
[INFO] [1789492813.928246091] [robot_0.robot_supervisor]: Selected controllable event: EV_search_color
[INFO] [1789492814.127518950] [robot_0.robot_supervisor]: Selected controllable event: EV_search_color
[INFO] [1789492814.327166857] [robot_0.robot_supervisor]: Triggered uncontrollable event: EV_red_not_visible
[INFO] [1789492814.327453645] [robot_0.robot_supervisor]: Triggered uncontrollable event: EV_blue_not_visible
[INFO] [1789492814.327816144] [robot_0.robot_supervisor]: Selected controllable event: EV_search_object
[INFO] [1789492814.526726920] [robot_0.robot_supervisor]: Triggered uncontrollable event: EV_red_not_visible
[INFO] [1789492814.527145845] [robot_0.robot_supervisor]: Triggered uncontrollable event: EV_blue_not_visible
[INFO] [1789492814.527680925] [robot_0.robot_supervisor]: Selected controllable event: EV_search_color
[INFO] [1789492814.726733867] [robot_0.robot_supervisor]: Triggered uncontrollable event: EV_red_not_visible
[INFO] [1789492814.727029930] [robot_0.robot_supervisor]: Triggered uncontrollable event: EV_blue_not_visible
[INFO] [1789492814.727372172] [robot_0.robot_supervisor]: Selected controllable event: EV_approach_object
[INFO] [1789492815.027114137] [robot_0.robot_supervisor]: Triggered uncontrollable event: EV_red_not_visible
[INFO] [1789492815.027536218] [robot_0.robot_supervisor]: Triggered uncontrollable event: EV_blue_not_visible
[INFO] [1789492815.028143845] [robot_0.robot_supervisor]: Selected controllable event: EV_approach_color
[INFO] [1789492815.326573306] [robot_0.robot_supervisor]: Triggered uncontrollable event: EV_red_not_visible
[INFO] [1789492815.326928367] [robot_0.robot_supervisor]: Triggered uncontrollable event: EV_blue_not_visible
[INFO] [1789492815.327399689] [robot_0.robot_supervisor]: Selected controllable event: EV_approach_object
[INFO] [1789492815.626913005] [robot_0.robot_supervisor]: Triggered uncontrollable event: EV_red_not_visible
[INFO] [1789492815.627254586] [robot_0.robot_supervisor]: Triggered uncontrollable event: EV_blue_not_visible
[INFO] [1789492815.627590764] [robot_0.robot_supervisor]: Selected controllable event: EV_search_color
[INFO] [1789492815.826746746] [robot_0.robot_supervisor]: Triggered uncontrollable event: EV_red_not_visible
[INFO] [1789492815.827220421] [robot_0.robot_supervisor]: Triggered uncontrollable event: EV_blue_not_visible
[INFO] [1789492815.827626653] [robot_0.robot_supervisor]: Selected controllable event: EV_approach_object
[INFO] [1789492816.126598444] [robot_0.robot_supervisor]: Triggered uncontrollable event: EV_red_not_visible
[INFO] [1789492816.126867339] [robot_0.robot_supervisor]: Triggered uncontrollable event: EV_blue_not_visible
[INFO] [1789492816.127191490] [robot_0.robot_supervisor]: Selected controllable event: EV_move_forward
[INFO] [1789492816.426827519] [robot_0.robot_supervisor]: Triggered uncontrollable event: EV_red_not_visible
[INFO] [1789492816.427111369] [robot_0.robot_supervisor]: Triggered uncontrollable event: EV_blue_not_visible
[INFO] [1789492816.427459036] [robot_0.robot_supervisor]: Selected controllable event: EV_approach_object
[INFO] [1789492816.726886211] [robot_0.robot_supervisor]: Triggered uncontrollable event: EV_red_not_visible
[INFO] [1789492816.727153253] [robot_0.robot_supervisor]: Triggered uncontrollable event: EV_blue_not_visible
[INFO] [1789492816.727493122] [robot_0.robot_supervisor]: Selected controllable event: EV_approach_color
[INFO] [1789492817.027123720] [robot_0.robot_supervisor]: Triggered uncontrollable event: EV_red_not_visible
[INFO] [1789492817.027547863] [robot_0.robot_supervisor]: Triggered uncontrollable event: EV_blue_not_visible
[INFO] [1789492817.028101620] [robot_0.robot_supervisor]: Selected controllable event: EV_search_color
[INFO] [1789492817.227129081] [robot_0.robot_supervisor]: Triggered uncontrollable event: EV_red_not_visible
[INFO] [1789492817.227543494] [robot_0.robot_supervisor]: Triggered uncontrollable event: EV_blue_not_visible
[INFO] [1789492817.228150693] [robot_0.robot_supervisor]: Selected controllable event: EV_search_object
[INFO] [1789492817.427176342] [robot_0.robot_supervisor]: Triggered uncontrollable event: EV_red_not_visible
[INFO] [1789492817.427595470] [robot_0.robot_supervisor]: Triggered uncontrollable event: EV_blue_not_visible
[INFO] [1789492817.428180616] [robot_0.robot_supervisor]: Selected controllable event: EV_search_color
[INFO] [1789492817.626763563] [robot_0.robot_supervisor]: Selected controllable event: EV_search_color
[INFO] [1789492817.826703366] [robot_0.robot_supervisor]: Triggered uncontrollable event: EV_red_not_visible
[INFO] [1789492817.826996442] [robot_0.robot_supervisor]: Triggered uncontrollable event: EV_blue_not_visible
[INFO] [1789492817.827351749] [robot_0.robot_supervisor]: Selected controllable event: EV_search_color
[INFO] [1789492818.027311588] [robot_0.robot_supervisor]: Triggered uncontrollable event: EV_red_not_visible
[INFO] [1789492818.027756275] [robot_0.robot_supervisor]: Triggered uncontrollable event: EV_blue_not_visible
[INFO] [1789492818.028408518] [robot_0.robot_supervisor]: Selected controllable event: EV_search_color
[INFO] [1789492818.226833753] [robot_0.robot_supervisor]: Triggered uncontrollable event: EV_red_not_visible
[INFO] [1789492818.227296523] [robot_0.robot_supervisor]: Triggered uncontrollable event: EV_blue_not_visible
[INFO] [1789492818.227900391] [robot_0.robot_supervisor]: Selected controllable event: EV_approach_object
[INFO] [1789492818.526898717] [robot_0.robot_supervisor]: Triggered uncontrollable event: EV_red_not_visible
[INFO] [1789492818.527201250] [robot_0.robot_supervisor]: Triggered uncontrollable event: EV_blue_not_visible
[INFO] [1789492818.527571522] [robot_0.robot_supervisor]: Selected controllable event: EV_search_object
[INFO] [1789492818.727214017] [robot_0.robot_supervisor]: Triggered uncontrollable event: EV_blue_visible
[INFO] [1789492818.727665940] [robot_0.robot_supervisor]: Triggered uncontrollable event: EV_red_not_visible
[INFO] [1789492818.728315653] [robot_0.robot_supervisor]: Selected controllable event: EV_search_color
[INFO] [1789492818.926666547] [robot_0.robot_supervisor]: Triggered uncontrollable event: EV_blue_visible
[INFO] [1789492818.926942986] [robot_0.robot_supervisor]: Triggered uncontrollable event: EV_red_visible
[INFO] [1789492818.927285009] [robot_0.robot_supervisor]: Selected controllable event: EV_move_forward
[INFO] [1789492819.226605372] [robot_0.robot_supervisor]: Triggered uncontrollable event: EV_blue_visible
[INFO] [1789492819.226938321] [robot_0.robot_supervisor]: Triggered uncontrollable event: EV_red_visible
[INFO] [1789492819.227295775] [robot_0.robot_supervisor]: Selected controllable event: EV_search_object
[INFO] [1789492819.427069310] [robot_0.robot_supervisor]: Triggered uncontrollable event: EV_blue_visible
[INFO] [1789492819.427362149] [robot_0.robot_supervisor]: Triggered uncontrollable event: EV_red_visible
[INFO] [1789492819.427702622] [robot_0.robot_supervisor]: Selected controllable event: EV_approach_object
[INFO] [1789492819.726588689] [robot_0.robot_supervisor]: Triggered uncontrollable event: EV_blue_visible
[INFO] [1789492819.726870127] [robot_0.robot_supervisor]: Triggered uncontrollable event: EV_red_visible
[INFO] [1789492819.727236584] [robot_0.robot_supervisor]: Selected controllable event: EV_approach_color
[INFO] [1789492820.026495794] [robot_0.robot_supervisor]: Triggered uncontrollable event: EV_blue_visible
[INFO] [1789492820.026738197] [robot_0.robot_supervisor]: Triggered uncontrollable event: EV_red_visible
[INFO] [1789492820.027056861] [robot_0.robot_supervisor]: Selected controllable event: EV_search_color
[INFO] [1789492820.226632253] [robot_0.robot_supervisor]: Triggered uncontrollable event: EV_blue_visible
[INFO] [1789492820.226914994] [robot_0.robot_supervisor]: Triggered uncontrollable event: EV_red_visible
[INFO] [1789492820.227253718] [robot_0.robot_supervisor]: Selected controllable event: EV_search_color
[INFO] [1789492820.427040061] [robot_0.robot_supervisor]: Triggered uncontrollable event: EV_blue_visible
[INFO] [1789492820.427480741] [robot_0.robot_supervisor]: Triggered uncontrollable event: EV_red_visible
[INFO] [1789492820.428149625] [robot_0.robot_supervisor]: Selected controllable event: EV_approach_color
[INFO] [1789492820.726623633] [robot_0.robot_supervisor]: Triggered uncontrollable event: EV_blue_visible
[INFO] [1789492820.726902500] [robot_0.robot_supervisor]: Triggered uncontrollable event: EV_red_visible
[INFO] [1789492820.727239643] [robot_0.robot_supervisor]: Selected controllable event: EV_approach_color
[INFO] [1789492821.026825143] [robot_0.robot_supervisor]: Triggered uncontrollable event: EV_blue_visible
[INFO] [1789492821.027260914] [robot_0.robot_supervisor]: Triggered uncontrollable event: EV_red_visible
[INFO] [1789492821.027784727] [robot_0.robot_supervisor]: Selected controllable event: EV_search_color
[INFO] [1789492821.226981605] [robot_0.robot_supervisor]: Triggered uncontrollable event: EV_blue_visible
[INFO] [1789492821.227403296] [robot_0.robot_supervisor]: Triggered uncontrollable event: EV_red_visible
[INFO] [1789492821.227948643] [robot_0.robot_supervisor]: Selected controllable event: EV_search_object
[INFO] [1789492821.427101528] [robot_0.robot_supervisor]: Triggered uncontrollable event: EV_blue_visible
[INFO] [1789492821.427504118] [robot_0.robot_supervisor]: Triggered uncontrollable event: EV_red_visible
[INFO] [1789492821.428095461] [robot_0.robot_supervisor]: Selected controllable event: EV_approach_object
[INFO] [1789492821.726730264] [robot_0.robot_supervisor]: Triggered uncontrollable event: EV_blue_visible
[INFO] [1789492821.727031035] [robot_0.robot_supervisor]: Triggered uncontrollable event: EV_red_visible
[INFO] [1789492821.727426520] [robot_0.robot_supervisor]: Selected controllable event: EV_search_color
[INFO] [1789492821.926728787] [robot_0.robot_supervisor]: Triggered uncontrollable event: EV_blue_visible
[INFO] [1789492821.927045709] [robot_0.robot_supervisor]: Triggered uncontrollable event: EV_red_visible
[INFO] [1789492821.927425852] [robot_0.robot_supervisor]: Selected controllable event: EV_move_forward
[INFO] [1789492822.226672020] [robot_0.robot_supervisor]: Triggered uncontrollable event: EV_blue_visible
[INFO] [1789492822.226992674] [robot_0.robot_supervisor]: Triggered uncontrollable event: EV_red_visible
[INFO] [1789492822.227388376] [robot_0.robot_supervisor]: Selected controllable event: EV_search_object
[INFO] [1789492822.427250609] [robot_0.robot_supervisor]: Triggered uncontrollable event: EV_blue_visible
[INFO] [1789492822.427757403] [robot_0.robot_supervisor]: Triggered uncontrollable event: EV_red_visible
[INFO] [1789492822.428360675] [robot_0.robot_supervisor]: Selected controllable event: EV_approach_color
[INFO] [1789492822.726569250] [robot_0.robot_supervisor]: Triggered uncontrollable event: EV_red_visible
[INFO] [1789492822.726829288] [robot_0.robot_supervisor]: Triggered uncontrollable event: EV_blue_not_visible
[INFO] [1789492822.727167178] [robot_0.robot_supervisor]: Selected controllable event: EV_search_color
[INFO] [1789492822.927107978] [robot_0.robot_supervisor]: Triggered uncontrollable event: EV_red_visible
[INFO] [1789492822.927380128] [robot_0.robot_supervisor]: Triggered uncontrollable event: EV_blue_not_visible
[INFO] [1789492822.927705908] [robot_0.robot_supervisor]: Selected controllable event: EV_move_forward
[INFO] [1789492823.226830762] [robot_0.robot_supervisor]: Triggered uncontrollable event: EV_red_not_visible
[INFO] [1789492823.227112605] [robot_0.robot_supervisor]: Triggered uncontrollable event: EV_blue_not_visible
[INFO] [1789492823.227453616] [robot_0.robot_supervisor]: Selected controllable event: EV_approach_color
[INFO] [1789492823.526782048] [robot_0.robot_supervisor]: Triggered uncontrollable event: EV_red_not_visible
[INFO] [1789492823.527063216] [robot_0.robot_supervisor]: Triggered uncontrollable event: EV_blue_not_visible
[INFO] [1789492823.527404140] [robot_0.robot_supervisor]: Selected controllable event: EV_approach_object
[INFO] [1789492823.826737654] [robot_0.robot_supervisor]: Triggered uncontrollable event: EV_red_not_visible
[INFO] [1789492823.827017311] [robot_0.robot_supervisor]: Triggered uncontrollable event: EV_blue_not_visible
[INFO] [1789492823.827534421] [robot_0.robot_supervisor]: Selected controllable event: EV_search_object
[INFO] [1789492824.027097319] [robot_0.robot_supervisor]: Triggered uncontrollable event: EV_red_not_visible
[INFO] [1789492824.027523829] [robot_0.robot_supervisor]: Triggered uncontrollable event: EV_blue_not_visible
[INFO] [1789492824.028098134] [robot_0.robot_supervisor]: Selected controllable event: EV_search_color
[INFO] [1789492824.227124188] [robot_0.robot_supervisor]: Triggered uncontrollable event: EV_red_not_visible
[INFO] [1789492824.227533116] [robot_0.robot_supervisor]: Triggered uncontrollable event: EV_blue_not_visible
[INFO] [1789492824.228101105] [robot_0.robot_supervisor]: Selected controllable event: EV_search_color
[INFO] [1789492824.426714367] [robot_0.robot_supervisor]: Triggered uncontrollable event: EV_red_not_visible
[INFO] [1789492824.427008806] [robot_0.robot_supervisor]: Triggered uncontrollable event: EV_blue_not_visible
[INFO] [1789492824.427365542] [robot_0.robot_supervisor]: Selected controllable event: EV_move_forward
[INFO] [1789492824.726592612] [robot_0.robot_supervisor]: Triggered uncontrollable event: EV_red_not_visible
[INFO] [1789492824.726860178] [robot_0.robot_supervisor]: Triggered uncontrollable event: EV_blue_not_visible
[INFO] [1789492824.727182468] [robot_0.robot_supervisor]: Selected controllable event: EV_approach_color
[INFO] [1789492825.027186744] [robot_0.robot_supervisor]: Triggered uncontrollable event: EV_red_not_visible
[INFO] [1789492825.027617035] [robot_0.robot_supervisor]: Triggered uncontrollable event: EV_blue_not_visible
[INFO] [1789492825.028194870] [robot_0.robot_supervisor]: Selected controllable event: EV_move_forward
[INFO] [1789492825.326537867] [robot_0.robot_supervisor]: Triggered uncontrollable event: EV_obstacle_right
[INFO] [1789492825.326793780] [robot_0.robot_supervisor]: Triggered uncontrollable event: EV_red_not_visible
[INFO] [1789492825.327248778] [robot_0.robot_supervisor]: Triggered uncontrollable event: EV_blue_not_visible
[INFO] [1789492825.327789393] [robot_0.robot_supervisor]: Selected controllable event: EV_u_turn
[INFO] [1789492825.328249441] [robot_0.robot_supervisor]: Starting FULL ROTATE (omega=1.000, have_odom=True, target_rad=3.142, timeout_s=3.500)
[INFO] [1789492827.126837461] [robot_0.robot_supervisor]: FULL ROTATE completed by odom (accum_rad=3.328)
[INFO] [1789492827.427494250] [robot_0.robot_supervisor]: Triggered uncontrollable event: EV_blue_visible
[INFO] [1789492827.428028845] [robot_0.robot_supervisor]: Triggered uncontrollable event: EV_red_visible
[INFO] [1789492827.428655186] [robot_0.robot_supervisor]: Selected controllable event: EV_move_forward
[INFO] [1789492827.727312162] [robot_0.robot_supervisor]: Triggered uncontrollable event: EV_blue_visible
[INFO] [1789492827.727820875] [robot_0.robot_supervisor]: Triggered uncontrollable event: EV_red_visible
[INFO] [1789492827.728476029] [robot_0.robot_supervisor]: Selected controllable event: EV_approach_object
[INFO] [1789492828.026677111] [robot_0.robot_supervisor]: Triggered uncontrollable event: EV_blue_visible
[INFO] [1789492828.027140093] [robot_0.robot_supervisor]: Triggered uncontrollable event: EV_red_visible
[INFO] [1789492828.027711270] [robot_0.robot_supervisor]: Selected controllable event: EV_approach_color
[INFO] [1789492828.327157209] [robot_0.robot_supervisor]: Triggered uncontrollable event: EV_blue_visible
[INFO] [1789492828.327638522] [robot_0.robot_supervisor]: Triggered uncontrollable event: EV_red_visible
[INFO] [1789492828.328321604] [robot_0.robot_supervisor]: Selected controllable event: EV_move_forward
[INFO] [1789492828.627192109] [robot_0.robot_supervisor]: Triggered uncontrollable event: EV_blue_visible
[INFO] [1789492828.627666417] [robot_0.robot_supervisor]: Triggered uncontrollable event: EV_red_visible
[INFO] [1789492828.628102291] [robot_0.robot_supervisor]: Triggered uncontrollable event: EV_obstacle_front
[INFO] [1789492828.628700538] [robot_0.robot_supervisor]: Selected controllable event: EV_u_turn
[INFO] [1789492828.726712556] [robot_0.robot_supervisor]: Triggered uncontrollable event: EV_blue_visible
[INFO] [1789492828.727055256] [robot_0.robot_supervisor]: Triggered uncontrollable event: EV_red_visible
[INFO] [1789492828.727331377] [robot_0.robot_supervisor]: Triggered uncontrollable event: EV_obstacle_front
[INFO] [1789492828.727763294] [robot_0.robot_supervisor]: Selected controllable event: EV_rotate_counterclockwise
[INFO] [1789492828.927066885] [robot_0.robot_supervisor]: Triggered uncontrollable event: EV_blue_visible
[INFO] [1789492828.927586307] [robot_0.robot_supervisor]: Triggered uncontrollable event: EV_red_visible
[INFO] [1789492828.928057582] [robot_0.robot_supervisor]: Triggered uncontrollable event: EV_obstacle_front
[INFO] [1789492828.928709703] [robot_0.robot_supervisor]: Selected controllable event: EV_rotate_counterclockwise
[INFO] [1789492828.981289489] [robot_0.robot_supervisor]: CONTACT RECOVERY activated (source=robot_2::robot_2/base_footprint::robot_2/base_footprint_fixed_joint_lump__base_collision_collision, duration_s=1.00)
[INFO] [1789492830.027383864] [robot_0.robot_supervisor]: Triggered uncontrollable event: EV_blue_visible
[INFO] [1789492830.027979372] [robot_0.robot_supervisor]: Triggered uncontrollable event: EV_red_visible
[INFO] [1789492830.028479152] [robot_0.robot_supervisor]: Selected controllable event: EV_search_object
[INFO] [1789492830.057019671] [robot_0.robot_supervisor]: CONTACT RECOVERY activated (source=robot_2::robot_2/base_footprint::robot_2/base_footprint_fixed_joint_lump__base_collision_collision, duration_s=1.00)
[INFO] [1789492831.126771243] [robot_0.robot_supervisor]: Triggered uncontrollable event: EV_red_not_visible
[INFO] [1789492831.127082931] [robot_0.robot_supervisor]: Triggered uncontrollable event: EV_blue_not_visible
[INFO] [1789492831.127464705] [robot_0.robot_supervisor]: Selected controllable event: EV_approach_object
[INFO] [1789492831.426796760] [robot_0.robot_supervisor]: Triggered uncontrollable event: EV_obstacle_left
[INFO] [1789492831.427169638] [robot_0.robot_supervisor]: Triggered uncontrollable event: EV_blue_visible
[INFO] [1789492831.427486147] [robot_0.robot_supervisor]: Triggered uncontrollable event: EV_red_not_visible
[INFO] [1789492831.427800264] [robot_0.robot_supervisor]: Triggered uncontrollable event: EV_blue_not_visible
[INFO] [1789492831.428308245] [robot_0.robot_supervisor]: Selected controllable event: EV_rotate_clockwise
[INFO] [1789492831.626999732] [robot_0.robot_supervisor]: Triggered uncontrollable event: EV_obstacle_left
[INFO] [1789492831.627661376] [robot_0.robot_supervisor]: Selected controllable event: EV_u_turn
[INFO] [1789492831.628224401] [robot_0.robot_supervisor]: Starting FULL ROTATE (omega=1.000, have_odom=True, target_rad=3.142, timeout_s=3.500)
[INFO] [1789492833.426502919] [robot_0.robot_supervisor]: FULL ROTATE completed by odom (accum_rad=3.320)
[INFO] [1789492833.726701624] [robot_0.robot_supervisor]: Triggered uncontrollable event: EV_red_not_visible
[INFO] [1789492833.726988934] [robot_0.robot_supervisor]: Triggered uncontrollable event: EV_blue_not_visible
[INFO] [1789492833.727336339] [robot_0.robot_supervisor]: Selected controllable event: EV_search_object
[INFO] [1789492833.927124772] [robot_0.robot_supervisor]: Triggered uncontrollable event: EV_red_not_visible
[INFO] [1789492833.927593250] [robot_0.robot_supervisor]: Triggered uncontrollable event: EV_blue_not_visible
[INFO] [1789492833.928184721] [robot_0.robot_supervisor]: Selected controllable event: EV_approach_object
[INFO] [1789492834.226713644] [robot_0.robot_supervisor]: Triggered uncontrollable event: EV_red_not_visible
[INFO] [1789492834.226979295] [robot_0.robot_supervisor]: Triggered uncontrollable event: EV_blue_not_visible
[INFO] [1789492834.227313354] [robot_0.robot_supervisor]: Selected controllable event: EV_approach_object
[INFO] [1789492834.527314254] [robot_0.robot_supervisor]: Triggered uncontrollable event: EV_red_not_visible
[INFO] [1789492834.527778720] [robot_0.robot_supervisor]: Triggered uncontrollable event: EV_blue_not_visible
[INFO] [1789492834.528369880] [robot_0.robot_supervisor]: Selected controllable event: EV_approach_color
[INFO] [1789492834.826783600] [robot_0.robot_supervisor]: Triggered uncontrollable event: EV_red_not_visible
[INFO] [1789492834.827265945] [robot_0.robot_supervisor]: Triggered uncontrollable event: EV_blue_not_visible
[INFO] [1789492834.827666548] [robot_0.robot_supervisor]: Selected controllable event: EV_approach_object
[INFO] [1789492835.126639247] [robot_0.robot_supervisor]: Triggered uncontrollable event: EV_red_not_visible
[INFO] [1789492835.126918797] [robot_0.robot_supervisor]: Triggered uncontrollable event: EV_blue_not_visible
[INFO] [1789492835.127263764] [robot_0.robot_supervisor]: Selected controllable event: EV_search_color
[INFO] [1789492835.327244050] [robot_0.robot_supervisor]: Triggered uncontrollable event: EV_red_not_visible
[INFO] [1789492835.327739693] [robot_0.robot_supervisor]: Triggered uncontrollable event: EV_blue_not_visible
[INFO] [1789492835.328398491] [robot_0.robot_supervisor]: Selected controllable event: EV_search_object
[INFO] [1789492835.527334569] [robot_0.robot_supervisor]: Triggered uncontrollable event: EV_red_not_visible
[INFO] [1789492835.527669499] [robot_0.robot_supervisor]: Triggered uncontrollable event: EV_blue_not_visible
[INFO] [1789492835.528086319] [robot_0.robot_supervisor]: Selected controllable event: EV_search_object
[INFO] [1789492835.726660894] [robot_0.robot_supervisor]: Triggered uncontrollable event: EV_red_not_visible
[INFO] [1789492835.726923074] [robot_0.robot_supervisor]: Triggered uncontrollable event: EV_blue_not_visible
[INFO] [1789492835.727267452] [robot_0.robot_supervisor]: Selected controllable event: EV_search_object
[INFO] [1789492835.926671497] [robot_0.robot_supervisor]: Triggered uncontrollable event: EV_red_not_visible
[INFO] [1789492835.926950997] [robot_0.robot_supervisor]: Triggered uncontrollable event: EV_blue_not_visible
[INFO] [1789492835.927304476] [robot_0.robot_supervisor]: Selected controllable event: EV_search_color
[INFO] [1789492836.126615651] [robot_0.robot_supervisor]: Selected controllable event: EV_approach_color
[INFO] [1789492836.426798285] [robot_0.robot_supervisor]: Triggered uncontrollable event: EV_red_not_visible
[INFO] [1789492836.427099004] [robot_0.robot_supervisor]: Triggered uncontrollable event: EV_blue_not_visible
[INFO] [1789492836.427469159] [robot_0.robot_supervisor]: Selected controllable event: EV_search_object
[INFO] [1789492836.626761916] [robot_0.robot_supervisor]: Selected controllable event: EV_search_object
[INFO] [1789492836.827098270] [robot_0.robot_supervisor]: Triggered uncontrollable event: EV_red_not_visible
[INFO] [1789492836.827508719] [robot_0.robot_supervisor]: Triggered uncontrollable event: EV_blue_not_visible
[INFO] [1789492836.827899976] [robot_0.robot_supervisor]: Selected controllable event: EV_approach_object
[INFO] [1789492837.126532252] [robot_0.robot_supervisor]: Triggered uncontrollable event: EV_red_not_visible
[INFO] [1789492837.126800857] [robot_0.robot_supervisor]: Triggered uncontrollable event: EV_blue_not_visible
[INFO] [1789492837.127175176] [robot_0.robot_supervisor]: Selected controllable event: EV_search_color
[INFO] [1789492837.326625198] [robot_0.robot_supervisor]: Selected controllable event: EV_search_object
[INFO] [1789492837.526773762] [robot_0.robot_supervisor]: Triggered uncontrollable event: EV_red_not_visible
[INFO] [1789492837.527061066] [robot_0.robot_supervisor]: Triggered uncontrollable event: EV_blue_not_visible
[INFO] [1789492837.527397723] [robot_0.robot_supervisor]: Selected controllable event: EV_search_object
[INFO] [1789492837.727263308] [robot_0.robot_supervisor]: Triggered uncontrollable event: EV_red_not_visible
[INFO] [1789492837.727567656] [robot_0.robot_supervisor]: Triggered uncontrollable event: EV_blue_not_visible
[INFO] [1789492837.727989256] [robot_0.robot_supervisor]: Selected controllable event: EV_search_object
[INFO] [1789492837.926666871] [robot_0.robot_supervisor]: Triggered uncontrollable event: EV_red_not_visible
[INFO] [1789492837.926930542] [robot_0.robot_supervisor]: Triggered uncontrollable event: EV_blue_not_visible
[INFO] [1789492837.927270012] [robot_0.robot_supervisor]: Selected controllable event: EV_search_object
[INFO] [1789492838.127410687] [robot_0.robot_supervisor]: Selected controllable event: EV_search_color
[INFO] [1789492838.326676586] [robot_0.robot_supervisor]: Triggered uncontrollable event: EV_blue_visible
[INFO] [1789492838.326942654] [robot_0.robot_supervisor]: Triggered uncontrollable event: EV_red_not_visible
[INFO] [1789492838.327270384] [robot_0.robot_supervisor]: Selected controllable event: EV_search_object
[INFO] [1789492838.526673304] [robot_0.robot_supervisor]: Triggered uncontrollable event: EV_blue_visible
[INFO] [1789492838.526946153] [robot_0.robot_supervisor]: Triggered uncontrollable event: EV_red_visible
[INFO] [1789492838.527333057] [robot_0.robot_supervisor]: Selected controllable event: EV_move_forward
[INFO] [1789492838.826608327] [robot_0.robot_supervisor]: Triggered uncontrollable event: EV_blue_visible
[INFO] [1789492838.826898244] [robot_0.robot_supervisor]: Triggered uncontrollable event: EV_red_visible
[INFO] [1789492838.827251698] [robot_0.robot_supervisor]: Selected controllable event: EV_approach_color
[INFO] [1789492839.126497552] [robot_0.robot_supervisor]: Triggered uncontrollable event: EV_blue_visible
[INFO] [1789492839.127000591] [robot_0.robot_supervisor]: Triggered uncontrollable event: EV_red_visible
[INFO] [1789492839.127579811] [robot_0.robot_supervisor]: Selected controllable event: EV_search_object
[INFO] [1789492839.327063345] [robot_0.robot_supervisor]: Triggered uncontrollable event: EV_blue_visible
[INFO] [1789492839.327495112] [robot_0.robot_supervisor]: Triggered uncontrollable event: EV_red_visible
[INFO] [1789492839.328127307] [robot_0.robot_supervisor]: Selected controllable event: EV_search_color
[INFO] [1789492839.527096202] [robot_0.robot_supervisor]: Triggered uncontrollable event: EV_blue_visible
[INFO] [1789492839.527505794] [robot_0.robot_supervisor]: Triggered uncontrollable event: EV_red_visible
[INFO] [1789492839.528084465] [robot_0.robot_supervisor]: Selected controllable event: EV_approach_object
[INFO] [1789492839.827156274] [robot_0.robot_supervisor]: Triggered uncontrollable event: EV_blue_visible
[INFO] [1789492839.827677516] [robot_0.robot_supervisor]: Triggered uncontrollable event: EV_red_visible
[INFO] [1789492839.828518088] [robot_0.robot_supervisor]: Selected controllable event: EV_search_color
[INFO] [1789492840.026586626] [robot_0.robot_supervisor]: Triggered uncontrollable event: EV_blue_visible
[INFO] [1789492840.026846459] [robot_0.robot_supervisor]: Triggered uncontrollable event: EV_red_visible
[INFO] [1789492840.027176189] [robot_0.robot_supervisor]: Selected controllable event: EV_search_object
[INFO] [1789492840.226645719] [robot_0.robot_supervisor]: Triggered uncontrollable event: EV_blue_visible
[INFO] [1789492840.227008093] [robot_0.robot_supervisor]: Triggered uncontrollable event: EV_red_visible
[INFO] [1789492840.227385535] [robot_0.robot_supervisor]: Selected controllable event: EV_search_object
[INFO] [1789492840.427094872] [robot_0.robot_supervisor]: Triggered uncontrollable event: EV_blue_visible
[INFO] [1789492840.427528909] [robot_0.robot_supervisor]: Triggered uncontrollable event: EV_red_visible
[INFO] [1789492840.428131040] [robot_0.robot_supervisor]: Selected controllable event: EV_search_color
[INFO] [1789492840.626746292] [robot_0.robot_supervisor]: Selected controllable event: EV_move_forward
[INFO] [1789492840.926574231] [robot_0.robot_supervisor]: Triggered uncontrollable event: EV_red_visible
[INFO] [1789492840.926841479] [robot_0.robot_supervisor]: Triggered uncontrollable event: EV_blue_not_visible
[INFO] [1789492840.927193710] [robot_0.robot_supervisor]: Selected controllable event: EV_move_forward
[INFO] [1789492841.226653982] [robot_0.robot_supervisor]: Triggered uncontrollable event: EV_red_not_visible
[INFO] [1789492841.226929168] [robot_0.robot_supervisor]: Triggered uncontrollable event: EV_blue_not_visible
[INFO] [1789492841.227262595] [robot_0.robot_supervisor]: Selected controllable event: EV_search_color
[INFO] [1789492841.426710840] [robot_0.robot_supervisor]: Triggered uncontrollable event: EV_red_not_visible
[INFO] [1789492841.427045547] [robot_0.robot_supervisor]: Triggered uncontrollable event: EV_blue_not_visible
[INFO] [1789492841.427325345] [robot_0.robot_supervisor]: Triggered uncontrollable event: EV_obstacle_front
[INFO] [1789492841.427724614] [robot_0.robot_supervisor]: Selected controllable event: EV_rotate_counterclockwise
[INFO] [1789492841.626653425] [robot_0.robot_supervisor]: Triggered uncontrollable event: EV_obstacle_front
[INFO] [1789492841.627042589] [robot_0.robot_supervisor]: Selected controllable event: EV_rotate_clockwise
[INFO] [1789492841.826768668] [robot_0.robot_supervisor]: Triggered uncontrollable event: EV_obstacle_right
[INFO] [1789492841.827032224] [robot_0.robot_supervisor]: Triggered uncontrollable event: EV_red_not_visible
[INFO] [1789492841.827254308] [robot_0.robot_supervisor]: Triggered uncontrollable event: EV_blue_not_visible
[INFO] [1789492841.827590660] [robot_0.robot_supervisor]: Selected controllable event: EV_rotate_counterclockwise
[INFO] [1789492842.027157463] [robot_0.robot_supervisor]: Triggered uncontrollable event: EV_obstacle_right
[INFO] [1789492842.027609676] [robot_0.robot_supervisor]: Triggered uncontrollable event: EV_red_not_visible
[INFO] [1789492842.028020276] [robot_0.robot_supervisor]: Triggered uncontrollable event: EV_blue_not_visible
[INFO] [1789492842.028596023] [robot_0.robot_supervisor]: Selected controllable event: EV_rotate_counterclockwise
[INFO] [1789492842.226686631] [robot_0.robot_supervisor]: Triggered uncontrollable event: EV_obstacle_right
[INFO] [1789492842.227000255] [robot_0.robot_supervisor]: Triggered uncontrollable event: EV_red_not_visible
[INFO] [1789492842.227248410] [robot_0.robot_supervisor]: Triggered uncontrollable event: EV_blue_not_visible
[INFO] [1789492842.227613213] [robot_0.robot_supervisor]: Selected controllable event: EV_rotate_counterclockwise
[INFO] [1789492842.426814392] [robot_0.robot_supervisor]: Triggered uncontrollable event: EV_red_not_visible
[INFO] [1789492842.427134550] [robot_0.robot_supervisor]: Triggered uncontrollable event: EV_blue_not_visible
[INFO] [1789492842.427596682] [robot_0.robot_supervisor]: Selected controllable event: EV_approach_color
[INFO] [1789492842.727364332] [robot_0.robot_supervisor]: Triggered uncontrollable event: EV_red_not_visible
[INFO] [1789492842.727868447] [robot_0.robot_supervisor]: Triggered uncontrollable event: EV_blue_not_visible
[INFO] [1789492842.728512561] [robot_0.robot_supervisor]: Selected controllable event: EV_search_color
[INFO] [1789492842.926640663] [robot_0.robot_supervisor]: Triggered uncontrollable event: EV_red_not_visible
[INFO] [1789492842.926926363] [robot_0.robot_supervisor]: Triggered uncontrollable event: EV_blue_not_visible
[INFO] [1789492842.927259190] [robot_0.robot_supervisor]: Selected controllable event: EV_move_forward
[INFO] [1789492843.227293137] [robot_0.robot_supervisor]: Triggered uncontrollable event: EV_red_not_visible
[INFO] [1789492843.227796788] [robot_0.robot_supervisor]: Triggered uncontrollable event: EV_blue_not_visible
[INFO] [1789492843.228431691] [robot_0.robot_supervisor]: Selected controllable event: EV_approach_object
[INFO] [1789492843.526732581] [robot_0.robot_supervisor]: Triggered uncontrollable event: EV_red_not_visible
[INFO] [1789492843.527057737] [robot_0.robot_supervisor]: Triggered uncontrollable event: EV_blue_not_visible
[INFO] [1789492843.527534553] [robot_0.robot_supervisor]: Selected controllable event: EV_search_object
[INFO] [1789492843.726621107] [robot_0.robot_supervisor]: Triggered uncontrollable event: EV_red_not_visible
[INFO] [1789492843.726888545] [robot_0.robot_supervisor]: Triggered uncontrollable event: EV_blue_not_visible
[INFO] [1789492843.727204373] [robot_0.robot_supervisor]: Selected controllable event: EV_search_color
[INFO] [1789492843.926531714] [robot_0.robot_supervisor]: Triggered uncontrollable event: EV_red_not_visible
[INFO] [1789492843.926779141] [robot_0.robot_supervisor]: Triggered uncontrollable event: EV_blue_not_visible
[INFO] [1789492843.927095414] [robot_0.robot_supervisor]: Selected controllable event: EV_approach_color
[INFO] [1789492844.226652303] [robot_0.robot_supervisor]: Triggered uncontrollable event: EV_blue_visible
[INFO] [1789492844.226929197] [robot_0.robot_supervisor]: Triggered uncontrollable event: EV_red_not_visible
[INFO] [1789492844.227267051] [robot_0.robot_supervisor]: Selected controllable event: EV_search_object
[INFO] [1789492844.426848687] [robot_0.robot_supervisor]: Triggered uncontrollable event: EV_blue_visible
[INFO] [1789492844.427334829] [robot_0.robot_supervisor]: Triggered uncontrollable event: EV_red_visible
[INFO] [1789492844.427874791] [robot_0.robot_supervisor]: Selected controllable event: EV_search_color
[INFO] [1789492844.627262733] [robot_0.robot_supervisor]: Selected controllable event: EV_move_forward
[INFO] [1789492844.926784511] [robot_0.robot_supervisor]: Triggered uncontrollable event: EV_blue_visible
[INFO] [1789492844.927257460] [robot_0.robot_supervisor]: Triggered uncontrollable event: EV_red_visible
[INFO] [1789492844.927634318] [robot_0.robot_supervisor]: Selected controllable event: EV_approach_object
[INFO] [1789492845.226797735] [robot_0.robot_supervisor]: Triggered uncontrollable event: EV_blue_visible
[INFO] [1789492845.227107382] [robot_0.robot_supervisor]: Triggered uncontrollable event: EV_red_visible
[INFO] [1789492845.227459234] [robot_0.robot_supervisor]: Selected controllable event: EV_approach_color
[INFO] [1789492845.526604116] [robot_0.robot_supervisor]: Triggered uncontrollable event: EV_blue_visible
[INFO] [1789492845.526887891] [robot_0.robot_supervisor]: Triggered uncontrollable event: EV_red_visible
[INFO] [1789492845.527236332] [robot_0.robot_supervisor]: Selected controllable event: EV_search_object
[INFO] [1789492845.726793161] [robot_0.robot_supervisor]: Triggered uncontrollable event: EV_blue_visible
[INFO] [1789492845.727101701] [robot_0.robot_supervisor]: Triggered uncontrollable event: EV_red_visible
[INFO] [1789492845.727457808] [robot_0.robot_supervisor]: Selected controllable event: EV_move_forward
[INFO] [1789492846.026594505] [robot_0.robot_supervisor]: Triggered uncontrollable event: EV_blue_visible
[INFO] [1789492846.026858566] [robot_0.robot_supervisor]: Triggered uncontrollable event: EV_red_visible
[INFO] [1789492846.027180626] [robot_0.robot_supervisor]: Selected controllable event: EV_search_color
[INFO] [1789492846.227165433] [robot_0.robot_supervisor]: Triggered uncontrollable event: EV_blue_visible
[INFO] [1789492846.227615459] [robot_0.robot_supervisor]: Triggered uncontrollable event: EV_red_visible
[INFO] [1789492846.228260743] [robot_0.robot_supervisor]: Selected controllable event: EV_search_color
[INFO] [1789492846.426714366] [robot_0.robot_supervisor]: Triggered uncontrollable event: EV_blue_visible
[INFO] [1789492846.427007726] [robot_0.robot_supervisor]: Triggered uncontrollable event: EV_red_visible
[INFO] [1789492846.427377647] [robot_0.robot_supervisor]: Selected controllable event: EV_approach_object
[INFO] [1789492846.726769289] [robot_0.robot_supervisor]: Triggered uncontrollable event: EV_blue_visible
[INFO] [1789492846.727058587] [robot_0.robot_supervisor]: Triggered uncontrollable event: EV_red_visible
[INFO] [1789492846.727463627] [robot_0.robot_supervisor]: Selected controllable event: EV_approach_object
[INFO] [1789492847.026622780] [robot_0.robot_supervisor]: Triggered uncontrollable event: EV_blue_visible
[INFO] [1789492847.026949206] [robot_0.robot_supervisor]: Triggered uncontrollable event: EV_red_visible
[INFO] [1789492847.027310925] [robot_0.robot_supervisor]: Selected controllable event: EV_approach_object
[INFO] [1789492847.326510995] [robot_0.robot_supervisor]: Triggered uncontrollable event: EV_blue_visible
[INFO] [1789492847.326746183] [robot_0.robot_supervisor]: Triggered uncontrollable event: EV_red_visible
[INFO] [1789492847.327077419] [robot_0.robot_supervisor]: Selected controllable event: EV_approach_color
[INFO] [1789492847.626650071] [robot_0.robot_supervisor]: Triggered uncontrollable event: EV_red_visible
[INFO] [1789492847.626928469] [robot_0.robot_supervisor]: Triggered uncontrollable event: EV_blue_not_visible
[INFO] [1789492847.627158905] [robot_0.robot_supervisor]: Triggered uncontrollable event: EV_obstacle_front
[INFO] [1789492847.627526327] [robot_0.robot_supervisor]: Selected controllable event: EV_rotate_counterclockwise
[INFO] [1789492847.826532626] [robot_0.robot_supervisor]: Triggered uncontrollable event: EV_obstacle_left
[INFO] [1789492847.826816283] [robot_0.robot_supervisor]: Triggered uncontrollable event: EV_red_visible
[INFO] [1789492847.827082039] [robot_0.robot_supervisor]: Triggered uncontrollable event: EV_blue_not_visible
[INFO] [1789492847.827486267] [robot_0.robot_supervisor]: Selected controllable event: EV_u_turn
[INFO] [1789492847.827861573] [robot_0.robot_supervisor]: Starting FULL ROTATE (omega=1.000, have_odom=True, target_rad=3.142, timeout_s=3.500)
[INFO] [1789492849.526798153] [robot_0.robot_supervisor]: FULL ROTATE completed by odom (accum_rad=3.280)
[INFO] [1789492849.826729895] [robot_0.robot_supervisor]: Triggered uncontrollable event: EV_red_not_visible
[INFO] [1789492849.827001445] [robot_0.robot_supervisor]: Triggered uncontrollable event: EV_blue_not_visible
[INFO] [1789492849.827331524] [robot_0.robot_supervisor]: Selected controllable event: EV_approach_color
[INFO] [1789492850.126863240] [robot_0.robot_supervisor]: Triggered uncontrollable event: EV_red_not_visible
[INFO] [1789492850.127259487] [robot_0.robot_supervisor]: Triggered uncontrollable event: EV_blue_not_visible
[INFO] [1789492850.127888371] [robot_0.robot_supervisor]: Selected controllable event: EV_approach_color
[INFO] [1789492850.426860185] [robot_0.robot_supervisor]: Triggered uncontrollable event: EV_red_not_visible
[INFO] [1789492850.427348413] [robot_0.robot_supervisor]: Triggered uncontrollable event: EV_blue_not_visible
[INFO] [1789492850.427827383] [robot_0.robot_supervisor]: Selected controllable event: EV_approach_object
[INFO] [1789492850.726518282] [robot_0.robot_supervisor]: Triggered uncontrollable event: EV_red_not_visible
[INFO] [1789492850.726776376] [robot_0.robot_supervisor]: Triggered uncontrollable event: EV_blue_not_visible
[INFO] [1789492850.727136633] [robot_0.robot_supervisor]: Selected controllable event: EV_move_forward
[INFO] [1789492851.027039233] [robot_0.robot_supervisor]: Triggered uncontrollable event: EV_red_not_visible
[INFO] [1789492851.027444313] [robot_0.robot_supervisor]: Triggered uncontrollable event: EV_blue_not_visible
[INFO] [1789492851.027995998] [robot_0.robot_supervisor]: Selected controllable event: EV_search_color
[INFO] [1789492851.227093459] [robot_0.robot_supervisor]: Triggered uncontrollable event: EV_red_not_visible
[INFO] [1789492851.227500690] [robot_0.robot_supervisor]: Triggered uncontrollable event: EV_blue_not_visible
[INFO] [1789492851.228169016] [robot_0.robot_supervisor]: Selected controllable event: EV_move_forward
[INFO] [1789492851.527010280] [robot_0.robot_supervisor]: Triggered uncontrollable event: EV_red_not_visible
[INFO] [1789492851.527435327] [robot_0.robot_supervisor]: Triggered uncontrollable event: EV_blue_not_visible
[INFO] [1789492851.528021027] [robot_0.robot_supervisor]: Selected controllable event: EV_search_object
[INFO] [1789492851.727075313] [robot_0.robot_supervisor]: Triggered uncontrollable event: EV_red_not_visible
[INFO] [1789492851.727485989] [robot_0.robot_supervisor]: Triggered uncontrollable event: EV_blue_not_visible
[INFO] [1789492851.728067456] [robot_0.robot_supervisor]: Selected controllable event: EV_approach_color
[INFO] [1789492852.026610231] [robot_0.robot_supervisor]: Triggered uncontrollable event: EV_red_not_visible
[INFO] [1789492852.026905090] [robot_0.robot_supervisor]: Triggered uncontrollable event: EV_blue_not_visible
[INFO] [1789492852.027221357] [robot_0.robot_supervisor]: Selected controllable event: EV_approach_object
[INFO] [1789492852.326491190] [robot_0.robot_supervisor]: Triggered uncontrollable event: EV_red_not_visible
[INFO] [1789492852.326724770] [robot_0.robot_supervisor]: Triggered uncontrollable event: EV_blue_not_visible
[INFO] [1789492852.327029131] [robot_0.robot_supervisor]: Selected controllable event: EV_move_forward
[INFO] [1789492852.626686889] [robot_0.robot_supervisor]: Triggered uncontrollable event: EV_obstacle_right
[INFO] [1789492852.627018330] [robot_0.robot_supervisor]: Triggered uncontrollable event: EV_red_not_visible
[INFO] [1789492852.627251789] [robot_0.robot_supervisor]: Triggered uncontrollable event: EV_blue_not_visible
[INFO] [1789492852.627640060] [robot_0.robot_supervisor]: Selected controllable event: EV_u_turn
[INFO] [1789492852.628007866] [robot_0.robot_supervisor]: Starting FULL ROTATE (omega=1.000, have_odom=True, target_rad=3.142, timeout_s=3.500)
[INFO] [1789492854.426596886] [robot_0.robot_supervisor]: FULL ROTATE completed by odom (accum_rad=3.328)
[INFO] [1789492854.727300170] [robot_0.robot_supervisor]: Triggered uncontrollable event: EV_blue_visible
[INFO] [1789492854.727758303] [robot_0.robot_supervisor]: Triggered uncontrollable event: EV_red_visible
[INFO] [1789492854.728389866] [robot_0.robot_supervisor]: Selected controllable event: EV_approach_object
[INFO] [1789492855.026519777] [robot_0.robot_supervisor]: Triggered uncontrollable event: EV_blue_visible
[INFO] [1789492855.026773558] [robot_0.robot_supervisor]: Triggered uncontrollable event: EV_red_visible
[INFO] [1789492855.027099915] [robot_0.robot_supervisor]: Selected controllable event: EV_search_color
[INFO] [1789492855.226556006] [robot_0.robot_supervisor]: Triggered uncontrollable event: EV_blue_visible
[INFO] [1789492855.226798895] [robot_0.robot_supervisor]: Triggered uncontrollable event: EV_red_visible
[INFO] [1789492855.227126371] [robot_0.robot_supervisor]: Selected controllable event: EV_search_object
[INFO] [1789492855.426563872] [robot_0.robot_supervisor]: Triggered uncontrollable event: EV_blue_visible
[INFO] [1789492855.426831617] [robot_0.robot_supervisor]: Triggered uncontrollable event: EV_red_visible
[INFO] [1789492855.427241280] [robot_0.robot_supervisor]: Selected controllable event: EV_approach_object
[INFO] [1789492855.726621357] [robot_0.robot_supervisor]: Triggered uncontrollable event: EV_blue_visible
[INFO] [1789492855.726959704] [robot_0.robot_supervisor]: Triggered uncontrollable event: EV_obstacle_right
[INFO] [1789492855.727193428] [robot_0.robot_supervisor]: Triggered uncontrollable event: EV_red_visible
[INFO] [1789492855.727525659] [robot_0.robot_supervisor]: Selected controllable event: EV_rotate_counterclockwise
[INFO] [1789492855.926650152] [robot_0.robot_supervisor]: Triggered uncontrollable event: EV_blue_visible
[INFO] [1789492855.926931262] [robot_0.robot_supervisor]: Triggered uncontrollable event: EV_obstacle_right
[INFO] [1789492855.927169203] [robot_0.robot_supervisor]: Triggered uncontrollable event: EV_red_visible
[INFO] [1789492855.927505632] [robot_0.robot_supervisor]: Selected controllable event: EV_u_turn
[INFO] [1789492856.027030680] [robot_0.robot_supervisor]: Triggered uncontrollable event: EV_obstacle_right
[INFO] [1789492856.027627989] [robot_0.robot_supervisor]: Selected controllable event: EV_u_turn
[INFO] [1789492856.126970804] [robot_0.robot_supervisor]: Triggered uncontrollable event: EV_obstacle_right
[INFO] [1789492856.127534142] [robot_0.robot_supervisor]: Selected controllable event: EV_rotate_counterclockwise
[INFO] [1789492856.327213130] [robot_0.robot_supervisor]: Triggered uncontrollable event: EV_blue_visible
[INFO] [1789492856.327646739] [robot_0.robot_supervisor]: Triggered uncontrollable event: EV_obstacle_right
[INFO] [1789492856.328049050] [robot_0.robot_supervisor]: Triggered uncontrollable event: EV_red_visible
[INFO] [1789492856.328581363] [robot_0.robot_supervisor]: Selected controllable event: EV_u_turn
[INFO] [1789492856.427141035] [robot_0.robot_supervisor]: Triggered uncontrollable event: EV_blue_visible
[INFO] [1789492856.427561725] [robot_0.robot_supervisor]: Triggered uncontrollable event: EV_obstacle_right
[INFO] [1789492856.427934931] [robot_0.robot_supervisor]: Triggered uncontrollable event: EV_red_visible
[INFO] [1789492856.428466050] [robot_0.robot_supervisor]: Selected controllable event: EV_u_turn
[INFO] [1789492856.527035731] [robot_0.robot_supervisor]: Triggered uncontrollable event: EV_obstacle_right
[INFO] [1789492856.527623443] [robot_0.robot_supervisor]: Selected controllable event: EV_u_turn
[INFO] [1789492856.626642079] [robot_0.robot_supervisor]: Selected controllable event: EV_search_color
[INFO] [1789492856.827033679] [robot_0.robot_supervisor]: Triggered uncontrollable event: EV_red_visible
[INFO] [1789492856.827448188] [robot_0.robot_supervisor]: Triggered uncontrollable event: EV_blue_not_visible
[INFO] [1789492856.827969589] [robot_0.robot_supervisor]: Selected controllable event: EV_approach_color
[INFO] [1789492857.126609850] [robot_0.robot_supervisor]: Triggered uncontrollable event: EV_red_visible
[INFO] [1789492857.126888930] [robot_0.robot_supervisor]: Triggered uncontrollable event: EV_blue_not_visible
[INFO] [1789492857.127213766] [robot_0.robot_supervisor]: Selected controllable event: EV_search_color
[INFO] [1789492857.326500811] [robot_0.robot_supervisor]: Triggered uncontrollable event: EV_red_visible
[INFO] [1789492857.326750555] [robot_0.robot_supervisor]: Triggered uncontrollable event: EV_blue_not_visible
[INFO] [1789492857.327068137] [robot_0.robot_supervisor]: Selected controllable event: EV_approach_color
[INFO] [1789492857.627128154] [robot_0.robot_supervisor]: Triggered uncontrollable event: EV_red_not_visible
[INFO] [1789492857.627544766] [robot_0.robot_supervisor]: Triggered uncontrollable event: EV_blue_not_visible
[INFO] [1789492857.628126320] [robot_0.robot_supervisor]: Selected controllable event: EV_approach_object
[INFO] [1789492857.927291651] [robot_0.robot_supervisor]: Triggered uncontrollable event: EV_red_not_visible
[INFO] [1789492857.927740694] [robot_0.robot_supervisor]: Triggered uncontrollable event: EV_blue_not_visible
[INFO] [1789492857.928458686] [robot_0.robot_supervisor]: Selected controllable event: EV_approach_color
[INFO] [1789492858.226710705] [robot_0.robot_supervisor]: Triggered uncontrollable event: EV_red_not_visible
[INFO] [1789492858.227047515] [robot_0.robot_supervisor]: Triggered uncontrollable event: EV_blue_not_visible
[INFO] [1789492858.227367529] [robot_0.robot_supervisor]: Selected controllable event: EV_move_forward
[INFO] [1789492858.526818215] [robot_0.robot_supervisor]: Triggered uncontrollable event: EV_red_not_visible
[INFO] [1789492858.527122495] [robot_0.robot_supervisor]: Triggered uncontrollable event: EV_blue_not_visible
[INFO] [1789492858.527488133] [robot_0.robot_supervisor]: Selected controllable event: EV_move_forward
[INFO] [1789492858.826657562] [robot_0.robot_supervisor]: Triggered uncontrollable event: EV_red_not_visible
[INFO] [1789492858.826952090] [robot_0.robot_supervisor]: Triggered uncontrollable event: EV_blue_not_visible
[INFO] [1789492858.827315047] [robot_0.robot_supervisor]: Selected controllable event: EV_search_object
[INFO] [1789492859.026770595] [robot_0.robot_supervisor]: Triggered uncontrollable event: EV_red_not_visible
[INFO] [1789492859.027195711] [robot_0.robot_supervisor]: Triggered uncontrollable event: EV_blue_not_visible
[INFO] [1789492859.027569765] [robot_0.robot_supervisor]: Selected controllable event: EV_approach_object
[INFO] [1789492859.327197845] [robot_0.robot_supervisor]: Triggered uncontrollable event: EV_red_not_visible
[INFO] [1789492859.327653953] [robot_0.robot_supervisor]: Triggered uncontrollable event: EV_blue_not_visible
[INFO] [1789492859.328276217] [robot_0.robot_supervisor]: Selected controllable event: EV_approach_object
[INFO] [1789492859.626802639] [robot_0.robot_supervisor]: Triggered uncontrollable event: EV_red_not_visible
[INFO] [1789492859.627099706] [robot_0.robot_supervisor]: Triggered uncontrollable event: EV_blue_not_visible
[INFO] [1789492859.627456043] [robot_0.robot_supervisor]: Selected controllable event: EV_approach_color
[INFO] [1789492859.926604058] [robot_0.robot_supervisor]: Triggered uncontrollable event: EV_obstacle_left
[INFO] [1789492859.927048883] [robot_0.robot_supervisor]: Triggered uncontrollable event: EV_red_not_visible
[INFO] [1789492859.927420619] [robot_0.robot_supervisor]: Triggered uncontrollable event: EV_blue_not_visible
[INFO] [1789492859.927740977] [robot_0.robot_supervisor]: Selected controllable event: EV_rotate_clockwise
[INFO] [1789492860.126946650] [robot_0.robot_supervisor]: Triggered uncontrollable event: EV_obstacle_left
[INFO] [1789492860.127544224] [robot_0.robot_supervisor]: Selected controllable event: EV_u_turn
[INFO] [1789492860.128016504] [robot_0.robot_supervisor]: Starting FULL ROTATE (omega=1.000, have_odom=True, target_rad=3.142, timeout_s=3.500)
[INFO] [1789492861.926712960] [robot_0.robot_supervisor]: FULL ROTATE completed by odom (accum_rad=3.260)
[INFO] [1789492862.126967286] [robot_0.robot_supervisor]: Triggered uncontrollable event: EV_red_not_visible
[INFO] [1789492862.127256258] [robot_0.robot_supervisor]: Triggered uncontrollable event: EV_blue_not_visible
[INFO] [1789492862.127626707] [robot_0.robot_supervisor]: Selected controllable event: EV_move_forward
[INFO] [1789492862.427258172] [robot_0.robot_supervisor]: Triggered uncontrollable event: EV_red_not_visible
[INFO] [1789492862.427723709] [robot_0.robot_supervisor]: Triggered uncontrollable event: EV_blue_not_visible
[INFO] [1789492862.428380569] [robot_0.robot_supervisor]: Selected controllable event: EV_approach_color
[INFO] [1789492862.726653670] [robot_0.robot_supervisor]: Triggered uncontrollable event: EV_red_not_visible
[INFO] [1789492862.726931048] [robot_0.robot_supervisor]: Triggered uncontrollable event: EV_blue_not_visible
[INFO] [1789492862.727277000] [robot_0.robot_supervisor]: Selected controllable event: EV_search_object
[INFO] [1789492862.927105037] [robot_0.robot_supervisor]: Triggered uncontrollable event: EV_red_not_visible
[INFO] [1789492862.927536858] [robot_0.robot_supervisor]: Triggered uncontrollable event: EV_blue_not_visible
[INFO] [1789492862.928128911] [robot_0.robot_supervisor]: Selected controllable event: EV_approach_object
[INFO] [1789492863.226740045] [robot_0.robot_supervisor]: Triggered uncontrollable event: EV_red_not_visible
[INFO] [1789492863.227083132] [robot_0.robot_supervisor]: Triggered uncontrollable event: EV_blue_not_visible
[INFO] [1789492863.227432416] [robot_0.robot_supervisor]: Selected controllable event: EV_search_color
[INFO] [1789492863.426689610] [robot_0.robot_supervisor]: Triggered uncontrollable event: EV_red_not_visible
[INFO] [1789492863.426980509] [robot_0.robot_supervisor]: Triggered uncontrollable event: EV_blue_not_visible
[INFO] [1789492863.427338138] [robot_0.robot_supervisor]: Selected controllable event: EV_search_color
[INFO] [1789492863.627179907] [robot_0.robot_supervisor]: Selected controllable event: EV_search_color
[INFO] [1789492863.826568325] [robot_0.robot_supervisor]: Triggered uncontrollable event: EV_red_not_visible
[INFO] [1789492863.826832929] [robot_0.robot_supervisor]: Triggered uncontrollable event: EV_blue_not_visible
[INFO] [1789492863.827168979] [robot_0.robot_supervisor]: Selected controllable event: EV_approach_object
[INFO] [1789492864.126611182] [robot_0.robot_supervisor]: Triggered uncontrollable event: EV_red_not_visible
[INFO] [1789492864.126883358] [robot_0.robot_supervisor]: Triggered uncontrollable event: EV_blue_not_visible
[INFO] [1789492864.127236613] [robot_0.robot_supervisor]: Selected controllable event: EV_search_object
[INFO] [1789492864.326753607] [robot_0.robot_supervisor]: Triggered uncontrollable event: EV_red_not_visible
[INFO] [1789492864.327085379] [robot_0.robot_supervisor]: Triggered uncontrollable event: EV_blue_not_visible
[INFO] [1789492864.327439276] [robot_0.robot_supervisor]: Selected controllable event: EV_approach_color
[INFO] [1789492864.626588414] [robot_0.robot_supervisor]: Triggered uncontrollable event: EV_blue_visible
[INFO] [1789492864.626880705] [robot_0.robot_supervisor]: Triggered uncontrollable event: EV_red_not_visible
[INFO] [1789492864.627220376] [robot_0.robot_supervisor]: Selected controllable event: EV_search_color
[INFO] [1789492864.826990788] [robot_0.robot_supervisor]: Triggered uncontrollable event: EV_blue_visible
[INFO] [1789492864.827396821] [robot_0.robot_supervisor]: Triggered uncontrollable event: EV_red_visible
[INFO] [1789492864.827971755] [robot_0.robot_supervisor]: Selected controllable event: EV_approach_object
[INFO] [1789492865.127063212] [robot_0.robot_supervisor]: Triggered uncontrollable event: EV_blue_visible
[INFO] [1789492865.127324848] [robot_0.robot_supervisor]: Triggered uncontrollable event: EV_red_visible
[INFO] [1789492865.127630158] [robot_0.robot_supervisor]: Selected controllable event: EV_search_object
[INFO] [1789492865.327083262] [robot_0.robot_supervisor]: Triggered uncontrollable event: EV_blue_visible
[INFO] [1789492865.327498996] [robot_0.robot_supervisor]: Triggered uncontrollable event: EV_red_visible
[INFO] [1789492865.328041221] [robot_0.robot_supervisor]: Selected controllable event: EV_move_forward
[INFO] [1789492865.626619338] [robot_0.robot_supervisor]: Triggered uncontrollable event: EV_blue_visible
[INFO] [1789492865.626872907] [robot_0.robot_supervisor]: Triggered uncontrollable event: EV_red_visible
[INFO] [1789492865.627182815] [robot_0.robot_supervisor]: Selected controllable event: EV_search_color
[INFO] [1789492865.827168274] [robot_0.robot_supervisor]: Triggered uncontrollable event: EV_blue_visible
[INFO] [1789492865.827617230] [robot_0.robot_supervisor]: Triggered uncontrollable event: EV_red_visible
[INFO] [1789492865.828156029] [robot_0.robot_supervisor]: Selected controllable event: EV_approach_object
[INFO] [1789492866.127239237] [robot_0.robot_supervisor]: Triggered uncontrollable event: EV_red_visible
[INFO] [1789492866.127700394] [robot_0.robot_supervisor]: Triggered uncontrollable event: EV_blue_not_visible
[INFO] [1789492866.128385296] [robot_0.robot_supervisor]: Selected controllable event: EV_search_color
[INFO] [1789492866.326709443] [robot_0.robot_supervisor]: Triggered uncontrollable event: EV_red_visible
[INFO] [1789492866.327000813] [robot_0.robot_supervisor]: Triggered uncontrollable event: EV_blue_not_visible
[INFO] [1789492866.327355110] [robot_0.robot_supervisor]: Selected controllable event: EV_search_object
[INFO] [1789492866.526821513] [robot_0.robot_supervisor]: Triggered uncontrollable event: EV_red_visible
[INFO] [1789492866.527141140] [robot_0.robot_supervisor]: Triggered uncontrollable event: EV_blue_not_visible
[INFO] [1789492866.527558914] [robot_0.robot_supervisor]: Selected controllable event: EV_search_color
[INFO] [1789492866.727217017] [robot_0.robot_supervisor]: Triggered uncontrollable event: EV_red_not_visible
[INFO] [1789492866.727667508] [robot_0.robot_supervisor]: Triggered uncontrollable event: EV_blue_not_visible
[INFO] [1789492866.728260937] [robot_0.robot_supervisor]: Selected controllable event: EV_approach_color
[INFO] [1789492867.026598353] [robot_0.robot_supervisor]: Triggered uncontrollable event: EV_red_not_visible
[INFO] [1789492867.026875009] [robot_0.robot_supervisor]: Triggered uncontrollable event: EV_blue_not_visible
[INFO] [1789492867.027204117] [robot_0.robot_supervisor]: Selected controllable event: EV_search_color
[INFO] [1789492867.227026006] [robot_0.robot_supervisor]: Triggered uncontrollable event: EV_red_not_visible
[INFO] [1789492867.227434596] [robot_0.robot_supervisor]: Triggered uncontrollable event: EV_blue_not_visible
[INFO] [1789492867.227994875] [robot_0.robot_supervisor]: Selected controllable event: EV_approach_object
[INFO] [1789492867.526563474] [robot_0.robot_supervisor]: Triggered uncontrollable event: EV_obstacle_right
[INFO] [1789492867.526822873] [robot_0.robot_supervisor]: Triggered uncontrollable event: EV_red_not_visible
[INFO] [1789492867.527037380] [robot_0.robot_supervisor]: Triggered uncontrollable event: EV_blue_not_visible
[INFO] [1789492867.527340522] [robot_0.robot_supervisor]: Selected controllable event: EV_rotate_counterclockwise
[INFO] [1789492867.726986973] [robot_0.robot_supervisor]: Triggered uncontrollable event: EV_obstacle_right
[INFO] [1789492867.727389668] [robot_0.robot_supervisor]: Triggered uncontrollable event: EV_red_not_visible
[INFO] [1789492867.727748622] [robot_0.robot_supervisor]: Triggered uncontrollable event: EV_blue_not_visible
[INFO] [1789492867.728296412] [robot_0.robot_supervisor]: Selected controllable event: EV_u_turn
[INFO] [1789492867.728740964] [robot_0.robot_supervisor]: Starting FULL ROTATE (omega=1.000, have_odom=True, target_rad=3.142, timeout_s=3.500)
[INFO] [1789492869.326355243] [robot_0.robot_supervisor]: FULL ROTATE completed by odom (accum_rad=3.198)
[INFO] [1789492869.526634850] [robot_0.robot_supervisor]: Triggered uncontrollable event: EV_red_not_visible
[INFO] [1789492869.526912785] [robot_0.robot_supervisor]: Triggered uncontrollable event: EV_blue_not_visible
[INFO] [1789492869.527246482] [robot_0.robot_supervisor]: Selected controllable event: EV_search_object
[INFO] [1789492869.726815227] [robot_0.robot_supervisor]: Triggered uncontrollable event: EV_blue_visible
[INFO] [1789492869.727103338] [robot_0.robot_supervisor]: Triggered uncontrollable event: EV_red_visible
[INFO] [1789492869.727462335] [robot_0.robot_supervisor]: Selected controllable event: EV_search_object
[INFO] [1789492869.926705742] [robot_0.robot_supervisor]: Triggered uncontrollable event: EV_blue_visible
[INFO] [1789492869.926997941] [robot_0.robot_supervisor]: Triggered uncontrollable event: EV_red_visible
[INFO] [1789492869.927360691] [robot_0.robot_supervisor]: Selected controllable event: EV_search_color
[INFO] [1789492870.126838668] [robot_0.robot_supervisor]: Selected controllable event: EV_search_object
[INFO] [1789492870.326801520] [robot_0.robot_supervisor]: Triggered uncontrollable event: EV_blue_visible
[INFO] [1789492870.327260808] [robot_0.robot_supervisor]: Triggered uncontrollable event: EV_red_visible
[INFO] [1789492870.327627223] [robot_0.robot_supervisor]: Selected controllable event: EV_search_object
[INFO] [1789492870.526691634] [robot_0.robot_supervisor]: Triggered uncontrollable event: EV_blue_visible
[INFO] [1789492870.526982573] [robot_0.robot_supervisor]: Triggered uncontrollable event: EV_red_visible
[INFO] [1789492870.527340511] [robot_0.robot_supervisor]: Selected controllable event: EV_search_color
[INFO] [1789492870.727070621] [robot_0.robot_supervisor]: Triggered uncontrollable event: EV_obstacle_left
[INFO] [1789492870.727373856] [robot_0.robot_supervisor]: Triggered uncontrollable event: EV_blue_visible
[INFO] [1789492870.727610965] [robot_0.robot_supervisor]: Triggered uncontrollable event: EV_red_visible
[INFO] [1789492870.728115950] [robot_0.robot_supervisor]: Selected controllable event: EV_u_turn
[INFO] [1789492870.826995710] [robot_0.robot_supervisor]: Triggered uncontrollable event: EV_obstacle_left
[INFO] [1789492870.827644859] [robot_0.robot_supervisor]: Selected controllable event: EV_rotate_clockwise
[INFO] [1789492871.026535028] [robot_0.robot_supervisor]: Triggered uncontrollable event: EV_obstacle_left
[INFO] [1789492871.026806587] [robot_0.robot_supervisor]: Triggered uncontrollable event: EV_blue_visible
[INFO] [1789492871.027043451] [robot_0.robot_supervisor]: Triggered uncontrollable event: EV_red_visible
[INFO] [1789492871.027379518] [robot_0.robot_supervisor]: Selected controllable event: EV_rotate_clockwise
[INFO] [1789492871.226523331] [robot_0.robot_supervisor]: Triggered uncontrollable event: EV_obstacle_left
[INFO] [1789492871.226771535] [robot_0.robot_supervisor]: Triggered uncontrollable event: EV_blue_visible
[INFO] [1789492871.226984927] [robot_0.robot_supervisor]: Triggered uncontrollable event: EV_red_visible
[INFO] [1789492871.227295773] [robot_0.robot_supervisor]: Selected controllable event: EV_rotate_clockwise
[INFO] [1789492871.427024112] [robot_0.robot_supervisor]: Triggered uncontrollable event: EV_obstacle_left
[INFO] [1789492871.427452900] [robot_0.robot_supervisor]: Triggered uncontrollable event: EV_red_not_visible
[INFO] [1789492871.427818540] [robot_0.robot_supervisor]: Triggered uncontrollable event: EV_blue_not_visible
[INFO] [1789492871.428412758] [robot_0.robot_supervisor]: Selected controllable event: EV_u_turn
[INFO] [1789492871.526443877] [robot_0.robot_supervisor]: Triggered uncontrollable event: EV_obstacle_left
[INFO] [1789492871.526877193] [robot_0.robot_supervisor]: Selected controllable event: EV_u_turn
[INFO] [1789492871.626933415] [robot_0.robot_supervisor]: Triggered uncontrollable event: EV_obstacle_left
[INFO] [1789492871.627536490] [robot_0.robot_supervisor]: Selected controllable event: EV_rotate_clockwise
[WARN] [1789492871.628148870] [robot_0.robot_supervisor]: no translation for 4.4s livelock detected; starting atomic escape (turn_sign=-1)
[INFO] [1789492874.126991258] [robot_0.robot_supervisor]: Zone-livelock escape completed
[INFO] [1789492874.426765888] [robot_0.robot_supervisor]: Triggered uncontrollable event: EV_blue_visible
[INFO] [1789492874.427181006] [robot_0.robot_supervisor]: Triggered uncontrollable event: EV_red_visible
[INFO] [1789492874.427722566] [robot_0.robot_supervisor]: Selected controllable event: EV_approach_object
[INFO] [1789492874.726751630] [robot_0.robot_supervisor]: Triggered uncontrollable event: EV_red_not_visible
[INFO] [1789492874.727226199] [robot_0.robot_supervisor]: Triggered uncontrollable event: EV_blue_not_visible
[INFO] [1789492874.727883666] [robot_0.robot_supervisor]: Selected controllable event: EV_search_color
[INFO] [1789492874.926716279] [robot_0.robot_supervisor]: Triggered uncontrollable event: EV_red_not_visible
[INFO] [1789492874.927024515] [robot_0.robot_supervisor]: Triggered uncontrollable event: EV_blue_not_visible
[INFO] [1789492874.927427876] [robot_0.robot_supervisor]: Selected controllable event: EV_approach_color
[INFO] [1789492875.226533936] [robot_0.robot_supervisor]: Triggered uncontrollable event: EV_red_not_visible
[INFO] [1789492875.226834782] [robot_0.robot_supervisor]: Triggered uncontrollable event: EV_blue_not_visible
[INFO] [1789492875.227426935] [robot_0.robot_supervisor]: Selected controllable event: EV_search_color
[INFO] [1789492875.427168798] [robot_0.robot_supervisor]: Triggered uncontrollable event: EV_red_not_visible
[INFO] [1789492875.427574613] [robot_0.robot_supervisor]: Triggered uncontrollable event: EV_blue_not_visible
[INFO] [1789492875.428201610] [robot_0.robot_supervisor]: Selected controllable event: EV_approach_color
[INFO] [1789492875.726516780] [robot_0.robot_supervisor]: Triggered uncontrollable event: EV_red_not_visible
[INFO] [1789492875.726756751] [robot_0.robot_supervisor]: Triggered uncontrollable event: EV_blue_not_visible
[INFO] [1789492875.727064943] [robot_0.robot_supervisor]: Selected controllable event: EV_search_object
[INFO] [1789492875.926845173] [robot_0.robot_supervisor]: Triggered uncontrollable event: EV_obstacle_right
[INFO] [1789492875.927131526] [robot_0.robot_supervisor]: Triggered uncontrollable event: EV_red_not_visible
[INFO] [1789492875.927353660] [robot_0.robot_supervisor]: Triggered uncontrollable event: EV_blue_not_visible
[INFO] [1789492875.927682612] [robot_0.robot_supervisor]: Selected controllable event: EV_u_turn
[INFO] [1789492875.928220414] [robot_0.robot_supervisor]: Starting FULL ROTATE (omega=1.000, have_odom=True, target_rad=3.142, timeout_s=3.500)
[INFO] [1789492877.526357569] [robot_0.robot_supervisor]: FULL ROTATE completed by odom (accum_rad=3.198)
[INFO] [1789492877.726678309] [robot_0.robot_supervisor]: Triggered uncontrollable event: EV_blue_visible
[INFO] [1789492877.726952193] [robot_0.robot_supervisor]: Triggered uncontrollable event: EV_red_visible
[INFO] [1789492877.727298419] [robot_0.robot_supervisor]: Selected controllable event: EV_search_object
[INFO] [1789492877.927276959] [robot_0.robot_supervisor]: Triggered uncontrollable event: EV_blue_visible
[INFO] [1789492877.927813999] [robot_0.robot_supervisor]: Triggered uncontrollable event: EV_red_visible
[INFO] [1789492877.928439394] [robot_0.robot_supervisor]: Selected controllable event: EV_move_forward
[INFO] [1789492878.226804480] [robot_0.robot_supervisor]: Triggered uncontrollable event: EV_blue_visible
[INFO] [1789492878.227306722] [robot_0.robot_supervisor]: Triggered uncontrollable event: EV_red_visible
[INFO] [1789492878.227784000] [robot_0.robot_supervisor]: Selected controllable event: EV_move_forward
[INFO] [1789492878.526637585] [robot_0.robot_supervisor]: Triggered uncontrollable event: EV_obstacle_left
[INFO] [1789492878.527009790] [robot_0.robot_supervisor]: Triggered uncontrollable event: EV_red_not_visible
[INFO] [1789492878.527310512] [robot_0.robot_supervisor]: Triggered uncontrollable event: EV_blue_not_visible
[INFO] [1789492878.527803764] [robot_0.robot_supervisor]: Selected controllable event: EV_rotate_clockwise
[INFO] [1789492878.726491126] [robot_0.robot_supervisor]: Triggered uncontrollable event: EV_obstacle_left
[INFO] [1789492878.726777278] [robot_0.robot_supervisor]: Triggered uncontrollable event: EV_red_not_visible
[INFO] [1789492878.727028685] [robot_0.robot_supervisor]: Triggered uncontrollable event: EV_blue_not_visible
[INFO] [1789492878.727383818] [robot_0.robot_supervisor]: Selected controllable event: EV_rotate_clockwise
[INFO] [1789492878.926481591] [robot_0.robot_supervisor]: Triggered uncontrollable event: EV_obstacle_left
[INFO] [1789492878.926991934] [robot_0.robot_supervisor]: Triggered uncontrollable event: EV_red_not_visible
[INFO] [1789492878.927384908] [robot_0.robot_supervisor]: Triggered uncontrollable event: EV_blue_not_visible
[INFO] [1789492878.927902691] [robot_0.robot_supervisor]: Selected controllable event: EV_rotate_clockwise
[INFO] [1789492879.126454488] [robot_0.robot_supervisor]: Triggered uncontrollable event: EV_obstacle_left
[INFO] [1789492879.126829613] [robot_0.robot_supervisor]: Selected controllable event: EV_rotate_clockwise
[INFO] [1789492879.326496855] [robot_0.robot_supervisor]: Triggered uncontrollable event: EV_obstacle_left
[INFO] [1789492879.326762222] [robot_0.robot_supervisor]: Triggered uncontrollable event: EV_red_not_visible
[INFO] [1789492879.326997812] [robot_0.robot_supervisor]: Triggered uncontrollable event: EV_blue_not_visible
[INFO] [1789492879.327335782] [robot_0.robot_supervisor]: Selected controllable event: EV_u_turn
[INFO] [1789492879.426513742] [robot_0.robot_supervisor]: Triggered uncontrollable event: EV_obstacle_left
[INFO] [1789492879.426795347] [robot_0.robot_supervisor]: Triggered uncontrollable event: EV_red_not_visible
[INFO] [1789492879.427006694] [robot_0.robot_supervisor]: Triggered uncontrollable event: EV_blue_not_visible
[INFO] [1789492879.427301581] [robot_0.robot_supervisor]: Selected controllable event: EV_rotate_clockwise
[INFO] [1789492879.626715722] [robot_0.robot_supervisor]: Selected controllable event: EV_move_forward
[INFO] [1789492879.926649199] [robot_0.robot_supervisor]: Triggered uncontrollable event: EV_blue_visible
[INFO] [1789492879.926920450] [robot_0.robot_supervisor]: Triggered uncontrollable event: EV_red_visible
[INFO] [1789492879.927249851] [robot_0.robot_supervisor]: Selected controllable event: EV_move_forward
[INFO] [1789492880.227085075] [robot_0.robot_supervisor]: Triggered uncontrollable event: EV_blue_visible
[INFO] [1789492880.227508800] [robot_0.robot_supervisor]: Triggered uncontrollable event: EV_red_visible
[INFO] [1789492880.228091630] [robot_0.robot_supervisor]: Selected controllable event: EV_search_object
[INFO] [1789492880.427154794] [robot_0.robot_supervisor]: Triggered uncontrollable event: EV_blue_visible
[INFO] [1789492880.427589780] [robot_0.robot_supervisor]: Triggered uncontrollable event: EV_red_visible
[INFO] [1789492880.428336380] [robot_0.robot_supervisor]: Selected controllable event: EV_approach_object
[INFO] [1789492880.727207040] [robot_0.robot_supervisor]: Triggered uncontrollable event: EV_blue_visible
[INFO] [1789492880.727662038] [robot_0.robot_supervisor]: Triggered uncontrollable event: EV_red_visible
[INFO] [1789492880.728271968] [robot_0.robot_supervisor]: Selected controllable event: EV_search_color
[INFO] [1789492880.926675928] [robot_0.robot_supervisor]: Triggered uncontrollable event: EV_blue_visible
[INFO] [1789492880.926968260] [robot_0.robot_supervisor]: Triggered uncontrollable event: EV_red_visible
[INFO] [1789492880.927327508] [robot_0.robot_supervisor]: Selected controllable event: EV_approach_color
[INFO] [1789492881.226479921] [robot_0.robot_supervisor]: Triggered uncontrollable event: EV_blue_visible
[INFO] [1789492881.226733691] [robot_0.robot_supervisor]: Triggered uncontrollable event: EV_red_visible
[INFO] [1789492881.227065000] [robot_0.robot_supervisor]: Selected controllable event: EV_approach_object
[INFO] [1789492881.526640609] [robot_0.robot_supervisor]: Triggered uncontrollable event: EV_blue_visible
[INFO] [1789492881.526886910] [robot_0.robot_supervisor]: Triggered uncontrollable event: EV_red_visible
[INFO] [1789492881.527194675] [robot_0.robot_supervisor]: Selected controllable event: EV_approach_color
[INFO] [1789492881.826502167] [robot_0.robot_supervisor]: Triggered uncontrollable event: EV_blue_visible
[INFO] [1789492881.826740214] [robot_0.robot_supervisor]: Triggered uncontrollable event: EV_red_visible
[INFO] [1789492881.827050345] [robot_0.robot_supervisor]: Selected controllable event: EV_approach_color
[INFO] [1789492882.126747115] [robot_0.robot_supervisor]: Triggered uncontrollable event: EV_blue_visible
[INFO] [1789492882.127032526] [robot_0.robot_supervisor]: Triggered uncontrollable event: EV_red_visible
[INFO] [1789492882.127362430] [robot_0.robot_supervisor]: Selected controllable event: EV_search_color
[INFO] [1789492882.326740766] [robot_0.robot_supervisor]: Triggered uncontrollable event: EV_blue_visible
[INFO] [1789492882.327041440] [robot_0.robot_supervisor]: Triggered uncontrollable event: EV_red_visible
[INFO] [1789492882.327414379] [robot_0.robot_supervisor]: Selected controllable event: EV_search_object
[INFO] [1789492882.526708725] [robot_0.robot_supervisor]: Triggered uncontrollable event: EV_blue_visible
[INFO] [1789492882.526972332] [robot_0.robot_supervisor]: Triggered uncontrollable event: EV_red_visible
[INFO] [1789492882.527297362] [robot_0.robot_supervisor]: Selected controllable event: EV_search_object
[INFO] [1789492882.726795059] [robot_0.robot_supervisor]: Triggered uncontrollable event: EV_blue_visible
[INFO] [1789492882.727095281] [robot_0.robot_supervisor]: Triggered uncontrollable event: EV_red_visible
[INFO] [1789492882.727481311] [robot_0.robot_supervisor]: Selected controllable event: EV_move_forward
[INFO] [1789492883.026574515] [robot_0.robot_supervisor]: Triggered uncontrollable event: EV_blue_visible
[INFO] [1789492883.026864931] [robot_0.robot_supervisor]: Triggered uncontrollable event: EV_red_visible
[INFO] [1789492883.027209803] [robot_0.robot_supervisor]: Selected controllable event: EV_approach_color
[INFO] [1789492883.326585762] [robot_0.robot_supervisor]: Triggered uncontrollable event: EV_blue_visible
[INFO] [1789492883.326885252] [robot_0.robot_supervisor]: Triggered uncontrollable event: EV_red_visible
[INFO] [1789492883.327218527] [robot_0.robot_supervisor]: Selected controllable event: EV_search_object
[INFO] [1789492883.527098191] [robot_0.robot_supervisor]: Triggered uncontrollable event: EV_blue_visible
[INFO] [1789492883.527534213] [robot_0.robot_supervisor]: Triggered uncontrollable event: EV_red_visible
[INFO] [1789492883.528135587] [robot_0.robot_supervisor]: Selected controllable event: EV_approach_object
[INFO] [1789492883.827057497] [robot_0.robot_supervisor]: Triggered uncontrollable event: EV_blue_visible
[INFO] [1789492883.827523524] [robot_0.robot_supervisor]: Triggered uncontrollable event: EV_red_visible
[INFO] [1789492883.828367337] [robot_0.robot_supervisor]: Selected controllable event: EV_search_color
[INFO] [1789492884.026776047] [robot_0.robot_supervisor]: Triggered uncontrollable event: EV_blue_visible
[INFO] [1789492884.027142400] [robot_0.robot_supervisor]: Triggered uncontrollable event: EV_red_visible
[INFO] [1789492884.027566522] [robot_0.robot_supervisor]: Selected controllable event: EV_search_color
[INFO] [1789492884.226518832] [robot_0.robot_supervisor]: Triggered uncontrollable event: EV_blue_visible
[INFO] [1789492884.226786764] [robot_0.robot_supervisor]: Triggered uncontrollable event: EV_red_visible
[INFO] [1789492884.227181754] [robot_0.robot_supervisor]: Selected controllable event: EV_approach_object
[INFO] [1789492884.526538858] [robot_0.robot_supervisor]: Triggered uncontrollable event: EV_blue_visible
[INFO] [1789492884.526792753] [robot_0.robot_supervisor]: Triggered uncontrollable event: EV_red_visible
[INFO] [1789492884.527118758] [robot_0.robot_supervisor]: Selected controllable event: EV_move_forward
[INFO] [1789492884.826618330] [robot_0.robot_supervisor]: Triggered uncontrollable event: EV_blue_visible
[INFO] [1789492884.826862370] [robot_0.robot_supervisor]: Triggered uncontrollable event: EV_red_visible
[INFO] [1789492884.827161548] [robot_0.robot_supervisor]: Selected controllable event: EV_search_color
[INFO] [1789492885.027046658] [robot_0.robot_supervisor]: Triggered uncontrollable event: EV_blue_visible
[INFO] [1789492885.027461407] [robot_0.robot_supervisor]: Triggered uncontrollable event: EV_red_visible
[INFO] [1789492885.028046238] [robot_0.robot_supervisor]: Selected controllable event: EV_approach_object
[INFO] [1789492885.326539368] [robot_0.robot_supervisor]: Triggered uncontrollable event: EV_blue_visible
[INFO] [1789492885.326910574] [robot_0.robot_supervisor]: Triggered uncontrollable event: EV_red_visible
[INFO] [1789492885.327408470] [robot_0.robot_supervisor]: Selected controllable event: EV_approach_color
[INFO] [1789492885.626772342] [robot_0.robot_supervisor]: Triggered uncontrollable event: EV_blue_visible
[INFO] [1789492885.627062064] [robot_0.robot_supervisor]: Triggered uncontrollable event: EV_red_visible
[INFO] [1789492885.627440306] [robot_0.robot_supervisor]: Selected controllable event: EV_search_color
[INFO] [1789492885.826645051] [robot_0.robot_supervisor]: Triggered uncontrollable event: EV_blue_visible
[INFO] [1789492885.826918831] [robot_0.robot_supervisor]: Triggered uncontrollable event: EV_red_visible
[INFO] [1789492885.827292087] [robot_0.robot_supervisor]: Selected controllable event: EV_move_forward
[INFO] [1789492886.126767199] [robot_0.robot_supervisor]: Triggered uncontrollable event: EV_blue_visible
[INFO] [1789492886.127051962] [robot_0.robot_supervisor]: Triggered uncontrollable event: EV_obstacle_right
[INFO] [1789492886.127323398] [robot_0.robot_supervisor]: Triggered uncontrollable event: EV_red_visible
[INFO] [1789492886.127700312] [robot_0.robot_supervisor]: Selected controllable event: EV_rotate_counterclockwise
[INFO] [1789492886.327158656] [robot_0.robot_supervisor]: Triggered uncontrollable event: EV_blue_visible
[INFO] [1789492886.327623517] [robot_0.robot_supervisor]: Triggered uncontrollable event: EV_red_reached
[INFO] [1789492886.328185969] [robot_0.robot_supervisor]: Selected controllable event: EV_search_color
[INFO] [1789492886.526793381] [robot_0.robot_supervisor]: Triggered uncontrollable event: EV_blue_visible
[INFO] [1789492886.527259872] [robot_0.robot_supervisor]: Triggered uncontrollable event: EV_red_reached
[INFO] [1789492886.527697484] [robot_0.robot_supervisor]: Selected controllable event: EV_move_forward
[INFO] [1789492886.826574232] [robot_0.robot_supervisor]: Triggered uncontrollable event: EV_blue_visible
[INFO] [1789492886.826825205] [robot_0.robot_supervisor]: Triggered uncontrollable event: EV_red_reached
[INFO] [1789492886.827141039] [robot_0.robot_supervisor]: Selected controllable event: EV_approach_object
[INFO] [1789492887.126562285] [robot_0.robot_supervisor]: Triggered uncontrollable event: EV_blue_visible
[INFO] [1789492887.126834925] [robot_0.robot_supervisor]: Triggered uncontrollable event: EV_red_reached
[INFO] [1789492887.127229087] [robot_0.robot_supervisor]: Selected controllable event: EV_search_object
[INFO] [1789492887.326885030] [robot_0.robot_supervisor]: Triggered uncontrollable event: EV_blue_visible
[INFO] [1789492887.327297222] [robot_0.robot_supervisor]: Triggered uncontrollable event: EV_red_reached
[INFO] [1789492887.327694244] [robot_0.robot_supervisor]: Selected controllable event: EV_approach_object
[INFO] [1789492887.626545487] [robot_0.robot_supervisor]: Triggered uncontrollable event: EV_red_reached
[INFO] [1789492887.626809509] [robot_0.robot_supervisor]: Triggered uncontrollable event: EV_blue_not_visible
[INFO] [1789492887.627144845] [robot_0.robot_supervisor]: Selected controllable event: EV_move_forward
[INFO] [1789492887.926740963] [robot_0.robot_supervisor]: Triggered uncontrollable event: EV_red_reached
[INFO] [1789492887.927021551] [robot_0.robot_supervisor]: Triggered uncontrollable event: EV_blue_not_visible
[INFO] [1789492887.927375110] [robot_0.robot_supervisor]: Selected controllable event: EV_search_object
[INFO] [1789492888.126636600] [robot_0.robot_supervisor]: Selected controllable event: EV_search_color
[INFO] [1789492888.326877132] [robot_0.robot_supervisor]: Triggered uncontrollable event: EV_red_not_visible
[INFO] [1789492888.327266823] [robot_0.robot_supervisor]: Triggered uncontrollable event: EV_blue_not_visible
[INFO] [1789492888.327745309] [robot_0.robot_supervisor]: Selected controllable event: EV_search_color
[INFO] [1789492888.526733459] [robot_0.robot_supervisor]: Triggered uncontrollable event: EV_red_not_visible
[INFO] [1789492888.527012944] [robot_0.robot_supervisor]: Triggered uncontrollable event: EV_blue_not_visible
[INFO] [1789492888.527345746] [robot_0.robot_supervisor]: Selected controllable event: EV_approach_color
[INFO] [1789492888.826541711] [robot_0.robot_supervisor]: Triggered uncontrollable event: EV_red_not_visible
[INFO] [1789492888.826801906] [robot_0.robot_supervisor]: Triggered uncontrollable event: EV_blue_not_visible
[INFO] [1789492888.827135826] [robot_0.robot_supervisor]: Selected controllable event: EV_approach_object
[INFO] [1789492889.126619058] [robot_0.robot_supervisor]: Triggered uncontrollable event: EV_obstacle_right
[INFO] [1789492889.127054350] [robot_0.robot_supervisor]: Triggered uncontrollable event: EV_red_not_visible
[INFO] [1789492889.127351869] [robot_0.robot_supervisor]: Triggered uncontrollable event: EV_blue_not_visible
[INFO] [1789492889.127753637] [robot_0.robot_supervisor]: Selected controllable event: EV_u_turn
[INFO] [1789492889.128189051] [robot_0.robot_supervisor]: Starting FULL ROTATE (omega=1.000, have_odom=True, target_rad=3.142, timeout_s=3.500)
[INFO] [1789492890.926936959] [robot_0.robot_supervisor]: FULL ROTATE completed by odom (accum_rad=3.328)
[INFO] [1789492891.227238868] [robot_0.robot_supervisor]: Triggered uncontrollable event: EV_blue_visible
[INFO] [1789492891.227686122] [robot_0.robot_supervisor]: Triggered uncontrollable event: EV_red_visible
[INFO] [1789492891.228092277] [robot_0.robot_supervisor]: Triggered uncontrollable event: EV_blue_not_visible
[INFO] [1789492891.228682489] [robot_0.robot_supervisor]: Selected controllable event: EV_search_object
[INFO] [1789492891.426521543] [robot_0.robot_supervisor]: Triggered uncontrollable event: EV_blue_visible
[INFO] [1789492891.426774189] [robot_0.robot_supervisor]: Triggered uncontrollable event: EV_red_visible
[INFO] [1789492891.427108278] [robot_0.robot_supervisor]: Selected controllable event: EV_search_color
[INFO] [1789492891.626540487] [robot_0.robot_supervisor]: Selected controllable event: EV_move_forward
[INFO] [1789492891.927020988] [robot_0.robot_supervisor]: Triggered uncontrollable event: EV_blue_visible
[INFO] [1789492891.927438543] [robot_0.robot_supervisor]: Triggered uncontrollable event: EV_red_visible
[INFO] [1789492891.927978720] [robot_0.robot_supervisor]: Selected controllable event: EV_search_color
[INFO] [1789492892.127073518] [robot_0.robot_supervisor]: Selected controllable event: EV_approach_color
[INFO] [1789492892.426655117] [robot_0.robot_supervisor]: Triggered uncontrollable event: EV_blue_visible
[INFO] [1789492892.426910365] [robot_0.robot_supervisor]: Triggered uncontrollable event: EV_red_visible
[INFO] [1789492892.427220306] [robot_0.robot_supervisor]: Selected controllable event: EV_move_forward
[INFO] [1789492892.726525556] [robot_0.robot_supervisor]: Triggered uncontrollable event: EV_blue_visible
[INFO] [1789492892.726785556] [robot_0.robot_supervisor]: Triggered uncontrollable event: EV_red_not_visible
[INFO] [1789492892.727114400] [robot_0.robot_supervisor]: Selected controllable event: EV_approach_color
[INFO] [1789492893.026491448] [robot_0.robot_supervisor]: Triggered uncontrollable event: EV_blue_visible
[INFO] [1789492893.026744701] [robot_0.robot_supervisor]: Triggered uncontrollable event: EV_red_not_visible
[INFO] [1789492893.027083238] [robot_0.robot_supervisor]: Selected controllable event: EV_search_color
[INFO] [1789492893.226642769] [robot_0.robot_supervisor]: Triggered uncontrollable event: EV_blue_visible
[INFO] [1789492893.226888499] [robot_0.robot_supervisor]: Triggered uncontrollable event: EV_red_not_visible
[INFO] [1789492893.227189714] [robot_0.robot_supervisor]: Selected controllable event: EV_approach_color
[INFO] [1789492893.526581230] [robot_0.robot_supervisor]: Triggered uncontrollable event: EV_blue_visible
[INFO] [1789492893.526887624] [robot_0.robot_supervisor]: Triggered uncontrollable event: EV_red_not_visible
[INFO] [1789492893.527224488] [robot_0.robot_supervisor]: Selected controllable event: EV_approach_object
[INFO] [1789492893.827149530] [robot_0.robot_supervisor]: Triggered uncontrollable event: EV_blue_visible
[INFO] [1789492893.827564220] [robot_0.robot_supervisor]: Triggered uncontrollable event: EV_red_not_visible
[INFO] [1789492893.828063025] [robot_0.robot_supervisor]: Selected controllable event: EV_approach_color
[INFO] [1789492894.126702059] [robot_0.robot_supervisor]: Triggered uncontrollable event: EV_blue_visible
[INFO] [1789492894.127015231] [robot_0.robot_supervisor]: Triggered uncontrollable event: EV_red_not_visible
[INFO] [1789492894.127427392] [robot_0.robot_supervisor]: Selected controllable event: EV_approach_color
[INFO] [1789492894.427194979] [robot_0.robot_supervisor]: Triggered uncontrollable event: EV_blue_visible
[INFO] [1789492894.427658509] [robot_0.robot_supervisor]: Triggered uncontrollable event: EV_red_not_visible
[INFO] [1789492894.428300865] [robot_0.robot_supervisor]: Selected controllable event: EV_move_forward
[INFO] [1789492894.727127045] [robot_0.robot_supervisor]: Triggered uncontrollable event: EV_blue_visible
[INFO] [1789492894.727594051] [robot_0.robot_supervisor]: Triggered uncontrollable event: EV_red_not_visible
[INFO] [1789492894.728284421] [robot_0.robot_supervisor]: Selected controllable event: EV_search_color
[INFO] [1789492894.926845933] [robot_0.robot_supervisor]: Triggered uncontrollable event: EV_blue_visible
[INFO] [1789492894.927170969] [robot_0.robot_supervisor]: Triggered uncontrollable event: EV_red_not_visible
[INFO] [1789492894.927497308] [robot_0.robot_supervisor]: Selected controllable event: EV_move_forward
[INFO] [1789492895.226650146] [robot_0.robot_supervisor]: Triggered uncontrollable event: EV_blue_visible
[INFO] [1789492895.226958337] [robot_0.robot_supervisor]: Triggered uncontrollable event: EV_red_not_visible
[INFO] [1789492895.227328246] [robot_0.robot_supervisor]: Selected controllable event: EV_search_object
[INFO] [1789492895.427117358] [robot_0.robot_supervisor]: Triggered uncontrollable event: EV_blue_visible
[INFO] [1789492895.427578629] [robot_0.robot_supervisor]: Triggered uncontrollable event: EV_red_not_visible
[INFO] [1789492895.428248120] [robot_0.robot_supervisor]: Selected controllable event: EV_approach_object
[INFO] [1789492895.726541432] [robot_0.robot_supervisor]: Triggered uncontrollable event: EV_blue_visible
[INFO] [1789492895.726803839] [robot_0.robot_supervisor]: Triggered uncontrollable event: EV_red_not_visible
[INFO] [1789492895.727205121] [robot_0.robot_supervisor]: Selected controllable event: EV_move_forward
[INFO] [1789492896.026513428] [robot_0.robot_supervisor]: Triggered uncontrollable event: EV_blue_visible
[INFO] [1789492896.026776606] [robot_0.robot_supervisor]: Triggered uncontrollable event: EV_red_not_visible
[INFO] [1789492896.027106795] [robot_0.robot_supervisor]: Selected controllable event: EV_approach_object
[INFO] [1789492896.327101400] [robot_0.robot_supervisor]: Triggered uncontrollable event: EV_blue_visible
[INFO] [1789492896.327513693] [robot_0.robot_supervisor]: Triggered uncontrollable event: EV_obstacle_right
[INFO] [1789492896.327894888] [robot_0.robot_supervisor]: Triggered uncontrollable event: EV_red_not_visible
[INFO] [1789492896.328436829] [robot_0.robot_supervisor]: Selected controllable event: EV_u_turn
[INFO] [1789492896.329089448] [robot_0.robot_supervisor]: Starting FULL ROTATE (omega=1.000, have_odom=True, target_rad=3.142, timeout_s=3.500)
[INFO] [1789492898.126948636] [robot_0.robot_supervisor]: FULL ROTATE completed by odom (accum_rad=3.328)
[INFO] [1789492898.426930987] [robot_0.robot_supervisor]: Triggered uncontrollable event: EV_red_not_visible
[INFO] [1789492898.427235712] [robot_0.robot_supervisor]: Triggered uncontrollable event: EV_blue_not_visible
[INFO] [1789492898.427614918] [robot_0.robot_supervisor]: Selected controllable event: EV_approach_color
[INFO] [1789492898.726657434] [robot_0.robot_supervisor]: Triggered uncontrollable event: EV_red_visible
[INFO] [1789492898.726930528] [robot_0.robot_supervisor]: Triggered uncontrollable event: EV_blue_not_visible
[INFO] [1789492898.727257054] [robot_0.robot_supervisor]: Selected controllable event: EV_search_color
[INFO] [1789492898.926570245] [robot_0.robot_supervisor]: Triggered uncontrollable event: EV_red_visible
[INFO] [1789492898.926830281] [robot_0.robot_supervisor]: Triggered uncontrollable event: EV_blue_not_visible
[INFO] [1789492898.927203268] [robot_0.robot_supervisor]: Selected controllable event: EV_move_forward
[INFO] [1789492899.226804871] [robot_0.robot_supervisor]: Triggered uncontrollable event: EV_red_visible
[INFO] [1789492899.227319960] [robot_0.robot_supervisor]: Triggered uncontrollable event: EV_blue_not_visible
[INFO] [1789492899.227717681] [robot_0.robot_supervisor]: Selected controllable event: EV_approach_color
[INFO] [1789492899.527024940] [robot_0.robot_supervisor]: Triggered uncontrollable event: EV_red_visible
[INFO] [1789492899.527435172] [robot_0.robot_supervisor]: Triggered uncontrollable event: EV_blue_not_visible
[INFO] [1789492899.527958138] [robot_0.robot_supervisor]: Selected controllable event: EV_search_object
[INFO] [1789492899.727107730] [robot_0.robot_supervisor]: Triggered uncontrollable event: EV_red_reached
[INFO] [1789492899.727602807] [robot_0.robot_supervisor]: Triggered uncontrollable event: EV_blue_not_visible
[INFO] [1789492899.728183737] [robot_0.robot_supervisor]: Selected controllable event: EV_approach_color
[INFO] [1789492900.026626649] [robot_0.robot_supervisor]: Triggered uncontrollable event: EV_red_reached
[INFO] [1789492900.026893698] [robot_0.robot_supervisor]: Triggered uncontrollable event: EV_blue_not_visible
[INFO] [1789492900.027216724] [robot_0.robot_supervisor]: Selected controllable event: EV_approach_color
[INFO] [1789492900.327200653] [robot_0.robot_supervisor]: Triggered uncontrollable event: EV_obstacle_right
[INFO] [1789492900.327620006] [robot_0.robot_supervisor]: Triggered uncontrollable event: EV_red_reached
[INFO] [1789492900.327999091] [robot_0.robot_supervisor]: Triggered uncontrollable event: EV_blue_not_visible
[INFO] [1789492900.328537900] [robot_0.robot_supervisor]: Selected controllable event: EV_rotate_counterclockwise
[INFO] [1789492900.526617514] [robot_0.robot_supervisor]: Triggered uncontrollable event: EV_obstacle_right
[INFO] [1789492900.526915919] [robot_0.robot_supervisor]: Triggered uncontrollable event: EV_red_reached
[INFO] [1789492900.527137671] [robot_0.robot_supervisor]: Triggered uncontrollable event: EV_blue_not_visible
[INFO] [1789492900.527465184] [robot_0.robot_supervisor]: Selected controllable event: EV_u_turn
[INFO] [1789492900.527752199] [robot_0.robot_supervisor]: Starting FULL ROTATE (omega=1.000, have_odom=True, target_rad=3.142, timeout_s=3.500)
