[INFO] [launch]: All log files can be found below /home/ecem/sct_ws/src/llm_sct/RESULTS_LAST/baseline/delivery_stack_xml/batch_logs/ros_slot5/2026-09-15-18-28-46-671955-ecem-pc-73000
[INFO] [launch]: Default logging verbosity is set to INFO
[leo_delivery] randomized task layout with seed 1006
[spawn_multi_robots] run_id=run_20260915_182847_060302369 random_seed=1006 
[INFO] [ign gazebo-1]: process started with pid [73063]
[INFO] [image_bridge-2]: process started with pid [73069]
[INFO] [simulation_video_recorder-3]: process started with pid [73078]
[INFO] [coverage_counter-4]: process started with pid [73085]
[INFO] [bump_counter-5]: process started with pid [73096]
[INFO] [parameter_bridge-6]: process started with pid [73114]
[INFO] [robot_state_publisher-7]: process started with pid [73118]
[INFO] [create-8]: process started with pid [73131]
[INFO] [static_transform_publisher-9]: process started with pid [73160]
[INFO] [image_bridge-10]: process started with pid [73171]
[INFO] [robot_state_publisher-11]: process started with pid [73189]
[INFO] [create-12]: process started with pid [73219]
[INFO] [static_transform_publisher-13]: process started with pid [73236]
[INFO] [image_bridge-14]: process started with pid [73282]
[INFO] [robot_state_publisher-15]: process started with pid [73309]
[INFO] [create-16]: process started with pid [73341]
[INFO] [static_transform_publisher-17]: process started with pid [73364]
[INFO] [image_bridge-18]: process started with pid [73400]
[INFO] [parameter_bridge-19]: process started with pid [73432]
[static_transform_publisher-9] [WARN] [1789489727.316112332] []: Old-style arguments are deprecated; see --help for new-style arguments
[static_transform_publisher-9] [INFO] [1789489727.467166026] [robot_0_spawn_offset_tf]: Spinning until stopped - publishing transform
[static_transform_publisher-9] translation: ('-0.703935', '-2.288492', '0.000000')
[static_transform_publisher-9] rotation: ('0.000000', '0.000000', '-0.998974', '0.045295')
[static_transform_publisher-9] from 'odom' to 'robot_0/odom'
[static_transform_publisher-13] [WARN] [1789489727.375183813] []: Old-style arguments are deprecated; see --help for new-style arguments
[static_transform_publisher-17] [WARN] [1789489727.444445179] []: Old-style arguments are deprecated; see --help for new-style arguments
[static_transform_publisher-13] [INFO] [1789489727.599542911] [robot_1_spawn_offset_tf]: Spinning until stopped - publishing transform
[static_transform_publisher-13] translation: ('0.722512', '-1.819122', '0.000000')
[static_transform_publisher-13] rotation: ('0.000000', '0.000000', '-0.835433', '0.549593')
[static_transform_publisher-13] from 'odom' to 'robot_1/odom'
[robot_state_publisher-11] [INFO] [1789489727.738408579] [robot_1.robot_state_publisher]: got segment robot_1/antenna_link
[robot_state_publisher-11] [INFO] [1789489727.738502747] [robot_1.robot_state_publisher]: got segment robot_1/base_footprint
[robot_state_publisher-11] [INFO] [1789489727.738512641] [robot_1.robot_state_publisher]: got segment robot_1/base_link
[robot_state_publisher-11] [INFO] [1789489727.738518949] [robot_1.robot_state_publisher]: got segment robot_1/realsense_link
[robot_state_publisher-11] [INFO] [1789489727.738524112] [robot_1.robot_state_publisher]: got segment robot_1/rocker_L_link
[robot_state_publisher-11] [INFO] [1789489727.738529520] [robot_1.robot_state_publisher]: got segment robot_1/rocker_R_link
[robot_state_publisher-11] [INFO] [1789489727.738534880] [robot_1.robot_state_publisher]: got segment robot_1/wheel_FL_link
[robot_state_publisher-11] [INFO] [1789489727.738540421] [robot_1.robot_state_publisher]: got segment robot_1/wheel_FR_link
[robot_state_publisher-11] [INFO] [1789489727.738545776] [robot_1.robot_state_publisher]: got segment robot_1/wheel_RL_link
[robot_state_publisher-11] [INFO] [1789489727.738551496] [robot_1.robot_state_publisher]: got segment robot_1/wheel_RR_link
[static_transform_publisher-17] [INFO] [1789489727.739005017] [robot_2_spawn_offset_tf]: Spinning until stopped - publishing transform
[static_transform_publisher-17] translation: ('1.779641', '-1.558268', '0.000000')
[static_transform_publisher-17] rotation: ('0.000000', '0.000000', '-0.794841', '0.606818')
[static_transform_publisher-17] from 'odom' to 'robot_2/odom'
[create-16] [INFO] [1789489727.803467490] [robot_2.ros_gz_sim]: Requesting list of world names.
[create-12] [INFO] [1789489727.850945486] [robot_1.ros_gz_sim]: Requesting list of world names.
[parameter_bridge-19] [INFO] [1789489727.881368165] [clock_bridge]: Creating GZ->ROS Bridge: [/clock (ignition.msgs.Clock) -> /clock (rosgraph_msgs/msg/Clock)] (Lazy 0)
[parameter_bridge-6] [INFO] [1789489727.883471410] [all_robots_bridge]: Creating ROS->GZ Bridge: [/robot_0/cmd_vel (geometry_msgs/msg/Twist) -> /robot_0/cmd_vel (ignition.msgs.Twist)] (Lazy 0)
[parameter_bridge-6] [INFO] [1789489727.900407106] [all_robots_bridge]: Creating GZ->ROS Bridge: [/robot_0/odom (ignition.msgs.Odometry) -> /robot_0/odom (nav_msgs/msg/Odometry)] (Lazy 0)
[parameter_bridge-6] [INFO] [1789489727.908051247] [all_robots_bridge]: Creating GZ->ROS Bridge: [/robot_0/tf (ignition.msgs.Pose_V) -> /robot_0/tf (tf2_msgs/msg/TFMessage)] (Lazy 0)
[create-8] [INFO] [1789489727.917223926] [robot_0.ros_gz_sim]: Requesting list of world names.
[robot_state_publisher-15] [INFO] [1789489727.984282181] [robot_2.robot_state_publisher]: got segment robot_2/antenna_link
[robot_state_publisher-15] [INFO] [1789489727.984384711] [robot_2.robot_state_publisher]: got segment robot_2/base_footprint
[robot_state_publisher-15] [INFO] [1789489727.984395774] [robot_2.robot_state_publisher]: got segment robot_2/base_link
[robot_state_publisher-15] [INFO] [1789489727.984402450] [robot_2.robot_state_publisher]: got segment robot_2/realsense_link
[robot_state_publisher-15] [INFO] [1789489727.984407940] [robot_2.robot_state_publisher]: got segment robot_2/rocker_L_link
[robot_state_publisher-15] [INFO] [1789489727.984412831] [robot_2.robot_state_publisher]: got segment robot_2/rocker_R_link
[robot_state_publisher-15] [INFO] [1789489727.984417620] [robot_2.robot_state_publisher]: got segment robot_2/wheel_FL_link
[robot_state_publisher-15] [INFO] [1789489727.984422279] [robot_2.robot_state_publisher]: got segment robot_2/wheel_FR_link
[robot_state_publisher-15] [INFO] [1789489727.984426812] [robot_2.robot_state_publisher]: got segment robot_2/wheel_RL_link
[robot_state_publisher-15] [INFO] [1789489727.984432082] [robot_2.robot_state_publisher]: got segment robot_2/wheel_RR_link
[create-16] [INFO] [1789489728.014979779] [robot_2.ros_gz_sim]: Waiting messages on topic [/robot_2/robot_description].
[parameter_bridge-6] [INFO] [1789489728.028985346] [all_robots_bridge]: Creating GZ->ROS Bridge: [/robot_0/joint_states (ignition.msgs.Model) -> /robot_0/joint_states (sensor_msgs/msg/JointState)] (Lazy 0)
[parameter_bridge-6] [INFO] [1789489728.030313419] [all_robots_bridge]: Creating GZ->ROS Bridge: [/robot_0/depth_camera/depth_image (ignition.msgs.Image) -> /robot_0/depth_camera/depth_image (sensor_msgs/msg/Image)] (Lazy 0)
[parameter_bridge-6] [INFO] [1789489728.039345567] [all_robots_bridge]: Creating GZ->ROS Bridge: [/robot_0/depth_camera/camera_info (ignition.msgs.CameraInfo) -> /robot_0/depth_camera/camera_info (sensor_msgs/msg/CameraInfo)] (Lazy 0)
[parameter_bridge-6] [INFO] [1789489728.044995215] [all_robots_bridge]: Creating GZ->ROS Bridge: [/world/random_world/model/robot_0/link/robot_0/base_footprint/sensor/contact_sensor/contact (ignition.msgs.Contacts) -> /world/random_world/model/robot_0/link/robot_0/base_footprint/sensor/contact_sensor/contact (ros_gz_interfaces/msg/Contacts)] (Lazy 0)
[parameter_bridge-6] [INFO] [1789489728.056910333] [all_robots_bridge]: Creating ROS->GZ Bridge: [/robot_1/cmd_vel (geometry_msgs/msg/Twist) -> /robot_1/cmd_vel (ignition.msgs.Twist)] (Lazy 0)
[parameter_bridge-6] [INFO] [1789489728.058374890] [all_robots_bridge]: Creating GZ->ROS Bridge: [/robot_1/odom (ignition.msgs.Odometry) -> /robot_1/odom (nav_msgs/msg/Odometry)] (Lazy 0)
[parameter_bridge-6] [INFO] [1789489728.060970844] [all_robots_bridge]: Creating GZ->ROS Bridge: [/robot_1/tf (ignition.msgs.Pose_V) -> /robot_1/tf (tf2_msgs/msg/TFMessage)] (Lazy 0)
[parameter_bridge-6] [INFO] [1789489728.066603274] [all_robots_bridge]: Creating GZ->ROS Bridge: [/robot_1/joint_states (ignition.msgs.Model) -> /robot_1/joint_states (sensor_msgs/msg/JointState)] (Lazy 0)
[parameter_bridge-6] [INFO] [1789489728.075421979] [all_robots_bridge]: Creating GZ->ROS Bridge: [/robot_1/depth_camera/depth_image (ignition.msgs.Image) -> /robot_1/depth_camera/depth_image (sensor_msgs/msg/Image)] (Lazy 0)
[parameter_bridge-6] [INFO] [1789489728.077869537] [all_robots_bridge]: Creating GZ->ROS Bridge: [/robot_1/depth_camera/camera_info (ignition.msgs.CameraInfo) -> /robot_1/depth_camera/camera_info (sensor_msgs/msg/CameraInfo)] (Lazy 0)
[parameter_bridge-6] [INFO] [1789489728.082024758] [all_robots_bridge]: Creating GZ->ROS Bridge: [/world/random_world/model/robot_1/link/robot_1/base_footprint/sensor/contact_sensor/contact (ignition.msgs.Contacts) -> /world/random_world/model/robot_1/link/robot_1/base_footprint/sensor/contact_sensor/contact (ros_gz_interfaces/msg/Contacts)] (Lazy 0)
[parameter_bridge-6] [INFO] [1789489728.095575783] [all_robots_bridge]: Creating ROS->GZ Bridge: [/robot_2/cmd_vel (geometry_msgs/msg/Twist) -> /robot_2/cmd_vel (ignition.msgs.Twist)] (Lazy 0)
[parameter_bridge-6] [INFO] [1789489728.096375261] [all_robots_bridge]: Creating GZ->ROS Bridge: [/robot_2/odom (ignition.msgs.Odometry) -> /robot_2/odom (nav_msgs/msg/Odometry)] (Lazy 0)
[parameter_bridge-6] [INFO] [1789489728.098431816] [all_robots_bridge]: Creating GZ->ROS Bridge: [/robot_2/tf (ignition.msgs.Pose_V) -> /robot_2/tf (tf2_msgs/msg/TFMessage)] (Lazy 0)
[parameter_bridge-6] [INFO] [1789489728.100488117] [all_robots_bridge]: Creating GZ->ROS Bridge: [/robot_2/joint_states (ignition.msgs.Model) -> /robot_2/joint_states (sensor_msgs/msg/JointState)] (Lazy 0)
[parameter_bridge-6] [INFO] [1789489728.111771002] [all_robots_bridge]: Creating GZ->ROS Bridge: [/robot_2/depth_camera/depth_image (ignition.msgs.Image) -> /robot_2/depth_camera/depth_image (sensor_msgs/msg/Image)] (Lazy 0)
[parameter_bridge-6] [INFO] [1789489728.113198981] [all_robots_bridge]: Creating GZ->ROS Bridge: [/robot_2/depth_camera/camera_info (ignition.msgs.CameraInfo) -> /robot_2/depth_camera/camera_info (sensor_msgs/msg/CameraInfo)] (Lazy 0)
[parameter_bridge-6] [INFO] [1789489728.120118174] [all_robots_bridge]: Creating GZ->ROS Bridge: [/world/random_world/model/robot_2/link/robot_2/base_footprint/sensor/contact_sensor/contact (ignition.msgs.Contacts) -> /world/random_world/model/robot_2/link/robot_2/base_footprint/sensor/contact_sensor/contact (ros_gz_interfaces/msg/Contacts)] (Lazy 0)
[parameter_bridge-6] [INFO] [1789489728.125699269] [all_robots_bridge]: Creating GZ->ROS Bridge: [/world/random_world/dynamic_pose/info (ignition.msgs.Pose_V) -> /world/random_world/dynamic_pose/info (tf2_msgs/msg/TFMessage)] (Lazy 0)
[robot_state_publisher-7] [INFO] [1789489728.168798681] [robot_0.robot_state_publisher]: got segment robot_0/antenna_link
[robot_state_publisher-7] [INFO] [1789489728.168930206] [robot_0.robot_state_publisher]: got segment robot_0/base_footprint
[robot_state_publisher-7] [INFO] [1789489728.168942514] [robot_0.robot_state_publisher]: got segment robot_0/base_link
[robot_state_publisher-7] [INFO] [1789489728.168949312] [robot_0.robot_state_publisher]: got segment robot_0/realsense_link
[robot_state_publisher-7] [INFO] [1789489728.168954897] [robot_0.robot_state_publisher]: got segment robot_0/rocker_L_link
[robot_state_publisher-7] [INFO] [1789489728.168960146] [robot_0.robot_state_publisher]: got segment robot_0/rocker_R_link
[robot_state_publisher-7] [INFO] [1789489728.168965290] [robot_0.robot_state_publisher]: got segment robot_0/wheel_FL_link
[robot_state_publisher-7] [INFO] [1789489728.168970730] [robot_0.robot_state_publisher]: got segment robot_0/wheel_FR_link
[robot_state_publisher-7] [INFO] [1789489728.168975706] [robot_0.robot_state_publisher]: got segment robot_0/wheel_RL_link
[robot_state_publisher-7] [INFO] [1789489728.168981654] [robot_0.robot_state_publisher]: got segment robot_0/wheel_RR_link
[simulation_video_recorder-3] [INFO] [1789489728.772118967] [simulation_video_recorder]: Simulation video recording disabled for this run
[bump_counter-5] [INFO] [1789489728.838545948] [bump_counter]: [global] global_mode=True cooldown(robot)=0.80s cooldown(obs)=0.50s Logging to /home/ecem/sct_ws/src/llm_sct/RESULTS_LAST/baseline/delivery_stack_xml/seed_1006/S_20260915_182327/run_20260915_182847_060302369/bumps_global.csv
[bump_counter-5] [INFO] [1789489729.802527469] [bump_counter]: [global] subscribed: /world/random_world/model/robot_0/link/robot_0/base_footprint/sensor/contact_sensor/contact
[bump_counter-5] [INFO] [1789489729.808425965] [bump_counter]: [global] subscribed: /world/random_world/model/robot_1/link/robot_1/base_footprint/sensor/contact_sensor/contact
[bump_counter-5] [INFO] [1789489729.811725167] [bump_counter]: [global] subscribed: /world/random_world/model/robot_2/link/robot_2/base_footprint/sensor/contact_sensor/contact
[create-12] [INFO] [1789489732.851299777] [robot_1.ros_gz_sim]: Requesting list of world names.
[create-8] [INFO] [1789489732.918579408] [robot_0.ros_gz_sim]: Requesting list of world names.
[create-12] [INFO] [1789489732.953115894] [robot_1.ros_gz_sim]: Waiting messages on topic [/robot_1/robot_description].
[create-16] [ERROR] [1789489733.036678785] [robot_2.ros_gz_sim]: Request to create entity from service [/world/random_world/create] timed out..
[create-16]  sdf: "<?xml version=\"1.0\" ?><!-- =================================================================================== --><!-- |    This document was autogenerated by xacro from /home/ecem/sct_ws/install/leo_description/share/leo_description/urdf/leo_sim.urdf.xacro | --><!-- |    EDITING THIS FILE BY HAND IS NOT RECOMMENDED                                 | --><!-- =================================================================================== --><robot name=\"leo_sim\"><!-- LEO GAZEBO --><link name=\"robot_2/base_footprint\"/><link name=\"robot_2/base_link\"><inertial><mass value=\"1.584994\"/><origin xyz=\"-0.019662 0.011643 -0.031802\"/><inertia ixx=\"0.01042\" ixy=\"0.001177\" ixz=\"-0.0008871\" iyy=\"0.01045\" iyz=\"0.0002226\" izz=\"0.01817\"/></inertial><visual><geometry><mesh filename=\"package://leo_description/models/Chassis.dae\"/></geometry><material name=\"robot_2/_chassis_mat\"><color rgba=\"1.0 1.0 0.0 1\"/></material></visual><!-- <collision>\n        <geometry>\n          <mesh filename=\"package://leo_description/models/Chassis_outline.stl\"/>\n        </geometry>\n      </collision> --><collision name=\"base_collision\"><origin xyz=\"0 0 -0.05\"/><geometry><box size=\"0.5 0.45 0.25\"/></geometry></collision></link><link name=\"robot_2/rocker_L_link\"><inertial><mass value=\"1.387336\"/><origin xyz=\"0 0.01346 -0.06506\"/><inertia ixx=\"0.002956\" ixy=\"-0.000001489324\" ixz=\"-0.000008103407\" iyy=\"0.02924\" iyz=\"0.00007112\" izz=\"0.02832\"/></inertial><visual><geometry><mesh filename=\"package://leo_description/models/Rocker.dae\"/></geometry></visual><!-- <collision>\n          <geometry>\n            <mesh filename=\"package://leo_description/models/Rocker_outline.stl\"/>\n          </geometry>\n        </collision> --><collision><origin xyz=\"0 0 -0.05\"/><geometry><box size=\"0.25 0.05 0.05\"/></geometry></collision></link><link name=\"robot_2/rocker_R_link\"><inertial><mass value=\"1.387336\"/><origin xyz=\"0 0.01346 -0.06506\"/><inertia ixx=\"0.002956\" ixy=\"-0.000001489324\" ixz=\"-0.000008103407\" iyy=\"0.02924\" iyz=\"0.00007112\" izz=\"0.02832\"/></inertial><visual><geometry><mesh filename=\"package://leo_description/models/Rocker.dae\"/></geometry></visual><!-- <collision>\n          <geometry>\n            <mesh filename=\"package://leo_description/models/Rocker_outline.stl\"/>\n          </geometry>\n        </collision> --><collision><origin xyz=\"0 0 -0.05\"/><geometry><box size=\"0.25 0.05 0.05\"/></geometry></collision></link><link name=\"robot_2/wheel_FL_link\"><inertial><mass value=\"0.283642\"/><origin xyz=\"0 0.030026 0\"/><inertia ixx=\"0.000391\" ixy=\"0.00000123962\" ixz=\"5.52582e-7\" iyy=\"0.0004716\" iyz=\"-0.000002082042\" izz=\"0.000391\"/></inertial><visual><geometry><mesh filename=\"package://leo_description/models/WheelA.dae\"/></geometry></visual><!-- <collision>\n          <origin xyz=\"0 0.04485 0\" rpy=\"${pi/2} 0 0\"/>\n          <geometry>\n            <cylinder radius=\"0.057\" length=\"0.07\"/>\n          </geometry>\n        </collision> --><collision><origin rpy=\"1.5707963267948966 0 0\" xyz=\"0 0.04485 0\"/><geometry><cylinder length=\"0.04\" radius=\"0.0625\"/></geometry></collision><!-- <collision>\n          <geometry>\n            <mesh filename=\"package://leo_description/models/Wheel_outline.stl\"/>\n          </geometry>\n        </collision> --></link><link name=\"robot_2/wheel_RL_link\"><inertial><mass value=\"0.283642\"/><origin xyz=\"0 0.030026 0\"/><inertia ixx=\"0.000391\" ixy=\"0.00000123962\" ixz=\"5.52582e-7\" iyy=\"0.0004716\" iyz=\"-0.000002082042\" izz=\"0.000391\"/></inertial><visual><geometry><mesh filename=\"package://leo_description/models/WheelA.dae\"/></geometry></visual><!-- <collision>\n          <origin xyz=\"0 0.04485 0\" rpy=\"${pi/2} 0 0\"/>\n          <geometry>\n            <cylinder radius=\"0.057\" length=\"0.07\"/>\n          </geometry>\n        </collision> --><collision><origin rpy=\"1.5707963267948966 0 0\" xyz=\"0 0.04485 0\"/><geometry><cylinder length=\"0.04\" radius=\"0.0625\"/></geometry></collision><!-- <collision>\n          <geometry>\n            <mesh filename=\"package://leo_description/models/Wheel_outline.stl\"/>\n          </geometry>\n        </collision> --></link><link name=\"robot_2/wheel_FR_link\"><inertial><mass value=\"0.283642\"/><origin xyz=\"0 0.030026 0\"/><inertia ixx=\"0.000391\" ixy=\"0.00000123962\" ixz=\"5.52582e-7\" iyy=\"0.0004716\" iyz=\"-0.000002082042\" izz=\"0.000391\"/></inertial><visual><geometry><mesh filename=\"package://leo_description/models/WheelB.dae\"/></geometry></visual><!-- <collision>\n          <origin xyz=\"0 0.04485 0\" rpy=\"${pi/2} 0 0\"/>\n          <geometry>\n            <cylinder radius=\"0.057\" length=\"0.07\"/>\n          </geometry>\n        </collision> --><collision><origin rpy=\"1.5707963267948966 0 0\" xyz=\"0 0.04485 0\"/><geometry><cylinder length=\"0.04\" radius=\"0.0625\"/></geometry></collision><!-- <collision>\n          <geometry>\n            <mesh filename=\"package://leo_description/models/Wheel_outline.stl\"/>\n          </geometry>\n        </collision> --></link><link name=\"robot_2/wheel_RR_link\"><inertial><mass value=\"0.283642\"/><origin xyz=\"0 0.030026 0\"/><inertia ixx=\"0.000391\" ixy=\"0.00000123962\" ixz=\"5.52582e-7\" iyy=\"0.0004716\" iyz=\"-0.000002082042\" izz=\"0.000391\"/></inertial><visual><geometry><mesh filename=\"package://leo_description/models/WheelB.dae\"/></geometry></visual><!-- <collision>\n          <origin xyz=\"0 0.04485 0\" rpy=\"${pi/2} 0 0\"/>\n          <geometry>\n            <cylinder radius=\"0.057\" length=\"0.07\"/>\n          </geometry>\n        </collision> --><collision><origin rpy=\"1.5707963267948966 0 0\" xyz=\"0 0.04485 0\"/><geometry><cylinder length=\"0.04\" radius=\"0.0625\"/></geometry></collision><!-- <collision>\n          <geometry>\n            <mesh filename=\"package://leo_description/models/Wheel_outline.stl\"/>\n          </geometry>\n        </collision> --></link><link name=\"robot_2/antenna_link\"><inertial><mass value=\"0.001237\"/><origin xyz=\"0 0 0.028828\"/><inertia ixx=\"2.5529e-7\" ixy=\"0.0\" ixz=\"0.0\" iyy=\"2.5529e-7\" iyz=\"0.0\" izz=\"1.354e-8\"/></inertial><visual><geometry><mesh filename=\"package://leo_description/models/Antenna.dae\"/></geometry></visual></link><!-- REALSENSE CAMERA LINK --><link name=\"robot_2/realsense_link\"><visual><geometry><mesh filename=\"package://leo_description/models/d435.dae\"/></geometry></visual></link><joint name=\"base_joint\" type=\"fixed\"><origin rpy=\"0 0 0\" xyz=\"0 0 0.19783\"/><parent link=\"robot_2/base_footprint\"/><child link=\"robot_2/base_link\"/></joint><joint name=\"rocker_L_joint\" type=\"revolute\"><origin rpy=\"0 0 3.141592653589793\" xyz=\"0.00263 0.14167 -0.04731\"/><parent link=\"robot_2/base_link\"/><child link=\"robot_2/rocker_L_link\"/><axis xyz=\"0 1 0\"/><limit effort=\"100.0\" lower=\"-0.24\" upper=\"0.24\" velocity=\"100.0\"/><dynamics damping=\"0.1\" friction=\"1.0\"/></joint><joint name=\"rocker_R_joint\" type=\"revolute\"><origin rpy=\"0 0 0\" xyz=\"0.00263 -0.14167 -0.04731\"/><parent link=\"robot_2/base_link\"/><child link=\"robot_2/rocker_R_link\"/><axis xyz=\"0 1 0\"/><limit effort=\"100.0\" lower=\"-0.24\" upper=\"0.24\" velocity=\"100.0\"/><dynamics damping=\"0.1\" friction=\"1.0\"/><mimic joint=\"rocker_L_joint\"/></joint><joint name=\"wheel_FL_joint\" type=\"continuous\"><origin rpy=\"0 0 0\" xyz=\"-0.15256 -0.08214 -0.08802\"/><parent link=\"robot_2/rocker_L_link\"/><child link=\"robot_2/wheel_FL_link\"/><axis xyz=\"0 -1 0\"/><limit effort=\"2.0\" velocity=\"6.0\"/><dynamics damping=\"0.1\" friction=\"0.3125\"/></joint><joint name=\"wheel_RL_joint\" type=\"continuous\"><origin rpy=\"0 0 0\" xyz=\"0.15256 -0.08214 -0.08802\"/><parent link=\"robot_2/rocker_L_link\"/><child link=\"robot_2/wheel_RL_link\"/><axis xyz=\"0 -1 0\"/><limit effort=\"2.0\" velocity=\"6.0\"/><dynamics damping=\"0.1\" friction=\"0.3125\"/></joint><joint name=\"wheel_FR_joint\" type=\"continuous\"><origin rpy=\"0 0 0\" xyz=\"0.15256 -0.08214 -0.08802\"/><parent link=\"robot_2/rocker_R_link\"/><child link=\"robot_2/wheel_FR_link\"/><axis xyz=\"0 1 0\"/><limit effort=\"2.0\" velocity=\"6.0\"/><dynamics damping=\"0.1\" friction=\"0.3125\"/></joint><joint name=\"wheel_RR_joint\" type=\"continuous\"><origin rpy=\"0 0 0\" xyz=\"-0.15256 -0.08214 -0.08802\"/><parent link=\"robot_2/rocker_R_link\"/><child link=\"robot_2/wheel_RR_link\"/><axis xyz=\"0 1 0\"/><limit effort=\"2.0\" velocity=\"6.0\"/><dynamics damping=\"0.1\" friction=\"0.3125\"/></joint><joint name=\"antenna_joint\" type=\"fixed\"><origin rpy=\"0 0 0\" xyz=\"-0.0052 0.056 -0.0065\"/><parent link=\"robot_2/base_link\"/><child link=\"robot_2/antenna_link\"/></joint><joint name=\"realsense_joint\" type=\"fixed\"><parent link=\"robot_2/base_link\"/><child link=\"robot_2/realsense_link\"/><origin rpy=\"0 -0.2 0\" xyz=\"0.1 0 0.03\"/></joint><!-- base ODE properties --><gazebo reference=\"robot_2/base_footprint\"><collision><surface><friction><ode><mu>0.3</mu><mu2>0.3</mu2></ode><bullet><friction>0.3</friction><friction2>0.3</friction2><rolling_friction>0.1</rolling_friction></bullet></friction></surface></collision></gazebo><gazebo reference=\"robot_2/base_link\"><collision><surface><friction><ode><mu>0.3</mu><mu2>0.3</mu2></ode><bullet><friction>0.3</friction><friction2>0.3</friction2><rolling_friction>0.1</rolling_friction></bullet></friction></surface></collision></gazebo><!-- rocker ODE properties --><gazebo reference=\"robot_2/rocker_L_link\"><collision><surface><friction><ode><mu>0.3</mu><mu2>0.3</mu2></ode><bullet><friction>0.3</friction><friction2>0.3</friction2><rolling_friction>0.1</rolling_friction></bullet></friction></surface></collision></gazebo><gazebo reference=\"robot_2/rocker_R_link\"><collision><surface><friction><ode><mu>0.3</mu><mu2>0.3</mu2></ode><bullet><friction>0.3</friction><friction2>0.3</friction2><rolling_friction>0.1</rolling_friction></bullet></friction></surface></collision></gazebo><!-- wheel ODE properties --><gazebo reference=\"robot_2/wheel_FL_link\"><collision><surface><friction><ode><mu>1</mu><mu2>1</mu2><slip1>0.035</slip1><slip2>0</slip2><fdir1>0 0 1</fdir1></ode><bullet><friction>1</friction><friction2>1</friction2><rolling_friction>0.1</rolling_friction></bullet></friction></surface></collision></gazebo><gazebo reference=\"robot_2/wheel_FR_link\"><collision><surface><friction><ode><mu>1</mu><mu2>1</mu2><slip1>0.035</slip1><slip2>0</slip2><fdir1>0 0 1</fdir1></ode><bullet><friction>1</friction><friction2>1</friction2><rolling_friction>0.1</rolling_friction></bullet></friction></surface></collision></gazebo><gazebo reference=\"robot_2/wheel_RL_link\"><collision><surface><friction><ode><mu>1</mu><mu2>1</mu2><slip1>0.035</slip1><slip2>0</slip2><fdir1>0 0 1</fdir1></ode><bullet><friction>1</friction><friction2>1</friction2><rolling_friction>0.1</rolling_friction></bullet></friction></surface></collision></gazebo><gazebo reference=\"robot_2/wheel_RR_link\"><collision><surface><friction><ode><mu>1</mu><mu2>1</mu2><slip1>0.035</slip1><slip2>0</slip2><fdir1>0 0 1</fdir1></ode><bullet><friction>1</friction><friction2>1</friction2><rolling_friction>0.1</rolling_friction></bullet></friction></surface></collision></gazebo><!-- Fixed joints are lumped during URDF-to-SDF conversion, so attach the\n         sensors to the surviving base_footprint link at the camera pose. --><gazebo reference=\"robot_2/base_footprint\"><sensor name=\"depth_camera\" type=\"rgbd_camera\"><always_on>1</always_on><update_rate>2</update_rate><pose>0.1 0 0.22783 0 -0.2 0</pose><camera name=\"depth_camera\"><visibility_mask>268435455</visibility_mask><horizontal_fov>1.51844</horizontal_fov><lens><intrinsics><fx>277.127345</fx><fy>277.127345</fy><cx>160.25</cx><cy>120.25</cy><s>0</s></intrinsics></lens><image><width>320</width><height>180</height><format>R8G8B8</format></image><clip><near>0.01</near><far>300</far></clip><depth_camera><clip><near>0.1</near><far>10</far></clip></depth_camera><noise><type>gaussian</type><mean>0</mean><stddev>0.007</stddev></noise></camera><topic>robot_2/depth_camera</topic></sensor></gazebo><!-- rocker differential --><gazebo><plugin filename=\"libleo_gz_differential_plugin.so\" name=\"leo_gz::DifferentialSystem\"><jointA>rocker_L_joint</jointA><jointB>rocker_R_joint</jointB><forceConstant>100.0</forceConstant></plugin></gazebo><gazebo><plugin filename=\"libignition-gazebo-joint-state-publisher-system.so\" name=\"gz::sim::systems::JointStatePublisher\"><topic>robot_2/joint_states</topic></plugin></gazebo><gazebo><plugin filename=\"libgz-sim-diff-drive-system.so\" name=\"gz::sim::systems::DiffDrive\"><left_joint>wheel_FL_joint</left_joint><right_joint>wheel_FR_joint</right_joint><left_joint>wheel_RL_joint</left_joint><right_joint>wheel_RR_joint</right_joint><wheel_separation>0.358</wheel_separation><wheel_radius>0.0625</wheel_radius><frame_id>robot_2/odom</frame_id><child_frame_id>robot_2/base_footprint</child_frame_id><odom_publish_frequency>20</odom_publish_frequency><topic>robot_2/cmd_vel</topic><odom_topic>robot_2/odom</odom_topic><tf_topic>robot_2/tf</tf_topic><max_linear_acceleration>2.5</max_linear_acceleration><max_angular_acceleration>3</max_angular_acceleration><min_linear_acceleration>-2.5</min_linear_acceleration><min_angular_acceleration>-3</min_angular_acceleration></plugin></gazebo><gazebo reference=\"robot_2/base_footprint\"><sensor name=\"contact_sensor\" type=\"contact\"><always_on>true</always_on><update_rate>5</update_rate><contact><collision>robot_2/base_footprint_fixed_joint_lump__base_collision_collision</collision></contact><visualize>true</visualize><plugin filename=\"libignition-gazebo6-contact-system.so\" name=\"ignition::gazebo::systems::Contact\"/></sensor></gazebo></robot>"
[create-16] pose {
[create-16]   position {
[create-16]     x: 1.7796408067881226
[create-16]     y: -1.5582678160724504
[create-16]     z: 0.1
[create-16]   }
[create-16]   orientation {
[create-16]     z: -0.79484095866104165
[create-16]     w: 0.60681780662303919
[create-16]   }
[create-16] }
[create-16] name: "robot_2"
[create-16] 
[create-16] [INFO] [1789489733.036972317] [robot_2.ros_gz_sim]: OK creation of entity.
[create-12] [INFO] [1789489733.054777003] [robot_1.ros_gz_sim]: Requested creation of entity.
[create-12] [INFO] [1789489733.054826286] [robot_1.ros_gz_sim]: OK creation of entity.
[create-8] [INFO] [1789489733.066781507] [robot_0.ros_gz_sim]: Waiting messages on topic [/robot_0/robot_description].
[create-8] [INFO] [1789489733.088833304] [robot_0.ros_gz_sim]: Requested creation of entity.
[create-8] [INFO] [1789489733.088882530] [robot_0.ros_gz_sim]: OK creation of entity.
[INFO] [create-16]: process has finished cleanly [pid 73341]
[INFO] [create-8]: process has finished cleanly [pid 73131]
[INFO] [create-12]: process has finished cleanly [pid 73219]
[INFO] [balanced_delivery_supervisor-20]: process started with pid [75267]
[INFO] [stuck_recovery-21]: process started with pid [75269]
[INFO] [balanced_delivery_supervisor-22]: process started with pid [75273]
[INFO] [stuck_recovery-23]: process started with pid [75275]
[INFO] [balanced_delivery_supervisor-24]: process started with pid [75279]
[INFO] [stuck_recovery-25]: process started with pid [75281]
[ign gazebo-1] libEGL warning: egl: failed to create dri2 screen
[ign gazebo-1] libEGL warning: egl: failed to create dri2 screen
[stuck_recovery-23] [INFO] [1789489734.901020751] [robot_0.stuck_recovery]: Shared stuck recovery active: cmd_vel_supervisor -> cmd_vel (reverse -> turn -> forward)
[parameter_bridge-6] [INFO] [1789489734.909346210] [all_robots_bridge]: Passing message from ROS geometry_msgs/msg/Twist to Gazebo gz.msgs.Twist (showing msg only once per type)
[stuck_recovery-25] [INFO] [1789489734.929067100] [robot_1.stuck_recovery]: Shared stuck recovery active: cmd_vel_supervisor -> cmd_vel (reverse -> turn -> forward)
[stuck_recovery-21] [INFO] [1789489734.979069735] [robot_2.stuck_recovery]: Shared stuck recovery active: cmd_vel_supervisor -> cmd_vel (reverse -> turn -> forward)
[balanced_delivery_supervisor-20] [INFO] [1789489735.371643972] [robot_2.robot_supervisor]: Loaded initial mission 'balanced_delivery' from explicit YAML S_20260915_182327.yaml
[INFO] [image_processor-26]: process started with pid [75549]
[INFO] [color_detector-27]: process started with pid [75551]
[INFO] [image_processor-28]: process started with pid [75553]
[INFO] [color_detector-29]: process started with pid [75555]
[balanced_delivery_supervisor-20] [INFO] [1789489735.496725745] [robot_2.robot_supervisor]: Selected controllable event: EV_move_forward
[INFO] [image_processor-30]: process started with pid [75557]
[INFO] [color_detector-31]: process started with pid [75559]
[balanced_delivery_supervisor-24] [INFO] [1789489735.584864535] [robot_1.robot_supervisor]: Loaded initial mission 'balanced_delivery' from explicit YAML S_20260915_182327.yaml
[balanced_delivery_supervisor-22] [INFO] [1789489735.693523189] [robot_0.robot_supervisor]: Loaded initial mission 'balanced_delivery' from explicit YAML S_20260915_182327.yaml
[balanced_delivery_supervisor-24] [INFO] [1789489735.738895252] [robot_1.robot_supervisor]: Selected controllable event: EV_search_object
[balanced_delivery_supervisor-20] [INFO] [1789489735.800103718] [robot_2.robot_supervisor]: Selected controllable event: EV_search_color
[balanced_delivery_supervisor-22] [INFO] [1789489735.855271326] [robot_0.robot_supervisor]: Selected controllable event: EV_approach_color
[balanced_delivery_supervisor-24] [INFO] [1789489735.950188629] [robot_1.robot_supervisor]: Selected controllable event: EV_move_forward
[balanced_delivery_supervisor-20] [INFO] [1789489735.996384331] [robot_2.robot_supervisor]: Selected controllable event: EV_approach_color
[balanced_delivery_supervisor-22] [INFO] [1789489736.142982139] [robot_0.robot_supervisor]: Selected controllable event: EV_search_object
[balanced_delivery_supervisor-20] [INFO] [1789489736.204247709] [robot_2.robot_supervisor]: Selected controllable event: EV_search_object
[balanced_delivery_supervisor-24] [INFO] [1789489736.233448647] [robot_1.robot_supervisor]: Selected controllable event: EV_approach_object
[balanced_delivery_supervisor-22] [INFO] [1789489736.252930528] [robot_0.robot_supervisor]: Selected controllable event: EV_approach_object
[balanced_delivery_supervisor-20] [INFO] [1789489736.394016347] [robot_2.robot_supervisor]: Selected controllable event: EV_search_object
[balanced_delivery_supervisor-20] [INFO] [1789489736.497011193] [robot_2.robot_supervisor]: Selected controllable event: EV_search_object
[balanced_delivery_supervisor-24] [INFO] [1789489736.535178538] [robot_1.robot_supervisor]: Selected controllable event: EV_approach_color
[balanced_delivery_supervisor-22] [INFO] [1789489736.548019324] [robot_0.robot_supervisor]: Selected controllable event: EV_search_color
[balanced_delivery_supervisor-20] [INFO] [1789489736.698201583] [robot_2.robot_supervisor]: Selected controllable event: EV_approach_object
[balanced_delivery_supervisor-24] [INFO] [1789489736.738126269] [robot_1.robot_supervisor]: Selected controllable event: EV_approach_object
[balanced_delivery_supervisor-22] [INFO] [1789489736.755149571] [robot_0.robot_supervisor]: Selected controllable event: EV_search_object
[balanced_delivery_supervisor-22] [INFO] [1789489736.952400864] [robot_0.robot_supervisor]: Selected controllable event: EV_approach_object
[balanced_delivery_supervisor-20] [INFO] [1789489737.007848149] [robot_2.robot_supervisor]: Selected controllable event: EV_move_forward
[balanced_delivery_supervisor-24] [INFO] [1789489737.038121304] [robot_1.robot_supervisor]: Selected controllable event: EV_approach_object
[balanced_delivery_supervisor-24] [INFO] [1789489737.241994655] [robot_1.robot_supervisor]: Selected controllable event: EV_move_forward
[balanced_delivery_supervisor-22] [INFO] [1789489737.252575754] [robot_0.robot_supervisor]: Selected controllable event: EV_move_forward
[balanced_delivery_supervisor-20] [INFO] [1789489737.306092775] [robot_2.robot_supervisor]: Selected controllable event: EV_search_object
[balanced_delivery_supervisor-22] [INFO] [1789489737.465011951] [robot_0.robot_supervisor]: Selected controllable event: EV_approach_color
[balanced_delivery_supervisor-20] [INFO] [1789489737.510651352] [robot_2.robot_supervisor]: Selected controllable event: EV_move_forward
[balanced_delivery_supervisor-24] [INFO] [1789489737.531682020] [robot_1.robot_supervisor]: Selected controllable event: EV_search_object
[balanced_delivery_supervisor-24] [INFO] [1789489737.733033087] [robot_1.robot_supervisor]: Selected controllable event: EV_approach_object
[balanced_delivery_supervisor-22] [INFO] [1789489737.771424014] [robot_0.robot_supervisor]: Selected controllable event: EV_search_object
[balanced_delivery_supervisor-20] [INFO] [1789489737.803188323] [robot_2.robot_supervisor]: Selected controllable event: EV_approach_color
[image_processor-28] [INFO] [1789489737.885985763] [robot_0.image_processor]: Argmin zone detector listening on '/robot_0/depth_camera/depth_image'
[balanced_delivery_supervisor-22] [INFO] [1789489737.947643835] [robot_0.robot_supervisor]: Selected controllable event: EV_approach_object
[balanced_delivery_supervisor-24] [INFO] [1789489738.041859854] [robot_1.robot_supervisor]: Selected controllable event: EV_move_forward
[image_processor-26] [INFO] [1789489738.058955845] [robot_2.image_processor]: Argmin zone detector listening on '/robot_2/depth_camera/depth_image'
[image_processor-30] [INFO] [1789489738.068676269] [robot_1.image_processor]: Argmin zone detector listening on '/robot_1/depth_camera/depth_image'
[balanced_delivery_supervisor-20] [INFO] [1789489738.094735156] [robot_2.robot_supervisor]: Selected controllable event: EV_search_object
[color_detector-29] [INFO] [1789489738.219609906] [robot_0.target_detector]: Color detector listening on RGB '/robot_0/depth_camera/image'; reached uses world poses
[balanced_delivery_supervisor-22] [INFO] [1789489738.247336329] [robot_0.robot_supervisor]: Selected controllable event: EV_move_forward
[color_detector-27] [INFO] [1789489738.280466516] [robot_2.target_detector]: Color detector listening on RGB '/robot_2/depth_camera/image'; reached uses world poses
[balanced_delivery_supervisor-20] [INFO] [1789489738.297888991] [robot_2.robot_supervisor]: Selected controllable event: EV_move_forward
[color_detector-31] [INFO] [1789489738.300250073] [robot_1.target_detector]: Color detector listening on RGB '/robot_1/depth_camera/image'; reached uses world poses
[balanced_delivery_supervisor-24] [INFO] [1789489738.328000291] [robot_1.robot_supervisor]: Selected controllable event: EV_search_object
[balanced_delivery_supervisor-24] [INFO] [1789489738.529818743] [robot_1.robot_supervisor]: Selected controllable event: EV_search_color
[balanced_delivery_supervisor-22] [INFO] [1789489738.541138847] [robot_0.robot_supervisor]: Selected controllable event: EV_approach_color
[balanced_delivery_supervisor-20] [INFO] [1789489738.591297461] [robot_2.robot_supervisor]: Selected controllable event: EV_approach_color
[balanced_delivery_supervisor-24] [INFO] [1789489738.728552759] [robot_1.robot_supervisor]: Selected controllable event: EV_move_forward
[balanced_delivery_supervisor-22] [INFO] [1789489738.841237872] [robot_0.robot_supervisor]: Selected controllable event: EV_approach_object
[balanced_delivery_supervisor-20] [INFO] [1789489738.891410400] [robot_2.robot_supervisor]: Selected controllable event: EV_approach_color
[balanced_delivery_supervisor-24] [INFO] [1789489739.027658310] [robot_1.robot_supervisor]: Selected controllable event: EV_approach_color
[balanced_delivery_supervisor-22] [INFO] [1789489739.141170347] [robot_0.robot_supervisor]: Selected controllable event: EV_move_forward
[balanced_delivery_supervisor-20] [INFO] [1789489739.191307490] [robot_2.robot_supervisor]: Selected controllable event: EV_approach_object
[balanced_delivery_supervisor-24] [INFO] [1789489739.327874475] [robot_1.robot_supervisor]: Selected controllable event: EV_move_forward
[balanced_delivery_supervisor-22] [INFO] [1789489739.343255542] [robot_0.robot_supervisor]: Selected controllable event: EV_search_object
[balanced_delivery_supervisor-20] [INFO] [1789489739.491357987] [robot_2.robot_supervisor]: Selected controllable event: EV_search_color
[balanced_delivery_supervisor-24] [INFO] [1789489739.529197150] [robot_1.robot_supervisor]: Selected controllable event: EV_search_object
[balanced_delivery_supervisor-22] [INFO] [1789489739.541848154] [robot_0.robot_supervisor]: Selected controllable event: EV_search_color
[balanced_delivery_supervisor-20] [INFO] [1789489739.691626417] [robot_2.robot_supervisor]: Selected controllable event: EV_approach_object
[balanced_delivery_supervisor-24] [INFO] [1789489739.727794762] [robot_1.robot_supervisor]: Selected controllable event: EV_search_object
[balanced_delivery_supervisor-22] [INFO] [1789489739.742324438] [robot_0.robot_supervisor]: Selected controllable event: EV_search_object
[color_detector-27] [WARN] [1789489739.866795449] [robot_2.target_detector]: RGB HEARTBEAT frames_total=0 recent_rate_hz=0.000 last_frame_age_s=inf status=STALE
[color_detector-31] [INFO] [1789489739.880353725] [robot_1.target_detector]: RGB HEARTBEAT frames_total=1 recent_rate_hz=0.577 last_frame_age_s=0.061 status=OK
[color_detector-29] [INFO] [1789489739.881617981] [robot_0.target_detector]: RGB HEARTBEAT frames_total=1 recent_rate_hz=0.466 last_frame_age_s=0.009 status=OK
[balanced_delivery_supervisor-24] [INFO] [1789489739.932963322] [robot_1.robot_supervisor]: ############################# REACHED: EV_object_reached #############################
[balanced_delivery_supervisor-24] [INFO] [1789489739.933407759] [robot_1.robot_supervisor]: Triggered uncontrollable event: EV_object_not_visible
[balanced_delivery_supervisor-24] [INFO] [1789489739.933799990] [robot_1.robot_supervisor]: Selected controllable event: EV_search_color
[balanced_delivery_supervisor-22] [INFO] [1789489739.942634017] [robot_0.robot_supervisor]: ############################# REACHED: EV_object_reached #############################
[balanced_delivery_supervisor-22] [INFO] [1789489739.943298230] [robot_0.robot_supervisor]: Selected controllable event: EV_approach_color
[balanced_delivery_supervisor-20] [INFO] [1789489739.991332844] [robot_2.robot_supervisor]: Selected controllable event: EV_move_forward
[balanced_delivery_supervisor-24] [INFO] [1789489740.127979848] [robot_1.robot_supervisor]: ############################# REACHED: EV_object_reached #############################
[balanced_delivery_supervisor-24] [INFO] [1789489740.128486542] [robot_1.robot_supervisor]: Selected controllable event: EV_approach_object
[balanced_delivery_supervisor-22] [INFO] [1789489740.145346157] [robot_0.robot_supervisor]: ############################# REACHED: EV_object_reached #############################
[balanced_delivery_supervisor-22] [INFO] [1789489740.146112057] [robot_0.robot_supervisor]: Selected controllable event: EV_search_object
[balanced_delivery_supervisor-20] [INFO] [1789489740.193917611] [robot_2.robot_supervisor]: Selected controllable event: EV_search_object
[balanced_delivery_supervisor-22] [INFO] [1789489740.356819309] [robot_0.robot_supervisor]: ############################# REACHED: EV_object_reached #############################
[balanced_delivery_supervisor-22] [INFO] [1789489740.357304731] [robot_0.robot_supervisor]: Selected controllable event: EV_approach_color
[balanced_delivery_supervisor-20] [INFO] [1789489740.403033360] [robot_2.robot_supervisor]: Selected controllable event: EV_approach_object
[balanced_delivery_supervisor-24] [INFO] [1789489740.439230731] [robot_1.robot_supervisor]: ############################# REACHED: EV_object_reached #############################
[balanced_delivery_supervisor-24] [INFO] [1789489740.439913325] [robot_1.robot_supervisor]: Selected controllable event: EV_approach_object
[balanced_delivery_supervisor-22] [INFO] [1789489740.656033657] [robot_0.robot_supervisor]: ############################# REACHED: EV_object_reached #############################
[balanced_delivery_supervisor-22] [INFO] [1789489740.656660406] [robot_0.robot_supervisor]: Selected controllable event: EV_search_object
[balanced_delivery_supervisor-20] [INFO] [1789489740.699233036] [robot_2.robot_supervisor]: Selected controllable event: EV_approach_object
[balanced_delivery_supervisor-24] [INFO] [1789489740.738078166] [robot_1.robot_supervisor]: ############################# REACHED: EV_object_reached #############################
[balanced_delivery_supervisor-24] [INFO] [1789489740.738690005] [robot_1.robot_supervisor]: Selected controllable event: EV_search_object
[balanced_delivery_supervisor-22] [INFO] [1789489740.842992551] [robot_0.robot_supervisor]: Selected controllable event: EV_approach_color
[balanced_delivery_supervisor-24] [INFO] [1789489740.933615718] [robot_1.robot_supervisor]: ############################# VISIBLE: EV_object_visible #############################
[balanced_delivery_supervisor-24] [INFO] [1789489740.934398133] [robot_1.robot_supervisor]: Selected controllable event: EV_search_object
[balanced_delivery_supervisor-20] [INFO] [1789489741.001395230] [robot_2.robot_supervisor]: Selected controllable event: EV_search_object
[balanced_delivery_supervisor-24] [INFO] [1789489741.132240063] [robot_1.robot_supervisor]: Selected controllable event: EV_search_object
[balanced_delivery_supervisor-22] [INFO] [1789489741.148080701] [robot_0.robot_supervisor]: ############################# REACHED: EV_object_reached #############################
[balanced_delivery_supervisor-22] [INFO] [1789489741.148804244] [robot_0.robot_supervisor]: Selected controllable event: EV_search_object
[balanced_delivery_supervisor-20] [INFO] [1789489741.192405166] [robot_2.robot_supervisor]: Selected controllable event: EV_approach_object
[balanced_delivery_supervisor-24] [INFO] [1789489741.238887409] [robot_1.robot_supervisor]: Selected controllable event: EV_approach_color
[balanced_delivery_supervisor-22] [INFO] [1789489741.346052845] [robot_0.robot_supervisor]: Selected controllable event: EV_search_object
[balanced_delivery_supervisor-20] [INFO] [1789489741.399169018] [robot_2.robot_supervisor]: Selected controllable event: EV_search_color
[balanced_delivery_supervisor-22] [INFO] [1789489741.463694178] [robot_0.robot_supervisor]: Triggered uncontrollable event: EV_obstacle_left
[balanced_delivery_supervisor-22] [INFO] [1789489741.464247503] [robot_0.robot_supervisor]: ############################# REACHED: EV_object_reached #############################
[balanced_delivery_supervisor-22] [INFO] [1789489741.467202926] [robot_0.robot_supervisor]: Selected controllable event: EV_u_turn
[balanced_delivery_supervisor-22] [INFO] [1789489741.475310048] [robot_0.robot_supervisor]: Starting FULL ROTATE (omega=1.000, have_odom=True, target_rad=3.142, timeout_s=3.500)
[balanced_delivery_supervisor-24] [INFO] [1789489741.541911010] [robot_1.robot_supervisor]: ############################# VISIBLE: EV_object_visible #############################
[balanced_delivery_supervisor-24] [INFO] [1789489741.542608460] [robot_1.robot_supervisor]: Selected controllable event: EV_search_color
[balanced_delivery_supervisor-20] [INFO] [1789489741.598147610] [robot_2.robot_supervisor]: Selected controllable event: EV_approach_color
[balanced_delivery_supervisor-24] [INFO] [1789489741.736554245] [robot_1.robot_supervisor]: Selected controllable event: EV_approach_color
[balanced_delivery_supervisor-20] [INFO] [1789489741.902616335] [robot_2.robot_supervisor]: Selected controllable event: EV_search_object
[balanced_delivery_supervisor-24] [INFO] [1789489742.033355953] [robot_1.robot_supervisor]: ############################# VISIBLE: EV_object_visible #############################
[balanced_delivery_supervisor-24] [INFO] [1789489742.034095365] [robot_1.robot_supervisor]: Selected controllable event: EV_approach_color
[balanced_delivery_supervisor-20] [INFO] [1789489742.092522834] [robot_2.robot_supervisor]: Selected controllable event: EV_search_object
[balanced_delivery_supervisor-20] [INFO] [1789489742.205962440] [robot_2.robot_supervisor]: Selected controllable event: EV_approach_object
[balanced_delivery_supervisor-24] [INFO] [1789489742.242464507] [robot_1.robot_supervisor]: ############################# VISIBLE: EV_object_visible #############################
[balanced_delivery_supervisor-24] [INFO] [1789489742.243214504] [robot_1.robot_supervisor]: Selected controllable event: EV_approach_object
[balanced_delivery_supervisor-20] [INFO] [1789489742.508180168] [robot_2.robot_supervisor]: Selected controllable event: EV_approach_object
[balanced_delivery_supervisor-24] [INFO] [1789489742.527757322] [robot_1.robot_supervisor]: Selected controllable event: EV_search_object
[balanced_delivery_supervisor-24] [INFO] [1789489742.735189348] [robot_1.robot_supervisor]: ############################# VISIBLE: EV_object_visible #############################
[balanced_delivery_supervisor-24] [INFO] [1789489742.739374001] [robot_1.robot_supervisor]: Selected controllable event: EV_approach_color
[balanced_delivery_supervisor-20] [INFO] [1789489742.804518822] [robot_2.robot_supervisor]: Selected controllable event: EV_approach_color
[balanced_delivery_supervisor-24] [INFO] [1789489743.028084199] [robot_1.robot_supervisor]: ############################# VISIBLE: EV_object_visible #############################
[balanced_delivery_supervisor-24] [INFO] [1789489743.037838092] [robot_1.robot_supervisor]: Selected controllable event: EV_move_forward
[balanced_delivery_supervisor-20] [INFO] [1789489743.102109505] [robot_2.robot_supervisor]: Selected controllable event: EV_approach_object
[balanced_delivery_supervisor-24] [INFO] [1789489743.340510223] [robot_1.robot_supervisor]: Selected controllable event: EV_approach_color
[balanced_delivery_supervisor-20] [INFO] [1789489743.405398190] [robot_2.robot_supervisor]: Selected controllable event: EV_approach_object
[balanced_delivery_supervisor-24] [INFO] [1789489743.628459636] [robot_1.robot_supervisor]: ############################# VISIBLE: EV_object_visible #############################
[balanced_delivery_supervisor-24] [INFO] [1789489743.650180043] [robot_1.robot_supervisor]: Selected controllable event: EV_search_object
[balanced_delivery_supervisor-20] [INFO] [1789489743.706309978] [robot_2.robot_supervisor]: Selected controllable event: EV_search_object
[balanced_delivery_supervisor-24] [INFO] [1789489743.831525022] [robot_1.robot_supervisor]: Triggered uncontrollable event: EV_obstacle_front
[balanced_delivery_supervisor-24] [INFO] [1789489743.831966378] [robot_1.robot_supervisor]: ############################# VISIBLE: EV_object_visible #############################
[balanced_delivery_supervisor-24] [INFO] [1789489743.832577869] [robot_1.robot_supervisor]: Selected controllable event: EV_rotate_clockwise
[balanced_delivery_supervisor-20] [INFO] [1789489743.891843324] [robot_2.robot_supervisor]: Selected controllable event: EV_search_color
[balanced_delivery_supervisor-22] [INFO] [1789489743.941777780] [robot_0.robot_supervisor]: FULL ROTATE completed by odom (accum_rad=3.191)
[color_detector-29] [INFO] [1789489744.014598089] [robot_0.target_detector]: RGB HEARTBEAT frames_total=20 recent_rate_hz=4.597 last_frame_age_s=0.253 status=OK
[color_detector-27] [WARN] [1789489744.025284430] [robot_2.target_detector]: RGB HEARTBEAT frames_total=0 recent_rate_hz=0.000 last_frame_age_s=inf status=STALE
[color_detector-31] [INFO] [1789489744.029712303] [robot_1.target_detector]: RGB HEARTBEAT frames_total=20 recent_rate_hz=4.584 last_frame_age_s=0.349 status=OK
[balanced_delivery_supervisor-24] [INFO] [1789489744.047750087] [robot_1.robot_supervisor]: Triggered uncontrollable event: EV_obstacle_front
[balanced_delivery_supervisor-24] [INFO] [1789489744.048381946] [robot_1.robot_supervisor]: Selected controllable event: EV_move_backward
[balanced_delivery_supervisor-20] [INFO] [1789489744.106891941] [robot_2.robot_supervisor]: Selected controllable event: EV_search_color
[balanced_delivery_supervisor-22] [INFO] [1789489744.245181173] [robot_0.robot_supervisor]: Triggered uncontrollable event: EV_obstacle_front
[balanced_delivery_supervisor-22] [INFO] [1789489744.245644437] [robot_0.robot_supervisor]: ############################# REACHED: EV_object_reached #############################
[balanced_delivery_supervisor-22] [INFO] [1789489744.248148094] [robot_0.robot_supervisor]: Selected controllable event: EV_u_turn
[balanced_delivery_supervisor-20] [INFO] [1789489744.298428886] [robot_2.robot_supervisor]: Selected controllable event: EV_approach_color
[balanced_delivery_supervisor-24] [INFO] [1789489744.338022299] [robot_1.robot_supervisor]: Triggered uncontrollable event: EV_obstacle_left
[balanced_delivery_supervisor-24] [INFO] [1789489744.338547909] [robot_1.robot_supervisor]: ############################# VISIBLE: EV_object_visible #############################
[balanced_delivery_supervisor-24] [INFO] [1789489744.339199429] [robot_1.robot_supervisor]: Selected controllable event: EV_rotate_clockwise
[balanced_delivery_supervisor-22] [INFO] [1789489744.346619573] [robot_0.robot_supervisor]: Triggered uncontrollable event: EV_obstacle_front
[balanced_delivery_supervisor-22] [INFO] [1789489744.347066819] [robot_0.robot_supervisor]: ############################# REACHED: EV_object_reached #############################
[balanced_delivery_supervisor-22] [INFO] [1789489744.355874904] [robot_0.robot_supervisor]: Selected controllable event: EV_move_backward
[balanced_delivery_supervisor-24] [INFO] [1789489744.527163118] [robot_1.robot_supervisor]: Triggered uncontrollable event: EV_obstacle_left
[balanced_delivery_supervisor-24] [INFO] [1789489744.527824307] [robot_1.robot_supervisor]: Selected controllable event: EV_u_turn
[balanced_delivery_supervisor-24] [INFO] [1789489744.528338030] [robot_1.robot_supervisor]: Starting FULL ROTATE (omega=1.000, have_odom=True, target_rad=3.142, timeout_s=3.500)
[balanced_delivery_supervisor-20] [INFO] [1789489744.599939862] [robot_2.robot_supervisor]: Selected controllable event: EV_approach_color
[balanced_delivery_supervisor-22] [INFO] [1789489744.665363046] [robot_0.robot_supervisor]: ############################# REACHED: EV_object_reached #############################
[balanced_delivery_supervisor-22] [INFO] [1789489744.682804977] [robot_0.robot_supervisor]: Selected controllable event: EV_search_object
[balanced_delivery_supervisor-22] [INFO] [1789489744.852642496] [robot_0.robot_supervisor]: Selected controllable event: EV_move_forward
[balanced_delivery_supervisor-20] [INFO] [1789489744.891806791] [robot_2.robot_supervisor]: Selected controllable event: EV_approach_object
[balanced_delivery_supervisor-20] [INFO] [1789489745.099219321] [robot_2.robot_supervisor]: Selected controllable event: EV_search_color
[balanced_delivery_supervisor-22] [INFO] [1789489745.141603715] [robot_0.robot_supervisor]: ############################# REACHED: EV_object_reached #############################
[balanced_delivery_supervisor-22] [INFO] [1789489745.142258678] [robot_0.robot_supervisor]: Selected controllable event: EV_search_color
[balanced_delivery_supervisor-22] [INFO] [1789489745.249841466] [robot_0.robot_supervisor]: Selected controllable event: EV_search_object
[balanced_delivery_supervisor-20] [INFO] [1789489745.300382585] [robot_2.robot_supervisor]: Selected controllable event: EV_approach_color
[balanced_delivery_supervisor-22] [INFO] [1789489745.444672500] [robot_0.robot_supervisor]: Triggered uncontrollable event: EV_obstacle_right
[balanced_delivery_supervisor-22] [INFO] [1789489745.445198113] [robot_0.robot_supervisor]: ############################# REACHED: EV_object_reached #############################
[balanced_delivery_supervisor-22] [INFO] [1789489745.449792183] [robot_0.robot_supervisor]: Selected controllable event: EV_rotate_counterclockwise
[balanced_delivery_supervisor-22] [WARN] [1789489745.450635456] [robot_0.robot_supervisor]: no translation for 4.1s livelock detected; starting atomic escape (turn_sign=+1)
[balanced_delivery_supervisor-20] [INFO] [1789489745.598354744] [robot_2.robot_supervisor]: Selected controllable event: EV_search_color
[balanced_delivery_supervisor-20] [INFO] [1789489745.708347317] [robot_2.robot_supervisor]: Selected controllable event: EV_move_forward
[balanced_delivery_supervisor-20] [INFO] [1789489745.994359020] [robot_2.robot_supervisor]: Selected controllable event: EV_approach_color
[balanced_delivery_supervisor-20] [INFO] [1789489746.205061686] [robot_2.robot_supervisor]: Selected controllable event: EV_search_color
[balanced_delivery_supervisor-20] [INFO] [1789489746.407993091] [robot_2.robot_supervisor]: Selected controllable event: EV_approach_color
[balanced_delivery_supervisor-20] [INFO] [1789489746.707533125] [robot_2.robot_supervisor]: Selected controllable event: EV_move_forward
[balanced_delivery_supervisor-20] [INFO] [1789489746.998314538] [robot_2.robot_supervisor]: Selected controllable event: EV_approach_color
[balanced_delivery_supervisor-20] [INFO] [1789489747.298293737] [robot_2.robot_supervisor]: Selected controllable event: EV_search_color
[balanced_delivery_supervisor-24] [INFO] [1789489747.339100304] [robot_1.robot_supervisor]: FULL ROTATE completed by odom (accum_rad=3.201)
[balanced_delivery_supervisor-20] [INFO] [1789489747.402179826] [robot_2.robot_supervisor]: Selected controllable event: EV_approach_color
[balanced_delivery_supervisor-24] [INFO] [1789489747.628344413] [robot_1.robot_supervisor]: ############################# VISIBLE: EV_object_visible #############################
[balanced_delivery_supervisor-24] [INFO] [1789489747.631329240] [robot_1.robot_supervisor]: Selected controllable event: EV_search_object
[balanced_delivery_supervisor-20] [INFO] [1789489747.702286840] [robot_2.robot_supervisor]: Selected controllable event: EV_search_object
[balanced_delivery_supervisor-24] [INFO] [1789489747.750588082] [robot_1.robot_supervisor]: Selected controllable event: EV_search_color
[balanced_delivery_supervisor-20] [INFO] [1789489747.899742905] [robot_2.robot_supervisor]: Selected controllable event: EV_move_forward
[balanced_delivery_supervisor-24] [INFO] [1789489747.928074877] [robot_1.robot_supervisor]: ############################# VISIBLE: EV_object_visible #############################
[balanced_delivery_supervisor-24] [INFO] [1789489747.943700622] [robot_1.robot_supervisor]: Selected controllable event: EV_search_color
[balanced_delivery_supervisor-22] [INFO] [1789489748.041201264] [robot_0.robot_supervisor]: Zone-livelock escape completed
[color_detector-27] [WARN] [1789489748.102513019] [robot_2.target_detector]: RGB HEARTBEAT frames_total=0 recent_rate_hz=0.000 last_frame_age_s=inf status=STALE
[color_detector-31] [INFO] [1789489748.113574921] [robot_1.target_detector]: RGB HEARTBEAT frames_total=30 recent_rate_hz=2.446 last_frame_age_s=0.367 status=OK
[color_detector-29] [INFO] [1789489748.116339331] [robot_0.target_detector]: RGB HEARTBEAT frames_total=30 recent_rate_hz=2.438 last_frame_age_s=0.372 status=OK
[balanced_delivery_supervisor-24] [INFO] [1789489748.144501136] [robot_1.robot_supervisor]: Selected controllable event: EV_approach_color
[balanced_delivery_supervisor-20] [INFO] [1789489748.197813655] [robot_2.robot_supervisor]: Selected controllable event: EV_move_forward
[balanced_delivery_supervisor-22] [INFO] [1789489748.244237014] [robot_0.robot_supervisor]: ############################# REACHED: EV_object_reached #############################
[balanced_delivery_supervisor-22] [INFO] [1789489748.245054458] [robot_0.robot_supervisor]: Selected controllable event: EV_search_color
[balanced_delivery_supervisor-24] [INFO] [1789489748.436270378] [robot_1.robot_supervisor]: ############################# VISIBLE: EV_object_visible #############################
[balanced_delivery_supervisor-24] [INFO] [1789489748.436992153] [robot_1.robot_supervisor]: Selected controllable event: EV_search_color
[balanced_delivery_supervisor-22] [INFO] [1789489748.447796540] [robot_0.robot_supervisor]: Selected controllable event: EV_search_color
[balanced_delivery_supervisor-20] [INFO] [1789489748.503300013] [robot_2.robot_supervisor]: Selected controllable event: EV_approach_object
[balanced_delivery_supervisor-24] [INFO] [1789489748.645910450] [robot_1.robot_supervisor]: ############################# VISIBLE: EV_object_visible #############################
[balanced_delivery_supervisor-24] [INFO] [1789489748.646559996] [robot_1.robot_supervisor]: Selected controllable event: EV_approach_color
[balanced_delivery_supervisor-22] [INFO] [1789489748.648927885] [robot_0.robot_supervisor]: Triggered uncontrollable event: EV_obstacle_left
[balanced_delivery_supervisor-22] [INFO] [1789489748.649399965] [robot_0.robot_supervisor]: ############################# REACHED: EV_object_reached #############################
[balanced_delivery_supervisor-22] [INFO] [1789489748.649933660] [robot_0.robot_supervisor]: Selected controllable event: EV_u_turn
[balanced_delivery_supervisor-22] [INFO] [1789489748.650422024] [robot_0.robot_supervisor]: Starting FULL ROTATE (omega=1.000, have_odom=True, target_rad=3.142, timeout_s=3.500)
[balanced_delivery_supervisor-20] [INFO] [1789489748.799784321] [robot_2.robot_supervisor]: Selected controllable event: EV_search_color
[balanced_delivery_supervisor-24] [INFO] [1789489748.930245294] [robot_1.robot_supervisor]: Selected controllable event: EV_search_object
[balanced_delivery_supervisor-20] [INFO] [1789489749.001906418] [robot_2.robot_supervisor]: Selected controllable event: EV_approach_object
[balanced_delivery_supervisor-24] [INFO] [1789489749.132244824] [robot_1.robot_supervisor]: ############################# VISIBLE: EV_object_visible #############################
[balanced_delivery_supervisor-24] [INFO] [1789489749.136245014] [robot_1.robot_supervisor]: Selected controllable event: EV_search_color
[balanced_delivery_supervisor-20] [INFO] [1789489749.294461251] [robot_2.robot_supervisor]: Selected controllable event: EV_approach_color
[balanced_delivery_supervisor-24] [INFO] [1789489749.333086003] [robot_1.robot_supervisor]: ############################# VISIBLE: EV_object_visible #############################
[balanced_delivery_supervisor-24] [INFO] [1789489749.333755418] [robot_1.robot_supervisor]: Selected controllable event: EV_approach_color
[balanced_delivery_supervisor-20] [INFO] [1789489749.596954076] [robot_2.robot_supervisor]: Selected controllable event: EV_search_object
[balanced_delivery_supervisor-24] [INFO] [1789489749.634036793] [robot_1.robot_supervisor]: Selected controllable event: EV_search_color
[balanced_delivery_supervisor-20] [INFO] [1789489749.705939968] [robot_2.robot_supervisor]: Selected controllable event: EV_approach_object
[balanced_delivery_supervisor-24] [INFO] [1789489749.833948533] [robot_1.robot_supervisor]: ############################# VISIBLE: EV_object_visible #############################
[balanced_delivery_supervisor-24] [INFO] [1789489749.834598793] [robot_1.robot_supervisor]: Selected controllable event: EV_approach_object
[balanced_delivery_supervisor-20] [INFO] [1789489749.996413060] [robot_2.robot_supervisor]: Selected controllable event: EV_search_color
[balanced_delivery_supervisor-24] [INFO] [1789489750.046993900] [robot_1.robot_supervisor]: Selected controllable event: EV_approach_object
[balanced_delivery_supervisor-20] [INFO] [1789489750.199024277] [robot_2.robot_supervisor]: Selected controllable event: EV_approach_color
[balanced_delivery_supervisor-24] [INFO] [1789489750.335437266] [robot_1.robot_supervisor]: Triggered uncontrollable event: EV_obstacle_right
[balanced_delivery_supervisor-24] [INFO] [1789489750.339136352] [robot_1.robot_supervisor]: ############################# VISIBLE: EV_object_visible #############################
[balanced_delivery_supervisor-24] [INFO] [1789489750.339924484] [robot_1.robot_supervisor]: Selected controllable event: EV_u_turn
[balanced_delivery_supervisor-24] [INFO] [1789489750.341289214] [robot_1.robot_supervisor]: Starting FULL ROTATE (omega=1.000, have_odom=True, target_rad=3.142, timeout_s=3.500)
[balanced_delivery_supervisor-20] [INFO] [1789489750.493543513] [robot_2.robot_supervisor]: Selected controllable event: EV_approach_color
[balanced_delivery_supervisor-20] [INFO] [1789489750.805430253] [robot_2.robot_supervisor]: Selected controllable event: EV_search_color
[balanced_delivery_supervisor-20] [INFO] [1789489751.008606670] [robot_2.robot_supervisor]: Selected controllable event: EV_search_color
[balanced_delivery_supervisor-22] [INFO] [1789489751.146391457] [robot_0.robot_supervisor]: FULL ROTATE completed by odom (accum_rad=3.200)
[balanced_delivery_supervisor-20] [INFO] [1789489751.196664023] [robot_2.robot_supervisor]: Selected controllable event: EV_search_color
[balanced_delivery_supervisor-22] [INFO] [1789489751.352418473] [robot_0.robot_supervisor]: Triggered uncontrollable event: EV_obstacle_right
[balanced_delivery_supervisor-22] [INFO] [1789489751.352922948] [robot_0.robot_supervisor]: ############################# REACHED: EV_object_reached #############################
[balanced_delivery_supervisor-22] [INFO] [1789489751.353506068] [robot_0.robot_supervisor]: Selected controllable event: EV_rotate_counterclockwise
[balanced_delivery_supervisor-20] [INFO] [1789489751.398922673] [robot_2.robot_supervisor]: Selected controllable event: EV_search_color
[balanced_delivery_supervisor-22] [INFO] [1789489751.546753517] [robot_0.robot_supervisor]: Triggered uncontrollable event: EV_obstacle_right
[balanced_delivery_supervisor-22] [INFO] [1789489751.547219022] [robot_0.robot_supervisor]: ############################# REACHED: EV_object_reached #############################
[balanced_delivery_supervisor-22] [INFO] [1789489751.547858963] [robot_0.robot_supervisor]: Selected controllable event: EV_rotate_counterclockwise
[balanced_delivery_supervisor-20] [INFO] [1789489751.595069384] [robot_2.robot_supervisor]: Selected controllable event: EV_approach_object
[balanced_delivery_supervisor-22] [INFO] [1789489751.742861212] [robot_0.robot_supervisor]: Triggered uncontrollable event: EV_obstacle_right
[balanced_delivery_supervisor-22] [INFO] [1789489751.745894263] [robot_0.robot_supervisor]: Selected controllable event: EV_u_turn
[balanced_delivery_supervisor-22] [INFO] [1789489751.846728837] [robot_0.robot_supervisor]: Triggered uncontrollable event: EV_obstacle_right
[balanced_delivery_supervisor-22] [INFO] [1789489751.847149297] [robot_0.robot_supervisor]: ############################# REACHED: EV_object_reached #############################
[balanced_delivery_supervisor-22] [INFO] [1789489751.851575173] [robot_0.robot_supervisor]: Selected controllable event: EV_rotate_counterclockwise
[balanced_delivery_supervisor-20] [INFO] [1789489751.899938881] [robot_2.robot_supervisor]: Selected controllable event: EV_move_forward
[color_detector-29] [INFO] [1789489751.986741308] [robot_0.target_detector]: RGB HEARTBEAT frames_total=40 recent_rate_hz=2.584 last_frame_age_s=0.249 status=OK
[color_detector-27] [WARN] [1789489751.986982084] [robot_2.target_detector]: RGB HEARTBEAT frames_total=0 recent_rate_hz=0.000 last_frame_age_s=inf status=STALE
[color_detector-31] [INFO] [1789489751.990332632] [robot_1.target_detector]: RGB HEARTBEAT frames_total=40 recent_rate_hz=2.585 last_frame_age_s=0.311 status=OK
[balanced_delivery_supervisor-22] [INFO] [1789489752.042131201] [robot_0.robot_supervisor]: Triggered uncontrollable event: EV_obstacle_right
[balanced_delivery_supervisor-22] [INFO] [1789489752.042728180] [robot_0.robot_supervisor]: Selected controllable event: EV_u_turn
[balanced_delivery_supervisor-22] [INFO] [1789489752.144175104] [robot_0.robot_supervisor]: Triggered uncontrollable event: EV_obstacle_left
[balanced_delivery_supervisor-22] [INFO] [1789489752.144688331] [robot_0.robot_supervisor]: ############################# REACHED: EV_object_reached #############################
[balanced_delivery_supervisor-22] [INFO] [1789489752.157109102] [robot_0.robot_supervisor]: Selected controllable event: EV_u_turn
[balanced_delivery_supervisor-20] [INFO] [1789489752.193213813] [robot_2.robot_supervisor]: Selected controllable event: EV_search_object
[balanced_delivery_supervisor-22] [INFO] [1789489752.246222950] [robot_0.robot_supervisor]: Triggered uncontrollable event: EV_obstacle_left
[balanced_delivery_supervisor-22] [INFO] [1789489752.252250396] [robot_0.robot_supervisor]: Selected controllable event: EV_u_turn
[balanced_delivery_supervisor-20] [INFO] [1789489752.297640609] [robot_2.robot_supervisor]: Selected controllable event: EV_search_object
[balanced_delivery_supervisor-22] [INFO] [1789489752.343541666] [robot_0.robot_supervisor]: Triggered uncontrollable event: EV_obstacle_left
[balanced_delivery_supervisor-22] [INFO] [1789489752.344155671] [robot_0.robot_supervisor]: Selected controllable event: EV_u_turn
[balanced_delivery_supervisor-22] [INFO] [1789489752.446274526] [robot_0.robot_supervisor]: Triggered uncontrollable event: EV_obstacle_left
[balanced_delivery_supervisor-22] [INFO] [1789489752.452617233] [robot_0.robot_supervisor]: Selected controllable event: EV_rotate_clockwise
[balanced_delivery_supervisor-20] [INFO] [1789489752.492783517] [robot_2.robot_supervisor]: Selected controllable event: EV_search_object
[balanced_delivery_supervisor-22] [INFO] [1789489752.648125280] [robot_0.robot_supervisor]: Triggered uncontrollable event: EV_obstacle_left
[balanced_delivery_supervisor-22] [INFO] [1789489752.648722819] [robot_0.robot_supervisor]: ############################# REACHED: EV_object_reached #############################
[balanced_delivery_supervisor-22] [INFO] [1789489752.659517275] [robot_0.robot_supervisor]: Selected controllable event: EV_rotate_clockwise
[balanced_delivery_supervisor-20] [INFO] [1789489752.695573379] [robot_2.robot_supervisor]: Selected controllable event: EV_move_forward
[balanced_delivery_supervisor-22] [INFO] [1789489752.846429801] [robot_0.robot_supervisor]: Triggered uncontrollable event: EV_obstacle_left
[balanced_delivery_supervisor-22] [INFO] [1789489752.861103975] [robot_0.robot_supervisor]: Selected controllable event: EV_rotate_clockwise
[balanced_delivery_supervisor-20] [INFO] [1789489752.902257103] [robot_2.robot_supervisor]: Selected controllable event: EV_search_color
[balanced_delivery_supervisor-24] [INFO] [1789489753.030090744] [robot_1.robot_supervisor]: FULL ROTATE completed by odom (accum_rad=3.206)
[balanced_delivery_supervisor-22] [INFO] [1789489753.047788276] [robot_0.robot_supervisor]: Triggered uncontrollable event: EV_obstacle_left
[balanced_delivery_supervisor-22] [INFO] [1789489753.054730396] [robot_0.robot_supervisor]: ############################# REACHED: EV_object_reached #############################
[balanced_delivery_supervisor-22] [INFO] [1789489753.055371443] [robot_0.robot_supervisor]: Selected controllable event: EV_u_turn
[balanced_delivery_supervisor-20] [INFO] [1789489753.092998058] [robot_2.robot_supervisor]: Selected controllable event: EV_approach_color
[balanced_delivery_supervisor-22] [INFO] [1789489753.146579015] [robot_0.robot_supervisor]: Triggered uncontrollable event: EV_obstacle_left
[balanced_delivery_supervisor-22] [INFO] [1789489753.147161411] [robot_0.robot_supervisor]: Selected controllable event: EV_rotate_clockwise
[balanced_delivery_supervisor-24] [INFO] [1789489753.239919524] [robot_1.robot_supervisor]: ############################# VISIBLE: EV_object_visible #############################
[balanced_delivery_supervisor-24] [INFO] [1789489753.240641992] [robot_1.robot_supervisor]: Selected controllable event: EV_move_forward
[balanced_delivery_supervisor-22] [INFO] [1789489753.352761293] [robot_0.robot_supervisor]: Triggered uncontrollable event: EV_obstacle_right
[balanced_delivery_supervisor-22] [INFO] [1789489753.353203175] [robot_0.robot_supervisor]: ############################# REACHED: EV_object_reached #############################
[balanced_delivery_supervisor-22] [INFO] [1789489753.353743975] [robot_0.robot_supervisor]: Selected controllable event: EV_u_turn
[balanced_delivery_supervisor-20] [INFO] [1789489753.394863799] [robot_2.robot_supervisor]: Selected controllable event: EV_search_object
[balanced_delivery_supervisor-22] [INFO] [1789489753.445480377] [robot_0.robot_supervisor]: Triggered uncontrollable event: EV_obstacle_right
[balanced_delivery_supervisor-22] [INFO] [1789489753.459929089] [robot_0.robot_supervisor]: Selected controllable event: EV_u_turn
[balanced_delivery_supervisor-20] [INFO] [1789489753.506127785] [robot_2.robot_supervisor]: Selected controllable event: EV_search_object
[balanced_delivery_supervisor-24] [INFO] [1789489753.533539381] [robot_1.robot_supervisor]: ############################# VISIBLE: EV_object_visible #############################
[balanced_delivery_supervisor-24] [INFO] [1789489753.534229128] [robot_1.robot_supervisor]: Selected controllable event: EV_search_color
[balanced_delivery_supervisor-22] [INFO] [1789489753.545929395] [robot_0.robot_supervisor]: Triggered uncontrollable event: EV_obstacle_right
[balanced_delivery_supervisor-22] [INFO] [1789489753.546579972] [robot_0.robot_supervisor]: Selected controllable event: EV_rotate_counterclockwise
[balanced_delivery_supervisor-20] [INFO] [1789489753.700716797] [robot_2.robot_supervisor]: Selected controllable event: EV_approach_object
[balanced_delivery_supervisor-24] [INFO] [1789489753.740257549] [robot_1.robot_supervisor]: Selected controllable event: EV_search_color
[balanced_delivery_supervisor-22] [INFO] [1789489753.749204226] [robot_0.robot_supervisor]: Triggered uncontrollable event: EV_obstacle_right
[balanced_delivery_supervisor-22] [INFO] [1789489753.749687471] [robot_0.robot_supervisor]: ############################# REACHED: EV_object_reached #############################
[balanced_delivery_supervisor-22] [INFO] [1789489753.750333150] [robot_0.robot_supervisor]: Selected controllable event: EV_u_turn
[balanced_delivery_supervisor-22] [INFO] [1789489753.766863064] [robot_0.robot_supervisor]: Starting FULL ROTATE (omega=1.000, have_odom=True, target_rad=3.142, timeout_s=3.500)
[balanced_delivery_supervisor-24] [INFO] [1789489753.929890888] [robot_1.robot_supervisor]: Selected controllable event: EV_move_forward
[balanced_delivery_supervisor-20] [INFO] [1789489754.002471899] [robot_2.robot_supervisor]: Selected controllable event: EV_search_object
[balanced_delivery_supervisor-20] [INFO] [1789489754.196811996] [robot_2.robot_supervisor]: Selected controllable event: EV_move_forward
[balanced_delivery_supervisor-24] [INFO] [1789489754.229953069] [robot_1.robot_supervisor]: ############################# VISIBLE: EV_object_visible #############################
[balanced_delivery_supervisor-24] [INFO] [1789489754.230633106] [robot_1.robot_supervisor]: Selected controllable event: EV_approach_object
[balanced_delivery_supervisor-20] [INFO] [1789489754.402706892] [robot_2.robot_supervisor]: Selected controllable event: EV_approach_object
[balanced_delivery_supervisor-24] [INFO] [1789489754.541216433] [robot_1.robot_supervisor]: ############################# VISIBLE: EV_object_visible #############################
[balanced_delivery_supervisor-24] [INFO] [1789489754.544055882] [robot_1.robot_supervisor]: Selected controllable event: EV_search_color
[balanced_delivery_supervisor-20] [INFO] [1789489754.705165829] [robot_2.robot_supervisor]: Selected controllable event: EV_search_color
[balanced_delivery_supervisor-24] [INFO] [1789489754.729048687] [robot_1.robot_supervisor]: Selected controllable event: EV_approach_object
[balanced_delivery_supervisor-20] [INFO] [1789489754.909007517] [robot_2.robot_supervisor]: Selected controllable event: EV_search_color
[balanced_delivery_supervisor-24] [INFO] [1789489755.028608155] [robot_1.robot_supervisor]: ############################# VISIBLE: EV_object_visible #############################
[balanced_delivery_supervisor-24] [INFO] [1789489755.029294774] [robot_1.robot_supervisor]: Selected controllable event: EV_search_object
[balanced_delivery_supervisor-20] [INFO] [1789489755.096260036] [robot_2.robot_supervisor]: Selected controllable event: EV_approach_color
[balanced_delivery_supervisor-24] [INFO] [1789489755.230300941] [robot_1.robot_supervisor]: ############################# VISIBLE: EV_object_visible #############################
[balanced_delivery_supervisor-24] [INFO] [1789489755.235222808] [robot_1.robot_supervisor]: Selected controllable event: EV_approach_object
[balanced_delivery_supervisor-20] [INFO] [1789489755.396214996] [robot_2.robot_supervisor]: Selected controllable event: EV_approach_object
[balanced_delivery_supervisor-24] [INFO] [1789489755.527786316] [robot_1.robot_supervisor]: ############################# VISIBLE: EV_object_visible #############################
[balanced_delivery_supervisor-24] [INFO] [1789489755.528775930] [robot_1.robot_supervisor]: Selected controllable event: EV_search_object
[balanced_delivery_supervisor-24] [INFO] [1789489755.639510524] [robot_1.robot_supervisor]: Selected controllable event: EV_approach_color
[balanced_delivery_supervisor-20] [INFO] [1789489755.696751094] [robot_2.robot_supervisor]: Selected controllable event: EV_move_forward
[color_detector-29] [INFO] [1789489755.765481635] [robot_0.target_detector]: RGB HEARTBEAT frames_total=50 recent_rate_hz=2.649 last_frame_age_s=0.277 status=OK
[color_detector-31] [INFO] [1789489755.766467650] [robot_1.target_detector]: RGB HEARTBEAT frames_total=50 recent_rate_hz=2.644 last_frame_age_s=0.317 status=OK
[color_detector-27] [WARN] [1789489755.770462489] [robot_2.target_detector]: RGB HEARTBEAT frames_total=0 recent_rate_hz=0.000 last_frame_age_s=inf status=STALE
[balanced_delivery_supervisor-24] [INFO] [1789489755.932806801] [robot_1.robot_supervisor]: Triggered uncontrollable event: EV_obstacle_left
[balanced_delivery_supervisor-24] [INFO] [1789489755.937153605] [robot_1.robot_supervisor]: ############################# VISIBLE: EV_object_visible #############################
[balanced_delivery_supervisor-24] [INFO] [1789489755.937792020] [robot_1.robot_supervisor]: Selected controllable event: EV_u_turn
[balanced_delivery_supervisor-24] [INFO] [1789489755.938390003] [robot_1.robot_supervisor]: Starting FULL ROTATE (omega=1.000, have_odom=True, target_rad=3.142, timeout_s=3.500)
[balanced_delivery_supervisor-20] [INFO] [1789489756.006354425] [robot_2.robot_supervisor]: Selected controllable event: EV_approach_color
[balanced_delivery_supervisor-22] [INFO] [1789489756.253951789] [robot_0.robot_supervisor]: FULL ROTATE completed by odom (accum_rad=3.145)
[balanced_delivery_supervisor-20] [INFO] [1789489756.292054175] [robot_2.robot_supervisor]: Selected controllable event: EV_search_object
[balanced_delivery_supervisor-22] [INFO] [1789489756.452447774] [robot_0.robot_supervisor]: ############################# REACHED: EV_object_reached #############################
[balanced_delivery_supervisor-22] [INFO] [1789489756.453143208] [robot_0.robot_supervisor]: Selected controllable event: EV_search_object
[balanced_delivery_supervisor-20] [INFO] [1789489756.492848938] [robot_2.robot_supervisor]: Selected controllable event: EV_approach_object
[balanced_delivery_supervisor-22] [INFO] [1789489756.646213927] [robot_0.robot_supervisor]: Selected controllable event: EV_search_object
[balanced_delivery_supervisor-20] [INFO] [1789489756.708721550] [robot_2.robot_supervisor]: Selected controllable event: EV_approach_object
[balanced_delivery_supervisor-22] [INFO] [1789489756.843447656] [robot_0.robot_supervisor]: ############################# REACHED: EV_object_reached #############################
[balanced_delivery_supervisor-22] [INFO] [1789489756.844105157] [robot_0.robot_supervisor]: Selected controllable event: EV_move_forward
[balanced_delivery_supervisor-20] [INFO] [1789489756.992186056] [robot_2.robot_supervisor]: Selected controllable event: EV_approach_color
[balanced_delivery_supervisor-22] [INFO] [1789489757.141015640] [robot_0.robot_supervisor]: Triggered uncontrollable event: EV_obstacle_left
[balanced_delivery_supervisor-22] [INFO] [1789489757.144817004] [robot_0.robot_supervisor]: ############################# REACHED: EV_object_reached #############################
[balanced_delivery_supervisor-22] [INFO] [1789489757.150651504] [robot_0.robot_supervisor]: Selected controllable event: EV_rotate_clockwise
[balanced_delivery_supervisor-22] [WARN] [1789489757.155175293] [robot_0.robot_supervisor]: no translation for 5.8s livelock detected; starting atomic escape (turn_sign=-1)
[balanced_delivery_supervisor-20] [INFO] [1789489757.195521959] [robot_2.robot_supervisor]: Selected controllable event: EV_approach_object
[balanced_delivery_supervisor-20] [INFO] [1789489757.412366173] [robot_2.robot_supervisor]: Selected controllable event: EV_search_color
[balanced_delivery_supervisor-20] [INFO] [1789489757.592664833] [robot_2.robot_supervisor]: Selected controllable event: EV_search_object
[balanced_delivery_supervisor-20] [INFO] [1789489757.797273724] [robot_2.robot_supervisor]: Selected controllable event: EV_search_object
[balanced_delivery_supervisor-20] [INFO] [1789489757.992379544] [robot_2.robot_supervisor]: Selected controllable event: EV_approach_color
[balanced_delivery_supervisor-20] [INFO] [1789489758.198511625] [robot_2.robot_supervisor]: Selected controllable event: EV_move_forward
[balanced_delivery_supervisor-20] [INFO] [1789489758.498841048] [robot_2.robot_supervisor]: Selected controllable event: EV_approach_object
[balanced_delivery_supervisor-24] [INFO] [1789489758.633875343] [robot_1.robot_supervisor]: FULL ROTATE completed by odom (accum_rad=3.158)
[balanced_delivery_supervisor-20] [INFO] [1789489758.701757160] [robot_2.robot_supervisor]: Selected controllable event: EV_search_object
[balanced_delivery_supervisor-24] [INFO] [1789489758.836152876] [robot_1.robot_supervisor]: ############################# VISIBLE: EV_object_visible #############################
[balanced_delivery_supervisor-24] [INFO] [1789489758.840666517] [robot_1.robot_supervisor]: Selected controllable event: EV_approach_color
[balanced_delivery_supervisor-20] [INFO] [1789489758.898550941] [robot_2.robot_supervisor]: Selected controllable event: EV_search_color
[balanced_delivery_supervisor-20] [INFO] [1789489759.016035831] [robot_2.robot_supervisor]: Selected controllable event: EV_approach_object
[balanced_delivery_supervisor-24] [INFO] [1789489759.043176646] [robot_1.robot_supervisor]: ############################# VISIBLE: EV_object_visible #############################
[balanced_delivery_supervisor-24] [INFO] [1789489759.063840191] [robot_1.robot_supervisor]: Selected controllable event: EV_search_object
[balanced_delivery_supervisor-24] [INFO] [1789489759.245332602] [robot_1.robot_supervisor]: Selected controllable event: EV_approach_object
[balanced_delivery_supervisor-20] [INFO] [1789489759.308110992] [robot_2.robot_supervisor]: Selected controllable event: EV_approach_object
[balanced_delivery_supervisor-24] [INFO] [1789489759.534597076] [robot_1.robot_supervisor]: ############################# VISIBLE: EV_object_visible #############################
[balanced_delivery_supervisor-24] [INFO] [1789489759.538265736] [robot_1.robot_supervisor]: Selected controllable event: EV_move_forward
[balanced_delivery_supervisor-22] [INFO] [1789489759.561876932] [robot_0.robot_supervisor]: Zone-livelock escape completed
[balanced_delivery_supervisor-20] [INFO] [1789489759.594552809] [robot_2.robot_supervisor]: Selected controllable event: EV_approach_color
[color_detector-27] [WARN] [1789489759.684976265] [robot_2.target_detector]: RGB HEARTBEAT frames_total=0 recent_rate_hz=0.000 last_frame_age_s=inf status=STALE
[color_detector-31] [INFO] [1789489759.695780457] [robot_1.target_detector]: RGB HEARTBEAT frames_total=60 recent_rate_hz=2.550 last_frame_age_s=0.338 status=OK
[color_detector-29] [INFO] [1789489759.711215824] [robot_0.target_detector]: RGB HEARTBEAT frames_total=60 recent_rate_hz=2.532 last_frame_age_s=0.273 status=OK
[balanced_delivery_supervisor-20] [INFO] [1789489759.805481179] [robot_2.robot_supervisor]: Selected controllable event: EV_search_color
[balanced_delivery_supervisor-24] [INFO] [1789489759.827435558] [robot_1.robot_supervisor]: ############################# VISIBLE: EV_object_visible #############################
[balanced_delivery_supervisor-24] [INFO] [1789489759.829443913] [robot_1.robot_supervisor]: Selected controllable event: EV_approach_object
[balanced_delivery_supervisor-22] [INFO] [1789489759.849707146] [robot_0.robot_supervisor]: Triggered uncontrollable event: EV_obstacle_left
[balanced_delivery_supervisor-22] [INFO] [1789489759.858233541] [robot_0.robot_supervisor]: ############################# REACHED: EV_object_reached #############################
[balanced_delivery_supervisor-22] [INFO] [1789489759.859672265] [robot_0.robot_supervisor]: Selected controllable event: EV_u_turn
[balanced_delivery_supervisor-22] [INFO] [1789489759.860201386] [robot_0.robot_supervisor]: Starting FULL ROTATE (omega=1.000, have_odom=True, target_rad=3.142, timeout_s=3.500)
[balanced_delivery_supervisor-20] [INFO] [1789489759.992531067] [robot_2.robot_supervisor]: Selected controllable event: EV_move_forward
[balanced_delivery_supervisor-24] [INFO] [1789489760.034731341] [robot_1.robot_supervisor]: Selected controllable event: EV_approach_color
[balanced_delivery_supervisor-20] [INFO] [1789489760.197566501] [robot_2.robot_supervisor]: Selected controllable event: EV_move_forward
[balanced_delivery_supervisor-24] [INFO] [1789489760.330982507] [robot_1.robot_supervisor]: ############################# VISIBLE: EV_object_visible #############################
[balanced_delivery_supervisor-24] [INFO] [1789489760.331545208] [robot_1.robot_supervisor]: Selected controllable event: EV_move_forward
[balanced_delivery_supervisor-20] [INFO] [1789489760.491377508] [robot_2.robot_supervisor]: Selected controllable event: EV_move_forward
[balanced_delivery_supervisor-24] [INFO] [1789489760.534856931] [robot_1.robot_supervisor]: ############################# VISIBLE: EV_object_visible #############################
[balanced_delivery_supervisor-24] [INFO] [1789489760.535507847] [robot_1.robot_supervisor]: Selected controllable event: EV_search_color
[balanced_delivery_supervisor-20] [INFO] [1789489760.701177533] [robot_2.robot_supervisor]: Selected controllable event: EV_approach_color
[balanced_delivery_supervisor-24] [INFO] [1789489760.729685071] [robot_1.robot_supervisor]: Selected controllable event: EV_approach_object
[balanced_delivery_supervisor-20] [INFO] [1789489760.998820503] [robot_2.robot_supervisor]: Selected controllable event: EV_search_object
[balanced_delivery_supervisor-24] [INFO] [1789489761.027676584] [robot_1.robot_supervisor]: ############################# VISIBLE: EV_object_visible #############################
[balanced_delivery_supervisor-24] [INFO] [1789489761.028283670] [robot_1.robot_supervisor]: Selected controllable event: EV_move_forward
[balanced_delivery_supervisor-20] [INFO] [1789489761.197317365] [robot_2.robot_supervisor]: Selected controllable event: EV_approach_color
[balanced_delivery_supervisor-24] [INFO] [1789489761.232302329] [robot_1.robot_supervisor]: ############################# VISIBLE: EV_object_visible #############################
[balanced_delivery_supervisor-24] [INFO] [1789489761.245487255] [robot_1.robot_supervisor]: Selected controllable event: EV_approach_color
[balanced_delivery_supervisor-20] [INFO] [1789489761.498516912] [robot_2.robot_supervisor]: Selected controllable event: EV_approach_color
[balanced_delivery_supervisor-24] [INFO] [1789489761.530977987] [robot_1.robot_supervisor]: Selected controllable event: EV_search_object
[balanced_delivery_supervisor-24] [INFO] [1789489761.636926602] [robot_1.robot_supervisor]: ############################# VISIBLE: EV_object_visible #############################
[balanced_delivery_supervisor-24] [INFO] [1789489761.638675187] [robot_1.robot_supervisor]: Selected controllable event: EV_approach_color
[balanced_delivery_supervisor-20] [INFO] [1789489761.796572961] [robot_2.robot_supervisor]: Selected controllable event: EV_approach_object
[balanced_delivery_supervisor-24] [INFO] [1789489761.939539945] [robot_1.robot_supervisor]: ############################# VISIBLE: EV_object_visible #############################
[balanced_delivery_supervisor-24] [INFO] [1789489761.944824342] [robot_1.robot_supervisor]: Selected controllable event: EV_search_object
[balanced_delivery_supervisor-20] [INFO] [1789489762.002846397] [robot_2.robot_supervisor]: Selected controllable event: EV_search_color
[balanced_delivery_supervisor-24] [INFO] [1789489762.143549565] [robot_1.robot_supervisor]: Selected controllable event: EV_approach_object
[balanced_delivery_supervisor-20] [INFO] [1789489762.196424865] [robot_2.robot_supervisor]: Selected controllable event: EV_approach_object
[balanced_delivery_supervisor-22] [INFO] [1789489762.343590239] [robot_0.robot_supervisor]: FULL ROTATE completed by odom (accum_rad=3.197)
[balanced_delivery_supervisor-24] [INFO] [1789489762.432565218] [robot_1.robot_supervisor]: ############################# VISIBLE: EV_object_visible #############################
[balanced_delivery_supervisor-24] [INFO] [1789489762.433256718] [robot_1.robot_supervisor]: Selected controllable event: EV_approach_object
[balanced_delivery_supervisor-20] [INFO] [1789489762.497640392] [robot_2.robot_supervisor]: Selected controllable event: EV_move_forward
[balanced_delivery_supervisor-22] [INFO] [1789489762.548720454] [robot_0.robot_supervisor]: Triggered uncontrollable event: EV_obstacle_front
[balanced_delivery_supervisor-22] [INFO] [1789489762.549286676] [robot_0.robot_supervisor]: ############################# REACHED: EV_object_reached #############################
[balanced_delivery_supervisor-22] [INFO] [1789489762.549952520] [robot_0.robot_supervisor]: Selected controllable event: EV_u_turn
[balanced_delivery_supervisor-24] [INFO] [1789489762.636926710] [robot_1.robot_supervisor]: Selected controllable event: EV_approach_color
[balanced_delivery_supervisor-22] [INFO] [1789489762.646524595] [robot_0.robot_supervisor]: Triggered uncontrollable event: EV_obstacle_front
[balanced_delivery_supervisor-22] [INFO] [1789489762.647178526] [robot_0.robot_supervisor]: Selected controllable event: EV_u_turn
[balanced_delivery_supervisor-22] [INFO] [1789489762.741251433] [robot_0.robot_supervisor]: Triggered uncontrollable event: EV_obstacle_front
[balanced_delivery_supervisor-22] [INFO] [1789489762.746193068] [robot_0.robot_supervisor]: ############################# REACHED: EV_object_reached #############################
[balanced_delivery_supervisor-22] [INFO] [1789489762.749599208] [robot_0.robot_supervisor]: Selected controllable event: EV_rotate_clockwise
[balanced_delivery_supervisor-20] [INFO] [1789489762.797734093] [robot_2.robot_supervisor]: Selected controllable event: EV_approach_object
[balanced_delivery_supervisor-24] [INFO] [1789489762.934327617] [robot_1.robot_supervisor]: Triggered uncontrollable event: EV_obstacle_right
[balanced_delivery_supervisor-24] [INFO] [1789489762.937652328] [robot_1.robot_supervisor]: ############################# VISIBLE: EV_object_visible #############################
[balanced_delivery_supervisor-24] [INFO] [1789489762.938270326] [robot_1.robot_supervisor]: Selected controllable event: EV_u_turn
[balanced_delivery_supervisor-24] [INFO] [1789489762.938807260] [robot_1.robot_supervisor]: Starting FULL ROTATE (omega=1.000, have_odom=True, target_rad=3.142, timeout_s=3.500)
[balanced_delivery_supervisor-22] [INFO] [1789489762.941869584] [robot_0.robot_supervisor]: Triggered uncontrollable event: EV_obstacle_front
[balanced_delivery_supervisor-22] [INFO] [1789489762.942536995] [robot_0.robot_supervisor]: Selected controllable event: EV_rotate_clockwise
[balanced_delivery_supervisor-22] [INFO] [1789489763.045183604] [robot_0.robot_supervisor]: Triggered uncontrollable event: EV_obstacle_front
[balanced_delivery_supervisor-22] [INFO] [1789489763.045928947] [robot_0.robot_supervisor]: Selected controllable event: EV_move_backward
[balanced_delivery_supervisor-20] [INFO] [1789489763.104538289] [robot_2.robot_supervisor]: Selected controllable event: EV_search_color
[balanced_delivery_supervisor-22] [INFO] [1789489763.258266241] [robot_0.robot_supervisor]: Triggered uncontrollable event: EV_obstacle_front
[balanced_delivery_supervisor-22] [INFO] [1789489763.258806467] [robot_0.robot_supervisor]: ############################# REACHED: EV_object_reached #############################
[balanced_delivery_supervisor-22] [INFO] [1789489763.259408422] [robot_0.robot_supervisor]: Selected controllable event: EV_rotate_counterclockwise
[balanced_delivery_supervisor-20] [INFO] [1789489763.295175317] [robot_2.robot_supervisor]: Selected controllable event: EV_search_color
[color_detector-31] [INFO] [1789489763.391215694] [robot_1.target_detector]: RGB HEARTBEAT frames_total=70 recent_rate_hz=2.698 last_frame_age_s=0.351 status=OK
[color_detector-27] [WARN] [1789489763.395175941] [robot_2.target_detector]: RGB HEARTBEAT frames_total=0 recent_rate_hz=0.000 last_frame_age_s=inf status=STALE
[color_detector-29] [INFO] [1789489763.397281043] [robot_0.target_detector]: RGB HEARTBEAT frames_total=70 recent_rate_hz=2.713 last_frame_age_s=0.336 status=OK
[balanced_delivery_supervisor-20] [INFO] [1789489763.409133375] [robot_2.robot_supervisor]: Selected controllable event: EV_search_object
[balanced_delivery_supervisor-22] [INFO] [1789489763.443299962] [robot_0.robot_supervisor]: Triggered uncontrollable event: EV_obstacle_front
[balanced_delivery_supervisor-22] [INFO] [1789489763.443948513] [robot_0.robot_supervisor]: Selected controllable event: EV_move_backward
[balanced_delivery_supervisor-20] [INFO] [1789489763.591503548] [robot_2.robot_supervisor]: Selected controllable event: EV_search_color
[balanced_delivery_supervisor-20] [INFO] [1789489763.702867246] [robot_2.robot_supervisor]: Selected controllable event: EV_move_forward
[balanced_delivery_supervisor-22] [INFO] [1789489763.756120980] [robot_0.robot_supervisor]: Triggered uncontrollable event: EV_obstacle_front
[balanced_delivery_supervisor-22] [INFO] [1789489763.756621575] [robot_0.robot_supervisor]: ############################# REACHED: EV_object_reached #############################
[balanced_delivery_supervisor-22] [INFO] [1789489763.757228208] [robot_0.robot_supervisor]: Selected controllable event: EV_move_backward
[balanced_delivery_supervisor-20] [INFO] [1789489763.998371850] [robot_2.robot_supervisor]: Selected controllable event: EV_search_color
[balanced_delivery_supervisor-22] [INFO] [1789489764.048278262] [robot_0.robot_supervisor]: Triggered uncontrollable event: EV_obstacle_front
[balanced_delivery_supervisor-22] [INFO] [1789489764.048776807] [robot_0.robot_supervisor]: ############################# REACHED: EV_object_reached #############################
[balanced_delivery_supervisor-22] [INFO] [1789489764.049481192] [robot_0.robot_supervisor]: Selected controllable event: EV_rotate_counterclockwise
[balanced_delivery_supervisor-20] [INFO] [1789489764.194235682] [robot_2.robot_supervisor]: Selected controllable event: EV_approach_object
[balanced_delivery_supervisor-22] [INFO] [1789489764.243804808] [robot_0.robot_supervisor]: Triggered uncontrollable event: EV_obstacle_front
[balanced_delivery_supervisor-22] [INFO] [1789489764.244402522] [robot_0.robot_supervisor]: Selected controllable event: EV_rotate_counterclockwise
[balanced_delivery_supervisor-20] [INFO] [1789489764.402663573] [robot_2.robot_supervisor]: Selected controllable event: EV_move_forward
[balanced_delivery_supervisor-22] [INFO] [1789489764.457748132] [robot_0.robot_supervisor]: Triggered uncontrollable event: EV_obstacle_front
[balanced_delivery_supervisor-22] [INFO] [1789489764.458275220] [robot_0.robot_supervisor]: ############################# REACHED: EV_object_reached #############################
[balanced_delivery_supervisor-22] [INFO] [1789489764.458802581] [robot_0.robot_supervisor]: Selected controllable event: EV_rotate_counterclockwise
[balanced_delivery_supervisor-22] [INFO] [1789489764.650486747] [robot_0.robot_supervisor]: Triggered uncontrollable event: EV_obstacle_front
[balanced_delivery_supervisor-22] [INFO] [1789489764.651218426] [robot_0.robot_supervisor]: Selected controllable event: EV_move_backward
[balanced_delivery_supervisor-20] [INFO] [1789489764.698688497] [robot_2.robot_supervisor]: Selected controllable event: EV_search_color
[balanced_delivery_supervisor-20] [INFO] [1789489764.898473558] [robot_2.robot_supervisor]: Selected controllable event: EV_search_object
[balanced_delivery_supervisor-22] [INFO] [1789489764.948419498] [robot_0.robot_supervisor]: Triggered uncontrollable event: EV_obstacle_right
[balanced_delivery_supervisor-22] [INFO] [1789489764.948905304] [robot_0.robot_supervisor]: ############################# REACHED: EV_object_reached #############################
[balanced_delivery_supervisor-22] [INFO] [1789489764.949402521] [robot_0.robot_supervisor]: Selected controllable event: EV_rotate_counterclockwise
[balanced_delivery_supervisor-20] [INFO] [1789489765.006178054] [robot_2.robot_supervisor]: Selected controllable event: EV_approach_object
[balanced_delivery_supervisor-22] [INFO] [1789489765.142393323] [robot_0.robot_supervisor]: Triggered uncontrollable event: EV_obstacle_right
[balanced_delivery_supervisor-22] [INFO] [1789489765.163662354] [robot_0.robot_supervisor]: ############################# REACHED: EV_object_reached #############################
[balanced_delivery_supervisor-22] [INFO] [1789489765.164483257] [robot_0.robot_supervisor]: Selected controllable event: EV_rotate_counterclockwise
[balanced_delivery_supervisor-20] [INFO] [1789489765.308038247] [robot_2.robot_supervisor]: Selected controllable event: EV_approach_color
[balanced_delivery_supervisor-22] [INFO] [1789489765.341133384] [robot_0.robot_supervisor]: Triggered uncontrollable event: EV_obstacle_right
[balanced_delivery_supervisor-22] [INFO] [1789489765.341793513] [robot_0.robot_supervisor]: Selected controllable event: EV_u_turn
[balanced_delivery_supervisor-22] [INFO] [1789489765.342367199] [robot_0.robot_supervisor]: Starting FULL ROTATE (omega=1.000, have_odom=True, target_rad=3.142, timeout_s=3.500)
[balanced_delivery_supervisor-24] [INFO] [1789489765.538324949] [robot_1.robot_supervisor]: FULL ROTATE completed by odom (accum_rad=3.172)
[balanced_delivery_supervisor-20] [INFO] [1789489765.603443850] [robot_2.robot_supervisor]: Selected controllable event: EV_approach_object
[balanced_delivery_supervisor-24] [INFO] [1789489765.732694186] [robot_1.robot_supervisor]: ############################# VISIBLE: EV_object_visible #############################
[balanced_delivery_supervisor-24] [INFO] [1789489765.733404940] [robot_1.robot_supervisor]: Selected controllable event: EV_approach_color
[balanced_delivery_supervisor-20] [INFO] [1789489765.898840159] [robot_2.robot_supervisor]: Selected controllable event: EV_approach_color
[balanced_delivery_supervisor-24] [INFO] [1789489766.037294139] [robot_1.robot_supervisor]: Triggered uncontrollable event: EV_obstacle_right
[balanced_delivery_supervisor-24] [INFO] [1789489766.045748176] [robot_1.robot_supervisor]: ############################# VISIBLE: EV_object_visible #############################
[balanced_delivery_supervisor-24] [INFO] [1789489766.046393965] [robot_1.robot_supervisor]: Selected controllable event: EV_u_turn
[balanced_delivery_supervisor-24] [INFO] [1789489766.141178209] [robot_1.robot_supervisor]: Triggered uncontrollable event: EV_obstacle_right
[balanced_delivery_supervisor-24] [INFO] [1789489766.141775779] [robot_1.robot_supervisor]: Selected controllable event: EV_u_turn
[balanced_delivery_supervisor-20] [INFO] [1789489766.202483015] [robot_2.robot_supervisor]: Selected controllable event: EV_search_color
[balanced_delivery_supervisor-24] [INFO] [1789489766.227955321] [robot_1.robot_supervisor]: Triggered uncontrollable event: EV_obstacle_right
[balanced_delivery_supervisor-24] [INFO] [1789489766.228410162] [robot_1.robot_supervisor]: ############################# VISIBLE: EV_object_visible #############################
[balanced_delivery_supervisor-24] [INFO] [1789489766.228971204] [robot_1.robot_supervisor]: Selected controllable event: EV_rotate_counterclockwise
[balanced_delivery_supervisor-24] [INFO] [1789489766.336893785] [robot_1.robot_supervisor]: Triggered uncontrollable event: EV_obstacle_right
[balanced_delivery_supervisor-24] [INFO] [1789489766.343900745] [robot_1.robot_supervisor]: Selected controllable event: EV_rotate_counterclockwise
[balanced_delivery_supervisor-20] [INFO] [1789489766.404360451] [robot_2.robot_supervisor]: Selected controllable event: EV_approach_object
[balanced_delivery_supervisor-24] [INFO] [1789489766.540390879] [robot_1.robot_supervisor]: Triggered uncontrollable event: EV_obstacle_right
[balanced_delivery_supervisor-24] [INFO] [1789489766.543599084] [robot_1.robot_supervisor]: Selected controllable event: EV_rotate_counterclockwise
[balanced_delivery_supervisor-24] [INFO] [1789489766.652546730] [robot_1.robot_supervisor]: Triggered uncontrollable event: EV_obstacle_right
[balanced_delivery_supervisor-24] [INFO] [1789489766.679480478] [robot_1.robot_supervisor]: Selected controllable event: EV_rotate_counterclockwise
[balanced_delivery_supervisor-20] [INFO] [1789489766.705171943] [robot_2.robot_supervisor]: Selected controllable event: EV_approach_object
[balanced_delivery_supervisor-24] [INFO] [1789489766.837279717] [robot_1.robot_supervisor]: Triggered uncontrollable event: EV_obstacle_right
[balanced_delivery_supervisor-24] [INFO] [1789489766.848529550] [robot_1.robot_supervisor]: ############################# VISIBLE: EV_object_visible #############################
[balanced_delivery_supervisor-24] [INFO] [1789489766.853791812] [robot_1.robot_supervisor]: Selected controllable event: EV_rotate_counterclockwise
[balanced_delivery_supervisor-20] [INFO] [1789489767.003063932] [robot_2.robot_supervisor]: Selected controllable event: EV_search_object
[balanced_delivery_supervisor-24] [INFO] [1789489767.033461555] [robot_1.robot_supervisor]: Triggered uncontrollable event: EV_obstacle_right
[balanced_delivery_supervisor-24] [INFO] [1789489767.034469757] [robot_1.robot_supervisor]: Selected controllable event: EV_u_turn
[balanced_delivery_supervisor-24] [INFO] [1789489767.131271724] [robot_1.robot_supervisor]: Triggered uncontrollable event: EV_obstacle_right
[balanced_delivery_supervisor-24] [INFO] [1789489767.132391121] [robot_1.robot_supervisor]: Selected controllable event: EV_u_turn
[balanced_delivery_supervisor-20] [INFO] [1789489767.203686892] [robot_2.robot_supervisor]: Selected controllable event: EV_approach_color
[balanced_delivery_supervisor-24] [INFO] [1789489767.231636815] [robot_1.robot_supervisor]: Triggered uncontrollable event: EV_obstacle_right
[balanced_delivery_supervisor-24] [INFO] [1789489767.232651279] [robot_1.robot_supervisor]: Selected controllable event: EV_rotate_counterclockwise
[balanced_delivery_supervisor-24] [INFO] [1789489767.343002563] [robot_1.robot_supervisor]: Selected controllable event: EV_move_forward
[balanced_delivery_supervisor-20] [INFO] [1789489767.510797295] [robot_2.robot_supervisor]: Selected controllable event: EV_search_object
[balanced_delivery_supervisor-24] [INFO] [1789489767.556584464] [robot_1.robot_supervisor]: ############################# VISIBLE: EV_object_visible #############################
[balanced_delivery_supervisor-24] [INFO] [1789489767.566741333] [robot_1.robot_supervisor]: Selected controllable event: EV_approach_object
[balanced_delivery_supervisor-20] [INFO] [1789489767.721416757] [robot_2.robot_supervisor]: Selected controllable event: EV_move_forward
[balanced_delivery_supervisor-24] [INFO] [1789489767.845292193] [robot_1.robot_supervisor]: Selected controllable event: EV_search_object
[balanced_delivery_supervisor-24] [INFO] [1789489767.963533407] [robot_1.robot_supervisor]: Selected controllable event: EV_move_forward
[balanced_delivery_supervisor-20] [INFO] [1789489768.004110035] [robot_2.robot_supervisor]: Selected controllable event: EV_approach_color
[color_detector-27] [WARN] [1789489768.033771615] [robot_2.target_detector]: RGB HEARTBEAT frames_total=0 recent_rate_hz=0.000 last_frame_age_s=inf status=STALE
[color_detector-31] [INFO] [1789489768.039663258] [robot_1.target_detector]: RGB HEARTBEAT frames_total=80 recent_rate_hz=2.151 last_frame_age_s=0.704 status=OK
[color_detector-29] [INFO] [1789489768.052266229] [robot_0.target_detector]: RGB HEARTBEAT frames_total=80 recent_rate_hz=2.150 last_frame_age_s=0.620 status=OK
[balanced_delivery_supervisor-24] [INFO] [1789489768.232306213] [robot_1.robot_supervisor]: Selected controllable event: EV_search_color
[balanced_delivery_supervisor-20] [INFO] [1789489768.308155044] [robot_2.robot_supervisor]: Selected controllable event: EV_search_object
[balanced_delivery_supervisor-24] [INFO] [1789489768.346725123] [robot_1.robot_supervisor]: ############################# VISIBLE: EV_object_visible #############################
[balanced_delivery_supervisor-24] [INFO] [1789489768.356911116] [robot_1.robot_supervisor]: Selected controllable event: EV_approach_color
[balanced_delivery_supervisor-20] [INFO] [1789489768.528193490] [robot_2.robot_supervisor]: Selected controllable event: EV_move_forward
[balanced_delivery_supervisor-24] [INFO] [1789489768.636787377] [robot_1.robot_supervisor]: Selected controllable event: EV_search_color
[balanced_delivery_supervisor-24] [INFO] [1789489768.762583118] [robot_1.robot_supervisor]: Selected controllable event: EV_approach_color
[balanced_delivery_supervisor-20] [INFO] [1789489768.819915728] [robot_2.robot_supervisor]: Selected controllable event: EV_approach_object
[balanced_delivery_supervisor-22] [INFO] [1789489768.868254982] [robot_0.robot_supervisor]: FULL ROTATE completed by timeout
[balanced_delivery_supervisor-24] [INFO] [1789489769.044244877] [robot_1.robot_supervisor]: Selected controllable event: EV_approach_color
[balanced_delivery_supervisor-20] [INFO] [1789489769.104558378] [robot_2.robot_supervisor]: Selected controllable event: EV_search_object
[balanced_delivery_supervisor-22] [INFO] [1789489769.178877467] [robot_0.robot_supervisor]: Triggered uncontrollable event: EV_obstacle_left
[balanced_delivery_supervisor-22] [INFO] [1789489769.189483987] [robot_0.robot_supervisor]: ############################# REACHED: EV_object_reached #############################
[balanced_delivery_supervisor-22] [INFO] [1789489769.190741313] [robot_0.robot_supervisor]: Selected controllable event: EV_rotate_clockwise
[balanced_delivery_supervisor-22] [WARN] [1789489769.191710748] [robot_0.robot_supervisor]: no translation for 5.1s livelock detected; starting atomic escape (turn_sign=-1)
[balanced_delivery_supervisor-20] [INFO] [1789489769.318702443] [robot_2.robot_supervisor]: Selected controllable event: EV_move_forward
[balanced_delivery_supervisor-24] [INFO] [1789489769.352596993] [robot_1.robot_supervisor]: ############################# VISIBLE: EV_object_visible #############################
[balanced_delivery_supervisor-24] [INFO] [1789489769.360792956] [robot_1.robot_supervisor]: Selected controllable event: EV_move_forward
[balanced_delivery_supervisor-20] [INFO] [1789489769.607108440] [robot_2.robot_supervisor]: Selected controllable event: EV_search_object
[balanced_delivery_supervisor-24] [INFO] [1789489769.664335517] [robot_1.robot_supervisor]: Selected controllable event: EV_search_color
[balanced_delivery_supervisor-20] [INFO] [1789489769.726575556] [robot_2.robot_supervisor]: Selected controllable event: EV_search_object
[balanced_delivery_supervisor-24] [INFO] [1789489769.857527671] [robot_1.robot_supervisor]: Selected controllable event: EV_approach_object
[balanced_delivery_supervisor-20] [INFO] [1789489769.912446309] [robot_2.robot_supervisor]: Selected controllable event: EV_search_color
[balanced_delivery_supervisor-20] [INFO] [1789489770.103318027] [robot_2.robot_supervisor]: Selected controllable event: EV_move_forward
[balanced_delivery_supervisor-24] [INFO] [1789489770.140615525] [robot_1.robot_supervisor]: ############################# VISIBLE: EV_object_visible #############################
[balanced_delivery_supervisor-24] [INFO] [1789489770.162021548] [robot_1.robot_supervisor]: Selected controllable event: EV_approach_object
[balanced_delivery_supervisor-20] [INFO] [1789489770.417077448] [robot_2.robot_supervisor]: Selected controllable event: EV_approach_color
[balanced_delivery_supervisor-24] [INFO] [1789489770.441798493] [robot_1.robot_supervisor]: Selected controllable event: EV_approach_color
[balanced_delivery_supervisor-20] [INFO] [1789489770.619727639] [robot_2.robot_supervisor]: Selected controllable event: EV_search_object
[balanced_delivery_supervisor-24] [INFO] [1789489770.676024047] [robot_1.robot_supervisor]: Selected controllable event: EV_search_object
[balanced_delivery_supervisor-20] [INFO] [1789489770.806361364] [robot_2.robot_supervisor]: Selected controllable event: EV_search_color
[balanced_delivery_supervisor-24] [INFO] [1789489770.844197984] [robot_1.robot_supervisor]: ############################# VISIBLE: EV_object_visible #############################
[balanced_delivery_supervisor-24] [INFO] [1789489770.856681049] [robot_1.robot_supervisor]: Selected controllable event: EV_approach_object
[balanced_delivery_supervisor-20] [INFO] [1789489770.996947086] [robot_2.robot_supervisor]: Selected controllable event: EV_search_color
[balanced_delivery_supervisor-20] [INFO] [1789489771.113408750] [robot_2.robot_supervisor]: Selected controllable event: EV_approach_color
[balanced_delivery_supervisor-24] [INFO] [1789489771.151421074] [robot_1.robot_supervisor]: Selected controllable event: EV_approach_color
[balanced_delivery_supervisor-20] [INFO] [1789489771.419984918] [robot_2.robot_supervisor]: Selected controllable event: EV_search_color
[balanced_delivery_supervisor-24] [INFO] [1789489771.461457402] [robot_1.robot_supervisor]: Selected controllable event: EV_search_object
[balanced_delivery_supervisor-20] [INFO] [1789489771.610305830] [robot_2.robot_supervisor]: Selected controllable event: EV_search_object
[balanced_delivery_supervisor-24] [INFO] [1789489771.646863959] [robot_1.robot_supervisor]: Triggered uncontrollable event: EV_obstacle_right
[balanced_delivery_supervisor-24] [INFO] [1789489771.651060955] [robot_1.robot_supervisor]: ############################# VISIBLE: EV_object_visible #############################
[balanced_delivery_supervisor-24] [INFO] [1789489771.669655884] [robot_1.robot_supervisor]: Selected controllable event: EV_rotate_counterclockwise
[balanced_delivery_supervisor-22] [INFO] [1789489771.764205637] [robot_0.robot_supervisor]: Zone-livelock escape completed
[balanced_delivery_supervisor-20] [INFO] [1789489771.809652219] [robot_2.robot_supervisor]: Selected controllable event: EV_search_object
[balanced_delivery_supervisor-24] [INFO] [1789489771.850428876] [robot_1.robot_supervisor]: Triggered uncontrollable event: EV_obstacle_right
[balanced_delivery_supervisor-24] [INFO] [1789489771.851638087] [robot_1.robot_supervisor]: Selected controllable event: EV_rotate_counterclockwise
[balanced_delivery_supervisor-20] [INFO] [1789489772.015464543] [robot_2.robot_supervisor]: Selected controllable event: EV_approach_object
[balanced_delivery_supervisor-22] [INFO] [1789489772.045386811] [robot_0.robot_supervisor]: ############################# REACHED: EV_object_reached #############################
[balanced_delivery_supervisor-24] [INFO] [1789489772.046616326] [robot_1.robot_supervisor]: Triggered uncontrollable event: EV_obstacle_right
[balanced_delivery_supervisor-24] [INFO] [1789489772.052130243] [robot_1.robot_supervisor]: Selected controllable event: EV_rotate_counterclockwise
[balanced_delivery_supervisor-22] [INFO] [1789489772.072154134] [robot_0.robot_supervisor]: Selected controllable event: EV_approach_color
[balanced_delivery_supervisor-24] [INFO] [1789489772.248274471] [robot_1.robot_supervisor]: Triggered uncontrollable event: EV_obstacle_right
[balanced_delivery_supervisor-24] [INFO] [1789489772.249248732] [robot_1.robot_supervisor]: Selected controllable event: EV_rotate_counterclockwise
[balanced_delivery_supervisor-22] [INFO] [1789489772.277718592] [robot_0.robot_supervisor]: Selected controllable event: EV_search_color
[balanced_delivery_supervisor-20] [INFO] [1789489772.301478699] [robot_2.robot_supervisor]: Selected controllable event: EV_approach_object
[balanced_delivery_supervisor-22] [INFO] [1789489772.459031334] [robot_0.robot_supervisor]: Selected controllable event: EV_search_color
[balanced_delivery_supervisor-24] [INFO] [1789489772.461052063] [robot_1.robot_supervisor]: Triggered uncontrollable event: EV_obstacle_right
[balanced_delivery_supervisor-24] [INFO] [1789489772.462107560] [robot_1.robot_supervisor]: Selected controllable event: EV_u_turn
[balanced_delivery_supervisor-24] [INFO] [1789489772.479445675] [robot_1.robot_supervisor]: Starting FULL ROTATE (omega=1.000, have_odom=True, target_rad=3.142, timeout_s=3.500)
[balanced_delivery_supervisor-22] [INFO] [1789489772.576882205] [robot_0.robot_supervisor]: Selected controllable event: EV_approach_object
[balanced_delivery_supervisor-20] [INFO] [1789489772.600269286] [robot_2.robot_supervisor]: Selected controllable event: EV_approach_color
[balanced_delivery_supervisor-22] [INFO] [1789489772.874666586] [robot_0.robot_supervisor]: Triggered uncontrollable event: EV_obstacle_right
[balanced_delivery_supervisor-22] [INFO] [1789489772.882688296] [robot_0.robot_supervisor]: ############################# REACHED: EV_object_reached #############################
[balanced_delivery_supervisor-22] [INFO] [1789489772.883922867] [robot_0.robot_supervisor]: Selected controllable event: EV_u_turn
[balanced_delivery_supervisor-22] [INFO] [1789489772.902718158] [robot_0.robot_supervisor]: Starting FULL ROTATE (omega=1.000, have_odom=True, target_rad=3.142, timeout_s=3.500)
[balanced_delivery_supervisor-20] [INFO] [1789489772.906269898] [robot_2.robot_supervisor]: Selected controllable event: EV_approach_color
[balanced_delivery_supervisor-20] [INFO] [1789489773.204617474] [robot_2.robot_supervisor]: Selected controllable event: EV_approach_color
[balanced_delivery_supervisor-20] [INFO] [1789489773.501922182] [robot_2.robot_supervisor]: Selected controllable event: EV_move_forward
[balanced_delivery_supervisor-20] [INFO] [1789489773.707452133] [robot_2.robot_supervisor]: Selected controllable event: EV_search_color
[balanced_delivery_supervisor-20] [INFO] [1789489773.899833381] [robot_2.robot_supervisor]: Selected controllable event: EV_move_forward
[balanced_delivery_supervisor-20] [INFO] [1789489774.110342952] [robot_2.robot_supervisor]: Selected controllable event: EV_search_color
[balanced_delivery_supervisor-20] [INFO] [1789489774.306595242] [robot_2.robot_supervisor]: Selected controllable event: EV_approach_object
[balanced_delivery_supervisor-20] [INFO] [1789489774.522122521] [robot_2.robot_supervisor]: Selected controllable event: EV_approach_color
[balanced_delivery_supervisor-20] [INFO] [1789489774.796019286] [robot_2.robot_supervisor]: Selected controllable event: EV_search_object
[balanced_delivery_supervisor-20] [INFO] [1789489774.919057161] [robot_2.robot_supervisor]: Selected controllable event: EV_search_object
[balanced_delivery_supervisor-20] [INFO] [1789489775.122081673] [robot_2.robot_supervisor]: Selected controllable event: EV_approach_color
[balanced_delivery_supervisor-20] [INFO] [1789489775.411098918] [robot_2.robot_supervisor]: Selected controllable event: EV_search_color
[balanced_delivery_supervisor-20] [INFO] [1789489775.593154989] [robot_2.robot_supervisor]: Selected controllable event: EV_move_forward
[balanced_delivery_supervisor-20] [INFO] [1789489775.819806274] [robot_2.robot_supervisor]: Selected controllable event: EV_search_object
[balanced_delivery_supervisor-20] [INFO] [1789489776.020342607] [robot_2.robot_supervisor]: Selected controllable event: EV_move_forward
[balanced_delivery_supervisor-24] [INFO] [1789489776.039717419] [robot_1.robot_supervisor]: FULL ROTATE completed by timeout
[balanced_delivery_supervisor-24] [INFO] [1789489776.237154484] [robot_1.robot_supervisor]: ############################# VISIBLE: EV_object_visible #############################
[balanced_delivery_supervisor-24] [INFO] [1789489776.255485269] [robot_1.robot_supervisor]: Selected controllable event: EV_search_color
[color_detector-29] [INFO] [1789489776.305504275] [robot_0.target_detector]: RGB HEARTBEAT frames_total=90 recent_rate_hz=1.211 last_frame_age_s=0.684 status=OK
[balanced_delivery_supervisor-20] [INFO] [1789489776.313474127] [robot_2.robot_supervisor]: Selected controllable event: EV_search_color
[color_detector-27] [WARN] [1789489776.327683433] [robot_2.target_detector]: RGB HEARTBEAT frames_total=0 recent_rate_hz=0.000 last_frame_age_s=inf status=STALE
[color_detector-31] [INFO] [1789489776.331439555] [robot_1.target_detector]: RGB HEARTBEAT frames_total=90 recent_rate_hz=1.206 last_frame_age_s=0.822 status=OK
[balanced_delivery_supervisor-24] [INFO] [1789489776.366815226] [robot_1.robot_supervisor]: Selected controllable event: EV_search_color
[balanced_delivery_supervisor-22] [INFO] [1789489776.471988226] [robot_0.robot_supervisor]: FULL ROTATE completed by timeout
[balanced_delivery_supervisor-20] [INFO] [1789489776.508756128] [robot_2.robot_supervisor]: Selected controllable event: EV_move_forward
[balanced_delivery_supervisor-24] [INFO] [1789489776.539656042] [robot_1.robot_supervisor]: ############################# VISIBLE: EV_object_visible #############################
[balanced_delivery_supervisor-24] [INFO] [1789489776.540733709] [robot_1.robot_supervisor]: Selected controllable event: EV_approach_color
[balanced_delivery_supervisor-22] [INFO] [1789489776.670291017] [robot_0.robot_supervisor]: Triggered uncontrollable event: EV_obstacle_front
[balanced_delivery_supervisor-22] [INFO] [1789489776.671349386] [robot_0.robot_supervisor]: ############################# REACHED: EV_object_reached #############################
[balanced_delivery_supervisor-22] [INFO] [1789489776.672443610] [robot_0.robot_supervisor]: Selected controllable event: EV_rotate_counterclockwise
[balanced_delivery_supervisor-20] [INFO] [1789489776.800352277] [robot_2.robot_supervisor]: Selected controllable event: EV_search_object
[balanced_delivery_supervisor-24] [INFO] [1789489776.853744231] [robot_1.robot_supervisor]: Selected controllable event: EV_search_color
[balanced_delivery_supervisor-22] [INFO] [1789489776.873459084] [robot_0.robot_supervisor]: Triggered uncontrollable event: EV_obstacle_front
[balanced_delivery_supervisor-22] [INFO] [1789489776.874690215] [robot_0.robot_supervisor]: Selected controllable event: EV_rotate_counterclockwise
[balanced_delivery_supervisor-20] [INFO] [1789489776.904388135] [robot_2.robot_supervisor]: Selected controllable event: EV_approach_color
[balanced_delivery_supervisor-24] [INFO] [1789489777.047678688] [robot_1.robot_supervisor]: Selected controllable event: EV_approach_object
[balanced_delivery_supervisor-22] [INFO] [1789489777.074177156] [robot_0.robot_supervisor]: Triggered uncontrollable event: EV_obstacle_front
[balanced_delivery_supervisor-22] [INFO] [1789489777.093548124] [robot_0.robot_supervisor]: Selected controllable event: EV_rotate_clockwise
[balanced_delivery_supervisor-20] [INFO] [1789489777.115659735] [robot_2.robot_supervisor]: Selected controllable event: EV_approach_object
[balanced_delivery_supervisor-22] [INFO] [1789489777.256833895] [robot_0.robot_supervisor]: Triggered uncontrollable event: EV_obstacle_front
[balanced_delivery_supervisor-22] [INFO] [1789489777.278789262] [robot_0.robot_supervisor]: Selected controllable event: EV_move_backward
[balanced_delivery_supervisor-24] [INFO] [1789489777.360131554] [robot_1.robot_supervisor]: ############################# VISIBLE: EV_object_visible #############################
[balanced_delivery_supervisor-24] [INFO] [1789489777.361368630] [robot_1.robot_supervisor]: Selected controllable event: EV_approach_object
[balanced_delivery_supervisor-20] [INFO] [1789489777.416822786] [robot_2.robot_supervisor]: Selected controllable event: EV_search_object
[balanced_delivery_supervisor-22] [INFO] [1789489777.542564671] [robot_0.robot_supervisor]: Triggered uncontrollable event: EV_obstacle_right
[balanced_delivery_supervisor-22] [INFO] [1789489777.559281496] [robot_0.robot_supervisor]: ############################# REACHED: EV_object_reached #############################
[balanced_delivery_supervisor-22] [INFO] [1789489777.567753472] [robot_0.robot_supervisor]: Selected controllable event: EV_rotate_counterclockwise
[balanced_delivery_supervisor-20] [INFO] [1789489777.596914544] [robot_2.robot_supervisor]: Selected controllable event: EV_move_forward
[balanced_delivery_supervisor-24] [INFO] [1789489777.647332386] [robot_1.robot_supervisor]: Selected controllable event: EV_move_forward
[balanced_delivery_supervisor-22] [INFO] [1789489777.763379548] [robot_0.robot_supervisor]: Triggered uncontrollable event: EV_obstacle_right
[balanced_delivery_supervisor-22] [INFO] [1789489777.764561648] [robot_0.robot_supervisor]: Selected controllable event: EV_u_turn
[balanced_delivery_supervisor-22] [INFO] [1789489777.851494712] [robot_0.robot_supervisor]: Triggered uncontrollable event: EV_obstacle_right
[balanced_delivery_supervisor-22] [INFO] [1789489777.852504447] [robot_0.robot_supervisor]: Selected controllable event: EV_rotate_counterclockwise
[balanced_delivery_supervisor-20] [INFO] [1789489777.897642228] [robot_2.robot_supervisor]: Selected controllable event: EV_approach_object
[balanced_delivery_supervisor-24] [INFO] [1789489777.973945237] [robot_1.robot_supervisor]: Selected controllable event: EV_approach_object
[balanced_delivery_supervisor-22] [INFO] [1789489777.976471184] [robot_0.robot_supervisor]: Triggered uncontrollable event: EV_obstacle_right
[balanced_delivery_supervisor-22] [INFO] [1789489777.977457116] [robot_0.robot_supervisor]: Selected controllable event: EV_rotate_counterclockwise
[balanced_delivery_supervisor-20] [INFO] [1789489778.113778910] [robot_2.robot_supervisor]: Selected controllable event: EV_search_object
[balanced_delivery_supervisor-22] [INFO] [1789489778.161121010] [robot_0.robot_supervisor]: Triggered uncontrollable event: EV_obstacle_right
[balanced_delivery_supervisor-22] [INFO] [1789489778.169731178] [robot_0.robot_supervisor]: Selected controllable event: EV_u_turn
[balanced_delivery_supervisor-24] [INFO] [1789489778.247770820] [robot_1.robot_supervisor]: ############################# VISIBLE: EV_object_visible #############################
[balanced_delivery_supervisor-24] [INFO] [1789489778.259193956] [robot_1.robot_supervisor]: Selected controllable event: EV_search_color
[balanced_delivery_supervisor-22] [INFO] [1789489778.262817717] [robot_0.robot_supervisor]: Triggered uncontrollable event: EV_obstacle_right
[balanced_delivery_supervisor-22] [INFO] [1789489778.273723101] [robot_0.robot_supervisor]: ############################# REACHED: EV_object_reached #############################
[balanced_delivery_supervisor-22] [INFO] [1789489778.284839856] [robot_0.robot_supervisor]: Selected controllable event: EV_u_turn
[balanced_delivery_supervisor-20] [INFO] [1789489778.317550632] [robot_2.robot_supervisor]: Selected controllable event: EV_move_forward
[balanced_delivery_supervisor-22] [INFO] [1789489778.344728436] [robot_0.robot_supervisor]: Triggered uncontrollable event: EV_obstacle_right
[balanced_delivery_supervisor-22] [INFO] [1789489778.357667328] [robot_0.robot_supervisor]: Selected controllable event: EV_rotate_counterclockwise
[balanced_delivery_supervisor-24] [INFO] [1789489778.439401739] [robot_1.robot_supervisor]: Selected controllable event: EV_search_object
[balanced_delivery_supervisor-22] [INFO] [1789489778.566211342] [robot_0.robot_supervisor]: Triggered uncontrollable event: EV_obstacle_right
[balanced_delivery_supervisor-22] [INFO] [1789489778.569788437] [robot_0.robot_supervisor]: Selected controllable event: EV_rotate_counterclockwise
[balanced_delivery_supervisor-20] [INFO] [1789489778.596442326] [robot_2.robot_supervisor]: Selected controllable event: EV_search_color
[balanced_delivery_supervisor-24] [INFO] [1789489778.648557607] [robot_1.robot_supervisor]: Selected controllable event: EV_search_color
[balanced_delivery_supervisor-20] [INFO] [1789489778.728795692] [robot_2.robot_supervisor]: Selected controllable event: EV_approach_color
[balanced_delivery_supervisor-22] [INFO] [1789489778.758391978] [robot_0.robot_supervisor]: Triggered uncontrollable event: EV_obstacle_right
[balanced_delivery_supervisor-22] [INFO] [1789489778.772979526] [robot_0.robot_supervisor]: Selected controllable event: EV_u_turn
[balanced_delivery_supervisor-24] [INFO] [1789489778.839114906] [robot_1.robot_supervisor]: Selected controllable event: EV_approach_object
[balanced_delivery_supervisor-22] [INFO] [1789489778.849215962] [robot_0.robot_supervisor]: Triggered uncontrollable event: EV_obstacle_right
[balanced_delivery_supervisor-22] [INFO] [1789489778.863868953] [robot_0.robot_supervisor]: Selected controllable event: EV_rotate_counterclockwise
[balanced_delivery_supervisor-20] [INFO] [1789489778.997628699] [robot_2.robot_supervisor]: Selected controllable event: EV_search_object
[balanced_delivery_supervisor-22] [INFO] [1789489779.077037053] [robot_0.robot_supervisor]: ############################# REACHED: EV_object_reached #############################
[balanced_delivery_supervisor-22] [INFO] [1789489779.083389389] [robot_0.robot_supervisor]: Selected controllable event: EV_approach_color
[balanced_delivery_supervisor-20] [INFO] [1789489779.099862282] [robot_2.robot_supervisor]: Selected controllable event: EV_move_forward
[balanced_delivery_supervisor-24] [INFO] [1789489779.151509883] [robot_1.robot_supervisor]: ############################# VISIBLE: EV_object_visible #############################
[balanced_delivery_supervisor-24] [INFO] [1789489779.166940107] [robot_1.robot_supervisor]: Selected controllable event: EV_search_object
[balanced_delivery_supervisor-20] [INFO] [1789489779.308265937] [robot_2.robot_supervisor]: Selected controllable event: EV_approach_color
[balanced_delivery_supervisor-24] [INFO] [1789489779.335084714] [robot_1.robot_supervisor]: Selected controllable event: EV_move_forward
[balanced_delivery_supervisor-22] [INFO] [1789489779.356546451] [robot_0.robot_supervisor]: Selected controllable event: EV_approach_object
[balanced_delivery_supervisor-24] [INFO] [1789489779.544033247] [robot_1.robot_supervisor]: Selected controllable event: EV_search_object
[balanced_delivery_supervisor-20] [INFO] [1789489779.597534109] [robot_2.robot_supervisor]: Selected controllable event: EV_approach_object
[balanced_delivery_supervisor-22] [INFO] [1789489779.661374530] [robot_0.robot_supervisor]: Triggered uncontrollable event: EV_obstacle_left
[balanced_delivery_supervisor-22] [INFO] [1789489779.662376185] [robot_0.robot_supervisor]: ############################# REACHED: EV_object_reached #############################
[balanced_delivery_supervisor-22] [INFO] [1789489779.663301422] [robot_0.robot_supervisor]: Selected controllable event: EV_rotate_clockwise
[balanced_delivery_supervisor-24] [INFO] [1789489779.741152664] [robot_1.robot_supervisor]: ############################# VISIBLE: EV_object_visible #############################
[balanced_delivery_supervisor-24] [INFO] [1789489779.758235427] [robot_1.robot_supervisor]: Selected controllable event: EV_search_object
[balanced_delivery_supervisor-20] [INFO] [1789489779.810748666] [robot_2.robot_supervisor]: Selected controllable event: EV_approach_color
[balanced_delivery_supervisor-22] [INFO] [1789489779.860613534] [robot_0.robot_supervisor]: Triggered uncontrollable event: EV_obstacle_left
[balanced_delivery_supervisor-22] [INFO] [1789489779.868259476] [robot_0.robot_supervisor]: Selected controllable event: EV_rotate_clockwise
[balanced_delivery_supervisor-24] [INFO] [1789489779.965352717] [robot_1.robot_supervisor]: Selected controllable event: EV_move_forward
[balanced_delivery_supervisor-22] [INFO] [1789489780.071440833] [robot_0.robot_supervisor]: Triggered uncontrollable event: EV_obstacle_left
[balanced_delivery_supervisor-22] [INFO] [1789489780.072537081] [robot_0.robot_supervisor]: Selected controllable event: EV_rotate_clockwise
[balanced_delivery_supervisor-20] [INFO] [1789489780.111234964] [robot_2.robot_supervisor]: Selected controllable event: EV_approach_color
[balanced_delivery_supervisor-24] [INFO] [1789489780.236821582] [robot_1.robot_supervisor]: Selected controllable event: EV_move_forward
[balanced_delivery_supervisor-22] [INFO] [1789489780.264804806] [robot_0.robot_supervisor]: Triggered uncontrollable event: EV_obstacle_left
[balanced_delivery_supervisor-22] [INFO] [1789489780.285791447] [robot_0.robot_supervisor]: Selected controllable event: EV_u_turn
[balanced_delivery_supervisor-22] [INFO] [1789489780.286664573] [robot_0.robot_supervisor]: Starting FULL ROTATE (omega=1.000, have_odom=True, target_rad=3.142, timeout_s=3.500)
[balanced_delivery_supervisor-20] [INFO] [1789489780.413995339] [robot_2.robot_supervisor]: Selected controllable event: EV_approach_color
[balanced_delivery_supervisor-24] [INFO] [1789489780.539828884] [robot_1.robot_supervisor]: ############################# VISIBLE: EV_object_visible #############################
[balanced_delivery_supervisor-24] [INFO] [1789489780.548437653] [robot_1.robot_supervisor]: Selected controllable event: EV_move_forward
[balanced_delivery_supervisor-20] [INFO] [1789489780.719000602] [robot_2.robot_supervisor]: Selected controllable event: EV_approach_color
[balanced_delivery_supervisor-24] [INFO] [1789489780.846156156] [robot_1.robot_supervisor]: Selected controllable event: EV_move_forward
[balanced_delivery_supervisor-20] [INFO] [1789489781.013319098] [robot_2.robot_supervisor]: Selected controllable event: EV_approach_object
[balanced_delivery_supervisor-24] [INFO] [1789489781.143051583] [robot_1.robot_supervisor]: ############################# VISIBLE: EV_object_visible #############################
[balanced_delivery_supervisor-24] [INFO] [1789489781.150642800] [robot_1.robot_supervisor]: Selected controllable event: EV_move_forward
[balanced_delivery_supervisor-20] [INFO] [1789489781.297352166] [robot_2.robot_supervisor]: Selected controllable event: EV_search_object
[balanced_delivery_supervisor-20] [INFO] [1789489781.418445066] [robot_2.robot_supervisor]: Selected controllable event: EV_search_object
[balanced_delivery_supervisor-24] [INFO] [1789489781.431133513] [robot_1.robot_supervisor]: Selected controllable event: EV_search_color
[balanced_delivery_supervisor-24] [INFO] [1789489781.550689024] [robot_1.robot_supervisor]: Selected controllable event: EV_move_forward
[balanced_delivery_supervisor-20] [INFO] [1789489781.606301464] [robot_2.robot_supervisor]: Selected controllable event: EV_approach_object
[balanced_delivery_supervisor-24] [INFO] [1789489781.852134658] [robot_1.robot_supervisor]: ############################# VISIBLE: EV_object_visible #############################
[balanced_delivery_supervisor-24] [INFO] [1789489781.862484338] [robot_1.robot_supervisor]: Selected controllable event: EV_approach_object
[balanced_delivery_supervisor-20] [INFO] [1789489781.900127420] [robot_2.robot_supervisor]: Selected controllable event: EV_move_forward
[balanced_delivery_supervisor-24] [INFO] [1789489782.141271181] [robot_1.robot_supervisor]: Selected controllable event: EV_move_forward
[balanced_delivery_supervisor-20] [INFO] [1789489782.228721330] [robot_2.robot_supervisor]: Selected controllable event: EV_approach_object
[balanced_delivery_supervisor-24] [INFO] [1789489782.361917206] [robot_1.robot_supervisor]: ############################# VISIBLE: EV_object_visible #############################
[balanced_delivery_supervisor-24] [INFO] [1789489782.373511136] [robot_1.robot_supervisor]: Selected controllable event: EV_search_color
[balanced_delivery_supervisor-20] [INFO] [1789489782.510992787] [robot_2.robot_supervisor]: Selected controllable event: EV_move_forward
[balanced_delivery_supervisor-24] [INFO] [1789489782.537517973] [robot_1.robot_supervisor]: Selected controllable event: EV_approach_color
[balanced_delivery_supervisor-20] [INFO] [1789489782.793719534] [robot_2.robot_supervisor]: Selected controllable event: EV_approach_color
[balanced_delivery_supervisor-24] [INFO] [1789489782.837294606] [robot_1.robot_supervisor]: Selected controllable event: EV_search_color
[balanced_delivery_supervisor-20] [INFO] [1789489783.025946713] [robot_2.robot_supervisor]: Selected controllable event: EV_search_color
[balanced_delivery_supervisor-24] [INFO] [1789489783.048458677] [robot_1.robot_supervisor]: Triggered uncontrollable event: EV_object_not_visible
[balanced_delivery_supervisor-24] [INFO] [1789489783.049459064] [robot_1.robot_supervisor]: Selected controllable event: EV_search_color
[balanced_delivery_supervisor-20] [INFO] [1789489783.217205145] [robot_2.robot_supervisor]: Selected controllable event: EV_move_forward
[balanced_delivery_supervisor-24] [INFO] [1789489783.233485290] [robot_1.robot_supervisor]: Selected controllable event: EV_approach_object
[color_detector-29] [INFO] [1789489783.453569952] [robot_0.target_detector]: RGB HEARTBEAT frames_total=100 recent_rate_hz=1.402 last_frame_age_s=0.517 status=OK
[color_detector-31] [INFO] [1789489783.464437502] [robot_1.target_detector]: RGB HEARTBEAT frames_total=100 recent_rate_hz=1.402 last_frame_age_s=0.618 status=OK
[color_detector-27] [WARN] [1789489783.484287992] [robot_2.target_detector]: RGB HEARTBEAT frames_total=0 recent_rate_hz=0.000 last_frame_age_s=inf status=STALE
[balanced_delivery_supervisor-20] [INFO] [1789489783.515318953] [robot_2.robot_supervisor]: Selected controllable event: EV_search_object
[balanced_delivery_supervisor-24] [INFO] [1789489783.546930692] [robot_1.robot_supervisor]: Selected controllable event: EV_approach_color
[balanced_delivery_supervisor-20] [INFO] [1789489783.701954612] [robot_2.robot_supervisor]: Selected controllable event: EV_approach_object
[balanced_delivery_supervisor-24] [INFO] [1789489783.767818256] [robot_1.robot_supervisor]: Triggered uncontrollable event: EV_object_not_visible
[balanced_delivery_supervisor-24] [INFO] [1789489783.779619402] [robot_1.robot_supervisor]: Selected controllable event: EV_approach_object
[balanced_delivery_supervisor-22] [INFO] [1789489783.866948098] [robot_0.robot_supervisor]: FULL ROTATE completed by timeout
[balanced_delivery_supervisor-20] [INFO] [1789489783.919402072] [robot_2.robot_supervisor]: Selected controllable event: EV_search_object
[balanced_delivery_supervisor-24] [INFO] [1789489784.055067643] [robot_1.robot_supervisor]: Selected controllable event: EV_approach_color
[balanced_delivery_supervisor-22] [INFO] [1789489784.056474969] [robot_0.robot_supervisor]: Triggered uncontrollable event: EV_obstacle_right
[balanced_delivery_supervisor-22] [INFO] [1789489784.057242434] [robot_0.robot_supervisor]: ############################# REACHED: EV_object_reached #############################
[balanced_delivery_supervisor-22] [INFO] [1789489784.075409587] [robot_0.robot_supervisor]: Selected controllable event: EV_u_turn
[balanced_delivery_supervisor-20] [INFO] [1789489784.095823808] [robot_2.robot_supervisor]: Selected controllable event: EV_search_color
[balanced_delivery_supervisor-22] [INFO] [1789489784.173818310] [robot_0.robot_supervisor]: Triggered uncontrollable event: EV_obstacle_right
[balanced_delivery_supervisor-22] [INFO] [1789489784.175397732] [robot_0.robot_supervisor]: Selected controllable event: EV_rotate_counterclockwise
[balanced_delivery_supervisor-22] [WARN] [1789489784.176185728] [robot_0.robot_supervisor]: no translation for 7.5s livelock detected; starting atomic escape (turn_sign=+1)
[balanced_delivery_supervisor-20] [INFO] [1789489784.213244359] [robot_2.robot_supervisor]: Selected controllable event: EV_search_object
[balanced_delivery_supervisor-24] [INFO] [1789489784.345374418] [robot_1.robot_supervisor]: Triggered uncontrollable event: EV_object_not_visible
[balanced_delivery_supervisor-24] [INFO] [1789489784.346557289] [robot_1.robot_supervisor]: Selected controllable event: EV_search_object
[balanced_delivery_supervisor-20] [INFO] [1789489784.396020355] [robot_2.robot_supervisor]: Selected controllable event: EV_approach_object
[balanced_delivery_supervisor-24] [INFO] [1789489784.545036010] [robot_1.robot_supervisor]: Selected controllable event: EV_approach_object
[balanced_delivery_supervisor-20] [INFO] [1789489784.718266747] [robot_2.robot_supervisor]: Selected controllable event: EV_move_forward
[balanced_delivery_supervisor-24] [INFO] [1789489784.749809057] [robot_1.robot_supervisor]: Selected controllable event: EV_search_object
[balanced_delivery_supervisor-24] [INFO] [1789489784.965622184] [robot_1.robot_supervisor]: Triggered uncontrollable event: EV_object_not_visible
[balanced_delivery_supervisor-24] [INFO] [1789489784.966682146] [robot_1.robot_supervisor]: Selected controllable event: EV_approach_color
[balanced_delivery_supervisor-20] [INFO] [1789489785.001773554] [robot_2.robot_supervisor]: Selected controllable event: EV_move_forward
[balanced_delivery_supervisor-24] [INFO] [1789489785.227792370] [robot_1.robot_supervisor]: Selected controllable event: EV_move_forward
[balanced_delivery_supervisor-20] [INFO] [1789489785.308082215] [robot_2.robot_supervisor]: Selected controllable event: EV_approach_color
[balanced_delivery_supervisor-24] [INFO] [1789489785.539578078] [robot_1.robot_supervisor]: Selected controllable event: EV_search_object
[balanced_delivery_supervisor-20] [INFO] [1789489785.625748466] [robot_2.robot_supervisor]: Selected controllable event: EV_move_forward
[balanced_delivery_supervisor-24] [INFO] [1789489785.739095222] [robot_1.robot_supervisor]: Triggered uncontrollable event: EV_object_not_visible
[balanced_delivery_supervisor-24] [INFO] [1789489785.740158194] [robot_1.robot_supervisor]: Selected controllable event: EV_approach_object
[balanced_delivery_supervisor-20] [INFO] [1789489785.897512455] [robot_2.robot_supervisor]: Selected controllable event: EV_approach_object
[balanced_delivery_supervisor-24] [INFO] [1789489785.944992736] [robot_1.robot_supervisor]: Selected controllable event: EV_search_object
[balanced_delivery_supervisor-24] [INFO] [1789489786.131911125] [robot_1.robot_supervisor]: Selected controllable event: EV_move_forward
[balanced_delivery_supervisor-20] [INFO] [1789489786.197324227] [robot_2.robot_supervisor]: Selected controllable event: EV_search_object
[balanced_delivery_supervisor-24] [INFO] [1789489786.339660403] [robot_1.robot_supervisor]: Triggered uncontrollable event: EV_object_not_visible
[balanced_delivery_supervisor-24] [INFO] [1789489786.349773684] [robot_1.robot_supervisor]: Selected controllable event: EV_approach_object
[balanced_delivery_supervisor-20] [INFO] [1789489786.401302754] [robot_2.robot_supervisor]: Selected controllable event: EV_search_object
[balanced_delivery_supervisor-20] [INFO] [1789489786.511232046] [robot_2.robot_supervisor]: Selected controllable event: EV_search_object
[balanced_delivery_supervisor-24] [INFO] [1789489786.555482356] [robot_1.robot_supervisor]: Selected controllable event: EV_approach_color
[balanced_delivery_supervisor-22] [INFO] [1789489786.661379054] [robot_0.robot_supervisor]: Zone-livelock escape completed
[balanced_delivery_supervisor-20] [INFO] [1789489786.700585155] [robot_2.robot_supervisor]: Selected controllable event: EV_search_object
[balanced_delivery_supervisor-24] [INFO] [1789489786.829448769] [robot_1.robot_supervisor]: Triggered uncontrollable event: EV_obstacle_right
[balanced_delivery_supervisor-24] [INFO] [1789489786.830288473] [robot_1.robot_supervisor]: Triggered uncontrollable event: EV_object_not_visible
[balanced_delivery_supervisor-24] [INFO] [1789489786.860740674] [robot_1.robot_supervisor]: Selected controllable event: EV_u_turn
[balanced_delivery_supervisor-24] [INFO] [1789489786.861421495] [robot_1.robot_supervisor]: Starting FULL ROTATE (omega=1.000, have_odom=True, target_rad=3.142, timeout_s=3.500)
[balanced_delivery_supervisor-20] [INFO] [1789489786.904633607] [robot_2.robot_supervisor]: Selected controllable event: EV_approach_object
[balanced_delivery_supervisor-22] [INFO] [1789489786.955615982] [robot_0.robot_supervisor]: ############################# REACHED: EV_object_reached #############################
[balanced_delivery_supervisor-22] [INFO] [1789489786.956529948] [robot_0.robot_supervisor]: Selected controllable event: EV_search_object
[balanced_delivery_supervisor-22] [INFO] [1789489787.153239422] [robot_0.robot_supervisor]: ############################# REACHED: EV_object_reached #############################
[balanced_delivery_supervisor-22] [INFO] [1789489787.164098373] [robot_0.robot_supervisor]: Selected controllable event: EV_search_object
[balanced_delivery_supervisor-20] [INFO] [1789489787.198903332] [robot_2.robot_supervisor]: Selected controllable event: EV_search_object
[balanced_delivery_supervisor-22] [INFO] [1789489787.350933157] [robot_0.robot_supervisor]: Selected controllable event: EV_move_forward
[balanced_delivery_supervisor-20] [INFO] [1789489787.413708714] [robot_2.robot_supervisor]: Selected controllable event: EV_approach_color
[balanced_delivery_supervisor-22] [INFO] [1789489787.565409152] [robot_0.robot_supervisor]: Selected controllable event: EV_search_color
[balanced_delivery_supervisor-20] [INFO] [1789489787.710863282] [robot_2.robot_supervisor]: Selected controllable event: EV_search_object
[balanced_delivery_supervisor-22] [INFO] [1789489787.762677808] [robot_0.robot_supervisor]: ############################# REACHED: EV_object_reached #############################
[balanced_delivery_supervisor-22] [INFO] [1789489787.770703045] [robot_0.robot_supervisor]: Selected controllable event: EV_move_forward
[balanced_delivery_supervisor-20] [INFO] [1789489787.816537730] [robot_2.robot_supervisor]: Selected controllable event: EV_approach_color
[balanced_delivery_supervisor-22] [INFO] [1789489788.051144232] [robot_0.robot_supervisor]: Selected controllable event: EV_approach_object
[balanced_delivery_supervisor-20] [INFO] [1789489788.118791542] [robot_2.robot_supervisor]: Selected controllable event: EV_search_color
[balanced_delivery_supervisor-20] [INFO] [1789489788.321141359] [robot_2.robot_supervisor]: Selected controllable event: EV_approach_color
[balanced_delivery_supervisor-22] [INFO] [1789489788.355963357] [robot_0.robot_supervisor]: ############################# REACHED: EV_object_reached #############################
[balanced_delivery_supervisor-22] [INFO] [1789489788.368114849] [robot_0.robot_supervisor]: Selected controllable event: EV_approach_object
[balanced_delivery_supervisor-20] [INFO] [1789489788.611281101] [robot_2.robot_supervisor]: Selected controllable event: EV_search_color
[balanced_delivery_supervisor-22] [INFO] [1789489788.656239784] [robot_0.robot_supervisor]: Selected controllable event: EV_move_forward
[balanced_delivery_supervisor-20] [INFO] [1789489788.810776014] [robot_2.robot_supervisor]: Selected controllable event: EV_search_object
[balanced_delivery_supervisor-22] [INFO] [1789489788.882780673] [robot_0.robot_supervisor]: Selected controllable event: EV_approach_color
[balanced_delivery_supervisor-20] [INFO] [1789489789.007473206] [robot_2.robot_supervisor]: Selected controllable event: EV_approach_object
[balanced_delivery_supervisor-22] [INFO] [1789489789.154310875] [robot_0.robot_supervisor]: ############################# REACHED: EV_object_reached #############################
[balanced_delivery_supervisor-22] [INFO] [1789489789.175249174] [robot_0.robot_supervisor]: Selected controllable event: EV_approach_color
[balanced_delivery_supervisor-20] [INFO] [1789489789.311796343] [robot_2.robot_supervisor]: Selected controllable event: EV_search_color
[balanced_delivery_supervisor-22] [INFO] [1789489789.455720051] [robot_0.robot_supervisor]: Selected controllable event: EV_search_object
[balanced_delivery_supervisor-20] [INFO] [1789489789.496892866] [robot_2.robot_supervisor]: Selected controllable event: EV_approach_object
[balanced_delivery_supervisor-22] [INFO] [1789489789.646370745] [robot_0.robot_supervisor]: ############################# REACHED: EV_object_reached #############################
[balanced_delivery_supervisor-22] [INFO] [1789489789.654907286] [robot_0.robot_supervisor]: Selected controllable event: EV_approach_object
[balanced_delivery_supervisor-20] [INFO] [1789489789.704565100] [robot_2.robot_supervisor]: Selected controllable event: EV_search_color
[balanced_delivery_supervisor-20] [INFO] [1789489789.829498215] [robot_2.robot_supervisor]: Selected controllable event: EV_approach_object
[balanced_delivery_supervisor-22] [INFO] [1789489789.952832834] [robot_0.robot_supervisor]: Selected controllable event: EV_search_color
[balanced_delivery_supervisor-20] [INFO] [1789489790.093911132] [robot_2.robot_supervisor]: Selected controllable event: EV_move_forward
[balanced_delivery_supervisor-22] [INFO] [1789489790.142886393] [robot_0.robot_supervisor]: Selected controllable event: EV_approach_color
[color_detector-27] [WARN] [1789489790.176888658] [robot_2.target_detector]: RGB HEARTBEAT frames_total=0 recent_rate_hz=0.000 last_frame_age_s=inf status=STALE
[color_detector-31] [INFO] [1789489790.188730396] [robot_1.target_detector]: RGB HEARTBEAT frames_total=110 recent_rate_hz=1.487 last_frame_age_s=0.648 status=OK
[color_detector-29] [INFO] [1789489790.204203056] [robot_0.target_detector]: RGB HEARTBEAT frames_total=110 recent_rate_hz=1.478 last_frame_age_s=0.609 status=OK
[balanced_delivery_supervisor-22] [INFO] [1789489790.348200866] [robot_0.robot_supervisor]: Selected controllable event: EV_search_object
[balanced_delivery_supervisor-20] [INFO] [1789489790.407652534] [robot_2.robot_supervisor]: Selected controllable event: EV_search_object
[balanced_delivery_supervisor-24] [INFO] [1789489790.444238565] [robot_1.robot_supervisor]: FULL ROTATE completed by timeout
[balanced_delivery_supervisor-22] [INFO] [1789489790.454072390] [robot_0.robot_supervisor]: ############################# REACHED: EV_object_reached #############################
[balanced_delivery_supervisor-22] [INFO] [1789489790.468185029] [robot_0.robot_supervisor]: Selected controllable event: EV_move_forward
[balanced_delivery_supervisor-20] [INFO] [1789489790.602781462] [robot_2.robot_supervisor]: Selected controllable event: EV_search_object
[balanced_delivery_supervisor-24] [INFO] [1789489790.739529208] [robot_1.robot_supervisor]: ############################# VISIBLE: EV_object_visible #############################
[balanced_delivery_supervisor-24] [INFO] [1789489790.749171564] [robot_1.robot_supervisor]: Selected controllable event: EV_approach_color
[balanced_delivery_supervisor-22] [INFO] [1789489790.756899800] [robot_0.robot_supervisor]: Selected controllable event: EV_search_object
[balanced_delivery_supervisor-20] [INFO] [1789489790.808330951] [robot_2.robot_supervisor]: Selected controllable event: EV_search_color
[balanced_delivery_supervisor-22] [INFO] [1789489790.956580497] [robot_0.robot_supervisor]: Selected controllable event: EV_approach_object
[balanced_delivery_supervisor-20] [INFO] [1789489791.010913325] [robot_2.robot_supervisor]: Selected controllable event: EV_approach_object
[balanced_delivery_supervisor-24] [INFO] [1789489791.040767331] [robot_1.robot_supervisor]: Selected controllable event: EV_search_color
[balanced_delivery_supervisor-24] [INFO] [1789489791.239662560] [robot_1.robot_supervisor]: ############################# VISIBLE: EV_object_visible #############################
[balanced_delivery_supervisor-22] [INFO] [1789489791.243455029] [robot_0.robot_supervisor]: ############################# REACHED: EV_object_reached #############################
[balanced_delivery_supervisor-24] [INFO] [1789489791.244445186] [robot_1.robot_supervisor]: Selected controllable event: EV_search_object
[balanced_delivery_supervisor-22] [INFO] [1789489791.252424907] [robot_0.robot_supervisor]: Selected controllable event: EV_search_color
[balanced_delivery_supervisor-20] [INFO] [1789489791.301706284] [robot_2.robot_supervisor]: Selected controllable event: EV_search_color
[balanced_delivery_supervisor-22] [INFO] [1789489791.448026570] [robot_0.robot_supervisor]: Selected controllable event: EV_search_object
[balanced_delivery_supervisor-24] [INFO] [1789489791.450020726] [robot_1.robot_supervisor]: Selected controllable event: EV_search_object
[balanced_delivery_supervisor-20] [INFO] [1789489791.507701967] [robot_2.robot_supervisor]: Selected controllable event: EV_move_forward
[balanced_delivery_supervisor-22] [INFO] [1789489791.556488961] [robot_0.robot_supervisor]: Selected controllable event: EV_approach_color
[balanced_delivery_supervisor-24] [INFO] [1789489791.640185177] [robot_1.robot_supervisor]: Selected controllable event: EV_approach_object
[balanced_delivery_supervisor-20] [INFO] [1789489791.796492048] [robot_2.robot_supervisor]: Selected controllable event: EV_approach_color
[balanced_delivery_supervisor-22] [INFO] [1789489791.841496051] [robot_0.robot_supervisor]: ############################# REACHED: EV_object_reached #############################
[balanced_delivery_supervisor-22] [INFO] [1789489791.846966483] [robot_0.robot_supervisor]: Selected controllable event: EV_approach_color
[balanced_delivery_supervisor-24] [INFO] [1789489791.972151894] [robot_1.robot_supervisor]: ############################# VISIBLE: EV_object_visible #############################
[balanced_delivery_supervisor-24] [INFO] [1789489791.973147643] [robot_1.robot_supervisor]: Selected controllable event: EV_move_forward
[balanced_delivery_supervisor-20] [INFO] [1789489792.008970917] [robot_2.robot_supervisor]: Selected controllable event: EV_search_color
[balanced_delivery_supervisor-22] [INFO] [1789489792.068923398] [robot_0.robot_supervisor]: Selected controllable event: EV_search_color
[balanced_delivery_supervisor-20] [INFO] [1789489792.211443884] [robot_2.robot_supervisor]: Selected controllable event: EV_search_object
[balanced_delivery_supervisor-24] [INFO] [1789489792.242846500] [robot_1.robot_supervisor]: Selected controllable event: EV_search_object
[balanced_delivery_supervisor-22] [INFO] [1789489792.265260590] [robot_0.robot_supervisor]: Selected controllable event: EV_approach_color
[balanced_delivery_supervisor-20] [INFO] [1789489792.391861813] [robot_2.robot_supervisor]: Selected controllable event: EV_approach_object
[balanced_delivery_supervisor-24] [INFO] [1789489792.443546079] [robot_1.robot_supervisor]: ############################# REACHED: EV_object_reached #############################
[balanced_delivery_supervisor-24] [INFO] [1789489792.448084405] [robot_1.robot_supervisor]: Selected controllable event: EV_approach_color
[balanced_delivery_supervisor-22] [INFO] [1789489792.552582765] [robot_0.robot_supervisor]: ############################# REACHED: EV_object_reached #############################
[balanced_delivery_supervisor-22] [INFO] [1789489792.553624303] [robot_0.robot_supervisor]: Selected controllable event: EV_search_color
[balanced_delivery_supervisor-20] [INFO] [1789489792.705592937] [robot_2.robot_supervisor]: Selected controllable event: EV_search_object
[balanced_delivery_supervisor-24] [INFO] [1789489792.736974977] [robot_1.robot_supervisor]: Selected controllable event: EV_move_forward
[balanced_delivery_supervisor-22] [INFO] [1789489792.758239016] [robot_0.robot_supervisor]: Selected controllable event: EV_approach_object
[balanced_delivery_supervisor-20] [INFO] [1789489792.904412420] [robot_2.robot_supervisor]: Selected controllable event: EV_approach_color
[balanced_delivery_supervisor-24] [INFO] [1789489793.050452329] [robot_1.robot_supervisor]: Triggered uncontrollable event: EV_obstacle_left
[balanced_delivery_supervisor-24] [INFO] [1789489793.051167969] [robot_1.robot_supervisor]: ############################# REACHED: EV_object_reached #############################
[balanced_delivery_supervisor-22] [INFO] [1789489793.062264157] [robot_0.robot_supervisor]: Selected controllable event: EV_approach_object
[balanced_delivery_supervisor-24] [INFO] [1789489793.065801657] [robot_1.robot_supervisor]: Selected controllable event: EV_rotate_clockwise
[balanced_delivery_supervisor-20] [INFO] [1789489793.217033521] [robot_2.robot_supervisor]: Selected controllable event: EV_search_object
[balanced_delivery_supervisor-24] [INFO] [1789489793.233539091] [robot_1.robot_supervisor]: Triggered uncontrollable event: EV_obstacle_left
[balanced_delivery_supervisor-24] [INFO] [1789489793.234517751] [robot_1.robot_supervisor]: Selected controllable event: EV_u_turn
[balanced_delivery_supervisor-24] [INFO] [1789489793.253669986] [robot_1.robot_supervisor]: Starting FULL ROTATE (omega=1.000, have_odom=True, target_rad=3.142, timeout_s=3.500)
[balanced_delivery_supervisor-20] [INFO] [1789489793.319132081] [robot_2.robot_supervisor]: Selected controllable event: EV_approach_object
[balanced_delivery_supervisor-22] [INFO] [1789489793.350471296] [robot_0.robot_supervisor]: ############################# REACHED: EV_object_reached #############################
[balanced_delivery_supervisor-22] [INFO] [1789489793.351461344] [robot_0.robot_supervisor]: Selected controllable event: EV_search_object
[balanced_delivery_supervisor-22] [INFO] [1789489793.575989918] [robot_0.robot_supervisor]: Selected controllable event: EV_search_color
[balanced_delivery_supervisor-20] [INFO] [1789489793.597738545] [robot_2.robot_supervisor]: Selected controllable event: EV_search_color
[balanced_delivery_supervisor-20] [INFO] [1789489793.714611837] [robot_2.robot_supervisor]: Selected controllable event: EV_approach_object
[balanced_delivery_supervisor-22] [INFO] [1789489793.755352423] [robot_0.robot_supervisor]: Selected controllable event: EV_search_object
[balanced_delivery_supervisor-22] [INFO] [1789489793.863139793] [robot_0.robot_supervisor]: ############################# REACHED: EV_object_reached #############################
[balanced_delivery_supervisor-22] [INFO] [1789489793.875988908] [robot_0.robot_supervisor]: Selected controllable event: EV_approach_color
[balanced_delivery_supervisor-20] [INFO] [1789489794.003341526] [robot_2.robot_supervisor]: Selected controllable event: EV_approach_object
[balanced_delivery_supervisor-22] [INFO] [1789489794.164179449] [robot_0.robot_supervisor]: Selected controllable event: EV_approach_object
[balanced_delivery_supervisor-20] [INFO] [1789489794.293797273] [robot_2.robot_supervisor]: Selected controllable event: EV_approach_object
[balanced_delivery_supervisor-22] [INFO] [1789489794.463807198] [robot_0.robot_supervisor]: ############################# REACHED: EV_object_reached #############################
[balanced_delivery_supervisor-22] [INFO] [1789489794.472294813] [robot_0.robot_supervisor]: Selected controllable event: EV_search_object
[balanced_delivery_supervisor-20] [INFO] [1789489794.507780866] [robot_2.robot_supervisor]: Selected controllable event: EV_move_forward
[balanced_delivery_supervisor-22] [INFO] [1789489794.666834135] [robot_0.robot_supervisor]: Selected controllable event: EV_search_color
[balanced_delivery_supervisor-20] [INFO] [1789489794.799961355] [robot_2.robot_supervisor]: Selected controllable event: EV_approach_object
[balanced_delivery_supervisor-22] [INFO] [1789489794.861543258] [robot_0.robot_supervisor]: Selected controllable event: EV_search_color
[balanced_delivery_supervisor-20] [INFO] [1789489795.019586328] [robot_2.robot_supervisor]: Selected controllable event: EV_search_object
[balanced_delivery_supervisor-22] [INFO] [1789489795.050538474] [robot_0.robot_supervisor]: Selected controllable event: EV_search_color
[balanced_delivery_supervisor-20] [INFO] [1789489795.195876482] [robot_2.robot_supervisor]: Selected controllable event: EV_approach_object
[balanced_delivery_supervisor-22] [INFO] [1789489795.253736705] [robot_0.robot_supervisor]: ############################# REACHED: EV_object_reached #############################
[balanced_delivery_supervisor-22] [INFO] [1789489795.263350135] [robot_0.robot_supervisor]: Selected controllable event: EV_approach_object
[balanced_delivery_supervisor-22] [INFO] [1789489795.482253037] [robot_0.robot_supervisor]: Selected controllable event: EV_approach_color
[balanced_delivery_supervisor-20] [INFO] [1789489795.504587500] [robot_2.robot_supervisor]: Selected controllable event: EV_approach_object
[balanced_delivery_supervisor-22] [INFO] [1789489795.771443481] [robot_0.robot_supervisor]: Selected controllable event: EV_approach_object
[balanced_delivery_supervisor-20] [INFO] [1789489795.796686325] [robot_2.robot_supervisor]: Selected controllable event: EV_search_object
[balanced_delivery_supervisor-20] [INFO] [1789489795.918798342] [robot_2.robot_supervisor]: Selected controllable event: EV_search_color
[balanced_delivery_supervisor-22] [INFO] [1789489795.984012266] [robot_0.robot_supervisor]: ############################# REACHED: EV_object_reached #############################
[balanced_delivery_supervisor-22] [INFO] [1789489795.991604311] [robot_0.robot_supervisor]: Selected controllable event: EV_search_color
[balanced_delivery_supervisor-20] [INFO] [1789489796.118056392] [robot_2.robot_supervisor]: Selected controllable event: EV_search_color
[balanced_delivery_supervisor-22] [INFO] [1789489796.167172282] [robot_0.robot_supervisor]: Selected controllable event: EV_approach_color
[balanced_delivery_supervisor-20] [INFO] [1789489796.312619601] [robot_2.robot_supervisor]: Selected controllable event: EV_search_object
[balanced_delivery_supervisor-22] [INFO] [1789489796.452279235] [robot_0.robot_supervisor]: Selected controllable event: EV_search_object
[balanced_delivery_supervisor-20] [INFO] [1789489796.505357397] [robot_2.robot_supervisor]: Selected controllable event: EV_search_color
[balanced_delivery_supervisor-20] [INFO] [1789489796.614596100] [robot_2.robot_supervisor]: Selected controllable event: EV_move_forward
[balanced_delivery_supervisor-22] [INFO] [1789489796.655965516] [robot_0.robot_supervisor]: Selected controllable event: EV_search_color
[balanced_delivery_supervisor-24] [INFO] [1789489796.757345634] [robot_1.robot_supervisor]: FULL ROTATE completed by timeout
[balanced_delivery_supervisor-22] [INFO] [1789489796.864972009] [robot_0.robot_supervisor]: ############################# REACHED: EV_object_reached #############################
[balanced_delivery_supervisor-22] [INFO] [1789489796.869476777] [robot_0.robot_supervisor]: Selected controllable event: EV_search_object
[balanced_delivery_supervisor-20] [INFO] [1789489796.907402836] [robot_2.robot_supervisor]: Selected controllable event: EV_search_object
[balanced_delivery_supervisor-20] [INFO] [1789489797.011097123] [robot_2.robot_supervisor]: Selected controllable event: EV_approach_color
[balanced_delivery_supervisor-24] [INFO] [1789489797.051029868] [robot_1.robot_supervisor]: ############################# REACHED: EV_object_reached #############################
[balanced_delivery_supervisor-22] [INFO] [1789489797.072497739] [robot_0.robot_supervisor]: Selected controllable event: EV_search_object
[balanced_delivery_supervisor-24] [INFO] [1789489797.073510196] [robot_1.robot_supervisor]: Selected controllable event: EV_search_object
[color_detector-29] [INFO] [1789489797.219152063] [robot_0.target_detector]: RGB HEARTBEAT frames_total=120 recent_rate_hz=1.427 last_frame_age_s=0.625 status=OK
[color_detector-31] [INFO] [1789489797.223670221] [robot_1.target_detector]: RGB HEARTBEAT frames_total=120 recent_rate_hz=1.422 last_frame_age_s=0.712 status=OK
[color_detector-27] [WARN] [1789489797.239551847] [robot_2.target_detector]: RGB HEARTBEAT frames_total=0 recent_rate_hz=0.000 last_frame_age_s=inf status=STALE
[balanced_delivery_supervisor-22] [INFO] [1789489797.248656814] [robot_0.robot_supervisor]: Selected controllable event: EV_approach_object
[balanced_delivery_supervisor-24] [INFO] [1789489797.253467935] [robot_1.robot_supervisor]: Selected controllable event: EV_approach_color
[balanced_delivery_supervisor-20] [INFO] [1789489797.325637519] [robot_2.robot_supervisor]: Selected controllable event: EV_move_forward
[balanced_delivery_supervisor-22] [INFO] [1789489797.460297464] [robot_0.robot_supervisor]: Selected controllable event: EV_approach_color
[balanced_delivery_supervisor-24] [INFO] [1789489797.566615525] [robot_1.robot_supervisor]: ############################# REACHED: EV_object_reached #############################
[balanced_delivery_supervisor-24] [INFO] [1789489797.572773320] [robot_1.robot_supervisor]: Selected controllable event: EV_search_color
[balanced_delivery_supervisor-20] [INFO] [1789489797.605350560] [robot_2.robot_supervisor]: Selected controllable event: EV_move_forward
[balanced_delivery_supervisor-22] [INFO] [1789489797.663302786] [robot_0.robot_supervisor]: ############################# REACHED: EV_object_reached #############################
[balanced_delivery_supervisor-22] [INFO] [1789489797.688053699] [robot_0.robot_supervisor]: Selected controllable event: EV_approach_object
[balanced_delivery_supervisor-24] [INFO] [1789489797.747662941] [robot_1.robot_supervisor]: Selected controllable event: EV_move_forward
[balanced_delivery_supervisor-20] [INFO] [1789489797.914389366] [robot_2.robot_supervisor]: Selected controllable event: EV_search_object
[balanced_delivery_supervisor-22] [INFO] [1789489797.971196807] [robot_0.robot_supervisor]: Selected controllable event: EV_approach_object
[balanced_delivery_supervisor-24] [INFO] [1789489798.031599270] [robot_1.robot_supervisor]: Selected controllable event: EV_approach_color
[balanced_delivery_supervisor-20] [INFO] [1789489798.104843306] [robot_2.robot_supervisor]: Selected controllable event: EV_move_forward
[balanced_delivery_supervisor-22] [INFO] [1789489798.278032651] [robot_0.robot_supervisor]: ############################# REACHED: EV_object_reached #############################
[balanced_delivery_supervisor-22] [INFO] [1789489798.279162195] [robot_0.robot_supervisor]: Selected controllable event: EV_search_color
[balanced_delivery_supervisor-20] [INFO] [1789489798.310678645] [robot_2.robot_supervisor]: Selected controllable event: EV_approach_color
[balanced_delivery_supervisor-24] [INFO] [1789489798.336249466] [robot_1.robot_supervisor]: ############################# REACHED: EV_object_reached #############################
[balanced_delivery_supervisor-24] [INFO] [1789489798.337358357] [robot_1.robot_supervisor]: Selected controllable event: EV_search_object
[bump_counter-5] [INFO] [1789489798.430075902] [bump_counter]: [global] bump #1 (obstacle) with: generic_delivery_box_1::link::collision
[balanced_delivery_supervisor-22] [INFO] [1789489798.438936179] [robot_0.robot_supervisor]: CONTACT RECOVERY activated (source=generic_delivery_box_1::link::collision, duration_s=1.00)
[balanced_delivery_supervisor-20] [INFO] [1789489798.514246383] [robot_2.robot_supervisor]: Selected controllable event: EV_search_color
[balanced_delivery_supervisor-24] [INFO] [1789489798.545011123] [robot_1.robot_supervisor]: Selected controllable event: EV_approach_object
[balanced_delivery_supervisor-20] [INFO] [1789489798.706417779] [robot_2.robot_supervisor]: Selected controllable event: EV_move_forward
[balanced_delivery_supervisor-24] [INFO] [1789489798.850006878] [robot_1.robot_supervisor]: Selected controllable event: EV_search_object
[balanced_delivery_supervisor-24] [INFO] [1789489798.961103483] [robot_1.robot_supervisor]: ############################# REACHED: EV_object_reached #############################
[balanced_delivery_supervisor-24] [INFO] [1789489798.977573659] [robot_1.robot_supervisor]: Selected controllable event: EV_approach_color
[balanced_delivery_supervisor-20] [INFO] [1789489799.024065862] [robot_2.robot_supervisor]: Selected controllable event: EV_move_forward
[balanced_delivery_supervisor-24] [INFO] [1789489799.243079061] [robot_1.robot_supervisor]: Selected controllable event: EV_search_object
[balanced_delivery_supervisor-20] [INFO] [1789489799.320406499] [robot_2.robot_supervisor]: Selected controllable event: EV_search_object
[balanced_delivery_supervisor-24] [INFO] [1789489799.442627424] [robot_1.robot_supervisor]: Selected controllable event: EV_approach_object
[balanced_delivery_supervisor-22] [INFO] [1789489799.454251287] [robot_0.robot_supervisor]: ############################# REACHED: EV_object_reached #############################
[balanced_delivery_supervisor-22] [INFO] [1789489799.470664178] [robot_0.robot_supervisor]: Selected controllable event: EV_approach_object
[balanced_delivery_supervisor-20] [INFO] [1789489799.519258615] [robot_2.robot_supervisor]: Selected controllable event: EV_search_object
[balanced_delivery_supervisor-20] [INFO] [1789489799.693006083] [robot_2.robot_supervisor]: Selected controllable event: EV_search_object
[balanced_delivery_supervisor-24] [INFO] [1789489799.733477238] [robot_1.robot_supervisor]: ############################# REACHED: EV_object_reached #############################
[balanced_delivery_supervisor-24] [INFO] [1789489799.751599526] [robot_1.robot_supervisor]: Selected controllable event: EV_search_color
[balanced_delivery_supervisor-22] [INFO] [1789489799.763783439] [robot_0.robot_supervisor]: Selected controllable event: EV_search_object
[balanced_delivery_supervisor-22] [INFO] [1789489799.873329613] [robot_0.robot_supervisor]: ############################# REACHED: EV_object_reached #############################
[balanced_delivery_supervisor-22] [INFO] [1789489799.874377042] [robot_0.robot_supervisor]: Selected controllable event: EV_move_forward
[balanced_delivery_supervisor-20] [INFO] [1789489799.893985279] [robot_2.robot_supervisor]: Selected controllable event: EV_approach_object
[balanced_delivery_supervisor-24] [INFO] [1789489799.929099096] [robot_1.robot_supervisor]: Selected controllable event: EV_approach_color
[balanced_delivery_supervisor-24] [INFO] [1789489800.144351865] [robot_1.robot_supervisor]: Selected controllable event: EV_search_object
[balanced_delivery_supervisor-22] [INFO] [1789489800.148296754] [robot_0.robot_supervisor]: Selected controllable event: EV_search_color
[balanced_delivery_supervisor-20] [INFO] [1789489800.204718380] [robot_2.robot_supervisor]: Selected controllable event: EV_search_color
[balanced_delivery_supervisor-22] [INFO] [1789489800.276584433] [robot_0.robot_supervisor]: Selected controllable event: EV_approach_color
[balanced_delivery_supervisor-24] [INFO] [1789489800.369014188] [robot_1.robot_supervisor]: Selected controllable event: EV_approach_color
[balanced_delivery_supervisor-20] [INFO] [1789489800.400765570] [robot_2.robot_supervisor]: Selected controllable event: EV_search_object
[balanced_delivery_supervisor-22] [INFO] [1789489800.553674619] [robot_0.robot_supervisor]: ############################# REACHED: EV_object_reached #############################
[balanced_delivery_supervisor-22] [INFO] [1789489800.577846879] [robot_0.robot_supervisor]: Selected controllable event: EV_search_object
[balanced_delivery_supervisor-20] [INFO] [1789489800.616645371] [robot_2.robot_supervisor]: Selected controllable event: EV_approach_object
[balanced_delivery_supervisor-24] [INFO] [1789489800.634907720] [robot_1.robot_supervisor]: ############################# REACHED: EV_object_reached #############################
[balanced_delivery_supervisor-24] [INFO] [1789489800.640497438] [robot_1.robot_supervisor]: Selected controllable event: EV_search_color
[balanced_delivery_supervisor-24] [INFO] [1789489800.756088055] [robot_1.robot_supervisor]: Selected controllable event: EV_approach_object
[balanced_delivery_supervisor-22] [INFO] [1789489800.777734681] [robot_0.robot_supervisor]: Selected controllable event: EV_approach_color
[balanced_delivery_supervisor-20] [INFO] [1789489800.917949193] [robot_2.robot_supervisor]: Selected controllable event: EV_approach_object
[balanced_delivery_supervisor-22] [INFO] [1789489801.056615552] [robot_0.robot_supervisor]: Selected controllable event: EV_approach_color
[balanced_delivery_supervisor-24] [INFO] [1789489801.062305840] [robot_1.robot_supervisor]: Selected controllable event: EV_approach_color
[balanced_delivery_supervisor-20] [INFO] [1789489801.202639589] [robot_2.robot_supervisor]: Selected controllable event: EV_search_color
[balanced_delivery_supervisor-22] [INFO] [1789489801.348280692] [robot_0.robot_supervisor]: ############################# REACHED: EV_object_reached #############################
[balanced_delivery_supervisor-22] [INFO] [1789489801.349280691] [robot_0.robot_supervisor]: Selected controllable event: EV_approach_color
[balanced_delivery_supervisor-24] [INFO] [1789489801.355927296] [robot_1.robot_supervisor]: ############################# REACHED: EV_object_reached #############################
[balanced_delivery_supervisor-24] [INFO] [1789489801.370091525] [robot_1.robot_supervisor]: Selected controllable event: EV_approach_color
[balanced_delivery_supervisor-20] [INFO] [1789489801.418831558] [robot_2.robot_supervisor]: Selected controllable event: EV_approach_object
[bump_counter-5] [INFO] [1789489801.608538247] [bump_counter]: [global] bump #2 (obstacle) with: generic_delivery_box_1::link::collision
[balanced_delivery_supervisor-22] [INFO] [1789489801.641574376] [robot_0.robot_supervisor]: CONTACT RECOVERY activated (source=generic_delivery_box_1::link::collision, duration_s=1.00)
[balanced_delivery_supervisor-24] [INFO] [1789489801.660069784] [robot_1.robot_supervisor]: Selected controllable event: EV_search_object
[balanced_delivery_supervisor-20] [INFO] [1789489801.720535853] [robot_2.robot_supervisor]: Selected controllable event: EV_search_object
[balanced_delivery_supervisor-24] [INFO] [1789489801.850129086] [robot_1.robot_supervisor]: Selected controllable event: EV_approach_color
[balanced_delivery_supervisor-20] [INFO] [1789489801.894177453] [robot_2.robot_supervisor]: Selected controllable event: EV_search_color
[balanced_delivery_supervisor-20] [INFO] [1789489802.028344087] [robot_2.robot_supervisor]: Selected controllable event: EV_search_object
[balanced_delivery_supervisor-24] [INFO] [1789489802.136022596] [robot_1.robot_supervisor]: ############################# REACHED: EV_object_reached #############################
[balanced_delivery_supervisor-24] [INFO] [1789489802.154432794] [robot_1.robot_supervisor]: Selected controllable event: EV_approach_color
[balanced_delivery_supervisor-20] [INFO] [1789489802.209069494] [robot_2.robot_supervisor]: Selected controllable event: EV_approach_object
[balanced_delivery_supervisor-24] [INFO] [1789489802.435939425] [robot_1.robot_supervisor]: Selected controllable event: EV_search_color
[balanced_delivery_supervisor-20] [INFO] [1789489802.522679586] [robot_2.robot_supervisor]: Selected controllable event: EV_approach_color
[balanced_delivery_supervisor-24] [INFO] [1789489802.645983594] [robot_1.robot_supervisor]: Selected controllable event: EV_move_forward
[balanced_delivery_supervisor-22] [INFO] [1789489802.670747716] [robot_0.robot_supervisor]: ############################# REACHED: EV_object_reached #############################
[balanced_delivery_supervisor-22] [INFO] [1789489802.671870042] [robot_0.robot_supervisor]: Selected controllable event: EV_approach_object
[balanced_delivery_supervisor-20] [INFO] [1789489802.792086073] [robot_2.robot_supervisor]: Selected controllable event: EV_approach_object
[balanced_delivery_supervisor-24] [INFO] [1789489802.942351294] [robot_1.robot_supervisor]: ############################# REACHED: EV_object_reached #############################
[balanced_delivery_supervisor-24] [INFO] [1789489802.953910066] [robot_1.robot_supervisor]: Selected controllable event: EV_search_object
[balanced_delivery_supervisor-22] [INFO] [1789489802.971218560] [robot_0.robot_supervisor]: ############################# REACHED: EV_object_reached #############################
[balanced_delivery_supervisor-22] [INFO] [1789489802.978993796] [robot_0.robot_supervisor]: Selected controllable event: EV_move_forward
[balanced_delivery_supervisor-20] [INFO] [1789489803.108581979] [robot_2.robot_supervisor]: Selected controllable event: EV_approach_object
[balanced_delivery_supervisor-24] [INFO] [1789489803.157105407] [robot_1.robot_supervisor]: Selected controllable event: EV_approach_object
[balanced_delivery_supervisor-22] [INFO] [1789489803.269663603] [robot_0.robot_supervisor]: Selected controllable event: EV_search_object
[balanced_delivery_supervisor-20] [INFO] [1789489803.404083744] [robot_2.robot_supervisor]: Selected controllable event: EV_approach_color
[balanced_delivery_supervisor-24] [INFO] [1789489803.438301332] [robot_1.robot_supervisor]: ############################# REACHED: EV_object_reached #############################
[balanced_delivery_supervisor-24] [INFO] [1789489803.439570773] [robot_1.robot_supervisor]: Selected controllable event: EV_search_object
[balanced_delivery_supervisor-22] [INFO] [1789489803.446694569] [robot_0.robot_supervisor]: Selected controllable event: EV_approach_object
[balanced_delivery_supervisor-24] [INFO] [1789489803.559556149] [robot_1.robot_supervisor]: Selected controllable event: EV_search_color
[balanced_delivery_supervisor-20] [INFO] [1789489803.705721281] [robot_2.robot_supervisor]: Selected controllable event: EV_approach_object
[balanced_delivery_supervisor-24] [INFO] [1789489803.738561677] [robot_1.robot_supervisor]: Selected controllable event: EV_search_object
[balanced_delivery_supervisor-22] [INFO] [1789489803.742823421] [robot_0.robot_supervisor]: ############################# REACHED: EV_object_reached #############################
[balanced_delivery_supervisor-22] [INFO] [1789489803.758930328] [robot_0.robot_supervisor]: Selected controllable event: EV_approach_color
[balanced_delivery_supervisor-20] [INFO] [1789489803.914737532] [robot_2.robot_supervisor]: Selected controllable event: EV_search_color
[balanced_delivery_supervisor-24] [INFO] [1789489803.934917310] [robot_1.robot_supervisor]: Selected controllable event: EV_search_object
[balanced_delivery_supervisor-24] [INFO] [1789489804.036499354] [robot_1.robot_supervisor]: Selected controllable event: EV_approach_object
[balanced_delivery_supervisor-22] [INFO] [1789489804.058571927] [robot_0.robot_supervisor]: Selected controllable event: EV_approach_object
[balanced_delivery_supervisor-20] [INFO] [1789489804.101526061] [robot_2.robot_supervisor]: Selected controllable event: EV_move_forward
[balanced_delivery_supervisor-24] [INFO] [1789489804.343128167] [robot_1.robot_supervisor]: ############################# REACHED: EV_object_reached #############################
[balanced_delivery_supervisor-24] [INFO] [1789489804.352490964] [robot_1.robot_supervisor]: Selected controllable event: EV_search_color
[balanced_delivery_supervisor-22] [INFO] [1789489804.344054403] [robot_0.robot_supervisor]: ############################# REACHED: EV_object_reached #############################
[balanced_delivery_supervisor-22] [INFO] [1789489804.355308389] [robot_0.robot_supervisor]: Selected controllable event: EV_approach_color
[balanced_delivery_supervisor-20] [INFO] [1789489804.414419023] [robot_2.robot_supervisor]: Selected controllable event: EV_move_forward
[balanced_delivery_supervisor-24] [INFO] [1789489804.536751947] [robot_1.robot_supervisor]: Selected controllable event: EV_move_forward
[balanced_delivery_supervisor-22] [INFO] [1789489804.656864645] [robot_0.robot_supervisor]: Selected controllable event: EV_search_color
[color_detector-27] [WARN] [1789489804.682876695] [robot_2.target_detector]: RGB HEARTBEAT frames_total=0 recent_rate_hz=0.000 last_frame_age_s=inf status=STALE
[color_detector-29] [INFO] [1789489804.687533531] [robot_0.target_detector]: RGB HEARTBEAT frames_total=130 recent_rate_hz=1.341 last_frame_age_s=0.515 status=OK
[color_detector-31] [INFO] [1789489804.693086895] [robot_1.target_detector]: RGB HEARTBEAT frames_total=130 recent_rate_hz=1.339 last_frame_age_s=0.625 status=OK
[balanced_delivery_supervisor-20] [INFO] [1789489804.703836163] [robot_2.robot_supervisor]: Selected controllable event: EV_approach_object
[balanced_delivery_supervisor-24] [INFO] [1789489804.753602604] [robot_1.robot_supervisor]: Selected controllable event: EV_search_object
[balanced_delivery_supervisor-22] [INFO] [1789489804.851252637] [robot_0.robot_supervisor]: Selected controllable event: EV_search_color
[balanced_delivery_supervisor-24] [INFO] [1789489804.937147147] [robot_1.robot_supervisor]: ############################# REACHED: EV_object_reached #############################
[balanced_delivery_supervisor-24] [INFO] [1789489804.952607887] [robot_1.robot_supervisor]: Selected controllable event: EV_approach_color
[balanced_delivery_supervisor-22] [INFO] [1789489804.963920094] [robot_0.robot_supervisor]: ############################# REACHED: EV_object_reached #############################
[balanced_delivery_supervisor-22] [INFO] [1789489804.969194652] [robot_0.robot_supervisor]: Selected controllable event: EV_approach_object
[balanced_delivery_supervisor-20] [INFO] [1789489805.003101550] [robot_2.robot_supervisor]: Selected controllable event: EV_search_object
[balanced_delivery_supervisor-20] [INFO] [1789489805.198552327] [robot_2.robot_supervisor]: Selected controllable event: EV_approach_color
[balanced_delivery_supervisor-24] [INFO] [1789489805.236067593] [robot_1.robot_supervisor]: Selected controllable event: EV_search_object
[balanced_delivery_supervisor-22] [INFO] [1789489805.246833851] [robot_0.robot_supervisor]: Selected controllable event: EV_search_color
[balanced_delivery_supervisor-24] [INFO] [1789489805.447247909] [robot_1.robot_supervisor]: Selected controllable event: EV_approach_color
[balanced_delivery_supervisor-22] [INFO] [1789489805.462561606] [robot_0.robot_supervisor]: Selected controllable event: EV_search_color
[balanced_delivery_supervisor-20] [INFO] [1789489805.499235239] [robot_2.robot_supervisor]: Selected controllable event: EV_search_color
[balanced_delivery_supervisor-20] [INFO] [1789489805.606004334] [robot_2.robot_supervisor]: Selected controllable event: EV_search_color
[balanced_delivery_supervisor-22] [INFO] [1789489805.656688043] [robot_0.robot_supervisor]: ############################# REACHED: EV_object_reached #############################
[balanced_delivery_supervisor-22] [INFO] [1789489805.669799791] [robot_0.robot_supervisor]: Selected controllable event: EV_move_forward
[balanced_delivery_supervisor-20] [INFO] [1789489805.720357727] [robot_2.robot_supervisor]: Selected controllable event: EV_approach_color
[balanced_delivery_supervisor-24] [INFO] [1789489805.754145870] [robot_1.robot_supervisor]: ############################# REACHED: EV_object_reached #############################
[balanced_delivery_supervisor-24] [INFO] [1789489805.755229036] [robot_1.robot_supervisor]: Selected controllable event: EV_search_object
[balanced_delivery_supervisor-24] [INFO] [1789489805.941479533] [robot_1.robot_supervisor]: Selected controllable event: EV_move_forward
[balanced_delivery_supervisor-22] [INFO] [1789489805.959649088] [robot_0.robot_supervisor]: Selected controllable event: EV_move_forward
[balanced_delivery_supervisor-20] [INFO] [1789489806.012175277] [robot_2.robot_supervisor]: Selected controllable event: EV_search_color
[balanced_delivery_supervisor-20] [INFO] [1789489806.217896420] [robot_2.robot_supervisor]: Selected controllable event: EV_approach_color
[balanced_delivery_supervisor-24] [INFO] [1789489806.236888793] [robot_1.robot_supervisor]: ############################# REACHED: EV_object_reached #############################
[balanced_delivery_supervisor-24] [INFO] [1789489806.237812002] [robot_1.robot_supervisor]: Selected controllable event: EV_move_forward
[balanced_delivery_supervisor-22] [INFO] [1789489806.251519919] [robot_0.robot_supervisor]: Selected controllable event: EV_move_forward
[balanced_delivery_supervisor-20] [INFO] [1789489806.515742332] [robot_2.robot_supervisor]: Selected controllable event: EV_approach_object
[balanced_delivery_supervisor-24] [INFO] [1789489806.530848155] [robot_1.robot_supervisor]: Selected controllable event: EV_approach_object
[balanced_delivery_supervisor-22] [INFO] [1789489806.552257564] [robot_0.robot_supervisor]: ############################# REACHED: EV_object_reached #############################
[balanced_delivery_supervisor-22] [INFO] [1789489806.563527521] [robot_0.robot_supervisor]: Selected controllable event: EV_move_forward
[balanced_delivery_supervisor-20] [INFO] [1789489806.833399189] [robot_2.robot_supervisor]: Selected controllable event: EV_approach_object
[balanced_delivery_supervisor-24] [INFO] [1789489806.839792254] [robot_1.robot_supervisor]: Selected controllable event: EV_approach_color
[balanced_delivery_supervisor-22] [INFO] [1789489806.860243327] [robot_0.robot_supervisor]: Selected controllable event: EV_search_object
[balanced_delivery_supervisor-22] [INFO] [1789489807.049193901] [robot_0.robot_supervisor]: ############################# REACHED: EV_object_reached #############################
[balanced_delivery_supervisor-22] [INFO] [1789489807.072738516] [robot_0.robot_supervisor]: Selected controllable event: EV_search_color
[balanced_delivery_supervisor-20] [INFO] [1789489807.107989589] [robot_2.robot_supervisor]: Selected controllable event: EV_approach_object
[balanced_delivery_supervisor-24] [INFO] [1789489807.167841455] [robot_1.robot_supervisor]: ############################# REACHED: EV_object_reached #############################
[balanced_delivery_supervisor-24] [INFO] [1789489807.168927948] [robot_1.robot_supervisor]: Selected controllable event: EV_search_object
[balanced_delivery_supervisor-22] [INFO] [1789489807.264847518] [robot_0.robot_supervisor]: Selected controllable event: EV_approach_color
[balanced_delivery_supervisor-24] [INFO] [1789489807.346577886] [robot_1.robot_supervisor]: Selected controllable event: EV_move_forward
[balanced_delivery_supervisor-20] [INFO] [1789489807.399020594] [robot_2.robot_supervisor]: Selected controllable event: EV_search_color
[balanced_delivery_supervisor-22] [INFO] [1789489807.561915808] [robot_0.robot_supervisor]: Selected controllable event: EV_approach_object
[balanced_delivery_supervisor-20] [INFO] [1789489807.601669141] [robot_2.robot_supervisor]: Selected controllable event: EV_approach_color
[balanced_delivery_supervisor-24] [INFO] [1789489807.633159520] [robot_1.robot_supervisor]: ############################# REACHED: EV_object_reached #############################
[balanced_delivery_supervisor-24] [INFO] [1789489807.639312822] [robot_1.robot_supervisor]: Selected controllable event: EV_search_color
[balanced_delivery_supervisor-24] [INFO] [1789489807.760315073] [robot_1.robot_supervisor]: Selected controllable event: EV_search_color
[balanced_delivery_supervisor-22] [INFO] [1789489807.857001222] [robot_0.robot_supervisor]: ############################# REACHED: EV_object_reached #############################
[balanced_delivery_supervisor-22] [INFO] [1789489807.864767328] [robot_0.robot_supervisor]: Selected controllable event: EV_move_forward
[balanced_delivery_supervisor-20] [INFO] [1789489807.901307171] [robot_2.robot_supervisor]: Selected controllable event: EV_approach_color
[balanced_delivery_supervisor-24] [INFO] [1789489807.948344476] [robot_1.robot_supervisor]: Selected controllable event: EV_approach_color
[balanced_delivery_supervisor-20] [INFO] [1789489808.110345197] [robot_2.robot_supervisor]: Selected controllable event: EV_approach_object
[balanced_delivery_supervisor-24] [INFO] [1789489808.165368043] [robot_1.robot_supervisor]: Selected controllable event: EV_approach_object
[balanced_delivery_supervisor-22] [INFO] [1789489808.167311550] [robot_0.robot_supervisor]: Selected controllable event: EV_search_color
[balanced_delivery_supervisor-22] [INFO] [1789489808.347471087] [robot_0.robot_supervisor]: ############################# REACHED: EV_object_reached #############################
[balanced_delivery_supervisor-22] [INFO] [1789489808.356630162] [robot_0.robot_supervisor]: Selected controllable event: EV_search_color
[balanced_delivery_supervisor-20] [INFO] [1789489808.397657046] [robot_2.robot_supervisor]: Selected controllable event: EV_move_forward
[balanced_delivery_supervisor-24] [INFO] [1789489808.449624331] [robot_1.robot_supervisor]: ############################# REACHED: EV_object_reached #############################
[balanced_delivery_supervisor-24] [INFO] [1789489808.450673859] [robot_1.robot_supervisor]: Selected controllable event: EV_search_color
[balanced_delivery_supervisor-22] [INFO] [1789489808.575625006] [robot_0.robot_supervisor]: Selected controllable event: EV_move_forward
[balanced_delivery_supervisor-24] [INFO] [1789489808.631524444] [robot_1.robot_supervisor]: Selected controllable event: EV_approach_color
[balanced_delivery_supervisor-20] [INFO] [1789489808.724243371] [robot_2.robot_supervisor]: Selected controllable event: EV_approach_object
[balanced_delivery_supervisor-24] [INFO] [1789489808.839217680] [robot_1.robot_supervisor]: Triggered uncontrollable event: EV_obstacle_left
[balanced_delivery_supervisor-24] [INFO] [1789489808.848315951] [robot_1.robot_supervisor]: Selected controllable event: EV_rotate_clockwise
[balanced_delivery_supervisor-22] [INFO] [1789489808.871943786] [robot_0.robot_supervisor]: Selected controllable event: EV_search_object
[balanced_delivery_supervisor-20] [INFO] [1789489809.002798884] [robot_2.robot_supervisor]: Selected controllable event: EV_move_forward
[balanced_delivery_supervisor-24] [INFO] [1789489809.030122080] [robot_1.robot_supervisor]: Triggered uncontrollable event: EV_obstacle_left
[balanced_delivery_supervisor-24] [INFO] [1789489809.030998077] [robot_1.robot_supervisor]: ############################# REACHED: EV_object_reached #############################
[balanced_delivery_supervisor-24] [INFO] [1789489809.050246015] [robot_1.robot_supervisor]: Selected controllable event: EV_u_turn
[balanced_delivery_supervisor-24] [INFO] [1789489809.051179015] [robot_1.robot_supervisor]: Starting FULL ROTATE (omega=1.000, have_odom=True, target_rad=3.142, timeout_s=3.500)
[balanced_delivery_supervisor-22] [INFO] [1789489809.060874582] [robot_0.robot_supervisor]: ############################# REACHED: EV_object_reached #############################
[balanced_delivery_supervisor-22] [INFO] [1789489809.067744424] [robot_0.robot_supervisor]: Selected controllable event: EV_search_color
[balanced_delivery_supervisor-22] [INFO] [1789489809.254178932] [robot_0.robot_supervisor]: Selected controllable event: EV_search_object
[balanced_delivery_supervisor-20] [INFO] [1789489809.304227755] [robot_2.robot_supervisor]: Selected controllable event: EV_approach_color
[balanced_delivery_supervisor-22] [INFO] [1789489809.379911281] [robot_0.robot_supervisor]: Selected controllable event: EV_search_color
[balanced_delivery_supervisor-22] [INFO] [1789489809.547740490] [robot_0.robot_supervisor]: Selected controllable event: EV_search_object
[balanced_delivery_supervisor-20] [INFO] [1789489809.605181774] [robot_2.robot_supervisor]: Selected controllable event: EV_approach_color
[balanced_delivery_supervisor-22] [INFO] [1789489809.675308679] [robot_0.robot_supervisor]: ############################# REACHED: EV_object_reached #############################
[balanced_delivery_supervisor-22] [INFO] [1789489809.678621758] [robot_0.robot_supervisor]: Selected controllable event: EV_search_color
[balanced_delivery_supervisor-22] [INFO] [1789489809.855780554] [robot_0.robot_supervisor]: Selected controllable event: EV_search_color
[balanced_delivery_supervisor-20] [INFO] [1789489809.896012916] [robot_2.robot_supervisor]: Selected controllable event: EV_approach_object
[balanced_delivery_supervisor-22] [INFO] [1789489810.078233724] [robot_0.robot_supervisor]: Selected controllable event: EV_move_forward
[balanced_delivery_supervisor-20] [INFO] [1789489810.103825797] [robot_2.robot_supervisor]: Selected controllable event: EV_search_object
[balanced_delivery_supervisor-20] [INFO] [1789489810.313927736] [robot_2.robot_supervisor]: Selected controllable event: EV_approach_color
[balanced_delivery_supervisor-22] [INFO] [1789489810.358377058] [robot_0.robot_supervisor]: ############################# REACHED: EV_object_reached #############################
[balanced_delivery_supervisor-22] [INFO] [1789489810.359361192] [robot_0.robot_supervisor]: Selected controllable event: EV_approach_color
[balanced_delivery_supervisor-22] [INFO] [1789489810.564987097] [robot_0.robot_supervisor]: Selected controllable event: EV_approach_object
[balanced_delivery_supervisor-20] [INFO] [1789489810.596865694] [robot_2.robot_supervisor]: Selected controllable event: EV_approach_object
[balanced_delivery_supervisor-20] [INFO] [1789489810.811542676] [robot_2.robot_supervisor]: Selected controllable event: EV_search_color
[balanced_delivery_supervisor-22] [INFO] [1789489810.846231484] [robot_0.robot_supervisor]: Selected controllable event: EV_approach_color
[balanced_delivery_supervisor-20] [INFO] [1789489810.914194455] [robot_2.robot_supervisor]: Selected controllable event: EV_approach_color
[balanced_delivery_supervisor-22] [INFO] [1789489811.052718305] [robot_0.robot_supervisor]: ############################# REACHED: EV_object_reached #############################
[balanced_delivery_supervisor-22] [INFO] [1789489811.063803774] [robot_0.robot_supervisor]: Selected controllable event: EV_search_color
[balanced_delivery_supervisor-20] [INFO] [1789489811.193476931] [robot_2.robot_supervisor]: Selected controllable event: EV_approach_color
[balanced_delivery_supervisor-22] [INFO] [1789489811.244681442] [robot_0.robot_supervisor]: Selected controllable event: EV_move_forward
[color_detector-29] [INFO] [1789489811.337712509] [robot_0.target_detector]: RGB HEARTBEAT frames_total=140 recent_rate_hz=1.500 last_frame_age_s=0.522 status=OK
[color_detector-31] [INFO] [1789489811.342719188] [robot_1.target_detector]: RGB HEARTBEAT frames_total=140 recent_rate_hz=1.504 last_frame_age_s=0.603 status=OK
[color_detector-27] [WARN] [1789489811.355896174] [robot_2.target_detector]: RGB HEARTBEAT frames_total=0 recent_rate_hz=0.000 last_frame_age_s=inf status=STALE
[balanced_delivery_supervisor-20] [INFO] [1789489811.401160614] [robot_2.robot_supervisor]: Selected controllable event: EV_search_color
[balanced_delivery_supervisor-22] [INFO] [1789489811.454328016] [robot_0.robot_supervisor]: Selected controllable event: EV_move_forward
[balanced_delivery_supervisor-20] [INFO] [1789489811.597846533] [robot_2.robot_supervisor]: Selected controllable event: EV_approach_color
[balanced_delivery_supervisor-22] [INFO] [1789489811.656167980] [robot_0.robot_supervisor]: ############################# REACHED: EV_object_reached #############################
[balanced_delivery_supervisor-22] [INFO] [1789489811.657200255] [robot_0.robot_supervisor]: Selected controllable event: EV_search_color
[balanced_delivery_supervisor-22] [INFO] [1789489811.772434800] [robot_0.robot_supervisor]: Selected controllable event: EV_search_color
[balanced_delivery_supervisor-20] [INFO] [1789489811.902489841] [robot_2.robot_supervisor]: Selected controllable event: EV_approach_object
[balanced_delivery_supervisor-22] [INFO] [1789489811.956268825] [robot_0.robot_supervisor]: Selected controllable event: EV_approach_color
[balanced_delivery_supervisor-20] [INFO] [1789489812.203182675] [robot_2.robot_supervisor]: Selected controllable event: EV_search_object
[balanced_delivery_supervisor-22] [INFO] [1789489812.242502585] [robot_0.robot_supervisor]: ############################# REACHED: EV_object_reached #############################
[balanced_delivery_supervisor-22] [INFO] [1789489812.257591283] [robot_0.robot_supervisor]: Selected controllable event: EV_search_color
[balanced_delivery_supervisor-20] [INFO] [1789489812.313235576] [robot_2.robot_supervisor]: Selected controllable event: EV_move_forward
[balanced_delivery_supervisor-22] [INFO] [1789489812.466835259] [robot_0.robot_supervisor]: Selected controllable event: EV_approach_object
[balanced_delivery_supervisor-20] [INFO] [1789489812.607426897] [robot_2.robot_supervisor]: Selected controllable event: EV_approach_object
[balanced_delivery_supervisor-24] [INFO] [1789489812.650138966] [robot_1.robot_supervisor]: FULL ROTATE completed by timeout
[balanced_delivery_supervisor-22] [INFO] [1789489812.778109736] [robot_0.robot_supervisor]: Selected controllable event: EV_approach_object
[balanced_delivery_supervisor-20] [INFO] [1789489812.894728126] [robot_2.robot_supervisor]: Selected controllable event: EV_search_object
[balanced_delivery_supervisor-24] [INFO] [1789489812.945059508] [robot_1.robot_supervisor]: ############################# REACHED: EV_object_reached #############################
[balanced_delivery_supervisor-24] [INFO] [1789489812.953122508] [robot_1.robot_supervisor]: Selected controllable event: EV_approach_color
[balanced_delivery_supervisor-20] [INFO] [1789489813.007479723] [robot_2.robot_supervisor]: Selected controllable event: EV_approach_object
[balanced_delivery_supervisor-22] [INFO] [1789489813.059905353] [robot_0.robot_supervisor]: ############################# REACHED: EV_object_reached #############################
[balanced_delivery_supervisor-22] [INFO] [1789489813.063611148] [robot_0.robot_supervisor]: Selected controllable event: EV_approach_color
[balanced_delivery_supervisor-24] [INFO] [1789489813.244170238] [robot_1.robot_supervisor]: Selected controllable event: EV_approach_object
[balanced_delivery_supervisor-20] [INFO] [1789489813.307474639] [robot_2.robot_supervisor]: Selected controllable event: EV_approach_color
[balanced_delivery_supervisor-22] [INFO] [1789489813.351128102] [robot_0.robot_supervisor]: Selected controllable event: EV_approach_color
[balanced_delivery_supervisor-24] [INFO] [1789489813.546595345] [robot_1.robot_supervisor]: ############################# REACHED: EV_object_reached #############################
[balanced_delivery_supervisor-22] [INFO] [1789489813.561658795] [robot_0.robot_supervisor]: Selected controllable event: EV_approach_object
[balanced_delivery_supervisor-24] [INFO] [1789489813.571730518] [robot_1.robot_supervisor]: Selected controllable event: EV_move_forward
[balanced_delivery_supervisor-20] [INFO] [1789489813.595684381] [robot_2.robot_supervisor]: Selected controllable event: EV_search_color
[balanced_delivery_supervisor-20] [INFO] [1789489813.710497770] [robot_2.robot_supervisor]: Selected controllable event: EV_move_forward
[balanced_delivery_supervisor-22] [INFO] [1789489813.848672647] [robot_0.robot_supervisor]: Triggered uncontrollable event: EV_obstacle_right
[balanced_delivery_supervisor-24] [INFO] [1789489813.854622218] [robot_1.robot_supervisor]: Selected controllable event: EV_approach_color
[balanced_delivery_supervisor-22] [INFO] [1789489813.855395519] [robot_0.robot_supervisor]: ############################# REACHED: EV_object_reached #############################
[balanced_delivery_supervisor-22] [INFO] [1789489813.865212584] [robot_0.robot_supervisor]: Selected controllable event: EV_u_turn
[balanced_delivery_supervisor-22] [INFO] [1789489813.873968562] [robot_0.robot_supervisor]: Starting FULL ROTATE (omega=1.000, have_odom=True, target_rad=3.142, timeout_s=3.500)
[balanced_delivery_supervisor-20] [INFO] [1789489814.015532087] [robot_2.robot_supervisor]: Selected controllable event: EV_move_forward
[balanced_delivery_supervisor-24] [INFO] [1789489814.151630036] [robot_1.robot_supervisor]: Selected controllable event: EV_search_object
[balanced_delivery_supervisor-20] [INFO] [1789489814.318271368] [robot_2.robot_supervisor]: Selected controllable event: EV_approach_color
[balanced_delivery_supervisor-24] [INFO] [1789489814.340378493] [robot_1.robot_supervisor]: ############################# REACHED: EV_object_reached #############################
[balanced_delivery_supervisor-24] [INFO] [1789489814.343682098] [robot_1.robot_supervisor]: Selected controllable event: EV_approach_object
[balanced_delivery_supervisor-20] [INFO] [1789489814.607265584] [robot_2.robot_supervisor]: Selected controllable event: EV_search_object
[balanced_delivery_supervisor-24] [INFO] [1789489814.649140192] [robot_1.robot_supervisor]: Selected controllable event: EV_search_color
[balanced_delivery_supervisor-24] [INFO] [1789489814.765107297] [robot_1.robot_supervisor]: Selected controllable event: EV_move_forward
[balanced_delivery_supervisor-20] [INFO] [1789489814.824757233] [robot_2.robot_supervisor]: Selected controllable event: EV_search_color
[balanced_delivery_supervisor-20] [INFO] [1789489815.009613153] [robot_2.robot_supervisor]: Selected controllable event: EV_search_object
[balanced_delivery_supervisor-24] [INFO] [1789489815.035177468] [robot_1.robot_supervisor]: ############################# REACHED: EV_object_reached #############################
[balanced_delivery_supervisor-24] [INFO] [1789489815.049734349] [robot_1.robot_supervisor]: Selected controllable event: EV_search_color
[balanced_delivery_supervisor-20] [INFO] [1789489815.206238320] [robot_2.robot_supervisor]: Selected controllable event: EV_search_color
[balanced_delivery_supervisor-24] [INFO] [1789489815.282634034] [robot_1.robot_supervisor]: Selected controllable event: EV_approach_object
[balanced_delivery_supervisor-20] [INFO] [1789489815.397036790] [robot_2.robot_supervisor]: Selected controllable event: EV_search_color
[balanced_delivery_supervisor-24] [INFO] [1789489815.549406980] [robot_1.robot_supervisor]: Selected controllable event: EV_approach_object
[balanced_delivery_supervisor-20] [INFO] [1789489815.624650767] [robot_2.robot_supervisor]: Selected controllable event: EV_search_object
[balanced_delivery_supervisor-20] [INFO] [1789489815.812463926] [robot_2.robot_supervisor]: Selected controllable event: EV_search_color
[balanced_delivery_supervisor-24] [INFO] [1789489815.858745065] [robot_1.robot_supervisor]: ############################# VISIBLE: EV_object_visible #############################
[balanced_delivery_supervisor-24] [INFO] [1789489815.859923558] [robot_1.robot_supervisor]: Selected controllable event: EV_search_color
[balanced_delivery_supervisor-20] [INFO] [1789489816.005512146] [robot_2.robot_supervisor]: Selected controllable event: EV_search_color
[balanced_delivery_supervisor-24] [INFO] [1789489816.028199692] [robot_1.robot_supervisor]: Selected controllable event: EV_search_color
[balanced_delivery_supervisor-20] [INFO] [1789489816.116441909] [robot_2.robot_supervisor]: Selected controllable event: EV_approach_color
[balanced_delivery_supervisor-24] [INFO] [1789489816.135025698] [robot_1.robot_supervisor]: Selected controllable event: EV_approach_color
[balanced_delivery_supervisor-20] [INFO] [1789489816.334275940] [robot_2.robot_supervisor]: Selected controllable event: EV_move_forward
[balanced_delivery_supervisor-24] [INFO] [1789489816.452903717] [robot_1.robot_supervisor]: Selected controllable event: EV_approach_object
[balanced_delivery_supervisor-20] [INFO] [1789489816.612026240] [robot_2.robot_supervisor]: Selected controllable event: EV_approach_object
[balanced_delivery_supervisor-24] [INFO] [1789489816.747905140] [robot_1.robot_supervisor]: ############################# VISIBLE: EV_object_visible #############################
[balanced_delivery_supervisor-24] [INFO] [1789489816.768163652] [robot_1.robot_supervisor]: Selected controllable event: EV_search_object
[balanced_delivery_supervisor-20] [INFO] [1789489816.899620850] [robot_2.robot_supervisor]: Selected controllable event: EV_search_color
[balanced_delivery_supervisor-24] [INFO] [1789489816.935398841] [robot_1.robot_supervisor]: Selected controllable event: EV_move_forward
[balanced_delivery_supervisor-20] [INFO] [1789489817.098627236] [robot_2.robot_supervisor]: Selected controllable event: EV_search_color
[balanced_delivery_supervisor-24] [INFO] [1789489817.173331545] [robot_1.robot_supervisor]: Selected controllable event: EV_approach_color
[balanced_delivery_supervisor-20] [INFO] [1789489817.294766165] [robot_2.robot_supervisor]: Selected controllable event: EV_approach_color
[balanced_delivery_supervisor-24] [INFO] [1789489817.427596973] [robot_1.robot_supervisor]: ############################# VISIBLE: EV_object_visible #############################
[balanced_delivery_supervisor-24] [INFO] [1789489817.441148915] [robot_1.robot_supervisor]: Selected controllable event: EV_search_color
[balanced_delivery_supervisor-22] [INFO] [1789489817.464255382] [robot_0.robot_supervisor]: FULL ROTATE completed by timeout
[balanced_delivery_supervisor-20] [INFO] [1789489817.512384720] [robot_2.robot_supervisor]: Selected controllable event: EV_move_forward
[balanced_delivery_supervisor-24] [INFO] [1789489817.640152285] [robot_1.robot_supervisor]: Selected controllable event: EV_search_color
[balanced_delivery_supervisor-22] [INFO] [1789489817.761771384] [robot_0.robot_supervisor]: Triggered uncontrollable event: EV_obstacle_front
[balanced_delivery_supervisor-22] [INFO] [1789489817.767277172] [robot_0.robot_supervisor]: ############################# REACHED: EV_object_reached #############################
[balanced_delivery_supervisor-22] [INFO] [1789489817.769330051] [robot_0.robot_supervisor]: Selected controllable event: EV_move_backward
[balanced_delivery_supervisor-22] [WARN] [1789489817.770284629] [robot_0.robot_supervisor]: no translation for 4.4s livelock detected; starting atomic escape (turn_sign=-1)
[balanced_delivery_supervisor-20] [INFO] [1789489817.796559589] [robot_2.robot_supervisor]: Selected controllable event: EV_search_color
[balanced_delivery_supervisor-24] [INFO] [1789489817.844613873] [robot_1.robot_supervisor]: Selected controllable event: EV_move_forward
[balanced_delivery_supervisor-20] [INFO] [1789489817.901500948] [robot_2.robot_supervisor]: Selected controllable event: EV_move_forward
[balanced_delivery_supervisor-20] [INFO] [1789489818.117285527] [robot_2.robot_supervisor]: Selected controllable event: EV_move_forward
[balanced_delivery_supervisor-24] [INFO] [1789489818.139140346] [robot_1.robot_supervisor]: ############################# VISIBLE: EV_object_visible #############################
[balanced_delivery_supervisor-24] [INFO] [1789489818.140126492] [robot_1.robot_supervisor]: Selected controllable event: EV_move_forward
[balanced_delivery_supervisor-20] [INFO] [1789489818.392955454] [robot_2.robot_supervisor]: Selected controllable event: EV_approach_object
[color_detector-27] [WARN] [1789489818.411088578] [robot_2.target_detector]: RGB HEARTBEAT frames_total=0 recent_rate_hz=0.000 last_frame_age_s=inf status=STALE
[color_detector-31] [INFO] [1789489818.413483458] [robot_1.target_detector]: RGB HEARTBEAT frames_total=150 recent_rate_hz=1.417 last_frame_age_s=0.520 status=OK
[color_detector-29] [INFO] [1789489818.421033404] [robot_0.target_detector]: RGB HEARTBEAT frames_total=150 recent_rate_hz=1.412 last_frame_age_s=0.477 status=OK
[balanced_delivery_supervisor-24] [INFO] [1789489818.433931849] [robot_1.robot_supervisor]: Selected controllable event: EV_search_color
[balanced_delivery_supervisor-24] [INFO] [1789489818.542926499] [robot_1.robot_supervisor]: Selected controllable event: EV_search_object
[balanced_delivery_supervisor-20] [INFO] [1789489818.599369670] [robot_2.robot_supervisor]: Selected controllable event: EV_search_color
[balanced_delivery_supervisor-24] [INFO] [1789489818.735595154] [robot_1.robot_supervisor]: ############################# VISIBLE: EV_object_visible #############################
[balanced_delivery_supervisor-24] [INFO] [1789489818.736602184] [robot_1.robot_supervisor]: Selected controllable event: EV_approach_color
[balanced_delivery_supervisor-20] [INFO] [1789489818.801351873] [robot_2.robot_supervisor]: Selected controllable event: EV_approach_color
[balanced_delivery_supervisor-24] [INFO] [1789489818.948207981] [robot_1.robot_supervisor]: Selected controllable event: EV_search_color
[balanced_delivery_supervisor-20] [INFO] [1789489819.121275086] [robot_2.robot_supervisor]: Selected controllable event: EV_approach_color
[balanced_delivery_supervisor-24] [INFO] [1789489819.155899488] [robot_1.robot_supervisor]: Selected controllable event: EV_approach_object
[balanced_delivery_supervisor-20] [INFO] [1789489819.411734834] [robot_2.robot_supervisor]: Selected controllable event: EV_move_forward
[balanced_delivery_supervisor-24] [INFO] [1789489819.431708428] [robot_1.robot_supervisor]: ############################# VISIBLE: EV_object_visible #############################
[balanced_delivery_supervisor-24] [INFO] [1789489819.432735218] [robot_1.robot_supervisor]: Selected controllable event: EV_search_object
[balanced_delivery_supervisor-24] [INFO] [1789489819.641151639] [robot_1.robot_supervisor]: Selected controllable event: EV_search_color
[balanced_delivery_supervisor-20] [INFO] [1789489819.710418954] [robot_2.robot_supervisor]: Selected controllable event: EV_move_forward
[balanced_delivery_supervisor-24] [INFO] [1789489819.746334583] [robot_1.robot_supervisor]: Selected controllable event: EV_search_object
[balanced_delivery_supervisor-24] [INFO] [1789489819.946117500] [robot_1.robot_supervisor]: Selected controllable event: EV_search_object
[balanced_delivery_supervisor-20] [INFO] [1789489820.008723849] [robot_2.robot_supervisor]: Selected controllable event: EV_search_color
[balanced_delivery_supervisor-24] [INFO] [1789489820.145472736] [robot_1.robot_supervisor]: ############################# VISIBLE: EV_object_visible #############################
[balanced_delivery_supervisor-24] [INFO] [1789489820.146646612] [robot_1.robot_supervisor]: Selected controllable event: EV_approach_color
[balanced_delivery_supervisor-20] [INFO] [1789489820.206983464] [robot_2.robot_supervisor]: Selected controllable event: EV_search_object
[balanced_delivery_supervisor-22] [INFO] [1789489820.257954261] [robot_0.robot_supervisor]: Zone-livelock escape completed
[balanced_delivery_supervisor-20] [INFO] [1789489820.398947533] [robot_2.robot_supervisor]: Selected controllable event: EV_move_forward
[balanced_delivery_supervisor-24] [INFO] [1789489820.450324829] [robot_1.robot_supervisor]: Selected controllable event: EV_approach_object
[balanced_delivery_supervisor-22] [INFO] [1789489820.562871248] [robot_0.robot_supervisor]: Triggered uncontrollable event: EV_obstacle_front
[balanced_delivery_supervisor-22] [INFO] [1789489820.563763305] [robot_0.robot_supervisor]: ############################# REACHED: EV_object_reached #############################
[balanced_delivery_supervisor-22] [INFO] [1789489820.564926414] [robot_0.robot_supervisor]: Selected controllable event: EV_rotate_counterclockwise
[balanced_delivery_supervisor-20] [INFO] [1789489820.701834007] [robot_2.robot_supervisor]: Selected controllable event: EV_approach_color
[balanced_delivery_supervisor-24] [INFO] [1789489820.755069808] [robot_1.robot_supervisor]: Selected controllable event: EV_move_forward
[balanced_delivery_supervisor-22] [INFO] [1789489820.757081040] [robot_0.robot_supervisor]: Triggered uncontrollable event: EV_obstacle_left
[balanced_delivery_supervisor-22] [INFO] [1789489820.762664683] [robot_0.robot_supervisor]: Selected controllable event: EV_u_turn
[balanced_delivery_supervisor-22] [INFO] [1789489820.764797822] [robot_0.robot_supervisor]: Starting FULL ROTATE (omega=1.000, have_odom=True, target_rad=3.142, timeout_s=3.500)
[balanced_delivery_supervisor-20] [INFO] [1789489821.013036710] [robot_2.robot_supervisor]: Selected controllable event: EV_search_color
[balanced_delivery_supervisor-24] [INFO] [1789489821.045770164] [robot_1.robot_supervisor]: ############################# VISIBLE: EV_object_visible #############################
[balanced_delivery_supervisor-24] [INFO] [1789489821.048979632] [robot_1.robot_supervisor]: Selected controllable event: EV_approach_color
[balanced_delivery_supervisor-20] [INFO] [1789489821.203321517] [robot_2.robot_supervisor]: Selected controllable event: EV_move_forward
[balanced_delivery_supervisor-24] [INFO] [1789489821.346406995] [robot_1.robot_supervisor]: Selected controllable event: EV_search_color
[balanced_delivery_supervisor-20] [INFO] [1789489821.417195855] [robot_2.robot_supervisor]: Selected controllable event: EV_search_object
[balanced_delivery_supervisor-24] [INFO] [1789489821.568199950] [robot_1.robot_supervisor]: ############################# VISIBLE: EV_object_visible #############################
[balanced_delivery_supervisor-24] [INFO] [1789489821.569336083] [robot_1.robot_supervisor]: Selected controllable event: EV_approach_color
[balanced_delivery_supervisor-20] [INFO] [1789489821.595723756] [robot_2.robot_supervisor]: Selected controllable event: EV_approach_object
[balanced_delivery_supervisor-24] [INFO] [1789489821.843662380] [robot_1.robot_supervisor]: Selected controllable event: EV_search_color
[balanced_delivery_supervisor-20] [INFO] [1789489821.920076121] [robot_2.robot_supervisor]: Selected controllable event: EV_move_forward
[balanced_delivery_supervisor-24] [INFO] [1789489822.033642803] [robot_1.robot_supervisor]: Selected controllable event: EV_search_object
[balanced_delivery_supervisor-20] [INFO] [1789489822.194282347] [robot_2.robot_supervisor]: Selected controllable event: EV_approach_color
[balanced_delivery_supervisor-24] [INFO] [1789489822.251029785] [robot_1.robot_supervisor]: ############################# VISIBLE: EV_object_visible #############################
[balanced_delivery_supervisor-24] [INFO] [1789489822.255513151] [robot_1.robot_supervisor]: Selected controllable event: EV_search_object
[balanced_delivery_supervisor-20] [INFO] [1789489822.416312977] [robot_2.robot_supervisor]: Selected controllable event: EV_approach_object
[balanced_delivery_supervisor-24] [INFO] [1789489822.441560311] [robot_1.robot_supervisor]: Selected controllable event: EV_move_forward
[balanced_delivery_supervisor-20] [INFO] [1789489822.701218915] [robot_2.robot_supervisor]: Selected controllable event: EV_search_color
[balanced_delivery_supervisor-24] [INFO] [1789489822.742661926] [robot_1.robot_supervisor]: Selected controllable event: EV_approach_object
[balanced_delivery_supervisor-20] [INFO] [1789489822.904834051] [robot_2.robot_supervisor]: Selected controllable event: EV_approach_object
[balanced_delivery_supervisor-24] [INFO] [1789489823.047728798] [robot_1.robot_supervisor]: Triggered uncontrollable event: EV_obstacle_right
[balanced_delivery_supervisor-24] [INFO] [1789489823.052519256] [robot_1.robot_supervisor]: Selected controllable event: EV_rotate_counterclockwise
[balanced_delivery_supervisor-20] [INFO] [1789489823.211344254] [robot_2.robot_supervisor]: Selected controllable event: EV_approach_color
[balanced_delivery_supervisor-24] [INFO] [1789489823.243363864] [robot_1.robot_supervisor]: Triggered uncontrollable event: EV_obstacle_right
[balanced_delivery_supervisor-24] [INFO] [1789489823.261747589] [robot_1.robot_supervisor]: ############################# VISIBLE: EV_object_visible #############################
[balanced_delivery_supervisor-24] [INFO] [1789489823.262845067] [robot_1.robot_supervisor]: Selected controllable event: EV_rotate_counterclockwise
[balanced_delivery_supervisor-24] [INFO] [1789489823.441011221] [robot_1.robot_supervisor]: Triggered uncontrollable event: EV_obstacle_right
[balanced_delivery_supervisor-24] [INFO] [1789489823.445999389] [robot_1.robot_supervisor]: Selected controllable event: EV_u_turn
[balanced_delivery_supervisor-24] [INFO] [1789489823.452621626] [robot_1.robot_supervisor]: Starting FULL ROTATE (omega=1.000, have_odom=True, target_rad=3.142, timeout_s=3.500)
[balanced_delivery_supervisor-20] [INFO] [1789489823.502346426] [robot_2.robot_supervisor]: Selected controllable event: EV_approach_object
[balanced_delivery_supervisor-20] [INFO] [1789489823.712516160] [robot_2.robot_supervisor]: Selected controllable event: EV_search_object
[balanced_delivery_supervisor-20] [INFO] [1789489823.909084050] [robot_2.robot_supervisor]: Selected controllable event: EV_search_color
[balanced_delivery_supervisor-20] [INFO] [1789489824.104717897] [robot_2.robot_supervisor]: Selected controllable event: EV_move_forward
[balanced_delivery_supervisor-20] [INFO] [1789489824.307864560] [robot_2.robot_supervisor]: Selected controllable event: EV_approach_object
[balanced_delivery_supervisor-22] [INFO] [1789489824.364363405] [robot_0.robot_supervisor]: FULL ROTATE completed by timeout
[balanced_delivery_supervisor-20] [INFO] [1789489824.611435165] [robot_2.robot_supervisor]: Selected controllable event: EV_search_object
[balanced_delivery_supervisor-22] [INFO] [1789489824.651185692] [robot_0.robot_supervisor]: ############################# REACHED: EV_object_reached #############################
[balanced_delivery_supervisor-22] [INFO] [1789489824.657927737] [robot_0.robot_supervisor]: Selected controllable event: EV_approach_object
[balanced_delivery_supervisor-20] [INFO] [1789489824.798386471] [robot_2.robot_supervisor]: Selected controllable event: EV_approach_object
[balanced_delivery_supervisor-22] [INFO] [1789489824.877320778] [robot_0.robot_supervisor]: Selected controllable event: EV_approach_object
[balanced_delivery_supervisor-20] [INFO] [1789489825.112000272] [robot_2.robot_supervisor]: Selected controllable event: EV_approach_color
[balanced_delivery_supervisor-22] [INFO] [1789489825.165293903] [robot_0.robot_supervisor]: Selected controllable event: EV_approach_color
[balanced_delivery_supervisor-20] [INFO] [1789489825.417583679] [robot_2.robot_supervisor]: Selected controllable event: EV_search_object
[balanced_delivery_supervisor-22] [INFO] [1789489825.447391534] [robot_0.robot_supervisor]: ############################# REACHED: EV_object_reached #############################
[balanced_delivery_supervisor-22] [INFO] [1789489825.450156631] [robot_0.robot_supervisor]: Selected controllable event: EV_search_object
[color_detector-27] [WARN] [1789489825.529107727] [robot_2.target_detector]: RGB HEARTBEAT frames_total=0 recent_rate_hz=0.000 last_frame_age_s=inf status=STALE
[color_detector-31] [INFO] [1789489825.534627627] [robot_1.target_detector]: RGB HEARTBEAT frames_total=160 recent_rate_hz=1.402 last_frame_age_s=0.496 status=OK
[color_detector-29] [INFO] [1789489825.539128209] [robot_0.target_detector]: RGB HEARTBEAT frames_total=160 recent_rate_hz=1.405 last_frame_age_s=0.424 status=OK
[balanced_delivery_supervisor-22] [INFO] [1789489825.571044668] [robot_0.robot_supervisor]: Selected controllable event: EV_search_object
[balanced_delivery_supervisor-20] [INFO] [1789489825.597000487] [robot_2.robot_supervisor]: Selected controllable event: EV_move_forward
[balanced_delivery_supervisor-22] [INFO] [1789489825.761905706] [robot_0.robot_supervisor]: Selected controllable event: EV_approach_object
[balanced_delivery_supervisor-20] [INFO] [1789489825.805279900] [robot_2.robot_supervisor]: Selected controllable event: EV_search_object
[balanced_delivery_supervisor-20] [INFO] [1789489826.003095223] [robot_2.robot_supervisor]: Selected controllable event: EV_approach_object
[balanced_delivery_supervisor-22] [INFO] [1789489826.052529206] [robot_0.robot_supervisor]: ############################# REACHED: EV_object_reached #############################
[balanced_delivery_supervisor-22] [INFO] [1789489826.053573871] [robot_0.robot_supervisor]: Selected controllable event: EV_approach_color
[balanced_delivery_supervisor-20] [INFO] [1789489826.207438548] [robot_2.robot_supervisor]: Selected controllable event: EV_search_object
[balanced_delivery_supervisor-22] [INFO] [1789489826.349074943] [robot_0.robot_supervisor]: Selected controllable event: EV_search_object
[balanced_delivery_supervisor-20] [INFO] [1789489826.420573939] [robot_2.robot_supervisor]: Selected controllable event: EV_approach_object
[balanced_delivery_supervisor-22] [INFO] [1789489826.569782100] [robot_0.robot_supervisor]: ############################# REACHED: EV_object_reached #############################
[balanced_delivery_supervisor-22] [INFO] [1789489826.570829620] [robot_0.robot_supervisor]: Selected controllable event: EV_approach_object
[balanced_delivery_supervisor-20] [INFO] [1789489826.719029132] [robot_2.robot_supervisor]: Selected controllable event: EV_approach_color
[balanced_delivery_supervisor-22] [INFO] [1789489826.857772190] [robot_0.robot_supervisor]: Selected controllable event: EV_search_object
[balanced_delivery_supervisor-20] [INFO] [1789489827.008239193] [robot_2.robot_supervisor]: Selected controllable event: EV_search_object
[balanced_delivery_supervisor-24] [INFO] [1789489827.040016878] [robot_1.robot_supervisor]: FULL ROTATE completed by timeout
[balanced_delivery_supervisor-22] [INFO] [1789489827.057311096] [robot_0.robot_supervisor]: Selected controllable event: EV_move_forward
[balanced_delivery_supervisor-20] [INFO] [1789489827.216059448] [robot_2.robot_supervisor]: Selected controllable event: EV_search_color
[balanced_delivery_supervisor-24] [INFO] [1789489827.241576757] [robot_1.robot_supervisor]: ############################# VISIBLE: EV_object_visible #############################
[balanced_delivery_supervisor-24] [INFO] [1789489827.242679242] [robot_1.robot_supervisor]: Selected controllable event: EV_search_color
[balanced_delivery_supervisor-22] [INFO] [1789489827.358457526] [robot_0.robot_supervisor]: ############################# REACHED: EV_object_reached #############################
[balanced_delivery_supervisor-22] [INFO] [1789489827.359600924] [robot_0.robot_supervisor]: Selected controllable event: EV_approach_object
[balanced_delivery_supervisor-20] [INFO] [1789489827.400498351] [robot_2.robot_supervisor]: Selected controllable event: EV_approach_object
[balanced_delivery_supervisor-24] [INFO] [1789489827.442034445] [robot_1.robot_supervisor]: Selected controllable event: EV_approach_object
[balanced_delivery_supervisor-20] [INFO] [1789489827.612897546] [robot_2.robot_supervisor]: Selected controllable event: EV_approach_color
[balanced_delivery_supervisor-22] [INFO] [1789489827.647646077] [robot_0.robot_supervisor]: Selected controllable event: EV_approach_object
[balanced_delivery_supervisor-24] [INFO] [1789489827.731276260] [robot_1.robot_supervisor]: Selected controllable event: EV_search_color
[balanced_delivery_supervisor-22] [INFO] [1789489827.855553940] [robot_0.robot_supervisor]: Selected controllable event: EV_search_color
[balanced_delivery_supervisor-24] [INFO] [1789489827.858299141] [robot_1.robot_supervisor]: ############################# VISIBLE: EV_object_visible #############################
[balanced_delivery_supervisor-24] [INFO] [1789489827.864564646] [robot_1.robot_supervisor]: Selected controllable event: EV_move_forward
[balanced_delivery_supervisor-20] [INFO] [1789489827.916452774] [robot_2.robot_supervisor]: Selected controllable event: EV_move_forward
[balanced_delivery_supervisor-22] [INFO] [1789489827.972701001] [robot_0.robot_supervisor]: ############################# REACHED: EV_object_reached #############################
[balanced_delivery_supervisor-22] [INFO] [1789489827.987989038] [robot_0.robot_supervisor]: Selected controllable event: EV_search_color
[balanced_delivery_supervisor-24] [INFO] [1789489828.146310654] [robot_1.robot_supervisor]: Selected controllable event: EV_search_object
[balanced_delivery_supervisor-22] [INFO] [1789489828.161628195] [robot_0.robot_supervisor]: Selected controllable event: EV_search_object
[balanced_delivery_supervisor-20] [INFO] [1789489828.197751599] [robot_2.robot_supervisor]: Selected controllable event: EV_approach_object
[balanced_delivery_supervisor-24] [INFO] [1789489828.346875094] [robot_1.robot_supervisor]: Selected controllable event: EV_search_object
[balanced_delivery_supervisor-22] [INFO] [1789489828.375764848] [robot_0.robot_supervisor]: Selected controllable event: EV_approach_object
[balanced_delivery_supervisor-20] [INFO] [1789489828.404654457] [robot_2.robot_supervisor]: Selected controllable event: EV_approach_object
[balanced_delivery_supervisor-24] [INFO] [1789489828.457052974] [robot_1.robot_supervisor]: Selected controllable event: EV_search_color
[balanced_delivery_supervisor-24] [INFO] [1789489828.638023940] [robot_1.robot_supervisor]: ############################# VISIBLE: EV_object_visible #############################
[balanced_delivery_supervisor-24] [INFO] [1789489828.643766480] [robot_1.robot_supervisor]: Selected controllable event: EV_approach_color
[balanced_delivery_supervisor-22] [INFO] [1789489828.652049924] [robot_0.robot_supervisor]: ############################# REACHED: EV_object_reached #############################
[balanced_delivery_supervisor-22] [INFO] [1789489828.664926976] [robot_0.robot_supervisor]: Selected controllable event: EV_search_object
[balanced_delivery_supervisor-20] [INFO] [1789489828.698968191] [robot_2.robot_supervisor]: Selected controllable event: EV_move_forward
[balanced_delivery_supervisor-22] [INFO] [1789489828.863933167] [robot_0.robot_supervisor]: Selected controllable event: EV_approach_object
[balanced_delivery_supervisor-20] [INFO] [1789489828.905724566] [robot_2.robot_supervisor]: Selected controllable event: EV_search_object
[balanced_delivery_supervisor-24] [INFO] [1789489828.936246888] [robot_1.robot_supervisor]: Selected controllable event: EV_search_color
[balanced_delivery_supervisor-24] [INFO] [1789489829.041188617] [robot_1.robot_supervisor]: Selected controllable event: EV_search_color
[balanced_delivery_supervisor-20] [INFO] [1789489829.111709821] [robot_2.robot_supervisor]: Selected controllable event: EV_search_color
[balanced_delivery_supervisor-22] [INFO] [1789489829.163570665] [robot_0.robot_supervisor]: Selected controllable event: EV_move_forward
[balanced_delivery_supervisor-24] [INFO] [1789489829.167988547] [robot_1.robot_supervisor]: Selected controllable event: EV_search_color
[balanced_delivery_supervisor-20] [INFO] [1789489829.295018411] [robot_2.robot_supervisor]: Selected controllable event: EV_approach_color
[balanced_delivery_supervisor-24] [INFO] [1789489829.340292542] [robot_1.robot_supervisor]: ############################# VISIBLE: EV_object_visible #############################
[balanced_delivery_supervisor-24] [INFO] [1789489829.341330825] [robot_1.robot_supervisor]: Selected controllable event: EV_approach_object
[balanced_delivery_supervisor-22] [INFO] [1789489829.452629823] [robot_0.robot_supervisor]: ############################# REACHED: EV_object_reached #############################
[balanced_delivery_supervisor-22] [INFO] [1789489829.453607885] [robot_0.robot_supervisor]: Selected controllable event: EV_approach_object
[balanced_delivery_supervisor-20] [INFO] [1789489829.509727768] [robot_2.robot_supervisor]: Selected controllable event: EV_search_color
[balanced_delivery_supervisor-24] [INFO] [1789489829.542848180] [robot_1.robot_supervisor]: Selected controllable event: EV_approach_color
[balanced_delivery_supervisor-20] [INFO] [1789489829.707622886] [robot_2.robot_supervisor]: Selected controllable event: EV_search_object
[balanced_delivery_supervisor-22] [INFO] [1789489829.749329166] [robot_0.robot_supervisor]: Selected controllable event: EV_search_color
[balanced_delivery_supervisor-24] [INFO] [1789489829.828020056] [robot_1.robot_supervisor]: Selected controllable event: EV_approach_object
[balanced_delivery_supervisor-20] [INFO] [1789489829.902638344] [robot_2.robot_supervisor]: Selected controllable event: EV_approach_color
[balanced_delivery_supervisor-22] [INFO] [1789489829.957780574] [robot_0.robot_supervisor]: Selected controllable event: EV_search_color
[balanced_delivery_supervisor-24] [INFO] [1789489830.040643769] [robot_1.robot_supervisor]: ############################# VISIBLE: EV_object_visible #############################
[balanced_delivery_supervisor-24] [INFO] [1789489830.049373033] [robot_1.robot_supervisor]: Selected controllable event: EV_move_forward
[balanced_delivery_supervisor-20] [INFO] [1789489830.109084505] [robot_2.robot_supervisor]: Selected controllable event: EV_search_object
[balanced_delivery_supervisor-22] [INFO] [1789489830.152378683] [robot_0.robot_supervisor]: ############################# VISIBLE: EV_object_visible #############################
[balanced_delivery_supervisor-22] [INFO] [1789489830.170838847] [robot_0.robot_supervisor]: Selected controllable event: EV_move_forward
[balanced_delivery_supervisor-20] [INFO] [1789489830.308394209] [robot_2.robot_supervisor]: Selected controllable event: EV_move_forward
[balanced_delivery_supervisor-24] [INFO] [1789489830.335245398] [robot_1.robot_supervisor]: Selected controllable event: EV_search_color
[balanced_delivery_supervisor-24] [INFO] [1789489830.464948446] [robot_1.robot_supervisor]: Selected controllable event: EV_search_object
[balanced_delivery_supervisor-22] [INFO] [1789489830.478495111] [robot_0.robot_supervisor]: Selected controllable event: EV_search_object
[balanced_delivery_supervisor-20] [INFO] [1789489830.613412626] [robot_2.robot_supervisor]: Selected controllable event: EV_move_forward
[balanced_delivery_supervisor-22] [INFO] [1789489830.653698527] [robot_0.robot_supervisor]: Selected controllable event: EV_move_forward
[balanced_delivery_supervisor-24] [INFO] [1789489830.658322623] [robot_1.robot_supervisor]: ############################# VISIBLE: EV_object_visible #############################
[balanced_delivery_supervisor-24] [INFO] [1789489830.659205666] [robot_1.robot_supervisor]: Selected controllable event: EV_approach_object
[balanced_delivery_supervisor-22] [INFO] [1789489830.876607978] [robot_0.robot_supervisor]: ############################# VISIBLE: EV_object_visible #############################
[balanced_delivery_supervisor-22] [INFO] [1789489830.893949305] [robot_0.robot_supervisor]: Selected controllable event: EV_search_color
[balanced_delivery_supervisor-20] [INFO] [1789489830.911504761] [robot_2.robot_supervisor]: Selected controllable event: EV_approach_object
[balanced_delivery_supervisor-24] [INFO] [1789489830.935553289] [robot_1.robot_supervisor]: Selected controllable event: EV_approach_color
[balanced_delivery_supervisor-22] [INFO] [1789489831.050485970] [robot_0.robot_supervisor]: Selected controllable event: EV_approach_color
[balanced_delivery_supervisor-20] [INFO] [1789489831.192299796] [robot_2.robot_supervisor]: Selected controllable event: EV_move_forward
[balanced_delivery_supervisor-24] [INFO] [1789489831.238869849] [robot_1.robot_supervisor]: Selected controllable event: EV_approach_color
[balanced_delivery_supervisor-22] [INFO] [1789489831.354971762] [robot_0.robot_supervisor]: ############################# VISIBLE: EV_object_visible #############################
[balanced_delivery_supervisor-22] [INFO] [1789489831.360514602] [robot_0.robot_supervisor]: Selected controllable event: EV_move_forward
[balanced_delivery_supervisor-24] [INFO] [1789489831.452120289] [robot_1.robot_supervisor]: ############################# VISIBLE: EV_object_visible #############################
[balanced_delivery_supervisor-24] [INFO] [1789489831.462880555] [robot_1.robot_supervisor]: Selected controllable event: EV_search_color
[balanced_delivery_supervisor-20] [INFO] [1789489831.505101001] [robot_2.robot_supervisor]: Selected controllable event: EV_search_object
[balanced_delivery_supervisor-24] [INFO] [1789489831.641017006] [robot_1.robot_supervisor]: Selected controllable event: EV_search_color
[balanced_delivery_supervisor-22] [INFO] [1789489831.663174750] [robot_0.robot_supervisor]: Selected controllable event: EV_search_object
[balanced_delivery_supervisor-20] [INFO] [1789489831.692501740] [robot_2.robot_supervisor]: Selected controllable event: EV_approach_object
[balanced_delivery_supervisor-24] [INFO] [1789489831.848965805] [robot_1.robot_supervisor]: Selected controllable event: EV_move_forward
[balanced_delivery_supervisor-22] [INFO] [1789489831.875233599] [robot_0.robot_supervisor]: Selected controllable event: EV_move_forward
[balanced_delivery_supervisor-20] [INFO] [1789489831.921344780] [robot_2.robot_supervisor]: Selected controllable event: EV_approach_color
[balanced_delivery_supervisor-24] [INFO] [1789489832.129498230] [robot_1.robot_supervisor]: Triggered uncontrollable event: EV_obstacle_left
[balanced_delivery_supervisor-24] [INFO] [1789489832.130264972] [robot_1.robot_supervisor]: ############################# REACHED: EV_object_reached #############################
[balanced_delivery_supervisor-24] [INFO] [1789489832.138827370] [robot_1.robot_supervisor]: Selected controllable event: EV_u_turn
[balanced_delivery_supervisor-24] [INFO] [1789489832.142421522] [robot_1.robot_supervisor]: Starting FULL ROTATE (omega=1.000, have_odom=True, target_rad=3.142, timeout_s=3.500)
[balanced_delivery_supervisor-22] [INFO] [1789489832.144814945] [robot_0.robot_supervisor]: ############################# VISIBLE: EV_object_visible #############################
[balanced_delivery_supervisor-22] [INFO] [1789489832.152390857] [robot_0.robot_supervisor]: Selected controllable event: EV_approach_color
[balanced_delivery_supervisor-20] [INFO] [1789489832.201166859] [robot_2.robot_supervisor]: Selected controllable event: EV_approach_color
[balanced_delivery_supervisor-22] [INFO] [1789489832.471269064] [robot_0.robot_supervisor]: Selected controllable event: EV_approach_object
[balanced_delivery_supervisor-20] [INFO] [1789489832.506508337] [robot_2.robot_supervisor]: Selected controllable event: EV_search_object
[color_detector-29] [INFO] [1789489832.540599500] [robot_0.target_detector]: RGB HEARTBEAT frames_total=170 recent_rate_hz=1.428 last_frame_age_s=0.555 status=OK
[color_detector-31] [INFO] [1789489832.542981616] [robot_1.target_detector]: RGB HEARTBEAT frames_total=170 recent_rate_hz=1.427 last_frame_age_s=0.640 status=OK
[color_detector-27] [WARN] [1789489832.556633484] [robot_2.target_detector]: RGB HEARTBEAT frames_total=0 recent_rate_hz=0.000 last_frame_age_s=inf status=STALE
[balanced_delivery_supervisor-20] [INFO] [1789489832.709398085] [robot_2.robot_supervisor]: Selected controllable event: EV_move_forward
[balanced_delivery_supervisor-22] [INFO] [1789489832.754693092] [robot_0.robot_supervisor]: Selected controllable event: EV_search_color
[balanced_delivery_supervisor-22] [INFO] [1789489832.949122256] [robot_0.robot_supervisor]: ############################# VISIBLE: EV_object_visible #############################
[balanced_delivery_supervisor-22] [INFO] [1789489832.950115905] [robot_0.robot_supervisor]: Selected controllable event: EV_approach_color
[balanced_delivery_supervisor-20] [INFO] [1789489832.997928440] [robot_2.robot_supervisor]: Selected controllable event: EV_move_forward
[balanced_delivery_supervisor-20] [INFO] [1789489833.227948500] [robot_2.robot_supervisor]: Selected controllable event: EV_approach_color
[balanced_delivery_supervisor-22] [INFO] [1789489833.278790765] [robot_0.robot_supervisor]: Selected controllable event: EV_move_forward
[balanced_delivery_supervisor-20] [INFO] [1789489833.505311138] [robot_2.robot_supervisor]: Selected controllable event: EV_search_object
[balanced_delivery_supervisor-22] [INFO] [1789489833.549493745] [robot_0.robot_supervisor]: Triggered uncontrollable event: EV_obstacle_right
[balanced_delivery_supervisor-22] [INFO] [1789489833.551588347] [robot_0.robot_supervisor]: ############################# VISIBLE: EV_object_visible #############################
[balanced_delivery_supervisor-22] [INFO] [1789489833.558501789] [robot_0.robot_supervisor]: Selected controllable event: EV_u_turn
[balanced_delivery_supervisor-22] [INFO] [1789489833.567812099] [robot_0.robot_supervisor]: Starting FULL ROTATE (omega=1.000, have_odom=True, target_rad=3.142, timeout_s=3.500)
[balanced_delivery_supervisor-20] [INFO] [1789489833.719096756] [robot_2.robot_supervisor]: Selected controllable event: EV_move_forward
[balanced_delivery_supervisor-20] [INFO] [1789489833.998538484] [robot_2.robot_supervisor]: Selected controllable event: EV_approach_object
[balanced_delivery_supervisor-20] [INFO] [1789489834.209623343] [robot_2.robot_supervisor]: Selected controllable event: EV_approach_color
[balanced_delivery_supervisor-20] [INFO] [1789489834.516674401] [robot_2.robot_supervisor]: Selected controllable event: EV_move_forward
[balanced_delivery_supervisor-20] [INFO] [1789489834.808135042] [robot_2.robot_supervisor]: Selected controllable event: EV_search_object
[balanced_delivery_supervisor-20] [INFO] [1789489835.014178742] [robot_2.robot_supervisor]: Selected controllable event: EV_approach_color
[balanced_delivery_supervisor-20] [INFO] [1789489835.306495815] [robot_2.robot_supervisor]: Selected controllable event: EV_approach_color
[balanced_delivery_supervisor-20] [INFO] [1789489835.613246092] [robot_2.robot_supervisor]: Selected controllable event: EV_search_object
[balanced_delivery_supervisor-24] [INFO] [1789489835.754457639] [robot_1.robot_supervisor]: FULL ROTATE completed by timeout
[balanced_delivery_supervisor-20] [INFO] [1789489835.807716056] [robot_2.robot_supervisor]: Selected controllable event: EV_move_forward
[balanced_delivery_supervisor-24] [INFO] [1789489836.046518941] [robot_1.robot_supervisor]: ############################# REACHED: EV_object_reached #############################
[balanced_delivery_supervisor-24] [INFO] [1789489836.057978951] [robot_1.robot_supervisor]: Selected controllable event: EV_approach_color
[balanced_delivery_supervisor-20] [INFO] [1789489836.105585983] [robot_2.robot_supervisor]: Selected controllable event: EV_move_forward
[balanced_delivery_supervisor-20] [INFO] [1789489836.307863915] [robot_2.robot_supervisor]: Selected controllable event: EV_move_forward
[balanced_delivery_supervisor-24] [INFO] [1789489836.345113997] [robot_1.robot_supervisor]: Selected controllable event: EV_move_forward
[balanced_delivery_supervisor-20] [INFO] [1789489836.599101647] [robot_2.robot_supervisor]: Selected controllable event: EV_search_object
[balanced_delivery_supervisor-24] [INFO] [1789489836.637225416] [robot_1.robot_supervisor]: Selected controllable event: EV_move_forward
[balanced_delivery_supervisor-20] [INFO] [1789489836.703977845] [robot_2.robot_supervisor]: Selected controllable event: EV_approach_color
[balanced_delivery_supervisor-24] [INFO] [1789489836.847968053] [robot_1.robot_supervisor]: ############################# REACHED: EV_object_reached #############################
[balanced_delivery_supervisor-24] [INFO] [1789489836.855988485] [robot_1.robot_supervisor]: Selected controllable event: EV_approach_object
[balanced_delivery_supervisor-20] [INFO] [1789489836.906792070] [robot_2.robot_supervisor]: Selected controllable event: EV_approach_object
[balanced_delivery_supervisor-24] [INFO] [1789489837.154083942] [robot_1.robot_supervisor]: Selected controllable event: EV_search_object
[balanced_delivery_supervisor-22] [INFO] [1789489837.155376682] [robot_0.robot_supervisor]: FULL ROTATE completed by timeout
[balanced_delivery_supervisor-20] [INFO] [1789489837.201697617] [robot_2.robot_supervisor]: Selected controllable event: EV_search_object
[balanced_delivery_supervisor-24] [INFO] [1789489837.344505810] [robot_1.robot_supervisor]: ############################# REACHED: EV_object_reached #############################
[balanced_delivery_supervisor-24] [INFO] [1789489837.345466838] [robot_1.robot_supervisor]: Selected controllable event: EV_search_object
[balanced_delivery_supervisor-22] [INFO] [1789489837.348351535] [robot_0.robot_supervisor]: ############################# VISIBLE: EV_object_visible #############################
[balanced_delivery_supervisor-22] [INFO] [1789489837.357943581] [robot_0.robot_supervisor]: Selected controllable event: EV_approach_object
[balanced_delivery_supervisor-20] [INFO] [1789489837.404597868] [robot_2.robot_supervisor]: Selected controllable event: EV_search_object
[balanced_delivery_supervisor-20] [INFO] [1789489837.511339928] [robot_2.robot_supervisor]: Selected controllable event: EV_approach_color
[balanced_delivery_supervisor-24] [INFO] [1789489837.539710114] [robot_1.robot_supervisor]: Selected controllable event: EV_search_color
[balanced_delivery_supervisor-22] [INFO] [1789489837.665845261] [robot_0.robot_supervisor]: ############################# VISIBLE: EV_object_visible #############################
[balanced_delivery_supervisor-22] [INFO] [1789489837.666871855] [robot_0.robot_supervisor]: Selected controllable event: EV_search_object
[balanced_delivery_supervisor-24] [INFO] [1789489837.733773703] [robot_1.robot_supervisor]: Selected controllable event: EV_approach_color
[balanced_delivery_supervisor-20] [INFO] [1789489837.805526997] [robot_2.robot_supervisor]: Selected controllable event: EV_search_color
[balanced_delivery_supervisor-22] [INFO] [1789489837.841971764] [robot_0.robot_supervisor]: Selected controllable event: EV_search_object
[balanced_delivery_supervisor-24] [INFO] [1789489837.941034378] [robot_1.robot_supervisor]: Selected controllable event: EV_approach_object
[balanced_delivery_supervisor-22] [INFO] [1789489837.944626012] [robot_0.robot_supervisor]: Selected controllable event: EV_approach_color
[balanced_delivery_supervisor-20] [INFO] [1789489838.006161178] [robot_2.robot_supervisor]: Selected controllable event: EV_search_object
[balanced_delivery_supervisor-22] [INFO] [1789489838.156277777] [robot_0.robot_supervisor]: ############################# VISIBLE: EV_object_visible #############################
[balanced_delivery_supervisor-22] [INFO] [1789489838.157226419] [robot_0.robot_supervisor]: Selected controllable event: EV_approach_object
[balanced_delivery_supervisor-20] [INFO] [1789489838.204694395] [robot_2.robot_supervisor]: Selected controllable event: EV_move_forward
[balanced_delivery_supervisor-24] [INFO] [1789489838.241781041] [robot_1.robot_supervisor]: ############################# REACHED: EV_object_reached #############################
[balanced_delivery_supervisor-24] [INFO] [1789489838.242730219] [robot_1.robot_supervisor]: Selected controllable event: EV_search_color
[balanced_delivery_supervisor-20] [INFO] [1789489838.410000725] [robot_2.robot_supervisor]: Selected controllable event: EV_approach_color
[balanced_delivery_supervisor-24] [INFO] [1789489838.427947883] [robot_1.robot_supervisor]: Selected controllable event: EV_approach_color
[balanced_delivery_supervisor-22] [INFO] [1789489838.461745472] [robot_0.robot_supervisor]: Selected controllable event: EV_search_object
[balanced_delivery_supervisor-24] [INFO] [1789489838.647333795] [robot_1.robot_supervisor]: ############################# REACHED: EV_object_reached #############################
[balanced_delivery_supervisor-24] [INFO] [1789489838.653770744] [robot_1.robot_supervisor]: Selected controllable event: EV_search_object
[balanced_delivery_supervisor-22] [INFO] [1789489838.662122929] [robot_0.robot_supervisor]: Selected controllable event: EV_search_object
[balanced_delivery_supervisor-20] [INFO] [1789489838.700760759] [robot_2.robot_supervisor]: Selected controllable event: EV_approach_object
[balanced_delivery_supervisor-24] [INFO] [1789489838.845130093] [robot_1.robot_supervisor]: Selected controllable event: EV_move_forward
[balanced_delivery_supervisor-22] [INFO] [1789489838.846341423] [robot_0.robot_supervisor]: Triggered uncontrollable event: EV_object_not_visible
[balanced_delivery_supervisor-22] [INFO] [1789489838.863955208] [robot_0.robot_supervisor]: Selected controllable event: EV_approach_object
[balanced_delivery_supervisor-20] [INFO] [1789489838.996920057] [robot_2.robot_supervisor]: Selected controllable event: EV_move_forward
[balanced_delivery_supervisor-24] [INFO] [1789489839.145429767] [robot_1.robot_supervisor]: Selected controllable event: EV_search_color
[balanced_delivery_supervisor-22] [INFO] [1789489839.159592596] [robot_0.robot_supervisor]: Selected controllable event: EV_search_color
[color_detector-31] [INFO] [1789489839.191593668] [robot_1.target_detector]: RGB HEARTBEAT frames_total=180 recent_rate_hz=1.504 last_frame_age_s=0.632 status=OK
[balanced_delivery_supervisor-20] [INFO] [1789489839.208527841] [robot_2.robot_supervisor]: Selected controllable event: EV_search_object
[color_detector-29] [INFO] [1789489839.210768104] [robot_0.target_detector]: RGB HEARTBEAT frames_total=180 recent_rate_hz=1.499 last_frame_age_s=0.614 status=OK
[color_detector-27] [WARN] [1789489839.216765885] [robot_2.target_detector]: RGB HEARTBEAT frames_total=0 recent_rate_hz=0.000 last_frame_age_s=inf status=STALE
[balanced_delivery_supervisor-24] [INFO] [1789489839.349263394] [robot_1.robot_supervisor]: Selected controllable event: EV_approach_object
[balanced_delivery_supervisor-22] [INFO] [1789489839.367839859] [robot_0.robot_supervisor]: Selected controllable event: EV_move_forward
[balanced_delivery_supervisor-20] [INFO] [1789489839.402844523] [robot_2.robot_supervisor]: Selected controllable event: EV_move_forward
[balanced_delivery_supervisor-24] [INFO] [1789489839.649069494] [robot_1.robot_supervisor]: ############################# REACHED: EV_object_reached #############################
[balanced_delivery_supervisor-24] [INFO] [1789489839.650057760] [robot_1.robot_supervisor]: Selected controllable event: EV_approach_color
[balanced_delivery_supervisor-22] [INFO] [1789489839.652413927] [robot_0.robot_supervisor]: Triggered uncontrollable event: EV_object_not_visible
[balanced_delivery_supervisor-22] [INFO] [1789489839.658887710] [robot_0.robot_supervisor]: Selected controllable event: EV_search_color
[balanced_delivery_supervisor-20] [INFO] [1789489839.712674007] [robot_2.robot_supervisor]: Selected controllable event: EV_approach_color
[balanced_delivery_supervisor-22] [INFO] [1789489839.762445499] [robot_0.robot_supervisor]: Selected controllable event: EV_search_color
[balanced_delivery_supervisor-24] [INFO] [1789489839.932744685] [robot_1.robot_supervisor]: Selected controllable event: EV_approach_color
[balanced_delivery_supervisor-22] [INFO] [1789489839.944899756] [robot_0.robot_supervisor]: Selected controllable event: EV_search_color
[balanced_delivery_supervisor-20] [INFO] [1789489840.028379175] [robot_2.robot_supervisor]: Selected controllable event: EV_search_object
[balanced_delivery_supervisor-22] [INFO] [1789489840.060643869] [robot_0.robot_supervisor]: Selected controllable event: EV_search_color
[balanced_delivery_supervisor-24] [INFO] [1789489840.148952988] [robot_1.robot_supervisor]: ############################# REACHED: EV_object_reached #############################
[balanced_delivery_supervisor-24] [INFO] [1789489840.162571555] [robot_1.robot_supervisor]: Selected controllable event: EV_move_forward
[balanced_delivery_supervisor-20] [INFO] [1789489840.195092525] [robot_2.robot_supervisor]: Selected controllable event: EV_move_forward
[balanced_delivery_supervisor-22] [INFO] [1789489840.255682246] [robot_0.robot_supervisor]: Triggered uncontrollable event: EV_object_not_visible
[balanced_delivery_supervisor-22] [INFO] [1789489840.266240670] [robot_0.robot_supervisor]: Selected controllable event: EV_search_color
[balanced_delivery_supervisor-24] [INFO] [1789489840.438978473] [robot_1.robot_supervisor]: Selected controllable event: EV_approach_color
[balanced_delivery_supervisor-22] [INFO] [1789489840.462488938] [robot_0.robot_supervisor]: Selected controllable event: EV_approach_object
[balanced_delivery_supervisor-20] [INFO] [1789489840.498710800] [robot_2.robot_supervisor]: Selected controllable event: EV_approach_color
[balanced_delivery_supervisor-24] [INFO] [1789489840.734798749] [robot_1.robot_supervisor]: ############################# REACHED: EV_object_reached #############################
[balanced_delivery_supervisor-24] [INFO] [1789489840.750816708] [robot_1.robot_supervisor]: Selected controllable event: EV_move_forward
[balanced_delivery_supervisor-22] [INFO] [1789489840.759923929] [robot_0.robot_supervisor]: Triggered uncontrollable event: EV_object_not_visible
[balanced_delivery_supervisor-22] [INFO] [1789489840.771866280] [robot_0.robot_supervisor]: Selected controllable event: EV_move_forward
[balanced_delivery_supervisor-20] [INFO] [1789489840.814372079] [robot_2.robot_supervisor]: Selected controllable event: EV_approach_color
[balanced_delivery_supervisor-24] [INFO] [1789489841.050962291] [robot_1.robot_supervisor]: Selected controllable event: EV_approach_color
[balanced_delivery_supervisor-22] [INFO] [1789489841.058833503] [robot_0.robot_supervisor]: Selected controllable event: EV_approach_object
[balanced_delivery_supervisor-20] [INFO] [1789489841.122159085] [robot_2.robot_supervisor]: Selected controllable event: EV_approach_color
[balanced_delivery_supervisor-24] [INFO] [1789489841.341977084] [robot_1.robot_supervisor]: ############################# REACHED: EV_object_reached #############################
[balanced_delivery_supervisor-24] [INFO] [1789489841.342911329] [robot_1.robot_supervisor]: Selected controllable event: EV_search_color
[balanced_delivery_supervisor-22] [INFO] [1789489841.343524886] [robot_0.robot_supervisor]: Selected controllable event: EV_approach_color
[balanced_delivery_supervisor-20] [INFO] [1789489841.409275371] [robot_2.robot_supervisor]: Selected controllable event: EV_search_color
[balanced_delivery_supervisor-24] [INFO] [1789489841.447532799] [robot_1.robot_supervisor]: Selected controllable event: EV_approach_object
[balanced_delivery_supervisor-20] [INFO] [1789489841.602569499] [robot_2.robot_supervisor]: Selected controllable event: EV_approach_object
[balanced_delivery_supervisor-22] [INFO] [1789489841.647558622] [robot_0.robot_supervisor]: Triggered uncontrollable event: EV_object_not_visible
[balanced_delivery_supervisor-22] [INFO] [1789489841.648718670] [robot_0.robot_supervisor]: Selected controllable event: EV_move_forward
[balanced_delivery_supervisor-24] [INFO] [1789489841.743896394] [robot_1.robot_supervisor]: Selected controllable event: EV_move_forward
[balanced_delivery_supervisor-20] [INFO] [1789489841.808889794] [robot_2.robot_supervisor]: Selected controllable event: EV_search_object
[balanced_delivery_supervisor-22] [INFO] [1789489841.859630884] [robot_0.robot_supervisor]: Selected controllable event: EV_search_object
[balanced_delivery_supervisor-20] [INFO] [1789489842.014251027] [robot_2.robot_supervisor]: Selected controllable event: EV_approach_object
[balanced_delivery_supervisor-24] [INFO] [1789489842.036445789] [robot_1.robot_supervisor]: Triggered uncontrollable event: EV_obstacle_left
[balanced_delivery_supervisor-22] [INFO] [1789489842.052041407] [robot_0.robot_supervisor]: Selected controllable event: EV_move_forward
[balanced_delivery_supervisor-24] [INFO] [1789489842.053923914] [robot_1.robot_supervisor]: Selected controllable event: EV_rotate_clockwise
[balanced_delivery_supervisor-24] [INFO] [1789489842.229032264] [robot_1.robot_supervisor]: Triggered uncontrollable event: EV_obstacle_left
[balanced_delivery_supervisor-24] [INFO] [1789489842.229775399] [robot_1.robot_supervisor]: ############################# REACHED: EV_object_reached #############################
[balanced_delivery_supervisor-24] [INFO] [1789489842.247103583] [robot_1.robot_supervisor]: Selected controllable event: EV_u_turn
[balanced_delivery_supervisor-24] [INFO] [1789489842.248056934] [robot_1.robot_supervisor]: Starting FULL ROTATE (omega=1.000, have_odom=True, target_rad=3.142, timeout_s=3.500)
[balanced_delivery_supervisor-22] [INFO] [1789489842.257505691] [robot_0.robot_supervisor]: Triggered uncontrollable event: EV_obstacle_right
[balanced_delivery_supervisor-22] [INFO] [1789489842.261635562] [robot_0.robot_supervisor]: Triggered uncontrollable event: EV_object_not_visible
[balanced_delivery_supervisor-22] [INFO] [1789489842.268585935] [robot_0.robot_supervisor]: Selected controllable event: EV_u_turn
[balanced_delivery_supervisor-22] [INFO] [1789489842.270675480] [robot_0.robot_supervisor]: Starting FULL ROTATE (omega=1.000, have_odom=True, target_rad=3.142, timeout_s=3.500)
[balanced_delivery_supervisor-20] [INFO] [1789489842.299437546] [robot_2.robot_supervisor]: Selected controllable event: EV_move_forward
[balanced_delivery_supervisor-20] [INFO] [1789489842.502892935] [robot_2.robot_supervisor]: Selected controllable event: EV_search_color
[balanced_delivery_supervisor-20] [INFO] [1789489842.615260912] [robot_2.robot_supervisor]: Selected controllable event: EV_search_color
[balanced_delivery_supervisor-20] [INFO] [1789489842.806939938] [robot_2.robot_supervisor]: Selected controllable event: EV_search_color
[balanced_delivery_supervisor-20] [INFO] [1789489843.009971189] [robot_2.robot_supervisor]: Selected controllable event: EV_search_object
[balanced_delivery_supervisor-20] [INFO] [1789489843.218036594] [robot_2.robot_supervisor]: Selected controllable event: EV_approach_color
[balanced_delivery_supervisor-20] [INFO] [1789489843.516102510] [robot_2.robot_supervisor]: Selected controllable event: EV_approach_object
[balanced_delivery_supervisor-20] [INFO] [1789489843.795313343] [robot_2.robot_supervisor]: Selected controllable event: EV_search_color
[balanced_delivery_supervisor-20] [INFO] [1789489844.011863130] [robot_2.robot_supervisor]: Selected controllable event: EV_search_color
[balanced_delivery_supervisor-20] [INFO] [1789489844.131101370] [robot_2.robot_supervisor]: Selected controllable event: EV_approach_color
[balanced_delivery_supervisor-20] [INFO] [1789489844.396468350] [robot_2.robot_supervisor]: Selected controllable event: EV_search_object
[balanced_delivery_supervisor-20] [INFO] [1789489844.506689151] [robot_2.robot_supervisor]: Selected controllable event: EV_approach_object
[balanced_delivery_supervisor-20] [INFO] [1789489844.717256924] [robot_2.robot_supervisor]: Selected controllable event: EV_move_forward
[balanced_delivery_supervisor-20] [INFO] [1789489844.996131757] [robot_2.robot_supervisor]: Selected controllable event: EV_search_color
[balanced_delivery_supervisor-20] [INFO] [1789489845.212179487] [robot_2.robot_supervisor]: Selected controllable event: EV_search_color
[balanced_delivery_supervisor-20] [INFO] [1789489845.394621843] [robot_2.robot_supervisor]: Selected controllable event: EV_search_color
[balanced_delivery_supervisor-20] [INFO] [1789489845.504342855] [robot_2.robot_supervisor]: Selected controllable event: EV_search_color
[balanced_delivery_supervisor-20] [INFO] [1789489845.697655978] [robot_2.robot_supervisor]: Selected controllable event: EV_approach_object
[balanced_delivery_supervisor-24] [INFO] [1789489845.843859724] [robot_1.robot_supervisor]: FULL ROTATE completed by timeout
[balanced_delivery_supervisor-22] [INFO] [1789489845.861985765] [robot_0.robot_supervisor]: FULL ROTATE completed by timeout
[balanced_delivery_supervisor-20] [INFO] [1789489845.999064187] [robot_2.robot_supervisor]: Selected controllable event: EV_approach_color
[balanced_delivery_supervisor-22] [INFO] [1789489846.052910717] [robot_0.robot_supervisor]: ############################# VISIBLE: EV_object_visible #############################
[balanced_delivery_supervisor-22] [INFO] [1789489846.053889083] [robot_0.robot_supervisor]: Selected controllable event: EV_move_forward
[color_detector-29] [INFO] [1789489846.061044831] [robot_0.target_detector]: RGB HEARTBEAT frames_total=190 recent_rate_hz=1.463 last_frame_age_s=0.463 status=OK
[color_detector-31] [INFO] [1789489846.064996716] [robot_1.target_detector]: RGB HEARTBEAT frames_total=190 recent_rate_hz=1.459 last_frame_age_s=0.598 status=OK
[color_detector-27] [WARN] [1789489846.074333305] [robot_2.target_detector]: RGB HEARTBEAT frames_total=0 recent_rate_hz=0.000 last_frame_age_s=inf status=STALE
[balanced_delivery_supervisor-24] [INFO] [1789489846.139642830] [robot_1.robot_supervisor]: ############################# REACHED: EV_object_reached #############################
[balanced_delivery_supervisor-24] [INFO] [1789489846.161332904] [robot_1.robot_supervisor]: Selected controllable event: EV_move_forward
[balanced_delivery_supervisor-20] [INFO] [1789489846.226716399] [robot_2.robot_supervisor]: Selected controllable event: EV_search_object
[balanced_delivery_supervisor-22] [INFO] [1789489846.273351907] [robot_0.robot_supervisor]: Selected controllable event: EV_approach_object
[balanced_delivery_supervisor-20] [INFO] [1789489846.405675392] [robot_2.robot_supervisor]: Selected controllable event: EV_search_color
[balanced_delivery_supervisor-24] [INFO] [1789489846.432016380] [robot_1.robot_supervisor]: ############################# REACHED: EV_object_reached #############################
[balanced_delivery_supervisor-24] [INFO] [1789489846.439506752] [robot_1.robot_supervisor]: Selected controllable event: EV_approach_object
[balanced_delivery_supervisor-22] [INFO] [1789489846.552725746] [robot_0.robot_supervisor]: ############################# VISIBLE: EV_object_visible #############################
[balanced_delivery_supervisor-22] [INFO] [1789489846.553710539] [robot_0.robot_supervisor]: Selected controllable event: EV_move_forward
[balanced_delivery_supervisor-20] [INFO] [1789489846.615272843] [robot_2.robot_supervisor]: Selected controllable event: EV_search_object
[balanced_delivery_supervisor-24] [INFO] [1789489846.748299666] [robot_1.robot_supervisor]: Selected controllable event: EV_approach_color
[balanced_delivery_supervisor-20] [INFO] [1789489846.808524879] [robot_2.robot_supervisor]: Selected controllable event: EV_search_color
[balanced_delivery_supervisor-22] [INFO] [1789489846.854135856] [robot_0.robot_supervisor]: Selected controllable event: EV_approach_object
[balanced_delivery_supervisor-20] [INFO] [1789489847.003872858] [robot_2.robot_supervisor]: Selected controllable event: EV_search_object
[balanced_delivery_supervisor-24] [INFO] [1789489847.044571745] [robot_1.robot_supervisor]: ############################# REACHED: EV_object_reached #############################
[balanced_delivery_supervisor-24] [INFO] [1789489847.060779522] [robot_1.robot_supervisor]: Selected controllable event: EV_approach_object
[balanced_delivery_supervisor-22] [INFO] [1789489847.067756851] [robot_0.robot_supervisor]: ############################# VISIBLE: EV_object_visible #############################
[balanced_delivery_supervisor-22] [INFO] [1789489847.081139749] [robot_0.robot_supervisor]: Selected controllable event: EV_move_forward
[balanced_delivery_supervisor-20] [INFO] [1789489847.107212293] [robot_2.robot_supervisor]: Selected controllable event: EV_search_color
[balanced_delivery_supervisor-20] [INFO] [1789489847.303331922] [robot_2.robot_supervisor]: Selected controllable event: EV_search_color
[balanced_delivery_supervisor-24] [INFO] [1789489847.337648271] [robot_1.robot_supervisor]: Selected controllable event: EV_move_forward
[balanced_delivery_supervisor-22] [INFO] [1789489847.352025032] [robot_0.robot_supervisor]: Selected controllable event: EV_approach_color
[balanced_delivery_supervisor-20] [INFO] [1789489847.417064668] [robot_2.robot_supervisor]: Selected controllable event: EV_search_object
[balanced_delivery_supervisor-24] [INFO] [1789489847.552896362] [robot_1.robot_supervisor]: Selected controllable event: EV_search_color
[balanced_delivery_supervisor-22] [INFO] [1789489847.586342213] [robot_0.robot_supervisor]: Selected controllable event: EV_approach_object
[balanced_delivery_supervisor-20] [INFO] [1789489847.604384464] [robot_2.robot_supervisor]: Selected controllable event: EV_approach_color
[balanced_delivery_supervisor-24] [INFO] [1789489847.741395561] [robot_1.robot_supervisor]: ############################# REACHED: EV_object_reached #############################
[balanced_delivery_supervisor-24] [INFO] [1789489847.748157374] [robot_1.robot_supervisor]: Selected controllable event: EV_approach_color
[balanced_delivery_supervisor-20] [INFO] [1789489847.808617918] [robot_2.robot_supervisor]: Selected controllable event: EV_search_object
[balanced_delivery_supervisor-22] [INFO] [1789489847.870662049] [robot_0.robot_supervisor]: ############################# VISIBLE: EV_object_visible #############################
[balanced_delivery_supervisor-22] [INFO] [1789489847.879949375] [robot_0.robot_supervisor]: Selected controllable event: EV_approach_object
[balanced_delivery_supervisor-20] [INFO] [1789489848.010552303] [robot_2.robot_supervisor]: Selected controllable event: EV_search_object
[balanced_delivery_supervisor-24] [INFO] [1789489848.053370554] [robot_1.robot_supervisor]: Selected controllable event: EV_search_color
[balanced_delivery_supervisor-20] [INFO] [1789489848.114040579] [robot_2.robot_supervisor]: Selected controllable event: EV_approach_object
[balanced_delivery_supervisor-22] [INFO] [1789489848.172149100] [robot_0.robot_supervisor]: Selected controllable event: EV_search_object
[balanced_delivery_supervisor-24] [INFO] [1789489848.256637705] [robot_1.robot_supervisor]: Selected controllable event: EV_approach_object
[balanced_delivery_supervisor-22] [INFO] [1789489848.353821464] [robot_0.robot_supervisor]: Selected controllable event: EV_move_forward
[balanced_delivery_supervisor-20] [INFO] [1789489848.397278609] [robot_2.robot_supervisor]: Selected controllable event: EV_approach_object
[balanced_delivery_supervisor-24] [INFO] [1789489848.539574357] [robot_1.robot_supervisor]: ############################# VISIBLE: EV_object_visible #############################
[balanced_delivery_supervisor-24] [INFO] [1789489848.540604568] [robot_1.robot_supervisor]: Selected controllable event: EV_search_color
[balanced_delivery_supervisor-20] [INFO] [1789489848.616408641] [robot_2.robot_supervisor]: Selected controllable event: EV_approach_object
[balanced_delivery_supervisor-22] [INFO] [1789489848.657580762] [robot_0.robot_supervisor]: ############################# VISIBLE: EV_object_visible #############################
[balanced_delivery_supervisor-22] [INFO] [1789489848.665035123] [robot_0.robot_supervisor]: Selected controllable event: EV_move_forward
[balanced_delivery_supervisor-24] [INFO] [1789489848.746486969] [robot_1.robot_supervisor]: Selected controllable event: EV_approach_color
[balanced_delivery_supervisor-20] [INFO] [1789489848.920223888] [robot_2.robot_supervisor]: Selected controllable event: EV_approach_color
[balanced_delivery_supervisor-22] [INFO] [1789489848.954681234] [robot_0.robot_supervisor]: Selected controllable event: EV_approach_color
[balanced_delivery_supervisor-24] [INFO] [1789489848.961297369] [robot_1.robot_supervisor]: Selected controllable event: EV_search_color
[balanced_delivery_supervisor-24] [INFO] [1789489849.133699823] [robot_1.robot_supervisor]: ############################# VISIBLE: EV_object_visible #############################
[balanced_delivery_supervisor-24] [INFO] [1789489849.134754479] [robot_1.robot_supervisor]: Selected controllable event: EV_search_color
[balanced_delivery_supervisor-22] [INFO] [1789489849.172717456] [robot_0.robot_supervisor]: Triggered uncontrollable event: EV_obstacle_left
[balanced_delivery_supervisor-22] [INFO] [1789489849.184187854] [robot_0.robot_supervisor]: ############################# VISIBLE: EV_object_visible #############################
[balanced_delivery_supervisor-22] [INFO] [1789489849.190936136] [robot_0.robot_supervisor]: Selected controllable event: EV_u_turn
[balanced_delivery_supervisor-20] [INFO] [1789489849.195011251] [robot_2.robot_supervisor]: Selected controllable event: EV_approach_color
[balanced_delivery_supervisor-22] [INFO] [1789489849.203027696] [robot_0.robot_supervisor]: Starting FULL ROTATE (omega=1.000, have_odom=True, target_rad=3.142, timeout_s=3.500)
[balanced_delivery_supervisor-24] [INFO] [1789489849.331537824] [robot_1.robot_supervisor]: Selected controllable event: EV_move_forward
[balanced_delivery_supervisor-20] [INFO] [1789489849.419102168] [robot_2.robot_supervisor]: Selected controllable event: EV_search_object
[balanced_delivery_supervisor-20] [INFO] [1789489849.606842171] [robot_2.robot_supervisor]: Selected controllable event: EV_search_object
[balanced_delivery_supervisor-24] [INFO] [1789489849.661771137] [robot_1.robot_supervisor]: Selected controllable event: EV_search_color
[balanced_delivery_supervisor-20] [INFO] [1789489849.805302649] [robot_2.robot_supervisor]: Selected controllable event: EV_search_color
[balanced_delivery_supervisor-24] [INFO] [1789489849.838239534] [robot_1.robot_supervisor]: ############################# VISIBLE: EV_object_visible #############################
[balanced_delivery_supervisor-24] [INFO] [1789489849.857577731] [robot_1.robot_supervisor]: Selected controllable event: EV_search_object
[balanced_delivery_supervisor-20] [INFO] [1789489849.912040958] [robot_2.robot_supervisor]: Selected controllable event: EV_approach_object
[balanced_delivery_supervisor-24] [INFO] [1789489850.031648180] [robot_1.robot_supervisor]: Selected controllable event: EV_approach_object
[balanced_delivery_supervisor-20] [INFO] [1789489850.124941273] [robot_2.robot_supervisor]: Selected controllable event: EV_approach_color
[balanced_delivery_supervisor-24] [INFO] [1789489850.352990633] [robot_1.robot_supervisor]: Selected controllable event: EV_approach_color
[balanced_delivery_supervisor-20] [INFO] [1789489850.407422210] [robot_2.robot_supervisor]: Selected controllable event: EV_approach_object
[balanced_delivery_supervisor-24] [INFO] [1789489850.670088941] [robot_1.robot_supervisor]: ############################# VISIBLE: EV_object_visible #############################
[balanced_delivery_supervisor-24] [INFO] [1789489850.671283711] [robot_1.robot_supervisor]: Selected controllable event: EV_search_color
[balanced_delivery_supervisor-20] [INFO] [1789489850.699957652] [robot_2.robot_supervisor]: Selected controllable event: EV_search_color
[balanced_delivery_supervisor-24] [INFO] [1789489850.837821166] [robot_1.robot_supervisor]: Selected controllable event: EV_search_color
[balanced_delivery_supervisor-20] [INFO] [1789489850.906425253] [robot_2.robot_supervisor]: Selected controllable event: EV_search_color
[balanced_delivery_supervisor-24] [INFO] [1789489851.042994809] [robot_1.robot_supervisor]: Selected controllable event: EV_search_object
[balanced_delivery_supervisor-20] [INFO] [1789489851.111684393] [robot_2.robot_supervisor]: Selected controllable event: EV_search_color
[balanced_delivery_supervisor-24] [INFO] [1789489851.246077649] [robot_1.robot_supervisor]: ############################# VISIBLE: EV_object_visible #############################
[balanced_delivery_supervisor-24] [INFO] [1789489851.250073435] [robot_1.robot_supervisor]: Selected controllable event: EV_approach_color
[balanced_delivery_supervisor-20] [INFO] [1789489851.313070881] [robot_2.robot_supervisor]: Selected controllable event: EV_move_forward
[balanced_delivery_supervisor-24] [INFO] [1789489851.539502814] [robot_1.robot_supervisor]: Selected controllable event: EV_move_forward
[balanced_delivery_supervisor-20] [INFO] [1789489851.606807650] [robot_2.robot_supervisor]: Selected controllable event: EV_search_color
[balanced_delivery_supervisor-20] [INFO] [1789489851.808422861] [robot_2.robot_supervisor]: Selected controllable event: EV_approach_color
[balanced_delivery_supervisor-24] [INFO] [1789489851.843022956] [robot_1.robot_supervisor]: Selected controllable event: EV_approach_object
[balanced_delivery_supervisor-20] [INFO] [1789489852.023293117] [robot_2.robot_supervisor]: Selected controllable event: EV_approach_object
[balanced_delivery_supervisor-24] [INFO] [1789489852.056893985] [robot_1.robot_supervisor]: Selected controllable event: EV_approach_object
[balanced_delivery_supervisor-20] [INFO] [1789489852.314688410] [robot_2.robot_supervisor]: Selected controllable event: EV_move_forward
[balanced_delivery_supervisor-24] [INFO] [1789489852.348622145] [robot_1.robot_supervisor]: ############################# VISIBLE: EV_object_visible #############################
[balanced_delivery_supervisor-24] [INFO] [1789489852.355760049] [robot_1.robot_supervisor]: Selected controllable event: EV_search_color
[balanced_delivery_supervisor-24] [INFO] [1789489852.532159486] [robot_1.robot_supervisor]: Selected controllable event: EV_move_forward
[balanced_delivery_supervisor-20] [INFO] [1789489852.592252965] [robot_2.robot_supervisor]: Selected controllable event: EV_search_color
[balanced_delivery_supervisor-20] [INFO] [1789489852.709310237] [robot_2.robot_supervisor]: Selected controllable event: EV_approach_color
[balanced_delivery_supervisor-24] [INFO] [1789489852.740399733] [robot_1.robot_supervisor]: Selected controllable event: EV_search_color
[balanced_delivery_supervisor-22] [INFO] [1789489852.749499659] [robot_0.robot_supervisor]: FULL ROTATE completed by timeout
[balanced_delivery_supervisor-24] [INFO] [1789489852.938733153] [robot_1.robot_supervisor]: ############################# VISIBLE: EV_object_visible #############################
[balanced_delivery_supervisor-24] [INFO] [1789489852.947951350] [robot_1.robot_supervisor]: Selected controllable event: EV_search_object
[balanced_delivery_supervisor-22] [INFO] [1789489852.951337180] [robot_0.robot_supervisor]: ############################# VISIBLE: EV_object_visible #############################
[balanced_delivery_supervisor-22] [INFO] [1789489852.963579020] [robot_0.robot_supervisor]: Selected controllable event: EV_search_color
[balanced_delivery_supervisor-20] [INFO] [1789489852.992415096] [robot_2.robot_supervisor]: Selected controllable event: EV_search_object
[balanced_delivery_supervisor-20] [INFO] [1789489853.131049120] [robot_2.robot_supervisor]: Selected controllable event: EV_approach_color
[balanced_delivery_supervisor-24] [INFO] [1789489853.158802884] [robot_1.robot_supervisor]: Selected controllable event: EV_approach_color
[balanced_delivery_supervisor-22] [INFO] [1789489853.162119725] [robot_0.robot_supervisor]: Selected controllable event: EV_search_color
[balanced_delivery_supervisor-22] [INFO] [1789489853.369998305] [robot_0.robot_supervisor]: Selected controllable event: EV_approach_object
[balanced_delivery_supervisor-20] [INFO] [1789489853.396156827] [robot_2.robot_supervisor]: Selected controllable event: EV_search_color
[color_detector-29] [INFO] [1789489853.434430893] [robot_0.target_detector]: RGB HEARTBEAT frames_total=200 recent_rate_hz=1.357 last_frame_age_s=0.564 status=OK
[color_detector-27] [WARN] [1789489853.442586925] [robot_2.target_detector]: RGB HEARTBEAT frames_total=0 recent_rate_hz=0.000 last_frame_age_s=inf status=STALE
[balanced_delivery_supervisor-24] [INFO] [1789489853.450284228] [robot_1.robot_supervisor]: Selected controllable event: EV_move_forward
[color_detector-31] [INFO] [1789489853.456081414] [robot_1.target_detector]: RGB HEARTBEAT frames_total=200 recent_rate_hz=1.349 last_frame_age_s=0.692 status=OK
[balanced_delivery_supervisor-20] [INFO] [1789489853.513636075] [robot_2.robot_supervisor]: Selected controllable event: EV_approach_object
[balanced_delivery_supervisor-22] [INFO] [1789489853.659006179] [robot_0.robot_supervisor]: Selected controllable event: EV_approach_object
[balanced_delivery_supervisor-24] [INFO] [1789489853.759924611] [robot_1.robot_supervisor]: ############################# VISIBLE: EV_object_visible #############################
[balanced_delivery_supervisor-24] [INFO] [1789489853.769375642] [robot_1.robot_supervisor]: Selected controllable event: EV_search_color
[balanced_delivery_supervisor-20] [INFO] [1789489853.817546048] [robot_2.robot_supervisor]: Selected controllable event: EV_approach_color
[balanced_delivery_supervisor-24] [INFO] [1789489853.949053790] [robot_1.robot_supervisor]: Selected controllable event: EV_move_forward
[balanced_delivery_supervisor-22] [INFO] [1789489853.968003576] [robot_0.robot_supervisor]: ############################# VISIBLE: EV_object_visible #############################
[balanced_delivery_supervisor-22] [INFO] [1789489853.973151039] [robot_0.robot_supervisor]: Selected controllable event: EV_approach_color
[balanced_delivery_supervisor-20] [INFO] [1789489854.108367853] [robot_2.robot_supervisor]: Selected controllable event: EV_search_object
[balanced_delivery_supervisor-24] [INFO] [1789489854.151548388] [robot_1.robot_supervisor]: Selected controllable event: EV_search_color
[balanced_delivery_supervisor-22] [INFO] [1789489854.262837007] [robot_0.robot_supervisor]: Selected controllable event: EV_move_forward
[balanced_delivery_supervisor-20] [INFO] [1789489854.299789401] [robot_2.robot_supervisor]: Selected controllable event: EV_approach_object
[balanced_delivery_supervisor-24] [INFO] [1789489854.353119534] [robot_1.robot_supervisor]: Triggered uncontrollable event: EV_object_not_visible
[balanced_delivery_supervisor-24] [INFO] [1789489854.354134852] [robot_1.robot_supervisor]: Selected controllable event: EV_move_forward
[balanced_delivery_supervisor-22] [INFO] [1789489854.556720270] [robot_0.robot_supervisor]: ############################# VISIBLE: EV_object_visible #############################
[balanced_delivery_supervisor-22] [INFO] [1789489854.566968444] [robot_0.robot_supervisor]: Selected controllable event: EV_search_color
[balanced_delivery_supervisor-20] [INFO] [1789489854.612024807] [robot_2.robot_supervisor]: Selected controllable event: EV_move_forward
[balanced_delivery_supervisor-24] [INFO] [1789489854.642192085] [robot_1.robot_supervisor]: Selected controllable event: EV_search_color
[balanced_delivery_supervisor-22] [INFO] [1789489854.766374719] [robot_0.robot_supervisor]: Selected controllable event: EV_search_object
[balanced_delivery_supervisor-24] [INFO] [1789489854.829129111] [robot_1.robot_supervisor]: Selected controllable event: EV_approach_object
[balanced_delivery_supervisor-20] [INFO] [1789489854.923110946] [robot_2.robot_supervisor]: Selected controllable event: EV_approach_object
[balanced_delivery_supervisor-22] [INFO] [1789489854.954375165] [robot_0.robot_supervisor]: Selected controllable event: EV_search_object
[balanced_delivery_supervisor-24] [INFO] [1789489855.045109254] [robot_1.robot_supervisor]: Triggered uncontrollable event: EV_object_not_visible
[balanced_delivery_supervisor-24] [INFO] [1789489855.046237339] [robot_1.robot_supervisor]: Selected controllable event: EV_approach_object
[balanced_delivery_supervisor-22] [INFO] [1789489855.158081266] [robot_0.robot_supervisor]: ############################# VISIBLE: EV_object_visible #############################
[balanced_delivery_supervisor-22] [INFO] [1789489855.167421099] [robot_0.robot_supervisor]: Selected controllable event: EV_search_color
[balanced_delivery_supervisor-20] [INFO] [1789489855.208141388] [robot_2.robot_supervisor]: Selected controllable event: EV_approach_color
[balanced_delivery_supervisor-24] [INFO] [1789489855.267629922] [robot_1.robot_supervisor]: Selected controllable event: EV_move_forward
[balanced_delivery_supervisor-22] [INFO] [1789489855.361173214] [robot_0.robot_supervisor]: Selected controllable event: EV_approach_object
[balanced_delivery_supervisor-20] [INFO] [1789489855.515124325] [robot_2.robot_supervisor]: Selected controllable event: EV_approach_color
[balanced_delivery_supervisor-24] [INFO] [1789489855.549056078] [robot_1.robot_supervisor]: Selected controllable event: EV_approach_object
[balanced_delivery_supervisor-22] [INFO] [1789489855.654762951] [robot_0.robot_supervisor]: Selected controllable event: EV_search_object
[balanced_delivery_supervisor-20] [INFO] [1789489855.792341870] [robot_2.robot_supervisor]: Selected controllable event: EV_approach_object
[balanced_delivery_supervisor-24] [INFO] [1789489855.857618946] [robot_1.robot_supervisor]: Triggered uncontrollable event: EV_object_not_visible
[balanced_delivery_supervisor-22] [INFO] [1789489855.861025177] [robot_0.robot_supervisor]: ############################# VISIBLE: EV_object_visible #############################
[balanced_delivery_supervisor-22] [INFO] [1789489855.862086297] [robot_0.robot_supervisor]: Selected controllable event: EV_search_color
[balanced_delivery_supervisor-24] [INFO] [1789489855.870147492] [robot_1.robot_supervisor]: Selected controllable event: EV_approach_object
[balanced_delivery_supervisor-20] [INFO] [1789489856.006919059] [robot_2.robot_supervisor]: Selected controllable event: EV_search_object
[balanced_delivery_supervisor-22] [INFO] [1789489856.073908163] [robot_0.robot_supervisor]: Selected controllable event: EV_approach_object
[balanced_delivery_supervisor-24] [INFO] [1789489856.149895208] [robot_1.robot_supervisor]: Selected controllable event: EV_approach_color
[balanced_delivery_supervisor-20] [INFO] [1789489856.201364090] [robot_2.robot_supervisor]: Selected controllable event: EV_approach_object
[balanced_delivery_supervisor-22] [INFO] [1789489856.378999564] [robot_0.robot_supervisor]: Selected controllable event: EV_move_forward
[balanced_delivery_supervisor-24] [INFO] [1789489856.446579374] [robot_1.robot_supervisor]: Selected controllable event: EV_search_object
[balanced_delivery_supervisor-20] [INFO] [1789489856.492686475] [robot_2.robot_supervisor]: Selected controllable event: EV_approach_object
[balanced_delivery_supervisor-24] [INFO] [1789489856.630347816] [robot_1.robot_supervisor]: Triggered uncontrollable event: EV_object_not_visible
[balanced_delivery_supervisor-24] [INFO] [1789489856.631392965] [robot_1.robot_supervisor]: Selected controllable event: EV_approach_object
[balanced_delivery_supervisor-22] [INFO] [1789489856.665725602] [robot_0.robot_supervisor]: Triggered uncontrollable event: EV_object_not_visible
[balanced_delivery_supervisor-22] [INFO] [1789489856.671937233] [robot_0.robot_supervisor]: Selected controllable event: EV_move_forward
[balanced_delivery_supervisor-20] [INFO] [1789489856.708083629] [robot_2.robot_supervisor]: Selected controllable event: EV_search_object
[balanced_delivery_supervisor-24] [INFO] [1789489856.870635241] [robot_1.robot_supervisor]: Selected controllable event: EV_search_object
[balanced_delivery_supervisor-20] [INFO] [1789489856.908735650] [robot_2.robot_supervisor]: Selected controllable event: EV_approach_color
[balanced_delivery_supervisor-22] [INFO] [1789489856.971055752] [robot_0.robot_supervisor]: Selected controllable event: EV_search_object
[balanced_delivery_supervisor-24] [INFO] [1789489857.048810169] [robot_1.robot_supervisor]: Selected controllable event: EV_move_forward
[balanced_delivery_supervisor-20] [INFO] [1789489857.118085284] [robot_2.robot_supervisor]: Selected controllable event: EV_move_forward
[balanced_delivery_supervisor-22] [INFO] [1789489857.154987618] [robot_0.robot_supervisor]: Selected controllable event: EV_move_forward
[balanced_delivery_supervisor-22] [INFO] [1789489857.366029723] [robot_0.robot_supervisor]: Triggered uncontrollable event: EV_object_not_visible
[balanced_delivery_supervisor-22] [INFO] [1789489857.372391740] [robot_0.robot_supervisor]: Selected controllable event: EV_search_color
[balanced_delivery_supervisor-24] [INFO] [1789489857.376603471] [robot_1.robot_supervisor]: Triggered uncontrollable event: EV_obstacle_right
[balanced_delivery_supervisor-24] [INFO] [1789489857.377563800] [robot_1.robot_supervisor]: Triggered uncontrollable event: EV_object_not_visible
[balanced_delivery_supervisor-24] [INFO] [1789489857.378676747] [robot_1.robot_supervisor]: Selected controllable event: EV_rotate_counterclockwise
[balanced_delivery_supervisor-20] [INFO] [1789489857.416826103] [robot_2.robot_supervisor]: Selected controllable event: EV_search_object
[balanced_delivery_supervisor-24] [INFO] [1789489857.552353277] [robot_1.robot_supervisor]: Triggered uncontrollable event: EV_obstacle_right
[balanced_delivery_supervisor-24] [INFO] [1789489857.553446581] [robot_1.robot_supervisor]: Selected controllable event: EV_u_turn
[balanced_delivery_supervisor-22] [INFO] [1789489857.557710731] [robot_0.robot_supervisor]: Selected controllable event: EV_approach_object
[balanced_delivery_supervisor-24] [INFO] [1789489857.567498959] [robot_1.robot_supervisor]: Starting FULL ROTATE (omega=1.000, have_odom=True, target_rad=3.142, timeout_s=3.500)
[balanced_delivery_supervisor-20] [INFO] [1789489857.611091296] [robot_2.robot_supervisor]: Selected controllable event: EV_approach_object
[balanced_delivery_supervisor-20] [INFO] [1789489857.822410980] [robot_2.robot_supervisor]: Selected controllable event: EV_approach_object
[balanced_delivery_supervisor-22] [INFO] [1789489857.892575211] [robot_0.robot_supervisor]: Selected controllable event: EV_move_forward
[balanced_delivery_supervisor-20] [INFO] [1789489858.099408012] [robot_2.robot_supervisor]: Selected controllable event: EV_approach_color
[balanced_delivery_supervisor-22] [INFO] [1789489858.168487679] [robot_0.robot_supervisor]: Triggered uncontrollable event: EV_object_not_visible
[balanced_delivery_supervisor-22] [INFO] [1789489858.169578521] [robot_0.robot_supervisor]: Selected controllable event: EV_approach_color
[balanced_delivery_supervisor-20] [INFO] [1789489858.311830641] [robot_2.robot_supervisor]: Selected controllable event: EV_approach_color
[balanced_delivery_supervisor-22] [INFO] [1789489858.482217296] [robot_0.robot_supervisor]: Selected controllable event: EV_move_forward
[balanced_delivery_supervisor-20] [INFO] [1789489858.602213274] [robot_2.robot_supervisor]: Selected controllable event: EV_search_color
[balanced_delivery_supervisor-20] [INFO] [1789489858.709507852] [robot_2.robot_supervisor]: Selected controllable event: EV_search_object
[balanced_delivery_supervisor-22] [INFO] [1789489858.747133899] [robot_0.robot_supervisor]: Selected controllable event: EV_approach_color
[balanced_delivery_supervisor-20] [INFO] [1789489858.915772498] [robot_2.robot_supervisor]: Selected controllable event: EV_move_forward
[balanced_delivery_supervisor-22] [INFO] [1789489858.964005511] [robot_0.robot_supervisor]: Triggered uncontrollable event: EV_obstacle_right
[balanced_delivery_supervisor-22] [INFO] [1789489858.964910226] [robot_0.robot_supervisor]: Triggered uncontrollable event: EV_object_not_visible
[balanced_delivery_supervisor-22] [INFO] [1789489858.982082298] [robot_0.robot_supervisor]: Selected controllable event: EV_rotate_counterclockwise
[balanced_delivery_supervisor-22] [INFO] [1789489859.171103518] [robot_0.robot_supervisor]: Triggered uncontrollable event: EV_obstacle_right
[balanced_delivery_supervisor-22] [INFO] [1789489859.181440641] [robot_0.robot_supervisor]: Selected controllable event: EV_u_turn
[balanced_delivery_supervisor-22] [INFO] [1789489859.182486462] [robot_0.robot_supervisor]: Starting FULL ROTATE (omega=1.000, have_odom=True, target_rad=3.142, timeout_s=3.500)
[balanced_delivery_supervisor-20] [INFO] [1789489859.211678083] [robot_2.robot_supervisor]: Selected controllable event: EV_move_forward
[balanced_delivery_supervisor-20] [INFO] [1789489859.496202006] [robot_2.robot_supervisor]: Selected controllable event: EV_approach_color
[balanced_delivery_supervisor-20] [INFO] [1789489859.808322503] [robot_2.robot_supervisor]: Selected controllable event: EV_search_color
[balanced_delivery_supervisor-20] [INFO] [1789489860.004769563] [robot_2.robot_supervisor]: Selected controllable event: EV_move_forward
[balanced_delivery_supervisor-20] [INFO] [1789489860.226895085] [robot_2.robot_supervisor]: Selected controllable event: EV_search_color
[balanced_delivery_supervisor-20] [INFO] [1789489860.401275717] [robot_2.robot_supervisor]: Selected controllable event: EV_approach_color
[color_detector-29] [INFO] [1789489860.684074060] [robot_0.target_detector]: RGB HEARTBEAT frames_total=210 recent_rate_hz=1.379 last_frame_age_s=0.334 status=OK
[color_detector-31] [INFO] [1789489860.687460140] [robot_1.target_detector]: RGB HEARTBEAT frames_total=210 recent_rate_hz=1.383 last_frame_age_s=0.503 status=OK
[color_detector-27] [WARN] [1789489860.703505294] [robot_2.target_detector]: RGB HEARTBEAT frames_total=0 recent_rate_hz=0.000 last_frame_age_s=inf status=STALE
[balanced_delivery_supervisor-20] [INFO] [1789489860.711900690] [robot_2.robot_supervisor]: Selected controllable event: EV_search_color
[balanced_delivery_supervisor-20] [INFO] [1789489860.904432757] [robot_2.robot_supervisor]: Selected controllable event: EV_move_forward
[balanced_delivery_supervisor-24] [INFO] [1789489861.145426213] [robot_1.robot_supervisor]: FULL ROTATE completed by timeout
[balanced_delivery_supervisor-20] [INFO] [1789489861.208352772] [robot_2.robot_supervisor]: Selected controllable event: EV_approach_color
[balanced_delivery_supervisor-24] [INFO] [1789489861.367436629] [robot_1.robot_supervisor]: ############################# VISIBLE: EV_object_visible #############################
[balanced_delivery_supervisor-24] [INFO] [1789489861.368608734] [robot_1.robot_supervisor]: Selected controllable event: EV_approach_object
[balanced_delivery_supervisor-20] [INFO] [1789489861.506637350] [robot_2.robot_supervisor]: Selected controllable event: EV_search_object
[balanced_delivery_supervisor-24] [INFO] [1789489861.641157790] [robot_1.robot_supervisor]: ############################# VISIBLE: EV_object_visible #############################
[balanced_delivery_supervisor-24] [INFO] [1789489861.649240571] [robot_1.robot_supervisor]: Selected controllable event: EV_search_object
[balanced_delivery_supervisor-20] [INFO] [1789489861.707179814] [robot_2.robot_supervisor]: Selected controllable event: EV_approach_object
[balanced_delivery_supervisor-24] [INFO] [1789489861.851699902] [robot_1.robot_supervisor]: Selected controllable event: EV_search_object
[balanced_delivery_supervisor-20] [INFO] [1789489861.925005077] [robot_2.robot_supervisor]: Selected controllable event: EV_search_color
[balanced_delivery_supervisor-24] [INFO] [1789489862.058416189] [robot_1.robot_supervisor]: Selected controllable event: EV_search_object
[balanced_delivery_supervisor-20] [INFO] [1789489862.112195036] [robot_2.robot_supervisor]: Selected controllable event: EV_search_object
[balanced_delivery_supervisor-24] [INFO] [1789489862.230550853] [robot_1.robot_supervisor]: Selected controllable event: EV_search_color
[balanced_delivery_supervisor-20] [INFO] [1789489862.319484438] [robot_2.robot_supervisor]: Selected controllable event: EV_approach_object
[balanced_delivery_supervisor-24] [INFO] [1789489862.364687748] [robot_1.robot_supervisor]: Selected controllable event: EV_move_forward
[balanced_delivery_supervisor-20] [INFO] [1789489862.612841110] [robot_2.robot_supervisor]: Selected controllable event: EV_search_color
[balanced_delivery_supervisor-24] [INFO] [1789489862.644932624] [robot_1.robot_supervisor]: ############################# VISIBLE: EV_object_visible #############################
[balanced_delivery_supervisor-24] [INFO] [1789489862.646134563] [robot_1.robot_supervisor]: Selected controllable event: EV_move_forward
[balanced_delivery_supervisor-22] [INFO] [1789489862.763432938] [robot_0.robot_supervisor]: FULL ROTATE completed by timeout
[balanced_delivery_supervisor-20] [INFO] [1789489862.800340927] [robot_2.robot_supervisor]: Selected controllable event: EV_approach_object
[balanced_delivery_supervisor-24] [INFO] [1789489862.954537819] [robot_1.robot_supervisor]: Selected controllable event: EV_search_color
[balanced_delivery_supervisor-22] [INFO] [1789489862.976359919] [robot_0.robot_supervisor]: ############################# VISIBLE: EV_object_visible #############################
[balanced_delivery_supervisor-22] [INFO] [1789489862.977703576] [robot_0.robot_supervisor]: Selected controllable event: EV_approach_object
[balanced_delivery_supervisor-20] [INFO] [1789489863.106684343] [robot_2.robot_supervisor]: Selected controllable event: EV_move_forward
[balanced_delivery_supervisor-24] [INFO] [1789489863.144297930] [robot_1.robot_supervisor]: Selected controllable event: EV_approach_object
[balanced_delivery_supervisor-22] [INFO] [1789489863.269405599] [robot_0.robot_supervisor]: ############################# VISIBLE: EV_object_visible #############################
[balanced_delivery_supervisor-22] [INFO] [1789489863.270637831] [robot_0.robot_supervisor]: Selected controllable event: EV_approach_color
[balanced_delivery_supervisor-20] [INFO] [1789489863.339943250] [robot_2.robot_supervisor]: Selected controllable event: EV_approach_color
[balanced_delivery_supervisor-24] [INFO] [1789489863.454117553] [robot_1.robot_supervisor]: ############################# VISIBLE: EV_object_visible #############################
[balanced_delivery_supervisor-24] [INFO] [1789489863.455254497] [robot_1.robot_supervisor]: Selected controllable event: EV_approach_object
[balanced_delivery_supervisor-22] [INFO] [1789489863.563414777] [robot_0.robot_supervisor]: Selected controllable event: EV_move_forward
[balanced_delivery_supervisor-20] [INFO] [1789489863.612096286] [robot_2.robot_supervisor]: Selected controllable event: EV_search_object
[balanced_delivery_supervisor-24] [INFO] [1789489863.740403528] [robot_1.robot_supervisor]: Selected controllable event: EV_search_object
[balanced_delivery_supervisor-20] [INFO] [1789489863.806463647] [robot_2.robot_supervisor]: Selected controllable event: EV_approach_color
[balanced_delivery_supervisor-24] [INFO] [1789489863.870557815] [robot_1.robot_supervisor]: Selected controllable event: EV_approach_color
[balanced_delivery_supervisor-22] [INFO] [1789489863.878055921] [robot_0.robot_supervisor]: Selected controllable event: EV_approach_color
[balanced_delivery_supervisor-20] [INFO] [1789489864.118395884] [robot_2.robot_supervisor]: Selected controllable event: EV_approach_color
[balanced_delivery_supervisor-22] [INFO] [1789489864.146381845] [robot_0.robot_supervisor]: ############################# VISIBLE: EV_object_visible #############################
[balanced_delivery_supervisor-24] [INFO] [1789489864.152777441] [robot_1.robot_supervisor]: ############################# VISIBLE: EV_object_visible #############################
[balanced_delivery_supervisor-22] [INFO] [1789489864.161956737] [robot_0.robot_supervisor]: Selected controllable event: EV_approach_object
[balanced_delivery_supervisor-24] [INFO] [1789489864.172002998] [robot_1.robot_supervisor]: Selected controllable event: EV_search_color
[balanced_delivery_supervisor-24] [INFO] [1789489864.363784141] [robot_1.robot_supervisor]: Selected controllable event: EV_search_object
[balanced_delivery_supervisor-20] [INFO] [1789489864.409993569] [robot_2.robot_supervisor]: Selected controllable event: EV_approach_color
[balanced_delivery_supervisor-22] [INFO] [1789489864.455937320] [robot_0.robot_supervisor]: Selected controllable event: EV_approach_object
[balanced_delivery_supervisor-24] [INFO] [1789489864.550389714] [robot_1.robot_supervisor]: Selected controllable event: EV_search_color
[balanced_delivery_supervisor-20] [INFO] [1789489864.694220828] [robot_2.robot_supervisor]: Selected controllable event: EV_approach_color
[balanced_delivery_supervisor-22] [INFO] [1789489864.744795878] [robot_0.robot_supervisor]: Selected controllable event: EV_search_color
[balanced_delivery_supervisor-24] [INFO] [1789489864.752903631] [robot_1.robot_supervisor]: ############################# VISIBLE: EV_object_visible #############################
[balanced_delivery_supervisor-24] [INFO] [1789489864.753997126] [robot_1.robot_supervisor]: Selected controllable event: EV_search_object
[balanced_delivery_supervisor-22] [INFO] [1789489864.866128824] [robot_0.robot_supervisor]: ############################# VISIBLE: EV_object_visible #############################
[balanced_delivery_supervisor-22] [INFO] [1789489864.871726680] [robot_0.robot_supervisor]: Selected controllable event: EV_approach_object
[balanced_delivery_supervisor-24] [INFO] [1789489864.945122503] [robot_1.robot_supervisor]: Selected controllable event: EV_search_color
[balanced_delivery_supervisor-20] [INFO] [1789489865.002206784] [robot_2.robot_supervisor]: Selected controllable event: EV_search_color
[balanced_delivery_supervisor-24] [INFO] [1789489865.134744868] [robot_1.robot_supervisor]: Selected controllable event: EV_search_color
[balanced_delivery_supervisor-22] [INFO] [1789489865.157344144] [robot_0.robot_supervisor]: Selected controllable event: EV_move_forward
[balanced_delivery_supervisor-20] [INFO] [1789489865.215245329] [robot_2.robot_supervisor]: Selected controllable event: EV_approach_color
[balanced_delivery_supervisor-24] [INFO] [1789489865.335474954] [robot_1.robot_supervisor]: Selected controllable event: EV_approach_color
[balanced_delivery_supervisor-22] [INFO] [1789489865.359059760] [robot_0.robot_supervisor]: Selected controllable event: EV_search_object
[balanced_delivery_supervisor-20] [INFO] [1789489865.509141632] [robot_2.robot_supervisor]: Selected controllable event: EV_move_forward
[balanced_delivery_supervisor-22] [INFO] [1789489865.573585462] [robot_0.robot_supervisor]: ############################# VISIBLE: EV_object_visible #############################
[balanced_delivery_supervisor-22] [INFO] [1789489865.574883166] [robot_0.robot_supervisor]: Selected controllable event: EV_move_forward
[balanced_delivery_supervisor-24] [INFO] [1789489865.656618887] [robot_1.robot_supervisor]: ############################# VISIBLE: EV_object_visible #############################
[balanced_delivery_supervisor-24] [INFO] [1789489865.668965147] [robot_1.robot_supervisor]: Selected controllable event: EV_search_color
[balanced_delivery_supervisor-20] [INFO] [1789489865.726690161] [robot_2.robot_supervisor]: Selected controllable event: EV_move_forward
[balanced_delivery_supervisor-24] [INFO] [1789489865.840973043] [robot_1.robot_supervisor]: Selected controllable event: EV_move_forward
[balanced_delivery_supervisor-22] [INFO] [1789489865.860635034] [robot_0.robot_supervisor]: Selected controllable event: EV_search_object
[balanced_delivery_supervisor-20] [INFO] [1789489865.996809499] [robot_2.robot_supervisor]: Selected controllable event: EV_search_color
[balanced_delivery_supervisor-22] [INFO] [1789489866.072686085] [robot_0.robot_supervisor]: Selected controllable event: EV_search_object
[balanced_delivery_supervisor-24] [INFO] [1789489866.156788386] [robot_1.robot_supervisor]: ############################# VISIBLE: EV_object_visible #############################
[balanced_delivery_supervisor-24] [INFO] [1789489866.157786490] [robot_1.robot_supervisor]: Selected controllable event: EV_move_forward
[balanced_delivery_supervisor-20] [INFO] [1789489866.207693071] [robot_2.robot_supervisor]: Selected controllable event: EV_move_forward
[balanced_delivery_supervisor-22] [INFO] [1789489866.261221002] [robot_0.robot_supervisor]: Selected controllable event: EV_move_forward
[balanced_delivery_supervisor-24] [INFO] [1789489866.441543532] [robot_1.robot_supervisor]: Selected controllable event: EV_approach_object
[balanced_delivery_supervisor-20] [INFO] [1789489866.513089640] [robot_2.robot_supervisor]: Selected controllable event: EV_search_object
[balanced_delivery_supervisor-22] [INFO] [1789489866.556010026] [robot_0.robot_supervisor]: ############################# VISIBLE: EV_object_visible #############################
[balanced_delivery_supervisor-22] [INFO] [1789489866.568211700] [robot_0.robot_supervisor]: Selected controllable event: EV_approach_object
[balanced_delivery_supervisor-20] [INFO] [1789489866.708925321] [robot_2.robot_supervisor]: Selected controllable event: EV_move_forward
[balanced_delivery_supervisor-24] [INFO] [1789489866.748265282] [robot_1.robot_supervisor]: Selected controllable event: EV_approach_color
[balanced_delivery_supervisor-22] [INFO] [1789489866.850809515] [robot_0.robot_supervisor]: Selected controllable event: EV_approach_color
[balanced_delivery_supervisor-24] [INFO] [1789489866.954275545] [robot_1.robot_supervisor]: ############################# VISIBLE: EV_object_visible #############################
[balanced_delivery_supervisor-24] [INFO] [1789489866.955223830] [robot_1.robot_supervisor]: Selected controllable event: EV_approach_object
[balanced_delivery_supervisor-20] [INFO] [1789489867.013028291] [robot_2.robot_supervisor]: Selected controllable event: EV_approach_color
[balanced_delivery_supervisor-22] [INFO] [1789489867.172715671] [robot_0.robot_supervisor]: ############################# VISIBLE: EV_object_visible #############################
[balanced_delivery_supervisor-22] [INFO] [1789489867.173720623] [robot_0.robot_supervisor]: Selected controllable event: EV_search_color
[balanced_delivery_supervisor-24] [INFO] [1789489867.239631755] [robot_1.robot_supervisor]: Selected controllable event: EV_approach_color
[balanced_delivery_supervisor-20] [INFO] [1789489867.297645614] [robot_2.robot_supervisor]: Selected controllable event: EV_approach_color
[balanced_delivery_supervisor-22] [INFO] [1789489867.352918556] [robot_0.robot_supervisor]: Selected controllable event: EV_search_color
[balanced_delivery_supervisor-24] [INFO] [1789489867.534514420] [robot_1.robot_supervisor]: ############################# VISIBLE: EV_object_visible #############################
[balanced_delivery_supervisor-24] [INFO] [1789489867.557536817] [robot_1.robot_supervisor]: Selected controllable event: EV_approach_color
[balanced_delivery_supervisor-22] [INFO] [1789489867.561314882] [robot_0.robot_supervisor]: Triggered uncontrollable event: EV_obstacle_right
[balanced_delivery_supervisor-22] [INFO] [1789489867.584545005] [robot_0.robot_supervisor]: Selected controllable event: EV_rotate_counterclockwise
[balanced_delivery_supervisor-20] [INFO] [1789489867.613968490] [robot_2.robot_supervisor]: Selected controllable event: EV_search_object
[balanced_delivery_supervisor-22] [INFO] [1789489867.781956148] [robot_0.robot_supervisor]: Triggered uncontrollable event: EV_obstacle_right
[balanced_delivery_supervisor-22] [INFO] [1789489867.782724523] [robot_0.robot_supervisor]: ############################# REACHED: EV_object_reached #############################
[balanced_delivery_supervisor-22] [INFO] [1789489867.783575477] [robot_0.robot_supervisor]: Selected controllable event: EV_u_turn
[balanced_delivery_supervisor-22] [INFO] [1789489867.784425460] [robot_0.robot_supervisor]: Starting FULL ROTATE (omega=1.000, have_odom=True, target_rad=3.142, timeout_s=3.500)
[balanced_delivery_supervisor-20] [INFO] [1789489867.799806384] [robot_2.robot_supervisor]: Selected controllable event: EV_approach_object
[balanced_delivery_supervisor-24] [INFO] [1789489867.845319820] [robot_1.robot_supervisor]: Selected controllable event: EV_move_forward
[color_detector-31] [INFO] [1789489867.906054134] [robot_1.target_detector]: RGB HEARTBEAT frames_total=220 recent_rate_hz=1.386 last_frame_age_s=0.500 status=OK
[color_detector-29] [INFO] [1789489867.916381412] [robot_0.target_detector]: RGB HEARTBEAT frames_total=220 recent_rate_hz=1.384 last_frame_age_s=0.388 status=OK
[color_detector-27] [WARN] [1789489867.920479020] [robot_2.target_detector]: RGB HEARTBEAT frames_total=0 recent_rate_hz=0.000 last_frame_age_s=inf status=STALE
[balanced_delivery_supervisor-20] [INFO] [1789489868.095661119] [robot_2.robot_supervisor]: Selected controllable event: EV_approach_object
[balanced_delivery_supervisor-24] [INFO] [1789489868.164631972] [robot_1.robot_supervisor]: ############################# VISIBLE: EV_object_visible #############################
[balanced_delivery_supervisor-24] [INFO] [1789489868.165701531] [robot_1.robot_supervisor]: Selected controllable event: EV_approach_color
[balanced_delivery_supervisor-20] [INFO] [1789489868.308834137] [robot_2.robot_supervisor]: Selected controllable event: EV_move_forward
[balanced_delivery_supervisor-24] [INFO] [1789489868.441124916] [robot_1.robot_supervisor]: Selected controllable event: EV_approach_object
[balanced_delivery_supervisor-20] [INFO] [1789489868.597269736] [robot_2.robot_supervisor]: Selected controllable event: EV_search_object
[balanced_delivery_supervisor-24] [INFO] [1789489868.730501897] [robot_1.robot_supervisor]: Selected controllable event: EV_approach_color
[balanced_delivery_supervisor-20] [INFO] [1789489868.803536948] [robot_2.robot_supervisor]: Selected controllable event: EV_move_forward
[balanced_delivery_supervisor-24] [INFO] [1789489868.938629128] [robot_1.robot_supervisor]: ############################# VISIBLE: EV_object_visible #############################
[balanced_delivery_supervisor-24] [INFO] [1789489868.939597477] [robot_1.robot_supervisor]: Selected controllable event: EV_approach_color
[balanced_delivery_supervisor-20] [INFO] [1789489869.107786544] [robot_2.robot_supervisor]: Selected controllable event: EV_search_color
[balanced_delivery_supervisor-24] [INFO] [1789489869.251550770] [robot_1.robot_supervisor]: Selected controllable event: EV_approach_object
[balanced_delivery_supervisor-20] [INFO] [1789489869.305230550] [robot_2.robot_supervisor]: Selected controllable event: EV_approach_object
[balanced_delivery_supervisor-24] [INFO] [1789489869.545669007] [robot_1.robot_supervisor]: Triggered uncontrollable event: EV_obstacle_left
[balanced_delivery_supervisor-24] [INFO] [1789489869.562394836] [robot_1.robot_supervisor]: ############################# REACHED: EV_object_reached #############################
[balanced_delivery_supervisor-24] [INFO] [1789489869.563312693] [robot_1.robot_supervisor]: Selected controllable event: EV_u_turn
[balanced_delivery_supervisor-24] [INFO] [1789489869.564173147] [robot_1.robot_supervisor]: Starting FULL ROTATE (omega=1.000, have_odom=True, target_rad=3.142, timeout_s=3.500)
[balanced_delivery_supervisor-20] [INFO] [1789489869.604381714] [robot_2.robot_supervisor]: Selected controllable event: EV_search_color
[balanced_delivery_supervisor-20] [INFO] [1789489869.716460986] [robot_2.robot_supervisor]: Selected controllable event: EV_move_forward
[balanced_delivery_supervisor-20] [INFO] [1789489870.017443045] [robot_2.robot_supervisor]: Selected controllable event: EV_approach_color
[balanced_delivery_supervisor-20] [INFO] [1789489870.305879829] [robot_2.robot_supervisor]: Selected controllable event: EV_search_color
[balanced_delivery_supervisor-20] [INFO] [1789489870.500175579] [robot_2.robot_supervisor]: Selected controllable event: EV_approach_object
[balanced_delivery_supervisor-20] [INFO] [1789489870.791832232] [robot_2.robot_supervisor]: Selected controllable event: EV_move_forward
[balanced_delivery_supervisor-20] [INFO] [1789489871.103087134] [robot_2.robot_supervisor]: Selected controllable event: EV_approach_object
[balanced_delivery_supervisor-20] [INFO] [1789489871.318283103] [robot_2.robot_supervisor]: Selected controllable event: EV_move_forward
[balanced_delivery_supervisor-22] [INFO] [1789489871.361704474] [robot_0.robot_supervisor]: FULL ROTATE completed by timeout
[balanced_delivery_supervisor-20] [INFO] [1789489871.593846537] [robot_2.robot_supervisor]: Selected controllable event: EV_search_object
[balanced_delivery_supervisor-22] [INFO] [1789489871.646520672] [robot_0.robot_supervisor]: ############################# REACHED: EV_object_reached #############################
[balanced_delivery_supervisor-22] [INFO] [1789489871.647669734] [robot_0.robot_supervisor]: Selected controllable event: EV_search_color
[balanced_delivery_supervisor-20] [INFO] [1789489871.700842654] [robot_2.robot_supervisor]: Selected controllable event: EV_search_color
[balanced_delivery_supervisor-22] [INFO] [1789489871.762801857] [robot_0.robot_supervisor]: Selected controllable event: EV_search_object
[balanced_delivery_supervisor-20] [INFO] [1789489871.901753779] [robot_2.robot_supervisor]: Selected controllable event: EV_search_object
[balanced_delivery_supervisor-22] [INFO] [1789489871.959884531] [robot_0.robot_supervisor]: Selected controllable event: EV_move_forward
[balanced_delivery_supervisor-20] [INFO] [1789489872.129470991] [robot_2.robot_supervisor]: Selected controllable event: EV_search_color
[balanced_delivery_supervisor-22] [INFO] [1789489872.245678192] [robot_0.robot_supervisor]: Selected controllable event: EV_approach_color
[balanced_delivery_supervisor-20] [INFO] [1789489872.320538672] [robot_2.robot_supervisor]: Selected controllable event: EV_approach_object
[balanced_delivery_supervisor-22] [INFO] [1789489872.551114027] [robot_0.robot_supervisor]: ############################# REACHED: EV_object_reached #############################
[balanced_delivery_supervisor-22] [INFO] [1789489872.562385403] [robot_0.robot_supervisor]: Selected controllable event: EV_approach_object
[balanced_delivery_supervisor-20] [INFO] [1789489872.604099485] [robot_2.robot_supervisor]: Selected controllable event: EV_search_color
[balanced_delivery_supervisor-20] [INFO] [1789489872.793141498] [robot_2.robot_supervisor]: Selected controllable event: EV_search_object
[balanced_delivery_supervisor-22] [INFO] [1789489872.853950640] [robot_0.robot_supervisor]: Selected controllable event: EV_search_color
[balanced_delivery_supervisor-20] [INFO] [1789489873.002264572] [robot_2.robot_supervisor]: Selected controllable event: EV_approach_object
[balanced_delivery_supervisor-22] [INFO] [1789489873.093210589] [robot_0.robot_supervisor]: Selected controllable event: EV_approach_object
[balanced_delivery_supervisor-24] [INFO] [1789489873.152770559] [robot_1.robot_supervisor]: FULL ROTATE completed by timeout
[balanced_delivery_supervisor-20] [INFO] [1789489873.305761838] [robot_2.robot_supervisor]: Selected controllable event: EV_approach_color
[balanced_delivery_supervisor-22] [INFO] [1789489873.345889114] [robot_0.robot_supervisor]: ############################# VISIBLE: EV_object_visible #############################
[balanced_delivery_supervisor-22] [INFO] [1789489873.346845816] [robot_0.robot_supervisor]: Selected controllable event: EV_move_forward
[balanced_delivery_supervisor-24] [INFO] [1789489873.449276197] [robot_1.robot_supervisor]: ############################# REACHED: EV_object_reached #############################
[balanced_delivery_supervisor-24] [INFO] [1789489873.468630128] [robot_1.robot_supervisor]: Selected controllable event: EV_search_object
[balanced_delivery_supervisor-20] [INFO] [1789489873.508027653] [robot_2.robot_supervisor]: Selected controllable event: EV_approach_color
[balanced_delivery_supervisor-24] [INFO] [1789489873.639457026] [robot_1.robot_supervisor]: Selected controllable event: EV_approach_color
[balanced_delivery_supervisor-22] [INFO] [1789489873.646682391] [robot_0.robot_supervisor]: Selected controllable event: EV_search_object
[balanced_delivery_supervisor-22] [INFO] [1789489873.762753535] [robot_0.robot_supervisor]: Selected controllable event: EV_move_forward
[balanced_delivery_supervisor-20] [INFO] [1789489873.816241978] [robot_2.robot_supervisor]: Selected controllable event: EV_approach_object
[balanced_delivery_supervisor-24] [INFO] [1789489873.947374044] [robot_1.robot_supervisor]: ############################# REACHED: EV_object_reached #############################
[balanced_delivery_supervisor-24] [INFO] [1789489873.948394083] [robot_1.robot_supervisor]: Selected controllable event: EV_approach_color
[balanced_delivery_supervisor-22] [INFO] [1789489874.063971145] [robot_0.robot_supervisor]: ############################# VISIBLE: EV_object_visible #############################
[balanced_delivery_supervisor-22] [INFO] [1789489874.084469303] [robot_0.robot_supervisor]: Selected controllable event: EV_search_color
[balanced_delivery_supervisor-20] [INFO] [1789489874.104148048] [robot_2.robot_supervisor]: Selected controllable event: EV_search_color
[balanced_delivery_supervisor-24] [INFO] [1789489874.235925201] [robot_1.robot_supervisor]: Selected controllable event: EV_approach_color
[balanced_delivery_supervisor-22] [INFO] [1789489874.246880474] [robot_0.robot_supervisor]: Selected controllable event: EV_search_object
[balanced_delivery_supervisor-20] [INFO] [1789489874.292492576] [robot_2.robot_supervisor]: Selected controllable event: EV_search_color
[balanced_delivery_supervisor-20] [INFO] [1789489874.400175546] [robot_2.robot_supervisor]: Selected controllable event: EV_move_forward
[balanced_delivery_supervisor-24] [INFO] [1789489874.448293856] [robot_1.robot_supervisor]: ############################# REACHED: EV_object_reached #############################
[balanced_delivery_supervisor-24] [INFO] [1789489874.459405808] [robot_1.robot_supervisor]: Selected controllable event: EV_move_forward
[balanced_delivery_supervisor-22] [INFO] [1789489874.450608904] [robot_0.robot_supervisor]: Selected controllable event: EV_move_forward
[balanced_delivery_supervisor-20] [INFO] [1789489874.611472082] [robot_2.robot_supervisor]: Selected controllable event: EV_move_forward
[balanced_delivery_supervisor-24] [INFO] [1789489874.735882723] [robot_1.robot_supervisor]: Selected controllable event: EV_search_color
[balanced_delivery_supervisor-22] [INFO] [1789489874.757841749] [robot_0.robot_supervisor]: ############################# VISIBLE: EV_object_visible #############################
[balanced_delivery_supervisor-22] [INFO] [1789489874.772011058] [robot_0.robot_supervisor]: Selected controllable event: EV_search_object
[balanced_delivery_supervisor-20] [INFO] [1789489874.902212429] [robot_2.robot_supervisor]: Selected controllable event: EV_search_object
[color_detector-27] [WARN] [1789489874.910445511] [robot_2.target_detector]: RGB HEARTBEAT frames_total=0 recent_rate_hz=0.000 last_frame_age_s=inf status=STALE
[color_detector-31] [INFO] [1789489874.920835362] [robot_1.target_detector]: RGB HEARTBEAT frames_total=230 recent_rate_hz=1.425 last_frame_age_s=0.599 status=OK
[color_detector-29] [INFO] [1789489874.924114896] [robot_0.target_detector]: RGB HEARTBEAT frames_total=230 recent_rate_hz=1.423 last_frame_age_s=0.513 status=OK
[balanced_delivery_supervisor-24] [INFO] [1789489874.954968641] [robot_1.robot_supervisor]: Selected controllable event: EV_approach_object
[balanced_delivery_supervisor-22] [INFO] [1789489874.965729078] [robot_0.robot_supervisor]: Selected controllable event: EV_move_forward
[balanced_delivery_supervisor-20] [INFO] [1789489875.035606695] [robot_2.robot_supervisor]: Selected controllable event: EV_approach_object
[balanced_delivery_supervisor-24] [INFO] [1789489875.243315429] [robot_1.robot_supervisor]: ############################# REACHED: EV_object_reached #############################
[balanced_delivery_supervisor-24] [INFO] [1789489875.244392000] [robot_1.robot_supervisor]: Selected controllable event: EV_search_object
[balanced_delivery_supervisor-22] [INFO] [1789489875.258440796] [robot_0.robot_supervisor]: ############################# VISIBLE: EV_object_visible #############################
[balanced_delivery_supervisor-22] [INFO] [1789489875.259480700] [robot_0.robot_supervisor]: Selected controllable event: EV_move_forward
[balanced_delivery_supervisor-20] [INFO] [1789489875.302419577] [robot_2.robot_supervisor]: Selected controllable event: EV_approach_color
[balanced_delivery_supervisor-24] [INFO] [1789489875.440006002] [robot_1.robot_supervisor]: Selected controllable event: EV_search_color
[balanced_delivery_supervisor-22] [INFO] [1789489875.543828172] [robot_0.robot_supervisor]: Selected controllable event: EV_search_object
[balanced_delivery_supervisor-20] [INFO] [1789489875.596132696] [robot_2.robot_supervisor]: Selected controllable event: EV_search_object
[balanced_delivery_supervisor-24] [INFO] [1789489875.653046234] [robot_1.robot_supervisor]: Selected controllable event: EV_approach_color
[balanced_delivery_supervisor-20] [INFO] [1789489875.708260304] [robot_2.robot_supervisor]: Selected controllable event: EV_approach_color
[balanced_delivery_supervisor-22] [INFO] [1789489875.760253001] [robot_0.robot_supervisor]: Selected controllable event: EV_search_color
[balanced_delivery_supervisor-24] [INFO] [1789489875.941193734] [robot_1.robot_supervisor]: ############################# REACHED: EV_object_reached #############################
[balanced_delivery_supervisor-24] [INFO] [1789489875.954823485] [robot_1.robot_supervisor]: Selected controllable event: EV_approach_object
[balanced_delivery_supervisor-22] [INFO] [1789489875.958759077] [robot_0.robot_supervisor]: ############################# VISIBLE: EV_object_visible #############################
[balanced_delivery_supervisor-22] [INFO] [1789489875.959746118] [robot_0.robot_supervisor]: Selected controllable event: EV_approach_color
[balanced_delivery_supervisor-20] [INFO] [1789489875.996630585] [robot_2.robot_supervisor]: Selected controllable event: EV_search_color
[balanced_delivery_supervisor-20] [INFO] [1789489876.105523338] [robot_2.robot_supervisor]: Selected controllable event: EV_search_color
[balanced_delivery_supervisor-24] [INFO] [1789489876.245780783] [robot_1.robot_supervisor]: Selected controllable event: EV_approach_color
[balanced_delivery_supervisor-22] [INFO] [1789489876.253689967] [robot_0.robot_supervisor]: Selected controllable event: EV_move_forward
[balanced_delivery_supervisor-20] [INFO] [1789489876.306403679] [robot_2.robot_supervisor]: Selected controllable event: EV_search_color
[balanced_delivery_supervisor-20] [INFO] [1789489876.513559980] [robot_2.robot_supervisor]: Selected controllable event: EV_search_object
[balanced_delivery_supervisor-24] [INFO] [1789489876.541233891] [robot_1.robot_supervisor]: ############################# REACHED: EV_object_reached #############################
[balanced_delivery_supervisor-24] [INFO] [1789489876.542282304] [robot_1.robot_supervisor]: Selected controllable event: EV_move_forward
[balanced_delivery_supervisor-22] [INFO] [1789489876.562886849] [robot_0.robot_supervisor]: Triggered uncontrollable event: EV_obstacle_left
[balanced_delivery_supervisor-22] [INFO] [1789489876.563723267] [robot_0.robot_supervisor]: ############################# VISIBLE: EV_object_visible #############################
[balanced_delivery_supervisor-22] [INFO] [1789489876.580816518] [robot_0.robot_supervisor]: Selected controllable event: EV_u_turn
[balanced_delivery_supervisor-22] [INFO] [1789489876.581747672] [robot_0.robot_supervisor]: Starting FULL ROTATE (omega=1.000, have_odom=True, target_rad=3.142, timeout_s=3.500)
[balanced_delivery_supervisor-20] [INFO] [1789489876.716586104] [robot_2.robot_supervisor]: Selected controllable event: EV_search_object
[balanced_delivery_supervisor-24] [INFO] [1789489876.833061613] [robot_1.robot_supervisor]: Selected controllable event: EV_search_object
[balanced_delivery_supervisor-20] [INFO] [1789489876.901801528] [robot_2.robot_supervisor]: Selected controllable event: EV_search_object
[balanced_delivery_supervisor-20] [INFO] [1789489877.009954143] [robot_2.robot_supervisor]: Selected controllable event: EV_search_object
[balanced_delivery_supervisor-24] [INFO] [1789489877.030422102] [robot_1.robot_supervisor]: Selected controllable event: EV_approach_object
[balanced_delivery_supervisor-20] [INFO] [1789489877.115561859] [robot_2.robot_supervisor]: Selected controllable event: EV_search_color
[balanced_delivery_supervisor-24] [INFO] [1789489877.244694142] [robot_1.robot_supervisor]: ############################# REACHED: EV_object_reached #############################
[balanced_delivery_supervisor-24] [INFO] [1789489877.264959117] [robot_1.robot_supervisor]: Selected controllable event: EV_approach_object
[balanced_delivery_supervisor-20] [INFO] [1789489877.305721442] [robot_2.robot_supervisor]: Selected controllable event: EV_approach_color
[balanced_delivery_supervisor-24] [INFO] [1789489877.546181717] [robot_1.robot_supervisor]: Selected controllable event: EV_search_object
[balanced_delivery_supervisor-20] [INFO] [1789489877.627758002] [robot_2.robot_supervisor]: Selected controllable event: EV_approach_object
[balanced_delivery_supervisor-24] [INFO] [1789489877.753214450] [robot_1.robot_supervisor]: Selected controllable event: EV_search_object
[balanced_delivery_supervisor-20] [INFO] [1789489877.903268792] [robot_2.robot_supervisor]: Selected controllable event: EV_approach_color
[balanced_delivery_supervisor-24] [INFO] [1789489877.945455900] [robot_1.robot_supervisor]: ############################# REACHED: EV_object_reached #############################
[balanced_delivery_supervisor-24] [INFO] [1789489877.946525483] [robot_1.robot_supervisor]: Selected controllable event: EV_search_object
[balanced_delivery_supervisor-24] [INFO] [1789489878.134680062] [robot_1.robot_supervisor]: Selected controllable event: EV_approach_color
[balanced_delivery_supervisor-20] [INFO] [1789489878.208491391] [robot_2.robot_supervisor]: Selected controllable event: EV_search_color
[balanced_delivery_supervisor-24] [INFO] [1789489878.346104325] [robot_1.robot_supervisor]: Selected controllable event: EV_approach_color
[balanced_delivery_supervisor-20] [INFO] [1789489878.392117045] [robot_2.robot_supervisor]: Selected controllable event: EV_approach_color
[balanced_delivery_supervisor-24] [INFO] [1789489878.548012722] [robot_1.robot_supervisor]: ############################# REACHED: EV_object_reached #############################
[balanced_delivery_supervisor-24] [INFO] [1789489878.572024949] [robot_1.robot_supervisor]: Selected controllable event: EV_move_forward
[balanced_delivery_supervisor-20] [INFO] [1789489878.613216370] [robot_2.robot_supervisor]: Selected controllable event: EV_search_color
[balanced_delivery_supervisor-20] [INFO] [1789489878.796528850] [robot_2.robot_supervisor]: Selected controllable event: EV_search_color
[balanced_delivery_supervisor-24] [INFO] [1789489878.840172811] [robot_1.robot_supervisor]: Selected controllable event: EV_approach_object
[balanced_delivery_supervisor-20] [INFO] [1789489879.019483991] [robot_2.robot_supervisor]: Selected controllable event: EV_approach_object
[balanced_delivery_supervisor-24] [INFO] [1789489879.168077057] [robot_1.robot_supervisor]: Selected controllable event: EV_search_color
[balanced_delivery_supervisor-20] [INFO] [1789489879.300292729] [robot_2.robot_supervisor]: Selected controllable event: EV_move_forward
[balanced_delivery_supervisor-24] [INFO] [1789489879.343609701] [robot_1.robot_supervisor]: ############################# REACHED: EV_object_reached #############################
[balanced_delivery_supervisor-24] [INFO] [1789489879.360178645] [robot_1.robot_supervisor]: Selected controllable event: EV_move_forward
[balanced_delivery_supervisor-20] [INFO] [1789489879.610650422] [robot_2.robot_supervisor]: Selected controllable event: EV_approach_object
[balanced_delivery_supervisor-24] [INFO] [1789489879.637454970] [robot_1.robot_supervisor]: Selected controllable event: EV_move_forward
[balanced_delivery_supervisor-24] [INFO] [1789489879.856113384] [robot_1.robot_supervisor]: Selected controllable event: EV_approach_color
[balanced_delivery_supervisor-20] [INFO] [1789489879.900702974] [robot_2.robot_supervisor]: Selected controllable event: EV_approach_color
[balanced_delivery_supervisor-24] [INFO] [1789489880.132533547] [robot_1.robot_supervisor]: ############################# REACHED: EV_object_reached #############################
[balanced_delivery_supervisor-22] [INFO] [1789489880.172051229] [robot_0.robot_supervisor]: FULL ROTATE completed by timeout
[balanced_delivery_supervisor-24] [INFO] [1789489880.177564189] [robot_1.robot_supervisor]: Selected controllable event: EV_approach_color
[balanced_delivery_supervisor-20] [INFO] [1789489880.215072702] [robot_2.robot_supervisor]: Selected controllable event: EV_approach_object
[balanced_delivery_supervisor-22] [INFO] [1789489880.443088249] [robot_0.robot_supervisor]: Triggered uncontrollable event: EV_obstacle_right
[balanced_delivery_supervisor-22] [INFO] [1789489880.443917160] [robot_0.robot_supervisor]: Triggered uncontrollable event: EV_object_not_visible
[balanced_delivery_supervisor-24] [INFO] [1789489880.453452543] [robot_1.robot_supervisor]: Selected controllable event: EV_move_forward
[balanced_delivery_supervisor-22] [INFO] [1789489880.457246759] [robot_0.robot_supervisor]: Selected controllable event: EV_rotate_counterclockwise
[balanced_delivery_supervisor-20] [INFO] [1789489880.497414038] [robot_2.robot_supervisor]: Selected controllable event: EV_approach_color
[balanced_delivery_supervisor-22] [INFO] [1789489880.643185587] [robot_0.robot_supervisor]: Triggered uncontrollable event: EV_object_not_visible
[balanced_delivery_supervisor-22] [INFO] [1789489880.644129639] [robot_0.robot_supervisor]: Selected controllable event: EV_search_color
[balanced_delivery_supervisor-24] [INFO] [1789489880.734246933] [robot_1.robot_supervisor]: ############################# REACHED: EV_object_reached #############################
[balanced_delivery_supervisor-24] [INFO] [1789489880.735341077] [robot_1.robot_supervisor]: Selected controllable event: EV_search_color
[balanced_delivery_supervisor-22] [INFO] [1789489880.775108798] [robot_0.robot_supervisor]: Selected controllable event: EV_approach_color
[balanced_delivery_supervisor-20] [INFO] [1789489880.810009046] [robot_2.robot_supervisor]: Selected controllable event: EV_approach_color
[balanced_delivery_supervisor-24] [INFO] [1789489880.937073144] [robot_1.robot_supervisor]: Selected controllable event: EV_approach_object
[balanced_delivery_supervisor-22] [INFO] [1789489881.049206904] [robot_0.robot_supervisor]: Selected controllable event: EV_move_forward
[balanced_delivery_supervisor-20] [INFO] [1789489881.116542699] [robot_2.robot_supervisor]: Selected controllable event: EV_search_object
[balanced_delivery_supervisor-24] [INFO] [1789489881.141340456] [robot_1.robot_supervisor]: Selected controllable event: EV_search_object
[balanced_delivery_supervisor-20] [INFO] [1789489881.301712790] [robot_2.robot_supervisor]: Selected controllable event: EV_approach_object
[balanced_delivery_supervisor-24] [INFO] [1789489881.337101104] [robot_1.robot_supervisor]: ############################# REACHED: EV_object_reached #############################
[balanced_delivery_supervisor-24] [INFO] [1789489881.342643783] [robot_1.robot_supervisor]: Selected controllable event: EV_move_forward
[balanced_delivery_supervisor-22] [INFO] [1789489881.354102681] [robot_0.robot_supervisor]: ############################# VISIBLE: EV_object_visible #############################
[balanced_delivery_supervisor-22] [INFO] [1789489881.360438548] [robot_0.robot_supervisor]: Selected controllable event: EV_approach_color
[balanced_delivery_supervisor-20] [INFO] [1789489881.611581960] [robot_2.robot_supervisor]: Selected controllable event: EV_approach_object
[balanced_delivery_supervisor-24] [INFO] [1789489881.627827437] [robot_1.robot_supervisor]: Selected controllable event: EV_move_forward
[balanced_delivery_supervisor-22] [INFO] [1789489881.655518892] [robot_0.robot_supervisor]: Selected controllable event: EV_search_object
[color_detector-29] [INFO] [1789489881.706647559] [robot_0.target_detector]: RGB HEARTBEAT frames_total=240 recent_rate_hz=1.475 last_frame_age_s=0.572 status=OK
[color_detector-31] [INFO] [1789489881.725303262] [robot_1.target_detector]: RGB HEARTBEAT frames_total=240 recent_rate_hz=1.470 last_frame_age_s=0.625 status=OK
[color_detector-27] [WARN] [1789489881.731729394] [robot_2.target_detector]: RGB HEARTBEAT frames_total=0 recent_rate_hz=0.000 last_frame_age_s=inf status=STALE
[balanced_delivery_supervisor-22] [INFO] [1789489881.763611050] [robot_0.robot_supervisor]: Selected controllable event: EV_approach_object
[balanced_delivery_supervisor-20] [INFO] [1789489881.893144925] [robot_2.robot_supervisor]: Selected controllable event: EV_move_forward
[balanced_delivery_supervisor-24] [INFO] [1789489881.935264674] [robot_1.robot_supervisor]: ############################# REACHED: EV_object_reached #############################
[balanced_delivery_supervisor-24] [INFO] [1789489881.936344198] [robot_1.robot_supervisor]: Selected controllable event: EV_search_object
[balanced_delivery_supervisor-22] [INFO] [1789489882.043003207] [robot_0.robot_supervisor]: ############################# VISIBLE: EV_object_visible #############################
[balanced_delivery_supervisor-22] [INFO] [1789489882.044031654] [robot_0.robot_supervisor]: Selected controllable event: EV_search_color
[balanced_delivery_supervisor-20] [INFO] [1789489882.114663932] [robot_2.robot_supervisor]: Selected controllable event: EV_approach_color
[balanced_delivery_supervisor-24] [INFO] [1789489882.155171159] [robot_1.robot_supervisor]: Selected controllable event: EV_move_forward
[balanced_delivery_supervisor-22] [INFO] [1789489882.182442327] [robot_0.robot_supervisor]: Selected controllable event: EV_approach_color
[balanced_delivery_supervisor-20] [INFO] [1789489882.398959427] [robot_2.robot_supervisor]: Selected controllable event: EV_approach_color
[balanced_delivery_supervisor-24] [INFO] [1789489882.428940404] [robot_1.robot_supervisor]: Selected controllable event: EV_move_forward
[balanced_delivery_supervisor-22] [INFO] [1789489882.463202041] [robot_0.robot_supervisor]: Selected controllable event: EV_search_object
[balanced_delivery_supervisor-20] [INFO] [1789489882.608560941] [robot_2.robot_supervisor]: Selected controllable event: EV_move_forward
[balanced_delivery_supervisor-24] [INFO] [1789489882.642309093] [robot_1.robot_supervisor]: Triggered uncontrollable event: EV_obstacle_left
[balanced_delivery_supervisor-24] [INFO] [1789489882.643130753] [robot_1.robot_supervisor]: ############################# REACHED: EV_object_reached #############################
[balanced_delivery_supervisor-22] [INFO] [1789489882.654511564] [robot_0.robot_supervisor]: ############################# VISIBLE: EV_object_visible #############################
[balanced_delivery_supervisor-22] [INFO] [1789489882.656666879] [robot_0.robot_supervisor]: Selected controllable event: EV_search_object
[balanced_delivery_supervisor-24] [INFO] [1789489882.661182212] [robot_1.robot_supervisor]: Selected controllable event: EV_u_turn
[balanced_delivery_supervisor-24] [INFO] [1789489882.662127098] [robot_1.robot_supervisor]: Starting FULL ROTATE (omega=1.000, have_odom=True, target_rad=3.142, timeout_s=3.500)
[balanced_delivery_supervisor-22] [INFO] [1789489882.851335757] [robot_0.robot_supervisor]: Selected controllable event: EV_search_color
[balanced_delivery_supervisor-20] [INFO] [1789489882.903627260] [robot_2.robot_supervisor]: Selected controllable event: EV_approach_object
[balanced_delivery_supervisor-22] [INFO] [1789489882.955154799] [robot_0.robot_supervisor]: Selected controllable event: EV_move_forward
[balanced_delivery_supervisor-20] [INFO] [1789489883.122844370] [robot_2.robot_supervisor]: Selected controllable event: EV_approach_object
[balanced_delivery_supervisor-22] [INFO] [1789489883.260042262] [robot_0.robot_supervisor]: Selected controllable event: EV_search_color
[balanced_delivery_supervisor-20] [INFO] [1789489883.393567632] [robot_2.robot_supervisor]: Selected controllable event: EV_search_color
[balanced_delivery_supervisor-22] [INFO] [1789489883.444927178] [robot_0.robot_supervisor]: ############################# VISIBLE: EV_object_visible #############################
[balanced_delivery_supervisor-22] [INFO] [1789489883.467834293] [robot_0.robot_supervisor]: Selected controllable event: EV_approach_object
[balanced_delivery_supervisor-20] [INFO] [1789489883.596948210] [robot_2.robot_supervisor]: Selected controllable event: EV_search_object
[balanced_delivery_supervisor-20] [INFO] [1789489883.719379510] [robot_2.robot_supervisor]: Selected controllable event: EV_move_forward
[balanced_delivery_supervisor-22] [INFO] [1789489883.757616255] [robot_0.robot_supervisor]: Selected controllable event: EV_approach_color
[balanced_delivery_supervisor-20] [INFO] [1789489884.001900684] [robot_2.robot_supervisor]: Selected controllable event: EV_approach_color
[balanced_delivery_supervisor-22] [INFO] [1789489884.055031995] [robot_0.robot_supervisor]: ############################# VISIBLE: EV_object_visible #############################
[balanced_delivery_supervisor-22] [INFO] [1789489884.066229925] [robot_0.robot_supervisor]: Selected controllable event: EV_search_color
[balanced_delivery_supervisor-22] [INFO] [1789489884.265812276] [robot_0.robot_supervisor]: Selected controllable event: EV_search_color
[balanced_delivery_supervisor-20] [INFO] [1789489884.299466132] [robot_2.robot_supervisor]: Selected controllable event: EV_search_object
[balanced_delivery_supervisor-20] [INFO] [1789489884.415050455] [robot_2.robot_supervisor]: Selected controllable event: EV_approach_color
[balanced_delivery_supervisor-22] [INFO] [1789489884.444615858] [robot_0.robot_supervisor]: Selected controllable event: EV_approach_object
[balanced_delivery_supervisor-22] [INFO] [1789489884.658827589] [robot_0.robot_supervisor]: ############################# VISIBLE: EV_object_visible #############################
[balanced_delivery_supervisor-22] [INFO] [1789489884.659750894] [robot_0.robot_supervisor]: Selected controllable event: EV_search_color
[balanced_delivery_supervisor-20] [INFO] [1789489884.706373860] [robot_2.robot_supervisor]: Selected controllable event: EV_move_forward
[balanced_delivery_supervisor-22] [INFO] [1789489884.870860335] [robot_0.robot_supervisor]: Selected controllable event: EV_approach_object
[balanced_delivery_supervisor-20] [INFO] [1789489885.005244639] [robot_2.robot_supervisor]: Selected controllable event: EV_approach_object
[balanced_delivery_supervisor-22] [INFO] [1789489885.154137124] [robot_0.robot_supervisor]: Selected controllable event: EV_approach_color
[balanced_delivery_supervisor-20] [INFO] [1789489885.294647365] [robot_2.robot_supervisor]: Selected controllable event: EV_search_color
[balanced_delivery_supervisor-20] [INFO] [1789489885.395992345] [robot_2.robot_supervisor]: Selected controllable event: EV_search_color
[balanced_delivery_supervisor-22] [INFO] [1789489885.448093765] [robot_0.robot_supervisor]: ############################# VISIBLE: EV_object_visible #############################
[balanced_delivery_supervisor-22] [INFO] [1789489885.449114978] [robot_0.robot_supervisor]: Selected controllable event: EV_approach_object
[balanced_delivery_supervisor-20] [INFO] [1789489885.507155508] [robot_2.robot_supervisor]: Selected controllable event: EV_search_color
[balanced_delivery_supervisor-20] [INFO] [1789489885.609057646] [robot_2.robot_supervisor]: Selected controllable event: EV_search_object
[balanced_delivery_supervisor-22] [INFO] [1789489885.745355580] [robot_0.robot_supervisor]: Selected controllable event: EV_move_forward
[balanced_delivery_supervisor-20] [INFO] [1789489885.792300995] [robot_2.robot_supervisor]: Selected controllable event: EV_search_color
[balanced_delivery_supervisor-20] [INFO] [1789489885.923732502] [robot_2.robot_supervisor]: Selected controllable event: EV_approach_color
[balanced_delivery_supervisor-22] [INFO] [1789489886.059254079] [robot_0.robot_supervisor]: ############################# VISIBLE: EV_object_visible #############################
[balanced_delivery_supervisor-22] [INFO] [1789489886.073125403] [robot_0.robot_supervisor]: Selected controllable event: EV_search_object
[balanced_delivery_supervisor-20] [INFO] [1789489886.195637512] [robot_2.robot_supervisor]: Selected controllable event: EV_search_object
[balanced_delivery_supervisor-24] [INFO] [1789489886.242480693] [robot_1.robot_supervisor]: FULL ROTATE completed by timeout
[balanced_delivery_supervisor-22] [INFO] [1789489886.263771422] [robot_0.robot_supervisor]: Selected controllable event: EV_approach_object
[balanced_delivery_supervisor-20] [INFO] [1789489886.302213742] [robot_2.robot_supervisor]: Selected controllable event: EV_approach_object
[balanced_delivery_supervisor-24] [INFO] [1789489886.539569385] [robot_1.robot_supervisor]: ############################# REACHED: EV_object_reached #############################
[balanced_delivery_supervisor-24] [INFO] [1789489886.540616818] [robot_1.robot_supervisor]: Selected controllable event: EV_move_forward
[balanced_delivery_supervisor-22] [INFO] [1789489886.547744924] [robot_0.robot_supervisor]: Selected controllable event: EV_move_forward
[balanced_delivery_supervisor-20] [INFO] [1789489886.598452905] [robot_2.robot_supervisor]: Selected controllable event: EV_move_forward
[balanced_delivery_supervisor-22] [INFO] [1789489886.761657558] [robot_0.robot_supervisor]: Triggered uncontrollable event: EV_obstacle_left
[balanced_delivery_supervisor-22] [INFO] [1789489886.762585481] [robot_0.robot_supervisor]: ############################# VISIBLE: EV_object_visible #############################
[balanced_delivery_supervisor-22] [INFO] [1789489886.779505555] [robot_0.robot_supervisor]: Selected controllable event: EV_u_turn
[balanced_delivery_supervisor-22] [INFO] [1789489886.786143389] [robot_0.robot_supervisor]: Starting FULL ROTATE (omega=1.000, have_odom=True, target_rad=3.142, timeout_s=3.500)
[balanced_delivery_supervisor-24] [INFO] [1789489886.837562771] [robot_1.robot_supervisor]: Selected controllable event: EV_move_forward
[balanced_delivery_supervisor-20] [INFO] [1789489886.906906952] [robot_2.robot_supervisor]: Selected controllable event: EV_approach_object
[balanced_delivery_supervisor-24] [INFO] [1789489887.139452753] [robot_1.robot_supervisor]: Selected controllable event: EV_search_color
[balanced_delivery_supervisor-20] [INFO] [1789489887.211371884] [robot_2.robot_supervisor]: Selected controllable event: EV_search_object
[balanced_delivery_supervisor-24] [INFO] [1789489887.350584537] [robot_1.robot_supervisor]: ############################# REACHED: EV_object_reached #############################
[balanced_delivery_supervisor-24] [INFO] [1789489887.351642643] [robot_1.robot_supervisor]: Selected controllable event: EV_move_forward
[balanced_delivery_supervisor-20] [INFO] [1789489887.402347552] [robot_2.robot_supervisor]: Selected controllable event: EV_search_color
[balanced_delivery_supervisor-20] [INFO] [1789489887.593296198] [robot_2.robot_supervisor]: Selected controllable event: EV_move_forward
[balanced_delivery_supervisor-24] [INFO] [1789489887.645936111] [robot_1.robot_supervisor]: Selected controllable event: EV_search_color
[balanced_delivery_supervisor-20] [INFO] [1789489887.822579593] [robot_2.robot_supervisor]: Selected controllable event: EV_search_object
[balanced_delivery_supervisor-24] [INFO] [1789489887.865575810] [robot_1.robot_supervisor]: Selected controllable event: EV_approach_object
[balanced_delivery_supervisor-20] [INFO] [1789489888.009479395] [robot_2.robot_supervisor]: Selected controllable event: EV_approach_object
[balanced_delivery_supervisor-24] [INFO] [1789489888.149577177] [robot_1.robot_supervisor]: ############################# REACHED: EV_object_reached #############################
[balanced_delivery_supervisor-24] [INFO] [1789489888.152191675] [robot_1.robot_supervisor]: Selected controllable event: EV_search_color
[balanced_delivery_supervisor-20] [INFO] [1789489888.316229579] [robot_2.robot_supervisor]: Selected controllable event: EV_move_forward
[balanced_delivery_supervisor-24] [INFO] [1789489888.347476493] [robot_1.robot_supervisor]: Selected controllable event: EV_search_object
[balanced_delivery_supervisor-24] [INFO] [1789489888.533784668] [robot_1.robot_supervisor]: Selected controllable event: EV_approach_color
[color_detector-27] [WARN] [1789489888.580039752] [robot_2.target_detector]: RGB HEARTBEAT frames_total=0 recent_rate_hz=0.000 last_frame_age_s=inf status=STALE
[color_detector-31] [INFO] [1789489888.595327343] [robot_1.target_detector]: RGB HEARTBEAT frames_total=250 recent_rate_hz=1.456 last_frame_age_s=0.706 status=OK
[balanced_delivery_supervisor-20] [INFO] [1789489888.610864826] [robot_2.robot_supervisor]: Selected controllable event: EV_approach_color
[color_detector-29] [INFO] [1789489888.612965003] [robot_0.target_detector]: RGB HEARTBEAT frames_total=250 recent_rate_hz=1.449 last_frame_age_s=0.630 status=OK
[balanced_delivery_supervisor-24] [INFO] [1789489888.833053485] [robot_1.robot_supervisor]: ############################# REACHED: EV_object_reached #############################
[balanced_delivery_supervisor-24] [INFO] [1789489888.840722397] [robot_1.robot_supervisor]: Selected controllable event: EV_approach_object
[balanced_delivery_supervisor-20] [INFO] [1789489888.895566983] [robot_2.robot_supervisor]: Selected controllable event: EV_approach_object
[balanced_delivery_supervisor-20] [INFO] [1789489889.105592442] [robot_2.robot_supervisor]: Selected controllable event: EV_approach_object
[balanced_delivery_supervisor-24] [INFO] [1789489889.143699118] [robot_1.robot_supervisor]: Selected controllable event: EV_approach_color
[balanced_delivery_supervisor-20] [INFO] [1789489889.409975770] [robot_2.robot_supervisor]: Selected controllable event: EV_approach_object
[balanced_delivery_supervisor-24] [INFO] [1789489889.442554525] [robot_1.robot_supervisor]: ############################# VISIBLE: EV_object_visible #############################
[balanced_delivery_supervisor-24] [INFO] [1789489889.443655847] [robot_1.robot_supervisor]: Selected controllable event: EV_approach_color
[balanced_delivery_supervisor-20] [INFO] [1789489889.710096509] [robot_2.robot_supervisor]: Selected controllable event: EV_search_color
[balanced_delivery_supervisor-24] [INFO] [1789489889.735665907] [robot_1.robot_supervisor]: Selected controllable event: EV_move_forward
[balanced_delivery_supervisor-20] [INFO] [1789489889.902896694] [robot_2.robot_supervisor]: Selected controllable event: EV_move_forward
[balanced_delivery_supervisor-24] [INFO] [1789489890.046566897] [robot_1.robot_supervisor]: Selected controllable event: EV_search_object
[balanced_delivery_supervisor-20] [INFO] [1789489890.108895382] [robot_2.robot_supervisor]: Selected controllable event: EV_search_object
[balanced_delivery_supervisor-24] [INFO] [1789489890.230566689] [robot_1.robot_supervisor]: ############################# VISIBLE: EV_object_visible #############################
[balanced_delivery_supervisor-24] [INFO] [1789489890.231489522] [robot_1.robot_supervisor]: Selected controllable event: EV_approach_object
[balanced_delivery_supervisor-20] [INFO] [1789489890.292256737] [robot_2.robot_supervisor]: Selected controllable event: EV_search_object
[balanced_delivery_supervisor-22] [INFO] [1789489890.368360803] [robot_0.robot_supervisor]: FULL ROTATE completed by timeout
[balanced_delivery_supervisor-24] [INFO] [1789489890.460249827] [robot_1.robot_supervisor]: Selected controllable event: EV_search_object
[balanced_delivery_supervisor-20] [INFO] [1789489890.500295884] [robot_2.robot_supervisor]: Selected controllable event: EV_approach_object
[balanced_delivery_supervisor-24] [INFO] [1789489890.641047920] [robot_1.robot_supervisor]: Selected controllable event: EV_move_forward
[balanced_delivery_supervisor-22] [INFO] [1789489890.656836211] [robot_0.robot_supervisor]: ############################# VISIBLE: EV_object_visible #############################
[balanced_delivery_supervisor-22] [INFO] [1789489890.657876198] [robot_0.robot_supervisor]: Selected controllable event: EV_move_forward
[balanced_delivery_supervisor-20] [INFO] [1789489890.792583852] [robot_2.robot_supervisor]: Selected controllable event: EV_approach_color
[balanced_delivery_supervisor-24] [INFO] [1789489890.939155454] [robot_1.robot_supervisor]: ############################# VISIBLE: EV_object_visible #############################
[balanced_delivery_supervisor-24] [INFO] [1789489890.947611000] [robot_1.robot_supervisor]: Selected controllable event: EV_search_object
[balanced_delivery_supervisor-22] [INFO] [1789489890.962422268] [robot_0.robot_supervisor]: ############################# VISIBLE: EV_object_visible #############################
[balanced_delivery_supervisor-22] [INFO] [1789489890.963374167] [robot_0.robot_supervisor]: Selected controllable event: EV_search_color
[balanced_delivery_supervisor-20] [INFO] [1789489891.100212387] [robot_2.robot_supervisor]: Selected controllable event: EV_search_object
[balanced_delivery_supervisor-24] [INFO] [1789489891.133129523] [robot_1.robot_supervisor]: Selected controllable event: EV_move_forward
[balanced_delivery_supervisor-22] [INFO] [1789489891.156636758] [robot_0.robot_supervisor]: Selected controllable event: EV_search_color
[balanced_delivery_supervisor-20] [INFO] [1789489891.205143916] [robot_2.robot_supervisor]: Selected controllable event: EV_approach_object
[balanced_delivery_supervisor-22] [INFO] [1789489891.267479459] [robot_0.robot_supervisor]: Selected controllable event: EV_move_forward
[balanced_delivery_supervisor-24] [INFO] [1789489891.349243866] [robot_1.robot_supervisor]: Selected controllable event: EV_approach_color
[balanced_delivery_supervisor-20] [INFO] [1789489891.491929361] [robot_2.robot_supervisor]: Selected controllable event: EV_approach_color
[balanced_delivery_supervisor-22] [INFO] [1789489891.562873277] [robot_0.robot_supervisor]: ############################# VISIBLE: EV_object_visible #############################
[balanced_delivery_supervisor-22] [INFO] [1789489891.581475098] [robot_0.robot_supervisor]: Selected controllable event: EV_search_object
[balanced_delivery_supervisor-24] [INFO] [1789489891.629407790] [robot_1.robot_supervisor]: ############################# VISIBLE: EV_object_visible #############################
[balanced_delivery_supervisor-24] [INFO] [1789489891.630327760] [robot_1.robot_supervisor]: Selected controllable event: EV_search_color
[balanced_delivery_supervisor-20] [INFO] [1789489891.693787591] [robot_2.robot_supervisor]: Selected controllable event: EV_approach_object
[balanced_delivery_supervisor-24] [INFO] [1789489891.738539278] [robot_1.robot_supervisor]: Selected controllable event: EV_move_forward
[balanced_delivery_supervisor-22] [INFO] [1789489891.761403082] [robot_0.robot_supervisor]: Selected controllable event: EV_search_color
[balanced_delivery_supervisor-22] [INFO] [1789489891.870441574] [robot_0.robot_supervisor]: Selected controllable event: EV_search_color
[balanced_delivery_supervisor-20] [INFO] [1789489891.896715455] [robot_2.robot_supervisor]: Selected controllable event: EV_search_object
[balanced_delivery_supervisor-24] [INFO] [1789489892.046903206] [robot_1.robot_supervisor]: ############################# VISIBLE: EV_object_visible #############################
[balanced_delivery_supervisor-22] [INFO] [1789489892.061411702] [robot_0.robot_supervisor]: Selected controllable event: EV_search_color
[balanced_delivery_supervisor-24] [INFO] [1789489892.072993827] [robot_1.robot_supervisor]: Selected controllable event: EV_search_color
[balanced_delivery_supervisor-20] [INFO] [1789489892.111619719] [robot_2.robot_supervisor]: Selected controllable event: EV_search_color
[balanced_delivery_supervisor-24] [INFO] [1789489892.236210458] [robot_1.robot_supervisor]: Selected controllable event: EV_search_object
[balanced_delivery_supervisor-22] [INFO] [1789489892.266242061] [robot_0.robot_supervisor]: ############################# VISIBLE: EV_object_visible #############################
[balanced_delivery_supervisor-22] [INFO] [1789489892.288553180] [robot_0.robot_supervisor]: Selected controllable event: EV_search_object
[balanced_delivery_supervisor-20] [INFO] [1789489892.306776682] [robot_2.robot_supervisor]: Selected controllable event: EV_approach_object
[balanced_delivery_supervisor-24] [INFO] [1789489892.445004957] [robot_1.robot_supervisor]: Selected controllable event: EV_approach_object
[balanced_delivery_supervisor-22] [INFO] [1789489892.478768200] [robot_0.robot_supervisor]: Selected controllable event: EV_search_object
[balanced_delivery_supervisor-20] [INFO] [1789489892.613239853] [robot_2.robot_supervisor]: Selected controllable event: EV_search_object
[balanced_delivery_supervisor-22] [INFO] [1789489892.678006625] [robot_0.robot_supervisor]: Selected controllable event: EV_approach_color
[balanced_delivery_supervisor-24] [INFO] [1789489892.743986752] [robot_1.robot_supervisor]: Selected controllable event: EV_move_forward
[balanced_delivery_supervisor-20] [INFO] [1789489892.806319591] [robot_2.robot_supervisor]: Selected controllable event: EV_approach_object
[balanced_delivery_supervisor-22] [INFO] [1789489892.950374047] [robot_0.robot_supervisor]: ############################# VISIBLE: EV_object_visible #############################
[balanced_delivery_supervisor-22] [INFO] [1789489892.955744132] [robot_0.robot_supervisor]: Selected controllable event: EV_move_forward
[balanced_delivery_supervisor-24] [INFO] [1789489893.049092140] [robot_1.robot_supervisor]: ############################# VISIBLE: EV_object_visible #############################
[balanced_delivery_supervisor-24] [INFO] [1789489893.050091930] [robot_1.robot_supervisor]: Selected controllable event: EV_approach_color
[balanced_delivery_supervisor-20] [INFO] [1789489893.105903281] [robot_2.robot_supervisor]: Selected controllable event: EV_move_forward
[balanced_delivery_supervisor-22] [INFO] [1789489893.259271587] [robot_0.robot_supervisor]: Selected controllable event: EV_approach_color
[balanced_delivery_supervisor-24] [INFO] [1789489893.329639468] [robot_1.robot_supervisor]: Selected controllable event: EV_approach_object
[balanced_delivery_supervisor-20] [INFO] [1789489893.413154106] [robot_2.robot_supervisor]: Selected controllable event: EV_move_forward
[balanced_delivery_supervisor-22] [INFO] [1789489893.541462850] [robot_0.robot_supervisor]: Triggered uncontrollable event: EV_object_not_visible
[balanced_delivery_supervisor-22] [INFO] [1789489893.542472739] [robot_0.robot_supervisor]: Selected controllable event: EV_move_forward
[balanced_delivery_supervisor-24] [INFO] [1789489893.543494105] [robot_1.robot_supervisor]: ############################# VISIBLE: EV_object_visible #############################
[balanced_delivery_supervisor-24] [INFO] [1789489893.544508141] [robot_1.robot_supervisor]: Selected controllable event: EV_approach_color
[balanced_delivery_supervisor-20] [INFO] [1789489893.691849520] [robot_2.robot_supervisor]: Selected controllable event: EV_move_forward
[balanced_delivery_supervisor-22] [INFO] [1789489893.751067621] [robot_0.robot_supervisor]: Selected controllable event: EV_approach_color
[balanced_delivery_supervisor-24] [INFO] [1789489893.831524623] [robot_1.robot_supervisor]: Selected controllable event: EV_search_color
[balanced_delivery_supervisor-20] [INFO] [1789489893.897603440] [robot_2.robot_supervisor]: Selected controllable event: EV_move_forward
[balanced_delivery_supervisor-22] [INFO] [1789489894.049200897] [robot_0.robot_supervisor]: Selected controllable event: EV_search_color
[balanced_delivery_supervisor-24] [INFO] [1789489894.053693300] [robot_1.robot_supervisor]: ############################# VISIBLE: EV_object_visible #############################
[balanced_delivery_supervisor-24] [INFO] [1789489894.054664150] [robot_1.robot_supervisor]: Selected controllable event: EV_search_object
[balanced_delivery_supervisor-20] [INFO] [1789489894.117199164] [robot_2.robot_supervisor]: Selected controllable event: EV_search_color
[balanced_delivery_supervisor-22] [INFO] [1789489894.175203299] [robot_0.robot_supervisor]: Triggered uncontrollable event: EV_object_not_visible
[balanced_delivery_supervisor-22] [INFO] [1789489894.176333813] [robot_0.robot_supervisor]: Selected controllable event: EV_approach_object
[balanced_delivery_supervisor-24] [INFO] [1789489894.253467436] [robot_1.robot_supervisor]: Selected controllable event: EV_approach_color
[balanced_delivery_supervisor-20] [INFO] [1789489894.300866050] [robot_2.robot_supervisor]: Selected controllable event: EV_search_color
[balanced_delivery_supervisor-20] [INFO] [1789489894.414350435] [robot_2.robot_supervisor]: Selected controllable event: EV_search_color
[balanced_delivery_supervisor-22] [INFO] [1789489894.445118560] [robot_0.robot_supervisor]: Selected controllable event: EV_search_object
[balanced_delivery_supervisor-24] [INFO] [1789489894.457284254] [robot_1.robot_supervisor]: Selected controllable event: EV_search_color
[balanced_delivery_supervisor-20] [INFO] [1789489894.619987169] [robot_2.robot_supervisor]: Selected controllable event: EV_move_forward
[balanced_delivery_supervisor-24] [INFO] [1789489894.656862887] [robot_1.robot_supervisor]: Selected controllable event: EV_move_forward
[balanced_delivery_supervisor-22] [INFO] [1789489894.663085098] [robot_0.robot_supervisor]: Selected controllable event: EV_search_object
[balanced_delivery_supervisor-22] [INFO] [1789489894.875594203] [robot_0.robot_supervisor]: Triggered uncontrollable event: EV_object_not_visible
[balanced_delivery_supervisor-22] [INFO] [1789489894.876580607] [robot_0.robot_supervisor]: Selected controllable event: EV_search_object
[balanced_delivery_supervisor-20] [INFO] [1789489894.916034797] [robot_2.robot_supervisor]: Selected controllable event: EV_approach_color
[balanced_delivery_supervisor-24] [INFO] [1789489894.960735993] [robot_1.robot_supervisor]: ############################# VISIBLE: EV_object_visible #############################
[balanced_delivery_supervisor-24] [INFO] [1789489894.961790087] [robot_1.robot_supervisor]: Selected controllable event: EV_search_color
[balanced_delivery_supervisor-22] [INFO] [1789489895.045649981] [robot_0.robot_supervisor]: Selected controllable event: EV_search_color
[balanced_delivery_supervisor-24] [INFO] [1789489895.154081744] [robot_1.robot_supervisor]: Selected controllable event: EV_approach_object
[balanced_delivery_supervisor-22] [INFO] [1789489895.181776690] [robot_0.robot_supervisor]: Selected controllable event: EV_approach_object
[balanced_delivery_supervisor-20] [INFO] [1789489895.219571389] [robot_2.robot_supervisor]: Selected controllable event: EV_approach_color
[color_detector-27] [WARN] [1789489895.249483041] [robot_2.target_detector]: RGB HEARTBEAT frames_total=0 recent_rate_hz=0.000 last_frame_age_s=inf status=STALE
[color_detector-31] [INFO] [1789489895.282404609] [robot_1.target_detector]: RGB HEARTBEAT frames_total=260 recent_rate_hz=1.500 last_frame_age_s=0.633 status=OK
[color_detector-29] [INFO] [1789489895.285928581] [robot_0.target_detector]: RGB HEARTBEAT frames_total=260 recent_rate_hz=1.496 last_frame_age_s=0.596 status=OK
[balanced_delivery_supervisor-24] [INFO] [1789489895.459538648] [robot_1.robot_supervisor]: ############################# VISIBLE: EV_object_visible #############################
[balanced_delivery_supervisor-24] [INFO] [1789489895.460603234] [robot_1.robot_supervisor]: Selected controllable event: EV_approach_color
[balanced_delivery_supervisor-22] [INFO] [1789489895.464217728] [robot_0.robot_supervisor]: Selected controllable event: EV_search_color
[balanced_delivery_supervisor-20] [INFO] [1789489895.495330356] [robot_2.robot_supervisor]: Selected controllable event: EV_move_forward
[balanced_delivery_supervisor-22] [INFO] [1789489895.667958304] [robot_0.robot_supervisor]: Triggered uncontrollable event: EV_object_not_visible
[balanced_delivery_supervisor-22] [INFO] [1789489895.668884916] [robot_0.robot_supervisor]: Selected controllable event: EV_search_color
[balanced_delivery_supervisor-20] [INFO] [1789489895.716550227] [robot_2.robot_supervisor]: Selected controllable event: EV_search_color
[balanced_delivery_supervisor-24] [INFO] [1789489895.763539567] [robot_1.robot_supervisor]: Selected controllable event: EV_search_color
[balanced_delivery_supervisor-22] [INFO] [1789489895.773267644] [robot_0.robot_supervisor]: Selected controllable event: EV_search_color
[balanced_delivery_supervisor-20] [INFO] [1789489895.902778983] [robot_2.robot_supervisor]: Selected controllable event: EV_search_color
[balanced_delivery_supervisor-24] [INFO] [1789489895.951603631] [robot_1.robot_supervisor]: Selected controllable event: EV_search_color
[balanced_delivery_supervisor-22] [INFO] [1789489895.957937692] [robot_0.robot_supervisor]: Selected controllable event: EV_search_color
[balanced_delivery_supervisor-20] [INFO] [1789489896.095542589] [robot_2.robot_supervisor]: Selected controllable event: EV_search_object
[balanced_delivery_supervisor-24] [INFO] [1789489896.133575593] [robot_1.robot_supervisor]: Selected controllable event: EV_move_forward
[balanced_delivery_supervisor-22] [INFO] [1789489896.170346513] [robot_0.robot_supervisor]: Selected controllable event: EV_approach_color
[balanced_delivery_supervisor-20] [INFO] [1789489896.306581702] [robot_2.robot_supervisor]: Selected controllable event: EV_move_forward
[balanced_delivery_supervisor-24] [INFO] [1789489896.339723283] [robot_1.robot_supervisor]: ############################# VISIBLE: EV_object_visible #############################
[balanced_delivery_supervisor-24] [INFO] [1789489896.346508443] [robot_1.robot_supervisor]: Selected controllable event: EV_move_forward
[balanced_delivery_supervisor-22] [INFO] [1789489896.457866641] [robot_0.robot_supervisor]: Triggered uncontrollable event: EV_obstacle_right
[balanced_delivery_supervisor-22] [INFO] [1789489896.471975717] [robot_0.robot_supervisor]: Triggered uncontrollable event: EV_object_not_visible
[balanced_delivery_supervisor-22] [INFO] [1789489896.472995381] [robot_0.robot_supervisor]: Selected controllable event: EV_rotate_counterclockwise
[balanced_delivery_supervisor-20] [INFO] [1789489896.613745634] [robot_2.robot_supervisor]: Selected controllable event: EV_move_forward
[balanced_delivery_supervisor-24] [INFO] [1789489896.642579562] [robot_1.robot_supervisor]: Selected controllable event: EV_search_color
[balanced_delivery_supervisor-22] [INFO] [1789489896.643938849] [robot_0.robot_supervisor]: Triggered uncontrollable event: EV_obstacle_right
[balanced_delivery_supervisor-22] [INFO] [1789489896.644866171] [robot_0.robot_supervisor]: Selected controllable event: EV_u_turn
[balanced_delivery_supervisor-22] [INFO] [1789489896.645601459] [robot_0.robot_supervisor]: Starting FULL ROTATE (omega=1.000, have_odom=True, target_rad=3.142, timeout_s=3.500)
[balanced_delivery_supervisor-24] [INFO] [1789489896.749441084] [robot_1.robot_supervisor]: Selected controllable event: EV_search_object
[balanced_delivery_supervisor-20] [INFO] [1789489896.924092858] [robot_2.robot_supervisor]: Selected controllable event: EV_search_color
[balanced_delivery_supervisor-24] [INFO] [1789489896.962329315] [robot_1.robot_supervisor]: ############################# VISIBLE: EV_object_visible #############################
[balanced_delivery_supervisor-24] [INFO] [1789489896.970591214] [robot_1.robot_supervisor]: Selected controllable event: EV_approach_color
[balanced_delivery_supervisor-20] [INFO] [1789489897.095831094] [robot_2.robot_supervisor]: Selected controllable event: EV_move_forward
[balanced_delivery_supervisor-24] [INFO] [1789489897.243781377] [robot_1.robot_supervisor]: Selected controllable event: EV_search_color
[balanced_delivery_supervisor-20] [INFO] [1789489897.300549132] [robot_2.robot_supervisor]: Selected controllable event: EV_move_forward
[balanced_delivery_supervisor-24] [INFO] [1789489897.358687851] [robot_1.robot_supervisor]: Selected controllable event: EV_search_color
[balanced_delivery_supervisor-20] [INFO] [1789489897.518610432] [robot_2.robot_supervisor]: Selected controllable event: EV_search_object
[balanced_delivery_supervisor-24] [INFO] [1789489897.548779202] [robot_1.robot_supervisor]: Selected controllable event: EV_search_object
[balanced_delivery_supervisor-20] [INFO] [1789489897.708539698] [robot_2.robot_supervisor]: Selected controllable event: EV_search_color
[balanced_delivery_supervisor-24] [INFO] [1789489897.729021404] [robot_1.robot_supervisor]: ############################# VISIBLE: EV_object_visible #############################
[balanced_delivery_supervisor-24] [INFO] [1789489897.738518501] [robot_1.robot_supervisor]: Selected controllable event: EV_search_color
[balanced_delivery_supervisor-20] [INFO] [1789489897.901603264] [robot_2.robot_supervisor]: Selected controllable event: EV_search_color
[balanced_delivery_supervisor-24] [INFO] [1789489897.927930586] [robot_1.robot_supervisor]: Selected controllable event: EV_move_forward
[balanced_delivery_supervisor-20] [INFO] [1789489898.010570097] [robot_2.robot_supervisor]: Selected controllable event: EV_approach_color
[balanced_delivery_supervisor-24] [INFO] [1789489898.148884005] [robot_1.robot_supervisor]: Selected controllable event: EV_search_object
[balanced_delivery_supervisor-20] [INFO] [1789489898.311620805] [robot_2.robot_supervisor]: Selected controllable event: EV_search_object
[balanced_delivery_supervisor-24] [INFO] [1789489898.341021314] [robot_1.robot_supervisor]: Triggered uncontrollable event: EV_obstacle_right
[balanced_delivery_supervisor-24] [INFO] [1789489898.354166671] [robot_1.robot_supervisor]: Selected controllable event: EV_u_turn
[balanced_delivery_supervisor-24] [INFO] [1789489898.355117000] [robot_1.robot_supervisor]: Starting FULL ROTATE (omega=1.000, have_odom=True, target_rad=3.142, timeout_s=3.500)
[balanced_delivery_supervisor-20] [INFO] [1789489898.514191291] [robot_2.robot_supervisor]: Selected controllable event: EV_move_forward
[balanced_delivery_supervisor-20] [INFO] [1789489898.808624864] [robot_2.robot_supervisor]: Selected controllable event: EV_approach_object
[balanced_delivery_supervisor-20] [INFO] [1789489899.111571037] [robot_2.robot_supervisor]: Selected controllable event: EV_search_color
[balanced_delivery_supervisor-20] [INFO] [1789489899.302220557] [robot_2.robot_supervisor]: Selected controllable event: EV_approach_object
[balanced_delivery_supervisor-20] [INFO] [1789489899.609542687] [robot_2.robot_supervisor]: Selected controllable event: EV_search_object
[balanced_delivery_supervisor-20] [INFO] [1789489899.724714316] [robot_2.robot_supervisor]: Selected controllable event: EV_approach_color
[balanced_delivery_supervisor-20] [INFO] [1789489900.003217964] [robot_2.robot_supervisor]: Selected controllable event: EV_search_color
[balanced_delivery_supervisor-22] [INFO] [1789489900.159958281] [robot_0.robot_supervisor]: FULL ROTATE completed by timeout
[balanced_delivery_supervisor-20] [INFO] [1789489900.213643258] [robot_2.robot_supervisor]: Selected controllable event: EV_approach_color
[balanced_delivery_supervisor-22] [INFO] [1789489900.457820527] [robot_0.robot_supervisor]: ############################# VISIBLE: EV_object_visible #############################
[balanced_delivery_supervisor-22] [INFO] [1789489900.467561095] [robot_0.robot_supervisor]: Selected controllable event: EV_search_object
[balanced_delivery_supervisor-20] [INFO] [1789489900.507547956] [robot_2.robot_supervisor]: Selected controllable event: EV_approach_color
[balanced_delivery_supervisor-22] [INFO] [1789489900.652171247] [robot_0.robot_supervisor]: Selected controllable event: EV_approach_color
[balanced_delivery_supervisor-20] [INFO] [1789489900.796119831] [robot_2.robot_supervisor]: Selected controllable event: EV_approach_color
[balanced_delivery_supervisor-22] [INFO] [1789489900.946832109] [robot_0.robot_supervisor]: Selected controllable event: EV_approach_object
[balanced_delivery_supervisor-20] [INFO] [1789489901.003791482] [robot_2.robot_supervisor]: Selected controllable event: EV_search_object
[balanced_delivery_supervisor-20] [INFO] [1789489901.111446130] [robot_2.robot_supervisor]: Selected controllable event: EV_move_forward
[balanced_delivery_supervisor-22] [INFO] [1789489901.258608542] [robot_0.robot_supervisor]: ############################# VISIBLE: EV_object_visible #############################
[balanced_delivery_supervisor-22] [INFO] [1789489901.264207502] [robot_0.robot_supervisor]: Selected controllable event: EV_approach_color
[balanced_delivery_supervisor-20] [INFO] [1789489901.404080768] [robot_2.robot_supervisor]: Selected controllable event: EV_move_forward
[balanced_delivery_supervisor-22] [INFO] [1789489901.553925504] [robot_0.robot_supervisor]: Selected controllable event: EV_search_object
[balanced_delivery_supervisor-20] [INFO] [1789489901.623735416] [robot_2.robot_supervisor]: Selected controllable event: EV_approach_object
[balanced_delivery_supervisor-22] [INFO] [1789489901.765849687] [robot_0.robot_supervisor]: Selected controllable event: EV_approach_object
[balanced_delivery_supervisor-20] [INFO] [1789489901.907163420] [robot_2.robot_supervisor]: Selected controllable event: EV_search_object
[balanced_delivery_supervisor-24] [INFO] [1789489901.943718514] [robot_1.robot_supervisor]: FULL ROTATE completed by timeout
[balanced_delivery_supervisor-22] [INFO] [1789489902.053039885] [robot_0.robot_supervisor]: ############################# VISIBLE: EV_object_visible #############################
[balanced_delivery_supervisor-22] [INFO] [1789489902.054015882] [robot_0.robot_supervisor]: Selected controllable event: EV_approach_color
[balanced_delivery_supervisor-20] [INFO] [1789489902.098103384] [robot_2.robot_supervisor]: Selected controllable event: EV_search_color
[color_detector-27] [WARN] [1789489902.152126497] [robot_2.target_detector]: RGB HEARTBEAT frames_total=0 recent_rate_hz=0.000 last_frame_age_s=inf status=STALE
[color_detector-29] [INFO] [1789489902.154221376] [robot_0.target_detector]: RGB HEARTBEAT frames_total=270 recent_rate_hz=1.456 last_frame_age_s=0.432 status=OK
[color_detector-31] [INFO] [1789489902.178040596] [robot_1.target_detector]: RGB HEARTBEAT frames_total=270 recent_rate_hz=1.449 last_frame_age_s=0.539 status=OK
[balanced_delivery_supervisor-20] [INFO] [1789489902.201252899] [robot_2.robot_supervisor]: Selected controllable event: EV_move_forward
[balanced_delivery_supervisor-24] [INFO] [1789489902.244661354] [robot_1.robot_supervisor]: ############################# VISIBLE: EV_object_visible #############################
[balanced_delivery_supervisor-24] [INFO] [1789489902.245693219] [robot_1.robot_supervisor]: Selected controllable event: EV_move_forward
[balanced_delivery_supervisor-22] [INFO] [1789489902.369249479] [robot_0.robot_supervisor]: Selected controllable event: EV_move_forward
[balanced_delivery_supervisor-24] [INFO] [1789489902.457345866] [robot_1.robot_supervisor]: ############################# VISIBLE: EV_object_visible #############################
[balanced_delivery_supervisor-24] [INFO] [1789489902.468158094] [robot_1.robot_supervisor]: Selected controllable event: EV_search_color
[balanced_delivery_supervisor-20] [INFO] [1789489902.507091822] [robot_2.robot_supervisor]: Selected controllable event: EV_approach_object
[balanced_delivery_supervisor-24] [INFO] [1789489902.644804520] [robot_1.robot_supervisor]: Selected controllable event: EV_approach_color
[balanced_delivery_supervisor-22] [INFO] [1789489902.650725709] [robot_0.robot_supervisor]: ############################# VISIBLE: EV_object_visible #############################
[balanced_delivery_supervisor-22] [INFO] [1789489902.654007219] [robot_0.robot_supervisor]: Selected controllable event: EV_search_color
[balanced_delivery_supervisor-20] [INFO] [1789489902.794279918] [robot_2.robot_supervisor]: Selected controllable event: EV_approach_object
[balanced_delivery_supervisor-22] [INFO] [1789489902.842333639] [robot_0.robot_supervisor]: Selected controllable event: EV_move_forward
[balanced_delivery_supervisor-24] [INFO] [1789489902.859169425] [robot_1.robot_supervisor]: Selected controllable event: EV_approach_color
[balanced_delivery_supervisor-20] [INFO] [1789489903.011834900] [robot_2.robot_supervisor]: Selected controllable event: EV_search_object
[balanced_delivery_supervisor-22] [INFO] [1789489903.073135101] [robot_0.robot_supervisor]: ############################# VISIBLE: EV_object_visible #############################
[balanced_delivery_supervisor-22] [INFO] [1789489903.078757706] [robot_0.robot_supervisor]: Selected controllable event: EV_search_color
[balanced_delivery_supervisor-24] [INFO] [1789489903.128805653] [robot_1.robot_supervisor]: ############################# VISIBLE: EV_object_visible #############################
[balanced_delivery_supervisor-24] [INFO] [1789489903.132887159] [robot_1.robot_supervisor]: Selected controllable event: EV_approach_object
[balanced_delivery_supervisor-20] [INFO] [1789489903.195291181] [robot_2.robot_supervisor]: Selected controllable event: EV_search_object
[balanced_delivery_supervisor-22] [INFO] [1789489903.260717936] [robot_0.robot_supervisor]: Selected controllable event: EV_search_color
[balanced_delivery_supervisor-20] [INFO] [1789489903.302611479] [robot_2.robot_supervisor]: Selected controllable event: EV_search_color
[balanced_delivery_supervisor-24] [INFO] [1789489903.336467608] [robot_1.robot_supervisor]: Selected controllable event: EV_approach_color
[balanced_delivery_supervisor-22] [INFO] [1789489903.374583933] [robot_0.robot_supervisor]: Selected controllable event: EV_approach_color
[balanced_delivery_supervisor-20] [INFO] [1789489903.504811919] [robot_2.robot_supervisor]: Selected controllable event: EV_search_object
[balanced_delivery_supervisor-24] [INFO] [1789489903.566480038] [robot_1.robot_supervisor]: Selected controllable event: EV_move_forward
[balanced_delivery_supervisor-22] [INFO] [1789489903.648885407] [robot_0.robot_supervisor]: Selected controllable event: EV_move_forward
[balanced_delivery_supervisor-20] [INFO] [1789489903.698372217] [robot_2.robot_supervisor]: Selected controllable event: EV_search_color
[balanced_delivery_supervisor-20] [INFO] [1789489903.812679451] [robot_2.robot_supervisor]: Selected controllable event: EV_approach_object
[balanced_delivery_supervisor-24] [INFO] [1789489903.828969112] [robot_1.robot_supervisor]: ############################# VISIBLE: EV_object_visible #############################
[balanced_delivery_supervisor-24] [INFO] [1789489903.850045721] [robot_1.robot_supervisor]: Selected controllable event: EV_search_object
[balanced_delivery_supervisor-24] [INFO] [1789489903.957746229] [robot_1.robot_supervisor]: Selected controllable event: EV_approach_object
[balanced_delivery_supervisor-22] [INFO] [1789489903.960075863] [robot_0.robot_supervisor]: ############################# VISIBLE: EV_object_visible #############################
[balanced_delivery_supervisor-22] [INFO] [1789489903.961051787] [robot_0.robot_supervisor]: Selected controllable event: EV_search_object
[balanced_delivery_supervisor-20] [INFO] [1789489904.107031247] [robot_2.robot_supervisor]: Selected controllable event: EV_move_forward
[balanced_delivery_supervisor-22] [INFO] [1789489904.167795984] [robot_0.robot_supervisor]: Selected controllable event: EV_search_color
[balanced_delivery_supervisor-24] [INFO] [1789489904.245511790] [robot_1.robot_supervisor]: Selected controllable event: EV_approach_object
[balanced_delivery_supervisor-22] [INFO] [1789489904.357864129] [robot_0.robot_supervisor]: Selected controllable event: EV_search_color
[balanced_delivery_supervisor-20] [INFO] [1789489904.403458689] [robot_2.robot_supervisor]: Selected controllable event: EV_search_object
[balanced_delivery_supervisor-20] [INFO] [1789489904.509496946] [robot_2.robot_supervisor]: Selected controllable event: EV_search_object
[balanced_delivery_supervisor-24] [INFO] [1789489904.536990002] [robot_1.robot_supervisor]: ############################# VISIBLE: EV_object_visible #############################
[balanced_delivery_supervisor-24] [INFO] [1789489904.537968583] [robot_1.robot_supervisor]: Selected controllable event: EV_search_object
[balanced_delivery_supervisor-22] [INFO] [1789489904.550567498] [robot_0.robot_supervisor]: Triggered uncontrollable event: EV_obstacle_right
[balanced_delivery_supervisor-22] [INFO] [1789489904.573418636] [robot_0.robot_supervisor]: ############################# VISIBLE: EV_object_visible #############################
[balanced_delivery_supervisor-22] [INFO] [1789489904.574493559] [robot_0.robot_supervisor]: Selected controllable event: EV_u_turn
[balanced_delivery_supervisor-22] [INFO] [1789489904.575346610] [robot_0.robot_supervisor]: Starting FULL ROTATE (omega=1.000, have_odom=True, target_rad=3.142, timeout_s=3.500)
[balanced_delivery_supervisor-20] [INFO] [1789489904.713725885] [robot_2.robot_supervisor]: Selected controllable event: EV_search_color
[balanced_delivery_supervisor-24] [INFO] [1789489904.735700811] [robot_1.robot_supervisor]: Selected controllable event: EV_approach_object
[balanced_delivery_supervisor-20] [INFO] [1789489904.905630478] [robot_2.robot_supervisor]: Selected controllable event: EV_approach_color
[balanced_delivery_supervisor-24] [INFO] [1789489905.041456677] [robot_1.robot_supervisor]: Selected controllable event: EV_move_forward
[balanced_delivery_supervisor-20] [INFO] [1789489905.116103957] [robot_2.robot_supervisor]: Selected controllable event: EV_approach_object
[balanced_delivery_supervisor-24] [INFO] [1789489905.333915904] [robot_1.robot_supervisor]: Triggered uncontrollable event: EV_obstacle_left
[balanced_delivery_supervisor-24] [INFO] [1789489905.334718882] [robot_1.robot_supervisor]: ############################# REACHED: EV_object_reached #############################
[balanced_delivery_supervisor-24] [INFO] [1789489905.351890189] [robot_1.robot_supervisor]: Selected controllable event: EV_rotate_clockwise
[balanced_delivery_supervisor-20] [INFO] [1789489905.394929275] [robot_2.robot_supervisor]: Selected controllable event: EV_search_object
[balanced_delivery_supervisor-20] [INFO] [1789489905.512368831] [robot_2.robot_supervisor]: Selected controllable event: EV_search_object
[balanced_delivery_supervisor-24] [INFO] [1789489905.538770664] [robot_1.robot_supervisor]: Triggered uncontrollable event: EV_obstacle_left
[balanced_delivery_supervisor-24] [INFO] [1789489905.546736432] [robot_1.robot_supervisor]: Selected controllable event: EV_rotate_clockwise
[balanced_delivery_supervisor-20] [INFO] [1789489905.692195442] [robot_2.robot_supervisor]: Selected controllable event: EV_approach_color
[balanced_delivery_supervisor-24] [INFO] [1789489905.731113607] [robot_1.robot_supervisor]: Triggered uncontrollable event: EV_obstacle_left
[balanced_delivery_supervisor-24] [INFO] [1789489905.739470049] [robot_1.robot_supervisor]: ############################# REACHED: EV_object_reached #############################
[balanced_delivery_supervisor-24] [INFO] [1789489905.757262802] [robot_1.robot_supervisor]: Selected controllable event: EV_rotate_clockwise
[balanced_delivery_supervisor-20] [INFO] [1789489905.900316079] [robot_2.robot_supervisor]: Selected controllable event: EV_search_color
[balanced_delivery_supervisor-24] [INFO] [1789489905.953384604] [robot_1.robot_supervisor]: Triggered uncontrollable event: EV_obstacle_left
[balanced_delivery_supervisor-24] [INFO] [1789489905.954393972] [robot_1.robot_supervisor]: Selected controllable event: EV_u_turn
[balanced_delivery_supervisor-24] [INFO] [1789489905.976412051] [robot_1.robot_supervisor]: Starting FULL ROTATE (omega=1.000, have_odom=True, target_rad=3.142, timeout_s=3.500)
[balanced_delivery_supervisor-20] [INFO] [1789489906.003069549] [robot_2.robot_supervisor]: Selected controllable event: EV_approach_object
[balanced_delivery_supervisor-20] [INFO] [1789489906.316948340] [robot_2.robot_supervisor]: Selected controllable event: EV_search_object
[balanced_delivery_supervisor-20] [INFO] [1789489906.506611270] [robot_2.robot_supervisor]: Selected controllable event: EV_search_color
[balanced_delivery_supervisor-20] [INFO] [1789489906.700916629] [robot_2.robot_supervisor]: Selected controllable event: EV_search_object
[balanced_delivery_supervisor-20] [INFO] [1789489906.828893885] [robot_2.robot_supervisor]: Selected controllable event: EV_search_object
[balanced_delivery_supervisor-20] [INFO] [1789489906.998195086] [robot_2.robot_supervisor]: Selected controllable event: EV_approach_object
[balanced_delivery_supervisor-20] [INFO] [1789489907.302053483] [robot_2.robot_supervisor]: Selected controllable event: EV_search_color
[balanced_delivery_supervisor-20] [INFO] [1789489907.508674815] [robot_2.robot_supervisor]: Selected controllable event: EV_search_color
[balanced_delivery_supervisor-20] [INFO] [1789489907.700311812] [robot_2.robot_supervisor]: Selected controllable event: EV_approach_object
[balanced_delivery_supervisor-20] [INFO] [1789489907.927370676] [robot_2.robot_supervisor]: Selected controllable event: EV_approach_object
[balanced_delivery_supervisor-22] [INFO] [1789489908.145866832] [robot_0.robot_supervisor]: FULL ROTATE completed by timeout
[balanced_delivery_supervisor-20] [INFO] [1789489908.204395403] [robot_2.robot_supervisor]: Selected controllable event: EV_approach_object
[balanced_delivery_supervisor-22] [INFO] [1789489908.360140730] [robot_0.robot_supervisor]: ############################# VISIBLE: EV_object_visible #############################
[balanced_delivery_supervisor-22] [INFO] [1789489908.382463467] [robot_0.robot_supervisor]: Selected controllable event: EV_move_forward
[balanced_delivery_supervisor-20] [INFO] [1789489908.415977149] [robot_2.robot_supervisor]: Selected controllable event: EV_approach_color
[balanced_delivery_supervisor-22] [INFO] [1789489908.674035053] [robot_0.robot_supervisor]: ############################# VISIBLE: EV_object_visible #############################
[balanced_delivery_supervisor-22] [INFO] [1789489908.690037941] [robot_0.robot_supervisor]: Selected controllable event: EV_search_color
[balanced_delivery_supervisor-20] [INFO] [1789489908.709569940] [robot_2.robot_supervisor]: Selected controllable event: EV_search_color
[balanced_delivery_supervisor-22] [INFO] [1789489908.852904699] [robot_0.robot_supervisor]: Selected controllable event: EV_move_forward
[balanced_delivery_supervisor-20] [INFO] [1789489908.911133985] [robot_2.robot_supervisor]: Selected controllable event: EV_approach_color
[color_detector-27] [WARN] [1789489909.043335442] [robot_2.target_detector]: RGB HEARTBEAT frames_total=0 recent_rate_hz=0.000 last_frame_age_s=inf status=STALE
[color_detector-29] [INFO] [1789489909.046934054] [robot_0.target_detector]: RGB HEARTBEAT frames_total=280 recent_rate_hz=1.451 last_frame_age_s=0.602 status=OK
[color_detector-31] [INFO] [1789489909.060034057] [robot_1.target_detector]: RGB HEARTBEAT frames_total=280 recent_rate_hz=1.454 last_frame_age_s=0.635 status=OK
[balanced_delivery_supervisor-22] [INFO] [1789489909.146523862] [robot_0.robot_supervisor]: Selected controllable event: EV_move_forward
[INFO] [coverage_counter-4]: process has finished cleanly [pid 73085]
[INFO] [launch]: process[coverage_counter-4] was required: shutting down launched system
[INFO] [color_detector-31]: sending signal 'SIGINT' to process[color_detector-31]
[INFO] [image_processor-30]: sending signal 'SIGINT' to process[image_processor-30]
[INFO] [color_detector-29]: sending signal 'SIGINT' to process[color_detector-29]
[INFO] [image_processor-28]: sending signal 'SIGINT' to process[image_processor-28]
[INFO] [color_detector-27]: sending signal 'SIGINT' to process[color_detector-27]
[INFO] [image_processor-26]: sending signal 'SIGINT' to process[image_processor-26]
[INFO] [stuck_recovery-25]: sending signal 'SIGINT' to process[stuck_recovery-25]
[INFO] [balanced_delivery_supervisor-24]: sending signal 'SIGINT' to process[balanced_delivery_supervisor-24]
[INFO] [stuck_recovery-23]: sending signal 'SIGINT' to process[stuck_recovery-23]
[INFO] [balanced_delivery_supervisor-22]: sending signal 'SIGINT' to process[balanced_delivery_supervisor-22]
[INFO] [stuck_recovery-21]: sending signal 'SIGINT' to process[stuck_recovery-21]
[INFO] [balanced_delivery_supervisor-20]: sending signal 'SIGINT' to process[balanced_delivery_supervisor-20]
[INFO] [parameter_bridge-19]: sending signal 'SIGINT' to process[parameter_bridge-19]
[INFO] [image_bridge-18]: sending signal 'SIGINT' to process[image_bridge-18]
[INFO] [parameter_bridge-19]: process has finished cleanly [pid 73432]
[INFO] [static_transform_publisher-17]: sending signal 'SIGINT' to process[static_transform_publisher-17]
[INFO] [robot_state_publisher-15]: sending signal 'SIGINT' to process[robot_state_publisher-15]
[INFO] [image_bridge-14]: sending signal 'SIGINT' to process[image_bridge-14]
[INFO] [static_transform_publisher-13]: sending signal 'SIGINT' to process[static_transform_publisher-13]
[INFO] [robot_state_publisher-11]: sending signal 'SIGINT' to process[robot_state_publisher-11]
[INFO] [image_bridge-10]: sending signal 'SIGINT' to process[image_bridge-10]
[INFO] [static_transform_publisher-9]: sending signal 'SIGINT' to process[static_transform_publisher-9]
[INFO] [robot_state_publisher-7]: sending signal 'SIGINT' to process[robot_state_publisher-7]
[INFO] [parameter_bridge-6]: sending signal 'SIGINT' to process[parameter_bridge-6]
[INFO] [bump_counter-5]: sending signal 'SIGINT' to process[bump_counter-5]
[INFO] [simulation_video_recorder-3]: sending signal 'SIGINT' to process[simulation_video_recorder-3]
[INFO] [parameter_bridge-6]: process has finished cleanly [pid 73114]
[ERROR] [color_detector-31]: process has died [pid 75559, exit code 1, cmd '/home/ecem/sct_ws/install/leo_image_processing/lib/leo_image_processing/color_detector --ros-args -r __node:=target_detector -r __ns:=/robot_1 --params-file /tmp/launch_params_btgt71yw --params-file /tmp/launch_params_un7_d0la --params-file /tmp/launch_params_f1i7sxu5 --params-file /tmp/launch_params_5yv_btnz --params-file /tmp/launch_params__700v0x7 --params-file /tmp/launch_params_8dmngxj4'].
[INFO] [image_bridge-2]: sending signal 'SIGINT' to process[image_bridge-2]
[INFO] [ign gazebo-1]: sending signal 'SIGINT' to process[ign gazebo-1]
[ERROR] [image_processor-30]: process has died [pid 75557, exit code 1, cmd '/home/ecem/sct_ws/install/leo_image_processing/lib/leo_image_processing/image_processor --ros-args -r __node:=image_processor -r __ns:=/robot_1 --params-file /tmp/launch_params_ujiybobl --params-file /tmp/launch_params_uaei8nl4 --params-file /tmp/launch_params_9iwb3hn4'].
[INFO] [static_transform_publisher-17]: process has finished cleanly [pid 73364]
[INFO] [robot_state_publisher-15]: process has finished cleanly [pid 73309]
[INFO] [image_bridge-18]: process has finished cleanly [pid 73400]
[balanced_delivery_supervisor-20] [INFO] [1789489909.210915132] [robot_2.robot_supervisor]: Selected controllable event: EV_search_object
[balanced_delivery_supervisor-20] [INFO] [1789489909.410260505] [robot_2.robot_supervisor]: Selected controllable event: EV_approach_color
[INFO] [static_transform_publisher-13]: process has finished cleanly [pid 73236]
[ERROR] [color_detector-29]: process has died [pid 75555, exit code 1, cmd '/home/ecem/sct_ws/install/leo_image_processing/lib/leo_image_processing/color_detector --ros-args -r __node:=target_detector -r __ns:=/robot_0 --params-file /tmp/launch_params_9s4u3h4v --params-file /tmp/launch_params_yyxv4g01 --params-file /tmp/launch_params_ozwa5_a3 --params-file /tmp/launch_params_axdys5_i --params-file /tmp/launch_params_h576i6m2 --params-file /tmp/launch_params_8coo2w4t'].
[balanced_delivery_supervisor-22] [INFO] [1789489909.461616485] [robot_0.robot_supervisor]: Triggered uncontrollable event: EV_object_not_visible
[balanced_delivery_supervisor-22] [INFO] [1789489909.462771059] [robot_0.robot_supervisor]: Selected controllable event: EV_move_forward
[balanced_delivery_supervisor-24] [INFO] [1789489909.547756521] [robot_1.robot_supervisor]: FULL ROTATE completed by timeout
[balanced_delivery_supervisor-20] [INFO] [1789489909.627860608] [robot_2.robot_supervisor]: Selected controllable event: EV_move_forward
[balanced_delivery_supervisor-22] [INFO] [1789489909.761776113] [robot_0.robot_supervisor]: Selected controllable event: EV_search_color
[balanced_delivery_supervisor-24] [INFO] [1789489909.840051403] [robot_1.robot_supervisor]: Triggered uncontrollable event: EV_obstacle_right
[balanced_delivery_supervisor-24] [INFO] [1789489909.843177886] [robot_1.robot_supervisor]: ############################# REACHED: EV_object_reached #############################
[balanced_delivery_supervisor-24] [INFO] [1789489909.848585796] [robot_1.robot_supervisor]: Selected controllable event: EV_u_turn
[balanced_delivery_supervisor-22] [INFO] [1789489909.954178865] [robot_0.robot_supervisor]: Selected controllable event: EV_search_color
[INFO] [image_bridge-14]: process has finished cleanly [pid 73282]
[balanced_delivery_supervisor-24] [INFO] [1789489909.970748214] [robot_1.robot_supervisor]: Triggered uncontrollable event: EV_obstacle_right
[balanced_delivery_supervisor-24] [INFO] [1789489909.992402777] [robot_1.robot_supervisor]: Selected controllable event: EV_rotate_counterclockwise
[balanced_delivery_supervisor-24] [WARN] [1789489909.993574153] [robot_1.robot_supervisor]: no translation for 4.4s livelock detected; starting atomic escape (turn_sign=+1)
[balanced_delivery_supervisor-20] [INFO] [1789489909.972944386] [robot_2.robot_supervisor]: Selected controllable event: EV_search_color
[balanced_delivery_supervisor-20] [INFO] [1789489910.118547045] [robot_2.robot_supervisor]: Selected controllable event: EV_approach_color
[balanced_delivery_supervisor-22] [INFO] [1789489910.151725769] [robot_0.robot_supervisor]: Selected controllable event: EV_approach_color
[balanced_delivery_supervisor-22] [INFO] [1789489910.373666975] [robot_0.robot_supervisor]: Selected controllable event: EV_search_object
[balanced_delivery_supervisor-20] [INFO] [1789489910.462157882] [robot_2.robot_supervisor]: Selected controllable event: EV_approach_color
[balanced_delivery_supervisor-22] [INFO] [1789489910.565141877] [robot_0.robot_supervisor]: Selected controllable event: EV_search_color
[parameter_bridge-19] [INFO] [1789489910.961845779] [rclcpp]: signal_handler(SIGINT/SIGTERM)
[image_bridge-18] [INFO] [1789489911.075015029] [rclcpp]: signal_handler(SIGINT/SIGTERM)
[static_transform_publisher-17] [INFO] [1789489911.129546730] [rclcpp]: signal_handler(SIGINT/SIGTERM)
[robot_state_publisher-15] [INFO] [1789489911.219059293] [rclcpp]: signal_handler(SIGINT/SIGTERM)
[INFO] [robot_state_publisher-11]: process has finished cleanly [pid 73189]
[color_detector-31] Traceback (most recent call last):
[color_detector-31]   File "/home/ecem/sct_ws/install/leo_image_processing/lib/leo_image_processing/color_detector", line 33, in <module>
[color_detector-31]     sys.exit(load_entry_point('leo-image-processing==0.0.0', 'console_scripts', 'color_detector')())
[color_detector-31]   File "/home/ecem/sct_ws/install/leo_image_processing/lib/python3.10/site-packages/color_detector.py", line 330, in main
[color_detector-31]     rclpy.shutdown()
[color_detector-31]   File "/opt/ros/humble/local/lib/python3.10/dist-packages/rclpy/__init__.py", line 130, in shutdown
[color_detector-31]     _shutdown(context=context)
[color_detector-31]   File "/opt/ros/humble/local/lib/python3.10/dist-packages/rclpy/utilities.py", line 58, in shutdown
[color_detector-31]     return context.shutdown()
[color_detector-31]   File "/opt/ros/humble/local/lib/python3.10/dist-packages/rclpy/context.py", line 102, in shutdown
[color_detector-31]     self.__context.shutdown()
[color_detector-31] rclpy._rclpy_pybind11.RCLError: failed to shutdown: rcl_shutdown already called on the given context, at ./src/rcl/init.c:241
[image_bridge-14] [INFO] [1789489911.310806391] [rclcpp]: signal_handler(SIGINT/SIGTERM)
[static_transform_publisher-13] [INFO] [1789489911.391990373] [rclcpp]: signal_handler(SIGINT/SIGTERM)
[image_processor-30] Traceback (most recent call last):
[image_processor-30]   File "/home/ecem/sct_ws/install/leo_image_processing/lib/leo_image_processing/image_processor", line 33, in <module>
[image_processor-30]     sys.exit(load_entry_point('leo-image-processing==0.0.0', 'console_scripts', 'image_processor')())
[image_processor-30]   File "/home/ecem/sct_ws/install/leo_image_processing/lib/python3.10/site-packages/leo_image_processing.py", line 118, in main
[image_processor-30]     rclpy.shutdown()
[image_processor-30]   File "/opt/ros/humble/local/lib/python3.10/dist-packages/rclpy/__init__.py", line 130, in shutdown
[image_processor-30]     _shutdown(context=context)
[image_processor-30]   File "/opt/ros/humble/local/lib/python3.10/dist-packages/rclpy/utilities.py", line 58, in shutdown
[image_processor-30]     return context.shutdown()
[image_processor-30]   File "/opt/ros/humble/local/lib/python3.10/dist-packages/rclpy/context.py", line 102, in shutdown
[image_processor-30]     self.__context.shutdown()
[image_processor-30] rclpy._rclpy_pybind11.RCLError: failed to shutdown: rcl_shutdown already called on the given context, at ./src/rcl/init.c:241
[ERROR] [image_processor-28]: process has died [pid 75553, exit code 1, cmd '/home/ecem/sct_ws/install/leo_image_processing/lib/leo_image_processing/image_processor --ros-args -r __node:=image_processor -r __ns:=/robot_0 --params-file /tmp/launch_params_u2pl5esu --params-file /tmp/launch_params_rc66_x9k --params-file /tmp/launch_params_0zt6ib9l'].
[color_detector-29] Traceback (most recent call last):
[color_detector-29]   File "/home/ecem/sct_ws/install/leo_image_processing/lib/leo_image_processing/color_detector", line 33, in <module>
[color_detector-29]     sys.exit(load_entry_point('leo-image-processing==0.0.0', 'console_scripts', 'color_detector')())
[color_detector-29]   File "/home/ecem/sct_ws/install/leo_image_processing/lib/python3.10/site-packages/color_detector.py", line 330, in main
[color_detector-29]     rclpy.shutdown()
[color_detector-29]   File "/opt/ros/humble/local/lib/python3.10/dist-packages/rclpy/__init__.py", line 130, in shutdown
[color_detector-29]     _shutdown(context=context)
[color_detector-29]   File "/opt/ros/humble/local/lib/python3.10/dist-packages/rclpy/utilities.py", line 58, in shutdown
[color_detector-29]     return context.shutdown()
[color_detector-29]   File "/opt/ros/humble/local/lib/python3.10/dist-packages/rclpy/context.py", line 102, in shutdown
[color_detector-29]     self.__context.shutdown()
[color_detector-29] rclpy._rclpy_pybind11.RCLError: failed to shutdown: rcl_shutdown already called on the given context, at ./src/rcl/init.c:241
[robot_state_publisher-11] [INFO] [1789489911.499320106] [rclcpp]: signal_handler(SIGINT/SIGTERM)
[image_bridge-10] [INFO] [1789489911.617278871] [rclcpp]: signal_handler(SIGINT/SIGTERM)
[image_processor-28] Traceback (most recent call last):
[image_processor-28]   File "/home/ecem/sct_ws/install/leo_image_processing/lib/leo_image_processing/image_processor", line 33, in <module>
[image_processor-28]     sys.exit(load_entry_point('leo-image-processing==0.0.0', 'console_scripts', 'image_processor')())
[image_processor-28]   File "/home/ecem/sct_ws/install/leo_image_processing/lib/python3.10/site-packages/leo_image_processing.py", line 118, in main
[image_processor-28]     rclpy.shutdown()
[image_processor-28]   File "/opt/ros/humble/local/lib/python3.10/dist-packages/rclpy/__init__.py", line 130, in shutdown
[image_processor-28]     _shutdown(context=context)
[image_processor-28]   File "/opt/ros/humble/local/lib/python3.10/dist-packages/rclpy/utilities.py", line 58, in shutdown
[image_processor-28]     return context.shutdown()
[image_processor-28]   File "/opt/ros/humble/local/lib/python3.10/dist-packages/rclpy/context.py", line 102, in shutdown
[image_processor-28]     self.__context.shutdown()
[image_processor-28] rclpy._rclpy_pybind11.RCLError: failed to shutdown: rcl_shutdown already called on the given context, at ./src/rcl/init.c:241
[static_transform_publisher-9] [INFO] [1789489911.744982508] [rclcpp]: signal_handler(SIGINT/SIGTERM)
[robot_state_publisher-7] [INFO] [1789489911.826008514] [rclcpp]: signal_handler(SIGINT/SIGTERM)
[parameter_bridge-6] [INFO] [1789489911.984880563] [rclcpp]: signal_handler(SIGINT/SIGTERM)
[image_processor-26] Traceback (most recent call last):
[image_processor-26]   File "/home/ecem/sct_ws/install/leo_image_processing/lib/leo_image_processing/image_processor", line 33, in <module>
[image_processor-26]     sys.exit(load_entry_point('leo-image-processing==0.0.0', 'console_scripts', 'image_processor')())
[image_processor-26]   File "/home/ecem/sct_ws/install/leo_image_processing/lib/python3.10/site-packages/leo_image_processing.py", line 118, in main
[image_processor-26]     rclpy.shutdown()
[image_processor-26]   File "/opt/ros/humble/local/lib/python3.10/dist-packages/rclpy/__init__.py", line 130, in shutdown
[image_processor-26]     _shutdown(context=context)
[image_processor-26]   File "/opt/ros/humble/local/lib/python3.10/dist-packages/rclpy/utilities.py", line 58, in shutdown
[image_processor-26]     return context.shutdown()
[image_processor-26]   File "/opt/ros/humble/local/lib/python3.10/dist-packages/rclpy/context.py", line 102, in shutdown
[image_processor-26]     self.__context.shutdown()
[image_processor-26] rclpy._rclpy_pybind11.RCLError: failed to shutdown: rcl_shutdown already called on the given context, at ./src/rcl/init.c:241
[color_detector-27] Traceback (most recent call last):
[color_detector-27]   File "/home/ecem/sct_ws/install/leo_image_processing/lib/leo_image_processing/color_detector", line 33, in <module>
[color_detector-27]     sys.exit(load_entry_point('leo-image-processing==0.0.0', 'console_scripts', 'color_detector')())
[color_detector-27]   File "/home/ecem/sct_ws/install/leo_image_processing/lib/python3.10/site-packages/color_detector.py", line 330, in main
[color_detector-27]     rclpy.shutdown()
[color_detector-27]   File "/opt/ros/humble/local/lib/python3.10/dist-packages/rclpy/__init__.py", line 130, in shutdown
[color_detector-27]     _shutdown(context=context)
[color_detector-27]   File "/opt/ros/humble/local/lib/python3.10/dist-packages/rclpy/utilities.py", line 58, in shutdown
[color_detector-27]     return context.shutdown()
[color_detector-27]   File "/opt/ros/humble/local/lib/python3.10/dist-packages/rclpy/context.py", line 102, in shutdown
[color_detector-27]     self.__context.shutdown()
[color_detector-27] rclpy._rclpy_pybind11.RCLError: failed to shutdown: rcl_shutdown already called on the given context, at ./src/rcl/init.c:241
[stuck_recovery-25] Traceback (most recent call last):
[stuck_recovery-25]   File "/home/ecem/sct_ws/install/leo_image_processing/lib/leo_image_processing/stuck_recovery", line 33, in <module>
[stuck_recovery-25]     sys.exit(load_entry_point('leo-image-processing==0.0.0', 'console_scripts', 'stuck_recovery')())
[stuck_recovery-25]   File "/home/ecem/sct_ws/install/leo_image_processing/lib/python3.10/site-packages/stuck_recovery.py", line 294, in main
[stuck_recovery-25]     rclpy.shutdown()
[stuck_recovery-25]   File "/opt/ros/humble/local/lib/python3.10/dist-packages/rclpy/__init__.py", line 130, in shutdown
[stuck_recovery-25]     _shutdown(context=context)
[stuck_recovery-25]   File "/opt/ros/humble/local/lib/python3.10/dist-packages/rclpy/utilities.py", line 58, in shutdown
[stuck_recovery-25]     return context.shutdown()
[stuck_recovery-25]   File "/opt/ros/humble/local/lib/python3.10/dist-packages/rclpy/context.py", line 102, in shutdown
[stuck_recovery-25]     self.__context.shutdown()
[stuck_recovery-25] rclpy._rclpy_pybind11.RCLError: failed to shutdown: rcl_shutdown already called on the given context, at ./src/rcl/init.c:241
[image_bridge-2] [INFO] [1789489912.412113728] [rclcpp]: signal_handler(SIGINT/SIGTERM)
[stuck_recovery-23] Traceback (most recent call last):
[stuck_recovery-23]   File "/home/ecem/sct_ws/install/leo_image_processing/lib/leo_image_processing/stuck_recovery", line 33, in <module>
[stuck_recovery-23]     sys.exit(load_entry_point('leo-image-processing==0.0.0', 'console_scripts', 'stuck_recovery')())
[stuck_recovery-23]   File "/home/ecem/sct_ws/install/leo_image_processing/lib/python3.10/site-packages/stuck_recovery.py", line 294, in main
[stuck_recovery-23]     rclpy.shutdown()
[stuck_recovery-23]   File "/opt/ros/humble/local/lib/python3.10/dist-packages/rclpy/__init__.py", line 130, in shutdown
[stuck_recovery-23]     _shutdown(context=context)
[stuck_recovery-23]   File "/opt/ros/humble/local/lib/python3.10/dist-packages/rclpy/utilities.py", line 58, in shutdown
[stuck_recovery-23]     return context.shutdown()
[stuck_recovery-23]   File "/opt/ros/humble/local/lib/python3.10/dist-packages/rclpy/context.py", line 102, in shutdown
[stuck_recovery-23]     self.__context.shutdown()
[stuck_recovery-23] rclpy._rclpy_pybind11.RCLError: failed to shutdown: rcl_shutdown already called on the given context, at ./src/rcl/init.c:241
[stuck_recovery-21] Traceback (most recent call last):
[stuck_recovery-21]   File "/home/ecem/sct_ws/install/leo_image_processing/lib/leo_image_processing/stuck_recovery", line 33, in <module>
[stuck_recovery-21]     sys.exit(load_entry_point('leo-image-processing==0.0.0', 'console_scripts', 'stuck_recovery')())
[stuck_recovery-21]   File "/home/ecem/sct_ws/install/leo_image_processing/lib/python3.10/site-packages/stuck_recovery.py", line 294, in main
[stuck_recovery-21]     rclpy.shutdown()
[stuck_recovery-21]   File "/opt/ros/humble/local/lib/python3.10/dist-packages/rclpy/__init__.py", line 130, in shutdown
[stuck_recovery-21]     _shutdown(context=context)
[stuck_recovery-21]   File "/opt/ros/humble/local/lib/python3.10/dist-packages/rclpy/utilities.py", line 58, in shutdown
[stuck_recovery-21]     return context.shutdown()
[stuck_recovery-21]   File "/opt/ros/humble/local/lib/python3.10/dist-packages/rclpy/context.py", line 102, in shutdown
[stuck_recovery-21]     self.__context.shutdown()
[stuck_recovery-21] rclpy._rclpy_pybind11.RCLError: failed to shutdown: rcl_shutdown already called on the given context, at ./src/rcl/init.c:241
[INFO] [static_transform_publisher-9]: process has finished cleanly [pid 73160]
[INFO] [image_bridge-10]: process has finished cleanly [pid 73171]
[INFO] [balanced_delivery_supervisor-22]: process has finished cleanly [pid 75273]
[INFO] [balanced_delivery_supervisor-24]: process has finished cleanly [pid 75279]
[ERROR] [image_processor-26]: process has died [pid 75549, exit code 1, cmd '/home/ecem/sct_ws/install/leo_image_processing/lib/leo_image_processing/image_processor --ros-args -r __node:=image_processor -r __ns:=/robot_2 --params-file /tmp/launch_params_ci765nme --params-file /tmp/launch_params_ivvi99ru --params-file /tmp/launch_params_r5pdgnuc'].
[INFO] [balanced_delivery_supervisor-20]: process has finished cleanly [pid 75267]
[ERROR] [color_detector-27]: process has died [pid 75551, exit code 1, cmd '/home/ecem/sct_ws/install/leo_image_processing/lib/leo_image_processing/color_detector --ros-args -r __node:=target_detector -r __ns:=/robot_2 --params-file /tmp/launch_params_64mtjmvy --params-file /tmp/launch_params_dc1gnqir --params-file /tmp/launch_params_t52jnabj --params-file /tmp/launch_params_pmkwpeqf --params-file /tmp/launch_params_rduhewba --params-file /tmp/launch_params_bc_dibt6'].
[INFO] [robot_state_publisher-7]: process has finished cleanly [pid 73118]
[ERROR] [stuck_recovery-25]: process has died [pid 75281, exit code 1, cmd '/home/ecem/sct_ws/install/leo_image_processing/lib/leo_image_processing/stuck_recovery --ros-args -r __node:=stuck_recovery -r __ns:=/robot_1 --params-file /tmp/launch_params_4owkdmsv --params-file /tmp/launch_params_bk76nttd --params-file /tmp/launch_params_qj5eemml --params-file /tmp/launch_params_cjoahg3w --params-file /tmp/launch_params_qyo75rvr --params-file /tmp/launch_params_060r5ep4 --params-file /tmp/launch_params_byv__pr7 --params-file /tmp/launch_params__xwgj864 --params-file /tmp/launch_params_4j7c3o9p --params-file /tmp/launch_params_mpdd73ig'].
[ERROR] [stuck_recovery-23]: process has died [pid 75275, exit code 1, cmd '/home/ecem/sct_ws/install/leo_image_processing/lib/leo_image_processing/stuck_recovery --ros-args -r __node:=stuck_recovery -r __ns:=/robot_0 --params-file /tmp/launch_params_jpwtut5l --params-file /tmp/launch_params_pg66703n --params-file /tmp/launch_params_le0i75ns --params-file /tmp/launch_params_m7pd1oua --params-file /tmp/launch_params_bbkmgn9t --params-file /tmp/launch_params_tv96p19z --params-file /tmp/launch_params_1rzkmg9v --params-file /tmp/launch_params_0lv1fc0u --params-file /tmp/launch_params_fbnzbvkl --params-file /tmp/launch_params_boevtl4j'].
[ERROR] [stuck_recovery-21]: process has died [pid 75269, exit code 1, cmd '/home/ecem/sct_ws/install/leo_image_processing/lib/leo_image_processing/stuck_recovery --ros-args -r __node:=stuck_recovery -r __ns:=/robot_2 --params-file /tmp/launch_params_stkgdtu6 --params-file /tmp/launch_params_mrftl5gr --params-file /tmp/launch_params__8c1svy3 --params-file /tmp/launch_params_5_34n22s --params-file /tmp/launch_params_a_q_7ojy --params-file /tmp/launch_params_7xoh4sbb --params-file /tmp/launch_params_3fx3ncad --params-file /tmp/launch_params_e9817o27 --params-file /tmp/launch_params_t7h_43yu --params-file /tmp/launch_params_a00o94wt'].
[bump_counter-5] Traceback (most recent call last):
[bump_counter-5]   File "/home/ecem/sct_ws/install/evaluation/lib/evaluation/bump_counter", line 33, in <module>
[bump_counter-5]     sys.exit(load_entry_point('evaluation==0.0.0', 'console_scripts', 'bump_counter')())
[bump_counter-5]   File "/home/ecem/sct_ws/install/evaluation/lib/python3.10/site-packages/evaluation/bump_counter.py", line 697, in main
[bump_counter-5]     rclpy.shutdown()
[bump_counter-5]   File "/opt/ros/humble/local/lib/python3.10/dist-packages/rclpy/__init__.py", line 130, in shutdown
[bump_counter-5]     _shutdown(context=context)
[bump_counter-5]   File "/opt/ros/humble/local/lib/python3.10/dist-packages/rclpy/utilities.py", line 58, in shutdown
[bump_counter-5]     return context.shutdown()
[bump_counter-5]   File "/opt/ros/humble/local/lib/python3.10/dist-packages/rclpy/context.py", line 102, in shutdown
[bump_counter-5]     self.__context.shutdown()
[bump_counter-5] rclpy._rclpy_pybind11.RCLError: failed to shutdown: rcl_shutdown already called on the given context, at ./src/rcl/init.c:241
[ERROR] [bump_counter-5]: process has died [pid 73096, exit code 1, cmd '/home/ecem/sct_ws/install/evaluation/lib/evaluation/bump_counter --ros-args -r __node:=bump_counter --params-file /tmp/launch_params_nw2chzpd --params-file /tmp/launch_params_v5mxa64k --params-file /tmp/launch_params_ez3jmvtr --params-file /tmp/launch_params_hh2riyru --params-file /tmp/launch_params_1kfria_v --params-file /tmp/launch_params__31o6vxs --params-file /tmp/launch_params_huontmsn --params-file /tmp/launch_params_nnqa13xz'].
[INFO] [simulation_video_recorder-3]: process has finished cleanly [pid 73078]
[INFO] [image_bridge-2]: process has finished cleanly [pid 73069]
[ERROR] [ign gazebo-1]: process[ign gazebo-1] failed to terminate '5' seconds after receiving 'SIGINT', escalating to 'SIGTERM'
[INFO] [ign gazebo-1]: sending signal 'SIGTERM' to process[ign gazebo-1]
[ERROR] [ign gazebo-1]: process has died [pid 73063, exit code -15, cmd 'ruby /usr/bin/ign gazebo /tmp/leo_delivery_no_overhead_camera_offexfyo.sdf -s --headless-rendering -r -z 200 --force-version 6'].
[INFO] [launch]: process[ign gazebo-1] was required: shutting down launched system
