[INFO] [launch]: All log files can be found below /home/ecem/sct_ws/src/llm_sct/RESULTS_LAST/baseline/delivery_stack_xml/batch_logs/ros_slot4/2026-09-15-18-31-55-081114-ecem-pc-75745
[INFO] [launch]: Default logging verbosity is set to INFO
[leo_delivery] randomized task layout with seed 1010
[spawn_multi_robots] run_id=run_20260915_183155_756994574 random_seed=1010 
[INFO] [ign gazebo-1]: process started with pid [75944]
[INFO] [image_bridge-2]: process started with pid [75948]
[INFO] [simulation_video_recorder-3]: process started with pid [75959]
[INFO] [coverage_counter-4]: process started with pid [75961]
[INFO] [bump_counter-5]: process started with pid [75966]
[INFO] [parameter_bridge-6]: process started with pid [75984]
[INFO] [robot_state_publisher-7]: process started with pid [75995]
[INFO] [create-8]: process started with pid [76006]
[INFO] [static_transform_publisher-9]: process started with pid [76015]
[INFO] [image_bridge-10]: process started with pid [76029]
[INFO] [robot_state_publisher-11]: process started with pid [76042]
[INFO] [create-12]: process started with pid [76044]
[INFO] [static_transform_publisher-13]: process started with pid [76074]
[INFO] [image_bridge-14]: process started with pid [76087]
[INFO] [robot_state_publisher-15]: process started with pid [76101]
[INFO] [create-16]: process started with pid [76129]
[INFO] [static_transform_publisher-17]: process started with pid [76147]
[INFO] [image_bridge-18]: process started with pid [76160]
[INFO] [parameter_bridge-19]: process started with pid [76214]
[static_transform_publisher-9] [WARN] [1789489916.153499613] []: Old-style arguments are deprecated; see --help for new-style arguments
[static_transform_publisher-9] [INFO] [1789489916.363786081] [robot_0_spawn_offset_tf]: Spinning until stopped - publishing transform
[static_transform_publisher-9] translation: ('1.608029', '-2.764436', '0.000000')
[static_transform_publisher-9] rotation: ('0.000000', '0.000000', '0.134398', '0.990927')
[static_transform_publisher-9] from 'odom' to 'robot_0/odom'
[static_transform_publisher-13] [WARN] [1789489916.247913068] []: Old-style arguments are deprecated; see --help for new-style arguments
[static_transform_publisher-13] [INFO] [1789489916.274838051] [robot_1_spawn_offset_tf]: Spinning until stopped - publishing transform
[static_transform_publisher-13] translation: ('-2.079638', '1.199296', '0.000000')
[static_transform_publisher-13] rotation: ('0.000000', '0.000000', '-0.892382', '0.451281')
[static_transform_publisher-13] from 'odom' to 'robot_1/odom'
[static_transform_publisher-17] [WARN] [1789489916.340975367] []: Old-style arguments are deprecated; see --help for new-style arguments
[static_transform_publisher-17] [INFO] [1789489916.522890080] [robot_2_spawn_offset_tf]: Spinning until stopped - publishing transform
[static_transform_publisher-17] translation: ('0.036259', '-1.861803', '0.000000')
[static_transform_publisher-17] rotation: ('0.000000', '0.000000', '0.488778', '0.872408')
[static_transform_publisher-17] from 'odom' to 'robot_2/odom'
[create-12] [INFO] [1789489916.649581764] [robot_1.ros_gz_sim]: Requesting list of world names.
[create-8] [INFO] [1789489916.657557005] [robot_0.ros_gz_sim]: Requesting list of world names.
[robot_state_publisher-7] [INFO] [1789489916.707775443] [robot_0.robot_state_publisher]: got segment robot_0/antenna_link
[robot_state_publisher-7] [INFO] [1789489916.707914072] [robot_0.robot_state_publisher]: got segment robot_0/base_footprint
[robot_state_publisher-7] [INFO] [1789489916.707933237] [robot_0.robot_state_publisher]: got segment robot_0/base_link
[robot_state_publisher-7] [INFO] [1789489916.707942510] [robot_0.robot_state_publisher]: got segment robot_0/realsense_link
[robot_state_publisher-7] [INFO] [1789489916.707950772] [robot_0.robot_state_publisher]: got segment robot_0/rocker_L_link
[robot_state_publisher-7] [INFO] [1789489916.713313590] [robot_0.robot_state_publisher]: got segment robot_0/rocker_R_link
[robot_state_publisher-7] [INFO] [1789489916.713349329] [robot_0.robot_state_publisher]: got segment robot_0/wheel_FL_link
[robot_state_publisher-7] [INFO] [1789489916.713360822] [robot_0.robot_state_publisher]: got segment robot_0/wheel_FR_link
[robot_state_publisher-7] [INFO] [1789489916.713370149] [robot_0.robot_state_publisher]: got segment robot_0/wheel_RL_link
[robot_state_publisher-7] [INFO] [1789489916.713380173] [robot_0.robot_state_publisher]: got segment robot_0/wheel_RR_link
[create-16] [INFO] [1789489916.755053759] [robot_2.ros_gz_sim]: Requesting list of world names.
[parameter_bridge-6] [INFO] [1789489916.869514752] [all_robots_bridge]: Creating ROS->GZ Bridge: [/robot_0/cmd_vel (geometry_msgs/msg/Twist) -> /robot_0/cmd_vel (ignition.msgs.Twist)] (Lazy 0)
[parameter_bridge-6] [INFO] [1789489916.871342820] [all_robots_bridge]: Creating GZ->ROS Bridge: [/robot_0/odom (ignition.msgs.Odometry) -> /robot_0/odom (nav_msgs/msg/Odometry)] (Lazy 0)
[parameter_bridge-6] [INFO] [1789489916.904750594] [all_robots_bridge]: Creating GZ->ROS Bridge: [/robot_0/tf (ignition.msgs.Pose_V) -> /robot_0/tf (tf2_msgs/msg/TFMessage)] (Lazy 0)
[parameter_bridge-6] [INFO] [1789489916.906139361] [all_robots_bridge]: Creating GZ->ROS Bridge: [/robot_0/joint_states (ignition.msgs.Model) -> /robot_0/joint_states (sensor_msgs/msg/JointState)] (Lazy 0)
[parameter_bridge-6] [INFO] [1789489916.935809632] [all_robots_bridge]: Creating GZ->ROS Bridge: [/robot_0/depth_camera/depth_image (ignition.msgs.Image) -> /robot_0/depth_camera/depth_image (sensor_msgs/msg/Image)] (Lazy 0)
[parameter_bridge-6] [INFO] [1789489916.936644685] [all_robots_bridge]: Creating GZ->ROS Bridge: [/robot_0/depth_camera/camera_info (ignition.msgs.CameraInfo) -> /robot_0/depth_camera/camera_info (sensor_msgs/msg/CameraInfo)] (Lazy 0)
[parameter_bridge-6] [INFO] [1789489916.937426935] [all_robots_bridge]: Creating GZ->ROS Bridge: [/world/random_world/model/robot_0/link/robot_0/base_footprint/sensor/contact_sensor/contact (ignition.msgs.Contacts) -> /world/random_world/model/robot_0/link/robot_0/base_footprint/sensor/contact_sensor/contact (ros_gz_interfaces/msg/Contacts)] (Lazy 0)
[parameter_bridge-6] [INFO] [1789489916.968522099] [all_robots_bridge]: Creating ROS->GZ Bridge: [/robot_1/cmd_vel (geometry_msgs/msg/Twist) -> /robot_1/cmd_vel (ignition.msgs.Twist)] (Lazy 0)
[parameter_bridge-6] [INFO] [1789489916.979992004] [all_robots_bridge]: Creating GZ->ROS Bridge: [/robot_1/odom (ignition.msgs.Odometry) -> /robot_1/odom (nav_msgs/msg/Odometry)] (Lazy 0)
[parameter_bridge-6] [INFO] [1789489916.992122428] [all_robots_bridge]: Creating GZ->ROS Bridge: [/robot_1/tf (ignition.msgs.Pose_V) -> /robot_1/tf (tf2_msgs/msg/TFMessage)] (Lazy 0)
[parameter_bridge-6] [INFO] [1789489916.992970451] [all_robots_bridge]: Creating GZ->ROS Bridge: [/robot_1/joint_states (ignition.msgs.Model) -> /robot_1/joint_states (sensor_msgs/msg/JointState)] (Lazy 0)
[parameter_bridge-6] [INFO] [1789489916.999171208] [all_robots_bridge]: Creating GZ->ROS Bridge: [/robot_1/depth_camera/depth_image (ignition.msgs.Image) -> /robot_1/depth_camera/depth_image (sensor_msgs/msg/Image)] (Lazy 0)
[parameter_bridge-6] [INFO] [1789489917.005575399] [all_robots_bridge]: Creating GZ->ROS Bridge: [/robot_1/depth_camera/camera_info (ignition.msgs.CameraInfo) -> /robot_1/depth_camera/camera_info (sensor_msgs/msg/CameraInfo)] (Lazy 0)
[parameter_bridge-6] [INFO] [1789489917.015877423] [all_robots_bridge]: Creating GZ->ROS Bridge: [/world/random_world/model/robot_1/link/robot_1/base_footprint/sensor/contact_sensor/contact (ignition.msgs.Contacts) -> /world/random_world/model/robot_1/link/robot_1/base_footprint/sensor/contact_sensor/contact (ros_gz_interfaces/msg/Contacts)] (Lazy 0)
[parameter_bridge-6] [INFO] [1789489917.020579073] [all_robots_bridge]: Creating ROS->GZ Bridge: [/robot_2/cmd_vel (geometry_msgs/msg/Twist) -> /robot_2/cmd_vel (ignition.msgs.Twist)] (Lazy 0)
[parameter_bridge-6] [INFO] [1789489917.026927928] [all_robots_bridge]: Creating GZ->ROS Bridge: [/robot_2/odom (ignition.msgs.Odometry) -> /robot_2/odom (nav_msgs/msg/Odometry)] (Lazy 0)
[parameter_bridge-6] [INFO] [1789489917.034677775] [all_robots_bridge]: Creating GZ->ROS Bridge: [/robot_2/tf (ignition.msgs.Pose_V) -> /robot_2/tf (tf2_msgs/msg/TFMessage)] (Lazy 0)
[parameter_bridge-6] [INFO] [1789489917.038967176] [all_robots_bridge]: Creating GZ->ROS Bridge: [/robot_2/joint_states (ignition.msgs.Model) -> /robot_2/joint_states (sensor_msgs/msg/JointState)] (Lazy 0)
[parameter_bridge-6] [INFO] [1789489917.044170173] [all_robots_bridge]: Creating GZ->ROS Bridge: [/robot_2/depth_camera/depth_image (ignition.msgs.Image) -> /robot_2/depth_camera/depth_image (sensor_msgs/msg/Image)] (Lazy 0)
[parameter_bridge-6] [INFO] [1789489917.050998316] [all_robots_bridge]: Creating GZ->ROS Bridge: [/robot_2/depth_camera/camera_info (ignition.msgs.CameraInfo) -> /robot_2/depth_camera/camera_info (sensor_msgs/msg/CameraInfo)] (Lazy 0)
[parameter_bridge-6] [INFO] [1789489917.057736596] [all_robots_bridge]: Creating GZ->ROS Bridge: [/world/random_world/model/robot_2/link/robot_2/base_footprint/sensor/contact_sensor/contact (ignition.msgs.Contacts) -> /world/random_world/model/robot_2/link/robot_2/base_footprint/sensor/contact_sensor/contact (ros_gz_interfaces/msg/Contacts)] (Lazy 0)
[parameter_bridge-6] [INFO] [1789489917.066181909] [all_robots_bridge]: Creating GZ->ROS Bridge: [/world/random_world/dynamic_pose/info (ignition.msgs.Pose_V) -> /world/random_world/dynamic_pose/info (tf2_msgs/msg/TFMessage)] (Lazy 0)
[robot_state_publisher-11] [INFO] [1789489917.109654197] [robot_1.robot_state_publisher]: got segment robot_1/antenna_link
[robot_state_publisher-11] [INFO] [1789489917.109807127] [robot_1.robot_state_publisher]: got segment robot_1/base_footprint
[robot_state_publisher-11] [INFO] [1789489917.109823125] [robot_1.robot_state_publisher]: got segment robot_1/base_link
[robot_state_publisher-11] [INFO] [1789489917.109834553] [robot_1.robot_state_publisher]: got segment robot_1/realsense_link
[robot_state_publisher-11] [INFO] [1789489917.109844895] [robot_1.robot_state_publisher]: got segment robot_1/rocker_L_link
[robot_state_publisher-11] [INFO] [1789489917.133127773] [robot_1.robot_state_publisher]: got segment robot_1/rocker_R_link
[robot_state_publisher-11] [INFO] [1789489917.133191115] [robot_1.robot_state_publisher]: got segment robot_1/wheel_FL_link
[robot_state_publisher-11] [INFO] [1789489917.133203572] [robot_1.robot_state_publisher]: got segment robot_1/wheel_FR_link
[robot_state_publisher-11] [INFO] [1789489917.133212170] [robot_1.robot_state_publisher]: got segment robot_1/wheel_RL_link
[robot_state_publisher-11] [INFO] [1789489917.133220979] [robot_1.robot_state_publisher]: got segment robot_1/wheel_RR_link
[parameter_bridge-19] [INFO] [1789489917.254941799] [clock_bridge]: Creating GZ->ROS Bridge: [/clock (ignition.msgs.Clock) -> /clock (rosgraph_msgs/msg/Clock)] (Lazy 0)
[robot_state_publisher-15] [INFO] [1789489917.326096945] [robot_2.robot_state_publisher]: got segment robot_2/antenna_link
[robot_state_publisher-15] [INFO] [1789489917.326246931] [robot_2.robot_state_publisher]: got segment robot_2/base_footprint
[robot_state_publisher-15] [INFO] [1789489917.326266043] [robot_2.robot_state_publisher]: got segment robot_2/base_link
[robot_state_publisher-15] [INFO] [1789489917.326277040] [robot_2.robot_state_publisher]: got segment robot_2/realsense_link
[robot_state_publisher-15] [INFO] [1789489917.326286573] [robot_2.robot_state_publisher]: got segment robot_2/rocker_L_link
[robot_state_publisher-15] [INFO] [1789489917.326294776] [robot_2.robot_state_publisher]: got segment robot_2/rocker_R_link
[robot_state_publisher-15] [INFO] [1789489917.326302738] [robot_2.robot_state_publisher]: got segment robot_2/wheel_FL_link
[robot_state_publisher-15] [INFO] [1789489917.326310965] [robot_2.robot_state_publisher]: got segment robot_2/wheel_FR_link
[robot_state_publisher-15] [INFO] [1789489917.326319225] [robot_2.robot_state_publisher]: got segment robot_2/wheel_RL_link
[robot_state_publisher-15] [INFO] [1789489917.326327402] [robot_2.robot_state_publisher]: got segment robot_2/wheel_RR_link
[simulation_video_recorder-3] [INFO] [1789489918.591476147] [simulation_video_recorder]: Simulation video recording disabled for this run
[create-12] [INFO] [1789489918.616924099] [robot_1.ros_gz_sim]: Waiting messages on topic [/robot_1/robot_description].
[bump_counter-5] [INFO] [1789489918.665403949] [bump_counter]: [global] global_mode=True cooldown(robot)=0.80s cooldown(obs)=0.50s Logging to /home/ecem/sct_ws/src/llm_sct/RESULTS_LAST/baseline/delivery_stack_xml/seed_1010/S_20260915_182327/run_20260915_183155_756994574/bumps_global.csv
[create-16] [INFO] [1789489918.713435973] [robot_2.ros_gz_sim]: Waiting messages on topic [/robot_2/robot_description].
[create-8] [INFO] [1789489918.813607201] [robot_0.ros_gz_sim]: Waiting messages on topic [/robot_0/robot_description].
[create-12] [INFO] [1789489918.814917732] [robot_1.ros_gz_sim]: Requested creation of entity.
[create-12] [INFO] [1789489918.814965207] [robot_1.ros_gz_sim]: OK creation of entity.
[create-16] [INFO] [1789489918.815700411] [robot_2.ros_gz_sim]: Requested creation of entity.
[create-16] [INFO] [1789489918.816325030] [robot_2.ros_gz_sim]: OK creation of entity.
[create-8] [INFO] [1789489918.833287349] [robot_0.ros_gz_sim]: Requested creation of entity.
[create-8] [INFO] [1789489918.833343248] [robot_0.ros_gz_sim]: OK creation of entity.
[INFO] [create-16]: process has finished cleanly [pid 76129]
[INFO] [create-12]: process has finished cleanly [pid 76044]
[INFO] [create-8]: process has finished cleanly [pid 76006]
[INFO] [balanced_delivery_supervisor-20]: process started with pid [76787]
[INFO] [stuck_recovery-21]: process started with pid [76789]
[INFO] [balanced_delivery_supervisor-22]: process started with pid [76795]
[INFO] [stuck_recovery-23]: process started with pid [76797]
[INFO] [balanced_delivery_supervisor-24]: process started with pid [76801]
[INFO] [stuck_recovery-25]: process started with pid [76804]
[bump_counter-5] [INFO] [1789489919.605661877] [bump_counter]: [global] subscribed: /world/random_world/model/robot_0/link/robot_0/base_footprint/sensor/contact_sensor/contact
[bump_counter-5] [INFO] [1789489919.611364721] [bump_counter]: [global] subscribed: /world/random_world/model/robot_1/link/robot_1/base_footprint/sensor/contact_sensor/contact
[bump_counter-5] [INFO] [1789489919.623665684] [bump_counter]: [global] subscribed: /world/random_world/model/robot_2/link/robot_2/base_footprint/sensor/contact_sensor/contact
[stuck_recovery-21] [INFO] [1789489921.075406167] [robot_2.stuck_recovery]: Shared stuck recovery active: cmd_vel_supervisor -> cmd_vel (reverse -> turn -> forward)
[parameter_bridge-6] [INFO] [1789489921.085798252] [all_robots_bridge]: Passing message from ROS geometry_msgs/msg/Twist to Gazebo gz.msgs.Twist (showing msg only once per type)
[INFO] [image_processor-26]: process started with pid [77023]
[INFO] [color_detector-27]: process started with pid [77026]
[INFO] [image_processor-28]: process started with pid [77045]
[INFO] [color_detector-29]: process started with pid [77049]
[INFO] [image_processor-30]: process started with pid [77084]
[INFO] [color_detector-31]: process started with pid [77086]
[stuck_recovery-23] [INFO] [1789489921.345592632] [robot_1.stuck_recovery]: Shared stuck recovery active: cmd_vel_supervisor -> cmd_vel (reverse -> turn -> forward)
[stuck_recovery-25] [INFO] [1789489922.401165027] [robot_0.stuck_recovery]: Shared stuck recovery active: cmd_vel_supervisor -> cmd_vel (reverse -> turn -> forward)
[balanced_delivery_supervisor-20] [INFO] [1789489922.963518448] [robot_2.robot_supervisor]: Loaded initial mission 'balanced_delivery' from explicit YAML S_20260915_182327.yaml
[balanced_delivery_supervisor-22] [INFO] [1789489923.037830279] [robot_1.robot_supervisor]: Loaded initial mission 'balanced_delivery' from explicit YAML S_20260915_182327.yaml
[balanced_delivery_supervisor-20] [INFO] [1789489923.133865054] [robot_2.robot_supervisor]: Selected controllable event: EV_approach_color
[balanced_delivery_supervisor-22] [INFO] [1789489923.203575040] [robot_1.robot_supervisor]: Selected controllable event: EV_approach_color
[balanced_delivery_supervisor-20] [INFO] [1789489923.433592760] [robot_2.robot_supervisor]: Selected controllable event: EV_approach_object
[balanced_delivery_supervisor-22] [INFO] [1789489923.508302694] [robot_1.robot_supervisor]: Selected controllable event: EV_approach_color
[balanced_delivery_supervisor-20] [INFO] [1789489923.635266721] [robot_2.robot_supervisor]: Selected controllable event: EV_approach_object
[ign gazebo-1] libEGL warning: egl: failed to create dri2 screen
[balanced_delivery_supervisor-24] [INFO] [1789489923.763123431] [robot_0.robot_supervisor]: Loaded initial mission 'balanced_delivery' from explicit YAML S_20260915_182327.yaml
[ign gazebo-1] libEGL warning: egl: failed to create dri2 screen
[balanced_delivery_supervisor-22] [INFO] [1789489923.808285535] [robot_1.robot_supervisor]: Selected controllable event: EV_search_object
[balanced_delivery_supervisor-24] [INFO] [1789489923.925078173] [robot_0.robot_supervisor]: Selected controllable event: EV_move_forward
[balanced_delivery_supervisor-20] [INFO] [1789489923.932607809] [robot_2.robot_supervisor]: Selected controllable event: EV_search_color
[balanced_delivery_supervisor-22] [INFO] [1789489924.010361494] [robot_1.robot_supervisor]: Selected controllable event: EV_search_color
[balanced_delivery_supervisor-20] [INFO] [1789489924.136581018] [robot_2.robot_supervisor]: Selected controllable event: EV_approach_object
[balanced_delivery_supervisor-22] [INFO] [1789489924.205673589] [robot_1.robot_supervisor]: Selected controllable event: EV_approach_object
[balanced_delivery_supervisor-24] [INFO] [1789489924.220661878] [robot_0.robot_supervisor]: Selected controllable event: EV_approach_object
[balanced_delivery_supervisor-24] [INFO] [1789489924.427074396] [robot_0.robot_supervisor]: Selected controllable event: EV_move_forward
[balanced_delivery_supervisor-20] [INFO] [1789489924.436478258] [robot_2.robot_supervisor]: Selected controllable event: EV_move_forward
[balanced_delivery_supervisor-22] [INFO] [1789489924.514006064] [robot_1.robot_supervisor]: Selected controllable event: EV_search_color
[balanced_delivery_supervisor-24] [INFO] [1789489924.649626190] [robot_0.robot_supervisor]: Selected controllable event: EV_search_object
[balanced_delivery_supervisor-20] [INFO] [1789489924.657843097] [robot_2.robot_supervisor]: Selected controllable event: EV_search_object
[balanced_delivery_supervisor-22] [INFO] [1789489924.709452741] [robot_1.robot_supervisor]: Selected controllable event: EV_search_color
[balanced_delivery_supervisor-24] [INFO] [1789489924.833084769] [robot_0.robot_supervisor]: Selected controllable event: EV_search_color
[balanced_delivery_supervisor-20] [INFO] [1789489924.840413347] [robot_2.robot_supervisor]: Selected controllable event: EV_approach_color
[balanced_delivery_supervisor-22] [INFO] [1789489924.911092086] [robot_1.robot_supervisor]: Selected controllable event: EV_search_color
[balanced_delivery_supervisor-24] [INFO] [1789489924.950689979] [robot_0.robot_supervisor]: Selected controllable event: EV_search_color
[balanced_delivery_supervisor-22] [INFO] [1789489925.112115636] [robot_1.robot_supervisor]: Selected controllable event: EV_move_forward
[balanced_delivery_supervisor-20] [INFO] [1789489925.133144705] [robot_2.robot_supervisor]: Selected controllable event: EV_approach_color
[balanced_delivery_supervisor-24] [INFO] [1789489925.136054611] [robot_0.robot_supervisor]: Selected controllable event: EV_search_color
[image_processor-28] [INFO] [1789489925.155627226] [robot_1.image_processor]: Argmin zone detector listening on '/robot_1/depth_camera/depth_image'
[balanced_delivery_supervisor-24] [INFO] [1789489925.317489100] [robot_0.robot_supervisor]: Selected controllable event: EV_approach_object
[balanced_delivery_supervisor-20] [INFO] [1789489925.339943284] [robot_2.robot_supervisor]: Selected controllable event: EV_search_color
[image_processor-26] [INFO] [1789489925.386174778] [robot_2.image_processor]: Argmin zone detector listening on '/robot_2/depth_camera/depth_image'
[balanced_delivery_supervisor-22] [INFO] [1789489925.400098841] [robot_1.robot_supervisor]: Selected controllable event: EV_approach_color
[image_processor-30] [INFO] [1789489925.447865756] [robot_0.image_processor]: Argmin zone detector listening on '/robot_0/depth_camera/depth_image'
[color_detector-27] [INFO] [1789489925.501181171] [robot_2.target_detector]: Color detector listening on RGB '/robot_2/depth_camera/image'; reached uses world poses
[balanced_delivery_supervisor-20] [INFO] [1789489925.533554088] [robot_2.robot_supervisor]: Selected controllable event: EV_move_forward
[color_detector-29] [INFO] [1789489925.560913608] [robot_1.target_detector]: Color detector listening on RGB '/robot_1/depth_camera/image'; reached uses world poses
[color_detector-31] [INFO] [1789489925.610934569] [robot_0.target_detector]: Color detector listening on RGB '/robot_0/depth_camera/image'; reached uses world poses
[balanced_delivery_supervisor-24] [INFO] [1789489925.614371569] [robot_0.robot_supervisor]: Selected controllable event: EV_approach_object
[balanced_delivery_supervisor-22] [INFO] [1789489925.697984617] [robot_1.robot_supervisor]: Selected controllable event: EV_approach_object
[balanced_delivery_supervisor-20] [INFO] [1789489925.826900740] [robot_2.robot_supervisor]: Selected controllable event: EV_move_forward
[balanced_delivery_supervisor-24] [INFO] [1789489925.913408212] [robot_0.robot_supervisor]: Selected controllable event: EV_search_color
[balanced_delivery_supervisor-22] [INFO] [1789489925.997991595] [robot_1.robot_supervisor]: Selected controllable event: EV_search_object
[balanced_delivery_supervisor-24] [INFO] [1789489926.113295780] [robot_0.robot_supervisor]: Selected controllable event: EV_approach_object
[balanced_delivery_supervisor-20] [INFO] [1789489926.125211943] [robot_2.robot_supervisor]: Selected controllable event: EV_approach_object
[balanced_delivery_supervisor-22] [INFO] [1789489926.198087733] [robot_1.robot_supervisor]: Selected controllable event: EV_search_color
[balanced_delivery_supervisor-22] [INFO] [1789489926.397977865] [robot_1.robot_supervisor]: Selected controllable event: EV_approach_color
[balanced_delivery_supervisor-24] [INFO] [1789489926.413628471] [robot_0.robot_supervisor]: Selected controllable event: EV_search_object
[balanced_delivery_supervisor-20] [INFO] [1789489926.425229605] [robot_2.robot_supervisor]: Selected controllable event: EV_approach_object
[balanced_delivery_supervisor-24] [INFO] [1789489926.613403653] [robot_0.robot_supervisor]: Selected controllable event: EV_move_forward
[balanced_delivery_supervisor-22] [INFO] [1789489926.697993054] [robot_1.robot_supervisor]: Selected controllable event: EV_search_color
[balanced_delivery_supervisor-20] [INFO] [1789489926.725222174] [robot_2.robot_supervisor]: Selected controllable event: EV_search_color
[balanced_delivery_supervisor-22] [INFO] [1789489926.897831041] [robot_1.robot_supervisor]: Selected controllable event: EV_move_forward
[balanced_delivery_supervisor-24] [INFO] [1789489926.913405965] [robot_0.robot_supervisor]: Selected controllable event: EV_move_forward
[balanced_delivery_supervisor-20] [INFO] [1789489926.925209226] [robot_2.robot_supervisor]: Selected controllable event: EV_search_color
[balanced_delivery_supervisor-20] [INFO] [1789489927.125308112] [robot_2.robot_supervisor]: Selected controllable event: EV_search_object
[balanced_delivery_supervisor-22] [INFO] [1789489927.198091736] [robot_1.robot_supervisor]: Selected controllable event: EV_search_object
[balanced_delivery_supervisor-24] [INFO] [1789489927.213324750] [robot_0.robot_supervisor]: Selected controllable event: EV_approach_color
[balanced_delivery_supervisor-20] [INFO] [1789489927.325330194] [robot_2.robot_supervisor]: Selected controllable event: EV_search_color
[balanced_delivery_supervisor-22] [INFO] [1789489927.397973950] [robot_1.robot_supervisor]: Selected controllable event: EV_approach_color
[balanced_delivery_supervisor-24] [INFO] [1789489927.513507460] [robot_0.robot_supervisor]: Selected controllable event: EV_approach_color
[balanced_delivery_supervisor-20] [INFO] [1789489927.525649201] [robot_2.robot_supervisor]: Selected controllable event: EV_search_color
[balanced_delivery_supervisor-22] [INFO] [1789489927.698193782] [robot_1.robot_supervisor]: Selected controllable event: EV_approach_object
[balanced_delivery_supervisor-20] [INFO] [1789489927.725373181] [robot_2.robot_supervisor]: Selected controllable event: EV_search_object
[balanced_delivery_supervisor-24] [INFO] [1789489927.813571442] [robot_0.robot_supervisor]: Selected controllable event: EV_move_forward
[balanced_delivery_supervisor-20] [INFO] [1789489927.925364605] [robot_2.robot_supervisor]: Selected controllable event: EV_search_color
[balanced_delivery_supervisor-22] [INFO] [1789489927.998170226] [robot_1.robot_supervisor]: Selected controllable event: EV_search_object
[balanced_delivery_supervisor-24] [INFO] [1789489928.113092385] [robot_0.robot_supervisor]: Selected controllable event: EV_approach_object
[balanced_delivery_supervisor-20] [INFO] [1789489928.125296148] [robot_2.robot_supervisor]: Selected controllable event: EV_move_forward
[balanced_delivery_supervisor-22] [INFO] [1789489928.198062427] [robot_1.robot_supervisor]: Selected controllable event: EV_search_color
[balanced_delivery_supervisor-22] [INFO] [1789489928.299512001] [robot_1.robot_supervisor]: Triggered uncontrollable event: EV_obstacle_right
[balanced_delivery_supervisor-22] [INFO] [1789489928.300269140] [robot_1.robot_supervisor]: ############################# REACHED: EV_object_reached #############################
[balanced_delivery_supervisor-22] [INFO] [1789489928.302462514] [robot_1.robot_supervisor]: Selected controllable event: EV_rotate_counterclockwise
[balanced_delivery_supervisor-22] [WARN] [1789489928.303550508] [robot_1.robot_supervisor]: no translation for 5.1s livelock detected; starting atomic escape (turn_sign=+1)
[balanced_delivery_supervisor-24] [INFO] [1789489928.316021553] [robot_0.robot_supervisor]: Selected controllable event: EV_search_color
[balanced_delivery_supervisor-24] [INFO] [1789489928.423433665] [robot_0.robot_supervisor]: ############################# REACHED: EV_object_reached #############################
[balanced_delivery_supervisor-24] [INFO] [1789489928.424270843] [robot_0.robot_supervisor]: Selected controllable event: EV_search_color
[balanced_delivery_supervisor-20] [INFO] [1789489928.426962509] [robot_2.robot_supervisor]: ############################# REACHED: EV_object_reached #############################
[balanced_delivery_supervisor-20] [INFO] [1789489928.427743311] [robot_2.robot_supervisor]: Selected controllable event: EV_approach_object
[balanced_delivery_supervisor-24] [INFO] [1789489928.640745859] [robot_0.robot_supervisor]: Selected controllable event: EV_move_forward
[balanced_delivery_supervisor-20] [INFO] [1789489928.734293304] [robot_2.robot_supervisor]: Selected controllable event: EV_search_color
[balanced_delivery_supervisor-24] [INFO] [1789489928.927068679] [robot_0.robot_supervisor]: Selected controllable event: EV_approach_color
[balanced_delivery_supervisor-20] [INFO] [1789489928.939533685] [robot_2.robot_supervisor]: Selected controllable event: EV_search_color
[balanced_delivery_supervisor-20] [INFO] [1789489929.044973960] [robot_2.robot_supervisor]: Selected controllable event: EV_approach_color
[balanced_delivery_supervisor-24] [INFO] [1789489929.215598850] [robot_0.robot_supervisor]: ############################# REACHED: EV_object_reached #############################
[balanced_delivery_supervisor-24] [INFO] [1789489929.216413737] [robot_0.robot_supervisor]: Selected controllable event: EV_move_forward
[balanced_delivery_supervisor-20] [INFO] [1789489929.330517474] [robot_2.robot_supervisor]: ############################# REACHED: EV_object_reached #############################
[balanced_delivery_supervisor-20] [INFO] [1789489929.340639707] [robot_2.robot_supervisor]: Selected controllable event: EV_approach_object
[balanced_delivery_supervisor-24] [INFO] [1789489929.528686259] [robot_0.robot_supervisor]: Selected controllable event: EV_search_object
[balanced_delivery_supervisor-20] [INFO] [1789489929.639479329] [robot_2.robot_supervisor]: Selected controllable event: EV_approach_object
[balanced_delivery_supervisor-24] [INFO] [1789489929.723613134] [robot_0.robot_supervisor]: Selected controllable event: EV_search_object
[balanced_delivery_supervisor-24] [INFO] [1789489929.844255312] [robot_0.robot_supervisor]: Triggered uncontrollable event: EV_object_not_visible
[balanced_delivery_supervisor-24] [INFO] [1789489929.845111716] [robot_0.robot_supervisor]: Selected controllable event: EV_move_forward
[balanced_delivery_supervisor-20] [INFO] [1789489929.947206405] [robot_2.robot_supervisor]: ############################# VISIBLE: EV_object_visible #############################
[balanced_delivery_supervisor-20] [INFO] [1789489929.952963053] [robot_2.robot_supervisor]: Selected controllable event: EV_move_forward
[balanced_delivery_supervisor-24] [INFO] [1789489930.118273796] [robot_0.robot_supervisor]: Selected controllable event: EV_move_forward
[balanced_delivery_supervisor-20] [INFO] [1789489930.232067436] [robot_2.robot_supervisor]: Selected controllable event: EV_search_color
[balanced_delivery_supervisor-20] [INFO] [1789489930.355683364] [robot_2.robot_supervisor]: Selected controllable event: EV_move_forward
[balanced_delivery_supervisor-24] [INFO] [1789489930.437926350] [robot_0.robot_supervisor]: Selected controllable event: EV_move_forward
[balanced_delivery_supervisor-20] [INFO] [1789489930.638347712] [robot_2.robot_supervisor]: ############################# VISIBLE: EV_object_visible #############################
[balanced_delivery_supervisor-20] [INFO] [1789489930.655604417] [robot_2.robot_supervisor]: Selected controllable event: EV_approach_object
[balanced_delivery_supervisor-24] [INFO] [1789489930.716077767] [robot_0.robot_supervisor]: Triggered uncontrollable event: EV_object_not_visible
[balanced_delivery_supervisor-24] [INFO] [1789489930.717056902] [robot_0.robot_supervisor]: Selected controllable event: EV_approach_color
[balanced_delivery_supervisor-22] [INFO] [1789489930.814239502] [robot_1.robot_supervisor]: Zone-livelock escape completed
[balanced_delivery_supervisor-24] [INFO] [1789489930.920788603] [robot_0.robot_supervisor]: Selected controllable event: EV_approach_object
[balanced_delivery_supervisor-20] [INFO] [1789489930.927462621] [robot_2.robot_supervisor]: Selected controllable event: EV_search_color
[balanced_delivery_supervisor-20] [INFO] [1789489931.043672716] [robot_2.robot_supervisor]: Selected controllable event: EV_move_forward
[balanced_delivery_supervisor-22] [INFO] [1789489931.103299300] [robot_1.robot_supervisor]: ############################# REACHED: EV_object_reached #############################
[balanced_delivery_supervisor-22] [INFO] [1789489931.104002937] [robot_1.robot_supervisor]: Selected controllable event: EV_search_color
[balanced_delivery_supervisor-22] [INFO] [1789489931.212426037] [robot_1.robot_supervisor]: Triggered uncontrollable event: EV_obstacle_left
[balanced_delivery_supervisor-24] [INFO] [1789489931.215855706] [robot_0.robot_supervisor]: Selected controllable event: EV_approach_object
[balanced_delivery_supervisor-22] [INFO] [1789489931.230457643] [robot_1.robot_supervisor]: ############################# REACHED: EV_object_reached #############################
[balanced_delivery_supervisor-22] [INFO] [1789489931.231397525] [robot_1.robot_supervisor]: Selected controllable event: EV_rotate_clockwise
[balanced_delivery_supervisor-20] [INFO] [1789489931.333796404] [robot_2.robot_supervisor]: ############################# VISIBLE: EV_object_visible #############################
[balanced_delivery_supervisor-20] [INFO] [1789489931.342785845] [robot_2.robot_supervisor]: Selected controllable event: EV_approach_color
[balanced_delivery_supervisor-22] [INFO] [1789489931.422026839] [robot_1.robot_supervisor]: Triggered uncontrollable event: EV_obstacle_left
[balanced_delivery_supervisor-22] [INFO] [1789489931.429339266] [robot_1.robot_supervisor]: Selected controllable event: EV_u_turn
[balanced_delivery_supervisor-22] [INFO] [1789489931.430245683] [robot_1.robot_supervisor]: Starting FULL ROTATE (omega=1.000, have_odom=True, target_rad=3.142, timeout_s=3.500)
[balanced_delivery_supervisor-24] [INFO] [1789489931.424989804] [robot_0.robot_supervisor]: Triggered uncontrollable event: EV_obstacle_right
[balanced_delivery_supervisor-24] [INFO] [1789489931.428016974] [robot_0.robot_supervisor]: Triggered uncontrollable event: EV_object_not_visible
[balanced_delivery_supervisor-24] [INFO] [1789489931.441083490] [robot_0.robot_supervisor]: Selected controllable event: EV_u_turn
[balanced_delivery_supervisor-24] [INFO] [1789489931.441903771] [robot_0.robot_supervisor]: Starting FULL ROTATE (omega=1.000, have_odom=True, target_rad=3.142, timeout_s=3.500)
[balanced_delivery_supervisor-20] [INFO] [1789489931.647045493] [robot_2.robot_supervisor]: Selected controllable event: EV_approach_object
[balanced_delivery_supervisor-20] [INFO] [1789489931.930162376] [robot_2.robot_supervisor]: Selected controllable event: EV_search_object
[balanced_delivery_supervisor-20] [INFO] [1789489932.140428006] [robot_2.robot_supervisor]: ############################# REACHED: EV_object_reached #############################
[balanced_delivery_supervisor-20] [INFO] [1789489932.145015691] [robot_2.robot_supervisor]: Selected controllable event: EV_approach_object
[balanced_delivery_supervisor-20] [INFO] [1789489932.439332289] [robot_2.robot_supervisor]: Selected controllable event: EV_search_object
[balanced_delivery_supervisor-20] [INFO] [1789489932.646641933] [robot_2.robot_supervisor]: Selected controllable event: EV_approach_color
[balanced_delivery_supervisor-20] [INFO] [1789489932.929279237] [robot_2.robot_supervisor]: ############################# REACHED: EV_object_reached #############################
[balanced_delivery_supervisor-20] [INFO] [1789489932.930256673] [robot_2.robot_supervisor]: Selected controllable event: EV_search_object
[balanced_delivery_supervisor-20] [INFO] [1789489933.051176685] [robot_2.robot_supervisor]: Selected controllable event: EV_move_forward
[balanced_delivery_supervisor-20] [INFO] [1789489933.339354832] [robot_2.robot_supervisor]: Selected controllable event: EV_search_object
[balanced_delivery_supervisor-20] [INFO] [1789489933.547263149] [robot_2.robot_supervisor]: Triggered uncontrollable event: EV_obstacle_front
[balanced_delivery_supervisor-20] [INFO] [1789489933.551411896] [robot_2.robot_supervisor]: ############################# REACHED: EV_object_reached #############################
[balanced_delivery_supervisor-20] [INFO] [1789489933.560936963] [robot_2.robot_supervisor]: Selected controllable event: EV_rotate_clockwise
[balanced_delivery_supervisor-20] [INFO] [1789489933.760072745] [robot_2.robot_supervisor]: Triggered uncontrollable event: EV_obstacle_front
[balanced_delivery_supervisor-20] [INFO] [1789489933.761038472] [robot_2.robot_supervisor]: Selected controllable event: EV_rotate_clockwise
[balanced_delivery_supervisor-20] [INFO] [1789489933.944003156] [robot_2.robot_supervisor]: Triggered uncontrollable event: EV_obstacle_front
[balanced_delivery_supervisor-20] [INFO] [1789489933.949806272] [robot_2.robot_supervisor]: Selected controllable event: EV_u_turn
[balanced_delivery_supervisor-20] [INFO] [1789489933.960354841] [robot_2.robot_supervisor]: Starting FULL ROTATE (omega=1.000, have_odom=True, target_rad=3.142, timeout_s=3.500)
[balanced_delivery_supervisor-22] [INFO] [1789489935.021720100] [robot_1.robot_supervisor]: FULL ROTATE completed by timeout
[balanced_delivery_supervisor-24] [INFO] [1789489935.043227374] [robot_0.robot_supervisor]: FULL ROTATE completed by timeout
[balanced_delivery_supervisor-24] [INFO] [1789489935.317355670] [robot_0.robot_supervisor]: Triggered uncontrollable event: EV_obstacle_right
[balanced_delivery_supervisor-22] [INFO] [1789489935.319200089] [robot_1.robot_supervisor]: ############################# REACHED: EV_object_reached #############################
[balanced_delivery_supervisor-22] [INFO] [1789489935.328732607] [robot_1.robot_supervisor]: Selected controllable event: EV_approach_object
[balanced_delivery_supervisor-24] [INFO] [1789489935.329341075] [robot_0.robot_supervisor]: ############################# VISIBLE: EV_object_visible #############################
[balanced_delivery_supervisor-24] [INFO] [1789489935.330207156] [robot_0.robot_supervisor]: Selected controllable event: EV_u_turn
[balanced_delivery_supervisor-24] [INFO] [1789489935.424031947] [robot_0.robot_supervisor]: Triggered uncontrollable event: EV_obstacle_right
[balanced_delivery_supervisor-24] [INFO] [1789489935.439768815] [robot_0.robot_supervisor]: Selected controllable event: EV_u_turn
[balanced_delivery_supervisor-24] [INFO] [1789489935.518379900] [robot_0.robot_supervisor]: Triggered uncontrollable event: EV_obstacle_right
[balanced_delivery_supervisor-24] [INFO] [1789489935.519237258] [robot_0.robot_supervisor]: Selected controllable event: EV_rotate_counterclockwise
[balanced_delivery_supervisor-24] [WARN] [1789489935.520141246] [robot_0.robot_supervisor]: no translation for 4.8s livelock detected; starting atomic escape (turn_sign=+1)
[color_detector-31] [INFO] [1789489935.568555813] [robot_0.target_detector]: RGB HEARTBEAT frames_total=10 recent_rate_hz=0.983 last_frame_age_s=0.439 status=OK
[color_detector-27] [INFO] [1789489935.595054117] [robot_2.target_detector]: RGB HEARTBEAT frames_total=10 recent_rate_hz=0.943 last_frame_age_s=0.571 status=OK
[color_detector-29] [INFO] [1789489935.597184985] [robot_1.target_detector]: RGB HEARTBEAT frames_total=10 recent_rate_hz=0.963 last_frame_age_s=0.620 status=OK
[balanced_delivery_supervisor-22] [INFO] [1789489935.604774253] [robot_1.robot_supervisor]: Selected controllable event: EV_move_forward
[balanced_delivery_supervisor-22] [INFO] [1789489935.817866048] [robot_1.robot_supervisor]: ############################# REACHED: EV_object_reached #############################
[balanced_delivery_supervisor-22] [INFO] [1789489935.818802304] [robot_1.robot_supervisor]: Selected controllable event: EV_search_object
[balanced_delivery_supervisor-22] [INFO] [1789489935.997971357] [robot_1.robot_supervisor]: Selected controllable event: EV_approach_color
[balanced_delivery_supervisor-22] [INFO] [1789489936.217202383] [robot_1.robot_supervisor]: Selected controllable event: EV_move_forward
[balanced_delivery_supervisor-22] [INFO] [1789489936.420526038] [robot_1.robot_supervisor]: Selected controllable event: EV_move_forward
[balanced_delivery_supervisor-22] [INFO] [1789489936.709058066] [robot_1.robot_supervisor]: ############################# REACHED: EV_object_reached #############################
[balanced_delivery_supervisor-22] [INFO] [1789489936.709943690] [robot_1.robot_supervisor]: Selected controllable event: EV_approach_object
[balanced_delivery_supervisor-22] [INFO] [1789489937.014682109] [robot_1.robot_supervisor]: Selected controllable event: EV_search_object
[balanced_delivery_supervisor-22] [INFO] [1789489937.201591990] [robot_1.robot_supervisor]: ############################# REACHED: EV_object_reached #############################
[balanced_delivery_supervisor-22] [INFO] [1789489937.220722047] [robot_1.robot_supervisor]: Selected controllable event: EV_approach_color
[balanced_delivery_supervisor-22] [INFO] [1789489937.508871639] [robot_1.robot_supervisor]: Selected controllable event: EV_search_color
[balanced_delivery_supervisor-20] [INFO] [1789489937.534251238] [robot_2.robot_supervisor]: FULL ROTATE completed by timeout
[balanced_delivery_supervisor-22] [INFO] [1789489937.698239047] [robot_1.robot_supervisor]: Selected controllable event: EV_approach_object
[balanced_delivery_supervisor-20] [INFO] [1789489937.744278021] [robot_2.robot_supervisor]: ############################# REACHED: EV_object_reached #############################
[balanced_delivery_supervisor-20] [INFO] [1789489937.753937332] [robot_2.robot_supervisor]: Selected controllable event: EV_approach_object
[balanced_delivery_supervisor-22] [INFO] [1789489937.907725930] [robot_1.robot_supervisor]: ############################# REACHED: EV_object_reached #############################
[balanced_delivery_supervisor-22] [INFO] [1789489937.908557715] [robot_1.robot_supervisor]: Selected controllable event: EV_approach_color
[balanced_delivery_supervisor-24] [INFO] [1789489938.020498152] [robot_0.robot_supervisor]: Zone-livelock escape completed
[balanced_delivery_supervisor-20] [INFO] [1789489938.031953806] [robot_2.robot_supervisor]: ############################# REACHED: EV_object_reached #############################
[balanced_delivery_supervisor-20] [INFO] [1789489938.032792401] [robot_2.robot_supervisor]: Selected controllable event: EV_approach_object
[balanced_delivery_supervisor-22] [INFO] [1789489938.221734983] [robot_1.robot_supervisor]: Selected controllable event: EV_search_color
[balanced_delivery_supervisor-24] [INFO] [1789489938.228128146] [robot_0.robot_supervisor]: ############################# VISIBLE: EV_object_visible #############################
[balanced_delivery_supervisor-24] [INFO] [1789489938.228945996] [robot_0.robot_supervisor]: Selected controllable event: EV_search_object
[balanced_delivery_supervisor-20] [INFO] [1789489938.353833445] [robot_2.robot_supervisor]: Selected controllable event: EV_search_object
[balanced_delivery_supervisor-22] [INFO] [1789489938.415173618] [robot_1.robot_supervisor]: Selected controllable event: EV_approach_object
[balanced_delivery_supervisor-24] [INFO] [1789489938.430019521] [robot_0.robot_supervisor]: Selected controllable event: EV_search_object
[balanced_delivery_supervisor-20] [INFO] [1789489938.542113917] [robot_2.robot_supervisor]: Selected controllable event: EV_approach_object
[balanced_delivery_supervisor-24] [INFO] [1789489938.621511032] [robot_0.robot_supervisor]: Selected controllable event: EV_search_object
[balanced_delivery_supervisor-22] [INFO] [1789489938.722773968] [robot_1.robot_supervisor]: ############################# REACHED: EV_object_reached #############################
[balanced_delivery_supervisor-22] [INFO] [1789489938.723643640] [robot_1.robot_supervisor]: Selected controllable event: EV_search_color
[balanced_delivery_supervisor-24] [INFO] [1789489938.822445161] [robot_0.robot_supervisor]: ############################# VISIBLE: EV_object_visible #############################
[balanced_delivery_supervisor-20] [INFO] [1789489938.826661904] [robot_2.robot_supervisor]: ############################# REACHED: EV_object_reached #############################
[balanced_delivery_supervisor-24] [INFO] [1789489938.833664388] [robot_0.robot_supervisor]: Selected controllable event: EV_search_object
[balanced_delivery_supervisor-20] [INFO] [1789489938.846458081] [robot_2.robot_supervisor]: Selected controllable event: EV_move_forward
[balanced_delivery_supervisor-22] [INFO] [1789489938.917464166] [robot_1.robot_supervisor]: Selected controllable event: EV_search_object
[balanced_delivery_supervisor-24] [INFO] [1789489939.028626456] [robot_0.robot_supervisor]: Selected controllable event: EV_move_forward
[balanced_delivery_supervisor-22] [INFO] [1789489939.100842775] [robot_1.robot_supervisor]: Selected controllable event: EV_approach_object
[balanced_delivery_supervisor-20] [INFO] [1789489939.147412664] [robot_2.robot_supervisor]: Selected controllable event: EV_move_forward
[balanced_delivery_supervisor-24] [INFO] [1789489939.235800117] [robot_0.robot_supervisor]: Selected controllable event: EV_search_object
[balanced_delivery_supervisor-22] [INFO] [1789489939.310166421] [robot_1.robot_supervisor]: ############################# REACHED: EV_object_reached #############################
[balanced_delivery_supervisor-22] [INFO] [1789489939.332675585] [robot_1.robot_supervisor]: Selected controllable event: EV_search_color
[balanced_delivery_supervisor-24] [INFO] [1789489939.420519260] [robot_0.robot_supervisor]: ############################# VISIBLE: EV_object_visible #############################
[balanced_delivery_supervisor-24] [INFO] [1789489939.431388410] [robot_0.robot_supervisor]: Selected controllable event: EV_move_forward
[balanced_delivery_supervisor-20] [INFO] [1789489939.433049735] [robot_2.robot_supervisor]: ############################# REACHED: EV_object_reached #############################
[balanced_delivery_supervisor-20] [INFO] [1789489939.442328230] [robot_2.robot_supervisor]: Selected controllable event: EV_approach_object
[balanced_delivery_supervisor-22] [INFO] [1789489939.507266863] [robot_1.robot_supervisor]: Selected controllable event: EV_approach_object
[balanced_delivery_supervisor-20] [INFO] [1789489939.726775162] [robot_2.robot_supervisor]: Selected controllable event: EV_move_forward
[balanced_delivery_supervisor-24] [INFO] [1789489939.739266814] [robot_0.robot_supervisor]: Selected controllable event: EV_move_forward
[balanced_delivery_supervisor-22] [INFO] [1789489939.800536705] [robot_1.robot_supervisor]: Selected controllable event: EV_approach_color
[balanced_delivery_supervisor-20] [INFO] [1789489939.943147303] [robot_2.robot_supervisor]: Selected controllable event: EV_move_forward
[balanced_delivery_supervisor-22] [INFO] [1789489940.015891845] [robot_1.robot_supervisor]: ############################# REACHED: EV_object_reached #############################
[balanced_delivery_supervisor-22] [INFO] [1789489940.016842952] [robot_1.robot_supervisor]: Selected controllable event: EV_approach_color
[balanced_delivery_supervisor-24] [INFO] [1789489940.028130240] [robot_0.robot_supervisor]: ############################# VISIBLE: EV_object_visible #############################
[balanced_delivery_supervisor-24] [INFO] [1789489940.048377954] [robot_0.robot_supervisor]: Selected controllable event: EV_move_forward
[balanced_delivery_supervisor-20] [INFO] [1789489940.227011951] [robot_2.robot_supervisor]: ############################# VISIBLE: EV_object_visible #############################
[balanced_delivery_supervisor-20] [INFO] [1789489940.227881294] [robot_2.robot_supervisor]: Selected controllable event: EV_move_forward
[balanced_delivery_supervisor-22] [INFO] [1789489940.316215385] [robot_1.robot_supervisor]: Selected controllable event: EV_approach_object
[balanced_delivery_supervisor-24] [INFO] [1789489940.319179861] [robot_0.robot_supervisor]: Selected controllable event: EV_search_object
[balanced_delivery_supervisor-20] [INFO] [1789489940.432045642] [robot_2.robot_supervisor]: Selected controllable event: EV_approach_color
[balanced_delivery_supervisor-24] [INFO] [1789489940.437666266] [robot_0.robot_supervisor]: Selected controllable event: EV_approach_color
[balanced_delivery_supervisor-22] [INFO] [1789489940.644769325] [robot_1.robot_supervisor]: Selected controllable event: EV_search_object
[balanced_delivery_supervisor-24] [INFO] [1789489940.724406920] [robot_0.robot_supervisor]: Selected controllable event: EV_approach_object
[balanced_delivery_supervisor-20] [INFO] [1789489940.753749455] [robot_2.robot_supervisor]: Selected controllable event: EV_move_forward
[balanced_delivery_supervisor-22] [INFO] [1789489940.811366796] [robot_1.robot_supervisor]: ############################# REACHED: EV_object_reached #############################
[balanced_delivery_supervisor-22] [INFO] [1789489940.812328312] [robot_1.robot_supervisor]: Selected controllable event: EV_move_forward
[balanced_delivery_supervisor-24] [INFO] [1789489940.927602452] [robot_0.robot_supervisor]: ############################# VISIBLE: EV_object_visible #############################
[balanced_delivery_supervisor-24] [INFO] [1789489940.928477206] [robot_0.robot_supervisor]: Selected controllable event: EV_approach_object
[balanced_delivery_supervisor-20] [INFO] [1789489941.041602221] [robot_2.robot_supervisor]: ############################# VISIBLE: EV_object_visible #############################
[balanced_delivery_supervisor-20] [INFO] [1789489941.042556323] [robot_2.robot_supervisor]: Selected controllable event: EV_move_forward
[balanced_delivery_supervisor-22] [INFO] [1789489941.108363915] [robot_1.robot_supervisor]: Selected controllable event: EV_search_color
[balanced_delivery_supervisor-24] [INFO] [1789489941.148488944] [robot_0.robot_supervisor]: Selected controllable event: EV_search_object
[balanced_delivery_supervisor-22] [INFO] [1789489941.298870281] [robot_1.robot_supervisor]: Selected controllable event: EV_search_color
[balanced_delivery_supervisor-24] [INFO] [1789489941.326734674] [robot_0.robot_supervisor]: Selected controllable event: EV_approach_object
[balanced_delivery_supervisor-20] [INFO] [1789489941.332805304] [robot_2.robot_supervisor]: Selected controllable event: EV_move_forward
[balanced_delivery_supervisor-22] [INFO] [1789489941.500800661] [robot_1.robot_supervisor]: ############################# REACHED: EV_object_reached #############################
[balanced_delivery_supervisor-22] [INFO] [1789489941.501437029] [robot_1.robot_supervisor]: Selected controllable event: EV_search_object
[balanced_delivery_supervisor-20] [INFO] [1789489941.541106309] [robot_2.robot_supervisor]: ############################# VISIBLE: EV_object_visible #############################
[balanced_delivery_supervisor-20] [INFO] [1789489941.547401121] [robot_2.robot_supervisor]: Selected controllable event: EV_search_color
[balanced_delivery_supervisor-22] [INFO] [1789489941.628057267] [robot_1.robot_supervisor]: Selected controllable event: EV_approach_object
[balanced_delivery_supervisor-24] [INFO] [1789489941.640098548] [robot_0.robot_supervisor]: Triggered uncontrollable event: EV_object_not_visible
[balanced_delivery_supervisor-24] [INFO] [1789489941.640895677] [robot_0.robot_supervisor]: Selected controllable event: EV_approach_color
[balanced_delivery_supervisor-20] [INFO] [1789489941.740422755] [robot_2.robot_supervisor]: Selected controllable event: EV_search_object
[balanced_delivery_supervisor-22] [INFO] [1789489941.906072736] [robot_1.robot_supervisor]: Selected controllable event: EV_approach_object
[balanced_delivery_supervisor-24] [INFO] [1789489941.928755258] [robot_0.robot_supervisor]: Selected controllable event: EV_move_forward
[balanced_delivery_supervisor-20] [INFO] [1789489941.930347107] [robot_2.robot_supervisor]: Selected controllable event: EV_approach_color
[balanced_delivery_supervisor-20] [INFO] [1789489942.133237546] [robot_2.robot_supervisor]: ############################# VISIBLE: EV_object_visible #############################
[balanced_delivery_supervisor-20] [INFO] [1789489942.134088666] [robot_2.robot_supervisor]: Selected controllable event: EV_move_forward
[balanced_delivery_supervisor-24] [INFO] [1789489942.215685305] [robot_0.robot_supervisor]: Triggered uncontrollable event: EV_object_not_visible
[balanced_delivery_supervisor-24] [INFO] [1789489942.216562999] [robot_0.robot_supervisor]: Selected controllable event: EV_approach_color
[balanced_delivery_supervisor-22] [INFO] [1789489942.216578486] [robot_1.robot_supervisor]: Triggered uncontrollable event: EV_obstacle_right
[balanced_delivery_supervisor-22] [INFO] [1789489942.217292742] [robot_1.robot_supervisor]: ############################# REACHED: EV_object_reached #############################
[balanced_delivery_supervisor-22] [INFO] [1789489942.218084544] [robot_1.robot_supervisor]: Selected controllable event: EV_rotate_counterclockwise
[balanced_delivery_supervisor-22] [INFO] [1789489942.326028164] [robot_1.robot_supervisor]: Triggered uncontrollable event: EV_obstacle_right
[balanced_delivery_supervisor-22] [INFO] [1789489942.337073563] [robot_1.robot_supervisor]: Selected controllable event: EV_u_turn
[balanced_delivery_supervisor-22] [INFO] [1789489942.347131098] [robot_1.robot_supervisor]: Starting FULL ROTATE (omega=1.000, have_odom=True, target_rad=3.142, timeout_s=3.500)
[balanced_delivery_supervisor-24] [INFO] [1789489942.431727082] [robot_0.robot_supervisor]: Selected controllable event: EV_approach_object
[balanced_delivery_supervisor-20] [INFO] [1789489942.456079649] [robot_2.robot_supervisor]: Selected controllable event: EV_move_forward
[color_detector-29] [INFO] [1789489942.614748976] [robot_1.target_detector]: RGB HEARTBEAT frames_total=20 recent_rate_hz=1.420 last_frame_age_s=0.656 status=OK
[color_detector-27] [INFO] [1789489942.620194205] [robot_2.target_detector]: RGB HEARTBEAT frames_total=20 recent_rate_hz=1.423 last_frame_age_s=0.600 status=OK
[color_detector-31] [INFO] [1789489942.656149534] [robot_0.target_detector]: RGB HEARTBEAT frames_total=20 recent_rate_hz=1.416 last_frame_age_s=0.573 status=OK
[balanced_delivery_supervisor-24] [INFO] [1789489942.718426817] [robot_0.robot_supervisor]: Selected controllable event: EV_move_forward
[balanced_delivery_supervisor-20] [INFO] [1789489942.762193291] [robot_2.robot_supervisor]: Selected controllable event: EV_approach_object
[balanced_delivery_supervisor-24] [INFO] [1789489943.023328472] [robot_0.robot_supervisor]: Triggered uncontrollable event: EV_obstacle_left
[balanced_delivery_supervisor-24] [INFO] [1789489943.029823753] [robot_0.robot_supervisor]: Triggered uncontrollable event: EV_object_not_visible
[balanced_delivery_supervisor-24] [INFO] [1789489943.035668839] [robot_0.robot_supervisor]: Selected controllable event: EV_rotate_clockwise
[balanced_delivery_supervisor-20] [INFO] [1789489943.045907356] [robot_2.robot_supervisor]: ############################# VISIBLE: EV_object_visible #############################
[balanced_delivery_supervisor-20] [INFO] [1789489943.046808266] [robot_2.robot_supervisor]: Selected controllable event: EV_approach_color
[balanced_delivery_supervisor-24] [INFO] [1789489943.233791306] [robot_0.robot_supervisor]: Triggered uncontrollable event: EV_obstacle_left
[balanced_delivery_supervisor-24] [INFO] [1789489943.243303872] [robot_0.robot_supervisor]: Selected controllable event: EV_u_turn
[balanced_delivery_supervisor-24] [INFO] [1789489943.250758574] [robot_0.robot_supervisor]: Starting FULL ROTATE (omega=1.000, have_odom=True, target_rad=3.142, timeout_s=3.500)
[balanced_delivery_supervisor-20] [INFO] [1789489943.326428786] [robot_2.robot_supervisor]: Selected controllable event: EV_search_object
[balanced_delivery_supervisor-20] [INFO] [1789489943.435467334] [robot_2.robot_supervisor]: Selected controllable event: EV_approach_object
[balanced_delivery_supervisor-20] [INFO] [1789489943.737072953] [robot_2.robot_supervisor]: ############################# VISIBLE: EV_object_visible #############################
[balanced_delivery_supervisor-20] [INFO] [1789489943.745372596] [robot_2.robot_supervisor]: Selected controllable event: EV_search_object
[balanced_delivery_supervisor-20] [INFO] [1789489943.954352145] [robot_2.robot_supervisor]: Selected controllable event: EV_approach_object
[balanced_delivery_supervisor-20] [INFO] [1789489944.243289441] [robot_2.robot_supervisor]: Selected controllable event: EV_approach_object
[balanced_delivery_supervisor-20] [INFO] [1789489944.532682410] [robot_2.robot_supervisor]: ############################# VISIBLE: EV_object_visible #############################
[balanced_delivery_supervisor-20] [INFO] [1789489944.540419324] [robot_2.robot_supervisor]: Selected controllable event: EV_approach_object
[balanced_delivery_supervisor-20] [INFO] [1789489944.747990054] [robot_2.robot_supervisor]: Selected controllable event: EV_approach_object
[balanced_delivery_supervisor-20] [INFO] [1789489945.045048959] [robot_2.robot_supervisor]: ############################# VISIBLE: EV_object_visible #############################
[balanced_delivery_supervisor-20] [INFO] [1789489945.045908834] [robot_2.robot_supervisor]: Selected controllable event: EV_search_object
[balanced_delivery_supervisor-20] [INFO] [1789489945.231945503] [robot_2.robot_supervisor]: Selected controllable event: EV_search_object
[balanced_delivery_supervisor-20] [INFO] [1789489945.427843389] [robot_2.robot_supervisor]: Selected controllable event: EV_search_object
[balanced_delivery_supervisor-20] [INFO] [1789489945.543106317] [robot_2.robot_supervisor]: Selected controllable event: EV_approach_color
[balanced_delivery_supervisor-20] [INFO] [1789489945.826849088] [robot_2.robot_supervisor]: ############################# VISIBLE: EV_object_visible #############################
[balanced_delivery_supervisor-20] [INFO] [1789489945.828216701] [robot_2.robot_supervisor]: Selected controllable event: EV_approach_color
[balanced_delivery_supervisor-22] [INFO] [1789489945.909663299] [robot_1.robot_supervisor]: FULL ROTATE completed by timeout
[balanced_delivery_supervisor-20] [INFO] [1789489946.039615053] [robot_2.robot_supervisor]: Selected controllable event: EV_move_forward
[balanced_delivery_supervisor-22] [INFO] [1789489946.216349550] [robot_1.robot_supervisor]: ############################# REACHED: EV_object_reached #############################
[balanced_delivery_supervisor-22] [INFO] [1789489946.217241592] [robot_1.robot_supervisor]: Selected controllable event: EV_approach_object
[balanced_delivery_supervisor-20] [INFO] [1789489946.333481483] [robot_2.robot_supervisor]: ############################# REACHED: EV_object_reached #############################
[balanced_delivery_supervisor-20] [INFO] [1789489946.347812892] [robot_2.robot_supervisor]: Selected controllable event: EV_move_forward
[balanced_delivery_supervisor-22] [INFO] [1789489946.500789822] [robot_1.robot_supervisor]: ############################# REACHED: EV_object_reached #############################
[balanced_delivery_supervisor-22] [INFO] [1789489946.501639816] [robot_1.robot_supervisor]: Selected controllable event: EV_approach_object
[balanced_delivery_supervisor-20] [INFO] [1789489946.635697453] [robot_2.robot_supervisor]: Selected controllable event: EV_approach_color
[balanced_delivery_supervisor-22] [INFO] [1789489946.803160559] [robot_1.robot_supervisor]: Selected controllable event: EV_approach_color
[balanced_delivery_supervisor-24] [INFO] [1789489946.842676056] [robot_0.robot_supervisor]: FULL ROTATE completed by timeout
[balanced_delivery_supervisor-20] [INFO] [1789489946.949692160] [robot_2.robot_supervisor]: Triggered uncontrollable event: EV_obstacle_front
[balanced_delivery_supervisor-20] [INFO] [1789489946.970767583] [robot_2.robot_supervisor]: Selected controllable event: EV_move_backward
[balanced_delivery_supervisor-22] [INFO] [1789489947.099882763] [robot_1.robot_supervisor]: ############################# REACHED: EV_object_reached #############################
[balanced_delivery_supervisor-22] [INFO] [1789489947.100709754] [robot_1.robot_supervisor]: Selected controllable event: EV_approach_object
[balanced_delivery_supervisor-24] [INFO] [1789489947.124595467] [robot_0.robot_supervisor]: Triggered uncontrollable event: EV_obstacle_right
[balanced_delivery_supervisor-24] [INFO] [1789489947.131694944] [robot_0.robot_supervisor]: Triggered uncontrollable event: EV_object_not_visible
[balanced_delivery_supervisor-24] [INFO] [1789489947.132585487] [robot_0.robot_supervisor]: Selected controllable event: EV_u_turn
[balanced_delivery_supervisor-24] [INFO] [1789489947.222627674] [robot_0.robot_supervisor]: Triggered uncontrollable event: EV_obstacle_right
[balanced_delivery_supervisor-24] [INFO] [1789489947.223538637] [robot_0.robot_supervisor]: Selected controllable event: EV_rotate_counterclockwise
[balanced_delivery_supervisor-20] [INFO] [1789489947.243628948] [robot_2.robot_supervisor]: Triggered uncontrollable event: EV_obstacle_front
[balanced_delivery_supervisor-20] [INFO] [1789489947.244386371] [robot_2.robot_supervisor]: ############################# REACHED: EV_object_reached #############################
[balanced_delivery_supervisor-20] [INFO] [1789489947.253703612] [robot_2.robot_supervisor]: Selected controllable event: EV_rotate_counterclockwise
[balanced_delivery_supervisor-22] [INFO] [1789489947.309674204] [robot_1.robot_supervisor]: Selected controllable event: EV_search_object
[balanced_delivery_supervisor-24] [INFO] [1789489947.327546449] [robot_0.robot_supervisor]: Triggered uncontrollable event: EV_obstacle_right
[balanced_delivery_supervisor-24] [INFO] [1789489947.336248802] [robot_0.robot_supervisor]: Selected controllable event: EV_u_turn
[balanced_delivery_supervisor-24] [INFO] [1789489947.418427917] [robot_0.robot_supervisor]: Triggered uncontrollable event: EV_obstacle_right
[balanced_delivery_supervisor-24] [INFO] [1789489947.423679026] [robot_0.robot_supervisor]: Selected controllable event: EV_rotate_counterclockwise
[balanced_delivery_supervisor-20] [INFO] [1789489947.431222578] [robot_2.robot_supervisor]: Triggered uncontrollable event: EV_obstacle_front
[balanced_delivery_supervisor-20] [INFO] [1789489947.432015505] [robot_2.robot_supervisor]: Selected controllable event: EV_move_backward
[balanced_delivery_supervisor-22] [INFO] [1789489947.511453504] [robot_1.robot_supervisor]: Selected controllable event: EV_approach_object
[balanced_delivery_supervisor-24] [INFO] [1789489947.617950118] [robot_0.robot_supervisor]: Triggered uncontrollable event: EV_obstacle_right
[balanced_delivery_supervisor-24] [INFO] [1789489947.618828815] [robot_0.robot_supervisor]: Selected controllable event: EV_rotate_counterclockwise
[balanced_delivery_supervisor-24] [INFO] [1789489947.724300035] [robot_0.robot_supervisor]: Triggered uncontrollable event: EV_obstacle_right
[balanced_delivery_supervisor-24] [INFO] [1789489947.725034365] [robot_0.robot_supervisor]: Triggered uncontrollable event: EV_object_not_visible
[balanced_delivery_supervisor-20] [INFO] [1789489947.729217956] [robot_2.robot_supervisor]: Triggered uncontrollable event: EV_obstacle_front
[balanced_delivery_supervisor-20] [INFO] [1789489947.729955293] [robot_2.robot_supervisor]: ############################# REACHED: EV_object_reached #############################
[balanced_delivery_supervisor-20] [INFO] [1789489947.730736682] [robot_2.robot_supervisor]: Selected controllable event: EV_move_backward
[balanced_delivery_supervisor-24] [INFO] [1789489947.746918077] [robot_0.robot_supervisor]: Selected controllable event: EV_rotate_counterclockwise
[balanced_delivery_supervisor-22] [INFO] [1789489947.825321580] [robot_1.robot_supervisor]: ############################# REACHED: EV_object_reached #############################
[balanced_delivery_supervisor-22] [INFO] [1789489947.834703904] [robot_1.robot_supervisor]: Selected controllable event: EV_approach_color
[balanced_delivery_supervisor-24] [INFO] [1789489947.918598954] [robot_0.robot_supervisor]: Triggered uncontrollable event: EV_obstacle_right
[balanced_delivery_supervisor-24] [INFO] [1789489947.919497081] [robot_0.robot_supervisor]: Selected controllable event: EV_u_turn
[balanced_delivery_supervisor-24] [INFO] [1789489948.024469316] [robot_0.robot_supervisor]: Triggered uncontrollable event: EV_obstacle_right
[balanced_delivery_supervisor-24] [INFO] [1789489948.025341867] [robot_0.robot_supervisor]: Selected controllable event: EV_rotate_counterclockwise
[balanced_delivery_supervisor-20] [INFO] [1789489948.046140923] [robot_2.robot_supervisor]: Triggered uncontrollable event: EV_obstacle_front
[balanced_delivery_supervisor-20] [INFO] [1789489948.054393177] [robot_2.robot_supervisor]: Selected controllable event: EV_rotate_counterclockwise
[balanced_delivery_supervisor-22] [INFO] [1789489948.100957003] [robot_1.robot_supervisor]: Selected controllable event: EV_move_forward
[balanced_delivery_supervisor-20] [INFO] [1789489948.231567344] [robot_2.robot_supervisor]: Triggered uncontrollable event: EV_obstacle_front
[balanced_delivery_supervisor-24] [INFO] [1789489948.235740409] [robot_0.robot_supervisor]: Triggered uncontrollable event: EV_obstacle_right
[balanced_delivery_supervisor-24] [INFO] [1789489948.236431781] [robot_0.robot_supervisor]: Selected controllable event: EV_u_turn
[balanced_delivery_supervisor-20] [INFO] [1789489948.239418520] [robot_2.robot_supervisor]: Selected controllable event: EV_u_turn
[balanced_delivery_supervisor-20] [INFO] [1789489948.246526657] [robot_2.robot_supervisor]: Starting FULL ROTATE (omega=1.000, have_odom=True, target_rad=3.142, timeout_s=3.500)
[balanced_delivery_supervisor-22] [INFO] [1789489948.318275023] [robot_1.robot_supervisor]: Selected controllable event: EV_approach_color
[balanced_delivery_supervisor-24] [INFO] [1789489948.341149207] [robot_0.robot_supervisor]: Triggered uncontrollable event: EV_obstacle_right
[balanced_delivery_supervisor-24] [INFO] [1789489948.342025896] [robot_0.robot_supervisor]: Selected controllable event: EV_u_turn
[balanced_delivery_supervisor-24] [INFO] [1789489948.429655170] [robot_0.robot_supervisor]: Triggered uncontrollable event: EV_obstacle_right
[balanced_delivery_supervisor-24] [INFO] [1789489948.434754476] [robot_0.robot_supervisor]: Selected controllable event: EV_u_turn
[balanced_delivery_supervisor-24] [INFO] [1789489948.521281507] [robot_0.robot_supervisor]: Triggered uncontrollable event: EV_obstacle_right
[balanced_delivery_supervisor-24] [INFO] [1789489948.530595130] [robot_0.robot_supervisor]: Selected controllable event: EV_rotate_counterclockwise
[balanced_delivery_supervisor-22] [INFO] [1789489948.601185201] [robot_1.robot_supervisor]: ############################# REACHED: EV_object_reached #############################
[balanced_delivery_supervisor-22] [INFO] [1789489948.602031206] [robot_1.robot_supervisor]: Selected controllable event: EV_move_forward
[balanced_delivery_supervisor-24] [INFO] [1789489948.723781577] [robot_0.robot_supervisor]: Triggered uncontrollable event: EV_obstacle_right
[balanced_delivery_supervisor-24] [INFO] [1789489948.724496526] [robot_0.robot_supervisor]: Triggered uncontrollable event: EV_object_not_visible
[balanced_delivery_supervisor-24] [INFO] [1789489948.725279487] [robot_0.robot_supervisor]: Selected controllable event: EV_rotate_counterclockwise
[balanced_delivery_supervisor-22] [INFO] [1789489948.810243170] [robot_1.robot_supervisor]: Selected controllable event: EV_approach_object
[balanced_delivery_supervisor-24] [INFO] [1789489948.922507178] [robot_0.robot_supervisor]: Triggered uncontrollable event: EV_obstacle_right
[balanced_delivery_supervisor-24] [INFO] [1789489948.923352976] [robot_0.robot_supervisor]: Selected controllable event: EV_u_turn
[balanced_delivery_supervisor-22] [INFO] [1789489949.016498652] [robot_1.robot_supervisor]: Selected controllable event: EV_approach_color
[balanced_delivery_supervisor-24] [INFO] [1789489949.042822375] [robot_0.robot_supervisor]: Triggered uncontrollable event: EV_obstacle_right
[balanced_delivery_supervisor-24] [INFO] [1789489949.043658679] [robot_0.robot_supervisor]: Selected controllable event: EV_u_turn
[balanced_delivery_supervisor-24] [INFO] [1789489949.115825094] [robot_0.robot_supervisor]: Triggered uncontrollable event: EV_obstacle_right
[balanced_delivery_supervisor-24] [INFO] [1789489949.116726096] [robot_0.robot_supervisor]: Selected controllable event: EV_u_turn
[balanced_delivery_supervisor-24] [INFO] [1789489949.229484687] [robot_0.robot_supervisor]: Triggered uncontrollable event: EV_obstacle_right
[balanced_delivery_supervisor-24] [INFO] [1789489949.234386462] [robot_0.robot_supervisor]: Triggered uncontrollable event: EV_object_not_visible
[balanced_delivery_supervisor-24] [INFO] [1789489949.243959825] [robot_0.robot_supervisor]: Selected controllable event: EV_rotate_counterclockwise
[balanced_delivery_supervisor-22] [INFO] [1789489949.300608216] [robot_1.robot_supervisor]: Triggered uncontrollable event: EV_object_not_visible
[balanced_delivery_supervisor-22] [INFO] [1789489949.301577687] [robot_1.robot_supervisor]: Selected controllable event: EV_search_object
[balanced_delivery_supervisor-22] [INFO] [1789489949.403387060] [robot_1.robot_supervisor]: Selected controllable event: EV_approach_color
[balanced_delivery_supervisor-24] [INFO] [1789489949.432561030] [robot_0.robot_supervisor]: Triggered uncontrollable event: EV_obstacle_right
[balanced_delivery_supervisor-24] [INFO] [1789489949.435642277] [robot_0.robot_supervisor]: Selected controllable event: EV_u_turn
[balanced_delivery_supervisor-24] [INFO] [1789489949.436330863] [robot_0.robot_supervisor]: Starting FULL ROTATE (omega=1.000, have_odom=True, target_rad=3.142, timeout_s=3.500)
[color_detector-31] [INFO] [1789489949.630230872] [robot_0.target_detector]: RGB HEARTBEAT frames_total=30 recent_rate_hz=1.428 last_frame_age_s=0.494 status=OK
[color_detector-29] [INFO] [1789489949.648042705] [robot_1.target_detector]: RGB HEARTBEAT frames_total=30 recent_rate_hz=1.422 last_frame_age_s=0.628 status=OK
[color_detector-27] [INFO] [1789489949.650547677] [robot_2.target_detector]: RGB HEARTBEAT frames_total=30 recent_rate_hz=1.428 last_frame_age_s=0.528 status=OK
[balanced_delivery_supervisor-22] [INFO] [1789489949.708768097] [robot_1.robot_supervisor]: Selected controllable event: EV_search_color
[balanced_delivery_supervisor-22] [INFO] [1789489949.903664682] [robot_1.robot_supervisor]: Triggered uncontrollable event: EV_object_not_visible
[balanced_delivery_supervisor-22] [INFO] [1789489949.904561466] [robot_1.robot_supervisor]: Selected controllable event: EV_search_object
[balanced_delivery_supervisor-22] [INFO] [1789489950.010382649] [robot_1.robot_supervisor]: Selected controllable event: EV_approach_object
[balanced_delivery_supervisor-22] [INFO] [1789489950.309445533] [robot_1.robot_supervisor]: Selected controllable event: EV_approach_object
[balanced_delivery_supervisor-22] [INFO] [1789489950.599220779] [robot_1.robot_supervisor]: Triggered uncontrollable event: EV_object_not_visible
[balanced_delivery_supervisor-22] [INFO] [1789489950.607002317] [robot_1.robot_supervisor]: Selected controllable event: EV_approach_color
[balanced_delivery_supervisor-22] [INFO] [1789489950.908877995] [robot_1.robot_supervisor]: Selected controllable event: EV_approach_object
[balanced_delivery_supervisor-22] [INFO] [1789489951.214874459] [robot_1.robot_supervisor]: Triggered uncontrollable event: EV_object_not_visible
[balanced_delivery_supervisor-22] [INFO] [1789489951.215787826] [robot_1.robot_supervisor]: Selected controllable event: EV_approach_object
[balanced_delivery_supervisor-22] [INFO] [1789489951.518481632] [robot_1.robot_supervisor]: Selected controllable event: EV_approach_object
[balanced_delivery_supervisor-20] [INFO] [1789489951.750047334] [robot_2.robot_supervisor]: FULL ROTATE completed by timeout
[balanced_delivery_supervisor-22] [INFO] [1789489951.811432633] [robot_1.robot_supervisor]: Triggered uncontrollable event: EV_object_not_visible
[balanced_delivery_supervisor-22] [INFO] [1789489951.826935970] [robot_1.robot_supervisor]: Selected controllable event: EV_search_color
[balanced_delivery_supervisor-22] [INFO] [1789489952.004056633] [robot_1.robot_supervisor]: Selected controllable event: EV_search_color
[balanced_delivery_supervisor-20] [INFO] [1789489952.045890245] [robot_2.robot_supervisor]: ############################# REACHED: EV_object_reached #############################
[balanced_delivery_supervisor-20] [INFO] [1789489952.050209058] [robot_2.robot_supervisor]: Selected controllable event: EV_approach_color
[balanced_delivery_supervisor-22] [INFO] [1789489952.214382335] [robot_1.robot_supervisor]: Selected controllable event: EV_approach_color
[balanced_delivery_supervisor-20] [INFO] [1789489952.340584342] [robot_2.robot_supervisor]: Selected controllable event: EV_search_color
[balanced_delivery_supervisor-22] [INFO] [1789489952.509407125] [robot_1.robot_supervisor]: Triggered uncontrollable event: EV_object_not_visible
[balanced_delivery_supervisor-22] [INFO] [1789489952.518188826] [robot_1.robot_supervisor]: Selected controllable event: EV_search_color
[balanced_delivery_supervisor-20] [INFO] [1789489952.545064974] [robot_2.robot_supervisor]: ############################# REACHED: EV_object_reached #############################
[balanced_delivery_supervisor-20] [INFO] [1789489952.550725968] [robot_2.robot_supervisor]: Selected controllable event: EV_approach_color
[balanced_delivery_supervisor-22] [INFO] [1789489952.702370404] [robot_1.robot_supervisor]: Selected controllable event: EV_approach_color
[balanced_delivery_supervisor-20] [INFO] [1789489952.840425730] [robot_2.robot_supervisor]: Selected controllable event: EV_approach_object
[balanced_delivery_supervisor-22] [INFO] [1789489953.007597024] [robot_1.robot_supervisor]: Selected controllable event: EV_approach_object
[balanced_delivery_supervisor-24] [INFO] [1789489953.038781253] [robot_0.robot_supervisor]: FULL ROTATE completed by timeout
[balanced_delivery_supervisor-20] [INFO] [1789489953.152761572] [robot_2.robot_supervisor]: Selected controllable event: EV_approach_color
[balanced_delivery_supervisor-22] [INFO] [1789489953.215218815] [robot_1.robot_supervisor]: Triggered uncontrollable event: EV_object_not_visible
[balanced_delivery_supervisor-22] [INFO] [1789489953.216103705] [robot_1.robot_supervisor]: Selected controllable event: EV_approach_color
[balanced_delivery_supervisor-24] [INFO] [1789489953.334489859] [robot_0.robot_supervisor]: Triggered uncontrollable event: EV_obstacle_left
[balanced_delivery_supervisor-24] [INFO] [1789489953.335042301] [robot_0.robot_supervisor]: ############################# VISIBLE: EV_object_visible #############################
[balanced_delivery_supervisor-24] [INFO] [1789489953.346582891] [robot_0.robot_supervisor]: Selected controllable event: EV_u_turn
[balanced_delivery_supervisor-24] [INFO] [1789489953.421467622] [robot_0.robot_supervisor]: Triggered uncontrollable event: EV_obstacle_left
[balanced_delivery_supervisor-24] [INFO] [1789489953.430769229] [robot_0.robot_supervisor]: Selected controllable event: EV_rotate_clockwise
[balanced_delivery_supervisor-24] [WARN] [1789489953.431454498] [robot_0.robot_supervisor]: no translation for 6.2s livelock detected; starting atomic escape (turn_sign=-1)
[balanced_delivery_supervisor-20] [INFO] [1789489953.439776843] [robot_2.robot_supervisor]: ############################# VISIBLE: EV_object_visible #############################
[balanced_delivery_supervisor-20] [INFO] [1789489953.448717143] [robot_2.robot_supervisor]: Selected controllable event: EV_search_color
[balanced_delivery_supervisor-22] [INFO] [1789489953.510397601] [robot_1.robot_supervisor]: Selected controllable event: EV_search_color
[balanced_delivery_supervisor-22] [INFO] [1789489953.611756970] [robot_1.robot_supervisor]: Selected controllable event: EV_search_object
[balanced_delivery_supervisor-20] [INFO] [1789489953.634184255] [robot_2.robot_supervisor]: Selected controllable event: EV_approach_object
[balanced_delivery_supervisor-22] [INFO] [1789489953.805405156] [robot_1.robot_supervisor]: Selected controllable event: EV_search_color
[balanced_delivery_supervisor-20] [INFO] [1789489953.838914285] [robot_2.robot_supervisor]: Selected controllable event: EV_approach_color
[balanced_delivery_supervisor-22] [INFO] [1789489954.017815221] [robot_1.robot_supervisor]: Triggered uncontrollable event: EV_object_not_visible
[balanced_delivery_supervisor-22] [INFO] [1789489954.018643637] [robot_1.robot_supervisor]: Selected controllable event: EV_search_object
[balanced_delivery_supervisor-20] [INFO] [1789489954.139605522] [robot_2.robot_supervisor]: ############################# VISIBLE: EV_object_visible #############################
[balanced_delivery_supervisor-20] [INFO] [1789489954.140487987] [robot_2.robot_supervisor]: Selected controllable event: EV_approach_object
[balanced_delivery_supervisor-22] [INFO] [1789489954.220273549] [robot_1.robot_supervisor]: Selected controllable event: EV_search_object
[balanced_delivery_supervisor-22] [INFO] [1789489954.399414734] [robot_1.robot_supervisor]: Selected controllable event: EV_search_object
[balanced_delivery_supervisor-20] [INFO] [1789489954.443260404] [robot_2.robot_supervisor]: Selected controllable event: EV_move_forward
[balanced_delivery_supervisor-22] [INFO] [1789489954.515289513] [robot_1.robot_supervisor]: Selected controllable event: EV_move_forward
[balanced_delivery_supervisor-20] [INFO] [1789489954.740483492] [robot_2.robot_supervisor]: ############################# VISIBLE: EV_object_visible #############################
[balanced_delivery_supervisor-20] [INFO] [1789489954.741270188] [robot_2.robot_supervisor]: Selected controllable event: EV_approach_object
[balanced_delivery_supervisor-22] [INFO] [1789489954.809111546] [robot_1.robot_supervisor]: Triggered uncontrollable event: EV_object_not_visible
[balanced_delivery_supervisor-22] [INFO] [1789489954.809848194] [robot_1.robot_supervisor]: Selected controllable event: EV_approach_object
[balanced_delivery_supervisor-20] [INFO] [1789489955.026517532] [robot_2.robot_supervisor]: Selected controllable event: EV_move_forward
[balanced_delivery_supervisor-22] [INFO] [1789489955.116448729] [robot_1.robot_supervisor]: Selected controllable event: EV_approach_color
[balanced_delivery_supervisor-20] [INFO] [1789489955.258814176] [robot_2.robot_supervisor]: ############################# VISIBLE: EV_object_visible #############################
[balanced_delivery_supervisor-20] [INFO] [1789489955.274649408] [robot_2.robot_supervisor]: Selected controllable event: EV_approach_color
[balanced_delivery_supervisor-22] [INFO] [1789489955.403589608] [robot_1.robot_supervisor]: ############################# VISIBLE: EV_object_visible #############################
[balanced_delivery_supervisor-22] [INFO] [1789489955.404407270] [robot_1.robot_supervisor]: Selected controllable event: EV_approach_object
[balanced_delivery_supervisor-20] [INFO] [1789489955.535410984] [robot_2.robot_supervisor]: Selected controllable event: EV_search_color
[balanced_delivery_supervisor-22] [INFO] [1789489955.630910372] [robot_1.robot_supervisor]: Selected controllable event: EV_search_object
[balanced_delivery_supervisor-20] [INFO] [1789489955.742432359] [robot_2.robot_supervisor]: Selected controllable event: EV_approach_object
[balanced_delivery_supervisor-22] [INFO] [1789489955.832555197] [robot_1.robot_supervisor]: Selected controllable event: EV_move_forward
[balanced_delivery_supervisor-24] [INFO] [1789489956.018196381] [robot_0.robot_supervisor]: Zone-livelock escape completed
[balanced_delivery_supervisor-20] [INFO] [1789489956.042494484] [robot_2.robot_supervisor]: Triggered uncontrollable event: EV_obstacle_right
[balanced_delivery_supervisor-20] [INFO] [1789489956.043190210] [robot_2.robot_supervisor]: ############################# REACHED: EV_object_reached #############################
[balanced_delivery_supervisor-20] [INFO] [1789489956.065181724] [robot_2.robot_supervisor]: Selected controllable event: EV_rotate_counterclockwise
[balanced_delivery_supervisor-22] [INFO] [1789489956.098974732] [robot_1.robot_supervisor]: ############################# VISIBLE: EV_object_visible #############################
[balanced_delivery_supervisor-22] [INFO] [1789489956.099834784] [robot_1.robot_supervisor]: Selected controllable event: EV_move_forward
[balanced_delivery_supervisor-20] [INFO] [1789489956.231990958] [robot_2.robot_supervisor]: Triggered uncontrollable event: EV_obstacle_right
[balanced_delivery_supervisor-20] [INFO] [1789489956.232798487] [robot_2.robot_supervisor]: Selected controllable event: EV_u_turn
[balanced_delivery_supervisor-20] [INFO] [1789489956.233532503] [robot_2.robot_supervisor]: Starting FULL ROTATE (omega=1.000, have_odom=True, target_rad=3.142, timeout_s=3.500)
[balanced_delivery_supervisor-22] [INFO] [1789489956.308725968] [robot_1.robot_supervisor]: Selected controllable event: EV_move_forward
[color_detector-31] [INFO] [1789489956.308874947] [robot_0.target_detector]: RGB HEARTBEAT frames_total=40 recent_rate_hz=1.498 last_frame_age_s=0.427 status=OK
[color_detector-27] [INFO] [1789489956.312126056] [robot_2.target_detector]: RGB HEARTBEAT frames_total=40 recent_rate_hz=1.495 last_frame_age_s=0.479 status=OK
[balanced_delivery_supervisor-24] [INFO] [1789489956.317225819] [robot_0.robot_supervisor]: ############################# VISIBLE: EV_object_visible #############################
[balanced_delivery_supervisor-24] [INFO] [1789489956.318081922] [robot_0.robot_supervisor]: Selected controllable event: EV_approach_object
[color_detector-29] [INFO] [1789489956.327038419] [robot_1.target_detector]: RGB HEARTBEAT frames_total=40 recent_rate_hz=1.501 last_frame_age_s=0.527 status=OK
[balanced_delivery_supervisor-22] [INFO] [1789489956.602239731] [robot_1.robot_supervisor]: ############################# VISIBLE: EV_object_visible #############################
[balanced_delivery_supervisor-22] [INFO] [1789489956.615315353] [robot_1.robot_supervisor]: Selected controllable event: EV_move_forward
[balanced_delivery_supervisor-24] [INFO] [1789489956.629770527] [robot_0.robot_supervisor]: ############################# VISIBLE: EV_object_visible #############################
[balanced_delivery_supervisor-24] [INFO] [1789489956.635019966] [robot_0.robot_supervisor]: Selected controllable event: EV_search_object
[balanced_delivery_supervisor-24] [INFO] [1789489956.814782934] [robot_0.robot_supervisor]: Selected controllable event: EV_search_object
[balanced_delivery_supervisor-22] [INFO] [1789489956.909258347] [robot_1.robot_supervisor]: Selected controllable event: EV_search_color
[balanced_delivery_supervisor-24] [INFO] [1789489956.919103019] [robot_0.robot_supervisor]: Selected controllable event: EV_search_color
[balanced_delivery_supervisor-22] [INFO] [1789489957.103210357] [robot_1.robot_supervisor]: Selected controllable event: EV_approach_color
[balanced_delivery_supervisor-24] [INFO] [1789489957.123681433] [robot_0.robot_supervisor]: Selected controllable event: EV_search_color
[balanced_delivery_supervisor-24] [INFO] [1789489957.336280825] [robot_0.robot_supervisor]: Selected controllable event: EV_approach_color
[balanced_delivery_supervisor-22] [INFO] [1789489957.398839296] [robot_1.robot_supervisor]: ############################# VISIBLE: EV_object_visible #############################
[balanced_delivery_supervisor-22] [INFO] [1789489957.402075427] [robot_1.robot_supervisor]: Selected controllable event: EV_move_forward
[balanced_delivery_supervisor-24] [INFO] [1789489957.620069923] [robot_0.robot_supervisor]: ############################# VISIBLE: EV_object_visible #############################
[balanced_delivery_supervisor-24] [INFO] [1789489957.620878168] [robot_0.robot_supervisor]: Selected controllable event: EV_search_object
[balanced_delivery_supervisor-22] [INFO] [1789489957.700808321] [robot_1.robot_supervisor]: Selected controllable event: EV_move_forward
[balanced_delivery_supervisor-24] [INFO] [1789489957.826562730] [robot_0.robot_supervisor]: Selected controllable event: EV_approach_color
[balanced_delivery_supervisor-22] [INFO] [1789489957.908029106] [robot_1.robot_supervisor]: ############################# VISIBLE: EV_object_visible #############################
[balanced_delivery_supervisor-22] [INFO] [1789489957.928095310] [robot_1.robot_supervisor]: Selected controllable event: EV_approach_object
[balanced_delivery_supervisor-24] [INFO] [1789489958.029838216] [robot_0.robot_supervisor]: ############################# VISIBLE: EV_object_visible #############################
[balanced_delivery_supervisor-24] [INFO] [1789489958.030800213] [robot_0.robot_supervisor]: Selected controllable event: EV_search_object
[balanced_delivery_supervisor-22] [INFO] [1789489958.212358700] [robot_1.robot_supervisor]: Selected controllable event: EV_approach_object
[balanced_delivery_supervisor-24] [INFO] [1789489958.236679553] [robot_0.robot_supervisor]: Selected controllable event: EV_move_forward
[balanced_delivery_supervisor-22] [INFO] [1789489958.506701799] [robot_1.robot_supervisor]: ############################# VISIBLE: EV_object_visible #############################
[balanced_delivery_supervisor-22] [INFO] [1789489958.511143433] [robot_1.robot_supervisor]: Selected controllable event: EV_approach_object
[balanced_delivery_supervisor-24] [INFO] [1789489958.534335729] [robot_0.robot_supervisor]: Selected controllable event: EV_search_object
[balanced_delivery_supervisor-24] [INFO] [1789489958.722631964] [robot_0.robot_supervisor]: ############################# VISIBLE: EV_object_visible #############################
[balanced_delivery_supervisor-24] [INFO] [1789489958.723490054] [robot_0.robot_supervisor]: Selected controllable event: EV_approach_object
[balanced_delivery_supervisor-22] [INFO] [1789489958.817563434] [robot_1.robot_supervisor]: Selected controllable event: EV_approach_color
[balanced_delivery_supervisor-24] [INFO] [1789489959.021504349] [robot_0.robot_supervisor]: Selected controllable event: EV_search_object
[balanced_delivery_supervisor-24] [INFO] [1789489959.129028104] [robot_0.robot_supervisor]: Selected controllable event: EV_move_forward
[balanced_delivery_supervisor-22] [INFO] [1789489959.130719722] [robot_1.robot_supervisor]: Selected controllable event: EV_approach_color
[balanced_delivery_supervisor-22] [INFO] [1789489959.412663729] [robot_1.robot_supervisor]: ############################# REACHED: EV_object_reached #############################
[balanced_delivery_supervisor-22] [INFO] [1789489959.413496221] [robot_1.robot_supervisor]: Selected controllable event: EV_search_color
[balanced_delivery_supervisor-24] [INFO] [1789489959.421059339] [robot_0.robot_supervisor]: ############################# VISIBLE: EV_object_visible #############################
[balanced_delivery_supervisor-24] [INFO] [1789489959.426875141] [robot_0.robot_supervisor]: Selected controllable event: EV_move_forward
[balanced_delivery_supervisor-22] [INFO] [1789489959.608766989] [robot_1.robot_supervisor]: Selected controllable event: EV_approach_object
[balanced_delivery_supervisor-20] [INFO] [1789489959.742365159] [robot_2.robot_supervisor]: FULL ROTATE completed by timeout
[balanced_delivery_supervisor-24] [INFO] [1789489959.749843809] [robot_0.robot_supervisor]: Selected controllable event: EV_move_forward
[balanced_delivery_supervisor-22] [INFO] [1789489959.902997832] [robot_1.robot_supervisor]: ############################# REACHED: EV_object_reached #############################
[balanced_delivery_supervisor-22] [INFO] [1789489959.909328977] [robot_1.robot_supervisor]: Selected controllable event: EV_search_color
[balanced_delivery_supervisor-24] [INFO] [1789489960.027354664] [robot_0.robot_supervisor]: ############################# VISIBLE: EV_object_visible #############################
[balanced_delivery_supervisor-24] [INFO] [1789489960.031537150] [robot_0.robot_supervisor]: Selected controllable event: EV_move_forward
[balanced_delivery_supervisor-20] [INFO] [1789489960.039820641] [robot_2.robot_supervisor]: ############################# REACHED: EV_object_reached #############################
[balanced_delivery_supervisor-20] [INFO] [1789489960.046307181] [robot_2.robot_supervisor]: Selected controllable event: EV_search_color
[balanced_delivery_supervisor-22] [INFO] [1789489960.114505739] [robot_1.robot_supervisor]: Selected controllable event: EV_move_forward
[balanced_delivery_supervisor-20] [INFO] [1789489960.231114389] [robot_2.robot_supervisor]: Selected controllable event: EV_approach_object
[balanced_delivery_supervisor-22] [INFO] [1789489960.331106860] [robot_1.robot_supervisor]: Selected controllable event: EV_approach_object
[balanced_delivery_supervisor-24] [INFO] [1789489960.336812285] [robot_0.robot_supervisor]: Selected controllable event: EV_search_object
[balanced_delivery_supervisor-20] [INFO] [1789489960.445987882] [robot_2.robot_supervisor]: Selected controllable event: EV_approach_object
[balanced_delivery_supervisor-24] [INFO] [1789489960.518747321] [robot_0.robot_supervisor]: Selected controllable event: EV_search_color
[balanced_delivery_supervisor-22] [INFO] [1789489960.616725157] [robot_1.robot_supervisor]: ############################# REACHED: EV_object_reached #############################
[balanced_delivery_supervisor-22] [INFO] [1789489960.617606728] [robot_1.robot_supervisor]: Selected controllable event: EV_search_color
[balanced_delivery_supervisor-24] [INFO] [1789489960.724198056] [robot_0.robot_supervisor]: Triggered uncontrollable event: EV_obstacle_left
[balanced_delivery_supervisor-24] [INFO] [1789489960.729283543] [robot_0.robot_supervisor]: ############################# VISIBLE: EV_object_visible #############################
[balanced_delivery_supervisor-20] [INFO] [1789489960.734981978] [robot_2.robot_supervisor]: ############################# REACHED: EV_object_reached #############################
[balanced_delivery_supervisor-24] [INFO] [1789489960.739148460] [robot_0.robot_supervisor]: Selected controllable event: EV_rotate_clockwise
[balanced_delivery_supervisor-20] [INFO] [1789489960.739798802] [robot_2.robot_supervisor]: Selected controllable event: EV_approach_color
[balanced_delivery_supervisor-22] [INFO] [1789489960.802562799] [robot_1.robot_supervisor]: Selected controllable event: EV_search_color
[balanced_delivery_supervisor-22] [INFO] [1789489960.916253030] [robot_1.robot_supervisor]: Selected controllable event: EV_approach_object
[balanced_delivery_supervisor-24] [INFO] [1789489960.934536826] [robot_0.robot_supervisor]: Triggered uncontrollable event: EV_obstacle_left
[balanced_delivery_supervisor-24] [INFO] [1789489960.943584775] [robot_0.robot_supervisor]: Selected controllable event: EV_rotate_clockwise
[balanced_delivery_supervisor-20] [INFO] [1789489961.035943364] [robot_2.robot_supervisor]: Selected controllable event: EV_approach_color
[balanced_delivery_supervisor-24] [INFO] [1789489961.115932017] [robot_0.robot_supervisor]: Triggered uncontrollable event: EV_obstacle_left
[balanced_delivery_supervisor-24] [INFO] [1789489961.116759363] [robot_0.robot_supervisor]: Selected controllable event: EV_rotate_clockwise
[balanced_delivery_supervisor-22] [INFO] [1789489961.200921030] [robot_1.robot_supervisor]: Selected controllable event: EV_search_object
[balanced_delivery_supervisor-24] [INFO] [1789489961.256579674] [robot_0.robot_supervisor]: Triggered uncontrollable event: EV_obstacle_left
[balanced_delivery_supervisor-24] [INFO] [1789489961.257523137] [robot_0.robot_supervisor]: Selected controllable event: EV_rotate_clockwise
[balanced_delivery_supervisor-22] [INFO] [1789489961.310282249] [robot_1.robot_supervisor]: ############################# REACHED: EV_object_reached #############################
[balanced_delivery_supervisor-22] [INFO] [1789489961.322654544] [robot_1.robot_supervisor]: Selected controllable event: EV_approach_object
[balanced_delivery_supervisor-20] [INFO] [1789489961.344967698] [robot_2.robot_supervisor]: ############################# REACHED: EV_object_reached #############################
[balanced_delivery_supervisor-20] [INFO] [1789489961.352161610] [robot_2.robot_supervisor]: Selected controllable event: EV_approach_object
[balanced_delivery_supervisor-24] [INFO] [1789489961.427127572] [robot_0.robot_supervisor]: Triggered uncontrollable event: EV_obstacle_left
[balanced_delivery_supervisor-24] [INFO] [1789489961.427825476] [robot_0.robot_supervisor]: ############################# VISIBLE: EV_object_visible #############################
[balanced_delivery_supervisor-24] [INFO] [1789489961.445699082] [robot_0.robot_supervisor]: Selected controllable event: EV_rotate_clockwise
[balanced_delivery_supervisor-22] [INFO] [1789489961.607263945] [robot_1.robot_supervisor]: Selected controllable event: EV_approach_color
[balanced_delivery_supervisor-24] [INFO] [1789489961.622848480] [robot_0.robot_supervisor]: Triggered uncontrollable event: EV_obstacle_left
[balanced_delivery_supervisor-24] [INFO] [1789489961.639053403] [robot_0.robot_supervisor]: Selected controllable event: EV_u_turn
[balanced_delivery_supervisor-24] [INFO] [1789489961.639809006] [robot_0.robot_supervisor]: Starting FULL ROTATE (omega=1.000, have_odom=True, target_rad=3.142, timeout_s=3.500)
[balanced_delivery_supervisor-20] [INFO] [1789489961.658302116] [robot_2.robot_supervisor]: Selected controllable event: EV_approach_color
[balanced_delivery_supervisor-22] [INFO] [1789489961.831915201] [robot_1.robot_supervisor]: Selected controllable event: EV_approach_object
[balanced_delivery_supervisor-20] [INFO] [1789489961.958022008] [robot_2.robot_supervisor]: Selected controllable event: EV_approach_object
[balanced_delivery_supervisor-22] [INFO] [1789489962.112859883] [robot_1.robot_supervisor]: ############################# REACHED: EV_object_reached #############################
[balanced_delivery_supervisor-22] [INFO] [1789489962.113777642] [robot_1.robot_supervisor]: Selected controllable event: EV_search_color
[balanced_delivery_supervisor-20] [INFO] [1789489962.231207402] [robot_2.robot_supervisor]: ############################# VISIBLE: EV_object_visible #############################
[balanced_delivery_supervisor-20] [INFO] [1789489962.232028399] [robot_2.robot_supervisor]: Selected controllable event: EV_search_color
[balanced_delivery_supervisor-22] [INFO] [1789489962.299129231] [robot_1.robot_supervisor]: Selected controllable event: EV_approach_object
[balanced_delivery_supervisor-20] [INFO] [1789489962.344578732] [robot_2.robot_supervisor]: Selected controllable event: EV_approach_object
[balanced_delivery_supervisor-22] [INFO] [1789489962.513801441] [robot_1.robot_supervisor]: Selected controllable event: EV_search_object
[balanced_delivery_supervisor-20] [INFO] [1789489962.641022801] [robot_2.robot_supervisor]: ############################# VISIBLE: EV_object_visible #############################
[balanced_delivery_supervisor-20] [INFO] [1789489962.641971523] [robot_2.robot_supervisor]: Selected controllable event: EV_approach_object
[balanced_delivery_supervisor-22] [INFO] [1789489962.722279580] [robot_1.robot_supervisor]: ############################# REACHED: EV_object_reached #############################
[balanced_delivery_supervisor-22] [INFO] [1789489962.730915150] [robot_1.robot_supervisor]: Selected controllable event: EV_approach_color
[balanced_delivery_supervisor-20] [INFO] [1789489962.942484842] [robot_2.robot_supervisor]: Selected controllable event: EV_move_forward
[balanced_delivery_supervisor-22] [INFO] [1789489963.006203842] [robot_1.robot_supervisor]: Selected controllable event: EV_move_forward
[color_detector-31] [INFO] [1789489963.035286229] [robot_0.target_detector]: RGB HEARTBEAT frames_total=50 recent_rate_hz=1.486 last_frame_age_s=0.424 status=OK
[color_detector-27] [INFO] [1789489963.035413922] [robot_2.target_detector]: RGB HEARTBEAT frames_total=50 recent_rate_hz=1.487 last_frame_age_s=0.479 status=OK
[color_detector-29] [INFO] [1789489963.037178933] [robot_1.target_detector]: RGB HEARTBEAT frames_total=50 recent_rate_hz=1.486 last_frame_age_s=0.556 status=OK
[balanced_delivery_supervisor-20] [INFO] [1789489963.241181703] [robot_2.robot_supervisor]: Selected controllable event: EV_search_color
[balanced_delivery_supervisor-22] [INFO] [1789489963.299245637] [robot_1.robot_supervisor]: ############################# REACHED: EV_object_reached #############################
[balanced_delivery_supervisor-22] [INFO] [1789489963.301112491] [robot_1.robot_supervisor]: Selected controllable event: EV_approach_color
[balanced_delivery_supervisor-20] [INFO] [1789489963.437490596] [robot_2.robot_supervisor]: ############################# VISIBLE: EV_object_visible #############################
[balanced_delivery_supervisor-20] [INFO] [1789489963.444342727] [robot_2.robot_supervisor]: Selected controllable event: EV_search_color
[balanced_delivery_supervisor-22] [INFO] [1789489963.521775547] [robot_1.robot_supervisor]: Selected controllable event: EV_approach_color
[balanced_delivery_supervisor-20] [INFO] [1789489963.637024176] [robot_2.robot_supervisor]: Selected controllable event: EV_search_color
[balanced_delivery_supervisor-22] [INFO] [1789489963.812777983] [robot_1.robot_supervisor]: Selected controllable event: EV_search_object
[balanced_delivery_supervisor-20] [INFO] [1789489963.848642541] [robot_2.robot_supervisor]: Selected controllable event: EV_approach_color
[balanced_delivery_supervisor-22] [INFO] [1789489964.001916678] [robot_1.robot_supervisor]: ############################# REACHED: EV_object_reached #############################
[balanced_delivery_supervisor-22] [INFO] [1789489964.011068389] [robot_1.robot_supervisor]: Selected controllable event: EV_search_object
[balanced_delivery_supervisor-20] [INFO] [1789489964.126423523] [robot_2.robot_supervisor]: ############################# VISIBLE: EV_object_visible #############################
[balanced_delivery_supervisor-20] [INFO] [1789489964.127284714] [robot_2.robot_supervisor]: Selected controllable event: EV_approach_color
[balanced_delivery_supervisor-22] [INFO] [1789489964.197944652] [robot_1.robot_supervisor]: Selected controllable event: EV_move_forward
[balanced_delivery_supervisor-20] [INFO] [1789489964.329760484] [robot_2.robot_supervisor]: Selected controllable event: EV_approach_color
[balanced_delivery_supervisor-22] [INFO] [1789489964.403463566] [robot_1.robot_supervisor]: Selected controllable event: EV_move_forward
[balanced_delivery_supervisor-20] [INFO] [1789489964.532302980] [robot_2.robot_supervisor]: Selected controllable event: EV_search_color
[balanced_delivery_supervisor-22] [INFO] [1789489964.618281883] [robot_1.robot_supervisor]: Selected controllable event: EV_search_color
[balanced_delivery_supervisor-20] [INFO] [1789489964.749943034] [robot_2.robot_supervisor]: Selected controllable event: EV_move_forward
[balanced_delivery_supervisor-22] [INFO] [1789489964.831035356] [robot_1.robot_supervisor]: ############################# REACHED: EV_object_reached #############################
[balanced_delivery_supervisor-22] [INFO] [1789489964.834001114] [robot_1.robot_supervisor]: Selected controllable event: EV_move_forward
[balanced_delivery_supervisor-20] [INFO] [1789489965.037833694] [robot_2.robot_supervisor]: ############################# VISIBLE: EV_object_visible #############################
[balanced_delivery_supervisor-20] [INFO] [1789489965.038715714] [robot_2.robot_supervisor]: Selected controllable event: EV_approach_object
[balanced_delivery_supervisor-22] [INFO] [1789489965.118145377] [robot_1.robot_supervisor]: Selected controllable event: EV_move_forward
[balanced_delivery_supervisor-24] [INFO] [1789489965.222962137] [robot_0.robot_supervisor]: FULL ROTATE completed by timeout
[balanced_delivery_supervisor-22] [INFO] [1789489965.322647412] [robot_1.robot_supervisor]: ############################# REACHED: EV_object_reached #############################
[balanced_delivery_supervisor-20] [INFO] [1789489965.336074206] [robot_2.robot_supervisor]: ############################# VISIBLE: EV_object_visible #############################
[balanced_delivery_supervisor-22] [INFO] [1789489965.337200242] [robot_1.robot_supervisor]: Selected controllable event: EV_move_forward
[balanced_delivery_supervisor-20] [INFO] [1789489965.351884666] [robot_2.robot_supervisor]: Selected controllable event: EV_approach_color
[balanced_delivery_supervisor-24] [INFO] [1789489965.519205845] [robot_0.robot_supervisor]: Triggered uncontrollable event: EV_obstacle_right
[balanced_delivery_supervisor-24] [INFO] [1789489965.525260281] [robot_0.robot_supervisor]: ############################# VISIBLE: EV_object_visible #############################
[balanced_delivery_supervisor-24] [INFO] [1789489965.533393736] [robot_0.robot_supervisor]: Selected controllable event: EV_rotate_counterclockwise
[balanced_delivery_supervisor-24] [WARN] [1789489965.538198616] [robot_0.robot_supervisor]: no translation for 5.2s livelock detected; starting atomic escape (turn_sign=+1)
[balanced_delivery_supervisor-22] [INFO] [1789489965.608103399] [robot_1.robot_supervisor]: Selected controllable event: EV_approach_color
[balanced_delivery_supervisor-20] [INFO] [1789489965.635447927] [robot_2.robot_supervisor]: Selected controllable event: EV_search_object
[balanced_delivery_supervisor-20] [INFO] [1789489965.749072612] [robot_2.robot_supervisor]: Selected controllable event: EV_search_object
[balanced_delivery_supervisor-22] [INFO] [1789489965.813119717] [robot_1.robot_supervisor]: Selected controllable event: EV_search_object
[balanced_delivery_supervisor-20] [INFO] [1789489965.944796863] [robot_2.robot_supervisor]: Selected controllable event: EV_approach_object
[balanced_delivery_supervisor-22] [INFO] [1789489966.022205125] [robot_1.robot_supervisor]: ############################# REACHED: EV_object_reached #############################
[balanced_delivery_supervisor-22] [INFO] [1789489966.040440992] [robot_1.robot_supervisor]: Selected controllable event: EV_search_object
[balanced_delivery_supervisor-22] [INFO] [1789489966.211984124] [robot_1.robot_supervisor]: Selected controllable event: EV_approach_object
[balanced_delivery_supervisor-20] [INFO] [1789489966.241039409] [robot_2.robot_supervisor]: ############################# VISIBLE: EV_object_visible #############################
[balanced_delivery_supervisor-20] [INFO] [1789489966.246262388] [robot_2.robot_supervisor]: Selected controllable event: EV_search_object
[balanced_delivery_supervisor-20] [INFO] [1789489966.447746010] [robot_2.robot_supervisor]: Selected controllable event: EV_search_object
[balanced_delivery_supervisor-22] [INFO] [1789489966.505643204] [robot_1.robot_supervisor]: Selected controllable event: EV_approach_color
[balanced_delivery_supervisor-20] [INFO] [1789489966.550647567] [robot_2.robot_supervisor]: Selected controllable event: EV_move_forward
[balanced_delivery_supervisor-22] [INFO] [1789489966.798171657] [robot_1.robot_supervisor]: ############################# REACHED: EV_object_reached #############################
[balanced_delivery_supervisor-22] [INFO] [1789489966.801317363] [robot_1.robot_supervisor]: Selected controllable event: EV_approach_color
[balanced_delivery_supervisor-20] [INFO] [1789489966.844483796] [robot_2.robot_supervisor]: ############################# VISIBLE: EV_object_visible #############################
[balanced_delivery_supervisor-20] [INFO] [1789489966.845337826] [robot_2.robot_supervisor]: Selected controllable event: EV_approach_color
[balanced_delivery_supervisor-22] [INFO] [1789489967.002963267] [robot_1.robot_supervisor]: Selected controllable event: EV_approach_object
[balanced_delivery_supervisor-20] [INFO] [1789489967.133048201] [robot_2.robot_supervisor]: Selected controllable event: EV_approach_color
[balanced_delivery_supervisor-22] [INFO] [1789489967.209340637] [robot_1.robot_supervisor]: Selected controllable event: EV_search_color
[balanced_delivery_supervisor-22] [INFO] [1789489967.398756127] [robot_1.robot_supervisor]: Selected controllable event: EV_search_object
[balanced_delivery_supervisor-20] [INFO] [1789489967.440744152] [robot_2.robot_supervisor]: Selected controllable event: EV_search_object
[balanced_delivery_supervisor-22] [INFO] [1789489967.519937235] [robot_1.robot_supervisor]: ############################# REACHED: EV_object_reached #############################
[balanced_delivery_supervisor-22] [INFO] [1789489967.522128428] [robot_1.robot_supervisor]: Selected controllable event: EV_search_color
[balanced_delivery_supervisor-20] [INFO] [1789489967.640596810] [robot_2.robot_supervisor]: ############################# VISIBLE: EV_object_visible #############################
[balanced_delivery_supervisor-20] [INFO] [1789489967.644839052] [robot_2.robot_supervisor]: Selected controllable event: EV_search_object
[balanced_delivery_supervisor-22] [INFO] [1789489967.711243689] [robot_1.robot_supervisor]: Selected controllable event: EV_move_forward
[balanced_delivery_supervisor-20] [INFO] [1789489967.837642959] [robot_2.robot_supervisor]: Selected controllable event: EV_move_forward
[balanced_delivery_supervisor-22] [INFO] [1789489968.001678822] [robot_1.robot_supervisor]: Selected controllable event: EV_search_object
[balanced_delivery_supervisor-24] [INFO] [1789489968.019153868] [robot_0.robot_supervisor]: Zone-livelock escape completed
[balanced_delivery_supervisor-20] [INFO] [1789489968.040300302] [robot_2.robot_supervisor]: Selected controllable event: EV_approach_object
[balanced_delivery_supervisor-22] [INFO] [1789489968.115161900] [robot_1.robot_supervisor]: Selected controllable event: EV_move_forward
[balanced_delivery_supervisor-24] [INFO] [1789489968.226902071] [robot_0.robot_supervisor]: Triggered uncontrollable event: EV_obstacle_right
[balanced_delivery_supervisor-24] [INFO] [1789489968.227591035] [robot_0.robot_supervisor]: Triggered uncontrollable event: EV_object_not_visible
[balanced_delivery_supervisor-24] [INFO] [1789489968.250250611] [robot_0.robot_supervisor]: Selected controllable event: EV_rotate_counterclockwise
[balanced_delivery_supervisor-20] [INFO] [1789489968.331533434] [robot_2.robot_supervisor]: ############################# VISIBLE: EV_object_visible #############################
[balanced_delivery_supervisor-20] [INFO] [1789489968.332421713] [robot_2.robot_supervisor]: Selected controllable event: EV_move_forward
[balanced_delivery_supervisor-22] [INFO] [1789489968.406655620] [robot_1.robot_supervisor]: ############################# REACHED: EV_object_reached #############################
[balanced_delivery_supervisor-22] [INFO] [1789489968.407531710] [robot_1.robot_supervisor]: Selected controllable event: EV_search_color
[balanced_delivery_supervisor-24] [INFO] [1789489968.413739286] [robot_0.robot_supervisor]: Triggered uncontrollable event: EV_object_not_visible
[balanced_delivery_supervisor-24] [INFO] [1789489968.415492445] [robot_0.robot_supervisor]: Selected controllable event: EV_move_forward
[balanced_delivery_supervisor-22] [INFO] [1789489968.510570776] [robot_1.robot_supervisor]: Selected controllable event: EV_search_object
[balanced_delivery_supervisor-20] [INFO] [1789489968.543623250] [robot_2.robot_supervisor]: Selected controllable event: EV_approach_color
[balanced_delivery_supervisor-24] [INFO] [1789489968.621927768] [robot_0.robot_supervisor]: Selected controllable event: EV_move_forward
[balanced_delivery_supervisor-22] [INFO] [1789489968.704896353] [robot_1.robot_supervisor]: Selected controllable event: EV_move_forward
[balanced_delivery_supervisor-20] [INFO] [1789489968.825112913] [robot_2.robot_supervisor]: Selected controllable event: EV_approach_color
[balanced_delivery_supervisor-24] [INFO] [1789489968.917971598] [robot_0.robot_supervisor]: Selected controllable event: EV_approach_object
[balanced_delivery_supervisor-22] [INFO] [1789489969.004434844] [robot_1.robot_supervisor]: ############################# REACHED: EV_object_reached #############################
[balanced_delivery_supervisor-22] [INFO] [1789489969.005208845] [robot_1.robot_supervisor]: Selected controllable event: EV_approach_object
[balanced_delivery_supervisor-20] [INFO] [1789489969.130024653] [robot_2.robot_supervisor]: ############################# VISIBLE: EV_object_visible #############################
[balanced_delivery_supervisor-20] [INFO] [1789489969.131890519] [robot_2.robot_supervisor]: Selected controllable event: EV_search_color
[balanced_delivery_supervisor-24] [INFO] [1789489969.133387873] [robot_0.robot_supervisor]: Triggered uncontrollable event: EV_object_not_visible
[balanced_delivery_supervisor-24] [INFO] [1789489969.138380412] [robot_0.robot_supervisor]: Selected controllable event: EV_approach_color
[balanced_delivery_supervisor-22] [INFO] [1789489969.315815876] [robot_1.robot_supervisor]: Selected controllable event: EV_approach_color
[balanced_delivery_supervisor-20] [INFO] [1789489969.332961623] [robot_2.robot_supervisor]: Selected controllable event: EV_search_color
[balanced_delivery_supervisor-24] [INFO] [1789489969.427449604] [robot_0.robot_supervisor]: Selected controllable event: EV_approach_color
[balanced_delivery_supervisor-20] [INFO] [1789489969.537973339] [robot_2.robot_supervisor]: Triggered uncontrollable event: EV_object_not_visible
[balanced_delivery_supervisor-20] [INFO] [1789489969.544289819] [robot_2.robot_supervisor]: Selected controllable event: EV_approach_object
[balanced_delivery_supervisor-22] [INFO] [1789489969.598525400] [robot_1.robot_supervisor]: ############################# REACHED: EV_object_reached #############################
[balanced_delivery_supervisor-22] [INFO] [1789489969.599336872] [robot_1.robot_supervisor]: Selected controllable event: EV_approach_color
[balanced_delivery_supervisor-24] [INFO] [1789489969.720420547] [robot_0.robot_supervisor]: Triggered uncontrollable event: EV_object_not_visible
[balanced_delivery_supervisor-24] [INFO] [1789489969.721261118] [robot_0.robot_supervisor]: Selected controllable event: EV_search_color
[balanced_delivery_supervisor-22] [INFO] [1789489969.818262991] [robot_1.robot_supervisor]: Selected controllable event: EV_move_forward
[balanced_delivery_supervisor-24] [INFO] [1789489969.828192608] [robot_0.robot_supervisor]: Selected controllable event: EV_approach_object
[balanced_delivery_supervisor-20] [INFO] [1789489969.843626378] [robot_2.robot_supervisor]: Selected controllable event: EV_move_forward
[color_detector-27] [INFO] [1789489970.013795229] [robot_2.target_detector]: RGB HEARTBEAT frames_total=60 recent_rate_hz=1.433 last_frame_age_s=0.540 status=OK
[color_detector-29] [INFO] [1789489970.013798948] [robot_1.target_detector]: RGB HEARTBEAT frames_total=60 recent_rate_hz=1.435 last_frame_age_s=0.595 status=OK
[color_detector-31] [INFO] [1789489970.022401679] [robot_0.target_detector]: RGB HEARTBEAT frames_total=60 recent_rate_hz=1.431 last_frame_age_s=0.487 status=OK
[balanced_delivery_supervisor-24] [INFO] [1789489970.036262706] [robot_0.robot_supervisor]: Selected controllable event: EV_search_object
[balanced_delivery_supervisor-22] [INFO] [1789489970.142492278] [robot_1.robot_supervisor]: Selected controllable event: EV_approach_color
[balanced_delivery_supervisor-20] [INFO] [1789489970.144011013] [robot_2.robot_supervisor]: Selected controllable event: EV_move_forward
[balanced_delivery_supervisor-24] [INFO] [1789489970.248483660] [robot_0.robot_supervisor]: Selected controllable event: EV_approach_object
[balanced_delivery_supervisor-22] [INFO] [1789489970.413177742] [robot_1.robot_supervisor]: ############################# REACHED: EV_object_reached #############################
[balanced_delivery_supervisor-22] [INFO] [1789489970.425983398] [robot_1.robot_supervisor]: Selected controllable event: EV_approach_object
[balanced_delivery_supervisor-20] [INFO] [1789489970.447634758] [robot_2.robot_supervisor]: Triggered uncontrollable event: EV_object_not_visible
[balanced_delivery_supervisor-20] [INFO] [1789489970.455618900] [robot_2.robot_supervisor]: Selected controllable event: EV_approach_color
[balanced_delivery_supervisor-24] [INFO] [1789489970.522159656] [robot_0.robot_supervisor]: Triggered uncontrollable event: EV_object_not_visible
[balanced_delivery_supervisor-24] [INFO] [1789489970.537177679] [robot_0.robot_supervisor]: Selected controllable event: EV_search_color
[balanced_delivery_supervisor-22] [INFO] [1789489970.703012224] [robot_1.robot_supervisor]: Selected controllable event: EV_move_forward
[balanced_delivery_supervisor-24] [INFO] [1789489970.723223376] [robot_0.robot_supervisor]: Selected controllable event: EV_search_object
[balanced_delivery_supervisor-20] [INFO] [1789489970.742596981] [robot_2.robot_supervisor]: Selected controllable event: EV_approach_color
[balanced_delivery_supervisor-22] [INFO] [1789489970.922235365] [robot_1.robot_supervisor]: Triggered uncontrollable event: EV_obstacle_left
[balanced_delivery_supervisor-22] [INFO] [1789489970.931644647] [robot_1.robot_supervisor]: ############################# REACHED: EV_object_reached #############################
[balanced_delivery_supervisor-22] [INFO] [1789489970.932590130] [robot_1.robot_supervisor]: Selected controllable event: EV_u_turn
[balanced_delivery_supervisor-22] [INFO] [1789489970.933378594] [robot_1.robot_supervisor]: Starting FULL ROTATE (omega=1.000, have_odom=True, target_rad=3.142, timeout_s=3.500)
[balanced_delivery_supervisor-24] [INFO] [1789489970.938740910] [robot_0.robot_supervisor]: Selected controllable event: EV_search_color
[balanced_delivery_supervisor-20] [INFO] [1789489971.027303516] [robot_2.robot_supervisor]: Triggered uncontrollable event: EV_object_not_visible
[balanced_delivery_supervisor-20] [INFO] [1789489971.028102091] [robot_2.robot_supervisor]: Selected controllable event: EV_approach_color
[balanced_delivery_supervisor-24] [INFO] [1789489971.115727168] [robot_0.robot_supervisor]: Triggered uncontrollable event: EV_object_not_visible
[balanced_delivery_supervisor-24] [INFO] [1789489971.116700241] [robot_0.robot_supervisor]: Selected controllable event: EV_approach_object
[balanced_delivery_supervisor-20] [INFO] [1789489971.243940909] [robot_2.robot_supervisor]: Selected controllable event: EV_search_color
[balanced_delivery_supervisor-24] [INFO] [1789489971.423723071] [robot_0.robot_supervisor]: Selected controllable event: EV_search_color
[balanced_delivery_supervisor-20] [INFO] [1789489971.441494507] [robot_2.robot_supervisor]: Selected controllable event: EV_approach_object
[balanced_delivery_supervisor-24] [INFO] [1789489971.629293405] [robot_0.robot_supervisor]: Selected controllable event: EV_approach_object
[balanced_delivery_supervisor-20] [INFO] [1789489971.740710755] [robot_2.robot_supervisor]: Triggered uncontrollable event: EV_object_not_visible
[balanced_delivery_supervisor-20] [INFO] [1789489971.741634518] [robot_2.robot_supervisor]: Selected controllable event: EV_search_object
[balanced_delivery_supervisor-24] [INFO] [1789489971.918961640] [robot_0.robot_supervisor]: Triggered uncontrollable event: EV_object_not_visible
[balanced_delivery_supervisor-24] [INFO] [1789489971.923157121] [robot_0.robot_supervisor]: Selected controllable event: EV_search_object
[balanced_delivery_supervisor-20] [INFO] [1789489971.938772117] [robot_2.robot_supervisor]: Selected controllable event: EV_move_forward
[balanced_delivery_supervisor-24] [INFO] [1789489972.139231471] [robot_0.robot_supervisor]: Selected controllable event: EV_approach_object
[balanced_delivery_supervisor-20] [INFO] [1789489972.154709615] [robot_2.robot_supervisor]: Selected controllable event: EV_approach_color
[balanced_delivery_supervisor-24] [INFO] [1789489972.432122755] [robot_0.robot_supervisor]: ############################# VISIBLE: EV_object_visible #############################
[balanced_delivery_supervisor-24] [INFO] [1789489972.437417401] [robot_0.robot_supervisor]: Selected controllable event: EV_search_color
[balanced_delivery_supervisor-20] [INFO] [1789489972.452263312] [robot_2.robot_supervisor]: Triggered uncontrollable event: EV_object_not_visible
[balanced_delivery_supervisor-20] [INFO] [1789489972.453205350] [robot_2.robot_supervisor]: Selected controllable event: EV_search_object
[balanced_delivery_supervisor-20] [INFO] [1789489972.630874817] [robot_2.robot_supervisor]: Selected controllable event: EV_approach_color
[balanced_delivery_supervisor-24] [INFO] [1789489972.637880363] [robot_0.robot_supervisor]: Selected controllable event: EV_move_forward
[balanced_delivery_supervisor-24] [INFO] [1789489972.847237359] [robot_0.robot_supervisor]: Selected controllable event: EV_approach_object
[balanced_delivery_supervisor-20] [INFO] [1789489972.859685895] [robot_2.robot_supervisor]: Selected controllable event: EV_approach_object
[balanced_delivery_supervisor-24] [INFO] [1789489973.126343489] [robot_0.robot_supervisor]: ############################# VISIBLE: EV_object_visible #############################
[balanced_delivery_supervisor-24] [INFO] [1789489973.130437160] [robot_0.robot_supervisor]: Selected controllable event: EV_move_forward
[balanced_delivery_supervisor-20] [INFO] [1789489973.126761866] [robot_2.robot_supervisor]: Triggered uncontrollable event: EV_object_not_visible
[balanced_delivery_supervisor-20] [INFO] [1789489973.127667785] [robot_2.robot_supervisor]: Selected controllable event: EV_search_color
[balanced_delivery_supervisor-20] [INFO] [1789489973.255777967] [robot_2.robot_supervisor]: Selected controllable event: EV_search_object
[balanced_delivery_supervisor-24] [INFO] [1789489973.423775655] [robot_0.robot_supervisor]: Selected controllable event: EV_approach_object
[balanced_delivery_supervisor-20] [INFO] [1789489973.427087997] [robot_2.robot_supervisor]: Selected controllable event: EV_search_object
[balanced_delivery_supervisor-20] [INFO] [1789489973.546195539] [robot_2.robot_supervisor]: Selected controllable event: EV_approach_object
[balanced_delivery_supervisor-24] [INFO] [1789489973.736777921] [robot_0.robot_supervisor]: ############################# VISIBLE: EV_object_visible #############################
[balanced_delivery_supervisor-24] [INFO] [1789489973.743054511] [robot_0.robot_supervisor]: Selected controllable event: EV_approach_object
[balanced_delivery_supervisor-20] [INFO] [1789489973.844837642] [robot_2.robot_supervisor]: Triggered uncontrollable event: EV_obstacle_right
[balanced_delivery_supervisor-20] [INFO] [1789489973.845522112] [robot_2.robot_supervisor]: Triggered uncontrollable event: EV_object_not_visible
[balanced_delivery_supervisor-20] [INFO] [1789489973.846423767] [robot_2.robot_supervisor]: Selected controllable event: EV_u_turn
[balanced_delivery_supervisor-20] [INFO] [1789489973.867392627] [robot_2.robot_supervisor]: Starting FULL ROTATE (omega=1.000, have_odom=True, target_rad=3.142, timeout_s=3.500)
[balanced_delivery_supervisor-24] [INFO] [1789489974.024387199] [robot_0.robot_supervisor]: Selected controllable event: EV_move_forward
[balanced_delivery_supervisor-24] [INFO] [1789489974.232473594] [robot_0.robot_supervisor]: Selected controllable event: EV_move_forward
[balanced_delivery_supervisor-24] [INFO] [1789489974.458897863] [robot_0.robot_supervisor]: Selected controllable event: EV_approach_object
[balanced_delivery_supervisor-22] [INFO] [1789489974.515219159] [robot_1.robot_supervisor]: FULL ROTATE completed by timeout
[balanced_delivery_supervisor-24] [INFO] [1789489974.720325913] [robot_0.robot_supervisor]: ############################# VISIBLE: EV_object_visible #############################
[balanced_delivery_supervisor-24] [INFO] [1789489974.721206918] [robot_0.robot_supervisor]: Selected controllable event: EV_search_object
[balanced_delivery_supervisor-22] [INFO] [1789489974.809205719] [robot_1.robot_supervisor]: ############################# REACHED: EV_object_reached #############################
[balanced_delivery_supervisor-22] [INFO] [1789489974.810062917] [robot_1.robot_supervisor]: Selected controllable event: EV_approach_color
[balanced_delivery_supervisor-24] [INFO] [1789489974.823659391] [robot_0.robot_supervisor]: Selected controllable event: EV_approach_object
[balanced_delivery_supervisor-22] [INFO] [1789489975.116367962] [robot_1.robot_supervisor]: ############################# REACHED: EV_object_reached #############################
[balanced_delivery_supervisor-22] [INFO] [1789489975.123380139] [robot_1.robot_supervisor]: Selected controllable event: EV_approach_object
[balanced_delivery_supervisor-24] [INFO] [1789489975.126604122] [robot_0.robot_supervisor]: Selected controllable event: EV_move_forward
[balanced_delivery_supervisor-22] [INFO] [1789489975.421522088] [robot_1.robot_supervisor]: Selected controllable event: EV_approach_object
[balanced_delivery_supervisor-24] [INFO] [1789489975.443731200] [robot_0.robot_supervisor]: ############################# REACHED: EV_object_reached #############################
[balanced_delivery_supervisor-24] [INFO] [1789489975.453543601] [robot_0.robot_supervisor]: Selected controllable event: EV_search_color
[balanced_delivery_supervisor-24] [INFO] [1789489975.626721935] [robot_0.robot_supervisor]: Selected controllable event: EV_approach_color
[balanced_delivery_supervisor-22] [INFO] [1789489975.706617529] [robot_1.robot_supervisor]: Selected controllable event: EV_move_forward
[balanced_delivery_supervisor-24] [INFO] [1789489975.836773902] [robot_0.robot_supervisor]: Selected controllable event: EV_move_forward
[balanced_delivery_supervisor-22] [INFO] [1789489976.011750750] [robot_1.robot_supervisor]: ############################# REACHED: EV_object_reached #############################
[balanced_delivery_supervisor-22] [INFO] [1789489976.025331831] [robot_1.robot_supervisor]: Selected controllable event: EV_search_color
[balanced_delivery_supervisor-24] [INFO] [1789489976.124215431] [robot_0.robot_supervisor]: Triggered uncontrollable event: EV_obstacle_right
[balanced_delivery_supervisor-24] [INFO] [1789489976.124891102] [robot_0.robot_supervisor]: ############################# REACHED: EV_object_reached #############################
[balanced_delivery_supervisor-24] [INFO] [1789489976.125637982] [robot_0.robot_supervisor]: Selected controllable event: EV_rotate_counterclockwise
[balanced_delivery_supervisor-22] [INFO] [1789489976.216688287] [robot_1.robot_supervisor]: Selected controllable event: EV_search_object
[balanced_delivery_supervisor-24] [INFO] [1789489976.324659550] [robot_0.robot_supervisor]: Triggered uncontrollable event: EV_obstacle_right
[balanced_delivery_supervisor-24] [INFO] [1789489976.325576460] [robot_0.robot_supervisor]: Selected controllable event: EV_rotate_counterclockwise
[balanced_delivery_supervisor-22] [INFO] [1789489976.403229794] [robot_1.robot_supervisor]: ############################# REACHED: EV_object_reached #############################
[balanced_delivery_supervisor-22] [INFO] [1789489976.404038704] [robot_1.robot_supervisor]: Selected controllable event: EV_search_object
[balanced_delivery_supervisor-24] [INFO] [1789489976.517690482] [robot_0.robot_supervisor]: Triggered uncontrollable event: EV_obstacle_right
[balanced_delivery_supervisor-24] [INFO] [1789489976.526092218] [robot_0.robot_supervisor]: ############################# REACHED: EV_object_reached #############################
[balanced_delivery_supervisor-24] [INFO] [1789489976.529639974] [robot_0.robot_supervisor]: Selected controllable event: EV_rotate_counterclockwise
[balanced_delivery_supervisor-22] [INFO] [1789489976.602469270] [robot_1.robot_supervisor]: Selected controllable event: EV_move_forward
[balanced_delivery_supervisor-24] [INFO] [1789489976.722871344] [robot_0.robot_supervisor]: Triggered uncontrollable event: EV_obstacle_right
[balanced_delivery_supervisor-24] [INFO] [1789489976.729104622] [robot_0.robot_supervisor]: Selected controllable event: EV_u_turn
[balanced_delivery_supervisor-24] [INFO] [1789489976.729894458] [robot_0.robot_supervisor]: Starting FULL ROTATE (omega=1.000, have_odom=True, target_rad=3.142, timeout_s=3.500)
[balanced_delivery_supervisor-22] [INFO] [1789489976.916564160] [robot_1.robot_supervisor]: Selected controllable event: EV_approach_object
[color_detector-27] [INFO] [1789489976.933659969] [robot_2.target_detector]: RGB HEARTBEAT frames_total=70 recent_rate_hz=1.445 last_frame_age_s=0.544 status=OK
[color_detector-29] [INFO] [1789489976.937162097] [robot_1.target_detector]: RGB HEARTBEAT frames_total=70 recent_rate_hz=1.443 last_frame_age_s=0.614 status=OK
[color_detector-31] [INFO] [1789489976.940796918] [robot_0.target_detector]: RGB HEARTBEAT frames_total=70 recent_rate_hz=1.445 last_frame_age_s=0.474 status=OK
[balanced_delivery_supervisor-22] [INFO] [1789489977.204556066] [robot_1.robot_supervisor]: ############################# REACHED: EV_object_reached #############################
[balanced_delivery_supervisor-22] [INFO] [1789489977.208128243] [robot_1.robot_supervisor]: Selected controllable event: EV_search_color
[balanced_delivery_supervisor-22] [INFO] [1789489977.425143994] [robot_1.robot_supervisor]: Selected controllable event: EV_search_color
[balanced_delivery_supervisor-20] [INFO] [1789489977.441215806] [robot_2.robot_supervisor]: FULL ROTATE completed by timeout
[balanced_delivery_supervisor-20] [INFO] [1789489977.637755169] [robot_2.robot_supervisor]: ############################# VISIBLE: EV_object_visible #############################
[balanced_delivery_supervisor-22] [INFO] [1789489977.638769800] [robot_1.robot_supervisor]: Selected controllable event: EV_approach_color
[balanced_delivery_supervisor-20] [INFO] [1789489977.655917782] [robot_2.robot_supervisor]: Selected controllable event: EV_approach_object
[balanced_delivery_supervisor-22] [INFO] [1789489977.911535067] [robot_1.robot_supervisor]: ############################# REACHED: EV_object_reached #############################
[balanced_delivery_supervisor-22] [INFO] [1789489977.912399880] [robot_1.robot_supervisor]: Selected controllable event: EV_move_forward
[balanced_delivery_supervisor-20] [INFO] [1789489977.943558590] [robot_2.robot_supervisor]: ############################# VISIBLE: EV_object_visible #############################
[balanced_delivery_supervisor-20] [INFO] [1789489977.958078868] [robot_2.robot_supervisor]: Selected controllable event: EV_search_object
[balanced_delivery_supervisor-20] [INFO] [1789489978.136206617] [robot_2.robot_supervisor]: Selected controllable event: EV_approach_color
[balanced_delivery_supervisor-22] [INFO] [1789489978.209068281] [robot_1.robot_supervisor]: Selected controllable event: EV_approach_color
[balanced_delivery_supervisor-22] [INFO] [1789489978.446986264] [robot_1.robot_supervisor]: Selected controllable event: EV_move_forward
[balanced_delivery_supervisor-20] [INFO] [1789489978.464067501] [robot_2.robot_supervisor]: Selected controllable event: EV_search_color
[balanced_delivery_supervisor-20] [INFO] [1789489978.637702618] [robot_2.robot_supervisor]: ############################# VISIBLE: EV_object_visible #############################
[balanced_delivery_supervisor-20] [INFO] [1789489978.638552106] [robot_2.robot_supervisor]: Selected controllable event: EV_search_object
[balanced_delivery_supervisor-22] [INFO] [1789489978.713143478] [robot_1.robot_supervisor]: ############################# REACHED: EV_object_reached #############################
[balanced_delivery_supervisor-22] [INFO] [1789489978.716539927] [robot_1.robot_supervisor]: Selected controllable event: EV_approach_color
[balanced_delivery_supervisor-20] [INFO] [1789489978.838266460] [robot_2.robot_supervisor]: Selected controllable event: EV_move_forward
[balanced_delivery_supervisor-22] [INFO] [1789489979.006262374] [robot_1.robot_supervisor]: Selected controllable event: EV_search_object
[balanced_delivery_supervisor-20] [INFO] [1789489979.047886480] [robot_2.robot_supervisor]: Selected controllable event: EV_move_forward
[balanced_delivery_supervisor-22] [INFO] [1789489979.214188476] [robot_1.robot_supervisor]: ############################# REACHED: EV_object_reached #############################
[balanced_delivery_supervisor-22] [INFO] [1789489979.214951932] [robot_1.robot_supervisor]: Selected controllable event: EV_search_object
[balanced_delivery_supervisor-20] [INFO] [1789489979.337836936] [robot_2.robot_supervisor]: ############################# VISIBLE: EV_object_visible #############################
[balanced_delivery_supervisor-20] [INFO] [1789489979.349427943] [robot_2.robot_supervisor]: Selected controllable event: EV_approach_color
[balanced_delivery_supervisor-22] [INFO] [1789489979.409636111] [robot_1.robot_supervisor]: Selected controllable event: EV_approach_color
[balanced_delivery_supervisor-20] [INFO] [1789489979.640351602] [robot_2.robot_supervisor]: Selected controllable event: EV_search_object
[balanced_delivery_supervisor-22] [INFO] [1789489979.725123380] [robot_1.robot_supervisor]: ############################# REACHED: EV_object_reached #############################
[balanced_delivery_supervisor-22] [INFO] [1789489979.752203186] [robot_1.robot_supervisor]: Selected controllable event: EV_search_color
[balanced_delivery_supervisor-20] [INFO] [1789489979.842163240] [robot_2.robot_supervisor]: ############################# VISIBLE: EV_object_visible #############################
[balanced_delivery_supervisor-20] [INFO] [1789489979.851012345] [robot_2.robot_supervisor]: Selected controllable event: EV_search_object
[balanced_delivery_supervisor-22] [INFO] [1789489979.909396605] [robot_1.robot_supervisor]: Selected controllable event: EV_search_color
[balanced_delivery_supervisor-20] [INFO] [1789489980.038731938] [robot_2.robot_supervisor]: Selected controllable event: EV_search_object
[balanced_delivery_supervisor-22] [INFO] [1789489980.100096439] [robot_1.robot_supervisor]: Selected controllable event: EV_approach_color
[balanced_delivery_supervisor-20] [INFO] [1789489980.248368454] [robot_2.robot_supervisor]: Selected controllable event: EV_search_color
[balanced_delivery_supervisor-24] [INFO] [1789489980.317682333] [robot_0.robot_supervisor]: FULL ROTATE completed by timeout
[balanced_delivery_supervisor-22] [INFO] [1789489980.327202860] [robot_1.robot_supervisor]: Selected controllable event: EV_search_color
[balanced_delivery_supervisor-20] [INFO] [1789489980.432417152] [robot_2.robot_supervisor]: Selected controllable event: EV_approach_object
[balanced_delivery_supervisor-24] [INFO] [1789489980.524349740] [robot_0.robot_supervisor]: ############################# REACHED: EV_object_reached #############################
[balanced_delivery_supervisor-24] [INFO] [1789489980.525203743] [robot_0.robot_supervisor]: Selected controllable event: EV_move_forward
[balanced_delivery_supervisor-22] [INFO] [1789489980.528642141] [robot_1.robot_supervisor]: ############################# REACHED: EV_object_reached #############################
[balanced_delivery_supervisor-22] [INFO] [1789489980.529549397] [robot_1.robot_supervisor]: Selected controllable event: EV_search_color
[balanced_delivery_supervisor-22] [INFO] [1789489980.720173801] [robot_1.robot_supervisor]: Selected controllable event: EV_approach_object
[balanced_delivery_supervisor-20] [INFO] [1789489980.734061600] [robot_2.robot_supervisor]: ############################# VISIBLE: EV_object_visible #############################
[balanced_delivery_supervisor-20] [INFO] [1789489980.734871897] [robot_2.robot_supervisor]: Selected controllable event: EV_search_color
[balanced_delivery_supervisor-24] [INFO] [1789489980.734379351] [robot_0.robot_supervisor]: ############################# REACHED: EV_object_reached #############################
[balanced_delivery_supervisor-24] [INFO] [1789489980.735146970] [robot_0.robot_supervisor]: Selected controllable event: EV_search_color
[balanced_delivery_supervisor-24] [INFO] [1789489980.922132095] [robot_0.robot_supervisor]: Selected controllable event: EV_search_color
[balanced_delivery_supervisor-20] [INFO] [1789489980.943985342] [robot_2.robot_supervisor]: Selected controllable event: EV_approach_color
[balanced_delivery_supervisor-22] [INFO] [1789489981.010477394] [robot_1.robot_supervisor]: Selected controllable event: EV_approach_color
[balanced_delivery_supervisor-24] [INFO] [1789489981.122705673] [robot_0.robot_supervisor]: Selected controllable event: EV_search_color
[balanced_delivery_supervisor-22] [INFO] [1789489981.214228656] [robot_1.robot_supervisor]: Triggered uncontrollable event: EV_obstacle_right
[balanced_delivery_supervisor-22] [INFO] [1789489981.214945311] [robot_1.robot_supervisor]: ############################# REACHED: EV_object_reached #############################
[balanced_delivery_supervisor-22] [INFO] [1789489981.215651506] [robot_1.robot_supervisor]: Selected controllable event: EV_u_turn
[balanced_delivery_supervisor-22] [INFO] [1789489981.232090663] [robot_1.robot_supervisor]: Starting FULL ROTATE (omega=1.000, have_odom=True, target_rad=3.142, timeout_s=3.500)
[balanced_delivery_supervisor-20] [INFO] [1789489981.234796272] [robot_2.robot_supervisor]: ############################# VISIBLE: EV_object_visible #############################
[balanced_delivery_supervisor-20] [INFO] [1789489981.235510747] [robot_2.robot_supervisor]: Selected controllable event: EV_approach_object
[balanced_delivery_supervisor-24] [INFO] [1789489981.313377551] [robot_0.robot_supervisor]: ############################# REACHED: EV_object_reached #############################
[balanced_delivery_supervisor-24] [INFO] [1789489981.314647102] [robot_0.robot_supervisor]: Selected controllable event: EV_search_object
[balanced_delivery_supervisor-24] [INFO] [1789489981.433512198] [robot_0.robot_supervisor]: Selected controllable event: EV_approach_color
[balanced_delivery_supervisor-20] [INFO] [1789489981.440997606] [robot_2.robot_supervisor]: Selected controllable event: EV_search_object
[balanced_delivery_supervisor-20] [INFO] [1789489981.632495541] [robot_2.robot_supervisor]: Selected controllable event: EV_search_color
[balanced_delivery_supervisor-24] [INFO] [1789489981.720831797] [robot_0.robot_supervisor]: Selected controllable event: EV_search_color
[balanced_delivery_supervisor-20] [INFO] [1789489981.744775262] [robot_2.robot_supervisor]: Selected controllable event: EV_search_object
[balanced_delivery_supervisor-24] [INFO] [1789489981.915004438] [robot_0.robot_supervisor]: Selected controllable event: EV_move_forward
[balanced_delivery_supervisor-20] [INFO] [1789489981.928236958] [robot_2.robot_supervisor]: ############################# VISIBLE: EV_object_visible #############################
[balanced_delivery_supervisor-20] [INFO] [1789489981.937601817] [robot_2.robot_supervisor]: Selected controllable event: EV_move_forward
[balanced_delivery_supervisor-24] [INFO] [1789489982.116375527] [robot_0.robot_supervisor]: ############################# REACHED: EV_object_reached #############################
[balanced_delivery_supervisor-24] [INFO] [1789489982.117217737] [robot_0.robot_supervisor]: Selected controllable event: EV_search_color
[balanced_delivery_supervisor-24] [INFO] [1789489982.236026969] [robot_0.robot_supervisor]: Selected controllable event: EV_search_object
[balanced_delivery_supervisor-20] [INFO] [1789489982.237604344] [robot_2.robot_supervisor]: Selected controllable event: EV_approach_object
[balanced_delivery_supervisor-24] [INFO] [1789489982.418077760] [robot_0.robot_supervisor]: Selected controllable event: EV_move_forward
[balanced_delivery_supervisor-20] [INFO] [1789489982.538289035] [robot_2.robot_supervisor]: ############################# VISIBLE: EV_object_visible #############################
[balanced_delivery_supervisor-20] [INFO] [1789489982.541342611] [robot_2.robot_supervisor]: Selected controllable event: EV_search_object
[balanced_delivery_supervisor-24] [INFO] [1789489982.627702854] [robot_0.robot_supervisor]: ############################# REACHED: EV_object_reached #############################
[balanced_delivery_supervisor-24] [INFO] [1789489982.628461459] [robot_0.robot_supervisor]: Selected controllable event: EV_approach_color
[balanced_delivery_supervisor-20] [INFO] [1789489982.749748854] [robot_2.robot_supervisor]: Selected controllable event: EV_move_forward
[balanced_delivery_supervisor-24] [INFO] [1789489982.920514488] [robot_0.robot_supervisor]: Selected controllable event: EV_search_object
[balanced_delivery_supervisor-24] [INFO] [1789489983.022618998] [robot_0.robot_supervisor]: Selected controllable event: EV_approach_color
[balanced_delivery_supervisor-20] [INFO] [1789489983.030338819] [robot_2.robot_supervisor]: Selected controllable event: EV_approach_color
[balanced_delivery_supervisor-20] [INFO] [1789489983.238976501] [robot_2.robot_supervisor]: ############################# VISIBLE: EV_object_visible #############################
[balanced_delivery_supervisor-20] [INFO] [1789489983.239715437] [robot_2.robot_supervisor]: Selected controllable event: EV_search_color
[balanced_delivery_supervisor-24] [INFO] [1789489983.315967774] [robot_0.robot_supervisor]: ############################# REACHED: EV_object_reached #############################
[balanced_delivery_supervisor-24] [INFO] [1789489983.322975055] [robot_0.robot_supervisor]: Selected controllable event: EV_search_object
[balanced_delivery_supervisor-20] [INFO] [1789489983.440078141] [robot_2.robot_supervisor]: Selected controllable event: EV_move_forward
[balanced_delivery_supervisor-24] [INFO] [1789489983.521451357] [robot_0.robot_supervisor]: Selected controllable event: EV_approach_color
[color_detector-29] [INFO] [1789489983.667256051] [robot_1.target_detector]: RGB HEARTBEAT frames_total=80 recent_rate_hz=1.486 last_frame_age_s=0.565 status=OK
[color_detector-31] [INFO] [1789489983.669201264] [robot_0.target_detector]: RGB HEARTBEAT frames_total=80 recent_rate_hz=1.486 last_frame_age_s=0.422 status=OK
[color_detector-27] [INFO] [1789489983.673780837] [robot_2.target_detector]: RGB HEARTBEAT frames_total=80 recent_rate_hz=1.489 last_frame_age_s=0.471 status=OK
[balanced_delivery_supervisor-20] [INFO] [1789489983.754052174] [robot_2.robot_supervisor]: Selected controllable event: EV_approach_color
[balanced_delivery_supervisor-24] [INFO] [1789489983.827058055] [robot_0.robot_supervisor]: Triggered uncontrollable event: EV_obstacle_left
[balanced_delivery_supervisor-24] [INFO] [1789489983.832129688] [robot_0.robot_supervisor]: Selected controllable event: EV_u_turn
[balanced_delivery_supervisor-24] [INFO] [1789489983.833774109] [robot_0.robot_supervisor]: Starting FULL ROTATE (omega=1.000, have_odom=True, target_rad=3.142, timeout_s=3.500)
[balanced_delivery_supervisor-20] [INFO] [1789489984.036837082] [robot_2.robot_supervisor]: ############################# VISIBLE: EV_object_visible #############################
[balanced_delivery_supervisor-20] [INFO] [1789489984.040746098] [robot_2.robot_supervisor]: Selected controllable event: EV_move_forward
[balanced_delivery_supervisor-20] [INFO] [1789489984.249481683] [robot_2.robot_supervisor]: Selected controllable event: EV_approach_object
[balanced_delivery_supervisor-20] [INFO] [1789489984.539334648] [robot_2.robot_supervisor]: Selected controllable event: EV_search_object
[balanced_delivery_supervisor-22] [INFO] [1789489984.716948665] [robot_1.robot_supervisor]: FULL ROTATE completed by timeout
[balanced_delivery_supervisor-20] [INFO] [1789489984.731561460] [robot_2.robot_supervisor]: ############################# VISIBLE: EV_object_visible #############################
[balanced_delivery_supervisor-20] [INFO] [1789489984.737161387] [robot_2.robot_supervisor]: Selected controllable event: EV_approach_color
[balanced_delivery_supervisor-22] [INFO] [1789489985.001005328] [robot_1.robot_supervisor]: ############################# REACHED: EV_object_reached #############################
[balanced_delivery_supervisor-22] [INFO] [1789489985.007020236] [robot_1.robot_supervisor]: Selected controllable event: EV_move_forward
[balanced_delivery_supervisor-20] [INFO] [1789489985.032737728] [robot_2.robot_supervisor]: Selected controllable event: EV_approach_object
[balanced_delivery_supervisor-22] [INFO] [1789489985.214560314] [robot_1.robot_supervisor]: ############################# REACHED: EV_object_reached #############################
[balanced_delivery_supervisor-22] [INFO] [1789489985.218688557] [robot_1.robot_supervisor]: Selected controllable event: EV_move_forward
[balanced_delivery_supervisor-20] [INFO] [1789489985.345630223] [robot_2.robot_supervisor]: ############################# VISIBLE: EV_object_visible #############################
[balanced_delivery_supervisor-20] [INFO] [1789489985.346423794] [robot_2.robot_supervisor]: Selected controllable event: EV_move_forward
[balanced_delivery_supervisor-22] [INFO] [1789489985.499381785] [robot_1.robot_supervisor]: Selected controllable event: EV_search_object
[balanced_delivery_supervisor-22] [INFO] [1789489985.610475840] [robot_1.robot_supervisor]: Selected controllable event: EV_search_object
[balanced_delivery_supervisor-20] [INFO] [1789489985.627322307] [robot_2.robot_supervisor]: Selected controllable event: EV_move_forward
[balanced_delivery_supervisor-22] [INFO] [1789489985.814052316] [robot_1.robot_supervisor]: Selected controllable event: EV_search_object
[balanced_delivery_supervisor-20] [INFO] [1789489985.829890133] [robot_2.robot_supervisor]: Selected controllable event: EV_move_forward
[balanced_delivery_supervisor-22] [INFO] [1789489986.011112725] [robot_1.robot_supervisor]: Triggered uncontrollable event: EV_obstacle_right
[balanced_delivery_supervisor-22] [INFO] [1789489986.011809699] [robot_1.robot_supervisor]: ############################# REACHED: EV_object_reached #############################
[balanced_delivery_supervisor-22] [INFO] [1789489986.012579760] [robot_1.robot_supervisor]: Selected controllable event: EV_rotate_counterclockwise
[balanced_delivery_supervisor-20] [INFO] [1789489986.054766448] [robot_2.robot_supervisor]: ############################# VISIBLE: EV_object_visible #############################
[balanced_delivery_supervisor-20] [INFO] [1789489986.055774011] [robot_2.robot_supervisor]: Selected controllable event: EV_search_color
[balanced_delivery_supervisor-22] [INFO] [1789489986.206894607] [robot_1.robot_supervisor]: Triggered uncontrollable event: EV_obstacle_right
[balanced_delivery_supervisor-22] [INFO] [1789489986.225616031] [robot_1.robot_supervisor]: Selected controllable event: EV_u_turn
[balanced_delivery_supervisor-20] [INFO] [1789489986.231300275] [robot_2.robot_supervisor]: Selected controllable event: EV_move_forward
[balanced_delivery_supervisor-22] [INFO] [1789489986.317915106] [robot_1.robot_supervisor]: Triggered uncontrollable event: EV_obstacle_right
[balanced_delivery_supervisor-22] [INFO] [1789489986.318729199] [robot_1.robot_supervisor]: Selected controllable event: EV_u_turn
[balanced_delivery_supervisor-22] [INFO] [1789489986.411123137] [robot_1.robot_supervisor]: Triggered uncontrollable event: EV_obstacle_right
[balanced_delivery_supervisor-22] [INFO] [1789489986.412001368] [robot_1.robot_supervisor]: Selected controllable event: EV_rotate_counterclockwise
[balanced_delivery_supervisor-20] [INFO] [1789489986.545879243] [robot_2.robot_supervisor]: Selected controllable event: EV_approach_object
[balanced_delivery_supervisor-22] [INFO] [1789489986.606544787] [robot_1.robot_supervisor]: ############################# REACHED: EV_object_reached #############################
[balanced_delivery_supervisor-22] [INFO] [1789489986.619647180] [robot_1.robot_supervisor]: Selected controllable event: EV_search_object
[balanced_delivery_supervisor-22] [INFO] [1789489986.814535167] [robot_1.robot_supervisor]: Selected controllable event: EV_search_color
[balanced_delivery_supervisor-20] [INFO] [1789489986.827287450] [robot_2.robot_supervisor]: Triggered uncontrollable event: EV_obstacle_left
[balanced_delivery_supervisor-20] [INFO] [1789489986.828006521] [robot_2.robot_supervisor]: ############################# REACHED: EV_object_reached #############################
[balanced_delivery_supervisor-20] [INFO] [1789489986.842263621] [robot_2.robot_supervisor]: Selected controllable event: EV_u_turn
[balanced_delivery_supervisor-20] [INFO] [1789489986.843352954] [robot_2.robot_supervisor]: Starting FULL ROTATE (omega=1.000, have_odom=True, target_rad=3.142, timeout_s=3.500)
[balanced_delivery_supervisor-22] [INFO] [1789489987.008405514] [robot_1.robot_supervisor]: Selected controllable event: EV_search_object
[balanced_delivery_supervisor-22] [INFO] [1789489987.205680424] [robot_1.robot_supervisor]: Selected controllable event: EV_search_color
[balanced_delivery_supervisor-22] [INFO] [1789489987.404762868] [robot_1.robot_supervisor]: ############################# REACHED: EV_object_reached #############################
[balanced_delivery_supervisor-22] [INFO] [1789489987.405677520] [robot_1.robot_supervisor]: Selected controllable event: EV_approach_color
[balanced_delivery_supervisor-24] [INFO] [1789489987.414067681] [robot_0.robot_supervisor]: FULL ROTATE completed by timeout
[balanced_delivery_supervisor-24] [INFO] [1789489987.629387024] [robot_0.robot_supervisor]: ############################# VISIBLE: EV_object_visible #############################
[balanced_delivery_supervisor-24] [INFO] [1789489987.630250974] [robot_0.robot_supervisor]: Selected controllable event: EV_search_object
[balanced_delivery_supervisor-22] [INFO] [1789489987.703044860] [robot_1.robot_supervisor]: Selected controllable event: EV_approach_color
[balanced_delivery_supervisor-24] [INFO] [1789489987.825943605] [robot_0.robot_supervisor]: Selected controllable event: EV_search_object
[balanced_delivery_supervisor-22] [INFO] [1789489988.010269797] [robot_1.robot_supervisor]: ############################# REACHED: EV_object_reached #############################
[balanced_delivery_supervisor-22] [INFO] [1789489988.011175587] [robot_1.robot_supervisor]: Selected controllable event: EV_search_object
[balanced_delivery_supervisor-24] [INFO] [1789489988.023608723] [robot_0.robot_supervisor]: Selected controllable event: EV_search_color
[balanced_delivery_supervisor-22] [INFO] [1789489988.209166146] [robot_1.robot_supervisor]: Selected controllable event: EV_search_object
[balanced_delivery_supervisor-24] [INFO] [1789489988.243244348] [robot_0.robot_supervisor]: ############################# VISIBLE: EV_object_visible #############################
[balanced_delivery_supervisor-24] [INFO] [1789489988.251514391] [robot_0.robot_supervisor]: Selected controllable event: EV_search_color
[balanced_delivery_supervisor-22] [INFO] [1789489988.403067960] [robot_1.robot_supervisor]: Selected controllable event: EV_search_object
[balanced_delivery_supervisor-24] [INFO] [1789489988.438608747] [robot_0.robot_supervisor]: Selected controllable event: EV_approach_color
[balanced_delivery_supervisor-22] [INFO] [1789489988.608414510] [robot_1.robot_supervisor]: Selected controllable event: EV_approach_color
[balanced_delivery_supervisor-24] [INFO] [1789489988.756135410] [robot_0.robot_supervisor]: Selected controllable event: EV_search_object
[balanced_delivery_supervisor-22] [INFO] [1789489988.814158277] [robot_1.robot_supervisor]: Triggered uncontrollable event: EV_obstacle_left
[balanced_delivery_supervisor-22] [INFO] [1789489988.830400589] [robot_1.robot_supervisor]: ############################# REACHED: EV_object_reached #############################
[balanced_delivery_supervisor-22] [INFO] [1789489988.832400109] [robot_1.robot_supervisor]: Selected controllable event: EV_u_turn
[balanced_delivery_supervisor-22] [INFO] [1789489988.833134961] [robot_1.robot_supervisor]: Starting FULL ROTATE (omega=1.000, have_odom=True, target_rad=3.142, timeout_s=3.500)
[balanced_delivery_supervisor-24] [INFO] [1789489988.946518930] [robot_0.robot_supervisor]: Triggered uncontrollable event: EV_obstacle_right
[balanced_delivery_supervisor-24] [INFO] [1789489988.952252220] [robot_0.robot_supervisor]: ############################# REACHED: EV_object_reached #############################
[balanced_delivery_supervisor-24] [INFO] [1789489988.953159252] [robot_0.robot_supervisor]: Selected controllable event: EV_u_turn
[balanced_delivery_supervisor-24] [INFO] [1789489989.027784960] [robot_0.robot_supervisor]: Triggered uncontrollable event: EV_obstacle_right
[balanced_delivery_supervisor-24] [INFO] [1789489989.044444686] [robot_0.robot_supervisor]: Selected controllable event: EV_rotate_counterclockwise
[balanced_delivery_supervisor-24] [INFO] [1789489989.221803493] [robot_0.robot_supervisor]: Triggered uncontrollable event: EV_obstacle_right
[balanced_delivery_supervisor-24] [INFO] [1789489989.222692407] [robot_0.robot_supervisor]: Selected controllable event: EV_rotate_counterclockwise
[balanced_delivery_supervisor-24] [INFO] [1789489989.414328575] [robot_0.robot_supervisor]: Triggered uncontrollable event: EV_obstacle_right
[balanced_delivery_supervisor-24] [INFO] [1789489989.415147126] [robot_0.robot_supervisor]: Selected controllable event: EV_rotate_counterclockwise
[balanced_delivery_supervisor-24] [INFO] [1789489989.517595821] [robot_0.robot_supervisor]: Selected controllable event: EV_search_color
[balanced_delivery_supervisor-24] [INFO] [1789489989.619284770] [robot_0.robot_supervisor]: ############################# REACHED: EV_object_reached #############################
[balanced_delivery_supervisor-24] [INFO] [1789489989.620656601] [robot_0.robot_supervisor]: Selected controllable event: EV_search_color
[balanced_delivery_supervisor-24] [INFO] [1789489989.730229786] [robot_0.robot_supervisor]: Selected controllable event: EV_search_color
[balanced_delivery_supervisor-24] [INFO] [1789489989.926521681] [robot_0.robot_supervisor]: Selected controllable event: EV_approach_object
[balanced_delivery_supervisor-24] [INFO] [1789489990.231679941] [robot_0.robot_supervisor]: Selected controllable event: EV_move_forward
[balanced_delivery_supervisor-20] [INFO] [1789489990.434021569] [robot_2.robot_supervisor]: FULL ROTATE completed by timeout
[balanced_delivery_supervisor-24] [INFO] [1789489990.529003454] [robot_0.robot_supervisor]: ############################# REACHED: EV_object_reached #############################
[balanced_delivery_supervisor-24] [INFO] [1789489990.536685597] [robot_0.robot_supervisor]: Selected controllable event: EV_approach_color
[balanced_delivery_supervisor-20] [INFO] [1789489990.635030375] [robot_2.robot_supervisor]: ############################# REACHED: EV_object_reached #############################
[balanced_delivery_supervisor-20] [INFO] [1789489990.641032770] [robot_2.robot_supervisor]: Selected controllable event: EV_approach_object
[color_detector-31] [INFO] [1789489990.646488936] [robot_0.target_detector]: RGB HEARTBEAT frames_total=90 recent_rate_hz=1.433 last_frame_age_s=0.389 status=OK
[color_detector-29] [INFO] [1789489990.656340864] [robot_1.target_detector]: RGB HEARTBEAT frames_total=90 recent_rate_hz=1.432 last_frame_age_s=0.622 status=OK
[color_detector-27] [INFO] [1789489990.678612573] [robot_2.target_detector]: RGB HEARTBEAT frames_total=90 recent_rate_hz=1.426 last_frame_age_s=0.503 status=OK
[balanced_delivery_supervisor-24] [INFO] [1789489990.816292873] [robot_0.robot_supervisor]: Selected controllable event: EV_search_object
[balanced_delivery_supervisor-20] [INFO] [1789489990.850645416] [robot_2.robot_supervisor]: Selected controllable event: EV_search_color
[balanced_delivery_supervisor-24] [INFO] [1789489991.018649723] [robot_0.robot_supervisor]: ############################# VISIBLE: EV_object_visible #############################
[balanced_delivery_supervisor-24] [INFO] [1789489991.028176567] [robot_0.robot_supervisor]: Selected controllable event: EV_search_color
[balanced_delivery_supervisor-20] [INFO] [1789489991.039955325] [robot_2.robot_supervisor]: ############################# REACHED: EV_object_reached #############################
[balanced_delivery_supervisor-20] [INFO] [1789489991.040771305] [robot_2.robot_supervisor]: Selected controllable event: EV_search_color
[balanced_delivery_supervisor-24] [INFO] [1789489991.230678144] [robot_0.robot_supervisor]: Selected controllable event: EV_approach_object
[balanced_delivery_supervisor-20] [INFO] [1789489991.245036955] [robot_2.robot_supervisor]: Selected controllable event: EV_search_object
[balanced_delivery_supervisor-20] [INFO] [1789489991.440714818] [robot_2.robot_supervisor]: Selected controllable event: EV_search_color
[balanced_delivery_supervisor-24] [INFO] [1789489991.541257376] [robot_0.robot_supervisor]: Selected controllable event: EV_approach_object
[balanced_delivery_supervisor-20] [INFO] [1789489991.642264806] [robot_2.robot_supervisor]: ############################# REACHED: EV_object_reached #############################
[balanced_delivery_supervisor-20] [INFO] [1789489991.645552256] [robot_2.robot_supervisor]: Selected controllable event: EV_approach_object
[balanced_delivery_supervisor-24] [INFO] [1789489991.826845983] [robot_0.robot_supervisor]: ############################# VISIBLE: EV_object_visible #############################
[balanced_delivery_supervisor-24] [INFO] [1789489991.838023273] [robot_0.robot_supervisor]: Selected controllable event: EV_search_color
[balanced_delivery_supervisor-20] [INFO] [1789489991.943172453] [robot_2.robot_supervisor]: Selected controllable event: EV_move_forward
[balanced_delivery_supervisor-24] [INFO] [1789489992.025033856] [robot_0.robot_supervisor]: Selected controllable event: EV_move_forward
[balanced_delivery_supervisor-20] [INFO] [1789489992.227290716] [robot_2.robot_supervisor]: Selected controllable event: EV_approach_color
[balanced_delivery_supervisor-24] [INFO] [1789489992.314286135] [robot_0.robot_supervisor]: ############################# VISIBLE: EV_object_visible #############################
[balanced_delivery_supervisor-24] [INFO] [1789489992.337350850] [robot_0.robot_supervisor]: Selected controllable event: EV_search_object
[balanced_delivery_supervisor-22] [INFO] [1789489992.407052351] [robot_1.robot_supervisor]: FULL ROTATE completed by timeout
[balanced_delivery_supervisor-20] [INFO] [1789489992.438338163] [robot_2.robot_supervisor]: ############################# REACHED: EV_object_reached #############################
[balanced_delivery_supervisor-20] [INFO] [1789489992.439200755] [robot_2.robot_supervisor]: Selected controllable event: EV_move_forward
[balanced_delivery_supervisor-24] [INFO] [1789489992.548382259] [robot_0.robot_supervisor]: Selected controllable event: EV_search_color
[balanced_delivery_supervisor-22] [INFO] [1789489992.623916770] [robot_1.robot_supervisor]: ############################# REACHED: EV_object_reached #############################
[balanced_delivery_supervisor-22] [INFO] [1789489992.634340003] [robot_1.robot_supervisor]: Selected controllable event: EV_approach_color
[balanced_delivery_supervisor-20] [INFO] [1789489992.728737930] [robot_2.robot_supervisor]: Selected controllable event: EV_approach_object
[balanced_delivery_supervisor-24] [INFO] [1789489992.729731351] [robot_0.robot_supervisor]: Selected controllable event: EV_move_forward
[balanced_delivery_supervisor-22] [INFO] [1789489992.926275989] [robot_1.robot_supervisor]: Selected controllable event: EV_search_color
[balanced_delivery_supervisor-20] [INFO] [1789489992.954892171] [robot_2.robot_supervisor]: Selected controllable event: EV_approach_object
[balanced_delivery_supervisor-24] [INFO] [1789489993.017475000] [robot_0.robot_supervisor]: Selected controllable event: EV_search_color
[balanced_delivery_supervisor-22] [INFO] [1789489993.113773474] [robot_1.robot_supervisor]: ############################# REACHED: EV_object_reached #############################
[balanced_delivery_supervisor-22] [INFO] [1789489993.122218137] [robot_1.robot_supervisor]: Selected controllable event: EV_search_object
[balanced_delivery_supervisor-24] [INFO] [1789489993.134742342] [robot_0.robot_supervisor]: ############################# VISIBLE: EV_object_visible #############################
[balanced_delivery_supervisor-24] [INFO] [1789489993.142654973] [robot_0.robot_supervisor]: Selected controllable event: EV_approach_color
[balanced_delivery_supervisor-20] [INFO] [1789489993.236949758] [robot_2.robot_supervisor]: ############################# VISIBLE: EV_object_visible #############################
[balanced_delivery_supervisor-20] [INFO] [1789489993.237875695] [robot_2.robot_supervisor]: Selected controllable event: EV_search_object
[balanced_delivery_supervisor-22] [INFO] [1789489993.304621874] [robot_1.robot_supervisor]: Selected controllable event: EV_search_color
[balanced_delivery_supervisor-24] [INFO] [1789489993.428661982] [robot_0.robot_supervisor]: Selected controllable event: EV_search_color
[balanced_delivery_supervisor-20] [INFO] [1789489993.431921321] [robot_2.robot_supervisor]: Selected controllable event: EV_search_color
[balanced_delivery_supervisor-22] [INFO] [1789489993.520273710] [robot_1.robot_supervisor]: Selected controllable event: EV_search_color
[balanced_delivery_supervisor-24] [INFO] [1789489993.542045673] [robot_0.robot_supervisor]: Selected controllable event: EV_search_color
[balanced_delivery_supervisor-20] [INFO] [1789489993.544424498] [robot_2.robot_supervisor]: Selected controllable event: EV_search_color
[balanced_delivery_supervisor-22] [INFO] [1789489993.712682971] [robot_1.robot_supervisor]: ############################# REACHED: EV_object_reached #############################
[balanced_delivery_supervisor-22] [INFO] [1789489993.714097612] [robot_1.robot_supervisor]: Selected controllable event: EV_approach_color
[balanced_delivery_supervisor-24] [INFO] [1789489993.730727590] [robot_0.robot_supervisor]: Triggered uncontrollable event: EV_obstacle_right
[balanced_delivery_supervisor-24] [INFO] [1789489993.731613189] [robot_0.robot_supervisor]: Selected controllable event: EV_u_turn
[balanced_delivery_supervisor-24] [INFO] [1789489993.752482723] [robot_0.robot_supervisor]: Starting FULL ROTATE (omega=1.000, have_odom=True, target_rad=3.142, timeout_s=3.500)
[balanced_delivery_supervisor-20] [INFO] [1789489993.753440237] [robot_2.robot_supervisor]: ############################# VISIBLE: EV_object_visible #############################
[balanced_delivery_supervisor-20] [INFO] [1789489993.760891568] [robot_2.robot_supervisor]: Selected controllable event: EV_search_object
[balanced_delivery_supervisor-20] [INFO] [1789489993.935732234] [robot_2.robot_supervisor]: Selected controllable event: EV_move_forward
[balanced_delivery_supervisor-22] [INFO] [1789489994.017374961] [robot_1.robot_supervisor]: Selected controllable event: EV_move_forward
[balanced_delivery_supervisor-20] [INFO] [1789489994.244479545] [robot_2.robot_supervisor]: Selected controllable event: EV_approach_object
[balanced_delivery_supervisor-22] [INFO] [1789489994.324342473] [robot_1.robot_supervisor]: Selected controllable event: EV_search_color
[balanced_delivery_supervisor-22] [INFO] [1789489994.514411835] [robot_1.robot_supervisor]: ############################# REACHED: EV_object_reached #############################
[balanced_delivery_supervisor-22] [INFO] [1789489994.526938069] [robot_1.robot_supervisor]: Selected controllable event: EV_search_object
[balanced_delivery_supervisor-20] [INFO] [1789489994.553706908] [robot_2.robot_supervisor]: ############################# VISIBLE: EV_object_visible #############################
[balanced_delivery_supervisor-20] [INFO] [1789489994.559507892] [robot_2.robot_supervisor]: Selected controllable event: EV_approach_object
[balanced_delivery_supervisor-22] [INFO] [1789489994.707306079] [robot_1.robot_supervisor]: Selected controllable event: EV_search_color
[balanced_delivery_supervisor-22] [INFO] [1789489994.812236025] [robot_1.robot_supervisor]: Selected controllable event: EV_approach_color
[balanced_delivery_supervisor-20] [INFO] [1789489994.834908144] [robot_2.robot_supervisor]: Selected controllable event: EV_move_forward
[balanced_delivery_supervisor-22] [INFO] [1789489995.102956613] [robot_1.robot_supervisor]: ############################# REACHED: EV_object_reached #############################
[balanced_delivery_supervisor-22] [INFO] [1789489995.112690351] [robot_1.robot_supervisor]: Selected controllable event: EV_search_object
[balanced_delivery_supervisor-20] [INFO] [1789489995.145197838] [robot_2.robot_supervisor]: Selected controllable event: EV_approach_color
[balanced_delivery_supervisor-22] [INFO] [1789489995.318805241] [robot_1.robot_supervisor]: Selected controllable event: EV_approach_object
[balanced_delivery_supervisor-20] [INFO] [1789489995.446325497] [robot_2.robot_supervisor]: ############################# VISIBLE: EV_object_visible #############################
[balanced_delivery_supervisor-20] [INFO] [1789489995.449512982] [robot_2.robot_supervisor]: Selected controllable event: EV_move_forward
[balanced_delivery_supervisor-22] [INFO] [1789489995.602756411] [robot_1.robot_supervisor]: Selected controllable event: EV_search_object
[balanced_delivery_supervisor-22] [INFO] [1789489995.712946677] [robot_1.robot_supervisor]: Triggered uncontrollable event: EV_obstacle_right
[balanced_delivery_supervisor-22] [INFO] [1789489995.713797969] [robot_1.robot_supervisor]: Selected controllable event: EV_u_turn
[balanced_delivery_supervisor-22] [INFO] [1789489995.714516002] [robot_1.robot_supervisor]: Starting FULL ROTATE (omega=1.000, have_odom=True, target_rad=3.142, timeout_s=3.500)
[balanced_delivery_supervisor-20] [INFO] [1789489995.733725423] [robot_2.robot_supervisor]: Selected controllable event: EV_approach_object
[balanced_delivery_supervisor-20] [INFO] [1789489996.044518250] [robot_2.robot_supervisor]: ############################# VISIBLE: EV_object_visible #############################
[balanced_delivery_supervisor-20] [INFO] [1789489996.049982949] [robot_2.robot_supervisor]: Selected controllable event: EV_move_forward
[balanced_delivery_supervisor-20] [INFO] [1789489996.345106746] [robot_2.robot_supervisor]: Selected controllable event: EV_approach_object
[balanced_delivery_supervisor-20] [INFO] [1789489996.648500517] [robot_2.robot_supervisor]: ############################# VISIBLE: EV_object_visible #############################
[balanced_delivery_supervisor-20] [INFO] [1789489996.649373465] [robot_2.robot_supervisor]: Selected controllable event: EV_move_forward
[balanced_delivery_supervisor-20] [INFO] [1789489996.939595693] [robot_2.robot_supervisor]: Selected controllable event: EV_approach_color
[balanced_delivery_supervisor-20] [INFO] [1789489997.141533408] [robot_2.robot_supervisor]: Selected controllable event: EV_search_object
[balanced_delivery_supervisor-24] [INFO] [1789489997.316111104] [robot_0.robot_supervisor]: FULL ROTATE completed by timeout
[balanced_delivery_supervisor-20] [INFO] [1789489997.325503435] [robot_2.robot_supervisor]: ############################# VISIBLE: EV_object_visible #############################
[balanced_delivery_supervisor-20] [INFO] [1789489997.327549568] [robot_2.robot_supervisor]: Selected controllable event: EV_move_forward
[balanced_delivery_supervisor-24] [INFO] [1789489997.550568819] [robot_0.robot_supervisor]: ############################# REACHED: EV_object_reached #############################
[balanced_delivery_supervisor-20] [INFO] [1789489997.552294610] [robot_2.robot_supervisor]: Selected controllable event: EV_approach_color
[balanced_delivery_supervisor-24] [INFO] [1789489997.558016759] [robot_0.robot_supervisor]: Selected controllable event: EV_approach_object
[color_detector-27] [INFO] [1789489997.616571687] [robot_2.target_detector]: RGB HEARTBEAT frames_total=100 recent_rate_hz=1.438 last_frame_age_s=0.499 status=OK
[color_detector-29] [INFO] [1789489997.628081016] [robot_1.target_detector]: RGB HEARTBEAT frames_total=100 recent_rate_hz=1.435 last_frame_age_s=0.558 status=OK
[color_detector-31] [INFO] [1789489997.643198801] [robot_0.target_detector]: RGB HEARTBEAT frames_total=100 recent_rate_hz=1.430 last_frame_age_s=0.500 status=OK
[balanced_delivery_supervisor-24] [INFO] [1789489997.850206436] [robot_0.robot_supervisor]: ############################# REACHED: EV_object_reached #############################
[balanced_delivery_supervisor-24] [INFO] [1789489997.851009525] [robot_0.robot_supervisor]: Selected controllable event: EV_move_forward
[balanced_delivery_supervisor-20] [INFO] [1789489997.866597935] [robot_2.robot_supervisor]: ############################# VISIBLE: EV_object_visible #############################
[balanced_delivery_supervisor-20] [INFO] [1789489997.867407680] [robot_2.robot_supervisor]: Selected controllable event: EV_approach_object
[balanced_delivery_supervisor-20] [INFO] [1789489998.137863891] [robot_2.robot_supervisor]: Selected controllable event: EV_approach_object
[balanced_delivery_supervisor-24] [INFO] [1789489998.139000066] [robot_0.robot_supervisor]: Selected controllable event: EV_search_object
[balanced_delivery_supervisor-24] [INFO] [1789489998.316986740] [robot_0.robot_supervisor]: Selected controllable event: EV_approach_color
[balanced_delivery_supervisor-20] [INFO] [1789489998.428340393] [robot_2.robot_supervisor]: Selected controllable event: EV_search_color
[balanced_delivery_supervisor-20] [INFO] [1789489998.545375372] [robot_2.robot_supervisor]: ############################# REACHED: EV_object_reached #############################
[balanced_delivery_supervisor-20] [INFO] [1789489998.551957808] [robot_2.robot_supervisor]: Selected controllable event: EV_search_color
[balanced_delivery_supervisor-24] [INFO] [1789489998.617785345] [robot_0.robot_supervisor]: Triggered uncontrollable event: EV_object_not_visible
[balanced_delivery_supervisor-24] [INFO] [1789489998.625268549] [robot_0.robot_supervisor]: Selected controllable event: EV_move_forward
[balanced_delivery_supervisor-20] [INFO] [1789489998.729134217] [robot_2.robot_supervisor]: Selected controllable event: EV_search_color
[balanced_delivery_supervisor-24] [INFO] [1789489998.827040330] [robot_0.robot_supervisor]: Selected controllable event: EV_search_object
[balanced_delivery_supervisor-20] [INFO] [1789489998.838316255] [robot_2.robot_supervisor]: Selected controllable event: EV_search_object
[balanced_delivery_supervisor-24] [INFO] [1789489999.032198675] [robot_0.robot_supervisor]: Selected controllable event: EV_search_color
[balanced_delivery_supervisor-20] [INFO] [1789489999.042061849] [robot_2.robot_supervisor]: Selected controllable event: EV_approach_color
[balanced_delivery_supervisor-24] [INFO] [1789489999.215377941] [robot_0.robot_supervisor]: Selected controllable event: EV_approach_color
[balanced_delivery_supervisor-22] [INFO] [1789489999.321601054] [robot_1.robot_supervisor]: FULL ROTATE completed by timeout
[balanced_delivery_supervisor-20] [INFO] [1789489999.339890197] [robot_2.robot_supervisor]: Triggered uncontrollable event: EV_obstacle_front
[balanced_delivery_supervisor-20] [INFO] [1789489999.341910961] [robot_2.robot_supervisor]: ############################# REACHED: EV_object_reached #############################
[balanced_delivery_supervisor-20] [INFO] [1789489999.349356347] [robot_2.robot_supervisor]: Selected controllable event: EV_rotate_counterclockwise
[balanced_delivery_supervisor-24] [INFO] [1789489999.442470157] [robot_0.robot_supervisor]: Triggered uncontrollable event: EV_object_not_visible
[balanced_delivery_supervisor-24] [INFO] [1789489999.454215008] [robot_0.robot_supervisor]: Selected controllable event: EV_search_color
[balanced_delivery_supervisor-20] [INFO] [1789489999.548447245] [robot_2.robot_supervisor]: Triggered uncontrollable event: EV_obstacle_front
[balanced_delivery_supervisor-20] [INFO] [1789489999.549426940] [robot_2.robot_supervisor]: Selected controllable event: EV_move_backward
[balanced_delivery_supervisor-24] [INFO] [1789489999.615157398] [robot_0.robot_supervisor]: Selected controllable event: EV_approach_object
[balanced_delivery_supervisor-22] [INFO] [1789489999.632581139] [robot_1.robot_supervisor]: ############################# REACHED: EV_object_reached #############################
[balanced_delivery_supervisor-22] [INFO] [1789489999.640911962] [robot_1.robot_supervisor]: Selected controllable event: EV_search_color
[balanced_delivery_supervisor-22] [INFO] [1789489999.812453990] [robot_1.robot_supervisor]: Selected controllable event: EV_move_forward
[balanced_delivery_supervisor-20] [INFO] [1789489999.853504018] [robot_2.robot_supervisor]: Triggered uncontrollable event: EV_obstacle_front
[balanced_delivery_supervisor-24] [INFO] [1789489999.857372163] [robot_0.robot_supervisor]: Selected controllable event: EV_move_forward
[balanced_delivery_supervisor-20] [INFO] [1789489999.865524584] [robot_2.robot_supervisor]: Selected controllable event: EV_u_turn
[balanced_delivery_supervisor-20] [INFO] [1789489999.871190809] [robot_2.robot_supervisor]: Starting FULL ROTATE (omega=1.000, have_odom=True, target_rad=3.142, timeout_s=3.500)
[balanced_delivery_supervisor-24] [INFO] [1789490000.117874247] [robot_0.robot_supervisor]: Triggered uncontrollable event: EV_object_not_visible
[balanced_delivery_supervisor-24] [INFO] [1789490000.118788391] [robot_0.robot_supervisor]: Selected controllable event: EV_approach_object
[balanced_delivery_supervisor-22] [INFO] [1789490000.138231933] [robot_1.robot_supervisor]: ############################# REACHED: EV_object_reached #############################
[balanced_delivery_supervisor-22] [INFO] [1789490000.139305232] [robot_1.robot_supervisor]: Selected controllable event: EV_approach_object
[balanced_delivery_supervisor-24] [INFO] [1789490000.414952939] [robot_0.robot_supervisor]: Selected controllable event: EV_approach_color
[balanced_delivery_supervisor-22] [INFO] [1789490000.428836862] [robot_1.robot_supervisor]: Selected controllable event: EV_search_color
[balanced_delivery_supervisor-22] [INFO] [1789490000.601626656] [robot_1.robot_supervisor]: Selected controllable event: EV_approach_color
[balanced_delivery_supervisor-24] [INFO] [1789490000.737695579] [robot_0.robot_supervisor]: Selected controllable event: EV_move_forward
[balanced_delivery_supervisor-22] [INFO] [1789490000.826295851] [robot_1.robot_supervisor]: ############################# REACHED: EV_object_reached #############################
[balanced_delivery_supervisor-22] [INFO] [1789490000.827299082] [robot_1.robot_supervisor]: Selected controllable event: EV_search_color
[balanced_delivery_supervisor-22] [INFO] [1789490001.010652078] [robot_1.robot_supervisor]: Selected controllable event: EV_search_color
[balanced_delivery_supervisor-24] [INFO] [1789490001.028826564] [robot_0.robot_supervisor]: Triggered uncontrollable event: EV_object_not_visible
[balanced_delivery_supervisor-24] [INFO] [1789490001.029763411] [robot_0.robot_supervisor]: Selected controllable event: EV_search_color
[balanced_delivery_supervisor-22] [INFO] [1789490001.213785067] [robot_1.robot_supervisor]: Selected controllable event: EV_move_forward
[balanced_delivery_supervisor-24] [INFO] [1789490001.241342429] [robot_0.robot_supervisor]: Selected controllable event: EV_approach_color
[balanced_delivery_supervisor-22] [INFO] [1789490001.514020372] [robot_1.robot_supervisor]: Selected controllable event: EV_search_object
[balanced_delivery_supervisor-24] [INFO] [1789490001.547921534] [robot_0.robot_supervisor]: Selected controllable event: EV_approach_object
[balanced_delivery_supervisor-22] [INFO] [1789490001.628180024] [robot_1.robot_supervisor]: Selected controllable event: EV_search_color
[balanced_delivery_supervisor-22] [INFO] [1789490001.819010471] [robot_1.robot_supervisor]: ############################# REACHED: EV_object_reached #############################
[balanced_delivery_supervisor-22] [INFO] [1789490001.819886990] [robot_1.robot_supervisor]: Selected controllable event: EV_search_object
[balanced_delivery_supervisor-24] [INFO] [1789490001.835138472] [robot_0.robot_supervisor]: Triggered uncontrollable event: EV_obstacle_right
[balanced_delivery_supervisor-24] [INFO] [1789490001.838199841] [robot_0.robot_supervisor]: Triggered uncontrollable event: EV_object_not_visible
[balanced_delivery_supervisor-24] [INFO] [1789490001.844926345] [robot_0.robot_supervisor]: Selected controllable event: EV_rotate_counterclockwise
[balanced_delivery_supervisor-22] [INFO] [1789490002.024434873] [robot_1.robot_supervisor]: Selected controllable event: EV_approach_object
[balanced_delivery_supervisor-24] [INFO] [1789490002.030584592] [robot_0.robot_supervisor]: Triggered uncontrollable event: EV_obstacle_right
[balanced_delivery_supervisor-24] [INFO] [1789490002.035581812] [robot_0.robot_supervisor]: Selected controllable event: EV_u_turn
[balanced_delivery_supervisor-24] [INFO] [1789490002.040960120] [robot_0.robot_supervisor]: Starting FULL ROTATE (omega=1.000, have_odom=True, target_rad=3.142, timeout_s=3.500)
[balanced_delivery_supervisor-22] [INFO] [1789490002.320091363] [robot_1.robot_supervisor]: Selected controllable event: EV_move_forward
[balanced_delivery_supervisor-22] [INFO] [1789490002.538382849] [robot_1.robot_supervisor]: ############################# REACHED: EV_object_reached #############################
[balanced_delivery_supervisor-22] [INFO] [1789490002.539289081] [robot_1.robot_supervisor]: Selected controllable event: EV_search_object
[balanced_delivery_supervisor-22] [INFO] [1789490002.711813440] [robot_1.robot_supervisor]: Selected controllable event: EV_approach_color
[balanced_delivery_supervisor-22] [INFO] [1789490003.007563076] [robot_1.robot_supervisor]: Selected controllable event: EV_approach_object
[balanced_delivery_supervisor-22] [INFO] [1789490003.304478281] [robot_1.robot_supervisor]: ############################# VISIBLE: EV_object_visible #############################
[balanced_delivery_supervisor-22] [INFO] [1789490003.305438829] [robot_1.robot_supervisor]: Selected controllable event: EV_search_object
[balanced_delivery_supervisor-22] [INFO] [1789490003.418628952] [robot_1.robot_supervisor]: Selected controllable event: EV_approach_color
[balanced_delivery_supervisor-20] [INFO] [1789490003.441815833] [robot_2.robot_supervisor]: FULL ROTATE completed by timeout
[balanced_delivery_supervisor-22] [INFO] [1789490003.702113831] [robot_1.robot_supervisor]: Selected controllable event: EV_approach_object
[balanced_delivery_supervisor-20] [INFO] [1789490003.729787631] [robot_2.robot_supervisor]: ############################# REACHED: EV_object_reached #############################
[balanced_delivery_supervisor-20] [INFO] [1789490003.730568994] [robot_2.robot_supervisor]: Selected controllable event: EV_approach_color
[balanced_delivery_supervisor-22] [INFO] [1789490003.916242497] [robot_1.robot_supervisor]: Selected controllable event: EV_search_color
[balanced_delivery_supervisor-20] [INFO] [1789490003.938545488] [robot_2.robot_supervisor]: Selected controllable event: EV_search_object
[balanced_delivery_supervisor-22] [INFO] [1789490004.109869342] [robot_1.robot_supervisor]: ############################# VISIBLE: EV_object_visible #############################
[balanced_delivery_supervisor-22] [INFO] [1789490004.110656421] [robot_1.robot_supervisor]: Selected controllable event: EV_approach_object
[balanced_delivery_supervisor-20] [INFO] [1789490004.140062242] [robot_2.robot_supervisor]: ############################# REACHED: EV_object_reached #############################
[balanced_delivery_supervisor-20] [INFO] [1789490004.146680048] [robot_2.robot_supervisor]: Selected controllable event: EV_approach_object
[balanced_delivery_supervisor-22] [INFO] [1789490004.405826034] [robot_1.robot_supervisor]: Selected controllable event: EV_approach_object
[balanced_delivery_supervisor-20] [INFO] [1789490004.440566717] [robot_2.robot_supervisor]: Selected controllable event: EV_move_forward
[balanced_delivery_supervisor-22] [INFO] [1789490004.627237426] [robot_1.robot_supervisor]: Selected controllable event: EV_search_object
[balanced_delivery_supervisor-20] [INFO] [1789490004.647604130] [robot_2.robot_supervisor]: Selected controllable event: EV_move_forward
[balanced_delivery_supervisor-22] [INFO] [1789490004.819858762] [robot_1.robot_supervisor]: ############################# VISIBLE: EV_object_visible #############################
[balanced_delivery_supervisor-22] [INFO] [1789490004.820770849] [robot_1.robot_supervisor]: Selected controllable event: EV_approach_color
[balanced_delivery_supervisor-20] [INFO] [1789490004.866200025] [robot_2.robot_supervisor]: Selected controllable event: EV_approach_color
[balanced_delivery_supervisor-22] [INFO] [1789490005.110236595] [robot_1.robot_supervisor]: Selected controllable event: EV_search_color
[balanced_delivery_supervisor-20] [INFO] [1789490005.141868293] [robot_2.robot_supervisor]: ############################# REACHED: EV_object_reached #############################
[balanced_delivery_supervisor-20] [INFO] [1789490005.161842228] [robot_2.robot_supervisor]: Selected controllable event: EV_search_object
[balanced_delivery_supervisor-22] [INFO] [1789490005.325624686] [robot_1.robot_supervisor]: Selected controllable event: EV_move_forward
[balanced_delivery_supervisor-20] [INFO] [1789490005.338285535] [robot_2.robot_supervisor]: Selected controllable event: EV_search_object
[color_detector-29] [INFO] [1789490005.354442056] [robot_1.target_detector]: RGB HEARTBEAT frames_total=110 recent_rate_hz=1.293 last_frame_age_s=0.757 status=OK
[color_detector-27] [INFO] [1789490005.358006205] [robot_2.target_detector]: RGB HEARTBEAT frames_total=110 recent_rate_hz=1.292 last_frame_age_s=0.582 status=OK
[color_detector-31] [INFO] [1789490005.360660082] [robot_0.target_detector]: RGB HEARTBEAT frames_total=110 recent_rate_hz=1.295 last_frame_age_s=0.500 status=OK
[balanced_delivery_supervisor-20] [INFO] [1789490005.551838899] [robot_2.robot_supervisor]: Selected controllable event: EV_approach_color
[balanced_delivery_supervisor-22] [INFO] [1789490005.612322250] [robot_1.robot_supervisor]: ############################# VISIBLE: EV_object_visible #############################
[balanced_delivery_supervisor-22] [INFO] [1789490005.615334865] [robot_1.robot_supervisor]: Selected controllable event: EV_approach_object
[balanced_delivery_supervisor-24] [INFO] [1789490005.639153141] [robot_0.robot_supervisor]: FULL ROTATE completed by timeout
[balanced_delivery_supervisor-20] [INFO] [1789490005.837958118] [robot_2.robot_supervisor]: ############################# VISIBLE: EV_object_visible #############################
[balanced_delivery_supervisor-20] [INFO] [1789490005.838894623] [robot_2.robot_supervisor]: Selected controllable event: EV_approach_object
[balanced_delivery_supervisor-22] [INFO] [1789490005.908739446] [robot_1.robot_supervisor]: Selected controllable event: EV_approach_object
[balanced_delivery_supervisor-24] [INFO] [1789490005.939029171] [robot_0.robot_supervisor]: ############################# VISIBLE: EV_object_visible #############################
[balanced_delivery_supervisor-24] [INFO] [1789490005.947970546] [robot_0.robot_supervisor]: Selected controllable event: EV_search_object
[balanced_delivery_supervisor-20] [INFO] [1789490006.059072263] [robot_2.robot_supervisor]: Selected controllable event: EV_search_object
[balanced_delivery_supervisor-22] [INFO] [1789490006.132000608] [robot_1.robot_supervisor]: Selected controllable event: EV_approach_object
[balanced_delivery_supervisor-24] [INFO] [1789490006.150642468] [robot_0.robot_supervisor]: Selected controllable event: EV_approach_object
[balanced_delivery_supervisor-20] [INFO] [1789490006.254667464] [robot_2.robot_supervisor]: Selected controllable event: EV_approach_object
[balanced_delivery_supervisor-22] [INFO] [1789490006.427190773] [robot_1.robot_supervisor]: ############################# VISIBLE: EV_object_visible #############################
[balanced_delivery_supervisor-22] [INFO] [1789490006.437034764] [robot_1.robot_supervisor]: Selected controllable event: EV_approach_color
[balanced_delivery_supervisor-24] [INFO] [1789490006.445732674] [robot_0.robot_supervisor]: ############################# VISIBLE: EV_object_visible #############################
[balanced_delivery_supervisor-24] [INFO] [1789490006.446684254] [robot_0.robot_supervisor]: Selected controllable event: EV_move_forward
[balanced_delivery_supervisor-20] [INFO] [1789490006.542461685] [robot_2.robot_supervisor]: ############################# VISIBLE: EV_object_visible #############################
[balanced_delivery_supervisor-20] [INFO] [1789490006.543375522] [robot_2.robot_supervisor]: Selected controllable event: EV_search_color
[balanced_delivery_supervisor-22] [INFO] [1789490006.706237680] [robot_1.robot_supervisor]: Selected controllable event: EV_approach_object
[balanced_delivery_supervisor-24] [INFO] [1789490006.727563849] [robot_0.robot_supervisor]: Selected controllable event: EV_approach_object
[balanced_delivery_supervisor-20] [INFO] [1789490006.738631257] [robot_2.robot_supervisor]: Selected controllable event: EV_search_color
[balanced_delivery_supervisor-20] [INFO] [1789490006.858963694] [robot_2.robot_supervisor]: Selected controllable event: EV_approach_color
[balanced_delivery_supervisor-22] [INFO] [1789490007.009075628] [robot_1.robot_supervisor]: Selected controllable event: EV_approach_color
[balanced_delivery_supervisor-24] [INFO] [1789490007.020521339] [robot_0.robot_supervisor]: Selected controllable event: EV_search_color
[balanced_delivery_supervisor-24] [INFO] [1789490007.142170817] [robot_0.robot_supervisor]: Triggered uncontrollable event: EV_obstacle_right
[balanced_delivery_supervisor-24] [INFO] [1789490007.153712687] [robot_0.robot_supervisor]: Selected controllable event: EV_rotate_counterclockwise
[balanced_delivery_supervisor-24] [WARN] [1789490007.154687562] [robot_0.robot_supervisor]: no translation for 5.9s livelock detected; starting atomic escape (turn_sign=+1)
[balanced_delivery_supervisor-20] [INFO] [1789490007.159561388] [robot_2.robot_supervisor]: ############################# VISIBLE: EV_object_visible #############################
[balanced_delivery_supervisor-20] [INFO] [1789490007.160510814] [robot_2.robot_supervisor]: Selected controllable event: EV_search_object
[balanced_delivery_supervisor-22] [INFO] [1789490007.210781720] [robot_1.robot_supervisor]: ############################# REACHED: EV_object_reached #############################
[balanced_delivery_supervisor-22] [INFO] [1789490007.211736337] [robot_1.robot_supervisor]: Selected controllable event: EV_approach_object
[balanced_delivery_supervisor-20] [INFO] [1789490007.350859154] [robot_2.robot_supervisor]: Selected controllable event: EV_search_color
[balanced_delivery_supervisor-22] [INFO] [1789490007.498323534] [robot_1.robot_supervisor]: Selected controllable event: EV_search_color
[balanced_delivery_supervisor-20] [INFO] [1789490007.528494709] [robot_2.robot_supervisor]: Selected controllable event: EV_move_forward
[balanced_delivery_supervisor-22] [INFO] [1789490007.620516167] [robot_1.robot_supervisor]: Selected controllable event: EV_move_forward
[balanced_delivery_supervisor-22] [INFO] [1789490007.828236774] [robot_1.robot_supervisor]: Selected controllable event: EV_move_forward
[balanced_delivery_supervisor-20] [INFO] [1789490007.861920836] [robot_2.robot_supervisor]: Selected controllable event: EV_approach_color
[balanced_delivery_supervisor-22] [INFO] [1789490008.105115800] [robot_1.robot_supervisor]: Triggered uncontrollable event: EV_obstacle_front
[balanced_delivery_supervisor-22] [INFO] [1789490008.107149001] [robot_1.robot_supervisor]: ############################# REACHED: EV_object_reached #############################
[balanced_delivery_supervisor-22] [INFO] [1789490008.109206894] [robot_1.robot_supervisor]: Selected controllable event: EV_u_turn
[balanced_delivery_supervisor-22] [INFO] [1789490008.112835854] [robot_1.robot_supervisor]: Starting FULL ROTATE (omega=1.000, have_odom=True, target_rad=3.142, timeout_s=3.500)
[balanced_delivery_supervisor-20] [INFO] [1789490008.135678075] [robot_2.robot_supervisor]: ############################# VISIBLE: EV_object_visible #############################
[balanced_delivery_supervisor-20] [INFO] [1789490008.136689071] [robot_2.robot_supervisor]: Selected controllable event: EV_search_object
[balanced_delivery_supervisor-20] [INFO] [1789490008.345499751] [robot_2.robot_supervisor]: Selected controllable event: EV_move_forward
[balanced_delivery_supervisor-20] [INFO] [1789490008.627424504] [robot_2.robot_supervisor]: Selected controllable event: EV_move_forward
[balanced_delivery_supervisor-20] [INFO] [1789490008.832092876] [robot_2.robot_supervisor]: ############################# VISIBLE: EV_object_visible #############################
[balanced_delivery_supervisor-20] [INFO] [1789490008.836340606] [robot_2.robot_supervisor]: Selected controllable event: EV_approach_object
[balanced_delivery_supervisor-20] [INFO] [1789490009.129527272] [robot_2.robot_supervisor]: Selected controllable event: EV_search_object
[balanced_delivery_supervisor-20] [INFO] [1789490009.252669449] [robot_2.robot_supervisor]: Selected controllable event: EV_move_forward
[balanced_delivery_supervisor-20] [INFO] [1789490009.529760524] [robot_2.robot_supervisor]: Selected controllable event: EV_approach_object
[balanced_delivery_supervisor-24] [INFO] [1789490009.647504760] [robot_0.robot_supervisor]: Zone-livelock escape completed
[balanced_delivery_supervisor-20] [INFO] [1789490009.738017943] [robot_2.robot_supervisor]: ############################# VISIBLE: EV_object_visible #############################
[balanced_delivery_supervisor-20] [INFO] [1789490009.749382835] [robot_2.robot_supervisor]: Selected controllable event: EV_search_color
[balanced_delivery_supervisor-24] [INFO] [1789490009.920613147] [robot_0.robot_supervisor]: ############################# VISIBLE: EV_object_visible #############################
[balanced_delivery_supervisor-24] [INFO] [1789490009.921462352] [robot_0.robot_supervisor]: Selected controllable event: EV_approach_color
[balanced_delivery_supervisor-20] [INFO] [1789490009.946049018] [robot_2.robot_supervisor]: Selected controllable event: EV_search_object
[balanced_delivery_supervisor-20] [INFO] [1789490010.158670886] [robot_2.robot_supervisor]: Selected controllable event: EV_approach_object
[balanced_delivery_supervisor-24] [INFO] [1789490010.224031780] [robot_0.robot_supervisor]: Selected controllable event: EV_move_forward
[balanced_delivery_supervisor-20] [INFO] [1789490010.443262736] [robot_2.robot_supervisor]: ############################# VISIBLE: EV_object_visible #############################
[balanced_delivery_supervisor-20] [INFO] [1789490010.444093598] [robot_2.robot_supervisor]: Selected controllable event: EV_approach_color
[balanced_delivery_supervisor-24] [INFO] [1789490010.524416384] [robot_0.robot_supervisor]: ############################# VISIBLE: EV_object_visible #############################
[balanced_delivery_supervisor-24] [INFO] [1789490010.534232228] [robot_0.robot_supervisor]: Selected controllable event: EV_move_forward
[balanced_delivery_supervisor-20] [INFO] [1789490010.735652931] [robot_2.robot_supervisor]: Selected controllable event: EV_approach_object
[balanced_delivery_supervisor-24] [INFO] [1789490010.826298062] [robot_0.robot_supervisor]: Selected controllable event: EV_search_color
[balanced_delivery_supervisor-20] [INFO] [1789490010.960413874] [robot_2.robot_supervisor]: Selected controllable event: EV_approach_object
[balanced_delivery_supervisor-24] [INFO] [1789490011.021604525] [robot_0.robot_supervisor]: Selected controllable event: EV_search_object
[balanced_delivery_supervisor-24] [INFO] [1789490011.136330807] [robot_0.robot_supervisor]: Selected controllable event: EV_approach_object
[balanced_delivery_supervisor-20] [INFO] [1789490011.233241575] [robot_2.robot_supervisor]: ############################# VISIBLE: EV_object_visible #############################
[balanced_delivery_supervisor-20] [INFO] [1789490011.252518676] [robot_2.robot_supervisor]: Selected controllable event: EV_search_object
[balanced_delivery_supervisor-20] [INFO] [1789490011.439016381] [robot_2.robot_supervisor]: Selected controllable event: EV_search_object
[balanced_delivery_supervisor-24] [INFO] [1789490011.443709056] [robot_0.robot_supervisor]: ############################# VISIBLE: EV_object_visible #############################
[balanced_delivery_supervisor-24] [INFO] [1789490011.454596403] [robot_0.robot_supervisor]: Selected controllable event: EV_move_forward
[balanced_delivery_supervisor-22] [INFO] [1789490011.619927291] [robot_1.robot_supervisor]: FULL ROTATE completed by timeout
[balanced_delivery_supervisor-20] [INFO] [1789490011.651143671] [robot_2.robot_supervisor]: Selected controllable event: EV_approach_object
[balanced_delivery_supervisor-24] [INFO] [1789490011.729802830] [robot_0.robot_supervisor]: Selected controllable event: EV_approach_object
[balanced_delivery_supervisor-22] [INFO] [1789490011.925036723] [robot_1.robot_supervisor]: ############################# REACHED: EV_object_reached #############################
[balanced_delivery_supervisor-22] [INFO] [1789490011.932273560] [robot_1.robot_supervisor]: Selected controllable event: EV_search_color
[balanced_delivery_supervisor-20] [INFO] [1789490011.950927613] [robot_2.robot_supervisor]: Selected controllable event: EV_search_color
[balanced_delivery_supervisor-24] [INFO] [1789490012.022294352] [robot_0.robot_supervisor]: Selected controllable event: EV_move_forward
[balanced_delivery_supervisor-20] [INFO] [1789490012.053140721] [robot_2.robot_supervisor]: ############################# VISIBLE: EV_object_visible #############################
[balanced_delivery_supervisor-20] [INFO] [1789490012.075809470] [robot_2.robot_supervisor]: Selected controllable event: EV_search_color
[balanced_delivery_supervisor-22] [INFO] [1789490012.104326583] [robot_1.robot_supervisor]: Selected controllable event: EV_search_object
[balanced_delivery_supervisor-22] [INFO] [1789490012.224543343] [robot_1.robot_supervisor]: Selected controllable event: EV_approach_object
[balanced_delivery_supervisor-20] [INFO] [1789490012.241133269] [robot_2.robot_supervisor]: Selected controllable event: EV_approach_color
[balanced_delivery_supervisor-24] [INFO] [1789490012.245086200] [robot_0.robot_supervisor]: ############################# VISIBLE: EV_object_visible #############################
[balanced_delivery_supervisor-24] [INFO] [1789490012.250952380] [robot_0.robot_supervisor]: Selected controllable event: EV_approach_color
[balanced_delivery_supervisor-20] [INFO] [1789490012.448245364] [robot_2.robot_supervisor]: Selected controllable event: EV_move_forward
[balanced_delivery_supervisor-22] [INFO] [1789490012.500491405] [robot_1.robot_supervisor]: Selected controllable event: EV_search_color
[balanced_delivery_supervisor-24] [INFO] [1789490012.541497150] [robot_0.robot_supervisor]: Selected controllable event: EV_approach_color
[balanced_delivery_supervisor-22] [INFO] [1789490012.612886005] [robot_1.robot_supervisor]: Selected controllable event: EV_approach_color
[balanced_delivery_supervisor-20] [INFO] [1789490012.759775594] [robot_2.robot_supervisor]: Selected controllable event: EV_approach_color
[balanced_delivery_supervisor-24] [INFO] [1789490012.849975313] [robot_0.robot_supervisor]: Selected controllable event: EV_approach_object
[balanced_delivery_supervisor-22] [INFO] [1789490012.911091293] [robot_1.robot_supervisor]: ############################# REACHED: EV_object_reached #############################
[balanced_delivery_supervisor-22] [INFO] [1789490012.915910838] [robot_1.robot_supervisor]: Selected controllable event: EV_search_object
[balanced_delivery_supervisor-20] [INFO] [1789490013.039260639] [robot_2.robot_supervisor]: ############################# VISIBLE: EV_object_visible #############################
[balanced_delivery_supervisor-20] [INFO] [1789490013.046000396] [robot_2.robot_supervisor]: Selected controllable event: EV_search_object
[balanced_delivery_supervisor-22] [INFO] [1789490013.098756772] [robot_1.robot_supervisor]: Selected controllable event: EV_search_color
[balanced_delivery_supervisor-24] [INFO] [1789490013.121512971] [robot_0.robot_supervisor]: ############################# VISIBLE: EV_object_visible #############################
[balanced_delivery_supervisor-24] [INFO] [1789490013.122375177] [robot_0.robot_supervisor]: Selected controllable event: EV_search_object
[balanced_delivery_supervisor-22] [INFO] [1789490013.202699079] [robot_1.robot_supervisor]: Selected controllable event: EV_move_forward
[balanced_delivery_supervisor-20] [INFO] [1789490013.239326310] [robot_2.robot_supervisor]: Selected controllable event: EV_search_color
[balanced_delivery_supervisor-24] [INFO] [1789490013.327507883] [robot_0.robot_supervisor]: Selected controllable event: EV_move_forward
[color_detector-29] [INFO] [1789490013.357635703] [robot_1.target_detector]: RGB HEARTBEAT frames_total=120 recent_rate_hz=1.249 last_frame_age_s=0.692 status=OK
[color_detector-27] [INFO] [1789490013.359834609] [robot_2.target_detector]: RGB HEARTBEAT frames_total=120 recent_rate_hz=1.250 last_frame_age_s=0.654 status=OK
[color_detector-31] [INFO] [1789490013.364815742] [robot_0.target_detector]: RGB HEARTBEAT frames_total=120 recent_rate_hz=1.249 last_frame_age_s=0.525 status=OK
[balanced_delivery_supervisor-22] [INFO] [1789490013.408408953] [robot_1.robot_supervisor]: Selected controllable event: EV_search_object
[balanced_delivery_supervisor-20] [INFO] [1789490013.445460649] [robot_2.robot_supervisor]: Selected controllable event: EV_search_color
[balanced_delivery_supervisor-22] [INFO] [1789490013.510628359] [robot_1.robot_supervisor]: Selected controllable event: EV_search_object
[balanced_delivery_supervisor-24] [INFO] [1789490013.644617293] [robot_0.robot_supervisor]: Selected controllable event: EV_search_color
[balanced_delivery_supervisor-20] [INFO] [1789490013.656238990] [robot_2.robot_supervisor]: ############################# VISIBLE: EV_object_visible #############################
[balanced_delivery_supervisor-20] [INFO] [1789490013.657114183] [robot_2.robot_supervisor]: Selected controllable event: EV_approach_color
[balanced_delivery_supervisor-22] [INFO] [1789490013.716097987] [robot_1.robot_supervisor]: ############################# REACHED: EV_object_reached #############################
[balanced_delivery_supervisor-22] [INFO] [1789490013.723786814] [robot_1.robot_supervisor]: Selected controllable event: EV_search_object
[balanced_delivery_supervisor-24] [INFO] [1789490013.815448371] [robot_0.robot_supervisor]: ############################# VISIBLE: EV_object_visible #############################
[balanced_delivery_supervisor-24] [INFO] [1789490013.816336140] [robot_0.robot_supervisor]: Selected controllable event: EV_search_object
[balanced_delivery_supervisor-22] [INFO] [1789490013.901359373] [robot_1.robot_supervisor]: Selected controllable event: EV_search_color
[balanced_delivery_supervisor-24] [INFO] [1789490013.924377485] [robot_0.robot_supervisor]: Selected controllable event: EV_move_forward
[balanced_delivery_supervisor-20] [INFO] [1789490013.936707534] [robot_2.robot_supervisor]: Selected controllable event: EV_approach_object
[balanced_delivery_supervisor-22] [INFO] [1789490014.031710329] [robot_1.robot_supervisor]: Selected controllable event: EV_approach_color
[balanced_delivery_supervisor-24] [INFO] [1789490014.242822524] [robot_0.robot_supervisor]: Selected controllable event: EV_approach_object
[balanced_delivery_supervisor-20] [INFO] [1789490014.252747548] [robot_2.robot_supervisor]: Selected controllable event: EV_search_color
[balanced_delivery_supervisor-22] [INFO] [1789490014.304015722] [robot_1.robot_supervisor]: Selected controllable event: EV_search_color
[balanced_delivery_supervisor-22] [INFO] [1789490014.413159139] [robot_1.robot_supervisor]: ############################# REACHED: EV_object_reached #############################
[balanced_delivery_supervisor-22] [INFO] [1789490014.425918203] [robot_1.robot_supervisor]: Selected controllable event: EV_approach_object
[balanced_delivery_supervisor-20] [INFO] [1789490014.466116465] [robot_2.robot_supervisor]: ############################# VISIBLE: EV_object_visible #############################
[balanced_delivery_supervisor-20] [INFO] [1789490014.473376734] [robot_2.robot_supervisor]: Selected controllable event: EV_approach_color
[balanced_delivery_supervisor-24] [INFO] [1789490014.522679543] [robot_0.robot_supervisor]: ############################# REACHED: EV_object_reached #############################
[balanced_delivery_supervisor-24] [INFO] [1789490014.527351266] [robot_0.robot_supervisor]: Selected controllable event: EV_move_forward
[balanced_delivery_supervisor-22] [INFO] [1789490014.699093390] [robot_1.robot_supervisor]: Selected controllable event: EV_move_forward
[balanced_delivery_supervisor-20] [INFO] [1789490014.733934623] [robot_2.robot_supervisor]: Selected controllable event: EV_approach_object
[balanced_delivery_supervisor-24] [INFO] [1789490014.817094044] [robot_0.robot_supervisor]: Selected controllable event: EV_move_forward
[balanced_delivery_supervisor-22] [INFO] [1789490014.921001237] [robot_1.robot_supervisor]: Selected controllable event: EV_search_color
[balanced_delivery_supervisor-24] [INFO] [1789490015.031331859] [robot_0.robot_supervisor]: Selected controllable event: EV_search_color
[balanced_delivery_supervisor-20] [INFO] [1789490015.034618990] [robot_2.robot_supervisor]: Selected controllable event: EV_search_object
[balanced_delivery_supervisor-22] [INFO] [1789490015.120401287] [robot_1.robot_supervisor]: ############################# REACHED: EV_object_reached #############################
[balanced_delivery_supervisor-22] [INFO] [1789490015.125667493] [robot_1.robot_supervisor]: Selected controllable event: EV_move_forward
[balanced_delivery_supervisor-20] [INFO] [1789490015.137795450] [robot_2.robot_supervisor]: ############################# REACHED: EV_object_reached #############################
[balanced_delivery_supervisor-20] [INFO] [1789490015.138731819] [robot_2.robot_supervisor]: Selected controllable event: EV_approach_color
[balanced_delivery_supervisor-24] [INFO] [1789490015.217270796] [robot_0.robot_supervisor]: Triggered uncontrollable event: EV_obstacle_front
[balanced_delivery_supervisor-24] [INFO] [1789490015.224791793] [robot_0.robot_supervisor]: ############################# REACHED: EV_object_reached #############################
[balanced_delivery_supervisor-24] [INFO] [1789490015.225711635] [robot_0.robot_supervisor]: Selected controllable event: EV_rotate_clockwise
[balanced_delivery_supervisor-22] [INFO] [1789490015.417427764] [robot_1.robot_supervisor]: Selected controllable event: EV_search_color
[balanced_delivery_supervisor-24] [INFO] [1789490015.425595990] [robot_0.robot_supervisor]: Triggered uncontrollable event: EV_obstacle_front
[balanced_delivery_supervisor-24] [INFO] [1789490015.427058205] [robot_0.robot_supervisor]: Selected controllable event: EV_rotate_clockwise
[balanced_delivery_supervisor-20] [INFO] [1789490015.455428940] [robot_2.robot_supervisor]: Selected controllable event: EV_search_object
[balanced_delivery_supervisor-22] [INFO] [1789490015.598476960] [robot_1.robot_supervisor]: Selected controllable event: EV_search_object
[balanced_delivery_supervisor-24] [INFO] [1789490015.620528220] [robot_0.robot_supervisor]: Triggered uncontrollable event: EV_obstacle_front
[balanced_delivery_supervisor-24] [INFO] [1789490015.621421222] [robot_0.robot_supervisor]: Selected controllable event: EV_rotate_clockwise
[balanced_delivery_supervisor-20] [INFO] [1789490015.632042351] [robot_2.robot_supervisor]: Selected controllable event: EV_approach_object
[balanced_delivery_supervisor-22] [INFO] [1789490015.715113828] [robot_1.robot_supervisor]: ############################# REACHED: EV_object_reached #############################
[balanced_delivery_supervisor-22] [INFO] [1789490015.717891589] [robot_1.robot_supervisor]: Selected controllable event: EV_search_object
[balanced_delivery_supervisor-24] [INFO] [1789490015.742408625] [robot_0.robot_supervisor]: Triggered uncontrollable event: EV_obstacle_front
[balanced_delivery_supervisor-24] [INFO] [1789490015.743363411] [robot_0.robot_supervisor]: Selected controllable event: EV_u_turn
[balanced_delivery_supervisor-24] [INFO] [1789490015.744206564] [robot_0.robot_supervisor]: Starting FULL ROTATE (omega=1.000, have_odom=True, target_rad=3.142, timeout_s=3.500)
[balanced_delivery_supervisor-22] [INFO] [1789490015.915945254] [robot_1.robot_supervisor]: Selected controllable event: EV_search_color
[balanced_delivery_supervisor-20] [INFO] [1789490015.943892744] [robot_2.robot_supervisor]: ############################# REACHED: EV_object_reached #############################
[balanced_delivery_supervisor-20] [INFO] [1789490015.944807722] [robot_2.robot_supervisor]: Selected controllable event: EV_search_object
[balanced_delivery_supervisor-22] [INFO] [1789490016.138363520] [robot_1.robot_supervisor]: Selected controllable event: EV_approach_object
[balanced_delivery_supervisor-20] [INFO] [1789490016.164619126] [robot_2.robot_supervisor]: Selected controllable event: EV_search_object
[balanced_delivery_supervisor-20] [INFO] [1789490016.355674767] [robot_2.robot_supervisor]: Selected controllable event: EV_search_object
[balanced_delivery_supervisor-22] [INFO] [1789490016.434092980] [robot_1.robot_supervisor]: Selected controllable event: EV_move_forward
[balanced_delivery_supervisor-20] [INFO] [1789490016.459185910] [robot_2.robot_supervisor]: Selected controllable event: EV_move_forward
[balanced_delivery_supervisor-22] [INFO] [1789490016.712708426] [robot_1.robot_supervisor]: ############################# REACHED: EV_object_reached #############################
[balanced_delivery_supervisor-22] [INFO] [1789490016.713802757] [robot_1.robot_supervisor]: Selected controllable event: EV_search_color
[balanced_delivery_supervisor-20] [INFO] [1789490016.732002103] [robot_2.robot_supervisor]: ############################# REACHED: EV_object_reached #############################
[balanced_delivery_supervisor-20] [INFO] [1789490016.732940852] [robot_2.robot_supervisor]: Selected controllable event: EV_search_object
[balanced_delivery_supervisor-20] [INFO] [1789490016.852840330] [robot_2.robot_supervisor]: Selected controllable event: EV_move_forward
[balanced_delivery_supervisor-22] [INFO] [1789490016.915769420] [robot_1.robot_supervisor]: Selected controllable event: EV_approach_object
[balanced_delivery_supervisor-20] [INFO] [1789490017.145211009] [robot_2.robot_supervisor]: Selected controllable event: EV_approach_color
[balanced_delivery_supervisor-22] [INFO] [1789490017.210879848] [robot_1.robot_supervisor]: Selected controllable event: EV_search_color
[balanced_delivery_supervisor-22] [INFO] [1789490017.410407975] [robot_1.robot_supervisor]: ############################# REACHED: EV_object_reached #############################
[balanced_delivery_supervisor-22] [INFO] [1789490017.432444024] [robot_1.robot_supervisor]: Selected controllable event: EV_approach_object
[balanced_delivery_supervisor-20] [INFO] [1789490017.444460529] [robot_2.robot_supervisor]: ############################# REACHED: EV_object_reached #############################
[balanced_delivery_supervisor-20] [INFO] [1789490017.445521589] [robot_2.robot_supervisor]: Selected controllable event: EV_move_forward
[balanced_delivery_supervisor-22] [INFO] [1789490017.708085274] [robot_1.robot_supervisor]: Selected controllable event: EV_search_color
[balanced_delivery_supervisor-20] [INFO] [1789490017.729704577] [robot_2.robot_supervisor]: Selected controllable event: EV_approach_object
[balanced_delivery_supervisor-22] [INFO] [1789490017.810983205] [robot_1.robot_supervisor]: Selected controllable event: EV_search_object
[balanced_delivery_supervisor-22] [INFO] [1789490017.999997585] [robot_1.robot_supervisor]: Selected controllable event: EV_search_color
[balanced_delivery_supervisor-20] [INFO] [1789490018.046478516] [robot_2.robot_supervisor]: Selected controllable event: EV_approach_object
[balanced_delivery_supervisor-22] [INFO] [1789490018.115258560] [robot_1.robot_supervisor]: ############################# REACHED: EV_object_reached #############################
[balanced_delivery_supervisor-22] [INFO] [1789490018.116115542] [robot_1.robot_supervisor]: Selected controllable event: EV_move_forward
[balanced_delivery_supervisor-20] [INFO] [1789490018.325113766] [robot_2.robot_supervisor]: ############################# VISIBLE: EV_object_visible #############################
[balanced_delivery_supervisor-20] [INFO] [1789490018.330686831] [robot_2.robot_supervisor]: Selected controllable event: EV_search_object
[balanced_delivery_supervisor-22] [INFO] [1789490018.399887869] [robot_1.robot_supervisor]: Selected controllable event: EV_approach_object
[balanced_delivery_supervisor-20] [INFO] [1789490018.433709137] [robot_2.robot_supervisor]: Selected controllable event: EV_search_object
[balanced_delivery_supervisor-20] [INFO] [1789490018.535888956] [robot_2.robot_supervisor]: Selected controllable event: EV_approach_object
[balanced_delivery_supervisor-22] [INFO] [1789490018.607495450] [robot_1.robot_supervisor]: Selected controllable event: EV_approach_object
[balanced_delivery_supervisor-20] [INFO] [1789490018.743915839] [robot_2.robot_supervisor]: Selected controllable event: EV_approach_object
[balanced_delivery_supervisor-22] [INFO] [1789490018.826518003] [robot_1.robot_supervisor]: Selected controllable event: EV_move_forward
[balanced_delivery_supervisor-20] [INFO] [1789490019.034969090] [robot_2.robot_supervisor]: ############################# VISIBLE: EV_object_visible #############################
[balanced_delivery_supervisor-20] [INFO] [1789490019.039068305] [robot_2.robot_supervisor]: Selected controllable event: EV_move_forward
[balanced_delivery_supervisor-22] [INFO] [1789490019.110636006] [robot_1.robot_supervisor]: ############################# REACHED: EV_object_reached #############################
[balanced_delivery_supervisor-22] [INFO] [1789490019.111506574] [robot_1.robot_supervisor]: Selected controllable event: EV_move_forward
[balanced_delivery_supervisor-24] [INFO] [1789490019.320146583] [robot_0.robot_supervisor]: FULL ROTATE completed by timeout
[balanced_delivery_supervisor-20] [INFO] [1789490019.331173036] [robot_2.robot_supervisor]: Selected controllable event: EV_approach_color
[balanced_delivery_supervisor-22] [INFO] [1789490019.400293737] [robot_1.robot_supervisor]: Selected controllable event: EV_search_color
[balanced_delivery_supervisor-22] [INFO] [1789490019.509070804] [robot_1.robot_supervisor]: ############################# REACHED: EV_object_reached #############################
[balanced_delivery_supervisor-22] [INFO] [1789490019.513260474] [robot_1.robot_supervisor]: Selected controllable event: EV_search_object
[balanced_delivery_supervisor-20] [INFO] [1789490019.547608465] [robot_2.robot_supervisor]: Triggered uncontrollable event: EV_obstacle_left
[balanced_delivery_supervisor-20] [INFO] [1789490019.552017382] [robot_2.robot_supervisor]: Triggered uncontrollable event: EV_object_not_visible
[balanced_delivery_supervisor-20] [INFO] [1789490019.558021339] [robot_2.robot_supervisor]: Selected controllable event: EV_u_turn
[balanced_delivery_supervisor-20] [INFO] [1789490019.566203590] [robot_2.robot_supervisor]: Starting FULL ROTATE (omega=1.000, have_odom=True, target_rad=3.142, timeout_s=3.500)
[balanced_delivery_supervisor-22] [INFO] [1789490019.619738216] [robot_1.robot_supervisor]: Selected controllable event: EV_move_forward
[balanced_delivery_supervisor-24] [INFO] [1789490019.630377233] [robot_0.robot_supervisor]: ############################# REACHED: EV_object_reached #############################
[balanced_delivery_supervisor-24] [INFO] [1789490019.638820165] [robot_0.robot_supervisor]: Selected controllable event: EV_approach_object
[balanced_delivery_supervisor-22] [INFO] [1789490019.928491973] [robot_1.robot_supervisor]: Selected controllable event: EV_approach_color
[balanced_delivery_supervisor-24] [INFO] [1789490019.935751364] [robot_0.robot_supervisor]: Selected controllable event: EV_move_forward
[balanced_delivery_supervisor-22] [INFO] [1789490020.213218810] [robot_1.robot_supervisor]: Selected controllable event: EV_approach_color
[balanced_delivery_supervisor-24] [INFO] [1789490020.230505099] [robot_0.robot_supervisor]: Selected controllable event: EV_approach_color
[balanced_delivery_supervisor-22] [INFO] [1789490020.498868161] [robot_1.robot_supervisor]: ############################# REACHED: EV_object_reached #############################
[balanced_delivery_supervisor-22] [INFO] [1789490020.499713438] [robot_1.robot_supervisor]: Selected controllable event: EV_approach_color
[balanced_delivery_supervisor-24] [INFO] [1789490020.528161906] [robot_0.robot_supervisor]: ############################# REACHED: EV_object_reached #############################
[balanced_delivery_supervisor-24] [INFO] [1789490020.529074673] [robot_0.robot_supervisor]: Selected controllable event: EV_move_forward
[color_detector-29] [INFO] [1789490020.700024754] [robot_1.target_detector]: RGB HEARTBEAT frames_total=130 recent_rate_hz=1.362 last_frame_age_s=0.528 status=OK
[color_detector-31] [INFO] [1789490020.714021767] [robot_0.target_detector]: RGB HEARTBEAT frames_total=130 recent_rate_hz=1.361 last_frame_age_s=0.453 status=OK
[color_detector-27] [INFO] [1789490020.716419874] [robot_2.target_detector]: RGB HEARTBEAT frames_total=130 recent_rate_hz=1.361 last_frame_age_s=0.468 status=OK
[balanced_delivery_supervisor-22] [INFO] [1789490020.720940143] [robot_1.robot_supervisor]: Selected controllable event: EV_approach_object
[balanced_delivery_supervisor-24] [INFO] [1789490020.829534242] [robot_0.robot_supervisor]: Selected controllable event: EV_search_color
[balanced_delivery_supervisor-24] [INFO] [1789490020.931137327] [robot_0.robot_supervisor]: Selected controllable event: EV_search_object
[balanced_delivery_supervisor-22] [INFO] [1789490020.997740387] [robot_1.robot_supervisor]: ############################# REACHED: EV_object_reached #############################
[balanced_delivery_supervisor-22] [INFO] [1789490021.010496589] [robot_1.robot_supervisor]: Selected controllable event: EV_approach_color
[balanced_delivery_supervisor-24] [INFO] [1789490021.034145262] [robot_0.robot_supervisor]: ############################# REACHED: EV_object_reached #############################
[balanced_delivery_supervisor-24] [INFO] [1789490021.034951141] [robot_0.robot_supervisor]: Selected controllable event: EV_approach_object
[balanced_delivery_supervisor-22] [INFO] [1789490021.316783009] [robot_1.robot_supervisor]: Selected controllable event: EV_approach_object
[balanced_delivery_supervisor-24] [INFO] [1789490021.325884863] [robot_0.robot_supervisor]: Selected controllable event: EV_approach_color
[balanced_delivery_supervisor-22] [INFO] [1789490021.598917885] [robot_1.robot_supervisor]: Triggered uncontrollable event: EV_obstacle_left
[balanced_delivery_supervisor-22] [INFO] [1789490021.599405958] [robot_1.robot_supervisor]: ############################# REACHED: EV_object_reached #############################
[balanced_delivery_supervisor-22] [INFO] [1789490021.599982322] [robot_1.robot_supervisor]: Selected controllable event: EV_rotate_clockwise
[balanced_delivery_supervisor-24] [INFO] [1789490021.614893532] [robot_0.robot_supervisor]: Selected controllable event: EV_approach_object
[balanced_delivery_supervisor-22] [INFO] [1789490021.712051157] [robot_1.robot_supervisor]: Triggered uncontrollable event: EV_obstacle_left
[balanced_delivery_supervisor-22] [INFO] [1789490021.712769839] [robot_1.robot_supervisor]: Selected controllable event: EV_rotate_clockwise
[balanced_delivery_supervisor-24] [INFO] [1789490021.818489149] [robot_0.robot_supervisor]: Triggered uncontrollable event: EV_obstacle_right
[balanced_delivery_supervisor-24] [INFO] [1789490021.819131299] [robot_0.robot_supervisor]: ############################# REACHED: EV_object_reached #############################
[balanced_delivery_supervisor-24] [INFO] [1789490021.829574622] [robot_0.robot_supervisor]: Selected controllable event: EV_u_turn
[balanced_delivery_supervisor-24] [INFO] [1789490021.830381284] [robot_0.robot_supervisor]: Starting FULL ROTATE (omega=1.000, have_odom=True, target_rad=3.142, timeout_s=3.500)
[balanced_delivery_supervisor-22] [INFO] [1789490021.917609834] [robot_1.robot_supervisor]: Triggered uncontrollable event: EV_obstacle_left
[balanced_delivery_supervisor-22] [INFO] [1789490021.918554188] [robot_1.robot_supervisor]: Selected controllable event: EV_rotate_clockwise
[balanced_delivery_supervisor-22] [INFO] [1789490022.102791084] [robot_1.robot_supervisor]: Triggered uncontrollable event: EV_obstacle_left
[balanced_delivery_supervisor-22] [INFO] [1789490022.103647026] [robot_1.robot_supervisor]: Selected controllable event: EV_rotate_clockwise
[balanced_delivery_supervisor-22] [INFO] [1789490022.206937566] [robot_1.robot_supervisor]: Triggered uncontrollable event: EV_obstacle_left
[balanced_delivery_supervisor-22] [INFO] [1789490022.207774120] [robot_1.robot_supervisor]: Selected controllable event: EV_rotate_clockwise
[balanced_delivery_supervisor-22] [INFO] [1789490022.419276288] [robot_1.robot_supervisor]: Triggered uncontrollable event: EV_obstacle_left
[balanced_delivery_supervisor-22] [INFO] [1789490022.419984452] [robot_1.robot_supervisor]: ############################# REACHED: EV_object_reached #############################
[balanced_delivery_supervisor-22] [INFO] [1789490022.420765479] [robot_1.robot_supervisor]: Selected controllable event: EV_u_turn
[balanced_delivery_supervisor-22] [INFO] [1789490022.434502078] [robot_1.robot_supervisor]: Starting FULL ROTATE (omega=1.000, have_odom=True, target_rad=3.142, timeout_s=3.500)
[balanced_delivery_supervisor-20] [INFO] [1789490023.145273866] [robot_2.robot_supervisor]: FULL ROTATE completed by timeout
[balanced_delivery_supervisor-20] [INFO] [1789490023.436704422] [robot_2.robot_supervisor]: Triggered uncontrollable event: EV_object_not_visible
[balanced_delivery_supervisor-20] [INFO] [1789490023.439495410] [robot_2.robot_supervisor]: Selected controllable event: EV_approach_color
[balanced_delivery_supervisor-20] [INFO] [1789490023.737153720] [robot_2.robot_supervisor]: ############################# VISIBLE: EV_object_visible #############################
[balanced_delivery_supervisor-20] [INFO] [1789490023.755256551] [robot_2.robot_supervisor]: Selected controllable event: EV_approach_object
[balanced_delivery_supervisor-20] [INFO] [1789490024.027409898] [robot_2.robot_supervisor]: Selected controllable event: EV_search_object
[balanced_delivery_supervisor-20] [INFO] [1789490024.135629512] [robot_2.robot_supervisor]: Selected controllable event: EV_approach_color
[balanced_delivery_supervisor-20] [INFO] [1789490024.451992815] [robot_2.robot_supervisor]: ############################# VISIBLE: EV_object_visible #############################
[balanced_delivery_supervisor-20] [INFO] [1789490024.455686644] [robot_2.robot_supervisor]: Selected controllable event: EV_approach_color
[balanced_delivery_supervisor-20] [INFO] [1789490024.743495431] [robot_2.robot_supervisor]: Selected controllable event: EV_approach_color
[balanced_delivery_supervisor-20] [INFO] [1789490025.033271732] [robot_2.robot_supervisor]: Selected controllable event: EV_search_color
[balanced_delivery_supervisor-20] [INFO] [1789490025.245145734] [robot_2.robot_supervisor]: ############################# VISIBLE: EV_object_visible #############################
[balanced_delivery_supervisor-20] [INFO] [1789490025.245877810] [robot_2.robot_supervisor]: Selected controllable event: EV_approach_object
[balanced_delivery_supervisor-24] [INFO] [1789490025.419204327] [robot_0.robot_supervisor]: FULL ROTATE completed by timeout
[balanced_delivery_supervisor-20] [INFO] [1789490025.529845257] [robot_2.robot_supervisor]: Selected controllable event: EV_move_forward
[balanced_delivery_supervisor-20] [INFO] [1789490025.736005063] [robot_2.robot_supervisor]: Selected controllable event: EV_move_forward
[balanced_delivery_supervisor-24] [INFO] [1789490025.743727862] [robot_0.robot_supervisor]: ############################# REACHED: EV_object_reached #############################
[balanced_delivery_supervisor-24] [INFO] [1789490025.748741107] [robot_0.robot_supervisor]: Selected controllable event: EV_approach_object
[balanced_delivery_supervisor-22] [INFO] [1789490026.003954102] [robot_1.robot_supervisor]: FULL ROTATE completed by timeout
[balanced_delivery_supervisor-24] [INFO] [1789490026.030879065] [robot_0.robot_supervisor]: ############################# REACHED: EV_object_reached #############################
[balanced_delivery_supervisor-24] [INFO] [1789490026.031685901] [robot_0.robot_supervisor]: Selected controllable event: EV_move_forward
[balanced_delivery_supervisor-20] [INFO] [1789490026.039949224] [robot_2.robot_supervisor]: ############################# VISIBLE: EV_object_visible #############################
[balanced_delivery_supervisor-20] [INFO] [1789490026.051706758] [robot_2.robot_supervisor]: Selected controllable event: EV_search_object
[balanced_delivery_supervisor-20] [INFO] [1789490026.245409808] [robot_2.robot_supervisor]: Selected controllable event: EV_move_forward
[balanced_delivery_supervisor-22] [INFO] [1789490026.299498974] [robot_1.robot_supervisor]: ############################# REACHED: EV_object_reached #############################
[balanced_delivery_supervisor-22] [INFO] [1789490026.300354353] [robot_1.robot_supervisor]: Selected controllable event: EV_search_color
[balanced_delivery_supervisor-24] [INFO] [1789490026.325448366] [robot_0.robot_supervisor]: Selected controllable event: EV_move_forward
[balanced_delivery_supervisor-22] [INFO] [1789490026.407277728] [robot_1.robot_supervisor]: ############################# REACHED: EV_object_reached #############################
[balanced_delivery_supervisor-22] [INFO] [1789490026.408187187] [robot_1.robot_supervisor]: Selected controllable event: EV_approach_object
[balanced_delivery_supervisor-20] [INFO] [1789490026.540159321] [robot_2.robot_supervisor]: ############################# VISIBLE: EV_object_visible #############################
[balanced_delivery_supervisor-20] [INFO] [1789490026.546483924] [robot_2.robot_supervisor]: Selected controllable event: EV_search_object
[balanced_delivery_supervisor-24] [INFO] [1789490026.619648393] [robot_0.robot_supervisor]: ############################# REACHED: EV_object_reached #############################
[balanced_delivery_supervisor-24] [INFO] [1789490026.620503113] [robot_0.robot_supervisor]: Selected controllable event: EV_move_forward
[balanced_delivery_supervisor-22] [INFO] [1789490026.699172275] [robot_1.robot_supervisor]: Selected controllable event: EV_move_forward
[balanced_delivery_supervisor-20] [INFO] [1789490026.735138691] [robot_2.robot_supervisor]: Selected controllable event: EV_approach_object
[balanced_delivery_supervisor-22] [INFO] [1789490026.910737691] [robot_1.robot_supervisor]: Selected controllable event: EV_move_forward
[balanced_delivery_supervisor-24] [INFO] [1789490026.918082717] [robot_0.robot_supervisor]: Selected controllable event: EV_move_forward
[balanced_delivery_supervisor-20] [INFO] [1789490027.041029152] [robot_2.robot_supervisor]: Selected controllable event: EV_approach_object
[balanced_delivery_supervisor-22] [INFO] [1789490027.212409615] [robot_1.robot_supervisor]: ############################# REACHED: EV_object_reached #############################
[balanced_delivery_supervisor-22] [INFO] [1789490027.213302754] [robot_1.robot_supervisor]: Selected controllable event: EV_search_object
[balanced_delivery_supervisor-24] [INFO] [1789490027.226458854] [robot_0.robot_supervisor]: ############################# REACHED: EV_object_reached #############################
[balanced_delivery_supervisor-24] [INFO] [1789490027.239448372] [robot_0.robot_supervisor]: Selected controllable event: EV_approach_object
[balanced_delivery_supervisor-20] [INFO] [1789490027.336563422] [robot_2.robot_supervisor]: ############################# VISIBLE: EV_object_visible #############################
[balanced_delivery_supervisor-20] [INFO] [1789490027.337424643] [robot_2.robot_supervisor]: Selected controllable event: EV_approach_color
[balanced_delivery_supervisor-22] [INFO] [1789490027.401874135] [robot_1.robot_supervisor]: Selected controllable event: EV_approach_color
[balanced_delivery_supervisor-24] [INFO] [1789490027.523104436] [robot_0.robot_supervisor]: Selected controllable event: EV_approach_color
[balanced_delivery_supervisor-20] [INFO] [1789490027.545740870] [robot_2.robot_supervisor]: Selected controllable event: EV_move_forward
[color_detector-29] [INFO] [1789490027.590380298] [robot_1.target_detector]: RGB HEARTBEAT frames_total=140 recent_rate_hz=1.451 last_frame_age_s=0.618 status=OK
[color_detector-31] [INFO] [1789490027.594045905] [robot_0.target_detector]: RGB HEARTBEAT frames_total=140 recent_rate_hz=1.454 last_frame_age_s=0.459 status=OK
[color_detector-27] [INFO] [1789490027.611249225] [robot_2.target_detector]: RGB HEARTBEAT frames_total=140 recent_rate_hz=1.448 last_frame_age_s=0.584 status=OK
[balanced_delivery_supervisor-22] [INFO] [1789490027.627033630] [robot_1.robot_supervisor]: Selected controllable event: EV_approach_color
[balanced_delivery_supervisor-24] [INFO] [1789490027.815677252] [robot_0.robot_supervisor]: Selected controllable event: EV_approach_color
[balanced_delivery_supervisor-20] [INFO] [1789490027.848909428] [robot_2.robot_supervisor]: ############################# VISIBLE: EV_object_visible #############################
[balanced_delivery_supervisor-20] [INFO] [1789490027.857835694] [robot_2.robot_supervisor]: Selected controllable event: EV_search_color
[balanced_delivery_supervisor-22] [INFO] [1789490027.906642807] [robot_1.robot_supervisor]: Triggered uncontrollable event: EV_obstacle_front
[balanced_delivery_supervisor-22] [INFO] [1789490027.907279163] [robot_1.robot_supervisor]: ############################# REACHED: EV_object_reached #############################
[balanced_delivery_supervisor-22] [INFO] [1789490027.925304699] [robot_1.robot_supervisor]: Selected controllable event: EV_rotate_clockwise
[balanced_delivery_supervisor-24] [INFO] [1789490028.024894897] [robot_0.robot_supervisor]: ############################# VISIBLE: EV_object_visible #############################
[balanced_delivery_supervisor-24] [INFO] [1789490028.037240714] [robot_0.robot_supervisor]: Selected controllable event: EV_search_color
[balanced_delivery_supervisor-20] [INFO] [1789490028.045318484] [robot_2.robot_supervisor]: Selected controllable event: EV_search_object
[balanced_delivery_supervisor-22] [INFO] [1789490028.108910745] [robot_1.robot_supervisor]: Triggered uncontrollable event: EV_obstacle_front
[balanced_delivery_supervisor-22] [INFO] [1789490028.109769456] [robot_1.robot_supervisor]: Selected controllable event: EV_rotate_clockwise
[balanced_delivery_supervisor-24] [INFO] [1789490028.223766355] [robot_0.robot_supervisor]: Selected controllable event: EV_move_forward
[balanced_delivery_supervisor-20] [INFO] [1789490028.243682871] [robot_2.robot_supervisor]: Selected controllable event: EV_approach_object
[balanced_delivery_supervisor-22] [INFO] [1789490028.312331785] [robot_1.robot_supervisor]: Triggered uncontrollable event: EV_obstacle_front
[balanced_delivery_supervisor-22] [INFO] [1789490028.313176599] [robot_1.robot_supervisor]: Selected controllable event: EV_u_turn
[balanced_delivery_supervisor-24] [INFO] [1789490028.426771429] [robot_0.robot_supervisor]: Selected controllable event: EV_move_forward
[balanced_delivery_supervisor-22] [INFO] [1789490028.429014574] [robot_1.robot_supervisor]: Triggered uncontrollable event: EV_obstacle_left
[balanced_delivery_supervisor-22] [INFO] [1789490028.437348133] [robot_1.robot_supervisor]: Selected controllable event: EV_u_turn
[balanced_delivery_supervisor-22] [INFO] [1789490028.448686574] [robot_1.robot_supervisor]: Starting FULL ROTATE (omega=1.000, have_odom=True, target_rad=3.142, timeout_s=3.500)
[balanced_delivery_supervisor-20] [INFO] [1789490028.533298394] [robot_2.robot_supervisor]: ############################# VISIBLE: EV_object_visible #############################
[balanced_delivery_supervisor-20] [INFO] [1789490028.534198498] [robot_2.robot_supervisor]: Selected controllable event: EV_approach_color
[balanced_delivery_supervisor-24] [INFO] [1789490028.736305579] [robot_0.robot_supervisor]: ############################# VISIBLE: EV_object_visible #############################
[balanced_delivery_supervisor-24] [INFO] [1789490028.737187956] [robot_0.robot_supervisor]: Selected controllable event: EV_approach_object
[balanced_delivery_supervisor-20] [INFO] [1789490028.836289647] [robot_2.robot_supervisor]: Selected controllable event: EV_search_color
[balanced_delivery_supervisor-24] [INFO] [1789490029.027115277] [robot_0.robot_supervisor]: Selected controllable event: EV_approach_color
[balanced_delivery_supervisor-20] [INFO] [1789490029.043240357] [robot_2.robot_supervisor]: Selected controllable event: EV_search_object
[balanced_delivery_supervisor-20] [INFO] [1789490029.251280126] [robot_2.robot_supervisor]: ############################# VISIBLE: EV_object_visible #############################
[balanced_delivery_supervisor-20] [INFO] [1789490029.252165970] [robot_2.robot_supervisor]: Selected controllable event: EV_approach_color
[balanced_delivery_supervisor-24] [INFO] [1789490029.326786496] [robot_0.robot_supervisor]: ############################# VISIBLE: EV_object_visible #############################
[balanced_delivery_supervisor-24] [INFO] [1789490029.327716263] [robot_0.robot_supervisor]: Selected controllable event: EV_approach_color
[balanced_delivery_supervisor-20] [INFO] [1789490029.538599393] [robot_2.robot_supervisor]: Selected controllable event: EV_approach_object
[balanced_delivery_supervisor-24] [INFO] [1789490029.623795920] [robot_0.robot_supervisor]: Selected controllable event: EV_move_forward
[balanced_delivery_supervisor-20] [INFO] [1789490029.749404069] [robot_2.robot_supervisor]: Selected controllable event: EV_approach_color
[balanced_delivery_supervisor-24] [INFO] [1789490029.936475026] [robot_0.robot_supervisor]: ############################# VISIBLE: EV_object_visible #############################
[balanced_delivery_supervisor-24] [INFO] [1789490029.937315101] [robot_0.robot_supervisor]: Selected controllable event: EV_move_forward
[balanced_delivery_supervisor-20] [INFO] [1789490030.052062965] [robot_2.robot_supervisor]: ############################# VISIBLE: EV_object_visible #############################
[balanced_delivery_supervisor-20] [INFO] [1789490030.052939086] [robot_2.robot_supervisor]: Selected controllable event: EV_search_color
[balanced_delivery_supervisor-24] [INFO] [1789490030.225421567] [robot_0.robot_supervisor]: Selected controllable event: EV_move_forward
[balanced_delivery_supervisor-20] [INFO] [1789490030.243669855] [robot_2.robot_supervisor]: Selected controllable event: EV_move_forward
[balanced_delivery_supervisor-24] [INFO] [1789490030.526982569] [robot_0.robot_supervisor]: Selected controllable event: EV_move_forward
[balanced_delivery_supervisor-20] [INFO] [1789490030.532318817] [robot_2.robot_supervisor]: Selected controllable event: EV_search_color
[balanced_delivery_supervisor-20] [INFO] [1789490030.753722928] [robot_2.robot_supervisor]: ############################# VISIBLE: EV_object_visible #############################
[balanced_delivery_supervisor-20] [INFO] [1789490030.755440040] [robot_2.robot_supervisor]: Selected controllable event: EV_search_color
[balanced_delivery_supervisor-24] [INFO] [1789490030.851015714] [robot_0.robot_supervisor]: Triggered uncontrollable event: EV_obstacle_left
[balanced_delivery_supervisor-24] [INFO] [1789490030.851667101] [robot_0.robot_supervisor]: ############################# REACHED: EV_object_reached #############################
[balanced_delivery_supervisor-24] [INFO] [1789490030.852483865] [robot_0.robot_supervisor]: Selected controllable event: EV_u_turn
[balanced_delivery_supervisor-24] [INFO] [1789490030.853227067] [robot_0.robot_supervisor]: Starting FULL ROTATE (omega=1.000, have_odom=True, target_rad=3.142, timeout_s=3.500)
[balanced_delivery_supervisor-20] [INFO] [1789490030.933229367] [robot_2.robot_supervisor]: Selected controllable event: EV_search_color
[balanced_delivery_supervisor-20] [INFO] [1789490031.145493391] [robot_2.robot_supervisor]: Selected controllable event: EV_search_object
[balanced_delivery_supervisor-20] [INFO] [1789490031.336290000] [robot_2.robot_supervisor]: Triggered uncontrollable event: EV_obstacle_right
[balanced_delivery_supervisor-20] [INFO] [1789490031.336975798] [robot_2.robot_supervisor]: ############################# VISIBLE: EV_object_visible #############################
[balanced_delivery_supervisor-20] [INFO] [1789490031.344414176] [robot_2.robot_supervisor]: Selected controllable event: EV_rotate_counterclockwise
[balanced_delivery_supervisor-20] [INFO] [1789490031.560032673] [robot_2.robot_supervisor]: Triggered uncontrollable event: EV_obstacle_right
[balanced_delivery_supervisor-20] [INFO] [1789490031.565073337] [robot_2.robot_supervisor]: Selected controllable event: EV_rotate_counterclockwise
[balanced_delivery_supervisor-20] [INFO] [1789490031.742331476] [robot_2.robot_supervisor]: Triggered uncontrollable event: EV_obstacle_right
[balanced_delivery_supervisor-20] [INFO] [1789490031.758492719] [robot_2.robot_supervisor]: Selected controllable event: EV_rotate_counterclockwise
[balanced_delivery_supervisor-20] [INFO] [1789490031.940633447] [robot_2.robot_supervisor]: ############################# VISIBLE: EV_object_visible #############################
[balanced_delivery_supervisor-20] [INFO] [1789490031.941477738] [robot_2.robot_supervisor]: Selected controllable event: EV_move_forward
[balanced_delivery_supervisor-22] [INFO] [1789490031.999714507] [robot_1.robot_supervisor]: FULL ROTATE completed by timeout
[balanced_delivery_supervisor-20] [INFO] [1789490032.226609230] [robot_2.robot_supervisor]: Selected controllable event: EV_approach_color
[balanced_delivery_supervisor-22] [INFO] [1789490032.313531099] [robot_1.robot_supervisor]: ############################# REACHED: EV_object_reached #############################
[balanced_delivery_supervisor-22] [INFO] [1789490032.314352224] [robot_1.robot_supervisor]: Selected controllable event: EV_search_color
[balanced_delivery_supervisor-20] [INFO] [1789490032.455899893] [robot_2.robot_supervisor]: Selected controllable event: EV_approach_object
[balanced_delivery_supervisor-22] [INFO] [1789490032.514320602] [robot_1.robot_supervisor]: Selected controllable event: EV_move_forward
[balanced_delivery_supervisor-20] [INFO] [1789490032.740868609] [robot_2.robot_supervisor]: ############################# VISIBLE: EV_object_visible #############################
[balanced_delivery_supervisor-20] [INFO] [1789490032.741800919] [robot_2.robot_supervisor]: Selected controllable event: EV_search_color
[balanced_delivery_supervisor-22] [INFO] [1789490032.800731911] [robot_1.robot_supervisor]: ############################# REACHED: EV_object_reached #############################
[balanced_delivery_supervisor-22] [INFO] [1789490032.801682528] [robot_1.robot_supervisor]: Selected controllable event: EV_move_forward
[balanced_delivery_supervisor-20] [INFO] [1789490032.933278207] [robot_2.robot_supervisor]: Selected controllable event: EV_search_object
[balanced_delivery_supervisor-22] [INFO] [1789490033.011457769] [robot_1.robot_supervisor]: Selected controllable event: EV_search_object
[balanced_delivery_supervisor-20] [INFO] [1789490033.052328728] [robot_2.robot_supervisor]: Selected controllable event: EV_search_color
[balanced_delivery_supervisor-22] [INFO] [1789490033.209660184] [robot_1.robot_supervisor]: Selected controllable event: EV_approach_color
[balanced_delivery_supervisor-20] [INFO] [1789490033.226470708] [robot_2.robot_supervisor]: Selected controllable event: EV_approach_object
[balanced_delivery_supervisor-20] [INFO] [1789490033.440263242] [robot_2.robot_supervisor]: ############################# VISIBLE: EV_object_visible #############################
[balanced_delivery_supervisor-20] [INFO] [1789490033.444440361] [robot_2.robot_supervisor]: Selected controllable event: EV_move_forward
[balanced_delivery_supervisor-22] [INFO] [1789490033.512531820] [robot_1.robot_supervisor]: ############################# REACHED: EV_object_reached #############################
[balanced_delivery_supervisor-22] [INFO] [1789490033.527912258] [robot_1.robot_supervisor]: Selected controllable event: EV_move_forward
[balanced_delivery_supervisor-20] [INFO] [1789490033.730581640] [robot_2.robot_supervisor]: Selected controllable event: EV_move_forward
[balanced_delivery_supervisor-22] [INFO] [1789490033.812795347] [robot_1.robot_supervisor]: Selected controllable event: EV_search_color
[balanced_delivery_supervisor-22] [INFO] [1789490033.914547068] [robot_1.robot_supervisor]: Selected controllable event: EV_approach_color
[balanced_delivery_supervisor-20] [INFO] [1789490033.952515879] [robot_2.robot_supervisor]: Selected controllable event: EV_approach_object
[balanced_delivery_supervisor-22] [INFO] [1789490034.215577485] [robot_1.robot_supervisor]: ############################# REACHED: EV_object_reached #############################
[balanced_delivery_supervisor-22] [INFO] [1789490034.216406783] [robot_1.robot_supervisor]: Selected controllable event: EV_search_object
[balanced_delivery_supervisor-20] [INFO] [1789490034.240368157] [robot_2.robot_supervisor]: ############################# VISIBLE: EV_object_visible #############################
[balanced_delivery_supervisor-20] [INFO] [1789490034.248804288] [robot_2.robot_supervisor]: Selected controllable event: EV_approach_object
[balanced_delivery_supervisor-22] [INFO] [1789490034.404912238] [robot_1.robot_supervisor]: Selected controllable event: EV_approach_object
[balanced_delivery_supervisor-24] [INFO] [1789490034.422920715] [robot_0.robot_supervisor]: FULL ROTATE completed by timeout
[balanced_delivery_supervisor-20] [INFO] [1789490034.528176803] [robot_2.robot_supervisor]: Selected controllable event: EV_move_forward
[color_detector-27] [INFO] [1789490034.544971472] [robot_2.target_detector]: RGB HEARTBEAT frames_total=150 recent_rate_hz=1.442 last_frame_age_s=0.424 status=OK
[color_detector-29] [INFO] [1789490034.549864742] [robot_1.target_detector]: RGB HEARTBEAT frames_total=150 recent_rate_hz=1.437 last_frame_age_s=0.557 status=OK
[color_detector-31] [INFO] [1789490034.552949951] [robot_0.target_detector]: RGB HEARTBEAT frames_total=150 recent_rate_hz=1.437 last_frame_age_s=0.322 status=OK
[balanced_delivery_supervisor-22] [INFO] [1789490034.606606078] [robot_1.robot_supervisor]: Selected controllable event: EV_search_object
[balanced_delivery_supervisor-24] [INFO] [1789490034.618656587] [robot_0.robot_supervisor]: ############################# REACHED: EV_object_reached #############################
[balanced_delivery_supervisor-24] [INFO] [1789490034.619565147] [robot_0.robot_supervisor]: Selected controllable event: EV_move_forward
[balanced_delivery_supervisor-20] [INFO] [1789490034.736467283] [robot_2.robot_supervisor]: Selected controllable event: EV_move_forward
[balanced_delivery_supervisor-22] [INFO] [1789490034.815872124] [robot_1.robot_supervisor]: Selected controllable event: EV_approach_object
[balanced_delivery_supervisor-24] [INFO] [1789490034.829984745] [robot_0.robot_supervisor]: Selected controllable event: EV_approach_object
[balanced_delivery_supervisor-20] [INFO] [1789490035.045679131] [robot_2.robot_supervisor]: ############################# VISIBLE: EV_object_visible #############################
[balanced_delivery_supervisor-20] [INFO] [1789490035.048713835] [robot_2.robot_supervisor]: Selected controllable event: EV_search_color
[balanced_delivery_supervisor-22] [INFO] [1789490035.102374139] [robot_1.robot_supervisor]: ############################# REACHED: EV_object_reached #############################
[balanced_delivery_supervisor-22] [INFO] [1789490035.103236791] [robot_1.robot_supervisor]: Selected controllable event: EV_search_object
[balanced_delivery_supervisor-24] [INFO] [1789490035.116677449] [robot_0.robot_supervisor]: ############################# REACHED: EV_object_reached #############################
[balanced_delivery_supervisor-24] [INFO] [1789490035.117496527] [robot_0.robot_supervisor]: Selected controllable event: EV_search_color
[balanced_delivery_supervisor-20] [INFO] [1789490035.237437922] [robot_2.robot_supervisor]: Selected controllable event: EV_search_object
[balanced_delivery_supervisor-24] [INFO] [1789490035.323611983] [robot_0.robot_supervisor]: Selected controllable event: EV_move_forward
[balanced_delivery_supervisor-22] [INFO] [1789490035.334491639] [robot_1.robot_supervisor]: Selected controllable event: EV_search_object
[balanced_delivery_supervisor-20] [INFO] [1789490035.345439815] [robot_2.robot_supervisor]: Selected controllable event: EV_move_forward
[balanced_delivery_supervisor-22] [INFO] [1789490035.443409877] [robot_1.robot_supervisor]: ############################# REACHED: EV_object_reached #############################
[balanced_delivery_supervisor-22] [INFO] [1789490035.444251686] [robot_1.robot_supervisor]: Selected controllable event: EV_search_object
[balanced_delivery_supervisor-20] [INFO] [1789490035.549928439] [robot_2.robot_supervisor]: ############################# VISIBLE: EV_object_visible #############################
[balanced_delivery_supervisor-20] [INFO] [1789490035.566288308] [robot_2.robot_supervisor]: Selected controllable event: EV_approach_object
[balanced_delivery_supervisor-22] [INFO] [1789490035.607825584] [robot_1.robot_supervisor]: Selected controllable event: EV_approach_color
[balanced_delivery_supervisor-24] [INFO] [1789490035.619538319] [robot_0.robot_supervisor]: ############################# REACHED: EV_object_reached #############################
[balanced_delivery_supervisor-24] [INFO] [1789490035.630031348] [robot_0.robot_supervisor]: Selected controllable event: EV_approach_color
[balanced_delivery_supervisor-20] [INFO] [1789490035.851327151] [robot_2.robot_supervisor]: Selected controllable event: EV_search_object
[balanced_delivery_supervisor-22] [INFO] [1789490035.904997185] [robot_1.robot_supervisor]: Selected controllable event: EV_search_object
[balanced_delivery_supervisor-24] [INFO] [1789490035.935781773] [robot_0.robot_supervisor]: Selected controllable event: EV_approach_color
[balanced_delivery_supervisor-20] [INFO] [1789490036.054738221] [robot_2.robot_supervisor]: Selected controllable event: EV_approach_object
[balanced_delivery_supervisor-22] [INFO] [1789490036.119996608] [robot_1.robot_supervisor]: ############################# REACHED: EV_object_reached #############################
[balanced_delivery_supervisor-22] [INFO] [1789490036.120866221] [robot_1.robot_supervisor]: Selected controllable event: EV_search_color
[balanced_delivery_supervisor-24] [INFO] [1789490036.214107791] [robot_0.robot_supervisor]: ############################# REACHED: EV_object_reached #############################
[balanced_delivery_supervisor-24] [INFO] [1789490036.214970803] [robot_0.robot_supervisor]: Selected controllable event: EV_approach_color
[balanced_delivery_supervisor-22] [INFO] [1789490036.311918571] [robot_1.robot_supervisor]: Selected controllable event: EV_search_object
[balanced_delivery_supervisor-20] [INFO] [1789490036.338863994] [robot_2.robot_supervisor]: ############################# VISIBLE: EV_object_visible #############################
[balanced_delivery_supervisor-20] [INFO] [1789490036.348009971] [robot_2.robot_supervisor]: Selected controllable event: EV_approach_object
[balanced_delivery_supervisor-24] [INFO] [1789490036.433456303] [robot_0.robot_supervisor]: Selected controllable event: EV_approach_object
[balanced_delivery_supervisor-22] [INFO] [1789490036.498339668] [robot_1.robot_supervisor]: Selected controllable event: EV_search_object
[balanced_delivery_supervisor-22] [INFO] [1789490036.621395034] [robot_1.robot_supervisor]: Selected controllable event: EV_approach_color
[balanced_delivery_supervisor-20] [INFO] [1789490036.640770301] [robot_2.robot_supervisor]: Selected controllable event: EV_search_object
[balanced_delivery_supervisor-24] [INFO] [1789490036.723400388] [robot_0.robot_supervisor]: Selected controllable event: EV_approach_color
[balanced_delivery_supervisor-20] [INFO] [1789490036.843649669] [robot_2.robot_supervisor]: Selected controllable event: EV_search_color
[balanced_delivery_supervisor-24] [INFO] [1789490036.927051222] [robot_0.robot_supervisor]: Selected controllable event: EV_search_object
[balanced_delivery_supervisor-22] [INFO] [1789490036.936524885] [robot_1.robot_supervisor]: Triggered uncontrollable event: EV_obstacle_right
[balanced_delivery_supervisor-22] [INFO] [1789490036.937239122] [robot_1.robot_supervisor]: ############################# REACHED: EV_object_reached #############################
[balanced_delivery_supervisor-22] [INFO] [1789490036.938158900] [robot_1.robot_supervisor]: Selected controllable event: EV_rotate_counterclockwise
[balanced_delivery_supervisor-20] [INFO] [1789490037.065803213] [robot_2.robot_supervisor]: ############################# VISIBLE: EV_object_visible #############################
[balanced_delivery_supervisor-20] [INFO] [1789490037.066719291] [robot_2.robot_supervisor]: Selected controllable event: EV_approach_object
[balanced_delivery_supervisor-22] [INFO] [1789490037.109186040] [robot_1.robot_supervisor]: Triggered uncontrollable event: EV_obstacle_right
[balanced_delivery_supervisor-22] [INFO] [1789490037.110131577] [robot_1.robot_supervisor]: Selected controllable event: EV_rotate_counterclockwise
[balanced_delivery_supervisor-24] [INFO] [1789490037.126513364] [robot_0.robot_supervisor]: ############################# REACHED: EV_object_reached #############################
[balanced_delivery_supervisor-24] [INFO] [1789490037.127389387] [robot_0.robot_supervisor]: Selected controllable event: EV_approach_color
[balanced_delivery_supervisor-22] [INFO] [1789490037.310954121] [robot_1.robot_supervisor]: Triggered uncontrollable event: EV_obstacle_right
[balanced_delivery_supervisor-22] [INFO] [1789490037.332233369] [robot_1.robot_supervisor]: Selected controllable event: EV_rotate_counterclockwise
[balanced_delivery_supervisor-20] [INFO] [1789490037.341391790] [robot_2.robot_supervisor]: Selected controllable event: EV_approach_color
[balanced_delivery_supervisor-24] [INFO] [1789490037.442370758] [robot_0.robot_supervisor]: Selected controllable event: EV_move_forward
[balanced_delivery_supervisor-22] [INFO] [1789490037.504379146] [robot_1.robot_supervisor]: Triggered uncontrollable event: EV_obstacle_right
[balanced_delivery_supervisor-22] [INFO] [1789490037.514588254] [robot_1.robot_supervisor]: Selected controllable event: EV_u_turn
[balanced_delivery_supervisor-22] [INFO] [1789490037.532011761] [robot_1.robot_supervisor]: Starting FULL ROTATE (omega=1.000, have_odom=True, target_rad=3.142, timeout_s=3.500)
[balanced_delivery_supervisor-20] [INFO] [1789490037.545572929] [robot_2.robot_supervisor]: Selected controllable event: EV_search_color
[balanced_delivery_supervisor-24] [INFO] [1789490037.716825375] [robot_0.robot_supervisor]: Selected controllable event: EV_move_forward
[balanced_delivery_supervisor-20] [INFO] [1789490037.737480369] [robot_2.robot_supervisor]: ############################# VISIBLE: EV_object_visible #############################
[balanced_delivery_supervisor-20] [INFO] [1789490037.741963694] [robot_2.robot_supervisor]: Selected controllable event: EV_approach_object
[balanced_delivery_supervisor-24] [INFO] [1789490038.016751415] [robot_0.robot_supervisor]: ############################# REACHED: EV_object_reached #############################
[balanced_delivery_supervisor-24] [INFO] [1789490038.022108891] [robot_0.robot_supervisor]: Selected controllable event: EV_search_color
[balanced_delivery_supervisor-20] [INFO] [1789490038.037046653] [robot_2.robot_supervisor]: Selected controllable event: EV_move_forward
[balanced_delivery_supervisor-24] [INFO] [1789490038.257523071] [robot_0.robot_supervisor]: Selected controllable event: EV_move_forward
[balanced_delivery_supervisor-20] [INFO] [1789490038.344788721] [robot_2.robot_supervisor]: ############################# VISIBLE: EV_object_visible #############################
[balanced_delivery_supervisor-20] [INFO] [1789490038.345695507] [robot_2.robot_supervisor]: Selected controllable event: EV_approach_object
[balanced_delivery_supervisor-24] [INFO] [1789490038.530459209] [robot_0.robot_supervisor]: Triggered uncontrollable event: EV_obstacle_front
[balanced_delivery_supervisor-24] [INFO] [1789490038.540173179] [robot_0.robot_supervisor]: ############################# REACHED: EV_object_reached #############################
[balanced_delivery_supervisor-24] [INFO] [1789490038.540993881] [robot_0.robot_supervisor]: Selected controllable event: EV_move_backward
[balanced_delivery_supervisor-20] [INFO] [1789490038.629337190] [robot_2.robot_supervisor]: Selected controllable event: EV_search_color
[balanced_delivery_supervisor-24] [INFO] [1789490038.821691832] [robot_0.robot_supervisor]: Triggered uncontrollable event: EV_obstacle_front
[balanced_delivery_supervisor-24] [INFO] [1789490038.824083288] [robot_0.robot_supervisor]: Selected controllable event: EV_u_turn
[balanced_delivery_supervisor-24] [INFO] [1789490038.827920455] [robot_0.robot_supervisor]: Starting FULL ROTATE (omega=1.000, have_odom=True, target_rad=3.142, timeout_s=3.500)
[balanced_delivery_supervisor-20] [INFO] [1789490038.846198356] [robot_2.robot_supervisor]: Selected controllable event: EV_approach_color
[balanced_delivery_supervisor-20] [INFO] [1789490039.152067896] [robot_2.robot_supervisor]: ############################# VISIBLE: EV_object_visible #############################
[balanced_delivery_supervisor-20] [INFO] [1789490039.152981503] [robot_2.robot_supervisor]: Selected controllable event: EV_search_object
[balanced_delivery_supervisor-20] [INFO] [1789490039.344206403] [robot_2.robot_supervisor]: Selected controllable event: EV_move_forward
[balanced_delivery_supervisor-20] [INFO] [1789490039.644697737] [robot_2.robot_supervisor]: Selected controllable event: EV_approach_color
[balanced_delivery_supervisor-20] [INFO] [1789490039.846321704] [robot_2.robot_supervisor]: ############################# VISIBLE: EV_object_visible #############################
[balanced_delivery_supervisor-20] [INFO] [1789490039.852277172] [robot_2.robot_supervisor]: Selected controllable event: EV_search_color
[balanced_delivery_supervisor-20] [INFO] [1789490040.042566865] [robot_2.robot_supervisor]: Selected controllable event: EV_search_object
[balanced_delivery_supervisor-20] [INFO] [1789490040.247577358] [robot_2.robot_supervisor]: Selected controllable event: EV_search_color
[balanced_delivery_supervisor-20] [INFO] [1789490040.438497510] [robot_2.robot_supervisor]: Selected controllable event: EV_search_object
[balanced_delivery_supervisor-20] [INFO] [1789490040.662258994] [robot_2.robot_supervisor]: ############################# VISIBLE: EV_object_visible #############################
[balanced_delivery_supervisor-20] [INFO] [1789490040.663250394] [robot_2.robot_supervisor]: Selected controllable event: EV_search_color
[balanced_delivery_supervisor-20] [INFO] [1789490040.834501794] [robot_2.robot_supervisor]: Selected controllable event: EV_search_color
[balanced_delivery_supervisor-20] [INFO] [1789490041.048146793] [robot_2.robot_supervisor]: ############################# VISIBLE: EV_object_visible #############################
[balanced_delivery_supervisor-20] [INFO] [1789490041.060243779] [robot_2.robot_supervisor]: Selected controllable event: EV_search_object
[balanced_delivery_supervisor-22] [INFO] [1789490041.102253454] [robot_1.robot_supervisor]: FULL ROTATE completed by timeout
[balanced_delivery_supervisor-20] [INFO] [1789490041.251714435] [robot_2.robot_supervisor]: Selected controllable event: EV_approach_color
[balanced_delivery_supervisor-22] [INFO] [1789490041.312847467] [robot_1.robot_supervisor]: Triggered uncontrollable event: EV_obstacle_left
[balanced_delivery_supervisor-22] [INFO] [1789490041.313572213] [robot_1.robot_supervisor]: ############################# REACHED: EV_object_reached #############################
[balanced_delivery_supervisor-22] [INFO] [1789490041.314358806] [robot_1.robot_supervisor]: Selected controllable event: EV_u_turn
[balanced_delivery_supervisor-22] [INFO] [1789490041.402949946] [robot_1.robot_supervisor]: Triggered uncontrollable event: EV_obstacle_left
[balanced_delivery_supervisor-22] [INFO] [1789490041.409010537] [robot_1.robot_supervisor]: Selected controllable event: EV_rotate_clockwise
[balanced_delivery_supervisor-22] [WARN] [1789490041.419555192] [robot_1.robot_supervisor]: no translation for 5.3s livelock detected; starting atomic escape (turn_sign=-1)
[balanced_delivery_supervisor-20] [INFO] [1789490041.534733216] [robot_2.robot_supervisor]: Selected controllable event: EV_search_object
[color_detector-31] [INFO] [1789490041.570476954] [robot_0.target_detector]: RGB HEARTBEAT frames_total=160 recent_rate_hz=1.425 last_frame_age_s=0.509 status=OK
[color_detector-27] [INFO] [1789490041.574258673] [robot_2.target_detector]: RGB HEARTBEAT frames_total=160 recent_rate_hz=1.423 last_frame_age_s=0.576 status=OK
[color_detector-29] [INFO] [1789490041.584488915] [robot_1.target_detector]: RGB HEARTBEAT frames_total=160 recent_rate_hz=1.424 last_frame_age_s=0.590 status=OK
[balanced_delivery_supervisor-20] [INFO] [1789490041.742238823] [robot_2.robot_supervisor]: Selected controllable event: EV_approach_object
[balanced_delivery_supervisor-20] [INFO] [1789490042.045666497] [robot_2.robot_supervisor]: Triggered uncontrollable event: EV_obstacle_right
[balanced_delivery_supervisor-20] [INFO] [1789490042.046397100] [robot_2.robot_supervisor]: ############################# VISIBLE: EV_object_visible #############################
[balanced_delivery_supervisor-20] [INFO] [1789490042.047127770] [robot_2.robot_supervisor]: Selected controllable event: EV_rotate_counterclockwise
[balanced_delivery_supervisor-20] [INFO] [1789490042.253151928] [robot_2.robot_supervisor]: Triggered uncontrollable event: EV_obstacle_right
[balanced_delivery_supervisor-20] [INFO] [1789490042.263941407] [robot_2.robot_supervisor]: Selected controllable event: EV_rotate_counterclockwise
[balanced_delivery_supervisor-24] [INFO] [1789490042.430774668] [robot_0.robot_supervisor]: FULL ROTATE completed by timeout
[balanced_delivery_supervisor-20] [INFO] [1789490042.436487677] [robot_2.robot_supervisor]: Selected controllable event: EV_approach_object
[balanced_delivery_supervisor-20] [INFO] [1789490042.668901596] [robot_2.robot_supervisor]: ############################# VISIBLE: EV_object_visible #############################
[balanced_delivery_supervisor-20] [INFO] [1789490042.675741632] [robot_2.robot_supervisor]: Selected controllable event: EV_move_forward
[balanced_delivery_supervisor-24] [INFO] [1789490042.726485379] [robot_0.robot_supervisor]: ############################# REACHED: EV_object_reached #############################
[balanced_delivery_supervisor-24] [INFO] [1789490042.747356071] [robot_0.robot_supervisor]: Selected controllable event: EV_search_color
[balanced_delivery_supervisor-24] [INFO] [1789490042.934824708] [robot_0.robot_supervisor]: Selected controllable event: EV_approach_color
[balanced_delivery_supervisor-20] [INFO] [1789490042.950533454] [robot_2.robot_supervisor]: Selected controllable event: EV_approach_object
[balanced_delivery_supervisor-24] [INFO] [1789490043.218876267] [robot_0.robot_supervisor]: ############################# REACHED: EV_object_reached #############################
[balanced_delivery_supervisor-20] [INFO] [1789490043.227846091] [robot_2.robot_supervisor]: ############################# VISIBLE: EV_object_visible #############################
[balanced_delivery_supervisor-24] [INFO] [1789490043.229633577] [robot_0.robot_supervisor]: Selected controllable event: EV_approach_object
[balanced_delivery_supervisor-20] [INFO] [1789490043.234035308] [robot_2.robot_supervisor]: Selected controllable event: EV_approach_color
[balanced_delivery_supervisor-24] [INFO] [1789490043.529027991] [robot_0.robot_supervisor]: Selected controllable event: EV_search_object
[balanced_delivery_supervisor-20] [INFO] [1789490043.541672862] [robot_2.robot_supervisor]: Selected controllable event: EV_search_color
[balanced_delivery_supervisor-20] [INFO] [1789490043.736472936] [robot_2.robot_supervisor]: ############################# VISIBLE: EV_object_visible #############################
[balanced_delivery_supervisor-20] [INFO] [1789490043.737305637] [robot_2.robot_supervisor]: Selected controllable event: EV_search_color
[balanced_delivery_supervisor-24] [INFO] [1789490043.743019920] [robot_0.robot_supervisor]: Selected controllable event: EV_search_object
[balanced_delivery_supervisor-20] [INFO] [1789490043.842363172] [robot_2.robot_supervisor]: Selected controllable event: EV_search_object
[balanced_delivery_supervisor-22] [INFO] [1789490043.911286251] [robot_1.robot_supervisor]: Zone-livelock escape completed
[balanced_delivery_supervisor-24] [INFO] [1789490043.922241643] [robot_0.robot_supervisor]: ############################# REACHED: EV_object_reached #############################
[balanced_delivery_supervisor-24] [INFO] [1789490043.923151469] [robot_0.robot_supervisor]: Selected controllable event: EV_search_color
[balanced_delivery_supervisor-20] [INFO] [1789490043.945047305] [robot_2.robot_supervisor]: Selected controllable event: EV_search_color
[balanced_delivery_supervisor-24] [INFO] [1789490044.032769115] [robot_0.robot_supervisor]: Selected controllable event: EV_approach_color
[balanced_delivery_supervisor-20] [INFO] [1789490044.137726552] [robot_2.robot_supervisor]: Selected controllable event: EV_search_object
[balanced_delivery_supervisor-22] [INFO] [1789490044.224665273] [robot_1.robot_supervisor]: ############################# REACHED: EV_object_reached #############################
[balanced_delivery_supervisor-22] [INFO] [1789490044.225585723] [robot_1.robot_supervisor]: Selected controllable event: EV_search_color
[balanced_delivery_supervisor-24] [INFO] [1789490044.327513061] [robot_0.robot_supervisor]: Selected controllable event: EV_approach_color
[balanced_delivery_supervisor-20] [INFO] [1789490044.334264218] [robot_2.robot_supervisor]: Selected controllable event: EV_move_forward
[balanced_delivery_supervisor-22] [INFO] [1789490044.406443094] [robot_1.robot_supervisor]: Selected controllable event: EV_search_color
[balanced_delivery_supervisor-22] [INFO] [1789490044.515262729] [robot_1.robot_supervisor]: ############################# REACHED: EV_object_reached #############################
[balanced_delivery_supervisor-22] [INFO] [1789490044.529339009] [robot_1.robot_supervisor]: Selected controllable event: EV_search_object
[balanced_delivery_supervisor-20] [INFO] [1789490044.548906055] [robot_2.robot_supervisor]: ############################# VISIBLE: EV_object_visible #############################
[balanced_delivery_supervisor-20] [INFO] [1789490044.552087297] [robot_2.robot_supervisor]: Selected controllable event: EV_move_forward
[balanced_delivery_supervisor-24] [INFO] [1789490044.640682289] [robot_0.robot_supervisor]: ############################# REACHED: EV_object_reached #############################
[balanced_delivery_supervisor-24] [INFO] [1789490044.641574125] [robot_0.robot_supervisor]: Selected controllable event: EV_search_object
[balanced_delivery_supervisor-22] [INFO] [1789490044.708864024] [robot_1.robot_supervisor]: Selected controllable event: EV_search_color
[balanced_delivery_supervisor-24] [INFO] [1789490044.822869375] [robot_0.robot_supervisor]: Selected controllable event: EV_approach_color
[balanced_delivery_supervisor-20] [INFO] [1789490044.841568755] [robot_2.robot_supervisor]: Selected controllable event: EV_approach_color
[balanced_delivery_supervisor-22] [INFO] [1789490044.907971935] [robot_1.robot_supervisor]: Selected controllable event: EV_approach_object
[balanced_delivery_supervisor-24] [INFO] [1789490045.025576301] [robot_0.robot_supervisor]: Selected controllable event: EV_search_color
[balanced_delivery_supervisor-20] [INFO] [1789490045.051288188] [robot_2.robot_supervisor]: Selected controllable event: EV_move_forward
[balanced_delivery_supervisor-22] [INFO] [1789490045.204547685] [robot_1.robot_supervisor]: ############################# REACHED: EV_object_reached #############################
[balanced_delivery_supervisor-22] [INFO] [1789490045.210748048] [robot_1.robot_supervisor]: Selected controllable event: EV_search_object
[balanced_delivery_supervisor-24] [INFO] [1789490045.215829756] [robot_0.robot_supervisor]: ############################# REACHED: EV_object_reached #############################
[balanced_delivery_supervisor-24] [INFO] [1789490045.223435827] [robot_0.robot_supervisor]: Selected controllable event: EV_approach_color
[balanced_delivery_supervisor-20] [INFO] [1789490045.331259062] [robot_2.robot_supervisor]: ############################# VISIBLE: EV_object_visible #############################
[balanced_delivery_supervisor-20] [INFO] [1789490045.332106431] [robot_2.robot_supervisor]: Selected controllable event: EV_approach_object
[balanced_delivery_supervisor-22] [INFO] [1789490045.403383298] [robot_1.robot_supervisor]: Selected controllable event: EV_approach_color
[balanced_delivery_supervisor-24] [INFO] [1789490045.534741739] [robot_0.robot_supervisor]: Selected controllable event: EV_search_object
[balanced_delivery_supervisor-22] [INFO] [1789490045.616558863] [robot_1.robot_supervisor]: Selected controllable event: EV_move_forward
[balanced_delivery_supervisor-20] [INFO] [1789490045.629945603] [robot_2.robot_supervisor]: Selected controllable event: EV_search_object
[balanced_delivery_supervisor-24] [INFO] [1789490045.716253037] [robot_0.robot_supervisor]: Selected controllable event: EV_move_forward
[balanced_delivery_supervisor-20] [INFO] [1789490045.741464310] [robot_2.robot_supervisor]: Selected controllable event: EV_approach_color
[balanced_delivery_supervisor-22] [INFO] [1789490045.912281239] [robot_1.robot_supervisor]: ############################# REACHED: EV_object_reached #############################
[balanced_delivery_supervisor-22] [INFO] [1789490045.913116440] [robot_1.robot_supervisor]: Selected controllable event: EV_approach_color
[balanced_delivery_supervisor-24] [INFO] [1789490045.926433649] [robot_0.robot_supervisor]: ############################# REACHED: EV_object_reached #############################
[balanced_delivery_supervisor-24] [INFO] [1789490045.927321013] [robot_0.robot_supervisor]: Selected controllable event: EV_search_object
[balanced_delivery_supervisor-24] [INFO] [1789490046.029035766] [robot_0.robot_supervisor]: Selected controllable event: EV_move_forward
[balanced_delivery_supervisor-20] [INFO] [1789490046.029339991] [robot_2.robot_supervisor]: ############################# VISIBLE: EV_object_visible #############################
[balanced_delivery_supervisor-20] [INFO] [1789490046.030189204] [robot_2.robot_supervisor]: Selected controllable event: EV_search_object
[balanced_delivery_supervisor-20] [INFO] [1789490046.134959491] [robot_2.robot_supervisor]: Selected controllable event: EV_move_forward
[balanced_delivery_supervisor-22] [INFO] [1789490046.208134066] [robot_1.robot_supervisor]: Selected controllable event: EV_search_object
[balanced_delivery_supervisor-24] [INFO] [1789490046.333220271] [robot_0.robot_supervisor]: Selected controllable event: EV_move_forward
[balanced_delivery_supervisor-22] [INFO] [1789490046.420762122] [robot_1.robot_supervisor]: Selected controllable event: EV_search_object
[balanced_delivery_supervisor-20] [INFO] [1789490046.441486244] [robot_2.robot_supervisor]: Selected controllable event: EV_move_forward
[balanced_delivery_supervisor-22] [INFO] [1789490046.611521491] [robot_1.robot_supervisor]: ############################# REACHED: EV_object_reached #############################
[balanced_delivery_supervisor-22] [INFO] [1789490046.615669791] [robot_1.robot_supervisor]: Selected controllable event: EV_search_object
[balanced_delivery_supervisor-24] [INFO] [1789490046.623527744] [robot_0.robot_supervisor]: Triggered uncontrollable event: EV_object_not_visible
[balanced_delivery_supervisor-24] [INFO] [1789490046.637375527] [robot_0.robot_supervisor]: Selected controllable event: EV_search_object
[balanced_delivery_supervisor-20] [INFO] [1789490046.742412330] [robot_2.robot_supervisor]: ############################# VISIBLE: EV_object_visible #############################
[balanced_delivery_supervisor-20] [INFO] [1789490046.743231218] [robot_2.robot_supervisor]: Selected controllable event: EV_approach_color
[balanced_delivery_supervisor-22] [INFO] [1789490046.812886865] [robot_1.robot_supervisor]: Selected controllable event: EV_approach_object
[balanced_delivery_supervisor-24] [INFO] [1789490046.825953752] [robot_0.robot_supervisor]: Selected controllable event: EV_approach_object
[balanced_delivery_supervisor-20] [INFO] [1789490047.037537282] [robot_2.robot_supervisor]: Selected controllable event: EV_move_forward
[balanced_delivery_supervisor-22] [INFO] [1789490047.111229245] [robot_1.robot_supervisor]: Triggered uncontrollable event: EV_obstacle_right
[balanced_delivery_supervisor-22] [INFO] [1789490047.117238855] [robot_1.robot_supervisor]: Selected controllable event: EV_rotate_counterclockwise
[balanced_delivery_supervisor-24] [INFO] [1789490047.128082583] [robot_0.robot_supervisor]: Selected controllable event: EV_move_forward
[balanced_delivery_supervisor-20] [INFO] [1789490047.245558090] [robot_2.robot_supervisor]: Triggered uncontrollable event: EV_object_not_visible
[balanced_delivery_supervisor-20] [INFO] [1789490047.247402463] [robot_2.robot_supervisor]: Selected controllable event: EV_approach_color
[balanced_delivery_supervisor-22] [INFO] [1789490047.316227053] [robot_1.robot_supervisor]: Triggered uncontrollable event: EV_obstacle_right
[balanced_delivery_supervisor-22] [INFO] [1789490047.322283512] [robot_1.robot_supervisor]: ############################# REACHED: EV_object_reached #############################
[balanced_delivery_supervisor-22] [INFO] [1789490047.334056067] [robot_1.robot_supervisor]: Selected controllable event: EV_rotate_counterclockwise
[balanced_delivery_supervisor-24] [INFO] [1789490047.417304324] [robot_0.robot_supervisor]: Triggered uncontrollable event: EV_object_not_visible
[balanced_delivery_supervisor-24] [INFO] [1789490047.422584244] [robot_0.robot_supervisor]: Selected controllable event: EV_search_object
[balanced_delivery_supervisor-22] [INFO] [1789490047.510607911] [robot_1.robot_supervisor]: Triggered uncontrollable event: EV_obstacle_right
[balanced_delivery_supervisor-22] [INFO] [1789490047.519803672] [robot_1.robot_supervisor]: Selected controllable event: EV_u_turn
[balanced_delivery_supervisor-22] [INFO] [1789490047.520565995] [robot_1.robot_supervisor]: Starting FULL ROTATE (omega=1.000, have_odom=True, target_rad=3.142, timeout_s=3.500)
[balanced_delivery_supervisor-20] [INFO] [1789490047.537081452] [robot_2.robot_supervisor]: Selected controllable event: EV_approach_color
[balanced_delivery_supervisor-24] [INFO] [1789490047.542086975] [robot_0.robot_supervisor]: Selected controllable event: EV_move_forward
[balanced_delivery_supervisor-24] [INFO] [1789490047.839537112] [robot_0.robot_supervisor]: Selected controllable event: EV_search_object
[balanced_delivery_supervisor-20] [INFO] [1789490047.856250962] [robot_2.robot_supervisor]: Selected controllable event: EV_approach_color
[balanced_delivery_supervisor-24] [INFO] [1789490048.026670148] [robot_0.robot_supervisor]: Selected controllable event: EV_approach_color
[balanced_delivery_supervisor-20] [INFO] [1789490048.153375184] [robot_2.robot_supervisor]: Triggered uncontrollable event: EV_object_not_visible
[balanced_delivery_supervisor-20] [INFO] [1789490048.158157734] [robot_2.robot_supervisor]: Selected controllable event: EV_move_forward
[color_detector-29] [INFO] [1789490048.340419329] [robot_1.target_detector]: RGB HEARTBEAT frames_total=170 recent_rate_hz=1.477 last_frame_age_s=0.486 status=OK
[color_detector-31] [INFO] [1789490048.343290943] [robot_0.target_detector]: RGB HEARTBEAT frames_total=170 recent_rate_hz=1.477 last_frame_age_s=0.328 status=OK
[balanced_delivery_supervisor-24] [INFO] [1789490048.345984939] [robot_0.robot_supervisor]: Triggered uncontrollable event: EV_object_not_visible
[balanced_delivery_supervisor-24] [INFO] [1789490048.346750099] [robot_0.robot_supervisor]: Selected controllable event: EV_move_forward
[color_detector-27] [INFO] [1789490048.348246794] [robot_2.target_detector]: RGB HEARTBEAT frames_total=170 recent_rate_hz=1.476 last_frame_age_s=0.419 status=OK
[balanced_delivery_supervisor-20] [INFO] [1789490048.446195335] [robot_2.robot_supervisor]: Selected controllable event: EV_move_forward
[balanced_delivery_supervisor-24] [INFO] [1789490048.613008570] [robot_0.robot_supervisor]: Triggered uncontrollable event: EV_object_not_visible
[balanced_delivery_supervisor-24] [INFO] [1789490048.613770172] [robot_0.robot_supervisor]: Selected controllable event: EV_move_forward
[balanced_delivery_supervisor-20] [INFO] [1789490048.742356849] [robot_2.robot_supervisor]: Triggered uncontrollable event: EV_obstacle_front
[balanced_delivery_supervisor-20] [INFO] [1789490048.742981129] [robot_2.robot_supervisor]: Triggered uncontrollable event: EV_object_not_visible
[balanced_delivery_supervisor-20] [INFO] [1789490048.743836329] [robot_2.robot_supervisor]: Selected controllable event: EV_rotate_clockwise
[balanced_delivery_supervisor-24] [INFO] [1789490048.830893488] [robot_0.robot_supervisor]: Selected controllable event: EV_search_object
[balanced_delivery_supervisor-20] [INFO] [1789490048.933724611] [robot_2.robot_supervisor]: Triggered uncontrollable event: EV_obstacle_front
[balanced_delivery_supervisor-20] [INFO] [1789490048.934649947] [robot_2.robot_supervisor]: Selected controllable event: EV_move_backward
[balanced_delivery_supervisor-24] [INFO] [1789490049.023330090] [robot_0.robot_supervisor]: Selected controllable event: EV_search_object
[balanced_delivery_supervisor-24] [INFO] [1789490049.140424395] [robot_0.robot_supervisor]: Selected controllable event: EV_search_object
[balanced_delivery_supervisor-20] [INFO] [1789490049.244768085] [robot_2.robot_supervisor]: Triggered uncontrollable event: EV_obstacle_front
[balanced_delivery_supervisor-20] [INFO] [1789490049.245429107] [robot_2.robot_supervisor]: Triggered uncontrollable event: EV_object_not_visible
[balanced_delivery_supervisor-20] [INFO] [1789490049.246223785] [robot_2.robot_supervisor]: Selected controllable event: EV_rotate_counterclockwise
[balanced_delivery_supervisor-24] [INFO] [1789490049.323307484] [robot_0.robot_supervisor]: Triggered uncontrollable event: EV_obstacle_left
[balanced_delivery_supervisor-24] [INFO] [1789490049.324017205] [robot_0.robot_supervisor]: Triggered uncontrollable event: EV_object_not_visible
[balanced_delivery_supervisor-24] [INFO] [1789490049.324691007] [robot_0.robot_supervisor]: Selected controllable event: EV_u_turn
[balanced_delivery_supervisor-24] [INFO] [1789490049.337623775] [robot_0.robot_supervisor]: Starting FULL ROTATE (omega=1.000, have_odom=True, target_rad=3.142, timeout_s=3.500)
[balanced_delivery_supervisor-20] [INFO] [1789490049.434904038] [robot_2.robot_supervisor]: Triggered uncontrollable event: EV_obstacle_front
[balanced_delivery_supervisor-20] [INFO] [1789490049.440398334] [robot_2.robot_supervisor]: Selected controllable event: EV_rotate_clockwise
[balanced_delivery_supervisor-20] [INFO] [1789490049.625331010] [robot_2.robot_supervisor]: Triggered uncontrollable event: EV_obstacle_front
[balanced_delivery_supervisor-20] [INFO] [1789490049.626120219] [robot_2.robot_supervisor]: Selected controllable event: EV_move_backward
[balanced_delivery_supervisor-20] [INFO] [1789490049.839235410] [robot_2.robot_supervisor]: Triggered uncontrollable event: EV_obstacle_front
[balanced_delivery_supervisor-20] [INFO] [1789490049.840046620] [robot_2.robot_supervisor]: Selected controllable event: EV_u_turn
[balanced_delivery_supervisor-20] [INFO] [1789490049.840825818] [robot_2.robot_supervisor]: Starting FULL ROTATE (omega=1.000, have_odom=True, target_rad=3.142, timeout_s=3.500)
[balanced_delivery_supervisor-22] [INFO] [1789490051.109182126] [robot_1.robot_supervisor]: FULL ROTATE completed by timeout
[balanced_delivery_supervisor-22] [INFO] [1789490051.312080156] [robot_1.robot_supervisor]: Triggered uncontrollable event: EV_obstacle_left
[balanced_delivery_supervisor-22] [INFO] [1789490051.320655972] [robot_1.robot_supervisor]: ############################# REACHED: EV_object_reached #############################
[balanced_delivery_supervisor-22] [INFO] [1789490051.321547057] [robot_1.robot_supervisor]: Selected controllable event: EV_u_turn
[balanced_delivery_supervisor-22] [INFO] [1789490051.427467816] [robot_1.robot_supervisor]: Triggered uncontrollable event: EV_obstacle_left
[balanced_delivery_supervisor-22] [INFO] [1789490051.428883153] [robot_1.robot_supervisor]: Selected controllable event: EV_u_turn
[balanced_delivery_supervisor-22] [INFO] [1789490051.501646443] [robot_1.robot_supervisor]: Triggered uncontrollable event: EV_obstacle_left
[balanced_delivery_supervisor-22] [INFO] [1789490051.511430544] [robot_1.robot_supervisor]: Selected controllable event: EV_rotate_clockwise
[balanced_delivery_supervisor-22] [WARN] [1789490051.512240989] [robot_1.robot_supervisor]: no translation for 5.1s livelock detected; starting atomic escape (turn_sign=-1)
[balanced_delivery_supervisor-24] [INFO] [1789490052.928702338] [robot_0.robot_supervisor]: FULL ROTATE completed by timeout
[balanced_delivery_supervisor-24] [INFO] [1789490053.117588174] [robot_0.robot_supervisor]: ############################# VISIBLE: EV_object_visible #############################
[balanced_delivery_supervisor-24] [INFO] [1789490053.118422236] [robot_0.robot_supervisor]: Selected controllable event: EV_move_forward
[balanced_delivery_supervisor-24] [INFO] [1789490053.418528067] [robot_0.robot_supervisor]: Selected controllable event: EV_search_color
[balanced_delivery_supervisor-20] [INFO] [1789490053.431522559] [robot_2.robot_supervisor]: FULL ROTATE completed by timeout
[balanced_delivery_supervisor-22] [INFO] [1789490053.558496232] [robot_1.robot_supervisor]: CONTACT RECOVERY activated (source=generic_delivery_box_2::link::collision, duration_s=1.00)
[bump_counter-5] [INFO] [1789490053.564318681] [bump_counter]: [global] bump #1 (obstacle) with: generic_delivery_box_2::link::collision
[balanced_delivery_supervisor-24] [INFO] [1789490053.615496280] [robot_0.robot_supervisor]: ############################# VISIBLE: EV_object_visible #############################
[balanced_delivery_supervisor-24] [INFO] [1789490053.616315547] [robot_0.robot_supervisor]: Selected controllable event: EV_search_color
[balanced_delivery_supervisor-20] [INFO] [1789490053.631923079] [robot_2.robot_supervisor]: ############################# VISIBLE: EV_object_visible #############################
[balanced_delivery_supervisor-20] [INFO] [1789490053.632804946] [robot_2.robot_supervisor]: Selected controllable event: EV_approach_object
[balanced_delivery_supervisor-24] [INFO] [1789490053.832847162] [robot_0.robot_supervisor]: Selected controllable event: EV_approach_object
[balanced_delivery_supervisor-20] [INFO] [1789490053.835331774] [robot_2.robot_supervisor]: Selected controllable event: EV_approach_object
[balanced_delivery_supervisor-24] [INFO] [1789490054.124170125] [robot_0.robot_supervisor]: ############################# VISIBLE: EV_object_visible #############################
[balanced_delivery_supervisor-24] [INFO] [1789490054.124990331] [robot_0.robot_supervisor]: Selected controllable event: EV_search_object
[balanced_delivery_supervisor-20] [INFO] [1789490054.135107503] [robot_2.robot_supervisor]: ############################# VISIBLE: EV_object_visible #############################
[balanced_delivery_supervisor-20] [INFO] [1789490054.137167742] [robot_2.robot_supervisor]: Selected controllable event: EV_approach_object
[balanced_delivery_supervisor-24] [INFO] [1789490054.321064122] [robot_0.robot_supervisor]: Selected controllable event: EV_search_object
[balanced_delivery_supervisor-20] [INFO] [1789490054.347303875] [robot_2.robot_supervisor]: Selected controllable event: EV_approach_object
[balanced_delivery_supervisor-24] [INFO] [1789490054.436441162] [robot_0.robot_supervisor]: Selected controllable event: EV_search_object
[balanced_delivery_supervisor-22] [INFO] [1789490054.603283836] [robot_1.robot_supervisor]: Zone-livelock escape completed
[balanced_delivery_supervisor-20] [INFO] [1789490054.635827089] [robot_2.robot_supervisor]: Selected controllable event: EV_move_forward
[balanced_delivery_supervisor-24] [INFO] [1789490054.637221815] [robot_0.robot_supervisor]: Selected controllable event: EV_search_color
[balanced_delivery_supervisor-24] [INFO] [1789490054.839798459] [robot_0.robot_supervisor]: ############################# VISIBLE: EV_object_visible #############################
[balanced_delivery_supervisor-24] [INFO] [1789490054.848030454] [robot_0.robot_supervisor]: Selected controllable event: EV_approach_color
[balanced_delivery_supervisor-22] [INFO] [1789490054.913180951] [robot_1.robot_supervisor]: ############################# REACHED: EV_object_reached #############################
[balanced_delivery_supervisor-22] [INFO] [1789490054.917348901] [robot_1.robot_supervisor]: Selected controllable event: EV_search_object
[balanced_delivery_supervisor-20] [INFO] [1789490054.938168799] [robot_2.robot_supervisor]: ############################# VISIBLE: EV_object_visible #############################
[balanced_delivery_supervisor-20] [INFO] [1789490054.938993689] [robot_2.robot_supervisor]: Selected controllable event: EV_search_color
[balanced_delivery_supervisor-22] [INFO] [1789490055.115490736] [robot_1.robot_supervisor]: Selected controllable event: EV_approach_color
[balanced_delivery_supervisor-24] [INFO] [1789490055.118325652] [robot_0.robot_supervisor]: Selected controllable event: EV_search_object
[balanced_delivery_supervisor-20] [INFO] [1789490055.128832254] [robot_2.robot_supervisor]: Selected controllable event: EV_approach_color
[color_detector-31] [INFO] [1789490055.194949569] [robot_0.target_detector]: RGB HEARTBEAT frames_total=180 recent_rate_hz=1.459 last_frame_age_s=0.509 status=OK
[color_detector-29] [INFO] [1789490055.203724877] [robot_1.target_detector]: RGB HEARTBEAT frames_total=180 recent_rate_hz=1.457 last_frame_age_s=0.679 status=OK
[color_detector-27] [INFO] [1789490055.233167048] [robot_2.target_detector]: RGB HEARTBEAT frames_total=180 recent_rate_hz=1.455 last_frame_age_s=0.627 status=OK
[balanced_delivery_supervisor-24] [INFO] [1789490055.328367448] [robot_0.robot_supervisor]: Selected controllable event: EV_search_object
[balanced_delivery_supervisor-22] [INFO] [1789490055.400898766] [robot_1.robot_supervisor]: Triggered uncontrollable event: EV_obstacle_right
[balanced_delivery_supervisor-22] [INFO] [1789490055.416586765] [robot_1.robot_supervisor]: ############################# REACHED: EV_object_reached #############################
[balanced_delivery_supervisor-22] [INFO] [1789490055.417434472] [robot_1.robot_supervisor]: Selected controllable event: EV_rotate_counterclockwise
[balanced_delivery_supervisor-20] [INFO] [1789490055.432699277] [robot_2.robot_supervisor]: ############################# VISIBLE: EV_object_visible #############################
[balanced_delivery_supervisor-20] [INFO] [1789490055.433642792] [robot_2.robot_supervisor]: Selected controllable event: EV_search_object
[balanced_delivery_supervisor-24] [INFO] [1789490055.534716453] [robot_0.robot_supervisor]: ############################# VISIBLE: EV_object_visible #############################
[balanced_delivery_supervisor-24] [INFO] [1789490055.535635295] [robot_0.robot_supervisor]: Selected controllable event: EV_approach_color
[bump_counter-5] [INFO] [1789490055.542540961] [bump_counter]: [global] bump #2 (obstacle) with: generic_delivery_box_2::link::collision
[balanced_delivery_supervisor-22] [INFO] [1789490055.548811842] [robot_1.robot_supervisor]: CONTACT RECOVERY activated (source=generic_delivery_box_2::link::collision, duration_s=1.00)
[balanced_delivery_supervisor-20] [INFO] [1789490055.643220304] [robot_2.robot_supervisor]: Selected controllable event: EV_move_forward
[balanced_delivery_supervisor-24] [INFO] [1789490055.824078516] [robot_0.robot_supervisor]: Selected controllable event: EV_approach_color
[balanced_delivery_supervisor-20] [INFO] [1789490055.943572568] [robot_2.robot_supervisor]: Selected controllable event: EV_approach_color
[balanced_delivery_supervisor-24] [INFO] [1789490056.048094539] [robot_0.robot_supervisor]: Selected controllable event: EV_search_object
[balanced_delivery_supervisor-24] [INFO] [1789490056.230673963] [robot_0.robot_supervisor]: Selected controllable event: EV_search_object
[balanced_delivery_supervisor-20] [INFO] [1789490056.233890309] [robot_2.robot_supervisor]: ############################# VISIBLE: EV_object_visible #############################
[balanced_delivery_supervisor-20] [INFO] [1789490056.234692375] [robot_2.robot_supervisor]: Selected controllable event: EV_approach_color
[balanced_delivery_supervisor-24] [INFO] [1789490056.333095430] [robot_0.robot_supervisor]: ############################# VISIBLE: EV_object_visible #############################
[balanced_delivery_supervisor-24] [INFO] [1789490056.352567932] [robot_0.robot_supervisor]: Selected controllable event: EV_approach_color
[balanced_delivery_supervisor-20] [INFO] [1789490056.440972523] [robot_2.robot_supervisor]: Selected controllable event: EV_approach_object
[balanced_delivery_supervisor-22] [INFO] [1789490056.603380775] [robot_1.robot_supervisor]: Triggered uncontrollable event: EV_obstacle_right
[balanced_delivery_supervisor-22] [INFO] [1789490056.610800394] [robot_1.robot_supervisor]: ############################# REACHED: EV_object_reached #############################
[balanced_delivery_supervisor-22] [INFO] [1789490056.612470347] [robot_1.robot_supervisor]: Selected controllable event: EV_u_turn
[balanced_delivery_supervisor-22] [INFO] [1789490056.620654086] [robot_1.robot_supervisor]: Starting FULL ROTATE (omega=1.000, have_odom=True, target_rad=3.142, timeout_s=3.500)
[balanced_delivery_supervisor-24] [INFO] [1789490056.623895687] [robot_0.robot_supervisor]: Selected controllable event: EV_approach_color
[balanced_delivery_supervisor-20] [INFO] [1789490056.747886875] [robot_2.robot_supervisor]: Selected controllable event: EV_move_forward
[balanced_delivery_supervisor-24] [INFO] [1789490056.935717308] [robot_0.robot_supervisor]: Selected controllable event: EV_search_object
[balanced_delivery_supervisor-20] [INFO] [1789490057.039300773] [robot_2.robot_supervisor]: ############################# VISIBLE: EV_object_visible #############################
[balanced_delivery_supervisor-20] [INFO] [1789490057.053584319] [robot_2.robot_supervisor]: Selected controllable event: EV_approach_color
[balanced_delivery_supervisor-24] [INFO] [1789490057.113624189] [robot_0.robot_supervisor]: ############################# VISIBLE: EV_object_visible #############################
[balanced_delivery_supervisor-24] [INFO] [1789490057.126974185] [robot_0.robot_supervisor]: Selected controllable event: EV_approach_color
[balanced_delivery_supervisor-20] [INFO] [1789490057.335207075] [robot_2.robot_supervisor]: Selected controllable event: EV_move_forward
[balanced_delivery_supervisor-24] [INFO] [1789490057.414154913] [robot_0.robot_supervisor]: Selected controllable event: EV_move_forward
[balanced_delivery_supervisor-24] [INFO] [1789490057.621068058] [robot_0.robot_supervisor]: ############################# VISIBLE: EV_object_visible #############################
[balanced_delivery_supervisor-20] [INFO] [1789490057.628895965] [robot_2.robot_supervisor]: ############################# VISIBLE: EV_object_visible #############################
[balanced_delivery_supervisor-20] [INFO] [1789490057.631437086] [robot_2.robot_supervisor]: Selected controllable event: EV_approach_color
[balanced_delivery_supervisor-24] [INFO] [1789490057.635951355] [robot_0.robot_supervisor]: Selected controllable event: EV_search_object
[balanced_delivery_supervisor-24] [INFO] [1789490057.823481410] [robot_0.robot_supervisor]: Selected controllable event: EV_search_color
[balanced_delivery_supervisor-20] [INFO] [1789490057.836629616] [robot_2.robot_supervisor]: Selected controllable event: EV_search_color
[balanced_delivery_supervisor-20] [INFO] [1789490057.944262406] [robot_2.robot_supervisor]: Selected controllable event: EV_approach_color
[balanced_delivery_supervisor-24] [INFO] [1789490058.024292382] [robot_0.robot_supervisor]: Selected controllable event: EV_search_object
[balanced_delivery_supervisor-24] [INFO] [1789490058.226739757] [robot_0.robot_supervisor]: Selected controllable event: EV_move_forward
[balanced_delivery_supervisor-20] [INFO] [1789490058.238661575] [robot_2.robot_supervisor]: ############################# VISIBLE: EV_object_visible #############################
[balanced_delivery_supervisor-20] [INFO] [1789490058.239473708] [robot_2.robot_supervisor]: Selected controllable event: EV_search_color
[balanced_delivery_supervisor-20] [INFO] [1789490058.428547766] [robot_2.robot_supervisor]: Selected controllable event: EV_approach_color
[balanced_delivery_supervisor-24] [INFO] [1789490058.526150157] [robot_0.robot_supervisor]: ############################# VISIBLE: EV_object_visible #############################
[balanced_delivery_supervisor-24] [INFO] [1789490058.530657923] [robot_0.robot_supervisor]: Selected controllable event: EV_search_object
[balanced_delivery_supervisor-24] [INFO] [1789490058.713671802] [robot_0.robot_supervisor]: Selected controllable event: EV_move_forward
[balanced_delivery_supervisor-20] [INFO] [1789490058.756820638] [robot_2.robot_supervisor]: Selected controllable event: EV_approach_color
[balanced_delivery_supervisor-24] [INFO] [1789490058.935515580] [robot_0.robot_supervisor]: Triggered uncontrollable event: EV_obstacle_right
[balanced_delivery_supervisor-24] [INFO] [1789490058.943169548] [robot_0.robot_supervisor]: Selected controllable event: EV_u_turn
[balanced_delivery_supervisor-24] [INFO] [1789490058.953024821] [robot_0.robot_supervisor]: Starting FULL ROTATE (omega=1.000, have_odom=True, target_rad=3.142, timeout_s=3.500)
[balanced_delivery_supervisor-20] [INFO] [1789490059.027720528] [robot_2.robot_supervisor]: ############################# VISIBLE: EV_object_visible #############################
[balanced_delivery_supervisor-20] [INFO] [1789490059.028663557] [robot_2.robot_supervisor]: Selected controllable event: EV_move_forward
[balanced_delivery_supervisor-20] [INFO] [1789490059.235994420] [robot_2.robot_supervisor]: Selected controllable event: EV_move_forward
[balanced_delivery_supervisor-20] [INFO] [1789490059.549814353] [robot_2.robot_supervisor]: Selected controllable event: EV_approach_object
[balanced_delivery_supervisor-20] [INFO] [1789490059.847470421] [robot_2.robot_supervisor]: ############################# VISIBLE: EV_object_visible #############################
[balanced_delivery_supervisor-20] [INFO] [1789490059.860994308] [robot_2.robot_supervisor]: Selected controllable event: EV_move_forward
[balanced_delivery_supervisor-22] [INFO] [1789490060.122538795] [robot_1.robot_supervisor]: FULL ROTATE completed by timeout
[balanced_delivery_supervisor-20] [INFO] [1789490060.145986487] [robot_2.robot_supervisor]: Selected controllable event: EV_search_color
[balanced_delivery_supervisor-20] [INFO] [1789490060.333608284] [robot_2.robot_supervisor]: ############################# VISIBLE: EV_object_visible #############################
[balanced_delivery_supervisor-20] [INFO] [1789490060.334513997] [robot_2.robot_supervisor]: Selected controllable event: EV_search_object
[balanced_delivery_supervisor-22] [INFO] [1789490060.403318491] [robot_1.robot_supervisor]: ############################# REACHED: EV_object_reached #############################
[balanced_delivery_supervisor-22] [INFO] [1789490060.408392421] [robot_1.robot_supervisor]: Selected controllable event: EV_search_object
[balanced_delivery_supervisor-20] [INFO] [1789490060.527217566] [robot_2.robot_supervisor]: Selected controllable event: EV_approach_object
[balanced_delivery_supervisor-22] [INFO] [1789490060.604389408] [robot_1.robot_supervisor]: Selected controllable event: EV_approach_object
[balanced_delivery_supervisor-20] [INFO] [1789490060.845871923] [robot_2.robot_supervisor]: Selected controllable event: EV_approach_object
[balanced_delivery_supervisor-22] [INFO] [1789490060.911668483] [robot_1.robot_supervisor]: Triggered uncontrollable event: EV_obstacle_right
[balanced_delivery_supervisor-22] [INFO] [1789490060.912350928] [robot_1.robot_supervisor]: ############################# REACHED: EV_object_reached #############################
[balanced_delivery_supervisor-22] [INFO] [1789490060.913158512] [robot_1.robot_supervisor]: Selected controllable event: EV_rotate_counterclockwise
[balanced_delivery_supervisor-22] [INFO] [1789490061.105906976] [robot_1.robot_supervisor]: Triggered uncontrollable event: EV_obstacle_right
[balanced_delivery_supervisor-22] [INFO] [1789490061.106797947] [robot_1.robot_supervisor]: Selected controllable event: EV_u_turn
[balanced_delivery_supervisor-20] [INFO] [1789490061.145815598] [robot_2.robot_supervisor]: ############################# VISIBLE: EV_object_visible #############################
[balanced_delivery_supervisor-20] [INFO] [1789490061.155437020] [robot_2.robot_supervisor]: Selected controllable event: EV_approach_object
[balanced_delivery_supervisor-22] [INFO] [1789490061.215015681] [robot_1.robot_supervisor]: Triggered uncontrollable event: EV_obstacle_right
[balanced_delivery_supervisor-22] [INFO] [1789490061.223374356] [robot_1.robot_supervisor]: Selected controllable event: EV_u_turn
[balanced_delivery_supervisor-22] [INFO] [1789490061.311784749] [robot_1.robot_supervisor]: Triggered uncontrollable event: EV_obstacle_right
[balanced_delivery_supervisor-22] [INFO] [1789490061.315908276] [robot_1.robot_supervisor]: Selected controllable event: EV_u_turn
[balanced_delivery_supervisor-22] [INFO] [1789490061.410271870] [robot_1.robot_supervisor]: Triggered uncontrollable event: EV_obstacle_right
[balanced_delivery_supervisor-22] [INFO] [1789490061.417004008] [robot_1.robot_supervisor]: Selected controllable event: EV_u_turn
[balanced_delivery_supervisor-20] [INFO] [1789490061.448715239] [robot_2.robot_supervisor]: Selected controllable event: EV_move_forward
[balanced_delivery_supervisor-22] [INFO] [1789490061.512073061] [robot_1.robot_supervisor]: Triggered uncontrollable event: EV_obstacle_right
[balanced_delivery_supervisor-22] [INFO] [1789490061.512923210] [robot_1.robot_supervisor]: Selected controllable event: EV_rotate_counterclockwise
[balanced_delivery_supervisor-22] [INFO] [1789490061.623196646] [robot_1.robot_supervisor]: Triggered uncontrollable event: EV_obstacle_right
[balanced_delivery_supervisor-22] [INFO] [1789490061.633719953] [robot_1.robot_supervisor]: Selected controllable event: EV_rotate_counterclockwise
[balanced_delivery_supervisor-20] [INFO] [1789490061.726647155] [robot_2.robot_supervisor]: ############################# VISIBLE: EV_object_visible #############################
[balanced_delivery_supervisor-20] [INFO] [1789490061.731826131] [robot_2.robot_supervisor]: Selected controllable event: EV_approach_color
[balanced_delivery_supervisor-22] [INFO] [1789490061.819898023] [robot_1.robot_supervisor]: Triggered uncontrollable event: EV_obstacle_right
[balanced_delivery_supervisor-22] [INFO] [1789490061.828659137] [robot_1.robot_supervisor]: ############################# REACHED: EV_object_reached #############################
[balanced_delivery_supervisor-22] [INFO] [1789490061.829590400] [robot_1.robot_supervisor]: Selected controllable event: EV_u_turn
[balanced_delivery_supervisor-22] [INFO] [1789490061.918831152] [robot_1.robot_supervisor]: Triggered uncontrollable event: EV_obstacle_right
[balanced_delivery_supervisor-22] [INFO] [1789490061.925828283] [robot_1.robot_supervisor]: Selected controllable event: EV_u_turn
[balanced_delivery_supervisor-22] [INFO] [1789490062.006464852] [robot_1.robot_supervisor]: Triggered uncontrollable event: EV_obstacle_right
[balanced_delivery_supervisor-22] [INFO] [1789490062.008084398] [robot_1.robot_supervisor]: Selected controllable event: EV_u_turn
[balanced_delivery_supervisor-20] [INFO] [1789490062.039804134] [robot_2.robot_supervisor]: Selected controllable event: EV_move_forward
[balanced_delivery_supervisor-22] [INFO] [1789490062.110880855] [robot_1.robot_supervisor]: Triggered uncontrollable event: EV_obstacle_right
[balanced_delivery_supervisor-22] [INFO] [1789490062.118617878] [robot_1.robot_supervisor]: Selected controllable event: EV_rotate_counterclockwise
[color_detector-29] [INFO] [1789490062.178752250] [robot_1.target_detector]: RGB HEARTBEAT frames_total=190 recent_rate_hz=1.434 last_frame_age_s=0.624 status=OK
[color_detector-27] [INFO] [1789490062.181799138] [robot_2.target_detector]: RGB HEARTBEAT frames_total=190 recent_rate_hz=1.436 last_frame_age_s=0.575 status=OK
[color_detector-31] [INFO] [1789490062.212044469] [robot_0.target_detector]: RGB HEARTBEAT frames_total=190 recent_rate_hz=1.432 last_frame_age_s=0.549 status=OK
[balanced_delivery_supervisor-22] [INFO] [1789490062.238658930] [robot_1.robot_supervisor]: Triggered uncontrollable event: EV_obstacle_right
[balanced_delivery_supervisor-22] [INFO] [1789490062.239510239] [robot_1.robot_supervisor]: Selected controllable event: EV_u_turn
[balanced_delivery_supervisor-22] [INFO] [1789490062.309578062] [robot_1.robot_supervisor]: Triggered uncontrollable event: EV_obstacle_right
[balanced_delivery_supervisor-20] [INFO] [1789490062.326397628] [robot_2.robot_supervisor]: Selected controllable event: EV_search_color
[balanced_delivery_supervisor-22] [INFO] [1789490062.328078025] [robot_1.robot_supervisor]: Selected controllable event: EV_rotate_counterclockwise
[balanced_delivery_supervisor-22] [INFO] [1789490062.508946525] [robot_1.robot_supervisor]: Triggered uncontrollable event: EV_obstacle_right
[balanced_delivery_supervisor-22] [INFO] [1789490062.509595421] [robot_1.robot_supervisor]: ############################# REACHED: EV_object_reached #############################
[balanced_delivery_supervisor-22] [INFO] [1789490062.516613535] [robot_1.robot_supervisor]: Selected controllable event: EV_u_turn
[balanced_delivery_supervisor-24] [INFO] [1789490062.521800596] [robot_0.robot_supervisor]: FULL ROTATE completed by timeout
[balanced_delivery_supervisor-20] [INFO] [1789490062.542498791] [robot_2.robot_supervisor]: ############################# VISIBLE: EV_object_visible #############################
[balanced_delivery_supervisor-20] [INFO] [1789490062.552749765] [robot_2.robot_supervisor]: Selected controllable event: EV_move_forward
[balanced_delivery_supervisor-22] [INFO] [1789490062.626001735] [robot_1.robot_supervisor]: Triggered uncontrollable event: EV_obstacle_right
[balanced_delivery_supervisor-22] [INFO] [1789490062.629295605] [robot_1.robot_supervisor]: Selected controllable event: EV_rotate_counterclockwise
[balanced_delivery_supervisor-22] [INFO] [1789490062.815115242] [robot_1.robot_supervisor]: Triggered uncontrollable event: EV_obstacle_right
[balanced_delivery_supervisor-22] [INFO] [1789490062.818685573] [robot_1.robot_supervisor]: Selected controllable event: EV_rotate_counterclockwise
[balanced_delivery_supervisor-24] [INFO] [1789490062.822327391] [robot_0.robot_supervisor]: Triggered uncontrollable event: EV_object_not_visible
[balanced_delivery_supervisor-24] [INFO] [1789490062.829643210] [robot_0.robot_supervisor]: Selected controllable event: EV_move_forward
[balanced_delivery_supervisor-20] [INFO] [1789490062.833483136] [robot_2.robot_supervisor]: Selected controllable event: EV_move_forward
[balanced_delivery_supervisor-22] [INFO] [1789490063.007626591] [robot_1.robot_supervisor]: Triggered uncontrollable event: EV_obstacle_right
[balanced_delivery_supervisor-22] [INFO] [1789490063.040266333] [robot_1.robot_supervisor]: Selected controllable event: EV_u_turn
[balanced_delivery_supervisor-22] [INFO] [1789490063.041031699] [robot_1.robot_supervisor]: Starting FULL ROTATE (omega=1.000, have_odom=True, target_rad=3.142, timeout_s=3.500)
[balanced_delivery_supervisor-20] [INFO] [1789490063.052107339] [robot_2.robot_supervisor]: Selected controllable event: EV_approach_color
[balanced_delivery_supervisor-24] [INFO] [1789490063.114867880] [robot_0.robot_supervisor]: Selected controllable event: EV_search_color
[balanced_delivery_supervisor-24] [INFO] [1789490063.229312484] [robot_0.robot_supervisor]: Selected controllable event: EV_move_forward
[balanced_delivery_supervisor-20] [INFO] [1789490063.336005849] [robot_2.robot_supervisor]: ############################# VISIBLE: EV_object_visible #############################
[balanced_delivery_supervisor-20] [INFO] [1789490063.341948695] [robot_2.robot_supervisor]: Selected controllable event: EV_move_forward
[balanced_delivery_supervisor-24] [INFO] [1789490063.530623186] [robot_0.robot_supervisor]: Triggered uncontrollable event: EV_object_not_visible
[balanced_delivery_supervisor-24] [INFO] [1789490063.536317146] [robot_0.robot_supervisor]: Selected controllable event: EV_move_forward
[balanced_delivery_supervisor-20] [INFO] [1789490063.645728162] [robot_2.robot_supervisor]: Selected controllable event: EV_search_object
[balanced_delivery_supervisor-24] [INFO] [1789490063.824720763] [robot_0.robot_supervisor]: Selected controllable event: EV_search_color
[balanced_delivery_supervisor-20] [INFO] [1789490063.859033169] [robot_2.robot_supervisor]: Selected controllable event: EV_search_color
[balanced_delivery_supervisor-24] [INFO] [1789490063.938089459] [robot_0.robot_supervisor]: Selected controllable event: EV_approach_object
[balanced_delivery_supervisor-20] [INFO] [1789490064.029988700] [robot_2.robot_supervisor]: ############################# VISIBLE: EV_object_visible #############################
[balanced_delivery_supervisor-20] [INFO] [1789490064.051006692] [robot_2.robot_supervisor]: Selected controllable event: EV_approach_object
[balanced_delivery_supervisor-24] [INFO] [1789490064.215191690] [robot_0.robot_supervisor]: Triggered uncontrollable event: EV_object_not_visible
[balanced_delivery_supervisor-24] [INFO] [1789490064.230540783] [robot_0.robot_supervisor]: Selected controllable event: EV_approach_color
[balanced_delivery_supervisor-20] [INFO] [1789490064.354984253] [robot_2.robot_supervisor]: Selected controllable event: EV_search_object
[balanced_delivery_supervisor-24] [INFO] [1789490064.532283170] [robot_0.robot_supervisor]: Selected controllable event: EV_search_color
[balanced_delivery_supervisor-20] [INFO] [1789490064.544755197] [robot_2.robot_supervisor]: Selected controllable event: EV_approach_object
[balanced_delivery_supervisor-24] [INFO] [1789490064.724160241] [robot_0.robot_supervisor]: Triggered uncontrollable event: EV_object_not_visible
[balanced_delivery_supervisor-24] [INFO] [1789490064.724987121] [robot_0.robot_supervisor]: Selected controllable event: EV_search_object
[balanced_delivery_supervisor-20] [INFO] [1789490064.830399123] [robot_2.robot_supervisor]: ############################# VISIBLE: EV_object_visible #############################
[balanced_delivery_supervisor-20] [INFO] [1789490064.838293899] [robot_2.robot_supervisor]: Selected controllable event: EV_search_color
[balanced_delivery_supervisor-24] [INFO] [1789490064.923216805] [robot_0.robot_supervisor]: Selected controllable event: EV_approach_color
[balanced_delivery_supervisor-20] [INFO] [1789490065.039077471] [robot_2.robot_supervisor]: Selected controllable event: EV_search_object
[balanced_delivery_supervisor-24] [INFO] [1789490065.213542273] [robot_0.robot_supervisor]: Selected controllable event: EV_approach_object
[balanced_delivery_supervisor-20] [INFO] [1789490065.240657373] [robot_2.robot_supervisor]: Selected controllable event: EV_search_color
[balanced_delivery_supervisor-24] [INFO] [1789490065.422734664] [robot_0.robot_supervisor]: Selected controllable event: EV_move_forward
[balanced_delivery_supervisor-20] [INFO] [1789490065.429910196] [robot_2.robot_supervisor]: ############################# VISIBLE: EV_object_visible #############################
[balanced_delivery_supervisor-20] [INFO] [1789490065.435023979] [robot_2.robot_supervisor]: Selected controllable event: EV_approach_object
[balanced_delivery_supervisor-24] [INFO] [1789490065.629867180] [robot_0.robot_supervisor]: Triggered uncontrollable event: EV_object_not_visible
[balanced_delivery_supervisor-24] [INFO] [1789490065.631776337] [robot_0.robot_supervisor]: Selected controllable event: EV_search_object
[balanced_delivery_supervisor-20] [INFO] [1789490065.647226105] [robot_2.robot_supervisor]: Selected controllable event: EV_approach_object
[balanced_delivery_supervisor-24] [INFO] [1789490065.820469174] [robot_0.robot_supervisor]: Selected controllable event: EV_search_object
[balanced_delivery_supervisor-24] [INFO] [1789490065.933288131] [robot_0.robot_supervisor]: Selected controllable event: EV_search_object
[balanced_delivery_supervisor-20] [INFO] [1789490065.952709587] [robot_2.robot_supervisor]: Selected controllable event: EV_approach_color
[balanced_delivery_supervisor-24] [INFO] [1789490066.132912683] [robot_0.robot_supervisor]: Triggered uncontrollable event: EV_obstacle_right
[balanced_delivery_supervisor-24] [INFO] [1789490066.133543942] [robot_0.robot_supervisor]: Triggered uncontrollable event: EV_object_not_visible
[balanced_delivery_supervisor-24] [INFO] [1789490066.134317275] [robot_0.robot_supervisor]: Selected controllable event: EV_rotate_counterclockwise
[balanced_delivery_supervisor-20] [INFO] [1789490066.234484898] [robot_2.robot_supervisor]: ############################# VISIBLE: EV_object_visible #############################
[balanced_delivery_supervisor-20] [INFO] [1789490066.245032663] [robot_2.robot_supervisor]: Selected controllable event: EV_search_object
[balanced_delivery_supervisor-24] [INFO] [1789490066.329334239] [robot_0.robot_supervisor]: Triggered uncontrollable event: EV_obstacle_right
[balanced_delivery_supervisor-24] [INFO] [1789490066.330296045] [robot_0.robot_supervisor]: Selected controllable event: EV_u_turn
[balanced_delivery_supervisor-24] [INFO] [1789490066.331024152] [robot_0.robot_supervisor]: Starting FULL ROTATE (omega=1.000, have_odom=True, target_rad=3.142, timeout_s=3.500)
[balanced_delivery_supervisor-20] [INFO] [1789490066.433646631] [robot_2.robot_supervisor]: Selected controllable event: EV_move_forward
[balanced_delivery_supervisor-22] [INFO] [1789490066.612656978] [robot_1.robot_supervisor]: FULL ROTATE completed by timeout
[balanced_delivery_supervisor-20] [INFO] [1789490066.641473895] [robot_2.robot_supervisor]: Selected controllable event: EV_search_object
[balanced_delivery_supervisor-20] [INFO] [1789490066.827912118] [robot_2.robot_supervisor]: ############################# VISIBLE: EV_object_visible #############################
[balanced_delivery_supervisor-20] [INFO] [1789490066.828826386] [robot_2.robot_supervisor]: Selected controllable event: EV_move_forward
[balanced_delivery_supervisor-22] [INFO] [1789490066.915417033] [robot_1.robot_supervisor]: Triggered uncontrollable event: EV_obstacle_front
[balanced_delivery_supervisor-22] [INFO] [1789490066.916213209] [robot_1.robot_supervisor]: ############################# REACHED: EV_object_reached #############################
[balanced_delivery_supervisor-22] [INFO] [1789490066.919366794] [robot_1.robot_supervisor]: Selected controllable event: EV_rotate_counterclockwise
[balanced_delivery_supervisor-22] [WARN] [1789490066.928321689] [robot_1.robot_supervisor]: no translation for 6.5s livelock detected; starting atomic escape (turn_sign=+1)
[balanced_delivery_supervisor-20] [INFO] [1789490067.044665218] [robot_2.robot_supervisor]: Selected controllable event: EV_search_object
[balanced_delivery_supervisor-20] [INFO] [1789490067.246526615] [robot_2.robot_supervisor]: Selected controllable event: EV_approach_color
[balanced_delivery_supervisor-20] [INFO] [1789490067.534081898] [robot_2.robot_supervisor]: ############################# VISIBLE: EV_object_visible #############################
[balanced_delivery_supervisor-20] [INFO] [1789490067.534904327] [robot_2.robot_supervisor]: Selected controllable event: EV_approach_object
[balanced_delivery_supervisor-20] [INFO] [1789490067.747003469] [robot_2.robot_supervisor]: Selected controllable event: EV_search_object
[balanced_delivery_supervisor-20] [INFO] [1789490067.927237653] [robot_2.robot_supervisor]: Selected controllable event: EV_approach_color
[balanced_delivery_supervisor-20] [INFO] [1789490068.133932433] [robot_2.robot_supervisor]: Selected controllable event: EV_search_object
[balanced_delivery_supervisor-20] [INFO] [1789490068.346141667] [robot_2.robot_supervisor]: ############################# REACHED: EV_object_reached #############################
[balanced_delivery_supervisor-20] [INFO] [1789490068.353167284] [robot_2.robot_supervisor]: Selected controllable event: EV_search_color
[balanced_delivery_supervisor-20] [INFO] [1789490068.543079983] [robot_2.robot_supervisor]: Selected controllable event: EV_search_color
[balanced_delivery_supervisor-20] [INFO] [1789490068.648130186] [robot_2.robot_supervisor]: Selected controllable event: EV_approach_color
[balanced_delivery_supervisor-20] [INFO] [1789490068.948936030] [robot_2.robot_supervisor]: ############################# REACHED: EV_object_reached #############################
[balanced_delivery_supervisor-20] [INFO] [1789490068.949793344] [robot_2.robot_supervisor]: Selected controllable event: EV_approach_color
[balanced_delivery_supervisor-20] [INFO] [1789490069.239529373] [robot_2.robot_supervisor]: Selected controllable event: EV_search_object
[color_detector-31] [INFO] [1789490069.432922254] [robot_0.target_detector]: RGB HEARTBEAT frames_total=200 recent_rate_hz=1.382 last_frame_age_s=0.506 status=OK
[color_detector-27] [INFO] [1789490069.436413276] [robot_2.target_detector]: RGB HEARTBEAT frames_total=200 recent_rate_hz=1.378 last_frame_age_s=0.575 status=OK
[balanced_delivery_supervisor-20] [INFO] [1789490069.447282168] [robot_2.robot_supervisor]: Selected controllable event: EV_search_object
[color_detector-29] [INFO] [1789490069.454024982] [robot_1.target_detector]: RGB HEARTBEAT frames_total=200 recent_rate_hz=1.375 last_frame_age_s=0.686 status=OK
[balanced_delivery_supervisor-22] [INFO] [1789490069.520737082] [robot_1.robot_supervisor]: Zone-livelock escape completed
[balanced_delivery_supervisor-20] [INFO] [1789490069.629590735] [robot_2.robot_supervisor]: ############################# REACHED: EV_object_reached #############################
[balanced_delivery_supervisor-20] [INFO] [1789490069.630493260] [robot_2.robot_supervisor]: Selected controllable event: EV_search_color
[balanced_delivery_supervisor-22] [INFO] [1789490069.810716659] [robot_1.robot_supervisor]: ############################# REACHED: EV_object_reached #############################
[balanced_delivery_supervisor-22] [INFO] [1789490069.823698238] [robot_1.robot_supervisor]: Selected controllable event: EV_search_object
[balanced_delivery_supervisor-20] [INFO] [1789490069.832267180] [robot_2.robot_supervisor]: Selected controllable event: EV_search_object
[balanced_delivery_supervisor-24] [INFO] [1789490069.915391340] [robot_0.robot_supervisor]: FULL ROTATE completed by timeout
[balanced_delivery_supervisor-22] [INFO] [1789490070.002831750] [robot_1.robot_supervisor]: Selected controllable event: EV_approach_color
[balanced_delivery_supervisor-20] [INFO] [1789490070.037423924] [robot_2.robot_supervisor]: Selected controllable event: EV_approach_object
[balanced_delivery_supervisor-24] [INFO] [1789490070.128444758] [robot_0.robot_supervisor]: ############################# VISIBLE: EV_object_visible #############################
[balanced_delivery_supervisor-24] [INFO] [1789490070.129270849] [robot_0.robot_supervisor]: Selected controllable event: EV_search_color
[balanced_delivery_supervisor-24] [INFO] [1789490070.235464026] [robot_0.robot_supervisor]: Selected controllable event: EV_approach_object
[balanced_delivery_supervisor-20] [INFO] [1789490070.239140153] [robot_2.robot_supervisor]: Selected controllable event: EV_move_forward
[balanced_delivery_supervisor-22] [INFO] [1789490070.299987967] [robot_1.robot_supervisor]: ############################# REACHED: EV_object_reached #############################
[balanced_delivery_supervisor-22] [INFO] [1789490070.300964668] [robot_1.robot_supervisor]: Selected controllable event: EV_search_object
[balanced_delivery_supervisor-22] [INFO] [1789490070.504343913] [robot_1.robot_supervisor]: Selected controllable event: EV_approach_object
[balanced_delivery_supervisor-24] [INFO] [1789490070.521628498] [robot_0.robot_supervisor]: Selected controllable event: EV_approach_object
[balanced_delivery_supervisor-20] [INFO] [1789490070.534316976] [robot_2.robot_supervisor]: ############################# VISIBLE: EV_object_visible #############################
[balanced_delivery_supervisor-20] [INFO] [1789490070.535124354] [robot_2.robot_supervisor]: Selected controllable event: EV_approach_object
[balanced_delivery_supervisor-22] [INFO] [1789490070.708439954] [robot_1.robot_supervisor]: Selected controllable event: EV_approach_color
[balanced_delivery_supervisor-24] [INFO] [1789490070.737432367] [robot_0.robot_supervisor]: ############################# VISIBLE: EV_object_visible #############################
[balanced_delivery_supervisor-24] [INFO] [1789490070.743298268] [robot_0.robot_supervisor]: Selected controllable event: EV_approach_color
[balanced_delivery_supervisor-20] [INFO] [1789490070.834642249] [robot_2.robot_supervisor]: Selected controllable event: EV_approach_color
[balanced_delivery_supervisor-22] [INFO] [1789490070.915368824] [robot_1.robot_supervisor]: Selected controllable event: EV_approach_object
[balanced_delivery_supervisor-24] [INFO] [1789490071.037317457] [robot_0.robot_supervisor]: Selected controllable event: EV_move_forward
[balanced_delivery_supervisor-20] [INFO] [1789490071.133568395] [robot_2.robot_supervisor]: ############################# VISIBLE: EV_object_visible #############################
[balanced_delivery_supervisor-20] [INFO] [1789490071.134351829] [robot_2.robot_supervisor]: Selected controllable event: EV_approach_object
[balanced_delivery_supervisor-22] [INFO] [1789490071.209391435] [robot_1.robot_supervisor]: ############################# REACHED: EV_object_reached #############################
[balanced_delivery_supervisor-22] [INFO] [1789490071.214639848] [robot_1.robot_supervisor]: Selected controllable event: EV_approach_color
[balanced_delivery_supervisor-24] [INFO] [1789490071.335685019] [robot_0.robot_supervisor]: ############################# VISIBLE: EV_object_visible #############################
[balanced_delivery_supervisor-24] [INFO] [1789490071.352635232] [robot_0.robot_supervisor]: Selected controllable event: EV_move_forward
[balanced_delivery_supervisor-20] [INFO] [1789490071.446161033] [robot_2.robot_supervisor]: Selected controllable event: EV_search_color
[balanced_delivery_supervisor-22] [INFO] [1789490071.506093552] [robot_1.robot_supervisor]: Selected controllable event: EV_search_color
[balanced_delivery_supervisor-24] [INFO] [1789490071.614508046] [robot_0.robot_supervisor]: Selected controllable event: EV_approach_color
[balanced_delivery_supervisor-20] [INFO] [1789490071.631348558] [robot_2.robot_supervisor]: Selected controllable event: EV_search_object
[balanced_delivery_supervisor-22] [INFO] [1789490071.726791969] [robot_1.robot_supervisor]: Selected controllable event: EV_move_forward
[balanced_delivery_supervisor-20] [INFO] [1789490071.853771526] [robot_2.robot_supervisor]: ############################# VISIBLE: EV_object_visible #############################
[balanced_delivery_supervisor-20] [INFO] [1789490071.854729588] [robot_2.robot_supervisor]: Selected controllable event: EV_approach_object
[balanced_delivery_supervisor-24] [INFO] [1789490071.934143155] [robot_0.robot_supervisor]: ############################# VISIBLE: EV_object_visible #############################
[balanced_delivery_supervisor-24] [INFO] [1789490071.941952828] [robot_0.robot_supervisor]: Selected controllable event: EV_move_forward
[balanced_delivery_supervisor-22] [INFO] [1789490072.005776368] [robot_1.robot_supervisor]: ############################# REACHED: EV_object_reached #############################
[balanced_delivery_supervisor-22] [INFO] [1789490072.013092045] [robot_1.robot_supervisor]: Selected controllable event: EV_move_forward
[balanced_delivery_supervisor-20] [INFO] [1789490072.145159410] [robot_2.robot_supervisor]: Selected controllable event: EV_search_object
[balanced_delivery_supervisor-24] [INFO] [1789490072.226455033] [robot_0.robot_supervisor]: Selected controllable event: EV_approach_object
[balanced_delivery_supervisor-22] [INFO] [1789490072.322759296] [robot_1.robot_supervisor]: Selected controllable event: EV_approach_object
[balanced_delivery_supervisor-20] [INFO] [1789490072.345642155] [robot_2.robot_supervisor]: Selected controllable event: EV_approach_object
[balanced_delivery_supervisor-24] [INFO] [1789490072.536046656] [robot_0.robot_supervisor]: Selected controllable event: EV_search_object
[balanced_delivery_supervisor-20] [INFO] [1789490072.638386881] [robot_2.robot_supervisor]: Selected controllable event: EV_search_color
[balanced_delivery_supervisor-22] [INFO] [1789490072.647295532] [robot_1.robot_supervisor]: ############################# REACHED: EV_object_reached #############################
[balanced_delivery_supervisor-22] [INFO] [1789490072.648134463] [robot_1.robot_supervisor]: Selected controllable event: EV_approach_object
[balanced_delivery_supervisor-24] [INFO] [1789490072.722751213] [robot_0.robot_supervisor]: Selected controllable event: EV_approach_object
[balanced_delivery_supervisor-20] [INFO] [1789490072.830499512] [robot_2.robot_supervisor]: ############################# VISIBLE: EV_object_visible #############################
[balanced_delivery_supervisor-20] [INFO] [1789490072.831367870] [robot_2.robot_supervisor]: Selected controllable event: EV_approach_color
[balanced_delivery_supervisor-22] [INFO] [1789490072.905486085] [robot_1.robot_supervisor]: Selected controllable event: EV_approach_color
[balanced_delivery_supervisor-24] [INFO] [1789490073.015960640] [robot_0.robot_supervisor]: ############################# VISIBLE: EV_object_visible #############################
[balanced_delivery_supervisor-24] [INFO] [1789490073.016839004] [robot_0.robot_supervisor]: Selected controllable event: EV_move_forward
[balanced_delivery_supervisor-20] [INFO] [1789490073.134058744] [robot_2.robot_supervisor]: Selected controllable event: EV_move_forward
[balanced_delivery_supervisor-22] [INFO] [1789490073.217054975] [robot_1.robot_supervisor]: ############################# REACHED: EV_object_reached #############################
[balanced_delivery_supervisor-22] [INFO] [1789490073.217925502] [robot_1.robot_supervisor]: Selected controllable event: EV_search_color
[balanced_delivery_supervisor-24] [INFO] [1789490073.335187566] [robot_0.robot_supervisor]: Selected controllable event: EV_search_object
[balanced_delivery_supervisor-20] [INFO] [1789490073.340527602] [robot_2.robot_supervisor]: ############################# VISIBLE: EV_object_visible #############################
[balanced_delivery_supervisor-20] [INFO] [1789490073.341409291] [robot_2.robot_supervisor]: Selected controllable event: EV_approach_color
[balanced_delivery_supervisor-22] [INFO] [1789490073.407221838] [robot_1.robot_supervisor]: Selected controllable event: EV_move_forward
[balanced_delivery_supervisor-24] [INFO] [1789490073.514123583] [robot_0.robot_supervisor]: ############################# VISIBLE: EV_object_visible #############################
[balanced_delivery_supervisor-24] [INFO] [1789490073.514991275] [robot_0.robot_supervisor]: Selected controllable event: EV_move_forward
[balanced_delivery_supervisor-20] [INFO] [1789490073.632945168] [robot_2.robot_supervisor]: Selected controllable event: EV_approach_color
[balanced_delivery_supervisor-22] [INFO] [1789490073.699801019] [robot_1.robot_supervisor]: Selected controllable event: EV_approach_object
[balanced_delivery_supervisor-24] [INFO] [1789490073.725800577] [robot_0.robot_supervisor]: Selected controllable event: EV_move_forward
[balanced_delivery_supervisor-24] [INFO] [1789490073.934412165] [robot_0.robot_supervisor]: Selected controllable event: EV_move_forward
[balanced_delivery_supervisor-20] [INFO] [1789490073.943761712] [robot_2.robot_supervisor]: Triggered uncontrollable event: EV_obstacle_right
[balanced_delivery_supervisor-20] [INFO] [1789490073.944708528] [robot_2.robot_supervisor]: Selected controllable event: EV_rotate_counterclockwise
[balanced_delivery_supervisor-22] [INFO] [1789490074.016408432] [robot_1.robot_supervisor]: ############################# REACHED: EV_object_reached #############################
[balanced_delivery_supervisor-22] [INFO] [1789490074.025208309] [robot_1.robot_supervisor]: Selected controllable event: EV_approach_object
[balanced_delivery_supervisor-20] [INFO] [1789490074.129743495] [robot_2.robot_supervisor]: Triggered uncontrollable event: EV_obstacle_right
[balanced_delivery_supervisor-20] [INFO] [1789490074.145863867] [robot_2.robot_supervisor]: ############################# VISIBLE: EV_object_visible #############################
[balanced_delivery_supervisor-20] [INFO] [1789490074.146751850] [robot_2.robot_supervisor]: Selected controllable event: EV_u_turn
[balanced_delivery_supervisor-20] [INFO] [1789490074.147471692] [robot_2.robot_supervisor]: Starting FULL ROTATE (omega=1.000, have_odom=True, target_rad=3.142, timeout_s=3.500)
[balanced_delivery_supervisor-24] [INFO] [1789490074.220835918] [robot_0.robot_supervisor]: Triggered uncontrollable event: EV_obstacle_left
[balanced_delivery_supervisor-24] [INFO] [1789490074.221507956] [robot_0.robot_supervisor]: ############################# REACHED: EV_object_reached #############################
[balanced_delivery_supervisor-24] [INFO] [1789490074.222287287] [robot_0.robot_supervisor]: Selected controllable event: EV_u_turn
[balanced_delivery_supervisor-24] [INFO] [1789490074.248024185] [robot_0.robot_supervisor]: Starting FULL ROTATE (omega=1.000, have_odom=True, target_rad=3.142, timeout_s=3.500)
[balanced_delivery_supervisor-22] [INFO] [1789490074.320123203] [robot_1.robot_supervisor]: Selected controllable event: EV_search_object
[balanced_delivery_supervisor-22] [INFO] [1789490074.511122187] [robot_1.robot_supervisor]: Selected controllable event: EV_approach_color
[balanced_delivery_supervisor-22] [INFO] [1789490074.817634370] [robot_1.robot_supervisor]: ############################# REACHED: EV_object_reached #############################
[balanced_delivery_supervisor-22] [INFO] [1789490074.822805848] [robot_1.robot_supervisor]: Selected controllable event: EV_search_color
[balanced_delivery_supervisor-22] [INFO] [1789490075.009993119] [robot_1.robot_supervisor]: Selected controllable event: EV_move_forward
[balanced_delivery_supervisor-22] [INFO] [1789490075.300933496] [robot_1.robot_supervisor]: Selected controllable event: EV_search_object
[balanced_delivery_supervisor-22] [INFO] [1789490075.410740282] [robot_1.robot_supervisor]: ############################# REACHED: EV_object_reached #############################
[balanced_delivery_supervisor-22] [INFO] [1789490075.435846803] [robot_1.robot_supervisor]: Selected controllable event: EV_approach_object
[balanced_delivery_supervisor-22] [INFO] [1789490075.709788040] [robot_1.robot_supervisor]: Selected controllable event: EV_approach_object
[balanced_delivery_supervisor-22] [INFO] [1789490076.045131310] [robot_1.robot_supervisor]: Selected controllable event: EV_approach_object
[balanced_delivery_supervisor-22] [INFO] [1789490076.301819812] [robot_1.robot_supervisor]: ############################# REACHED: EV_object_reached #############################
[balanced_delivery_supervisor-22] [INFO] [1789490076.310065780] [robot_1.robot_supervisor]: Selected controllable event: EV_search_color
[balanced_delivery_supervisor-22] [INFO] [1789490076.503314909] [robot_1.robot_supervisor]: Selected controllable event: EV_approach_object
[color_detector-27] [INFO] [1789490076.628456639] [robot_2.target_detector]: RGB HEARTBEAT frames_total=210 recent_rate_hz=1.390 last_frame_age_s=0.566 status=OK
[color_detector-29] [INFO] [1789490076.639444233] [robot_1.target_detector]: RGB HEARTBEAT frames_total=210 recent_rate_hz=1.393 last_frame_age_s=0.629 status=OK
[color_detector-31] [INFO] [1789490076.646834820] [robot_0.target_detector]: RGB HEARTBEAT frames_total=210 recent_rate_hz=1.383 last_frame_age_s=0.539 status=OK
[balanced_delivery_supervisor-22] [INFO] [1789490076.806754907] [robot_1.robot_supervisor]: ############################# REACHED: EV_object_reached #############################
[balanced_delivery_supervisor-22] [INFO] [1789490076.807677584] [robot_1.robot_supervisor]: Selected controllable event: EV_search_color
[balanced_delivery_supervisor-22] [INFO] [1789490077.005244832] [robot_1.robot_supervisor]: Selected controllable event: EV_search_color
[balanced_delivery_supervisor-22] [INFO] [1789490077.209811272] [robot_1.robot_supervisor]: Selected controllable event: EV_approach_color
[balanced_delivery_supervisor-22] [INFO] [1789490077.501521527] [robot_1.robot_supervisor]: ############################# REACHED: EV_object_reached #############################
[balanced_delivery_supervisor-22] [INFO] [1789490077.502338293] [robot_1.robot_supervisor]: Selected controllable event: EV_search_color
[balanced_delivery_supervisor-22] [INFO] [1789490077.604933263] [robot_1.robot_supervisor]: Selected controllable event: EV_move_forward
[balanced_delivery_supervisor-24] [INFO] [1789490077.724095700] [robot_0.robot_supervisor]: FULL ROTATE completed by timeout
[balanced_delivery_supervisor-20] [INFO] [1789490077.739548235] [robot_2.robot_supervisor]: FULL ROTATE completed by timeout
[balanced_delivery_supervisor-22] [INFO] [1789490077.902970170] [robot_1.robot_supervisor]: Selected controllable event: EV_search_object
[balanced_delivery_supervisor-24] [INFO] [1789490078.017993047] [robot_0.robot_supervisor]: ############################# REACHED: EV_object_reached #############################
[balanced_delivery_supervisor-22] [INFO] [1789490078.021845752] [robot_1.robot_supervisor]: Selected controllable event: EV_search_object
[balanced_delivery_supervisor-24] [INFO] [1789490078.033717025] [robot_0.robot_supervisor]: Selected controllable event: EV_approach_color
[balanced_delivery_supervisor-20] [INFO] [1789490078.051259046] [robot_2.robot_supervisor]: ############################# VISIBLE: EV_object_visible #############################
[balanced_delivery_supervisor-20] [INFO] [1789490078.057368172] [robot_2.robot_supervisor]: Selected controllable event: EV_move_forward
[balanced_delivery_supervisor-22] [INFO] [1789490078.202378572] [robot_1.robot_supervisor]: ############################# REACHED: EV_object_reached #############################
[balanced_delivery_supervisor-22] [INFO] [1789490078.211726456] [robot_1.robot_supervisor]: Selected controllable event: EV_search_object
[balanced_delivery_supervisor-24] [INFO] [1789490078.318946298] [robot_0.robot_supervisor]: ############################# REACHED: EV_object_reached #############################
[balanced_delivery_supervisor-24] [INFO] [1789490078.321947298] [robot_0.robot_supervisor]: Selected controllable event: EV_approach_object
[balanced_delivery_supervisor-20] [INFO] [1789490078.326382790] [robot_2.robot_supervisor]: ############################# VISIBLE: EV_object_visible #############################
[balanced_delivery_supervisor-20] [INFO] [1789490078.337533241] [robot_2.robot_supervisor]: Selected controllable event: EV_approach_color
[balanced_delivery_supervisor-22] [INFO] [1789490078.410812621] [robot_1.robot_supervisor]: Selected controllable event: EV_approach_object
[balanced_delivery_supervisor-24] [INFO] [1789490078.616473853] [robot_0.robot_supervisor]: Selected controllable event: EV_approach_object
[balanced_delivery_supervisor-20] [INFO] [1789490078.627078538] [robot_2.robot_supervisor]: Selected controllable event: EV_search_color
[balanced_delivery_supervisor-22] [INFO] [1789490078.705676508] [robot_1.robot_supervisor]: Selected controllable event: EV_approach_color
[balanced_delivery_supervisor-20] [INFO] [1789490078.734787375] [robot_2.robot_supervisor]: Selected controllable event: EV_approach_color
[balanced_delivery_supervisor-24] [INFO] [1789490078.824427177] [robot_0.robot_supervisor]: Selected controllable event: EV_approach_color
[balanced_delivery_supervisor-20] [INFO] [1789490078.939549274] [robot_2.robot_supervisor]: ############################# VISIBLE: EV_object_visible #############################
[balanced_delivery_supervisor-20] [INFO] [1789490078.940458189] [robot_2.robot_supervisor]: Selected controllable event: EV_approach_color
[balanced_delivery_supervisor-22] [INFO] [1789490079.013367077] [robot_1.robot_supervisor]: Triggered uncontrollable event: EV_obstacle_left
[balanced_delivery_supervisor-22] [INFO] [1789490079.031324357] [robot_1.robot_supervisor]: ############################# REACHED: EV_object_reached #############################
[balanced_delivery_supervisor-22] [INFO] [1789490079.032152767] [robot_1.robot_supervisor]: Selected controllable event: EV_rotate_clockwise
[balanced_delivery_supervisor-24] [INFO] [1789490079.132809062] [robot_0.robot_supervisor]: ############################# REACHED: EV_object_reached #############################
[balanced_delivery_supervisor-24] [INFO] [1789490079.141126541] [robot_0.robot_supervisor]: Selected controllable event: EV_approach_object
[balanced_delivery_supervisor-20] [INFO] [1789490079.142578175] [robot_2.robot_supervisor]: Selected controllable event: EV_search_object
[balanced_delivery_supervisor-22] [INFO] [1789490079.212671496] [robot_1.robot_supervisor]: Triggered uncontrollable event: EV_obstacle_left
[balanced_delivery_supervisor-22] [INFO] [1789490079.219766029] [robot_1.robot_supervisor]: Selected controllable event: EV_rotate_clockwise
[balanced_delivery_supervisor-20] [INFO] [1789490079.338792613] [robot_2.robot_supervisor]: Selected controllable event: EV_approach_object
[balanced_delivery_supervisor-22] [INFO] [1789490079.397998293] [robot_1.robot_supervisor]: Triggered uncontrollable event: EV_obstacle_left
[balanced_delivery_supervisor-22] [INFO] [1789490079.398923170] [robot_1.robot_supervisor]: Selected controllable event: EV_rotate_clockwise
[balanced_delivery_supervisor-24] [INFO] [1789490079.429870849] [robot_0.robot_supervisor]: Selected controllable event: EV_approach_color
[balanced_delivery_supervisor-22] [INFO] [1789490079.598889694] [robot_1.robot_supervisor]: Triggered uncontrollable event: EV_obstacle_left
[balanced_delivery_supervisor-22] [INFO] [1789490079.618469172] [robot_1.robot_supervisor]: ############################# REACHED: EV_object_reached #############################
[balanced_delivery_supervisor-22] [INFO] [1789490079.619312164] [robot_1.robot_supervisor]: Selected controllable event: EV_rotate_clockwise
[balanced_delivery_supervisor-20] [INFO] [1789490079.641439475] [robot_2.robot_supervisor]: ############################# VISIBLE: EV_object_visible #############################
[balanced_delivery_supervisor-20] [INFO] [1789490079.642236267] [robot_2.robot_supervisor]: Selected controllable event: EV_move_forward
[balanced_delivery_supervisor-24] [INFO] [1789490079.724839475] [robot_0.robot_supervisor]: ############################# REACHED: EV_object_reached #############################
[balanced_delivery_supervisor-24] [INFO] [1789490079.733207437] [robot_0.robot_supervisor]: Selected controllable event: EV_approach_color
[balanced_delivery_supervisor-22] [INFO] [1789490079.809930963] [robot_1.robot_supervisor]: Triggered uncontrollable event: EV_obstacle_left
[balanced_delivery_supervisor-22] [INFO] [1789490079.812970731] [robot_1.robot_supervisor]: Selected controllable event: EV_rotate_clockwise
[balanced_delivery_supervisor-20] [INFO] [1789490079.942155685] [robot_2.robot_supervisor]: Selected controllable event: EV_search_color
[balanced_delivery_supervisor-22] [INFO] [1789490080.028508933] [robot_1.robot_supervisor]: Triggered uncontrollable event: EV_obstacle_left
[balanced_delivery_supervisor-22] [INFO] [1789490080.032190610] [robot_1.robot_supervisor]: Selected controllable event: EV_u_turn
[balanced_delivery_supervisor-24] [INFO] [1789490080.032150021] [robot_0.robot_supervisor]: Selected controllable event: EV_approach_object
[balanced_delivery_supervisor-22] [INFO] [1789490080.036661415] [robot_1.robot_supervisor]: Starting FULL ROTATE (omega=1.000, have_odom=True, target_rad=3.142, timeout_s=3.500)
[balanced_delivery_supervisor-20] [INFO] [1789490080.135905746] [robot_2.robot_supervisor]: Selected controllable event: EV_search_object
[balanced_delivery_supervisor-20] [INFO] [1789490080.242698198] [robot_2.robot_supervisor]: Selected controllable event: EV_move_forward
[balanced_delivery_supervisor-24] [INFO] [1789490080.331021324] [robot_0.robot_supervisor]: Selected controllable event: EV_search_object
[balanced_delivery_supervisor-24] [INFO] [1789490080.522497854] [robot_0.robot_supervisor]: ############################# REACHED: EV_object_reached #############################
[balanced_delivery_supervisor-24] [INFO] [1789490080.531435394] [robot_0.robot_supervisor]: Selected controllable event: EV_approach_object
[balanced_delivery_supervisor-20] [INFO] [1789490080.546389105] [robot_2.robot_supervisor]: ############################# VISIBLE: EV_object_visible #############################
[balanced_delivery_supervisor-20] [INFO] [1789490080.557330045] [robot_2.robot_supervisor]: Selected controllable event: EV_search_object
[balanced_delivery_supervisor-20] [INFO] [1789490080.753877850] [robot_2.robot_supervisor]: Selected controllable event: EV_approach_color
[balanced_delivery_supervisor-24] [INFO] [1789490080.845914455] [robot_0.robot_supervisor]: Selected controllable event: EV_approach_color
[balanced_delivery_supervisor-20] [INFO] [1789490081.033149900] [robot_2.robot_supervisor]: Selected controllable event: EV_search_object
[balanced_delivery_supervisor-24] [INFO] [1789490081.130774328] [robot_0.robot_supervisor]: Selected controllable event: EV_approach_object
[balanced_delivery_supervisor-20] [INFO] [1789490081.141706039] [robot_2.robot_supervisor]: ############################# VISIBLE: EV_object_visible #############################
[balanced_delivery_supervisor-20] [INFO] [1789490081.154877351] [robot_2.robot_supervisor]: Selected controllable event: EV_search_object
[balanced_delivery_supervisor-20] [INFO] [1789490081.336002590] [robot_2.robot_supervisor]: Selected controllable event: EV_approach_object
[balanced_delivery_supervisor-24] [INFO] [1789490081.434238066] [robot_0.robot_supervisor]: ############################# REACHED: EV_object_reached #############################
[balanced_delivery_supervisor-24] [INFO] [1789490081.444613859] [robot_0.robot_supervisor]: Selected controllable event: EV_approach_object
[balanced_delivery_supervisor-20] [INFO] [1789490081.643474632] [robot_2.robot_supervisor]: Selected controllable event: EV_move_forward
[balanced_delivery_supervisor-24] [INFO] [1789490081.715053283] [robot_0.robot_supervisor]: Selected controllable event: EV_search_color
[balanced_delivery_supervisor-24] [INFO] [1789490081.840358460] [robot_0.robot_supervisor]: Selected controllable event: EV_approach_color
[balanced_delivery_supervisor-20] [INFO] [1789490081.850405442] [robot_2.robot_supervisor]: Selected controllable event: EV_search_color
[balanced_delivery_supervisor-20] [INFO] [1789490082.034833736] [robot_2.robot_supervisor]: ############################# VISIBLE: EV_object_visible #############################
[balanced_delivery_supervisor-20] [INFO] [1789490082.042225347] [robot_2.robot_supervisor]: Selected controllable event: EV_approach_object
[balanced_delivery_supervisor-24] [INFO] [1789490082.119258031] [robot_0.robot_supervisor]: ############################# REACHED: EV_object_reached #############################
[balanced_delivery_supervisor-24] [INFO] [1789490082.120113855] [robot_0.robot_supervisor]: Selected controllable event: EV_search_object
[balanced_delivery_supervisor-24] [INFO] [1789490082.228986316] [robot_0.robot_supervisor]: Selected controllable event: EV_move_forward
[balanced_delivery_supervisor-20] [INFO] [1789490082.362373139] [robot_2.robot_supervisor]: Selected controllable event: EV_search_object
[balanced_delivery_supervisor-24] [INFO] [1789490082.535334443] [robot_0.robot_supervisor]: Selected controllable event: EV_search_color
[balanced_delivery_supervisor-20] [INFO] [1789490082.550103753] [robot_2.robot_supervisor]: Selected controllable event: EV_search_object
[balanced_delivery_supervisor-20] [INFO] [1789490082.729283823] [robot_2.robot_supervisor]: ############################# VISIBLE: EV_object_visible #############################
[balanced_delivery_supervisor-20] [INFO] [1789490082.730104356] [robot_2.robot_supervisor]: Selected controllable event: EV_move_forward
[balanced_delivery_supervisor-24] [INFO] [1789490082.716836901] [robot_0.robot_supervisor]: ############################# REACHED: EV_object_reached #############################
[balanced_delivery_supervisor-24] [INFO] [1789490082.735950331] [robot_0.robot_supervisor]: Selected controllable event: EV_approach_object
[balanced_delivery_supervisor-20] [INFO] [1789490082.932511754] [robot_2.robot_supervisor]: Selected controllable event: EV_approach_object
[balanced_delivery_supervisor-24] [INFO] [1789490083.021745030] [robot_0.robot_supervisor]: Selected controllable event: EV_search_color
[balanced_delivery_supervisor-24] [INFO] [1789490083.226720071] [robot_0.robot_supervisor]: Triggered uncontrollable event: EV_obstacle_right
[balanced_delivery_supervisor-24] [INFO] [1789490083.239213085] [robot_0.robot_supervisor]: ############################# REACHED: EV_object_reached #############################
[balanced_delivery_supervisor-20] [INFO] [1789490083.243143483] [robot_2.robot_supervisor]: ############################# VISIBLE: EV_object_visible #############################
[balanced_delivery_supervisor-20] [INFO] [1789490083.243949324] [robot_2.robot_supervisor]: Selected controllable event: EV_move_forward
[balanced_delivery_supervisor-24] [INFO] [1789490083.252936083] [robot_0.robot_supervisor]: Selected controllable event: EV_rotate_counterclockwise
[balanced_delivery_supervisor-24] [INFO] [1789490083.421596604] [robot_0.robot_supervisor]: Triggered uncontrollable event: EV_obstacle_right
[balanced_delivery_supervisor-24] [INFO] [1789490083.428864941] [robot_0.robot_supervisor]: Selected controllable event: EV_u_turn
[balanced_delivery_supervisor-24] [INFO] [1789490083.429701282] [robot_0.robot_supervisor]: Starting FULL ROTATE (omega=1.000, have_odom=True, target_rad=3.142, timeout_s=3.500)
[balanced_delivery_supervisor-20] [INFO] [1789490083.529396449] [robot_2.robot_supervisor]: Selected controllable event: EV_move_forward
[balanced_delivery_supervisor-22] [INFO] [1789490083.607560630] [robot_1.robot_supervisor]: FULL ROTATE completed by timeout
[color_detector-29] [INFO] [1789490083.694077805] [robot_1.target_detector]: RGB HEARTBEAT frames_total=220 recent_rate_hz=1.416 last_frame_age_s=0.624 status=OK
[color_detector-27] [INFO] [1789490083.709022904] [robot_2.target_detector]: RGB HEARTBEAT frames_total=220 recent_rate_hz=1.414 last_frame_age_s=0.600 status=OK
[color_detector-31] [INFO] [1789490083.710608215] [robot_0.target_detector]: RGB HEARTBEAT frames_total=220 recent_rate_hz=1.416 last_frame_age_s=0.574 status=OK
[balanced_delivery_supervisor-22] [INFO] [1789490083.830732355] [robot_1.robot_supervisor]: Triggered uncontrollable event: EV_obstacle_right
[balanced_delivery_supervisor-20] [INFO] [1789490083.833682076] [robot_2.robot_supervisor]: Selected controllable event: EV_approach_object
[balanced_delivery_supervisor-22] [INFO] [1789490083.844751011] [robot_1.robot_supervisor]: ############################# REACHED: EV_object_reached #############################
[balanced_delivery_supervisor-22] [INFO] [1789490083.848793056] [robot_1.robot_supervisor]: Selected controllable event: EV_u_turn
[balanced_delivery_supervisor-22] [INFO] [1789490083.901653035] [robot_1.robot_supervisor]: Triggered uncontrollable event: EV_obstacle_right
[balanced_delivery_supervisor-22] [INFO] [1789490083.912649728] [robot_1.robot_supervisor]: ############################# REACHED: EV_object_reached #############################
[balanced_delivery_supervisor-22] [INFO] [1789490083.913510434] [robot_1.robot_supervisor]: Selected controllable event: EV_rotate_counterclockwise
[balanced_delivery_supervisor-22] [WARN] [1789490083.914165402] [robot_1.robot_supervisor]: no translation for 6.0s livelock detected; starting atomic escape (turn_sign=+1)
[balanced_delivery_supervisor-20] [INFO] [1789490084.129419434] [robot_2.robot_supervisor]: ############################# VISIBLE: EV_object_visible #############################
[balanced_delivery_supervisor-20] [INFO] [1789490084.130307929] [robot_2.robot_supervisor]: Selected controllable event: EV_approach_color
[balanced_delivery_supervisor-20] [INFO] [1789490084.336475564] [robot_2.robot_supervisor]: Selected controllable event: EV_search_object
[balanced_delivery_supervisor-20] [INFO] [1789490084.567246319] [robot_2.robot_supervisor]: Selected controllable event: EV_move_forward
[balanced_delivery_supervisor-20] [INFO] [1789490084.835652576] [robot_2.robot_supervisor]: ############################# VISIBLE: EV_object_visible #############################
[balanced_delivery_supervisor-20] [INFO] [1789490084.838369674] [robot_2.robot_supervisor]: Selected controllable event: EV_search_object
[balanced_delivery_supervisor-20] [INFO] [1789490085.032196470] [robot_2.robot_supervisor]: Selected controllable event: EV_search_object
[balanced_delivery_supervisor-20] [INFO] [1789490085.154342558] [robot_2.robot_supervisor]: Selected controllable event: EV_move_forward
[balanced_delivery_supervisor-20] [INFO] [1789490085.438283778] [robot_2.robot_supervisor]: ############################# VISIBLE: EV_object_visible #############################
[balanced_delivery_supervisor-20] [INFO] [1789490085.439209823] [robot_2.robot_supervisor]: Selected controllable event: EV_approach_object
[balanced_delivery_supervisor-20] [INFO] [1789490085.749864216] [robot_2.robot_supervisor]: Selected controllable event: EV_approach_object
[balanced_delivery_supervisor-20] [INFO] [1789490086.035566591] [robot_2.robot_supervisor]: Selected controllable event: EV_move_forward
[balanced_delivery_supervisor-20] [INFO] [1789490086.346202149] [robot_2.robot_supervisor]: ############################# VISIBLE: EV_object_visible #############################
[balanced_delivery_supervisor-20] [INFO] [1789490086.347987029] [robot_2.robot_supervisor]: Selected controllable event: EV_search_color
[balanced_delivery_supervisor-22] [INFO] [1789490086.401232440] [robot_1.robot_supervisor]: Zone-livelock escape completed
[balanced_delivery_supervisor-20] [INFO] [1789490086.532864024] [robot_2.robot_supervisor]: Selected controllable event: EV_approach_object
[balanced_delivery_supervisor-22] [INFO] [1789490086.603195272] [robot_1.robot_supervisor]: ############################# REACHED: EV_object_reached #############################
[balanced_delivery_supervisor-22] [INFO] [1789490086.609064508] [robot_1.robot_supervisor]: Selected controllable event: EV_search_object
[balanced_delivery_supervisor-22] [INFO] [1789490086.717357867] [robot_1.robot_supervisor]: Selected controllable event: EV_approach_object
[balanced_delivery_supervisor-20] [INFO] [1789490086.736867825] [robot_2.robot_supervisor]: Selected controllable event: EV_approach_color
[balanced_delivery_supervisor-24] [INFO] [1789490086.932088461] [robot_0.robot_supervisor]: FULL ROTATE completed by timeout
[balanced_delivery_supervisor-22] [INFO] [1789490087.010986246] [robot_1.robot_supervisor]: ############################# REACHED: EV_object_reached #############################
[balanced_delivery_supervisor-22] [INFO] [1789490087.015217781] [robot_1.robot_supervisor]: Selected controllable event: EV_move_forward
[balanced_delivery_supervisor-20] [INFO] [1789490087.032017287] [robot_2.robot_supervisor]: ############################# VISIBLE: EV_object_visible #############################
[balanced_delivery_supervisor-20] [INFO] [1789490087.037727809] [robot_2.robot_supervisor]: Selected controllable event: EV_search_color
[balanced_delivery_supervisor-24] [INFO] [1789490087.231846561] [robot_0.robot_supervisor]: ############################# REACHED: EV_object_reached #############################
[balanced_delivery_supervisor-24] [INFO] [1789490087.232708220] [robot_0.robot_supervisor]: Selected controllable event: EV_search_color
[balanced_delivery_supervisor-20] [INFO] [1789490087.240513785] [robot_2.robot_supervisor]: Selected controllable event: EV_search_color
[balanced_delivery_supervisor-22] [INFO] [1789490087.304764707] [robot_1.robot_supervisor]: Selected controllable event: EV_move_forward
[balanced_delivery_supervisor-20] [INFO] [1789490087.425432807] [robot_2.robot_supervisor]: Selected controllable event: EV_approach_color
[balanced_delivery_supervisor-24] [INFO] [1789490087.430183406] [robot_0.robot_supervisor]: Selected controllable event: EV_move_forward
[balanced_delivery_supervisor-22] [INFO] [1789490087.619287267] [robot_1.robot_supervisor]: ############################# REACHED: EV_object_reached #############################
[balanced_delivery_supervisor-20] [INFO] [1789490087.630198369] [robot_2.robot_supervisor]: ############################# VISIBLE: EV_object_visible #############################
[balanced_delivery_supervisor-22] [INFO] [1789490087.630720492] [robot_1.robot_supervisor]: Selected controllable event: EV_approach_object
[balanced_delivery_supervisor-20] [INFO] [1789490087.635414070] [robot_2.robot_supervisor]: Selected controllable event: EV_search_object
[balanced_delivery_supervisor-24] [INFO] [1789490087.635759747] [robot_0.robot_supervisor]: Selected controllable event: EV_approach_color
[balanced_delivery_supervisor-20] [INFO] [1789490087.844603910] [robot_2.robot_supervisor]: Selected controllable event: EV_search_color
[balanced_delivery_supervisor-22] [INFO] [1789490087.909871793] [robot_1.robot_supervisor]: Selected controllable event: EV_approach_object
[balanced_delivery_supervisor-24] [INFO] [1789490087.940614602] [robot_0.robot_supervisor]: ############################# REACHED: EV_object_reached #############################
[balanced_delivery_supervisor-24] [INFO] [1789490087.949204647] [robot_0.robot_supervisor]: Selected controllable event: EV_approach_object
[balanced_delivery_supervisor-20] [INFO] [1789490088.032463628] [robot_2.robot_supervisor]: Selected controllable event: EV_approach_color
[balanced_delivery_supervisor-22] [INFO] [1789490088.223631186] [robot_1.robot_supervisor]: Selected controllable event: EV_search_object
[balanced_delivery_supervisor-24] [INFO] [1789490088.237516340] [robot_0.robot_supervisor]: Selected controllable event: EV_approach_object
[balanced_delivery_supervisor-20] [INFO] [1789490088.332730290] [robot_2.robot_supervisor]: Selected controllable event: EV_search_color
[balanced_delivery_supervisor-22] [INFO] [1789490088.404516853] [robot_1.robot_supervisor]: ############################# REACHED: EV_object_reached #############################
[balanced_delivery_supervisor-22] [INFO] [1789490088.405462912] [robot_1.robot_supervisor]: Selected controllable event: EV_search_color
[balanced_delivery_supervisor-22] [INFO] [1789490088.507696371] [robot_1.robot_supervisor]: Selected controllable event: EV_search_color
[balanced_delivery_supervisor-24] [INFO] [1789490088.523580891] [robot_0.robot_supervisor]: ############################# REACHED: EV_object_reached #############################
[balanced_delivery_supervisor-24] [INFO] [1789490088.534374790] [robot_0.robot_supervisor]: Selected controllable event: EV_move_forward
[balanced_delivery_supervisor-20] [INFO] [1789490088.534787891] [robot_2.robot_supervisor]: ############################# VISIBLE: EV_object_visible #############################
[balanced_delivery_supervisor-20] [INFO] [1789490088.541064300] [robot_2.robot_supervisor]: Selected controllable event: EV_approach_color
[balanced_delivery_supervisor-22] [INFO] [1789490088.706637213] [robot_1.robot_supervisor]: Selected controllable event: EV_move_forward
[balanced_delivery_supervisor-24] [INFO] [1789490088.836556141] [robot_0.robot_supervisor]: Selected controllable event: EV_move_forward
[balanced_delivery_supervisor-20] [INFO] [1789490088.855765494] [robot_2.robot_supervisor]: Selected controllable event: EV_move_forward
[balanced_delivery_supervisor-22] [INFO] [1789490089.000823450] [robot_1.robot_supervisor]: ############################# REACHED: EV_object_reached #############################
[balanced_delivery_supervisor-22] [INFO] [1789490089.001597775] [robot_1.robot_supervisor]: Selected controllable event: EV_search_color
[balanced_delivery_supervisor-24] [INFO] [1789490089.121351162] [robot_0.robot_supervisor]: ############################# REACHED: EV_object_reached #############################
[balanced_delivery_supervisor-24] [INFO] [1789490089.125688365] [robot_0.robot_supervisor]: Selected controllable event: EV_search_object
[balanced_delivery_supervisor-20] [INFO] [1789490089.140476424] [robot_2.robot_supervisor]: ############################# VISIBLE: EV_object_visible #############################
[balanced_delivery_supervisor-20] [INFO] [1789490089.141325972] [robot_2.robot_supervisor]: Selected controllable event: EV_move_forward
[balanced_delivery_supervisor-22] [INFO] [1789490089.217620936] [robot_1.robot_supervisor]: Selected controllable event: EV_approach_object
[balanced_delivery_supervisor-24] [INFO] [1789490089.240096375] [robot_0.robot_supervisor]: Selected controllable event: EV_move_forward
[balanced_delivery_supervisor-20] [INFO] [1789490089.439073057] [robot_2.robot_supervisor]: Selected controllable event: EV_search_color
[balanced_delivery_supervisor-22] [INFO] [1789490089.501889517] [robot_1.robot_supervisor]: Selected controllable event: EV_approach_object
[balanced_delivery_supervisor-24] [INFO] [1789490089.519931974] [robot_0.robot_supervisor]: Selected controllable event: EV_search_object
[balanced_delivery_supervisor-20] [INFO] [1789490089.639310710] [robot_2.robot_supervisor]: Selected controllable event: EV_search_color
[balanced_delivery_supervisor-24] [INFO] [1789490089.716709868] [robot_0.robot_supervisor]: Selected controllable event: EV_approach_object
[balanced_delivery_supervisor-20] [INFO] [1789490089.765156058] [robot_2.robot_supervisor]: ############################# VISIBLE: EV_object_visible #############################
[balanced_delivery_supervisor-20] [INFO] [1789490089.766002691] [robot_2.robot_supervisor]: Selected controllable event: EV_move_forward
[balanced_delivery_supervisor-22] [INFO] [1789490089.818571287] [robot_1.robot_supervisor]: ############################# REACHED: EV_object_reached #############################
[balanced_delivery_supervisor-22] [INFO] [1789490089.819377023] [robot_1.robot_supervisor]: Selected controllable event: EV_move_forward
[balanced_delivery_supervisor-24] [INFO] [1789490090.035795696] [robot_0.robot_supervisor]: ############################# REACHED: EV_object_reached #############################
[balanced_delivery_supervisor-24] [INFO] [1789490090.036687241] [robot_0.robot_supervisor]: Selected controllable event: EV_search_color
[balanced_delivery_supervisor-20] [INFO] [1789490090.037244822] [robot_2.robot_supervisor]: Selected controllable event: EV_approach_object
[balanced_delivery_supervisor-22] [INFO] [1789490090.109424467] [robot_1.robot_supervisor]: Selected controllable event: EV_approach_object
[balanced_delivery_supervisor-24] [INFO] [1789490090.238334969] [robot_0.robot_supervisor]: Selected controllable event: EV_approach_object
[balanced_delivery_supervisor-20] [INFO] [1789490090.240815874] [robot_2.robot_supervisor]: Selected controllable event: EV_approach_color
[balanced_delivery_supervisor-22] [INFO] [1789490090.415371363] [robot_1.robot_supervisor]: ############################# REACHED: EV_object_reached #############################
[balanced_delivery_supervisor-22] [INFO] [1789490090.417354511] [robot_1.robot_supervisor]: Selected controllable event: EV_approach_color
[balanced_delivery_supervisor-24] [INFO] [1789490090.518121523] [robot_0.robot_supervisor]: ############################# REACHED: EV_object_reached #############################
[balanced_delivery_supervisor-24] [INFO] [1789490090.521725887] [robot_0.robot_supervisor]: Selected controllable event: EV_move_forward
[balanced_delivery_supervisor-20] [INFO] [1789490090.531132265] [robot_2.robot_supervisor]: ############################# REACHED: EV_object_reached #############################
[balanced_delivery_supervisor-20] [INFO] [1789490090.540628625] [robot_2.robot_supervisor]: Selected controllable event: EV_search_color
[balanced_delivery_supervisor-22] [INFO] [1789490090.725968278] [robot_1.robot_supervisor]: Selected controllable event: EV_search_object
[balanced_delivery_supervisor-24] [INFO] [1789490090.730278021] [robot_0.robot_supervisor]: Selected controllable event: EV_approach_object
[balanced_delivery_supervisor-20] [INFO] [1789490090.744941788] [robot_2.robot_supervisor]: Selected controllable event: EV_move_forward
[color_detector-29] [INFO] [1789490090.763216971] [robot_1.target_detector]: RGB HEARTBEAT frames_total=230 recent_rate_hz=1.415 last_frame_age_s=0.529 status=OK
[color_detector-27] [INFO] [1789490090.767048524] [robot_2.target_detector]: RGB HEARTBEAT frames_total=230 recent_rate_hz=1.415 last_frame_age_s=0.489 status=OK
[color_detector-31] [INFO] [1789490090.770039080] [robot_0.target_detector]: RGB HEARTBEAT frames_total=230 recent_rate_hz=1.417 last_frame_age_s=0.415 status=OK
[balanced_delivery_supervisor-22] [INFO] [1789490090.906083028] [robot_1.robot_supervisor]: Selected controllable event: EV_move_forward
[balanced_delivery_supervisor-24] [INFO] [1789490091.020067023] [robot_0.robot_supervisor]: Selected controllable event: EV_approach_color
[balanced_delivery_supervisor-20] [INFO] [1789490091.050224930] [robot_2.robot_supervisor]: Selected controllable event: EV_approach_color
[balanced_delivery_supervisor-22] [INFO] [1789490091.206541207] [robot_1.robot_supervisor]: ############################# VISIBLE: EV_object_visible #############################
[balanced_delivery_supervisor-22] [INFO] [1789490091.207505257] [robot_1.robot_supervisor]: Selected controllable event: EV_move_forward
[balanced_delivery_supervisor-24] [INFO] [1789490091.224569379] [robot_0.robot_supervisor]: ############################# REACHED: EV_object_reached #############################
[balanced_delivery_supervisor-24] [INFO] [1789490091.231583795] [robot_0.robot_supervisor]: Selected controllable event: EV_move_forward
[balanced_delivery_supervisor-20] [INFO] [1789490091.348357920] [robot_2.robot_supervisor]: ############################# REACHED: EV_object_reached #############################
[balanced_delivery_supervisor-20] [INFO] [1789490091.349243019] [robot_2.robot_supervisor]: Selected controllable event: EV_search_color
[balanced_delivery_supervisor-22] [INFO] [1789490091.502715478] [robot_1.robot_supervisor]: Selected controllable event: EV_approach_color
[balanced_delivery_supervisor-24] [INFO] [1789490091.526748932] [robot_0.robot_supervisor]: Selected controllable event: EV_approach_color
[balanced_delivery_supervisor-20] [INFO] [1789490091.530072331] [robot_2.robot_supervisor]: Selected controllable event: EV_move_forward
[balanced_delivery_supervisor-22] [INFO] [1789490091.807560076] [robot_1.robot_supervisor]: ############################# REACHED: EV_object_reached #############################
[balanced_delivery_supervisor-22] [INFO] [1789490091.808443196] [robot_1.robot_supervisor]: Selected controllable event: EV_search_color
[balanced_delivery_supervisor-24] [INFO] [1789490091.824255961] [robot_0.robot_supervisor]: ############################# REACHED: EV_object_reached #############################
[balanced_delivery_supervisor-24] [INFO] [1789490091.827629867] [robot_0.robot_supervisor]: Selected controllable event: EV_move_forward
[balanced_delivery_supervisor-20] [INFO] [1789490091.843277304] [robot_2.robot_supervisor]: ############################# REACHED: EV_object_reached #############################
[balanced_delivery_supervisor-20] [INFO] [1789490091.845390166] [robot_2.robot_supervisor]: Selected controllable event: EV_move_forward
[balanced_delivery_supervisor-22] [INFO] [1789490091.999485766] [robot_1.robot_supervisor]: Selected controllable event: EV_approach_color
[balanced_delivery_supervisor-20] [INFO] [1789490092.129320138] [robot_2.robot_supervisor]: Selected controllable event: EV_approach_color
[balanced_delivery_supervisor-24] [INFO] [1789490092.136860607] [robot_0.robot_supervisor]: Selected controllable event: EV_approach_object
[balanced_delivery_supervisor-22] [INFO] [1789490092.203177701] [robot_1.robot_supervisor]: Selected controllable event: EV_approach_object
[balanced_delivery_supervisor-22] [INFO] [1789490092.423108142] [robot_1.robot_supervisor]: Triggered uncontrollable event: EV_obstacle_left
[balanced_delivery_supervisor-22] [INFO] [1789490092.423838947] [robot_1.robot_supervisor]: ############################# REACHED: EV_object_reached #############################
[balanced_delivery_supervisor-22] [INFO] [1789490092.424641725] [robot_1.robot_supervisor]: Selected controllable event: EV_u_turn
[balanced_delivery_supervisor-24] [INFO] [1789490092.423848202] [robot_0.robot_supervisor]: Selected controllable event: EV_move_forward
[balanced_delivery_supervisor-22] [INFO] [1789490092.443055083] [robot_1.robot_supervisor]: Starting FULL ROTATE (omega=1.000, have_odom=True, target_rad=3.142, timeout_s=3.500)
[balanced_delivery_supervisor-20] [INFO] [1789490092.458900698] [robot_2.robot_supervisor]: Triggered uncontrollable event: EV_obstacle_right
[balanced_delivery_supervisor-20] [INFO] [1789490092.461617723] [robot_2.robot_supervisor]: ############################# REACHED: EV_object_reached #############################
[balanced_delivery_supervisor-20] [INFO] [1789490092.462456888] [robot_2.robot_supervisor]: Selected controllable event: EV_rotate_counterclockwise
[balanced_delivery_supervisor-20] [INFO] [1789490092.636724663] [robot_2.robot_supervisor]: Triggered uncontrollable event: EV_obstacle_right
[balanced_delivery_supervisor-20] [INFO] [1789490092.637589424] [robot_2.robot_supervisor]: Selected controllable event: EV_u_turn
[balanced_delivery_supervisor-20] [INFO] [1789490092.651782794] [robot_2.robot_supervisor]: Starting FULL ROTATE (omega=1.000, have_odom=True, target_rad=3.142, timeout_s=3.500)
[balanced_delivery_supervisor-24] [INFO] [1789490092.731289365] [robot_0.robot_supervisor]: ############################# REACHED: EV_object_reached #############################
[balanced_delivery_supervisor-24] [INFO] [1789490092.738548149] [robot_0.robot_supervisor]: Selected controllable event: EV_search_object
[balanced_delivery_supervisor-24] [INFO] [1789490092.917346817] [robot_0.robot_supervisor]: Selected controllable event: EV_approach_object
[balanced_delivery_supervisor-24] [INFO] [1789490093.138721826] [robot_0.robot_supervisor]: Selected controllable event: EV_approach_color
[balanced_delivery_supervisor-24] [INFO] [1789490093.420736579] [robot_0.robot_supervisor]: Triggered uncontrollable event: EV_obstacle_right
[balanced_delivery_supervisor-24] [INFO] [1789490093.421387737] [robot_0.robot_supervisor]: ############################# REACHED: EV_object_reached #############################
[balanced_delivery_supervisor-24] [INFO] [1789490093.431375054] [robot_0.robot_supervisor]: Selected controllable event: EV_rotate_counterclockwise
[balanced_delivery_supervisor-24] [INFO] [1789490093.614156741] [robot_0.robot_supervisor]: Triggered uncontrollable event: EV_obstacle_right
[balanced_delivery_supervisor-24] [INFO] [1789490093.623249575] [robot_0.robot_supervisor]: Selected controllable event: EV_rotate_counterclockwise
[balanced_delivery_supervisor-24] [INFO] [1789490093.726610744] [robot_0.robot_supervisor]: Triggered uncontrollable event: EV_obstacle_right
[balanced_delivery_supervisor-24] [INFO] [1789490093.727434160] [robot_0.robot_supervisor]: Selected controllable event: EV_rotate_counterclockwise
[balanced_delivery_supervisor-24] [INFO] [1789490093.832477614] [robot_0.robot_supervisor]: Triggered uncontrollable event: EV_obstacle_right
[balanced_delivery_supervisor-24] [INFO] [1789490093.850612842] [robot_0.robot_supervisor]: Selected controllable event: EV_rotate_counterclockwise
[balanced_delivery_supervisor-24] [INFO] [1789490094.024984718] [robot_0.robot_supervisor]: Triggered uncontrollable event: EV_obstacle_right
[balanced_delivery_supervisor-24] [INFO] [1789490094.025698873] [robot_0.robot_supervisor]: ############################# REACHED: EV_object_reached #############################
[balanced_delivery_supervisor-24] [INFO] [1789490094.026510025] [robot_0.robot_supervisor]: Selected controllable event: EV_u_turn
[balanced_delivery_supervisor-24] [INFO] [1789490094.042061619] [robot_0.robot_supervisor]: Starting FULL ROTATE (omega=1.000, have_odom=True, target_rad=3.142, timeout_s=3.500)
[balanced_delivery_supervisor-22] [INFO] [1789490096.007505821] [robot_1.robot_supervisor]: FULL ROTATE completed by timeout
[balanced_delivery_supervisor-20] [INFO] [1789490096.148280070] [robot_2.robot_supervisor]: FULL ROTATE completed by timeout
[balanced_delivery_supervisor-22] [INFO] [1789490096.319665888] [robot_1.robot_supervisor]: ############################# REACHED: EV_object_reached #############################
[balanced_delivery_supervisor-22] [INFO] [1789490096.320695452] [robot_1.robot_supervisor]: Selected controllable event: EV_move_forward
[balanced_delivery_supervisor-20] [INFO] [1789490096.437657684] [robot_2.robot_supervisor]: Triggered uncontrollable event: EV_obstacle_right
[balanced_delivery_supervisor-20] [INFO] [1789490096.442011275] [robot_2.robot_supervisor]: ############################# REACHED: EV_object_reached #############################
[balanced_delivery_supervisor-20] [INFO] [1789490096.442621714] [robot_2.robot_supervisor]: Selected controllable event: EV_rotate_counterclockwise
[balanced_delivery_supervisor-20] [INFO] [1789490096.546909588] [robot_2.robot_supervisor]: Triggered uncontrollable event: EV_obstacle_right
[balanced_delivery_supervisor-20] [INFO] [1789490096.555280272] [robot_2.robot_supervisor]: Selected controllable event: EV_rotate_counterclockwise
[balanced_delivery_supervisor-22] [INFO] [1789490096.619093070] [robot_1.robot_supervisor]: ############################# REACHED: EV_object_reached #############################
[balanced_delivery_supervisor-22] [INFO] [1789490096.619998769] [robot_1.robot_supervisor]: Selected controllable event: EV_move_forward
[balanced_delivery_supervisor-20] [INFO] [1789490096.742893232] [robot_2.robot_supervisor]: Selected controllable event: EV_approach_color
[balanced_delivery_supervisor-22] [INFO] [1789490096.901889967] [robot_1.robot_supervisor]: Selected controllable event: EV_search_object
[balanced_delivery_supervisor-20] [INFO] [1789490097.029946286] [robot_2.robot_supervisor]: ############################# REACHED: EV_object_reached #############################
[balanced_delivery_supervisor-20] [INFO] [1789490097.037439261] [robot_2.robot_supervisor]: Selected controllable event: EV_approach_color
[balanced_delivery_supervisor-22] [INFO] [1789490097.098621101] [robot_1.robot_supervisor]: Selected controllable event: EV_search_color
[balanced_delivery_supervisor-22] [INFO] [1789490097.203121082] [robot_1.robot_supervisor]: Selected controllable event: EV_move_forward
[balanced_delivery_supervisor-20] [INFO] [1789490097.251538910] [robot_2.robot_supervisor]: Selected controllable event: EV_search_object
[balanced_delivery_supervisor-20] [INFO] [1789490097.427556691] [robot_2.robot_supervisor]: ############################# REACHED: EV_object_reached #############################
[balanced_delivery_supervisor-20] [INFO] [1789490097.428305369] [robot_2.robot_supervisor]: Selected controllable event: EV_move_forward
[balanced_delivery_supervisor-22] [INFO] [1789490097.507384601] [robot_1.robot_supervisor]: ############################# REACHED: EV_object_reached #############################
[balanced_delivery_supervisor-22] [INFO] [1789490097.517225451] [robot_1.robot_supervisor]: Selected controllable event: EV_approach_object
[balanced_delivery_supervisor-20] [INFO] [1789490097.636617855] [robot_2.robot_supervisor]: Selected controllable event: EV_search_object
[balanced_delivery_supervisor-24] [INFO] [1789490097.650631395] [robot_0.robot_supervisor]: FULL ROTATE completed by timeout
[color_detector-29] [INFO] [1789490097.714721272] [robot_1.target_detector]: RGB HEARTBEAT frames_total=240 recent_rate_hz=1.438 last_frame_age_s=0.468 status=OK
[color_detector-27] [INFO] [1789490097.723943229] [robot_2.target_detector]: RGB HEARTBEAT frames_total=240 recent_rate_hz=1.437 last_frame_age_s=0.370 status=OK
[color_detector-31] [INFO] [1789490097.731527174] [robot_0.target_detector]: RGB HEARTBEAT frames_total=240 recent_rate_hz=1.436 last_frame_age_s=0.248 status=OK
[balanced_delivery_supervisor-22] [INFO] [1789490097.804872233] [robot_1.robot_supervisor]: Selected controllable event: EV_search_object
[balanced_delivery_supervisor-20] [INFO] [1789490097.839427013] [robot_2.robot_supervisor]: Selected controllable event: EV_move_forward
[balanced_delivery_supervisor-24] [INFO] [1789490097.926715828] [robot_0.robot_supervisor]: ############################# REACHED: EV_object_reached #############################
[balanced_delivery_supervisor-24] [INFO] [1789490097.939532694] [robot_0.robot_supervisor]: Selected controllable event: EV_search_color
[balanced_delivery_supervisor-22] [INFO] [1789490098.012360526] [robot_1.robot_supervisor]: ############################# REACHED: EV_object_reached #############################
[balanced_delivery_supervisor-22] [INFO] [1789490098.013145459] [robot_1.robot_supervisor]: Selected controllable event: EV_search_color
[balanced_delivery_supervisor-24] [INFO] [1789490098.130735371] [robot_0.robot_supervisor]: ############################# REACHED: EV_object_reached #############################
[balanced_delivery_supervisor-24] [INFO] [1789490098.131532974] [robot_0.robot_supervisor]: Selected controllable event: EV_approach_object
[balanced_delivery_supervisor-20] [INFO] [1789490098.137387977] [robot_2.robot_supervisor]: ############################# REACHED: EV_object_reached #############################
[balanced_delivery_supervisor-20] [INFO] [1789490098.138211039] [robot_2.robot_supervisor]: Selected controllable event: EV_search_color
[balanced_delivery_supervisor-22] [INFO] [1789490098.198879293] [robot_1.robot_supervisor]: Selected controllable event: EV_approach_object
[balanced_delivery_supervisor-20] [INFO] [1789490098.337985986] [robot_2.robot_supervisor]: Selected controllable event: EV_search_object
[balanced_delivery_supervisor-22] [INFO] [1789490098.411984056] [robot_1.robot_supervisor]: Selected controllable event: EV_approach_color
[balanced_delivery_supervisor-24] [INFO] [1789490098.426484666] [robot_0.robot_supervisor]: Selected controllable event: EV_approach_color
[balanced_delivery_supervisor-20] [INFO] [1789490098.531962337] [robot_2.robot_supervisor]: Selected controllable event: EV_approach_color
[balanced_delivery_supervisor-22] [INFO] [1789490098.704335290] [robot_1.robot_supervisor]: Triggered uncontrollable event: EV_obstacle_left
[balanced_delivery_supervisor-22] [INFO] [1789490098.705612870] [robot_1.robot_supervisor]: ############################# REACHED: EV_object_reached #############################
[balanced_delivery_supervisor-22] [INFO] [1789490098.706411417] [robot_1.robot_supervisor]: Selected controllable event: EV_rotate_clockwise
[balanced_delivery_supervisor-24] [INFO] [1789490098.737162647] [robot_0.robot_supervisor]: ############################# REACHED: EV_object_reached #############################
[balanced_delivery_supervisor-24] [INFO] [1789490098.738050331] [robot_0.robot_supervisor]: Selected controllable event: EV_approach_object
[balanced_delivery_supervisor-20] [INFO] [1789490098.741254375] [robot_2.robot_supervisor]: ############################# REACHED: EV_object_reached #############################
[balanced_delivery_supervisor-20] [INFO] [1789490098.742055122] [robot_2.robot_supervisor]: Selected controllable event: EV_search_object
[INFO] [coverage_counter-4]: process has finished cleanly [pid 75961]
[INFO] [launch]: process[coverage_counter-4] was required: shutting down launched system
[INFO] [color_detector-31]: sending signal 'SIGINT' to process[color_detector-31]
[INFO] [image_processor-30]: sending signal 'SIGINT' to process[image_processor-30]
[INFO] [color_detector-29]: sending signal 'SIGINT' to process[color_detector-29]
[INFO] [image_processor-28]: sending signal 'SIGINT' to process[image_processor-28]
[INFO] [color_detector-27]: sending signal 'SIGINT' to process[color_detector-27]
[INFO] [image_processor-26]: sending signal 'SIGINT' to process[image_processor-26]
[INFO] [stuck_recovery-25]: sending signal 'SIGINT' to process[stuck_recovery-25]
[INFO] [balanced_delivery_supervisor-24]: sending signal 'SIGINT' to process[balanced_delivery_supervisor-24]
[INFO] [stuck_recovery-23]: sending signal 'SIGINT' to process[stuck_recovery-23]
[INFO] [balanced_delivery_supervisor-22]: sending signal 'SIGINT' to process[balanced_delivery_supervisor-22]
[INFO] [stuck_recovery-21]: sending signal 'SIGINT' to process[stuck_recovery-21]
[INFO] [balanced_delivery_supervisor-20]: sending signal 'SIGINT' to process[balanced_delivery_supervisor-20]
[INFO] [parameter_bridge-19]: sending signal 'SIGINT' to process[parameter_bridge-19]
[INFO] [image_bridge-18]: sending signal 'SIGINT' to process[image_bridge-18]
[INFO] [parameter_bridge-19]: process has finished cleanly [pid 76214]
[INFO] [static_transform_publisher-17]: sending signal 'SIGINT' to process[static_transform_publisher-17]
[INFO] [robot_state_publisher-15]: sending signal 'SIGINT' to process[robot_state_publisher-15]
[INFO] [image_bridge-14]: sending signal 'SIGINT' to process[image_bridge-14]
[INFO] [static_transform_publisher-13]: sending signal 'SIGINT' to process[static_transform_publisher-13]
[INFO] [robot_state_publisher-11]: sending signal 'SIGINT' to process[robot_state_publisher-11]
[INFO] [image_bridge-10]: sending signal 'SIGINT' to process[image_bridge-10]
[INFO] [static_transform_publisher-9]: sending signal 'SIGINT' to process[static_transform_publisher-9]
[INFO] [robot_state_publisher-7]: sending signal 'SIGINT' to process[robot_state_publisher-7]
[INFO] [parameter_bridge-6]: sending signal 'SIGINT' to process[parameter_bridge-6]
[INFO] [bump_counter-5]: sending signal 'SIGINT' to process[bump_counter-5]
[INFO] [simulation_video_recorder-3]: sending signal 'SIGINT' to process[simulation_video_recorder-3]
[INFO] [parameter_bridge-6]: process has finished cleanly [pid 75984]
[INFO] [image_bridge-2]: sending signal 'SIGINT' to process[image_bridge-2]
[INFO] [ign gazebo-1]: sending signal 'SIGINT' to process[ign gazebo-1]
[balanced_delivery_supervisor-20] [INFO] [1789490098.844527074] [robot_2.robot_supervisor]: Selected controllable event: EV_move_forward
[balanced_delivery_supervisor-22] [INFO] [1789490098.904392625] [robot_1.robot_supervisor]: Triggered uncontrollable event: EV_obstacle_left
[balanced_delivery_supervisor-22] [INFO] [1789490098.905214210] [robot_1.robot_supervisor]: Selected controllable event: EV_u_turn
[balanced_delivery_supervisor-22] [INFO] [1789490098.905834322] [robot_1.robot_supervisor]: Starting FULL ROTATE (omega=1.000, have_odom=True, target_rad=3.142, timeout_s=3.500)
[balanced_delivery_supervisor-24] [INFO] [1789490099.041091805] [robot_0.robot_supervisor]: Selected controllable event: EV_approach_object
[balanced_delivery_supervisor-20] [INFO] [1789490099.065531361] [robot_2.robot_supervisor]: Selected controllable event: EV_approach_object
[balanced_delivery_supervisor-24] [INFO] [1789490099.305607043] [robot_0.robot_supervisor]: Selected controllable event: EV_search_object
[balanced_delivery_supervisor-24] [INFO] [1789490099.425983571] [robot_0.robot_supervisor]: Selected controllable event: EV_approach_color
[balanced_delivery_supervisor-20] [INFO] [1789490099.359495186] [robot_2.robot_supervisor]: Selected controllable event: EV_search_color
[balanced_delivery_supervisor-20] [INFO] [1789490099.554534665] [robot_2.robot_supervisor]: ############################# REACHED: EV_object_reached #############################
[balanced_delivery_supervisor-20] [INFO] [1789490099.574812886] [robot_2.robot_supervisor]: Selected controllable event: EV_move_forward
[balanced_delivery_supervisor-20] [INFO] [1789490099.879812331] [robot_2.robot_supervisor]: Selected controllable event: EV_search_color
[parameter_bridge-19] [INFO] [1789490099.987362534] [rclcpp]: signal_handler(SIGINT/SIGTERM)
[image_bridge-18] [INFO] [1789490100.045813873] [rclcpp]: signal_handler(SIGINT/SIGTERM)
[static_transform_publisher-17] [INFO] [1789490100.096009471] [rclcpp]: signal_handler(SIGINT/SIGTERM)
[robot_state_publisher-15] [INFO] [1789490100.126157813] [rclcpp]: signal_handler(SIGINT/SIGTERM)
[image_bridge-14] [INFO] [1789490100.181940165] [rclcpp]: signal_handler(SIGINT/SIGTERM)
[static_transform_publisher-13] [INFO] [1789490100.252345340] [rclcpp]: signal_handler(SIGINT/SIGTERM)
[robot_state_publisher-11] [INFO] [1789490100.332801160] [rclcpp]: signal_handler(SIGINT/SIGTERM)
[image_bridge-10] [INFO] [1789490100.376664282] [rclcpp]: signal_handler(SIGINT/SIGTERM)
[static_transform_publisher-9] [INFO] [1789490100.445815464] [rclcpp]: signal_handler(SIGINT/SIGTERM)
[robot_state_publisher-7] [INFO] [1789490100.509430936] [rclcpp]: signal_handler(SIGINT/SIGTERM)
[color_detector-31] Traceback (most recent call last):
[color_detector-31]   File "/home/ecem/sct_ws/install/leo_image_processing/lib/leo_image_processing/color_detector", line 33, in <module>
[color_detector-31]     sys.exit(load_entry_point('leo-image-processing==0.0.0', 'console_scripts', 'color_detector')())
[color_detector-31]   File "/home/ecem/sct_ws/install/leo_image_processing/lib/python3.10/site-packages/color_detector.py", line 330, in main
[color_detector-31]     rclpy.shutdown()
[color_detector-31]   File "/opt/ros/humble/local/lib/python3.10/dist-packages/rclpy/__init__.py", line 130, in shutdown
[color_detector-31]     _shutdown(context=context)
[color_detector-31]   File "/opt/ros/humble/local/lib/python3.10/dist-packages/rclpy/utilities.py", line 58, in shutdown
[color_detector-31]     return context.shutdown()
[color_detector-31]   File "/opt/ros/humble/local/lib/python3.10/dist-packages/rclpy/context.py", line 102, in shutdown
[color_detector-31]     self.__context.shutdown()
[color_detector-31] rclpy._rclpy_pybind11.RCLError: failed to shutdown: rcl_shutdown already called on the given context, at ./src/rcl/init.c:241
[parameter_bridge-6] [INFO] [1789490100.604612411] [rclcpp]: signal_handler(SIGINT/SIGTERM)
[image_processor-30] Traceback (most recent call last):
[image_processor-30]   File "/home/ecem/sct_ws/install/leo_image_processing/lib/leo_image_processing/image_processor", line 33, in <module>
[image_processor-30]     sys.exit(load_entry_point('leo-image-processing==0.0.0', 'console_scripts', 'image_processor')())
[image_processor-30]   File "/home/ecem/sct_ws/install/leo_image_processing/lib/python3.10/site-packages/leo_image_processing.py", line 118, in main
[image_processor-30]     rclpy.shutdown()
[image_processor-30]   File "/opt/ros/humble/local/lib/python3.10/dist-packages/rclpy/__init__.py", line 130, in shutdown
[image_processor-30]     _shutdown(context=context)
[image_processor-30]   File "/opt/ros/humble/local/lib/python3.10/dist-packages/rclpy/utilities.py", line 58, in shutdown
[image_processor-30]     return context.shutdown()
[image_processor-30]   File "/opt/ros/humble/local/lib/python3.10/dist-packages/rclpy/context.py", line 102, in shutdown
[image_processor-30]     self.__context.shutdown()
[image_processor-30] rclpy._rclpy_pybind11.RCLError: failed to shutdown: rcl_shutdown already called on the given context, at ./src/rcl/init.c:241
[color_detector-29] Traceback (most recent call last):
[color_detector-29]   File "/home/ecem/sct_ws/install/leo_image_processing/lib/leo_image_processing/color_detector", line 33, in <module>
[color_detector-29]     sys.exit(load_entry_point('leo-image-processing==0.0.0', 'console_scripts', 'color_detector')())
[color_detector-29]   File "/home/ecem/sct_ws/install/leo_image_processing/lib/python3.10/site-packages/color_detector.py", line 330, in main
[color_detector-29]     rclpy.shutdown()
[color_detector-29]   File "/opt/ros/humble/local/lib/python3.10/dist-packages/rclpy/__init__.py", line 130, in shutdown
[color_detector-29]     _shutdown(context=context)
[color_detector-29]   File "/opt/ros/humble/local/lib/python3.10/dist-packages/rclpy/utilities.py", line 58, in shutdown
[color_detector-29]     return context.shutdown()
[color_detector-29]   File "/opt/ros/humble/local/lib/python3.10/dist-packages/rclpy/context.py", line 102, in shutdown
[color_detector-29]     self.__context.shutdown()
[color_detector-29] rclpy._rclpy_pybind11.RCLError: failed to shutdown: rcl_shutdown already called on the given context, at ./src/rcl/init.c:241
[image_processor-28] Traceback (most recent call last):
[image_processor-28]   File "/home/ecem/sct_ws/install/leo_image_processing/lib/leo_image_processing/image_processor", line 33, in <module>
[image_processor-28]     sys.exit(load_entry_point('leo-image-processing==0.0.0', 'console_scripts', 'image_processor')())
[image_processor-28]   File "/home/ecem/sct_ws/install/leo_image_processing/lib/python3.10/site-packages/leo_image_processing.py", line 118, in main
[image_processor-28]     rclpy.shutdown()
[image_processor-28]   File "/opt/ros/humble/local/lib/python3.10/dist-packages/rclpy/__init__.py", line 130, in shutdown
[image_processor-28]     _shutdown(context=context)
[image_processor-28]   File "/opt/ros/humble/local/lib/python3.10/dist-packages/rclpy/utilities.py", line 58, in shutdown
[image_processor-28]     return context.shutdown()
[image_processor-28]   File "/opt/ros/humble/local/lib/python3.10/dist-packages/rclpy/context.py", line 102, in shutdown
[image_processor-28]     self.__context.shutdown()
[image_processor-28] rclpy._rclpy_pybind11.RCLError: failed to shutdown: rcl_shutdown already called on the given context, at ./src/rcl/init.c:241
[image_bridge-2] [INFO] [1789490100.839423583] [rclcpp]: signal_handler(SIGINT/SIGTERM)
[image_processor-26] Traceback (most recent call last):
[image_processor-26]   File "/home/ecem/sct_ws/install/leo_image_processing/lib/leo_image_processing/image_processor", line 33, in <module>
[image_processor-26]     sys.exit(load_entry_point('leo-image-processing==0.0.0', 'console_scripts', 'image_processor')())
[image_processor-26]   File "/home/ecem/sct_ws/install/leo_image_processing/lib/python3.10/site-packages/leo_image_processing.py", line 118, in main
[image_processor-26]     rclpy.shutdown()
[image_processor-26]   File "/opt/ros/humble/local/lib/python3.10/dist-packages/rclpy/__init__.py", line 130, in shutdown
[image_processor-26]     _shutdown(context=context)
[image_processor-26]   File "/opt/ros/humble/local/lib/python3.10/dist-packages/rclpy/utilities.py", line 58, in shutdown
[image_processor-26]     return context.shutdown()
[image_processor-26]   File "/opt/ros/humble/local/lib/python3.10/dist-packages/rclpy/context.py", line 102, in shutdown
[image_processor-26]     self.__context.shutdown()
[image_processor-26] rclpy._rclpy_pybind11.RCLError: failed to shutdown: rcl_shutdown already called on the given context, at ./src/rcl/init.c:241
[color_detector-27] Traceback (most recent call last):
[color_detector-27]   File "/home/ecem/sct_ws/install/leo_image_processing/lib/python3.10/site-packages/color_detector.py", line 325, in main
[color_detector-27]     rclpy.spin(node)
[color_detector-27]   File "/opt/ros/humble/local/lib/python3.10/dist-packages/rclpy/__init__.py", line 229, in spin
[color_detector-27]     executor.spin_once()
[color_detector-27]   File "/opt/ros/humble/local/lib/python3.10/dist-packages/rclpy/executors.py", line 773, in spin_once
[color_detector-27]     self._spin_once_impl(timeout_sec)
[color_detector-27]   File "/opt/ros/humble/local/lib/python3.10/dist-packages/rclpy/executors.py", line 770, in _spin_once_impl
[color_detector-27]     raise handler.exception()
[color_detector-27]   File "/opt/ros/humble/local/lib/python3.10/dist-packages/rclpy/task.py", line 254, in __call__
[color_detector-27]     self._handler.send(None)
[color_detector-27]   File "/opt/ros/humble/local/lib/python3.10/dist-packages/rclpy/executors.py", line 453, in handler
[color_detector-27]     arg = take_from_wait_list(entity)
[color_detector-27]   File "/opt/ros/humble/local/lib/python3.10/dist-packages/rclpy/executors.py", line 375, in _take_subscription
[color_detector-27]     msg_info = sub.handle.take_message(sub.msg_type, sub.raw)
[color_detector-27] RuntimeError: Unable to convert call argument to Python object (compile in debug mode for details)
[color_detector-27] 
[color_detector-27] During handling of the above exception, another exception occurred:
[color_detector-27] 
[color_detector-27] Traceback (most recent call last):
[color_detector-27]   File "/home/ecem/sct_ws/install/leo_image_processing/lib/leo_image_processing/color_detector", line 33, in <module>
[color_detector-27]     sys.exit(load_entry_point('leo-image-processing==0.0.0', 'console_scripts', 'color_detector')())
[color_detector-27]   File "/home/ecem/sct_ws/install/leo_image_processing/lib/python3.10/site-packages/color_detector.py", line 330, in main
[color_detector-27]     rclpy.shutdown()
[color_detector-27]   File "/opt/ros/humble/local/lib/python3.10/dist-packages/rclpy/__init__.py", line 130, in shutdown
[color_detector-27]     _shutdown(context=context)
[color_detector-27]   File "/opt/ros/humble/local/lib/python3.10/dist-packages/rclpy/utilities.py", line 58, in shutdown
[color_detector-27]     return context.shutdown()
[color_detector-27]   File "/opt/ros/humble/local/lib/python3.10/dist-packages/rclpy/context.py", line 102, in shutdown
[color_detector-27]     self.__context.shutdown()
[color_detector-27] rclpy._rclpy_pybind11.RCLError: failed to shutdown: rcl_shutdown already called on the given context, at ./src/rcl/init.c:241
[ERROR] [image_processor-30]: process has died [pid 77084, exit code 1, cmd '/home/ecem/sct_ws/install/leo_image_processing/lib/leo_image_processing/image_processor --ros-args -r __node:=image_processor -r __ns:=/robot_0 --params-file /tmp/launch_params_d0j2je07 --params-file /tmp/launch_params_hbcstdm0 --params-file /tmp/launch_params_dujkq8mr'].
[INFO] [static_transform_publisher-17]: process has finished cleanly [pid 76147]
[INFO] [robot_state_publisher-15]: process has finished cleanly [pid 76101]
[INFO] [image_bridge-18]: process has finished cleanly [pid 76160]
[INFO] [static_transform_publisher-13]: process has finished cleanly [pid 76074]
[ERROR] [color_detector-31]: process has died [pid 77086, exit code 1, cmd '/home/ecem/sct_ws/install/leo_image_processing/lib/leo_image_processing/color_detector --ros-args -r __node:=target_detector -r __ns:=/robot_0 --params-file /tmp/launch_params_3nc4q5ey --params-file /tmp/launch_params_k171132r --params-file /tmp/launch_params_4_j2grtw --params-file /tmp/launch_params_eefp377_ --params-file /tmp/launch_params_pnj7ph4l --params-file /tmp/launch_params_0aypwnzq'].
[INFO] [image_bridge-14]: process has finished cleanly [pid 76087]
[stuck_recovery-25] Traceback (most recent call last):
[stuck_recovery-25]   File "/home/ecem/sct_ws/install/leo_image_processing/lib/leo_image_processing/stuck_recovery", line 33, in <module>
[stuck_recovery-25]     sys.exit(load_entry_point('leo-image-processing==0.0.0', 'console_scripts', 'stuck_recovery')())
[stuck_recovery-25]   File "/home/ecem/sct_ws/install/leo_image_processing/lib/python3.10/site-packages/stuck_recovery.py", line 294, in main
[stuck_recovery-25]     rclpy.shutdown()
[stuck_recovery-25]   File "/opt/ros/humble/local/lib/python3.10/dist-packages/rclpy/__init__.py", line 130, in shutdown
[stuck_recovery-25]     _shutdown(context=context)
[stuck_recovery-25]   File "/opt/ros/humble/local/lib/python3.10/dist-packages/rclpy/utilities.py", line 58, in shutdown
[stuck_recovery-25]     return context.shutdown()
[stuck_recovery-25]   File "/opt/ros/humble/local/lib/python3.10/dist-packages/rclpy/context.py", line 102, in shutdown
[stuck_recovery-25]     self.__context.shutdown()
[stuck_recovery-25] rclpy._rclpy_pybind11.RCLError: failed to shutdown: rcl_shutdown already called on the given context, at ./src/rcl/init.c:241
[stuck_recovery-23] Traceback (most recent call last):
[stuck_recovery-23]   File "/home/ecem/sct_ws/install/leo_image_processing/lib/leo_image_processing/stuck_recovery", line 33, in <module>
[stuck_recovery-23]     sys.exit(load_entry_point('leo-image-processing==0.0.0', 'console_scripts', 'stuck_recovery')())
[stuck_recovery-23]   File "/home/ecem/sct_ws/install/leo_image_processing/lib/python3.10/site-packages/stuck_recovery.py", line 294, in main
[stuck_recovery-23]     rclpy.shutdown()
[stuck_recovery-23]   File "/opt/ros/humble/local/lib/python3.10/dist-packages/rclpy/__init__.py", line 130, in shutdown
[stuck_recovery-23]     _shutdown(context=context)
[stuck_recovery-23]   File "/opt/ros/humble/local/lib/python3.10/dist-packages/rclpy/utilities.py", line 58, in shutdown
[stuck_recovery-23]     return context.shutdown()
[stuck_recovery-23]   File "/opt/ros/humble/local/lib/python3.10/dist-packages/rclpy/context.py", line 102, in shutdown
[stuck_recovery-23]     self.__context.shutdown()
[stuck_recovery-23] rclpy._rclpy_pybind11.RCLError: failed to shutdown: rcl_shutdown already called on the given context, at ./src/rcl/init.c:241
[INFO] [robot_state_publisher-11]: process has finished cleanly [pid 76042]
[stuck_recovery-21] Traceback (most recent call last):
[stuck_recovery-21]   File "/home/ecem/sct_ws/install/leo_image_processing/lib/leo_image_processing/stuck_recovery", line 33, in <module>
[stuck_recovery-21]     sys.exit(load_entry_point('leo-image-processing==0.0.0', 'console_scripts', 'stuck_recovery')())
[stuck_recovery-21]   File "/home/ecem/sct_ws/install/leo_image_processing/lib/python3.10/site-packages/stuck_recovery.py", line 294, in main
[stuck_recovery-21]     rclpy.shutdown()
[stuck_recovery-21]   File "/opt/ros/humble/local/lib/python3.10/dist-packages/rclpy/__init__.py", line 130, in shutdown
[stuck_recovery-21]     _shutdown(context=context)
[stuck_recovery-21]   File "/opt/ros/humble/local/lib/python3.10/dist-packages/rclpy/utilities.py", line 58, in shutdown
[stuck_recovery-21]     return context.shutdown()
[stuck_recovery-21]   File "/opt/ros/humble/local/lib/python3.10/dist-packages/rclpy/context.py", line 102, in shutdown
[stuck_recovery-21]     self.__context.shutdown()
[stuck_recovery-21] rclpy._rclpy_pybind11.RCLError: failed to shutdown: rcl_shutdown already called on the given context, at ./src/rcl/init.c:241
[INFO] [static_transform_publisher-9]: process has finished cleanly [pid 76015]
[ERROR] [image_processor-28]: process has died [pid 77045, exit code 1, cmd '/home/ecem/sct_ws/install/leo_image_processing/lib/leo_image_processing/image_processor --ros-args -r __node:=image_processor -r __ns:=/robot_1 --params-file /tmp/launch_params_56cvrllp --params-file /tmp/launch_params_f8jp8x3z --params-file /tmp/launch_params_e91n6ezi'].
[ERROR] [color_detector-29]: process has died [pid 77049, exit code 1, cmd '/home/ecem/sct_ws/install/leo_image_processing/lib/leo_image_processing/color_detector --ros-args -r __node:=target_detector -r __ns:=/robot_1 --params-file /tmp/launch_params_tk11yxdk --params-file /tmp/launch_params_bep82uqe --params-file /tmp/launch_params_eat7i43y --params-file /tmp/launch_params_xd1ho4ak --params-file /tmp/launch_params_3i6oearq --params-file /tmp/launch_params_s8phnjzs'].
[INFO] [balanced_delivery_supervisor-22]: process has finished cleanly [pid 76795]
[INFO] [image_bridge-10]: process has finished cleanly [pid 76029]
[INFO] [robot_state_publisher-7]: process has finished cleanly [pid 75995]
[balanced_delivery_supervisor-20] Traceback (most recent call last):
[balanced_delivery_supervisor-20]   File "/home/ecem/sct_ws/install/leo_delivery/lib/leo_delivery/balanced_delivery_supervisor", line 33, in <module>
[balanced_delivery_supervisor-20]     sys.exit(load_entry_point('leo-delivery==0.0.0', 'console_scripts', 'balanced_delivery_supervisor')())
[balanced_delivery_supervisor-20]   File "/home/ecem/sct_ws/install/leo_delivery/lib/python3.10/site-packages/leo_delivery/balanced_delivery_supervisor.py", line 336, in main
[balanced_delivery_supervisor-20]     rclpy.spin(node)
[balanced_delivery_supervisor-20]   File "/opt/ros/humble/local/lib/python3.10/dist-packages/rclpy/__init__.py", line 229, in spin
[balanced_delivery_supervisor-20]     executor.spin_once()
[balanced_delivery_supervisor-20]   File "/opt/ros/humble/local/lib/python3.10/dist-packages/rclpy/executors.py", line 773, in spin_once
[balanced_delivery_supervisor-20]     self._spin_once_impl(timeout_sec)
[balanced_delivery_supervisor-20]   File "/opt/ros/humble/local/lib/python3.10/dist-packages/rclpy/executors.py", line 770, in _spin_once_impl
[balanced_delivery_supervisor-20]     raise handler.exception()
[balanced_delivery_supervisor-20]   File "/opt/ros/humble/local/lib/python3.10/dist-packages/rclpy/task.py", line 254, in __call__
[balanced_delivery_supervisor-20]     self._handler.send(None)
[balanced_delivery_supervisor-20]   File "/opt/ros/humble/local/lib/python3.10/dist-packages/rclpy/executors.py", line 453, in handler
[balanced_delivery_supervisor-20]     arg = take_from_wait_list(entity)
[balanced_delivery_supervisor-20]   File "/opt/ros/humble/local/lib/python3.10/dist-packages/rclpy/executors.py", line 375, in _take_subscription
[balanced_delivery_supervisor-20]     msg_info = sub.handle.take_message(sub.msg_type, sub.raw)
[balanced_delivery_supervisor-20] RuntimeError: Unable to convert call argument to Python object (compile in debug mode for details)
[INFO] [balanced_delivery_supervisor-24]: process has finished cleanly [pid 76801]
[ERROR] [image_processor-26]: process has died [pid 77023, exit code 1, cmd '/home/ecem/sct_ws/install/leo_image_processing/lib/leo_image_processing/image_processor --ros-args -r __node:=image_processor -r __ns:=/robot_2 --params-file /tmp/launch_params_9wufwnws --params-file /tmp/launch_params_frugo662 --params-file /tmp/launch_params_dzh5myqc'].
[ERROR] [color_detector-27]: process has died [pid 77026, exit code 1, cmd '/home/ecem/sct_ws/install/leo_image_processing/lib/leo_image_processing/color_detector --ros-args -r __node:=target_detector -r __ns:=/robot_2 --params-file /tmp/launch_params_qvjgli3w --params-file /tmp/launch_params_xf58d7lw --params-file /tmp/launch_params_napyiv55 --params-file /tmp/launch_params_tnz8oz93 --params-file /tmp/launch_params_mt1m1rzi --params-file /tmp/launch_params__e4nw39g'].
[ERROR] [stuck_recovery-21]: process has died [pid 76789, exit code 1, cmd '/home/ecem/sct_ws/install/leo_image_processing/lib/leo_image_processing/stuck_recovery --ros-args -r __node:=stuck_recovery -r __ns:=/robot_2 --params-file /tmp/launch_params_o33_n1fj --params-file /tmp/launch_params_sd90xzxv --params-file /tmp/launch_params_xtev4uy7 --params-file /tmp/launch_params_a24n8z2_ --params-file /tmp/launch_params_1c72dqv5 --params-file /tmp/launch_params_1c94m74u --params-file /tmp/launch_params_2lpzf9rn --params-file /tmp/launch_params_vn7sa99k --params-file /tmp/launch_params_2ss_77ca --params-file /tmp/launch_params_unjszrli'].
[ERROR] [stuck_recovery-25]: process has died [pid 76804, exit code 1, cmd '/home/ecem/sct_ws/install/leo_image_processing/lib/leo_image_processing/stuck_recovery --ros-args -r __node:=stuck_recovery -r __ns:=/robot_0 --params-file /tmp/launch_params_5qag5d4h --params-file /tmp/launch_params_x1cgwm4i --params-file /tmp/launch_params_z6uk6hjh --params-file /tmp/launch_params_rkhbaxhn --params-file /tmp/launch_params_lo6wd9rf --params-file /tmp/launch_params_0qxoi01q --params-file /tmp/launch_params_2tds9znl --params-file /tmp/launch_params_398kh5p3 --params-file /tmp/launch_params_81rdhw7s --params-file /tmp/launch_params_5nq5h290'].
[ERROR] [stuck_recovery-23]: process has died [pid 76797, exit code 1, cmd '/home/ecem/sct_ws/install/leo_image_processing/lib/leo_image_processing/stuck_recovery --ros-args -r __node:=stuck_recovery -r __ns:=/robot_1 --params-file /tmp/launch_params_l7r2cyfa --params-file /tmp/launch_params_pt51iy1z --params-file /tmp/launch_params_znmagon6 --params-file /tmp/launch_params_pj8mostm --params-file /tmp/launch_params_4hjn3cpa --params-file /tmp/launch_params_5bwhejm4 --params-file /tmp/launch_params_gjzioj1w --params-file /tmp/launch_params_se7xux5y --params-file /tmp/launch_params_si7sfw9g --params-file /tmp/launch_params_uz9exkwr'].
[ERROR] [balanced_delivery_supervisor-20]: process has died [pid 76787, exit code 1, cmd '/home/ecem/sct_ws/install/leo_delivery/lib/leo_delivery/balanced_delivery_supervisor --ros-args -r __node:=robot_supervisor -r __ns:=/robot_2 --params-file /tmp/launch_params_1c163g8g --params-file /tmp/launch_params_kd40kycx --params-file /tmp/launch_params_awnuba56 --params-file /tmp/launch_params_6fhd109q --params-file /tmp/launch_params_urn1zlqd --params-file /tmp/launch_params_5pq243qn --params-file /tmp/launch_params_agowwwe1 --params-file /tmp/launch_params_qznhj18b --params-file /tmp/launch_params_0ytmwqjs -r cmd_vel:=cmd_vel_supervisor'].
[bump_counter-5] Traceback (most recent call last):
[bump_counter-5]   File "/home/ecem/sct_ws/install/evaluation/lib/evaluation/bump_counter", line 33, in <module>
[bump_counter-5]     sys.exit(load_entry_point('evaluation==0.0.0', 'console_scripts', 'bump_counter')())
[bump_counter-5]   File "/home/ecem/sct_ws/install/evaluation/lib/python3.10/site-packages/evaluation/bump_counter.py", line 697, in main
[bump_counter-5]     rclpy.shutdown()
[bump_counter-5]   File "/opt/ros/humble/local/lib/python3.10/dist-packages/rclpy/__init__.py", line 130, in shutdown
[bump_counter-5]     _shutdown(context=context)
[bump_counter-5]   File "/opt/ros/humble/local/lib/python3.10/dist-packages/rclpy/utilities.py", line 58, in shutdown
[bump_counter-5]     return context.shutdown()
[bump_counter-5]   File "/opt/ros/humble/local/lib/python3.10/dist-packages/rclpy/context.py", line 102, in shutdown
[bump_counter-5]     self.__context.shutdown()
[bump_counter-5] rclpy._rclpy_pybind11.RCLError: failed to shutdown: rcl_shutdown already called on the given context, at ./src/rcl/init.c:241
[ERROR] [bump_counter-5]: process has died [pid 75966, exit code 1, cmd '/home/ecem/sct_ws/install/evaluation/lib/evaluation/bump_counter --ros-args -r __node:=bump_counter --params-file /tmp/launch_params_8uk74958 --params-file /tmp/launch_params_02s1p9o1 --params-file /tmp/launch_params_gzhylps8 --params-file /tmp/launch_params_db2zeayp --params-file /tmp/launch_params_avljz266 --params-file /tmp/launch_params_ze7835en --params-file /tmp/launch_params_esxkzf5t --params-file /tmp/launch_params_tdj52u39'].
[INFO] [image_bridge-2]: process has finished cleanly [pid 75948]
[INFO] [simulation_video_recorder-3]: process has finished cleanly [pid 75959]
[ERROR] [ign gazebo-1]: process[ign gazebo-1] failed to terminate '5' seconds after receiving 'SIGINT', escalating to 'SIGTERM'
[INFO] [ign gazebo-1]: sending signal 'SIGTERM' to process[ign gazebo-1]
[ERROR] [ign gazebo-1]: process has died [pid 75944, exit code -15, cmd 'ruby /usr/bin/ign gazebo /tmp/leo_delivery_no_overhead_camera_3y95gwha.sdf -s --headless-rendering -r -z 200 --force-version 6'].
[INFO] [launch]: process[ign gazebo-1] was required: shutting down launched system
