[INFO] [launch]: All log files can be found below /home/ecem/sct_ws/src/llm_sct/RESULTS_LAST/baseline/delivery_stack_xml/batch_logs/ros_slot3/2026-09-15-18-31-54-960199-ecem-pc-75743
[INFO] [launch]: Default logging verbosity is set to INFO
[leo_delivery] randomized task layout with seed 1008
[spawn_multi_robots] run_id=run_20260915_183155_641849368 random_seed=1008 
[INFO] [ign gazebo-1]: process started with pid [75870]
[INFO] [image_bridge-2]: process started with pid [75872]
[INFO] [simulation_video_recorder-3]: process started with pid [75877]
[INFO] [coverage_counter-4]: process started with pid [75879]
[INFO] [bump_counter-5]: process started with pid [75897]
[INFO] [parameter_bridge-6]: process started with pid [75902]
[INFO] [robot_state_publisher-7]: process started with pid [75905]
[INFO] [create-8]: process started with pid [75917]
[INFO] [static_transform_publisher-9]: process started with pid [75925]
[INFO] [image_bridge-10]: process started with pid [75929]
[INFO] [robot_state_publisher-11]: process started with pid [75933]
[INFO] [create-12]: process started with pid [75945]
[INFO] [static_transform_publisher-13]: process started with pid [75964]
[INFO] [image_bridge-14]: process started with pid [75985]
[INFO] [robot_state_publisher-15]: process started with pid [76012]
[INFO] [create-16]: process started with pid [76022]
[INFO] [static_transform_publisher-17]: process started with pid [76039]
[INFO] [image_bridge-18]: process started with pid [76054]
[INFO] [parameter_bridge-19]: process started with pid [76073]
[static_transform_publisher-9] [WARN] [1789489916.066257475] []: Old-style arguments are deprecated; see --help for new-style arguments
[static_transform_publisher-9] [INFO] [1789489916.151572715] [robot_0_spawn_offset_tf]: Spinning until stopped - publishing transform
[static_transform_publisher-9] translation: ('0.705925', '2.458584', '0.000000')
[static_transform_publisher-9] rotation: ('0.000000', '0.000000', '-0.725656', '0.688057')
[static_transform_publisher-9] from 'odom' to 'robot_0/odom'
[static_transform_publisher-13] [WARN] [1789489916.097913522] []: Old-style arguments are deprecated; see --help for new-style arguments
[static_transform_publisher-13] [INFO] [1789489916.159627118] [robot_1_spawn_offset_tf]: Spinning until stopped - publishing transform
[static_transform_publisher-13] translation: ('1.320882', '-1.153010', '0.000000')
[static_transform_publisher-13] rotation: ('0.000000', '0.000000', '-0.771141', '0.636665')
[static_transform_publisher-13] from 'odom' to 'robot_1/odom'
[static_transform_publisher-17] [WARN] [1789489916.222956371] []: Old-style arguments are deprecated; see --help for new-style arguments
[create-8] [INFO] [1789489916.502718007] [robot_0.ros_gz_sim]: Requesting list of world names.
[robot_state_publisher-7] [INFO] [1789489916.518698216] [robot_0.robot_state_publisher]: got segment robot_0/antenna_link
[robot_state_publisher-7] [INFO] [1789489916.518833249] [robot_0.robot_state_publisher]: got segment robot_0/base_footprint
[robot_state_publisher-7] [INFO] [1789489916.518857608] [robot_0.robot_state_publisher]: got segment robot_0/base_link
[robot_state_publisher-7] [INFO] [1789489916.518869546] [robot_0.robot_state_publisher]: got segment robot_0/realsense_link
[robot_state_publisher-7] [INFO] [1789489916.518879975] [robot_0.robot_state_publisher]: got segment robot_0/rocker_L_link
[robot_state_publisher-7] [INFO] [1789489916.518889872] [robot_0.robot_state_publisher]: got segment robot_0/rocker_R_link
[robot_state_publisher-7] [INFO] [1789489916.518899808] [robot_0.robot_state_publisher]: got segment robot_0/wheel_FL_link
[robot_state_publisher-7] [INFO] [1789489916.518909645] [robot_0.robot_state_publisher]: got segment robot_0/wheel_FR_link
[robot_state_publisher-7] [INFO] [1789489916.518919399] [robot_0.robot_state_publisher]: got segment robot_0/wheel_RL_link
[robot_state_publisher-7] [INFO] [1789489916.518929007] [robot_0.robot_state_publisher]: got segment robot_0/wheel_RR_link
[static_transform_publisher-17] [INFO] [1789489916.569289995] [robot_2_spawn_offset_tf]: Spinning until stopped - publishing transform
[static_transform_publisher-17] translation: ('1.826252', '-0.012171', '0.000000')
[static_transform_publisher-17] rotation: ('0.000000', '0.000000', '-0.497929', '0.867218')
[static_transform_publisher-17] from 'odom' to 'robot_2/odom'
[robot_state_publisher-11] [INFO] [1789489916.632939456] [robot_1.robot_state_publisher]: got segment robot_1/antenna_link
[robot_state_publisher-11] [INFO] [1789489916.633073987] [robot_1.robot_state_publisher]: got segment robot_1/base_footprint
[robot_state_publisher-11] [INFO] [1789489916.633090922] [robot_1.robot_state_publisher]: got segment robot_1/base_link
[robot_state_publisher-11] [INFO] [1789489916.633101920] [robot_1.robot_state_publisher]: got segment robot_1/realsense_link
[robot_state_publisher-11] [INFO] [1789489916.633111629] [robot_1.robot_state_publisher]: got segment robot_1/rocker_L_link
[robot_state_publisher-11] [INFO] [1789489916.633120903] [robot_1.robot_state_publisher]: got segment robot_1/rocker_R_link
[robot_state_publisher-11] [INFO] [1789489916.633130413] [robot_1.robot_state_publisher]: got segment robot_1/wheel_FL_link
[robot_state_publisher-11] [INFO] [1789489916.633140070] [robot_1.robot_state_publisher]: got segment robot_1/wheel_FR_link
[robot_state_publisher-11] [INFO] [1789489916.633149247] [robot_1.robot_state_publisher]: got segment robot_1/wheel_RL_link
[robot_state_publisher-11] [INFO] [1789489916.633158077] [robot_1.robot_state_publisher]: got segment robot_1/wheel_RR_link
[create-16] [INFO] [1789489916.701951277] [robot_2.ros_gz_sim]: Requesting list of world names.
[parameter_bridge-6] [INFO] [1789489916.772513958] [all_robots_bridge]: Creating ROS->GZ Bridge: [/robot_0/cmd_vel (geometry_msgs/msg/Twist) -> /robot_0/cmd_vel (ignition.msgs.Twist)] (Lazy 0)
[create-12] [INFO] [1789489916.786622121] [robot_1.ros_gz_sim]: Requesting list of world names.
[parameter_bridge-6] [INFO] [1789489916.798977841] [all_robots_bridge]: Creating GZ->ROS Bridge: [/robot_0/odom (ignition.msgs.Odometry) -> /robot_0/odom (nav_msgs/msg/Odometry)] (Lazy 0)
[parameter_bridge-6] [INFO] [1789489916.800329220] [all_robots_bridge]: Creating GZ->ROS Bridge: [/robot_0/tf (ignition.msgs.Pose_V) -> /robot_0/tf (tf2_msgs/msg/TFMessage)] (Lazy 0)
[parameter_bridge-6] [INFO] [1789489916.801562095] [all_robots_bridge]: Creating GZ->ROS Bridge: [/robot_0/joint_states (ignition.msgs.Model) -> /robot_0/joint_states (sensor_msgs/msg/JointState)] (Lazy 0)
[parameter_bridge-6] [INFO] [1789489916.840433154] [all_robots_bridge]: Creating GZ->ROS Bridge: [/robot_0/depth_camera/depth_image (ignition.msgs.Image) -> /robot_0/depth_camera/depth_image (sensor_msgs/msg/Image)] (Lazy 0)
[parameter_bridge-6] [INFO] [1789489916.841311228] [all_robots_bridge]: Creating GZ->ROS Bridge: [/robot_0/depth_camera/camera_info (ignition.msgs.CameraInfo) -> /robot_0/depth_camera/camera_info (sensor_msgs/msg/CameraInfo)] (Lazy 0)
[parameter_bridge-6] [INFO] [1789489916.866878908] [all_robots_bridge]: Creating GZ->ROS Bridge: [/world/random_world/model/robot_0/link/robot_0/base_footprint/sensor/contact_sensor/contact (ignition.msgs.Contacts) -> /world/random_world/model/robot_0/link/robot_0/base_footprint/sensor/contact_sensor/contact (ros_gz_interfaces/msg/Contacts)] (Lazy 0)
[parameter_bridge-6] [INFO] [1789489916.868264270] [all_robots_bridge]: Creating ROS->GZ Bridge: [/robot_1/cmd_vel (geometry_msgs/msg/Twist) -> /robot_1/cmd_vel (ignition.msgs.Twist)] (Lazy 0)
[parameter_bridge-6] [INFO] [1789489916.868957081] [all_robots_bridge]: Creating GZ->ROS Bridge: [/robot_1/odom (ignition.msgs.Odometry) -> /robot_1/odom (nav_msgs/msg/Odometry)] (Lazy 0)
[parameter_bridge-6] [INFO] [1789489916.869764094] [all_robots_bridge]: Creating GZ->ROS Bridge: [/robot_1/tf (ignition.msgs.Pose_V) -> /robot_1/tf (tf2_msgs/msg/TFMessage)] (Lazy 0)
[parameter_bridge-6] [INFO] [1789489916.897484796] [all_robots_bridge]: Creating GZ->ROS Bridge: [/robot_1/joint_states (ignition.msgs.Model) -> /robot_1/joint_states (sensor_msgs/msg/JointState)] (Lazy 0)
[parameter_bridge-6] [INFO] [1789489916.927281350] [all_robots_bridge]: Creating GZ->ROS Bridge: [/robot_1/depth_camera/depth_image (ignition.msgs.Image) -> /robot_1/depth_camera/depth_image (sensor_msgs/msg/Image)] (Lazy 0)
[parameter_bridge-6] [INFO] [1789489916.940395303] [all_robots_bridge]: Creating GZ->ROS Bridge: [/robot_1/depth_camera/camera_info (ignition.msgs.CameraInfo) -> /robot_1/depth_camera/camera_info (sensor_msgs/msg/CameraInfo)] (Lazy 0)
[parameter_bridge-6] [INFO] [1789489916.963628026] [all_robots_bridge]: Creating GZ->ROS Bridge: [/world/random_world/model/robot_1/link/robot_1/base_footprint/sensor/contact_sensor/contact (ignition.msgs.Contacts) -> /world/random_world/model/robot_1/link/robot_1/base_footprint/sensor/contact_sensor/contact (ros_gz_interfaces/msg/Contacts)] (Lazy 0)
[parameter_bridge-6] [INFO] [1789489916.971502650] [all_robots_bridge]: Creating ROS->GZ Bridge: [/robot_2/cmd_vel (geometry_msgs/msg/Twist) -> /robot_2/cmd_vel (ignition.msgs.Twist)] (Lazy 0)
[parameter_bridge-6] [INFO] [1789489916.980444931] [all_robots_bridge]: Creating GZ->ROS Bridge: [/robot_2/odom (ignition.msgs.Odometry) -> /robot_2/odom (nav_msgs/msg/Odometry)] (Lazy 0)
[parameter_bridge-6] [INFO] [1789489917.001645497] [all_robots_bridge]: Creating GZ->ROS Bridge: [/robot_2/tf (ignition.msgs.Pose_V) -> /robot_2/tf (tf2_msgs/msg/TFMessage)] (Lazy 0)
[parameter_bridge-19] [INFO] [1789489917.001902780] [clock_bridge]: Creating GZ->ROS Bridge: [/clock (ignition.msgs.Clock) -> /clock (rosgraph_msgs/msg/Clock)] (Lazy 0)
[parameter_bridge-6] [INFO] [1789489917.007166467] [all_robots_bridge]: Creating GZ->ROS Bridge: [/robot_2/joint_states (ignition.msgs.Model) -> /robot_2/joint_states (sensor_msgs/msg/JointState)] (Lazy 0)
[parameter_bridge-6] [INFO] [1789489917.017805379] [all_robots_bridge]: Creating GZ->ROS Bridge: [/robot_2/depth_camera/depth_image (ignition.msgs.Image) -> /robot_2/depth_camera/depth_image (sensor_msgs/msg/Image)] (Lazy 0)
[robot_state_publisher-15] [INFO] [1789489917.016506302] [robot_2.robot_state_publisher]: got segment robot_2/antenna_link
[robot_state_publisher-15] [INFO] [1789489917.016630209] [robot_2.robot_state_publisher]: got segment robot_2/base_footprint
[robot_state_publisher-15] [INFO] [1789489917.016647442] [robot_2.robot_state_publisher]: got segment robot_2/base_link
[robot_state_publisher-15] [INFO] [1789489917.016657876] [robot_2.robot_state_publisher]: got segment robot_2/realsense_link
[robot_state_publisher-15] [INFO] [1789489917.016667119] [robot_2.robot_state_publisher]: got segment robot_2/rocker_L_link
[robot_state_publisher-15] [INFO] [1789489917.016675889] [robot_2.robot_state_publisher]: got segment robot_2/rocker_R_link
[robot_state_publisher-15] [INFO] [1789489917.016684517] [robot_2.robot_state_publisher]: got segment robot_2/wheel_FL_link
[robot_state_publisher-15] [INFO] [1789489917.016693760] [robot_2.robot_state_publisher]: got segment robot_2/wheel_FR_link
[robot_state_publisher-15] [INFO] [1789489917.016701889] [robot_2.robot_state_publisher]: got segment robot_2/wheel_RL_link
[robot_state_publisher-15] [INFO] [1789489917.016709940] [robot_2.robot_state_publisher]: got segment robot_2/wheel_RR_link
[parameter_bridge-6] [INFO] [1789489917.030746430] [all_robots_bridge]: Creating GZ->ROS Bridge: [/robot_2/depth_camera/camera_info (ignition.msgs.CameraInfo) -> /robot_2/depth_camera/camera_info (sensor_msgs/msg/CameraInfo)] (Lazy 0)
[parameter_bridge-6] [INFO] [1789489917.044046626] [all_robots_bridge]: Creating GZ->ROS Bridge: [/world/random_world/model/robot_2/link/robot_2/base_footprint/sensor/contact_sensor/contact (ignition.msgs.Contacts) -> /world/random_world/model/robot_2/link/robot_2/base_footprint/sensor/contact_sensor/contact (ros_gz_interfaces/msg/Contacts)] (Lazy 0)
[parameter_bridge-6] [INFO] [1789489917.054539796] [all_robots_bridge]: Creating GZ->ROS Bridge: [/world/random_world/dynamic_pose/info (ignition.msgs.Pose_V) -> /world/random_world/dynamic_pose/info (tf2_msgs/msg/TFMessage)] (Lazy 0)
[bump_counter-5] [INFO] [1789489918.531230424] [bump_counter]: [global] global_mode=True cooldown(robot)=0.80s cooldown(obs)=0.50s Logging to /home/ecem/sct_ws/src/llm_sct/RESULTS_LAST/baseline/delivery_stack_xml/seed_1008/S_20260915_182327/run_20260915_183155_641849368/bumps_global.csv
[simulation_video_recorder-3] [INFO] [1789489918.555178303] [simulation_video_recorder]: Simulation video recording disabled for this run
[create-8] [INFO] [1789489918.597252188] [robot_0.ros_gz_sim]: Waiting messages on topic [/robot_0/robot_description].
[create-16] [INFO] [1789489918.699482864] [robot_2.ros_gz_sim]: Waiting messages on topic [/robot_2/robot_description].
[create-8] [INFO] [1789489918.801866420] [robot_0.ros_gz_sim]: Requested creation of entity.
[create-8] [INFO] [1789489918.801934233] [robot_0.ros_gz_sim]: OK creation of entity.
[create-16] [INFO] [1789489918.802896821] [robot_2.ros_gz_sim]: Requested creation of entity.
[create-16] [INFO] [1789489918.802943236] [robot_2.ros_gz_sim]: OK creation of entity.
[create-12] [INFO] [1789489918.808511958] [robot_1.ros_gz_sim]: Waiting messages on topic [/robot_1/robot_description].
[create-12] [INFO] [1789489918.816864219] [robot_1.ros_gz_sim]: Requested creation of entity.
[create-12] [INFO] [1789489918.816909956] [robot_1.ros_gz_sim]: OK creation of entity.
[INFO] [create-8]: process has finished cleanly [pid 75917]
[INFO] [create-16]: process has finished cleanly [pid 76022]
[INFO] [create-12]: process has finished cleanly [pid 75945]
[INFO] [balanced_delivery_supervisor-20]: process started with pid [76783]
[INFO] [stuck_recovery-21]: process started with pid [76785]
[INFO] [balanced_delivery_supervisor-22]: process started with pid [76791]
[INFO] [stuck_recovery-23]: process started with pid [76793]
[INFO] [balanced_delivery_supervisor-24]: process started with pid [76799]
[INFO] [stuck_recovery-25]: process started with pid [76802]
[bump_counter-5] [INFO] [1789489919.404001206] [bump_counter]: [global] subscribed: /world/random_world/model/robot_0/link/robot_0/base_footprint/sensor/contact_sensor/contact
[bump_counter-5] [INFO] [1789489919.405189593] [bump_counter]: [global] subscribed: /world/random_world/model/robot_1/link/robot_1/base_footprint/sensor/contact_sensor/contact
[bump_counter-5] [INFO] [1789489919.418596276] [bump_counter]: [global] subscribed: /world/random_world/model/robot_2/link/robot_2/base_footprint/sensor/contact_sensor/contact
[stuck_recovery-21] [INFO] [1789489921.069212858] [robot_0.stuck_recovery]: Shared stuck recovery active: cmd_vel_supervisor -> cmd_vel (reverse -> turn -> forward)
[parameter_bridge-6] [INFO] [1789489921.087217996] [all_robots_bridge]: Passing message from ROS geometry_msgs/msg/Twist to Gazebo gz.msgs.Twist (showing msg only once per type)
[INFO] [image_processor-26]: process started with pid [77020]
[INFO] [color_detector-27]: process started with pid [77022]
[INFO] [image_processor-28]: process started with pid [77046]
[INFO] [color_detector-29]: process started with pid [77051]
[INFO] [image_processor-30]: process started with pid [77079]
[INFO] [color_detector-31]: process started with pid [77081]
[stuck_recovery-23] [INFO] [1789489921.850602188] [robot_2.stuck_recovery]: Shared stuck recovery active: cmd_vel_supervisor -> cmd_vel (reverse -> turn -> forward)
[stuck_recovery-25] [INFO] [1789489922.263448127] [robot_1.stuck_recovery]: Shared stuck recovery active: cmd_vel_supervisor -> cmd_vel (reverse -> turn -> forward)
[balanced_delivery_supervisor-24] [INFO] [1789489923.176140533] [robot_1.robot_supervisor]: Loaded initial mission 'balanced_delivery' from explicit YAML S_20260915_182327.yaml
[balanced_delivery_supervisor-24] [INFO] [1789489923.334752294] [robot_1.robot_supervisor]: Selected controllable event: EV_approach_object
[balanced_delivery_supervisor-22] [INFO] [1789489923.360702984] [robot_2.robot_supervisor]: Loaded initial mission 'balanced_delivery' from explicit YAML S_20260915_182327.yaml
[balanced_delivery_supervisor-22] [INFO] [1789489923.530068397] [robot_2.robot_supervisor]: Selected controllable event: EV_move_forward
[balanced_delivery_supervisor-24] [INFO] [1789489923.634391178] [robot_1.robot_supervisor]: Selected controllable event: EV_search_object
[balanced_delivery_supervisor-20] [INFO] [1789489923.698165449] [robot_0.robot_supervisor]: Loaded initial mission 'balanced_delivery' from explicit YAML S_20260915_182327.yaml
[balanced_delivery_supervisor-22] [INFO] [1789489923.825943772] [robot_2.robot_supervisor]: Selected controllable event: EV_approach_object
[balanced_delivery_supervisor-24] [INFO] [1789489923.829603017] [robot_1.robot_supervisor]: Selected controllable event: EV_search_color
[balanced_delivery_supervisor-20] [INFO] [1789489923.849837860] [robot_0.robot_supervisor]: Selected controllable event: EV_move_forward
[balanced_delivery_supervisor-24] [INFO] [1789489923.933340571] [robot_1.robot_supervisor]: Selected controllable event: EV_search_object
[ign gazebo-1] libEGL warning: egl: failed to create dri2 screen
[ign gazebo-1] libEGL warning: egl: failed to create dri2 screen
[balanced_delivery_supervisor-24] [INFO] [1789489924.126063777] [robot_1.robot_supervisor]: Selected controllable event: EV_move_forward
[balanced_delivery_supervisor-22] [INFO] [1789489924.128207783] [robot_2.robot_supervisor]: Selected controllable event: EV_move_forward
[balanced_delivery_supervisor-20] [INFO] [1789489924.153350978] [robot_0.robot_supervisor]: Selected controllable event: EV_search_color
[balanced_delivery_supervisor-20] [INFO] [1789489924.351441209] [robot_0.robot_supervisor]: Selected controllable event: EV_approach_color
[balanced_delivery_supervisor-22] [INFO] [1789489924.423355549] [robot_2.robot_supervisor]: Selected controllable event: EV_search_object
[balanced_delivery_supervisor-24] [INFO] [1789489924.464924749] [robot_1.robot_supervisor]: Selected controllable event: EV_search_color
[balanced_delivery_supervisor-20] [INFO] [1789489924.557772068] [robot_0.robot_supervisor]: Selected controllable event: EV_search_object
[balanced_delivery_supervisor-22] [INFO] [1789489924.628232221] [robot_2.robot_supervisor]: Selected controllable event: EV_search_color
[balanced_delivery_supervisor-24] [INFO] [1789489924.671700186] [robot_1.robot_supervisor]: Selected controllable event: EV_approach_object
[balanced_delivery_supervisor-20] [INFO] [1789489924.693317267] [robot_0.robot_supervisor]: Selected controllable event: EV_search_object
[image_processor-28] [INFO] [1789489924.795623733] [robot_2.image_processor]: Argmin zone detector listening on '/robot_2/depth_camera/depth_image'
[balanced_delivery_supervisor-22] [INFO] [1789489924.843645150] [robot_2.robot_supervisor]: Selected controllable event: EV_search_color
[balanced_delivery_supervisor-20] [INFO] [1789489924.873351478] [robot_0.robot_supervisor]: Selected controllable event: EV_search_object
[balanced_delivery_supervisor-24] [INFO] [1789489924.924521113] [robot_1.robot_supervisor]: Selected controllable event: EV_move_forward
[balanced_delivery_supervisor-22] [INFO] [1789489925.041896020] [robot_2.robot_supervisor]: Selected controllable event: EV_search_color
[balanced_delivery_supervisor-20] [INFO] [1789489925.046289010] [robot_0.robot_supervisor]: Selected controllable event: EV_approach_object
[balanced_delivery_supervisor-24] [INFO] [1789489925.135180137] [robot_1.robot_supervisor]: Selected controllable event: EV_approach_object
[balanced_delivery_supervisor-22] [INFO] [1789489925.225294457] [robot_2.robot_supervisor]: Selected controllable event: EV_approach_object
[balanced_delivery_supervisor-20] [INFO] [1789489925.274519542] [robot_0.robot_supervisor]: Selected controllable event: EV_move_forward
[balanced_delivery_supervisor-22] [INFO] [1789489925.428141423] [robot_2.robot_supervisor]: Selected controllable event: EV_approach_object
[balanced_delivery_supervisor-24] [INFO] [1789489925.429389872] [robot_1.robot_supervisor]: Selected controllable event: EV_approach_object
[balanced_delivery_supervisor-20] [INFO] [1789489925.549552082] [robot_0.robot_supervisor]: Selected controllable event: EV_search_object
[image_processor-26] [INFO] [1789489925.602543466] [robot_0.image_processor]: Argmin zone detector listening on '/robot_0/depth_camera/depth_image'
[balanced_delivery_supervisor-20] [INFO] [1789489925.660965361] [robot_0.robot_supervisor]: Selected controllable event: EV_move_forward
[balanced_delivery_supervisor-22] [INFO] [1789489925.722962085] [robot_2.robot_supervisor]: Selected controllable event: EV_search_color
[balanced_delivery_supervisor-24] [INFO] [1789489925.724268346] [robot_1.robot_supervisor]: Selected controllable event: EV_approach_color
[color_detector-29] [INFO] [1789489925.729722074] [robot_2.target_detector]: Color detector listening on RGB '/robot_2/depth_camera/image'; reached uses world poses
[color_detector-31] [INFO] [1789489925.771316766] [robot_1.target_detector]: Color detector listening on RGB '/robot_1/depth_camera/image'; reached uses world poses
[image_processor-30] [INFO] [1789489925.800058551] [robot_1.image_processor]: Argmin zone detector listening on '/robot_1/depth_camera/depth_image'
[color_detector-27] [INFO] [1789489925.878627131] [robot_0.target_detector]: Color detector listening on RGB '/robot_0/depth_camera/image'; reached uses world poses
[balanced_delivery_supervisor-22] [INFO] [1789489925.919466809] [robot_2.robot_supervisor]: Selected controllable event: EV_approach_object
[balanced_delivery_supervisor-24] [INFO] [1789489925.931962155] [robot_1.robot_supervisor]: Selected controllable event: EV_search_object
[balanced_delivery_supervisor-20] [INFO] [1789489925.943116317] [robot_0.robot_supervisor]: Selected controllable event: EV_approach_color
[balanced_delivery_supervisor-24] [INFO] [1789489926.120604569] [robot_1.robot_supervisor]: Selected controllable event: EV_search_object
[balanced_delivery_supervisor-22] [INFO] [1789489926.216785917] [robot_2.robot_supervisor]: Selected controllable event: EV_search_object
[balanced_delivery_supervisor-24] [INFO] [1789489926.222842107] [robot_1.robot_supervisor]: Selected controllable event: EV_approach_object
[balanced_delivery_supervisor-20] [INFO] [1789489926.243083370] [robot_0.robot_supervisor]: Selected controllable event: EV_search_object
[balanced_delivery_supervisor-22] [INFO] [1789489926.416486263] [robot_2.robot_supervisor]: Selected controllable event: EV_move_forward
[balanced_delivery_supervisor-20] [INFO] [1789489926.443194550] [robot_0.robot_supervisor]: Selected controllable event: EV_move_forward
[balanced_delivery_supervisor-24] [INFO] [1789489926.521218275] [robot_1.robot_supervisor]: Selected controllable event: EV_approach_object
[balanced_delivery_supervisor-22] [INFO] [1789489926.716462906] [robot_2.robot_supervisor]: Selected controllable event: EV_move_forward
[balanced_delivery_supervisor-24] [INFO] [1789489926.723422617] [robot_1.robot_supervisor]: Selected controllable event: EV_move_forward
[balanced_delivery_supervisor-20] [INFO] [1789489926.743116890] [robot_0.robot_supervisor]: Selected controllable event: EV_approach_color
[balanced_delivery_supervisor-22] [INFO] [1789489927.016745575] [robot_2.robot_supervisor]: Selected controllable event: EV_approach_color
[balanced_delivery_supervisor-24] [INFO] [1789489927.023643450] [robot_1.robot_supervisor]: Selected controllable event: EV_search_object
[balanced_delivery_supervisor-20] [INFO] [1789489927.043352009] [robot_0.robot_supervisor]: Selected controllable event: EV_approach_color
[balanced_delivery_supervisor-24] [INFO] [1789489927.221276124] [robot_1.robot_supervisor]: Selected controllable event: EV_search_color
[balanced_delivery_supervisor-22] [INFO] [1789489927.316571993] [robot_2.robot_supervisor]: Selected controllable event: EV_approach_color
[balanced_delivery_supervisor-24] [INFO] [1789489927.323172466] [robot_1.robot_supervisor]: Selected controllable event: EV_approach_object
[balanced_delivery_supervisor-20] [INFO] [1789489927.343291611] [robot_0.robot_supervisor]: Selected controllable event: EV_approach_object
[balanced_delivery_supervisor-22] [INFO] [1789489927.616571860] [robot_2.robot_supervisor]: Selected controllable event: EV_move_forward
[balanced_delivery_supervisor-24] [INFO] [1789489927.622812625] [robot_1.robot_supervisor]: Selected controllable event: EV_move_forward
[balanced_delivery_supervisor-20] [INFO] [1789489927.643253965] [robot_0.robot_supervisor]: Selected controllable event: EV_search_color
[balanced_delivery_supervisor-20] [INFO] [1789489927.843713403] [robot_0.robot_supervisor]: Selected controllable event: EV_approach_object
[balanced_delivery_supervisor-22] [INFO] [1789489927.916682363] [robot_2.robot_supervisor]: Selected controllable event: EV_approach_object
[balanced_delivery_supervisor-24] [INFO] [1789489927.923452162] [robot_1.robot_supervisor]: Selected controllable event: EV_search_object
[balanced_delivery_supervisor-24] [INFO] [1789489928.121030151] [robot_1.robot_supervisor]: Selected controllable event: EV_move_forward
[balanced_delivery_supervisor-20] [INFO] [1789489928.143568296] [robot_0.robot_supervisor]: Selected controllable event: EV_move_forward
[balanced_delivery_supervisor-22] [INFO] [1789489928.216610105] [robot_2.robot_supervisor]: Selected controllable event: EV_search_color
[balanced_delivery_supervisor-22] [INFO] [1789489928.416591946] [robot_2.robot_supervisor]: Selected controllable event: EV_search_color
[balanced_delivery_supervisor-24] [INFO] [1789489928.423154830] [robot_1.robot_supervisor]: Selected controllable event: EV_approach_color
[balanced_delivery_supervisor-20] [INFO] [1789489928.443177126] [robot_0.robot_supervisor]: Selected controllable event: EV_search_object
[balanced_delivery_supervisor-24] [INFO] [1789489928.643013685] [robot_1.robot_supervisor]: Selected controllable event: EV_search_color
[balanced_delivery_supervisor-22] [INFO] [1789489928.662464880] [robot_2.robot_supervisor]: ############################# REACHED: EV_object_reached #############################
[balanced_delivery_supervisor-20] [INFO] [1789489928.663412137] [robot_0.robot_supervisor]: Triggered uncontrollable event: EV_object_not_visible
[balanced_delivery_supervisor-22] [INFO] [1789489928.668200187] [robot_2.robot_supervisor]: Selected controllable event: EV_move_forward
[balanced_delivery_supervisor-20] [INFO] [1789489928.673180004] [robot_0.robot_supervisor]: Selected controllable event: EV_approach_object
[balanced_delivery_supervisor-24] [INFO] [1789489928.836502913] [robot_1.robot_supervisor]: Triggered uncontrollable event: EV_object_not_visible
[balanced_delivery_supervisor-24] [INFO] [1789489928.837318933] [robot_1.robot_supervisor]: Selected controllable event: EV_search_object
[balanced_delivery_supervisor-22] [INFO] [1789489928.931421060] [robot_2.robot_supervisor]: Selected controllable event: EV_approach_color
[balanced_delivery_supervisor-20] [INFO] [1789489928.966881291] [robot_0.robot_supervisor]: Selected controllable event: EV_approach_object
[balanced_delivery_supervisor-24] [INFO] [1789489929.028774827] [robot_1.robot_supervisor]: Selected controllable event: EV_move_forward
[balanced_delivery_supervisor-22] [INFO] [1789489929.241500474] [robot_2.robot_supervisor]: Selected controllable event: EV_move_forward
[balanced_delivery_supervisor-20] [INFO] [1789489929.252047796] [robot_0.robot_supervisor]: Triggered uncontrollable event: EV_object_not_visible
[balanced_delivery_supervisor-20] [INFO] [1789489929.252858229] [robot_0.robot_supervisor]: Selected controllable event: EV_search_object
[balanced_delivery_supervisor-24] [INFO] [1789489929.321915648] [robot_1.robot_supervisor]: Selected controllable event: EV_approach_object
[balanced_delivery_supervisor-20] [INFO] [1789489929.446252035] [robot_0.robot_supervisor]: Selected controllable event: EV_approach_object
[balanced_delivery_supervisor-22] [INFO] [1789489929.521815169] [robot_2.robot_supervisor]: ############################# REACHED: EV_object_reached #############################
[balanced_delivery_supervisor-24] [INFO] [1789489929.527229509] [robot_1.robot_supervisor]: ############################# VISIBLE: EV_object_visible #############################
[balanced_delivery_supervisor-24] [INFO] [1789489929.528222193] [robot_1.robot_supervisor]: Selected controllable event: EV_move_forward
[balanced_delivery_supervisor-22] [INFO] [1789489929.538128708] [robot_2.robot_supervisor]: Selected controllable event: EV_search_object
[balanced_delivery_supervisor-22] [INFO] [1789489929.728332293] [robot_2.robot_supervisor]: Selected controllable event: EV_search_object
[balanced_delivery_supervisor-20] [INFO] [1789489929.752502613] [robot_0.robot_supervisor]: Selected controllable event: EV_search_color
[balanced_delivery_supervisor-24] [INFO] [1789489929.826030028] [robot_1.robot_supervisor]: Selected controllable event: EV_approach_color
[balanced_delivery_supervisor-22] [INFO] [1789489929.918579725] [robot_2.robot_supervisor]: Selected controllable event: EV_move_forward
[balanced_delivery_supervisor-20] [INFO] [1789489929.946670623] [robot_0.robot_supervisor]: Selected controllable event: EV_approach_color
[balanced_delivery_supervisor-24] [INFO] [1789489930.049877357] [robot_1.robot_supervisor]: Selected controllable event: EV_approach_object
[balanced_delivery_supervisor-22] [INFO] [1789489930.145129030] [robot_2.robot_supervisor]: ############################# VISIBLE: EV_object_visible #############################
[balanced_delivery_supervisor-22] [INFO] [1789489930.147322130] [robot_2.robot_supervisor]: Selected controllable event: EV_move_forward
[balanced_delivery_supervisor-20] [INFO] [1789489930.156775078] [robot_0.robot_supervisor]: ############################# VISIBLE: EV_object_visible #############################
[balanced_delivery_supervisor-20] [INFO] [1789489930.157681489] [robot_0.robot_supervisor]: Selected controllable event: EV_search_object
[balanced_delivery_supervisor-24] [INFO] [1789489930.332795945] [robot_1.robot_supervisor]: ############################# VISIBLE: EV_object_visible #############################
[balanced_delivery_supervisor-24] [INFO] [1789489930.337771697] [robot_1.robot_supervisor]: Selected controllable event: EV_approach_object
[balanced_delivery_supervisor-20] [INFO] [1789489930.351627245] [robot_0.robot_supervisor]: Selected controllable event: EV_search_object
[balanced_delivery_supervisor-22] [INFO] [1789489930.418972502] [robot_2.robot_supervisor]: Selected controllable event: EV_move_forward
[balanced_delivery_supervisor-20] [INFO] [1789489930.565597899] [robot_0.robot_supervisor]: Selected controllable event: EV_approach_object
[balanced_delivery_supervisor-22] [INFO] [1789489930.626829973] [robot_2.robot_supervisor]: Selected controllable event: EV_approach_color
[balanced_delivery_supervisor-24] [INFO] [1789489930.645834349] [robot_1.robot_supervisor]: Selected controllable event: EV_search_color
[balanced_delivery_supervisor-24] [INFO] [1789489930.831702943] [robot_1.robot_supervisor]: Selected controllable event: EV_approach_object
[balanced_delivery_supervisor-20] [INFO] [1789489930.847425606] [robot_0.robot_supervisor]: ############################# VISIBLE: EV_object_visible #############################
[balanced_delivery_supervisor-20] [INFO] [1789489930.848440548] [robot_0.robot_supervisor]: Selected controllable event: EV_approach_object
[balanced_delivery_supervisor-22] [INFO] [1789489930.920679279] [robot_2.robot_supervisor]: Triggered uncontrollable event: EV_obstacle_left
[balanced_delivery_supervisor-22] [INFO] [1789489930.921700052] [robot_2.robot_supervisor]: Selected controllable event: EV_rotate_clockwise
[balanced_delivery_supervisor-22] [INFO] [1789489931.127712853] [robot_2.robot_supervisor]: Triggered uncontrollable event: EV_obstacle_left
[balanced_delivery_supervisor-24] [INFO] [1789489931.129376573] [robot_1.robot_supervisor]: ############################# REACHED: EV_object_reached #############################
[balanced_delivery_supervisor-22] [INFO] [1789489931.138158754] [robot_2.robot_supervisor]: ############################# VISIBLE: EV_object_visible #############################
[balanced_delivery_supervisor-22] [INFO] [1789489931.139127416] [robot_2.robot_supervisor]: Selected controllable event: EV_rotate_clockwise
[balanced_delivery_supervisor-24] [INFO] [1789489931.141690123] [robot_1.robot_supervisor]: Selected controllable event: EV_search_color
[balanced_delivery_supervisor-20] [INFO] [1789489931.143927217] [robot_0.robot_supervisor]: Selected controllable event: EV_approach_color
[balanced_delivery_supervisor-24] [INFO] [1789489931.325847252] [robot_1.robot_supervisor]: Selected controllable event: EV_search_object
[balanced_delivery_supervisor-22] [INFO] [1789489931.335244447] [robot_2.robot_supervisor]: Triggered uncontrollable event: EV_obstacle_left
[balanced_delivery_supervisor-22] [INFO] [1789489931.336141755] [robot_2.robot_supervisor]: Selected controllable event: EV_rotate_clockwise
[balanced_delivery_supervisor-20] [INFO] [1789489931.449449093] [robot_0.robot_supervisor]: Selected controllable event: EV_approach_object
[balanced_delivery_supervisor-24] [INFO] [1789489931.537270831] [robot_1.robot_supervisor]: Selected controllable event: EV_approach_object
[balanced_delivery_supervisor-22] [INFO] [1789489931.544217664] [robot_2.robot_supervisor]: Triggered uncontrollable event: EV_obstacle_left
[balanced_delivery_supervisor-22] [INFO] [1789489931.545195955] [robot_2.robot_supervisor]: Selected controllable event: EV_rotate_clockwise
[balanced_delivery_supervisor-20] [INFO] [1789489931.660624481] [robot_0.robot_supervisor]: ############################# VISIBLE: EV_object_visible #############################
[balanced_delivery_supervisor-20] [INFO] [1789489931.686779322] [robot_0.robot_supervisor]: Selected controllable event: EV_approach_object
[balanced_delivery_supervisor-22] [INFO] [1789489931.725589587] [robot_2.robot_supervisor]: Triggered uncontrollable event: EV_obstacle_left
[balanced_delivery_supervisor-22] [INFO] [1789489931.728957518] [robot_2.robot_supervisor]: ############################# VISIBLE: EV_object_visible #############################
[balanced_delivery_supervisor-22] [INFO] [1789489931.731072637] [robot_2.robot_supervisor]: Selected controllable event: EV_rotate_clockwise
[balanced_delivery_supervisor-24] [INFO] [1789489931.825018560] [robot_1.robot_supervisor]: Triggered uncontrollable event: EV_obstacle_front
[balanced_delivery_supervisor-24] [INFO] [1789489931.833179487] [robot_1.robot_supervisor]: ############################# REACHED: EV_object_reached #############################
[balanced_delivery_supervisor-24] [INFO] [1789489931.850067333] [robot_1.robot_supervisor]: Selected controllable event: EV_rotate_counterclockwise
[balanced_delivery_supervisor-22] [INFO] [1789489931.934014311] [robot_2.robot_supervisor]: Triggered uncontrollable event: EV_obstacle_left
[balanced_delivery_supervisor-22] [INFO] [1789489931.934965811] [robot_2.robot_supervisor]: Selected controllable event: EV_u_turn
[balanced_delivery_supervisor-22] [INFO] [1789489931.935709679] [robot_2.robot_supervisor]: Starting FULL ROTATE (omega=1.000, have_odom=True, target_rad=3.142, timeout_s=3.500)
[balanced_delivery_supervisor-20] [INFO] [1789489931.957240318] [robot_0.robot_supervisor]: Selected controllable event: EV_search_object
[balanced_delivery_supervisor-24] [INFO] [1789489932.035440344] [robot_1.robot_supervisor]: Triggered uncontrollable event: EV_obstacle_front
[balanced_delivery_supervisor-24] [INFO] [1789489932.045979497] [robot_1.robot_supervisor]: Selected controllable event: EV_rotate_counterclockwise
[balanced_delivery_supervisor-24] [INFO] [1789489932.152624199] [robot_1.robot_supervisor]: Triggered uncontrollable event: EV_obstacle_front
[balanced_delivery_supervisor-24] [INFO] [1789489932.153587554] [robot_1.robot_supervisor]: Selected controllable event: EV_u_turn
[balanced_delivery_supervisor-20] [INFO] [1789489932.153687955] [robot_0.robot_supervisor]: Selected controllable event: EV_search_color
[balanced_delivery_supervisor-24] [INFO] [1789489932.189978609] [robot_1.robot_supervisor]: Starting FULL ROTATE (omega=1.000, have_odom=True, target_rad=3.142, timeout_s=3.500)
[balanced_delivery_supervisor-20] [INFO] [1789489932.353141921] [robot_0.robot_supervisor]: ############################# VISIBLE: EV_object_visible #############################
[balanced_delivery_supervisor-20] [INFO] [1789489932.354116701] [robot_0.robot_supervisor]: Selected controllable event: EV_search_color
[balanced_delivery_supervisor-20] [INFO] [1789489932.548263639] [robot_0.robot_supervisor]: Selected controllable event: EV_approach_color
[balanced_delivery_supervisor-20] [INFO] [1789489932.880336821] [robot_0.robot_supervisor]: Selected controllable event: EV_approach_color
[balanced_delivery_supervisor-20] [INFO] [1789489933.163807794] [robot_0.robot_supervisor]: ############################# VISIBLE: EV_object_visible #############################
[balanced_delivery_supervisor-20] [INFO] [1789489933.164694994] [robot_0.robot_supervisor]: Selected controllable event: EV_approach_object
[balanced_delivery_supervisor-20] [INFO] [1789489933.458343720] [robot_0.robot_supervisor]: Selected controllable event: EV_search_color
[balanced_delivery_supervisor-20] [INFO] [1789489933.662744302] [robot_0.robot_supervisor]: Selected controllable event: EV_approach_color
[balanced_delivery_supervisor-20] [INFO] [1789489933.986126390] [robot_0.robot_supervisor]: ############################# VISIBLE: EV_object_visible #############################
[balanced_delivery_supervisor-20] [INFO] [1789489933.987113493] [robot_0.robot_supervisor]: Selected controllable event: EV_search_color
[balanced_delivery_supervisor-20] [INFO] [1789489934.149333717] [robot_0.robot_supervisor]: Selected controllable event: EV_move_forward
[balanced_delivery_supervisor-20] [INFO] [1789489934.465883931] [robot_0.robot_supervisor]: Selected controllable event: EV_approach_color
[balanced_delivery_supervisor-20] [INFO] [1789489934.753148619] [robot_0.robot_supervisor]: ############################# VISIBLE: EV_object_visible #############################
[balanced_delivery_supervisor-20] [INFO] [1789489934.769742382] [robot_0.robot_supervisor]: Selected controllable event: EV_search_color
[balanced_delivery_supervisor-20] [INFO] [1789489934.960597333] [robot_0.robot_supervisor]: Selected controllable event: EV_approach_color
[balanced_delivery_supervisor-20] [INFO] [1789489935.162525742] [robot_0.robot_supervisor]: Selected controllable event: EV_move_forward
[balanced_delivery_supervisor-22] [INFO] [1789489935.449874193] [robot_2.robot_supervisor]: FULL ROTATE completed by timeout
[balanced_delivery_supervisor-20] [INFO] [1789489935.462863350] [robot_0.robot_supervisor]: ############################# VISIBLE: EV_object_visible #############################
[balanced_delivery_supervisor-20] [INFO] [1789489935.463762720] [robot_0.robot_supervisor]: Selected controllable event: EV_approach_color
[balanced_delivery_supervisor-22] [INFO] [1789489935.719067865] [robot_2.robot_supervisor]: ############################# VISIBLE: EV_object_visible #############################
[balanced_delivery_supervisor-22] [INFO] [1789489935.726487033] [robot_2.robot_supervisor]: Selected controllable event: EV_search_object
[balanced_delivery_supervisor-24] [INFO] [1789489935.740040255] [robot_1.robot_supervisor]: FULL ROTATE completed by timeout
[balanced_delivery_supervisor-20] [INFO] [1789489935.770184062] [robot_0.robot_supervisor]: Selected controllable event: EV_search_color
[balanced_delivery_supervisor-22] [INFO] [1789489935.925403104] [robot_2.robot_supervisor]: Selected controllable event: EV_search_object
[balanced_delivery_supervisor-24] [INFO] [1789489935.942283124] [robot_1.robot_supervisor]: ############################# REACHED: EV_object_reached #############################
[balanced_delivery_supervisor-24] [INFO] [1789489935.948092749] [robot_1.robot_supervisor]: Selected controllable event: EV_approach_color
[balanced_delivery_supervisor-20] [INFO] [1789489935.950369640] [robot_0.robot_supervisor]: Selected controllable event: EV_approach_color
[color_detector-31] [INFO] [1789489936.010750644] [robot_1.target_detector]: RGB HEARTBEAT frames_total=10 recent_rate_hz=0.916 last_frame_age_s=0.554 status=OK
[color_detector-29] [INFO] [1789489936.024626697] [robot_2.target_detector]: RGB HEARTBEAT frames_total=10 recent_rate_hz=0.917 last_frame_age_s=0.605 status=OK
[color_detector-27] [INFO] [1789489936.042262168] [robot_0.target_detector]: RGB HEARTBEAT frames_total=10 recent_rate_hz=0.950 last_frame_age_s=0.714 status=OK
[balanced_delivery_supervisor-22] [INFO] [1789489936.037838175] [robot_2.robot_supervisor]: Selected controllable event: EV_search_object
[balanced_delivery_supervisor-24] [INFO] [1789489936.220604940] [robot_1.robot_supervisor]: Selected controllable event: EV_approach_color
[balanced_delivery_supervisor-22] [INFO] [1789489936.231131572] [robot_2.robot_supervisor]: Triggered uncontrollable event: EV_obstacle_right
[balanced_delivery_supervisor-22] [INFO] [1789489936.231707674] [robot_2.robot_supervisor]: ############################# VISIBLE: EV_object_visible #############################
[balanced_delivery_supervisor-22] [INFO] [1789489936.232511274] [robot_2.robot_supervisor]: Selected controllable event: EV_u_turn
[balanced_delivery_supervisor-20] [INFO] [1789489936.257064034] [robot_0.robot_supervisor]: Triggered uncontrollable event: EV_obstacle_right
[balanced_delivery_supervisor-20] [INFO] [1789489936.257817161] [robot_0.robot_supervisor]: ############################# VISIBLE: EV_object_visible #############################
[balanced_delivery_supervisor-20] [INFO] [1789489936.262770822] [robot_0.robot_supervisor]: Selected controllable event: EV_u_turn
[balanced_delivery_supervisor-20] [INFO] [1789489936.272053525] [robot_0.robot_supervisor]: Starting FULL ROTATE (omega=1.000, have_odom=True, target_rad=3.142, timeout_s=3.500)
[balanced_delivery_supervisor-22] [INFO] [1789489936.334166436] [robot_2.robot_supervisor]: Triggered uncontrollable event: EV_obstacle_right
[balanced_delivery_supervisor-22] [INFO] [1789489936.340526050] [robot_2.robot_supervisor]: Selected controllable event: EV_u_turn
[balanced_delivery_supervisor-22] [INFO] [1789489936.418864932] [robot_2.robot_supervisor]: Triggered uncontrollable event: EV_obstacle_right
[balanced_delivery_supervisor-24] [INFO] [1789489936.423827875] [robot_1.robot_supervisor]: ############################# REACHED: EV_object_reached #############################
[balanced_delivery_supervisor-22] [INFO] [1789489936.425609117] [robot_2.robot_supervisor]: Selected controllable event: EV_u_turn
[balanced_delivery_supervisor-24] [INFO] [1789489936.432521668] [robot_1.robot_supervisor]: Selected controllable event: EV_approach_object
[balanced_delivery_supervisor-22] [INFO] [1789489936.519122703] [robot_2.robot_supervisor]: Triggered uncontrollable event: EV_obstacle_right
[balanced_delivery_supervisor-22] [INFO] [1789489936.520027653] [robot_2.robot_supervisor]: Selected controllable event: EV_rotate_counterclockwise
[balanced_delivery_supervisor-22] [WARN] [1789489936.534589501] [robot_2.robot_supervisor]: no translation for 5.9s livelock detected; starting atomic escape (turn_sign=+1)
[balanced_delivery_supervisor-24] [INFO] [1789489936.726309775] [robot_1.robot_supervisor]: Selected controllable event: EV_search_color
[balanced_delivery_supervisor-24] [INFO] [1789489936.834290183] [robot_1.robot_supervisor]: Selected controllable event: EV_approach_color
[balanced_delivery_supervisor-24] [INFO] [1789489937.132996462] [robot_1.robot_supervisor]: ############################# REACHED: EV_object_reached #############################
[balanced_delivery_supervisor-24] [INFO] [1789489937.133871416] [robot_1.robot_supervisor]: Selected controllable event: EV_approach_color
[balanced_delivery_supervisor-24] [INFO] [1789489937.421149171] [robot_1.robot_supervisor]: Selected controllable event: EV_approach_color
[balanced_delivery_supervisor-24] [INFO] [1789489937.647688294] [robot_1.robot_supervisor]: Selected controllable event: EV_search_object
[balanced_delivery_supervisor-24] [INFO] [1789489937.838184928] [robot_1.robot_supervisor]: ############################# REACHED: EV_object_reached #############################
[balanced_delivery_supervisor-24] [INFO] [1789489937.857891920] [robot_1.robot_supervisor]: Selected controllable event: EV_search_color
[balanced_delivery_supervisor-24] [INFO] [1789489938.033788708] [robot_1.robot_supervisor]: Selected controllable event: EV_move_forward
[balanced_delivery_supervisor-24] [INFO] [1789489938.344091023] [robot_1.robot_supervisor]: Selected controllable event: EV_approach_color
[balanced_delivery_supervisor-24] [INFO] [1789489938.643833893] [robot_1.robot_supervisor]: ############################# REACHED: EV_object_reached #############################
[balanced_delivery_supervisor-24] [INFO] [1789489938.644663913] [robot_1.robot_supervisor]: Selected controllable event: EV_approach_color
[balanced_delivery_supervisor-24] [INFO] [1789489938.930621939] [robot_1.robot_supervisor]: Selected controllable event: EV_approach_object
[balanced_delivery_supervisor-22] [INFO] [1789489939.027559184] [robot_2.robot_supervisor]: Zone-livelock escape completed
[balanced_delivery_supervisor-24] [INFO] [1789489939.223698360] [robot_1.robot_supervisor]: ############################# REACHED: EV_object_reached #############################
[balanced_delivery_supervisor-24] [INFO] [1789489939.229764083] [robot_1.robot_supervisor]: Selected controllable event: EV_approach_object
[balanced_delivery_supervisor-22] [INFO] [1789489939.232226162] [robot_2.robot_supervisor]: ############################# VISIBLE: EV_object_visible #############################
[balanced_delivery_supervisor-22] [INFO] [1789489939.232999289] [robot_2.robot_supervisor]: Triggered uncontrollable event: EV_object_not_visible
[balanced_delivery_supervisor-22] [INFO] [1789489939.240116811] [robot_2.robot_supervisor]: Selected controllable event: EV_approach_object
[balanced_delivery_supervisor-24] [INFO] [1789489939.446489636] [robot_1.robot_supervisor]: Selected controllable event: EV_approach_object
[balanced_delivery_supervisor-22] [INFO] [1789489939.532266989] [robot_2.robot_supervisor]: Selected controllable event: EV_approach_object
[balanced_delivery_supervisor-22] [INFO] [1789489939.759195208] [robot_2.robot_supervisor]: Selected controllable event: EV_search_object
[balanced_delivery_supervisor-24] [INFO] [1789489939.763119935] [robot_1.robot_supervisor]: Selected controllable event: EV_move_forward
[balanced_delivery_supervisor-20] [INFO] [1789489939.848846453] [robot_0.robot_supervisor]: FULL ROTATE completed by timeout
[balanced_delivery_supervisor-22] [INFO] [1789489939.940165438] [robot_2.robot_supervisor]: ############################# VISIBLE: EV_object_visible #############################
[balanced_delivery_supervisor-22] [INFO] [1789489939.941140296] [robot_2.robot_supervisor]: Selected controllable event: EV_approach_object
[balanced_delivery_supervisor-24] [INFO] [1789489940.029772588] [robot_1.robot_supervisor]: Triggered uncontrollable event: EV_obstacle_front
[balanced_delivery_supervisor-24] [INFO] [1789489940.030458573] [robot_1.robot_supervisor]: ############################# REACHED: EV_object_reached #############################
[balanced_delivery_supervisor-24] [INFO] [1789489940.049304398] [robot_1.robot_supervisor]: Selected controllable event: EV_u_turn
[balanced_delivery_supervisor-24] [INFO] [1789489940.054043021] [robot_1.robot_supervisor]: Starting FULL ROTATE (omega=1.000, have_odom=True, target_rad=3.142, timeout_s=3.500)
[balanced_delivery_supervisor-20] [INFO] [1789489940.062489361] [robot_0.robot_supervisor]: ############################# REACHED: EV_object_reached #############################
[balanced_delivery_supervisor-20] [INFO] [1789489940.074753327] [robot_0.robot_supervisor]: Selected controllable event: EV_move_forward
[balanced_delivery_supervisor-22] [INFO] [1789489940.218626322] [robot_2.robot_supervisor]: Selected controllable event: EV_approach_color
[balanced_delivery_supervisor-20] [INFO] [1789489940.359326930] [robot_0.robot_supervisor]: Selected controllable event: EV_move_forward
[balanced_delivery_supervisor-22] [INFO] [1789489940.430731377] [robot_2.robot_supervisor]: Selected controllable event: EV_move_forward
[balanced_delivery_supervisor-20] [INFO] [1789489940.646610662] [robot_0.robot_supervisor]: Triggered uncontrollable event: EV_object_not_visible
[balanced_delivery_supervisor-22] [INFO] [1789489940.649860583] [robot_2.robot_supervisor]: Selected controllable event: EV_approach_color
[balanced_delivery_supervisor-20] [INFO] [1789489940.660351329] [robot_0.robot_supervisor]: Selected controllable event: EV_approach_object
[balanced_delivery_supervisor-22] [INFO] [1789489940.924289522] [robot_2.robot_supervisor]: ############################# VISIBLE: EV_object_visible #############################
[balanced_delivery_supervisor-22] [INFO] [1789489940.948867473] [robot_2.robot_supervisor]: Selected controllable event: EV_approach_object
[balanced_delivery_supervisor-20] [INFO] [1789489940.958889736] [robot_0.robot_supervisor]: Selected controllable event: EV_search_color
[balanced_delivery_supervisor-20] [INFO] [1789489941.167110514] [robot_0.robot_supervisor]: Selected controllable event: EV_approach_object
[balanced_delivery_supervisor-22] [INFO] [1789489941.230704915] [robot_2.robot_supervisor]: Selected controllable event: EV_move_forward
[balanced_delivery_supervisor-20] [INFO] [1789489941.456157161] [robot_0.robot_supervisor]: Triggered uncontrollable event: EV_object_not_visible
[balanced_delivery_supervisor-20] [INFO] [1789489941.474821951] [robot_0.robot_supervisor]: Selected controllable event: EV_approach_color
[balanced_delivery_supervisor-22] [INFO] [1789489941.529245479] [robot_2.robot_supervisor]: ############################# REACHED: EV_object_reached #############################
[balanced_delivery_supervisor-22] [INFO] [1789489941.530104061] [robot_2.robot_supervisor]: Selected controllable event: EV_approach_object
[balanced_delivery_supervisor-20] [INFO] [1789489941.748432784] [robot_0.robot_supervisor]: Selected controllable event: EV_search_object
[balanced_delivery_supervisor-22] [INFO] [1789489941.818869267] [robot_2.robot_supervisor]: Selected controllable event: EV_approach_color
[balanced_delivery_supervisor-20] [INFO] [1789489941.963788327] [robot_0.robot_supervisor]: Selected controllable event: EV_approach_object
[balanced_delivery_supervisor-22] [INFO] [1789489942.063544340] [robot_2.robot_supervisor]: Selected controllable event: EV_approach_object
[balanced_delivery_supervisor-20] [INFO] [1789489942.256524124] [robot_0.robot_supervisor]: Triggered uncontrollable event: EV_object_not_visible
[balanced_delivery_supervisor-20] [INFO] [1789489942.257442684] [robot_0.robot_supervisor]: Selected controllable event: EV_search_color
[balanced_delivery_supervisor-22] [INFO] [1789489942.343117905] [robot_2.robot_supervisor]: Triggered uncontrollable event: EV_obstacle_right
[balanced_delivery_supervisor-22] [INFO] [1789489942.343791779] [robot_2.robot_supervisor]: ############################# REACHED: EV_object_reached #############################
[balanced_delivery_supervisor-22] [INFO] [1789489942.344614384] [robot_2.robot_supervisor]: Selected controllable event: EV_rotate_counterclockwise
[balanced_delivery_supervisor-20] [INFO] [1789489942.459784884] [robot_0.robot_supervisor]: Selected controllable event: EV_approach_color
[balanced_delivery_supervisor-22] [INFO] [1789489942.553644577] [robot_2.robot_supervisor]: Triggered uncontrollable event: EV_obstacle_right
[balanced_delivery_supervisor-22] [INFO] [1789489942.561481271] [robot_2.robot_supervisor]: Selected controllable event: EV_u_turn
[balanced_delivery_supervisor-22] [INFO] [1789489942.562397735] [robot_2.robot_supervisor]: Starting FULL ROTATE (omega=1.000, have_odom=True, target_rad=3.142, timeout_s=3.500)
[balanced_delivery_supervisor-20] [INFO] [1789489942.752447318] [robot_0.robot_supervisor]: Selected controllable event: EV_approach_color
[balanced_delivery_supervisor-20] [INFO] [1789489943.051497570] [robot_0.robot_supervisor]: Triggered uncontrollable event: EV_object_not_visible
[balanced_delivery_supervisor-20] [INFO] [1789489943.064397610] [robot_0.robot_supervisor]: Selected controllable event: EV_search_color
[balanced_delivery_supervisor-20] [INFO] [1789489943.261144370] [robot_0.robot_supervisor]: Selected controllable event: EV_search_color
[color_detector-27] [INFO] [1789489943.421657478] [robot_0.target_detector]: RGB HEARTBEAT frames_total=20 recent_rate_hz=1.355 last_frame_age_s=0.699 status=OK
[color_detector-31] [INFO] [1789489943.442108639] [robot_1.target_detector]: RGB HEARTBEAT frames_total=20 recent_rate_hz=1.346 last_frame_age_s=0.570 status=OK
[color_detector-29] [INFO] [1789489943.445135231] [robot_2.target_detector]: RGB HEARTBEAT frames_total=20 recent_rate_hz=1.344 last_frame_age_s=0.632 status=OK
[balanced_delivery_supervisor-20] [INFO] [1789489943.462244197] [robot_0.robot_supervisor]: Selected controllable event: EV_search_color
[balanced_delivery_supervisor-24] [INFO] [1789489943.554264076] [robot_1.robot_supervisor]: FULL ROTATE completed by timeout
[balanced_delivery_supervisor-20] [INFO] [1789489943.662884229] [robot_0.robot_supervisor]: Triggered uncontrollable event: EV_object_not_visible
[balanced_delivery_supervisor-20] [INFO] [1789489943.663948350] [robot_0.robot_supervisor]: Selected controllable event: EV_search_color
[balanced_delivery_supervisor-24] [INFO] [1789489943.835943155] [robot_1.robot_supervisor]: ############################# REACHED: EV_object_reached #############################
[balanced_delivery_supervisor-24] [INFO] [1789489943.841437884] [robot_1.robot_supervisor]: Selected controllable event: EV_approach_color
[balanced_delivery_supervisor-20] [INFO] [1789489943.845882091] [robot_0.robot_supervisor]: Selected controllable event: EV_approach_object
[balanced_delivery_supervisor-20] [INFO] [1789489944.059459427] [robot_0.robot_supervisor]: Selected controllable event: EV_move_forward
[balanced_delivery_supervisor-24] [INFO] [1789489944.144911177] [robot_1.robot_supervisor]: Selected controllable event: EV_search_object
[balanced_delivery_supervisor-24] [INFO] [1789489944.323528233] [robot_1.robot_supervisor]: Selected controllable event: EV_search_object
[balanced_delivery_supervisor-20] [INFO] [1789489944.357257525] [robot_0.robot_supervisor]: Triggered uncontrollable event: EV_object_not_visible
[balanced_delivery_supervisor-20] [INFO] [1789489944.358034286] [robot_0.robot_supervisor]: Selected controllable event: EV_search_object
[balanced_delivery_supervisor-24] [INFO] [1789489944.436597880] [robot_1.robot_supervisor]: Selected controllable event: EV_approach_object
[balanced_delivery_supervisor-20] [INFO] [1789489944.560101936] [robot_0.robot_supervisor]: Selected controllable event: EV_search_object
[balanced_delivery_supervisor-24] [INFO] [1789489944.735094478] [robot_1.robot_supervisor]: ############################# REACHED: EV_object_reached #############################
[balanced_delivery_supervisor-24] [INFO] [1789489944.735844120] [robot_1.robot_supervisor]: Selected controllable event: EV_search_color
[balanced_delivery_supervisor-20] [INFO] [1789489944.758411922] [robot_0.robot_supervisor]: Selected controllable event: EV_search_object
[balanced_delivery_supervisor-20] [INFO] [1789489944.864430726] [robot_0.robot_supervisor]: Selected controllable event: EV_move_forward
[balanced_delivery_supervisor-24] [INFO] [1789489944.923284391] [robot_1.robot_supervisor]: Selected controllable event: EV_search_color
[balanced_delivery_supervisor-24] [INFO] [1789489945.141796631] [robot_1.robot_supervisor]: ############################# REACHED: EV_object_reached #############################
[balanced_delivery_supervisor-24] [INFO] [1789489945.142660174] [robot_1.robot_supervisor]: Selected controllable event: EV_approach_color
[balanced_delivery_supervisor-20] [INFO] [1789489945.154902953] [robot_0.robot_supervisor]: Triggered uncontrollable event: EV_obstacle_left
[balanced_delivery_supervisor-20] [INFO] [1789489945.160006197] [robot_0.robot_supervisor]: Triggered uncontrollable event: EV_object_not_visible
[balanced_delivery_supervisor-20] [INFO] [1789489945.160817724] [robot_0.robot_supervisor]: Selected controllable event: EV_u_turn
[balanced_delivery_supervisor-20] [INFO] [1789489945.177007029] [robot_0.robot_supervisor]: Starting FULL ROTATE (omega=1.000, have_odom=True, target_rad=3.142, timeout_s=3.500)
[balanced_delivery_supervisor-24] [INFO] [1789489945.426589602] [robot_1.robot_supervisor]: Selected controllable event: EV_approach_object
[balanced_delivery_supervisor-24] [INFO] [1789489945.736516330] [robot_1.robot_supervisor]: Selected controllable event: EV_approach_object
[balanced_delivery_supervisor-24] [INFO] [1789489946.035699940] [robot_1.robot_supervisor]: ############################# REACHED: EV_object_reached #############################
[balanced_delivery_supervisor-24] [INFO] [1789489946.052731490] [robot_1.robot_supervisor]: Selected controllable event: EV_move_forward
[balanced_delivery_supervisor-22] [INFO] [1789489946.132704337] [robot_2.robot_supervisor]: FULL ROTATE completed by timeout
[balanced_delivery_supervisor-24] [INFO] [1789489946.338241054] [robot_1.robot_supervisor]: Selected controllable event: EV_approach_color
[balanced_delivery_supervisor-22] [INFO] [1789489946.331838015] [robot_2.robot_supervisor]: ############################# REACHED: EV_object_reached #############################
[balanced_delivery_supervisor-22] [INFO] [1789489946.347007804] [robot_2.robot_supervisor]: Selected controllable event: EV_search_color
[balanced_delivery_supervisor-22] [INFO] [1789489946.538669559] [robot_2.robot_supervisor]: ############################# REACHED: EV_object_reached #############################
[balanced_delivery_supervisor-22] [INFO] [1789489946.539569821] [robot_2.robot_supervisor]: Selected controllable event: EV_search_color
[balanced_delivery_supervisor-24] [INFO] [1789489946.624046831] [robot_1.robot_supervisor]: ############################# REACHED: EV_object_reached #############################
[balanced_delivery_supervisor-24] [INFO] [1789489946.628902040] [robot_1.robot_supervisor]: Selected controllable event: EV_search_object
[balanced_delivery_supervisor-22] [INFO] [1789489946.737521190] [robot_2.robot_supervisor]: Selected controllable event: EV_search_color
[balanced_delivery_supervisor-24] [INFO] [1789489946.827982171] [robot_1.robot_supervisor]: Selected controllable event: EV_move_forward
[balanced_delivery_supervisor-22] [INFO] [1789489946.922472435] [robot_2.robot_supervisor]: Selected controllable event: EV_search_object
[balanced_delivery_supervisor-24] [INFO] [1789489947.031694609] [robot_1.robot_supervisor]: Selected controllable event: EV_move_forward
[balanced_delivery_supervisor-22] [INFO] [1789489947.063043569] [robot_2.robot_supervisor]: Selected controllable event: EV_approach_color
[balanced_delivery_supervisor-22] [INFO] [1789489947.319730120] [robot_2.robot_supervisor]: ############################# REACHED: EV_object_reached #############################
[balanced_delivery_supervisor-22] [INFO] [1789489947.327792662] [robot_2.robot_supervisor]: Selected controllable event: EV_approach_object
[balanced_delivery_supervisor-24] [INFO] [1789489947.340028426] [robot_1.robot_supervisor]: ############################# VISIBLE: EV_object_visible #############################
[balanced_delivery_supervisor-24] [INFO] [1789489947.346085192] [robot_1.robot_supervisor]: Selected controllable event: EV_approach_color
[balanced_delivery_supervisor-24] [INFO] [1789489947.636508944] [robot_1.robot_supervisor]: Selected controllable event: EV_approach_color
[balanced_delivery_supervisor-22] [INFO] [1789489947.643554974] [robot_2.robot_supervisor]: Selected controllable event: EV_search_object
[balanced_delivery_supervisor-22] [INFO] [1789489947.840425197] [robot_2.robot_supervisor]: Selected controllable event: EV_move_forward
[balanced_delivery_supervisor-24] [INFO] [1789489947.933031545] [robot_1.robot_supervisor]: Selected controllable event: EV_approach_object
[balanced_delivery_supervisor-22] [INFO] [1789489948.121843314] [robot_2.robot_supervisor]: ############################# REACHED: EV_object_reached #############################
[balanced_delivery_supervisor-22] [INFO] [1789489948.122756954] [robot_2.robot_supervisor]: Selected controllable event: EV_approach_object
[balanced_delivery_supervisor-24] [INFO] [1789489948.225545211] [robot_1.robot_supervisor]: ############################# VISIBLE: EV_object_visible #############################
[balanced_delivery_supervisor-24] [INFO] [1789489948.232917921] [robot_1.robot_supervisor]: Selected controllable event: EV_search_color
[balanced_delivery_supervisor-22] [INFO] [1789489948.335488910] [robot_2.robot_supervisor]: Selected controllable event: EV_search_color
[balanced_delivery_supervisor-24] [INFO] [1789489948.429473933] [robot_1.robot_supervisor]: Selected controllable event: EV_move_forward
[balanced_delivery_supervisor-22] [INFO] [1789489948.520077303] [robot_2.robot_supervisor]: Selected controllable event: EV_approach_color
[balanced_delivery_supervisor-24] [INFO] [1789489948.641847858] [robot_1.robot_supervisor]: Selected controllable event: EV_search_object
[balanced_delivery_supervisor-22] [INFO] [1789489948.721254396] [robot_2.robot_supervisor]: Triggered uncontrollable event: EV_obstacle_right
[balanced_delivery_supervisor-22] [INFO] [1789489948.726359523] [robot_2.robot_supervisor]: ############################# REACHED: EV_object_reached #############################
[balanced_delivery_supervisor-22] [INFO] [1789489948.741282970] [robot_2.robot_supervisor]: Selected controllable event: EV_u_turn
[balanced_delivery_supervisor-22] [INFO] [1789489948.742050559] [robot_2.robot_supervisor]: Starting FULL ROTATE (omega=1.000, have_odom=True, target_rad=3.142, timeout_s=3.500)
[balanced_delivery_supervisor-20] [INFO] [1789489948.765056049] [robot_0.robot_supervisor]: FULL ROTATE completed by timeout
[balanced_delivery_supervisor-24] [INFO] [1789489948.828260747] [robot_1.robot_supervisor]: Triggered uncontrollable event: EV_obstacle_right
[balanced_delivery_supervisor-24] [INFO] [1789489948.828848887] [robot_1.robot_supervisor]: ############################# VISIBLE: EV_object_visible #############################
[balanced_delivery_supervisor-24] [INFO] [1789489948.829613134] [robot_1.robot_supervisor]: Selected controllable event: EV_rotate_counterclockwise
[balanced_delivery_supervisor-24] [INFO] [1789489948.934287015] [robot_1.robot_supervisor]: Triggered uncontrollable event: EV_obstacle_right
[balanced_delivery_supervisor-24] [INFO] [1789489948.938494939] [robot_1.robot_supervisor]: Selected controllable event: EV_rotate_counterclockwise
[balanced_delivery_supervisor-20] [INFO] [1789489948.963443271] [robot_0.robot_supervisor]: ############################# VISIBLE: EV_object_visible #############################
[balanced_delivery_supervisor-20] [INFO] [1789489948.972132608] [robot_0.robot_supervisor]: Selected controllable event: EV_approach_color
[balanced_delivery_supervisor-24] [INFO] [1789489949.120040060] [robot_1.robot_supervisor]: Triggered uncontrollable event: EV_obstacle_right
[balanced_delivery_supervisor-24] [INFO] [1789489949.124015595] [robot_1.robot_supervisor]: Selected controllable event: EV_rotate_counterclockwise
[balanced_delivery_supervisor-24] [INFO] [1789489949.226458088] [robot_1.robot_supervisor]: Triggered uncontrollable event: EV_obstacle_right
[balanced_delivery_supervisor-24] [INFO] [1789489949.227319550] [robot_1.robot_supervisor]: Selected controllable event: EV_rotate_counterclockwise
[balanced_delivery_supervisor-20] [INFO] [1789489949.264071280] [robot_0.robot_supervisor]: Selected controllable event: EV_search_object
[balanced_delivery_supervisor-24] [INFO] [1789489949.337588482] [robot_1.robot_supervisor]: Triggered uncontrollable event: EV_obstacle_right
[balanced_delivery_supervisor-24] [INFO] [1789489949.338415837] [robot_1.robot_supervisor]: Selected controllable event: EV_u_turn
[balanced_delivery_supervisor-24] [INFO] [1789489949.339070720] [robot_1.robot_supervisor]: Starting FULL ROTATE (omega=1.000, have_odom=True, target_rad=3.142, timeout_s=3.500)
[balanced_delivery_supervisor-20] [INFO] [1789489949.460704914] [robot_0.robot_supervisor]: ############################# VISIBLE: EV_object_visible #############################
[balanced_delivery_supervisor-20] [INFO] [1789489949.461562955] [robot_0.robot_supervisor]: Selected controllable event: EV_search_object
[balanced_delivery_supervisor-20] [INFO] [1789489949.661702823] [robot_0.robot_supervisor]: Selected controllable event: EV_approach_object
[balanced_delivery_supervisor-20] [INFO] [1789489949.953406545] [robot_0.robot_supervisor]: Selected controllable event: EV_search_object
[balanced_delivery_supervisor-20] [INFO] [1789489950.152090125] [robot_0.robot_supervisor]: ############################# VISIBLE: EV_object_visible #############################
[balanced_delivery_supervisor-20] [INFO] [1789489950.152947637] [robot_0.robot_supervisor]: Selected controllable event: EV_move_forward
[balanced_delivery_supervisor-20] [INFO] [1789489950.362945627] [robot_0.robot_supervisor]: Selected controllable event: EV_approach_object
[color_detector-29] [INFO] [1789489950.515720325] [robot_2.target_detector]: RGB HEARTBEAT frames_total=30 recent_rate_hz=1.418 last_frame_age_s=0.540 status=OK
[color_detector-31] [INFO] [1789489950.516081298] [robot_1.target_detector]: RGB HEARTBEAT frames_total=30 recent_rate_hz=1.414 last_frame_age_s=0.436 status=OK
[color_detector-27] [INFO] [1789489950.521673845] [robot_0.target_detector]: RGB HEARTBEAT frames_total=30 recent_rate_hz=1.410 last_frame_age_s=0.598 status=OK
[balanced_delivery_supervisor-20] [INFO] [1789489950.664468562] [robot_0.robot_supervisor]: Selected controllable event: EV_search_color
[balanced_delivery_supervisor-20] [INFO] [1789489950.855167097] [robot_0.robot_supervisor]: ############################# VISIBLE: EV_object_visible #############################
[balanced_delivery_supervisor-20] [INFO] [1789489950.869876173] [robot_0.robot_supervisor]: Selected controllable event: EV_search_color
[balanced_delivery_supervisor-20] [INFO] [1789489951.054896910] [robot_0.robot_supervisor]: Selected controllable event: EV_approach_color
[balanced_delivery_supervisor-20] [INFO] [1789489951.265583330] [robot_0.robot_supervisor]: Selected controllable event: EV_approach_object
[balanced_delivery_supervisor-20] [INFO] [1789489951.556411637] [robot_0.robot_supervisor]: ############################# VISIBLE: EV_object_visible #############################
[balanced_delivery_supervisor-20] [INFO] [1789489951.561768549] [robot_0.robot_supervisor]: Selected controllable event: EV_move_forward
[balanced_delivery_supervisor-20] [INFO] [1789489951.864903798] [robot_0.robot_supervisor]: Selected controllable event: EV_approach_color
[balanced_delivery_supervisor-20] [INFO] [1789489952.157474957] [robot_0.robot_supervisor]: ############################# VISIBLE: EV_object_visible #############################
[balanced_delivery_supervisor-20] [INFO] [1789489952.158334050] [robot_0.robot_supervisor]: Selected controllable event: EV_search_object
[balanced_delivery_supervisor-22] [INFO] [1789489952.333534759] [robot_2.robot_supervisor]: FULL ROTATE completed by timeout
[balanced_delivery_supervisor-20] [INFO] [1789489952.353548832] [robot_0.robot_supervisor]: Selected controllable event: EV_approach_object
[balanced_delivery_supervisor-22] [INFO] [1789489952.528263218] [robot_2.robot_supervisor]: ############################# VISIBLE: EV_object_visible #############################
[balanced_delivery_supervisor-22] [INFO] [1789489952.542348515] [robot_2.robot_supervisor]: Selected controllable event: EV_search_object
[balanced_delivery_supervisor-20] [INFO] [1789489952.557380426] [robot_0.robot_supervisor]: Selected controllable event: EV_approach_object
[balanced_delivery_supervisor-22] [INFO] [1789489952.732997288] [robot_2.robot_supervisor]: Selected controllable event: EV_search_object
[balanced_delivery_supervisor-20] [INFO] [1789489952.848906528] [robot_0.robot_supervisor]: Triggered uncontrollable event: EV_obstacle_right
[balanced_delivery_supervisor-20] [INFO] [1789489952.849580034] [robot_0.robot_supervisor]: ############################# VISIBLE: EV_object_visible #############################
[balanced_delivery_supervisor-20] [INFO] [1789489952.850425747] [robot_0.robot_supervisor]: Selected controllable event: EV_rotate_counterclockwise
[balanced_delivery_supervisor-22] [INFO] [1789489952.932783652] [robot_2.robot_supervisor]: ############################# VISIBLE: EV_object_visible #############################
[balanced_delivery_supervisor-22] [INFO] [1789489952.937473628] [robot_2.robot_supervisor]: Selected controllable event: EV_search_color
[balanced_delivery_supervisor-24] [INFO] [1789489952.938856981] [robot_1.robot_supervisor]: FULL ROTATE completed by timeout
[balanced_delivery_supervisor-20] [INFO] [1789489952.962926719] [robot_0.robot_supervisor]: Triggered uncontrollable event: EV_obstacle_right
[balanced_delivery_supervisor-20] [INFO] [1789489952.963761910] [robot_0.robot_supervisor]: Selected controllable event: EV_u_turn
[balanced_delivery_supervisor-20] [INFO] [1789489952.964483969] [robot_0.robot_supervisor]: Starting FULL ROTATE (omega=1.000, have_odom=True, target_rad=3.142, timeout_s=3.500)
[balanced_delivery_supervisor-22] [INFO] [1789489953.132470800] [robot_2.robot_supervisor]: Selected controllable event: EV_move_forward
[balanced_delivery_supervisor-24] [INFO] [1789489953.255032943] [robot_1.robot_supervisor]: ############################# VISIBLE: EV_object_visible #############################
[balanced_delivery_supervisor-24] [INFO] [1789489953.255912645] [robot_1.robot_supervisor]: Selected controllable event: EV_approach_object
[balanced_delivery_supervisor-22] [INFO] [1789489953.416659231] [robot_2.robot_supervisor]: Triggered uncontrollable event: EV_obstacle_left
[balanced_delivery_supervisor-22] [INFO] [1789489953.417508034] [robot_2.robot_supervisor]: Selected controllable event: EV_rotate_clockwise
[balanced_delivery_supervisor-22] [WARN] [1789489953.436087223] [robot_2.robot_supervisor]: no translation for 5.1s livelock detected; starting atomic escape (turn_sign=-1)
[balanced_delivery_supervisor-24] [INFO] [1789489953.531945514] [robot_1.robot_supervisor]: ############################# VISIBLE: EV_object_visible #############################
[balanced_delivery_supervisor-24] [INFO] [1789489953.532794396] [robot_1.robot_supervisor]: Selected controllable event: EV_approach_object
[balanced_delivery_supervisor-24] [INFO] [1789489953.833654833] [robot_1.robot_supervisor]: Selected controllable event: EV_search_color
[balanced_delivery_supervisor-24] [INFO] [1789489954.020931825] [robot_1.robot_supervisor]: Selected controllable event: EV_approach_color
[balanced_delivery_supervisor-24] [INFO] [1789489954.234549095] [robot_1.robot_supervisor]: ############################# VISIBLE: EV_object_visible #############################
[balanced_delivery_supervisor-24] [INFO] [1789489954.235350051] [robot_1.robot_supervisor]: Selected controllable event: EV_move_forward
[balanced_delivery_supervisor-24] [INFO] [1789489954.530747638] [robot_1.robot_supervisor]: Selected controllable event: EV_move_forward
[balanced_delivery_supervisor-24] [INFO] [1789489954.832413698] [robot_1.robot_supervisor]: ############################# VISIBLE: EV_object_visible #############################
[balanced_delivery_supervisor-24] [INFO] [1789489954.842178571] [robot_1.robot_supervisor]: Selected controllable event: EV_search_color
[balanced_delivery_supervisor-24] [INFO] [1789489955.024392577] [robot_1.robot_supervisor]: Selected controllable event: EV_approach_object
[balanced_delivery_supervisor-24] [INFO] [1789489955.341533431] [robot_1.robot_supervisor]: Selected controllable event: EV_approach_object
[balanced_delivery_supervisor-24] [INFO] [1789489955.635962248] [robot_1.robot_supervisor]: ############################# REACHED: EV_object_reached #############################
[balanced_delivery_supervisor-24] [INFO] [1789489955.648055093] [robot_1.robot_supervisor]: Selected controllable event: EV_approach_color
[balanced_delivery_supervisor-22] [INFO] [1789489955.929811519] [robot_2.robot_supervisor]: Zone-livelock escape completed
[balanced_delivery_supervisor-24] [INFO] [1789489955.931695634] [robot_1.robot_supervisor]: Selected controllable event: EV_approach_color
[balanced_delivery_supervisor-22] [INFO] [1789489956.149730315] [robot_2.robot_supervisor]: ############################# REACHED: EV_object_reached #############################
[balanced_delivery_supervisor-22] [INFO] [1789489956.155028478] [robot_2.robot_supervisor]: Selected controllable event: EV_approach_color
[balanced_delivery_supervisor-24] [INFO] [1789489956.224731118] [robot_1.robot_supervisor]: Triggered uncontrollable event: EV_obstacle_front
[balanced_delivery_supervisor-24] [INFO] [1789489956.232792266] [robot_1.robot_supervisor]: ############################# REACHED: EV_object_reached #############################
[balanced_delivery_supervisor-24] [INFO] [1789489956.243186436] [robot_1.robot_supervisor]: Selected controllable event: EV_u_turn
[balanced_delivery_supervisor-24] [INFO] [1789489956.247300987] [robot_1.robot_supervisor]: Starting FULL ROTATE (omega=1.000, have_odom=True, target_rad=3.142, timeout_s=3.500)
[balanced_delivery_supervisor-22] [INFO] [1789489956.425470283] [robot_2.robot_supervisor]: Selected controllable event: EV_approach_object
[balanced_delivery_supervisor-20] [INFO] [1789489956.549915616] [robot_0.robot_supervisor]: FULL ROTATE completed by timeout
[balanced_delivery_supervisor-22] [INFO] [1789489956.732993596] [robot_2.robot_supervisor]: Selected controllable event: EV_approach_object
[balanced_delivery_supervisor-20] [INFO] [1789489956.845126610] [robot_0.robot_supervisor]: Triggered uncontrollable event: EV_object_not_visible
[balanced_delivery_supervisor-20] [INFO] [1789489956.845935392] [robot_0.robot_supervisor]: Selected controllable event: EV_search_color
[balanced_delivery_supervisor-22] [INFO] [1789489957.017471995] [robot_2.robot_supervisor]: ############################# VISIBLE: EV_object_visible #############################
[balanced_delivery_supervisor-22] [INFO] [1789489957.021747464] [robot_2.robot_supervisor]: Selected controllable event: EV_search_object
[balanced_delivery_supervisor-20] [INFO] [1789489957.046414664] [robot_0.robot_supervisor]: Selected controllable event: EV_search_object
[balanced_delivery_supervisor-20] [INFO] [1789489957.150467931] [robot_0.robot_supervisor]: Selected controllable event: EV_search_object
[balanced_delivery_supervisor-22] [INFO] [1789489957.220588519] [robot_2.robot_supervisor]: Selected controllable event: EV_search_object
[color_detector-27] [INFO] [1789489957.221754160] [robot_0.target_detector]: RGB HEARTBEAT frames_total=40 recent_rate_hz=1.491 last_frame_age_s=0.617 status=OK
[color_detector-29] [INFO] [1789489957.227293000] [robot_2.target_detector]: RGB HEARTBEAT frames_total=40 recent_rate_hz=1.488 last_frame_age_s=0.543 status=OK
[color_detector-31] [INFO] [1789489957.232515972] [robot_1.target_detector]: RGB HEARTBEAT frames_total=40 recent_rate_hz=1.491 last_frame_age_s=0.423 status=OK
[balanced_delivery_supervisor-20] [INFO] [1789489957.261498793] [robot_0.robot_supervisor]: Selected controllable event: EV_approach_color
[balanced_delivery_supervisor-22] [INFO] [1789489957.333254334] [robot_2.robot_supervisor]: Selected controllable event: EV_search_color
[balanced_delivery_supervisor-22] [INFO] [1789489957.519783344] [robot_2.robot_supervisor]: ############################# VISIBLE: EV_object_visible #############################
[balanced_delivery_supervisor-22] [INFO] [1789489957.525973975] [robot_2.robot_supervisor]: Selected controllable event: EV_search_color
[balanced_delivery_supervisor-20] [INFO] [1789489957.552342778] [robot_0.robot_supervisor]: Triggered uncontrollable event: EV_object_not_visible
[balanced_delivery_supervisor-20] [INFO] [1789489957.557779451] [robot_0.robot_supervisor]: Selected controllable event: EV_move_forward
[balanced_delivery_supervisor-22] [INFO] [1789489957.636663652] [robot_2.robot_supervisor]: Selected controllable event: EV_approach_color
[balanced_delivery_supervisor-20] [INFO] [1789489957.764241286] [robot_0.robot_supervisor]: Selected controllable event: EV_approach_object
[balanced_delivery_supervisor-22] [INFO] [1789489957.931131288] [robot_2.robot_supervisor]: Selected controllable event: EV_search_object
[balanced_delivery_supervisor-20] [INFO] [1789489958.057429350] [robot_0.robot_supervisor]: Selected controllable event: EV_search_object
[balanced_delivery_supervisor-22] [INFO] [1789489958.129063760] [robot_2.robot_supervisor]: Selected controllable event: EV_approach_color
[balanced_delivery_supervisor-20] [INFO] [1789489958.256261536] [robot_0.robot_supervisor]: Triggered uncontrollable event: EV_object_not_visible
[balanced_delivery_supervisor-20] [INFO] [1789489958.261411302] [robot_0.robot_supervisor]: Selected controllable event: EV_search_color
[balanced_delivery_supervisor-22] [INFO] [1789489958.426015410] [robot_2.robot_supervisor]: Triggered uncontrollable event: EV_object_not_visible
[balanced_delivery_supervisor-22] [INFO] [1789489958.426900187] [robot_2.robot_supervisor]: Selected controllable event: EV_search_object
[balanced_delivery_supervisor-20] [INFO] [1789489958.445413523] [robot_0.robot_supervisor]: Selected controllable event: EV_approach_object
[balanced_delivery_supervisor-22] [INFO] [1789489958.639272254] [robot_2.robot_supervisor]: Selected controllable event: EV_move_forward
[balanced_delivery_supervisor-20] [INFO] [1789489958.764388837] [robot_0.robot_supervisor]: Triggered uncontrollable event: EV_obstacle_left
[balanced_delivery_supervisor-20] [INFO] [1789489958.788321289] [robot_0.robot_supervisor]: Triggered uncontrollable event: EV_object_not_visible
[balanced_delivery_supervisor-20] [INFO] [1789489958.789369749] [robot_0.robot_supervisor]: Selected controllable event: EV_rotate_clockwise
[balanced_delivery_supervisor-20] [WARN] [1789489958.790190371] [robot_0.robot_supervisor]: no translation for 6.4s livelock detected; starting atomic escape (turn_sign=-1)
[balanced_delivery_supervisor-22] [INFO] [1789489958.926506349] [robot_2.robot_supervisor]: Triggered uncontrollable event: EV_object_not_visible
[balanced_delivery_supervisor-22] [INFO] [1789489958.927267702] [robot_2.robot_supervisor]: Selected controllable event: EV_search_object
[balanced_delivery_supervisor-22] [INFO] [1789489959.032043270] [robot_2.robot_supervisor]: Selected controllable event: EV_approach_object
[balanced_delivery_supervisor-22] [INFO] [1789489959.331303831] [robot_2.robot_supervisor]: Selected controllable event: EV_search_object
[balanced_delivery_supervisor-22] [INFO] [1789489959.519075091] [robot_2.robot_supervisor]: Triggered uncontrollable event: EV_obstacle_left
[balanced_delivery_supervisor-22] [INFO] [1789489959.519770499] [robot_2.robot_supervisor]: ############################# REACHED: EV_object_reached #############################
[balanced_delivery_supervisor-22] [INFO] [1789489959.520698900] [robot_2.robot_supervisor]: Selected controllable event: EV_rotate_clockwise
[balanced_delivery_supervisor-22] [INFO] [1789489959.726773140] [robot_2.robot_supervisor]: Triggered uncontrollable event: EV_obstacle_left
[balanced_delivery_supervisor-22] [INFO] [1789489959.733033243] [robot_2.robot_supervisor]: Selected controllable event: EV_u_turn
[balanced_delivery_supervisor-22] [INFO] [1789489959.739674227] [robot_2.robot_supervisor]: Starting FULL ROTATE (omega=1.000, have_odom=True, target_rad=3.142, timeout_s=3.500)
[balanced_delivery_supervisor-24] [INFO] [1789489959.834103953] [robot_1.robot_supervisor]: FULL ROTATE completed by timeout
[balanced_delivery_supervisor-24] [INFO] [1789489960.144362446] [robot_1.robot_supervisor]: ############################# REACHED: EV_object_reached #############################
[balanced_delivery_supervisor-24] [INFO] [1789489960.145311257] [robot_1.robot_supervisor]: Selected controllable event: EV_search_object
[balanced_delivery_supervisor-24] [INFO] [1789489960.326319635] [robot_1.robot_supervisor]: ############################# REACHED: EV_object_reached #############################
[balanced_delivery_supervisor-24] [INFO] [1789489960.327161037] [robot_1.robot_supervisor]: Selected controllable event: EV_approach_object
[balanced_delivery_supervisor-24] [INFO] [1789489960.535897661] [robot_1.robot_supervisor]: Selected controllable event: EV_move_forward
[balanced_delivery_supervisor-24] [INFO] [1789489960.830409493] [robot_1.robot_supervisor]: Selected controllable event: EV_search_object
[balanced_delivery_supervisor-24] [INFO] [1789489961.038067825] [robot_1.robot_supervisor]: Triggered uncontrollable event: EV_obstacle_right
[balanced_delivery_supervisor-24] [INFO] [1789489961.041301879] [robot_1.robot_supervisor]: ############################# REACHED: EV_object_reached #############################
[balanced_delivery_supervisor-24] [INFO] [1789489961.042236041] [robot_1.robot_supervisor]: Selected controllable event: EV_rotate_counterclockwise
[balanced_delivery_supervisor-24] [INFO] [1789489961.245886139] [robot_1.robot_supervisor]: Triggered uncontrollable event: EV_obstacle_right
[balanced_delivery_supervisor-24] [INFO] [1789489961.250787653] [robot_1.robot_supervisor]: Selected controllable event: EV_u_turn
[balanced_delivery_supervisor-20] [INFO] [1789489961.247054369] [robot_0.robot_supervisor]: Zone-livelock escape completed
[balanced_delivery_supervisor-24] [INFO] [1789489961.332402012] [robot_1.robot_supervisor]: Triggered uncontrollable event: EV_obstacle_right
[balanced_delivery_supervisor-24] [INFO] [1789489961.333373571] [robot_1.robot_supervisor]: Selected controllable event: EV_u_turn
[balanced_delivery_supervisor-24] [INFO] [1789489961.424368663] [robot_1.robot_supervisor]: Triggered uncontrollable event: EV_obstacle_right
[balanced_delivery_supervisor-24] [INFO] [1789489961.445359750] [robot_1.robot_supervisor]: Selected controllable event: EV_rotate_counterclockwise
[balanced_delivery_supervisor-20] [INFO] [1789489961.468672755] [robot_0.robot_supervisor]: Triggered uncontrollable event: EV_object_not_visible
[balanced_delivery_supervisor-20] [INFO] [1789489961.470696016] [robot_0.robot_supervisor]: Selected controllable event: EV_approach_color
[balanced_delivery_supervisor-24] [INFO] [1789489961.629695447] [robot_1.robot_supervisor]: Triggered uncontrollable event: EV_obstacle_right
[balanced_delivery_supervisor-24] [INFO] [1789489961.630528330] [robot_1.robot_supervisor]: Selected controllable event: EV_u_turn
[balanced_delivery_supervisor-24] [INFO] [1789489961.749043086] [robot_1.robot_supervisor]: Triggered uncontrollable event: EV_obstacle_right
[balanced_delivery_supervisor-24] [INFO] [1789489961.749944435] [robot_1.robot_supervisor]: Selected controllable event: EV_rotate_counterclockwise
[balanced_delivery_supervisor-20] [INFO] [1789489961.764422357] [robot_0.robot_supervisor]: Triggered uncontrollable event: EV_object_not_visible
[balanced_delivery_supervisor-20] [INFO] [1789489961.765256456] [robot_0.robot_supervisor]: Selected controllable event: EV_search_color
[balanced_delivery_supervisor-24] [INFO] [1789489961.922260511] [robot_1.robot_supervisor]: ############################# REACHED: EV_object_reached #############################
[balanced_delivery_supervisor-24] [INFO] [1789489961.923142392] [robot_1.robot_supervisor]: Selected controllable event: EV_move_forward
[balanced_delivery_supervisor-20] [INFO] [1789489961.955115641] [robot_0.robot_supervisor]: Selected controllable event: EV_move_forward
[balanced_delivery_supervisor-24] [INFO] [1789489962.131311880] [robot_1.robot_supervisor]: Selected controllable event: EV_move_forward
[balanced_delivery_supervisor-20] [INFO] [1789489962.256320032] [robot_0.robot_supervisor]: Selected controllable event: EV_move_forward
[balanced_delivery_supervisor-24] [INFO] [1789489962.334444601] [robot_1.robot_supervisor]: Selected controllable event: EV_search_object
[balanced_delivery_supervisor-24] [INFO] [1789489962.439790037] [robot_1.robot_supervisor]: Selected controllable event: EV_move_forward
[balanced_delivery_supervisor-20] [INFO] [1789489962.568510157] [robot_0.robot_supervisor]: Triggered uncontrollable event: EV_object_not_visible
[balanced_delivery_supervisor-20] [INFO] [1789489962.569294198] [robot_0.robot_supervisor]: Selected controllable event: EV_move_forward
[balanced_delivery_supervisor-24] [INFO] [1789489962.737414515] [robot_1.robot_supervisor]: Triggered uncontrollable event: EV_obstacle_right
[balanced_delivery_supervisor-24] [INFO] [1789489962.739433897] [robot_1.robot_supervisor]: ############################# REACHED: EV_object_reached #############################
[balanced_delivery_supervisor-24] [INFO] [1789489962.742871115] [robot_1.robot_supervisor]: Selected controllable event: EV_rotate_counterclockwise
[balanced_delivery_supervisor-20] [INFO] [1789489962.852438380] [robot_0.robot_supervisor]: Selected controllable event: EV_approach_color
[balanced_delivery_supervisor-24] [INFO] [1789489962.922135087] [robot_1.robot_supervisor]: Triggered uncontrollable event: EV_obstacle_right
[balanced_delivery_supervisor-24] [INFO] [1789489962.922929724] [robot_1.robot_supervisor]: Selected controllable event: EV_rotate_counterclockwise
[balanced_delivery_supervisor-24] [INFO] [1789489963.040441255] [robot_1.robot_supervisor]: Triggered uncontrollable event: EV_obstacle_right
[balanced_delivery_supervisor-24] [INFO] [1789489963.041302568] [robot_1.robot_supervisor]: Selected controllable event: EV_rotate_counterclockwise
[balanced_delivery_supervisor-20] [INFO] [1789489963.145072602] [robot_0.robot_supervisor]: Triggered uncontrollable event: EV_object_not_visible
[balanced_delivery_supervisor-20] [INFO] [1789489963.145866221] [robot_0.robot_supervisor]: Selected controllable event: EV_search_object
[balanced_delivery_supervisor-24] [INFO] [1789489963.238893423] [robot_1.robot_supervisor]: Triggered uncontrollable event: EV_obstacle_right
[balanced_delivery_supervisor-24] [INFO] [1789489963.242982717] [robot_1.robot_supervisor]: ############################# REACHED: EV_object_reached #############################
[balanced_delivery_supervisor-24] [INFO] [1789489963.247511213] [robot_1.robot_supervisor]: Selected controllable event: EV_u_turn
[balanced_delivery_supervisor-24] [INFO] [1789489963.250591122] [robot_1.robot_supervisor]: Starting FULL ROTATE (omega=1.000, have_odom=True, target_rad=3.142, timeout_s=3.500)
[balanced_delivery_supervisor-20] [INFO] [1789489963.254634559] [robot_0.robot_supervisor]: Selected controllable event: EV_approach_color
[balanced_delivery_supervisor-22] [INFO] [1789489963.336859520] [robot_2.robot_supervisor]: FULL ROTATE completed by timeout
[balanced_delivery_supervisor-20] [INFO] [1789489963.468503711] [robot_0.robot_supervisor]: Selected controllable event: EV_approach_color
[balanced_delivery_supervisor-22] [INFO] [1789489963.625155389] [robot_2.robot_supervisor]: ############################# REACHED: EV_object_reached #############################
[balanced_delivery_supervisor-22] [INFO] [1789489963.647537697] [robot_2.robot_supervisor]: Selected controllable event: EV_approach_object
[balanced_delivery_supervisor-20] [INFO] [1789489963.768572000] [robot_0.robot_supervisor]: Triggered uncontrollable event: EV_object_not_visible
[balanced_delivery_supervisor-20] [INFO] [1789489963.780753704] [robot_0.robot_supervisor]: Selected controllable event: EV_approach_object
[balanced_delivery_supervisor-22] [INFO] [1789489963.921137120] [robot_2.robot_supervisor]: ############################# REACHED: EV_object_reached #############################
[balanced_delivery_supervisor-22] [INFO] [1789489963.922001522] [robot_2.robot_supervisor]: Selected controllable event: EV_search_object
[balanced_delivery_supervisor-22] [INFO] [1789489964.037155987] [robot_2.robot_supervisor]: Selected controllable event: EV_search_object
[balanced_delivery_supervisor-20] [INFO] [1789489964.064863669] [robot_0.robot_supervisor]: Selected controllable event: EV_search_color
[color_detector-31] [INFO] [1789489964.165872998] [robot_1.target_detector]: RGB HEARTBEAT frames_total=50 recent_rate_hz=1.440 last_frame_age_s=0.496 status=OK
[color_detector-29] [INFO] [1789489964.169606504] [robot_2.target_detector]: RGB HEARTBEAT frames_total=50 recent_rate_hz=1.439 last_frame_age_s=0.583 status=OK
[color_detector-27] [INFO] [1789489964.178892460] [robot_0.target_detector]: RGB HEARTBEAT frames_total=50 recent_rate_hz=1.437 last_frame_age_s=0.604 status=OK
[balanced_delivery_supervisor-22] [INFO] [1789489964.217845027] [robot_2.robot_supervisor]: Selected controllable event: EV_approach_object
[balanced_delivery_supervisor-20] [INFO] [1789489964.294105226] [robot_0.robot_supervisor]: Selected controllable event: EV_approach_object
[balanced_delivery_supervisor-22] [INFO] [1789489964.519590025] [robot_2.robot_supervisor]: ############################# REACHED: EV_object_reached #############################
[balanced_delivery_supervisor-22] [INFO] [1789489964.520361924] [robot_2.robot_supervisor]: Selected controllable event: EV_approach_object
[balanced_delivery_supervisor-20] [INFO] [1789489964.566117487] [robot_0.robot_supervisor]: Triggered uncontrollable event: EV_object_not_visible
[balanced_delivery_supervisor-20] [INFO] [1789489964.584130308] [robot_0.robot_supervisor]: Selected controllable event: EV_move_forward
[balanced_delivery_supervisor-22] [INFO] [1789489964.827725138] [robot_2.robot_supervisor]: Selected controllable event: EV_approach_color
[balanced_delivery_supervisor-20] [INFO] [1789489964.846680708] [robot_0.robot_supervisor]: Selected controllable event: EV_approach_object
[balanced_delivery_supervisor-22] [INFO] [1789489965.121444087] [robot_2.robot_supervisor]: ############################# REACHED: EV_object_reached #############################
[balanced_delivery_supervisor-22] [INFO] [1789489965.122281427] [robot_2.robot_supervisor]: Selected controllable event: EV_search_color
[balanced_delivery_supervisor-20] [INFO] [1789489965.170418946] [robot_0.robot_supervisor]: Triggered uncontrollable event: EV_object_not_visible
[balanced_delivery_supervisor-20] [INFO] [1789489965.173728927] [robot_0.robot_supervisor]: Selected controllable event: EV_search_color
[balanced_delivery_supervisor-22] [INFO] [1789489965.235939129] [robot_2.robot_supervisor]: Selected controllable event: EV_approach_color
[balanced_delivery_supervisor-20] [INFO] [1789489965.354741249] [robot_0.robot_supervisor]: Selected controllable event: EV_search_color
[balanced_delivery_supervisor-20] [INFO] [1789489965.456392559] [robot_0.robot_supervisor]: Selected controllable event: EV_search_object
[balanced_delivery_supervisor-22] [INFO] [1789489965.544150783] [robot_2.robot_supervisor]: Selected controllable event: EV_move_forward
[balanced_delivery_supervisor-20] [INFO] [1789489965.645883956] [robot_0.robot_supervisor]: Triggered uncontrollable event: EV_object_not_visible
[balanced_delivery_supervisor-20] [INFO] [1789489965.646770224] [robot_0.robot_supervisor]: Selected controllable event: EV_search_color
[balanced_delivery_supervisor-20] [INFO] [1789489965.752422022] [robot_0.robot_supervisor]: Selected controllable event: EV_move_forward
[balanced_delivery_supervisor-22] [INFO] [1789489965.840299591] [robot_2.robot_supervisor]: ############################# VISIBLE: EV_object_visible #############################
[balanced_delivery_supervisor-22] [INFO] [1789489965.842900797] [robot_2.robot_supervisor]: Selected controllable event: EV_move_forward
[balanced_delivery_supervisor-20] [INFO] [1789489966.057324292] [robot_0.robot_supervisor]: Selected controllable event: EV_search_color
[balanced_delivery_supervisor-22] [INFO] [1789489966.136078451] [robot_2.robot_supervisor]: Selected controllable event: EV_approach_object
[balanced_delivery_supervisor-20] [INFO] [1789489966.161002809] [robot_0.robot_supervisor]: Selected controllable event: EV_approach_object
[balanced_delivery_supervisor-20] [INFO] [1789489966.364538787] [robot_0.robot_supervisor]: Triggered uncontrollable event: EV_object_not_visible
[balanced_delivery_supervisor-20] [INFO] [1789489966.365447425] [robot_0.robot_supervisor]: Selected controllable event: EV_move_forward
[balanced_delivery_supervisor-22] [INFO] [1789489966.455700505] [robot_2.robot_supervisor]: ############################# VISIBLE: EV_object_visible #############################
[balanced_delivery_supervisor-22] [INFO] [1789489966.456594762] [robot_2.robot_supervisor]: Selected controllable event: EV_approach_color
[balanced_delivery_supervisor-20] [INFO] [1789489966.659308077] [robot_0.robot_supervisor]: Selected controllable event: EV_search_color
[balanced_delivery_supervisor-22] [INFO] [1789489966.728230448] [robot_2.robot_supervisor]: Selected controllable event: EV_approach_color
[balanced_delivery_supervisor-24] [INFO] [1789489966.836035803] [robot_1.robot_supervisor]: FULL ROTATE completed by timeout
[balanced_delivery_supervisor-20] [INFO] [1789489966.853289207] [robot_0.robot_supervisor]: Selected controllable event: EV_search_object
[balanced_delivery_supervisor-22] [INFO] [1789489967.030355821] [robot_2.robot_supervisor]: Selected controllable event: EV_search_color
[balanced_delivery_supervisor-24] [INFO] [1789489967.032670153] [robot_1.robot_supervisor]: ############################# REACHED: EV_object_reached #############################
[balanced_delivery_supervisor-24] [INFO] [1789489967.033555043] [robot_1.robot_supervisor]: Selected controllable event: EV_approach_color
[balanced_delivery_supervisor-20] [INFO] [1789489967.051931759] [robot_0.robot_supervisor]: Triggered uncontrollable event: EV_object_not_visible
[balanced_delivery_supervisor-20] [INFO] [1789489967.052826053] [robot_0.robot_supervisor]: Selected controllable event: EV_approach_object
[balanced_delivery_supervisor-22] [INFO] [1789489967.143801030] [robot_2.robot_supervisor]: Triggered uncontrollable event: EV_obstacle_left
[balanced_delivery_supervisor-22] [INFO] [1789489967.144506919] [robot_2.robot_supervisor]: ############################# VISIBLE: EV_object_visible #############################
[balanced_delivery_supervisor-22] [INFO] [1789489967.145266683] [robot_2.robot_supervisor]: Selected controllable event: EV_rotate_clockwise
[balanced_delivery_supervisor-20] [INFO] [1789489967.264468060] [robot_0.robot_supervisor]: Selected controllable event: EV_approach_color
[balanced_delivery_supervisor-24] [INFO] [1789489967.323608912] [robot_1.robot_supervisor]: ############################# REACHED: EV_object_reached #############################
[balanced_delivery_supervisor-24] [INFO] [1789489967.338183377] [robot_1.robot_supervisor]: Selected controllable event: EV_move_forward
[balanced_delivery_supervisor-22] [INFO] [1789489967.349064226] [robot_2.robot_supervisor]: Triggered uncontrollable event: EV_obstacle_left
[balanced_delivery_supervisor-22] [INFO] [1789489967.349924249] [robot_2.robot_supervisor]: Selected controllable event: EV_rotate_clockwise
[balanced_delivery_supervisor-22] [INFO] [1789489967.517385170] [robot_2.robot_supervisor]: Triggered uncontrollable event: EV_obstacle_left
[balanced_delivery_supervisor-22] [INFO] [1789489967.526478668] [robot_2.robot_supervisor]: Selected controllable event: EV_rotate_clockwise
[balanced_delivery_supervisor-20] [INFO] [1789489967.566429984] [robot_0.robot_supervisor]: Selected controllable event: EV_approach_object
[balanced_delivery_supervisor-24] [INFO] [1789489967.625001689] [robot_1.robot_supervisor]: Selected controllable event: EV_search_object
[balanced_delivery_supervisor-22] [INFO] [1789489967.638198235] [robot_2.robot_supervisor]: Triggered uncontrollable event: EV_obstacle_left
[balanced_delivery_supervisor-22] [INFO] [1789489967.639201367] [robot_2.robot_supervisor]: Selected controllable event: EV_u_turn
[balanced_delivery_supervisor-22] [INFO] [1789489967.659598502] [robot_2.robot_supervisor]: Starting FULL ROTATE (omega=1.000, have_odom=True, target_rad=3.142, timeout_s=3.500)
[balanced_delivery_supervisor-24] [INFO] [1789489967.759141468] [robot_1.robot_supervisor]: Selected controllable event: EV_move_forward
[balanced_delivery_supervisor-20] [INFO] [1789489967.853705717] [robot_0.robot_supervisor]: Triggered uncontrollable event: EV_object_not_visible
[balanced_delivery_supervisor-20] [INFO] [1789489967.876045274] [robot_0.robot_supervisor]: Selected controllable event: EV_approach_color
[balanced_delivery_supervisor-24] [INFO] [1789489968.023288772] [robot_1.robot_supervisor]: ############################# REACHED: EV_object_reached #############################
[balanced_delivery_supervisor-24] [INFO] [1789489968.024234388] [robot_1.robot_supervisor]: Selected controllable event: EV_search_color
[balanced_delivery_supervisor-24] [INFO] [1789489968.142406567] [robot_1.robot_supervisor]: Selected controllable event: EV_approach_object
[balanced_delivery_supervisor-20] [INFO] [1789489968.146930347] [robot_0.robot_supervisor]: Selected controllable event: EV_search_color
[balanced_delivery_supervisor-20] [INFO] [1789489968.357110628] [robot_0.robot_supervisor]: Selected controllable event: EV_approach_object
[balanced_delivery_supervisor-24] [INFO] [1789489968.427730542] [robot_1.robot_supervisor]: Selected controllable event: EV_move_forward
[balanced_delivery_supervisor-24] [INFO] [1789489968.631804749] [robot_1.robot_supervisor]: Selected controllable event: EV_move_forward
[balanced_delivery_supervisor-20] [INFO] [1789489968.653934471] [robot_0.robot_supervisor]: Triggered uncontrollable event: EV_object_not_visible
[balanced_delivery_supervisor-20] [INFO] [1789489968.659988946] [robot_0.robot_supervisor]: Selected controllable event: EV_approach_object
[balanced_delivery_supervisor-24] [INFO] [1789489968.933324043] [robot_1.robot_supervisor]: ############################# REACHED: EV_object_reached #############################
[balanced_delivery_supervisor-24] [INFO] [1789489968.936486889] [robot_1.robot_supervisor]: Selected controllable event: EV_search_object
[balanced_delivery_supervisor-20] [INFO] [1789489968.958426298] [robot_0.robot_supervisor]: Selected controllable event: EV_search_object
[balanced_delivery_supervisor-24] [INFO] [1789489969.126495359] [robot_1.robot_supervisor]: Selected controllable event: EV_approach_color
[balanced_delivery_supervisor-20] [INFO] [1789489969.148312452] [robot_0.robot_supervisor]: Selected controllable event: EV_approach_color
[balanced_delivery_supervisor-20] [INFO] [1789489969.356059674] [robot_0.robot_supervisor]: Triggered uncontrollable event: EV_object_not_visible
[balanced_delivery_supervisor-20] [INFO] [1789489969.357515581] [robot_0.robot_supervisor]: Selected controllable event: EV_search_object
[balanced_delivery_supervisor-24] [INFO] [1789489969.428354068] [robot_1.robot_supervisor]: ############################# REACHED: EV_object_reached #############################
[balanced_delivery_supervisor-24] [INFO] [1789489969.431729757] [robot_1.robot_supervisor]: Selected controllable event: EV_search_color
[balanced_delivery_supervisor-20] [INFO] [1789489969.559731332] [robot_0.robot_supervisor]: Selected controllable event: EV_move_forward
[balanced_delivery_supervisor-24] [INFO] [1789489969.628739333] [robot_1.robot_supervisor]: Selected controllable event: EV_move_forward
[balanced_delivery_supervisor-20] [INFO] [1789489969.866695779] [robot_0.robot_supervisor]: Triggered uncontrollable event: EV_object_not_visible
[balanced_delivery_supervisor-20] [INFO] [1789489969.867681669] [robot_0.robot_supervisor]: Selected controllable event: EV_approach_color
[balanced_delivery_supervisor-24] [INFO] [1789489969.933229493] [robot_1.robot_supervisor]: Selected controllable event: EV_search_color
[balanced_delivery_supervisor-24] [INFO] [1789489970.034701772] [robot_1.robot_supervisor]: ############################# REACHED: EV_object_reached #############################
[balanced_delivery_supervisor-24] [INFO] [1789489970.042596558] [robot_1.robot_supervisor]: Selected controllable event: EV_search_object
[balanced_delivery_supervisor-20] [INFO] [1789489970.148685573] [robot_0.robot_supervisor]: Selected controllable event: EV_search_object
[balanced_delivery_supervisor-24] [INFO] [1789489970.229891524] [robot_1.robot_supervisor]: Selected controllable event: EV_approach_object
[balanced_delivery_supervisor-20] [INFO] [1789489970.269378434] [robot_0.robot_supervisor]: Selected controllable event: EV_move_forward
[balanced_delivery_supervisor-24] [INFO] [1789489970.434278724] [robot_1.robot_supervisor]: Selected controllable event: EV_approach_object
[balanced_delivery_supervisor-20] [INFO] [1789489970.555699930] [robot_0.robot_supervisor]: Triggered uncontrollable event: EV_obstacle_right
[balanced_delivery_supervisor-20] [INFO] [1789489970.556397845] [robot_0.robot_supervisor]: Triggered uncontrollable event: EV_object_not_visible
[balanced_delivery_supervisor-20] [INFO] [1789489970.575670333] [robot_0.robot_supervisor]: Selected controllable event: EV_u_turn
[balanced_delivery_supervisor-20] [INFO] [1789489970.576481053] [robot_0.robot_supervisor]: Starting FULL ROTATE (omega=1.000, have_odom=True, target_rad=3.142, timeout_s=3.500)
[balanced_delivery_supervisor-24] [INFO] [1789489970.727195124] [robot_1.robot_supervisor]: ############################# REACHED: EV_object_reached #############################
[balanced_delivery_supervisor-24] [INFO] [1789489970.740705869] [robot_1.robot_supervisor]: Selected controllable event: EV_move_forward
[balanced_delivery_supervisor-24] [INFO] [1789489971.028250652] [robot_1.robot_supervisor]: Selected controllable event: EV_search_object
[color_detector-31] [INFO] [1789489971.055780171] [robot_1.target_detector]: RGB HEARTBEAT frames_total=60 recent_rate_hz=1.451 last_frame_age_s=0.396 status=OK
[color_detector-29] [INFO] [1789489971.058332237] [robot_2.target_detector]: RGB HEARTBEAT frames_total=60 recent_rate_hz=1.452 last_frame_age_s=0.494 status=OK
[color_detector-27] [INFO] [1789489971.070574755] [robot_0.target_detector]: RGB HEARTBEAT frames_total=60 recent_rate_hz=1.453 last_frame_age_s=0.584 status=OK
[balanced_delivery_supervisor-24] [INFO] [1789489971.239339760] [robot_1.robot_supervisor]: Selected controllable event: EV_move_forward
[balanced_delivery_supervisor-22] [INFO] [1789489971.251164211] [robot_2.robot_supervisor]: FULL ROTATE completed by timeout
[balanced_delivery_supervisor-22] [INFO] [1789489971.521249736] [robot_2.robot_supervisor]: ############################# VISIBLE: EV_object_visible #############################
[balanced_delivery_supervisor-22] [INFO] [1789489971.522075193] [robot_2.robot_supervisor]: Selected controllable event: EV_search_object
[balanced_delivery_supervisor-24] [INFO] [1789489971.536285797] [robot_1.robot_supervisor]: ############################# VISIBLE: EV_object_visible #############################
[balanced_delivery_supervisor-24] [INFO] [1789489971.537209047] [robot_1.robot_supervisor]: Selected controllable event: EV_approach_object
[balanced_delivery_supervisor-22] [INFO] [1789489971.645327410] [robot_2.robot_supervisor]: Selected controllable event: EV_search_color
[balanced_delivery_supervisor-22] [INFO] [1789489971.821403651] [robot_2.robot_supervisor]: Selected controllable event: EV_approach_object
[balanced_delivery_supervisor-24] [INFO] [1789489971.849126469] [robot_1.robot_supervisor]: Selected controllable event: EV_search_object
[balanced_delivery_supervisor-24] [INFO] [1789489972.030244936] [robot_1.robot_supervisor]: ############################# VISIBLE: EV_object_visible #############################
[balanced_delivery_supervisor-24] [INFO] [1789489972.040281615] [robot_1.robot_supervisor]: Selected controllable event: EV_move_forward
[balanced_delivery_supervisor-22] [INFO] [1789489972.119216739] [robot_2.robot_supervisor]: ############################# VISIBLE: EV_object_visible #############################
[balanced_delivery_supervisor-22] [INFO] [1789489972.120096037] [robot_2.robot_supervisor]: Selected controllable event: EV_search_color
[balanced_delivery_supervisor-22] [INFO] [1789489972.233071293] [robot_2.robot_supervisor]: Selected controllable event: EV_approach_object
[balanced_delivery_supervisor-24] [INFO] [1789489972.325354239] [robot_1.robot_supervisor]: Selected controllable event: EV_search_object
[balanced_delivery_supervisor-22] [INFO] [1789489972.519573553] [robot_2.robot_supervisor]: Selected controllable event: EV_search_object
[balanced_delivery_supervisor-24] [INFO] [1789489972.555333890] [robot_1.robot_supervisor]: Selected controllable event: EV_approach_object
[balanced_delivery_supervisor-22] [INFO] [1789489972.738223541] [robot_2.robot_supervisor]: ############################# VISIBLE: EV_object_visible #############################
[balanced_delivery_supervisor-22] [INFO] [1789489972.743747378] [robot_2.robot_supervisor]: Selected controllable event: EV_approach_object
[balanced_delivery_supervisor-24] [INFO] [1789489972.821380738] [robot_1.robot_supervisor]: Triggered uncontrollable event: EV_obstacle_right
[balanced_delivery_supervisor-24] [INFO] [1789489972.827447855] [robot_1.robot_supervisor]: ############################# VISIBLE: EV_object_visible #############################
[balanced_delivery_supervisor-24] [INFO] [1789489972.843693293] [robot_1.robot_supervisor]: Selected controllable event: EV_u_turn
[balanced_delivery_supervisor-24] [INFO] [1789489972.845024520] [robot_1.robot_supervisor]: Starting FULL ROTATE (omega=1.000, have_odom=True, target_rad=3.142, timeout_s=3.500)
[balanced_delivery_supervisor-22] [INFO] [1789489973.042962266] [robot_2.robot_supervisor]: Selected controllable event: EV_search_color
[balanced_delivery_supervisor-22] [INFO] [1789489973.240159073] [robot_2.robot_supervisor]: Selected controllable event: EV_move_forward
[balanced_delivery_supervisor-22] [INFO] [1789489973.516605560] [robot_2.robot_supervisor]: ############################# VISIBLE: EV_object_visible #############################
[balanced_delivery_supervisor-22] [INFO] [1789489973.517377866] [robot_2.robot_supervisor]: Selected controllable event: EV_approach_object
[balanced_delivery_supervisor-22] [INFO] [1789489973.721081852] [robot_2.robot_supervisor]: Selected controllable event: EV_move_forward
[balanced_delivery_supervisor-22] [INFO] [1789489973.941939958] [robot_2.robot_supervisor]: Selected controllable event: EV_approach_object
[balanced_delivery_supervisor-20] [INFO] [1789489974.155015289] [robot_0.robot_supervisor]: FULL ROTATE completed by timeout
[balanced_delivery_supervisor-22] [INFO] [1789489974.227765205] [robot_2.robot_supervisor]: ############################# VISIBLE: EV_object_visible #############################
[balanced_delivery_supervisor-22] [INFO] [1789489974.240254501] [robot_2.robot_supervisor]: Selected controllable event: EV_approach_object
[balanced_delivery_supervisor-20] [INFO] [1789489974.361806394] [robot_0.robot_supervisor]: ############################# VISIBLE: EV_object_visible #############################
[balanced_delivery_supervisor-20] [INFO] [1789489974.375105485] [robot_0.robot_supervisor]: Selected controllable event: EV_search_object
[balanced_delivery_supervisor-22] [INFO] [1789489974.533749586] [robot_2.robot_supervisor]: Selected controllable event: EV_move_forward
[balanced_delivery_supervisor-20] [INFO] [1789489974.568422856] [robot_0.robot_supervisor]: Selected controllable event: EV_move_forward
[balanced_delivery_supervisor-22] [INFO] [1789489974.842013344] [robot_2.robot_supervisor]: Triggered uncontrollable event: EV_object_not_visible
[balanced_delivery_supervisor-22] [INFO] [1789489974.842908213] [robot_2.robot_supervisor]: Selected controllable event: EV_move_forward
[balanced_delivery_supervisor-20] [INFO] [1789489974.853979638] [robot_0.robot_supervisor]: ############################# VISIBLE: EV_object_visible #############################
[balanced_delivery_supervisor-20] [INFO] [1789489974.862401584] [robot_0.robot_supervisor]: Selected controllable event: EV_search_object
[balanced_delivery_supervisor-20] [INFO] [1789489975.062448995] [robot_0.robot_supervisor]: Selected controllable event: EV_search_object
[balanced_delivery_supervisor-22] [INFO] [1789489975.128926567] [robot_2.robot_supervisor]: Selected controllable event: EV_approach_object
[balanced_delivery_supervisor-20] [INFO] [1789489975.255449439] [robot_0.robot_supervisor]: Selected controllable event: EV_search_color
[balanced_delivery_supervisor-22] [INFO] [1789489975.330770713] [robot_2.robot_supervisor]: Triggered uncontrollable event: EV_obstacle_left
[balanced_delivery_supervisor-22] [INFO] [1789489975.331682845] [robot_2.robot_supervisor]: Selected controllable event: EV_rotate_clockwise
[balanced_delivery_supervisor-20] [INFO] [1789489975.455613846] [robot_0.robot_supervisor]: Triggered uncontrollable event: EV_obstacle_right
[balanced_delivery_supervisor-20] [INFO] [1789489975.456325847] [robot_0.robot_supervisor]: ############################# VISIBLE: EV_object_visible #############################
[balanced_delivery_supervisor-20] [INFO] [1789489975.462578674] [robot_0.robot_supervisor]: Selected controllable event: EV_rotate_counterclockwise
[balanced_delivery_supervisor-20] [WARN] [1789489975.469723365] [robot_0.robot_supervisor]: no translation for 5.3s livelock detected; starting atomic escape (turn_sign=+1)
[balanced_delivery_supervisor-22] [INFO] [1789489975.516483727] [robot_2.robot_supervisor]: Triggered uncontrollable event: EV_obstacle_left
[balanced_delivery_supervisor-22] [INFO] [1789489975.517221780] [robot_2.robot_supervisor]: Triggered uncontrollable event: EV_object_not_visible
[balanced_delivery_supervisor-22] [INFO] [1789489975.530761226] [robot_2.robot_supervisor]: Selected controllable event: EV_rotate_clockwise
[balanced_delivery_supervisor-22] [INFO] [1789489975.728968720] [robot_2.robot_supervisor]: Triggered uncontrollable event: EV_obstacle_left
[balanced_delivery_supervisor-22] [INFO] [1789489975.729882010] [robot_2.robot_supervisor]: Selected controllable event: EV_u_turn
[balanced_delivery_supervisor-22] [INFO] [1789489975.730622592] [robot_2.robot_supervisor]: Starting FULL ROTATE (omega=1.000, have_odom=True, target_rad=3.142, timeout_s=3.500)
[balanced_delivery_supervisor-24] [INFO] [1789489976.428701917] [robot_1.robot_supervisor]: FULL ROTATE completed by timeout
[balanced_delivery_supervisor-24] [INFO] [1789489976.625172967] [robot_1.robot_supervisor]: ############################# VISIBLE: EV_object_visible #############################
[balanced_delivery_supervisor-24] [INFO] [1789489976.625992167] [robot_1.robot_supervisor]: Selected controllable event: EV_search_object
[balanced_delivery_supervisor-24] [INFO] [1789489976.732929119] [robot_1.robot_supervisor]: Selected controllable event: EV_move_forward
[balanced_delivery_supervisor-24] [INFO] [1789489977.023553397] [robot_1.robot_supervisor]: ############################# VISIBLE: EV_object_visible #############################
[balanced_delivery_supervisor-24] [INFO] [1789489977.028734383] [robot_1.robot_supervisor]: Selected controllable event: EV_search_object
[balanced_delivery_supervisor-24] [INFO] [1789489977.146253693] [robot_1.robot_supervisor]: Selected controllable event: EV_search_color
[balanced_delivery_supervisor-24] [INFO] [1789489977.349913270] [robot_1.robot_supervisor]: Selected controllable event: EV_search_color
[balanced_delivery_supervisor-24] [INFO] [1789489977.523807914] [robot_1.robot_supervisor]: Selected controllable event: EV_search_object
[balanced_delivery_supervisor-24] [INFO] [1789489977.727906371] [robot_1.robot_supervisor]: ############################# VISIBLE: EV_object_visible #############################
[balanced_delivery_supervisor-24] [INFO] [1789489977.746661566] [robot_1.robot_supervisor]: Selected controllable event: EV_search_object
[balanced_delivery_supervisor-24] [INFO] [1789489977.937922547] [robot_1.robot_supervisor]: Selected controllable event: EV_move_forward
[color_detector-31] [INFO] [1789489978.017097197] [robot_1.target_detector]: RGB HEARTBEAT frames_total=70 recent_rate_hz=1.437 last_frame_age_s=0.452 status=OK
[color_detector-27] [INFO] [1789489978.027249987] [robot_0.target_detector]: RGB HEARTBEAT frames_total=70 recent_rate_hz=1.439 last_frame_age_s=0.579 status=OK
[color_detector-29] [INFO] [1789489978.038864327] [robot_2.target_detector]: RGB HEARTBEAT frames_total=70 recent_rate_hz=1.436 last_frame_age_s=0.482 status=OK
[balanced_delivery_supervisor-20] [INFO] [1789489978.045880601] [robot_0.robot_supervisor]: Zone-livelock escape completed
[balanced_delivery_supervisor-24] [INFO] [1789489978.228390587] [robot_1.robot_supervisor]: Selected controllable event: EV_search_object
[balanced_delivery_supervisor-20] [INFO] [1789489978.259509129] [robot_0.robot_supervisor]: ############################# VISIBLE: EV_object_visible #############################
[balanced_delivery_supervisor-20] [INFO] [1789489978.278356968] [robot_0.robot_supervisor]: Selected controllable event: EV_search_object
[balanced_delivery_supervisor-24] [INFO] [1789489978.441765145] [robot_1.robot_supervisor]: ############################# VISIBLE: EV_object_visible #############################
[balanced_delivery_supervisor-24] [INFO] [1789489978.442609691] [robot_1.robot_supervisor]: Selected controllable event: EV_approach_object
[balanced_delivery_supervisor-20] [INFO] [1789489978.446966552] [robot_0.robot_supervisor]: Selected controllable event: EV_search_color
[balanced_delivery_supervisor-20] [INFO] [1789489978.663700926] [robot_0.robot_supervisor]: Selected controllable event: EV_search_color
[balanced_delivery_supervisor-24] [INFO] [1789489978.745474517] [robot_1.robot_supervisor]: Selected controllable event: EV_search_color
[balanced_delivery_supervisor-20] [INFO] [1789489978.847542287] [robot_0.robot_supervisor]: Triggered uncontrollable event: EV_obstacle_left
[balanced_delivery_supervisor-20] [INFO] [1789489978.850179877] [robot_0.robot_supervisor]: ############################# VISIBLE: EV_object_visible #############################
[balanced_delivery_supervisor-20] [INFO] [1789489978.858983681] [robot_0.robot_supervisor]: Selected controllable event: EV_u_turn
[balanced_delivery_supervisor-20] [INFO] [1789489978.859732495] [robot_0.robot_supervisor]: Starting FULL ROTATE (omega=1.000, have_odom=True, target_rad=3.142, timeout_s=3.500)
[balanced_delivery_supervisor-24] [INFO] [1789489978.931172811] [robot_1.robot_supervisor]: ############################# VISIBLE: EV_object_visible #############################
[balanced_delivery_supervisor-24] [INFO] [1789489978.932043442] [robot_1.robot_supervisor]: Selected controllable event: EV_move_forward
[balanced_delivery_supervisor-22] [INFO] [1789489979.237648550] [robot_2.robot_supervisor]: FULL ROTATE completed by timeout
[balanced_delivery_supervisor-24] [INFO] [1789489979.249092502] [robot_1.robot_supervisor]: Selected controllable event: EV_approach_object
[balanced_delivery_supervisor-22] [INFO] [1789489979.432881498] [robot_2.robot_supervisor]: Triggered uncontrollable event: EV_obstacle_right
[balanced_delivery_supervisor-22] [INFO] [1789489979.433534890] [robot_2.robot_supervisor]: Triggered uncontrollable event: EV_object_not_visible
[balanced_delivery_supervisor-22] [INFO] [1789489979.434386895] [robot_2.robot_supervisor]: Selected controllable event: EV_rotate_counterclockwise
[balanced_delivery_supervisor-22] [WARN] [1789489979.449953582] [robot_2.robot_supervisor]: no translation for 4.1s livelock detected; starting atomic escape (turn_sign=+1)
[balanced_delivery_supervisor-24] [INFO] [1789489979.521930807] [robot_1.robot_supervisor]: Selected controllable event: EV_search_object
[balanced_delivery_supervisor-24] [INFO] [1789489979.728707058] [robot_1.robot_supervisor]: ############################# VISIBLE: EV_object_visible #############################
[balanced_delivery_supervisor-24] [INFO] [1789489979.729563664] [robot_1.robot_supervisor]: Selected controllable event: EV_move_forward
[balanced_delivery_supervisor-24] [INFO] [1789489980.031300103] [robot_1.robot_supervisor]: Selected controllable event: EV_approach_color
[balanced_delivery_supervisor-24] [INFO] [1789489980.332005874] [robot_1.robot_supervisor]: ############################# VISIBLE: EV_object_visible #############################
[balanced_delivery_supervisor-24] [INFO] [1789489980.332876867] [robot_1.robot_supervisor]: Selected controllable event: EV_approach_color
[balanced_delivery_supervisor-24] [INFO] [1789489980.627569994] [robot_1.robot_supervisor]: Selected controllable event: EV_search_object
[balanced_delivery_supervisor-24] [INFO] [1789489980.735344418] [robot_1.robot_supervisor]: Selected controllable event: EV_search_object
[balanced_delivery_supervisor-24] [INFO] [1789489980.931594912] [robot_1.robot_supervisor]: ############################# VISIBLE: EV_object_visible #############################
[balanced_delivery_supervisor-24] [INFO] [1789489980.932372776] [robot_1.robot_supervisor]: Selected controllable event: EV_search_object
[balanced_delivery_supervisor-24] [INFO] [1789489981.123561935] [robot_1.robot_supervisor]: Selected controllable event: EV_search_object
[balanced_delivery_supervisor-24] [INFO] [1789489981.231375485] [robot_1.robot_supervisor]: Selected controllable event: EV_approach_color
[balanced_delivery_supervisor-24] [INFO] [1789489981.534875415] [robot_1.robot_supervisor]: Selected controllable event: EV_approach_object
[balanced_delivery_supervisor-24] [INFO] [1789489981.843304329] [robot_1.robot_supervisor]: ############################# VISIBLE: EV_object_visible #############################
[balanced_delivery_supervisor-24] [INFO] [1789489981.849755842] [robot_1.robot_supervisor]: Selected controllable event: EV_move_forward
[balanced_delivery_supervisor-22] [INFO] [1789489982.036129757] [robot_2.robot_supervisor]: Zone-livelock escape completed
[balanced_delivery_supervisor-24] [INFO] [1789489982.140171726] [robot_1.robot_supervisor]: Selected controllable event: EV_approach_color
[balanced_delivery_supervisor-22] [INFO] [1789489982.333473712] [robot_2.robot_supervisor]: ############################# VISIBLE: EV_object_visible #############################
[balanced_delivery_supervisor-22] [INFO] [1789489982.334295866] [robot_2.robot_supervisor]: Selected controllable event: EV_move_forward
[balanced_delivery_supervisor-24] [INFO] [1789489982.424788255] [robot_1.robot_supervisor]: ############################# VISIBLE: EV_object_visible #############################
[balanced_delivery_supervisor-24] [INFO] [1789489982.429175405] [robot_1.robot_supervisor]: Selected controllable event: EV_search_object
[balanced_delivery_supervisor-20] [INFO] [1789489982.456211565] [robot_0.robot_supervisor]: FULL ROTATE completed by timeout
[balanced_delivery_supervisor-24] [INFO] [1789489982.532040252] [robot_1.robot_supervisor]: Selected controllable event: EV_search_object
[balanced_delivery_supervisor-22] [INFO] [1789489982.638565818] [robot_2.robot_supervisor]: Selected controllable event: EV_approach_color
[balanced_delivery_supervisor-20] [INFO] [1789489982.658037437] [robot_0.robot_supervisor]: Triggered uncontrollable event: EV_obstacle_right
[balanced_delivery_supervisor-20] [INFO] [1789489982.658717896] [robot_0.robot_supervisor]: Triggered uncontrollable event: EV_object_not_visible
[balanced_delivery_supervisor-20] [INFO] [1789489982.671285914] [robot_0.robot_supervisor]: Selected controllable event: EV_rotate_counterclockwise
[balanced_delivery_supervisor-24] [INFO] [1789489982.727357948] [robot_1.robot_supervisor]: Selected controllable event: EV_search_object
[balanced_delivery_supervisor-20] [INFO] [1789489982.862655520] [robot_0.robot_supervisor]: Triggered uncontrollable event: EV_object_not_visible
[balanced_delivery_supervisor-20] [INFO] [1789489982.863295739] [robot_0.robot_supervisor]: Selected controllable event: EV_search_object
[balanced_delivery_supervisor-22] [INFO] [1789489982.931439177] [robot_2.robot_supervisor]: ############################# VISIBLE: EV_object_visible #############################
[balanced_delivery_supervisor-22] [INFO] [1789489982.934582172] [robot_2.robot_supervisor]: Selected controllable event: EV_move_forward
[balanced_delivery_supervisor-24] [INFO] [1789489982.932414234] [robot_1.robot_supervisor]: Selected controllable event: EV_approach_object
[balanced_delivery_supervisor-20] [INFO] [1789489983.054593587] [robot_0.robot_supervisor]: Selected controllable event: EV_search_object
[balanced_delivery_supervisor-24] [INFO] [1789489983.142618835] [robot_1.robot_supervisor]: ############################# VISIBLE: EV_object_visible #############################
[balanced_delivery_supervisor-24] [INFO] [1789489983.145744878] [robot_1.robot_supervisor]: Selected controllable event: EV_approach_color
[balanced_delivery_supervisor-20] [INFO] [1789489983.161858182] [robot_0.robot_supervisor]: Selected controllable event: EV_approach_object
[balanced_delivery_supervisor-22] [INFO] [1789489983.226687570] [robot_2.robot_supervisor]: Selected controllable event: EV_search_color
[balanced_delivery_supervisor-22] [INFO] [1789489983.437414547] [robot_2.robot_supervisor]: Selected controllable event: EV_search_color
[balanced_delivery_supervisor-20] [INFO] [1789489983.464615895] [robot_0.robot_supervisor]: Triggered uncontrollable event: EV_obstacle_left
[balanced_delivery_supervisor-20] [INFO] [1789489983.465286882] [robot_0.robot_supervisor]: Triggered uncontrollable event: EV_object_not_visible
[balanced_delivery_supervisor-24] [INFO] [1789489983.466305878] [robot_1.robot_supervisor]: Selected controllable event: EV_move_forward
[balanced_delivery_supervisor-20] [INFO] [1789489983.488092999] [robot_0.robot_supervisor]: Selected controllable event: EV_rotate_clockwise
[balanced_delivery_supervisor-22] [INFO] [1789489983.625863892] [robot_2.robot_supervisor]: ############################# VISIBLE: EV_object_visible #############################
[balanced_delivery_supervisor-22] [INFO] [1789489983.632733259] [robot_2.robot_supervisor]: Selected controllable event: EV_approach_object
[balanced_delivery_supervisor-20] [INFO] [1789489983.652644239] [robot_0.robot_supervisor]: Triggered uncontrollable event: EV_obstacle_left
[balanced_delivery_supervisor-20] [INFO] [1789489983.658755459] [robot_0.robot_supervisor]: Selected controllable event: EV_u_turn
[balanced_delivery_supervisor-24] [INFO] [1789489983.724537127] [robot_1.robot_supervisor]: ############################# VISIBLE: EV_object_visible #############################
[balanced_delivery_supervisor-24] [INFO] [1789489983.730637053] [robot_1.robot_supervisor]: Selected controllable event: EV_search_color
[balanced_delivery_supervisor-20] [INFO] [1789489983.749628231] [robot_0.robot_supervisor]: Triggered uncontrollable event: EV_obstacle_left
[balanced_delivery_supervisor-20] [INFO] [1789489983.750468577] [robot_0.robot_supervisor]: Selected controllable event: EV_u_turn
[balanced_delivery_supervisor-20] [INFO] [1789489983.857886231] [robot_0.robot_supervisor]: Triggered uncontrollable event: EV_obstacle_left
[balanced_delivery_supervisor-20] [INFO] [1789489983.864828128] [robot_0.robot_supervisor]: Selected controllable event: EV_u_turn
[balanced_delivery_supervisor-24] [INFO] [1789489983.920378530] [robot_1.robot_supervisor]: Selected controllable event: EV_search_object
[balanced_delivery_supervisor-22] [INFO] [1789489983.926095670] [robot_2.robot_supervisor]: Selected controllable event: EV_move_forward
[balanced_delivery_supervisor-20] [INFO] [1789489983.961587655] [robot_0.robot_supervisor]: Triggered uncontrollable event: EV_obstacle_left
[balanced_delivery_supervisor-20] [INFO] [1789489983.969718647] [robot_0.robot_supervisor]: Selected controllable event: EV_u_turn
[balanced_delivery_supervisor-24] [INFO] [1789489984.025646966] [robot_1.robot_supervisor]: Selected controllable event: EV_search_object
[balanced_delivery_supervisor-20] [INFO] [1789489984.045941786] [robot_0.robot_supervisor]: Triggered uncontrollable event: EV_obstacle_left
[balanced_delivery_supervisor-20] [INFO] [1789489984.046865368] [robot_0.robot_supervisor]: Selected controllable event: EV_u_turn
[balanced_delivery_supervisor-20] [INFO] [1789489984.157969880] [robot_0.robot_supervisor]: Triggered uncontrollable event: EV_obstacle_left
[balanced_delivery_supervisor-20] [INFO] [1789489984.158632118] [robot_0.robot_supervisor]: Selected controllable event: EV_rotate_clockwise
[balanced_delivery_supervisor-24] [INFO] [1789489984.220336277] [robot_1.robot_supervisor]: Selected controllable event: EV_approach_object
[balanced_delivery_supervisor-22] [INFO] [1789489984.232663480] [robot_2.robot_supervisor]: Selected controllable event: EV_search_color
[balanced_delivery_supervisor-22] [INFO] [1789489984.343968953] [robot_2.robot_supervisor]: Selected controllable event: EV_search_color
[balanced_delivery_supervisor-20] [INFO] [1789489984.365269754] [robot_0.robot_supervisor]: Triggered uncontrollable event: EV_obstacle_left
[balanced_delivery_supervisor-20] [INFO] [1789489984.373035819] [robot_0.robot_supervisor]: ############################# VISIBLE: EV_object_visible #############################
[balanced_delivery_supervisor-20] [INFO] [1789489984.373888767] [robot_0.robot_supervisor]: Selected controllable event: EV_u_turn
[balanced_delivery_supervisor-24] [INFO] [1789489984.433611021] [robot_1.robot_supervisor]: Selected controllable event: EV_search_color
[balanced_delivery_supervisor-20] [INFO] [1789489984.452901495] [robot_0.robot_supervisor]: Triggered uncontrollable event: EV_obstacle_left
[balanced_delivery_supervisor-20] [INFO] [1789489984.453808441] [robot_0.robot_supervisor]: Selected controllable event: EV_rotate_clockwise
[balanced_delivery_supervisor-22] [INFO] [1789489984.516375535] [robot_2.robot_supervisor]: ############################# VISIBLE: EV_object_visible #############################
[balanced_delivery_supervisor-22] [INFO] [1789489984.517234417] [robot_2.robot_supervisor]: Selected controllable event: EV_search_color
[balanced_delivery_supervisor-22] [INFO] [1789489984.629312856] [robot_2.robot_supervisor]: Selected controllable event: EV_search_object
[balanced_delivery_supervisor-24] [INFO] [1789489984.631267494] [robot_1.robot_supervisor]: ############################# VISIBLE: EV_object_visible #############################
[balanced_delivery_supervisor-24] [INFO] [1789489984.631999071] [robot_1.robot_supervisor]: Selected controllable event: EV_search_color
[balanced_delivery_supervisor-20] [INFO] [1789489984.650566596] [robot_0.robot_supervisor]: Triggered uncontrollable event: EV_obstacle_left
[balanced_delivery_supervisor-20] [INFO] [1789489984.658359422] [robot_0.robot_supervisor]: Selected controllable event: EV_rotate_clockwise
[balanced_delivery_supervisor-22] [INFO] [1789489984.829428544] [robot_2.robot_supervisor]: Selected controllable event: EV_approach_color
[balanced_delivery_supervisor-24] [INFO] [1789489984.856427553] [robot_1.robot_supervisor]: Selected controllable event: EV_approach_color
[color_detector-29] [INFO] [1789489984.860341880] [robot_2.target_detector]: RGB HEARTBEAT frames_total=80 recent_rate_hz=1.462 last_frame_age_s=0.524 status=OK
[balanced_delivery_supervisor-20] [INFO] [1789489984.866286057] [robot_0.robot_supervisor]: Triggered uncontrollable event: EV_obstacle_left
[color_detector-27] [INFO] [1789489984.868514504] [robot_0.target_detector]: RGB HEARTBEAT frames_total=80 recent_rate_hz=1.460 last_frame_age_s=0.649 status=OK
[color_detector-31] [INFO] [1789489984.871080955] [robot_1.target_detector]: RGB HEARTBEAT frames_total=80 recent_rate_hz=1.459 last_frame_age_s=0.385 status=OK
[balanced_delivery_supervisor-20] [INFO] [1789489984.887307959] [robot_0.robot_supervisor]: Selected controllable event: EV_u_turn
[balanced_delivery_supervisor-20] [INFO] [1789489984.888135873] [robot_0.robot_supervisor]: Starting FULL ROTATE (omega=1.000, have_odom=True, target_rad=3.142, timeout_s=3.500)
[balanced_delivery_supervisor-22] [INFO] [1789489985.132820251] [robot_2.robot_supervisor]: ############################# VISIBLE: EV_object_visible #############################
[balanced_delivery_supervisor-22] [INFO] [1789489985.133754908] [robot_2.robot_supervisor]: Selected controllable event: EV_search_color
[balanced_delivery_supervisor-24] [INFO] [1789489985.139705098] [robot_1.robot_supervisor]: ############################# VISIBLE: EV_object_visible #############################
[balanced_delivery_supervisor-24] [INFO] [1789489985.140587899] [robot_1.robot_supervisor]: Selected controllable event: EV_approach_color
[balanced_delivery_supervisor-22] [INFO] [1789489985.326688813] [robot_2.robot_supervisor]: Selected controllable event: EV_move_forward
[balanced_delivery_supervisor-24] [INFO] [1789489985.428222534] [robot_1.robot_supervisor]: Selected controllable event: EV_approach_color
[balanced_delivery_supervisor-22] [INFO] [1789489985.626771889] [robot_2.robot_supervisor]: Selected controllable event: EV_search_color
[balanced_delivery_supervisor-24] [INFO] [1789489985.653045679] [robot_1.robot_supervisor]: Selected controllable event: EV_approach_color
[balanced_delivery_supervisor-22] [INFO] [1789489985.838074724] [robot_2.robot_supervisor]: ############################# VISIBLE: EV_object_visible #############################
[balanced_delivery_supervisor-22] [INFO] [1789489985.845136633] [robot_2.robot_supervisor]: Selected controllable event: EV_search_object
[balanced_delivery_supervisor-24] [INFO] [1789489985.937032003] [robot_1.robot_supervisor]: ############################# VISIBLE: EV_object_visible #############################
[balanced_delivery_supervisor-24] [INFO] [1789489985.937957202] [robot_1.robot_supervisor]: Selected controllable event: EV_approach_object
[balanced_delivery_supervisor-22] [INFO] [1789489986.029318902] [robot_2.robot_supervisor]: Selected controllable event: EV_move_forward
[balanced_delivery_supervisor-24] [INFO] [1789489986.222283312] [robot_1.robot_supervisor]: Selected controllable event: EV_move_forward
[balanced_delivery_supervisor-22] [INFO] [1789489986.320305988] [robot_2.robot_supervisor]: Selected controllable event: EV_approach_color
[balanced_delivery_supervisor-24] [INFO] [1789489986.439559693] [robot_1.robot_supervisor]: Selected controllable event: EV_search_object
[balanced_delivery_supervisor-22] [INFO] [1789489986.529861986] [robot_2.robot_supervisor]: Triggered uncontrollable event: EV_obstacle_right
[balanced_delivery_supervisor-22] [INFO] [1789489986.553168936] [robot_2.robot_supervisor]: ############################# VISIBLE: EV_object_visible #############################
[balanced_delivery_supervisor-22] [INFO] [1789489986.554150338] [robot_2.robot_supervisor]: Selected controllable event: EV_u_turn
[balanced_delivery_supervisor-22] [INFO] [1789489986.557948204] [robot_2.robot_supervisor]: Starting FULL ROTATE (omega=1.000, have_odom=True, target_rad=3.142, timeout_s=3.500)
[balanced_delivery_supervisor-24] [INFO] [1789489986.626113241] [robot_1.robot_supervisor]: ############################# VISIBLE: EV_object_visible #############################
[balanced_delivery_supervisor-24] [INFO] [1789489986.647256453] [robot_1.robot_supervisor]: Selected controllable event: EV_search_color
[balanced_delivery_supervisor-24] [INFO] [1789489986.827412018] [robot_1.robot_supervisor]: Selected controllable event: EV_search_object
[balanced_delivery_supervisor-24] [INFO] [1789489987.023797693] [robot_1.robot_supervisor]: Selected controllable event: EV_search_color
[balanced_delivery_supervisor-24] [INFO] [1789489987.145141976] [robot_1.robot_supervisor]: Selected controllable event: EV_move_forward
[balanced_delivery_supervisor-24] [INFO] [1789489987.424224761] [robot_1.robot_supervisor]: ############################# VISIBLE: EV_object_visible #############################
[balanced_delivery_supervisor-24] [INFO] [1789489987.426410006] [robot_1.robot_supervisor]: Selected controllable event: EV_approach_color
[balanced_delivery_supervisor-24] [INFO] [1789489987.750575968] [robot_1.robot_supervisor]: Selected controllable event: EV_approach_object
[balanced_delivery_supervisor-24] [INFO] [1789489988.036377176] [robot_1.robot_supervisor]: Selected controllable event: EV_search_object
[balanced_delivery_supervisor-24] [INFO] [1789489988.238603494] [robot_1.robot_supervisor]: ############################# VISIBLE: EV_object_visible #############################
[balanced_delivery_supervisor-24] [INFO] [1789489988.245205915] [robot_1.robot_supervisor]: Selected controllable event: EV_search_color
[balanced_delivery_supervisor-24] [INFO] [1789489988.437233838] [robot_1.robot_supervisor]: Selected controllable event: EV_move_forward
[balanced_delivery_supervisor-20] [INFO] [1789489988.465651334] [robot_0.robot_supervisor]: FULL ROTATE completed by timeout
[balanced_delivery_supervisor-24] [INFO] [1789489988.649567974] [robot_1.robot_supervisor]: Selected controllable event: EV_search_color
[balanced_delivery_supervisor-20] [INFO] [1789489988.753563353] [robot_0.robot_supervisor]: ############################# VISIBLE: EV_object_visible #############################
[balanced_delivery_supervisor-20] [INFO] [1789489988.759801269] [robot_0.robot_supervisor]: Selected controllable event: EV_search_color
[balanced_delivery_supervisor-24] [INFO] [1789489988.825264159] [robot_1.robot_supervisor]: ############################# VISIBLE: EV_object_visible #############################
[balanced_delivery_supervisor-24] [INFO] [1789489988.827231214] [robot_1.robot_supervisor]: Selected controllable event: EV_approach_object
[balanced_delivery_supervisor-20] [INFO] [1789489988.963074611] [robot_0.robot_supervisor]: Selected controllable event: EV_move_forward
[balanced_delivery_supervisor-24] [INFO] [1789489989.045169658] [robot_1.robot_supervisor]: Selected controllable event: EV_approach_color
[balanced_delivery_supervisor-20] [INFO] [1789489989.259848193] [robot_0.robot_supervisor]: Selected controllable event: EV_search_object
[balanced_delivery_supervisor-24] [INFO] [1789489989.334589558] [robot_1.robot_supervisor]: Selected controllable event: EV_move_forward
[balanced_delivery_supervisor-20] [INFO] [1789489989.449348876] [robot_0.robot_supervisor]: ############################# VISIBLE: EV_object_visible #############################
[balanced_delivery_supervisor-20] [INFO] [1789489989.471697358] [robot_0.robot_supervisor]: Selected controllable event: EV_move_forward
[balanced_delivery_supervisor-24] [INFO] [1789489989.642600514] [robot_1.robot_supervisor]: ############################# VISIBLE: EV_object_visible #############################
[balanced_delivery_supervisor-24] [INFO] [1789489989.643719591] [robot_1.robot_supervisor]: Selected controllable event: EV_search_object
[balanced_delivery_supervisor-20] [INFO] [1789489989.765072676] [robot_0.robot_supervisor]: Selected controllable event: EV_search_color
[balanced_delivery_supervisor-24] [INFO] [1789489989.841751265] [robot_1.robot_supervisor]: Selected controllable event: EV_approach_object
[balanced_delivery_supervisor-20] [INFO] [1789489989.952395910] [robot_0.robot_supervisor]: Selected controllable event: EV_move_forward
[balanced_delivery_supervisor-22] [INFO] [1789489990.130874892] [robot_2.robot_supervisor]: FULL ROTATE completed by timeout
[balanced_delivery_supervisor-24] [INFO] [1789489990.136909312] [robot_1.robot_supervisor]: Selected controllable event: EV_move_forward
[balanced_delivery_supervisor-20] [INFO] [1789489990.253917208] [robot_0.robot_supervisor]: ############################# VISIBLE: EV_object_visible #############################
[balanced_delivery_supervisor-20] [INFO] [1789489990.258455609] [robot_0.robot_supervisor]: Selected controllable event: EV_search_object
[balanced_delivery_supervisor-22] [INFO] [1789489990.337488547] [robot_2.robot_supervisor]: ############################# VISIBLE: EV_object_visible #############################
[balanced_delivery_supervisor-22] [INFO] [1789489990.344913061] [robot_2.robot_supervisor]: Selected controllable event: EV_approach_color
[balanced_delivery_supervisor-24] [INFO] [1789489990.431423763] [robot_1.robot_supervisor]: Triggered uncontrollable event: EV_obstacle_left
[balanced_delivery_supervisor-24] [INFO] [1789489990.437256733] [robot_1.robot_supervisor]: ############################# REACHED: EV_object_reached #############################
[balanced_delivery_supervisor-24] [INFO] [1789489990.444182604] [robot_1.robot_supervisor]: Selected controllable event: EV_u_turn
[balanced_delivery_supervisor-24] [INFO] [1789489990.444952362] [robot_1.robot_supervisor]: Starting FULL ROTATE (omega=1.000, have_odom=True, target_rad=3.142, timeout_s=3.500)
[balanced_delivery_supervisor-20] [INFO] [1789489990.452165417] [robot_0.robot_supervisor]: Selected controllable event: EV_approach_color
[balanced_delivery_supervisor-22] [INFO] [1789489990.617970078] [robot_2.robot_supervisor]: Selected controllable event: EV_search_object
[balanced_delivery_supervisor-22] [INFO] [1789489990.726228216] [robot_2.robot_supervisor]: Selected controllable event: EV_approach_color
[balanced_delivery_supervisor-20] [INFO] [1789489990.762247095] [robot_0.robot_supervisor]: ############################# VISIBLE: EV_object_visible #############################
[balanced_delivery_supervisor-20] [INFO] [1789489990.763003651] [robot_0.robot_supervisor]: Selected controllable event: EV_approach_object
[balanced_delivery_supervisor-22] [INFO] [1789489990.938520084] [robot_2.robot_supervisor]: ############################# VISIBLE: EV_object_visible #############################
[balanced_delivery_supervisor-22] [INFO] [1789489990.939305573] [robot_2.robot_supervisor]: Selected controllable event: EV_search_color
[balanced_delivery_supervisor-20] [INFO] [1789489991.046471126] [robot_0.robot_supervisor]: Selected controllable event: EV_search_object
[balanced_delivery_supervisor-22] [INFO] [1789489991.128731032] [robot_2.robot_supervisor]: Selected controllable event: EV_search_object
[balanced_delivery_supervisor-20] [INFO] [1789489991.152195827] [robot_0.robot_supervisor]: Selected controllable event: EV_move_forward
[balanced_delivery_supervisor-22] [INFO] [1789489991.323264139] [robot_2.robot_supervisor]: Selected controllable event: EV_search_object
[balanced_delivery_supervisor-20] [INFO] [1789489991.368482296] [robot_0.robot_supervisor]: Selected controllable event: EV_approach_object
[balanced_delivery_supervisor-22] [INFO] [1789489991.453875240] [robot_2.robot_supervisor]: Selected controllable event: EV_search_color
[balanced_delivery_supervisor-22] [INFO] [1789489991.617141869] [robot_2.robot_supervisor]: ############################# VISIBLE: EV_object_visible #############################
[balanced_delivery_supervisor-22] [INFO] [1789489991.618110490] [robot_2.robot_supervisor]: Selected controllable event: EV_search_color
[balanced_delivery_supervisor-20] [INFO] [1789489991.673421913] [robot_0.robot_supervisor]: ############################# VISIBLE: EV_object_visible #############################
[balanced_delivery_supervisor-20] [INFO] [1789489991.674345474] [robot_0.robot_supervisor]: Selected controllable event: EV_search_object
[balanced_delivery_supervisor-22] [INFO] [1789489991.741926843] [robot_2.robot_supervisor]: Selected controllable event: EV_approach_color
[balanced_delivery_supervisor-20] [INFO] [1789489991.775694261] [robot_0.robot_supervisor]: Selected controllable event: EV_move_forward
[color_detector-27] [INFO] [1789489991.965958174] [robot_0.target_detector]: RGB HEARTBEAT frames_total=90 recent_rate_hz=1.408 last_frame_age_s=0.628 status=OK
[color_detector-31] [INFO] [1789489991.974901671] [robot_1.target_detector]: RGB HEARTBEAT frames_total=90 recent_rate_hz=1.409 last_frame_age_s=0.468 status=OK
[color_detector-29] [INFO] [1789489991.977132583] [robot_2.target_detector]: RGB HEARTBEAT frames_total=90 recent_rate_hz=1.405 last_frame_age_s=0.561 status=OK
[balanced_delivery_supervisor-22] [INFO] [1789489992.020909080] [robot_2.robot_supervisor]: Selected controllable event: EV_search_object
[balanced_delivery_supervisor-20] [INFO] [1789489992.063652405] [robot_0.robot_supervisor]: Selected controllable event: EV_search_color
[balanced_delivery_supervisor-22] [INFO] [1789489992.164627029] [robot_2.robot_supervisor]: Selected controllable event: EV_approach_object
[balanced_delivery_supervisor-20] [INFO] [1789489992.176728795] [robot_0.robot_supervisor]: Selected controllable event: EV_approach_color
[balanced_delivery_supervisor-22] [INFO] [1789489992.421581009] [robot_2.robot_supervisor]: ############################# VISIBLE: EV_object_visible #############################
[balanced_delivery_supervisor-22] [INFO] [1789489992.440656251] [robot_2.robot_supervisor]: Selected controllable event: EV_approach_color
[balanced_delivery_supervisor-20] [INFO] [1789489992.457576789] [robot_0.robot_supervisor]: ############################# VISIBLE: EV_object_visible #############################
[balanced_delivery_supervisor-20] [INFO] [1789489992.460588054] [robot_0.robot_supervisor]: Selected controllable event: EV_search_object
[balanced_delivery_supervisor-20] [INFO] [1789489992.654695021] [robot_0.robot_supervisor]: Selected controllable event: EV_move_forward
[balanced_delivery_supervisor-22] [INFO] [1789489992.720665665] [robot_2.robot_supervisor]: Selected controllable event: EV_search_color
[balanced_delivery_supervisor-22] [INFO] [1789489992.836808626] [robot_2.robot_supervisor]: Selected controllable event: EV_move_forward
[balanced_delivery_supervisor-20] [INFO] [1789489992.956763444] [robot_0.robot_supervisor]: ############################# VISIBLE: EV_object_visible #############################
[balanced_delivery_supervisor-20] [INFO] [1789489992.957678285] [robot_0.robot_supervisor]: Selected controllable event: EV_approach_color
[balanced_delivery_supervisor-22] [INFO] [1789489993.124303754] [robot_2.robot_supervisor]: ############################# VISIBLE: EV_object_visible #############################
[balanced_delivery_supervisor-22] [INFO] [1789489993.129388308] [robot_2.robot_supervisor]: Selected controllable event: EV_approach_color
[balanced_delivery_supervisor-20] [INFO] [1789489993.245557379] [robot_0.robot_supervisor]: Selected controllable event: EV_approach_object
[balanced_delivery_supervisor-22] [INFO] [1789489993.431910175] [robot_2.robot_supervisor]: Selected controllable event: EV_search_color
[balanced_delivery_supervisor-20] [INFO] [1789489993.453347111] [robot_0.robot_supervisor]: Selected controllable event: EV_approach_color
[balanced_delivery_supervisor-22] [INFO] [1789489993.622148782] [robot_2.robot_supervisor]: Selected controllable event: EV_search_color
[balanced_delivery_supervisor-20] [INFO] [1789489993.761115370] [robot_0.robot_supervisor]: ############################# VISIBLE: EV_object_visible #############################
[balanced_delivery_supervisor-20] [INFO] [1789489993.777404692] [robot_0.robot_supervisor]: Selected controllable event: EV_approach_color
[balanced_delivery_supervisor-22] [INFO] [1789489993.818092288] [robot_2.robot_supervisor]: Triggered uncontrollable event: EV_object_not_visible
[balanced_delivery_supervisor-22] [INFO] [1789489993.829303319] [robot_2.robot_supervisor]: Selected controllable event: EV_search_color
[balanced_delivery_supervisor-22] [INFO] [1789489994.021131374] [robot_2.robot_supervisor]: Selected controllable event: EV_approach_object
[balanced_delivery_supervisor-24] [INFO] [1789489994.043256907] [robot_1.robot_supervisor]: FULL ROTATE completed by timeout
[balanced_delivery_supervisor-20] [INFO] [1789489994.047172232] [robot_0.robot_supervisor]: Selected controllable event: EV_approach_color
[balanced_delivery_supervisor-22] [INFO] [1789489994.255172359] [robot_2.robot_supervisor]: Selected controllable event: EV_move_forward
[balanced_delivery_supervisor-24] [INFO] [1789489994.322540859] [robot_1.robot_supervisor]: ############################# REACHED: EV_object_reached #############################
[balanced_delivery_supervisor-24] [INFO] [1789489994.340473397] [robot_1.robot_supervisor]: Selected controllable event: EV_move_forward
[balanced_delivery_supervisor-20] [INFO] [1789489994.363487613] [robot_0.robot_supervisor]: Selected controllable event: EV_approach_color
[balanced_delivery_supervisor-22] [INFO] [1789489994.529222838] [robot_2.robot_supervisor]: Triggered uncontrollable event: EV_obstacle_right
[balanced_delivery_supervisor-22] [INFO] [1789489994.535884674] [robot_2.robot_supervisor]: Triggered uncontrollable event: EV_object_not_visible
[balanced_delivery_supervisor-22] [INFO] [1789489994.536911417] [robot_2.robot_supervisor]: Selected controllable event: EV_rotate_counterclockwise
[balanced_delivery_supervisor-24] [INFO] [1789489994.634454508] [robot_1.robot_supervisor]: ############################# REACHED: EV_object_reached #############################
[balanced_delivery_supervisor-24] [INFO] [1789489994.642566494] [robot_1.robot_supervisor]: Selected controllable event: EV_approach_color
[balanced_delivery_supervisor-20] [INFO] [1789489994.655235622] [robot_0.robot_supervisor]: ############################# VISIBLE: EV_object_visible #############################
[balanced_delivery_supervisor-20] [INFO] [1789489994.673700456] [robot_0.robot_supervisor]: Selected controllable event: EV_approach_object
[balanced_delivery_supervisor-22] [INFO] [1789489994.739162230] [robot_2.robot_supervisor]: Triggered uncontrollable event: EV_obstacle_right
[balanced_delivery_supervisor-22] [INFO] [1789489994.748441978] [robot_2.robot_supervisor]: Selected controllable event: EV_u_turn
[balanced_delivery_supervisor-22] [INFO] [1789489994.754152654] [robot_2.robot_supervisor]: Starting FULL ROTATE (omega=1.000, have_odom=True, target_rad=3.142, timeout_s=3.500)
[balanced_delivery_supervisor-24] [INFO] [1789489994.939706965] [robot_1.robot_supervisor]: Selected controllable event: EV_move_forward
[balanced_delivery_supervisor-20] [INFO] [1789489994.957170568] [robot_0.robot_supervisor]: Selected controllable event: EV_search_object
[balanced_delivery_supervisor-20] [INFO] [1789489995.146902081] [robot_0.robot_supervisor]: Selected controllable event: EV_search_object
[balanced_delivery_supervisor-24] [INFO] [1789489995.237288349] [robot_1.robot_supervisor]: Selected controllable event: EV_search_object
[balanced_delivery_supervisor-20] [INFO] [1789489995.278513558] [robot_0.robot_supervisor]: Selected controllable event: EV_approach_object
[balanced_delivery_supervisor-24] [INFO] [1789489995.450273909] [robot_1.robot_supervisor]: ############################# REACHED: EV_object_reached #############################
[balanced_delivery_supervisor-24] [INFO] [1789489995.451175916] [robot_1.robot_supervisor]: Selected controllable event: EV_approach_color
[balanced_delivery_supervisor-20] [INFO] [1789489995.564450931] [robot_0.robot_supervisor]: ############################# VISIBLE: EV_object_visible #############################
[balanced_delivery_supervisor-20] [INFO] [1789489995.572172748] [robot_0.robot_supervisor]: Selected controllable event: EV_move_forward
[balanced_delivery_supervisor-24] [INFO] [1789489995.729317788] [robot_1.robot_supervisor]: Selected controllable event: EV_search_color
[balanced_delivery_supervisor-20] [INFO] [1789489995.868047394] [robot_0.robot_supervisor]: Selected controllable event: EV_approach_object
[balanced_delivery_supervisor-24] [INFO] [1789489995.943071274] [robot_1.robot_supervisor]: Selected controllable event: EV_search_color
[balanced_delivery_supervisor-24] [INFO] [1789489996.140775927] [robot_1.robot_supervisor]: ############################# REACHED: EV_object_reached #############################
[balanced_delivery_supervisor-24] [INFO] [1789489996.161904003] [robot_1.robot_supervisor]: Selected controllable event: EV_approach_object
[balanced_delivery_supervisor-20] [INFO] [1789489996.170100172] [robot_0.robot_supervisor]: ############################# VISIBLE: EV_object_visible #############################
[balanced_delivery_supervisor-20] [INFO] [1789489996.171024814] [robot_0.robot_supervisor]: Selected controllable event: EV_move_forward
[balanced_delivery_supervisor-24] [INFO] [1789489996.437136326] [robot_1.robot_supervisor]: Selected controllable event: EV_approach_color
[balanced_delivery_supervisor-20] [INFO] [1789489996.463825196] [robot_0.robot_supervisor]: Selected controllable event: EV_approach_color
[balanced_delivery_supervisor-24] [INFO] [1789489996.729438877] [robot_1.robot_supervisor]: Selected controllable event: EV_search_object
[balanced_delivery_supervisor-20] [INFO] [1789489996.749526218] [robot_0.robot_supervisor]: ############################# VISIBLE: EV_object_visible #############################
[balanced_delivery_supervisor-20] [INFO] [1789489996.755026822] [robot_0.robot_supervisor]: Selected controllable event: EV_search_color
[balanced_delivery_supervisor-24] [INFO] [1789489996.840808725] [robot_1.robot_supervisor]: Selected controllable event: EV_search_color
[balanced_delivery_supervisor-20] [INFO] [1789489996.957293188] [robot_0.robot_supervisor]: Selected controllable event: EV_move_forward
[balanced_delivery_supervisor-24] [INFO] [1789489997.035213587] [robot_1.robot_supervisor]: ############################# REACHED: EV_object_reached #############################
[balanced_delivery_supervisor-24] [INFO] [1789489997.045771892] [robot_1.robot_supervisor]: Selected controllable event: EV_search_color
[balanced_delivery_supervisor-24] [INFO] [1789489997.233371477] [robot_1.robot_supervisor]: Selected controllable event: EV_approach_object
[balanced_delivery_supervisor-20] [INFO] [1789489997.247151142] [robot_0.robot_supervisor]: Selected controllable event: EV_search_object
[balanced_delivery_supervisor-20] [INFO] [1789489997.364126756] [robot_0.robot_supervisor]: Selected controllable event: EV_approach_object
[balanced_delivery_supervisor-24] [INFO] [1789489997.535350833] [robot_1.robot_supervisor]: Triggered uncontrollable event: EV_obstacle_right
[balanced_delivery_supervisor-24] [INFO] [1789489997.545733214] [robot_1.robot_supervisor]: Selected controllable event: EV_u_turn
[balanced_delivery_supervisor-24] [INFO] [1789489997.553239415] [robot_1.robot_supervisor]: Starting FULL ROTATE (omega=1.000, have_odom=True, target_rad=3.142, timeout_s=3.500)
[balanced_delivery_supervisor-20] [INFO] [1789489997.652061056] [robot_0.robot_supervisor]: ############################# VISIBLE: EV_object_visible #############################
[balanced_delivery_supervisor-20] [INFO] [1789489997.654172926] [robot_0.robot_supervisor]: Selected controllable event: EV_search_object
[balanced_delivery_supervisor-20] [INFO] [1789489997.849974016] [robot_0.robot_supervisor]: Selected controllable event: EV_search_color
[balanced_delivery_supervisor-20] [INFO] [1789489998.045041514] [robot_0.robot_supervisor]: Selected controllable event: EV_search_object
[balanced_delivery_supervisor-20] [INFO] [1789489998.153846400] [robot_0.robot_supervisor]: Selected controllable event: EV_approach_object
[balanced_delivery_supervisor-22] [INFO] [1789489998.330905920] [robot_2.robot_supervisor]: FULL ROTATE completed by timeout
[balanced_delivery_supervisor-20] [INFO] [1789489998.357955236] [robot_0.robot_supervisor]: ############################# VISIBLE: EV_object_visible #############################
[balanced_delivery_supervisor-20] [INFO] [1789489998.363695901] [robot_0.robot_supervisor]: Selected controllable event: EV_move_forward
[balanced_delivery_supervisor-22] [INFO] [1789489998.632346268] [robot_2.robot_supervisor]: ############################# VISIBLE: EV_object_visible #############################
[balanced_delivery_supervisor-22] [INFO] [1789489998.633245346] [robot_2.robot_supervisor]: Selected controllable event: EV_search_color
[balanced_delivery_supervisor-20] [INFO] [1789489998.659620905] [robot_0.robot_supervisor]: Selected controllable event: EV_move_forward
[balanced_delivery_supervisor-22] [INFO] [1789489998.745050040] [robot_2.robot_supervisor]: Selected controllable event: EV_approach_object
[balanced_delivery_supervisor-20] [INFO] [1789489998.966020523] [robot_0.robot_supervisor]: ############################# VISIBLE: EV_object_visible #############################
[balanced_delivery_supervisor-20] [INFO] [1789489998.973661891] [robot_0.robot_supervisor]: Selected controllable event: EV_approach_color
[balanced_delivery_supervisor-22] [INFO] [1789489999.036651468] [robot_2.robot_supervisor]: ############################# VISIBLE: EV_object_visible #############################
[balanced_delivery_supervisor-22] [INFO] [1789489999.040333083] [robot_2.robot_supervisor]: Selected controllable event: EV_approach_object
[balanced_delivery_supervisor-20] [INFO] [1789489999.261531894] [robot_0.robot_supervisor]: Selected controllable event: EV_move_forward
[balanced_delivery_supervisor-22] [INFO] [1789489999.322463445] [robot_2.robot_supervisor]: Selected controllable event: EV_search_color
[balanced_delivery_supervisor-22] [INFO] [1789489999.531519329] [robot_2.robot_supervisor]: Selected controllable event: EV_move_forward
[color_detector-31] [INFO] [1789489999.551322223] [robot_1.target_detector]: RGB HEARTBEAT frames_total=100 recent_rate_hz=1.319 last_frame_age_s=0.594 status=OK
[color_detector-29] [INFO] [1789489999.555232457] [robot_2.target_detector]: RGB HEARTBEAT frames_total=100 recent_rate_hz=1.320 last_frame_age_s=0.648 status=OK
[balanced_delivery_supervisor-20] [INFO] [1789489999.560485786] [robot_0.robot_supervisor]: Selected controllable event: EV_approach_object
[color_detector-27] [INFO] [1789489999.570821458] [robot_0.target_detector]: RGB HEARTBEAT frames_total=100 recent_rate_hz=1.315 last_frame_age_s=0.752 status=OK
[balanced_delivery_supervisor-22] [INFO] [1789489999.733556935] [robot_2.robot_supervisor]: Selected controllable event: EV_search_object
[balanced_delivery_supervisor-20] [INFO] [1789489999.850367420] [robot_0.robot_supervisor]: Triggered uncontrollable event: EV_obstacle_right
[balanced_delivery_supervisor-20] [INFO] [1789489999.851110715] [robot_0.robot_supervisor]: ############################# REACHED: EV_object_reached #############################
[balanced_delivery_supervisor-20] [INFO] [1789489999.869023305] [robot_0.robot_supervisor]: Selected controllable event: EV_u_turn
[balanced_delivery_supervisor-20] [INFO] [1789489999.870020918] [robot_0.robot_supervisor]: Starting FULL ROTATE (omega=1.000, have_odom=True, target_rad=3.142, timeout_s=3.500)
[balanced_delivery_supervisor-22] [INFO] [1789489999.946087586] [robot_2.robot_supervisor]: ############################# VISIBLE: EV_object_visible #############################
[balanced_delivery_supervisor-22] [INFO] [1789489999.947066682] [robot_2.robot_supervisor]: Selected controllable event: EV_search_color
[balanced_delivery_supervisor-22] [INFO] [1789490000.134950892] [robot_2.robot_supervisor]: Selected controllable event: EV_move_forward
[balanced_delivery_supervisor-22] [INFO] [1789490000.424830323] [robot_2.robot_supervisor]: Selected controllable event: EV_search_color
[balanced_delivery_supervisor-22] [INFO] [1789490000.532749001] [robot_2.robot_supervisor]: Selected controllable event: EV_approach_color
[balanced_delivery_supervisor-22] [INFO] [1789490000.839736741] [robot_2.robot_supervisor]: ############################# VISIBLE: EV_object_visible #############################
[balanced_delivery_supervisor-22] [INFO] [1789490000.848282698] [robot_2.robot_supervisor]: Selected controllable event: EV_search_color
[balanced_delivery_supervisor-22] [INFO] [1789490001.029069045] [robot_2.robot_supervisor]: Selected controllable event: EV_search_color
[balanced_delivery_supervisor-24] [INFO] [1789490001.123307858] [robot_1.robot_supervisor]: FULL ROTATE completed by timeout
[balanced_delivery_supervisor-22] [INFO] [1789490001.239202490] [robot_2.robot_supervisor]: Selected controllable event: EV_move_forward
[balanced_delivery_supervisor-24] [INFO] [1789490001.326884251] [robot_1.robot_supervisor]: ############################# REACHED: EV_object_reached #############################
[balanced_delivery_supervisor-24] [INFO] [1789490001.327758695] [robot_1.robot_supervisor]: Selected controllable event: EV_approach_object
[balanced_delivery_supervisor-22] [INFO] [1789490001.520250910] [robot_2.robot_supervisor]: ############################# VISIBLE: EV_object_visible #############################
[balanced_delivery_supervisor-22] [INFO] [1789490001.521364844] [robot_2.robot_supervisor]: Selected controllable event: EV_search_object
[balanced_delivery_supervisor-22] [INFO] [1789490001.639209603] [robot_2.robot_supervisor]: Selected controllable event: EV_approach_object
[balanced_delivery_supervisor-24] [INFO] [1789490001.647614754] [robot_1.robot_supervisor]: ############################# REACHED: EV_object_reached #############################
[balanced_delivery_supervisor-24] [INFO] [1789490001.655746000] [robot_1.robot_supervisor]: Selected controllable event: EV_approach_color
[balanced_delivery_supervisor-22] [INFO] [1789490001.924154976] [robot_2.robot_supervisor]: Selected controllable event: EV_move_forward
[balanced_delivery_supervisor-24] [INFO] [1789490001.944490439] [robot_1.robot_supervisor]: Selected controllable event: EV_move_forward
[balanced_delivery_supervisor-22] [INFO] [1789490002.147393822] [robot_2.robot_supervisor]: Selected controllable event: EV_search_object
[balanced_delivery_supervisor-24] [INFO] [1789490002.250511290] [robot_1.robot_supervisor]: Selected controllable event: EV_approach_color
[balanced_delivery_supervisor-22] [INFO] [1789490002.343240865] [robot_2.robot_supervisor]: ############################# VISIBLE: EV_object_visible #############################
[balanced_delivery_supervisor-22] [INFO] [1789490002.346566623] [robot_2.robot_supervisor]: Selected controllable event: EV_approach_color
[balanced_delivery_supervisor-24] [INFO] [1789490002.538795586] [robot_1.robot_supervisor]: ############################# REACHED: EV_object_reached #############################
[balanced_delivery_supervisor-24] [INFO] [1789490002.551345397] [robot_1.robot_supervisor]: Selected controllable event: EV_search_color
[balanced_delivery_supervisor-22] [INFO] [1789490002.649251091] [robot_2.robot_supervisor]: Selected controllable event: EV_move_forward
[balanced_delivery_supervisor-24] [INFO] [1789490002.728801126] [robot_1.robot_supervisor]: Selected controllable event: EV_approach_color
[balanced_delivery_supervisor-22] [INFO] [1789490002.929210323] [robot_2.robot_supervisor]: Selected controllable event: EV_search_object
[balanced_delivery_supervisor-24] [INFO] [1789490003.047622714] [robot_1.robot_supervisor]: Selected controllable event: EV_search_object
[balanced_delivery_supervisor-22] [INFO] [1789490003.138326654] [robot_2.robot_supervisor]: ############################# VISIBLE: EV_object_visible #############################
[balanced_delivery_supervisor-22] [INFO] [1789490003.139332935] [robot_2.robot_supervisor]: Selected controllable event: EV_search_color
[balanced_delivery_supervisor-24] [INFO] [1789490003.220199910] [robot_1.robot_supervisor]: ############################# REACHED: EV_object_reached #############################
[balanced_delivery_supervisor-24] [INFO] [1789490003.221211201] [robot_1.robot_supervisor]: Selected controllable event: EV_search_color
[balanced_delivery_supervisor-22] [INFO] [1789490003.320578432] [robot_2.robot_supervisor]: Selected controllable event: EV_approach_color
[balanced_delivery_supervisor-24] [INFO] [1789490003.327762257] [robot_1.robot_supervisor]: Selected controllable event: EV_search_color
[balanced_delivery_supervisor-20] [INFO] [1789490003.449906366] [robot_0.robot_supervisor]: FULL ROTATE completed by timeout
[balanced_delivery_supervisor-24] [INFO] [1789490003.534706968] [robot_1.robot_supervisor]: Selected controllable event: EV_approach_object
[balanced_delivery_supervisor-22] [INFO] [1789490003.629314839] [robot_2.robot_supervisor]: Selected controllable event: EV_search_color
[balanced_delivery_supervisor-20] [INFO] [1789490003.672087685] [robot_0.robot_supervisor]: ############################# REACHED: EV_object_reached #############################
[balanced_delivery_supervisor-20] [INFO] [1789490003.673026644] [robot_0.robot_supervisor]: Selected controllable event: EV_search_object
[balanced_delivery_supervisor-24] [INFO] [1789490003.835711400] [robot_1.robot_supervisor]: Selected controllable event: EV_search_object
[balanced_delivery_supervisor-22] [INFO] [1789490003.857280187] [robot_2.robot_supervisor]: Selected controllable event: EV_approach_object
[balanced_delivery_supervisor-20] [INFO] [1789490003.870435757] [robot_0.robot_supervisor]: ############################# REACHED: EV_object_reached #############################
[balanced_delivery_supervisor-20] [INFO] [1789490003.873142980] [robot_0.robot_supervisor]: Selected controllable event: EV_search_object
[balanced_delivery_supervisor-24] [INFO] [1789490003.939814321] [robot_1.robot_supervisor]: Selected controllable event: EV_approach_object
[balanced_delivery_supervisor-20] [INFO] [1789490004.062620710] [robot_0.robot_supervisor]: Selected controllable event: EV_search_object
[balanced_delivery_supervisor-22] [INFO] [1789490004.130725129] [robot_2.robot_supervisor]: ############################# VISIBLE: EV_object_visible #############################
[balanced_delivery_supervisor-22] [INFO] [1789490004.131703178] [robot_2.robot_supervisor]: Selected controllable event: EV_move_forward
[balanced_delivery_supervisor-24] [INFO] [1789490004.231190198] [robot_1.robot_supervisor]: ############################# VISIBLE: EV_object_visible #############################
[balanced_delivery_supervisor-24] [INFO] [1789490004.248159265] [robot_1.robot_supervisor]: Selected controllable event: EV_approach_color
[balanced_delivery_supervisor-20] [INFO] [1789490004.263246673] [robot_0.robot_supervisor]: Selected controllable event: EV_approach_object
[balanced_delivery_supervisor-22] [INFO] [1789490004.422429099] [robot_2.robot_supervisor]: Selected controllable event: EV_approach_object
[balanced_delivery_supervisor-24] [INFO] [1789490004.539318476] [robot_1.robot_supervisor]: Selected controllable event: EV_approach_color
[balanced_delivery_supervisor-20] [INFO] [1789490004.551233289] [robot_0.robot_supervisor]: Selected controllable event: EV_search_object
[balanced_delivery_supervisor-20] [INFO] [1789490004.652403725] [robot_0.robot_supervisor]: ############################# REACHED: EV_object_reached #############################
[balanced_delivery_supervisor-20] [INFO] [1789490004.678445370] [robot_0.robot_supervisor]: Selected controllable event: EV_approach_color
[balanced_delivery_supervisor-22] [INFO] [1789490004.729684957] [robot_2.robot_supervisor]: ############################# VISIBLE: EV_object_visible #############################
[balanced_delivery_supervisor-22] [INFO] [1789490004.737439184] [robot_2.robot_supervisor]: Selected controllable event: EV_approach_color
[balanced_delivery_supervisor-24] [INFO] [1789490004.824970383] [robot_1.robot_supervisor]: ############################# VISIBLE: EV_object_visible #############################
[balanced_delivery_supervisor-24] [INFO] [1789490004.825831377] [robot_1.robot_supervisor]: Selected controllable event: EV_move_forward
[balanced_delivery_supervisor-22] [INFO] [1789490004.942229062] [robot_2.robot_supervisor]: Selected controllable event: EV_move_forward
[balanced_delivery_supervisor-20] [INFO] [1789490004.962146971] [robot_0.robot_supervisor]: Selected controllable event: EV_search_object
[balanced_delivery_supervisor-24] [INFO] [1789490005.138551200] [robot_1.robot_supervisor]: Selected controllable event: EV_search_color
[balanced_delivery_supervisor-20] [INFO] [1789490005.165842157] [robot_0.robot_supervisor]: Selected controllable event: EV_approach_color
[balanced_delivery_supervisor-22] [INFO] [1789490005.225396776] [robot_2.robot_supervisor]: Selected controllable event: EV_search_color
[balanced_delivery_supervisor-24] [INFO] [1789490005.330418538] [robot_1.robot_supervisor]: Selected controllable event: EV_search_color
[balanced_delivery_supervisor-22] [INFO] [1789490005.357333345] [robot_2.robot_supervisor]: Selected controllable event: EV_approach_color
[balanced_delivery_supervisor-20] [INFO] [1789490005.446959208] [robot_0.robot_supervisor]: ############################# REACHED: EV_object_reached #############################
[balanced_delivery_supervisor-20] [INFO] [1789490005.452316746] [robot_0.robot_supervisor]: Selected controllable event: EV_search_color
[balanced_delivery_supervisor-24] [INFO] [1789490005.527671865] [robot_1.robot_supervisor]: ############################# VISIBLE: EV_object_visible #############################
[balanced_delivery_supervisor-24] [INFO] [1789490005.543192936] [robot_1.robot_supervisor]: Selected controllable event: EV_approach_object
[balanced_delivery_supervisor-20] [INFO] [1789490005.560077086] [robot_0.robot_supervisor]: Selected controllable event: EV_approach_color
[balanced_delivery_supervisor-22] [INFO] [1789490005.641895337] [robot_2.robot_supervisor]: ############################# VISIBLE: EV_object_visible #############################
[balanced_delivery_supervisor-22] [INFO] [1789490005.642775816] [robot_2.robot_supervisor]: Selected controllable event: EV_approach_object
[balanced_delivery_supervisor-24] [INFO] [1789490005.832870097] [robot_1.robot_supervisor]: Selected controllable event: EV_search_color
[balanced_delivery_supervisor-20] [INFO] [1789490005.860457689] [robot_0.robot_supervisor]: Selected controllable event: EV_search_color
[balanced_delivery_supervisor-22] [INFO] [1789490005.931180626] [robot_2.robot_supervisor]: Selected controllable event: EV_search_color
[balanced_delivery_supervisor-20] [INFO] [1789490005.975395663] [robot_0.robot_supervisor]: Selected controllable event: EV_search_object
[balanced_delivery_supervisor-24] [INFO] [1789490006.021753760] [robot_1.robot_supervisor]: Selected controllable event: EV_search_color
[balanced_delivery_supervisor-22] [INFO] [1789490006.125412974] [robot_2.robot_supervisor]: Selected controllable event: EV_approach_object
[balanced_delivery_supervisor-24] [INFO] [1789490006.127549135] [robot_1.robot_supervisor]: Selected controllable event: EV_approach_object
[balanced_delivery_supervisor-20] [INFO] [1789490006.177061296] [robot_0.robot_supervisor]: Selected controllable event: EV_approach_object
[balanced_delivery_supervisor-24] [INFO] [1789490006.353791827] [robot_1.robot_supervisor]: ############################# VISIBLE: EV_object_visible #############################
[balanced_delivery_supervisor-24] [INFO] [1789490006.354814177] [robot_1.robot_supervisor]: Selected controllable event: EV_search_color
[balanced_delivery_supervisor-22] [INFO] [1789490006.434957443] [robot_2.robot_supervisor]: ############################# VISIBLE: EV_object_visible #############################
[balanced_delivery_supervisor-22] [INFO] [1789490006.450996082] [robot_2.robot_supervisor]: Selected controllable event: EV_search_object
[balanced_delivery_supervisor-20] [INFO] [1789490006.466533497] [robot_0.robot_supervisor]: ############################# REACHED: EV_object_reached #############################
[balanced_delivery_supervisor-20] [INFO] [1789490006.477079108] [robot_0.robot_supervisor]: Selected controllable event: EV_search_color
[balanced_delivery_supervisor-24] [INFO] [1789490006.534730579] [robot_1.robot_supervisor]: Selected controllable event: EV_approach_color
[balanced_delivery_supervisor-22] [INFO] [1789490006.633766901] [robot_2.robot_supervisor]: Selected controllable event: EV_approach_object
[balanced_delivery_supervisor-20] [INFO] [1789490006.668439453] [robot_0.robot_supervisor]: Selected controllable event: EV_approach_object
[balanced_delivery_supervisor-24] [INFO] [1789490006.756266942] [robot_1.robot_supervisor]: Selected controllable event: EV_search_color
[balanced_delivery_supervisor-24] [INFO] [1789490006.921289519] [robot_1.robot_supervisor]: Selected controllable event: EV_search_object
[balanced_delivery_supervisor-22] [INFO] [1789490006.947071015] [robot_2.robot_supervisor]: Selected controllable event: EV_move_forward
[balanced_delivery_supervisor-20] [INFO] [1789490006.962876116] [robot_0.robot_supervisor]: Selected controllable event: EV_search_color
[balanced_delivery_supervisor-24] [INFO] [1789490007.031836908] [robot_1.robot_supervisor]: Selected controllable event: EV_approach_color
[balanced_delivery_supervisor-20] [INFO] [1789490007.072189438] [robot_0.robot_supervisor]: Selected controllable event: EV_approach_object
[balanced_delivery_supervisor-22] [INFO] [1789490007.224467689] [robot_2.robot_supervisor]: ############################# VISIBLE: EV_object_visible #############################
[balanced_delivery_supervisor-22] [INFO] [1789490007.238577997] [robot_2.robot_supervisor]: Selected controllable event: EV_approach_object
[balanced_delivery_supervisor-24] [INFO] [1789490007.255989409] [robot_1.robot_supervisor]: ############################# VISIBLE: EV_object_visible #############################
[balanced_delivery_supervisor-24] [INFO] [1789490007.257029479] [robot_1.robot_supervisor]: Selected controllable event: EV_move_forward
[balanced_delivery_supervisor-20] [INFO] [1789490007.359573232] [robot_0.robot_supervisor]: Triggered uncontrollable event: EV_object_not_visible
[balanced_delivery_supervisor-20] [INFO] [1789490007.371500032] [robot_0.robot_supervisor]: Selected controllable event: EV_move_forward
[balanced_delivery_supervisor-22] [INFO] [1789490007.530199302] [robot_2.robot_supervisor]: Selected controllable event: EV_search_color
[balanced_delivery_supervisor-24] [INFO] [1789490007.549286442] [robot_1.robot_supervisor]: Selected controllable event: EV_approach_color
[balanced_delivery_supervisor-20] [INFO] [1789490007.667636239] [robot_0.robot_supervisor]: Selected controllable event: EV_search_object
[color_detector-31] [INFO] [1789490007.727083579] [robot_1.target_detector]: RGB HEARTBEAT frames_total=110 recent_rate_hz=1.223 last_frame_age_s=0.598 status=OK
[color_detector-27] [INFO] [1789490007.732271177] [robot_0.target_detector]: RGB HEARTBEAT frames_total=110 recent_rate_hz=1.225 last_frame_age_s=0.715 status=OK
[color_detector-29] [INFO] [1789490007.735340929] [robot_2.target_detector]: RGB HEARTBEAT frames_total=110 recent_rate_hz=1.225 last_frame_age_s=0.650 status=OK
[balanced_delivery_supervisor-22] [INFO] [1789490007.739529903] [robot_2.robot_supervisor]: Selected controllable event: EV_search_color
[balanced_delivery_supervisor-24] [INFO] [1789490007.850153890] [robot_1.robot_supervisor]: Selected controllable event: EV_move_forward
[balanced_delivery_supervisor-20] [INFO] [1789490007.875594598] [robot_0.robot_supervisor]: Selected controllable event: EV_search_object
[balanced_delivery_supervisor-22] [INFO] [1789490007.938226287] [robot_2.robot_supervisor]: Selected controllable event: EV_approach_color
[balanced_delivery_supervisor-20] [INFO] [1789490008.049319545] [robot_0.robot_supervisor]: Triggered uncontrollable event: EV_object_not_visible
[balanced_delivery_supervisor-20] [INFO] [1789490008.063020890] [robot_0.robot_supervisor]: Selected controllable event: EV_search_color
[balanced_delivery_supervisor-24] [INFO] [1789490008.129334163] [robot_1.robot_supervisor]: ############################# VISIBLE: EV_object_visible #############################
[balanced_delivery_supervisor-24] [INFO] [1789490008.140215839] [robot_1.robot_supervisor]: Selected controllable event: EV_move_forward
[balanced_delivery_supervisor-22] [INFO] [1789490008.234361201] [robot_2.robot_supervisor]: ############################# VISIBLE: EV_object_visible #############################
[balanced_delivery_supervisor-22] [INFO] [1789490008.235461289] [robot_2.robot_supervisor]: Selected controllable event: EV_move_forward
[balanced_delivery_supervisor-20] [INFO] [1789490008.268726754] [robot_0.robot_supervisor]: Selected controllable event: EV_approach_object
[balanced_delivery_supervisor-24] [INFO] [1789490008.458376201] [robot_1.robot_supervisor]: Selected controllable event: EV_search_color
[balanced_delivery_supervisor-22] [INFO] [1789490008.522624582] [robot_2.robot_supervisor]: Selected controllable event: EV_move_forward
[balanced_delivery_supervisor-20] [INFO] [1789490008.555577023] [robot_0.robot_supervisor]: Selected controllable event: EV_search_color
[balanced_delivery_supervisor-24] [INFO] [1789490008.628432948] [robot_1.robot_supervisor]: Selected controllable event: EV_search_object
[balanced_delivery_supervisor-20] [INFO] [1789490008.675810096] [robot_0.robot_supervisor]: Selected controllable event: EV_move_forward
[balanced_delivery_supervisor-24] [INFO] [1789490008.740488665] [robot_1.robot_supervisor]: Selected controllable event: EV_move_forward
[balanced_delivery_supervisor-22] [INFO] [1789490008.754982448] [robot_2.robot_supervisor]: Selected controllable event: EV_search_color
[balanced_delivery_supervisor-22] [INFO] [1789490008.926733550] [robot_2.robot_supervisor]: ############################# VISIBLE: EV_object_visible #############################
[balanced_delivery_supervisor-22] [INFO] [1789490008.935480181] [robot_2.robot_supervisor]: Selected controllable event: EV_search_object
[balanced_delivery_supervisor-20] [INFO] [1789490008.959214450] [robot_0.robot_supervisor]: Triggered uncontrollable event: EV_object_not_visible
[balanced_delivery_supervisor-20] [INFO] [1789490008.961337512] [robot_0.robot_supervisor]: Selected controllable event: EV_approach_color
[balanced_delivery_supervisor-24] [INFO] [1789490009.053211712] [robot_1.robot_supervisor]: ############################# VISIBLE: EV_object_visible #############################
[balanced_delivery_supervisor-24] [INFO] [1789490009.054211985] [robot_1.robot_supervisor]: Selected controllable event: EV_approach_color
[balanced_delivery_supervisor-22] [INFO] [1789490009.129293184] [robot_2.robot_supervisor]: Selected controllable event: EV_approach_object
[balanced_delivery_supervisor-20] [INFO] [1789490009.254483199] [robot_0.robot_supervisor]: Selected controllable event: EV_search_color
[balanced_delivery_supervisor-24] [INFO] [1789490009.326296984] [robot_1.robot_supervisor]: Selected controllable event: EV_approach_object
[balanced_delivery_supervisor-22] [INFO] [1789490009.336357026] [robot_2.robot_supervisor]: Selected controllable event: EV_move_forward
[balanced_delivery_supervisor-20] [INFO] [1789490009.452124008] [robot_0.robot_supervisor]: Selected controllable event: EV_search_object
[balanced_delivery_supervisor-24] [INFO] [1789490009.533227476] [robot_1.robot_supervisor]: Selected controllable event: EV_approach_object
[balanced_delivery_supervisor-20] [INFO] [1789490009.586431840] [robot_0.robot_supervisor]: Triggered uncontrollable event: EV_object_not_visible
[balanced_delivery_supervisor-20] [INFO] [1789490009.587396437] [robot_0.robot_supervisor]: Selected controllable event: EV_approach_object
[balanced_delivery_supervisor-22] [INFO] [1789490009.634490305] [robot_2.robot_supervisor]: Selected controllable event: EV_approach_object
[balanced_delivery_supervisor-24] [INFO] [1789490009.844445634] [robot_1.robot_supervisor]: ############################# VISIBLE: EV_object_visible #############################
[balanced_delivery_supervisor-24] [INFO] [1789490009.856625518] [robot_1.robot_supervisor]: Selected controllable event: EV_move_forward
[balanced_delivery_supervisor-20] [INFO] [1789490009.867668124] [robot_0.robot_supervisor]: Selected controllable event: EV_search_object
[balanced_delivery_supervisor-22] [INFO] [1789490009.931377268] [robot_2.robot_supervisor]: ############################# VISIBLE: EV_object_visible #############################
[balanced_delivery_supervisor-22] [INFO] [1789490009.932282255] [robot_2.robot_supervisor]: Selected controllable event: EV_move_forward
[balanced_delivery_supervisor-20] [INFO] [1789490010.043435364] [robot_0.robot_supervisor]: Selected controllable event: EV_approach_color
[balanced_delivery_supervisor-24] [INFO] [1789490010.140605971] [robot_1.robot_supervisor]: Selected controllable event: EV_approach_color
[balanced_delivery_supervisor-22] [INFO] [1789490010.235896966] [robot_2.robot_supervisor]: Selected controllable event: EV_approach_color
[balanced_delivery_supervisor-20] [INFO] [1789490010.255103439] [robot_0.robot_supervisor]: Selected controllable event: EV_search_object
[balanced_delivery_supervisor-20] [INFO] [1789490010.387067831] [robot_0.robot_supervisor]: Selected controllable event: EV_approach_object
[balanced_delivery_supervisor-24] [INFO] [1789490010.434338044] [robot_1.robot_supervisor]: Selected controllable event: EV_search_color
[balanced_delivery_supervisor-22] [INFO] [1789490010.521028725] [robot_2.robot_supervisor]: ############################# REACHED: EV_object_reached #############################
[balanced_delivery_supervisor-22] [INFO] [1789490010.538506374] [robot_2.robot_supervisor]: Selected controllable event: EV_approach_color
[balanced_delivery_supervisor-24] [INFO] [1789490010.564601330] [robot_1.robot_supervisor]: ############################# VISIBLE: EV_object_visible #############################
[balanced_delivery_supervisor-24] [INFO] [1789490010.565579601] [robot_1.robot_supervisor]: Selected controllable event: EV_approach_object
[balanced_delivery_supervisor-20] [INFO] [1789490010.644217483] [robot_0.robot_supervisor]: Triggered uncontrollable event: EV_object_not_visible
[balanced_delivery_supervisor-20] [INFO] [1789490010.645189376] [robot_0.robot_supervisor]: Selected controllable event: EV_search_color
[balanced_delivery_supervisor-20] [INFO] [1789490010.757754936] [robot_0.robot_supervisor]: Selected controllable event: EV_approach_object
[balanced_delivery_supervisor-22] [INFO] [1789490010.823054130] [robot_2.robot_supervisor]: Selected controllable event: EV_approach_object
[balanced_delivery_supervisor-24] [INFO] [1789490010.839390298] [robot_1.robot_supervisor]: Selected controllable event: EV_approach_color
[balanced_delivery_supervisor-20] [INFO] [1789490011.070113553] [robot_0.robot_supervisor]: Selected controllable event: EV_approach_object
[balanced_delivery_supervisor-22] [INFO] [1789490011.123028851] [robot_2.robot_supervisor]: Triggered uncontrollable event: EV_obstacle_front
[balanced_delivery_supervisor-22] [INFO] [1789490011.130048615] [robot_2.robot_supervisor]: Selected controllable event: EV_move_backward
[balanced_delivery_supervisor-24] [INFO] [1789490011.132347953] [robot_1.robot_supervisor]: Selected controllable event: EV_approach_color
[balanced_delivery_supervisor-20] [INFO] [1789490011.372541995] [robot_0.robot_supervisor]: Triggered uncontrollable event: EV_object_not_visible
[balanced_delivery_supervisor-20] [INFO] [1789490011.373579098] [robot_0.robot_supervisor]: Selected controllable event: EV_approach_object
[balanced_delivery_supervisor-24] [INFO] [1789490011.428655136] [robot_1.robot_supervisor]: ############################# VISIBLE: EV_object_visible #############################
[balanced_delivery_supervisor-24] [INFO] [1789490011.432163584] [robot_1.robot_supervisor]: Selected controllable event: EV_move_forward
[balanced_delivery_supervisor-22] [INFO] [1789490011.429499695] [robot_2.robot_supervisor]: Triggered uncontrollable event: EV_obstacle_front
[balanced_delivery_supervisor-22] [INFO] [1789490011.437883471] [robot_2.robot_supervisor]: ############################# REACHED: EV_object_reached #############################
[balanced_delivery_supervisor-22] [INFO] [1789490011.441144112] [robot_2.robot_supervisor]: Selected controllable event: EV_rotate_counterclockwise
[balanced_delivery_supervisor-22] [INFO] [1789490011.624327407] [robot_2.robot_supervisor]: Triggered uncontrollable event: EV_obstacle_front
[balanced_delivery_supervisor-22] [INFO] [1789490011.629614949] [robot_2.robot_supervisor]: Selected controllable event: EV_move_backward
[balanced_delivery_supervisor-20] [INFO] [1789490011.681532712] [robot_0.robot_supervisor]: Selected controllable event: EV_move_forward
[balanced_delivery_supervisor-24] [INFO] [1789490011.739478296] [robot_1.robot_supervisor]: Selected controllable event: EV_search_object
[balanced_delivery_supervisor-22] [INFO] [1789490011.929197395] [robot_2.robot_supervisor]: Triggered uncontrollable event: EV_obstacle_front
[balanced_delivery_supervisor-24] [INFO] [1789490011.933104795] [robot_1.robot_supervisor]: Selected controllable event: EV_approach_color
[balanced_delivery_supervisor-22] [INFO] [1789490011.940991546] [robot_2.robot_supervisor]: Selected controllable event: EV_rotate_clockwise
[balanced_delivery_supervisor-20] [INFO] [1789490011.971456498] [robot_0.robot_supervisor]: Selected controllable event: EV_approach_object
[balanced_delivery_supervisor-22] [INFO] [1789490012.141302925] [robot_2.robot_supervisor]: Triggered uncontrollable event: EV_obstacle_front
[balanced_delivery_supervisor-22] [INFO] [1789490012.154926390] [robot_2.robot_supervisor]: Selected controllable event: EV_rotate_counterclockwise
[balanced_delivery_supervisor-24] [INFO] [1789490012.146813895] [robot_1.robot_supervisor]: Selected controllable event: EV_search_object
[balanced_delivery_supervisor-20] [INFO] [1789490012.247742456] [robot_0.robot_supervisor]: Triggered uncontrollable event: EV_object_not_visible
[balanced_delivery_supervisor-20] [INFO] [1789490012.248839692] [robot_0.robot_supervisor]: Selected controllable event: EV_search_object
[balanced_delivery_supervisor-22] [INFO] [1789490012.334631709] [robot_2.robot_supervisor]: Triggered uncontrollable event: EV_obstacle_front
[balanced_delivery_supervisor-24] [INFO] [1789490012.338389815] [robot_1.robot_supervisor]: ############################# REACHED: EV_object_reached #############################
[balanced_delivery_supervisor-24] [INFO] [1789490012.339418946] [robot_1.robot_supervisor]: Selected controllable event: EV_approach_color
[balanced_delivery_supervisor-22] [INFO] [1789490012.353773231] [robot_2.robot_supervisor]: ############################# REACHED: EV_object_reached #############################
[balanced_delivery_supervisor-22] [INFO] [1789490012.354725434] [robot_2.robot_supervisor]: Selected controllable event: EV_rotate_clockwise
[balanced_delivery_supervisor-20] [INFO] [1789490012.357616888] [robot_0.robot_supervisor]: Selected controllable event: EV_approach_object
[balanced_delivery_supervisor-22] [INFO] [1789490012.545606962] [robot_2.robot_supervisor]: Triggered uncontrollable event: EV_obstacle_front
[balanced_delivery_supervisor-22] [INFO] [1789490012.546629124] [robot_2.robot_supervisor]: Selected controllable event: EV_rotate_clockwise
[balanced_delivery_supervisor-20] [INFO] [1789490012.644240882] [robot_0.robot_supervisor]: Selected controllable event: EV_approach_object
[balanced_delivery_supervisor-24] [INFO] [1789490012.654086070] [robot_1.robot_supervisor]: Selected controllable event: EV_search_object
[balanced_delivery_supervisor-22] [INFO] [1789490012.737079550] [robot_2.robot_supervisor]: Triggered uncontrollable event: EV_obstacle_front
[balanced_delivery_supervisor-22] [INFO] [1789490012.743479594] [robot_2.robot_supervisor]: Selected controllable event: EV_rotate_clockwise
[balanced_delivery_supervisor-24] [INFO] [1789490012.843593311] [robot_1.robot_supervisor]: Selected controllable event: EV_approach_object
[balanced_delivery_supervisor-20] [INFO] [1789490012.873654719] [robot_0.robot_supervisor]: Triggered uncontrollable event: EV_object_not_visible
[balanced_delivery_supervisor-20] [INFO] [1789490012.874568525] [robot_0.robot_supervisor]: Selected controllable event: EV_search_object
[balanced_delivery_supervisor-22] [INFO] [1789490012.957547403] [robot_2.robot_supervisor]: Triggered uncontrollable event: EV_obstacle_front
[balanced_delivery_supervisor-22] [INFO] [1789490012.958366898] [robot_2.robot_supervisor]: ############################# REACHED: EV_object_reached #############################
[balanced_delivery_supervisor-22] [INFO] [1789490012.962638682] [robot_2.robot_supervisor]: Selected controllable event: EV_u_turn
[balanced_delivery_supervisor-22] [INFO] [1789490012.976824221] [robot_2.robot_supervisor]: Starting FULL ROTATE (omega=1.000, have_odom=True, target_rad=3.142, timeout_s=3.500)
[balanced_delivery_supervisor-20] [INFO] [1789490013.056024873] [robot_0.robot_supervisor]: Selected controllable event: EV_search_color
[balanced_delivery_supervisor-24] [INFO] [1789490013.123786362] [robot_1.robot_supervisor]: Triggered uncontrollable event: EV_object_not_visible
[balanced_delivery_supervisor-24] [INFO] [1789490013.137059432] [robot_1.robot_supervisor]: Selected controllable event: EV_search_color
[balanced_delivery_supervisor-20] [INFO] [1789490013.253589778] [robot_0.robot_supervisor]: Selected controllable event: EV_search_color
[balanced_delivery_supervisor-24] [INFO] [1789490013.328898284] [robot_1.robot_supervisor]: Selected controllable event: EV_move_forward
[balanced_delivery_supervisor-20] [INFO] [1789490013.460986829] [robot_0.robot_supervisor]: Selected controllable event: EV_search_object
[balanced_delivery_supervisor-24] [INFO] [1789490013.638958755] [robot_1.robot_supervisor]: Selected controllable event: EV_move_forward
[balanced_delivery_supervisor-20] [INFO] [1789490013.661866803] [robot_0.robot_supervisor]: Triggered uncontrollable event: EV_object_not_visible
[balanced_delivery_supervisor-20] [INFO] [1789490013.662766556] [robot_0.robot_supervisor]: Selected controllable event: EV_search_color
[balanced_delivery_supervisor-20] [INFO] [1789490013.862443242] [robot_0.robot_supervisor]: Selected controllable event: EV_move_forward
[balanced_delivery_supervisor-24] [INFO] [1789490013.934088761] [robot_1.robot_supervisor]: Triggered uncontrollable event: EV_object_not_visible
[balanced_delivery_supervisor-24] [INFO] [1789490013.942628013] [robot_1.robot_supervisor]: Selected controllable event: EV_move_forward
[balanced_delivery_supervisor-20] [INFO] [1789490014.154591288] [robot_0.robot_supervisor]: Selected controllable event: EV_search_object
[balanced_delivery_supervisor-24] [INFO] [1789490014.225258339] [robot_1.robot_supervisor]: Selected controllable event: EV_approach_color
[balanced_delivery_supervisor-20] [INFO] [1789490014.345599172] [robot_0.robot_supervisor]: Selected controllable event: EV_approach_color
[balanced_delivery_supervisor-24] [INFO] [1789490014.431412225] [robot_1.robot_supervisor]: Selected controllable event: EV_approach_object
[balanced_delivery_supervisor-20] [INFO] [1789490014.562888257] [robot_0.robot_supervisor]: Triggered uncontrollable event: EV_object_not_visible
[balanced_delivery_supervisor-20] [INFO] [1789490014.563785855] [robot_0.robot_supervisor]: Selected controllable event: EV_move_forward
[balanced_delivery_supervisor-24] [INFO] [1789490014.736648541] [robot_1.robot_supervisor]: Triggered uncontrollable event: EV_object_not_visible
[balanced_delivery_supervisor-24] [INFO] [1789490014.739249239] [robot_1.robot_supervisor]: Selected controllable event: EV_search_color
[balanced_delivery_supervisor-20] [INFO] [1789490014.847765890] [robot_0.robot_supervisor]: Selected controllable event: EV_move_forward
[balanced_delivery_supervisor-24] [INFO] [1789490014.946468093] [robot_1.robot_supervisor]: Selected controllable event: EV_approach_color
[balanced_delivery_supervisor-20] [INFO] [1789490015.057181758] [robot_0.robot_supervisor]: Selected controllable event: EV_search_object
[balanced_delivery_supervisor-20] [INFO] [1789490015.250400496] [robot_0.robot_supervisor]: Triggered uncontrollable event: EV_object_not_visible
[balanced_delivery_supervisor-20] [INFO] [1789490015.251330937] [robot_0.robot_supervisor]: Selected controllable event: EV_move_forward
[balanced_delivery_supervisor-24] [INFO] [1789490015.254428800] [robot_1.robot_supervisor]: Selected controllable event: EV_search_color
[balanced_delivery_supervisor-24] [INFO] [1789490015.443620937] [robot_1.robot_supervisor]: ############################# REACHED: EV_object_reached #############################
[balanced_delivery_supervisor-24] [INFO] [1789490015.444564312] [robot_1.robot_supervisor]: Selected controllable event: EV_search_color
[balanced_delivery_supervisor-20] [INFO] [1789490015.478907527] [robot_0.robot_supervisor]: Selected controllable event: EV_approach_color
[balanced_delivery_supervisor-24] [INFO] [1789490015.639511864] [robot_1.robot_supervisor]: Selected controllable event: EV_approach_object
[balanced_delivery_supervisor-20] [INFO] [1789490015.764602225] [robot_0.robot_supervisor]: Selected controllable event: EV_search_color
[color_detector-27] [INFO] [1789490015.824400771] [robot_0.target_detector]: RGB HEARTBEAT frames_total=120 recent_rate_hz=1.236 last_frame_age_s=0.683 status=OK
[color_detector-31] [INFO] [1789490015.843685560] [robot_1.target_detector]: RGB HEARTBEAT frames_total=120 recent_rate_hz=1.232 last_frame_age_s=0.566 status=OK
[color_detector-29] [INFO] [1789490015.844608549] [robot_2.target_detector]: RGB HEARTBEAT frames_total=120 recent_rate_hz=1.231 last_frame_age_s=0.644 status=OK
[balanced_delivery_supervisor-24] [INFO] [1789490015.946152554] [robot_1.robot_supervisor]: Selected controllable event: EV_move_forward
[balanced_delivery_supervisor-20] [INFO] [1789490015.968637743] [robot_0.robot_supervisor]: Selected controllable event: EV_move_forward
[balanced_delivery_supervisor-24] [INFO] [1789490016.152151578] [robot_1.robot_supervisor]: ############################# REACHED: EV_object_reached #############################
[balanced_delivery_supervisor-24] [INFO] [1789490016.153204769] [robot_1.robot_supervisor]: Selected controllable event: EV_approach_color
[balanced_delivery_supervisor-20] [INFO] [1789490016.174768814] [robot_0.robot_supervisor]: Triggered uncontrollable event: EV_object_not_visible
[balanced_delivery_supervisor-20] [INFO] [1789490016.188192310] [robot_0.robot_supervisor]: Selected controllable event: EV_move_forward
[balanced_delivery_supervisor-24] [INFO] [1789490016.444437057] [robot_1.robot_supervisor]: Selected controllable event: EV_move_forward
[balanced_delivery_supervisor-20] [INFO] [1789490016.485609584] [robot_0.robot_supervisor]: Selected controllable event: EV_search_object
[balanced_delivery_supervisor-22] [INFO] [1789490016.533695286] [robot_2.robot_supervisor]: FULL ROTATE completed by timeout
[balanced_delivery_supervisor-20] [INFO] [1789490016.655754088] [robot_0.robot_supervisor]: Selected controllable event: EV_search_object
[balanced_delivery_supervisor-24] [INFO] [1789490016.744806058] [robot_1.robot_supervisor]: Selected controllable event: EV_search_object
[balanced_delivery_supervisor-22] [INFO] [1789490016.841587533] [robot_2.robot_supervisor]: ############################# REACHED: EV_object_reached #############################
[balanced_delivery_supervisor-22] [INFO] [1789490016.854514417] [robot_2.robot_supervisor]: Selected controllable event: EV_approach_object
[balanced_delivery_supervisor-20] [INFO] [1789490016.881467249] [robot_0.robot_supervisor]: Triggered uncontrollable event: EV_object_not_visible
[balanced_delivery_supervisor-20] [INFO] [1789490016.882508308] [robot_0.robot_supervisor]: Selected controllable event: EV_search_object
[balanced_delivery_supervisor-24] [INFO] [1789490016.946128391] [robot_1.robot_supervisor]: ############################# REACHED: EV_object_reached #############################
[balanced_delivery_supervisor-24] [INFO] [1789490016.947113674] [robot_1.robot_supervisor]: Selected controllable event: EV_search_color
[balanced_delivery_supervisor-20] [INFO] [1789490017.070651832] [robot_0.robot_supervisor]: Selected controllable event: EV_approach_object
[balanced_delivery_supervisor-22] [INFO] [1789490017.136726468] [robot_2.robot_supervisor]: ############################# REACHED: EV_object_reached #############################
[balanced_delivery_supervisor-22] [INFO] [1789490017.139179627] [robot_2.robot_supervisor]: Selected controllable event: EV_move_forward
[balanced_delivery_supervisor-24] [INFO] [1789490017.141919022] [robot_1.robot_supervisor]: Selected controllable event: EV_approach_color
[balanced_delivery_supervisor-20] [INFO] [1789490017.358274259] [robot_0.robot_supervisor]: Selected controllable event: EV_search_color
[balanced_delivery_supervisor-24] [INFO] [1789490017.434151372] [robot_1.robot_supervisor]: Selected controllable event: EV_approach_object
[balanced_delivery_supervisor-22] [INFO] [1789490017.437203622] [robot_2.robot_supervisor]: Selected controllable event: EV_approach_color
[balanced_delivery_supervisor-20] [INFO] [1789490017.480193571] [robot_0.robot_supervisor]: Selected controllable event: EV_search_object
[balanced_delivery_supervisor-20] [INFO] [1789490017.675945624] [robot_0.robot_supervisor]: Triggered uncontrollable event: EV_object_not_visible
[balanced_delivery_supervisor-20] [INFO] [1789490017.682395048] [robot_0.robot_supervisor]: Selected controllable event: EV_approach_object
[balanced_delivery_supervisor-24] [INFO] [1789490017.729238680] [robot_1.robot_supervisor]: Triggered uncontrollable event: EV_obstacle_left
[balanced_delivery_supervisor-24] [INFO] [1789490017.733259109] [robot_1.robot_supervisor]: Selected controllable event: EV_u_turn
[balanced_delivery_supervisor-22] [INFO] [1789490017.732177367] [robot_2.robot_supervisor]: ############################# REACHED: EV_object_reached #############################
[balanced_delivery_supervisor-24] [INFO] [1789490017.746818956] [robot_1.robot_supervisor]: Starting FULL ROTATE (omega=1.000, have_odom=True, target_rad=3.142, timeout_s=3.500)
[balanced_delivery_supervisor-22] [INFO] [1789490017.754526784] [robot_2.robot_supervisor]: Selected controllable event: EV_move_forward
[balanced_delivery_supervisor-20] [INFO] [1789490017.965267170] [robot_0.robot_supervisor]: Selected controllable event: EV_approach_object
[balanced_delivery_supervisor-22] [INFO] [1789490018.034241642] [robot_2.robot_supervisor]: Selected controllable event: EV_search_color
[balanced_delivery_supervisor-22] [INFO] [1789490018.228884055] [robot_2.robot_supervisor]: Selected controllable event: EV_search_object
[balanced_delivery_supervisor-20] [INFO] [1789490018.243251530] [robot_0.robot_supervisor]: Selected controllable event: EV_search_color
[balanced_delivery_supervisor-20] [INFO] [1789490018.356339762] [robot_0.robot_supervisor]: Triggered uncontrollable event: EV_obstacle_left
[balanced_delivery_supervisor-20] [INFO] [1789490018.357235517] [robot_0.robot_supervisor]: Selected controllable event: EV_rotate_clockwise
[balanced_delivery_supervisor-22] [INFO] [1789490018.417801025] [robot_2.robot_supervisor]: Triggered uncontrollable event: EV_obstacle_right
[balanced_delivery_supervisor-22] [INFO] [1789490018.418698628] [robot_2.robot_supervisor]: Selected controllable event: EV_u_turn
[balanced_delivery_supervisor-22] [INFO] [1789490018.532139315] [robot_2.robot_supervisor]: Triggered uncontrollable event: EV_obstacle_right
[balanced_delivery_supervisor-22] [INFO] [1789490018.532820432] [robot_2.robot_supervisor]: ############################# REACHED: EV_object_reached #############################
[balanced_delivery_supervisor-22] [INFO] [1789490018.539010129] [robot_2.robot_supervisor]: Selected controllable event: EV_rotate_counterclockwise
[balanced_delivery_supervisor-20] [INFO] [1789490018.552507120] [robot_0.robot_supervisor]: Triggered uncontrollable event: EV_obstacle_left
[balanced_delivery_supervisor-20] [INFO] [1789490018.559439483] [robot_0.robot_supervisor]: Triggered uncontrollable event: EV_object_not_visible
[balanced_delivery_supervisor-20] [INFO] [1789490018.564681423] [robot_0.robot_supervisor]: Selected controllable event: EV_rotate_clockwise
[balanced_delivery_supervisor-22] [INFO] [1789490018.721062775] [robot_2.robot_supervisor]: Triggered uncontrollable event: EV_obstacle_right
[balanced_delivery_supervisor-22] [INFO] [1789490018.731728991] [robot_2.robot_supervisor]: Selected controllable event: EV_u_turn
[balanced_delivery_supervisor-20] [INFO] [1789490018.756623256] [robot_0.robot_supervisor]: Triggered uncontrollable event: EV_obstacle_left
[balanced_delivery_supervisor-20] [INFO] [1789490018.763870217] [robot_0.robot_supervisor]: Selected controllable event: EV_u_turn
[balanced_delivery_supervisor-20] [INFO] [1789490018.772184762] [robot_0.robot_supervisor]: Starting FULL ROTATE (omega=1.000, have_odom=True, target_rad=3.142, timeout_s=3.500)
[balanced_delivery_supervisor-22] [INFO] [1789490018.824548780] [robot_2.robot_supervisor]: Triggered uncontrollable event: EV_obstacle_right
[balanced_delivery_supervisor-22] [INFO] [1789490018.836433908] [robot_2.robot_supervisor]: Selected controllable event: EV_u_turn
[balanced_delivery_supervisor-22] [INFO] [1789490018.928714985] [robot_2.robot_supervisor]: Triggered uncontrollable event: EV_obstacle_right
[balanced_delivery_supervisor-22] [INFO] [1789490018.929480748] [robot_2.robot_supervisor]: Selected controllable event: EV_u_turn
[balanced_delivery_supervisor-22] [INFO] [1789490019.021988199] [robot_2.robot_supervisor]: Triggered uncontrollable event: EV_obstacle_right
[balanced_delivery_supervisor-22] [INFO] [1789490019.022880938] [robot_2.robot_supervisor]: Selected controllable event: EV_u_turn
[balanced_delivery_supervisor-22] [INFO] [1789490019.023635099] [robot_2.robot_supervisor]: Starting FULL ROTATE (omega=1.000, have_odom=True, target_rad=3.142, timeout_s=3.500)
[balanced_delivery_supervisor-24] [INFO] [1789490021.334611984] [robot_1.robot_supervisor]: FULL ROTATE completed by timeout
[balanced_delivery_supervisor-24] [INFO] [1789490021.620151832] [robot_1.robot_supervisor]: ############################# REACHED: EV_object_reached #############################
[balanced_delivery_supervisor-24] [INFO] [1789490021.620946080] [robot_1.robot_supervisor]: Selected controllable event: EV_approach_object
[balanced_delivery_supervisor-24] [INFO] [1789490021.867261409] [robot_1.robot_supervisor]: Selected controllable event: EV_search_object
[balanced_delivery_supervisor-24] [INFO] [1789490022.027298020] [robot_1.robot_supervisor]: ############################# REACHED: EV_object_reached #############################
[balanced_delivery_supervisor-24] [INFO] [1789490022.028121753] [robot_1.robot_supervisor]: Selected controllable event: EV_search_object
[balanced_delivery_supervisor-24] [INFO] [1789490022.133216793] [robot_1.robot_supervisor]: Selected controllable event: EV_search_color
[balanced_delivery_supervisor-24] [INFO] [1789490022.327001054] [robot_1.robot_supervisor]: Selected controllable event: EV_search_object
[balanced_delivery_supervisor-20] [INFO] [1789490022.355432862] [robot_0.robot_supervisor]: FULL ROTATE completed by timeout
[balanced_delivery_supervisor-24] [INFO] [1789490022.520052525] [robot_1.robot_supervisor]: Selected controllable event: EV_approach_object
[balanced_delivery_supervisor-22] [INFO] [1789490022.524714935] [robot_2.robot_supervisor]: FULL ROTATE completed by timeout
[balanced_delivery_supervisor-20] [INFO] [1789490022.581255087] [robot_0.robot_supervisor]: ############################# VISIBLE: EV_object_visible #############################
[balanced_delivery_supervisor-20] [INFO] [1789490022.582176632] [robot_0.robot_supervisor]: Selected controllable event: EV_search_object
[balanced_delivery_supervisor-20] [INFO] [1789490022.745957227] [robot_0.robot_supervisor]: Selected controllable event: EV_approach_object
[balanced_delivery_supervisor-24] [INFO] [1789490022.757119334] [robot_1.robot_supervisor]: ############################# REACHED: EV_object_reached #############################
[balanced_delivery_supervisor-24] [INFO] [1789490022.757946019] [robot_1.robot_supervisor]: Selected controllable event: EV_approach_color
[balanced_delivery_supervisor-22] [INFO] [1789490022.817204453] [robot_2.robot_supervisor]: ############################# REACHED: EV_object_reached #############################
[balanced_delivery_supervisor-22] [INFO] [1789490022.818096098] [robot_2.robot_supervisor]: Selected controllable event: EV_approach_color
[balanced_delivery_supervisor-20] [INFO] [1789490022.958109058] [robot_0.robot_supervisor]: Selected controllable event: EV_approach_color
[color_detector-27] [INFO] [1789490022.978212428] [robot_0.target_detector]: RGB HEARTBEAT frames_total=130 recent_rate_hz=1.399 last_frame_age_s=0.585 status=OK
[color_detector-31] [INFO] [1789490022.981201788] [robot_1.target_detector]: RGB HEARTBEAT frames_total=130 recent_rate_hz=1.401 last_frame_age_s=0.458 status=OK
[color_detector-29] [INFO] [1789490022.988553500] [robot_2.target_detector]: RGB HEARTBEAT frames_total=130 recent_rate_hz=1.400 last_frame_age_s=0.483 status=OK
[balanced_delivery_supervisor-24] [INFO] [1789490023.024653382] [robot_1.robot_supervisor]: Selected controllable event: EV_move_forward
[balanced_delivery_supervisor-22] [INFO] [1789490023.133545526] [robot_2.robot_supervisor]: Selected controllable event: EV_approach_color
[balanced_delivery_supervisor-20] [INFO] [1789490023.167051288] [robot_0.robot_supervisor]: ############################# VISIBLE: EV_object_visible #############################
[balanced_delivery_supervisor-20] [INFO] [1789490023.167745039] [robot_0.robot_supervisor]: Selected controllable event: EV_approach_object
[balanced_delivery_supervisor-24] [INFO] [1789490023.227838223] [robot_1.robot_supervisor]: Selected controllable event: EV_approach_color
[balanced_delivery_supervisor-22] [INFO] [1789490023.419984441] [robot_2.robot_supervisor]: ############################# REACHED: EV_object_reached #############################
[balanced_delivery_supervisor-22] [INFO] [1789490023.420815546] [robot_2.robot_supervisor]: Selected controllable event: EV_search_color
[balanced_delivery_supervisor-24] [INFO] [1789490023.435825153] [robot_1.robot_supervisor]: ############################# REACHED: EV_object_reached #############################
[balanced_delivery_supervisor-24] [INFO] [1789490023.436705144] [robot_1.robot_supervisor]: Selected controllable event: EV_approach_color
[balanced_delivery_supervisor-20] [INFO] [1789490023.446817221] [robot_0.robot_supervisor]: Selected controllable event: EV_approach_object
[balanced_delivery_supervisor-22] [INFO] [1789490023.545253283] [robot_2.robot_supervisor]: Selected controllable event: EV_move_forward
[balanced_delivery_supervisor-24] [INFO] [1789490023.735967463] [robot_1.robot_supervisor]: Selected controllable event: EV_search_object
[balanced_delivery_supervisor-20] [INFO] [1789490023.749407864] [robot_0.robot_supervisor]: Selected controllable event: EV_approach_color
[balanced_delivery_supervisor-22] [INFO] [1789490023.820801240] [robot_2.robot_supervisor]: Selected controllable event: EV_move_forward
[balanced_delivery_supervisor-24] [INFO] [1789490023.838376442] [robot_1.robot_supervisor]: Selected controllable event: EV_approach_object
[balanced_delivery_supervisor-20] [INFO] [1789490023.955145401] [robot_0.robot_supervisor]: ############################# VISIBLE: EV_object_visible #############################
[balanced_delivery_supervisor-20] [INFO] [1789490023.963540641] [robot_0.robot_supervisor]: Selected controllable event: EV_approach_object
[balanced_delivery_supervisor-22] [INFO] [1789490024.025143213] [robot_2.robot_supervisor]: ############################# REACHED: EV_object_reached #############################
[balanced_delivery_supervisor-22] [INFO] [1789490024.034586285] [robot_2.robot_supervisor]: Selected controllable event: EV_approach_object
[balanced_delivery_supervisor-24] [INFO] [1789490024.130273994] [robot_1.robot_supervisor]: ############################# VISIBLE: EV_object_visible #############################
[balanced_delivery_supervisor-24] [INFO] [1789490024.131188731] [robot_1.robot_supervisor]: Selected controllable event: EV_approach_color
[balanced_delivery_supervisor-20] [INFO] [1789490024.244329946] [robot_0.robot_supervisor]: Selected controllable event: EV_search_color
[balanced_delivery_supervisor-22] [INFO] [1789490024.337894414] [robot_2.robot_supervisor]: Selected controllable event: EV_approach_color
[balanced_delivery_supervisor-24] [INFO] [1789490024.426751504] [robot_1.robot_supervisor]: Selected controllable event: EV_search_color
[balanced_delivery_supervisor-20] [INFO] [1789490024.447488765] [robot_0.robot_supervisor]: Selected controllable event: EV_move_forward
[balanced_delivery_supervisor-24] [INFO] [1789490024.540648618] [robot_1.robot_supervisor]: Selected controllable event: EV_move_forward
[balanced_delivery_supervisor-22] [INFO] [1789490024.563695176] [robot_2.robot_supervisor]: Selected controllable event: EV_approach_color
[balanced_delivery_supervisor-20] [INFO] [1789490024.656771434] [robot_0.robot_supervisor]: ############################# VISIBLE: EV_object_visible #############################
[balanced_delivery_supervisor-20] [INFO] [1789490024.657650687] [robot_0.robot_supervisor]: Selected controllable event: EV_move_forward
[balanced_delivery_supervisor-24] [INFO] [1789490024.829619722] [robot_1.robot_supervisor]: ############################# VISIBLE: EV_object_visible #############################
[balanced_delivery_supervisor-22] [INFO] [1789490024.831423312] [robot_2.robot_supervisor]: ############################# VISIBLE: EV_object_visible #############################
[balanced_delivery_supervisor-24] [INFO] [1789490024.842415420] [robot_1.robot_supervisor]: Selected controllable event: EV_search_object
[balanced_delivery_supervisor-22] [INFO] [1789490024.847536752] [robot_2.robot_supervisor]: Selected controllable event: EV_move_forward
[balanced_delivery_supervisor-20] [INFO] [1789490024.947786884] [robot_0.robot_supervisor]: Selected controllable event: EV_approach_object
[balanced_delivery_supervisor-24] [INFO] [1789490025.021725366] [robot_1.robot_supervisor]: Selected controllable event: EV_move_forward
[balanced_delivery_supervisor-22] [INFO] [1789490025.132143852] [robot_2.robot_supervisor]: Selected controllable event: EV_move_forward
[balanced_delivery_supervisor-20] [INFO] [1789490025.152111497] [robot_0.robot_supervisor]: ############################# VISIBLE: EV_object_visible #############################
[balanced_delivery_supervisor-20] [INFO] [1789490025.153026169] [robot_0.robot_supervisor]: Selected controllable event: EV_search_object
[balanced_delivery_supervisor-24] [INFO] [1789490025.240129139] [robot_1.robot_supervisor]: Selected controllable event: EV_approach_color
[balanced_delivery_supervisor-20] [INFO] [1789490025.371147186] [robot_0.robot_supervisor]: Selected controllable event: EV_approach_color
[balanced_delivery_supervisor-22] [INFO] [1789490025.433200746] [robot_2.robot_supervisor]: ############################# VISIBLE: EV_object_visible #############################
[balanced_delivery_supervisor-22] [INFO] [1789490025.434039909] [robot_2.robot_supervisor]: Selected controllable event: EV_move_forward
[balanced_delivery_supervisor-24] [INFO] [1789490025.541819402] [robot_1.robot_supervisor]: ############################# REACHED: EV_object_reached #############################
[balanced_delivery_supervisor-24] [INFO] [1789490025.551147997] [robot_1.robot_supervisor]: Selected controllable event: EV_search_color
[balanced_delivery_supervisor-20] [INFO] [1789490025.661416214] [robot_0.robot_supervisor]: Selected controllable event: EV_search_color
[balanced_delivery_supervisor-22] [INFO] [1789490025.728094296] [robot_2.robot_supervisor]: Selected controllable event: EV_move_forward
[balanced_delivery_supervisor-24] [INFO] [1789490025.736203665] [robot_1.robot_supervisor]: Selected controllable event: EV_search_object
[balanced_delivery_supervisor-20] [INFO] [1789490025.861672745] [robot_0.robot_supervisor]: ############################# VISIBLE: EV_object_visible #############################
[balanced_delivery_supervisor-20] [INFO] [1789490025.885516316] [robot_0.robot_supervisor]: Selected controllable event: EV_search_color
[balanced_delivery_supervisor-22] [INFO] [1789490025.937457133] [robot_2.robot_supervisor]: Selected controllable event: EV_move_forward
[balanced_delivery_supervisor-24] [INFO] [1789490025.939278745] [robot_1.robot_supervisor]: Selected controllable event: EV_search_color
[balanced_delivery_supervisor-20] [INFO] [1789490026.065390483] [robot_0.robot_supervisor]: Selected controllable event: EV_approach_color
[balanced_delivery_supervisor-24] [INFO] [1789490026.128567142] [robot_1.robot_supervisor]: Triggered uncontrollable event: EV_obstacle_left
[balanced_delivery_supervisor-24] [INFO] [1789490026.129324315] [robot_1.robot_supervisor]: ############################# REACHED: EV_object_reached #############################
[balanced_delivery_supervisor-24] [INFO] [1789490026.141724702] [robot_1.robot_supervisor]: Selected controllable event: EV_u_turn
[balanced_delivery_supervisor-24] [INFO] [1789490026.146368549] [robot_1.robot_supervisor]: Starting FULL ROTATE (omega=1.000, have_odom=True, target_rad=3.142, timeout_s=3.500)
[balanced_delivery_supervisor-22] [INFO] [1789490026.224592832] [robot_2.robot_supervisor]: ############################# VISIBLE: EV_object_visible #############################
[balanced_delivery_supervisor-22] [INFO] [1789490026.228841489] [robot_2.robot_supervisor]: Selected controllable event: EV_approach_color
[balanced_delivery_supervisor-20] [INFO] [1789490026.360177395] [robot_0.robot_supervisor]: Selected controllable event: EV_search_color
[balanced_delivery_supervisor-22] [INFO] [1789490026.521352887] [robot_2.robot_supervisor]: Selected controllable event: EV_move_forward
[balanced_delivery_supervisor-20] [INFO] [1789490026.548465921] [robot_0.robot_supervisor]: ############################# VISIBLE: EV_object_visible #############################
[balanced_delivery_supervisor-20] [INFO] [1789490026.549299003] [robot_0.robot_supervisor]: Selected controllable event: EV_approach_color
[balanced_delivery_supervisor-22] [INFO] [1789490026.831208174] [robot_2.robot_supervisor]: ############################# VISIBLE: EV_object_visible #############################
[balanced_delivery_supervisor-22] [INFO] [1789490026.832128031] [robot_2.robot_supervisor]: Selected controllable event: EV_approach_object
[balanced_delivery_supervisor-20] [INFO] [1789490026.845438670] [robot_0.robot_supervisor]: Selected controllable event: EV_approach_object
[balanced_delivery_supervisor-20] [INFO] [1789490027.053335419] [robot_0.robot_supervisor]: Selected controllable event: EV_approach_object
[balanced_delivery_supervisor-22] [INFO] [1789490027.127651872] [robot_2.robot_supervisor]: Selected controllable event: EV_search_color
[balanced_delivery_supervisor-20] [INFO] [1789490027.264409947] [robot_0.robot_supervisor]: ############################# VISIBLE: EV_object_visible #############################
[balanced_delivery_supervisor-20] [INFO] [1789490027.265273641] [robot_0.robot_supervisor]: Selected controllable event: EV_approach_object
[balanced_delivery_supervisor-22] [INFO] [1789490027.318530136] [robot_2.robot_supervisor]: ############################# VISIBLE: EV_object_visible #############################
[balanced_delivery_supervisor-22] [INFO] [1789490027.325700010] [robot_2.robot_supervisor]: Selected controllable event: EV_move_forward
[balanced_delivery_supervisor-22] [INFO] [1789490027.532163293] [robot_2.robot_supervisor]: Selected controllable event: EV_approach_color
[balanced_delivery_supervisor-20] [INFO] [1789490027.558426674] [robot_0.robot_supervisor]: Selected controllable event: EV_search_color
[balanced_delivery_supervisor-20] [INFO] [1789490027.752448515] [robot_0.robot_supervisor]: Selected controllable event: EV_approach_color
[balanced_delivery_supervisor-22] [INFO] [1789490027.819185758] [robot_2.robot_supervisor]: Selected controllable event: EV_approach_color
[balanced_delivery_supervisor-20] [INFO] [1789490027.954575371] [robot_0.robot_supervisor]: Selected controllable event: EV_approach_color
[balanced_delivery_supervisor-22] [INFO] [1789490028.033821925] [robot_2.robot_supervisor]: Selected controllable event: EV_approach_color
[balanced_delivery_supervisor-20] [INFO] [1789490028.247332504] [robot_0.robot_supervisor]: ############################# VISIBLE: EV_object_visible #############################
[balanced_delivery_supervisor-20] [INFO] [1789490028.250532580] [robot_0.robot_supervisor]: Selected controllable event: EV_approach_object
[balanced_delivery_supervisor-22] [INFO] [1789490028.325118051] [robot_2.robot_supervisor]: ############################# VISIBLE: EV_object_visible #############################
[balanced_delivery_supervisor-22] [INFO] [1789490028.325973134] [robot_2.robot_supervisor]: Selected controllable event: EV_approach_object
[balanced_delivery_supervisor-20] [INFO] [1789490028.467032997] [robot_0.robot_supervisor]: Selected controllable event: EV_move_forward
[balanced_delivery_supervisor-22] [INFO] [1789490028.616697607] [robot_2.robot_supervisor]: Selected controllable event: EV_approach_color
[balanced_delivery_supervisor-20] [INFO] [1789490028.750217592] [robot_0.robot_supervisor]: ############################# VISIBLE: EV_object_visible #############################
[balanced_delivery_supervisor-20] [INFO] [1789490028.751071030] [robot_0.robot_supervisor]: Selected controllable event: EV_approach_object
[balanced_delivery_supervisor-22] [INFO] [1789490028.829082340] [robot_2.robot_supervisor]: ############################# VISIBLE: EV_object_visible #############################
[balanced_delivery_supervisor-22] [INFO] [1789490028.836753966] [robot_2.robot_supervisor]: Selected controllable event: EV_search_object
[balanced_delivery_supervisor-22] [INFO] [1789490029.028473480] [robot_2.robot_supervisor]: Selected controllable event: EV_approach_color
[balanced_delivery_supervisor-20] [INFO] [1789490029.064846007] [robot_0.robot_supervisor]: Selected controllable event: EV_move_forward
[balanced_delivery_supervisor-22] [INFO] [1789490029.332191233] [robot_2.robot_supervisor]: Selected controllable event: EV_move_forward
[balanced_delivery_supervisor-20] [INFO] [1789490029.360661158] [robot_0.robot_supervisor]: Selected controllable event: EV_approach_color
[balanced_delivery_supervisor-22] [INFO] [1789490029.622709513] [robot_2.robot_supervisor]: ############################# VISIBLE: EV_object_visible #############################
[balanced_delivery_supervisor-22] [INFO] [1789490029.623654536] [robot_2.robot_supervisor]: Selected controllable event: EV_move_forward
[balanced_delivery_supervisor-20] [INFO] [1789490029.656984002] [robot_0.robot_supervisor]: ############################# VISIBLE: EV_object_visible #############################
[balanced_delivery_supervisor-20] [INFO] [1789490029.662301869] [robot_0.robot_supervisor]: Selected controllable event: EV_approach_color
[balanced_delivery_supervisor-24] [INFO] [1789490029.725488023] [robot_1.robot_supervisor]: FULL ROTATE completed by timeout
[balanced_delivery_supervisor-22] [INFO] [1789490029.825370049] [robot_2.robot_supervisor]: Selected controllable event: EV_search_color
[balanced_delivery_supervisor-24] [INFO] [1789490029.931942390] [robot_1.robot_supervisor]: Triggered uncontrollable event: EV_obstacle_right
[balanced_delivery_supervisor-24] [INFO] [1789490029.932639221] [robot_1.robot_supervisor]: ############################# REACHED: EV_object_reached #############################
[balanced_delivery_supervisor-24] [INFO] [1789490029.933530127] [robot_1.robot_supervisor]: Selected controllable event: EV_rotate_counterclockwise
[balanced_delivery_supervisor-22] [INFO] [1789490029.935505389] [robot_2.robot_supervisor]: Selected controllable event: EV_move_forward
[balanced_delivery_supervisor-24] [WARN] [1789490029.951206288] [robot_1.robot_supervisor]: no translation for 4.2s livelock detected; starting atomic escape (turn_sign=+1)
[balanced_delivery_supervisor-20] [INFO] [1789490029.970668200] [robot_0.robot_supervisor]: Selected controllable event: EV_approach_object
[color_detector-31] [INFO] [1789490030.010318503] [robot_1.target_detector]: RGB HEARTBEAT frames_total=140 recent_rate_hz=1.423 last_frame_age_s=0.566 status=OK
[color_detector-27] [INFO] [1789490030.012045704] [robot_0.target_detector]: RGB HEARTBEAT frames_total=140 recent_rate_hz=1.423 last_frame_age_s=0.603 status=OK
[color_detector-29] [INFO] [1789490030.018216340] [robot_2.target_detector]: RGB HEARTBEAT frames_total=140 recent_rate_hz=1.428 last_frame_age_s=0.577 status=OK
[balanced_delivery_supervisor-22] [INFO] [1789490030.226720072] [robot_2.robot_supervisor]: ############################# VISIBLE: EV_object_visible #############################
[balanced_delivery_supervisor-22] [INFO] [1789490030.234371908] [robot_2.robot_supervisor]: Selected controllable event: EV_search_object
[balanced_delivery_supervisor-20] [INFO] [1789490030.257681258] [robot_0.robot_supervisor]: ############################# REACHED: EV_object_reached #############################
[balanced_delivery_supervisor-20] [INFO] [1789490030.258569817] [robot_0.robot_supervisor]: Selected controllable event: EV_search_object
[balanced_delivery_supervisor-22] [INFO] [1789490030.436205507] [robot_2.robot_supervisor]: Selected controllable event: EV_approach_color
[balanced_delivery_supervisor-20] [INFO] [1789490030.461903444] [robot_0.robot_supervisor]: Selected controllable event: EV_approach_color
[balanced_delivery_supervisor-22] [INFO] [1789490030.738980933] [robot_2.robot_supervisor]: Selected controllable event: EV_search_color
[balanced_delivery_supervisor-20] [INFO] [1789490030.744411419] [robot_0.robot_supervisor]: Selected controllable event: EV_approach_object
[balanced_delivery_supervisor-22] [INFO] [1789490030.944744096] [robot_2.robot_supervisor]: Selected controllable event: EV_approach_color
[balanced_delivery_supervisor-20] [INFO] [1789490030.957816142] [robot_0.robot_supervisor]: Triggered uncontrollable event: EV_obstacle_front
[balanced_delivery_supervisor-20] [INFO] [1789490030.969936508] [robot_0.robot_supervisor]: ############################# REACHED: EV_object_reached #############################
[balanced_delivery_supervisor-20] [INFO] [1789490030.970887983] [robot_0.robot_supervisor]: Selected controllable event: EV_rotate_counterclockwise
[balanced_delivery_supervisor-20] [INFO] [1789490031.169750086] [robot_0.robot_supervisor]: Triggered uncontrollable event: EV_obstacle_front
[balanced_delivery_supervisor-20] [INFO] [1789490031.171897876] [robot_0.robot_supervisor]: Selected controllable event: EV_u_turn
[balanced_delivery_supervisor-20] [INFO] [1789490031.172691357] [robot_0.robot_supervisor]: Starting FULL ROTATE (omega=1.000, have_odom=True, target_rad=3.142, timeout_s=3.500)
[balanced_delivery_supervisor-22] [INFO] [1789490031.232441193] [robot_2.robot_supervisor]: ############################# VISIBLE: EV_object_visible #############################
[balanced_delivery_supervisor-22] [INFO] [1789490031.233304107] [robot_2.robot_supervisor]: Selected controllable event: EV_approach_object
[balanced_delivery_supervisor-22] [INFO] [1789490031.523335496] [robot_2.robot_supervisor]: Selected controllable event: EV_search_object
[balanced_delivery_supervisor-22] [INFO] [1789490031.728568204] [robot_2.robot_supervisor]: ############################# VISIBLE: EV_object_visible #############################
[balanced_delivery_supervisor-22] [INFO] [1789490031.729523670] [robot_2.robot_supervisor]: Selected controllable event: EV_search_object
[balanced_delivery_supervisor-22] [INFO] [1789490031.933888256] [robot_2.robot_supervisor]: Selected controllable event: EV_search_color
[balanced_delivery_supervisor-22] [INFO] [1789490032.119267251] [robot_2.robot_supervisor]: Selected controllable event: EV_approach_color
[balanced_delivery_supervisor-22] [INFO] [1789490032.430104774] [robot_2.robot_supervisor]: ############################# VISIBLE: EV_object_visible #############################
[balanced_delivery_supervisor-22] [INFO] [1789490032.431040586] [robot_2.robot_supervisor]: Selected controllable event: EV_approach_color
[balanced_delivery_supervisor-24] [INFO] [1789490032.535977356] [robot_1.robot_supervisor]: Zone-livelock escape completed
[balanced_delivery_supervisor-22] [INFO] [1789490032.723685381] [robot_2.robot_supervisor]: Selected controllable event: EV_search_object
[balanced_delivery_supervisor-24] [INFO] [1789490032.740717089] [robot_1.robot_supervisor]: ############################# REACHED: EV_object_reached #############################
[balanced_delivery_supervisor-24] [INFO] [1789490032.751571182] [robot_1.robot_supervisor]: Selected controllable event: EV_search_object
[balanced_delivery_supervisor-22] [INFO] [1789490032.829179148] [robot_2.robot_supervisor]: Selected controllable event: EV_approach_color
[balanced_delivery_supervisor-24] [INFO] [1789490032.941918139] [robot_1.robot_supervisor]: Selected controllable event: EV_approach_color
[balanced_delivery_supervisor-22] [INFO] [1789490033.119555517] [robot_2.robot_supervisor]: Selected controllable event: EV_search_color
[balanced_delivery_supervisor-24] [INFO] [1789490033.148494704] [robot_1.robot_supervisor]: Selected controllable event: EV_search_object
[balanced_delivery_supervisor-22] [INFO] [1789490033.317680440] [robot_2.robot_supervisor]: Triggered uncontrollable event: EV_obstacle_right
[balanced_delivery_supervisor-22] [INFO] [1789490033.318373198] [robot_2.robot_supervisor]: ############################# VISIBLE: EV_object_visible #############################
[balanced_delivery_supervisor-22] [INFO] [1789490033.319225887] [robot_2.robot_supervisor]: Selected controllable event: EV_rotate_counterclockwise
[balanced_delivery_supervisor-24] [INFO] [1789490033.334433048] [robot_1.robot_supervisor]: ############################# REACHED: EV_object_reached #############################
[balanced_delivery_supervisor-24] [INFO] [1789490033.340849666] [robot_1.robot_supervisor]: Selected controllable event: EV_search_color
[balanced_delivery_supervisor-22] [INFO] [1789490033.517846884] [robot_2.robot_supervisor]: Triggered uncontrollable event: EV_obstacle_right
[balanced_delivery_supervisor-22] [INFO] [1789490033.525837552] [robot_2.robot_supervisor]: Selected controllable event: EV_u_turn
[balanced_delivery_supervisor-22] [INFO] [1789490033.526619067] [robot_2.robot_supervisor]: Starting FULL ROTATE (omega=1.000, have_odom=True, target_rad=3.142, timeout_s=3.500)
[balanced_delivery_supervisor-24] [INFO] [1789490033.529473068] [robot_1.robot_supervisor]: Selected controllable event: EV_approach_object
[balanced_delivery_supervisor-24] [INFO] [1789490033.735641212] [robot_1.robot_supervisor]: Selected controllable event: EV_search_color
[balanced_delivery_supervisor-24] [INFO] [1789490033.928614870] [robot_1.robot_supervisor]: Selected controllable event: EV_search_object
[balanced_delivery_supervisor-24] [INFO] [1789490034.124282894] [robot_1.robot_supervisor]: ############################# VISIBLE: EV_object_visible #############################
[balanced_delivery_supervisor-24] [INFO] [1789490034.128380222] [robot_1.robot_supervisor]: Selected controllable event: EV_approach_object
[balanced_delivery_supervisor-24] [INFO] [1789490034.427227734] [robot_1.robot_supervisor]: Selected controllable event: EV_approach_object
[balanced_delivery_supervisor-24] [INFO] [1789490034.732686530] [robot_1.robot_supervisor]: Selected controllable event: EV_search_color
[balanced_delivery_supervisor-20] [INFO] [1789490034.753398788] [robot_0.robot_supervisor]: FULL ROTATE completed by timeout
[balanced_delivery_supervisor-24] [INFO] [1789490034.927428915] [robot_1.robot_supervisor]: ############################# VISIBLE: EV_object_visible #############################
[balanced_delivery_supervisor-24] [INFO] [1789490034.931304687] [robot_1.robot_supervisor]: Selected controllable event: EV_approach_color
[balanced_delivery_supervisor-20] [INFO] [1789490035.058762010] [robot_0.robot_supervisor]: ############################# REACHED: EV_object_reached #############################
[balanced_delivery_supervisor-20] [INFO] [1789490035.059671090] [robot_0.robot_supervisor]: Selected controllable event: EV_approach_color
[balanced_delivery_supervisor-24] [INFO] [1789490035.224247804] [robot_1.robot_supervisor]: Selected controllable event: EV_approach_object
[balanced_delivery_supervisor-20] [INFO] [1789490035.352068187] [robot_0.robot_supervisor]: ############################# REACHED: EV_object_reached #############################
[balanced_delivery_supervisor-20] [INFO] [1789490035.365259514] [robot_0.robot_supervisor]: Selected controllable event: EV_search_color
[balanced_delivery_supervisor-24] [INFO] [1789490035.539902630] [robot_1.robot_supervisor]: ############################# VISIBLE: EV_object_visible #############################
[balanced_delivery_supervisor-20] [INFO] [1789490035.553219641] [robot_0.robot_supervisor]: Selected controllable event: EV_approach_color
[balanced_delivery_supervisor-24] [INFO] [1789490035.563208137] [robot_1.robot_supervisor]: Selected controllable event: EV_search_color
[balanced_delivery_supervisor-24] [INFO] [1789490035.735272940] [robot_1.robot_supervisor]: Selected controllable event: EV_approach_color
[balanced_delivery_supervisor-20] [INFO] [1789490035.760165216] [robot_0.robot_supervisor]: Selected controllable event: EV_approach_object
[balanced_delivery_supervisor-24] [INFO] [1789490035.941495871] [robot_1.robot_supervisor]: Selected controllable event: EV_search_object
[balanced_delivery_supervisor-20] [INFO] [1789490035.969384083] [robot_0.robot_supervisor]: ############################# REACHED: EV_object_reached #############################
[balanced_delivery_supervisor-20] [INFO] [1789490035.970313979] [robot_0.robot_supervisor]: Selected controllable event: EV_search_object
[balanced_delivery_supervisor-24] [INFO] [1789490036.045267024] [robot_1.robot_supervisor]: Selected controllable event: EV_approach_object
[balanced_delivery_supervisor-20] [INFO] [1789490036.144664406] [robot_0.robot_supervisor]: Selected controllable event: EV_move_forward
[balanced_delivery_supervisor-24] [INFO] [1789490036.324996901] [robot_1.robot_supervisor]: ############################# VISIBLE: EV_object_visible #############################
[balanced_delivery_supervisor-24] [INFO] [1789490036.325870665] [robot_1.robot_supervisor]: Selected controllable event: EV_approach_color
[balanced_delivery_supervisor-20] [INFO] [1789490036.467401549] [robot_0.robot_supervisor]: Selected controllable event: EV_approach_object
[balanced_delivery_supervisor-24] [INFO] [1789490036.535163604] [robot_1.robot_supervisor]: Selected controllable event: EV_move_forward
[balanced_delivery_supervisor-20] [INFO] [1789490036.765064177] [robot_0.robot_supervisor]: ############################# REACHED: EV_object_reached #############################
[balanced_delivery_supervisor-20] [INFO] [1789490036.765977055] [robot_0.robot_supervisor]: Selected controllable event: EV_search_object
[balanced_delivery_supervisor-24] [INFO] [1789490036.842437913] [robot_1.robot_supervisor]: Selected controllable event: EV_move_forward
[balanced_delivery_supervisor-20] [INFO] [1789490036.961964440] [robot_0.robot_supervisor]: Selected controllable event: EV_approach_object
[balanced_delivery_supervisor-22] [INFO] [1789490037.128395235] [robot_2.robot_supervisor]: FULL ROTATE completed by timeout
[balanced_delivery_supervisor-24] [INFO] [1789490037.133038716] [robot_1.robot_supervisor]: Triggered uncontrollable event: EV_obstacle_left
[balanced_delivery_supervisor-24] [INFO] [1789490037.133645475] [robot_1.robot_supervisor]: ############################# VISIBLE: EV_object_visible #############################
[balanced_delivery_supervisor-24] [INFO] [1789490037.134482643] [robot_1.robot_supervisor]: Selected controllable event: EV_rotate_clockwise
[balanced_delivery_supervisor-20] [INFO] [1789490037.260055138] [robot_0.robot_supervisor]: Selected controllable event: EV_approach_color
[balanced_delivery_supervisor-24] [INFO] [1789490037.323358692] [robot_1.robot_supervisor]: Triggered uncontrollable event: EV_obstacle_left
[balanced_delivery_supervisor-24] [INFO] [1789490037.324232132] [robot_1.robot_supervisor]: Selected controllable event: EV_u_turn
[balanced_delivery_supervisor-24] [INFO] [1789490037.342366074] [robot_1.robot_supervisor]: Starting FULL ROTATE (omega=1.000, have_odom=True, target_rad=3.142, timeout_s=3.500)
[color_detector-29] [INFO] [1789490037.393649969] [robot_2.target_detector]: RGB HEARTBEAT frames_total=150 recent_rate_hz=1.350 last_frame_age_s=0.605 status=OK
[color_detector-27] [INFO] [1789490037.406460372] [robot_0.target_detector]: RGB HEARTBEAT frames_total=150 recent_rate_hz=1.350 last_frame_age_s=0.724 status=OK
[color_detector-31] [INFO] [1789490037.418303211] [robot_1.target_detector]: RGB HEARTBEAT frames_total=150 recent_rate_hz=1.350 last_frame_age_s=0.574 status=OK
[balanced_delivery_supervisor-22] [INFO] [1789490037.423273048] [robot_2.robot_supervisor]: ############################# VISIBLE: EV_object_visible #############################
[balanced_delivery_supervisor-22] [INFO] [1789490037.424184651] [robot_2.robot_supervisor]: Selected controllable event: EV_move_forward
[balanced_delivery_supervisor-20] [INFO] [1789490037.551230223] [robot_0.robot_supervisor]: Selected controllable event: EV_search_color
[balanced_delivery_supervisor-20] [INFO] [1789490037.673161768] [robot_0.robot_supervisor]: ############################# REACHED: EV_object_reached #############################
[balanced_delivery_supervisor-20] [INFO] [1789490037.674161921] [robot_0.robot_supervisor]: Selected controllable event: EV_move_forward
[balanced_delivery_supervisor-22] [INFO] [1789490037.735810499] [robot_2.robot_supervisor]: ############################# VISIBLE: EV_object_visible #############################
[balanced_delivery_supervisor-22] [INFO] [1789490037.748416321] [robot_2.robot_supervisor]: Selected controllable event: EV_search_object
[balanced_delivery_supervisor-22] [INFO] [1789490037.934698001] [robot_2.robot_supervisor]: Selected controllable event: EV_move_forward
[balanced_delivery_supervisor-20] [INFO] [1789490037.945784289] [robot_0.robot_supervisor]: Selected controllable event: EV_move_forward
[balanced_delivery_supervisor-20] [INFO] [1789490038.176823984] [robot_0.robot_supervisor]: Selected controllable event: EV_approach_color
[balanced_delivery_supervisor-22] [INFO] [1789490038.233221245] [robot_2.robot_supervisor]: Selected controllable event: EV_move_forward
[balanced_delivery_supervisor-20] [INFO] [1789490038.457582840] [robot_0.robot_supervisor]: Triggered uncontrollable event: EV_object_not_visible
[balanced_delivery_supervisor-20] [INFO] [1789490038.474276211] [robot_0.robot_supervisor]: Selected controllable event: EV_search_object
[balanced_delivery_supervisor-22] [INFO] [1789490038.523415596] [robot_2.robot_supervisor]: ############################# VISIBLE: EV_object_visible #############################
[balanced_delivery_supervisor-22] [INFO] [1789490038.538795659] [robot_2.robot_supervisor]: Selected controllable event: EV_search_object
[balanced_delivery_supervisor-20] [INFO] [1789490038.651528856] [robot_0.robot_supervisor]: Selected controllable event: EV_search_color
[balanced_delivery_supervisor-22] [INFO] [1789490038.719147011] [robot_2.robot_supervisor]: Selected controllable event: EV_approach_object
[balanced_delivery_supervisor-20] [INFO] [1789490038.760814509] [robot_0.robot_supervisor]: Selected controllable event: EV_search_object
[balanced_delivery_supervisor-20] [INFO] [1789490038.873124562] [robot_0.robot_supervisor]: Selected controllable event: EV_search_color
[balanced_delivery_supervisor-22] [INFO] [1789490038.941056361] [robot_2.robot_supervisor]: ############################# VISIBLE: EV_object_visible #############################
[balanced_delivery_supervisor-22] [INFO] [1789490038.941928748] [robot_2.robot_supervisor]: Selected controllable event: EV_move_forward
[balanced_delivery_supervisor-20] [INFO] [1789490039.058078714] [robot_0.robot_supervisor]: Triggered uncontrollable event: EV_object_not_visible
[balanced_delivery_supervisor-20] [INFO] [1789490039.073144744] [robot_0.robot_supervisor]: Selected controllable event: EV_search_color
[balanced_delivery_supervisor-22] [INFO] [1789490039.219504095] [robot_2.robot_supervisor]: Selected controllable event: EV_search_object
[balanced_delivery_supervisor-20] [INFO] [1789490039.267560799] [robot_0.robot_supervisor]: Selected controllable event: EV_search_object
[balanced_delivery_supervisor-22] [INFO] [1789490039.326291569] [robot_2.robot_supervisor]: Selected controllable event: EV_move_forward
[balanced_delivery_supervisor-20] [INFO] [1789490039.456333711] [robot_0.robot_supervisor]: Selected controllable event: EV_search_color
[balanced_delivery_supervisor-22] [INFO] [1789490039.618621047] [robot_2.robot_supervisor]: Selected controllable event: EV_search_object
[balanced_delivery_supervisor-20] [INFO] [1789490039.650885823] [robot_0.robot_supervisor]: Triggered uncontrollable event: EV_object_not_visible
[balanced_delivery_supervisor-20] [INFO] [1789490039.651662536] [robot_0.robot_supervisor]: Selected controllable event: EV_search_color
[balanced_delivery_supervisor-22] [INFO] [1789490039.727602576] [robot_2.robot_supervisor]: ############################# VISIBLE: EV_object_visible #############################
[balanced_delivery_supervisor-22] [INFO] [1789490039.735335183] [robot_2.robot_supervisor]: Selected controllable event: EV_approach_color
[balanced_delivery_supervisor-20] [INFO] [1789490039.761488884] [robot_0.robot_supervisor]: Selected controllable event: EV_approach_color
[balanced_delivery_supervisor-22] [INFO] [1789490040.018529391] [robot_2.robot_supervisor]: Selected controllable event: EV_move_forward
[balanced_delivery_supervisor-20] [INFO] [1789490040.045201898] [robot_0.robot_supervisor]: Selected controllable event: EV_move_forward
[balanced_delivery_supervisor-20] [INFO] [1789490040.268463753] [robot_0.robot_supervisor]: Selected controllable event: EV_approach_object
[balanced_delivery_supervisor-22] [INFO] [1789490040.318065575] [robot_2.robot_supervisor]: Selected controllable event: EV_move_forward
[balanced_delivery_supervisor-20] [INFO] [1789490040.545415046] [robot_0.robot_supervisor]: Triggered uncontrollable event: EV_object_not_visible
[balanced_delivery_supervisor-20] [INFO] [1789490040.546258553] [robot_0.robot_supervisor]: Selected controllable event: EV_search_color
[balanced_delivery_supervisor-22] [INFO] [1789490040.623937419] [robot_2.robot_supervisor]: ############################# VISIBLE: EV_object_visible #############################
[balanced_delivery_supervisor-22] [INFO] [1789490040.632383645] [robot_2.robot_supervisor]: Selected controllable event: EV_search_object
[balanced_delivery_supervisor-20] [INFO] [1789490040.680613849] [robot_0.robot_supervisor]: Selected controllable event: EV_search_color
[balanced_delivery_supervisor-22] [INFO] [1789490040.823734206] [robot_2.robot_supervisor]: Selected controllable event: EV_search_object
[balanced_delivery_supervisor-24] [INFO] [1789490040.840336757] [robot_1.robot_supervisor]: FULL ROTATE completed by timeout
[balanced_delivery_supervisor-20] [INFO] [1789490040.862930773] [robot_0.robot_supervisor]: Selected controllable event: EV_approach_color
[balanced_delivery_supervisor-22] [INFO] [1789490040.934408910] [robot_2.robot_supervisor]: Selected controllable event: EV_search_object
[balanced_delivery_supervisor-24] [INFO] [1789490041.120760484] [robot_1.robot_supervisor]: ############################# REACHED: EV_object_reached #############################
[balanced_delivery_supervisor-24] [INFO] [1789490041.121557701] [robot_1.robot_supervisor]: Selected controllable event: EV_approach_object
[balanced_delivery_supervisor-22] [INFO] [1789490041.125128848] [robot_2.robot_supervisor]: ############################# VISIBLE: EV_object_visible #############################
[balanced_delivery_supervisor-22] [INFO] [1789490041.127086704] [robot_2.robot_supervisor]: Selected controllable event: EV_search_color
[balanced_delivery_supervisor-20] [INFO] [1789490041.149325345] [robot_0.robot_supervisor]: Triggered uncontrollable event: EV_object_not_visible
[balanced_delivery_supervisor-20] [INFO] [1789490041.150202140] [robot_0.robot_supervisor]: Selected controllable event: EV_move_forward
[balanced_delivery_supervisor-22] [INFO] [1789490041.336099141] [robot_2.robot_supervisor]: Selected controllable event: EV_move_forward
[balanced_delivery_supervisor-24] [INFO] [1789490041.348770117] [robot_1.robot_supervisor]: ############################# REACHED: EV_object_reached #############################
[balanced_delivery_supervisor-24] [INFO] [1789490041.349677299] [robot_1.robot_supervisor]: Selected controllable event: EV_approach_color
[balanced_delivery_supervisor-20] [INFO] [1789490041.461606812] [robot_0.robot_supervisor]: Selected controllable event: EV_search_color
[balanced_delivery_supervisor-22] [INFO] [1789490041.617670092] [robot_2.robot_supervisor]: Selected controllable event: EV_search_color
[balanced_delivery_supervisor-24] [INFO] [1789490041.635817541] [robot_1.robot_supervisor]: Selected controllable event: EV_search_object
[balanced_delivery_supervisor-20] [INFO] [1789490041.660330364] [robot_0.robot_supervisor]: Selected controllable event: EV_move_forward
[balanced_delivery_supervisor-22] [INFO] [1789490041.730403763] [robot_2.robot_supervisor]: Selected controllable event: EV_search_color
[balanced_delivery_supervisor-24] [INFO] [1789490041.835937154] [robot_1.robot_supervisor]: Selected controllable event: EV_move_forward
[balanced_delivery_supervisor-22] [INFO] [1789490041.922774136] [robot_2.robot_supervisor]: ############################# VISIBLE: EV_object_visible #############################
[balanced_delivery_supervisor-22] [INFO] [1789490041.930866111] [robot_2.robot_supervisor]: Selected controllable event: EV_approach_object
[balanced_delivery_supervisor-20] [INFO] [1789490041.963382234] [robot_0.robot_supervisor]: Triggered uncontrollable event: EV_object_not_visible
[balanced_delivery_supervisor-20] [INFO] [1789490041.974352041] [robot_0.robot_supervisor]: Selected controllable event: EV_move_forward
[balanced_delivery_supervisor-24] [INFO] [1789490042.146216097] [robot_1.robot_supervisor]: ############################# REACHED: EV_object_reached #############################
[balanced_delivery_supervisor-24] [INFO] [1789490042.147073901] [robot_1.robot_supervisor]: Selected controllable event: EV_search_color
[balanced_delivery_supervisor-22] [INFO] [1789490042.227740402] [robot_2.robot_supervisor]: Selected controllable event: EV_search_object
[balanced_delivery_supervisor-20] [INFO] [1789490042.269354393] [robot_0.robot_supervisor]: Selected controllable event: EV_approach_object
[balanced_delivery_supervisor-24] [INFO] [1789490042.328888124] [robot_1.robot_supervisor]: Selected controllable event: EV_search_object
[balanced_delivery_supervisor-22] [INFO] [1789490042.422691422] [robot_2.robot_supervisor]: ############################# VISIBLE: EV_object_visible #############################
[balanced_delivery_supervisor-22] [INFO] [1789490042.423564769] [robot_2.robot_supervisor]: Selected controllable event: EV_search_object
[balanced_delivery_supervisor-24] [INFO] [1789490042.529183960] [robot_1.robot_supervisor]: Selected controllable event: EV_approach_color
[balanced_delivery_supervisor-20] [INFO] [1789490042.562274820] [robot_0.robot_supervisor]: Triggered uncontrollable event: EV_object_not_visible
[balanced_delivery_supervisor-20] [INFO] [1789490042.567948703] [robot_0.robot_supervisor]: Selected controllable event: EV_search_color
[balanced_delivery_supervisor-22] [INFO] [1789490042.640632308] [robot_2.robot_supervisor]: Selected controllable event: EV_search_object
[balanced_delivery_supervisor-20] [INFO] [1789490042.743296335] [robot_0.robot_supervisor]: Selected controllable event: EV_approach_color
[balanced_delivery_supervisor-24] [INFO] [1789490042.753662245] [robot_1.robot_supervisor]: ############################# REACHED: EV_object_reached #############################
[balanced_delivery_supervisor-24] [INFO] [1789490042.759099154] [robot_1.robot_supervisor]: Selected controllable event: EV_approach_object
[balanced_delivery_supervisor-22] [INFO] [1789490042.819199201] [robot_2.robot_supervisor]: Selected controllable event: EV_search_color
[balanced_delivery_supervisor-22] [INFO] [1789490042.929303030] [robot_2.robot_supervisor]: Selected controllable event: EV_approach_color
[balanced_delivery_supervisor-24] [INFO] [1789490043.028046173] [robot_1.robot_supervisor]: Selected controllable event: EV_search_object
[balanced_delivery_supervisor-20] [INFO] [1789490043.043127078] [robot_0.robot_supervisor]: Triggered uncontrollable event: EV_object_not_visible
[balanced_delivery_supervisor-20] [INFO] [1789490043.043968700] [robot_0.robot_supervisor]: Selected controllable event: EV_approach_color
[balanced_delivery_supervisor-24] [INFO] [1789490043.131286643] [robot_1.robot_supervisor]: ############################# REACHED: EV_object_reached #############################
[balanced_delivery_supervisor-24] [INFO] [1789490043.132053227] [robot_1.robot_supervisor]: Selected controllable event: EV_search_color
[balanced_delivery_supervisor-22] [INFO] [1789490043.225679297] [robot_2.robot_supervisor]: ############################# VISIBLE: EV_object_visible #############################
[balanced_delivery_supervisor-22] [INFO] [1789490043.226600652] [robot_2.robot_supervisor]: Selected controllable event: EV_search_object
[balanced_delivery_supervisor-20] [INFO] [1789490043.265500619] [robot_0.robot_supervisor]: Selected controllable event: EV_move_forward
[balanced_delivery_supervisor-24] [INFO] [1789490043.326318426] [robot_1.robot_supervisor]: Selected controllable event: EV_search_color
[balanced_delivery_supervisor-22] [INFO] [1789490043.418629091] [robot_2.robot_supervisor]: Selected controllable event: EV_search_object
[balanced_delivery_supervisor-24] [INFO] [1789490043.431294387] [robot_1.robot_supervisor]: Selected controllable event: EV_approach_color
[balanced_delivery_supervisor-22] [INFO] [1789490043.532113909] [robot_2.robot_supervisor]: Selected controllable event: EV_approach_color
[balanced_delivery_supervisor-20] [INFO] [1789490043.554608345] [robot_0.robot_supervisor]: Selected controllable event: EV_move_forward
[balanced_delivery_supervisor-24] [INFO] [1789490043.735939612] [robot_1.robot_supervisor]: Selected controllable event: EV_approach_color
[balanced_delivery_supervisor-22] [INFO] [1789490043.827753127] [robot_2.robot_supervisor]: ############################# VISIBLE: EV_object_visible #############################
[balanced_delivery_supervisor-22] [INFO] [1789490043.828582762] [robot_2.robot_supervisor]: Selected controllable event: EV_approach_color
[balanced_delivery_supervisor-20] [INFO] [1789490043.858927727] [robot_0.robot_supervisor]: Triggered uncontrollable event: EV_object_not_visible
[balanced_delivery_supervisor-20] [INFO] [1789490043.859823037] [robot_0.robot_supervisor]: Selected controllable event: EV_search_color
[balanced_delivery_supervisor-24] [INFO] [1789490044.021021170] [robot_1.robot_supervisor]: Triggered uncontrollable event: EV_obstacle_left
[balanced_delivery_supervisor-24] [INFO] [1789490044.021694419] [robot_1.robot_supervisor]: ############################# REACHED: EV_object_reached #############################
[balanced_delivery_supervisor-24] [INFO] [1789490044.022465564] [robot_1.robot_supervisor]: Selected controllable event: EV_rotate_clockwise
[balanced_delivery_supervisor-20] [INFO] [1789490044.051518492] [robot_0.robot_supervisor]: Selected controllable event: EV_search_object
[balanced_delivery_supervisor-22] [INFO] [1789490044.124101907] [robot_2.robot_supervisor]: Selected controllable event: EV_search_object
[balanced_delivery_supervisor-24] [INFO] [1789490044.130419860] [robot_1.robot_supervisor]: Triggered uncontrollable event: EV_obstacle_left
[balanced_delivery_supervisor-24] [INFO] [1789490044.133917630] [robot_1.robot_supervisor]: Selected controllable event: EV_rotate_clockwise
[balanced_delivery_supervisor-20] [INFO] [1789490044.171684562] [robot_0.robot_supervisor]: Selected controllable event: EV_move_forward
[balanced_delivery_supervisor-22] [INFO] [1789490044.227098151] [robot_2.robot_supervisor]: Selected controllable event: EV_search_object
[color_detector-27] [INFO] [1789490044.265789437] [robot_0.target_detector]: RGB HEARTBEAT frames_total=160 recent_rate_hz=1.458 last_frame_age_s=0.688 status=OK
[color_detector-31] [INFO] [1789490044.276864821] [robot_1.target_detector]: RGB HEARTBEAT frames_total=160 recent_rate_hz=1.458 last_frame_age_s=0.550 status=OK
[color_detector-29] [INFO] [1789490044.280901031] [robot_2.target_detector]: RGB HEARTBEAT frames_total=160 recent_rate_hz=1.458 last_frame_age_s=0.612 status=OK
[balanced_delivery_supervisor-24] [INFO] [1789490044.338145228] [robot_1.robot_supervisor]: Triggered uncontrollable event: EV_obstacle_left
[balanced_delivery_supervisor-22] [INFO] [1789490044.339569773] [robot_2.robot_supervisor]: Selected controllable event: EV_approach_color
[balanced_delivery_supervisor-24] [INFO] [1789490044.358933151] [robot_1.robot_supervisor]: Selected controllable event: EV_rotate_clockwise
[balanced_delivery_supervisor-20] [INFO] [1789490044.448843048] [robot_0.robot_supervisor]: Triggered uncontrollable event: EV_object_not_visible
[balanced_delivery_supervisor-20] [INFO] [1789490044.465691176] [robot_0.robot_supervisor]: Selected controllable event: EV_approach_color
[balanced_delivery_supervisor-24] [INFO] [1789490044.524470289] [robot_1.robot_supervisor]: Triggered uncontrollable event: EV_obstacle_left
[balanced_delivery_supervisor-24] [INFO] [1789490044.525388431] [robot_1.robot_supervisor]: Selected controllable event: EV_u_turn
[balanced_delivery_supervisor-24] [INFO] [1789490044.537773559] [robot_1.robot_supervisor]: Starting FULL ROTATE (omega=1.000, have_odom=True, target_rad=3.142, timeout_s=3.500)
[balanced_delivery_supervisor-22] [INFO] [1789490044.627600209] [robot_2.robot_supervisor]: ############################# VISIBLE: EV_object_visible #############################
[balanced_delivery_supervisor-22] [INFO] [1789490044.628452860] [robot_2.robot_supervisor]: Selected controllable event: EV_approach_color
[balanced_delivery_supervisor-20] [INFO] [1789490044.745532924] [robot_0.robot_supervisor]: Selected controllable event: EV_search_color
[balanced_delivery_supervisor-20] [INFO] [1789490044.848839949] [robot_0.robot_supervisor]: Selected controllable event: EV_move_forward
[balanced_delivery_supervisor-22] [INFO] [1789490044.918859411] [robot_2.robot_supervisor]: Selected controllable event: EV_search_object
[balanced_delivery_supervisor-22] [INFO] [1789490045.035323618] [robot_2.robot_supervisor]: Selected controllable event: EV_approach_color
[balanced_delivery_supervisor-20] [INFO] [1789490045.067881337] [robot_0.robot_supervisor]: Selected controllable event: EV_search_object
[balanced_delivery_supervisor-20] [INFO] [1789490045.260473402] [robot_0.robot_supervisor]: Triggered uncontrollable event: EV_object_not_visible
[balanced_delivery_supervisor-20] [INFO] [1789490045.261257193] [robot_0.robot_supervisor]: Selected controllable event: EV_approach_object
[balanced_delivery_supervisor-22] [INFO] [1789490045.335617458] [robot_2.robot_supervisor]: ############################# VISIBLE: EV_object_visible #############################
[balanced_delivery_supervisor-22] [INFO] [1789490045.338107782] [robot_2.robot_supervisor]: Selected controllable event: EV_move_forward
[balanced_delivery_supervisor-20] [INFO] [1789490045.545031018] [robot_0.robot_supervisor]: Selected controllable event: EV_move_forward
[balanced_delivery_supervisor-22] [INFO] [1789490045.621970667] [robot_2.robot_supervisor]: Selected controllable event: EV_search_object
[balanced_delivery_supervisor-20] [INFO] [1789490045.752691085] [robot_0.robot_supervisor]: Triggered uncontrollable event: EV_object_not_visible
[balanced_delivery_supervisor-20] [INFO] [1789490045.777370499] [robot_0.robot_supervisor]: Selected controllable event: EV_approach_color
[balanced_delivery_supervisor-22] [INFO] [1789490045.836607301] [robot_2.robot_supervisor]: ############################# VISIBLE: EV_object_visible #############################
[balanced_delivery_supervisor-22] [INFO] [1789490045.843598121] [robot_2.robot_supervisor]: Selected controllable event: EV_search_color
[balanced_delivery_supervisor-22] [INFO] [1789490046.023422071] [robot_2.robot_supervisor]: Selected controllable event: EV_search_object
[balanced_delivery_supervisor-20] [INFO] [1789490046.049253437] [robot_0.robot_supervisor]: Selected controllable event: EV_approach_object
[balanced_delivery_supervisor-22] [INFO] [1789490046.228154131] [robot_2.robot_supervisor]: Selected controllable event: EV_move_forward
[balanced_delivery_supervisor-20] [INFO] [1789490046.358537233] [robot_0.robot_supervisor]: Selected controllable event: EV_search_color
[balanced_delivery_supervisor-22] [INFO] [1789490046.443246845] [robot_2.robot_supervisor]: Selected controllable event: EV_search_object
[balanced_delivery_supervisor-20] [INFO] [1789490046.556711923] [robot_0.robot_supervisor]: Triggered uncontrollable event: EV_object_not_visible
[balanced_delivery_supervisor-20] [INFO] [1789490046.559724871] [robot_0.robot_supervisor]: Selected controllable event: EV_approach_object
[balanced_delivery_supervisor-22] [INFO] [1789490046.621105961] [robot_2.robot_supervisor]: ############################# VISIBLE: EV_object_visible #############################
[balanced_delivery_supervisor-22] [INFO] [1789490046.621866299] [robot_2.robot_supervisor]: Selected controllable event: EV_move_forward
[balanced_delivery_supervisor-22] [INFO] [1789490046.830862466] [robot_2.robot_supervisor]: Selected controllable event: EV_approach_object
[balanced_delivery_supervisor-20] [INFO] [1789490046.867055598] [robot_0.robot_supervisor]: Selected controllable event: EV_approach_color
[balanced_delivery_supervisor-22] [INFO] [1789490047.119490142] [robot_2.robot_supervisor]: Selected controllable event: EV_move_forward
[balanced_delivery_supervisor-20] [INFO] [1789490047.155774288] [robot_0.robot_supervisor]: Triggered uncontrollable event: EV_obstacle_right
[balanced_delivery_supervisor-20] [INFO] [1789490047.156453353] [robot_0.robot_supervisor]: Triggered uncontrollable event: EV_object_not_visible
[balanced_delivery_supervisor-20] [INFO] [1789490047.178128583] [robot_0.robot_supervisor]: Selected controllable event: EV_u_turn
[balanced_delivery_supervisor-20] [INFO] [1789490047.178910814] [robot_0.robot_supervisor]: Starting FULL ROTATE (omega=1.000, have_odom=True, target_rad=3.142, timeout_s=3.500)
[balanced_delivery_supervisor-22] [INFO] [1789490047.325086289] [robot_2.robot_supervisor]: ############################# VISIBLE: EV_object_visible #############################
[balanced_delivery_supervisor-22] [INFO] [1789490047.329182113] [robot_2.robot_supervisor]: Selected controllable event: EV_search_color
[balanced_delivery_supervisor-22] [INFO] [1789490047.531131192] [robot_2.robot_supervisor]: Selected controllable event: EV_move_forward
[balanced_delivery_supervisor-22] [INFO] [1789490047.857808634] [robot_2.robot_supervisor]: Selected controllable event: EV_move_forward
[balanced_delivery_supervisor-24] [INFO] [1789490048.047185769] [robot_1.robot_supervisor]: FULL ROTATE completed by timeout
[balanced_delivery_supervisor-22] [INFO] [1789490048.129481837] [robot_2.robot_supervisor]: ############################# VISIBLE: EV_object_visible #############################
[balanced_delivery_supervisor-22] [INFO] [1789490048.133221710] [robot_2.robot_supervisor]: Selected controllable event: EV_search_color
[balanced_delivery_supervisor-22] [INFO] [1789490048.238628162] [robot_2.robot_supervisor]: Selected controllable event: EV_approach_object
[balanced_delivery_supervisor-24] [INFO] [1789490048.352737468] [robot_1.robot_supervisor]: ############################# REACHED: EV_object_reached #############################
[balanced_delivery_supervisor-24] [INFO] [1789490048.366009917] [robot_1.robot_supervisor]: Selected controllable event: EV_search_color
[balanced_delivery_supervisor-22] [INFO] [1789490048.538038120] [robot_2.robot_supervisor]: Selected controllable event: EV_approach_color
[balanced_delivery_supervisor-24] [INFO] [1789490048.540867478] [robot_1.robot_supervisor]: Selected controllable event: EV_search_color
[balanced_delivery_supervisor-24] [INFO] [1789490048.730460632] [robot_1.robot_supervisor]: ############################# REACHED: EV_object_reached #############################
[balanced_delivery_supervisor-24] [INFO] [1789490048.736307178] [robot_1.robot_supervisor]: Selected controllable event: EV_search_object
[balanced_delivery_supervisor-22] [INFO] [1789490048.817965486] [robot_2.robot_supervisor]: ############################# VISIBLE: EV_object_visible #############################
[balanced_delivery_supervisor-22] [INFO] [1789490048.818757131] [robot_2.robot_supervisor]: Selected controllable event: EV_search_color
[balanced_delivery_supervisor-24] [INFO] [1789490048.930419745] [robot_1.robot_supervisor]: Selected controllable event: EV_move_forward
[balanced_delivery_supervisor-22] [INFO] [1789490049.022096842] [robot_2.robot_supervisor]: Selected controllable event: EV_search_object
[balanced_delivery_supervisor-24] [INFO] [1789490049.132467489] [robot_1.robot_supervisor]: Selected controllable event: EV_search_color
[balanced_delivery_supervisor-22] [INFO] [1789490049.218339373] [robot_2.robot_supervisor]: Selected controllable event: EV_approach_color
[balanced_delivery_supervisor-24] [INFO] [1789490049.322689296] [robot_1.robot_supervisor]: ############################# REACHED: EV_object_reached #############################
[balanced_delivery_supervisor-24] [INFO] [1789490049.323565567] [robot_1.robot_supervisor]: Selected controllable event: EV_approach_color
[balanced_delivery_supervisor-22] [INFO] [1789490049.424587546] [robot_2.robot_supervisor]: Triggered uncontrollable event: EV_object_not_visible
[balanced_delivery_supervisor-22] [INFO] [1789490049.436660780] [robot_2.robot_supervisor]: Selected controllable event: EV_approach_object
[balanced_delivery_supervisor-24] [INFO] [1789490049.621771739] [robot_1.robot_supervisor]: Selected controllable event: EV_move_forward
[balanced_delivery_supervisor-22] [INFO] [1789490049.721891426] [robot_2.robot_supervisor]: Selected controllable event: EV_move_forward
[balanced_delivery_supervisor-24] [INFO] [1789490049.838595446] [robot_1.robot_supervisor]: Selected controllable event: EV_search_color
[balanced_delivery_supervisor-22] [INFO] [1789490049.935037978] [robot_2.robot_supervisor]: Selected controllable event: EV_search_object
[balanced_delivery_supervisor-24] [INFO] [1789490050.022033988] [robot_1.robot_supervisor]: Triggered uncontrollable event: EV_obstacle_right
[balanced_delivery_supervisor-24] [INFO] [1789490050.027041933] [robot_1.robot_supervisor]: ############################# REACHED: EV_object_reached #############################
[balanced_delivery_supervisor-24] [INFO] [1789490050.035435343] [robot_1.robot_supervisor]: Selected controllable event: EV_u_turn
[balanced_delivery_supervisor-22] [INFO] [1789490050.127738651] [robot_2.robot_supervisor]: Triggered uncontrollable event: EV_object_not_visible
[balanced_delivery_supervisor-22] [INFO] [1789490050.133270066] [robot_2.robot_supervisor]: Selected controllable event: EV_search_object
[balanced_delivery_supervisor-24] [INFO] [1789490050.129918525] [robot_1.robot_supervisor]: Triggered uncontrollable event: EV_obstacle_right
[balanced_delivery_supervisor-24] [INFO] [1789490050.130696279] [robot_1.robot_supervisor]: Selected controllable event: EV_rotate_counterclockwise
[balanced_delivery_supervisor-24] [INFO] [1789490050.236467573] [robot_1.robot_supervisor]: Triggered uncontrollable event: EV_obstacle_right
[balanced_delivery_supervisor-24] [INFO] [1789490050.240569080] [robot_1.robot_supervisor]: Selected controllable event: EV_rotate_counterclockwise
[balanced_delivery_supervisor-22] [INFO] [1789490050.318692274] [robot_2.robot_supervisor]: Selected controllable event: EV_search_object
[balanced_delivery_supervisor-22] [INFO] [1789490050.423118743] [robot_2.robot_supervisor]: Selected controllable event: EV_move_forward
[balanced_delivery_supervisor-24] [INFO] [1789490050.445038157] [robot_1.robot_supervisor]: Triggered uncontrollable event: EV_obstacle_right
[balanced_delivery_supervisor-24] [INFO] [1789490050.445891261] [robot_1.robot_supervisor]: Selected controllable event: EV_u_turn
[balanced_delivery_supervisor-24] [INFO] [1789490050.527838439] [robot_1.robot_supervisor]: Triggered uncontrollable event: EV_obstacle_right
[balanced_delivery_supervisor-24] [INFO] [1789490050.536770316] [robot_1.robot_supervisor]: Selected controllable event: EV_rotate_counterclockwise
[balanced_delivery_supervisor-22] [INFO] [1789490050.737372361] [robot_2.robot_supervisor]: Triggered uncontrollable event: EV_object_not_visible
[balanced_delivery_supervisor-22] [INFO] [1789490050.738245368] [robot_2.robot_supervisor]: Selected controllable event: EV_search_color
[balanced_delivery_supervisor-20] [INFO] [1789490050.747675604] [robot_0.robot_supervisor]: FULL ROTATE completed by timeout
[balanced_delivery_supervisor-24] [INFO] [1789490050.749190369] [robot_1.robot_supervisor]: Triggered uncontrollable event: EV_obstacle_right
[balanced_delivery_supervisor-24] [INFO] [1789490050.749966902] [robot_1.robot_supervisor]: Selected controllable event: EV_rotate_counterclockwise
[balanced_delivery_supervisor-22] [INFO] [1789490050.920142840] [robot_2.robot_supervisor]: Selected controllable event: EV_search_object
[balanced_delivery_supervisor-24] [INFO] [1789490050.930333999] [robot_1.robot_supervisor]: Triggered uncontrollable event: EV_obstacle_right
[balanced_delivery_supervisor-24] [INFO] [1789490050.942490256] [robot_1.robot_supervisor]: ############################# REACHED: EV_object_reached #############################
[balanced_delivery_supervisor-24] [INFO] [1789490050.950399394] [robot_1.robot_supervisor]: Selected controllable event: EV_rotate_counterclockwise
[balanced_delivery_supervisor-20] [INFO] [1789490050.952991209] [robot_0.robot_supervisor]: ############################# VISIBLE: EV_object_visible #############################
[balanced_delivery_supervisor-20] [INFO] [1789490050.953774794] [robot_0.robot_supervisor]: Selected controllable event: EV_search_object
[balanced_delivery_supervisor-22] [INFO] [1789490051.027089683] [robot_2.robot_supervisor]: Selected controllable event: EV_search_color
[color_detector-31] [INFO] [1789490051.090635145] [robot_1.target_detector]: RGB HEARTBEAT frames_total=170 recent_rate_hz=1.470 last_frame_age_s=0.379 status=OK
[color_detector-27] [INFO] [1789490051.091902568] [robot_0.target_detector]: RGB HEARTBEAT frames_total=170 recent_rate_hz=1.469 last_frame_age_s=0.528 status=OK
[color_detector-29] [INFO] [1789490051.099163729] [robot_2.target_detector]: RGB HEARTBEAT frames_total=170 recent_rate_hz=1.462 last_frame_age_s=0.469 status=OK
[balanced_delivery_supervisor-22] [INFO] [1789490051.134426138] [robot_2.robot_supervisor]: Selected controllable event: EV_approach_object
[balanced_delivery_supervisor-24] [INFO] [1789490051.142777342] [robot_1.robot_supervisor]: Triggered uncontrollable event: EV_obstacle_right
[balanced_delivery_supervisor-24] [INFO] [1789490051.143614620] [robot_1.robot_supervisor]: Selected controllable event: EV_u_turn
[balanced_delivery_supervisor-24] [INFO] [1789490051.144359400] [robot_1.robot_supervisor]: Starting FULL ROTATE (omega=1.000, have_odom=True, target_rad=3.142, timeout_s=3.500)
[balanced_delivery_supervisor-20] [INFO] [1789490051.162124493] [robot_0.robot_supervisor]: Selected controllable event: EV_search_color
[balanced_delivery_supervisor-22] [INFO] [1789490051.342865647] [robot_2.robot_supervisor]: Selected controllable event: EV_approach_object
[balanced_delivery_supervisor-20] [INFO] [1789490051.348465000] [robot_0.robot_supervisor]: Triggered uncontrollable event: EV_obstacle_right
[balanced_delivery_supervisor-20] [INFO] [1789490051.352642711] [robot_0.robot_supervisor]: ############################# VISIBLE: EV_object_visible #############################
[balanced_delivery_supervisor-20] [INFO] [1789490051.358914038] [robot_0.robot_supervisor]: Selected controllable event: EV_u_turn
[balanced_delivery_supervisor-20] [INFO] [1789490051.443343131] [robot_0.robot_supervisor]: Triggered uncontrollable event: EV_obstacle_right
[balanced_delivery_supervisor-20] [INFO] [1789490051.455992681] [robot_0.robot_supervisor]: Selected controllable event: EV_u_turn
[balanced_delivery_supervisor-20] [INFO] [1789490051.548709618] [robot_0.robot_supervisor]: Triggered uncontrollable event: EV_obstacle_right
[balanced_delivery_supervisor-20] [INFO] [1789490051.558547148] [robot_0.robot_supervisor]: Selected controllable event: EV_u_turn
[balanced_delivery_supervisor-22] [INFO] [1789490051.635364520] [robot_2.robot_supervisor]: Triggered uncontrollable event: EV_object_not_visible
[balanced_delivery_supervisor-22] [INFO] [1789490051.636234344] [robot_2.robot_supervisor]: Selected controllable event: EV_approach_color
[balanced_delivery_supervisor-20] [INFO] [1789490051.661872543] [robot_0.robot_supervisor]: Triggered uncontrollable event: EV_obstacle_right
[balanced_delivery_supervisor-20] [INFO] [1789490051.672747274] [robot_0.robot_supervisor]: Selected controllable event: EV_rotate_counterclockwise
[balanced_delivery_supervisor-20] [WARN] [1789490051.674554527] [robot_0.robot_supervisor]: no translation for 5.1s livelock detected; starting atomic escape (turn_sign=+1)
[balanced_delivery_supervisor-22] [INFO] [1789490051.920580079] [robot_2.robot_supervisor]: Selected controllable event: EV_move_forward
[balanced_delivery_supervisor-22] [INFO] [1789490052.131230688] [robot_2.robot_supervisor]: ############################# VISIBLE: EV_object_visible #############################
[balanced_delivery_supervisor-22] [INFO] [1789490052.132146231] [robot_2.robot_supervisor]: Selected controllable event: EV_move_forward
[balanced_delivery_supervisor-22] [INFO] [1789490052.425465836] [robot_2.robot_supervisor]: Selected controllable event: EV_approach_color
[balanced_delivery_supervisor-22] [INFO] [1789490052.719799592] [robot_2.robot_supervisor]: Selected controllable event: EV_move_forward
[balanced_delivery_supervisor-22] [INFO] [1789490053.019146560] [robot_2.robot_supervisor]: ############################# VISIBLE: EV_object_visible #############################
[balanced_delivery_supervisor-22] [INFO] [1789490053.019956216] [robot_2.robot_supervisor]: Selected controllable event: EV_approach_object
[balanced_delivery_supervisor-22] [INFO] [1789490053.326595649] [robot_2.robot_supervisor]: Selected controllable event: EV_search_object
[balanced_delivery_supervisor-22] [INFO] [1789490053.532072304] [robot_2.robot_supervisor]: ############################# VISIBLE: EV_object_visible #############################
[balanced_delivery_supervisor-22] [INFO] [1789490053.533018493] [robot_2.robot_supervisor]: Selected controllable event: EV_approach_object
[balanced_delivery_supervisor-22] [INFO] [1789490053.832619061] [robot_2.robot_supervisor]: Selected controllable event: EV_move_forward
[balanced_delivery_supervisor-22] [INFO] [1789490054.126951325] [robot_2.robot_supervisor]: Selected controllable event: EV_search_object
[balanced_delivery_supervisor-20] [INFO] [1789490054.146717939] [robot_0.robot_supervisor]: Zone-livelock escape completed
[balanced_delivery_supervisor-22] [INFO] [1789490054.229323750] [robot_2.robot_supervisor]: ############################# REACHED: EV_object_reached #############################
[balanced_delivery_supervisor-22] [INFO] [1789490054.230124979] [robot_2.robot_supervisor]: Selected controllable event: EV_move_forward
[balanced_delivery_supervisor-20] [INFO] [1789490054.355736070] [robot_0.robot_supervisor]: ############################# VISIBLE: EV_object_visible #############################
[balanced_delivery_supervisor-20] [INFO] [1789490054.366061958] [robot_0.robot_supervisor]: Selected controllable event: EV_search_object
[balanced_delivery_supervisor-22] [INFO] [1789490054.523098557] [robot_2.robot_supervisor]: Selected controllable event: EV_move_forward
[balanced_delivery_supervisor-20] [INFO] [1789490054.554366953] [robot_0.robot_supervisor]: Selected controllable event: EV_move_forward
[balanced_delivery_supervisor-24] [INFO] [1789490054.734235765] [robot_1.robot_supervisor]: FULL ROTATE completed by timeout
[balanced_delivery_supervisor-22] [INFO] [1789490054.743150274] [robot_2.robot_supervisor]: Selected controllable event: EV_move_forward
[balanced_delivery_supervisor-20] [INFO] [1789490054.760881864] [robot_0.robot_supervisor]: ############################# VISIBLE: EV_object_visible #############################
[balanced_delivery_supervisor-20] [INFO] [1789490054.783196964] [robot_0.robot_supervisor]: Selected controllable event: EV_search_object
[balanced_delivery_supervisor-24] [INFO] [1789490054.945255276] [robot_1.robot_supervisor]: ############################# REACHED: EV_object_reached #############################
[balanced_delivery_supervisor-20] [INFO] [1789490054.949410362] [robot_0.robot_supervisor]: Selected controllable event: EV_approach_object
[balanced_delivery_supervisor-24] [INFO] [1789490054.950349963] [robot_1.robot_supervisor]: Selected controllable event: EV_search_object
[balanced_delivery_supervisor-22] [INFO] [1789490055.040681621] [robot_2.robot_supervisor]: Triggered uncontrollable event: EV_obstacle_front
[balanced_delivery_supervisor-22] [INFO] [1789490055.041360749] [robot_2.robot_supervisor]: ############################# REACHED: EV_object_reached #############################
[balanced_delivery_supervisor-22] [INFO] [1789490055.042111691] [robot_2.robot_supervisor]: Selected controllable event: EV_u_turn
[balanced_delivery_supervisor-22] [INFO] [1789490055.042784894] [robot_2.robot_supervisor]: Starting FULL ROTATE (omega=1.000, have_odom=True, target_rad=3.142, timeout_s=3.500)
[balanced_delivery_supervisor-24] [INFO] [1789490055.120609528] [robot_1.robot_supervisor]: ############################# REACHED: EV_object_reached #############################
[balanced_delivery_supervisor-24] [INFO] [1789490055.121355772] [robot_1.robot_supervisor]: Selected controllable event: EV_approach_color
[balanced_delivery_supervisor-20] [INFO] [1789490055.167233455] [robot_0.robot_supervisor]: Selected controllable event: EV_search_object
[balanced_delivery_supervisor-24] [INFO] [1789490055.326382646] [robot_1.robot_supervisor]: Selected controllable event: EV_approach_object
[balanced_delivery_supervisor-20] [INFO] [1789490055.358800915] [robot_0.robot_supervisor]: Selected controllable event: EV_approach_object
[balanced_delivery_supervisor-24] [INFO] [1789490055.645756603] [robot_1.robot_supervisor]: ############################# REACHED: EV_object_reached #############################
[balanced_delivery_supervisor-24] [INFO] [1789490055.646469508] [robot_1.robot_supervisor]: Selected controllable event: EV_move_forward
[balanced_delivery_supervisor-20] [INFO] [1789490055.651416166] [robot_0.robot_supervisor]: ############################# VISIBLE: EV_object_visible #############################
[balanced_delivery_supervisor-20] [INFO] [1789490055.652199429] [robot_0.robot_supervisor]: Selected controllable event: EV_approach_color
[balanced_delivery_supervisor-20] [INFO] [1789490055.859961351] [robot_0.robot_supervisor]: Selected controllable event: EV_search_object
[balanced_delivery_supervisor-24] [INFO] [1789490055.932578198] [robot_1.robot_supervisor]: Selected controllable event: EV_move_forward
[balanced_delivery_supervisor-20] [INFO] [1789490055.963921171] [robot_0.robot_supervisor]: Selected controllable event: EV_search_color
[balanced_delivery_supervisor-20] [INFO] [1789490056.166694417] [robot_0.robot_supervisor]: Triggered uncontrollable event: EV_obstacle_left
[balanced_delivery_supervisor-20] [INFO] [1789490056.167410227] [robot_0.robot_supervisor]: ############################# VISIBLE: EV_object_visible #############################
[balanced_delivery_supervisor-20] [INFO] [1789490056.186580301] [robot_0.robot_supervisor]: Selected controllable event: EV_rotate_clockwise
[balanced_delivery_supervisor-24] [INFO] [1789490056.227663140] [robot_1.robot_supervisor]: Selected controllable event: EV_approach_color
[balanced_delivery_supervisor-20] [INFO] [1789490056.354361135] [robot_0.robot_supervisor]: Triggered uncontrollable event: EV_obstacle_left
[balanced_delivery_supervisor-20] [INFO] [1789490056.355147268] [robot_0.robot_supervisor]: Selected controllable event: EV_u_turn
[balanced_delivery_supervisor-20] [INFO] [1789490056.356571377] [robot_0.robot_supervisor]: Starting FULL ROTATE (omega=1.000, have_odom=True, target_rad=3.142, timeout_s=3.500)
[balanced_delivery_supervisor-24] [INFO] [1789490056.526433608] [robot_1.robot_supervisor]: ############################# REACHED: EV_object_reached #############################
[balanced_delivery_supervisor-24] [INFO] [1789490056.527302332] [robot_1.robot_supervisor]: Selected controllable event: EV_approach_object
[balanced_delivery_supervisor-24] [INFO] [1789490056.825655997] [robot_1.robot_supervisor]: Selected controllable event: EV_search_color
[balanced_delivery_supervisor-24] [INFO] [1789490057.036393772] [robot_1.robot_supervisor]: ############################# REACHED: EV_object_reached #############################
[balanced_delivery_supervisor-24] [INFO] [1789490057.037208522] [robot_1.robot_supervisor]: Selected controllable event: EV_move_forward
[balanced_delivery_supervisor-24] [INFO] [1789490057.331712072] [robot_1.robot_supervisor]: Selected controllable event: EV_move_forward
[balanced_delivery_supervisor-24] [INFO] [1789490057.641007389] [robot_1.robot_supervisor]: Selected controllable event: EV_search_color
[balanced_delivery_supervisor-24] [INFO] [1789490057.846568590] [robot_1.robot_supervisor]: ############################# REACHED: EV_object_reached #############################
[balanced_delivery_supervisor-24] [INFO] [1789490057.847332849] [robot_1.robot_supervisor]: Selected controllable event: EV_approach_object
[color_detector-31] [INFO] [1789490057.946750140] [robot_1.target_detector]: RGB HEARTBEAT frames_total=180 recent_rate_hz=1.456 last_frame_age_s=0.348 status=OK
[color_detector-27] [INFO] [1789490057.949189006] [robot_0.target_detector]: RGB HEARTBEAT frames_total=180 recent_rate_hz=1.455 last_frame_age_s=0.547 status=OK
[color_detector-29] [INFO] [1789490057.953785583] [robot_2.target_detector]: RGB HEARTBEAT frames_total=180 recent_rate_hz=1.457 last_frame_age_s=0.439 status=OK
[balanced_delivery_supervisor-24] [INFO] [1789490058.127945545] [robot_1.robot_supervisor]: Selected controllable event: EV_move_forward
[balanced_delivery_supervisor-24] [INFO] [1789490058.337219839] [robot_1.robot_supervisor]: ############################# VISIBLE: EV_object_visible #############################
[balanced_delivery_supervisor-24] [INFO] [1789490058.346434304] [robot_1.robot_supervisor]: Selected controllable event: EV_move_forward
[balanced_delivery_supervisor-22] [INFO] [1789490058.618317700] [robot_2.robot_supervisor]: FULL ROTATE completed by timeout
[balanced_delivery_supervisor-24] [INFO] [1789490058.625106799] [robot_1.robot_supervisor]: Selected controllable event: EV_search_object
[balanced_delivery_supervisor-24] [INFO] [1789490058.746903706] [robot_1.robot_supervisor]: Selected controllable event: EV_search_color
[balanced_delivery_supervisor-22] [INFO] [1789490058.827687943] [robot_2.robot_supervisor]: ############################# REACHED: EV_object_reached #############################
[balanced_delivery_supervisor-22] [INFO] [1789490058.837653634] [robot_2.robot_supervisor]: Selected controllable event: EV_approach_color
[balanced_delivery_supervisor-24] [INFO] [1789490058.932028887] [robot_1.robot_supervisor]: ############################# VISIBLE: EV_object_visible #############################
[balanced_delivery_supervisor-24] [INFO] [1789490058.936125720] [robot_1.robot_supervisor]: Selected controllable event: EV_search_color
[balanced_delivery_supervisor-22] [INFO] [1789490059.125128623] [robot_2.robot_supervisor]: Selected controllable event: EV_approach_object
[balanced_delivery_supervisor-24] [INFO] [1789490059.131668113] [robot_1.robot_supervisor]: Selected controllable event: EV_approach_color
[balanced_delivery_supervisor-22] [INFO] [1789490059.329806520] [robot_2.robot_supervisor]: Selected controllable event: EV_approach_object
[balanced_delivery_supervisor-24] [INFO] [1789490059.420643156] [robot_1.robot_supervisor]: Selected controllable event: EV_search_color
[balanced_delivery_supervisor-24] [INFO] [1789490059.533725823] [robot_1.robot_supervisor]: Selected controllable event: EV_search_color
[balanced_delivery_supervisor-22] [INFO] [1789490059.622786754] [robot_2.robot_supervisor]: Selected controllable event: EV_approach_color
[balanced_delivery_supervisor-24] [INFO] [1789490059.640437581] [robot_1.robot_supervisor]: Selected controllable event: EV_approach_object
[balanced_delivery_supervisor-22] [INFO] [1789490059.920334002] [robot_2.robot_supervisor]: ############################# REACHED: EV_object_reached #############################
[balanced_delivery_supervisor-22] [INFO] [1789490059.927423191] [robot_2.robot_supervisor]: Selected controllable event: EV_approach_object
[balanced_delivery_supervisor-24] [INFO] [1789490059.945540592] [robot_1.robot_supervisor]: ############################# VISIBLE: EV_object_visible #############################
[balanced_delivery_supervisor-24] [INFO] [1789490059.946412707] [robot_1.robot_supervisor]: Selected controllable event: EV_approach_color
[balanced_delivery_supervisor-20] [INFO] [1789490059.952068388] [robot_0.robot_supervisor]: FULL ROTATE completed by timeout
[balanced_delivery_supervisor-22] [INFO] [1789490060.155843803] [robot_2.robot_supervisor]: Selected controllable event: EV_approach_color
[balanced_delivery_supervisor-20] [INFO] [1789490060.170430420] [robot_0.robot_supervisor]: Triggered uncontrollable event: EV_obstacle_right
[balanced_delivery_supervisor-20] [INFO] [1789490060.171123053] [robot_0.robot_supervisor]: Triggered uncontrollable event: EV_object_not_visible
[balanced_delivery_supervisor-20] [INFO] [1789490060.182236402] [robot_0.robot_supervisor]: Selected controllable event: EV_u_turn
[balanced_delivery_supervisor-24] [INFO] [1789490060.223941262] [robot_1.robot_supervisor]: Selected controllable event: EV_approach_object
[balanced_delivery_supervisor-20] [INFO] [1789490060.254386859] [robot_0.robot_supervisor]: Triggered uncontrollable event: EV_object_not_visible
[balanced_delivery_supervisor-20] [INFO] [1789490060.269593879] [robot_0.robot_supervisor]: Selected controllable event: EV_approach_object
[balanced_delivery_supervisor-22] [INFO] [1789490060.434825994] [robot_2.robot_supervisor]: ############################# REACHED: EV_object_reached #############################
[balanced_delivery_supervisor-22] [INFO] [1789490060.435721767] [robot_2.robot_supervisor]: Selected controllable event: EV_approach_color
[balanced_delivery_supervisor-24] [INFO] [1789490060.435969959] [robot_1.robot_supervisor]: Triggered uncontrollable event: EV_obstacle_right
[balanced_delivery_supervisor-24] [INFO] [1789490060.436549190] [robot_1.robot_supervisor]: ############################# VISIBLE: EV_object_visible #############################
[balanced_delivery_supervisor-24] [INFO] [1789490060.461511204] [robot_1.robot_supervisor]: Selected controllable event: EV_rotate_counterclockwise
[balanced_delivery_supervisor-20] [INFO] [1789490060.553572494] [robot_0.robot_supervisor]: Selected controllable event: EV_move_forward
[balanced_delivery_supervisor-24] [INFO] [1789490060.634135734] [robot_1.robot_supervisor]: Triggered uncontrollable event: EV_obstacle_right
[balanced_delivery_supervisor-24] [INFO] [1789490060.650502315] [robot_1.robot_supervisor]: Selected controllable event: EV_rotate_counterclockwise
[balanced_delivery_supervisor-22] [INFO] [1789490060.727119980] [robot_2.robot_supervisor]: Selected controllable event: EV_approach_object
[balanced_delivery_supervisor-20] [INFO] [1789490060.769890771] [robot_0.robot_supervisor]: Selected controllable event: EV_search_object
[balanced_delivery_supervisor-24] [INFO] [1789490060.825177344] [robot_1.robot_supervisor]: Triggered uncontrollable event: EV_obstacle_right
[balanced_delivery_supervisor-24] [INFO] [1789490060.825941335] [robot_1.robot_supervisor]: Selected controllable event: EV_rotate_counterclockwise
[balanced_delivery_supervisor-24] [INFO] [1789490060.937598478] [robot_1.robot_supervisor]: Triggered uncontrollable event: EV_obstacle_right
[balanced_delivery_supervisor-24] [INFO] [1789490060.941168677] [robot_1.robot_supervisor]: Selected controllable event: EV_rotate_counterclockwise
[balanced_delivery_supervisor-22] [INFO] [1789490060.943106069] [robot_2.robot_supervisor]: Selected controllable event: EV_search_object
[balanced_delivery_supervisor-20] [INFO] [1789490060.951475231] [robot_0.robot_supervisor]: Triggered uncontrollable event: EV_object_not_visible
[balanced_delivery_supervisor-20] [INFO] [1789490060.952317649] [robot_0.robot_supervisor]: Selected controllable event: EV_search_color
[balanced_delivery_supervisor-20] [INFO] [1789490061.057393606] [robot_0.robot_supervisor]: Selected controllable event: EV_approach_color
[balanced_delivery_supervisor-22] [INFO] [1789490061.126407494] [robot_2.robot_supervisor]: ############################# REACHED: EV_object_reached #############################
[balanced_delivery_supervisor-22] [INFO] [1789490061.127276559] [robot_2.robot_supervisor]: Selected controllable event: EV_approach_object
[balanced_delivery_supervisor-24] [INFO] [1789490061.141759126] [robot_1.robot_supervisor]: Triggered uncontrollable event: EV_obstacle_right
[balanced_delivery_supervisor-24] [INFO] [1789490061.146555893] [robot_1.robot_supervisor]: ############################# REACHED: EV_object_reached #############################
[balanced_delivery_supervisor-24] [INFO] [1789490061.151799620] [robot_1.robot_supervisor]: Selected controllable event: EV_u_turn
[balanced_delivery_supervisor-24] [INFO] [1789490061.161174755] [robot_1.robot_supervisor]: Starting FULL ROTATE (omega=1.000, have_odom=True, target_rad=3.142, timeout_s=3.500)
[balanced_delivery_supervisor-20] [INFO] [1789490061.266985931] [robot_0.robot_supervisor]: Selected controllable event: EV_search_color
[balanced_delivery_supervisor-22] [INFO] [1789490061.429290114] [robot_2.robot_supervisor]: Selected controllable event: EV_approach_color
[balanced_delivery_supervisor-20] [INFO] [1789490061.473442522] [robot_0.robot_supervisor]: Selected controllable event: EV_search_object
[balanced_delivery_supervisor-20] [INFO] [1789490061.655598441] [robot_0.robot_supervisor]: Triggered uncontrollable event: EV_object_not_visible
[balanced_delivery_supervisor-20] [INFO] [1789490061.663876492] [robot_0.robot_supervisor]: Selected controllable event: EV_approach_color
[balanced_delivery_supervisor-22] [INFO] [1789490061.724579515] [robot_2.robot_supervisor]: ############################# VISIBLE: EV_object_visible #############################
[balanced_delivery_supervisor-22] [INFO] [1789490061.725429145] [robot_2.robot_supervisor]: Selected controllable event: EV_approach_object
[balanced_delivery_supervisor-20] [INFO] [1789490061.957235366] [robot_0.robot_supervisor]: Selected controllable event: EV_search_object
[balanced_delivery_supervisor-22] [INFO] [1789490062.032607543] [robot_2.robot_supervisor]: Selected controllable event: EV_approach_object
[balanced_delivery_supervisor-20] [INFO] [1789490062.064718232] [robot_0.robot_supervisor]: Selected controllable event: EV_move_forward
[balanced_delivery_supervisor-22] [INFO] [1789490062.319973200] [robot_2.robot_supervisor]: Selected controllable event: EV_search_color
[balanced_delivery_supervisor-20] [INFO] [1789490062.377491026] [robot_0.robot_supervisor]: Triggered uncontrollable event: EV_obstacle_left
[balanced_delivery_supervisor-20] [INFO] [1789490062.378276806] [robot_0.robot_supervisor]: Selected controllable event: EV_rotate_clockwise
[balanced_delivery_supervisor-22] [INFO] [1789490062.439596457] [robot_2.robot_supervisor]: ############################# VISIBLE: EV_object_visible #############################
[balanced_delivery_supervisor-22] [INFO] [1789490062.457598693] [robot_2.robot_supervisor]: Selected controllable event: EV_approach_color
[balanced_delivery_supervisor-20] [INFO] [1789490062.557059715] [robot_0.robot_supervisor]: Triggered uncontrollable event: EV_obstacle_left
[balanced_delivery_supervisor-20] [INFO] [1789490062.564139463] [robot_0.robot_supervisor]: Triggered uncontrollable event: EV_object_not_visible
[balanced_delivery_supervisor-20] [INFO] [1789490062.571510844] [robot_0.robot_supervisor]: Selected controllable event: EV_rotate_clockwise
[balanced_delivery_supervisor-22] [INFO] [1789490062.721497650] [robot_2.robot_supervisor]: Selected controllable event: EV_search_object
[balanced_delivery_supervisor-20] [INFO] [1789490062.752321404] [robot_0.robot_supervisor]: Triggered uncontrollable event: EV_obstacle_left
[balanced_delivery_supervisor-20] [INFO] [1789490062.756609963] [robot_0.robot_supervisor]: Selected controllable event: EV_rotate_clockwise
[balanced_delivery_supervisor-22] [INFO] [1789490062.833757336] [robot_2.robot_supervisor]: Selected controllable event: EV_move_forward
[balanced_delivery_supervisor-20] [INFO] [1789490062.948473788] [robot_0.robot_supervisor]: Triggered uncontrollable event: EV_obstacle_left
[balanced_delivery_supervisor-20] [INFO] [1789490062.961290561] [robot_0.robot_supervisor]: Selected controllable event: EV_u_turn
[balanced_delivery_supervisor-20] [INFO] [1789490062.962096754] [robot_0.robot_supervisor]: Starting FULL ROTATE (omega=1.000, have_odom=True, target_rad=3.142, timeout_s=3.500)
[balanced_delivery_supervisor-22] [INFO] [1789490063.133728118] [robot_2.robot_supervisor]: Selected controllable event: EV_search_color
[balanced_delivery_supervisor-22] [INFO] [1789490063.330221669] [robot_2.robot_supervisor]: ############################# VISIBLE: EV_object_visible #############################
[balanced_delivery_supervisor-22] [INFO] [1789490063.332170046] [robot_2.robot_supervisor]: Selected controllable event: EV_approach_object
[balanced_delivery_supervisor-22] [INFO] [1789490063.640714906] [robot_2.robot_supervisor]: Selected controllable event: EV_search_color
[balanced_delivery_supervisor-22] [INFO] [1789490063.832058320] [robot_2.robot_supervisor]: Selected controllable event: EV_search_color
[balanced_delivery_supervisor-22] [INFO] [1789490064.028456516] [robot_2.robot_supervisor]: ############################# VISIBLE: EV_object_visible #############################
[balanced_delivery_supervisor-22] [INFO] [1789490064.033649438] [robot_2.robot_supervisor]: Selected controllable event: EV_move_forward
[balanced_delivery_supervisor-22] [INFO] [1789490064.328247548] [robot_2.robot_supervisor]: Selected controllable event: EV_approach_object
[balanced_delivery_supervisor-22] [INFO] [1789490064.629772142] [robot_2.robot_supervisor]: Selected controllable event: EV_search_color
[balanced_delivery_supervisor-24] [INFO] [1789490064.745432894] [robot_1.robot_supervisor]: FULL ROTATE completed by timeout
[balanced_delivery_supervisor-22] [INFO] [1789490064.837899938] [robot_2.robot_supervisor]: ############################# VISIBLE: EV_object_visible #############################
[balanced_delivery_supervisor-22] [INFO] [1789490064.840029205] [robot_2.robot_supervisor]: Selected controllable event: EV_move_forward
[balanced_delivery_supervisor-24] [INFO] [1789490064.933923775] [robot_1.robot_supervisor]: ############################# REACHED: EV_object_reached #############################
[balanced_delivery_supervisor-24] [INFO] [1789490064.938051817] [robot_1.robot_supervisor]: Selected controllable event: EV_search_color
[balanced_delivery_supervisor-22] [INFO] [1789490065.120484953] [robot_2.robot_supervisor]: Selected controllable event: EV_approach_color
[balanced_delivery_supervisor-24] [INFO] [1789490065.122948687] [robot_1.robot_supervisor]: Selected controllable event: EV_search_color
[color_detector-31] [INFO] [1789490065.174752390] [robot_1.target_detector]: RGB HEARTBEAT frames_total=190 recent_rate_hz=1.384 last_frame_age_s=0.496 status=OK
[color_detector-27] [INFO] [1789490065.177384403] [robot_0.target_detector]: RGB HEARTBEAT frames_total=190 recent_rate_hz=1.383 last_frame_age_s=0.651 status=OK
[color_detector-29] [INFO] [1789490065.198729579] [robot_2.target_detector]: RGB HEARTBEAT frames_total=190 recent_rate_hz=1.382 last_frame_age_s=0.586 status=OK
[balanced_delivery_supervisor-24] [INFO] [1789490065.320621939] [robot_1.robot_supervisor]: Selected controllable event: EV_move_forward
[balanced_delivery_supervisor-22] [INFO] [1789490065.331390972] [robot_2.robot_supervisor]: Selected controllable event: EV_approach_object
[balanced_delivery_supervisor-24] [INFO] [1789490065.531151870] [robot_1.robot_supervisor]: ############################# REACHED: EV_object_reached #############################
[balanced_delivery_supervisor-24] [INFO] [1789490065.535364641] [robot_1.robot_supervisor]: Selected controllable event: EV_search_color
[balanced_delivery_supervisor-22] [INFO] [1789490065.623656069] [robot_2.robot_supervisor]: ############################# VISIBLE: EV_object_visible #############################
[balanced_delivery_supervisor-22] [INFO] [1789490065.624480065] [robot_2.robot_supervisor]: Selected controllable event: EV_approach_object
[balanced_delivery_supervisor-24] [INFO] [1789490065.731550708] [robot_1.robot_supervisor]: Selected controllable event: EV_approach_object
[balanced_delivery_supervisor-22] [INFO] [1789490065.918359733] [robot_2.robot_supervisor]: Selected controllable event: EV_move_forward
[balanced_delivery_supervisor-24] [INFO] [1789490066.038349536] [robot_1.robot_supervisor]: Selected controllable event: EV_approach_object
[balanced_delivery_supervisor-22] [INFO] [1789490066.125527098] [robot_2.robot_supervisor]: ############################# VISIBLE: EV_object_visible #############################
[balanced_delivery_supervisor-22] [INFO] [1789490066.146656457] [robot_2.robot_supervisor]: Selected controllable event: EV_move_forward
[balanced_delivery_supervisor-24] [INFO] [1789490066.330846985] [robot_1.robot_supervisor]: ############################# VISIBLE: EV_object_visible #############################
[balanced_delivery_supervisor-24] [INFO] [1789490066.338629357] [robot_1.robot_supervisor]: Selected controllable event: EV_approach_object
[balanced_delivery_supervisor-22] [INFO] [1789490066.425589249] [robot_2.robot_supervisor]: Selected controllable event: EV_search_object
[balanced_delivery_supervisor-20] [INFO] [1789490066.555095563] [robot_0.robot_supervisor]: FULL ROTATE completed by timeout
[balanced_delivery_supervisor-24] [INFO] [1789490066.629063183] [robot_1.robot_supervisor]: Selected controllable event: EV_approach_object
[balanced_delivery_supervisor-22] [INFO] [1789490066.637123250] [robot_2.robot_supervisor]: Selected controllable event: EV_move_forward
[balanced_delivery_supervisor-24] [INFO] [1789490066.838323929] [robot_1.robot_supervisor]: ############################# VISIBLE: EV_object_visible #############################
[balanced_delivery_supervisor-24] [INFO] [1789490066.839230698] [robot_1.robot_supervisor]: Selected controllable event: EV_approach_color
[balanced_delivery_supervisor-20] [INFO] [1789490066.847668287] [robot_0.robot_supervisor]: Triggered uncontrollable event: EV_obstacle_right
[balanced_delivery_supervisor-20] [INFO] [1789490066.848437623] [robot_0.robot_supervisor]: ############################# VISIBLE: EV_object_visible #############################
[balanced_delivery_supervisor-20] [INFO] [1789490066.857337676] [robot_0.robot_supervisor]: Selected controllable event: EV_rotate_counterclockwise
[balanced_delivery_supervisor-20] [WARN] [1789490066.864405742] [robot_0.robot_supervisor]: no translation for 5.4s livelock detected; starting atomic escape (turn_sign=+1)
[balanced_delivery_supervisor-22] [INFO] [1789490066.930523283] [robot_2.robot_supervisor]: ############################# VISIBLE: EV_object_visible #############################
[balanced_delivery_supervisor-22] [INFO] [1789490066.933643315] [robot_2.robot_supervisor]: Selected controllable event: EV_search_object
[balanced_delivery_supervisor-22] [INFO] [1789490067.122933001] [robot_2.robot_supervisor]: Selected controllable event: EV_approach_object
[balanced_delivery_supervisor-24] [INFO] [1789490067.123801329] [robot_1.robot_supervisor]: Selected controllable event: EV_search_object
[balanced_delivery_supervisor-24] [INFO] [1789490067.233958843] [robot_1.robot_supervisor]: Selected controllable event: EV_approach_color
[balanced_delivery_supervisor-22] [INFO] [1789490067.433611299] [robot_2.robot_supervisor]: ############################# VISIBLE: EV_object_visible #############################
[balanced_delivery_supervisor-22] [INFO] [1789490067.458606119] [robot_2.robot_supervisor]: Selected controllable event: EV_search_color
[balanced_delivery_supervisor-24] [INFO] [1789490067.525790995] [robot_1.robot_supervisor]: ############################# REACHED: EV_object_reached #############################
[balanced_delivery_supervisor-24] [INFO] [1789490067.526804899] [robot_1.robot_supervisor]: Selected controllable event: EV_move_forward
[balanced_delivery_supervisor-22] [INFO] [1789490067.619420632] [robot_2.robot_supervisor]: Selected controllable event: EV_approach_object
[balanced_delivery_supervisor-24] [INFO] [1789490067.736336818] [robot_1.robot_supervisor]: Selected controllable event: EV_approach_color
[balanced_delivery_supervisor-22] [INFO] [1789490067.924950405] [robot_2.robot_supervisor]: Selected controllable event: EV_move_forward
[balanced_delivery_supervisor-24] [INFO] [1789490068.023837884] [robot_1.robot_supervisor]: Selected controllable event: EV_approach_color
[balanced_delivery_supervisor-22] [INFO] [1789490068.143193315] [robot_2.robot_supervisor]: Selected controllable event: EV_approach_object
[balanced_delivery_supervisor-24] [INFO] [1789490068.336576157] [robot_1.robot_supervisor]: Triggered uncontrollable event: EV_obstacle_front
[balanced_delivery_supervisor-24] [INFO] [1789490068.347109271] [robot_1.robot_supervisor]: ############################# REACHED: EV_object_reached #############################
[balanced_delivery_supervisor-24] [INFO] [1789490068.352181018] [robot_1.robot_supervisor]: Selected controllable event: EV_move_backward
[balanced_delivery_supervisor-22] [INFO] [1789490068.431029624] [robot_2.robot_supervisor]: ############################# VISIBLE: EV_object_visible #############################
[balanced_delivery_supervisor-22] [INFO] [1789490068.437458960] [robot_2.robot_supervisor]: Selected controllable event: EV_approach_color
[balanced_delivery_supervisor-24] [INFO] [1789490068.635084556] [robot_1.robot_supervisor]: Triggered uncontrollable event: EV_obstacle_front
[balanced_delivery_supervisor-24] [INFO] [1789490068.636010212] [robot_1.robot_supervisor]: Selected controllable event: EV_rotate_clockwise
[balanced_delivery_supervisor-22] [INFO] [1789490068.717716144] [robot_2.robot_supervisor]: Selected controllable event: EV_move_forward
[balanced_delivery_supervisor-24] [INFO] [1789490068.826610837] [robot_1.robot_supervisor]: Triggered uncontrollable event: EV_obstacle_front
[balanced_delivery_supervisor-24] [INFO] [1789490068.839279872] [robot_1.robot_supervisor]: Selected controllable event: EV_rotate_clockwise
[balanced_delivery_supervisor-22] [INFO] [1789490068.923884900] [robot_2.robot_supervisor]: Selected controllable event: EV_approach_color
[balanced_delivery_supervisor-24] [INFO] [1789490069.047111321] [robot_1.robot_supervisor]: Triggered uncontrollable event: EV_obstacle_front
[balanced_delivery_supervisor-24] [INFO] [1789490069.052300597] [robot_1.robot_supervisor]: ############################# REACHED: EV_object_reached #############################
[balanced_delivery_supervisor-24] [INFO] [1789490069.060060002] [robot_1.robot_supervisor]: Selected controllable event: EV_u_turn
[balanced_delivery_supervisor-24] [INFO] [1789490069.067356016] [robot_1.robot_supervisor]: Starting FULL ROTATE (omega=1.000, have_odom=True, target_rad=3.142, timeout_s=3.500)
[balanced_delivery_supervisor-22] [INFO] [1789490069.234042018] [robot_2.robot_supervisor]: ############################# VISIBLE: EV_object_visible #############################
[balanced_delivery_supervisor-22] [INFO] [1789490069.242623483] [robot_2.robot_supervisor]: Selected controllable event: EV_move_forward
[balanced_delivery_supervisor-20] [INFO] [1789490069.267481809] [robot_0.robot_supervisor]: Zone-livelock escape completed
[balanced_delivery_supervisor-22] [INFO] [1789490069.533094681] [robot_2.robot_supervisor]: Selected controllable event: EV_approach_object
[balanced_delivery_supervisor-20] [INFO] [1789490069.555280797] [robot_0.robot_supervisor]: ############################# VISIBLE: EV_object_visible #############################
[balanced_delivery_supervisor-20] [INFO] [1789490069.559461657] [robot_0.robot_supervisor]: Selected controllable event: EV_search_object
[balanced_delivery_supervisor-20] [INFO] [1789490069.749081644] [robot_0.robot_supervisor]: ############################# VISIBLE: EV_object_visible #############################
[balanced_delivery_supervisor-20] [INFO] [1789490069.761008840] [robot_0.robot_supervisor]: Selected controllable event: EV_move_forward
[balanced_delivery_supervisor-22] [INFO] [1789490069.835544371] [robot_2.robot_supervisor]: ############################# VISIBLE: EV_object_visible #############################
[balanced_delivery_supervisor-22] [INFO] [1789490069.843384842] [robot_2.robot_supervisor]: Selected controllable event: EV_move_forward
[balanced_delivery_supervisor-20] [INFO] [1789490070.053446412] [robot_0.robot_supervisor]: Selected controllable event: EV_move_forward
[balanced_delivery_supervisor-22] [INFO] [1789490070.135413626] [robot_2.robot_supervisor]: Selected controllable event: EV_search_object
[balanced_delivery_supervisor-22] [INFO] [1789490070.341070024] [robot_2.robot_supervisor]: Selected controllable event: EV_approach_object
[balanced_delivery_supervisor-20] [INFO] [1789490070.358615008] [robot_0.robot_supervisor]: Selected controllable event: EV_approach_color
[balanced_delivery_supervisor-20] [INFO] [1789490070.587279094] [robot_0.robot_supervisor]: ############################# VISIBLE: EV_object_visible #############################
[balanced_delivery_supervisor-20] [INFO] [1789490070.588176548] [robot_0.robot_supervisor]: Selected controllable event: EV_search_object
[balanced_delivery_supervisor-22] [INFO] [1789490070.634180942] [robot_2.robot_supervisor]: Triggered uncontrollable event: EV_obstacle_left
[balanced_delivery_supervisor-22] [INFO] [1789490070.642503228] [robot_2.robot_supervisor]: ############################# REACHED: EV_object_reached #############################
[balanced_delivery_supervisor-22] [INFO] [1789490070.644631659] [robot_2.robot_supervisor]: Selected controllable event: EV_u_turn
[balanced_delivery_supervisor-22] [INFO] [1789490070.645416372] [robot_2.robot_supervisor]: Starting FULL ROTATE (omega=1.000, have_odom=True, target_rad=3.142, timeout_s=3.500)
[balanced_delivery_supervisor-20] [INFO] [1789490070.762668462] [robot_0.robot_supervisor]: Selected controllable event: EV_move_forward
[balanced_delivery_supervisor-20] [INFO] [1789490071.043000203] [robot_0.robot_supervisor]: Selected controllable event: EV_approach_object
[balanced_delivery_supervisor-20] [INFO] [1789490071.245795752] [robot_0.robot_supervisor]: ############################# VISIBLE: EV_object_visible #############################
[balanced_delivery_supervisor-20] [INFO] [1789490071.246637770] [robot_0.robot_supervisor]: Selected controllable event: EV_approach_color
[balanced_delivery_supervisor-20] [INFO] [1789490071.460760004] [robot_0.robot_supervisor]: Selected controllable event: EV_move_forward
[balanced_delivery_supervisor-20] [INFO] [1789490071.664260109] [robot_0.robot_supervisor]: Selected controllable event: EV_search_object
[balanced_delivery_supervisor-20] [INFO] [1789490071.843090318] [robot_0.robot_supervisor]: ############################# VISIBLE: EV_object_visible #############################
[balanced_delivery_supervisor-20] [INFO] [1789490071.843903791] [robot_0.robot_supervisor]: Selected controllable event: EV_approach_color
[balanced_delivery_supervisor-20] [INFO] [1789490072.053406096] [robot_0.robot_supervisor]: Selected controllable event: EV_approach_color
[balanced_delivery_supervisor-20] [INFO] [1789490072.351506777] [robot_0.robot_supervisor]: Selected controllable event: EV_search_object
[color_detector-31] [INFO] [1789490072.445566797] [robot_1.target_detector]: RGB HEARTBEAT frames_total=200 recent_rate_hz=1.377 last_frame_age_s=0.656 status=OK
[balanced_delivery_supervisor-20] [INFO] [1789490072.464267384] [robot_0.robot_supervisor]: Selected controllable event: EV_move_forward
[color_detector-29] [INFO] [1789490072.473144676] [robot_2.target_detector]: RGB HEARTBEAT frames_total=200 recent_rate_hz=1.375 last_frame_age_s=0.727 status=OK
[color_detector-27] [INFO] [1789490072.475377254] [robot_0.target_detector]: RGB HEARTBEAT frames_total=200 recent_rate_hz=1.372 last_frame_age_s=0.754 status=OK
[balanced_delivery_supervisor-24] [INFO] [1789490072.625915642] [robot_1.robot_supervisor]: FULL ROTATE completed by timeout
[balanced_delivery_supervisor-20] [INFO] [1789490072.746419228] [robot_0.robot_supervisor]: Triggered uncontrollable event: EV_object_not_visible
[balanced_delivery_supervisor-20] [INFO] [1789490072.747270934] [robot_0.robot_supervisor]: Selected controllable event: EV_move_forward
[balanced_delivery_supervisor-24] [INFO] [1789490072.849456110] [robot_1.robot_supervisor]: ############################# REACHED: EV_object_reached #############################
[balanced_delivery_supervisor-24] [INFO] [1789490072.858699346] [robot_1.robot_supervisor]: Selected controllable event: EV_search_object
[balanced_delivery_supervisor-20] [INFO] [1789490072.961818862] [robot_0.robot_supervisor]: Selected controllable event: EV_move_forward
[balanced_delivery_supervisor-24] [INFO] [1789490073.033202751] [robot_1.robot_supervisor]: Selected controllable event: EV_search_color
[balanced_delivery_supervisor-24] [INFO] [1789490073.221620697] [robot_1.robot_supervisor]: Selected controllable event: EV_approach_color
[balanced_delivery_supervisor-20] [INFO] [1789490073.244317296] [robot_0.robot_supervisor]: Selected controllable event: EV_search_object
[balanced_delivery_supervisor-20] [INFO] [1789490073.354088083] [robot_0.robot_supervisor]: Triggered uncontrollable event: EV_object_not_visible
[balanced_delivery_supervisor-20] [INFO] [1789490073.362997255] [robot_0.robot_supervisor]: Selected controllable event: EV_approach_color
[balanced_delivery_supervisor-24] [INFO] [1789490073.433484495] [robot_1.robot_supervisor]: ############################# REACHED: EV_object_reached #############################
[balanced_delivery_supervisor-24] [INFO] [1789490073.434370655] [robot_1.robot_supervisor]: Selected controllable event: EV_search_color
[balanced_delivery_supervisor-24] [INFO] [1789490073.536972378] [robot_1.robot_supervisor]: Selected controllable event: EV_move_forward
[balanced_delivery_supervisor-20] [INFO] [1789490073.648173143] [robot_0.robot_supervisor]: Selected controllable event: EV_approach_object
[balanced_delivery_supervisor-24] [INFO] [1789490073.845319307] [robot_1.robot_supervisor]: Selected controllable event: EV_search_object
[balanced_delivery_supervisor-20] [INFO] [1789490073.861734545] [robot_0.robot_supervisor]: Selected controllable event: EV_search_object
[balanced_delivery_supervisor-24] [INFO] [1789490074.037729868] [robot_1.robot_supervisor]: Selected controllable event: EV_approach_color
[balanced_delivery_supervisor-20] [INFO] [1789490074.063157002] [robot_0.robot_supervisor]: Triggered uncontrollable event: EV_object_not_visible
[balanced_delivery_supervisor-20] [INFO] [1789490074.072676880] [robot_0.robot_supervisor]: Selected controllable event: EV_search_object
[balanced_delivery_supervisor-22] [INFO] [1789490074.232118254] [robot_2.robot_supervisor]: FULL ROTATE completed by timeout
[balanced_delivery_supervisor-20] [INFO] [1789490074.255258760] [robot_0.robot_supervisor]: Selected controllable event: EV_approach_color
[balanced_delivery_supervisor-24] [INFO] [1789490074.330701539] [robot_1.robot_supervisor]: ############################# REACHED: EV_object_reached #############################
[balanced_delivery_supervisor-24] [INFO] [1789490074.331644202] [robot_1.robot_supervisor]: Selected controllable event: EV_search_color
[balanced_delivery_supervisor-22] [INFO] [1789490074.444639024] [robot_2.robot_supervisor]: ############################# REACHED: EV_object_reached #############################
[balanced_delivery_supervisor-22] [INFO] [1789490074.456390580] [robot_2.robot_supervisor]: Selected controllable event: EV_search_color
[balanced_delivery_supervisor-20] [INFO] [1789490074.471460384] [robot_0.robot_supervisor]: Selected controllable event: EV_search_color
[balanced_delivery_supervisor-24] [INFO] [1789490074.521348497] [robot_1.robot_supervisor]: Selected controllable event: EV_move_forward
[balanced_delivery_supervisor-22] [INFO] [1789490074.639638776] [robot_2.robot_supervisor]: Selected controllable event: EV_approach_color
[balanced_delivery_supervisor-20] [INFO] [1789490074.665413077] [robot_0.robot_supervisor]: Selected controllable event: EV_search_object
[balanced_delivery_supervisor-20] [INFO] [1789490074.770988286] [robot_0.robot_supervisor]: Selected controllable event: EV_move_forward
[balanced_delivery_supervisor-24] [INFO] [1789490074.847771970] [robot_1.robot_supervisor]: Selected controllable event: EV_search_object
[balanced_delivery_supervisor-22] [INFO] [1789490074.925297139] [robot_2.robot_supervisor]: ############################# REACHED: EV_object_reached #############################
[balanced_delivery_supervisor-22] [INFO] [1789490074.937123512] [robot_2.robot_supervisor]: Selected controllable event: EV_search_color
[balanced_delivery_supervisor-24] [INFO] [1789490075.022228921] [robot_1.robot_supervisor]: ############################# REACHED: EV_object_reached #############################
[balanced_delivery_supervisor-24] [INFO] [1789490075.023130120] [robot_1.robot_supervisor]: Selected controllable event: EV_approach_color
[balanced_delivery_supervisor-20] [INFO] [1789490075.060219047] [robot_0.robot_supervisor]: Triggered uncontrollable event: EV_object_not_visible
[balanced_delivery_supervisor-20] [INFO] [1789490075.061156442] [robot_0.robot_supervisor]: Selected controllable event: EV_approach_color
[balanced_delivery_supervisor-22] [INFO] [1789490075.130592512] [robot_2.robot_supervisor]: Selected controllable event: EV_search_color
[balanced_delivery_supervisor-24] [INFO] [1789490075.236615121] [robot_1.robot_supervisor]: Selected controllable event: EV_search_object
[balanced_delivery_supervisor-22] [INFO] [1789490075.322883916] [robot_2.robot_supervisor]: Selected controllable event: EV_search_object
[balanced_delivery_supervisor-20] [INFO] [1789490075.350599794] [robot_0.robot_supervisor]: Selected controllable event: EV_approach_object
[balanced_delivery_supervisor-24] [INFO] [1789490075.430790409] [robot_1.robot_supervisor]: Selected controllable event: EV_search_color
[balanced_delivery_supervisor-22] [INFO] [1789490075.536924827] [robot_2.robot_supervisor]: Selected controllable event: EV_search_color
[balanced_delivery_supervisor-24] [INFO] [1789490075.630204894] [robot_1.robot_supervisor]: ############################# REACHED: EV_object_reached #############################
[balanced_delivery_supervisor-24] [INFO] [1789490075.644138851] [robot_1.robot_supervisor]: Selected controllable event: EV_approach_object
[balanced_delivery_supervisor-20] [INFO] [1789490075.646159952] [robot_0.robot_supervisor]: Triggered uncontrollable event: EV_obstacle_right
[balanced_delivery_supervisor-20] [INFO] [1789490075.653771388] [robot_0.robot_supervisor]: Triggered uncontrollable event: EV_object_not_visible
[balanced_delivery_supervisor-20] [INFO] [1789490075.654727780] [robot_0.robot_supervisor]: Selected controllable event: EV_u_turn
[balanced_delivery_supervisor-20] [INFO] [1789490075.664649487] [robot_0.robot_supervisor]: Starting FULL ROTATE (omega=1.000, have_odom=True, target_rad=3.142, timeout_s=3.500)
[balanced_delivery_supervisor-22] [INFO] [1789490075.723428956] [robot_2.robot_supervisor]: ############################# REACHED: EV_object_reached #############################
[balanced_delivery_supervisor-22] [INFO] [1789490075.732103255] [robot_2.robot_supervisor]: Selected controllable event: EV_approach_object
[balanced_delivery_supervisor-24] [INFO] [1789490075.924150605] [robot_1.robot_supervisor]: Selected controllable event: EV_move_forward
[balanced_delivery_supervisor-22] [INFO] [1789490075.943032459] [robot_2.robot_supervisor]: Selected controllable event: EV_approach_color
[balanced_delivery_supervisor-24] [INFO] [1789490076.141103616] [robot_1.robot_supervisor]: Selected controllable event: EV_approach_color
[balanced_delivery_supervisor-22] [INFO] [1789490076.227184121] [robot_2.robot_supervisor]: Selected controllable event: EV_approach_object
[balanced_delivery_supervisor-24] [INFO] [1789490076.420607256] [robot_1.robot_supervisor]: Selected controllable event: EV_approach_color
[balanced_delivery_supervisor-22] [INFO] [1789490076.528556661] [robot_2.robot_supervisor]: ############################# REACHED: EV_object_reached #############################
[balanced_delivery_supervisor-22] [INFO] [1789490076.532842504] [robot_2.robot_supervisor]: Selected controllable event: EV_approach_object
[balanced_delivery_supervisor-24] [INFO] [1789490076.626582302] [robot_1.robot_supervisor]: ############################# REACHED: EV_object_reached #############################
[balanced_delivery_supervisor-24] [INFO] [1789490076.627409919] [robot_1.robot_supervisor]: Selected controllable event: EV_approach_object
[balanced_delivery_supervisor-22] [INFO] [1789490076.743742243] [robot_2.robot_supervisor]: Selected controllable event: EV_search_object
[balanced_delivery_supervisor-24] [INFO] [1789490076.833749698] [robot_1.robot_supervisor]: Selected controllable event: EV_search_color
[balanced_delivery_supervisor-22] [INFO] [1789490076.925963964] [robot_2.robot_supervisor]: Selected controllable event: EV_approach_color
[balanced_delivery_supervisor-24] [INFO] [1789490077.025800821] [robot_1.robot_supervisor]: Selected controllable event: EV_move_forward
[balanced_delivery_supervisor-22] [INFO] [1789490077.238923120] [robot_2.robot_supervisor]: ############################# VISIBLE: EV_object_visible #############################
[balanced_delivery_supervisor-22] [INFO] [1789490077.240464541] [robot_2.robot_supervisor]: Selected controllable event: EV_search_object
[balanced_delivery_supervisor-24] [INFO] [1789490077.324431899] [robot_1.robot_supervisor]: ############################# REACHED: EV_object_reached #############################
[balanced_delivery_supervisor-24] [INFO] [1789490077.338617126] [robot_1.robot_supervisor]: Selected controllable event: EV_approach_color
[balanced_delivery_supervisor-22] [INFO] [1789490077.436687304] [robot_2.robot_supervisor]: Selected controllable event: EV_approach_color
[balanced_delivery_supervisor-24] [INFO] [1789490077.551982616] [robot_1.robot_supervisor]: Selected controllable event: EV_move_forward
[balanced_delivery_supervisor-22] [INFO] [1789490077.741050152] [robot_2.robot_supervisor]: Selected controllable event: EV_approach_color
[balanced_delivery_supervisor-24] [INFO] [1789490077.823383504] [robot_1.robot_supervisor]: Selected controllable event: EV_approach_object
[balanced_delivery_supervisor-22] [INFO] [1789490078.029545827] [robot_2.robot_supervisor]: ############################# VISIBLE: EV_object_visible #############################
[balanced_delivery_supervisor-22] [INFO] [1789490078.034114941] [robot_2.robot_supervisor]: Selected controllable event: EV_search_color
[balanced_delivery_supervisor-24] [INFO] [1789490078.139674446] [robot_1.robot_supervisor]: ############################# REACHED: EV_object_reached #############################
[balanced_delivery_supervisor-24] [INFO] [1789490078.141720939] [robot_1.robot_supervisor]: Selected controllable event: EV_search_color
[balanced_delivery_supervisor-22] [INFO] [1789490078.238520220] [robot_2.robot_supervisor]: Selected controllable event: EV_search_color
[balanced_delivery_supervisor-24] [INFO] [1789490078.339374423] [robot_1.robot_supervisor]: Selected controllable event: EV_search_object
[balanced_delivery_supervisor-22] [INFO] [1789490078.424746131] [robot_2.robot_supervisor]: Selected controllable event: EV_move_forward
[balanced_delivery_supervisor-24] [INFO] [1789490078.446162564] [robot_1.robot_supervisor]: Selected controllable event: EV_move_forward
[balanced_delivery_supervisor-22] [INFO] [1789490078.718685868] [robot_2.robot_supervisor]: ############################# VISIBLE: EV_object_visible #############################
[balanced_delivery_supervisor-22] [INFO] [1789490078.719438541] [robot_2.robot_supervisor]: Selected controllable event: EV_search_color
[balanced_delivery_supervisor-24] [INFO] [1789490078.731741939] [robot_1.robot_supervisor]: Triggered uncontrollable event: EV_obstacle_left
[balanced_delivery_supervisor-24] [INFO] [1789490078.732367934] [robot_1.robot_supervisor]: ############################# REACHED: EV_object_reached #############################
[balanced_delivery_supervisor-24] [INFO] [1789490078.754692299] [robot_1.robot_supervisor]: Selected controllable event: EV_u_turn
[balanced_delivery_supervisor-24] [INFO] [1789490078.755493446] [robot_1.robot_supervisor]: Starting FULL ROTATE (omega=1.000, have_odom=True, target_rad=3.142, timeout_s=3.500)
[balanced_delivery_supervisor-22] [INFO] [1789490078.823044978] [robot_2.robot_supervisor]: Selected controllable event: EV_approach_object
[balanced_delivery_supervisor-22] [INFO] [1789490079.122218244] [robot_2.robot_supervisor]: Selected controllable event: EV_approach_color
[balanced_delivery_supervisor-20] [INFO] [1789490079.262387230] [robot_0.robot_supervisor]: FULL ROTATE completed by timeout
[balanced_delivery_supervisor-22] [INFO] [1789490079.332503147] [robot_2.robot_supervisor]: Selected controllable event: EV_search_object
[balanced_delivery_supervisor-22] [INFO] [1789490079.520241267] [robot_2.robot_supervisor]: ############################# VISIBLE: EV_object_visible #############################
[balanced_delivery_supervisor-22] [INFO] [1789490079.521016770] [robot_2.robot_supervisor]: Selected controllable event: EV_move_forward
[balanced_delivery_supervisor-20] [INFO] [1789490079.553660073] [robot_0.robot_supervisor]: Triggered uncontrollable event: EV_obstacle_right
[balanced_delivery_supervisor-20] [INFO] [1789490079.554349776] [robot_0.robot_supervisor]: Triggered uncontrollable event: EV_object_not_visible
[balanced_delivery_supervisor-20] [INFO] [1789490079.568916414] [robot_0.robot_supervisor]: Selected controllable event: EV_rotate_counterclockwise
[balanced_delivery_supervisor-20] [WARN] [1789490079.569707917] [robot_0.robot_supervisor]: no translation for 4.2s livelock detected; starting atomic escape (turn_sign=+1)
[balanced_delivery_supervisor-22] [INFO] [1789490079.725221439] [robot_2.robot_supervisor]: Selected controllable event: EV_approach_color
[color_detector-29] [INFO] [1789490079.806221528] [robot_2.target_detector]: RGB HEARTBEAT frames_total=210 recent_rate_hz=1.362 last_frame_age_s=0.520 status=OK
[color_detector-27] [INFO] [1789490079.808833197] [robot_0.target_detector]: RGB HEARTBEAT frames_total=210 recent_rate_hz=1.362 last_frame_age_s=0.643 status=OK
[color_detector-31] [INFO] [1789490079.810642013] [robot_1.target_detector]: RGB HEARTBEAT frames_total=210 recent_rate_hz=1.357 last_frame_age_s=0.482 status=OK
[balanced_delivery_supervisor-22] [INFO] [1789490079.935265630] [robot_2.robot_supervisor]: Selected controllable event: EV_search_object
[balanced_delivery_supervisor-22] [INFO] [1789490080.044605802] [robot_2.robot_supervisor]: Selected controllable event: EV_approach_color
[balanced_delivery_supervisor-22] [INFO] [1789490080.324699150] [robot_2.robot_supervisor]: ############################# VISIBLE: EV_object_visible #############################
[balanced_delivery_supervisor-22] [INFO] [1789490080.325536648] [robot_2.robot_supervisor]: Selected controllable event: EV_move_forward
[balanced_delivery_supervisor-22] [INFO] [1789490080.629822464] [robot_2.robot_supervisor]: Selected controllable event: EV_approach_object
[balanced_delivery_supervisor-22] [INFO] [1789490080.938399120] [robot_2.robot_supervisor]: ############################# VISIBLE: EV_object_visible #############################
[balanced_delivery_supervisor-22] [INFO] [1789490080.946871007] [robot_2.robot_supervisor]: Selected controllable event: EV_search_object
[balanced_delivery_supervisor-22] [INFO] [1789490081.131666471] [robot_2.robot_supervisor]: Selected controllable event: EV_approach_color
[balanced_delivery_supervisor-22] [INFO] [1789490081.425917072] [robot_2.robot_supervisor]: ############################# VISIBLE: EV_object_visible #############################
[balanced_delivery_supervisor-22] [INFO] [1789490081.434560476] [robot_2.robot_supervisor]: Selected controllable event: EV_approach_object
[balanced_delivery_supervisor-22] [INFO] [1789490081.743259380] [robot_2.robot_supervisor]: Selected controllable event: EV_approach_object
[balanced_delivery_supervisor-22] [INFO] [1789490082.036414743] [robot_2.robot_supervisor]: Selected controllable event: EV_approach_color
[balanced_delivery_supervisor-20] [INFO] [1789490082.148289934] [robot_0.robot_supervisor]: Zone-livelock escape completed
[balanced_delivery_supervisor-24] [INFO] [1789490082.333013296] [robot_1.robot_supervisor]: FULL ROTATE completed by timeout
[balanced_delivery_supervisor-22] [INFO] [1789490082.337929469] [robot_2.robot_supervisor]: ############################# VISIBLE: EV_object_visible #############################
[balanced_delivery_supervisor-22] [INFO] [1789490082.338750043] [robot_2.robot_supervisor]: Selected controllable event: EV_move_forward
[balanced_delivery_supervisor-20] [INFO] [1789490082.457226666] [robot_0.robot_supervisor]: Triggered uncontrollable event: EV_object_not_visible
[balanced_delivery_supervisor-20] [INFO] [1789490082.458096181] [robot_0.robot_supervisor]: Selected controllable event: EV_search_object
[balanced_delivery_supervisor-24] [INFO] [1789490082.533739089] [robot_1.robot_supervisor]: ############################# REACHED: EV_object_reached #############################
[balanced_delivery_supervisor-24] [INFO] [1789490082.552162372] [robot_1.robot_supervisor]: Selected controllable event: EV_search_color
[balanced_delivery_supervisor-22] [INFO] [1789490082.625539645] [robot_2.robot_supervisor]: Selected controllable event: EV_move_forward
[balanced_delivery_supervisor-20] [INFO] [1789490082.664301977] [robot_0.robot_supervisor]: Selected controllable event: EV_move_forward
[balanced_delivery_supervisor-24] [INFO] [1789490082.737725529] [robot_1.robot_supervisor]: Selected controllable event: EV_approach_color
[balanced_delivery_supervisor-22] [INFO] [1789490082.916841598] [robot_2.robot_supervisor]: ############################# VISIBLE: EV_object_visible #############################
[balanced_delivery_supervisor-22] [INFO] [1789490082.917716129] [robot_2.robot_supervisor]: Selected controllable event: EV_search_object
[balanced_delivery_supervisor-20] [INFO] [1789490082.947007687] [robot_0.robot_supervisor]: ############################# VISIBLE: EV_object_visible #############################
[balanced_delivery_supervisor-20] [INFO] [1789490082.953376539] [robot_0.robot_supervisor]: Selected controllable event: EV_approach_color
[balanced_delivery_supervisor-22] [INFO] [1789490083.019446751] [robot_2.robot_supervisor]: Selected controllable event: EV_search_color
[balanced_delivery_supervisor-24] [INFO] [1789490083.031569497] [robot_1.robot_supervisor]: ############################# REACHED: EV_object_reached #############################
[balanced_delivery_supervisor-24] [INFO] [1789490083.038652885] [robot_1.robot_supervisor]: Selected controllable event: EV_approach_object
[balanced_delivery_supervisor-22] [INFO] [1789490083.139856495] [robot_2.robot_supervisor]: Selected controllable event: EV_search_color
[balanced_delivery_supervisor-20] [INFO] [1789490083.181101263] [robot_0.robot_supervisor]: Selected controllable event: EV_approach_color
[balanced_delivery_supervisor-22] [INFO] [1789490083.323123322] [robot_2.robot_supervisor]: Selected controllable event: EV_search_object
[balanced_delivery_supervisor-24] [INFO] [1789490083.358209266] [robot_1.robot_supervisor]: Selected controllable event: EV_search_object
[balanced_delivery_supervisor-22] [INFO] [1789490083.435583521] [robot_2.robot_supervisor]: ############################# VISIBLE: EV_object_visible #############################
[balanced_delivery_supervisor-22] [INFO] [1789490083.436383211] [robot_2.robot_supervisor]: Selected controllable event: EV_search_color
[balanced_delivery_supervisor-20] [INFO] [1789490083.456220148] [robot_0.robot_supervisor]: ############################# VISIBLE: EV_object_visible #############################
[balanced_delivery_supervisor-20] [INFO] [1789490083.462504376] [robot_0.robot_supervisor]: Selected controllable event: EV_approach_color
[balanced_delivery_supervisor-24] [INFO] [1789490083.540515073] [robot_1.robot_supervisor]: ############################# REACHED: EV_object_reached #############################
[balanced_delivery_supervisor-24] [INFO] [1789490083.541284924] [robot_1.robot_supervisor]: Selected controllable event: EV_search_color
[balanced_delivery_supervisor-22] [INFO] [1789490083.629441354] [robot_2.robot_supervisor]: Selected controllable event: EV_move_forward
[balanced_delivery_supervisor-24] [INFO] [1789490083.725397803] [robot_1.robot_supervisor]: Selected controllable event: EV_approach_object
[balanced_delivery_supervisor-20] [INFO] [1789490083.746606049] [robot_0.robot_supervisor]: Selected controllable event: EV_search_color
[balanced_delivery_supervisor-22] [INFO] [1789490083.838811269] [robot_2.robot_supervisor]: Selected controllable event: EV_search_color
[balanced_delivery_supervisor-20] [INFO] [1789490083.858174375] [robot_0.robot_supervisor]: Selected controllable event: EV_approach_object
[balanced_delivery_supervisor-24] [INFO] [1789490083.944715044] [robot_1.robot_supervisor]: Selected controllable event: EV_approach_color
[balanced_delivery_supervisor-22] [INFO] [1789490084.026822555] [robot_2.robot_supervisor]: Selected controllable event: EV_approach_object
[balanced_delivery_supervisor-20] [INFO] [1789490084.145392163] [robot_0.robot_supervisor]: ############################# VISIBLE: EV_object_visible #############################
[balanced_delivery_supervisor-20] [INFO] [1789490084.155484434] [robot_0.robot_supervisor]: Selected controllable event: EV_search_object
[balanced_delivery_supervisor-24] [INFO] [1789490084.229098020] [robot_1.robot_supervisor]: ############################# REACHED: EV_object_reached #############################
[balanced_delivery_supervisor-24] [INFO] [1789490084.230003426] [robot_1.robot_supervisor]: Selected controllable event: EV_move_forward
[balanced_delivery_supervisor-22] [INFO] [1789490084.237486528] [robot_2.robot_supervisor]: ############################# VISIBLE: EV_object_visible #############################
[balanced_delivery_supervisor-22] [INFO] [1789490084.238467979] [robot_2.robot_supervisor]: Selected controllable event: EV_search_color
[balanced_delivery_supervisor-20] [INFO] [1789490084.367009091] [robot_0.robot_supervisor]: Selected controllable event: EV_approach_object
[balanced_delivery_supervisor-22] [INFO] [1789490084.419423085] [robot_2.robot_supervisor]: Selected controllable event: EV_move_forward
[balanced_delivery_supervisor-24] [INFO] [1789490084.520336977] [robot_1.robot_supervisor]: Selected controllable event: EV_approach_color
[balanced_delivery_supervisor-20] [INFO] [1789490084.652015592] [robot_0.robot_supervisor]: Selected controllable event: EV_move_forward
[balanced_delivery_supervisor-22] [INFO] [1789490084.725950636] [robot_2.robot_supervisor]: Selected controllable event: EV_search_object
[balanced_delivery_supervisor-24] [INFO] [1789490084.736230627] [robot_1.robot_supervisor]: Selected controllable event: EV_search_color
[balanced_delivery_supervisor-24] [INFO] [1789490084.841741997] [robot_1.robot_supervisor]: Selected controllable event: EV_approach_object
[balanced_delivery_supervisor-22] [INFO] [1789490084.926224540] [robot_2.robot_supervisor]: Selected controllable event: EV_approach_object
[balanced_delivery_supervisor-20] [INFO] [1789490084.946162973] [robot_0.robot_supervisor]: ############################# VISIBLE: EV_object_visible #############################
[balanced_delivery_supervisor-20] [INFO] [1789490084.966714539] [robot_0.robot_supervisor]: Selected controllable event: EV_search_color
[balanced_delivery_supervisor-20] [INFO] [1789490085.070905190] [robot_0.robot_supervisor]: Selected controllable event: EV_search_color
[balanced_delivery_supervisor-24] [INFO] [1789490085.130320410] [robot_1.robot_supervisor]: ############################# REACHED: EV_object_reached #############################
[balanced_delivery_supervisor-24] [INFO] [1789490085.138259899] [robot_1.robot_supervisor]: Selected controllable event: EV_approach_object
[balanced_delivery_supervisor-22] [INFO] [1789490085.225529396] [robot_2.robot_supervisor]: ############################# VISIBLE: EV_object_visible #############################
[balanced_delivery_supervisor-22] [INFO] [1789490085.234455458] [robot_2.robot_supervisor]: Selected controllable event: EV_approach_object
[balanced_delivery_supervisor-20] [INFO] [1789490085.268467297] [robot_0.robot_supervisor]: Selected controllable event: EV_search_color
[balanced_delivery_supervisor-24] [INFO] [1789490085.437420683] [robot_1.robot_supervisor]: Selected controllable event: EV_approach_object
[balanced_delivery_supervisor-20] [INFO] [1789490085.454324255] [robot_0.robot_supervisor]: Selected controllable event: EV_search_object
[balanced_delivery_supervisor-22] [INFO] [1789490085.534178243] [robot_2.robot_supervisor]: Selected controllable event: EV_approach_object
[balanced_delivery_supervisor-20] [INFO] [1789490085.648155448] [robot_0.robot_supervisor]: Selected controllable event: EV_approach_color
[balanced_delivery_supervisor-24] [INFO] [1789490085.722800689] [robot_1.robot_supervisor]: Selected controllable event: EV_approach_color
[balanced_delivery_supervisor-22] [INFO] [1789490085.817355806] [robot_2.robot_supervisor]: ############################# VISIBLE: EV_object_visible #############################
[balanced_delivery_supervisor-22] [INFO] [1789490085.818236468] [robot_2.robot_supervisor]: Selected controllable event: EV_approach_color
[balanced_delivery_supervisor-20] [INFO] [1789490085.959717286] [robot_0.robot_supervisor]: ############################# VISIBLE: EV_object_visible #############################
[balanced_delivery_supervisor-20] [INFO] [1789490085.968043561] [robot_0.robot_supervisor]: Selected controllable event: EV_approach_object
[balanced_delivery_supervisor-22] [INFO] [1789490086.022773939] [robot_2.robot_supervisor]: Selected controllable event: EV_move_forward
[balanced_delivery_supervisor-24] [INFO] [1789490086.041756602] [robot_1.robot_supervisor]: ############################# VISIBLE: EV_object_visible #############################
[balanced_delivery_supervisor-24] [INFO] [1789490086.046219940] [robot_1.robot_supervisor]: Selected controllable event: EV_move_forward
[balanced_delivery_supervisor-20] [INFO] [1789490086.260260614] [robot_0.robot_supervisor]: Selected controllable event: EV_search_color
[balanced_delivery_supervisor-24] [INFO] [1789490086.324563259] [robot_1.robot_supervisor]: Selected controllable event: EV_search_color
[balanced_delivery_supervisor-22] [INFO] [1789490086.335145767] [robot_2.robot_supervisor]: Selected controllable event: EV_approach_object
[balanced_delivery_supervisor-24] [INFO] [1789490086.430819414] [robot_1.robot_supervisor]: Selected controllable event: EV_move_forward
[balanced_delivery_supervisor-20] [INFO] [1789490086.451207053] [robot_0.robot_supervisor]: Selected controllable event: EV_search_color
[balanced_delivery_supervisor-22] [INFO] [1789490086.624634438] [robot_2.robot_supervisor]: ############################# VISIBLE: EV_object_visible #############################
[balanced_delivery_supervisor-22] [INFO] [1789490086.632586976] [robot_2.robot_supervisor]: Selected controllable event: EV_search_color
[balanced_delivery_supervisor-20] [INFO] [1789490086.656168630] [robot_0.robot_supervisor]: ############################# VISIBLE: EV_object_visible #############################
[balanced_delivery_supervisor-20] [INFO] [1789490086.657930102] [robot_0.robot_supervisor]: Selected controllable event: EV_approach_color
[balanced_delivery_supervisor-24] [INFO] [1789490086.748979854] [robot_1.robot_supervisor]: ############################# VISIBLE: EV_object_visible #############################
[balanced_delivery_supervisor-24] [INFO] [1789490086.749728106] [robot_1.robot_supervisor]: Selected controllable event: EV_search_color
[balanced_delivery_supervisor-22] [INFO] [1789490086.832504688] [robot_2.robot_supervisor]: Selected controllable event: EV_search_object
[balanced_delivery_supervisor-24] [INFO] [1789490086.926025438] [robot_1.robot_supervisor]: Selected controllable event: EV_move_forward
[balanced_delivery_supervisor-22] [INFO] [1789490086.948360673] [robot_2.robot_supervisor]: Selected controllable event: EV_approach_color
[balanced_delivery_supervisor-20] [INFO] [1789490086.952123630] [robot_0.robot_supervisor]: Selected controllable event: EV_search_object
[color_detector-31] [INFO] [1789490086.997171376] [robot_1.target_detector]: RGB HEARTBEAT frames_total=220 recent_rate_hz=1.392 last_frame_age_s=0.454 status=OK
[color_detector-27] [INFO] [1789490087.019222763] [robot_0.target_detector]: RGB HEARTBEAT frames_total=220 recent_rate_hz=1.387 last_frame_age_s=0.590 status=OK
[color_detector-29] [INFO] [1789490087.039206080] [robot_2.target_detector]: RGB HEARTBEAT frames_total=220 recent_rate_hz=1.389 last_frame_age_s=0.527 status=OK
[balanced_delivery_supervisor-20] [INFO] [1789490087.055953473] [robot_0.robot_supervisor]: Selected controllable event: EV_approach_object
[balanced_delivery_supervisor-24] [INFO] [1789490087.133258920] [robot_1.robot_supervisor]: Selected controllable event: EV_approach_color
[balanced_delivery_supervisor-22] [INFO] [1789490087.234027091] [robot_2.robot_supervisor]: Selected controllable event: EV_search_color
[balanced_delivery_supervisor-20] [INFO] [1789490087.263777923] [robot_0.robot_supervisor]: ############################# VISIBLE: EV_object_visible #############################
[balanced_delivery_supervisor-20] [INFO] [1789490087.270127106] [robot_0.robot_supervisor]: Selected controllable event: EV_move_forward
[balanced_delivery_supervisor-24] [INFO] [1789490087.358723969] [robot_1.robot_supervisor]: ############################# VISIBLE: EV_object_visible #############################
[balanced_delivery_supervisor-24] [INFO] [1789490087.363019473] [robot_1.robot_supervisor]: Selected controllable event: EV_move_forward
[balanced_delivery_supervisor-22] [INFO] [1789490087.433692878] [robot_2.robot_supervisor]: ############################# VISIBLE: EV_object_visible #############################
[balanced_delivery_supervisor-22] [INFO] [1789490087.434617053] [robot_2.robot_supervisor]: Selected controllable event: EV_search_color
[balanced_delivery_supervisor-20] [INFO] [1789490087.547702097] [robot_0.robot_supervisor]: Selected controllable event: EV_search_color
[balanced_delivery_supervisor-22] [INFO] [1789490087.617477415] [robot_2.robot_supervisor]: Selected controllable event: EV_move_forward
[balanced_delivery_supervisor-24] [INFO] [1789490087.625272057] [robot_1.robot_supervisor]: Selected controllable event: EV_search_object
[balanced_delivery_supervisor-20] [INFO] [1789490087.661893340] [robot_0.robot_supervisor]: Selected controllable event: EV_search_color
[balanced_delivery_supervisor-24] [INFO] [1789490087.731317464] [robot_1.robot_supervisor]: Selected controllable event: EV_approach_color
[balanced_delivery_supervisor-22] [INFO] [1789490087.818813052] [robot_2.robot_supervisor]: Selected controllable event: EV_move_forward
[balanced_delivery_supervisor-20] [INFO] [1789490087.852722204] [robot_0.robot_supervisor]: Selected controllable event: EV_search_color
[balanced_delivery_supervisor-20] [INFO] [1789490087.957540350] [robot_0.robot_supervisor]: ############################# VISIBLE: EV_object_visible #############################
[balanced_delivery_supervisor-20] [INFO] [1789490087.958436929] [robot_0.robot_supervisor]: Selected controllable event: EV_search_color
[balanced_delivery_supervisor-22] [INFO] [1789490088.030274471] [robot_2.robot_supervisor]: ############################# VISIBLE: EV_object_visible #############################
[balanced_delivery_supervisor-24] [INFO] [1789490088.031443818] [robot_1.robot_supervisor]: ############################# REACHED: EV_object_reached #############################
[balanced_delivery_supervisor-24] [INFO] [1789490088.032432496] [robot_1.robot_supervisor]: Selected controllable event: EV_approach_object
[balanced_delivery_supervisor-22] [INFO] [1789490088.053022836] [robot_2.robot_supervisor]: Selected controllable event: EV_search_color
[balanced_delivery_supervisor-20] [INFO] [1789490088.161451683] [robot_0.robot_supervisor]: Selected controllable event: EV_approach_object
[balanced_delivery_supervisor-22] [INFO] [1789490088.217474063] [robot_2.robot_supervisor]: Selected controllable event: EV_approach_color
[balanced_delivery_supervisor-24] [INFO] [1789490088.327207654] [robot_1.robot_supervisor]: Selected controllable event: EV_search_color
[balanced_delivery_supervisor-24] [INFO] [1789490088.430244597] [robot_1.robot_supervisor]: Selected controllable event: EV_move_forward
[balanced_delivery_supervisor-22] [INFO] [1789490088.432807478] [robot_2.robot_supervisor]: Selected controllable event: EV_approach_color
[balanced_delivery_supervisor-20] [INFO] [1789490088.468949293] [robot_0.robot_supervisor]: Selected controllable event: EV_approach_color
[balanced_delivery_supervisor-24] [INFO] [1789490088.721456026] [robot_1.robot_supervisor]: Triggered uncontrollable event: EV_obstacle_front
[balanced_delivery_supervisor-22] [INFO] [1789490088.723053052] [robot_2.robot_supervisor]: ############################# VISIBLE: EV_object_visible #############################
[balanced_delivery_supervisor-22] [INFO] [1789490088.723945134] [robot_2.robot_supervisor]: Selected controllable event: EV_move_forward
[balanced_delivery_supervisor-24] [INFO] [1789490088.739407213] [robot_1.robot_supervisor]: Selected controllable event: EV_u_turn
[balanced_delivery_supervisor-24] [INFO] [1789490088.740209655] [robot_1.robot_supervisor]: Starting FULL ROTATE (omega=1.000, have_odom=True, target_rad=3.142, timeout_s=3.500)
[balanced_delivery_supervisor-20] [INFO] [1789490088.764990684] [robot_0.robot_supervisor]: ############################# VISIBLE: EV_object_visible #############################
[balanced_delivery_supervisor-20] [INFO] [1789490088.765882202] [robot_0.robot_supervisor]: Selected controllable event: EV_search_object
[balanced_delivery_supervisor-22] [INFO] [1789490088.938833840] [robot_2.robot_supervisor]: Selected controllable event: EV_approach_color
[balanced_delivery_supervisor-20] [INFO] [1789490088.963019014] [robot_0.robot_supervisor]: Selected controllable event: EV_search_color
[balanced_delivery_supervisor-20] [INFO] [1789490089.155050143] [robot_0.robot_supervisor]: Selected controllable event: EV_search_object
[balanced_delivery_supervisor-22] [INFO] [1789490089.240735924] [robot_2.robot_supervisor]: Selected controllable event: EV_approach_object
[balanced_delivery_supervisor-20] [INFO] [1789490089.264682704] [robot_0.robot_supervisor]: Selected controllable event: EV_search_color
[balanced_delivery_supervisor-20] [INFO] [1789490089.453727020] [robot_0.robot_supervisor]: Triggered uncontrollable event: EV_obstacle_left
[balanced_delivery_supervisor-20] [INFO] [1789490089.460569630] [robot_0.robot_supervisor]: ############################# VISIBLE: EV_object_visible #############################
[balanced_delivery_supervisor-20] [INFO] [1789490089.461363531] [robot_0.robot_supervisor]: Selected controllable event: EV_rotate_clockwise
[balanced_delivery_supervisor-22] [INFO] [1789490089.527588584] [robot_2.robot_supervisor]: ############################# VISIBLE: EV_object_visible #############################
[balanced_delivery_supervisor-22] [INFO] [1789490089.540711962] [robot_2.robot_supervisor]: Selected controllable event: EV_approach_object
[balanced_delivery_supervisor-20] [INFO] [1789490089.648747663] [robot_0.robot_supervisor]: Triggered uncontrollable event: EV_obstacle_left
[balanced_delivery_supervisor-20] [INFO] [1789490089.649538485] [robot_0.robot_supervisor]: Selected controllable event: EV_u_turn
[balanced_delivery_supervisor-20] [INFO] [1789490089.669651078] [robot_0.robot_supervisor]: Starting FULL ROTATE (omega=1.000, have_odom=True, target_rad=3.142, timeout_s=3.500)
[balanced_delivery_supervisor-22] [INFO] [1789490089.822552106] [robot_2.robot_supervisor]: Selected controllable event: EV_move_forward
[balanced_delivery_supervisor-22] [INFO] [1789490090.033439194] [robot_2.robot_supervisor]: Selected controllable event: EV_search_object
[balanced_delivery_supervisor-22] [INFO] [1789490090.216779055] [robot_2.robot_supervisor]: ############################# VISIBLE: EV_object_visible #############################
[balanced_delivery_supervisor-22] [INFO] [1789490090.224701836] [robot_2.robot_supervisor]: Selected controllable event: EV_search_color
[balanced_delivery_supervisor-22] [INFO] [1789490090.338634676] [robot_2.robot_supervisor]: Selected controllable event: EV_approach_color
[balanced_delivery_supervisor-22] [INFO] [1789490090.618714784] [robot_2.robot_supervisor]: Selected controllable event: EV_approach_object
[balanced_delivery_supervisor-22] [INFO] [1789490090.833632872] [robot_2.robot_supervisor]: ############################# VISIBLE: EV_object_visible #############################
[balanced_delivery_supervisor-22] [INFO] [1789490090.834495871] [robot_2.robot_supervisor]: Selected controllable event: EV_search_object
[balanced_delivery_supervisor-22] [INFO] [1789490091.026555980] [robot_2.robot_supervisor]: Selected controllable event: EV_search_color
[balanced_delivery_supervisor-22] [INFO] [1789490091.218068244] [robot_2.robot_supervisor]: Selected controllable event: EV_search_object
[balanced_delivery_supervisor-22] [INFO] [1789490091.420605424] [robot_2.robot_supervisor]: ############################# VISIBLE: EV_object_visible #############################
[balanced_delivery_supervisor-22] [INFO] [1789490091.428612732] [robot_2.robot_supervisor]: Selected controllable event: EV_search_color
[balanced_delivery_supervisor-22] [INFO] [1789490091.535773278] [robot_2.robot_supervisor]: Selected controllable event: EV_approach_object
[balanced_delivery_supervisor-22] [INFO] [1789490091.827351559] [robot_2.robot_supervisor]: Selected controllable event: EV_approach_color
[balanced_delivery_supervisor-22] [INFO] [1789490092.151772986] [robot_2.robot_supervisor]: ############################# VISIBLE: EV_object_visible #############################
[balanced_delivery_supervisor-22] [INFO] [1789490092.152680644] [robot_2.robot_supervisor]: Selected controllable event: EV_approach_color
[balanced_delivery_supervisor-24] [INFO] [1789490092.342707807] [robot_1.robot_supervisor]: FULL ROTATE completed by timeout
[balanced_delivery_supervisor-22] [INFO] [1789490092.417019815] [robot_2.robot_supervisor]: Selected controllable event: EV_approach_object
[balanced_delivery_supervisor-24] [INFO] [1789490092.561072752] [robot_1.robot_supervisor]: ############################# REACHED: EV_object_reached #############################
[balanced_delivery_supervisor-24] [INFO] [1789490092.561929537] [robot_1.robot_supervisor]: Selected controllable event: EV_search_object
[balanced_delivery_supervisor-22] [INFO] [1789490092.631307949] [robot_2.robot_supervisor]: Selected controllable event: EV_search_color
[balanced_delivery_supervisor-24] [INFO] [1789490092.734152507] [robot_1.robot_supervisor]: Selected controllable event: EV_approach_object
[balanced_delivery_supervisor-22] [INFO] [1789490092.825864513] [robot_2.robot_supervisor]: ############################# VISIBLE: EV_object_visible #############################
[balanced_delivery_supervisor-22] [INFO] [1789490092.826731927] [robot_2.robot_supervisor]: Selected controllable event: EV_approach_color
[balanced_delivery_supervisor-24] [INFO] [1789490093.027091379] [robot_1.robot_supervisor]: ############################# REACHED: EV_object_reached #############################
[balanced_delivery_supervisor-24] [INFO] [1789490093.028151713] [robot_1.robot_supervisor]: Selected controllable event: EV_move_forward
[balanced_delivery_supervisor-22] [INFO] [1789490093.125514272] [robot_2.robot_supervisor]: Selected controllable event: EV_move_forward
[balanced_delivery_supervisor-20] [INFO] [1789490093.153865756] [robot_0.robot_supervisor]: FULL ROTATE completed by timeout
[balanced_delivery_supervisor-24] [INFO] [1789490093.237279225] [robot_1.robot_supervisor]: Selected controllable event: EV_approach_object
[balanced_delivery_supervisor-22] [INFO] [1789490093.429269292] [robot_2.robot_supervisor]: Selected controllable event: EV_approach_object
[balanced_delivery_supervisor-20] [INFO] [1789490093.468147148] [robot_0.robot_supervisor]: Triggered uncontrollable event: EV_object_not_visible
[balanced_delivery_supervisor-20] [INFO] [1789490093.469030656] [robot_0.robot_supervisor]: Selected controllable event: EV_search_color
[balanced_delivery_supervisor-24] [INFO] [1789490093.527995637] [robot_1.robot_supervisor]: ############################# REACHED: EV_object_reached #############################
[balanced_delivery_supervisor-24] [INFO] [1789490093.539576815] [robot_1.robot_supervisor]: Selected controllable event: EV_search_object
[balanced_delivery_supervisor-20] [INFO] [1789490093.652869922] [robot_0.robot_supervisor]: Selected controllable event: EV_search_object
[balanced_delivery_supervisor-22] [INFO] [1789490093.718241225] [robot_2.robot_supervisor]: ############################# VISIBLE: EV_object_visible #############################
[balanced_delivery_supervisor-22] [INFO] [1789490093.718909305] [robot_2.robot_supervisor]: Selected controllable event: EV_search_color
[balanced_delivery_supervisor-24] [INFO] [1789490093.738227488] [robot_1.robot_supervisor]: Selected controllable event: EV_move_forward
[balanced_delivery_supervisor-22] [INFO] [1789490093.835011798] [robot_2.robot_supervisor]: Selected controllable event: EV_approach_color
[balanced_delivery_supervisor-20] [INFO] [1789490093.855012063] [robot_0.robot_supervisor]: Selected controllable event: EV_approach_color
[color_detector-29] [INFO] [1789490094.003045585] [robot_2.target_detector]: RGB HEARTBEAT frames_total=230 recent_rate_hz=1.432 last_frame_age_s=0.528 status=OK
[color_detector-27] [INFO] [1789490094.004725757] [robot_0.target_detector]: RGB HEARTBEAT frames_total=230 recent_rate_hz=1.436 last_frame_age_s=0.599 status=OK
[color_detector-31] [INFO] [1789490094.016255375] [robot_1.target_detector]: RGB HEARTBEAT frames_total=230 recent_rate_hz=1.427 last_frame_age_s=0.531 status=OK
[balanced_delivery_supervisor-24] [INFO] [1789490094.026843790] [robot_1.robot_supervisor]: Selected controllable event: EV_approach_color
[balanced_delivery_supervisor-20] [INFO] [1789490094.067432243] [robot_0.robot_supervisor]: Selected controllable event: EV_search_object
[balanced_delivery_supervisor-22] [INFO] [1789490094.116567664] [robot_2.robot_supervisor]: Selected controllable event: EV_approach_color
[balanced_delivery_supervisor-20] [INFO] [1789490094.263647039] [robot_0.robot_supervisor]: Triggered uncontrollable event: EV_object_not_visible
[balanced_delivery_supervisor-20] [INFO] [1789490094.275895627] [robot_0.robot_supervisor]: Selected controllable event: EV_search_object
[balanced_delivery_supervisor-22] [INFO] [1789490094.318109456] [robot_2.robot_supervisor]: ############################# VISIBLE: EV_object_visible #############################
[balanced_delivery_supervisor-22] [INFO] [1789490094.323361583] [robot_2.robot_supervisor]: Selected controllable event: EV_approach_object
[balanced_delivery_supervisor-24] [INFO] [1789490094.326493515] [robot_1.robot_supervisor]: ############################# REACHED: EV_object_reached #############################
[balanced_delivery_supervisor-24] [INFO] [1789490094.332520334] [robot_1.robot_supervisor]: Selected controllable event: EV_approach_object
[balanced_delivery_supervisor-20] [INFO] [1789490094.449011724] [robot_0.robot_supervisor]: Selected controllable event: EV_approach_object
[balanced_delivery_supervisor-24] [INFO] [1789490094.537334856] [robot_1.robot_supervisor]: Selected controllable event: EV_move_forward
[balanced_delivery_supervisor-22] [INFO] [1789490094.547636358] [robot_2.robot_supervisor]: Selected controllable event: EV_search_object
[balanced_delivery_supervisor-22] [INFO] [1789490094.731497107] [robot_2.robot_supervisor]: Selected controllable event: EV_approach_object
[balanced_delivery_supervisor-20] [INFO] [1789490094.767127499] [robot_0.robot_supervisor]: Selected controllable event: EV_approach_object
[balanced_delivery_supervisor-24] [INFO] [1789490094.832804403] [robot_1.robot_supervisor]: Selected controllable event: EV_search_object
[balanced_delivery_supervisor-22] [INFO] [1789490095.022021936] [robot_2.robot_supervisor]: Triggered uncontrollable event: EV_obstacle_right
[balanced_delivery_supervisor-22] [INFO] [1789490095.023876950] [robot_2.robot_supervisor]: ############################# REACHED: EV_object_reached #############################
[balanced_delivery_supervisor-22] [INFO] [1789490095.030220336] [robot_2.robot_supervisor]: Selected controllable event: EV_u_turn
[balanced_delivery_supervisor-24] [INFO] [1789490095.033897679] [robot_1.robot_supervisor]: ############################# VISIBLE: EV_object_visible #############################
[balanced_delivery_supervisor-24] [INFO] [1789490095.034611044] [robot_1.robot_supervisor]: Selected controllable event: EV_search_object
[balanced_delivery_supervisor-22] [INFO] [1789490095.039323357] [robot_2.robot_supervisor]: Starting FULL ROTATE (omega=1.000, have_odom=True, target_rad=3.142, timeout_s=3.500)
[balanced_delivery_supervisor-20] [INFO] [1789490095.057403406] [robot_0.robot_supervisor]: Triggered uncontrollable event: EV_object_not_visible
[balanced_delivery_supervisor-20] [INFO] [1789490095.063684382] [robot_0.robot_supervisor]: Selected controllable event: EV_approach_object
[balanced_delivery_supervisor-24] [INFO] [1789490095.222868751] [robot_1.robot_supervisor]: Selected controllable event: EV_approach_color
[balanced_delivery_supervisor-20] [INFO] [1789490095.352363572] [robot_0.robot_supervisor]: Selected controllable event: EV_approach_color
[balanced_delivery_supervisor-24] [INFO] [1789490095.526273916] [robot_1.robot_supervisor]: Selected controllable event: EV_approach_object
[balanced_delivery_supervisor-20] [INFO] [1789490095.651619338] [robot_0.robot_supervisor]: Triggered uncontrollable event: EV_object_not_visible
[balanced_delivery_supervisor-20] [INFO] [1789490095.657282935] [robot_0.robot_supervisor]: Selected controllable event: EV_approach_color
[balanced_delivery_supervisor-24] [INFO] [1789490095.732750882] [robot_1.robot_supervisor]: ############################# VISIBLE: EV_object_visible #############################
[balanced_delivery_supervisor-24] [INFO] [1789490095.733637578] [robot_1.robot_supervisor]: Selected controllable event: EV_approach_color
[balanced_delivery_supervisor-20] [INFO] [1789490095.863001300] [robot_0.robot_supervisor]: Selected controllable event: EV_search_object
[balanced_delivery_supervisor-24] [INFO] [1789490095.941818962] [robot_1.robot_supervisor]: Selected controllable event: EV_approach_object
[balanced_delivery_supervisor-20] [INFO] [1789490096.069211155] [robot_0.robot_supervisor]: Selected controllable event: EV_search_object
[balanced_delivery_supervisor-24] [INFO] [1789490096.227473100] [robot_1.robot_supervisor]: Selected controllable event: EV_move_forward
[balanced_delivery_supervisor-20] [INFO] [1789490096.245380193] [robot_0.robot_supervisor]: Triggered uncontrollable event: EV_object_not_visible
[balanced_delivery_supervisor-20] [INFO] [1789490096.246229898] [robot_0.robot_supervisor]: Selected controllable event: EV_search_color
[balanced_delivery_supervisor-20] [INFO] [1789490096.349313620] [robot_0.robot_supervisor]: Selected controllable event: EV_approach_object
[balanced_delivery_supervisor-24] [INFO] [1789490096.536426395] [robot_1.robot_supervisor]: ############################# REACHED: EV_object_reached #############################
[balanced_delivery_supervisor-24] [INFO] [1789490096.548254698] [robot_1.robot_supervisor]: Selected controllable event: EV_search_color
[balanced_delivery_supervisor-20] [INFO] [1789490096.650590546] [robot_0.robot_supervisor]: Selected controllable event: EV_approach_color
[balanced_delivery_supervisor-24] [INFO] [1789490096.722214408] [robot_1.robot_supervisor]: Selected controllable event: EV_move_forward
[balanced_delivery_supervisor-24] [INFO] [1789490096.931748347] [robot_1.robot_supervisor]: Selected controllable event: EV_move_forward
[balanced_delivery_supervisor-20] [INFO] [1789490096.953351986] [robot_0.robot_supervisor]: Selected controllable event: EV_approach_object
[balanced_delivery_supervisor-24] [INFO] [1789490097.234831738] [robot_1.robot_supervisor]: Selected controllable event: EV_search_object
[balanced_delivery_supervisor-20] [INFO] [1789490097.244085108] [robot_0.robot_supervisor]: Triggered uncontrollable event: EV_object_not_visible
[balanced_delivery_supervisor-20] [INFO] [1789490097.244866962] [robot_0.robot_supervisor]: Selected controllable event: EV_search_color
[balanced_delivery_supervisor-20] [INFO] [1789490097.365267174] [robot_0.robot_supervisor]: Selected controllable event: EV_search_color
[balanced_delivery_supervisor-24] [INFO] [1789490097.435508346] [robot_1.robot_supervisor]: Triggered uncontrollable event: EV_obstacle_left
[balanced_delivery_supervisor-24] [INFO] [1789490097.436154927] [robot_1.robot_supervisor]: ############################# REACHED: EV_object_reached #############################
[balanced_delivery_supervisor-24] [INFO] [1789490097.436792685] [robot_1.robot_supervisor]: Selected controllable event: EV_rotate_clockwise
[balanced_delivery_supervisor-20] [INFO] [1789490097.558603863] [robot_0.robot_supervisor]: Selected controllable event: EV_search_color
[balanced_delivery_supervisor-24] [INFO] [1789490097.634841103] [robot_1.robot_supervisor]: Triggered uncontrollable event: EV_obstacle_left
[balanced_delivery_supervisor-24] [INFO] [1789490097.635693050] [robot_1.robot_supervisor]: Selected controllable event: EV_u_turn
[balanced_delivery_supervisor-24] [INFO] [1789490097.636460935] [robot_1.robot_supervisor]: Starting FULL ROTATE (omega=1.000, have_odom=True, target_rad=3.142, timeout_s=3.500)
[balanced_delivery_supervisor-20] [INFO] [1789490097.679048426] [robot_0.robot_supervisor]: Selected controllable event: EV_move_forward
[balanced_delivery_supervisor-20] [INFO] [1789490097.950458419] [robot_0.robot_supervisor]: Triggered uncontrollable event: EV_object_not_visible
[balanced_delivery_supervisor-20] [INFO] [1789490097.951227958] [robot_0.robot_supervisor]: Selected controllable event: EV_search_color
[balanced_delivery_supervisor-20] [INFO] [1789490098.054464111] [robot_0.robot_supervisor]: Selected controllable event: EV_approach_color
[balanced_delivery_supervisor-20] [INFO] [1789490098.362594168] [robot_0.robot_supervisor]: Triggered uncontrollable event: EV_object_not_visible
[balanced_delivery_supervisor-20] [INFO] [1789490098.363490115] [robot_0.robot_supervisor]: Selected controllable event: EV_approach_object
[balanced_delivery_supervisor-22] [INFO] [1789490098.616748887] [robot_2.robot_supervisor]: FULL ROTATE completed by timeout
[balanced_delivery_supervisor-20] [INFO] [1789490098.643026610] [robot_0.robot_supervisor]: Selected controllable event: EV_move_forward
[balanced_delivery_supervisor-22] [INFO] [1789490098.822860189] [robot_2.robot_supervisor]: ############################# REACHED: EV_object_reached #############################
[balanced_delivery_supervisor-22] [INFO] [1789490098.829748186] [robot_2.robot_supervisor]: Selected controllable event: EV_search_color
[balanced_delivery_supervisor-20] [INFO] [1789490098.862154535] [robot_0.robot_supervisor]: Selected controllable event: EV_search_color
[balanced_delivery_supervisor-22] [INFO] [1789490099.029211693] [robot_2.robot_supervisor]: Selected controllable event: EV_approach_object
[balanced_delivery_supervisor-20] [INFO] [1789490099.053980818] [robot_0.robot_supervisor]: Triggered uncontrollable event: EV_obstacle_left
[balanced_delivery_supervisor-20] [INFO] [1789490099.054560890] [robot_0.robot_supervisor]: Triggered uncontrollable event: EV_object_not_visible
[balanced_delivery_supervisor-20] [INFO] [1789490099.055299697] [robot_0.robot_supervisor]: Selected controllable event: EV_u_turn
[balanced_delivery_supervisor-20] [INFO] [1789490099.073287180] [robot_0.robot_supervisor]: Starting FULL ROTATE (omega=1.000, have_odom=True, target_rad=3.142, timeout_s=3.500)
[INFO] [coverage_counter-4]: process has finished cleanly [pid 75879]
[INFO] [launch]: process[coverage_counter-4] was required: shutting down launched system
[INFO] [color_detector-31]: sending signal 'SIGINT' to process[color_detector-31]
[INFO] [image_processor-30]: sending signal 'SIGINT' to process[image_processor-30]
[INFO] [color_detector-29]: sending signal 'SIGINT' to process[color_detector-29]
[INFO] [image_processor-28]: sending signal 'SIGINT' to process[image_processor-28]
[INFO] [color_detector-27]: sending signal 'SIGINT' to process[color_detector-27]
[INFO] [image_processor-26]: sending signal 'SIGINT' to process[image_processor-26]
[INFO] [stuck_recovery-25]: sending signal 'SIGINT' to process[stuck_recovery-25]
[INFO] [balanced_delivery_supervisor-24]: sending signal 'SIGINT' to process[balanced_delivery_supervisor-24]
[INFO] [stuck_recovery-23]: sending signal 'SIGINT' to process[stuck_recovery-23]
[INFO] [balanced_delivery_supervisor-22]: sending signal 'SIGINT' to process[balanced_delivery_supervisor-22]
[INFO] [stuck_recovery-21]: sending signal 'SIGINT' to process[stuck_recovery-21]
[INFO] [balanced_delivery_supervisor-20]: sending signal 'SIGINT' to process[balanced_delivery_supervisor-20]
[INFO] [parameter_bridge-19]: sending signal 'SIGINT' to process[parameter_bridge-19]
[INFO] [image_bridge-18]: sending signal 'SIGINT' to process[image_bridge-18]
[INFO] [parameter_bridge-19]: process has finished cleanly [pid 76073]
[INFO] [static_transform_publisher-17]: sending signal 'SIGINT' to process[static_transform_publisher-17]
[INFO] [robot_state_publisher-15]: sending signal 'SIGINT' to process[robot_state_publisher-15]
[INFO] [image_bridge-14]: sending signal 'SIGINT' to process[image_bridge-14]
[INFO] [static_transform_publisher-13]: sending signal 'SIGINT' to process[static_transform_publisher-13]
[INFO] [robot_state_publisher-11]: sending signal 'SIGINT' to process[robot_state_publisher-11]
[INFO] [image_bridge-10]: sending signal 'SIGINT' to process[image_bridge-10]
[INFO] [static_transform_publisher-9]: sending signal 'SIGINT' to process[static_transform_publisher-9]
[INFO] [robot_state_publisher-7]: sending signal 'SIGINT' to process[robot_state_publisher-7]
[INFO] [parameter_bridge-6]: sending signal 'SIGINT' to process[parameter_bridge-6]
[INFO] [bump_counter-5]: sending signal 'SIGINT' to process[bump_counter-5]
[INFO] [simulation_video_recorder-3]: sending signal 'SIGINT' to process[simulation_video_recorder-3]
[INFO] [parameter_bridge-6]: process has finished cleanly [pid 75902]
[INFO] [image_bridge-2]: sending signal 'SIGINT' to process[image_bridge-2]
[INFO] [ign gazebo-1]: sending signal 'SIGINT' to process[ign gazebo-1]
[balanced_delivery_supervisor-22] [INFO] [1789490099.335680497] [robot_2.robot_supervisor]: ############################# REACHED: EV_object_reached #############################
[balanced_delivery_supervisor-22] [INFO] [1789490099.336510186] [robot_2.robot_supervisor]: Selected controllable event: EV_approach_color
[balanced_delivery_supervisor-22] [INFO] [1789490099.545360346] [robot_2.robot_supervisor]: Selected controllable event: EV_search_color
[balanced_delivery_supervisor-22] [INFO] [1789490099.731484236] [robot_2.robot_supervisor]: Selected controllable event: EV_move_forward
[balanced_delivery_supervisor-22] [INFO] [1789490100.072463679] [robot_2.robot_supervisor]: Selected controllable event: EV_search_object
[parameter_bridge-19] [INFO] [1789490100.225961671] [rclcpp]: signal_handler(SIGINT/SIGTERM)
[image_bridge-18] [INFO] [1789490100.267957954] [rclcpp]: signal_handler(SIGINT/SIGTERM)
[static_transform_publisher-17] [INFO] [1789490100.381434248] [rclcpp]: signal_handler(SIGINT/SIGTERM)
[robot_state_publisher-15] [INFO] [1789490100.467872277] [rclcpp]: signal_handler(SIGINT/SIGTERM)
[image_bridge-14] [INFO] [1789490100.525764508] [rclcpp]: signal_handler(SIGINT/SIGTERM)
[static_transform_publisher-13] [INFO] [1789490100.594178114] [rclcpp]: signal_handler(SIGINT/SIGTERM)
[robot_state_publisher-11] [INFO] [1789490100.644336107] [rclcpp]: signal_handler(SIGINT/SIGTERM)
[image_bridge-10] [INFO] [1789490100.719220358] [rclcpp]: signal_handler(SIGINT/SIGTERM)
[static_transform_publisher-9] [INFO] [1789490100.786324817] [rclcpp]: signal_handler(SIGINT/SIGTERM)
[image_processor-30] Traceback (most recent call last):
[image_processor-30]   File "/home/ecem/sct_ws/install/leo_image_processing/lib/leo_image_processing/image_processor", line 33, in <module>
[image_processor-30]     sys.exit(load_entry_point('leo-image-processing==0.0.0', 'console_scripts', 'image_processor')())
[image_processor-30]   File "/home/ecem/sct_ws/install/leo_image_processing/lib/python3.10/site-packages/leo_image_processing.py", line 118, in main
[image_processor-30]     rclpy.shutdown()
[image_processor-30]   File "/opt/ros/humble/local/lib/python3.10/dist-packages/rclpy/__init__.py", line 130, in shutdown
[image_processor-30]     _shutdown(context=context)
[image_processor-30]   File "/opt/ros/humble/local/lib/python3.10/dist-packages/rclpy/utilities.py", line 58, in shutdown
[image_processor-30]     return context.shutdown()
[image_processor-30]   File "/opt/ros/humble/local/lib/python3.10/dist-packages/rclpy/context.py", line 102, in shutdown
[image_processor-30]     self.__context.shutdown()
[image_processor-30] rclpy._rclpy_pybind11.RCLError: failed to shutdown: rcl_shutdown already called on the given context, at ./src/rcl/init.c:241
[robot_state_publisher-7] [INFO] [1789490100.853655847] [rclcpp]: signal_handler(SIGINT/SIGTERM)
[color_detector-31] Traceback (most recent call last):
[color_detector-31]   File "/home/ecem/sct_ws/install/leo_image_processing/lib/python3.10/site-packages/color_detector.py", line 325, in main
[color_detector-31]     rclpy.spin(node)
[color_detector-31]   File "/opt/ros/humble/local/lib/python3.10/dist-packages/rclpy/__init__.py", line 229, in spin
[color_detector-31]     executor.spin_once()
[color_detector-31]   File "/opt/ros/humble/local/lib/python3.10/dist-packages/rclpy/executors.py", line 773, in spin_once
[color_detector-31]     self._spin_once_impl(timeout_sec)
[color_detector-31]   File "/opt/ros/humble/local/lib/python3.10/dist-packages/rclpy/executors.py", line 770, in _spin_once_impl
[color_detector-31]     raise handler.exception()
[color_detector-31]   File "/opt/ros/humble/local/lib/python3.10/dist-packages/rclpy/task.py", line 254, in __call__
[color_detector-31]     self._handler.send(None)
[color_detector-31]   File "/opt/ros/humble/local/lib/python3.10/dist-packages/rclpy/executors.py", line 453, in handler
[color_detector-31]     arg = take_from_wait_list(entity)
[color_detector-31]   File "/opt/ros/humble/local/lib/python3.10/dist-packages/rclpy/executors.py", line 375, in _take_subscription
[color_detector-31]     msg_info = sub.handle.take_message(sub.msg_type, sub.raw)
[color_detector-31] RuntimeError: Unable to convert call argument to Python object (compile in debug mode for details)
[color_detector-31] 
[color_detector-31] During handling of the above exception, another exception occurred:
[color_detector-31] 
[color_detector-31] Traceback (most recent call last):
[color_detector-31]   File "/home/ecem/sct_ws/install/leo_image_processing/lib/leo_image_processing/color_detector", line 33, in <module>
[color_detector-31]     sys.exit(load_entry_point('leo-image-processing==0.0.0', 'console_scripts', 'color_detector')())
[color_detector-31]   File "/home/ecem/sct_ws/install/leo_image_processing/lib/python3.10/site-packages/color_detector.py", line 330, in main
[color_detector-31]     rclpy.shutdown()
[color_detector-31]   File "/opt/ros/humble/local/lib/python3.10/dist-packages/rclpy/__init__.py", line 130, in shutdown
[color_detector-31]     _shutdown(context=context)
[color_detector-31]   File "/opt/ros/humble/local/lib/python3.10/dist-packages/rclpy/utilities.py", line 58, in shutdown
[color_detector-31]     return context.shutdown()
[color_detector-31]   File "/opt/ros/humble/local/lib/python3.10/dist-packages/rclpy/context.py", line 102, in shutdown
[color_detector-31]     self.__context.shutdown()
[color_detector-31] rclpy._rclpy_pybind11.RCLError: failed to shutdown: rcl_shutdown already called on the given context, at ./src/rcl/init.c:241
[parameter_bridge-6] [INFO] [1789490100.952044974] [rclcpp]: signal_handler(SIGINT/SIGTERM)
[color_detector-27] Traceback (most recent call last):
[color_detector-27]   File "/home/ecem/sct_ws/install/leo_image_processing/lib/leo_image_processing/color_detector", line 33, in <module>
[color_detector-27]     sys.exit(load_entry_point('leo-image-processing==0.0.0', 'console_scripts', 'color_detector')())
[color_detector-27]   File "/home/ecem/sct_ws/install/leo_image_processing/lib/python3.10/site-packages/color_detector.py", line 330, in main
[color_detector-27]     rclpy.shutdown()
[color_detector-27]   File "/opt/ros/humble/local/lib/python3.10/dist-packages/rclpy/__init__.py", line 130, in shutdown
[color_detector-27]     _shutdown(context=context)
[color_detector-27]   File "/opt/ros/humble/local/lib/python3.10/dist-packages/rclpy/utilities.py", line 58, in shutdown
[color_detector-27]     return context.shutdown()
[color_detector-27]   File "/opt/ros/humble/local/lib/python3.10/dist-packages/rclpy/context.py", line 102, in shutdown
[color_detector-27]     self.__context.shutdown()
[color_detector-27] rclpy._rclpy_pybind11.RCLError: failed to shutdown: rcl_shutdown already called on the given context, at ./src/rcl/init.c:241
[color_detector-29] Traceback (most recent call last):
[color_detector-29]   File "/home/ecem/sct_ws/install/leo_image_processing/lib/leo_image_processing/color_detector", line 33, in <module>
[color_detector-29]     sys.exit(load_entry_point('leo-image-processing==0.0.0', 'console_scripts', 'color_detector')())
[color_detector-29]   File "/home/ecem/sct_ws/install/leo_image_processing/lib/python3.10/site-packages/color_detector.py", line 330, in main
[color_detector-29]     rclpy.shutdown()
[color_detector-29]   File "/opt/ros/humble/local/lib/python3.10/dist-packages/rclpy/__init__.py", line 130, in shutdown
[color_detector-29]     _shutdown(context=context)
[color_detector-29]   File "/opt/ros/humble/local/lib/python3.10/dist-packages/rclpy/utilities.py", line 58, in shutdown
[color_detector-29]     return context.shutdown()
[color_detector-29]   File "/opt/ros/humble/local/lib/python3.10/dist-packages/rclpy/context.py", line 102, in shutdown
[color_detector-29]     self.__context.shutdown()
[color_detector-29] rclpy._rclpy_pybind11.RCLError: failed to shutdown: rcl_shutdown already called on the given context, at ./src/rcl/init.c:241
[image_processor-28] Traceback (most recent call last):
[image_processor-28]   File "/home/ecem/sct_ws/install/leo_image_processing/lib/leo_image_processing/image_processor", line 33, in <module>
[image_processor-28]     sys.exit(load_entry_point('leo-image-processing==0.0.0', 'console_scripts', 'image_processor')())
[image_processor-28]   File "/home/ecem/sct_ws/install/leo_image_processing/lib/python3.10/site-packages/leo_image_processing.py", line 118, in main
[image_processor-28]     rclpy.shutdown()
[image_processor-28]   File "/opt/ros/humble/local/lib/python3.10/dist-packages/rclpy/__init__.py", line 130, in shutdown
[image_processor-28]     _shutdown(context=context)
[image_processor-28]   File "/opt/ros/humble/local/lib/python3.10/dist-packages/rclpy/utilities.py", line 58, in shutdown
[image_processor-28]     return context.shutdown()
[image_processor-28]   File "/opt/ros/humble/local/lib/python3.10/dist-packages/rclpy/context.py", line 102, in shutdown
[image_processor-28]     self.__context.shutdown()
[image_processor-28] rclpy._rclpy_pybind11.RCLError: failed to shutdown: rcl_shutdown already called on the given context, at ./src/rcl/init.c:241
[image_bridge-2] [INFO] [1789490101.204320886] [rclcpp]: signal_handler(SIGINT/SIGTERM)
[image_processor-26] Traceback (most recent call last):
[image_processor-26]   File "/home/ecem/sct_ws/install/leo_image_processing/lib/leo_image_processing/image_processor", line 33, in <module>
[image_processor-26]     sys.exit(load_entry_point('leo-image-processing==0.0.0', 'console_scripts', 'image_processor')())
[image_processor-26]   File "/home/ecem/sct_ws/install/leo_image_processing/lib/python3.10/site-packages/leo_image_processing.py", line 118, in main
[image_processor-26]     rclpy.shutdown()
[image_processor-26]   File "/opt/ros/humble/local/lib/python3.10/dist-packages/rclpy/__init__.py", line 130, in shutdown
[image_processor-26]     _shutdown(context=context)
[image_processor-26]   File "/opt/ros/humble/local/lib/python3.10/dist-packages/rclpy/utilities.py", line 58, in shutdown
[image_processor-26]     return context.shutdown()
[image_processor-26]   File "/opt/ros/humble/local/lib/python3.10/dist-packages/rclpy/context.py", line 102, in shutdown
[image_processor-26]     self.__context.shutdown()
[image_processor-26] rclpy._rclpy_pybind11.RCLError: failed to shutdown: rcl_shutdown already called on the given context, at ./src/rcl/init.c:241
[ERROR] [image_processor-30]: process has died [pid 77079, exit code 1, cmd '/home/ecem/sct_ws/install/leo_image_processing/lib/leo_image_processing/image_processor --ros-args -r __node:=image_processor -r __ns:=/robot_1 --params-file /tmp/launch_params_znaesh4p --params-file /tmp/launch_params_pfs4biew --params-file /tmp/launch_params_zkm8awko'].
[INFO] [static_transform_publisher-17]: process has finished cleanly [pid 76039]
[INFO] [image_bridge-18]: process has finished cleanly [pid 76054]
[stuck_recovery-25] Traceback (most recent call last):
[stuck_recovery-25]   File "/home/ecem/sct_ws/install/leo_image_processing/lib/leo_image_processing/stuck_recovery", line 33, in <module>
[stuck_recovery-25]     sys.exit(load_entry_point('leo-image-processing==0.0.0', 'console_scripts', 'stuck_recovery')())
[stuck_recovery-25]   File "/home/ecem/sct_ws/install/leo_image_processing/lib/python3.10/site-packages/stuck_recovery.py", line 294, in main
[stuck_recovery-25]     rclpy.shutdown()
[stuck_recovery-25]   File "/opt/ros/humble/local/lib/python3.10/dist-packages/rclpy/__init__.py", line 130, in shutdown
[stuck_recovery-25]     _shutdown(context=context)
[stuck_recovery-25]   File "/opt/ros/humble/local/lib/python3.10/dist-packages/rclpy/utilities.py", line 58, in shutdown
[stuck_recovery-25]     return context.shutdown()
[stuck_recovery-25]   File "/opt/ros/humble/local/lib/python3.10/dist-packages/rclpy/context.py", line 102, in shutdown
[stuck_recovery-25]     self.__context.shutdown()
[stuck_recovery-25] rclpy._rclpy_pybind11.RCLError: failed to shutdown: rcl_shutdown already called on the given context, at ./src/rcl/init.c:241
[INFO] [robot_state_publisher-15]: process has finished cleanly [pid 76012]
[stuck_recovery-23] Traceback (most recent call last):
[stuck_recovery-23]   File "/home/ecem/sct_ws/install/leo_image_processing/lib/leo_image_processing/stuck_recovery", line 33, in <module>
[stuck_recovery-23]     sys.exit(load_entry_point('leo-image-processing==0.0.0', 'console_scripts', 'stuck_recovery')())
[stuck_recovery-23]   File "/home/ecem/sct_ws/install/leo_image_processing/lib/python3.10/site-packages/stuck_recovery.py", line 294, in main
[stuck_recovery-23]     rclpy.shutdown()
[stuck_recovery-23]   File "/opt/ros/humble/local/lib/python3.10/dist-packages/rclpy/__init__.py", line 130, in shutdown
[stuck_recovery-23]     _shutdown(context=context)
[stuck_recovery-23]   File "/opt/ros/humble/local/lib/python3.10/dist-packages/rclpy/utilities.py", line 58, in shutdown
[stuck_recovery-23]     return context.shutdown()
[stuck_recovery-23]   File "/opt/ros/humble/local/lib/python3.10/dist-packages/rclpy/context.py", line 102, in shutdown
[stuck_recovery-23]     self.__context.shutdown()
[stuck_recovery-23] rclpy._rclpy_pybind11.RCLError: failed to shutdown: rcl_shutdown already called on the given context, at ./src/rcl/init.c:241
[ERROR] [color_detector-27]: process has died [pid 77022, exit code 1, cmd '/home/ecem/sct_ws/install/leo_image_processing/lib/leo_image_processing/color_detector --ros-args -r __node:=target_detector -r __ns:=/robot_0 --params-file /tmp/launch_params_lwmp7qg1 --params-file /tmp/launch_params_amjf7ht4 --params-file /tmp/launch_params_9jingwax --params-file /tmp/launch_params_jhv5kz7b --params-file /tmp/launch_params_a99n_qqn --params-file /tmp/launch_params_d4rvaelx'].
[ERROR] [color_detector-31]: process has died [pid 77081, exit code 1, cmd '/home/ecem/sct_ws/install/leo_image_processing/lib/leo_image_processing/color_detector --ros-args -r __node:=target_detector -r __ns:=/robot_1 --params-file /tmp/launch_params__wfc2kqz --params-file /tmp/launch_params_3s1b6eek --params-file /tmp/launch_params__t0lf4ur --params-file /tmp/launch_params_m8dmp9i6 --params-file /tmp/launch_params_h6uug04f --params-file /tmp/launch_params_w96ez_2v'].
[INFO] [static_transform_publisher-13]: process has finished cleanly [pid 75964]
[ERROR] [color_detector-29]: process has died [pid 77051, exit code 1, cmd '/home/ecem/sct_ws/install/leo_image_processing/lib/leo_image_processing/color_detector --ros-args -r __node:=target_detector -r __ns:=/robot_2 --params-file /tmp/launch_params_77d3hbjt --params-file /tmp/launch_params_fa8pe92e --params-file /tmp/launch_params_25445a4e --params-file /tmp/launch_params_s2fndiw6 --params-file /tmp/launch_params_2f5kl0ue --params-file /tmp/launch_params_fgy_lnyp'].
[INFO] [balanced_delivery_supervisor-24]: process has finished cleanly [pid 76799]
[INFO] [image_bridge-14]: process has finished cleanly [pid 75985]
[INFO] [robot_state_publisher-11]: process has finished cleanly [pid 75933]
[ERROR] [image_processor-28]: process has died [pid 77046, exit code 1, cmd '/home/ecem/sct_ws/install/leo_image_processing/lib/leo_image_processing/image_processor --ros-args -r __node:=image_processor -r __ns:=/robot_2 --params-file /tmp/launch_params_k3fik_9x --params-file /tmp/launch_params_zqr1_p0k --params-file /tmp/launch_params_q67ji65s'].
[stuck_recovery-21] Traceback (most recent call last):
[stuck_recovery-21]   File "/home/ecem/sct_ws/install/leo_image_processing/lib/leo_image_processing/stuck_recovery", line 33, in <module>
[stuck_recovery-21]     sys.exit(load_entry_point('leo-image-processing==0.0.0', 'console_scripts', 'stuck_recovery')())
[stuck_recovery-21]   File "/home/ecem/sct_ws/install/leo_image_processing/lib/python3.10/site-packages/stuck_recovery.py", line 294, in main
[stuck_recovery-21]     rclpy.shutdown()
[stuck_recovery-21]   File "/opt/ros/humble/local/lib/python3.10/dist-packages/rclpy/__init__.py", line 130, in shutdown
[stuck_recovery-21]     _shutdown(context=context)
[stuck_recovery-21]   File "/opt/ros/humble/local/lib/python3.10/dist-packages/rclpy/utilities.py", line 58, in shutdown
[stuck_recovery-21]     return context.shutdown()
[stuck_recovery-21]   File "/opt/ros/humble/local/lib/python3.10/dist-packages/rclpy/context.py", line 102, in shutdown
[stuck_recovery-21]     self.__context.shutdown()
[stuck_recovery-21] rclpy._rclpy_pybind11.RCLError: failed to shutdown: rcl_shutdown already called on the given context, at ./src/rcl/init.c:241
[ERROR] [image_processor-26]: process has died [pid 77020, exit code 1, cmd '/home/ecem/sct_ws/install/leo_image_processing/lib/leo_image_processing/image_processor --ros-args -r __node:=image_processor -r __ns:=/robot_0 --params-file /tmp/launch_params_e5nj8foj --params-file /tmp/launch_params_h2nuuuxs --params-file /tmp/launch_params_i9nmzxb9'].
[INFO] [image_bridge-10]: process has finished cleanly [pid 75929]
[balanced_delivery_supervisor-20] Traceback (most recent call last):
[balanced_delivery_supervisor-20]   File "/home/ecem/sct_ws/install/leo_delivery/lib/leo_delivery/balanced_delivery_supervisor", line 33, in <module>
[balanced_delivery_supervisor-20]     sys.exit(load_entry_point('leo-delivery==0.0.0', 'console_scripts', 'balanced_delivery_supervisor')())
[balanced_delivery_supervisor-20]   File "/home/ecem/sct_ws/install/leo_delivery/lib/python3.10/site-packages/leo_delivery/balanced_delivery_supervisor.py", line 336, in main
[balanced_delivery_supervisor-20]     rclpy.spin(node)
[balanced_delivery_supervisor-20]   File "/opt/ros/humble/local/lib/python3.10/dist-packages/rclpy/__init__.py", line 229, in spin
[balanced_delivery_supervisor-20]     executor.spin_once()
[balanced_delivery_supervisor-20]   File "/opt/ros/humble/local/lib/python3.10/dist-packages/rclpy/executors.py", line 773, in spin_once
[balanced_delivery_supervisor-20]     self._spin_once_impl(timeout_sec)
[balanced_delivery_supervisor-20]   File "/opt/ros/humble/local/lib/python3.10/dist-packages/rclpy/executors.py", line 770, in _spin_once_impl
[balanced_delivery_supervisor-20]     raise handler.exception()
[balanced_delivery_supervisor-20]   File "/opt/ros/humble/local/lib/python3.10/dist-packages/rclpy/task.py", line 254, in __call__
[balanced_delivery_supervisor-20]     self._handler.send(None)
[balanced_delivery_supervisor-20]   File "/opt/ros/humble/local/lib/python3.10/dist-packages/rclpy/executors.py", line 453, in handler
[balanced_delivery_supervisor-20]     arg = take_from_wait_list(entity)
[balanced_delivery_supervisor-20]   File "/opt/ros/humble/local/lib/python3.10/dist-packages/rclpy/executors.py", line 375, in _take_subscription
[INFO] [static_transform_publisher-9]: process has finished cleanly [pid 75925]
[balanced_delivery_supervisor-20]     msg_info = sub.handle.take_message(sub.msg_type, sub.raw)
[balanced_delivery_supervisor-20] RuntimeError: Unable to convert call argument to Python object (compile in debug mode for details)
[INFO] [balanced_delivery_supervisor-22]: process has finished cleanly [pid 76791]
[INFO] [robot_state_publisher-7]: process has finished cleanly [pid 75905]
[ERROR] [stuck_recovery-25]: process has died [pid 76802, exit code 1, cmd '/home/ecem/sct_ws/install/leo_image_processing/lib/leo_image_processing/stuck_recovery --ros-args -r __node:=stuck_recovery -r __ns:=/robot_1 --params-file /tmp/launch_params_em65y72q --params-file /tmp/launch_params_yll5szky --params-file /tmp/launch_params_vhm2zo65 --params-file /tmp/launch_params_1eomfseh --params-file /tmp/launch_params_kmth5m9y --params-file /tmp/launch_params_vx67rgbr --params-file /tmp/launch_params_vnh_r_t_ --params-file /tmp/launch_params_nzokgxhs --params-file /tmp/launch_params_jfe5bcrp --params-file /tmp/launch_params_8ndzeeq_'].
[ERROR] [stuck_recovery-23]: process has died [pid 76793, exit code 1, cmd '/home/ecem/sct_ws/install/leo_image_processing/lib/leo_image_processing/stuck_recovery --ros-args -r __node:=stuck_recovery -r __ns:=/robot_2 --params-file /tmp/launch_params_uo9rp000 --params-file /tmp/launch_params_q2ql1fd5 --params-file /tmp/launch_params_gjd79tj5 --params-file /tmp/launch_params_laugzh_f --params-file /tmp/launch_params_ohtqxt5b --params-file /tmp/launch_params_vd17yhjz --params-file /tmp/launch_params_easb44me --params-file /tmp/launch_params_ljcl4pqt --params-file /tmp/launch_params_zlak6lwk --params-file /tmp/launch_params_qben6qi1'].
[ERROR] [stuck_recovery-21]: process has died [pid 76785, exit code 1, cmd '/home/ecem/sct_ws/install/leo_image_processing/lib/leo_image_processing/stuck_recovery --ros-args -r __node:=stuck_recovery -r __ns:=/robot_0 --params-file /tmp/launch_params_jdfr2kt4 --params-file /tmp/launch_params_o9g1ybd1 --params-file /tmp/launch_params_h7gy169o --params-file /tmp/launch_params_yqkpvo_m --params-file /tmp/launch_params_aex28ny9 --params-file /tmp/launch_params_f36lj9tz --params-file /tmp/launch_params_y21n4tcq --params-file /tmp/launch_params_x4d07bve --params-file /tmp/launch_params_u38xufje --params-file /tmp/launch_params__421ppxh'].
[ERROR] [balanced_delivery_supervisor-20]: process has died [pid 76783, exit code 1, cmd '/home/ecem/sct_ws/install/leo_delivery/lib/leo_delivery/balanced_delivery_supervisor --ros-args -r __node:=robot_supervisor -r __ns:=/robot_0 --params-file /tmp/launch_params_azicajbq --params-file /tmp/launch_params_803kopxb --params-file /tmp/launch_params_a63gq8cn --params-file /tmp/launch_params_09dxyhnt --params-file /tmp/launch_params_oohr9mp4 --params-file /tmp/launch_params_s6wzcj2j --params-file /tmp/launch_params_07plex_q --params-file /tmp/launch_params_sxq0dnbg --params-file /tmp/launch_params_vjx91lda -r cmd_vel:=cmd_vel_supervisor'].
[bump_counter-5] Traceback (most recent call last):
[bump_counter-5]   File "/home/ecem/sct_ws/install/evaluation/lib/evaluation/bump_counter", line 33, in <module>
[bump_counter-5]     sys.exit(load_entry_point('evaluation==0.0.0', 'console_scripts', 'bump_counter')())
[bump_counter-5]   File "/home/ecem/sct_ws/install/evaluation/lib/python3.10/site-packages/evaluation/bump_counter.py", line 697, in main
[bump_counter-5]     rclpy.shutdown()
[bump_counter-5]   File "/opt/ros/humble/local/lib/python3.10/dist-packages/rclpy/__init__.py", line 130, in shutdown
[bump_counter-5]     _shutdown(context=context)
[bump_counter-5]   File "/opt/ros/humble/local/lib/python3.10/dist-packages/rclpy/utilities.py", line 58, in shutdown
[bump_counter-5]     return context.shutdown()
[bump_counter-5]   File "/opt/ros/humble/local/lib/python3.10/dist-packages/rclpy/context.py", line 102, in shutdown
[bump_counter-5]     self.__context.shutdown()
[bump_counter-5] rclpy._rclpy_pybind11.RCLError: failed to shutdown: rcl_shutdown already called on the given context, at ./src/rcl/init.c:241
[ERROR] [bump_counter-5]: process has died [pid 75897, exit code 1, cmd '/home/ecem/sct_ws/install/evaluation/lib/evaluation/bump_counter --ros-args -r __node:=bump_counter --params-file /tmp/launch_params_mt9somnv --params-file /tmp/launch_params_x5d0bq1k --params-file /tmp/launch_params_ns4y4vkv --params-file /tmp/launch_params_envd2r7u --params-file /tmp/launch_params_40_nf71r --params-file /tmp/launch_params_uxnv9rdj --params-file /tmp/launch_params_xfmnt8ee --params-file /tmp/launch_params_hhlc5dkx'].
[INFO] [simulation_video_recorder-3]: process has finished cleanly [pid 75877]
[INFO] [image_bridge-2]: process has finished cleanly [pid 75872]
[ERROR] [ign gazebo-1]: process[ign gazebo-1] failed to terminate '5' seconds after receiving 'SIGINT', escalating to 'SIGTERM'
[INFO] [ign gazebo-1]: sending signal 'SIGTERM' to process[ign gazebo-1]
[ERROR] [ign gazebo-1]: process has died [pid 75870, exit code -15, cmd 'ruby /usr/bin/ign gazebo /tmp/leo_delivery_no_overhead_camera_6yc_oif6.sdf -s --headless-rendering -r -z 200 --force-version 6'].
[INFO] [launch]: process[ign gazebo-1] was required: shutting down launched system
