elapsed_s,robot,selected_event,uncontrollable_events,raw_zone
0.259,robot_2,EV_drop_zone_blue,EV_path_clear,CLEAR
0.340,robot_2,EV_move_forward,EV_path_clear,CLEAR
0.622,robot_2,EV_search_object,EV_recieve_drop_zone_red|EV_path_clear,CLEAR
0.821,robot_2,EV_move_forward,EV_path_clear,CLEAR
1.120,robot_2,EV_move_forward,EV_recieve_drop_zone_red|EV_path_clear,CLEAR
1.393,robot_2,EV_move_forward,EV_path_clear,CLEAR
1.601,robot_2,EV_move_forward,EV_path_clear,CLEAR
1.896,robot_2,EV_move_forward,EV_path_clear,CLEAR
2.189,robot_2,EV_search_object,EV_path_clear,CLEAR
2.389,robot_2,EV_search_object,EV_path_clear,CLEAR
2.589,robot_2,EV_move_forward,EV_path_clear,CLEAR
2.889,robot_2,EV_move_forward,EV_path_clear,CLEAR
3.189,robot_2,EV_search_object,EV_path_clear,CLEAR
3.389,robot_2,EV_move_forward,EV_path_clear,CLEAR
3.689,robot_2,EV_move_forward,EV_path_clear,CLEAR
3.989,robot_2,EV_move_forward,EV_path_clear,CLEAR
4.193,robot_2,EV_move_forward,EV_path_clear,CLEAR
4.489,robot_2,EV_move_forward,EV_path_clear,CLEAR
4.789,robot_2,EV_search_object,EV_path_clear,CLEAR
4.989,robot_2,EV_search_object,EV_path_clear,CLEAR
5.189,robot_2,EV_search_object,EV_path_clear,CLEAR
5.301,robot_2,EV_rotate_counterclockwise,EV_object_not_visible|EV_obstacle_front,CORNER
8.100,robot_2,EV_move_forward,EV_object_visible|EV_path_clear,CLEAR
8.411,robot_2,EV_move_forward,EV_object_visible|EV_path_clear,CLEAR
8.700,robot_2,EV_approach_object,EV_path_clear,CLEAR
9.000,robot_2,EV_approach_object,EV_path_clear,CLEAR
9.289,robot_2,EV_move_forward,EV_object_visible|EV_path_clear,CLEAR
9.500,robot_2,EV_move_forward,EV_path_clear,CLEAR
9.802,robot_2,EV_move_forward,EV_path_clear,CLEAR
10.003,robot_2,EV_move_forward,EV_path_clear,CLEAR
10.305,robot_2,EV_approach_object,EV_object_visible|EV_path_clear,CLEAR
10.509,robot_2,EV_move_forward,EV_path_clear,CLEAR
10.811,robot_2,EV_approach_object,EV_path_clear,CLEAR
11.090,robot_2,EV_approach_object,EV_object_visible|EV_path_clear,CLEAR
11.401,robot_2,EV_approach_object,EV_path_clear,CLEAR
11.700,robot_2,EV_approach_object,EV_path_clear,CLEAR
11.997,robot_2,EV_move_forward,EV_object_reached|EV_path_clear,CLEAR
12.317,robot_2,EV_pick_up_object,EV_path_clear,CLEAR
12.602,robot_2,EV_move_forward,EV_path_clear,CLEAR
12.918,robot_2,EV_move_forward,EV_red_reached|EV_blue_not_visible|EV_path_clear,CLEAR
13.212,robot_2,EV_move_forward,EV_path_clear,CLEAR
13.505,robot_2,EV_search_color,EV_path_clear,CLEAR
13.714,robot_2,EV_search_color,EV_red_reached|EV_blue_not_visible|EV_path_clear,CLEAR
13.908,robot_2,EV_search_color,EV_path_clear,CLEAR
14.098,robot_2,EV_move_forward,EV_path_clear,CLEAR
14.310,robot_2,EV_move_forward,EV_path_clear,CLEAR
14.599,robot_2,EV_search_color,EV_red_reached|EV_blue_not_visible|EV_path_clear,CLEAR
14.800,robot_2,EV_move_forward,EV_path_clear,CLEAR
15.019,robot_2,EV_search_color,EV_path_clear,CLEAR
15.192,robot_2,EV_search_color,EV_blue_not_visible|EV_red_not_visible|EV_path_clear,CLEAR
15.395,robot_2,EV_search_color,EV_path_clear,CLEAR
15.601,robot_2,EV_search_color,EV_path_clear,CLEAR
15.807,robot_2,EV_move_forward,EV_path_clear,CLEAR
16.013,robot_2,EV_move_forward,EV_red_not_visible|EV_path_clear,CLEAR
16.305,robot_2,EV_move_forward,EV_blue_not_visible|EV_path_clear,CLEAR
16.509,robot_2,EV_search_color,EV_path_clear,CLEAR
16.690,robot_2,EV_search_color,EV_path_clear,CLEAR
16.811,robot_2,EV_search_color,EV_path_clear,CLEAR
17.019,robot_2,EV_move_forward,EV_blue_not_visible|EV_red_not_visible|EV_path_clear,CLEAR
17.303,robot_2,EV_move_forward,EV_path_clear,CLEAR
17.630,robot_2,EV_u_turn,EV_obstacle_left,LEFT
21.525,robot_2,EV_rotate_counterclockwise,EV_blue_not_visible|EV_red_not_visible|EV_obstacle_right,RIGHT
24.395,robot_2,EV_move_forward,EV_blue_visible|EV_red_visible|EV_path_clear,CLEAR
24.707,robot_2,EV_approach_color,EV_path_clear,CLEAR
25.025,robot_2,EV_move_forward,EV_path_clear,CLEAR
25.295,robot_2,EV_move_forward,EV_blue_visible|EV_red_visible|EV_path_clear,CLEAR
25.597,robot_2,EV_move_forward,EV_path_clear,CLEAR
25.893,robot_2,EV_approach_color,EV_path_clear,CLEAR
26.105,robot_2,EV_move_forward,EV_red_visible|EV_path_clear,CLEAR
26.390,robot_2,EV_approach_color,EV_blue_visible|EV_path_clear,CLEAR
26.697,robot_2,EV_move_forward,EV_path_clear,CLEAR
27.007,robot_2,EV_move_forward,EV_blue_visible|EV_red_visible|EV_path_clear,CLEAR
27.309,robot_2,EV_approach_color,EV_path_clear,CLEAR
27.530,robot_2,EV_approach_color,EV_path_clear,CLEAR
27.805,robot_2,EV_approach_color,EV_red_reached|EV_blue_visible|EV_path_clear,CLEAR
28.022,robot_2,EV_approach_color,EV_path_clear,CLEAR
28.315,robot_2,EV_approach_color,EV_path_clear,CLEAR
28.612,robot_2,EV_u_turn,EV_red_reached|EV_blue_visible|EV_obstacle_right,RIGHT
32.514,robot_2,EV_move_forward,EV_red_reached|EV_blue_visible|EV_path_clear,CLEAR
32.806,robot_2,EV_approach_color,EV_red_reached|EV_blue_visible|EV_path_clear,CLEAR
33.101,robot_2,EV_move_forward,EV_path_clear,CLEAR
33.408,robot_2,EV_move_forward,EV_path_clear,CLEAR
33.706,robot_2,EV_move_forward,EV_red_reached|EV_blue_not_visible|EV_path_clear,CLEAR
34.011,robot_2,EV_move_forward,EV_path_clear,CLEAR
34.309,robot_2,EV_move_forward,EV_blue_not_visible|EV_red_not_visible|EV_path_clear,CLEAR
34.597,robot_2,EV_move_forward,EV_path_clear,CLEAR
34.907,robot_2,EV_move_forward,EV_blue_not_visible|EV_red_not_visible|EV_path_clear,CLEAR
35.209,robot_2,EV_move_forward,EV_path_clear,CLEAR
35.509,robot_2,EV_search_color,EV_path_clear,CLEAR
35.706,robot_2,EV_search_color,EV_blue_not_visible|EV_red_not_visible|EV_path_clear,CLEAR
35.900,robot_2,EV_move_forward,EV_path_clear,CLEAR
36.113,robot_2,EV_search_color,EV_path_clear,CLEAR
36.320,robot_2,EV_search_color,EV_blue_not_visible|EV_red_not_visible|EV_path_clear,CLEAR
36.494,robot_2,EV_move_forward,EV_path_clear,CLEAR
36.718,robot_2,EV_search_color,EV_path_clear,CLEAR
36.909,robot_2,EV_move_forward,EV_blue_not_visible|EV_red_not_visible|EV_path_clear,CLEAR
37.204,robot_2,EV_move_forward,EV_path_clear,CLEAR
37.408,robot_2,EV_move_forward,EV_red_not_visible|EV_path_clear,CLEAR
37.612,robot_2,EV_move_forward,EV_blue_not_visible|EV_path_clear,CLEAR
37.900,robot_2,EV_search_color,EV_path_clear,CLEAR
38.023,robot_2,EV_move_forward,EV_path_clear,CLEAR
38.305,robot_2,EV_rotate_counterclockwise,EV_blue_not_visible|EV_red_not_visible|EV_obstacle_right,RIGHT
38.509,robot_2,EV_rotate_counterclockwise,EV_obstacle_right,RIGHT
38.693,robot_2,EV_rotate_counterclockwise,EV_obstacle_right,RIGHT
38.817,robot_2,EV_u_turn,EV_obstacle_right,RIGHT
42.602,robot_2,EV_search_color,EV_blue_not_visible|EV_red_not_visible|EV_path_clear,CLEAR
42.800,robot_2,EV_search_color,EV_blue_not_visible|EV_path_clear,CLEAR
43.002,robot_2,EV_move_forward,EV_path_clear,CLEAR
43.299,robot_2,EV_search_color,EV_blue_not_visible|EV_red_visible|EV_path_clear,CLEAR
43.495,robot_2,EV_move_forward,EV_path_clear,CLEAR
43.706,robot_2,EV_search_color,EV_path_clear,CLEAR
43.892,robot_2,EV_search_color,EV_red_visible|EV_path_clear,CLEAR
44.016,robot_2,EV_move_forward,EV_blue_visible|EV_path_clear,CLEAR
44.307,robot_2,EV_move_forward,EV_path_clear,CLEAR
44.537,robot_2,EV_approach_color,EV_path_clear,CLEAR
44.803,robot_2,EV_move_forward,EV_blue_visible|EV_red_visible|EV_path_clear,CLEAR
45.095,robot_2,EV_approach_color,EV_path_clear,CLEAR
45.391,robot_2,EV_approach_color,EV_blue_visible|EV_red_visible|EV_path_clear,CLEAR
45.700,robot_2,EV_approach_color,EV_path_clear,CLEAR
45.998,robot_2,EV_approach_color,EV_red_visible|EV_path_clear,CLEAR
46.206,robot_2,EV_move_forward,EV_blue_visible|EV_path_clear,CLEAR
46.496,robot_2,EV_approach_color,EV_path_clear,CLEAR
46.813,robot_2,EV_move_forward,EV_blue_visible|EV_red_visible|EV_path_clear,CLEAR
47.117,robot_2,EV_approach_color,EV_path_clear,CLEAR
47.397,robot_2,EV_move_forward,EV_red_visible|EV_path_clear,CLEAR
47.613,robot_2,EV_move_forward,EV_blue_visible|EV_path_clear,CLEAR
47.905,robot_2,EV_move_forward,EV_path_clear,CLEAR
48.117,robot_2,EV_approach_color,EV_red_reached|EV_path_clear,CLEAR
48.408,robot_2,EV_move_forward,EV_blue_visible|EV_path_clear,CLEAR
48.695,robot_2,EV_move_forward,EV_path_clear,CLEAR
48.916,robot_2,EV_u_turn,EV_red_reached|EV_blue_visible|EV_obstacle_right,RIGHT
52.800,robot_2,EV_move_forward,EV_red_reached|EV_blue_visible|EV_path_clear,CLEAR
53.103,robot_2,EV_approach_color,EV_path_clear,CLEAR
53.317,robot_2,EV_move_forward,EV_red_reached|EV_path_clear,CLEAR
53.594,robot_2,EV_approach_color,EV_blue_visible|EV_path_clear,CLEAR
53.810,robot_2,EV_approach_color,EV_path_clear,CLEAR
54.121,robot_2,EV_move_forward,EV_red_reached|EV_blue_visible|EV_path_clear,CLEAR
54.404,robot_2,EV_move_forward,EV_path_clear,CLEAR
54.613,robot_2,EV_move_forward,EV_path_clear,CLEAR
54.817,robot_2,EV_move_forward,EV_red_not_visible|EV_blue_visible|EV_path_clear,CLEAR
55.096,robot_2,EV_approach_color,EV_path_clear,CLEAR
55.302,robot_2,EV_move_forward,EV_path_clear,CLEAR
55.504,robot_2,EV_rotate_clockwise,EV_obstacle_left|EV_red_not_visible,LEFT
55.712,robot_2,EV_u_turn,EV_obstacle_left|EV_blue_not_visible,LEFT
59.609,robot_2,EV_move_forward,EV_blue_not_visible|EV_red_not_visible|EV_path_clear,CLEAR
59.917,robot_2,EV_move_forward,EV_path_clear,CLEAR
60.198,robot_2,EV_move_forward,EV_blue_not_visible|EV_red_not_visible|EV_path_clear,CLEAR
60.494,robot_2,EV_search_color,EV_path_clear,CLEAR
60.700,robot_2,EV_search_color,EV_red_not_visible|EV_path_clear,CLEAR
60.914,robot_2,EV_search_color,EV_blue_not_visible|EV_path_clear,CLEAR
61.098,robot_2,EV_move_forward,EV_path_clear,CLEAR
61.407,robot_2,EV_search_color,EV_red_not_visible|EV_path_clear,CLEAR
61.613,robot_2,EV_search_color,EV_blue_not_visible|EV_path_clear,CLEAR
61.807,robot_2,EV_move_forward,EV_path_clear,CLEAR
62.092,robot_2,EV_move_forward,EV_path_clear,CLEAR
62.318,robot_2,EV_search_color,EV_path_clear,CLEAR
62.507,robot_2,EV_move_forward,EV_blue_not_visible|EV_red_not_visible|EV_path_clear,CLEAR
62.812,robot_2,EV_move_forward,EV_path_clear,CLEAR
63.114,robot_2,EV_search_color,EV_blue_not_visible|EV_red_not_visible|EV_path_clear,CLEAR
63.324,robot_2,EV_move_forward,EV_path_clear,CLEAR
63.593,robot_2,EV_move_forward,EV_path_clear,CLEAR
63.806,robot_2,EV_search_color,EV_blue_not_visible|EV_red_not_visible|EV_path_clear,CLEAR
64.030,robot_2,EV_move_forward,EV_path_clear,CLEAR
64.308,robot_2,EV_move_forward,EV_path_clear,CLEAR
64.613,robot_2,EV_move_forward,EV_red_not_visible|EV_path_clear,CLEAR
64.902,robot_2,EV_search_color,EV_blue_not_visible|EV_path_clear,CLEAR
65.090,robot_2,EV_search_color,EV_path_clear,CLEAR
65.222,robot_2,EV_search_color,EV_path_clear,CLEAR
65.327,robot_2,EV_move_forward,EV_path_clear,CLEAR
65.618,robot_2,EV_search_color,EV_blue_not_visible|EV_red_not_visible|EV_path_clear,CLEAR
65.722,robot_2,EV_search_color,EV_path_clear,CLEAR
65.895,robot_2,EV_search_color,EV_path_clear,CLEAR
66.011,robot_2,EV_move_forward,EV_path_clear,CLEAR
66.244,robot_2,EV_search_color,EV_path_clear,CLEAR
66.394,robot_2,EV_move_forward,EV_path_clear,CLEAR
66.722,robot_2,EV_search_color,EV_blue_not_visible|EV_red_not_visible|EV_path_clear,CLEAR
66.922,robot_2,EV_move_forward,EV_path_clear,CLEAR
67.247,robot_2,EV_search_color,EV_path_clear,CLEAR
67.399,robot_2,EV_search_color,EV_red_not_visible|EV_path_clear,CLEAR
67.603,robot_2,EV_move_forward,EV_blue_not_visible|EV_path_clear,CLEAR
67.913,robot_2,EV_search_color,EV_path_clear,CLEAR
68.112,robot_2,EV_move_forward,EV_path_clear,CLEAR
68.401,robot_2,EV_move_forward,EV_blue_not_visible|EV_red_not_visible|EV_path_clear,CLEAR
68.620,robot_2,EV_move_forward,EV_path_clear,CLEAR
68.917,robot_2,EV_search_color,EV_path_clear,CLEAR
69.097,robot_2,EV_move_forward,EV_blue_not_visible|EV_red_not_visible|EV_path_clear,CLEAR
69.331,robot_2,EV_move_forward,EV_path_clear,CLEAR
69.624,robot_2,EV_search_color,EV_path_clear,CLEAR
69.827,robot_2,EV_move_forward,EV_path_clear,CLEAR
70.100,robot_2,EV_move_forward,EV_blue_not_visible|EV_red_not_visible|EV_path_clear,CLEAR
70.397,robot_2,EV_search_color,EV_path_clear,CLEAR
70.505,robot_2,EV_move_forward,EV_path_clear,CLEAR
70.710,robot_2,EV_search_color,EV_path_clear,CLEAR
70.900,robot_2,EV_search_color,EV_red_reached|EV_blue_not_visible|EV_path_clear,CLEAR
71.104,robot_2,EV_move_forward,EV_path_clear,CLEAR
71.389,robot_2,EV_move_forward,EV_path_clear,CLEAR
71.619,robot_2,EV_search_color,EV_red_reached|EV_path_clear,CLEAR
71.806,robot_2,EV_search_color,EV_blue_not_visible|EV_path_clear,CLEAR
71.994,robot_2,EV_move_forward,EV_path_clear,CLEAR
72.197,robot_2,EV_move_forward,EV_path_clear,CLEAR
72.414,robot_2,EV_move_forward,EV_path_clear,CLEAR
72.621,robot_2,EV_search_color,EV_red_reached|EV_blue_not_visible|EV_path_clear,CLEAR
72.809,robot_2,EV_search_color,EV_path_clear,CLEAR
72.997,robot_2,EV_move_forward,EV_path_clear,CLEAR
73.210,robot_2,EV_move_forward,EV_path_clear,CLEAR
73.507,robot_2,EV_move_forward,EV_red_reached|EV_blue_not_visible|EV_path_clear,CLEAR
73.809,robot_2,EV_move_forward,EV_path_clear,CLEAR
74.128,robot_2,EV_search_color,EV_path_clear,CLEAR
74.308,robot_2,EV_move_forward,EV_red_reached|EV_blue_not_visible|EV_path_clear,CLEAR
74.612,robot_2,EV_move_forward,EV_path_clear,CLEAR
74.914,robot_2,EV_u_turn,EV_obstacle_front,CORNER
78.725,robot_2,EV_u_turn,EV_red_reached|EV_blue_not_visible|EV_obstacle_right,RIGHT
78.815,robot_2,EV_rotate_counterclockwise,EV_obstacle_right,RIGHT
81.725,robot_2,EV_search_color,EV_red_reached|EV_blue_not_visible|EV_path_clear,CLEAR
81.892,robot_2,EV_search_color,EV_blue_not_visible|EV_path_clear,CLEAR
82.106,robot_2,EV_move_forward,EV_path_clear,CLEAR
82.313,robot_2,EV_search_color,EV_path_clear,CLEAR
82.518,robot_2,EV_move_forward,EV_red_reached|EV_blue_not_visible|EV_path_clear,CLEAR
82.797,robot_2,EV_move_forward,EV_path_clear,CLEAR
83.014,robot_2,EV_move_forward,EV_path_clear,CLEAR
83.296,robot_2,EV_move_forward,EV_red_reached|EV_blue_not_visible|EV_path_clear,CLEAR
83.513,robot_2,EV_search_color,EV_path_clear,CLEAR
83.700,robot_2,EV_search_color,EV_path_clear,CLEAR
83.813,robot_2,EV_search_color,EV_path_clear,CLEAR
84.009,robot_2,EV_move_forward,EV_path_clear,CLEAR
84.296,robot_2,EV_move_forward,EV_red_reached|EV_blue_not_visible|EV_path_clear,CLEAR
84.594,robot_2,EV_search_color,EV_path_clear,CLEAR
84.705,robot_2,EV_move_forward,EV_path_clear,CLEAR
84.927,robot_2,EV_search_color,EV_red_reached|EV_path_clear,CLEAR
85.101,robot_2,EV_move_forward,EV_blue_not_visible|EV_path_clear,CLEAR
85.416,robot_2,EV_search_color,EV_path_clear,CLEAR
85.613,robot_2,EV_search_color,EV_path_clear,CLEAR
85.806,robot_2,EV_move_forward,EV_path_clear,CLEAR
86.126,robot_2,EV_move_forward,EV_blue_not_visible|EV_red_not_visible|EV_path_clear,CLEAR
86.414,robot_2,EV_move_forward,EV_path_clear,CLEAR
86.629,robot_2,EV_move_forward,EV_path_clear,CLEAR
86.918,robot_2,EV_move_forward,EV_blue_not_visible|EV_red_not_visible|EV_path_clear,CLEAR
87.213,robot_2,EV_search_color,EV_path_clear,CLEAR
87.328,robot_2,EV_move_forward,EV_path_clear,CLEAR
87.619,robot_2,EV_search_color,EV_blue_not_visible|EV_red_not_visible|EV_path_clear,CLEAR
87.817,robot_2,EV_move_forward,EV_path_clear,CLEAR
88.022,robot_2,EV_search_color,EV_path_clear,CLEAR
88.210,robot_2,EV_search_color,EV_path_clear,CLEAR
88.410,robot_2,EV_move_forward,EV_blue_not_visible|EV_red_not_visible|EV_path_clear,CLEAR
88.722,robot_2,EV_move_forward,EV_path_clear,CLEAR
89.001,robot_2,EV_move_forward,EV_path_clear,CLEAR
89.292,robot_2,EV_move_forward,EV_red_not_visible|EV_path_clear,CLEAR
89.616,robot_2,EV_move_forward,EV_blue_not_visible|EV_path_clear,CLEAR
89.908,robot_2,EV_move_forward,EV_path_clear,CLEAR
90.210,robot_2,EV_search_color,EV_path_clear,CLEAR
90.395,robot_2,EV_search_color,EV_red_not_visible|EV_path_clear,CLEAR
90.606,robot_2,EV_search_color,EV_blue_not_visible|EV_path_clear,CLEAR
90.805,robot_2,EV_move_forward,EV_path_clear,CLEAR
91.036,robot_2,EV_move_forward,EV_path_clear,CLEAR
91.313,robot_2,EV_search_color,EV_blue_not_visible|EV_red_not_visible|EV_path_clear,CLEAR
91.529,robot_2,EV_move_forward,EV_path_clear,CLEAR
91.819,robot_2,EV_move_forward,EV_path_clear,CLEAR
92.120,robot_2,EV_search_color,EV_path_clear,CLEAR
92.310,robot_2,EV_move_forward,EV_red_not_visible|EV_path_clear,CLEAR
92.633,robot_2,EV_search_color,EV_blue_not_visible|EV_path_clear,CLEAR
92.794,robot_2,EV_move_forward,EV_path_clear,CLEAR
93.014,robot_2,EV_move_forward,EV_path_clear,CLEAR
93.241,robot_2,EV_move_forward,EV_path_clear,CLEAR
93.516,robot_2,EV_move_forward,EV_red_not_visible|EV_path_clear,CLEAR
93.834,robot_2,EV_move_forward,EV_blue_not_visible|EV_path_clear,CLEAR
94.125,robot_2,EV_search_color,EV_path_clear,CLEAR
94.318,robot_2,EV_search_color,EV_path_clear,CLEAR
94.513,robot_2,EV_rotate_counterclockwise,EV_obstacle_right,RIGHT
94.708,robot_2,EV_u_turn,EV_blue_not_visible|EV_red_not_visible|EV_obstacle_right,RIGHT
98.609,robot_2,EV_move_forward,EV_blue_not_visible|EV_red_not_visible|EV_path_clear,CLEAR
98.912,robot_2,EV_search_color,EV_path_clear,CLEAR
99.106,robot_2,EV_move_forward,EV_path_clear,CLEAR
99.403,robot_2,EV_move_forward,EV_path_clear,CLEAR
99.710,robot_2,EV_move_forward,EV_blue_not_visible|EV_red_not_visible|EV_path_clear,CLEAR
100.012,robot_2,EV_search_color,EV_path_clear,CLEAR
100.122,robot_2,EV_move_forward,EV_path_clear,CLEAR
100.366,robot_2,EV_move_forward,EV_path_clear,CLEAR
100.591,robot_2,EV_approach_color,EV_red_not_visible|EV_blue_visible|EV_path_clear,CLEAR
100.818,robot_2,EV_approach_color,EV_path_clear,CLEAR
101.110,robot_2,EV_approach_color,EV_path_clear,CLEAR
101.334,robot_2,EV_move_forward,EV_path_clear,CLEAR
101.608,robot_2,EV_move_forward,EV_red_not_visible|EV_blue_visible|EV_path_clear,CLEAR
101.833,robot_2,EV_approach_color,EV_path_clear,CLEAR
102.124,robot_2,EV_approach_color,EV_path_clear,CLEAR
102.399,robot_2,EV_approach_color,EV_red_not_visible|EV_blue_visible|EV_path_clear,CLEAR
102.711,robot_2,EV_move_forward,EV_path_clear,CLEAR
102.915,robot_2,EV_approach_color,EV_path_clear,CLEAR
103.218,robot_2,EV_move_forward,EV_red_visible|EV_path_clear,CLEAR
103.514,robot_2,EV_move_forward,EV_blue_visible|EV_path_clear,CLEAR
103.819,robot_2,EV_approach_color,EV_path_clear,CLEAR
104.035,robot_2,EV_approach_color,EV_red_visible|EV_path_clear,CLEAR
104.311,robot_2,EV_move_forward,EV_blue_visible|EV_path_clear,CLEAR
104.628,robot_2,EV_approach_color,EV_path_clear,CLEAR
104.933,robot_2,EV_approach_color,EV_path_clear,CLEAR
105.203,robot_2,EV_approach_color,EV_blue_visible|EV_red_visible|EV_path_clear,CLEAR
105.527,robot_2,EV_approach_color,EV_path_clear,CLEAR
105.803,robot_2,EV_move_forward,EV_path_clear,CLEAR
106.035,robot_2,EV_move_forward,EV_path_clear,CLEAR
106.303,robot_2,EV_move_forward,EV_blue_visible|EV_red_visible|EV_path_clear,CLEAR
106.602,robot_2,EV_move_forward,EV_path_clear,CLEAR
106.929,robot_2,EV_approach_color,EV_path_clear,CLEAR
107.132,robot_2,EV_move_forward,EV_red_visible|EV_path_clear,CLEAR
107.426,robot_2,EV_move_forward,EV_blue_visible|EV_path_clear,CLEAR
107.713,robot_2,EV_move_forward,EV_path_clear,CLEAR
108.029,robot_2,EV_approach_color,EV_path_clear,CLEAR
108.294,robot_2,EV_move_forward,EV_path_clear,CLEAR
108.499,robot_2,EV_move_forward,EV_red_reached|EV_blue_visible|EV_path_clear,CLEAR
108.803,robot_2,EV_move_forward,EV_path_clear,CLEAR
109.109,robot_2,EV_move_forward,EV_path_clear,CLEAR
109.403,robot_2,EV_move_backward,EV_red_reached|EV_obstacle_front|EV_blue_visible,CORNER
109.713,robot_2,EV_rotate_clockwise,EV_obstacle_front,CORNER
109.823,robot_2,EV_rotate_clockwise,EV_obstacle_front,CORNER
110.008,robot_2,EV_u_turn,EV_obstacle_front,CORNER
113.911,robot_2,EV_move_forward,EV_red_reached|EV_blue_visible|EV_path_clear,CLEAR
114.224,robot_2,EV_move_forward,EV_path_clear,CLEAR
114.426,robot_2,EV_approach_color,EV_path_clear,CLEAR
114.722,robot_2,EV_approach_color,EV_red_reached|EV_blue_visible|EV_path_clear,CLEAR
115.008,robot_2,EV_move_forward,EV_path_clear,CLEAR
115.218,robot_2,EV_approach_color,EV_path_clear,CLEAR
115.519,robot_2,EV_move_forward,EV_red_reached|EV_path_clear,CLEAR
115.821,robot_2,EV_approach_color,EV_blue_visible|EV_path_clear,CLEAR
116.025,robot_2,EV_approach_color,EV_path_clear,CLEAR
116.312,robot_2,EV_approach_color,EV_path_clear,CLEAR
116.531,robot_2,EV_approach_color,EV_path_clear,CLEAR
116.823,robot_2,EV_search_color,EV_red_reached|EV_blue_not_visible|EV_path_clear,CLEAR
117.026,robot_2,EV_move_forward,EV_path_clear,CLEAR
117.311,robot_2,EV_search_color,EV_path_clear,CLEAR
117.426,robot_2,EV_move_forward,EV_path_clear,CLEAR
117.690,robot_2,EV_move_forward,EV_path_clear,CLEAR
117.917,robot_2,EV_move_forward,EV_red_reached|EV_blue_not_visible|EV_path_clear,CLEAR
118.140,robot_2,EV_search_color,EV_path_clear,CLEAR
118.297,robot_2,EV_move_forward,EV_path_clear,CLEAR
118.620,robot_2,EV_move_forward,EV_path_clear,CLEAR
118.928,robot_2,EV_search_color,EV_red_reached|EV_blue_not_visible|EV_path_clear,CLEAR
119.127,robot_2,EV_move_forward,EV_path_clear,CLEAR
119.432,robot_2,EV_search_color,EV_path_clear,CLEAR
119.598,robot_2,EV_move_forward,EV_path_clear,CLEAR
119.925,robot_2,EV_move_forward,EV_red_reached|EV_path_clear,CLEAR
120.202,robot_2,EV_move_forward,EV_blue_not_visible|EV_path_clear,CLEAR
120.522,robot_2,EV_move_forward,EV_path_clear,CLEAR
120.734,robot_2,EV_search_color,EV_path_clear,CLEAR
120.926,robot_2,EV_search_color,EV_red_reached|EV_path_clear,CLEAR
121.124,robot_2,EV_move_forward,EV_blue_not_visible|EV_path_clear,CLEAR
121.423,robot_2,EV_move_forward,EV_path_clear,CLEAR
121.717,robot_2,EV_search_color,EV_path_clear,CLEAR
121.903,robot_2,EV_move_forward,EV_path_clear,CLEAR
122.224,robot_2,EV_search_color,EV_red_reached|EV_blue_not_visible|EV_path_clear,CLEAR
122.417,robot_2,EV_search_color,EV_path_clear,CLEAR
122.622,robot_2,EV_search_color,EV_path_clear,CLEAR
122.807,robot_2,EV_search_color,EV_path_clear,CLEAR
123.004,robot_2,EV_search_color,EV_red_reached|EV_path_clear,CLEAR
123.207,robot_2,EV_search_color,EV_blue_not_visible|EV_path_clear,CLEAR
123.331,robot_2,EV_move_forward,EV_path_clear,CLEAR
123.636,robot_2,EV_move_forward,EV_path_clear,CLEAR
123.899,robot_2,EV_search_color,EV_path_clear,CLEAR
124.124,robot_2,EV_move_forward,EV_red_reached|EV_blue_not_visible|EV_path_clear,CLEAR
124.429,robot_2,EV_move_forward,EV_path_clear,CLEAR
124.719,robot_2,EV_move_forward,EV_path_clear,CLEAR
124.996,robot_2,EV_move_forward,EV_red_reached|EV_blue_not_visible|EV_path_clear,CLEAR
125.324,robot_2,EV_search_color,EV_path_clear,CLEAR
125.507,robot_2,EV_search_color,EV_path_clear,CLEAR
125.701,robot_2,EV_search_color,EV_path_clear,CLEAR
125.821,robot_2,EV_move_forward,EV_path_clear,CLEAR
126.091,robot_2,EV_move_forward,EV_red_reached|EV_blue_not_visible|EV_path_clear,CLEAR
126.422,robot_2,EV_move_forward,EV_path_clear,CLEAR
126.729,robot_2,EV_search_color,EV_path_clear,CLEAR
126.899,robot_2,EV_move_forward,EV_blue_not_visible|EV_red_not_visible|EV_path_clear,CLEAR
127.213,robot_2,EV_search_color,EV_path_clear,CLEAR
127.417,robot_2,EV_move_forward,EV_path_clear,CLEAR
127.624,robot_2,EV_search_color,EV_path_clear,CLEAR
127.804,robot_2,EV_move_forward,EV_red_not_visible|EV_path_clear,CLEAR
128.116,robot_2,EV_move_forward,EV_blue_not_visible|EV_path_clear,CLEAR
128.418,robot_2,EV_search_color,EV_path_clear,CLEAR
128.601,robot_2,EV_search_color,EV_blue_not_visible|EV_red_not_visible|EV_path_clear,CLEAR
128.815,robot_2,EV_search_color,EV_path_clear,CLEAR
129.012,robot_2,EV_search_color,EV_path_clear,CLEAR
129.195,robot_2,EV_move_forward,EV_path_clear,CLEAR
129.422,robot_2,EV_move_forward,EV_red_not_visible|EV_path_clear,CLEAR
129.712,robot_2,EV_move_forward,EV_blue_not_visible|EV_path_clear,CLEAR
130.001,robot_2,EV_search_color,EV_path_clear,CLEAR
130.137,robot_2,EV_search_color,EV_path_clear,CLEAR
130.316,robot_2,EV_move_forward,EV_blue_not_visible|EV_red_not_visible|EV_path_clear,CLEAR
130.603,robot_2,EV_search_color,EV_path_clear,CLEAR
130.712,robot_2,EV_move_forward,EV_path_clear,CLEAR
131.013,robot_2,EV_move_forward,EV_path_clear,CLEAR
131.316,robot_2,EV_search_color,EV_blue_not_visible|EV_red_not_visible|EV_path_clear,CLEAR
131.518,robot_2,EV_move_forward,EV_path_clear,CLEAR
131.791,robot_2,EV_move_forward,EV_path_clear,CLEAR
132.114,robot_2,EV_move_forward,EV_blue_not_visible|EV_red_not_visible|EV_path_clear,CLEAR
132.416,robot_2,EV_search_color,EV_path_clear,CLEAR
132.626,robot_2,EV_move_forward,EV_path_clear,CLEAR
132.902,robot_2,EV_rotate_counterclockwise,EV_blue_not_visible|EV_red_not_visible|EV_obstacle_right,RIGHT
133.101,robot_2,EV_rotate_counterclockwise,EV_obstacle_right,RIGHT
133.214,robot_2,EV_rotate_counterclockwise,EV_obstacle_right,RIGHT
133.398,robot_2,EV_u_turn,EV_obstacle_right,RIGHT
137.304,robot_2,EV_move_forward,EV_blue_not_visible|EV_red_not_visible|EV_path_clear,CLEAR
137.618,robot_2,EV_move_forward,EV_red_not_visible|EV_path_clear,CLEAR
137.917,robot_2,EV_move_forward,EV_blue_not_visible|EV_path_clear,CLEAR
138.213,robot_2,EV_search_color,EV_path_clear,CLEAR
138.399,robot_2,EV_move_forward,EV_path_clear,CLEAR
138.617,robot_2,EV_search_color,EV_red_visible|EV_path_clear,CLEAR
138.810,robot_2,EV_search_color,EV_blue_not_visible|EV_path_clear,CLEAR
138.999,robot_2,EV_move_forward,EV_path_clear,CLEAR
139.209,robot_2,EV_move_forward,EV_path_clear,CLEAR
139.427,robot_2,EV_move_forward,EV_red_visible|EV_path_clear,CLEAR
139.693,robot_2,EV_search_color,EV_blue_not_visible|EV_path_clear,CLEAR
139.919,robot_2,EV_move_forward,EV_path_clear,CLEAR
140.223,robot_2,EV_search_color,EV_path_clear,CLEAR
140.419,robot_2,EV_move_forward,EV_blue_visible|EV_red_visible|EV_path_clear,CLEAR
140.694,robot_2,EV_move_forward,EV_path_clear,CLEAR
140.928,robot_2,EV_move_forward,EV_path_clear,CLEAR
141.206,robot_2,EV_move_forward,EV_path_clear,CLEAR
141.508,robot_2,EV_move_forward,EV_blue_visible|EV_red_visible|EV_path_clear,CLEAR
141.807,robot_2,EV_move_forward,EV_path_clear,CLEAR
142.033,robot_2,EV_move_forward,EV_path_clear,CLEAR
142.315,robot_2,EV_approach_color,EV_blue_visible|EV_red_visible|EV_path_clear,CLEAR
142.604,robot_2,EV_move_forward,EV_path_clear,CLEAR
142.814,robot_2,EV_approach_color,EV_path_clear,CLEAR
143.031,robot_2,EV_move_forward,EV_blue_visible|EV_red_visible|EV_path_clear,CLEAR
143.320,robot_2,EV_move_forward,EV_path_clear,CLEAR
143.622,robot_2,EV_move_forward,EV_path_clear,CLEAR
143.906,robot_2,EV_approach_color,EV_red_reached|EV_blue_visible|EV_path_clear,CLEAR
144.203,robot_2,EV_move_forward,EV_path_clear,CLEAR
144.513,robot_2,EV_move_forward,EV_path_clear,CLEAR
144.824,robot_2,EV_approach_color,EV_red_reached|EV_blue_visible|EV_path_clear,CLEAR
145.112,robot_2,EV_move_forward,EV_path_clear,CLEAR
145.421,robot_2,EV_u_turn,EV_red_reached|EV_obstacle_right,RIGHT
149.311,robot_2,EV_move_forward,EV_red_reached|EV_blue_visible|EV_path_clear,CLEAR
149.609,robot_2,EV_move_forward,EV_red_reached|EV_blue_visible|EV_path_clear,CLEAR
149.893,robot_2,EV_approach_color,EV_path_clear,CLEAR
150.215,robot_2,EV_move_forward,EV_red_reached|EV_blue_visible|EV_path_clear,CLEAR
150.513,robot_2,EV_move_forward,EV_path_clear,CLEAR
150.795,robot_2,EV_move_forward,EV_red_reached|EV_path_clear,CLEAR
151.126,robot_2,EV_search_color,EV_blue_not_visible|EV_path_clear,CLEAR
151.301,robot_2,EV_move_forward,EV_path_clear,CLEAR
151.598,robot_2,EV_search_color,EV_path_clear,CLEAR
151.807,robot_2,EV_move_forward,EV_red_reached|EV_blue_not_visible|EV_path_clear,CLEAR
152.105,robot_2,EV_search_color,EV_path_clear,CLEAR
152.307,robot_2,EV_move_forward,EV_path_clear,CLEAR
152.601,robot_2,EV_rotate_counterclockwise,EV_blue_not_visible|EV_red_not_visible|EV_obstacle_right,RIGHT
152.798,robot_2,EV_rotate_counterclockwise,EV_obstacle_right,RIGHT
152.993,robot_2,EV_rotate_counterclockwise,EV_obstacle_right,RIGHT
153.100,robot_2,EV_rotate_counterclockwise,EV_obstacle_right,RIGHT
153.224,robot_2,EV_rotate_counterclockwise,EV_red_not_visible|EV_obstacle_right,RIGHT
153.407,robot_2,EV_rotate_counterclockwise,EV_blue_not_visible|EV_obstacle_right,RIGHT
153.614,robot_2,EV_rotate_counterclockwise,EV_obstacle_right,RIGHT
153.824,robot_2,EV_rotate_counterclockwise,EV_obstacle_right,RIGHT
153.996,robot_2,EV_search_color,EV_path_clear,CLEAR
154.111,robot_2,EV_move_forward,EV_blue_not_visible|EV_red_not_visible|EV_path_clear,CLEAR
154.408,robot_2,EV_search_color,EV_path_clear,CLEAR
154.592,robot_2,EV_move_forward,EV_path_clear,CLEAR
154.826,robot_2,EV_search_color,EV_red_not_visible|EV_path_clear,CLEAR
154.994,robot_2,EV_move_forward,EV_blue_not_visible|EV_path_clear,CLEAR
155.214,robot_2,EV_move_forward,EV_path_clear,CLEAR
155.504,robot_2,EV_search_color,EV_blue_not_visible|EV_red_not_visible|EV_path_clear,CLEAR
155.701,robot_2,EV_move_forward,EV_path_clear,CLEAR
155.919,robot_2,EV_search_color,EV_path_clear,CLEAR
156.021,robot_2,EV_move_forward,EV_path_clear,CLEAR
156.292,robot_2,EV_move_forward,EV_blue_not_visible|EV_red_not_visible|EV_path_clear,CLEAR
156.608,robot_2,EV_search_color,EV_path_clear,CLEAR
156.792,robot_2,EV_move_forward,EV_path_clear,CLEAR
157.004,robot_2,EV_search_color,EV_blue_not_visible|EV_red_not_visible|EV_path_clear,CLEAR
157.220,robot_2,EV_move_forward,EV_path_clear,CLEAR
157.513,robot_2,EV_move_forward,EV_path_clear,CLEAR
157.800,robot_2,EV_search_color,EV_red_not_visible|EV_path_clear,CLEAR
157.922,robot_2,EV_search_color,EV_blue_not_visible|EV_path_clear,CLEAR
158.105,robot_2,EV_search_color,EV_path_clear,CLEAR
158.303,robot_2,EV_search_color,EV_path_clear,CLEAR
158.411,robot_2,EV_move_forward,EV_path_clear,CLEAR
158.692,robot_2,EV_search_color,EV_blue_not_visible|EV_red_not_visible|EV_path_clear,CLEAR
158.913,robot_2,EV_move_forward,EV_path_clear,CLEAR
159.203,robot_2,EV_move_forward,EV_path_clear,CLEAR
159.498,robot_2,EV_rotate_counterclockwise,EV_blue_not_visible|EV_red_not_visible|EV_obstacle_right,RIGHT
159.705,robot_2,EV_rotate_counterclockwise,EV_obstacle_right,RIGHT
159.906,robot_2,EV_rotate_counterclockwise,EV_obstacle_right,RIGHT
160.027,robot_2,EV_rotate_counterclockwise,EV_obstacle_right,RIGHT
160.189,robot_2,EV_u_turn,EV_red_not_visible|EV_obstacle_right,RIGHT
164.016,robot_2,EV_move_forward,EV_blue_visible|EV_red_visible|EV_path_clear,CLEAR
164.313,robot_2,EV_approach_color,EV_path_clear,CLEAR
164.521,robot_2,EV_move_forward,EV_path_clear,CLEAR
164.795,robot_2,EV_move_forward,EV_blue_visible|EV_red_visible|EV_path_clear,CLEAR
165.109,robot_2,EV_approach_color,EV_path_clear,CLEAR
165.321,robot_2,EV_move_forward,EV_path_clear,CLEAR
165.597,robot_2,EV_move_forward,EV_blue_visible|EV_red_visible|EV_path_clear,CLEAR
165.900,robot_2,EV_approach_color,EV_path_clear,CLEAR
166.115,robot_2,EV_approach_color,EV_path_clear,CLEAR
166.427,robot_2,EV_approach_color,EV_blue_visible|EV_red_visible|EV_path_clear,CLEAR
166.723,robot_2,EV_move_forward,EV_path_clear,CLEAR
166.992,robot_2,EV_approach_color,EV_path_clear,CLEAR
167.318,robot_2,EV_approach_color,EV_blue_visible|EV_red_visible|EV_path_clear,CLEAR
167.590,robot_2,EV_move_forward,EV_path_clear,CLEAR
167.827,robot_2,EV_approach_color,EV_path_clear,CLEAR
168.098,robot_2,EV_approach_color,EV_blue_visible|EV_red_visible|EV_path_clear,CLEAR
168.417,robot_2,EV_approach_color,EV_path_clear,CLEAR
168.710,robot_2,EV_move_forward,EV_path_clear,CLEAR
169.024,robot_2,EV_approach_color,EV_blue_visible|EV_red_visible|EV_path_clear,CLEAR
169.307,robot_2,EV_approach_color,EV_path_clear,CLEAR
169.604,robot_2,EV_move_forward,EV_red_reached|EV_path_clear,CLEAR
169.894,robot_2,EV_move_forward,EV_blue_visible|EV_path_clear,CLEAR
170.112,robot_2,EV_approach_color,EV_path_clear,CLEAR
170.411,robot_2,EV_move_forward,EV_path_clear,CLEAR
170.710,robot_2,EV_approach_color,EV_red_reached|EV_blue_visible|EV_path_clear,CLEAR
171.009,robot_2,EV_move_forward,EV_path_clear,CLEAR
171.312,robot_2,EV_approach_color,EV_red_reached|EV_blue_visible|EV_path_clear,CLEAR
171.623,robot_2,EV_approach_color,EV_path_clear,CLEAR
171.840,robot_2,EV_move_forward,EV_path_clear,CLEAR
172.110,robot_2,EV_move_forward,EV_red_reached|EV_blue_visible|EV_path_clear,CLEAR
172.417,robot_2,EV_approach_color,EV_path_clear,CLEAR
172.735,robot_2,EV_approach_color,EV_path_clear,CLEAR
173.011,robot_2,EV_approach_color,EV_red_reached|EV_blue_visible|EV_path_clear,CLEAR
173.318,robot_2,EV_approach_color,EV_path_clear,CLEAR
173.609,robot_2,EV_approach_color,EV_red_reached|EV_blue_visible|EV_path_clear,CLEAR
173.897,robot_2,EV_approach_color,EV_path_clear,CLEAR
174.111,robot_2,EV_approach_color,EV_path_clear,CLEAR
174.391,robot_2,EV_move_forward,EV_red_reached|EV_path_clear,CLEAR
174.694,robot_2,EV_move_forward,EV_blue_visible|EV_path_clear,CLEAR
175.015,robot_2,EV_approach_color,EV_path_clear,CLEAR
175.308,robot_2,EV_approach_color,EV_red_reached|EV_blue_visible|EV_path_clear,CLEAR
175.605,robot_2,EV_approach_color,EV_path_clear,CLEAR
175.907,robot_2,EV_move_forward,EV_path_clear,CLEAR
176.206,robot_2,EV_approach_color,EV_red_reached|EV_blue_visible|EV_path_clear,CLEAR
176.514,robot_2,EV_approach_color,EV_path_clear,CLEAR
176.796,robot_2,EV_approach_color,EV_red_reached|EV_blue_visible|EV_path_clear,CLEAR
177.101,robot_2,EV_approach_color,EV_path_clear,CLEAR
177.315,robot_2,EV_approach_color,EV_path_clear,CLEAR
177.517,robot_2,EV_move_forward,EV_red_reached|EV_blue_visible|EV_path_clear,CLEAR
177.797,robot_2,EV_move_forward,EV_path_clear,CLEAR
178.107,robot_2,EV_move_forward,EV_path_clear,CLEAR
178.395,robot_2,EV_approach_color,EV_red_reached|EV_blue_visible|EV_path_clear,CLEAR
178.610,robot_2,EV_move_forward,EV_path_clear,CLEAR
178.816,robot_2,EV_approach_color,EV_path_clear,CLEAR
179.103,robot_2,EV_approach_color,EV_red_not_visible|EV_blue_visible|EV_path_clear,CLEAR
179.406,robot_2,EV_move_forward,EV_path_clear,CLEAR
179.694,robot_2,EV_move_forward,EV_red_not_visible|EV_blue_visible|EV_path_clear,CLEAR
180.011,robot_2,EV_approach_color,EV_path_clear,CLEAR
180.225,robot_2,EV_approach_color,EV_path_clear,CLEAR
180.510,robot_2,EV_approach_color,EV_red_not_visible|EV_blue_visible|EV_path_clear,CLEAR
180.791,robot_2,EV_approach_color,EV_path_clear,CLEAR
181.019,robot_2,EV_approach_color,EV_path_clear,CLEAR
181.298,robot_2,EV_approach_color,EV_red_not_visible|EV_blue_visible|EV_path_clear,CLEAR
181.591,robot_2,EV_approach_color,EV_path_clear,CLEAR
181.807,robot_2,EV_approach_color,EV_red_not_visible|EV_blue_visible|EV_path_clear,CLEAR
182.104,robot_2,EV_move_forward,EV_path_clear,CLEAR
182.400,robot_2,EV_move_forward,EV_path_clear,CLEAR
182.699,robot_2,EV_move_forward,EV_red_not_visible|EV_blue_visible|EV_path_clear,CLEAR
183.010,robot_2,EV_move_forward,EV_path_clear,CLEAR
183.309,robot_2,EV_approach_color,EV_path_clear,CLEAR
183.524,robot_2,EV_move_forward,EV_red_not_visible|EV_blue_visible|EV_path_clear,CLEAR
183.805,robot_2,EV_approach_color,EV_path_clear,CLEAR
184.116,robot_2,EV_approach_color,EV_path_clear,CLEAR
184.401,robot_2,EV_approach_color,EV_red_not_visible|EV_blue_visible|EV_path_clear,CLEAR
184.698,robot_2,EV_approach_color,EV_path_clear,CLEAR
184.930,robot_2,EV_approach_color,EV_path_clear,CLEAR
185.210,robot_2,EV_approach_color,EV_red_not_visible|EV_blue_visible|EV_path_clear,CLEAR
185.504,robot_2,EV_move_forward,EV_path_clear,CLEAR
185.724,robot_2,EV_move_forward,EV_path_clear,CLEAR
185.990,robot_2,EV_move_forward,EV_red_not_visible|EV_blue_visible|EV_path_clear,CLEAR
186.308,robot_2,EV_approach_color,EV_path_clear,CLEAR
186.521,robot_2,EV_approach_color,EV_path_clear,CLEAR
186.797,robot_2,EV_drop_object,EV_red_not_visible|EV_blue_reached|EV_path_clear,CLEAR
187.115,robot_2,EV_move_forward,EV_path_clear,CLEAR
187.397,robot_2,EV_move_forward,EV_red_not_visible|EV_blue_reached|EV_path_clear,CLEAR
187.690,robot_2,EV_move_forward,EV_path_clear,CLEAR
187.910,robot_2,EV_u_turn,EV_obstacle_front|EV_red_not_visible|EV_blue_reached,CORNER
191.810,robot_2,EV_move_forward,EV_red_not_visible|EV_blue_reached|EV_path_clear,CLEAR
192.099,robot_2,EV_move_forward,EV_path_clear,CLEAR
192.305,robot_2,EV_move_forward,EV_path_clear,CLEAR
192.508,robot_2,EV_move_forward,EV_red_not_visible|EV_path_clear,CLEAR
192.792,robot_2,EV_move_forward,EV_blue_reached|EV_path_clear,CLEAR
192.995,robot_2,EV_move_forward,EV_path_clear,CLEAR
193.218,robot_2,EV_move_forward,EV_red_not_visible|EV_blue_reached|EV_path_clear,CLEAR
193.501,robot_2,EV_move_forward,EV_path_clear,CLEAR
193.809,robot_2,EV_move_forward,EV_red_not_visible|EV_path_clear,CLEAR
194.102,robot_2,EV_move_forward,EV_blue_not_visible|EV_path_clear,CLEAR
194.396,robot_2,EV_move_forward,EV_blue_not_visible|EV_red_not_visible|EV_path_clear,CLEAR
194.614,robot_2,EV_move_forward,EV_path_clear,CLEAR
194.902,robot_2,EV_move_forward,EV_path_clear,CLEAR
195.119,robot_2,EV_move_forward,EV_path_clear,CLEAR
195.401,robot_2,EV_move_forward,EV_blue_not_visible|EV_red_not_visible|EV_path_clear,CLEAR
195.618,robot_2,EV_move_forward,EV_path_clear,CLEAR
195.824,robot_2,EV_move_forward,EV_path_clear,CLEAR
196.121,robot_2,EV_move_forward,EV_blue_not_visible|EV_red_not_visible|EV_path_clear,CLEAR
196.400,robot_2,EV_move_forward,EV_path_clear,CLEAR
196.627,robot_2,EV_move_forward,EV_path_clear,CLEAR
196.895,robot_2,EV_move_forward,EV_blue_not_visible|EV_red_not_visible|EV_path_clear,CLEAR
197.199,robot_2,EV_move_forward,EV_path_clear,CLEAR
197.426,robot_2,EV_u_turn,EV_red_not_visible|EV_obstacle_right,RIGHT
201.314,robot_2,EV_move_forward,EV_blue_not_visible|EV_red_visible|EV_path_clear,CLEAR
201.597,robot_2,EV_move_forward,EV_blue_not_visible|EV_red_visible|EV_path_clear,CLEAR
201.896,robot_2,EV_move_forward,EV_path_clear,CLEAR
202.102,robot_2,EV_move_forward,EV_blue_not_visible|EV_red_visible|EV_path_clear,CLEAR
202.407,robot_2,EV_move_forward,EV_path_clear,CLEAR
202.707,robot_2,EV_move_forward,EV_blue_not_visible|EV_red_visible|EV_path_clear,CLEAR
203.008,robot_2,EV_move_forward,EV_path_clear,CLEAR
203.297,robot_2,EV_move_forward,EV_path_clear,CLEAR
203.513,robot_2,EV_move_forward,EV_blue_not_visible|EV_red_visible|EV_path_clear,CLEAR
203.795,robot_2,EV_move_forward,EV_path_clear,CLEAR
204.119,robot_2,EV_move_forward,EV_path_clear,CLEAR
204.395,robot_2,EV_move_forward,EV_blue_not_visible|EV_red_visible|EV_path_clear,CLEAR
204.615,robot_2,EV_move_forward,EV_path_clear,CLEAR
204.916,robot_2,EV_move_forward,EV_blue_not_visible|EV_red_visible|EV_path_clear,CLEAR
205.214,robot_2,EV_move_forward,EV_path_clear,CLEAR
205.517,robot_2,EV_move_forward,EV_path_clear,CLEAR
205.807,robot_2,EV_move_forward,EV_blue_not_visible|EV_red_visible|EV_path_clear,CLEAR
206.011,robot_2,EV_move_forward,EV_path_clear,CLEAR
206.327,robot_2,EV_move_forward,EV_path_clear,CLEAR
206.594,robot_2,EV_move_forward,EV_blue_not_visible|EV_red_visible|EV_path_clear,CLEAR
206.905,robot_2,EV_move_forward,EV_path_clear,CLEAR
207.206,robot_2,EV_move_forward,EV_blue_not_visible|EV_red_visible|EV_path_clear,CLEAR
207.497,robot_2,EV_move_forward,EV_path_clear,CLEAR
207.812,robot_2,EV_move_forward,EV_path_clear,CLEAR
208.101,robot_2,EV_move_forward,EV_blue_not_visible|EV_red_not_visible|EV_path_clear,CLEAR
208.405,robot_2,EV_move_forward,EV_path_clear,CLEAR
208.615,robot_2,EV_move_forward,EV_blue_not_visible|EV_red_not_visible|EV_path_clear,CLEAR
208.907,robot_2,EV_move_forward,EV_path_clear,CLEAR
209.209,robot_2,EV_move_forward,EV_path_clear,CLEAR
209.415,robot_2,EV_rotate_counterclockwise,EV_red_reached|EV_obstacle_right,RIGHT
209.607,robot_2,EV_u_turn,EV_blue_not_visible|EV_obstacle_right,RIGHT
213.499,robot_2,EV_move_forward,EV_red_reached|EV_blue_visible|EV_path_clear,CLEAR
213.841,robot_2,EV_move_forward,EV_path_clear,CLEAR
214.117,robot_2,EV_move_forward,EV_red_not_visible|EV_blue_visible|EV_path_clear,CLEAR
214.393,robot_2,EV_move_forward,EV_path_clear,CLEAR
214.616,robot_2,EV_move_forward,EV_path_clear,CLEAR
214.912,robot_2,EV_move_forward,EV_path_clear,CLEAR
215.207,robot_2,EV_move_forward,EV_red_not_visible|EV_blue_visible|EV_path_clear,CLEAR
215.516,robot_2,EV_move_forward,EV_path_clear,CLEAR
215.723,robot_2,EV_move_forward,EV_path_clear,CLEAR
216.021,robot_2,EV_move_forward,EV_path_clear,CLEAR
216.305,robot_2,EV_move_forward,EV_red_not_visible|EV_blue_visible|EV_path_clear,CLEAR
216.615,robot_2,EV_move_forward,EV_path_clear,CLEAR
216.899,robot_2,EV_move_forward,EV_path_clear,CLEAR
217.228,robot_2,EV_move_forward,EV_red_not_visible|EV_blue_visible|EV_path_clear,CLEAR
217.506,robot_2,EV_move_forward,EV_path_clear,CLEAR
217.820,robot_2,EV_move_forward,EV_path_clear,CLEAR
218.107,robot_2,EV_u_turn,EV_red_not_visible|EV_blue_visible|EV_obstacle_right,RIGHT
221.921,robot_2,EV_move_forward,EV_red_not_visible|EV_blue_visible|EV_path_clear,CLEAR
222.228,robot_2,EV_move_forward,EV_red_not_visible|EV_blue_visible|EV_path_clear,CLEAR
222.496,robot_2,EV_move_forward,EV_path_clear,CLEAR
222.813,robot_2,EV_move_forward,EV_path_clear,CLEAR
223.100,robot_2,EV_move_forward,EV_red_not_visible|EV_blue_visible|EV_path_clear,CLEAR
223.412,robot_2,EV_move_forward,EV_path_clear,CLEAR
223.695,robot_2,EV_move_forward,EV_path_clear,CLEAR
224.002,robot_2,EV_move_forward,EV_blue_not_visible|EV_red_not_visible|EV_path_clear,CLEAR
224.312,robot_2,EV_move_forward,EV_path_clear,CLEAR
224.611,robot_2,EV_move_forward,EV_path_clear,CLEAR
224.822,robot_2,EV_move_forward,EV_blue_not_visible|EV_red_not_visible|EV_path_clear,CLEAR
225.120,robot_2,EV_move_forward,EV_path_clear,CLEAR
225.411,robot_2,EV_move_forward,EV_path_clear,CLEAR
225.715,robot_2,EV_move_forward,EV_blue_not_visible|EV_red_not_visible|EV_path_clear,CLEAR
226.013,robot_2,EV_move_forward,EV_path_clear,CLEAR
226.306,robot_2,EV_move_forward,EV_path_clear,CLEAR
226.600,robot_2,EV_move_forward,EV_blue_not_visible|EV_red_not_visible|EV_path_clear,CLEAR
226.903,robot_2,EV_move_forward,EV_path_clear,CLEAR
227.195,robot_2,EV_move_forward,EV_blue_not_visible|EV_red_not_visible|EV_path_clear,CLEAR
227.496,robot_2,EV_move_forward,EV_path_clear,CLEAR
227.707,robot_2,EV_move_forward,EV_path_clear,CLEAR
228.009,robot_2,EV_move_forward,EV_blue_not_visible|EV_red_not_visible|EV_path_clear,CLEAR
228.308,robot_2,EV_move_forward,EV_path_clear,CLEAR
228.597,robot_2,EV_move_forward,EV_blue_not_visible|EV_red_not_visible|EV_path_clear,CLEAR
228.808,robot_2,EV_move_forward,EV_path_clear,CLEAR
229.091,robot_2,EV_move_forward,EV_red_not_visible|EV_path_clear,CLEAR
229.308,robot_2,EV_move_forward,EV_blue_not_visible|EV_path_clear,CLEAR
229.610,robot_2,EV_move_forward,EV_path_clear,CLEAR
229.893,robot_2,EV_move_forward,EV_blue_not_visible|EV_red_not_visible|EV_path_clear,CLEAR
230.192,robot_2,EV_move_forward,EV_path_clear,CLEAR
230.409,robot_2,EV_move_forward,EV_path_clear,CLEAR
230.719,robot_2,EV_move_forward,EV_path_clear,CLEAR
230.991,robot_2,EV_move_forward,EV_blue_not_visible|EV_red_not_visible|EV_path_clear,CLEAR
231.298,robot_2,EV_move_forward,EV_path_clear,CLEAR
231.610,robot_2,EV_u_turn,EV_obstacle_left|EV_blue_not_visible|EV_red_not_visible,LEFT
235.504,robot_2,EV_move_forward,EV_blue_not_visible|EV_red_not_visible|EV_path_clear,CLEAR
235.812,robot_2,EV_move_forward,EV_path_clear,CLEAR
236.104,robot_2,EV_move_forward,EV_blue_not_visible|EV_red_visible|EV_path_clear,CLEAR
236.408,robot_2,EV_move_forward,EV_path_clear,CLEAR
236.624,robot_2,EV_move_forward,EV_path_clear,CLEAR
236.916,robot_2,EV_move_forward,EV_blue_not_visible|EV_red_visible|EV_path_clear,CLEAR
237.210,robot_2,EV_move_forward,EV_path_clear,CLEAR
237.516,robot_2,EV_move_forward,EV_blue_not_visible|EV_red_visible|EV_path_clear,CLEAR
237.804,robot_2,EV_move_forward,EV_path_clear,CLEAR
238.122,robot_2,EV_move_forward,EV_path_clear,CLEAR
238.333,robot_2,EV_move_forward,EV_path_clear,CLEAR
238.627,robot_2,EV_move_forward,EV_red_reached|EV_blue_not_visible|EV_path_clear,CLEAR
238.925,robot_2,EV_move_forward,EV_path_clear,CLEAR
239.211,robot_2,EV_move_forward,EV_path_clear,CLEAR
239.514,robot_2,EV_rotate_clockwise,EV_obstacle_left|EV_red_reached|EV_blue_not_visible,LEFT
239.706,robot_2,EV_rotate_clockwise,EV_obstacle_left,LEFT
239.932,robot_2,EV_rotate_clockwise,EV_obstacle_left,LEFT
240.120,robot_2,EV_rotate_clockwise,EV_obstacle_left,LEFT
240.312,robot_2,EV_rotate_clockwise,EV_obstacle_left|EV_red_reached|EV_blue_not_visible,LEFT
240.493,robot_2,EV_rotate_clockwise,EV_obstacle_left,LEFT
240.708,robot_2,EV_rotate_clockwise,EV_obstacle_left,LEFT
240.821,robot_2,EV_u_turn,EV_obstacle_left,LEFT
244.693,robot_2,EV_move_backward,EV_red_reached|EV_blue_not_visible|EV_obstacle_front,CORNER
247.512,robot_2,EV_rotate_clockwise,EV_obstacle_left|EV_red_reached|EV_blue_not_visible,LEFT
247.706,robot_2,EV_rotate_clockwise,EV_obstacle_left|EV_blue_not_visible,LEFT
247.913,robot_2,EV_u_turn,EV_obstacle_left,LEFT
251.809,robot_2,EV_rotate_counterclockwise,EV_red_reached|EV_blue_not_visible|EV_obstacle_right,RIGHT
252.013,robot_2,EV_rotate_counterclockwise,EV_blue_not_visible|EV_obstacle_right,RIGHT
252.193,robot_2,EV_u_turn,EV_obstacle_right,RIGHT
252.303,robot_2,EV_u_turn,EV_obstacle_right,RIGHT
252.415,robot_2,EV_rotate_counterclockwise,EV_obstacle_right,RIGHT
252.603,robot_2,EV_move_forward,EV_red_reached|EV_blue_not_visible|EV_path_clear,CLEAR
252.919,robot_2,EV_move_forward,EV_path_clear,CLEAR
253.195,robot_2,EV_move_forward,EV_path_clear,CLEAR
253.501,robot_2,EV_move_forward,EV_red_reached|EV_blue_visible|EV_path_clear,CLEAR
253.790,robot_2,EV_move_forward,EV_path_clear,CLEAR
254.104,robot_2,EV_move_forward,EV_red_reached|EV_blue_visible|EV_path_clear,CLEAR
254.402,robot_2,EV_move_forward,EV_path_clear,CLEAR
254.707,robot_2,EV_move_forward,EV_path_clear,CLEAR
255.002,robot_2,EV_move_forward,EV_red_reached|EV_blue_visible|EV_path_clear,CLEAR
255.294,robot_2,EV_move_forward,EV_path_clear,CLEAR
255.598,robot_2,EV_move_forward,EV_red_reached|EV_blue_visible|EV_path_clear,CLEAR
255.905,robot_2,EV_move_forward,EV_path_clear,CLEAR
256.126,robot_2,EV_move_forward,EV_path_clear,CLEAR
256.401,robot_2,EV_move_forward,EV_red_reached|EV_blue_visible|EV_path_clear,CLEAR
256.710,robot_2,EV_move_forward,EV_path_clear,CLEAR
257.015,robot_2,EV_move_forward,EV_path_clear,CLEAR
257.233,robot_2,EV_move_forward,EV_path_clear,CLEAR
257.497,robot_2,EV_move_forward,EV_red_reached|EV_blue_visible|EV_path_clear,CLEAR
257.799,robot_2,EV_move_forward,EV_path_clear,CLEAR
258.113,robot_2,EV_move_forward,EV_path_clear,CLEAR
258.398,robot_2,EV_move_forward,EV_red_not_visible|EV_blue_visible|EV_path_clear,CLEAR
258.704,robot_2,EV_move_forward,EV_path_clear,CLEAR
259.030,robot_2,EV_move_forward,EV_path_clear,CLEAR
259.232,robot_2,EV_move_forward,EV_path_clear,CLEAR
259.520,robot_2,EV_move_forward,EV_red_not_visible|EV_blue_visible|EV_path_clear,CLEAR
259.793,robot_2,EV_move_forward,EV_path_clear,CLEAR
260.004,robot_2,EV_move_forward,EV_path_clear,CLEAR
260.294,robot_2,EV_move_forward,EV_red_not_visible|EV_blue_visible|EV_path_clear,CLEAR
260.606,robot_2,EV_move_forward,EV_path_clear,CLEAR
260.920,robot_2,EV_move_forward,EV_path_clear,CLEAR
261.213,robot_2,EV_move_forward,EV_red_not_visible|EV_blue_visible|EV_path_clear,CLEAR
261.494,robot_2,EV_move_forward,EV_path_clear,CLEAR
261.715,robot_2,EV_move_forward,EV_path_clear,CLEAR
262.001,robot_2,EV_move_forward,EV_red_not_visible|EV_blue_visible|EV_path_clear,CLEAR
262.316,robot_2,EV_move_forward,EV_path_clear,CLEAR
262.627,robot_2,EV_move_forward,EV_path_clear,CLEAR
262.897,robot_2,EV_move_forward,EV_red_not_visible|EV_blue_visible|EV_path_clear,CLEAR
263.205,robot_2,EV_move_forward,EV_path_clear,CLEAR
263.508,robot_2,EV_move_forward,EV_red_not_visible|EV_path_clear,CLEAR
263.728,robot_2,EV_move_forward,EV_blue_visible|EV_path_clear,CLEAR
264.015,robot_2,EV_move_forward,EV_path_clear,CLEAR
264.326,robot_2,EV_move_forward,EV_path_clear,CLEAR
264.620,robot_2,EV_move_forward,EV_red_not_visible|EV_blue_visible|EV_path_clear,CLEAR
264.910,robot_2,EV_move_forward,EV_path_clear,CLEAR
265.198,robot_2,EV_move_forward,EV_path_clear,CLEAR
265.509,robot_2,EV_u_turn,EV_obstacle_left|EV_red_not_visible|EV_blue_reached,LEFT
269.319,robot_2,EV_rotate_counterclockwise,EV_red_not_visible|EV_blue_reached|EV_obstacle_right,RIGHT
269.511,robot_2,EV_rotate_counterclockwise,EV_obstacle_right,RIGHT
269.692,robot_2,EV_move_forward,EV_red_not_visible|EV_blue_reached|EV_path_clear,CLEAR
270.002,robot_2,EV_move_forward,EV_path_clear,CLEAR
270.207,robot_2,EV_move_forward,EV_path_clear,CLEAR
270.490,robot_2,EV_move_forward,EV_red_not_visible|EV_blue_reached|EV_path_clear,CLEAR
270.711,robot_2,EV_move_forward,EV_path_clear,CLEAR
271.009,robot_2,EV_move_forward,EV_path_clear,CLEAR
271.291,robot_2,EV_move_forward,EV_red_not_visible|EV_blue_reached|EV_path_clear,CLEAR
271.517,robot_2,EV_move_forward,EV_path_clear,CLEAR
271.817,robot_2,EV_move_forward,EV_red_not_visible|EV_blue_reached|EV_path_clear,CLEAR
272.105,robot_2,EV_move_forward,EV_path_clear,CLEAR
272.421,robot_2,EV_move_forward,EV_path_clear,CLEAR
272.694,robot_2,EV_move_forward,EV_red_not_visible|EV_blue_reached|EV_path_clear,CLEAR
273.011,robot_2,EV_move_forward,EV_path_clear,CLEAR
273.308,robot_2,EV_move_forward,EV_blue_not_visible|EV_red_not_visible|EV_path_clear,CLEAR
273.616,robot_2,EV_move_forward,EV_path_clear,CLEAR
273.911,robot_2,EV_move_forward,EV_path_clear,CLEAR
274.202,robot_2,EV_move_forward,EV_blue_not_visible|EV_red_not_visible|EV_path_clear,CLEAR
274.511,robot_2,EV_move_forward,EV_path_clear,CLEAR
274.801,robot_2,EV_rotate_counterclockwise,EV_blue_not_visible|EV_red_not_visible|EV_obstacle_right,RIGHT
275.012,robot_2,EV_rotate_counterclockwise,EV_obstacle_right,RIGHT
275.202,robot_2,EV_u_turn,EV_obstacle_right,RIGHT
279.013,robot_2,EV_move_forward,EV_blue_not_visible|EV_red_visible|EV_path_clear,CLEAR
279.311,robot_2,EV_move_forward,EV_path_clear,CLEAR
279.616,robot_2,EV_move_forward,EV_path_clear,CLEAR
279.905,robot_2,EV_move_forward,EV_blue_not_visible|EV_red_visible|EV_path_clear,CLEAR
280.198,robot_2,EV_move_forward,EV_path_clear,CLEAR
280.406,robot_2,EV_move_forward,EV_path_clear,CLEAR
280.704,robot_2,EV_move_forward,EV_blue_not_visible|EV_red_visible|EV_path_clear,CLEAR
281.009,robot_2,EV_move_forward,EV_path_clear,CLEAR
281.343,robot_2,EV_move_forward,EV_path_clear,CLEAR
281.614,robot_2,EV_move_forward,EV_blue_not_visible|EV_red_visible|EV_path_clear,CLEAR
281.906,robot_2,EV_move_forward,EV_path_clear,CLEAR
282.207,robot_2,EV_move_forward,EV_path_clear,CLEAR
282.490,robot_2,EV_move_forward,EV_blue_not_visible|EV_red_visible|EV_path_clear,CLEAR
282.812,robot_2,EV_move_forward,EV_path_clear,CLEAR
283.016,robot_2,EV_move_forward,EV_path_clear,CLEAR
283.292,robot_2,EV_move_forward,EV_blue_not_visible|EV_red_visible|EV_path_clear,CLEAR
283.608,robot_2,EV_move_forward,EV_path_clear,CLEAR
283.896,robot_2,EV_move_forward,EV_blue_not_visible|EV_red_visible|EV_path_clear,CLEAR
284.107,robot_2,EV_move_forward,EV_path_clear,CLEAR
284.393,robot_2,EV_move_forward,EV_path_clear,CLEAR
284.699,robot_2,EV_move_forward,EV_blue_not_visible|EV_red_visible|EV_path_clear,CLEAR
284.917,robot_2,EV_move_forward,EV_path_clear,CLEAR
285.216,robot_2,EV_move_forward,EV_path_clear,CLEAR
285.508,robot_2,EV_move_forward,EV_blue_not_visible|EV_red_not_visible|EV_path_clear,CLEAR
285.812,robot_2,EV_move_forward,EV_path_clear,CLEAR
286.117,robot_2,EV_move_forward,EV_path_clear,CLEAR
286.411,robot_2,EV_move_forward,EV_blue_not_visible|EV_red_not_visible|EV_path_clear,CLEAR
286.703,robot_2,EV_move_forward,EV_path_clear,CLEAR
286.923,robot_2,EV_move_forward,EV_path_clear,CLEAR
287.199,robot_2,EV_move_forward,EV_blue_not_visible|EV_red_not_visible|EV_path_clear,CLEAR
287.508,robot_2,EV_move_forward,EV_path_clear,CLEAR
287.803,robot_2,EV_move_forward,EV_path_clear,CLEAR
288.112,robot_2,EV_move_forward,EV_blue_not_visible|EV_red_not_visible|EV_path_clear,CLEAR
288.322,robot_2,EV_move_forward,EV_path_clear,CLEAR
288.602,robot_2,EV_move_forward,EV_path_clear,CLEAR
288.901,robot_2,EV_move_forward,EV_blue_not_visible|EV_red_not_visible|EV_path_clear,CLEAR
289.195,robot_2,EV_move_forward,EV_path_clear,CLEAR
289.415,robot_2,EV_move_forward,EV_path_clear,CLEAR
289.709,robot_2,EV_move_forward,EV_blue_not_visible|EV_red_not_visible|EV_path_clear,CLEAR
289.990,robot_2,EV_move_forward,EV_path_clear,CLEAR
290.201,robot_2,EV_move_forward,EV_red_not_visible|EV_path_clear,CLEAR
290.495,robot_2,EV_move_forward,EV_blue_not_visible|EV_path_clear,CLEAR
290.811,robot_2,EV_move_forward,EV_path_clear,CLEAR
291.096,robot_2,EV_move_forward,EV_blue_not_visible|EV_red_not_visible|EV_path_clear,CLEAR
291.416,robot_2,EV_move_forward,EV_path_clear,CLEAR
291.694,robot_2,EV_move_forward,EV_blue_not_visible|EV_red_not_visible|EV_path_clear,CLEAR
292.015,robot_2,EV_move_forward,EV_path_clear,CLEAR
292.293,robot_2,EV_move_forward,EV_blue_not_visible|EV_red_not_visible|EV_path_clear,CLEAR
292.608,robot_2,EV_move_forward,EV_path_clear,CLEAR
292.830,robot_2,EV_move_forward,EV_path_clear,CLEAR
293.121,robot_2,EV_move_forward,EV_blue_not_visible|EV_red_not_visible|EV_path_clear,CLEAR
293.418,robot_2,EV_move_forward,EV_path_clear,CLEAR
293.720,robot_2,EV_move_forward,EV_path_clear,CLEAR
293.997,robot_2,EV_move_forward,EV_blue_not_visible|EV_red_not_visible|EV_path_clear,CLEAR
294.292,robot_2,EV_move_forward,EV_path_clear,CLEAR
294.517,robot_2,EV_move_forward,EV_path_clear,CLEAR
294.792,robot_2,EV_move_forward,EV_blue_not_visible|EV_red_not_visible|EV_path_clear,CLEAR
295.115,robot_2,EV_move_forward,EV_path_clear,CLEAR
295.400,robot_2,EV_move_forward,EV_blue_not_visible|EV_red_not_visible|EV_path_clear,CLEAR
295.627,robot_2,EV_move_forward,EV_path_clear,CLEAR
295.912,robot_2,EV_move_forward,EV_path_clear,CLEAR
296.213,robot_2,EV_move_forward,EV_blue_not_visible|EV_red_not_visible|EV_path_clear,CLEAR
296.504,robot_2,EV_move_forward,EV_path_clear,CLEAR
296.805,robot_2,EV_move_forward,EV_path_clear,CLEAR
297.114,robot_2,EV_move_forward,EV_path_clear,CLEAR
297.416,robot_2,EV_move_forward,EV_blue_not_visible|EV_red_not_visible|EV_path_clear,CLEAR
297.708,robot_2,EV_move_forward,EV_path_clear,CLEAR
298.009,robot_2,EV_move_forward,EV_blue_not_visible|EV_red_not_visible|EV_path_clear,CLEAR
298.303,robot_2,EV_move_forward,EV_path_clear,CLEAR
298.623,robot_2,EV_move_forward,EV_path_clear,CLEAR
298.903,robot_2,EV_move_forward,EV_blue_not_visible|EV_red_not_visible|EV_path_clear,CLEAR
299.204,robot_2,EV_move_forward,EV_path_clear,CLEAR
299.422,robot_2,EV_move_forward,EV_red_not_visible|EV_path_clear,CLEAR
299.708,robot_2,EV_move_forward,EV_blue_not_visible|EV_path_clear,CLEAR
300.001,robot_2,EV_move_forward,EV_path_clear,CLEAR
300.299,robot_2,EV_move_forward,EV_blue_not_visible|EV_red_not_visible|EV_path_clear,CLEAR
300.605,robot_2,EV_move_forward,EV_path_clear,CLEAR
300.906,robot_2,EV_move_forward,EV_path_clear,CLEAR
301.211,robot_2,EV_move_forward,EV_blue_not_visible|EV_red_not_visible|EV_path_clear,CLEAR
301.503,robot_2,EV_move_forward,EV_path_clear,CLEAR
301.713,robot_2,EV_u_turn,EV_obstacle_left|EV_red_not_visible,LEFT
305.503,robot_2,EV_rotate_clockwise,EV_obstacle_left|EV_blue_not_visible|EV_red_not_visible,LEFT
305.636,robot_2,EV_u_turn,EV_obstacle_left,LEFT
305.717,robot_2,EV_rotate_clockwise,EV_obstacle_left,LEFT
305.908,robot_2,EV_rotate_counterclockwise,EV_blue_not_visible|EV_obstacle_front|EV_red_not_visible,CORNER
306.108,robot_2,EV_rotate_counterclockwise,EV_obstacle_front,CORNER
306.293,robot_2,EV_rotate_counterclockwise,EV_obstacle_front,CORNER
306.416,robot_2,EV_rotate_counterclockwise,EV_obstacle_front,CORNER
306.608,robot_2,EV_move_backward,EV_blue_not_visible|EV_obstacle_front|EV_red_not_visible,CORNER
306.922,robot_2,EV_rotate_clockwise,EV_obstacle_front,CORNER
307.025,robot_2,EV_rotate_counterclockwise,EV_obstacle_front,CORNER
307.227,robot_2,EV_rotate_counterclockwise,EV_obstacle_right,RIGHT
307.417,robot_2,EV_rotate_counterclockwise,EV_blue_not_visible|EV_red_not_visible|EV_obstacle_right,RIGHT
307.604,robot_2,EV_u_turn,EV_obstacle_right,RIGHT
307.703,robot_2,EV_u_turn,EV_obstacle_right,RIGHT
311.602,robot_2,EV_move_forward,EV_blue_visible|EV_red_visible|EV_path_clear,CLEAR
311.924,robot_2,EV_u_turn,EV_obstacle_left|EV_blue_visible|EV_red_visible,LEFT
312.002,robot_2,EV_rotate_clockwise,EV_obstacle_left,LEFT
314.719,robot_2,EV_move_forward,EV_blue_not_visible|EV_blue_visible|EV_red_visible|EV_path_clear,CLEAR
314.993,robot_2,EV_move_forward,EV_path_clear,CLEAR
315.205,robot_2,EV_move_forward,EV_blue_not_visible|EV_red_visible|EV_path_clear,CLEAR
315.520,robot_2,EV_move_forward,EV_path_clear,CLEAR
315.805,robot_2,EV_move_forward,EV_path_clear,CLEAR
316.108,robot_2,EV_move_forward,EV_blue_not_visible|EV_red_visible|EV_path_clear,CLEAR
316.416,robot_2,EV_move_forward,EV_path_clear,CLEAR
316.710,robot_2,EV_move_forward,EV_red_visible|EV_path_clear,CLEAR
316.993,robot_2,EV_move_forward,EV_blue_not_visible|EV_path_clear,CLEAR
317.216,robot_2,EV_move_forward,EV_path_clear,CLEAR
317.437,robot_2,EV_move_forward,EV_path_clear,CLEAR
317.709,robot_2,EV_move_forward,EV_blue_not_visible|EV_red_visible|EV_path_clear,CLEAR
318.009,robot_2,EV_move_forward,EV_path_clear,CLEAR
318.213,robot_2,EV_move_forward,EV_path_clear,CLEAR
318.505,robot_2,EV_move_forward,EV_red_visible|EV_path_clear,CLEAR
318.803,robot_2,EV_move_forward,EV_blue_not_visible|EV_path_clear,CLEAR
319.099,robot_2,EV_move_forward,EV_path_clear,CLEAR
319.415,robot_2,EV_move_forward,EV_path_clear,CLEAR
319.712,robot_2,EV_move_forward,EV_blue_not_visible|EV_red_visible|EV_path_clear,CLEAR
319.936,robot_2,EV_move_forward,EV_path_clear,CLEAR
320.218,robot_2,EV_move_forward,EV_path_clear,CLEAR
320.423,robot_2,EV_move_forward,EV_blue_not_visible|EV_red_visible|EV_path_clear,CLEAR
320.691,robot_2,EV_move_forward,EV_path_clear,CLEAR
320.920,robot_2,EV_move_forward,EV_path_clear,CLEAR
321.217,robot_2,EV_move_forward,EV_blue_not_visible|EV_red_visible|EV_path_clear,CLEAR
321.494,robot_2,EV_move_forward,EV_path_clear,CLEAR
321.716,robot_2,EV_move_forward,EV_path_clear,CLEAR
322.022,robot_2,EV_move_forward,EV_path_clear,CLEAR
322.319,robot_2,EV_move_forward,EV_blue_not_visible|EV_red_visible|EV_path_clear,CLEAR
322.597,robot_2,EV_move_forward,EV_path_clear,CLEAR
322.923,robot_2,EV_move_forward,EV_blue_not_visible|EV_red_visible|EV_path_clear,CLEAR
323.206,robot_2,EV_move_forward,EV_path_clear,CLEAR
323.424,robot_2,EV_move_forward,EV_path_clear,CLEAR
323.700,robot_2,EV_move_forward,EV_path_clear,CLEAR
324.006,robot_2,EV_move_forward,EV_blue_not_visible|EV_red_visible|EV_path_clear,CLEAR
324.324,robot_2,EV_move_forward,EV_path_clear,CLEAR
324.611,robot_2,EV_move_forward,EV_path_clear,CLEAR
324.924,robot_2,EV_move_forward,EV_blue_not_visible|EV_red_visible|EV_path_clear,CLEAR
325.218,robot_2,EV_move_forward,EV_path_clear,CLEAR
325.520,robot_2,EV_move_forward,EV_path_clear,CLEAR
325.795,robot_2,EV_move_forward,EV_blue_not_visible|EV_red_visible|EV_path_clear,CLEAR
326.102,robot_2,EV_move_forward,EV_path_clear,CLEAR
326.334,robot_2,EV_move_forward,EV_path_clear,CLEAR
326.613,robot_2,EV_move_forward,EV_red_reached|EV_blue_not_visible|EV_path_clear,CLEAR
326.895,robot_2,EV_move_forward,EV_path_clear,CLEAR
327.129,robot_2,EV_move_forward,EV_path_clear,CLEAR
327.394,robot_2,EV_move_forward,EV_path_clear,CLEAR
327.621,robot_2,EV_move_backward,EV_red_reached|EV_blue_not_visible|EV_obstacle_front,CORNER
327.901,robot_2,EV_move_backward,EV_obstacle_front,CORNER
328.123,robot_2,EV_rotate_counterclockwise,EV_obstacle_front,CORNER
328.292,robot_2,EV_u_turn,EV_obstacle_left|EV_red_reached,LEFT
332.209,robot_2,EV_move_forward,EV_red_reached|EV_blue_not_visible|EV_path_clear,CLEAR
332.517,robot_2,EV_move_forward,EV_path_clear,CLEAR
332.824,robot_2,EV_move_forward,EV_red_reached|EV_blue_not_visible|EV_path_clear,CLEAR
333.115,robot_2,EV_move_forward,EV_path_clear,CLEAR
333.441,robot_2,EV_move_forward,EV_path_clear,CLEAR
333.700,robot_2,EV_move_forward,EV_red_reached|EV_blue_not_visible|EV_path_clear,CLEAR
334.011,robot_2,EV_move_forward,EV_path_clear,CLEAR
334.311,robot_2,EV_u_turn,EV_obstacle_left,LEFT
338.113,robot_2,EV_move_forward,EV_red_reached|EV_blue_not_visible|EV_path_clear,CLEAR
338.409,robot_2,EV_move_forward,EV_path_clear,CLEAR
338.702,robot_2,EV_move_forward,EV_red_reached|EV_blue_not_visible|EV_path_clear,CLEAR
338.924,robot_2,EV_move_forward,EV_path_clear,CLEAR
339.228,robot_2,EV_move_forward,EV_path_clear,CLEAR
339.503,robot_2,EV_move_forward,EV_red_reached|EV_blue_not_visible|EV_path_clear,CLEAR
339.790,robot_2,EV_move_forward,EV_path_clear,CLEAR
340.027,robot_2,EV_move_forward,EV_path_clear,CLEAR
340.320,robot_2,EV_move_forward,EV_blue_not_visible|EV_red_not_visible|EV_path_clear,CLEAR
340.631,robot_2,EV_move_forward,EV_path_clear,CLEAR
340.892,robot_2,EV_move_forward,EV_path_clear,CLEAR
341.213,robot_2,EV_move_forward,EV_blue_not_visible|EV_red_not_visible|EV_path_clear,CLEAR
341.511,robot_2,EV_move_forward,EV_path_clear,CLEAR
341.806,robot_2,EV_move_forward,EV_path_clear,CLEAR
342.120,robot_2,EV_move_forward,EV_blue_not_visible|EV_red_not_visible|EV_path_clear,CLEAR
342.423,robot_2,EV_move_forward,EV_path_clear,CLEAR
342.702,robot_2,EV_move_forward,EV_blue_not_visible|EV_red_not_visible|EV_path_clear,CLEAR
343.009,robot_2,EV_move_forward,EV_path_clear,CLEAR
343.216,robot_2,EV_move_forward,EV_path_clear,CLEAR
343.501,robot_2,EV_move_forward,EV_blue_not_visible|EV_red_not_visible|EV_path_clear,CLEAR
343.732,robot_2,EV_move_forward,EV_path_clear,CLEAR
344.003,robot_2,EV_move_forward,EV_path_clear,CLEAR
344.233,robot_2,EV_move_forward,EV_path_clear,CLEAR
344.511,robot_2,EV_move_forward,EV_blue_not_visible|EV_red_not_visible|EV_path_clear,CLEAR
344.734,robot_2,EV_move_forward,EV_path_clear,CLEAR
345.019,robot_2,EV_move_forward,EV_path_clear,CLEAR
345.310,robot_2,EV_move_forward,EV_red_not_visible|EV_path_clear,CLEAR
345.609,robot_2,EV_move_forward,EV_blue_not_visible|EV_path_clear,CLEAR
345.898,robot_2,EV_move_forward,EV_path_clear,CLEAR
346.216,robot_2,EV_move_forward,EV_blue_not_visible|EV_red_not_visible|EV_path_clear,CLEAR
346.501,robot_2,EV_move_forward,EV_path_clear,CLEAR
346.813,robot_2,EV_move_forward,EV_path_clear,CLEAR
347.110,robot_2,EV_move_forward,EV_path_clear,CLEAR
347.423,robot_2,EV_u_turn,EV_blue_not_visible|EV_red_not_visible|EV_obstacle_right,RIGHT
351.302,robot_2,EV_move_forward,EV_blue_not_visible|EV_red_not_visible|EV_path_clear,CLEAR
351.614,robot_2,EV_move_forward,EV_path_clear,CLEAR
351.944,robot_2,EV_move_forward,EV_path_clear,CLEAR
352.203,robot_2,EV_move_forward,EV_red_not_visible|EV_blue_visible|EV_path_clear,CLEAR
352.508,robot_2,EV_move_forward,EV_path_clear,CLEAR
352.835,robot_2,EV_move_forward,EV_path_clear,CLEAR
353.106,robot_2,EV_move_forward,EV_red_not_visible|EV_blue_visible|EV_path_clear,CLEAR
353.325,robot_2,EV_move_forward,EV_path_clear,CLEAR
353.635,robot_2,EV_move_forward,EV_path_clear,CLEAR
353.910,robot_2,EV_move_forward,EV_red_not_visible|EV_blue_visible|EV_path_clear,CLEAR
354.204,robot_2,EV_move_forward,EV_path_clear,CLEAR
354.514,robot_2,EV_move_forward,EV_path_clear,CLEAR
354.805,robot_2,EV_move_forward,EV_red_not_visible|EV_path_clear,CLEAR
355.107,robot_2,EV_move_forward,EV_blue_visible|EV_path_clear,CLEAR
355.413,robot_2,EV_move_forward,EV_path_clear,CLEAR
355.703,robot_2,EV_move_forward,EV_red_not_visible|EV_blue_visible|EV_path_clear,CLEAR
356.011,robot_2,EV_move_forward,EV_path_clear,CLEAR
356.297,robot_2,EV_move_forward,EV_path_clear,CLEAR
356.514,robot_2,EV_move_forward,EV_path_clear,CLEAR
356.737,robot_2,EV_move_forward,EV_red_not_visible|EV_blue_visible|EV_path_clear,CLEAR
356.997,robot_2,EV_move_forward,EV_path_clear,CLEAR
357.211,robot_2,EV_move_forward,EV_path_clear,CLEAR
357.505,robot_2,EV_move_forward,EV_red_not_visible|EV_path_clear,CLEAR
357.712,robot_2,EV_move_forward,EV_blue_visible|EV_path_clear,CLEAR
357.998,robot_2,EV_move_forward,EV_path_clear,CLEAR
358.224,robot_2,EV_move_forward,EV_path_clear,CLEAR
358.535,robot_2,EV_move_forward,EV_red_not_visible|EV_blue_visible|EV_path_clear,CLEAR
358.793,robot_2,EV_move_forward,EV_path_clear,CLEAR
359.100,robot_2,EV_move_forward,EV_path_clear,CLEAR
359.411,robot_2,EV_move_forward,EV_red_not_visible|EV_blue_visible|EV_path_clear,CLEAR
359.703,robot_2,EV_move_forward,EV_path_clear,CLEAR
359.997,robot_2,EV_move_forward,EV_path_clear,CLEAR
360.227,robot_2,EV_move_forward,EV_path_clear,CLEAR
360.526,robot_2,EV_move_forward,EV_red_not_visible|EV_blue_visible|EV_path_clear,CLEAR
360.810,robot_2,EV_move_forward,EV_path_clear,CLEAR
361.098,robot_2,EV_move_forward,EV_path_clear,CLEAR
361.394,robot_2,EV_move_forward,EV_red_not_visible|EV_blue_visible|EV_path_clear,CLEAR
361.699,robot_2,EV_move_forward,EV_path_clear,CLEAR
362.003,robot_2,EV_move_forward,EV_path_clear,CLEAR
362.325,robot_2,EV_move_forward,EV_red_not_visible|EV_blue_visible|EV_path_clear,CLEAR
362.603,robot_2,EV_move_forward,EV_path_clear,CLEAR
362.891,robot_2,EV_move_forward,EV_path_clear,CLEAR
363.120,robot_2,EV_move_forward,EV_path_clear,CLEAR
363.396,robot_2,EV_move_forward,EV_red_not_visible|EV_blue_visible|EV_path_clear,CLEAR
363.693,robot_2,EV_move_forward,EV_path_clear,CLEAR
363.917,robot_2,EV_move_forward,EV_path_clear,CLEAR
364.213,robot_2,EV_move_forward,EV_red_not_visible|EV_blue_visible|EV_path_clear,CLEAR
364.528,robot_2,EV_move_forward,EV_path_clear,CLEAR
364.807,robot_2,EV_move_forward,EV_path_clear,CLEAR
365.017,robot_2,EV_move_forward,EV_red_not_visible|EV_blue_visible|EV_path_clear,CLEAR
365.319,robot_2,EV_move_forward,EV_path_clear,CLEAR
365.606,robot_2,EV_move_forward,EV_path_clear,CLEAR
365.920,robot_2,EV_move_forward,EV_red_not_visible|EV_path_clear,CLEAR
366.218,robot_2,EV_move_forward,EV_blue_reached|EV_path_clear,CLEAR
366.519,robot_2,EV_move_forward,EV_path_clear,CLEAR
366.798,robot_2,EV_rotate_clockwise,EV_obstacle_front|EV_red_not_visible|EV_blue_reached,CORNER
367.007,robot_2,EV_rotate_counterclockwise,EV_obstacle_front,CORNER
367.207,robot_2,EV_rotate_clockwise,EV_obstacle_front,CORNER
367.323,robot_2,EV_u_turn,EV_obstacle_front,CORNER
371.114,robot_2,EV_move_forward,EV_red_not_visible|EV_blue_reached|EV_path_clear,CLEAR
371.413,robot_2,EV_move_forward,EV_path_clear,CLEAR
371.701,robot_2,EV_move_forward,EV_red_not_visible|EV_blue_reached|EV_path_clear,CLEAR
372.007,robot_2,EV_move_forward,EV_path_clear,CLEAR
372.304,robot_2,EV_move_forward,EV_path_clear,CLEAR
372.605,robot_2,EV_move_forward,EV_red_not_visible|EV_blue_reached|EV_path_clear,CLEAR
372.904,robot_2,EV_move_forward,EV_path_clear,CLEAR
373.137,robot_2,EV_move_forward,EV_path_clear,CLEAR
373.405,robot_2,EV_move_forward,EV_red_not_visible|EV_blue_reached|EV_path_clear,CLEAR
373.707,robot_2,EV_move_forward,EV_path_clear,CLEAR
374.049,robot_2,EV_move_forward,EV_path_clear,CLEAR
374.312,robot_2,EV_move_forward,EV_red_not_visible|EV_blue_reached|EV_path_clear,CLEAR
374.608,robot_2,EV_move_forward,EV_path_clear,CLEAR
374.820,robot_2,EV_move_forward,EV_path_clear,CLEAR
375.099,robot_2,EV_move_forward,EV_red_not_visible|EV_blue_reached|EV_path_clear,CLEAR
375.407,robot_2,EV_move_forward,EV_path_clear,CLEAR
375.641,robot_2,EV_move_forward,EV_path_clear,CLEAR
375.911,robot_2,EV_move_forward,EV_red_not_visible|EV_blue_reached|EV_path_clear,CLEAR
376.217,robot_2,EV_move_forward,EV_path_clear,CLEAR
376.510,robot_2,EV_move_forward,EV_path_clear,CLEAR
376.732,robot_2,EV_move_forward,EV_path_clear,CLEAR
377.004,robot_2,EV_move_forward,EV_blue_not_visible|EV_red_not_visible|EV_path_clear,CLEAR
377.333,robot_2,EV_move_forward,EV_path_clear,CLEAR
377.629,robot_2,EV_move_forward,EV_path_clear,CLEAR
377.898,robot_2,EV_move_forward,EV_blue_not_visible|EV_red_not_visible|EV_path_clear,CLEAR
378.209,robot_2,EV_move_forward,EV_path_clear,CLEAR
378.538,robot_2,EV_move_forward,EV_path_clear,CLEAR
378.818,robot_2,EV_rotate_clockwise,EV_obstacle_left|EV_blue_not_visible|EV_red_not_visible,LEFT
379.003,robot_2,EV_u_turn,EV_obstacle_left,LEFT
382.904,robot_2,EV_u_turn,EV_blue_not_visible|EV_red_visible|EV_obstacle_right,RIGHT
383.002,robot_2,EV_u_turn,EV_obstacle_right,RIGHT
383.115,robot_2,EV_u_turn,EV_obstacle_right,RIGHT
383.215,robot_2,EV_rotate_counterclockwise,EV_obstacle_right,RIGHT
386.136,robot_2,EV_move_forward,EV_blue_not_visible|EV_red_visible|EV_path_clear,CLEAR
386.400,robot_2,EV_move_forward,EV_blue_not_visible|EV_red_visible|EV_path_clear,CLEAR
386.700,robot_2,EV_move_forward,EV_path_clear,CLEAR
386.911,robot_2,EV_move_forward,EV_path_clear,CLEAR
387.134,robot_2,EV_move_forward,EV_path_clear,CLEAR
387.430,robot_2,EV_move_forward,EV_blue_not_visible|EV_red_visible|EV_path_clear,CLEAR
387.720,robot_2,EV_move_forward,EV_path_clear,CLEAR
388.033,robot_2,EV_move_forward,EV_path_clear,CLEAR
388.298,robot_2,EV_move_forward,EV_blue_not_visible|EV_red_visible|EV_path_clear,CLEAR
388.614,robot_2,EV_move_forward,EV_path_clear,CLEAR
388.818,robot_2,EV_move_forward,EV_path_clear,CLEAR
389.108,robot_2,EV_move_forward,EV_blue_not_visible|EV_red_not_visible|EV_path_clear,CLEAR
389.402,robot_2,EV_move_forward,EV_path_clear,CLEAR
389.613,robot_2,EV_move_forward,EV_path_clear,CLEAR
389.905,robot_2,EV_move_forward,EV_blue_not_visible|EV_red_not_visible|EV_path_clear,CLEAR
390.207,robot_2,EV_move_forward,EV_path_clear,CLEAR
390.509,robot_2,EV_move_forward,EV_path_clear,CLEAR
390.801,robot_2,EV_move_forward,EV_red_not_visible|EV_blue_reached|EV_path_clear,CLEAR
391.105,robot_2,EV_move_forward,EV_path_clear,CLEAR
391.392,robot_2,EV_move_forward,EV_red_not_visible|EV_blue_reached|EV_path_clear,CLEAR
391.621,robot_2,EV_move_forward,EV_path_clear,CLEAR
391.912,robot_2,EV_move_forward,EV_path_clear,CLEAR
392.209,robot_2,EV_move_forward,EV_red_not_visible|EV_path_clear,CLEAR
392.502,robot_2,EV_move_forward,EV_blue_reached|EV_path_clear,CLEAR
392.812,robot_2,EV_move_forward,EV_path_clear,CLEAR
393.114,robot_2,EV_move_forward,EV_red_not_visible|EV_blue_reached|EV_path_clear,CLEAR
393.416,robot_2,EV_move_forward,EV_path_clear,CLEAR
393.634,robot_2,EV_move_forward,EV_path_clear,CLEAR
393.907,robot_2,EV_move_forward,EV_red_not_visible|EV_blue_reached|EV_path_clear,CLEAR
394.221,robot_2,EV_move_forward,EV_path_clear,CLEAR
394.503,robot_2,EV_move_forward,EV_path_clear,CLEAR
394.811,robot_2,EV_move_forward,EV_blue_not_visible|EV_red_not_visible|EV_path_clear,CLEAR
395.103,robot_2,EV_move_forward,EV_path_clear,CLEAR
395.305,robot_2,EV_move_forward,EV_blue_not_visible|EV_red_not_visible|EV_path_clear,CLEAR
395.594,robot_2,EV_move_forward,EV_path_clear,CLEAR
395.815,robot_2,EV_move_forward,EV_path_clear,CLEAR
396.098,robot_2,EV_move_forward,EV_blue_not_visible|EV_red_not_visible|EV_path_clear,CLEAR
396.426,robot_2,EV_move_forward,EV_path_clear,CLEAR
396.699,robot_2,EV_move_forward,EV_red_not_visible|EV_path_clear,CLEAR
397.003,robot_2,EV_move_forward,EV_blue_not_visible|EV_path_clear,CLEAR
397.295,robot_2,EV_move_forward,EV_path_clear,CLEAR
397.501,robot_2,EV_move_forward,EV_blue_not_visible|EV_red_not_visible|EV_path_clear,CLEAR
397.804,robot_2,EV_move_forward,EV_path_clear,CLEAR
398.115,robot_2,EV_move_forward,EV_red_not_visible|EV_path_clear,CLEAR
398.397,robot_2,EV_move_forward,EV_blue_not_visible|EV_path_clear,CLEAR
398.690,robot_2,EV_move_forward,EV_path_clear,CLEAR
399.007,robot_2,EV_move_forward,EV_blue_not_visible|EV_red_not_visible|EV_path_clear,CLEAR
399.294,robot_2,EV_move_forward,EV_path_clear,CLEAR
399.511,robot_2,EV_move_forward,EV_path_clear,CLEAR
399.800,robot_2,EV_move_forward,EV_blue_not_visible|EV_red_not_visible|EV_path_clear,CLEAR
400.108,robot_2,EV_move_forward,EV_path_clear,CLEAR
400.317,robot_2,EV_move_forward,EV_blue_not_visible|EV_red_not_visible|EV_path_clear,CLEAR
400.595,robot_2,EV_move_forward,EV_path_clear,CLEAR
400.804,robot_2,EV_move_forward,EV_path_clear,CLEAR
401.106,robot_2,EV_move_forward,EV_blue_not_visible|EV_red_not_visible|EV_path_clear,CLEAR
401.406,robot_2,EV_move_forward,EV_path_clear,CLEAR
401.708,robot_2,EV_move_forward,EV_blue_not_visible|EV_red_not_visible|EV_path_clear,CLEAR
402.012,robot_2,EV_move_forward,EV_path_clear,CLEAR
402.321,robot_2,EV_move_forward,EV_red_not_visible|EV_path_clear,CLEAR
402.607,robot_2,EV_move_forward,EV_blue_not_visible|EV_path_clear,CLEAR
402.896,robot_2,EV_move_forward,EV_red_not_visible|EV_path_clear,CLEAR
403.194,robot_2,EV_move_forward,EV_blue_not_visible|EV_path_clear,CLEAR
403.525,robot_2,EV_move_forward,EV_path_clear,CLEAR
403.800,robot_2,EV_move_forward,EV_blue_not_visible|EV_red_not_visible|EV_path_clear,CLEAR
404.106,robot_2,EV_move_forward,EV_path_clear,CLEAR
404.409,robot_2,EV_move_forward,EV_blue_not_visible|EV_red_not_visible|EV_path_clear,CLEAR
404.700,robot_2,EV_move_forward,EV_path_clear,CLEAR
404.997,robot_2,EV_move_forward,EV_blue_not_visible|EV_red_not_visible|EV_path_clear,CLEAR
405.297,robot_2,EV_move_forward,EV_path_clear,CLEAR
405.521,robot_2,EV_move_forward,EV_path_clear,CLEAR
405.829,robot_2,EV_move_forward,EV_blue_not_visible|EV_red_not_visible|EV_path_clear,CLEAR
406.114,robot_2,EV_move_forward,EV_path_clear,CLEAR
406.415,robot_2,EV_u_turn,EV_obstacle_left|EV_blue_not_visible|EV_red_not_visible,LEFT
410.305,robot_2,EV_move_forward,EV_blue_not_visible|EV_red_not_visible|EV_path_clear,CLEAR
410.613,robot_2,EV_move_forward,EV_blue_not_visible|EV_red_not_visible|EV_path_clear,CLEAR
410.894,robot_2,EV_move_forward,EV_path_clear,CLEAR
411.214,robot_2,EV_move_forward,EV_red_not_visible|EV_path_clear,CLEAR
411.499,robot_2,EV_move_forward,EV_blue_visible|EV_path_clear,CLEAR
411.804,robot_2,EV_move_forward,EV_path_clear,CLEAR
412.016,robot_2,EV_move_forward,EV_red_not_visible|EV_blue_visible|EV_path_clear,CLEAR
412.297,robot_2,EV_move_forward,EV_path_clear,CLEAR
412.528,robot_2,EV_move_forward,EV_path_clear,CLEAR
412.794,robot_2,EV_move_forward,EV_red_not_visible|EV_blue_visible|EV_path_clear,CLEAR
413.112,robot_2,EV_move_forward,EV_path_clear,CLEAR
413.391,robot_2,EV_move_forward,EV_red_not_visible|EV_blue_visible|EV_path_clear,CLEAR
413.711,robot_2,EV_move_forward,EV_path_clear,CLEAR
413.931,robot_2,EV_move_forward,EV_path_clear,CLEAR
414.212,robot_2,EV_move_forward,EV_red_not_visible|EV_blue_visible|EV_path_clear,CLEAR
414.500,robot_2,EV_move_forward,EV_path_clear,CLEAR
414.704,robot_2,EV_move_forward,EV_path_clear,CLEAR
414.913,robot_2,EV_rotate_counterclockwise,EV_obstacle_front|EV_red_not_visible|EV_blue_visible,CORNER
415.103,robot_2,EV_rotate_clockwise,EV_obstacle_front,CORNER
415.303,robot_2,EV_u_turn,EV_obstacle_front,CORNER
419.210,robot_2,EV_u_turn,EV_blue_visible|EV_red_visible|EV_obstacle_right,RIGHT
419.316,robot_2,EV_rotate_counterclockwise,EV_obstacle_right,RIGHT
422.195,robot_2,EV_move_forward,EV_blue_not_visible|EV_blue_visible|EV_red_visible|EV_path_clear,CLEAR
422.498,robot_2,EV_move_forward,EV_blue_not_visible|EV_red_visible|EV_path_clear,CLEAR
422.714,robot_2,EV_move_forward,EV_path_clear,CLEAR
423.016,robot_2,EV_move_forward,EV_path_clear,CLEAR
423.311,robot_2,EV_rotate_clockwise,EV_obstacle_left|EV_blue_not_visible|EV_red_not_visible,LEFT
423.503,robot_2,EV_u_turn,EV_obstacle_left,LEFT
427.393,robot_2,EV_u_turn,EV_blue_not_visible|EV_red_not_visible|EV_obstacle_right,RIGHT
427.501,robot_2,EV_rotate_counterclockwise,EV_obstacle_right,RIGHT
427.695,robot_2,EV_u_turn,EV_blue_not_visible|EV_red_not_visible|EV_obstacle_right,RIGHT
427.806,robot_2,EV_rotate_counterclockwise,EV_obstacle_right,RIGHT
428.005,robot_2,EV_u_turn,EV_obstacle_right,RIGHT
428.123,robot_2,EV_u_turn,EV_obstacle_right,RIGHT
428.210,robot_2,EV_u_turn,EV_obstacle_right,RIGHT
428.324,robot_2,EV_rotate_counterclockwise,EV_obstacle_right,RIGHT
428.495,robot_2,EV_rotate_clockwise,EV_obstacle_left|EV_blue_not_visible|EV_red_not_visible,LEFT
428.723,robot_2,EV_u_turn,EV_obstacle_left,LEFT
428.806,robot_2,EV_rotate_clockwise,EV_obstacle_left,LEFT
428.916,robot_2,EV_u_turn,EV_obstacle_left,LEFT
429.002,robot_2,EV_rotate_clockwise,EV_obstacle_left,LEFT
429.200,robot_2,EV_rotate_clockwise,EV_obstacle_left,LEFT
429.325,robot_2,EV_rotate_clockwise,EV_obstacle_left|EV_red_not_visible,LEFT
429.500,robot_2,EV_u_turn,EV_obstacle_left|EV_blue_not_visible,LEFT
433.438,robot_2,EV_rotate_counterclockwise,EV_red_not_visible|EV_blue_visible|EV_obstacle_right,RIGHT
436.132,robot_2,EV_move_forward,EV_blue_visible|EV_red_visible|EV_path_clear,CLEAR
436.404,robot_2,EV_move_forward,EV_red_visible|EV_path_clear,CLEAR
436.717,robot_2,EV_move_forward,EV_blue_visible|EV_path_clear,CLEAR
436.996,robot_2,EV_move_forward,EV_path_clear,CLEAR
437.207,robot_2,EV_move_forward,EV_path_clear,CLEAR
437.502,robot_2,EV_move_forward,EV_blue_visible|EV_red_visible|EV_path_clear,CLEAR
437.793,robot_2,EV_move_forward,EV_path_clear,CLEAR
438.015,robot_2,EV_move_forward,EV_path_clear,CLEAR
438.298,robot_2,EV_move_forward,EV_blue_visible|EV_red_visible|EV_path_clear,CLEAR
438.610,robot_2,EV_move_forward,EV_path_clear,CLEAR
438.914,robot_2,EV_move_forward,EV_blue_not_visible|EV_red_visible|EV_path_clear,CLEAR
439.200,robot_2,EV_move_forward,EV_path_clear,CLEAR
439.420,robot_2,EV_move_forward,EV_path_clear,CLEAR
439.629,robot_2,EV_move_forward,EV_red_visible|EV_path_clear,CLEAR
439.920,robot_2,EV_move_forward,EV_blue_not_visible|EV_path_clear,CLEAR
440.220,robot_2,EV_move_forward,EV_path_clear,CLEAR
440.434,robot_2,EV_move_forward,EV_red_not_visible|EV_path_clear,CLEAR
440.707,robot_2,EV_move_forward,EV_blue_not_visible|EV_path_clear,CLEAR
440.994,robot_2,EV_move_forward,EV_path_clear,CLEAR
441.200,robot_2,EV_move_forward,EV_path_clear,CLEAR
441.500,robot_2,EV_move_forward,EV_blue_not_visible|EV_red_not_visible|EV_path_clear,CLEAR
441.799,robot_2,EV_move_forward,EV_path_clear,CLEAR
442.100,robot_2,EV_move_forward,EV_red_not_visible|EV_path_clear,CLEAR
442.404,robot_2,EV_move_forward,EV_blue_not_visible|EV_path_clear,CLEAR
442.618,robot_2,EV_move_forward,EV_path_clear,CLEAR
442.903,robot_2,EV_move_forward,EV_path_clear,CLEAR
443.201,robot_2,EV_move_forward,EV_blue_not_visible|EV_red_not_visible|EV_path_clear,CLEAR
443.501,robot_2,EV_move_forward,EV_path_clear,CLEAR
443.796,robot_2,EV_move_forward,EV_red_not_visible|EV_path_clear,CLEAR
444.105,robot_2,EV_move_forward,EV_blue_not_visible|EV_path_clear,CLEAR
444.397,robot_2,EV_move_forward,EV_path_clear,CLEAR
444.623,robot_2,EV_move_forward,EV_red_not_visible|EV_path_clear,CLEAR
444.897,robot_2,EV_move_forward,EV_blue_not_visible|EV_path_clear,CLEAR
445.217,robot_2,EV_move_forward,EV_path_clear,CLEAR
445.511,robot_2,EV_move_forward,EV_blue_not_visible|EV_red_not_visible|EV_path_clear,CLEAR
445.810,robot_2,EV_move_forward,EV_path_clear,CLEAR
446.017,robot_2,EV_move_forward,EV_path_clear,CLEAR
446.313,robot_2,EV_move_forward,EV_red_not_visible|EV_path_clear,CLEAR
446.600,robot_2,EV_move_forward,EV_blue_not_visible|EV_path_clear,CLEAR
446.816,robot_2,EV_move_forward,EV_path_clear,CLEAR
447.116,robot_2,EV_move_forward,EV_path_clear,CLEAR
447.391,robot_2,EV_move_forward,EV_blue_not_visible|EV_red_not_visible|EV_path_clear,CLEAR
447.711,robot_2,EV_move_forward,EV_path_clear,CLEAR
448.009,robot_2,EV_u_turn,EV_obstacle_right,RIGHT
451.929,robot_2,EV_move_forward,EV_blue_not_visible|EV_red_not_visible|EV_path_clear,CLEAR
452.211,robot_2,EV_move_forward,EV_path_clear,CLEAR
452.416,robot_2,EV_move_forward,EV_path_clear,CLEAR
452.704,robot_2,EV_move_forward,EV_blue_not_visible|EV_red_not_visible|EV_path_clear,CLEAR
453.001,robot_2,EV_move_forward,EV_path_clear,CLEAR
453.320,robot_2,EV_move_forward,EV_path_clear,CLEAR
453.601,robot_2,EV_move_forward,EV_blue_not_visible|EV_red_not_visible|EV_path_clear,CLEAR
453.897,robot_2,EV_move_forward,EV_path_clear,CLEAR
454.118,robot_2,EV_move_forward,EV_path_clear,CLEAR
454.415,robot_2,EV_move_forward,EV_blue_not_visible|EV_red_not_visible|EV_path_clear,CLEAR
454.704,robot_2,EV_move_forward,EV_path_clear,CLEAR
455.003,robot_2,EV_move_forward,EV_path_clear,CLEAR
455.314,robot_2,EV_move_forward,EV_blue_not_visible|EV_red_not_visible|EV_path_clear,CLEAR
455.610,robot_2,EV_move_forward,EV_path_clear,CLEAR
455.935,robot_2,EV_move_forward,EV_path_clear,CLEAR
456.197,robot_2,EV_rotate_counterclockwise,EV_blue_not_visible|EV_red_not_visible|EV_obstacle_right,RIGHT
456.419,robot_2,EV_rotate_counterclockwise,EV_obstacle_right,RIGHT
456.525,robot_2,EV_u_turn,EV_obstacle_right,RIGHT
460.294,robot_2,EV_move_forward,EV_blue_not_visible|EV_red_not_visible|EV_path_clear,CLEAR
460.525,robot_2,EV_rotate_clockwise,EV_obstacle_left|EV_red_not_visible,LEFT
460.719,robot_2,EV_rotate_clockwise,EV_obstacle_left|EV_blue_not_visible,LEFT
460.903,robot_2,EV_rotate_clockwise,EV_obstacle_left,LEFT
461.094,robot_2,EV_u_turn,EV_obstacle_left,LEFT
461.215,robot_2,EV_rotate_clockwise,EV_obstacle_left,LEFT
461.329,robot_2,EV_rotate_clockwise,EV_obstacle_left,LEFT
461.492,robot_2,EV_rotate_clockwise,EV_obstacle_left|EV_red_not_visible|EV_blue_visible,LEFT
461.714,robot_2,EV_u_turn,EV_obstacle_left,LEFT
461.810,robot_2,EV_rotate_clockwise,EV_obstacle_left,LEFT
461.992,robot_2,EV_rotate_clockwise,EV_obstacle_left,LEFT
462.122,robot_2,EV_u_turn,EV_obstacle_left,LEFT
462.212,robot_2,EV_move_forward,EV_path_clear,CLEAR
462.501,robot_2,EV_move_forward,EV_red_not_visible|EV_blue_visible|EV_path_clear,CLEAR
462.819,robot_2,EV_move_forward,EV_path_clear,CLEAR
463.111,robot_2,EV_move_forward,EV_red_not_visible|EV_path_clear,CLEAR
463.391,robot_2,EV_move_forward,EV_blue_visible|EV_path_clear,CLEAR
463.614,robot_2,EV_move_forward,EV_path_clear,CLEAR
463.821,robot_2,EV_move_forward,EV_path_clear,CLEAR
464.032,robot_2,EV_move_forward,EV_red_not_visible|EV_blue_visible|EV_path_clear,CLEAR
464.291,robot_2,EV_move_forward,EV_path_clear,CLEAR
464.509,robot_2,EV_move_forward,EV_path_clear,CLEAR
464.711,robot_2,EV_move_forward,EV_path_clear,CLEAR
464.925,robot_2,EV_move_forward,EV_red_not_visible|EV_path_clear,CLEAR
465.228,robot_2,EV_move_forward,EV_blue_visible|EV_path_clear,CLEAR
465.519,robot_2,EV_move_forward,EV_path_clear,CLEAR
465.796,robot_2,EV_move_forward,EV_path_clear,CLEAR
466.094,robot_2,EV_move_forward,EV_blue_not_visible|EV_red_not_visible|EV_path_clear,CLEAR
466.427,robot_2,EV_move_forward,EV_path_clear,CLEAR
466.704,robot_2,EV_move_forward,EV_path_clear,CLEAR
467.009,robot_2,EV_move_forward,EV_blue_not_visible|EV_red_not_visible|EV_path_clear,CLEAR
467.297,robot_2,EV_move_forward,EV_path_clear,CLEAR
467.506,robot_2,EV_move_forward,EV_path_clear,CLEAR
467.812,robot_2,EV_rotate_counterclockwise,EV_red_not_visible|EV_obstacle_right,RIGHT
467.999,robot_2,EV_u_turn,EV_blue_not_visible|EV_obstacle_right,RIGHT
471.804,robot_2,EV_move_forward,EV_red_not_visible|EV_blue_visible|EV_path_clear,CLEAR
472.106,robot_2,EV_move_forward,EV_red_visible|EV_path_clear,CLEAR
472.419,robot_2,EV_move_forward,EV_blue_visible|EV_path_clear,CLEAR
472.699,robot_2,EV_move_forward,EV_path_clear,CLEAR
473.003,robot_2,EV_move_forward,EV_blue_visible|EV_red_visible|EV_path_clear,CLEAR
473.298,robot_2,EV_move_forward,EV_path_clear,CLEAR
473.510,robot_2,EV_move_forward,EV_path_clear,CLEAR
473.800,robot_2,EV_move_forward,EV_blue_visible|EV_red_visible|EV_path_clear,CLEAR
474.108,robot_2,EV_move_forward,EV_path_clear,CLEAR
474.347,robot_2,EV_move_forward,EV_path_clear,CLEAR
474.612,robot_2,EV_move_forward,EV_blue_visible|EV_red_visible|EV_path_clear,CLEAR
474.896,robot_2,EV_move_forward,EV_path_clear,CLEAR
475.105,robot_2,EV_move_forward,EV_path_clear,CLEAR
475.411,robot_2,EV_move_forward,EV_blue_visible|EV_red_visible|EV_path_clear,CLEAR
475.690,robot_2,EV_move_forward,EV_path_clear,CLEAR
475.900,robot_2,EV_move_forward,EV_blue_visible|EV_red_visible|EV_path_clear,CLEAR
476.207,robot_2,EV_move_forward,EV_path_clear,CLEAR
476.410,robot_2,EV_move_forward,EV_path_clear,CLEAR
476.704,robot_2,EV_move_forward,EV_blue_visible|EV_red_visible|EV_path_clear,CLEAR
476.997,robot_2,EV_move_forward,EV_path_clear,CLEAR
477.333,robot_2,EV_move_forward,EV_blue_visible|EV_red_visible|EV_path_clear,CLEAR
477.624,robot_2,EV_move_forward,EV_path_clear,CLEAR
477.928,robot_2,EV_move_forward,EV_path_clear,CLEAR
478.216,robot_2,EV_move_forward,EV_blue_visible|EV_red_visible|EV_path_clear,CLEAR
478.511,robot_2,EV_move_forward,EV_path_clear,CLEAR
478.797,robot_2,EV_move_forward,EV_blue_visible|EV_red_visible|EV_path_clear,CLEAR
479.100,robot_2,EV_move_forward,EV_path_clear,CLEAR
479.407,robot_2,EV_move_forward,EV_path_clear,CLEAR
479.708,robot_2,EV_move_forward,EV_blue_not_visible|EV_red_visible|EV_path_clear,CLEAR
480.009,robot_2,EV_move_forward,EV_path_clear,CLEAR
480.311,robot_2,EV_move_forward,EV_blue_not_visible|EV_red_visible|EV_path_clear,CLEAR
480.614,robot_2,EV_move_forward,EV_path_clear,CLEAR
480.902,robot_2,EV_move_forward,EV_red_visible|EV_path_clear,CLEAR
481.202,robot_2,EV_move_forward,EV_blue_not_visible|EV_path_clear,CLEAR
481.410,robot_2,EV_move_forward,EV_path_clear,CLEAR
481.718,robot_2,EV_move_forward,EV_blue_not_visible|EV_red_visible|EV_path_clear,CLEAR
481.996,robot_2,EV_move_forward,EV_path_clear,CLEAR
482.307,robot_2,EV_move_forward,EV_blue_not_visible|EV_red_visible|EV_path_clear,CLEAR
482.617,robot_2,EV_move_forward,EV_path_clear,CLEAR
482.922,robot_2,EV_move_forward,EV_red_visible|EV_path_clear,CLEAR
483.208,robot_2,EV_move_forward,EV_blue_not_visible|EV_path_clear,CLEAR
483.523,robot_2,EV_move_forward,EV_path_clear,CLEAR
483.795,robot_2,EV_move_forward,EV_blue_not_visible|EV_red_visible|EV_path_clear,CLEAR
484.013,robot_2,EV_move_forward,EV_path_clear,CLEAR
484.303,robot_2,EV_move_forward,EV_path_clear,CLEAR
484.513,robot_2,EV_move_forward,EV_blue_not_visible|EV_red_visible|EV_path_clear,CLEAR
484.806,robot_2,EV_move_forward,EV_path_clear,CLEAR
485.020,robot_2,EV_move_forward,EV_path_clear,CLEAR
485.305,robot_2,EV_move_forward,EV_blue_not_visible|EV_red_visible|EV_path_clear,CLEAR
485.617,robot_2,EV_move_forward,EV_path_clear,CLEAR
485.904,robot_2,EV_move_forward,EV_red_visible|EV_path_clear,CLEAR
486.204,robot_2,EV_move_forward,EV_blue_not_visible|EV_path_clear,CLEAR
486.494,robot_2,EV_move_forward,EV_path_clear,CLEAR
486.710,robot_2,EV_move_forward,EV_blue_not_visible|EV_red_visible|EV_path_clear,CLEAR
487.011,robot_2,EV_move_forward,EV_path_clear,CLEAR
487.304,robot_2,EV_move_forward,EV_path_clear,CLEAR
487.600,robot_2,EV_move_forward,EV_blue_not_visible|EV_red_visible|EV_path_clear,CLEAR
487.917,robot_2,EV_move_forward,EV_path_clear,CLEAR
488.212,robot_2,EV_move_forward,EV_blue_not_visible|EV_red_visible|EV_path_clear,CLEAR
488.499,robot_2,EV_move_forward,EV_path_clear,CLEAR
488.803,robot_2,EV_move_forward,EV_blue_not_visible|EV_red_visible|EV_path_clear,CLEAR
489.105,robot_2,EV_move_forward,EV_path_clear,CLEAR
489.401,robot_2,EV_move_forward,EV_path_clear,CLEAR
489.707,robot_2,EV_move_forward,EV_blue_not_visible|EV_red_visible|EV_path_clear,CLEAR
490.010,robot_2,EV_move_forward,EV_path_clear,CLEAR
490.216,robot_2,EV_move_forward,EV_blue_not_visible|EV_red_visible|EV_path_clear,CLEAR
490.509,robot_2,EV_move_forward,EV_path_clear,CLEAR
490.818,robot_2,EV_rotate_clockwise,EV_obstacle_left|EV_red_reached,LEFT
491.014,robot_2,EV_rotate_clockwise,EV_obstacle_left|EV_blue_not_visible,LEFT
491.202,robot_2,EV_rotate_clockwise,EV_obstacle_left,LEFT
491.423,robot_2,EV_u_turn,EV_obstacle_left,LEFT
495.209,robot_2,EV_rotate_counterclockwise,EV_red_reached|EV_blue_not_visible|EV_obstacle_right,RIGHT
497.910,robot_2,EV_move_forward,EV_red_reached|EV_blue_not_visible|EV_path_clear,CLEAR
498.211,robot_2,EV_move_forward,EV_path_clear,CLEAR
498.508,robot_2,EV_move_forward,EV_red_reached|EV_blue_not_visible|EV_path_clear,CLEAR
498.806,robot_2,EV_move_forward,EV_path_clear,CLEAR
499.093,robot_2,EV_move_forward,EV_path_clear,CLEAR
499.302,robot_2,EV_move_forward,EV_blue_not_visible|EV_red_not_visible|EV_path_clear,CLEAR
499.607,robot_2,EV_move_forward,EV_path_clear,CLEAR
499.814,robot_2,EV_move_forward,EV_path_clear,CLEAR
500.102,robot_2,EV_move_forward,EV_blue_not_visible|EV_red_not_visible|EV_path_clear,CLEAR
500.327,robot_2,EV_move_forward,EV_path_clear,CLEAR
500.605,robot_2,EV_move_forward,EV_blue_not_visible|EV_red_not_visible|EV_path_clear,CLEAR
500.927,robot_2,EV_move_forward,EV_path_clear,CLEAR
501.196,robot_2,EV_move_forward,EV_blue_not_visible|EV_red_not_visible|EV_path_clear,CLEAR
501.405,robot_2,EV_move_forward,EV_path_clear,CLEAR
501.621,robot_2,EV_move_forward,EV_path_clear,CLEAR
501.902,robot_2,EV_move_forward,EV_blue_not_visible|EV_red_not_visible|EV_path_clear,CLEAR
502.198,robot_2,EV_move_forward,EV_path_clear,CLEAR
502.416,robot_2,EV_move_forward,EV_path_clear,CLEAR
502.709,robot_2,EV_move_forward,EV_blue_not_visible|EV_red_not_visible|EV_path_clear,CLEAR
502.921,robot_2,EV_move_forward,EV_path_clear,CLEAR
503.208,robot_2,EV_move_forward,EV_blue_not_visible|EV_red_not_visible|EV_path_clear,CLEAR
503.505,robot_2,EV_move_forward,EV_path_clear,CLEAR
503.804,robot_2,EV_move_forward,EV_path_clear,CLEAR
504.012,robot_2,EV_move_forward,EV_blue_not_visible|EV_red_not_visible|EV_path_clear,CLEAR
504.304,robot_2,EV_move_forward,EV_path_clear,CLEAR
504.518,robot_2,EV_move_forward,EV_path_clear,CLEAR
504.816,robot_2,EV_move_forward,EV_red_not_visible|EV_path_clear,CLEAR
505.095,robot_2,EV_move_forward,EV_blue_not_visible|EV_path_clear,CLEAR
505.343,robot_2,EV_move_forward,EV_path_clear,CLEAR
505.619,robot_2,EV_move_forward,EV_blue_not_visible|EV_red_not_visible|EV_path_clear,CLEAR
505.903,robot_2,EV_move_forward,EV_path_clear,CLEAR
506.221,robot_2,EV_move_forward,EV_path_clear,CLEAR
506.492,robot_2,EV_move_forward,EV_blue_not_visible|EV_red_not_visible|EV_path_clear,CLEAR
506.709,robot_2,EV_move_forward,EV_path_clear,CLEAR
507.001,robot_2,EV_move_forward,EV_path_clear,CLEAR
507.210,robot_2,EV_move_forward,EV_blue_not_visible|EV_red_not_visible|EV_path_clear,CLEAR
507.498,robot_2,EV_move_forward,EV_path_clear,CLEAR
507.798,robot_2,EV_move_forward,EV_path_clear,CLEAR
508.110,robot_2,EV_move_forward,EV_blue_not_visible|EV_red_not_visible|EV_path_clear,CLEAR
508.420,robot_2,EV_move_forward,EV_path_clear,CLEAR
508.724,robot_2,EV_move_forward,EV_blue_not_visible|EV_red_not_visible|EV_path_clear,CLEAR
509.010,robot_2,EV_move_forward,EV_path_clear,CLEAR
509.322,robot_2,EV_move_forward,EV_blue_not_visible|EV_red_not_visible|EV_path_clear,CLEAR
509.613,robot_2,EV_move_forward,EV_path_clear,CLEAR
509.909,robot_2,EV_move_forward,EV_path_clear,CLEAR
510.212,robot_2,EV_move_forward,EV_blue_not_visible|EV_red_not_visible|EV_path_clear,CLEAR
510.505,robot_2,EV_move_forward,EV_path_clear,CLEAR
510.729,robot_2,EV_move_forward,EV_path_clear,CLEAR
511.001,robot_2,EV_move_forward,EV_blue_not_visible|EV_red_not_visible|EV_path_clear,CLEAR
511.211,robot_2,EV_move_forward,EV_path_clear,CLEAR
511.492,robot_2,EV_move_forward,EV_path_clear,CLEAR
511.706,robot_2,EV_u_turn,EV_obstacle_left|EV_blue_not_visible|EV_red_not_visible,LEFT
515.599,robot_2,EV_move_forward,EV_blue_not_visible|EV_red_not_visible|EV_path_clear,CLEAR
515.901,robot_2,EV_move_forward,EV_red_not_visible|EV_blue_visible|EV_path_clear,CLEAR
516.215,robot_2,EV_move_forward,EV_path_clear,CLEAR
516.499,robot_2,EV_move_forward,EV_red_not_visible|EV_path_clear,CLEAR
516.791,robot_2,EV_move_forward,EV_blue_visible|EV_path_clear,CLEAR
517.002,robot_2,EV_move_forward,EV_path_clear,CLEAR
517.303,robot_2,EV_move_forward,EV_red_not_visible|EV_blue_visible|EV_path_clear,CLEAR
517.593,robot_2,EV_move_forward,EV_path_clear,CLEAR
517.821,robot_2,EV_move_forward,EV_path_clear,CLEAR
518.101,robot_2,EV_move_forward,EV_red_not_visible|EV_blue_visible|EV_path_clear,CLEAR
518.399,robot_2,EV_move_forward,EV_path_clear,CLEAR
518.710,robot_2,EV_move_forward,EV_red_not_visible|EV_blue_visible|EV_path_clear,CLEAR
519.016,robot_2,EV_move_forward,EV_path_clear,CLEAR
519.311,robot_2,EV_move_forward,EV_red_not_visible|EV_blue_visible|EV_path_clear,CLEAR
519.601,robot_2,EV_move_forward,EV_path_clear,CLEAR
519.815,robot_2,EV_move_forward,EV_path_clear,CLEAR
520.108,robot_2,EV_move_forward,EV_red_not_visible|EV_blue_visible|EV_path_clear,CLEAR
520.413,robot_2,EV_move_forward,EV_path_clear,CLEAR
520.697,robot_2,EV_move_forward,EV_path_clear,CLEAR
521.011,robot_2,EV_move_forward,EV_red_not_visible|EV_blue_visible|EV_path_clear,CLEAR
521.299,robot_2,EV_move_forward,EV_path_clear,CLEAR
521.614,robot_2,EV_move_forward,EV_path_clear,CLEAR
521.910,robot_2,EV_move_forward,EV_red_not_visible|EV_blue_visible|EV_path_clear,CLEAR
522.207,robot_2,EV_move_forward,EV_path_clear,CLEAR
522.494,robot_2,EV_move_forward,EV_path_clear,CLEAR
522.804,robot_2,EV_move_forward,EV_red_not_visible|EV_blue_visible|EV_path_clear,CLEAR
523.113,robot_2,EV_move_forward,EV_path_clear,CLEAR
523.401,robot_2,EV_move_forward,EV_red_not_visible|EV_blue_visible|EV_path_clear,CLEAR
523.708,robot_2,EV_move_forward,EV_path_clear,CLEAR
524.001,robot_2,EV_move_forward,EV_red_not_visible|EV_path_clear,CLEAR
524.311,robot_2,EV_move_forward,EV_blue_visible|EV_path_clear,CLEAR
524.620,robot_2,EV_move_forward,EV_path_clear,CLEAR
524.904,robot_2,EV_move_forward,EV_red_not_visible|EV_blue_visible|EV_path_clear,CLEAR
525.207,robot_2,EV_move_forward,EV_path_clear,CLEAR
525.527,robot_2,EV_move_forward,EV_red_not_visible|EV_blue_visible|EV_path_clear,CLEAR
525.815,robot_2,EV_move_forward,EV_path_clear,CLEAR
526.030,robot_2,EV_move_forward,EV_path_clear,CLEAR
526.302,robot_2,EV_move_forward,EV_red_not_visible|EV_blue_visible|EV_path_clear,CLEAR
526.605,robot_2,EV_move_forward,EV_path_clear,CLEAR
526.928,robot_2,EV_move_forward,EV_red_not_visible|EV_path_clear,CLEAR
527.205,robot_2,EV_move_forward,EV_blue_visible|EV_path_clear,CLEAR
527.522,robot_2,EV_rotate_clockwise,EV_obstacle_left|EV_red_not_visible,LEFT
527.712,robot_2,EV_rotate_clockwise,EV_obstacle_left|EV_blue_reached,LEFT
527.890,robot_2,EV_u_turn,EV_obstacle_left,LEFT
531.805,robot_2,EV_rotate_counterclockwise,EV_red_not_visible|EV_blue_reached|EV_obstacle_right,RIGHT
534.615,robot_2,EV_move_forward,EV_blue_reached|EV_red_visible|EV_path_clear,CLEAR
534.892,robot_2,EV_move_forward,EV_blue_reached|EV_red_visible|EV_path_clear,CLEAR
535.123,robot_2,EV_move_forward,EV_path_clear,CLEAR
535.391,robot_2,EV_move_forward,EV_path_clear,CLEAR
535.628,robot_2,EV_move_forward,EV_blue_not_visible|EV_red_visible|EV_path_clear,CLEAR
535.893,robot_2,EV_move_forward,EV_path_clear,CLEAR
536.116,robot_2,EV_move_forward,EV_path_clear,CLEAR
536.400,robot_2,EV_move_forward,EV_blue_not_visible|EV_red_visible|EV_path_clear,CLEAR
536.717,robot_2,EV_move_forward,EV_path_clear,CLEAR
537.004,robot_2,EV_move_forward,EV_blue_not_visible|EV_red_visible|EV_path_clear,CLEAR
537.303,robot_2,EV_move_forward,EV_path_clear,CLEAR
537.592,robot_2,EV_move_forward,EV_path_clear,CLEAR
537.820,robot_2,EV_move_forward,EV_blue_not_visible|EV_red_not_visible|EV_path_clear,CLEAR
538.109,robot_2,EV_move_forward,EV_path_clear,CLEAR
538.311,robot_2,EV_move_forward,EV_path_clear,CLEAR
538.622,robot_2,EV_move_forward,EV_blue_not_visible|EV_red_not_visible|EV_path_clear,CLEAR
538.916,robot_2,EV_move_forward,EV_path_clear,CLEAR
539.222,robot_2,EV_move_forward,EV_blue_not_visible|EV_red_not_visible|EV_path_clear,CLEAR
539.503,robot_2,EV_move_forward,EV_path_clear,CLEAR
539.820,robot_2,EV_move_forward,EV_path_clear,CLEAR
540.117,robot_2,EV_move_forward,EV_blue_not_visible|EV_red_not_visible|EV_path_clear,CLEAR
540.424,robot_2,EV_move_forward,EV_path_clear,CLEAR
540.704,robot_2,EV_move_forward,EV_blue_not_visible|EV_red_not_visible|EV_path_clear,CLEAR
541.027,robot_2,EV_move_forward,EV_path_clear,CLEAR
541.320,robot_2,EV_move_forward,EV_path_clear,CLEAR
541.604,robot_2,EV_move_forward,EV_blue_not_visible|EV_red_not_visible|EV_path_clear,CLEAR
541.924,robot_2,EV_move_forward,EV_path_clear,CLEAR
542.130,robot_2,EV_move_forward,EV_path_clear,CLEAR
542.413,robot_2,EV_rotate_counterclockwise,EV_blue_not_visible|EV_red_not_visible|EV_obstacle_right,RIGHT
542.597,robot_2,EV_rotate_counterclockwise,EV_obstacle_right,RIGHT
542.711,robot_2,EV_rotate_counterclockwise,EV_obstacle_right,RIGHT
542.934,robot_2,EV_u_turn,EV_obstacle_right,RIGHT
546.709,robot_2,EV_move_forward,EV_blue_not_visible|EV_red_not_visible|EV_path_clear,CLEAR
546.925,robot_2,EV_move_forward,EV_path_clear,CLEAR
547.216,robot_2,EV_u_turn,EV_blue_not_visible|EV_red_not_visible|EV_obstacle_right,RIGHT
547.314,robot_2,EV_u_turn,EV_obstacle_right,RIGHT
547.418,robot_2,EV_rotate_counterclockwise,EV_obstacle_right,RIGHT
550.309,robot_2,EV_move_forward,EV_blue_not_visible|EV_red_not_visible|EV_path_clear,CLEAR
550.605,robot_2,EV_move_forward,EV_red_not_visible|EV_blue_visible|EV_path_clear,CLEAR
550.902,robot_2,EV_move_forward,EV_path_clear,CLEAR
551.109,robot_2,EV_move_forward,EV_path_clear,CLEAR
551.402,robot_2,EV_move_forward,EV_red_not_visible|EV_blue_visible|EV_path_clear,CLEAR
551.692,robot_2,EV_move_forward,EV_path_clear,CLEAR
551.922,robot_2,EV_move_forward,EV_red_not_visible|EV_path_clear,CLEAR
552.207,robot_2,EV_move_forward,EV_blue_visible|EV_path_clear,CLEAR
552.508,robot_2,EV_move_forward,EV_path_clear,CLEAR
552.805,robot_2,EV_move_forward,EV_red_not_visible|EV_blue_visible|EV_path_clear,CLEAR
553.094,robot_2,EV_move_forward,EV_path_clear,CLEAR
553.405,robot_2,EV_move_forward,EV_red_not_visible|EV_path_clear,CLEAR
553.692,robot_2,EV_move_forward,EV_blue_visible|EV_path_clear,CLEAR
553.912,robot_2,EV_move_forward,EV_path_clear,CLEAR
554.205,robot_2,EV_move_forward,EV_red_not_visible|EV_blue_visible|EV_path_clear,CLEAR
554.503,robot_2,EV_move_forward,EV_path_clear,CLEAR
554.815,robot_2,EV_move_forward,EV_red_not_visible|EV_path_clear,CLEAR
555.091,robot_2,EV_move_forward,EV_blue_visible|EV_path_clear,CLEAR
555.311,robot_2,EV_move_forward,EV_path_clear,CLEAR
555.613,robot_2,EV_move_forward,EV_red_not_visible|EV_blue_visible|EV_path_clear,CLEAR
555.892,robot_2,EV_move_forward,EV_path_clear,CLEAR
556.113,robot_2,EV_move_forward,EV_red_not_visible|EV_path_clear,CLEAR
556.407,robot_2,EV_move_forward,EV_blue_visible|EV_path_clear,CLEAR
556.720,robot_2,EV_move_forward,EV_path_clear,CLEAR
557.005,robot_2,EV_move_forward,EV_red_not_visible|EV_blue_visible|EV_path_clear,CLEAR
557.295,robot_2,EV_move_forward,EV_path_clear,CLEAR
557.597,robot_2,EV_move_forward,EV_red_not_visible|EV_blue_reached|EV_path_clear,CLEAR
557.905,robot_2,EV_move_forward,EV_path_clear,CLEAR
558.207,robot_2,EV_move_forward,EV_path_clear,CLEAR
558.502,robot_2,EV_u_turn,EV_red_not_visible|EV_blue_reached|EV_obstacle_right,RIGHT
562.392,robot_2,EV_move_forward,EV_blue_reached|EV_red_visible|EV_path_clear,CLEAR
562.697,robot_2,EV_move_forward,EV_blue_reached|EV_red_visible|EV_path_clear,CLEAR
562.918,robot_2,EV_move_forward,EV_path_clear,CLEAR
563.234,robot_2,EV_move_forward,EV_blue_reached|EV_red_visible|EV_path_clear,CLEAR
563.514,robot_2,EV_move_forward,EV_path_clear,CLEAR
563.789,robot_2,EV_move_forward,EV_path_clear,CLEAR
563.991,robot_2,EV_move_forward,EV_blue_reached|EV_red_visible|EV_path_clear,CLEAR
564.213,robot_2,EV_move_forward,EV_path_clear,CLEAR
564.515,robot_2,EV_move_forward,EV_red_visible|EV_path_clear,CLEAR
564.801,robot_2,EV_move_forward,EV_blue_not_visible|EV_path_clear,CLEAR
565.012,robot_2,EV_move_forward,EV_path_clear,CLEAR
565.242,robot_2,EV_move_forward,EV_path_clear,CLEAR
565.512,robot_2,EV_move_forward,EV_blue_not_visible|EV_red_not_visible|EV_path_clear,CLEAR
565.818,robot_2,EV_move_forward,EV_path_clear,CLEAR
566.125,robot_2,EV_move_forward,EV_path_clear,CLEAR
566.400,robot_2,EV_move_forward,EV_blue_not_visible|EV_red_not_visible|EV_path_clear,CLEAR
566.621,robot_2,EV_move_forward,EV_path_clear,CLEAR
566.902,robot_2,EV_move_forward,EV_path_clear,CLEAR
567.126,robot_2,EV_move_forward,EV_path_clear,CLEAR
567.398,robot_2,EV_move_forward,EV_blue_not_visible|EV_red_not_visible|EV_path_clear,CLEAR
567.620,robot_2,EV_move_forward,EV_path_clear,CLEAR
567.899,robot_2,EV_move_forward,EV_path_clear,CLEAR
568.212,robot_2,EV_move_forward,EV_blue_not_visible|EV_red_not_visible|EV_path_clear,CLEAR
568.499,robot_2,EV_move_forward,EV_path_clear,CLEAR
568.821,robot_2,EV_move_forward,EV_path_clear,CLEAR
569.095,robot_2,EV_move_forward,EV_blue_not_visible|EV_red_not_visible|EV_path_clear,CLEAR
569.405,robot_2,EV_move_forward,EV_path_clear,CLEAR
569.624,robot_2,EV_move_forward,EV_path_clear,CLEAR
569.922,robot_2,EV_move_forward,EV_blue_not_visible|EV_red_not_visible|EV_path_clear,CLEAR
570.207,robot_2,EV_move_forward,EV_path_clear,CLEAR
570.503,robot_2,EV_move_forward,EV_blue_not_visible|EV_red_not_visible|EV_path_clear,CLEAR
570.817,robot_2,EV_move_forward,EV_path_clear,CLEAR
571.123,robot_2,EV_move_forward,EV_path_clear,CLEAR
571.389,robot_2,EV_move_forward,EV_blue_not_visible|EV_red_not_visible|EV_path_clear,CLEAR
571.593,robot_2,EV_move_forward,EV_path_clear,CLEAR
571.797,robot_2,EV_move_forward,EV_blue_not_visible|EV_red_not_visible|EV_path_clear,CLEAR
572.013,robot_2,EV_move_forward,EV_path_clear,CLEAR
572.303,robot_2,EV_move_forward,EV_path_clear,CLEAR
572.616,robot_2,EV_move_forward,EV_blue_not_visible|EV_red_not_visible|EV_path_clear,CLEAR
572.902,robot_2,EV_move_forward,EV_path_clear,CLEAR
573.122,robot_2,EV_move_forward,EV_path_clear,CLEAR
573.408,robot_2,EV_rotate_clockwise,EV_obstacle_left|EV_blue_not_visible|EV_red_not_visible,LEFT
573.626,robot_2,EV_u_turn,EV_obstacle_left,LEFT
577.425,robot_2,EV_rotate_counterclockwise,EV_blue_not_visible|EV_red_not_visible|EV_obstacle_right,RIGHT
580.315,robot_2,EV_move_forward,EV_blue_not_visible|EV_red_not_visible|EV_path_clear,CLEAR
580.517,robot_2,EV_move_forward,EV_path_clear,CLEAR
580.799,robot_2,EV_move_forward,EV_path_clear,CLEAR
581.107,robot_2,EV_move_forward,EV_red_not_visible|EV_blue_visible|EV_path_clear,CLEAR
581.424,robot_2,EV_move_forward,EV_path_clear,CLEAR
581.728,robot_2,EV_move_forward,EV_path_clear,CLEAR
582.001,robot_2,EV_move_forward,EV_red_not_visible|EV_blue_visible|EV_path_clear,CLEAR
582.322,robot_2,EV_move_forward,EV_path_clear,CLEAR
582.597,robot_2,EV_move_forward,EV_red_not_visible|EV_path_clear,CLEAR
582.922,robot_2,EV_move_forward,EV_blue_visible|EV_path_clear,CLEAR
583.195,robot_2,EV_move_forward,EV_path_clear,CLEAR
583.441,robot_2,EV_move_forward,EV_path_clear,CLEAR
583.729,robot_2,EV_move_forward,EV_red_not_visible|EV_blue_visible|EV_path_clear,CLEAR
584.020,robot_2,EV_move_forward,EV_path_clear,CLEAR
584.227,robot_2,EV_move_forward,EV_path_clear,CLEAR
584.499,robot_2,EV_move_forward,EV_red_not_visible|EV_blue_visible|EV_path_clear,CLEAR
584.802,robot_2,EV_move_forward,EV_path_clear,CLEAR
585.028,robot_2,EV_move_forward,EV_path_clear,CLEAR
585.326,robot_2,EV_move_forward,EV_red_not_visible|EV_blue_visible|EV_path_clear,CLEAR
585.617,robot_2,EV_move_forward,EV_path_clear,CLEAR
585.917,robot_2,EV_move_forward,EV_path_clear,CLEAR
586.194,robot_2,EV_move_forward,EV_red_not_visible|EV_blue_visible|EV_path_clear,CLEAR
586.512,robot_2,EV_move_forward,EV_path_clear,CLEAR
586.811,robot_2,EV_move_forward,EV_red_not_visible|EV_blue_visible|EV_path_clear,CLEAR
587.090,robot_2,EV_move_forward,EV_path_clear,CLEAR
587.294,robot_2,EV_move_forward,EV_path_clear,CLEAR
587.511,robot_2,EV_move_forward,EV_red_not_visible|EV_blue_visible|EV_path_clear,CLEAR
587.812,robot_2,EV_move_forward,EV_path_clear,CLEAR
588.098,robot_2,EV_move_forward,EV_path_clear,CLEAR
588.404,robot_2,EV_move_forward,EV_red_not_visible|EV_blue_visible|EV_path_clear,CLEAR
588.703,robot_2,EV_move_forward,EV_path_clear,CLEAR
588.915,robot_2,EV_move_forward,EV_red_not_visible|EV_path_clear,CLEAR
589.199,robot_2,EV_move_forward,EV_blue_visible|EV_path_clear,CLEAR
589.509,robot_2,EV_move_forward,EV_path_clear,CLEAR
589.810,robot_2,EV_move_forward,EV_red_not_visible|EV_blue_visible|EV_path_clear,CLEAR
590.122,robot_2,EV_move_forward,EV_path_clear,CLEAR
590.390,robot_2,EV_move_forward,EV_red_not_visible|EV_path_clear,CLEAR
590.721,robot_2,EV_move_forward,EV_blue_visible|EV_path_clear,CLEAR
590.934,robot_2,EV_move_forward,EV_path_clear,CLEAR
591.208,robot_2,EV_move_forward,EV_red_not_visible|EV_blue_visible|EV_path_clear,CLEAR
591.508,robot_2,EV_move_forward,EV_path_clear,CLEAR
591.813,robot_2,EV_u_turn,EV_obstacle_right,RIGHT
