elapsed_s,robot,selected_event,uncontrollable_events,raw_zone
0.148,robot_0,EV_move_forward,EV_path_clear,CLEAR
0.441,robot_0,EV_move_forward,EV_path_clear,CLEAR
0.741,robot_0,EV_search_object,EV_path_clear,CLEAR
0.941,robot_0,EV_move_forward,EV_path_clear,CLEAR
1.241,robot_0,EV_move_forward,EV_path_clear,CLEAR
1.541,robot_0,EV_move_forward,EV_path_clear,CLEAR
1.841,robot_0,EV_move_forward,EV_path_clear,CLEAR
2.141,robot_0,EV_move_forward,EV_path_clear,CLEAR
2.441,robot_0,EV_search_object,EV_path_clear,CLEAR
2.641,robot_0,EV_search_object,EV_path_clear,CLEAR
2.841,robot_0,EV_move_forward,EV_path_clear,CLEAR
3.058,robot_0,EV_move_forward,EV_path_clear,CLEAR
3.362,robot_0,EV_search_object,EV_path_clear,CLEAR
3.552,robot_0,EV_move_forward,EV_path_clear,CLEAR
3.767,robot_0,EV_move_forward,EV_path_clear,CLEAR
4.050,robot_0,EV_move_forward,EV_path_clear,CLEAR
4.344,robot_0,EV_move_forward,EV_path_clear,CLEAR
4.547,robot_0,EV_move_forward,EV_path_clear,CLEAR
4.751,robot_0,EV_search_object,EV_path_clear,CLEAR
4.942,robot_0,EV_search_object,EV_path_clear,CLEAR
5.146,robot_0,EV_search_object,EV_path_clear,CLEAR
5.346,robot_0,EV_search_object,EV_path_clear,CLEAR
5.543,robot_0,EV_move_forward,EV_path_clear,CLEAR
5.753,robot_0,EV_move_forward,EV_path_clear,CLEAR
6.041,robot_0,EV_search_object,EV_path_clear,CLEAR
6.241,robot_0,EV_search_object,EV_path_clear,CLEAR
6.364,robot_0,EV_move_forward,EV_path_clear,CLEAR
6.652,robot_0,EV_move_forward,EV_path_clear,CLEAR
6.943,robot_0,EV_move_forward,EV_path_clear,CLEAR
7.155,robot_0,EV_move_forward,EV_path_clear,CLEAR
7.359,robot_0,EV_rotate_clockwise,EV_obstacle_left,LEFT
7.562,robot_0,EV_u_turn,EV_obstacle_left,LEFT
11.363,robot_0,EV_rotate_counterclockwise,EV_obstacle_right,RIGHT
14.158,robot_0,EV_search_object,EV_path_clear,CLEAR
14.346,robot_0,EV_search_object,EV_path_clear,CLEAR
14.551,robot_0,EV_search_object,EV_path_clear,CLEAR
14.750,robot_0,EV_search_object,EV_path_clear,CLEAR
14.946,robot_0,EV_move_forward,EV_path_clear,CLEAR
15.155,robot_0,EV_search_object,EV_path_clear,CLEAR
15.257,robot_0,EV_search_object,EV_path_clear,CLEAR
15.443,robot_0,EV_search_object,EV_path_clear,CLEAR
15.556,robot_0,EV_move_forward,EV_path_clear,CLEAR
15.850,robot_0,EV_move_forward,EV_path_clear,CLEAR
16.142,robot_0,EV_move_forward,EV_path_clear,CLEAR
16.358,robot_0,EV_search_object,EV_path_clear,CLEAR
16.547,robot_0,EV_search_object,EV_path_clear,CLEAR
16.659,robot_0,EV_move_forward,EV_path_clear,CLEAR
16.943,robot_0,EV_search_object,EV_path_clear,CLEAR
17.054,robot_0,EV_move_forward,EV_path_clear,CLEAR
17.355,robot_0,EV_move_forward,EV_path_clear,CLEAR
17.651,robot_0,EV_move_forward,EV_path_clear,CLEAR
17.855,robot_0,EV_move_forward,EV_path_clear,CLEAR
18.142,robot_0,EV_search_object,EV_path_clear,CLEAR
18.354,robot_0,EV_search_object,EV_path_clear,CLEAR
18.545,robot_0,EV_search_object,EV_path_clear,CLEAR
18.747,robot_0,EV_move_forward,EV_path_clear,CLEAR
19.051,robot_0,EV_move_forward,EV_path_clear,CLEAR
19.342,robot_0,EV_move_forward,EV_path_clear,CLEAR
19.545,robot_0,EV_search_object,EV_path_clear,CLEAR
19.742,robot_0,EV_search_object,EV_path_clear,CLEAR
19.846,robot_0,EV_move_forward,EV_path_clear,CLEAR
20.053,robot_0,EV_search_object,EV_path_clear,CLEAR
20.163,robot_0,EV_move_forward,EV_path_clear,CLEAR
20.444,robot_0,EV_search_object,EV_path_clear,CLEAR
20.567,robot_0,EV_move_forward,EV_path_clear,CLEAR
20.856,robot_0,EV_move_forward,EV_path_clear,CLEAR
21.153,robot_0,EV_move_forward,EV_path_clear,CLEAR
21.447,robot_0,EV_rotate_counterclockwise,EV_obstacle_right,RIGHT
21.551,robot_0,EV_u_turn,EV_obstacle_right,RIGHT
25.359,robot_0,EV_search_object,EV_path_clear,CLEAR
25.542,robot_0,EV_move_forward,EV_path_clear,CLEAR
25.745,robot_0,EV_move_forward,EV_path_clear,CLEAR
25.960,robot_0,EV_search_object,EV_path_clear,CLEAR
26.066,robot_0,EV_search_object,EV_path_clear,CLEAR
26.244,robot_0,EV_search_object,EV_path_clear,CLEAR
26.457,robot_0,EV_search_object,EV_path_clear,CLEAR
26.660,robot_0,EV_search_object,EV_path_clear,CLEAR
26.857,robot_0,EV_move_forward,EV_path_clear,CLEAR
27.068,robot_0,EV_move_forward,EV_path_clear,CLEAR
27.347,robot_0,EV_search_object,EV_path_clear,CLEAR
27.456,robot_0,EV_move_forward,EV_path_clear,CLEAR
27.757,robot_0,EV_move_forward,EV_path_clear,CLEAR
28.054,robot_0,EV_search_object,EV_path_clear,CLEAR
28.242,robot_0,EV_search_object,EV_path_clear,CLEAR
28.454,robot_0,EV_search_object,EV_path_clear,CLEAR
28.653,robot_0,EV_search_object,EV_path_clear,CLEAR
28.857,robot_0,EV_search_object,EV_path_clear,CLEAR
29.048,robot_0,EV_search_object,EV_path_clear,CLEAR
29.155,robot_0,EV_move_forward,EV_path_clear,CLEAR
29.440,robot_0,EV_move_forward,EV_path_clear,CLEAR
29.660,robot_0,EV_search_object,EV_path_clear,CLEAR
29.845,robot_0,EV_move_forward,EV_path_clear,CLEAR
30.147,robot_0,EV_move_forward,EV_path_clear,CLEAR
30.353,robot_0,EV_search_object,EV_path_clear,CLEAR
30.544,robot_0,EV_move_forward,EV_path_clear,CLEAR
30.841,robot_0,EV_search_object,EV_path_clear,CLEAR
31.055,robot_0,EV_search_object,EV_path_clear,CLEAR
31.247,robot_0,EV_search_object,EV_path_clear,CLEAR
31.441,robot_0,EV_search_object,EV_path_clear,CLEAR
31.555,robot_0,EV_move_forward,EV_path_clear,CLEAR
31.757,robot_0,EV_search_object,EV_path_clear,CLEAR
31.954,robot_0,EV_search_object,EV_path_clear,CLEAR
32.059,robot_0,EV_search_object,EV_path_clear,CLEAR
32.244,robot_0,EV_search_object,EV_path_clear,CLEAR
32.361,robot_0,EV_move_forward,EV_path_clear,CLEAR
32.641,robot_0,EV_move_forward,EV_path_clear,CLEAR
32.852,robot_0,EV_move_forward,EV_path_clear,CLEAR
33.146,robot_0,EV_search_object,EV_path_clear,CLEAR
33.251,robot_0,EV_move_forward,EV_path_clear,CLEAR
33.550,robot_0,EV_search_object,EV_path_clear,CLEAR
33.657,robot_0,EV_move_forward,EV_path_clear,CLEAR
33.953,robot_0,EV_move_forward,EV_path_clear,CLEAR
34.261,robot_0,EV_move_forward,EV_path_clear,CLEAR
34.554,robot_0,EV_move_forward,EV_path_clear,CLEAR
34.842,robot_0,EV_search_object,EV_path_clear,CLEAR
35.066,robot_0,EV_move_forward,EV_path_clear,CLEAR
35.347,robot_0,EV_search_object,EV_path_clear,CLEAR
35.549,robot_0,EV_search_object,EV_path_clear,CLEAR
35.742,robot_0,EV_search_object,EV_path_clear,CLEAR
35.855,robot_0,EV_search_object,EV_path_clear,CLEAR
36.055,robot_0,EV_move_forward,EV_path_clear,CLEAR
36.344,robot_0,EV_search_object,EV_path_clear,CLEAR
36.544,robot_0,EV_move_forward,EV_path_clear,CLEAR
36.849,robot_0,EV_search_object,EV_path_clear,CLEAR
37.041,robot_0,EV_u_turn,EV_obstacle_left,LEFT
40.848,robot_0,EV_move_forward,EV_path_clear,CLEAR
41.146,robot_0,EV_move_forward,EV_path_clear,CLEAR
41.354,robot_0,EV_search_object,EV_path_clear,CLEAR
41.550,robot_0,EV_move_forward,EV_path_clear,CLEAR
41.858,robot_0,EV_move_forward,EV_path_clear,CLEAR
42.142,robot_0,EV_move_forward,EV_path_clear,CLEAR
42.347,robot_0,EV_move_forward,EV_path_clear,CLEAR
42.641,robot_0,EV_search_object,EV_path_clear,CLEAR
42.750,robot_0,EV_move_forward,EV_path_clear,CLEAR
42.955,robot_0,EV_search_object,EV_path_clear,CLEAR
43.156,robot_0,EV_search_object,EV_path_clear,CLEAR
43.350,robot_0,EV_move_forward,EV_path_clear,CLEAR
43.652,robot_0,EV_move_forward,EV_path_clear,CLEAR
43.948,robot_0,EV_move_forward,EV_path_clear,CLEAR
44.243,robot_0,EV_move_forward,EV_path_clear,CLEAR
44.456,robot_0,EV_search_object,EV_path_clear,CLEAR
44.656,robot_0,EV_move_forward,EV_path_clear,CLEAR
44.859,robot_0,EV_search_object,EV_path_clear,CLEAR
45.054,robot_0,EV_move_forward,EV_path_clear,CLEAR
45.352,robot_0,EV_search_object,EV_path_clear,CLEAR
45.454,robot_0,EV_search_object,EV_path_clear,CLEAR
45.653,robot_0,EV_search_object,EV_path_clear,CLEAR
45.841,robot_0,EV_move_forward,EV_path_clear,CLEAR
46.046,robot_0,EV_move_forward,EV_path_clear,CLEAR
46.258,robot_0,EV_move_forward,EV_path_clear,CLEAR
46.554,robot_0,EV_search_object,EV_path_clear,CLEAR
46.656,robot_0,EV_move_forward,EV_path_clear,CLEAR
46.945,robot_0,EV_move_forward,EV_path_clear,CLEAR
47.241,robot_0,EV_search_object,EV_path_clear,CLEAR
47.449,robot_0,EV_search_object,EV_path_clear,CLEAR
47.664,robot_0,EV_move_forward,EV_path_clear,CLEAR
47.953,robot_0,EV_search_object,EV_path_clear,CLEAR
48.141,robot_0,EV_search_object,EV_path_clear,CLEAR
48.243,robot_0,EV_move_forward,EV_path_clear,CLEAR
48.450,robot_0,EV_search_object,EV_path_clear,CLEAR
48.555,robot_0,EV_search_object,EV_path_clear,CLEAR
48.752,robot_0,EV_move_forward,EV_path_clear,CLEAR
49.047,robot_0,EV_search_object,EV_path_clear,CLEAR
49.149,robot_0,EV_search_object,EV_path_clear,CLEAR
49.348,robot_0,EV_search_object,EV_path_clear,CLEAR
49.541,robot_0,EV_move_forward,EV_path_clear,CLEAR
49.743,robot_0,EV_move_forward,EV_path_clear,CLEAR
50.044,robot_0,EV_move_forward,EV_path_clear,CLEAR
50.348,robot_0,EV_search_object,EV_path_clear,CLEAR
50.456,robot_0,EV_move_forward,EV_path_clear,CLEAR
50.744,robot_0,EV_move_forward,EV_path_clear,CLEAR
51.042,robot_0,EV_move_forward,EV_path_clear,CLEAR
51.346,robot_0,EV_search_object,EV_path_clear,CLEAR
51.462,robot_0,EV_move_forward,EV_path_clear,CLEAR
51.750,robot_0,EV_search_object,EV_path_clear,CLEAR
51.946,robot_0,EV_move_forward,EV_path_clear,CLEAR
52.244,robot_0,EV_search_object,EV_path_clear,CLEAR
52.469,robot_0,EV_move_forward,EV_path_clear,CLEAR
52.746,robot_0,EV_move_forward,EV_path_clear,CLEAR
53.046,robot_0,EV_search_object,EV_path_clear,CLEAR
53.155,robot_0,EV_move_forward,EV_path_clear,CLEAR
53.446,robot_0,EV_search_object,EV_path_clear,CLEAR
53.553,robot_0,EV_search_object,EV_path_clear,CLEAR
53.743,robot_0,EV_search_object,EV_path_clear,CLEAR
53.858,robot_0,EV_move_forward,EV_path_clear,CLEAR
54.142,robot_0,EV_search_object,EV_path_clear,CLEAR
54.261,robot_0,EV_search_object,EV_path_clear,CLEAR
54.466,robot_0,EV_move_forward,EV_path_clear,CLEAR
54.752,robot_0,EV_search_object,EV_path_clear,CLEAR
54.860,robot_0,EV_search_object,EV_path_clear,CLEAR
55.045,robot_0,EV_move_forward,EV_path_clear,CLEAR
55.348,robot_0,EV_search_object,EV_path_clear,CLEAR
55.547,robot_0,EV_move_forward,EV_path_clear,CLEAR
55.841,robot_0,EV_move_forward,EV_path_clear,CLEAR
56.058,robot_0,EV_search_object,EV_path_clear,CLEAR
56.248,robot_0,EV_search_object,EV_path_clear,CLEAR
56.450,robot_0,EV_move_forward,EV_path_clear,CLEAR
56.744,robot_0,EV_move_forward,EV_path_clear,CLEAR
57.054,robot_0,EV_search_object,EV_path_clear,CLEAR
57.241,robot_0,EV_search_object,EV_path_clear,CLEAR
57.359,robot_0,EV_search_object,EV_path_clear,CLEAR
57.546,robot_0,EV_move_forward,EV_path_clear,CLEAR
57.755,robot_0,EV_move_forward,EV_path_clear,CLEAR
58.054,robot_0,EV_search_object,EV_path_clear,CLEAR
58.242,robot_0,EV_search_object,EV_path_clear,CLEAR
58.350,robot_0,EV_search_object,EV_path_clear,CLEAR
58.552,robot_0,EV_search_object,EV_path_clear,CLEAR
58.750,robot_0,EV_move_forward,EV_path_clear,CLEAR
59.046,robot_0,EV_search_object,EV_path_clear,CLEAR
59.245,robot_0,EV_search_object,EV_path_clear,CLEAR
59.448,robot_0,EV_move_forward,EV_path_clear,CLEAR
59.665,robot_0,EV_move_forward,EV_path_clear,CLEAR
59.949,robot_0,EV_search_object,EV_path_clear,CLEAR
60.143,robot_0,EV_move_forward,EV_path_clear,CLEAR
60.350,robot_0,EV_move_forward,EV_path_clear,CLEAR
60.654,robot_0,EV_search_object,EV_path_clear,CLEAR
60.765,robot_0,EV_move_forward,EV_path_clear,CLEAR
61.041,robot_0,EV_search_object,EV_path_clear,CLEAR
61.248,robot_0,EV_search_object,EV_path_clear,CLEAR
61.451,robot_0,EV_search_object,EV_path_clear,CLEAR
61.565,robot_0,EV_search_object,EV_path_clear,CLEAR
61.752,robot_0,EV_move_forward,EV_path_clear,CLEAR
62.044,robot_0,EV_move_forward,EV_path_clear,CLEAR
62.252,robot_0,EV_move_forward,EV_path_clear,CLEAR
62.556,robot_0,EV_search_object,EV_path_clear,CLEAR
62.759,robot_0,EV_search_object,EV_path_clear,CLEAR
62.959,robot_0,EV_move_forward,EV_path_clear,CLEAR
63.250,robot_0,EV_search_object,EV_path_clear,CLEAR
63.457,robot_0,EV_move_forward,EV_path_clear,CLEAR
63.749,robot_0,EV_search_object,EV_path_clear,CLEAR
63.860,robot_0,EV_move_forward,EV_path_clear,CLEAR
64.148,robot_0,EV_move_forward,EV_path_clear,CLEAR
64.349,robot_0,EV_search_object,EV_path_clear,CLEAR
64.543,robot_0,EV_search_object,EV_path_clear,CLEAR
64.660,robot_0,EV_search_object,EV_path_clear,CLEAR
64.863,robot_0,EV_search_object,EV_path_clear,CLEAR
65.048,robot_0,EV_search_object,EV_path_clear,CLEAR
65.153,robot_0,EV_move_forward,EV_path_clear,CLEAR
65.445,robot_0,EV_search_object,EV_path_clear,CLEAR
65.653,robot_0,EV_move_forward,EV_path_clear,CLEAR
65.947,robot_0,EV_search_object,EV_path_clear,CLEAR
66.151,robot_0,EV_move_forward,EV_path_clear,CLEAR
66.361,robot_0,EV_move_forward,EV_path_clear,CLEAR
66.650,robot_0,EV_search_object,EV_path_clear,CLEAR
66.859,robot_0,EV_search_object,EV_path_clear,CLEAR
67.046,robot_0,EV_search_object,EV_path_clear,CLEAR
67.161,robot_0,EV_search_object,EV_path_clear,CLEAR
67.352,robot_0,EV_search_object,EV_path_clear,CLEAR
67.554,robot_0,EV_search_object,EV_path_clear,CLEAR
67.750,robot_0,EV_move_forward,EV_path_clear,CLEAR
68.058,robot_0,EV_move_forward,EV_path_clear,CLEAR
68.347,robot_0,EV_move_forward,EV_path_clear,CLEAR
68.561,robot_0,EV_search_object,EV_path_clear,CLEAR
68.741,robot_0,EV_search_object,EV_path_clear,CLEAR
68.851,robot_0,EV_move_forward,EV_path_clear,CLEAR
69.060,robot_0,EV_search_object,EV_path_clear,CLEAR
69.261,robot_0,EV_search_object,EV_path_clear,CLEAR
69.448,robot_0,EV_move_forward,EV_path_clear,CLEAR
69.752,robot_0,EV_search_object,EV_path_clear,CLEAR
69.946,robot_0,EV_move_forward,EV_path_clear,CLEAR
70.261,robot_0,EV_search_object,EV_path_clear,CLEAR
70.446,robot_0,EV_search_object,EV_path_clear,CLEAR
70.650,robot_0,EV_search_object,EV_path_clear,CLEAR
70.842,robot_0,EV_search_object,EV_path_clear,CLEAR
71.056,robot_0,EV_search_object,EV_path_clear,CLEAR
71.248,robot_0,EV_move_forward,EV_path_clear,CLEAR
71.545,robot_0,EV_move_forward,EV_path_clear,CLEAR
71.762,robot_0,EV_search_object,EV_path_clear,CLEAR
71.951,robot_0,EV_move_forward,EV_path_clear,CLEAR
72.248,robot_0,EV_search_object,EV_path_clear,CLEAR
72.442,robot_0,EV_move_forward,EV_path_clear,CLEAR
72.741,robot_0,EV_search_object,EV_path_clear,CLEAR
72.882,robot_0,EV_search_object,EV_path_clear,CLEAR
73.044,robot_0,EV_search_object,EV_path_clear,CLEAR
73.254,robot_0,EV_move_forward,EV_path_clear,CLEAR
73.560,robot_0,EV_search_object,EV_path_clear,CLEAR
73.741,robot_0,EV_search_object,EV_path_clear,CLEAR
73.941,robot_0,EV_search_object,EV_path_clear,CLEAR
74.045,robot_0,EV_search_object,EV_path_clear,CLEAR
74.254,robot_0,EV_search_object,EV_path_clear,CLEAR
74.442,robot_0,EV_move_forward,EV_path_clear,CLEAR
74.757,robot_0,EV_move_forward,EV_path_clear,CLEAR
75.056,robot_0,EV_search_object,EV_path_clear,CLEAR
75.257,robot_0,EV_search_object,EV_path_clear,CLEAR
75.443,robot_0,EV_search_object,EV_path_clear,CLEAR
75.659,robot_0,EV_move_forward,EV_path_clear,CLEAR
75.943,robot_0,EV_search_object,EV_path_clear,CLEAR
76.049,robot_0,EV_move_forward,EV_path_clear,CLEAR
76.352,robot_0,EV_move_forward,EV_path_clear,CLEAR
76.645,robot_0,EV_search_object,EV_path_clear,CLEAR
76.857,robot_0,EV_search_object,EV_path_clear,CLEAR
77.058,robot_0,EV_move_forward,EV_path_clear,CLEAR
77.353,robot_0,EV_search_object,EV_path_clear,CLEAR
77.554,robot_0,EV_search_object,EV_path_clear,CLEAR
77.741,robot_0,EV_search_object,EV_path_clear,CLEAR
77.944,robot_0,EV_search_object,EV_path_clear,CLEAR
78.141,robot_0,EV_move_forward,EV_path_clear,CLEAR
78.352,robot_0,EV_move_forward,EV_path_clear,CLEAR
78.641,robot_0,EV_move_forward,EV_path_clear,CLEAR
78.853,robot_0,EV_move_forward,EV_path_clear,CLEAR
79.059,robot_0,EV_search_object,EV_path_clear,CLEAR
79.249,robot_0,EV_move_forward,EV_path_clear,CLEAR
79.546,robot_0,EV_move_forward,EV_path_clear,CLEAR
79.753,robot_0,EV_move_forward,EV_path_clear,CLEAR
80.054,robot_0,EV_search_object,EV_path_clear,CLEAR
80.157,robot_0,EV_move_forward,EV_path_clear,CLEAR
80.446,robot_0,EV_move_forward,EV_path_clear,CLEAR
80.656,robot_0,EV_move_forward,EV_path_clear,CLEAR
80.949,robot_0,EV_move_forward,EV_path_clear,CLEAR
81.253,robot_0,EV_move_forward,EV_path_clear,CLEAR
81.546,robot_0,EV_search_object,EV_path_clear,CLEAR
81.648,robot_0,EV_search_object,EV_path_clear,CLEAR
81.862,robot_0,EV_move_forward,EV_path_clear,CLEAR
82.158,robot_0,EV_move_forward,EV_path_clear,CLEAR
82.377,robot_0,EV_move_forward,EV_path_clear,CLEAR
82.656,robot_0,EV_search_object,EV_path_clear,CLEAR
82.842,robot_0,EV_search_object,EV_path_clear,CLEAR
83.043,robot_0,EV_move_forward,EV_path_clear,CLEAR
83.341,robot_0,EV_rotate_clockwise,EV_obstacle_front,CORNER
83.553,robot_0,EV_u_turn,EV_obstacle_front,CORNER
87.360,robot_0,EV_search_object,EV_path_clear,CLEAR
87.542,robot_0,EV_search_object,EV_path_clear,CLEAR
87.654,robot_0,EV_search_object,EV_path_clear,CLEAR
87.848,robot_0,EV_search_object,EV_path_clear,CLEAR
87.956,robot_0,EV_move_forward,EV_path_clear,CLEAR
88.246,robot_0,EV_search_object,EV_path_clear,CLEAR
88.448,robot_0,EV_move_forward,EV_path_clear,CLEAR
88.750,robot_0,EV_search_object,EV_path_clear,CLEAR
88.955,robot_0,EV_search_object,EV_path_clear,CLEAR
89.063,robot_0,EV_search_object,EV_path_clear,CLEAR
89.248,robot_0,EV_move_forward,EV_path_clear,CLEAR
89.458,robot_0,EV_search_object,EV_path_clear,CLEAR
89.646,robot_0,EV_search_object,EV_path_clear,CLEAR
89.854,robot_0,EV_move_forward,EV_path_clear,CLEAR
90.059,robot_0,EV_search_object,EV_path_clear,CLEAR
90.251,robot_0,EV_move_forward,EV_path_clear,CLEAR
90.549,robot_0,EV_search_object,EV_path_clear,CLEAR
90.767,robot_0,EV_search_object,EV_path_clear,CLEAR
90.946,robot_0,EV_search_object,EV_path_clear,CLEAR
91.141,robot_0,EV_search_object,EV_path_clear,CLEAR
91.244,robot_0,EV_move_forward,EV_path_clear,CLEAR
91.550,robot_0,EV_move_forward,EV_path_clear,CLEAR
91.849,robot_0,EV_search_object,EV_path_clear,CLEAR
92.045,robot_0,EV_search_object,EV_path_clear,CLEAR
92.248,robot_0,EV_move_forward,EV_path_clear,CLEAR
92.550,robot_0,EV_search_object,EV_path_clear,CLEAR
92.741,robot_0,EV_move_forward,EV_path_clear,CLEAR
92.952,robot_0,EV_move_forward,EV_path_clear,CLEAR
93.155,robot_0,EV_move_forward,EV_path_clear,CLEAR
93.448,robot_0,EV_move_forward,EV_path_clear,CLEAR
93.749,robot_0,EV_move_forward,EV_path_clear,CLEAR
93.953,robot_0,EV_move_forward,EV_path_clear,CLEAR
94.269,robot_0,EV_search_object,EV_path_clear,CLEAR
94.457,robot_0,EV_search_object,EV_path_clear,CLEAR
94.643,robot_0,EV_move_forward,EV_path_clear,CLEAR
94.845,robot_0,EV_search_object,EV_path_clear,CLEAR
94.957,robot_0,EV_search_object,EV_path_clear,CLEAR
95.158,robot_0,EV_search_object,EV_path_clear,CLEAR
95.263,robot_0,EV_search_object,EV_path_clear,CLEAR
95.444,robot_0,EV_move_forward,EV_path_clear,CLEAR
95.747,robot_0,EV_move_forward,EV_path_clear,CLEAR
96.046,robot_0,EV_move_forward,EV_path_clear,CLEAR
96.344,robot_0,EV_search_object,EV_path_clear,CLEAR
96.550,robot_0,EV_search_object,EV_path_clear,CLEAR
96.653,robot_0,EV_search_object,EV_path_clear,CLEAR
96.860,robot_0,EV_move_forward,EV_path_clear,CLEAR
97.151,robot_0,EV_search_object,EV_path_clear,CLEAR
97.256,robot_0,EV_move_forward,EV_path_clear,CLEAR
97.544,robot_0,EV_search_object,EV_path_clear,CLEAR
97.647,robot_0,EV_move_forward,EV_path_clear,CLEAR
97.944,robot_0,EV_search_object,EV_path_clear,CLEAR
98.050,robot_0,EV_search_object,EV_path_clear,CLEAR
98.248,robot_0,EV_move_forward,EV_path_clear,CLEAR
98.548,robot_0,EV_move_forward,EV_path_clear,CLEAR
98.779,robot_0,EV_move_forward,EV_path_clear,CLEAR
99.056,robot_0,EV_move_forward,EV_path_clear,CLEAR
99.345,robot_0,EV_search_object,EV_path_clear,CLEAR
99.455,robot_0,EV_search_object,EV_path_clear,CLEAR
99.573,robot_0,EV_search_object,EV_path_clear,CLEAR
99.750,robot_0,EV_move_forward,EV_path_clear,CLEAR
99.963,robot_0,EV_move_forward,EV_path_clear,CLEAR
100.251,robot_0,EV_search_object,EV_path_clear,CLEAR
100.449,robot_0,EV_move_forward,EV_path_clear,CLEAR
100.656,robot_0,EV_search_object,EV_path_clear,CLEAR
100.864,robot_0,EV_search_object,EV_path_clear,CLEAR
101.048,robot_0,EV_move_forward,EV_path_clear,CLEAR
101.342,robot_0,EV_search_object,EV_path_clear,CLEAR
101.541,robot_0,EV_search_object,EV_path_clear,CLEAR
101.649,robot_0,EV_search_object,EV_path_clear,CLEAR
101.753,robot_0,EV_move_forward,EV_path_clear,CLEAR
102.049,robot_0,EV_search_object,EV_path_clear,CLEAR
102.157,robot_0,EV_rotate_clockwise,EV_obstacle_left,LEFT
102.365,robot_0,EV_rotate_clockwise,EV_obstacle_left,LEFT
102.544,robot_0,EV_rotate_clockwise,EV_obstacle_left,LEFT
102.746,robot_0,EV_u_turn,EV_obstacle_left,LEFT
106.551,robot_0,EV_search_object,EV_path_clear,CLEAR
106.652,robot_0,EV_search_object,EV_path_clear,CLEAR
106.844,robot_0,EV_search_object,EV_path_clear,CLEAR
106.950,robot_0,EV_move_forward,EV_path_clear,CLEAR
107.251,robot_0,EV_search_object,EV_path_clear,CLEAR
107.452,robot_0,EV_move_forward,EV_path_clear,CLEAR
107.744,robot_0,EV_move_forward,EV_path_clear,CLEAR
107.953,robot_0,EV_search_object,EV_path_clear,CLEAR
108.151,robot_0,EV_search_object,EV_path_clear,CLEAR
108.252,robot_0,EV_search_object,EV_path_clear,CLEAR
108.446,robot_0,EV_move_forward,EV_path_clear,CLEAR
108.759,robot_0,EV_search_object,EV_path_clear,CLEAR
108.943,robot_0,EV_move_forward,EV_path_clear,CLEAR
109.245,robot_0,EV_move_forward,EV_path_clear,CLEAR
109.541,robot_0,EV_move_forward,EV_path_clear,CLEAR
109.747,robot_0,EV_move_forward,EV_path_clear,CLEAR
110.057,robot_0,EV_move_forward,EV_path_clear,CLEAR
110.344,robot_0,EV_move_forward,EV_path_clear,CLEAR
110.643,robot_0,EV_move_forward,EV_path_clear,CLEAR
110.856,robot_0,EV_move_forward,EV_path_clear,CLEAR
111.146,robot_0,EV_search_object,EV_path_clear,CLEAR
111.253,robot_0,EV_move_forward,EV_path_clear,CLEAR
111.454,robot_0,EV_search_object,EV_path_clear,CLEAR
111.646,robot_0,EV_move_forward,EV_path_clear,CLEAR
111.947,robot_0,EV_move_forward,EV_path_clear,CLEAR
112.149,robot_0,EV_move_forward,EV_path_clear,CLEAR
112.445,robot_0,EV_search_object,EV_path_clear,CLEAR
112.648,robot_0,EV_move_forward,EV_path_clear,CLEAR
112.857,robot_0,EV_move_forward,EV_path_clear,CLEAR
113.146,robot_0,EV_search_object,EV_path_clear,CLEAR
113.342,robot_0,EV_move_forward,EV_path_clear,CLEAR
113.555,robot_0,EV_move_forward,EV_path_clear,CLEAR
113.852,robot_0,EV_move_forward,EV_path_clear,CLEAR
114.146,robot_0,EV_move_forward,EV_path_clear,CLEAR
114.350,robot_0,EV_search_object,EV_path_clear,CLEAR
114.456,robot_0,EV_move_forward,EV_path_clear,CLEAR
114.743,robot_0,EV_move_forward,EV_path_clear,CLEAR
114.950,robot_0,EV_move_forward,EV_path_clear,CLEAR
115.248,robot_0,EV_move_forward,EV_path_clear,CLEAR
115.452,robot_0,EV_search_object,EV_path_clear,CLEAR
115.557,robot_0,EV_move_forward,EV_path_clear,CLEAR
115.849,robot_0,EV_search_object,EV_path_clear,CLEAR
115.952,robot_0,EV_move_forward,EV_path_clear,CLEAR
116.243,robot_0,EV_search_object,EV_path_clear,CLEAR
116.355,robot_0,EV_search_object,EV_path_clear,CLEAR
116.546,robot_0,EV_search_object,EV_path_clear,CLEAR
116.659,robot_0,EV_search_object,EV_path_clear,CLEAR
116.849,robot_0,EV_search_object,EV_path_clear,CLEAR
117.052,robot_0,EV_search_object,EV_path_clear,CLEAR
117.156,robot_0,EV_search_object,EV_path_clear,CLEAR
117.343,robot_0,EV_search_object,EV_path_clear,CLEAR
117.447,robot_0,EV_search_object,EV_path_clear,CLEAR
117.649,robot_0,EV_move_forward,EV_path_clear,CLEAR
117.945,robot_0,EV_search_object,EV_path_clear,CLEAR
118.048,robot_0,EV_move_forward,EV_path_clear,CLEAR
118.263,robot_0,EV_search_object,EV_path_clear,CLEAR
118.441,robot_0,EV_move_forward,EV_path_clear,CLEAR
118.753,robot_0,EV_search_object,EV_path_clear,CLEAR
118.949,robot_0,EV_search_object,EV_path_clear,CLEAR
119.140,robot_0,EV_move_forward,EV_path_clear,CLEAR
119.444,robot_0,EV_search_object,EV_path_clear,CLEAR
119.650,robot_0,EV_move_forward,EV_path_clear,CLEAR
119.853,robot_0,EV_search_object,EV_path_clear,CLEAR
120.062,robot_0,EV_search_object,EV_path_clear,CLEAR
120.264,robot_0,EV_move_forward,EV_path_clear,CLEAR
120.545,robot_0,EV_search_object,EV_path_clear,CLEAR
120.744,robot_0,EV_move_forward,EV_path_clear,CLEAR
120.950,robot_0,EV_search_object,EV_path_clear,CLEAR
121.065,robot_0,EV_search_object,EV_path_clear,CLEAR
121.246,robot_0,EV_move_forward,EV_path_clear,CLEAR
121.458,robot_0,EV_move_forward,EV_path_clear,CLEAR
121.744,robot_0,EV_move_forward,EV_path_clear,CLEAR
121.958,robot_0,EV_move_forward,EV_path_clear,CLEAR
122.258,robot_0,EV_search_object,EV_path_clear,CLEAR
122.450,robot_0,EV_move_forward,EV_path_clear,CLEAR
122.744,robot_0,EV_search_object,EV_path_clear,CLEAR
122.863,robot_0,EV_search_object,EV_path_clear,CLEAR
123.043,robot_0,EV_search_object,EV_path_clear,CLEAR
123.248,robot_0,EV_search_object,EV_path_clear,CLEAR
123.441,robot_0,EV_search_object,EV_path_clear,CLEAR
123.559,robot_0,EV_search_object,EV_path_clear,CLEAR
123.757,robot_0,EV_move_forward,EV_path_clear,CLEAR
124.060,robot_0,EV_move_forward,EV_path_clear,CLEAR
124.353,robot_0,EV_search_object,EV_path_clear,CLEAR
124.550,robot_0,EV_move_forward,EV_path_clear,CLEAR
124.857,robot_0,EV_move_forward,EV_path_clear,CLEAR
125.144,robot_0,EV_search_object,EV_path_clear,CLEAR
125.275,robot_0,EV_move_forward,EV_path_clear,CLEAR
125.542,robot_0,EV_move_forward,EV_path_clear,CLEAR
125.743,robot_0,EV_search_object,EV_path_clear,CLEAR
125.952,robot_0,EV_search_object,EV_path_clear,CLEAR
126.147,robot_0,EV_search_object,EV_path_clear,CLEAR
126.256,robot_0,EV_move_forward,EV_path_clear,CLEAR
126.566,robot_0,EV_search_object,EV_path_clear,CLEAR
126.755,robot_0,EV_search_object,EV_path_clear,CLEAR
126.964,robot_0,EV_move_forward,EV_path_clear,CLEAR
127.242,robot_0,EV_search_object,EV_path_clear,CLEAR
127.358,robot_0,EV_search_object,EV_path_clear,CLEAR
127.466,robot_0,EV_search_object,EV_path_clear,CLEAR
127.642,robot_0,EV_move_forward,EV_path_clear,CLEAR
127.849,robot_0,EV_search_object,EV_path_clear,CLEAR
128.052,robot_0,EV_search_object,EV_path_clear,CLEAR
128.244,robot_0,EV_move_forward,EV_path_clear,CLEAR
128.448,robot_0,EV_move_forward,EV_path_clear,CLEAR
128.749,robot_0,EV_search_object,EV_path_clear,CLEAR
128.946,robot_0,EV_move_forward,EV_path_clear,CLEAR
129.258,robot_0,EV_search_object,EV_path_clear,CLEAR
129.459,robot_0,EV_move_forward,EV_path_clear,CLEAR
129.744,robot_0,EV_search_object,EV_path_clear,CLEAR
129.850,robot_0,EV_search_object,EV_path_clear,CLEAR
130.043,robot_0,EV_move_forward,EV_path_clear,CLEAR
130.365,robot_0,EV_move_forward,EV_path_clear,CLEAR
130.644,robot_0,EV_search_object,EV_path_clear,CLEAR
130.770,robot_0,EV_search_object,EV_path_clear,CLEAR
130.953,robot_0,EV_search_object,EV_path_clear,CLEAR
131.141,robot_0,EV_search_object,EV_path_clear,CLEAR
131.261,robot_0,EV_search_object,EV_path_clear,CLEAR
131.448,robot_0,EV_search_object,EV_path_clear,CLEAR
131.661,robot_0,EV_search_object,EV_path_clear,CLEAR
131.859,robot_0,EV_move_forward,EV_path_clear,CLEAR
132.143,robot_0,EV_move_forward,EV_path_clear,CLEAR
132.448,robot_0,EV_search_object,EV_path_clear,CLEAR
132.556,robot_0,EV_search_object,EV_path_clear,CLEAR
132.761,robot_0,EV_search_object,EV_path_clear,CLEAR
132.952,robot_0,EV_move_forward,EV_path_clear,CLEAR
133.254,robot_0,EV_search_object,EV_path_clear,CLEAR
133.440,robot_0,EV_search_object,EV_path_clear,CLEAR
133.550,robot_0,EV_search_object,EV_path_clear,CLEAR
133.658,robot_0,EV_search_object,EV_path_clear,CLEAR
133.841,robot_0,EV_search_object,EV_path_clear,CLEAR
133.951,robot_0,EV_move_forward,EV_path_clear,CLEAR
134.253,robot_0,EV_move_forward,EV_path_clear,CLEAR
134.542,robot_0,EV_move_forward,EV_path_clear,CLEAR
134.856,robot_0,EV_search_object,EV_path_clear,CLEAR
135.048,robot_0,EV_move_forward,EV_path_clear,CLEAR
135.347,robot_0,EV_search_object,EV_path_clear,CLEAR
135.554,robot_0,EV_search_object,EV_path_clear,CLEAR
135.746,robot_0,EV_move_forward,EV_path_clear,CLEAR
136.048,robot_0,EV_move_forward,EV_path_clear,CLEAR
136.254,robot_0,EV_search_object,EV_path_clear,CLEAR
136.449,robot_0,EV_search_object,EV_path_clear,CLEAR
136.655,robot_0,EV_search_object,EV_path_clear,CLEAR
136.848,robot_0,EV_search_object,EV_path_clear,CLEAR
137.043,robot_0,EV_search_object,EV_path_clear,CLEAR
137.146,robot_0,EV_search_object,EV_path_clear,CLEAR
137.250,robot_0,EV_search_object,EV_path_clear,CLEAR
137.357,robot_0,EV_search_object,EV_path_clear,CLEAR
137.558,robot_0,EV_move_forward,EV_path_clear,CLEAR
137.760,robot_0,EV_move_forward,EV_path_clear,CLEAR
138.059,robot_0,EV_move_forward,EV_path_clear,CLEAR
138.343,robot_0,EV_move_forward,EV_path_clear,CLEAR
138.653,robot_0,EV_search_object,EV_path_clear,CLEAR
138.849,robot_0,EV_move_forward,EV_path_clear,CLEAR
139.149,robot_0,EV_search_object,EV_path_clear,CLEAR
139.358,robot_0,EV_search_object,EV_path_clear,CLEAR
139.547,robot_0,EV_search_object,EV_path_clear,CLEAR
139.649,robot_0,EV_search_object,EV_path_clear,CLEAR
139.846,robot_0,EV_search_object,EV_path_clear,CLEAR
140.043,robot_0,EV_search_object,EV_path_clear,CLEAR
140.148,robot_0,EV_move_forward,EV_path_clear,CLEAR
140.359,robot_0,EV_move_forward,EV_path_clear,CLEAR
140.646,robot_0,EV_move_forward,EV_path_clear,CLEAR
140.859,robot_0,EV_search_object,EV_path_clear,CLEAR
141.055,robot_0,EV_search_object,EV_path_clear,CLEAR
141.253,robot_0,EV_move_forward,EV_path_clear,CLEAR
141.559,robot_0,EV_move_forward,EV_path_clear,CLEAR
141.842,robot_0,EV_search_object,EV_path_clear,CLEAR
142.046,robot_0,EV_search_object,EV_path_clear,CLEAR
142.253,robot_0,EV_move_forward,EV_path_clear,CLEAR
142.547,robot_0,EV_search_object,EV_path_clear,CLEAR
142.751,robot_0,EV_search_object,EV_path_clear,CLEAR
142.947,robot_0,EV_move_forward,EV_path_clear,CLEAR
143.160,robot_0,EV_move_forward,EV_path_clear,CLEAR
143.448,robot_0,EV_search_object,EV_path_clear,CLEAR
143.665,robot_0,EV_search_object,EV_path_clear,CLEAR
143.849,robot_0,EV_search_object,EV_path_clear,CLEAR
144.056,robot_0,EV_search_object,EV_path_clear,CLEAR
144.160,robot_0,EV_search_object,EV_path_clear,CLEAR
144.347,robot_0,EV_search_object,EV_path_clear,CLEAR
144.549,robot_0,EV_move_forward,EV_path_clear,CLEAR
144.851,robot_0,EV_search_object,EV_path_clear,CLEAR
144.957,robot_0,EV_move_forward,EV_path_clear,CLEAR
145.242,robot_0,EV_search_object,EV_path_clear,CLEAR
145.443,robot_0,EV_move_forward,EV_path_clear,CLEAR
145.752,robot_0,EV_move_forward,EV_path_clear,CLEAR
146.052,robot_0,EV_search_object,EV_path_clear,CLEAR
146.241,robot_0,EV_search_object,EV_path_clear,CLEAR
146.444,robot_0,EV_move_forward,EV_path_clear,CLEAR
146.648,robot_0,EV_search_object,EV_path_clear,CLEAR
146.761,robot_0,EV_move_forward,EV_path_clear,CLEAR
147.045,robot_0,EV_move_forward,EV_path_clear,CLEAR
147.249,robot_0,EV_move_forward,EV_path_clear,CLEAR
147.563,robot_0,EV_move_forward,EV_path_clear,CLEAR
147.845,robot_0,EV_move_forward,EV_path_clear,CLEAR
148.061,robot_0,EV_search_object,EV_path_clear,CLEAR
148.263,robot_0,EV_search_object,EV_path_clear,CLEAR
148.441,robot_0,EV_search_object,EV_path_clear,CLEAR
148.568,robot_0,EV_search_object,EV_path_clear,CLEAR
148.749,robot_0,EV_move_forward,EV_path_clear,CLEAR
149.060,robot_0,EV_move_forward,EV_path_clear,CLEAR
149.274,robot_0,EV_move_forward,EV_path_clear,CLEAR
149.550,robot_0,EV_move_forward,EV_path_clear,CLEAR
149.854,robot_0,EV_move_forward,EV_path_clear,CLEAR
150.154,robot_0,EV_move_forward,EV_path_clear,CLEAR
150.364,robot_0,EV_search_object,EV_path_clear,CLEAR
150.548,robot_0,EV_move_forward,EV_path_clear,CLEAR
150.753,robot_0,EV_search_object,EV_path_clear,CLEAR
150.950,robot_0,EV_search_object,EV_path_clear,CLEAR
151.150,robot_0,EV_move_forward,EV_path_clear,CLEAR
151.356,robot_0,EV_search_object,EV_path_clear,CLEAR
151.551,robot_0,EV_move_forward,EV_path_clear,CLEAR
151.755,robot_0,EV_move_forward,EV_path_clear,CLEAR
152.041,robot_0,EV_search_object,EV_path_clear,CLEAR
152.147,robot_0,EV_search_object,EV_path_clear,CLEAR
152.370,robot_0,EV_move_forward,EV_path_clear,CLEAR
152.653,robot_0,EV_search_object,EV_path_clear,CLEAR
152.855,robot_0,EV_move_forward,EV_path_clear,CLEAR
153.145,robot_0,EV_move_forward,EV_path_clear,CLEAR
153.359,robot_0,EV_move_forward,EV_path_clear,CLEAR
153.662,robot_0,EV_search_object,EV_path_clear,CLEAR
153.845,robot_0,EV_move_forward,EV_path_clear,CLEAR
154.143,robot_0,EV_search_object,EV_path_clear,CLEAR
154.244,robot_0,EV_move_forward,EV_path_clear,CLEAR
154.451,robot_0,EV_move_forward,EV_path_clear,CLEAR
154.659,robot_0,EV_search_object,EV_path_clear,CLEAR
154.842,robot_0,EV_move_forward,EV_path_clear,CLEAR
155.143,robot_0,EV_move_forward,EV_path_clear,CLEAR
155.441,robot_0,EV_search_object,EV_path_clear,CLEAR
155.644,robot_0,EV_move_forward,EV_path_clear,CLEAR
155.946,robot_0,EV_search_object,EV_path_clear,CLEAR
156.048,robot_0,EV_move_forward,EV_path_clear,CLEAR
156.257,robot_0,EV_search_object,EV_path_clear,CLEAR
156.470,robot_0,EV_search_object,EV_path_clear,CLEAR
156.644,robot_0,EV_move_forward,EV_path_clear,CLEAR
156.846,robot_0,EV_move_forward,EV_path_clear,CLEAR
157.056,robot_0,EV_search_object,EV_path_clear,CLEAR
157.247,robot_0,EV_search_object,EV_path_clear,CLEAR
157.357,robot_0,EV_search_object,EV_path_clear,CLEAR
157.552,robot_0,EV_move_forward,EV_path_clear,CLEAR
157.756,robot_0,EV_move_forward,EV_path_clear,CLEAR
158.043,robot_0,EV_move_forward,EV_path_clear,CLEAR
158.345,robot_0,EV_move_forward,EV_path_clear,CLEAR
158.641,robot_0,EV_search_object,EV_path_clear,CLEAR
158.752,robot_0,EV_search_object,EV_path_clear,CLEAR
158.944,robot_0,EV_move_forward,EV_path_clear,CLEAR
159.246,robot_0,EV_search_object,EV_path_clear,CLEAR
159.348,robot_0,EV_search_object,EV_path_clear,CLEAR
159.543,robot_0,EV_move_forward,EV_path_clear,CLEAR
159.856,robot_0,EV_move_forward,EV_path_clear,CLEAR
160.142,robot_0,EV_move_forward,EV_path_clear,CLEAR
160.354,robot_0,EV_move_forward,EV_path_clear,CLEAR
160.651,robot_0,EV_move_forward,EV_path_clear,CLEAR
160.948,robot_0,EV_move_forward,EV_path_clear,CLEAR
161.244,robot_0,EV_search_object,EV_path_clear,CLEAR
161.353,robot_0,EV_search_object,EV_path_clear,CLEAR
161.556,robot_0,EV_search_object,EV_path_clear,CLEAR
161.752,robot_0,EV_move_forward,EV_path_clear,CLEAR
162.052,robot_0,EV_search_object,EV_path_clear,CLEAR
162.249,robot_0,EV_move_forward,EV_path_clear,CLEAR
162.548,robot_0,EV_move_forward,EV_path_clear,CLEAR
162.842,robot_0,EV_search_object,EV_path_clear,CLEAR
163.044,robot_0,EV_search_object,EV_path_clear,CLEAR
163.157,robot_0,EV_move_forward,EV_path_clear,CLEAR
163.440,robot_0,EV_search_object,EV_path_clear,CLEAR
163.550,robot_0,EV_search_object,EV_path_clear,CLEAR
163.742,robot_0,EV_search_object,EV_path_clear,CLEAR
163.956,robot_0,EV_search_object,EV_path_clear,CLEAR
164.143,robot_0,EV_move_forward,EV_path_clear,CLEAR
164.367,robot_0,EV_move_forward,EV_path_clear,CLEAR
164.643,robot_0,EV_move_forward,EV_path_clear,CLEAR
164.853,robot_0,EV_search_object,EV_path_clear,CLEAR
165.041,robot_0,EV_search_object,EV_path_clear,CLEAR
165.161,robot_0,EV_move_forward,EV_path_clear,CLEAR
165.447,robot_0,EV_search_object,EV_path_clear,CLEAR
165.548,robot_0,EV_move_forward,EV_path_clear,CLEAR
165.851,robot_0,EV_move_forward,EV_path_clear,CLEAR
166.147,robot_0,EV_move_forward,EV_path_clear,CLEAR
166.353,robot_0,EV_search_object,EV_path_clear,CLEAR
166.560,robot_0,EV_search_object,EV_path_clear,CLEAR
166.745,robot_0,EV_move_forward,EV_path_clear,CLEAR
166.965,robot_0,EV_move_forward,EV_path_clear,CLEAR
167.249,robot_0,EV_move_forward,EV_path_clear,CLEAR
167.550,robot_0,EV_search_object,EV_path_clear,CLEAR
167.659,robot_0,EV_search_object,EV_path_clear,CLEAR
167.840,robot_0,EV_move_forward,EV_path_clear,CLEAR
168.145,robot_0,EV_move_forward,EV_path_clear,CLEAR
168.356,robot_0,EV_move_forward,EV_path_clear,CLEAR
168.653,robot_0,EV_move_forward,EV_path_clear,CLEAR
168.946,robot_0,EV_search_object,EV_path_clear,CLEAR
169.141,robot_0,EV_search_object,EV_path_clear,CLEAR
169.347,robot_0,EV_search_object,EV_path_clear,CLEAR
169.463,robot_0,EV_search_object,EV_path_clear,CLEAR
169.652,robot_0,EV_search_object,EV_path_clear,CLEAR
169.849,robot_0,EV_search_object,EV_path_clear,CLEAR
169.954,robot_0,EV_search_object,EV_path_clear,CLEAR
170.147,robot_0,EV_search_object,EV_path_clear,CLEAR
170.251,robot_0,EV_move_forward,EV_path_clear,CLEAR
170.455,robot_0,EV_move_forward,EV_path_clear,CLEAR
170.743,robot_0,EV_search_object,EV_path_clear,CLEAR
170.848,robot_0,EV_search_object,EV_path_clear,CLEAR
171.043,robot_0,EV_move_forward,EV_path_clear,CLEAR
171.345,robot_0,EV_search_object,EV_path_clear,CLEAR
171.548,robot_0,EV_search_object,EV_path_clear,CLEAR
171.657,robot_0,EV_move_forward,EV_path_clear,CLEAR
171.946,robot_0,EV_move_forward,EV_path_clear,CLEAR
172.151,robot_0,EV_search_object,EV_path_clear,CLEAR
172.341,robot_0,EV_move_forward,EV_path_clear,CLEAR
172.652,robot_0,EV_move_forward,EV_path_clear,CLEAR
172.856,robot_0,EV_search_object,EV_path_clear,CLEAR
173.043,robot_0,EV_search_object,EV_path_clear,CLEAR
173.148,robot_0,EV_move_forward,EV_path_clear,CLEAR
173.462,robot_0,EV_search_object,EV_path_clear,CLEAR
173.664,robot_0,EV_move_forward,EV_path_clear,CLEAR
173.943,robot_0,EV_search_object,EV_path_clear,CLEAR
174.048,robot_0,EV_search_object,EV_path_clear,CLEAR
174.252,robot_0,EV_move_forward,EV_path_clear,CLEAR
174.545,robot_0,EV_search_object,EV_path_clear,CLEAR
174.744,robot_0,EV_search_object,EV_path_clear,CLEAR
174.846,robot_0,EV_move_forward,EV_path_clear,CLEAR
175.147,robot_0,EV_move_forward,EV_path_clear,CLEAR
175.455,robot_0,EV_search_object,EV_path_clear,CLEAR
175.559,robot_0,EV_move_forward,EV_path_clear,CLEAR
175.844,robot_0,EV_search_object,EV_path_clear,CLEAR
175.952,robot_0,EV_search_object,EV_path_clear,CLEAR
176.141,robot_0,EV_move_forward,EV_path_clear,CLEAR
176.348,robot_0,EV_search_object,EV_path_clear,CLEAR
176.451,robot_0,EV_move_forward,EV_path_clear,CLEAR
176.748,robot_0,EV_search_object,EV_path_clear,CLEAR
176.954,robot_0,EV_move_forward,EV_path_clear,CLEAR
177.249,robot_0,EV_move_forward,EV_path_clear,CLEAR
177.553,robot_0,EV_search_object,EV_path_clear,CLEAR
177.748,robot_0,EV_search_object,EV_path_clear,CLEAR
177.941,robot_0,EV_search_object,EV_path_clear,CLEAR
178.061,robot_0,EV_move_forward,EV_path_clear,CLEAR
178.359,robot_0,EV_search_object,EV_path_clear,CLEAR
178.472,robot_0,EV_move_forward,EV_path_clear,CLEAR
178.748,robot_0,EV_move_forward,EV_path_clear,CLEAR
178.953,robot_0,EV_move_forward,EV_path_clear,CLEAR
179.242,robot_0,EV_move_forward,EV_path_clear,CLEAR
179.549,robot_0,EV_search_object,EV_path_clear,CLEAR
179.659,robot_0,EV_search_object,EV_path_clear,CLEAR
179.846,robot_0,EV_move_forward,EV_path_clear,CLEAR
180.141,robot_0,EV_search_object,EV_path_clear,CLEAR
180.259,robot_0,EV_search_object,EV_path_clear,CLEAR
180.451,robot_0,EV_search_object,EV_path_clear,CLEAR
180.651,robot_0,EV_move_forward,EV_path_clear,CLEAR
180.852,robot_0,EV_search_object,EV_path_clear,CLEAR
181.050,robot_0,EV_move_forward,EV_path_clear,CLEAR
181.341,robot_0,EV_move_forward,EV_path_clear,CLEAR
181.543,robot_0,EV_move_forward,EV_path_clear,CLEAR
181.757,robot_0,EV_move_forward,EV_path_clear,CLEAR
182.041,robot_0,EV_move_forward,EV_path_clear,CLEAR
182.259,robot_0,EV_search_object,EV_path_clear,CLEAR
182.441,robot_0,EV_search_object,EV_path_clear,CLEAR
182.548,robot_0,EV_search_object,EV_path_clear,CLEAR
182.653,robot_0,EV_search_object,EV_path_clear,CLEAR
182.850,robot_0,EV_move_forward,EV_path_clear,CLEAR
183.140,robot_0,EV_move_forward,EV_path_clear,CLEAR
183.354,robot_0,EV_search_object,EV_path_clear,CLEAR
183.547,robot_0,EV_move_forward,EV_path_clear,CLEAR
183.849,robot_0,EV_move_forward,EV_path_clear,CLEAR
184.151,robot_0,EV_move_forward,EV_path_clear,CLEAR
184.443,robot_0,EV_search_object,EV_path_clear,CLEAR
184.646,robot_0,EV_move_forward,EV_path_clear,CLEAR
184.949,robot_0,EV_move_forward,EV_path_clear,CLEAR
185.248,robot_0,EV_search_object,EV_path_clear,CLEAR
185.446,robot_0,EV_move_forward,EV_path_clear,CLEAR
185.653,robot_0,EV_search_object,EV_path_clear,CLEAR
185.856,robot_0,EV_move_forward,EV_path_clear,CLEAR
186.153,robot_0,EV_move_forward,EV_path_clear,CLEAR
186.468,robot_0,EV_search_object,EV_path_clear,CLEAR
186.653,robot_0,EV_move_forward,EV_path_clear,CLEAR
186.855,robot_0,EV_search_object,EV_path_clear,CLEAR
187.055,robot_0,EV_search_object,EV_path_clear,CLEAR
187.165,robot_0,EV_move_forward,EV_path_clear,CLEAR
187.459,robot_0,EV_search_object,EV_path_clear,CLEAR
187.649,robot_0,EV_search_object,EV_path_clear,CLEAR
187.758,robot_0,EV_search_object,EV_path_clear,CLEAR
187.945,robot_0,EV_move_forward,EV_path_clear,CLEAR
188.151,robot_0,EV_search_object,EV_path_clear,CLEAR
188.341,robot_0,EV_search_object,EV_path_clear,CLEAR
188.448,robot_0,EV_move_forward,EV_path_clear,CLEAR
188.750,robot_0,EV_move_forward,EV_path_clear,CLEAR
189.041,robot_0,EV_move_forward,EV_path_clear,CLEAR
189.258,robot_0,EV_search_object,EV_path_clear,CLEAR
189.453,robot_0,EV_search_object,EV_path_clear,CLEAR
189.660,robot_0,EV_search_object,EV_path_clear,CLEAR
189.849,robot_0,EV_move_forward,EV_path_clear,CLEAR
190.052,robot_0,EV_move_forward,EV_path_clear,CLEAR
190.357,robot_0,EV_search_object,EV_path_clear,CLEAR
190.552,robot_0,EV_move_forward,EV_path_clear,CLEAR
190.841,robot_0,EV_move_forward,EV_path_clear,CLEAR
191.077,robot_0,EV_search_object,EV_path_clear,CLEAR
191.241,robot_0,EV_search_object,EV_path_clear,CLEAR
191.359,robot_0,EV_search_object,EV_path_clear,CLEAR
191.545,robot_0,EV_move_forward,EV_path_clear,CLEAR
191.859,robot_0,EV_search_object,EV_path_clear,CLEAR
192.041,robot_0,EV_move_forward,EV_path_clear,CLEAR
192.363,robot_0,EV_search_object,EV_path_clear,CLEAR
192.557,robot_0,EV_search_object,EV_path_clear,CLEAR
192.761,robot_0,EV_search_object,EV_path_clear,CLEAR
192.946,robot_0,EV_search_object,EV_path_clear,CLEAR
193.058,robot_0,EV_search_object,EV_path_clear,CLEAR
193.164,robot_0,EV_search_object,EV_path_clear,CLEAR
193.350,robot_0,EV_move_forward,EV_path_clear,CLEAR
193.558,robot_0,EV_move_forward,EV_path_clear,CLEAR
193.854,robot_0,EV_move_forward,EV_path_clear,CLEAR
194.141,robot_0,EV_move_forward,EV_path_clear,CLEAR
194.458,robot_0,EV_move_forward,EV_path_clear,CLEAR
194.748,robot_0,EV_search_object,EV_path_clear,CLEAR
194.944,robot_0,EV_search_object,EV_path_clear,CLEAR
195.146,robot_0,EV_move_forward,EV_path_clear,CLEAR
195.353,robot_0,EV_move_forward,EV_path_clear,CLEAR
195.655,robot_0,EV_move_forward,EV_path_clear,CLEAR
195.953,robot_0,EV_move_forward,EV_path_clear,CLEAR
196.254,robot_0,EV_search_object,EV_path_clear,CLEAR
196.441,robot_0,EV_move_forward,EV_path_clear,CLEAR
196.655,robot_0,EV_search_object,EV_path_clear,CLEAR
196.851,robot_0,EV_search_object,EV_path_clear,CLEAR
196.962,robot_0,EV_search_object,EV_path_clear,CLEAR
197.147,robot_0,EV_search_object,EV_path_clear,CLEAR
197.259,robot_0,EV_search_object,EV_path_clear,CLEAR
197.448,robot_0,EV_move_forward,EV_path_clear,CLEAR
197.748,robot_0,EV_move_forward,EV_path_clear,CLEAR
197.956,robot_0,EV_search_object,EV_path_clear,CLEAR
198.142,robot_0,EV_search_object,EV_path_clear,CLEAR
198.254,robot_0,EV_move_forward,EV_path_clear,CLEAR
198.550,robot_0,EV_move_forward,EV_path_clear,CLEAR
198.848,robot_0,EV_search_object,EV_path_clear,CLEAR
199.075,robot_0,EV_search_object,EV_path_clear,CLEAR
199.265,robot_0,EV_search_object,EV_path_clear,CLEAR
199.458,robot_0,EV_move_forward,EV_path_clear,CLEAR
199.758,robot_0,EV_search_object,EV_path_clear,CLEAR
199.941,robot_0,EV_search_object,EV_path_clear,CLEAR
200.075,robot_0,EV_move_forward,EV_path_clear,CLEAR
200.342,robot_0,EV_search_object,EV_path_clear,CLEAR
200.447,robot_0,EV_move_forward,EV_path_clear,CLEAR
200.744,robot_0,EV_u_turn,EV_obstacle_right,RIGHT
204.561,robot_0,EV_move_forward,EV_path_clear,CLEAR
204.843,robot_0,EV_move_forward,EV_path_clear,CLEAR
205.161,robot_0,EV_search_object,EV_path_clear,CLEAR
205.352,robot_0,EV_move_forward,EV_path_clear,CLEAR
205.669,robot_0,EV_move_forward,EV_path_clear,CLEAR
205.949,robot_0,EV_move_forward,EV_path_clear,CLEAR
206.255,robot_0,EV_move_forward,EV_path_clear,CLEAR
206.541,robot_0,EV_move_forward,EV_path_clear,CLEAR
206.745,robot_0,EV_move_forward,EV_path_clear,CLEAR
206.955,robot_0,EV_search_object,EV_path_clear,CLEAR
207.144,robot_0,EV_move_forward,EV_path_clear,CLEAR
207.444,robot_0,EV_search_object,EV_path_clear,CLEAR
207.547,robot_0,EV_move_forward,EV_path_clear,CLEAR
207.752,robot_0,EV_move_forward,EV_path_clear,CLEAR
208.044,robot_0,EV_move_forward,EV_path_clear,CLEAR
208.256,robot_0,EV_move_forward,EV_path_clear,CLEAR
208.558,robot_0,EV_move_forward,EV_path_clear,CLEAR
208.847,robot_0,EV_move_forward,EV_path_clear,CLEAR
209.072,robot_0,EV_search_object,EV_path_clear,CLEAR
209.242,robot_0,EV_move_forward,EV_path_clear,CLEAR
209.457,robot_0,EV_search_object,EV_path_clear,CLEAR
209.665,robot_0,EV_search_object,EV_path_clear,CLEAR
209.855,robot_0,EV_search_object,EV_path_clear,CLEAR
210.043,robot_0,EV_search_object,EV_path_clear,CLEAR
210.263,robot_0,EV_search_object,EV_path_clear,CLEAR
210.443,robot_0,EV_move_forward,EV_path_clear,CLEAR
210.659,robot_0,EV_search_object,EV_path_clear,CLEAR
210.844,robot_0,EV_search_object,EV_path_clear,CLEAR
211.046,robot_0,EV_search_object,EV_path_clear,CLEAR
211.241,robot_0,EV_search_object,EV_path_clear,CLEAR
211.352,robot_0,EV_move_forward,EV_path_clear,CLEAR
211.652,robot_0,EV_move_forward,EV_path_clear,CLEAR
211.942,robot_0,EV_move_forward,EV_path_clear,CLEAR
212.256,robot_0,EV_move_forward,EV_path_clear,CLEAR
212.479,robot_0,EV_search_object,EV_path_clear,CLEAR
212.648,robot_0,EV_move_forward,EV_path_clear,CLEAR
212.856,robot_0,EV_move_forward,EV_path_clear,CLEAR
213.161,robot_0,EV_search_object,EV_path_clear,CLEAR
213.350,robot_0,EV_move_forward,EV_path_clear,CLEAR
213.558,robot_0,EV_search_object,EV_path_clear,CLEAR
213.741,robot_0,EV_search_object,EV_path_clear,CLEAR
213.941,robot_0,EV_move_forward,EV_path_clear,CLEAR
214.247,robot_0,EV_move_forward,EV_path_clear,CLEAR
214.553,robot_0,EV_move_forward,EV_path_clear,CLEAR
214.857,robot_0,EV_move_forward,EV_path_clear,CLEAR
215.070,robot_0,EV_move_forward,EV_path_clear,CLEAR
215.346,robot_0,EV_search_object,EV_path_clear,CLEAR
215.454,robot_0,EV_move_forward,EV_path_clear,CLEAR
215.745,robot_0,EV_move_forward,EV_path_clear,CLEAR
215.949,robot_0,EV_search_object,EV_path_clear,CLEAR
216.141,robot_0,EV_move_forward,EV_path_clear,CLEAR
216.450,robot_0,EV_search_object,EV_path_clear,CLEAR
216.649,robot_0,EV_rotate_clockwise,EV_obstacle_front,CORNER
216.752,robot_0,EV_rotate_clockwise,EV_obstacle_front,CORNER
216.959,robot_0,EV_rotate_clockwise,EV_obstacle_front,CORNER
217.145,robot_0,EV_u_turn,EV_obstacle_front,CORNER
220.865,robot_0,EV_search_object,EV_path_clear,CLEAR
221.047,robot_0,EV_search_object,EV_path_clear,CLEAR
221.154,robot_0,EV_search_object,EV_path_clear,CLEAR
221.360,robot_0,EV_search_object,EV_path_clear,CLEAR
221.548,robot_0,EV_move_forward,EV_path_clear,CLEAR
221.750,robot_0,EV_search_object,EV_path_clear,CLEAR
221.958,robot_0,EV_move_forward,EV_path_clear,CLEAR
222.252,robot_0,EV_move_forward,EV_path_clear,CLEAR
222.554,robot_0,EV_move_forward,EV_path_clear,CLEAR
222.847,robot_0,EV_search_object,EV_path_clear,CLEAR
223.058,robot_0,EV_search_object,EV_path_clear,CLEAR
223.244,robot_0,EV_search_object,EV_path_clear,CLEAR
223.363,robot_0,EV_search_object,EV_path_clear,CLEAR
223.541,robot_0,EV_move_forward,EV_path_clear,CLEAR
223.754,robot_0,EV_search_object,EV_path_clear,CLEAR
223.965,robot_0,EV_move_forward,EV_path_clear,CLEAR
224.243,robot_0,EV_move_forward,EV_path_clear,CLEAR
224.549,robot_0,EV_search_object,EV_path_clear,CLEAR
224.759,robot_0,EV_move_forward,EV_path_clear,CLEAR
225.045,robot_0,EV_move_forward,EV_path_clear,CLEAR
225.342,robot_0,EV_search_object,EV_path_clear,CLEAR
225.542,robot_0,EV_move_forward,EV_path_clear,CLEAR
225.842,robot_0,EV_search_object,EV_path_clear,CLEAR
225.952,robot_0,EV_move_forward,EV_path_clear,CLEAR
226.253,robot_0,EV_move_forward,EV_path_clear,CLEAR
226.541,robot_0,EV_move_forward,EV_path_clear,CLEAR
226.771,robot_0,EV_move_forward,EV_path_clear,CLEAR
227.053,robot_0,EV_move_forward,EV_path_clear,CLEAR
227.342,robot_0,EV_search_object,EV_path_clear,CLEAR
227.456,robot_0,EV_move_forward,EV_path_clear,CLEAR
227.746,robot_0,EV_search_object,EV_path_clear,CLEAR
227.853,robot_0,EV_move_forward,EV_path_clear,CLEAR
228.142,robot_0,EV_search_object,EV_path_clear,CLEAR
228.263,robot_0,EV_move_forward,EV_path_clear,CLEAR
228.543,robot_0,EV_search_object,EV_path_clear,CLEAR
228.754,robot_0,EV_search_object,EV_path_clear,CLEAR
228.944,robot_0,EV_search_object,EV_path_clear,CLEAR
229.053,robot_0,EV_move_forward,EV_path_clear,CLEAR
229.345,robot_0,EV_move_forward,EV_path_clear,CLEAR
229.561,robot_0,EV_move_forward,EV_path_clear,CLEAR
229.846,robot_0,EV_u_turn,EV_obstacle_left,LEFT
233.659,robot_0,EV_move_forward,EV_path_clear,CLEAR
233.944,robot_0,EV_search_object,EV_path_clear,CLEAR
234.146,robot_0,EV_search_object,EV_path_clear,CLEAR
234.251,robot_0,EV_move_forward,EV_path_clear,CLEAR
234.551,robot_0,EV_search_object,EV_path_clear,CLEAR
234.744,robot_0,EV_move_forward,EV_path_clear,CLEAR
235.041,robot_0,EV_move_forward,EV_path_clear,CLEAR
235.341,robot_0,EV_move_forward,EV_path_clear,CLEAR
235.558,robot_0,EV_search_object,EV_path_clear,CLEAR
235.755,robot_0,EV_move_forward,EV_path_clear,CLEAR
236.051,robot_0,EV_move_forward,EV_path_clear,CLEAR
236.262,robot_0,EV_search_object,EV_path_clear,CLEAR
236.452,robot_0,EV_search_object,EV_path_clear,CLEAR
236.650,robot_0,EV_search_object,EV_path_clear,CLEAR
236.758,robot_0,EV_search_object,EV_path_clear,CLEAR
236.946,robot_0,EV_search_object,EV_path_clear,CLEAR
237.053,robot_0,EV_search_object,EV_path_clear,CLEAR
237.241,robot_0,EV_move_forward,EV_path_clear,CLEAR
237.445,robot_0,EV_move_forward,EV_path_clear,CLEAR
237.743,robot_0,EV_search_object,EV_path_clear,CLEAR
237.957,robot_0,EV_search_object,EV_path_clear,CLEAR
238.147,robot_0,EV_move_forward,EV_path_clear,CLEAR
238.448,robot_0,EV_move_forward,EV_path_clear,CLEAR
238.741,robot_0,EV_search_object,EV_path_clear,CLEAR
238.943,robot_0,EV_search_object,EV_path_clear,CLEAR
239.051,robot_0,EV_move_forward,EV_path_clear,CLEAR
239.343,robot_0,EV_search_object,EV_path_clear,CLEAR
239.553,robot_0,EV_search_object,EV_path_clear,CLEAR
239.745,robot_0,EV_search_object,EV_path_clear,CLEAR
239.947,robot_0,EV_move_forward,EV_path_clear,CLEAR
240.162,robot_0,EV_move_forward,EV_path_clear,CLEAR
240.456,robot_0,EV_search_object,EV_path_clear,CLEAR
240.559,robot_0,EV_move_forward,EV_path_clear,CLEAR
240.848,robot_0,EV_move_forward,EV_path_clear,CLEAR
241.158,robot_0,EV_move_forward,EV_path_clear,CLEAR
241.441,robot_0,EV_move_forward,EV_path_clear,CLEAR
241.659,robot_0,EV_search_object,EV_path_clear,CLEAR
241.843,robot_0,EV_search_object,EV_path_clear,CLEAR
242.043,robot_0,EV_move_forward,EV_path_clear,CLEAR
242.345,robot_0,EV_search_object,EV_path_clear,CLEAR
242.541,robot_0,EV_search_object,EV_path_clear,CLEAR
242.750,robot_0,EV_search_object,EV_path_clear,CLEAR
242.946,robot_0,EV_search_object,EV_path_clear,CLEAR
243.155,robot_0,EV_move_forward,EV_path_clear,CLEAR
243.458,robot_0,EV_move_forward,EV_path_clear,CLEAR
243.741,robot_0,EV_search_object,EV_path_clear,CLEAR
243.855,robot_0,EV_search_object,EV_path_clear,CLEAR
244.047,robot_0,EV_move_forward,EV_path_clear,CLEAR
244.345,robot_0,EV_move_forward,EV_path_clear,CLEAR
244.552,robot_0,EV_move_forward,EV_path_clear,CLEAR
244.844,robot_0,EV_search_object,EV_path_clear,CLEAR
245.078,robot_0,EV_search_object,EV_path_clear,CLEAR
245.249,robot_0,EV_move_forward,EV_path_clear,CLEAR
245.546,robot_0,EV_move_forward,EV_path_clear,CLEAR
245.858,robot_0,EV_move_forward,EV_path_clear,CLEAR
246.150,robot_0,EV_move_forward,EV_path_clear,CLEAR
246.453,robot_0,EV_search_object,EV_path_clear,CLEAR
246.641,robot_0,EV_search_object,EV_path_clear,CLEAR
246.851,robot_0,EV_search_object,EV_path_clear,CLEAR
247.045,robot_0,EV_move_forward,EV_path_clear,CLEAR
247.251,robot_0,EV_move_forward,EV_path_clear,CLEAR
247.553,robot_0,EV_search_object,EV_path_clear,CLEAR
247.745,robot_0,EV_search_object,EV_path_clear,CLEAR
247.954,robot_0,EV_move_forward,EV_path_clear,CLEAR
248.251,robot_0,EV_move_forward,EV_path_clear,CLEAR
248.547,robot_0,EV_search_object,EV_path_clear,CLEAR
248.746,robot_0,EV_move_forward,EV_path_clear,CLEAR
248.960,robot_0,EV_move_forward,EV_path_clear,CLEAR
249.255,robot_0,EV_move_forward,EV_path_clear,CLEAR
249.553,robot_0,EV_search_object,EV_path_clear,CLEAR
249.669,robot_0,EV_move_forward,EV_path_clear,CLEAR
249.950,robot_0,EV_search_object,EV_path_clear,CLEAR
250.151,robot_0,EV_search_object,EV_path_clear,CLEAR
250.254,robot_0,EV_move_forward,EV_path_clear,CLEAR
250.562,robot_0,EV_search_object,EV_path_clear,CLEAR
250.743,robot_0,EV_search_object,EV_path_clear,CLEAR
250.845,robot_0,EV_search_object,EV_path_clear,CLEAR
251.054,robot_0,EV_search_object,EV_path_clear,CLEAR
251.164,robot_0,EV_move_forward,EV_path_clear,CLEAR
251.448,robot_0,EV_move_forward,EV_path_clear,CLEAR
251.760,robot_0,EV_search_object,EV_path_clear,CLEAR
251.944,robot_0,EV_move_forward,EV_path_clear,CLEAR
252.253,robot_0,EV_search_object,EV_path_clear,CLEAR
252.442,robot_0,EV_search_object,EV_path_clear,CLEAR
252.562,robot_0,EV_move_forward,EV_path_clear,CLEAR
252.842,robot_0,EV_move_forward,EV_path_clear,CLEAR
253.049,robot_0,EV_search_object,EV_path_clear,CLEAR
253.263,robot_0,EV_search_object,EV_path_clear,CLEAR
253.466,robot_0,EV_search_object,EV_path_clear,CLEAR
253.647,robot_0,EV_move_forward,EV_path_clear,CLEAR
253.852,robot_0,EV_search_object,EV_path_clear,CLEAR
253.956,robot_0,EV_move_forward,EV_path_clear,CLEAR
254.165,robot_0,EV_search_object,EV_path_clear,CLEAR
254.343,robot_0,EV_move_forward,EV_path_clear,CLEAR
254.663,robot_0,EV_move_forward,EV_path_clear,CLEAR
254.941,robot_0,EV_search_object,EV_path_clear,CLEAR
255.148,robot_0,EV_search_object,EV_path_clear,CLEAR
255.349,robot_0,EV_search_object,EV_path_clear,CLEAR
255.547,robot_0,EV_search_object,EV_path_clear,CLEAR
255.756,robot_0,EV_move_forward,EV_path_clear,CLEAR
256.056,robot_0,EV_search_object,EV_path_clear,CLEAR
256.256,robot_0,EV_search_object,EV_path_clear,CLEAR
256.454,robot_0,EV_search_object,EV_path_clear,CLEAR
256.651,robot_0,EV_search_object,EV_path_clear,CLEAR
256.756,robot_0,EV_search_object,EV_path_clear,CLEAR
256.950,robot_0,EV_search_object,EV_path_clear,CLEAR
257.144,robot_0,EV_search_object,EV_path_clear,CLEAR
257.351,robot_0,EV_search_object,EV_path_clear,CLEAR
257.545,robot_0,EV_search_object,EV_path_clear,CLEAR
257.748,robot_0,EV_move_forward,EV_path_clear,CLEAR
258.041,robot_0,EV_move_forward,EV_path_clear,CLEAR
258.345,robot_0,EV_search_object,EV_path_clear,CLEAR
258.551,robot_0,EV_search_object,EV_path_clear,CLEAR
258.759,robot_0,EV_move_forward,EV_path_clear,CLEAR
258.961,robot_0,EV_move_forward,EV_path_clear,CLEAR
259.245,robot_0,EV_search_object,EV_path_clear,CLEAR
259.353,robot_0,EV_search_object,EV_path_clear,CLEAR
259.542,robot_0,EV_search_object,EV_path_clear,CLEAR
259.653,robot_0,EV_move_forward,EV_path_clear,CLEAR
259.942,robot_0,EV_move_forward,EV_path_clear,CLEAR
260.245,robot_0,EV_move_forward,EV_path_clear,CLEAR
260.548,robot_0,EV_move_forward,EV_path_clear,CLEAR
260.844,robot_0,EV_search_object,EV_path_clear,CLEAR
260.955,robot_0,EV_search_object,EV_path_clear,CLEAR
261.060,robot_0,EV_search_object,EV_path_clear,CLEAR
261.249,robot_0,EV_move_forward,EV_path_clear,CLEAR
261.548,robot_0,EV_search_object,EV_path_clear,CLEAR
261.754,robot_0,EV_search_object,EV_path_clear,CLEAR
261.951,robot_0,EV_search_object,EV_path_clear,CLEAR
262.152,robot_0,EV_search_object,EV_path_clear,CLEAR
262.350,robot_0,EV_search_object,EV_path_clear,CLEAR
262.541,robot_0,EV_move_forward,EV_path_clear,CLEAR
262.755,robot_0,EV_search_object,EV_path_clear,CLEAR
262.942,robot_0,EV_search_object,EV_path_clear,CLEAR
263.061,robot_0,EV_move_forward,EV_path_clear,CLEAR
263.357,robot_0,EV_move_forward,EV_path_clear,CLEAR
263.662,robot_0,EV_search_object,EV_path_clear,CLEAR
263.849,robot_0,EV_move_forward,EV_path_clear,CLEAR
264.054,robot_0,EV_move_forward,EV_path_clear,CLEAR
264.343,robot_0,EV_search_object,EV_path_clear,CLEAR
264.451,robot_0,EV_search_object,EV_path_clear,CLEAR
264.554,robot_0,EV_move_forward,EV_path_clear,CLEAR
264.863,robot_0,EV_move_forward,EV_path_clear,CLEAR
265.151,robot_0,EV_search_object,EV_path_clear,CLEAR
265.252,robot_0,EV_move_forward,EV_path_clear,CLEAR
265.558,robot_0,EV_search_object,EV_path_clear,CLEAR
265.757,robot_0,EV_move_forward,EV_path_clear,CLEAR
266.057,robot_0,EV_search_object,EV_path_clear,CLEAR
266.241,robot_0,EV_move_forward,EV_path_clear,CLEAR
266.443,robot_0,EV_move_forward,EV_path_clear,CLEAR
266.654,robot_0,EV_search_object,EV_path_clear,CLEAR
266.853,robot_0,EV_search_object,EV_path_clear,CLEAR
267.055,robot_0,EV_search_object,EV_path_clear,CLEAR
267.242,robot_0,EV_move_forward,EV_path_clear,CLEAR
267.455,robot_0,EV_move_forward,EV_path_clear,CLEAR
267.747,robot_0,EV_move_forward,EV_path_clear,CLEAR
268.057,robot_0,EV_search_object,EV_path_clear,CLEAR
268.243,robot_0,EV_move_forward,EV_path_clear,CLEAR
268.461,robot_0,EV_search_object,EV_path_clear,CLEAR
268.655,robot_0,EV_search_object,EV_path_clear,CLEAR
268.846,robot_0,EV_search_object,EV_path_clear,CLEAR
269.051,robot_0,EV_search_object,EV_path_clear,CLEAR
269.244,robot_0,EV_move_forward,EV_path_clear,CLEAR
269.448,robot_0,EV_search_object,EV_path_clear,CLEAR
269.644,robot_0,EV_move_forward,EV_path_clear,CLEAR
269.852,robot_0,EV_search_object,EV_path_clear,CLEAR
270.045,robot_0,EV_move_forward,EV_path_clear,CLEAR
270.252,robot_0,EV_search_object,EV_path_clear,CLEAR
270.441,robot_0,EV_move_forward,EV_path_clear,CLEAR
270.751,robot_0,EV_move_forward,EV_path_clear,CLEAR
270.958,robot_0,EV_move_forward,EV_path_clear,CLEAR
271.257,robot_0,EV_search_object,EV_path_clear,CLEAR
271.443,robot_0,EV_move_forward,EV_path_clear,CLEAR
271.651,robot_0,EV_move_forward,EV_path_clear,CLEAR
271.854,robot_0,EV_search_object,EV_path_clear,CLEAR
272.041,robot_0,EV_move_forward,EV_path_clear,CLEAR
272.341,robot_0,EV_search_object,EV_path_clear,CLEAR
272.453,robot_0,EV_move_forward,EV_path_clear,CLEAR
272.665,robot_0,EV_move_forward,EV_path_clear,CLEAR
272.957,robot_0,EV_move_forward,EV_path_clear,CLEAR
273.244,robot_0,EV_move_forward,EV_path_clear,CLEAR
273.447,robot_0,EV_move_forward,EV_path_clear,CLEAR
273.652,robot_0,EV_move_forward,EV_path_clear,CLEAR
273.957,robot_0,EV_move_forward,EV_path_clear,CLEAR
274.253,robot_0,EV_search_object,EV_path_clear,CLEAR
274.447,robot_0,EV_move_forward,EV_path_clear,CLEAR
274.652,robot_0,EV_search_object,EV_path_clear,CLEAR
274.760,robot_0,EV_move_forward,EV_path_clear,CLEAR
275.041,robot_0,EV_search_object,EV_path_clear,CLEAR
275.146,robot_0,EV_search_object,EV_path_clear,CLEAR
275.348,robot_0,EV_search_object,EV_path_clear,CLEAR
275.454,robot_0,EV_move_forward,EV_path_clear,CLEAR
275.749,robot_0,EV_search_object,EV_path_clear,CLEAR
275.858,robot_0,EV_search_object,EV_path_clear,CLEAR
276.046,robot_0,EV_search_object,EV_path_clear,CLEAR
276.155,robot_0,EV_move_forward,EV_path_clear,CLEAR
276.442,robot_0,EV_search_object,EV_path_clear,CLEAR
276.643,robot_0,EV_search_object,EV_path_clear,CLEAR
276.843,robot_0,EV_search_object,EV_path_clear,CLEAR
276.956,robot_0,EV_search_object,EV_path_clear,CLEAR
277.162,robot_0,EV_search_object,EV_path_clear,CLEAR
277.343,robot_0,EV_move_forward,EV_path_clear,CLEAR
277.556,robot_0,EV_search_object,EV_path_clear,CLEAR
277.741,robot_0,EV_u_turn,EV_obstacle_right,RIGHT
281.658,robot_0,EV_move_forward,EV_path_clear,CLEAR
281.951,robot_0,EV_search_object,EV_path_clear,CLEAR
282.143,robot_0,EV_move_forward,EV_path_clear,CLEAR
282.454,robot_0,EV_move_forward,EV_path_clear,CLEAR
282.749,robot_0,EV_search_object,EV_path_clear,CLEAR
282.952,robot_0,EV_search_object,EV_path_clear,CLEAR
283.148,robot_0,EV_move_forward,EV_path_clear,CLEAR
283.361,robot_0,EV_search_object,EV_path_clear,CLEAR
283.549,robot_0,EV_move_forward,EV_path_clear,CLEAR
283.854,robot_0,EV_search_object,EV_path_clear,CLEAR
284.047,robot_0,EV_search_object,EV_path_clear,CLEAR
284.249,robot_0,EV_move_forward,EV_path_clear,CLEAR
284.548,robot_0,EV_move_forward,EV_path_clear,CLEAR
284.849,robot_0,EV_search_object,EV_path_clear,CLEAR
285.051,robot_0,EV_move_forward,EV_path_clear,CLEAR
285.349,robot_0,EV_move_forward,EV_path_clear,CLEAR
285.641,robot_0,EV_search_object,EV_path_clear,CLEAR
285.755,robot_0,EV_search_object,EV_path_clear,CLEAR
285.944,robot_0,EV_search_object,EV_path_clear,CLEAR
286.050,robot_0,EV_move_forward,EV_path_clear,CLEAR
286.256,robot_0,EV_move_forward,EV_path_clear,CLEAR
286.542,robot_0,EV_search_object,EV_path_clear,CLEAR
286.658,robot_0,EV_move_forward,EV_path_clear,CLEAR
286.953,robot_0,EV_search_object,EV_path_clear,CLEAR
287.142,robot_0,EV_move_forward,EV_path_clear,CLEAR
287.455,robot_0,EV_move_forward,EV_path_clear,CLEAR
287.750,robot_0,EV_move_forward,EV_path_clear,CLEAR
288.049,robot_0,EV_search_object,EV_path_clear,CLEAR
288.262,robot_0,EV_search_object,EV_path_clear,CLEAR
288.445,robot_0,EV_move_forward,EV_path_clear,CLEAR
288.652,robot_0,EV_search_object,EV_path_clear,CLEAR
288.760,robot_0,EV_move_forward,EV_path_clear,CLEAR
289.054,robot_0,EV_search_object,EV_path_clear,CLEAR
289.245,robot_0,EV_search_object,EV_path_clear,CLEAR
289.446,robot_0,EV_search_object,EV_path_clear,CLEAR
289.642,robot_0,EV_move_forward,EV_path_clear,CLEAR
289.860,robot_0,EV_search_object,EV_path_clear,CLEAR
290.048,robot_0,EV_move_forward,EV_path_clear,CLEAR
290.250,robot_0,EV_move_forward,EV_path_clear,CLEAR
290.453,robot_0,EV_move_forward,EV_path_clear,CLEAR
290.748,robot_0,EV_move_forward,EV_path_clear,CLEAR
291.042,robot_0,EV_search_object,EV_path_clear,CLEAR
291.252,robot_0,EV_search_object,EV_path_clear,CLEAR
291.445,robot_0,EV_move_forward,EV_path_clear,CLEAR
291.648,robot_0,EV_search_object,EV_path_clear,CLEAR
291.850,robot_0,EV_search_object,EV_path_clear,CLEAR
292.063,robot_0,EV_move_forward,EV_path_clear,CLEAR
292.360,robot_0,EV_move_forward,EV_path_clear,CLEAR
292.641,robot_0,EV_move_forward,EV_path_clear,CLEAR
292.860,robot_0,EV_move_forward,EV_path_clear,CLEAR
293.145,robot_0,EV_move_forward,EV_path_clear,CLEAR
293.443,robot_0,EV_search_object,EV_path_clear,CLEAR
293.552,robot_0,EV_search_object,EV_path_clear,CLEAR
293.757,robot_0,EV_search_object,EV_path_clear,CLEAR
293.952,robot_0,EV_move_forward,EV_path_clear,CLEAR
294.246,robot_0,EV_move_forward,EV_path_clear,CLEAR
294.448,robot_0,EV_search_object,EV_path_clear,CLEAR
294.550,robot_0,EV_move_forward,EV_path_clear,CLEAR
294.844,robot_0,EV_u_turn,EV_obstacle_right,RIGHT
298.555,robot_0,EV_search_object,EV_path_clear,CLEAR
298.745,robot_0,EV_search_object,EV_path_clear,CLEAR
298.865,robot_0,EV_move_forward,EV_path_clear,CLEAR
299.141,robot_0,EV_search_object,EV_path_clear,CLEAR
299.345,robot_0,EV_move_forward,EV_path_clear,CLEAR
299.647,robot_0,EV_search_object,EV_path_clear,CLEAR
299.843,robot_0,EV_move_forward,EV_path_clear,CLEAR
300.142,robot_0,EV_move_forward,EV_path_clear,CLEAR
300.361,robot_0,EV_search_object,EV_path_clear,CLEAR
300.546,robot_0,EV_search_object,EV_path_clear,CLEAR
300.655,robot_0,EV_search_object,EV_path_clear,CLEAR
300.854,robot_0,EV_search_object,EV_path_clear,CLEAR
301.041,robot_0,EV_search_object,EV_path_clear,CLEAR
301.159,robot_0,EV_search_object,EV_path_clear,CLEAR
301.352,robot_0,EV_move_forward,EV_path_clear,CLEAR
301.661,robot_0,EV_search_object,EV_path_clear,CLEAR
301.855,robot_0,EV_search_object,EV_path_clear,CLEAR
302.044,robot_0,EV_move_forward,EV_path_clear,CLEAR
302.346,robot_0,EV_move_forward,EV_path_clear,CLEAR
302.558,robot_0,EV_move_forward,EV_path_clear,CLEAR
302.842,robot_0,EV_search_object,EV_path_clear,CLEAR
303.041,robot_0,EV_move_forward,EV_path_clear,CLEAR
303.252,robot_0,EV_search_object,EV_path_clear,CLEAR
303.447,robot_0,EV_move_forward,EV_path_clear,CLEAR
303.742,robot_0,EV_search_object,EV_path_clear,CLEAR
303.951,robot_0,EV_move_forward,EV_path_clear,CLEAR
304.253,robot_0,EV_move_forward,EV_path_clear,CLEAR
304.542,robot_0,EV_move_forward,EV_path_clear,CLEAR
304.851,robot_0,EV_move_forward,EV_path_clear,CLEAR
305.160,robot_0,EV_move_forward,EV_path_clear,CLEAR
305.449,robot_0,EV_move_forward,EV_path_clear,CLEAR
305.741,robot_0,EV_move_forward,EV_path_clear,CLEAR
306.052,robot_0,EV_search_object,EV_path_clear,CLEAR
306.250,robot_0,EV_move_forward,EV_path_clear,CLEAR
306.546,robot_0,EV_u_turn,EV_obstacle_left,LEFT
310.446,robot_0,EV_move_forward,EV_path_clear,CLEAR
310.755,robot_0,EV_move_forward,EV_path_clear,CLEAR
311.050,robot_0,EV_search_object,EV_path_clear,CLEAR
311.245,robot_0,EV_search_object,EV_path_clear,CLEAR
311.350,robot_0,EV_move_forward,EV_path_clear,CLEAR
311.645,robot_0,EV_move_forward,EV_path_clear,CLEAR
311.946,robot_0,EV_search_object,EV_path_clear,CLEAR
312.145,robot_0,EV_rotate_counterclockwise,EV_obstacle_right,RIGHT
312.345,robot_0,EV_rotate_counterclockwise,EV_obstacle_right,RIGHT
312.550,robot_0,EV_u_turn,EV_obstacle_right,RIGHT
316.260,robot_0,EV_search_object,EV_path_clear,CLEAR
316.455,robot_0,EV_search_object,EV_path_clear,CLEAR
316.642,robot_0,EV_search_object,EV_path_clear,CLEAR
316.757,robot_0,EV_move_forward,EV_path_clear,CLEAR
317.043,robot_0,EV_search_object,EV_path_clear,CLEAR
317.260,robot_0,EV_search_object,EV_path_clear,CLEAR
317.444,robot_0,EV_move_forward,EV_path_clear,CLEAR
317.752,robot_0,EV_u_turn,EV_obstacle_left,LEFT
317.856,robot_0,EV_rotate_clockwise,EV_obstacle_left,LEFT
320.645,robot_0,EV_search_object,EV_path_clear,CLEAR
320.846,robot_0,EV_move_forward,EV_path_clear,CLEAR
321.161,robot_0,EV_search_object,EV_path_clear,CLEAR
321.345,robot_0,EV_search_object,EV_path_clear,CLEAR
321.559,robot_0,EV_search_object,EV_path_clear,CLEAR
321.754,robot_0,EV_search_object,EV_path_clear,CLEAR
321.953,robot_0,EV_search_object,EV_path_clear,CLEAR
322.156,robot_0,EV_move_forward,EV_path_clear,CLEAR
322.445,robot_0,EV_move_forward,EV_path_clear,CLEAR
322.751,robot_0,EV_search_object,EV_path_clear,CLEAR
322.946,robot_0,EV_move_forward,EV_path_clear,CLEAR
323.258,robot_0,EV_move_forward,EV_path_clear,CLEAR
323.541,robot_0,EV_search_object,EV_path_clear,CLEAR
323.648,robot_0,EV_search_object,EV_path_clear,CLEAR
323.847,robot_0,EV_search_object,EV_path_clear,CLEAR
324.041,robot_0,EV_move_forward,EV_path_clear,CLEAR
324.256,robot_0,EV_search_object,EV_path_clear,CLEAR
324.446,robot_0,EV_u_turn,EV_obstacle_left,LEFT
328.342,robot_0,EV_rotate_counterclockwise,EV_obstacle_right,RIGHT
331.143,robot_0,EV_search_object,EV_path_clear,CLEAR
331.248,robot_0,EV_move_forward,EV_path_clear,CLEAR
331.449,robot_0,EV_move_forward,EV_path_clear,CLEAR
331.750,robot_0,EV_search_object,EV_path_clear,CLEAR
331.941,robot_0,EV_move_forward,EV_path_clear,CLEAR
332.246,robot_0,EV_move_forward,EV_path_clear,CLEAR
332.457,robot_0,EV_search_object,EV_path_clear,CLEAR
332.647,robot_0,EV_search_object,EV_path_clear,CLEAR
332.759,robot_0,EV_search_object,EV_path_clear,CLEAR
332.944,robot_0,EV_move_forward,EV_path_clear,CLEAR
333.158,robot_0,EV_search_object,EV_path_clear,CLEAR
333.347,robot_0,EV_search_object,EV_path_clear,CLEAR
333.456,robot_0,EV_search_object,EV_path_clear,CLEAR
333.645,robot_0,EV_move_forward,EV_path_clear,CLEAR
333.951,robot_0,EV_move_forward,EV_path_clear,CLEAR
334.248,robot_0,EV_move_forward,EV_path_clear,CLEAR
334.546,robot_0,EV_move_forward,EV_path_clear,CLEAR
334.848,robot_0,EV_move_forward,EV_path_clear,CLEAR
335.056,robot_0,EV_move_forward,EV_path_clear,CLEAR
335.342,robot_0,EV_search_object,EV_path_clear,CLEAR
335.541,robot_0,EV_move_forward,EV_path_clear,CLEAR
335.843,robot_0,EV_move_forward,EV_path_clear,CLEAR
336.164,robot_0,EV_search_object,EV_path_clear,CLEAR
336.345,robot_0,EV_move_forward,EV_path_clear,CLEAR
336.646,robot_0,EV_search_object,EV_path_clear,CLEAR
336.849,robot_0,EV_move_forward,EV_path_clear,CLEAR
337.151,robot_0,EV_move_forward,EV_path_clear,CLEAR
337.369,robot_0,EV_search_object,EV_path_clear,CLEAR
337.567,robot_0,EV_move_forward,EV_path_clear,CLEAR
337.841,robot_0,EV_search_object,EV_path_clear,CLEAR
337.955,robot_0,EV_move_forward,EV_path_clear,CLEAR
338.254,robot_0,EV_search_object,EV_path_clear,CLEAR
338.446,robot_0,EV_search_object,EV_path_clear,CLEAR
338.652,robot_0,EV_search_object,EV_path_clear,CLEAR
338.852,robot_0,EV_move_forward,EV_path_clear,CLEAR
339.059,robot_0,EV_move_forward,EV_path_clear,CLEAR
339.356,robot_0,EV_move_forward,EV_path_clear,CLEAR
339.673,robot_0,EV_search_object,EV_path_clear,CLEAR
339.856,robot_0,EV_search_object,EV_path_clear,CLEAR
340.055,robot_0,EV_search_object,EV_path_clear,CLEAR
340.161,robot_0,EV_move_forward,EV_path_clear,CLEAR
340.449,robot_0,EV_move_forward,EV_path_clear,CLEAR
340.753,robot_0,EV_move_forward,EV_path_clear,CLEAR
341.050,robot_0,EV_search_object,EV_path_clear,CLEAR
341.160,robot_0,EV_move_forward,EV_path_clear,CLEAR
341.463,robot_0,EV_search_object,EV_path_clear,CLEAR
341.652,robot_0,EV_search_object,EV_path_clear,CLEAR
341.758,robot_0,EV_search_object,EV_path_clear,CLEAR
341.947,robot_0,EV_search_object,EV_path_clear,CLEAR
342.141,robot_0,EV_move_forward,EV_path_clear,CLEAR
342.361,robot_0,EV_move_forward,EV_path_clear,CLEAR
342.645,robot_0,EV_move_forward,EV_path_clear,CLEAR
342.853,robot_0,EV_search_object,EV_path_clear,CLEAR
343.044,robot_0,EV_move_forward,EV_path_clear,CLEAR
343.341,robot_0,EV_move_forward,EV_path_clear,CLEAR
343.551,robot_0,EV_move_forward,EV_path_clear,CLEAR
343.764,robot_0,EV_move_forward,EV_path_clear,CLEAR
344.047,robot_0,EV_move_forward,EV_path_clear,CLEAR
344.248,robot_0,EV_move_forward,EV_path_clear,CLEAR
344.566,robot_0,EV_move_forward,EV_path_clear,CLEAR
344.859,robot_0,EV_search_object,EV_path_clear,CLEAR
345.043,robot_0,EV_move_forward,EV_path_clear,CLEAR
345.348,robot_0,EV_search_object,EV_path_clear,CLEAR
345.541,robot_0,EV_move_forward,EV_path_clear,CLEAR
345.854,robot_0,EV_move_forward,EV_path_clear,CLEAR
346.147,robot_0,EV_move_forward,EV_path_clear,CLEAR
346.453,robot_0,EV_move_forward,EV_path_clear,CLEAR
346.663,robot_0,EV_move_forward,EV_path_clear,CLEAR
346.950,robot_0,EV_search_object,EV_path_clear,CLEAR
347.057,robot_0,EV_search_object,EV_path_clear,CLEAR
347.256,robot_0,EV_rotate_clockwise,EV_obstacle_left,LEFT
347.456,robot_0,EV_rotate_clockwise,EV_obstacle_left,LEFT
347.647,robot_0,EV_u_turn,EV_obstacle_left,LEFT
351.549,robot_0,EV_search_object,EV_path_clear,CLEAR
351.658,robot_0,EV_move_forward,EV_path_clear,CLEAR
351.941,robot_0,EV_move_forward,EV_path_clear,CLEAR
352.249,robot_0,EV_search_object,EV_path_clear,CLEAR
352.442,robot_0,EV_search_object,EV_path_clear,CLEAR
352.561,robot_0,EV_search_object,EV_path_clear,CLEAR
352.747,robot_0,EV_search_object,EV_path_clear,CLEAR
352.854,robot_0,EV_search_object,EV_path_clear,CLEAR
353.041,robot_0,EV_search_object,EV_path_clear,CLEAR
353.151,robot_0,EV_move_forward,EV_path_clear,CLEAR
353.459,robot_0,EV_search_object,EV_path_clear,CLEAR
353.651,robot_0,EV_move_forward,EV_path_clear,CLEAR
353.950,robot_0,EV_search_object,EV_path_clear,CLEAR
354.065,robot_0,EV_search_object,EV_path_clear,CLEAR
354.251,robot_0,EV_move_forward,EV_path_clear,CLEAR
354.541,robot_0,EV_search_object,EV_path_clear,CLEAR
354.742,robot_0,EV_search_object,EV_path_clear,CLEAR
354.849,robot_0,EV_move_forward,EV_path_clear,CLEAR
355.145,robot_0,EV_move_forward,EV_path_clear,CLEAR
355.446,robot_0,EV_move_forward,EV_path_clear,CLEAR
355.746,robot_0,EV_search_object,EV_path_clear,CLEAR
355.944,robot_0,EV_move_forward,EV_path_clear,CLEAR
356.158,robot_0,EV_move_forward,EV_path_clear,CLEAR
356.365,robot_0,EV_move_forward,EV_path_clear,CLEAR
356.646,robot_0,EV_move_forward,EV_path_clear,CLEAR
356.863,robot_0,EV_move_forward,EV_path_clear,CLEAR
357.147,robot_0,EV_move_forward,EV_path_clear,CLEAR
357.354,robot_0,EV_search_object,EV_path_clear,CLEAR
357.544,robot_0,EV_search_object,EV_path_clear,CLEAR
357.649,robot_0,EV_search_object,EV_path_clear,CLEAR
357.850,robot_0,EV_search_object,EV_path_clear,CLEAR
358.041,robot_0,EV_move_forward,EV_path_clear,CLEAR
358.343,robot_0,EV_move_forward,EV_path_clear,CLEAR
358.643,robot_0,EV_move_forward,EV_path_clear,CLEAR
358.854,robot_0,EV_move_forward,EV_path_clear,CLEAR
359.150,robot_0,EV_move_forward,EV_path_clear,CLEAR
359.462,robot_0,EV_search_object,EV_path_clear,CLEAR
359.660,robot_0,EV_move_forward,EV_path_clear,CLEAR
359.867,robot_0,EV_search_object,EV_path_clear,CLEAR
360.052,robot_0,EV_move_forward,EV_path_clear,CLEAR
360.373,robot_0,EV_move_forward,EV_path_clear,CLEAR
360.645,robot_0,EV_search_object,EV_path_clear,CLEAR
360.756,robot_0,EV_move_forward,EV_path_clear,CLEAR
361.041,robot_0,EV_search_object,EV_path_clear,CLEAR
361.245,robot_0,EV_move_forward,EV_path_clear,CLEAR
361.547,robot_0,EV_move_forward,EV_path_clear,CLEAR
361.858,robot_0,EV_move_forward,EV_path_clear,CLEAR
362.143,robot_0,EV_search_object,EV_path_clear,CLEAR
362.254,robot_0,EV_move_forward,EV_path_clear,CLEAR
362.549,robot_0,EV_move_forward,EV_path_clear,CLEAR
362.755,robot_0,EV_move_forward,EV_path_clear,CLEAR
363.050,robot_0,EV_move_forward,EV_path_clear,CLEAR
363.345,robot_0,EV_move_forward,EV_path_clear,CLEAR
363.643,robot_0,EV_move_forward,EV_path_clear,CLEAR
363.851,robot_0,EV_search_object,EV_path_clear,CLEAR
364.042,robot_0,EV_move_forward,EV_path_clear,CLEAR
364.350,robot_0,EV_search_object,EV_path_clear,CLEAR
364.560,robot_0,EV_move_forward,EV_path_clear,CLEAR
364.856,robot_0,EV_search_object,EV_path_clear,CLEAR
364.957,robot_0,EV_move_forward,EV_path_clear,CLEAR
365.257,robot_0,EV_move_forward,EV_path_clear,CLEAR
365.555,robot_0,EV_move_forward,EV_path_clear,CLEAR
365.858,robot_0,EV_move_forward,EV_path_clear,CLEAR
366.149,robot_0,EV_search_object,EV_path_clear,CLEAR
366.352,robot_0,EV_move_forward,EV_path_clear,CLEAR
366.568,robot_0,EV_search_object,EV_path_clear,CLEAR
366.742,robot_0,EV_search_object,EV_path_clear,CLEAR
366.943,robot_0,EV_move_forward,EV_path_clear,CLEAR
367.256,robot_0,EV_search_object,EV_path_clear,CLEAR
367.455,robot_0,EV_search_object,EV_path_clear,CLEAR
367.648,robot_0,EV_move_forward,EV_path_clear,CLEAR
367.955,robot_0,EV_search_object,EV_path_clear,CLEAR
368.144,robot_0,EV_search_object,EV_path_clear,CLEAR
368.246,robot_0,EV_search_object,EV_path_clear,CLEAR
368.442,robot_0,EV_search_object,EV_path_clear,CLEAR
368.559,robot_0,EV_search_object,EV_path_clear,CLEAR
368.750,robot_0,EV_move_forward,EV_path_clear,CLEAR
369.051,robot_0,EV_search_object,EV_path_clear,CLEAR
369.248,robot_0,EV_move_forward,EV_path_clear,CLEAR
369.457,robot_0,EV_move_forward,EV_path_clear,CLEAR
369.743,robot_0,EV_move_forward,EV_path_clear,CLEAR
369.952,robot_0,EV_search_object,EV_path_clear,CLEAR
370.144,robot_0,EV_move_forward,EV_path_clear,CLEAR
370.366,robot_0,EV_rotate_clockwise,EV_obstacle_left,LEFT
370.542,robot_0,EV_u_turn,EV_obstacle_left,LEFT
374.354,robot_0,EV_move_forward,EV_path_clear,CLEAR
374.644,robot_0,EV_move_forward,EV_path_clear,CLEAR
374.950,robot_0,EV_move_forward,EV_path_clear,CLEAR
375.165,robot_0,EV_move_forward,EV_path_clear,CLEAR
375.443,robot_0,EV_search_object,EV_path_clear,CLEAR
375.556,robot_0,EV_move_forward,EV_path_clear,CLEAR
375.842,robot_0,EV_move_forward,EV_path_clear,CLEAR
376.069,robot_0,EV_search_object,EV_path_clear,CLEAR
376.248,robot_0,EV_search_object,EV_path_clear,CLEAR
376.357,robot_0,EV_search_object,EV_path_clear,CLEAR
376.544,robot_0,EV_search_object,EV_path_clear,CLEAR
376.747,robot_0,EV_move_forward,EV_path_clear,CLEAR
377.063,robot_0,EV_search_object,EV_path_clear,CLEAR
377.246,robot_0,EV_search_object,EV_path_clear,CLEAR
377.447,robot_0,EV_search_object,EV_path_clear,CLEAR
377.556,robot_0,EV_search_object,EV_path_clear,CLEAR
377.753,robot_0,EV_search_object,EV_path_clear,CLEAR
377.944,robot_0,EV_move_forward,EV_path_clear,CLEAR
378.156,robot_0,EV_search_object,EV_path_clear,CLEAR
378.346,robot_0,EV_search_object,EV_path_clear,CLEAR
378.541,robot_0,EV_move_forward,EV_path_clear,CLEAR
378.764,robot_0,EV_move_forward,EV_path_clear,CLEAR
379.063,robot_0,EV_move_forward,EV_path_clear,CLEAR
379.363,robot_0,EV_search_object,EV_path_clear,CLEAR
379.542,robot_0,EV_search_object,EV_path_clear,CLEAR
379.746,robot_0,EV_move_forward,EV_path_clear,CLEAR
380.048,robot_0,EV_move_forward,EV_path_clear,CLEAR
380.255,robot_0,EV_search_object,EV_path_clear,CLEAR
380.453,robot_0,EV_move_forward,EV_path_clear,CLEAR
380.749,robot_0,EV_move_forward,EV_path_clear,CLEAR
381.053,robot_0,EV_search_object,EV_path_clear,CLEAR
381.249,robot_0,EV_move_forward,EV_path_clear,CLEAR
381.545,robot_0,EV_move_forward,EV_path_clear,CLEAR
381.844,robot_0,EV_search_object,EV_path_clear,CLEAR
382.049,robot_0,EV_move_forward,EV_path_clear,CLEAR
382.257,robot_0,EV_search_object,EV_path_clear,CLEAR
382.442,robot_0,EV_search_object,EV_path_clear,CLEAR
382.649,robot_0,EV_move_forward,EV_path_clear,CLEAR
382.942,robot_0,EV_move_forward,EV_path_clear,CLEAR
383.257,robot_0,EV_move_forward,EV_path_clear,CLEAR
383.542,robot_0,EV_search_object,EV_path_clear,CLEAR
383.655,robot_0,EV_search_object,EV_path_clear,CLEAR
383.843,robot_0,EV_search_object,EV_path_clear,CLEAR
383.948,robot_0,EV_search_object,EV_path_clear,CLEAR
384.149,robot_0,EV_move_forward,EV_path_clear,CLEAR
384.442,robot_0,EV_move_forward,EV_path_clear,CLEAR
384.750,robot_0,EV_search_object,EV_path_clear,CLEAR
384.950,robot_0,EV_move_forward,EV_path_clear,CLEAR
385.259,robot_0,EV_move_forward,EV_path_clear,CLEAR
385.559,robot_0,EV_search_object,EV_path_clear,CLEAR
385.745,robot_0,EV_move_forward,EV_path_clear,CLEAR
385.968,robot_0,EV_move_forward,EV_path_clear,CLEAR
386.260,robot_0,EV_search_object,EV_path_clear,CLEAR
386.458,robot_0,EV_move_forward,EV_path_clear,CLEAR
386.755,robot_0,EV_search_object,EV_path_clear,CLEAR
386.943,robot_0,EV_move_forward,EV_path_clear,CLEAR
387.156,robot_0,EV_search_object,EV_path_clear,CLEAR
387.260,robot_0,EV_search_object,EV_path_clear,CLEAR
387.444,robot_0,EV_move_forward,EV_path_clear,CLEAR
387.752,robot_0,EV_move_forward,EV_path_clear,CLEAR
388.052,robot_0,EV_move_forward,EV_path_clear,CLEAR
388.347,robot_0,EV_search_object,EV_path_clear,CLEAR
388.463,robot_0,EV_search_object,EV_path_clear,CLEAR
388.655,robot_0,EV_search_object,EV_path_clear,CLEAR
388.842,robot_0,EV_search_object,EV_path_clear,CLEAR
388.956,robot_0,EV_search_object,EV_path_clear,CLEAR
389.147,robot_0,EV_move_forward,EV_path_clear,CLEAR
389.455,robot_0,EV_move_forward,EV_path_clear,CLEAR
389.747,robot_0,EV_move_forward,EV_path_clear,CLEAR
389.955,robot_0,EV_search_object,EV_path_clear,CLEAR
390.149,robot_0,EV_search_object,EV_path_clear,CLEAR
390.348,robot_0,EV_move_forward,EV_path_clear,CLEAR
390.641,robot_0,EV_move_forward,EV_path_clear,CLEAR
390.863,robot_0,EV_move_forward,EV_path_clear,CLEAR
391.151,robot_0,EV_move_forward,EV_path_clear,CLEAR
391.466,robot_0,EV_move_forward,EV_path_clear,CLEAR
391.745,robot_0,EV_move_forward,EV_path_clear,CLEAR
392.056,robot_0,EV_search_object,EV_path_clear,CLEAR
392.263,robot_0,EV_move_forward,EV_path_clear,CLEAR
392.541,robot_0,EV_move_forward,EV_path_clear,CLEAR
392.755,robot_0,EV_move_forward,EV_path_clear,CLEAR
393.042,robot_0,EV_search_object,EV_path_clear,CLEAR
393.148,robot_0,EV_move_forward,EV_path_clear,CLEAR
393.441,robot_0,EV_search_object,EV_path_clear,CLEAR
393.556,robot_0,EV_search_object,EV_path_clear,CLEAR
393.744,robot_0,EV_move_forward,EV_path_clear,CLEAR
394.042,robot_0,EV_search_object,EV_path_clear,CLEAR
394.148,robot_0,EV_search_object,EV_path_clear,CLEAR
394.259,robot_0,EV_search_object,EV_path_clear,CLEAR
394.463,robot_0,EV_move_forward,EV_path_clear,CLEAR
394.757,robot_0,EV_move_forward,EV_path_clear,CLEAR
395.043,robot_0,EV_search_object,EV_path_clear,CLEAR
395.246,robot_0,EV_search_object,EV_path_clear,CLEAR
395.447,robot_0,EV_search_object,EV_path_clear,CLEAR
395.645,robot_0,EV_move_forward,EV_path_clear,CLEAR
395.946,robot_0,EV_move_forward,EV_path_clear,CLEAR
396.249,robot_0,EV_move_forward,EV_path_clear,CLEAR
396.549,robot_0,EV_search_object,EV_path_clear,CLEAR
396.752,robot_0,EV_search_object,EV_path_clear,CLEAR
396.952,robot_0,EV_search_object,EV_path_clear,CLEAR
397.150,robot_0,EV_move_forward,EV_path_clear,CLEAR
397.454,robot_0,EV_search_object,EV_path_clear,CLEAR
397.653,robot_0,EV_move_forward,EV_path_clear,CLEAR
397.856,robot_0,EV_search_object,EV_path_clear,CLEAR
398.048,robot_0,EV_search_object,EV_path_clear,CLEAR
398.241,robot_0,EV_search_object,EV_path_clear,CLEAR
398.472,robot_0,EV_search_object,EV_path_clear,CLEAR
398.642,robot_0,EV_move_forward,EV_path_clear,CLEAR
398.945,robot_0,EV_move_forward,EV_path_clear,CLEAR
399.257,robot_0,EV_search_object,EV_path_clear,CLEAR
399.442,robot_0,EV_search_object,EV_path_clear,CLEAR
399.551,robot_0,EV_search_object,EV_path_clear,CLEAR
399.744,robot_0,EV_search_object,EV_path_clear,CLEAR
399.948,robot_0,EV_search_object,EV_path_clear,CLEAR
400.149,robot_0,EV_move_forward,EV_path_clear,CLEAR
400.450,robot_0,EV_search_object,EV_path_clear,CLEAR
400.652,robot_0,EV_search_object,EV_path_clear,CLEAR
400.843,robot_0,EV_search_object,EV_path_clear,CLEAR
400.946,robot_0,EV_search_object,EV_path_clear,CLEAR
401.049,robot_0,EV_search_object,EV_path_clear,CLEAR
401.249,robot_0,EV_move_forward,EV_path_clear,CLEAR
401.542,robot_0,EV_search_object,EV_path_clear,CLEAR
401.652,robot_0,EV_move_forward,EV_path_clear,CLEAR
401.961,robot_0,EV_search_object,EV_path_clear,CLEAR
402.145,robot_0,EV_move_forward,EV_path_clear,CLEAR
402.449,robot_0,EV_search_object,EV_path_clear,CLEAR
402.650,robot_0,EV_search_object,EV_path_clear,CLEAR
402.852,robot_0,EV_search_object,EV_path_clear,CLEAR
403.045,robot_0,EV_search_object,EV_path_clear,CLEAR
403.159,robot_0,EV_search_object,EV_path_clear,CLEAR
403.341,robot_0,EV_search_object,EV_path_clear,CLEAR
403.452,robot_0,EV_search_object,EV_path_clear,CLEAR
403.558,robot_0,EV_move_forward,EV_path_clear,CLEAR
403.843,robot_0,EV_move_forward,EV_path_clear,CLEAR
404.166,robot_0,EV_move_forward,EV_path_clear,CLEAR
404.442,robot_0,EV_move_forward,EV_path_clear,CLEAR
404.649,robot_0,EV_search_object,EV_path_clear,CLEAR
404.859,robot_0,EV_search_object,EV_path_clear,CLEAR
405.050,robot_0,EV_search_object,EV_path_clear,CLEAR
405.244,robot_0,EV_move_forward,EV_path_clear,CLEAR
405.552,robot_0,EV_search_object,EV_path_clear,CLEAR
405.742,robot_0,EV_search_object,EV_path_clear,CLEAR
405.858,robot_0,EV_move_forward,EV_path_clear,CLEAR
406.158,robot_0,EV_move_forward,EV_path_clear,CLEAR
406.442,robot_0,EV_search_object,EV_path_clear,CLEAR
406.561,robot_0,EV_move_forward,EV_path_clear,CLEAR
406.774,robot_0,EV_search_object,EV_path_clear,CLEAR
406.954,robot_0,EV_move_forward,EV_path_clear,CLEAR
407.249,robot_0,EV_search_object,EV_path_clear,CLEAR
407.448,robot_0,EV_move_forward,EV_path_clear,CLEAR
407.749,robot_0,EV_move_forward,EV_path_clear,CLEAR
408.047,robot_0,EV_move_forward,EV_path_clear,CLEAR
408.355,robot_0,EV_search_object,EV_path_clear,CLEAR
408.541,robot_0,EV_search_object,EV_path_clear,CLEAR
408.657,robot_0,EV_search_object,EV_path_clear,CLEAR
408.844,robot_0,EV_u_turn,EV_obstacle_front,CORNER
412.757,robot_0,EV_move_forward,EV_path_clear,CLEAR
413.050,robot_0,EV_search_object,EV_path_clear,CLEAR
413.253,robot_0,EV_search_object,EV_path_clear,CLEAR
413.441,robot_0,EV_search_object,EV_path_clear,CLEAR
413.568,robot_0,EV_move_forward,EV_path_clear,CLEAR
413.843,robot_0,EV_search_object,EV_path_clear,CLEAR
414.047,robot_0,EV_search_object,EV_path_clear,CLEAR
414.159,robot_0,EV_search_object,EV_path_clear,CLEAR
414.358,robot_0,EV_move_forward,EV_path_clear,CLEAR
414.652,robot_0,EV_move_forward,EV_path_clear,CLEAR
414.946,robot_0,EV_search_object,EV_path_clear,CLEAR
415.171,robot_0,EV_search_object,EV_path_clear,CLEAR
415.356,robot_0,EV_search_object,EV_path_clear,CLEAR
415.542,robot_0,EV_move_forward,EV_path_clear,CLEAR
415.754,robot_0,EV_search_object,EV_path_clear,CLEAR
415.950,robot_0,EV_search_object,EV_path_clear,CLEAR
416.142,robot_0,EV_move_forward,EV_path_clear,CLEAR
416.358,robot_0,EV_search_object,EV_path_clear,CLEAR
416.559,robot_0,EV_search_object,EV_path_clear,CLEAR
416.762,robot_0,EV_move_forward,EV_path_clear,CLEAR
417.048,robot_0,EV_move_forward,EV_path_clear,CLEAR
417.256,robot_0,EV_search_object,EV_path_clear,CLEAR
417.442,robot_0,EV_move_forward,EV_path_clear,CLEAR
417.749,robot_0,EV_search_object,EV_path_clear,CLEAR
417.941,robot_0,EV_move_forward,EV_path_clear,CLEAR
418.255,robot_0,EV_move_forward,EV_path_clear,CLEAR
418.555,robot_0,EV_search_object,EV_path_clear,CLEAR
418.744,robot_0,EV_move_forward,EV_path_clear,CLEAR
418.952,robot_0,EV_search_object,EV_path_clear,CLEAR
419.054,robot_0,EV_move_forward,EV_path_clear,CLEAR
419.346,robot_0,EV_move_forward,EV_path_clear,CLEAR
419.650,robot_0,EV_move_forward,EV_path_clear,CLEAR
419.947,robot_0,EV_search_object,EV_path_clear,CLEAR
420.143,robot_0,EV_search_object,EV_path_clear,CLEAR
420.249,robot_0,EV_move_forward,EV_path_clear,CLEAR
420.454,robot_0,EV_search_object,EV_path_clear,CLEAR
420.643,robot_0,EV_move_forward,EV_path_clear,CLEAR
420.846,robot_0,EV_move_forward,EV_path_clear,CLEAR
421.061,robot_0,EV_search_object,EV_path_clear,CLEAR
421.168,robot_0,EV_move_forward,EV_path_clear,CLEAR
421.451,robot_0,EV_move_forward,EV_path_clear,CLEAR
421.756,robot_0,EV_search_object,EV_path_clear,CLEAR
421.953,robot_0,EV_move_forward,EV_path_clear,CLEAR
422.249,robot_0,EV_search_object,EV_path_clear,CLEAR
422.451,robot_0,EV_search_object,EV_path_clear,CLEAR
422.565,robot_0,EV_search_object,EV_path_clear,CLEAR
422.758,robot_0,EV_move_forward,EV_path_clear,CLEAR
423.043,robot_0,EV_search_object,EV_path_clear,CLEAR
423.156,robot_0,EV_move_forward,EV_path_clear,CLEAR
423.448,robot_0,EV_move_forward,EV_path_clear,CLEAR
423.656,robot_0,EV_search_object,EV_path_clear,CLEAR
423.859,robot_0,EV_move_forward,EV_path_clear,CLEAR
424.150,robot_0,EV_move_forward,EV_path_clear,CLEAR
424.457,robot_0,EV_search_object,EV_path_clear,CLEAR
424.644,robot_0,EV_search_object,EV_path_clear,CLEAR
424.757,robot_0,EV_search_object,EV_path_clear,CLEAR
424.941,robot_0,EV_search_object,EV_path_clear,CLEAR
425.047,robot_0,EV_search_object,EV_path_clear,CLEAR
425.160,robot_0,EV_search_object,EV_path_clear,CLEAR
425.344,robot_0,EV_u_turn,EV_obstacle_left,LEFT
429.258,robot_0,EV_search_object,EV_path_clear,CLEAR
429.441,robot_0,EV_move_forward,EV_path_clear,CLEAR
429.741,robot_0,EV_search_object,EV_path_clear,CLEAR
429.859,robot_0,EV_search_object,EV_path_clear,CLEAR
430.051,robot_0,EV_search_object,EV_path_clear,CLEAR
430.247,robot_0,EV_move_forward,EV_path_clear,CLEAR
430.569,robot_0,EV_move_forward,EV_path_clear,CLEAR
430.848,robot_0,EV_search_object,EV_path_clear,CLEAR
430.951,robot_0,EV_move_forward,EV_path_clear,CLEAR
431.255,robot_0,EV_move_forward,EV_path_clear,CLEAR
431.552,robot_0,EV_move_forward,EV_path_clear,CLEAR
431.849,robot_0,EV_move_forward,EV_path_clear,CLEAR
432.062,robot_0,EV_search_object,EV_path_clear,CLEAR
432.249,robot_0,EV_move_forward,EV_path_clear,CLEAR
432.541,robot_0,EV_move_forward,EV_path_clear,CLEAR
432.857,robot_0,EV_search_object,EV_path_clear,CLEAR
432.964,robot_0,EV_move_forward,EV_path_clear,CLEAR
433.243,robot_0,EV_move_forward,EV_path_clear,CLEAR
433.575,robot_0,EV_search_object,EV_path_clear,CLEAR
433.755,robot_0,EV_move_forward,EV_path_clear,CLEAR
434.053,robot_0,EV_move_forward,EV_path_clear,CLEAR
434.256,robot_0,EV_move_forward,EV_path_clear,CLEAR
434.547,robot_0,EV_move_forward,EV_path_clear,CLEAR
434.843,robot_0,EV_move_forward,EV_path_clear,CLEAR
435.057,robot_0,EV_search_object,EV_path_clear,CLEAR
435.246,robot_0,EV_search_object,EV_path_clear,CLEAR
435.356,robot_0,EV_move_forward,EV_path_clear,CLEAR
435.650,robot_0,EV_move_forward,EV_path_clear,CLEAR
435.949,robot_0,EV_search_object,EV_path_clear,CLEAR
436.067,robot_0,EV_move_forward,EV_path_clear,CLEAR
436.355,robot_0,EV_search_object,EV_path_clear,CLEAR
436.544,robot_0,EV_search_object,EV_path_clear,CLEAR
436.748,robot_0,EV_search_object,EV_path_clear,CLEAR
436.944,robot_0,EV_move_forward,EV_path_clear,CLEAR
437.242,robot_0,EV_search_object,EV_path_clear,CLEAR
437.348,robot_0,EV_move_forward,EV_path_clear,CLEAR
437.657,robot_0,EV_search_object,EV_path_clear,CLEAR
437.848,robot_0,EV_move_forward,EV_path_clear,CLEAR
438.075,robot_0,EV_move_forward,EV_path_clear,CLEAR
438.355,robot_0,EV_search_object,EV_path_clear,CLEAR
438.543,robot_0,EV_move_forward,EV_path_clear,CLEAR
438.752,robot_0,EV_move_forward,EV_path_clear,CLEAR
439.046,robot_0,EV_move_forward,EV_path_clear,CLEAR
439.344,robot_0,EV_move_forward,EV_path_clear,CLEAR
439.646,robot_0,EV_move_forward,EV_path_clear,CLEAR
439.858,robot_0,EV_move_forward,EV_path_clear,CLEAR
440.153,robot_0,EV_move_forward,EV_path_clear,CLEAR
440.470,robot_0,EV_move_forward,EV_path_clear,CLEAR
440.748,robot_0,EV_search_object,EV_path_clear,CLEAR
440.953,robot_0,EV_move_forward,EV_path_clear,CLEAR
441.158,robot_0,EV_search_object,EV_path_clear,CLEAR
441.350,robot_0,EV_move_forward,EV_path_clear,CLEAR
441.641,robot_0,EV_move_forward,EV_path_clear,CLEAR
441.858,robot_0,EV_move_forward,EV_path_clear,CLEAR
442.143,robot_0,EV_search_object,EV_path_clear,CLEAR
442.246,robot_0,EV_move_forward,EV_path_clear,CLEAR
442.553,robot_0,EV_search_object,EV_path_clear,CLEAR
442.743,robot_0,EV_move_forward,EV_path_clear,CLEAR
443.048,robot_0,EV_move_forward,EV_path_clear,CLEAR
443.251,robot_0,EV_search_object,EV_path_clear,CLEAR
443.443,robot_0,EV_move_forward,EV_path_clear,CLEAR
443.652,robot_0,EV_move_forward,EV_path_clear,CLEAR
443.952,robot_0,EV_move_forward,EV_path_clear,CLEAR
444.155,robot_0,EV_move_forward,EV_path_clear,CLEAR
444.443,robot_0,EV_search_object,EV_path_clear,CLEAR
444.647,robot_0,EV_search_object,EV_path_clear,CLEAR
444.749,robot_0,EV_search_object,EV_path_clear,CLEAR
444.854,robot_0,EV_move_forward,EV_path_clear,CLEAR
445.159,robot_0,EV_move_forward,EV_path_clear,CLEAR
445.460,robot_0,EV_search_object,EV_path_clear,CLEAR
445.643,robot_0,EV_move_forward,EV_path_clear,CLEAR
445.847,robot_0,EV_move_forward,EV_path_clear,CLEAR
446.149,robot_0,EV_move_forward,EV_path_clear,CLEAR
446.446,robot_0,EV_search_object,EV_path_clear,CLEAR
446.552,robot_0,EV_move_forward,EV_path_clear,CLEAR
446.755,robot_0,EV_search_object,EV_path_clear,CLEAR
446.955,robot_0,EV_search_object,EV_path_clear,CLEAR
447.142,robot_0,EV_search_object,EV_path_clear,CLEAR
447.257,robot_0,EV_move_forward,EV_path_clear,CLEAR
447.458,robot_0,EV_search_object,EV_path_clear,CLEAR
447.644,robot_0,EV_move_forward,EV_path_clear,CLEAR
447.855,robot_0,EV_search_object,EV_path_clear,CLEAR
448.048,robot_0,EV_search_object,EV_path_clear,CLEAR
448.149,robot_0,EV_move_forward,EV_path_clear,CLEAR
448.441,robot_0,EV_search_object,EV_path_clear,CLEAR
448.545,robot_0,EV_move_forward,EV_path_clear,CLEAR
448.755,robot_0,EV_move_forward,EV_path_clear,CLEAR
449.056,robot_0,EV_search_object,EV_path_clear,CLEAR
449.251,robot_0,EV_search_object,EV_path_clear,CLEAR
449.445,robot_0,EV_move_forward,EV_path_clear,CLEAR
449.744,robot_0,EV_move_forward,EV_path_clear,CLEAR
449.958,robot_0,EV_move_forward,EV_path_clear,CLEAR
450.243,robot_0,EV_search_object,EV_path_clear,CLEAR
450.441,robot_0,EV_search_object,EV_path_clear,CLEAR
450.647,robot_0,EV_move_forward,EV_path_clear,CLEAR
450.957,robot_0,EV_search_object,EV_path_clear,CLEAR
451.145,robot_0,EV_move_forward,EV_path_clear,CLEAR
451.353,robot_0,EV_search_object,EV_path_clear,CLEAR
451.545,robot_0,EV_move_forward,EV_path_clear,CLEAR
451.848,robot_0,EV_move_forward,EV_path_clear,CLEAR
452.157,robot_0,EV_search_object,EV_path_clear,CLEAR
452.353,robot_0,EV_move_forward,EV_path_clear,CLEAR
452.670,robot_0,EV_search_object,EV_path_clear,CLEAR
452.845,robot_0,EV_move_forward,EV_path_clear,CLEAR
453.054,robot_0,EV_move_forward,EV_path_clear,CLEAR
453.341,robot_0,EV_move_forward,EV_path_clear,CLEAR
453.644,robot_0,EV_search_object,EV_path_clear,CLEAR
453.757,robot_0,EV_move_forward,EV_path_clear,CLEAR
454.064,robot_0,EV_move_forward,EV_path_clear,CLEAR
454.346,robot_0,EV_move_forward,EV_path_clear,CLEAR
454.656,robot_0,EV_search_object,EV_path_clear,CLEAR
454.760,robot_0,EV_search_object,EV_path_clear,CLEAR
454.965,robot_0,EV_search_object,EV_path_clear,CLEAR
455.157,robot_0,EV_search_object,EV_path_clear,CLEAR
455.346,robot_0,EV_search_object,EV_path_clear,CLEAR
455.565,robot_0,EV_move_forward,EV_path_clear,CLEAR
455.853,robot_0,EV_move_forward,EV_path_clear,CLEAR
456.152,robot_0,EV_move_forward,EV_path_clear,CLEAR
456.450,robot_0,EV_move_forward,EV_path_clear,CLEAR
456.742,robot_0,EV_search_object,EV_path_clear,CLEAR
456.847,robot_0,EV_search_object,EV_path_clear,CLEAR
456.965,robot_0,EV_move_forward,EV_path_clear,CLEAR
457.255,robot_0,EV_move_forward,EV_path_clear,CLEAR
457.555,robot_0,EV_search_object,EV_path_clear,CLEAR
457.667,robot_0,EV_search_object,EV_path_clear,CLEAR
457.842,robot_0,EV_search_object,EV_path_clear,CLEAR
457.949,robot_0,EV_move_forward,EV_path_clear,CLEAR
458.243,robot_0,EV_move_forward,EV_path_clear,CLEAR
458.448,robot_0,EV_move_forward,EV_path_clear,CLEAR
458.745,robot_0,EV_move_forward,EV_path_clear,CLEAR
459.047,robot_0,EV_search_object,EV_path_clear,CLEAR
459.148,robot_0,EV_move_forward,EV_path_clear,CLEAR
459.472,robot_0,EV_search_object,EV_path_clear,CLEAR
459.651,robot_0,EV_move_forward,EV_path_clear,CLEAR
459.955,robot_0,EV_move_forward,EV_path_clear,CLEAR
460.241,robot_0,EV_move_forward,EV_path_clear,CLEAR
460.449,robot_0,EV_move_forward,EV_path_clear,CLEAR
460.751,robot_0,EV_move_forward,EV_path_clear,CLEAR
461.042,robot_0,EV_search_object,EV_path_clear,CLEAR
461.251,robot_0,EV_search_object,EV_path_clear,CLEAR
461.452,robot_0,EV_search_object,EV_path_clear,CLEAR
461.570,robot_0,EV_search_object,EV_path_clear,CLEAR
461.749,robot_0,EV_move_forward,EV_path_clear,CLEAR
461.957,robot_0,EV_search_object,EV_path_clear,CLEAR
462.143,robot_0,EV_move_forward,EV_path_clear,CLEAR
462.360,robot_0,EV_move_forward,EV_path_clear,CLEAR
462.644,robot_0,EV_move_forward,EV_path_clear,CLEAR
462.946,robot_0,EV_move_forward,EV_path_clear,CLEAR
463.150,robot_0,EV_move_forward,EV_path_clear,CLEAR
463.444,robot_0,EV_move_forward,EV_path_clear,CLEAR
463.755,robot_0,EV_move_forward,EV_path_clear,CLEAR
464.049,robot_0,EV_search_object,EV_path_clear,CLEAR
464.252,robot_0,EV_move_forward,EV_path_clear,CLEAR
464.547,robot_0,EV_search_object,EV_path_clear,CLEAR
464.652,robot_0,EV_search_object,EV_path_clear,CLEAR
464.843,robot_0,EV_move_forward,EV_path_clear,CLEAR
465.072,robot_0,EV_search_object,EV_path_clear,CLEAR
465.247,robot_0,EV_move_forward,EV_path_clear,CLEAR
465.455,robot_0,EV_move_forward,EV_path_clear,CLEAR
465.743,robot_0,EV_search_object,EV_path_clear,CLEAR
465.862,robot_0,EV_move_forward,EV_path_clear,CLEAR
466.145,robot_0,EV_search_object,EV_path_clear,CLEAR
466.354,robot_0,EV_move_forward,EV_path_clear,CLEAR
466.655,robot_0,EV_move_forward,EV_path_clear,CLEAR
466.941,robot_0,EV_move_forward,EV_path_clear,CLEAR
467.143,robot_0,EV_move_forward,EV_path_clear,CLEAR
467.350,robot_0,EV_search_object,EV_path_clear,CLEAR
467.548,robot_0,EV_move_forward,EV_path_clear,CLEAR
467.854,robot_0,EV_move_forward,EV_path_clear,CLEAR
468.150,robot_0,EV_search_object,EV_path_clear,CLEAR
468.351,robot_0,EV_search_object,EV_path_clear,CLEAR
468.468,robot_0,EV_move_forward,EV_path_clear,CLEAR
468.754,robot_0,EV_search_object,EV_path_clear,CLEAR
468.941,robot_0,EV_move_forward,EV_path_clear,CLEAR
469.144,robot_0,EV_search_object,EV_path_clear,CLEAR
469.345,robot_0,EV_search_object,EV_path_clear,CLEAR
469.448,robot_0,EV_move_forward,EV_path_clear,CLEAR
469.652,robot_0,EV_search_object,EV_path_clear,CLEAR
469.848,robot_0,EV_move_forward,EV_path_clear,CLEAR
470.142,robot_0,EV_move_forward,EV_path_clear,CLEAR
470.347,robot_0,EV_search_object,EV_path_clear,CLEAR
470.556,robot_0,EV_search_object,EV_path_clear,CLEAR
470.749,robot_0,EV_move_forward,EV_path_clear,CLEAR
470.955,robot_0,EV_move_forward,EV_path_clear,CLEAR
471.245,robot_0,EV_search_object,EV_path_clear,CLEAR
471.347,robot_0,EV_search_object,EV_path_clear,CLEAR
471.548,robot_0,EV_move_forward,EV_path_clear,CLEAR
471.844,robot_0,EV_move_forward,EV_path_clear,CLEAR
472.059,robot_0,EV_move_forward,EV_path_clear,CLEAR
472.347,robot_0,EV_search_object,EV_path_clear,CLEAR
472.552,robot_0,EV_move_forward,EV_path_clear,CLEAR
472.853,robot_0,EV_search_object,EV_path_clear,CLEAR
473.063,robot_0,EV_move_forward,EV_path_clear,CLEAR
473.348,robot_0,EV_search_object,EV_path_clear,CLEAR
473.550,robot_0,EV_move_forward,EV_path_clear,CLEAR
473.849,robot_0,EV_move_forward,EV_path_clear,CLEAR
474.144,robot_0,EV_search_object,EV_path_clear,CLEAR
474.358,robot_0,EV_search_object,EV_path_clear,CLEAR
474.544,robot_0,EV_search_object,EV_path_clear,CLEAR
474.744,robot_0,EV_search_object,EV_path_clear,CLEAR
474.944,robot_0,EV_search_object,EV_path_clear,CLEAR
475.151,robot_0,EV_move_forward,EV_path_clear,CLEAR
475.441,robot_0,EV_move_forward,EV_path_clear,CLEAR
475.756,robot_0,EV_move_forward,EV_path_clear,CLEAR
476.051,robot_0,EV_move_forward,EV_path_clear,CLEAR
476.354,robot_0,EV_search_object,EV_path_clear,CLEAR
476.549,robot_0,EV_search_object,EV_path_clear,CLEAR
476.663,robot_0,EV_search_object,EV_path_clear,CLEAR
476.855,robot_0,EV_search_object,EV_path_clear,CLEAR
477.057,robot_0,EV_move_forward,EV_path_clear,CLEAR
477.345,robot_0,EV_search_object,EV_path_clear,CLEAR
477.556,robot_0,EV_search_object,EV_path_clear,CLEAR
477.748,robot_0,EV_move_forward,EV_path_clear,CLEAR
478.048,robot_0,EV_move_forward,EV_path_clear,CLEAR
478.345,robot_0,EV_search_object,EV_path_clear,CLEAR
478.561,robot_0,EV_search_object,EV_path_clear,CLEAR
478.748,robot_0,EV_move_forward,EV_path_clear,CLEAR
479.046,robot_0,EV_move_forward,EV_path_clear,CLEAR
479.345,robot_0,EV_search_object,EV_path_clear,CLEAR
479.448,robot_0,EV_search_object,EV_path_clear,CLEAR
479.651,robot_0,EV_move_forward,EV_path_clear,CLEAR
479.855,robot_0,EV_search_object,EV_path_clear,CLEAR
479.960,robot_0,EV_search_object,EV_path_clear,CLEAR
480.156,robot_0,EV_search_object,EV_path_clear,CLEAR
480.344,robot_0,EV_move_forward,EV_path_clear,CLEAR
480.644,robot_0,EV_search_object,EV_path_clear,CLEAR
480.846,robot_0,EV_search_object,EV_path_clear,CLEAR
480.951,robot_0,EV_move_forward,EV_path_clear,CLEAR
481.242,robot_0,EV_move_forward,EV_path_clear,CLEAR
481.446,robot_0,EV_search_object,EV_path_clear,CLEAR
481.644,robot_0,EV_move_forward,EV_path_clear,CLEAR
481.941,robot_0,EV_search_object,EV_path_clear,CLEAR
482.059,robot_0,EV_search_object,EV_path_clear,CLEAR
482.245,robot_0,EV_move_forward,EV_path_clear,CLEAR
482.462,robot_0,EV_search_object,EV_path_clear,CLEAR
482.643,robot_0,EV_search_object,EV_path_clear,CLEAR
482.750,robot_0,EV_move_forward,EV_path_clear,CLEAR
483.043,robot_0,EV_move_forward,EV_path_clear,CLEAR
483.356,robot_0,EV_search_object,EV_path_clear,CLEAR
483.554,robot_0,EV_move_forward,EV_path_clear,CLEAR
483.765,robot_0,EV_search_object,EV_path_clear,CLEAR
483.957,robot_0,EV_search_object,EV_path_clear,CLEAR
484.146,robot_0,EV_move_forward,EV_path_clear,CLEAR
484.459,robot_0,EV_search_object,EV_path_clear,CLEAR
484.640,robot_0,EV_search_object,EV_path_clear,CLEAR
484.844,robot_0,EV_move_forward,EV_path_clear,CLEAR
485.149,robot_0,EV_search_object,EV_path_clear,CLEAR
485.363,robot_0,EV_search_object,EV_path_clear,CLEAR
485.556,robot_0,EV_search_object,EV_path_clear,CLEAR
485.753,robot_0,EV_search_object,EV_path_clear,CLEAR
485.865,robot_0,EV_search_object,EV_path_clear,CLEAR
486.046,robot_0,EV_move_forward,EV_path_clear,CLEAR
486.350,robot_0,EV_search_object,EV_path_clear,CLEAR
486.552,robot_0,EV_search_object,EV_path_clear,CLEAR
486.657,robot_0,EV_move_forward,EV_path_clear,CLEAR
486.957,robot_0,EV_move_forward,EV_path_clear,CLEAR
487.166,robot_0,EV_move_forward,EV_path_clear,CLEAR
487.455,robot_0,EV_move_forward,EV_path_clear,CLEAR
487.751,robot_0,EV_move_forward,EV_path_clear,CLEAR
488.047,robot_0,EV_move_forward,EV_path_clear,CLEAR
488.349,robot_0,EV_search_object,EV_path_clear,CLEAR
488.541,robot_0,EV_move_forward,EV_path_clear,CLEAR
488.747,robot_0,EV_search_object,EV_path_clear,CLEAR
488.858,robot_0,EV_move_forward,EV_path_clear,CLEAR
489.150,robot_0,EV_search_object,EV_path_clear,CLEAR
489.349,robot_0,EV_move_forward,EV_path_clear,CLEAR
489.643,robot_0,EV_move_forward,EV_path_clear,CLEAR
489.850,robot_0,EV_search_object,EV_path_clear,CLEAR
489.961,robot_0,EV_move_forward,EV_path_clear,CLEAR
490.247,robot_0,EV_move_forward,EV_path_clear,CLEAR
490.457,robot_0,EV_move_forward,EV_path_clear,CLEAR
490.744,robot_0,EV_move_forward,EV_path_clear,CLEAR
490.957,robot_0,EV_move_forward,EV_path_clear,CLEAR
491.261,robot_0,EV_search_object,EV_path_clear,CLEAR
491.461,robot_0,EV_search_object,EV_path_clear,CLEAR
491.644,robot_0,EV_move_forward,EV_path_clear,CLEAR
491.851,robot_0,EV_search_object,EV_path_clear,CLEAR
492.045,robot_0,EV_move_forward,EV_path_clear,CLEAR
492.344,robot_0,EV_move_forward,EV_path_clear,CLEAR
492.642,robot_0,EV_move_forward,EV_path_clear,CLEAR
492.859,robot_0,EV_search_object,EV_path_clear,CLEAR
493.043,robot_0,EV_move_forward,EV_path_clear,CLEAR
493.370,robot_0,EV_search_object,EV_path_clear,CLEAR
493.547,robot_0,EV_move_forward,EV_path_clear,CLEAR
493.847,robot_0,EV_search_object,EV_path_clear,CLEAR
493.953,robot_0,EV_search_object,EV_path_clear,CLEAR
494.156,robot_0,EV_move_forward,EV_path_clear,CLEAR
494.449,robot_0,EV_search_object,EV_path_clear,CLEAR
494.656,robot_0,EV_move_forward,EV_path_clear,CLEAR
494.946,robot_0,EV_move_forward,EV_path_clear,CLEAR
495.159,robot_0,EV_move_forward,EV_path_clear,CLEAR
495.446,robot_0,EV_search_object,EV_path_clear,CLEAR
495.645,robot_0,EV_move_forward,EV_path_clear,CLEAR
495.961,robot_0,EV_move_forward,EV_path_clear,CLEAR
496.244,robot_0,EV_search_object,EV_path_clear,CLEAR
496.465,robot_0,EV_move_forward,EV_path_clear,CLEAR
496.746,robot_0,EV_search_object,EV_path_clear,CLEAR
496.952,robot_0,EV_search_object,EV_path_clear,CLEAR
497.150,robot_0,EV_move_forward,EV_path_clear,CLEAR
497.359,robot_0,EV_search_object,EV_path_clear,CLEAR
497.545,robot_0,EV_move_forward,EV_path_clear,CLEAR
497.764,robot_0,EV_rotate_counterclockwise,EV_obstacle_right,RIGHT
497.955,robot_0,EV_u_turn,EV_obstacle_right,RIGHT
501.754,robot_0,EV_search_object,EV_path_clear,CLEAR
501.862,robot_0,EV_move_forward,EV_path_clear,CLEAR
502.147,robot_0,EV_search_object,EV_path_clear,CLEAR
502.341,robot_0,EV_move_forward,EV_path_clear,CLEAR
502.551,robot_0,EV_search_object,EV_path_clear,CLEAR
502.655,robot_0,EV_move_forward,EV_path_clear,CLEAR
502.947,robot_0,EV_search_object,EV_path_clear,CLEAR
503.152,robot_0,EV_search_object,EV_path_clear,CLEAR
503.263,robot_0,EV_move_forward,EV_path_clear,CLEAR
503.548,robot_0,EV_search_object,EV_path_clear,CLEAR
503.741,robot_0,EV_move_forward,EV_path_clear,CLEAR
504.047,robot_0,EV_move_forward,EV_path_clear,CLEAR
504.343,robot_0,EV_search_object,EV_path_clear,CLEAR
504.450,robot_0,EV_move_forward,EV_path_clear,CLEAR
504.742,robot_0,EV_move_forward,EV_path_clear,CLEAR
505.046,robot_0,EV_search_object,EV_path_clear,CLEAR
505.153,robot_0,EV_move_forward,EV_path_clear,CLEAR
505.457,robot_0,EV_search_object,EV_path_clear,CLEAR
505.654,robot_0,EV_move_forward,EV_path_clear,CLEAR
505.942,robot_0,EV_move_forward,EV_path_clear,CLEAR
506.154,robot_0,EV_search_object,EV_path_clear,CLEAR
506.343,robot_0,EV_move_forward,EV_path_clear,CLEAR
506.553,robot_0,EV_move_forward,EV_path_clear,CLEAR
506.761,robot_0,EV_search_object,EV_path_clear,CLEAR
506.953,robot_0,EV_search_object,EV_path_clear,CLEAR
507.148,robot_0,EV_move_forward,EV_path_clear,CLEAR
507.445,robot_0,EV_search_object,EV_path_clear,CLEAR
507.642,robot_0,EV_search_object,EV_path_clear,CLEAR
507.757,robot_0,EV_search_object,EV_path_clear,CLEAR
507.942,robot_0,EV_search_object,EV_path_clear,CLEAR
508.063,robot_0,EV_search_object,EV_path_clear,CLEAR
508.251,robot_0,EV_move_forward,EV_path_clear,CLEAR
508.456,robot_0,EV_search_object,EV_path_clear,CLEAR
508.649,robot_0,EV_move_forward,EV_path_clear,CLEAR
508.950,robot_0,EV_move_forward,EV_path_clear,CLEAR
509.249,robot_0,EV_search_object,EV_path_clear,CLEAR
509.443,robot_0,EV_move_forward,EV_path_clear,CLEAR
509.650,robot_0,EV_move_forward,EV_path_clear,CLEAR
509.942,robot_0,EV_search_object,EV_path_clear,CLEAR
510.052,robot_0,EV_move_forward,EV_path_clear,CLEAR
510.346,robot_0,EV_move_forward,EV_path_clear,CLEAR
510.646,robot_0,EV_search_object,EV_path_clear,CLEAR
510.843,robot_0,EV_search_object,EV_path_clear,CLEAR
510.957,robot_0,EV_move_forward,EV_path_clear,CLEAR
511.250,robot_0,EV_move_forward,EV_path_clear,CLEAR
511.452,robot_0,EV_move_forward,EV_path_clear,CLEAR
511.752,robot_0,EV_search_object,EV_path_clear,CLEAR
511.861,robot_0,EV_move_forward,EV_path_clear,CLEAR
512.148,robot_0,EV_search_object,EV_path_clear,CLEAR
512.259,robot_0,EV_move_forward,EV_path_clear,CLEAR
512.549,robot_0,EV_move_forward,EV_path_clear,CLEAR
512.843,robot_0,EV_search_object,EV_path_clear,CLEAR
512.951,robot_0,EV_search_object,EV_path_clear,CLEAR
513.057,robot_0,EV_move_forward,EV_path_clear,CLEAR
513.350,robot_0,EV_u_turn,EV_obstacle_right,RIGHT
517.156,robot_0,EV_search_object,EV_path_clear,CLEAR
517.349,robot_0,EV_move_forward,EV_path_clear,CLEAR
517.559,robot_0,EV_search_object,EV_path_clear,CLEAR
517.751,robot_0,EV_search_object,EV_path_clear,CLEAR
517.963,robot_0,EV_search_object,EV_path_clear,CLEAR
518.156,robot_0,EV_move_forward,EV_path_clear,CLEAR
518.443,robot_0,EV_move_forward,EV_path_clear,CLEAR
518.742,robot_0,EV_search_object,EV_path_clear,CLEAR
518.855,robot_0,EV_search_object,EV_path_clear,CLEAR
518.959,robot_0,EV_move_forward,EV_path_clear,CLEAR
519.243,robot_0,EV_search_object,EV_path_clear,CLEAR
519.446,robot_0,EV_move_forward,EV_path_clear,CLEAR
519.754,robot_0,EV_move_forward,EV_path_clear,CLEAR
520.048,robot_0,EV_move_forward,EV_path_clear,CLEAR
520.252,robot_0,EV_search_object,EV_path_clear,CLEAR
520.441,robot_0,EV_move_forward,EV_path_clear,CLEAR
520.755,robot_0,EV_search_object,EV_path_clear,CLEAR
520.953,robot_0,EV_move_forward,EV_path_clear,CLEAR
521.267,robot_0,EV_move_forward,EV_path_clear,CLEAR
521.552,robot_0,EV_move_forward,EV_path_clear,CLEAR
521.759,robot_0,EV_move_forward,EV_path_clear,CLEAR
522.046,robot_0,EV_move_forward,EV_path_clear,CLEAR
522.350,robot_0,EV_move_forward,EV_path_clear,CLEAR
522.641,robot_0,EV_move_forward,EV_path_clear,CLEAR
522.952,robot_0,EV_search_object,EV_path_clear,CLEAR
523.057,robot_0,EV_move_forward,EV_path_clear,CLEAR
523.343,robot_0,EV_search_object,EV_path_clear,CLEAR
523.455,robot_0,EV_move_forward,EV_path_clear,CLEAR
523.742,robot_0,EV_move_forward,EV_path_clear,CLEAR
523.958,robot_0,EV_move_forward,EV_path_clear,CLEAR
524.249,robot_0,EV_search_object,EV_path_clear,CLEAR
524.449,robot_0,EV_move_forward,EV_path_clear,CLEAR
524.743,robot_0,EV_move_forward,EV_path_clear,CLEAR
524.947,robot_0,EV_move_forward,EV_path_clear,CLEAR
525.241,robot_0,EV_search_object,EV_path_clear,CLEAR
525.446,robot_0,EV_search_object,EV_path_clear,CLEAR
525.548,robot_0,EV_move_forward,EV_path_clear,CLEAR
525.754,robot_0,EV_move_forward,EV_path_clear,CLEAR
526.052,robot_0,EV_search_object,EV_path_clear,CLEAR
526.257,robot_0,EV_move_forward,EV_path_clear,CLEAR
526.553,robot_0,EV_search_object,EV_path_clear,CLEAR
526.669,robot_0,EV_search_object,EV_path_clear,CLEAR
526.863,robot_0,EV_move_forward,EV_path_clear,CLEAR
527.143,robot_0,EV_search_object,EV_path_clear,CLEAR
527.356,robot_0,EV_move_forward,EV_path_clear,CLEAR
527.650,robot_0,EV_move_forward,EV_path_clear,CLEAR
527.952,robot_0,EV_move_forward,EV_path_clear,CLEAR
528.244,robot_0,EV_move_forward,EV_path_clear,CLEAR
528.451,robot_0,EV_search_object,EV_path_clear,CLEAR
528.553,robot_0,EV_search_object,EV_path_clear,CLEAR
528.749,robot_0,EV_move_forward,EV_path_clear,CLEAR
529.054,robot_0,EV_search_object,EV_path_clear,CLEAR
529.258,robot_0,EV_move_forward,EV_path_clear,CLEAR
529.562,robot_0,EV_move_forward,EV_path_clear,CLEAR
529.849,robot_0,EV_move_forward,EV_path_clear,CLEAR
530.148,robot_0,EV_move_forward,EV_path_clear,CLEAR
530.485,robot_0,EV_search_object,EV_path_clear,CLEAR
530.656,robot_0,EV_search_object,EV_path_clear,CLEAR
530.842,robot_0,EV_move_forward,EV_path_clear,CLEAR
531.052,robot_0,EV_move_forward,EV_path_clear,CLEAR
531.347,robot_0,EV_search_object,EV_path_clear,CLEAR
531.548,robot_0,EV_move_forward,EV_path_clear,CLEAR
531.867,robot_0,EV_move_forward,EV_path_clear,CLEAR
532.145,robot_0,EV_search_object,EV_path_clear,CLEAR
532.251,robot_0,EV_search_object,EV_path_clear,CLEAR
532.446,robot_0,EV_move_forward,EV_path_clear,CLEAR
532.657,robot_0,EV_move_forward,EV_path_clear,CLEAR
532.948,robot_0,EV_move_forward,EV_path_clear,CLEAR
533.252,robot_0,EV_move_forward,EV_path_clear,CLEAR
533.557,robot_0,EV_move_forward,EV_path_clear,CLEAR
533.854,robot_0,EV_move_forward,EV_path_clear,CLEAR
534.150,robot_0,EV_search_object,EV_path_clear,CLEAR
534.346,robot_0,EV_search_object,EV_path_clear,CLEAR
534.549,robot_0,EV_search_object,EV_path_clear,CLEAR
534.746,robot_0,EV_search_object,EV_path_clear,CLEAR
534.864,robot_0,EV_move_forward,EV_path_clear,CLEAR
535.150,robot_0,EV_move_forward,EV_path_clear,CLEAR
535.454,robot_0,EV_move_forward,EV_path_clear,CLEAR
535.749,robot_0,EV_search_object,EV_path_clear,CLEAR
535.950,robot_0,EV_move_forward,EV_path_clear,CLEAR
536.244,robot_0,EV_search_object,EV_path_clear,CLEAR
536.359,robot_0,EV_move_forward,EV_path_clear,CLEAR
536.661,robot_0,EV_move_forward,EV_path_clear,CLEAR
536.958,robot_0,EV_search_object,EV_path_clear,CLEAR
537.144,robot_0,EV_search_object,EV_path_clear,CLEAR
537.263,robot_0,EV_move_forward,EV_path_clear,CLEAR
537.549,robot_0,EV_move_forward,EV_path_clear,CLEAR
537.853,robot_0,EV_rotate_counterclockwise,EV_obstacle_right,RIGHT
538.059,robot_0,EV_rotate_counterclockwise,EV_obstacle_right,RIGHT
538.262,robot_0,EV_u_turn,EV_obstacle_right,RIGHT
542.058,robot_0,EV_search_object,EV_path_clear,CLEAR
542.245,robot_0,EV_move_forward,EV_path_clear,CLEAR
542.557,robot_0,EV_move_forward,EV_path_clear,CLEAR
542.765,robot_0,EV_move_forward,EV_path_clear,CLEAR
543.043,robot_0,EV_move_forward,EV_path_clear,CLEAR
543.351,robot_0,EV_move_forward,EV_path_clear,CLEAR
543.651,robot_0,EV_search_object,EV_path_clear,CLEAR
543.847,robot_0,EV_search_object,EV_path_clear,CLEAR
543.958,robot_0,EV_move_forward,EV_path_clear,CLEAR
544.160,robot_0,EV_move_forward,EV_path_clear,CLEAR
544.446,robot_0,EV_move_forward,EV_path_clear,CLEAR
544.747,robot_0,EV_move_forward,EV_path_clear,CLEAR
545.043,robot_0,EV_search_object,EV_path_clear,CLEAR
545.159,robot_0,EV_move_forward,EV_path_clear,CLEAR
545.458,robot_0,EV_move_forward,EV_path_clear,CLEAR
545.743,robot_0,EV_move_forward,EV_path_clear,CLEAR
546.042,robot_0,EV_search_object,EV_path_clear,CLEAR
546.151,robot_0,EV_search_object,EV_path_clear,CLEAR
546.342,robot_0,EV_search_object,EV_path_clear,CLEAR
546.460,robot_0,EV_move_forward,EV_path_clear,CLEAR
546.753,robot_0,EV_move_forward,EV_path_clear,CLEAR
547.052,robot_0,EV_move_forward,EV_path_clear,CLEAR
547.359,robot_0,EV_move_forward,EV_path_clear,CLEAR
547.651,robot_0,EV_move_forward,EV_path_clear,CLEAR
547.943,robot_0,EV_search_object,EV_path_clear,CLEAR
548.047,robot_0,EV_move_forward,EV_path_clear,CLEAR
548.351,robot_0,EV_move_forward,EV_path_clear,CLEAR
548.560,robot_0,EV_search_object,EV_path_clear,CLEAR
548.745,robot_0,EV_move_forward,EV_path_clear,CLEAR
548.954,robot_0,EV_search_object,EV_path_clear,CLEAR
549.147,robot_0,EV_move_forward,EV_path_clear,CLEAR
549.355,robot_0,EV_search_object,EV_path_clear,CLEAR
549.555,robot_0,EV_move_forward,EV_path_clear,CLEAR
549.850,robot_0,EV_search_object,EV_path_clear,CLEAR
550.051,robot_0,EV_move_forward,EV_path_clear,CLEAR
550.254,robot_0,EV_move_forward,EV_path_clear,CLEAR
550.544,robot_0,EV_search_object,EV_path_clear,CLEAR
550.646,robot_0,EV_search_object,EV_path_clear,CLEAR
550.757,robot_0,EV_search_object,EV_path_clear,CLEAR
550.946,robot_0,EV_move_forward,EV_path_clear,CLEAR
551.155,robot_0,EV_move_forward,EV_path_clear,CLEAR
551.451,robot_0,EV_search_object,EV_path_clear,CLEAR
551.648,robot_0,EV_search_object,EV_path_clear,CLEAR
551.766,robot_0,EV_search_object,EV_path_clear,CLEAR
551.950,robot_0,EV_search_object,EV_path_clear,CLEAR
552.148,robot_0,EV_move_forward,EV_path_clear,CLEAR
552.446,robot_0,EV_search_object,EV_path_clear,CLEAR
552.552,robot_0,EV_move_forward,EV_path_clear,CLEAR
552.856,robot_0,EV_move_forward,EV_path_clear,CLEAR
553.146,robot_0,EV_search_object,EV_path_clear,CLEAR
553.353,robot_0,EV_search_object,EV_path_clear,CLEAR
553.459,robot_0,EV_move_forward,EV_path_clear,CLEAR
553.749,robot_0,EV_move_forward,EV_path_clear,CLEAR
554.049,robot_0,EV_move_forward,EV_path_clear,CLEAR
554.346,robot_0,EV_search_object,EV_path_clear,CLEAR
554.451,robot_0,EV_move_forward,EV_path_clear,CLEAR
554.657,robot_0,EV_move_forward,EV_path_clear,CLEAR
554.946,robot_0,EV_search_object,EV_path_clear,CLEAR
555.146,robot_0,EV_search_object,EV_path_clear,CLEAR
555.346,robot_0,EV_move_forward,EV_path_clear,CLEAR
555.549,robot_0,EV_move_forward,EV_path_clear,CLEAR
555.855,robot_0,EV_move_forward,EV_path_clear,CLEAR
556.146,robot_0,EV_move_forward,EV_path_clear,CLEAR
556.349,robot_0,EV_move_forward,EV_path_clear,CLEAR
556.657,robot_0,EV_move_forward,EV_path_clear,CLEAR
556.945,robot_0,EV_search_object,EV_path_clear,CLEAR
557.142,robot_0,EV_search_object,EV_path_clear,CLEAR
557.361,robot_0,EV_search_object,EV_path_clear,CLEAR
557.556,robot_0,EV_move_forward,EV_path_clear,CLEAR
557.842,robot_0,EV_search_object,EV_path_clear,CLEAR
557.957,robot_0,EV_search_object,EV_path_clear,CLEAR
558.153,robot_0,EV_move_forward,EV_path_clear,CLEAR
558.356,robot_0,EV_search_object,EV_path_clear,CLEAR
558.551,robot_0,EV_search_object,EV_path_clear,CLEAR
558.741,robot_0,EV_move_forward,EV_path_clear,CLEAR
558.948,robot_0,EV_search_object,EV_path_clear,CLEAR
559.149,robot_0,EV_move_forward,EV_path_clear,CLEAR
559.442,robot_0,EV_move_forward,EV_path_clear,CLEAR
559.750,robot_0,EV_move_forward,EV_path_clear,CLEAR
560.043,robot_0,EV_move_forward,EV_path_clear,CLEAR
560.345,robot_0,EV_search_object,EV_path_clear,CLEAR
560.457,robot_0,EV_search_object,EV_path_clear,CLEAR
560.651,robot_0,EV_move_forward,EV_path_clear,CLEAR
560.953,robot_0,EV_move_forward,EV_path_clear,CLEAR
561.244,robot_0,EV_search_object,EV_path_clear,CLEAR
561.444,robot_0,EV_move_forward,EV_path_clear,CLEAR
561.747,robot_0,EV_search_object,EV_path_clear,CLEAR
561.945,robot_0,EV_move_forward,EV_path_clear,CLEAR
562.259,robot_0,EV_search_object,EV_path_clear,CLEAR
562.361,robot_0,EV_search_object,EV_path_clear,CLEAR
562.545,robot_0,EV_move_forward,EV_path_clear,CLEAR
562.849,robot_0,EV_search_object,EV_path_clear,CLEAR
562.957,robot_0,EV_move_forward,EV_path_clear,CLEAR
563.260,robot_0,EV_search_object,EV_path_clear,CLEAR
563.459,robot_0,EV_search_object,EV_path_clear,CLEAR
563.647,robot_0,EV_move_forward,EV_path_clear,CLEAR
563.852,robot_0,EV_search_object,EV_path_clear,CLEAR
563.964,robot_0,EV_search_object,EV_path_clear,CLEAR
564.155,robot_0,EV_move_forward,EV_path_clear,CLEAR
564.450,robot_0,EV_search_object,EV_path_clear,CLEAR
564.568,robot_0,EV_search_object,EV_path_clear,CLEAR
564.742,robot_0,EV_search_object,EV_path_clear,CLEAR
564.942,robot_0,EV_move_forward,EV_path_clear,CLEAR
565.156,robot_0,EV_move_forward,EV_path_clear,CLEAR
565.474,robot_0,EV_search_object,EV_path_clear,CLEAR
565.651,robot_0,EV_search_object,EV_path_clear,CLEAR
565.842,robot_0,EV_move_forward,EV_path_clear,CLEAR
566.141,robot_0,EV_move_forward,EV_path_clear,CLEAR
566.353,robot_0,EV_move_forward,EV_path_clear,CLEAR
566.646,robot_0,EV_search_object,EV_path_clear,CLEAR
566.857,robot_0,EV_search_object,EV_path_clear,CLEAR
567.047,robot_0,EV_move_forward,EV_path_clear,CLEAR
567.341,robot_0,EV_move_forward,EV_path_clear,CLEAR
567.545,robot_0,EV_search_object,EV_path_clear,CLEAR
567.744,robot_0,EV_move_forward,EV_path_clear,CLEAR
568.042,robot_0,EV_search_object,EV_path_clear,CLEAR
568.166,robot_0,EV_move_forward,EV_path_clear,CLEAR
568.446,robot_0,EV_search_object,EV_path_clear,CLEAR
568.647,robot_0,EV_search_object,EV_path_clear,CLEAR
568.758,robot_0,EV_move_forward,EV_path_clear,CLEAR
569.053,robot_0,EV_search_object,EV_path_clear,CLEAR
569.242,robot_0,EV_move_forward,EV_path_clear,CLEAR
569.543,robot_0,EV_search_object,EV_path_clear,CLEAR
569.756,robot_0,EV_move_forward,EV_path_clear,CLEAR
570.052,robot_0,EV_search_object,EV_path_clear,CLEAR
570.246,robot_0,EV_move_forward,EV_path_clear,CLEAR
570.448,robot_0,EV_search_object,EV_path_clear,CLEAR
570.642,robot_0,EV_search_object,EV_path_clear,CLEAR
570.855,robot_0,EV_search_object,EV_path_clear,CLEAR
571.048,robot_0,EV_search_object,EV_path_clear,CLEAR
571.249,robot_0,EV_search_object,EV_path_clear,CLEAR
571.449,robot_0,EV_move_forward,EV_path_clear,CLEAR
571.653,robot_0,EV_search_object,EV_path_clear,CLEAR
571.843,robot_0,EV_search_object,EV_path_clear,CLEAR
572.045,robot_0,EV_search_object,EV_path_clear,CLEAR
572.157,robot_0,EV_move_forward,EV_path_clear,CLEAR
572.441,robot_0,EV_move_forward,EV_path_clear,CLEAR
572.650,robot_0,EV_move_forward,EV_path_clear,CLEAR
572.853,robot_0,EV_move_forward,EV_path_clear,CLEAR
573.065,robot_0,EV_search_object,EV_path_clear,CLEAR
573.261,robot_0,EV_move_forward,EV_path_clear,CLEAR
573.557,robot_0,EV_search_object,EV_path_clear,CLEAR
573.764,robot_0,EV_move_forward,EV_path_clear,CLEAR
574.048,robot_0,EV_search_object,EV_path_clear,CLEAR
574.252,robot_0,EV_search_object,EV_path_clear,CLEAR
574.448,robot_0,EV_search_object,EV_path_clear,CLEAR
574.644,robot_0,EV_move_forward,EV_path_clear,CLEAR
574.944,robot_0,EV_search_object,EV_path_clear,CLEAR
575.157,robot_0,EV_move_forward,EV_path_clear,CLEAR
575.367,robot_0,EV_move_forward,EV_path_clear,CLEAR
575.642,robot_0,EV_move_forward,EV_path_clear,CLEAR
575.847,robot_0,EV_move_forward,EV_path_clear,CLEAR
576.159,robot_0,EV_search_object,EV_path_clear,CLEAR
576.266,robot_0,EV_search_object,EV_path_clear,CLEAR
576.453,robot_0,EV_move_forward,EV_path_clear,CLEAR
576.760,robot_0,EV_search_object,EV_path_clear,CLEAR
576.943,robot_0,EV_move_forward,EV_path_clear,CLEAR
577.246,robot_0,EV_search_object,EV_path_clear,CLEAR
577.351,robot_0,EV_search_object,EV_path_clear,CLEAR
577.454,robot_0,EV_move_forward,EV_path_clear,CLEAR
577.742,robot_0,EV_move_forward,EV_path_clear,CLEAR
577.958,robot_0,EV_search_object,EV_path_clear,CLEAR
578.154,robot_0,EV_search_object,EV_path_clear,CLEAR
578.350,robot_0,EV_search_object,EV_path_clear,CLEAR
578.549,robot_0,EV_search_object,EV_path_clear,CLEAR
578.656,robot_0,EV_move_forward,EV_path_clear,CLEAR
578.950,robot_0,EV_move_forward,EV_path_clear,CLEAR
579.157,robot_0,EV_move_forward,EV_path_clear,CLEAR
579.443,robot_0,EV_search_object,EV_path_clear,CLEAR
579.562,robot_0,EV_move_forward,EV_path_clear,CLEAR
579.854,robot_0,EV_search_object,EV_path_clear,CLEAR
580.050,robot_0,EV_search_object,EV_path_clear,CLEAR
580.161,robot_0,EV_move_forward,EV_path_clear,CLEAR
580.456,robot_0,EV_move_forward,EV_path_clear,CLEAR
580.752,robot_0,EV_move_forward,EV_path_clear,CLEAR
581.067,robot_0,EV_search_object,EV_path_clear,CLEAR
581.250,robot_0,EV_search_object,EV_path_clear,CLEAR
581.442,robot_0,EV_search_object,EV_path_clear,CLEAR
581.646,robot_0,EV_move_forward,EV_path_clear,CLEAR
581.860,robot_0,EV_search_object,EV_path_clear,CLEAR
582.045,robot_0,EV_move_forward,EV_path_clear,CLEAR
582.260,robot_0,EV_search_object,EV_path_clear,CLEAR
582.447,robot_0,EV_search_object,EV_path_clear,CLEAR
582.560,robot_0,EV_search_object,EV_path_clear,CLEAR
582.758,robot_0,EV_move_forward,EV_path_clear,CLEAR
583.051,robot_0,EV_move_forward,EV_path_clear,CLEAR
583.345,robot_0,EV_move_forward,EV_path_clear,CLEAR
583.659,robot_0,EV_move_forward,EV_path_clear,CLEAR
583.946,robot_0,EV_move_forward,EV_path_clear,CLEAR
584.153,robot_0,EV_search_object,EV_path_clear,CLEAR
584.349,robot_0,EV_search_object,EV_path_clear,CLEAR
584.551,robot_0,EV_search_object,EV_path_clear,CLEAR
584.656,robot_0,EV_search_object,EV_path_clear,CLEAR
584.845,robot_0,EV_search_object,EV_path_clear,CLEAR
584.956,robot_0,EV_search_object,EV_path_clear,CLEAR
585.154,robot_0,EV_search_object,EV_path_clear,CLEAR
585.347,robot_0,EV_search_object,EV_path_clear,CLEAR
585.453,robot_0,EV_search_object,EV_path_clear,CLEAR
585.650,robot_0,EV_search_object,EV_path_clear,CLEAR
585.845,robot_0,EV_move_forward,EV_path_clear,CLEAR
586.146,robot_0,EV_search_object,EV_path_clear,CLEAR
586.350,robot_0,EV_search_object,EV_path_clear,CLEAR
586.460,robot_0,EV_search_object,EV_path_clear,CLEAR
586.671,robot_0,EV_search_object,EV_path_clear,CLEAR
586.853,robot_0,EV_move_forward,EV_path_clear,CLEAR
587.141,robot_0,EV_search_object,EV_path_clear,CLEAR
587.262,robot_0,EV_search_object,EV_path_clear,CLEAR
587.445,robot_0,EV_move_forward,EV_path_clear,CLEAR
587.745,robot_0,EV_search_object,EV_path_clear,CLEAR
587.950,robot_0,EV_search_object,EV_path_clear,CLEAR
588.151,robot_0,EV_search_object,EV_path_clear,CLEAR
588.262,robot_0,EV_move_forward,EV_path_clear,CLEAR
588.549,robot_0,EV_search_object,EV_path_clear,CLEAR
588.652,robot_0,EV_search_object,EV_path_clear,CLEAR
588.863,robot_0,EV_search_object,EV_path_clear,CLEAR
589.055,robot_0,EV_move_forward,EV_path_clear,CLEAR
589.265,robot_0,EV_move_forward,EV_path_clear,CLEAR
589.544,robot_0,EV_move_forward,EV_path_clear,CLEAR
589.850,robot_0,EV_move_forward,EV_path_clear,CLEAR
590.141,robot_0,EV_move_forward,EV_path_clear,CLEAR
590.445,robot_0,EV_move_forward,EV_path_clear,CLEAR
590.745,robot_0,EV_move_forward,EV_path_clear,CLEAR
591.051,robot_0,EV_search_object,EV_path_clear,CLEAR
591.250,robot_0,EV_search_object,EV_path_clear,CLEAR
591.446,robot_0,EV_move_forward,EV_path_clear,CLEAR
591.741,robot_0,EV_move_forward,EV_path_clear,CLEAR
592.041,robot_0,EV_move_forward,EV_path_clear,CLEAR
592.357,robot_0,EV_search_object,EV_path_clear,CLEAR
592.549,robot_0,EV_search_object,EV_path_clear,CLEAR
592.751,robot_0,EV_search_object,EV_path_clear,CLEAR
592.941,robot_0,EV_move_forward,EV_path_clear,CLEAR
593.254,robot_0,EV_move_forward,EV_path_clear,CLEAR
593.578,robot_0,EV_search_object,EV_path_clear,CLEAR
593.765,robot_0,EV_search_object,EV_path_clear,CLEAR
