stamp_sec,stamp_nsec,elapsed_s,robot,x,y
1786014734,282309289,2.075,robot_0,-3.313,1.900
1786014734,282348017,2.075,robot_2,-1.889,2.435
1786014734,282363035,2.075,robot_1,0.265,2.936
1786014735,824635167,3.618,robot_0,-3.313,1.900
1786014735,824662751,3.618,robot_2,-1.889,2.435
1786014735,824674079,3.618,robot_1,0.265,2.936
1786014736,44014267,3.837,robot_0,-3.314,1.901
1786014736,44037959,3.837,robot_2,-1.925,2.437
1786014736,44046944,3.837,robot_1,0.266,2.972
1786014736,264195520,4.057,robot_0,-3.362,1.930
1786014736,264225772,4.057,robot_2,-1.957,2.438
1786014736,264239096,4.057,robot_1,0.267,3.033
1786014736,465347403,4.258,robot_0,-3.389,1.946
1786014736,465372306,4.258,robot_2,-1.957,2.438
1786014736,465380612,4.258,robot_1,0.268,3.042
1786014736,666117407,4.459,robot_0,-3.389,1.947
1786014736,666157562,4.459,robot_2,-1.957,2.439
1786014736,666173834,4.459,robot_1,0.270,3.062
1786014736,884531590,4.678,robot_0,-3.389,1.947
1786014736,884553399,4.678,robot_2,-1.968,2.435
1786014736,884561151,4.678,robot_1,0.271,3.070
1786014737,105124952,4.898,robot_0,-3.389,1.948
1786014737,105147835,4.898,robot_2,-2.030,2.415
1786014737,105164815,4.898,robot_1,0.287,3.132
1786014737,305413536,5.099,robot_0,-3.427,1.944
1786014737,305439141,5.099,robot_2,-2.087,2.396
1786014737,305447424,5.099,robot_1,0.302,3.190
1786014737,525043645,5.318,robot_0,-3.477,1.935
1786014737,525080223,5.318,robot_2,-2.150,2.376
1786014737,525092616,5.318,robot_1,0.313,3.236
1786014737,744639936,5.538,robot_0,-3.477,1.936
1786014737,744669738,5.538,robot_2,-2.212,2.355
1786014737,744685858,5.538,robot_1,0.322,3.260
1786014737,964196036,5.757,robot_0,-3.476,1.937
1786014737,964235137,5.757,robot_2,-2.275,2.335
1786014737,964251851,5.757,robot_1,0.345,3.322
1786014738,184222682,5.977,robot_0,-3.502,1.920
1786014738,184259673,5.977,robot_2,-2.338,2.314
1786014738,184278205,5.977,robot_1,0.368,3.384
1786014738,384276792,6.177,robot_0,-3.545,1.879
1786014738,384300575,6.177,robot_2,-2.388,2.298
1786014738,384308383,6.177,robot_1,0.377,3.406
1786014738,584972117,6.378,robot_0,-3.588,1.837
1786014738,585050090,6.378,robot_2,-2.429,2.287
1786014738,585066638,6.378,robot_1,0.378,3.408
1786014738,785459018,6.579,robot_0,-3.631,1.795
1786014738,785501881,6.579,robot_2,-2.471,2.283
1786014738,785522586,6.579,robot_1,0.381,3.410
1786014739,4562180,6.798,robot_0,-3.670,1.756
1786014739,4592491,6.798,robot_2,-2.519,2.286
1786014739,4605314,6.798,robot_1,0.412,3.437
1786014739,204655225,6.998,robot_0,-3.678,1.748
1786014739,204686750,6.998,robot_2,-2.576,2.298
1786014739,204700975,6.998,robot_1,0.450,3.466
1786014739,424742071,7.218,robot_0,-3.719,1.697
1786014739,424774274,7.218,robot_2,-2.589,2.301
1786014739,424787074,7.218,robot_1,0.450,3.466
1786014739,644528781,7.438,robot_0,-3.746,1.663
1786014739,644566690,7.438,robot_2,-2.616,2.305
1786014739,644582907,7.438,robot_1,0.450,3.466
1786014739,845027872,7.638,robot_0,-3.746,1.663
1786014739,845066309,7.638,robot_2,-2.672,2.312
1786014739,845083741,7.638,robot_1,0.452,3.467
1786014740,64554900,7.858,robot_0,-3.757,1.639
1786014740,64585012,7.858,robot_2,-2.684,2.313
1786014740,64600363,7.858,robot_1,0.493,3.476
1786014740,264655526,8.058,robot_0,-3.776,1.586
1786014740,264688187,8.058,robot_2,-2.741,2.313
1786014740,264701520,8.058,robot_1,0.533,3.480
1786014740,465445027,8.259,robot_0,-3.778,1.581
1786014740,465489199,8.259,robot_2,-2.767,2.313
1786014740,465508117,8.259,robot_1,0.577,3.481
1786014740,685094172,8.478,robot_0,-3.779,1.575
1786014740,685120968,8.478,robot_2,-2.767,2.313
1786014740,685132102,8.478,robot_1,0.643,3.481
1786014740,904434531,8.698,robot_0,-3.777,1.513
1786014740,904461134,8.698,robot_2,-2.767,2.313
1786014740,904471395,8.698,robot_1,0.709,3.481
1786014741,104931959,8.898,robot_0,-3.773,1.453
1786014741,104956687,8.898,robot_2,-2.767,2.313
1786014741,104968611,8.898,robot_1,0.761,3.481
1786014741,323923631,9.117,robot_0,-3.768,1.403
1786014741,323947893,9.117,robot_2,-2.767,2.313
1786014741,323956404,9.117,robot_1,0.806,3.482
1786014741,524614938,9.318,robot_0,-3.766,1.388
1786014741,524649700,9.318,robot_2,-2.768,2.314
1786014741,524663984,9.318,robot_1,0.865,3.483
1786014741,726205799,9.519,robot_0,-3.755,1.329
1786014741,726254952,9.519,robot_2,-2.768,2.314
1786014741,726272319,9.519,robot_1,0.914,3.485
1786014741,944544956,9.738,robot_0,-3.752,1.316
1786014741,944569300,9.738,robot_2,-2.768,2.314
1786014741,944577627,9.738,robot_1,0.939,3.485
1786014742,144842346,9.938,robot_0,-3.748,1.297
1786014742,144874433,9.938,robot_2,-2.768,2.314
1786014742,144887810,9.938,robot_1,0.981,3.488
1786014742,364329569,10.157,robot_0,-3.737,1.252
1786014742,364361893,10.157,robot_2,-2.775,2.283
1786014742,364379198,10.157,robot_1,1.047,3.491
1786014742,565256691,10.358,robot_0,-3.716,1.195
1786014742,565300574,10.358,robot_2,-2.783,2.223
1786014742,565319852,10.358,robot_1,1.093,3.494
1786014742,784675966,10.578,robot_0,-3.692,1.134
1786014742,784697465,10.578,robot_2,-2.790,2.158
1786014742,784705942,10.578,robot_1,1.136,3.497
1786014743,4236659,10.797,robot_0,-3.668,1.072
1786014743,4261137,10.797,robot_2,-2.797,2.092
1786014743,4269208,10.797,robot_1,1.180,3.500
1786014743,204257530,10.997,robot_0,-3.647,1.016
1786014743,204280111,10.997,robot_2,-2.802,2.048
1786014743,204288197,10.997,robot_1,1.220,3.503
1786014743,404589951,11.198,robot_0,-3.625,0.960
1786014743,404645922,11.198,robot_2,-2.802,2.048
1786014743,404662587,11.198,robot_1,1.269,3.507
1786014743,625185262,11.418,robot_0,-3.601,0.899
1786014743,625233707,11.418,robot_2,-2.799,2.028
1786014743,625256357,11.418,robot_1,1.334,3.513
1786014743,844728921,11.638,robot_0,-3.578,0.839
1786014743,844768888,11.638,robot_2,-2.784,1.964
1786014743,844803757,11.638,robot_1,1.400,3.519
1786014744,64120176,11.857,robot_0,-3.561,0.798
1786014744,64145838,11.857,robot_2,-2.767,1.900
1786014744,64154891,11.857,robot_1,1.451,3.523
1786014744,264540938,12.058,robot_0,-3.538,0.750
1786014744,264573720,12.058,robot_2,-2.752,1.842
1786014744,264589006,12.058,robot_1,1.491,3.526
1786014744,484448235,12.278,robot_0,-3.510,0.696
1786014744,484482375,12.278,robot_2,-2.735,1.778
1786014744,484498875,12.278,robot_1,1.535,3.530
1786014744,704478767,12.498,robot_0,-3.489,0.658
1786014744,704510441,12.498,robot_2,-2.718,1.714
1786014744,704523064,12.498,robot_1,1.597,3.536
1786014744,904929226,12.698,robot_0,-3.459,0.609
1786014744,904986748,12.698,robot_2,-2.703,1.656
1786014744,905012558,12.698,robot_1,1.657,3.541
1786014745,105501797,12.899,robot_0,-3.432,0.564
1786014745,105541583,12.899,robot_2,-2.692,1.614
1786014745,105559867,12.899,robot_1,1.717,3.546
1786014745,324456296,13.118,robot_0,-3.408,0.527
1786014745,324494612,13.118,robot_2,-2.692,1.614
1786014745,324509024,13.118,robot_1,1.783,3.552
1786014745,544414138,13.338,robot_0,-3.383,0.491
1786014745,544437946,13.338,robot_2,-2.679,1.591
1786014745,544446378,13.338,robot_1,1.836,3.557
1786014745,744884149,13.538,robot_0,-3.353,0.449
1786014745,744915383,13.538,robot_2,-2.647,1.544
1786014745,744928438,13.538,robot_1,1.878,3.561
1786014745,965311179,13.758,robot_0,-3.313,0.396
1786014745,965332451,13.758,robot_2,-2.644,1.540
1786014745,965341144,13.758,robot_1,1.944,3.566
1786014746,184433384,13.978,robot_0,-3.274,0.343
1786014746,184470991,13.978,robot_2,-2.636,1.533
1786014746,184489436,13.978,robot_1,2.010,3.572
1786014746,384752181,14.178,robot_0,-3.238,0.295
1786014746,384778153,14.178,robot_2,-2.589,1.500
1786014746,384789993,14.178,robot_1,2.063,3.577
1786014746,584889993,14.378,robot_0,-3.202,0.247
1786014746,584915908,14.378,robot_2,-2.572,1.489
1786014746,584924503,14.378,robot_1,2.103,3.581
1786014746,785984960,14.579,robot_0,-3.166,0.199
1786014746,786040376,14.579,robot_2,-2.572,1.489
1786014746,786067828,14.579,robot_1,2.159,3.586
1786014747,4834754,14.798,robot_0,-3.126,0.146
1786014747,4876105,14.798,robot_2,-2.572,1.488
1786014747,4896071,14.798,robot_1,2.216,3.591
1786014747,204898455,14.998,robot_0,-3.090,0.098
1786014747,204938297,14.998,robot_2,-2.528,1.486
1786014747,204958204,14.998,robot_1,2.256,3.595
1786014747,405201254,15.198,robot_0,-3.054,0.050
1786014747,405238507,15.198,robot_2,-2.484,1.485
1786014747,405257025,15.198,robot_1,2.296,3.598
1786014747,625134064,15.418,robot_0,-3.015,-0.002
1786014747,625183995,15.418,robot_2,-2.463,1.488
1786014747,625195918,15.418,robot_1,2.340,3.602
1786014747,843884646,15.637,robot_0,-2.975,-0.055
1786014747,843916067,15.637,robot_2,-2.401,1.498
1786014747,843923578,15.637,robot_1,2.386,3.607
1786014748,63899136,15.857,robot_0,-2.936,-0.108
1786014748,63918903,15.857,robot_2,-2.389,1.500
1786014748,63926171,15.857,robot_1,2.452,3.613
1786014748,264210718,16.057,robot_0,-2.900,-0.156
1786014748,264237026,16.057,robot_2,-2.334,1.516
1786014748,264245564,16.057,robot_1,2.497,3.617
1786014748,464456947,16.258,robot_0,-2.864,-0.204
1786014748,464496681,16.258,robot_2,-2.309,1.523
1786014748,464515422,16.258,robot_1,2.541,3.621
1786014748,684577007,16.478,robot_0,-2.824,-0.257
1786014748,684616483,16.478,robot_2,-2.273,1.538
1786014748,684635322,16.478,robot_1,2.607,3.627
1786014748,885492522,16.679,robot_0,-2.788,-0.305
1786014748,885546553,16.679,robot_2,-2.217,1.561
1786014748,885565241,16.679,robot_1,2.630,3.629
1786014749,85980165,16.879,robot_0,-2.752,-0.353
1786014749,86013213,16.879,robot_2,-2.162,1.584
1786014749,86028250,16.879,robot_1,2.621,3.628
1786014749,305071274,17.098,robot_0,-2.717,-0.400
1786014749,305114096,17.098,robot_2,-2.101,1.610
1786014749,305132181,17.098,robot_1,2.577,3.624
1786014749,525124466,17.318,robot_0,-2.691,-0.435
1786014749,525149333,17.318,robot_2,-2.041,1.636
1786014749,525157462,17.318,robot_1,2.550,3.622
1786014749,744469604,17.538,robot_0,-2.664,-0.470
1786014749,744495614,17.538,robot_2,-1.980,1.662
1786014749,744516970,17.538,robot_1,2.548,3.622
1786014749,945180127,17.738,robot_0,-2.639,-0.501
1786014749,945203110,17.738,robot_2,-1.925,1.685
1786014749,945211368,17.738,robot_1,2.510,3.622
1786014750,164288050,17.957,robot_0,-2.611,-0.535
1786014750,164309761,17.957,robot_2,-1.895,1.698
1786014750,164318210,17.957,robot_1,2.471,3.623
1786014750,365737559,18.159,robot_0,-2.585,-0.566
1786014750,365785887,18.159,robot_2,-1.866,1.714
1786014750,365805132,18.159,robot_1,2.466,3.622
1786014750,585273825,18.378,robot_0,-2.547,-0.612
1786014750,585299471,18.378,robot_2,-1.808,1.746
1786014750,585308249,18.378,robot_1,2.422,3.619
1786014750,805659851,18.599,robot_0,-2.510,-0.657
1786014750,805699240,18.599,robot_2,-1.751,1.779
1786014750,805717646,18.599,robot_1,2.392,3.616
1786014751,25530448,18.819,robot_0,-2.481,-0.691
1786014751,25573901,18.819,robot_2,-1.738,1.786
1786014751,25593015,18.819,robot_1,2.446,3.621
1786014751,245491960,19.039,robot_0,-2.440,-0.741
1786014751,245522186,19.039,robot_2,-1.692,1.819
1786014751,245530743,19.039,robot_1,2.458,3.622
1786014751,464351696,19.257,robot_0,-2.406,-0.781
1786014751,464376578,19.257,robot_2,-1.638,1.858
1786014751,464385147,19.257,robot_1,2.458,3.622
1786014751,684552333,19.478,robot_0,-2.374,-0.819
1786014751,684580595,19.478,robot_2,-1.585,1.897
1786014751,684591948,19.478,robot_1,2.458,3.623
1786014751,903993675,19.697,robot_0,-2.332,-0.870
1786014751,904017253,19.697,robot_2,-1.532,1.936
1786014751,904025715,19.697,robot_1,2.458,3.623
1786014752,105860613,19.899,robot_0,-2.305,-0.902
1786014752,105895166,19.899,robot_2,-1.521,1.944
1786014752,105910236,19.899,robot_1,2.458,3.623
1786014752,324288488,20.117,robot_0,-2.271,-0.944
1786014752,324327630,20.117,robot_2,-1.482,1.978
1786014752,324346459,20.117,robot_1,2.458,3.624
1786014752,525001020,20.318,robot_0,-2.233,-0.990
1786014752,525042715,20.318,robot_2,-1.454,2.004
1786014752,525061784,20.318,robot_1,2.458,3.624
1786014752,744894895,20.538,robot_0,-2.191,-1.041
1786014752,744936978,20.538,robot_2,-1.454,2.004
1786014752,744947644,20.538,robot_1,2.458,3.624
1786014752,963677259,20.757,robot_0,-2.148,-1.092
1786014752,963707852,20.757,robot_2,-1.437,2.031
1786014752,963716145,20.757,robot_1,2.458,3.623
1786014753,164406838,20.958,robot_0,-2.112,-1.135
1786014753,164445196,20.958,robot_2,-1.409,2.084
1786014753,164463361,20.958,robot_1,2.458,3.623
1786014753,364747644,21.158,robot_0,-2.087,-1.166
1786014753,364790660,21.158,robot_2,-1.383,2.138
1786014753,364809863,21.158,robot_1,2.458,3.623
1786014753,564826728,21.358,robot_0,-2.061,-1.197
1786014753,564866607,21.358,robot_2,-1.356,2.192
1786014753,564884257,21.358,robot_1,2.458,3.622
1786014753,765540960,21.559,robot_0,-2.036,-1.227
1786014753,765579242,21.559,robot_2,-1.333,2.240
1786014753,765596026,21.559,robot_1,2.458,3.622
1786014753,984365098,21.777,robot_0,-2.008,-1.261
1786014753,984388395,21.778,robot_2,-1.331,2.242
1786014753,984397788,21.778,robot_1,2.458,3.622
1786014754,185227479,21.978,robot_0,-1.973,-1.304
1786014754,185260645,21.978,robot_2,-1.331,2.242
1786014754,185267554,21.978,robot_1,2.459,3.621
1786014754,385494380,22.179,robot_0,-1.938,-1.346
1786014754,385535466,22.179,robot_2,-1.330,2.252
1786014754,385554290,22.179,robot_1,2.459,3.621
1786014754,585648920,22.379,robot_0,-1.912,-1.377
1786014754,585690331,22.379,robot_2,-1.332,2.310
1786014754,585707667,22.379,robot_1,2.459,3.621
1786014754,805249029,22.598,robot_0,-1.885,-1.411
1786014754,805304948,22.598,robot_2,-1.334,2.330
1786014754,805326676,22.598,robot_1,2.459,3.621
1786014755,5595057,22.799,robot_0,-1.854,-1.448
1786014755,5640877,22.799,robot_2,-1.333,2.330
1786014755,5661079,22.799,robot_1,2.460,3.621
1786014755,224354690,23.017,robot_0,-1.812,-1.499
1786014755,224390458,23.018,robot_2,-1.334,2.332
1786014755,224406496,23.018,robot_1,2.460,3.621
1786014755,424818857,23.218,robot_0,-1.774,-1.545
1786014755,424859226,23.218,robot_2,-1.361,2.372
1786014755,424877363,23.218,robot_1,2.460,3.621
1786014755,624938206,23.418,robot_0,-1.742,-1.584
1786014755,624991467,23.418,robot_2,-1.383,2.403
1786014755,625016734,23.418,robot_1,2.461,3.621
1786014755,844396059,23.638,robot_0,-1.714,-1.618
1786014755,844421505,23.638,robot_2,-1.383,2.403
1786014755,844430426,23.638,robot_1,2.461,3.621
1786014756,45055238,23.838,robot_0,-1.689,-1.649
1786014756,45102003,23.838,robot_2,-1.384,2.403
1786014756,45122829,23.838,robot_1,2.449,3.644
1786014756,245399963,24.039,robot_0,-1.656,-1.689
1786014756,245446664,24.039,robot_2,-1.384,2.402
1786014756,245471572,24.039,robot_1,2.423,3.695
1786014756,463664144,24.257,robot_0,-1.616,-1.737
1786014756,463686689,24.257,robot_2,-1.384,2.402
1786014756,463694927,24.257,robot_1,2.418,3.706
1786014756,684892010,24.478,robot_0,-1.588,-1.771
1786014756,684916591,24.478,robot_2,-1.384,2.402
1786014756,684926305,24.478,robot_1,2.396,3.764
1786014756,904561292,24.698,robot_0,-1.549,-1.818
1786014756,904590057,24.698,robot_2,-1.384,2.402
1786014756,904602033,24.698,robot_1,2.373,3.826
1786014757,124823566,24.918,robot_0,-1.507,-1.869
1786014757,124858076,24.918,robot_2,-1.384,2.403
1786014757,124874242,24.918,robot_1,2.357,3.870
1786014757,344062535,25.137,robot_0,-1.466,-1.919
1786014757,344088576,25.137,robot_2,-1.383,2.403
1786014757,344099165,25.137,robot_1,2.350,3.893
1786014757,544360873,25.337,robot_0,-1.441,-1.950
1786014757,544389402,25.338,robot_2,-1.383,2.403
1786014757,544402775,25.338,robot_1,2.335,3.952
1786014757,744642460,25.538,robot_0,-1.408,-1.990
1786014757,744668186,25.538,robot_2,-1.383,2.403
1786014757,744677923,25.538,robot_1,2.321,4.010
1786014757,944767338,25.738,robot_0,-1.370,-2.036
1786014757,944804601,25.738,robot_2,-1.383,2.404
1786014757,944812205,25.738,robot_1,2.313,4.044
1786014758,144870527,25.938,robot_0,-1.332,-2.082
1786014758,144905239,25.938,robot_2,-1.383,2.404
1786014758,144922926,25.938,robot_1,2.313,4.044
1786014758,363792494,26.157,robot_0,-1.290,-2.133
1786014758,363813536,26.157,robot_2,-1.383,2.404
1786014758,363823290,26.157,robot_1,2.313,4.044
1786014758,564070421,26.357,robot_0,-1.254,-2.177
1786014758,564107476,26.357,robot_2,-1.383,2.405
1786014758,564125167,26.357,robot_1,2.306,4.074
1786014758,764985333,26.558,robot_0,-1.228,-2.208
1786014758,765025328,26.558,robot_2,-1.383,2.405
1786014758,765038757,26.558,robot_1,2.292,4.132
1786014758,984801796,26.778,robot_0,-1.200,-2.242
1786014758,984837480,26.778,robot_2,-1.383,2.405
1786014758,984854361,26.778,robot_1,2.276,4.196
1786014759,204622779,26.998,robot_0,-1.172,-2.276
1786014759,204646118,26.998,robot_2,-1.384,2.406
1786014759,204654734,26.998,robot_1,2.271,4.218
1786014759,424335034,27.217,robot_0,-1.144,-2.310
1786014759,424358734,27.217,robot_2,-1.384,2.406
1786014759,424367371,27.217,robot_1,2.271,4.218
1786014759,624901362,27.418,robot_0,-1.119,-2.340
1786014759,624945146,27.418,robot_2,-1.384,2.406
1786014759,624970452,27.418,robot_1,2.271,4.219
1786014759,844452408,27.638,robot_0,-1.091,-2.374
1786014759,844478504,27.638,robot_2,-1.385,2.406
1786014759,844489628,27.638,robot_1,2.272,4.219
1786014760,44563309,27.838,robot_0,-1.065,-2.405
1786014760,44586287,27.838,robot_2,-1.385,2.402
1786014760,44594610,27.838,robot_1,2.272,4.219
1786014760,245173353,28.038,robot_0,-1.040,-2.436
1786014760,245214930,28.038,robot_2,-1.393,2.348
1786014760,245234124,28.038,robot_1,2.272,4.219
1786014760,465588990,28.259,robot_0,-1.003,-2.480
1786014760,465640865,28.259,robot_2,-1.398,2.316
1786014760,465667601,28.259,robot_1,2.272,4.220
1786014760,685118855,28.478,robot_0,-0.961,-2.531
1786014760,685157221,28.478,robot_2,-1.398,2.316
1786014760,685166365,28.478,robot_1,2.272,4.220
1786014760,885639981,28.679,robot_0,-0.923,-2.578
1786014760,885691676,28.679,robot_2,-1.393,2.279
1786014760,885717448,28.679,robot_1,2.272,4.220
1786014761,104276678,28.897,robot_0,-0.892,-2.615
1786014761,104302299,28.897,robot_2,-1.383,2.229
1786014761,104312812,28.897,robot_1,2.272,4.221
1786014761,306231095,29.099,robot_0,-0.862,-2.652
1786014761,306278101,29.099,robot_2,-1.378,2.215
1786014761,306298668,29.099,robot_1,2.272,4.221
1786014761,524854567,29.318,robot_0,-0.820,-2.703
1786014761,524879082,29.318,robot_2,-1.356,2.154
1786014761,524886773,29.318,robot_1,2.271,4.221
1786014761,744114225,29.537,robot_0,-0.778,-2.754
1786014761,744137519,29.537,robot_2,-1.352,2.145
1786014761,744146004,29.537,robot_1,2.271,4.222
1786014761,963889114,29.757,robot_0,-0.745,-2.794
1786014761,963912297,29.757,robot_2,-1.349,2.140
1786014761,963920432,29.757,robot_1,2.271,4.222
1786014762,184559931,29.978,robot_0,-0.717,-2.828
1786014762,184589943,29.978,robot_2,-1.310,2.092
1786014762,184604721,29.978,robot_1,2.271,4.222
1786014762,384652766,30.178,robot_0,-0.691,-2.859
1786014762,384687939,30.178,robot_2,-1.270,2.048
1786014762,384698958,30.178,robot_1,2.270,4.222
1786014762,604410630,30.398,robot_0,-0.683,-2.869
1786014762,604435753,30.398,robot_2,-1.236,2.011
1786014762,604445951,30.398,robot_1,2.270,4.222
1786014762,805278731,30.598,robot_0,-0.683,-2.869
1786014762,805333469,30.598,robot_2,-1.236,2.011
1786014762,805355206,30.598,robot_1,2.270,4.222
1786014763,23936236,30.817,robot_0,-0.683,-2.869
1786014763,23959273,30.817,robot_2,-1.219,1.999
1786014763,23975264,30.817,robot_1,2.269,4.222
1786014763,224508071,31.018,robot_0,-0.683,-2.869
1786014763,224536339,31.018,robot_2,-1.168,1.971
1786014763,224547901,31.018,robot_1,2.269,4.221
1786014763,444829895,31.238,robot_0,-0.684,-2.870
1786014763,444859918,31.238,robot_2,-1.157,1.965
1786014763,444871976,31.238,robot_1,2.269,4.221
1786014763,644927320,31.438,robot_0,-0.684,-2.870
1786014763,644962966,31.438,robot_2,-1.106,1.947
1786014763,645041527,31.438,robot_1,2.271,4.219
1786014763,864248404,31.657,robot_0,-0.684,-2.871
1786014763,864276667,31.657,robot_2,-1.043,1.927
1786014763,864285881,31.657,robot_1,2.316,4.182
1786014764,84597078,31.878,robot_0,-0.684,-2.871
1786014764,84633342,31.878,robot_2,-0.991,1.910
1786014764,84665897,31.878,robot_1,2.354,4.150
1786014764,284623556,32.078,robot_0,-0.684,-2.871
1786014764,284662670,32.078,robot_2,-0.990,1.909
1786014764,284684231,32.078,robot_1,2.388,4.118
1786014764,484748851,32.278,robot_0,-0.683,-2.872
1786014764,484770382,32.278,robot_2,-0.990,1.909
1786014764,484779617,32.278,robot_1,2.429,4.075
1786014764,704380882,32.498,robot_0,-0.683,-2.872
1786014764,704410517,32.498,robot_2,-0.990,1.909
1786014764,704420137,32.498,robot_1,2.474,4.027
1786014764,904698834,32.698,robot_0,-0.683,-2.872
1786014764,904734313,32.698,robot_2,-0.990,1.908
1786014764,904751988,32.698,robot_1,2.510,3.989
1786014765,104749875,32.898,robot_0,-0.682,-2.873
1786014765,104779542,32.898,robot_2,-0.990,1.908
1786014765,104793293,32.898,robot_1,2.536,3.959
1786014765,325135452,33.118,robot_0,-0.682,-2.873
1786014765,325160276,33.118,robot_2,-0.973,1.921
1786014765,325169803,33.118,robot_1,2.542,3.953
1786014765,543593116,33.337,robot_0,-0.681,-2.873
1786014765,543614364,33.337,robot_2,-0.925,1.965
1786014765,543622341,33.337,robot_1,2.542,3.953
1786014765,744069340,33.537,robot_0,-0.681,-2.873
1786014765,744090896,33.537,robot_2,-0.881,2.006
1786014765,744108318,33.537,robot_1,2.542,3.953
1786014765,944534360,33.738,robot_0,-0.681,-2.873
1786014765,944566426,33.738,robot_2,-0.838,2.048
1786014765,944581489,33.738,robot_1,2.541,3.953
1786014766,163878115,33.957,robot_0,-0.680,-2.873
1786014766,163910219,33.957,robot_2,-0.796,2.089
1786014766,163920272,33.957,robot_1,2.541,3.953
1786014766,363978498,34.157,robot_0,-0.680,-2.872
1786014766,364015810,34.157,robot_2,-0.790,2.096
1786014766,364032662,34.157,robot_1,2.541,3.953
1786014766,583739773,34.377,robot_0,-0.679,-2.872
1786014766,583760345,34.377,robot_2,-0.749,2.144
1786014766,583768262,34.377,robot_1,2.541,3.952
1786014766,784421651,34.578,robot_0,-0.679,-2.872
1786014766,784456382,34.578,robot_2,-0.711,2.191
1786014766,784473762,34.578,robot_1,2.541,3.952
1786014766,985223088,34.778,robot_0,-0.679,-2.871
1786014766,985255474,34.778,robot_2,-0.673,2.237
1786014766,985268890,34.778,robot_1,2.541,3.952
1786014767,185343275,34.978,robot_0,-0.685,-2.868
1786014767,185375414,34.978,robot_2,-0.635,2.284
1786014767,185383859,34.978,robot_1,2.541,3.951
1786014767,404636078,35.198,robot_0,-0.743,-2.842
1786014767,404660535,35.198,robot_2,-0.622,2.299
1786014767,404669055,35.198,robot_1,2.541,3.951
1786014767,604708545,35.398,robot_0,-0.798,-2.818
1786014767,604745875,35.398,robot_2,-0.597,2.337
1786014767,604762487,35.398,robot_1,2.541,3.951
1786014767,823605424,35.617,robot_0,-0.850,-2.794
1786014767,823627907,35.617,robot_2,-0.573,2.374
1786014767,823635117,35.617,robot_1,2.542,3.951
1786014768,24820219,35.818,robot_0,-0.885,-2.776
1786014768,24844383,35.818,robot_2,-0.563,2.393
1786014768,24853507,35.818,robot_1,2.542,3.950
1786014768,243758700,36.037,robot_0,-0.941,-2.742
1786014768,243781621,36.037,robot_2,-0.535,2.449
1786014768,243790104,36.037,robot_1,2.542,3.950
1786014768,445274758,36.238,robot_0,-0.981,-2.716
1786014768,445299099,36.238,robot_2,-0.533,2.454
1786014768,445308094,36.238,robot_1,2.543,3.950
1786014768,664173315,36.457,robot_0,-1.019,-2.688
1786014768,664195526,36.457,robot_2,-0.533,2.454
1786014768,664204563,36.457,robot_1,2.543,3.950
1786014768,864562096,36.658,robot_0,-1.065,-2.649
1786014768,864606681,36.658,robot_2,-0.532,2.460
1786014768,864632324,36.658,robot_1,2.543,3.950
1786014769,64589704,36.858,robot_0,-1.099,-2.617
1786014769,64617157,36.858,robot_2,-0.534,2.516
1786014769,64626684,36.858,robot_1,2.536,3.981
1786014769,284662586,37.078,robot_0,-1.130,-2.586
1786014769,284686281,37.078,robot_2,-0.535,2.542
1786014769,284695626,37.078,robot_1,2.521,4.039
1786014769,505138774,37.298,robot_0,-1.154,-2.552
1786014769,505158549,37.298,robot_2,-0.535,2.542
1786014769,505166787,37.298,robot_1,2.512,4.082
1786014769,724513108,37.518,robot_0,-1.171,-2.512
1786014769,724537680,37.518,robot_2,-0.555,2.588
1786014769,724546141,37.518,robot_1,2.510,4.090
1786014769,924599967,37.718,robot_0,-1.181,-2.473
1786014769,924637417,37.718,robot_2,-0.582,2.641
1786014769,924655036,37.718,robot_1,2.510,4.090
1786014770,145158203,37.938,robot_0,-1.187,-2.429
1786014770,145190174,37.938,robot_2,-0.611,2.697
1786014770,145204129,37.938,robot_1,2.510,4.090
1786014770,364505422,38.158,robot_0,-1.186,-2.385
1786014770,364526534,38.158,robot_2,-0.614,2.702
1786014770,364534781,38.158,robot_1,2.511,4.090
1786014770,584725721,38.378,robot_0,-1.182,-2.326
1786014770,584755572,38.378,robot_2,-0.620,2.709
1786014770,584770394,38.378,robot_1,2.511,4.090
1786014770,804328359,38.597,robot_0,-1.177,-2.260
1786014770,804351410,38.597,robot_2,-0.666,2.754
1786014770,804360482,38.597,robot_1,2.511,4.090
1786014771,25001131,38.818,robot_0,-1.173,-2.194
1786014771,25035894,38.818,robot_2,-0.715,2.798
1786014771,25049331,38.818,robot_1,2.511,4.090
1786014771,245047898,39.038,robot_0,-1.168,-2.128
1786014771,245075802,39.038,robot_2,-0.765,2.842
1786014771,245089403,39.038,robot_1,2.512,4.091
1786014771,464706424,39.258,robot_0,-1.163,-2.063
1786014771,464745931,39.258,robot_2,-0.810,2.882
1786014771,464763922,39.258,robot_1,2.512,4.091
1786014771,684286990,39.477,robot_0,-1.158,-2.002
1786014771,684312629,39.477,robot_2,-0.844,2.910
1786014771,684321669,39.477,robot_1,2.512,4.091
1786014771,886152307,39.679,robot_0,-1.156,-1.962
1786014771,886249635,39.679,robot_2,-0.877,2.932
1786014771,886273165,39.679,robot_1,2.512,4.092
1786014772,104129489,39.897,robot_0,-1.156,-1.918
1786014772,104154982,39.897,robot_2,-0.924,2.956
1786014772,104165147,39.897,robot_1,2.512,4.092
1786014772,305026293,40.098,robot_0,-1.158,-1.871
1786014772,305071898,40.098,robot_2,-0.979,2.980
1786014772,305091508,40.098,robot_1,2.512,4.092
1786014772,525255159,40.318,robot_0,-1.162,-1.805
1786014772,525294090,40.318,robot_2,-1.021,2.997
1786014772,525310044,40.318,robot_1,2.511,4.093
1786014772,745406062,40.539,robot_0,-1.165,-1.761
1786014772,745444684,40.539,robot_2,-1.075,3.014
1786014772,745478285,40.539,robot_1,2.511,4.093
1786014772,963929412,40.757,robot_0,-1.170,-1.703
1786014772,963954391,40.757,robot_2,-1.133,3.032
1786014772,963963447,40.757,robot_1,2.511,4.093
1786014773,184735840,40.978,robot_0,-1.175,-1.643
1786014773,184757396,40.978,robot_2,-1.175,3.044
1786014773,184767848,40.978,robot_1,2.510,4.093
1786014773,404304980,41.197,robot_0,-1.180,-1.599
1786014773,404336756,41.197,robot_2,-1.236,3.062
1786014773,404348572,41.197,robot_1,2.510,4.093
1786014773,604572471,41.398,robot_0,-1.184,-1.560
1786014773,604598055,41.398,robot_2,-1.285,3.076
1786014773,604605452,41.398,robot_1,2.510,4.093
1786014773,805132478,41.598,robot_0,-1.189,-1.520
1786014773,805180463,41.598,robot_2,-1.323,3.087
1786014773,805190058,41.598,robot_1,2.507,4.060
1786014774,25031199,41.818,robot_0,-1.195,-1.476
1786014774,25054883,41.818,robot_2,-1.386,3.105
1786014774,25063229,41.818,robot_1,2.505,4.017
1786014774,225103347,42.018,robot_0,-1.201,-1.437
1786014774,225138496,42.018,robot_2,-1.433,3.119
1786014774,225155726,42.018,robot_1,2.504,3.977
1786014774,444494197,42.238,robot_0,-1.207,-1.393
1786014774,444517393,42.238,robot_2,-1.475,3.131
1786014774,444525057,42.238,robot_1,2.504,3.933
1786014774,664175999,42.457,robot_0,-1.214,-1.350
1786014774,664203566,42.457,robot_2,-1.517,3.143
1786014774,664214172,42.457,robot_1,2.503,3.874
1786014774,885066374,42.678,robot_0,-1.221,-1.306
1786014774,885088733,42.678,robot_2,-1.576,3.160
1786014774,885097367,42.678,robot_1,2.503,3.815
1786014775,85405883,42.879,robot_0,-1.229,-1.251
1786014775,85434199,42.879,robot_2,-1.627,3.175
1786014775,85445097,42.879,robot_1,2.503,3.775
1786014775,305310730,43.098,robot_0,-1.239,-1.186
1786014775,305345081,43.098,robot_2,-1.669,3.187
1786014775,305360574,43.098,robot_1,2.503,3.712
1786014775,524906800,43.318,robot_0,-1.249,-1.121
1786014775,524943229,43.318,robot_2,-1.711,3.199
1786014775,524959912,43.318,robot_1,2.502,3.657
1786014775,745048961,43.538,robot_0,-1.260,-1.056
1786014775,745086738,43.538,robot_2,-1.767,3.215
1786014775,745104246,43.538,robot_1,2.502,3.610
1786014775,964457802,43.758,robot_0,-1.270,-0.990
1786014775,964485506,43.758,robot_2,-1.830,3.233
1786014775,964491808,43.758,robot_1,2.501,3.544
1786014776,165068914,43.958,robot_0,-1.278,-0.935
1786014776,165109606,43.958,robot_2,-1.888,3.249
1786014776,165128032,43.958,robot_1,2.501,3.484
1786014776,385295206,44.178,robot_0,-1.285,-0.891
1786014776,385333313,44.178,robot_2,-1.951,3.267
1786014776,385350203,44.178,robot_1,2.500,3.418
1786014776,604458548,44.398,robot_0,-1.294,-0.830
1786014776,604491828,44.398,robot_2,-2.006,3.283
1786014776,604517048,44.398,robot_1,2.500,3.352
1786014776,805074785,44.598,robot_0,-1.304,-0.771
1786014776,805116498,44.598,robot_2,-2.044,3.294
1786014776,805135575,44.598,robot_1,2.499,3.292
1786014777,25235573,44.818,robot_0,-1.313,-0.706
1786014777,25260777,44.818,robot_2,-2.086,3.306
1786014777,25268856,44.818,robot_1,2.499,3.237
1786014777,244989321,45.038,robot_0,-1.320,-0.662
1786014777,245031843,45.038,robot_2,-2.129,3.318
1786014777,245054517,45.038,robot_1,2.498,3.193
1786014777,464257544,45.257,robot_0,-1.329,-0.605
1786014777,464279101,45.257,robot_2,-2.176,3.332
1786014777,464287060,45.257,robot_1,2.498,3.149
1786014777,664702562,45.458,robot_0,-1.338,-0.546
1786014777,664734042,45.458,robot_2,-2.234,3.348
1786014777,664748152,45.458,robot_1,2.497,3.094
1786014777,864883444,45.658,robot_0,-1.347,-0.486
1786014777,864921231,45.658,robot_2,-2.277,3.360
1786014777,864939259,45.658,robot_1,2.496,3.034
1786014778,65106316,45.858,robot_0,-1.354,-0.440
1786014778,65134640,45.858,robot_2,-2.321,3.373
1786014778,65146899,45.858,robot_1,2.495,2.974
1786014778,284824202,46.078,robot_0,-1.360,-0.397
1786014778,284858314,46.078,robot_2,-2.384,3.391
1786014778,284870946,46.078,robot_1,2.494,2.908
1786014778,504602038,46.298,robot_0,-1.367,-0.353
1786014778,504627174,46.298,robot_2,-2.447,3.409
1786014778,504636220,46.298,robot_1,2.494,2.851
1786014778,725156416,46.518,robot_0,-1.376,-0.290
1786014778,725194628,46.518,robot_2,-2.500,3.424
1786014778,725211456,46.518,robot_1,2.493,2.806
1786014778,944498445,46.738,robot_0,-1.385,-0.225
1786014778,944534241,46.738,robot_2,-2.546,3.437
1786014778,944550378,46.738,robot_1,2.492,2.740
1786014779,146142438,46.939,robot_0,-1.394,-0.167
1786014779,146181505,46.939,robot_2,-2.603,3.454
1786014779,146199469,46.939,robot_1,2.491,2.693
1786014779,363907229,47.157,robot_0,-1.400,-0.124
1786014779,363930842,47.157,robot_2,-2.633,3.462
1786014779,363938693,47.157,robot_1,2.490,2.644
1786014779,564946334,47.358,robot_0,-1.406,-0.084
1786014779,565018525,47.358,robot_2,-2.627,3.460
1786014779,565066824,47.358,robot_1,2.489,2.584
1786014779,785673865,47.579,robot_0,-1.413,-0.035
1786014779,785725912,47.579,robot_2,-2.584,3.448
1786014779,785758179,47.579,robot_1,2.488,2.518
1786014780,4753492,47.798,robot_0,-1.423,0.030
1786014780,4805500,47.798,robot_2,-2.557,3.440
1786014780,4818767,47.798,robot_1,2.488,2.461
1786014780,224735121,48.018,robot_0,-1.430,0.076
1786014780,224766455,48.018,robot_2,-2.557,3.440
1786014780,224781565,48.018,robot_1,2.487,2.417
1786014780,444319405,48.237,robot_0,-1.438,0.131
1786014780,444346132,48.237,robot_2,-2.557,3.440
1786014780,444358524,48.237,robot_1,2.486,2.373
1786014780,644948203,48.438,robot_0,-1.446,0.190
1786014780,644977765,48.438,robot_2,-2.557,3.440
1786014780,644986818,48.438,robot_1,2.485,2.320
1786014780,864827546,48.658,robot_0,-1.456,0.256
1786014780,864860010,48.658,robot_2,-2.557,3.440
1786014780,864874085,48.658,robot_1,2.484,2.259
1786014781,85116681,48.878,robot_0,-1.463,0.306
1786014781,85141199,48.878,robot_2,-2.557,3.441
1786014781,85149711,48.878,robot_1,2.483,2.215
1786014781,285442771,49.079,robot_0,-1.469,0.345
1786014781,285480370,49.079,robot_2,-2.557,3.441
1786014781,285495061,49.079,robot_1,2.482,2.158
1786014781,504554949,49.298,robot_0,-1.476,0.389
1786014781,504594053,49.298,robot_2,-2.557,3.441
1786014781,504611663,49.298,robot_1,2.481,2.101
1786014781,723844445,49.517,robot_0,-1.485,0.452
1786014781,723867559,49.517,robot_2,-2.557,3.442
1786014781,723874888,49.517,robot_1,2.480,2.056
1786014781,924774281,49.718,robot_0,-1.493,0.511
1786014781,924817529,49.718,robot_2,-2.557,3.442
1786014781,924834828,49.718,robot_1,2.479,1.996
1786014782,145093187,49.938,robot_0,-1.503,0.575
1786014782,145116927,49.938,robot_2,-2.557,3.442
1786014782,145125254,49.938,robot_1,2.478,1.930
1786014782,364312600,50.157,robot_0,-1.509,0.618
1786014782,364350088,50.157,robot_2,-2.558,3.442
1786014782,364367997,50.157,robot_1,2.477,1.869
1786014782,584836756,50.378,robot_0,-1.516,0.662
1786014782,584859053,50.378,robot_2,-2.558,3.442
1786014782,584867305,50.378,robot_1,2.476,1.825
1786014782,785103967,50.578,robot_0,-1.522,0.707
1786014782,785151707,50.578,robot_2,-2.558,3.442
1786014782,785172505,50.578,robot_1,2.475,1.768
1786014783,4031491,50.797,robot_0,-1.532,0.772
1786014783,4063994,50.797,robot_2,-2.559,3.442
1786014783,4080788,50.797,robot_1,2.474,1.711
1786014783,204357959,50.997,robot_0,-1.541,0.832
1786014783,204382122,50.997,robot_2,-2.559,3.442
1786014783,204390627,50.998,robot_1,2.474,1.671
1786014783,425577195,51.219,robot_0,-1.549,0.887
1786014783,425612158,51.219,robot_2,-2.559,3.442
1786014783,425628841,51.219,robot_1,2.473,1.627
1786014783,644661323,51.438,robot_0,-1.555,0.932
1786014783,644686947,51.438,robot_2,-2.560,3.442
1786014783,644698562,51.438,robot_1,2.472,1.583
1786014783,863776532,51.657,robot_0,-1.565,0.998
1786014783,863809561,51.657,robot_2,-2.560,3.442
1786014783,863818749,51.657,robot_1,2.471,1.534
1786014784,64508247,51.858,robot_0,-1.572,1.044
1786014784,64544896,51.858,robot_2,-2.560,3.441
1786014784,64558417,51.858,robot_1,2.470,1.474
1786014784,264880258,52.058,robot_0,-1.577,1.083
1786014784,264915090,52.058,robot_2,-2.536,3.429
1786014784,264932189,52.058,robot_1,2.469,1.414
1786014784,485501739,52.279,robot_0,-1.584,1.127
1786014784,485543516,52.279,robot_2,-2.493,3.403
1786014784,485566385,52.279,robot_1,2.468,1.355
1786014784,704196726,52.497,robot_0,-1.590,1.170
1786014784,704221124,52.497,robot_2,-2.440,3.365
1786014784,704228919,52.497,robot_1,2.468,1.311
1786014784,924671447,52.718,robot_0,-1.597,1.214
1786014784,924705142,52.718,robot_2,-2.388,3.324
1786014784,924720406,52.718,robot_1,2.467,1.267
1786014785,125727990,52.919,robot_0,-1.602,1.254
1786014785,125777746,52.919,robot_2,-2.349,3.295
1786014785,125802794,52.919,robot_1,2.466,1.227
1786014785,345558444,53.139,robot_0,-1.612,1.318
1786014785,345602907,53.139,robot_2,-2.315,3.264
1786014785,345623162,53.139,robot_1,2.465,1.180
1786014785,564906058,53.358,robot_0,-1.622,1.384
1786014785,564947059,53.358,robot_2,-2.271,3.216
1786014785,564974511,53.358,robot_1,2.464,1.114
1786014785,783917206,53.577,robot_0,-1.631,1.449
1786014785,783940498,53.577,robot_2,-2.254,3.196
1786014785,783954748,53.577,robot_1,2.463,1.065
1786014785,985987325,53.779,robot_0,-1.640,1.508
1786014785,986015117,53.779,robot_2,-2.271,3.221
1786014785,986026861,53.779,robot_1,2.463,1.025
1786014786,204044287,53.997,robot_0,-1.649,1.574
1786014786,204074509,53.997,robot_2,-2.295,3.258
1786014786,204085813,53.997,robot_1,2.462,0.981
1786014786,404346202,54.197,robot_0,-1.657,1.626
1786014786,404385580,54.198,robot_2,-2.298,3.263
1786014786,404403570,54.198,robot_1,2.461,0.941
1786014786,604346705,54.397,robot_0,-1.663,1.665
1786014786,604380399,54.397,robot_2,-2.319,3.289
1786014786,604396547,54.398,robot_1,2.461,0.901
1786014786,805120545,54.598,robot_0,-1.671,1.722
1786014786,805160222,54.598,robot_2,-2.344,3.320
1786014786,805178838,54.598,robot_1,2.460,0.861
1786014787,99363086,54.892,robot_0,-0.649,0.183
1786014787,99439138,54.893,robot_2,-2.348,3.324
1786014787,99461847,54.893,robot_1,2.459,0.821
1786014787,299523759,55.093,robot_0,-0.649,0.183
1786014787,299548155,55.093,robot_2,-2.357,3.332
1786014787,299558246,55.093,robot_1,2.458,0.760
1786014787,499809731,55.293,robot_0,-0.649,0.183
1786014787,499835181,55.293,robot_2,-2.389,3.356
1786014787,499845369,55.293,robot_1,2.457,0.700
1786014787,701008385,55.494,robot_0,-0.649,0.183
1786014787,701044686,55.494,robot_2,-2.412,3.371
1786014787,701062529,55.494,robot_1,2.456,0.640
1786014787,919770183,55.713,robot_0,-0.649,0.183
1786014787,919810332,55.713,robot_2,-2.412,3.371
1786014787,919828671,55.713,robot_1,2.455,0.595
1786014788,119822754,55.913,robot_0,-0.649,0.183
1786014788,119860909,55.913,robot_2,-2.412,3.371
1786014788,119880790,55.913,robot_1,2.455,0.555
1786014788,339984767,56.133,robot_0,-0.649,0.183
1786014788,340024743,56.133,robot_2,-2.412,3.371
1786014788,340039367,56.133,robot_1,2.454,0.511
1786014788,540705235,56.334,robot_0,-0.649,0.183
1786014788,540753358,56.334,robot_2,-2.412,3.370
1786014788,540777753,56.334,robot_1,2.453,0.471
1786014788,759309795,56.552,robot_0,-0.649,0.183
1786014788,759334217,56.552,robot_2,-2.412,3.370
1786014788,759343179,56.552,robot_1,2.453,0.427
1786014788,959988444,56.753,robot_0,-0.649,0.183
1786014788,960042488,56.753,robot_2,-2.412,3.370
1786014788,960061195,56.753,robot_1,2.452,0.382
1786014789,179159692,56.972,robot_0,-0.649,0.183
1786014789,179181158,56.972,robot_2,-2.412,3.369
1786014789,179189447,56.972,robot_1,2.451,0.316
1786014789,380895929,57.174,robot_0,-0.649,0.183
1786014789,380935392,57.174,robot_2,-2.411,3.369
1786014789,380954205,57.174,robot_1,2.450,0.256
1786014789,600270447,57.393,robot_0,-0.649,0.183
1786014789,600299069,57.393,robot_2,-2.411,3.369
1786014789,600311385,57.393,robot_1,2.449,0.199
1786014789,819961743,57.613,robot_0,-0.649,0.183
1786014789,819990617,57.613,robot_2,-2.411,3.369
1786014789,819999332,57.613,robot_1,2.448,0.155
1786014790,20732990,57.814,robot_0,-0.649,0.183
1786014790,20785030,57.814,robot_2,-2.410,3.369
1786014790,20806455,57.814,robot_1,2.447,0.115
1786014790,240012169,58.033,robot_0,-0.649,0.183
1786014790,240061153,58.033,robot_2,-2.410,3.369
1786014790,240078538,58.033,robot_1,2.447,0.071
1786014790,439998062,58.233,robot_0,-0.649,0.183
1786014790,440028108,58.233,robot_2,-2.410,3.369
1786014790,440041591,58.233,robot_1,2.446,0.028
1786014790,640144666,58.433,robot_0,-0.649,0.183
1786014790,640170171,58.433,robot_2,-2.409,3.369
1786014790,640180804,58.433,robot_1,2.445,-0.032
1786014790,840330867,58.633,robot_0,-0.649,0.183
1786014790,840370777,58.633,robot_2,-2.409,3.369
1786014790,840390444,58.634,robot_1,2.444,-0.079
1786014791,59539585,58.853,robot_0,-0.649,0.183
1786014791,59565309,58.853,robot_2,-2.409,3.369
1786014791,59574525,58.853,robot_1,2.443,-0.123
1786014791,260195542,59.053,robot_0,-0.649,0.183
1786014791,260226705,59.053,robot_2,-2.409,3.370
1786014791,260242131,59.053,robot_1,2.443,-0.163
1786014791,480147361,59.273,robot_0,-0.649,0.183
1786014791,480192181,59.273,robot_2,-2.386,3.351
1786014791,480216028,59.273,robot_1,2.442,-0.207
1786014791,680153200,59.473,robot_0,-0.649,0.183
1786014791,680188405,59.473,robot_2,-2.355,3.326
1786014791,680204716,59.473,robot_1,2.441,-0.254
1786014791,880245605,59.673,robot_0,-0.649,0.183
1786014791,880268942,59.673,robot_2,-2.324,3.301
1786014791,880276934,59.673,robot_1,2.440,-0.313
1786014792,99869662,59.893,robot_0,-0.649,0.183
1786014792,99904748,59.893,robot_2,-2.300,3.281
1786014792,99922868,59.893,robot_1,2.439,-0.379
1786014792,320598497,60.114,robot_0,-0.649,0.183
1786014792,320625712,60.114,robot_2,-2.300,3.281
1786014792,320636790,60.114,robot_1,2.438,-0.445
1786014792,520662840,60.314,robot_0,-0.649,0.183
1786014792,520702391,60.314,robot_2,-2.300,3.281
1786014792,520721291,60.314,robot_1,2.437,-0.505
1786014792,740482619,60.534,robot_0,-0.649,0.183
1786014792,740534609,60.534,robot_2,-2.301,3.281
1786014792,740559720,60.534,robot_1,2.436,-0.571
1786014792,960347171,60.753,robot_0,-0.649,0.183
1786014792,960374396,60.753,robot_2,-2.301,3.281
1786014792,960386425,60.753,robot_1,2.435,-0.623
1786014793,180322721,60.973,robot_0,-0.649,0.183
1786014793,180359913,60.973,robot_2,-2.302,3.281
1786014793,180376597,60.973,robot_1,2.434,-0.667
1786014793,380443460,61.174,robot_0,-0.649,0.183
1786014793,380470610,61.174,robot_2,-2.302,3.281
1786014793,380480696,61.174,robot_1,2.434,-0.707
1786014793,599809044,61.393,robot_0,-0.649,0.183
1786014793,599845637,61.393,robot_2,-2.302,3.281
1786014793,599862590,61.393,robot_1,2.432,-0.769
1786014793,800222137,61.593,robot_0,-0.649,0.183
1786014793,800244929,61.593,robot_2,-2.303,3.281
1786014793,800253323,61.593,robot_1,2.432,-0.821
1786014794,496173,61.794,robot_0,-0.649,0.183
1786014794,529660,61.794,robot_2,-2.303,3.282
1786014794,543454,61.794,robot_1,2.431,-0.861
1786014794,219849792,62.013,robot_0,-0.649,0.183
1786014794,219888077,62.013,robot_2,-2.303,3.282
1786014794,219906945,62.013,robot_1,2.430,-0.905
1786014794,419896324,62.213,robot_0,-0.649,0.183
1786014794,419919686,62.213,robot_2,-2.260,3.306
1786014794,419928332,62.213,robot_1,2.429,-0.945
1786014794,619934761,62.413,robot_0,-0.649,0.183
1786014794,619975903,62.413,robot_2,-2.208,3.336
1786014794,619994508,62.413,robot_1,2.429,-0.986
1786014794,839760254,62.633,robot_0,-0.649,0.183
1786014794,839785434,62.633,robot_2,-2.150,3.368
1786014794,839797020,62.633,robot_1,2.428,-1.051
1786014795,40295681,62.833,robot_0,-0.649,0.183
1786014795,40334840,62.833,robot_2,-2.098,3.398
1786014795,40353057,62.833,robot_1,2.427,-1.111
1786014795,259796227,63.053,robot_0,-0.649,0.183
1786014795,259828524,63.053,robot_2,-2.041,3.430
1786014795,259841823,63.053,robot_1,2.426,-1.173
1786014795,479583463,63.273,robot_0,-0.649,0.183
1786014795,479605629,63.273,robot_2,-1.991,3.459
1786014795,479614108,63.273,robot_1,2.425,-1.217
1786014795,680707145,63.474,robot_0,-0.649,0.183
1786014795,680743474,63.474,robot_2,-1.989,3.459
1786014795,680761503,63.474,robot_1,2.424,-1.257
1786014795,900199608,63.693,robot_0,-0.649,0.183
1786014795,900241513,63.693,robot_2,-1.980,3.468
1786014795,900260753,63.693,robot_1,2.423,-1.309
1786014796,119946842,63.913,robot_0,-0.649,0.183
1786014796,120023679,63.913,robot_2,-1.937,3.515
1786014796,120067113,63.913,robot_1,2.422,-1.375
1786014796,339555713,64.133,robot_0,-0.649,0.183
1786014796,339584534,64.133,robot_2,-1.929,3.524
1786014796,339597639,64.133,robot_1,2.421,-1.441
1786014796,539807281,64.333,robot_0,-0.649,0.183
1786014796,539837770,64.333,robot_2,-1.929,3.524
1786014796,539851359,64.333,robot_1,2.420,-1.489
1786014796,760363250,64.553,robot_0,-0.649,0.183
1786014796,760388496,64.554,robot_2,-1.929,3.524
1786014796,760399549,64.554,robot_1,2.420,-1.537
1786014796,979806630,64.773,robot_0,-0.649,0.183
1786014796,979841779,64.773,robot_2,-1.928,3.532
1786014796,979858116,64.773,robot_1,2.418,-1.603
1786014797,180289439,64.973,robot_0,-0.649,0.183
1786014797,180313222,64.973,robot_2,-1.928,3.589
1786014797,180322907,64.973,robot_1,2.418,-1.647
1786014797,399596134,65.193,robot_0,-0.649,0.183
1786014797,399619304,65.193,robot_2,-1.929,3.612
1786014797,399627501,65.193,robot_1,2.417,-1.691
1786014797,600589076,65.394,robot_0,-0.649,0.183
1786014797,600628253,65.394,robot_2,-1.937,3.654
1786014797,600646545,65.394,robot_1,-1.267,-7.473
1786014797,820793853,65.614,robot_0,-0.649,0.183
1786014797,820839038,65.614,robot_2,-1.951,3.718
1786014797,820855557,65.614,robot_1,-1.260,-7.473
1786014798,40777718,65.834,robot_0,-0.649,0.183
1786014798,40814899,65.834,robot_2,-1.965,3.783
1786014798,40832705,65.834,robot_1,-1.260,-7.473
1786014798,241437682,66.035,robot_0,-0.649,0.183
1786014798,241481514,66.035,robot_2,-1.977,3.841
1786014798,241499060,66.035,robot_1,-1.260,-7.473
1786014798,459824471,66.253,robot_0,-0.649,0.183
1786014798,459859403,66.253,robot_2,-1.985,3.876
1786014798,459876138,66.253,robot_1,-1.260,-7.473
1786014798,679994840,66.473,robot_0,-0.649,0.183
1786014798,680028064,66.473,robot_2,-1.985,3.876
1786014798,680043999,66.473,robot_1,-1.260,-7.473
1786014798,881235529,66.674,robot_0,-0.649,0.183
1786014798,881258703,66.674,robot_2,-2.001,3.907
1786014798,881267299,66.674,robot_1,-1.260,-7.473
1786014799,99944952,66.893,robot_0,-0.649,0.183
1786014799,99987973,66.893,robot_2,-2.036,3.963
1786014799,100005511,66.893,robot_1,-1.260,-7.473
1786014799,320722895,67.114,robot_0,-0.649,0.183
1786014799,320751432,67.114,robot_2,-2.072,4.018
1786014799,320773001,67.114,robot_1,-1.260,-7.473
1786014799,539959540,67.333,robot_0,-0.649,0.183
1786014799,539993528,67.333,robot_2,-2.108,4.073
1786014799,540006060,67.333,robot_1,-1.260,-7.473
1786014799,760076925,67.553,robot_0,-0.649,0.183
1786014799,760107845,67.553,robot_2,-2.127,4.103
1786014799,760122413,67.553,robot_1,-1.260,-7.473
1786014799,960686626,67.754,robot_0,-0.649,0.183
1786014799,960731379,67.754,robot_2,-2.127,4.103
1786014799,960755401,67.754,robot_1,-1.260,-7.473
1786014800,180354571,67.973,robot_0,-0.649,0.183
1786014800,180396086,67.974,robot_2,-2.127,4.103
1786014800,180414038,67.974,robot_1,-1.260,-7.473
1786014800,399721411,68.193,robot_0,-0.649,0.183
1786014800,399744427,68.193,robot_2,-2.127,4.103
1786014800,399752527,68.193,robot_1,-1.260,-7.473
1786014800,599955093,68.393,robot_0,-0.649,0.183
1786014800,599997211,68.393,robot_2,-2.127,4.103
1786014800,600016821,68.393,robot_1,-1.260,-7.473
1786014800,800060604,68.593,robot_0,-0.649,0.183
1786014800,800096377,68.593,robot_2,-2.127,4.104
1786014800,800112555,68.593,robot_1,-1.260,-7.473
1786014801,510673,68.794,robot_0,-0.649,0.183
1786014801,534499,68.794,robot_2,-2.127,4.104
1786014801,544119,68.794,robot_1,-1.260,-7.473
1786014801,220028927,69.013,robot_0,-0.649,0.183
1786014801,220067111,69.013,robot_2,-2.127,4.104
1786014801,220085160,69.013,robot_1,-1.260,-7.473
1786014801,420460967,69.214,robot_0,-0.649,0.183
1786014801,420489682,69.214,robot_2,-2.127,4.105
1786014801,420501582,69.214,robot_1,-1.260,-7.473
1786014801,621939910,69.415,robot_0,-0.649,0.183
1786014801,621990354,69.415,robot_2,-2.127,4.105
1786014801,622011220,69.415,robot_1,-1.260,-7.473
1786014801,840133384,69.633,robot_0,-0.649,0.183
1786014801,840167273,69.633,robot_2,-2.127,4.105
1786014801,840183082,69.633,robot_1,-1.260,-7.473
1786014802,60233343,69.853,robot_0,-0.649,0.183
1786014802,60270036,69.853,robot_2,-2.128,4.105
1786014802,60286280,69.853,robot_1,-1.260,-7.473
1786014802,279893982,70.073,robot_0,-0.649,0.183
1786014802,279932955,70.073,robot_2,-2.128,4.106
1786014802,279950522,70.073,robot_1,-1.260,-7.473
1786014802,480218808,70.273,robot_0,-0.649,0.183
1786014802,480248854,70.273,robot_2,-2.128,4.106
1786014802,480262602,70.273,robot_1,-1.260,-7.473
1786014802,699579915,70.493,robot_0,-0.649,0.183
1786014802,699602767,70.493,robot_2,-2.129,4.106
1786014802,699611158,70.493,robot_1,-1.260,-7.473
1786014802,900205669,70.693,robot_0,-0.649,0.183
1786014802,900244076,70.693,robot_2,-2.129,4.106
1786014802,900262068,70.693,robot_1,-1.260,-7.473
1786014803,119806236,70.913,robot_0,-0.649,0.183
1786014803,119837414,70.913,robot_2,-2.129,4.105
1786014803,119845270,70.913,robot_1,-1.260,-7.473
1786014803,322526571,71.116,robot_0,-0.649,0.183
1786014803,322550504,71.116,robot_2,-2.130,4.105
1786014803,322560151,71.116,robot_1,-1.260,-7.473
1786014803,540626999,71.334,robot_0,-0.649,0.183
1786014803,540662116,71.334,robot_2,-2.130,4.105
1786014803,540678105,71.334,robot_1,-1.260,-7.473
1786014803,760026966,71.553,robot_0,-0.649,0.183
1786014803,760066282,71.553,robot_2,-2.130,4.105
1786014803,760085233,71.553,robot_1,-1.260,-7.473
1786014803,960033308,71.753,robot_0,-0.649,0.183
1786014803,960058436,71.753,robot_2,-2.130,4.105
1786014803,960068461,71.753,robot_1,-1.260,-7.473
1786014804,160230749,71.953,robot_0,-0.649,0.183
1786014804,160261469,71.953,robot_2,-2.103,4.089
1786014804,160274735,71.953,robot_1,-1.260,-7.473
1786014804,380458216,72.174,robot_0,-0.649,0.183
1786014804,380490661,72.174,robot_2,-2.052,4.058
1786014804,380505207,72.174,robot_1,-1.260,-7.473
1786014804,599879499,72.393,robot_0,-0.649,0.183
1786014804,599900264,72.393,robot_2,-2.015,4.035
1786014804,599908958,72.393,robot_1,-1.260,-7.473
1786014804,820004399,72.613,robot_0,-0.649,0.183
1786014804,820027549,72.613,robot_2,-1.980,4.008
1786014804,820045074,72.613,robot_1,-1.260,-7.473
1786014805,20115778,72.813,robot_0,-0.649,0.183
1786014805,20143043,72.813,robot_2,-1.951,3.980
1786014805,20153979,72.813,robot_1,-1.260,-7.473
1786014805,239125324,73.032,robot_0,-0.649,0.183
1786014805,239146336,73.032,robot_2,-1.922,3.947
1786014805,239153651,73.032,robot_1,-1.260,-7.473
1786014805,440074735,73.233,robot_0,-0.649,0.183
1786014805,440111115,73.233,robot_2,-1.899,3.914
1786014805,440128199,73.233,robot_1,-1.260,-7.473
1786014805,660168821,73.453,robot_0,-0.649,0.183
1786014805,660191128,73.453,robot_2,-1.878,3.876
1786014805,660198613,73.453,robot_1,-1.260,-7.473
1786014805,880436106,73.674,robot_0,-0.649,0.183
1786014805,880478870,73.674,robot_2,-1.863,3.834
1786014805,880498486,73.674,robot_1,-1.260,-7.473
1786014806,99273212,73.892,robot_0,-0.649,0.183
1786014806,99294991,73.892,robot_2,-1.853,3.773
1786014806,99302670,73.892,robot_1,-1.260,-7.473
1786014806,300011133,74.093,robot_0,-0.649,0.183
1786014806,300052018,74.093,robot_2,-1.847,3.713
1786014806,300070269,74.093,robot_1,-1.260,-7.473
1786014806,500339692,74.293,robot_0,-0.649,0.183
1786014806,500366788,74.293,robot_2,-1.842,3.653
1786014806,500375054,74.293,robot_1,-1.260,-7.473
1786014806,720333873,74.513,robot_0,-0.649,0.183
1786014806,720374553,74.513,robot_2,-1.836,3.588
1786014806,720393176,74.514,robot_1,-1.260,-7.473
1786014806,920588987,74.714,robot_0,-0.649,0.183
1786014806,920628672,74.714,robot_2,-1.833,3.548
1786014806,920646176,74.714,robot_1,-1.260,-7.473
1786014807,140003495,74.933,robot_0,-0.649,0.183
1786014807,140038145,74.933,robot_2,-1.833,3.504
1786014807,140055629,74.933,robot_1,-1.260,-7.473
1786014807,359365248,75.152,robot_0,-0.649,0.183
1786014807,359386607,75.152,robot_2,-1.835,3.460
1786014807,359394053,75.153,robot_1,-1.260,-7.473
1786014807,560186201,75.353,robot_0,-0.649,0.183
1786014807,560214784,75.353,robot_2,-1.840,3.421
1786014807,560225504,75.353,robot_1,-1.260,-7.473
1786014807,780121780,75.573,robot_0,-0.649,0.183
1786014807,780144536,75.573,robot_2,-1.840,3.418
1786014807,780152630,75.573,robot_1,-1.260,-7.473
1786014807,999852470,75.793,robot_0,-0.649,0.183
1786014807,999894124,75.793,robot_2,-1.831,3.461
1786014807,999917060,75.793,robot_1,-1.260,-7.473
1786014808,200510359,75.994,robot_0,-0.649,0.183
1786014808,200557675,75.994,robot_2,-1.829,3.468
1786014808,200579407,75.994,robot_1,-1.260,-7.473
1786014808,400790660,76.194,robot_0,-0.649,0.183
1786014808,400817487,76.194,robot_2,-1.829,3.468
1786014808,400826203,76.194,robot_1,-1.260,-7.473
1786014808,601194290,76.394,robot_0,-0.649,0.183
1786014808,601221971,76.394,robot_2,-1.829,3.468
1786014808,601232649,76.394,robot_1,-1.260,-7.473
1786014808,820049172,76.613,robot_0,-0.649,0.183
1786014808,820074958,76.613,robot_2,-1.828,3.468
1786014808,820086727,76.613,robot_1,-1.260,-7.473
1786014809,39757894,76.833,robot_0,-0.649,0.183
1786014809,39792402,76.833,robot_2,-1.828,3.467
1786014809,39808280,76.833,robot_1,-1.260,-7.473
1786014809,240152174,77.033,robot_0,-0.649,0.183
1786014809,240174962,77.033,robot_2,-1.828,3.467
1786014809,240182868,77.033,robot_1,-1.260,-7.473
1786014809,460595317,77.254,robot_0,-0.649,0.183
1786014809,460633454,77.254,robot_2,-1.828,3.468
1786014809,460651368,77.254,robot_1,-1.260,-7.473
1786014809,679709696,77.473,robot_0,-0.649,0.183
1786014809,679733977,77.473,robot_2,-1.829,3.468
1786014809,679743680,77.473,robot_1,-1.260,-7.473
1786014809,879975037,77.673,robot_0,-0.649,0.183
1786014809,879995927,77.673,robot_2,-1.829,3.468
1786014809,880003837,77.673,robot_1,-1.260,-7.473
1786014810,100290330,77.893,robot_0,-0.649,0.183
1786014810,100313280,77.893,robot_2,-1.829,3.468
1786014810,100322308,77.893,robot_1,-1.260,-7.473
1786014810,320664694,78.114,robot_0,-0.649,0.183
1786014810,320708653,78.114,robot_2,-1.830,3.468
1786014810,320732566,78.114,robot_1,-1.260,-7.473
1786014810,540412345,78.334,robot_0,-0.649,0.183
1786014810,540444278,78.334,robot_2,-1.830,3.468
1786014810,540457308,78.334,robot_1,-1.260,-7.473
1786014810,741069909,78.534,robot_0,-0.649,0.183
1786014810,741107953,78.534,robot_2,-1.830,3.467
1786014810,741124906,78.534,robot_1,-1.260,-7.473
1786014810,960129045,78.753,robot_0,-0.649,0.183
1786014810,960164156,78.753,robot_2,-1.831,3.467
1786014810,960181425,78.753,robot_1,-1.260,-7.473
1786014811,180137332,78.973,robot_0,-0.649,0.183
1786014811,180175246,78.973,robot_2,-1.831,3.467
1786014811,180193338,78.973,robot_1,-1.260,-7.473
1786014811,380534562,79.174,robot_0,-0.649,0.183
1786014811,380573904,79.174,robot_2,-1.831,3.467
1786014811,380593248,79.174,robot_1,-1.260,-7.473
1786014811,580606076,79.374,robot_0,-0.649,0.183
1786014811,580648400,79.374,robot_2,-1.831,3.466
1786014811,580666576,79.374,robot_1,-1.260,-7.473
1786014811,800752578,79.594,robot_0,-0.649,0.183
1786014811,800787400,79.594,robot_2,-1.831,3.466
1786014811,800802824,79.594,robot_1,-1.260,-7.473
1786014812,20073714,79.813,robot_0,-0.649,0.183
1786014812,20096829,79.813,robot_2,-1.831,3.465
1786014812,20104906,79.813,robot_1,-1.260,-7.473
1786014812,221066313,80.014,robot_0,-0.649,0.183
1786014812,221102176,80.014,robot_2,-1.831,3.465
1786014812,221120594,80.014,robot_1,-1.260,-7.473
1786014812,439664143,80.233,robot_0,-0.649,0.183
1786014812,439691044,80.233,robot_2,-1.829,3.466
1786014812,439702493,80.233,robot_1,-1.260,-7.473
1786014812,660530584,80.454,robot_0,-0.649,0.183
1786014812,660559166,80.454,robot_2,-1.777,3.495
1786014812,660572227,80.454,robot_1,-1.260,-7.473
1786014812,879563298,80.673,robot_0,-0.649,0.183
1786014812,879586255,80.673,robot_2,-1.734,3.520
1786014812,879594728,80.673,robot_1,-1.260,-7.473
1786014813,80548447,80.874,robot_0,-0.649,0.183
1786014813,80582639,80.874,robot_2,-1.706,3.534
1786014813,80599150,80.874,robot_1,-1.260,-7.473
1786014813,299745225,81.093,robot_0,-0.649,0.183
1786014813,299770331,81.093,robot_2,-1.693,3.538
1786014813,299780147,81.093,robot_1,-1.260,-7.473
1786014813,501996029,81.295,robot_0,-0.649,0.183
1786014813,502026849,81.295,robot_2,-1.635,3.554
1786014813,502041359,81.295,robot_1,-1.260,-7.473
1786014813,702704869,81.496,robot_0,-0.649,0.183
1786014813,702752771,81.496,robot_2,-1.619,3.559
1786014813,702773032,81.496,robot_1,-1.260,-7.473
1786014813,922435076,81.716,robot_0,-0.649,0.183
1786014813,922468713,81.716,robot_2,-1.573,3.576
1786014813,922484609,81.716,robot_1,-1.260,-7.473
1786014814,140485600,81.934,robot_0,-0.649,0.183
1786014814,140518058,81.934,robot_2,-1.535,3.592
1786014814,140533370,81.934,robot_1,-1.260,-7.473
1786014814,360064496,82.153,robot_0,-0.649,0.183
1786014814,360102294,82.153,robot_2,-1.508,3.605
1786014814,360120550,82.153,robot_1,-1.260,-7.473
1786014814,561315648,82.354,robot_0,-0.649,0.183
1786014814,561357572,82.354,robot_2,-1.455,3.634
1786014814,561378541,82.354,robot_1,-1.260,-7.473
1786014814,780430260,82.574,robot_0,-0.649,0.183
1786014814,780451839,82.574,robot_2,-1.398,3.666
1786014814,780460694,82.574,robot_1,-1.260,-7.473
1786014814,999992058,82.793,robot_0,-0.649,0.183
1786014815,31044,82.793,robot_2,-1.377,3.677
1786014815,49467,82.793,robot_1,-1.260,-7.473
1786014815,200173351,82.993,robot_0,-0.649,0.183
1786014815,200206114,82.993,robot_2,-1.342,3.700
1786014815,200221369,82.993,robot_1,-1.260,-7.473
1786014815,420351443,83.213,robot_0,-0.649,0.183
1786014815,420384962,83.214,robot_2,-1.288,3.739
1786014815,420402812,83.214,robot_1,-1.260,-7.473
1786014815,640294799,83.433,robot_0,-0.649,0.183
1786014815,640328594,83.433,robot_2,-1.236,3.775
1786014815,640347286,83.433,robot_1,-1.260,-7.473
1786014815,860051828,83.653,robot_0,-0.649,0.183
1786014815,860084978,83.653,robot_2,-1.230,3.779
1786014815,860102030,83.653,robot_1,-1.260,-7.473
1786014816,80020273,83.873,robot_0,-0.649,0.183
1786014816,80059277,83.873,robot_2,-1.225,3.785
1786014816,80079990,83.873,robot_1,-1.260,-7.473
1786014816,281630863,84.075,robot_0,-0.649,0.183
1786014816,281667029,84.075,robot_2,-1.190,3.831
1786014816,281684375,84.075,robot_1,-1.260,-7.473
1786014816,500085289,84.293,robot_0,-0.649,0.183
1786014816,500107480,84.293,robot_2,-1.153,3.886
1786014816,500116698,84.293,robot_1,-1.260,-7.473
1786014816,720313018,84.513,robot_0,-0.649,0.183
1786014816,720341839,84.513,robot_2,-1.127,3.925
1786014816,720355061,84.513,robot_1,-1.260,-7.473
1786014816,939815352,84.733,robot_0,-0.649,0.183
1786014816,939836129,84.733,robot_2,-1.127,3.925
1786014816,939844191,84.733,robot_1,-1.260,-7.473
1786014817,141441624,84.935,robot_0,-0.649,0.183
1786014817,141468524,84.935,robot_2,-1.127,3.924
1786014817,141480871,84.935,robot_1,-1.260,-7.473
1786014817,360306774,85.153,robot_0,-0.649,0.183
1786014817,360328803,85.153,robot_2,-1.123,3.953
1786014817,360338153,85.153,robot_1,-1.260,-7.473
1786014817,580173748,85.373,robot_0,-0.649,0.183
1786014817,580200514,85.373,robot_2,-1.118,4.011
1786014817,580212508,85.373,robot_1,-1.260,-7.473
1786014817,799690470,85.593,robot_0,-0.649,0.183
1786014817,799721687,85.593,robot_2,-1.118,4.012
1786014817,799735582,85.593,robot_1,-1.260,-7.473
1786014818,19817271,85.813,robot_0,-0.649,0.183
1786014818,19846926,85.813,robot_2,-1.118,4.012
1786014818,19859761,85.813,robot_1,-1.260,-7.473
1786014818,219951689,86.013,robot_0,-0.649,0.183
1786014818,219992936,86.013,robot_2,-1.125,4.029
1786014818,220010169,86.013,robot_1,-1.260,-7.473
1786014818,439383437,86.233,robot_0,-0.649,0.183
1786014818,439403162,86.233,robot_2,-1.155,4.086
1786014818,439410526,86.233,robot_1,-1.260,-7.473
1786014818,639790629,86.433,robot_0,-0.649,0.183
1786014818,639829011,86.433,robot_2,-1.185,4.138
1786014818,639842269,86.433,robot_1,-1.260,-7.473
1786014818,840434979,86.634,robot_0,-0.649,0.183
1786014818,840456409,86.634,robot_2,-1.203,4.169
1786014818,840465603,86.634,robot_1,-1.260,-7.473
1786014819,40612135,86.834,robot_0,-0.649,0.183
1786014819,40633573,86.834,robot_2,-1.203,4.169
1786014819,40641891,86.834,robot_1,-1.260,-7.473
1786014819,259847574,87.053,robot_0,-0.649,0.183
1786014819,259883388,87.053,robot_2,-1.203,4.169
1786014819,259901591,87.053,robot_1,-1.260,-7.473
1786014819,459935936,87.253,robot_0,-0.649,0.183
1786014819,459963532,87.253,robot_2,-1.203,4.169
1786014819,459979604,87.253,robot_1,-1.260,-7.473
1786014819,660037386,87.453,robot_0,-0.649,0.183
1786014819,660073534,87.453,robot_2,-1.202,4.169
1786014819,660091412,87.453,robot_1,-1.260,-7.473
1786014819,860681529,87.654,robot_0,-0.649,0.183
1786014819,860725612,87.654,robot_2,-1.202,4.170
1786014819,860749826,87.654,robot_1,-1.260,-7.473
1786014820,80153043,87.873,robot_0,-0.649,0.183
1786014820,80198314,87.873,robot_2,-1.202,4.170
1786014820,80215664,87.873,robot_1,-1.260,-7.473
1786014820,300343980,88.093,robot_0,-0.649,0.183
1786014820,300381795,88.093,robot_2,-1.202,4.170
1786014820,300399122,88.094,robot_1,-1.260,-7.473
1786014820,519493430,88.313,robot_0,-0.649,0.183
1786014820,519517360,88.313,robot_2,-1.203,4.171
1786014820,519529203,88.313,robot_1,-1.260,-7.473
1786014820,720075947,88.513,robot_0,-0.649,0.183
1786014820,720097470,88.513,robot_2,-1.203,4.171
1786014820,720104866,88.513,robot_1,-1.260,-7.473
1786014820,939233344,88.732,robot_0,-0.649,0.183
1786014820,939252560,88.732,robot_2,-1.203,4.171
1786014820,939259976,88.732,robot_1,-1.260,-7.473
1786014821,140049379,88.933,robot_0,-0.649,0.183
1786014821,140080183,88.933,robot_2,-1.203,4.171
1786014821,140093845,88.933,robot_1,-1.260,-7.473
1786014821,359743631,89.153,robot_0,-0.649,0.183
1786014821,359776251,89.153,robot_2,-1.204,4.172
1786014821,359793021,89.153,robot_1,-1.260,-7.473
1786014821,560022835,89.353,robot_0,-0.649,0.183
1786014821,560055338,89.353,robot_2,-1.204,4.172
1786014821,560071871,89.353,robot_1,-1.260,-7.473
1786014821,779741857,89.573,robot_0,-0.649,0.183
1786014821,779771605,89.573,robot_2,-1.204,4.172
1786014821,779786002,89.573,robot_1,-1.260,-7.473
1786014821,999367523,89.792,robot_0,-0.649,0.183
1786014821,999387418,89.793,robot_2,-1.205,4.172
1786014821,999395099,89.793,robot_1,-1.260,-7.473
1786014822,199557870,89.993,robot_0,-0.649,0.183
1786014822,199585274,89.993,robot_2,-1.205,4.172
1786014822,199599088,89.993,robot_1,-1.260,-7.473
1786014822,399888730,90.193,robot_0,-0.649,0.183
1786014822,399924239,90.193,robot_2,-1.205,4.172
1786014822,399941192,90.193,robot_1,-1.260,-7.473
1786014822,619830237,90.413,robot_0,-0.649,0.183
1786014822,619854906,90.413,robot_2,-1.197,4.154
1786014822,619865923,90.413,robot_1,-1.260,-7.473
1786014822,820034135,90.613,robot_0,-0.649,0.183
1786014822,820073754,90.613,robot_2,-1.171,4.100
1786014822,820092708,90.613,robot_1,-1.260,-7.473
1786014823,20330396,90.813,robot_0,-0.649,0.183
1786014823,20356952,90.813,robot_2,-1.154,4.064
1786014823,20369381,90.813,robot_1,-1.260,-7.473
1786014823,239774502,91.033,robot_0,-0.649,0.183
1786014823,239820277,91.033,robot_2,-1.137,4.013
1786014823,239837560,91.033,robot_1,-1.260,-7.473
1786014823,439928249,91.233,robot_0,-0.649,0.183
1786014823,439952579,91.233,robot_2,-1.123,3.957
1786014823,439963761,91.233,robot_1,-1.260,-7.473
1786014823,660671670,91.454,robot_0,-0.649,0.183
1786014823,660715802,91.454,robot_2,-1.114,3.914
1786014823,660738975,91.454,robot_1,-1.260,-7.473
1786014823,880768123,91.674,robot_0,-0.649,0.183
1786014823,880788687,91.674,robot_2,-1.111,3.870
1786014823,880796761,91.674,robot_1,-1.260,-7.473
1786014824,100621242,91.894,robot_0,-0.649,0.183
1786014824,100661690,91.894,robot_2,-1.114,3.826
1786014824,100679789,91.894,robot_1,-1.260,-7.473
1786014824,320305249,92.113,robot_0,-0.649,0.183
1786014824,320337961,92.113,robot_2,-1.122,3.783
1786014824,320353808,92.113,robot_1,-1.260,-7.473
1786014824,521091895,92.314,robot_0,-0.649,0.183
1786014824,521124282,92.314,robot_2,-1.133,3.745
1786014824,521139725,92.314,robot_1,-1.260,-7.473
1786014824,721114598,92.514,robot_0,-0.649,0.183
1786014824,721143190,92.514,robot_2,-1.147,3.707
1786014824,721156685,92.514,robot_1,-1.260,-7.473
1786014824,940099740,92.733,robot_0,-0.649,0.183
1786014824,940122425,92.733,robot_2,-1.163,3.666
1786014824,940130302,92.733,robot_1,-1.260,-7.473
1786014825,141466256,92.935,robot_0,-0.649,0.183
1786014825,141498256,92.935,robot_2,-1.179,3.630
1786014825,141515065,92.935,robot_1,-1.260,-7.473
1786014825,359311330,93.152,robot_0,-0.649,0.183
1786014825,359332240,93.152,robot_2,-1.203,3.576
1786014825,359340102,93.152,robot_1,-1.260,-7.473
1786014825,560793973,93.354,robot_0,-0.649,0.183
1786014825,560833159,93.354,robot_2,-1.226,3.526
1786014825,560852908,93.354,robot_1,-1.260,-7.473
1786014825,779999079,93.573,robot_0,-0.649,0.183
1786014825,780034414,93.573,robot_2,-1.244,3.485
1786014825,780050646,93.573,robot_1,-1.260,-7.473
1786014825,999779904,93.793,robot_0,-0.649,0.183
1786014825,999811774,93.793,robot_2,-1.268,3.428
1786014825,999827052,93.793,robot_1,-1.260,-7.473
1786014826,200471397,93.994,robot_0,-0.649,0.183
1786014826,200503933,93.994,robot_2,-1.291,3.372
1786014826,200519136,93.994,robot_1,-1.260,-7.473
1786014826,419866033,94.213,robot_0,-0.649,0.183
1786014826,419902825,94.213,robot_2,-1.316,3.312
1786014826,419920678,94.213,robot_1,-1.260,-7.473
1786014826,620123992,94.413,robot_0,-0.649,0.183
1786014826,620149381,94.413,robot_2,-1.331,3.275
1786014826,620163764,94.413,robot_1,-1.260,-7.473
1786014826,840665212,94.634,robot_0,-0.649,0.183
1786014826,840684779,94.634,robot_2,-1.339,3.253
1786014826,840692766,94.634,robot_1,-1.260,-7.473
1786014827,41024537,94.834,robot_0,-0.649,0.183
1786014827,41065082,94.834,robot_2,-1.332,3.273
1786014827,41087626,94.834,robot_1,-1.260,-7.473
1786014827,260682822,95.054,robot_0,-0.649,0.183
1786014827,260703226,95.054,robot_2,-1.316,3.314
1786014827,260711463,95.054,robot_1,-1.260,-7.473
1786014827,460895077,95.254,robot_0,-0.649,0.183
1786014827,460930733,95.254,robot_2,-1.301,3.351
1786014827,460942990,95.254,robot_1,-1.260,-7.473
1786014827,680674294,95.474,robot_0,-0.649,0.183
1786014827,680706190,95.474,robot_2,-1.285,3.392
1786014827,680721767,95.474,robot_1,-1.260,-7.473
1786014827,881082777,95.674,robot_0,-0.649,0.183
1786014827,881124198,95.674,robot_2,-1.270,3.429
1786014827,881146330,95.674,robot_1,-1.260,-7.473
1786014828,99986453,95.893,robot_0,-0.649,0.183
1786014828,100020522,95.893,robot_2,-1.254,3.470
1786014828,100038074,95.893,robot_1,-1.260,-7.473
1786014828,300374069,96.093,robot_0,-0.649,0.183
1786014828,300398303,96.094,robot_2,-1.259,3.459
1786014828,300406535,96.094,robot_1,-1.260,-7.473
1786014828,520263194,96.313,robot_0,-0.649,0.183
1786014828,520305632,96.313,robot_2,-1.279,3.407
1786014828,520322066,96.313,robot_1,-1.260,-7.473
1786014828,739634990,96.533,robot_0,-0.649,0.183
1786014828,739652096,96.533,robot_2,-1.295,3.366
1786014828,739659930,96.533,robot_1,-1.260,-7.473
1786014828,940093492,96.733,robot_0,-0.649,0.183
1786014828,940127629,96.733,robot_2,-1.309,3.328
1786014828,940143789,96.733,robot_1,-1.260,-7.473
1786014829,160627887,96.954,robot_0,-0.649,0.183
1786014829,160671843,96.954,robot_2,-1.316,3.311
1786014829,160696695,96.954,robot_1,-1.260,-7.473
1786014829,380336248,97.173,robot_0,-0.649,0.183
1786014829,380372173,97.173,robot_2,-1.315,3.310
1786014829,380389895,97.174,robot_1,-1.260,-7.473
1786014829,599792140,97.393,robot_0,-0.649,0.183
1786014829,599826949,97.393,robot_2,-1.301,3.340
1786014829,599844932,97.393,robot_1,-1.260,-7.473
1786014829,800443383,97.594,robot_0,-0.649,0.183
1786014829,800463593,97.594,robot_2,-1.283,3.376
1786014829,800471850,97.594,robot_1,-1.260,-7.473
1786014830,20055741,97.813,robot_0,-0.649,0.183
1786014830,20101851,97.813,robot_2,-1.280,3.382
1786014830,20118892,97.813,robot_1,-1.260,-7.473
1786014830,220236440,98.013,robot_0,-0.649,0.183
1786014830,220265066,98.013,robot_2,-1.280,3.382
1786014830,220277634,98.013,robot_1,-1.260,-7.473
1786014830,421299251,98.214,robot_0,-0.649,0.183
1786014830,421326226,98.214,robot_2,-1.281,3.382
1786014830,421338540,98.214,robot_1,-1.260,-7.473
1786014830,640045227,98.433,robot_0,-0.649,0.183
1786014830,640076990,98.433,robot_2,-1.281,3.382
1786014830,640093114,98.433,robot_1,-1.260,-7.473
1786014830,860118991,98.653,robot_0,-0.649,0.183
1786014830,860174517,98.653,robot_2,-1.281,3.382
1786014830,860198942,98.653,robot_1,-1.260,-7.473
1786014831,79682503,98.873,robot_0,-0.649,0.183
1786014831,79706174,98.873,robot_2,-1.282,3.382
1786014831,79716042,98.873,robot_1,-1.260,-7.473
1786014831,280009952,99.073,robot_0,-0.649,0.183
1786014831,280042097,99.073,robot_2,-1.282,3.382
1786014831,280060232,99.073,robot_1,-1.260,-7.473
1786014831,480716343,99.274,robot_0,-0.649,0.183
1786014831,480758864,99.274,robot_2,-1.282,3.382
1786014831,480782742,99.274,robot_1,-1.260,-7.473
1786014831,699264177,99.492,robot_0,-0.649,0.183
1786014831,699284467,99.492,robot_2,-1.282,3.381
1786014831,699291291,99.492,robot_1,-1.260,-7.473
1786014831,901055268,99.694,robot_0,-0.649,0.183
1786014831,901093510,99.694,robot_2,-1.282,3.381
1786014831,901110683,99.694,robot_1,-1.260,-7.473
1786014832,120334286,99.913,robot_0,-0.649,0.183
1786014832,120367521,99.913,robot_2,-1.282,3.381
1786014832,120379526,99.913,robot_1,-1.260,-7.473
1786014832,339589337,100.133,robot_0,-0.649,0.183
1786014832,339615117,100.133,robot_2,-1.282,3.380
1786014832,339628220,100.133,robot_1,-1.260,-7.473
1786014832,539810463,100.333,robot_0,-0.649,0.183
1786014832,539846135,100.333,robot_2,-1.282,3.380
1786014832,539862507,100.333,robot_1,-1.260,-7.473
1786014832,740658231,100.534,robot_0,-0.649,0.183
1786014832,740715113,100.534,robot_2,-1.282,3.380
1786014832,740739268,100.534,robot_1,-1.260,-7.473
1786014832,959719571,100.753,robot_0,-0.649,0.183
1786014832,959740249,100.753,robot_2,-1.282,3.379
1786014832,959748021,100.753,robot_1,-1.260,-7.473
1786014833,160878905,100.954,robot_0,-0.649,0.183
1786014833,160912028,100.954,robot_2,-1.282,3.379
1786014833,160931155,100.954,robot_1,-1.260,-7.473
1786014833,360946968,101.154,robot_0,-0.649,0.183
1786014833,360996041,101.154,robot_2,-1.282,3.379
1786014833,361020457,101.154,robot_1,-1.260,-7.473
1786014833,561961604,101.355,robot_0,-0.649,0.183
1786014833,562013873,101.355,robot_2,-1.281,3.379
1786014833,562031828,101.355,robot_1,-1.260,-7.473
1786014833,780770167,101.574,robot_0,-0.649,0.183
1786014833,780800280,101.574,robot_2,-1.262,3.411
1786014833,780816274,101.574,robot_1,-1.260,-7.473
1786014833,999934611,101.793,robot_0,-0.649,0.183
1786014833,999977366,101.793,robot_2,-1.235,3.456
1786014833,999995383,101.793,robot_1,-1.260,-7.473
1786014834,200011149,101.993,robot_0,-0.649,0.183
1786014834,200036406,101.993,robot_2,-1.235,3.456
1786014834,200048103,101.993,robot_1,-1.260,-7.473
1786014834,400189489,102.193,robot_0,-0.649,0.183
1786014834,400224263,102.193,robot_2,-1.235,3.456
1786014834,400241683,102.193,robot_1,-1.260,-7.473
1786014834,620333030,102.413,robot_0,-0.649,0.183
1786014834,620368373,102.413,robot_2,-1.234,3.456
1786014834,620386851,102.414,robot_1,-1.260,-7.473
1786014834,839977150,102.633,robot_0,-0.649,0.183
1786014834,840008726,102.633,robot_2,-1.234,3.456
1786014834,840024353,102.633,robot_1,-1.260,-7.473
1786014835,40285032,102.833,robot_0,-0.649,0.183
1786014835,40319161,102.833,robot_2,-1.240,3.479
1786014835,40335416,102.833,robot_1,-1.260,-7.473
1786014835,240638877,103.034,robot_0,-0.649,0.183
1786014835,240671907,103.034,robot_2,-1.258,3.533
1786014835,240686856,103.034,robot_1,-1.260,-7.473
1786014835,459604669,103.253,robot_0,-0.649,0.183
1786014835,459625026,103.253,robot_2,-1.261,3.540
1786014835,459633058,103.253,robot_1,-1.260,-7.473
1786014835,659668297,103.453,robot_0,-0.649,0.183
1786014835,659688033,103.453,robot_2,-1.264,3.544
1786014835,659695541,103.453,robot_1,-1.260,-7.473
1786014835,860767390,103.654,robot_0,-0.649,0.183
1786014835,860798668,103.654,robot_2,-1.298,3.586
1786014835,860814355,103.654,robot_1,-1.260,-7.473
1786014836,80308047,103.873,robot_0,-0.649,0.183
1786014836,80340797,103.873,robot_2,-1.343,3.634
1786014836,80356372,103.873,robot_1,-1.260,-7.473
1786014836,300472991,104.094,robot_0,-0.649,0.183
1786014836,300506087,104.094,robot_2,-1.380,3.673
1786014836,300523903,104.094,robot_1,-1.260,-7.473
1786014836,519537193,104.313,robot_0,-0.649,0.183
1786014836,519558076,104.313,robot_2,-1.394,3.685
1786014836,519565592,104.313,robot_1,-1.260,-7.473
1786014836,719575206,104.513,robot_0,-0.649,0.183
1786014836,719596517,104.513,robot_2,-1.439,3.724
1786014836,719604712,104.513,robot_1,-1.260,-7.473
1786014836,920262972,104.713,robot_0,-0.649,0.183
1786014836,920311032,104.713,robot_2,-1.485,3.763
1786014836,920328652,104.713,robot_1,-1.260,-7.473
1786014837,120548521,104.914,robot_0,-0.649,0.183
1786014837,120570640,104.914,robot_2,-1.531,3.801
1786014837,120580327,104.914,robot_1,-1.260,-7.473
1786014837,339345356,105.132,robot_0,-0.649,0.183
1786014837,339368359,105.132,robot_2,-1.580,3.842
1786014837,339378245,105.132,robot_1,-1.260,-7.473
1786014837,540246819,105.333,robot_0,-0.649,0.183
1786014837,540289219,105.333,robot_2,-1.611,3.867
1786014837,540313012,105.333,robot_1,-1.260,-7.473
1786014837,760273573,105.553,robot_0,-0.649,0.183
1786014837,760319380,105.553,robot_2,-1.658,3.897
1786014837,760335143,105.553,robot_1,-1.260,-7.473
1786014837,979875459,105.773,robot_0,-0.649,0.183
1786014837,979904796,105.773,robot_2,-1.711,3.925
1786014837,979918906,105.773,robot_1,-1.260,-7.473
1786014838,180056266,105.973,robot_0,-0.649,0.183
1786014838,180076284,105.973,robot_2,-1.747,3.941
1786014838,180084908,105.973,robot_1,-1.260,-7.473
1786014838,380487570,106.174,robot_0,-0.649,0.183
1786014838,380508249,106.174,robot_2,-1.798,3.958
1786014838,380515818,106.174,robot_1,-1.260,-7.473
1786014838,600352745,106.393,robot_0,-0.649,0.183
1786014838,600375985,106.393,robot_2,-1.862,3.974
1786014838,600386221,106.393,robot_1,-1.260,-7.473
1786014838,820167037,106.613,robot_0,-0.649,0.183
1786014838,820187946,106.613,robot_2,-1.926,3.990
1786014838,820196134,106.613,robot_1,-1.260,-7.473
1786014839,39812433,106.833,robot_0,-0.649,0.183
1786014839,39846221,106.833,robot_2,-1.991,4.005
1786014839,39863562,106.833,robot_1,-1.260,-7.473
1786014839,259620674,107.053,robot_0,-0.649,0.183
1786014839,259644207,107.053,robot_2,-2.041,4.016
1786014839,259654022,107.053,robot_1,-1.260,-7.473
1786014839,459845925,107.253,robot_0,-0.649,0.183
1786014839,459878403,107.253,robot_2,-2.083,4.023
1786014839,459893530,107.253,robot_1,-1.260,-7.473
1786014839,660017717,107.453,robot_0,-0.649,0.183
1786014839,660040165,107.453,robot_2,-2.142,4.026
1786014839,660049333,107.453,robot_1,-1.260,-7.473
1786014839,860956430,107.654,robot_0,-0.649,0.183
1786014839,860981049,107.654,robot_2,-2.202,4.026
1786014839,860989542,107.654,robot_1,-1.260,-7.473
1786014840,80792319,107.874,robot_0,-0.649,0.183
1786014840,80834601,107.874,robot_2,-2.259,4.026
1786014840,80855186,107.874,robot_1,-1.260,-7.473
1786014840,300059629,108.093,robot_0,-0.649,0.183
1786014840,300084535,108.093,robot_2,-2.274,4.025
1786014840,300095050,108.093,robot_1,-1.260,-7.473
1786014840,500606218,108.294,robot_0,-0.649,0.183
1786014840,500639395,108.294,robot_2,-2.333,4.019
1786014840,500655648,108.294,robot_1,-1.260,-7.473
1786014840,719656264,108.513,robot_0,-0.649,0.183
1786014840,719677957,108.513,robot_2,-2.350,4.017
1786014840,719685681,108.513,robot_1,-1.260,-7.473
1786014840,920120174,108.713,robot_0,-0.649,0.183
1786014840,920154291,108.713,robot_2,-2.397,4.007
1786014840,920171443,108.713,robot_1,-1.260,-7.473
1786014841,120171112,108.913,robot_0,-0.649,0.183
1786014841,120200951,108.913,robot_2,-2.437,3.997
1786014841,120215235,108.913,robot_1,-1.260,-7.473
1786014841,339761652,109.133,robot_0,-0.649,0.183
1786014841,339790631,109.133,robot_2,-2.461,3.990
1786014841,339803573,109.133,robot_1,-1.260,-7.473
1786014841,540330592,109.333,robot_0,-0.649,0.183
1786014841,540351517,109.333,robot_2,-2.515,3.970
1786014841,540358961,109.333,robot_1,-1.260,-7.473
1786014841,759662809,109.553,robot_0,-0.649,0.183
1786014841,759688631,109.553,robot_2,-2.522,3.968
1786014841,759697377,109.553,robot_1,-1.260,-7.473
1786014841,960278069,109.753,robot_0,-0.649,0.183
1786014841,960299401,109.753,robot_2,-2.526,3.966
1786014841,960307793,109.753,robot_1,-1.260,-7.473
1786014842,180367334,109.973,robot_0,-0.649,0.183
1786014842,180387504,109.974,robot_2,-2.574,3.929
1786014842,180396905,109.974,robot_1,-1.260,-7.473
1786014842,380405933,110.174,robot_0,-0.649,0.183
1786014842,380435693,110.174,robot_2,-2.592,3.914
1786014842,380449329,110.174,robot_1,-1.260,-7.473
1786014842,599622890,110.393,robot_0,-0.649,0.183
1786014842,599643913,110.393,robot_2,-2.592,3.914
1786014842,599651600,110.393,robot_1,-1.260,-7.473
1786014842,800079605,110.593,robot_0,-0.649,0.183
1786014842,800106226,110.593,robot_2,-2.592,3.914
1786014842,800115395,110.593,robot_1,-1.260,-7.473
1786014843,655531,110.794,robot_0,-0.649,0.183
1786014843,697844,110.794,robot_2,-2.592,3.915
1786014843,718060,110.794,robot_1,-1.260,-7.473
1786014843,220277247,111.013,robot_0,-0.649,0.183
1786014843,220311790,111.013,robot_2,-2.593,3.915
1786014843,220329082,111.013,robot_1,-1.260,-7.473
1786014843,420662493,111.214,robot_0,-0.649,0.183
1786014843,420699047,111.214,robot_2,-2.593,3.915
1786014843,420716297,111.214,robot_1,-1.260,-7.473
1786014843,640511294,111.434,robot_0,-0.649,0.183
1786014843,640537478,111.434,robot_2,-2.593,3.914
1786014843,640548964,111.434,robot_1,-1.260,-7.473
1786014843,861097669,111.654,robot_0,-0.649,0.183
1786014843,861136229,111.654,robot_2,-2.594,3.914
1786014843,861155144,111.654,robot_1,-1.260,-7.473
1786014844,79477615,111.873,robot_0,-0.649,0.183
1786014844,79498411,111.873,robot_2,-2.594,3.914
1786014844,79506649,111.873,robot_1,-1.260,-7.473
1786014844,280780230,112.074,robot_0,-0.649,0.183
1786014844,280800641,112.074,robot_2,-2.594,3.914
1786014844,280808472,112.074,robot_1,-1.260,-7.473
1786014844,499615292,112.293,robot_0,-0.649,0.183
1786014844,499637352,112.293,robot_2,-2.594,3.914
1786014844,499645798,112.293,robot_1,-1.260,-7.473
1786014844,699824040,112.493,robot_0,-0.649,0.183
1786014844,699854127,112.493,robot_2,-2.595,3.913
1786014844,699868305,112.493,robot_1,-1.260,-7.473
1786014844,900959345,112.694,robot_0,-0.649,0.183
1786014844,901001375,112.694,robot_2,-2.595,3.913
1786014844,901019045,112.694,robot_1,-1.260,-7.473
1786014845,120124880,112.913,robot_0,-0.649,0.183
1786014845,120146913,112.913,robot_2,-2.595,3.913
1786014845,120155539,112.913,robot_1,-1.260,-7.473
1786014845,320556641,113.114,robot_0,-0.649,0.183
1786014845,320596459,113.114,robot_2,-2.595,3.912
1786014845,320616300,113.114,robot_1,-1.260,-7.473
1786014845,539655164,113.333,robot_0,-0.649,0.183
1786014845,539677199,113.333,robot_2,-2.594,3.912
1786014845,539686332,113.333,robot_1,-1.260,-7.473
1786014845,740236252,113.533,robot_0,-0.649,0.183
1786014845,740261742,113.533,robot_2,-2.594,3.912
1786014845,740273021,113.533,robot_1,-1.260,-7.473
1786014845,959669147,113.753,robot_0,-0.649,0.183
1786014845,959693703,113.753,robot_2,-2.590,3.915
1786014845,959703181,113.753,robot_1,-1.260,-7.473
1786014846,160792889,113.954,robot_0,-0.649,0.183
1786014846,160830393,113.954,robot_2,-2.546,3.949
1786014846,160845883,113.954,robot_1,-1.260,-7.473
1786014846,380014906,114.173,robot_0,-0.649,0.183
1786014846,380037133,114.173,robot_2,-2.506,3.979
1786014846,380044629,114.173,robot_1,-1.260,-7.473
1786014846,580409203,114.374,robot_0,-0.649,0.183
1786014846,580444033,114.374,robot_2,-2.480,3.997
1786014846,580461429,114.374,robot_1,-1.260,-7.473
1786014846,780869587,114.574,robot_0,-0.649,0.183
1786014846,780889540,114.574,robot_2,-2.480,3.998
1786014846,780897322,114.574,robot_1,-1.260,-7.473
1786014846,999329936,114.792,robot_0,-0.649,0.183
1786014846,999349538,114.792,robot_2,-2.480,3.998
1786014846,999357415,114.792,robot_1,-1.260,-7.473
1786014847,200531475,114.994,robot_0,-0.649,0.183
1786014847,200557482,114.994,robot_2,-2.480,3.998
1786014847,200568896,114.994,robot_1,-1.260,-7.473
1786014847,420716337,115.214,robot_0,-0.649,0.183
1786014847,420742157,115.214,robot_2,-2.480,3.998
1786014847,420754167,115.214,robot_1,-1.260,-7.473
1786014847,640322178,115.433,robot_0,-0.649,0.183
1786014847,640352763,115.433,robot_2,-2.480,3.997
1786014847,640365938,115.433,robot_1,-1.260,-7.473
1786014847,860670104,115.654,robot_0,-0.649,0.183
1786014847,860692475,115.654,robot_2,-2.479,3.997
1786014847,860700800,115.654,robot_1,-1.260,-7.473
1786014848,80297038,115.873,robot_0,-0.649,0.183
1786014848,80319703,115.873,robot_2,-2.479,3.997
1786014848,80328037,115.873,robot_1,-1.260,-7.473
1786014848,299884628,116.093,robot_0,-0.649,0.183
1786014848,299920762,116.093,robot_2,-2.479,3.997
1786014848,299938447,116.093,robot_1,-1.260,-7.473
1786014848,520027966,116.313,robot_0,-0.649,0.183
1786014848,520061469,116.313,robot_2,-2.478,3.997
1786014848,520077919,116.313,robot_1,-1.260,-7.473
1786014848,720707257,116.514,robot_0,-0.649,0.183
1786014848,720728043,116.514,robot_2,-2.478,3.997
1786014848,720736281,116.514,robot_1,-1.260,-7.473
1786014848,939866452,116.733,robot_0,-0.649,0.183
1786014848,939887213,116.733,robot_2,-2.478,3.997
1786014848,939894671,116.733,robot_1,-1.260,-7.473
1786014849,140665161,116.934,robot_0,-0.649,0.183
1786014849,140698530,116.934,robot_2,-2.477,3.998
1786014849,140714346,116.934,robot_1,-1.260,-7.473
1786014849,360431531,117.154,robot_0,-0.649,0.183
1786014849,360452463,117.154,robot_2,-2.477,3.998
1786014849,360460873,117.154,robot_1,-1.260,-7.473
1786014849,579771558,117.373,robot_0,-0.649,0.183
1786014849,579795738,117.373,robot_2,-2.477,3.998
1786014849,579806918,117.373,robot_1,-1.260,-7.473
1786014849,780175061,117.573,robot_0,-0.649,0.183
1786014849,780196216,117.573,robot_2,-2.477,3.999
1786014849,780205190,117.573,robot_1,-1.260,-7.473
1786014850,879078,117.794,robot_0,-0.649,0.183
1786014850,907951,117.794,robot_2,-2.477,3.999
1786014850,920689,117.794,robot_1,-1.260,-7.473
1786014850,220745303,118.014,robot_0,-0.649,0.183
1786014850,220768688,118.014,robot_2,-2.477,3.999
1786014850,220777496,118.014,robot_1,-1.260,-7.473
1786014850,440495850,118.234,robot_0,-0.649,0.183
1786014850,440517725,118.234,robot_2,-2.479,3.999
1786014850,440529026,118.234,robot_1,-1.260,-7.473
1786014850,659867753,118.453,robot_0,-0.649,0.183
1786014850,659902233,118.453,robot_2,-2.538,3.990
1786014850,659919921,118.453,robot_1,-1.260,-7.473
1786014850,880597944,118.674,robot_0,-0.649,0.183
1786014850,880637223,118.674,robot_2,-2.603,3.980
1786014850,880656148,118.674,robot_1,-1.260,-7.473
1786014851,100091793,118.893,robot_0,-0.649,0.183
1786014851,100128040,118.893,robot_2,-2.654,3.972
1786014851,100144151,118.893,robot_1,-1.260,-7.473
1786014851,320636566,119.114,robot_0,-0.649,0.183
1786014851,320670145,119.114,robot_2,-2.622,3.977
1786014851,320686284,119.114,robot_1,-1.260,-7.473
1786014851,539727356,119.333,robot_0,-0.649,0.183
1786014851,539746318,119.333,robot_2,-2.579,3.984
1786014851,539754037,119.333,robot_1,-1.260,-7.473
1786014851,760492937,119.554,robot_0,-0.649,0.183
1786014851,760527062,119.554,robot_2,-2.540,3.990
1786014851,760545317,119.554,robot_1,-1.260,-7.473
1786014851,960762756,119.754,robot_0,-0.649,0.183
1786014851,960793946,119.754,robot_2,-2.540,3.990
1786014851,960809660,119.754,robot_1,-1.260,-7.473
1786014852,179920446,119.973,robot_0,-0.649,0.183
1786014852,179952642,119.973,robot_2,-2.540,3.989
1786014852,179978251,119.973,robot_1,-1.260,-7.473
1786014852,380711729,120.174,robot_0,-0.649,0.183
1786014852,380734421,120.174,robot_2,-2.540,3.989
1786014852,380743232,120.174,robot_1,-1.260,-7.473
1786014852,581400865,120.375,robot_0,-0.649,0.183
1786014852,581444445,120.375,robot_2,-2.540,3.989
1786014852,581466498,120.375,robot_1,-1.260,-7.473
1786014852,799778999,120.593,robot_0,-0.649,0.183
1786014852,799813267,120.593,robot_2,-2.541,3.988
1786014852,799829619,120.593,robot_1,-1.260,-7.473
1786014853,450156,120.794,robot_0,-0.649,0.183
1786014853,473375,120.794,robot_2,-2.541,3.988
1786014853,482873,120.794,robot_1,-1.260,-7.473
1786014853,220910739,121.014,robot_0,-0.649,0.183
1786014853,220937191,121.014,robot_2,-2.541,3.988
1786014853,220948920,121.014,robot_1,-1.260,-7.473
1786014853,440491641,121.234,robot_0,-0.649,0.183
1786014853,440522860,121.234,robot_2,-2.542,3.988
1786014853,440538557,121.234,robot_1,-1.260,-7.473
1786014853,641021709,121.434,robot_0,-0.649,0.183
1786014853,641050782,121.434,robot_2,-2.542,3.988
1786014853,641064566,121.434,robot_1,-1.260,-7.473
1786014853,859778920,121.653,robot_0,-0.649,0.183
1786014853,859810587,121.653,robot_2,-2.543,3.988
1786014853,859826411,121.653,robot_1,-1.260,-7.473
1786014854,79260755,121.872,robot_0,-0.649,0.183
1786014854,79281736,121.872,robot_2,-2.543,3.988
1786014854,79290050,121.872,robot_1,-1.260,-7.473
1786014854,280505440,122.074,robot_0,-0.649,0.183
1786014854,280537425,122.074,robot_2,-2.532,4.023
1786014854,280553264,122.074,robot_1,-1.260,-7.473
1786014854,500284737,122.293,robot_0,-0.649,0.183
1786014854,500322211,122.293,robot_2,-2.512,4.086
1786014854,500340925,122.293,robot_1,-1.260,-7.473
1786014854,719872282,122.513,robot_0,-0.649,0.183
1786014854,719892955,122.513,robot_2,-2.493,4.149
1786014854,719901655,122.513,robot_1,-1.260,-7.473
1786014854,939924963,122.733,robot_0,-0.649,0.183
1786014854,939958258,122.733,robot_2,-2.490,4.160
1786014854,939982525,122.733,robot_1,-1.260,-7.473
1786014855,140456640,122.934,robot_0,-0.649,0.183
1786014855,140479773,122.934,robot_2,-2.489,4.160
1786014855,140489592,122.934,robot_1,-1.260,-7.473
1786014855,360033961,123.153,robot_0,-0.649,0.183
1786014855,360066581,123.153,robot_2,-2.489,4.160
1786014855,360083753,123.153,robot_1,-1.260,-7.473
1786014855,579746979,123.373,robot_0,-0.649,0.183
1786014855,579776123,123.373,robot_2,-2.489,4.160
1786014855,579789566,123.373,robot_1,-1.260,-7.473
1786014855,800650975,123.594,robot_0,-0.649,0.183
1786014855,800680943,123.594,robot_2,-2.488,4.160
1786014855,800694636,123.594,robot_1,-1.260,-7.473
1786014856,20534144,123.814,robot_0,-0.649,0.183
1786014856,20563559,123.814,robot_2,-2.488,4.160
1786014856,20572778,123.814,robot_1,-1.260,-7.473
1786014856,239863135,124.033,robot_0,-0.649,0.183
1786014856,239897008,124.033,robot_2,-2.488,4.161
1786014856,239913898,124.033,robot_1,-1.260,-7.473
1786014856,440092915,124.233,robot_0,-0.649,0.183
1786014856,440114188,124.233,robot_2,-2.488,4.161
1786014856,440122410,124.233,robot_1,-1.260,-7.473
1786014856,640428575,124.434,robot_0,-0.649,0.183
1786014856,640465017,124.434,robot_2,-2.488,4.161
1786014856,640480725,124.434,robot_1,-1.260,-7.473
1786014856,860366335,124.653,robot_0,-0.649,0.183
1786014856,860409157,124.654,robot_2,-2.488,4.162
1786014856,860430564,124.654,robot_1,-1.260,-7.473
1786014857,79158312,124.872,robot_0,-0.649,0.183
1786014857,79177388,124.872,robot_2,-2.488,4.162
1786014857,79185464,124.872,robot_1,-1.260,-7.473
1786014857,279600699,125.073,robot_0,-0.649,0.183
1786014857,279619646,125.073,robot_2,-2.488,4.162
1786014857,279627533,125.073,robot_1,-1.260,-7.473
1786014857,479868074,125.273,robot_0,-0.649,0.183
1786014857,479893136,125.273,robot_2,-2.488,4.163
1786014857,479905550,125.273,robot_1,-1.260,-7.473
1786014857,700368436,125.493,robot_0,-0.649,0.183
1786014857,700403781,125.494,robot_2,-2.488,4.163
1786014857,700421131,125.494,robot_1,-1.260,-7.473
1786014857,901238857,125.694,robot_0,-0.649,0.183
1786014857,901263670,125.694,robot_2,-2.488,4.163
1786014857,901272373,125.694,robot_1,-1.260,-7.473
1786014858,120653694,125.914,robot_0,-0.649,0.183
1786014858,120686604,125.914,robot_2,-2.488,4.163
1786014858,120702714,125.914,robot_1,-1.260,-7.473
1786014858,339601008,126.133,robot_0,-0.649,0.183
1786014858,339624823,126.133,robot_2,-2.489,4.163
1786014858,339633747,126.133,robot_1,-1.260,-7.473
1786014858,540607110,126.334,robot_0,-0.649,0.183
1786014858,540631557,126.334,robot_2,-2.489,4.163
1786014858,540640533,126.334,robot_1,-1.260,-7.473
1786014858,740850246,126.534,robot_0,-0.649,0.183
1786014858,740891363,126.534,robot_2,-2.489,4.164
1786014858,740908765,126.534,robot_1,-1.260,-7.473
1786014858,959903830,126.753,robot_0,-0.649,0.183
1786014858,959931609,126.753,robot_2,-2.489,4.164
1786014858,959944779,126.753,robot_1,-1.260,-7.473
1786014859,160372790,126.953,robot_0,-0.649,0.183
1786014859,160403809,126.954,robot_2,-2.487,4.140
1786014859,160419078,126.954,robot_1,-1.260,-7.473
1786014859,379781716,127.173,robot_0,-0.649,0.183
1786014859,379802880,127.173,robot_2,-2.479,4.090
1786014859,379810354,127.173,robot_1,-1.260,-7.473
1786014859,580241519,127.373,robot_0,-0.649,0.183
1786014859,580261131,127.373,robot_2,-2.468,4.031
1786014859,580269290,127.373,robot_1,-1.260,-7.473
1786014859,800335097,127.593,robot_0,-0.649,0.183
1786014859,800356917,127.593,robot_2,-2.459,3.984
1786014859,800365763,127.593,robot_1,-1.260,-7.473
1786014860,20317762,127.813,robot_0,-0.649,0.183
1786014860,20345813,127.813,robot_2,-2.454,3.940
1786014860,20357391,127.813,robot_1,-1.260,-7.473
1786014860,220892620,128.014,robot_0,-0.649,0.183
1786014860,220924787,128.014,robot_2,-2.451,3.901
1786014860,220937901,128.014,robot_1,-1.260,-7.473
1786014860,440101893,128.233,robot_0,-0.649,0.183
1786014860,440125663,128.233,robot_2,-2.452,3.857
1786014860,440133673,128.233,robot_1,-1.260,-7.473
1786014860,640505633,128.434,robot_0,-0.649,0.183
1786014860,640539738,128.434,robot_2,-2.454,3.817
1786014860,640557654,128.434,robot_1,-1.260,-7.473
1786014860,861221934,128.654,robot_0,-0.649,0.183
1786014860,861257746,128.654,robot_2,-2.458,3.773
1786014860,861275122,128.654,robot_1,-1.260,-7.473
1786014861,79722427,128.873,robot_0,-0.649,0.183
1786014861,79742957,128.873,robot_2,-2.463,3.729
1786014861,79752487,128.873,robot_1,-1.260,-7.473
1786014861,280016696,129.073,robot_0,-0.649,0.183
1786014861,280050868,129.073,robot_2,-2.470,3.673
1786014861,280068365,129.073,robot_1,-1.260,-7.473
1786014861,480407378,129.274,robot_0,-0.649,0.183
1786014861,480428314,129.274,robot_2,-2.476,3.620
1786014861,480436734,129.274,robot_1,-1.260,-7.473
1786014861,680871919,129.474,robot_0,-0.649,0.183
1786014861,680913560,129.474,robot_2,-2.481,3.580
1786014861,680937723,129.474,robot_1,-1.260,-7.473
1786014861,899597556,129.693,robot_0,-0.649,0.183
1786014861,899618230,129.693,robot_2,-2.489,3.518
1786014861,899626446,129.693,robot_1,-1.260,-7.473
1786014862,99653390,129.893,robot_0,-0.649,0.183
1786014862,99674895,129.893,robot_2,-2.495,3.467
1786014862,99682352,129.893,robot_1,-1.260,-7.473
1786014862,319992546,130.113,robot_0,-0.649,0.183
1786014862,320023012,130.113,robot_2,-2.500,3.423
1786014862,320038421,130.113,robot_1,-1.260,-7.473
1786014862,520246124,130.313,robot_0,-0.649,0.183
1786014862,520287607,130.313,robot_2,-2.505,3.384
1786014862,520310235,130.313,robot_1,-1.260,-7.473
1786014862,739954688,130.533,robot_0,-0.649,0.183
1786014862,739993452,130.533,robot_2,-2.509,3.340
1786014862,740004601,130.533,robot_1,-1.260,-7.473
1786014862,940033949,130.733,robot_0,-0.649,0.183
1786014862,940067176,130.733,robot_2,-2.514,3.298
1786014862,940082810,130.733,robot_1,-1.260,-7.473
1786014863,159559407,130.953,robot_0,-0.649,0.183
1786014863,159580133,130.953,robot_2,-2.521,3.232
1786014863,159587262,130.953,robot_1,-1.260,-7.473
1786014863,360179027,131.153,robot_0,-0.649,0.183
1786014863,360202713,131.153,robot_2,-2.527,3.172
1786014863,360210644,131.153,robot_1,-1.260,-7.473
1786014863,560575859,131.354,robot_0,-0.649,0.183
1786014863,560597063,131.354,robot_2,-2.533,3.117
1786014863,560604782,131.354,robot_1,-1.260,-7.473
1786014863,779909387,131.573,robot_0,-0.649,0.183
1786014863,779953207,131.573,robot_2,-2.537,3.073
1786014863,780012911,131.573,robot_1,-1.260,-7.473
1786014864,61305,131.793,robot_0,-0.649,0.183
1786014864,95259,131.793,robot_2,-2.543,3.011
1786014864,113631,131.793,robot_1,-1.260,-7.473
1786014864,200376231,131.993,robot_0,-0.649,0.183
1786014864,200405871,131.994,robot_2,-2.550,2.951
1786014864,200419538,131.994,robot_1,-1.260,-7.473
1786014864,400798569,132.194,robot_0,-0.649,0.183
1786014864,400832964,132.194,robot_2,-2.556,2.892
1786014864,400849576,132.194,robot_1,-1.260,-7.473
1786014864,620215548,132.413,robot_0,-0.649,0.183
1786014864,620237248,132.413,robot_2,-2.560,2.846
1786014864,620245258,132.413,robot_1,-1.260,-7.473
1786014864,821649384,132.615,robot_0,-0.649,0.183
1786014864,821689332,132.615,robot_2,-2.565,2.796
1786014864,821710698,132.615,robot_1,-1.260,-7.473
1786014865,40453763,132.834,robot_0,-0.649,0.183
1786014865,40503304,132.834,robot_2,-2.572,2.733
1786014865,40521866,132.834,robot_1,-1.260,-7.473
1786014865,260417507,133.054,robot_0,-0.649,0.183
1786014865,260455342,133.054,robot_2,-2.576,2.689
1786014865,260473284,133.054,robot_1,-1.260,-7.473
1786014865,479775000,133.273,robot_0,-0.649,0.183
1786014865,479799219,133.273,robot_2,-2.581,2.645
1786014865,479809683,133.273,robot_1,-1.260,-7.473
1786014865,680185845,133.473,robot_0,-0.649,0.183
1786014865,680210255,133.473,robot_2,-2.585,2.606
1786014865,680220572,133.473,robot_1,-1.260,-7.473
1786014865,880226095,133.673,robot_0,-0.649,0.183
1786014865,880261432,133.673,robot_2,-2.589,2.566
1786014865,880279077,133.673,robot_1,-1.260,-7.473
1786014866,99758649,133.893,robot_0,-0.649,0.183
1786014866,99782386,133.893,robot_2,-2.595,2.504
1786014866,99792242,133.893,robot_1,-1.260,-7.473
1786014866,300810643,134.094,robot_0,-0.649,0.183
1786014866,300832623,134.094,robot_2,-2.601,2.452
1786014866,300840587,134.094,robot_1,-1.260,-7.473
1786014866,520653012,134.314,robot_0,-0.649,0.183
1786014866,520680836,134.314,robot_2,-2.605,2.408
1786014866,520697414,134.314,robot_1,-1.260,-7.473
1786014866,739139518,134.532,robot_0,-0.649,0.183
1786014866,739159872,134.532,robot_2,-2.612,2.343
1786014866,739167447,134.532,robot_1,-1.260,-7.473
1786014866,941198341,134.734,robot_0,-0.649,0.183
1786014866,941217154,134.734,robot_2,-2.617,2.295
1786014866,941224468,134.734,robot_1,-1.260,-7.473
1786014867,142039371,134.935,robot_0,-0.649,0.183
1786014867,142079091,134.935,robot_2,-2.621,2.253
1786014867,142098926,134.935,robot_1,-1.260,-7.473
1786014867,360744998,135.154,robot_0,-0.649,0.183
1786014867,360816190,135.154,robot_2,-2.628,2.187
1786014867,360858031,135.154,robot_1,-1.260,-7.473
1786014867,579737052,135.373,robot_0,-0.649,0.183
1786014867,579770728,135.373,robot_2,-2.634,2.122
1786014867,579788725,135.373,robot_1,-1.260,-7.473
1786014867,780226364,135.573,robot_0,-0.649,0.183
1786014867,780249156,135.573,robot_2,-2.640,2.068
1786014867,780259260,135.573,robot_1,-1.260,-7.473
1786014868,245284,135.793,robot_0,-0.649,0.183
1786014868,270065,135.793,robot_2,-2.644,2.025
1786014868,280426,135.793,robot_1,-1.260,-7.473
1786014868,200713024,135.994,robot_0,-0.649,0.183
1786014868,200733084,135.994,robot_2,-2.648,1.985
1786014868,200740679,135.994,robot_1,-1.260,-7.473
1786014868,420005063,136.213,robot_0,-0.649,0.183
1786014868,420027286,136.213,robot_2,-2.653,1.941
1786014868,420037323,136.213,robot_1,-1.260,-7.473
1786014868,620210112,136.413,robot_0,-0.649,0.183
1786014868,620237275,136.413,robot_2,-2.657,1.901
1786014868,620251941,136.413,robot_1,-1.260,-7.473
1786014868,840535554,136.634,robot_0,-0.649,0.183
1786014868,840570528,136.634,robot_2,-2.661,1.858
1786014868,840586692,136.634,robot_1,-1.260,-7.473
1786014869,60154432,136.853,robot_0,-0.649,0.183
1786014869,60189413,136.853,robot_2,-2.667,1.799
1786014869,60205713,136.853,robot_1,-1.260,-7.473
1786014869,280705354,137.074,robot_0,-0.649,0.183
1786014869,280740355,137.074,robot_2,-2.674,1.734
1786014869,280758104,137.074,robot_1,-1.260,-7.473
1786014869,500009386,137.293,robot_0,-0.649,0.183
1786014869,500031991,137.293,robot_2,-2.680,1.668
1786014869,500041855,137.293,robot_1,-1.260,-7.473
1786014869,700263220,137.493,robot_0,-0.649,0.183
1786014869,700286150,137.493,robot_2,-2.684,1.627
1786014869,700295178,137.493,robot_1,-1.260,-7.473
1786014869,920287993,137.713,robot_0,-0.649,0.183
1786014869,920313389,137.713,robot_2,-2.689,1.583
1786014869,920325797,137.713,robot_1,-1.260,-7.473
1786014870,120467275,137.914,robot_0,-0.649,0.183
1786014870,120496090,137.914,robot_2,-2.693,1.543
1786014870,120510218,137.914,robot_1,-1.260,-7.473
1786014870,340086400,138.133,robot_0,-0.649,0.183
1786014870,340123673,138.133,robot_2,-2.697,1.499
1786014870,340136033,138.133,robot_1,-1.260,-7.473
1786014870,540194667,138.333,robot_0,-0.649,0.183
1786014870,540227616,138.333,robot_2,-2.701,1.460
1786014870,540245786,138.333,robot_1,-1.260,-7.473
1786014870,740502645,138.534,robot_0,-0.649,0.183
1786014870,740533023,138.534,robot_2,-2.705,1.417
1786014870,740545699,138.534,robot_1,-1.260,-7.473
1786014870,941064963,138.734,robot_0,-0.649,0.183
1786014870,941094871,138.734,robot_2,-2.711,1.358
1786014870,941110834,138.734,robot_1,-1.260,-7.473
1786014871,160774289,138.954,robot_0,-0.649,0.183
1786014871,160811215,138.954,robot_2,-2.718,1.292
1786014871,160828800,138.954,robot_1,-1.260,-7.473
1786014871,360844441,139.154,robot_0,-0.649,0.183
1786014871,360887621,139.154,robot_2,-2.724,1.232
1786014871,360906409,139.154,robot_1,-1.260,-7.473
1786014871,560870132,139.354,robot_0,-0.649,0.183
1786014871,560895841,139.354,robot_2,-2.730,1.172
1786014871,560908181,139.354,robot_1,-1.260,-7.473
1786014871,779856082,139.573,robot_0,-0.649,0.183
1786014871,779895480,139.573,robot_2,-2.736,1.107
1786014871,779913662,139.573,robot_1,-1.260,-7.473
1786014871,979960135,139.773,robot_0,-0.649,0.183
1786014871,980000814,139.773,robot_2,-2.742,1.054
1786014871,980018189,139.773,robot_1,-1.260,-7.473
1786014872,180823258,139.974,robot_0,-0.649,0.183
1786014872,180851262,139.974,robot_2,-2.746,1.014
1786014872,180864918,139.974,robot_1,-1.260,-7.473
1786014872,381182046,140.174,robot_0,-0.649,0.183
1786014872,381219503,140.174,robot_2,-2.751,0.958
1786014872,381256533,140.174,robot_1,-1.260,-7.473
1786014872,600296946,140.393,robot_0,-0.649,0.183
1786014872,600324802,140.393,robot_2,-2.758,0.892
1786014872,600338041,140.393,robot_1,-1.260,-7.473
1786014872,800793387,140.594,robot_0,-0.649,0.183
1786014872,800822798,140.594,robot_2,-2.764,0.832
1786014872,800837515,140.594,robot_1,-1.260,-7.473
1786014873,20209979,140.813,robot_0,-0.649,0.183
1786014873,20251686,140.813,robot_2,-2.769,0.787
1786014873,20275224,140.813,robot_1,-1.260,-7.473
1786014873,221019481,141.014,robot_0,-0.649,0.183
1786014873,221069428,141.014,robot_2,-2.773,0.747
1786014873,221099374,141.014,robot_1,-1.260,-7.473
1786014873,440789082,141.234,robot_0,-0.649,0.183
1786014873,440822568,141.234,robot_2,-2.777,0.703
1786014873,440838648,141.234,robot_1,-1.260,-7.473
1786014873,660195820,141.453,robot_0,-0.649,0.183
1786014873,660220456,141.453,robot_2,-2.781,0.660
1786014873,660230157,141.453,robot_1,-1.260,-7.473
1786014873,879886527,141.673,robot_0,-0.649,0.183
1786014873,879907974,141.673,robot_2,-2.788,0.599
1786014873,879915636,141.673,robot_1,-1.260,-7.473
1786014874,80400470,141.874,robot_0,-0.649,0.183
1786014874,80435933,141.874,robot_2,-2.793,0.546
1786014874,80453251,141.874,robot_1,-1.260,-7.473
1786014874,299911882,142.093,robot_0,-0.649,0.183
1786014874,299943368,142.093,robot_2,-2.797,0.502
1786014874,299958484,142.093,robot_1,-1.260,-7.473
1786014874,500098168,142.293,robot_0,-0.649,0.183
1786014874,500119012,142.293,robot_2,-2.801,0.463
1786014874,500126539,142.293,robot_1,-1.260,-7.473
1786014874,720536059,142.514,robot_0,-0.649,0.183
1786014874,720564677,142.514,robot_2,-2.807,0.408
1786014874,720577955,142.514,robot_1,-1.260,-7.473
1786014874,941714783,142.735,robot_0,-0.649,0.183
1786014874,941736466,142.735,robot_2,-2.813,0.345
1786014874,941746857,142.735,robot_1,-1.260,-7.473
1786014875,161003390,142.954,robot_0,-0.649,0.183
1786014875,161037151,142.954,robot_2,-2.818,0.301
1786014875,161054320,142.954,robot_1,-1.260,-7.473
1786014875,380847511,143.174,robot_0,-0.649,0.183
1786014875,380884030,143.174,robot_2,-2.822,0.258
1786014875,380901206,143.174,robot_1,-1.260,-7.473
1786014875,600531489,143.394,robot_0,-0.649,0.183
1786014875,600564530,143.394,robot_2,-2.827,0.205
1786014875,600581751,143.394,robot_1,-1.260,-7.473
1786014875,820168889,143.613,robot_0,-0.649,0.183
1786014875,820203347,143.613,robot_2,-2.834,0.140
1786014875,820220507,143.613,robot_1,-1.260,-7.473
1786014876,20858248,143.814,robot_0,-0.649,0.183
1786014876,20885398,143.814,robot_2,-2.838,0.100
1786014876,20897357,143.814,robot_1,-1.260,-7.473
1786014876,239729624,144.033,robot_0,-0.649,0.183
1786014876,239752989,144.033,robot_2,-2.844,0.044
1786014876,239763232,144.033,robot_1,-1.260,-7.473
1786014876,439859317,144.233,robot_0,-0.649,0.183
1786014876,439890986,144.233,robot_2,-2.850,-0.016
1786014876,439907164,144.233,robot_1,-1.260,-7.473
1786014876,659437398,144.453,robot_0,-0.649,0.183
1786014876,659458279,144.453,robot_2,-2.856,-0.081
1786014876,659467626,144.453,robot_1,-1.260,-7.473
1786014876,860539287,144.654,robot_0,-0.649,0.183
1786014876,860581545,144.654,robot_2,-2.862,-0.141
1786014876,860603977,144.654,robot_1,-1.260,-7.473
1786014877,60950135,144.854,robot_0,-0.649,0.183
1786014877,60982392,144.854,robot_2,-2.868,-0.196
1786014877,60996751,144.854,robot_1,-1.260,-7.473
1786014877,279892395,145.073,robot_0,-0.649,0.183
1786014877,279925402,145.073,robot_2,-2.872,-0.240
1786014877,279942551,145.073,robot_1,-1.260,-7.473
1786014877,500267348,145.293,robot_0,-0.649,0.183
1786014877,500288520,145.293,robot_2,-2.877,-0.284
1786014877,500297529,145.293,robot_1,-1.260,-7.473
1786014877,720433063,145.514,robot_0,-0.649,0.183
1786014877,720464782,145.514,robot_2,-2.881,-0.327
1786014877,720483266,145.514,robot_1,-1.260,-7.473
1786014877,920476410,145.714,robot_0,-0.649,0.183
1786014877,920520691,145.714,robot_2,-2.885,-0.368
1786014877,920544896,145.714,robot_1,-1.260,-7.473
1786014878,140365811,145.933,robot_0,-0.649,0.183
1786014878,140409018,145.934,robot_2,-2.892,-0.433
1786014878,140433002,145.934,robot_1,-1.260,-7.473
1786014878,340445935,146.134,robot_0,-0.649,0.183
1786014878,340472345,146.134,robot_2,-2.897,-0.481
1786014878,340484149,146.134,robot_1,-1.260,-7.473
