elapsed_s,robot,selected_event,uncontrollable_events,raw_zone
0.378,robot_0,EV_search_object,EV_path_clear,CLEAR
0.523,robot_0,EV_search_object,EV_path_clear,CLEAR
0.724,robot_0,EV_move_forward,EV_path_clear,CLEAR
1.023,robot_0,EV_search_object,EV_path_clear,CLEAR
1.225,robot_0,EV_search_object,EV_path_clear,CLEAR
1.424,robot_0,EV_search_object,EV_path_clear,CLEAR
1.624,robot_0,EV_search_object,EV_path_clear,CLEAR
1.824,robot_0,EV_move_forward,EV_path_clear,CLEAR
2.123,robot_0,EV_search_object,EV_path_clear,CLEAR
2.230,robot_0,EV_move_forward,EV_path_clear,CLEAR
2.528,robot_0,EV_search_object,EV_path_clear,CLEAR
2.723,robot_0,EV_search_object,EV_path_clear,CLEAR
2.924,robot_0,EV_move_forward,EV_path_clear,CLEAR
3.223,robot_0,EV_search_object,EV_path_clear,CLEAR
3.426,robot_0,EV_search_object,EV_path_clear,CLEAR
3.624,robot_0,EV_move_forward,EV_path_clear,CLEAR
3.923,robot_0,EV_move_forward,EV_path_clear,CLEAR
4.223,robot_0,EV_move_forward,EV_path_clear,CLEAR
4.523,robot_0,EV_search_object,EV_path_clear,CLEAR
4.629,robot_0,EV_move_forward,EV_path_clear,CLEAR
4.927,robot_0,EV_move_forward,EV_path_clear,CLEAR
5.226,robot_0,EV_move_forward,EV_path_clear,CLEAR
5.523,robot_0,EV_search_object,EV_path_clear,CLEAR
5.725,robot_0,EV_search_object,EV_path_clear,CLEAR
5.923,robot_0,EV_move_forward,EV_path_clear,CLEAR
6.132,robot_0,EV_move_forward,EV_path_clear,CLEAR
6.427,robot_0,EV_search_object,EV_path_clear,CLEAR
6.624,robot_0,EV_move_forward,EV_path_clear,CLEAR
6.929,robot_0,EV_search_object,EV_path_clear,CLEAR
7.129,robot_0,EV_search_object,EV_path_clear,CLEAR
7.408,robot_0,EV_move_forward,EV_path_clear,CLEAR
7.657,robot_0,EV_search_object,EV_path_clear|EV_object_not_visible,CLEAR
7.917,robot_0,EV_search_object,EV_path_clear,CLEAR
8.158,robot_0,EV_search_object,EV_path_clear,CLEAR
8.303,robot_0,EV_move_forward,EV_path_clear,CLEAR
8.571,robot_0,EV_move_forward,EV_path_clear,CLEAR
8.825,robot_0,EV_search_object,EV_path_clear,CLEAR
8.959,robot_0,EV_search_object,EV_path_clear,CLEAR
9.090,robot_0,EV_move_forward,EV_path_clear,CLEAR
9.396,robot_0,EV_move_forward,EV_path_clear,CLEAR
9.701,robot_0,EV_move_forward,EV_path_clear,CLEAR
9.935,robot_0,EV_search_object,EV_path_clear,CLEAR
10.211,robot_0,EV_move_forward,EV_path_clear,CLEAR
10.475,robot_0,EV_pick_up_object,EV_object_reached|EV_path_clear,CLEAR
10.862,robot_0,EV_move_forward,EV_path_clear,CLEAR
11.181,robot_0,EV_drop_zone_red,EV_path_clear,CLEAR
11.312,robot_0,EV_move_forward,EV_path_clear,CLEAR
11.579,robot_0,EV_move_forward,EV_path_clear,CLEAR
11.843,robot_0,EV_move_forward,EV_path_clear,CLEAR
12.175,robot_0,EV_search_color,EV_path_clear,CLEAR
12.378,robot_0,EV_move_forward,EV_path_clear,CLEAR
12.670,robot_0,EV_move_forward,EV_path_clear,CLEAR
12.934,robot_0,EV_search_color,EV_path_clear,CLEAR
13.170,robot_0,EV_search_color,EV_path_clear,CLEAR
13.340,robot_0,EV_search_color,EV_path_clear,CLEAR
13.556,robot_0,EV_move_forward,EV_object_reached|EV_path_clear,CLEAR
13.825,robot_0,EV_search_color,EV_path_clear,CLEAR
13.945,robot_0,EV_move_forward,EV_path_clear,CLEAR
14.267,robot_0,EV_search_color,EV_path_clear,CLEAR
14.457,robot_0,EV_search_color,EV_recieve_drop_zone_blue|EV_path_clear,CLEAR
14.657,robot_0,EV_move_forward,EV_path_clear,CLEAR
14.935,robot_0,EV_move_forward,EV_path_clear,CLEAR
15.162,robot_0,EV_move_forward,EV_path_clear,CLEAR
15.467,robot_0,EV_move_forward,EV_path_clear,CLEAR
15.793,robot_0,EV_move_forward,EV_path_clear,CLEAR
16.087,robot_0,EV_search_color,EV_object_reached|EV_path_clear,CLEAR
16.240,robot_0,EV_search_color,EV_path_clear,CLEAR
16.462,robot_0,EV_move_forward,EV_path_clear,CLEAR
16.742,robot_0,EV_search_color,EV_path_clear,CLEAR
16.928,robot_0,EV_search_color,EV_path_clear,CLEAR
17.068,robot_0,EV_move_forward,EV_path_clear,CLEAR
17.334,robot_0,EV_search_color,EV_path_clear,CLEAR
17.591,robot_0,EV_search_color,EV_path_clear,CLEAR
17.755,robot_0,EV_move_forward,EV_path_clear,CLEAR
18.076,robot_0,EV_move_forward,EV_object_reached|EV_path_clear,CLEAR
18.363,robot_0,EV_move_forward,EV_path_clear,CLEAR
18.645,robot_0,EV_search_color,EV_path_clear,CLEAR
18.788,robot_0,EV_search_color,EV_path_clear,CLEAR
18.962,robot_0,EV_move_forward,EV_path_clear,CLEAR
19.254,robot_0,EV_move_forward,EV_path_clear,CLEAR
19.592,robot_0,EV_move_forward,EV_path_clear,CLEAR
19.840,robot_0,EV_move_forward,EV_path_clear,CLEAR
20.074,robot_0,EV_move_forward,EV_path_clear,CLEAR
20.397,robot_0,EV_search_color,EV_object_reached|EV_path_clear,CLEAR
20.584,robot_0,EV_move_forward,EV_path_clear,CLEAR
20.854,robot_0,EV_search_color,EV_path_clear,CLEAR
21.042,robot_0,EV_move_forward,EV_path_clear,CLEAR
21.384,robot_0,EV_move_forward,EV_path_clear,CLEAR
21.630,robot_0,EV_search_color,EV_path_clear,CLEAR
21.830,robot_0,EV_search_color,EV_path_clear,CLEAR
22.028,robot_0,EV_move_forward,EV_path_clear,CLEAR
22.264,robot_0,EV_search_color,EV_path_clear,CLEAR
22.459,robot_0,EV_move_forward,EV_path_clear,CLEAR
22.752,robot_0,EV_search_color,EV_object_reached|EV_path_clear,CLEAR
22.953,robot_0,EV_search_color,EV_path_clear,CLEAR
23.156,robot_0,EV_search_color,EV_path_clear,CLEAR
23.346,robot_0,EV_search_color,EV_path_clear,CLEAR
23.550,robot_0,EV_move_forward,EV_path_clear,CLEAR
23.847,robot_0,EV_search_color,EV_path_clear,CLEAR
24.044,robot_0,EV_move_forward,EV_path_clear,CLEAR
24.367,robot_0,EV_search_color,EV_path_clear,CLEAR
24.526,robot_0,EV_move_forward,EV_path_clear,CLEAR
24.764,robot_0,EV_move_forward,EV_object_reached|EV_path_clear,CLEAR
25.090,robot_0,EV_move_forward,EV_path_clear,CLEAR
25.325,robot_0,EV_move_forward,EV_path_clear,CLEAR
25.554,robot_0,EV_search_color,EV_path_clear,CLEAR
25.768,robot_0,EV_search_color,EV_path_clear,CLEAR
25.949,robot_0,EV_move_forward,EV_path_clear,CLEAR
26.255,robot_0,EV_move_forward,EV_path_clear,CLEAR
26.550,robot_0,EV_move_forward,EV_path_clear,CLEAR
26.785,robot_0,EV_search_color,EV_path_clear,CLEAR
26.928,robot_0,EV_move_forward,EV_object_reached|EV_path_clear,CLEAR
27.239,robot_0,EV_search_color,EV_path_clear,CLEAR
27.468,robot_0,EV_move_forward,EV_path_clear,CLEAR
27.730,robot_0,EV_move_forward,EV_path_clear,CLEAR
28.053,robot_0,EV_search_color,EV_path_clear,CLEAR
28.295,robot_0,EV_search_color,EV_path_clear,CLEAR
28.466,robot_0,EV_move_forward,EV_path_clear,CLEAR
28.765,robot_0,EV_search_color,EV_path_clear,CLEAR
28.923,robot_0,EV_move_forward,EV_object_reached|EV_path_clear,CLEAR
29.277,robot_0,EV_search_color,EV_path_clear,CLEAR
29.490,robot_0,EV_move_forward,EV_path_clear,CLEAR
29.799,robot_0,EV_move_forward,EV_path_clear,CLEAR
30.047,robot_0,EV_search_color,EV_path_clear,CLEAR
30.243,robot_0,EV_move_forward,EV_path_clear,CLEAR
30.478,robot_0,EV_search_color,EV_path_clear,CLEAR
30.688,robot_0,EV_search_color,EV_path_clear,CLEAR
30.942,robot_0,EV_search_color,EV_path_clear,CLEAR
31.084,robot_0,EV_move_forward,EV_path_clear,CLEAR
31.342,robot_0,EV_move_forward,EV_path_clear,CLEAR
31.616,robot_0,EV_search_color,EV_object_reached|EV_path_clear,CLEAR
31.836,robot_0,EV_search_color,EV_path_clear,CLEAR
32.001,robot_0,EV_search_color,EV_path_clear,CLEAR
32.165,robot_0,EV_move_forward,EV_path_clear,CLEAR
32.435,robot_0,EV_search_color,EV_path_clear,CLEAR
32.684,robot_0,EV_search_color,EV_path_clear,CLEAR
32.852,robot_0,EV_search_color,EV_path_clear,CLEAR
33.114,robot_0,EV_search_color,EV_path_clear,CLEAR
33.325,robot_0,EV_search_color,EV_path_clear,CLEAR
33.468,robot_0,EV_move_forward,EV_path_clear,CLEAR
33.738,robot_0,EV_move_forward,EV_object_reached|EV_path_clear,CLEAR
34.030,robot_0,EV_search_color,EV_path_clear,CLEAR
34.282,robot_0,EV_search_color,EV_path_clear,CLEAR
34.446,robot_0,EV_search_color,EV_path_clear,CLEAR
34.668,robot_0,EV_search_color,EV_path_clear,CLEAR
34.833,robot_0,EV_move_forward,EV_path_clear,CLEAR
35.065,robot_0,EV_move_forward,EV_path_clear,CLEAR
35.392,robot_0,EV_search_color,EV_path_clear,CLEAR
35.571,robot_0,EV_search_color,EV_path_clear,CLEAR
35.768,robot_0,EV_search_color,EV_path_clear,CLEAR
35.933,robot_0,EV_move_forward,EV_object_reached|EV_path_clear,CLEAR
36.171,robot_0,EV_search_color,EV_path_clear,CLEAR
36.338,robot_0,EV_search_color,EV_path_clear,CLEAR
36.469,robot_0,EV_search_color,EV_path_clear,CLEAR
36.633,robot_0,EV_move_forward,EV_path_clear,CLEAR
36.940,robot_0,EV_move_forward,EV_path_clear,CLEAR
37.253,robot_0,EV_move_forward,EV_path_clear,CLEAR
37.567,robot_0,EV_move_forward,EV_path_clear,CLEAR
37.859,robot_0,EV_search_color,EV_path_clear,CLEAR
38.034,robot_0,EV_search_color,EV_object_reached|EV_path_clear,CLEAR
38.252,robot_0,EV_move_forward,EV_path_clear,CLEAR
38.528,robot_0,EV_search_color,EV_path_clear,CLEAR
38.658,robot_0,EV_search_color,EV_path_clear,CLEAR
38.862,robot_0,EV_search_color,EV_path_clear,CLEAR
39.037,robot_0,EV_move_forward,EV_path_clear,CLEAR
39.285,robot_0,EV_move_forward,EV_path_clear,CLEAR
39.543,robot_0,EV_search_color,EV_path_clear,CLEAR
39.747,robot_0,EV_search_color,EV_path_clear,CLEAR
39.957,robot_0,EV_move_forward,EV_object_reached|EV_path_clear,CLEAR
40.235,robot_0,EV_move_forward,EV_path_clear,CLEAR
40.542,robot_0,EV_search_color,EV_path_clear,CLEAR
40.764,robot_0,EV_move_forward,EV_path_clear,CLEAR
41.078,robot_0,EV_search_color,EV_path_clear,CLEAR
41.251,robot_0,EV_search_color,EV_path_clear,CLEAR
41.444,robot_0,EV_search_color,EV_path_clear,CLEAR
41.642,robot_0,EV_search_color,EV_path_clear,CLEAR
41.784,robot_0,EV_search_color,EV_path_clear,CLEAR
41.989,robot_0,EV_search_color,EV_path_clear,CLEAR
42.126,robot_0,EV_search_color,EV_object_reached|EV_path_clear,CLEAR
42.262,robot_0,EV_move_forward,EV_path_clear,CLEAR
42.532,robot_0,EV_move_forward,EV_path_clear,CLEAR
42.857,robot_0,EV_move_forward,EV_path_clear,CLEAR
43.144,robot_0,EV_move_forward,EV_path_clear,CLEAR
43.482,robot_0,EV_search_color,EV_path_clear,CLEAR
43.683,robot_0,EV_move_forward,EV_path_clear,CLEAR
44.028,robot_0,EV_move_forward,EV_path_clear,CLEAR
44.284,robot_0,EV_move_forward,EV_path_clear,CLEAR
44.563,robot_0,EV_move_forward,EV_object_reached|EV_path_clear,CLEAR
44.885,robot_0,EV_move_forward,EV_path_clear,CLEAR
45.162,robot_0,EV_move_forward,EV_path_clear,CLEAR
45.479,robot_0,EV_move_forward,EV_path_clear,CLEAR
45.784,robot_0,EV_search_color,EV_path_clear,CLEAR
45.967,robot_0,EV_move_forward,EV_path_clear,CLEAR
46.280,robot_0,EV_move_forward,EV_path_clear,CLEAR
46.583,robot_0,EV_search_color,EV_path_clear,CLEAR
46.750,robot_0,EV_search_color,EV_path_clear,CLEAR
46.924,robot_0,EV_move_forward,EV_path_clear,CLEAR
47.177,robot_0,EV_move_forward,EV_object_reached|EV_path_clear,CLEAR
47.410,robot_0,EV_move_forward,EV_path_clear,CLEAR
47.675,robot_0,EV_move_forward,EV_path_clear,CLEAR
47.950,robot_0,EV_move_forward,EV_path_clear,CLEAR
48.234,robot_0,EV_move_forward,EV_path_clear,CLEAR
48.565,robot_0,EV_search_color,EV_recieve_drop_zone_blue|EV_path_clear,CLEAR
48.791,robot_0,EV_move_forward,EV_path_clear,CLEAR
49.119,robot_0,EV_move_forward,EV_path_clear,CLEAR
49.330,robot_0,EV_move_forward,EV_path_clear,CLEAR
49.638,robot_0,EV_move_forward,EV_object_reached|EV_path_clear,CLEAR
49.927,robot_0,EV_move_forward,EV_path_clear,CLEAR
50.182,robot_0,EV_search_color,EV_path_clear,CLEAR
50.372,robot_0,EV_move_forward,EV_path_clear,CLEAR
50.593,robot_0,EV_move_forward,EV_path_clear,CLEAR
50.846,robot_0,EV_search_color,EV_path_clear,CLEAR
50.976,robot_0,EV_search_color,EV_path_clear,CLEAR
51.169,robot_0,EV_move_forward,EV_path_clear,CLEAR
51.437,robot_0,EV_search_color,EV_object_reached|EV_path_clear,CLEAR
51.662,robot_0,EV_move_forward,EV_path_clear,CLEAR
51.954,robot_0,EV_search_color,EV_path_clear,CLEAR
52.123,robot_0,EV_move_forward,EV_path_clear,CLEAR
52.454,robot_0,EV_move_forward,EV_path_clear,CLEAR
52.740,robot_0,EV_search_color,EV_path_clear,CLEAR
52.959,robot_0,EV_move_forward,EV_path_clear,CLEAR
53.267,robot_0,EV_search_color,EV_object_reached|EV_path_clear,CLEAR
53.430,robot_0,EV_move_forward,EV_path_clear,CLEAR
53.691,robot_0,EV_move_forward,EV_path_clear,CLEAR
53.933,robot_0,EV_move_forward,EV_path_clear,CLEAR
54.164,robot_0,EV_search_color,EV_path_clear,CLEAR
54.365,robot_0,EV_move_forward,EV_path_clear,CLEAR
54.666,robot_0,EV_move_forward,EV_path_clear,CLEAR
54.976,robot_0,EV_search_color,EV_object_reached|EV_path_clear,CLEAR
55.162,robot_0,EV_search_color,EV_path_clear,CLEAR
55.366,robot_0,EV_move_forward,EV_path_clear,CLEAR
55.661,robot_0,EV_search_color,EV_path_clear,CLEAR
55.834,robot_0,EV_move_forward,EV_path_clear,CLEAR
56.078,robot_0,EV_move_forward,EV_path_clear,CLEAR
56.375,robot_0,EV_move_forward,EV_path_clear,CLEAR
56.577,robot_0,EV_search_color,EV_path_clear,CLEAR
56.770,robot_0,EV_search_color,EV_object_reached|EV_path_clear,CLEAR
56.984,robot_0,EV_move_forward,EV_path_clear,CLEAR
57.247,robot_0,EV_search_color,EV_path_clear,CLEAR
57.370,robot_0,EV_move_forward,EV_path_clear,CLEAR
57.656,robot_0,EV_move_forward,EV_path_clear,CLEAR
57.945,robot_0,EV_search_color,EV_path_clear,CLEAR
58.148,robot_0,EV_move_forward,EV_path_clear,CLEAR
58.485,robot_0,EV_move_forward,EV_path_clear,CLEAR
58.777,robot_0,EV_search_color,EV_object_reached|EV_path_clear,CLEAR
58.933,robot_0,EV_move_forward,EV_path_clear,CLEAR
59.166,robot_0,EV_move_forward,EV_path_clear,CLEAR
59.458,robot_0,EV_move_forward,EV_path_clear,CLEAR
59.736,robot_0,EV_move_forward,EV_path_clear,CLEAR
59.991,robot_0,EV_search_color,EV_path_clear,CLEAR
60.124,robot_0,EV_move_forward,EV_path_clear,CLEAR
60.455,robot_0,EV_move_forward,EV_path_clear,CLEAR
60.682,robot_0,EV_move_forward,EV_object_reached|EV_path_clear,CLEAR
60.990,robot_0,EV_search_color,EV_path_clear,CLEAR
61.160,robot_0,EV_move_forward,EV_path_clear,CLEAR
61.433,robot_0,EV_search_color,EV_path_clear,CLEAR
61.585,robot_0,EV_move_forward,EV_path_clear,CLEAR
61.859,robot_0,EV_search_color,EV_path_clear,CLEAR
62.082,robot_0,EV_move_forward,EV_path_clear,CLEAR
62.343,robot_0,EV_move_forward,EV_path_clear,CLEAR
62.632,robot_0,EV_move_forward,EV_object_reached|EV_path_clear,CLEAR
62.903,robot_0,EV_search_color,EV_path_clear,CLEAR
63.091,robot_0,EV_search_color,EV_path_clear,CLEAR
63.262,robot_0,EV_search_color,EV_path_clear,CLEAR
63.466,robot_0,EV_search_color,EV_path_clear,CLEAR
63.650,robot_0,EV_move_forward,EV_path_clear,CLEAR
63.945,robot_0,EV_search_color,EV_path_clear,CLEAR
64.169,robot_0,EV_search_color,EV_object_reached|EV_path_clear,CLEAR
64.384,robot_0,EV_search_color,EV_path_clear,CLEAR
64.529,robot_0,EV_search_color,EV_path_clear,CLEAR
64.668,robot_0,EV_move_forward,EV_path_clear,CLEAR
64.951,robot_0,EV_move_forward,EV_path_clear,CLEAR
65.240,robot_0,EV_move_forward,EV_path_clear,CLEAR
65.564,robot_0,EV_move_forward,EV_path_clear,CLEAR
65.899,robot_0,EV_search_color,EV_path_clear,CLEAR
66.040,robot_0,EV_search_color,EV_object_reached|EV_path_clear,CLEAR
66.199,robot_0,EV_move_forward,EV_path_clear,CLEAR
66.433,robot_0,EV_move_forward,EV_path_clear,CLEAR
66.747,robot_0,EV_search_color,EV_path_clear,CLEAR
66.948,robot_0,EV_move_forward,EV_path_clear,CLEAR
67.260,robot_0,EV_search_color,EV_path_clear,CLEAR
67.440,robot_0,EV_move_forward,EV_path_clear,CLEAR
67.756,robot_0,EV_move_forward,EV_path_clear,CLEAR
68.031,robot_0,EV_search_color,EV_path_clear,CLEAR
68.202,robot_0,EV_search_color,EV_path_clear|EV_object_not_visible,CLEAR
68.364,robot_0,EV_search_color,EV_path_clear,CLEAR
68.535,robot_0,EV_search_color,EV_path_clear,CLEAR
68.723,robot_0,EV_search_color,EV_path_clear,CLEAR
68.847,robot_0,EV_move_forward,EV_path_clear,CLEAR
69.157,robot_0,EV_move_forward,EV_path_clear,CLEAR
69.462,robot_0,EV_move_forward,EV_path_clear,CLEAR
69.732,robot_0,EV_move_forward,EV_path_clear,CLEAR
70.070,robot_0,EV_rotate_clockwise,EV_obstacle_front,CORNER
70.284,robot_0,EV_move_backward,EV_object_not_visible|EV_obstacle_front,CORNER
70.633,robot_0,EV_move_backward,EV_obstacle_front,CORNER
70.929,robot_0,EV_u_turn,EV_obstacle_front,CORNER
74.728,robot_0,EV_u_turn,EV_obstacle_right|EV_object_not_visible,RIGHT
74.886,robot_0,EV_rotate_counterclockwise,EV_obstacle_right,RIGHT
77.739,robot_0,EV_rotate_counterclockwise,EV_obstacle_right|EV_object_not_visible,RIGHT
77.979,robot_0,EV_u_turn,EV_obstacle_right,RIGHT
81.746,robot_0,EV_search_color,EV_object_visible|EV_path_clear,CLEAR
81.924,robot_0,EV_move_forward,EV_path_clear,CLEAR
82.181,robot_0,EV_search_color,EV_object_visible|EV_path_clear,CLEAR
82.326,robot_0,EV_search_color,EV_path_clear,CLEAR
82.576,robot_0,EV_move_forward,EV_path_clear,CLEAR
82.870,robot_0,EV_search_color,EV_path_clear,CLEAR
83.057,robot_0,EV_move_forward,EV_path_clear,CLEAR
83.345,robot_0,EV_search_color,EV_path_clear,CLEAR
83.470,robot_0,EV_move_forward,EV_path_clear,CLEAR
83.733,robot_0,EV_move_forward,EV_path_clear,CLEAR
83.966,robot_0,EV_move_forward,EV_path_clear,CLEAR
84.269,robot_0,EV_search_color,EV_object_visible|EV_path_clear,CLEAR
84.443,robot_0,EV_search_color,EV_path_clear,CLEAR
84.652,robot_0,EV_move_forward,EV_path_clear,CLEAR
84.937,robot_0,EV_move_forward,EV_path_clear,CLEAR
85.260,robot_0,EV_move_forward,EV_path_clear,CLEAR
85.572,robot_0,EV_move_forward,EV_path_clear,CLEAR
85.843,robot_0,EV_search_color,EV_path_clear,CLEAR
85.997,robot_0,EV_move_forward,EV_path_clear,CLEAR
86.250,robot_0,EV_search_color,EV_object_visible|EV_path_clear,CLEAR
86.477,robot_0,EV_move_forward,EV_path_clear,CLEAR
86.792,robot_0,EV_search_color,EV_path_clear,CLEAR
86.963,robot_0,EV_move_forward,EV_path_clear,CLEAR
87.193,robot_0,EV_move_forward,EV_path_clear,CLEAR
87.475,robot_0,EV_search_color,EV_path_clear,CLEAR
87.680,robot_0,EV_move_forward,EV_path_clear,CLEAR
87.925,robot_0,EV_move_forward,EV_path_clear,CLEAR
88.236,robot_0,EV_search_color,EV_path_clear,CLEAR
88.436,robot_0,EV_search_color,EV_path_clear,CLEAR
88.681,robot_0,EV_move_forward,EV_object_reached|EV_path_clear,CLEAR
88.954,robot_0,EV_move_forward,EV_path_clear,CLEAR
89.235,robot_0,EV_move_forward,EV_path_clear,CLEAR
89.567,robot_0,EV_move_forward,EV_path_clear,CLEAR
89.835,robot_0,EV_search_color,EV_path_clear,CLEAR
90.045,robot_0,EV_move_forward,EV_path_clear,CLEAR
90.365,robot_0,EV_move_forward,EV_path_clear,CLEAR
90.645,robot_0,EV_search_color,EV_path_clear,CLEAR
90.767,robot_0,EV_search_color,EV_path_clear,CLEAR
90.926,robot_0,EV_search_color,EV_object_reached|EV_path_clear,CLEAR
91.166,robot_0,EV_move_forward,EV_path_clear,CLEAR
91.457,robot_0,EV_search_color,EV_path_clear,CLEAR
91.683,robot_0,EV_move_forward,EV_path_clear,CLEAR
91.944,robot_0,EV_search_color,EV_path_clear,CLEAR
92.190,robot_0,EV_search_color,EV_path_clear,CLEAR
92.326,robot_0,EV_search_color,EV_path_clear,CLEAR
92.485,robot_0,EV_search_color,EV_path_clear,CLEAR
92.702,robot_0,EV_move_forward,EV_path_clear,CLEAR
92.996,robot_0,EV_search_color,EV_path_clear,CLEAR
93.174,robot_0,EV_move_forward,EV_path_clear,CLEAR
93.460,robot_0,EV_search_color,EV_object_reached|EV_path_clear,CLEAR
93.685,robot_0,EV_search_color,EV_path_clear,CLEAR
93.827,robot_0,EV_search_color,EV_path_clear,CLEAR
94.049,robot_0,EV_move_forward,EV_path_clear,CLEAR
94.277,robot_0,EV_move_forward,EV_path_clear,CLEAR
94.545,robot_0,EV_move_forward,EV_path_clear,CLEAR
94.883,robot_0,EV_search_color,EV_path_clear,CLEAR
95.086,robot_0,EV_move_forward,EV_path_clear,CLEAR
95.349,robot_0,EV_search_color,EV_object_reached|EV_path_clear,CLEAR
95.566,robot_0,EV_search_color,EV_path_clear,CLEAR
95.770,robot_0,EV_search_color,EV_path_clear,CLEAR
95.931,robot_0,EV_move_forward,EV_path_clear,CLEAR
96.233,robot_0,EV_move_forward,EV_path_clear,CLEAR
96.476,robot_0,EV_search_color,EV_path_clear,CLEAR
96.679,robot_0,EV_search_color,EV_path_clear,CLEAR
96.826,robot_0,EV_search_color,EV_path_clear,CLEAR
97.073,robot_0,EV_search_color,EV_path_clear,CLEAR
97.239,robot_0,EV_search_color,EV_path_clear,CLEAR
97.460,robot_0,EV_move_forward,EV_path_clear,CLEAR
97.681,robot_0,EV_move_forward,EV_object_reached|EV_path_clear,CLEAR
97.957,robot_0,EV_search_color,EV_path_clear,CLEAR
98.150,robot_0,EV_move_forward,EV_path_clear,CLEAR
98.440,robot_0,EV_move_forward,EV_path_clear,CLEAR
98.754,robot_0,EV_move_forward,EV_path_clear,CLEAR
99.027,robot_0,EV_search_color,EV_path_clear,CLEAR
99.237,robot_0,EV_rotate_clockwise,EV_obstacle_left,LEFT
99.440,robot_0,EV_u_turn,EV_obstacle_left|EV_object_reached,LEFT
103.391,robot_0,EV_u_turn,EV_obstacle_left|EV_object_reached,LEFT
103.503,robot_0,EV_move_forward,EV_path_clear,CLEAR
103.777,robot_0,EV_search_color,EV_object_reached|EV_path_clear,CLEAR
103.927,robot_0,EV_move_forward,EV_path_clear,CLEAR
104.141,robot_0,EV_move_forward,EV_path_clear,CLEAR
104.426,robot_0,EV_move_forward,EV_path_clear,CLEAR
104.677,robot_0,EV_search_color,EV_path_clear,CLEAR
104.858,robot_0,EV_move_forward,EV_path_clear,CLEAR
105.163,robot_0,EV_move_forward,EV_path_clear,CLEAR
105.464,robot_0,EV_search_color,EV_path_clear,CLEAR
105.654,robot_0,EV_move_forward,EV_path_clear,CLEAR
105.942,robot_0,EV_search_color,EV_object_reached|EV_path_clear,CLEAR
106.124,robot_0,EV_move_forward,EV_path_clear,CLEAR
106.358,robot_0,EV_move_forward,EV_path_clear,CLEAR
106.654,robot_0,EV_search_color,EV_path_clear,CLEAR
106.864,robot_0,EV_search_color,EV_path_clear,CLEAR
107.067,robot_0,EV_move_forward,EV_path_clear,CLEAR
107.370,robot_0,EV_move_forward,EV_path_clear,CLEAR
107.658,robot_0,EV_u_turn,EV_obstacle_right,RIGHT
111.562,robot_0,EV_u_turn,EV_object_reached|EV_obstacle_right,RIGHT
111.668,robot_0,EV_rotate_counterclockwise,EV_object_reached|EV_obstacle_right,RIGHT
111.869,robot_0,EV_rotate_counterclockwise,EV_obstacle_right,RIGHT
112.070,robot_0,EV_rotate_counterclockwise,EV_obstacle_right,RIGHT
112.257,robot_0,EV_rotate_counterclockwise,EV_obstacle_right,RIGHT
112.455,robot_0,EV_rotate_counterclockwise,EV_obstacle_right,RIGHT
112.624,robot_0,EV_u_turn,EV_obstacle_right,RIGHT
112.741,robot_0,EV_rotate_counterclockwise,EV_obstacle_right,RIGHT
112.960,robot_0,EV_u_turn,EV_obstacle_right,RIGHT
113.090,robot_0,EV_rotate_counterclockwise,EV_obstacle_right,RIGHT
113.268,robot_0,EV_u_turn,EV_obstacle_right,RIGHT
113.379,robot_0,EV_u_turn,EV_obstacle_right,RIGHT
113.499,robot_0,EV_rotate_counterclockwise,EV_obstacle_right,RIGHT
113.671,robot_0,EV_u_turn,EV_object_reached|EV_obstacle_right,RIGHT
117.466,robot_0,EV_move_forward,EV_object_reached|EV_path_clear,CLEAR
117.723,robot_0,EV_move_forward,EV_object_reached|EV_path_clear,CLEAR
118.044,robot_0,EV_search_color,EV_path_clear,CLEAR
118.249,robot_0,EV_search_color,EV_path_clear,CLEAR
118.372,robot_0,EV_search_color,EV_path_clear,CLEAR
118.569,robot_0,EV_search_color,EV_path_clear,CLEAR
118.723,robot_0,EV_move_forward,EV_path_clear,CLEAR
119.062,robot_0,EV_search_color,EV_path_clear,CLEAR
119.255,robot_0,EV_search_color,EV_path_clear,CLEAR
119.519,robot_0,EV_move_forward,EV_path_clear,CLEAR
119.747,robot_0,EV_move_forward,EV_path_clear,CLEAR
120.061,robot_0,EV_move_forward,EV_object_reached|EV_path_clear,CLEAR
120.365,robot_0,EV_search_color,EV_path_clear,CLEAR
120.565,robot_0,EV_move_forward,EV_path_clear,CLEAR
120.834,robot_0,EV_search_color,EV_path_clear,CLEAR
120.957,robot_0,EV_search_color,EV_path_clear,CLEAR
121.125,robot_0,EV_search_color,EV_path_clear,CLEAR
121.363,robot_0,EV_move_forward,EV_path_clear,CLEAR
121.631,robot_0,EV_search_color,EV_path_clear,CLEAR
121.774,robot_0,EV_search_color,EV_path_clear,CLEAR
121.997,robot_0,EV_search_color,EV_object_reached|EV_path_clear,CLEAR
122.138,robot_0,EV_move_forward,EV_path_clear,CLEAR
122.452,robot_0,EV_move_forward,EV_path_clear,CLEAR
122.726,robot_0,EV_search_color,EV_path_clear,CLEAR
122.856,robot_0,EV_move_forward,EV_path_clear,CLEAR
123.153,robot_0,EV_move_forward,EV_path_clear,CLEAR
123.439,robot_0,EV_move_forward,EV_path_clear,CLEAR
123.678,robot_0,EV_search_color,EV_path_clear,CLEAR
123.840,robot_0,EV_move_forward,EV_path_clear,CLEAR
124.096,robot_0,EV_move_forward,EV_object_reached|EV_path_clear,CLEAR
124.453,robot_0,EV_move_forward,EV_path_clear,CLEAR
124.744,robot_0,EV_move_forward,EV_path_clear,CLEAR
125.060,robot_0,EV_move_forward,EV_path_clear,CLEAR
125.325,robot_0,EV_search_color,EV_path_clear,CLEAR
125.468,robot_0,EV_move_forward,EV_path_clear,CLEAR
125.707,robot_0,EV_move_forward,EV_path_clear,CLEAR
125.944,robot_0,EV_move_forward,EV_path_clear,CLEAR
126.256,robot_0,EV_move_forward,EV_object_reached|EV_path_clear,CLEAR
126.544,robot_0,EV_move_forward,EV_path_clear,CLEAR
126.795,robot_0,EV_search_color,EV_path_clear,CLEAR
126.929,robot_0,EV_search_color,EV_path_clear,CLEAR
127.154,robot_0,EV_search_color,EV_path_clear,CLEAR
127.352,robot_0,EV_move_forward,EV_path_clear,CLEAR
127.584,robot_0,EV_move_forward,EV_path_clear,CLEAR
127.855,robot_0,EV_move_forward,EV_path_clear,CLEAR
128.064,robot_0,EV_move_forward,EV_path_clear,CLEAR
128.381,robot_0,EV_search_color,EV_object_reached|EV_path_clear,CLEAR
128.591,robot_0,EV_move_forward,EV_path_clear,CLEAR
128.830,robot_0,EV_search_color,EV_path_clear,CLEAR
128.956,robot_0,EV_move_forward,EV_path_clear,CLEAR
129.241,robot_0,EV_search_color,EV_path_clear,CLEAR
129.378,robot_0,EV_search_color,EV_path_clear,CLEAR
129.557,robot_0,EV_move_forward,EV_path_clear,CLEAR
129.830,robot_0,EV_search_color,EV_path_clear,CLEAR
129.973,robot_0,EV_search_color,EV_path_clear,CLEAR
130.126,robot_0,EV_move_forward,EV_path_clear,CLEAR
130.366,robot_0,EV_search_color,EV_object_reached|EV_path_clear,CLEAR
130.536,robot_0,EV_move_forward,EV_path_clear,CLEAR
130.842,robot_0,EV_move_forward,EV_path_clear,CLEAR
131.154,robot_0,EV_search_color,EV_path_clear,CLEAR
131.269,robot_0,EV_search_color,EV_path_clear,CLEAR
131.463,robot_0,EV_move_forward,EV_path_clear,CLEAR
131.774,robot_0,EV_move_forward,EV_path_clear,CLEAR
132.023,robot_0,EV_move_forward,EV_object_reached|EV_path_clear,CLEAR
132.263,robot_0,EV_search_color,EV_path_clear,CLEAR
132.435,robot_0,EV_search_color,EV_path_clear,CLEAR
132.563,robot_0,EV_search_color,EV_path_clear,CLEAR
132.727,robot_0,EV_move_forward,EV_path_clear,CLEAR
132.959,robot_0,EV_search_color,EV_path_clear,CLEAR
133.134,robot_0,EV_search_color,EV_path_clear,CLEAR
133.252,robot_0,EV_move_forward,EV_path_clear,CLEAR
133.554,robot_0,EV_move_forward,EV_path_clear,CLEAR
133.841,robot_0,EV_move_forward,EV_path_clear,CLEAR
134.181,robot_0,EV_search_color,EV_object_reached|EV_path_clear,CLEAR
134.399,robot_0,EV_search_color,EV_path_clear,CLEAR
134.543,robot_0,EV_search_color,EV_path_clear,CLEAR
134.756,robot_0,EV_move_forward,EV_path_clear,CLEAR
135.054,robot_0,EV_move_forward,EV_path_clear,CLEAR
135.372,robot_0,EV_search_color,EV_path_clear,CLEAR
135.527,robot_0,EV_move_forward,EV_path_clear,CLEAR
135.892,robot_0,EV_move_forward,EV_path_clear,CLEAR
136.166,robot_0,EV_search_color,EV_path_clear,CLEAR
136.420,robot_0,EV_move_forward,EV_path_clear,CLEAR
136.696,robot_0,EV_move_forward,EV_object_reached|EV_path_clear,CLEAR
136.989,robot_0,EV_move_forward,EV_path_clear,CLEAR
137.265,robot_0,EV_move_forward,EV_path_clear,CLEAR
137.527,robot_0,EV_search_color,EV_path_clear,CLEAR
137.748,robot_0,EV_search_color,EV_path_clear,CLEAR
137.964,robot_0,EV_search_color,EV_path_clear,CLEAR
138.168,robot_0,EV_search_color,EV_path_clear,CLEAR
138.341,robot_0,EV_search_color,EV_path_clear,CLEAR
138.629,robot_0,EV_search_color,EV_path_clear,CLEAR
138.772,robot_0,EV_move_forward,EV_path_clear,CLEAR
139.044,robot_0,EV_search_color,EV_object_reached|EV_path_clear,CLEAR
139.295,robot_0,EV_search_color,EV_path_clear,CLEAR
139.478,robot_0,EV_search_color,EV_path_clear,CLEAR
139.696,robot_0,EV_search_color,EV_path_clear,CLEAR
139.872,robot_0,EV_move_forward,EV_path_clear,CLEAR
140.169,robot_0,EV_search_color,EV_path_clear,CLEAR
140.327,robot_0,EV_move_forward,EV_path_clear,CLEAR
140.589,robot_0,EV_search_color,EV_path_clear,CLEAR
140.750,robot_0,EV_search_color,EV_path_clear,CLEAR
140.932,robot_0,EV_move_forward,EV_path_clear,CLEAR
141.278,robot_0,EV_search_color,EV_path_clear,CLEAR
141.446,robot_0,EV_search_color,EV_object_reached|EV_path_clear,CLEAR
141.627,robot_0,EV_search_color,EV_path_clear,CLEAR
141.746,robot_0,EV_move_forward,EV_path_clear,CLEAR
141.972,robot_0,EV_move_forward,EV_path_clear,CLEAR
142.228,robot_0,EV_search_color,EV_path_clear,CLEAR
142.442,robot_0,EV_move_forward,EV_path_clear,CLEAR
142.759,robot_0,EV_move_forward,EV_path_clear,CLEAR
143.000,robot_0,EV_search_color,EV_path_clear,CLEAR
143.168,robot_0,EV_move_forward,EV_path_clear,CLEAR
143.433,robot_0,EV_search_color,EV_path_clear,CLEAR
143.648,robot_0,EV_move_forward,EV_path_clear,CLEAR
143.941,robot_0,EV_move_forward,EV_object_reached|EV_path_clear,CLEAR
144.231,robot_0,EV_search_color,EV_path_clear,CLEAR
144.434,robot_0,EV_search_color,EV_path_clear,CLEAR
144.600,robot_0,EV_move_forward,EV_path_clear,CLEAR
144.845,robot_0,EV_search_color,EV_path_clear,CLEAR
145.070,robot_0,EV_move_forward,EV_path_clear,CLEAR
145.408,robot_0,EV_move_forward,EV_path_clear,CLEAR
145.664,robot_0,EV_move_forward,EV_path_clear,CLEAR
145.944,robot_0,EV_move_forward,EV_object_reached|EV_path_clear,CLEAR
146.198,robot_0,EV_move_forward,EV_path_clear,CLEAR
146.444,robot_0,EV_move_forward,EV_path_clear,CLEAR
146.763,robot_0,EV_move_forward,EV_path_clear,CLEAR
147.013,robot_0,EV_search_color,EV_path_clear,CLEAR
147.131,robot_0,EV_move_forward,EV_path_clear,CLEAR
147.439,robot_0,EV_move_forward,EV_path_clear,CLEAR
147.753,robot_0,EV_move_forward,EV_path_clear,CLEAR
148.089,robot_0,EV_move_forward,EV_path_clear,CLEAR
148.367,robot_0,EV_move_forward,EV_object_reached|EV_path_clear,CLEAR
148.655,robot_0,EV_search_color,EV_path_clear,CLEAR
148.860,robot_0,EV_search_color,EV_path_clear,CLEAR
149.049,robot_0,EV_search_color,EV_path_clear,CLEAR
149.259,robot_0,EV_move_forward,EV_path_clear,CLEAR
149.558,robot_0,EV_search_color,EV_path_clear,CLEAR
149.732,robot_0,EV_move_forward,EV_path_clear,CLEAR
149.993,robot_0,EV_move_forward,EV_path_clear,CLEAR
150.260,robot_0,EV_move_forward,EV_path_clear,CLEAR
150.548,robot_0,EV_move_forward,EV_object_reached|EV_path_clear,CLEAR
150.879,robot_0,EV_search_color,EV_path_clear,CLEAR
151.037,robot_0,EV_search_color,EV_path_clear,CLEAR
151.257,robot_0,EV_move_forward,EV_path_clear,CLEAR
151.563,robot_0,EV_move_forward,EV_path_clear,CLEAR
151.823,robot_0,EV_search_color,EV_path_clear,CLEAR
152.067,robot_0,EV_search_color,EV_path_clear,CLEAR
152.264,robot_0,EV_search_color,EV_path_clear,CLEAR
152.446,robot_0,EV_search_color,EV_path_clear,CLEAR
152.561,robot_0,EV_search_color,EV_path_clear,CLEAR
152.732,robot_0,EV_search_color,EV_path_clear,CLEAR
152.875,robot_0,EV_search_color,EV_object_reached|EV_path_clear,CLEAR
153.052,robot_0,EV_search_color,EV_path_clear,CLEAR
153.294,robot_0,EV_search_color,EV_path_clear,CLEAR
153.458,robot_0,EV_search_color,EV_path_clear,CLEAR
153.661,robot_0,EV_move_forward,EV_path_clear,CLEAR
153.939,robot_0,EV_move_forward,EV_path_clear,CLEAR
154.219,robot_0,EV_search_color,EV_path_clear,CLEAR
154.498,robot_0,EV_search_color,EV_path_clear,CLEAR
154.618,robot_0,EV_move_forward,EV_path_clear,CLEAR
154.841,robot_0,EV_search_color,EV_path_clear,CLEAR
155.065,robot_0,EV_move_forward,EV_object_reached|EV_path_clear,CLEAR
155.375,robot_0,EV_move_forward,EV_path_clear,CLEAR
155.635,robot_0,EV_search_color,EV_path_clear,CLEAR
155.781,robot_0,EV_search_color,EV_path_clear,CLEAR
155.932,robot_0,EV_search_color,EV_path_clear,CLEAR
156.149,robot_0,EV_search_color,EV_path_clear,CLEAR
156.356,robot_0,EV_move_forward,EV_path_clear,CLEAR
156.637,robot_0,EV_move_forward,EV_path_clear,CLEAR
156.874,robot_0,EV_search_color,EV_path_clear,CLEAR
157.048,robot_0,EV_move_forward,EV_path_clear,CLEAR
157.346,robot_0,EV_move_forward,EV_object_reached|EV_path_clear,CLEAR
157.599,robot_0,EV_search_color,EV_path_clear,CLEAR
157.752,robot_0,EV_search_color,EV_path_clear,CLEAR
157.924,robot_0,EV_search_color,EV_path_clear,CLEAR
158.066,robot_0,EV_search_color,EV_path_clear,CLEAR
158.237,robot_0,EV_search_color,EV_path_clear,CLEAR
158.375,robot_0,EV_search_color,EV_path_clear,CLEAR
158.549,robot_0,EV_search_color,EV_path_clear,CLEAR
158.743,robot_0,EV_search_color,EV_path_clear,CLEAR
158.929,robot_0,EV_search_color,EV_path_clear,CLEAR
159.185,robot_0,EV_search_color,EV_path_clear,CLEAR
159.380,robot_0,EV_search_color,EV_path_clear,CLEAR
159.583,robot_0,EV_search_color,EV_path_clear,CLEAR
159.745,robot_0,EV_move_forward,EV_path_clear,CLEAR
160.045,robot_0,EV_search_color,EV_object_reached|EV_path_clear,CLEAR
160.228,robot_0,EV_search_color,EV_path_clear,CLEAR
160.447,robot_0,EV_search_color,EV_path_clear,CLEAR
160.690,robot_0,EV_move_forward,EV_path_clear,CLEAR
160.933,robot_0,EV_move_forward,EV_path_clear,CLEAR
161.232,robot_0,EV_search_color,EV_path_clear,CLEAR
161.433,robot_0,EV_move_forward,EV_path_clear,CLEAR
161.786,robot_0,EV_move_forward,EV_path_clear,CLEAR
162.074,robot_0,EV_move_forward,EV_object_reached|EV_path_clear,CLEAR
162.411,robot_0,EV_search_color,EV_path_clear,CLEAR
162.549,robot_0,EV_move_forward,EV_path_clear,CLEAR
162.902,robot_0,EV_search_color,EV_path_clear,CLEAR
163.068,robot_0,EV_move_forward,EV_path_clear,CLEAR
163.331,robot_0,EV_search_color,EV_path_clear,CLEAR
163.606,robot_0,EV_move_forward,EV_path_clear,CLEAR
163.912,robot_0,EV_search_color,EV_path_clear,CLEAR
164.076,robot_0,EV_move_forward,EV_path_clear,CLEAR
164.377,robot_0,EV_move_forward,EV_path_clear,CLEAR
164.671,robot_0,EV_move_forward,EV_object_reached|EV_path_clear,CLEAR
164.941,robot_0,EV_move_forward,EV_path_clear,CLEAR
165.224,robot_0,EV_search_color,EV_path_clear,CLEAR
165.363,robot_0,EV_search_color,EV_path_clear,CLEAR
165.608,robot_0,EV_search_color,EV_path_clear,CLEAR
165.765,robot_0,EV_search_color,EV_path_clear,CLEAR
165.928,robot_0,EV_search_color,EV_path_clear,CLEAR
166.074,robot_0,EV_move_forward,EV_path_clear,CLEAR
166.388,robot_0,EV_move_forward,EV_path_clear,CLEAR
166.652,robot_0,EV_search_color,EV_object_reached|EV_path_clear,CLEAR
166.847,robot_0,EV_search_color,EV_path_clear,CLEAR
167.078,robot_0,EV_search_color,EV_path_clear,CLEAR
167.273,robot_0,EV_search_color,EV_path_clear,CLEAR
167.448,robot_0,EV_search_color,EV_path_clear,CLEAR
167.687,robot_0,EV_move_forward,EV_path_clear,CLEAR
167.930,robot_0,EV_move_forward,EV_path_clear,CLEAR
168.183,robot_0,EV_search_color,EV_path_clear,CLEAR
168.377,robot_0,EV_search_color,EV_path_clear,CLEAR
168.569,robot_0,EV_search_color,EV_path_clear,CLEAR
168.757,robot_0,EV_search_color,EV_path_clear,CLEAR
168.938,robot_0,EV_move_forward,EV_path_clear,CLEAR
169.158,robot_0,EV_search_color,EV_object_reached|EV_path_clear,CLEAR
169.391,robot_0,EV_move_forward,EV_path_clear,CLEAR
169.687,robot_0,EV_move_forward,EV_path_clear,CLEAR
169.960,robot_0,EV_search_color,EV_path_clear,CLEAR
170.132,robot_0,EV_search_color,EV_path_clear,CLEAR
170.348,robot_0,EV_move_forward,EV_path_clear,CLEAR
170.629,robot_0,EV_move_forward,EV_path_clear,CLEAR
170.891,robot_0,EV_search_color,EV_path_clear,CLEAR
171.062,robot_0,EV_search_color,EV_path_clear,CLEAR
171.251,robot_0,EV_move_forward,EV_object_reached|EV_path_clear,CLEAR
171.586,robot_0,EV_move_forward,EV_path_clear,CLEAR
171.852,robot_0,EV_search_color,EV_path_clear,CLEAR
172.079,robot_0,EV_search_color,EV_path_clear,CLEAR
172.250,robot_0,EV_search_color,EV_path_clear,CLEAR
172.433,robot_0,EV_move_forward,EV_path_clear,CLEAR
172.704,robot_0,EV_search_color,EV_path_clear,CLEAR
172.820,robot_0,EV_search_color,EV_path_clear,CLEAR
172.987,robot_0,EV_search_color,EV_path_clear,CLEAR
173.159,robot_0,EV_move_forward,EV_path_clear,CLEAR
173.504,robot_0,EV_search_color,EV_object_reached|EV_path_clear,CLEAR
173.645,robot_0,EV_search_color,EV_path_clear,CLEAR
173.924,robot_0,EV_search_color,EV_path_clear,CLEAR
174.085,robot_0,EV_move_forward,EV_path_clear,CLEAR
174.392,robot_0,EV_search_color,EV_path_clear,CLEAR
174.603,robot_0,EV_move_forward,EV_path_clear,CLEAR
174.921,robot_0,EV_search_color,EV_path_clear,CLEAR
175.068,robot_0,EV_search_color,EV_path_clear,CLEAR
175.250,robot_0,EV_move_forward,EV_path_clear,CLEAR
175.516,robot_0,EV_move_forward,EV_path_clear,CLEAR
175.910,robot_0,EV_move_forward,EV_path_clear,CLEAR
176.173,robot_0,EV_search_color,EV_path_clear,CLEAR
176.372,robot_0,EV_move_forward,EV_object_reached|EV_path_clear,CLEAR
176.697,robot_0,EV_search_color,EV_path_clear,CLEAR
176.866,robot_0,EV_search_color,EV_path_clear,CLEAR
177.083,robot_0,EV_move_forward,EV_path_clear,CLEAR
177.382,robot_0,EV_move_forward,EV_path_clear,CLEAR
177.693,robot_0,EV_move_forward,EV_path_clear,CLEAR
177.964,robot_0,EV_move_forward,EV_path_clear,CLEAR
178.268,robot_0,EV_search_color,EV_path_clear,CLEAR
178.428,robot_0,EV_move_forward,EV_object_reached|EV_path_clear,CLEAR
178.670,robot_0,EV_move_forward,EV_path_clear,CLEAR
178.925,robot_0,EV_move_forward,EV_path_clear,CLEAR
179.168,robot_0,EV_move_forward,EV_path_clear,CLEAR
179.424,robot_0,EV_search_color,EV_path_clear,CLEAR
179.596,robot_0,EV_move_forward,EV_path_clear,CLEAR
179.824,robot_0,EV_move_forward,EV_path_clear,CLEAR
180.071,robot_0,EV_search_color,EV_path_clear,CLEAR
180.252,robot_0,EV_search_color,EV_path_clear,CLEAR
180.466,robot_0,EV_search_color,EV_path_clear,CLEAR
180.636,robot_0,EV_search_color,EV_object_reached|EV_path_clear,CLEAR
180.879,robot_0,EV_move_forward,EV_path_clear,CLEAR
181.196,robot_0,EV_search_color,EV_path_clear,CLEAR
181.357,robot_0,EV_move_forward,EV_path_clear,CLEAR
181.579,robot_0,EV_search_color,EV_path_clear,CLEAR
181.769,robot_0,EV_move_forward,EV_path_clear,CLEAR
182.028,robot_0,EV_move_forward,EV_path_clear,CLEAR
182.330,robot_0,EV_move_forward,EV_path_clear,CLEAR
182.593,robot_0,EV_move_forward,EV_path_clear,CLEAR
182.827,robot_0,EV_move_forward,EV_path_clear,CLEAR
183.064,robot_0,EV_search_color,EV_path_clear,CLEAR
183.248,robot_0,EV_move_forward,EV_object_reached|EV_path_clear,CLEAR
183.549,robot_0,EV_move_forward,EV_path_clear,CLEAR
183.882,robot_0,EV_search_color,EV_path_clear,CLEAR
184.110,robot_0,EV_search_color,EV_path_clear,CLEAR
184.263,robot_0,EV_move_forward,EV_path_clear,CLEAR
184.521,robot_0,EV_search_color,EV_path_clear,CLEAR
184.653,robot_0,EV_move_forward,EV_path_clear,CLEAR
184.889,robot_0,EV_move_forward,EV_path_clear,CLEAR
185.127,robot_0,EV_search_color,EV_path_clear,CLEAR
185.334,robot_0,EV_search_color,EV_path_clear,CLEAR
185.556,robot_0,EV_move_forward,EV_path_clear,CLEAR
185.841,robot_0,EV_move_forward,EV_object_reached|EV_path_clear,CLEAR
186.179,robot_0,EV_search_color,EV_path_clear,CLEAR
186.347,robot_0,EV_search_color,EV_path_clear,CLEAR
186.581,robot_0,EV_move_forward,EV_path_clear,CLEAR
186.876,robot_0,EV_search_color,EV_path_clear,CLEAR
187.071,robot_0,EV_search_color,EV_path_clear,CLEAR
187.273,robot_0,EV_search_color,EV_path_clear,CLEAR
187.462,robot_0,EV_move_forward,EV_path_clear,CLEAR
187.755,robot_0,EV_search_color,EV_path_clear,CLEAR
187.968,robot_0,EV_search_color,EV_path_clear,CLEAR
188.140,robot_0,EV_move_forward,EV_path_clear,CLEAR
188.424,robot_0,EV_rotate_counterclockwise,EV_obstacle_right,RIGHT
188.586,robot_0,EV_u_turn,EV_obstacle_right,RIGHT
192.389,robot_0,EV_search_color,EV_object_reached|EV_path_clear,CLEAR
192.684,robot_0,EV_move_forward,EV_path_clear,CLEAR
192.937,robot_0,EV_search_color,EV_path_clear,CLEAR
193.067,robot_0,EV_move_forward,EV_path_clear,CLEAR
193.369,robot_0,EV_move_forward,EV_path_clear,CLEAR
193.674,robot_0,EV_search_color,EV_object_reached|EV_path_clear,CLEAR
193.852,robot_0,EV_move_forward,EV_path_clear,CLEAR
194.194,robot_0,EV_move_forward,EV_path_clear,CLEAR
194.473,robot_0,EV_move_forward,EV_path_clear,CLEAR
194.723,robot_0,EV_move_forward,EV_path_clear,CLEAR
195.095,robot_0,EV_move_forward,EV_path_clear,CLEAR
195.371,robot_0,EV_search_color,EV_path_clear,CLEAR
195.497,robot_0,EV_move_forward,EV_path_clear,CLEAR
195.749,robot_0,EV_search_color,EV_object_reached|EV_path_clear,CLEAR
195.961,robot_0,EV_search_color,EV_path_clear,CLEAR
196.103,robot_0,EV_search_color,EV_path_clear,CLEAR
196.269,robot_0,EV_move_forward,EV_path_clear,CLEAR
196.588,robot_0,EV_move_forward,EV_path_clear,CLEAR
196.854,robot_0,EV_move_forward,EV_path_clear,CLEAR
197.132,robot_0,EV_search_color,EV_path_clear,CLEAR
197.257,robot_0,EV_move_forward,EV_path_clear,CLEAR
197.524,robot_0,EV_search_color,EV_path_clear,CLEAR
197.660,robot_0,EV_move_forward,EV_path_clear,CLEAR
197.995,robot_0,EV_move_forward,EV_path_clear,CLEAR
198.235,robot_0,EV_search_color,EV_object_reached|EV_path_clear,CLEAR
198.472,robot_0,EV_move_forward,EV_path_clear,CLEAR
198.778,robot_0,EV_search_color,EV_path_clear,CLEAR
198.966,robot_0,EV_search_color,EV_path_clear,CLEAR
199.165,robot_0,EV_move_forward,EV_path_clear,CLEAR
199.431,robot_0,EV_search_color,EV_path_clear,CLEAR
199.677,robot_0,EV_search_color,EV_path_clear,CLEAR
199.902,robot_0,EV_move_forward,EV_path_clear,CLEAR
200.137,robot_0,EV_search_color,EV_path_clear,CLEAR
200.315,robot_0,EV_move_forward,EV_path_clear,CLEAR
200.555,robot_0,EV_move_forward,EV_object_reached|EV_path_clear,CLEAR
200.880,robot_0,EV_search_color,EV_path_clear,CLEAR
201.040,robot_0,EV_search_color,EV_path_clear,CLEAR
201.302,robot_0,EV_move_forward,EV_path_clear,CLEAR
201.534,robot_0,EV_move_forward,EV_path_clear,CLEAR
201.936,robot_0,EV_move_forward,EV_path_clear,CLEAR
202.335,robot_0,EV_move_forward,EV_path_clear,CLEAR
202.679,robot_0,EV_move_forward,EV_object_reached|EV_path_clear,CLEAR
202.959,robot_0,EV_move_forward,EV_path_clear,CLEAR
203.189,robot_0,EV_move_forward,EV_path_clear,CLEAR
203.473,robot_0,EV_move_forward,EV_path_clear,CLEAR
203.733,robot_0,EV_search_color,EV_path_clear,CLEAR
203.881,robot_0,EV_search_color,EV_path_clear,CLEAR
204.029,robot_0,EV_move_forward,EV_path_clear,CLEAR
204.311,robot_0,EV_move_forward,EV_path_clear,CLEAR
204.680,robot_0,EV_move_forward,EV_path_clear,CLEAR
204.968,robot_0,EV_search_color,EV_path_clear,CLEAR
205.144,robot_0,EV_search_color,EV_object_reached|EV_path_clear,CLEAR
205.363,robot_0,EV_search_color,EV_path_clear,CLEAR
205.522,robot_0,EV_move_forward,EV_path_clear,CLEAR
205.761,robot_0,EV_move_forward,EV_path_clear,CLEAR
206.065,robot_0,EV_move_forward,EV_path_clear,CLEAR
206.291,robot_0,EV_move_forward,EV_path_clear,CLEAR
206.621,robot_0,EV_search_color,EV_path_clear,CLEAR
206.820,robot_0,EV_search_color,EV_path_clear,CLEAR
206.972,robot_0,EV_move_forward,EV_path_clear,CLEAR
207.283,robot_0,EV_move_forward,EV_object_reached|EV_path_clear,CLEAR
207.590,robot_0,EV_move_forward,EV_path_clear,CLEAR
207.840,robot_0,EV_search_color,EV_path_clear,CLEAR
207.977,robot_0,EV_move_forward,EV_path_clear,CLEAR
208.271,robot_0,EV_search_color,EV_path_clear,CLEAR
208.452,robot_0,EV_move_forward,EV_path_clear,CLEAR
208.757,robot_0,EV_search_color,EV_path_clear,CLEAR
208.982,robot_0,EV_search_color,EV_path_clear,CLEAR
209.164,robot_0,EV_search_color,EV_path_clear,CLEAR
209.297,robot_0,EV_u_turn,EV_obstacle_right,RIGHT
213.047,robot_0,EV_u_turn,EV_object_reached|EV_obstacle_right,RIGHT
213.175,robot_0,EV_rotate_counterclockwise,EV_obstacle_right,RIGHT
215.969,robot_0,EV_move_forward,EV_object_reached|EV_path_clear,CLEAR
216.255,robot_0,EV_search_color,EV_object_reached|EV_path_clear,CLEAR
216.427,robot_0,EV_search_color,EV_path_clear,CLEAR
216.582,robot_0,EV_move_forward,EV_path_clear,CLEAR
216.842,robot_0,EV_search_color,EV_path_clear,CLEAR
216.955,robot_0,EV_search_color,EV_path_clear,CLEAR
217.128,robot_0,EV_move_forward,EV_path_clear,CLEAR
217.435,robot_0,EV_move_forward,EV_path_clear,CLEAR
217.680,robot_0,EV_move_forward,EV_path_clear,CLEAR
217.978,robot_0,EV_search_color,EV_path_clear,CLEAR
218.169,robot_0,EV_move_forward,EV_path_clear,CLEAR
218.436,robot_0,EV_move_forward,EV_path_clear,CLEAR
218.770,robot_0,EV_move_forward,EV_object_reached|EV_path_clear,CLEAR
219.086,robot_0,EV_search_color,EV_path_clear,CLEAR
219.251,robot_0,EV_search_color,EV_path_clear,CLEAR
219.470,robot_0,EV_search_color,EV_path_clear,CLEAR
219.627,robot_0,EV_search_color,EV_path_clear,CLEAR
219.777,robot_0,EV_move_forward,EV_path_clear,CLEAR
220.094,robot_0,EV_move_forward,EV_path_clear,CLEAR
220.361,robot_0,EV_move_forward,EV_path_clear,CLEAR
220.569,robot_0,EV_move_forward,EV_path_clear,CLEAR
220.872,robot_0,EV_move_forward,EV_path_clear,CLEAR
221.185,robot_0,EV_move_forward,EV_object_reached|EV_path_clear,CLEAR
221.473,robot_0,EV_search_color,EV_path_clear,CLEAR
221.654,robot_0,EV_move_forward,EV_path_clear,CLEAR
221.913,robot_0,EV_move_forward,EV_path_clear,CLEAR
222.217,robot_0,EV_move_forward,EV_path_clear,CLEAR
222.601,robot_0,EV_move_forward,EV_path_clear,CLEAR
222.858,robot_0,EV_search_color,EV_path_clear,CLEAR
223.067,robot_0,EV_move_forward,EV_path_clear,CLEAR
223.335,robot_0,EV_search_color,EV_object_reached|EV_path_clear,CLEAR
223.529,robot_0,EV_move_forward,EV_path_clear,CLEAR
223.893,robot_0,EV_move_forward,EV_path_clear,CLEAR
224.149,robot_0,EV_search_color,EV_path_clear,CLEAR
224.394,robot_0,EV_search_color,EV_path_clear,CLEAR
224.530,robot_0,EV_move_forward,EV_path_clear,CLEAR
224.803,robot_0,EV_search_color,EV_path_clear,CLEAR
224.983,robot_0,EV_move_forward,EV_path_clear,CLEAR
225.224,robot_0,EV_move_forward,EV_path_clear,CLEAR
225.480,robot_0,EV_move_forward,EV_object_reached|EV_path_clear,CLEAR
225.761,robot_0,EV_move_forward,EV_path_clear,CLEAR
226.077,robot_0,EV_move_forward,EV_path_clear,CLEAR
226.350,robot_0,EV_move_forward,EV_path_clear,CLEAR
226.645,robot_0,EV_move_forward,EV_path_clear,CLEAR
226.967,robot_0,EV_move_forward,EV_path_clear,CLEAR
227.223,robot_0,EV_search_color,EV_path_clear,CLEAR
227.385,robot_0,EV_search_color,EV_path_clear,CLEAR
227.552,robot_0,EV_move_forward,EV_object_reached|EV_path_clear,CLEAR
227.853,robot_0,EV_move_forward,EV_path_clear,CLEAR
228.175,robot_0,EV_search_color,EV_path_clear,CLEAR
228.373,robot_0,EV_move_forward,EV_path_clear,CLEAR
228.644,robot_0,EV_move_forward,EV_path_clear,CLEAR
229.016,robot_0,EV_search_color,EV_path_clear,CLEAR
229.168,robot_0,EV_search_color,EV_path_clear,CLEAR
229.363,robot_0,EV_move_forward,EV_path_clear,CLEAR
229.688,robot_0,EV_move_forward,EV_path_clear,CLEAR
229.974,robot_0,EV_search_color,EV_object_reached|EV_path_clear,CLEAR
230.173,robot_0,EV_search_color,EV_path_clear,CLEAR
230.338,robot_0,EV_search_color,EV_path_clear,CLEAR
230.483,robot_0,EV_search_color,EV_path_clear,CLEAR
230.647,robot_0,EV_search_color,EV_path_clear,CLEAR
230.787,robot_0,EV_move_forward,EV_path_clear,CLEAR
231.076,robot_0,EV_move_forward,EV_path_clear,CLEAR
231.356,robot_0,EV_search_color,EV_path_clear,CLEAR
231.532,robot_0,EV_search_color,EV_path_clear,CLEAR
231.778,robot_0,EV_move_forward,EV_path_clear,CLEAR
232.026,robot_0,EV_search_color,EV_path_clear,CLEAR
232.155,robot_0,EV_move_forward,EV_object_reached|EV_path_clear,CLEAR
232.455,robot_0,EV_search_color,EV_path_clear,CLEAR
232.628,robot_0,EV_search_color,EV_path_clear,CLEAR
232.788,robot_0,EV_search_color,EV_path_clear,CLEAR
232.956,robot_0,EV_move_forward,EV_path_clear,CLEAR
233.200,robot_0,EV_search_color,EV_path_clear,CLEAR
233.355,robot_0,EV_move_forward,EV_path_clear,CLEAR
233.607,robot_0,EV_search_color,EV_path_clear,CLEAR
233.767,robot_0,EV_search_color,EV_path_clear,CLEAR
233.987,robot_0,EV_move_forward,EV_path_clear,CLEAR
234.261,robot_0,EV_move_forward,EV_path_clear,CLEAR
234.585,robot_0,EV_search_color,EV_object_reached|EV_path_clear,CLEAR
234.765,robot_0,EV_move_forward,EV_path_clear,CLEAR
235.004,robot_0,EV_move_forward,EV_path_clear,CLEAR
235.282,robot_0,EV_search_color,EV_path_clear,CLEAR
235.474,robot_0,EV_move_forward,EV_path_clear,CLEAR
235.785,robot_0,EV_search_color,EV_path_clear,CLEAR
235.973,robot_0,EV_search_color,EV_path_clear,CLEAR
236.159,robot_0,EV_move_forward,EV_path_clear,CLEAR
236.443,robot_0,EV_move_forward,EV_path_clear,CLEAR
236.753,robot_0,EV_search_color,EV_object_reached|EV_path_clear,CLEAR
236.940,robot_0,EV_search_color,EV_path_clear,CLEAR
237.090,robot_0,EV_move_forward,EV_path_clear,CLEAR
237.355,robot_0,EV_move_forward,EV_path_clear,CLEAR
237.584,robot_0,EV_search_color,EV_path_clear,CLEAR
237.747,robot_0,EV_move_forward,EV_path_clear,CLEAR
238.000,robot_0,EV_move_forward,EV_path_clear,CLEAR
238.252,robot_0,EV_search_color,EV_path_clear,CLEAR
238.468,robot_0,EV_search_color,EV_path_clear,CLEAR
238.724,robot_0,EV_move_forward,EV_path_clear,CLEAR
238.966,robot_0,EV_move_forward,EV_object_reached|EV_path_clear,CLEAR
239.237,robot_0,EV_search_color,EV_path_clear,CLEAR
239.395,robot_0,EV_search_color,EV_path_clear,CLEAR
239.569,robot_0,EV_search_color,EV_path_clear,CLEAR
239.757,robot_0,EV_move_forward,EV_path_clear,CLEAR
240.044,robot_0,EV_search_color,EV_path_clear,CLEAR
240.272,robot_0,EV_move_forward,EV_path_clear,CLEAR
240.529,robot_0,EV_search_color,EV_path_clear,CLEAR
240.677,robot_0,EV_move_forward,EV_path_clear,CLEAR
240.978,robot_0,EV_search_color,EV_object_reached|EV_path_clear,CLEAR
241.149,robot_0,EV_search_color,EV_path_clear,CLEAR
241.387,robot_0,EV_search_color,EV_path_clear,CLEAR
241.556,robot_0,EV_search_color,EV_path_clear,CLEAR
241.774,robot_0,EV_search_color,EV_path_clear,CLEAR
241.930,robot_0,EV_move_forward,EV_path_clear,CLEAR
242.178,robot_0,EV_move_forward,EV_path_clear,CLEAR
242.446,robot_0,EV_search_color,EV_path_clear,CLEAR
242.657,robot_0,EV_search_color,EV_path_clear,CLEAR
242.855,robot_0,EV_search_color,EV_path_clear,CLEAR
243.038,robot_0,EV_search_color,EV_path_clear,CLEAR
243.161,robot_0,EV_move_forward,EV_object_reached|EV_path_clear,CLEAR
243.444,robot_0,EV_search_color,EV_path_clear,CLEAR
243.656,robot_0,EV_search_color,EV_path_clear,CLEAR
243.868,robot_0,EV_move_forward,EV_path_clear,CLEAR
244.134,robot_0,EV_move_forward,EV_path_clear,CLEAR
244.478,robot_0,EV_search_color,EV_path_clear,CLEAR
244.684,robot_0,EV_move_forward,EV_path_clear,CLEAR
244.972,robot_0,EV_move_forward,EV_object_reached|EV_path_clear,CLEAR
245.240,robot_0,EV_search_color,EV_path_clear,CLEAR
245.381,robot_0,EV_move_forward,EV_path_clear,CLEAR
245.676,robot_0,EV_search_color,EV_path_clear,CLEAR
245.833,robot_0,EV_search_color,EV_path_clear,CLEAR
246.074,robot_0,EV_move_forward,EV_path_clear,CLEAR
246.331,robot_0,EV_search_color,EV_path_clear,CLEAR
246.579,robot_0,EV_move_forward,EV_path_clear,CLEAR
246.873,robot_0,EV_move_forward,EV_object_reached|EV_path_clear,CLEAR
247.131,robot_0,EV_search_color,EV_path_clear,CLEAR
247.258,robot_0,EV_search_color,EV_path_clear,CLEAR
247.447,robot_0,EV_move_forward,EV_path_clear,CLEAR
247.674,robot_0,EV_search_color,EV_path_clear,CLEAR
247.862,robot_0,EV_search_color,EV_path_clear,CLEAR
247.991,robot_0,EV_search_color,EV_path_clear,CLEAR
248.174,robot_0,EV_search_color,EV_path_clear,CLEAR
248.361,robot_0,EV_move_forward,EV_path_clear,CLEAR
248.681,robot_0,EV_move_forward,EV_path_clear,CLEAR
248.925,robot_0,EV_move_forward,EV_object_reached|EV_path_clear,CLEAR
249.170,robot_0,EV_move_forward,EV_path_clear,CLEAR
249.437,robot_0,EV_move_forward,EV_path_clear,CLEAR
249.691,robot_0,EV_move_forward,EV_path_clear,CLEAR
249.940,robot_0,EV_search_color,EV_path_clear,CLEAR
250.175,robot_0,EV_move_forward,EV_path_clear,CLEAR
250.443,robot_0,EV_search_color,EV_path_clear,CLEAR
250.602,robot_0,EV_search_color,EV_path_clear,CLEAR
250.768,robot_0,EV_move_forward,EV_path_clear,CLEAR
251.027,robot_0,EV_move_forward,EV_object_reached|EV_path_clear,CLEAR
251.258,robot_0,EV_move_forward,EV_path_clear,CLEAR
251.540,robot_0,EV_search_color,EV_path_clear,CLEAR
251.731,robot_0,EV_move_forward,EV_path_clear,CLEAR
252.093,robot_0,EV_search_color,EV_path_clear,CLEAR
252.255,robot_0,EV_move_forward,EV_path_clear,CLEAR
252.590,robot_0,EV_move_forward,EV_path_clear,CLEAR
252.870,robot_0,EV_search_color,EV_path_clear,CLEAR
253.050,robot_0,EV_search_color,EV_object_reached|EV_path_clear,CLEAR
253.302,robot_0,EV_move_forward,EV_path_clear,CLEAR
253.543,robot_0,EV_search_color,EV_path_clear,CLEAR
253.667,robot_0,EV_move_forward,EV_path_clear,CLEAR
253.937,robot_0,EV_search_color,EV_path_clear,CLEAR
254.084,robot_0,EV_search_color,EV_path_clear,CLEAR
254.266,robot_0,EV_move_forward,EV_path_clear,CLEAR
254.597,robot_0,EV_search_color,EV_path_clear,CLEAR
254.747,robot_0,EV_move_forward,EV_path_clear,CLEAR
255.051,robot_0,EV_search_color,EV_path_clear,CLEAR
255.222,robot_0,EV_move_forward,EV_path_clear,CLEAR
255.566,robot_0,EV_search_color,EV_path_clear,CLEAR
255.761,robot_0,EV_move_forward,EV_object_reached|EV_path_clear,CLEAR
256.056,robot_0,EV_move_forward,EV_path_clear,CLEAR
256.343,robot_0,EV_move_forward,EV_path_clear,CLEAR
256.669,robot_0,EV_search_color,EV_path_clear,CLEAR
256.904,robot_0,EV_search_color,EV_path_clear,CLEAR
257.126,robot_0,EV_move_forward,EV_path_clear,CLEAR
257.528,robot_0,EV_search_color,EV_path_clear,CLEAR
257.768,robot_0,EV_search_color,EV_path_clear,CLEAR
257.896,robot_0,EV_search_color,EV_path_clear,CLEAR
258.058,robot_0,EV_search_color,EV_path_clear,CLEAR
258.251,robot_0,EV_search_color,EV_path_clear,CLEAR
258.446,robot_0,EV_search_color,EV_object_reached|EV_path_clear,CLEAR
258.671,robot_0,EV_move_forward,EV_path_clear,CLEAR
258.961,robot_0,EV_move_forward,EV_path_clear,CLEAR
259.232,robot_0,EV_search_color,EV_path_clear,CLEAR
259.432,robot_0,EV_search_color,EV_path_clear,CLEAR
259.709,robot_0,EV_move_forward,EV_path_clear,CLEAR
259.992,robot_0,EV_search_color,EV_path_clear,CLEAR
260.124,robot_0,EV_move_forward,EV_path_clear,CLEAR
260.428,robot_0,EV_move_forward,EV_path_clear,CLEAR
260.769,robot_0,EV_search_color,EV_path_clear,CLEAR
260.953,robot_0,EV_move_forward,EV_path_clear,CLEAR
261.279,robot_0,EV_move_forward,EV_object_reached|EV_path_clear,CLEAR
261.563,robot_0,EV_search_color,EV_path_clear,CLEAR
261.765,robot_0,EV_search_color,EV_path_clear,CLEAR
261.940,robot_0,EV_search_color,EV_path_clear,CLEAR
262.181,robot_0,EV_move_forward,EV_path_clear,CLEAR
262.492,robot_0,EV_search_color,EV_path_clear,CLEAR
262.674,robot_0,EV_search_color,EV_path_clear,CLEAR
262.829,robot_0,EV_move_forward,EV_path_clear,CLEAR
263.071,robot_0,EV_move_forward,EV_path_clear,CLEAR
263.320,robot_0,EV_search_color,EV_path_clear,CLEAR
263.460,robot_0,EV_search_color,EV_path_clear,CLEAR
263.656,robot_0,EV_move_forward,EV_path_clear,CLEAR
263.951,robot_0,EV_search_color,EV_object_reached|EV_path_clear,CLEAR
264.133,robot_0,EV_move_forward,EV_path_clear,CLEAR
264.399,robot_0,EV_move_forward,EV_path_clear,CLEAR
264.658,robot_0,EV_move_forward,EV_path_clear,CLEAR
264.923,robot_0,EV_move_forward,EV_path_clear,CLEAR
265.170,robot_0,EV_move_forward,EV_path_clear,CLEAR
265.416,robot_0,EV_search_color,EV_path_clear,CLEAR
265.527,robot_0,EV_search_color,EV_path_clear,CLEAR
265.794,robot_0,EV_search_color,EV_path_clear,CLEAR
265.906,robot_0,EV_move_forward,EV_path_clear,CLEAR
266.136,robot_0,EV_move_forward,EV_object_reached|EV_path_clear,CLEAR
266.384,robot_0,EV_search_color,EV_path_clear,CLEAR
266.563,robot_0,EV_search_color,EV_path_clear,CLEAR
266.778,robot_0,EV_search_color,EV_path_clear,CLEAR
266.960,robot_0,EV_search_color,EV_path_clear,CLEAR
267.187,robot_0,EV_search_color,EV_path_clear,CLEAR
267.345,robot_0,EV_move_forward,EV_path_clear,CLEAR
267.572,robot_0,EV_search_color,EV_path_clear,CLEAR
267.768,robot_0,EV_search_color,EV_path_clear,CLEAR
268.005,robot_0,EV_move_forward,EV_path_clear,CLEAR
268.259,robot_0,EV_search_color,EV_path_clear,CLEAR
268.457,robot_0,EV_move_forward,EV_path_clear,CLEAR
268.763,robot_0,EV_move_forward,EV_path_clear,CLEAR
269.067,robot_0,EV_move_forward,EV_object_reached|EV_path_clear,CLEAR
269.353,robot_0,EV_move_forward,EV_path_clear,CLEAR
269.588,robot_0,EV_search_color,EV_path_clear,CLEAR
269.813,robot_0,EV_move_forward,EV_path_clear,CLEAR
270.090,robot_0,EV_move_forward,EV_path_clear,CLEAR
270.339,robot_0,EV_move_forward,EV_path_clear,CLEAR
270.634,robot_0,EV_search_color,EV_path_clear,CLEAR
270.890,robot_0,EV_search_color,EV_path_clear,CLEAR
271.056,robot_0,EV_search_color,EV_path_clear,CLEAR
271.252,robot_0,EV_move_forward,EV_path_clear,CLEAR
271.532,robot_0,EV_move_forward,EV_object_reached|EV_path_clear,CLEAR
271.878,robot_0,EV_search_color,EV_path_clear,CLEAR
272.033,robot_0,EV_move_forward,EV_path_clear,CLEAR
272.322,robot_0,EV_move_forward,EV_path_clear,CLEAR
272.580,robot_0,EV_move_forward,EV_path_clear,CLEAR
272.841,robot_0,EV_move_forward,EV_path_clear,CLEAR
273.072,robot_0,EV_move_forward,EV_path_clear,CLEAR
273.338,robot_0,EV_move_forward,EV_path_clear,CLEAR
273.635,robot_0,EV_move_forward,EV_path_clear,CLEAR
273.863,robot_0,EV_search_color,EV_object_reached|EV_path_clear,CLEAR
274.038,robot_0,EV_search_color,EV_path_clear,CLEAR
274.273,robot_0,EV_search_color,EV_path_clear,CLEAR
274.488,robot_0,EV_move_forward,EV_path_clear,CLEAR
274.745,robot_0,EV_move_forward,EV_path_clear,CLEAR
275.033,robot_0,EV_search_color,EV_path_clear,CLEAR
275.291,robot_0,EV_search_color,EV_path_clear,CLEAR
275.495,robot_0,EV_search_color,EV_path_clear,CLEAR
275.694,robot_0,EV_move_forward,EV_path_clear,CLEAR
275.967,robot_0,EV_search_color,EV_path_clear,CLEAR
276.172,robot_0,EV_search_color,EV_object_reached|EV_path_clear,CLEAR
276.412,robot_0,EV_search_color,EV_path_clear,CLEAR
276.564,robot_0,EV_search_color,EV_path_clear,CLEAR
276.775,robot_0,EV_search_color,EV_path_clear,CLEAR
276.933,robot_0,EV_move_forward,EV_path_clear,CLEAR
277.272,robot_0,EV_move_forward,EV_path_clear,CLEAR
277.526,robot_0,EV_search_color,EV_path_clear,CLEAR
277.676,robot_0,EV_search_color,EV_path_clear,CLEAR
277.853,robot_0,EV_search_color,EV_path_clear,CLEAR
278.066,robot_0,EV_search_color,EV_path_clear,CLEAR
278.275,robot_0,EV_search_color,EV_path_clear,CLEAR
278.496,robot_0,EV_move_forward,EV_path_clear,CLEAR
278.728,robot_0,EV_search_color,EV_object_reached|EV_path_clear,CLEAR
278.959,robot_0,EV_move_forward,EV_path_clear,CLEAR
279.251,robot_0,EV_search_color,EV_path_clear,CLEAR
279.470,robot_0,EV_search_color,EV_path_clear,CLEAR
279.691,robot_0,EV_search_color,EV_path_clear,CLEAR
279.828,robot_0,EV_move_forward,EV_path_clear,CLEAR
280.063,robot_0,EV_search_color,EV_path_clear,CLEAR
280.279,robot_0,EV_move_forward,EV_path_clear,CLEAR
280.529,robot_0,EV_search_color,EV_path_clear,CLEAR
280.660,robot_0,EV_move_forward,EV_path_clear,CLEAR
280.878,robot_0,EV_move_forward,EV_object_reached|EV_path_clear,CLEAR
281.148,robot_0,EV_move_forward,EV_path_clear,CLEAR
281.378,robot_0,EV_search_color,EV_path_clear,CLEAR
281.582,robot_0,EV_move_forward,EV_path_clear,CLEAR
281.786,robot_0,EV_search_color,EV_path_clear,CLEAR
281.982,robot_0,EV_move_forward,EV_path_clear,CLEAR
282.247,robot_0,EV_search_color,EV_path_clear,CLEAR
282.474,robot_0,EV_search_color,EV_path_clear,CLEAR
282.680,robot_0,EV_search_color,EV_path_clear,CLEAR
282.868,robot_0,EV_move_forward,EV_path_clear,CLEAR
283.124,robot_0,EV_move_forward,EV_path_clear,CLEAR
283.479,robot_0,EV_search_color,EV_object_reached|EV_path_clear,CLEAR
283.639,robot_0,EV_move_forward,EV_path_clear,CLEAR
283.979,robot_0,EV_search_color,EV_path_clear,CLEAR
284.131,robot_0,EV_search_color,EV_path_clear,CLEAR
284.382,robot_0,EV_search_color,EV_path_clear,CLEAR
284.570,robot_0,EV_move_forward,EV_path_clear,CLEAR
284.852,robot_0,EV_move_forward,EV_path_clear,CLEAR
285.149,robot_0,EV_move_forward,EV_path_clear,CLEAR
285.407,robot_0,EV_search_color,EV_path_clear,CLEAR
285.554,robot_0,EV_u_turn,EV_obstacle_right,RIGHT
289.425,robot_0,EV_move_forward,EV_object_reached|EV_path_clear,CLEAR
289.689,robot_0,EV_search_color,EV_path_clear,CLEAR
289.876,robot_0,EV_search_color,EV_path_clear,CLEAR
290.041,robot_0,EV_move_forward,EV_path_clear,CLEAR
290.366,robot_0,EV_search_color,EV_object_reached|EV_path_clear,CLEAR
290.599,robot_0,EV_search_color,EV_path_clear,CLEAR
290.780,robot_0,EV_search_color,EV_path_clear,CLEAR
290.958,robot_0,EV_search_color,EV_path_clear,CLEAR
291.162,robot_0,EV_move_forward,EV_path_clear,CLEAR
291.530,robot_0,EV_search_color,EV_path_clear,CLEAR
291.837,robot_0,EV_move_forward,EV_path_clear,CLEAR
292.075,robot_0,EV_search_color,EV_path_clear,CLEAR
292.263,robot_0,EV_move_forward,EV_path_clear,CLEAR
292.527,robot_0,EV_move_forward,EV_path_clear,CLEAR
292.845,robot_0,EV_move_forward,EV_path_clear,CLEAR
293.152,robot_0,EV_move_forward,EV_object_reached|EV_path_clear,CLEAR
293.401,robot_0,EV_search_color,EV_path_clear,CLEAR
293.615,robot_0,EV_search_color,EV_path_clear,CLEAR
293.736,robot_0,EV_search_color,EV_path_clear,CLEAR
293.971,robot_0,EV_search_color,EV_path_clear,CLEAR
294.124,robot_0,EV_move_forward,EV_path_clear,CLEAR
294.373,robot_0,EV_search_color,EV_path_clear,CLEAR
294.513,robot_0,EV_search_color,EV_path_clear,CLEAR
294.672,robot_0,EV_search_color,EV_path_clear,CLEAR
294.867,robot_0,EV_move_forward,EV_path_clear,CLEAR
295.157,robot_0,EV_search_color,EV_path_clear,CLEAR
295.346,robot_0,EV_search_color,EV_path_clear,CLEAR
295.528,robot_0,EV_move_forward,EV_path_clear,CLEAR
295.843,robot_0,EV_move_forward,EV_path_clear,CLEAR
296.224,robot_0,EV_search_color,EV_path_clear,CLEAR
296.377,robot_0,EV_move_forward,EV_path_clear,CLEAR
296.651,robot_0,EV_search_color,EV_path_clear,CLEAR
296.799,robot_0,EV_search_color,EV_object_reached|EV_path_clear,CLEAR
297.092,robot_0,EV_search_color,EV_path_clear,CLEAR
297.240,robot_0,EV_move_forward,EV_path_clear,CLEAR
297.572,robot_0,EV_search_color,EV_path_clear,CLEAR
297.767,robot_0,EV_search_color,EV_path_clear,CLEAR
297.969,robot_0,EV_move_forward,EV_path_clear,CLEAR
298.216,robot_0,EV_search_color,EV_path_clear,CLEAR
298.331,robot_0,EV_move_forward,EV_path_clear,CLEAR
298.595,robot_0,EV_search_color,EV_path_clear,CLEAR
298.774,robot_0,EV_move_forward,EV_path_clear,CLEAR
299.067,robot_0,EV_search_color,EV_path_clear,CLEAR
299.283,robot_0,EV_search_color,EV_path_clear,CLEAR
299.479,robot_0,EV_move_forward,EV_path_clear,CLEAR
299.744,robot_0,EV_move_forward,EV_path_clear,CLEAR
300.065,robot_0,EV_move_forward,EV_object_reached|EV_path_clear,CLEAR
300.364,robot_0,EV_search_color,EV_path_clear,CLEAR
300.544,robot_0,EV_move_forward,EV_path_clear,CLEAR
300.775,robot_0,EV_search_color,EV_path_clear,CLEAR
300.948,robot_0,EV_search_color,EV_path_clear,CLEAR
301.173,robot_0,EV_move_forward,EV_path_clear,CLEAR
301.522,robot_0,EV_search_color,EV_path_clear,CLEAR
301.743,robot_0,EV_search_color,EV_path_clear,CLEAR
301.999,robot_0,EV_search_color,EV_path_clear,CLEAR
302.157,robot_0,EV_move_forward,EV_path_clear,CLEAR
302.404,robot_0,EV_move_forward,EV_object_reached|EV_path_clear,CLEAR
302.659,robot_0,EV_move_forward,EV_path_clear,CLEAR
302.933,robot_0,EV_move_forward,EV_path_clear,CLEAR
303.232,robot_0,EV_search_color,EV_path_clear,CLEAR
303.473,robot_0,EV_move_forward,EV_path_clear,CLEAR
303.758,robot_0,EV_move_forward,EV_path_clear,CLEAR
304.045,robot_0,EV_search_color,EV_path_clear,CLEAR
304.170,robot_0,EV_search_color,EV_path_clear,CLEAR
304.387,robot_0,EV_move_forward,EV_path_clear,CLEAR
304.644,robot_0,EV_move_forward,EV_object_reached|EV_path_clear,CLEAR
304.955,robot_0,EV_search_color,EV_path_clear,CLEAR
305.131,robot_0,EV_move_forward,EV_path_clear,CLEAR
305.449,robot_0,EV_search_color,EV_path_clear,CLEAR
305.671,robot_0,EV_search_color,EV_path_clear,CLEAR
305.849,robot_0,EV_move_forward,EV_path_clear,CLEAR
306.172,robot_0,EV_search_color,EV_path_clear,CLEAR
306.331,robot_0,EV_move_forward,EV_path_clear,CLEAR
306.565,robot_0,EV_move_forward,EV_path_clear,CLEAR
306.845,robot_0,EV_move_forward,EV_object_reached|EV_path_clear,CLEAR
307.155,robot_0,EV_search_color,EV_path_clear,CLEAR
307.259,robot_0,EV_search_color,EV_path_clear,CLEAR
307.442,robot_0,EV_move_forward,EV_path_clear,CLEAR
307.770,robot_0,EV_move_forward,EV_path_clear,CLEAR
308.067,robot_0,EV_search_color,EV_path_clear,CLEAR
308.259,robot_0,EV_move_forward,EV_path_clear,CLEAR
308.629,robot_0,EV_search_color,EV_path_clear,CLEAR
308.747,robot_0,EV_search_color,EV_path_clear,CLEAR
309.023,robot_0,EV_move_forward,EV_path_clear,CLEAR
309.260,robot_0,EV_move_forward,EV_object_reached|EV_path_clear,CLEAR
309.529,robot_0,EV_move_forward,EV_path_clear,CLEAR
309.749,robot_0,EV_move_forward,EV_path_clear,CLEAR
309.980,robot_0,EV_search_color,EV_path_clear,CLEAR
310.175,robot_0,EV_move_forward,EV_path_clear,CLEAR
310.392,robot_0,EV_move_forward,EV_path_clear,CLEAR
310.683,robot_0,EV_search_color,EV_path_clear,CLEAR
310.818,robot_0,EV_move_forward,EV_path_clear,CLEAR
311.052,robot_0,EV_move_forward,EV_path_clear,CLEAR
311.341,robot_0,EV_search_color,EV_path_clear,CLEAR
311.582,robot_0,EV_search_color,EV_object_reached|EV_path_clear,CLEAR
311.751,robot_0,EV_search_color,EV_path_clear,CLEAR
311.979,robot_0,EV_search_color,EV_path_clear,CLEAR
312.176,robot_0,EV_move_forward,EV_path_clear,CLEAR
312.483,robot_0,EV_search_color,EV_path_clear,CLEAR
312.643,robot_0,EV_search_color,EV_path_clear,CLEAR
312.895,robot_0,EV_move_forward,EV_path_clear,CLEAR
313.130,robot_0,EV_move_forward,EV_path_clear,CLEAR
313.377,robot_0,EV_search_color,EV_path_clear,CLEAR
313.576,robot_0,EV_search_color,EV_path_clear,CLEAR
313.739,robot_0,EV_search_color,EV_object_reached|EV_path_clear,CLEAR
313.975,robot_0,EV_search_color,EV_path_clear,CLEAR
314.126,robot_0,EV_search_color,EV_path_clear,CLEAR
314.284,robot_0,EV_search_color,EV_path_clear,CLEAR
314.478,robot_0,EV_move_forward,EV_path_clear,CLEAR
314.771,robot_0,EV_move_forward,EV_path_clear,CLEAR
315.069,robot_0,EV_move_forward,EV_path_clear,CLEAR
315.318,robot_0,EV_search_color,EV_path_clear,CLEAR
315.503,robot_0,EV_move_forward,EV_path_clear,CLEAR
315.748,robot_0,EV_move_forward,EV_path_clear,CLEAR
316.056,robot_0,EV_search_color,EV_object_reached|EV_path_clear,CLEAR
316.272,robot_0,EV_search_color,EV_path_clear,CLEAR
316.437,robot_0,EV_move_forward,EV_path_clear,CLEAR
316.780,robot_0,EV_search_color,EV_path_clear,CLEAR
316.966,robot_0,EV_search_color,EV_path_clear,CLEAR
317.134,robot_0,EV_move_forward,EV_path_clear,CLEAR
317.487,robot_0,EV_search_color,EV_path_clear,CLEAR
317.640,robot_0,EV_search_color,EV_path_clear,CLEAR
317.829,robot_0,EV_move_forward,EV_path_clear,CLEAR
318.087,robot_0,EV_search_color,EV_object_reached|EV_path_clear,CLEAR
318.272,robot_0,EV_move_forward,EV_path_clear,CLEAR
318.542,robot_0,EV_search_color,EV_path_clear,CLEAR
318.738,robot_0,EV_move_forward,EV_path_clear,CLEAR
319.073,robot_0,EV_search_color,EV_path_clear,CLEAR
319.337,robot_0,EV_move_forward,EV_path_clear,CLEAR
319.662,robot_0,EV_search_color,EV_path_clear,CLEAR
319.862,robot_0,EV_move_forward,EV_path_clear,CLEAR
320.097,robot_0,EV_search_color,EV_path_clear,CLEAR
320.298,robot_0,EV_move_forward,EV_object_reached|EV_path_clear,CLEAR
320.633,robot_0,EV_move_forward,EV_path_clear,CLEAR
320.868,robot_0,EV_search_color,EV_path_clear,CLEAR
321.032,robot_0,EV_move_forward,EV_path_clear,CLEAR
321.267,robot_0,EV_move_forward,EV_path_clear,CLEAR
321.528,robot_0,EV_move_forward,EV_path_clear,CLEAR
321.749,robot_0,EV_move_forward,EV_path_clear,CLEAR
321.980,robot_0,EV_move_forward,EV_path_clear,CLEAR
322.235,robot_0,EV_search_color,EV_path_clear,CLEAR
322.404,robot_0,EV_search_color,EV_path_clear,CLEAR
322.660,robot_0,EV_move_forward,EV_path_clear,CLEAR
322.930,robot_0,EV_move_forward,EV_object_reached|EV_path_clear,CLEAR
323.270,robot_0,EV_search_color,EV_path_clear,CLEAR
323.461,robot_0,EV_search_color,EV_path_clear,CLEAR
323.668,robot_0,EV_search_color,EV_path_clear,CLEAR
323.865,robot_0,EV_search_color,EV_path_clear,CLEAR
324.067,robot_0,EV_move_forward,EV_path_clear,CLEAR
324.395,robot_0,EV_move_forward,EV_path_clear,CLEAR
324.698,robot_0,EV_move_forward,EV_path_clear,CLEAR
324.957,robot_0,EV_search_color,EV_path_clear,CLEAR
325.150,robot_0,EV_move_forward,EV_object_reached|EV_path_clear,CLEAR
325.440,robot_0,EV_search_color,EV_path_clear,CLEAR
325.688,robot_0,EV_move_forward,EV_path_clear,CLEAR
325.970,robot_0,EV_move_forward,EV_path_clear,CLEAR
326.289,robot_0,EV_move_forward,EV_path_clear,CLEAR
326.549,robot_0,EV_search_color,EV_path_clear,CLEAR
326.765,robot_0,EV_move_forward,EV_path_clear,CLEAR
327.007,robot_0,EV_search_color,EV_path_clear,CLEAR
327.207,robot_0,EV_move_forward,EV_path_clear,CLEAR
327.611,robot_0,EV_move_forward,EV_path_clear,CLEAR
327.839,robot_0,EV_search_color,EV_object_reached|EV_path_clear,CLEAR
328.073,robot_0,EV_search_color,EV_path_clear,CLEAR
328.241,robot_0,EV_move_forward,EV_path_clear,CLEAR
328.523,robot_0,EV_move_forward,EV_path_clear,CLEAR
328.748,robot_0,EV_move_forward,EV_path_clear,CLEAR
329.109,robot_0,EV_search_color,EV_path_clear,CLEAR
329.258,robot_0,EV_search_color,EV_path_clear,CLEAR
329.440,robot_0,EV_search_color,EV_path_clear,CLEAR
329.659,robot_0,EV_search_color,EV_path_clear,CLEAR
329.832,robot_0,EV_search_color,EV_object_reached|EV_path_clear,CLEAR
330.055,robot_0,EV_search_color,EV_path_clear,CLEAR
330.231,robot_0,EV_search_color,EV_path_clear,CLEAR
330.383,robot_0,EV_move_forward,EV_path_clear,CLEAR
330.690,robot_0,EV_move_forward,EV_path_clear,CLEAR
330.958,robot_0,EV_search_color,EV_path_clear,CLEAR
331.170,robot_0,EV_search_color,EV_path_clear,CLEAR
331.365,robot_0,EV_move_forward,EV_path_clear,CLEAR
331.636,robot_0,EV_search_color,EV_path_clear,CLEAR
331.877,robot_0,EV_search_color,EV_path_clear,CLEAR
332.026,robot_0,EV_search_color,EV_path_clear,CLEAR
332.191,robot_0,EV_search_color,EV_object_reached|EV_path_clear,CLEAR
332.338,robot_0,EV_search_color,EV_path_clear,CLEAR
332.556,robot_0,EV_search_color,EV_path_clear,CLEAR
332.779,robot_0,EV_move_forward,EV_path_clear,CLEAR
333.063,robot_0,EV_move_forward,EV_path_clear,CLEAR
333.362,robot_0,EV_search_color,EV_path_clear,CLEAR
333.567,robot_0,EV_search_color,EV_path_clear,CLEAR
333.780,robot_0,EV_search_color,EV_path_clear,CLEAR
333.983,robot_0,EV_move_forward,EV_path_clear,CLEAR
334.258,robot_0,EV_move_forward,EV_object_reached|EV_path_clear,CLEAR
334.553,robot_0,EV_search_color,EV_path_clear,CLEAR
334.772,robot_0,EV_search_color,EV_path_clear,CLEAR
334.933,robot_0,EV_move_forward,EV_path_clear,CLEAR
335.169,robot_0,EV_search_color,EV_path_clear,CLEAR
335.354,robot_0,EV_search_color,EV_path_clear,CLEAR
335.576,robot_0,EV_search_color,EV_path_clear,CLEAR
335.731,robot_0,EV_search_color,EV_path_clear,CLEAR
335.935,robot_0,EV_move_forward,EV_path_clear,CLEAR
336.176,robot_0,EV_move_forward,EV_path_clear,CLEAR
336.450,robot_0,EV_move_forward,EV_path_clear,CLEAR
336.706,robot_0,EV_search_color,EV_object_reached|EV_path_clear,CLEAR
336.981,robot_0,EV_move_forward,EV_path_clear,CLEAR
337.245,robot_0,EV_move_forward,EV_path_clear,CLEAR
337.591,robot_0,EV_search_color,EV_path_clear,CLEAR
337.755,robot_0,EV_move_forward,EV_path_clear,CLEAR
338.040,robot_0,EV_search_color,EV_path_clear,CLEAR
338.186,robot_0,EV_move_forward,EV_path_clear,CLEAR
338.445,robot_0,EV_move_forward,EV_path_clear,CLEAR
338.816,robot_0,EV_move_forward,EV_path_clear,CLEAR
339.036,robot_0,EV_search_color,EV_object_reached|EV_path_clear,CLEAR
339.274,robot_0,EV_search_color,EV_path_clear,CLEAR
339.441,robot_0,EV_search_color,EV_path_clear,CLEAR
339.669,robot_0,EV_search_color,EV_path_clear,CLEAR
339.835,robot_0,EV_search_color,EV_path_clear,CLEAR
340.060,robot_0,EV_move_forward,EV_path_clear,CLEAR
340.294,robot_0,EV_search_color,EV_path_clear,CLEAR
340.514,robot_0,EV_search_color,EV_path_clear,CLEAR
340.723,robot_0,EV_move_forward,EV_path_clear,CLEAR
341.107,robot_0,EV_search_color,EV_object_visible|EV_path_clear,CLEAR
341.287,robot_0,EV_search_color,EV_path_clear,CLEAR
341.420,robot_0,EV_move_forward,EV_path_clear,CLEAR
341.725,robot_0,EV_search_color,EV_path_clear,CLEAR
341.979,robot_0,EV_move_forward,EV_path_clear,CLEAR
342.290,robot_0,EV_move_forward,EV_path_clear,CLEAR
342.526,robot_0,EV_search_color,EV_path_clear,CLEAR
342.661,robot_0,EV_search_color,EV_path_clear,CLEAR
342.830,robot_0,EV_search_color,EV_path_clear,CLEAR
343.005,robot_0,EV_search_color,EV_path_clear,CLEAR
343.190,robot_0,EV_search_color,EV_path_clear,CLEAR
343.365,robot_0,EV_move_forward,EV_path_clear,CLEAR
343.665,robot_0,EV_move_forward,EV_object_visible|EV_path_clear,CLEAR
343.959,robot_0,EV_move_forward,EV_path_clear,CLEAR
344.244,robot_0,EV_search_color,EV_path_clear,CLEAR
344.465,robot_0,EV_move_forward,EV_path_clear,CLEAR
344.672,robot_0,EV_search_color,EV_path_clear,CLEAR
344.826,robot_0,EV_move_forward,EV_path_clear,CLEAR
345.063,robot_0,EV_move_forward,EV_path_clear,CLEAR
345.352,robot_0,EV_search_color,EV_path_clear,CLEAR
345.585,robot_0,EV_search_color,EV_path_clear,CLEAR
345.770,robot_0,EV_move_forward,EV_object_visible|EV_path_clear,CLEAR
346.081,robot_0,EV_move_forward,EV_path_clear,CLEAR
346.351,robot_0,EV_search_color,EV_path_clear,CLEAR
346.501,robot_0,EV_search_color,EV_path_clear,CLEAR
346.675,robot_0,EV_move_forward,EV_path_clear,CLEAR
346.969,robot_0,EV_search_color,EV_path_clear,CLEAR
347.146,robot_0,EV_move_forward,EV_path_clear,CLEAR
347.478,robot_0,EV_search_color,EV_path_clear,CLEAR
347.692,robot_0,EV_search_color,EV_path_clear,CLEAR
347.845,robot_0,EV_search_color,EV_path_clear,CLEAR
348.047,robot_0,EV_move_forward,EV_path_clear,CLEAR
348.376,robot_0,EV_move_forward,EV_object_reached|EV_path_clear,CLEAR
348.640,robot_0,EV_search_color,EV_path_clear,CLEAR
348.789,robot_0,EV_search_color,EV_path_clear,CLEAR
348.978,robot_0,EV_move_forward,EV_path_clear,CLEAR
349.279,robot_0,EV_move_forward,EV_path_clear,CLEAR
349.540,robot_0,EV_move_forward,EV_path_clear,CLEAR
349.866,robot_0,EV_move_forward,EV_object_reached|EV_path_clear,CLEAR
350.204,robot_0,EV_search_color,EV_path_clear,CLEAR
350.343,robot_0,EV_move_forward,EV_path_clear,CLEAR
350.670,robot_0,EV_search_color,EV_path_clear,CLEAR
350.838,robot_0,EV_move_forward,EV_path_clear,CLEAR
351.167,robot_0,EV_move_forward,EV_path_clear,CLEAR
351.475,robot_0,EV_move_forward,EV_path_clear,CLEAR
351.795,robot_0,EV_search_color,EV_path_clear,CLEAR
352.043,robot_0,EV_search_color,EV_path_clear,CLEAR
352.270,robot_0,EV_search_color,EV_object_reached|EV_path_clear,CLEAR
352.426,robot_0,EV_move_forward,EV_path_clear,CLEAR
352.656,robot_0,EV_move_forward,EV_path_clear,CLEAR
352.907,robot_0,EV_move_forward,EV_path_clear,CLEAR
353.148,robot_0,EV_search_color,EV_path_clear,CLEAR
353.296,robot_0,EV_move_forward,EV_path_clear,CLEAR
353.576,robot_0,EV_search_color,EV_path_clear,CLEAR
353.725,robot_0,EV_search_color,EV_path_clear,CLEAR
353.968,robot_0,EV_search_color,EV_path_clear,CLEAR
354.126,robot_0,EV_search_color,EV_path_clear,CLEAR
354.289,robot_0,EV_move_forward,EV_object_reached|EV_path_clear,CLEAR
354.538,robot_0,EV_move_forward,EV_path_clear,CLEAR
354.872,robot_0,EV_search_color,EV_path_clear,CLEAR
355.033,robot_0,EV_move_forward,EV_path_clear,CLEAR
355.323,robot_0,EV_search_color,EV_path_clear,CLEAR
355.480,robot_0,EV_move_forward,EV_path_clear,CLEAR
355.775,robot_0,EV_search_color,EV_path_clear,CLEAR
355.965,robot_0,EV_search_color,EV_path_clear,CLEAR
356.173,robot_0,EV_search_color,EV_path_clear,CLEAR
356.392,robot_0,EV_search_color,EV_path_clear,CLEAR
356.521,robot_0,EV_move_forward,EV_path_clear,CLEAR
356.765,robot_0,EV_search_color,EV_object_reached|EV_path_clear,CLEAR
357.011,robot_0,EV_move_forward,EV_path_clear,CLEAR
357.246,robot_0,EV_search_color,EV_path_clear,CLEAR
357.475,robot_0,EV_move_forward,EV_path_clear,CLEAR
357.736,robot_0,EV_search_color,EV_path_clear,CLEAR
357.933,robot_0,EV_move_forward,EV_path_clear,CLEAR
358.164,robot_0,EV_move_forward,EV_path_clear,CLEAR
358.492,robot_0,EV_move_forward,EV_path_clear,CLEAR
358.735,robot_0,EV_move_forward,EV_object_reached|EV_path_clear,CLEAR
359.056,robot_0,EV_move_forward,EV_path_clear,CLEAR
359.376,robot_0,EV_move_forward,EV_path_clear,CLEAR
359.648,robot_0,EV_search_color,EV_path_clear,CLEAR
359.874,robot_0,EV_search_color,EV_path_clear,CLEAR
360.104,robot_0,EV_search_color,EV_path_clear,CLEAR
360.282,robot_0,EV_move_forward,EV_path_clear,CLEAR
360.554,robot_0,EV_move_forward,EV_path_clear,CLEAR
360.876,robot_0,EV_move_forward,EV_path_clear,CLEAR
361.182,robot_0,EV_move_forward,EV_object_reached|EV_path_clear,CLEAR
361.437,robot_0,EV_move_forward,EV_path_clear,CLEAR
361.779,robot_0,EV_move_forward,EV_path_clear,CLEAR
362.071,robot_0,EV_search_color,EV_path_clear,CLEAR
362.281,robot_0,EV_move_forward,EV_path_clear,CLEAR
362.528,robot_0,EV_move_forward,EV_path_clear,CLEAR
362.793,robot_0,EV_move_forward,EV_path_clear,CLEAR
363.033,robot_0,EV_move_forward,EV_path_clear,CLEAR
363.274,robot_0,EV_move_forward,EV_path_clear,CLEAR
363.571,robot_0,EV_move_forward,EV_object_reached|EV_path_clear,CLEAR
363.889,robot_0,EV_search_color,EV_path_clear,CLEAR
364.065,robot_0,EV_search_color,EV_path_clear,CLEAR
364.274,robot_0,EV_move_forward,EV_path_clear,CLEAR
364.557,robot_0,EV_move_forward,EV_path_clear,CLEAR
364.815,robot_0,EV_move_forward,EV_path_clear,CLEAR
365.084,robot_0,EV_move_forward,EV_path_clear,CLEAR
365.387,robot_0,EV_move_forward,EV_path_clear,CLEAR
365.641,robot_0,EV_search_color,EV_object_reached|EV_path_clear,CLEAR
365.826,robot_0,EV_move_forward,EV_path_clear,CLEAR
366.197,robot_0,EV_search_color,EV_path_clear,CLEAR
366.385,robot_0,EV_move_forward,EV_path_clear,CLEAR
366.678,robot_0,EV_move_forward,EV_path_clear,CLEAR
366.958,robot_0,EV_move_forward,EV_path_clear,CLEAR
367.312,robot_0,EV_search_color,EV_path_clear,CLEAR
367.476,robot_0,EV_search_color,EV_path_clear,CLEAR
367.671,robot_0,EV_search_color,EV_path_clear,CLEAR
367.830,robot_0,EV_move_forward,EV_path_clear,CLEAR
368.081,robot_0,EV_move_forward,EV_object_reached|EV_path_clear,CLEAR
368.376,robot_0,EV_search_color,EV_path_clear,CLEAR
368.537,robot_0,EV_search_color,EV_path_clear,CLEAR
368.686,robot_0,EV_move_forward,EV_path_clear,CLEAR
368.933,robot_0,EV_move_forward,EV_path_clear,CLEAR
369.265,robot_0,EV_search_color,EV_path_clear,CLEAR
369.426,robot_0,EV_move_forward,EV_path_clear,CLEAR
369.671,robot_0,EV_move_forward,EV_path_clear,CLEAR
369.945,robot_0,EV_search_color,EV_path_clear,CLEAR
370.190,robot_0,EV_search_color,EV_path_clear,CLEAR
370.330,robot_0,EV_move_forward,EV_object_reached|EV_path_clear,CLEAR
370.624,robot_0,EV_search_color,EV_path_clear,CLEAR
370.882,robot_0,EV_move_forward,EV_path_clear,CLEAR
371.143,robot_0,EV_search_color,EV_path_clear,CLEAR
371.348,robot_0,EV_move_forward,EV_path_clear,CLEAR
371.677,robot_0,EV_search_color,EV_path_clear,CLEAR
371.837,robot_0,EV_move_forward,EV_path_clear,CLEAR
372.091,robot_0,EV_move_forward,EV_path_clear,CLEAR
372.444,robot_0,EV_search_color,EV_path_clear,CLEAR
372.592,robot_0,EV_move_forward,EV_path_clear|EV_object_not_visible,CLEAR
372.849,robot_0,EV_search_color,EV_path_clear,CLEAR
372.998,robot_0,EV_search_color,EV_path_clear,CLEAR
373.133,robot_0,EV_move_forward,EV_path_clear,CLEAR
373.477,robot_0,EV_move_forward,EV_path_clear,CLEAR
373.764,robot_0,EV_search_color,EV_path_clear,CLEAR
373.996,robot_0,EV_search_color,EV_path_clear,CLEAR
374.139,robot_0,EV_search_color,EV_path_clear,CLEAR
374.284,robot_0,EV_rotate_counterclockwise,EV_obstacle_right,RIGHT
374.448,robot_0,EV_rotate_counterclockwise,EV_obstacle_right|EV_object_not_visible,RIGHT
374.676,robot_0,EV_rotate_counterclockwise,EV_obstacle_right,RIGHT
374.862,robot_0,EV_rotate_counterclockwise,EV_obstacle_right,RIGHT
375.055,robot_0,EV_rotate_counterclockwise,EV_obstacle_right,RIGHT
375.247,robot_0,EV_u_turn,EV_obstacle_right,RIGHT
379.174,robot_0,EV_u_turn,EV_obstacle_right|EV_object_not_visible,RIGHT
379.323,robot_0,EV_u_turn,EV_obstacle_right,RIGHT
379.428,robot_0,EV_u_turn,EV_obstacle_right,RIGHT
379.531,robot_0,EV_u_turn,EV_obstacle_right,RIGHT
379.642,robot_0,EV_u_turn,EV_obstacle_right,RIGHT
379.733,robot_0,EV_u_turn,EV_obstacle_right,RIGHT
379.850,robot_0,EV_u_turn,EV_obstacle_right,RIGHT
379.988,robot_0,EV_rotate_counterclockwise,EV_obstacle_right,RIGHT
382.824,robot_0,EV_rotate_counterclockwise,EV_obstacle_right|EV_object_not_visible,RIGHT
383.084,robot_0,EV_move_forward,EV_path_clear,CLEAR
383.329,robot_0,EV_move_forward,EV_path_clear|EV_object_not_visible,CLEAR
383.669,robot_0,EV_move_forward,EV_path_clear,CLEAR
383.979,robot_0,EV_search_color,EV_path_clear,CLEAR
384.139,robot_0,EV_move_forward,EV_path_clear,CLEAR
384.374,robot_0,EV_search_color,EV_path_clear,CLEAR
384.577,robot_0,EV_search_color,EV_path_clear,CLEAR
384.742,robot_0,EV_move_forward,EV_path_clear,CLEAR
384.995,robot_0,EV_search_color,EV_path_clear,CLEAR
385.164,robot_0,EV_move_forward,EV_path_clear,CLEAR
385.477,robot_0,EV_move_forward,EV_path_clear|EV_object_not_visible,CLEAR
385.796,robot_0,EV_move_forward,EV_path_clear,CLEAR
386.070,robot_0,EV_move_forward,EV_path_clear,CLEAR
386.372,robot_0,EV_search_color,EV_path_clear,CLEAR
386.558,robot_0,EV_move_forward,EV_path_clear,CLEAR
386.859,robot_0,EV_move_forward,EV_path_clear,CLEAR
387.089,robot_0,EV_move_forward,EV_path_clear,CLEAR
387.377,robot_0,EV_move_forward,EV_object_reached|EV_path_clear,CLEAR
387.686,robot_0,EV_move_forward,EV_path_clear,CLEAR
387.934,robot_0,EV_move_forward,EV_path_clear,CLEAR
388.289,robot_0,EV_move_forward,EV_path_clear,CLEAR
388.604,robot_0,EV_search_color,EV_path_clear,CLEAR
388.762,robot_0,EV_search_color,EV_path_clear,CLEAR
388.950,robot_0,EV_search_color,EV_path_clear,CLEAR
389.196,robot_0,EV_move_forward,EV_path_clear,CLEAR
389.437,robot_0,EV_search_color,EV_path_clear,CLEAR
389.594,robot_0,EV_search_color,EV_path_clear,CLEAR
389.764,robot_0,EV_search_color,EV_object_reached|EV_path_clear,CLEAR
389.976,robot_0,EV_move_forward,EV_path_clear,CLEAR
390.244,robot_0,EV_move_forward,EV_path_clear,CLEAR
390.495,robot_0,EV_search_color,EV_path_clear,CLEAR
390.676,robot_0,EV_move_forward,EV_path_clear,CLEAR
390.945,robot_0,EV_move_forward,EV_path_clear,CLEAR
391.282,robot_0,EV_move_forward,EV_path_clear,CLEAR
391.616,robot_0,EV_move_forward,EV_path_clear,CLEAR
391.844,robot_0,EV_search_color,EV_path_clear,CLEAR
392.082,robot_0,EV_search_color,EV_path_clear,CLEAR
392.260,robot_0,EV_search_color,EV_object_reached|EV_path_clear,CLEAR
392.446,robot_0,EV_move_forward,EV_path_clear,CLEAR
392.673,robot_0,EV_move_forward,EV_path_clear,CLEAR
392.886,robot_0,EV_search_color,EV_path_clear,CLEAR
393.037,robot_0,EV_search_color,EV_path_clear,CLEAR
393.287,robot_0,EV_move_forward,EV_path_clear,CLEAR
393.551,robot_0,EV_search_color,EV_path_clear,CLEAR
393.743,robot_0,EV_search_color,EV_path_clear,CLEAR
393.942,robot_0,EV_move_forward,EV_path_clear,CLEAR
394.175,robot_0,EV_move_forward,EV_path_clear,CLEAR
394.441,robot_0,EV_move_forward,EV_path_clear,CLEAR
394.665,robot_0,EV_search_color,EV_object_reached|EV_path_clear,CLEAR
394.835,robot_0,EV_move_forward,EV_path_clear,CLEAR
395.084,robot_0,EV_search_color,EV_path_clear,CLEAR
395.240,robot_0,EV_search_color,EV_path_clear,CLEAR
395.454,robot_0,EV_move_forward,EV_path_clear,CLEAR
395.671,robot_0,EV_move_forward,EV_path_clear,CLEAR
395.932,robot_0,EV_search_color,EV_path_clear,CLEAR
396.156,robot_0,EV_move_forward,EV_path_clear,CLEAR
396.437,robot_0,EV_search_color,EV_path_clear,CLEAR
396.671,robot_0,EV_search_color,EV_path_clear,CLEAR
396.832,robot_0,EV_move_forward,EV_path_clear,CLEAR
397.060,robot_0,EV_move_forward,EV_object_reached|EV_path_clear,CLEAR
397.374,robot_0,EV_search_color,EV_path_clear,CLEAR
397.560,robot_0,EV_move_forward,EV_path_clear,CLEAR
397.852,robot_0,EV_search_color,EV_path_clear,CLEAR
398.036,robot_0,EV_search_color,EV_path_clear,CLEAR
398.263,robot_0,EV_search_color,EV_path_clear,CLEAR
398.464,robot_0,EV_search_color,EV_path_clear,CLEAR
398.638,robot_0,EV_move_forward,EV_path_clear,CLEAR
398.883,robot_0,EV_move_forward,EV_path_clear,CLEAR
399.171,robot_0,EV_move_forward,EV_object_reached|EV_path_clear,CLEAR
399.438,robot_0,EV_search_color,EV_path_clear,CLEAR
399.633,robot_0,EV_search_color,EV_path_clear,CLEAR
399.770,robot_0,EV_search_color,EV_path_clear,CLEAR
399.961,robot_0,EV_move_forward,EV_path_clear,CLEAR
400.179,robot_0,EV_move_forward,EV_path_clear,CLEAR
400.454,robot_0,EV_search_color,EV_path_clear,CLEAR
400.643,robot_0,EV_search_color,EV_path_clear,CLEAR
400.887,robot_0,EV_move_forward,EV_path_clear,CLEAR
401.128,robot_0,EV_search_color,EV_path_clear,CLEAR
401.378,robot_0,EV_move_forward,EV_path_clear,CLEAR
401.653,robot_0,EV_move_forward,EV_object_reached|EV_path_clear,CLEAR
401.976,robot_0,EV_move_forward,EV_path_clear,CLEAR
402.294,robot_0,EV_move_forward,EV_path_clear,CLEAR
402.536,robot_0,EV_search_color,EV_path_clear,CLEAR
402.758,robot_0,EV_move_forward,EV_path_clear,CLEAR
402.982,robot_0,EV_move_forward,EV_path_clear,CLEAR
403.277,robot_0,EV_move_forward,EV_path_clear,CLEAR
403.545,robot_0,EV_move_forward,EV_path_clear,CLEAR
403.889,robot_0,EV_search_color,EV_object_reached|EV_path_clear,CLEAR
404.098,robot_0,EV_search_color,EV_path_clear,CLEAR
404.269,robot_0,EV_search_color,EV_path_clear,CLEAR
404.433,robot_0,EV_move_forward,EV_path_clear,CLEAR
404.751,robot_0,EV_move_forward,EV_path_clear,CLEAR
404.977,robot_0,EV_search_color,EV_path_clear,CLEAR
405.178,robot_0,EV_search_color,EV_path_clear,CLEAR
405.345,robot_0,EV_move_forward,EV_path_clear,CLEAR
405.588,robot_0,EV_move_forward,EV_path_clear,CLEAR
405.856,robot_0,EV_move_forward,EV_object_reached|EV_path_clear,CLEAR
406.123,robot_0,EV_search_color,EV_path_clear,CLEAR
406.378,robot_0,EV_move_forward,EV_path_clear,CLEAR
406.655,robot_0,EV_search_color,EV_path_clear,CLEAR
406.855,robot_0,EV_search_color,EV_path_clear,CLEAR
407.045,robot_0,EV_move_forward,EV_path_clear,CLEAR
407.341,robot_0,EV_search_color,EV_path_clear,CLEAR
407.545,robot_0,EV_search_color,EV_path_clear,CLEAR
407.745,robot_0,EV_move_forward,EV_path_clear,CLEAR
408.060,robot_0,EV_move_forward,EV_path_clear,CLEAR
408.381,robot_0,EV_move_forward,EV_object_reached|EV_path_clear,CLEAR
408.668,robot_0,EV_move_forward,EV_path_clear,CLEAR
408.929,robot_0,EV_move_forward,EV_path_clear,CLEAR
409.236,robot_0,EV_search_color,EV_path_clear,CLEAR
409.372,robot_0,EV_move_forward,EV_path_clear,CLEAR
409.667,robot_0,EV_move_forward,EV_path_clear,CLEAR
409.957,robot_0,EV_search_color,EV_path_clear,CLEAR
410.169,robot_0,EV_move_forward,EV_path_clear,CLEAR
410.446,robot_0,EV_search_color,EV_object_reached|EV_path_clear,CLEAR
410.668,robot_0,EV_search_color,EV_path_clear,CLEAR
410.840,robot_0,EV_move_forward,EV_path_clear,CLEAR
411.057,robot_0,EV_move_forward,EV_path_clear,CLEAR
411.372,robot_0,EV_search_color,EV_path_clear,CLEAR
411.560,robot_0,EV_move_forward,EV_path_clear,CLEAR
411.846,robot_0,EV_search_color,EV_path_clear,CLEAR
411.995,robot_0,EV_search_color,EV_path_clear,CLEAR
412.152,robot_0,EV_move_forward,EV_path_clear,CLEAR
412.461,robot_0,EV_search_color,EV_object_reached|EV_path_clear,CLEAR
412.669,robot_0,EV_move_forward,EV_path_clear,CLEAR
412.969,robot_0,EV_move_forward,EV_path_clear,CLEAR
413.259,robot_0,EV_move_forward,EV_path_clear,CLEAR
413.546,robot_0,EV_search_color,EV_path_clear,CLEAR
413.807,robot_0,EV_search_color,EV_path_clear,CLEAR
413.947,robot_0,EV_search_color,EV_path_clear,CLEAR
414.180,robot_0,EV_move_forward,EV_path_clear,CLEAR
414.489,robot_0,EV_move_forward,EV_path_clear,CLEAR
414.796,robot_0,EV_move_forward,EV_object_reached|EV_path_clear,CLEAR
415.077,robot_0,EV_move_forward,EV_path_clear,CLEAR
415.339,robot_0,EV_move_forward,EV_path_clear,CLEAR
415.630,robot_0,EV_search_color,EV_path_clear,CLEAR
415.793,robot_0,EV_search_color,EV_path_clear,CLEAR
415.936,robot_0,EV_move_forward,EV_path_clear,CLEAR
416.177,robot_0,EV_move_forward,EV_path_clear,CLEAR
416.495,robot_0,EV_move_forward,EV_path_clear,CLEAR
416.747,robot_0,EV_move_forward,EV_path_clear,CLEAR
416.989,robot_0,EV_move_forward,EV_object_reached|EV_path_clear,CLEAR
417.272,robot_0,EV_move_forward,EV_path_clear,CLEAR
417.550,robot_0,EV_move_forward,EV_path_clear,CLEAR
417.884,robot_0,EV_move_forward,EV_path_clear,CLEAR
418.180,robot_0,EV_search_color,EV_path_clear,CLEAR
418.347,robot_0,EV_move_forward,EV_path_clear,CLEAR
418.570,robot_0,EV_search_color,EV_path_clear,CLEAR
418.727,robot_0,EV_search_color,EV_path_clear,CLEAR
418.924,robot_0,EV_search_color,EV_path_clear,CLEAR
419.183,robot_0,EV_search_color,EV_object_reached|EV_path_clear,CLEAR
419.326,robot_0,EV_search_color,EV_path_clear,CLEAR
419.557,robot_0,EV_move_forward,EV_path_clear,CLEAR
419.883,robot_0,EV_move_forward,EV_path_clear,CLEAR
420.132,robot_0,EV_move_forward,EV_path_clear,CLEAR
420.455,robot_0,EV_search_color,EV_path_clear,CLEAR
420.647,robot_0,EV_move_forward,EV_path_clear,CLEAR
420.877,robot_0,EV_search_color,EV_path_clear,CLEAR
421.056,robot_0,EV_move_forward,EV_path_clear,CLEAR
421.370,robot_0,EV_move_forward,EV_object_reached|EV_path_clear,CLEAR
421.675,robot_0,EV_search_color,EV_path_clear,CLEAR
421.840,robot_0,EV_search_color,EV_path_clear,CLEAR
421.967,robot_0,EV_search_color,EV_path_clear,CLEAR
422.134,robot_0,EV_search_color,EV_path_clear,CLEAR
422.399,robot_0,EV_move_forward,EV_path_clear,CLEAR
422.705,robot_0,EV_move_forward,EV_path_clear,CLEAR
422.962,robot_0,EV_move_forward,EV_path_clear,CLEAR
423.272,robot_0,EV_search_color,EV_path_clear,CLEAR
423.427,robot_0,EV_move_forward,EV_path_clear,CLEAR
423.679,robot_0,EV_move_forward,EV_object_reached|EV_path_clear,CLEAR
424.033,robot_0,EV_search_color,EV_path_clear,CLEAR
424.228,robot_0,EV_search_color,EV_path_clear,CLEAR
424.418,robot_0,EV_move_forward,EV_path_clear,CLEAR
424.661,robot_0,EV_search_color,EV_path_clear,CLEAR
424.892,robot_0,EV_search_color,EV_path_clear,CLEAR
425.145,robot_0,EV_move_forward,EV_path_clear,CLEAR
425.383,robot_0,EV_search_color,EV_path_clear,CLEAR
425.506,robot_0,EV_search_color,EV_path_clear,CLEAR
425.692,robot_0,EV_move_forward,EV_path_clear,CLEAR
426.024,robot_0,EV_move_forward,EV_path_clear,CLEAR
426.294,robot_0,EV_move_forward,EV_path_clear,CLEAR
426.603,robot_0,EV_search_color,EV_path_clear,CLEAR
426.815,robot_0,EV_search_color,EV_path_clear,CLEAR
427.082,robot_0,EV_search_color,EV_object_reached|EV_path_clear,CLEAR
427.249,robot_0,EV_move_forward,EV_path_clear,CLEAR
427.503,robot_0,EV_search_color,EV_path_clear,CLEAR
427.637,robot_0,EV_search_color,EV_path_clear,CLEAR
427.789,robot_0,EV_search_color,EV_path_clear,CLEAR
427.969,robot_0,EV_search_color,EV_path_clear,CLEAR
428.151,robot_0,EV_move_forward,EV_path_clear,CLEAR
428.458,robot_0,EV_search_color,EV_path_clear,CLEAR
428.662,robot_0,EV_move_forward,EV_path_clear,CLEAR
428.982,robot_0,EV_search_color,EV_path_clear,CLEAR
429.193,robot_0,EV_search_color,EV_path_clear,CLEAR
429.349,robot_0,EV_search_color,EV_path_clear,CLEAR
429.536,robot_0,EV_search_color,EV_path_clear,CLEAR
429.729,robot_0,EV_search_color,EV_path_clear,CLEAR
429.865,robot_0,EV_move_forward,EV_object_reached|EV_path_clear,CLEAR
430.174,robot_0,EV_search_color,EV_path_clear,CLEAR
430.365,robot_0,EV_move_forward,EV_path_clear,CLEAR
430.666,robot_0,EV_search_color,EV_path_clear,CLEAR
430.851,robot_0,EV_search_color,EV_path_clear,CLEAR
430.988,robot_0,EV_move_forward,EV_path_clear,CLEAR
431.234,robot_0,EV_move_forward,EV_path_clear,CLEAR
431.577,robot_0,EV_search_color,EV_path_clear,CLEAR
431.746,robot_0,EV_move_forward,EV_path_clear,CLEAR
432.060,robot_0,EV_move_forward,EV_path_clear,CLEAR
432.337,robot_0,EV_move_forward,EV_object_reached|EV_path_clear,CLEAR
432.636,robot_0,EV_move_forward,EV_path_clear,CLEAR
432.929,robot_0,EV_search_color,EV_path_clear,CLEAR
433.051,robot_0,EV_search_color,EV_path_clear,CLEAR
433.275,robot_0,EV_search_color,EV_path_clear,CLEAR
433.484,robot_0,EV_search_color,EV_path_clear,CLEAR
433.672,robot_0,EV_search_color,EV_path_clear,CLEAR
433.870,robot_0,EV_move_forward,EV_path_clear,CLEAR
434.181,robot_0,EV_search_color,EV_path_clear,CLEAR
434.330,robot_0,EV_search_color,EV_path_clear,CLEAR
434.595,robot_0,EV_u_turn,EV_obstacle_right,RIGHT
438.368,robot_0,EV_search_color,EV_object_reached|EV_path_clear,CLEAR
438.535,robot_0,EV_search_color,EV_path_clear,CLEAR
438.695,robot_0,EV_search_color,EV_path_clear,CLEAR
438.899,robot_0,EV_search_color,EV_path_clear,CLEAR
439.072,robot_0,EV_search_color,EV_path_clear,CLEAR
439.265,robot_0,EV_search_color,EV_path_clear,CLEAR
439.427,robot_0,EV_search_color,EV_path_clear,CLEAR
439.582,robot_0,EV_search_color,EV_object_reached|EV_path_clear,CLEAR
439.741,robot_0,EV_search_color,EV_path_clear,CLEAR
439.950,robot_0,EV_move_forward,EV_path_clear,CLEAR
440.246,robot_0,EV_move_forward,EV_path_clear,CLEAR
440.559,robot_0,EV_move_forward,EV_path_clear,CLEAR
440.788,robot_0,EV_move_forward,EV_path_clear,CLEAR
441.036,robot_0,EV_search_color,EV_path_clear,CLEAR
441.243,robot_0,EV_move_forward,EV_path_clear,CLEAR
441.559,robot_0,EV_search_color,EV_path_clear,CLEAR
441.750,robot_0,EV_search_color,EV_object_reached|EV_path_clear,CLEAR
442.012,robot_0,EV_search_color,EV_path_clear,CLEAR
442.147,robot_0,EV_move_forward,EV_path_clear,CLEAR
442.447,robot_0,EV_search_color,EV_path_clear,CLEAR
442.662,robot_0,EV_search_color,EV_path_clear,CLEAR
442.823,robot_0,EV_search_color,EV_path_clear,CLEAR
443.022,robot_0,EV_move_forward,EV_path_clear,CLEAR
443.252,robot_0,EV_move_forward,EV_path_clear,CLEAR
443.556,robot_0,EV_move_forward,EV_path_clear,CLEAR
443.839,robot_0,EV_move_forward,EV_path_clear,CLEAR
444.176,robot_0,EV_move_forward,EV_object_reached|EV_path_clear,CLEAR
444.404,robot_0,EV_search_color,EV_path_clear,CLEAR
444.562,robot_0,EV_move_forward,EV_path_clear,CLEAR
444.881,robot_0,EV_search_color,EV_path_clear,CLEAR
445.073,robot_0,EV_search_color,EV_path_clear,CLEAR
445.245,robot_0,EV_move_forward,EV_path_clear,CLEAR
445.570,robot_0,EV_move_forward,EV_path_clear,CLEAR
445.868,robot_0,EV_search_color,EV_path_clear,CLEAR
446.025,robot_0,EV_search_color,EV_path_clear,CLEAR
446.174,robot_0,EV_search_color,EV_path_clear,CLEAR
446.384,robot_0,EV_search_color,EV_object_reached|EV_path_clear,CLEAR
446.544,robot_0,EV_search_color,EV_path_clear,CLEAR
446.779,robot_0,EV_move_forward,EV_path_clear,CLEAR
447.046,robot_0,EV_search_color,EV_path_clear,CLEAR
447.227,robot_0,EV_move_forward,EV_path_clear,CLEAR
447.464,robot_0,EV_move_forward,EV_path_clear,CLEAR
447.760,robot_0,EV_search_color,EV_path_clear,CLEAR
447.954,robot_0,EV_search_color,EV_path_clear,CLEAR
448.155,robot_0,EV_search_color,EV_path_clear,CLEAR
448.373,robot_0,EV_move_forward,EV_object_reached|EV_path_clear,CLEAR
448.649,robot_0,EV_move_forward,EV_path_clear,CLEAR
448.949,robot_0,EV_search_color,EV_path_clear,CLEAR
449.168,robot_0,EV_search_color,EV_path_clear,CLEAR
449.359,robot_0,EV_search_color,EV_path_clear,CLEAR
449.578,robot_0,EV_search_color,EV_path_clear,CLEAR
449.741,robot_0,EV_move_forward,EV_path_clear,CLEAR
450.042,robot_0,EV_move_forward,EV_path_clear,CLEAR
450.402,robot_0,EV_search_color,EV_path_clear,CLEAR
450.546,robot_0,EV_move_forward,EV_object_reached|EV_path_clear,CLEAR
450.839,robot_0,EV_search_color,EV_path_clear,CLEAR
451.047,robot_0,EV_search_color,EV_path_clear,CLEAR
451.194,robot_0,EV_move_forward,EV_path_clear,CLEAR
451.503,robot_0,EV_move_forward,EV_path_clear,CLEAR
451.730,robot_0,EV_move_forward,EV_path_clear,CLEAR
452.038,robot_0,EV_search_color,EV_path_clear,CLEAR
452.172,robot_0,EV_search_color,EV_path_clear,CLEAR
452.346,robot_0,EV_move_forward,EV_path_clear,CLEAR
452.646,robot_0,EV_move_forward,EV_object_reached|EV_path_clear,CLEAR
452.984,robot_0,EV_move_forward,EV_path_clear,CLEAR
453.249,robot_0,EV_move_forward,EV_path_clear,CLEAR
453.511,robot_0,EV_move_forward,EV_path_clear,CLEAR
453.772,robot_0,EV_move_forward,EV_path_clear,CLEAR
454.033,robot_0,EV_move_forward,EV_path_clear,CLEAR
454.365,robot_0,EV_search_color,EV_path_clear,CLEAR
454.485,robot_0,EV_move_forward,EV_path_clear,CLEAR
454.753,robot_0,EV_move_forward,EV_object_reached|EV_path_clear,CLEAR
455.085,robot_0,EV_search_color,EV_path_clear,CLEAR
455.227,robot_0,EV_search_color,EV_path_clear,CLEAR
455.357,robot_0,EV_search_color,EV_path_clear,CLEAR
455.536,robot_0,EV_move_forward,EV_path_clear,CLEAR
455.880,robot_0,EV_search_color,EV_path_clear,CLEAR
456.082,robot_0,EV_search_color,EV_path_clear,CLEAR
456.247,robot_0,EV_search_color,EV_path_clear,CLEAR
456.461,robot_0,EV_move_forward,EV_path_clear,CLEAR
456.729,robot_0,EV_search_color,EV_path_clear,CLEAR
456.964,robot_0,EV_move_forward,EV_object_reached|EV_path_clear,CLEAR
457.226,robot_0,EV_move_forward,EV_path_clear,CLEAR
457.442,robot_0,EV_move_forward,EV_path_clear,CLEAR
457.762,robot_0,EV_search_color,EV_path_clear,CLEAR
457.943,robot_0,EV_move_forward,EV_path_clear,CLEAR
458.242,robot_0,EV_search_color,EV_path_clear,CLEAR
458.427,robot_0,EV_move_forward,EV_path_clear,CLEAR
458.679,robot_0,EV_move_forward,EV_path_clear,CLEAR
458.927,robot_0,EV_move_forward,EV_object_reached|EV_path_clear,CLEAR
459.287,robot_0,EV_search_color,EV_path_clear,CLEAR
459.461,robot_0,EV_search_color,EV_path_clear,CLEAR
459.631,robot_0,EV_search_color,EV_path_clear,CLEAR
459.864,robot_0,EV_search_color,EV_path_clear,CLEAR
459.976,robot_0,EV_move_forward,EV_path_clear,CLEAR
460.230,robot_0,EV_move_forward,EV_path_clear,CLEAR
460.483,robot_0,EV_search_color,EV_path_clear,CLEAR
460.723,robot_0,EV_move_forward,EV_path_clear,CLEAR
460.970,robot_0,EV_search_color,EV_path_clear,CLEAR
461.182,robot_0,EV_search_color,EV_object_reached|EV_path_clear,CLEAR
461.337,robot_0,EV_move_forward,EV_path_clear,CLEAR
461.663,robot_0,EV_move_forward,EV_path_clear,CLEAR
461.962,robot_0,EV_move_forward,EV_path_clear,CLEAR
462.267,robot_0,EV_search_color,EV_path_clear,CLEAR
462.471,robot_0,EV_search_color,EV_path_clear,CLEAR
462.673,robot_0,EV_search_color,EV_path_clear,CLEAR
462.850,robot_0,EV_move_forward,EV_path_clear,CLEAR
463.183,robot_0,EV_search_color,EV_path_clear,CLEAR
463.340,robot_0,EV_move_forward,EV_object_reached|EV_path_clear,CLEAR
463.692,robot_0,EV_search_color,EV_path_clear,CLEAR
463.867,robot_0,EV_search_color,EV_path_clear,CLEAR
464.035,robot_0,EV_move_forward,EV_path_clear,CLEAR
464.391,robot_0,EV_search_color,EV_path_clear,CLEAR
464.535,robot_0,EV_search_color,EV_path_clear,CLEAR
464.660,robot_0,EV_move_forward,EV_path_clear,CLEAR
464.945,robot_0,EV_move_forward,EV_path_clear,CLEAR
465.210,robot_0,EV_move_forward,EV_path_clear,CLEAR
465.442,robot_0,EV_search_color,EV_path_clear,CLEAR
465.647,robot_0,EV_search_color,EV_object_reached|EV_path_clear,CLEAR
465.874,robot_0,EV_search_color,EV_path_clear,CLEAR
466.074,robot_0,EV_move_forward,EV_path_clear,CLEAR
466.328,robot_0,EV_search_color,EV_path_clear,CLEAR
466.523,robot_0,EV_search_color,EV_path_clear,CLEAR
466.768,robot_0,EV_search_color,EV_path_clear,CLEAR
467.022,robot_0,EV_search_color,EV_path_clear,CLEAR
467.296,robot_0,EV_search_color,EV_path_clear,CLEAR
467.449,robot_0,EV_move_forward,EV_path_clear,CLEAR
467.778,robot_0,EV_move_forward,EV_path_clear,CLEAR
468.030,robot_0,EV_move_forward,EV_object_reached|EV_path_clear,CLEAR
468.292,robot_0,EV_search_color,EV_path_clear,CLEAR
468.449,robot_0,EV_search_color,EV_path_clear,CLEAR
468.666,robot_0,EV_move_forward,EV_path_clear,CLEAR
468.889,robot_0,EV_search_color,EV_path_clear,CLEAR
469.032,robot_0,EV_search_color,EV_path_clear,CLEAR
469.262,robot_0,EV_search_color,EV_path_clear,CLEAR
469.430,robot_0,EV_move_forward,EV_path_clear,CLEAR
469.664,robot_0,EV_search_color,EV_path_clear,CLEAR
469.878,robot_0,EV_move_forward,EV_path_clear,CLEAR
470.146,robot_0,EV_move_forward,EV_path_clear,CLEAR
470.426,robot_0,EV_search_color,EV_object_reached|EV_path_clear,CLEAR
470.682,robot_0,EV_search_color,EV_path_clear,CLEAR
470.829,robot_0,EV_search_color,EV_path_clear,CLEAR
470.978,robot_0,EV_move_forward,EV_path_clear,CLEAR
471.216,robot_0,EV_move_forward,EV_path_clear,CLEAR
471.576,robot_0,EV_search_color,EV_path_clear,CLEAR
471.771,robot_0,EV_move_forward,EV_path_clear,CLEAR
472.103,robot_0,EV_search_color,EV_path_clear,CLEAR
472.287,robot_0,EV_move_forward,EV_path_clear,CLEAR
472.580,robot_0,EV_move_forward,EV_path_clear,CLEAR
472.884,robot_0,EV_search_color,EV_object_reached|EV_path_clear,CLEAR
473.063,robot_0,EV_move_forward,EV_path_clear,CLEAR
473.296,robot_0,EV_search_color,EV_path_clear,CLEAR
473.449,robot_0,EV_search_color,EV_path_clear,CLEAR
473.572,robot_0,EV_search_color,EV_path_clear,CLEAR
473.760,robot_0,EV_search_color,EV_path_clear,CLEAR
473.922,robot_0,EV_move_forward,EV_path_clear,CLEAR
474.157,robot_0,EV_move_forward,EV_path_clear,CLEAR
474.410,robot_0,EV_search_color,EV_path_clear,CLEAR
474.579,robot_0,EV_move_forward,EV_path_clear,CLEAR
474.881,robot_0,EV_search_color,EV_path_clear,CLEAR
475.050,robot_0,EV_search_color,EV_object_reached|EV_path_clear,CLEAR
475.235,robot_0,EV_move_forward,EV_path_clear,CLEAR
475.523,robot_0,EV_move_forward,EV_path_clear,CLEAR
475.793,robot_0,EV_move_forward,EV_path_clear,CLEAR
476.088,robot_0,EV_search_color,EV_path_clear,CLEAR
476.295,robot_0,EV_move_forward,EV_path_clear,CLEAR
476.591,robot_0,EV_search_color,EV_path_clear,CLEAR
476.775,robot_0,EV_search_color,EV_path_clear,CLEAR
476.966,robot_0,EV_move_forward,EV_path_clear,CLEAR
477.267,robot_0,EV_search_color,EV_path_clear,CLEAR
477.475,robot_0,EV_search_color,EV_object_reached|EV_path_clear,CLEAR
477.656,robot_0,EV_search_color,EV_path_clear,CLEAR
477.889,robot_0,EV_move_forward,EV_path_clear,CLEAR
478.140,robot_0,EV_search_color,EV_path_clear,CLEAR
478.372,robot_0,EV_move_forward,EV_path_clear,CLEAR
478.647,robot_0,EV_search_color,EV_path_clear,CLEAR
478.813,robot_0,EV_move_forward,EV_path_clear,CLEAR
479.087,robot_0,EV_move_forward,EV_path_clear,CLEAR
479.379,robot_0,EV_search_color,EV_path_clear,CLEAR
479.553,robot_0,EV_move_forward,EV_path_clear,CLEAR
479.863,robot_0,EV_search_color,EV_object_reached|EV_path_clear,CLEAR
480.034,robot_0,EV_search_color,EV_path_clear,CLEAR
480.263,robot_0,EV_search_color,EV_path_clear,CLEAR
480.455,robot_0,EV_search_color,EV_path_clear,CLEAR
480.655,robot_0,EV_move_forward,EV_path_clear,CLEAR
480.944,robot_0,EV_search_color,EV_path_clear,CLEAR
481.200,robot_0,EV_move_forward,EV_path_clear,CLEAR
481.434,robot_0,EV_search_color,EV_path_clear,CLEAR
481.595,robot_0,EV_search_color,EV_path_clear,CLEAR
481.812,robot_0,EV_search_color,EV_path_clear,CLEAR
481.998,robot_0,EV_search_color,EV_path_clear,CLEAR
482.181,robot_0,EV_move_forward,EV_object_reached|EV_path_clear,CLEAR
482.425,robot_0,EV_move_forward,EV_path_clear,CLEAR
482.649,robot_0,EV_search_color,EV_path_clear,CLEAR
482.791,robot_0,EV_search_color,EV_path_clear,CLEAR
482.969,robot_0,EV_move_forward,EV_path_clear,CLEAR
483.244,robot_0,EV_move_forward,EV_path_clear,CLEAR
483.524,robot_0,EV_search_color,EV_path_clear,CLEAR
483.697,robot_0,EV_search_color,EV_path_clear,CLEAR
483.862,robot_0,EV_move_forward,EV_path_clear,CLEAR
484.174,robot_0,EV_move_forward,EV_object_reached|EV_path_clear,CLEAR
484.471,robot_0,EV_search_color,EV_path_clear,CLEAR
484.630,robot_0,EV_move_forward,EV_path_clear,CLEAR
484.891,robot_0,EV_move_forward,EV_path_clear,CLEAR
485.135,robot_0,EV_move_forward,EV_path_clear,CLEAR
485.476,robot_0,EV_move_forward,EV_path_clear,CLEAR
485.745,robot_0,EV_search_color,EV_path_clear,CLEAR
485.927,robot_0,EV_search_color,EV_path_clear,CLEAR
486.146,robot_0,EV_move_forward,EV_path_clear,CLEAR
486.372,robot_0,EV_search_color,EV_path_clear,CLEAR
486.538,robot_0,EV_search_color,EV_object_reached|EV_path_clear,CLEAR
486.803,robot_0,EV_search_color,EV_path_clear,CLEAR
486.931,robot_0,EV_move_forward,EV_path_clear,CLEAR
487.266,robot_0,EV_search_color,EV_path_clear,CLEAR
487.461,robot_0,EV_search_color,EV_path_clear,CLEAR
487.626,robot_0,EV_search_color,EV_path_clear,CLEAR
487.873,robot_0,EV_move_forward,EV_path_clear,CLEAR
488.139,robot_0,EV_search_color,EV_path_clear,CLEAR
488.402,robot_0,EV_search_color,EV_path_clear,CLEAR
488.533,robot_0,EV_search_color,EV_path_clear,CLEAR
488.743,robot_0,EV_search_color,EV_path_clear,CLEAR
488.937,robot_0,EV_search_color,EV_object_reached|EV_path_clear,CLEAR
489.082,robot_0,EV_search_color,EV_path_clear,CLEAR
489.275,robot_0,EV_search_color,EV_path_clear,CLEAR
489.450,robot_0,EV_move_forward,EV_path_clear,CLEAR
489.681,robot_0,EV_move_forward,EV_path_clear,CLEAR
489.952,robot_0,EV_search_color,EV_path_clear,CLEAR
490.131,robot_0,EV_search_color,EV_path_clear,CLEAR
490.289,robot_0,EV_search_color,EV_path_clear,CLEAR
490.427,robot_0,EV_move_forward,EV_path_clear,CLEAR
490.675,robot_0,EV_search_color,EV_path_clear,CLEAR
490.867,robot_0,EV_search_color,EV_path_clear,CLEAR
491.036,robot_0,EV_search_color,EV_path_clear,CLEAR
491.278,robot_0,EV_move_forward,EV_object_reached|EV_path_clear,CLEAR
491.571,robot_0,EV_search_color,EV_path_clear,CLEAR
491.728,robot_0,EV_search_color,EV_path_clear,CLEAR
491.964,robot_0,EV_move_forward,EV_path_clear,CLEAR
492.288,robot_0,EV_move_forward,EV_path_clear,CLEAR
492.554,robot_0,EV_search_color,EV_path_clear,CLEAR
492.689,robot_0,EV_move_forward,EV_path_clear,CLEAR
492.945,robot_0,EV_move_forward,EV_path_clear,CLEAR
493.171,robot_0,EV_move_forward,EV_path_clear,CLEAR
493.423,robot_0,EV_search_color,EV_object_reached|EV_path_clear,CLEAR
493.667,robot_0,EV_search_color,EV_path_clear,CLEAR
493.823,robot_0,EV_search_color,EV_path_clear,CLEAR
493.987,robot_0,EV_search_color,EV_path_clear,CLEAR
494.132,robot_0,EV_search_color,EV_path_clear,CLEAR
494.298,robot_0,EV_search_color,EV_path_clear,CLEAR
494.475,robot_0,EV_move_forward,EV_path_clear,CLEAR
494.701,robot_0,EV_move_forward,EV_path_clear,CLEAR
494.936,robot_0,EV_move_forward,EV_path_clear,CLEAR
495.179,robot_0,EV_search_color,EV_path_clear,CLEAR
495.378,robot_0,EV_search_color,EV_path_clear,CLEAR
495.566,robot_0,EV_move_forward,EV_path_clear,CLEAR
495.829,robot_0,EV_move_forward,EV_path_clear,CLEAR
496.159,robot_0,EV_move_forward,EV_object_reached|EV_path_clear,CLEAR
496.398,robot_0,EV_move_forward,EV_path_clear,CLEAR
496.661,robot_0,EV_search_color,EV_path_clear,CLEAR
496.876,robot_0,EV_move_forward,EV_path_clear,CLEAR
497.174,robot_0,EV_search_color,EV_path_clear,CLEAR
497.349,robot_0,EV_move_forward,EV_path_clear,CLEAR
497.666,robot_0,EV_search_color,EV_path_clear,CLEAR
497.828,robot_0,EV_move_forward,EV_path_clear,CLEAR
498.073,robot_0,EV_search_color,EV_path_clear,CLEAR
498.267,robot_0,EV_search_color,EV_object_reached|EV_path_clear,CLEAR
498.498,robot_0,EV_search_color,EV_path_clear,CLEAR
498.666,robot_0,EV_search_color,EV_path_clear,CLEAR
498.894,robot_0,EV_search_color,EV_path_clear,CLEAR
499.030,robot_0,EV_move_forward,EV_path_clear,CLEAR
499.384,robot_0,EV_move_forward,EV_path_clear,CLEAR
499.678,robot_0,EV_move_forward,EV_path_clear,CLEAR
499.986,robot_0,EV_search_color,EV_path_clear,CLEAR
500.123,robot_0,EV_move_forward,EV_path_clear,CLEAR
500.445,robot_0,EV_move_forward,EV_path_clear,CLEAR
500.713,robot_0,EV_move_forward,EV_path_clear,CLEAR
500.941,robot_0,EV_search_color,EV_path_clear,CLEAR
501.125,robot_0,EV_search_color,EV_object_reached|EV_path_clear,CLEAR
501.299,robot_0,EV_move_forward,EV_path_clear,CLEAR
501.556,robot_0,EV_search_color,EV_path_clear,CLEAR
501.688,robot_0,EV_move_forward,EV_path_clear,CLEAR
501.977,robot_0,EV_move_forward,EV_path_clear,CLEAR
502.244,robot_0,EV_move_forward,EV_path_clear,CLEAR
502.535,robot_0,EV_search_color,EV_path_clear,CLEAR
502.739,robot_0,EV_search_color,EV_path_clear,CLEAR
502.936,robot_0,EV_move_forward,EV_path_clear,CLEAR
503.186,robot_0,EV_search_color,EV_path_clear,CLEAR
503.367,robot_0,EV_search_color,EV_path_clear,CLEAR
503.524,robot_0,EV_search_color,EV_path_clear,CLEAR
503.677,robot_0,EV_search_color,EV_object_reached|EV_path_clear,CLEAR
503.893,robot_0,EV_move_forward,EV_path_clear,CLEAR
504.172,robot_0,EV_move_forward,EV_path_clear,CLEAR
504.456,robot_0,EV_search_color,EV_path_clear,CLEAR
504.693,robot_0,EV_search_color,EV_path_clear,CLEAR
504.829,robot_0,EV_search_color,EV_path_clear,CLEAR
505.069,robot_0,EV_search_color,EV_path_clear,CLEAR
505.293,robot_0,EV_search_color,EV_path_clear,CLEAR
505.493,robot_0,EV_move_forward,EV_path_clear,CLEAR
505.798,robot_0,EV_search_color,EV_path_clear,CLEAR
505.964,robot_0,EV_search_color,EV_object_reached|EV_path_clear,CLEAR
506.195,robot_0,EV_search_color,EV_path_clear,CLEAR
506.336,robot_0,EV_search_color,EV_path_clear,CLEAR
506.489,robot_0,EV_search_color,EV_path_clear,CLEAR
506.654,robot_0,EV_move_forward,EV_path_clear,CLEAR
506.993,robot_0,EV_move_forward,EV_path_clear,CLEAR
507.265,robot_0,EV_search_color,EV_path_clear,CLEAR
507.433,robot_0,EV_search_color,EV_path_clear,CLEAR
507.623,robot_0,EV_move_forward,EV_path_clear,CLEAR
507.869,robot_0,EV_move_forward,EV_path_clear,CLEAR
508.185,robot_0,EV_search_color,EV_object_reached|EV_path_clear,CLEAR
508.364,robot_0,EV_search_color,EV_path_clear,CLEAR
508.580,robot_0,EV_search_color,EV_path_clear,CLEAR
508.741,robot_0,EV_move_forward,EV_path_clear,CLEAR
509.072,robot_0,EV_search_color,EV_path_clear,CLEAR
509.267,robot_0,EV_move_forward,EV_path_clear,CLEAR
509.562,robot_0,EV_move_forward,EV_path_clear,CLEAR
509.896,robot_0,EV_move_forward,EV_path_clear,CLEAR
510.136,robot_0,EV_search_color,EV_path_clear,CLEAR
510.268,robot_0,EV_search_color,EV_path_clear,CLEAR
510.427,robot_0,EV_move_forward,EV_object_reached|EV_path_clear,CLEAR
510.679,robot_0,EV_move_forward,EV_path_clear,CLEAR
510.982,robot_0,EV_move_forward,EV_path_clear,CLEAR
511.261,robot_0,EV_move_forward,EV_path_clear,CLEAR
511.564,robot_0,EV_move_forward,EV_path_clear,CLEAR
511.833,robot_0,EV_move_forward,EV_path_clear,CLEAR
512.099,robot_0,EV_search_color,EV_path_clear,CLEAR
512.263,robot_0,EV_search_color,EV_path_clear,CLEAR
512.476,robot_0,EV_search_color,EV_path_clear,CLEAR
512.645,robot_0,EV_search_color,EV_object_reached|EV_path_clear,CLEAR
512.824,robot_0,EV_move_forward,EV_path_clear,CLEAR
513.176,robot_0,EV_move_forward,EV_path_clear,CLEAR
513.481,robot_0,EV_move_forward,EV_path_clear,CLEAR
513.731,robot_0,EV_move_forward,EV_path_clear,CLEAR
513.967,robot_0,EV_move_forward,EV_path_clear,CLEAR
514.275,robot_0,EV_search_color,EV_path_clear,CLEAR
514.444,robot_0,EV_search_color,EV_path_clear,CLEAR
514.566,robot_0,EV_search_color,EV_path_clear,CLEAR
514.742,robot_0,EV_search_color,EV_object_reached|EV_path_clear,CLEAR
514.924,robot_0,EV_move_forward,EV_path_clear,CLEAR
515.281,robot_0,EV_search_color,EV_path_clear,CLEAR
515.432,robot_0,EV_move_forward,EV_path_clear,CLEAR
515.768,robot_0,EV_move_forward,EV_path_clear,CLEAR
516.042,robot_0,EV_search_color,EV_path_clear,CLEAR
516.304,robot_0,EV_search_color,EV_path_clear,CLEAR
516.432,robot_0,EV_move_forward,EV_path_clear,CLEAR
516.744,robot_0,EV_search_color,EV_object_reached|EV_path_clear,CLEAR
516.934,robot_0,EV_search_color,EV_path_clear,CLEAR
517.150,robot_0,EV_move_forward,EV_path_clear,CLEAR
517.398,robot_0,EV_move_forward,EV_path_clear,CLEAR
517.635,robot_0,EV_search_color,EV_path_clear,CLEAR
517.864,robot_0,EV_search_color,EV_path_clear,CLEAR
518.068,robot_0,EV_search_color,EV_path_clear,CLEAR
518.240,robot_0,EV_search_color,EV_path_clear,CLEAR
518.443,robot_0,EV_move_forward,EV_path_clear,CLEAR
518.799,robot_0,EV_search_color,EV_path_clear,CLEAR
518.976,robot_0,EV_move_forward,EV_path_clear,CLEAR
519.272,robot_0,EV_move_forward,EV_object_reached|EV_path_clear,CLEAR
519.567,robot_0,EV_move_forward,EV_path_clear,CLEAR
519.787,robot_0,EV_move_forward,EV_path_clear,CLEAR
520.117,robot_0,EV_search_color,EV_path_clear,CLEAR
520.269,robot_0,EV_search_color,EV_path_clear,CLEAR
520.422,robot_0,EV_search_color,EV_path_clear,CLEAR
520.646,robot_0,EV_move_forward,EV_path_clear,CLEAR
520.966,robot_0,EV_search_color,EV_path_clear,CLEAR
521.179,robot_0,EV_search_color,EV_path_clear,CLEAR
521.367,robot_0,EV_search_color,EV_path_clear,CLEAR
521.551,robot_0,EV_search_color,EV_object_reached|EV_path_clear,CLEAR
521.723,robot_0,EV_move_forward,EV_path_clear,CLEAR
521.973,robot_0,EV_move_forward,EV_path_clear,CLEAR
522.248,robot_0,EV_move_forward,EV_path_clear,CLEAR
522.635,robot_0,EV_search_color,EV_path_clear,CLEAR
522.779,robot_0,EV_move_forward,EV_path_clear,CLEAR
523.106,robot_0,EV_search_color,EV_path_clear,CLEAR
523.314,robot_0,EV_move_forward,EV_path_clear,CLEAR
523.545,robot_0,EV_search_color,EV_path_clear,CLEAR
523.669,robot_0,EV_search_color,EV_path_clear,CLEAR
523.861,robot_0,EV_move_forward,EV_path_clear,CLEAR
524.098,robot_0,EV_move_forward,EV_path_clear,CLEAR
524.327,robot_0,EV_move_forward,EV_object_reached|EV_path_clear,CLEAR
524.587,robot_0,EV_move_forward,EV_path_clear,CLEAR
524.865,robot_0,EV_move_forward,EV_path_clear,CLEAR
525.151,robot_0,EV_move_forward,EV_path_clear,CLEAR
525.469,robot_0,EV_move_forward,EV_path_clear,CLEAR
525.747,robot_0,EV_search_color,EV_path_clear,CLEAR
525.961,robot_0,EV_move_forward,EV_path_clear,CLEAR
526.192,robot_0,EV_move_forward,EV_path_clear,CLEAR
526.463,robot_0,EV_move_forward,EV_path_clear,CLEAR
526.750,robot_0,EV_move_forward,EV_object_reached|EV_path_clear,CLEAR
527.056,robot_0,EV_move_forward,EV_path_clear,CLEAR
527.398,robot_0,EV_search_color,EV_path_clear,CLEAR
527.535,robot_0,EV_move_forward,EV_path_clear,CLEAR
527.805,robot_0,EV_move_forward,EV_path_clear,CLEAR
528.219,robot_0,EV_move_forward,EV_path_clear,CLEAR
528.567,robot_0,EV_search_color,EV_path_clear,CLEAR
528.779,robot_0,EV_move_forward,EV_path_clear,CLEAR
529.021,robot_0,EV_search_color,EV_path_clear,CLEAR
529.194,robot_0,EV_move_forward,EV_path_clear,CLEAR
529.457,robot_0,EV_search_color,EV_path_clear,CLEAR
529.632,robot_0,EV_move_forward,EV_object_reached|EV_path_clear,CLEAR
529.950,robot_0,EV_move_forward,EV_path_clear,CLEAR
530.227,robot_0,EV_search_color,EV_path_clear,CLEAR
530.481,robot_0,EV_move_forward,EV_path_clear,CLEAR
530.753,robot_0,EV_search_color,EV_path_clear,CLEAR
530.875,robot_0,EV_search_color,EV_path_clear,CLEAR
531.071,robot_0,EV_move_forward,EV_path_clear,CLEAR
531.344,robot_0,EV_move_forward,EV_path_clear,CLEAR
531.653,robot_0,EV_move_forward,EV_path_clear,CLEAR
531.960,robot_0,EV_move_forward,EV_path_clear,CLEAR
532.205,robot_0,EV_move_forward,EV_object_reached|EV_path_clear,CLEAR
532.460,robot_0,EV_move_forward,EV_path_clear,CLEAR
532.783,robot_0,EV_move_forward,EV_path_clear,CLEAR
533.025,robot_0,EV_search_color,EV_path_clear,CLEAR
533.214,robot_0,EV_search_color,EV_path_clear,CLEAR
533.349,robot_0,EV_move_forward,EV_path_clear,CLEAR
533.667,robot_0,EV_search_color,EV_path_clear,CLEAR
533.837,robot_0,EV_move_forward,EV_path_clear,CLEAR
534.166,robot_0,EV_move_forward,EV_path_clear,CLEAR
534.457,robot_0,EV_search_color,EV_object_visible|EV_path_clear,CLEAR
534.695,robot_0,EV_move_forward,EV_path_clear,CLEAR
534.937,robot_0,EV_move_forward,EV_path_clear,CLEAR
535.170,robot_0,EV_move_forward,EV_path_clear,CLEAR
535.434,robot_0,EV_move_forward,EV_path_clear,CLEAR
535.662,robot_0,EV_search_color,EV_path_clear,CLEAR
535.831,robot_0,EV_search_color,EV_path_clear,CLEAR
535.994,robot_0,EV_search_color,EV_path_clear,CLEAR
536.188,robot_0,EV_search_color,EV_path_clear,CLEAR
536.347,robot_0,EV_search_color,EV_path_clear,CLEAR
536.536,robot_0,EV_move_forward,EV_path_clear,CLEAR
536.837,robot_0,EV_search_color,EV_object_visible|EV_path_clear,CLEAR
537.053,robot_0,EV_search_color,EV_path_clear,CLEAR
537.181,robot_0,EV_move_forward,EV_path_clear,CLEAR
537.449,robot_0,EV_search_color,EV_path_clear,CLEAR
537.635,robot_0,EV_move_forward,EV_path_clear,CLEAR
537.986,robot_0,EV_move_forward,EV_path_clear,CLEAR
538.245,robot_0,EV_search_color,EV_path_clear,CLEAR
538.430,robot_0,EV_move_forward,EV_path_clear,CLEAR
538.672,robot_0,EV_search_color,EV_path_clear,CLEAR
538.892,robot_0,EV_search_color,EV_object_visible|EV_path_clear,CLEAR
539.067,robot_0,EV_move_forward,EV_path_clear,CLEAR
539.289,robot_0,EV_search_color,EV_path_clear,CLEAR
539.453,robot_0,EV_search_color,EV_path_clear,CLEAR
539.658,robot_0,EV_move_forward,EV_path_clear,CLEAR
539.892,robot_0,EV_move_forward,EV_path_clear,CLEAR
540.153,robot_0,EV_move_forward,EV_path_clear,CLEAR
540.430,robot_0,EV_move_forward,EV_path_clear,CLEAR
540.695,robot_0,EV_search_color,EV_path_clear,CLEAR
540.840,robot_0,EV_move_forward,EV_object_visible|EV_path_clear,CLEAR
541.167,robot_0,EV_move_forward,EV_path_clear,CLEAR
541.442,robot_0,EV_search_color,EV_path_clear,CLEAR
541.660,robot_0,EV_search_color,EV_path_clear,CLEAR
541.833,robot_0,EV_move_forward,EV_path_clear,CLEAR
542.156,robot_0,EV_move_forward,EV_path_clear,CLEAR
542.463,robot_0,EV_search_color,EV_path_clear,CLEAR
542.658,robot_0,EV_search_color,EV_path_clear,CLEAR
542.924,robot_0,EV_search_color,EV_object_visible|EV_path_clear,CLEAR
543.096,robot_0,EV_search_color,EV_path_clear,CLEAR
543.291,robot_0,EV_move_forward,EV_path_clear,CLEAR
543.569,robot_0,EV_search_color,EV_path_clear,CLEAR
543.765,robot_0,EV_search_color,EV_path_clear,CLEAR
543.937,robot_0,EV_search_color,EV_path_clear,CLEAR
544.073,robot_0,EV_move_forward,EV_path_clear,CLEAR
544.391,robot_0,EV_search_color,EV_path_clear,CLEAR
544.580,robot_0,EV_move_forward,EV_path_clear,CLEAR
544.968,robot_0,EV_search_color,EV_path_clear,CLEAR
545.151,robot_0,EV_search_color,EV_path_clear,CLEAR
545.351,robot_0,EV_move_forward,EV_object_visible|EV_path_clear,CLEAR
545.666,robot_0,EV_search_color,EV_path_clear,CLEAR
545.875,robot_0,EV_search_color,EV_path_clear,CLEAR
546.037,robot_0,EV_move_forward,EV_path_clear,CLEAR
546.268,robot_0,EV_move_forward,EV_path_clear,CLEAR
546.555,robot_0,EV_move_forward,EV_path_clear,CLEAR
546.855,robot_0,EV_move_forward,EV_path_clear,CLEAR
547.151,robot_0,EV_move_forward,EV_path_clear,CLEAR
547.460,robot_0,EV_move_forward,EV_object_visible|EV_path_clear,CLEAR
547.752,robot_0,EV_move_forward,EV_path_clear,CLEAR
548.056,robot_0,EV_search_color,EV_path_clear,CLEAR
548.279,robot_0,EV_search_color,EV_path_clear,CLEAR
548.501,robot_0,EV_move_forward,EV_path_clear,CLEAR
548.780,robot_0,EV_move_forward,EV_path_clear,CLEAR
549.036,robot_0,EV_move_forward,EV_path_clear,CLEAR
549.300,robot_0,EV_move_forward,EV_path_clear,CLEAR
549.557,robot_0,EV_search_color,EV_object_reached|EV_path_clear,CLEAR
549.795,robot_0,EV_move_forward,EV_path_clear,CLEAR
550.039,robot_0,EV_search_color,EV_path_clear,CLEAR
550.231,robot_0,EV_move_forward,EV_path_clear,CLEAR
550.487,robot_0,EV_search_color,EV_path_clear,CLEAR
550.626,robot_0,EV_move_forward,EV_path_clear,CLEAR
550.860,robot_0,EV_move_forward,EV_path_clear,CLEAR
551.135,robot_0,EV_search_color,EV_path_clear,CLEAR
551.379,robot_0,EV_search_color,EV_path_clear,CLEAR
551.569,robot_0,EV_move_forward,EV_path_clear,CLEAR
551.844,robot_0,EV_move_forward,EV_object_reached|EV_path_clear,CLEAR
552.160,robot_0,EV_move_forward,EV_path_clear,CLEAR
552.470,robot_0,EV_move_forward,EV_path_clear,CLEAR
552.688,robot_0,EV_search_color,EV_path_clear,CLEAR
552.846,robot_0,EV_search_color,EV_path_clear,CLEAR
553.029,robot_0,EV_move_forward,EV_path_clear,CLEAR
553.350,robot_0,EV_search_color,EV_path_clear,CLEAR
553.572,robot_0,EV_search_color,EV_path_clear,CLEAR
553.735,robot_0,EV_search_color,EV_path_clear,CLEAR
553.938,robot_0,EV_move_forward,EV_path_clear,CLEAR
554.281,robot_0,EV_search_color,EV_object_reached|EV_path_clear,CLEAR
554.483,robot_0,EV_move_forward,EV_path_clear,CLEAR
554.747,robot_0,EV_move_forward,EV_path_clear,CLEAR
555.053,robot_0,EV_move_forward,EV_path_clear,CLEAR
555.357,robot_0,EV_search_color,EV_path_clear,CLEAR
555.521,robot_0,EV_move_forward,EV_path_clear,CLEAR
555.779,robot_0,EV_search_color,EV_path_clear,CLEAR
555.964,robot_0,EV_search_color,EV_path_clear,CLEAR
556.187,robot_0,EV_search_color,EV_path_clear,CLEAR
556.379,robot_0,EV_search_color,EV_object_reached|EV_path_clear,CLEAR
556.592,robot_0,EV_search_color,EV_path_clear,CLEAR
556.763,robot_0,EV_search_color,EV_path_clear,CLEAR
556.930,robot_0,EV_search_color,EV_path_clear,CLEAR
557.147,robot_0,EV_move_forward,EV_path_clear,CLEAR
557.370,robot_0,EV_search_color,EV_path_clear,CLEAR
557.596,robot_0,EV_search_color,EV_path_clear,CLEAR
557.777,robot_0,EV_search_color,EV_path_clear,CLEAR
557.930,robot_0,EV_search_color,EV_path_clear,CLEAR
558.068,robot_0,EV_move_forward,EV_path_clear,CLEAR
558.355,robot_0,EV_move_forward,EV_path_clear,CLEAR
558.683,robot_0,EV_move_forward,EV_object_reached|EV_path_clear,CLEAR
558.950,robot_0,EV_search_color,EV_path_clear,CLEAR
559.146,robot_0,EV_move_forward,EV_path_clear,CLEAR
559.370,robot_0,EV_search_color,EV_path_clear,CLEAR
559.560,robot_0,EV_move_forward,EV_path_clear,CLEAR
559.844,robot_0,EV_search_color,EV_path_clear,CLEAR
560.036,robot_0,EV_search_color,EV_path_clear,CLEAR
560.177,robot_0,EV_move_forward,EV_path_clear,CLEAR
560.395,robot_0,EV_search_color,EV_path_clear,CLEAR
560.528,robot_0,EV_search_color,EV_path_clear,CLEAR
560.670,robot_0,EV_move_forward,EV_object_reached|EV_path_clear,CLEAR
560.976,robot_0,EV_move_forward,EV_path_clear,CLEAR
561.275,robot_0,EV_move_forward,EV_path_clear,CLEAR
561.546,robot_0,EV_search_color,EV_path_clear,CLEAR
561.738,robot_0,EV_move_forward,EV_path_clear,CLEAR
562.066,robot_0,EV_search_color,EV_path_clear,CLEAR
562.262,robot_0,EV_move_forward,EV_path_clear,CLEAR
562.524,robot_0,EV_search_color,EV_object_reached|EV_path_clear,CLEAR
562.637,robot_0,EV_move_forward,EV_path_clear,CLEAR
562.929,robot_0,EV_move_forward,EV_path_clear,CLEAR
563.261,robot_0,EV_search_color,EV_path_clear,CLEAR
563.386,robot_0,EV_search_color,EV_path_clear,CLEAR
563.539,robot_0,EV_move_forward,EV_path_clear,CLEAR
563.841,robot_0,EV_search_color,EV_path_clear,CLEAR
563.965,robot_0,EV_move_forward,EV_path_clear,CLEAR
564.242,robot_0,EV_search_color,EV_path_clear,CLEAR
564.441,robot_0,EV_move_forward,EV_object_reached|EV_path_clear,CLEAR
564.672,robot_0,EV_move_forward,EV_path_clear,CLEAR
564.957,robot_0,EV_move_forward,EV_path_clear,CLEAR
565.273,robot_0,EV_search_color,EV_path_clear,CLEAR
565.469,robot_0,EV_search_color,EV_path_clear,CLEAR
565.675,robot_0,EV_search_color,EV_path_clear,CLEAR
565.831,robot_0,EV_move_forward,EV_path_clear,CLEAR
566.170,robot_0,EV_move_forward,EV_path_clear,CLEAR
566.459,robot_0,EV_move_forward,EV_path_clear,CLEAR
566.753,robot_0,EV_search_color,EV_object_reached|EV_path_clear,CLEAR
566.954,robot_0,EV_move_forward,EV_path_clear,CLEAR
567.297,robot_0,EV_search_color,EV_path_clear,CLEAR
567.424,robot_0,EV_search_color,EV_path_clear,CLEAR
567.590,robot_0,EV_search_color,EV_path_clear,CLEAR
567.747,robot_0,EV_search_color,EV_path_clear,CLEAR
567.882,robot_0,EV_search_color,EV_path_clear,CLEAR
568.098,robot_0,EV_search_color,EV_path_clear,CLEAR
568.233,robot_0,EV_search_color,EV_path_clear,CLEAR
568.373,robot_0,EV_search_color,EV_path_clear,CLEAR
568.554,robot_0,EV_search_color,EV_object_reached|EV_path_clear,CLEAR
568.733,robot_0,EV_search_color,EV_path_clear,CLEAR
568.876,robot_0,EV_move_forward,EV_path_clear,CLEAR
569.161,robot_0,EV_move_forward,EV_path_clear,CLEAR
569.446,robot_0,EV_move_forward,EV_path_clear,CLEAR
569.688,robot_0,EV_move_forward,EV_path_clear,CLEAR
569.966,robot_0,EV_search_color,EV_path_clear,CLEAR
570.189,robot_0,EV_search_color,EV_path_clear,CLEAR
570.353,robot_0,EV_search_color,EV_path_clear,CLEAR
570.579,robot_0,EV_search_color,EV_object_reached|EV_path_clear,CLEAR
570.754,robot_0,EV_move_forward,EV_path_clear,CLEAR
571.061,robot_0,EV_move_forward,EV_path_clear,CLEAR
571.367,robot_0,EV_move_forward,EV_path_clear,CLEAR
571.674,robot_0,EV_search_color,EV_path_clear,CLEAR
571.900,robot_0,EV_search_color,EV_path_clear,CLEAR
572.057,robot_0,EV_move_forward,EV_path_clear,CLEAR
572.303,robot_0,EV_move_forward,EV_path_clear,CLEAR
572.589,robot_0,EV_search_color,EV_object_reached|EV_path_clear,CLEAR
572.776,robot_0,EV_move_forward,EV_path_clear,CLEAR
573.053,robot_0,EV_search_color,EV_path_clear,CLEAR
573.283,robot_0,EV_move_forward,EV_path_clear,CLEAR
573.568,robot_0,EV_search_color,EV_path_clear,CLEAR
573.803,robot_0,EV_search_color,EV_path_clear,CLEAR
573.983,robot_0,EV_search_color,EV_path_clear,CLEAR
574.162,robot_0,EV_move_forward,EV_path_clear,CLEAR
574.431,robot_0,EV_move_forward,EV_path_clear,CLEAR
574.667,robot_0,EV_move_forward,EV_path_clear,CLEAR
574.932,robot_0,EV_search_color,EV_object_reached|EV_path_clear,CLEAR
575.195,robot_0,EV_search_color,EV_path_clear,CLEAR
575.382,robot_0,EV_search_color,EV_path_clear,CLEAR
575.558,robot_0,EV_move_forward,EV_path_clear,CLEAR
575.832,robot_0,EV_move_forward,EV_path_clear,CLEAR
576.054,robot_0,EV_move_forward,EV_path_clear,CLEAR
576.326,robot_0,EV_search_color,EV_path_clear,CLEAR
576.434,robot_0,EV_move_forward,EV_path_clear,CLEAR
576.670,robot_0,EV_search_color,EV_path_clear,CLEAR
576.807,robot_0,EV_move_forward,EV_path_clear,CLEAR
577.030,robot_0,EV_search_color,EV_path_clear,CLEAR
